AR,RISK,R/R,Sharpe,MDD,Total Return
-4.667434527238325,0.22469430657776437,-20.772375581412316,-20.772375581412316,-1.0,-1.0
