AUM,max_ratio,mean_ratio,p95_ratio,warning_days,critical_days,cost_adjusted_ir
100000000,36274.642354622745,46.95228356765523,706.4299336067664,3999,3999,-7.223038410917546
500000000,181373.21177311373,234.76141783827615,3532.1496680338328,3999,3999,-12.837162949616694
1000000000,362746.42354622745,469.5228356765523,7064.2993360676655,3999,3999,-14.347661378734445
3000000000,1088239.2706386824,1408.5685070296568,21192.898008202996,3999,3999,-15.79543731354758
5000000000,1813732.1177311374,2347.6141783827616,35321.49668033833,3999,3999,-16.20196084834553
10000000000,3627464.235462275,4695.228356765523,70642.99336067666,3999,3999,-16.585524227409085
