,pnl_mean,sharpe
gross,1.3314824947779431,8.004743768132512
low,1.1315685825349877,6.8032809221199315
base,0.7317407580490772,4.398034649683719
high,0.1319990213202111,0.7921385583665095
