Method,Tertile,Mean Return (Ann),Realized Vol (Ann),Realized IR,PnL Correlation,Count
Full Sample Quantile Split,Low,0.7634487036222792,0.1158138212854665,6.59203448386764,0.07132935385930514,483
Full Sample Quantile Split,Medium,1.1440459531744633,0.13285741697414705,8.61108080550057,0.11610431991185786,482
Full Sample Quantile Split,High,2.1765568610452144,0.18819075217215303,11.565695104157642,0.23513256026970583,482
Rolling 252d Quantile Split,Low,0.6433406791151233,0.12337735422760616,5.214414615572728,-0.03722461548436968,429
Rolling 252d Quantile Split,Medium,1.4094200568461581,0.1426598772338712,9.879582712212827,0.1652383714759026,660
Rolling 252d Quantile Split,High,2.1314689705156247,0.18624732218886825,11.444293241189053,0.4109656693470951,358
