[
  {
    "cell": null,
    "code": "I001",
    "end_location": {
      "column": 25,
      "row": 10
    },
    "filename": "/Users/shonen/leadlag/scripts/capture_v2_baseline.py",
    "fix": {
      "applicability": "safe",
      "edits": [
        {
          "content": "from __future__ import annotations\n\nimport json\nimport sys\nfrom pathlib import Path\n\nfrom leadlag.data.pit_lake import PITDataLake\n\n",
          "end_location": {
            "column": 1,
            "row": 12
          },
          "location": {
            "column": 1,
            "row": 4
          }
        }
      ],
      "message": "Organize imports"
    },
    "location": {
      "column": 1,
      "row": 4
    },
    "message": "Import block is un-sorted or un-formatted",
    "name": "unsorted-imports",
    "noqa_row": 4,
    "severity": "error",
    "url": "https://docs.astral.sh/ruff/rules/unsorted-imports"
  },
  {
    "cell": null,
    "code": "I001",
    "end_location": {
      "column": 49,
      "row": 42
    },
    "filename": "/Users/shonen/leadlag/src/research/backtest_common.py",
    "fix": {
      "applicability": "safe",
      "edits": [
        {
          "content": "from __future__ import annotations\n\nimport time\nfrom collections.abc import Callable\nfrom dataclasses import dataclass\nfrom pathlib import Path\n\nimport numpy as np\nimport pandas as pd\nimport yaml\nfrom scipy import stats\n\nfrom leadlag.core.pnl import simulate_daily_pnl\nfrom leadlag.data.fetcher import download_data\nfrom leadlag.data.intraday_inputs import compute_jp_target_returns\nfrom leadlag.data.market_data_cache import load_df_exec_from_local_cache\nfrom leadlag.data.preprocessor import preprocess_data\nfrom leadlag.data.tickers import JP_TICKERS\nfrom leadlag.reporting.metrics import calculate_metrics\nfrom research.backtest_v1 import run_v1_backtest\n\n",
          "end_location": {
            "column": 1,
            "row": 44
          },
          "location": {
            "column": 1,
            "row": 23
          }
        }
      ],
      "message": "Organize imports"
    },
    "location": {
      "column": 1,
      "row": 23
    },
    "message": "Import block is un-sorted or un-formatted",
    "name": "unsorted-imports",
    "noqa_row": 23,
    "severity": "error",
    "url": "https://docs.astral.sh/ruff/rules/unsorted-imports"
  },
  {
    "cell": null,
    "code": "I001",
    "end_location": {
      "column": 56,
      "row": 26
    },
    "filename": "/Users/shonen/leadlag/src/research/diagnostics/gap_inputs.py",
    "fix": {
      "applicability": "safe",
      "edits": [
        {
          "content": "from __future__ import annotations\n\nimport logging\nimport math\nfrom collections.abc import Mapping\nfrom dataclasses import dataclass\nfrom typing import Any\n\nimport numpy as np\nimport pandas as pd\n\nfrom leadlag.broker.tachibana.session_cache import save_current_prices_cache\nfrom leadlag.data.fetcher import download_data\nfrom leadlag.data.market_data_cache import is_df_exec_cache_valid, load_df_exec_from_local_cache\nfrom leadlag.data.preprocessor import preprocess_data\nfrom leadlag.data.tickers import TOPIX_TICKER, US_TICKERS\nfrom leadlag.domain.inputs import HistoricalInputs\nfrom leadlag.utils.timestamps import normalize_jst_date\n\n",
          "end_location": {
            "column": 1,
            "row": 28
          },
          "location": {
            "column": 1,
            "row": 9
          }
        }
      ],
      "message": "Organize imports"
    },
    "location": {
      "column": 1,
      "row": 9
    },
    "message": "Import block is un-sorted or un-formatted",
    "name": "unsorted-imports",
    "noqa_row": 9,
    "severity": "error",
    "url": "https://docs.astral.sh/ruff/rules/unsorted-imports"
  },
  {
    "cell": null,
    "code": "I001",
    "end_location": {
      "column": 2,
      "row": 24
    },
    "filename": "/Users/shonen/leadlag/src/research/diagnostics/sprint0.py",
    "fix": {
      "applicability": "safe",
      "edits": [
        {
          "content": "from __future__ import annotations\n\nimport copy\nimport glob\nimport logging\nimport os\n\nimport numpy as np\nimport pandas as pd\nimport scipy.stats as stats\n\nfrom leadlag.data.fetcher import _yf_download_with_timeout\nfrom leadlag.data.intraday_inputs import compute_jp_target_returns\nfrom leadlag.data.market_data_cache import load_df_exec_from_local_cache, load_intraday_cache\nfrom leadlag.data.tickers import JP_TICKERS\nfrom research.models.sector_relative_ensemble_blp_enhanced import (\n    SectorRelativeEnsembleBLPEnhancedModel,\n)\n\n",
          "end_location": {
            "column": 1,
            "row": 26
          },
          "location": {
            "column": 1,
            "row": 7
          }
        }
      ],
      "message": "Organize imports"
    },
    "location": {
      "column": 1,
      "row": 7
    },
    "message": "Import block is un-sorted or un-formatted",
    "name": "unsorted-imports",
    "noqa_row": 7,
    "severity": "error",
    "url": "https://docs.astral.sh/ruff/rules/unsorted-imports"
  },
  {
    "cell": null,
    "code": "I001",
    "end_location": {
      "column": 2,
      "row": 22
    },
    "filename": "/Users/shonen/leadlag/src/research/diagnostics/sprint0_qa.py",
    "fix": {
      "applicability": "safe",
      "edits": [
        {
          "content": "from __future__ import annotations\n\nimport logging\nimport os\n\nimport numpy as np\nimport pandas as pd\nimport scipy.stats as stats\n\nfrom leadlag.data.fetcher import _yf_download_with_timeout\nfrom leadlag.data.market_data_cache import load_df_exec_from_local_cache, load_intraday_cache\nfrom leadlag.data.tickers import JP_TICKERS\nfrom research.diagnostics.sprint0 import (\n    find_latest_distribution_diagnostics,\n    run_sprint0_calculations,\n)\n\n",
          "end_location": {
            "column": 1,
            "row": 24
          },
          "location": {
            "column": 1,
            "row": 7
          }
        }
      ],
      "message": "Organize imports"
    },
    "location": {
      "column": 1,
      "row": 7
    },
    "message": "Import block is un-sorted or un-formatted",
    "name": "unsorted-imports",
    "noqa_row": 7,
    "severity": "error",
    "url": "https://docs.astral.sh/ruff/rules/unsorted-imports"
  },
  {
    "cell": null,
    "code": "UP015",
    "end_location": {
      "column": 32,
      "row": 33
    },
    "filename": "/Users/shonen/leadlag/src/research/experiments/subsector/taxonomy_map.py",
    "fix": {
      "applicability": "safe",
      "edits": [
        {
          "content": "",
          "end_location": {
            "column": 32,
            "row": 33
          },
          "location": {
            "column": 27,
            "row": 33
          }
        }
      ],
      "message": "Remove mode argument"
    },
    "location": {
      "column": 29,
      "row": 33
    },
    "message": "Unnecessary mode argument",
    "name": "redundant-open-modes",
    "noqa_row": 33,
    "severity": "error",
    "url": "https://docs.astral.sh/ruff/rules/redundant-open-modes"
  },
  {
    "cell": null,
    "code": "F401",
    "end_location": {
      "column": 12,
      "row": 5
    },
    "filename": "/Users/shonen/leadlag/src/research/scripts/experiments/_build_98_aggregation_matrix.py",
    "fix": {
      "applicability": "safe",
      "edits": [
        {
          "content": "",
          "end_location": {
            "column": 1,
            "row": 6
          },
          "location": {
            "column": 1,
            "row": 5
          }
        }
      ],
      "message": "Remove unused import: `json`"
    },
    "location": {
      "column": 8,
      "row": 5
    },
    "message": "`json` imported but unused",
    "name": "unused-import",
    "noqa_row": 5,
    "severity": "error",
    "url": "https://docs.astral.sh/ruff/rules/unused-import"
  },
  {
    "cell": null,
    "code": "UP015",
    "end_location": {
      "column": 74,
      "row": 18
    },
    "filename": "/Users/shonen/leadlag/src/research/scripts/experiments/_build_98_aggregation_matrix.py",
    "fix": {
      "applicability": "safe",
      "edits": [
        {
          "content": "",
          "end_location": {
            "column": 74,
            "row": 18
          },
          "location": {
            "column": 69,
            "row": 18
          }
        }
      ],
      "message": "Remove mode argument"
    },
    "location": {
      "column": 71,
      "row": 18
    },
    "message": "Unnecessary mode argument",
    "name": "redundant-open-modes",
    "noqa_row": 18,
    "severity": "error",
    "url": "https://docs.astral.sh/ruff/rules/redundant-open-modes"
  },
  {
    "cell": null,
    "code": "UP015",
    "end_location": {
      "column": 85,
      "row": 17
    },
    "filename": "/Users/shonen/leadlag/src/research/scripts/experiments/_check_alignment.py",
    "fix": {
      "applicability": "safe",
      "edits": [
        {
          "content": "",
          "end_location": {
            "column": 85,
            "row": 17
          },
          "location": {
            "column": 80,
            "row": 17
          }
        }
      ],
      "message": "Remove mode argument"
    },
    "location": {
      "column": 82,
      "row": 17
    },
    "message": "Unnecessary mode argument",
    "name": "redundant-open-modes",
    "noqa_row": 17,
    "severity": "error",
    "url": "https://docs.astral.sh/ruff/rules/redundant-open-modes"
  },
  {
    "cell": null,
    "code": "F401",
    "end_location": {
      "column": 20,
      "row": 14
    },
    "filename": "/Users/shonen/leadlag/src/research/scripts/experiments/_check_sensitivity_labels.py",
    "fix": {
      "applicability": "safe",
      "edits": [
        {
          "content": "",
          "end_location": {
            "column": 1,
            "row": 15
          },
          "location": {
            "column": 1,
            "row": 14
          }
        }
      ],
      "message": "Remove unused import: `pandas`"
    },
    "location": {
      "column": 18,
      "row": 14
    },
    "message": "`pandas` imported but unused",
    "name": "unused-import",
    "noqa_row": 14,
    "severity": "error",
    "url": "https://docs.astral.sh/ruff/rules/unused-import"
  },
  {
    "cell": null,
    "code": "UP015",
    "end_location": {
      "column": 83,
      "row": 31
    },
    "filename": "/Users/shonen/leadlag/src/research/scripts/experiments/_check_sensitivity_labels.py",
    "fix": {
      "applicability": "safe",
      "edits": [
        {
          "content": "",
          "end_location": {
            "column": 83,
            "row": 31
          },
          "location": {
            "column": 78,
            "row": 31
          }
        }
      ],
      "message": "Remove mode argument"
    },
    "location": {
      "column": 80,
      "row": 31
    },
    "message": "Unnecessary mode argument",
    "name": "redundant-open-modes",
    "noqa_row": 31,
    "severity": "error",
    "url": "https://docs.astral.sh/ruff/rules/redundant-open-modes"
  },
  {
    "cell": null,
    "code": "UP015",
    "end_location": {
      "column": 82,
      "row": 9
    },
    "filename": "/Users/shonen/leadlag/src/research/scripts/experiments/_debug_1629.py",
    "fix": {
      "applicability": "safe",
      "edits": [
        {
          "content": "",
          "end_location": {
            "column": 82,
            "row": 9
          },
          "location": {
            "column": 77,
            "row": 9
          }
        }
      ],
      "message": "Remove mode argument"
    },
    "location": {
      "column": 79,
      "row": 9
    },
    "message": "Unnecessary mode argument",
    "name": "redundant-open-modes",
    "noqa_row": 9,
    "severity": "error",
    "url": "https://docs.astral.sh/ruff/rules/redundant-open-modes"
  },
  {
    "cell": null,
    "code": "F401",
    "end_location": {
      "column": 12,
      "row": 6
    },
    "filename": "/Users/shonen/leadlag/src/research/scripts/experiments/_debug_A.py",
    "fix": {
      "applicability": "safe",
      "edits": [
        {
          "content": "",
          "end_location": {
            "column": 1,
            "row": 7
          },
          "location": {
            "column": 1,
            "row": 6
          }
        }
      ],
      "message": "Remove unused import: `yaml`"
    },
    "location": {
      "column": 8,
      "row": 6
    },
    "message": "`yaml` imported but unused",
    "name": "unused-import",
    "noqa_row": 6,
    "severity": "error",
    "url": "https://docs.astral.sh/ruff/rules/unused-import"
  },
  {
    "cell": null,
    "code": "I001",
    "end_location": {
      "column": 11,
      "row": 10
    },
    "filename": "/Users/shonen/leadlag/src/research/scripts/experiments/_debug_A.py",
    "fix": {
      "applicability": "safe",
      "edits": [
        {
          "content": "import sys\n\n",
          "end_location": {
            "column": 1,
            "row": 11
          },
          "location": {
            "column": 1,
            "row": 10
          }
        }
      ],
      "message": "Organize imports"
    },
    "location": {
      "column": 1,
      "row": 10
    },
    "message": "Import block is un-sorted or un-formatted",
    "name": "unsorted-imports",
    "noqa_row": 10,
    "severity": "error",
    "url": "https://docs.astral.sh/ruff/rules/unsorted-imports"
  },
  {
    "cell": null,
    "code": "I001",
    "end_location": {
      "column": 12,
      "row": 7
    },
    "filename": "/Users/shonen/leadlag/src/research/scripts/experiments/_debug_A2.py",
    "fix": {
      "applicability": "safe",
      "edits": [
        {
          "content": "from pathlib import Path\n\nimport numpy as np\nimport pandas as pd\nimport yaml\n\n",
          "end_location": {
            "column": 1,
            "row": 9
          },
          "location": {
            "column": 1,
            "row": 3
          }
        }
      ],
      "message": "Organize imports"
    },
    "location": {
      "column": 1,
      "row": 3
    },
    "message": "Import block is un-sorted or un-formatted",
    "name": "unsorted-imports",
    "noqa_row": 3,
    "severity": "error",
    "url": "https://docs.astral.sh/ruff/rules/unsorted-imports"
  },
  {
    "cell": null,
    "code": "I001",
    "end_location": {
      "column": 11,
      "row": 10
    },
    "filename": "/Users/shonen/leadlag/src/research/scripts/experiments/_debug_A2.py",
    "fix": {
      "applicability": "safe",
      "edits": [
        {
          "content": "import sys\n\n",
          "end_location": {
            "column": 1,
            "row": 11
          },
          "location": {
            "column": 1,
            "row": 10
          }
        }
      ],
      "message": "Organize imports"
    },
    "location": {
      "column": 1,
      "row": 10
    },
    "message": "Import block is un-sorted or un-formatted",
    "name": "unsorted-imports",
    "noqa_row": 10,
    "severity": "error",
    "url": "https://docs.astral.sh/ruff/rules/unsorted-imports"
  },
  {
    "cell": null,
    "code": "UP015",
    "end_location": {
      "column": 102,
      "row": 13
    },
    "filename": "/Users/shonen/leadlag/src/research/scripts/experiments/_debug_A2.py",
    "fix": {
      "applicability": "safe",
      "edits": [
        {
          "content": "",
          "end_location": {
            "column": 102,
            "row": 13
          },
          "location": {
            "column": 97,
            "row": 13
          }
        }
      ],
      "message": "Remove mode argument"
    },
    "location": {
      "column": 99,
      "row": 13
    },
    "message": "Unnecessary mode argument",
    "name": "redundant-open-modes",
    "noqa_row": 13,
    "severity": "error",
    "url": "https://docs.astral.sh/ruff/rules/redundant-open-modes"
  },
  {
    "cell": null,
    "code": "I001",
    "end_location": {
      "column": 12,
      "row": 8
    },
    "filename": "/Users/shonen/leadlag/src/research/scripts/experiments/_debug_dom_etf.py",
    "fix": {
      "applicability": "safe",
      "edits": [
        {
          "content": "import sys\nfrom pathlib import Path\n\nimport numpy as np\nimport pandas as pd\nimport yaml\n\n",
          "end_location": {
            "column": 1,
            "row": 10
          },
          "location": {
            "column": 1,
            "row": 3
          }
        }
      ],
      "message": "Organize imports"
    },
    "location": {
      "column": 1,
      "row": 3
    },
    "message": "Import block is un-sorted or un-formatted",
    "name": "unsorted-imports",
    "noqa_row": 3,
    "severity": "error",
    "url": "https://docs.astral.sh/ruff/rules/unsorted-imports"
  },
  {
    "cell": null,
    "code": "F401",
    "end_location": {
      "column": 20,
      "row": 7
    },
    "filename": "/Users/shonen/leadlag/src/research/scripts/experiments/_debug_dom_etf.py",
    "fix": {
      "applicability": "safe",
      "edits": [
        {
          "content": "",
          "end_location": {
            "column": 1,
            "row": 8
          },
          "location": {
            "column": 1,
            "row": 7
          }
        }
      ],
      "message": "Remove unused import: `pandas`"
    },
    "location": {
      "column": 18,
      "row": 7
    },
    "message": "`pandas` imported but unused",
    "name": "unused-import",
    "noqa_row": 7,
    "severity": "error",
    "url": "https://docs.astral.sh/ruff/rules/unused-import"
  },
  {
    "cell": null,
    "code": "UP015",
    "end_location": {
      "column": 79,
      "row": 13
    },
    "filename": "/Users/shonen/leadlag/src/research/scripts/experiments/_debug_dom_etf.py",
    "fix": {
      "applicability": "safe",
      "edits": [
        {
          "content": "",
          "end_location": {
            "column": 79,
            "row": 13
          },
          "location": {
            "column": 74,
            "row": 13
          }
        }
      ],
      "message": "Remove mode argument"
    },
    "location": {
      "column": 76,
      "row": 13
    },
    "message": "Unnecessary mode argument",
    "name": "redundant-open-modes",
    "noqa_row": 13,
    "severity": "error",
    "url": "https://docs.astral.sh/ruff/rules/redundant-open-modes"
  },
  {
    "cell": null,
    "code": "I001",
    "end_location": {
      "column": 12,
      "row": 7
    },
    "filename": "/Users/shonen/leadlag/src/research/scripts/experiments/_debug_quality.py",
    "fix": {
      "applicability": "safe",
      "edits": [
        {
          "content": "import sys\nfrom pathlib import Path\n\nimport numpy as np\nimport pandas as pd\nimport yaml\n\n",
          "end_location": {
            "column": 1,
            "row": 9
          },
          "location": {
            "column": 1,
            "row": 3
          }
        }
      ],
      "message": "Organize imports"
    },
    "location": {
      "column": 1,
      "row": 3
    },
    "message": "Import block is un-sorted or un-formatted",
    "name": "unsorted-imports",
    "noqa_row": 3,
    "severity": "error",
    "url": "https://docs.astral.sh/ruff/rules/unsorted-imports"
  },
  {
    "cell": null,
    "code": "UP015",
    "end_location": {
      "column": 79,
      "row": 26
    },
    "filename": "/Users/shonen/leadlag/src/research/scripts/experiments/_debug_quality.py",
    "fix": {
      "applicability": "safe",
      "edits": [
        {
          "content": "",
          "end_location": {
            "column": 79,
            "row": 26
          },
          "location": {
            "column": 74,
            "row": 26
          }
        }
      ],
      "message": "Remove mode argument"
    },
    "location": {
      "column": 76,
      "row": 26
    },
    "message": "Unnecessary mode argument",
    "name": "redundant-open-modes",
    "noqa_row": 26,
    "severity": "error",
    "url": "https://docs.astral.sh/ruff/rules/redundant-open-modes"
  },
  {
    "cell": null,
    "code": "I001",
    "end_location": {
      "column": 12,
      "row": 7
    },
    "filename": "/Users/shonen/leadlag/src/research/scripts/experiments/_debug_quality2.py",
    "fix": {
      "applicability": "safe",
      "edits": [
        {
          "content": "import sys\nfrom pathlib import Path\n\nimport numpy as np\nimport pandas as pd\nimport yaml\n\n",
          "end_location": {
            "column": 1,
            "row": 9
          },
          "location": {
            "column": 1,
            "row": 3
          }
        }
      ],
      "message": "Organize imports"
    },
    "location": {
      "column": 1,
      "row": 3
    },
    "message": "Import block is un-sorted or un-formatted",
    "name": "unsorted-imports",
    "noqa_row": 3,
    "severity": "error",
    "url": "https://docs.astral.sh/ruff/rules/unsorted-imports"
  },
  {
    "cell": null,
    "code": "F401",
    "end_location": {
      "column": 19,
      "row": 6
    },
    "filename": "/Users/shonen/leadlag/src/research/scripts/experiments/_debug_quality2.py",
    "fix": {
      "applicability": "safe",
      "edits": [
        {
          "content": "",
          "end_location": {
            "column": 1,
            "row": 7
          },
          "location": {
            "column": 1,
            "row": 6
          }
        }
      ],
      "message": "Remove unused import: `numpy`"
    },
    "location": {
      "column": 17,
      "row": 6
    },
    "message": "`numpy` imported but unused",
    "name": "unused-import",
    "noqa_row": 6,
    "severity": "error",
    "url": "https://docs.astral.sh/ruff/rules/unused-import"
  },
  {
    "cell": null,
    "code": "F401",
    "end_location": {
      "column": 12,
      "row": 7
    },
    "filename": "/Users/shonen/leadlag/src/research/scripts/experiments/_debug_quality2.py",
    "fix": {
      "applicability": "safe",
      "edits": [
        {
          "content": "",
          "end_location": {
            "column": 1,
            "row": 8
          },
          "location": {
            "column": 1,
            "row": 7
          }
        }
      ],
      "message": "Remove unused import: `yaml`"
    },
    "location": {
      "column": 8,
      "row": 7
    },
    "message": "`yaml` imported but unused",
    "name": "unused-import",
    "noqa_row": 7,
    "severity": "error",
    "url": "https://docs.astral.sh/ruff/rules/unused-import"
  },
  {
    "cell": null,
    "code": "I001",
    "end_location": {
      "column": 12,
      "row": 7
    },
    "filename": "/Users/shonen/leadlag/src/research/scripts/experiments/_debug_quality3.py",
    "fix": {
      "applicability": "safe",
      "edits": [
        {
          "content": "import sys\nfrom pathlib import Path\n\nimport numpy as np\nimport pandas as pd\nimport yaml\n\n",
          "end_location": {
            "column": 1,
            "row": 9
          },
          "location": {
            "column": 1,
            "row": 3
          }
        }
      ],
      "message": "Organize imports"
    },
    "location": {
      "column": 1,
      "row": 3
    },
    "message": "Import block is un-sorted or un-formatted",
    "name": "unsorted-imports",
    "noqa_row": 3,
    "severity": "error",
    "url": "https://docs.astral.sh/ruff/rules/unsorted-imports"
  },
  {
    "cell": null,
    "code": "F401",
    "end_location": {
      "column": 19,
      "row": 6
    },
    "filename": "/Users/shonen/leadlag/src/research/scripts/experiments/_debug_quality3.py",
    "fix": {
      "applicability": "safe",
      "edits": [
        {
          "content": "",
          "end_location": {
            "column": 1,
            "row": 7
          },
          "location": {
            "column": 1,
            "row": 6
          }
        }
      ],
      "message": "Remove unused import: `numpy`"
    },
    "location": {
      "column": 17,
      "row": 6
    },
    "message": "`numpy` imported but unused",
    "name": "unused-import",
    "noqa_row": 6,
    "severity": "error",
    "url": "https://docs.astral.sh/ruff/rules/unused-import"
  },
  {
    "cell": null,
    "code": "UP015",
    "end_location": {
      "column": 79,
      "row": 19
    },
    "filename": "/Users/shonen/leadlag/src/research/scripts/experiments/_debug_quality3.py",
    "fix": {
      "applicability": "safe",
      "edits": [
        {
          "content": "",
          "end_location": {
            "column": 79,
            "row": 19
          },
          "location": {
            "column": 74,
            "row": 19
          }
        }
      ],
      "message": "Remove mode argument"
    },
    "location": {
      "column": 76,
      "row": 19
    },
    "message": "Unnecessary mode argument",
    "name": "redundant-open-modes",
    "noqa_row": 19,
    "severity": "error",
    "url": "https://docs.astral.sh/ruff/rules/redundant-open-modes"
  },
  {
    "cell": null,
    "code": "I001",
    "end_location": {
      "column": 20,
      "row": 7
    },
    "filename": "/Users/shonen/leadlag/src/research/scripts/experiments/_debug_rho.py",
    "fix": {
      "applicability": "safe",
      "edits": [
        {
          "content": "import sys\nfrom pathlib import Path\n\nimport numpy as np\nimport pandas as pd\n\n",
          "end_location": {
            "column": 1,
            "row": 9
          },
          "location": {
            "column": 1,
            "row": 3
          }
        }
      ],
      "message": "Organize imports"
    },
    "location": {
      "column": 1,
      "row": 3
    },
    "message": "Import block is un-sorted or un-formatted",
    "name": "unsorted-imports",
    "noqa_row": 3,
    "severity": "error",
    "url": "https://docs.astral.sh/ruff/rules/unsorted-imports"
  },
  {
    "cell": null,
    "code": "I001",
    "end_location": {
      "column": 54,
      "row": 13
    },
    "filename": "/Users/shonen/leadlag/src/research/scripts/experiments/_debug_rho.py",
    "fix": {
      "applicability": "safe",
      "edits": [
        {
          "content": "from leadlag.data.fetcher import download_data\nfrom leadlag.data.preprocessor import preprocess_data\n\n\n",
          "end_location": {
            "column": 1,
            "row": 15
          },
          "location": {
            "column": 1,
            "row": 12
          }
        }
      ],
      "message": "Organize imports"
    },
    "location": {
      "column": 1,
      "row": 12
    },
    "message": "Import block is un-sorted or un-formatted",
    "name": "unsorted-imports",
    "noqa_row": 12,
    "severity": "error",
    "url": "https://docs.astral.sh/ruff/rules/unsorted-imports"
  },
  {
    "cell": null,
    "code": "F401",
    "end_location": {
      "column": 12,
      "row": 5
    },
    "filename": "/Users/shonen/leadlag/src/research/scripts/experiments/_extract_subsector_details.py",
    "fix": {
      "applicability": "safe",
      "edits": [
        {
          "content": "",
          "end_location": {
            "column": 1,
            "row": 6
          },
          "location": {
            "column": 1,
            "row": 5
          }
        }
      ],
      "message": "Remove unused import: `json`"
    },
    "location": {
      "column": 8,
      "row": 5
    },
    "message": "`json` imported but unused",
    "name": "unused-import",
    "noqa_row": 5,
    "severity": "error",
    "url": "https://docs.astral.sh/ruff/rules/unused-import"
  },
  {
    "cell": null,
    "code": "UP015",
    "end_location": {
      "column": 82,
      "row": 16
    },
    "filename": "/Users/shonen/leadlag/src/research/scripts/experiments/_extract_subsector_details.py",
    "fix": {
      "applicability": "safe",
      "edits": [
        {
          "content": "",
          "end_location": {
            "column": 82,
            "row": 16
          },
          "location": {
            "column": 77,
            "row": 16
          }
        }
      ],
      "message": "Remove mode argument"
    },
    "location": {
      "column": 79,
      "row": 16
    },
    "message": "Unnecessary mode argument",
    "name": "redundant-open-modes",
    "noqa_row": 16,
    "severity": "error",
    "url": "https://docs.astral.sh/ruff/rules/redundant-open-modes"
  },
  {
    "cell": null,
    "code": "UP015",
    "end_location": {
      "column": 93,
      "row": 20
    },
    "filename": "/Users/shonen/leadlag/src/research/scripts/experiments/_extract_subsector_details.py",
    "fix": {
      "applicability": "safe",
      "edits": [
        {
          "content": "",
          "end_location": {
            "column": 93,
            "row": 20
          },
          "location": {
            "column": 88,
            "row": 20
          }
        }
      ],
      "message": "Remove mode argument"
    },
    "location": {
      "column": 90,
      "row": 20
    },
    "message": "Unnecessary mode argument",
    "name": "redundant-open-modes",
    "noqa_row": 20,
    "severity": "error",
    "url": "https://docs.astral.sh/ruff/rules/redundant-open-modes"
  },
  {
    "cell": null,
    "code": "F401",
    "end_location": {
      "column": 12,
      "row": 5
    },
    "filename": "/Users/shonen/leadlag/src/research/scripts/experiments/_inspect_expanded.py",
    "fix": {
      "applicability": "safe",
      "edits": [
        {
          "content": "",
          "end_location": {
            "column": 1,
            "row": 6
          },
          "location": {
            "column": 1,
            "row": 5
          }
        }
      ],
      "message": "Remove unused import: `json`"
    },
    "location": {
      "column": 8,
      "row": 5
    },
    "message": "`json` imported but unused",
    "name": "unused-import",
    "noqa_row": 5,
    "severity": "error",
    "url": "https://docs.astral.sh/ruff/rules/unused-import"
  },
  {
    "cell": null,
    "code": "UP015",
    "end_location": {
      "column": 25,
      "row": 37
    },
    "filename": "/Users/shonen/leadlag/src/research/scripts/experiments/_inspect_expanded.py",
    "fix": {
      "applicability": "safe",
      "edits": [
        {
          "content": "",
          "end_location": {
            "column": 25,
            "row": 37
          },
          "location": {
            "column": 20,
            "row": 37
          }
        }
      ],
      "message": "Remove mode argument"
    },
    "location": {
      "column": 22,
      "row": 37
    },
    "message": "Unnecessary mode argument",
    "name": "redundant-open-modes",
    "noqa_row": 37,
    "severity": "error",
    "url": "https://docs.astral.sh/ruff/rules/redundant-open-modes"
  },
  {
    "cell": null,
    "code": "F401",
    "end_location": {
      "column": 12,
      "row": 5
    },
    "filename": "/Users/shonen/leadlag/src/research/scripts/experiments/_inspect_subsector_panel.py",
    "fix": {
      "applicability": "safe",
      "edits": [
        {
          "content": "",
          "end_location": {
            "column": 1,
            "row": 6
          },
          "location": {
            "column": 1,
            "row": 5
          }
        }
      ],
      "message": "Remove unused import: `json`"
    },
    "location": {
      "column": 8,
      "row": 5
    },
    "message": "`json` imported but unused",
    "name": "unused-import",
    "noqa_row": 5,
    "severity": "error",
    "url": "https://docs.astral.sh/ruff/rules/unused-import"
  },
  {
    "cell": null,
    "code": "F401",
    "end_location": {
      "column": 44,
      "row": 15
    },
    "filename": "/Users/shonen/leadlag/src/research/scripts/experiments/_inspect_subsector_panel.py",
    "fix": {
      "applicability": "safe",
      "edits": [
        {
          "content": "",
          "end_location": {
            "column": 1,
            "row": 16
          },
          "location": {
            "column": 1,
            "row": 15
          }
        }
      ],
      "message": "Remove unused import: `leadlag.data.tickers.JP_TICKERS`"
    },
    "location": {
      "column": 34,
      "row": 15
    },
    "message": "`leadlag.data.tickers.JP_TICKERS` imported but unused",
    "name": "unused-import",
    "noqa_row": 15,
    "severity": "error",
    "url": "https://docs.astral.sh/ruff/rules/unused-import"
  },
  {
    "cell": null,
    "code": "UP015",
    "end_location": {
      "column": 32,
      "row": 53
    },
    "filename": "/Users/shonen/leadlag/src/research/scripts/experiments/_inspect_subsector_panel.py",
    "fix": {
      "applicability": "safe",
      "edits": [
        {
          "content": "",
          "end_location": {
            "column": 32,
            "row": 53
          },
          "location": {
            "column": 27,
            "row": 53
          }
        }
      ],
      "message": "Remove mode argument"
    },
    "location": {
      "column": 29,
      "row": 53
    },
    "message": "Unnecessary mode argument",
    "name": "redundant-open-modes",
    "noqa_row": 53,
    "severity": "error",
    "url": "https://docs.astral.sh/ruff/rules/redundant-open-modes"
  },
  {
    "cell": null,
    "code": "UP015",
    "end_location": {
      "column": 33,
      "row": 63
    },
    "filename": "/Users/shonen/leadlag/src/research/scripts/experiments/_inspect_subsector_panel.py",
    "fix": {
      "applicability": "safe",
      "edits": [
        {
          "content": "",
          "end_location": {
            "column": 33,
            "row": 63
          },
          "location": {
            "column": 28,
            "row": 63
          }
        }
      ],
      "message": "Remove mode argument"
    },
    "location": {
      "column": 30,
      "row": 63
    },
    "message": "Unnecessary mode argument",
    "name": "redundant-open-modes",
    "noqa_row": 63,
    "severity": "error",
    "url": "https://docs.astral.sh/ruff/rules/redundant-open-modes"
  },
  {
    "cell": null,
    "code": "UP015",
    "end_location": {
      "column": 28,
      "row": 69
    },
    "filename": "/Users/shonen/leadlag/src/research/scripts/experiments/_inspect_subsector_panel.py",
    "fix": {
      "applicability": "safe",
      "edits": [
        {
          "content": "",
          "end_location": {
            "column": 28,
            "row": 69
          },
          "location": {
            "column": 23,
            "row": 69
          }
        }
      ],
      "message": "Remove mode argument"
    },
    "location": {
      "column": 25,
      "row": 69
    },
    "message": "Unnecessary mode argument",
    "name": "redundant-open-modes",
    "noqa_row": 69,
    "severity": "error",
    "url": "https://docs.astral.sh/ruff/rules/redundant-open-modes"
  },
  {
    "cell": null,
    "code": "F401",
    "end_location": {
      "column": 12,
      "row": 9
    },
    "filename": "/Users/shonen/leadlag/src/research/scripts/experiments/build_subsector_aggregation.py",
    "fix": {
      "applicability": "safe",
      "edits": [
        {
          "content": "",
          "end_location": {
            "column": 1,
            "row": 10
          },
          "location": {
            "column": 1,
            "row": 9
          }
        }
      ],
      "message": "Remove unused import: `yaml`"
    },
    "location": {
      "column": 8,
      "row": 9
    },
    "message": "`yaml` imported but unused",
    "name": "unused-import",
    "noqa_row": 9,
    "severity": "error",
    "url": "https://docs.astral.sh/ruff/rules/unused-import"
  },
  {
    "cell": null,
    "code": "F841",
    "end_location": {
      "column": 10,
      "row": 92
    },
    "filename": "/Users/shonen/leadlag/src/research/scripts/experiments/build_subsector_df_exec.py",
    "fix": {
      "applicability": "unsafe",
      "edits": [
        {
          "content": "",
          "end_location": {
            "column": 13,
            "row": 92
          },
          "location": {
            "column": 5,
            "row": 92
          }
        }
      ],
      "message": "Remove assignment to unused variable `n_sub`"
    },
    "location": {
      "column": 5,
      "row": 92
    },
    "message": "Local variable `n_sub` is assigned to but never used",
    "name": "unused-variable",
    "noqa_row": 92,
    "severity": "error",
    "url": "https://docs.astral.sh/ruff/rules/unused-variable"
  },
  {
    "cell": null,
    "code": "UP015",
    "end_location": {
      "column": 32,
      "row": 30
    },
    "filename": "/Users/shonen/leadlag/src/research/scripts/experiments/build_subsector_market_cap.py",
    "fix": {
      "applicability": "safe",
      "edits": [
        {
          "content": "",
          "end_location": {
            "column": 32,
            "row": 30
          },
          "location": {
            "column": 27,
            "row": 30
          }
        }
      ],
      "message": "Remove mode argument"
    },
    "location": {
      "column": 29,
      "row": 30
    },
    "message": "Unnecessary mode argument",
    "name": "redundant-open-modes",
    "noqa_row": 30,
    "severity": "error",
    "url": "https://docs.astral.sh/ruff/rules/redundant-open-modes"
  },
  {
    "cell": null,
    "code": "UP015",
    "end_location": {
      "column": 28,
      "row": 36
    },
    "filename": "/Users/shonen/leadlag/src/research/scripts/experiments/build_subsector_market_cap.py",
    "fix": {
      "applicability": "safe",
      "edits": [
        {
          "content": "",
          "end_location": {
            "column": 28,
            "row": 36
          },
          "location": {
            "column": 23,
            "row": 36
          }
        }
      ],
      "message": "Remove mode argument"
    },
    "location": {
      "column": 25,
      "row": 36
    },
    "message": "Unnecessary mode argument",
    "name": "redundant-open-modes",
    "noqa_row": 36,
    "severity": "error",
    "url": "https://docs.astral.sh/ruff/rules/redundant-open-modes"
  },
  {
    "cell": null,
    "code": "I001",
    "end_location": {
      "column": 63,
      "row": 45
    },
    "filename": "/Users/shonen/leadlag/src/research/scripts/experiments/build_v2_production_shadow_run.py",
    "fix": {
      "applicability": "safe",
      "edits": [
        {
          "content": "from leadlag.config.schemas import parse_run_config\nfrom leadlag.data.market_data_cache import load_df_exec_from_local_cache\nfrom leadlag.data.tickers import JP_TICKERS\nfrom leadlag.execution.config import load_config_from_yaml\nfrom leadlag.models.ml_overlay_artifact import load_overlay_model\nfrom leadlag.models.ml_overlay_inference import generate_v2_production_portfolio_with_overlay\nfrom leadlag.models.production_v2 import ProductionV2Model\nfrom research.experiment_registry import Decision\nfrom research.experiment_utils import record_simple_experiment\n\n",
          "end_location": {
            "column": 1,
            "row": 47
          },
          "location": {
            "column": 1,
            "row": 37
          }
        }
      ],
      "message": "Organize imports"
    },
    "location": {
      "column": 1,
      "row": 37
    },
    "message": "Import block is un-sorted or un-formatted",
    "name": "unsorted-imports",
    "noqa_row": 37,
    "severity": "error",
    "url": "https://docs.astral.sh/ruff/rules/unsorted-imports"
  },
  {
    "cell": null,
    "code": "I001",
    "end_location": {
      "column": 2,
      "row": 46
    },
    "filename": "/Users/shonen/leadlag/src/research/scripts/experiments/compare_cumulative_method.py",
    "fix": {
      "applicability": "safe",
      "edits": [
        {
          "content": "from compute_gap_adjusted_distribution import compute_cumulative_returns\n\nfrom leadlag.config.schemas import ProductionV2RunConfig, parse_run_config\nfrom leadlag.data.fetcher import download_data\nfrom leadlag.data.intraday_inputs import compute_jp_target_returns\nfrom leadlag.data.preprocessor import preprocess_data\nfrom leadlag.data.tickers import JP_TICKERS, TOPIX_TICKER\nfrom leadlag.models.production_v2 import ProductionV2Model\nfrom research.models.sector_relative_ensemble_blp_enhanced import (\n    _BLP_CORR_CACHE,\n    _RAW_PCA_CACHE,\n    _RESIDUAL_PCA_CACHE,\n    SectorRelativeEnsembleBLPEnhancedModel,\n)\n\n",
          "end_location": {
            "column": 1,
            "row": 48
          },
          "location": {
            "column": 1,
            "row": 32
          }
        }
      ],
      "message": "Organize imports"
    },
    "location": {
      "column": 1,
      "row": 32
    },
    "message": "Import block is un-sorted or un-formatted",
    "name": "unsorted-imports",
    "noqa_row": 32,
    "severity": "error",
    "url": "https://docs.astral.sh/ruff/rules/unsorted-imports"
  },
  {
    "cell": null,
    "code": "I001",
    "end_location": {
      "column": 44,
      "row": 20
    },
    "filename": "/Users/shonen/leadlag/src/research/scripts/experiments/compare_ic_5m_period.py",
    "fix": {
      "applicability": "safe",
      "edits": [
        {
          "content": "from leadlag.data.intraday_inputs import compute_jp_target_returns\nfrom leadlag.data.market_data_cache import load_df_exec_from_local_cache\nfrom leadlag.data.tickers import JP_TICKERS\n\n\n",
          "end_location": {
            "column": 1,
            "row": 23
          },
          "location": {
            "column": 1,
            "row": 18
          }
        }
      ],
      "message": "Organize imports"
    },
    "location": {
      "column": 1,
      "row": 18
    },
    "message": "Import block is un-sorted or un-formatted",
    "name": "unsorted-imports",
    "noqa_row": 18,
    "severity": "error",
    "url": "https://docs.astral.sh/ruff/rules/unsorted-imports"
  },
  {
    "cell": null,
    "code": "I001",
    "end_location": {
      "column": 20,
      "row": 17
    },
    "filename": "/Users/shonen/leadlag/src/research/scripts/experiments/create_var_history_2025_cutoff.py",
    "fix": {
      "applicability": "safe",
      "edits": [
        {
          "content": "from __future__ import annotations\n\nimport argparse\nimport hashlib\nimport json\nimport logging\nimport os\nimport pickle\nimport sys\nimport tempfile\nimport time\nfrom pathlib import Path\nfrom typing import Any\n\nimport numpy as np\nimport pandas as pd\n\n",
          "end_location": {
            "column": 1,
            "row": 19
          },
          "location": {
            "column": 1,
            "row": 2
          }
        }
      ],
      "message": "Organize imports"
    },
    "location": {
      "column": 1,
      "row": 2
    },
    "message": "Import block is un-sorted or un-formatted",
    "name": "unsorted-imports",
    "noqa_row": 2,
    "severity": "error",
    "url": "https://docs.astral.sh/ruff/rules/unsorted-imports"
  },
  {
    "cell": null,
    "code": "I001",
    "end_location": {
      "column": 71,
      "row": 29
    },
    "filename": "/Users/shonen/leadlag/src/research/scripts/experiments/create_var_history_2025_cutoff.py",
    "fix": {
      "applicability": "safe",
      "edits": [
        {
          "content": "from leadlag.core.risk import compute_var_es\nfrom leadlag.data.market_data_cache import load_df_exec_from_local_cache\nfrom leadlag.execution import var_inputs\nfrom leadlag.execution.backtester import BacktestEngine\nfrom leadlag.execution.config import load_config_from_yaml\nfrom leadlag.execution.var_history import _build_var_historical_inputs\nfrom leadlag.models.ml_overlay_artifact import load_overlay_model\nfrom leadlag.utils.dataframe_fingerprint import dataframe_fingerprint\n\n",
          "end_location": {
            "column": 1,
            "row": 31
          },
          "location": {
            "column": 1,
            "row": 22
          }
        }
      ],
      "message": "Organize imports"
    },
    "location": {
      "column": 1,
      "row": 22
    },
    "message": "Import block is un-sorted or un-formatted",
    "name": "unsorted-imports",
    "noqa_row": 22,
    "severity": "error",
    "url": "https://docs.astral.sh/ruff/rules/unsorted-imports"
  },
  {
    "cell": null,
    "code": "I001",
    "end_location": {
      "column": 63,
      "row": 24
    },
    "filename": "/Users/shonen/leadlag/src/research/scripts/experiments/diagnose_v2_fallback.py",
    "fix": {
      "applicability": "safe",
      "edits": [
        {
          "content": "from leadlag.config.schemas import parse_run_config\nfrom leadlag.execution.config import load_config_from_yaml\nfrom leadlag.models.production_v2 import ProductionV2Model\nfrom research.experiment_registry import Decision\nfrom research.experiment_utils import record_simple_experiment\n\n\n",
          "end_location": {
            "column": 1,
            "row": 27
          },
          "location": {
            "column": 1,
            "row": 20
          }
        }
      ],
      "message": "Organize imports"
    },
    "location": {
      "column": 1,
      "row": 20
    },
    "message": "Import block is un-sorted or un-formatted",
    "name": "unsorted-imports",
    "noqa_row": 20,
    "severity": "error",
    "url": "https://docs.astral.sh/ruff/rules/unsorted-imports"
  },
  {
    "cell": null,
    "code": "I001",
    "end_location": {
      "column": 83,
      "row": 36
    },
    "filename": "/Users/shonen/leadlag/src/research/scripts/experiments/evaluate_ml_overlay_blpx_residual_20260929.py",
    "fix": {
      "applicability": "safe",
      "edits": [
        {
          "content": "from leadlag.config.schemas import ProductionV2RunConfig\nfrom leadlag.domain.inputs import HistoricalInputs\nfrom leadlag.execution.config import load_config_from_yaml\nfrom leadlag.experiment_registry import Decision, ExperimentRecord, ExperimentRegistry\nfrom leadlag.models.ml_overlay_artifact import save_overlay_model\nfrom leadlag.utils.dataframe_fingerprint import dataframe_fingerprint\nfrom research.experiments.ml_overlay_training import (\n    DEFAULT_LGBM_KWARGS,\n    ROUND_TRIP_COST,\n    _train_overlay_lgbm,\n)\nfrom research.scripts.experiments import retrain_ml_overlay_20260927 as retrain\nfrom research.scripts.experiments import structural_artifact_evaluate as evaluator\n\n",
          "end_location": {
            "column": 1,
            "row": 38
          },
          "location": {
            "column": 1,
            "row": 27
          }
        }
      ],
      "message": "Organize imports"
    },
    "location": {
      "column": 1,
      "row": 27
    },
    "message": "Import block is un-sorted or un-formatted",
    "name": "unsorted-imports",
    "noqa_row": 27,
    "severity": "error",
    "url": "https://docs.astral.sh/ruff/rules/unsorted-imports"
  },
  {
    "cell": null,
    "code": "UP017",
    "end_location": {
      "column": 43,
      "row": 309
    },
    "filename": "/Users/shonen/leadlag/src/research/scripts/experiments/evaluate_ml_overlay_cost_sensitivity_20260927.py",
    "fix": {
      "applicability": "safe",
      "edits": [
        {
          "content": "from datetime import datetime, timezone, UTC",
          "end_location": {
            "column": 40,
            "row": 12
          },
          "location": {
            "column": 1,
            "row": 12
          }
        },
        {
          "content": "UTC",
          "end_location": {
            "column": 43,
            "row": 309
          },
          "location": {
            "column": 31,
            "row": 309
          }
        }
      ],
      "message": "Convert to `datetime.UTC` alias"
    },
    "location": {
      "column": 31,
      "row": 309
    },
    "message": "Use `datetime.UTC` alias",
    "name": "datetime-timezone-utc",
    "noqa_row": 309,
    "severity": "error",
    "url": "https://docs.astral.sh/ruff/rules/datetime-timezone-utc"
  },
  {
    "cell": null,
    "code": "UP017",
    "end_location": {
      "column": 43,
      "row": 328
    },
    "filename": "/Users/shonen/leadlag/src/research/scripts/experiments/evaluate_ml_overlay_cost_sensitivity_20260927.py",
    "fix": {
      "applicability": "safe",
      "edits": [
        {
          "content": "from datetime import datetime, timezone, UTC",
          "end_location": {
            "column": 40,
            "row": 12
          },
          "location": {
            "column": 1,
            "row": 12
          }
        },
        {
          "content": "UTC",
          "end_location": {
            "column": 43,
            "row": 328
          },
          "location": {
            "column": 31,
            "row": 328
          }
        }
      ],
      "message": "Convert to `datetime.UTC` alias"
    },
    "location": {
      "column": 31,
      "row": 328
    },
    "message": "Use `datetime.UTC` alias",
    "name": "datetime-timezone-utc",
    "noqa_row": 328,
    "severity": "error",
    "url": "https://docs.astral.sh/ruff/rules/datetime-timezone-utc"
  },
  {
    "cell": null,
    "code": "I001",
    "end_location": {
      "column": 2,
      "row": 40
    },
    "filename": "/Users/shonen/leadlag/src/research/scripts/experiments/experiment_a1_adaptive_gap_coef.py",
    "fix": {
      "applicability": "safe",
      "edits": [
        {
          "content": "from leadlag.data.intraday_inputs import compute_jp_target_returns\nfrom leadlag.data.market_data_cache import load_df_exec_from_local_cache\nfrom leadlag.data.tickers import JP_TICKERS\nfrom research.backtest_v1 import run_v1_backtest\nfrom research.models.sector_relative_ensemble_blp_enhanced import (\n    SectorRelativeEnsembleBLPEnhancedModel,\n)\n\n",
          "end_location": {
            "column": 1,
            "row": 42
          },
          "location": {
            "column": 1,
            "row": 34
          }
        }
      ],
      "message": "Organize imports"
    },
    "location": {
      "column": 1,
      "row": 34
    },
    "message": "Import block is un-sorted or un-formatted",
    "name": "unsorted-imports",
    "noqa_row": 34,
    "severity": "error",
    "url": "https://docs.astral.sh/ruff/rules/unsorted-imports"
  },
  {
    "cell": null,
    "code": "I001",
    "end_location": {
      "column": 2,
      "row": 43
    },
    "filename": "/Users/shonen/leadlag/src/research/scripts/experiments/experiment_a2_empirical_bayes_lambda.py",
    "fix": {
      "applicability": "safe",
      "edits": [
        {
          "content": "from leadlag.data.intraday_inputs import compute_jp_target_returns\nfrom leadlag.data.market_data_cache import load_df_exec_from_local_cache\nfrom leadlag.data.tickers import JP_TICKERS\nfrom research.backtest_v1 import run_v1_backtest\nfrom research.models.sector_relative_ensemble_blp_enhanced import (\n    SectorRelativeEnsembleBLPEnhancedModel,\n)\n\n",
          "end_location": {
            "column": 1,
            "row": 45
          },
          "location": {
            "column": 1,
            "row": 37
          }
        }
      ],
      "message": "Organize imports"
    },
    "location": {
      "column": 1,
      "row": 37
    },
    "message": "Import block is un-sorted or un-formatted",
    "name": "unsorted-imports",
    "noqa_row": 37,
    "severity": "error",
    "url": "https://docs.astral.sh/ruff/rules/unsorted-imports"
  },
  {
    "cell": null,
    "code": "I001",
    "end_location": {
      "column": 2,
      "row": 39
    },
    "filename": "/Users/shonen/leadlag/src/research/scripts/experiments/experiment_a4_ensemble_ic_optimization.py",
    "fix": {
      "applicability": "safe",
      "edits": [
        {
          "content": "from leadlag.data.intraday_inputs import compute_jp_target_returns\nfrom leadlag.data.market_data_cache import load_df_exec_from_local_cache\nfrom leadlag.data.tickers import JP_TICKERS\nfrom research.backtest_v1 import run_v1_backtest\nfrom research.models.sector_relative_ensemble_blp_enhanced import (\n    SectorRelativeEnsembleBLPEnhancedModel,\n)\n\n",
          "end_location": {
            "column": 1,
            "row": 41
          },
          "location": {
            "column": 1,
            "row": 33
          }
        }
      ],
      "message": "Organize imports"
    },
    "location": {
      "column": 1,
      "row": 33
    },
    "message": "Import block is un-sorted or un-formatted",
    "name": "unsorted-imports",
    "noqa_row": 33,
    "severity": "error",
    "url": "https://docs.astral.sh/ruff/rules/unsorted-imports"
  },
  {
    "cell": null,
    "code": "I001",
    "end_location": {
      "column": 56,
      "row": 31
    },
    "filename": "/Users/shonen/leadlag/src/research/scripts/experiments/experiment_beat_baseline.py",
    "fix": {
      "applicability": "safe",
      "edits": [
        {
          "content": "from leadlag.core.portfolio import get_rolling_pit_bin\nfrom leadlag.data.market_data_cache import load_df_exec_from_local_cache\nfrom leadlag.data.tickers import JP_TICKERS\nfrom leadlag.execution.backtester import BacktestEngine\nfrom leadlag.execution.config import load_config_from_yaml\nfrom leadlag.models.blpx import ProductionBLPXModel\nfrom leadlag.models.production_v2 import ProductionV2Model\nfrom leadlag.models.signal_enhancement import apply_rank_reversal_overlay\nfrom leadlag.models.v2.gap_io import _build_current_prices_from_df_exec, _compute_ondemand\nfrom leadlag.models.v2.overlay_applier import _multi_horizon_scores_with_metadata\nfrom leadlag.reporting.metrics import calculate_metrics\n\n\n",
          "end_location": {
            "column": 1,
            "row": 34
          },
          "location": {
            "column": 1,
            "row": 20
          }
        }
      ],
      "message": "Organize imports"
    },
    "location": {
      "column": 1,
      "row": 20
    },
    "message": "Import block is un-sorted or un-formatted",
    "name": "unsorted-imports",
    "noqa_row": 20,
    "severity": "error",
    "url": "https://docs.astral.sh/ruff/rules/unsorted-imports"
  },
  {
    "cell": null,
    "code": "I001",
    "end_location": {
      "column": 56,
      "row": 28
    },
    "filename": "/Users/shonen/leadlag/src/research/scripts/experiments/experiment_convex_lambda_sweep.py",
    "fix": {
      "applicability": "safe",
      "edits": [
        {
          "content": "from leadlag.core.convex_optimizer import (\n    ConvexOptimizerConfig,\n    optimize_portfolio_convex,\n)\nfrom leadlag.core.portfolio import get_rolling_pit_bin\nfrom leadlag.data.market_data_cache import load_df_exec_from_local_cache\nfrom leadlag.data.tickers import JP_TICKERS\nfrom leadlag.execution.backtester import BacktestEngine\nfrom leadlag.execution.config import load_config_from_yaml\nfrom leadlag.models.blpx import ProductionBLPXModel\nfrom leadlag.models.production_v2 import ProductionV2Model\nfrom leadlag.models.v2.gap_io import _build_current_prices_from_df_exec, _compute_ondemand\nfrom leadlag.reporting.metrics import calculate_metrics\n\n\n",
          "end_location": {
            "column": 1,
            "row": 31
          },
          "location": {
            "column": 1,
            "row": 15
          }
        }
      ],
      "message": "Organize imports"
    },
    "location": {
      "column": 1,
      "row": 15
    },
    "message": "Import block is un-sorted or un-formatted",
    "name": "unsorted-imports",
    "noqa_row": 15,
    "severity": "error",
    "url": "https://docs.astral.sh/ruff/rules/unsorted-imports"
  },
  {
    "cell": null,
    "code": "I001",
    "end_location": {
      "column": 56,
      "row": 31
    },
    "filename": "/Users/shonen/leadlag/src/research/scripts/experiments/experiment_convex_max_weight_sweep.py",
    "fix": {
      "applicability": "safe",
      "edits": [
        {
          "content": "from leadlag.core.convex_optimizer import (\n    ConvexOptimizerConfig,\n    optimize_portfolio_convex,\n)\nfrom leadlag.core.portfolio import get_rolling_pit_bin\nfrom leadlag.data.market_data_cache import load_df_exec_from_local_cache\nfrom leadlag.data.tickers import JP_TICKERS\nfrom leadlag.execution.backtester import BacktestEngine\nfrom leadlag.execution.config import load_config_from_yaml\nfrom leadlag.models.blpx import ProductionBLPXModel\nfrom leadlag.models.production_v2 import ProductionV2Model\nfrom leadlag.models.signal_enhancement import apply_rank_reversal_overlay\nfrom leadlag.models.v2.gap_io import _build_current_prices_from_df_exec, _compute_ondemand\nfrom leadlag.models.v2.overlay_applier import _multi_horizon_scores_with_metadata\nfrom leadlag.reporting.metrics import calculate_metrics\n\n\n",
          "end_location": {
            "column": 1,
            "row": 34
          },
          "location": {
            "column": 1,
            "row": 16
          }
        }
      ],
      "message": "Organize imports"
    },
    "location": {
      "column": 1,
      "row": 16
    },
    "message": "Import block is un-sorted or un-formatted",
    "name": "unsorted-imports",
    "noqa_row": 16,
    "severity": "error",
    "url": "https://docs.astral.sh/ruff/rules/unsorted-imports"
  },
  {
    "cell": null,
    "code": "I001",
    "end_location": {
      "column": 72,
      "row": 26
    },
    "filename": "/Users/shonen/leadlag/src/research/scripts/experiments/experiment_convex_optimizer_prototype.py",
    "fix": {
      "applicability": "safe",
      "edits": [
        {
          "content": "from leadlag.data.market_data_cache import load_df_exec_from_local_cache\nfrom leadlag.data.tickers import JP_TICKERS\nfrom leadlag.execution.config import load_config_from_yaml\nfrom leadlag.models.blpx import ProductionBLPXModel\nfrom leadlag.models.production_v2 import ProductionV2Model\nfrom leadlag.models.v2.gap_io import _build_current_prices_from_df_exec, _compute_ondemand\n\n\n",
          "end_location": {
            "column": 1,
            "row": 29
          },
          "location": {
            "column": 1,
            "row": 20
          }
        }
      ],
      "message": "Organize imports"
    },
    "location": {
      "column": 1,
      "row": 20
    },
    "message": "Import block is un-sorted or un-formatted",
    "name": "unsorted-imports",
    "noqa_row": 20,
    "severity": "error",
    "url": "https://docs.astral.sh/ruff/rules/unsorted-imports"
  },
  {
    "cell": null,
    "code": "I001",
    "end_location": {
      "column": 56,
      "row": 36
    },
    "filename": "/Users/shonen/leadlag/src/research/scripts/experiments/experiment_convex_score_formulation.py",
    "fix": {
      "applicability": "safe",
      "edits": [
        {
          "content": "from leadlag.core.convex_optimizer import (\n    ConvexOptimizerConfig,\n    optimize_portfolio_convex,\n)\nfrom leadlag.core.portfolio import get_rolling_pit_bin\nfrom leadlag.data.market_data_cache import load_df_exec_from_local_cache\nfrom leadlag.data.tickers import JP_TICKERS\nfrom leadlag.execution.backtester import BacktestEngine\nfrom leadlag.execution.config import load_config_from_yaml\nfrom leadlag.models.blpx import ProductionBLPXModel\nfrom leadlag.models.production_v2 import ProductionV2Model\nfrom leadlag.models.signal_enhancement import apply_rank_reversal_overlay\nfrom leadlag.models.v2.gap_io import _build_current_prices_from_df_exec, _compute_ondemand\nfrom leadlag.models.v2.overlay_applier import _multi_horizon_scores_with_metadata\nfrom leadlag.reporting.metrics import calculate_metrics\n\n\n",
          "end_location": {
            "column": 1,
            "row": 39
          },
          "location": {
            "column": 1,
            "row": 21
          }
        }
      ],
      "message": "Organize imports"
    },
    "location": {
      "column": 1,
      "row": 21
    },
    "message": "Import block is un-sorted or un-formatted",
    "name": "unsorted-imports",
    "noqa_row": 21,
    "severity": "error",
    "url": "https://docs.astral.sh/ruff/rules/unsorted-imports"
  },
  {
    "cell": null,
    "code": "I001",
    "end_location": {
      "column": 72,
      "row": 36
    },
    "filename": "/Users/shonen/leadlag/src/research/scripts/experiments/experiment_convex_vs_baseline_backtest.py",
    "fix": {
      "applicability": "safe",
      "edits": [
        {
          "content": "from leadlag.core.convex_optimizer import (\n    ConvexOptimizerConfig,\n    optimize_portfolio_convex,\n)\nfrom leadlag.core.portfolio import get_rolling_pit_bin\nfrom leadlag.data.market_data_cache import load_df_exec_from_local_cache\nfrom leadlag.data.tickers import JP_TICKERS\nfrom leadlag.execution.backtester import BacktestEngine\nfrom leadlag.execution.config import load_config_from_yaml\nfrom leadlag.models.blpx import ProductionBLPXModel\nfrom leadlag.models.production_v2 import ProductionV2Model\nfrom leadlag.models.v2.gap_io import _build_current_prices_from_df_exec, _compute_ondemand\n\n\n",
          "end_location": {
            "column": 1,
            "row": 39
          },
          "location": {
            "column": 1,
            "row": 24
          }
        }
      ],
      "message": "Organize imports"
    },
    "location": {
      "column": 1,
      "row": 24
    },
    "message": "Import block is un-sorted or un-formatted",
    "name": "unsorted-imports",
    "noqa_row": 24,
    "severity": "error",
    "url": "https://docs.astral.sh/ruff/rules/unsorted-imports"
  },
  {
    "cell": null,
    "code": "I001",
    "end_location": {
      "column": 56,
      "row": 30
    },
    "filename": "/Users/shonen/leadlag/src/research/scripts/experiments/experiment_dispersion_sizing.py",
    "fix": {
      "applicability": "safe",
      "edits": [
        {
          "content": "from leadlag.core.portfolio import get_rolling_pit_bin\nfrom leadlag.data.market_data_cache import load_df_exec_from_local_cache\nfrom leadlag.data.tickers import JP_TICKERS\nfrom leadlag.execution.backtester import BacktestEngine\nfrom leadlag.execution.config import load_config_from_yaml\nfrom leadlag.models.blpx import ProductionBLPXModel\nfrom leadlag.models.production_v2 import ProductionV2Model\nfrom leadlag.models.signal_enhancement import apply_rank_reversal_overlay\nfrom leadlag.models.v2.gap_io import _build_current_prices_from_df_exec, _compute_ondemand\nfrom leadlag.models.v2.overlay_applier import _multi_horizon_scores_with_metadata\nfrom leadlag.reporting.metrics import calculate_metrics\n\n\n",
          "end_location": {
            "column": 1,
            "row": 33
          },
          "location": {
            "column": 1,
            "row": 19
          }
        }
      ],
      "message": "Organize imports"
    },
    "location": {
      "column": 1,
      "row": 19
    },
    "message": "Import block is un-sorted or un-formatted",
    "name": "unsorted-imports",
    "noqa_row": 19,
    "severity": "error",
    "url": "https://docs.astral.sh/ruff/rules/unsorted-imports"
  },
  {
    "cell": null,
    "code": "I001",
    "end_location": {
      "column": 2,
      "row": 51
    },
    "filename": "/Users/shonen/leadlag/src/research/scripts/experiments/experiment_fractional_diff_normalization.py",
    "fix": {
      "applicability": "safe",
      "edits": [
        {
          "content": "from leadlag.data.intraday_inputs import compute_jp_target_returns\nfrom leadlag.data.market_data_cache import load_df_exec_from_local_cache\nfrom research.models.sector_relative_ensemble_blp_enhanced import (\n    SectorRelativeEnsembleBLPEnhancedModel,\n)\n\n\n",
          "end_location": {
            "column": 1,
            "row": 54
          },
          "location": {
            "column": 1,
            "row": 47
          }
        }
      ],
      "message": "Organize imports"
    },
    "location": {
      "column": 1,
      "row": 47
    },
    "message": "Import block is un-sorted or un-formatted",
    "name": "unsorted-imports",
    "noqa_row": 47,
    "severity": "error",
    "url": "https://docs.astral.sh/ruff/rules/unsorted-imports"
  },
  {
    "cell": null,
    "code": "F401",
    "end_location": {
      "column": 12,
      "row": 6
    },
    "filename": "/Users/shonen/leadlag/src/research/scripts/experiments/experiment_jpx33_index_ohlc_20260926.py",
    "fix": {
      "applicability": "safe",
      "edits": [
        {
          "content": "",
          "end_location": {
            "column": 1,
            "row": 7
          },
          "location": {
            "column": 1,
            "row": 6
          }
        }
      ],
      "message": "Remove unused import: `copy`"
    },
    "location": {
      "column": 8,
      "row": 6
    },
    "message": "`copy` imported but unused",
    "name": "unused-import",
    "noqa_row": 6,
    "severity": "error",
    "url": "https://docs.astral.sh/ruff/rules/unused-import"
  },
  {
    "cell": null,
    "code": "I001",
    "end_location": {
      "column": 70,
      "row": 31
    },
    "filename": "/Users/shonen/leadlag/src/research/scripts/experiments/experiment_jpx33_index_ohlc_20260926.py",
    "fix": {
      "applicability": "safe",
      "edits": [
        {
          "content": "import experiment_jpx33_direct_prediction_20260924 as prior  # noqa: E402\n\nfrom leadlag.core.correlation import compute_baseline_correlation  # noqa: E402\nfrom leadlag.core.residualize import compute_rolling_ols_betas  # noqa: E402\nfrom leadlag.data.market_data_cache import load_df_exec_from_local_cache  # noqa: E402\nfrom leadlag.data.tickers import JP_TICKERS, SENSITIVITY_LABELS, US_TICKERS  # noqa: E402\nfrom leadlag.execution.config import load_config_from_yaml  # noqa: E402\nfrom leadlag.experiment_registry import Decision, ExperimentRecord, ExperimentRegistry  # noqa: E402\nfrom leadlag.utils.dataframe_fingerprint import dataframe_fingerprint  # noqa: E402\n\n",
          "end_location": {
            "column": 1,
            "row": 33
          },
          "location": {
            "column": 1,
            "row": 24
          }
        }
      ],
      "message": "Organize imports"
    },
    "location": {
      "column": 1,
      "row": 24
    },
    "message": "Import block is un-sorted or un-formatted",
    "name": "unsorted-imports",
    "noqa_row": 24,
    "severity": "error",
    "url": "https://docs.astral.sh/ruff/rules/unsorted-imports"
  },
  {
    "cell": null,
    "code": "F841",
    "end_location": {
      "column": 15,
      "row": 148
    },
    "filename": "/Users/shonen/leadlag/src/research/scripts/experiments/experiment_jpx33_index_ohlc_20260926.py",
    "fix": {
      "applicability": "unsafe",
      "edits": [
        {
          "content": "",
          "end_location": {
            "column": 18,
            "row": 148
          },
          "location": {
            "column": 5,
            "row": 148
          }
        }
      ],
      "message": "Remove assignment to unused variable `market_set`"
    },
    "location": {
      "column": 5,
      "row": 148
    },
    "message": "Local variable `market_set` is assigned to but never used",
    "name": "unused-variable",
    "noqa_row": 148,
    "severity": "error",
    "url": "https://docs.astral.sh/ruff/rules/unused-variable"
  },
  {
    "cell": null,
    "code": "F541",
    "end_location": {
      "column": 86,
      "row": 535
    },
    "filename": "/Users/shonen/leadlag/src/research/scripts/experiments/experiment_jpx33_index_ohlc_20260926.py",
    "fix": {
      "applicability": "safe",
      "edits": [
        {
          "content": "\"- 2010〜2014年の固定基準期間は33系列の日付・値が揃う1184日。60日TOPIXベータ残差化後、c_fullに使えた完全行は1124日。\"",
          "end_location": {
            "column": 86,
            "row": 535
          },
          "location": {
            "column": 9,
            "row": 535
          }
        }
      ],
      "message": "Remove extraneous `f` prefix"
    },
    "location": {
      "column": 9,
      "row": 535
    },
    "message": "f-string without any placeholders",
    "name": "f-string-missing-placeholders",
    "noqa_row": 535,
    "severity": "error",
    "url": "https://docs.astral.sh/ruff/rules/f-string-missing-placeholders"
  },
  {
    "cell": null,
    "code": "I001",
    "end_location": {
      "column": 70,
      "row": 33
    },
    "filename": "/Users/shonen/leadlag/src/research/scripts/experiments/experiment_jpx33_mapping_ablation_20260926.py",
    "fix": {
      "applicability": "safe",
      "edits": [
        {
          "content": "import experiment_jpx33_direct_prediction_20260924 as prior  # noqa: E402\nimport experiment_jpx33_index_ohlc_20260926 as source_exp  # noqa: E402\n\nfrom leadlag.core.correlation import compute_baseline_correlation  # noqa: E402\nfrom leadlag.core.gap_adjustment import build_raw_distribution  # noqa: E402\nfrom leadlag.core.residualize import compute_rolling_ols_betas  # noqa: E402\nfrom leadlag.data.market_data_cache import load_df_exec_from_local_cache  # noqa: E402\nfrom leadlag.data.tickers import JP_TICKERS, SENSITIVITY_LABELS, US_TICKERS  # noqa: E402\nfrom leadlag.execution.config import load_config_from_yaml  # noqa: E402\nfrom leadlag.experiment_registry import Decision, ExperimentRecord, ExperimentRegistry  # noqa: E402\nfrom leadlag.utils.dataframe_fingerprint import dataframe_fingerprint  # noqa: E402\n\n",
          "end_location": {
            "column": 1,
            "row": 35
          },
          "location": {
            "column": 1,
            "row": 24
          }
        }
      ],
      "message": "Organize imports"
    },
    "location": {
      "column": 1,
      "row": 24
    },
    "message": "Import block is un-sorted or un-formatted",
    "name": "unsorted-imports",
    "noqa_row": 24,
    "severity": "error",
    "url": "https://docs.astral.sh/ruff/rules/unsorted-imports"
  },
  {
    "cell": null,
    "code": "F841",
    "end_location": {
      "column": 17,
      "row": 89
    },
    "filename": "/Users/shonen/leadlag/src/research/scripts/experiments/experiment_jpx33_mapping_ablation_20260926.py",
    "fix": {
      "applicability": "unsafe",
      "edits": [
        {
          "content": "",
          "end_location": {
            "column": 20,
            "row": 89
          },
          "location": {
            "column": 5,
            "row": 89
          }
        }
      ],
      "message": "Remove assignment to unused variable `industry_idx`"
    },
    "location": {
      "column": 5,
      "row": 89
    },
    "message": "Local variable `industry_idx` is assigned to but never used",
    "name": "unused-variable",
    "noqa_row": 89,
    "severity": "error",
    "url": "https://docs.astral.sh/ruff/rules/unused-variable"
  },
  {
    "cell": null,
    "code": "F401",
    "end_location": {
      "column": 12,
      "row": 15
    },
    "filename": "/Users/shonen/leadlag/src/research/scripts/experiments/experiment_jpx33_pitcap_correction_2015_2017_20260924.py",
    "fix": {
      "applicability": "safe",
      "edits": [
        {
          "content": "",
          "end_location": {
            "column": 1,
            "row": 16
          },
          "location": {
            "column": 1,
            "row": 15
          }
        }
      ],
      "message": "Remove unused import: `yaml`"
    },
    "location": {
      "column": 8,
      "row": 15
    },
    "message": "`yaml` imported but unused",
    "name": "unused-import",
    "noqa_row": 15,
    "severity": "error",
    "url": "https://docs.astral.sh/ruff/rules/unused-import"
  },
  {
    "cell": null,
    "code": "I001",
    "end_location": {
      "column": 58,
      "row": 28
    },
    "filename": "/Users/shonen/leadlag/src/research/scripts/experiments/experiment_jpx33_pitcap_correction_2015_2017_20260924.py",
    "fix": {
      "applicability": "safe",
      "edits": [
        {
          "content": "import experiment_sensitivity_pipeline_audit_20260924 as audit  # noqa: E402\n\nfrom leadlag.core.gap_adjustment import build_raw_distribution  # noqa: E402\nfrom leadlag.data.market_data_cache import load_df_exec_from_local_cache  # noqa: E402\nfrom leadlag.data.tickers import JP_TICKERS, N_JP, N_US, SENSITIVITY_LABELS  # noqa: E402\nfrom leadlag.execution.config import load_config_from_yaml  # noqa: E402\nfrom leadlag.experiment_registry import Decision, ExperimentRecord, ExperimentRegistry  # noqa: E402\nfrom leadlag.models.blpx.model import ProductionBLPXModel  # noqa: E402\n\n",
          "end_location": {
            "column": 1,
            "row": 30
          },
          "location": {
            "column": 1,
            "row": 22
          }
        }
      ],
      "message": "Organize imports"
    },
    "location": {
      "column": 1,
      "row": 22
    },
    "message": "Import block is un-sorted or un-formatted",
    "name": "unsorted-imports",
    "noqa_row": 22,
    "severity": "error",
    "url": "https://docs.astral.sh/ruff/rules/unsorted-imports"
  },
  {
    "cell": null,
    "code": "F541",
    "end_location": {
      "column": 97,
      "row": 257
    },
    "filename": "/Users/shonen/leadlag/src/research/scripts/experiments/experiment_jpx33_pitcap_correction_2015_2017_20260924.py",
    "fix": {
      "applicability": "safe",
      "edits": [
        {
          "content": "\"| 比較 | ΔRank IC 95% block CI | ΔMAE bp 95% block CI | ΔRank IC平均 | ΔMAE平均 (bp) | 日数 |\"",
          "end_location": {
            "column": 97,
            "row": 257
          },
          "location": {
            "column": 9,
            "row": 257
          }
        }
      ],
      "message": "Remove extraneous `f` prefix"
    },
    "location": {
      "column": 9,
      "row": 257
    },
    "message": "f-string without any placeholders",
    "name": "f-string-missing-placeholders",
    "noqa_row": 257,
    "severity": "error",
    "url": "https://docs.astral.sh/ruff/rules/f-string-missing-placeholders"
  },
  {
    "cell": null,
    "code": "I001",
    "end_location": {
      "column": 70,
      "row": 29
    },
    "filename": "/Users/shonen/leadlag/src/research/scripts/experiments/experiment_jpx33_sensitivity_open_long_20260924.py",
    "fix": {
      "applicability": "safe",
      "edits": [
        {
          "content": "import experiment_jpx33_sensitivity_prior_20260924 as prior  # noqa: E402\n\nfrom leadlag.core.gap_adjustment import build_raw_distribution  # noqa: E402\nfrom leadlag.data.market_data_cache import load_df_exec_from_local_cache  # noqa: E402\nfrom leadlag.data.tickers import JP_TICKERS, N_JP, N_US, SENSITIVITY_LABELS  # noqa: E402\nfrom leadlag.execution.config import load_config_from_yaml  # noqa: E402\nfrom leadlag.experiment_registry import Decision, ExperimentRecord, ExperimentRegistry  # noqa: E402\nfrom leadlag.models.blpx.model import ProductionBLPXModel  # noqa: E402\nfrom leadlag.utils.dataframe_fingerprint import dataframe_fingerprint  # noqa: E402\n\n",
          "end_location": {
            "column": 1,
            "row": 31
          },
          "location": {
            "column": 1,
            "row": 22
          }
        }
      ],
      "message": "Organize imports"
    },
    "location": {
      "column": 1,
      "row": 22
    },
    "message": "Import block is un-sorted or un-formatted",
    "name": "unsorted-imports",
    "noqa_row": 22,
    "severity": "error",
    "url": "https://docs.astral.sh/ruff/rules/unsorted-imports"
  },
  {
    "cell": null,
    "code": "I001",
    "end_location": {
      "column": 70,
      "row": 36
    },
    "filename": "/Users/shonen/leadlag/src/research/scripts/experiments/experiment_jpx33_sensitivity_prior_20260924.py",
    "fix": {
      "applicability": "safe",
      "edits": [
        {
          "content": "from leadlag.core.correlation import build_v3_static  # noqa: E402\nfrom leadlag.data.intraday_inputs import (  # noqa: E402\n    build_open_910_returns,\n    compute_jp_target_returns,\n)\nfrom leadlag.data.market_data_cache import (  # noqa: E402\n    load_df_exec_from_local_cache,\n    load_intraday_cache,\n)\nfrom leadlag.data.pit_lake import PITDataLake  # noqa: E402\nfrom leadlag.data.tickers import JP_TICKERS, N_JP, N_US, SENSITIVITY_LABELS  # noqa: E402\nfrom leadlag.execution.config import load_config_from_yaml  # noqa: E402\nfrom leadlag.experiment_registry import Decision, ExperimentRecord, ExperimentRegistry  # noqa: E402\nfrom leadlag.models.blpx.model import ProductionBLPXModel  # noqa: E402\nfrom leadlag.pipeline.gap_distribution import (  # noqa: E402\n    compute_gap_distribution,\n    select_gap_coefficients,\n)\nfrom leadlag.utils.dataframe_fingerprint import dataframe_fingerprint  # noqa: E402\n\n",
          "end_location": {
            "column": 1,
            "row": 38
          },
          "location": {
            "column": 1,
            "row": 27
          }
        }
      ],
      "message": "Organize imports"
    },
    "location": {
      "column": 1,
      "row": 27
    },
    "message": "Import block is un-sorted or un-formatted",
    "name": "unsorted-imports",
    "noqa_row": 27,
    "severity": "error",
    "url": "https://docs.astral.sh/ruff/rules/unsorted-imports"
  },
  {
    "cell": null,
    "code": "I001",
    "end_location": {
      "column": 2,
      "row": 49
    },
    "filename": "/Users/shonen/leadlag/src/research/scripts/experiments/experiment_lgbm_order_cost_20260923.py",
    "fix": {
      "applicability": "safe",
      "edits": [
        {
          "content": "from leadlag.data.adr_features import load_adr_features, validate_adr_features\nfrom leadlag.data.intraday_inputs import build_open_910_returns\nfrom leadlag.data.market_data_cache import load_df_exec_from_local_cache\nfrom leadlag.data.tickers import JP_TICKERS\nfrom leadlag.execution.backtester import BacktestEngine\nfrom leadlag.execution.config import load_config_from_yaml\nfrom leadlag.experiment_registry import (\n    Decision,\n    ExperimentRecord,\n    ExperimentRegistry,\n    compute_deflated_sharpe,\n)\nfrom leadlag.models.ml_overlay_artifact import load_overlay_model\nfrom leadlag.models.ml_overlay_features import _build_ticker_features, _precompute_market_vol\nfrom leadlag.reporting.metrics import MetricsSpec, calculate_metrics, compute_drawdown_series\nfrom leadlag.utils.timestamps import normalize_jst_date\nfrom research.experiments.ml_overlay_training import ROUND_TRIP_COST\nfrom research.experiments.order_economics import (\n    OrderCostSchedule,\n    expected_gross_returns_from_overlay,\n    select_partial_orders,\n)\n\n",
          "end_location": {
            "column": 1,
            "row": 51
          },
          "location": {
            "column": 1,
            "row": 28
          }
        }
      ],
      "message": "Organize imports"
    },
    "location": {
      "column": 1,
      "row": 28
    },
    "message": "Import block is un-sorted or un-formatted",
    "name": "unsorted-imports",
    "noqa_row": 28,
    "severity": "error",
    "url": "https://docs.astral.sh/ruff/rules/unsorted-imports"
  },
  {
    "cell": null,
    "code": "F841",
    "end_location": {
      "column": 27,
      "row": 226
    },
    "filename": "/Users/shonen/leadlag/src/research/scripts/experiments/experiment_order_cost_gate_20260923.py",
    "fix": {
      "applicability": "unsafe",
      "edits": [
        {
          "content": "",
          "end_location": {
            "column": 30,
            "row": 226
          },
          "location": {
            "column": 13,
            "row": 226
          }
        }
      ],
      "message": "Remove assignment to unused variable `previous_alpha`"
    },
    "location": {
      "column": 13,
      "row": 226
    },
    "message": "Local variable `previous_alpha` is assigned to but never used",
    "name": "unused-variable",
    "noqa_row": 226,
    "severity": "error",
    "url": "https://docs.astral.sh/ruff/rules/unused-variable"
  },
  {
    "cell": null,
    "code": "F541",
    "end_location": {
      "column": 98,
      "row": 527
    },
    "filename": "/Users/shonen/leadlag/src/research/scripts/experiments/experiment_order_cost_gate_20260923.py",
    "fix": {
      "applicability": "safe",
      "edits": [
        {
          "content": "\"- 20営業日paired block bootstrap: 1,000回、seed=42。区間は日次平均net差の不確実性で、Sharpe差の有意性を意味しない。\"",
          "end_location": {
            "column": 98,
            "row": 527
          },
          "location": {
            "column": 13,
            "row": 527
          }
        }
      ],
      "message": "Remove extraneous `f` prefix"
    },
    "location": {
      "column": 13,
      "row": 527
    },
    "message": "f-string without any placeholders",
    "name": "f-string-missing-placeholders",
    "noqa_row": 527,
    "severity": "error",
    "url": "https://docs.astral.sh/ruff/rules/f-string-missing-placeholders"
  },
  {
    "cell": null,
    "code": "I001",
    "end_location": {
      "column": 56,
      "row": 31
    },
    "filename": "/Users/shonen/leadlag/src/research/scripts/experiments/experiment_sparse_convex_optimizer.py",
    "fix": {
      "applicability": "safe",
      "edits": [
        {
          "content": "from leadlag.core.convex_optimizer import (\n    ConvexOptimizerConfig,\n    optimize_portfolio_convex,\n)\nfrom leadlag.core.portfolio import get_rolling_pit_bin\nfrom leadlag.data.market_data_cache import load_df_exec_from_local_cache\nfrom leadlag.data.tickers import JP_TICKERS\nfrom leadlag.execution.backtester import BacktestEngine\nfrom leadlag.execution.config import load_config_from_yaml\nfrom leadlag.models.blpx import ProductionBLPXModel\nfrom leadlag.models.production_v2 import ProductionV2Model\nfrom leadlag.models.signal_enhancement import apply_rank_reversal_overlay\nfrom leadlag.models.v2.gap_io import _build_current_prices_from_df_exec, _compute_ondemand\nfrom leadlag.models.v2.overlay_applier import _multi_horizon_scores_with_metadata\nfrom leadlag.reporting.metrics import calculate_metrics\n\n\n",
          "end_location": {
            "column": 1,
            "row": 34
          },
          "location": {
            "column": 1,
            "row": 16
          }
        }
      ],
      "message": "Organize imports"
    },
    "location": {
      "column": 1,
      "row": 16
    },
    "message": "Import block is un-sorted or un-formatted",
    "name": "unsorted-imports",
    "noqa_row": 16,
    "severity": "error",
    "url": "https://docs.astral.sh/ruff/rules/unsorted-imports"
  },
  {
    "cell": null,
    "code": "I001",
    "end_location": {
      "column": 63,
      "row": 27
    },
    "filename": "/Users/shonen/leadlag/src/research/scripts/experiments/experiment_stage7_ml_trade_value_20260923.py",
    "fix": {
      "applicability": "safe",
      "edits": [
        {
          "content": "from leadlag.experiment_registry import Decision\nfrom research.experiment_utils import record_simple_experiment\nfrom research.experiments.ml_overlay_training import ROUND_TRIP_COST, SLIPPAGE_BPS_PER_SIDE\n\n",
          "end_location": {
            "column": 1,
            "row": 29
          },
          "location": {
            "column": 1,
            "row": 25
          }
        }
      ],
      "message": "Organize imports"
    },
    "location": {
      "column": 1,
      "row": 25
    },
    "message": "Import block is un-sorted or un-formatted",
    "name": "unsorted-imports",
    "noqa_row": 25,
    "severity": "error",
    "url": "https://docs.astral.sh/ruff/rules/unsorted-imports"
  },
  {
    "cell": null,
    "code": "I001",
    "end_location": {
      "column": 72,
      "row": 24
    },
    "filename": "/Users/shonen/leadlag/src/research/scripts/experiments/experiment_verify_ondemand_pipeline.py",
    "fix": {
      "applicability": "safe",
      "edits": [
        {
          "content": "from leadlag.data.fetcher import download_data\nfrom leadlag.data.market_data_cache import load_df_exec_from_local_cache\nfrom leadlag.data.preprocessor import preprocess_data\nfrom leadlag.data.tickers import JP_TICKERS, TOPIX_TICKER\nfrom leadlag.execution.config import load_config_from_yaml\nfrom leadlag.models.blpx import ProductionBLPXModel\nfrom leadlag.models.production_v2 import ProductionV2Model\nfrom leadlag.models.v2.gap_io import _build_current_prices_from_df_exec, _compute_ondemand\n\n\n",
          "end_location": {
            "column": 1,
            "row": 27
          },
          "location": {
            "column": 1,
            "row": 16
          }
        }
      ],
      "message": "Organize imports"
    },
    "location": {
      "column": 1,
      "row": 16
    },
    "message": "Import block is un-sorted or un-formatted",
    "name": "unsorted-imports",
    "noqa_row": 16,
    "severity": "error",
    "url": "https://docs.astral.sh/ruff/rules/unsorted-imports"
  },
  {
    "cell": null,
    "code": "I001",
    "end_location": {
      "column": 28,
      "row": 18
    },
    "filename": "/Users/shonen/leadlag/src/research/scripts/experiments/fetch_jpx_yearend_industry_caps_20260924.py",
    "fix": {
      "applicability": "safe",
      "edits": [
        {
          "content": "from __future__ import annotations\n\nimport json\nimport re\nfrom hashlib import sha256\nfrom html.parser import HTMLParser\nfrom pathlib import Path\nfrom urllib.request import urlopen, urlretrieve\n\nimport pandas as pd\nimport yaml\nfrom pypdf import PdfReader\n\n",
          "end_location": {
            "column": 1,
            "row": 20
          },
          "location": {
            "column": 1,
            "row": 7
          }
        }
      ],
      "message": "Organize imports"
    },
    "location": {
      "column": 1,
      "row": 7
    },
    "message": "Import block is un-sorted or un-formatted",
    "name": "unsorted-imports",
    "noqa_row": 7,
    "severity": "error",
    "url": "https://docs.astral.sh/ruff/rules/unsorted-imports"
  },
  {
    "cell": null,
    "code": "I001",
    "end_location": {
      "column": 66,
      "row": 22
    },
    "filename": "/Users/shonen/leadlag/src/research/scripts/experiments/prewarm_var_history_20260928.py",
    "fix": {
      "applicability": "safe",
      "edits": [
        {
          "content": "from leadlag.config.paths import results\nfrom leadlag.core.risk import compute_var_es\nfrom leadlag.data.market_data_cache import load_df_exec_from_local_cache\nfrom leadlag.execution import var_history\nfrom leadlag.execution.config import load_config_from_yaml\nfrom leadlag.models.ml_overlay_artifact import load_overlay_model\n\n",
          "end_location": {
            "column": 1,
            "row": 24
          },
          "location": {
            "column": 1,
            "row": 17
          }
        }
      ],
      "message": "Organize imports"
    },
    "location": {
      "column": 1,
      "row": 17
    },
    "message": "Import block is un-sorted or un-formatted",
    "name": "unsorted-imports",
    "noqa_row": 17,
    "severity": "error",
    "url": "https://docs.astral.sh/ruff/rules/unsorted-imports"
  },
  {
    "cell": null,
    "code": "F401",
    "end_location": {
      "column": 23,
      "row": 13
    },
    "filename": "/Users/shonen/leadlag/src/research/scripts/experiments/publish_ml_overlay_var_history_2025.py",
    "fix": {
      "applicability": "safe",
      "edits": [
        {
          "content": "",
          "end_location": {
            "column": 1,
            "row": 14
          },
          "location": {
            "column": 1,
            "row": 13
          }
        }
      ],
      "message": "Remove unused import: `typing.Any`"
    },
    "location": {
      "column": 20,
      "row": 13
    },
    "message": "`typing.Any` imported but unused",
    "name": "unused-import",
    "noqa_row": 13,
    "severity": "error",
    "url": "https://docs.astral.sh/ruff/rules/unused-import"
  },
  {
    "cell": null,
    "code": "I001",
    "end_location": {
      "column": 2,
      "row": 51
    },
    "filename": "/Users/shonen/leadlag/src/research/scripts/experiments/retrain_ml_overlay_20260927.py",
    "fix": {
      "applicability": "safe",
      "edits": [
        {
          "content": "from leadlag.config.schemas import ProductionV2RunConfig\nfrom leadlag.data import macro as macro_data\nfrom leadlag.data.adr_features import load_adr_features, normalize_adr_features\nfrom leadlag.data.intraday_inputs import build_open_910_returns, compute_jp_target_returns\nfrom leadlag.data.market_data_cache import load_raw_cache\nfrom leadlag.data.pit_lake import PITDataLake\nfrom leadlag.data.preprocessor import preprocess_data\nfrom leadlag.data.rank_reversal import load_rank_reversal_frame\nfrom leadlag.data.tickers import JP_TICKERS\nfrom leadlag.data.validation import validate_exec_record\nfrom leadlag.domain.inputs import DecisionInputs, HistoricalInputs\nfrom leadlag.execution.config import load_config_from_yaml\nfrom leadlag.experiment_registry import Decision\nfrom leadlag.models.ml_overlay_artifact import load_overlay_model, save_overlay_model\nfrom leadlag.models.ml_overlay_features import _precompute_market_vol\nfrom leadlag.runner.production import ProductionRunner\nfrom leadlag.utils.dataframe_fingerprint import dataframe_fingerprint\nfrom research.experiment_utils import record_simple_experiment\nfrom research.experiments.ml_overlay_training import (\n    DEFAULT_LGBM_KWARGS,\n    _build_training_decision_model,\n    _collect_training_data,\n    _train_overlay_lgbm,\n)\n\n",
          "end_location": {
            "column": 1,
            "row": 53
          },
          "location": {
            "column": 1,
            "row": 28
          }
        }
      ],
      "message": "Organize imports"
    },
    "location": {
      "column": 1,
      "row": 28
    },
    "message": "Import block is un-sorted or un-formatted",
    "name": "unsorted-imports",
    "noqa_row": 28,
    "severity": "error",
    "url": "https://docs.astral.sh/ruff/rules/unsorted-imports"
  },
  {
    "cell": null,
    "code": "I001",
    "end_location": {
      "column": 73,
      "row": 30
    },
    "filename": "/Users/shonen/leadlag/src/research/scripts/experiments/retrain_ml_overlay_var_history_2025.py",
    "fix": {
      "applicability": "safe",
      "edits": [
        {
          "content": "from leadlag.config.schemas import ProductionV2RunConfig\nfrom leadlag.data.tickers import JP_TICKERS\nfrom leadlag.experiment_registry import Decision\nfrom leadlag.models.ml_overlay_artifact import load_overlay_model, save_overlay_model\nfrom leadlag.utils.dataframe_fingerprint import dataframe_fingerprint\nfrom research.experiment_utils import record_simple_experiment\nfrom research.experiments.ml_overlay_training import DEFAULT_LGBM_KWARGS, _train_overlay_lgbm\n\n",
          "end_location": {
            "column": 1,
            "row": 32
          },
          "location": {
            "column": 1,
            "row": 23
          }
        }
      ],
      "message": "Organize imports"
    },
    "location": {
      "column": 1,
      "row": 23
    },
    "message": "Import block is un-sorted or un-formatted",
    "name": "unsorted-imports",
    "noqa_row": 23,
    "severity": "error",
    "url": "https://docs.astral.sh/ruff/rules/unsorted-imports"
  },
  {
    "cell": null,
    "code": "F841",
    "end_location": {
      "column": 22,
      "row": 100
    },
    "filename": "/Users/shonen/leadlag/src/research/scripts/experiments/retrain_ml_overlay_var_history_2025.py",
    "fix": {
      "applicability": "unsafe",
      "edits": [
        {
          "content": "",
          "end_location": {
            "column": 25,
            "row": 100
          },
          "location": {
            "column": 5,
            "row": 100
          }
        }
      ],
      "message": "Remove assignment to unused variable `source_provenance`"
    },
    "location": {
      "column": 5,
      "row": 100
    },
    "message": "Local variable `source_provenance` is assigned to but never used",
    "name": "unused-variable",
    "noqa_row": 100,
    "severity": "error",
    "url": "https://docs.astral.sh/ruff/rules/unused-variable"
  },
  {
    "cell": null,
    "code": "I001",
    "end_location": {
      "column": 67,
      "row": 100
    },
    "filename": "/Users/shonen/leadlag/src/research/scripts/experiments/run_live_aligned_v2_backtest.py",
    "fix": {
      "applicability": "safe",
      "edits": [
        {
          "content": "    from leadlag.data.intraday_inputs import compute_jp_target_returns\n    from leadlag.data.market_data_cache import load_df_exec_from_local_cache\n    from leadlag.data.tickers import JP_TICKERS\n    from leadlag.execution.config import load_config_from_yaml\n    from leadlag.models.ml_overlay_artifact import load_overlay_model\n    from leadlag.models.ml_overlay_inference import generate_v2_production_portfolio_with_overlay\n    from research.experiment_registry import Decision\n    from research.experiment_utils import record_simple_experiment\n",
          "end_location": {
            "column": 1,
            "row": 101
          },
          "location": {
            "column": 1,
            "row": 93
          }
        }
      ],
      "message": "Organize imports"
    },
    "location": {
      "column": 5,
      "row": 93
    },
    "message": "Import block is un-sorted or un-formatted",
    "name": "unsorted-imports",
    "noqa_row": 93,
    "severity": "error",
    "url": "https://docs.astral.sh/ruff/rules/unsorted-imports"
  },
  {
    "cell": null,
    "code": "UP015",
    "end_location": {
      "column": 74,
      "row": 25
    },
    "filename": "/Users/shonen/leadlag/src/research/scripts/experiments/run_subsector_98_ic.py",
    "fix": {
      "applicability": "safe",
      "edits": [
        {
          "content": "",
          "end_location": {
            "column": 74,
            "row": 25
          },
          "location": {
            "column": 69,
            "row": 25
          }
        }
      ],
      "message": "Remove mode argument"
    },
    "location": {
      "column": 71,
      "row": 25
    },
    "message": "Unnecessary mode argument",
    "name": "redundant-open-modes",
    "noqa_row": 25,
    "severity": "error",
    "url": "https://docs.astral.sh/ruff/rules/redundant-open-modes"
  },
  {
    "cell": null,
    "code": "UP015",
    "end_location": {
      "column": 79,
      "row": 34
    },
    "filename": "/Users/shonen/leadlag/src/research/scripts/experiments/run_subsector_98_ic.py",
    "fix": {
      "applicability": "safe",
      "edits": [
        {
          "content": "",
          "end_location": {
            "column": 79,
            "row": 34
          },
          "location": {
            "column": 74,
            "row": 34
          }
        }
      ],
      "message": "Remove mode argument"
    },
    "location": {
      "column": 76,
      "row": 34
    },
    "message": "Unnecessary mode argument",
    "name": "redundant-open-modes",
    "noqa_row": 34,
    "severity": "error",
    "url": "https://docs.astral.sh/ruff/rules/redundant-open-modes"
  },
  {
    "cell": null,
    "code": "I001",
    "end_location": {
      "column": 59,
      "row": 45
    },
    "filename": "/Users/shonen/leadlag/src/research/scripts/experiments/run_subsector_98_ic.py",
    "fix": {
      "applicability": "safe",
      "edits": [
        {
          "content": "import leadlag.core.correlation as _correlation\nimport leadlag.core.pipeline as _pipeline\nimport leadlag.data.preprocessor as _preprocessor\nimport leadlag.data.tickers as _tickers\nimport leadlag.models.blpx.model_predict as _model_predict\nimport leadlag.models.blpx.prior_builder as _prior_builder\n\n\n",
          "end_location": {
            "column": 1,
            "row": 48
          },
          "location": {
            "column": 1,
            "row": 40
          }
        }
      ],
      "message": "Organize imports"
    },
    "location": {
      "column": 1,
      "row": 40
    },
    "message": "Import block is un-sorted or un-formatted",
    "name": "unsorted-imports",
    "noqa_row": 40,
    "severity": "error",
    "url": "https://docs.astral.sh/ruff/rules/unsorted-imports"
  },
  {
    "cell": null,
    "code": "F401",
    "end_location": {
      "column": 48,
      "row": 43
    },
    "filename": "/Users/shonen/leadlag/src/research/scripts/experiments/run_subsector_98_ic.py",
    "fix": {
      "applicability": "safe",
      "edits": [
        {
          "content": "",
          "end_location": {
            "column": 1,
            "row": 44
          },
          "location": {
            "column": 1,
            "row": 43
          }
        }
      ],
      "message": "Remove unused import: `leadlag.core.correlation`"
    },
    "location": {
      "column": 36,
      "row": 43
    },
    "message": "`leadlag.core.correlation` imported but unused",
    "name": "unused-import",
    "noqa_row": 43,
    "severity": "error",
    "url": "https://docs.astral.sh/ruff/rules/unused-import"
  },
  {
    "cell": null,
    "code": "I001",
    "end_location": {
      "column": 23,
      "row": 23
    },
    "filename": "/Users/shonen/leadlag/src/research/scripts/experiments/run_subsector_ic.py",
    "fix": {
      "applicability": "safe",
      "edits": [
        {
          "content": "from __future__ import annotations\n\nimport importlib\nimport json\nimport logging\nimport sys\nfrom pathlib import Path\nfrom typing import Any\n\nimport numpy as np\nimport pandas as pd\nimport yaml\n\n",
          "end_location": {
            "column": 1,
            "row": 25
          },
          "location": {
            "column": 1,
            "row": 12
          }
        }
      ],
      "message": "Organize imports"
    },
    "location": {
      "column": 1,
      "row": 12
    },
    "message": "Import block is un-sorted or un-formatted",
    "name": "unsorted-imports",
    "noqa_row": 12,
    "severity": "error",
    "url": "https://docs.astral.sh/ruff/rules/unsorted-imports"
  },
  {
    "cell": null,
    "code": "I001",
    "end_location": {
      "column": 59,
      "row": 44
    },
    "filename": "/Users/shonen/leadlag/src/research/scripts/experiments/run_subsector_ic.py",
    "fix": {
      "applicability": "safe",
      "edits": [
        {
          "content": "import leadlag.core.correlation as _correlation\nimport leadlag.core.pipeline as _pipeline\nimport leadlag.data.intraday_inputs as _intraday_inputs\nimport leadlag.data.preprocessor as _preprocessor\nimport leadlag.data.tickers as _tickers\nimport leadlag.models.blpx.model_predict as _model_predict\nimport leadlag.models.blpx.prior_builder as _prior_builder\n\n\n",
          "end_location": {
            "column": 1,
            "row": 47
          },
          "location": {
            "column": 1,
            "row": 38
          }
        }
      ],
      "message": "Organize imports"
    },
    "location": {
      "column": 1,
      "row": 38
    },
    "message": "Import block is un-sorted or un-formatted",
    "name": "unsorted-imports",
    "noqa_row": 38,
    "severity": "error",
    "url": "https://docs.astral.sh/ruff/rules/unsorted-imports"
  },
  {
    "cell": null,
    "code": "I001",
    "end_location": {
      "column": 31,
      "row": 84
    },
    "filename": "/Users/shonen/leadlag/src/research/scripts/experiments/run_subsector_ic.py",
    "fix": {
      "applicability": "safe",
      "edits": [
        {
          "content": "    from hashlib import sha256\n\n    from leadlag.core.pipeline import build_common_inputs\n",
          "end_location": {
            "column": 1,
            "row": 85
          },
          "location": {
            "column": 1,
            "row": 83
          }
        }
      ],
      "message": "Organize imports"
    },
    "location": {
      "column": 5,
      "row": 83
    },
    "message": "Import block is un-sorted or un-formatted",
    "name": "unsorted-imports",
    "noqa_row": 83,
    "severity": "error",
    "url": "https://docs.astral.sh/ruff/rules/unsorted-imports"
  },
  {
    "cell": null,
    "code": "F401",
    "end_location": {
      "column": 31,
      "row": 84
    },
    "filename": "/Users/shonen/leadlag/src/research/scripts/experiments/run_subsector_ic.py",
    "fix": {
      "applicability": "safe",
      "edits": [
        {
          "content": "",
          "end_location": {
            "column": 1,
            "row": 85
          },
          "location": {
            "column": 1,
            "row": 84
          }
        }
      ],
      "message": "Remove unused import: `hashlib.sha256`"
    },
    "location": {
      "column": 25,
      "row": 84
    },
    "message": "`hashlib.sha256` imported but unused",
    "name": "unused-import",
    "noqa_row": 84,
    "severity": "error",
    "url": "https://docs.astral.sh/ruff/rules/unused-import"
  },
  {
    "cell": null,
    "code": "UP015",
    "end_location": {
      "column": 79,
      "row": 129
    },
    "filename": "/Users/shonen/leadlag/src/research/scripts/experiments/run_subsector_ic.py",
    "fix": {
      "applicability": "safe",
      "edits": [
        {
          "content": "",
          "end_location": {
            "column": 79,
            "row": 129
          },
          "location": {
            "column": 74,
            "row": 129
          }
        }
      ],
      "message": "Remove mode argument"
    },
    "location": {
      "column": 76,
      "row": 129
    },
    "message": "Unnecessary mode argument",
    "name": "redundant-open-modes",
    "noqa_row": 129,
    "severity": "error",
    "url": "https://docs.astral.sh/ruff/rules/redundant-open-modes"
  },
  {
    "cell": null,
    "code": "I001",
    "end_location": {
      "column": 56,
      "row": 169
    },
    "filename": "/Users/shonen/leadlag/src/research/scripts/experiments/run_subsector_ic.py",
    "fix": {
      "applicability": "safe",
      "edits": [
        {
          "content": "from leadlag.config.schemas import BLPXConfig\nfrom leadlag.data.fetcher import download_data\nfrom leadlag.data.preprocessor import preprocess_data\nfrom leadlag.data.tickers import JP_TICKERS, US_TICKERS\nfrom leadlag.models.blpx.model import ProductionBLPXModel\n\n",
          "end_location": {
            "column": 1,
            "row": 171
          },
          "location": {
            "column": 1,
            "row": 164
          }
        }
      ],
      "message": "Organize imports"
    },
    "location": {
      "column": 1,
      "row": 164
    },
    "message": "Import block is un-sorted or un-formatted",
    "name": "unsorted-imports",
    "noqa_row": 164,
    "severity": "error",
    "url": "https://docs.astral.sh/ruff/rules/unsorted-imports"
  },
  {
    "cell": null,
    "code": "I001",
    "end_location": {
      "column": 23,
      "row": 20
    },
    "filename": "/Users/shonen/leadlag/src/research/scripts/experiments/run_subsector_ic_expanded.py",
    "fix": {
      "applicability": "safe",
      "edits": [
        {
          "content": "from __future__ import annotations\n\nimport importlib\nimport json\nimport logging\nimport sys\nfrom pathlib import Path\nfrom typing import Any\n\nimport numpy as np\nimport pandas as pd\nimport yaml\n\n",
          "end_location": {
            "column": 1,
            "row": 22
          },
          "location": {
            "column": 1,
            "row": 9
          }
        }
      ],
      "message": "Organize imports"
    },
    "location": {
      "column": 1,
      "row": 9
    },
    "message": "Import block is un-sorted or un-formatted",
    "name": "unsorted-imports",
    "noqa_row": 9,
    "severity": "error",
    "url": "https://docs.astral.sh/ruff/rules/unsorted-imports"
  },
  {
    "cell": null,
    "code": "I001",
    "end_location": {
      "column": 59,
      "row": 41
    },
    "filename": "/Users/shonen/leadlag/src/research/scripts/experiments/run_subsector_ic_expanded.py",
    "fix": {
      "applicability": "safe",
      "edits": [
        {
          "content": "import leadlag.core.correlation as _correlation\nimport leadlag.core.pipeline as _pipeline\nimport leadlag.data.intraday_inputs as _intraday_inputs\nimport leadlag.data.preprocessor as _preprocessor\nimport leadlag.data.tickers as _tickers\nimport leadlag.models.blpx.model_predict as _model_predict\nimport leadlag.models.blpx.prior_builder as _prior_builder\n\n\n",
          "end_location": {
            "column": 1,
            "row": 44
          },
          "location": {
            "column": 1,
            "row": 35
          }
        }
      ],
      "message": "Organize imports"
    },
    "location": {
      "column": 1,
      "row": 35
    },
    "message": "Import block is un-sorted or un-formatted",
    "name": "unsorted-imports",
    "noqa_row": 35,
    "severity": "error",
    "url": "https://docs.astral.sh/ruff/rules/unsorted-imports"
  },
  {
    "cell": null,
    "code": "I001",
    "end_location": {
      "column": 31,
      "row": 81
    },
    "filename": "/Users/shonen/leadlag/src/research/scripts/experiments/run_subsector_ic_expanded.py",
    "fix": {
      "applicability": "safe",
      "edits": [
        {
          "content": "    from hashlib import sha256\n\n    from leadlag.core.pipeline import build_common_inputs\n",
          "end_location": {
            "column": 1,
            "row": 82
          },
          "location": {
            "column": 1,
            "row": 80
          }
        }
      ],
      "message": "Organize imports"
    },
    "location": {
      "column": 5,
      "row": 80
    },
    "message": "Import block is un-sorted or un-formatted",
    "name": "unsorted-imports",
    "noqa_row": 80,
    "severity": "error",
    "url": "https://docs.astral.sh/ruff/rules/unsorted-imports"
  },
  {
    "cell": null,
    "code": "F401",
    "end_location": {
      "column": 31,
      "row": 81
    },
    "filename": "/Users/shonen/leadlag/src/research/scripts/experiments/run_subsector_ic_expanded.py",
    "fix": {
      "applicability": "safe",
      "edits": [
        {
          "content": "",
          "end_location": {
            "column": 1,
            "row": 82
          },
          "location": {
            "column": 1,
            "row": 81
          }
        }
      ],
      "message": "Remove unused import: `hashlib.sha256`"
    },
    "location": {
      "column": 25,
      "row": 81
    },
    "message": "`hashlib.sha256` imported but unused",
    "name": "unused-import",
    "noqa_row": 81,
    "severity": "error",
    "url": "https://docs.astral.sh/ruff/rules/unused-import"
  },
  {
    "cell": null,
    "code": "UP015",
    "end_location": {
      "column": 81,
      "row": 126
    },
    "filename": "/Users/shonen/leadlag/src/research/scripts/experiments/run_subsector_ic_expanded.py",
    "fix": {
      "applicability": "safe",
      "edits": [
        {
          "content": "",
          "end_location": {
            "column": 81,
            "row": 126
          },
          "location": {
            "column": 76,
            "row": 126
          }
        }
      ],
      "message": "Remove mode argument"
    },
    "location": {
      "column": 78,
      "row": 126
    },
    "message": "Unnecessary mode argument",
    "name": "redundant-open-modes",
    "noqa_row": 126,
    "severity": "error",
    "url": "https://docs.astral.sh/ruff/rules/redundant-open-modes"
  },
  {
    "cell": null,
    "code": "I001",
    "end_location": {
      "column": 56,
      "row": 166
    },
    "filename": "/Users/shonen/leadlag/src/research/scripts/experiments/run_subsector_ic_expanded.py",
    "fix": {
      "applicability": "safe",
      "edits": [
        {
          "content": "from leadlag.config.schemas import BLPXConfig\nfrom leadlag.data.fetcher import download_data\nfrom leadlag.data.preprocessor import preprocess_data\nfrom leadlag.data.tickers import JP_TICKERS, US_TICKERS\nfrom leadlag.models.blpx.model import ProductionBLPXModel\n\n",
          "end_location": {
            "column": 1,
            "row": 168
          },
          "location": {
            "column": 1,
            "row": 161
          }
        }
      ],
      "message": "Organize imports"
    },
    "location": {
      "column": 1,
      "row": 161
    },
    "message": "Import block is un-sorted or un-formatted",
    "name": "unsorted-imports",
    "noqa_row": 161,
    "severity": "error",
    "url": "https://docs.astral.sh/ruff/rules/unsorted-imports"
  },
  {
    "cell": null,
    "code": "I001",
    "end_location": {
      "column": 23,
      "row": 17
    },
    "filename": "/Users/shonen/leadlag/src/research/scripts/experiments/run_subsector_ic_heuristic.py",
    "fix": {
      "applicability": "safe",
      "edits": [
        {
          "content": "from __future__ import annotations\n\nimport importlib\nimport json\nimport logging\nimport sys\nfrom pathlib import Path\nfrom typing import Any\n\nimport numpy as np\nimport pandas as pd\nimport yaml\n\n",
          "end_location": {
            "column": 1,
            "row": 19
          },
          "location": {
            "column": 1,
            "row": 6
          }
        }
      ],
      "message": "Organize imports"
    },
    "location": {
      "column": 1,
      "row": 6
    },
    "message": "Import block is un-sorted or un-formatted",
    "name": "unsorted-imports",
    "noqa_row": 6,
    "severity": "error",
    "url": "https://docs.astral.sh/ruff/rules/unsorted-imports"
  },
  {
    "cell": null,
    "code": "I001",
    "end_location": {
      "column": 59,
      "row": 38
    },
    "filename": "/Users/shonen/leadlag/src/research/scripts/experiments/run_subsector_ic_heuristic.py",
    "fix": {
      "applicability": "safe",
      "edits": [
        {
          "content": "import leadlag.core.correlation as _correlation\nimport leadlag.core.pipeline as _pipeline\nimport leadlag.data.intraday_inputs as _intraday_inputs\nimport leadlag.data.preprocessor as _preprocessor\nimport leadlag.data.tickers as _tickers\nimport leadlag.models.blpx.model_predict as _model_predict\nimport leadlag.models.blpx.prior_builder as _prior_builder\n\n\n",
          "end_location": {
            "column": 1,
            "row": 41
          },
          "location": {
            "column": 1,
            "row": 32
          }
        }
      ],
      "message": "Organize imports"
    },
    "location": {
      "column": 1,
      "row": 32
    },
    "message": "Import block is un-sorted or un-formatted",
    "name": "unsorted-imports",
    "noqa_row": 32,
    "severity": "error",
    "url": "https://docs.astral.sh/ruff/rules/unsorted-imports"
  },
  {
    "cell": null,
    "code": "UP015",
    "end_location": {
      "column": 101,
      "row": 52
    },
    "filename": "/Users/shonen/leadlag/src/research/scripts/experiments/run_subsector_ic_heuristic.py",
    "fix": {
      "applicability": "safe",
      "edits": [
        {
          "content": "",
          "end_location": {
            "column": 101,
            "row": 52
          },
          "location": {
            "column": 96,
            "row": 52
          }
        }
      ],
      "message": "Remove mode argument"
    },
    "location": {
      "column": 98,
      "row": 52
    },
    "message": "Unnecessary mode argument",
    "name": "redundant-open-modes",
    "noqa_row": 52,
    "severity": "error",
    "url": "https://docs.astral.sh/ruff/rules/redundant-open-modes"
  },
  {
    "cell": null,
    "code": "UP015",
    "end_location": {
      "column": 79,
      "row": 129
    },
    "filename": "/Users/shonen/leadlag/src/research/scripts/experiments/run_subsector_ic_heuristic.py",
    "fix": {
      "applicability": "safe",
      "edits": [
        {
          "content": "",
          "end_location": {
            "column": 79,
            "row": 129
          },
          "location": {
            "column": 74,
            "row": 129
          }
        }
      ],
      "message": "Remove mode argument"
    },
    "location": {
      "column": 76,
      "row": 129
    },
    "message": "Unnecessary mode argument",
    "name": "redundant-open-modes",
    "noqa_row": 129,
    "severity": "error",
    "url": "https://docs.astral.sh/ruff/rules/redundant-open-modes"
  },
  {
    "cell": null,
    "code": "I001",
    "end_location": {
      "column": 56,
      "row": 168
    },
    "filename": "/Users/shonen/leadlag/src/research/scripts/experiments/run_subsector_ic_heuristic.py",
    "fix": {
      "applicability": "safe",
      "edits": [
        {
          "content": "from leadlag.config.schemas import BLPXConfig\nfrom leadlag.data.fetcher import download_data\nfrom leadlag.data.preprocessor import preprocess_data\nfrom leadlag.data.tickers import JP_TICKERS, US_TICKERS\nfrom leadlag.models.blpx.model import ProductionBLPXModel\n\n",
          "end_location": {
            "column": 1,
            "row": 170
          },
          "location": {
            "column": 1,
            "row": 163
          }
        }
      ],
      "message": "Organize imports"
    },
    "location": {
      "column": 1,
      "row": 163
    },
    "message": "Import block is un-sorted or un-formatted",
    "name": "unsorted-imports",
    "noqa_row": 163,
    "severity": "error",
    "url": "https://docs.astral.sh/ruff/rules/unsorted-imports"
  },
  {
    "cell": null,
    "code": "I001",
    "end_location": {
      "column": 2,
      "row": 42
    },
    "filename": "/Users/shonen/leadlag/src/research/scripts/experiments/run_v2_backtest.py",
    "fix": {
      "applicability": "safe",
      "edits": [
        {
          "content": "from leadlag.data.intraday_inputs import compute_jp_target_returns\nfrom leadlag.data.market_data_cache import load_df_exec_from_local_cache, load_intraday_cache\nfrom leadlag.execution.backtester import BacktestEngine\nfrom leadlag.execution.config import load_config_from_yaml\nfrom research.experiment_registry import Decision\nfrom research.experiment_utils import record_backtest_experiment\nfrom research.scripts.experiments._backtest_5m_utils import (\n    JP_TICKERS,\n    _allocate_lots,\n    _bar_value,\n    _find_bar,\n    _load_5m_cost_params,\n    _lot_size,\n    price_from_mode,\n)\n\n\n",
          "end_location": {
            "column": 1,
            "row": 45
          },
          "location": {
            "column": 1,
            "row": 28
          }
        }
      ],
      "message": "Organize imports"
    },
    "location": {
      "column": 1,
      "row": 28
    },
    "message": "Import block is un-sorted or un-formatted",
    "name": "unsorted-imports",
    "noqa_row": 28,
    "severity": "error",
    "url": "https://docs.astral.sh/ruff/rules/unsorted-imports"
  },
  {
    "cell": null,
    "code": "I001",
    "end_location": {
      "column": 71,
      "row": 18
    },
    "filename": "/Users/shonen/leadlag/src/research/scripts/experiments/save_new_df_exec_to_cache.py",
    "fix": {
      "applicability": "safe",
      "edits": [
        {
          "content": "from leadlag.data.market_data_cache import save_df_exec_to_local_cache\n\n\n",
          "end_location": {
            "column": 1,
            "row": 21
          },
          "location": {
            "column": 1,
            "row": 17
          }
        }
      ],
      "message": "Organize imports"
    },
    "location": {
      "column": 1,
      "row": 17
    },
    "message": "Import block is un-sorted or un-formatted",
    "name": "unsorted-imports",
    "noqa_row": 17,
    "severity": "error",
    "url": "https://docs.astral.sh/ruff/rules/unsorted-imports"
  },
  {
    "cell": null,
    "code": "F811",
    "end_location": {
      "column": 71,
      "row": 18
    },
    "filename": "/Users/shonen/leadlag/src/research/scripts/experiments/save_new_df_exec_to_cache.py",
    "fix": {
      "applicability": "safe",
      "edits": [
        {
          "content": "",
          "end_location": {
            "column": 1,
            "row": 19
          },
          "location": {
            "column": 1,
            "row": 18
          }
        }
      ],
      "message": "Remove definition: `save_df_exec_to_local_cache`"
    },
    "location": {
      "column": 44,
      "row": 18
    },
    "message": "Redefinition of unused `save_df_exec_to_local_cache` from line 17: `save_df_exec_to_local_cache` redefined here",
    "name": "redefined-while-unused",
    "noqa_row": 18,
    "severity": "error",
    "url": "https://docs.astral.sh/ruff/rules/redefined-while-unused"
  },
  {
    "cell": null,
    "code": "I001",
    "end_location": {
      "column": 2,
      "row": 38
    },
    "filename": "/Users/shonen/leadlag/src/research/scripts/experiments/structural_artifact_evaluate.py",
    "fix": {
      "applicability": "safe",
      "edits": [
        {
          "content": "from __future__ import annotations\n\nimport hashlib\nimport json\nimport logging\nfrom collections import Counter\nfrom datetime import UTC, datetime\n\nimport numpy as np\nimport pandas as pd\n\nfrom leadlag.data.pit_lake import PITDataLake\nfrom leadlag.data.tickers import JP_TICKERS\nfrom leadlag.domain.inputs import DecisionInputs\nfrom leadlag.execution.backtester import BacktestEngine\nfrom leadlag.execution.config import load_config_from_yaml\nfrom leadlag.experiment_registry import Decision, ExperimentRecord, ExperimentRegistry\nfrom leadlag.models.ml_overlay_artifact import load_overlay_model, save_overlay_model\nfrom leadlag.models.ml_overlay_inference import apply_overlay\nfrom leadlag.runner.production import ProductionRunner\nfrom leadlag.utils.dataframe_fingerprint import dataframe_fingerprint\nfrom research.experiments.ml_overlay_training import DEFAULT_LGBM_KWARGS, _train_overlay_lgbm\nfrom research.scripts.experiments.structural_artifact_acceptance import (\n    GAP,\n    REPORT,\n    ROOT,\n    WORK,\n    dump,\n    load,\n    resources,\n    write_json,\n)\n\n\n",
          "end_location": {
            "column": 1,
            "row": 41
          },
          "location": {
            "column": 1,
            "row": 6
          }
        }
      ],
      "message": "Organize imports"
    },
    "location": {
      "column": 1,
      "row": 6
    },
    "message": "Import block is un-sorted or un-formatted",
    "name": "unsorted-imports",
    "noqa_row": 6,
    "severity": "error",
    "url": "https://docs.astral.sh/ruff/rules/unsorted-imports"
  },
  {
    "cell": null,
    "code": "I001",
    "end_location": {
      "column": 2,
      "row": 39
    },
    "filename": "/Users/shonen/leadlag/src/research/scripts/experiments/structural_gap_var_acceptance.py",
    "fix": {
      "applicability": "safe",
      "edits": [
        {
          "content": "from __future__ import annotations\n\nimport argparse\nimport json\nimport logging\nimport sys\nimport time\nfrom unittest.mock import patch\n\nimport numpy as np\nimport pandas as pd\n\nfrom leadlag.config.schemas import AppConfig\nfrom leadlag.data.horizon_returns import compute_cumulative_returns\nfrom leadlag.data.intraday_inputs import compute_jp_target_returns\nfrom leadlag.data.pit_lake import PITDataLake\nfrom leadlag.data.tickers import JP_TICKERS\nfrom leadlag.domain.distribution import DistributionReason, DistributionStatus\nfrom leadlag.execution import var_history\nfrom leadlag.execution.config import load_config_from_yaml\nfrom leadlag.models.ml_overlay_artifact import load_overlay_model\nfrom leadlag.models.v2.distribution_source import (\n    FileCacheDistributionSource,\n    OnDemandDistributionSource,\n)\nfrom leadlag.runner.model_factory import build_blpx_model, build_v2_model_bundle\nfrom leadlag.utils.gap_provenance import config_version\nfrom research.diagnostics.gap_inputs import build_gap_historical_inputs, prepare_gap_model_inputs\nfrom research.scripts.experiments.structural_artifact_acceptance import (\n    GAP,\n    REPORT,\n    ROOT,\n    WORK,\n    load,\n    resources,\n    write_json,\n)\n\n\n",
          "end_location": {
            "column": 1,
            "row": 42
          },
          "location": {
            "column": 1,
            "row": 2
          }
        }
      ],
      "message": "Organize imports"
    },
    "location": {
      "column": 1,
      "row": 2
    },
    "message": "Import block is un-sorted or un-formatted",
    "name": "unsorted-imports",
    "noqa_row": 2,
    "severity": "error",
    "url": "https://docs.astral.sh/ruff/rules/unsorted-imports"
  },
  {
    "cell": null,
    "code": "F401",
    "end_location": {
      "column": 59,
      "row": 4
    },
    "filename": "/Users/shonen/leadlag/src/research/scripts/experiments/structural_gap_var_acceptance.py",
    "fix": {
      "applicability": "safe",
      "edits": [
        {
          "content": "from leadlag.domain.distribution import DistributionStatus",
          "end_location": {
            "column": 79,
            "row": 4
          },
          "location": {
            "column": 1,
            "row": 4
          }
        }
      ],
      "message": "Remove unused import: `leadlag.domain.distribution.DistributionReason`"
    },
    "location": {
      "column": 41,
      "row": 4
    },
    "message": "`leadlag.domain.distribution.DistributionReason` imported but unused",
    "name": "unused-import",
    "noqa_row": 4,
    "severity": "error",
    "url": "https://docs.astral.sh/ruff/rules/unused-import"
  },
  {
    "cell": null,
    "code": "F401",
    "end_location": {
      "column": 44,
      "row": 24
    },
    "filename": "/Users/shonen/leadlag/src/research/scripts/experiments/validate_subsector_quality.py",
    "fix": {
      "applicability": "safe",
      "edits": [
        {
          "content": "",
          "end_location": {
            "column": 1,
            "row": 25
          },
          "location": {
            "column": 1,
            "row": 24
          }
        }
      ],
      "message": "Remove unused import: `leadlag.data.tickers.JP_TICKERS`"
    },
    "location": {
      "column": 34,
      "row": 24
    },
    "message": "`leadlag.data.tickers.JP_TICKERS` imported but unused",
    "name": "unused-import",
    "noqa_row": 24,
    "severity": "error",
    "url": "https://docs.astral.sh/ruff/rules/unused-import"
  },
  {
    "cell": null,
    "code": "UP015",
    "end_location": {
      "column": 28,
      "row": 50
    },
    "filename": "/Users/shonen/leadlag/src/research/scripts/experiments/validate_subsector_quality.py",
    "fix": {
      "applicability": "safe",
      "edits": [
        {
          "content": "",
          "end_location": {
            "column": 28,
            "row": 50
          },
          "location": {
            "column": 23,
            "row": 50
          }
        }
      ],
      "message": "Remove mode argument"
    },
    "location": {
      "column": 25,
      "row": 50
    },
    "message": "Unnecessary mode argument",
    "name": "redundant-open-modes",
    "noqa_row": 50,
    "severity": "error",
    "url": "https://docs.astral.sh/ruff/rules/redundant-open-modes"
  },
  {
    "cell": null,
    "code": "F401",
    "end_location": {
      "column": 44,
      "row": 24
    },
    "filename": "/Users/shonen/leadlag/src/research/scripts/experiments/validate_subsector_quality_expanded.py",
    "fix": {
      "applicability": "safe",
      "edits": [
        {
          "content": "",
          "end_location": {
            "column": 1,
            "row": 25
          },
          "location": {
            "column": 1,
            "row": 24
          }
        }
      ],
      "message": "Remove unused import: `leadlag.data.tickers.JP_TICKERS`"
    },
    "location": {
      "column": 34,
      "row": 24
    },
    "message": "`leadlag.data.tickers.JP_TICKERS` imported but unused",
    "name": "unused-import",
    "noqa_row": 24,
    "severity": "error",
    "url": "https://docs.astral.sh/ruff/rules/unused-import"
  },
  {
    "cell": null,
    "code": "UP015",
    "end_location": {
      "column": 28,
      "row": 47
    },
    "filename": "/Users/shonen/leadlag/src/research/scripts/experiments/validate_subsector_quality_expanded.py",
    "fix": {
      "applicability": "safe",
      "edits": [
        {
          "content": "",
          "end_location": {
            "column": 28,
            "row": 47
          },
          "location": {
            "column": 23,
            "row": 47
          }
        }
      ],
      "message": "Remove mode argument"
    },
    "location": {
      "column": 25,
      "row": 47
    },
    "message": "Unnecessary mode argument",
    "name": "redundant-open-modes",
    "noqa_row": 47,
    "severity": "error",
    "url": "https://docs.astral.sh/ruff/rules/redundant-open-modes"
  },
  {
    "cell": null,
    "code": "I001",
    "end_location": {
      "column": 2,
      "row": 79
    },
    "filename": "/Users/shonen/leadlag/tools/research/compute_gap_adjusted_distribution.py",
    "fix": {
      "applicability": "safe",
      "edits": [
        {
          "content": "from leadlag.broker.tachibana.session_cache import save_open_prices_cache\nfrom leadlag.core.portfolio import solve_baseline_style\nfrom leadlag.core.signal import build_weights_minvar\nfrom leadlag.data.gap_store import GapStore\nfrom leadlag.data.horizon_returns import (\n    compute_cumulative_returns as _shared_compute_cumulative_returns,\n)\nfrom leadlag.data.intraday_inputs import (\n    build_5m_910_prices,\n    build_open_910_returns,\n    compute_jp_target_returns,\n)\nfrom leadlag.data.market_data_cache import save_df_exec_to_local_cache\nfrom leadlag.data.pit_lake import PITDataLake\nfrom leadlag.data.quote_snapshot import FrozenQuoteSnapshot, load_frozen_quote_snapshot\nfrom leadlag.data.tickers import JP_TICKERS, TOPIX_TICKER\nfrom leadlag.execution.config import load_config_from_yaml\nfrom leadlag.models.signal_enhancement import apply_multi_horizon_blend, apply_rank_reversal_overlay\nfrom leadlag.models.v2.gap_io import _extract_horizon_snapshot_inputs\nfrom leadlag.pipeline.gap_distribution import compute_gap_distribution, select_gap_coefficients\nfrom leadlag.pipeline.gap_reporting import (\n    build_gap_diagnostic_frames,\n    write_gap_diagnostic_frames,\n)\nfrom leadlag.runner.model_factory import build_blpx_model\nfrom leadlag.utils.gap_matrix_io import save_gap_matrices\nfrom leadlag.utils.gap_provenance import (\n    config_version,\n    gap_inputs_version,\n    input_version,\n    model_version,\n    open_910_version,\n)\nfrom research.diagnostics.gap_inputs import (\n    attach_topix_trade_returns,\n    build_gap_historical_inputs,\n    inject_tachibana_realtime_prices,\n    load_gap_execution_inputs,\n    mask_future_jp_labels,\n    prepare_gap_model_inputs,\n)\nfrom research.diagnostics.gap_outputs import (\n    compute_pit_bins,\n    prepare_portfolio_output_frame,\n    render_gap_diagnostics,\n)\nfrom research.diagnostics.gap_portfolio import (\n    add_baseline_diagnostics,\n    build_portfolio_diagnostic_record,\n    evaluate_gap_portfolio,\n)\n\n",
          "end_location": {
            "column": 1,
            "row": 81
          },
          "location": {
            "column": 1,
            "row": 28
          }
        }
      ],
      "message": "Organize imports"
    },
    "location": {
      "column": 1,
      "row": 28
    },
    "message": "Import block is un-sorted or un-formatted",
    "name": "unsorted-imports",
    "noqa_row": 28,
    "severity": "error",
    "url": "https://docs.astral.sh/ruff/rules/unsorted-imports"
  },
  {
    "cell": null,
    "code": "F811",
    "end_location": {
      "column": 71,
      "row": 41
    },
    "filename": "/Users/shonen/leadlag/tools/research/compute_gap_adjusted_distribution.py",
    "fix": {
      "applicability": "safe",
      "edits": [
        {
          "content": "",
          "end_location": {
            "column": 1,
            "row": 42
          },
          "location": {
            "column": 1,
            "row": 41
          }
        }
      ],
      "message": "Remove definition: `save_df_exec_to_local_cache`"
    },
    "location": {
      "column": 44,
      "row": 41
    },
    "message": "Redefinition of unused `save_df_exec_to_local_cache` from line 31: `save_df_exec_to_local_cache` redefined here",
    "name": "redefined-while-unused",
    "noqa_row": 41,
    "severity": "error",
    "url": "https://docs.astral.sh/ruff/rules/redefined-while-unused"
  },
  {
    "cell": null,
    "code": "I001",
    "end_location": {
      "column": 2,
      "row": 41
    },
    "filename": "/Users/shonen/leadlag/tools/research/compute_structured_prediction_covariance.py",
    "fix": {
      "applicability": "safe",
      "edits": [
        {
          "content": "from leadlag.config.loader import load_yaml_with_base\nfrom leadlag.data.fetcher import download_data\nfrom leadlag.data.market_data_cache import save_df_exec_to_local_cache\nfrom leadlag.data.preprocessor import preprocess_data\nfrom leadlag.data.tickers import JP_TICKERS, TOPIX_TICKER\nfrom research.backtest_v1 import run_v1_backtest\nfrom research.models.sector_relative_ensemble_blp_enhanced import (\n    SectorRelativeEnsembleBLPEnhancedModel,\n)\n\n",
          "end_location": {
            "column": 1,
            "row": 43
          },
          "location": {
            "column": 1,
            "row": 33
          }
        }
      ],
      "message": "Organize imports"
    },
    "location": {
      "column": 1,
      "row": 33
    },
    "message": "Import block is un-sorted or un-formatted",
    "name": "unsorted-imports",
    "noqa_row": 33,
    "severity": "error",
    "url": "https://docs.astral.sh/ruff/rules/unsorted-imports"
  }
]