bin,n,mean_ret,sharpe_contrib
Low,833,0.003434266116254749,6.629929278219385
Mid,817,0.0052953293333974465,8.29369222678857
High,831,0.007161134805816389,9.603743600953916
