AR,RISK,R/R,Sharpe,MDD,Total Return
-5.909156128725252,0.2190680345293383,-26.9740683136219,-26.9740683136219,-1.0,-1.0
