AR,RISK,R/R,Sharpe,MDD,Total Return
1.4473647951122093,0.28688318964841936,5.045136304033644,5.045136304033645,-0.04735954860097791,4687411.915001136
