AR,RISK,R/R,Sharpe,MDD,Total Return
0.41177130575348686,0.12056323850916671,3.4153968560008354,3.415396856000836,-0.10791228169915335,96.37934605081483
