AR,RISK,R/R,Sharpe,MDD,Total Return
1.8175268810239509,0.2587126739524298,7.025271909787243,7.025271909787243,-0.04426425732727446,1.00665006345363
