{
  "decision": "REJECT",
  "reason": "REJECT – GP-Sizing は OOS・コスト控除後でベンチマーク（線形）を上回りません。\n失敗条件:\n  • ネット R/R 未改善: GP=3.792 vs 線形=3.813\n  • 年率リターン不足: GP=75.54% < 線形 × 0.95 = 77.04%\n  • MDD 未改善: GP=-6.86% vs 線形=-6.90% (ドローダウン低減が GP-Sizing の主目的)",
  "failures": [
    "ネット R/R 未改善: GP=3.792 vs 線形=3.813",
    "年率リターン不足: GP=75.54% < 線形 × 0.95 = 77.04%",
    "MDD 未改善: GP=-6.86% vs 線形=-6.90% (ドローダウン低減が GP-Sizing の主目的)"
  ],
  "metrics_linear": {
    "ar": 0.810907181490557,
    "risk": 0.212693781994627,
    "rr": 3.8125570662476718,
    "mdd": -0.0690307730129549,
    "sharpe": 3.812557066247672
  },
  "metrics_gp": {
    "ar": 0.7554477193427308,
    "risk": 0.19923129468787276,
    "rr": 3.7918125288813624,
    "mdd": -0.06861708319703741,
    "sharpe": 3.7918125288813624
  },
  "calibration_status": "WARN"
}