level,expected,actual,error
0.8,0.8,0.7536764705882353,-0.04632352941176476
0.9,0.9,0.8423419899874843,-0.05765801001251569
0.95,0.95,0.8929521276595744,-0.05704787234042552
