trade_date,1617.T,1618.T,1619.T,1620.T,1621.T,1622.T,1623.T,1624.T,1625.T,1626.T,1627.T,1628.T,1629.T,1630.T,1631.T,1632.T,1633.T
2015-01-05,0.166361559009,0.167652054917,0.081675385807,0,0,-0.354494178712,0,0,-0.265416604934,-0.0680814992405,0.210550192407,0,0.373760807861,-0.197771214921,-0.114236502194,0,0
2015-01-06,0.173179322211,-0.205837273081,0,0,0,0.333873523276,0.140734895161,0,0.134034074806,-0.115735911223,0,0.218178184546,-0.301129637465,-0.194735957435,0,0,-0.182561220796
2015-01-07,0,-0.164072635005,-0.0983815253216,0,0,0,0.175625566799,0,0.34683559811,0,0.0867020554815,0.185908859773,-0.265825739197,0.204927919837,-0.259568827685,0,-0.212151272791
2015-01-08,0,-0.164426901021,0,0.14262947222,0.111213626858,0,0,-0.23254378261,0,0.281335469062,0.284854142589,-0.358321624461,0,-0.102038012869,-0.142669679039,0,0.179967289271
2015-01-09,0.181977601216,0,0,-0.145267636191,0,-0.36808824603,0.158483595114,-0.116524356104,0.36766591036,0,0,0.0887127825546,0.203160110755,-0.326207983779,0,0,-0.0439117778965
2015-01-13,0,-0.254217379617,0,0.23698627824,0.283854749943,0,0.106529945154,0.19051524662,0.182113780043,-0.20374279429,-0.144245745677,0,-0.256906224915,0,-0.140887855501,0,0
2015-01-14,-0.182613828362,-0.204210807913,0,-0.281746316368,0,0.0831076727887,0.386880761389,0,0,0.124889236685,0.0974701607432,0,0,0.307652168394,-0.0866822231701,-0.244746824187,0
2015-01-15,0,0,-0.110242464998,-0.189997427725,0,0.10480082723,0.177414639169,0.300886143322,0.151449153675,0,0.265449236604,-0.193875289656,0,-0.390510142367,-0.115374675254,0,0
2015-01-16,0.232073417859,0,0,0.151915798917,0,0,0.251711063081,0,0,-0.257006582085,0,0.243952274479,-0.295714825511,0.120347445665,-0.173328552686,-0.0986688879288,-0.175281151789
2015-01-19,0.0878177204191,0.14607238155,-0.165204890203,-0.0394386937256,0,0,-0.377536246488,-0.389411631523,0,0.231046628693,0.25972191999,0,0,0.275341349348,0,-0.0284085380608,0
2015-01-21,0,0,0,0.147319019219,-0.193330737797,0,0.36067987964,-0.0815475319089,0.165896151083,0,0.246523427259,0,0.0795815227989,-0.26999839352,-0.126725232507,0,-0.328398104267
2015-01-22,-0.0989837719135,0.213683860712,0.119342717502,0,0,0.121671904579,-0.155602901864,0,-0.323452628508,-0.211548387737,0,0,-0.210412309977,0.351690218489,0,0.193611298718,0
2015-01-23,0,0,-0.187098041213,0.131254093214,0,-0.245037201928,-0.221253186222,-0.244990164722,0.238827903694,0.22182104517,0,0,0,0.268957819358,-0.101621405916,0,0.139139138564
2015-01-26,0,0,-0.289342452272,-0.0772963213704,0,0.121231520989,0.103367722289,-0.360435665075,0,0.322139508231,0,0.24347518276,-0.112348958688,0.209786065731,0,0,-0.160576602594
2015-01-27,0,0.183350935289,0,-0.184994301134,0,0,-0.277911903386,0,-0.0572211904287,0.108501898707,0.0857292187577,-0.41661838608,0.421501574389,0,-0.0632542189709,0,0.200916372858
2015-01-28,-0.0770340717469,0.284422090228,0.123112206701,0,0,0.359451792458,0,0,0.113582334366,-0.349617552662,0.119431576247,-0.219112086128,-0.0984434714807,-0.255792817983,0,0,0
2015-01-29,0,-0.296568276741,0,-0.0536655856022,0,0.179443022344,0,0.280893681664,0.167306658592,0.30250021485,0,-0.194471754918,0,-0.29142464862,0.0698564225501,-0.163869734119,0
2015-01-30,-0.278345877109,0,0,-0.0919722944881,-0.193187628044,-0.312926361501,0.279911536874,-0.123567838857,0,0.145205848075,0.142715208737,0.266009864259,0.166157542055,0,0,0,0
2015-02-02,-0.214251090838,0.102477382155,0,-0.365522972593,0,0.27940133602,0.206937635754,0,0.125406263154,0,-0.246991435922,0.285777382917,0,0,0,-0.0897399918549,-0.0834945087911
2015-02-03,0.102151331967,0,0.13950370861,-0.115949640791,0,0,-0.422640621432,-0.103581977941,-0.188360956514,-0.169466803322,0,0,0,0.454242002377,0,0.214750116356,0.0893528406905
2015-02-04,0,-0.158769436487,0,-0.255647973932,0,0,0.388669854036,0,-0.205728576848,0.19724840011,-0.113225532226,0.0947670140508,-0.266628480506,0,0,0.138518676563,0.18079605524
2015-02-05,0,0,0.273903520386,0.201191770722,-0.187144866873,0,0,0.181406548612,0,0,-0.280534129226,0.258152584872,0.0853455754079,-0.260969366855,0,-0.131567618868,-0.139784018178
2015-02-06,0.298980407386,-0.277982179135,0.155473482302,0.187239390807,0.195946645252,-0.263874177342,0,-0.0760203357849,0,0,0,0,0.162360074253,-0.279346738279,0,0,-0.102776569459
2015-02-09,-0.091726971087,0.178986714203,0,0.131484225452,-0.0793011667357,0,-0.262602698737,0,-0.193439636365,0,-0.372929527075,0.174774230986,0.374805031395,0,0,0,0.139949797965
2015-02-10,-0.301377392451,0,0,0,0,-0.0950175337247,0.279826667515,0.268028842256,0.18356320689,-0.14370271942,-0.258984530765,0,0.123527841747,0.145053441592,0,-0.20091782364,0
2015-02-12,0,0,0.144929787233,0.145739223556,0,-0.157103162519,0,0,-0.253125285982,0.220767981328,-0.351972427382,0.12305595666,0.365507051223,-0.161248784913,-0.0765503392042,0,0
2015-02-13,-0.19540973101,-0.240103739203,0,-0.189708008428,-0.154736546168,0,0.162700027581,0.235079754656,0,0,-0.220041975192,0,0.337638700001,0.142179543356,0,0,0.122401974406
2015-02-16,0.24590942994,0.193427643665,0,0.252413157222,0.15155166447,0,0,-0.247530533278,0,0,-0.25543468329,-0.226920408468,0.156698104703,-0.134867328485,0,0,-0.135247046479
2015-02-18,-0.183351892484,0,-0.225864915452,0,0.294417001404,-0.167509031685,0.134889781687,-0.183928383494,0,-0.239345776885,0,0,0.361087399577,0.0976425793939,0,0.111963237938,0
2015-02-19,0.127928903265,0,0,0,0,0.0714423544018,0,0.172030833894,-0.159541026505,0.296266784738,0.332331123702,-0.234782407332,0,-0.309528082343,-0.174667342173,-0.121481141648,0
2015-02-20,-0.165847034718,0,0,-0.245529666628,0.212993730296,0,0,0,0,0.308472918026,-0.181234227412,-0.277389254513,0.162731811288,0.174353853042,-0.12999981673,0,0.141447687348
2015-02-23,0.116458270165,0,-0.0928465760152,-0.366657282884,0.330923946364,-0.130439351975,0,0,0.15667797357,-0.0852833976566,0,-0.324773391469,0.213811358325,0,0,0,0.182128451576
2015-02-24,0.202450814403,0,-0.169742115066,-0.130482015338,0.211540802954,0,-0.202370787398,-0.260089203966,0.213992763143,0.174219119873,0,0.197796499627,0,0,0,-0.237315878233,0
2015-02-25,0,0,0,-0.219747567292,0,0,-0.0666655516526,0,0,0.135853221219,0.189470585408,-0.321428023669,0.187339478328,-0.361719934813,-0.0304389225736,0.351703128393,0.135633586652
2015-02-26,0,0,0.118187930612,-0.380332391642,0,0,-0.151113451415,0.3729256032,0.207065557584,-0.170562453376,-0.167001723168,0.120765905511,-0.1309899804,0.181055003093,0,0,0
2015-02-27,-0.284587504043,-0.166133527268,0.221688755169,-0.065106870689,0.0712529552173,0,-0.128937465098,0.160091921694,0.304581100506,0.242385267414,0,0,0,-0.355234632902,0,0,0
2015-03-02,0,0.164793466592,-0.261251521301,-0.364859797838,-0.115593622099,0,0.352116808889,0,0.093590608936,0,0.206365484987,0.183133630596,-0.158447496338,0,-0.0998475624247,0,0
2015-03-03,0.144299726251,-0.0319490657943,0.179612669083,-0.132884962264,0,0,0,0,0,-0.219960476469,-0.2423983406,-0.372807154874,0.242088395092,0.0810176914813,0,0.352981518092,0
2015-03-04,0,0.228190963196,0.196265174111,0,-0.270147461732,0,-0.0937109241519,0,0,-0.20972322083,0.343322275596,0.0949893731113,-0.277557287674,0,0,-0.148861105612,0.137232213986
2015-03-05,-0.359707593926,0,0,-0.244528714688,0.244830024961,0.156346943637,0,0,0.162486216955,-0.171776026964,-0.151053271361,0,0.162199954056,0.274136860391,0,-0.0729343930609,0
2015-03-06,0.0665301624561,-0.143556496823,0.295069617788,0,0,0.0803973190748,0,-0.157258764057,0,0,0.316490833791,0,0,-0.351471624759,0.24151206689,-0.217919924044,-0.129793190317
2015-03-09,-0.29846868379,-0.0522308808925,0.155902300757,-0.0914743546173,0,0.167369319766,0,0.185579717065,0,0.287015850214,-0.267071895216,0,0,-0.290754185484,0.204132812198,0,0
2015-03-10,0.110113754451,-0.123445067792,0,-0.071298046807,-0.134136460067,-0.193883424096,0.371271652773,0,0,0.316506743032,0,0,0.0589598380636,-0.477237001238,0,0.14314801168,0
2015-03-11,0,0.222537377645,0,0,0.178592684504,0.275190426683,0,-0.284328240911,0.21063925468,0,0.113040256486,-0.149546446165,-0.116709849505,0,0,-0.24479493661,-0.204620526809
2015-03-12,0,0.352090583597,0,0.117469962601,0,0,-0.116344040772,0,0,-0.31647278357,-0.0886962275032,0,0.10779923067,-0.376843304112,-0.101643644042,0.166748597669,0.255891625463
2015-03-13,0.228213582462,-0.15010431392,0,0,0,0,-0.0892052089273,-0.164657016769,-0.376767970656,0,0.20535952899,0,0.297660807107,-0.219265489727,0,0.140314615547,0.128451465892
2015-03-16,0,0.216575362346,0.0592821960239,0,0.279208409607,0.174110213545,0.270823818478,-0.178599410967,0,0,-0.102642767924,-0.188018501498,-0.14433142841,-0.386407891201,0,0,0
2015-03-17,0.253644451198,0,0,0.147886274679,0,0,-0.145686841366,-0.19729763744,-0.169583708006,0.11876822352,0.297472280505,0,0.182228770099,-0.30025615898,-0.187175654208,0,0
2015-03-18,0,0.157101422758,0,-0.263539464929,-0.0642806078371,0,0,0.280601504617,0.247163490362,-0.270781754054,0,0,0,0.158586346869,0.156547235394,-0.279294687493,-0.122103485687
2015-03-19,0.18354481941,0.220211456162,0,-0.101306433558,0,0,0,0.199799443018,0.2222091533,-0.350573951108,0.17423512811,-0.0634373466178,0,-0.3789480985,0,-0.105734170217,0
2015-03-20,0,0,-0.144861302128,0,0.403710784775,0.110556944324,0,0,0.208394110801,0.204669283219,-0.118808155179,0.0726688768813,0,-0.410335147624,-0.115908538488,-0.21008685658,0
2015-03-23,0.363628839483,0,0,0,0,-0.257055779536,-0.115583509411,-0.244516476229,-0.215008752209,0,0,-0.167835482616,0.0546204771377,0.421122637756,0,0.0500734819197,0.110554563703
2015-03-24,0.267740016947,0,0.077347938531,0,0,0,0,0.184228793816,0.0913997080221,-0.121387849416,0,-0.0752426325481,-0.375183293746,0.379283542684,0,-0.279015548477,-0.149170675813
2015-03-25,0,0.196729275346,0,0.297106401522,-0.20107202519,0,0,0.229003532873,0.135760819478,0,-0.197442833454,-0.0901684932032,0,0.141399970781,0,-0.372012172301,-0.139304475852
2015-03-26,-0.265904210578,0.214068808709,0,-0.163043463048,0,0.146818886737,0,0,0.118552104878,0,-0.178896823436,0.141621805858,0,0.378938393818,0,-0.297107221148,-0.0950482817896
2015-03-27,0.111722343836,0,-0.152599590933,0.314286970694,0,0,0.186426393161,0.126959112751,0,0.260605179558,-0.128329195719,0,0,-0.317783479701,-0.155768094041,-0.245519639606,0
2015-03-30,-0.200990075304,0,-0.105985286377,0,0.183966475969,0,0.25924632627,0,0,0.151395553719,0,0,0.236190827332,0.16920081671,-0.145074703408,-0.352382881186,-0.195567053725
2015-03-31,0,0.192284054157,0,-0.195137913379,0,0.123898280686,-0.203986406307,0,0,-0.200336754664,0,0.347341257203,0.157023882807,0,-0.153887708033,-0.246651217617,0.179452525147
2015-04-01,-0.3427963039,-0.117983151365,0,0.121386236114,-0.247489546661,0,0.365944199381,0.18922062415,0,0,-0.137833201746,0,0.212861662395,0.110587277959,0,0,-0.153897796328
2015-04-02,-0.173709584973,0,0,0,0,0.172042291551,0.230678990982,-0.163954267792,0,0,0,-0.0754072284395,0.156531107998,-0.313311554582,0.25337162561,-0.273617364213,0.18737598386
2015-04-03,-0.320126954142,0,0.145920647252,-0.155088032051,-0.116193007696,0,0.279420541846,0,-0.265062487452,0,0,0.273758854671,0,0.17363695634,0,-0.143529518659,0.12726299989
2015-04-07,-0.135249395512,0,0.166039948919,0,0,0.242253891028,0.239873948769,-0.113223964233,-0.228296170989,0,0.216341363171,-0.350083956046,0.135490848113,-0.173146513219,0,0,0
2015-04-08,-0.215577797153,0,0.230525426356,-0.350631759071,0,0,0,0,-0.120769659341,0.368873436326,-0.202927338895,0.154370655288,0.114397538691,0,0.131832943339,0,-0.110093445539
2015-04-09,-0.383940493389,-0.107333467587,0.172089394952,-0.189768797872,0.18328271972,0,0.180737095225,0,0.351897257456,-0.122375355405,0,-0.196581885747,0,0,0.111993532647,0,0
2015-04-10,-0.295263694872,0.190013580188,0,0,0,0,0.311524081834,0.12346609349,0,-0.255113542209,-0.149682542959,0.19024135433,0.184754890157,-0.181153675836,0,0,-0.118786544124
2015-04-13,-0.149178299151,0,-0.138038602043,0,0.118970937815,0,0.168550575535,0.306960007692,-0.204258574434,0,0.0936790543648,0.311839424593,0,-0.219072577274,0,0,-0.289451947099
2015-04-14,0,-0.115693770418,0,-0.170831383109,0,0.274251674838,0,0.150649027892,0.211274307367,-0.190328410667,-0.192932587277,-0.330213848529,0.141149763113,0,0.222675226789,0,0
2015-04-15,0.227154690944,0.279083594745,-0.0563006040959,-0.312619405483,0.0877038281384,0.159799310555,0,0,0,-0.366853195308,0.246258575617,0,-0.125185909045,0,-0.139040886069,0,0
2015-04-16,-0.313884257673,0.324369307783,-0.249745414325,0.186172295378,-0.109296825657,0,0,0,0,-0.202560597146,0,0.205252800988,0.17060030012,0,0,0.113605295732,-0.124512905199
2015-04-17,0.125811601776,0,-0.196539137186,-0.165962602558,0.083415248073,0,-0.158966600897,0.129609821263,0,0.287094645552,-0.145036594534,-0.333495064826,0,0.374068683336,0,0,0
2015-04-20,-0.208038707871,0,-0.117029227718,0,0.179283216426,0.20958968794,0.204783721234,0,0,0.131764144744,0,-0.122643858516,-0.369127822158,0.274579229657,0,0,-0.183160383738
2015-04-21,0,-0.13975196454,0,-0.134497836414,0,0,0,0.136100285253,0.0762504870992,0.151434912715,0.237134188012,0,0.399080126921,-0.400268933817,-0.155761022701,-0.169720242528,0
2015-04-22,-0.134122377699,0,0.176327106188,-0.140145747972,0.157082326977,0.180755847097,0,0.335146670736,0,0,-0.168225872839,0.150688049002,0,0,-0.202771875317,-0.354734126173,0
2015-04-23,0,0.113539550213,-0.143468256275,0,0,0,-0.183742192832,0,0.264436563073,0.261386865232,0,0.160913756198,-0.188307766764,-0.168801458009,0,-0.315680326119,0.199723265284
2015-04-24,-0.0753129653067,0.182007232488,-0.124009340489,0,0.223691353745,0,0,0,0,0.114769308264,0,-0.371655866885,0.178711978857,0.300820126646,0,-0.224771471179,-0.204250356141
2015-04-27,-0.180170578167,0,0.130430780642,0.187655796253,-0.105868935867,-0.0904754754533,0.203987168063,0,0,0,0,0.115155413516,0,-0.42065759952,0.362770841526,-0.202827410994,0
2015-04-28,-0.113784617974,0,-0.212588135155,0,-0.355995859724,0.15329721814,0.186765958557,0.251673212687,0,0,-0.184998543448,-0.132632843699,0,0,0.246011752221,0.162251858395,0
2015-04-30,0,0.198531580865,-0.165304826141,0.107304039244,-0.177259771874,0.179883109942,0.158606916154,-0.288442223576,0,-0.126817823382,0,0.355674353795,0,-0.242175355026,0,0,0
2015-05-01,-0.124774651991,0,-0.188881779031,0,-0.0880201907566,0.0864004575359,0,0.111562689784,0,-0.35922923521,0,0.403884794109,0,0.265440434623,0.132711623948,-0.239094143011,0
2015-05-07,0.262373722681,0,0,0,0,-0.0690338233439,0,-0.242049973451,0.354876379159,-0.340279469392,-0.106074204618,-0.242562529195,0,0.142514895589,0.146856958731,0,0.09337804384
2015-05-08,-0.140167854473,-0.166118523499,0.0844095683099,-0.13441832143,-0.209300192666,0,0,0.236837979575,0.197667202488,0.383136898609,-0.349995107932,0,0,0.097948351018,0,0,0
2015-05-11,0,0.139479957128,0,0,0.142099039749,-0.154131203457,-0.294799915553,0.139375661771,0,-0.161587521002,0,0.217895801836,0,-0.294005958042,0,0.361149539517,-0.0954754019462
2015-05-12,0,-0.260903343364,0,0.159780366817,0.260572802195,0,0.127613433646,-0.126504597655,0,0.362401091259,-0.210018038941,0,-0.202306570911,-0.20026744913,0,0.0896323060831,0
2015-05-13,0,0,-0.160598629978,-0.286226993614,0,0.209326045866,-0.266580719013,-0.150330868166,-0.136262789229,0.367485551203,0,0.215353454524,0.108595876157,0,0,0,0.0992390722506
2015-05-14,0.398246929961,0,0,-0.276576339806,0.0681456495071,-0.147138207973,0,0.0773062884712,-0.186384866936,0,-0.189184512774,0.398246929961,-0.200716072512,0,0.0580542020991,0,0
2015-05-15,0,-0.175805883044,-0.178105814406,0,0,0.178686431428,0.162146804513,0,0.385742410746,-0.132097969249,0,-0.363264158674,0,-0.150726174627,0.104969809868,0.168454543444,0
2015-05-18,0.213951442528,0,0,0,0.0903901026224,0,-0.433398258025,-0.0846019622994,0.149997132053,0,0,0,0.403102946327,0.142558376471,-0.252462945232,-0.146411438037,-0.0831253964071
2015-05-19,0,-0.23914450483,0,0,0,0.153400209329,-0.307620323595,-0.187875282158,0,0.22033368497,0.0991594800844,0.380680813442,-0.138155855078,0,0,-0.127204034339,0.146425812174
2015-05-20,0.141493113161,-0.303117328115,0,0.221157569627,-0.11817779005,0.203913378008,0.175120989828,-0.130629549361,0.258314949377,0,-0.0972531702193,0,0,-0.350822162255,0,0,0
2015-05-21,-0.328066635122,0,0.278493902612,0,0,0.161532667742,-0.0677259661376,-0.164600631719,0,-0.152393595729,0.227116124839,0,0.159782415559,-0.287213171293,0.173074889248,0,0
2015-05-22,0,0,-0.241090984473,0,-0.214204675693,0.106779081993,0,0,0.170198811275,0.10530359534,0,0.544601556345,0.0731169550482,0,-0.202253655469,-0.17105725039,-0.171393433974
2015-05-25,0,0,-0.215357587622,0,0.196906948657,0.15604059954,-0.143930911675,-0.280240576799,0.213059805853,0.0811044740857,-0.16068269184,-0.199788232064,0,0,0,0.352888171865,0
2015-05-27,0,0.17939011006,-0.206816960554,0.186950502921,0,0.135091150269,-0.37594179846,0,-0.0854550174396,0,0,0.354702710021,-0.0900754624083,-0.241710761139,0.143865526729,0,0
2015-05-28,0,0,-0.242038303129,0,0,0.11790031806,-0.450310777789,-0.180753225168,0.0928554588439,0.359749075765,0,0,-0.0641265004849,0.333916728451,-0.0627711934293,0,0.0955784188806
2015-05-29,0,-0.0708554771258,0,0.160637718088,0,0,-0.366960688575,0,0.154975596443,-0.105819164189,0.177734280819,0,0.338283779033,-0.366960688575,0,-0.089403981535,0.168368625617
2015-06-01,-0.118239668156,0,0,-0.13937900018,0,0,-0.311168057625,0,0,0.274340964835,0,0.138017925507,0.14894129246,0.353242571504,-0.197031122303,-0.234182151735,0.085457245694
2015-06-02,0.0990654247123,0,0,-0.0863865344028,0.202025791578,0,-0.178816186759,0,-0.205645837493,0.155973873387,-0.229340505825,0,-0.29981093552,0.415075537325,0,0,0.127859372998
2015-06-03,-0.141654026973,0.106503649889,0,0,-0.188181356583,0.195405004695,-0.114191913774,0.307649540663,0,0,-0.320916594916,0.189294312137,0.201147492616,-0.235056107754,0,0,0
2015-06-04,0,-0.186015991418,0,-0.350672870322,0,0.175699247621,0,-0.156134513435,0,-0.103860188901,-0.203316435923,0,0.230448282206,0.2066079057,0,0.0968427157805,0.290401848692
2015-06-05,0,-0.137826346379,-0.289812172526,-0.104924675619,0,0,0.300223246827,0.229642998585,0.18549075693,-0.261097362235,0,-0.206339443241,0.173078194798,0.11156480286,0,0,0
2015-06-08,-0.36400288602,0.125052636487,-0.106319430148,0,0,0.123079645395,0.151739697233,0,0,0.366968359024,-0.125611226265,-0.144142777734,0.233159661861,0,-0.259923679833,0,0
2015-06-09,-0.101781199172,0,-0.113712386597,0,0,-0.167715889307,0.191180897776,0.227063604802,0,-0.38582700785,0.169833479596,0.187582559397,0.224339458428,0,-0.230963517075,0,0
2015-06-10,0,0,0,0.267200575052,-0.105729071449,-0.119971791463,0,-0.304068240066,0.209297050196,-0.364795959942,0,0.080278518056,0,0.372285817813,-0.10543493708,0.0709380388836,0
2015-06-11,0.105270564895,0,0.308031586534,0.118184403936,0,-0.152661159925,0,-0.354001488237,-0.219715517334,0,0,0,0.112789046783,0.355724397853,-0.151033424538,0,-0.122588409966
2015-06-12,0,-0.0981667332456,0,0.161784886748,0,0,0,-0.258338396184,0,-0.195312876407,0.15961817039,0.365767139395,-0.353653573301,0,-0.0945284208612,0.107821610593,0.205008192874
2015-06-15,-0.0391002666071,0.15309750269,0,0,-0.0915148856644,0,0.271968498146,0,0.355727042534,-0.381250673516,0,-0.352663983073,0.0903310953958,-0.135470191139,0.128875861234,0,0
2015-06-16,-0.0983667352456,0,0.163373388518,0.200119491533,0,0,0,-0.114874068913,0.25894114876,0.194677197284,0.182888773904,0,-0.0820252313213,-0.35236698226,0,-0.35236698226,0
2015-06-17,0.157528068361,0,0,-0.248141737973,0,-0.176173554675,0.191958163942,0,0.206360888449,-0.107452592013,0,0.338232573509,0.105920305738,-0.359131276587,0,-0.109100838753,0
2015-06-18,0.03965858451,-0.210401534607,-0.352889989601,-0.105306584914,0,-0.1796267957,0.257650366569,0,0,0.264788932697,0.332527286527,0,0,-0.151775095177,0,0,0.105374829697
2015-06-19,0,0,0,0.123865010466,0.0989522797161,-0.340446737321,-0.0560878549952,-0.0515834283177,0.339737743907,0.160928022314,0,0.276516943597,0,-0.352586337323,-0.199295642042,0,0
2015-06-22,0,0,0.159195531721,0,0.211887598654,0.0829156552868,0.147991050577,0,0.398010163762,0,-0.151871953192,0,-0.191919588386,0,-0.143978882397,-0.140936437766,-0.371293138259
2015-06-23,0,-0.216201028134,0,0,0,-0.159779411184,0.333553826063,-0.356177228389,0,0,0,-0.12966352549,0.0925168597139,0.0890034244441,-0.138178806804,0.218415803203,0.266510086576
2015-06-24,0,0.190672119355,0,0,-0.116609279047,0,-0.185790333617,-0.361989820453,0.211622088186,0,-0.13791128069,0,0,0.243722491616,0.143803869091,0.210179431752,-0.197699286193
2015-06-25,0,0.155138324931,0.223916107324,0.400158324619,-0.155629161777,0.154688458782,0,0,0.0660987843436,0,-0.0897877612616,-0.118371524904,-0.226654436303,-0.409557115755,0,0,0
2015-06-26,0,-0.0973543120948,0.162191514383,0,0.130364723191,0,0.376803635103,-0.096070976555,0,0,-0.233749283105,0,0.23126544862,-0.392627383991,0,0.0993746787025,-0.180198044254
2015-06-29,0,0,0.281674644096,-0.155497385104,-0.141164086423,0.103592115886,-0.251247576493,0,-0.157078946768,-0.295012005212,0,0.235578880717,0.146291310974,0.232863048327,0,0,0
2015-06-30,-0.0841563790035,0,0.198598508896,0,0,0,0.111652632104,0.222962077657,0,-0.0906599197842,0.15324184731,0.313544934033,0,-0.419759774178,0,-0.164154475588,-0.241269451446
2015-07-01,0,0.091967099277,-0.187504733531,-0.0835529325832,0.0670792280638,0,0.353810661165,0.32507010063,0.162072910864,0,0,0,0,-0.484277730151,0,-0.127988797394,-0.116675806341
2015-07-02,0.245922749257,-0.328125155918,0,-0.240135188804,0.212000278091,0,0,-0.158047202548,-0.14062667946,0,0.300188422495,0,0,0.122347993668,0.119540556489,-0.13306577327,0
2015-07-03,-0.309497862982,0,0,0.175877128836,-0.190667533018,0,-0.219822325894,0.102884108327,0.258152284063,0,0.176286661723,-0.118820079269,0.286799817051,0,-0.161192198836,0,0
2015-07-07,0,-0.152385503789,0.113489713816,0,0.102888611825,0,0,0,-0.0817821472106,-0.188678201779,0,0.219271699009,0.320766073667,0.243583901684,0,-0.296617720584,-0.280536426637
2015-07-08,0,0.236698365054,0.114092330433,-0.152840548357,0,-0.241035505112,0,0.171216897265,0,0,0.328498559995,-0.202030143916,0.149493847252,0,-0.206903214465,-0.197190588151,0
2015-07-09,-0.105189702456,0,0.267275547217,-0.10832580565,0,0,0.0994052540804,-0.316086397984,0,0.231269425371,0.13895345977,-0.0809116347722,0.263096313562,-0.389486459137,0,0,0
2015-07-10,0,0,0.238303291374,0.1538415852,-0.277417895939,-0.234650336804,0,-0.14078663472,0,-0.216572360578,-0.130572771959,0,0.0611771750611,0,0,0.345977439722,0.200700508642
2015-07-13,0,0,0.437809076651,-0.199869263315,-0.202237491818,0.105692636495,0,0,-0.210346844531,0.102185194585,-0.191057191982,0,0.176283150848,0.17802994142,0,0,-0.196489208355
2015-07-14,0,0.149704993726,0.272230656253,0.152598593763,0,-0.376311841735,0.226524748038,0,-0.156138723648,0,-0.0433694490977,-0.377287126797,-0.0468928587222,0.198941008219,0,0,0
2015-07-15,-0.103919114981,0.0517647795639,0,0,0,-0.279204605149,0.118116907685,0.111699509796,0.342663867799,0,-0.250786344111,0.375754935156,0,0,-0.122464447587,0,-0.243625488172
2015-07-16,0,-0.112943851933,0.233129729612,-0.359873964511,0,-0.149491534856,0.260601959091,0,0.150579976896,-0.205225831682,0,0.226028047951,-0.172464817017,0,0,0.12966028645,0
2015-07-17,0,0.201474175877,-0.152605651662,-0.207821091294,-0.212561898704,0,-0.231473398598,0.334199583558,0,0.161062892317,0.112317075599,0.190946272649,0,-0.195537959741,0,0,0
2015-07-21,0.139329438584,-0.322117860329,0,0,0.109724112742,0,-0.239459470808,0,0.0855555596059,0.474507579498,0,0,0,-0.225326111477,0.190883309569,-0.10041730848,-0.112679248905
2015-07-22,0.216615014232,0,-0.188421281988,0.284778240635,0,0,-0.368990679298,0.105259798652,-0.104841206544,-0.179380052956,0,0.189626702032,0,-0.158366779214,0,0.203720244449,0
2015-07-23,0,-0.197931994558,-0.150961997411,-0.130235134118,0,-0.0969393842046,0.216368953267,0,0.127497458983,-0.423931489709,0,0,0.199354224088,0.393403536109,0,0.0633758275529,0
2015-07-24,-0.158355272793,0.194387716394,0.251679467867,-0.185018361237,0,-0.181063512288,0,0,0,0.225412539154,-0.224271335234,0,0.163641550178,-0.251291518449,0,0.164878726407,0
2015-07-27,-0.215489699373,-0.144006599599,0,0,-0.344498260211,0,0,0.230043995573,0,0.172357033061,0.185773433729,-0.167959605878,0.22490891419,-0.128045834939,0.186916623447,0,0
2015-07-28,0,0,0.227284128733,0,0.303710905235,0.0734974528357,-0.19029353147,-0.134910291975,0,-0.212597486208,0.223483609403,-0.148551687085,0,0.172023903793,0,-0.313647003263,0
2015-07-29,0,0.292883730214,0.249645170027,0,0,0,-0.371929656789,0.212571014438,0,-0.143292595136,0.0704614442338,-0.256113851254,0.174438641087,0,0,-0.126902440694,-0.101761456126
2015-07-30,0,-0.134856753902,0.120338340636,0,0,-0.237757048383,-0.135526168407,0.304151736162,0,0.24913616716,0,0,0,-0.243747505168,0.159961715734,-0.24811252414,0.166412040308
2015-07-31,0,-0.352080152129,-0.0958618389342,0.170487666711,0.0865506181292,0,0,0.308592614424,0.197652426104,0.236716674632,0,0,0,0,-0.141738641351,-0.231234040608,-0.179085326977
2015-08-03,0,-0.327542075602,0,0,0.191589942608,-0.0957693933899,0,0.347573420703,-0.0913722737916,0.130813350262,0.187874832068,-0.26177612884,0,-0.223540128376,0,0,0.14214845436
2015-08-04,0.281973545137,-0.376422202374,0,-0.248017813426,0.222858537296,0,-0.10736692265,0,0,0,0.165433134938,-0.195361590013,-0.0728314715373,0.201287633746,0,0,0.128447148883
2015-08-05,0,-0.308825918884,0,0,0.151017830824,0.205477607246,0,-0.0931050760875,0.178470640112,0.243874246134,-0.389933543476,-0.132591783459,0,0.221159675685,0,-0.0755436780931,0
2015-08-06,0,-0.196496835382,0.0858784011086,0.27663892203,0.27533263791,0,0,-0.360743570212,0,0.136954019121,0,-0.0975928249891,-0.179225909097,-0.16594086032,0.22519601983,0,0
2015-08-07,-0.159575517213,0.273504660586,0,0,-0.287838168432,0,0,-0.225236859731,-0.149747459508,-0.177601995116,0,0.190366132348,0.302827749696,0.111373440529,0,0.121928016841,0
2015-08-10,0.232546929963,-0.232712050992,0,-0.0995274513727,0.269272594147,0,0,0,0.181053992141,-0.150042410312,0,-0.156557512694,-0.361160574629,0,0.190153468672,0,0.126973015078
2015-08-11,0,0.162085908583,0,0.162544021622,0,-0.0994628708676,-0.166425464448,0.357217375332,-0.263626968866,0.179581082491,-0.217967326805,0,0,-0.252517369014,0.138571611971,0,0
2015-08-12,0.135129326935,0,0.0900750088179,-0.260429487518,0,0,-0.214660458662,0,0.301838284434,-0.216061884523,0,0.303576800483,0.169380579331,0,0,-0.135377202599,-0.173470966698
2015-08-13,0.179351075564,0.206056629636,-0.139098952967,0,0,0,0,-0.132131945007,0,0.11339864853,0.157234084755,0.343959561514,0,-0.270081147842,0,-0.243560439283,-0.215127514901
2015-08-14,0,-0.254624070983,0,-0.20910387129,0.170849564107,0,0,0.379281899331,0.132080590672,0.205416299799,0,-0.176247246684,-0.170231152031,0.112371646091,0,0,-0.189793659011
2015-08-17,0.233965744875,-0.142279538548,0,0,-0.205937367234,0.12250267509,-0.137678387085,0.292044972519,-0.187965699448,0,0,0,0.158794202222,-0.326139007685,0.192692405294,0,0
2015-08-18,-0.133402270255,0,-0.196168423221,0,0.149031610828,0,0,0.263552948245,0,0.361607904869,0.149313561285,-0.250110251838,0,0.0764939747733,-0.177319651975,0,-0.242999402711
2015-08-19,0.207691218273,0,0,0,0.0836959665481,0,-0.120649639127,0,-0.13342118668,-0.413880973929,0.126216019293,0.378343463987,-0.0966128237221,0,-0.235435376543,0.204053331898,0
2015-08-20,0,-0.369714934582,0,0,0.312685832956,0,-0.153862839545,-0.128022254678,0,0.194949293359,0.205976202681,0.143341259278,0.143047411726,0,0,-0.230130144506,-0.118269826689
2015-08-21,0,0,0.245573179515,0,0.119753173187,0,0.339686529862,0.13649077014,-0.12599744507,-0.383913586169,0,-0.184784737405,0,-0.111300260134,0,-0.194003971222,0.158496347296
2015-08-24,-0.145248628584,0,0,0,0,0.300616088299,-0.255267414944,-0.28636956663,0.144445442174,0,0.158772535107,0,0.118689617286,0.277476317135,-0.0563542402574,-0.256760149584,0
2015-08-25,-0.32987177094,0,0.276603655997,0.23150461008,0.204812674278,0.187879643338,0,-0.126961007206,0,0.0991994163071,-0.25714630318,-0.121104696028,0,0,0,0,-0.164916222646
2015-08-26,-0.126039401476,0,0,0,-0.256979575102,0,0.36687310526,0,0.188222966023,0,-0.430783987654,-0.0841884391086,0.0604863095615,0.321171593021,0,0.0632460261348,-0.10200859666
2015-08-27,0.303464597232,0.130245685156,0,-0.249207168733,0,-0.352709077972,0,0,0,0.324818643339,-0.0847247667276,0,-0.190669453809,0.115840723096,-0.122689532759,0,0.125630351177
2015-08-28,-0.100062719527,0.251434718436,0.154505058931,0.22539465311,-0.237209414048,0,-0.263111513504,0,0,0,-0.104056238576,0.27174611037,-0.295560114345,0,0,0,0.0969194591524
2015-08-31,-0.325324116507,0.207908731463,0,0.376610168871,-0.322002086378,0,0.161818866548,-0.0720886716549,0,0.137039730364,-0.191973541938,0,0,0,0.116622502753,-0.0886115835221,0
2015-09-01,-0.198878747961,0,0,0.28124865101,-0.363814778555,0,0.213621051848,0.26949929878,-0.152559956739,0.0963123666529,-0.172448210417,0,0,0.13931863171,0,-0.112298306329,0
2015-09-02,0,-0.17236500461,0,0,0.181674880128,0.30831557173,0.175194087998,-0.274300899335,-0.198524074061,0,0,0,-0.147305394197,0,0.158762374834,0.17605308531,-0.207504627797
2015-09-03,0.0664007415529,-0.17545686956,0,0.261572393312,-0.195409265784,0,0.0595499937057,0,0,0.379124680008,-0.216833574384,0.233352191421,0,-0.120378301403,0,-0.291921988868,0
2015-09-04,-0.140364159028,0,-0.147735225968,-0.170730269003,0,0,0,0,-0.232822393853,0.164692696894,-0.308347952148,0.159603062588,0.120298151163,0.4023948429,0,0.153011246455,0
2015-09-07,0,-0.257401607975,0.142218544435,0.256017188946,0,0.142699325933,-0.27935839916,-0.156977133472,0,0.312429570896,-0.167370657248,0,0,0.146635369789,0,-0.138892202145,0
2015-09-09,-0.15373047423,-0.0997529899494,0.0961995030434,-0.328733021778,-0.152481140024,0,0,0,-0.26530237402,0,0,0,0.325603347873,0.204901986891,0.258422889649,0.114872272543,0
2015-09-10,0,-0.070236224762,0.218264903562,0,-0.0801961879867,0.127503016887,0.183597043995,0,-0.371193744342,0,0,-0.0808724013468,-0.397501441562,0,0.254811855608,0.215823179948,0
2015-09-11,-0.171333470697,0,0,0,0.129633737353,0,-0.107970469986,-0.340223811752,-0.276044722231,0.188695404743,0,0,0.199083159006,0.352274948565,0,0.130312750333,-0.104427525333
2015-09-14,0,-0.196700173653,0,0.246555156767,0,0,0.126719398479,0.229056134386,0,0.107073140644,-0.198144445537,-0.166352429924,0.290596169724,-0.258949470809,0,0,-0.179853480077
2015-09-15,0.276552397021,-0.312635857798,-0.128954443457,-0.121700305237,0.25499509771,0.295199606997,0,0,0,0.0728692394817,0,-0.260434311457,-0.176275082051,0,0,0,0.10038365879
2015-09-16,0.0982215698234,-0.215658073912,0,0,0,0.167514150088,0,0,-0.246084162512,-0.184536668584,-0.177371694808,0.293729670881,0,-0.176349400184,0.228026754374,0.212507854834,0
2015-09-17,-0.193873499815,0.120690763619,0,0.290214273991,0,0.268167419997,0,-0.154637898821,-0.239549349692,-0.243547173971,0.146090599784,-0.168392077701,0,0,0.174836942609,0,0
2015-09-18,0,0,0,-0.332998069183,0.122214823291,0,0,0.253277040278,-0.142797440375,0.165722208467,-0.220350541324,0.227118552131,0,0,0.231667375832,-0.123423043982,-0.180430905135
2015-09-24,0,0,0.300603201947,0.369057774752,-0.12878697996,0,0,-0.29356234111,0.0602195610107,0.188698496297,0.0814209659932,0,0,-0.195296006566,0,-0.228126040484,-0.15422863188
2015-09-25,0,0,0,-0.213218737109,-0.303313009395,0,0.0646164084305,0,0.330425502608,0,0.406317425095,0.102939034917,-0.0904187420399,0,0.0957016289493,-0.238422293731,-0.154627217724
2015-09-28,0,0,-0.0644511087006,0,-0.389802002867,0,-0.123088860504,0.166030982569,0.205943619393,0,0,-0.365759621855,0,0.149203123622,-0.0568984060732,0.230798912406,0.248023362009
2015-09-29,0.302997990177,-0.152802600494,0.115695511587,0.139235032091,-0.286726945157,0,-0.246223595952,0,0,0,0.126282681732,-0.12173597933,-0.192510879067,0,0,0,0.315788784413
2015-09-30,0.296802040929,0,0.17483293135,-0.175530817631,0.200452801774,-0.127100318956,0,-0.283236891512,0,-0.17159726838,0,0,0.134665509971,-0.242534703521,0,0,0.193246715976
2015-10-01,0,0,0.171027792152,0,0,0,0,-0.149484397474,-0.320657233955,0.164589665234,0.0993135964695,-0.0835877611549,0,-0.258450269709,0.401037957353,0.164030988792,-0.187820337707
2015-10-02,0.122311065685,0.114402633667,0,-0.236851276113,0,0.320063472411,0,-0.239181741916,0,0,-0.165201538081,-0.0470778860431,0,-0.311687557847,0.18446703694,0.258755791297,0
2015-10-05,0,0,0.170892396042,0.120313593521,0,0,0.185427795106,-0.2385144264,-0.128143292628,0.404406972661,-0.19116171056,0.118959242669,-0.166005605482,-0.276174964929,0,0,0
2015-10-06,-0.386792875357,0,0,0,-0.152171770063,0,0.264870048104,-0.195062817041,0,-0.154746836141,0,0.138477859472,-0.111225701398,0.126878386747,0.19165376634,0.278119939337,0
2015-10-07,-0.226234561715,0.104598475246,0.192650366589,0.205910423121,-0.353454041057,0,0.362501231187,0,0.134339503857,0,-0.157252880099,0,-0.0184885059776,-0.244570011152,0,0,0
2015-10-13,-0.212411970146,0,0,-0.377151245214,0,0,0,0,-0.189294587077,0.144955927019,-0.0576352562723,0.25963638411,-0.16350694129,0.28099464899,0,0.136582733911,0.177830305971
2015-10-14,-0.330582627158,0,0,0.202010091436,-0.245777295638,-0.11915652021,-0.181114908315,0.348915599079,0.140868041821,0.154438501243,0,0.153767766422,-0.123368648679,0,0,0,0
2015-10-15,-0.268248214322,0.160262890622,0.141413147365,0.205927455625,0,-0.155743402938,0.206248363766,0,0,0,0.286148142622,-0.26693186342,-0.160328069381,0,0,-0.14874844994,0
2015-10-16,0,0.355568428623,-0.108298459217,-0.20777683884,0.149506174447,0,0,-0.361987917263,0,-0.197743934027,0,0.209012842622,0.136630346174,0.149282208133,0,0,-0.124192850653
2015-10-19,0,0.142506907244,0.0819799499604,0,-0.108623811032,0,0.23974092697,-0.228072520598,0,-0.102908369386,0,-0.300811142698,0,0.179579178314,0,-0.259584156287,0.356193037511
2015-10-20,-0.229810262442,-0.356806204535,0,0,0.20585229921,0.158064253557,0,-0.15946665903,0,-0.130775945926,-0.123140928068,0.162926078663,0.128279740771,0,0,0.3448776278,0
2015-10-21,0,0.120324694495,0.264231929851,0.314150082479,-0.25267398242,0,-0.235443813704,-0.192702228982,0,-0.174590323848,-0.144589651045,0.178606174072,0,0.122687119103,0,0,0
2015-10-22,0.0878190388299,-0.101613256013,0,-0.324229681159,0,0,-0.132869145359,0.29830716393,-0.229915137377,-0.211372780091,0,0,0,0.177173237471,0,0.0804795365942,0.356221023175
2015-10-23,0,0.0501654702473,0,0.338228462856,-0.289038412197,0,0.0542897887135,0.172605552494,-0.192921759794,0,-0.081533756681,0,-0.366740690717,0.384710725689,0,-0.0697653806109,0
2015-10-26,0,0.10560865254,0,-0.110932981961,0.312722413998,-0.0595013504439,0,-0.117119530771,0.187188005962,0.294335155473,0,0,0,-0.304207690388,0,0.100145772026,-0.408238446436
2015-10-27,0,-0.253935258274,0,0,0,-0.132456002948,0.0782584495956,0,0.234645270855,0.372022876674,0.123465994199,0.191607408677,0,0,-0.266894804634,-0.150545805956,-0.196168128188
2015-10-28,0.241366249254,0,-0.359692137252,0.110653786059,0.435852925145,-0.178646841799,0.0869556946858,-0.186607641169,0,0.125171344856,0,0,-0.0932615396898,0,-0.18179184009,0,0
2015-10-29,-0.307784034462,0.214406631977,-0.138938921316,0.20320462991,0,0,0,-0.0848649027857,0.149569347411,0.245697654964,-0.29355670839,0,0,0,0.187121735739,0,-0.174855433046
2015-10-30,-0.0945731677412,0,0,0,0.102579843144,0,0.251005919802,0.256496901616,0,0,0.138517701261,-0.340821961514,0,0.251399634176,-0.0878978846035,-0.179221172349,-0.297485813792
2015-11-02,-0.322762860668,0.19655437252,0.192620865055,0.0957617478593,0,0.352346763898,-0.276415531018,-0.18313730743,0,0,0.162716250667,-0.0937983782187,-0.123885922666,0,0,0,0
2015-11-04,-0.398654873068,0.227283698575,0,0.0892452567325,-0.304356355226,0,0,-0.138042022519,0,-0.0732895446511,0,0,0.269551048724,0.0511434186798,0,-0.0856572045355,0.362776577288
2015-11-05,-0.374124680459,0,0,0.320655650875,-0.100083753959,0,-0.314805994277,0.288404790905,0.217778120892,0,0.0694893271632,0.103672110165,-0.0777040326684,0,0,-0.133281538637,0
2015-11-06,-0.183273630659,0,-0.235683026746,0,0,0,0,0.142803407194,0,0.143402887568,-0.181059014496,-0.241025319342,0.363640494518,0.18505210908,0,0.165101101641,-0.158959008757
2015-11-09,0,0,0,0.286231275987,0,0,0.175038088989,0.160414048429,-0.0305118461183,0.256218907619,-0.368133190565,0,-0.0790388333642,-0.135818275409,0.122097678977,0,-0.386497854544
2015-11-10,0.192838693964,0,0,0.326992909095,0,0,0,-0.14563374064,0.103003239208,-0.368562178968,0.272567903693,0,0,-0.137447432751,-0.199322238363,-0.149034409278,0.104597254041
2015-11-11,-0.345593475258,-0.226803516863,-0.107580048442,0,0.216872344023,0.104662416212,0.368722342489,-0.0731666158907,0,0,0.185493832483,0,0,0.124249064792,0,0,-0.246856343547
2015-11-12,0.136228064884,0,-0.255164022135,0,-0.200416947237,0,0,-0.262307846917,0,0.280466334228,0.122724864611,0,-0.146837976321,0,0.173760042655,-0.13527320739,0.286820693622
2015-11-13,0,0.133185750401,0,0.352456045386,-0.2011422648,0,-0.408680006337,0,0,0,0.134300876594,0.121564653081,-0.0774506430517,-0.142255099453,0,-0.170471986358,0.258492674538
2015-11-16,-0.234475917727,0.166418059487,0,0,0,0,0.113163032123,-0.295423886103,0,-0.229892036954,0,0.125721319137,-0.0989151718709,0,-0.141292987345,0.380479337951,0.214218251303
2015-11-17,0.198595697638,0.360238083979,0,0,0.130006637277,-0.0665706950571,0,-0.26418302471,0,0.135836678549,0.175322902557,-0.294539214029,-0.134452152978,-0.240254913226,0,0,0
2015-11-18,0,-0.17799945117,0,0.237496820272,0,0,0,-0.29668840083,-0.139811774965,0.140118624931,-0.305833807309,0.0943509391359,-0.0796665657256,0,0,0.158813631626,0.369219984035
2015-11-19,0,0.117224551607,0,0.292446893918,0,0,-0.0891595707987,-0.136792500145,0.286709474121,0.123252195514,-0.289713421307,0.180366884841,0,-0.164213803768,0,0,-0.320120703982
2015-11-20,0,0,-0.229776591576,0.147866436107,-0.252159133079,0,-0.141100883012,-0.124506930201,0.195930878195,0.294251410522,0,-0.252456462131,0,0,0,0.17849828244,0.183452992736
2015-11-24,0,0.109600148293,0,-0.299194237604,0,0.289045995878,-0.0980580868705,0,0.12556273429,0.110240411101,-0.19907440505,0,-0.286586755673,0,0,-0.117086514802,0.365550710437
2015-11-25,0.154073629189,0.251861642651,-0.171459257743,0.16377046393,0,0,-0.197667294982,-0.135890211711,0.223696773102,0,0,0,0,0,-0.123323583827,0.206597491128,-0.371659651737
2015-11-26,0,-0.263059687236,-0.175649766809,0,0,0.207399784257,0,-0.10973607934,0.32990380059,0.138235777742,0.169605276322,-0.381813530157,0.154855361088,0,0,-0.0697409364582,0
2015-11-30,0,-0.156954957692,0.190746114438,0.126808590486,-0.15365827606,-0.0850940362366,0,-0.391354892845,0.1538457381,0,-0.212937837167,0.268502122175,0.2600974348,0,0,0,0
2015-12-01,0,0.166899137704,0,0.187030039485,-0.121711072218,0,0.225681232513,-0.209653617591,0,-0.322111648709,0,-0.074068335261,0.141061909758,-0.272455326222,0,0,0.279327680541
2015-12-02,-0.196596619341,0.137709644199,-0.15773787108,-0.16344009168,0.281528595672,0,0,-0.363277836425,0,0,0,0.0959166430655,0.264076681781,0,0,-0.118947581473,0.220768435282
2015-12-03,0,-0.346895492575,0,0.305571801199,0,0.127019862062,0,0,0.205704819406,0.281263940953,-0.278486296998,0,-0.109072441022,0,0.0804395763797,-0.123360341068,-0.142185428337
2015-12-04,0.151940288909,-0.368206601599,-0.100759080396,0,-0.150300642526,0.164234440566,0.208626886127,-0.125175319303,0,0.364292026661,0,0.110906357738,-0.255558356176,0,0,0,0
2015-12-07,0.230080660678,-0.137278505365,-0.366263042178,0,0.145271582927,0,-0.218169689608,0,0,0.357716946324,0,-0.147802247003,0,-0.130486515845,0,0.16851393494,0.0984168751323
2015-12-08,0.0981389436831,-0.355083218032,0,0.291902037563,-0.0952357248723,0,-0.273565820542,0,0.28537395634,0.132549399394,0,0,-0.202434505758,0.192035663019,-0.0736807307957,0,0
2015-12-09,-0.142550480338,-0.227342454049,0,0.174616197608,0,0,-0.18325145251,-0.329813946376,0.246903055087,0.1298259572,0,0.126769293238,0,0.321885496868,-0.117041666728,0,0
2015-12-10,-0.123528681583,0.205801055,0.164250652069,0,0,-0.140764908542,0.35688574617,0,0.208006547492,-0.416808922879,0,-0.117803545015,0,0.065055999269,-0.201093941981,0,0
2015-12-11,0,0.322107101963,0,0,0.165334390753,0,-0.0636796224907,-0.158473770646,-0.37845783143,0.163180828102,-0.200125937638,0.182003924385,0,0,0.167373754796,0,-0.199262837795
2015-12-14,-0.199759047656,-0.15196204105,0.0517434894943,0,0,0.276509290869,0,0,0.35516436245,-0.206765530734,0,-0.267035260469,0,0.277820095256,-0.174478120091,0,0.0387627619318
2015-12-15,0,0,0.135579797792,0,0,0.169015080681,-0.260637876653,0,0.153027545665,0,-0.144303423037,-0.281520341265,0.38290857576,-0.15753356213,0.159469000103,-0.156004796916,0
2015-12-16,0,-0.112760858891,0.166348008514,0.196421243021,0.164413402457,-0.132112459865,0.211079853586,0,0,-0.363314133283,0,-0.150837489814,-0.240975058146,0,0,0.261737492422,0
2015-12-17,-0.268511638156,0,-0.32705841831,0.0687512168319,0,0.337810949259,0.131005497758,0,0.2660458232,0.196386512952,0,0,-0.0740897504867,-0.137343694208,-0.192996498838,0,0
2015-12-18,0,-0.25068243513,-0.26764306118,0,0,0.329975168126,0.189712375507,0.16206928783,0,-0.19413420119,0.160500023416,-0.0639768039259,0,-0.223563498575,0,0,0.15774314512
2015-12-21,0,-0.229141960308,0,0.157576190874,0,0,-0.173480943002,0.165138075351,0.310373909227,0,0,0.192367459814,-0.162493920955,-0.245728863774,0.174544364735,-0.18915431196,0
2015-12-22,0.180387258391,0,-0.137414604972,0,0.141367667609,-0.215799324766,0,-0.209758861059,0,0.269833492219,0,-0.26661269369,0.228636896957,-0.170414515513,0.179774684825,0,0
2015-12-24,0,0.220798632386,0,0,-0.068042595221,0.187822435148,-0.0975199257194,0,0,-0.358685270475,0.180699444561,0.270079872545,0,-0.261361079212,0.140599615361,-0.214391129372,0
2015-12-25,0,-0.10738525857,0,-0.40551653532,0,-0.308837908503,-0.0814919023227,0.175795340271,0.10394577361,0.42334169534,0,0,0,0,0.184401608605,0.112515582174,-0.0967683952833
2015-12-29,0,-0.0564178849406,0,0.204455132156,0,0.168887605105,0,-0.472821746226,0.16866483706,0,0.174309278032,0,-0.132566816109,-0.254546563129,0.283683147647,-0.0836469895953,0
2015-12-30,-0.146285434865,0,0,0,0.13124383401,-0.147255968428,0,0.186216196216,-0.288348215317,0.112430179762,0,-0.301895382462,0.254606480443,0,-0.116214998928,0.315503309569,0
2016-01-04,-0.228611299148,0.2148411437,0,0.0698340921276,0,0.0677056577994,-0.171602308755,0.350414090017,0.297205016356,-0.199882814688,0,-0.152344387192,-0.247559190217,0,0,0,0
2016-01-05,-0.110970986696,0.20244889476,-0.387145043158,0.237927594234,0,0,0,0,0.0680630154191,0,-0.0388598705175,0,0,-0.0758790564709,0.210904961317,0.28065553427,-0.387145043158
2016-01-06,0,0,-0.179533167829,0.342023702149,-0.352113191287,0,0.124012305452,0,0,0,-0.18546130151,0,0.283117806075,0.115162084556,-0.157727368287,-0.125164971086,0.135684101768
2016-01-07,0.312218070109,-0.331310669571,-0.149467454886,0,0.116016327896,0.145332501442,-0.151323352292,0,0.214756011336,0,0,0,-0.170600812553,0,0,-0.197297710698,0.211677089217
2016-01-08,0.311042983091,-0.216334823244,0,0,0.0857385421338,-0.140300875011,0.136515056133,0,-0.102854565502,-0.274908814711,0.272090458435,0,0,0.194612960207,0,-0.265600921532,0
2016-01-12,0,-0.168379175661,0,0.19735427364,0.100899252012,0,0,0.155602755804,0.22691330949,0,0,-0.242516798177,-0.191220382516,0.319230409054,-0.199872011756,-0.198011631891,0
2016-01-13,-0.298530781865,0,0.265006472076,0,0,-0.113276097235,0.122801435664,-0.289123731536,0,0.221236230691,0,0.0960352128204,-0.0721494102125,0.294920648749,0,0,-0.226919979152
2016-01-14,0.278966533447,0,0,-0.203062297175,0,0.115921417984,-0.0816639705825,0,-0.0490276682504,-0.439296036547,0,0,0,0.261650673282,0.228721694688,-0.226950027445,0.114739680598
2016-01-15,-0.121340755137,0,0,0.13240803362,0.254252060042,0.213973646386,0.18084596869,0,0.218520291262,0,0,-0.319522499385,-0.298597279679,0,-0.0587516845214,0,-0.201787781277
2016-01-18,-0.104749430941,-0.231969861071,0,0,0,0,0,0.104133637569,-0.190504057515,0.25958005213,0,0.182575917674,0,0.244223173767,0.20948721886,-0.22015913463,-0.252617515844
2016-01-20,0.0663820474977,-0.126498883371,0,0.23615156642,0.0864448206956,-0.208490632811,-0.249080841634,-0.338707958449,0,0.258955687872,0,0,-0.0772216837349,0.352065877515,0,0,0
2016-01-21,0,-0.162945423579,0.117180585994,0.20666073589,0.195970573306,0,0,-0.157686739864,0.186784460883,0.293403643927,-0.148263286252,0,0,0,0,-0.165674809464,-0.365429740841
2016-01-22,0,-0.161764826873,0,0,0,0.20921035905,-0.216633276908,0,0.198256433576,0.179532875143,-0.115633871534,-0.29479560517,0,0.352690726228,0,0.0603096060027,-0.211172419515
2016-01-25,0,0.359795976782,-0.135069193233,-0.317938048292,0,0,0,-0.218790941284,0.172152434715,-0.204040392801,0,0.069298763473,0.152048816771,0.24670400826,0,0,-0.124161424391
2016-01-26,0,-0.295757006381,0.215766201023,0.0860478312676,0.191662977786,0,0,0.148560570816,0,0,-0.193468165072,-0.182076045259,-0.214724761973,0.357962419108,-0.113974021315,0,0
2016-01-27,-0.13340677889,0.120678719717,0.243765625692,0,0,0.0967462780788,0,-0.158405927681,0,-0.389837950793,0,0.271106607303,0.267702769209,-0.128200877429,0,0,-0.190148465207
2016-01-28,0,0,-0.12667297842,-0.060694846997,0.0719009109017,0,0.342257429244,0.210636564238,0.294842097641,-0.399219195735,0,0,-0.251939428717,0,0.0803629979752,0,-0.161473550131
2016-01-29,0,0.142167461139,0,-0.227184844616,-0.164743999659,0,-0.160928780489,0.341389447388,0.245071296522,0,0,-0.297046237121,0.111824486552,0.1595473084,0,0,-0.150096138115
2016-02-01,0,0.110270473761,-0.117505002158,0,0.194177206136,0,0,-0.209141234729,0,-0.292382491079,0.247486061406,0.175422094847,0,-0.113099612699,0.27264416385,0,-0.267871659335
2016-02-02,0.288068006934,-0.11481203615,0,0,0,-0.243781201743,-0.274941666695,-0.202031615791,0,0.138573510211,0.128053840591,-0.164433479621,0,0,0.127110499458,0.318194142805,0
2016-02-03,-0.125715359758,-0.222858452048,0,0.18567256106,0,-0.1768254262,0.406241663323,0.111455987017,0,-0.207850561327,0,0,0.196761242158,0,0,-0.266750200668,0.0998685464423
2016-02-04,0.0860134318172,-0.247725663112,-0.187615181311,0,0,0.336472083839,0,0.328302433001,0.162651068605,-0.222858661667,0.0865609827377,-0.148652681093,0,0,0,0,-0.193147812816
2016-02-05,-0.369250566285,0,0.138981565576,0.203583174699,0,0,0.174661872403,-0.257985845979,0,0.356911976697,-0.134802705366,-0.116378436999,-0.121582445371,0,0.125861410625,0,0
2016-02-08,0.0818168583267,0,0.158829203587,-0.106995507029,0,0,0,-0.355941189434,-0.0955050906578,-0.223991872398,0.140232168944,-0.217566340482,0,0,0.415799619316,0.203322149826,0
2016-02-09,0,0,0.217368916413,-0.125972770504,0,0.154932810647,0,-0.181015629857,0,0.286395807962,0.224853814141,0.116448650837,0,-0.247973437687,-0.112345212682,0,-0.33269294927
2016-02-10,0,-0.161658877871,-0.315184705306,0.0671223915006,0,0,0,0.31075416638,-0.12619359171,0.36967807171,0,-0.109067454969,0.134963228506,0.117482141903,0,0,-0.287895370144
2016-02-12,0,0,0.214351806948,0,0,0.155564204796,-0.083224369572,-0.370569431715,0.12127900756,0.157493387799,0,0,0,0.351311592898,-0.0908818909367,-0.332743915007,-0.122580392769
2016-02-15,0.325352089565,0,-0.253550754213,0.166654749806,0,0,0.220492394931,0.144222425326,0,-0.161852058986,0,-0.159032156248,0,-0.274785485607,0,0.143278340373,-0.150779544947
2016-02-17,0,0,0.130058221184,0.129402508816,0,0.352034283961,0.256461905573,-0.218257175266,0,-0.402723180909,-0.0945713122625,0,0.132043080466,0,0,-0.0665787227093,-0.217869608853
2016-02-18,0,-0.125020682967,0.224231506537,0,-0.146920333832,0.14673441496,-0.216693708111,0,0,0.257648167009,0,0.232384296145,-0.30490103134,0.13900161535,0,-0.20646424375,0
2016-02-19,-0.0899101672532,0,0,0.218729531245,0,0.167818938424,0.185189146633,0,0,-0.355038011476,0.262722445303,-0.112247486704,-0.129191843807,0,0,-0.313612490759,0.165539938395
2016-02-22,0,0,0.133899951148,0,0,0.125906082704,0.161770923018,-0.163702043309,0.375341268401,-0.109718396329,-0.069769292577,-0.32255244113,-0.334257826655,0.203081774728,0,0,0
2016-02-23,-0.18110126641,0,0.0889789621398,0.222189596672,-0.192799041859,0,-0.369038274078,0.21535098546,0,0.286287356536,-0.0862407283869,0.187193099192,0,0,-0.170820689266,0,0
2016-02-24,0,-0.384429007372,0,0,0.0851599310334,0.444563832419,-0.384429007372,0.248313254008,0.195508490191,-0.0719332980243,0,-0.0752177965796,0,0,-0.0839908906518,0,0.0264544923484
2016-02-25,-0.146649151776,-0.23669086993,-0.101026009037,0,-0.194033685256,0,0.247050556213,0.178583279859,0.192674871449,0.158037967361,0,-0.321600284,0,0.223653325117,0,0,0
2016-02-26,0.243150515913,-0.0959909548734,0,-0.178119426348,0,0.0962801672918,-0.227485558174,0,-0.341895884576,0.271512111738,0,0.0675553405292,0.321501864528,0,0,0,-0.156508176029
2016-02-29,0,0,0,0.104181243535,-0.15708081861,-0.270765417171,0.342852033117,0.110959344789,0,0,-0.343299356909,0.352785692052,-0.154072181425,0,-0.0747822258845,0,0.0892216865077
2016-03-01,0,-0.154616072824,0,0.106726807219,-0.332596132602,0,0,0.167890868266,0.347329368291,-0.142840112568,0,-0.20305963801,0.267448719463,0,0,-0.166888043997,0.110604236761
2016-03-02,0,0,-0.247074884885,0,0.0371974662388,-0.266977504197,-0.195581886672,-0.0817682938619,0,0,0,-0.208597430384,0.253734220078,0.210162715236,0.247642519974,0.251263078473,0
2016-03-03,0,0.10113242285,0,0.215042724892,0.110726896537,0,-0.107457769083,0,0,-0.360625676843,0,0.363019818079,0,-0.218450971648,-0.22128698789,0.210078137642,-0.0921785945357
2016-03-04,0.331492758131,0.108692752739,-0.158090089638,-0.244716466597,0,-0.181899946639,0,-0.328705315454,-0.0865881816724,0.103157596537,0.194006464352,0,0,0,0,0.262650428241,0
2016-03-07,0.052615582197,-0.135194636029,-0.126397555266,0.243904795337,0,-0.35655626577,0,-0.215362714195,-0.166488828741,0.358122862616,0.113711393024,0,0,0.231645366826,0,0,0
2016-03-08,0,0,-0.353152899358,0,0.240223482189,0,0,0.0667174500433,-0.143377778523,-0.110500442562,0.279067649646,0.286570770273,-0.233123516197,0,0,0.127420647849,-0.15984536336
2016-03-09,0.181264291324,-0.358504215007,0,0,0,-0.312092260042,0.114424500015,-0.0623721942239,0,0,0.236591294555,0.30477124005,0,-0.114180201874,0,-0.152851128854,0.162948674055
2016-03-10,0.357505285352,-0.218790736085,0.162412939933,-0.185973221687,0,0,0,0,-0.136655120037,-0.227293402907,0.251169665267,-0.231287519284,0.146543897225,0,0.0823682122236,0,0
2016-03-11,-0.160620366067,0,0,0.160772064957,0.240951106145,0,-0.232770243309,-0.0701213569532,0,0.269224605224,0.211741117021,0.117311106652,-0.237286826891,-0.29920120678,0,0,0
2016-03-14,0.220758390653,0.114627572475,-0.224133220842,0.142523429691,-0.115163904537,0,0,-0.18019752915,0,-0.192644559974,0,0,0.35984692256,0,-0.287860785497,0.16224368462,0
2016-03-15,0.213427447184,-0.0968176333362,-0.17514327611,-0.262564970387,0,0,-0.301234369967,0.110236965816,0.213768842564,0.338282251294,0,0,0.124284493141,0,0,-0.1642397502,0
2016-03-16,-0.0875799417369,0,0.410367751204,-0.0905338237665,-0.287656614825,0,-0.146262226713,0.142930198498,0.0741450877379,-0.387967392959,0,0.119547605227,0,0,0,0.253009357334,0
2016-03-17,0.241286450287,-0.188655773811,0.0698609703856,-0.0664603942617,0,0,-0.0605482426776,-0.381484712394,0.27269977583,-0.302850876855,0.292779122021,0,0,0.123373681476,0,0,0
2016-03-18,-0.111447816142,-0.250588892388,0,0.185921305218,-0.241488484542,0.288297447214,0.16197416247,0,0,-0.210527503233,0,0.188632599114,0,0,-0.185947303696,0,0.175174485985
2016-03-22,0.194727751156,-0.272701401307,0,-0.359790476084,0.137787812972,0,0.220446544711,-0.149967445581,0,0.310229002369,0,0,0.136808888793,0,-0.118303997466,-0.0992366795618,0
2016-03-23,-0.322587287122,-0.216830586681,-0.141572309257,0,0,0.381093195318,0,0.132786149409,0.0623839952946,0,-0.13997734323,-0.17903247371,0.0830548593693,0.340681800609,0,0,0
2016-03-24,0,-0.316920309729,-0.126495584078,0.158527539471,0.245226405548,0.19936384969,0,0,0,0,-0.161292751097,-0.180584781569,0.165383380828,0,0.231498824463,0,-0.214706573526
2016-03-25,0,0.180369477922,0.494487128725,-0.121424690926,0.17730770181,-0.194191708164,0.0750645535086,-0.351702204288,0,0,0,0,0.0727711380344,-0.178316499619,0,-0.154364897003,0
2016-03-29,0.292716124882,0,-0.0771593624622,0,0.0969078868418,0,0.260063838237,-0.3061629627,0,0.25089562313,0,0,-0.109040999044,-0.347021685337,0.0994165269096,-0.160614990457,0
2016-03-30,0,-0.182170390316,0,-0.251755277099,0.265255796867,-0.199896760985,0,0.29585260394,0.172487982106,-0.0862000216225,0,0.0825440415675,0,-0.279977549977,0,0.183859575519,0
2016-03-31,0.216083825516,-0.124036856827,-0.346614329455,0.152252690521,-0.0615749559837,0.303337889409,0,0.0661631054147,0,0.262162489139,-0.36464699187,-0.103126865864,0,0,0,0,0
2016-04-01,0,-0.366687606572,0.130347198199,0.330516505756,0,-0.162049614123,-0.17633613032,0.0994575983616,0,0.0585958549327,-0.169562092653,0.381082842751,0,0,-0.125364556331,0,0
2016-04-04,0.259776720876,-0.253948047953,0,0,0.0989229285768,0,0,0.227122090047,0,-0.197378944827,-0.156140710316,-0.253324605651,0,0,-0.139207691254,0.254735553244,0.159442707256
2016-04-05,0.242166761111,-0.189231753305,0,0.149751256433,0.199993825028,0,-0.206800485952,0.270952620442,0,-0.18968004543,-0.192017610846,0.137135536987,0,0,0,0,-0.222270104467
2016-04-06,0,0.0865718567638,-0.192675799263,0.369704106667,0.315857297785,0,0,0,0.0781371521502,-0.211609660167,-0.288889924789,-0.153076239249,0,0.149729586634,0,-0.153748376532,0
2016-04-07,0.218376304984,-0.0764042115588,0,0,0.236282143191,0.165980389707,0.168383766516,0,0.210977395603,-0.33293636775,-0.143027636676,0,-0.328980316241,0,0,0,-0.118651467774
2016-04-08,0.198155512856,0,0,-0.25753413218,0.27567422675,0.183473388889,0,-0.223266630042,-0.175572679164,-0.187180373379,0.197892541353,-0.156446185236,0,0,0.144804330152,0,0
2016-04-11,0.247968848869,0,-0.157166531446,0.163534164563,0,-0.247003375473,0,0,0,-0.141516689163,0.165231242457,-0.166975503143,-0.287337900774,0,0.223739879253,0,0.199525864857
2016-04-12,0,0.177047643727,0.169746211649,0.144350936812,0.154921320026,-0.253921233903,-0.118417568752,-0.385391721514,-0.101875113072,0,0,-0.140394362759,0,0,0.353933887787,0,0
2016-04-13,0.162948496118,0.154479240112,0,-0.205439508812,0,-0.168173857812,-0.152278082356,-0.199685915151,0,0,0,0.269044855448,-0.274422635869,0,0,0.204924259323,0.208603148998
2016-04-14,0,0.146956164337,-0.229307215548,0.178393137101,0,0.231866957825,-0.254553201775,0.152912588409,0,0,0,-0.178676312867,0,-0.201628475008,0,0.289871152328,-0.135834794802
2016-04-15,0,0,-0.30031809496,0,0.153299100545,-0.184491735896,-0.212469117714,0,0.250183583516,0,0.124583960932,-0.12522284148,0,0,0.114895200378,0.357038154629,-0.177498209949
2016-04-18,0.275406325284,0,-0.368934960258,0.12710584464,0.0891908787589,0,0,0,0.175404766813,0,0,-0.165330827798,-0.137188108725,-0.177748422815,0,0.332892184504,-0.150797680403
2016-04-19,-0.135449233588,0,0.14155821365,-0.205597556852,0,0.28134880969,0.14899511319,0,-0.242472594744,-0.179930590474,0.239435640945,0,-0.236550024342,0.188662222525,0,0,0
2016-04-20,0,0.191067531014,-0.213962109858,0.183525905515,0.126502830952,-0.105943700508,0,0,0,0,0,-0.337548775751,0.200596481209,-0.311538224144,0,0.29830725131,-0.0310071897394
2016-04-21,0,0,0,0,0.159904860707,0.250939919166,0.256902675004,0,0.168391106935,-0.0993329895375,-0.43577341525,-0.141333447454,0,-0.150136211126,0,0.163861438188,-0.173423936633
2016-04-22,0,0.121990502024,0.161478048436,0,0.314635089021,0.353637964238,0,0,0.0482583962803,0,-0.231728625246,-0.184851750688,-0.18935600748,0,0,-0.193289849449,-0.200773767136
2016-04-25,0.167985396969,0,-0.092656804416,0.126486205607,-0.189517604127,0,0.139183597956,0,-0.398021309307,0,0,-0.25066243631,0.214806132427,0,0,0.351538667041,-0.0691418458403
2016-04-26,-0.261465372158,0,0.115938088504,0,0.268448863904,-0.149626632804,0,0.11597082643,-0.0988693758928,0,-0.293571660752,0.136862088803,-0.196466958393,0,0,0.362780132359,0
2016-04-27,-0.135585101651,0,0,0.295757528724,-0.214354967693,0,-0.15273226445,0,0,-0.12747312565,0.235251161406,0,0.191585892498,0.194516030158,-0.369854540556,0.0828893872146,0
2016-04-28,0,0,0,-0.279929697776,-0.225657148819,0.0672613985557,0.382414356818,0,0.313280019152,-0.201363331498,0.0904578355581,0,0,0.146586389917,-0.208262247543,0,-0.0847875743645
2016-05-02,0.268695178982,0,0,0,0.0968637606116,0,-0.228392177933,0.314578380468,-0.230797041984,0,0.227360197892,0.0925024820463,-0.289892176781,0,-0.1206983936,0,-0.130220209702
2016-05-06,-0.371623413225,0.168876132513,0,-0.169413044941,0.141868952895,0,0,0,0.214832014372,-0.144864836681,0,-0.204069595334,0,0.318237069966,0,-0.110029109819,0.156185830254
2016-05-09,0,-0.24658704914,-0.163506647002,0.261906537536,0,0,0.0844034730361,0.270744255737,0.153528872377,0.229416861313,-0.145013326941,0,0,-0.243157527865,0,-0.201735449052,0
2016-05-10,0,0,0.273296880889,-0.292389752891,0.210221145034,-0.126224122044,0,-0.165884599241,-0.105137519436,0.158874957478,0.152840679484,-0.310364006387,0,0,0,0,0.204766337116
2016-05-11,0,-0.129578218486,0,0.118558671,0.108820118592,-0.227343987998,0.374199615195,-0.0689319924274,0,0.149842690858,0,0,0,0.248578904355,-0.368621868278,0,-0.205523932811
2016-05-12,0,0,0.176284170133,-0.161746219524,0,-0.179431337874,-0.158150892651,-0.337696292142,0,0.144321332358,0,0.157271680352,0,-0.162975257809,0.387383762037,0.134739055121,0
2016-05-13,0.181813378831,-0.181453979649,0,0,-0.247800325731,-0.370461958183,0.278598222179,0.218683842374,0.197043516491,0.123861040124,0,0,0,0,0,-0.0922009078934,-0.108082828543
2016-05-16,0,0,0.404652711571,0,0.151704603148,-0.113892743962,-0.224320635945,-0.324730373086,0,0.219272200286,0,0.0958315587119,-0.219922275589,0,0.128538926283,0,-0.117133971418
2016-05-17,0,-0.0993734326924,-0.37975209382,0,0.0944096398313,0,-0.31009563988,0,0,0.203721850182,0,0,-0.089621712282,-0.121157121326,0.181409409758,0.313129254497,0.207329845733
2016-05-18,0,0.199279882727,0.129763505778,0,-0.171640900918,0,0,0.156412288626,-0.157219282797,0,-0.178360880086,0,-0.176896563295,0,0.365733484996,0.148810837873,-0.315882372904
2016-05-19,-0.117642253462,0,-0.194979455913,0,0.163111354568,-0.236674275639,0,0,0.244339923008,0.302147631737,-0.179899652371,0,0,0,0.0884363840623,0.201964706625,-0.270804362615
2016-05-20,0,0,0.293872485789,-0.142579094501,-0.22789682309,0.217113971105,0.144029908114,0,0,-0.308327080441,0.188574269865,-0.219157297707,0,0.156409365126,0,-0.102039704261,0
2016-05-23,-0.186815766937,-0.11889622552,-0.194275387961,0.156483227158,0,0,-0.228368012662,0,0.326559723674,0,0,0.158091051703,0,0,-0.27164460692,0.237348951183,0.121517046282
2016-05-24,0,0,-0.165086956927,0.138814617261,0,-0.092783189602,0.369699307605,0.137419776544,0.0967213267033,0,-0.220383243915,0,0.257344971887,0,-0.216217537338,-0.305529072218,0
2016-05-25,0,-0.218661427351,0.329491368792,0.282964689629,0.12668898259,0,-0.226815165166,0,0.0797054961448,-0.242470475389,0,-0.218612979856,0,0,-0.0934399522377,0.181149462844,0
2016-05-26,0,-0.207048796054,0,0.0895378246788,0,-0.198440909152,0.21515975254,0.20015067819,0.11614084251,0.379010902081,0,0,-0.260551908299,-0.176831242226,0,0,-0.157127144269
2016-05-27,0,-0.3614609909,0.16486165855,-0.135029768752,0.127170423222,0,-0.250020015979,-0.186750188362,0,0.137085362085,0.359053107216,0.211829448928,-0.0667390360074,0,0,0,0
2016-05-30,0.183518086812,0,0,0.121097733555,0,0,0,0.274395910502,0.257743315086,-0.155912240976,0,-0.171828454412,-0.376101912831,0.163244954045,-0.174960751897,0,-0.121196639884
2016-06-01,0,-0.140049516075,0,0.170330476808,0.190344236446,0,0.154275096059,-0.283005513035,0.183322716243,0,0,0.301727474445,-0.184440633717,-0.267615693571,0,-0.124888643602,0
2016-06-02,0,-0.08662780674,0.150362938822,0,0,0.255961303519,0,-0.172842296285,0,0,0.112200353128,-0.355515091782,0,0.153050658525,-0.210091717163,0.328424746006,-0.17492308803
2016-06-03,0,-0.175317169585,0.227433044576,-0.249171698626,0.0302784617351,0,0,0.364956236586,0.221731027685,-0.112868109909,0,0.155601229418,0,-0.343948372698,0,-0.118694649181,0
2016-06-06,-0.136939913675,0,0,-0.0841301832303,0,0.0911378691169,-0.169234749352,0,0.181263706781,0,0.456638974607,-0.366245003593,0,0,0.105083973646,-0.24345015015,0.165875475848
2016-06-07,0,0,0.210399669858,0,0.149138679258,0,0.149652693122,0,0.354272291096,0,0.136536666666,0,-0.232351575636,-0.114005492582,-0.135009765111,-0.263742523807,-0.254890642864
2016-06-08,0,0.0888815795887,0,-0.2188436128,-0.120703395961,0.326971226323,0,0.26906211824,-0.39140133728,-0.125092309655,0,0.141214281607,0.173870794241,0,0,-0.143959344303,0
2016-06-09,0,-0.234805429675,0.0635298887116,0,0,-0.133195151217,0,-0.214489740154,0.262840539113,0.260066636267,0,0,0.220209159534,0,-0.148670451243,-0.268839227711,0.193353776374
2016-06-10,0.105876390673,-0.135782166806,-0.363846573824,0,0,0,0.16362347628,0,0.355995316253,0,0.0908755249342,-0.151923710275,-0.136198426389,0.28362929186,0,-0.212249122706,0
2016-06-13,0.180010544516,-0.163947476852,0,0.102712655718,0,-0.174245051465,-0.247146767661,-0.122550945012,0.224905758558,0,0,0.201704308532,0,0.290666732676,0,-0.292109759009,0
2016-06-14,0.233799154341,0,-0.209350383707,0.382375250492,0,0,0,-0.240942313834,0,0.100794165752,0,0.104646524727,-0.174881319904,-0.123285299671,0,-0.251540682885,0.178384904687
2016-06-15,0.136994319102,-0.0781428345662,0.162961742283,0,0.216372137419,0,-0.104287190621,0,0,0.269114223174,0,0.214557578023,0,-0.18665283436,-0.282437940512,-0.348479199941,0
2016-06-16,0,-0.331339857861,0,-0.157694758974,0.244662746689,0,0.0892093499148,-0.148647677728,0.0698785112116,0,-0.149742565167,0,0,0.223075993314,-0.21257514027,0,0.37317339887
2016-06-17,0,0,-0.17886838552,0.175067965957,0.167138797836,0,0,-0.24490758973,-0.141198796125,0.146377852656,0,0.423648456493,-0.224819770549,0,0,-0.210205458075,0.0877669270579
2016-06-20,-0.15044820254,0.116569080114,-0.122459602602,0,0,-0.33749810077,0,0,-0.225553119134,-0.164040974954,0.151913426227,0.259158883782,0,0.271418908242,0,0.200939701635,0
2016-06-21,0.0693831394151,-0.094001095832,0,0.259549962571,0.27130175158,0,0,0,0.140493958659,0.259271187775,0,-0.323289603696,-0.2638069874,-0.209156761007,0,0,-0.109745552065
2016-06-22,0,0.138297445704,0,-0.191198499935,0,0,0,0.297631719881,-0.107870587505,-0.353524042001,0,0.205965767036,-0.221209299606,0.229593966912,0,-0.126197570954,0.128511100467
2016-06-23,0.038090064598,0,0,0,0.427007518627,0,0,-0.259057624878,-0.174771615175,-0.265448161106,-0.167425283,0,0.237542798064,0,0.229330927463,0.0680286912491,-0.133297315842
2016-06-24,0.0444164244595,-0.105372551223,0,0.275108604436,0,-0.304945238429,0,-0.296902329293,0.343937924989,0.218047383565,-0.100103983868,0,0,0.118489662552,0,0,-0.192675897187
2016-06-27,0,-0.0920055492322,0,-0.236005896993,0.226433239476,0,0.277305179508,0,0.157013094223,-0.211377556333,0.184840133827,-0.175958495078,0,0,0,-0.284652502364,0.154408352966
2016-06-28,0.193958377545,0,0,0,0.154867542069,0,-0.13450045,-0.15635848762,0.137818532139,-0.205209780853,0.340269663755,0.173085884492,0,0,-0.168066052141,-0.335865229387,0
2016-06-29,0.165287899133,0,-0.372174432582,0,0.130069703921,-0.228419923144,-0.101212620559,0,0.160228412057,0.17287360574,0,0,-0.200385316225,0.371540379148,0,-0.0978077074899,0
2016-06-30,0.224880403636,-0.208851654031,-0.27908470869,0,0.185700758132,-0.166750599695,0.382708032314,0,0,0.050914785444,0,-0.204783398865,0,0.155796020474,-0.140529638718,0,0
2016-07-01,0,0,-0.261633167753,0,0,0,0.161250742416,0.177223035929,0.146872114563,-0.308510803286,0.217407111049,-0.197625462058,-0.12442538642,0.297246996043,0,0,-0.107805180483
2016-07-04,0,0.382780432911,0,0.101411845322,0.18846730439,0.117091597948,0,-0.19297318241,0,0,0,0.21024881943,-0.277119905398,-0.209175203017,-0.0933596930196,-0.227372016155,0
2016-07-06,0.144478993035,0,0,-0.207461055365,0.205759279705,0,0,-0.143738614682,0,0,0.194262814379,0,-0.144011612551,0.267402158082,-0.141769064951,-0.363019652451,0.188096754799
2016-07-07,0,0.24208683146,-0.164537994001,0.155457674217,0.185991698394,0,0,0,0,0,-0.109030902856,-0.278603091869,0,0.162721226997,-0.15470430106,-0.293123710214,0.253742568931
2016-07-08,0,0,-0.132164074205,0.157180177534,-0.172086297083,0,0.143048366776,0,0.24351583445,-0.199691851464,-0.368992180976,0.276291556415,0,0,0.179964064825,0,-0.127065596272
2016-07-11,0,0.136789653049,-0.311880008332,0.313780869608,0.151801099736,-0.179573903718,-0.211472938686,0.206478451737,0.19114992587,0,0,-0.131391045579,0,0,0,-0.165682103685,0
2016-07-12,0.246384328502,0,-0.0417369191261,0.105170212619,0,0,-0.0571403498113,-0.284703045306,0.165415494477,0,0.103760767825,0.379269196577,0,-0.36165306883,0,-0.254766616927,0
2016-07-13,-0.125944840683,0.530633915645,0,0,-0.136031103883,0,0,0,0.0873135903275,0,-0.202096890327,0.100257838565,0.205926129196,-0.243341156444,0,0.0758685262675,-0.292586008663
2016-07-14,-0.118708745045,0,-0.168820883152,-0.107979443597,0.0727988043864,0,0.139139224036,0.432277394198,-0.361363477315,-0.24312745089,0.119977796238,0.235806781141,0,0,0,0,0
2016-07-15,0.255382301767,0.10514258514,-0.142763420736,0.263091561917,0,-0.0837303628208,0,-0.232088530526,0.0746228597267,0,0,0,-0.266170092665,0.30176069145,0,0,-0.275247593252
2016-07-19,0.288662145227,0,0,0.280571756419,-0.159953266578,0,-0.251241962768,0.2079588721,-0.13950005416,0,-0.224758906346,0.16842617066,0,0,0.054381055594,0,-0.224545810148
2016-07-20,-0.120562719164,0.22449497327,0,0,0,0,0.448671058435,-0.225152163384,0,0,0.054647445667,0,-0.171147655651,-0.349003164754,0.0855906178476,0.18659590478,-0.134134297047
2016-07-21,0,0,0,0.260361147332,0.125982679291,-0.435256936817,0,-0.308940664292,0.258626385934,0.299229066197,-0.0601539458945,-0.0438295049862,0.0558007212453,0,0,0,-0.151818948011
2016-07-22,0,-0.235179119215,0.138732610036,0,0.123103877359,-0.208718338192,0,0,-0.159842421404,0,0,0.256972628214,-0.225317526475,0.17414302628,0.307047858111,-0.170942594714,0
2016-07-25,0.241493202398,-0.249655689946,-0.247954315715,0.0449052566077,0,-0.244336944581,0,-0.112616660638,0,0.431277475903,0,0.194231238146,0,0.0880928269453,0,-0.14543638912,0
2016-07-26,-0.196276717173,-0.322696872866,-0.133414533353,0.270802331295,0,0,-0.146583194187,0,0.215404028278,0,-0.201028682421,0.1721052655,0,0.0659676615769,0,0.27572071335,0
2016-07-27,0.216715487165,0,0,-0.368741396696,0.126016832188,-0.230520015415,0.200516715201,0,0,0.336393577857,-0.144358139807,0,0,0,0.120357387589,-0.1493957539,-0.106984694183
2016-07-28,0,0,0,0.209791414488,0,-0.120843481385,0,0,0.286038829832,0.0772229485263,-0.2553126457,0.218502957681,-0.372841645586,-0.131764697164,0.208443849473,-0.119237530164,0
2016-07-29,0.0979750330601,-0.0374699718321,-0.21532943322,-0.200788603518,0,-0.179366781854,0.285881669107,0.250248631391,0,0,0,0,0.17295482705,0.192939839392,0,-0.367045209576,0
2016-08-01,0,0.120714560538,0.289422561888,0.111425436653,0,-0.116765220691,-0.270237357933,-0.156200046502,0.179097451661,-0.317654872922,0,-0.139142501952,0,0,0,0,0.299339989261
2016-08-02,0,-0.279882076128,0,0,0.311579993019,-0.253971095644,-0.0721411481449,-0.176966373001,0.148668883777,0,0.173159805593,0,-0.217039307082,0,0.193677027019,0.172914290593,0
2016-08-03,0.192869241511,0,0,0.270328717092,0,-0.297429144885,0.0968414120935,0,0.234132160358,-0.205660737663,-0.0844617620164,0,-0.129269542396,0.205828468946,0,0,-0.28317881304
2016-08-04,0,0.171289179803,0,-0.171359701894,0,0,-0.299474114154,0.239206152191,-0.124420575906,0.168276372466,-0.0686007353181,0.283188674984,-0.336144872728,0,0.138039620555,0,0
2016-08-05,0,0,0.146743126093,0.334512207521,0,0,0,0,0.246987003342,0.0961209790997,-0.152980983139,0,-0.267855360899,0.175636683945,-0.185492194015,-0.29188924979,-0.101782212157
2016-08-08,0,0.155597186801,0.178488053637,0,0,0.211601459291,-0.200292884228,-0.324116646865,0.325613959914,0.128699340357,-0.201077100265,-0.179971447826,0,0,0,0,-0.094541920816
2016-08-09,-0.118141637435,0.237045199049,0.150925231179,-0.165761843127,-0.324890263414,0,0.159644836159,0,0,0,0.179975683292,0,-0.162752051657,-0.228454204367,0.272409050321,0,0
2016-08-10,-0.117901887047,0,0,0,0,0.204207613638,-0.26390311968,-0.128947453951,0,-0.351385968203,-0.137861571119,0,0,0.16947959395,0.155015849609,0.265282587944,0.206014354859
2016-08-12,0,0.114692919481,-0.10418191909,0,0,0,0.335247886446,-0.132782749975,0,0.320411068889,0.117592487293,0,-0.118060884966,-0.264571229591,0,0.11205563789,-0.380403216378
2016-08-15,-0.453011399596,0.205432160009,0,0,0,0.152984276435,0.149231645661,0,0,-0.0953622229239,0,-0.157259301029,0.188889043357,-0.220786068597,0,-0.073581007854,0.303462874537
2016-08-16,0.160017402334,0,0,0.226806359975,-0.134295051273,0,0.154512642484,0.336119023996,0,0,-0.271271866788,0,-0.17560791251,0.122544571211,-0.171279267568,0,-0.247545901861
2016-08-17,0.140518713619,0.148275826435,0.178041342807,0,0,0,-0.26108666871,-0.298768258491,0,-0.100277230501,-0.202008074393,0,0,0.405122642621,0.128041474518,-0.137859767905,0
2016-08-18,0,0,-0.189157129937,0,0.10430750071,0,0,0.313644243209,-0.152066429755,-0.0854577449656,0.109020833033,0,-0.356239446256,0.355279603981,0,0.117747819067,-0.217079249087
2016-08-19,0.129170494898,0,0,0.257112925891,0,-0.195099981908,0,-0.183765486175,0.100515455471,0.305118119638,0,-0.146419435894,0,0.208083004102,0,-0.322867698954,-0.151847397069
2016-08-22,-0.250322914922,0.0669126842313,0,0,0,0.155598977793,-0.380170340497,0,0,-0.0678823703081,-0.126805909795,-0.174818464479,0,0.343046141058,0.223928801894,0.210513395024,0
2016-08-23,-0.142952532835,0,-0.13698909171,-0.35893945183,0.175339446659,0,0.107098765042,0.36169519091,0.271102868487,-0.150354500578,0,0,0.0847637289023,-0.210764423047,0,0,0
2016-08-24,0,0,-0.0913894747343,0.113114332283,-0.302761930649,0.224213984595,0,0,0,0,-0.0837006603853,-0.304714061141,-0.21743387309,0.1868836666,0.154150245305,0.321637771218,0
2016-08-25,-0.186164057178,0.156837249124,0,0.1490851686,-0.363605388487,0,0,0.160045787552,-0.186387287112,-0.154865862892,0,-0.108977404331,0,0.37224504138,0.161786753344,0,0
2016-08-26,0.195534135344,0,0.199421452662,0,-0.171232832274,0,-0.220624885397,0.293064483506,0,0,-0.219580462397,-0.24941210738,-0.139149712551,0.196852307152,0,0,0.115127621337
2016-08-29,0,0,0,-0.125091985991,0,0,0,-0.116178960876,0,0.120034446333,-0.368411862903,-0.198757691517,0.102718244521,0.274312409227,0.284119632471,0.218815267448,-0.191559498713
2016-08-30,0.247917196071,0,0,0,-0.170737698359,-0.112806880894,-0.192116330818,0,0,0,0,0.384274040372,0.158684617259,0.0620728857891,-0.183676099474,-0.340662990454,0.147051260509
2016-08-31,0,0,0.235704875715,0,-0.114942527966,-0.386666005951,-0.0795303023155,0,0,-0.174525490599,-0.244335673169,0.156759718982,0,0,0.282614475866,0.224199674873,0.100721254563
2016-09-01,-0.151287358711,-0.254964934707,0.260308551558,0,0,-0.231869764355,-0.16038541851,0,0.190434980452,0,0,-0.201492523717,0,0,0.0874293673263,0.216206661149,0.245620439515
2016-09-02,0,-0.0528972005194,0.193597252692,0,0,0,0,0,0.209641205293,0.222835739853,-0.315414900739,-0.356524852069,-0.167631972756,0,0.173338429058,-0.107531073917,0.200587373104
2016-09-05,-0.150086012087,-0.218825763285,0,0.366731231233,0,-0.136314862504,0.079257312369,0.22421307653,0.220286766671,-0.129178830918,0.109511613197,0,0,0,0,0,-0.365594531206
2016-09-07,0,0.139006360995,0,-0.147408186421,-0.102332291059,-0.201607117278,0,-0.196197779094,0.185666427356,0,0.112976166633,-0.352454626148,0.184758004632,0,0.377593040385,0,0
2016-09-08,0,-0.202889914226,0,0.3268932317,-0.127829459011,-0.205772279658,0.226443682269,0,0,0,0.100530869111,0.12873754116,0,-0.378678256197,0,0.21739467576,-0.0848300909086
2016-09-09,0.161102891561,0.14999235799,-0.16081497757,0,0,0.0966486449531,-0.223153738695,-0.17071446599,0,-0.312342147832,0.34682655724,0.245429548256,0,0,0,0,-0.132974669913
2016-09-12,0,0,-0.057938478787,0,0,0,0.293730237361,0,-0.154981061508,0,-0.375078018438,0.246910942948,0.208198252703,-0.238670567156,0.149730015296,0.101430551691,-0.173331874111
2016-09-13,-0.225127377718,0,0.132410238908,0.311085568983,0,0,0,0,0.0965839139552,0.311987224471,-0.0971426068072,-0.223638660787,-0.216217542213,0,0,0.147933053682,-0.237873812474
2016-09-14,0.11202086896,-0.20093616486,0.0895309904579,0,-0.145674186418,0,0,-0.186914533382,0,0.310463003826,-0.283568572613,0,0.358708260048,0,0.129276876709,-0.182906542727,0
2016-09-15,0,-0.267240193075,-0.209180201493,0,-0.0926763269091,0,0,0.0862363697962,0.355102952952,0.190008705295,0,0.174271639387,-0.279383032379,0,0,-0.151520246145,0.194380332569
2016-09-16,0,0.168217214019,0.259172846258,0,0,0.153516094895,0,-0.152171082503,0,0.199731006907,0,-0.232706566716,0.219362837921,-0.265285642492,-0.175567886825,-0.174268821464,0
2016-09-20,0.120154587465,-0.174151266373,-0.2117035639,0,0.0496835836888,0,0,0,-0.151606549245,-0.352089778495,0.312002388548,-0.110448841987,0,0,0,0.322986704915,0.195172735384
2016-09-21,0,-0.194445639031,0,-0.0733018920609,0,0.0732408611778,0,0.312205674747,0.130683630938,0,0,0.194323400138,-0.238305148817,0,0.289546433,-0.376253305917,-0.117694014174
2016-09-23,0.0985315288651,-0.0709371084256,0,-0.265544579273,0.121505661505,0,-0.154371224342,-0.429286437962,0.305332128094,0,0,0,0,0.120350187653,-0.0798606499968,0,0.354280493883
2016-09-26,0,-0.163136507439,0,0,0.0886606828989,0.252864682025,0.114849866384,0.428496075133,0,0,0,0.115128693559,-0.228290446526,-0.21621418704,-0.204078295623,-0.188280563372,0
2016-09-27,0.252342042113,0,0,0,-0.14329677977,-0.278705634445,0,0,0.173776999799,0.114873131207,-0.123907753634,0,-0.117517533775,0.128584699507,0,-0.336572298377,0.330423127375
2016-09-28,0,0.191456264175,0,0.384518506588,0.14375785544,0.132891889107,0,0,0,0.14737548469,-0.344714862331,-0.0815221340344,0,0,-0.12368280838,-0.171004936204,-0.27907525905
2016-09-29,0,-0.335492332661,0,-0.100895673414,0,-0.0855341612782,-0.231528602605,-0.246549230042,0,0.155380519713,0,0.142067044041,0.167635829533,0,0,0.181569261312,0.353347345401
2016-09-30,-0.165063982713,0,0.179081737075,0.144073635035,-0.23929223345,0,0,0,0.207783746463,0.230663176861,-0.327849572472,0,0,0,0.238397704567,-0.121041850242,-0.146752361123
2016-10-03,-0.214230934032,0.157566104288,-0.334972067706,0,0,-0.1250439457,0,0.330805557233,0.127437737774,-0.150747622812,0,-0.17500542975,0,0.154048123528,0.230142477176,0,0
2016-10-04,-0.168681865588,0,-0.226951633587,0,0,0.0725572389311,0,0.092813177584,0,0.381439230288,-0.23149005298,-0.114425694592,0,0,0.256309570383,0.196880782813,-0.258450753254
2016-10-05,-0.143322806303,-0.102624359552,0,0.0562931671538,0,0.205714138969,0,-0.199371772716,0.289366734968,0,-0.408424156001,0.337336392268,0,0,0.111289566641,0,-0.146256905428
2016-10-06,0,0.179029210982,0,-0.0726737643117,0,0,0,0.241144240287,-0.230272156107,0.0928343583253,-0.115468158546,-0.175531846201,0,0,0.202044801403,0.284947389003,-0.406054074835
2016-10-07,-0.111774223083,-0.236551359351,0.242477940684,0.240017435028,-0.204294849502,0,-0.326395394607,0,-0.120984173457,0,0,0.13186735609,0,0.227135723516,0,0.158501544682,0
2016-10-11,-0.350922259862,0,0,0,0.184475552212,0,0,0,0.213753458933,0.159233958245,0.368522496884,-0.122355017479,-0.191275047468,0.0740145337263,0,-0.146242571874,-0.189205103316
2016-10-12,0.11793264285,0.328120167344,-0.155974807339,0,-0.31521344154,-0.136525982783,0.173681908397,0,-0.25507965054,0,-0.137206117798,0,0,0.183756170527,0.196509110883,0,0
2016-10-13,0.0946527207118,-0.0937727593967,0,0.156045696529,-0.0758682238038,-0.362490583815,-0.270443737589,0,0.203332253122,0,0,0.200761147639,-0.197424695395,0.345208181998,0,0,0
2016-10-14,0,-0.272009333795,0.10961355229,0,0,0,0.232476245489,0.264536903432,-0.155213048661,-0.144399505834,0.138591566004,0.254781732786,0,0,-0.294484503085,-0.133893608625,0
2016-10-17,0.276959227531,0,0.144479505664,0,0,0,-0.391758005335,-0.142792282446,-0.106786783316,0.348717060544,0,-0.264308729937,0,-0.0943541989654,0.115344583099,0,0.114499623162
2016-10-18,0.135888262001,0,0.255066087882,0,-0.0519335946526,0.214352899534,0,-0.34879105867,0,-0.172351046395,0.192752688788,0,-0.207258640073,0.201940061795,0,-0.21966566021,0
2016-10-19,0.202102601803,0,0,0,0.259976195703,-0.24697897377,0,-0.123135124746,0.212167210823,0.121293256274,0,-0.289885215078,0,0,-0.104262533379,0.204460735397,-0.235738153027
2016-10-20,0,0,0,-0.0833325856453,0,0.19284190141,0.156875448035,0.334778426154,0,0.10366702083,0,-0.335748842801,-0.0578869668655,-0.236323343968,0.21183720357,-0.28670826072,0
2016-10-21,0.172674622916,0.147225779251,0,0.184796368703,0.351893975136,0,-0.237967748315,-0.216691650013,-0.0817990253598,0,0.143409253995,0,0,0,-0.20456149799,0,-0.258980078322
2016-10-24,0.229982728499,-0.200268954653,-0.138871118405,0,-0.209946156377,0.138847850314,0.216703301226,0,0.220090370207,0.194375749755,0,-0.243805236268,-0.207108534298,0,0,0,0
2016-10-25,0,0,0,-0.476626879708,0,-0.146943952398,0.105677435195,0.195236735033,0,0.10316401926,0.200656339079,0.395265471433,-0.131519518499,0,-0.108957806297,-0.135951843099,0
2016-10-26,0.36265293,-0.133393560301,0,-0.362989497011,0.129704434265,0,-0.182182668471,0.185534423891,0,-0.209647294148,0.209985001536,0,0,0,0,0.112123210308,-0.111786980069
2016-10-27,0,0.156779248843,0,0,0,0,0.167407222502,0.242443533537,0,-0.298277615715,0.189525754013,0,-0.203834212593,-0.133593284367,0.243844241105,-0.156106312799,-0.208188574526
2016-10-28,0,0,0.182953151567,0,0.325359730238,-0.093105096095,0,-0.103104463339,0,-0.154782405311,0,0.207111722004,-0.266123278056,0.182375156342,0.102200239849,0,-0.382884757198
2016-10-31,-0.169538509991,0.209336518143,0.355770790747,0,-0.361241782487,0,-0.182290913021,-0.180393626854,0,0,0.173819816297,0,-0.106535167648,0.177783493068,0,0,0.0832893817443
2016-11-01,0.288096711988,0.0832879892708,0,0.151906558309,0,0,0.098101623621,-0.176135101562,0,-0.0849907791826,0.378607116811,0,-0.27827905365,0,-0.356765098567,-0.103829967038,0
2016-11-02,0,0.133981884568,0,0.308133010051,0,-0.145846796846,0,-0.283213306667,-0.10397822293,-0.218012021002,0,0,0,0.281045993873,0.184116540586,0.0927225709226,-0.248949652555
2016-11-04,0,0.164362648796,0.214836185307,0.193659720908,-0.191297019451,0,-0.196054224352,0,0.210819984518,0,0.216321460471,0,-0.199404743698,-0.26851468931,0,-0.14472932319,0
2016-11-07,0.0585938101962,0,0,-0.119871278677,0.310811066236,0,0,-0.158245655833,0.0996545409515,0,-0.124451109446,0,0,-0.314311021392,0.185330892546,-0.283120934653,0.34560969007
2016-11-08,0,0,0,0,0,-0.109345898134,-0.3879991128,0.267830572903,0.136962762868,-0.110543840337,0.301756156974,0.0876872579462,-0.256868783732,-0.135242364997,0,0.205763249309,0
2016-11-09,0.195984152107,-0.350920943922,-0.127157969622,0.112321959627,0,-0.176916272278,0,0,0,0,-0.0862266157499,0.0789500900075,0,0.308868744033,-0.258778198428,0.303875054226,0
2016-11-10,0,0.226795476469,-0.251029353452,0.267798017868,0.169144500321,0,0,0.160279469539,-0.218564405493,-0.226528026274,-0.133347805121,0,0,-0.170530409659,0.175982535803,0,0
2016-11-11,-0.136060600885,0,0,0.135090804979,0,0,0,0.385948039541,-0.215927300717,-0.181160799172,-0.224831782655,0.0575308776311,0,-0.242019516571,0.135913335484,0.285516942364,0
2016-11-14,0,-0.204492330273,0,0.189118495499,-0.162448949653,0.153653380978,0,-0.401003175704,0,0.225954142362,-0.109398140035,-0.122657404335,0,0.277978502122,0,0.153295479039,0
2016-11-15,0,0,-0.117551392695,0.252242386935,0,-0.157229009026,0,0.166467240261,-0.35312163215,-0.277986316605,-0.0941116495235,0.193534306323,0,0,0,0.266453388528,0.121302677953
2016-11-16,0,0.086916318828,0,-0.16677648546,0,0.223919752213,0,0,0.293125539269,-0.350800021664,0.0717167132718,-0.137711726624,0,0.324321676418,-0.130179529885,-0.214532236367,0
2016-11-17,-0.137859601444,-0.0796367665366,0,0.0916408004766,0,0,0.195630331446,0,0.389417844553,0.195423093259,0,-0.278140471089,0,0.127887930265,0,-0.269790784924,-0.234572376006
2016-11-18,0,0,0.279858490507,-0.202473580812,-0.0478314308367,0.1093734729,0,-0.164127263855,0.211550660531,0,0.181760070176,0.217457305886,0,-0.203237049329,0,0,-0.382330675168
2016-11-21,-0.319628190362,0,0,0.164157936963,-0.211207881777,0,0.200212568448,0.318604050971,0.208755516173,0,-0.0879453805403,-0.124136250277,0,0,0,-0.257082297045,0.108269927445
2016-11-22,0,0.165284983837,0,-0.190879183577,0.180836515471,0,0.169161009128,0,0.199317034748,0,0.285400456816,-0.217361816067,-0.122610498089,-0.146803376959,0,0,-0.322345125308
2016-11-24,0,0,0,0,0.0941191806866,0.201126083441,0,0,0.305036271004,-0.169508981577,-0.293921802636,-0.185425296034,0,-0.122283307994,0.201162133786,0.198556331082,-0.228860611759
2016-11-28,0.337819488665,-0.322244603875,-0.0833820372893,-0.370674883388,0,0,-0.107562832261,0,0.140441206121,-0.116135643187,0.250489234258,0,0,0,0,0.127946998315,0.143303072642
2016-11-29,0.313351682136,0,0.0759607221867,0,0.0984233189902,0,0,-0.22108139519,-0.141228196561,-0.172825909496,0.40919339274,-0.236088697636,0,0.103070883948,0,-0.228775801116,0
2016-11-30,0.290216115381,-0.237866062645,-0.263049078506,0,0,0,0.238619808828,0,-0.0739704704939,0,0,0.211358653543,-0.094364474274,0.130157565644,-0.330749914081,0.129647856605,0
2016-12-01,-0.216718009626,0,0,0.103921533392,-0.14891103399,0,0.325308321502,0.155014285049,0,-0.154717081065,-0.27197271126,0,0,-0.207681164059,0.152933108685,0.262822751372,0
2016-12-02,-0.160663545911,0,0,0.217261329821,-0.176436169894,0.140025805812,0.169092998748,0,-0.265426919543,-0.244807734429,0,0,0,0.211163091893,0,0.262456773726,-0.152665630223
2016-12-05,0.0830256142343,-0.15430867673,0,0,0,-0.155613100309,0,0.0836918329623,0.36127128655,0,0,0.353919628519,-0.178131127488,0.118091637735,-0.150245855125,-0.361701240347,0
2016-12-06,-0.0876267684235,0.253963760326,-0.366306256137,0,-0.175130737702,0.281234794976,-0.176268997597,-0.19466724014,0,0,0,0,0,0.135933795025,0.226061418907,0,0.102806230765
2016-12-07,0,0,-0.0904092899752,-0.215737101156,0,0.149985390799,0,0.270456118601,0.296470235396,0,-0.141263212003,-0.191873345106,0,0,0.0746959788326,0.208392276371,-0.360717051759
2016-12-08,0.139972583774,0,-0.0419413599028,0.130797089113,-0.339740393402,0.37380681345,0,0,0,0,0,-0.374959224869,0.11390014225,-0.0787760672914,0,0.241523371412,-0.164582954535
2016-12-09,0.168725732363,-0.1267538119,0,-0.113261193113,0,-0.394242841036,0,-0.211032763152,0.130694906186,0.180508268212,-0.154709390799,0.237519281158,0,0.28255181208,0,0,0
2016-12-12,0,0,0.13503781009,0,0,-0.144707823454,0,0.09860894063,0.253641197322,-0.184111368475,0.172886493923,-0.114613623832,0,0.339825558035,-0.197189607732,0,-0.359377576507
2016-12-13,0.09816141606,0.296487781647,0,-0.155558259931,0.269516958322,-0.110627027083,0,0,0,-0.363756268398,0.228914447411,0,-0.241671175425,-0.128387269163,0.106919396559,0,0
2016-12-14,0.351299445981,0,0,-0.146414622128,0.0980608112067,-0.190994506221,0,0,0,-0.164438914753,0.241491582997,-0.252026394636,0,0.176965448876,-0.246125562261,0.132182710939,0
2016-12-15,0,0,0.0663175354218,0,0.2422001225,-0.114992529165,0,-0.156461736995,0.322070136636,0.321124647703,-0.345644662384,0,0,-0.141670631876,0,-0.24123043958,0.0482875577394
2016-12-16,-0.219031708049,-0.125559813447,0,0,0,-0.173948937032,0.0561429441608,0,0.290265872678,-0.13710387844,0,0.202413762787,0,0,0.071316291613,0.379861128761,-0.344355663031
2016-12-19,0.311043206807,0,0,-0.136959451968,0.187292625037,-0.243862341074,-0.366584834066,0,0,0,0.228475832231,0.145349246209,0,0.127839089716,0,-0.17066954765,-0.0819238252425
2016-12-20,0,-0.18814968509,0,0.123601490494,-0.140507845922,0.200554768334,0,-0.178215029125,-0.216713285509,0,0,-0.276414154354,0,0.355784893656,0.182532247573,0.137526599944,0
2016-12-21,-0.0819731871156,0,0,0,0,-0.0907037525268,0.213203320803,0,0,-0.200050600453,0.253338021208,0,-0.258554874374,-0.368717585531,0.222489058888,0.112380522291,0.19858907681
2016-12-22,0,-0.10053212097,0,-0.203539521626,0,0,0.0600370808962,-0.120980328743,0.159689975517,0.142776364576,0,0.281280807025,-0.258406005741,0.356215771985,0,0,-0.31654202292
2016-12-26,0.082834614684,0,0,-0.334669923505,0.221493865742,0,-0.222635708053,-0.0369761439015,0,0,0.115355713765,0.228499024389,0,-0.261918080317,0.35181678142,-0.143800144224,0
2016-12-28,0,0,-0.217871089008,0,0,0,0.0951467377562,-0.146004762477,0.387182667745,-0.13557773603,0.0894038566817,0.18795656893,0,0.240310168887,0,-0.367122470467,-0.133423942019
2016-12-29,0.267088423046,0.0946843928498,0,-0.360007152865,0,-0.0944696108276,0,0.15322922965,0.192927380923,0,-0.12928646697,0,0,0.292070573531,0,-0.324502348031,-0.0917344213064
2016-12-30,0,0,-0.245587967546,-0.274302531039,0.130804753551,-0.150936487619,0,0,0,0,0.351761132509,0,0.0456600522297,0.277197062799,-0.121598280306,-0.207574733491,0.194576998912
2017-01-04,0,0,0,0.349017524562,0.226679430925,0,-0.358032583964,-0.195769229673,0.165192421146,0,0.127431392595,-0.206193102268,-0.168644982099,0,-0.0713601019967,0,0.131679230773
2017-01-05,0,0,0,-0.180342381695,0.138496461354,0,0.472834497214,0,0.117354452394,-0.163719839086,0,0,-0.205173309566,-0.356700316676,-0.0940641529767,0.110764050408,0.160550538631
2017-01-06,0.166801434043,0,-0.182502851994,0.350288954179,0.128746894007,0.164723424014,0,0,0.189439293758,0,0,-0.113109397666,0,-0.140208278901,-0.177964864143,-0.386214607297,0
2017-01-10,0,0,-0.104515509062,0,0.176714506167,0.247417802005,-0.238526872015,-0.245379125882,0.30573538508,0.157694287554,-0.325123367126,0.112438019193,0,0,0,-0.0864551259149,0
2017-01-11,0.184501369902,0,-0.106464188285,-0.137821141765,0.147215043965,0.247588781711,-0.435582969558,0,0.200262727087,-0.0918103353105,0,0,0,0,0,0.220432077335,-0.228321365081
2017-01-12,0,0,0,-0.213440778299,-0.302726231543,0,-0.139160241861,0.131529705542,0.305601889754,0.164575656199,0.237304040122,-0.0892195834859,0.160988708383,0,0,0,-0.255453164812
2017-01-13,0,0.325640065798,0.118723870512,-0.2963657347,0.161622918156,0,0,-0.329429387783,-0.12948216437,0.224437113747,0,-0.130175272154,0,0,0.169576031788,-0.114547440993,0
2017-01-16,-0.102345843268,0,-0.0398156020375,0.224831581566,-0.063621427846,0,0,0.282251533971,0.233385406422,0.0926249503229,0,0.166906527719,0,-0.397108563424,0,0,-0.397108563424
2017-01-18,0.228201916669,0,0.0949999622048,-0.117056323032,0.197314968354,0,0,-0.161109608842,-0.147075661757,0,0.195016959207,0,0,0.284466193565,-0.233186056956,-0.341572349413,0
2017-01-19,0.149022420057,0,0.129043146032,0,-0.110464514198,0,0,0.213393401218,0.33832629113,0,-0.351836569815,0,0,0.170214741563,-0.203867947729,-0.184647684409,-0.149183283849
2017-01-20,0,0.199751005429,0.233692689189,-0.183597676146,0,0.182884768394,-0.22413368792,0,0,-0.306434613661,-0.165089641925,-0.120744380347,0,0.122532214295,0.261139322694,0,0
2017-01-23,0.135606785611,0,-0.353300230705,0,-0.156032426697,0,0,-0.171693413335,-0.165823120398,0,0.17438128899,0.237915573478,0,0.33791615225,-0.153150808864,0.114180199672,0
2017-01-24,0.19911101284,0,0,0.164163012746,0,0,-0.13241940088,-0.296432636491,-0.0811734826723,0,-0.352929274674,0.14051119825,-0.137045205283,0.163270599396,0,0,0.332944176767
2017-01-25,0,0.118862491582,0.114356409677,0,-0.36984903794,0.0774322057703,0.320174072106,0,0,0,-0.125954475024,0,0,-0.129946943554,-0.142256875868,0.369174820864,-0.231992667614
2017-01-26,0,0,0.0545834314103,-0.147416134508,0,0,0.339635906047,0.256025361231,0,-0.139718911701,-0.212263011597,0.160393546063,0,0,-0.171306867185,0.189361755248,-0.329295075008
2017-01-27,0,0.141537343437,0,0,-0.14509897177,0.194358754478,0.336258218842,-0.105567290461,0,0,0.223364642995,-0.286313948692,0.104481040248,-0.379871126167,-0.0831486629102,0,0
2017-01-30,-0.336719869868,-0.210735740825,0,0,0.275641603346,-0.159708694778,-0.161159723288,0.162888882766,0,0.198347036565,0.12615672249,0,0,0,0,0.236965754832,-0.131675971241
2017-01-31,0.281209961638,-0.140153967814,0,0,0,0,0,-0.230614207092,-0.272555848787,0,0.124562408397,0.283384614785,-0.178711562035,0.169760206548,0.141082808632,0,-0.177964414271
2017-02-01,0,0,-0.13390450842,0.0667170531278,0.225448605558,0,-0.258111693766,-0.293007018922,0.258828931432,-0.161925943345,0.232548402438,0,0,-0.153050835547,0.216457007444,0,0
2017-02-02,-0.296301239946,0,-0.182394862026,-0.206677416099,0.161799987228,0,0,0.19835006912,-0.136933563889,0,-0.17769291804,0,0,0.244154459538,0.187504164296,0.208191319817,0
2017-02-03,0.307236893852,0,-0.0943430457142,-0.153663713753,0,-0.178648071672,0,0,0.183465892013,0.140086523992,0,0.149729857867,-0.355136356382,0.219480832276,0,0,-0.218208812479
2017-02-06,0.183431922869,0,0,-0.300974709545,0,0.0913466180346,0,0,0.272307290609,-0.120523265535,0.20220133863,0,-0.178465407943,-0.115711236048,-0.284325380929,0.250712829858,0
2017-02-07,0.318422151133,0.152620506877,0,-0.125486222787,0,0,0.117252505887,0,0,0.127894625128,-0.228415808351,-0.192780483618,0,0.283810210976,-0.213640325531,0,-0.239677159713
2017-02-08,0.0991763861309,-0.201078994037,0,-0.180418252602,0.238284592018,0.311153206105,-0.361917979883,0.207258374702,0,0.144127441044,0,0,-0.0864451837483,0,-0.17013958973,0,0
2017-02-09,0.249275625,0.115684050444,0,0.118907667846,0,0.116967398706,-0.161412907106,-0.151384224761,0,0,0,0,0,0.399165258005,-0.360092435006,-0.21005319467,-0.117057238457
2017-02-10,-0.129128554165,0.189370618009,-0.123140251316,0,0,0.278488931248,0,0,0,0.166729663826,0,-0.355437824886,0,-0.312037884994,0.178956989967,-0.0802554846379,0.18645379695
2017-02-13,0.361294786063,0.177555285094,0,-0.12699777299,-0.17553135327,0.180268321187,0.162524175587,-0.245230494579,0,-0.258162989387,0.118357432069,-0.194077389773,0,0,0,0,0
2017-02-14,0.183667264602,0,0,0,0,0,-0.141824360287,0.0773550133968,0,0.257229968838,0,-0.255898609204,-0.386250162544,-0.137324108298,-0.0787027596671,0.347071613324,0.134676139839
2017-02-15,-0.167636472943,0.25965471228,0,-0.359923665727,0,0.172380777539,-0.178721970553,-0.200854108492,0.191509876538,0,-0.0928637822846,0.197186473244,0,0,0,0.179268160399,0
2017-02-16,0,-0.402028339406,-0.106694153614,0.268921628328,0.0823948732359,0.155882094686,-0.130435430432,0,0,0.138992345959,0,-0.108703383578,0,0.353809057792,0,0,-0.252138692969
2017-02-17,-0.147900561258,-0.202388426524,0,-0.293655597039,0.276611407031,0,-0.233836683546,0,0.20676820504,-0.122218731634,0.210104389245,0,0,0,0.15527381108,0.151242187604,0
2017-02-20,0.309848775464,-0.0911290162103,-0.274795657189,0.151373529946,0.0520140184291,0,-0.366673332706,0,0,0,0,-0.068969508984,-0.19843248491,0,0.206633665511,0.28013001065,0
2017-02-22,0.391441961297,0,0,-0.358382142885,0,0.0863353881869,-0.205484733584,0.11111390254,-0.121419793724,-0.0808808704229,0,0,0,-0.233832459384,0,0.314330494149,0.0967782538273
2017-02-23,-0.0590943277379,-0.360167869884,-0.0649180512162,-0.303277944014,0,0,0,0,0.248070025478,0,0.067564200751,0.180162640629,0,-0.212541807148,0.204665623141,0.299537510001,0
2017-02-24,0.14543736424,0,0,0,0.232521403591,-0.174271317348,0,-0.165851742763,-0.150888225658,-0.175333694853,0.326755184994,-0.333655019377,0,0,0.14209808038,0,0.153187966795
2017-02-27,0.09830603762,-0.194142329502,0,-0.259956534834,0.111644707446,0,0,0.223249535082,-0.187718700677,-0.0963906252,0.328518162217,0,0,0,-0.261791809787,0,0.238281557635
2017-02-28,0,0.235083490013,0.262805093886,0.130132957924,0.111367431003,-0.221437171006,0,-0.177224884125,0,0,-0.0978408191039,0,0,-0.318013887493,0,-0.185483238272,0.260611027174
2017-03-01,0.216725526777,0,0.279694667209,-0.364131008117,0,0,0,-0.321434981138,0.103133830399,-0.136331471494,0.199772493928,-0.111732938122,-0.0663696011288,0,0.200673481687,0,0
2017-03-02,0,0.217961245324,0.0849742483979,0,0,0,-0.203346748411,-0.219807544573,0,0,0,-0.1473060708,0.256565466282,-0.21862069827,0.108961744647,0.331537295349,-0.210918937946
2017-03-03,0,0,0,0.103057111874,0,0,-0.179945495878,-0.353788420516,-0.14374288559,0.280421144952,0.0467891890232,0.362044328418,0,0.207688225733,-0.0890433792713,-0.233479818746,0
2017-03-06,0,0,0.175192205235,0,-0.077379461865,-0.169599474185,-0.191792613294,0.107242331881,0.107049126689,0,-0.202396147493,0,-0.358832303163,0.257448789542,0,0.353067546653,0
2017-03-07,0.0879514734478,0,0.199120602848,0.251660134929,0,0,-0.243129983544,-0.147981195056,0.213434740764,0,0,0,-0.203887523876,-0.180427607882,0.247833048012,-0.224573689642,0
2017-03-08,0,-0.181555991226,0,0,0,0.163018877982,-0.315142816126,0,0.144411372015,-0.213383501267,0,0.20333420013,0.22375761343,0.265477936443,-0.208702671475,0,-0.0812150199062
2017-03-09,0,-0.173524527579,-0.179836992179,-0.101716791338,0,0,0,0,0.350565827912,0.124418642584,-0.350468203856,0,0,0.124832000922,0.278343842537,0.121839686046,-0.194453485047
2017-03-10,0.297181832757,0.218584236179,-0.146001275488,0,0,-0.174832437423,0.0585969441882,-0.293156738922,0,0,0,-0.179554947137,0.138759514051,0,0.286877472826,0,-0.20645460103
2017-03-13,0.1904373633,0.114986458301,0,-0.296719851508,0,0,0.223887752917,0,0.189853410513,0,-0.164543650225,-0.18820505304,0,0,0.28083501497,-0.268222337368,-0.0823091078589
2017-03-14,0,-0.211687173557,0,0,-0.170541862873,-0.167401759793,0.146471127379,0.287813904437,0,0,0,-0.184368869178,0.129452069306,0.296953299146,-0.2660003346,0,0.139309599732
2017-03-15,0,0,0.206826666692,0,0,0,0,-0.348715249005,0.156579116596,-0.096362257709,0.239511760224,-0.154330512731,0.142449521668,-0.26068734874,-0.139904631815,0,0.254632934819
2017-03-16,0.360054550619,0,0,0,0.155129710502,0,0,-0.259735964799,-0.103140494232,0.125541212554,0.214934899845,-0.18245595648,0,0,-0.21758512188,-0.237082462609,0.14433962648
2017-03-17,0.14994867387,0.175485150029,0,0.108985987809,-0.184530343305,0,0,-0.246337683704,0,0.236392688385,-0.256679851739,0,0,0,-0.192181852197,-0.120270269054,0.329187499907
2017-03-21,0.1876340924,0.1554511808,-0.108539517727,-0.253826767316,0.190082598017,0,0,0.329991509504,0,-0.171111216489,-0.335593010731,0,0,-0.130929487737,0,0.136840619278,0
2017-03-22,0.243853285109,0,0.324383390601,-0.183528245543,0.0846104750405,0,0,0,0,-0.212324110143,0.221531972621,0,-0.184581980476,0.125620876628,-0.199012310236,-0.220553353601,0
2017-03-23,0,0.218093680093,-0.261972714974,0.162291793907,0,0,-0.123223443215,0.363165136886,0.153770832027,0.102678557087,0,-0.394566137168,0,-0.135070108996,0,0,-0.0851675956466
2017-03-24,-0.0826947274166,0.107016649909,0.360102418361,-0.23359541832,0,0,0,0,0,0,0,-0.216677218333,-0.276475890493,-0.190556745437,0.0769484054036,0.112572974215,0.343359552111
2017-03-27,0,0.172370076702,-0.294136620273,0.13895340696,0,0,0,0,-0.179624969615,0.155200862655,0,-0.168623122045,0,-0.177022091676,-0.18059319639,0.293187066602,0.240288587081
2017-03-28,0.0651281116495,0.115668162536,0,-0.256031291045,0,0,0,-0.12801638225,0.386477109378,0.147234579112,0,-0.310179538859,-0.251063912194,-0.0547088756528,0.285492037325,0,0
2017-03-29,0,0,0,0.124971299507,-0.18146469554,-0.117172951503,0.17844887958,-0.411859335222,-0.105106983553,0,0,0,0.195946549026,-0.184396034182,0.225511585575,0.275121686312,0
2017-03-30,0.111893405014,0,0,-0.125098004452,0,0.271188478556,0.0564116274519,0,-0.133482311451,0,0,-0.215831925315,-0.366052386973,0.398611002835,-0.159535371809,0,0.161895486144
2017-03-31,-0.13187330008,0,0.225228735066,0.141178328684,0,-0.157946791761,0,0,0.0663910878089,-0.364417373637,-0.227378678207,0.356773733164,0,0,0,0.210428115277,-0.118383856315
2017-04-03,-0.14923421359,0,0.166410372318,0.360498581166,-0.146451637078,-0.217659074186,0.183651658797,0,0,0.117778591994,0,0,0,-0.353655539542,0,0.171660795725,-0.132999535604
2017-04-04,0,-0.12309679931,0,0,0.098638256143,0,0.36722726073,-0.300613094071,0.127950105745,-0.210690566581,0,-0.122031191542,-0.243568348495,0.230812715223,0,0,0.175371662159
2017-04-05,0,0,-0.176669730729,0.11999475084,-0.0189914307071,0,0.254878084328,-0.393944218683,0.102267804159,0,0.151979162434,0,-0.320721466885,-0.0896731529965,0,0.37088019824,0
2017-04-06,0.211175588653,0,0,0.247530442016,-0.150255817947,0,0,-0.149480230609,0.186186310079,0,0.125522317648,0,-0.223462710658,0.229585341603,0,-0.339193668228,-0.137607572558
2017-04-07,-0.213895515732,0,0,0.206997541097,-0.147063665632,0,0.203609289416,0,0.361631414253,0.0617194074256,0,-0.148988995183,-0.198416448574,-0.291635374878,0.166042347809,0,0
2017-04-10,0.379335631472,0,0.0792190563711,-0.109461462287,0.139420447247,0,0,-0.295882755754,0.108356667974,-0.16352858203,-0.31726681047,0,0,0,0,0.293668196936,-0.113860389459
2017-04-11,-0.163291491648,0.227401921935,-0.267007284566,0,0,0.176537401912,-0.2053235839,0,0,-0.0768462099407,0,0,0.204627443056,-0.287531429946,0,0.205025979411,0.186407253686
2017-04-12,0.343067268556,0,-0.166305916856,0.242510162944,0,-0.208401986803,0,0.0732079716875,0,0.229003949669,0.112210647143,-0.198191288035,0,-0.14125912701,0,-0.285841681295,0
2017-04-13,0,0.174390295772,0,0.354390982029,0.215023278887,-0.069240246122,0,-0.378331844099,-0.30203837681,0,0,0,-0.11451387173,0.0784513988133,0.177744044499,0,-0.135875661239
2017-04-14,0.213860014029,0,0,0.290383090211,0,-0.0938549493537,-0.263732937343,-0.359876239281,0.167488447845,0,0.154776533181,0.173491914734,-0.18997884537,0,0,-0.0925570286516,0
2017-04-18,0,0,-0.228786867704,0,0,0,-0.114289251076,0,0.2786084334,0.121131341175,-0.105412438403,-0.264137831322,-0.287373611494,0.264261328186,0.200334240571,0,0.135664656667
2017-04-19,0,0,0,0.330529327592,-0.291321093889,-0.154794848684,0.198934839679,-0.261587346448,0,0.187566975552,0.143602751102,0,0,0.139366106075,-0.135503497207,-0.156793213771,0
2017-04-20,0.101904664304,0.359204001722,0,-0.306232761634,0.273697968442,-0.214385923367,-0.180563649621,0,0,-0.206817802101,0,0.147251776844,-0.091999863277,0,0.117941588687,0,0
2017-04-21,-0.145616903326,0.141345784198,0,0,0,0,0.185813833712,-0.138496977641,0,0.124930597621,-0.205682671277,-0.332490576573,-0.177712871184,0,0.219262178979,0.328647605489,0
2017-04-24,0,0,0,0,-0.231481230983,0,0.359514704778,0.213681895933,-0.245008956084,-0.200860786882,0,0.14540820394,-0.211746170957,0,0.133178732073,0.148216463276,-0.110902855095
2017-04-25,-0.188849472728,0,0,-0.17474229485,0,0,-0.167756626732,0,0.25013169135,0.385841336159,0.118630262393,-0.194199109856,0,0,0.183129388261,0.0622673218369,-0.274452495834
2017-04-26,0.274459364682,0,0,-0.111675400967,0,-0.192179846769,0.0541122055217,0,-0.238476527567,-0.200224103903,0,0,-0.257444120794,0.332968655318,0.194368277449,0.144091497029,0
2017-04-27,0,0,0.159756083349,-0.169575595582,0.166863745847,0,0,-0.204659912583,0,0.35372235445,0.152155009754,-0.15763585108,0,-0.1704991438,0.1675028066,0,-0.297629496955
2017-04-28,0.383554981984,-0.143578284885,0,0.147023983002,0.112793561911,0,0.110344086844,-0.390448811061,0,-0.17659191225,0,0.246283386259,-0.222143634243,0,0,0,-0.0672373575607
2017-05-01,-0.179440792445,0.274217807193,0.1255591258,-0.190036106408,0.255267678988,-0.164154695606,-0.272008941485,0,0,0,0,0,0,0.108803063083,0.236152324936,-0.194359464055,0
2017-05-02,-0.0816968577815,0,0.139291454886,0,0,-0.205570369298,-0.411659635802,-0.123392447355,0.159591398265,0,0,0.145387521601,0,-0.177680689763,0.301263975461,0.254465649788,0
2017-05-08,-0.154611374509,0.124959883271,-0.0915757558745,0,0,0,0.369150982938,0.11158027244,-0.417600646103,-0.166829475681,0,0,0.088891915449,0.305416945902,0,0,-0.169382747832
2017-05-09,0,0.113627703591,0.130154295829,0,-0.201090950482,-0.158412274201,0,0,-0.19212915261,0.0965348217326,0,0.373395437824,0.286287741024,-0.189608371865,0,0,-0.258759250843
2017-05-10,0,0,0,0.355777866993,0.0749979843807,-0.111678092925,0,-0.147378544024,0.262391752331,0.122426639016,-0.337160789816,0,-0.252470929505,-0.151311643731,0,0.184405757279,0
2017-05-11,0,0.148780408506,-0.172706135326,0.175008878057,0,-0.155543116009,0,0.170235016154,-0.224423543905,-0.301457945457,-0.145869259303,0,0,0.352195514365,0.153780182919,0,0
2017-05-12,0,0,0,-0.0866436787082,0,-0.326782043251,0.303732807558,0.188517267844,0.175567251773,-0.304480663278,0,0.210870334416,0.121312338409,0,0,-0.149655741565,-0.132437873198
2017-05-15,-0.134838700499,0.145251296988,0,0.356898910165,0,0,0,-0.0550254730057,0.222271653816,0,0.138554588779,-0.289508438041,0,-0.122289868403,0.137023550253,0,-0.398337520052
2017-05-16,-0.126880885578,0,0,0.273323938031,0,-0.177790227992,0,0.142390753279,0,-0.297263663861,0,-0.144640276173,0,0.128952969387,0.205872817189,0.249459522114,-0.253424946396
2017-05-17,0,0.256545137497,0,-0.183218199873,-0.148227279532,0,0,0,0.250164379205,-0.193839105339,-0.367021207247,-0.107694208008,0.19100021898,0,0,0.185516777597,0.116773486721
2017-05-18,0.27791796389,0,0,0,0.076544575443,0,-0.217886063919,-0.150708163482,-0.2973460892,-0.225126087681,0,0,0.101975199793,0.157979076078,0,-0.108933595718,0.385583184795
2017-05-19,0.150826316184,0,0,0.368831381631,0.100345677558,0,0,-0.289876300493,-0.130480479872,0,0.236443475811,0.143553148815,0,-0.290992526887,-0.0518654248981,-0.23678526785,0
2017-05-22,0.188507979695,0,0,0.161997970753,0,0.238881125371,-0.264447234484,-0.108605877346,0.211453890395,0,0.199159033785,-0.173695150918,-0.308686029253,0,0,0,-0.144565707999
2017-05-23,-0.339115111724,0,0,-0.216286889764,0,0,-0.070172640387,0.213094619407,0.208273692674,0,0.153138184879,0,0.350136745202,-0.336332035017,0.075356757838,0,-0.0380933231086
2017-05-24,0.205896533627,0,0.12104593801,0.13867371753,-0.0585842728998,0,0.219851318337,0,0,-0.155807585747,0,-0.323829339327,-0.301617112627,0,-0.160161689398,0.314532492496,0
2017-05-25,0.376635052802,0,-0.0885708997691,0.0803667631021,-0.10777671148,0,0,0,0,0,-0.107828415357,0.161764789026,0.224617201053,0.156616194017,-0.316028593804,0,-0.37979537959
2017-05-26,0,-0.351719564796,-0.13968490472,0,0.229814020121,0.165986751822,0,0.163283146755,0.242024507972,-0.180315713042,0.19889157333,-0.23986013122,-0.0884196862226,0,0,0,0
2017-05-29,0.131143052127,0,0,0,-0.229623934933,0.188253480514,0.287982831063,0,0,0.229302095558,-0.171954152772,-0.30112195844,0,0.163318540738,0,-0.162774322246,-0.134525631609
2017-05-31,0.320586023094,-0.131451627275,-0.286937804079,0,0.192013221461,0.161462203567,-0.224010165371,-0.157832317486,0,0.162212782231,0,0,-0.19976808579,0.163725769648,0,0,0
2017-06-01,0.179721104908,-0.103398617578,-0.142033135731,0,0,0.168974414051,0.341033879192,0,-0.235493104626,0,0.139918444484,-0.235398180503,0,0.170352157365,0,0,-0.283676961563
2017-06-02,0.192686691376,0,0,-0.25473587694,0.198469024404,0.197164330375,-0.313737383095,0,-0.120510404601,-0.133259782153,0.244007654785,-0.17775655321,0,0,0,0.16767229906,0
2017-06-05,0.112866633122,-0.316052668291,-0.13220711234,0,0.13911311248,0,0.205678637492,-0.309191959674,0.274584563397,0.267757053509,-0.131814124139,0,0,0,0,0,-0.110734135557
2017-06-06,0.132227052662,0,0,-0.134183418905,-0.129627751581,0,0,-0.155205519111,0,-0.353938254404,0.0718072539886,0,-0.227045055999,0.360958887613,0,0.366210022189,0.0687967835478
2017-06-07,0.108717204859,0.135340231551,0,0.374697619146,0,-0.210996435732,0.131371161475,-0.265113869973,0,-0.221900780236,-0.146328097253,-0.155660816807,0,0.249873782969,0,0,0
2017-06-08,0.139836517723,-0.205660764351,-0.126133392459,-0.380448282736,0,0,-0.140210766895,0,0,0.183317052125,0,0.248715473689,0,0.235830174837,0,-0.147546793559,0.192300781626
2017-06-09,-0.272827897974,0,0,0.37676715731,-0.155826684861,-0.290204626104,0.110721126196,0,0.220098739408,0,-0.158497311821,0,0,-0.12264347924,0.10028851693,0.192124460156,0
2017-06-12,0,0.379762916532,-0.14572809265,0,0.196760320931,0,-0.0936772259341,0,-0.376005108955,-0.274605643066,0.125980944145,0,-0.109983929395,0,0.214156658481,0.0833391599115,0
2017-06-13,-0.114072888373,-0.123476777037,0,0,0,0,0.319060938969,0.236037574944,-0.303689705281,-0.163382024371,0,-0.295378604938,0,0,0.1250939146,0.193450072901,0.126357498587
2017-06-14,0,0.272761621193,-0.151139219765,0.313424335491,0,0,0.205296893543,0,0,0,0.0893369129465,-0.382048256747,0.119180236827,-0.351247345895,0,-0.0684918552583,-0.0470733223352
2017-06-15,0.286434561979,-0.327755994754,0,0,0.0788970509464,0,0,0,-0.101912200115,0,0,-0.265665492502,-0.211895514793,0.268167915135,0.118229760784,0.248270711156,-0.0927707978358
2017-06-16,-0.144820760599,0,0,0,0.121901733645,0.109640367272,0,0,-0.106113723317,-0.428414681767,0.275773330772,0,-0.0909826416477,0,0.153746652821,-0.229668192668,0.338937915489
2017-06-19,-0.200543390131,0.370316147187,0,0,0,0,0.201539605481,0.0714163455881,-0.191346871848,-0.118194450836,0.229861533804,0,-0.250055003434,-0.23986028375,0,0,0.126866367941
2017-06-20,-0.161025271813,0,0,-0.300083540643,0,-0.123827513193,0,0.0749756617297,0.363076865198,-0.200920455785,-0.214143218565,0,0.218959482671,0.0806204906,0,0.262367499802,0
2017-06-21,0.283311869173,0.114771918245,-0.152878497549,0.192568329403,0.260414293834,-0.261841412903,0.148933589344,-0.165398109774,0,-0.261621052151,-0.158260927623,0,0,0,0,0,0
2017-06-22,0.134764216931,-0.158595545121,-0.146143676068,0,0.371263697111,0,-0.225335919447,0,0.108357535107,-0.297860447312,0,-0.172064412052,0,0.283797734345,0,0.101816816505,0
2017-06-23,0.156666345009,0,-0.102335099338,-0.273545255247,0.222719251373,-0.176811893221,0.287544185847,-0.239679304684,0,0,0,0.282189629444,0.0508805883265,0,0,-0.20762844751,0
2017-06-26,0,0,-0.0605741844986,0.134773602412,0,-0.099219092402,-0.242974860181,0.055182912693,0.329188752633,0,-0.192248387907,0,-0.404983475012,0,0,0.381808253121,0.0990464791413
2017-06-27,0,-0.1107428732,-0.273954618816,0,0,0,-0.230220581624,0,-0.189045475636,0.103994968398,0.114953028568,0,-0.196036450724,0.175221101255,0.226443706107,0.379387195673,0
2017-06-28,0,0.14531421299,0,0,0,0,-0.2368136069,0,-0.140802575089,-0.104732418191,-0.162484538536,0,-0.355166861284,0.165090058587,0.235718370183,0.209825229138,0.244052129102
2017-06-29,-0.219014348281,0.116431417592,0,0.270610643472,0,0,-0.206341539928,0,0.114029156033,0.362531581834,-0.326175192379,-0.128059734578,0,0,0.13639720107,0,-0.120409184835
2017-06-30,0,0.167769888813,0,-0.187078264815,0,0,-0.24233078535,-0.167141251089,0,-0.283345330255,0,0.194613551302,-0.12010436849,0.178590521755,0.160475240208,0.298550797922,0
2017-07-03,-0.106523415893,0.122549173883,0,-0.280781464637,0,0,0.134594994317,0,0.215217182346,-0.183425774586,0.171573957992,-0.132121561019,-0.297147783864,0.356064691462,0,0,0
2017-07-04,0.119216306225,0.272140804507,-0.0629972784068,0,0,-0.167786294371,0.0776576049853,0,-0.316075699162,-0.23262682245,0,0,-0.220513905611,0,0,0.324417234073,0.206568050209
2017-07-06,0,0,-0.208691231835,-0.125610115232,0.217840070643,0,-0.126901288866,0.120023244595,0.327272633925,0.059647527776,0,0,-0.157025289582,0.275216523061,0,0,-0.381772074484
2017-07-07,0.124597204638,0,0,-0.190427542801,-0.120841352953,0,0,0,0,0,0.161875218477,0.235499175538,-0.295771843865,0.371507284232,0.106521117115,-0.254729847937,-0.138229412443
2017-07-10,-0.167940809914,0,-0.149974494159,0,0,-0.164405900346,0,0.145725847235,0,0.419772793262,0,0,-0.351136128537,0.124873781664,0.106716989239,0.2029105886,-0.166542667045
2017-07-11,-0.185520570554,0,-0.337495447497,0.161158809428,0,0,0.23315160611,0.0818416438947,0,0.383109731319,0.140738209248,-0.20019761565,-0.13583426435,-0.140952101948,0,0,0
2017-07-12,0,0.134829250734,0,0,0,-0.118646451238,0.611153291755,-0.350880761284,0,0.0700998038357,-0.129299917314,0.0580828093057,0.12583484437,-0.132456967516,0,0,-0.268715902648
2017-07-13,-0.246484666981,0,0.245705155971,-0.307384571874,-0.0939925432416,0,0.289581603847,0,-0.126313438384,0,0.10391679123,-0.22582477952,0,0.234551494195,0,0.126244954756,0
2017-07-14,0,0.127040533825,0,0.162212109781,0,-0.116495473482,0.262992809816,-0.255180728434,0.206147952563,-0.372747180723,-0.135867781754,0,0,0,-0.119708835608,0.241606594015,0
2017-07-18,0.2647810249,-0.158601559636,0,-0.236817005249,0,0,0,0.341594294039,-0.292341453304,0.156205907192,0.070314861163,0.167103912706,-0.120809878515,0,0,-0.191430103295,0
2017-07-19,0,0,-0.0949331283174,-0.308197894654,0,0.103158463076,0,0.211923196562,0.150662869325,0.334883927065,0.199371543971,0,-0.228703269222,0,0,-0.057764830915,-0.310400876892
2017-07-20,0.211678597222,0.245591115019,-0.147438991577,0,0.28087673815,0,-0.151644118045,0,-0.252075832445,0,0,-0.191777622185,0,0,0.0806337772507,-0.257063435747,0.181219772359
2017-07-21,0,0,0.186308104773,-0.235766441248,0.181393371396,-0.16846595077,-0.226957669254,-0.20314821551,0,0,0.143068950046,0.17605465704,0,0.313174916745,0,0,-0.165661723218
2017-07-24,0.199226652454,-0.114834859518,0,0.3635019735,0,0,-0.26861340409,0,-0.222769341093,0,0.125662637984,0.147543185854,-0.112445391493,-0.281337003807,0,0.164065550208,0
2017-07-25,0,0,0.269311373847,-0.112354737211,0.13851311178,0,-0.122222520953,-0.343048905181,-0.188220460304,0.127207300768,-0.234153376352,0.360914240701,0,0,0,0,0.104053972903
2017-07-26,0,0.135314931469,0.305112726803,-0.286733714809,-0.226460325402,0.170246615668,0.202882131115,-0.247412137326,-0.166478238553,0,0,-0.07291558391,0,0,0,0.186443594946,0
2017-07-27,0.155126161915,-0.0386619265372,0.177343840246,-0.0900318296133,0,-0.382895929349,-0.314468305769,0,0,0,0.224655650304,0,-0.173942008731,0,0.250058510779,0.192815836756,0
2017-07-28,0,0.184305026592,0.342788475016,0,-0.117398622789,0.14202967119,0,0,-0.126088212816,0.148904747122,0.181972080079,-0.229312668603,0,0,-0.270277330814,0,-0.256923164979
2017-07-31,0.234858555859,0,0,-0.366140306635,0.184299940899,0,-0.0907644509609,0.33255453383,-0.230937457483,-0.132458547037,0.0931679436769,0,0,0,-0.179699237884,0,0.155119025735
2017-08-01,0,0,0.127290615852,-0.100329086512,0.196785521644,0,-0.0955333753024,-0.127724526959,0,0.291295097554,0.198622480688,-0.37457128437,0,-0.301841726857,0,0.186006284262,0
2017-08-02,-0.0582054636606,0,0,-0.330794334703,0.0580814360885,-0.153698759004,0,0.214631297644,-0.203861807984,-0.253439634648,0.330623386054,0,0.0577780999997,0,0,0,0.338885780214
2017-08-03,0.144652213469,0,0,-0.16049717607,0,-0.189430587605,-0.217583801329,0.312683955196,0.10105867816,0.179649070753,-0.161810098034,0.261956082423,0,-0.270678336963,0,0,0
2017-08-04,0.102292701178,-0.188544682439,0,0,0.31679961574,0,-0.167994191473,0,0,0,0.131842963934,-0.327005268984,-0.162634729039,0.138155809158,0.31090890999,-0.153821128065,0
2017-08-07,0,0.137117086245,-0.363316906737,-0.116844621029,0,0.116303588564,0.187130693385,0,0.287774964084,0,-0.0823600942305,0.271673667723,0,-0.312854641906,0,-0.124623736098,0
2017-08-08,0,-0.341561987443,-0.132250530194,-0.176851177546,0.155759784074,0,-0.213790224157,0.0943179852627,0,0,-0.13554608066,0,0,0.183225772501,0,0.131379318723,0.435317139438
2017-08-09,0,0,0,0.111720378325,-0.247124445509,0,-0.374402488551,0,0.0981653041522,0.359416826395,0.11140813191,-0.0538944856289,-0.143645284048,0,0.319289359219,0,-0.180933296264
2017-08-10,0.0869220383933,-0.213142653605,0.403952424794,-0.148289359553,0.131359855965,-0.164718326298,-0.154708105355,0,0,0,-0.319141555189,0.327013684192,0,0,0,0.0507519966561,0
2017-08-11,0.327985536408,0,0.15916912427,0,0,-0.097100828405,0,-0.126440086831,-0.358467288235,-0.292595692341,0.250700456119,0.110307710262,0,0.151837172942,0,-0.125396104189,0
2017-08-14,0,-0.25986627482,-0.158425327673,-0.1516799134,0,0,0.157542158499,-0.192479979474,0.174036466073,0,-0.237548504633,0.24669852913,0,0.261597338003,0,0.160125508294,0
2017-08-15,0,0,-0.310959063983,-0.113286475448,-0.139313438316,-0.193953302498,0.201130135277,0.135193988517,0.320888314536,0.195047344833,0,0,0,0,-0.242487719755,0.147740216838,0
2017-08-16,0.375017993734,-0.280447573175,0,0,0.193439032452,0.106848753825,0,-0.0724474580641,-0.271126352152,-0.211107603795,0.174527780175,0,0,0.150166439814,0,-0.164871012813,0
2017-08-17,-0.208072012445,0,0.209988206589,-0.140691964934,0,-0.331290267881,0,0.356274225178,0,0.118604292666,-0.169299266945,0,0,0.0766964759591,-0.150646487795,0,0.238436799608
2017-08-18,0.206247815117,0.216110226474,0,0,0.186705366825,-0.119275043605,-0.226622076626,-0.167184559871,0,-0.226806427969,0,-0.26011189193,0,0,0.201588164831,0,0.189348426753
2017-08-21,-0.144907055429,-0.1478208361,0.183028454598,0,0,-0.29058673263,0.21329328888,0,0.153146470543,0,0.0908139941389,-0.113924084366,0,0,0,0.35971779184,-0.302761291476
2017-08-22,0.169445692865,-0.0949126019663,0,0,0.320620830161,0,0,0,0.124856517901,-0.216043555245,0,-0.14052862963,-0.464608186011,0.0884067207578,-0.0839070271475,0,0.296670238315
2017-08-23,-0.0400169137782,0,-0.193909840143,0,0,0.105095707671,0,0.237180938784,-0.143153249512,0.35455901326,0.209921765812,0,-0.265718078301,0,0,0.093242574472,-0.357201918266
2017-08-24,0,0.179091198568,0,0,-0.0605877759001,-0.205906000678,0,-0.23330489217,0,-0.246735515564,0.202952120697,0,-0.253465815687,0,0.0944152353449,0.141993878439,0.381547566952
2017-08-25,-0.396905733324,0,0.32562461097,-0.30074180682,0.275326924607,0,-0.0654347709712,0,0.133777609923,0.148296068515,0,0,-0.155418947853,0,0.116974785985,-0.0814987410315,0
2017-08-28,0.135266625898,0.0489406301444,0,0,-0.275476569117,0.207520962849,-0.353521643716,0,-0.0775262661201,-0.0921998721159,0,0.48548801743,-0.201275648931,0,0,0.122783763678,0
2017-08-29,0.166352405907,0,0.148942452487,0,0.351871126375,0,0,-0.143742740637,0.206259005923,0,0,-0.184292470927,-0.265956230573,0.126575009308,0,-0.169957768259,-0.236050789604
2017-08-30,0,0.201587378669,-0.307186832967,-0.217177924826,0.114201474761,0.182997176274,-0.155252026575,0.275036274235,0,0.226177696061,0,0,-0.159107168579,-0.161276047053,0,0,0
2017-08-31,0,0.11688375647,-0.208114081335,0,0.304121285684,0.228496537104,-0.178177650646,0,-0.211014250544,-0.233452378693,0,0,0,0.154590750902,0,0.19590766984,-0.169241638782
2017-09-01,0,0,-0.0481905477326,0.103380289815,0.472252887622,-0.347875601544,0,-0.334104215666,0.188595762569,0.0708555435559,-0.0549646301031,0,0.164915516438,0,-0.214865004954,0,0
2017-09-04,0,0.30175174117,0,-0.106775553799,0.0431430427802,0,0,0,0,-0.171001478469,-0.162177087425,-0.364947055603,0.0879986457812,-0.195098824705,0,0.35062276292,0.216483807348
2017-09-06,0.0948492163435,0.102432112134,0.299376033915,0,0,-0.107202149847,-0.179984398766,-0.194133386339,-0.327207708543,0,0.105534976791,0,0,0.397807660817,-0.191472356505,0,0
2017-09-07,0,0.350641667742,0,0,0.12150856688,-0.0981800316975,-0.109265582259,-0.229741193047,0,0.179322868734,-0.273892628013,-0.288920564983,0,0.214743798473,0,0.133783098171,0
2017-09-08,0.17815476497,0.157275289766,0,0,0.351066472563,0,0,-0.0514453384822,0,-0.0707993288427,0.124024418702,0,0,-0.480981035566,-0.239628200866,-0.157146096242,0.189479053999
2017-09-11,0,-0.105189435044,0,0,0.228230880121,0,0,0.126821054832,-0.348952326666,-0.300590411768,-0.103289801986,0.349590519978,0,0.177995708333,0,-0.141978024536,0.117361836737
2017-09-12,0.117892264977,0,-0.304187627133,-0.105992038088,0,0,0.203801018622,-0.355840585062,0.160874532162,0.234762978951,0.282669205288,0,0,0,-0.0979044614138,0,-0.136075288303
2017-09-13,0,0.272983998864,0.0841981849698,0,0,0,0.333064661739,0,0,-0.150251813788,-0.233829067571,-0.0751343932363,0.134598019554,-0.320485712586,0.175155134873,0,-0.22029901282
2017-09-14,0,0.375335034434,-0.0784447023288,0,-0.262620112605,0.207326533411,0,0,0.179941960591,0,-0.0717659501965,0.113892396318,0,-0.361948495936,0,0.123504075246,-0.225220738934
2017-09-15,0,0.0958504800612,0,0,0,-0.158455151297,0.380051407463,0.19759597263,-0.0918317238293,-0.27430093704,0.178901592041,0,0,-0.135913776054,0,-0.339498411779,0.147600547805
2017-09-18,0,-0.177394215019,0,0,-0.318083253535,0,0,0.0425878284845,0.454795198009,0,-0.24693224332,0.0831376572678,0,-0.161243959018,0.245280393042,0.174198923196,-0.0963463291082
2017-09-19,-0.131574706131,0.169208805802,0,-0.358069567726,0,0,0,0,0.130664175677,-0.101432439353,-0.265663285254,-0.143260001535,0,0.197159391508,0.175220902506,0.327746724508,0
2017-09-20,0,0.177840129799,0,0,-0.170094906537,0.159669074802,0,0,0.157651284627,-0.137521733939,-0.350749300811,-0.200584708625,0,0,0.31155013562,0.193289375152,-0.141049350088
2017-09-21,-0.286428195384,0.15566867266,0,0.339543106114,0,0.11952309166,0.13160127733,-0.142503988007,0,0.253663852236,-0.124801533198,-0.256380799201,0,0,0,0,-0.18988548421
2017-09-22,0.098739101937,0,0,0.363608879696,-0.0756237226027,-0.18753655674,0.222527888727,0,0,-0.0918456427307,0.208351130755,-0.360789696675,0,-0.284204381252,0,0.106772998886,0
2017-09-25,-0.127176456061,0.267724634963,0,0,0,0,-0.311476909026,-0.173450791914,0.225862562179,0.163262709081,0,-0.0453029953265,0.196936959398,0,0.146213134379,0,-0.342592847672
2017-09-26,0.236369776429,0.136555706177,-0.182051234172,0,-0.134225140026,0,0,0,-0.299510419139,-0.325942989474,0,0,0.330654255707,0.15334428437,-0.0582702171889,0.143075977317,0
2017-09-27,0,0.219505658531,-0.16973676122,0,-0.159528079223,0.0870860806288,-0.301485261072,0,0.15975699181,0.256935621101,0,0,-0.096127941194,0,-0.273121957291,0,0.276715647929
2017-09-28,-0.352782056259,0.197768246357,0,0,0.0742482108721,0,0,0.365082672027,0.297509042836,0,-0.23964527713,0,-0.133909143441,-0.127860680569,0,0.0653918279071,-0.145802842601
2017-09-29,0,0,0,0.064587809368,0.20671225139,-0.134711126752,-0.191228097788,0,0,-0.232150695986,-0.27653145538,0.397030430274,0.226485266992,0,-0.165378624094,0,0.105184241977
2017-10-02,0,0,0,-0.251595658031,0.337043449192,0,-0.322514687777,-0.159739185457,0,0.10989227821,0.116893918598,0.162374901061,-0.0933990853176,0.273795452937,0,-0.172751383417,0
2017-10-03,0,0,0.222427116968,0,0.15364599949,0,0.313545071077,-0.127148609647,-0.350045629295,-0.131422009825,0.127532707552,0,0,-0.180465067327,0.182849104913,-0.210918683906,0
2017-10-04,0,0.169855823791,0.153846919618,0.163084406154,0,0,0,0.336621837279,0,-0.0447780957435,-0.089929584091,0.176591013158,-0.362311929649,-0.140668460868,0,-0.362311929649,0
2017-10-05,-0.409037066089,0,0.153573865033,0,0.341391805457,-0.331046593172,-0.0538417668594,0,0,0,0.168248099126,0.231770200316,-0.107885585803,0,-0.098188988076,0,0.105016030067
2017-10-06,0.219330525611,0,0,0.112707520008,0,0,0.0897496999066,-0.322007283229,0.502990130201,0.0752221242725,-0.305006370393,-0.104086754807,0,-0.0930750111315,-0.17582458044,0,0
2017-10-09,-0.356869675394,-0.153872925074,0.123234376188,0.127153029879,0.120097357702,0,-0.113634791374,0,0.284504043748,0.345011192484,0,0,-0.0915389350562,-0.284083673102,0,0,0
2017-10-10,-0.105216028387,0.352539489424,0,0,0,-0.176273512405,0,-0.166842321073,0.181917381438,0,0,0.0548648594856,-0.293218212255,0.242842868473,-0.25844992588,0.16783540118,0
2017-10-11,0.277164141751,-0.319931355698,0,0,0,-0.0711342270577,0,0,-0.367745750066,-0.11855835997,0.308068775887,0,-0.122630307208,0.135922694663,0.170508376569,0.108336011131,0
2017-10-12,0.158645063846,0,0,0.227484113665,0.160565389529,0,-0.277347380875,-0.37836899034,0,0,-0.0804753477971,-0.0694404059661,0,0,0.232408717924,-0.194367875022,0.220896715037
2017-10-13,0.204263537247,-0.339917040964,0,0,0.354097333908,0,-0.151944336935,-0.0486449125895,0,-0.15356258722,0.116133129258,0.142271985425,-0.305931122291,0,0,0,0.183234014163
2017-10-16,0,0,0,0,0.206089546732,0.178606210044,0.214914757437,-0.178594456108,-0.166481197612,0,-0.238532997638,-0.144903746405,-0.271487602238,0,0.213530269822,0,0.186859215965
2017-10-17,0,0,0.14364335553,-0.340351710897,-0.100960660905,0.142120351465,-0.0934861436805,0,0.272607082429,0.21602925384,0,-0.246376297396,0,0,0,0.225599956736,-0.218825187121
2017-10-18,0.0886941963791,0,0.239457410567,0.0913188018707,0.466972408267,0,-0.0727151324171,-0.356240115763,0.113557182916,-0.316218900448,-0.0617310439722,0,0,0,-0.193094807399,0,0
2017-10-19,0,-0.151840706804,0.0875390227546,-0.198944828425,0,0,0.350136601716,0,0.200598565292,0,-0.1553588662,0,-0.103672897198,-0.390182701373,0.147866463015,0.213859347222,0
2017-10-20,0,0,0.0404607503062,0,0.270423724326,0.0882601292982,0,-0.330584143139,-0.186329951008,0,0.413273466953,-0.355742414773,0,0.187581929116,-0.0526114540495,0,-0.0747320370314
2017-10-23,0,0,-0.286723854745,0.148617565355,-0.261083395873,0.118359269304,0,0.269930323433,0.300147252998,0.16294558891,0,-0.132098828444,0,0,-0.157000323203,-0.163093597734,0
2017-10-24,0.359395096956,-0.0445571223303,0,0,0,0,-0.155742675821,0.352186858849,-0.315801077711,-0.207272664917,0,0.178442707348,-0.276626459221,0.0680880985632,0,0.0418872382842,0
2017-10-25,-0.240304925824,0.120544907497,0,0.140543310959,-0.199210149998,0.163837990717,-0.281477732828,0.395426414991,-0.18739104286,0.179647375835,0,0,0,0,0,-0.0916161484911,0
2017-10-26,0.235401442183,0,0.0994212715799,-0.360101312112,0.215560565988,0,-0.143154530375,-0.229578128586,-0.107393744978,0.242117685049,0,0,-0.159772283948,0.207499035201,0,0,0
2017-10-27,-0.24625914609,0,0,0.322645192671,-0.274393916204,0,0.291780640858,0.133162929021,0,-0.267242651785,0,-0.0752909951565,0,0.185740777237,0.0666704602132,-0.136813290764,0
2017-10-30,-0.238396226249,0,0.041324034577,0,-0.168580439936,0.0653313813643,-0.285525184961,0,0.358645185324,0.409173794641,0.125525604094,0,0,0,-0.130112220443,-0.177385928411,0
2017-10-31,-0.200963516026,0.264549494925,0,0,-0.262781441162,0,0,-0.215403123185,-0.221106866203,0.124674925805,0,0,0,0.134129295278,0.172926453231,-0.099745053424,0.303719830761
2017-11-01,0.351373921745,0.106765626964,-0.0755484493732,-0.321546504028,-0.121359743352,0,0,-0.0910460688233,-0.390499234424,0.0840867887955,0.24849054519,0,0.209283117305,0,0,0,0
2017-11-02,0,0.367808053221,-0.148470223569,0.127097980907,0,0,-0.161982386094,0,-0.257427870276,-0.254338601443,-0.177780918617,0,0,0.161128407147,0.232166896877,0,0.111798661848
2017-11-03,0,0,0,-0.156086855438,-0.157728087122,-0.0708330615643,-0.372831949406,0.143640894806,0,-0.24252004647,0.155257696681,0,0,0,0.156304283709,0.19828757232,0.346509552484
2017-11-06,0.188906934117,-0.105161198065,0,0,0.278527924052,0.130740694216,-0.213358891337,0,0,0.280342530868,0.121481916747,-0.221318453554,0,-0.24675985132,-0.213401605724,0,0
2017-11-07,0.116856257066,0.190807490054,0.203159256858,0,0,0,-0.392659309444,-0.392659309444,0,0.227829280057,-0.0732494452554,0,0,-0.0658250395017,-0.0756068963554,0,0.261347715966
2017-11-08,0.316461090322,0,0.193334829155,-0.342297858995,0.190326637321,0,-0.0701682908749,0,0,0,0.127396894398,-0.0658700967525,0,0.172480548804,-0.367690278156,-0.153973475221,0
2017-11-09,-0.0839774479741,0.142753971704,0,-0.346382686539,0,0,0,0,-0.308532999531,0.447197534926,0.095427902372,0.117129297698,0.1974912933,-0.129410173325,-0.131696692631,0,0
2017-11-10,0,0.230934815785,0,0,0.119149715365,0.139289729181,-0.202717285678,-0.32573291318,0,0,0.300307427075,0.210318312594,0,-0.231248569222,-0.114335426144,-0.125965805776,0
2017-11-13,0,0,0,0.149091048907,0,-0.144231584516,0,-0.181117672863,-0.35949327834,-0.140620745964,-0.174536718317,0.389763930884,0.257453786136,0.0853330595708,0,0,0.118358174501
2017-11-14,0,0,0.223114923421,0.115388867167,0,-0.109825525753,0.130075161146,0,-0.402712005254,-0.112572108332,0.104795498824,0,0,0.426625549442,-0.231242048753,0,-0.143648311907
2017-11-15,0.177258807605,0.127181089229,0.337412951359,0.0911578391359,0,0,-0.271647778502,-0.199675923829,-0.252487840764,0,0,0.266989312671,-0.158021440297,0,0,-0.118167016608,0
2017-11-16,0,0,0.172315526539,-0.205820158144,0.135335947945,0,0.140668757889,-0.253173168965,-0.115070454626,-0.332884552745,0,0.186852010482,0,0,0.364827757145,-0.09305166552,0
2017-11-17,0.221406912834,0,-0.266049103086,0,0.119010703391,0,0,0,-0.182529977114,0,-0.204276904726,0,-0.189768434956,0.122039486852,-0.157375580117,0.348901981683,0.188640915241
2017-11-20,-0.268669882527,0.356217634664,0.102748495823,0,-0.143746187996,-0.116479009985,-0.254535445327,0,-0.216569474166,0.267891598886,0,0,0,0,0.145513867363,0.127628403265,0
2017-11-21,0,0.132997625841,0.271848589442,0,0,0,0,0.140848900562,0,-0.225532030536,-0.0612924841942,-0.0657410037683,-0.308431170038,-0.339003311463,0.245769372611,0.208535511543,0
2017-11-22,0,0.390851426782,0,0,0.198982174858,0.0673547345743,-0.135282392244,-0.220983465174,0.183755165859,0.159056497928,-0.173487343206,0,-0.262551455207,-0.207695344168,0,0,0
2017-11-23,0,0.387095600642,0.166938316049,0.0984481236368,0,0.170356952863,-0.284524149606,0.177161006809,-0.202954432017,0,0,0,-0.275879568815,-0.116847192414,0,0,-0.119794657147
2017-11-27,0,0,0,0,0,0.176607074568,0.0657685029868,0.0867405599972,0.0728662222401,0,-0.112629721056,0.598017640208,-0.208253820274,-0.386025149696,-0.156770334968,-0.136320974006,0
2017-11-28,0.172764336097,0.0555238846239,0,0,0,0.0826881251863,-0.123679280224,-0.1075313303,0,-0.0940843800015,0,0.31872335293,0,-0.307481204281,0,-0.367223805193,0.370300301163
2017-11-29,-0.260500824811,0,0.105794607965,0,0,0.24257069806,0,0.142204392379,0,-0.222593642849,0,-0.0669197242254,0,-0.305789959516,0.25127190811,0.258158393485,-0.144195848599
2017-11-30,0,0,-0.187850821212,0,0,0.147455559381,0,0.3600402509,-0.150047413484,-0.326075576112,0.113164288645,0,-0.203502392042,0.147461781155,0.231878119919,0,-0.13252379715
2017-12-01,0,0.256817436512,0.121270307537,0,0,0.236605911225,-0.128983203561,0.294562253601,-0.411513091394,0,0,0.0907440911253,-0.135562939822,0,-0.0764698920016,0,-0.247470873222
2017-12-04,0.0766987201454,0,0.160156966263,-0.141917726923,0.201940180738,-0.0808058074277,-0.154353968049,-0.254668609691,0,0.375338158431,0,-0.36825388791,0,0,0,0.185865974422,0
2017-12-05,-0.187309350735,0,0,0.137559338326,-0.158520187874,0.201020057951,0.155044260524,0.252379623277,-0.284265184095,0,0,0,-0.262637247017,-0.107268030278,0,0.253996719921,0
2017-12-06,0,0,0,-0.253947941832,0.162271019092,0.252027024574,0.177843244887,-0.127591295699,0.214961759219,0,-0.376171840081,-0.113058290368,-0.12923063202,0,0.192896952227,0,0
2017-12-07,-0.184310066608,0,0.347274916349,-0.132572339494,0.112722746306,0.124939802088,0,0,-0.227934737359,0.162083423887,0,-0.174744198453,-0.280438658086,0,0.252979111371,0,0
2017-12-08,-0.317744891922,0,-0.186564105051,0,0.235193896884,0,0,-0.0821153859014,0.241116421577,0.217350925835,0,0,-0.0607843865057,-0.352791230619,0.114765995547,0,0.191572760157
2017-12-11,-0.154958301992,0.185403743476,0.183716028913,0,0.356634797981,-0.206214646468,0,0,0,0.14305541374,0.13119001589,0,0,-0.353797991856,-0.139211205599,-0.145817854085,0
2017-12-12,-0.109710108219,0.19450192277,0.195225905248,0.25968138802,0.245523615664,0,0.105067168299,-0.160149214588,0,-0.343118488154,-0.157192924784,0,-0.229829264255,0,0,0,0
2017-12-13,-0.0629615012784,0,0.167916084582,0,-0.203516651168,0,0,0.355937423292,0,0,-0.358139059112,0.147295279143,-0.0790373285678,0,-0.296345459874,0.179482886787,0.149368326196
2017-12-14,0,0.202249034006,0,0.127257096619,0.264687598127,0,0,0,-0.129241600113,0.31206459336,-0.0938268918675,0,-0.218709149223,0.0937416778874,0,-0.361600107046,-0.19662225175
2017-12-15,-0.0493878823976,0.0969314469826,0.272683389987,0,-0.377867712275,0,-0.329482823277,0.164486461322,0,0.270930324643,0,0,0,0,-0.14561415717,-0.09764742488,0.194968377065
2017-12-18,0.224216558655,0,0.264415382554,-0.18929068711,0.16831969094,-0.195594004955,-0.182370503086,-0.202312395081,0,0.163599150424,0,0,-0.230432409767,0.179449217428,0,0,0
2017-12-19,-0.143416483687,0.174650102845,0.189414104267,-0.262927934089,-0.253417496893,0,0.150464019546,0,0,0,-0.313932640288,0,-0.0263054450438,0,0.256048331804,0,0.229423441539
2017-12-20,0.270376733263,0,-0.150562933251,0,0.046088915829,0,0,-0.286686330569,0,0.213455053829,-0.225841110827,0,0,0.208218518959,0.26186077812,-0.125909797433,-0.21099982792
2017-12-21,-0.150815211108,0.283876580259,0.0518250055211,0,0,0.0643461388063,-0.187911025775,-0.351090431757,0,0,-0.188559970879,0.370542913819,0,0,0.229409361595,0,-0.121623360482
2017-12-22,-0.147280389095,0.419143643445,0.0998332410863,-0.152452713158,-0.181811849429,0,0,0,0,0.144988645993,-0.401017730145,0,0,0,0.260134798494,0.0758996709821,-0.117437318173
2017-12-25,0,0.290520458797,0.102380796536,0,-0.121654346646,0,0,-0.152020993121,-0.351927458,0,-0.214847986242,-0.159549215992,0,0,0.05979109281,0.30788673976,0.239420912096
2017-12-27,0.105676842817,0.40351032515,0,-0.20786138709,0,0,-0.219652305806,0.0893571075068,-0.239577788472,0,-0.114436760599,0,0,0.158792974973,-0.218471758034,0,0.242662749553
2017-12-28,0,0.0437689307276,-0.191504690947,0,0,-0.232983448475,-0.162564838737,0.459177540077,-0.0701901157255,0.0887647776185,0,0,-0.342756906115,0.292388829658,0,0.115899921919,0
2017-12-29,-0.0941377018487,-0.238132220785,0,0.132705416328,0,-0.0684187603217,0,0,0,0,0.241998581948,0.380563928174,-0.153293152457,0,-0.446018164588,0.113174810967,0.131557262584
2018-01-01,0.25095876876,0,0,0,0,-0.189429169705,0,0,-0.21126990806,-0.227433600918,0.112110389483,0.180811894143,0,0.150199001478,-0.201015165791,-0.170852155526,0.305919946136
2018-01-03,-0.309029660001,0.323052393409,0,0,0.0804762965691,0.164972332518,0.17321259477,0,0,0.258286382733,-0.253863700541,0,0,-0.177658402871,-0.0659112353501,0,-0.193537001236
2018-01-04,0.222313101826,0.292854111621,0.1725812082,-0.120998218968,0.215539192846,0,0,-0.345438992825,0,-0.234559181761,0,-0.140425629393,0.0967123855067,0,-0.158577977053,0,0
2018-01-05,0,-0.108315969613,0.150919854846,0,0,0.268741767131,0.218106966857,0,0,0,-0.170620442645,0,-0.195645239918,0.138111032362,0.224120378803,-0.31565769954,-0.209760648284
2018-01-08,0.131502319818,0,0,0,0.322932419672,0.169009449807,0,0,0.229953695823,0.146602114881,-0.320942955567,0,-0.0923219554988,0,-0.209153684293,-0.230618118132,-0.146963286509
2018-01-09,0,0,-0.302240065271,-0.0801874312568,0,0.123571186406,0,0,0.208004998793,0.398800390775,0,-0.357244492912,-0.0980189476809,0,0.137854239247,-0.16230906288,0.131769184779
2018-01-10,0.207724963058,0,0,0,0.360114848483,0.267149396343,-0.155785214656,0,0,-0.18264436082,-0.117847193685,0,0.0236630982698,0.141347693846,-0.157985002133,0,-0.385738228705
2018-01-11,0,0.177576745206,-0.122084597344,0,0,0.188857084395,-0.357481549149,0,0.258521694183,0,-0.140175211441,-0.076205254562,0,0,0.182656334006,0.192388142211,-0.304053387504
2018-01-12,-0.112393669073,0,-0.239334558916,0,0,0.33174727085,0,0.0973361013887,0,0.242603819312,0,-0.257893083836,0,0.245726174235,-0.179349527796,0.0825866342135,-0.21102916038
2018-01-15,0.368915857878,0.0925259451708,0,0,0,0.169093959284,0.0961089893388,0,0,-0.0593652144435,-0.206217899995,-0.125899633776,-0.330157280742,0.273355248328,0,-0.278359971044,0
2018-01-17,0.201547597341,0,0,0.0991985193946,0.218884862271,-0.198265188154,-0.243534413995,-0.118580792466,0,-0.255757807154,-0.183861798232,0,0,0.363319715626,0,0.117049305367,0
2018-01-18,-0.0992965035438,0,-0.193844538671,0.272825676813,0.141671419984,0,0,-0.348703692942,0,0.242944357817,-0.15799697347,-0.200158291373,0.188326500137,0,0,0,0.154232045249
2018-01-19,0.347451987978,-0.14691621785,0,0.229310091517,0,-0.125613566233,0,-0.275086177112,0,0.159030433385,-0.256373502859,0.161846348521,0,0.1023611386,0,0,-0.196010535945
2018-01-22,0.178845561345,0,0,0.135377684758,-0.240708968246,0,0.195354652925,-0.131940720499,0,-0.351523924983,-0.134936214073,-0.140890172199,0,0.334948478721,0.155473622251,0,0
2018-01-23,-0.17054059253,0.306338224963,0.154530715988,0.0952581068476,0,0.183158897593,0,0.260714054608,0,0,0,0,-0.0844300305458,-0.307017072034,-0.0875871809776,-0.350425123912,0
2018-01-24,0,0.144207713512,0,0,-0.308344727295,0.273631622476,-0.0810874283594,0,0,0,0.191597862225,-0.0374346806231,-0.352887583083,-0.22024558064,0.224555995549,0,0.166006806238
2018-01-25,0,0,0,0.215437760076,0.402421626563,0,0.129962122093,-0.14708522343,0.057098315469,-0.19882428836,-0.173676025698,-0.109234092175,-0.371180370336,0,0.195080175799,0,0
2018-01-26,0.10232231832,0,0.0680185409604,0.14746391756,0.35704967844,0,0,0,0,-0.163563249166,0.32514554472,-0.326111476554,-0.140621047673,0,0,-0.174375774305,-0.195328452303
2018-01-29,0,-0.385519844592,-0.213391461526,0,0.248340489775,0,-0.179076332592,0,0.192818557475,0,0.115955635865,-0.125277146454,-0.0967352148363,0,0,0.166931298115,0.27595401877
2018-01-30,0.212778980049,-0.145643565647,0,-0.219624393358,0.229338338289,0,-0.197854075403,-0.120949695075,0.165216613574,0,-0.315928270517,0.177384563009,0.215281505079,0,0,0,0
2018-01-31,-0.121002749153,0.0809196525852,0.260672259279,0,-0.274292901678,0,0.31089100806,0,-0.122830196194,0,0.135282974331,0.212234105745,-0.21245369337,-0.269420459605,0,0,0
2018-02-01,-0.154733859732,0,0.114946405802,-0.0802605462387,-0.368380537036,0.100024079343,0,0.14774003104,0.353843241132,0,0,0,0,-0.0844457425627,-0.312179314431,0,0.283446242683
2018-02-02,0,0.358361544244,0.0445918459934,-0.172138891853,0,0,-0.308283038509,0,0.197615383003,-0.118833910759,0,0,-0.215841189442,0,0.215913844604,0.183517382156,-0.184902969437
2018-02-05,0,0,0,0.318345941006,-0.163081793222,-0.164083878934,0.104473973564,0.185904243029,0,-0.291934276232,-0.15835157171,0.155660877559,0,0,0,-0.222548479903,0.235614964843
2018-02-06,0.204232734248,0.265872138872,0,-0.329601647084,0.134834723814,0,0,-0.33283321975,-0.114413249746,0,0,-0.0913129148614,0.0437974547743,-0.131838968559,0,0.351262948292,0
2018-02-07,0,0,0,0,0.147720923578,0,-0.235731731187,0.133615406614,0,-0.40294343211,-0.103956166265,0.201807220631,0.164840929686,-0.0773415015595,0,0.352015519491,-0.180027168879
2018-02-08,0,0,-0.0995526770525,-0.288206712221,0,0.292053792002,-0.164049839877,0.228150641155,-0.324045256087,0.151562552001,0,0.139789727432,-0.124145514762,0,0.188443287411,0,0
2018-02-09,0,0,0.352899475127,0,0.14710620589,-0.169428502805,0,0,0.189087329462,-0.372473859538,0,0.118066813781,-0.144581047734,-0.190109320087,-0.123407269836,0.192840175739,0
2018-02-12,0.0335122752421,-0.281760404442,0,0,0.26184737643,0,0,0,0.242837263445,-0.0993518686356,0.351518885858,-0.148118698265,0,-0.320917347289,-0.149851681369,0,0.110284199026
2018-02-13,0.0664072109944,0,0,0,0.260861589485,0,-0.171958883929,0.310353875479,0.122288929677,-0.105136409805,-0.165948203154,0.240088394365,0,0,-0.115597758373,0,-0.441358744738
2018-02-14,0,-0.310762387578,0,-0.300731004224,0,0.456747397436,0.148632121955,0,0.193467631729,0,0.0902008632643,0,0.110951985616,-0.125980343661,-0.152402993174,0,-0.110123271363
2018-02-15,0,0.242511925345,0,0,0.226001969163,0.139394071326,0.274997333526,-0.34957624,0,0,0.117094700641,0,-0.107053236774,0,-0.047507139463,-0.25336669696,-0.242496686803
2018-02-16,0.220098204676,-0.177216720078,0.12850963794,0,0,0,0,0,0.243484857232,0.220951049447,0.186956250706,0,-0.0489740602931,-0.291893006095,-0.376278665273,0,-0.105637548261
2018-02-19,-0.217138902909,0,0.250769843107,-0.100723885537,0.205464878025,0,0,-0.225311057524,0,-0.264967626625,0.20805461274,0.147152614443,0,0,0,0.188558051684,-0.191858527405
2018-02-21,0.183765381642,0,0.20464133011,-0.135843043414,-0.201494099298,0,0,0.254485828503,0.211784047027,0,-0.157176195167,0,0,-0.371161018732,0.145323412718,0,-0.134325643389
2018-02-22,-0.208944514087,0,-0.192707099948,-0.160402471398,0,0.29192532095,-0.204141481117,0.157316404741,0.117789304334,0.266678441222,0,0,0,0,0.166290528753,0,-0.23380443345
2018-02-23,0,0,0.168994366652,0,-0.229581248798,0.22365993679,0,0.155669703884,0,0.0994567591501,-0.0764984273715,-0.0304882045226,0,0,-0.278425649919,-0.385006469389,0.352219233524
2018-02-26,-0.213777468126,0,0.146539258351,0,0.125489649969,-0.0889845467273,0,0,-0.202049527217,-0.177134704898,0.33022699343,0,-0.318053753032,0.157243604892,0,0.240500493358,0
2018-02-27,0,0,-0.104421301999,-0.362270309446,0,0.145719315005,0,-0.162186903964,0.179048892526,0,-0.0762536231859,-0.294867861406,0,0.125812651316,0,0.153885409753,0.395533731401
2018-02-28,-0.189324729528,0,0.0951163135203,0.308502470233,0,-0.309651065016,0,0,0,0.286656236396,0,0,-0.132993961007,-0.171449318577,0.0741350538237,0.235589926027,-0.196580925872
2018-03-01,0.0457878592526,0,0.255355730008,-0.172775180365,-0.208012058535,0.323713016416,0,0.281027666999,0,0,-0.219715717441,-0.158621308544,0,0.0941157273233,-0.240875735115,0,0
2018-03-02,-0.115888536187,0.0911949308179,-0.107868654054,0,0,0,0.167958205832,0,-0.274477032677,-0.358864104577,0.463135019463,0.144587348681,0,0,0.133124495207,-0.142901672505,0
2018-03-05,-0.361568103477,0.0918463094815,0,0.285803981787,-0.159578250827,0,-0.178931557345,-0.14936283175,0.350852416849,-0.1505592566,0,0,0.133710813267,0.137786478616,0,0,0
2018-03-06,0,-0.134168558032,0,0,0,-0.162670115588,-0.279028019181,0.239383126803,-0.130069174623,0.0353840291046,0.0911617638242,0.401409691195,0,-0.294064132576,0.232661389073,0,0
2018-03-07,-0.340857811593,0,-0.0638336110024,0.144059854293,0,0.231965406719,0.278317240639,0.138821867805,0,-0.14982343874,-0.135808466743,0,0,0,-0.309676671922,0,0.206835630545
2018-03-08,-0.245193242545,0,-0.104520418347,0,-0.160852251976,-0.181989461891,0,-0.307444625242,0.124526363392,0.200213173919,0.211213687001,0.147833110397,0,0,0,0,0.316213665292
2018-03-09,0,0.328804716055,0,-0.412398475164,0.237491619804,0,0,-0.13088933282,0.131315979015,0.168588623619,-0.163577167477,-0.0845750856936,0,0.133799061507,-0.208559938846,0,0
2018-03-12,-0.288782990702,0.149328202057,-0.286772180241,0,0.212598662578,0,-0.140612483793,0,0,0.31824532863,-0.185877772996,-0.0979545722692,0,0,0.111287892247,0.208539914489,0
2018-03-13,-0.118116785752,0.101253950952,0,-0.0690131539133,-0.421392926261,0.299286572075,0.285192675064,-0.165003020374,0,0.138506308149,0,0,0,0,-0.226474113699,0,0.17576049376
2018-03-14,0,0,0,0.068730002708,0.31343291204,0,-0.0556831058464,0,-0.290336977805,-0.21454486048,0.274894909961,0.154851645161,-0.376257447683,0,-0.0631776081848,0,0.188090530131
2018-03-15,0,0.433837454704,0,-0.217369807586,0,0,-0.242709376224,0,0,0.127139516482,0,0.158595178123,-0.127286441834,-0.254014942261,0.176656114016,-0.158619432095,0.103771736675
2018-03-16,-0.161729215316,0.425629303219,0,-0.318615809512,0,0.0586111763979,-0.167353614076,0,0,0.0796060164878,-0.207860873242,0,0.136513694661,-0.144440487853,0,0,0.299639809235
2018-03-19,-0.0771351056614,0.10860388587,0,0,0,0,-0.131505861182,0.386304531091,0.169717633529,-0.22853475495,0.14610628879,0,0,-0.112499469795,0,-0.450324808412,0.18926766072
2018-03-20,-0.0851275372396,0,0.124930986162,-0.117045211189,-0.218910914006,0.34491186058,-0.12515970927,0.106003857153,0,-0.453756628296,0.234817303373,0.189335992731,0,0,0,0,0
2018-03-21,-0.258011424834,0.378448211328,0,-0.273007806219,0,0.26506391626,-0.246160112596,0.143176263268,0.121162681641,-0.0752860716404,0,0,0,0,0,-0.14753458471,0.0921489275032
2018-03-22,0.380846543724,0.380846543724,0,0.0584643399702,-0.163511496898,0,0,0.0824147048225,-0.193953990942,-0.249489027763,0.0974278677592,0,0,-0.295106783773,0,0,-0.0979387006244
2018-03-23,-0.0873509377705,-0.333025205008,0,0.262429048085,-0.126058104911,0,0,0.193013742457,-0.36645481859,0,0.26254165445,0.115885729589,0,0,-0.0871109337206,0,0.166129825419
2018-03-26,-0.0346595897117,0.139454147348,0.169165157734,0,-0.352033511282,-0.156964889652,0,0,0,-0.268199484393,0.279645141382,0.222881547949,0,0,0,-0.18814252496,0.188854005587
2018-03-27,-0.250855180549,0.101407630811,-0.109438020464,-0.114747498597,0,0,0,-0.291783589552,0.292908980234,0.358616935354,0,0,0.134579803995,0.112486649607,0,0,-0.233175710838
2018-03-28,0,0,0,0,0,-0.0735496388865,-0.148282572568,0,-0.379064573715,-0.170091460771,0.31273963603,0.194558571699,0.127388913863,0.105370092857,-0.229011754059,0,0.259942785551
2018-03-29,-0.0680326683603,-0.0572797046393,-0.268717373703,0,0.263394717283,0,0,0.133757253712,0,-0.321589282808,0,0.0924388853104,0,0.329455349566,0,-0.28438097049,0.180953794129
2018-03-30,-0.210897161605,0.361232946314,-0.174861891925,-0.376340425772,0.0946913620023,0.128275772023,0.249750584742,0,0.166049334919,0,0,-0.0846069534481,0,0,-0.153293567249,0,0
2018-04-03,0,0.150327028839,0,-0.152402245256,0.186171317038,0,0,0,-0.259438564473,-0.290550081509,0.178335033203,0.350905728216,0,-0.192255981942,0.134260892703,0,-0.10535312682
2018-04-04,0.091909668634,0.295072202201,0,0,0.145409254629,0.147840112464,0.319768762072,-0.218859841635,-0.0755408418359,-0.0830493144936,0,-0.070625544999,0,-0.551924457036,0,0,0
2018-04-05,0,0.129746937001,0,0,0.32591263847,0.290675699592,-0.176924074776,-0.0962628438981,-0.0836583998515,-0.358724537872,0.104878707915,0,0,0,0,0.148786017021,-0.284430143602
2018-04-06,0,0.268473679237,0.136221624144,0,0.147698408264,0.133190399054,0,0,0,-0.0963905060988,0.314415889301,-0.100565579014,0,-0.508663785241,-0.0932374730527,0,-0.201142656593
2018-04-09,0.111340695145,0,0.15485125721,0,0,-0.183545265099,0,-0.230959996725,-0.234198853036,-0.168128149579,0,0.365149738985,-0.183167735562,0,0.199231321311,0.169426987349,0
2018-04-10,0,0.114859262978,0,0.0925565150404,0.220124080814,-0.245199364689,-0.0875278250533,0,0.381087912975,-0.251265334538,0.191372228192,0,0,-0.0595658791477,-0.356441596572,0,0
2018-04-11,0.257432828219,0,0.222523174557,0.074184991693,0.382497441004,0,0,0.0633615645276,-0.146800575493,0,-0.307726271795,-0.117443854049,0,0,-0.191675078439,0,-0.236354220224
2018-04-12,0,0.233410649166,0.182152884847,-0.107329621333,0,-0.105890132627,-0.105856180072,-0.389198002209,0,0,0.153983628063,0.140343853033,0,0,-0.291726063758,0,0.290108984892
2018-04-13,0,0,0.0904753209148,0,0.171534157579,0.111382041859,0,-0.222042041694,0.36702598639,0.259582493257,-0.134339877208,0,-0.273859577449,0,-0.118213757187,-0.251544746462,0
2018-04-16,0.130493017054,0.182241465787,0.36324960586,-0.142943343136,0.174589817081,0,0,0,0,0,0.149426094217,-0.500175894449,-0.0785958633718,0,-0.199153293484,-0.0791316055591,0
2018-04-17,0,0.210370948339,0,0.135705777466,0.3970643986,0,0,0,0,-0.158282108632,0.139363609383,-0.226462633446,-0.163803181958,0.117495266212,-0.200519161647,-0.250932914317,0
2018-04-18,0.0785289483507,0,0.129892598183,-0.137795459639,0,0.199817174011,-0.249058820529,0,0,0.366063663133,0,-0.155257072386,0,0,-0.265909467453,-0.191979179993,0.225697616322
2018-04-19,0,0.287650179163,0.213014587964,-0.0718215338671,0,0.200602848533,0.155293902275,0.143438482064,-0.248993170772,0,0,0,-0.182500547587,0,-0.382715653354,0,-0.113969094419
2018-04-20,-0.24662199963,0.172773289575,0.141322985234,-0.125147302897,0,0,0,0.190022762644,0,0,0.134129013633,0,-0.136115544885,-0.356898638163,0.361751948915,0,-0.135216514425
2018-04-23,0.0429401583403,-0.292398254161,0.0303887389779,0,0.317270559039,0,0,-0.31683952732,0,0,-0.159426446857,0.241859462031,-0.0995118321654,-0.131823939496,0,0.367541081612,0
2018-04-24,0,0,0.0951240174378,0,0.372136801117,-0.244315546445,0,-0.0999497133072,0,0,0.0602163614024,0,-0.235804023498,0.384909184747,-0.262848138496,0.0876136352957,-0.157082578255
2018-04-25,0,0,0,-0.159367259021,0,-0.137667658743,-0.130190147083,-0.369012179892,0,-0.203762755261,0.200195744157,0.189909848012,0,0,0.179771221516,0.158981907435,0.27114127888
2018-04-26,0,0.424008218676,-0.078252598867,0,0,0.111555802586,0.144287249122,-0.125853512549,-0.0917808002019,-0.0864195996829,0.139271064642,0,0,0.180877664973,0,-0.617693488699,0
2018-04-27,-0.370684814027,0.180299497915,0,0,0,-0.271570490628,0,0,0.320034618663,0.162935269388,0.225421925966,0,-0.0685834811084,0.111308688068,-0.165065212002,-0.124096002235,0
2018-04-30,0,-0.251779696093,0.0565720524012,0,0.191719476137,0,-0.242103369847,-0.181146276243,0,0,0.23111443781,0,-0.173798926987,0.221439529253,-0.151171730832,0,0.299154504399
2018-05-01,-0.143742437956,0.24245063902,0,-0.234394941668,0,-0.169163106542,-0.180256898498,-0.272442615337,0.12327229546,0,0.172552492744,0.333762467326,0,0.127962105451,0,0,0
2018-05-02,-0.12811882214,-0.139103160739,0.16040620181,0.0636525552448,0.0799809888181,0,0,0,0.393989890277,0.301970363851,-0.130350987377,0,-0.514249737782,-0.0881772919626,0,0,0
2018-05-03,-0.303513545923,0.267140179604,0,0,-0.219628005895,0,0.159664769961,0,0.212073723507,0,0.200679541091,0.160441785837,-0.0816265136419,-0.318342325873,-0.0768896086668,0,0
2018-05-04,0,0,0.123965321907,0.196116299203,-0.236217874889,-0.132227710179,0,0,0.434810520581,0,0,0.128380030705,-0.128275127313,0.116727827604,-0.309561361502,-0.193717926116,0
2018-05-07,0,0,0,0.14732581738,-0.108260287065,0.188535063918,0,0,0.206236420191,0,-0.114663440148,-0.203165870153,-0.220461484631,0.288668326587,-0.353448918003,0,0.169234371924
2018-05-08,-0.0986100561893,0,0,0,-0.279976273385,0.133693445244,0,0.166380200091,0.364744868354,0.190821608999,-0.20087354461,0,-0.283595167135,-0.136944958682,0,0,0.144359877312
2018-05-09,0,0.281736892927,0,-0.0685349751032,0,0.0762425831863,0,-0.138807593687,0.409327806946,0,-0.203275364849,-0.482055304088,0,0,0.108905672891,0.12378704405,-0.107326762273
2018-05-10,-0.107519287598,0.335833624559,-0.183284987389,0.153800078412,-0.224473504365,0,0.042156694151,0,0.281413370648,0,-0.240959423943,-0.243762796704,0,0,0,0,0.186796232231
2018-05-11,0.137787174654,-0.07780830113,0.125373922322,0,0.365789362871,-0.0809970763685,0,0,0.0741383693242,-0.483999635363,0.296911170829,0,0,0,-0.225890752788,0,-0.131304234351
2018-05-14,0.0683956468606,0.0886048924331,-0.191655695336,0,0.388699208969,0,0,0.0656010427685,0,-0.129691018556,0.388699208969,0,0,-0.546630133877,-0.0320752304822,0,-0.0999479217493
2018-05-15,0,0.21738991913,-0.0998244484314,0.0907845593548,0.245111648854,-0.148689385224,0.0652204184239,0,-0.368805134381,-0.30074827358,0,0,0,-0.0819327583833,0,0,0.381493454237
2018-05-16,0,0.217429071439,0,0,0,0.316392544688,0.12980410014,0,-0.163194427995,-0.221005621585,-0.124211297124,0.175054239844,0,-0.132575078094,0.161320043889,-0.359013575202,0
2018-05-17,0,0.0965983885673,0,0.279879020924,0,0.244076510807,-0.361672221991,0,0,-0.0452210315805,-0.118744211194,0,-0.23428659519,0.182306668826,-0.240075940044,0,0.197139410875
2018-05-18,0,0.418829299756,0,0.196178322513,0,0.169936406605,0,-0.168198513508,-0.176086104061,-0.176794030128,-0.153637154764,0,0,0.173624005621,0.0414319655056,-0.32528419754,0
2018-05-21,-0.228184812907,-0.223281640682,0,0.154696618527,0.366596504244,0,-0.0684784614244,0.152830170039,0,0,0.17930904528,0,0,-0.107906002808,0,-0.372149082178,0.14656766191
2018-05-22,0,0.0964250826537,0,0,-0.136724671815,0.0795112662683,-0.0668386467456,-0.651966845865,-0.0741276162454,0,0,0,0,0.39061414644,0.334530190035,-0.0703422193288,0.0989193146028
2018-05-23,0,-0.288098936615,0,-0.123068611627,0.218449545391,-0.120537498206,0.0898041134031,-0.364186364259,0,0,0,0,-0.104108589292,0.0564715553339,0,0.400883331937,0.234391453935
2018-05-24,0,0.3269430253,0.339162890116,-0.288044905228,0,0.120537994963,-0.177290079742,-0.189226980649,0,0,0,0,-0.156071552577,0,-0.189366481803,0.177401456192,0.0359546334286
2018-05-25,0,-0.279267384855,0,-0.212868553548,0,0.223221287596,-0.219982550089,0.421702657476,0.0183824371541,0,0.115673252506,0,-0.190659730593,0,0.221020365268,0,-0.0972217809152
2018-05-28,0,-0.299372931156,0,-0.0920164237948,0.26036018784,0.204090037898,-0.150343433499,0,0,0.117424437944,0.0937919047085,0,-0.111950556499,0.324333431609,0,0,-0.346316655051
2018-05-30,0,0.390014070932,-0.192711439931,-0.352087185382,0.212840451936,0,-0.168945013527,-0.229450150569,0.151981609692,-0.0568062105907,0,0,0.109397296807,0,0,0,0.135766570632
2018-05-31,0,0.139312237756,0,0.286019875602,0,0,-0.378533349048,0.157759552588,-0.149155965359,-0.158015201025,0.327512579857,-0.1889042343,0,0,-0.125391250268,0,0.0893957541984
2018-06-01,0.158411786649,0.167679843553,0,-0.132478624805,0,-0.266546376856,-0.135320954078,0,0.131039285252,0,0.373813686423,0.169055398123,0,-0.169297248783,-0.296356795478,0,0
2018-06-04,0,0,0.422535049208,0.149345780436,0,-0.206124585278,-0.167134273086,0.0566022127079,0.232222049199,0,-0.306552606462,-0.105590860159,0,0,-0.214597675016,0,0.13929490845
2018-06-05,0,-0.129568252631,0,-0.203185154258,-0.347755459245,0,-0.169140231184,0,0.073561790067,0.442285618223,0.191626012238,0,0,0.121390376209,-0.150350902682,0,0.171136203263
2018-06-06,-0.0382038648222,0,0.183912475792,-0.276744449244,0.114294168743,0.271729783651,0,0,0.230458884578,0.199604687235,0,0,-0.554720461869,-0.0339920111605,0,0,-0.0963392129038
2018-06-07,0,0.114730724579,-0.16389601365,0.288110549133,0.16740345228,0,0.147229882298,0,0,0,-0.281039282823,0,-0.141882750324,0,-0.0826500244482,-0.330531928755,0.282525391709
2018-06-08,0,0.282683668311,0,-0.0646515163281,0.0934840422378,0.0958128664799,-0.299436167115,0,-0.441976907108,-0.0862305696197,0.413304816941,0,-0.10770483983,0.11471460603,0,0,0
2018-06-11,0.189253278648,0,0.246637023719,0,0.204698189276,-0.21980078971,-0.18798624174,0,-0.271064590553,-0.157849645116,0,0,-0.163298732881,0.293497189492,0,0,0.0659143188654
2018-06-12,-0.151218415752,0.194856492984,0.189707399742,0,0,0.137077255824,-0.226349998977,0,-0.22959594139,0,0.358135274034,0,-0.0415690626986,-0.351266581182,0.120223577415,0,0
2018-06-13,0.231287977003,-0.107249727766,0.299504507253,0.217890770463,0,0,-0.101028850806,0,0,-0.453772915159,0.14333454081,0,-0.0290773811278,0,0.107982204471,0,-0.308871125141
2018-06-14,0,0,0.22136153072,-0.195624979275,0.145742893486,0,-0.137346747243,0.326400832045,0,-0.0922354781288,0.173369038397,0,0,0.133125705351,0,-0.193157248139,-0.381635547215
2018-06-15,0,-0.0425610409794,0.206804840207,0,0.218713792679,0,-0.0715082849851,0,0,0.174265360252,0.261771359064,-0.72705538075,0,0,-0.108147009279,-0.0507282840072,0.138444647798
2018-06-18,0.125625652102,-0.410280560107,-0.184855732958,-0.0827163383557,0.161478494621,0,-0.161659269759,0,0,0,0,-0.16048809882,0.259460697959,0.176976867487,0.27645828783,0,0
2018-06-21,0,-0.0685754925812,-0.283258285696,0,0,0.183416228411,-0.123829437066,-0.305062975418,0.117649566278,0.205737957315,0,-0.219273809239,0.293474826159,0.199721421837,0,0,0
2018-06-22,0,-0.165242151537,0,0.132304426619,0,0.229018260127,-0.312074302303,-0.22280576881,-0.149195326934,-0.150682450416,0.168863196331,0,0.351336541606,0.118477575317,0,0,0
2018-06-25,0,0.142467925497,0,-0.169341011611,-0.0937038061315,0,0.311043361381,0,-0.399642972396,-0.149490746178,0.163438642846,0,0,0.105810132592,-0.187821463684,0,0.277239937683
2018-06-26,0.234895587792,0,0,0,0.114517152518,-0.278880745416,-0.130625502097,-0.0709335132054,-0.400723304432,0,0.448569555519,0.0307598123949,-0.118836934849,0.171257891776,0,0,0
2018-06-27,-0.0973270979405,-0.11650206525,0,-0.254938748867,-0.16329456912,0.162867282485,0.231577373866,0,0.0805432407245,0,0.171198717073,0,-0.367937518822,0,0,0,0.353813385853
2018-06-28,0,0.307131110812,-0.21222256121,0,0.0679591672195,-0.187376781141,0,0.0596116567541,-0.355501666519,-0.168081287873,0.209339814594,0,-0.0768177032564,0.35595825062,0,0,0
2018-06-29,0,0.0691773156427,-0.198485388732,-0.0831039016386,0,0,-0.447338889464,0,0.132952511195,0.0558035891207,0,0,-0.142919363456,0,-0.128152456708,0.59407994774,0.147986636301
2018-07-02,0,0.0775294634694,-0.345330988818,0,0,-0.243013639695,-0.0837558092834,0,0,0.111338258124,0.108825595322,0,0,0.48895319081,-0.243928030583,-0.0839715316204,0.213353492274
2018-07-03,0,-0.22086410835,-0.230923390478,0,0,0.0300934605584,-0.225725277469,0,0.120614346546,0,0.19038154982,0.628234489639,0,0,-0.128567253886,0.0306761534372,-0.193919969817
2018-07-04,0,0.0575275195136,0,0,0.116745390593,-0.172711896004,-0.136317651344,0.494230039668,-0.25200893511,-0.278908226623,0.0827210409886,0.248776009237,0,0,-0.160053290919,0,0
2018-07-06,0,-0.0850756618842,0,-0.201091778471,0,-0.353292825572,-0.156841150008,0,0,0.363542526022,0.154964738065,0.259301311903,0,0.157096252055,-0.203698584065,0.0650951719557,0
2018-07-09,0,0.257192297749,-0.164371227278,0,-0.255913718872,0,-0.116367621209,0.118806845362,-0.330969861917,0.232296200475,0,0.137421583191,0.254283073223,0,0,0,-0.132377570725
2018-07-10,0,0.284759236257,0,0,0.162645653084,0.185083594116,0,-0.129444492638,0.238661506578,-0.398283998996,-0.176821504332,0,0,-0.147258179713,0,-0.148191824321,0.128850009965
2018-07-11,0.22957574576,0,0.136496024611,0.263804322447,0,0,-0.121577342854,-0.251432259368,0,0,0.119510979215,-0.255113389769,-0.287381115671,-0.0844958923382,0,0.250612927967,0
2018-07-12,0.0900193042398,0.150757880151,0,-0.183079881631,-0.210831072454,-0.101706076937,-0.360853289259,0.470977259767,0,0.11026760083,0.177977955012,0,-0.143529679718,0,0,0,0
2018-07-13,-0.313456201742,0.165079466116,0.0976146633005,-0.210694914071,0,0,-0.115279271878,-0.0484701675824,0,-0.312099444727,0.166677855968,0,0.465435601004,0,0,0.105192413611,0
2018-07-16,0,0.337604984708,0,0,0,0.135956055038,-0.26615188333,0,-0.0728334127108,-0.243271641437,0.166439862117,0,0.133041238802,0.226957859334,-0.230487895214,0,-0.187255167308
2018-07-17,0,0.166313642571,-0.341451137598,-0.0740963711885,0,0,-0.182887621491,0,0,-0.275430797057,0.163517011934,0,0.0730206052205,0,0.275264531396,0.321884208879,-0.126134072665
2018-07-18,-0.239243140758,0,-0.103570935048,0.209590886812,0.189065090386,0.138279510327,0,0,0.325927001865,0,0,0,0.137137510611,-0.357663163928,0,-0.207008461304,-0.0925142989617
2018-07-19,-0.27252618317,-0.169561748007,-0.0932243516699,-0.145835081925,0.112258661005,0.333472777681,0,0.160304379273,0,0,0,0,0,-0.318852635228,0.152525391501,0.24143879054,0
2018-07-20,0,0,0,0.155043922803,-0.241570148956,0,0.0630448986912,0,-0.237325711098,-0.22677623734,0.180259368424,0,0,0.30804173411,-0.159226737916,-0.13510116469,0.293610075972
2018-07-23,0,0.127738603635,-0.181531671179,0,0.142039732573,0,-0.206167538797,0.157268657371,0.15904094149,-0.158724161702,0,0,-0.0334566471077,0.413912064932,-0.420119981214,0,0
2018-07-24,0,-0.101946415749,-0.106864726248,0,0.218540737,0,-0.232054883813,-0.205345323299,0.196104556907,0.130339382582,-0.35378865089,0,0,0,0.221210006698,0.233805316813,0
2018-07-25,0,0,-0.291258808487,0.234150966984,0.333421609479,-0.155556572312,0.109195075993,-0.365676087098,0,0,-0.170547878078,0,0,0.174786596588,0,0.148445750957,-0.0169606540242
2018-07-26,0,0.198455383235,0,0,0.227281138316,0.115947022736,-0.124760175712,0,0.214548133348,0,-0.0813000393408,0,-0.337084763319,0.243768322366,0,-0.30946470327,-0.147390318358
2018-07-27,0,0.285106564723,-0.36152388875,0.172650236514,0,0.177598601943,0.0688502540379,-0.143173834798,-0.0913590865378,-0.36152388875,0.295794342782,0,0,0,-0.042419301164,0,0
2018-07-30,0,0,-0.0740156386539,-0.406019773983,0,0.236126421496,0,0,-0.211699338659,-0.243960343152,0.381814336404,0.0900573913518,0,0.200285905868,0,0.0917159448805,-0.0643049055532
2018-07-31,-0.0532959945634,0,0.113773158126,0,0.251913787668,-0.141106667338,0.115758375841,-0.105927040363,-0.267731383975,0.154088905381,0.364465772984,-0.431938913761,0,0,0,0,0
2018-08-01,0.268333377183,0,0.0702676250973,0,-0.148382990598,0,-0.198990575717,0.206420931418,-0.122269305851,-0.255352182266,0,0,0,0,-0.275004945569,0.363141486449,0.0918365798526
2018-08-02,-0.410627751443,-0.105939280111,0,0,0.112319368331,0,-0.131374709765,0,0.325881748863,-0.251211412617,-0.100846846065,0,0.0979708400133,0,0,0.159770990155,0.304057052638
2018-08-03,0.268311724749,-0.138089405309,0.370315686716,-0.1643303267,0.0652700314598,0,-0.352866753276,0,0.153556436437,0,0,-0.119949443208,0,0.142546120639,0,0,-0.224764071507
2018-08-06,0,0.109901877946,0,0,-0.258536763241,-0.15602175985,0,0.463186740328,-0.331910269853,0,0.105714553893,-0.141188284167,-0.112342922889,0,0.243162558324,0,0.0780342695082
2018-08-07,0,0.0810629882087,0,0,0.104841909723,0,-0.279791421471,-0.188687036801,0.240047419821,0.137177069348,-0.199958064032,-0.159070560047,0,0,0,0.4368706129,-0.172492917649
2018-08-08,0.281714461544,0.144979955367,0,0.402458483334,0,-0.0637550578024,0,-0.265980271977,-0.133038306438,-0.397250592905,0.0966986581343,0,0,0,-0.139975770877,0.0741484416215,0
2018-08-09,-0.163209062241,0,0,0,0.0981839969423,0.303607140955,-0.171724792758,0,0.0638408898016,-0.20627155598,0,0,-0.159485523585,0.403236890588,0.131131081713,0,-0.299309065435
2018-08-10,-0.131049436383,-0.47379811662,0.109716345768,0.16475125413,0,0,0.253226341566,-0.134353872905,-0.114892447956,0,0.0968143615021,0,0,0,-0.145906126136,0,0.375491697035
2018-08-13,-0.176792532679,0.0597286693285,0,-0.157134374315,0.189331021113,-0.260161505142,0,0.161412907679,0.205274511438,0.384252890441,0,0,0,-0.167214994485,0,-0.23869659338,0
2018-08-14,0.210412571144,0,-0.128625193078,0,0,0.290969624169,-0.180171541112,-0.280255873458,0.190140003934,0.156247775261,-0.260153929618,0,0,0.152230025492,-0.150793462734,0,0
2018-08-15,0,-0.328369338481,-0.379279798049,-0.0579796119971,0.117304883629,0.261929533021,0,0,0,0.0574752145455,-0.165859873305,-0.0685113781672,0,0.086840524203,0,0.476449844602,0
2018-08-16,0,-0.432221067126,0.26821583099,0,0.141908826338,-0.149055198003,0,-0.0345042020425,0.307783211638,-0.273424103776,0.143682325864,0.13840980517,0,0,-0.110795429053,0,0
2018-08-17,0,0.405045387166,-0.0707016259567,0,0,0,-0.430909266467,0,0,-0.235225288296,0.118038596518,-0.192933462533,0,0.183923138426,-0.070230356747,0.114871828117,0.178121049773
2018-08-20,0,0,-0.246102582028,0.193654495044,-0.0957551595201,0.0451728425217,0.099220634813,0,0,-0.210146111979,0.271828960223,0,-0.319701479822,0,-0.128294666652,0,0.390123067399
2018-08-21,-0.15995619828,0.211380007731,0.26315759067,0,0,0.147733855526,0.0898777177782,0,0,-0.293225419836,-0.150631494679,0,0.287850828295,-0.206017734932,-0.190169152272,0,0
2018-08-22,-0.11977478092,0,0,0,-0.307265482578,0.180579174105,0.0887154103287,0.0849458532571,-0.368749163694,0.421636985878,0.224122576431,0,0,-0.0884230499881,0,0,-0.115787522819
2018-08-23,-0.113570409067,0.364525377169,0.0812791825056,0,0.118721612127,0,-0.135922903115,-0.181075778457,0.283585998384,0.151887829814,0,0,-0.42329748548,0,-0.146133423881,0,0
2018-08-24,0,0,-0.0383302638088,-0.183582214933,-0.169730816166,0,0,0,0.221570118654,0.240374971344,0.144984680132,0,-0.220431621284,0.238537202238,0.154533027631,-0.387925083809,0
2018-08-27,-0.0508916027337,-0.237361477882,0,0.124075078034,0,-0.0766409072509,0,0.0956619164548,0.207555349599,0.366978154988,0.205729500924,0,0,-0.373346104932,0,0,-0.261759907202
2018-08-28,0,0.104202914726,0,0,0,-0.148110412263,-0.0882810359196,-0.396476595245,-0.257818924257,0.185796135295,-0.109313032315,0.495010281725,0,0.121500963005,0,0.0934897052483,0
2018-08-29,-0.063829802592,0,0,0,0.163293644935,0,-0.379707226168,-0.138585918642,0.139752004121,0,0,0.173923554465,-0.0433854810934,0,-0.374491571505,0.130145535235,0.392885261243
2018-08-30,0,0,-0.0546215919801,-0.444176531997,0.183476743033,0,-0.149545647951,0,0.153966310784,0.212146962145,0.23190571293,0,0,0.218504271108,-0.0901618584239,0,-0.261494369649
2018-08-31,0,-0.228383916316,0,0,0.251520380353,0.236686696657,-0.192001672334,-0.119651325088,-0.0938027753342,0,0.15913116729,0.168390008524,0,0,0.184271747176,-0.366160310927,0
2018-09-03,0,-0.0796583799663,0,-0.0700131596697,0.104953675913,0.22499304797,-0.127255610366,-0.0732180741508,0,-0.649854775847,0,0.223021780706,0,0,0.0793867688297,0.367644726581,0
2018-09-05,0,0,-0.0874942969951,-0.166372325287,0.110400280811,0.151498430952,-0.224237790926,0,0.0862095771309,-0.387561168185,0.33303528985,0,0,0,0.318856421256,0,-0.134334418606
2018-09-06,0,0,-0.237578297535,0.109454998376,0.121303287292,0,0.356760850706,-0.124624093189,0,-0.440568819467,0.139937960397,0,-0.0947168328417,-0.102511956967,0,0.27254290323,0
2018-09-07,0,0.108314543727,0,0,0.108628729736,-0.293524589914,0,0,0.203890516842,0.483713756256,0,0.0954524534394,-0.173393540926,-0.200006164695,0,-0.178396184458,-0.154679520007
2018-09-10,0,0.231325317759,-0.134253236518,-0.145958881108,0.112396761396,0,0,-0.206369609443,0,0,0.170907680427,0.278632756673,-0.119576697536,0,0,0.206737483745,-0.393841575396
2018-09-11,0,-0.474825072571,-0.0454021823548,0,-0.329357493709,-0.108124839843,0.135097667161,0,0,0.108438659263,0.216819392138,-0.0422904115217,0.40386099282,0,0,0,0.135783288619
2018-09-12,-0.241122408586,0,0.37456840877,0,-0.162572656952,0.298284276309,0.0481711862309,0,0.104150191617,0.174825937073,-0.207023254644,-0.177002033766,0,0,-0.212279646052,0,0
2018-09-13,0.0890337598145,-0.158275765592,0,0,0.0940629771853,-0.192888647199,0,0,0.371678806372,-0.288437519397,0,-0.224475127104,0.0811167096614,0.364107746967,0,-0.135922940708,0
2018-09-14,0,0,-0.269350366035,0,0.151162720053,0,-0.0740561036798,0.401436663666,0.203565268779,0.170023202812,0.0738121446901,-0.181725970836,0,0,-0.280817680557,-0.194049878893,0
2018-09-17,-0.132340485601,0.253545997257,0,0,-0.196265773715,0,0,0.289478228648,0.277140835718,-0.134689359854,0,-0.159351567757,0.0871228906479,0,0.0927120477292,0,-0.377352813073
2018-09-18,-0.199589146248,0.12313509483,0,0.116214168189,0,-0.245442860042,0,0.0952570842777,-0.071663543006,0,0.289711386146,0.375682266557,-0.353591631809,0,0,-0.129712818895,0
2018-09-19,0,0,0,-0.389718056567,0,0.174712556273,0.122864092007,0.212675160809,-0.109719778084,-0.0699303443334,0,-0.385225730195,-0.0454060908208,0.258057556299,0,0.231690634612,0
2018-09-20,-0.058561396601,0.212779768321,0,0,0,-0.229819234631,0,0,0,0.103273389504,-0.141448710379,0.134197658173,-0.338055485444,0.196605353423,0.35314383058,-0.232115172944,0
2018-09-21,0,0,0,0.152506757797,0.195982536744,0,0,-0.651224459163,0.222690033687,0,0,-0.102037784772,-0.0401217216773,0.289048658795,-0.0746531166039,-0.131962917784,0.139772012978
2018-09-24,0,0.223004116948,0,0,0.273200394093,-0.0723744642964,0,-0.132937985594,0.121593381927,0,0.196781412254,0.185420694778,-0.261471446106,0,-0.119873577219,0,-0.413342526784
2018-09-25,-0.210609732731,0,0.117025724683,0.120889198257,0.135360457103,-0.100243185325,0,0,0.36131890185,0.265405718107,0,0,0,-0.540068078876,0,-0.0889078964768,-0.0601711065906
2018-09-26,-0.166615122365,0.188262648138,0,0,0.130083363053,0,-0.118208112609,0,0.188903084195,0,-0.186224009588,0,0,-0.143643909732,-0.385308845706,0.352832203588,0.139918701027
2018-09-27,0,0,0.174616008975,0,0.440871532178,-0.084942701191,-0.353520199063,0,0.084273585473,0,-0.192247328532,0.194666324402,0,0.105572548971,-0.123022006088,-0.246267765127,0
2018-09-28,0,0,-0.359586428564,0.113046077078,0,0,-0.0685490405982,0,0.35202095458,-0.246239508929,0.181916877083,0,-0.0586588495643,0.208538214507,-0.266966172345,0,0.144477876753
2018-10-01,0,0,-0.30618817,-0.345726462791,0.150495342119,0,-0.0610543994016,0,0.0845380272031,0,0.318686273091,0.107960482733,0,0,-0.193472108837,-0.0935588589704,0.338319874853
2018-10-02,-0.101682670411,0,0,0.168808746558,0.175441590076,0,0,0,0.338827871518,-0.338805803271,0,-0.17822006966,-0.13340398335,0.15057040675,0,0.166351385098,-0.247887473309
2018-10-03,0,0.27632252641,0,0,-0.293533170998,-0.252866282706,0.208248406784,0.0607715397763,-0.141449492194,0.0681907913138,0.386466735716,-0.153974704709,-0.158176349392,0,0,0,0
2018-10-04,-0.177587078946,0,0.151145311776,0,-0.0855451427787,0,0,0.0775166540241,0.205669742108,0.378732070483,-0.176283818972,0,-0.343527829272,0,-0.217056130031,0.186936221608,0
2018-10-05,0,0,0.245141102584,0,-0.134950323261,0.0886084477016,0,-0.109417097731,-0.369191500477,-0.253353222621,0.150642830359,0.101876210181,0,-0.133087855909,0,0,0.413731409175
2018-10-08,0,0.153787518032,0,0,0.165932943185,-0.144807037438,-0.106518387719,-0.0866800870553,-0.410450572987,-0.251543914801,0.412525016018,0.149366969232,0,0,0,0.118387553532,0
2018-10-09,-0.10874755213,0,-0.249067866549,-0.254056944636,0,0.19976933753,-0.258337112415,0.331891373726,0,0,0,0,0.0548132808015,0.247233293554,0,0.166292714389,-0.12979052427
2018-10-10,0,0,0,0.566308746053,0.133544708326,-0.172233861062,-0.105822243735,-0.207877018234,0.132250826133,0.0852928985871,0,-0.149351559611,0,0.0826028209009,-0.364715317359,0,0
2018-10-11,0,0,0,0.360836360215,0,0,0.144587563734,0.136151603986,-0.339271346597,-0.169646154712,0,0.118420736534,0.240003735531,-0.266949358942,-0.0615906516715,0,-0.162542488077
2018-10-12,0.083053562413,-0.0429485934403,0,0.0805360289926,0.0858886696057,-0.125950651545,-0.206085657694,-0.268512009738,0,0,0,0.616113227809,0.13440851118,0,0,0,-0.356503087583
2018-10-15,0,0,0,0,0.176506495248,0,-0.224498770197,-0.159681869882,0.364860677069,0.155816697655,0,0.142223135536,0,0.160592994492,-0.311846762789,-0.183786309478,-0.120186287653
2018-10-16,0.373015856016,-0.352684824141,0,0,-0.0725876349886,0.113358187475,0,0,-0.268920694503,-0.0689378744414,0.0954570622803,0.334874697288,0,0,-0.236868971926,0.0832941969407,0
2018-10-17,0,0,0,0.204089766108,0,-0.0845957806862,-0.274104861219,0.315622560428,-0.205933584876,0.273180298792,-0.0829847513871,0,0.168328995754,0.0387783789181,-0.352381021832,0,0
2018-10-18,0.199259014969,-0.0929128611455,0,0,0,0,0,0.0911150778982,0,-0.292706543699,0,-0.172346463806,-0.240945031665,0.166609383028,0.343785581134,0.199230942971,-0.201089099685
2018-10-19,0.23268927842,0,-0.124202471306,-0.131968995362,0.197636876415,-0.19548970069,0,-0.26074019508,-0.287598637561,0.127036604982,0.226644902201,0.215992337982,0,0,0,0,0
2018-10-22,0.105273870858,0,0,-0.172838580284,0,0,-0.164725411025,-0.194064240652,0.359009341087,-0.166918837091,0,0,0.163021621923,0.0920202443875,0,-0.301452930948,0.280674921745
2018-10-23,0,0,0.0410522458379,-0.176032511058,0,0,-0.181069613842,0.102941330144,0.104119344444,0,0,0.30178062841,-0.185496177769,0.450106451164,-0.205639526603,-0.251762170728,0
2018-10-24,0,0,0.0869875692577,-0.220311550342,0.103162287016,-0.276994471172,-0.158925788812,0,-0.202034621349,-0.141733568324,0,0.126673397019,0,0.471707244604,0,0,0.211469502104
2018-10-25,0.0751364701289,0,0,-0.296419045029,-0.145047075089,0,-0.133116281119,0,-0.238510641808,-0.186906956955,0,0.294030068061,0.263632126896,0.292247278635,0,0,0.0749540562795
2018-10-26,0.35531753537,-0.137274382283,0,0.226020430477,-0.283466318924,0,0,0,0.213951946576,0,-0.220665851728,0,-0.258858501521,0.0788131150139,0,-0.0997349455446,0.125896972563
2018-10-29,-0.143475936028,0,0.310254799992,0.137598765245,-0.142170021918,0,0.227539184192,0.120559285352,0,-0.209544422887,-0.351403861291,0.204047965219,0,0,0,0,-0.153405757875
2018-10-30,0,-0.204843604292,-0.117208381134,0,0,-0.284614351289,0,-0.139775510177,0.211693318985,-0.253558153109,0.11262185421,0,0.0927575144725,0,0,0.226074344984,0.356852967348
2018-10-31,0,0,-0.0470711754299,-0.19981811383,-0.168152632999,0,0.132602259917,0.202965930752,-0.212356139951,-0.37260193779,0.368057597967,0,0,0.122481090062,0,0,0.173893121303
2018-11-01,-0.0839937457682,0,0.119059266268,0,0,0.172386660536,-0.280657881358,0.137118144092,0.391820127087,0.179615802018,-0.225837959287,0,0,-0.112299853083,0,0,-0.297210560503
2018-11-02,-0.0343506838183,0,0.178963197195,0.140955885035,-0.250401449409,0.250276963229,0.231210800664,0.198593153877,-0.138569694676,0,0,0,0,-0.535889358255,-0.0407888138417,0,0
2018-11-05,0,0.243426196981,0,0,0,0,0,-0.162274327367,-0.367110091517,-0.263775268568,0,0.143784979432,0.148254147102,-0.121090385674,0.319064794247,0.145469882238,-0.0857499268747
2018-11-06,0,0,0.159795747001,0.192243183831,-0.0946898243073,0.209573937608,-0.0955447199903,0.26514082215,0,-0.189562723963,0.17324630941,0,-0.442551562942,0,0,-0.177651168798,0
2018-11-07,0,0.445694892637,-0.0729039762842,0.130292206634,-0.229951261826,0.090668020802,0.226762337837,0.10658254209,0,-0.146378218494,0,0,-0.331658449447,0,-0.21910809395,0,0
2018-11-08,-0.0949964214903,-0.33595004881,-0.112294076935,0.148367470429,0,0,0,0.28213067455,0.359552376938,0.115325658346,0,0,-0.243058869854,0.0946238197367,0,0,-0.213700582911
2018-11-09,0,-0.322920323517,-0.125943081549,0,0,0,-0.136427755123,0,0.342239609578,-0.317254662653,-0.0974541771585,0.129796324009,0,0.198436287653,0.22858665627,0.100941122489,0
2018-11-12,0.21232180535,0.160931484558,0,0,0.215414867434,-0.192351745485,-0.176113140378,-0.151226015362,0,-0.253752409783,0.240483532595,0.170848310063,0,0,-0.226556688992,0,0
2018-11-13,0.131996954006,0.312527228179,0.212803366019,0,0.135279133845,0,0.207393317951,-0.140757646695,0,-0.28510506634,-0.149861518598,-0.386371902419,0,-0.0379038659472,0,0,0
2018-11-14,0,-0.366517295681,0.113484017957,0,-0.241093851101,0,-0.142196612941,0,0,-0.198003851786,0,-0.0521883884908,0.0987621405009,0,0.0399719801498,0.436151167586,0.311630693806
2018-11-15,-0.316607129471,0.303487797156,0,0,0.163789513694,0,0.124119898048,-0.446903045737,0,0.204628479252,-0.0707066542227,0,-0.0805499929081,0,-0.0852331776615,0,0.20397431185
2018-11-16,-0.246140208336,0.224594260093,0,0,0.104492141463,0,0.148405042904,0,0.360536567812,-0.179286525356,-0.260631780998,-0.133141916062,0,-0.180799569248,0,0.161971987728,0
2018-11-19,-0.364975736027,0.129748440101,0,-0.303091415053,0.236870134498,0.255684348156,0.248749814367,-0.0845245949612,-0.101516169232,-0.145892084726,0.128947262878,0,0,0,0,0,0
2018-11-20,0.276334206824,0.322448208131,0.076543980513,0,-0.153350209768,-0.149188336521,0,-0.196668371782,-0.365365317909,0.223625179669,0,0,0,-0.135427764019,0,0,0.101048424863
2018-11-21,0.16734737794,0,0,-0.356135694168,0.226504672348,-0.251728447476,0,0.153436229654,0,-0.133375125983,0.183032569251,-0.177994732071,0,0,0,0.269679150807,-0.0807660003009
2018-11-22,0,0.172806729443,-0.347521503515,0,-0.391453579257,0.21467791186,0.206234118135,0,-0.0503721414596,0.171941009921,-0.125935557302,0,0,0,-0.0847172184666,0,0.234340230641
2018-11-26,-0.360103025206,0,-0.0267314874539,0,0.1568785087,0,0,-0.356790661483,-0.214814892023,-0.0415599338343,0.216363010088,0.215311485449,0,0.307381529275,0,0.104065466488,0
2018-11-27,0,0.222337613513,0,-0.170705293508,0.357087701689,-0.104269701228,0.115461011184,0,0,-0.191144325778,0.19044256321,0,0,-0.401166611278,0,0.114671110403,-0.132714068207
2018-11-28,0,0,0,0,0,0.176912573375,-0.100271123718,-0.369648967994,0.164565788614,-0.140704852859,0.30567520619,0,-0.166689228951,0.203039602957,0,-0.222685826478,0.149806828865
2018-11-29,-0.152060315429,0.11042249592,0.0797504222462,-0.272279200706,0.285099665297,0.194403158778,-0.242123296074,0,0.330324257758,0,-0.190060412733,-0.143476775058,0,0,0,0,0
2018-11-30,0,0,0.27239530751,0,0.272478709593,-0.373307870455,0,-0.123430002028,-0.179948452842,0.165591176829,0.0966064890297,0,0,0,-0.153761116847,-0.169552557828,0.192928317038
2018-12-03,-0.0992381787493,0.16340242922,0,-0.147786871542,0.139804242373,-0.223960392415,0,0,0,0,0,-0.403465501248,0.266763936233,0.186314652102,0,-0.125549056046,0.243714740071
2018-12-04,0.130090336601,0,0.249847171531,0,-0.22645724614,0,0.114653346099,-0.106949900391,0,0,0,0.355424901821,-0.366925335065,0,-0.172306826387,-0.127360692017,0.149984243949
2018-12-05,0,-0.164586012314,0,0,0.100707394022,0.159613641742,-0.210423978398,0.450532100125,0.185444206287,-0.183624294833,0.103702657825,0,0,-0.182972452961,-0.258393261494,0,0
2018-12-07,0,-0.147175304235,0,-0.119243511347,0,0,-0.254455151652,0.0844044435499,0.149579592884,0.266043965571,0,0.0990819754394,0,0,-0.368074056285,-0.111051976481,0.400890022555
2018-12-10,0.139704717672,0,-0.156707989291,0.15321209076,-0.221867413402,0,0,-0.308305281648,-0.153856120884,0,0.293960842461,0.167456893407,0,-0.159263194774,0,0.2456654557,0
2018-12-11,0.151686139956,0.115085256488,0,0,0.354056511935,0,0,0.217873580191,-0.222628135876,0.161298511431,0,0,-0.320141200916,0,-0.0988899398048,-0.122142462827,-0.236198260576
2018-12-12,-0.116502678621,0.120136373537,0,0,0.173666257034,-0.326833666698,0,0.154845906413,0,0.131599316479,-0.142619954617,0,-0.097555101132,0.419752146536,0,-0.316488598932,0
2018-12-13,-0.362251842124,0,-0.126056087033,0,-0.155993005086,0.437355472033,0,0.0832534867297,0,0,-0.107456369272,0,0.208601452233,0.100265556279,0.170524032725,0,-0.248242696485
2018-12-14,0,0.0983056788432,-0.19132581871,0.175390092657,0,-0.210294769808,-0.201538810196,-0.175171505275,0.459096112383,0,0.182579083029,0,0,0.0846290330881,-0.221669096011,0,0
2018-12-17,0,-0.103092322804,0,0.0955724757744,-0.409260182946,0.0713700426921,0,0.365537583679,-0.329767187763,0.10399216209,0,0,-0.132686610593,0.363527735765,0,0,-0.0251936958939
2018-12-18,0.156412878301,0.296505927325,0.115455417635,0,0,-0.251589562287,0,-0.32606406131,0,0,-0.171989457785,0,-0.171256584179,-0.0791003344391,0,0.266604784678,0.165020992062
2018-12-19,-0.127674288198,-0.266526357263,0,0,-0.362742127111,0.12222676198,0.174207278124,0,0,0.0777360266257,-0.16430833072,0.258947246869,0,-0.0787488967068,0,0,0.366882686401
2018-12-20,0.192102018216,-0.18096737968,-0.303341606222,0.215398732714,0,-0.188133735941,-0.206990940138,0,0.101167868492,0,0,0,0.11407737171,0.377254008868,0,0,-0.120566338018
2018-12-21,0,-0.245554156526,0,0,-0.212023280731,0.0593908950852,0,0.380378490642,-0.240752950852,-0.161325896686,0,0.0631952673427,-0.140343715206,0,0,0.380378490642,0.116656856287
2018-12-24,0.184139512369,0,0,0.238653849434,0,-0.100530221157,0,0,-0.172948424577,-0.362979487627,0.100500685864,0.351362039319,0.125343913015,0,-0.0843383579749,0,-0.279203508664
2018-12-25,0.247452319729,-0.261220125435,-0.185963945389,-0.176840705258,0,0,0,0.194809027129,0,0.180504340487,0,0,0,0.302830056261,0.0744042563948,-0.165409545768,-0.210565678151
2018-12-27,-0.27956107165,0.166105432985,-0.164587348574,0,0,-0.123572806273,0.131579115566,0.273226885797,0.231107488808,0.197981076844,0,0,-0.198585185292,0,0,-0.233693588211,0
2018-12-28,-0.0692011483614,0,-0.11814646739,-0.587865705004,0,-0.0856048140389,0.175557234377,0,0,0,0.437730315008,0.0577076049603,-0.139181865205,0,0.0617946513158,0,0.267210194339
2018-12-31,-0.14656490942,0,-0.232459334059,-0.338210873225,0,0,0,0.21459784632,0.327421841515,0.117126875423,0.158558125961,0,-0.139850282155,0,0,-0.142914601141,0.182295310782
2019-01-04,0,0,0.178372789045,0,0,-0.327363563799,-0.0516450275849,-0.279737526684,0,0,0.155226696069,0.177899946334,-0.300684604461,0.340983857033,0,-0.0405692774698,0.147516711519
2019-01-07,0.184814488247,0.0954593216411,-0.098959891852,0,0,0.10689236221,0,0.235609467001,-0.122377725379,0,0,-0.60948670716,0,0.377224360901,0,-0.0858968881786,-0.0832787874297
2019-01-08,-0.105353538928,0,0.226435667812,0,0,0.212288369995,-0.109423933348,-0.413886176232,0.170803658946,0.130144253904,0,0,-0.0948151804915,0.260328049343,0,-0.276521171,0
2019-01-09,-0.400225908895,-0.0963528074851,0,0,0,0,0,0.124110635092,0.141959129498,0.266017497469,-0.145768879482,-0.189464632476,0,0,-0.168187771661,0.243478564922,0.224434173019
2019-01-10,-0.126751176217,0.24271241106,0.345716439562,0.265583397571,0,0,0,-0.399068819245,0.0811132519095,-0.127610040505,-0.163473404254,0,-0.183096559779,0,0,0,0.0648744998974
2019-01-11,0.372178030645,0,0.24560211708,0,-0.184643520641,-0.143901688169,0,0,0.113802696461,0,0.131054230142,0,0.137362925671,0,-0.22590583779,-0.154210772658,-0.291338180742
2019-01-15,0,0.180682876921,-0.243603603566,0.0672552882576,-0.122202150523,0,0,-0.450605712411,0,-0.0900978385625,0,0.106354320883,0,0.41071905252,0.234988461419,-0.0934906949372,0
2019-01-16,0,0.203020100481,0,0,0.14560812926,0,-0.300324469666,-0.156663016818,-0.134080194707,0,0.125571466908,0,-0.122137566746,0.440827935909,0.0849723674424,-0.286794752064,0
2019-01-17,0,0,0.226406171871,-0.363896521056,-0.194055771214,-0.117170632348,0,0.161092068126,0.243377572952,-0.189255413056,0,0.173936115285,0,0,-0.135621662326,0.195188071766,0
2019-01-18,-0.372883065717,0.192540061597,0.145656330618,0,0.167888770935,0.244764519372,-0.1765873785,0,0,-0.0861408031879,0,-0.271920175442,0,0.249150317478,-0.0924685771527,0,0
2019-01-21,0,0.185609092946,0,-0.0718263197335,0,0,-0.201677106468,0.182965082436,-0.295243101202,0,0,0,-0.351190050008,0.321836059603,0.177821777599,0.131767987416,-0.0800634225888
2019-01-23,0,0.141581221086,0.313682131484,0,0.16940764197,-0.249053779112,-0.141487187123,-0.118011851449,0,-0.185000579679,0.224852057056,0,0,-0.306446602637,0,0,0.150476948403
2019-01-24,0.186358987045,-0.22517055461,-0.139102133638,-0.202093294082,0,0.174369484039,0,-0.352656358058,0.181010779037,0,0.0934966369605,0.364764112919,0,0,0,-0.0809776596123,0
2019-01-25,-0.128747049403,0,0,-0.169383611072,-0.224768758362,0.308373448319,-0.123452784291,0,0,0.085574336124,0.292288562796,0.103739722685,0,-0.353647796872,0,0,0.210023930075
2019-01-28,0,0,0,-0.252422338784,0.1261062768,0,0.279072670031,-0.0629680944769,0,-0.284737601094,-0.259915103027,0.0954731772883,-0.139956862618,0,0.127846136639,0,0.371501739241
2019-01-29,-0.369383673968,0,0.104407963192,0,-0.381869006683,-0.0686266430462,0,0.278913680008,0,-0.119658492006,0,0.0786237623171,-0.0604621842973,0,0,0.458767101447,0.0792874930357
2019-01-30,0,-0.190509911186,-0.123540234843,-0.150911446326,0.0686555067736,0.425385898022,0,0,-0.190577331805,-0.344461075841,0.335676444281,0.103033035236,0,0,0,0.0672491156873,0
2019-01-31,0.195924143527,0,0,-0.324773052253,0,0.326909466199,-0.175850625182,-0.0260263102523,-0.114965467539,0.238072849455,0,0,0.118636711198,0.120456829621,0,-0.358384544773,0
2019-02-01,0,0,0.0941266248651,-0.13485624359,-0.361648933127,0.0750262851264,-0.298906674178,-0.0723335397205,-0.132254609385,0.35188843517,0.298325380584,0,0,0.180633274254,0,0,0
2019-02-04,0,0,-0.057637010995,0,0,0.192165191202,0,-0.148390477927,0.382141714014,-0.144151894923,0.140924119875,-0.287040498892,0.153701969763,-0.362780117263,0.131067005146,0,0
2019-02-05,0.0512090239143,0,0,-0.134808542803,0.444929087391,-0.363916392756,-0.14311713502,0,0.326125963445,0,0,0,-0.27623946741,0.0817075967421,0.096028328508,-0.0819184620104,0
2019-02-06,0,0.230611954182,0.115983905126,-0.487217052555,0,0.138898890501,0,0,0,0.0989902030788,-0.105838991639,-0.121150035424,0.415515047112,0,-0.123807090033,0,-0.161986830348
2019-02-07,0,-0.0811673267632,0.120673284727,-0.245460616889,0,0.375511825269,0.331816223598,0,0.0837910282759,-0.546690810737,0.0882076381302,0,0,-0.0809079942382,0,0,-0.0457732513727
2019-02-08,0.117011860605,-0.186500693348,-0.209886089148,0.353894634751,0.0848015738188,-0.227636016622,-0.175077748728,-0.200899452153,0,0,0,0,0,0.3633489134,0,0.0809430174251,0
2019-02-12,0.109803345836,0,-0.083711801562,0,-0.199562313523,0.206219809072,-0.210182664621,0,-0.219821167776,0,0,0,0,0.310583450297,-0.286722052519,0.113979972674,0.25941342212
2019-02-13,-0.0979745928978,0,0,-0.332326635159,0.192191112388,-0.213566713114,0,0.150832710605,0,0,0,0.246770762708,-0.110499394153,0.249445999476,0.160759414823,-0.245632664676,0
2019-02-14,0.0704140449958,0,-0.101605515453,-0.133197692684,0,0.238190246881,0.294573478247,0,-0.146422783386,0,-0.111481633492,0,0,-0.507292374985,0.0744264407526,0,0.322395789123
2019-02-15,-0.152200623272,0.141415739805,0,0,0.351962998024,-0.237834941299,0,0,0,0,0.0769518162075,0,-0.145224313326,-0.282450088695,-0.182290033409,0.232114446825,0.197554999138
2019-02-18,0,0.148043595743,0.195516807558,-0.161949764938,0,0.251060411597,-0.10792438489,0.214719279927,0.190659905176,0,0,-0.209217343073,0,-0.430053859025,0,-0.0908546480746,0
2019-02-20,0,0.0632876624584,0.407634711989,-0.0387012208771,0,-0.35454068643,0.0598523733865,0,0,-0.303705861064,0.103006285116,0,-0.15549913277,0,-0.147553098859,0.36621896705,0
2019-02-21,-0.0951416049143,0.241302614583,0,0.232238656654,0.151715161889,0,0,-0.372298025946,0,0,0.0595891182268,0,-0.0594673987249,-0.207773047681,0.315154448647,-0.265319922733,0
2019-02-22,0,-0.162232904439,0.111276907732,0.201792299864,-0.248224688071,-0.301340567293,0,0,0.333895270752,0,0,0.15468500819,-0.153089941227,0,-0.13511189897,0,0.198350513462
2019-02-25,0,0.365472929818,-0.197494701065,-0.364820441814,0,-0.123972164068,0,0.0421659583893,0.158423841158,-0.273808287781,0,0.0684643408166,0.365472929818,0,-0.0399044052726,0,0
2019-02-26,-0.136301916519,0.195955629618,0,0,0,0,0,0.119401870763,0.209987973955,0,-0.209475042236,0.119068351565,0,-0.317471124889,0.355586174099,-0.0867732396386,-0.249978676718
2019-02-27,0,0,0,-0.101476593837,-0.251465227759,0,-0.281160863586,0,0.326781671109,0,0,0.133967572511,0.0954106427931,0.133379100038,-0.283000992429,-0.0828963223892,0.310461013549
2019-02-28,0,0.116424504926,0,0.318368100749,-0.357881077605,-0.10123074369,0.233908021209,0,-0.275826033287,-0.158016281011,0.196619969151,0,0,-0.107045864407,0,0.134679403965,0
2019-03-01,0.117962905679,-0.137695807098,0,0,0,-0.118288951308,-0.352495504229,0,0.19540213958,-0.128924462589,0.376288250963,0.149616029897,0,0.160730673881,-0.262595274776,0,0
2019-03-04,0.193307303283,-0.158204280151,0,-0.237500810973,0,0,-0.259414813138,0,-0.239292564351,0.256003596721,0,0,0.140574864268,0.146086883607,0,0.264027352121,-0.105587531387
2019-03-05,-0.164035653914,0,0.154389311023,0,-0.401676643566,0.40579691357,0,0,-0.179882630587,0.0393141469205,0.250775795404,0,-0.0934334784591,-0.160971593474,0,0,0.149723833082
2019-03-06,0.220717333581,0,0,0,0.363116423925,-0.147235249702,-0.27217746903,-0.152034046023,-0.183166885842,0.131350049081,0.142560772839,0,-0.245386349403,0,0,0,0.142255420574
2019-03-07,0,0,0,0.317703879828,-0.306426468496,-0.230214031448,0.214979629863,-0.105490512205,0,0.202716423297,0,0,0.15883375362,-0.135613179657,-0.222255808194,0.105766313392,0
2019-03-08,-0.085184283396,0,0.323293835592,0.0717138091079,0,0.396738538085,0,0,-0.24105308929,0,0.135960611707,0,-0.1161071988,-0.346955114901,-0.210700313614,0,0.0722932055083
2019-03-11,0,-0.0445112752624,-0.200013034011,-0.260418185032,0,0.0806077797534,0,0.391647973134,0,-0.2679978531,0.0817039233886,0,-0.227059652595,0.359702828831,0,0.086337494893,0
2019-03-12,0,0,0.238727998082,0,-0.0865599967668,-0.0794215265492,0,0,0.237131547777,0,-0.363816488853,0.0687365376085,0.253578750206,0.201825166327,-0.160600464152,0,-0.309601523678
2019-03-13,-0.150257160933,0.0677069672066,-0.325894673032,0.372177853825,0.0596555730929,0,0,0,0,0.211610480993,0,0.288849124883,-0.294503228284,-0.0855636333072,-0.143781304444,0,0
2019-03-14,0,-0.35779872823,0,-0.0890784725724,0.369093979042,0.122905728653,-0.125553091553,0,0.116797437118,0,-0.176258114384,0,0.111396834085,0.279806021103,0,-0.25131159326,0
2019-03-15,0,-0.308020120201,0,0,0.167357058536,-0.12104968895,-0.269558853891,0,0.355449300684,-0.0998197888841,0,0.210717088205,0,0.136758658828,0,-0.201551548074,0.129717893748
2019-03-18,-0.137389841627,0,0.162645431838,-0.266390645359,0,0.141534359852,0,-0.132740799335,0.292273112451,-0.319901580488,0,0.177066378369,0,0.226480717491,0,-0.143577133191,0
2019-03-19,-0.127455208826,0.141262575885,-0.38072566269,-0.153259458207,0.109534941205,0,0,0.308666167708,0,0.254479763947,0,0,0.186056551255,0,0,-0.156135234983,-0.182424435294
2019-03-20,-0.0364033119882,0,0,-0.0144949768831,0.272236205373,0,0,0,0.200919230716,0,-0.338042252931,0,0.240747537204,0.1122823522,0.173814674507,-0.311239332998,-0.299820125201
2019-03-22,0,0,0,0,0.383609062351,0.129190012248,0,-0.437048126205,0.174593966836,0,-0.096685523507,0,-0.0997865810014,0.1642767628,-0.152741403988,-0.213738365298,0.148330195765
2019-03-25,0,0,0.0485583059475,0.216258635129,0,0,-0.216053731276,0.236370406046,0,0.156819344066,0,0.341993308812,0,-0.21941570024,-0.249649865759,-0.200289875685,-0.11459082704
2019-03-26,0,-0.0962517535605,-0.285713145217,0,0.330083884976,-0.357605045767,0,0,-0.063833702141,0.0665726250366,0,0.15164230714,0,0.184574372634,0.267126810213,-0.196596353314,0
2019-03-27,0,-0.0406929562903,0.147920367169,-0.0333766151605,-0.0829049695886,0,0.0371857219539,0,0,-0.321704192251,0.0304567204735,-0.52132126671,0,0.643174183349,0,0,0.141263007054
2019-03-28,0,0,-0.101764161002,0,0.234077796221,-0.240992770244,0,-0.425986467571,0.144329666197,-0.158978334222,0.0857031920575,-0.0722782669608,0.379507852055,0,0.156381493469,0,0
2019-03-29,0,0.186628683796,0,0,-0.330191495927,0,0,-0.109773976103,0,-0.155920427508,-0.222906905658,0.135782251598,0,0.216773740758,-0.181207194803,0.351307387859,0.109507935989
2019-04-01,-0.144180326136,0,0,-0.310973781533,0,0.185602111908,0.167668119572,-0.301493461581,0,0,0.118973610413,0.366292318105,-0.11303054128,0,-0.130321889469,0.161463840003,0
2019-04-02,0.38619900395,-0.196853330264,0,0.330276729025,0.0759456758458,-0.233424251674,-0.287789737263,0,0.0735667620869,0.134011829092,-0.125056312518,-0.156876368281,0,0,0,0,0
2019-04-03,0,-0.0818050331053,0.158948709792,0,0,-0.133557582113,0,-0.42960134807,0,0,0.124570530932,0.268327642347,0.203540356428,-0.0963372138878,0,-0.258698822825,0.244612760501
2019-04-04,-0.17180810649,0.0903049944803,-0.232101694188,0,0.118198553242,0,0.208033171529,-0.209308677228,-0.219821586416,0,0,0.39310216019,0,-0.166959935678,0,0.190361120559,0
2019-04-05,-0.0897860847697,0,0,0,-0.355086755866,0.435740623438,0.195793599326,-0.23232724472,-0.134994023931,0,-0.187805890714,0,0,0.0760157904674,0,0.227163705098,0.065286281671
2019-04-08,0.338014714569,-0.334492255172,0,0,-0.158842835666,0.103945621733,0,0.0391527540824,-0.142591356354,-0.110352191754,0.0178917900903,0,-0.253721361054,0.500995119526,0,0,0
2019-04-09,0,0,0.25298559505,-0.0899990874918,0.102752664761,0,-0.3157822041,-0.105607971158,-0.353825007377,0,0,0.374242955488,0.0711031021823,0.198915682518,0,0,-0.134785729873
2019-04-10,0,-0.100372134097,0.113468578293,-0.283905011798,0,-0.181355436118,0,0.10526785969,0,0,0.0457860819669,0,-0.107380895185,0.367738740025,0,-0.326986522802,0.367738740025
2019-04-11,0,0.254026477212,0.0911373389317,-0.117633771213,0,0,-0.240794483884,0,-0.288880172789,0,0,-0.145299747089,0.259827529655,0.258521675968,0.136486978234,-0.207391825025,0
2019-04-12,0,-0.0751415244347,0,0,-0.356287868599,0.228270735334,-0.0605258334602,0,-0.33028127513,-0.177763498375,0.294660067725,0.111069578786,0.175068928582,0.190930689572,0,0,0
2019-04-15,0,0,0,0,-0.146660355171,0,-0.171104572636,-0.379308380229,-0.17041686262,-0.132509829344,0.228527813327,0.223834764914,0.218111612933,0.213431844852,0,0.116093963973,0
2019-04-16,0.0641896001747,0,-0.11022977603,-0.147122599853,0.339433175459,0,-0.222575293197,0,0.0953280485899,-0.373032224111,0,0,0.33095848179,0.170090693987,0,0,-0.147040106809
2019-04-17,0,0.192505266679,0.263360072639,0,-0.383339183666,0,-0.0918828895252,-0.186182887813,0,0.233329771701,0,0.158267863873,0.152537025109,-0.252635507784,0,0,-0.085959531212
2019-04-18,0,-0.205577747829,0.123060786554,0,-0.44551834839,0,-0.0919282946055,0,0.115948325062,-0.0829605052734,0,0.110233556672,0,0.267336552427,0,0.383420779286,-0.174015103902
2019-04-19,0,0,0.230645015054,0,-0.158653786065,0.16327525804,-0.0972320892857,0,0.134078863838,-0.332183214409,-0.231584538605,0,0,0.276225733122,-0.180346371636,0.195775129946,0
2019-04-23,0,0.352367073863,-0.210097262124,0,0,0,-0.164983033576,0.311105435743,0,0.136494020059,-0.111768511632,0.120924199278,0.0791092710564,-0.180701142276,0,0,-0.332450050392
2019-04-24,-0.151501143687,0,0,0,0.149733075932,0.369354162724,0,-0.289318916803,0.0881935037939,-0.144631816007,-0.0651445172891,0,0,-0.349403606213,0.227759911557,0,0.164959345993
2019-04-25,-0.0442721441821,0,-0.0605648478369,0,0,0.180036685308,0.392996126554,0.128299685302,0.214462648772,-0.372440568823,0,0,0,-0.372440568823,0,-0.150281870334,0.0842048540642
2019-04-26,0,0,0,-0.141148488656,0.220762823861,-0.215730916057,0,0,0.357938899379,0.067262320337,0.123973118116,-0.330173879127,-0.180271722439,-0.132674993722,0,0.230062838307,0
2019-05-07,0.0837330910833,0.0641084200108,-0.168787304149,0,0.178135184838,-0.276653516275,-0.175736538452,0.431991949744,0,0,-0.0955247578137,0.242031354324,0,0,0,-0.283297883311,0
2019-05-08,0.309482825563,0,0,0,0,-0.298661067861,-0.130578677445,0,0,-0.158489749136,0.0996338768253,0.0619790656696,0.175151994425,0.353752237517,-0.249630208314,0,-0.162640297244
2019-05-09,0,0,0,-0.15452910961,-0.143514168905,-0.186616676449,0,0,0.186709248056,0,-0.351772337453,0.396549313541,0.147856507141,-0.163567707583,0,0.0676659902049,0.201218941057
2019-05-10,0.37831059679,0,0,-0.114683469403,0,-0.21663648437,-0.234275087176,0.321189352976,-0.3012568384,0,0,0.10429885119,0.0558071658377,0,0,-0.133148120651,0.140394033206
2019-05-13,0,0.0716901966666,-0.113078798231,0.239828816473,-0.120230915007,-0.328263632535,0,0.312677928217,0,0.207259082126,0.168543976518,-0.262425926086,0,0,0,-0.17600072814,0
2019-05-14,0,0,0.267216522093,-0.233393382729,0,0,-0.0664907487324,0.149688037645,-0.26786924017,0,0.17501665571,0,0.149648327521,-0.199530959511,0,-0.232715668858,0.25843045703
2019-05-15,0,0.163121240446,-0.248611950583,-0.194415796941,0.432292025663,-0.205458614239,0.121252548116,-0.220135690241,0.110939203061,0,-0.131377947996,0,0,0.172394982714,0,0,0
2019-05-16,-0.197424056776,0,0,0.0943780146828,0.261213062587,0,0.100314807886,-0.292709125797,0.225594700144,0,0,-0.230537377818,0,-0.139453877568,0,-0.139875562041,0.3184994147
2019-05-17,-0.168881131013,-0.156182417743,0,0.16264884259,0,0,0.286860680118,0,0.132751500888,-0.232482240054,0,0,0.0880458022199,0,-0.17611271665,0.329693174185,-0.266341494539
2019-05-20,-0.122798571923,-0.0670088568272,0,-0.0783228599054,0.289791897383,-0.365934855672,0,0,0.116387911146,0,0.12053415929,0.151530931365,0,-0.365934855672,0,0,0.321755100816
2019-05-21,0,0.117702876745,0,0.281388042971,0.089617665234,-0.153037975328,-0.0914976413657,0.342478115691,0,-0.136268225005,0,-0.449453417849,0,0.168813299359,0,0,-0.169742740453
2019-05-22,0,0.131419486585,0.153071763194,0.20767174006,0.344025264403,0,-0.111130288282,0.163811745758,0,-0.345026366938,-0.119777927305,-0.135460604513,0,0,0,-0.288604812962,0
2019-05-23,-0.293247957143,-0.109094335314,0.204364707558,0,0.181556564918,-0.322659652518,0.216229145984,-0.11597512455,0,0.315598701485,0,0,0,0,0.0822508800551,-0.159022930474,0
2019-05-24,0,-0.148493707488,0,-0.192480386913,0.222265819573,-0.314263405031,-0.199034980253,0.198454917108,-0.145727520315,0,0,0,0.304790159769,0.0922558872547,0,0,0.182233216295
2019-05-27,0,0.0858403711068,-0.146744744495,0.0798371918488,0,0,0,0.0750709059722,0.679650344231,-0.355465880272,0,0.0796011868414,0,0,-0.0886112944435,-0.177155825306,-0.232022255483
2019-05-29,0.134555610038,-0.165982023681,0,-0.196715473163,0,-0.245531420657,0,-0.217907910869,0,0,0,0.416546913131,-0.17386317163,0.208788001341,0,0.123424900659,0.116684574832
2019-05-30,0.316767307598,0,-0.240698947098,-0.156532977676,0.0462430451208,-0.262625158089,0,-0.196886869552,0,0,-0.143256047586,0.219017401288,0.0776042922844,0.340367953708,0,0,0
2019-05-31,0,-0.0801232366454,0,-0.0864686417394,0.161542084561,0.106720647893,0,-0.35268069874,0.186067325372,0,0,0,0,0.427343342883,-0.335274374524,-0.145453048351,0.118326599291
2019-06-03,0.248165625011,0,-0.192741759191,0.20144676948,0.236205901368,-0.339087359989,-0.12084097193,-0.165075354198,0.160085967418,0.154095736724,0,0,0,0,-0.182254554693,0,0
2019-06-04,-0.136131070723,0.0692823657801,-0.112608267943,0.0704108803752,0,0,0.232568766762,0.374155286941,-0.239838183468,-0.276944798783,0,-0.234477679083,0,0.253582700142,0,0,0
2019-06-05,-0.282703816503,0,0,0.197418449912,0,0,0,0.148157536863,0.189066437794,-0.150424181647,-0.17084250143,0.376627957783,-0.243220245839,0.088729617648,-0.152809254581,0,0
2019-06-06,0,0,-0.088148031352,0,0,-0.0513039275041,0,0.2226836766,0.329986467353,-0.139434269572,0.153957290269,-0.34499836909,0,-0.376115402482,0,0.127527569037,0.16584499674
2019-06-07,0,-0.0916152255752,0.148357020143,0.130145586583,-0.0503777348848,0,0.33722799223,0,0.20538193456,0,0.178887466483,0,-0.284508071401,0,-0.0960618582342,-0.477437109905,0
2019-06-10,-0.142170935127,0,-0.191385657354,0.251336711029,0,0,0.175461518713,0.286498965077,-0.16678767372,0,-0.20077062424,-0.298885109559,0,0.201701804661,0.0850010005189,0,0
2019-06-11,0,-0.0584134264103,0,0,0.13717989719,0.176730175385,0,-0.407480916606,0.287491950471,0,-0.0904531074454,0,-0.0795267284544,0,0.272315053512,-0.364125821084,0.126282923442
2019-06-12,-0.211911760797,0.229688288803,0,-0.363378042554,0,0,0.0583733941381,-0.173124934165,-0.183911067801,0,-0.0676741946826,0.349058200804,0,0.0765225677079,0,0,0.286357548548
2019-06-13,0,0,0,0.174042768687,0.0829166690646,0.186999327691,0,0.382046893397,-0.223963532321,-0.227798003936,0,-0.141162089345,0,-0.190948786523,-0.216127587874,0.173994341161,0
2019-06-14,0.351039703781,0,0.179627753453,0.247510195796,-0.202403080323,0.142756099195,0,0,-0.165996315811,0.0790662477754,-0.242536932446,0,-0.231176313249,-0.15788735817,0,0,0
2019-06-17,0,0,-0.105374903743,-0.269367235765,0.0792468095752,0,-0.189412130029,0.302293209878,-0.290935000535,-0.144910729928,0.182297434875,0.378765032473,0,0,0,0.0573975131991,0
2019-06-18,-0.272854325147,0.171643171263,0,0,-0.162870109883,0,-0.332262974825,0,-0.124903437979,0.189902890929,-0.107109152165,0.355619409307,0,0.040077466888,0,0,0.242757061612
2019-06-19,0,0,0.302768378418,0.145201494302,0,0.127825111492,-0.173934738959,-0.21293239785,0.171044959012,0.253160056776,0,0,-0.220390775155,-0.175120743743,0,0,-0.217621344293
2019-06-20,0,0,0.190335481597,0,0.381202935611,0,-0.112119170146,-0.244445924345,0.30727128375,-0.283759512115,0,-0.161145190074,0.0698509671289,0,0.0513393319139,-0.19853020332,0
2019-06-21,-0.135035972792,0.215463059035,-0.139016716177,0,0.261399765353,0.0867393000603,-0.358017900791,-0.144329078284,-0.223600331956,0,0.0702205756289,0.366177299923,0,0,0,0,0
2019-06-24,0.0831651261257,0,0,0,0,0.136138385715,-0.185997820189,0,0.150932844422,0.22954196477,-0.0880666300776,0,-0.145689983371,0.400221678968,-0.205749460737,0,-0.374496105626
2019-06-25,0,0,0.11105739559,0.0883070740264,-0.422763399286,0,0,-0.173821470565,0,0.196431089944,0,0,0.280397892204,0.323806548235,-0.144444993493,-0.0942399417999,-0.164730194856
2019-06-26,0,-0.137809374513,0,0,-0.210548461881,0,0,0.158537768479,-0.230497310505,0,0.0980958600055,0.35589729015,0,0.284528222213,-0.161394152118,0.102940859152,-0.259750700983
2019-06-27,0.270516567513,0.113242107625,0,-0.172990354751,-0.262468814391,0.353505481576,0,-0.311477928096,0.150936340754,0.111799502533,-0.152196770208,0,-0.100866132554,0,0,0,0
2019-06-28,0,-0.165132863304,0,0.143275341027,-0.123301920109,0.249877544585,0.175539634446,0,0,0,0,0.172545965262,-0.167421911842,-0.461415995789,0,-0.0827273089568,0.25876151468
2019-07-01,-0.269053275551,0,0.192629392779,-0.21610152132,-0.195923203279,-0.189799242799,0.291201437256,0.373154582184,0.0766381909667,0,0.0663763968146,0,0,0,-0.129122757052,0,0
2019-07-02,-0.168490713889,0,0.211564653752,-0.350213091651,0,0.12654030239,-0.212894012733,0,0.32294270187,0,0.0895220769897,-0.177620463206,0,0.249430264999,0,0,-0.0907817185199
2019-07-03,-0.203442510825,0,0.150469619138,-0.202188953266,-0.102482897273,0.165663934268,0,0.180389830449,0,0,0,0.254529884532,-0.116384995151,0,0,-0.375500643484,0.248946731613
2019-07-04,-0.323431614052,-0.0340574897958,0.215561202326,0,0,0,0,0.316050930337,0.227342838351,0.124528806622,0,-0.234824135106,0,0.116516222363,-0.151305270697,-0.256381490349,0
2019-07-08,-0.292356751099,0.205609416449,0.176865054803,0,0,0,-0.0739498959117,0.148139766356,-0.355944514517,-0.171284380255,0.35147821408,0,-0.106464458217,0,0,0.117907548311,0
2019-07-09,-0.175743880916,0,0,0.353175725447,0,0,-0.192838487589,0.0820665884638,-0.0844735406586,0.105726742116,0.105855218525,0.353175725447,0,-0.388251522205,-0.158692568631,0,0
2019-07-10,0.150048254276,-0.222862934814,0.156148237205,0,0,0,0.265648484079,0,-0.19467023482,0,-0.203497880843,-0.144512394854,-0.234456554669,0,0.118658458049,0.30949656639,0
2019-07-11,-0.166184424461,0.124734071502,0.364970979987,0,0,-0.0345886945093,0,0,-0.286613017206,0.219152241065,0.158556510064,0,0,0.132586197382,-0.208243193034,0,-0.304370670789
2019-07-12,0,0.209518234712,0,0,-0.0986227709828,0.179314834655,-0.114179719357,0.429195155586,0,0,0,-0.323720311395,0,0.0689387013331,-0.166065689548,0.113033073714,-0.297411508717
2019-07-16,0.129866963253,-0.143042164679,0,0,0.0972157853662,-0.377395313958,-0.111323577914,0,0.2955512391,0,0,0.29543608034,0,0,-0.227326080097,-0.140912863353,0.181929931942
2019-07-17,0.129660319196,-0.219060369682,0.129792415208,0.354530294435,0,0.158638224506,0,0,0,-0.134618550372,-0.211382615799,-0.325826919167,0,0,-0.109111544981,0.227378746654,0
2019-07-18,0,-0.156512826234,0,-0.343103397323,0,-0.138620311947,0,0.215925807535,0.194791760939,-0.0842656173192,0,0.09538059294,0,0.376236708719,0,0.117665129866,-0.277497847177
2019-07-19,-0.295517418796,0,0,0.397933572583,0.181378783977,0,0,-0.074811516424,0.129785122804,-0.0806305014151,0,-0.439700505663,0.095943112293,0.194959408342,0,-0.109340057702,0
2019-07-22,0,0.137946729206,-0.0782154708604,-0.265247383817,0,0,0.144644800134,-0.117143388288,0.151326455344,-0.409164667983,-0.130229089052,0.37360854577,0,0,0,0.192473469546,0
2019-07-23,0,-0.27714557681,0,-0.0923583561396,0,0.330911269293,-0.223004729203,0.151040207302,0.126349399698,0,0,0.276025144748,-0.317887064934,-0.0896042729133,0,0.115673978959,0
2019-07-24,0,-0.189032855876,0,0,0,0,0.222282172731,0.162033866705,0,-0.340277738032,-0.116761441824,-0.206564086377,0,0.141695522643,-0.147363877891,0.123119545939,0.350868891982
2019-07-25,-0.0575590685417,0.286787895223,-0.246928016161,-0.486983126024,0,0.19894582697,0,0.17158172185,0.141839193015,-0.143843629671,0,0,0,-0.0646861596017,0,0.200845362942,0
2019-07-26,0.106402101339,-0.21840584346,-0.143918716601,-0.14911659225,0,0.199690731743,-0.28702245891,0,0.152398010383,0,0,0.251997291571,0.289511864963,0,-0.201536388779,0,0
2019-07-29,0,-0.0801388862587,0.292114849974,0,0,0,-0.159409570443,0.363646805611,0.0823882004541,0.123921946615,-0.14830376117,-0.482282938707,0,0.137928197346,-0.129864843421,0,0
2019-07-30,0,-0.131784725655,0,0,0.24988151402,0.360493535725,-0.207487659088,-0.352954523205,-0.171313707187,0,0,0.104461503176,-0.136459384866,0,0,0.100137421449,0.18502602563
2019-07-31,0.191333205215,0.211241800012,0,0,-0.185122745278,-0.185476887885,0,0.324396911498,0.162168756941,-0.315739800961,-0.172017324777,0,0,0,0,-0.1416432411,0.110859326333
2019-08-01,0.0826689005852,0,-0.150723970011,0.333595994837,0,0,-0.144433996785,0.255344171618,-0.17742509802,-0.162650173614,0,0.196992860902,0,-0.364766761569,0,0,0.131398072057
2019-08-02,0,0,0,0,0,-0.21046539239,0,0,0.312112922676,-0.148761639446,0.129463034055,0.347057832307,-0.127828739675,0.0923541553762,-0.223126621758,-0.28981760673,0.119012055585
2019-08-05,0,0,0,0,0.17516610701,-0.254276566125,-0.350119950186,-0.149918000507,0.142691773895,0.259578981421,0,0.270306431789,0,-0.0888296457286,-0.156855837454,0,0.152256705886
2019-08-06,-0.158881829296,0,0,0,0.176459606915,-0.191871362064,0,-0.181299956887,0.361537732299,-0.314256098097,0.215513280128,0.0721639035825,0,-0.153690753655,0.174325477076,0,0
2019-08-07,0,0.168259740012,0,-0.0638353039853,0.24822027195,0.166479762948,0,0,0,0.14119772854,0.27584249655,-0.642310214412,-0.0932223072274,0,-0.125198583419,-0.0754335909563,0
2019-08-08,0,0,-0.09094494078,0.0815472264937,0.0882011447716,0,0,0.468725708996,0,-0.274007028416,-0.117025403751,0,0,-0.443057394464,-0.0749652325897,0.069978702415,0.291547217323
2019-08-09,-0.0631181966062,0,0.193300257112,-0.156093564754,0.186797261542,0,-0.117281520858,-0.601153521824,0.267937298683,0.163854888111,0,-0.0623531959568,0,0,0,0.188110294553,0
2019-08-13,0.390670150211,0,0,0.0578948459842,-0.164011020138,0,0.082352010073,0.204551863307,0.264531130425,-0.189382172771,0,0,0,-0.229450455755,-0.213864668135,-0.203291683201,0
2019-08-14,0.135381851984,0,-0.149498817211,-0.258706567264,0,0.164375948172,0,-0.329276084789,0,0.274533459829,0,0,0,0.131100727393,-0.131672178588,-0.130846352148,0.294608012622
2019-08-15,0,0,0.0764648901156,0.0690767899206,0,-0.178719465244,-0.192267735519,-0.221985114732,0.213030777037,0,0,0.302944540693,-0.249643827597,0.338483002234,-0.157383856909,0,0
2019-08-16,-0.213877715637,0,0,-0.111078619509,0.191986428886,0,-0.219964709371,0.383517660698,0.114202691303,-0.250859234172,0.166255343046,0,-0.204219721311,0.144037876067,0,0,0
2019-08-19,-0.0758920805065,0,0,-0.203714475836,0.155338814208,0,0,0.262200508631,0.277235963448,-0.0791192167674,0,-0.283865100236,0,-0.357409126654,0,0.177867339314,0.127357374399
2019-08-20,-0.260452928222,0.29035447366,-0.156132374167,0.115932027777,-0.181121388438,0.218513418081,0,-0.118232818506,-0.284060490668,0.187447127643,0,0,0,0.187752952838,0,0,0
2019-08-21,0.259684015897,-0.1171812162,0,0.127087721856,0,0,-0.36459760015,0,0.354072625604,0,0.173535612058,-0.187476763849,-0.235898387697,0.0856200245852,0,-0.0948460321042,0
2019-08-22,-0.398045989569,0,-0.0387624447603,0,0,0,0.190723883404,0.0918773920233,0.423009322001,0,0.183323539279,0,-0.0202827869012,0.111065863293,-0.318909126619,-0.223999652151,0
2019-08-23,-0.177122187285,0,-0.143716819054,-0.128637344591,0,0,0,0.166709130362,0.188699946767,0.107067214868,0.130214985267,0.407308722736,0,-0.356337721189,0,-0.194185927881,0
2019-08-26,0,-0.288480749344,0.105599939651,0,0,0,0,-0.150361516014,-0.112883847166,0.15631249387,0,0.243521349794,0,-0.157765275939,-0.290508611537,0.391009769131,0.103556447554
2019-08-27,-0.103391615846,0,0,-0.173807232137,0,0,0,0,-0.139737443844,0,0.351335999476,-0.230748532415,0.187953658976,0.273986385888,0.0641669211846,-0.352315175758,0.122557034476
2019-08-28,0.211926768412,-0.153395510175,-0.18739599212,0,0.16035293158,0,0,0,0.213298414352,0.301605365132,0,0.112816520525,0,-0.462356017842,-0.081694266338,-0.115158213526,0
2019-08-29,0,-0.163270870232,0.154802423824,-0.107096469143,0,0.133572674601,0,0.353179389824,0,-0.147467494147,-0.213884522857,0,0.187335152524,0,-0.368280643622,0.171110359226,0
2019-08-30,-0.118575072576,0,0,0.273973565895,0,-0.0991015841054,0.116315398278,-0.250527149767,0,0,0,0.217649014494,-0.290174764217,0.111584667989,0,-0.241621429334,0.280477353344
2019-09-02,0.153216622763,0,0.0992799187204,-0.239588300536,0,-0.0761785393414,0,0,0,-0.208581380308,0.058864865477,0,-0.161200758218,-0.314451021596,0.357465657776,0,0.331172935263
2019-09-04,0.0760030009682,0,0,0.0875829271057,0,-0.104313749645,-0.120047529206,0,0,-0.359817196894,0.336152213957,0,0.135300655229,0,-0.189410379849,-0.226411144405,0.364961202741
2019-09-05,0,-0.109105929229,0.318979715643,-0.25516529577,-0.132524432692,0.192123981244,0,-0.199062193277,0,0.214838713787,0.105126116899,0,-0.304142149032,0.168931472428,0,0,0
2019-09-06,0,0.0855989489227,-0.146483806857,0,0.134939718228,0,0,-0.138716796595,0,0,0.214464665255,-0.399526181265,-0.137568372185,0,0.230031084268,-0.177704843099,0.334965583326
2019-09-09,-0.298856445994,0,0.238255293574,-0.0459003774185,0,0,0.123096538713,0,0,0.229596303998,0.196636915772,0.212414947944,-0.0677340454138,-0.469117303136,0,-0.118391828038,0
2019-09-10,0,0.260060834276,0,0,0,0.144739985921,-0.0884000667243,-0.336517229163,-0.24653844196,-0.269717712265,-0.0588265498875,0,0,0,0.0974667251866,0.230349817091,0.267382637525
2019-09-11,-0.193043568593,0,0.187644611615,0,0.214079597723,0,0.103880760916,0,-0.111157824584,0.183893000864,0,-0.185080644579,-0.14695623699,-0.363761725255,0,0.310502028882,0
2019-09-12,0.165047951954,0.165910579211,0,0,0.216179670848,0.190916058693,0.261945739294,-0.36565606597,0,-0.322810579324,0,0,0,-0.192790896102,0,-0.0753719231957,-0.0433705354084
2019-09-13,0,-0.256842087808,-0.100041679761,-0.364305746416,-0.106861803714,0,-0.171948682301,0.506896144457,0.43572622913,0,0,0.00943340495679,0,0,0.039530809305,0.00841341215162,0
2019-09-17,-0.171658526073,-0.0501583611291,0,0.172584699599,0.247484272611,0,0,0,-0.190561596923,0,0.166405382882,-0.185842573372,0,-0.401778942503,0.166435093376,0,0.247090551532
2019-09-18,-0.365466053065,0.206850154041,0,-0.191297272685,0,-0.220080992374,-0.109846825654,0.21823341046,0,0,0.0615092250291,0,0,-0.113308856223,0.161587279891,0,0.351819930578
2019-09-19,0,0,0,0.25895537599,0.265617610216,0,-0.0555434848269,0,-0.0836384914119,0.0906806660988,0.157569042885,-0.51336494419,0.227177304811,0,0,-0.301543384517,-0.0459096950538
2019-09-20,-0.217770010518,0,0.211708320277,-0.200628607308,0,0.267884299369,0,0.141111711291,0.250199035738,0,0,0,0,-0.321946035372,0.129096633325,-0.10732096617,-0.152334380633
2019-09-24,-0.241604808106,0,0.217539693841,0,-0.136751451679,-0.168226392546,-0.0888172080165,0,0.171476660331,0,0.192583041554,-0.364600139653,0,0.194211514686,0,0.224189089587,0
2019-09-25,-0.266296141964,0,0,-0.174880695874,-0.182375080981,0.21894973244,-0.207362731709,0.302560614809,0,-0.169085349473,0.129450442694,0,0.325727302454,0,0.0233119076028,0,0
2019-09-26,0,0.160703912024,-0.166254662498,0,0,-0.148252187079,-0.179248316592,-0.114819714978,0,0.277763318298,0,-0.391425118853,0.163635770187,0.268952081918,0,0,0.128944917573
2019-09-27,0.0520169121001,-0.396843280793,-0.129604012182,0,0,-0.14671788046,-0.150838680318,0,0.120710896864,0,0.0688735444747,0,0,0.486304819981,-0.175996146247,0,0.27209382658
2019-09-30,0,0.173120274947,-0.0970465210701,0.142988729887,0.413303904453,0,0,-0.216754151839,0,-0.279648831972,0,-0.128217244405,0,0.169054748511,0,-0.278333250713,0.101532342202
2019-10-01,0,-0.178975538957,-0.286477361208,0,0.210562444511,0,0,0,0.161948008284,0,-0.111204964232,0,-0.200291083901,0.178912784606,-0.223051051701,0.236096526863,0.212480235736
2019-10-02,0,0,0,-0.405503553344,0.144847591579,-0.119531314492,0,0,-0.280625907772,0.197565813445,0,0.446543220144,0,0.120530533402,-0.0990602265616,-0.0952789978305,0.0905128414299
2019-10-03,0.317935492155,-0.0871261752827,-0.11251869121,0,0.196700508158,0,-0.298633709139,-0.227628391225,0,0.130960430333,-0.274093033144,0.22547853132,0.128925038035,0,0,0,0
2019-10-04,-0.315628203503,0.208352691795,0.106772349119,0,0.338954012172,-0.201953637541,-0.157939720633,0,0,0,0.135511458487,0,-0.17909679295,0,-0.145381645373,0,0.210409488426
2019-10-07,0.154465070448,-0.0941058882228,0,0,0.246166680144,0,-0.119080799481,-0.156080539084,0,0.194892628686,0.183766545451,-0.374580919707,0,0.220709075272,0,0,-0.256151853505
2019-10-08,0.139215761835,0,0,-0.26604006192,0,-0.148405906839,0,-0.117262232615,0.217338701413,-0.36550486055,-0.102786938076,0.262923679003,0,0,0,0.215382060027,0.165139797722
2019-10-09,-0.356653416233,0.184191728242,0.123376421491,0,0,-0.163836102181,0,0.350812188473,-0.164531373825,0.197592729928,0,-0.18938503917,0.144026931865,0,-0.125594068591,0,0
2019-10-10,0,0.137508138054,-0.0896868151891,-0.257781175676,0.102745329515,0.112254806588,0,0,0.363568826403,-0.0667301848041,0,-0.354865883061,0,0,-0.23093594127,0.28392289944,0
2019-10-11,-0.107739867745,0.180631241042,0.229581629352,0,0,-0.201075871005,0,0,-0.206442445833,0.127330464725,0,0.234948984764,-0.0647161198317,-0.420025695585,0.227507680117,0,0
2019-10-15,-0.17642772113,0,0,0,0,0,0,-0.245365444504,0.364280256807,0.0908009560097,0,0.305382835997,-0.22776796567,-0.231258662338,0.131973471138,0.107562480048,-0.119180206357
2019-10-16,-0.0953712043175,0.223171962263,0.189137229071,0,0,-0.0347533477622,0,0,0,0.237152990714,-0.0839393280456,-0.378625594873,0,-0.407310525002,0,0.150661657832,0.19987616012
2019-10-17,0.181061942989,-0.379605464145,0.146826260114,-0.0579277935207,0,0.364300762302,-0.151155503666,0,-0.278200386907,0,-0.133110851761,0,0.0964930825238,0,0,0,0.211317952071
2019-10-18,0.0766326825932,0,-0.192549718026,0,0,0,-0.191119355164,0.0946242149361,0,0.252564574708,-0.211655272799,0.449904844886,0,0,-0.129874322808,-0.274801331203,0.126273682878
2019-10-21,0,0.0582830699551,-0.18971490817,0.149989623906,0.350707931133,0,-0.26724561302,0,-0.19459161082,0,0,0.0942889393077,-0.186308404654,0,0,-0.162139463336,0.346730435698
2019-10-23,0,0.304034217423,0,-0.0991456163127,-0.430008578785,0.242455414917,0,0,-0.120356942591,-0.230119524886,0,0,0,0.173757310492,0.147181709278,0.132571347889,-0.120369337426
2019-10-24,-0.205374647427,0,0.104625183265,-0.0912316955318,0,-0.276701621,0,0,0,-0.167733679202,0.252103230425,0.272365016264,-0.25895835684,0,0.0977693972705,0.273137172775,0
2019-10-25,0,-0.162875202289,0,0.098613581075,0,0,-0.0867441817577,-0.439524941264,0.394406883777,0,0.242115751831,0.115313000974,0,0.149550782342,-0.0941254754383,-0.216730199251,0
2019-10-28,0,0,0,0,0,0,0.0555047599635,-0.232238089349,0.286855477088,0.237028340298,-0.175749375386,0,-0.332341900188,0.247991618416,-0.0852904905042,0.172619804235,-0.174380144572
2019-10-29,0.356377870444,0,0,0,0,0.0819998521646,0,-0.222588012388,0.22113879348,-0.138509537714,-0.35555308628,0.0855588878472,-0.150186090865,0.254924596064,-0.133163272753,0,0
2019-10-30,-0.367510064175,0,0,-0.116700526181,0.272199363376,-0.11497615164,0,-0.187055439518,0,-0.213757818486,0,0,0.123432092478,0,0.188699464749,0.17167265678,0.243996422617
2019-10-31,-0.108875488402,-0.358985212005,0,-0.227646641981,0,0.346011140858,-0.217029331545,0,0.241852790555,0,0.189726670149,0,-0.087463326068,0,0.0740105069978,0,0.148398891439
2019-11-01,-0.15396867104,0,0,0.142193367844,0,0.131068602141,0,-0.256875719369,-0.281864109283,0,0.138967604328,-0.150268962826,0.219425242377,0,0.368345183309,0,-0.157022537481
2019-11-05,0,0,0,-0.384080978749,-0.126765057335,-0.181790387053,0,-0.129231078518,0.184972431971,0,0.143037983592,-0.178132498344,0.16585735011,0,0.210182990822,0.295949243504,0
2019-11-06,0,-0.0934015672249,0,0,-0.141613737908,0.263298320303,0,0,0.205705419919,0.148566705069,-0.214272902415,-0.290822266597,0,0.186674405648,0.195755149061,0,-0.259889525855
2019-11-07,-0.101614841295,-0.278683312206,0.106893555586,0,0,0.359810483573,0,0,0,0.295798080286,0.141351930517,-0.166022330598,-0.274803777768,0.0961459500389,0,-0.178875738132,0
2019-11-08,0,0,0.364995187422,0.0186319672194,-0.107355937293,0,0.0528066997304,0.432558679838,0,0,-0.198541912326,-0.248134609483,-0.0902659296999,0,0,0.131007465791,-0.355701611199
2019-11-11,0,-0.0765471789384,0.135585211876,0,0.245967294055,-0.119204244852,0,0.347486343418,0.131079207361,0,-0.103626661298,-0.17483115487,0,-0.525790760042,0,0,0.13988194329
2019-11-12,0,0.218017763964,-0.12663815344,0,-0.248628081365,0,-0.219751764627,0,0.155272523924,0.325581588321,0,-0.160461018291,-0.244520982277,0,0,0.0946421940645,0.206485929727
2019-11-13,0.218634933767,-0.264795974928,0,0,0,0,-0.164042260561,0.169679410918,0.111874182135,-0.158090378232,0,0.211564757184,0.288246715996,-0.189644270857,-0.223427115423,0,0
2019-11-14,0,0.273951513064,-0.230407141291,0.214649496817,0.121849519227,-0.236807864678,0,0,0,0.155369212798,0.234180258095,0,0,0,-0.0838803954425,-0.372880340207,-0.076024258382
2019-11-15,0,-0.184098251669,0.366700071566,0,0,0.171228313632,0.125597561234,0,-0.0917686273354,0,-0.170134860911,0,-0.444762145655,-0.109236114429,0.0836189934147,0,0.252855060154
2019-11-18,-0.258282374047,0.275682861062,0,0.153608841493,0.311495380426,0,0,0,-0.0893081835104,-0.205432369157,0.134862193805,-0.350687255911,-0.0962898173743,0,0,0.124350723214,0
2019-11-19,0.202746879083,0,-0.245193059896,0.366700956555,0,0.113969312092,-0.109170430084,-0.228942108164,0,0.166865870907,0,0,-0.315216819847,0,0,-0.101477582008,0.149716981363
2019-11-20,0,-0.300747993718,0,0.26317768703,0.162302938362,-0.19750547908,-0.188776806001,0.240649372732,0.171440634239,0,0,0,0.162429367637,-0.175126034045,0,-0.137843687156,0
2019-11-21,-0.0831323397912,0,0,0,0.197315337741,-0.148012793884,0,-0.391692111326,0,0.175628744243,0.196094466589,0,-0.162149169003,0.182114376285,0.248847075142,-0.215013585996,0
2019-11-22,0,0.266302659151,-0.192479160858,0,0.212516379542,0,-0.18305054654,-0.17753342134,-0.0799905712971,0.0634417815056,0,0,0,0,0.157521206656,0.300217973145,-0.366946299964
2019-11-25,0.224322232813,0.23634933281,-0.113129775116,0,0.144199137211,0.133903413894,-0.165014825816,-0.252323946414,0,0,0,-0.277742676739,-0.191788775915,0.261225883271,0,0,0
2019-11-26,0,0,-0.136912457962,-0.0955915398987,0,0.282878138733,0.367950395055,0,-0.128753216864,0.115567452293,-0.278794730399,0.0845548872996,-0.359948054876,0,0,0.14904912662,0
2019-11-27,0.367969181201,-0.231683309095,-0.171292561991,0.0517559336441,0.041523466873,0,0,0,-0.2109250498,0,0,0.491874806283,0,0.0468766119988,-0.250768812904,-0.13533026621,0
2019-11-28,0.161285740113,-0.224918403386,0,0,0.377898739943,0,0,-0.172030502148,0,0,-0.108366885093,-0.189290406534,0.145805407198,0.165901631538,-0.305393802839,0,0.149108481207
2019-12-02,-0.179719279447,0,0,-0.218259541181,0.114149222841,0.0905875227736,-0.191234489233,-0.224431106208,0.132046279926,0,0,0,0,0,-0.186355583931,0.362418337303,0.300798637157
2019-12-03,-0.31738903055,0.161593042381,0.421771905283,0,0,0,-0.139536430355,0.0922539227838,-0.167595538168,-0.217182201342,0.190323895349,0,-0.158296799586,0,0,0.134057234203,0
2019-12-04,0,0,0.201509648727,0,0.376814335856,-0.0935846878229,-0.372948442405,0,-0.234449610853,0.108220881024,0,0,0.083420074859,0,-0.107736500446,-0.191280758472,0.230035059534
2019-12-05,0,0,-0.181010087586,0.12761325463,0,0,-0.0940647271676,-0.321197620878,0,0,0.227783760939,-0.273200412659,0,0.418849819019,-0.130527151709,0.115448828665,0.110304336748
2019-12-06,-0.045439398924,0,0,0.353975353517,0,0,-0.359398344367,0.200320151041,-0.105534211332,0.117330859317,0,-0.0698900970305,-0.419737948347,0,0,0.126535896352,0.201837739774
2019-12-09,0,-0.197790530434,-0.160840733726,0,0,0.319055067521,0,0,-0.220926137836,-0.211992590337,0,0.234053671651,0,0.138274218985,0.144896974738,-0.208450007667,0.163720067105
2019-12-10,0,-0.184827235242,0.121243817453,0.298370352665,-0.151314743763,0,-0.215512395553,0,0,-0.299604347619,0,0.234846325548,0,0.0686764011432,-0.148741277823,0,0.276863103191
2019-12-11,0,0.296290771796,-0.176693428926,0,0.187922875798,0.182453966972,-0.190020373409,0.118512182037,0,-0.0596848936444,0,-0.337621757186,0,0,0.214820203397,0,-0.235979546835
2019-12-12,0,0,-0.172330021473,-0.412979337938,-0.0493460008233,0.167950491871,0,0.308338486719,0.181201609512,0,0,0.176710211058,0,0.16579920084,-0.246267742525,0,-0.119076897241
2019-12-13,0,0,0,0.155604083992,0,-0.148325007346,0.0868167761134,0.331482273295,-0.219550368464,-0.0958615594733,-0.316737407071,0.115004999055,0,0,0,0.311091867545,-0.219525657646
2019-12-16,0,-0.372883002591,0,-0.116912160239,0.103956865579,0,-0.178846886429,0.270746332495,0.25369567095,0.287608195301,0,0,-0.116627570245,0.0839929356751,-0.214730380496,0,0
2019-12-17,-0.151372644614,-0.184215462102,0,-0.118702265148,0.358539009227,0,0,0,0,-0.370649383724,0.308313690108,0.0987941121768,-0.175060244412,0.159758951369,0,0,0.0745942371184
2019-12-18,0.170295067177,0,-0.134236324285,0,0,-0.368564306817,-0.187708621925,0,0,0.157857794027,0.183235459531,0.224339625456,-0.153451504769,0,-0.156039242205,0.264272053809,0
2019-12-19,-0.215683655731,-0.0815681589205,0,0.268548611278,0,0,-0.133832481785,0.366778269968,0,0.137802641746,0.100238583564,0,0,0,-0.420849918052,-0.148065785512,0.126631893444
2019-12-20,0,-0.35752020928,-0.118179775697,0,0.196126439345,0,-0.216819072722,0,0.192205291578,0.159258041502,0,0,0,0.0798941692076,-0.231208093574,-0.0762728487277,0.372516058367
2019-12-23,0,0,-0.113404212766,0,0.310265010759,0.150342619588,-0.0846633512553,-0.378238100722,0,0,0.246774787448,-0.0726587050503,0.139877449506,0,-0.351035630207,0,0.152740132698
2019-12-24,0.227307495236,0.175687816619,0,0,0,0,0,-0.210074778207,0.209405269388,-0.0919167934466,-0.392151768389,0,0,-0.0880410168485,0.161415050499,0.226184368258,-0.217815643109
2019-12-25,0,0,0.078823502232,0,-0.32547587535,0.332643451967,-0.318949292155,0,0,-0.110779672827,0,-0.0981110816777,0.057277274029,0.431888093894,-0.146684077991,0,0.0993676778781
2019-12-27,0,-0.12318311498,0,0,-0.184100826447,-0.20098915291,0,-0.386178135993,0.268915561998,0.214063919073,0,0,-0.105548769671,0.204866331501,0.204970744612,0.107183442816,0
2019-12-30,0,-0.103617825335,0,-0.0961324585796,0,0,-0.271170336114,0.136812716834,0.275739910509,0,0.109587903443,-0.146130650486,0,-0.382948729486,0,0.118832458954,0.359027010261
2020-01-06,0.337207354293,-0.286363292906,0.102896216083,0,0,0,-0.148233562778,0.13959982845,-0.181105445298,0,0,0.313204427004,-0.179572398074,-0.204725300944,0,0.10709217417,0
2020-01-07,0.106416952862,0,0.0650294632525,0.247523745227,0,0.214514051427,-0.185751769837,-0.398799730887,0,0.366515787231,-0.295479639834,0,0,0,0,-0.062560815509,-0.0574080439331
2020-01-08,-0.192082175035,0,0,-0.11155514611,0,0,0,-0.282281455295,0.122910241719,-0.315908486064,0.134391565309,-0.0981727374952,0,0.432031016988,0.143264204069,0,0.167402971916
2020-01-09,0,-0.072341424739,0,0.210563516506,0.207014989922,0,-0.0952605848848,-0.379569804948,-0.280217869552,0,0,0.0756333048488,0.185543137466,0.321245051257,0,-0.172610315877,0
2020-01-10,0,0.165565933882,-0.241188832705,0.121601508093,0.173121577637,0,-0.128329505396,-0.181662625916,0,-0.356487373521,0,0,-0.0923316624622,0.385025812508,0.154685167881,0,0
2020-01-14,-0.390660735619,0,-0.0992113489789,-0.210480902457,-0.0993025781621,0,0,0,0,0.162034617967,0.236290938412,0,0,0.121270748359,0.278239317616,-0.200344434782,0.202164377647
2020-01-15,0,-0.066545225764,0,-0.152499113555,0.313050583485,0.118764624736,-0.140899184382,0.0750424935966,0,0,0,-0.590165442138,0.359050594426,0.134091703757,0,0,-0.0498910341613
2020-01-16,0.131349418273,-0.167139698156,0,-0.402604448016,0.0715885508565,-0.134927561039,0,-0.131899868398,0,0.34409289468,0.369523095386,0.0834460408042,0,-0.163428424391,0,0,0
2020-01-17,0,-0.107270992884,0,-0.436150670695,0,-0.203563802731,0,0,-0.12867952587,-0.12433500782,0,0,0.154898723917,0.176193764244,0.367104123184,0.160397275461,0.141406113193
2020-01-20,0.339861429847,-0.119070430984,0,-0.2228995791,0,0,-0.315553737476,0,0,0,0.307732989001,0.129040133151,-0.215333586588,0.140729148707,0,0.082636299293,-0.127142665851
2020-01-22,0,-0.230483545293,0,0,0.117044216064,0,0,-0.166425557845,0.140671498845,-0.197939196325,0.147689682131,0.216710694838,-0.232579490636,0,0,-0.172572209901,0.377883908122
2020-01-23,0.159830849047,-0.306129208669,0.310743279085,-0.173564996353,0,0,0,0,0,0,0.148954780291,-0.137173491283,-0.121837181696,0,0.123732563502,0.256738528074,-0.261295121999
2020-01-24,0,0,0.125623190824,-0.0774810028689,-0.399384399071,0.367431502164,-0.102536236334,0.0974110084268,0.158444502668,0,0.251089795917,0,-0.0876173470272,0,0,0,-0.332981014699
2020-01-27,0,-0.168804517583,0,0.187418705132,-0.226461299542,0,0,0.354357642642,0,0.189438025375,0,0.116846355735,0.151939271115,-0.138762613493,-0.249580117382,0,-0.216391451999
2020-01-28,0.171661742982,-0.147790499568,0.233806489068,0,0.266992350854,-0.273804238835,0,0,-0.150388405754,-0.0598627238504,0,-0.368154131993,0,0.217330958807,0,0,0.110208458288
2020-01-29,-0.0792790432177,-0.231173913094,0,0,-0.217447693764,0,0,0.142263116254,0.34645307583,0.0625483247865,0,-0.365715208664,0.327926426197,0,-0.10638414126,0,0.120809056932
2020-01-30,-0.323994246155,-0.125005640205,0,0,0,0,0.147468383758,-0.0818682337906,0.458154401776,0.143717395412,0.172153179591,0,-0.116655248997,0,0,-0.352476630853,0.0785066394622
2020-01-31,0,0,0.211684814889,0,-0.365147585711,-0.0926051520029,-0.174647661076,0,0.422453132056,-0.185735770005,0.168260753046,0,0,0.116625713006,-0.181863831204,0,0.0809755870023
2020-02-03,0,-0.283291219418,0.198978294412,-0.226954073335,-0.150338335508,0,0,0,0.173433917114,0.169354058869,0,0.283765183673,-0.138179685135,0,-0.201236686604,0.174468545932,0
2020-02-04,-0.128739785748,0,0.175031461962,0,0.254765573078,0,0.199354497227,0,0.195052925133,-0.283078516496,0,-0.159443920584,-0.227379330057,0,0,-0.201358447115,0.1757955426
2020-02-05,0,0,0,0.234214445283,0,-0.12817576873,-0.117743137251,0.23127123237,0.198267117902,-0.278592605545,-0.24353473748,0.253121615287,-0.231953750995,0,0,0.0831255891587,0
2020-02-06,-0.271783994091,0.379759230503,0,-0.0779598929268,0,0.211963402082,-0.10305243724,0,-0.21137533808,-0.335828337662,0.127524528448,0.155653401346,0,0,0.125099437622,0,0
2020-02-07,-0.108238082834,-0.105920843161,0.101331880023,0,0,-0.244218361816,0,0.141455648771,0,0,-0.176385004705,0.0917221192211,0,0.540271130921,-0.365237707485,0,0.125219221063
2020-02-10,0.382368536783,0.0904030234004,-0.111858433761,-0.0758120784816,0,0,-0.32439248686,-0.356912223639,0.0711566893547,0,0,-0.131024777258,0,0.262589737052,0,0,0.19348201341
2020-02-12,0.140690445437,0,0.353133052346,0,0,0,-0.0956949548285,0,-0.304745904045,-0.366585250152,0.155118688429,0,0.232740990048,-0.150136071819,-0.0828378191562,0,0.11831682374
2020-02-13,-0.113852757824,0.267299961917,-0.121277263451,0,0,0.0971462742763,0,0,0.164218381827,-0.358154844627,0,-0.120519704818,0.112177936025,0,0,0.359157445955,-0.28619542928
2020-02-14,0.0643814671773,0.171592457893,-0.373141384367,0,0,0,-0.267943137223,-0.0636710059003,-0.265698799847,0,0.241810923686,0.381814460175,0,0.140400691069,0,-0.0295456726622,0
2020-02-17,0.138487231809,0,0.0469857689985,0,0,-0.141876486048,-0.254342090328,0.256584610107,0,0,0,0.263919381289,-0.100092480622,0.294023007796,-0.205687261601,-0.298001681401,0
2020-02-19,0,0.0827761457745,-0.129914686329,0,0,-0.297645731198,-0.117974716417,0.0851972409164,0.352174553667,0.149166484683,0.330685574959,-0.38994425261,0,0,0,-0.0645206134457,0
2020-02-20,0,0.140557590272,0.124628428417,0,0,-0.303190262496,-0.116137539897,0,0,0.123297928812,0,0.44107504192,-0.160087340374,0.170441010579,0,-0.21538653127,-0.205198325963
2020-02-21,0,0.129907710646,0,0,-0.389423435015,-0.166667400047,0,0.095266567272,0.157423856865,-0.13501995763,0.424244430271,-0.187412213503,0,0.193157434946,-0.121476993805,0,0
2020-02-25,0.0616829657787,-0.13970481576,0,0,0.0349549745012,0,-0.115323747293,-0.328538293641,0,-0.258433091937,0,0,0.175655602008,0.55097262739,0,-0.158000051368,0.176733830323
2020-02-26,0.0794376879447,-0.158991079923,0.0600587481039,0,-0.138037472772,-0.142251104599,-0.349196106634,0.281858276375,0,0.371286525304,0,0,0,0.207358762272,0,-0.211524236072,0
2020-02-27,0,-0.29552946443,-0.118090118488,0.212771811314,0,-0.177768875797,-0.335870682062,0.13923485494,0,0.338215805311,0,0,0,0.102191343762,-0.0727408592225,0,0.207586184673
2020-02-28,-0.164370802429,-0.175668650388,0,0.299642816546,-0.140410574146,0,-0.166157147116,0.19581904341,0.123101242241,0.274603513352,0,-0.353392825922,0,0.10683338445,0,0,0
2020-03-02,-0.251325731753,0.202379714603,0,0,-0.271781958681,0.138052610245,0,0,0.207142625293,0.357675310613,-0.130893541492,0.0947497392449,0,-0.251917311734,0,0,-0.0940814563407
2020-03-03,-0.2175661357,0,0,0,0.180817768411,0,0,0,-0.104496664921,-0.33515313553,0.356050567437,0.104141261046,-0.110927492087,-0.231856571762,0,0.203440648383,0.155549754723
2020-03-04,0,-0.120200802867,-0.129228012935,0,0.0289067620336,-0.221309201898,0.129463095953,0.372715274384,0,0,0,0,0,0.372715274384,-0.255625712496,-0.273636269804,0.0961995932458
2020-03-05,0.190418019223,0,0,0,0,0,0,0.268428742104,-0.208905586092,-0.329797501016,0.192630721708,0.1386510077,-0.231063782121,-0.136974182573,0,-0.0932589481972,0.209871509265
2020-03-06,0,0,0.220619040372,0,0,-0.290029171327,-0.182786388041,0.270203221354,0.100108000266,-0.213004932933,0.216794455853,0,-0.171918894604,0,-0.142260613095,0,0.192275282155
2020-03-09,0.327878536294,-0.247282362214,0,0,0.130449706773,0,-0.361173687404,-0.114798085001,-0.210051626876,-0.0666942385048,0,0.155219288599,0.106265026998,0.280187441335,0,0,0
2020-03-10,0,-0.243956834982,0.234821995238,0.313828190929,0,0,-0.241659684929,0.200594062598,0,0.059180499601,-0.157908501539,0,0.191575251634,0,0,-0.190485613592,-0.165989364959
2020-03-11,-0.238715627441,0.118088230671,0.108378317514,0,0,0.191563738549,0,0.227565334205,0,0,0,0,-0.188906629091,-0.32682410727,-0.17865728286,-0.0668963533373,0.354404379061
2020-03-12,0.348357580807,-0.192291398399,0.222776556023,0,0,0,-0.157744402522,0.188690962622,0,0.0946387615107,-0.230581633738,0.145536139038,0,-0.215347904144,0,0,-0.204034661198
2020-03-13,0,-0.151956642007,0.108141485367,-0.218132101798,0,-0.285184861604,0,0,0,0.264281433057,-0.141107660585,0.0964806140187,-0.203618734006,0.30934377057,0,0,0.221752696987
2020-03-16,-0.0994537075965,0,0,0,0,0.229594487214,0.0909967699288,0,0,-0.346378734576,0.200676011497,-0.0994092729184,-0.0702629682781,-0.384495316631,0,0.315220910734,0.163511820626
2020-03-17,0.268658175675,-0.212726714189,0.13728002342,0,0,-0.148276044406,0,0,0,0.0966874603037,-0.24620595602,0.209402730668,0,0.287971609933,-0.185198334705,0,-0.20759295068
2020-03-18,0.208741564646,0.166102027043,0.0698972412806,-0.176902689489,0,0.184216479145,0,0,0,-0.086017780128,0.371042687886,-0.175905280449,-0.164640378406,-0.396533871528,0,0,0
2020-03-19,0,-0.356262130506,0.288056476572,0,-0.0931010584647,0.0360392812158,0,0.0389804962146,0.268589294086,0.368334451912,-0.0643875113814,-0.308580828267,0,0,-0.177668471381,0,0
2020-03-23,0,0,0.121025408785,-0.0831351404526,-0.147240010995,0.337784434729,0,0,0.216854059602,-0.368114133293,-0.153809873132,0,0,-0.247700842126,0.164658912589,0.159677184296,0
2020-03-24,-0.141027728432,0,0.0724407109051,0,-0.182844734291,0.105056766057,0,0.127357411064,0,0.32932278787,-0.157028816624,0,-0.163226863097,0.365822324105,0,0,-0.355871857556
2020-03-25,0,0,-0.244114625589,-0.256995260209,0,0.119488699358,0,-0.253528251373,0.225266756476,-0.113005739911,0.125116947332,0.14806066435,0,0.382066932483,0,0,-0.132356122918
2020-03-26,0,0.228833456895,0,-0.09392982093,-0.130487486443,0.215274942079,-0.184379243209,0,0,-0.196747163258,0,0.250119675905,0.217451951348,-0.39445628616,0,0,0.0883199737731
2020-03-27,0.127330996032,0,0,0,0,-0.146184527716,-0.215466575307,0,0,0.0786904103553,0.149574353231,0.274827582799,-0.103025999318,-0.368264327444,-0.167058570215,0,0.369576657582
2020-03-30,0,-0.144926830403,-0.158072767937,-0.189813447275,-0.253604965168,0.170832168623,0,0.352904839677,0,0,0,0.190398384237,0,-0.253581989218,0.151998244644,0.133866362819,0
2020-03-31,0.0750602520879,-0.16565488262,0,0,0,-0.203250752918,-0.15815299512,-0.328142183327,0,0,0.214510237839,0,0.275747124242,-0.144799186014,0.285855024594,0,0.148827361237
2020-04-01,0.170706978772,0.0710923000548,-0.195587753726,0.100390335465,0,0,-0.0959919376618,0.283769977054,-0.124338101009,-0.229649636464,0,0.374040408655,0,-0.354432571139,0,0,0
2020-04-02,0.15324182751,-0.255688744412,0.357127780879,0,0,-0.379828855206,0,0,0.16135767732,0.158903273191,-0.222196451461,0,-0.0702938535678,-0.0719920953531,0,0.169369441101,0
2020-04-03,0,0,0.140898329321,0.181724974915,-0.141368984542,-0.23978364722,-0.20882582486,0,0,0.155371383225,0,0.216656543521,0,0.305348769018,-0.145125746946,-0.264895796432,0
2020-04-06,0.192469784913,0,0.0819985751874,0,0,-0.196528716792,-0.218265625487,-0.24062934816,0,0.15502534096,-0.198297351903,0.0499352360234,-0.146278957658,0.520571062917,0,0,0
2020-04-07,0.124956008497,0,0.265451898466,-0.235568310885,-0.151244432839,0.0426361786227,0,0,0,0,0.212018194833,-0.265618118618,-0.210031773937,-0.137537363722,0,0,0.354937719581
2020-04-08,0,0.144339616505,0.123674351349,0.143542212188,-0.225733860654,0,0,-0.173772070125,-0.232665666183,-0.164921901488,0,0,0,0.216715360146,0,-0.202906501551,0.371728459812
2020-04-09,0,0.132677767498,0.0965819308775,0.096504621814,-0.153407243089,-0.131930633488,0,0,0,0,0.233628742252,-0.182490682283,-0.133341765315,-0.398829675826,0,0,0.440606937559
2020-04-10,0,-0.139213615232,-0.216958573909,0.193763175036,-0.362829973308,0.23217258687,-0.160117176042,0,-0.12088066151,0,0.154967787552,0.108442296019,0,0,0,0,0.310654154523
2020-04-14,-0.16840667509,0,0,0.154961604978,0,0.166110017539,-0.174616743745,0,0.237560650699,0.228578177922,-0.378478265192,-0.145932926994,0,0.212789548861,0,0,-0.132565388978
2020-04-15,-0.116814827396,0.172444834034,0,0.132768269934,0,0.342856503141,-0.0881310317224,0,0.218899982768,-0.11740289279,0.133030410123,-0.234535255712,0,-0.443115992379,0,0,0
2020-04-16,-0.232393220127,0,0.214889752531,-0.33268369791,0,0.357109207029,-0.123083112355,0,0.117549551826,0.0773957201395,0,-0.138301035283,0,-0.173538934325,0,0.233055768475,0
2020-04-17,0,0,-0.245112514177,0,0,0.287529615932,-0.119383673772,0.163383611462,0,-0.316010274856,-0.161160293686,0,0.096692427932,0.349368322612,-0.15833324351,0,0.103026022063
2020-04-20,-0.247084318509,0.185477892508,0,0,-0.068598829505,0,-0.108816679538,0,-0.27273220734,-0.302767965108,0.22592133226,0,0.194897849902,0,0,0.221082743861,0.172620181469
2020-04-21,0,0,0,0,0,0.323453403322,0.0806005107956,0,0,-0.105783978804,-0.154852366531,0.207416584764,0.214634697226,-0.307548483604,0.173894803892,-0.23514367813,-0.196671492931
2020-04-22,0,0,-0.350820105401,0.149774262648,-0.195306782251,0,0,0.370882092863,-0.14423501137,0,0,0,0.133097932781,-0.225448039975,-0.0841900610021,0.273823845857,0.0724218658514
2020-04-23,0,0.171128364246,0,0.115661987972,0,-0.242602516735,-0.193723098211,0.1546095328,0,-0.341949316315,-0.0742698974982,0.310293765037,-0.147455171241,0.248306349945,0,0,0
2020-04-24,0,0.0421434308829,0,0.0455138776128,-0.242201934415,0.343736275641,0,-0.312542022024,-0.0479602979921,0.313355445734,0.255250970129,0,0,-0.0817539730818,0,-0.315541772487,0
2020-04-27,0,-0.151091632769,0.291306788066,0.0716601222446,-0.15106748256,-0.142522405571,0,0.0921091654113,0.280627378775,0.264296545503,0,-0.189959533386,0,-0.365358945714,0,0,0
2020-04-28,-0.118492982476,0.0878482604824,-0.186007580688,-0.15625795842,0,0.379333215276,0.29663616559,0,-0.156975686297,0,0,0,0,-0.382265792119,0.0900305410858,0,0.146151817566
2020-04-30,0,0.170999459843,0,0.375920828237,0,0,0,-0.241782488667,0.0621520119715,0.0890066414498,0.301921058499,0,-0.0996844914021,-0.301907182173,-0.190182562973,-0.166443274785,0
2020-05-01,-0.249283219673,-0.0968400358343,0,0.189814762373,0,0,-0.210880646121,0,0.184274871434,0,-0.185728606873,-0.257267491499,0.132718096291,0.20878133561,0,0.284410934293,0
2020-05-07,0.226933167424,-0.237667192948,0,0.0732705881291,-0.173056905182,0,0,0,0.325178232121,0.130158168432,-0.353968257935,0,-0.0738451101856,0,0,0.244459843894,-0.161462533749
2020-05-08,-0.265153276843,0,0,0,-0.22578902139,0.14408252204,0,-0.0973130199118,-0.076684422738,0.261646730952,0,0.11508172528,0,-0.335060259118,0,0.172431211234,0.306757810494
2020-05-11,0,0.11506943831,0.139891379401,0.243111153171,0,-0.121578820363,0,-0.229007637649,-0.16289498725,-0.0992744859437,0.193273596523,0,-0.387244068795,0,0,0,0.308654432596
2020-05-12,0,-0.150384686639,-0.379610427847,0,0.258146187121,0,0,0,0.108311414117,0.140159862565,0,-0.0417060512755,0.28090780429,0,-0.258583317759,-0.169715516479,0.212474731907
2020-05-13,0,-0.08132918084,-0.184155139042,0.201516532702,-0.274067955021,0.389648180458,0,0,0.157102655572,-0.234891382118,0,0,0.192835598781,-0.225556342979,0,0.0588970324868,0
2020-05-14,0,0,0.133069533393,-0.149579126376,-0.168052852026,0,-0.124952633781,0,0.369030499336,0,0.159413397632,0.144281856905,0,-0.429679931009,0,-0.127735456808,0.194204712735
2020-05-15,0.341113917536,-0.240126199908,0,0,0,0.0676244105466,-0.187755148355,0,0.333146709511,0,0,-0.280191907698,-0.132942049463,0.149746390598,0,-0.158984694576,0.108368571808
2020-05-18,0,-0.240650224089,0,0.10776723765,0,0,-0.143036775555,0,0.306723838012,-0.348575658165,0.304923955182,0.0756507492031,0,0.204934219953,-0.186702510856,-0.0810348313348,0
2020-05-19,0,0,0.0855081439849,-0.262625306812,-0.114073694865,0,0,0.208191577835,0,-0.349829314896,-0.0876302646664,0,0.103007030182,0.352735043761,-0.185841418761,0,0.250558204237
2020-05-20,0.265581157642,-0.219324069355,0,0.0984225390336,0,0.219649813147,0,-0.069800807682,0,-0.166890625645,0.270510424876,0,0.145836065302,-0.358119762352,0,0,-0.185864734966
2020-05-21,0.259381778258,0,0,0,-0.141810984555,-0.31609307925,0,0.184289303546,0.170894745779,0,-0.18457775221,-0.222920482226,0,0.22118407531,-0.134597701758,0.164250097106,0
2020-05-22,0,-0.25005893724,0,0.353630588745,0,0.0876763683369,0,-0.12964624527,0,0,-0.191056915713,0.332536535377,-0.322484669931,0,0.186394411673,0.0397620958685,-0.106753231845
2020-05-25,-0.211187920083,-0.109497609001,0,0,-0.147751248542,-0.204798459268,0,0.132621552379,-0.326764763106,0,0,0.0852195126803,0.165893827964,0.504882412621,0.111382694355,0,0
2020-05-27,0.0781874032108,0.192824860803,0,-0.467918579067,0,0.193804695265,-0.291875289423,-0.156659701276,-0.0353202294311,0,0,-0.0482262008028,0,0.383486229288,0,0.151696811434,0
2020-05-28,-0.125761299281,0.244079297593,0,0,0,0,0,0,0,0.153116609004,-0.0894031151141,0.12900332436,-0.331277830293,-0.176272183279,-0.277285572032,0.21534281019,0.258457958853
2020-05-29,0.149399040674,-0.222291609136,-0.0936586206052,0,0.149098532334,0,-0.182769006918,0,0,-0.185175163226,0.286877078334,0.1563374755,0,-0.316105600115,0,0.258287873158,0
2020-06-01,0,-0.353410446333,0,-0.0919582462569,0.185559240713,0.105099604897,0.302884632882,0,0.191953710792,0,0,0,0,-0.0909880806223,-0.188847307682,-0.274795919106,0.214502810717
2020-06-02,0,0,0.125979693699,-0.213949559195,0,-0.136206784778,-0.327830835909,-0.120679742782,0,0.109044544446,0.322906286389,0,0,-0.201333077336,0,0.115837432819,0.326232042647
2020-06-03,-0.243784522253,0.215629159123,0.163599358479,-0.0860218626345,0,-0.20989302574,0,0,0,0,0,0.111837399958,-0.339711198942,0.420804217737,-0.120589390431,0,0.0881298647027
2020-06-04,0,0,0,0,0.132716661495,0,0,0.35532027095,-0.244820494346,-0.189437336682,0.220216312829,-0.154565224327,0.164979915681,0,-0.319510148086,0.126766839045,-0.0916667965594
2020-06-05,-0.155255178833,0,0.175080968261,0,0.16836102762,0.109465576367,0.328907226572,0,0.218185201181,-0.367010626629,0,-0.242398825594,0,-0.090723735273,0,0,-0.144611633671
2020-06-08,0.129007595222,0.16734027843,0.172321416318,-0.17217045152,0,-0.0639700026303,-0.163586316585,0.259267537883,0,0,0,0,0,0.272063172147,-0.0914643570516,-0.508808872213,0
2020-06-09,-0.0924766263118,0,0,0.330509232621,0.0963216644869,0.224938248118,-0.0768817276638,0,0,0,0,-0.180640747316,0.23582140469,0,-0.24113742329,-0.408863475418,0.112409450085
2020-06-10,0,-0.357579098877,0.151867301012,-0.312722856726,0,0.168101049246,0,0,0.319531034149,0.16521992581,0,0,0,-0.0921143245768,-0.101757401884,-0.135826317936,0.195280689784
2020-06-11,0,-0.178563071984,0,0,0,0.115414165334,-0.0747452408875,0.227950230089,0.221883936574,0,0,0,0.0787243499782,0.356027318025,-0.081642307534,-0.300590837401,-0.364458542194
2020-06-12,0,-0.151972179809,0.20055724381,0.256093345782,0.162487236378,-0.237634393065,0,0,0.282951175502,-0.195484011535,0,0,-0.238366666157,0,0.097910998528,0,-0.176542749435
2020-06-15,-0.15892786255,0.22805006567,0.0319625824675,0.345127793557,-0.181847885376,0,0,-0.102059184102,0,0,-0.40277516696,0,0,-0.154389901012,0.0588295536774,0,0.336030004628
2020-06-16,-0.262522077255,0,0,-0.171835261324,0.116523262199,0,-0.160013524525,0.255400131698,-0.203654288128,0.219297649227,0.138263669961,0,0,0.270515286915,-0.201974848768,0,0
2020-06-17,0,0,0.142258101782,0,0.109702564339,0,-0.164753832805,0,0.131477616778,-0.118177765695,-0.136818694575,0.383700432552,-0.183543206787,-0.396706500138,0,0.232861284549,0
2020-06-18,-0.260201037101,-0.0722564423938,0.2196311686,0,0,0.214854546341,-0.276301498767,-0.318026645323,-0.073214376415,0,0.136660929455,0.186398528408,0,0,0,0,0.242454827196
2020-06-19,0.132064198636,0.270021994585,-0.225288403399,0,0,0.256209711375,-0.149845857133,0,0.119889315118,-0.19612324089,-0.154424053939,-0.274318444638,0,0,0,0.221814780285,0
2020-06-22,0.128617299541,0.148038006634,0,0,0.272687967341,0,-0.356604585066,-0.119295481624,0,0,-0.240348320029,0.255080900849,0.195575825635,-0.163824805106,-0.119926808175,0,0
2020-06-23,0,0.164208376042,0,0.182008869758,-0.0883580192065,0,-0.33946283104,0.144692572335,0.271766864381,-0.0637911984138,0,-0.234510226389,0.237323317485,0,0,0,-0.27387772495
2020-06-24,0,0,0.276116401266,0,0,0.278663575475,-0.266308760461,-0.112688332509,0.248603466045,0,0,0.0421467551606,-0.115525776091,-0.129753335701,0,-0.375723795239,0.154469802054
2020-06-25,-0.0801323571766,-0.231974394945,0,0.32381149438,0,0.187255955852,0,-0.363989213045,0.117105358264,0,0,0,0.252691950111,-0.118692755782,0,-0.205211279053,0.119135241394
2020-06-26,0,0.125448622111,-0.168504275925,0,0,0.155240866268,-0.166664880801,0.158418706379,0.165874471185,0,-0.196515809134,0,-0.320043364522,0.395017334058,0,0,-0.148271669618
2020-06-29,0.0674958623847,-0.0996046152489,0,-0.125002177599,0.315192722952,0.502465872709,0,-0.251602582134,0,-0.356765518063,0,0.0904107606466,0,0,-0.167025106955,0,0.0244347813081
2020-06-30,-0.0569369969854,0,-0.255265060636,0,0,0.102471594238,0,0.353817044403,-0.356788974865,0,0.121316061016,0,0,0.115758112694,-0.091963533989,-0.239045433524,0.306637187649
2020-07-01,0,0,0.289736728651,0.0330558584449,0,0.170807613063,-0.138565086866,-0.097972807654,0,0,-0.275951915136,0,0.167219364155,0,-0.213234099411,0.339180435685,-0.274276090933
2020-07-02,0,-0.0882219594027,0,0.147243594455,0,-0.0869037788898,0,0.300278039237,0.258784094726,0.161830588542,0,-0.344354827387,-0.253839050915,0.131863683039,0,-0.226680383406,0
2020-07-03,0,0.382697288841,0,0,0,-0.203488440502,0,0.106327756599,0.168671451819,0.164494626018,-0.219460716313,0,0.177808876723,0,-0.193483927007,-0.141356237225,-0.242210678953
2020-07-07,0.0815430984402,-0.188896169819,0,0,0.0889895002191,0.32085019359,0,0.35912388279,0,0.149493324961,-0.141591537282,0,-0.195906778758,0,-0.280169189394,-0.193436324747,0
2020-07-08,0.349985310801,0,-0.199629392344,0.218420489325,0,-0.257261463529,0,0,0,0.225839189057,-0.250061807159,0,0,0.116880937794,-0.161463632977,-0.131583703991,0.0888740730224
2020-07-09,-0.272955877697,0.195158533075,0,0,-0.121453005046,0,0,-0.382220250858,0.204578143486,0,0.306068923525,0,0,0.148786465682,-0.122822508192,-0.100548358207,0.145407934232
2020-07-10,0,-0.3530305317,0.0772212253362,0.324562287511,-0.230402691787,0,-0.16998563752,0,0.164425781478,-0.185903545193,-0.0606775937999,0,0,0.361245137389,0,0,0.0725455682855
2020-07-13,0,0.306658799703,-0.148936640069,0.0843002438157,0,0,0,0.291315783422,-0.199617710803,-0.238684473895,0,-0.171274459954,0,0.252146262161,0.0655789108982,0,-0.241486715278
2020-07-14,0,0,0,-0.240047006723,0.0654597932988,0,-0.165887780686,0.119587752119,0,-0.193305953293,0,0.323870704024,0.0971948758953,-0.232983018799,0.393886874663,0,-0.167776240498
2020-07-15,0,0.0678726160103,0,0.347367383559,0.121731215252,0,0,-0.153761321959,0,-0.201737307522,-0.191501886736,0,-0.325509835642,0,0.367103973237,0.0959248119418,-0.127489648142
2020-07-16,0,0.108617101394,0,0.154384188848,0.310286442919,0.248541503819,0,0,-0.166726226099,-0.302947125211,0,0,-0.165777712838,-0.20123656248,0.17817076302,0,-0.163312373372
2020-07-17,0.177182380426,-0.122763147454,0.142022288833,0.176791154921,0,-0.416898233925,-0.108030110153,0,0,-0.139860115339,0,0.268855659332,0,0,0,0.235148516488,-0.21244839313
2020-07-20,-0.0406384765691,0,0,0.382272971812,0.278005318774,-0.373291986338,-0.170381453715,0.097156774452,-0.211513792893,-0.204174290485,0.146743624649,0,0.095821310313,0,0,0,0
2020-07-21,-0.143093724528,0,0.161405066999,0,-0.390401806888,0,0,-0.203105506737,0.231324620884,0,0,-0.0781709039148,0.229824542196,0.313593458813,-0.185228057933,0,0.0638523111086
2020-07-22,0.161860189693,0,-0.30650010294,0,0.20100918034,-0.153598280861,0,0,-0.14496539105,-0.336950378914,-0.0579858462348,0,0.23137217094,0,0,0.0917504158878,0.314008043139
2020-07-27,0,-0.130920349434,0.0890915385479,0,0,0.115376569701,-0.184446334534,0.367549879882,0.327352385719,-0.133281925755,0,0,0,-0.296704186924,-0.254647203353,0,0.10062962615
2020-07-28,0,-0.265769769187,0,0,-0.128541570658,0.18235031484,0,-0.355153556591,0.15018529892,0.199204341009,-0.141225094846,0,0.112928073474,0,-0.109310008718,0,0.355331971757
2020-07-29,0,-0.243315093439,0.0991223505731,0.360352484862,0,0,-0.189069587739,0,0.109576629656,-0.276014437012,0.100586636013,0,-0.113264499726,0,-0.178336382085,0,0.330361898896
2020-07-30,0,0.0406206560583,0,0.10822536611,0,-0.130373106894,-0.235671922268,0.40779521312,0.109739282507,-0.161245401508,-0.413498414239,-0.059211155091,0,0,0,0,0.333619482205
2020-07-31,-0.269919219349,-0.118014189965,0,0,0,0,-0.119193489311,0.129908170956,0.175172986623,0.127138822577,0,0.122882881218,-0.384570291907,0.444897138626,-0.108302809468,0,0
2020-08-03,0,0,0,0.19770936343,-0.231088206201,-0.282081172555,0,-0.124519630147,0.315386699353,0,-0.207378428232,0,0.111881984658,0.208153007111,-0.154932562865,0.166868945449,0
2020-08-04,-0.287932722034,0,0,0,0,0.11122487436,-0.0633124432713,0.177520241959,0.304627297735,0.323428396703,0,0,-0.270388316807,-0.244988406683,0.0831991892422,0,-0.133378111204
2020-08-05,0.264614333096,0,0.182599006244,-0.260485382973,-0.31351425876,-0.135020584385,0.118330961854,0.235218835622,0.199236863184,-0.111886240182,0,0,0,0,0,-0.179093533701,0
2020-08-06,0.329583294804,-0.228355940157,-0.125011750433,0,0.122589140243,0,0,-0.118702631504,0.355395280944,0.0551643694705,-0.197645340932,0,0,0,0,0.137267914538,-0.330284336975
2020-08-07,0.304958111035,-0.0944239720281,0,0.182321677883,-0.324304322385,0,0,0,0.158704081946,0.108453896463,0,-0.0883201812409,0.245562232673,0,-0.174519591069,-0.318431933277,0
2020-08-11,0.25447633841,0,0.0763009906292,0,-0.253250775191,0,0,0,0.382033158642,0,-0.222250884892,-0.122877430873,0,0.261151362786,-0.146272381233,0.0260381495332,-0.255348527811
2020-08-12,0.22285131695,0,0,0.118134174735,0.196228891234,0.287175780779,0.175609836302,0,0,0,-0.116168396214,-0.240801270818,0,-0.24633654747,-0.0981138472132,-0.298579938285,0
2020-08-13,0.159504707835,0.144528564326,0,-0.100095799984,0,0,0,-0.293762655901,0,0.139547143949,0,-0.154052144583,0,-0.282851573295,-0.169237826238,0.475625241425,0.0807943424654
2020-08-14,0,0,0.180956457458,0.421417897963,-0.124474639555,0,-0.232109842692,0,0.05041741306,0.157684627456,0,0,0.189523604062,0,-0.125979458277,-0.370570304231,-0.146865755245
2020-08-17,0.165529858756,0,0.0998348223709,0.365224143465,-0.0594461251943,-0.363584614301,-0.165775697431,0.182662033845,0,0,0,-0.387453050227,0,-0.0237405128458,0,0.186749141564,0
2020-08-18,0,0,-0.093658701639,0.35276342705,0,-0.0864920191653,-0.269262752765,0.156400342077,0,0,0,0.160156165385,0,0.151368616746,-0.372700579541,-0.17788594689,0.179311448742
2020-08-19,0.116693369542,-0.105162638438,0,0.293594892495,-0.0845536185138,0.236829944771,-0.252699014164,0,0.172405201312,0.180476591879,0,0,-0.138416662419,-0.419168066465,0,0,0
2020-08-20,0,0,-0.190012896831,0.395168804971,0.148133016054,0,0.145851167338,0,0.134950222176,0,0,0.17589678946,-0.259371290224,-0.180460555977,-0.180003626561,0,-0.190151630407
2020-08-21,0,0,-0.185018504705,0,-0.166185483673,0.1682515531,-0.0628165532842,0,0.358814588267,0.158369656139,-0.24215596824,0,0,0.170819299274,0,-0.343823490097,0.143744903219
2020-08-24,0.0943156038184,0,0,0,-0.402757398903,0,-0.110783090422,0.244962385668,0.355226366234,0,-0.220858990026,-0.0831696558911,0,0,-0.182430864758,0.208086114994,0.0974095292855
2020-08-25,0.262189247918,0,0,0,-0.0845314426819,0.273232075041,0,-0.154031834362,0.121521054951,0,-0.202032013208,-0.112122456234,0.153866324883,-0.447282253514,0.189191297206,0,0
2020-08-26,0.360044071622,-0.326220339677,0.171743556611,0,0.192615913352,0,0,0,0.138607200282,0,-0.186026074148,0,0,-0.166277905973,-0.19179915221,-0.129676527992,0.136989258133
2020-08-27,0,-0.184818758048,0.14138576116,0.134196313549,-0.208590840788,0.313567865368,-0.22774682425,0,0.116688622833,0.294161437089,-0.301508595885,0,0,0,-0.0773349810295,0,0
2020-08-28,0.0700718475332,0,0,0,0.112572508194,-0.345983101098,0,0,0.102768828955,-0.149573851596,0,-0.104759342944,0.280280504298,0.434306311019,-0.105963530429,-0.293720173933,0
2020-08-31,-0.178835587658,0,0.186972881883,0.263001518306,0,0,0.0731251211992,0,-0.173863897825,0,0,-0.343459552801,-0.210779374664,-0.0930615870518,0,0.113436293259,0.363464185353
2020-09-01,0,-0.201617743675,0,0.105364745928,0,0,-0.162715259632,0.301194516695,0.105246753186,-0.195969606175,0,0,-0.23910866286,0.360556056581,0,-0.200588727658,0.12763792761
2020-09-02,0.304315302911,0,0,0.214200320095,-0.148912333019,0.195351810782,0.19491061556,0,0,0,-0.0876607184106,0,-0.407927145731,0,-0.124726106592,-0.230773696248,0.0912219506521
2020-09-03,0,0,-0.0481180843217,0.138593619952,0.12672623565,0.286984467963,0,0,-0.23287499121,-0.337673077171,0.311783251893,0,-0.132589167589,-0.248744679708,0,0,0.135912424543
2020-09-04,0,0,-0.103874050188,0.189363071385,0.132868604027,-0.2706088291,-0.207878205899,0,-0.138400786935,-0.279238127878,0.165901220534,0,0,0.360986332749,0,0,0.150880771306
2020-09-07,0.432934465816,0.0953963631,0,0,0,-0.259326432707,-0.140652018589,0.119523045431,0,-0.301945371722,0.04373596429,-0.130850036073,0,0.308410161362,-0.167226140909,0,0
2020-09-09,0,0,0,-0.155322201568,0,0,0,0.18116188041,-0.365775870629,-0.348329186748,0.335477794845,0.137093565849,0,-0.0728297343358,-0.0577430067189,0.159516670473,0.186750088424
2020-09-10,-0.233365802299,0,0.177739315453,-0.257232027768,-0.143411984343,0,0,0.149661963591,0,0,0.145480243926,0.117734798274,0,0.409383678755,0,-0.13759148017,-0.22839870542
2020-09-11,0,0,-0.105131903913,-0.237260208297,0,0.148436733828,0.224682336391,0.214439758754,-0.122112378397,0,0,0,0.177970397473,-0.368636728993,0,-0.166858780399,0.234470773554
2020-09-14,-0.116023906596,0,0,-0.127083530273,0.190674650401,0.138021739977,0,0.155022941296,-0.107245958125,-0.353291597927,0,0,0.351187502371,-0.296355007079,0.165093165955,0,0
2020-09-15,0.3529169406,0,0.219090488994,0.0650232792179,0,-0.119373958412,0,0,0,-0.214018741044,0.219943661085,-0.287593765733,0,0,-0.108695204598,-0.270318330213,0.143025630103
2020-09-16,-0.383353812308,-0.188926505406,0.117732698544,0.103944598317,-0.145220510806,0.385757920801,-0.138391819038,0,0,0.112539736835,0,0,0,0,-0.144107352442,0,0.280025045503
2020-09-17,0,-0.0789394338794,0,0.208842935408,0,0,0.130167271438,0,0,-0.389909225384,0.203903385767,-0.389909225384,0,-0.0763402563466,-0.0649018590057,0.184234941177,0.27285146621
2020-09-18,-0.125028637994,0,-0.329658467589,0,0,-0.115985074046,0.25256129965,0.2922913078,0.127632935532,-0.341166933167,0.177865902756,0,0,0,0,0.149648554262,-0.0881608872052
2020-09-23,-0.0647607766451,0,0.216749941974,-0.054391922381,0.208705980626,0.195851482826,0,0,0,0.137481571481,-0.100064193282,-0.390391553846,0,-0.390391553846,0,0,0.241211023094
2020-09-24,0.358610096806,-0.281866859364,0,-0.249706200289,0.213922491484,0,-0.131966145979,0.146950484378,0,-0.194848650501,0.146929609857,0,-0.141612143866,0,0,0.133587317475,0
2020-09-25,0,-0.228259438918,0,0,-0.233965614045,0,0,0.144405876224,0.177628722409,-0.0467834791627,-0.353866118567,-0.137125349307,0,0.160125601277,0,0.300520307578,0.217319492511
2020-09-28,-0.152245992529,-0.351866661082,0,0,0,0.36748171613,-0.154059386787,-0.206909446267,0.169089366682,0.100013928462,0,0.0936186368045,0,0.269796351921,0,-0.134918513335,0
2020-09-29,0.205311802746,0.0415690798717,-0.170469588533,0.241092882033,0,0.353325722103,0,-0.210318300101,0,-0.226795293539,0,0,-0.120358301006,0.158700513247,-0.272058516821,0,0
2020-09-30,-0.201848358847,0,0,-0.203465876197,0,0.172960882534,-0.369626792876,0.350274994656,0,-0.118677299177,-0.106381672903,0,0,0,0.1040717896,0.209142905861,0.163549427349
2020-10-02,0,-0.352900693476,0,0,-0.114338324882,0.121620120685,-0.0694919748968,0.36220532476,0,0,0.252039464546,-0.246878564835,0,0.163352933352,-0.21639044191,0,0.100782156658
2020-10-05,-0.348878173261,0,0,-0.112278356075,0,0.252018190645,-0.0639614600016,-0.105649286606,0,-0.369232724056,0,0,0.139704137528,0.188262954723,0.156609406984,0,0.263405310121
2020-10-06,0,-0.200035098992,0.205118405321,0.171540153394,0,0.133919501543,-0.223421319944,0.139250202874,0.350171736868,0,0,-0.0850460424893,0,0,-0.139757071385,-0.35174046719,0
2020-10-07,0.140657920586,-0.0741992203209,0.211060250468,0,0,-0.0878637885302,0,0,-0.39915832556,-0.39915832556,0.326845429454,0,0,-0.0396203400288,0,0.135614590714,0.185821808778
2020-10-08,0.246004996304,0,0,0,-0.241759335246,0.164981568499,-0.128965058998,0,0.224007821708,-0.107020776042,0,0.213017207293,0,0.151988406195,0,-0.331423380856,-0.190831448858
2020-10-09,0,0,0.313472559117,-0.0453404171305,-0.0462936236941,0,0,0,-0.251931334621,-0.121716445865,0.0520165359843,0,0.167284530187,-0.534718178689,0,0.176193328951,0.291033045761
2020-10-12,0.372753579105,-0.340284890205,-0.185364866048,0,0,0.277685543071,-0.141932933558,0,0.132586446877,0.120923790846,0.0960506401007,0,0,-0.115246794425,0,0,-0.217170515763
2020-10-13,0.248221735306,0.138907134542,-0.195751157178,0,0,0,-0.169148751663,0.165245435303,0.220005717887,0.227619976963,0,0,0,0,-0.124823348171,-0.225713533473,-0.284563209516
2020-10-14,0,0.138872868578,0,-0.160602903284,0,0.137198449777,0.311303597236,-0.173891297706,0,0,0,0,-0.132406828372,0.344910052313,0.0677150320951,-0.362053604575,-0.171045366063
2020-10-15,0.403281435723,0,0,0.120986289773,0.142644247239,0,-0.123687146294,0.181750063388,0.151337963878,-0.377211705617,0,0,-0.24432289061,-0.106545785898,0,-0.148232471581,0
2020-10-16,0,0,0.130488919746,0.0455636751215,0,0,-0.151407368742,0,-0.224560897409,-0.335479231607,-0.133450375194,0,0,0.253226746522,-0.155102127048,0.371303078974,0.199417579636
2020-10-19,0,-0.249950175323,0,0.255742423533,0.17050866934,-0.109645914752,0,0.236112278834,-0.145825473652,-0.143952757856,0,-0.350625678416,0,0.164605567963,0.17303106033,0,0
2020-10-20,-0.237073737983,0,0,0.109933905645,-0.0623364985308,0.366484765469,0,0,-0.339661466223,-0.32745351032,-0.0334747869433,0.0888490331055,0,0,0.231629637041,0,0.203102658739
2020-10-21,0,-0.163960801852,0,0.181341251143,-0.273078795497,-0.355879469282,-0.107332106564,0.203992699322,0,0.265710820607,0.173920666419,-0.0997488268042,0,0,0,0.175034562509,0
2020-10-22,-0.418460030201,0,0,0.176204443835,0.136609267576,0,-0.0937210013594,-0.11061569155,-0.141018671067,0.204220375232,0.127821693131,0,0,0,0,-0.236184605823,0.355144220225
2020-10-23,0,0,0.104138864588,0.438330876752,0.117937409298,-0.14759803709,-0.15929708014,0.147333783221,-0.430513183109,-0.149999994263,0,0,0,0,-0.112591705397,0,0.192259066142
2020-10-26,0,0,0.257453482553,0.0802054302022,0,0,-0.0960251277462,-0.29338809115,-0.322576769113,0.0560323905809,0,-0.172338726948,-0.115671285044,0.43939116366,0,0.166917533005,0
2020-10-27,0,0,0.239387928761,0,0,-0.39814643663,-0.213238816255,0.274105447229,-0.198460699072,-0.127362904379,0.11808659026,0,-0.0627911436632,0.226561025234,0,0,0.141859008515
2020-10-28,0,0.0476688329072,0.0533982801451,0,0,0,0.398519402148,0,-0.464003869949,0.0838135810305,0,-0.061429784777,-0.103682031608,0.416599903769,-0.202812720541,-0.168071593125,0
2020-10-29,-0.272214911741,0,-0.157305909401,0,0,0,0.321047061404,-0.207006380071,-0.140833813886,-0.222638984901,0,0,0.129905267444,0,0.226595191395,0.156553173428,0.165899306329
2020-10-30,0,0,0.105209450639,0.29168485943,-0.376782485893,0,0.109815677756,0.174287317554,-0.171523441352,0.319002694621,0,0,-0.194488822217,0,-0.134325024409,-0.12288022613,0
2020-11-02,0.143016608569,0,0,-0.222701731848,0,-0.184403755995,-0.125135419837,0.156221214507,0,-0.319227398888,-0.148531693431,0,0,0.14097117283,0.191214262664,0.368576741429,0
2020-11-04,-0.465325502767,0,0.116795605619,-0.0992415068062,-0.0847065742063,0.213743786374,0,-0.252402408611,-0.0983240076102,0.210226178308,0,0,0,0.350828028609,0.10840640109,0,0
2020-11-05,0,0.210850677912,0,0,0,0.176606453458,-0.15534275114,0,-0.249078651161,0.325060076297,-0.300156172437,0,-0.148120319526,0.063237977905,0,0.224244814428,-0.147302105737
2020-11-06,-0.148214225119,0,0,0,0,-0.175431646426,0,-0.336324931496,-0.151672503498,0.319661211928,-0.188356693461,0,0.147501547311,0,0.146516918149,0.138262096078,0.248058226533
2020-11-09,0.187560625689,-0.0603739972305,0,0.200120976911,0.294442747201,-0.253896703491,-0.164324883675,0.160784683568,-0.0572978772761,0,0,0,0,-0.464106538328,0,0.157090966631,0
2020-11-10,0,0.278667061509,0,0,-0.184301667821,-0.174305964129,0,0.138798433588,-0.0339758395682,-0.138729274167,0.152624625455,-0.468687254315,0,0,0.357697587843,0.0722122916054,0
2020-11-11,0.371379073212,0,0,0.346456897505,-0.172380675189,-0.121822868817,0.161532257037,-0.156219356025,-0.37015546243,0,0,0.0412964980725,0.0793352741731,-0.179421637538,0,0,0
2020-11-12,0.101103501522,0,0,0,-0.217390041589,0,-0.0511881808794,0,-0.15973001511,-0.360399073089,0,0.107795946943,0,0.131790976673,-0.211292689333,0.400081900483,0.259227674379
2020-11-13,0,0,0.218163296558,0,0,0.185914902198,-0.137817319959,-0.141346243499,0.279272035453,0,-0.268173086034,0.163728126577,-0.280978828096,0,0,-0.171684522413,0.152921639214
2020-11-16,0.282250627961,0,0,0.121330555087,0,0.067416454338,-0.172545365698,0.437114522668,-0.0712208981946,0,0,0,0,-0.297547048006,-0.361744237663,-0.0969424504383,0.091887839945
2020-11-17,0.214475732097,0.1440323845,-0.203589040425,-0.277345989201,-0.212960774713,0,0,0.142459309611,0,0,0.199784392773,0,0,0.299248181019,-0.13365359841,-0.172450597252,0
2020-11-18,0,-0.0739094816594,0,0,0,0.170741192767,0.0846294718613,0.214982514101,0,-0.258438711781,-0.233501465093,-0.30663294839,-0.127517393077,0.242047906904,0,0,0.287598914366
2020-11-19,-0.0758410166085,-0.0740809640601,0,0.0792184113667,-0.275446484044,0,-0.485827899266,0,0.350721558112,0,0.140573470646,-0.0888036360218,0,0,0,0.190015035288,0.239471524588
2020-11-20,0,0.147917522994,0,-0.217992313285,-0.161339763272,0,-0.208631568472,0,0,0,-0.0923319342534,0.0688117681715,0,0.355651337374,0.0950214385104,-0.319704420718,0.33259793295
2020-11-24,0,0.172625364644,0,-0.156714595899,0,-0.194503347159,0,-0.298015460533,-0.153876232809,-0.1968903636,0.211233856225,0.0667309040311,0,0.38128484455,0.168125030551,0,0
2020-11-25,0.18352426069,-0.119710515789,0.0682177295469,-0.0982536591194,-0.192887868286,0.132847855971,0,0,0,0,0,0,0.240754236603,-0.467175566191,0,0.374655917189,-0.121972390615
2020-11-26,0,0.245572371523,0,-0.261519717287,0.103936292265,0.140256600122,-0.30968236421,-0.0758902591292,0,-0.282052524806,0,0.225944822316,0,0,-0.0708551345677,0.284289913775,0
2020-11-30,0.0569147513557,0,-0.312300011468,-0.202883812304,0,0,0,-0.253018955755,0,0,-0.128719409055,0.123255915857,0,0.171258048227,-0.103077811419,0.36502313301,0.28354815155
2020-12-01,-0.309669720806,0,0.227189396947,0.239262540344,0,0.112472696792,0,0,0.106693662188,0,-0.0686281844074,0,-0.400404730164,0.314381703729,0,-0.0930801374054,-0.128217227217
2020-12-02,0.184660946669,0,-0.229358173433,0,0,-0.359703969232,0,0,0.196469551615,0.193897433631,0,0,-0.242942655128,0.279270035581,-0.109592022827,-0.0584031793808,0.145702032505
2020-12-03,-0.237483424716,0,0.184304089767,0,0.251044303344,-0.1986193589,0,0.152685704121,0,0.181851549146,0,-0.144257081512,0,-0.356022355202,-0.0636177796695,0.230114353621,0
2020-12-04,-0.100933282767,-0.38051800499,0,-0.308089611511,0,-0.0717401874074,0.19984827519,0.170956879459,0.36765486119,0,0,0,0.140463956564,-0.138718913325,0,0.121076027597,0
2020-12-07,-0.163741000986,0,0.0678972142831,-0.158207389376,0.0623881440275,-0.323356482861,0,-0.155343377323,0,0,0,-0.199351749455,0,0.665156245793,0,0.0757471296042,0.128811266293
2020-12-08,-0.163259437304,0,0,0.266695379732,0,0,0,0.258662486838,0.213246645678,0.184293719756,0,-0.149431976567,0,0.0771017679958,-0.234242242263,-0.179246241454,-0.273820102412
2020-12-09,0,0.224323203858,0,0.222945186362,0.370604697859,0.0826594054492,0.0994675064722,-0.432230165822,0,-0.125883279753,0,-0.160963571857,0,-0.150243542387,0,-0.130679440182,0
2020-12-10,0,0,0,0.28905072226,0.125905425308,0,-0.111267727163,-0.21861716481,0.244210346344,-0.451180378808,0.185382909202,0,-0.114790980348,0.155450596886,0,0,-0.104143748871
2020-12-11,0,0,0,0.171809900484,0.144692021828,-0.270879866985,-0.161999433919,-0.106433274057,0.356196607749,0.229288640593,0,0,0,-0.303873492062,-0.156813932977,0,0.098012829346
2020-12-14,-0.117599492733,0.0464412578092,0,-0.326159386713,0,0,0,0.309507972912,0,0,0.16691201056,-0.273323377347,0.130002463033,0,-0.121369011783,-0.161548731424,0.347136295686
2020-12-15,0.183813967351,-0.174880375701,0,0,-0.122436053629,0,0,0,0.174026429055,0.159639047622,-0.308897976822,0,-0.135899816126,0.363100091362,0,0.119420464611,-0.257885777722
2020-12-16,0,0,0.307229827737,0.2195381829,-0.159423951573,-0.259363812858,-0.167792845478,0.14937017218,-0.225219446586,0,0,0,0,0.114279905425,0,-0.188199943504,0.209581911758
2020-12-17,0,0,0.36682572442,0,0,0,-0.267984687538,0.225804658735,-0.132770271313,0,-0.312155174409,0.200139593986,-0.124551848521,0.0806469717957,-0.162538018219,0,0.126583051062
2020-12-18,-0.372926801224,0,-0.118119868406,0.241064996613,0,0,0,0.312450313856,0.12509553145,-0.200320842764,0,-0.187102955871,0,0.182138092615,-0.121529531734,0,0.139251065465
2020-12-21,-0.322352408924,-0.20775866807,0,0,0.0727201930427,0,0,0,0.160442658698,0,-0.125964746175,0.106705990989,0.330192783484,0.329938373787,-0.252552232191,0,-0.0913719446386
2020-12-22,-0.430664110249,-0.118394810576,0,0,-0.14187561037,0.176480413986,0.123684464493,0.10560703797,0.258987031347,0.335241052204,-0.129365276129,0,0,-0.179700192676,0,0,0
2020-12-23,-0.157763869472,0.217135259051,-0.12818933822,0,0,0,0.0961229099543,0.283598192896,0,-0.182347057356,-0.278592403429,0,-0.253107331522,0.179742497055,0,0,0.223401141043
2020-12-24,-0.286419732149,0,0.131596317722,-0.162968249422,0.141877864684,0,0,0,0,-0.110053922865,0,0.136285027507,-0.163257395119,0.30423760955,0,0.286003180538,-0.277300700445
2020-12-25,0,0,-0.139857018973,-0.14485566444,0.192260226115,-0.152532423965,0.371223749621,0.216898126151,0.127043581417,0,0,0,-0.152540030434,-0.410214862188,0.0925743166966,0,0
2020-12-29,0,0.165514502543,0,0.253608014636,-0.159825561047,-0.140494830326,-0.145447240004,0,0,0,-0.107004547924,0,0,-0.447227820699,0.157102874251,0.282696526985,0.141078081585
2020-12-30,-0.111478346989,0.155451499402,0.186743564986,0,0.322985365339,0.29843231985,0,-0.125831035813,0,-0.224434183224,0.0363872504235,-0.300856202887,-0.237400231088,0,0,0,0
2021-01-04,0.197454914922,0,0,0.163788501739,0,-0.287682212187,-0.0614533989952,0.171304353017,-0.353149090977,-0.166140326705,0,0,0,-0.131574971136,0,0.288845884339,0.178606345984
2021-01-05,0,0.246642848792,0.284844011751,0,0,0,0.17993379958,-0.234788090607,0.140084048487,-0.11133206119,-0.208998223969,0,-0.170178920763,0,0,0.148495291389,-0.274702703471
2021-01-06,0.153972247122,0,0.108213909428,0.193195452772,0,-0.134197059118,0,0.163613540655,-0.224636988919,-0.206102602702,0,0.381004850023,0,0,-0.245650739697,0,-0.189412609565
2021-01-07,-0.0585430553162,0.113076699293,0,0,0,0.230953306042,0.388840550822,0,-0.135262788391,-0.274513621597,0.121527431933,0,0.145602011909,-0.366581500818,-0.165099033878,0,0
2021-01-08,0,-0.195903041692,0.193915848176,0,0,0.332141048139,0,0,0,0,-0.137068284993,0.116683379521,-0.169547802195,-0.352790920751,-0.144689950369,0.162343354853,0.194916369311
2021-01-12,0,0,0,0,-0.246561505778,0,0.225735497437,-0.281241186858,-0.175463263205,-0.161777677692,0.124915423631,0.160853395561,0.151734272819,0.336761410552,0,-0.134956366466,0
2021-01-13,0,0,0,0,-0.237433989471,0.156271450374,0.245302710666,-0.0760490357154,0,0,-0.0886388445351,-0.177673376437,0,-0.420204753842,0.137097695806,0.192476113781,0.268852029373
2021-01-14,-0.202614072551,-0.344158682861,0,-0.153957524526,0,0.0856740817739,0,-0.0929121720355,0,-0.206357548026,0.245819142609,0,0.416101524763,0,0,0.055630807867,0.196774442987
2021-01-15,0,-0.105344557771,0,-0.305132735862,0,0.14969009971,-0.0834941044609,0.134195210402,-0.209582210234,-0.296446391672,0,0,0.18020684636,0,0,0.2225154424,0.313392401128
2021-01-18,0,0,0.088462063424,0.191633208009,0.165087920147,-0.165679454053,-0.098224413207,0,0,0,0.270443001343,-0.470833008355,0,-0.102756141525,0,-0.16250698286,0.284373807077
2021-01-20,-0.202642928472,0,0.0727001471504,-0.130712145938,0.257102494359,0,0,0.0743186788637,-0.309296861879,-0.278392261762,0.190797695827,0,0,0.4050809838,-0.0789558019495,0,0
2021-01-21,-0.280203340136,0.0904473439506,0,-0.127377124436,0,0.177486986987,-0.0769511858126,-0.366952099376,0,0.328780495571,0,-0.14851625024,0,0,0.0521341895293,0,0.351150983962
2021-01-22,0,-0.253668014581,0,-0.395431011768,0.229033619593,0,0,0,0.147082558441,0.321379422419,-0.0830096066169,0,-0.116018713102,0.126759944281,-0.151872653932,0,0.175744455266
2021-01-25,0.139278706368,-0.19194797427,0,0,0,0,-0.202010733833,0.384524508604,-0.404642665646,0.147272688561,0,0,0,0.217700769084,-0.100445938685,-0.100952687566,0.111223327383
2021-01-26,0.199410222527,-0.134094597083,0.283297026501,0,0,0.169992833526,-0.10636876056,0.219184045679,0,0.128115871767,0,0,-0.121635097189,-0.484238042919,0,0,-0.153663502249
2021-01-27,0.363388590501,-0.17133190838,0.127120879593,-0.19126933674,0,0.143082509519,0,0,-0.240999506663,0,-0.218299253347,0,-0.17809999487,0.215764517266,0,0,0.15064350312
2021-01-28,0.188036328008,0,0.147614346268,0,0,-0.147790254724,-0.0976672797354,0,0.3016296965,-0.0982808167058,0.185313162733,-0.310746243583,0,-0.345515405251,0,0,0.177406466491
2021-01-29,0,0,0.0782587559903,0.139285278498,-0.178557477123,-0.0529180135457,0.19231010546,0.392115581982,-0.391568882525,0,0.198030278069,0,0,0,-0.0780037752736,0,-0.298951851532
2021-02-01,-0.0612815347273,0.107515714004,0,0.160667376222,0,-0.245497913072,0,0,0.185619675528,-0.288018390504,0.305823516544,0,0.240373717701,-0.0600735685994,0,-0.345128593097,0
2021-02-02,0.0957656732573,-0.192123441368,0,-0.214378062043,-0.271359147032,0.222310399899,-0.232532943597,-0.0896064059591,0,0,0,0,0.171124219686,0.145213256193,0,0.365586450964,0
2021-02-03,-0.185191523346,0.135866216137,0.317480529751,0,0,-0.096824504578,0,0,0.0972634590752,0,0.0840561411951,0,0.115333653841,-0.254346890961,-0.113643226215,-0.0999938549004,0
2021-02-04,0,0.1838552817,0,0.308665627318,-0.229485978209,-0.273179899437,-0.164420947603,0.314629090496,0,0.093354799291,0.0994952011946,0,0,-0.25179060174,0,0,-0.0811225730108
2021-02-05,0.21870412285,0.0596757475134,0.135050679119,0.195807673239,0,-0.140546884499,0,0.140761777279,0,-0.123366524988,0,0,-0.0950884975334,-0.302097865948,0,0,-0.0889002270309
2021-02-08,0,-0.254794461552,0.329819199731,0,0.1245421652,0.111184130713,-0.14723644788,0.246955210558,0.187499293798,0,0,-0.130364625434,0,-0.303767535601,-0.163836929533,0,0
2021-02-09,0.13774427423,0,0.175407750003,0,0,0,0,0.192594766758,0,-0.244798204775,-0.136308390604,-0.247464638939,-0.0545838075454,0,-0.0668449581373,0.126318702867,0.117934506143
2021-02-10,0.0918756081669,0,0.226363111337,0,-0.0936098022918,-0.266141081269,0,-0.170544354457,0,-0.0896730258502,0,0,-0.130031736132,0.114599741311,0,0.22216092884,0.0950006103461
2021-02-12,-0.226237415595,-0.366448617214,0.337610622918,0.155489233462,0.206217633051,0,0,-0.133177925325,0.20333784066,0,0,0,-0.10567554289,-0.168460498977,0,0,0.0973446699085
2021-02-15,0,-0.398937361681,-0.12934546579,0,0.21314664433,0.222143715401,0.166639168398,-0.15671055357,0,-0.212217775408,0,0,-0.10278884355,0.214641867398,0,0.183428604473,0
2021-02-17,0,-0.223129342368,0.147138816712,-0.196484301352,-0.159116363088,0,0,0,0.196642618316,0,-0.212447690259,0,-0.208822302934,0.101661544866,0.428313967412,0.126243052694,0
2021-02-18,0,0,0.126523799982,-0.207925261317,0,0,0,0.0727815855675,0,-0.22399926571,0,-0.164512857554,-0.200622238029,0.103644121754,0.329801542603,0.367248950094,-0.20294037739
2021-02-19,0.103549146736,-0.109931371267,0,0,0,0.0885934952335,-0.120597840212,0.196258366765,0.103188250449,0,0,-0.220373654831,-0.208951667152,0,0.258410740816,-0.0901454665385,0
2021-02-22,-0.121072604515,0.306539785597,0,0.0723929050513,-0.118334393237,0,0.0908826220591,0,0.181329116398,-0.177765816749,-0.161838429379,0,0,-0.17098875612,0,0.0988555708947,0
2021-02-24,0,-0.0930132140032,0,0,0,0.265177017634,-0.0835564200125,0.153028509001,0.125924679613,0.147025353874,0.0588444398779,-0.339969051894,-0.0830281548377,0,-0.150433159253,0,0
2021-02-25,-0.114864976326,-0.0725904372203,0.211573553374,0.125118568246,0.117435529822,0.172389870633,0,0,0,0,-0.109560392143,-0.28519187498,-0.167792319331,0.123482477924,0,0,0
2021-02-26,0.146511555176,-0.197968026957,-0.112941102425,0,0.178961241292,-0.292942633585,-0.167007356382,0.125886657417,0.188681147664,-0.229140880651,0,0,0,0.359959398452,0,0,0
2021-03-01,-0.259273314694,0.348214122904,0,0.37582506056,-0.265845497512,0.127097655357,0,0,0.0625862030812,0.0862769580973,-0.111555402873,0,0,-0.199841264385,0,0,-0.163484520535
2021-03-02,-0.116343507147,0.243754666542,0.153002518072,0,0,0,0.109686792173,-0.119338032191,-0.0883746568211,0.141850907536,0,0,0,-0.231929652821,0.101705115677,0,-0.19401415102
2021-03-03,-0.193250985441,0,0.168518064145,0.159351883649,0,0,0.269749618261,-0.277681530993,0,-0.106103236151,0,-0.0735086402106,0.0575088192834,-0.0994556072044,0.0948716146615,0,0
2021-03-04,-0.0721383270459,0,0.132073729878,-0.134330127931,0,-0.281640833896,0.122501959025,0,-0.10382757979,-0.158063131337,0.0888439640609,0,0.190214303833,0.216366043203,0,0,0
2021-03-05,-0.115914110913,-0.298551200724,0,0.206527762574,-0.233024360587,-0.240861387267,0,0.111394842988,0.275109582285,0,0.185642017504,0,0.221325794649,0,0,-0.111648940509,0
2021-03-08,-0.18346661098,-0.166061919711,-0.221575465859,0,0.147401951193,0,0.169757502942,0,0.167816048467,-0.176334337363,0,0.122752212341,0,-0.252561666087,0,0,0.392272285057
2021-03-09,-0.128409771771,0,0,0,-0.195421855257,-0.154464662033,0.175383106916,0.427501671214,0,-0.407138388441,0.112215155481,-0.114565322499,0.160169009227,0.124731057162,0,0,0
2021-03-10,-0.0776248267281,0.295638728698,0.143620891788,0,-0.108378870064,0.228644223314,0.134710289637,-0.325923683935,-0.0923727751079,0,0.197385866563,0,0,-0.395699844165,0,0,0
2021-03-11,0.293084791603,0,0,0,-0.11610667303,0,-0.0733279099638,0,0.0617017657995,-0.272847439431,0,-0.174103194036,0.0489488363753,0,-0.113614783538,0.262404380663,0.0838602255588
2021-03-12,0,0,-0.118041248547,0.0593206992499,-0.15736434582,0.182060266438,0,-0.155647690322,-0.147710191415,0,0,-0.171236523897,0,0.285103365427,0,0.0679778388253,0.15553783006
2021-03-15,0,0,0.138900418818,0,0,0,-0.0911716689585,0.21836550323,0,-0.263748662017,0.0906157719834,-0.227490806787,0,-0.10976386292,-0.057824999318,0.128769623193,0.173348682776
2021-03-16,0,-0.220876757606,0.119594617894,0.0958399268114,0,0.400143235707,0,0,-0.157051473752,0.156465572693,0,-0.252547965278,-0.078408174131,-0.291115629233,0,0,0.227956646895
2021-03-17,0.146059765322,-0.161194553402,0,0,0.131864727463,-0.114923974391,0.0430725954731,0,-0.291333869523,0.220079569541,0.208923342201,-0.0610342434417,0,0,-0.121513359241,0,0
2021-03-18,-0.234824130179,0.136594696952,-0.137386228338,0,-0.110288757288,0.157465017193,0,-0.1639457748,-0.103555109395,0,0,0.0895963862188,0.267677128784,0.0986667708524,0,0,0
2021-03-19,0.0844423108359,-0.111580207519,0,0,0.252756190348,-0.167634293073,0,0.184182777066,0,-0.219050663092,0,-0.113159163881,0,0.116813123304,-0.138575672435,0,0.111805598447
2021-03-22,0,0,0.125232543872,0.147664239525,0,0.143409301359,0,0.196240415807,0,0.387453499437,0,-0.109803712457,0,-0.355585084301,-0.21551257537,-0.0822991985834,-0.236799429289
2021-03-23,0.110885491761,0,0.157375544138,0,0,0.168300907067,0,0,0,0.153806255389,-0.188467976619,0,-0.141134176945,-0.113795150402,-0.126125757489,-0.180476938545,0.159631801644
2021-03-24,0,0.076270390324,0,-0.128020947406,0,-0.264126078851,-0.122740967077,0,-0.155287509029,-0.079824497637,0.137379612989,0.125897141225,0,0.230400198135,0.180052657327,0,0
2021-03-25,0.0981708410772,-0.0892689094443,0,-0.188202752052,0.13159020071,-0.107874189836,0,0.142641319034,0,-0.293176060699,0,0,0,0.318726063225,0.0588715759543,-0.071478087969,0
2021-03-26,0,0.29245599506,0.0937501559905,0,0,-0.173176387039,0,0.28587593227,0,-0.196827539035,0.136163302353,-0.178722390313,0,-0.237023495887,-0.214250187725,0.191754614328,0
2021-03-29,0.131104433619,0,-0.126095188911,-0.107428409474,0.24211169549,0,0,-0.177274461755,0,-0.265362816737,0,0,0.0833696498596,-0.323839123123,0,0.369934147297,0.173480073734
2021-03-30,0,0,0,-0.255175703884,0.429931312665,-0.198042102086,0.167959690587,0,-0.207288814074,-0.219771268916,0.135431791396,-0.119722111041,0.177188298425,0.0894889069266,0,0,0
2021-03-31,0,0.173132552906,0.126410710587,-0.286094925473,-0.178678400724,0,0,0,-0.138918629175,0,-0.0925746959758,0,0,0.148719422096,0.167684194314,0.134053120097,-0.0537333486524
2021-04-01,-0.0961599034124,0.288216023003,0,0,-0.190954325702,0,0,0,-0.261801332754,0.0936106046808,0.107648846602,0,0,0.414085698112,-0.0572877596215,-0.39379667851,0.0964388276013
2021-04-02,-0.0622791575174,-0.134344368424,0,-0.318518510422,-0.389540000934,0,0,0.192693025699,0,0.19120791686,0,0,0.0991694405086,-0.0953179627023,0.157301492662,0.359628124271,0
2021-04-06,0.0921966240237,0.160103166475,0,-0.187477063662,0,0,-0.112529488117,0,-0.120670260191,0.263904456209,-0.20068432546,-0.12863886257,0,0.0664523980709,0.167343355221,0,0
2021-04-07,0.284726409227,-0.0671016208403,0,0,-0.239760949632,-0.28456065757,0,0.167704905001,-0.0672306381944,0,0.0943835368215,-0.0913461337626,0,0.0789697284529,0,0.124215420498,0
2021-04-08,0,0,-0.182145815614,-0.157502675148,0,0.0641582092448,-0.215441533215,-0.0608292519435,0.0689593328847,0.194526436669,0,0,0.184932132993,0,-0.134080724079,0,0.237423888208
2021-04-09,0,0,0,-0.147085424419,0,0,-0.0947353623175,0.0753354213576,-0.231594657713,0.129746941541,0.052644911624,0,-0.113521372034,0.399855873878,0,0.0924168515991,-0.163063183516
2021-04-12,0,0.165194840995,-0.107833478591,-0.259594787752,-0.238659804389,0,0,0.136187240599,0,0,-0.0577118570103,0,0.111896524879,0.256141918235,0,0.0805794752926,-0.0862000722576
2021-04-13,0.107300123267,0,-0.146498718654,0.0491599098517,-0.204182750329,0.444428589347,0,-0.24997814759,-0.0785618533783,-0.320778530048,0,0,0,0.296271032808,0,0.102840344726,0
2021-04-14,-0.143549541782,0,0.126685579806,0,0,0.103016268556,-0.145346912477,-0.174234903673,0,0.0942016686984,0.254435917803,-0.0494062123198,0,0.171660565137,-0.237462429749,0,0
2021-04-15,-0.143483351805,-0.0785603951967,0.123238602166,0,0,0.124579928811,0.0986875083653,0,0,-0.282413684781,0.298260645757,0,0,0.1052333149,-0.146065501908,0,-0.0994770663082
2021-04-16,0,-0.247634097752,0,-0.111841952862,0.269418193263,-0.123338697795,0,0,0,0.102978190465,0.167127077274,0,0,0.0901167471502,0.120359791848,-0.098017700765,-0.169167550826
2021-04-19,0,0.169183519408,0,-0.0788692180586,0,0.319542150849,0,0.154239054019,0,-0.179183804532,0.0702713251442,-0.164585496115,0,0.0367639505789,-0.222049910302,0,-0.105311570992
2021-04-20,0.140340973043,0,0.103773909641,0,-0.226382406894,-0.0634189090541,-0.0634138901512,-0.492607209648,0,0,0,0,0.0983958420981,0.455759889381,-0.154177584253,0,0.201729385837
2021-04-21,0.161163112661,0,0,0.118314619921,0,-0.134310566149,0,0.126201301985,-0.179441068655,-0.283046439871,0,0,-0.0436610645152,0.185230889098,0,-0.109540860811,0.159090076334
2021-04-22,0,0.146667614091,0,0.2403041831,-0.216179135993,0,0,0.187427887876,-0.198935144795,-0.127260955962,-0.173676814827,0,0,-0.283947948422,0.242437612036,0.183162702898,0
2021-04-23,-0.0733087058773,0,0.121868546349,0.0914687792887,0,0,0,0.337558485726,-0.187001629224,-0.255488080745,0,0,0.115066038766,-0.0835176091857,0,-0.150683974968,0.0840381498706
2021-04-26,0,0.105842742099,0,0.183474299168,0,-0.215496205542,-0.0657632020305,0,0,0.202130250221,-0.150287277187,-0.223311448837,0,0,-0.0951418664024,0.165422692765,0.0931300157466
2021-04-27,-0.199742421915,0.0958894801135,0.273885739808,0,-0.134306610425,0.104684614371,-0.227387578302,-0.112823039168,0,0.19690748391,0,0,0.0786326817974,-0.0757403501903,0,0,0
2021-04-28,0,0.0817205293571,0,0.336588947581,-0.125041246688,0,0,0.225614091079,0,0.119647156863,-0.286500886657,0,-0.17291140805,0.23642927512,-0.144523423777,0,-0.271023034828
2021-04-30,0.0947287633666,-0.154831162044,0.264511346739,0.0707782910047,-0.208910454112,0,0,-0.203421271817,0,0.196541890157,0,-0.0900864718943,0,0,-0.0927506401323,0,0.123439708732
2021-05-06,-0.197922383118,0.150057987075,0.168750250524,0,0,0,0,-0.164886747326,0.220626429879,0.103647443341,-0.185957064011,0,-0.286246457843,0.356917889181,0,0,-0.164987347701
2021-05-07,0.204499814625,0.0939690451367,0.110539415719,0,0,0.225722027381,0.115269697138,0,-0.233538805756,0,-0.0701254936919,0,0,-0.276719803987,-0.0800327860605,-0.0895831105048,0
2021-05-10,0,-0.188398564961,-0.271822642863,0.266982828472,-0.0978801901289,0,-0.115357826297,0,0,0.207854714675,0,0,-0.0765407757496,0.0841696038424,0.0993805631376,0,0.0916122898734
2021-05-11,0.351056990752,0.0522421772626,0,-0.199551099688,0.0902713041123,-0.0608956092969,0,-0.0608003030735,0,-0.263058173457,0.103761290088,0,-0.165694814484,0.152668237785,0,0,0
2021-05-12,-0.304075728584,-0.0946391506345,0.163550135067,0.0860838792412,0,-0.23750232098,0,-0.143446206525,0,0,0,0,0.138849169319,0.501492570524,0,-0.220336593276,0.110024245849
2021-05-13,-0.140591215855,0.152130379872,0,0.232064485472,0.160874755695,-0.111241465134,0,-0.135177718934,0.0900279519372,-0.24703647615,0,0,-0.115953123927,0,0,0.114902427024,0
2021-05-14,0.148903979663,-0.287398104641,0,-0.115018830777,-0.114325072271,0.244470609525,0,0,0,-0.122174491337,0.18174898896,0,0,-0.361083500973,0,0.226756454097,0.198119967754
2021-05-17,-0.124604027896,0.0976778109675,0.133464719185,-0.161912019104,-0.09295416593,0.212076914527,0,0,-0.258284304098,0,0,0,0.176816262701,0.12996429262,0,-0.112245482972,0
2021-05-18,-0.132087240687,0,0.0556406127504,-0.118042443722,0,0,0.199226520508,0.142560580525,-0.114814683281,-0.217226712578,0,0,0.0717714442708,0.280800841946,-0.167828919732,0,0
2021-05-19,0,-0.104044165525,0,0.169904085908,0.125623746149,0,0,0.0771257037613,-0.124533472132,0,0.109563809238,0,0,-0.273610363291,-0.137711251995,-0.110100747058,0.267782654944
2021-05-20,-0.0680528643102,-0.19964839154,-0.248868856708,0,0,0,0,-0.149621146303,0.142926280922,0,0.096315988346,0,0.126268215936,0.285119513447,-0.0838087411382,0,0.0993700013492
2021-05-21,0.124559293998,-0.195787973036,0.359483721902,0.0847959994886,-0.103878999104,-0.294351610259,0,0,0,0,0,-0.170972931243,0.261711900399,0.169449084213,-0.235008486358,0,0
2021-05-24,0,-0.290360814357,0,0,-0.0902776120905,-0.192086115114,0.107929974795,0,0,-0.0882474621164,0.0577912739205,0,0.120083435998,0.392236992868,0.0719583224179,0,-0.0890279963223
2021-05-25,0,-0.140603952318,0,0.128638395995,-0.350590491129,0,0,0.102624601396,0,0.352469714834,-0.177695735217,-0.224336469703,-0.106773351632,0.245367132004,0,0,0.170900155771
2021-05-26,0,0,0.211352424748,0.144655216661,-0.153278523113,0,-0.10273161955,-0.164614718879,0,0,-0.225459653703,-0.103915484756,0,0.0933962361808,0.189005221365,0.111590901045,0
2021-05-27,-0.225916382651,0.108816378456,0,-0.0915179728099,-0.27817828092,0,0,0.0983138282128,0.183492630083,0.293525860928,0,-0.0928782112926,0,0,0.0658513023205,0,-0.0615091523265
2021-05-28,-0.479481972842,-0.0997580705655,-0.103525926549,-0.213094040318,0.0979118818436,0.120029934833,0,0,0,0,-0.104139989726,0,0,0.171750919167,0.203856524579,0.406450739577,0
2021-05-31,0,-0.0835275837468,0.116364423342,-0.209653080863,-0.0944923402611,0,-0.364960507387,0.378863807696,0,-0.247366487743,0,0,0.296346170828,0,0.12492118218,0,0.0835044159537
2021-06-02,-0.102383272895,0,-0.0674583154563,0.0725121338227,-0.298300897832,-0.0551333554005,0,0.0838815751886,0,0,-0.226724158416,0,0.0757844496239,0.262825053312,0,0,0.254996788053
2021-06-03,0.119465699095,0.194543536992,0.071891544505,0,-0.233269203208,-0.117165624976,0,0,0.0737793098592,-0.237164800926,0,-0.0814505681679,-0.0809498027224,0,0,0,0.290319909549
2021-06-04,0.10807904738,-0.109215655746,-0.151562506856,-0.080782228442,0,-0.291356804643,0.0478333323994,0.200315257531,0.263876512107,0,0,0,0,0,-0.117082804313,0,0.129895850583
2021-06-07,0,0,0,-0.135477998361,-0.216658476464,0.151600748642,0.220197186842,0.36163776718,-0.272890876684,0.158389743205,0,0,-0.137133338797,0,0,0.10817455413,-0.237839309694
2021-06-08,0,0,0,0,-0.338207688871,0.1135054948,0,0.169264100254,0.108972201917,0,0,-0.0505165523648,0.2297631858,-0.175005974189,-0.127739794177,-0.0585299903975,0.128495017229
2021-06-09,-0.10039448029,0,0,-0.228132150439,0.265482897023,0.190074455763,0,0.140119939006,0.0341550362849,0.120167671923,-0.179486495263,0,-0.0711691019231,-0.170817772084,0,0,0
2021-06-10,0,-0.173453121564,0.108599603105,0,0.299328027532,0,-0.159706855618,-0.166297627256,0,0.124634590878,0.11932734048,-0.162829918759,0,0,0.0981104380057,-0.0877124768028,0
2021-06-11,0.13365710266,0,0.177826451774,0,0.16859362735,0.168699543992,-0.120844308092,0,0,0.101223274224,-0.167088525778,0,-0.0806467308785,-0.255811589475,-0.125608845777,0,0
2021-06-14,-0.082669393476,0,0,0,-0.22839280753,0,0.170092236222,0.124325040536,0,0.0917121258479,-0.112135019807,0,0.15549372836,0,0.208376869033,-0.10416905814,-0.222633721047
2021-06-15,-0.157814004817,0.150512894755,0.124536986868,-0.134344218177,0,0,0,0,0.0869449940713,0.275140917404,-0.163859641589,0.112864206902,0,0,-0.148298365408,-0.145683770009,0
2021-06-16,-0.0386337520586,0.122842245558,-0.287192114916,-0.0984971122442,0,0,0,0,0.126321386769,0.219650193415,0.185230023749,0.0959561505105,0,-0.038169168337,0,0,-0.287507852444
2021-06-17,0,0,0,0.144096490721,0,0,-0.135674672666,0.182340457739,0.213948176849,0,-0.13844625055,0.127661463988,0,0.331953410703,-0.422207864063,-0.144592817199,-0.159078395522
2021-06-18,-0.106543149943,0,0.326597840259,-0.246232511362,0.20721805362,0.198767302143,-0.128568067648,0,-0.364041962451,0,0.120664761326,0,0.146752042652,-0.154614308597,0,0,0
2021-06-21,-0.205281314348,0.0543124565999,-0.132100856945,0,0.0918369887482,0.333717895533,0,-0.0945995050577,0,0,0,0.0859530223184,0.1841796368,-0.27664626073,0,0,-0.0413720629193
2021-06-22,0,0.145417513455,-0.162073451378,-0.159033673736,0,0.146139838954,0.300194933979,0.0632831052962,0,-0.141565804865,0,-0.071419685663,0.0949646083149,-0.215907384358,0,0,0
2021-06-23,0,0.148133225671,-0.273186281593,0,0,0.190537000592,0,-0.115890326495,0,0.123191319913,0.210564927142,0,-0.118748051439,-0.0831840105978,0.0775735266823,0,-0.158991329875
2021-06-24,-0.171578993091,0,0.18298125132,0,-0.120984177777,-0.212942678228,-0.248990765409,0,0.133599446636,0,-0.245503385495,0,0.152044191165,0.160198563961,0,0,0.371176546918
2021-06-25,-0.155692097656,0,0,0,0.243970713179,0.183444913429,-0.185984984789,-0.12087910827,0,-0.173040378367,0,0.0301373199267,0.261021569373,0.281425484092,0,0,-0.364403430918
2021-06-28,0.218357347862,0.0806785471771,0.143013586195,0.0857125432907,-0.162693972265,0,-0.134860668321,-0.135013046781,0,0,-0.133434057421,0,0,0,0,-0.183998255213,0.222237975475
2021-06-29,-0.174939223527,-0.192347705326,0.139527915372,0,0.083668267618,0,0.187963898751,0,-0.234358761519,-0.0662259790893,-0.0821283305389,0,0,0,0.260550731181,0,0.0782891870781
2021-06-30,0.0660398693093,0,0,-0.121489691793,0.091441075463,0.210925384952,0,0,0.185773194532,-0.125994639184,-0.274458068567,0,-0.0590706339085,0.195820475744,0,-0.168986966547,0
2021-07-01,0,0,0.102907697579,0.0868033032592,0,0.135528208289,-0.0685326799481,-0.268682374129,0,-0.0617707179559,-0.128248745565,0,0,0.256064378647,-0.222765482402,0.168696412226,0
2021-07-02,-0.0605782920864,0,-0.353149002242,0,-0.17751681431,0,0.0930797160625,0.0656372256348,-0.319637118548,0,0.227868157958,0,-0.0891187728136,0.393184470887,0,0.220230429458,0
2021-07-05,0,0,-0.086704612934,0.164250901468,0,0.163436002965,0,-0.16597899893,-0.143019407261,0.209805925984,0,-0.163479868761,0,0.208404914017,-0.440817112114,0.254102255566,0
2021-07-07,0.112466270118,-0.144074988566,0,0.107457467534,0,0,0,0,-0.111858715965,0,-0.109675209822,-0.072027653822,0,0.135758416101,-0.312363431825,0.169823903537,0.22449394271
2021-07-08,0.173563867635,0.106936403631,0,-0.105472785323,0,0,0.0889647911961,-0.267719474215,-0.109551694339,-0.0870218603242,0.26774444989,0,-0.180234185799,0,0,0,0.112790487648
2021-07-09,0,0,0.179231605011,0,0,0.0794716051293,-0.129147663087,0,-0.23324709242,-0.144864065721,0.111705749353,0,0,0.296110823483,-0.059710220648,-0.183030958123,0.0834802170248
2021-07-12,0,0.277826739852,-0.148757022971,0,-0.18440146183,0.0895323305185,0.200395487539,-0.223405084557,0,0,0,0.13593511623,0,-0.129451082327,0,-0.063985348316,0.0463103258615
2021-07-13,-0.392245363567,-0.235400454121,0.192249854909,-0.077062853283,0,0,0.247023396836,0,0,0.128605610961,-0.060934611923,0,0.183140591382,0,-0.234356717106,0,0.248980545912
2021-07-14,0,-0.134895380217,0.158003386794,0.11964630415,0,0.199827914467,-0.126487695162,-0.399410640744,-0.143919985704,0,0,0,0.391201100946,0,0,0.131321293643,-0.195286298173
2021-07-15,-0.182566407318,0,0.364512874654,0,0.144548810796,0,-0.149571202329,-0.146344477752,-0.152220816366,0.144528546727,0,0,0.0680792713625,0.278330496461,0,0,-0.369297096234
2021-07-16,0.207368947507,-0.197372683439,0.0991085495958,0.228604143279,0.112499214205,0,-0.11592894954,-0.260546324913,0,0,0.102419145413,0,0,-0.0882053855454,0,0,-0.0879466565631
2021-07-19,0.178263725704,-0.183323243192,0.0811879117794,-0.247364309892,0.244256836849,0,-0.0771704741166,0,0.0897755786764,0,0.15651594699,0,-0.13395649387,-0.108185478929,0,0,0
2021-07-20,0.0989461547871,-0.13766133834,0,-0.169463955422,0,-0.0668069995547,-0.0744409713006,0,0.0611012709203,0.112538209537,0,0.189820072725,0,0,0,-0.301626735383,0.287594292031
2021-07-21,-0.179584728439,0,0.266479913938,-0.131585404324,0,0.0920624087616,0,0,-0.185181962848,0.234306879933,0.0638276121633,0,-0.12489673274,0,-0.128751171648,0,0.0933231852041
2021-07-26,0.128702489696,0,-0.252330139284,0,0,0,0.0560595451585,-0.162958420919,0,0.272446742689,0.169216718069,0,-0.0779963328773,-0.16850466013,0,0.123574504388,-0.0882104467894
2021-07-27,-0.1889146854,0.21469285945,0,0,-0.256119092504,0.212027404018,-0.104538132847,-0.318474950218,0.0960946547552,0.279341452585,0,0,0,0.197843629191,0,0,-0.131953139032
2021-07-28,0.149535547398,-0.163483265549,0,0.0876959365859,0.171945665103,-0.149394982745,0,-0.13722630273,0.106810445527,-0.177885274435,0.234012405385,0,-0.12201017454,0,0,0,0
2021-07-29,-0.114197153161,0.161312071482,0.102070330473,-0.110360559104,-0.243235120133,0,0,-0.16545910404,0,0,-0.116748063563,0,0.210481264218,0.14207193088,0,0,0.134064402947
2021-07-30,0.144960121208,0,0.160652791456,0,0.21419180498,-0.207604861759,0,-0.244036277902,-0.119730458247,-0.384052412381,0,0.124074580279,-0.0445759897115,0.356120702076,0,0,0
2021-08-02,0,0.17621680398,0,0.120451395431,0,0,0,0,0.215549042986,-0.18489124653,-0.0869633567822,0.143997928973,-0.194404815585,-0.131466974907,-0.152273606194,0.09378482863,0
2021-08-03,0,0.19202546146,-0.105892124744,0,0.194082675858,0,-0.199565559238,0,-0.126245419525,-0.198279663039,0.167076020372,0.117898271865,-0.370017233453,0,0,0.328917570444,0
2021-08-04,0.163938318175,0,0.0784824603127,0,0.12781718711,0,-0.176909198557,-0.0848590026964,-0.200524016987,-0.196663265893,0,0,0,0.31080465408,0.0689573803219,-0.0910445158662,0
2021-08-05,-0.170216659979,0,0.162048047333,0,0.0488817655647,-0.116433155139,-0.0989575853788,-0.218878188334,0.176639892983,0.259767007021,0,0,-0.145514411169,0,0,0,0.102663287098
2021-08-06,0.230579919864,0.186507009565,0.183973079029,-0.138525330207,-0.362786431607,0,0,0.159451104764,0,0.239488886778,0,-0.191781642443,-0.179698572823,0,-0.12720802292,0,0
2021-08-10,0.13753615039,0,0.164463644741,0.299370894787,-0.0980397088294,-0.277725836733,-0.129979503828,0,0.347863160685,0,0,0,0,-0.192280814081,-0.301974136529,0.0507661493972,0
2021-08-11,0,0,-0.190892382259,0.279518114838,-0.211659583144,0,0.106299386742,-0.167019781375,0.171122830287,0,0,0,0,0.230504026927,-0.242093147803,0.212555641206,-0.188335105419
2021-08-12,0,0,0,0.180458977484,-0.379401899924,0.234009444279,0.203597783021,-0.18629603609,0,-0.0255472211392,0,0,0,-0.327638893476,-0.0811159493701,0.203749045536,0.17818474968
2021-08-13,-0.163091662328,0,0,0.181913722664,0,0,-0.244520981604,0,0,-0.111686719881,-0.103809178832,0.138436052607,0.155038697053,0,-0.126891457355,0.148683866649,0.125927661027
2021-08-16,-0.0791767923754,0,0.0714273339423,0,0,0.130442595031,0,-0.155260300511,0.226467774492,-0.295154777189,0,-0.102772281307,0,0.131470555189,0,-0.117635848617,0.190191741346
2021-08-17,-0.0897601912084,0,0.06758679389,0,0.0486167710681,0,-0.10641703016,0,0,0.230455584539,0,-0.0587616945259,0.0572636018162,0.346077248687,-0.161416058593,-0.333645025513,0
2021-08-18,0,0,-0.228088575299,-0.13739893197,0.251495141682,-0.065732005553,0.090334624065,0.143904542146,0.093163946013,-0.242798169204,0,0,0,0,0,-0.0759823179735,0.171101746094
2021-08-19,-0.199248962493,0.243564886027,0,-0.237306908871,-0.340299376224,-0.113260845392,0.118850223405,0,0,0,0,0.101488997049,0.351332383495,0,0.184763510024,-0.109883907021,0
2021-08-20,0.191620419084,0,0,0.262414579267,0,0.137388314609,0,0.297642595499,-0.469010392973,-0.160394831763,0,0.110934091541,-0.0175950519857,0,-0.0651157829993,-0.287883940279,0
2021-08-23,0,0.124501261128,0,-0.136007874746,-0.11343740905,0,0.312545695701,0,-0.116801656859,0.132775309708,0.0712504848123,0.108927248651,0,-0.143032192487,0,-0.240720866858,0
2021-08-24,-0.348458514348,0,0.154566233261,0.220681219647,0,0.326212174689,0,0,-0.117531425222,0.129404720389,-0.237061004375,0,-0.178790937028,0,0.169135652014,-0.118158119027,0
2021-08-25,0,0,0.156928327641,0,-0.160676086289,0.132374966159,-0.150165308972,0,0.104300832199,0.220769113122,-0.142995660939,-0.11043773263,0,0,0.13562676088,-0.185725211169,0
2021-08-26,0,-0.243812969692,0.123098082577,0.126714206679,-0.346624993418,0,0,0.107864313336,0,0,-0.126522757427,-0.134870134489,0,0.512019299578,0,0.13030409783,-0.148169144974
2021-08-27,-0.187948692196,0,0.212687478797,-0.154012015294,-0.167158522685,0.143872943968,-0.155526672845,0.168681970999,0.185812737087,0,0,0,0,0.288944869149,0,-0.33535409698,0
2021-08-30,0.0741028028326,-0.198721779186,0.3308230923,0.329750311661,-0.182899010246,0,-0.246437753546,0,0,0,-0.181449774086,-0.190491682936,0,0.143672769365,0,0.121651023842,0
2021-08-31,0.265250988546,0,0,0.132552588248,0.0711739441893,0,-0.11210728572,-0.0732689538549,0,0,0,0.120206389451,-0.177549426637,0,-0.0975942002151,-0.289480133573,0.160816089565
2021-09-01,0.152507038322,0,0,0.208121771644,-0.0931712856988,-0.207059721327,-0.0651080032059,0,0,0,-0.198895502793,0,0,0.124101361446,0.142051218595,-0.185765486975,0.123218609994
2021-09-02,0.162716935703,-0.18223557358,0,-0.31860510815,0,0,0,-0.13039257642,0,-0.169020409804,0.0859884546257,0.396786085413,0,0,0.121747595664,-0.199746332046,0.232760928595
2021-09-03,-0.152971469578,0,0.145970836138,0.150866631155,0,0,-0.218698778811,0.208706417215,0,-0.220129816356,0,0,0.102787263516,-0.0832352547922,0,-0.0749646804631,0.141668851975
2021-09-06,-0.165825596873,0,0.233086092307,0.312901290275,0,0.0325150490659,-0.196643288962,-0.172146709064,0.152759405736,-0.116207696988,0,0,-0.0991767081144,0.0187381626163,0,0,0
2021-09-08,-0.398663675168,0,0.180805524678,0.198865421244,-0.0999072379375,0.223454821441,0.176725742986,0,0.220148489651,0,-0.292451388445,0,-0.103358843333,0,-0.105618855116,0,0
2021-09-09,0,-0.297840650369,0,0.424805788119,0,0.116362536257,-0.133175263351,0.152545500139,0,0.21568338736,0.0906027881246,0,-0.221773006178,-0.239373094279,0,0,-0.107837985824
2021-09-10,-0.215914045195,0,-0.154233108737,0,-0.17564600948,0.0538570330848,0.0573121952618,-0.111629094904,0,0.23591482655,0,0,0,0.338984616063,0.0639313290403,-0.0925777416837,0
2021-09-13,0,0.108609726704,0,0,-0.0898712606159,0,0.185683695138,0,0.16524763875,-0.265793952856,-0.097796496951,0.165017317429,-0.223051856835,0.125441621978,0,0,-0.0734864327413
2021-09-14,-0.10116131011,0.0747026349216,0,-0.202178493651,-0.260030905909,-0.105445712104,0,-0.331183578227,0.057940613716,0,0,0,0,0.365925882588,0.217630298253,0,0.283800570522
2021-09-15,-0.196210847182,0,0.0675005894871,0.245894773769,0,-0.162065579759,-0.0663875144788,-0.20155288402,0.182872936714,0.0682610678486,0.185470632181,0,0,0,0,-0.12378317456,0
2021-09-16,-0.160872553266,-0.134042004441,0,0.194373688426,-0.152158251646,0,0,0.116367105347,0.117118389054,0.274905554787,0,0,-0.155841858403,0.0472352623861,0,0,-0.147085332245
2021-09-17,-0.122071399804,0,0,0,-0.184836135081,0.130640743424,0,0,0.125659405357,0.142427428648,-0.0732095472029,0.206781360143,-0.172358655195,-0.197524262717,0,0,0.144491062427
2021-09-21,-0.190144957888,-0.163054973947,0,0,-0.36253859857,-0.114515248233,0,0.222254271463,0.304516423094,0,0.106273035869,0,0.0873258269877,0.279630442587,0,0,-0.169746221362
2021-09-22,0,0,0.104420379002,0.136615232176,0,-0.0888914357154,0,0.194571387241,0.0744489571682,0,-0.0791065675768,0.239944044412,0,0,-0.310532724686,-0.113029678436,-0.158439593586
2021-09-24,0,0.400447561957,0,0,-0.262583342645,0,-0.101400963846,0.244868131891,-0.211431819159,0,-0.301608608421,0.100852684152,-0.122975265929,0,0,0.133526434369,0.120305187632
2021-09-27,-0.177043555143,0,0.233651144787,0.179659398101,-0.180053061533,0,0.097543103063,0.306352030651,0,0.182794323398,0,0,0,0,-0.225469942508,-0.197877171708,-0.219556269108
2021-09-28,0,0,0,0.40168752063,-0.362817483517,-0.0967192716093,0,0.0840168056288,0,0.131305706438,-0.179150499892,0,-0.291377281241,0.216698610539,0,0.166291356765,-0.0699354637399
2021-09-29,-0.177541938463,0,-0.466417668433,0,-0.131385976803,-0.074587564865,0,0,0.278417321414,-0.150066851436,0.0768204251575,0,0.0797504111729,0.273644087441,0,0,0.291367754815
2021-09-30,0.126128746153,0,0.376752539214,0,0,-0.122629903065,0,-0.221292127593,0,-0.239505488937,0.198503250153,-0.137522631137,-0.279049849269,0.121654091932,0.176961372548,0,0
2021-10-01,-0.177194655275,0,-0.0993987462845,0,-0.164098974278,0,-0.199920813166,-0.359386810997,0.34946645495,0.163342071323,0.17115508128,0,0.139654903802,0,0.176381488645,0,0
2021-10-04,0.10298940236,0,0,0,0.237838889586,0,0,-0.202967933753,0,0.17172702012,-0.130196803541,-0.159903832238,-0.147818567467,0.061890725298,-0.109112863001,0,0.175553962636
2021-10-05,0,-0.23945478243,0,-0.103715014306,0,0,0,0.0189309027309,0.209079748323,-0.0978971613812,0.157543483541,0,-0.117204812093,0.169998619929,0,-0.19172822979,0.194447245476
2021-10-06,-0.114142204878,-0.292193789338,0.270910429192,-0.184811488086,0.184414886195,0.207868107437,0.173375977295,-0.262614408148,0,0.163430599881,0,0,0,0,0,-0.146238109549,0
2021-10-07,0.378100041264,0.23310689296,-0.199507766292,0,0,0,0,-0.245570032788,-0.190237426321,-0.171522698045,0,0,0.0758380557236,0.195489431113,0,-0.193162076553,0.117465578939
2021-10-08,0.174868950335,0.15488521741,0.153625276984,0.0584817510967,0,-0.0979530972843,0,-0.153611956474,0,0,-0.176547247772,0.208138804174,0,-0.290508629673,0,0,-0.0313790687964
2021-10-11,0.371629187135,-0.104791913832,-0.338646261931,0,-0.368904362141,0.153761051262,-0.0889249355678,0.152911163112,0,0.0727007267728,0,0.248997871718,0,0,-0.098732526528,0,0
2021-10-12,0.152470515487,0.388526192848,0,0,-0.167939932078,0,0,-0.292106373796,-0.100453388931,0.082990246664,-0.283836340134,0.144835216259,-0.155663965061,0.231177828743,0,0,0
2021-10-13,0.144019101164,0.121814154565,-0.151711789097,0.21681731851,0,0,0,0,-0.181899505007,-0.131387458146,0.396075308765,0.121274116996,-0.381624841256,0,0,-0.153376406495,0
2021-10-14,0,0.143613194641,-0.075349940738,0,0,0.205073824054,0,-0.150411396487,-0.161671522368,-0.121796126731,0.113418783298,0.14083535346,-0.240771013677,0,0.147058844547,0,0
2021-10-15,0,0,-0.119911235909,-0.225466608438,-0.10053790417,0,0,-0.138004993509,-0.166079257974,0.145376352196,0,0.123766228716,0,0,0.188066555396,0.109924836624,0.182866027069
2021-10-18,-0.311073704932,-0.138756522111,-0.220169050128,-0.226872690665,0.145088933926,-0.103128032164,0,0.274037486929,0,0.21150447448,0,0,0,0.204276361063,0,0,0.165092743602
2021-10-19,-0.351211644499,0.304190420177,0,0,-0.126225242938,0.190675384448,0.135198550382,-0.137819494154,0.100535689896,0,-0.156963471548,0,0,-0.227780146861,0,0.269399955097,0
2021-10-20,-0.128708529888,0,0.200131530324,-0.161403539617,0.171122797729,-0.113690204599,0,0.0623308859079,0,0.225509477729,0,0,0.0909053083097,-0.263886423416,-0.0823113024806,0,0
2021-10-21,0.24137345995,-0.144520786988,0,0.103028813239,0.293476044747,-0.279975289408,0,-0.190991655262,0.15567196213,-0.247083816334,0,0,0,0,-0.137428452009,0.206449719935,0
2021-10-22,0,0,0,0.165623049793,0,0.12328892324,0.1055026465,-0.122070161055,0,0.14782393161,-0.103924737343,0,0.207761448857,-0.148108078881,-0.273400882046,-0.102496140675,0
2021-10-25,0.106503623839,-0.105044852665,0,0,0,0,-0.259098742297,0,0.188676345986,-0.234546507085,0,-0.0802740357467,-0.071035862206,0.266922342636,0,0.0980566883685,0.0898409991711
2021-10-26,-0.268804244797,0.106125030953,0,0.195473434817,-0.119038682959,0.160538491554,-0.114737975141,0,0.14142827656,0.146434766115,0,0,0,-0.168147485158,0,-0.0792716119453,0
2021-10-27,-0.0932508379566,0,0,0.163937574961,0,-0.240771337822,-0.067081958608,0,0.194832284759,0,0,0,-0.260447365928,0.0995344040009,0.0849308965057,-0.0884484996854,0.206764839774
2021-10-28,-0.228323156128,0,0.153179687388,-0.265765431593,0,0,0,0.216140090639,0.2146821334,0.294096217675,0,0.121901870898,0,-0.246667941795,-0.0973488158311,-0.161894654653,0
2021-10-29,0,-0.0963842486353,0,0.161961825486,0,0.195470085717,-0.241084687203,0,-0.102637263081,0,-0.200129080581,0,-0.1097647205,0.114422971069,0,0.105991195135,0.172153922593
2021-11-01,0.0630026609465,0.152961498342,-0.288520928872,0,0,-0.0427581127494,-0.0328207319851,0.132395961734,0,0.303869794612,-0.134161967118,0.097770084365,0,0,0,0,-0.251738259276
2021-11-02,0,0.359439773423,-0.0882838275598,-0.100361584272,-0.193049465267,0,0,0,0,0,0.125208575844,0,-0.359769008951,-0.258536113951,0.155819730869,0.140395229348,0.219136690516
2021-11-04,0.234235359176,0.142595479178,-0.0471681399072,0,0,0,0,-0.25118389018,0,0.193588016451,-0.169325632757,-0.139835853445,0,0,-0.14248648371,0.124578808342,0.0550023368519
2021-11-05,0,0.091932660868,0.0762406057386,0.217883373115,-0.237760058201,0,0,0,0,0.195298826617,-0.061130060444,0,-0.170595671134,-0.110242669091,0.168644533662,0,-0.170271541131
2021-11-08,-0.158712323624,-0.1015122931,0,0.11958362418,-0.215858698228,0,0.287717126621,0,0,0.115858714007,0.0691779755814,-0.165301389026,-0.108615296022,0,0.157662559611,0,0
2021-11-09,0,0,0.189185761989,0.145763195566,0,0,0.139720734305,0,0,-0.141241180883,-0.283011283483,-0.109003375117,-0.110439596979,0,-0.106304563538,0.0870162843186,0.188314023821
2021-11-10,0.150369902387,0,0,-0.131834755915,-0.216432317444,0,0.222126785178,0,0,-0.124716835379,0,0.115595445032,-0.134321257204,0.127296836169,-0.142694834057,0,0.134611031235
2021-11-11,0.162855842492,0,0.276161309303,0.112361196274,0.11330269006,-0.108158799361,0,0,0.0853189618707,-0.270175831262,0,0,-0.101647939271,0,0,-0.209822709749,-0.0601947203576
2021-11-12,0,0,-0.233216281135,-0.276934949782,-0.079328369121,-0.195762917029,0.0858144222492,0,0,0,0,0.1647567255,-0.214757482933,0.26838413945,0.127493979499,0.353550733303,0
2021-11-15,0.194876977048,0,-0.173170765758,0,0,0,0.14939369847,0.0306281454642,-0.125515437348,0,-0.0812749204093,0,-0.134342284289,0.17737690291,-0.235696592196,0.197724276108,0
2021-11-16,0.259727842015,0,0,0,-0.146059278373,-0.127930748058,0,0.149848901755,0,0,0.0920025868001,0,-0.226812888906,0.101137744217,-0.119858516337,-0.129338568326,0.147282925213
2021-11-17,0,0,-0.170621376499,0,0.142374792035,-0.142730142404,0,0.367107693503,-0.236854977564,0.163871331403,-0.277964107198,0,0,0.104237127036,-0.171829396335,0,0.222409056022
2021-11-18,0,0.122230242395,0,0,-0.168398067711,0.0738075071237,-0.145237656158,-0.171067519817,-0.339799774422,-0.175496981891,0,0.286118194563,0,0.406668213312,0,0,0.111175842605
2021-11-19,0,0,-0.138763006222,0,0,0.140323008588,-0.155950938615,0.114206593668,0,0.280251229346,-0.163352360502,0.107608224466,-0.179474263445,0,-0.112459431215,0.107610943933,0
2021-11-22,0.0587157308972,0.268700298031,-0.463951984698,0,0,0,0.106260939844,0,-0.0640706952992,0.239398332619,-0.0729912126554,0,-0.18508503078,0.32692469861,0,-0.213901076567,0
2021-11-24,0.29941297385,0,0.10261948838,0.275496340022,0,-0.194889911317,0,0,-0.129481593833,0,-0.11249776958,0.0749265820491,-0.198487173694,-0.364643551575,0,0,0.2475446157
2021-11-25,0,0.156300808908,0,0.0506449190938,-0.203935812581,-0.265263922914,-0.154982655139,0,0,0,0,0.176967864986,-0.138065760704,0.283110077039,0,-0.237751848663,0.332976329973
2021-11-29,-0.195999567151,0.210568966514,0,0,0.152592824993,0,0.112973958282,-0.074867686781,-0.208625373425,-0.150732299722,0.100720436067,0.173143814144,0,0,0,-0.11977507292,0
2021-11-30,0,0,0.108206874065,-0.102371603831,-0.212990091332,0,0,-0.0729072362638,0.178567032066,0.221685743437,0,0.0968009851878,-0.142036395273,0,0,-0.2196946733,0.144739365244
2021-12-01,-0.302118134244,0.192461153972,-0.162668779985,0.293072785105,0,0,0,-0.173697781907,0.133855726271,-0.161532566281,0,0.268692876628,-0.199982737583,0.111917458024,0,0,0
2021-12-02,-0.080005154782,0,0,-0.276836624328,0,0,0.131263677436,-0.0919530978461,0.269084508231,-0.231890327093,0.112836227418,0.122167366186,0,0,0.114648220729,-0.0693147959509,0
2021-12-03,0.131081954644,0,-0.272092187661,0.081495934592,-0.272092187661,-0.0502396801293,0,0.124272659149,-0.0351222442139,0,-0.120453700335,0,0,0,0.159855910605,0,0.25329354101
2021-12-06,0,0.169578386684,0,-0.350597222887,-0.0490745031229,-0.171851696181,0.204669834682,0,0,-0.253739118347,0.377830861334,0,0,0.0868131592659,0.161107758035,-0.174737459463,0
2021-12-07,0.205375399757,0,0,0.111142633179,-0.171493717921,0,0.135236015583,-0.121072748926,-0.168141922477,-0.121602647064,0.109082125294,-0.167688963612,0,0,0.189163826186,0,0
2021-12-08,-0.143411976504,-0.269610471992,0,-0.169834372388,-0.167909608171,0.252925908379,0.109788012199,0,0,0,0,0,0.176179537073,-0.249233570944,0.11714850435,0,0.343958037998
2021-12-09,-0.214566242128,-0.163530552172,0.0528799238708,0,-0.172059513722,0.185688371467,0,0.160536904023,-0.0965868367238,0,0,-0.103256855255,0,0,0.117434324026,0,0.233460476613
2021-12-10,0,-0.1423494232,-0.202312852947,-0.272423935671,0.362833151844,0,0.0827538812302,-0.198606364174,0,0,0.156776151366,0,-0.184307424008,0.33330748233,0.0643293332302,0,0
2021-12-13,0.0916422444272,-0.145171265205,0,0,-0.114229023466,0.0617977127887,0,0.274193272747,0.0481734972892,0,-0.17539018808,0,-0.137481513272,0.274193272747,0,-0.177728009976,0
2021-12-14,0.331145145645,-0.28229863498,0,0,0.11525865851,0.250062189303,0,0,0,-0.287481641829,0,-0.103089690446,-0.146263552507,0.199528069583,0,-0.180866480238,0.104005936958
2021-12-15,-0.237626547354,0,0,0.111345582184,0,-0.154022221061,0,-0.245826595912,0,-0.162877940659,0.150690099953,0,0.0987200417184,0,0.251006855642,0.388237420502,-0.199646695014
2021-12-16,-0.103346353935,-0.165145864398,-0.191161320979,0,0.208355116558,0,0,0,0.101897085781,0.434639868579,0.115528486627,0.139579442454,-0.15910448162,0,0,-0.381241979069,0
2021-12-17,0,0,-0.170592613474,-0.146164095663,0.227009051422,-0.176488079024,0.394958157603,-0.140313063436,0,-0.366442148403,0.0704397252213,0,0,0,0.161472141829,0.146120923925,0
2021-12-20,-0.336249767021,-0.0998241701169,0.313785230241,0,0,-0.108281674808,0,0,0.101856636617,0,-0.156022440615,0,-0.049621947439,0.0633575465363,0.0954509581153,0,0.175549628491
2021-12-21,0,0.11414871828,0,0,-0.199949999688,-0.160064024418,0,0,0.241068545885,0,0.109946077494,0.0847976429019,-0.14728302841,0.200039015439,-0.0730263842632,-0.169676563221,0
2021-12-22,0,0,0.133040768345,0.193065174164,-0.261221172381,0.301674901315,0,0.207491722414,-0.0947885726055,-0.209754848903,0,0,-0.184618418523,0,-0.249616987587,0.164727433761,0
2021-12-23,0.108553073715,-0.0985482252792,0.118215035642,0.235711768472,0,0,-0.0844173137903,0.16039554063,0,0,0,0,-0.349736687286,0.37712458154,-0.0715576855577,-0.395740088087,0
2021-12-24,0,-0.337898579149,0,-0.120993452262,-0.148368852021,0.123087534203,0.151651288526,-0.248729435656,-0.144009680912,0.28036618204,0,0,0,0.164367862961,0,0.280527132269,0
2021-12-28,0,-0.0845130432086,-0.0750087387696,0.134275924047,0.0701593178967,-0.271657095881,0,0,-0.243390657733,0.108570418897,0,0,0.214006010607,0,0,-0.0754304644086,0.222988328552
2021-12-29,0.105196993862,-0.150332375334,0.356835119268,0,-0.200131359226,0.114521851087,0.270180548963,0,0,-0.152156875644,-0.106138857081,0,-0.391240532714,0,0,0,0.15326548682
2021-12-30,0.0903238104279,0,0,0.114510809854,0,0,0.108213173212,-0.0964133363767,0.306693163006,0.130259043501,-0.122433441484,0,-0.165767286874,0,-0.149134929365,-0.2162510059,0
2022-01-04,0.147280991662,0,-0.304302038433,0.109222290074,-0.174132073527,0.350949822639,0,0,0,0.241844178056,-0.174568535716,0,-0.160580134776,0,0,0.150702717569,-0.186417217548
2022-01-05,0.227594661088,0.122332365728,0,0,-0.280280908051,-0.18971900171,0.111803554718,0.30339937925,-0.350894284348,-0.0695399440044,0,0,-0.109565861887,0,0,0.234870039216,0
2022-01-06,0,0,0,-0.165078561974,-0.104083375788,0.0461228699834,0.268821796596,-0.155232290068,0,-0.351889185375,0.16421400034,0,0.234315938143,0,0,0.286525394938,-0.223716586795
2022-01-07,0,0,0.205844278236,-0.185596157059,-0.178785322518,0,0,0.10819083784,-0.182736755041,-0.0819122004788,-0.120969564903,0,0,0.0844674103881,0,0.294492947191,0.0570045263442
2022-01-11,-0.116942854692,0.0560521539411,0.208559406536,-0.101728411019,0.148000644793,0,0,0,0.269569049308,0,0,0.0678187454222,0,-0.31641629718,-0.090752271813,0,-0.124160165295
2022-01-12,0,0,-0.10830551759,-0.265652328788,0.127657667053,0,0.144028242232,0,-0.172586526186,0.113396670497,0,0,0,-0.146568387864,0.142832945988,0.22208447423,-0.0568872395723
2022-01-13,0.27967258723,-0.195532731189,0,0,-0.295850555618,0,-0.182232465159,0,0,0,-0.179242029809,0.0490467813167,-0.147142218225,0.213354767742,0.307641891863,0,0.150283971848
2022-01-14,0.0925487681941,0,0.208126221288,-0.129972454172,-0.163500514239,0,0,0.215540695256,-0.167042799682,-0.116465641025,0,-0.173018590882,0,0,0.103755527086,0,0.130028788176
2022-01-17,0,0.16359921389,0,-0.193231834767,0,0.256400932573,0,0,0.0597825223446,-0.0796526083962,-0.082048759255,0,-0.11794749257,0.148949250873,0.12126808032,0,-0.277119305013
2022-01-19,0,-0.209229313623,0.234519416825,-0.293165779196,-0.12190605347,0,0.249229526406,-0.119860832876,0,-0.255838020834,0.150983244568,0,0,0,0.219350793946,0,0.145917018255
2022-01-20,0.199133672256,0.267291536211,0,-0.363358530699,0,-0.161464255133,0,0,-0.204689939977,0.158542952876,0.17434421596,-0.129860890137,0,0,0,0.200687622697,-0.140626384053
2022-01-21,-0.112919253482,0.271738169466,-0.112462225628,0.113062145385,0,0.0844148864078,-0.187336418647,0,0,0,0.166550858161,0,-0.0626285845521,-0.274653517691,0,0.11423394058,0
2022-01-24,0,0,-0.178094029398,-0.193511244333,0,0,0.0849009745152,-0.0907924848777,0.105580125128,-0.179010712482,0.203428568116,0.0814625973013,-0.108591528909,0,0,0.27462773494,0
2022-01-25,0,0.119571551506,-0.283282903062,-0.0891708924003,0,0.230843382832,0,0.177059777113,0.0874805205889,-0.0616382432799,-0.191472535612,0,0,-0.124435425646,0,0.135044767961,0
2022-01-26,0,0.372708904956,-0.332976765318,-0.242282364004,0,0.117881481733,-0.154591266223,-0.0853628901548,0.147344211959,-0.184786714299,0,0.0763639843433,0.28570141701,0,0,0,0
2022-01-27,-0.285124381849,0.273138501968,0,-0.0253447922712,0,0,0,0,0.120794523879,0.166323411035,0,-0.285124381849,0,-0.0778103720966,0.0988650857212,0.0908784773971,-0.0765960719342
2022-01-28,0.312808382772,0.109458689462,0,-0.137365965375,-0.163625909575,0,0,-0.0902017259803,0,0.314333380641,0.169453989027,0,0.0939455580983,-0.337543908165,0,0,-0.271262490905
2022-01-31,0.421621883442,0.0953931692618,0,-0.37289485309,0,-0.116186192549,-0.13364824626,0,0.0707635452967,0.254257168213,0,0,0,-0.268568553695,0,-0.108702154406,0.157964233786
2022-02-01,0.162531366774,0.0897361683189,0.247014151291,-0.0253153792439,-0.0198959034069,0,0,-0.250321775498,-0.209296510208,0.163807932247,0.0869103813689,0,0,-0.245170431643,0,0,0
2022-02-02,-0.19167111134,0.193785123596,0,-0.158240430449,-0.0996509299128,0.0764508577588,0.150829022934,0.197297307815,-0.194840189631,0,-0.105597338667,0,0.131637687896,0,0,0,0
2022-02-03,0.24751247079,0,-0.0941697741905,-0.132440274896,0,0,-0.129151771942,0.173616817597,0.126750613331,0,0,0,-0.212420482441,0.0656860750616,0,-0.18181769653,0.13643402322
2022-02-04,0.209376996266,0,-0.0890772118334,-0.133067639119,0.0560269437496,0,0,0.182062828064,0.164566258378,-0.300029391583,0.137966973543,0,-0.128692462297,-0.0991332951668,0,0,0
2022-02-07,-0.189042716197,0,-0.188716771992,0,0,0.253473893918,0,-0.170706165088,0.162994490312,0.252164425618,0,0,-0.162166794381,0.257721176014,0,0.0736460141388,-0.289367552342
2022-02-08,0,0,0,-0.31340407113,0,0.264285016462,0.167277098355,-0.120493925924,-0.111756775113,-0.146545561751,0,0,0,-0.307799666083,0.222318939616,0.175231276361,0.170887669206
2022-02-09,0,-0.297748841622,-0.0574038159015,0,0.159623776131,0.0414229276499,0.12577149878,-0.131877159282,0.113080441363,0,-0.0854707401064,0,0.310101356075,-0.177499443088,0,0,0
2022-02-10,-0.363235184726,0,0.190198804429,-0.363235184726,-0.14994847584,0.185169755444,0.338224216868,-0.076772921152,0,0.189822567186,-0.0468082335551,0,0,0,0,0,0.0965846560741
2022-02-14,0.140106337884,-0.173759728048,-0.324828265739,0,0,0,0.237247405615,0,0,-0.160505392159,0.190756495211,0.144159920502,0,-0.170783669563,0.287729840788,0,-0.170122944491
2022-02-15,0.161486478765,0,-0.0560142722706,0,-0.238965174377,-0.0645433484278,0,0.0800204757685,0.0657837990689,0.404121626359,-0.121250740135,0,0,0,0.038587620039,-0.26922646479,0
2022-02-16,0,0.245906677087,0.0604593115214,0,0,-0.158356694245,0.146341615923,-0.0872068607599,0,0.119280677398,-0.125096994207,0,0,-0.272914974576,0,0.178011718071,-0.106424476213
2022-02-17,-0.210488830512,0.173763256887,0,-0.14923014355,0,0,0.0965789266866,0.350303027439,-0.350997712926,0.266254380622,0,-0.100104303576,-0.189179009435,0.113100408365,0,0,0
2022-02-18,0.184696967455,0.183685325793,0,-0.144395801412,-0.139103548251,0,0,-0.117567343189,0,-0.175204641558,0.135209717789,0,0.146545229937,0,0,0.0998627590265,-0.17372866559
2022-02-21,0.32254466946,0,-0.214795219016,0,0.0741847648801,0.115327786606,0,-0.264544758104,-0.0474593324352,0,0,0.107389353718,-0.0590235212985,-0.164177169146,0,0.130553425336,0
2022-02-24,0,0.30949303214,0.120016027477,0,0.180917545499,-0.226124553645,0,-0.195386334961,-0.151904884502,-0.296784996625,-0.129799230267,0,0.318041679326,0,0,0.0715317155579,0
2022-02-25,-0.194068613803,0.225418589433,0.254584706343,0,-0.133506612366,0,0,-0.264721388448,-0.0645693962457,0.0616938490273,-0.0931339891379,0,0,0,0.0831575086313,0.125145346565,0
2022-02-28,0,0,-0.124455382572,-0.312099099126,0,0.161507948215,0,0,-0.197154346459,-0.238359180747,0.176935066149,0,0.170593557803,0,0.277405843098,0.213557584734,-0.127931991096
2022-03-01,-0.241398464737,0.131636501071,0,-0.150424868515,0,0.232953909102,0,-0.0412474752613,0.0694057277531,0,0,0.0945500723444,0,-0.183432011537,0.22145378973,0,-0.13349717995
2022-03-02,0,0.159595669001,-0.154416642504,-0.100563190891,0.136371004145,0.175577548791,-0.206682219434,0,0,-0.174313153016,0.170186965628,0,0,0,0,-0.114024794155,0.108268812435
2022-03-03,0,-0.0683060876077,0.218525246262,-0.15729893746,0,0.269667716131,0,0.111914821112,0.0662522427252,0,0,0,-0.264690069745,0.0836399737698,-0.113602949218,-0.14610195597,0
2022-03-04,0.165357363222,0.094516979422,0,0,0.135457613853,0,-0.165022974952,0,0,-0.281032285869,0,-0.196638538085,-0.190484310036,0.42262456925,0,-0.166821891058,0.182043474253
2022-03-07,0.110216332711,-0.19620208301,0.322402927061,0.0975465295917,0,0.0857349401959,-0.0825173804458,0,-0.239788844725,-0.131366192855,0.38409927044,0,-0.350125498964,0,0,0,0
2022-03-08,0,0.204100934683,0,0,0.020785444531,0,-0.0761858397893,-0.19546349054,-0.131515429532,-0.132155124597,0.280163932176,0.10158371439,0,-0.214680115542,0.143365974219,0,0
2022-03-09,-0.274921854116,0.145547331556,0,-0.142101528121,-0.181874303312,0,0,-0.297878650249,0,0,0,0,-0.103223664202,0.0427090986179,0.238638459265,0.211400841571,0.36170426899
2022-03-10,-0.127888289427,0.36314712522,-0.309337189746,0,0,0.0855359401449,0,0.191066468893,-0.269775331576,0,0,-0.140159506123,0.239025238272,0,0.12122522747,-0.152839683128,0
2022-03-11,-0.202595541473,0.350910894224,0,-0.166179839387,0,0.18328747133,0,-0.0998228641305,0.102487087132,0,0.14045605847,-0.317504120055,0,-0.213897634954,0,0,0.222858488843
2022-03-14,0,0,-0.140093305696,-0.169938442516,0,0.210566272001,0.26406629724,-0.181149032046,0.149049936178,-0.368639193839,0.180428737834,0,0.195888756747,0,0,-0.140180025903,0
2022-03-15,0.277609868551,0.142081502439,-0.270230013036,-0.123200281203,0.271358581774,0,0.138188144188,0,0,-0.303980563691,0,0,-0.109983144228,0.170761903048,0,0,-0.192605997842
2022-03-16,0.265682994336,0,0.169725407006,0,0,0,0,0.141789250485,0.284627718591,0,-0.221336240552,-0.144454328664,-0.235402184649,-0.201526534661,0.138174629583,0,-0.197280711474
2022-03-17,0,-0.100955360814,0.122503567553,0,0,0.364993409756,0.189633523545,-0.265790277662,-0.103579497779,0,-0.250431204726,0.145417548078,0,-0.279243659019,0,0.177451951069,0
2022-03-18,-0.295550018846,0,0,-0.358913727176,-0.09891841002,0.386934797613,0.18495611791,0,0,-0.141532860714,-0.105084983244,0.153748291053,0.137781358085,0.136579435339,0,0,0
2022-03-22,-0.288513477269,-0.330001606263,-0.111985966992,0.120582915817,0,0,0.209124895954,-0.0844695878309,0,0,0,0.329386476273,0,-0.185029361644,0,0.187161999447,0.153743712509
2022-03-23,-0.280598719238,-0.214342835871,0.130339797266,0,-0.180889245692,0,0,0.265559362856,0,0.235387529214,-0.188356297118,0,0,0.237665921786,0,0.131047388879,-0.13581290208
2022-03-24,-0.338467236009,-0.179874384069,0,-0.0847354184834,-0.279324838951,0,0,0,0,0,-0.117598122487,0.0785632926009,0,0.367958596435,0.143517301062,0.274839111557,0.135121698346
2022-03-25,-0.124848673181,0,0.0566821793459,0.0660767355313,0,-0.275129861789,0.153433304538,-0.129200349152,-0.133631158113,0.264216082682,-0.0871899577642,0,0,0.209591697903,0,0,0
2022-03-28,0,-0.274312566136,0,0.276899430372,-0.179104659385,-0.310612531243,0.270228913485,-0.126096269639,0,0,0,0.11504264606,-0.109873973598,0.111942437152,0,0.225886572932,0
2022-03-29,0,0.162415574024,-0.0795480652322,0.192484222812,0.0613969769083,0,0,-0.201105471493,-0.057865287673,0.155109865662,0,0,-0.181368765623,0.178593360594,0,0,-0.230112409979
2022-03-30,-0.125620475026,0.186383421786,-0.288498648357,-0.222248838386,0,0,0.173992098044,0.357274702018,-0.152299034413,0.139673939524,0,0,-0.211333003819,0,0,0,0.142675838628
2022-03-31,0,0,0,0,0.063291440454,-0.0901731940617,-0.207539164463,-0.14478740494,0.154647542646,-0.0936759036669,0.137586816209,0,0,-0.213824332868,0.302301592742,0.0921726079483,0
2022-04-01,0,0.152431206611,0,-0.0742482659076,0.130427722446,-0.208317915631,0,-0.248609446849,0.179187478644,-0.130247225608,0.113487616064,0,0,0.174465976235,0,-0.0885771460039,0
2022-04-04,-0.095366086665,0.182878167726,-0.2939079317,-0.125696434005,0,0.0500728985419,0,-0.105856750575,0.343050387926,-0.129172797055,0,0.0922363461311,0,0.0817621996744,0,0,0
2022-04-05,0,-0.176266863114,0.349669222491,0,-0.208008789327,0.0889014011009,0,-0.245404380811,0,0.239702322121,-0.193000583893,0,0,-0.177319382854,0.0646556457931,0.257071408494,0
2022-04-06,0.11498939092,0,0.213603416264,-0.115797870769,0.0673065900312,-0.0441092875951,0,-0.258165762633,0,-0.260886827138,0.257979359938,0,0,0.0961212428476,0,-0.0710402518647,0
2022-04-07,0.161551023714,0.222315517015,0.232409361848,-0.179245158793,0,-0.171881237609,0,-0.151016705324,-0.147467911505,-0.350388986769,0.172264722445,0,0,0.211459374978,0,0,0
2022-04-08,0,0,0,-0.125740977573,0.192688413262,0.267578917334,0,0,0,0.0447016611519,-0.13658175962,0.102536533968,-0.14039551581,-0.180369073092,-0.166912673905,0.142494474284,0
2022-04-11,0,-0.173843518207,0,0,0,0,0,-0.147876320414,0.231817000888,-0.19252868317,-0.347297619858,0,-0.138453858351,0.158100718315,0.160708582453,0.22290342916,0.226470269184
2022-04-12,0.0853160106666,-0.175984166887,0,0,-0.170496870908,0.0997354343932,0.312366734774,0,-0.130942385094,-0.0803957681393,-0.192180808972,0,0,0,0.178550662837,0.074031157329,0
2022-04-13,0.113197321779,0,-0.132421741179,-0.212435309313,0.246841494064,-0.103329174275,0.279588468539,0,0,-0.323604242044,0,0.110559031958,0,-0.228209533189,0.24981368366,0,0
2022-04-14,0.125174668589,0,0,-0.221138411596,0,0.208035433307,0.112982732939,-0.164369869,-0.14175917095,0.177155623445,0,0,-0.105549022695,-0.117183525759,0,0.12665154172,0
2022-04-15,0,0,0,-0.117686192979,0.126645133943,0,0.0501978462187,-0.115423814064,0,-0.199795170743,0,0.0858321688733,0.305801750876,0.181523100089,-0.254107693635,0,-0.0629871285786
2022-04-19,-0.209420758082,0,0,0,-0.237440760375,0.220362464186,0.12348018262,-0.0633147192543,0,0,-0.295176676109,0.139102936567,0,-0.194647086179,0.294900806259,0.222153610367,0
2022-04-20,0.232986625364,0,-0.203455427578,0,0,0,0.178724096023,-0.207047530097,-0.255583707762,0.335673525917,-0.175366496834,0,-0.158546837728,0.156565269211,0,0,0.0960504834841
2022-04-21,0.142781695164,0,-0.162062358917,-0.171443855138,0.307414096354,0.0927846602117,0,-0.175575715556,-0.135196373638,-0.355721696751,0,0,0.204477218437,0,0,0,0.252542329833
2022-04-22,0.0894290137032,0,0,-0.124828405646,-0.11305518505,0.173793690669,0.0882617910472,0,0,-0.191537637059,-0.200225000861,-0.120353771384,0,0.267378323247,0,0,0.131137181333
2022-04-25,0,0.255065578762,0.241174112939,-0.228031132581,-0.356241416957,0.179481795006,-0.105162957303,-0.111654778262,0,0,0,0.175813120791,0.148465392502,0,0,-0.198909714896,0
2022-04-26,0.233522778508,0,-0.21274528038,0.166419484348,0.146341245787,0,0,-0.152136242913,0,0,0,0.112044329242,-0.10580901107,-0.136652967163,0.0916721621144,0,-0.142656498475
2022-04-27,-0.196720846535,0,0,-0.191799956839,0,-0.0747539811187,0,-0.126986013761,0,-0.159739201745,0,0.111380904083,0.226430642608,0,0.101723394152,0.154318037023,0.156147022134
2022-04-28,0,-0.0648896034542,-0.0833327100513,-0.174628271194,0,0.154605514559,0.131905139439,0,-0.24900797651,0,0.230610349706,0,-0.17814143879,0,0.164963893778,0.0679151025181,0
2022-05-02,-0.325605399196,0,0,-0.242735139874,0.220631074411,0,0.15357576872,-0.115567261461,0,-0.105813305989,0.136197844219,0.279852603656,0,0,0.209742708995,0,-0.210278893481
2022-05-06,-0.1231941458,-0.276620745675,0.0877537922737,-0.0526100823206,0.178058875085,-0.125734302387,0,-0.171840723817,0,0,0.189377808696,0.0924487240525,0,0,0,0.202360799894,0
2022-05-09,0,0,0,-0.183913792558,0.190397973057,0,0,0.194862870987,-0.119016624855,0,0.310742066849,0.163922093954,-0.300727201185,-0.137876373961,0,-0.25846600744,0.140074995154
2022-05-10,0.211913708303,0,0.260621482025,-0.150009578234,0,0,0,-0.0810492217414,-0.2578603055,-0.197565244351,0.234273338467,0.138951923196,0,0,0.15423954801,0,-0.313515650174
2022-05-11,0,0.175904081825,0.190907660357,-0.200956255216,0.242478005999,-0.126424943693,0.0365725769149,-0.191716811207,-0.143232081639,0,0,0,0.104137674905,0,-0.0876699082441,0,0
2022-05-12,0,0,0.307331361568,0,0,-0.178433210505,0,-0.214435052782,-0.233557465447,-0.0617510207346,0.15202270611,0.0300048516513,0,0,0.132422441415,-0.0618232505319,0.128218639256
2022-05-13,-0.128790478905,0,0.0890954469695,0.176300179739,0.135883766754,0,0,0,-0.176451981839,-0.0663236862407,-0.0894362492392,0,0.104125584886,-0.288997603776,0,0,0.244595021651
2022-05-16,0.190783123407,0,-0.138874666346,-0.168632929367,-0.19687004476,0,0,0,0,0.205423334891,0.186634656597,0.0933566675937,-0.070190544925,-0.175431814602,0,0.0738022175112,0
2022-05-17,0.247830862982,-0.389559996378,0.215362930197,0.339236468593,0.0790988712744,0,0,0.118470866954,0,-0.223818069848,0,-0.181193899744,0,-0.0866634456513,-0.118764588378,0,0
2022-05-18,-0.283641861818,-0.218125305717,0.217649670184,0,0,0.109450613583,0.159584134467,-0.0483116038373,0,0.0906218563298,0,0,-0.111243639714,0,0,0.172693725436,-0.088677588913
2022-05-19,-0.389028868631,0.167359405145,0,-0.11300689031,0,-0.117789332451,0.121760029786,-0.202752843771,0,-0.177422064837,0,0.266141511078,0,0,0.131985119088,0.312753934903,0
2022-05-20,-0.293075807289,0,0.196035987108,-0.143970717166,0,-0.201201732599,0,0,-0.0453243113038,0,0.146531767717,0,-0.0664274316419,0,0.225685451651,0.0656836890597,0.116063104465
2022-05-23,0,0,0,-0.124688382413,0.266291427982,-0.0979884806079,0,-0.129349859673,0,0,0.161743920882,0.0981571321191,0.0805770981727,-0.215651135257,0.143230420844,-0.182322142049,0
2022-05-24,0.193045083092,0,0.152865722515,0,0.0855658831145,-0.123632610068,0,0.187800875676,-0.174239531534,0,0,-0.104098031666,-0.175491972563,0.130722435602,0,0,-0.172537854169
2022-05-25,0.166933428734,0,0,-0.0979873789211,0.140933740291,-0.091341597816,0,0.09903535719,0,-0.268566698678,0.251565260615,0,-0.150369786601,0,0,0.0915322131702,-0.141734537984
2022-05-26,-0.0795822298802,0.153754812754,0,0.153927069103,0,0.0927014042614,0.10615765542,0,-0.121488064428,0.243459058461,-0.257712609672,0,0,-0.179246754666,-0.111970341354,0,0
2022-05-27,0.210084238059,-0.163782731994,0,0.230033909386,0,0,0.153585131075,0.147684380213,-0.0891187584672,0.258612341268,0,-0.119080395152,-0.230272311443,0,0,0,-0.397745802943
2022-05-30,-0.152465715815,0,0.149904095169,0.121313303011,-0.219790812521,0.217010589558,0,0,0,0.140625819186,0,0,-0.123502534417,-0.137988854031,-0.116252083217,0.121146193077,0
2022-06-01,0,-0.0434144004329,0.126909809958,0,-0.194851879635,0,0,0.171942099784,0.201950438823,0.27415722596,-0.332374773159,0.225040425473,-0.0607443290938,0,0,0,-0.368614617679
2022-06-02,-0.352636085513,0.259524863998,0.094580235013,0,-0.368849489798,0,0,-0.0941507648222,0.256856162147,0.278812740336,0,0.110225998506,0,-0.105549895815,0,-0.0788137640527,0
2022-06-03,0.177543679834,-0.154688674724,0,0.162051913985,-0.135035781536,0.275791820402,0.151249697194,0,0,0.233362888586,-0.131849871294,0,-0.25048524253,-0.327940429915,0,0,0
2022-06-06,-0.169198481094,0,0.266745110921,0,-0.167611550151,0,0.181460630663,0.0219796534314,0.21445374199,-0.250486180203,0,0,0,-0.0786548396084,0,0.0653608629943,-0.0840489489432
2022-06-07,0.15475317835,-0.22407030606,0,0,0,-0.149087044912,0.238026714257,-0.404773985603,-0.125765259255,0.207064172988,0,0.180350390093,0,0,0,-0.0963034041699,0.219805544312
2022-06-08,-0.0830034464354,0.128473937007,0,-0.349513528563,0,0,0,-0.254478401158,0.15787613934,0,0.115825340045,0,0,-0.182225164674,0.345196031745,0.252628551863,-0.13077945917
2022-06-09,0,0,0.208598800748,-0.117832365036,0,-0.195512235932,0,-0.199840223134,0.259808101879,0.161738068311,-0.212729252864,0.33339840239,0,0,0,0.0364566266724,-0.274085923034
2022-06-10,-0.157585840767,0,0.40582922905,0,0,-0.199887138135,0.178380290876,0,0,0,-0.260112788429,0.159176964483,0,-0.188119667305,0.117190317908,0.139423197683,-0.194294565364
2022-06-13,0,0.196176479502,0,-0.189861069071,0.0855722982612,0,0,-0.263765053012,-0.110571264485,-0.0917724953452,0.119264972147,0.180182726321,0,0.16880352377,0,0,-0.094030118086
2022-06-14,0.0765562417138,-0.130511718808,0.284180478161,-0.149545163708,0.204307224866,0,-0.091283989625,-0.357958871561,0,0,-0.270700256298,0.307584115273,0,0,0.127371939987,0,0
2022-06-15,-0.172381464131,0.2913908471,-0.0405080725004,-0.272681076074,0.0848300710293,0,-0.0326617820586,0.0628683617555,0,0,-0.231767605236,0.142844532643,0.168066187473,0,0,0,0
2022-06-16,0.216782078539,0,0,0,-0.281857858405,0,-0.205678786855,-0.180331090575,0,0.192333331093,0.0580501660697,0.142837430969,-0.200209626327,-0.131922637838,0.389996993329,0,0
2022-06-17,0,0,0,-0.108155039214,0.197681952724,0,-0.130462370444,-0.176543329435,-0.143217489871,-0.191621771036,0.101754037103,0.14996784612,0,0,0.0873757054228,0.21322045863,0
2022-06-20,0,0.156197106845,-0.0972752790775,0.136672314077,0,-0.230175028711,0,0,-0.0854372024252,-0.119281927253,-0.217830562533,0.0937780360571,0,0,0,0.166389213017,0.196963330004
2022-06-22,0.205490710147,0.0983297166351,0,0.0649720605739,0.0731717010156,-0.212292931298,-0.122414761253,0,0,0,0,0,0.308035811628,-0.20161602466,0,-0.100295480671,-0.113380802117
2022-06-23,-0.119840662711,-0.111067771639,0.163101872935,0,0.363103559739,-0.121209533674,-0.376380830231,0.119017183699,-0.271501201745,0,0,0,0,0,0.124857087439,0.229920296188,0
2022-06-24,0,-0.135329362167,-0.0638489707915,-0.118692091477,0.144113320372,0.182023644959,-0.15758816518,-0.274541410384,0,0.112306520871,0.203659634909,0,0,0,0.107896878889,0,0
2022-06-27,0.141013830304,-0.1695837015,-0.147144318987,-0.182430574839,0,0.136788240193,0.196121032385,0,0,0.187376754673,-0.118291366227,0,-0.132550038447,0,0,0,0.088700142445
2022-06-28,0.158134059773,0,0.0964462009802,0,0.17524829824,-0.274114316188,-0.232046862775,-0.121342012473,0.205171932881,-0.288563468302,0.364999508126,0,0,-0.0839333402619,0,0,0
2022-06-29,0.144981867285,0.107798704664,-0.177781013623,0,0,-0.0909185473026,0,-0.123112334321,0,-0.194004643013,0,0.201683073674,0,-0.16418346174,0.0985725410833,0,0.196963813294
2022-06-30,0.17835923694,0,-0.229366875837,0,0.151119280895,0,-0.142205843471,0,0.108866989107,0.0886923304979,-0.108561461001,-0.0994851304025,0,0,0,0.222962162561,-0.170380689289
2022-07-01,0,0.217902065504,0.05626016555,-0.0575917861167,0,0,-0.119357826765,0,0,-0.157550808649,0.176971887076,0,0.116560881887,0,0.182304999983,-0.150813616883,-0.264685961586
2022-07-04,0,0.0655679558586,-0.13004111322,-0.268944530562,-0.132585366821,0,0.14004903016,0.0798399564527,0,0,0.168856593866,-0.113854159751,-0.104574829646,0.295686463663,0,0,0
2022-07-06,0,0.340965700079,0,0,-0.159101826653,0.0734287212154,0,0,-0.272134943099,0.197326331882,-0.427677969246,-0.0690013659398,0.236876570889,0,0.151402675934,-0.0720838950624,0
2022-07-07,0,0.213132190103,-0.252417280978,0,0,-0.150998478107,0,-0.121380256363,0,0.102815893214,0.229460198871,0.0883812742482,0,-0.100189422533,0.116210443563,0,-0.125014562019
2022-07-08,0,0.159755761121,0,-0.107702181099,0,-0.069564526108,0,-0.289819398277,0,0.374269216456,0.0832273315862,0.097323784378,-0.224982327963,-0.307931566553,0.285423906459,0,0
2022-07-11,0,0,0.266824615546,0,0.0692679794924,0,-0.141426621342,0.23707096486,0,-0.086263986269,-0.200400579178,0.128632395008,-0.145028804804,0.0482040450937,0,-0.176880008406,0
2022-07-12,0,0.341485867448,0,-0.256190034797,-0.121313540767,-0.243857629435,0.113920883647,0,0.11317054889,-0.291803921897,0.13028433675,0,-0.0868348731043,0,0,0,0.301138363266
2022-07-13,0.0555840502282,0.471576840069,0.159722970283,-0.171012072253,-0.294165887536,0,0.230598042313,0,-0.14690845473,-0.183733412246,0,0,0,-0.204180173235,0.0825180971073,0,0
2022-07-14,0,0.118213622118,0.205418268685,0.0840479012895,-0.186126950056,-0.254206419223,0.0688878287041,0,-0.15443633407,-0.0751718036736,0,0,0,0,0.273432379204,0,-0.0800584929777
2022-07-15,0.183307071647,0,0.207396522936,0,0,0,-0.188294637058,0,0.365204586531,0.173251080451,-0.367034809471,0.0708407384347,0,-0.202836751732,-0.185764839321,-0.0560689624182,0
2022-07-19,0,0,0.117682419214,0,-0.293366991782,0.211231868586,0.0890208368833,0,-0.0717322357593,0,-0.0968424240886,0,-0.141929422584,0,0.265024528797,0.0670403465199,-0.146128925787
2022-07-20,0,0.0995545828249,0,0,0,0.138313102783,0.131046855073,0,-0.165996727043,0.105117784804,-0.219443521844,-0.116882371112,-0.106218749057,0,0,-0.141458630943,0.275967674515
2022-07-21,-0.195659874104,-0.0363858132027,0.289539202761,0,-0.144634009379,0,0.200057918001,0.0693204949642,0,0.0958958781752,-0.230760847584,0,0,-0.142559455731,0.095186506098,0,0
2022-07-22,0,0,0.112602751099,-0.253362901348,0.277006554809,0.129094574397,0,0,0,-0.103342713249,-0.144619615298,-0.108083516699,0.114994886752,0,0,0.116301232943,-0.140591253406
2022-07-25,0.0924950164295,0,-0.160161150078,-0.0823594779806,-0.0990419805555,0.0799132025029,-0.0879958321567,0.259238140235,0.0592375645211,-0.320441559229,0.259116076311,0,0,0,0,0,0
2022-07-26,-0.141678069188,0,0.230214615252,-0.149724616623,0.156148294036,0,0,0.149026780021,0.0637413955971,-0.0608065441287,0.150868915094,0,0,0,0,-0.274389805618,-0.123400964442
2022-07-27,-0.0288824731127,0,0,-0.0639883855838,0.225429625641,0,0,-0.22271447265,0,-0.269763020681,0.0950818726255,0,0.135145709525,0.214961836457,0.0793809557524,-0.164651647973,0
2022-07-28,0,0,0.111683786013,-0.302753916059,0.199314211387,0.129017260533,0,0,-0.14811424873,0.439350439579,-0.27930108974,0,-0.06894505362,0,0.120634302488,0,-0.200885691851
2022-07-29,0,0,0.273580854931,0,0,0,0,0.0907130110686,-0.107552349911,-0.294154684719,0.217980327242,-0.0997507627209,0.0544790301606,0,-0.101307270101,-0.147234932548,0.113246776598
2022-08-01,-0.211765371466,0.0846630044927,0.303199535564,-0.0907522001724,-0.138885920234,0,0,0.0718575536334,0.117614342099,0,0.172665564211,0,-0.141736338698,-0.16686016943,0,0,0
2022-08-02,0.0964862301382,-0.175340635641,0,-0.16165625754,0,0.187079264933,0,0,-0.154691140605,-0.145679087732,0.253678270982,0,0.0914035655683,0,0,0.121352668378,-0.112632878482
2022-08-03,-0.260631327465,0.142773022545,0.24524159184,-0.168173706594,0,0.102702553226,0,-0.246343574275,0,0.161901426082,0.0973814063068,0,0,0,0,-0.0355923864773,-0.0392590051882
2022-08-04,0,0.108884025796,0,0.116828053084,-0.339831074829,-0.179848797833,0,0.359764720171,-0.161235782711,0,0,-0.119711973469,0,0,0.10732818549,0.307195015459,-0.199372371158
2022-08-05,-0.202327065272,0,0.102400759171,0,-0.169965334176,0.231231798046,0,0.279709331638,-0.158809254692,0,0.107288904076,0,0,-0.280393927305,0.279369207068,0,-0.188504418555
2022-08-08,-0.104101515025,0.0399297893866,-0.265754399377,0,0.253354453419,0,-0.0996979201338,0,0.0485627733915,0,0,0,0,-0.176309678739,-0.104136486725,0.28751130269,0.120641681113
2022-08-09,-0.142205405556,-0.30860664784,0,-0.0864185421638,0,0.3319350775,0,0,0,0,0.10908956042,0.141538630329,0.102627432668,-0.270151193418,0.314809299083,0,-0.192618211022
2022-08-10,-0.0758109597047,0,0.281352490075,-0.272335398294,0,0,-0.188622927157,0.168396833989,0.0783228405059,-0.116211102349,0,0,0,-0.0970196124961,0,0.139310345904,0.0826174895273
2022-08-12,0.15885039358,0.156839606245,0,0.10181453979,0,0.144524923512,0.187970536873,-0.165381601315,-0.107036674439,-0.241928427011,-0.119738707815,0,0,-0.115914589419,0,0,0
2022-08-15,0,0.19633094713,0,0,-0.342224017184,0,0.255592395946,-0.082612334446,-0.276022854638,0,0.113601159314,0.074694325932,-0.102178802425,-0.196961991307,0,0,0.359781171678
2022-08-16,0.151888955886,0.129515008446,0.171299135022,-0.10174422013,0,0,-0.162692201878,0,-0.135783812667,-0.150960007867,0,0,0,0,0.159553971001,0.137742929646,-0.198819757457
2022-08-17,0.185357406763,0.078376986929,-0.120321660328,0.133041214487,-0.0945055679341,-0.128027058106,0.252973321545,0,0,0,-0.150895690934,0,0,0,0,0.100251070276,-0.256250022699
2022-08-18,0,0,0,0,-0.279545112435,0,0,0.402044668349,0.138389906725,-0.332548914049,-0.122457395604,0.252285002147,-0.153888334391,0.108449402176,0.0988310206029,-0.111560243521,0
2022-08-19,0.150256628749,0,0,-0.175914632275,0.177520271995,0,0.323584352245,-0.201709467327,-0.18237567898,-0.240918306983,0,0.17831931051,0,0,0,0.170319436501,-0.199081914435
2022-08-22,0.102842326774,0,0.186019610954,0.200730870655,0.277293001308,0,-0.129210993658,0,0,0,0,0.233114190309,-0.27119843811,0,-0.122955647747,-0.208776516148,-0.267858404338
2022-08-23,0,0,0.366550284004,-0.0887256818862,0,0,0.103652508388,-0.377887371261,0.191260367557,-0.261866163109,-0.111194439555,0.182267001392,-0.160326344188,0,0.156269838658,0,0
2022-08-24,0.154752795329,0,0.135747741847,0,-0.209774486342,0,0.244581259288,0.313057363771,0,-0.282647190241,0,0,-0.126412151902,-0.202739398904,0.151860839765,0,-0.178426772611
2022-08-25,0,0,0.262930019821,0,0,0.150214849261,0.106142253254,0,-0.108314366051,-0.305081290587,-0.129181074021,0,-0.115012125518,-0.0924111438234,0.102830591134,0,0.12788228653
2022-08-26,0,0,0.103364735228,0,0,0.0722336046575,0.26161919157,-0.127818735229,-0.184642827481,-0.10963996448,0,0.241333548964,-0.19280496539,0,-0.135093507421,0,0.0714489195806
2022-08-29,0,0,0.197642155912,-0.0702972130185,-0.143589513237,0,0,-0.184430024118,0.2347174338,-0.268534812585,0,0.114716593956,0,-0.0831484370417,0.118029362118,0.0848944542136,0
2022-08-30,-0.06064418578,0,0.230238419055,-0.0694542662376,0,0,0,-0.200974667955,0.114591731551,-0.126601041155,0.191990418026,0,0,0.0791220016053,0.134057429763,0,-0.292325838873
2022-08-31,0.174315866338,0.115006066801,0.13027444554,0,0.245360285064,-0.163001482768,0,-0.16386866829,0,0,-0.221978976115,-0.226706282653,0,-0.224444590174,0.335043336257,0,0
2022-09-01,0.140384596473,0,-0.171519406152,-0.165338365281,0.129032036019,0,-0.126224296041,-0.162712210729,-0.124205721797,0,0,0.173760230965,0,0.161387229885,0,0.145435906658,0
2022-09-02,0.172927219151,0,-0.0774956864246,-0.197225752233,0.2696735742,0.0678912793084,0,-0.229378600296,0,0,0.151589583033,0,-0.163060222953,0,0,0.0879183443074,-0.0828397380929
2022-09-05,0,-0.136678530431,0.149880668452,0,-0.171651269395,0,0.279295821521,-0.25080492183,0,-0.288799831332,0,0.179274913101,0,-0.152065447012,0.176127030005,0.215421566921,0
2022-09-07,0,0.0876173518601,0.264045981287,-0.14728159508,0,-0.116469519883,-0.113820240796,0.180939784786,0,-0.189849483238,0.116045910951,0,0,0,0,-0.182579161002,0.101350971115
2022-09-08,0.0742439088996,0.264008317106,0.24311880852,-0.241971481142,0,0,0.1898132281,0,-0.119487068379,-0.104291291182,0.228815737375,0,0,-0.414801738952,0,0,-0.119448420345
2022-09-09,0,-0.174318106276,0.159249967262,0,0.18570407066,0.193167422472,0.205608587824,0,0,-0.199033841434,0,0,-0.371145295573,-0.128519977985,0.256269951782,0,-0.126982778733
2022-09-12,0,0,0.155767428012,-0.117790108632,0,0,0.143910595301,0,-0.164198771761,0.253284321094,0,-0.164414241686,-0.12657454463,-0.17702233329,0.110720437818,0.0863172177742,0
2022-09-13,0,0,0.139885399423,-0.208866755783,-0.0624484597385,0.281956388325,0.139174358947,0.12833656895,0.0606472843545,-0.0622540393913,0,-0.07099156696,0,-0.345439178128,0,0,0
2022-09-14,0,0,0.276465381066,-0.0859432772849,0.0327872589421,-0.105362680577,0.108729075897,-0.245933523493,0,-0.222282081242,-0.0904784374038,0.276465381066,0,0,0.0555529030288,0,0
2022-09-15,0,0,0.137987407641,-0.204609417288,0,0,0.149376234862,0,-0.169426707046,0.301915025939,0.259837609201,0,0.150883722356,-0.159850055425,0,-0.106542850991,-0.359570969249
2022-09-16,0,0,0,-0.0910744839456,0.301598910525,0.123095408326,0.0984699885259,-0.123490857672,0,0,-0.280903732912,0,0,-0.0796067226015,0.118640913675,0.108194778948,-0.174924202869
2022-09-20,-0.0764299803527,0,0,0,-0.166777321703,0,0.0633738337837,0.132647809562,0,0,0,0.272049304042,-0.132443598176,-0.268535288657,0.12198713038,0.159941922232,-0.105813811112
2022-09-21,0,0,0.145538274676,-0.0940974967448,0.202650101899,0,-0.264784212698,0,0,0.170097312611,0,0.298861116884,0.18285319393,-0.191335392247,0,-0.0766746145467,-0.373108283763
2022-09-22,0.249315545287,-0.054565370893,0,-0.248751710287,0,0,-0.112240307791,0,0.122739849778,0,-0.251899011256,0.0722665547289,0,0.070084784428,-0.0825435997737,0.235593265777,0
2022-09-26,0,0,0,0,0.323208032916,0.116463475777,0,-0.115309381838,0,-0.154384543895,-0.163630816974,0,0.0953149072394,-0.199292390616,0.096391233697,0.118622350371,-0.117382866677
2022-09-27,0,0,0.226024383563,-0.276672552121,0.283373301051,-0.150808087262,-0.121676965149,0,0,0.161894703151,-0.244732489201,0.174901565269,0,0.153806046966,0,0,-0.206109906266
2022-09-28,0.19359606567,0,0.150104676471,0,-0.277757919802,0,0.208538874,-0.0917476542192,-0.101281979091,0,-0.184693944398,0,0,-0.344518502489,0.224403690029,0,0.223356693829
2022-09-29,0.0455420587224,0.155030467454,-0.234243592231,-0.164932605096,-0.334919200826,-0.0866618834216,0,-0.179242718426,0,0.405545645216,0,0.231108388107,0,0.162773440502,0,0,0
2022-09-30,0,0.131721320569,0,-0.0718020271939,0.112982312661,0.101148030633,0,-0.206168922269,0,-0.105719589344,-0.287050868933,0.216665163659,0,0,0.187483172478,-0.07925859226,0
2022-10-03,-0.125957359388,0,0.0945832828539,0,-0.208824072215,0,0.0912832539387,-0.249791663613,0,0,-0.11639629732,0.154841788446,-0.049030607463,0,0.23390493652,0,0.175386738241
2022-10-04,-0.0721404842754,0.306740119035,-0.153159710335,0,0,0,0,0.1423332143,0,0,0.209667522757,0.162230342262,0,-0.42959224909,0.179028801647,-0.115840683431,-0.229266872869
2022-10-05,-0.157916325728,0.081433040022,0,0,0.136009804816,-0.173464682553,0.198328791735,0,-0.225338780464,0.188158751658,0,-0.0907960207725,0,-0.102484190483,0.146069611769,0,0
2022-10-06,0,0.118737066766,0.0938717876557,0,0.257137352927,-0.103582356708,0,0,0.132665711328,0,-0.293169280238,0.147588081323,0,-0.174959712273,0,-0.0903330811631,-0.0879555696175
2022-10-07,-0.11954532011,0,0.406749224722,0.10754142323,-0.141365726161,0,0,0.119074547126,0,0.196158485931,-0.354044423299,0,0,-0.101534712555,0,0.17047631899,-0.283509817876
2022-10-11,0.142364733458,-0.207952117333,0.207202003046,0,0,0,-0.098917522391,0.241058557551,0.100750453924,0,-0.177252514153,-0.185330208314,0,0.0586242520204,0,0,-0.0805476378094
2022-10-12,0,0.167669318408,0.142853973528,0,0.182872674381,0,-0.208115931021,0.116094951946,0,-0.175313340322,-0.0797490913521,0,0,0,-0.122087444535,-0.16473419277,0.140509081737
2022-10-13,0.109198469675,0,0,-0.109597721048,0,0,-0.0553543106989,-0.103107088486,0,0,-0.375708254994,-0.106232624773,0.0698160927453,0.045589156029,0,0.257331660283,0.268064621268
2022-10-14,-0.149346760248,0,0.119043204488,0,0.13029672046,0,0,0.422016467597,-0.145712364286,0.125766720985,0,-0.261357103434,-0.182066705772,-0.26151706626,0.20287688647,0,0
2022-10-17,0.0710937764845,-0.206062627344,-0.097990185736,-0.116201014086,0.199847502173,0,0,0,0.237576657975,0,-0.164965253361,0,0.0657708074261,-0.164780919473,0,0.175711255942,0
2022-10-18,0,0.169837791359,0.163724954571,-0.227395102594,0,-0.233251242522,0,0.239828412624,-0.115395028696,0,0.158592284314,-0.149606064311,0,0,-0.274352561877,0,0.268016557131
2022-10-19,0.193308539234,0,0.138675040015,0.0695791039362,0,0,0.228515920238,0,-0.103640888945,0,-0.140699255943,-0.17277773638,0,-0.155935233202,0,0.119921396578,-0.176946885531
2022-10-20,0,0,0,0,0,0,-0.139835971818,0.133628234547,0.303107056761,0.247031523139,-0.216298271722,0,0.118135362931,0.198097822621,-0.131742148274,-0.226106429119,-0.286017179067
2022-10-21,0,0,0.424743851539,0.171238311454,-0.173429221501,-0.270214875227,0.094133200389,-0.186607098662,0,0,-0.179690882223,0,-0.190057922387,0,0.0963342473313,0.213550389287,0
2022-10-24,-0.210246071705,0,0.211163550069,0,0.23077404028,0,0.251654363796,0.212401868455,-0.337018793651,0,0,0,-0.0918325537926,-0.232251739236,0,0.0940061774015,-0.128650841615
2022-10-25,0,0,-0.137688528525,-0.261954585421,0.171355456384,-0.0832513053482,0,0,-0.159205953171,0.156377913707,0.116408422352,0,0,0.151016434557,0,0.154841773,-0.107899627534
2022-10-26,-0.321005177387,0,0,-0.276024367767,-0.0876197200193,0.123278782644,0.262130434047,0.186446092159,0,0,0.160404192388,0,0,-0.183796192817,0,-0.131554542009,0.267740498762
2022-10-27,0,-0.0336201379074,0,0,0.159508272856,0,0.0577883236547,-0.2499040776,0.120721346797,-0.332054659221,0,0,-0.0778798795068,-0.0565412457647,0,0.295068800593,0.116913256099
2022-10-28,0,0,0.129871154984,-0.188701387274,0,0.0386778303682,0.0932695079363,0.265975934371,-0.132509273102,-0.291627433153,0.22220557234,0,0,0,-0.0805555062933,0,-0.0566064001781
2022-10-31,0.165602361111,0,0,0,0.387766971434,-0.0378736167986,0,-0.219589339163,-0.412697310426,0.264268904451,0.0894053672879,-0.18946947004,0,-0.140370263573,0.0929563957155,0,0
2022-11-01,-0.287818265142,0.110933386876,0.251600595429,0,0,0.0841663621077,0,-0.205841507159,-0.0810164181213,-0.179129290819,0,0.367182321267,-0.246194518759,0,0.18611733432,0,0
2022-11-02,0,0.2027365456,0,-0.315937944906,0,0.341737109927,-0.134289078858,-0.23683915485,0,-0.232303026942,0.2356588925,0.0840600841337,-0.0806307944442,0,0.13580736784,0,0
2022-11-04,0.119224779698,0.157293321453,0.274475868268,-0.143756997406,-0.0947062290114,0,0,0,0,-0.266798135641,0.142019699495,0.0569863310862,-0.165639423089,0,-0.0790992148532,0,0
2022-11-07,0.268642327925,0,-0.2183917652,0,0.113727621867,-0.123813454562,0.120583748009,-0.170984663584,0,-0.366379002524,0,0,0,0.168995775898,0,-0.12043111413,0.328050526301
2022-11-08,0.264393901684,0,0,-0.0993284508658,0.238578647703,0.0765380876164,0,0,0.0459876274835,-0.146085941464,-0.275055047434,0,0,-0.103982804252,0.124501735513,-0.125547755985,0
2022-11-09,0,0.245825879294,-0.0731252495909,0,0,0.15038626183,0.120420873761,0.127406945243,-0.139342205908,0,-0.186760915909,0,-0.256109128657,0,-0.0946624999356,0,0.105960039873
2022-11-10,0.063996154754,0,0,0,0.20694915902,0.199344922562,0,0,0.11187604746,0,-0.123472170624,0.167833716204,-0.153018468751,-0.183783906967,-0.0508246149386,-0.238900838719,0
2022-11-11,0,0.243908413341,0.161253961128,0,0.0956428909166,-0.105820733878,0.171763093906,0.327431640709,-0.25930896738,-0.122311032629,-0.1506976757,-0.361861590413,0,0,0,0,0
2022-11-14,-0.118717110426,0,0,0,-0.2327438461,0,0.0811416799195,0.116595535939,0,0.292549631246,-0.190989785321,0,0,-0.0763774052308,-0.131171852921,0.124600245366,0.135112907529
2022-11-15,0,0.193503515946,0,-0.0852285575076,0,0,0,0.15887611861,0.0560193838119,0.262902795293,0.0786981863399,0,0,-0.113920580656,-0.196167866603,-0.108959468732,-0.245723526502
2022-11-16,0.164482156472,0,-0.197137417577,0,-0.213907507147,0,-0.146284548286,-0.234766134326,0,0.192838537439,0,0,0,0.201540758524,-0.207904392663,0.322562663052,0.118575884512
2022-11-17,0.170356026553,0,0,-0.198527442757,0,-0.112651025669,-0.046167778932,0.30224044093,0.19583265359,-0.177975627048,0.0383528396658,0,0,0,0,0.0432180392618,-0.214678125594
2022-11-18,-0.10928558711,0,0,-0.312205687065,0.0814335530704,-0.152103892724,0,0,0,0.352414951852,-0.343200712452,0.06967299721,0.152994908805,0.343483589062,0,-0.0832041206492,0
2022-11-21,0,0,-0.209522310382,0,0.15057079256,-0.125363710539,0,-0.0786143089647,-0.251078993046,0,0.2089978595,-0.085420677068,0.0840699473557,0.178191893886,0,0.128169506698,0
2022-11-22,0.10508011996,0,-0.235916462423,-0.0628049617299,0,-0.0675341769927,-0.278421734622,0,0,-0.105322664232,0,0,0,0.176920782283,0.181900265289,0.152166265531,0.133932566937
2022-11-24,0.195063698837,0,0.118958312678,0,0,0,-0.141230364055,0,-0.211488443295,0.141752334386,0,-0.0330693016865,-0.178218564353,0.178687484685,-0.18599332661,0,0.115538169414
2022-11-28,0.0746198796493,0,0,-0.177997543372,0.142718822405,-0.131823700575,0,0.241782353498,-0.103123515002,0,0.164312114687,0,-0.119514704389,0,-0.217540536661,0,0.126566829761
2022-11-29,0,-0.158878978337,0.131106978892,-0.214215247073,0.152168483007,0,0,0,-0.180525198486,0,0,0.241338929831,-0.183200898278,0.342082520078,0.133303088192,0,-0.263179677825
2022-11-30,-0.160052680024,0.177070069606,0.172342701402,0,0,0,0,-0.0238923137285,0.156126869269,-0.209536596325,-0.371241303959,0,-0.235277105964,0.138264669816,0,0,0.356195689907
2022-12-01,0.131175031007,-0.0936241300741,0,0,0.288973911839,0,0,-0.352970798824,-0.23269555221,0.254378140049,0,-0.142113468092,0.0927743557235,0,-0.1785960508,0.232698561381,0
2022-12-02,0,-0.132535648727,0.147644820732,-0.10782778292,0.0735092222794,0,0,0,0,0,-0.206308385413,0.18857521842,-0.225691708233,0.207616137443,0.132654601125,-0.0776364747076,0
2022-12-05,0.176634775554,-0.0902732078957,0.0683230938397,-0.0608486233656,0.15114446391,0,-0.0562284023536,0,0.0926294548566,0,-0.223357474606,0,-0.319292291779,0.26126821184,0,0,0
2022-12-06,0.153434028097,0.1265487487,0,-0.124334810045,0.126680887368,0,-0.108678905522,-0.182778025468,0,0,0,0.233442022777,-0.106524582872,0,0.109894313058,-0.227683676092,0
2022-12-07,0,0,0,-0.194104157419,-0.290125831009,0,0,-0.0860820481258,0,-0.180153237811,0.154653459557,0.276359102395,0,-0.249534725635,0.252132115079,0.165437617963,0.151417705006
2022-12-08,0.112437488445,-0.20430905761,-0.058415586219,-0.242968707404,0,0.112447732405,0,0,0,-0.153383760641,-0.0909228881266,0.15556031677,0,0.1375537154,0,0.23200074698,0
2022-12-09,0.25367619299,0.150476998035,0,0.175893432518,-0.102843860485,0,0,-0.135999327994,-0.304307216394,-0.0654300563163,0,0,-0.141419538811,0,0.0506261060235,0,0.119327270434
2022-12-12,0.14408531228,0,0,-0.255078512348,-0.173231899358,0,0,-0.0697080770463,-0.0813585424547,0.136448522889,-0.170622968793,0,0,0.201949570051,0.176239361393,0.0912772333883,0
2022-12-13,0,0,0.102928045237,-0.117950648204,0.368157291627,-0.151397909335,0,0.17925006379,0,0,0.179634165203,-0.386837954618,-0.176957487132,0,-0.166856000711,0,0.170030434142
2022-12-14,0,0,0.161460818149,-0.181405619059,-0.124827583194,0.270612485536,0.151706762283,-0.0515134673405,-0.227750786176,0,0,0,-0.41450254423,0,0.285475677045,0,0.130744256988
2022-12-15,0.0796921926858,0.187712252632,0.191344426619,-0.225689689874,0.20271919874,0,-0.0778656949355,0,0,0,0.0885319293228,0,-0.10189219773,-0.152767072183,0,0,-0.191785345278
2022-12-16,0,0.161636361059,-0.289103006002,-0.0737964108604,-0.162227189929,0.154629330668,0,0,-0.0363015514414,-0.188571841768,0,0,0,0,0.122399461511,0.179159435687,0.132175411076
2022-12-19,0,0.165080522732,0,0.168991838161,-0.28033562452,0.123854373253,0.257116205206,0,0,0,-0.16712859218,0,-0.116607836434,0.284957060648,0,-0.180994044754,-0.254933902112
2022-12-20,0.127066635748,0.0909565187457,0,-0.227055758996,0,0,0,-0.0919893392187,0,-0.0797208829953,0,0.0960334190832,-0.0447517667688,0,0.171345852564,0.264597573859,-0.306482252021
2022-12-21,0.264374087187,0,0.343878792505,-0.120962099446,0,0.142029789014,0,0,0,-0.100111297042,0,0.156061787275,0.0936555440189,-0.102228555926,-0.519557033951,-0.157141013635,0
2022-12-22,0.264347355066,-0.0854659908054,0,0,0,-0.176167662591,0,0.0717973014757,0,0.131191497873,0,-0.100243049356,0,0.196469317346,-0.274977030407,0.0861945282385,-0.11314626684
2022-12-23,0,0,0.163096547909,-0.23812737783,0.192253880241,0,0,0,0,-0.111503005524,-0.296544078439,0.287149800719,0.143841840611,-0.139107891201,-0.214717647006,0,0.213657930519
2022-12-26,0,0,-0.371633471727,0,0,0.0712561801721,-0.181028961984,0,0,0.231823914798,0.236088302654,-0.157290581618,-0.144072853967,0,0.36954369891,0.0912879034658,-0.145974130703
2022-12-28,0.0942469548286,0.202649812044,-0.0587742336865,-0.15076981429,0.0679026946082,-0.187598778829,0,0,0,-0.292381752225,0.176407661689,0,0,0,0,-0.0604754209695,0.20879287683
2022-12-29,0.0822526682522,0,0,-0.19325498312,0,-0.144461233587,0,-0.310233019869,0,0,-0.137876757603,0,0.270970336673,0.280841432902,0.199857709508,0.166077852665,-0.214174005821
2022-12-30,0.0823936220001,-0.104702753674,-0.291953231227,-0.263300287321,0,0,0,0,-0.257727913448,0.310795545821,0,0,0,-0.0823158143302,0.232469688779,0.0938838097323,0.280457333667
2023-01-04,0.183422764827,0,0,0.144930435738,0.255868374813,0,0,0.144646537704,-0.197412184107,-0.188205113275,-0.350711920969,0,0,0,-0.177097725395,0.271131886918,-0.0865730562547
2023-01-05,-0.133345721799,0.155690122757,0,-0.358316128418,0,0,0,-0.100440141272,0,-0.164026601115,-0.243871407398,0.10416078373,0,0.21745018168,0.164740771296,0.357958140536,0
2023-01-06,0,0.232388788737,0.121864550549,-0.268554342286,-0.163366101434,0,-0.15284552081,0,0,0.274777328223,-0.29197108375,0.177297246735,0,-0.123262951719,0,0.193672085757,0
2023-01-10,0,0,-0.0817577579607,-0.163198514776,-0.277465617451,0,0.049498544774,-0.1246466955,-0.102931414313,0.0456816139733,0.19699161919,0,0,0,0.253628314178,0.204199907884,0
2023-01-11,-0.314400052472,0,0.25411726693,-0.101492010974,0.0898573079683,0.109655909153,0,-0.242630332275,0,0.265835625492,0,0,0,-0.106871267165,0,-0.234606337115,0.280533890457
2023-01-12,-0.149462183579,0,0.366429849925,-0.204178855601,-0.103258109741,0.122200877749,0,-0.327941509512,0,0.13567380359,0,0,0,0.1472413756,0,-0.215159341567,0.228454093135
2023-01-13,0,0,0.114018462908,0,-0.0948396193896,0.263972405151,0.132629661351,-0.0777790432579,0,0.15040097605,-0.254870620649,0,0,-0.0491688988796,-0.273341817824,0,0.0889784945393
2023-01-16,0,0,0.294270617522,0,0,0.241055708985,0.0700994255128,0,0,0.0714055363003,-0.0996393484687,-0.0621807946584,0.0731687116802,-0.108687961424,-0.212526639382,-0.266965256067,0
2023-01-18,0,0,0.138946063137,-0.123099138038,-0.228279345002,0.194612179554,0,-0.1514917057,0,0,-0.141796738343,0.0598000462259,0,0.244723403819,0,-0.105333072917,0.111918307265
2023-01-19,-0.247027618515,0.126211602178,-0.075250985981,0,0,0.375946022216,0.171626959634,0,-0.10886958026,0,-0.206261809417,0.183486218199,0,-0.362590005827,0,0,0.142729197774
2023-01-20,-0.181093298032,0.253586371139,-0.253373200073,-0.188426292302,0.356687936423,0.103217709566,0,-0.229448911167,0.187745399399,0,0,0,0,-0.147658298426,0.0987625834728,0,0
2023-01-23,0,-0.0740440651283,0,-0.275256312013,0.0842421662836,0,0,0,-0.17968724671,0.277522210795,-0.110309004422,-0.110703371728,0,0.1391338277,0.208841306519,0,0.0402604887023
2023-01-24,0.0094521401959,0,0,-0.346292118304,-0.163679506721,0.373234034939,0,0,0.134188582522,0.337790175617,0,0,0,-0.159690478431,-0.121973368364,0.145335066726,-0.20836452818
2023-01-25,0,0,0,-0.179306501423,-0.362886567367,0.155830360427,0,0.204117450545,0.206376853159,0.140708767752,-0.110827055663,-0.140097363289,0.292966568117,0,0,0,-0.206882512258
2023-01-26,0,0,0,-0.115158953035,0,0.27804723145,0.098625694306,-0.103118742558,0.187019538607,0.0746137471949,-0.293251174883,0.111693788443,-0.123782738347,0,0,0,-0.114688391177
2023-01-27,-0.163672030743,0.107789585572,0.133703329059,-0.117644460845,0,0,0,0.153396304253,0,0.22476997889,-0.114190481685,0.130340802226,-0.14532825245,0,-0.209164774277,0,0
2023-01-30,0,0,0,-0.294600757633,-0.237538672803,0.150260179124,-0.14084346933,-0.189625470354,0,0.27570806517,-0.13739162988,0,0,0.149225765398,0.272351391971,0,0.152454598337
2023-01-31,0.117623606161,0,0,-0.174501702012,0,-0.0910747474683,0.160848004746,-0.171186941976,0.215917490552,-0.0944611584609,-0.218775450082,0,0,0.0825249439386,0,0.173085954602,0
2023-02-01,-0.200826680187,-0.211231276235,0.312689311792,0,0,0,0.165587094758,0,0.115812356347,0.283125984425,0,-0.226670810505,-0.303610157874,0.122785252678,0,0,-0.0576610751998
2023-02-02,0,-0.0537883274905,0.100562949135,0.0947737698185,0.151293682962,-0.0849705371008,0,0,0,0,0,-0.219301525083,-0.11831519491,0.262531449526,0,0.140838148558,-0.273624415415
2023-02-03,-0.161533287263,0,0.139027529782,-0.108085126634,-0.206081352381,0,0,0.134367754768,-0.143718702942,0.20694866691,-0.13058153078,0,0,0,0.13838424305,0,0.131271805491
2023-02-06,0,0,0,0,0.202666619499,-0.183077522517,-0.150953847689,0.0773982363708,0.184751026487,0,-0.229660753167,0,-0.269972228101,0,0.138718486169,0.396465631474,-0.166335648527
2023-02-07,0,0,0.155114512616,0,-0.365733577024,-0.146063834912,0.181137195994,-0.226092924834,0.155307745789,0.318030616094,-0.125179000214,0,0,0,0,0.190409929506,-0.136930663017
2023-02-08,0,0,0.253974524613,0,-0.187230514598,-0.127858093924,0.247757763372,0,0.0852133668658,0.318704361324,0,-0.172089280014,-0.170632122882,0.0943499838244,0,0,-0.342189988583
2023-02-09,-0.112586448624,0,0,-0.06299033802,0.113679246826,0,0.0210606227773,0,0,-0.242349633924,-0.221098167614,0.147538669383,-0.110975411818,0.304995657275,0,0,0.162725803738
2023-02-10,0.141743579145,0.183698364815,0,-0.124792642343,0,0.221993477758,-0.0902247389027,-0.413493854647,0,-0.239869621108,-0.131619142999,0.147598396848,0,0,0,0,0.304966181434
2023-02-13,-0.127167673304,0,0,0.129744768459,0.128495080515,-0.197952509444,0.356208617853,0,0.0745288138555,-0.137719570801,0.311022719317,0,-0.209534315282,0,0,0,-0.327625931169
2023-02-14,-0.17122342411,0,0.0876684799192,0.211387214746,-0.167646424806,0,0,0,-0.0842450080177,0.198146780268,-0.122447774587,0.125447389451,0,0.127350135617,0,-0.20443736848,0
2023-02-15,0,0.236209561971,0.115273835842,0.212496453333,-0.211818501786,0,0,-0.157389164833,0,0.259004902983,0,0.17701524587,0,0,-0.254563469611,-0.0487217759295,-0.327507087841
2023-02-16,0.124498063505,0,0.260197165746,0.244039962116,-0.237861326156,-0.103697249549,0,0,0.196253585226,0.175011223407,0,0,-0.269790617447,-0.254204199865,0,-0.134446606983,0
2023-02-17,0,0.175172133341,0.24778690162,-0.0824327318148,-0.0907363193038,0,0,-0.290139018956,0,-0.0649045948619,0,0.102497539499,0,-0.221787335063,0.0872394745935,0.137303950946,0
2023-02-20,0.241084277793,-0.0760991496533,-0.0954244405255,-0.101211683962,0.166606007378,0,-0.252862482471,0,0.195775613204,0.0940286689204,0,0,0,0,0,0.0525054327042,-0.224402243389
2023-02-22,0.234066389354,0,0.0929391408176,0,-0.0814131976543,-0.265077533168,0,-0.216193941379,0.167358722096,0,-0.110632703406,0.160298992871,-0.0766826243925,0,0,0.0953367548602,0
2023-02-24,0,-0.138501968876,0,-0.271759087784,0.114414233697,0,0.083926208795,-0.112288980983,-0.133035329377,0.177627709979,0,0,0,0,0.184881704029,0.1891501435,-0.0944146329799
2023-02-27,0,0,0.0564424745118,0,-0.204220987659,-0.11962085381,0.286170239936,-0.12010039914,0,-0.140343135541,0.215397428429,0,0,0,0.0829068367548,0.109083020368,-0.165714623851
2023-02-28,0,0.209115607574,0,-0.288990576795,-0.146575472337,0,0,0,0.192388843563,-0.21355915488,-0.212351411794,0,0.223659915787,0.175547461503,-0.138523384194,0.199288171574,0
2023-03-01,-0.0922734845639,-0.157597895922,0.247997759235,0,-0.119036164769,0,0,0,0,0,-0.26702078195,0.0893260231829,-0.114071672794,0.117338768851,0.127660433808,0.167677014922,0
2023-03-02,-0.0634582541568,0.25270141902,0,-0.107357276057,0,0.064693485459,0,0.0796281467024,0.229892699531,0,-0.235450262617,0,0,-0.170991291318,0.123084249288,0,-0.172742915851
2023-03-03,0.146623314539,0,-0.243213110207,-0.120647832192,0.165666119702,0.131790104575,0,0.189796247928,0,-0.104782722136,0.116124213255,0,0,-0.101528695925,0,-0.17982763954,0
2023-03-06,0,0,0,0.12128499932,0.129231537939,0.166976315058,-0.181966597996,0,0,0.206361054417,0,-0.194294745259,0,-0.0633604538139,-0.156863379091,-0.153514823839,0.126146093266
2023-03-07,0.141096587951,0,-0.128992257845,-0.272831445387,0.142979487809,0,-0.228283398284,0.0668596130551,0.169709311257,0.229354999927,0,0,-0.0482850801824,-0.0716078183017,0,0,0
2023-03-08,0.264634570303,0.112441931228,0,0,-0.151372098076,0,0,0,0.0809188442927,0.167055937043,-0.0923988028877,0.124948717133,-0.0751080321146,0,0,-0.21752471773,-0.213596349192
2023-03-09,0.220026445697,0.103021189147,-0.182555510897,-0.186664146336,-0.372883040673,0.333279182038,0.170969385036,-0.183178024528,0,-0.074719277566,0,0,0,0,0,0,0.172703798082
2023-03-10,0,0,0.199573825733,-0.166770270175,0.0676769086221,-0.106307599958,-0.104889008386,-0.106848591196,0,0,0.141424614652,0.169082519257,0,0.172242131735,0,-0.265184530285,0
2023-03-13,0.0559222214473,-0.0944014943986,0.256164854125,-0.195395317256,0,-0.0871523202476,0.0640607387518,0,-0.22336606403,0,0,0,0,0,0.268727339025,0.105124846651,-0.149684804068
2023-03-14,0,0,0.123352022532,-0.168454446022,0.129882911909,-0.0573760975338,-0.0800696980285,-0.252493104609,-0.191606653807,0.0751440371259,0.209688882804,0,0,0,0.211932145629,0,0
2023-03-15,0,0.295026224207,0,-0.0711785916316,-0.0632406122388,-0.108064785281,0,0.171169156748,0.10196003492,0,0,0,0,0.127895014489,-0.244356915994,-0.263159094855,0.0539495696359
2023-03-16,0.241390746121,0.107780839416,0,-0.182508583204,0,-0.333647906547,-0.0675710313016,-0.27074569241,-0.145526786538,0,0.18856399903,0.139673893148,0,0,0.322590522285,0,0
2023-03-17,-0.270990929636,0,0.281494670899,-0.135632105258,-0.0930397787693,0,0.125289837542,0,0,0.224451449161,0.0675271349123,0,-0.1568994779,-0.0934377084361,0,0.051236907486,0
2023-03-20,0,0.185588814324,0.144170106918,-0.260621586572,0,-0.148131203632,0,0,0.100274796645,0,0,0.19066527178,0,0.379301010332,-0.134445550283,-0.331736792568,-0.125064866945
2023-03-22,-0.244461868848,0,0,0.13291714168,0,0,0.0633784960517,0.303436859868,0.0914829569319,0.158784545469,-0.212475022533,0,0,0,-0.0699740558948,-0.079638360063,-0.143450692662
2023-03-23,0,0,-0.206220093333,0.133919448562,0.201718494259,0,-0.133251198223,0.178325434348,0.35028868511,0,-0.133351973005,0,0,0,-0.12551265244,0.13574793772,-0.401664082999
2023-03-24,-0.148001838265,0,0,-0.0872486543242,0.0808282630816,0,0,0.0596005001458,0,0.267360888752,-0.269046775202,0,0,-0.156188536211,0.116390489635,0.225819858386,-0.0895141959973
2023-03-27,0,0.0865061147081,-0.275251810499,0,0.245800794147,-0.110594347753,0,0,-0.146943141937,-0.0878999316974,0.1404372573,0,0,0.0997314060294,0.177524427816,0,-0.129310768113
2023-03-28,0,-0.152669137561,0.278733794364,0,0.128139510937,-0.210594682094,0,0.267958611618,0.197190071968,-0.195368551283,0,0,0,0.127978011113,-0.184138795745,0,-0.257228833317
2023-03-29,0.0645267169665,0,-0.166770491713,0,0,-0.134151889615,0,-0.171885939408,0,-0.369783122061,0.215367016366,0,0.149668353367,-0.157408557203,0.259517522047,0.310920391254,0
2023-03-30,0,0.248631381443,-0.0998396031158,-0.159187086873,0,0.103355701265,0,-0.162390670708,-0.156969973918,0,0,0,0.148071376178,0.115986520405,0,-0.171612665385,0.133955020709
2023-03-31,0,0,-0.0817269323403,0,0.197626564343,-0.354811192021,0,-0.0844828488754,-0.124167834742,0,-0.354811192021,0.0993582352605,0.110892038906,0.184027900841,0,0.408095260649,0
2023-04-03,0.147559445194,-0.387556413488,-0.102554528605,0,0.247603110776,-0.132200093812,0.185334629451,0.218411734357,-0.263489982463,0,0,0,0,-0.114198981631,0.201091080223,0,0
2023-04-04,0,0.345064801855,-0.207640745859,-0.1728631007,0.333898377796,0,0.097922411188,0,0.198880580451,0,-0.213191895574,0,0,0.0242338287093,0,-0.0862778808376,-0.320026377029
2023-04-05,-0.0820865394887,0,0,-0.208486164725,0.15294410887,0.0701351511591,0,-0.179252557589,-0.136133964326,0,0,0,0,0.137911869773,0.279752239529,-0.144040773871,0.109256630669
2023-04-06,0.0658677865269,0.177359900594,0,0,0.204430642699,-0.16199986678,0,0,0,-0.181658521979,0.17930016289,0,0,0.123041507291,-0.0790704832732,-0.179406393321,-0.147864734646
2023-04-07,0,-0.11762633362,0.123172302632,0.144464733508,-0.149206907684,-0.106895089793,0,0,-0.0951790565352,0,0.0857971972493,0,0,0.26449535727,0,-0.281092612368,0.132070409341
2023-04-11,0.147804790894,0.215495251593,-0.138096676065,0,0,0.145898649496,0,-0.185580297112,-0.234669200812,-0.346998982128,0,0,0,0,0.329375075686,0.161426232332,-0.0946548438824
2023-04-12,-0.0999971864261,-0.117429512914,0,-0.143834247708,-0.288027557204,0.0394275221318,0.262104951357,0,0,0.329569318523,0,0,-0.350711495747,0.154297950724,0.214600257265,0,0
2023-04-13,0,0.123781789179,-0.015791340235,-0.118861096843,0,0.181701127006,0.18944033203,0,0,-0.277287485933,0,0.0622163325266,-0.16855932224,0,0.192860419258,0,-0.169500754749
2023-04-14,0,0.276127297445,0.160742078869,-0.221828365516,0.182947239948,0,0,0,0.0736171062301,0,0,-0.0727502415396,-0.179797539263,-0.127473297637,0.0565662775076,0,-0.148150556045
2023-04-17,-0.10021355621,0,0.071954242945,0,-0.141626103357,0,0,0.15492216073,0,-0.148150392842,0,-0.122738834057,0.173310458037,0,0.100346202448,0.249466935839,-0.237271113534
2023-04-18,0.145600396708,0.0603061414855,0,-0.168874567886,-0.222085752268,0,0,0.245142587209,0,-0.320478296434,0,-0.131471537345,0,-0.157089846066,0,0.233655446782,0.315295427816
2023-04-19,0,0,0.166882679996,0,-0.207344799939,0.251317982939,0.287627508743,0,0,0,-0.0657635569715,-0.164859935849,-0.291360564951,-0.270671142289,0.202442329816,0.0917294985057,0
2023-04-20,-0.141976452726,0.170705304761,0.172103357095,0,0.220963600349,0,0,-0.146162465928,0.132695173677,0.0535325641175,0,0,0,-0.171731287164,-0.0790345477038,-0.211095246479,0
2023-04-21,0,0,0.0767176882378,-0.220500979353,0,0.0801196443656,0,-0.158936751846,0,0.300496697413,0.190747564273,0,-0.199636278828,0.35191840571,0,-0.191266508056,-0.229659481917
2023-04-24,0.19486546018,-0.0621634507612,0,-0.27300610963,0.0690252006426,-0.190387286844,0,0,0,0.151469855983,0.133960896733,0,0,0.20067858646,0,-0.165194134618,-0.0592490181463
2023-04-25,0,0,-0.186435457044,-0.266374151574,0.214058935768,0.145754913795,0.165810007062,0,0,-0.143998444875,0,-0.0705438989665,0.108232053224,0,0.116144090151,0,-0.0826480475408
2023-04-26,0,0,-0.161729227363,0,-0.0855286146277,0,0,0,-0.268418661379,-0.160058774442,0.079498558783,0.266291948985,0,0.162989041799,0.141782507671,-0.0742647221888,0.0994379427624
2023-04-27,0,0,-0.0725148085755,0,-0.0811314962004,-0.118691570522,0,-0.187973751092,0,0,-0.28968837361,0.170000922047,0.0669810867961,0.288792749826,0,0.150228083958,0.0739971573727
2023-04-28,0.132726361851,-0.133716320106,0,0,0,0,0,-0.0608672323509,0.32758593167,0.142210017092,-0.307563449717,0,0.0637569012138,-0.193498095391,0.0837207881735,0,-0.0543549024353
2023-05-01,-0.148543998805,0,0.283473467125,-0.367234797804,0.158581914241,0,0.238285047493,0,0,-0.167268998175,-0.172469196871,0,-0.144483008346,0,0.134669946068,0,0.184989625073
2023-05-02,-0.252592070077,0,0,0,0,0,0.127961151654,-0.144789340774,0.174314137846,-0.193585101068,-0.131374151688,0.247892683449,0,0.183217755356,0.266614271694,0,-0.277659336393
2023-05-08,-0.292199378949,0.193060338012,0,-0.0990178531309,0,0.185222584835,0,-0.118442153441,0,0,-0.15268538452,0,-0.0876552299584,0,0.115153234733,0.0798499923235,0.176713850096
2023-05-09,-0.269674784647,0,0,0.133908571658,-0.170967322438,0,-0.171902096834,0.37441169473,0.265633585866,0.117547098722,-0.113674524591,0,0,0,0.108499049025,0,-0.27378127149
2023-05-10,0,0,-0.17675520739,0,0.0972261605256,0.179059060569,0,0.258916789273,0.137743792833,0,-0.0668553337897,-0.0578718814058,-0.325696387371,0.0770541967994,0,0,-0.122821190044
2023-05-11,0.202204327936,-0.1702998617,0,0,0.217092082384,-0.188733824174,0.33869000674,-0.217434506621,0,0,0.141775985814,0,0.100237597126,-0.243286169189,0,-0.180245638316,0
2023-05-12,0.264173614163,0,0.274433454327,-0.0763819393906,0.119925775917,-0.138120939538,0.029783288535,0,-0.18842740985,0,0,0,-0.0721012147725,0,0,0.0616838670579,-0.274968496449
2023-05-15,-0.124875328481,-0.143427477393,0,-0.254042511865,0,0.222101174411,0.353260712305,0,0,-0.178415495091,0.164865755907,0.10365195908,0.156120398297,-0.299239187169,0,0,0
2023-05-16,0,-0.217319463136,0,0,-0.201280538467,0.317294949833,0.329915142435,0.0764639158544,0,0,-0.298725800085,0.0763153411123,-0.0892109126831,-0.193463285629,0,0.200010650765,0
2023-05-17,-0.0958311665226,0.252955268735,0,0,0,0.150030994314,0.160452232756,0,0.285028063335,0,-0.15109029315,0.15153344086,0,-0.152121772129,0,-0.382883034421,-0.218073733777
2023-05-18,-0.249469423841,0,0.0952393111532,0,-0.132333384554,0,0.210652439296,0,-0.263470839387,0,-0.119494079133,0,-0.235232273085,0,0.277616338978,0.331402434966,0.0850894756061
2023-05-19,-0.152135670183,0,0.196297936854,0,0,0,0.0878764451502,-0.221758976199,-0.195408906643,0.127583551732,0,0,0.436024660025,-0.187412096713,0.152217406239,0,-0.243284350261
2023-05-22,0.210540605196,0,0,0.177741501522,0.350272873359,-0.0861836782206,0,0,0,0,-0.217297713318,0,0.230800155472,-0.0576256423164,-0.196756098659,-0.442136867486,0.0306448644504
2023-05-23,-0.250344350129,0,0.162757338736,-0.164314897843,-0.134099801716,0,0,0,0.315902809414,0.0684767215993,0,0.116906397423,0,-0.0614941761163,0.0859567328278,-0.139746774196,0
2023-05-24,0,0,0.180879692917,0,-0.355419185283,0,0,-0.172504303899,0.250319360712,0.206115949369,-0.17589384972,0.207106077712,0,0.15557891929,0,-0.140531343794,-0.155651317304
2023-05-25,0.120365180054,0,0.138989158249,-0.234281973834,0,-0.135558648656,0,-0.136507232526,-0.0778556886084,0.229196732983,0,0.125589427604,0,0,0,-0.165796456376,0.135859501111
2023-05-26,0,0,0.237230324483,-0.169187324749,-0.309124486243,-0.0954509313376,0,0.152722567627,-0.100894167576,0.337329354613,-0.325343090095,0,0,0,0.143494149077,0,0.1292236042
2023-05-29,-0.408607869299,0,0,-0.19989155533,-0.0918401362722,0,0,0.110727341468,0,0.170501114446,0,0,-0.223022334845,0.189647673924,0.28412716662,0.244996703542,-0.076638104254
2023-05-31,-0.27892969539,0,0.263225895626,-0.0746007128354,-0.102089104626,0,0.0730495418048,0,0.0894467693685,0,-0.0662962060722,0.171656160275,0,0.152621632925,-0.228084281076,0,0
2023-06-01,0,0,0,0,0.163808790513,-0.217347744903,0,-0.227613326373,0.264097849208,-0.107455705813,0.124468403442,0,0.117103114042,0,0.0805218427959,-0.0960811819064,-0.101502041004
2023-06-02,0,0,0.171697078588,0,0,-0.18717552156,0.186881456045,0,0.0919228678815,0,-0.131950728635,0,0.20885376189,-0.108156359643,0.090644835596,-0.127776281546,-0.194941108617
2023-06-05,-0.0977899692575,0,0,0,0,-0.102945123545,0.220264586022,0,0,-0.352928296616,0.0538407289885,-0.0971171526605,-0.0992194579214,0.141332545005,0.150159010216,0.184403129768,0
2023-06-06,-0.215194094188,0,0,0.110334246019,0.123362297179,-0.18844335601,0,-0.248578549641,0,0,0,0,0.326947066781,-0.183545748613,0.279205919791,-0.164238251549,0.160150470229
2023-06-07,-0.162448033381,0.111771951525,0,-0.0876194451488,-0.243111819884,0,0.166630999211,0,0,-0.193657789873,-0.0631629117139,0,0.233844765784,0,0.143733357176,0.0940189263029,0
2023-06-08,0,0,0,0,-0.399818425495,0,0,0.130606409401,0.354952807859,-0.399818425495,-0.042580584823,-0.0407149366219,0.254521896429,-0.117067627565,0.109462212828,0,0.150456673483
2023-06-09,0,0.076858660395,0.294771903114,0.16687653005,-0.227657318489,0.284674296211,0,0,0,-0.198035087896,0,-0.271558566584,0,-0.14401439182,0.176818610231,0,-0.158734635211
2023-06-12,0.0964880245166,0,0.144949817276,0,-0.141016344475,0,0,-0.157061647915,0.138523310751,-0.121332003169,-0.1519159865,0,0.200241554136,-0.17867401794,0.16979729332,0,0
2023-06-13,-0.150036989077,0,0,0.111097246886,0.191202373838,-0.216432459304,0.118923229512,0,0.241844939824,0.336932209939,-0.251811746463,0,0,0,0,-0.166382927162,-0.215335877994
2023-06-14,0.28816042571,0,0,-0.169386851663,0.143153513732,-0.388649383432,0.350543494182,0,0,-0.199875333062,-0.107971474508,0,-0.134116957335,0,0.122774578131,0.0953679882461,0
2023-06-15,0.194291522166,-0.0839725986077,0,0.0748246530204,-0.189626509062,-0.287058286796,0,-0.164117519089,0.178517856674,0.201706072535,0,0,0.350659895604,0,0,0,-0.275225086445
2023-06-16,0,-0.164025994852,0.0798825402389,-0.0921051136689,0.229028331491,-0.206449516916,-0.101087005065,0.142759972017,0.0707128740985,0.227616282155,0,0,0,0,-0.186332369497,0,0
2023-06-19,0.120530187592,0,0,-0.0961962424374,0.138262818824,-0.376645655532,0,-0.105463933424,0,-0.321307476235,0,0.133169926316,0.402531400418,0.205505666851,0,0,-0.100386692373
2023-06-21,0,-0.13099008916,0,0.0905293506801,0,0.116247258888,0,0,0.121151844613,0.306392568944,-0.175055750585,0,0.365678976875,-0.234439398228,0,-0.172491210087,-0.28702355194
2023-06-22,0.132799222585,0,0,-0.100513205541,0.0842193645319,-0.232343877325,0.0802612733244,0.100973400175,0,-0.235339150591,0,0,0.351746739383,0,0,-0.123826501526,-0.0579772650178
2023-06-23,0.0968103176787,0,0,0,0.30175141073,0,0,0,0.209357739059,0.240380576121,-0.206882779845,0,0.151699956411,-0.125118893538,-0.190163070445,-0.209214784899,-0.268620471273
2023-06-26,0,-0.0341549418227,0,-0.369376925297,0.116369855006,-0.114191126722,0,0,0.137698988386,0,-0.245238346174,0,0.501194823702,0,0.122053447731,0.122682885174,-0.237038659985
2023-06-27,0,0,-0.111517931076,-0.294959158542,0,-0.261306723259,0,0.216573074162,0.076650807387,-0.238104370044,0,-0.0941118170793,0.148749105953,0.168332261683,0,0,0.389694750815
2023-06-28,-0.129185521863,0,-0.148573951427,0,0,-0.164117651616,0.198651334312,0.0913565077327,-0.0430222520253,0.298653020155,0,0.0737840349943,0.0875551028061,0,0,0,-0.265100623068
2023-06-29,0,0,0,-0.214197198479,-0.139423513857,0.208460650788,0,0.149767791165,-0.359439510395,0.314344288973,-0.156416111839,0.186753438631,-0.130523665429,0.140673830443,0,0,0
2023-06-30,-0.166220468482,0,0,0,0.205065618309,-0.158159325397,0,0.305494202486,0,-0.283608899767,0,0,0.276042274947,-0.23715844193,-0.154852864424,0.0910976814325,0.122300222826
2023-07-03,0.252256303268,0.149344845365,-0.13163029098,0,0,0,0,-0.210305481155,-0.326131149022,0,0.174897616722,-0.159331247234,0.274106115302,0,0,0.149395119343,-0.17260183161
2023-07-04,0.236174928934,-0.0661231099545,0,0.126832587298,0.158254236248,0,-0.0826414732212,0.0978245528279,0,-0.226574897786,0.130913694691,0,-0.187983155215,0,-0.186677363823,0,0
2023-07-06,0,0,0,-0.154659019206,0.0681502755205,-0.17515362576,-0.288262320711,0.0818259478202,0.211092104284,0.134198077139,0.254733595236,0,0,0,-0.0560873141785,0,-0.0758377201449
2023-07-07,0,0.176495488486,0.0923946955367,0,0,-0.13856104941,0.120132605575,-0.114702973736,0,-0.280905978105,0.269699293896,0.091277916506,-0.14340766507,0,0,0,-0.0724223336799
2023-07-10,-0.243959563106,-0.0614396401239,0,0,-0.191003665236,0.302357388888,0.129031475115,0,0.114070486319,0,0.0991870342665,0,0,-0.065812724157,-0.187784407377,0,0.105353615411
2023-07-11,0.213814033628,0,-0.143116780485,0.109822587217,0.148294345302,0,-0.039742253522,0.166864018484,-0.136912943704,0,0,0,-0.171963521077,0.111205015369,0,-0.258264501212,0
2023-07-12,0,0.0963818421568,-0.224017353852,-0.0806846253988,0,0.109987902035,0,0,0,0.170622437558,0.26414209529,-0.0723354331826,0,-0.150862594438,-0.222099993128,0,0.10886572296
2023-07-13,0,0,0.230955137547,0,-0.185134596417,0.270329683338,0,0,-0.293137398329,0,0.0862830479019,0.0731509784377,-0.069262563647,-0.110738259616,-0.0917271819909,0,0.0892811527749
2023-07-14,-0.207923208351,-0.0340255689319,0,0.197183172998,0,0.129109133418,0,-0.254184737434,-0.104325848917,0.128018533253,-0.149540636365,0,0.115629046154,0.180060114177,0,0,0
2023-07-18,-0.269100961527,0,0,0.158983067693,-0.149287183127,0.175554474036,0,0.145971674614,0,0.138078258384,-0.147871119918,0.131412525273,0,-0.119488067182,0,-0.0642526682461,0
2023-07-19,-0.181578871138,0.113085493594,0,0,0,0.127209126943,0.2453899954,-0.207026636239,0.180318545581,0,-0.11482678609,-0.0781268647086,0,0,0,0.0839968384814,-0.168440841824
2023-07-20,-0.0699861589339,0,0.340876242308,0,0.168725887004,0,-0.271620408887,-0.0914986849963,0,-0.215369488486,0.131281018442,0,0,0,0.184115100425,0.175001751821,-0.351525258697
2023-07-21,0.211814090983,0,0,0,0.298848080441,-0.211234071638,0,0,-0.0875905205401,-0.35520791417,0.352749941861,0,0.0722942382032,0.0642936485119,0,-0.220218834577,-0.125748659075
2023-07-24,0,0,0,0,0.197780303256,-0.232646749749,0,-0.209636111353,-0.20556423476,-0.247934275442,0.226432164549,0,0.132107988796,0,0.406454462504,0.0372250808939,-0.104218628696
2023-07-25,0,-0.148513061543,-0.173374196796,0,-0.176075812324,0.188077870747,0,-0.219631829678,-0.282405099658,0,0,0,0.183302193611,0,0.200495715739,0.165048405253,0.26307581465
2023-07-26,-0.227336394978,0,0,0,-0.0796547940148,0.174558752991,0.228130453046,-0.168591258276,-0.0529588238327,0.125366634583,0,0,0,0.148534429631,0,0.0734097297492,-0.221458728898
2023-07-27,0,0,0.110044071316,0,-0.15756370732,0.230104528225,0,0.202014612196,0,-0.151325518187,0,0,0.104406699156,-0.118461372573,0.103430089106,-0.0975945192346,-0.225054882685
2023-07-28,-0.16209147778,0,0.176106641589,0,0,0.149433914095,0.121797226747,-0.0935566242646,-0.0606828704993,0.203017515656,0,0,0,0,-0.288791335789,-0.144877691666,0.0996447019121
2023-07-31,0,0,0,0,-0.19141862869,0,0.133125164803,0.102407053817,0.149412008336,0.205085841216,-0.223227607791,0,0,0.159969931829,-0.191855040893,-0.0684602566239,-0.0750384660021
2023-08-01,0,-0.126483424154,0.177578421983,0.183510352375,-0.392426599473,0,0,-0.129025436813,0.201760672506,-0.241228366859,-0.110836172701,0,0,0,0.195789738403,0,0.241360814734
2023-08-02,-0.21428553123,-0.127438552135,-0.243786504457,0,-0.303276426688,0,0,0.168968533399,0,0,-0.11121298549,0.0863293218674,0.212520805054,0,0.133332735277,0.398848604403,0
2023-08-03,0.204627804869,0.362341405229,0,-0.0968565892113,0,-0.133031318907,0.110262927809,0,-0.159712912767,-0.425588460946,0,0,0,0.202861897149,-0.184810718169,0.119905964943,0
2023-08-04,0.0565550913503,0,0.31844898274,0,0,0,0.389180465416,0,0,-0.148191415914,-0.256285154785,-0.202173014169,0.0366088448499,-0.142075991575,-0.251274423557,0.199206615644,0
2023-08-07,-0.123558732901,0,0,-0.149333801252,-0.165805398298,0.241547457647,0,0,0,-0.178823828819,0,0.102638812878,0.198449515124,0,0.0615347303839,0.145829483967,-0.132478238731
2023-08-08,-0.240220679382,0,0.130697490585,0,0.145721320441,-0.069863524897,0,0,0,0,-0.170965862182,0,0.108908351005,0.161171930754,-0.0707117209183,0.203500907214,-0.198238212621
2023-08-09,0,0,0.138704616678,-0.19744340108,0.235879487737,0,-0.281370990683,0.452656403477,0.0637126489712,0,0,0,0,-0.237654802111,0.109046843136,-0.138130627432,-0.145400178694
2023-08-10,0,-0.424280348308,0,0.109764738811,0,0,0.112429842549,0.355189090184,-0.13997502473,-0.276453676184,0.269405089835,0,0,-0.0826069391127,0.153211238621,-0.076684011666,0
2023-08-14,0,0.294176192677,-0.121837870992,-0.108680212345,0,0,0,0.0756366596213,0,-0.374655453348,0.179193558526,0,0.15042306878,-0.295893345218,0,-0.0989331180976,0.300570520396
2023-08-15,-0.177286605883,0,0,0.183753624999,0.205135249687,-0.0478536378355,0,-0.199780417067,0,0.16925062199,0,0,0.0752330403683,0,-0.154995789706,-0.170083549509,0.116627462956
2023-08-16,-0.157556583755,0.280609645155,0,-0.239589825673,0,-0.272550529977,0,0,0,-0.239154677988,-0.0911483826077,0.182146338323,0,0.229090956722,0.179090560576,0,0.129062499224
2023-08-17,-0.117167235615,0.184596052714,0.142117703574,-0.0880459738753,0,-0.0738047271492,0,0.147004008816,0,-0.264025938807,0.141164693654,0,0,0,0.135117541243,0,-0.206956124554
2023-08-18,0,0.156947494451,0,-0.183918610568,-0.175521757257,-0.137777404058,0,0,-0.109557384824,-0.393224843294,0.175637460391,0.2627017036,0,0.211242906131,0.193470435426,0,0
2023-08-21,0.143144055037,0,-0.0928122910694,0,-0.224347867691,0,0.153765244653,0.113742067807,0,-0.194231063882,0,0,0.143754993907,-0.0885957699257,0.195593638595,-0.150013007432,0
2023-08-22,0,-0.133171893747,0.253453764579,0.147910057841,0,-0.0969086013158,0,-0.137231761764,0,0.0783419976845,0,0.188906845942,0,-0.117932700109,0,0.0813873339539,-0.264755043065
2023-08-23,-0.102357697407,0,0,-0.270362590329,0,0.238306374821,0,0.132540279125,0,-0.0957781981278,0,0.0773468353557,0.275433573479,-0.0750919965546,0.27637293722,0,-0.456409517582
2023-08-24,0.089142001625,-0.127379630276,0.187253696157,0,0.0755161374874,0,-0.112039445235,-0.196974867283,-0.135198243407,0,0,0.158653607892,0,-0.178407813799,0,0,0.239434556839
2023-08-25,0,-0.0972224793636,0,0,-0.146768251495,-0.0992640766561,0.222002876599,-0.112651001208,0,-0.294094191278,0,0.0928181174636,0,0.138873472183,0.180584234873,0.115721298882,0
2023-08-28,-0.194517470816,0,-0.202917388397,-0.0896767391374,0.181667762317,-0.253365724463,0,-0.259522677187,0,0,0,0.186723485265,0.1792898762,0.188772220311,0,0.263546655907,0
2023-08-29,0,-0.122615503933,0,0.124662742567,-0.0917787594402,-0.261132851346,0,0,0.166907267694,0.223974398022,-0.0841872872299,0,0.0806750847685,0,0,0.153780506948,-0.19028559805
2023-08-30,0,-0.121120433161,0.164904797519,0,0,-0.182713516402,0.0764792546603,-0.202283753113,-0.122122056484,0.297883563837,0,0.0559960836598,0,0.154736300324,0,-0.121760240841,0
2023-08-31,-0.107597264186,0,0,-0.190314527047,0,-0.138048884497,0,0.145077271598,0,0.0889261680277,0,-0.0783203000852,0,0.224209638272,0.125320768005,0.166466154097,-0.235719024185
2023-09-01,-0.204344629174,-0.1436603223,0.148474950893,0,-0.255519823002,0.230967985552,0,-0.0539552927323,0,0.134872935473,-0.092519932792,0.11438600183,0,0,0,0.121298126252,0
2023-09-04,-0.214135066925,0,0.174291993786,-0.148590575972,0.129884490008,0,0,0.162131809987,0.184961322195,-0.139940323064,-0.226483364108,0,0.0987303840251,0,0,0,-0.0208506699305
2023-09-06,-0.280481574873,0,0.243737549793,0,-0.23662338451,-0.134971024932,-0.177464322721,0,0.148182726018,0.110637423293,-0.170459692964,0,0.266382252178,0,0,0,0.231060048717
2023-09-07,-0.0936402331966,0,-0.442584608444,0,-0.0968093923674,0,0.275835566017,0.217188663396,0,-0.328255946605,0,0.24477092555,0,-0.0387098193866,0.168123481023,0.0940813640143,0
2023-09-08,0,0.201017255222,-0.28802661758,-0.242307294467,0,0,0,0.156943112175,-0.301180294669,0,0.284397750261,0.171656089022,-0.100220412286,0,-0.068265380998,0.18598579332,0
2023-09-11,-0.208193472568,0,0.132244954225,-0.0819733950871,0.0851792896167,0.118494786662,0,0.152666735217,0,0,0.261414234279,0,0,-0.116489744266,-0.206410335353,-0.136933052726,0
2023-09-12,0.157213510186,0,0,-0.105976442647,0.123051670273,0,0,0,-0.0770548569997,0.127430011177,0.197245874841,0,-0.116323497132,0.145058933524,-0.142521185007,0,-0.308124018215
2023-09-13,-0.182730211637,0,-0.177376450344,-0.134418221531,0,0,0,0,-0.112230506379,-0.143244610109,0.195039723028,0,0.125304546532,0,0.136503790215,0.116856362908,0.176295577316
2023-09-14,0.145400101834,0,0.14826024221,-0.170696646954,0,0,-0.155693918355,0,0,0.200093337106,0.364648785992,0,0,0.141597532858,-0.200943110274,-0.212777195903,-0.259889128515
2023-09-15,0.0955310105263,-0.176183877727,-0.316694902627,0,0,-0.275765878891,0,0.199241185495,0,0,0.244456793606,-0.0831992530148,0.174134531006,0.286636479367,0,-0.14815608774,0
2023-09-19,-0.263022227577,-0.109656800696,0.192621089513,0,0.14382141593,0,-0.190745931435,0,0.239122876497,0.287682759399,0,-0.0412298538102,0,0,0.13675185866,0,-0.395345186482
2023-09-20,0,0,-0.220652941717,0.0913710414447,0.263577084271,0,-0.0228445785483,0,0.239321771507,-0.101602735518,0,0,0.09754426545,0,0.058185837327,-0.216918305156,-0.18798143906
2023-09-21,0.27852680463,0,0,-0.217494677907,0.12942120993,0,-0.307119179453,-0.126169009616,0,-0.138243416449,0.232934607422,0,0,0.127649440428,-0.210973716574,0,0.23146793759
2023-09-22,-0.103855861959,0.214632295351,0.189975608087,0,0,0.34784690904,0,-0.170367238443,-0.0852946335115,-0.35049995565,0,0.0854834579494,0,0,0,0.162061729572,-0.289982310437
2023-09-25,-0.103200507953,0.133008734714,-0.0841117838765,0,-0.273819138905,0,0.0560664714668,0,0,-0.136848205846,0,0.0951274299158,-0.15202036342,0,0.253189238449,0,0.212608125454
2023-09-26,-0.188031188894,0,0.363087670612,0.175440903936,0,0.162242166413,-0.167705775507,0,0,0.143895735141,0,0,-0.208430666886,-0.1955220345,0,-0.240310334214,0.155333523897
2023-09-27,0,0,0.236795136122,0,-0.195888688024,0,0,0,0,-0.0999507759711,-0.261397431361,0.178444003017,-0.123627616264,0.279307474201,0.149338840756,-0.31913548838,0.156114545904
2023-09-28,-0.27991038849,-0.270946248295,0.265977895738,0.0671529172016,0,0,0,0.0914921456744,0,-0.253408631023,0,0.372952833104,0,-0.0911021870539,0,0.202424208283,-0.104632545138
2023-09-29,0,0.182911441961,0,0,0,-0.0547713060296,0.261460026943,0,-0.109836985037,-0.202527018874,-0.286413803627,0,0,-0.346450886432,0.167171768925,0.200381556544,0.188075205628
2023-10-02,0,0.0825451087371,0,0,-0.213634671687,0,0.258791060808,0.100180231355,-0.319850692606,-0.0548208749074,0,0.16019905909,0,-0.123351103394,-0.0383426574062,0,0.148284540011
2023-10-03,-0.109234819114,0.283901167067,0.256273256472,0,0,0,-0.0648141832169,-0.228335603551,0.200033875543,0.179724394512,-0.505027557816,0,0,0.0800673064065,-0.0925878363021,0,0
2023-10-04,0,-0.186646182395,0.143024461269,0,0,0.181731922519,0.245178205941,-0.124644102882,-0.174734858526,-0.404694321773,0.250635519587,0,0,0,0.179429890684,0,-0.109280534425
2023-10-05,0,0.223872555642,0,0,0.13769780497,-0.127787949552,0,-0.149002364719,0,0.19723035974,-0.213007194933,-0.163089269324,0.109243194001,0,-0.0971132214728,0.0819560856464,0
2023-10-06,-0.283968978509,0,0,0.147511575048,0,0.112252519907,-0.0737578956047,0,0,-0.131592238761,0,-0.104604886146,0,-0.15607600098,0.268034502624,0.101851917339,0.120349485082
2023-10-10,0,-0.37696562781,0,0,0.327865112806,0,0,0,0.208628440953,0.268081575673,0.134758432558,0,-0.264088513108,-0.156707773467,-0.0973564874519,-0.104881598163,0.0606664380105
2023-10-11,0.139597316362,-0.272064065495,0.0889151426799,0,0,0,-0.0517870706184,0.219301076964,-0.136224201108,0.0603299114015,0.241856552593,0,0,0,-0.0490672868259,0,-0.240857375953
2023-10-12,-0.251194503786,0.167832035797,0.199112181493,0,-0.355211978804,0,-0.0924127098623,0.132706363597,-0.188974138246,0.346545011434,0,0,0,0,0.153804407679,-0.112206669302,0
2023-10-13,-0.206668514148,-0.171506086451,0.0893160114757,-0.23954432021,0.163991510806,-0.269897221883,0,0,0,0,-0.112383857308,0,0,0.289577816823,0,0.0800450535602,0.377069607335
2023-10-16,0,-0.415844110732,0.0958026528615,0,0,0,-0.152975811909,0,0.355720154505,-0.240359110941,0.319332681232,0,-0.113844952797,-0.0769760136212,0.0919384745202,0,0.137206036882
2023-10-17,0.118529549651,0.198911035845,0.100728182042,0,0.175877822157,-0.0634662946265,0,0,-0.243164420936,0,0.155953410306,-0.0667560926592,0,-0.125325696357,-0.251287495422,0,0
2023-10-18,0,0,-0.189674986398,0,0.183560621075,-0.110624377898,-0.17234603798,0,0.125137883644,-0.0870882774088,0.149585598919,0,0,0.159109082435,0,0.132606813926,-0.190266320315
2023-10-19,0.31799403456,0,0.18528062443,-0.207236842348,0.190485473168,0,-0.440870421741,-0.121641381191,0.106355710611,-0.141180958446,0,0.199884157231,0,0,0,0,-0.0890703962736
2023-10-20,0,-0.169227412709,0,-0.121833701493,-0.453369813129,0.215521650017,-0.124898781363,0.24989308992,0.265379382195,0,0,0.099862335763,0,0,0.169343542104,0,-0.130670291307
2023-10-23,0,0.179176168181,0,0.204829443656,-0.266132338197,0,-0.0682270355301,-0.0983080321022,-0.1125368607,0,-0.20479573347,0.137628701537,0.148869881657,0,0,0.0794958049689,0
2023-10-24,0,0.0673969510286,0,0.0887649313613,0,-0.166388437344,-0.240386690032,0,0,0.164218865902,-0.117019370983,0.112332781782,-0.113541304363,-0.112664197277,0,0.317286469927,0
2023-10-25,-0.26843917432,0.349251286819,0,0.0567461857516,0,0,-0.17216285146,0,-0.151769776375,-0.0856461471096,0,-0.0719820507365,0.070371679313,0,0.107186145149,0.166444702968,0
2023-10-26,0.102015237399,-0.0816647058094,-0.129230311796,-0.221875124783,-0.229889481232,0,0,0,0.10429769184,-0.33734037638,0.371819242896,0,0,0.0457895701179,0,0.376078257748,0
2023-10-27,-0.113323201748,0,-0.139709348232,-0.155454177746,0.171025278123,0,0,0,-0.239608562278,-0.351904709996,0.170433141482,0,0,0,0.189382359962,0.20898786488,0.260171355553
2023-10-30,-0.17348618743,0.400770885614,0,0,-0.290862435325,0,0,0.228376367366,-0.0681277646862,0,-0.389006778653,0.161354006762,0.161448132362,0,0,0.0480506078953,-0.0785168339069
2023-10-31,0,0,-0.293221596193,0.0844641038415,-0.0858437347248,0.0923228164232,-0.112678424414,0.274333133221,0,0.160836538935,0,0,0,-0.0834131775519,-0.174843067116,0,0.13804340758
2023-11-01,0,0.169282334308,0,-0.268820359584,-0.109562121964,-0.160726392934,0.083585871512,0.266390337695,-0.168902320983,0,0.0905657769334,-0.0419888045344,0,0,0.140175679551,0,0
2023-11-02,0,0,-0.242835395645,-0.150360836256,0,-0.287891008125,0,0.301144556854,0.141834802463,0.294499636242,0.132214882568,-0.180439375793,0,0,0,0.130306121873,-0.138473384181
2023-11-06,-0.19143019789,0.0969340002037,0,-0.139056752773,0,-0.116730331376,0,0,0,0,-0.0882721161926,0.165642361068,0,-0.214510601769,0.204857871152,0.0875176630579,0.195048104519
2023-11-07,0.24413845857,-0.0831770162567,0,0,0,-0.162684015612,-0.181040006613,0,0.139201316584,0.205509989865,0,0,-0.150329518525,0.0606982796185,0,0.100451955362,-0.172769442994
2023-11-08,0.213488805086,0.161592034136,0.128841105437,0,-0.111456215559,-0.182941500886,-0.204501857048,0,0,0.353754618314,-0.190376874993,0,0,0.142323437028,0,0,-0.310723551514
2023-11-09,0,-0.146392318259,0.104791542118,-0.247142946812,0,-0.118919421023,0,0,0.104232196337,0.240010203536,-0.124995530287,0,0,0,0.169187640693,0.131778417316,-0.112549783618
2023-11-10,0,0,0.172637391075,0,-0.295622160654,0.147864284329,0,-0.114594607736,0.0840435382009,0.377212104482,-0.139255102171,0,0,0,0.218242681913,-0.256310926149,-0.194217203289
2023-11-13,-0.180505769627,0,-0.297798374094,-0.130327656953,0.172574051283,0.159880538881,0,-0.0880146050613,0.172515386089,0.408534137139,0,0,0,-0.303353594265,0,0.0864958866084,0
2023-11-14,0.235260980134,-0.216578523343,0,0,0.119639216868,0,0,0.167800106502,0.122271590908,0.105028105589,-0.0981406692158,0,0,-0.0715676518946,-0.24486926878,0,-0.118843886766
2023-11-15,0,-0.299292267376,0.261294896164,-0.211304281023,-0.179723912606,0.139289807175,0,0.180686823246,-0.262311461269,0,0.221172846912,0,0,0,-0.0473680777266,0,0.197555626503
2023-11-16,0.286219441185,0,0.116398697967,0,0,-0.154699489139,0.126473607653,-0.155035676779,-0.143879738583,-0.189709382165,-0.106675713334,0.106484753327,0,0,0,0.114423499868,0
2023-11-17,-0.187748739875,0.290944760727,-0.151383103786,-0.362441877447,0.166217448392,0,0,0,0.158337126906,0,0,0,0.156865299799,-0.175143167184,0.227635364176,0,-0.123283111707
2023-11-20,0,0.0813375556572,0,0,-0.0875346507972,0,0.282876524172,0.103116565731,-0.153758246783,0,0.16962720664,0,0,-0.23500801313,0.1130421478,-0.136486037358,-0.137213051933
2023-11-21,-0.143552620043,0,0.22635016417,0,0,0,-0.150095066265,0,0,0.0781231492705,-0.16578967182,0,0.15898518733,-0.172160292298,-0.118402349575,0.196441571749,0.0900999274812
2023-11-22,0,0.148425143048,0,-0.0748161442278,0.188307374901,0,0,-0.0891782123119,-0.259039317228,0,0,0,0.0576415114032,-0.116986130134,0.176914917281,0.178711053367,-0.209980196097
2023-11-24,0,0,-0.25928433057,0.114378836516,-0.0920326086679,-0.176629292812,0,0.273662503796,0.21135202696,0.242182944755,0,0,0,-0.36110294098,0.158423687973,0,-0.110950826971
2023-11-27,0,0.0857343366748,0,-0.16320930053,0,0.14337483923,0,-0.0887621359543,0,-0.14229873362,0.136047632278,-0.0709983764455,0.18521946174,-0.284731453451,0,0.199623730078,0
2023-11-28,0.0580506498261,0,0.31041786772,0,-0.238597849837,0,-0.121570548327,0.191550305568,-0.123957148308,0,0,-0.0870006348356,0,-0.178873818692,0.0728662809662,0.11711489592,0
2023-11-29,0,-0.182417932947,0.129209268149,0,-0.12006021841,-0.158280885381,0,0.252982122731,0,-0.257141536241,0,0,0.170109107075,-0.0320994270205,0.100111553655,0,0.0975879483911
2023-11-30,0,-0.105196447311,0.175137573246,0.155510374578,-0.188061842047,0,0.115351559842,0,-0.118441480832,-0.0712866764067,-0.267013553403,0.0605494437748,0,0,0,0.243451048559,0
2023-12-01,0,0.044958747632,0.20282093112,-0.184884871511,0.177596471118,0.206853747316,0,0.117770102814,-0.0610155611294,-0.201939606562,-0.0394991248694,0,0,-0.262660835928,0,0,0
2023-12-04,-0.18189512243,0,0,0.0796974775717,0.187644274194,0.352038514267,0,0,-0.342509476985,-0.141163404769,0,0,0.185250604259,0,-0.158958563686,-0.175473432131,0.195369129708
2023-12-05,0.1629435738,0,0.276470694481,0.138573958611,0,-0.0485484825411,-0.146440490633,0,-0.162577801434,-0.239183816707,0,0,0,0.0889298384054,0,-0.153249408685,0.0830819347031
2023-12-06,-0.0581084923998,0,0.207543455671,0,0,0,-0.309920825296,0,0.261275003069,0.260139082126,-0.1454405943,0.156261355233,0.114781103902,-0.27427675884,0,0,-0.212253329164
2023-12-07,-0.0798762821714,0.0668428602581,0,0,0,-0.0816000410648,0,0.123351935378,-0.18548959427,0,0.197354222342,0,0,0.0949599525397,0.267491029482,-0.229981552049,-0.173052530445
2023-12-08,-0.126443752829,0,0.225080531411,0,-0.266294717781,0.350971468669,0,0.175857652513,0,0.0814638442514,-0.171002122782,0,0,-0.193269651598,-0.24298975501,0,0.166626503155
2023-12-11,-0.0993662227768,-0.104237622907,0.256585863068,0,0,0.117748657428,0,0,-0.0918491280645,0,0.134321052031,0.147477550118,-0.184606176513,-0.269940849738,0,0,0.0938668773551
2023-12-12,0,0,-0.202062294159,-0.208957888768,0.268423450459,0,0,-0.191864903879,-0.264526673493,0,0.058449025116,0.156436148502,0,-0.132588239702,0.371575517401,0.145115858522,0
2023-12-13,0,-0.0949036688617,0.393183497496,-0.182816193532,0.0668418058327,0.0646654358071,0,-0.186425933549,0,0,-0.365094009966,0,0.25808102148,0,0,0.217228239385,-0.170760194091
2023-12-14,0.137600650445,-0.0830706421611,0,-0.237068023062,0,0.218883211141,0,0,-0.192560785012,-0.134656584177,0,0,0,-0.102643965587,0.13773058727,0.165884284042,0.0899012671027
2023-12-15,-0.241196376333,0,0.0691755965876,0,-0.190245108674,0,0.104020481859,-0.101028699226,0,-0.135847433224,-0.0816823825438,0,0,0,0.194025585901,0.225892871994,0.156885463658
2023-12-18,0,0,0.102063308417,-0.209270812322,-0.069029627349,0,0,0,-0.130644291982,0.220579325138,-0.257440091991,-0.0836151763561,0,0.099135673724,0.178493900541,0.149727792181,0
2023-12-19,-0.106869843141,-0.192242760797,0.247708808501,-0.266911679197,0,0,0.185530258513,0.17741627026,0,0,-0.269014497326,0,0.191168522759,0.198176139966,0,-0.164961219539,0
2023-12-20,0,0.0545997286586,0.244602937875,-0.13492406228,0,-0.200293356129,0,-0.213407643003,0,0,0.264405036165,0,0.0557852718386,-0.342313467911,0.380607025462,-0.109061470678,0
2023-12-21,-0.208869762247,0,-0.247273724757,0,-0.157616775223,0.207412617861,0,0,0.151160634495,0,-0.216150673357,0.115282085621,0,-0.170089064416,0.203404548535,0,0.322740113488
2023-12-22,-0.0540030323555,0,-0.280929175972,-0.295744350694,0.158945829958,0.178659390705,0,0,-0.0469657251589,0.151537722297,-0.0723577158195,0,0.174223650303,0,0,0,0.0866334067362
2023-12-25,0.100997650663,-0.164495424179,0,-0.124848362753,0,0.31259949321,0.0865727449331,0,0.0989622224974,-0.133895333635,0,0,0,0,0.150867888696,-0.242657297888,-0.0841035815446
2023-12-27,0,0,-0.17607774367,-0.264403495533,-0.136517656257,0.123864541259,0.254629670657,0,0.149904569705,-0.0619278474101,0,0,0.14112226129,-0.111073257131,0.0804789570884,0,0
2023-12-28,0.220822464908,0.210309030651,0,-0.217143099382,0,0.122994016331,-0.202921593108,-0.136142765617,0,0,0,0.390399773294,-0.202549884954,0.055474714817,0,-0.241242656939,0
2023-12-29,0,0,0,-0.193987959839,0.161442740735,-0.141625941144,-0.113467934032,-0.180162290081,0.111857570316,-0.120755874903,0,0.0854881111887,0,0.109841413882,0,0,0.281370163878
2024-01-04,-0.145618979122,0.189658406459,-0.550792939109,0,-0.0549320678215,-0.150100222405,0,0,0.146815900353,0.112289164562,0.419339383143,0,0,0.131897145483,0,0,-0.0985557915422
2024-01-05,-0.151332776536,0,-0.265912580058,0.322067570889,0,0,0,0.0981833487535,-0.249730832431,-0.106281118667,-0.226742692308,0,0,0.280560667322,0.0935033538528,0.205685059183,0
2024-01-09,-0.0896701154154,0,-0.240088545839,0.259386510442,0,0,0,0,-0.353863886188,0.370466287601,0,0.145435231993,0.0642043085924,0.160507661371,-0.140726106062,-0.175651346496,0
2024-01-10,0,-0.106721153567,0,0.254499003617,-0.199585959788,0.112569835014,-0.127768297297,0,-0.155355108819,0.0912008524808,-0.160569480529,0,0,0,0.151588990516,0.140141318372,0
2024-01-11,-0.152032710507,-0.110004714792,0,0.156354229828,0,-0.364853427662,-0.221286517841,0.246870301474,0.155573376857,0.36433450567,0,0,0,0.0768675861717,0,-0.151822629198,0
2024-01-12,0,-0.188788631753,0,0.132847052257,-0.233293341795,0,-0.126338434264,0.343035465496,0.405334063361,0.0862262959307,-0.212477698959,0.032557122955,0,-0.239101893229,0,0,0
2024-01-15,0,0,-0.275826612926,0.0869919986014,0,-0.101496900589,0.164233419774,0,-0.170450606203,-0.126747958671,0.161655361425,0,-0.0754779216109,0,0,0.275013418361,0.0621058018384
2024-01-17,0,-0.309610995027,-0.292789903186,0.201350692154,0,0,-0.25792636913,0,0.290624555931,0.177226398213,0,0,0,-0.0729992455304,-0.0666734871265,0.154854358484,0.175943995219
2024-01-18,0.287977483217,0,0,0.171900808775,0,-0.376645454769,0,0.243430154113,0,0,-0.152396876421,0.151292570806,-0.271114215258,0,-0.126052286256,0.145398983089,-0.0737911672963
2024-01-19,0,0,-0.27445066055,0.161695137509,0.0740164426494,0.391140365865,-0.19341619501,0.185351398382,0,0.187796655594,-0.147995776869,0,0,0,0,-0.178829188265,-0.205308179305
2024-01-22,0,0,-0.165177479681,-0.0580339875412,-0.0584852723633,0.0893827795609,0,0,0,0.262669186382,0.0577327889747,-0.262922099996,0.242863490561,0,0,0.0973517545206,-0.205381160418
2024-01-23,-0.144516386286,0,-0.110869438215,0,0,0.0981469664404,0,0,-0.0851691374999,-0.267607678354,0.0829915640317,0,0.268426893224,-0.141837359646,0,0.0910578086075,0.209376767696
2024-01-24,0.151681149354,0,0.21149862888,-0.139958121227,0,-0.19996429278,0,-0.0689375620005,0,0,0.172168414817,0,-0.227093905977,0.0380877258962,0,-0.114046118015,0.176564081053
2024-01-25,-0.145460322503,0.11142647966,-0.163358707006,0,0,0,-0.261657383384,0,0.221982724622,0.37247506262,0,0,0.15173896867,0.142376764428,-0.167317223154,-0.262206363953,0
2024-01-26,0,-0.114057519747,0.200934331924,-0.184373232785,0,-0.170704178468,0.100080373677,0.164600007138,0,0,0.170365363489,0,0,-0.129845037505,0.114019923772,-0.151020031495,0
2024-01-29,0.0753732202582,-0.125752494285,0.290461677856,0.274743956984,0,-0.157467986029,-0.185907286257,0,-0.0880481808434,0,0,0,0.0449789234579,0.0644422214435,-0.192824052586,0,0
2024-01-30,0,0.150217835701,0,0.0904722972392,-0.125486480139,0.263329082081,0,0,-0.107977650602,0,0.0530579951209,0,0.192922789858,-0.155587558794,-0.154313999746,-0.206634310718,0
2024-01-31,0,0.0884973677062,0.122825890864,-0.233713132528,0,0.354473899144,0,-0.0800107392543,-0.187757367431,-0.156078217059,0,0,-0.0924405437271,0,0,0.0787859678565,0.105416874429
2024-02-01,0,0,0,-0.12290137603,-0.0504605804974,0.12282209791,0,0,-0.267023420303,-0.222500636314,0.0878222232457,0,0.171393364829,-0.0871139868555,0.240397493316,0,0.127564820699
2024-02-02,0,0.127365439981,0,-0.270380234564,0.231608289541,0.096840943833,0,0,-0.17549501221,0,0.111376983205,0,0.18280834344,-0.12592277463,-0.109788071681,0,-0.068413906915
2024-02-05,-0.33296756466,0.093650798123,0,-0.176981391191,0,0,-0.0786219734515,0.0931080659763,0.143658337799,0.290401604353,-0.0717226154835,-0.0897064552138,0.129181193749,0,0,0,0
2024-02-06,-0.090875494937,0,0,-0.393644368229,0.350390590642,0,-0.345087000715,0.212584590178,0.223095357753,0,-0.0833656813478,0.0903190961145,0,-0.087027454772,0.123610365312,0,0
2024-02-07,0.101237079772,-0.161567078702,0,0.2979734351,0.144823807563,-0.227940424033,0.0831110529679,0.372854624597,0,0,0,0,-0.20809796707,-0.177865146312,0,0,-0.224529383883
2024-02-08,0,-0.0821668901077,0.12829368795,-0.287972304506,0,-0.219353240068,0,0,0,0,0.197631674939,0.111461957756,0.193986537603,-0.104313071086,0.118626141752,-0.0561944942329,0
2024-02-09,-0.183430557581,-0.186148311568,0.261274066495,0.181061105786,0,0,-0.137768901013,0,0,0,0,0.295751511295,0,-0.329196621035,0.0366267084654,-0.163455608802,0.225286607958
2024-02-13,0,0,0.197498249585,0,-0.0653904250235,0,0.265503878844,-0.0834349681712,-0.203060480903,-0.277470991977,0.0756769790915,0,0.0883546971014,0,0.122966195378,-0.120643133926,0
2024-02-14,0.303375402878,-0.185870986166,0,0,0,-0.109221538337,0,-0.292071416622,0.152547343797,-0.206823543236,0,0.221093343113,0,-0.206012515639,0,0.152918421654,0.170065488557
2024-02-15,0,0,0.210354823488,-0.132698142221,0.170980384564,0,0,-0.0955672530595,0.200677704942,0.283933069644,0,0.134054017362,0,0,-0.155811673013,-0.432083165011,-0.183839766695
2024-02-16,-0.0899103178233,0,0.114391407505,0,0,-0.219049206754,0.122396635637,0.272332638528,0,-0.146385989084,0.0898054359865,0,0,0,-0.0490238535123,-0.245630632827,0.151073882344
2024-02-19,0.124560028671,0,0,-0.178295055246,0.108248159622,0,0.108460557857,0,-0.085263546613,0,0.120888755979,0,0,0.287842497871,-0.232407824431,-0.150119617771,-0.103913955938
2024-02-21,0.363794635174,0.0772444803102,-0.177037769138,-0.0808049453314,0,0,0,0.0899747016902,-0.367736135571,-0.140562151696,0,0.143480428772,-0.233858998263,0.325505754054,0,0,0
2024-02-22,0,0,-0.130546135706,-0.117973129444,0.0813016712563,0,0,-0.149589672795,-0.271851702752,-0.0800393593028,0.246579171717,0.147156838672,0,0.17991694887,0,0,0.0950453694841
2024-02-26,0.199626399119,0,0,-0.123901980422,0,-0.127923641598,0.066881923418,0,0,-0.157019513735,0.0986345088928,0.108179480392,-0.169866474977,-0.171288389267,0,0.276677688178,0
2024-02-27,-0.369001507664,0.152007630873,0.20920358451,-0.256391628115,-0.225917491829,0,0,0,0,0,-0.0640316241075,0.226941019418,0,0.221880554643,-0.0846577482845,0.189967210556,0
2024-02-28,-0.0751148669715,-0.0796038648771,0.130260541796,0,-0.133966359116,0,0,-0.128650819577,0,0.164945520938,0.191011873648,0,0,0,-0.332664089459,0.12283606351,0.140946000108
2024-02-29,-0.142748422064,-0.140504403594,0,-0.0941353136569,0,0,0.207898316726,0,0.134429329579,0,0.144038652179,0.160907132301,-0.272561778331,0,-0.100050082354,0,0.102726569215
2024-03-01,-0.380174902771,0,0.208412066105,-0.121980793493,-0.380174902771,0,0.139490687443,0,0,0.13068880591,-0.0641247730755,0,0,0.294792658479,0,-0.05354462789,0.226615782063
2024-03-04,0,-0.0771566551253,0.0902236576156,0.0327970795617,0.277239122983,0,-0.128532522252,0,0.266964533262,0,0,0,-0.264049152861,-0.145809243774,-0.134452425988,0,0.0827756065769
2024-03-05,0,-0.0978571317463,-0.220535120089,0.161657511346,0,0,0,0,0.121711600341,-0.180690634946,0.23969175552,0.109598624815,0,-0.174206238257,-0.0767108749623,0,0.117340507978
2024-03-06,0,0,0,0,-0.0937309931203,0,0.269264803095,0.129173106739,-0.313127238905,-0.190962568586,0,0.205645754196,-0.186044757054,0.211254490424,0,0.184661845546,-0.216134442334
2024-03-07,-0.11788458727,0,0,-0.162815648752,0.17682383425,-0.156871677319,0,0.0800583365477,0,-0.1824027646,0.145909840048,0,0.152828659486,0.194379329669,0,-0.130025322058,0
2024-03-08,0.0820506737235,0,0,0.217845012647,0,0,-0.145557909097,0,0.207273816856,0.170570444622,0.072260052151,0,0,-0.153442300632,-0.140764235117,-0.169585872716,-0.140649682438
2024-03-11,-0.0895208814175,0,0.0726410907748,0.194439672128,0,0.239839747311,0,0.181018908896,-0.141734973722,-0.0623071378016,0,0,0,0,-0.25496188445,-0.201475122609,0.0620605808893
2024-03-12,0,0.0905478510926,0,0.252715365433,0,0,0,-0.126081140585,-0.152184393885,0,-0.107738773621,0,0.113928834551,-0.0842112945757,0.184306757952,0.108501190971,-0.279784397332
2024-03-13,0,0,0.1310776342,0,0.226443794267,0.100629970197,-0.151841052552,0,0.36657858685,0.175270014486,-0.185752374102,0,-0.169457353491,0,-0.330935404971,0,-0.162013814883
2024-03-14,0,-0.169912049505,0.123256560793,0.292057671002,-0.21068047248,0,-0.0731390373656,0.272863260254,-0.258317103634,0.21402669944,0,0,0.0977958085107,0,0,0,-0.287951337016
2024-03-15,0,0.18552518718,0.162859400638,-0.135420752769,0,-0.131471138092,0,0,0.325018732644,0.142699749849,0,0.183896929689,-0.274496960675,0,0,-0.0940071320507,-0.364604016414
2024-03-18,0,0.0570122711736,-0.158290621796,-0.0627160494633,0,0,0,0.111011961398,-0.14498277872,0,-0.170131051143,0.169607264269,0.14582017877,0,0,0.26654832439,-0.213879498877
2024-03-19,-0.0604225191153,0,0,-0.212077153567,0,0,-0.108936511672,0,0.0970376454058,0.180140514447,-0.307126729503,0,0.243250995399,0.0857662374631,0,0.393804607285,-0.311437086142
2024-03-21,0.0970031884959,0,-0.382077856721,-0.120408473282,-0.0868588174066,0,0,0,0.138665986675,0.158500070654,0,0,0,0.368766070784,0.237064683391,-0.1263722133,-0.28428263929
2024-03-22,-0.0731658804207,0,-0.326577167379,0,0,0,-0.142128515648,0,0.0774304606841,0.266719227494,-0.102359025469,0.103694602593,0,-0.105769411083,0.0869223481951,0,0.215233361034
2024-03-25,0.0961302284865,-0.24806355991,0,0.142866645638,0,-0.113504014418,-0.397436387277,0.331462181155,0,0.304090468781,0,0.12545047594,0,0,0,-0.0783594914237,-0.162636546972
2024-03-26,0,-0.138376764814,0.109382781043,0.221627628714,0,-0.206386477333,-0.160022355635,-0.11495029157,-0.130264110648,0,0.11147646856,0.234566703398,0,0,0,0,0.0729464182857
2024-03-27,0,-0.202475752573,0,-0.0389333925611,0.0986729932732,0,-0.110505966077,0,0.0829488855927,0.216604745556,-0.306805893487,0,0,0.188712581094,0.163060794484,0,-0.091278995302
2024-03-28,0,0.252720013621,-0.184563114297,0.156228799397,0,0.133601147475,0,0,-0.204850500267,0,0.276113347747,0.18133669176,0,-0.305146477443,0,-0.160625560678,-0.144814347315
2024-03-29,-0.265549100767,-0.0622690348935,-0.185714512054,0,0,0.0951384484042,0.0850358456071,0.123226284215,0,-0.0968237086983,0,0.112659965924,0,0.333939455849,0,0,-0.139643643588
2024-04-02,-0.226153835709,0,-0.28945681043,0,-0.0932407769059,0,0,0,0.190704392563,0.125752269719,0.369155465504,0,0.109425155067,-0.0876859392133,0.204962717147,0,-0.303462637741
2024-04-03,0,-0.298208238185,0,0.35913879542,-0.396475126111,-0.167453233713,0,0.100980110735,0,-0.0688591784547,0.243904785455,0,0,0,0.13865303095,-0.0690042235363,0.157323277441
2024-04-04,-0.120475240126,0,-0.165774008493,-0.120156910384,0,0,0,0.0617092317081,0.184952045976,0.155618871142,0,0,-0.104880787924,-0.238713053074,0.108111535546,0.239608315629,0
2024-04-05,0,0,-0.191939878596,0,-0.286598439085,0,0.114735183752,0,-0.146098961287,-0.289010973359,0.321373564925,0.132213318583,0,0.251473145343,0.180204787397,-0.0863517476738,0
2024-04-08,0,-0.23415798569,-0.161016244502,0.0765654725859,0.0635355797787,0,0,0.343589144278,0.16038728525,0.105922518108,0,0,-0.0951795753574,-0.127682279106,0,0,-0.131963915346
2024-04-09,-0.171221123705,-0.08165530174,0.145343615287,-0.0857209492828,-0.276421915738,0,0,0.294897555235,-0.134980709535,0,0.0698494120108,0,0,0.0710486710201,0,0,0.168860746447
2024-04-10,0.135375730234,0,0.0749091191665,-0.14005573021,-0.0835795792198,0,0,0.227464424486,-0.266782464583,0,-0.0817551265084,0,0.102072015476,0.210178710637,0,-0.177827099479,0
2024-04-11,0.208672291398,0.09025002319,0.15963797473,-0.117551371095,0,-0.110483037061,-0.0927705632955,0,0,0,0.134305098313,0,0,0.157134612369,0,-0.25146412333,-0.177730905218
2024-04-12,0,0.37196553566,0,0,-0.140809658948,0,0,0.176767182019,0.184390495696,0.227286484965,-0.116080454238,0.0395903016594,0,-0.178257867672,0,-0.280546387572,-0.284305631569
2024-04-15,0,0.130017186069,0,0,-0.230098932126,0.190536160792,-0.194385133278,0,-0.0825517265402,-0.114338100498,0,0.138561918224,-0.128626107558,0,0.206407927745,0.0844768071687,0
2024-04-16,0.31709903631,-0.226885261632,0.147137207142,0,0,0,-0.302044443195,0.167132735447,0,-0.185138253719,-0.168605764307,0.2688789424,-0.117326277148,0,0.099752078701,0,0
2024-04-17,0.205493033678,0,0.116548323242,-0.248043403115,0.146376647849,-0.0990923150704,-0.172153848128,0,0,0,-0.317704218341,0,0.172571171916,0,0,0.359010823315,-0.163006215345
2024-04-18,0.0728526877236,0.210677851317,0,0,-0.1667269432,0,0,-0.0968652916781,-0.203204514911,-0.170136915238,0.186251032739,0,0.0709667573014,0,0,0.209251670919,-0.113066334972
2024-04-19,0.114232553811,0,-0.11075909494,0.171166792775,0,0,0,-0.167733641486,0,-0.122133581999,0.0752120563755,0,0.145593527107,0,-0.0710338338299,-0.278339847745,0.24379506993
2024-04-22,-0.125040979851,0,0,-0.163507128734,0,0.16353962815,0,0.217456472768,-0.180173453749,-0.386645181406,0,-0.144633256261,0,0.167021979499,0,0.0987613919623,0.353220527621
2024-04-23,0.189909447097,0,0,0,-0.171685797904,0,0.0843739469516,-0.263630130986,0,-0.145069128857,0,0.0950286813076,0,-0.155456614694,0.117221950091,-0.0141583275588,0.263465974554
2024-04-24,0.0577444818677,0,-0.0893730045247,0.122858068334,0,0.101751311836,-0.089985531924,0,-0.367849023911,0.326865087805,0,0,0,-0.320344989461,-0.13244745018,0,0.390781050157
2024-04-25,0,0,-0.159967283489,0.19405603005,-0.236253631066,0.135294071204,0.0600110337181,-0.15550107231,0.271615242451,0.0890236225767,-0.0995610080085,0,0,0,-0.0987170051265,0,0
2024-04-26,0,0.102661307053,0,0.451078646453,-0.234295574182,-0.11346898235,0.173802254482,0.220874707471,-0.228436539038,-0.372592894947,0.0515830845419,0,0,0,0,-0.0512060094827,0
2024-04-30,0,0,0,0.359163524908,-0.369786291924,0,0,0.131239878478,-0.193202667352,0,0.198947363029,-0.0907422149918,-0.139160448184,0.168240772836,0.14240846075,0,-0.207108377548
2024-05-01,0.162195374609,0.122276385186,0,0,0,0,-0.0912082262903,-0.209256291128,-0.162266198382,-0.21419159472,0,0,-0.0730776894794,0.283305611884,0,0.0809118844089,0.101310743912
2024-05-02,-0.198315363826,0,-0.137355020362,0.355439098879,0,0.0973724163592,0,0,-0.368320634916,0,0.110754334411,0,-0.239384851617,0.245473579067,0.190960571284,-0.0566241292791,0
2024-05-07,-0.118859725754,0,0.149258612519,0.234102330725,0,0,0,-0.0693359359066,-0.342594071673,-0.111557668896,0,0,0,-0.357652597771,0.283172608825,0.211627860888,0.121838587043
2024-05-08,0.128663406503,0.170639392964,0,0.322993669471,0.176326667623,0,-0.152381901323,-0.211022140387,-0.234988269673,-0.35453990822,0,-0.0470677803965,0,0.201376863439,0,0,0
2024-05-09,0,0,0,-0.0709434549203,0,-0.230994278223,0,0.168165933549,0.211500543198,0.170539658411,0.281334451816,0,-0.120337906456,-0.35730285476,0.168459413025,0,-0.220421505641
2024-05-10,0.208434377017,-0.0979470599872,0,0.329260090485,0,0.167858927097,0.214384739097,0,-0.119676112789,0.0800618663043,0,-0.138985751483,-0.296164906315,-0.347226169426,0,0,0
2024-05-13,0.161746685737,0,0.090363274857,-0.157861609466,0,-0.221252206072,0.159107489267,-0.102822222688,-0.157353793472,0,0,0,0,-0.110710168303,0,0.151960394204,0.186822155935
2024-05-14,0,0,0.12908988475,0,0,0.118780329104,0,-0.130899296642,-0.0864103090472,-0.338688463832,0,0,0.166083494233,-0.355398954175,-0.0886029763043,0.272438783041,0.313607508871
2024-05-15,-0.2100716055,0.136193125507,0.1384156698,0,0,0,0,-0.166349526769,-0.16611549896,0.27868611279,0,0,0,-0.370382426214,-0.0870809425563,0.119653086896,0.327052005006
2024-05-16,-0.0510279877215,0,0,0,0.246989498657,0.160057176241,-0.16134885171,0.0799664894984,-0.322001770232,-0.0993201803709,0,0,0,-0.366301209966,0,0.188802581026,0.324184254578
2024-05-17,0.0993134937419,-0.083726835548,0,0.17621926012,0,-0.0975490728342,0,-0.16204938295,-0.263551836413,-0.143122872255,0,0.185646324103,0,0,0,0.142265593705,0.146555328331
2024-05-20,-0.274916985629,0.0993531810193,-0.0638252363572,0,0.156388918608,0,0,0,0,-0.116434848923,0.188308324278,-0.116628363856,0,-0.178194565235,0,0.0987015957783,0.207247980317
2024-05-21,-0.126906803488,0,0,0.214099361796,-0.0820889971065,0,-0.0771668241682,0.208104506651,0.238299166895,0.203887680376,0,0,0,-0.212715582682,0,-0.501121792555,0.135609284282
2024-05-22,-0.056720984345,0,-0.141299328944,0.287565011224,0,-0.298229654728,-0.152125060858,0.152860892538,0,0.239987987402,0,0.146916141349,0,0,0,-0.351624971125,0.172669967486
2024-05-23,0.11198616015,-0.143468855588,0.281390095373,0,0.136451499226,0.0565960176371,0,-0.105379971207,-0.133311087702,0,-0.241648158039,0,0.163576227614,0,0,-0.126191927463,0
2024-05-24,0,0.220198183854,0,-0.383644105962,-0.353256950902,0,0.191660595398,0,0.0915759009941,-0.125803794403,0.0602320428569,0,0.436333276898,0,-0.0708608369474,0,-0.066434311787
2024-05-27,-0.15865680067,0,0,0,-0.355648536364,-0.120829153017,0,0.201173403128,0.243559069602,0.300038454749,0,0,0.171745698656,-0.151469053747,0,-0.213396456202,0.0834833738656
2024-05-29,-0.078089050627,0,0.0697648957182,-0.0543484687208,-0.280198124257,0,0,0,0.1395779353,0.258800905775,0.127603173828,0,0,0,-0.0738825152366,-0.263481841159,0.15425308938
2024-05-30,0,-0.241148076386,0,0,-0.227378693323,0,0,0,0.16762234059,-0.102493831119,0.107662750517,0.198294570447,0.173147231677,-0.0936626784138,0,-0.0853167207586,0.103273106769
2024-05-31,0,0,-0.0962811994753,0,-0.202890011326,0,0.203475280997,0,-0.26402546375,-0.378305480795,0,0.128149618714,0.219787187095,0,0.267449879316,-0.058497844653,0.181138033878
2024-06-03,0.121779290132,0.149807825577,0,-0.167979290718,0.218779491397,0,0,0,-0.196002458508,-0.142188550628,0.151655380268,0.107978012626,0,0,0,-0.127714034488,-0.116115665659
2024-06-04,0,0,0,0,0.254566751473,0.0834629754025,-0.0857445991486,-0.21897587787,-0.120929291401,0,-0.218211404543,0,0.13121175149,0.119218296519,0,-0.106138827037,0.161540225115
2024-06-05,0.154073745264,0.17016960871,0.110663247374,-0.233026012785,0,0,-0.105547495953,0,-0.149743786126,0,-0.0876157756238,0,0.207048230995,-0.174066929512,0.108045167658,0,0
2024-06-06,-0.0390704105675,0,0.106812484303,-0.0802271312401,0,0,-0.0867761609941,0,0,0.136463930164,-0.24161673822,0,0.238997133816,-0.302309558978,0.1563556473,0,0.111370804416
2024-06-07,0.366910333926,0,0,-0.166727420572,0.274998192068,0,0,-0.215512096449,-0.105922199376,0.0933238613966,-0.332131110276,0,0.141934402809,0.1228332098,0,-0.179707173326,0
2024-06-10,-0.126485158077,-0.177819057364,0,0,0.236252510087,0.121170049064,-0.180061902926,0,0.122336295495,-0.0855364805018,0,0.133940150183,0.13630099517,-0.180097401131,0,0,0
2024-06-11,0,-0.238783788115,0,0,0.385121501856,0,-0.239532139341,-0.145160763989,0.114861159894,0.241402769346,0.149086918512,0,0.109527650392,0,-0.166622420356,-0.209900888198,0
2024-06-12,0,-0.275384210329,-0.157675073417,0,0.160750573526,0.10259329333,0,-0.10254316345,0.26453210817,0,0,0,0.174161104001,-0.189774238109,0,-0.274623314695,0.297962920974
2024-06-13,-0.119057476212,-0.171637439453,0,0,0,0.144427488901,0,0,0.26606896712,-0.104958252224,0,0,0.174786322874,-0.256338854356,-0.0980079777555,0.0545234634737,0.110193757631
2024-06-14,0,-0.192654110629,0.203308129866,0,-0.124842677909,0.174653218485,0.114517975928,-0.152619952621,0.136923289204,-0.148845017948,0,-0.131038240892,0,0,0,0,0.120597386517
2024-06-17,0.255567383612,-0.215517871502,-0.175499739106,-0.194296998326,0,0.0663814880361,-0.210887934939,-0.203797456127,0.31454966363,0.107664546041,0,0,0,0,0,0,0.255836918681
2024-06-18,0.165060733407,-0.360529693642,0,0.129385839009,0,0,0.210529261293,0.278719509413,0.216304656878,0,-0.140936854577,-0.198839068471,-0.226600597648,0,-0.0730937856626,0,0
2024-06-19,0.145617793195,-0.119150571371,0,-0.216335155793,0,0,-0.175654744609,0,0.186025084935,-0.350764404504,0,-0.138095123723,0.356314362248,0.141041107925,0,0.171001651697,0
2024-06-21,0.173355700479,0,0,-0.139365438514,0.229884313843,0,-0.0687711972142,0,-0.313963693727,-0.159256393285,0.158166929828,0,0.156979772785,0,-0.318643277259,0.281613283066,0
2024-06-24,0,0,0,0,-0.272805822135,0.261366005316,0.150684206061,0.305886673509,-0.118082523742,0,-0.128990807195,-0.115268509308,0.14709797974,-0.36485233762,0,0,0.134965135374
2024-06-25,0.179779646234,0,-0.0852225353157,-0.129451347204,0,0,0,0.270283530071,-0.424341813694,-0.180578508179,0.188911964335,0,0.204479773336,0,0.156545086024,0,-0.180405795608
2024-06-26,0,0.0761874697391,0.111992794203,0,-0.101814244198,-0.167914473708,0,0,0.286476406024,0.164491775607,-0.213071739968,0,-0.0975198897889,-0.169679652337,0,0,0.110851554427
2024-06-27,0.0653743673224,0,0.291421588609,0,-0.120446496227,-0.128120691743,0,0,-0.212596510857,-0.179381497127,0,0,0.0679365529681,0,0.136967421824,-0.109454804046,0.188300069276
2024-06-28,0.0696424708234,-0.194935349658,-0.133841765833,-0.250910023198,0,0,0,0,0,0.196987275309,0,0.0976395338792,0,-0.150238027883,0.158660211378,-0.270074833428,0.47707050861
2024-07-01,0,0.0909904377423,0.0905005384023,-0.141744638327,0.272728651142,0,0,-0.0974199217611,0,-0.292626839144,-0.136926962233,0,-0.0812816385344,0,0,0.109845360665,0.185935012048
2024-07-02,0,-0.206300204031,0.212602224033,-0.216362074618,-0.352819716968,0.168394176357,-0.107465224559,-0.117052779824,0.415756327761,0.0688211028974,0.134426168951,0,0,0,0,0,0
2024-07-03,0.356892349034,0.139513385213,0.257349856988,-0.165783886711,-0.337250609759,0,0,-0.244636896187,0,-0.110695139434,0,0,0,0.141385906851,0,-0.14163346791,0.104858501914
2024-07-04,0.0964738223986,0.18536518802,0,0,-0.272127338295,0,0.105592338273,0,0.16734296741,-0.140566291528,0.195225683899,0,0,-0.104923704931,0,-0.103033727202,-0.129348938044
2024-07-08,0.277882167674,-0.191086799594,0.0987817574316,-0.163297556765,0.0802288162964,0,-0.270280956359,0,0.201945228679,0,0.091162029919,-0.0618554905556,0,0,0,-0.0634791967263,0
2024-07-09,0.121009558522,0,-0.276710898783,-0.18300567226,0,0,0,0,-0.0825158130797,-0.177204469699,0.195605574266,0.121674594374,0,-0.0305631461784,0.206794715252,0.104915557586,0
2024-07-10,0,-0.121805599842,-0.0730740864462,-0.136264703008,0.115416726266,0,-0.148313965846,0.151883097597,0.273259119303,0,0,0,0,-0.270541644858,0,0.122965124771,0.0864759320637
2024-07-11,0.0857851923996,0.298243385262,0.279919613354,0,0.191039244111,0,0,0,-0.19119877888,0.145012564873,-0.196247151776,-0.114905259712,0,0,0,-0.208072848896,-0.289575960736
2024-07-12,0.281514432055,0.140695959864,0,0,0.278703660968,-0.219976926035,0,0.194255269231,-0.159230580263,-0.419734119699,0,0.104830677883,-0.0881770020442,0,0,0,-0.112881371958
2024-07-16,0.28635693672,0.306014532862,0,0,-0.141612203227,0.0645091492157,0,-0.223615039553,0,-0.136289680639,-0.305466258174,0.228944911264,0,-0.193016818407,0.114174469938,0,0
2024-07-17,0.254499374728,0.106683395638,0,0,0.157318534496,0.117861663178,0,0,-0.274570345139,0,-0.155007222112,0,-0.0806993823195,0.113637031961,-0.0621676613324,0,-0.177555389098
2024-07-18,0.214613400925,0,0,0,0.189761776468,0.154685454708,-0.0818830287661,-0.208479494094,-0.334782515014,-0.15655507917,-0.218299882956,0,0,0,0,0.135306865758,0.305632502141
2024-07-19,-0.116361729057,0.282459711494,-0.126681385759,-0.11183325722,-0.236062894297,0,0,0.148207610091,0.138610221633,0,0,0,0.0834472452341,-0.159060733666,0.0972752115479,0,0
2024-07-22,0,0,0,0,0,0.264994096356,-0.108788413766,0.127257012129,-0.182510775708,0.221688616852,0,0.291201855175,0,-0.282816320959,-0.185598486549,-0.240286003019,0.0948584194882
2024-07-23,0,0,0,-0.183699754288,0.269689489336,0,-0.151906242284,0.12271189571,0.143489765743,0,0.299285451428,-0.177256263963,-0.110336142806,-0.37680159666,0,0,0.164823397784
2024-07-24,0,-0.106549080485,0.271105457509,0.277944947537,0,0.052197010338,-0.238671879512,0,-0.204834810664,0,0,0,-0.0612894612603,-0.138654768079,0.0418285790416,0,0.106924005575
2024-07-25,0.225621125682,0,0.179045334546,0,0.12969612471,0,0,-0.164963725806,-0.191990345137,-0.24273116729,0.145017840851,0,0,-0.0905198037767,0,0.070619574211,-0.0597949579908
2024-07-26,0,0.0939071172668,0,0,0,0,0.113308954659,0,-0.182989028799,-0.272808550179,0.138504192172,-0.113304884528,0,-0.091730909238,0.0977026808366,0.306577055066,-0.089166627255
2024-07-29,0.198572243097,0.142081572116,0,-0.288934873066,0.235343572299,0,0,0.0842629475417,-0.189886146895,0,0.339739664945,-0.107590605979,-0.131673084202,-0.281915289859,0,0,0
2024-07-30,0,0,0,0.35662513631,0,-0.196374546436,0,0,-0.280656627185,0.157105772345,0.120501201848,-0.195050154467,0.209250853092,-0.162200368513,0.156517036405,-0.165718303399,0
2024-07-31,0,0,0.154032795586,-0.136511049999,0,0.107402340856,0,0.113067939814,-0.156338886227,0,0,0,0.130980965672,-0.217892854608,-0.128385457723,-0.110871751443,0.244515958072
2024-08-01,-0.138716982931,0,0,0,-0.095046464051,0.180652764321,0,0,0,0.16795416766,0.0351433410582,0,0.128390622126,-0.136111047139,-0.227868086598,-0.15225741928,0.237859104835
2024-08-02,0.272665034505,0,0.170065142165,0,0,-0.177269369342,-0.118569622783,0,-0.173455595035,0.0590202332892,0,0,-0.131685678899,-0.149019733941,0.171244133244,0.077005456797,0
2024-08-05,0.226795778776,0,0.125969874495,-0.15894832463,0,0,0.10909729195,-0.134946987129,-0.163240224274,0,0,0.11854439412,0,0,0.16959266066,-0.176099840418,-0.116764623549
2024-08-06,0,0,0.21131400899,0.146061709344,0,0,0.109627072225,0.210327911469,-0.0400344560262,0,0,-0.0909597468479,-0.128233532716,0.0726692979723,0,-0.18402217554,-0.306750088869
2024-08-07,-0.0753111822395,-0.126988921356,0.195907047917,0,0.185002230009,0,0.234946857526,0.239877345009,-0.323387430032,0.14426651954,0,0,0,0,-0.233459221473,-0.2408532449,0
2024-08-08,0,0.108313458962,0.124186136942,0,0,0.202711104174,0,0,-0.13340135331,-0.1431712907,0.208253154621,0,-0.119740539009,0.106536145301,0,-0.170735500608,-0.182951316372
2024-08-09,-0.209809180375,0,0,-0.279371519527,0.048028669915,0.0698777971193,0.398054338955,0,0,-0.149860903159,0.247719658362,0,-0.125180492984,-0.235777903954,0,0,0.236319535649
2024-08-13,-0.200809121439,0,0.263702787929,-0.0866372578151,0,0,0,0,0.187629128642,-0.246524294377,0.104992103761,0.0877723418226,0,-0.127977558079,0,0.105903637845,-0.0880517682904
2024-08-14,-0.239663023683,0,0.222477882433,-0.108239218609,0,-0.35347909604,-0.213215082563,0,0.296216142833,0.235373332082,0,0,0.160627497351,-0.0854035791047,0,0,0.0853051452997
2024-08-15,0,0,0.373636256039,-0.202461646779,-0.0566620093011,0.127492000786,-0.250880461636,0,0.241984748853,0,0.133482740121,-0.106902794455,0,-0.383093087829,0,0,0.123404254201
2024-08-16,0,0.0961651930182,0,-0.181164299452,-0.240906848735,0,-0.213870440333,-0.163525531167,0.261086651199,0.200391028126,0,0,0,-0.200532880313,0,0.177451261512,0.264905866144
2024-08-19,0,0.290799679366,0.226903377354,-0.144061719231,0.0956170122224,0,0,0,0.201472794233,0,-0.0661335267162,0,-0.350355599042,0.185207136825,0,-0.127124928373,-0.312324226638
2024-08-20,0.136048981726,0,0,-0.103011662275,-0.23611729991,-0.221924938036,-0.0839824474602,-0.104963652319,0.129626217712,0.0873218028833,0,0,0.129843438503,0.267159559176,0,0,0
2024-08-21,0.119532475321,-0.137930028056,0,0,0.15858232871,-0.154278073924,0.172004624056,0.0830131688864,0,0.216867403026,-0.12578714822,0,0,0,-0.0669845599683,-0.265020189831,0
2024-08-22,-0.132861356535,0,-0.13267862983,0,0,0.234098140689,0.200656722142,0.126863578029,0,0,-0.0757796245355,-0.18528693316,0.11114044384,0,0,0.0772411152993,-0.223393455939
2024-08-23,-0.0666078069901,0,0.162272723196,-0.195053962492,0,0,0.245488415252,0,-0.291567148733,-0.383319947711,-0.0634511340741,0,0.087513626458,0,0.409992363223,0,0.09473287187
2024-08-26,-0.233762582348,0,-0.110151843568,0,0.352166132115,0,0,0.180682401144,0.20651997186,0.169484127996,0,-0.222189909162,0,-0.148633573384,0.0911473668864,-0.285262091538,0
2024-08-27,0.162799470076,-0.120318258569,0,0.142442487652,0,0,0.109518105216,-0.113052699153,-0.216269215399,-0.205900627506,0,0,-0.0944591993729,0,0.210946649249,0.124293287808,0
2024-08-28,0,-0.355230390327,0,0.120223144845,-0.0864160291606,-0.119576937478,0,0.150271506688,0,0,-0.33059052972,0.287899892353,0.290465563451,-0.108186113314,0.151139892663,0,0
2024-08-29,0,-0.0911530957033,0,0.0656427514587,0.0949390409582,0,0,0.169394538406,-0.19757284641,-0.261482950299,0,0,-0.105728569943,0.235774187206,0,-0.0940625376448,0.184249481971
2024-08-30,-0.122341206399,0,0.197740642959,0,-0.331084023043,0.305854806302,-0.107053900064,0,-0.220862896515,-0.218657973978,0,0.135275274613,0,0,0.265098435589,0,0.0960308405373
2024-09-02,0.224569049394,-0.235830809234,0,-0.252583288704,0,0,0,-0.207484764316,0,0.210993594459,0,0,0.140303006906,-0.146709031167,0.174315563866,-0.157392106579,0.249818785374
2024-09-04,0.167311792316,0,0,0.154291753744,0.288673868867,0,0.124054307698,0,-0.351666692741,-0.160725071511,0,0,-0.153254677425,0.265668277375,-0.229797180161,-0.104556378161,0
2024-09-05,0,-0.199881630769,0,0,-0.0642505835197,0.317220404234,0.0633147665614,0.0928292507913,0,-0.168046038808,0.154360572106,-0.137651708704,0,0,0.122275006308,0,-0.180170038199
2024-09-06,-0.148457958085,-0.156819757516,-0.0808684458939,-0.114009288652,-0.249844549853,0.0772732357082,0.194546486475,0,0.212134714216,0,0,0,0,0,0,0.0765702211063,0.189475342495
2024-09-09,0.111879177667,-0.196889424113,0.17412495521,0.298301105308,0,0.105917581222,-0.138796002422,0.309777180592,0,-0.362411319146,0,0,-0.23099449847,0,0,-0.0709087558486,0
2024-09-10,-0.102181838536,0,0.118207253436,-0.155247148859,0.237563647064,0.228742770198,0,0,-0.126183680538,0,0.0837743597936,-0.232058696245,0,-0.134328635821,0.0817119695075,0,0
2024-09-11,0,0.109351848061,0,0.170678513578,0,0.265894885171,0,-0.208163299415,0.312405811133,0,0,-0.0569024756776,0.141668942056,-0.190617942336,-0.345639788608,-0.198676493963,0
2024-09-12,0,0,-0.166405670511,-0.245619484572,-0.162008825652,0,-0.0857942903593,-0.0901717289057,0.121115282772,0,0,0,0.160140583112,0,0.182259078056,0.208188495914,0.0782965601454
2024-09-13,-0.310871748921,0,0.196909817059,-0.166201968,0,0,0,0.161515154483,0.139954452986,0.365983595493,0.135636979979,0,0,-0.193380433958,-0.101266924036,0,-0.228278925085
2024-09-17,0,0.0538892814306,-0.142215180828,0,0,0,0,-0.171441724157,0.240008594957,0,0,-0.158608300874,-0.118254336475,-0.159480457666,0.238757580516,0.113816521272,0.103528021825
2024-09-18,-0.189369689437,0.18615276143,-0.113841742421,-0.0916433588912,-0.351045154947,0,0,0.140191676165,0,-0.254100054304,0.150352984146,0,0,0,0.40817439053,0,0.11512818773
2024-09-19,0,0.200139711542,-0.135685709691,-0.240715614018,-0.277500337918,-0.23363168484,-0.112466653533,0,0.170217776272,0,0,0.144110596379,0,0,0.241118817526,0,0.244413098281
2024-09-20,-0.180237639703,0.0945531669909,0,-0.141665169087,-0.17521627754,0,0.190577618929,0,0.2329348969,0.200406285262,0,0.281528031918,-0.188053815089,-0.314827098581,0,0,0
2024-09-24,0,0,-0.0816751490958,-0.384767052974,-0.40246635472,-0.0809133373785,0,0,0,0.0905896464095,0.186855126876,0,-0.0501781058319,0,0.129184642085,0.29880729081,0.29456329382
2024-09-25,-0.097985432578,0.0865361267715,0,0,-0.193675999476,0,0.0948226778399,0.242065320873,0.277139668078,0.0494362064376,-0.204849293432,-0.110164317646,0,-0.143324956868,0,0,0
2024-09-26,0,0,-0.104736109547,-0.163328004687,-0.293451763352,0,-0.0611983610794,0,0.179228296259,0,0,0,0.105072486035,-0.127285761335,0.182255998876,0.160897281489,0.122545937341
2024-09-27,0,-0.103704642737,0,0.164014812229,-0.356509412222,0.19893779975,0.372037422196,0.0769338088146,0,0,-0.263766998941,0,0.18807615701,-0.109863155622,0,0,-0.166155790477
2024-09-30,0.123724983919,0,0,0.251794899413,0,0.142393009117,0,0,-0.225465518735,0.371556466275,0.110530641276,0,-0.0313678152714,-0.131420025226,-0.422712699775,-0.189033940993,0
2024-10-01,0,0.248103962438,-0.225771182202,-0.273244325532,0.130156588488,-0.0785459650387,0,-0.0814273294836,0,-0.091011197744,0.171711374843,0,0,0,0.129576374298,0,0.0704516999329
2024-10-02,0,-0.211520199559,0,0.268919473535,0,0.106882649833,0,0.17631161577,-0.340655935176,0,0.317211559318,0,-0.0928690454434,0.130674701544,-0.230433351764,0,-0.124521468057
2024-10-03,0,0,-0.121107134658,-0.250026044314,0,0,0,-0.123284905551,0.217954781825,-0.151743784987,0,0,0.187477617945,-0.35383813049,0.176696341584,0.263553566748,0.154317691899
2024-10-04,-0.179850270908,0.0894644634023,0,0,-0.190940309951,0,0,0.188870219427,0,-0.145692539064,0.260345663224,0.377953991119,0,-0.304698188195,-0.178818691881,0,0.0833656628276
2024-10-07,0,0.197938560368,0,-0.216370983807,-0.238361050774,0,0.208640609402,0,0,0,-0.0703550804596,0.225264276393,0.148807592777,-0.38614904029,0.21934896106,0,-0.0887638446695
2024-10-08,0,-0.161246512327,0.11410061683,0.162557473988,0,0,0.355178726043,0,0,-0.184590617603,-0.231212291716,0.150753353809,0,-0.164682890557,-0.258267687797,0,0.217409829331
2024-10-09,0.0934985391474,-0.0692549872494,-0.145099384137,-0.276415389093,0,0,-0.0500742471322,0,0,0.24354841767,0,0.216288662409,0.0917961843134,-0.209155992388,0.10486819646,0,0
2024-10-10,0.095908556878,0,0.137799251419,-0.125316992678,0,-0.143813611878,0.136849769277,-0.125427202461,0,0,-0.271104487875,0.235071046919,0,0,-0.0843377051076,0,0.144371375508
2024-10-11,0,-0.195231636986,0,0,-0.213096905706,0,0.355492989853,0,0.0885393221492,-0.300772831733,0,0.0924841905851,0.269772196304,-0.0867845138104,0,-0.204114111764,0.193711301108
2024-10-15,0.248738448245,0,0,-0.206018284458,-0.209970822802,-0.0940822735642,0,0,0.173227416301,0,0.202155310062,0.147376132775,0.228502692616,-0.378212914063,-0.111715705112,0,0
2024-10-16,0.176897733511,-0.250181310405,-0.141040596098,0.150147548611,-0.127789061528,0,0,0,0,0.120575345559,0,-0.0477361346729,0,0.123652150431,0.178727221889,-0.183252897295,0
2024-10-17,-0.0918260738387,-0.0927833786609,0,0,0,-0.269977659236,0,0,0.0850062871205,-0.167876828519,0.218573300506,0.109714510088,0.172487683226,-0.127536059745,0,0,0.16421821906
2024-10-18,0,0,0,-0.106883723539,-0.104329911294,-0.202395905142,0,0,0,-0.128847350749,0,0.174688571587,0.145413755928,-0.207543109277,0.173122509509,0.142267180108,0.114507982869
2024-10-21,0.0842212488709,0,0,0,0.19767195996,-0.0710165814251,0,-0.182942639109,-0.163339385663,0,0.13964146905,0,0.201723105129,0,-0.0919996061483,-0.240701787655,0.12674221699
2024-10-22,-0.221070524126,-0.157335623332,0.150503299077,0.126801683827,-0.158869985264,0,0,0.139058922723,0,-0.120250506624,0.125185735188,0,0,0,0.208450359184,0,-0.0924733606536
2024-10-23,0,0,0,0,0,-0.281473777601,0.119229558228,-0.105535362411,0.179155086181,0,-0.0892355274463,-0.0673380136732,0,0.294016796022,0.299485874678,-0.456417318868,0.108112684891
2024-10-24,-0.1010088461,0.234009097014,0.146168317878,0,0,-0.155405661281,0,0,-0.322746028695,-0.296571758004,0.353354798415,0.132837933845,0,0.133629852847,0,-0.124267705921,0
2024-10-25,-0.19074561035,-0.161652453654,-0.263885410924,-0.165366906198,-0.218349618874,0,0,0,0,0.287292167124,0,0,0.184477205288,0.181117487969,0.225972613723,0.121140525897,0
2024-10-28,-0.212058432877,0.176754694156,-0.220587074946,0.161740303949,0,0,0,0,0.13360893918,0,-0.11935776959,0,0.125710016174,0,0.152186046541,-0.0781723528105,-0.119824369776
2024-10-29,-0.2700469863,0,0.151641098263,-0.39390093051,-0.0964981395816,0,0,0.26782954585,0.157690543392,0,0,-0.151504598099,0,0.234389587439,0.188449225056,0,-0.0880493455087
2024-10-30,-0.181553690125,-0.150108539963,0,-0.181451808863,0.185966630849,0.201194333499,0,0.169784668877,0.268840279626,0.174214087148,-0.425110571694,0,0,0,-0.0617753893537,0,0
2024-10-31,0,-0.0915069363903,-0.132620620744,0,0,0.13834950626,0.134798642657,0,0.18664479383,0.179273201335,0,-0.178914164048,-0.215774035676,0.11093385592,0,-0.131184243142,0
2024-11-01,0.231588085334,-0.188998126517,0,0.190931605555,0,0.118110383627,0.13408679334,0,0,0,0.325283132143,0,-0.155006280898,0,-0.307817590851,-0.0919772831137,-0.256200718621
2024-11-05,0.0994995512748,0.362839453646,0,0,-0.148660093319,0,0,-0.366900085655,0,-0.135462597168,0.1269233443,0,0.172013581275,-0.129269770055,-0.219707453802,0.238724069505,0
2024-11-06,0.207696738693,-0.0496813671068,0,0,0.216536172415,0,-0.136663331043,-0.269071036142,0.125704543289,0.104587130265,0,0,0,-0.223658008762,-0.0709262569462,0,0.0954754153375
2024-11-07,-0.249351350353,0,0,-0.10179477581,0.118882559401,0,0.154531800678,0.120593499666,0.239213888706,0,-0.112689374717,0,0,0,0.116778251549,-0.209573610775,-0.0765908883454
2024-11-08,0,-0.166061310541,0,-0.123060084055,0.283640436441,0.153015645193,0.15791265136,-0.249122793616,0.168372527656,0.23705873935,0,0,0,0,-0.356105464604,-0.105650347184,0
2024-11-11,0.138671552617,-0.0923414249087,0,-0.0872849262417,0,0,-0.269454244696,0.210897913894,0,0,0,-0.115429177606,0.0890661015231,0.212701356636,0.0986630753301,-0.185490226548,0
2024-11-12,-0.175130948023,0,0,-0.10365064291,-0.180506987609,0.152256484545,0.272874280367,0,-0.199011211238,0.100301867391,0,0.147466967061,0,0,0,0.0771004006352,-0.0917002102195
2024-11-13,0.249002444133,-0.235025420121,0,-0.242259338737,0,-0.153870612086,-0.163296378919,0,0.400113265746,0.102001856132,0,-0.205548250136,0,0,0.13825764093,0,0.110624793059
2024-11-14,0,0.0708873111194,-0.256803051162,0,-0.105957451608,0,-0.0629780312558,-0.216823812644,-0.357437653331,0.075280712859,0.363736296238,0.367588728909,0,0,0,0,0.122506950875
2024-11-15,0.14541017071,0,0,-0.0565087860332,-0.382854870057,0,0.277516368212,-0.277696538487,-0.179365888285,0,0.288560670425,0.111916146545,-0.103573917138,0,0,0,0.176596644109
2024-11-18,-0.158350358586,0,0,0,-0.272093827591,0,-0.0490765221861,0.148174214069,-0.185056069001,-0.335423222636,0.358870375437,0.150902213861,0,0,0.133833363819,0.208219832814,0
2024-11-19,0,0.206217934904,0,0.0698573606382,-0.194849716433,-0.174900708293,-0.118131517945,0.286951620706,0,-0.237644566002,0.0719714400048,0,-0.0244734913277,0,0,0,0.115001643747
2024-11-20,0,0,-0.191258280643,0.471316374301,-0.238337250296,0,-0.157785003413,-0.100115606207,0.0950719489353,0.164358422066,0,0.137182613663,0,-0.312503859441,0,0,0.132070641035
2024-11-21,-0.221611863614,0.120785136135,0,0.195391702082,0.411351396244,0,0,-0.0912139515721,0,-0.18806607255,0.119285162204,0,0,0,-0.305676014464,0.153186603335,-0.1934320978
2024-11-22,0.134508452489,-0.0711047929323,0,0,0.139802363859,-0.0997948870911,0.271190620396,0,-0.139245489856,-0.358750649193,0.168180613529,0,0.286317949727,-0.331104180928,0,0,0
2024-11-25,0,0.25023262913,0,0,-0.0473462667887,0,0,0.0780218273188,0,-0.196782377528,-0.269497686845,0.0795497871538,-0.027396983706,-0.208976685132,0,0.236004673973,0.106191082425
2024-11-26,0.0978366263251,-0.112238816081,0,-0.0258518612119,0.15496671331,0,0.080951507399,0.354000888142,0,0.0622442648239,-0.301930855634,0,0,-0.165187644805,-0.144790822268,0,0
2024-11-27,0,0,0.150572922535,-0.148212174233,0.164679549902,-0.0952340404392,-0.354821238246,0.233953196265,-0.33533923618,0,0.36386595964,0,0,-0.0663933109021,0,0,0.0869283716575
2024-11-28,-0.182575855918,0,0,-0.132026809637,0,0.101388321998,-0.130662254474,0,-0.267535138148,0.18889880376,0,0,0.111969615564,-0.0371999418226,0,0.196934186252,0.150809072426
2024-12-02,-0.0744441229223,0,0,0,-0.193039533324,0.119393276674,0,0.14157650645,-0.0611625810987,0.216372836912,-0.14265088798,0,0.101436127621,0,-0.278702874675,0,0.171221252343
2024-12-03,0,-0.188010154087,0.0725740382538,-0.0803914650792,0,0.182425238524,0.128954364859,0,0.139906121212,0.226140237151,-0.261619936063,0,0,0,-0.0908623499609,0,-0.12911609481
2024-12-04,-0.118768475093,-0.193652786583,0.217383395388,0,0.105661829333,0.129794198896,0,0,0.168979535554,0.128181040829,0,0,0,-0.131145626163,-0.167240469484,-0.139192642677,0
2024-12-05,0,-0.258553903915,0.116874852192,-0.220902059716,-0.191024866305,0,-0.169600811669,0.185571821737,0.244241587342,0.351934353999,0,0,0.10137738473,0,0,-0.159918358395,0
2024-12-06,-0.209454098019,0,0.173033616364,-0.356993266707,-0.278774232438,-0.0920850747786,0,0,0.27324480841,0.121419961817,0,-0.0626933280584,0.140177202918,0,0.292124410491,0,0
2024-12-09,-0.132579781633,-0.202560196785,0.0510995469614,-0.101893966326,-0.134081045207,0.15875728972,0,0.161463613995,0.143092460924,0.2355870884,-0.178885010049,0,0,0,0,0,0
2024-12-10,0.113297379374,-0.161659631123,0,0,0.177053622599,0,0.157964238674,-0.115443814121,0,0,-0.14439304555,0,-0.1611373506,0.125345494862,-0.167366158606,0,0.17633926449
2024-12-11,0.236841935433,-0.169868592425,0.122366493447,0,0,0.157370290622,-0.159421911686,0,-0.181229216591,0.3595571634,0,0,-0.174385425984,0,0.123864117098,0,-0.315094853314
2024-12-12,-0.193970260326,0.12235822934,0,-0.0928644362576,-0.38203848442,0,-0.160748780274,0.233572980657,0.235075419358,0.274358979091,0,0,0,-0.170378038722,0,0,0.134634391553
2024-12-13,0.113749534456,0,0.281651831398,0,-0.12431248427,-0.312285078291,0,-0.128138770861,0.174456515135,0.0848272752119,0,0.345314843799,-0.280565637437,0,-0.154698029141,0,0
2024-12-16,-0.41593488143,-0.12284134702,-0.131013644699,-0.197107289646,0,0,0.239926081539,0,0.182731089623,-0.133102837206,0,0.14442105327,0.0924466777488,0.340475097819,0,0,0
2024-12-17,-0.163644936533,-0.360059572093,0,-0.165523738194,-0.215604035137,0,0,0.123981652753,0.204976371389,0.329263936569,0,0.07359696955,0,0,0,0.268181069739,-0.0951677180425
2024-12-18,0,0.0695941922409,0.354912229945,0.138213299857,0,-0.179075860589,0,0,0,0,-0.130333163053,-0.32827445287,0.0680953514438,0.369184926513,0,-0.18935005709,-0.172966466399
2024-12-19,0,-0.0484698252424,0.228192972346,-0.102220138075,0.0762488303923,0.194175033007,0.120035152081,0,-0.183864597489,-0.266994761991,0,0,0,0.131348012173,0,0,-0.148450677203
2024-12-20,-0.169926297509,-0.0700933587783,0,0,0,0.0660734381542,0,0,-0.0646297409732,-0.284573953215,0.370676108655,0.17392192895,0.126491464725,0,0.262837059516,0,-0.410776649524
2024-12-23,-0.0796201328291,0,-0.0945722411179,0,0.347838706334,-0.381681945316,0.239863841181,0,0,-0.140487288135,0.0979603203628,0.103391504827,0,-0.303638392601,0.210945627295,0,0
2024-12-24,-0.140399869629,0,0,-0.121020858935,0.253030517267,-0.250925723243,0.0307524465589,0,0.254954782079,0.0308075718546,-0.189385611299,0.18045468224,0,0,-0.0482679368939,0,0
2024-12-25,-0.286435093267,-0.140209554479,-0.125871934975,-0.0636474610578,0,0.0918099297073,0,0,0,0.218548399208,0,0.155888836457,0,-0.133835956221,0.147236359467,0.13651647516,0
2024-12-27,0,0.227046703443,0,0.183438164059,0.266392653761,0,-0.397835401402,-0.152465644711,0,0,0,0.173326131155,-0.2112651061,-0.152860333185,0.149796347582,-0.0855735146021,0
2024-12-30,0,0.318132014104,0.198998633229,0,0,0.186490147159,0.106420621526,-0.144704487806,-0.179088798069,-0.364845566868,0,0.189958583981,0,0,-0.270592982953,-0.0407681643048,0
2025-01-06,-0.306590303832,0,0.122635265429,0,0,0.216035472962,-0.0501885330511,-0.192501365984,0.137826263155,0.151685326196,0.121817672257,-0.157919144838,0,-0.0428006522955,0,0,0
2025-01-07,-0.364790097871,0,-0.297442234426,0.193558925715,-0.100738764388,0.18587699445,0.269625901304,0,0.150508019841,0,-0.118302150561,0,0.20043015869,-0.118726752754,0,0,0
2025-01-08,-0.220814238959,0.221400619258,-0.0520966233373,0,0.198643666598,0,0,0.162509551895,-0.36843554826,-0.277062317415,0.153330196487,0,0,0,0,0.264115965762,-0.081591272028
2025-01-09,-0.187221526395,0,-0.12596801801,0,0,0.164801464992,0,0,0.0933396485129,-0.117168857879,-0.100568124152,0.28346980197,0.0897369652391,-0.219073473565,0.118652119286,0,0
2025-01-14,0,0,-0.119147035221,0.276381060091,0,0.116620362521,0,0.206362450533,-0.133757365182,0.0726993881788,-0.275058751778,0,0,0,-0.0983551051644,-0.123681742654,0.0779367386765
2025-01-15,-0.140582264712,0,0.160435536824,0,-0.325230665588,0,0.123751196197,0.130520805659,0,0,0.117582472856,-0.0952143033507,-0.0979654211908,0,0.217709988465,0,-0.091007345159
2025-01-16,-0.232495482037,0,-0.131109230254,0,-0.0955405251065,0,0.218206565428,-0.0797631880864,0.0705091585439,0,0,0.0927435392563,0,-0.211091574515,0.230313665727,0.138227071045,0
2025-01-17,0,-0.117648266451,0.161004393728,0,-0.144173350443,0,0,0,-0.253127689057,0.0586616784546,0.160508828772,0,-0.0996143248062,-0.135436369243,0,0.162388270916,0.207436828129
2025-01-20,0,0.0915252328781,-0.0466099127266,-0.152613427437,-0.342911222088,-0.0317495235098,0.118439673541,0.1049813187,0.271028127252,0,0,0,0,0,0,0.164025647629,-0.176115914239
2025-01-22,-0.0842155485135,-0.11677777123,0.190735230048,0,0,-0.281207493188,0,0.0834750245919,0,0.260317253971,0.0876114781701,0,0,-0.128999048213,-0.138800138855,0.127861013219,0
2025-01-23,0,-0.220085080173,0.176353189043,0,-0.0759821044117,0.242432380049,0,0,0.380759016557,0.151356993525,-0.283081110014,0.0490984208255,0,-0.150197237869,0,0,-0.270654467532
2025-01-24,-0.148174615542,0,0.178934495691,0,0,0.242459394569,-0.151061211219,0.169159846408,0,0.154858336043,-0.12395302081,0,0.254587927289,-0.182217224185,-0.394593928243,0,0
2025-01-27,0,0,0.20441748677,-0.176913783271,0,0,0,0.118318891956,-0.195179746095,-0.155125020808,0.118091655671,0.204867701357,-0.0969843303708,0,0,0.104304264247,-0.125797119455
2025-01-28,0.191714955684,0,0.0870694825351,-0.0521214293128,0.173692500703,0,0,-0.13581786482,-0.272099000833,0,-0.209798614403,0.213225200047,-0.0801630906307,0,0,0.0842978610314,0
2025-01-29,-0.237757211584,-0.132844594735,0,0,0,0,0,0,0.319231785126,0,-0.246959523336,0.185380571269,0.0694255029217,0.126717382836,-0.0696126787658,0.0492447578472,-0.0628259915786
2025-01-30,0.165568952614,0,0,-0.076973293258,-0.144385386588,0.113768578015,0,0,-0.288748716649,-0.136611168579,0,0.197956210304,-0.103281434926,0.18169096508,0,0.0910152939872,0
2025-01-31,0.260353718145,-0.231918450885,0,0,-0.0759491587997,-0.111605797223,0,0,0,0,0.0852535226285,0,-0.226574004639,0.108622569263,-0.103952588454,0.205962887355,0.0898073026081
2025-02-03,0,0,0.0738133673011,-0.161763679942,0,0.279444426347,-0.119132961254,0.0724426143051,-0.124844800264,0,-0.195719116183,0.174610939471,0,0.149688652575,0,-0.148539442357,0
2025-02-04,0.111595388662,-0.170755957453,0.352659140957,0.114025695746,0,-0.2095342685,0.221389843154,0,-0.244829437851,0,0.200329931481,0,0,0,0,-0.162339205512,-0.212541130685
2025-02-05,-0.235967566232,0,0,0.136495062359,-0.0610906224399,0,0.238877390426,0,0,0.075112251899,-0.186197194053,0,0,0.13602547819,-0.167997958025,-0.0987466592498,0.163489817126
2025-02-06,0.191376489638,0,0,-0.146752971849,0.0961451498503,-0.13394298002,0,0,0.197160093424,-0.278569578769,0,-0.152047369001,0,0.0865663504862,0.178751916602,0,-0.0386871003606
2025-02-07,0,-0.13352180097,0.107089634293,0,-0.220924123412,0,-0.148384432025,0.25669753154,0.269956607361,0,-0.143370250369,0,0,0.0604419216533,0,-0.103799393224,0.0558143051526
2025-02-10,0,0,0,-0.105374520555,-0.151490454746,0.112890822939,-0.185857923806,0.126438789427,0,-0.260159243199,0.152811846475,0.226175951128,0,0.131682590033,-0.0471178576945,0,0
2025-02-12,0,0,-0.14332461689,0,-0.18272433191,0,0.134910847154,0,0.190944107899,-0.372220303189,0.183869751919,0,0.3290504043,-0.249863136108,-0.051867611903,0.161224888729,0
2025-02-13,-0.157153476087,0,0,-0.369161842151,0,0.173079574937,0,0,0.187519236206,0.236762627133,-0.0969769264251,0.209214082308,0,0.193424479415,-0.201254297289,0,-0.175453458048
2025-02-14,0,0.130406710259,0,0.197067418077,-0.269786469891,-0.245797270681,0.308588066213,0,0,0.102774576027,-0.116052380418,0,0.261163229423,-0.227449786387,-0.140914092623,0,0
2025-02-17,-0.259276992148,0,-0.124486197948,-0.093004623658,-0.143353540908,0.173423887108,0.135273385204,0,0.138541415816,0,0,0,0,0,0.0373888769672,0.265372434905,-0.129878645339
2025-02-19,-0.082909977737,0.0873268720187,0,0,-0.261221076805,0.311333697505,0.230617034167,0,0,-0.152794209888,0,0,0.048692499763,0,-0.112757941007,0.0720298965463,-0.140316794563
2025-02-20,0.125520047592,0,0.217520063217,-0.302331044083,0.244579408584,0,-0.213589188896,0,0,-0.0837538217602,0,0,-0.162148737033,0,0.161667825693,0.250712654915,-0.238177208228
2025-02-21,0,-0.133174028852,-0.118636877509,-0.128557560089,0.111797279923,0.158624163459,0.125450890729,-0.259244829884,0,0.16584947038,0.188278195509,0,0,0,-0.110386703666,0,0
2025-02-25,0.179963056733,0,0,-0.131048023182,0.223595248589,0,0,-0.21567351262,-0.0915159171013,0,-0.105785244924,0.0715130202918,-0.455977302173,0,0.355268727027,0.169659947359,0
2025-02-26,0,-0.28116678899,0.117036169286,0,0.127643580293,0.249387918061,0,0.177064942852,-0.101229904363,-0.155067919099,-0.183041890056,0,0,0,-0.279493497492,0.328867389508,0
2025-02-27,-0.352804412107,-0.117487838668,-0.0585714282801,-0.127751378629,-0.0933849423157,0.172781962219,0,0,0.147846964905,0,0.240989143124,0.133847916646,0,0.0545340131065,0,0,0
2025-02-28,-0.0864568383175,0,0,0,-0.0895315868376,0,0,0,-0.289594127261,-0.263975083117,-0.270442364466,0.211168035293,0.0993872358685,0,0.106175232389,0.241105870564,0.342163625885
2025-03-03,0.18392101279,0,-0.208852997636,-0.165509282746,0,0,0.238329895051,0.179041905238,0.12979874641,0,0,0,-0.214528944433,-0.286916158974,0,0.268908440511,-0.124192616211
2025-03-04,0.327415615282,-0.243513512137,-0.308636985762,-0.124700050879,0,0,0,-0.101470527781,-0.221678923441,0,0,0.297319826416,0,0.136750985566,0.0888160215096,0,0.149697551226
2025-03-05,-0.136250384514,-0.167268365867,0,0,0,0.116121403923,0,0,0.18136504142,-0.0981116108235,0,0.124173033946,0.211242288073,0.117098232638,-0.106479034909,-0.241890603886,0
2025-03-06,0,-0.329027126268,0,0,0.11013672135,0,0.323943035024,0,0.190390763831,0.278752386253,-0.241535228954,0.0967770935408,0,-0.199947414199,-0.122273876126,-0.107216354454,0
2025-03-07,0.152013126371,0.117969067931,-0.0461965357816,0.129156470169,0,0.240634139467,0,-0.206199751886,0,-0.121100135827,0,0.110227196062,0,0,-0.110856443106,0,-0.265647133399
2025-03-10,0,0.328774384538,-0.12367767463,0,-0.105345086717,-0.11121814549,0.056268867569,0,0.0894752338255,0,0.208493604723,0,0,-0.137595203996,0,-0.272163889167,0.0669879093453
2025-03-11,0.0879741527487,0.257507577822,0,0,-0.0676263444786,0,0,-0.100481446116,-0.243435181428,-0.246474953792,0.279887746958,0,0.0972713548745,0,0.0273591675961,0,-0.0919820741858
2025-03-12,-0.266031210788,0.104108850189,-0.0663467119545,0,-0.0917714350221,0.126617986867,0.0981911571751,0,0.250745046277,0,-0.0598194314481,0,0,0,0.170336959492,-0.266031210788,0
2025-03-13,-0.394826350079,0.192254542612,0,0,-0.15343492517,0.240581000693,0.200904992644,0,0.161499735884,0,0.204759728167,0,-0.199390638816,-0.165598246925,-0.0867498390112,0,0
2025-03-14,0,0.23833386585,0,0.208513621927,-0.273037153029,0.0972980490147,0,-0.137992581792,-0.169119516407,-0.124506438141,0.320726304123,0.135128159085,0,0,0,0,-0.295344310631
2025-03-17,-0.112696817726,0.204473480384,-0.218295441244,-0.160461817423,0,0,0.0936858468566,0,0.128607712736,0.185877657044,0.137355302979,0,-0.129668884838,-0.128877038769,0,0,0
2025-03-18,0,0,0,0.118502940376,-0.0920416850881,0,0.1908336293,-0.0758478073959,0.208088706156,0.185477063088,-0.200854810747,0,-0.47111724714,0,-0.160138449629,0,0.29709766108
2025-03-19,-0.170266689526,0.300055754443,0,0,-0.372071250583,0.178723845006,0.176226536202,0,-0.181949260042,-0.0996322865075,0,0,-0.176080513342,0,0,0.1765332907,0.168460573649
2025-03-21,-0.0699001307317,0.10918309172,-0.2614319999,0,0,0.0886893087146,0,0,0,-0.247579003952,0.25052521962,0.153327417863,-0.0570615555675,0,-0.114027309849,0,0.148274962082
2025-03-24,0,0,0,0,-0.174372755919,0.140457415395,-0.185629945242,0,0.24657989901,0.102634482566,-0.193455502932,0,-0.0952902151633,0.142854730063,0.117473472966,0,-0.101251580743
2025-03-25,0,0,0,0,-0.127644360981,-0.16633152832,0,-0.13679761963,0.135378963474,0.256498986229,-0.312886300392,0,-0.256340190677,0,0.183887911127,0.223256852548,0.200977286622
2025-03-26,-0.152938673711,0.115719538306,-0.166509043141,0,-0.35823873835,0.188978730684,0,0,0,0.297791059055,-0.191579652149,0,-0.130733892649,0,0.200536114361,0.196974557594,0
2025-03-27,0.254527398575,0,0.043627928321,-0.0788159272386,-0.265291770573,0.146940991715,0,0,-0.214945569596,-0.0917841592095,0,0.23231791969,0,0.0725857617002,0,-0.0991625733833,0
2025-03-28,0.307050867199,-0.216586512192,0,0.104492937769,0,0.129953770588,-0.145572795711,-0.160263363966,-0.27244388189,0,0,0.242613181531,0,0.215889242912,-0.20513344624,0,0
2025-03-31,0.213504272261,0.137944975615,0,0,0,-0.122808907703,-0.145281570332,-0.128090924378,0,-0.399075646107,0.313949869047,0,0,0.19469103119,-0.204742951481,0,0.139909851886
2025-04-01,0.234217416998,0,-0.186096752478,-0.290602127145,-0.0562086077031,0,0.157907820853,0,-0.0903115236176,-0.126780989056,0,0.150769100478,0,0.112434735944,0,0.0946709257266,0
2025-04-02,-0.11540851759,0,0,-0.242103838225,-0.364524186244,0,0.191953785243,-0.178188984142,0.200452689611,-0.0997744737993,0.204272475829,0,0.173986220322,0,0,0,0.229334828995
2025-04-03,-0.175313084675,0.196171891237,0.210954182624,0.12033258636,0,0,0.317751985836,0,0,-0.212220527746,0,-0.1842768414,-0.287681423971,0,0.154789353943,-0.140508122207,0
2025-04-04,0.259244852158,-0.180765761952,0,0,0.0923511762585,0,-0.150731693121,-0.155649553656,0,-0.150452801256,0.0732198359334,0,0,0.179786194241,0.145397941408,0,-0.112400190015
2025-04-07,-0.181389915193,-0.112169249639,-0.20079840551,0,0,0,0.0942947125381,0.113705761679,0,-0.144402455674,0,0.194747708009,0,0,0.206897091506,0.140354726269,-0.111239973984
2025-04-08,-0.0957410512786,0,0.0831948136933,-0.126082970265,0,0,-0.40028859907,0.258135358089,0.116262590219,0.0911842407287,0,0.20122299727,0,0,0,-0.0688546902057,-0.0590326891805
2025-04-09,-0.172432645452,0,0.127686735338,0,0,0.14311936669,-0.310117319588,0.287994609352,-0.109847126327,-0.310437711333,0,0.219328671708,0,-0.0971651973009,0,0.221870616912,0
2025-04-10,0,0,0.215703339217,0,0,-0.20464304378,0.0491241692499,-0.16203015573,-0.194419037755,0.317697350305,0.0939085567625,0.0735665844658,-0.0898705532655,-0.0990372094693,0,0,0
2025-04-11,0,-0.339848185146,0.372169823617,0,-0.119402878212,0,-0.114911554944,0,-0.27526528282,0,0,0.154748827188,-0.150572098877,0.134319164009,0,0.148748726716,0.190013458469
2025-04-14,0,-0.131533679997,0.324438055211,0,0.0463841266948,-0.13032071048,0,-0.134674144305,0,0.231960414456,-0.131392305232,0.0819091070094,-0.222079159986,0,0,0.0653082966291,0
2025-04-15,0,-0.13958878757,0.206913093064,0.122579107194,0,-0.395198438116,0.402649692603,0,-0.167555312015,-0.15093764448,0,0.149734649874,-0.146719817819,0,0,0.118123457265,0
2025-04-16,-0.268082219899,0,0.21626847264,0,-0.159301155124,-0.153146311916,0.121505467356,0,0.136234258378,0,0.0999835195139,0.176008282111,0,-0.0558956870322,-0.113574626028,0,0
2025-04-17,-0.131990523563,0,0,0.135567067075,-0.139131526549,0,0,0.239758926572,-0.281757078468,-0.364964069341,-0.0821568020799,0.225819740897,0.153589174676,0,0,0,0.245265090779
2025-04-18,0.300449969075,0,0,-0.116953889702,-0.327227683065,-0.114819006846,0,0.15413184782,0,0.0902497068729,0.0964509363821,0,0,0.10871753985,-0.0835626215471,-0.10743679884,0
2025-04-22,0,-0.080635521507,0,-0.222154460257,-0.365013428264,0.319703143215,0,0.204869531745,0,-0.094919724159,-0.237276865813,0.232220770123,0,0.14418589844,0.0990206564765,0,0
2025-04-23,0.198829936457,0.179846008731,0,-0.209363185959,0,-0.272670477007,0,0,-0.264001060578,0.457040670222,0.0673486003868,0,-0.0896612622683,-0.164304014187,0,0.0969347842029,0
2025-04-24,0,0,-0.092579570926,-0.255911795357,-0.178842873144,0.159842319977,0,0.260307288802,0.110726784886,0,-0.242098664222,0.093782667857,-0.230567096351,0,0,0,0.375340938478
2025-04-25,-0.219316952272,0,-0.251316100579,0,-0.265121535504,-0.122399281721,0.118598204724,0.204151672613,0.321778316667,0.193962259816,0,0,0,0,-0.141846129925,0.161509546181,0
2025-04-28,-0.218362967322,0,-0.291411174079,-0.0927599804027,0,-0.07219719345,0,0.133894260842,0.181316579728,0.245976649086,0,0.0842745149139,-0.0752686847457,0,0,0.104537995431,0
2025-04-30,0.106140632512,-0.066346841034,0,0,-0.305869067835,0.0560918723481,0,0.0660581529333,0.281233839637,0,0,0,-0.234189371708,0.240475502569,0,-0.0668964109615,-0.0766983084616
2025-05-01,0,-0.243669800058,0.0798372735124,0,0,0,0,-0.11069682184,0.108589079698,0,-0.16433747184,-0.138893613143,0,0.305020766337,-0.0924022931187,0.0730353677595,0.183517512693
2025-05-02,-0.261768739784,0,0,-0.157136886349,-0.381233655063,0,0.180224615625,0.159953344982,0.316052253811,0.174610648702,0.169159136881,0,-0.105484116882,0,-0.0943766019219,0,0
2025-05-07,0,0,-0.0770236298909,0,-0.264617233961,0.243136707306,0,0.0881114589267,0,-0.0755634823485,0.205682800422,0,0,0.0719687274499,0.141100305896,-0.207686330417,-0.125109323383
2025-05-08,-0.167677006747,-0.0762101651276,0,-0.13699380707,-0.157818543259,0.108267631261,0.0649998503256,0,0.273742516064,0,0,0.0909953733708,0,0,0.211994628978,0,-0.211300477796
2025-05-09,-0.205130706069,0,0,-0.104553127939,-0.371923678949,0,0.263401561221,0.15158425064,-0.0917845216708,0.142121142195,-0.226607965372,0,0,0,0.276887013707,0.166006032237,0
2025-05-12,-0.372328321166,-0.148533417992,0,0,0,0,0.38534678378,0.323744341917,0,-0.133228479533,-0.282677409611,0.119308620706,0.105158588301,-0.0632323716977,0.0664416652965,0,0
2025-05-13,0,0.105094276084,0,0,-0.290474495004,-0.114495990203,0.27490853999,0.0949465723022,0,0.194631077064,-0.196084159769,0,0,-0.0744123480841,-0.0745330069403,0.08041953456,0
2025-05-14,-0.216305486288,0,-0.256635520811,0,-0.365321041073,0.145879837893,0,0.233311059196,0.237200347406,0.202248629405,0.1813601261,0,-0.0244878935713,-0.137250058258,0,0,0
2025-05-15,-0.102170934899,0,0.242932569393,-0.0760837589878,-0.323302531523,0.0767444329389,-0.0841017627118,0,0.134428254738,0.207462071109,0,0,-0.164341011878,0,0,0.0884326718216,0
2025-05-16,0.196131030625,0,-0.151647858654,0.194436949793,0,0,0,0,0,0.085545248341,0.151253311894,0,-0.174102500326,-0.149282921085,-0.133016888007,-0.141949831929,0.122633459347
2025-05-19,0.152493749137,-0.277673895802,0,0,-0.0852637287357,0,0.124279997677,-0.0778475730637,0,0.205712763853,0.212569995666,0.0549434936664,-0.187486158856,0,0,-0.121728643543,0
2025-05-20,0.213152684079,-0.219103393455,-0.0814241515955,0.175584712898,0.0400847870751,-0.27151830415,0,0.103432189726,0,-0.100944084981,0,0,-0.077010065818,0,0,0,0.217745626222
2025-05-21,0.135878527138,-0.247718970061,-0.0735865912992,0,0,-0.135233917924,0.193868177714,0.276112945071,0,0,0,0,-0.108846525381,0.0725539307495,-0.184613995335,0.0715864193285,0
2025-05-22,0.115963120736,-0.12503476369,0.0616762467523,0,-0.267672695454,0.131860042294,0,0.274665554498,-0.097694781665,-0.102693956152,0,0,0,0.16583503572,-0.15690380304,0,0
2025-05-23,0,0.105924248793,-0.124676482879,-0.0967057213842,-0.252196845172,0,0,0.201306200675,0,0.0855060778537,-0.185690782239,-0.0907301683263,0,0,0.147333634455,0.209929838224,0
2025-05-26,0.183190856872,0.136144500133,0,0,0,-0.0853294977997,-0.28417003288,0,-0.0608619381342,-0.180829591679,0.198118819592,0.0618600402226,0,0.17068578318,0,-0.138808939507,0
2025-05-28,0,0,0,-0.263345636618,-0.114861598693,0,0.244582240257,0,0,0.206266642959,-0.113107890682,0.083400279265,0,-0.0815712389307,0.150832091556,-0.177113635077,0.0649187459632
2025-05-29,-0.148411791813,0,0,-0.183806258197,-0.22569142332,-0.166098782778,0,0.181476537468,0,0.15059214269,-0.275991743893,0.271598266639,0,0,0.225507737682,0,0.170825315521
2025-05-30,0.21778495275,0,-0.181879614042,-0.265757643134,0.16213404917,0.256251203433,0,-0.154638340725,0.219381395642,0,0,0,0,0.144448399005,-0.278325202684,-0.119399199416,0
2025-06-02,0.0908362354895,-0.264463736769,0,0,0.140599605342,-0.139708873106,-0.127959921284,-0.11889371535,0.152032134572,0.266752131919,0,0,0,0.0997798926774,-0.0989737534922,0,0
2025-06-03,-0.11687473231,0,0,-0.165010445657,-0.117690791852,0,0.2064200762,0,0.108573166208,-0.137653270391,0.207639974219,0.0982896759996,0,0,0.129077107374,0,-0.212770759789
2025-06-04,-0.222350400814,0.170307214553,-0.136302335778,0.191115862962,-0.0572235254093,-0.164387582039,0.17613186038,-0.16973615596,0,0,0,0.0800762154886,0,0,0,0.132368846616,0
2025-06-05,-0.144702476749,-0.155029899269,0,0,0,0.145208372123,0.201201099763,0,0.0870813193814,0.318635195714,-0.361168388093,0,0,0,-0.109237842786,-0.229861393104,0.247874013019
2025-06-06,-0.156667200787,0,0.0727645583252,0.261934243226,-0.12293450847,0,0,0.135492297188,0,-0.242212208971,0,-0.0553140775264,0.196435286292,-0.172872004245,0,0.0833736149694,0
2025-06-09,-0.119964295325,0.307155914986,0,-0.112817167721,-0.376455338344,0,0.14381127457,0.16218989358,-0.252385044115,0.163697429468,0,0,-0.138378154495,0,0,0.223145487396,0
2025-06-10,-0.313986844263,0,0,0,-0.24065354268,0.166945752592,0.403198303317,0.0439960229736,-0.16729706375,0,-0.202533445382,0,0,0.215379441986,-0.0755291039253,0.170480479132,0
2025-06-11,0,0.0969975933212,0,-0.0511088942007,-0.145780758374,0,0.216777990556,0.197807926005,-0.273847734736,0,0,0.0787670333742,-0.0372706165377,-0.241991996152,0,0.159649456743,0
2025-06-12,0,0.268760337831,0,-0.164650234011,-0.150901951765,0.127554606043,-0.16010133872,-0.100272404001,0,-0.174074071502,0.163557566362,0.093481654425,0,0,0.096645835339,0,0
2025-06-13,0.278708352895,-0.164371429362,0.0629350953235,0,0,0,0,-0.110661137796,0,-0.255227509805,0.156037168431,0,0,0.110381496812,-0.138348575874,-0.0813913471635,0.141937886539
2025-06-16,-0.251112547401,0.2265622224,-0.0981965881528,0,0,0.168234317483,-0.120182053922,0.0853234111319,0,-0.1402698867,0,0.180521969428,0,0,0,-0.140238923824,0.0893580795581
2025-06-17,-0.11940892516,0.0786769172241,0,0,-0.15809118946,0.264455451473,0.136844840961,-0.287984569436,0,0.264277416273,-0.207125967276,0,0,0,0,-0.227389348669,0.255745374068
2025-06-18,0,0.21702811758,0,-0.131945180016,-0.366885622804,-0.0949151991616,0,0,0,-0.285279698969,-0.120974299049,0.351174953056,0.144235626812,0,0.131466402275,0,0.156094900278
2025-06-19,0.15843592623,0,-0.100985596323,-0.136407654927,-0.265595561751,0,-0.111401686777,0,0.12660329068,0.0927463326486,0,0.175276739406,-0.135609500222,0,0,0,0.196937711035
2025-06-23,0.255015819852,-0.258106223239,-0.0773880036019,0.148460324498,-0.247782012502,-0.0942164121856,0,-0.0725073484721,0.0869560357828,0,0,0.168045608055,0,0.0915222118115,0,0,0
2025-06-24,0,0.206062835253,0.0735215880725,-0.210706170435,-0.195984613628,-0.188505721057,0.174788516382,0.299813069369,0,0,-0.194561063855,0,-0.210242431025,0,0.245813990924,0,0
2025-06-25,0,-0.125882562983,0,0.112895993779,0.118583996691,0,0,-0.217236920966,-0.132694651244,0.193297511429,-0.16769096325,0.172434732864,0,0,0.152787765236,-0.106494901556,0
2025-06-26,-0.269118010047,0,-0.122320659944,-0.0825399772747,0.21226132891,0.081892074849,-0.0835855209605,0,0.082687340652,0,0,0,0,0,0.26413801107,0.109021244519,-0.192435831773
2025-06-27,0,0.212818620382,-0.123785369867,0,0,-0.167019340955,0.0348960296556,-0.21757789905,0,0,0.157415637338,0.0758448450739,-0.0994748873839,0,0.269024867551,0,-0.142142502744
2025-06-30,0,0,-0.245277749863,-0.212795087424,0,0.0686748212459,0.139058603081,0,-0.150896081576,0,-0.059618023748,0.138496316491,0,0,0.157945735016,0.245824524165,-0.0814130573891
2025-07-01,0.175996655383,0,0,-0.222677143242,0.166270429178,0,0,-0.198005464588,0,-0.0671039557225,0.099614011162,0,0,-0.175286483737,0.168911120104,0.139207784173,-0.0869269527114
2025-07-02,0.172432003512,0,0.0810447803978,0.204218207654,0,0,0,0,-0.231377124056,0,-0.145149937469,-0.15745750828,0,0.175000225722,-0.0876922540638,0.117304782714,-0.12832317613
2025-07-03,0,0.128994103907,-0.0675969938638,0.269804299167,-0.305619452654,-0.162746117863,0,0.0875431362987,0.167222842863,0,-0.086934590563,0,0,0.0964356177639,-0.127102845056,0,0
2025-07-04,0.159638725557,-0.0994892350703,0,-0.139591875229,0,-0.176762839447,0,-0.171550484914,-0.162605565339,0,0,0.120634316426,0,0.22254350287,0,0.140513211017,0.106670244129
2025-07-08,0.18072504105,-0.10957984859,0.102937530739,0,-0.152440303016,0,-0.148604922477,0,0.113034085608,-0.14479694951,0.192314944044,0,-0.194577976408,0.160988398559,0,0,0
2025-07-09,0,0.381482007116,0,-0.302704752849,0,-0.100289249814,0,0,-0.268389437396,0,0.172464726809,0.201364948603,0,0.0518123999542,-0.183665594263,-0.144950965678,0.192875917518
2025-07-10,-0.0904641364344,0,-0.0705004740201,0,0.0495237938888,0,0,0,0.278661615004,0,0.251147541894,0.0478009240194,-0.0608073122824,0,-0.247595437504,0.122866125194,-0.280632639759
2025-07-11,-0.187177082655,0,0,-0.23681835611,-0.0773500152288,0,0,0,-0.0924203599491,-0.156234186058,0.176379664201,0.118629961769,0,0.214983890665,0,0.160275095145,0.0797313882196
2025-07-14,0,0,0.150422945396,0.112858629392,-0.349918772259,0,-0.0254880795444,0.264416146756,-0.210942756666,-0.141638189067,-0.272012202463,0.286456856485,0.185845421972,0,0,0,0
2025-07-15,-0.0729920695929,-0.25251526256,0.119869866925,-0.295705247792,-0.147041502123,0,0,0,0,0.148912725198,0,0.356081815104,0,0,0.203401456993,0.17173413578,-0.231745917932
2025-07-16,-0.241539883201,-0.154704023297,0,-0.191761095351,-0.285328211254,0,0,0.120696897388,0.366109866844,-0.126666786897,0,0.185036424438,0,0.234855591869,0,0.0933012194606,0
2025-07-17,-0.11792140592,-0.115970033452,0,0.138671276373,0,0,0.125213758013,0,-0.164752700824,0,-0.173330194833,0,-0.178025664971,0.22426103163,0,0.121225200762,0.140628733222
2025-07-18,0.191018813683,0,-0.08810781341,-0.159575622437,-0.292090512576,0,0,0.171178709321,0.122715850243,-0.1104596799,0,0.144716774743,-0.0997663716767,0,0,0.12036985201,0
2025-07-22,0.144441624646,-0.16893349159,-0.117180031036,0,0,0,-0.109264117929,-0.14132838387,0,0.234897046882,-0.213293975574,0.120411703807,0,0.151131016112,0,0.0991186085527,0
2025-07-23,0.275380531063,0,0,0,0.203856992284,-0.338377340053,-0.0781134485475,-0.0721225773573,-0.168784812915,0.0730487172855,0.118987899414,0,-0.0926018211273,0,0,0.0787258599541,0
2025-07-24,0,0,0.114890204734,-0.0864005337479,0.220790362441,0.184433606913,-0.276998563254,0,0,0,-0.104278008065,-0.0709389953847,0.113922105823,0,-0.211383899549,0.11596372009,0
2025-07-25,0,0,-0.116283549086,0.251074227169,-0.137223430516,0.050468167615,-0.158866163564,0,0.248587646965,-0.2150807294,0.151496758558,0,0,0.0483731996929,-0.122546127435,0,0
2025-07-28,0.370663906676,-0.155887075198,0,0.151045039959,0.17506616452,0,-0.179668776408,0,0,-0.371912398864,0,0,-0.053881666312,0.143117277512,0.160107611333,0,-0.238650083219
2025-07-29,-0.179741694009,0.135164108271,0,-0.323107991976,-0.149868548662,0.173238202267,0,0,0.3547852845,-0.103366535346,0,0.157728343719,0,0.179084061243,0,0,-0.243915230006
2025-07-30,0.214593611965,0,0.10959777603,-0.131167324843,0,0.178730057493,-0.35851366452,0,-0.0750997681613,-0.39202695422,0.299580697221,0,0,0,0,-0.0431922882561,0.197497857291
2025-07-31,-0.212354988385,-0.0947938173558,-0.0889582663165,-0.189645859933,0.0795654711316,0,0,0.113227807752,0.217138143181,0,0.208044968396,0,0,0,0.132023609539,0,-0.164247068009
2025-08-01,-0.134010970973,0,0,-0.135446007315,-0.356413120648,0,0,0.107273486459,0.307248671596,0.210064062859,0.277208189285,0,-0.144479509437,0.0982055898002,0,0,-0.229650391627
2025-08-04,0.234494126718,0.182914883501,0,-0.329690136265,0,-0.13578296951,0,0,-0.245286077402,-0.179488231249,0,0.167617391643,0,0,0.139249865295,0.275723732843,-0.109752585575
2025-08-05,0.139066167335,-0.160809042213,-0.103989556816,-0.159990141768,0,0,0,-0.180580955406,0.127330773823,0.210341486259,0.153182017055,-0.144630303798,0,0,0,0.120079555528,0
2025-08-06,0,0,-0.107625333035,0.178938976991,-0.137851209278,0.140537804044,0,-0.16951370532,0,-0.0669332612493,-0.268076491117,0,0.187711409886,0.11719200594,0.125619803139,0,0
2025-08-07,0.379210516576,-0.0747313536902,0,-0.367672414175,-0.170765934906,0,0,0.139942918326,0.128375791129,0.183227219889,-0.117592454307,0.169243554081,0,0,0,0,-0.269237842922
2025-08-08,-0.116371125274,0,0,0.287733766215,0.0932312459041,0,0.287733766215,0,-0.134143884538,-0.186448717778,0.0458693759597,0,0,0,-0.213797426358,-0.099238846052,0.0354318457058
2025-08-12,0.209407467751,-0.292016736903,0,0,0,0,0,0,0.141793829034,0.202539156245,-0.212548744472,0.349863830576,-0.213438044987,0.0963957163928,-0.139100562213,0,-0.142895911426
2025-08-13,-0.202679009142,0,0,0.356636302824,-0.181518516227,-0.256451082633,0,-0.237501353899,0,0,0,0.0819205312156,-0.121850038099,0.110812648692,0.21044387846,0.240186638809,0
2025-08-14,-0.141204979703,0,0,0.119391106374,0.0573182284237,0,-0.0876674623907,0.251476414781,-0.311601206815,0,0.148012509702,0.173801740719,-0.0624893094573,0,-0.147037041634,0,0
2025-08-15,-0.127723226179,0.0454000827841,0,0,0,0,0.141884821906,0,0,0,-0.264448774579,0.158526384237,-0.22740203643,-0.0589677300648,0.269784600326,0.134404110746,-0.0714582327476
2025-08-18,0,0,0.0844891423448,-0.200023969373,0.438062795687,0,0.0338093681162,0,-0.17095585335,0,-0.183696518218,0,0,0.110302514924,-0.341237501123,-0.104086157936,0.333336178928
2025-08-19,-0.0814930893607,-0.0854432807128,0,0,-0.171595484115,0,0.0820975301186,0,0.214144656062,0.153929211797,0,0,-0.274594373441,0,0.153734906853,0.146093695169,-0.13687377237
2025-08-20,0.168672012726,0,0,0.240738491668,0.106391330635,-0.210796307081,0.330000351231,0,-0.385319603034,0,0,-0.137196484654,-0.129291944193,-0.137395661037,0.15419781374,0,0
2025-08-21,0.164353215287,0,0.13342156802,-0.15128524161,0.2580156263,0,0,0,-0.185282534716,-0.214590533098,0,0,-0.101241946041,0.127029790452,-0.0975997445354,0.0671797999414,0
2025-08-22,-0.170374373635,0,0,0.0875610105907,-0.123633009859,0.0904010206518,-0.182512527522,0,0,-0.185529813453,0,0.19940077645,-0.0879502755308,0.308047866234,0,0.0645893260728,0
2025-08-25,-0.316566029078,0.294117931712,-0.318810776375,0,0,-0.104260455833,-0.160448574644,-0.0999141640706,0.0836839793678,0,0,0.276289013508,0.105620037651,0,0.24028903776,0,0
2025-08-26,-0.277972130659,0.119373411216,0,0,-0.277179848823,0,0.153224697477,0,0,0,-0.0531780187283,0.165603248967,-0.0337443111235,0.0821663238537,0,-0.107925690667,0.229632318486
2025-08-27,-0.159253256077,0,0,0.313633992424,-0.230234311544,0,-0.144070283563,0.0552823997943,0.212837492606,0.0780885282727,0,0,-0.0570159781227,0,0.0901575869026,0,-0.159426170693
2025-08-28,-0.107796497183,0,-0.121655096357,0,-0.199248030138,-0.182735855115,0,-0.138564521206,0.0392719024906,0,0.179281461494,0,0.254941620475,0.123202162331,0.153302853209,0,0
2025-08-29,-0.154242937725,0.147146454097,0,-0.165610275315,-0.179226890287,0,0.146867525668,0,0,0.19204675876,0,0,-0.168280659789,0.120728267193,0,-0.0826392368842,0.143210994281
2025-09-01,0.219149598375,0,0,-0.162208873412,0.0774817138554,-0.0921686349246,0,0,-0.21405043286,-0.182124804727,-0.0994472540756,0,0,0.110995134594,0,0.192269515578,0.150104037598
2025-09-03,-0.0624075207163,0.135502378453,0.0819626722741,-0.245850239038,0,0,0,0,0,0,0.217711538088,0.123381636208,-0.0772887584378,0.191441774977,-0.079645485464,0,-0.284807996344
2025-09-04,0.189385970578,-0.319830858908,0,-0.331466568848,0,0,-0.146498590659,-0.169548259756,0.19354203128,0.174376006698,-0.0326557218296,0.247307269854,0,0,0,0,0.195388721589
2025-09-05,-0.174995855474,0,0,0.166544834904,0,-0.279932790232,-0.0682419541988,0,0,0.279652053575,-0.0527656964822,0.161247010332,-0.174063703612,0,0.0834513675721,0,0.0591047336168
2025-09-08,-0.158537594636,-0.209149215173,0.139657821075,0.115914111646,-0.100632828886,0,0,0,0,0.157729059414,-0.161387874285,0.150262018794,0,0,0,-0.120292487019,0.186436989071
2025-09-09,-0.17757495458,0,-0.174893271856,0,0,0,0.187118721073,0,0.0978284677381,0.151490600736,-0.16662571097,0.101567782272,0,0,0.21199442818,-0.075280271213,-0.155625791382
2025-09-10,0,0,0,-0.304196392241,0.115081354758,-0.101015886797,-0.0939209851689,0.175998358262,0.080438704333,0,0,0.114970915855,-0.110693122201,-0.140173613591,0,0,0.263510666792
2025-09-11,-0.257409404863,0.196661766693,-0.1026363039,0,0,0,0.137931382629,0.153651169778,0.387226621792,-0.275909836327,0,0.124529059108,0,0,-0.111615581514,-0.252428873396,0
2025-09-12,-0.145555832707,0,0.092815270758,0.0807191390512,0,0.278108050353,0,-0.174936550762,-0.269420409035,0.152762372376,-0.0757407111949,0,0,0,0.145595167462,-0.0843464963006,0
2025-09-16,-0.262414577339,0,0,-0.301506755569,-0.187132014203,0,0.151927112219,0,0,0.363601550349,0,0.159862914556,0,-0.0781484662322,0.123403836616,-0.170798186657,0.20120458626
2025-09-17,-0.0545266548447,0.26650042174,0.0540111361579,-0.186092790959,0,-0.149877776701,-0.129097921314,0,0,0,-0.230404856182,0.21731928606,0.143166607656,0.0690025483858,0,0,0
2025-09-18,0.139725683305,-0.100234464437,0,-0.254710183217,-0.179604489585,-0.127816169706,0,0.143358608878,0,0,0,-0.0876346930558,0.131793287569,0.120264171825,0.214858248423,0,0
2025-09-19,-0.176647909584,0,0,-0.357324459964,0,0,0.225665964425,0,-0.209147770214,0.116096486781,0,0.202016250401,-0.0974071760128,-0.159472684225,0.281481877111,0.174739421282,0
2025-09-22,0,-0.281495152749,0.136484262925,0,-0.114768509645,0,0.137013049108,0.153191169539,0,0.376187729054,0,0.197123789373,-0.175738586722,-0.1983640109,0,0,-0.229633739985
2025-09-24,0.168480360225,0.09738754469,0.0927165415732,-0.361771057066,0,0,0,0,0,-0.134402597421,0,-0.0474325236401,-0.136131585037,0,-0.0702622368366,0.216124424617,0.175291128895
2025-09-25,0.108733200319,0,0,-0.226820869485,-0.0656416224484,0,0,0,-0.0928369193603,0,0.273142112111,0,-0.0929028155429,0.165164929236,0.0784716813635,0.124488076971,-0.271797773163
2025-09-26,-0.210489782506,0.263721087739,0,-0.354803912885,-0.122997240942,-0.136856916943,0,0.249388767627,0,-0.174852146724,0,0,0,0.186176882522,0.215645543377,0.0850677187354,0
2025-09-29,-0.215949823062,0,0,0,0.368166044505,0,0,0.0808924201911,-0.153802659484,0,0.394690191736,0.0655507594539,0.0907005841138,0,-0.173667080522,-0.179657615964,-0.276922820968
2025-09-30,-0.083067207488,-0.0756968906763,0,0,0,0.114091850226,0,0,-0.270595227885,0,0.0926263138345,0.066620930118,0.3218880255,0,-0.270595227885,0.154772880322,-0.0500454460663
2025-10-01,0,0,0,-0.094384179761,0.139507819122,-0.0484537755143,0.106575467147,0.275210027585,0,0.135133170653,-0.0826269050785,0,0,0.0935735154925,-0.287135668254,-0.237399471392,0
2025-10-02,-0.212172240213,0,0,-0.2593461136,0,0.260807056778,0.0887181595041,0.0499100453887,0,-0.137853095662,0.233368974235,0.117195764095,-0.0519041512431,-0.0887243992818,0,0,0
2025-10-03,-0.191071465695,0.100228856898,0,0,-0.101261535558,0.0843755486762,0.295681453105,0.135322053148,-0.161717271784,-0.228650203582,0,0,0,-0.0672995233809,0,0,0.134392088174
2025-10-06,0,0.102473187113,-0.0925638820373,-0.251356186892,0.0888367765396,0,0.149397510187,-0.36744595016,-0.211496847804,0,0,0,-0.0771371331066,0,0.414689404938,0.244603121223,0
2025-10-07,-0.100446316629,0,0,0,-0.201997759616,0.258521858906,0,0.0815647154624,-0.22478776154,0,0.125209577226,0.19164028514,-0.229938774034,0.343063563266,0,0,-0.242829388181
2025-10-08,0.295310707289,0,0,0,-0.130573336402,0,0,0.0983724778447,0,-0.247641806669,0.346169591609,0.152679341135,-0.217128079786,0.107467882123,0,-0.125503755364,-0.279153021779
2025-10-09,0.203485925555,0.14407704534,0,0.159829095059,0,0.131586699443,0,0.361021234603,0,0,0,0,-0.184265970687,-0.209999988539,-0.255643865831,-0.212342417067,-0.137747757877
2025-10-10,0.182446924629,0.195331759658,0.16063362815,-0.181765536642,0,-0.230055314281,0,-0.221317546054,0,0,0,0.265122758955,-0.207486216148,-0.159375386875,0.196464928607,0,0
2025-10-14,-0.0948932754859,0.18760881334,0,0,0,-0.139114020699,0.0691091157776,-0.163399970552,0.0928591184891,0.277685076324,0,0,0.122737876069,-0.244529449421,0,0,-0.108063283843
2025-10-15,0,0.198767897626,-0.179655303831,0.0863790045801,0,0.135157660137,0.134416153588,0,0,-0.136947845525,0,-0.126665533531,0,0.195279284069,-0.176130610785,-0.130600706328,0
2025-10-16,0.117708792832,0,-0.279335877696,0.0884702515669,-0.171251876188,-0.105067940865,-0.0790450692381,0.210157104258,0,0,0.221548316434,0,-0.115299236014,0,0,0,0.11211553491
2025-10-17,0,0,0.135432592301,-0.104349075348,0.101451352591,0.274095018732,-0.0951979218263,0,0,0,0.0517768534737,-0.23374128499,-0.243181945624,0,-0.0735297722113,0,0.187244182902
2025-10-20,-0.14504207717,0.122453185436,-0.162890371462,0.172822905347,0,-0.132719408924,0,0.21429992197,0.0962650688653,0,0,-0.173712966948,0,0,-0.135635175496,0.144158918383,0
2025-10-21,-0.295326029116,0.146582336787,0,0.201732207175,0.155399544392,0,-0.142274031024,-0.235216108574,0.242594769706,-0.208814596891,-0.118369234395,0,0,0.25369114194,0,0,0
2025-10-22,-0.201876425045,0,0,0,0.240394710007,-0.0515105156273,0.0804490398474,0,0,0,-0.0887081975621,0.180331832049,-0.23716863991,0.16960546771,0.0792189503869,-0.170736221855,0
2025-10-23,0.170801169476,0,0,0,0,0.129617151112,0,-0.372002339306,-0.30184791806,-0.0427061141828,0,0,-0.117387829815,0.437506129511,0.131325120215,-0.166055798636,0.130750429686
2025-10-29,0.068969068653,0,-0.285359811282,0.177216979357,0,0.199126593208,0,0,0,-0.0694212919526,-0.16073920365,0.119508186016,0,0.185179172766,-0.0740117904231,0,-0.160467902692
2025-10-30,-0.208218796788,0.102160189343,0,0,-0.134889153994,0,0,0.154217907626,0.0854683113329,0.226134843877,0.18201874782,0,0,0,-0.120287349806,-0.139481449831,-0.147123249581
2025-10-31,0.198793350483,0,0,-0.116231615566,0.160114595855,0,-0.136297490219,0,-0.363302713762,-0.205215176464,-0.17895300399,0,0,0,0.246348521218,0.14858488587,0.246158646574
2025-11-04,-0.233584340266,0.178795267242,-0.114744331526,-0.198284743439,0,0.153828262374,-0.304446085004,0,0,-0.148940499765,0.170066722447,0.209122552262,0.288187195674,0,0,0,0
2025-11-05,0.15915180427,0,0,-0.0968975660107,0.048105267815,0.249148778827,0,0,-0.1286594457,-0.206709714441,0.0997008090884,-0.162531337435,-0.155201936413,0,0.193893339999,0,0
2025-11-06,0,0,-0.179741498256,-0.124021349719,0,0,0,0,-0.157684932585,-0.089351905228,0.130498859895,0.0903631577787,0.286805892247,0.108669102075,0.133662988004,0,-0.199200314211
2025-11-07,0.162034140108,0.135494536355,0.222039487324,-0.153229247024,-0.136221583776,0.234431992505,0.245999843708,0,0,-0.357024254106,0,-0.106303606178,-0.247221308917,0,0,0,0
2025-11-10,0.269638089456,0,0,0,0,0.0564080983522,0,0.0891582323293,-0.269428886964,-0.0974672179484,0.225764709903,-0.153704948697,0.109030869959,-0.138371747618,-0.0910271987734,0,0
2025-11-11,-0.180510330417,0,0,0.299624241068,0,0,0,0.190532735164,0.11862108622,-0.228102515375,0,0,0.259885707729,-0.182288679836,-0.160501216588,-0.248597257784,0.131336229819
2025-11-12,0,0.0872673262304,0,-0.176093728544,0.190269004311,0.08351311237,0,0,-0.221990121745,0.342021072155,0,-0.219390403462,0.296929484933,0,-0.215354923831,-0.167170822418,0
2025-11-13,-0.0795656475717,0,0,0,0.199638586864,0,0.235592323566,0,0.0844395690133,-0.245842468729,0.0625392930437,0,0,0.167790227514,-0.0630028661245,-0.0863028725271,-0.275286145048
2025-11-14,0.113491435335,0,0.35467456903,0.0861176608403,0,0,0,-0.115471850381,0,0,0.199579017437,-0.0944632679859,-0.389794128214,0.246137317357,-0.28666801722,-0.113602736199,0
2025-11-17,0,0.351992899741,0,-0.240215373636,-0.0857697924718,0,0,0,0.302546999644,-0.07012335807,0.0606415879966,0,0,0.228971979929,-0.277956073708,-0.325935402115,0.0558465326894
2025-11-18,0.223540548388,-0.114691200243,0.202095305116,-0.22556402778,0,0,-0.129795187335,0,0,0,0.122913342973,0,0,0.0947370335993,-0.0719726532398,-0.207976931402,0.106713769924
2025-11-19,0.156389184892,0.227393109216,0.232817925226,-0.349966797886,0,0,0,0,-0.151026994722,-0.143367025172,0,0,0.178309750271,0,-0.0776247815426,-0.278014400677,0.205090030396
2025-11-20,-0.126552616772,0,0.117731749672,-0.131125296023,0.265987372756,0,-0.27245678077,0,-0.218348946049,-0.251516360386,0,0,0.235684260185,0.256342800267,0.124253817119,0,0
2025-11-21,0.240944353448,0,0.268368008356,-0.228773633813,0,-0.121364235519,0,0,0.144366540526,0,-0.193249004596,0,-0.380570145894,0.249231743391,-0.0760429801775,0,0.0970893542785
2025-11-25,-0.217753852843,0,0.128455521082,-0.0961836409563,-0.129941994463,0.117588734093,-0.0853553439791,0,0.129811771803,0,0.160177220434,0,0,-0.220765167759,0,0.213966752588,0
2025-11-26,0.271704645108,-0.171835352053,0.0947709858855,-0.172840611052,0.354178357922,0,0.147239393649,0,0,-0.165428677747,-0.365818528271,0,0.132106617436,0,-0.124076830876,0,0
2025-11-27,0.262928577951,0,0,0,-0.139519846319,0,-0.112459404225,0.23693603806,-0.104821255257,-0.278605339126,0,0.13606361537,0.0783311498112,0,-0.114594155073,0.0357406188074,0
2025-12-01,0.324944165969,0.0824912065242,0,-0.218284705227,0.123419565416,0,0,-0.37128526082,0,0,0.230922859968,0.238222202123,-0.118423342755,-0.181355686769,-0.110651004429,0,0
2025-12-02,0.0795100537264,0,0.134076891165,-0.223398956023,-0.0913079520476,0.179149385991,0,-0.149686595707,0,-0.0725103014996,-0.213096194723,0.112261139734,0,0.245002529384,0,0,0
2025-12-03,0,-0.11457026757,-0.106010853659,0,0,0.0635885651562,0.107097101813,0.161912335339,0,-0.136526728934,0,0.28379262725,-0.245139327817,0,0,0.133609370442,-0.14775282202
2025-12-04,0,0.126328432286,0.118806385213,0,-0.162062520911,-0.196289937769,0.174864307945,0,0,-0.132332459173,0.0786624789564,0,0,-0.0955262333387,0,0.2513383956,-0.163788848808
2025-12-05,-0.135260640617,-0.0622559876294,-0.0546820620335,0,-0.267454990743,0,0,0.0684318135976,0.279474719291,0.0964367243703,0.153597586439,0,-0.230346318977,0,0,0.152059156302,0
2025-12-08,-0.125567518603,0,-0.249790260945,0.127766983071,0,0,0,0,-0.211629638029,0.385095000807,-0.169655746056,0,-0.243356836368,0.110747967431,0.125246424899,0.251143623792,0
2025-12-09,-0.149974961878,0,0,-0.107282815274,-0.18843020701,0,0.164033853284,0.0918110626557,0.296334805636,0.0966266261346,-0.225838804967,0,-0.0784732108709,0,0,0.10119365229,0
2025-12-10,0.211053037392,-0.157490245669,0,-0.0948877582103,-0.312760260979,-0.284935275314,0.194969259907,-0.149926459827,0.252912389459,0,0,0,0,0,0.190072013141,0.150993300101,0
2025-12-11,0,-0.145912527086,-0.404623591545,0,0,-0.0748588350187,0.207077067707,0.214422396927,0.0770138632348,0.39650236569,-0.103374008309,0,0,0,0.104984306442,0,-0.271231038042
2025-12-12,0,0,0,0,-0.0971846444145,-0.100460667319,-0.125416621836,0.105466503251,0,-0.324749447936,0,0,0.270481535796,-0.102188618494,0.0744883166458,0.147325146728,0.152238497579
2025-12-15,0.152360012472,-0.232419014569,0,0,-0.0968418236903,0.110929002304,0,0,-0.175452144696,0.0912382881574,-0.114408606681,0,-0.130878410363,0.184369285319,0,0,0.211103411747
2025-12-16,0,-0.207624405894,-0.109594431996,0.130807172947,0.201247364944,0,0.24826688686,0.125940889996,-0.367415837217,0,0,0.293737685252,0,0,0,-0.177478816278,-0.137886508615
2025-12-17,-0.0935564354944,-0.207149879017,0,-0.131449354363,-0.190472238502,0,0.142945786613,0.0996983400161,0.115265856698,0,0,0.26449457886,0,-0.127372092623,0,0,0.127595437812
2025-12-18,0.282174495328,0.160967194237,0,0,-0.119648432351,-0.13529372855,0,-0.162504869036,-0.143531827628,-0.189021142436,0,0,0,0.170171295969,0,0.0706499524984,0.0660370619679
2025-12-19,0,-0.285030666445,-0.121699808178,0,0,-0.115542155705,0.106060981525,0.198702443899,0.169839073519,0,0.28818219677,0.237215304288,0,0,0,-0.355727104065,-0.122000265606
2025-12-22,0,0.197919063599,-0.189990877599,0,0.122947873254,0,0,0.158626299087,0,-0.355512492683,-0.0944992961305,0.237805963861,0.282700800199,0,0,-0.198477902249,-0.161519431338
2025-12-23,-0.335093384722,-0.115271230229,0,-0.112926591785,0.0815223105426,-0.125097132413,0.272226931887,0.300324753784,0,0,0,0.250304790023,0,0,0,0.0956212137631,-0.31161166085
2025-12-24,-0.261160330271,0.105225612448,0,-0.144809958591,-0.132088805411,0,0.0910745886323,0.104542941616,0.27113867995,0,0,0.178018177354,0,0,0,-0.114731911885,-0.0972089938421
2025-12-25,0,0,-0.178289135151,-0.184146481154,-0.180755882861,0,0,0.168664049547,0,-0.134218400214,0.0956339667845,0.16670780482,0.172697437314,0,0.146296741534,0,-0.0725901006205
2025-12-29,0.166385046358,0,-0.0809627029717,0.121691228031,0.0992187610495,0,0,0,0.168017358189,0,0,0.194687606372,-0.136995952794,-0.1260022318,-0.170523679964,-0.235515432471,0
2025-12-30,0,0.458974452191,0.102228836739,-0.408695788994,0,0,0,-0.0628781178857,0.105285507833,-0.128392935613,0.227699725123,0,-0.0983788536935,0,0,-0.301654303814,0.105811478115
2026-01-05,0,0.336152268206,-0.185632294304,-0.0951878596665,0,-0.124192384397,0.0245178803913,0.118735951052,0,-0.338570574296,0.169353420561,0.351240479791,0,0,0,-0.256416887336,0
2026-01-06,-0.24714049467,0.267517070823,-0.193010402635,0,0,0,-0.122602449571,0,-0.0845943960596,0,0.207778479665,0.267903746027,0.114443153989,0,0.142357549496,-0.352652257065,0
2026-01-07,-0.137791661321,-0.189947763658,0,0.249315069894,0.101908264377,0.152091390999,0,0.117582218955,0,-0.202713767191,0,0.129103055776,-0.110251642658,0,-0.109295165173,0,0
2026-01-08,-0.164326739962,0,0,-0.124666916651,0.168565988637,0,0,-0.142578017452,0.104166947265,0,-0.213776882707,0.188538884939,0,0,0.147114727337,0.141613451822,-0.104651443229
2026-01-09,0.341863370215,0,-0.113509759422,0.259056844637,-0.27655722952,0,-0.285615536177,0,0,0.108143119179,0,0,0,0.122020400449,-0.171182863753,-0.153134611127,0.168916265519
2026-01-13,0.190828146099,0,-0.257633858248,0,0.2102814469,0,-0.12872117483,0,0,0,0.210317529174,0.194665512249,-0.163067332144,0.193907365578,-0.335815763004,-0.114761871774,0
2026-01-14,0.152574315215,0,0,0,-0.198371016138,-0.0537019950173,0,0,0,0.102682798926,-0.0650902487507,0.175259714913,-0.071600685145,0.216440549048,-0.361236054949,0,0.103042621898
2026-01-15,0.211561194453,0.147432207958,0,-0.373055946722,0.255029609268,0,-0.127750204083,-0.251747448541,-0.147050102286,0,0,0.174448513846,-0.100396298368,0,0,0,0.211528474475
2026-01-16,0,-0.226515911235,0.0725425183124,-0.0555820965169,-0.0735207584073,0.180508331593,-0.120858901832,0,0,0,0,0.151869748401,-0.273522332008,0.081931951869,0,0,0.263147449825
2026-01-19,0,0,0,-0.440153219827,-0.108682258105,0.251562415406,0,0.161277083607,0.249498316833,-0.160873626886,0,0.116216179883,-0.188974245722,-0.10131664946,0,0,0.221446004271
2026-01-21,0.185008954272,0,0.143927221829,0.12681807257,0,0,0,-0.274359559409,-0.147177769335,-0.238180637547,-0.182640321132,0.330047396404,-0.157641712578,0.214198354925,0,0,0
2026-01-22,-0.148946479121,0.222882504906,-0.125994847473,0,0.151313905457,0,0.118070499426,-0.0622643580994,0,-0.240944162391,0,0.102968672867,0,0.154764417344,-0.171850152916,0,0
2026-01-23,0,0,0.245375917426,-0.197860561793,0,0,0,-0.25324324981,0.30925544698,-0.244583008583,-0.126071707963,0.200640947204,0.115112434357,0,0,0.129615254033,-0.17824147185
2026-01-26,0,0,0.113298479126,0.235369756083,-0.13325604854,0,-0.319416121049,0,0.291942635749,0.233310551896,-0.106218216318,0,-0.280431664071,0,0,-0.160677950022,0.126078577147
2026-01-27,0,0,0.298996807654,0,-0.160537931515,-0.148741860929,0,0,0.183449105224,-0.134002960822,0.134387791934,-0.196378835877,0,-0.110338410857,0.0608077691193,0,0.0723585260688
2026-01-28,0,0,0.141008302742,0.272312928667,-0.205723116877,0,0.0477923982073,-0.076121392311,0,-0.0656853339302,0.185614557885,-0.270281515665,-0.132188641216,0,0,0,0.103271812499
2026-01-29,-0.158606087279,0.128367900707,0.197285497894,0.130251526852,0,-0.194860902323,0,-0.092286645051,-0.121383172665,-0.182863192682,0,0,0,0,0.0660614328762,0.228033641671,0
2026-01-30,0,-0.246680819612,0.129581101881,0,-0.328544838253,0.260272526997,0,0,-0.159204474341,0,0,-0.145310041253,-0.120259826541,0,0.226255375267,0.203012695034,0.180878300821
2026-02-02,0.140872582007,0,0.0946410261121,-0.243008742586,-0.191850229872,-0.17074571336,0.34202606393,-0.236060534995,-0.158334779186,0.110340987717,0,0,0,0.312119340234,0,0,0
2026-02-03,-0.174542901272,-0.33282892846,0,-0.14343260228,0,0.223133947629,0.142623931129,0.314738270464,0,0.19917161147,-0.125378331587,0.120332239308,0,0,0,0,-0.223817236401
2026-02-04,0,0,0,0,-0.236535682135,0.159401340209,0,0,-0.149841686878,-0.211699782979,0.139354388298,0.209450147224,-0.181260118048,0.347725326763,0,-0.220662729961,0.144068797506
2026-02-05,0.237095407677,0,0,0,0.157208715447,0.193882611612,-0.108610168341,0,-0.288106891316,-0.377301445766,-0.0882460385877,0.274936661818,-0.137735455989,0,0,0,0.136876603446
2026-02-06,0,0,-0.0929043210311,-0.244998192371,0.174115883557,0.11876989565,0.21910587615,-0.223682653103,-0.0873801134564,-0.351034720039,0,0,0,0,0,0.136556484484,0.351451860159
2026-02-09,0,0,0,0.146940319976,0,-0.0837205906591,0.124500487967,-0.19181973727,0.375163822124,-0.230870336655,0,0,-0.142963553082,-0.350625782334,0,0.100469491961,0.252925877972
2026-02-10,-0.175276642385,0,0.119854381767,0.37780859404,-0.12047171895,0.154693268612,0,0,0.144679755227,0,0,0.202964000353,0,-0.22923382456,-0.1129203334,-0.362097480705,0
2026-02-12,-0.0316842502733,0,0,0.165435146692,0,0.0996935288008,0.0958374345913,0,0,-0.187255426248,0.121980281879,0.267053608037,0,-0.0666519586218,-0.247332813322,-0.217075551535,0
2026-02-13,0.137902371088,-0.106902934644,0,-0.22100935406,0,0.105354599699,0,-0.11927149188,0,0,0.267940144264,0.0733901747392,-0.127060714623,0.16541271021,-0.175755504792,0,0
2026-02-16,0,0,0,-0.212870519944,0.0894498394971,0.159626828116,-0.125317766788,-0.125653112097,-0.205826938765,0,0.204125700976,0,0,-0.0803316624056,0.106832929173,0,0.189964702238
2026-02-18,-0.285821374594,-0.160857938943,0,-0.210518432548,-0.175014968501,0,0,0,0.272691241678,0.186737588269,0,0.178583797918,0,-0.167787285414,0.20146881765,0,0.160518554484
2026-02-19,-0.0991510480689,0,0.205791813013,0,0,0.200798146915,0.107724482462,-0.240539951884,0,0.0928443664439,-0.127164123765,0,0,-0.136131318562,0.142841191166,0,-0.14701355772
2026-02-20,0.159542845995,0,0,0,-0.186500249837,0.262561804625,-0.231615258356,0.049919572673,0,0,0.358371644296,0.16960413241,-0.177806912424,0,-0.169343743823,-0.23473383556,0
2026-02-24,0.153964931976,0,0,0.131172269224,0.178936697187,-0.132996331326,-0.0404879623745,0,0,-0.0869188049786,0,0,0,0.182457058037,-0.198403017934,-0.291193883387,0.103469043576
2026-02-25,0.181759828198,0,0,-0.118716953328,-0.357628559811,0,0,0,-0.215505561452,0,0.181506963827,0,-0.178956622961,0.142637673133,0.264671736781,0.22942379806,-0.129192302449
2026-02-26,0,0,0.181111429933,-0.195804592511,0.141770701611,0,-0.138703506975,-0.24196621269,0.189173268173,-0.234547020545,0.267981638243,0,0,0,0.21996296204,0,-0.188978667279
2026-02-27,0,0,0,-0.173889403816,-0.0778676314031,0.365685517476,0,-0.183602680168,-0.225866200315,-0.338774084298,0,0.310246801863,0.0649420354232,0.192669276078,0.0664563691605,0,0
2026-03-02,0.185667385985,-0.472978382567,0.284627859081,0.161657470697,0,-0.0454186793005,0,0,-0.146261843766,-0.0626168566189,0.201162159439,0.166885124798,0,0,0,-0.272724237747,0
2026-03-03,0,0.282098702791,0,0,-0.11324553522,0.41077305737,-0.296580672881,0,0,-0.189884605277,0,0.0306766849791,-0.314828758594,0.127122556011,0,-0.0854604280281,0.149328998849
2026-03-04,0.253165946664,0.0860501831149,-0.0689213507912,-0.160991118865,0,0,-0.17519355324,0,-0.22039428503,-0.374499692074,0.181178243737,0.374063716448,0.105541910037,0,0,0,0
2026-03-05,-0.203930830241,-0.0692951184855,0,-0.116165155182,0.258955656806,-0.397667297098,0.156170839171,0,-0.212941598993,0,0.128108205415,0.191494323445,0,0,0,0,0.265270975163
2026-03-06,0,0.133055284108,0.112631213946,-0.282166385737,0,-0.0949140117286,0,0,-0.282166385737,0,0.133753510381,0.274019078229,0,0,-0.0471763630444,0.0965409133368,-0.043576853752
2026-03-09,0.138950999849,-0.369930683924,0.069977555989,0,0,-0.157972275498,0,-0.165282944279,0,0,0.312865648598,0.286824645206,0,0.191381150358,-0.15306982771,0,-0.153744268588
2026-03-10,0,0.264527204712,0,0,0.283592378173,0,-0.316885859368,-0.295728386736,0.130209996253,0.199146742664,-0.11650675234,-0.120508993921,-0.150370007635,0.122523678198,0,0,0
2026-03-11,0.147207221061,0,0,-0.0829321199902,0,0,-0.171873339695,-0.159189652698,0.153566879496,-0.115071588766,-0.220933298851,0.118174185554,0,0.148591248326,0,0,0.182460465563
2026-03-12,-0.107143617097,0.350771834747,-0.0885534562743,0,0.119408026919,-0.297907337303,0.159539760037,0,0,0,0,0.181611483733,0,-0.35213677096,0,-0.154258818366,0.188668894564
2026-03-13,0,0,0,0,-0.158179020441,0.256857487132,0,-0.074731290519,0,-0.299293159681,0.221529667629,0.24780674774,-0.221586393454,0.0948288478716,0,-0.246210135905,0.178977249626
2026-03-16,-0.206746731387,0.161646864334,0,-0.157040055637,0,0,0.257385648659,-0.137169547282,-0.304189782405,-0.194853883289,0.264114265985,0,0,0.151624631106,0.165228589916,0,0
2026-03-17,0.166846628108,0,-0.141454257532,0,0,0.232413910789,0.367871789599,0.101646946449,0,0.131220725055,0,-0.326758577341,-0.317397217908,0,-0.083037482967,-0.131352464253,0
2026-03-18,-0.139964866862,-0.159471430463,0.143093328467,0,-0.149448831925,0,0,0.110506552909,0.193070658916,0,0,0,-0.104179013184,0,0.112238276727,-0.196935857567,0.191091182982
2026-03-19,-0.175198300214,0.0999547701848,0,-0.0902447197491,0,0,0,0.165374059179,0,-0.185535744885,0,0,0.19974474449,0.132907419484,-0.128956461694,0.152019006663,-0.170064773459
2026-03-23,0.145788943456,0.169323788308,0,0,0,0,0,-0.177916000011,-0.0418162715256,-0.127015217933,-0.212335693482,0.118060797471,0.240578412042,0,0.0762480587232,0,-0.190916817049
2026-03-24,-0.0859946799822,0,0,0,0,0,-0.0683432976565,0.148966025693,0,0.154474025199,0.144222694296,0.370527111472,-0.141594699242,0.18181014334,0,-0.647887057169,-0.0561802659503
2026-03-25,0,0.140305744711,-0.159653780253,0,0,0,0,0.0980594518297,0,-0.172199272939,0.110797891579,-0.0650221858819,0.117661971011,0.28317494087,-0.0622774709855,-0.29084728994,0
2026-03-26,0.11547423173,-0.353266157046,0,0.164211277827,0.217552143217,-0.22932085865,0,-0.208429680302,0.0932171899434,-0.117009438862,0,0,0,0.409545157283,-0.0919738651403,0,0
2026-03-27,0,0,0.207153138422,0,-0.0902318132365,0,0.241186938219,-0.144170711377,-0.109732593196,-0.495847905058,0,0.295891743875,-0.160016977133,0.104305385662,0,0,0.151462793823
2026-03-30,0.214594332868,0.369079206112,-0.221752239364,-0.233259121707,0.166181511099,0,0,0,-0.187107161779,0,0,0.101672258323,-0.202960447937,0.148472691598,-0.154921029213,0,0
2026-03-31,0.115049699985,-0.195440089889,0.168942167676,0,0.138931683667,0,0.185290405472,-0.0398216848575,-0.107614664441,-0.27050285189,0,-0.136620708923,0,0,0.1417860432,0,0
2026-04-01,0,-0.267179065972,0,0.275172688778,0,0,0,0,0.275172688778,0.0672283453315,-0.133986737252,-0.111663592226,0,-0.122481944108,0.0620719504433,0.0703543266688,-0.114688660442
2026-04-02,-0.270018143482,0.102284538596,0,0,0.0622000419769,0,0,0,0.264089855316,0.0620316952693,0,-0.226248431962,-0.079201313292,-0.1073142927,0,0.259393868842,-0.0672178185648
2026-04-03,0,0,0,0,0.156510346726,0,-0.335496203676,-0.172985706932,-0.170267637101,-0.151172115922,0.121320801595,0.227754927204,-0.170078336369,0,0,0.12921197904,0.365201945435
2026-04-07,0,-0.178357953519,0,-0.221046491593,0,0.324774036442,0.194652683408,0.174905845362,-0.17915435958,-0.159773936577,0,0,0.124133384933,0.181534049856,0,-0.261667258731,0
2026-04-08,0,0.399268823578,-0.29781231509,-0.111760259983,0.205552864263,0,-0.291646636581,0,-0.203673885213,0,0.171729393459,0.101409605393,0,0,0,-0.0951069031339,0.122039313307
2026-04-09,0,-0.217511360326,0,0.127882578802,0,-0.0908482966779,0,0.15702755377,0.145369145588,0,-0.196031457969,-0.126391104231,-0.119217780795,0.22342071434,0,0,0.0963000075004
2026-04-10,0.110216925646,0,0,-0.264784762368,0.208387925452,0,-0.314356584059,0.337538485243,0,-0.111148218341,0,0,0,-0.180638957166,-0.129071478067,0.160181933247,0.183674730412
2026-04-13,-0.333267299729,-0.289774545593,0,0.170420189689,-0.201339382916,0.142662127868,-0.106104027843,0,0.221949549419,0.133670038837,0,-0.0695147439192,0,0,0,0,0.331298094187
2026-04-14,0.100716972624,0.356910533647,0,0,0.24243873174,-0.272054448605,-0.147697918549,-0.130112034344,-0.246447033504,-0.203688564998,0,0.131110879907,0,0,0.168822882083,0,0
2026-04-15,0,0,-0.092845164115,-0.220901190305,0.0988130440372,-0.0805090093264,0,0.148065206594,0.291461400745,0,0,0,0.101901650647,0.109758697976,-0.20117865932,-0.154565976934,0
2026-04-16,0.203982908545,0.135466229328,0,-0.179664266663,0.0361741047118,-0.0872164694058,-0.159049064546,-0.19371905886,0,0,0,0.150594719598,-0.130351140525,0,0,0,0.223782037817
2026-04-17,0,0.158100909036,0,-0.381300254554,-0.0965544383969,0,0.255489145577,0,0.178942150969,0,0.156082619484,-0.0927306371783,0.251385174934,-0.189076954695,0,-0.240337715176,0
2026-04-20,0.141664547193,0,-0.168963952754,-0.119379715548,0.141567201724,0,0.0841369048367,0.162587737485,0.220043608762,-0.103747021713,-0.211744232986,0,0,-0.146165076999,0,0,0
2026-04-21,0,0.147124422914,-0.118331345739,0,0,0.116810339718,-0.115793745672,0.15920245552,-0.181717940283,-0.263308282128,0,0,0,0.128159627312,0.198703154535,-0.0708486861776,0
2026-04-22,0.124147127823,0,0,-0.156445861144,0,0.112720654013,0,-0.177817834546,0,-0.267911232629,-0.0754081785214,0.105627489208,0.16581490312,0.241689825837,0,0,-0.0724168931603
2026-04-23,0,0,0.122107703116,-0.0862625620198,0.442387648023,0.195307794282,0,-0.436676902653,0.172384309059,-0.126432745169,0,0,-0.24728795481,0.0678125455203,0,-0.103339835348,0
2026-04-24,0,0,0,-0.295700084787,0,0.160749530968,0,0.135221652895,-0.199254447748,-0.204378085667,0.103164243982,0.361332373286,-0.212485323909,0,-0.0881820578891,0,0.239532198869
2026-04-27,0,0.300726405323,-0.162948206826,-0.158151219606,0.129408541744,-0.141832762622,0.21073976691,0,0,-0.296560472103,0,0,0.270811397026,-0.240507338843,0,0.0883138889975,0
2026-04-28,-0.0840216888807,0,-0.242819535604,0,0,0.0474793511207,0.195621834358,0,0.292503313494,0.133665869784,0,0,-0.125345459156,-0.146735350507,0.0807296312429,0,-0.151077965852
2026-04-30,-0.222933219489,0,0.155221790294,-0.284678454789,0.107799223499,0,0.165675682985,-0.0777585712439,-0.172261237324,0,0,0.271824579798,0,0,0.299478723424,0,-0.242368517155
2026-05-01,0.355226377783,0,0.103603251898,0.104346726205,0,0,0,0.139736637287,-0.289740075953,-0.145002707993,0.297087006826,-0.203128009789,0,-0.255776859862,0,-0.106352346404,0
2026-05-07,0,0.179946443916,-0.319657682269,-0.19037139262,0.231663635375,0.190594469208,-0.182610258562,0,-0.163692263153,0,-0.143668403396,0,0.247647722173,0,0,0,0.150147729328
2026-05-08,0.27613290685,0,0,-0.22348523969,0.169890107438,0.142353812051,0,-0.179592128075,-0.129219057583,0,0,-0.102553504781,-0.11515006987,0,0.105666051896,0,0.0559571217654
2026-05-11,-0.417649422865,0,-0.137784005682,0,0,0.349735665741,0.236522243002,0.193066966636,0.134821748264,-0.135585434239,-0.212034529575,0,0,-0.096946607639,0,0,0.0858533763566
2026-05-12,0,0,-0.145673799031,0.122218265791,0,0.10831160852,-0.190427271648,0,0,-0.141134389487,0.394555409148,0.184730090811,-0.25812063745,0.19018462573,0,-0.264643902384,0
2026-05-13,0,0.208378766784,0.359555645044,0,0.301941158162,-0.177808564328,0,-0.113345717155,0,0,0,0,-0.350247024713,0.0624138578648,-0.126099798177,-0.232498895626,0.0677105721447
2026-05-14,-0.1655186581,0,0.146758160673,-0.379622014971,0.124852366276,-0.111975421896,0.156498868368,0,0,0.234606725027,-0.172852396983,-0.17003150805,0,0,0,0,0.337283879656
2026-05-15,0.190050635829,0,0.126041962932,0,0.194462205632,-0.145591230925,0,0,-0.113085837087,0,0.341062962754,0,-0.350565054082,0,-0.139487275677,-0.25127060223,0.148382232854
2026-05-18,0,0,0.222033916646,-0.148196999958,0,0.302462259807,0,-0.156112282359,-0.325483710494,-0.265851654549,0,0,0.172848399418,0.181496907212,-0.10435535264,0,0.121158516917
2026-05-19,0.0938929864835,0,-0.0868868491351,0,0.196480430834,0.199534011839,0.249368022946,-0.159439624929,0,-0.147532550527,0,0.260724547898,0,0,-0.303530959298,-0.302610016111,0
2026-05-20,0,0,0.338371709632,-0.234308246954,0,0,0.223796850636,0.113081172629,0.180121599368,-0.191608772467,0,0,0,-0.156019840648,-0.280298087305,-0.137765052625,0.144628667734
2026-05-21,0,0.274526556285,0,0,-0.16208305375,0,0.106337726149,0.375509856007,-0.150568219229,-0.282841435777,0.111030965373,0,0.132594896186,0,-0.180336143666,0,-0.224171147578
2026-05-22,0,0,0,-0.126207889036,0.100954603765,-0.111250996081,-0.177817707461,0,-0.177303076032,-0.157420331391,0.137973530443,0.128359063673,0.148534264875,0,0,0,0.234178537244
2026-05-25,0,0.182994615566,-0.314766095608,0,0,-0.185809543649,-0.181865405993,0,-0.184611140286,0,0,0.192397704458,0.129953309675,0,0.351643465382,0.143010904919,-0.132947814464
2026-05-27,-0.265322433536,0,0,-0.202898064741,-0.116739367991,0,0,0.253728917302,0,0,-0.14828320639,0,0.0951254103547,-0.266756927342,0.369648832641,0.0971855555257,0.184311284176
2026-05-28,-0.22293830236,0,0,0.177893201665,-0.124319450854,0,0.423657076629,0,0,0.11480743468,-0.171942573198,-0.17487083447,0.047438405344,-0.305928839118,0.236203881682,0,0
2026-05-29,0,0.359349704404,0,-0.0632004103195,0.170968853939,-0.128440044079,0.236671932433,0.0994530197139,-0.28756178903,-0.361736220748,0,0,0.133556489511,0,-0.159061535823,0,0
2026-06-01,-0.144238207206,0.124844945378,0.167003046361,0,0,0.0824057926374,-0.106109965482,-0.0704583187494,-0.126835740941,-0.302357767622,0.120586932327,0,0.255159283297,0,0,0,0
2026-06-02,0.116109072172,0,0.379868285242,0.277767799114,0.103307674364,0,0.122947169108,0,0,-0.371602526106,-0.273167021535,-0.0748245114202,0,-0.210746925711,0,-0.0696590152279,0
2026-06-03,0.193638400508,-0.0934831963128,0,0,0.258102696752,-0.074755767084,-0.283319936202,0,-0.191968443067,0.116956241007,0,0,0,-0.356472657334,0,0.13248530244,0.298817359293
2026-06-04,-0.140232086961,0.107568381936,-0.319000494133,0.19028653643,0,0,0.376621103711,0,0.216467868812,0,0,-0.149292286172,0,-0.193642767622,-0.197832365113,0,0.109056109111
2026-06-05,0,-0.0986951312971,0,0.296210427501,0.135294718297,0.162550794373,0.155828265095,0,0.250115794734,-0.162110416019,0,-0.194542604807,0,0,-0.190290770833,-0.354361077043,0
2026-06-08,0,-0.371308353281,0.188589430628,0.182015232806,-0.142313926002,0,0.204124547942,0.218915700615,0.206355088008,0,-0.15324648127,0,0,-0.195890344309,0,-0.137240895139,0
2026-06-09,0,0.226382891587,-0.307304985209,-0.152172317018,0.350952016914,-0.0863509100912,0,0,0.104670580997,0,0,0,0.17845488041,0,0.139539630092,-0.235739666407,-0.218432121275
2026-06-10,0.24148242675,0.21059197161,0,0,0,0,0.166574115458,0,-0.10597971086,0,-0.17463778885,0,0.0610514486088,0.0703000375742,-0.157883531059,-0.180744215307,-0.130754753924
2026-06-11,-0.146292817299,-0.351257921943,0.264227413354,0,-0.214017948307,0,0.355629306684,0.095716855476,0.23545951131,0,0,-0.144967955986,0,0,0.0489669131765,0,-0.143463356464
2026-06-12,0,0.26086312819,-0.252288988686,0.104662206047,0,-0.14430998388,-0.191630055981,0,-0.274596912342,0.284365578904,0,0.195134566242,0,0,0,0.154974520617,-0.137174059111
2026-06-15,0.262577384467,0,-0.220049786805,0,0,-0.136644438598,0,-0.131737704542,-0.169687760092,0,0.121324241683,0.0806055911003,-0.0918803099624,0.160185915325,0,0,0.125306867424
2026-06-16,0,0,0,0.121258426632,-0.146770483482,0,-0.115121541971,-0.126706027946,0.146701694965,0.143842999075,0,-0.147807626475,0.114734443722,0,0.223462435606,0,-0.213594320126
2026-06-17,-0.163090897,0,-0.137543903951,0,-0.13130805501,0.248959387655,0.327431489799,0,-0.369096763351,0.134220422668,0.150539753116,0,0,0,-0.198960380688,0,0.138848946762
2026-06-18,-0.20926202402,0,0,-0.105403064117,0,0.178703750165,0.152795131342,0,-0.162641531132,-0.368772270228,0.224316694987,0,0,0.220230018382,0,0.223954405123,-0.153921110503
2026-06-19,-0.0710470617275,0,-0.204070588578,-0.184490552235,0.0643129505521,0,-0.421982898953,0,0.359775778185,0,0.1275728291,0.177940607691,0.270397834472,-0.118408898506,0,0,0
2026-06-23,0,0.124225556533,-0.194592153683,0,0.198848658336,0,0.191052499754,0.123166754832,0.112706530546,-0.23509127478,0,-0.130416070157,0,-0.0753213233416,0,0,-0.114579178039
2026-06-24,0.324333108827,-0.0544248014913,0,0,0.217468670699,0,-0.0926878559983,-0.199979463018,-0.355221307182,0,0,0.133436851404,0,0.143238964008,-0.29768657231,0,0.181522405062
2026-06-25,-0.0531828646903,0.0241329031322,-0.26021829537,-0.156956507545,0,0.124338126725,0,0,-0.31665911405,0,0.188654472905,0,0.346899508748,0,0,0.31597498849,-0.212983218344
2026-06-26,-0.286406886682,0,0.128779563281,0.162174949749,0.178272320092,-0.217298482022,0,0.298724077518,0.23204908936,0,0,0,-0.125557111171,-0.248933260477,-0.121804259649,0,0
2026-06-29,0.165999042303,0,0,0.154874324539,0.201940689414,-0.130130306045,0.271804810254,-0.291124862322,0,0,0,-0.129344950386,-0.292477188507,0,-0.156922692741,0.20538113349,0
2026-06-30,-0.123058136958,0.260529634036,0,-0.303890059617,0.16478478009,0.181577463577,-0.349351704084,0,-0.0675432364415,0.295871044851,0,0,0.0972370774446,0,0,0,-0.156156862899
2026-07-01,-0.144225985044,-0.204228821948,0,0.193191614939,0,-0.112264881458,0.264740757817,-0.249819325057,0,0.204814900072,0.170447639383,0.166805087789,0,0,-0.289460986493,0,0
2026-07-02,0,0,0.192309632615,0.189419715967,0,-0.201475466147,0.21834571766,0,0.22421319143,0,-0.176692928565,-0.134519647897,-0.358793210595,0.175711742328,0,-0.128518746796,0
2026-07-03,0,0,0.274429364344,0.22332631171,-0.0700420357644,-0.352490633108,0.189996659002,0.135455283002,0.176792381943,0,0,-0.162100974666,-0.323008354266,0,0,-0.0923580021949,0
2026-07-07,0,0.135336332184,0,0,0,-0.156199700469,0.198611591514,0.111913915484,0.274720249006,0,0,0.279417911812,-0.363389499527,0,-0.213747487589,-0.118361702383,-0.148301610033
2026-07-08,0,0.0850270509787,0.251302785589,0,0,0,0,0.357799380799,-0.0384283715523,-0.279847753673,0.116130970223,0,-0.298585305334,0,-0.267548199611,-0.11559036983,0.18973981241
2026-07-09,0,0.0902568564307,-0.150072283534,-0.217733824005,0,0.146883695841,-0.2317491991,0,-0.256549903361,-0.143894790001,0.20843868576,0.145301535909,0,0,0,0.40911922606,0
2026-07-10,0,0,0.186006093654,-0.276904496857,0,-0.183421626567,-0.254103032177,0.159665886369,-0.0763173857191,-0.209253458679,0,0,0,0.389968012748,0,0.143775854883,0.120584152346
2026-07-13,0.203514676295,0,-0.0613230797654,-0.0777527151876,0,-0.183426811691,0,0.13678499908,0.141456831081,0.148784156055,0.119459337489,0,-0.146413097429,0,-0.281084295927,0,0
2026-07-14,0.114332766646,0,0.210303548998,0,0.0883449171214,-0.109089070357,0,-0.098608654741,-0.18679870438,-0.150063823634,0,0.184202199161,-0.205439746888,0,0,0.152816568074,0
2026-07-15,0,-0.234368659071,-0.14381514496,0.0715132076445,-0.114743651613,0,0.102238570863,0,0.278916387642,0.445247814157,-0.123969276638,0.102084019693,-0.383103267718,0,0,0,0
2026-07-16,-0.0890069142036,0,0.125674173959,0,-0.0745547490065,-0.214325224174,0.106214322649,0,0.0901665434576,0.151735683576,-0.180458238964,0,-0.191654873652,0,0,0,0.276209276359
2026-07-17,0,-0.110370528761,0.166155466187,0,-0.0977593765921,0.159603781242,0.0767598080217,0.245249347025,0.102231597525,-0.140066142588,0,-0.24261718047,0,-0.159186771589,0,0,0
2026-07-21,0,-0.273674186042,0.249958049134,0.181777987656,-0.208999040414,0,0.09165311622,-0.209655306313,0.392799049845,0.0838117971454,-0.198856689707,0,0,0,0,-0.108814777523,0
2026-07-22,0,-0.0580974706957,-0.182863658013,0,0,0.244225938788,-0.158040193821,0,-0.220074588592,0.145422337541,0.140351037484,0.120580228462,-0.130924088878,0.0994204577256,0,0,0
2026-07-23,0.140815785442,-0.153728470623,0,0,-0.295993287737,0,0,-0.150476651992,-0.2768098985,0,0.242993305226,0.146533523578,-0.122991691148,0.306591246815,0,0,0.163066138939
2026-07-24,0,-0.128810733979,0,0.162483769339,-0.0373917809008,0.164567719039,-0.018087156644,0.256422929004,0,-0.339259696681,0.0725992094422,0.0939263731765,0,0,0,-0.226450631795,0
2026-07-27,0,0,0,0.319493974588,0.0654114975424,-0.243926402252,0.356340906816,0.138227561329,0,-0.24287489621,-0.160719513059,-0.266849073175,0,0,0,-0.0856301153031,0.120526059724
2026-07-28,0,0,0.071831320992,0,0,-0.0946430609276,0,0.16002514947,0.240479397072,-0.141960871001,-0.150379620657,0,0.0737231421117,-0.199192548228,0.203940990354,0,-0.163823899187
2026-07-29,0.180038850347,-0.140385023379,0.201101623857,0,0.2839680487,-0.127406031032,0,-0.103706931033,-0.372769894969,0,-0.255732119587,0.126872708148,0,0,0.208018768948,0,0
2026-07-30,0.223039108257,0,0,-0.0829149598053,0.17568745023,0,-0.20418255542,-0.240244717425,-0.390570016453,0,0,0.163102534193,-0.082087750896,0.224851843885,0,0.213319063436,0
2026-07-31,-0.132899079506,0,-0.125172772358,0,0.195914527935,0.1555169571,-0.212741455089,-0.068002162422,-0.211184530625,0,0,0.0980418533807,0,0.150260256903,0,0.150266404682,0
2026-08-03,0,0.201160568182,0.0381503900336,-0.19265426781,0,0.275642313412,-0.11044066724,-0.152092382019,-0.093169699293,0.118711882806,0,0.116334845566,0,0,-0.201642983637,0,0
2026-08-04,0.0926312538309,0.0911692219245,-0.143283282378,0,-0.0965903506276,0,-0.235965843894,0,-0.1766547012,0.198743460198,-0.0975058219013,0,0.199138881216,0.16831718283,0,0,0
2026-08-05,0.0822610636532,0.118221265698,-0.140954841006,0,-0.17354498691,0,-0.175553437413,0,0,0,0,0.123632763574,0.275783713623,-0.134545958437,0.150101193452,0,-0.125400776234
2026-08-06,-0.224831546144,-0.180291517377,0,0,0.088049130145,0,0.294251058197,0,0.303625546196,0,-0.244175497628,0.241316610402,0,0,-0.245181042943,0.0727576550603,-0.105520395908
2026-08-07,-0.143274713555,-0.29608334612,0.106157172124,0.274548473123,0,0.195842227234,0,-0.173084529564,0.236075236059,0,0,0.18737689146,0,0,-0.203359518755,0,-0.184197892006
2026-08-10,0.387414233715,-0.133179082312,-0.145447141465,0,0,0,0,-0.261763586413,0.131344065327,-0.260803580837,0.0684401790258,-0.198806608972,0,0,0,0.320641788499,0.0921597334328
2026-08-12,0,-0.411857213884,0,0,0,0,0.354585955878,0,0.162716456709,-0.0400868054181,0.270720909,0.107694603461,0,-0.205558766964,-0.0368611281514,0.104282074952,-0.305636085582
2026-08-13,-0.226699635076,0,-0.075067587081,0,0,0.119005643158,0.18623495098,0.3723039209,0.213083779717,-0.363887791634,0,-0.26327045034,0,0,-0.0710745358685,0.109371705245,0
2026-08-14,0,0.242623013385,0.0779413534871,0.149774035262,0.148395798424,0,-0.113522316585,-0.237474253851,0,0,-0.183872367415,0,0,0,-0.084260207653,-0.130870854497,0.131265799442
2026-08-17,0,0,-0.0976664194329,-0.197580213422,0,-0.052757618169,-0.119783382523,0,-0.282212366453,0.0948890730772,0.0725258552919,0,0.206262484446,0.281747887715,0,0,0.0945746994704
2026-08-18,-0.0285007028653,0.0961700873491,-0.18613832799,-0.139930692821,0,0,0,0,0.198583422183,-0.232600845556,0,0.0950823036239,0.243986219207,0.116177967636,-0.162829430768,0,0
2026-08-19,-0.246598212471,0.357998528747,0,0,0,0,0.120169854996,0.0725940705034,0.322789356891,-0.223776620176,0,-0.119385850651,0,0,0.126448188863,-0.258242629446,-0.151996687255
2026-08-20,-0.18864220677,0.150499509858,-0.106436923591,0,0.324243169127,-0.115426513163,0.132812750472,0,0.163949231968,0,-0.385021941004,0,0.228495338574,0,-0.204472415473,0,0
2026-08-21,-0.117943174313,0,-0.233885861561,0,0,-0.127171712595,0.151605387498,0,-0.140700880393,-0.130298371138,0,0.0852400760388,0,0.291107083005,0.09843737696,0,0.123610076498
2026-08-24,0,-0.123757898831,0,0.0993972614836,0.24808395851,0,0,-0.146839300849,-0.207055651475,0,-0.384396391574,0.089662310314,0,0.304751529243,-0.137950757271,0.258104940449,0
2026-08-25,0,0,0,-0.267564035796,0,0.138328388965,0.120405157084,0,0.183923126053,0,0,-0.0776417043942,-0.0979930201744,0.152682440969,0.154660886929,-0.220139762601,-0.0866614770351
2026-08-26,-0.380364294968,0,0,0,0,0.246590760338,0.0469206626709,0,0,0.101095614426,-0.230455149324,0.450915692219,0.154477270345,-0.140942987501,-0.112847101949,-0.135390466258,0
2026-08-27,0.167880687565,0,-0.187782698492,-0.133888904652,0,-0.109315065622,0,0.116214904332,-0.224361996237,-0.0946513349965,0.155409304733,0,0.205833183147,0.104661920223,0,0,0
2026-08-28,0.103422735983,0,0,0,-0.163723561629,0,0,-0.118948342105,0.235136239343,-0.133354802429,-0.170137969902,0,0.125058531047,0.0879507727762,0.19843172085,0,-0.163835323935
2026-08-31,0.207184852525,0,0,-0.204584329374,0.212962056205,0,0.13008272555,-0.180921886848,-0.241373584364,0,-0.188369319498,0,0.202910390913,0.246859974807,-0.184750879916,0,0
2026-09-01,0.378005429414,0.167075922007,-0.139924779954,-0.109860764381,0,-0.139237160768,0,-0.366067633317,0,-0.244909661579,0,0.138754924587,0.18622888845,0.129934835543,0,0,0
2026-09-02,0.196125900217,0,-0.138475308553,-0.25128294997,0,0.060662114692,-0.114641288541,-0.136975597467,0,0.114774984444,0.247459707655,0,0.130977292993,0,-0.10862485547,0,0
2026-09-03,-0.0981772306606,0,-0.284574895268,0.280603316359,0,-0.263433635071,0.221125813669,-0.196371688652,-0.157442550349,0.198781790402,0,0.0852026307293,0,0,0.214286448841,0,0
2026-09-04,0.112882811779,-0.0998647005084,-0.12155223387,-0.172393467692,0,0,0,0,0.172121802045,-0.114160158854,0,0,-0.242029439076,0,0.132676413901,0.0966987686613,0.235620203614
2026-09-07,-0.150617725968,-0.146987444888,0,0,-0.178950268677,0,0.0936743386029,0.267602953695,0,0,-0.165348224598,-0.108096335869,0.0805909520818,0,0.214775814611,0.0933559410089,0
2026-09-09,0,-0.273909163544,0.0489046016829,0,-0.251556463676,0,0,0,0,0.200770260797,0.241368308941,0,-0.0764038827025,0.0666326476441,-0.0785376481295,-0.0695928419481,0.192324180935
2026-09-10,0,-0.230090672568,0.101475954622,-0.0990551607362,0,0,0.137731353294,0,-0.154646363368,0,-0.15531403397,0.213429269562,0,0.208894386607,0.0884690359158,0,-0.110893769357
2026-09-11,-0.129122306245,-0.315697098458,-0.204691979589,-0.190209516272,0,0.168254451059,0,0,-0.160279099436,0.378140570267,0,0,0.2420806424,0.14959537734,0,0.0619289589334,0
2026-09-14,0.230946928288,-0.211063593018,0,-0.332195594789,0.095613888199,0,0,0,0.158454707384,0.192244353374,0,0,-0.132796497361,0.322740122755,-0.174320801384,-0.149623513448,0
2026-09-15,0.187971149163,0.136922173995,0,-0.246152223982,0.161168026451,0,0,-0.108190498572,0,0.157221432453,0,0.106717217939,-0.0581125530876,0,-0.156596785576,0,-0.180947938782
2026-09-16,-0.127276984596,-0.215758367693,-0.216093546692,-0.228011669778,0.250372899098,0,0.0857439443394,0,-0.212859431242,0,0,0.208561481562,0,0.277344612555,0.177977062445,0,0
2026-09-17,-0.0868912843581,0,-0.185525406355,0,0,0.260312623916,0,0.126169442729,0.158935781362,0.281350235086,-0.330171900191,0,0.173231916906,0,-0.185464762056,0,-0.21194664704
2026-09-18,0,0,-0.270656819884,0,0.369062798525,0,-0.111803172764,-0.324209136119,0,0,0.119397313662,0,-0.152167190414,0.234703126695,0.144639849026,-0.141163680819,0.132196912091
2026-09-24,0.189710469159,0.143396948461,-0.124669872731,0,0.103039517013,0,-0.115292872737,0,-0.158791653951,0,0,0.181530048361,0,0.382323017006,0,-0.249931315241,-0.35131428534
2026-09-25,-0.266910617093,-0.255577281294,-0.239584327805,0,0,0,0.104197923767,0,0.355714383888,0.274651976484,0,0,0.162444657208,0,-0.103857645302,0.102991058653,-0.134070128506
