AR,RISK,R/R,Sharpe,MDD,Total Return
0.9323246139405789,0.27504145205286096,3.3897603687803133,3.3897603687803124,-0.10099311225548757,21448.385326933458
