AR,RISK,R/R,Sharpe,MDD,Total Return
1.4456085490193267,0.285576930739797,5.0620634701634595,5.0620634701634595,-0.04977263859390302,4136699.8354534404
