AR,RISK,R/R,Sharpe,MDD,Total Return
1.4561280965962289,0.2863927844116112,5.084374243533467,5.084374243533467,-0.04735954860097791,4592870.638467738
