AR,RISK,R/R,Sharpe,MDD,Total Return
0.3266862870865319,0.07781820026375963,4.198070451118767,4.198070451118767,-0.04479073245492249,0.05493653323953751
