Date,Price,Open,High,Low,Vol.,Change %
"Sep 24, 2026","2,221.86","2,215.78","2,238.44","2,210.00","","+1.50%"
"Sep 19, 2026","2,189.07","2,201.13","2,189.07","2,189.07","","0.00%"
"Sep 18, 2026","2,189.07","2,201.13","2,206.94","2,174.89","","+0.60%"
"Sep 17, 2026","2,176.00","2,189.18","2,189.18","2,164.05","","+0.54%"
"Sep 16, 2026","2,164.40","2,144.50","2,166.37","2,140.80","","+1.39%"
"Sep 15, 2026","2,134.83","2,108.21","2,154.04","2,102.59","","+0.50%"
"Sep 14, 2026","2,124.27","2,105.89","2,130.89","2,092.87","","-0.26%"
"Sep 11, 2026","2,129.90","2,107.75","2,139.91","2,080.80","","-0.81%"
"Sep 10, 2026","2,147.40","2,153.12","2,158.27","2,118.17","","-1.28%"
"Sep 09, 2026","2,175.21","2,132.77","2,176.10","2,131.29","","+1.81%"
"Sep 08, 2026","2,136.45","2,209.74","2,213.43","2,136.45","","-4.44%"
"Sep 07, 2026","2,235.60","2,210.54","2,238.50","2,210.54","","+2.49%"
"Sep 05, 2026","2,181.32","2,161.00","2,181.32","2,181.32","","0.00%"
"Sep 04, 2026","2,181.32","2,161.00","2,185.25","2,144.15","","+0.55%"
"Sep 03, 2026","2,169.49","2,187.25","2,187.25","2,158.36","","-0.37%"
"Sep 02, 2026","2,177.60","2,235.39","2,236.88","2,170.54","","-4.00%"
"Sep 01, 2026","2,268.27","2,257.91","2,282.42","2,254.45","","+0.23%"
"Aug 31, 2026","2,263.07","2,213.20","2,265.59","2,206.52","","+1.29%"
"Aug 29, 2026","2,234.24","2,257.31","2,234.24","2,234.24","","0.00%"
"Aug 28, 2026","2,234.24","2,257.31","2,273.62","2,230.14","","-1.20%"
"Aug 27, 2026","2,261.49","2,288.18","2,302.17","2,248.79","","+0.18%"
"Aug 26, 2026","2,257.33","2,250.99","2,264.49","2,235.35","","-0.04%"
"Aug 25, 2026","2,258.14","2,251.15","2,259.98","2,229.57","","+0.36%"
"Aug 24, 2026","2,250.10","2,253.47","2,274.06","2,245.73","","-0.73%"
"Aug 21, 2026","2,266.75","2,256.95","2,269.34","2,238.87","","-0.89%"
"Aug 20, 2026","2,287.07","2,273.45","2,287.95","2,255.15","","+1.36%"
"Aug 19, 2026","2,256.29","2,346.28","2,346.35","2,249.64","","-5.40%"
"Aug 18, 2026","2,385.00","2,437.69","2,465.96","2,382.66","","-2.17%"
"Aug 17, 2026","2,437.84","2,426.43","2,442.74","2,413.77","","+0.78%"
"Aug 14, 2026","2,419.07","2,438.85","2,450.20","2,409.28","","-0.33%"
"Aug 13, 2026","2,427.17","2,410.70","2,438.30","2,408.41","","+1.86%"
"Aug 12, 2026","2,382.90","2,368.28","2,390.51","2,356.14","","+0.73%"
"Aug 10, 2026","2,365.69","2,358.65","2,382.48","2,348.85","","+0.75%"
"Aug 07, 2026","2,348.03","2,384.61","2,389.96","2,312.09","","-1.01%"
"Aug 06, 2026","2,372.05","2,398.89","2,417.69","2,364.58","","-2.09%"
"Aug 05, 2026","2,422.66","2,353.11","2,424.09","2,353.11","","+4.64%"
"Aug 04, 2026","2,315.26","2,310.96","2,342.82","2,295.74","","+0.85%"
"Aug 03, 2026","2,295.75","2,322.01","2,324.43","2,246.68","","-1.56%"
"Jul 31, 2026","2,332.13","2,276.37","2,371.16","2,275.93","","+4.01%"
"Jul 30, 2026","2,242.25","2,239.19","2,292.95","2,213.45","","-0.25%"
"Jul 29, 2026","2,247.86","2,320.26","2,325.97","2,201.67","","-2.52%"
"Jul 28, 2026","2,306.03","2,398.08","2,398.32","2,294.37","","-5.19%"
"Jul 27, 2026","2,432.35","2,435.75","2,437.53","2,381.59","","+0.60%"
"Jul 24, 2026","2,417.85","2,433.23","2,444.08","2,391.89","","-1.94%"
"Jul 23, 2026","2,465.80","2,476.91","2,499.33","2,453.52","","+0.09%"
"Jul 22, 2026","2,463.65","2,464.03","2,513.31","2,458.01","","+1.41%"
"Jul 21, 2026","2,429.29","2,391.35","2,429.29","2,365.60","","+2.28%"
"Jul 18, 2026","2,375.11","2,472.06","2,375.11","2,375.11","","0.00%"
"Jul 17, 2026","2,375.11","2,472.06","2,472.73","2,313.63","","-5.05%"
"Jul 16, 2026","2,501.47","2,544.00","2,546.89","2,495.40","","-3.09%"
"Jul 15, 2026","2,581.29","2,554.14","2,581.29","2,532.59","","+2.18%"
"Jul 14, 2026","2,526.11","2,513.50","2,536.00","2,466.40","","-0.07%"
"Jul 13, 2026","2,527.90","2,606.42","2,623.85","2,512.24","","-2.53%"
"Jul 10, 2026","2,593.58","2,627.72","2,637.13","2,589.37","","-0.22%"
"Jul 09, 2026","2,599.39","2,595.52","2,622.90","2,580.16","","+0.96%"
"Jul 08, 2026","2,574.62","2,600.78","2,656.03","2,574.62","","-2.69%"
"Jul 07, 2026","2,645.79","2,719.04","2,739.75","2,631.94","","-2.88%"
"Jul 06, 2026","2,724.35","2,777.09","2,781.02","2,691.48","","-1.63%"
"Jul 03, 2026","2,769.53","2,709.63","2,769.53","2,657.51","","+1.51%"
"Jul 02, 2026","2,728.35","2,750.34","2,774.58","2,704.77","","-1.45%"
"Jul 01, 2026","2,768.53","2,817.31","2,817.31","2,759.60","","-0.38%"
"Jun 30, 2026","2,779.04","2,790.95","2,804.76","2,741.13","","+0.19%"
"Jun 29, 2026","2,773.68","2,764.20","2,773.68","2,688.51","","-0.23%"
"Jun 26, 2026","2,780.12","2,827.46","2,838.85","2,749.22","","-2.13%"
"Jun 25, 2026","2,840.76","2,829.57","2,854.95","2,808.48","","+2.39%"
"Jun 24, 2026","2,774.50","2,769.57","2,814.01","2,741.67","","-0.52%"
"Jun 23, 2026","2,789.05","2,896.16","2,899.73","2,789.05","","-3.27%"
"Jun 22, 2026","2,883.26","2,823.29","2,901.49","2,821.46","","+2.66%"
"Jun 19, 2026","2,808.65","2,830.75","2,850.04","2,795.84","","+0.52%"
"Jun 18, 2026","2,794.00","2,770.96","2,821.59","2,770.96","","+0.63%"
"Jun 17, 2026","2,776.37","2,713.21","2,776.37","2,709.76","","+2.26%"
"Jun 16, 2026","2,715.13","2,708.66","2,743.55","2,694.41","","+0.71%"
"Jun 15, 2026","2,695.99","2,620.37","2,700.17","2,620.20","","+4.67%"
"Jun 12, 2026","2,575.77","2,567.02","2,630.10","2,564.61","","+1.96%"
"Jun 11, 2026","2,526.25","2,479.61","2,527.25","2,405.90","","+0.19%"
"Jun 10, 2026","2,521.51","2,566.74","2,591.44","2,506.95","","-3.01%"
"Jun 09, 2026","2,599.64","2,601.19","2,605.47","2,545.05","","+1.22%"
"Jun 08, 2026","2,568.20","2,654.01","2,654.55","2,528.52","","-5.18%"
"Jun 05, 2026","2,708.52","2,717.01","2,717.96","2,657.73","","-0.59%"
"Jun 04, 2026","2,724.61","2,724.63","2,732.87","2,661.07","","-0.66%"
"Jun 03, 2026","2,742.73","2,666.92","2,760.30","2,648.23","","+4.32%"
"Jun 02, 2026","2,629.13","2,651.46","2,651.46","2,574.57","","-1.97%"
"Jun 01, 2026","2,681.84","2,628.40","2,712.27","2,617.75","","+1.11%"
"May 29, 2026","2,652.32","2,607.13","2,674.22","2,601.27","","+2.29%"
"May 28, 2026","2,592.83","2,576.10","2,602.76","2,540.95","","-0.29%"
"May 27, 2026","2,600.46","2,642.43","2,673.96","2,596.85","","-0.70%"
"May 26, 2026","2,618.80","2,610.98","2,641.18","2,593.98","","+0.21%"
"May 25, 2026","2,613.30","2,548.21","2,620.53","2,535.75","","+3.38%"
"May 23, 2026","2,527.83","2,463.96","2,527.83","2,527.83","","0.00%"
"May 22, 2026","2,527.83","2,463.96","2,545.85","2,463.11","","+3.60%"
"May 21, 2026","2,439.93","2,403.87","2,455.41","2,400.66","","+3.01%"
"May 20, 2026","2,368.55","2,397.35","2,402.43","2,345.24","","-1.94%"
"May 19, 2026","2,415.47","2,445.31","2,454.37","2,395.41","","-1.00%"
"May 18, 2026","2,439.97","2,481.21","2,481.21","2,415.75","","-1.61%"
"May 15, 2026","2,479.84","2,541.23","2,576.08","2,456.94","","-2.66%"
"May 14, 2026","2,547.72","2,538.93","2,586.48","2,538.93","","+1.58%"
"May 13, 2026","2,508.12","2,440.84","2,509.09","2,432.44","","+1.63%"
"May 12, 2026","2,467.80","2,432.51","2,498.94","2,432.51","","+2.65%"
"May 11, 2026","2,404.08","2,398.09","2,415.11","2,386.40","","+1.23%"
"May 08, 2026","2,374.96","2,362.16","2,379.63","2,327.53","","+0.09%"
"May 07, 2026","2,372.72","2,312.43","2,387.95","2,312.43","","+4.18%"
"May 01, 2026","2,277.44","2,271.49","2,295.24","2,250.44","","-0.19%"
"Apr 30, 2026","2,281.86","2,259.90","2,289.07","2,247.72","","+0.03%"
"Apr 28, 2026","2,281.24","2,266.46","2,283.04","2,260.27","","+1.44%"
"Apr 27, 2026","2,248.96","2,232.67","2,262.17","2,215.19","","+0.91%"
"Apr 24, 2026","2,228.65","2,217.43","2,233.82","2,211.86","","+1.22%"
"Apr 23, 2026","2,201.78","2,232.41","2,239.88","2,180.13","","-1.70%"
"Apr 22, 2026","2,239.76","2,251.43","2,252.78","2,229.35","","-1.02%"
"Apr 21, 2026","2,262.82","2,245.85","2,278.65","2,245.85","","+1.35%"
"Apr 20, 2026","2,232.60","2,241.87","2,254.00","2,229.83","","+0.28%"
"Apr 17, 2026","2,226.42","2,222.67","2,235.57","2,216.93","","-0.27%"
"Apr 16, 2026","2,232.41","2,199.98","2,236.03","2,197.11","","+1.70%"
"Apr 15, 2026","2,195.09","2,253.74","2,263.27","2,189.91","","-1.68%"
"Apr 14, 2026","2,232.64","2,236.15","2,260.34","2,227.01","","+1.21%"
"Apr 13, 2026","2,206.02","2,208.72","2,234.04","2,195.50","","-0.72%"
"Apr 10, 2026","2,222.05","2,199.44","2,226.85","2,199.44","","+1.65%"
"Apr 09, 2026","2,185.94","2,186.24","2,202.85","2,172.42","","+0.13%"
"Apr 08, 2026","2,183.08","2,087.52","2,184.45","2,087.50","","+6.50%"
"Apr 07, 2026","2,049.83","2,043.60","2,059.63","2,035.15","","+0.91%"
"Apr 06, 2026","2,031.29","2,028.29","2,052.54","2,025.85","","+0.21%"
"Apr 03, 2026","2,027.10","2,022.06","2,040.76","2,019.02","","+1.04%"
"Apr 02, 2026","2,006.19","2,067.95","2,080.87","2,003.22","","-2.21%"
"Apr 01, 2026","2,051.56","1,993.38","2,051.56","1,993.11","","+4.89%"
"Mar 31, 2026","1,955.99","1,949.81","1,987.11","1,929.93","","-1.16%"
"Mar 30, 2026","1,978.97","2,009.28","2,009.31","1,936.03","","-4.05%"
"Mar 27, 2026","2,062.55","2,057.33","2,070.01","2,027.83","","-0.86%"
"Mar 26, 2026","2,080.49","2,100.82","2,111.85","2,058.49","","-0.89%"
"Mar 25, 2026","2,099.10","2,043.30","2,102.53","2,043.04","","+4.63%"
"Mar 24, 2026","2,006.28","1,974.66","2,016.32","1,974.32","","+3.56%"
"Mar 23, 2026","1,937.30","1,982.54","1,985.58","1,917.61","","-4.32%"
"Mar 19, 2026","2,024.80","2,080.96","2,080.96","2,018.17","","-4.29%"
"Mar 18, 2026","2,115.64","2,071.65","2,115.64","2,067.91","","+3.00%"
"Mar 17, 2026","2,053.99","2,094.13","2,102.68","2,051.78","","-0.53%"
"Mar 16, 2026","2,064.98","2,074.42","2,089.93","2,046.55","","-1.27%"
"Mar 13, 2026","2,091.58","2,070.76","2,099.76","2,067.51","","-0.40%"
"Mar 12, 2026","2,099.99","2,119.10","2,122.07","2,085.17","","-2.22%"
"Mar 11, 2026","2,147.58","2,129.03","2,168.19","2,126.49","","+2.52%"
"Mar 10, 2026","2,094.87","2,061.97","2,117.63","2,061.28","","+3.43%"
"Mar 09, 2026","2,025.44","2,122.07","2,122.07","1,966.88","","-6.27%"
"Mar 06, 2026","2,160.86","2,132.60","2,164.46","2,109.57","","+0.26%"
"Mar 05, 2026","2,155.23","2,132.14","2,195.44","2,126.11","","+2.90%"
"Mar 04, 2026","2,094.55","2,185.93","2,185.93","2,065.32","","-5.79%"
"Mar 03, 2026","2,223.16","2,295.21","2,327.15","2,217.61","","-3.97%"
"Mar 02, 2026","2,315.00","2,286.88","2,315.00","2,245.58","","-0.36%"
"Feb 27, 2026","2,323.31","2,275.62","2,323.31","2,265.72","","+1.91%"
"Feb 26, 2026","2,279.70","2,306.24","2,312.03","2,269.38","","-1.02%"
"Feb 25, 2026","2,303.11","2,293.80","2,326.67","2,287.44","","+1.11%"
"Feb 24, 2026","2,277.73","2,209.73","2,293.24","2,207.92","","+3.83%"
"Feb 21, 2026","2,193.75","2,185.78","2,193.75","2,193.75","","0.00%"
"Feb 20, 2026","2,193.75","2,185.78","2,197.32","2,180.85","","-0.61%"
"Feb 19, 2026","2,207.27","2,191.15","2,212.87","2,180.39","","+0.93%"
"Feb 18, 2026","2,186.88","2,155.60","2,206.39","2,155.60","","+2.01%"
"Feb 17, 2026","2,143.79","2,118.88","2,150.71","2,107.64","","+1.35%"
"Feb 16, 2026","2,115.31","2,108.44","2,121.50","2,099.46","","+0.93%"
"Feb 13, 2026","2,095.90","2,112.53","2,116.70","2,086.25","","-0.93%"
"Feb 12, 2026","2,115.64","2,085.30","2,116.59","2,085.30","","+1.96%"
"Feb 10, 2026","2,075.05","2,067.86","2,084.95","2,062.32","","+0.38%"
"Feb 09, 2026","2,067.17","2,060.29","2,079.98","2,057.56","","+1.75%"
"Feb 07, 2026","2,031.52","2,012.01","2,031.52","2,031.52","","0.00%"
"Feb 06, 2026","2,031.52","2,012.01","2,031.96","1,992.03","","+0.23%"
"Feb 05, 2026","2,026.88","2,033.45","2,047.99","2,011.93","","+0.04%"
"Feb 04, 2026","2,026.15","1,990.60","2,030.34","1,986.47","","+2.02%"
"Feb 03, 2026","1,985.95","1,929.87","1,985.95","1,929.43","","+4.12%"
"Feb 02, 2026","1,907.43","1,944.42","1,970.38","1,905.11","","-1.42%"
"Jan 30, 2026","1,934.88","1,935.95","1,945.82","1,924.30","","-0.20%"
"Jan 29, 2026","1,938.84","1,947.07","1,951.78","1,925.07","","-0.59%"
"Jan 28, 2026","1,950.26","1,956.57","1,968.55","1,950.26","","-1.03%"
"Jan 27, 2026","1,970.63","1,946.73","1,972.11","1,941.58","","+0.96%"
"Jan 26, 2026","1,951.93","1,970.47","1,975.11","1,945.65","","-2.40%"
"Jan 23, 2026","1,999.95","2,000.17","2,006.32","1,986.87","","+0.21%"
"Jan 22, 2026","1,995.85","1,955.76","2,001.45","1,954.68","","+2.86%"
"Jan 21, 2026","1,940.31","1,911.67","1,941.33","1,902.27","","-0.01%"
"Jan 20, 2026","1,940.47","1,943.23","1,949.17","1,927.59","","-0.86%"
"Jan 19, 2026","1,957.28","1,931.55","1,958.53","1,919.27","","+0.80%"
"Jan 16, 2026","1,941.77","1,908.38","1,945.73","1,907.56","","+1.60%"
"Jan 15, 2026","1,911.28","1,885.74","1,914.08","1,885.74","","+1.01%"
"Jan 14, 2026","1,892.16","1,870.91","1,898.58","1,870.91","","+1.79%"
"Jan 13, 2026","1,858.81","1,853.88","1,869.81","1,849.49","","+1.84%"
"Jan 09, 2026","1,825.20","1,823.79","1,828.85","1,809.11","","+0.02%"
"Jan 08, 2026","1,824.81","1,824.86","1,834.56","1,812.15","","-0.05%"
"Jan 07, 2026","1,825.67","1,801.47","1,832.17","1,798.52","","+0.80%"
"Jan 06, 2026","1,811.19","1,810.04","1,820.18","1,801.42","","+0.87%"
"Jan 05, 2026","1,795.48","1,790.86","1,801.28","1,789.11","","+1.37%"
"Dec 30, 2025","1,771.25","1,776.88","1,784.71","1,771.25","","-0.77%"
"Dec 29, 2025","1,784.98","1,778.93","1,789.01","1,776.53","","+0.44%"
"Dec 26, 2025","1,777.14","1,791.77","1,792.82","1,773.52","","-0.58%"
"Dec 25, 2025","1,787.43","1,786.25","1,790.33","1,778.78","","+0.60%"
"Dec 24, 2025","1,776.73","1,779.85","1,789.32","1,776.73","","+0.04%"
"Dec 23, 2025","1,776.05","1,772.72","1,776.40","1,768.11","","+0.23%"
"Dec 22, 2025","1,771.96","1,766.61","1,775.71","1,760.66","","+1.26%"
"Dec 19, 2025","1,749.99","1,744.00","1,752.20","1,736.74","","+0.85%"
"Dec 18, 2025","1,735.21","1,735.02","1,738.57","1,725.36","","-0.28%"
"Dec 17, 2025","1,740.04","1,739.12","1,744.43","1,723.69","","+0.03%"
"Dec 16, 2025","1,739.48","1,770.38","1,772.53","1,737.87","","-2.03%"
"Dec 15, 2025","1,775.54","1,772.71","1,779.65","1,764.16","","-0.34%"
"Dec 12, 2025","1,781.60","1,773.81","1,781.98","1,767.59","","+1.20%"
"Dec 11, 2025","1,760.45","1,791.46","1,791.57","1,756.83","","-1.19%"
"Dec 10, 2025","1,781.70","1,772.69","1,788.78","1,767.94","","+0.79%"
"Dec 09, 2025","1,767.68","1,771.29","1,776.18","1,759.47","","+0.03%"
"Dec 08, 2025","1,767.23","1,753.43","1,768.89","1,746.53","","+0.99%"
"Dec 05, 2025","1,749.82","1,756.40","1,759.33","1,743.46","","-0.95%"
"Dec 04, 2025","1,766.58","1,755.20","1,772.74","1,755.20","","+0.76%"
"Dec 03, 2025","1,753.26","1,764.67","1,781.55","1,753.26","","-0.77%"
"Dec 02, 2025","1,766.88","1,759.32","1,773.91","1,757.47","","+0.85%"
"Dec 01, 2025","1,751.93","1,770.03","1,771.36","1,746.66","","-0.89%"
"Nov 30, 2025","1,767.60","1,754.15","1,767.60","1,767.60","","0.00%"
"Nov 28, 2025","1,767.60","1,754.15","1,771.58","1,751.16","","+0.84%"
"Nov 27, 2025","1,752.87","1,745.57","1,755.06","1,745.57","","+0.99%"
"Nov 26, 2025","1,735.77","1,729.01","1,745.94","1,724.03","","+0.98%"
"Nov 25, 2025","1,718.96","1,727.12","1,735.07","1,710.64","","+0.72%"
"Nov 21, 2025","1,706.62","1,696.89","1,711.60","1,688.42","","-0.27%"
"Nov 20, 2025","1,711.26","1,699.26","1,733.66","1,699.26","","+2.02%"
"Nov 19, 2025","1,677.39","1,690.26","1,698.37","1,669.43","","-0.82%"
"Nov 18, 2025","1,691.19","1,719.32","1,723.88","1,690.70","","-2.00%"
"Nov 17, 2025","1,725.68","1,723.09","1,731.79","1,712.82","","+0.26%"
"Nov 14, 2025","1,721.13","1,726.67","1,729.75","1,714.54","","-1.26%"
"Nov 13, 2025","1,743.18","1,729.04","1,746.42","1,728.44","","+1.30%"
"Nov 12, 2025","1,720.77","1,701.12","1,721.84","1,699.42","","+1.54%"
"Nov 11, 2025","1,694.61","1,704.59","1,717.26","1,687.87","","-0.24%"
"Nov 10, 2025","1,698.65","1,683.75","1,700.92","1,683.06","","+1.74%"
"Nov 07, 2025","1,669.63","1,657.29","1,669.63","1,649.53","","+0.47%"
"Nov 06, 2025","1,661.80","1,653.37","1,678.93","1,650.42","","+0.79%"
"Nov 05, 2025","1,648.73","1,648.96","1,654.63","1,593.38","","-0.53%"
"Nov 04, 2025","1,657.50","1,631.63","1,672.98","1,630.25","","+1.78%"
"Oct 31, 2025","1,628.49","1,622.85","1,630.44","1,616.70","","+0.76%"
"Oct 30, 2025","1,616.18","1,602.75","1,619.75","1,602.09","","+0.85%"
"Oct 29, 2025","1,602.53","1,615.99","1,621.29","1,601.45","","-0.38%"
"Oct 28, 2025","1,608.69","1,642.78","1,642.78","1,607.36","","-2.62%"
"Oct 27, 2025","1,651.98","1,641.02","1,652.58","1,638.82","","+1.59%"
"Oct 24, 2025","1,626.07","1,608.33","1,626.07","1,606.98","","+1.65%"
"Oct 23, 2025","1,599.64","1,596.62","1,602.97","1,590.38","","-0.07%"
"Oct 22, 2025","1,600.77","1,587.52","1,605.02","1,586.81","","+1.42%"
"Oct 21, 2025","1,578.40","1,585.16","1,590.31","1,575.98","","+0.39%"
"Oct 20, 2025","1,572.28","1,568.29","1,578.59","1,561.97","","+1.52%"
"Oct 17, 2025","1,548.80","1,552.04","1,555.78","1,545.34","","-0.78%"
"Oct 16, 2025","1,560.95","1,570.02","1,576.66","1,558.56","","+0.05%"
"Oct 15, 2025","1,560.14","1,548.27","1,562.57","1,548.27","","+1.64%"
"Oct 14, 2025","1,534.93","1,552.51","1,565.86","1,529.46","","-2.77%"
"Oct 10, 2025","1,578.61","1,591.53","1,593.50","1,576.92","","-1.80%"
"Oct 09, 2025","1,607.52","1,592.12","1,607.52","1,592.12","","+1.46%"
"Oct 08, 2025","1,584.33","1,588.26","1,591.26","1,584.11","","-0.40%"
"Oct 07, 2025","1,590.68","1,591.07","1,601.29","1,587.96","","+0.84%"
"Oct 06, 2025","1,577.49","1,571.53","1,589.29","1,570.56","","+2.06%"
"Oct 03, 2025","1,545.69","1,533.06","1,545.69","1,530.44","","+1.05%"
"Oct 02, 2025","1,529.62","1,524.47","1,534.90","1,518.12","","+0.55%"
"Oct 01, 2025","1,521.20","1,533.74","1,533.74","1,514.77","","-1.54%"
"Sep 30, 2025","1,545.01","1,552.55","1,553.19","1,539.88","","-0.28%"
"Sep 29, 2025","1,549.36","1,564.08","1,564.17","1,548.26","","-1.54%"
"Sep 26, 2025","1,573.61","1,571.17","1,577.34","1,567.28","","+0.19%"
"Sep 25, 2025","1,570.67","1,566.81","1,573.09","1,560.93","","+0.71%"
"Sep 24, 2025","1,559.61","1,574.33","1,574.47","1,553.70","","-1.17%"
"Sep 22, 2025","1,578.09","1,578.74","1,586.88","1,577.57","","+0.24%"
"Sep 19, 2025","1,574.26","1,588.60","1,594.28","1,567.94","","-0.32%"
"Sep 18, 2025","1,579.24","1,578.85","1,580.75","1,568.85","","+0.29%"
"Sep 17, 2025","1,574.60","1,579.80","1,579.83","1,569.28","","-0.64%"
"Sep 16, 2025","1,584.82","1,572.11","1,588.03","1,570.97","","+0.84%"
"Sep 12, 2025","1,571.62","1,579.39","1,581.36","1,570.10","","+0.17%"
"Sep 11, 2025","1,568.98","1,565.69","1,575.00","1,560.50","","+0.19%"
"Sep 10, 2025","1,566.05","1,564.67","1,571.66","1,561.46","","-0.18%"
"Sep 09, 2025","1,568.84","1,567.68","1,580.29","1,563.99","","+0.11%"
"Sep 08, 2025","1,567.07","1,560.86","1,567.07","1,551.73","","+0.80%"
"Sep 05, 2025","1,554.58","1,542.12","1,555.68","1,541.40","","+1.48%"
"Sep 04, 2025","1,531.85","1,513.35","1,533.30","1,512.58","","+1.01%"
"Sep 03, 2025","1,516.52","1,520.24","1,527.59","1,513.67","","-0.63%"
"Sep 02, 2025","1,526.17","1,508.07","1,533.05","1,508.07","","+1.66%"
"Sep 01, 2025","1,501.22","1,494.92","1,502.38","1,489.03","","+0.15%"
"Aug 29, 2025","1,498.97","1,502.59","1,505.24","1,498.97","","-0.10%"
"Aug 28, 2025","1,500.50","1,493.90","1,500.59","1,491.78","","+0.43%"
"Aug 27, 2025","1,494.10","1,492.94","1,497.90","1,490.32","","-0.18%"
"Aug 26, 2025","1,496.79","1,499.54","1,500.31","1,488.45","","-0.34%"
"Aug 25, 2025","1,501.96","1,497.75","1,505.92","1,495.87","","+1.01%"
"Aug 22, 2025","1,487.01","1,484.06","1,488.78","1,476.40","","+0.24%"
"Aug 21, 2025","1,483.40","1,485.35","1,488.56","1,481.15","","-0.38%"
"Aug 20, 2025","1,488.99","1,499.39","1,501.01","1,484.73","","-0.76%"
"Aug 19, 2025","1,500.39","1,497.20","1,503.98","1,493.38","","-0.08%"
"Aug 18, 2025","1,501.58","1,496.23","1,504.56","1,495.15","","+0.69%"
"Aug 15, 2025","1,491.35","1,481.08","1,492.88","1,478.54","","+0.55%"
"Aug 14, 2025","1,483.16","1,501.71","1,501.71","1,481.73","","-1.84%"
"Aug 13, 2025","1,510.95","1,498.80","1,516.79","1,498.80","","+1.14%"
"Aug 12, 2025","1,493.90","1,489.04","1,498.05","1,488.06","","+0.68%"
"Aug 08, 2025","1,483.76","1,474.74","1,484.76","1,472.21","","+0.37%"
"Aug 07, 2025","1,478.29","1,466.28","1,481.63","1,465.94","","+0.72%"
"Aug 06, 2025","1,467.71","1,458.78","1,472.61","1,458.78","","+0.80%"
"Aug 05, 2025","1,456.11","1,444.93","1,463.09","1,442.62","","+0.91%"
"Aug 04, 2025","1,443.00","1,429.59","1,443.64","1,424.18","","-0.71%"
"Aug 01, 2025","1,453.38","1,461.77","1,464.07","1,446.45","","-1.02%"
"Jul 31, 2025","1,468.31","1,453.21","1,470.06","1,451.75","","+1.57%"
"Jul 30, 2025","1,445.56","1,442.27","1,446.11","1,439.41","","+0.26%"
"Jul 29, 2025","1,441.77","1,442.98","1,444.42","1,434.02","","-0.56%"
"Jul 28, 2025","1,449.85","1,445.25","1,453.97","1,442.55","","+0.36%"
"Jul 25, 2025","1,444.70","1,450.92","1,452.48","1,441.35","","-0.97%"
"Jul 24, 2025","1,458.80","1,451.63","1,465.52","1,450.12","","+0.84%"
"Jul 23, 2025","1,446.63","1,425.09","1,451.19","1,422.35","","+2.84%"
"Jul 22, 2025","1,406.64","1,410.34","1,418.35","1,399.87","","-0.13%"
"Jul 18, 2025","1,408.50","1,411.13","1,415.76","1,407.22","","+0.03%"
"Jul 17, 2025","1,408.03","1,394.66","1,408.03","1,393.56","","+0.71%"
"Jul 16, 2025","1,398.08","1,407.51","1,411.51","1,397.70","","-0.45%"
"Jul 15, 2025","1,404.45","1,404.90","1,407.67","1,400.56","","-0.15%"
"Jul 14, 2025","1,406.56","1,401.95","1,411.89","1,399.17","","+0.12%"
"Jul 11, 2025","1,404.90","1,405.58","1,410.19","1,401.58","","+0.71%"
"Jul 10, 2025","1,395.02","1,393.58","1,396.25","1,390.45","","-0.11%"
"Jul 09, 2025","1,396.53","1,390.52","1,403.33","1,389.99","","+1.11%"
"Jul 08, 2025","1,381.14","1,363.29","1,382.97","1,362.95","","+1.51%"
"Jul 07, 2025","1,360.65","1,368.08","1,368.08","1,360.27","","-0.72%"
"Jul 04, 2025","1,370.58","1,378.85","1,380.33","1,367.17","","-0.59%"
"Jul 03, 2025","1,378.77","1,370.34","1,379.90","1,367.65","","+0.81%"
"Jul 02, 2025","1,367.65","1,353.93","1,373.67","1,353.10","","+0.45%"
"Jul 01, 2025","1,361.49","1,361.91","1,366.36","1,358.92","","-0.17%"
"Jun 30, 2025","1,363.79","1,374.94","1,376.85","1,363.32","","+0.11%"
"Jun 27, 2025","1,362.32","1,356.10","1,364.54","1,356.10","","+0.64%"
"Jun 26, 2025","1,353.64","1,340.84","1,356.34","1,340.84","","+1.22%"
"Jun 25, 2025","1,337.30","1,334.92","1,341.18","1,331.94","","+0.41%"
"Jun 24, 2025","1,331.89","1,341.01","1,343.35","1,330.43","","+0.31%"
"Jun 23, 2025","1,327.76","1,331.53","1,332.04","1,323.42","","-0.45%"
"Jun 20, 2025","1,333.80","1,339.11","1,344.48","1,333.80","","-0.60%"
"Jun 19, 2025","1,341.80","1,353.85","1,353.92","1,341.00","","-0.72%"
"Jun 18, 2025","1,351.53","1,337.93","1,353.50","1,337.73","","+0.88%"
"Jun 17, 2025","1,339.77","1,327.61","1,340.91","1,327.61","","+1.22%"
"Jun 16, 2025","1,323.60","1,326.78","1,328.76","1,319.98","","+0.55%"
"Jun 14, 2025","1,316.30","1,325.87","1,316.30","1,316.30","","0.00%"
"Jun 13, 2025","1,316.30","1,325.87","1,326.39","1,316.30","","-0.82%"
"Jun 12, 2025","1,327.16","1,335.02","1,339.64","1,323.85","","-0.90%"
"Jun 11, 2025","1,339.28","1,333.57","1,343.14","1,332.43","","+0.81%"
"Jun 10, 2025","1,328.46","1,328.30","1,339.37","1,328.30","","+0.57%"
"Jun 09, 2025","1,320.92","1,322.57","1,326.16","1,319.58","","+0.66%"
"Jun 06, 2025","1,312.32","1,316.10","1,318.35","1,312.19","","-0.09%"
"Jun 05, 2025","1,313.53","1,313.35","1,318.65","1,313.11","","-0.52%"
"Jun 04, 2025","1,320.36","1,323.37","1,328.02","1,319.98","","+0.26%"
"Jun 03, 2025","1,316.94","1,319.60","1,327.36","1,312.72","","-0.16%"
"Jun 02, 2025","1,319.10","1,328.01","1,328.04","1,317.33","","-1.19%"
"May 30, 2025","1,334.98","1,324.24","1,340.34","1,323.83","","+0.03%"
"May 29, 2025","1,334.57","1,320.17","1,335.41","1,320.17","","+1.48%"
"May 28, 2025","1,315.14","1,323.66","1,324.41","1,315.14","","+0.35%"
"May 27, 2025","1,310.54","1,305.25","1,316.09","1,303.44","","+0.68%"
"May 26, 2025","1,301.73","1,295.70","1,303.47","1,294.55","","+0.40%"
"May 23, 2025","1,296.53","1,294.84","1,303.47","1,294.84","","+0.35%"
"May 22, 2025","1,292.03","1,291.14","1,295.70","1,287.55","","-0.79%"
"May 21, 2025","1,302.32","1,314.80","1,318.13","1,301.70","","-0.56%"
"May 20, 2025","1,309.64","1,323.95","1,326.50","1,307.31","","-0.84%"
"May 19, 2025","1,320.77","1,318.85","1,326.75","1,318.64","","-0.33%"
"May 16, 2025","1,325.19","1,327.68","1,329.36","1,315.00","","-0.38%"
"May 15, 2025","1,330.27","1,331.37","1,336.82","1,324.72","","-0.79%"
"May 14, 2025","1,340.90","1,354.15","1,354.15","1,332.99","","-0.85%"
"May 13, 2025","1,352.45","1,359.34","1,368.61","1,348.55","","+0.60%"
"May 12, 2025","1,344.41","1,353.31","1,354.52","1,337.31","","+0.41%"
"May 09, 2025","1,338.95","1,335.74","1,344.93","1,332.31","","+1.15%"
"May 08, 2025","1,323.78","1,321.74","1,325.78","1,310.03","","+0.09%"
"May 07, 2025","1,322.58","1,326.52","1,329.11","1,318.94","","-0.32%"
"May 02, 2025","1,326.89","1,323.63","1,336.15","1,322.50","","+0.17%"
"May 01, 2025","1,324.59","1,302.33","1,330.18","1,298.33","","+2.03%"
"Apr 30, 2025","1,298.26","1,294.25","1,302.04","1,290.75","","+0.68%"
"Apr 28, 2025","1,289.44","1,290.16","1,293.01","1,282.14","","+0.64%"
"Apr 25, 2025","1,281.26","1,268.12","1,285.05","1,267.33","","+1.91%"
"Apr 24, 2025","1,257.28","1,263.17","1,268.29","1,254.43","","+0.53%"
"Apr 23, 2025","1,250.64","1,251.33","1,256.70","1,248.15","","+1.69%"
"Apr 22, 2025","1,229.82","1,217.39","1,229.82","1,217.39","","+0.72%"
"Apr 21, 2025","1,220.98","1,232.08","1,232.42","1,215.89","","-1.13%"
"Apr 18, 2025","1,234.94","1,232.33","1,236.61","1,229.76","","+0.39%"
"Apr 17, 2025","1,230.12","1,216.55","1,230.12","1,215.90","","+0.60%"
"Apr 16, 2025","1,222.80","1,234.33","1,236.99","1,215.83","","-1.09%"
"Apr 15, 2025","1,236.24","1,240.74","1,244.71","1,236.24","","+0.24%"
"Apr 14, 2025","1,233.31","1,233.53","1,242.21","1,231.94","","+1.01%"
"Apr 11, 2025","1,221.03","1,217.71","1,226.11","1,182.50","","-1.57%"
"Apr 10, 2025","1,240.54","1,171.25","1,243.87","1,171.25","","+8.03%"
"Apr 09, 2025","1,148.29","1,168.49","1,168.49","1,132.59","","-3.28%"
"Apr 08, 2025","1,187.29","1,155.09","1,201.15","1,154.72","","+4.83%"
"Apr 07, 2025","1,132.59","1,207.96","1,207.96","1,111.56","","-7.99%"
"Apr 04, 2025","1,230.98","1,261.85","1,262.29","1,207.80","","-4.03%"
"Apr 03, 2025","1,282.62","1,289.85","1,289.94","1,262.79","","-2.34%"
"Apr 02, 2025","1,313.38","1,324.97","1,325.17","1,311.13","","-0.59%"
"Apr 01, 2025","1,321.15","1,329.17","1,336.77","1,319.26","","-0.03%"
"Mar 31, 2025","1,321.59","1,340.29","1,340.29","1,314.00","","-2.97%"
"Mar 28, 2025","1,362.05","1,367.68","1,371.85","1,355.11","","-2.04%"
"Mar 27, 2025","1,390.36","1,381.13","1,390.36","1,374.67","","+0.08%"
"Mar 26, 2025","1,389.22","1,387.93","1,394.67","1,383.54","","+0.59%"
"Mar 25, 2025","1,381.14","1,376.84","1,384.66","1,374.89","","+0.72%"
"Mar 24, 2025","1,371.32","1,380.51","1,381.95","1,371.08","","-0.64%"
"Mar 21, 2025","1,380.10","1,377.49","1,389.95","1,376.88","","+0.06%"
"Mar 19, 2025","1,379.24","1,377.34","1,384.89","1,376.71","","-0.02%"
"Mar 18, 2025","1,379.48","1,376.79","1,383.88","1,376.38","","+1.12%"
"Mar 17, 2025","1,364.18","1,360.56","1,368.51","1,358.66","","+0.91%"
"Mar 14, 2025","1,351.94","1,346.11","1,354.71","1,345.95","","+0.24%"
"Mar 13, 2025","1,348.70","1,352.70","1,361.52","1,347.25","","+0.11%"
"Mar 12, 2025","1,347.27","1,325.88","1,349.03","1,325.88","","+0.83%"
"Mar 11, 2025","1,336.23","1,333.69","1,336.47","1,315.39","","-0.87%"
"Mar 10, 2025","1,347.98","1,358.36","1,360.23","1,345.59","","-0.59%"
"Mar 07, 2025","1,355.95","1,350.53","1,361.94","1,346.71","","-0.32%"
"Mar 06, 2025","1,360.32","1,340.44","1,366.79","1,340.44","","+2.29%"
"Mar 05, 2025","1,329.88","1,322.94","1,334.25","1,315.41","","+0.33%"
"Mar 04, 2025","1,325.56","1,327.76","1,330.98","1,312.52","","-0.62%"
"Mar 03, 2025","1,333.88","1,328.75","1,335.64","1,319.43","","+0.95%"
"Feb 28, 2025","1,321.28","1,336.80","1,339.28","1,312.42","","-1.88%"
"Feb 27, 2025","1,346.65","1,340.93","1,350.32","1,340.35","","+0.79%"
"Feb 26, 2025","1,336.08","1,332.11","1,338.20","1,319.21","","-0.11%"
"Feb 25, 2025","1,337.51","1,334.55","1,343.91","1,332.62","","-0.77%"
"Feb 21, 2025","1,347.92","1,341.10","1,351.39","1,341.10","","+0.33%"
"Feb 20, 2025","1,343.47","1,339.00","1,347.51","1,334.47","","-0.31%"
"Feb 19, 2025","1,347.69","1,342.01","1,349.78","1,339.25","","+0.49%"
"Feb 18, 2025","1,341.15","1,335.02","1,344.67","1,329.04","","+0.04%"
"Feb 17, 2025","1,340.64","1,351.40","1,351.40","1,339.80","","-0.74%"
"Feb 14, 2025","1,350.66","1,357.81","1,363.60","1,349.98","","-0.46%"
"Feb 13, 2025","1,356.95","1,349.41","1,360.41","1,349.41","","+0.97%"
"Feb 12, 2025","1,343.93","1,324.29","1,348.41","1,314.39","","+1.72%"
"Feb 10, 2025","1,321.20","1,318.07","1,325.33","1,315.79","","+0.04%"
"Feb 07, 2025","1,320.66","1,343.51","1,348.69","1,319.73","","-2.03%"
"Feb 06, 2025","1,347.96","1,336.81","1,349.15","1,335.63","","+1.49%"
"Feb 05, 2025","1,328.17","1,342.97","1,346.65","1,326.91","","-0.63%"
"Feb 04, 2025","1,336.62","1,351.07","1,354.38","1,334.23","","+0.17%"
"Feb 03, 2025","1,334.34","1,365.21","1,365.21","1,334.34","","-3.37%"
"Jan 31, 2025","1,380.88","1,379.98","1,384.45","1,373.98","","+0.25%"
"Jan 30, 2025","1,377.46","1,371.85","1,377.87","1,364.90","","+0.25%"
"Jan 29, 2025","1,374.08","1,375.13","1,380.55","1,367.90","","+0.17%"
"Jan 28, 2025","1,371.71","1,387.32","1,387.83","1,367.35","","-1.75%"
"Jan 27, 2025","1,396.09","1,402.58","1,404.96","1,392.90","","+0.36%"
"Jan 24, 2025","1,391.12","1,402.26","1,406.80","1,390.21","","-0.65%"
"Jan 23, 2025","1,400.29","1,392.99","1,402.76","1,391.02","","+0.29%"
"Jan 22, 2025","1,396.22","1,389.73","1,398.84","1,388.04","","+0.75%"
"Jan 21, 2025","1,385.87","1,389.32","1,394.46","1,383.19","","+0.26%"
"Jan 20, 2025","1,382.30","1,364.66","1,386.43","1,364.66","","+1.78%"
"Jan 17, 2025","1,358.08","1,343.69","1,360.91","1,338.37","","+0.67%"
"Jan 16, 2025","1,349.10","1,357.69","1,360.50","1,348.30","","+0.16%"
"Jan 15, 2025","1,347.01","1,351.03","1,353.52","1,341.59","","-0.11%"
"Jan 14, 2025","1,348.52","1,370.09","1,373.40","1,344.81","","-2.03%"
"Jan 10, 2025","1,376.48","1,384.37","1,388.42","1,376.48","","-0.67%"
"Jan 09, 2025","1,385.82","1,396.28","1,398.02","1,383.04","","-1.25%"
"Jan 08, 2025","1,403.36","1,401.34","1,408.67","1,400.88","","-0.39%"
"Jan 07, 2025","1,408.82","1,412.02","1,415.07","1,402.77","","+0.25%"
"Jan 06, 2025","1,405.28","1,416.84","1,420.10","1,403.90","","-0.74%"
"Dec 30, 2024","1,415.72","1,420.66","1,421.43","1,410.94","","-0.08%"
"Dec 27, 2024","1,416.89","1,406.37","1,416.89","1,403.41","","+0.42%"
"Dec 26, 2024","1,411.02","1,399.65","1,411.02","1,399.65","","+0.68%"
"Dec 25, 2024","1,401.53","1,400.56","1,401.53","1,390.49","","+0.25%"
"Dec 24, 2024","1,398.03","1,395.43","1,399.07","1,391.57","","+0.18%"
"Dec 23, 2024","1,395.53","1,392.68","1,395.64","1,385.37","","+0.68%"
"Dec 20, 2024","1,386.09","1,383.14","1,394.60","1,383.14","","+0.56%"
"Dec 19, 2024","1,378.37","1,369.99","1,385.12","1,368.98","","-0.41%"
"Dec 18, 2024","1,384.08","1,383.50","1,392.86","1,382.92","","-0.19%"
"Dec 17, 2024","1,386.71","1,401.30","1,406.50","1,386.71","","-1.00%"
"Dec 16, 2024","1,400.77","1,414.73","1,416.17","1,400.51","","-0.73%"
"Dec 13, 2024","1,411.00","1,411.69","1,413.38","1,403.44","","-0.37%"
"Dec 12, 2024","1,416.30","1,416.25","1,423.34","1,414.48","","+0.68%"
"Dec 11, 2024","1,406.78","1,415.02","1,415.02","1,403.33","","-0.55%"
"Dec 10, 2024","1,414.60","1,419.56","1,421.99","1,413.46","","+0.47%"
"Dec 09, 2024","1,407.94","1,404.54","1,414.06","1,403.34","","+1.03%"
"Dec 06, 2024","1,393.63","1,401.75","1,402.21","1,390.46","","-0.39%"
"Dec 05, 2024","1,399.10","1,405.91","1,407.78","1,398.37","","+0.09%"
"Dec 04, 2024","1,397.83","1,413.29","1,413.33","1,397.83","","-1.00%"
"Dec 03, 2024","1,411.98","1,410.18","1,422.42","1,409.52","","+0.77%"
"Dec 02, 2024","1,401.19","1,400.48","1,405.43","1,394.08","","+0.36%"
"Nov 29, 2024","1,396.13","1,399.59","1,402.72","1,389.05","","-0.15%"
"Nov 28, 2024","1,398.22","1,390.24","1,401.80","1,387.03","","+0.52%"
"Nov 27, 2024","1,391.03","1,404.40","1,404.81","1,386.15","","-0.96%"
"Nov 26, 2024","1,404.55","1,412.23","1,412.23","1,391.98","","-0.52%"
"Nov 25, 2024","1,411.91","1,425.43","1,426.42","1,411.91","","-0.30%"
"Nov 22, 2024","1,416.21","1,410.52","1,419.83","1,406.54","","+0.98%"
"Nov 21, 2024","1,402.47","1,409.64","1,411.40","1,402.15","","-0.05%"
"Nov 20, 2024","1,403.17","1,414.71","1,419.37","1,399.79","","-0.67%"
"Nov 19, 2024","1,412.57","1,407.20","1,414.08","1,399.44","","+0.67%"
"Nov 18, 2024","1,403.21","1,397.34","1,409.28","1,396.11","","-0.13%"
"Nov 15, 2024","1,405.07","1,415.72","1,421.00","1,405.07","","+0.16%"
"Nov 14, 2024","1,402.78","1,423.88","1,426.68","1,402.78","","-1.16%"
"Nov 13, 2024","1,419.23","1,429.21","1,437.58","1,415.10","","-1.12%"
"Nov 12, 2024","1,435.34","1,447.96","1,451.96","1,426.85","","-0.24%"
"Nov 11, 2024","1,438.76","1,438.16","1,441.86","1,433.79","","-0.07%"
"Nov 08, 2024","1,439.71","1,464.85","1,465.15","1,437.37","","-1.37%"
"Nov 07, 2024","1,459.69","1,448.89","1,461.43","1,438.74","","+1.42%"
"Nov 06, 2024","1,439.32","1,417.98","1,447.53","1,417.98","","+2.11%"
"Nov 05, 2024","1,409.54","1,409.79","1,418.72","1,401.03","","+0.02%"
"Nov 01, 2024","1,409.22","1,384.82","1,412.28","1,382.43","","+0.57%"
"Oct 31, 2024","1,401.21","1,395.40","1,404.85","1,388.67","","+0.10%"
"Oct 30, 2024","1,399.85","1,385.24","1,405.94","1,385.24","","+1.63%"
"Oct 29, 2024","1,377.44","1,390.97","1,390.97","1,363.61","","-1.01%"
"Oct 28, 2024","1,391.46","1,368.18","1,393.42","1,367.54","","+1.57%"
"Oct 25, 2024","1,369.99","1,377.86","1,379.30","1,362.98","","-0.79%"
"Oct 24, 2024","1,380.86","1,371.75","1,385.24","1,369.55","","-0.22%"
"Oct 23, 2024","1,383.94","1,392.97","1,401.59","1,383.37","","-0.68%"
"Oct 22, 2024","1,393.41","1,405.40","1,411.21","1,387.35","","-1.40%"
"Oct 21, 2024","1,413.21","1,408.54","1,417.46","1,405.90","","+0.32%"
"Oct 18, 2024","1,408.71","1,417.61","1,418.47","1,407.95","","-0.14%"
"Oct 17, 2024","1,410.67","1,412.20","1,416.51","1,405.05","","+0.12%"
"Oct 16, 2024","1,408.96","1,409.01","1,417.63","1,404.14","","-1.43%"
"Oct 15, 2024","1,429.41","1,436.36","1,438.59","1,428.06","","+0.38%"
"Oct 11, 2024","1,424.04","1,428.71","1,434.82","1,422.53","","-0.57%"
"Oct 10, 2024","1,432.20","1,438.91","1,440.38","1,427.96","","+0.01%"
"Oct 09, 2024","1,432.05","1,441.31","1,442.80","1,424.85","","+0.15%"
"Oct 08, 2024","1,429.86","1,434.29","1,443.50","1,425.64","","-0.93%"
"Oct 07, 2024","1,443.27","1,451.93","1,454.22","1,443.06","","+0.90%"
"Oct 04, 2024","1,430.35","1,423.78","1,432.22","1,421.90","","+0.71%"
"Oct 03, 2024","1,420.23","1,431.50","1,439.97","1,420.01","","+0.93%"
"Oct 02, 2024","1,407.14","1,410.63","1,421.23","1,402.33","","-1.45%"
"Oct 01, 2024","1,427.90","1,413.30","1,430.09","1,411.12","","+1.44%"
"Sep 30, 2024","1,407.57","1,422.32","1,425.15","1,401.15","","-2.78%"
"Sep 27, 2024","1,447.89","1,433.05","1,451.31","1,429.54","","+1.10%"
"Sep 26, 2024","1,432.12","1,401.50","1,432.12","1,401.28","","+2.99%"
"Sep 25, 2024","1,390.57","1,376.29","1,396.74","1,375.21","","+1.09%"
"Sep 24, 2024","1,375.63","1,380.78","1,386.59","1,373.00","","+0.63%"
"Sep 20, 2024","1,366.99","1,365.69","1,376.49","1,364.56","","+1.58%"
"Sep 19, 2024","1,345.75","1,342.50","1,352.07","1,337.58","","+1.68%"
"Sep 18, 2024","1,323.53","1,321.94","1,331.18","1,311.64","","+0.79%"
"Sep 17, 2024","1,313.12","1,327.33","1,327.87","1,296.80","","-0.65%"
"Sep 13, 2024","1,321.69","1,321.37","1,322.76","1,314.36","","-0.30%"
"Sep 12, 2024","1,325.66","1,314.37","1,335.17","1,314.37","","+2.61%"
"Sep 11, 2024","1,292.00","1,310.42","1,312.51","1,283.16","","-2.06%"
"Sep 10, 2024","1,319.22","1,324.15","1,328.58","1,314.29","","-0.07%"
"Sep 09, 2024","1,320.21","1,312.31","1,320.99","1,292.83","","-1.17%"
"Sep 06, 2024","1,335.83","1,344.82","1,344.82","1,328.89","","-0.96%"
"Sep 05, 2024","1,348.74","1,336.05","1,361.99","1,332.50","","-0.21%"
"Sep 04, 2024","1,351.58","1,381.65","1,382.12","1,348.55","","-3.91%"
"Sep 03, 2024","1,406.59","1,405.57","1,414.65","1,403.86","","+0.15%"
"Sep 02, 2024","1,404.49","1,413.06","1,413.06","1,396.45","","+0.06%"
"Aug 30, 2024","1,403.58","1,395.28","1,405.27","1,393.15","","+0.88%"
"Aug 29, 2024","1,391.27","1,387.09","1,393.15","1,379.50","","+0.02%"
"Aug 28, 2024","1,391.02","1,383.60","1,391.25","1,376.97","","+0.07%"
"Aug 27, 2024","1,390.03","1,379.78","1,392.41","1,375.34","","+0.78%"
"Aug 26, 2024","1,379.25","1,391.24","1,392.90","1,375.52","","-1.49%"
"Aug 23, 2024","1,400.18","1,392.52","1,400.47","1,387.52","","+0.43%"
"Aug 22, 2024","1,394.17","1,395.12","1,396.29","1,384.70","","-0.02%"
"Aug 21, 2024","1,394.48","1,391.56","1,396.88","1,382.67","","-0.74%"
"Aug 20, 2024","1,404.92","1,401.24","1,408.18","1,393.88","","+1.14%"
"Aug 19, 2024","1,389.07","1,402.45","1,410.69","1,389.07","","-1.16%"
"Aug 16, 2024","1,405.40","1,382.88","1,405.73","1,382.26","","+3.16%"
"Aug 15, 2024","1,362.31","1,351.94","1,369.36","1,351.15","","+0.22%"
"Aug 14, 2024","1,359.33","1,346.93","1,365.34","1,343.08","","+1.05%"
"Aug 13, 2024","1,345.21","1,332.11","1,345.21","1,331.63","","+2.06%"
"Aug 09, 2024","1,318.04","1,326.38","1,337.02","1,295.45","","+0.88%"
"Aug 08, 2024","1,306.56","1,301.57","1,334.80","1,299.23","","-0.53%"
"Aug 07, 2024","1,313.51","1,285.06","1,339.70","1,268.42","","+1.00%"
"Aug 06, 2024","1,300.56","1,197.68","1,314.79","1,197.68","","+10.75%"
"Aug 05, 2024","1,174.27","1,326.87","1,326.95","1,168.50","","-13.08%"
"Aug 02, 2024","1,350.96","1,418.23","1,418.43","1,349.40","","-6.46%"
"Aug 01, 2024","1,444.22","1,467.62","1,468.40","1,430.37","","-2.34%"
"Jul 31, 2024","1,478.83","1,441.32","1,478.83","1,435.51","","+1.88%"
"Jul 30, 2024","1,451.53","1,456.59","1,458.27","1,440.47","","-0.54%"
"Jul 29, 2024","1,459.48","1,433.06","1,460.77","1,429.56","","+3.17%"
"Jul 26, 2024","1,414.57","1,416.97","1,427.33","1,413.47","","-0.19%"
"Jul 25, 2024","1,417.24","1,443.28","1,443.28","1,416.64","","-2.69%"
"Jul 24, 2024","1,456.35","1,473.97","1,476.74","1,456.35","","-1.66%"
"Jul 23, 2024","1,480.92","1,477.78","1,491.71","1,474.81","","+0.99%"
"Jul 22, 2024","1,466.45","1,481.38","1,481.38","1,466.39","","-1.13%"
"Jul 19, 2024","1,483.15","1,487.29","1,487.93","1,475.24","","-0.41%"
"Jul 18, 2024","1,489.26","1,498.13","1,501.14","1,485.16","","-1.31%"
"Jul 17, 2024","1,509.01","1,508.94","1,513.50","1,506.42","","+0.78%"
"Jul 16, 2024","1,497.34","1,496.59","1,507.07","1,493.51","","+0.37%"
"Jul 12, 2024","1,491.75","1,500.55","1,510.45","1,490.40","","-1.14%"
"Jul 11, 2024","1,509.01","1,505.97","1,512.34","1,502.24","","+1.24%"
"Jul 10, 2024","1,490.56","1,479.73","1,491.26","1,478.21","","+0.44%"
"Jul 09, 2024","1,484.06","1,475.48","1,488.04","1,471.64","","+0.90%"
"Jul 08, 2024","1,470.76","1,476.91","1,479.20","1,469.56","","-0.20%"
"Jul 05, 2024","1,473.78","1,490.38","1,493.15","1,473.78","","-1.11%"
"Jul 04, 2024","1,490.33","1,486.59","1,492.03","1,483.99","","+0.48%"
"Jul 03, 2024","1,483.21","1,475.37","1,485.35","1,473.84","","+0.94%"
"Jul 02, 2024","1,469.33","1,464.46","1,473.90","1,461.19","","+0.25%"
"Jul 01, 2024","1,465.68","1,470.07","1,475.38","1,461.57","","+0.44%"
"Jun 30, 2024","1,459.26","1,467.05","1,459.26","1,459.26","","0.00%"
"Jun 28, 2024","1,459.26","1,467.05","1,468.38","1,455.90","","-0.15%"
"Jun 27, 2024","1,461.46","1,456.46","1,462.67","1,453.79","","-0.40%"
"Jun 26, 2024","1,467.28","1,462.10","1,470.73","1,455.74","","+0.29%"
"Jun 25, 2024","1,463.06","1,455.49","1,465.67","1,454.25","","+0.67%"
"Jun 24, 2024","1,453.35","1,448.31","1,456.17","1,444.34","","+0.57%"
"Jun 21, 2024","1,445.08","1,456.26","1,458.73","1,445.08","","-0.35%"
"Jun 20, 2024","1,450.09","1,450.78","1,454.62","1,440.87","","-0.22%"
"Jun 19, 2024","1,453.32","1,454.80","1,461.60","1,447.16","","+0.01%"
"Jun 18, 2024","1,453.22","1,454.15","1,460.47","1,451.49","","+0.75%"
"Jun 17, 2024","1,442.38","1,456.33","1,457.15","1,433.09","","-1.82%"
"Jun 15, 2024","1,469.12","1,447.52","1,469.12","1,469.12","","0.00%"
"Jun 14, 2024","1,469.12","1,447.52","1,477.26","1,446.88","","+1.06%"
"Jun 13, 2024","1,453.66","1,485.83","1,485.83","1,453.07","","-1.72%"
"Jun 12, 2024","1,479.10","1,475.21","1,481.50","1,475.21","","-0.18%"
"Jun 11, 2024","1,481.74","1,483.07","1,490.26","1,480.08","","+0.24%"
"Jun 10, 2024","1,478.24","1,463.71","1,479.72","1,463.71","","+1.25%"
"Jun 07, 2024","1,460.02","1,456.37","1,464.02","1,456.37","","+0.07%"
"Jun 06, 2024","1,458.94","1,464.22","1,468.30","1,457.76","","-0.08%"
"Jun 05, 2024","1,460.05","1,468.18","1,468.27","1,458.05","","-1.26%"
"Jun 04, 2024","1,478.72","1,483.26","1,486.84","1,477.63","","-1.10%"
"Jun 03, 2024","1,495.11","1,493.48","1,501.21","1,492.27","","+0.87%"
"May 31, 2024","1,482.18","1,466.93","1,482.42","1,464.77","","+1.45%"
"May 30, 2024","1,460.98","1,456.21","1,461.54","1,443.90","","-0.50%"
"May 29, 2024","1,468.30","1,474.82","1,482.67","1,467.15","","-0.85%"
"May 28, 2024","1,480.93","1,474.45","1,483.26","1,473.65","","+0.27%"
"May 27, 2024","1,476.88","1,476.48","1,477.89","1,471.01","","+0.46%"
"May 25, 2024","1,470.19","1,462.04","1,470.19","1,470.19","","0.00%"
"May 24, 2024","1,470.19","1,462.04","1,476.40","1,462.04","","-0.33%"
"May 23, 2024","1,475.13","1,471.18","1,475.13","1,456.35","","+0.22%"
"May 22, 2024","1,471.87","1,488.58","1,490.91","1,470.37","","-1.48%"
"May 21, 2024","1,493.92","1,506.94","1,509.54","1,493.55","","-0.14%"
"May 20, 2024","1,496.06","1,484.26","1,504.99","1,484.26","","+1.06%"
"May 17, 2024","1,480.44","1,464.23","1,481.33","1,463.20","","+0.33%"
"May 16, 2024","1,475.54","1,476.04","1,479.58","1,468.30","","+0.02%"
"May 15, 2024","1,475.19","1,488.45","1,497.62","1,471.95","","-0.46%"
"May 14, 2024","1,481.97","1,496.87","1,500.17","1,475.17","","-1.42%"
"May 13, 2024","1,503.38","1,490.58","1,503.79","1,483.78","","+0.99%"
"May 10, 2024","1,488.66","1,490.59","1,508.72","1,482.03","","+0.29%"
"May 09, 2024","1,484.42","1,474.98","1,500.76","1,474.98","","+1.18%"
"May 08, 2024","1,467.08","1,505.18","1,505.18","1,466.56","","-3.02%"
"May 07, 2024","1,512.72","1,505.80","1,512.72","1,500.58","","+1.23%"
"May 02, 2024","1,494.38","1,494.10","1,496.23","1,486.05","","-0.34%"
"May 01, 2024","1,499.49","1,518.55","1,518.55","1,483.97","","-2.04%"
"Apr 30, 2024","1,530.71","1,518.50","1,540.46","1,517.36","","+1.19%"
"Apr 26, 2024","1,512.77","1,494.51","1,516.06","1,487.19","","+1.45%"
"Apr 25, 2024","1,491.13","1,504.55","1,505.65","1,489.03","","-1.19%"
"Apr 24, 2024","1,509.06","1,492.24","1,509.14","1,492.05","","+1.81%"
"Apr 23, 2024","1,482.18","1,490.18","1,491.47","1,475.15","","-0.35%"
"Apr 22, 2024","1,487.43","1,484.28","1,495.57","1,477.84","","+1.00%"
"Apr 19, 2024","1,472.68","1,498.39","1,500.02","1,456.41","","-2.07%"
"Apr 18, 2024","1,503.82","1,480.83","1,510.18","1,480.26","","+0.96%"
"Apr 17, 2024","1,489.45","1,510.80","1,512.07","1,483.52","","-1.22%"
"Apr 16, 2024","1,507.89","1,530.41","1,532.75","1,502.49","","-2.00%"
"Apr 15, 2024","1,538.62","1,520.89","1,538.62","1,514.12","","+0.12%"
"Apr 12, 2024","1,536.71","1,528.92","1,539.79","1,524.62","","+1.09%"
"Apr 11, 2024","1,520.09","1,498.83","1,520.09","1,495.67","","+0.56%"
"Apr 10, 2024","1,511.62","1,503.98","1,516.61","1,502.77","","+0.45%"
"Apr 09, 2024","1,504.85","1,493.79","1,505.90","1,490.81","","+0.99%"
"Apr 08, 2024","1,490.05","1,485.01","1,493.68","1,479.53","","+0.90%"
"Apr 05, 2024","1,476.76","1,467.45","1,481.08","1,462.10","","-0.52%"
"Apr 04, 2024","1,484.55","1,478.58","1,496.99","1,476.31","","+1.39%"
"Apr 03, 2024","1,464.17","1,455.31","1,472.28","1,451.34","","-0.13%"
"Apr 02, 2024","1,466.07","1,460.50","1,470.88","1,456.79","","+0.12%"
"Apr 01, 2024","1,464.25","1,499.25","1,500.16","1,459.20","","-2.09%"
"Mar 29, 2024","1,495.49","1,484.87","1,498.85","1,481.60","","+1.19%"
"Mar 28, 2024","1,477.95","1,484.16","1,489.84","1,475.35","","-1.76%"
"Mar 27, 2024","1,504.38","1,497.20","1,513.27","1,495.37","","+0.76%"
"Mar 26, 2024","1,493.00","1,485.77","1,498.76","1,485.77","","+0.29%"
"Mar 25, 2024","1,488.62","1,492.84","1,499.81","1,488.14","","-0.49%"
"Mar 22, 2024","1,495.93","1,486.43","1,498.75","1,481.34","","+0.98%"
"Mar 21, 2024","1,481.37","1,480.64","1,483.67","1,473.77","","+1.01%"
"Mar 19, 2024","1,466.59","1,455.00","1,466.59","1,449.88","","+0.43%"
"Mar 18, 2024","1,460.38","1,450.26","1,461.92","1,447.99","","+1.35%"
"Mar 15, 2024","1,440.92","1,432.08","1,443.93","1,430.75","","+0.65%"
"Mar 14, 2024","1,431.56","1,426.40","1,431.56","1,414.84","","+0.63%"
"Mar 13, 2024","1,422.66","1,439.82","1,442.90","1,414.01","","-0.58%"
"Mar 12, 2024","1,431.03","1,408.70","1,431.15","1,398.73","","+1.23%"
"Mar 11, 2024","1,413.70","1,432.48","1,432.48","1,400.23","","-2.06%"
"Mar 08, 2024","1,443.41","1,428.94","1,451.04","1,422.63","","+0.73%"
"Mar 07, 2024","1,432.97","1,456.75","1,457.21","1,429.44","","-1.07%"
"Mar 06, 2024","1,448.54","1,431.31","1,450.08","1,431.29","","+0.57%"
"Mar 05, 2024","1,440.38","1,435.60","1,445.35","1,429.82","","+0.36%"
"Mar 04, 2024","1,435.25","1,437.52","1,444.33","1,432.75","","+0.18%"
"Mar 01, 2024","1,432.74","1,422.64","1,434.05","1,420.32","","+0.82%"
"Feb 29, 2024","1,421.04","1,424.18","1,425.31","1,411.88","","-0.41%"
"Feb 28, 2024","1,426.91","1,427.03","1,431.80","1,424.29","","+0.21%"
"Feb 27, 2024","1,423.90","1,422.63","1,431.12","1,420.17","","+0.26%"
"Feb 26, 2024","1,420.14","1,419.53","1,423.00","1,415.78","","+0.69%"
"Feb 22, 2024","1,410.36","1,400.35","1,411.19","1,400.35","","+1.34%"
"Feb 21, 2024","1,391.66","1,387.02","1,392.31","1,383.33","","+0.36%"
"Feb 20, 2024","1,386.65","1,385.75","1,393.36","1,382.79","","-0.05%"
"Feb 19, 2024","1,387.37","1,380.14","1,391.79","1,380.14","","+0.60%"
"Feb 16, 2024","1,379.05","1,364.08","1,387.92","1,364.08","","+1.54%"
"Feb 15, 2024","1,358.13","1,369.30","1,374.72","1,354.15","","-0.20%"
"Feb 14, 2024","1,360.80","1,367.73","1,369.04","1,354.09","","-0.76%"
"Feb 13, 2024","1,371.21","1,368.31","1,372.15","1,357.58","","+1.01%"
"Feb 09, 2024","1,357.55","1,354.33","1,368.99","1,353.78","","+0.49%"
"Feb 08, 2024","1,350.87","1,366.21","1,366.94","1,346.94","","-1.47%"
"Feb 07, 2024","1,371.05","1,358.13","1,377.99","1,355.86","","+0.75%"
"Feb 06, 2024","1,360.91","1,361.89","1,369.01","1,357.72","","-0.12%"
"Feb 05, 2024","1,362.57","1,359.30","1,365.75","1,357.53","","+0.97%"
"Feb 02, 2024","1,349.46","1,347.56","1,353.51","1,337.76","","+0.59%"
"Feb 01, 2024","1,341.49","1,339.77","1,344.33","1,329.77","","-0.50%"
"Jan 31, 2024","1,348.21","1,331.32","1,348.21","1,330.11","","+1.11%"
"Jan 30, 2024","1,333.42","1,332.58","1,337.49","1,330.92","","+0.06%"
"Jan 29, 2024","1,332.61","1,322.91","1,334.95","1,321.25","","+1.14%"
"Jan 26, 2024","1,317.59","1,320.79","1,325.21","1,316.34","","-0.44%"
"Jan 25, 2024","1,323.44","1,314.66","1,323.63","1,311.56","","+0.52%"
"Jan 24, 2024","1,316.57","1,316.13","1,320.96","1,311.84","","-0.21%"
"Jan 23, 2024","1,319.38","1,326.21","1,328.85","1,313.57","","-0.34%"
"Jan 22, 2024","1,323.93","1,318.54","1,325.86","1,316.19","","+1.24%"
"Jan 19, 2024","1,307.75","1,308.58","1,312.71","1,301.54","","+0.62%"
"Jan 18, 2024","1,299.68","1,295.88","1,306.30","1,295.88","","+0.38%"
"Jan 17, 2024","1,294.79","1,304.78","1,318.01","1,294.79","","-0.03%"
"Jan 16, 2024","1,295.18","1,304.07","1,304.07","1,293.09","","-0.85%"
"Jan 15, 2024","1,306.28","1,304.28","1,311.63","1,301.46","","+0.23%"
"Jan 12, 2024","1,303.27","1,316.63","1,317.81","1,299.99","","-0.09%"
"Jan 11, 2024","1,304.50","1,305.29","1,311.21","1,301.31","","+0.65%"
"Jan 10, 2024","1,296.11","1,293.94","1,300.35","1,292.03","","+0.11%"
"Jan 09, 2024","1,294.72","1,283.36","1,298.17","1,283.36","","+1.35%"
"Jan 05, 2024","1,277.53","1,280.17","1,283.36","1,275.84","","-0.03%"
"Jan 04, 2024","1,277.97","1,252.41","1,277.97","1,248.37","","+2.05%"
"Dec 29, 2023","1,252.31","1,248.75","1,252.83","1,246.63","","+0.53%"
"Dec 28, 2023","1,245.67","1,237.93","1,247.44","1,236.66","","-0.51%"
"Dec 27, 2023","1,252.10","1,248.47","1,254.27","1,247.96","","+0.91%"
"Dec 26, 2023","1,240.83","1,236.73","1,241.34","1,235.81","","+0.41%"
"Dec 25, 2023","1,235.75","1,244.77","1,244.77","1,233.50","","-0.08%"
"Dec 22, 2023","1,236.69","1,231.77","1,239.73","1,230.09","","+0.73%"
"Dec 21, 2023","1,227.78","1,229.92","1,230.65","1,225.05","","-0.80%"
"Dec 20, 2023","1,237.65","1,234.97","1,245.06","1,234.97","","+0.70%"
"Dec 19, 2023","1,229.02","1,221.51","1,231.04","1,218.94","","+0.49%"
"Dec 18, 2023","1,223.03","1,222.96","1,224.52","1,212.83","","-0.57%"
"Dec 15, 2023","1,230.06","1,219.84","1,231.95","1,219.12","","+1.45%"
"Dec 14, 2023","1,212.51","1,227.02","1,228.43","1,208.78","","-1.21%"
"Dec 13, 2023","1,227.42","1,230.63","1,232.89","1,223.07","","-0.01%"
"Dec 12, 2023","1,227.57","1,237.59","1,239.01","1,224.80","","-0.04%"
"Dec 11, 2023","1,228.01","1,231.77","1,236.48","1,225.15","","+0.77%"
"Dec 08, 2023","1,218.68","1,229.99","1,232.27","1,214.20","","-1.52%"
"Dec 07, 2023","1,237.50","1,244.88","1,246.94","1,234.80","","-1.16%"
"Dec 06, 2023","1,251.97","1,237.27","1,253.40","1,237.27","","+1.55%"
"Dec 05, 2023","1,232.82","1,248.37","1,251.85","1,232.82","","-1.44%"
"Dec 04, 2023","1,250.85","1,259.66","1,259.66","1,246.88","","-1.26%"
"Dec 01, 2023","1,266.77","1,274.13","1,274.13","1,266.05","","-0.07%"
"Nov 30, 2023","1,267.63","1,254.58","1,269.68","1,254.02","","+0.54%"
"Nov 29, 2023","1,260.77","1,258.88","1,264.68","1,255.50","","-0.40%"
"Nov 28, 2023","1,265.79","1,268.73","1,269.23","1,259.03","","+0.23%"
"Nov 27, 2023","1,262.91","1,269.48","1,270.38","1,261.00","","-0.28%"
"Nov 24, 2023","1,266.48","1,265.25","1,271.56","1,264.98","","+0.96%"
"Nov 22, 2023","1,254.39","1,241.62","1,256.85","1,241.62","","+0.50%"
"Nov 21, 2023","1,248.14","1,249.72","1,251.97","1,244.31","","-0.39%"
"Nov 20, 2023","1,253.03","1,267.17","1,272.78","1,252.62","","-1.12%"
"Nov 17, 2023","1,267.23","1,255.31","1,267.23","1,252.88","","+0.85%"
"Nov 16, 2023","1,256.50","1,259.25","1,264.43","1,250.89","","-0.45%"
"Nov 15, 2023","1,262.24","1,261.95","1,264.06","1,256.72","","+0.38%"
"Nov 14, 2023","1,257.47","1,264.36","1,268.71","1,257.47","","+0.03%"
"Nov 13, 2023","1,257.14","1,267.75","1,267.75","1,253.85","","-0.24%"
"Nov 10, 2023","1,260.14","1,242.10","1,260.14","1,242.08","","+1.10%"
"Nov 09, 2023","1,246.47","1,238.07","1,250.98","1,236.22","","+1.07%"
"Nov 08, 2023","1,233.28","1,253.48","1,258.13","1,226.83","","-1.87%"
"Nov 07, 2023","1,256.77","1,263.86","1,266.88","1,252.56","","-0.40%"
"Nov 06, 2023","1,261.87","1,248.67","1,263.86","1,245.30","","+1.84%"
"Nov 02, 2023","1,239.12","1,251.73","1,252.39","1,236.83","","+0.01%"
"Nov 01, 2023","1,238.94","1,235.31","1,239.58","1,231.15","","+1.86%"
"Oct 31, 2023","1,216.29","1,199.98","1,218.72","1,198.67","","+2.25%"
"Oct 30, 2023","1,189.57","1,192.71","1,192.71","1,182.00","","-1.09%"
"Oct 27, 2023","1,202.66","1,189.89","1,203.62","1,187.18","","+2.21%"
"Oct 26, 2023","1,176.63","1,180.52","1,188.06","1,172.22","","-1.04%"
"Oct 25, 2023","1,189.00","1,192.29","1,200.78","1,187.48","","+0.07%"
"Oct 24, 2023","1,188.13","1,183.54","1,192.26","1,159.81","","+0.57%"
"Oct 23, 2023","1,181.43","1,191.28","1,195.41","1,181.43","","-1.15%"
"Oct 20, 2023","1,195.12","1,195.29","1,201.30","1,188.46","","-0.56%"
"Oct 19, 2023","1,201.85","1,200.97","1,209.39","1,198.53","","-1.03%"
"Oct 18, 2023","1,214.38","1,226.69","1,227.64","1,210.52","","-0.59%"
"Oct 17, 2023","1,221.61","1,227.56","1,231.55","1,214.96","","+0.53%"
"Oct 16, 2023","1,215.23","1,220.08","1,224.98","1,211.74","","-1.02%"
"Oct 13, 2023","1,227.73","1,235.43","1,240.26","1,225.04","","-1.51%"
"Oct 12, 2023","1,246.60","1,233.89","1,248.41","1,232.63","","+1.82%"
"Oct 11, 2023","1,224.37","1,226.12","1,232.66","1,221.87","","-0.54%"
"Oct 10, 2023","1,230.96","1,223.49","1,234.56","1,223.49","","+1.90%"
"Oct 06, 2023","1,208.01","1,204.44","1,213.57","1,200.73","","+0.25%"
"Oct 05, 2023","1,205.05","1,194.08","1,206.78","1,187.72","","+1.90%"
"Oct 04, 2023","1,182.53","1,195.46","1,200.35","1,181.43","","-2.63%"
"Oct 03, 2023","1,214.47","1,243.45","1,243.45","1,213.57","","-3.02%"
"Oct 02, 2023","1,252.27","1,257.06","1,273.27","1,252.27","","+0.31%"
"Sep 29, 2023","1,248.36","1,256.04","1,256.55","1,245.05","","-0.38%"
"Sep 28, 2023","1,253.15","1,261.22","1,263.35","1,248.09","","-1.33%"
"Sep 27, 2023","1,270.08","1,261.40","1,270.08","1,255.35","","+0.03%"
"Sep 26, 2023","1,269.74","1,278.23","1,278.60","1,267.62","","-0.51%"
"Sep 25, 2023","1,276.29","1,271.83","1,279.19","1,268.59","","+0.54%"
"Sep 22, 2023","1,269.44","1,265.00","1,275.72","1,260.70","","-0.62%"
"Sep 21, 2023","1,277.38","1,285.81","1,291.83","1,275.49","","-0.67%"
"Sep 20, 2023","1,286.00","1,293.95","1,296.04","1,286.00","","-0.50%"
"Sep 19, 2023","1,292.45","1,283.98","1,292.57","1,282.70","","+0.61%"
"Sep 15, 2023","1,284.67","1,286.26","1,291.40","1,283.28","","+0.73%"
"Sep 14, 2023","1,275.39","1,263.59","1,276.61","1,263.59","","+1.06%"
"Sep 13, 2023","1,261.97","1,269.21","1,271.50","1,258.89","","-0.49%"
"Sep 12, 2023","1,268.20","1,266.13","1,270.87","1,259.73","","+0.59%"
"Sep 11, 2023","1,260.77","1,273.00","1,273.00","1,258.57","","-0.55%"
"Sep 08, 2023","1,267.77","1,279.87","1,280.78","1,266.41","","-1.23%"
"Sep 07, 2023","1,283.52","1,282.13","1,292.62","1,281.22","","-0.11%"
"Sep 06, 2023","1,284.87","1,281.21","1,287.25","1,279.77","","+0.15%"
"Sep 05, 2023","1,282.98","1,282.55","1,284.26","1,275.95","","-0.12%"
"Sep 04, 2023","1,284.46","1,274.63","1,284.46","1,271.13","","+1.11%"
"Sep 01, 2023","1,270.38","1,260.97","1,272.77","1,259.11","","+0.66%"
"Aug 31, 2023","1,262.01","1,251.29","1,262.71","1,251.29","","+0.71%"
"Aug 30, 2023","1,253.14","1,251.84","1,256.75","1,250.04","","+0.13%"
"Aug 29, 2023","1,251.47","1,252.14","1,255.13","1,247.52","","+0.07%"
"Aug 28, 2023","1,250.62","1,239.23","1,250.62","1,239.23","","+1.46%"
"Aug 25, 2023","1,232.63","1,227.91","1,233.35","1,227.34","","-0.28%"
"Aug 24, 2023","1,236.12","1,230.53","1,237.41","1,227.68","","+0.35%"
"Aug 23, 2023","1,231.85","1,215.10","1,232.05","1,214.67","","+0.99%"
"Aug 22, 2023","1,219.82","1,212.40","1,219.82","1,209.92","","+0.55%"
"Aug 21, 2023","1,213.16","1,214.06","1,217.99","1,208.59","","+0.35%"
"Aug 18, 2023","1,208.95","1,202.12","1,210.74","1,199.63","","-0.34%"
"Aug 17, 2023","1,213.08","1,218.01","1,218.47","1,198.16","","-0.71%"
"Aug 16, 2023","1,221.70","1,227.96","1,230.66","1,220.73","","-1.48%"
"Aug 15, 2023","1,240.01","1,249.03","1,251.12","1,239.02","","-0.77%"
"Aug 14, 2023","1,249.67","1,241.99","1,260.08","1,241.60","","+0.94%"
"Aug 10, 2023","1,238.09","1,217.94","1,238.09","1,215.85","","+1.37%"
"Aug 09, 2023","1,221.36","1,220.77","1,223.83","1,214.66","","-0.53%"
"Aug 08, 2023","1,227.90","1,226.49","1,229.71","1,223.95","","+0.75%"
"Aug 07, 2023","1,218.71","1,208.68","1,219.48","1,206.66","","+0.16%"
"Aug 04, 2023","1,216.74","1,208.89","1,224.31","1,206.62","","-0.11%"
"Aug 03, 2023","1,218.05","1,230.91","1,231.44","1,213.98","","-2.16%"
"Aug 02, 2023","1,244.93","1,242.75","1,255.80","1,240.12","","-0.37%"
"Aug 01, 2023","1,249.61","1,239.73","1,251.24","1,239.73","","+1.02%"
"Jul 31, 2023","1,237.01","1,231.47","1,238.24","1,227.74","","+1.35%"
"Jul 28, 2023","1,220.52","1,208.34","1,222.58","1,203.76","","+0.01%"
"Jul 27, 2023","1,220.45","1,216.52","1,221.22","1,210.10","","-0.05%"
"Jul 26, 2023","1,221.00","1,220.40","1,221.51","1,214.37","","+0.29%"
"Jul 25, 2023","1,217.50","1,206.85","1,217.50","1,205.32","","+1.27%"
"Jul 24, 2023","1,202.28","1,202.42","1,205.20","1,198.27","","+0.58%"
"Jul 21, 2023","1,195.34","1,191.64","1,196.56","1,186.69","","+0.27%"
"Jul 20, 2023","1,192.12","1,196.97","1,201.80","1,191.83","","-0.37%"
"Jul 19, 2023","1,196.55","1,193.55","1,196.55","1,189.50","","+1.12%"
"Jul 18, 2023","1,183.25","1,179.81","1,186.35","1,177.40","","+0.41%"
"Jul 14, 2023","1,178.46","1,181.32","1,182.52","1,170.87","","+0.14%"
"Jul 13, 2023","1,176.80","1,177.42","1,179.89","1,170.84","","+0.23%"
"Jul 12, 2023","1,174.11","1,181.90","1,181.98","1,167.64","","-0.57%"
"Jul 11, 2023","1,180.83","1,192.30","1,194.25","1,178.53","","-0.46%"
"Jul 10, 2023","1,186.32","1,190.87","1,194.52","1,184.33","","-0.07%"
"Jul 07, 2023","1,187.20","1,186.29","1,197.32","1,181.46","","-0.89%"
"Jul 06, 2023","1,197.91","1,209.13","1,209.13","1,195.33","","-1.41%"
"Jul 05, 2023","1,215.08","1,210.92","1,218.56","1,206.18","","-0.38%"
"Jul 04, 2023","1,219.67","1,226.88","1,226.96","1,219.67","","-0.86%"
"Jul 03, 2023","1,230.24","1,223.81","1,231.60","1,223.81","","+1.24%"
"Jun 30, 2023","1,215.16","1,215.56","1,217.61","1,208.05","","-0.04%"
"Jun 29, 2023","1,215.62","1,224.54","1,227.14","1,212.65","","-1.24%"
"Jun 28, 2023","1,230.93","1,209.43","1,230.93","1,208.88","","+2.46%"
"Jun 27, 2023","1,201.35","1,208.34","1,208.47","1,194.96","","-0.34%"
"Jun 26, 2023","1,205.43","1,203.08","1,212.47","1,197.31","","+0.34%"
"Jun 23, 2023","1,201.29","1,213.66","1,220.26","1,196.78","","-0.90%"
"Jun 22, 2023","1,212.17","1,212.43","1,218.14","1,210.37","","-0.10%"
"Jun 21, 2023","1,213.44","1,199.53","1,215.18","1,199.01","","+0.62%"
"Jun 20, 2023","1,206.01","1,204.38","1,208.52","1,198.76","","-0.44%"
"Jun 19, 2023","1,211.29","1,216.34","1,220.41","1,206.27","","-0.07%"
"Jun 16, 2023","1,212.11","1,211.82","1,212.62","1,202.85","","-0.18%"
"Jun 15, 2023","1,214.32","1,205.23","1,219.66","1,201.20","","+0.69%"
"Jun 14, 2023","1,206.04","1,200.76","1,207.70","1,197.50","","+1.09%"
"Jun 13, 2023","1,193.04","1,190.80","1,197.45","1,186.62","","+0.57%"
"Jun 12, 2023","1,186.33","1,177.64","1,186.66","1,176.91","","+1.12%"
"Jun 09, 2023","1,173.15","1,163.40","1,174.11","1,163.40","","+1.24%"
"Jun 08, 2023","1,158.74","1,172.36","1,173.49","1,153.41","","-0.79%"
"Jun 07, 2023","1,167.94","1,182.07","1,185.62","1,167.72","","-0.70%"
"Jun 06, 2023","1,176.21","1,167.67","1,176.32","1,161.72","","-0.32%"
"Jun 05, 2023","1,179.93","1,173.33","1,179.93","1,171.42","","+1.87%"
"Jun 02, 2023","1,158.27","1,144.75","1,158.66","1,144.09","","+1.36%"
"Jun 01, 2023","1,142.78","1,134.37","1,144.19","1,134.31","","+0.50%"
"May 31, 2023","1,137.09","1,146.71","1,146.73","1,136.87","","-1.36%"
"May 30, 2023","1,152.74","1,154.96","1,157.03","1,144.77","","-0.38%"
"May 29, 2023","1,157.11","1,163.06","1,166.63","1,157.05","","+0.69%"
"May 26, 2023","1,149.13","1,157.20","1,160.01","1,149.12","","-0.48%"
"May 25, 2023","1,154.63","1,145.03","1,156.90","1,144.82","","+0.43%"
"May 24, 2023","1,149.71","1,153.23","1,153.25","1,146.29","","-0.47%"
"May 23, 2023","1,155.14","1,167.43","1,170.71","1,152.25","","-0.64%"
"May 22, 2023","1,162.63","1,152.65","1,164.24","1,150.85","","+0.79%"
"May 19, 2023","1,153.56","1,160.72","1,161.44","1,152.33","","-0.14%"
"May 18, 2023","1,155.15","1,153.48","1,156.68","1,149.47","","+0.50%"
"May 17, 2023","1,149.45","1,149.79","1,152.09","1,145.47","","-0.26%"
"May 16, 2023","1,152.46","1,160.56","1,160.56","1,148.99","","-0.31%"
"May 15, 2023","1,156.02","1,153.58","1,158.23","1,147.76","","+0.44%"
"May 12, 2023","1,150.99","1,151.49","1,156.81","1,149.67","","+0.32%"
"May 11, 2023","1,147.37","1,156.23","1,160.92","1,145.91","","-1.14%"
"May 10, 2023","1,160.55","1,159.73","1,162.72","1,156.81","","+0.15%"
"May 09, 2023","1,158.81","1,150.65","1,159.96","1,150.56","","+0.80%"
"May 08, 2023","1,149.57","1,149.40","1,154.22","1,146.56","","+0.14%"
"May 02, 2023","1,148.02","1,153.12","1,153.72","1,144.73","","-0.39%"
"May 01, 2023","1,152.55","1,158.78","1,159.73","1,149.08","","-0.08%"
"Apr 28, 2023","1,153.50","1,158.96","1,161.70","1,148.01","","+0.55%"
"Apr 27, 2023","1,147.17","1,139.35","1,148.20","1,136.73","","+0.67%"
"Apr 26, 2023","1,139.51","1,139.82","1,142.20","1,136.30","","-0.73%"
"Apr 25, 2023","1,147.86","1,154.35","1,159.48","1,146.21","","-0.10%"
"Apr 24, 2023","1,148.99","1,147.94","1,149.37","1,144.09","","+0.39%"
"Apr 21, 2023","1,144.51","1,140.32","1,147.61","1,139.37","","+0.01%"
"Apr 20, 2023","1,144.41","1,137.04","1,145.58","1,137.02","","+0.24%"
"Apr 19, 2023","1,141.68","1,143.53","1,145.39","1,138.60","","-0.37%"
"Apr 18, 2023","1,145.96","1,146.54","1,149.40","1,144.77","","-0.05%"
"Apr 17, 2023","1,146.53","1,146.40","1,149.32","1,140.06","","+0.41%"
"Apr 14, 2023","1,141.82","1,140.96","1,142.30","1,134.87","","+0.45%"
"Apr 13, 2023","1,136.68","1,132.01","1,136.68","1,128.44","","+0.17%"
"Apr 12, 2023","1,134.70","1,129.28","1,137.88","1,129.24","","+0.92%"
"Apr 11, 2023","1,124.39","1,124.08","1,126.43","1,120.01","","+0.85%"
"Apr 10, 2023","1,114.89","1,121.26","1,122.35","1,112.65","","-0.02%"
"Apr 07, 2023","1,115.09","1,113.18","1,116.69","1,111.11","","+0.33%"
"Apr 06, 2023","1,111.44","1,117.71","1,118.16","1,109.62","","-1.30%"
"Apr 05, 2023","1,126.03","1,141.52","1,143.87","1,125.50","","-2.39%"
"Apr 04, 2023","1,153.56","1,152.70","1,155.52","1,149.29","","+0.27%"
"Apr 03, 2023","1,150.47","1,150.30","1,154.15","1,146.13","","+0.83%"
"Mar 31, 2023","1,141.04","1,137.38","1,145.30","1,137.38","","+0.79%"
"Mar 30, 2023","1,132.08","1,127.44","1,132.08","1,123.86","","-0.32%"
"Mar 29, 2023","1,135.74","1,124.59","1,135.74","1,121.13","","+1.63%"
"Mar 28, 2023","1,117.51","1,123.18","1,125.55","1,114.83","","-0.07%"
"Mar 27, 2023","1,118.31","1,123.40","1,123.40","1,114.59","","+0.16%"
"Mar 24, 2023","1,116.54","1,114.38","1,118.68","1,109.63","","-0.14%"
"Mar 23, 2023","1,118.14","1,108.45","1,119.84","1,103.84","","+0.07%"
"Mar 22, 2023","1,117.39","1,117.30","1,120.83","1,114.77","","+1.58%"
"Mar 20, 2023","1,100.05","1,103.11","1,113.23","1,099.39","","-1.27%"
"Mar 17, 2023","1,114.19","1,119.82","1,122.37","1,106.61","","+0.41%"
"Mar 16, 2023","1,109.60","1,109.78","1,110.18","1,095.40","","-1.76%"
"Mar 15, 2023","1,129.47","1,127.89","1,135.17","1,124.28","","+1.23%"
"Mar 14, 2023","1,115.70","1,132.11","1,132.11","1,107.54","","-2.96%"
"Mar 13, 2023","1,149.79","1,161.45","1,162.14","1,144.05","","-2.05%"
"Mar 10, 2023","1,173.82","1,177.52","1,183.07","1,171.48","","-0.98%"
"Mar 09, 2023","1,185.44","1,189.48","1,191.56","1,183.18","","+0.28%"
"Mar 08, 2023","1,182.09","1,175.67","1,183.55","1,173.74","","+0.20%"
"Mar 07, 2023","1,179.72","1,174.64","1,182.91","1,174.64","","+0.45%"
"Mar 06, 2023","1,174.38","1,172.84","1,177.70","1,170.66","","+0.88%"
"Mar 03, 2023","1,164.16","1,159.96","1,167.40","1,157.26","","+0.50%"
"Mar 02, 2023","1,158.39","1,167.84","1,167.84","1,157.34","","-0.39%"
"Mar 01, 2023","1,162.95","1,149.81","1,164.15","1,149.81","","+0.59%"
"Feb 28, 2023","1,156.11","1,162.77","1,165.42","1,154.02","","-0.21%"
"Feb 27, 2023","1,158.55","1,150.47","1,158.64","1,150.03","","+0.91%"
"Feb 24, 2023","1,148.06","1,142.90","1,149.73","1,142.12","","+0.65%"
"Feb 22, 2023","1,140.59","1,148.03","1,149.56","1,139.52","","-1.46%"
"Feb 21, 2023","1,157.47","1,145.58","1,157.96","1,144.52","","+1.15%"
"Feb 20, 2023","1,144.29","1,139.13","1,144.29","1,136.17","","+0.80%"
"Feb 17, 2023","1,135.20","1,124.01","1,136.54","1,124.01","","+0.25%"
"Feb 16, 2023","1,132.36","1,131.52","1,133.97","1,126.81","","+0.49%"
"Feb 15, 2023","1,126.88","1,121.73","1,126.88","1,120.55","","+0.83%"
"Feb 14, 2023","1,117.65","1,117.25","1,119.79","1,114.41","","+0.76%"
"Feb 13, 2023","1,109.20","1,111.74","1,111.74","1,098.96","","-0.69%"
"Feb 10, 2023","1,116.95","1,107.72","1,122.16","1,106.54","","+0.67%"
"Feb 09, 2023","1,109.47","1,093.59","1,109.80","1,093.59","","+1.30%"
"Feb 08, 2023","1,095.24","1,098.48","1,099.33","1,091.59","","-0.09%"
"Feb 07, 2023","1,096.20","1,094.69","1,100.19","1,092.37","","-0.01%"
"Feb 06, 2023","1,096.26","1,090.53","1,096.46","1,089.06","","+1.17%"
"Feb 03, 2023","1,083.63","1,085.51","1,088.71","1,082.65","","-0.32%"
"Feb 02, 2023","1,087.07","1,093.24","1,093.37","1,082.78","","-0.72%"
"Feb 01, 2023","1,094.91","1,107.50","1,110.02","1,094.27","","-1.55%"
"Jan 31, 2023","1,112.16","1,110.84","1,113.74","1,108.69","","+0.18%"
"Jan 30, 2023","1,110.13","1,110.05","1,111.96","1,106.10","","-0.04%"
"Jan 27, 2023","1,110.54","1,108.76","1,111.38","1,107.48","","+0.24%"
"Jan 26, 2023","1,107.83","1,107.58","1,114.20","1,106.14","","+0.16%"
"Jan 25, 2023","1,106.07","1,097.96","1,108.43","1,097.87","","+0.66%"
"Jan 24, 2023","1,098.81","1,093.23","1,099.13","1,093.15","","+1.34%"
"Jan 23, 2023","1,084.29","1,086.72","1,086.91","1,080.59","","+0.85%"
"Jan 20, 2023","1,075.16","1,062.78","1,075.16","1,062.13","","+1.24%"
"Jan 19, 2023","1,062.02","1,067.84","1,072.66","1,061.92","","-1.49%"
"Jan 18, 2023","1,078.10","1,062.61","1,084.63","1,060.97","","+1.39%"
"Jan 17, 2023","1,063.31","1,058.49","1,065.32","1,055.28","","+0.82%"
"Jan 16, 2023","1,054.62","1,056.72","1,061.34","1,052.23","","-1.35%"
"Jan 13, 2023","1,069.02","1,072.38","1,079.75","1,068.13","","-0.51%"
"Jan 12, 2023","1,074.50","1,076.90","1,076.92","1,069.12","","+0.15%"
"Jan 11, 2023","1,072.84","1,068.82","1,072.98","1,064.37","","+0.71%"
"Jan 10, 2023","1,065.25","1,051.98","1,069.65","1,051.34","","+1.74%"
"Jan 06, 2023","1,047.08","1,037.73","1,048.11","1,036.15","","+0.57%"
"Jan 05, 2023","1,041.14","1,030.00","1,041.15","1,027.63","","+1.27%"
"Jan 04, 2023","1,028.11","1,027.18","1,030.54","1,017.52","","-0.81%"
"Dec 30, 2022","1,036.51","1,039.98","1,044.00","1,036.51","","+0.34%"
"Dec 29, 2022","1,032.98","1,032.53","1,033.33","1,025.40","","-1.55%"
"Dec 28, 2022","1,049.24","1,046.94","1,050.31","1,045.56","","-0.01%"
"Dec 27, 2022","1,049.36","1,053.70","1,054.18","1,047.39","","+0.05%"
"Dec 26, 2022","1,048.79","1,044.73","1,048.79","1,044.28","","+0.87%"
"Dec 23, 2022","1,039.71","1,036.78","1,041.37","1,033.60","","-0.36%"
"Dec 22, 2022","1,043.47","1,045.41","1,049.67","1,041.46","","+0.40%"
"Dec 21, 2022","1,039.36","1,049.88","1,053.99","1,039.36","","-1.50%"
"Dec 20, 2022","1,055.18","1,076.57","1,079.27","1,048.43","","-2.13%"
"Dec 19, 2022","1,078.17","1,079.87","1,081.57","1,075.68","","-0.64%"
"Dec 16, 2022","1,085.08","1,088.69","1,094.00","1,084.20","","-1.43%"
"Dec 15, 2022","1,100.80","1,095.52","1,105.61","1,095.19","","+0.19%"
"Dec 14, 2022","1,098.66","1,093.65","1,100.89","1,093.65","","+0.60%"
"Dec 13, 2022","1,092.15","1,099.48","1,100.21","1,092.15","","+0.15%"
"Dec 12, 2022","1,090.46","1,089.79","1,091.53","1,087.87","","+0.08%"
"Dec 09, 2022","1,089.56","1,081.23","1,092.19","1,081.23","","+0.74%"
"Dec 08, 2022","1,081.52","1,084.47","1,084.47","1,073.90","","-0.16%"
"Dec 07, 2022","1,083.20","1,079.28","1,089.15","1,079.28","","-0.19%"
"Dec 06, 2022","1,085.22","1,082.44","1,087.11","1,080.54","","0.00%"
"Dec 05, 2022","1,085.27","1,087.05","1,090.91","1,083.32","","-0.15%"
"Dec 02, 2022","1,086.95","1,091.25","1,091.25","1,079.84","","-1.52%"
"Dec 01, 2022","1,103.70","1,106.32","1,110.02","1,103.70","","+0.43%"
"Nov 30, 2022","1,098.99","1,097.97","1,101.87","1,095.99","","+0.10%"
"Nov 29, 2022","1,097.92","1,095.79","1,099.59","1,090.58","","-0.15%"
"Nov 28, 2022","1,099.62","1,110.51","1,111.60","1,096.70","","-0.58%"
"Nov 25, 2022","1,106.04","1,104.51","1,106.64","1,101.55","","+0.20%"
"Nov 24, 2022","1,103.85","1,099.05","1,105.18","1,098.95","","+0.83%"
"Nov 22, 2022","1,094.79","1,090.34","1,096.77","1,089.43","","+0.84%"
"Nov 21, 2022","1,085.70","1,089.38","1,089.38","1,080.08","","-0.05%"
"Nov 18, 2022","1,086.28","1,087.14","1,090.06","1,085.19","","+0.18%"
"Nov 17, 2022","1,084.34","1,075.41","1,084.60","1,074.26","","+0.73%"
"Nov 16, 2022","1,076.48","1,075.30","1,078.47","1,066.78","","+0.26%"
"Nov 15, 2022","1,073.71","1,066.31","1,075.16","1,065.52","","+0.44%"
"Nov 14, 2022","1,068.96","1,066.68","1,075.84","1,064.73","","+0.14%"
"Nov 11, 2022","1,067.46","1,063.31","1,068.46","1,060.24","","+1.73%"
"Nov 10, 2022","1,049.31","1,050.98","1,053.77","1,048.28","","-0.84%"
"Nov 09, 2022","1,058.21","1,049.78","1,058.86","1,047.85","","+0.50%"
"Nov 08, 2022","1,052.90","1,043.03","1,053.36","1,042.96","","+1.37%"
"Nov 07, 2022","1,038.62","1,032.76","1,042.93","1,030.84","","+1.29%"
"Nov 04, 2022","1,025.42","1,051.94","1,051.94","1,022.64","","-3.71%"
"Nov 02, 2022","1,064.92","1,060.52","1,068.87","1,060.52","","+0.35%"
"Nov 01, 2022","1,061.24","1,063.05","1,063.38","1,053.82","","+0.05%"
"Oct 31, 2022","1,060.67","1,068.31","1,068.31","1,051.58","","-0.16%"
"Oct 28, 2022","1,062.35","1,061.24","1,071.66","1,059.69","","-0.65%"
"Oct 27, 2022","1,069.32","1,072.26","1,074.99","1,067.20","","-0.53%"
"Oct 26, 2022","1,075.00","1,078.12","1,082.76","1,075.00","","+0.18%"
"Oct 25, 2022","1,073.09","1,068.97","1,075.28","1,068.12","","+1.09%"
"Oct 24, 2022","1,061.53","1,067.59","1,071.99","1,061.10","","+0.52%"
"Oct 21, 2022","1,056.07","1,060.87","1,063.72","1,056.07","","-0.79%"
"Oct 20, 2022","1,064.47","1,069.57","1,072.45","1,060.25","","-1.63%"
"Oct 19, 2022","1,082.09","1,080.62","1,086.21","1,080.62","","+0.19%"
"Oct 18, 2022","1,079.99","1,081.00","1,082.11","1,071.62","","+0.92%"
"Oct 17, 2022","1,070.19","1,069.32","1,071.91","1,067.45","","-0.92%"
"Oct 14, 2022","1,080.12","1,076.00","1,083.71","1,069.67","","+1.79%"
"Oct 13, 2022","1,061.11","1,063.45","1,066.55","1,060.29","","-0.65%"
"Oct 12, 2022","1,068.03","1,073.52","1,077.43","1,066.49","","-1.12%"
"Oct 11, 2022","1,080.11","1,089.05","1,091.84","1,079.31","","-2.03%"
"Oct 07, 2022","1,102.48","1,100.46","1,107.13","1,093.79","","-1.13%"
"Oct 06, 2022","1,115.06","1,108.92","1,119.85","1,108.92","","+0.76%"
"Oct 05, 2022","1,106.69","1,112.74","1,115.56","1,105.19","","+0.33%"
"Oct 04, 2022","1,103.07","1,093.59","1,106.40","1,090.74","","+2.49%"
"Oct 03, 2022","1,076.31","1,063.51","1,076.55","1,055.30","","+1.50%"
"Sep 30, 2022","1,060.40","1,079.35","1,081.16","1,057.28","","-2.11%"
"Sep 29, 2022","1,083.27","1,077.63","1,086.10","1,074.92","","+0.59%"
"Sep 28, 2022","1,076.88","1,080.02","1,083.93","1,065.51","","-0.74%"
"Sep 27, 2022","1,084.91","1,084.51","1,093.73","1,083.23","","+0.69%"
"Sep 26, 2022","1,077.44","1,100.82","1,100.92","1,076.58","","-3.29%"
"Sep 22, 2022","1,114.13","1,105.50","1,114.82","1,104.30","","+0.27%"
"Sep 21, 2022","1,111.18","1,122.37","1,122.48","1,111.18","","-2.21%"
"Sep 20, 2022","1,136.33","1,137.17","1,144.14","1,133.94","","+0.90%"
"Sep 16, 2022","1,126.19","1,127.42","1,132.10","1,124.67","","-0.18%"
"Sep 15, 2022","1,128.22","1,129.15","1,130.50","1,123.77","","+0.11%"
"Sep 14, 2022","1,126.93","1,126.94","1,133.26","1,119.40","","-1.60%"
"Sep 13, 2022","1,145.31","1,145.55","1,146.42","1,141.46","","-0.02%"
"Sep 12, 2022","1,145.49","1,151.58","1,156.49","1,144.17","","+0.32%"
"Sep 09, 2022","1,141.89","1,141.06","1,143.46","1,136.67","","+0.32%"
"Sep 08, 2022","1,138.20","1,122.07","1,138.20","1,121.43","","+2.39%"
"Sep 07, 2022","1,111.62","1,110.24","1,111.62","1,102.96","","+0.07%"
"Sep 06, 2022","1,110.83","1,109.25","1,113.00","1,103.91","","+0.44%"
"Sep 05, 2022","1,106.01","1,108.12","1,108.72","1,101.83","","-0.36%"
"Sep 02, 2022","1,110.00","1,114.28","1,114.28","1,104.93","","-0.19%"
"Sep 01, 2022","1,112.14","1,118.48","1,118.71","1,108.80","","-1.20%"
"Aug 31, 2022","1,125.64","1,113.56","1,126.36","1,113.53","","+0.50%"
"Aug 30, 2022","1,120.06","1,119.23","1,121.02","1,115.22","","+0.84%"
"Aug 29, 2022","1,110.74","1,117.92","1,117.97","1,108.31","","-2.35%"
"Aug 26, 2022","1,137.47","1,145.33","1,145.33","1,136.38","","+0.01%"
"Aug 25, 2022","1,137.30","1,132.55","1,139.97","1,130.89","","+0.92%"
"Aug 24, 2022","1,126.96","1,124.79","1,134.08","1,124.79","","+0.45%"
"Aug 23, 2022","1,121.89","1,122.83","1,125.93","1,119.69","","-1.20%"
"Aug 22, 2022","1,135.51","1,128.47","1,137.15","1,127.10","","-0.38%"
"Aug 19, 2022","1,139.84","1,144.04","1,144.99","1,136.88","","+0.05%"
"Aug 18, 2022","1,139.25","1,133.16","1,140.49","1,132.53","","-0.38%"
"Aug 17, 2022","1,143.56","1,131.95","1,143.56","1,130.72","","+2.01%"
"Aug 16, 2022","1,121.05","1,122.70","1,124.03","1,119.05","","-0.65%"
"Aug 15, 2022","1,128.35","1,123.09","1,129.59","1,122.95","","+0.72%"
"Aug 12, 2022","1,120.23","1,110.59","1,120.56","1,109.87","","+2.28%"
"Aug 10, 2022","1,095.28","1,090.03","1,097.64","1,080.98","","+0.31%"
"Aug 09, 2022","1,091.92","1,099.72","1,102.73","1,090.33","","-0.95%"
"Aug 08, 2022","1,102.40","1,088.48","1,103.57","1,088.48","","+0.83%"
"Aug 05, 2022","1,093.29","1,085.66","1,095.97","1,079.67","","+0.03%"
"Aug 04, 2022","1,092.93","1,088.48","1,093.53","1,084.29","","+0.88%"
"Aug 03, 2022","1,083.40","1,082.40","1,085.38","1,071.83","","-0.33%"
"Aug 02, 2022","1,087.03","1,097.66","1,097.66","1,082.46","","-1.44%"
"Aug 01, 2022","1,102.89","1,092.15","1,108.07","1,091.04","","+1.35%"
"Jul 29, 2022","1,088.17","1,094.37","1,095.95","1,085.33","","-0.60%"
"Jul 28, 2022","1,094.77","1,101.99","1,103.89","1,089.29","","-0.15%"
"Jul 27, 2022","1,096.43","1,087.54","1,097.96","1,085.30","","+0.60%"
"Jul 26, 2022","1,089.84","1,091.61","1,091.97","1,085.43","","+0.13%"
"Jul 25, 2022","1,088.40","1,090.54","1,096.26","1,087.08","","-0.73%"
"Jul 22, 2022","1,096.39","1,089.34","1,097.71","1,089.03","","+0.43%"
"Jul 21, 2022","1,091.71","1,083.67","1,091.71","1,083.47","","+0.25%"
"Jul 20, 2022","1,088.96","1,073.63","1,088.96","1,073.29","","+2.83%"
"Jul 19, 2022","1,059.04","1,053.56","1,059.78","1,048.45","","+1.41%"
"Jul 15, 2022","1,044.28","1,052.18","1,052.18","1,039.83","","-0.20%"
"Jul 14, 2022","1,046.34","1,041.53","1,050.43","1,039.69","","+0.09%"
"Jul 13, 2022","1,045.42","1,051.90","1,053.55","1,043.93","","+0.35%"
"Jul 12, 2022","1,041.76","1,065.63","1,065.63","1,041.72","","-2.68%"
"Jul 11, 2022","1,070.46","1,072.85","1,076.05","1,066.34","","+0.87%"
"Jul 08, 2022","1,061.23","1,060.91","1,075.54","1,060.91","","+0.42%"
"Jul 07, 2022","1,056.78","1,047.31","1,058.71","1,038.30","","+1.62%"
"Jul 06, 2022","1,039.93","1,048.03","1,051.68","1,039.01","","-1.38%"
"Jul 05, 2022","1,054.53","1,056.76","1,057.30","1,050.30","","+0.43%"
"Jul 04, 2022","1,050.01","1,052.75","1,054.74","1,045.75","","+0.59%"
"Jul 01, 2022","1,043.89","1,065.44","1,065.84","1,040.57","","-1.54%"
"Jun 30, 2022","1,060.17","1,072.12","1,072.12","1,057.29","","-1.12%"
"Jun 29, 2022","1,072.13","1,078.19","1,079.32","1,070.96","","-2.15%"
"Jun 28, 2022","1,095.72","1,085.53","1,095.72","1,085.29","","+0.73%"
"Jun 27, 2022","1,087.82","1,085.01","1,091.39","1,083.87","","+1.68%"
"Jun 24, 2022","1,069.88","1,054.95","1,070.21","1,052.82","","+1.68%"
"Jun 23, 2022","1,052.20","1,053.46","1,063.10","1,049.75","","-0.12%"
"Jun 22, 2022","1,053.46","1,071.42","1,071.42","1,053.46","","-0.85%"
"Jun 21, 2022","1,062.45","1,050.29","1,068.12","1,048.21","","+2.20%"
"Jun 20, 2022","1,039.59","1,066.67","1,067.03","1,036.39","","-1.83%"
"Jun 17, 2022","1,058.96","1,069.60","1,069.66","1,047.45","","-2.90%"
"Jun 16, 2022","1,090.55","1,097.90","1,106.57","1,088.71","","+0.35%"
"Jun 15, 2022","1,086.78","1,098.15","1,100.55","1,086.78","","-0.56%"
"Jun 14, 2022","1,092.89","1,081.93","1,094.74","1,078.74","","-0.37%"
"Jun 13, 2022","1,096.97","1,098.08","1,100.09","1,090.78","","-1.78%"
"Jun 10, 2022","1,116.86","1,113.92","1,125.25","1,113.55","","-0.69%"
"Jun 09, 2022","1,124.59","1,125.95","1,131.81","1,121.47","","-0.43%"
"Jun 08, 2022","1,129.46","1,120.12","1,131.53","1,120.12","","+1.52%"
"Jun 07, 2022","1,112.57","1,109.40","1,118.67","1,109.40","","+0.98%"
"Jun 06, 2022","1,101.74","1,095.52","1,103.94","1,095.00","","0.00%"
"Jun 03, 2022","1,101.77","1,100.83","1,104.84","1,095.98","","+1.06%"
"Jun 02, 2022","1,090.25","1,090.17","1,097.02","1,086.02","","-0.40%"
"Jun 01, 2022","1,094.62","1,074.45","1,094.62","1,073.89","","+2.13%"
"May 31, 2022","1,071.78","1,070.83","1,077.92","1,069.96","","-0.36%"
"May 30, 2022","1,075.66","1,067.54","1,078.16","1,065.64","","+1.97%"
"May 27, 2022","1,054.91","1,056.12","1,057.91","1,050.33","","+1.17%"
"May 26, 2022","1,042.72","1,039.38","1,052.15","1,039.08","","+0.84%"
"May 25, 2022","1,034.05","1,037.10","1,041.02","1,030.71","","-0.15%"
"May 24, 2022","1,035.62","1,049.83","1,049.83","1,035.48","","-1.32%"
"May 23, 2022","1,049.43","1,051.70","1,053.89","1,044.95","","+0.55%"
"May 20, 2022","1,043.64","1,038.43","1,044.74","1,037.66","","+0.15%"
"May 19, 2022","1,042.10","1,030.68","1,043.73","1,022.03","","-0.70%"
"May 18, 2022","1,049.46","1,049.94","1,056.41","1,043.89","","+0.21%"
"May 17, 2022","1,047.22","1,048.73","1,050.14","1,042.87","","-0.23%"
"May 16, 2022","1,049.67","1,073.64","1,073.64","1,048.16","","-1.08%"
"May 13, 2022","1,061.12","1,046.65","1,061.12","1,046.18","","+1.08%"
"May 12, 2022","1,049.82","1,046.00","1,058.23","1,041.46","","-0.27%"
"May 11, 2022","1,052.66","1,052.65","1,058.02","1,048.65","","-1.11%"
"May 10, 2022","1,064.45","1,053.44","1,067.51","1,043.65","","+0.60%"
"May 09, 2022","1,058.05","1,066.12","1,069.07","1,057.96","","-1.55%"
"May 06, 2022","1,074.69","1,060.84","1,077.36","1,053.23","","+0.89%"
"May 02, 2022","1,065.22","1,049.20","1,069.00","1,048.64","","+1.43%"
"Apr 28, 2022","1,050.17","1,018.90","1,050.47","1,018.90","","+3.49%"
"Apr 27, 2022","1,014.78","1,020.84","1,020.96","1,007.14","","-1.84%"
"Apr 26, 2022","1,033.84","1,038.89","1,040.66","1,031.73","","+0.07%"
"Apr 25, 2022","1,033.13","1,033.83","1,038.41","1,029.05","","-1.75%"
"Apr 22, 2022","1,051.53","1,055.27","1,055.45","1,046.59","","-1.38%"
"Apr 21, 2022","1,066.23","1,053.39","1,068.24","1,053.39","","+1.44%"
"Apr 20, 2022","1,051.14","1,050.50","1,058.98","1,046.87","","+1.21%"
"Apr 19, 2022","1,038.53","1,033.97","1,039.43","1,028.15","","+1.13%"
"Apr 18, 2022","1,026.97","1,026.78","1,028.21","1,017.87","","-0.80%"
"Apr 15, 2022","1,035.22","1,034.53","1,040.04","1,027.37","","-0.97%"
"Apr 14, 2022","1,045.37","1,033.01","1,045.69","1,033.01","","+1.48%"
"Apr 13, 2022","1,030.08","1,017.42","1,030.68","1,017.42","","+1.71%"
"Apr 12, 2022","1,012.76","1,026.27","1,026.88","1,012.76","","-1.45%"
"Apr 11, 2022","1,027.62","1,030.41","1,036.38","1,021.17","","-0.38%"
"Apr 08, 2022","1,031.51","1,035.82","1,040.75","1,028.02","","+0.26%"
"Apr 07, 2022","1,028.84","1,039.71","1,039.93","1,022.30","","-2.53%"
"Apr 06, 2022","1,055.51","1,067.20","1,068.71","1,055.41","","-1.89%"
"Apr 05, 2022","1,075.89","1,091.99","1,092.69","1,075.25","","-1.05%"
"Apr 04, 2022","1,087.31","1,090.23","1,090.49","1,080.57","","+0.03%"
"Apr 01, 2022","1,086.97","1,085.42","1,089.65","1,072.92","","-0.50%"
"Mar 31, 2022","1,092.41","1,091.54","1,100.17","1,087.46","","-0.96%"
"Mar 30, 2022","1,103.05","1,110.06","1,112.82","1,091.58","","-0.49%"
"Mar 29, 2022","1,108.43","1,102.52","1,109.48","1,100.61","","+0.90%"
"Mar 28, 2022","1,098.53","1,106.73","1,106.73","1,093.03","","-0.59%"
"Mar 25, 2022","1,105.09","1,115.16","1,115.16","1,099.42","","-0.47%"
"Mar 24, 2022","1,110.29","1,095.32","1,110.29","1,091.60","","+0.14%"
"Mar 23, 2022","1,108.69","1,099.35","1,110.26","1,091.43","","+1.94%"
"Mar 22, 2022","1,087.64","1,092.89","1,093.46","1,085.57","","+0.22%"
"Mar 18, 2022","1,085.26","1,076.21","1,086.27","1,074.74","","+0.47%"
"Mar 17, 2022","1,080.15","1,064.95","1,080.35","1,064.16","","+3.07%"
"Mar 16, 2022","1,048.00","1,046.54","1,054.75","1,041.85","","+0.56%"
"Mar 15, 2022","1,042.15","1,026.69","1,047.01","1,026.54","","+1.54%"
"Mar 14, 2022","1,026.30","1,025.94","1,033.78","1,022.24","","+0.94%"
"Mar 11, 2022","1,016.72","1,018.00","1,020.65","1,008.82","","-1.56%"
"Mar 10, 2022","1,032.85","993.80","1,032.85","993.58","","+5.88%"
"Mar 09, 2022","975.45","986.51","997.30","972.20","","-0.08%"
"Mar 08, 2022","976.19","980.82","999.96","973.78","","-1.52%"
"Mar 07, 2022","991.22","1,011.39","1,012.02","979.36","","-3.52%"
"Mar 04, 2022","1,027.37","1,064.18","1,066.02","1,024.54","","-4.34%"
"Mar 03, 2022","1,073.98","1,074.19","1,077.76","1,068.62","","+0.99%"
"Mar 02, 2022","1,063.47","1,090.99","1,090.99","1,063.47","","-3.98%"
"Mar 01, 2022","1,107.56","1,119.45","1,121.88","1,106.68","","-0.14%"
"Feb 28, 2022","1,109.14","1,113.49","1,113.49","1,098.88","","+0.37%"
"Feb 25, 2022","1,105.02","1,100.32","1,106.36","1,093.69","","+1.19%"
"Feb 24, 2022","1,092.01","1,118.41","1,121.33","1,084.53","","-3.27%"
"Feb 22, 2022","1,128.91","1,144.59","1,144.59","1,120.14","","-2.64%"
"Feb 21, 2022","1,159.55","1,150.51","1,161.52","1,140.21","","-0.70%"
"Feb 18, 2022","1,167.76","1,155.19","1,173.78","1,152.88","","+0.17%"
"Feb 17, 2022","1,165.80","1,179.54","1,180.34","1,160.12","","-1.24%"
"Feb 16, 2022","1,180.47","1,172.31","1,180.96","1,169.91","","+2.21%"
"Feb 15, 2022","1,154.92","1,167.18","1,168.87","1,147.94","","-0.28%"
"Feb 14, 2022","1,158.18","1,159.25","1,164.26","1,147.50","","-1.16%"
"Feb 10, 2022","1,171.74","1,168.42","1,173.33","1,162.78","","+0.94%"
"Feb 09, 2022","1,160.88","1,132.13","1,162.88","1,131.92","","+3.21%"
"Feb 08, 2022","1,124.77","1,127.62","1,135.24","1,120.97","","+0.10%"
"Feb 07, 2022","1,123.62","1,114.30","1,124.65","1,111.02","","+0.21%"
"Feb 04, 2022","1,121.22","1,127.07","1,134.47","1,112.38","","-0.88%"
"Feb 03, 2022","1,131.22","1,125.10","1,132.19","1,121.04","","+0.27%"
"Feb 02, 2022","1,128.21","1,108.66","1,128.26","1,108.66","","+1.75%"
"Feb 01, 2022","1,108.84","1,130.96","1,132.47","1,108.20","","-2.00%"
"Jan 31, 2022","1,131.43","1,118.52","1,135.49","1,110.41","","+0.98%"
"Jan 28, 2022","1,120.47","1,112.87","1,120.60","1,101.64","","+2.14%"
"Jan 27, 2022","1,096.99","1,128.13","1,128.13","1,089.70","","-1.85%"
"Jan 26, 2022","1,117.68","1,125.26","1,127.62","1,113.17","","-0.46%"
"Jan 25, 2022","1,122.86","1,135.50","1,135.83","1,111.55","","-2.09%"
"Jan 24, 2022","1,146.81","1,127.29","1,150.40","1,124.17","","+1.67%"
"Jan 21, 2022","1,127.94","1,122.45","1,129.78","1,108.69","","-1.08%"
"Jan 20, 2022","1,140.22","1,130.18","1,146.00","1,122.54","","+1.00%"
"Jan 19, 2022","1,128.97","1,142.42","1,148.30","1,124.45","","-2.61%"
"Jan 18, 2022","1,159.23","1,181.45","1,181.45","1,154.10","","-1.36%"
"Jan 17, 2022","1,175.27","1,173.27","1,183.39","1,170.97","","+0.56%"
"Jan 14, 2022","1,168.67","1,180.22","1,181.47","1,156.89","","-1.59%"
"Jan 13, 2022","1,187.60","1,198.94","1,200.79","1,187.06","","-1.12%"
"Jan 12, 2022","1,201.03","1,185.21","1,202.01","1,185.13","","+2.28%"
"Jan 11, 2022","1,174.25","1,179.34","1,183.19","1,165.37","","-0.51%"
"Jan 07, 2022","1,180.29","1,191.24","1,198.25","1,177.11","","-0.53%"
"Jan 06, 2022","1,186.54","1,202.89","1,209.13","1,185.19","","-1.68%"
"Jan 05, 2022","1,206.77","1,198.43","1,208.37","1,190.58","","+1.20%"
"Jan 04, 2022","1,192.45","1,198.03","1,198.03","1,188.53","","+0.46%"
"Dec 30, 2021","1,187.04","1,187.18","1,191.31","1,182.73","","-0.38%"
"Dec 29, 2021","1,191.52","1,191.99","1,197.77","1,186.59","","-0.98%"
"Dec 28, 2021","1,203.34","1,194.82","1,203.34","1,192.24","","+1.38%"
"Dec 27, 2021","1,186.92","1,190.80","1,192.01","1,182.64","","-0.24%"
"Dec 24, 2021","1,189.73","1,189.63","1,191.96","1,186.14","","+0.43%"
"Dec 23, 2021","1,184.59","1,178.38","1,184.59","1,176.61","","+0.91%"
"Dec 22, 2021","1,173.90","1,173.87","1,177.56","1,169.15","","-0.04%"
"Dec 21, 2021","1,174.41","1,173.30","1,179.20","1,166.91","","+1.52%"
"Dec 20, 2021","1,156.88","1,180.75","1,182.82","1,156.88","","-3.01%"
"Dec 17, 2021","1,192.79","1,209.51","1,209.77","1,188.65","","-1.49%"
"Dec 16, 2021","1,210.86","1,210.46","1,210.86","1,200.59","","+1.19%"
"Dec 15, 2021","1,196.62","1,195.37","1,202.64","1,195.37","","-0.15%"
"Dec 14, 2021","1,198.44","1,194.93","1,200.26","1,191.31","","+0.13%"
"Dec 13, 2021","1,196.93","1,203.34","1,205.94","1,193.75","","+0.08%"
"Dec 10, 2021","1,195.95","1,201.93","1,209.94","1,192.99","","-0.38%"
"Dec 09, 2021","1,200.50","1,207.33","1,208.60","1,199.90","","-0.50%"
"Dec 08, 2021","1,206.49","1,211.92","1,212.62","1,204.03","","-0.20%"
"Dec 07, 2021","1,208.87","1,185.62","1,210.67","1,178.93","","+3.42%"
"Dec 06, 2021","1,168.85","1,170.46","1,174.48","1,161.20","","+0.09%"
"Dec 03, 2021","1,167.81","1,153.08","1,168.39","1,145.08","","+2.12%"
"Dec 02, 2021","1,143.56","1,137.36","1,154.47","1,136.05","","-0.45%"
"Dec 01, 2021","1,148.68","1,144.37","1,155.41","1,133.69","","+0.75%"
"Nov 30, 2021","1,140.15","1,168.04","1,178.83","1,140.02","","-0.97%"
"Nov 29, 2021","1,151.36","1,159.60","1,171.67","1,149.21","","-2.44%"
"Nov 26, 2021","1,180.10","1,193.18","1,193.63","1,172.96","","-1.36%"
"Nov 25, 2021","1,196.39","1,198.26","1,201.34","1,194.41","","+0.19%"
"Nov 24, 2021","1,194.15","1,215.09","1,219.92","1,191.56","","-1.42%"
"Nov 22, 2021","1,211.29","1,193.82","1,214.25","1,190.87","","+1.07%"
"Nov 19, 2021","1,198.42","1,196.16","1,201.54","1,190.71","","-0.11%"
"Nov 18, 2021","1,199.68","1,183.14","1,203.46","1,180.42","","+0.94%"
"Nov 17, 2021","1,188.45","1,198.87","1,198.87","1,184.04","","-1.13%"
"Nov 16, 2021","1,202.03","1,211.02","1,217.44","1,201.32","","-0.95%"
"Nov 15, 2021","1,213.60","1,223.45","1,224.06","1,209.38","","-0.19%"
"Nov 12, 2021","1,215.86","1,201.74","1,216.42","1,201.39","","+1.41%"
"Nov 11, 2021","1,198.93","1,192.31","1,202.55","1,192.20","","+0.79%"
"Nov 10, 2021","1,189.59","1,200.11","1,202.64","1,188.69","","-0.72%"
"Nov 09, 2021","1,198.21","1,215.31","1,218.93","1,198.21","","-1.46%"
"Nov 08, 2021","1,216.02","1,223.57","1,223.57","1,210.63","","+0.25%"
"Nov 05, 2021","1,213.02","1,225.40","1,230.20","1,208.15","","-2.10%"
"Nov 04, 2021","1,239.03","1,222.79","1,239.03","1,220.12","","+2.10%"
"Nov 02, 2021","1,213.54","1,226.07","1,226.07","1,212.68","","-1.47%"
"Nov 01, 2021","1,231.65","1,226.85","1,232.23","1,216.97","","+2.01%"
"Oct 29, 2021","1,207.38","1,218.88","1,220.18","1,205.11","","-0.98%"
"Oct 28, 2021","1,219.33","1,212.44","1,223.94","1,208.56","","+0.06%"
"Oct 27, 2021","1,218.58","1,220.14","1,228.50","1,210.73","","+0.11%"
"Oct 26, 2021","1,217.19","1,216.05","1,227.50","1,215.18","","+0.91%"
"Oct 25, 2021","1,206.26","1,199.27","1,212.69","1,198.66","","-0.15%"
"Oct 22, 2021","1,208.08","1,191.91","1,219.44","1,190.56","","+0.41%"
"Oct 21, 2021","1,203.18","1,218.91","1,220.97","1,203.18","","-1.20%"
"Oct 20, 2021","1,217.85","1,223.80","1,232.14","1,217.82","","+0.05%"
"Oct 19, 2021","1,217.19","1,216.76","1,221.64","1,210.99","","+0.48%"
"Oct 18, 2021","1,211.35","1,209.85","1,212.08","1,202.62","","+0.41%"
"Oct 15, 2021","1,206.42","1,196.40","1,206.42","1,193.82","","+1.89%"
"Oct 14, 2021","1,184.08","1,179.67","1,184.26","1,176.06","","+0.33%"
"Oct 13, 2021","1,180.14","1,179.67","1,186.97","1,173.02","","-0.33%"
"Oct 12, 2021","1,184.01","1,181.65","1,186.73","1,177.32","","-0.09%"
"Oct 11, 2021","1,185.09","1,160.21","1,185.09","1,158.53","","+2.68%"
"Oct 08, 2021","1,154.14","1,155.46","1,164.86","1,152.75","","+0.86%"
"Oct 07, 2021","1,144.35","1,139.07","1,154.72","1,134.95","","+0.48%"
"Oct 06, 2021","1,138.92","1,132.64","1,165.57","1,130.49","","+1.68%"
"Oct 05, 2021","1,120.15","1,122.13","1,128.14","1,103.71","","-1.47%"
"Oct 04, 2021","1,136.81","1,171.93","1,173.53","1,134.23","","-2.04%"
"Oct 01, 2021","1,160.49","1,173.79","1,178.39","1,158.06","","-2.16%"
"Sep 30, 2021","1,186.10","1,192.19","1,194.81","1,183.03","","0.00%"
"Sep 29, 2021","1,186.10","1,189.20","1,193.07","1,174.93","","-2.26%"
"Sep 28, 2021","1,213.50","1,203.06","1,213.93","1,192.72","","+0.95%"
"Sep 27, 2021","1,202.11","1,208.40","1,213.09","1,199.46","","-0.62%"
"Sep 24, 2021","1,209.59","1,203.64","1,214.48","1,203.64","","+2.19%"
"Sep 22, 2021","1,183.71","1,198.52","1,201.36","1,183.71","","-1.37%"
"Sep 21, 2021","1,200.17","1,209.87","1,210.04","1,195.50","","-2.61%"
"Sep 17, 2021","1,232.35","1,232.85","1,236.93","1,229.69","","-0.55%"
"Sep 16, 2021","1,239.11","1,259.60","1,260.95","1,236.07","","-1.51%"
"Sep 15, 2021","1,258.11","1,256.48","1,258.63","1,248.05","","-1.29%"
"Sep 14, 2021","1,274.51","1,264.81","1,275.23","1,262.95","","+1.39%"
"Sep 13, 2021","1,257.04","1,247.50","1,257.04","1,242.45","","+0.52%"
"Sep 10, 2021","1,250.57","1,235.26","1,250.57","1,235.26","","+1.37%"
"Sep 09, 2021","1,233.71","1,235.34","1,243.03","1,230.77","","-1.11%"
"Sep 08, 2021","1,247.51","1,226.35","1,247.51","1,224.83","","+1.09%"
"Sep 07, 2021","1,234.03","1,237.45","1,243.20","1,232.02","","+0.08%"
"Sep 06, 2021","1,233.05","1,230.10","1,234.41","1,226.32","","+1.31%"
"Sep 03, 2021","1,217.12","1,204.29","1,218.67","1,203.06","","+1.73%"
"Sep 02, 2021","1,196.46","1,192.41","1,196.46","1,186.41","","+0.50%"
"Sep 01, 2021","1,190.52","1,171.99","1,190.52","1,171.99","","+1.65%"
"Aug 31, 2021","1,171.20","1,157.82","1,176.82","1,154.43","","+0.44%"
"Aug 30, 2021","1,166.08","1,156.98","1,166.08","1,153.47","","+2.12%"
"Aug 27, 2021","1,141.90","1,140.49","1,143.34","1,135.50","","-0.10%"
"Aug 26, 2021","1,143.07","1,144.89","1,147.60","1,141.01","","-0.15%"
"Aug 25, 2021","1,144.74","1,144.41","1,152.77","1,141.49","","0.00%"
"Aug 24, 2021","1,144.69","1,129.32","1,146.23","1,129.32","","+1.46%"
"Aug 23, 2021","1,128.23","1,119.24","1,129.28","1,117.70","","+1.83%"
"Aug 20, 2021","1,107.94","1,125.12","1,127.46","1,106.71","","-2.02%"
"Aug 19, 2021","1,130.82","1,136.52","1,141.09","1,129.64","","-1.02%"
"Aug 18, 2021","1,142.52","1,141.05","1,149.00","1,135.24","","+0.46%"
"Aug 17, 2021","1,137.33","1,146.99","1,152.00","1,137.33","","-0.06%"
"Aug 16, 2021","1,137.96","1,151.31","1,151.32","1,133.84","","-1.82%"
"Aug 13, 2021","1,159.02","1,168.90","1,168.90","1,158.40","","-0.75%"
"Aug 12, 2021","1,167.77","1,167.28","1,170.23","1,162.84","","+0.73%"
"Aug 11, 2021","1,159.31","1,145.65","1,162.79","1,145.00","","+2.31%"
"Aug 10, 2021","1,133.08","1,147.44","1,151.94","1,132.33","","-0.81%"
"Aug 06, 2021","1,142.29","1,142.26","1,143.38","1,134.62","","-0.32%"
"Aug 05, 2021","1,145.96","1,141.81","1,147.61","1,141.59","","-0.27%"
"Aug 04, 2021","1,149.09","1,152.33","1,157.38","1,146.90","","-0.37%"
"Aug 03, 2021","1,153.31","1,152.60","1,161.61","1,149.54","","+0.35%"
"Aug 02, 2021","1,149.31","1,120.00","1,153.23","1,119.21","","+4.02%"
"Jul 30, 2021","1,104.88","1,119.88","1,120.68","1,104.57","","-1.64%"
"Jul 29, 2021","1,123.28","1,116.61","1,123.33","1,114.13","","+0.90%"
"Jul 28, 2021","1,113.22","1,113.55","1,120.22","1,109.46","","-0.77%"
"Jul 27, 2021","1,121.89","1,125.57","1,129.48","1,119.75","","+0.46%"
"Jul 26, 2021","1,116.70","1,115.67","1,119.58","1,112.87","","+1.82%"
"Jul 21, 2021","1,096.76","1,100.24","1,107.61","1,093.23","","+1.20%"
"Jul 20, 2021","1,083.76","1,085.49","1,092.18","1,082.63","","-1.10%"
"Jul 19, 2021","1,095.86","1,106.80","1,111.75","1,094.05","","-2.15%"
"Jul 16, 2021","1,119.96","1,111.57","1,125.49","1,108.78","","+0.46%"
"Jul 15, 2021","1,114.87","1,123.20","1,126.15","1,113.40","","-1.16%"
"Jul 14, 2021","1,127.97","1,126.76","1,134.95","1,125.65","","-0.91%"
"Jul 13, 2021","1,138.37","1,123.08","1,138.37","1,123.08","","+1.80%"
"Jul 12, 2021","1,118.24","1,109.37","1,122.27","1,108.91","","+2.42%"
"Jul 09, 2021","1,091.77","1,082.04","1,094.50","1,073.27","","-0.57%"
"Jul 08, 2021","1,098.05","1,113.38","1,114.39","1,098.05","","-1.39%"
"Jul 07, 2021","1,113.53","1,111.53","1,116.14","1,106.66","","-1.32%"
"Jul 06, 2021","1,128.39","1,129.82","1,132.85","1,125.98","","+0.12%"
"Jul 05, 2021","1,127.06","1,129.61","1,131.53","1,124.86","","-0.45%"
"Jul 02, 2021","1,132.21","1,122.95","1,132.21","1,122.48","","+0.75%"
"Jul 01, 2021","1,123.74","1,132.31","1,133.21","1,120.23","","+0.08%"
"Jun 30, 2021","1,122.88","1,137.53","1,140.82","1,122.66","","-0.76%"
"Jun 29, 2021","1,131.44","1,142.81","1,143.65","1,128.16","","-2.36%"
"Jun 28, 2021","1,158.83","1,159.46","1,160.39","1,155.83","","+0.04%"
"Jun 25, 2021","1,158.41","1,156.35","1,159.27","1,151.09","","+0.87%"
"Jun 24, 2021","1,148.42","1,145.55","1,149.51","1,142.19","","+0.10%"
"Jun 23, 2021","1,147.26","1,145.13","1,152.33","1,144.29","","-0.21%"
"Jun 22, 2021","1,149.69","1,135.43","1,151.00","1,133.34","","+3.13%"
"Jun 21, 2021","1,114.75","1,128.40","1,129.23","1,111.42","","-2.95%"
"Jun 18, 2021","1,148.69","1,153.37","1,154.56","1,148.47","","-1.35%"
"Jun 17, 2021","1,164.38","1,173.01","1,173.01","1,161.05","","-0.92%"
"Jun 16, 2021","1,175.24","1,165.78","1,184.64","1,165.67","","+0.76%"
"Jun 15, 2021","1,166.37","1,165.99","1,172.90","1,162.78","","+0.26%"
"Jun 14, 2021","1,163.33","1,168.83","1,171.26","1,159.51","","+0.54%"
"Jun 11, 2021","1,157.06","1,164.36","1,164.36","1,152.36","","-0.54%"
"Jun 10, 2021","1,163.30","1,156.50","1,167.18","1,155.07","","+0.70%"
"Jun 09, 2021","1,155.18","1,164.39","1,165.63","1,155.06","","-0.44%"
"Jun 08, 2021","1,160.27","1,164.65","1,165.06","1,158.36","","-0.42%"
"Jun 07, 2021","1,165.13","1,174.83","1,175.72","1,163.92","","-0.04%"
"Jun 04, 2021","1,165.55","1,157.09","1,167.17","1,152.28","","+0.45%"
"Jun 03, 2021","1,160.35","1,155.91","1,167.24","1,155.84","","-0.06%"
"Jun 02, 2021","1,161.05","1,151.04","1,164.93","1,147.34","","+0.75%"
"Jun 01, 2021","1,152.46","1,155.77","1,159.69","1,140.54","","+0.64%"
"May 31, 2021","1,145.14","1,160.75","1,160.75","1,142.38","","-1.78%"
"May 28, 2021","1,165.86","1,154.33","1,168.86","1,154.33","","+2.05%"
"May 27, 2021","1,142.39","1,149.59","1,150.80","1,141.69","","-0.47%"
"May 26, 2021","1,147.74","1,140.89","1,149.88","1,139.74","","-0.21%"
"May 25, 2021","1,150.11","1,156.33","1,156.33","1,148.24","","-0.32%"
"May 24, 2021","1,153.77","1,146.55","1,160.65","1,146.55","","+0.87%"
"May 21, 2021","1,143.78","1,138.47","1,147.46","1,137.32","","+0.58%"
"May 20, 2021","1,137.19","1,135.42","1,144.02","1,134.47","","-0.44%"
"May 19, 2021","1,142.25","1,146.64","1,156.46","1,139.01","","-1.95%"
"May 18, 2021","1,164.91","1,158.83","1,168.62","1,152.14","","+0.72%"
"May 17, 2021","1,156.59","1,170.44","1,170.44","1,148.05","","-0.20%"
"May 14, 2021","1,158.92","1,164.72","1,166.46","1,154.49","","+0.90%"
"May 13, 2021","1,148.63","1,157.71","1,168.76","1,148.12","","-2.23%"
"May 12, 2021","1,174.83","1,192.45","1,198.21","1,164.03","","-1.24%"
"May 11, 2021","1,189.63","1,220.84","1,226.32","1,184.89","","-3.15%"
"May 10, 2021","1,228.27","1,224.69","1,228.35","1,217.42","","+0.55%"
"May 07, 2021","1,221.52","1,211.85","1,222.62","1,207.01","","+1.27%"
"May 06, 2021","1,206.25","1,191.17","1,209.02","1,190.30","","+1.84%"
"Apr 30, 2021","1,184.47","1,201.59","1,205.79","1,184.25","","-1.60%"
"Apr 28, 2021","1,203.78","1,197.42","1,207.15","1,193.75","","+0.53%"
"Apr 27, 2021","1,197.43","1,194.58","1,203.13","1,190.52","","-0.08%"
"Apr 26, 2021","1,198.42","1,202.87","1,203.42","1,193.30","","+0.05%"
"Apr 23, 2021","1,197.85","1,193.50","1,201.33","1,193.16","","-0.47%"
"Apr 22, 2021","1,203.53","1,200.80","1,206.93","1,192.56","","+1.62%"
"Apr 21, 2021","1,184.35","1,193.18","1,194.24","1,175.98","","-2.26%"
"Apr 20, 2021","1,211.74","1,218.28","1,218.28","1,210.51","","-1.64%"
"Apr 19, 2021","1,231.94","1,223.84","1,240.49","1,221.76","","+0.74%"
"Apr 16, 2021","1,222.94","1,219.82","1,223.21","1,215.85","","+0.66%"
"Apr 15, 2021","1,214.87","1,212.97","1,224.01","1,211.79","","+0.07%"
"Apr 14, 2021","1,213.96","1,217.52","1,217.52","1,208.57","","-0.81%"
"Apr 13, 2021","1,223.82","1,214.56","1,232.92","1,213.98","","+1.11%"
"Apr 12, 2021","1,210.40","1,223.68","1,224.67","1,208.64","","-0.49%"
"Apr 09, 2021","1,216.34","1,214.08","1,227.47","1,212.49","","+0.24%"
"Apr 08, 2021","1,213.39","1,219.68","1,223.55","1,208.39","","-1.18%"
"Apr 07, 2021","1,227.83","1,214.23","1,230.01","1,212.48","","+1.74%"
"Apr 06, 2021","1,206.82","1,226.57","1,226.57","1,201.39","","-1.45%"
"Apr 05, 2021","1,224.61","1,224.47","1,228.11","1,217.99","","+0.60%"
"Apr 02, 2021","1,217.29","1,219.56","1,225.58","1,210.81","","+0.65%"
"Apr 01, 2021","1,209.43","1,223.51","1,230.40","1,206.64","","-0.72%"
"Mar 31, 2021","1,218.21","1,224.82","1,231.50","1,218.21","","-1.05%"
"Mar 30, 2021","1,231.09","1,223.66","1,231.09","1,218.84","","+0.28%"
"Mar 29, 2021","1,227.60","1,238.38","1,241.25","1,216.72","","+0.76%"
"Mar 26, 2021","1,218.38","1,222.57","1,232.62","1,215.49","","+0.69%"
"Mar 25, 2021","1,210.04","1,197.57","1,216.49","1,197.25","","+1.99%"
"Mar 24, 2021","1,186.39","1,188.68","1,198.01","1,185.21","","-1.39%"
"Mar 23, 2021","1,203.06","1,223.11","1,227.50","1,203.06","","-1.29%"
"Mar 22, 2021","1,218.77","1,221.15","1,227.68","1,214.42","","-1.02%"
"Mar 19, 2021","1,231.39","1,215.69","1,233.66","1,213.09","","+0.83%"
"Mar 18, 2021","1,221.29","1,207.28","1,221.55","1,206.11","","+2.10%"
"Mar 17, 2021","1,196.13","1,189.16","1,198.86","1,188.23","","-0.18%"
"Mar 16, 2021","1,198.26","1,195.88","1,202.58","1,194.75","","-0.35%"
"Mar 15, 2021","1,202.49","1,201.70","1,209.83","1,198.63","","+1.00%"
"Mar 12, 2021","1,190.63","1,186.07","1,190.63","1,174.83","","+0.32%"
"Mar 11, 2021","1,186.87","1,177.87","1,187.75","1,177.87","","+0.98%"
"Mar 10, 2021","1,175.39","1,167.71","1,175.67","1,163.22","","+0.20%"
"Mar 09, 2021","1,173.04","1,168.50","1,173.67","1,158.18","","+1.56%"
"Mar 08, 2021","1,155.04","1,165.67","1,170.83","1,148.69","","+0.13%"
"Mar 05, 2021","1,153.57","1,139.84","1,153.57","1,128.12","","+1.03%"
"Mar 04, 2021","1,141.82","1,145.04","1,155.11","1,129.38","","-0.46%"
"Mar 03, 2021","1,147.14","1,137.82","1,147.61","1,134.30","","+1.16%"
"Mar 02, 2021","1,134.03","1,140.51","1,147.83","1,130.05","","+0.04%"
"Mar 01, 2021","1,133.59","1,123.68","1,138.55","1,123.10","","+2.17%"
"Feb 26, 2021","1,109.51","1,140.60","1,140.60","1,109.51","","-3.88%"
"Feb 25, 2021","1,154.31","1,155.88","1,159.77","1,148.04","","+1.28%"
"Feb 24, 2021","1,139.75","1,149.33","1,153.74","1,138.33","","-0.63%"
"Feb 22, 2021","1,147.00","1,156.43","1,160.45","1,145.69","","+0.43%"
"Feb 19, 2021","1,142.10","1,135.16","1,142.49","1,131.89","","-0.04%"
"Feb 18, 2021","1,142.61","1,155.21","1,158.22","1,140.87","","-0.79%"
"Feb 17, 2021","1,151.75","1,145.18","1,154.73","1,144.02","","+0.25%"
"Feb 16, 2021","1,148.88","1,154.36","1,156.79","1,143.80","","-0.61%"
"Feb 15, 2021","1,155.89","1,153.35","1,159.30","1,150.03","","+0.99%"
"Feb 12, 2021","1,144.51","1,167.57","1,167.57","1,142.53","","-1.47%"
"Feb 10, 2021","1,161.59","1,151.25","1,162.62","1,140.56","","+0.24%"
"Feb 09, 2021","1,158.79","1,176.79","1,176.79","1,149.38","","-1.33%"
"Feb 08, 2021","1,174.38","1,166.47","1,176.98","1,164.77","","+0.33%"
"Feb 05, 2021","1,170.56","1,169.40","1,173.93","1,160.33","","+1.20%"
"Feb 04, 2021","1,156.70","1,148.95","1,158.77","1,146.42","","+0.99%"
"Feb 03, 2021","1,145.34","1,136.54","1,150.07","1,136.54","","+1.43%"
"Feb 02, 2021","1,129.19","1,120.89","1,132.44","1,120.57","","+1.20%"
"Feb 01, 2021","1,115.79","1,079.55","1,116.24","1,079.55","","+3.71%"
"Jan 29, 2021","1,075.89","1,089.26","1,095.54","1,074.84","","-0.76%"
"Jan 28, 2021","1,084.11","1,066.97","1,088.89","1,060.82","","-0.35%"
"Jan 27, 2021","1,087.95","1,086.49","1,096.24","1,085.75","","+0.70%"
"Jan 26, 2021","1,080.42","1,088.47","1,090.65","1,077.52","","-0.72%"
"Jan 25, 2021","1,088.29","1,083.35","1,089.53","1,081.58","","+0.40%"
"Jan 22, 2021","1,083.92","1,077.72","1,087.86","1,077.72","","-0.32%"
"Jan 21, 2021","1,087.43","1,091.04","1,100.72","1,082.73","","+0.25%"
"Jan 20, 2021","1,084.67","1,078.91","1,084.67","1,073.85","","+1.15%"
"Jan 19, 2021","1,072.38","1,071.49","1,080.06","1,068.66","","+0.30%"
"Jan 18, 2021","1,069.18","1,075.24","1,081.01","1,065.98","","-1.62%"
"Jan 15, 2021","1,086.80","1,096.34","1,102.55","1,081.54","","-0.47%"
"Jan 14, 2021","1,091.96","1,090.36","1,102.55","1,086.46","","-0.14%"
"Jan 13, 2021","1,093.45","1,081.38","1,095.13","1,080.98","","+0.89%"
"Jan 12, 2021","1,083.82","1,074.90","1,088.30","1,074.14","","-0.19%"
"Jan 08, 2021","1,085.93","1,076.63","1,085.93","1,068.55","","+1.46%"
"Jan 07, 2021","1,070.33","1,060.84","1,079.61","1,060.84","","+2.69%"
"Jan 06, 2021","1,042.26","1,036.88","1,043.45","1,032.74","","+0.48%"
"Jan 05, 2021","1,037.31","1,039.62","1,042.14","1,029.56","","-0.86%"
"Jan 04, 2021","1,046.36","1,058.30","1,058.30","1,033.70","","-0.23%"
"Dec 30, 2020","1,048.75","1,054.46","1,055.80","1,046.02","","-0.94%"
"Dec 29, 2020","1,058.71","1,042.70","1,058.71","1,042.11","","+1.36%"
"Dec 28, 2020","1,044.47","1,046.49","1,047.97","1,039.45","","+0.10%"
"Dec 25, 2020","1,043.44","1,043.40","1,044.24","1,039.75","","+0.26%"
"Dec 24, 2020","1,040.71","1,032.87","1,042.70","1,032.87","","+1.35%"
"Dec 23, 2020","1,026.89","1,034.87","1,034.87","1,017.76","","-0.24%"
"Dec 22, 2020","1,029.33","1,035.68","1,041.15","1,026.59","","-1.64%"
"Dec 21, 2020","1,046.53","1,055.35","1,057.87","1,040.17","","-0.61%"
"Dec 18, 2020","1,052.95","1,050.26","1,053.99","1,044.65","","+0.97%"
"Dec 17, 2020","1,042.85","1,049.96","1,050.11","1,037.12","","-0.85%"
"Dec 16, 2020","1,051.84","1,054.24","1,056.27","1,049.56","","+0.72%"
"Dec 15, 2020","1,044.32","1,032.11","1,045.59","1,032.11","","+0.96%"
"Dec 14, 2020","1,034.35","1,025.20","1,041.46","1,024.51","","+0.61%"
"Dec 11, 2020","1,028.09","1,034.88","1,035.46","1,020.93","","-0.56%"
"Dec 10, 2020","1,033.90","1,046.49","1,047.00","1,033.90","","-1.35%"
"Dec 09, 2020","1,048.04","1,041.72","1,049.97","1,041.28","","+0.91%"
"Dec 08, 2020","1,038.62","1,037.68","1,047.82","1,035.83","","-0.31%"
"Dec 07, 2020","1,041.85","1,058.81","1,059.80","1,038.93","","-1.02%"
"Dec 04, 2020","1,052.63","1,045.26","1,052.82","1,043.82","","+0.32%"
"Dec 03, 2020","1,049.25","1,052.84","1,055.57","1,046.71","","-0.65%"
"Dec 02, 2020","1,056.08","1,057.90","1,060.71","1,050.39","","+0.59%"
"Dec 01, 2020","1,049.86","1,034.02","1,051.99","1,034.02","","+1.70%"
"Nov 30, 2020","1,032.34","1,053.08","1,053.35","1,031.48","","-1.90%"
"Nov 27, 2020","1,052.35","1,044.64","1,055.71","1,043.39","","+0.44%"
"Nov 26, 2020","1,047.79","1,044.29","1,049.08","1,040.85","","+0.02%"
"Nov 25, 2020","1,047.61","1,061.65","1,070.62","1,046.26","","-0.05%"
"Nov 24, 2020","1,048.17","1,042.33","1,056.00","1,042.33","","+2.09%"
"Nov 20, 2020","1,026.67","1,021.16","1,027.46","1,019.64","","-0.16%"
"Nov 19, 2020","1,028.31","1,028.60","1,033.10","1,023.70","","+0.21%"
"Nov 18, 2020","1,026.14","1,035.65","1,036.72","1,024.43","","-1.28%"
"Nov 17, 2020","1,039.47","1,043.27","1,043.27","1,034.68","","+0.36%"
"Nov 16, 2020","1,035.72","1,022.32","1,039.38","1,018.44","","+2.52%"
"Nov 13, 2020","1,010.24","1,014.28","1,017.52","1,003.35","","-1.13%"
"Nov 12, 2020","1,021.82","1,021.11","1,027.07","1,012.22","","-1.28%"
"Nov 11, 2020","1,035.04","1,026.25","1,038.23","1,026.25","","+2.63%"
"Nov 10, 2020","1,008.52","1,000.98","1,019.66","999.88","","+2.44%"
"Nov 09, 2020","984.47","984.44","989.05","977.83","","+0.82%"
"Nov 06, 2020","976.49","966.31","978.18","964.99","","+0.47%"
"Nov 05, 2020","971.89","966.95","973.60","955.84","","-0.52%"
"Nov 04, 2020","977.01","977.55","986.83","970.49","","+1.37%"
"Nov 02, 2020","963.83","947.18","968.89","945.87","","+2.69%"
"Oct 30, 2020","938.56","953.60","960.81","935.83","","-1.22%"
"Oct 29, 2020","950.15","932.55","953.56","932.55","","+0.20%"
"Oct 28, 2020","948.30","945.47","948.38","938.65","","-1.08%"
"Oct 27, 2020","958.67","954.08","959.67","946.69","","-0.39%"
"Oct 26, 2020","962.43","966.23","971.53","960.95","","-0.68%"
"Oct 23, 2020","969.02","970.22","973.08","962.64","","+0.30%"
"Oct 22, 2020","966.10","970.89","973.08","966.10","","-1.09%"
"Oct 21, 2020","976.71","962.38","978.06","961.91","","+1.69%"
"Oct 20, 2020","960.52","955.01","965.73","955.01","","-0.32%"
"Oct 19, 2020","963.56","959.25","966.93","958.70","","+1.01%"
"Oct 16, 2020","953.88","952.88","958.54","950.73","","-0.20%"
"Oct 15, 2020","955.75","957.65","961.74","952.64","","-0.13%"
"Oct 14, 2020","957.03","960.37","960.88","952.05","","-0.68%"
"Oct 13, 2020","963.61","965.06","965.85","955.74","","+0.08%"
"Oct 12, 2020","962.80","968.15","968.25","959.30","","-0.95%"
"Oct 09, 2020","972.04","979.54","979.54","969.00","","-0.48%"
"Oct 08, 2020","976.76","980.96","985.25","975.94","","+0.11%"
"Oct 07, 2020","975.68","963.28","977.53","962.41","","+0.34%"
"Oct 06, 2020","972.42","969.41","974.68","968.04","","+1.10%"
"Oct 05, 2020","961.87","954.65","968.33","954.65","","+2.20%"
"Oct 02, 2020","941.17","953.67","958.05","937.83","","-1.27%"
"Oct 01, 2020","953.27","953.27","953.27","953.27","","0.00%"
"Sep 30, 2020","953.27","977.08","977.08","953.27","","-3.26%"
"Sep 29, 2020","985.43","986.13","991.30","976.12","","-0.48%"
"Sep 28, 2020","990.20","982.30","990.20","975.16","","+1.77%"
"Sep 25, 2020","972.96","966.85","974.93","965.39","","+1.70%"
"Sep 24, 2020","956.72","960.51","961.66","954.35","","-1.00%"
"Sep 23, 2020","966.35","961.73","967.88","958.74","","-0.66%"
"Sep 18, 2020","972.77","970.47","974.23","968.96","","+0.84%"
"Sep 17, 2020","964.71","968.73","969.80","961.93","","-0.71%"
"Sep 16, 2020","971.64","974.53","976.09","970.38","","-0.50%"
"Sep 15, 2020","976.50","981.72","982.41","974.47","","-1.03%"
"Sep 14, 2020","986.63","979.08","987.24","977.82","","+0.76%"
"Sep 11, 2020","979.20","969.70","980.02","968.70","","+0.69%"
"Sep 10, 2020","972.52","954.54","973.22","954.54","","+2.28%"
"Sep 09, 2020","950.81","938.11","952.33","938.11","","+0.17%"
"Sep 08, 2020","949.22","945.76","949.94","944.75","","+1.03%"
"Sep 07, 2020","939.57","936.33","943.77","936.31","","+0.54%"
"Sep 04, 2020","934.55","919.55","935.45","919.55","","+0.23%"
"Sep 03, 2020","932.44","937.27","941.63","931.21","","+0.50%"
"Sep 02, 2020","927.76","928.79","930.12","925.34","","+0.57%"
"Sep 01, 2020","922.52","917.77","925.41","914.84","","-0.35%"
"Aug 31, 2020","925.72","928.38","937.83","925.38","","+0.92%"
"Aug 28, 2020","917.24","925.52","937.85","910.58","","-0.41%"
"Aug 27, 2020","920.97","924.54","924.54","918.11","","-0.65%"
"Aug 26, 2020","926.98","920.55","926.98","917.36","","+0.59%"
"Aug 25, 2020","921.57","919.30","925.74","918.31","","+1.69%"
"Aug 24, 2020","906.27","904.56","907.33","898.29","","+0.40%"
"Aug 21, 2020","902.68","903.62","909.79","902.32","","+0.09%"
"Aug 20, 2020","901.83","906.03","912.56","901.03","","-1.22%"
"Aug 19, 2020","912.93","908.18","914.47","907.15","","-0.18%"
"Aug 18, 2020","914.54","914.32","915.69","908.11","","-0.22%"
"Aug 17, 2020","916.60","922.24","925.95","916.60","","-1.11%"
"Aug 14, 2020","926.90","933.24","933.93","926.22","","-0.15%"
"Aug 13, 2020","928.33","925.29","934.04","925.29","","+1.42%"
"Aug 12, 2020","915.36","904.63","917.38","903.80","","+1.30%"
"Aug 11, 2020","903.65","880.35","903.65","880.35","","+3.82%"
"Aug 07, 2020","870.38","878.09","879.87","866.55","","-0.94%"
"Aug 06, 2020","878.68","879.83","889.04","876.12","","-0.19%"
"Aug 05, 2020","880.33","870.24","881.47","865.97","","+0.44%"
"Aug 04, 2020","876.46","861.59","876.46","861.59","","+2.06%"
"Aug 03, 2020","858.74","846.03","862.72","845.37","","+2.52%"
"Jul 31, 2020","837.60","854.92","857.65","837.60","","-2.93%"
"Jul 30, 2020","862.92","876.49","876.51","861.94","","-1.62%"
"Jul 29, 2020","877.17","885.52","885.52","877.17","","-1.28%"
"Jul 28, 2020","888.55","892.03","899.27","887.16","","-0.19%"
"Jul 27, 2020","890.20","884.14","890.20","870.39","","-0.39%"
"Jul 22, 2020","893.73","900.75","906.81","893.73","","-0.71%"
"Jul 21, 2020","900.10","897.04","901.78","893.97","","-0.14%"
"Jul 20, 2020","901.33","896.49","902.39","888.25","","+0.77%"
"Jul 17, 2020","894.47","897.38","900.34","891.29","","-0.58%"
"Jul 16, 2020","899.67","902.88","911.31","897.15","","+0.44%"
"Jul 15, 2020","895.74","893.47","901.05","890.60","","+1.55%"
"Jul 14, 2020","882.07","882.03","888.41","878.26","","-0.08%"
"Jul 13, 2020","882.82","866.60","882.82","866.18","","+3.76%"
"Jul 10, 2020","850.83","866.10","866.17","850.83","","-2.02%"
"Jul 09, 2020","868.41","871.83","873.52","862.44","","-0.91%"
"Jul 08, 2020","876.39","877.53","889.91","876.39","","-0.47%"
"Jul 07, 2020","880.55","886.47","888.27","874.08","","-0.55%"
"Jul 06, 2020","885.38","869.73","885.65","869.44","","+1.68%"
"Jul 03, 2020","870.79","877.02","878.88","862.43","","+0.36%"
"Jul 02, 2020","867.64","870.44","875.32","863.74","","-0.49%"
"Jul 01, 2020","871.90","887.76","888.00","869.12","","-1.58%"
"Jun 30, 2020","885.93","893.41","898.74","885.35","","+1.07%"
"Jun 29, 2020","876.53","881.84","885.16","874.74","","-2.39%"
"Jun 26, 2020","897.98","897.60","899.37","892.01","","+1.18%"
"Jun 25, 2020","887.53","890.14","893.15","882.59","","-2.05%"
"Jun 24, 2020","906.09","912.83","912.94","901.92","","-1.15%"
"Jun 23, 2020","916.61","919.90","925.04","906.06","","+0.38%"
"Jun 22, 2020","913.17","911.16","918.89","908.43","","-0.45%"
"Jun 19, 2020","917.33","924.61","924.61","912.31","","-0.20%"
"Jun 18, 2020","919.16","913.71","920.34","907.26","","-0.36%"
"Jun 17, 2020","922.46","933.94","933.94","917.75","","-1.50%"
"Jun 16, 2020","936.51","901.87","939.34","901.31","","+5.88%"
"Jun 15, 2020","884.51","911.00","914.90","884.51","","-3.07%"
"Jun 12, 2020","912.54","908.93","915.98","890.02","","-1.71%"
"Jun 11, 2020","928.46","947.37","949.60","928.45","","-3.50%"
"Jun 10, 2020","962.14","954.06","964.70","952.40","","-0.21%"
"Jun 09, 2020","964.13","977.43","977.43","957.52","","-1.04%"
"Jun 08, 2020","974.27","970.67","976.67","965.28","","+0.85%"
"Jun 05, 2020","966.06","956.27","966.45","952.10","","+1.28%"
"Jun 04, 2020","953.89","966.96","967.37","944.97","","+0.23%"
"Jun 03, 2020","951.69","945.66","956.93","945.18","","+2.35%"
"Jun 02, 2020","929.87","925.40","933.82","921.78","","+1.14%"
"Jun 01, 2020","919.37","910.50","924.67","910.50","","+0.67%"
"May 29, 2020","913.23","918.76","929.09","913.23","","-1.58%"
"May 28, 2020","927.91","932.09","939.54","916.33","","+0.57%"
"May 27, 2020","922.66","905.94","925.31","905.44","","+2.42%"
"May 26, 2020","900.86","883.04","904.49","882.19","","+2.78%"
"May 25, 2020","876.47","868.46","877.87","866.06","","+2.57%"
"May 22, 2020","854.54","873.64","873.64","850.96","","-1.74%"
"May 21, 2020","869.70","858.62","872.48","858.01","","+2.02%"
"May 20, 2020","852.50","841.43","856.51","839.36","","+0.85%"
"May 19, 2020","845.31","832.45","851.05","831.85","","+3.52%"
"May 18, 2020","816.54","817.96","819.29","808.87","","+0.15%"
"May 15, 2020","815.33","822.55","826.84","803.23","","+0.79%"
"May 14, 2020","808.90","824.43","824.97","808.90","","-2.92%"
"May 13, 2020","833.20","820.07","838.09","816.85","","+0.06%"
"May 12, 2020","832.71","839.42","839.42","831.09","","-0.98%"
"May 11, 2020","840.96","826.52","841.50","825.97","","+2.83%"
"May 08, 2020","817.83","804.15","817.83","801.90","","+3.13%"
"May 07, 2020","793.00","786.03","795.02","785.94","","-0.32%"
"May 01, 2020","795.52","809.52","811.17","792.12","","-2.88%"
"Apr 30, 2020","819.07","808.44","825.20","808.29","","+3.27%"
"Apr 28, 2020","793.14","793.44","794.50","784.11","","+0.40%"
"Apr 27, 2020","790.00","777.53","790.32","774.51","","+2.99%"
"Apr 24, 2020","767.04","768.92","769.51","760.22","","-0.87%"
"Apr 23, 2020","773.74","753.40","773.74","753.40","","+3.45%"
"Apr 22, 2020","747.94","747.30","752.87","741.62","","-1.12%"
"Apr 21, 2020","756.41","756.48","762.06","751.18","","-1.76%"
"Apr 20, 2020","769.98","764.32","773.16","763.90","","-0.04%"
"Apr 17, 2020","770.28","762.29","777.46","757.01","","+2.10%"
"Apr 16, 2020","754.47","749.46","755.92","745.25","","-0.67%"
"Apr 15, 2020","759.59","769.53","769.53","756.88","","-1.99%"
"Apr 14, 2020","774.98","761.70","777.17","754.46","","+1.60%"
"Apr 13, 2020","762.80","781.32","781.32","762.28","","-2.92%"
"Apr 10, 2020","785.77","777.85","787.85","767.97","","+1.40%"
"Apr 09, 2020","774.92","772.47","777.07","765.30","","+0.95%"
"Apr 08, 2020","767.64","766.94","773.86","749.25","","+0.30%"
"Apr 07, 2020","765.36","747.48","769.11","742.63","","+4.35%"
"Apr 06, 2020","733.48","705.14","738.92","699.13","","+3.10%"
"Apr 03, 2020","711.46","720.40","724.24","702.54","","-1.03%"
"Apr 02, 2020","718.88","727.09","731.18","714.31","","-2.60%"
"Apr 01, 2020","738.04","770.93","774.55","731.75","","-5.27%"
"Mar 31, 2020","779.09","800.41","808.76","775.79","","-3.10%"
"Mar 30, 2020","804.04","799.55","804.04","775.21","","-2.47%"
"Mar 27, 2020","824.41","807.72","824.41","797.88","","+4.04%"
"Mar 26, 2020","792.36","802.04","807.57","782.59","","-2.92%"
"Mar 25, 2020","816.17","759.97","816.46","759.75","","+9.54%"
"Mar 24, 2020","745.11","713.21","745.11","709.93","","+6.62%"
"Mar 23, 2020","698.82","687.73","703.43","678.03","","+1.11%"
"Mar 19, 2020","691.17","723.53","725.01","690.20","","-2.58%"
"Mar 18, 2020","709.50","711.50","739.49","708.61","","+0.34%"
"Mar 17, 2020","707.09","688.42","716.28","671.87","","+1.07%"
"Mar 16, 2020","699.60","731.60","733.99","698.28","","-2.79%"
"Mar 13, 2020","719.71","751.06","751.06","691.61","","-6.11%"
"Mar 12, 2020","766.51","789.86","793.91","759.34","","-4.70%"
"Mar 11, 2020","804.29","813.37","830.49","803.94","","-1.34%"
"Mar 10, 2020","815.18","791.21","820.52","765.35","","+1.08%"
"Mar 09, 2020","806.48","838.31","838.31","800.40","","-5.82%"
"Mar 06, 2020","856.34","871.80","872.61","853.86","","-3.47%"
"Mar 05, 2020","887.15","898.81","899.45","884.36","","+0.29%"
"Mar 04, 2020","884.60","876.54","892.43","874.12","","-0.37%"
"Mar 03, 2020","887.92","914.14","915.97","887.92","","-1.75%"
"Mar 02, 2020","903.76","886.92","917.03","885.12","","+0.34%"
"Feb 28, 2020","900.74","914.51","915.03","887.49","","-3.42%"
"Feb 27, 2020","932.59","945.06","945.31","926.76","","-2.62%"
"Feb 26, 2020","957.65","950.81","959.05","941.25","","-0.72%"
"Feb 25, 2020","964.58","985.28","985.28","958.11","","-4.03%"
"Feb 21, 2020","1,005.04","1,004.25","1,011.60","1,003.89","","-0.21%"
"Feb 20, 2020","1,007.20","1,014.93","1,018.90","1,005.12","","+0.60%"
"Feb 19, 2020","1,001.24","1,006.45","1,008.50","1,000.31","","-0.48%"
"Feb 18, 2020","1,006.03","1,010.91","1,012.98","1,002.16","","-0.95%"
"Feb 17, 2020","1,015.63","1,015.93","1,017.53","1,004.59","","-0.81%"
"Feb 14, 2020","1,023.91","1,017.76","1,024.56","1,014.60","","+0.06%"
"Feb 13, 2020","1,023.26","1,027.92","1,029.48","1,021.51","","-0.80%"
"Feb 12, 2020","1,031.47","1,038.16","1,041.75","1,027.53","","-0.63%"
"Feb 10, 2020","1,038.01","1,036.68","1,044.54","1,035.88","","-1.20%"
"Feb 07, 2020","1,050.59","1,060.82","1,060.82","1,048.08","","-0.85%"
"Feb 06, 2020","1,059.61","1,055.99","1,067.81","1,055.20","","+2.01%"
"Feb 05, 2020","1,038.78","1,039.36","1,044.39","1,035.08","","+0.93%"
"Feb 04, 2020","1,029.23","1,012.39","1,030.96","1,011.29","","+0.80%"
"Feb 03, 2020","1,021.08","1,013.22","1,025.15","1,006.79","","-0.50%"
"Jan 31, 2020","1,026.17","1,022.05","1,032.41","1,019.86","","+1.04%"
"Jan 30, 2020","1,015.61","1,035.23","1,039.16","1,008.99","","-2.42%"
"Jan 29, 2020","1,040.78","1,043.40","1,043.68","1,033.94","","+0.08%"
"Jan 28, 2020","1,039.93","1,036.24","1,041.93","1,030.90","","-0.96%"
"Jan 27, 2020","1,050.05","1,054.88","1,056.59","1,047.39","","-2.07%"
"Jan 24, 2020","1,072.23","1,076.56","1,078.02","1,070.98","","-0.38%"
"Jan 23, 2020","1,076.34","1,081.39","1,084.81","1,075.74","","-1.28%"
"Jan 22, 2020","1,090.35","1,080.46","1,091.50","1,080.01","","+0.21%"
"Jan 21, 2020","1,088.09","1,090.89","1,097.61","1,086.06","","-0.39%"
"Jan 20, 2020","1,092.35","1,084.68","1,094.30","1,081.87","","+0.93%"
"Jan 17, 2020","1,082.32","1,079.36","1,083.65","1,075.46","","+0.99%"
"Jan 16, 2020","1,071.66","1,075.53","1,075.99","1,068.33","","+0.11%"
"Jan 15, 2020","1,070.53","1,071.95","1,076.01","1,065.84","","-0.58%"
"Jan 14, 2020","1,076.78","1,078.12","1,081.82","1,071.87","","-0.02%"
"Jan 10, 2020","1,077.02","1,075.50","1,079.13","1,074.23","","+0.46%"
"Jan 09, 2020","1,072.14","1,072.54","1,075.19","1,069.67","","+1.57%"
"Jan 08, 2020","1,055.57","1,063.00","1,063.26","1,044.40","","-2.36%"
"Jan 07, 2020","1,081.12","1,072.25","1,081.12","1,068.94","","+1.57%"
"Jan 06, 2020","1,064.45","1,063.27","1,064.45","1,054.94","","-1.54%"
"Dec 30, 2019","1,081.15","1,082.38","1,086.89","1,077.38","","-1.01%"
"Dec 27, 2019","1,092.22","1,096.65","1,096.81","1,089.71","","-0.37%"
"Dec 26, 2019","1,096.28","1,083.83","1,096.28","1,083.53","","+1.15%"
"Dec 25, 2019","1,083.84","1,090.66","1,091.44","1,081.57","","-1.01%"
"Dec 24, 2019","1,094.86","1,095.50","1,097.23","1,092.29","","+0.39%"
"Dec 23, 2019","1,090.56","1,098.45","1,098.45","1,089.57","","-0.63%"
"Dec 20, 2019","1,097.49","1,098.76","1,100.48","1,092.20","","+0.25%"
"Dec 19, 2019","1,094.80","1,095.64","1,097.25","1,090.36","","+0.03%"
"Dec 18, 2019","1,094.46","1,098.68","1,099.49","1,091.02","","-0.57%"
"Dec 17, 2019","1,100.70","1,107.06","1,107.53","1,095.80","","+0.13%"
"Dec 16, 2019","1,099.30","1,106.24","1,106.47","1,099.30","","-0.72%"
"Dec 13, 2019","1,107.27","1,105.07","1,111.52","1,103.80","","+1.92%"
"Dec 12, 2019","1,086.44","1,096.71","1,096.71","1,085.67","","-0.23%"
"Dec 11, 2019","1,088.95","1,091.73","1,092.10","1,084.96","","-0.59%"
"Dec 10, 2019","1,095.43","1,091.42","1,097.06","1,090.40","","-0.14%"
"Dec 09, 2019","1,096.98","1,104.22","1,104.29","1,092.08","","+0.35%"
"Dec 06, 2019","1,093.15","1,087.57","1,094.60","1,087.57","","+0.70%"
"Dec 05, 2019","1,085.52","1,074.88","1,087.93","1,074.88","","+1.94%"
"Dec 04, 2019","1,064.82","1,062.41","1,066.28","1,055.50","","-0.60%"
"Dec 03, 2019","1,071.28","1,064.41","1,072.06","1,061.45","","-0.96%"
"Dec 02, 2019","1,081.62","1,070.92","1,084.78","1,070.92","","+1.48%"
"Nov 29, 2019","1,065.85","1,078.58","1,079.59","1,065.10","","-1.08%"
"Nov 28, 2019","1,077.47","1,077.27","1,080.02","1,071.91","","-0.07%"
"Nov 27, 2019","1,078.18","1,074.59","1,081.05","1,073.83","","+1.16%"
"Nov 26, 2019","1,065.84","1,073.86","1,080.67","1,065.50","","-0.28%"
"Nov 25, 2019","1,068.86","1,067.54","1,071.11","1,064.38","","+1.10%"
"Nov 22, 2019","1,057.25","1,050.26","1,062.93","1,050.14","","+0.73%"
"Nov 21, 2019","1,049.56","1,045.19","1,050.58","1,033.27","","-0.07%"
"Nov 20, 2019","1,050.27","1,057.71","1,062.60","1,046.82","","-1.22%"
"Nov 19, 2019","1,063.29","1,057.04","1,065.06","1,054.59","","+0.39%"
"Nov 18, 2019","1,059.12","1,061.19","1,061.19","1,053.60","","-0.11%"
"Nov 15, 2019","1,060.30","1,054.66","1,063.87","1,051.56","","+0.12%"
"Nov 14, 2019","1,058.99","1,071.77","1,071.77","1,058.13","","-1.52%"
"Nov 13, 2019","1,075.37","1,081.61","1,085.40","1,074.37","","-0.94%"
"Nov 12, 2019","1,085.54","1,079.77","1,087.13","1,077.36","","+0.45%"
"Nov 11, 2019","1,080.70","1,085.20","1,089.98","1,078.97","","+0.16%"
"Nov 08, 2019","1,078.98","1,073.52","1,080.01","1,069.89","","+1.15%"
"Nov 07, 2019","1,066.71","1,068.28","1,070.27","1,063.18","","-0.50%"
"Nov 06, 2019","1,072.02","1,071.23","1,076.94","1,068.26","","+0.68%"
"Nov 05, 2019","1,064.80","1,048.09","1,068.16","1,047.30","","+2.78%"
"Nov 01, 2019","1,035.96","1,029.21","1,037.34","1,021.89","","+0.13%"
"Oct 31, 2019","1,034.65","1,025.78","1,035.98","1,024.14","","+1.47%"
"Oct 30, 2019","1,019.71","1,026.92","1,026.92","1,013.99","","-0.95%"
"Oct 29, 2019","1,029.47","1,023.43","1,030.22","1,019.39","","+1.62%"
"Oct 28, 2019","1,013.07","1,012.82","1,016.15","1,009.17","","+0.82%"
"Oct 25, 2019","1,004.83","1,006.59","1,006.59","999.83","","+0.02%"
"Oct 24, 2019","1,004.59","1,002.32","1,005.23","999.08","","+0.80%"
"Oct 23, 2019","996.62","994.51","997.61","984.82","","+0.73%"
"Oct 21, 2019","989.35","993.62","995.00","987.69","","-0.13%"
"Oct 18, 2019","990.68","989.35","997.20","987.58","","+1.07%"
"Oct 17, 2019","980.22","991.22","991.22","980.22","","-1.13%"
"Oct 16, 2019","991.40","985.85","992.78","984.69","","+2.18%"
"Oct 15, 2019","970.27","972.27","977.13","969.37","","+1.60%"
"Oct 11, 2019","955.00","951.27","957.06","945.94","","+1.11%"
"Oct 10, 2019","944.49","940.55","945.06","931.76","","+0.97%"
"Oct 09, 2019","935.45","929.20","935.87","927.22","","-0.83%"
"Oct 08, 2019","943.24","939.70","947.96","939.70","","+1.21%"
"Oct 07, 2019","931.92","937.98","939.88","928.46","","-0.20%"
"Oct 04, 2019","933.76","930.43","934.66","927.59","","-0.13%"
"Oct 03, 2019","935.02","935.99","936.64","928.00","","-2.04%"
"Oct 02, 2019","954.53","955.20","958.41","951.78","","-1.08%"
"Oct 01, 2019","964.97","955.51","968.03","955.43","","+1.54%"
"Sep 30, 2019","950.32","955.85","960.71","947.05","","-1.07%"
"Sep 27, 2019","960.56","969.01","969.96","952.68","","-1.13%"
"Sep 26, 2019","971.57","968.93","978.77","967.88","","+1.59%"
"Sep 25, 2019","956.33","952.85","959.44","949.88","","-0.68%"
"Sep 24, 2019","962.92","957.59","967.06","954.80","","+0.49%"
"Sep 20, 2019","958.19","961.82","963.82","955.09","","-0.03%"
"Sep 19, 2019","958.48","959.51","969.80","957.57","","+0.14%"
"Sep 18, 2019","957.13","963.22","963.22","953.81","","-1.18%"
"Sep 17, 2019","968.51","969.62","974.90","964.13","","-0.17%"
"Sep 13, 2019","970.15","959.96","970.59","956.06","","+0.94%"
"Sep 12, 2019","961.08","962.87","966.45","957.65","","+0.53%"
"Sep 11, 2019","956.01","945.78","957.22","945.78","","+2.62%"
"Sep 10, 2019","931.60","921.33","931.60","921.33","","+2.37%"
"Sep 09, 2019","910.03","906.04","910.03","901.79","","+0.46%"
"Sep 06, 2019","905.89","905.64","909.28","903.58","","+1.12%"
"Sep 05, 2019","895.84","885.22","900.70","884.38","","+2.27%"
"Sep 04, 2019","875.95","877.01","877.49","868.75","","-0.63%"
"Sep 03, 2019","881.46","873.94","883.66","873.94","","+0.89%"
"Sep 02, 2019","873.71","878.30","879.08","873.40","","-0.58%"
"Aug 30, 2019","878.79","874.61","879.43","873.26","","+1.60%"
"Aug 29, 2019","864.98","865.71","868.09","858.17","","+0.60%"
"Aug 28, 2019","859.81","857.41","863.50","856.52","","+0.15%"
"Aug 27, 2019","858.49","861.56","865.71","858.36","","+0.58%"
"Aug 26, 2019","853.51","861.44","861.44","849.53","","-2.75%"
"Aug 23, 2019","877.69","878.47","880.48","875.07","","-0.20%"
"Aug 22, 2019","879.41","882.64","883.93","877.13","","+0.35%"
"Aug 21, 2019","876.35","874.22","878.84","873.56","","-1.59%"
"Aug 20, 2019","890.48","882.41","890.48","882.14","","+1.06%"
"Aug 19, 2019","881.10","878.60","885.97","875.97","","+1.26%"
"Aug 16, 2019","870.10","864.46","873.00","862.70","","-0.31%"
"Aug 15, 2019","872.82","868.63","875.12","862.18","","-1.59%"
"Aug 14, 2019","886.88","885.25","887.53","878.58","","+1.56%"
"Aug 13, 2019","873.23","873.58","874.71","864.31","","-1.49%"
"Aug 09, 2019","886.46","895.53","896.79","883.77","","-0.66%"
"Aug 08, 2019","892.39","888.47","900.32","888.47","","+0.44%"
"Aug 07, 2019","888.52","893.21","901.67","885.46","","-1.11%"
"Aug 06, 2019","898.52","879.96","899.02","867.83","","+0.05%"
"Aug 05, 2019","898.03","916.97","917.34","889.01","","-2.99%"
"Aug 02, 2019","925.71","939.57","939.57","921.17","","-3.28%"
"Aug 01, 2019","957.10","956.47","963.79","946.86","","-1.04%"
"Jul 31, 2019","967.14","974.99","981.21","967.14","","-1.47%"
"Jul 30, 2019","981.55","977.95","986.03","975.12","","+0.44%"
"Jul 29, 2019","977.29","979.53","981.01","974.51","","-0.92%"
"Jul 26, 2019","986.32","989.14","989.58","980.26","","-0.93%"
"Jul 25, 2019","995.58","995.27","997.29","992.27","","+0.35%"
"Jul 24, 2019","992.08","992.93","996.25","990.51","","+0.26%"
"Jul 23, 2019","989.50","978.37","992.46","977.20","","+1.28%"
"Jul 22, 2019","976.98","975.02","981.67","974.63","","+0.24%"
"Jul 19, 2019","974.63","957.95","976.90","954.20","","+2.07%"
"Jul 18, 2019","954.88","972.03","973.30","952.80","","-2.48%"
"Jul 17, 2019","979.16","979.74","984.12","976.03","","-0.26%"
"Jul 16, 2019","981.68","980.31","984.02","979.53","","-0.18%"
"Jul 12, 2019","983.46","987.21","987.51","980.38","","-0.07%"
"Jul 11, 2019","984.16","979.12","984.33","974.60","","+0.58%"
"Jul 10, 2019","978.51","980.30","982.33","976.44","","-0.57%"
"Jul 09, 2019","984.07","993.15","995.90","980.63","","-1.01%"
"Jul 08, 2019","994.13","995.67","997.42","991.81","","-0.92%"
"Jul 05, 2019","1,003.34","1,005.27","1,005.27","1,000.16","","0.00%"
"Jul 04, 2019","1,003.31","1,002.67","1,004.86","1,000.38","","+0.44%"
"Jul 03, 2019","998.91","1,002.94","1,002.94","993.82","","-1.48%"
"Jul 02, 2019","1,013.92","1,010.63","1,016.08","1,007.31","","+0.16%"
"Jul 01, 2019","1,012.30","1,007.36","1,013.35","1,001.79","","+2.40%"
"Jun 28, 2019","988.54","986.20","991.24","980.94","","-0.42%"
"Jun 27, 2019","992.69","976.93","992.69","976.08","","+2.26%"
"Jun 26, 2019","970.71","969.27","979.42","969.27","","-0.72%"
"Jun 25, 2019","977.76","981.20","987.73","974.66","","-0.12%"
"Jun 24, 2019","978.95","975.36","980.59","972.56","","-0.04%"
"Jun 21, 2019","979.33","987.84","989.68","978.29","","-0.78%"
"Jun 20, 2019","987.05","982.72","988.59","973.97","","+1.09%"
"Jun 19, 2019","976.40","970.56","981.61","969.31","","+2.44%"
"Jun 18, 2019","953.12","961.29","967.46","951.78","","-1.05%"
"Jun 17, 2019","963.22","968.39","971.42","963.22","","-1.03%"
"Jun 14, 2019","973.29","968.89","976.25","965.48","","+0.35%"
"Jun 13, 2019","969.91","974.74","977.06","963.24","","-1.51%"
"Jun 12, 2019","984.82","981.34","990.42","980.02","","-0.34%"
"Jun 11, 2019","988.14","977.30","990.45","972.64","","+1.02%"
"Jun 10, 2019","978.14","974.69","980.74","969.16","","+1.55%"
"Jun 07, 2019","963.21","957.12","965.61","955.87","","+0.77%"
"Jun 06, 2019","955.88","960.82","965.70","955.88","","-1.13%"
"Jun 05, 2019","966.80","953.35","966.80","953.05","","+3.22%"
"Jun 04, 2019","936.66","919.70","937.13","918.43","","+2.23%"
"Jun 03, 2019","916.23","922.90","924.91","911.90","","-2.60%"
"May 31, 2019","940.70","954.75","955.40","939.99","","-2.45%"
"May 30, 2019","964.32","949.49","964.50","949.49","","+0.60%"
"May 29, 2019","958.60","958.78","962.44","949.11","","-1.20%"
"May 28, 2019","970.20","968.20","971.64","965.46","","-0.13%"
"May 27, 2019","971.44","973.70","976.57","968.04","","-0.09%"
"May 24, 2019","972.28","953.33","972.39","952.66","","+0.52%"
"May 23, 2019","967.26","968.08","969.25","962.61","","-0.35%"
"May 22, 2019","970.61","978.15","982.70","969.86","","-0.11%"
"May 21, 2019","971.67","959.49","973.06","957.19","","+0.21%"
"May 20, 2019","969.61","971.90","978.46","965.95","","-0.17%"
"May 17, 2019","971.28","965.12","978.52","961.83","","+1.50%"
"May 16, 2019","956.96","958.10","958.10","949.15","","-0.18%"
"May 15, 2019","958.69","960.50","961.23","951.09","","-0.04%"
"May 14, 2019","959.03","946.50","959.71","936.44","","-0.40%"
"May 13, 2019","962.91","962.89","970.63","960.82","","-0.91%"
"May 10, 2019","971.74","971.04","984.42","965.70","","-0.53%"
"May 09, 2019","976.96","987.45","987.45","973.09","","-1.70%"
"May 08, 2019","993.88","1,007.08","1,008.06","990.31","","-2.53%"
"May 07, 2019","1,019.65","1,060.08","1,060.08","1,016.87","","-4.10%"
"Apr 26, 2019","1,063.21","1,066.17","1,066.17","1,056.82","","-0.67%"
"Apr 25, 2019","1,070.36","1,065.89","1,072.88","1,061.94","","+0.41%"
"Apr 24, 2019","1,065.94","1,088.85","1,088.85","1,064.84","","-1.54%"
"Apr 23, 2019","1,082.64","1,086.66","1,090.17","1,075.68","","-0.52%"
"Apr 22, 2019","1,088.29","1,089.21","1,092.27","1,083.00","","-0.56%"
"Apr 19, 2019","1,094.39","1,100.08","1,100.36","1,093.21","","+0.08%"
"Apr 18, 2019","1,093.51","1,109.99","1,110.73","1,091.49","","-1.26%"
"Apr 17, 2019","1,107.48","1,105.08","1,112.61","1,104.03","","+0.27%"
"Apr 16, 2019","1,104.51","1,107.96","1,111.35","1,102.55","","-0.47%"
"Apr 15, 2019","1,109.69","1,101.97","1,112.12","1,101.97","","+2.01%"
"Apr 12, 2019","1,087.87","1,091.52","1,092.68","1,084.60","","-0.32%"
"Apr 11, 2019","1,091.31","1,090.13","1,093.21","1,083.50","","+0.07%"
"Apr 10, 2019","1,090.58","1,087.25","1,092.23","1,085.15","","-0.73%"
"Apr 09, 2019","1,098.57","1,101.41","1,103.70","1,090.82","","-0.67%"
"Apr 08, 2019","1,106.03","1,120.53","1,122.26","1,104.94","","-0.76%"
"Apr 05, 2019","1,114.52","1,108.90","1,115.23","1,108.16","","+0.81%"
"Apr 04, 2019","1,105.60","1,107.54","1,112.56","1,103.38","","+0.23%"
"Apr 03, 2019","1,103.09","1,089.81","1,103.91","1,085.40","","+1.01%"
"Apr 02, 2019","1,092.04","1,094.55","1,099.10","1,089.69","","+0.96%"
"Apr 01, 2019","1,081.68","1,072.22","1,085.63","1,069.77","","+2.10%"
"Mar 29, 2019","1,059.46","1,061.24","1,061.61","1,052.79","","+1.09%"
"Mar 28, 2019","1,047.99","1,054.75","1,055.12","1,045.61","","-1.64%"
"Mar 27, 2019","1,065.44","1,062.33","1,065.51","1,054.17","","-0.09%"
"Mar 26, 2019","1,066.44","1,049.51","1,066.67","1,047.77","","+2.63%"
"Mar 25, 2019","1,039.12","1,057.83","1,057.89","1,034.18","","-3.37%"
"Mar 22, 2019","1,075.41","1,077.32","1,082.30","1,070.81","","+0.48%"
"Mar 20, 2019","1,070.25","1,065.03","1,070.25","1,064.07","","+0.56%"
"Mar 19, 2019","1,064.30","1,063.08","1,065.46","1,054.60","","+0.05%"
"Mar 18, 2019","1,063.81","1,067.28","1,067.43","1,057.18","","+0.80%"
"Mar 15, 2019","1,055.40","1,050.57","1,059.45","1,049.57","","+0.38%"
"Mar 14, 2019","1,051.45","1,065.16","1,067.08","1,050.92","","-0.53%"
"Mar 13, 2019","1,057.00","1,063.55","1,069.67","1,055.18","","-1.16%"
"Mar 12, 2019","1,069.36","1,061.16","1,071.98","1,060.85","","+1.86%"
"Mar 11, 2019","1,049.85","1,043.09","1,050.26","1,036.49","","+0.58%"
"Mar 08, 2019","1,043.77","1,061.67","1,062.42","1,042.74","","-2.72%"
"Mar 07, 2019","1,072.92","1,073.98","1,075.82","1,069.77","","-0.70%"
"Mar 06, 2019","1,080.47","1,082.14","1,083.17","1,077.37","","-0.65%"
"Mar 05, 2019","1,087.59","1,089.74","1,090.77","1,082.55","","-0.67%"
"Mar 04, 2019","1,094.90","1,097.74","1,097.74","1,088.64","","+0.82%"
"Mar 01, 2019","1,085.98","1,087.71","1,089.83","1,080.03","","+0.29%"
"Feb 28, 2019","1,082.82","1,088.93","1,090.36","1,081.26","","-0.67%"
"Feb 27, 2019","1,090.11","1,092.76","1,097.86","1,089.02","","+0.05%"
"Feb 26, 2019","1,089.61","1,094.61","1,095.57","1,084.66","","-0.63%"
"Feb 25, 2019","1,096.51","1,094.35","1,103.50","1,091.13","","+1.34%"
"Feb 22, 2019","1,082.04","1,079.40","1,083.61","1,071.65","","-0.29%"
"Feb 21, 2019","1,085.21","1,082.30","1,089.62","1,076.36","","+0.05%"
"Feb 20, 2019","1,084.72","1,086.26","1,090.82","1,081.08","","+0.23%"
"Feb 19, 2019","1,082.28","1,079.88","1,085.99","1,075.58","","-0.16%"
"Feb 18, 2019","1,084.02","1,080.02","1,084.57","1,078.32","","+2.12%"
"Feb 15, 2019","1,061.48","1,072.60","1,072.60","1,059.44","","-1.53%"
"Feb 14, 2019","1,077.99","1,075.83","1,085.44","1,073.14","","+0.04%"
"Feb 13, 2019","1,077.56","1,065.64","1,079.26","1,062.11","","+1.56%"
"Feb 12, 2019","1,061.03","1,038.89","1,064.16","1,037.27","","+2.71%"
"Feb 08, 2019","1,033.04","1,051.02","1,051.02","1,031.05","","-2.65%"
"Feb 07, 2019","1,061.16","1,062.86","1,066.86","1,055.48","","-0.11%"
"Feb 06, 2019","1,062.38","1,066.41","1,070.36","1,058.41","","-0.19%"
"Feb 05, 2019","1,064.44","1,063.51","1,067.33","1,060.94","","+0.12%"
"Feb 04, 2019","1,063.17","1,047.42","1,063.17","1,047.42","","+1.82%"
"Feb 01, 2019","1,044.18","1,050.62","1,055.20","1,042.13","","-1.21%"
"Jan 31, 2019","1,056.94","1,050.32","1,062.05","1,050.32","","+1.92%"
"Jan 30, 2019","1,036.99","1,045.82","1,046.71","1,036.33","","-0.28%"
"Jan 29, 2019","1,039.91","1,042.93","1,044.35","1,031.16","","-0.40%"
"Jan 28, 2019","1,044.11","1,048.07","1,050.73","1,042.86","","-0.30%"
"Jan 25, 2019","1,047.26","1,033.38","1,051.81","1,033.10","","+1.58%"
"Jan 24, 2019","1,031.02","1,023.70","1,033.05","1,022.20","","+0.53%"
"Jan 23, 2019","1,025.62","1,020.64","1,030.01","1,016.79","","-0.11%"
"Jan 22, 2019","1,026.78","1,039.11","1,040.84","1,022.13","","-0.76%"
"Jan 21, 2019","1,034.61","1,032.65","1,039.48","1,029.94","","+1.33%"
"Jan 18, 2019","1,021.03","1,017.45","1,025.90","1,016.07","","+1.00%"
"Jan 17, 2019","1,010.92","1,010.56","1,017.03","1,007.47","","+0.56%"
"Jan 16, 2019","1,005.33","1,015.66","1,015.83","1,001.87","","-0.66%"
"Jan 15, 2019","1,012.00","988.28","1,013.08","987.06","","+1.72%"
"Jan 11, 2019","994.88","998.72","1,002.22","993.02","","+0.32%"
"Jan 10, 2019","991.73","996.11","996.64","983.52","","-1.06%"
"Jan 09, 2019","1,002.31","998.15","1,005.50","995.52","","+1.16%"
"Jan 08, 2019","990.79","985.93","998.47","983.80","","+1.37%"
"Jan 07, 2019","977.41","965.70","987.98","965.24","","+3.11%"
"Jan 04, 2019","947.89","950.81","951.32","922.67","","-2.15%"
"Dec 28, 2018","968.75","968.89","980.54","966.98","","-0.47%"
"Dec 27, 2018","973.28","951.42","976.84","951.42","","+4.42%"
"Dec 26, 2018","932.07","922.42","938.55","914.99","","+1.92%"
"Dec 25, 2018","914.52","944.35","944.79","912.30","","-5.06%"
"Dec 21, 2018","963.24","976.78","979.55","955.98","","-2.01%"
"Dec 20, 2018","982.96","1,009.19","1,013.08","978.07","","-3.34%"
"Dec 19, 2018","1,016.94","1,017.80","1,022.75","1,007.05","","+0.41%"
"Dec 18, 2018","1,012.77","1,008.31","1,024.87","1,002.76","","-1.17%"
"Dec 17, 2018","1,024.73","1,027.91","1,038.58","1,023.33","","-0.38%"
"Dec 14, 2018","1,028.69","1,039.79","1,043.53","1,022.74","","-1.62%"
"Dec 13, 2018","1,045.63","1,037.71","1,049.15","1,034.35","","+1.35%"
"Dec 12, 2018","1,031.75","1,013.68","1,035.96","1,013.07","","+2.33%"
"Dec 11, 2018","1,008.30","1,023.89","1,023.89","1,006.02","","-1.54%"
"Dec 10, 2018","1,024.04","1,031.29","1,033.26","1,020.43","","-2.36%"
"Dec 07, 2018","1,048.74","1,061.09","1,061.09","1,040.21","","-0.03%"
"Dec 06, 2018","1,049.08","1,059.01","1,063.13","1,039.52","","-1.57%"
"Dec 05, 2018","1,065.80","1,063.80","1,074.22","1,057.47","","-1.44%"
"Dec 04, 2018","1,081.35","1,117.98","1,118.48","1,081.05","","-3.42%"
"Dec 03, 2018","1,119.68","1,117.77","1,128.17","1,117.63","","+1.06%"
"Nov 30, 2018","1,107.94","1,102.86","1,109.80","1,101.99","","+0.32%"
"Nov 29, 2018","1,104.36","1,112.09","1,116.29","1,103.14","","+0.42%"
"Nov 28, 2018","1,099.77","1,104.34","1,106.03","1,091.82","","+0.15%"
"Nov 27, 2018","1,098.08","1,102.59","1,102.59","1,086.45","","+0.13%"
"Nov 26, 2018","1,096.70","1,086.70","1,100.98","1,085.75","","+0.41%"
"Nov 22, 2018","1,092.24","1,096.01","1,096.01","1,082.99","","+0.03%"
"Nov 21, 2018","1,091.92","1,076.45","1,093.85","1,073.20","","-0.34%"
"Nov 20, 2018","1,095.63","1,086.14","1,101.26","1,083.33","","-0.65%"
"Nov 19, 2018","1,102.75","1,091.61","1,103.37","1,089.67","","+0.99%"
"Nov 16, 2018","1,091.96","1,108.85","1,115.55","1,088.58","","-0.82%"
"Nov 15, 2018","1,101.03","1,091.53","1,101.88","1,085.82","","+0.40%"
"Nov 14, 2018","1,096.68","1,093.01","1,103.52","1,090.23","","+0.13%"
"Nov 13, 2018","1,095.30","1,096.80","1,097.66","1,072.81","","-2.15%"
"Nov 12, 2018","1,119.36","1,110.76","1,125.07","1,109.45","","+0.19%"
"Nov 09, 2018","1,117.19","1,115.08","1,126.34","1,111.54","","+0.43%"
"Nov 08, 2018","1,112.43","1,116.40","1,126.89","1,110.10","","+1.41%"
"Nov 07, 2018","1,096.94","1,100.80","1,120.15","1,092.74","","+0.32%"
"Nov 06, 2018","1,093.39","1,093.02","1,096.21","1,086.92","","+0.48%"
"Nov 05, 2018","1,088.18","1,092.08","1,097.58","1,084.35","","-1.66%"
"Nov 02, 2018","1,106.51","1,067.59","1,108.55","1,067.59","","+3.97%"
"Nov 01, 2018","1,064.28","1,053.73","1,069.05","1,053.48","","+0.38%"
"Oct 31, 2018","1,060.20","1,058.92","1,061.40","1,043.41","","+0.47%"
"Oct 30, 2018","1,055.28","1,026.16","1,062.33","1,020.00","","+1.55%"
"Oct 29, 2018","1,039.13","1,075.34","1,084.06","1,037.40","","-2.78%"
"Oct 26, 2018","1,068.79","1,087.62","1,089.67","1,056.94","","-0.69%"
"Oct 25, 2018","1,076.25","1,100.22","1,100.27","1,073.68","","-4.07%"
"Oct 24, 2018","1,121.96","1,145.41","1,145.41","1,113.21","","-1.66%"
"Oct 23, 2018","1,140.93","1,176.72","1,178.50","1,140.93","","-4.20%"
"Oct 22, 2018","1,190.95","1,180.95","1,195.07","1,171.50","","-0.39%"
"Oct 19, 2018","1,195.56","1,187.99","1,196.61","1,179.94","","-0.79%"
"Oct 18, 2018","1,205.02","1,213.64","1,219.83","1,203.72","","-0.62%"
"Oct 17, 2018","1,212.58","1,209.10","1,219.39","1,207.07","","+1.53%"
"Oct 16, 2018","1,194.32","1,180.20","1,194.32","1,178.17","","+0.81%"
"Oct 15, 2018","1,184.78","1,197.70","1,198.33","1,182.66","","-2.24%"
"Oct 12, 2018","1,211.87","1,191.02","1,213.41","1,190.29","","+1.13%"
"Oct 11, 2018","1,198.31","1,228.16","1,228.41","1,187.58","","-4.25%"
"Oct 10, 2018","1,251.56","1,250.22","1,257.81","1,238.96","","+0.31%"
"Oct 09, 2018","1,247.68","1,267.10","1,267.33","1,245.79","","-2.66%"
"Oct 05, 2018","1,281.83","1,276.65","1,290.44","1,273.81","","-0.58%"
"Oct 04, 2018","1,289.29","1,295.95","1,303.49","1,288.34","","+0.71%"
"Oct 03, 2018","1,280.15","1,292.19","1,298.49","1,279.26","","-1.42%"
"Oct 02, 2018","1,298.53","1,311.21","1,319.22","1,296.77","","-0.31%"
"Oct 01, 2018","1,302.55","1,297.46","1,309.27","1,293.44","","+0.59%"
"Sep 28, 2018","1,294.89","1,304.98","1,310.07","1,293.57","","+0.45%"
"Sep 27, 2018","1,289.09","1,303.44","1,307.44","1,286.45","","-1.68%"
"Sep 26, 2018","1,311.11","1,298.84","1,311.38","1,295.83","","+0.64%"
"Sep 25, 2018","1,302.71","1,289.57","1,302.71","1,284.87","","+1.06%"
"Sep 21, 2018","1,288.99","1,282.27","1,293.10","1,275.22","","+1.03%"
"Sep 20, 2018","1,275.87","1,288.42","1,289.63","1,270.25","","-0.51%"
"Sep 19, 2018","1,282.38","1,280.02","1,288.50","1,277.94","","+1.88%"
"Sep 18, 2018","1,258.70","1,232.40","1,266.32","1,231.24","","+2.44%"
"Sep 14, 2018","1,228.74","1,223.58","1,231.22","1,220.06","","+1.22%"
"Sep 13, 2018","1,213.98","1,202.77","1,217.86","1,201.85","","+1.45%"
"Sep 12, 2018","1,196.63","1,205.92","1,208.48","1,187.39","","-0.63%"
"Sep 11, 2018","1,204.17","1,203.00","1,209.41","1,200.26","","+0.32%"
"Sep 10, 2018","1,200.37","1,195.43","1,205.12","1,194.81","","-0.30%"
"Sep 07, 2018","1,203.97","1,212.27","1,212.30","1,199.05","","-1.32%"
"Sep 06, 2018","1,220.06","1,215.99","1,223.98","1,212.18","","+0.24%"
"Sep 05, 2018","1,217.17","1,223.70","1,225.47","1,213.81","","-0.26%"
"Sep 04, 2018","1,220.40","1,221.06","1,224.06","1,212.01","","-0.28%"
"Sep 03, 2018","1,223.81","1,243.54","1,243.93","1,218.25","","-1.81%"
"Aug 31, 2018","1,246.35","1,236.19","1,254.75","1,235.68","","-0.14%"
"Aug 30, 2018","1,248.06","1,254.32","1,254.90","1,244.68","","-0.15%"
"Aug 29, 2018","1,249.92","1,242.27","1,256.61","1,241.97","","+0.47%"
"Aug 28, 2018","1,244.07","1,252.45","1,255.91","1,243.12","","+0.18%"
"Aug 27, 2018","1,241.84","1,233.17","1,245.06","1,232.49","","+1.13%"
"Aug 24, 2018","1,227.97","1,232.67","1,233.24","1,220.94","","-0.01%"
"Aug 23, 2018","1,228.06","1,225.93","1,231.64","1,224.68","","+0.30%"
"Aug 22, 2018","1,224.34","1,203.43","1,224.61","1,203.43","","+2.08%"
"Aug 21, 2018","1,199.35","1,191.55","1,202.63","1,184.63","","0.00%"
"Aug 20, 2018","1,199.40","1,196.06","1,205.33","1,196.06","","-0.04%"
"Aug 17, 2018","1,199.92","1,196.22","1,201.38","1,189.57","","+0.67%"
"Aug 16, 2018","1,191.98","1,189.58","1,194.47","1,173.10","","-1.05%"
"Aug 15, 2018","1,204.62","1,229.29","1,231.27","1,199.62","","-1.79%"
"Aug 14, 2018","1,226.58","1,221.04","1,227.14","1,216.32","","+1.07%"
"Aug 13, 2018","1,213.61","1,226.37","1,230.49","1,212.96","","-2.15%"
"Aug 10, 2018","1,240.22","1,255.28","1,258.77","1,237.26","","-1.04%"
"Aug 09, 2018","1,253.20","1,251.60","1,256.53","1,241.47","","-0.55%"
"Aug 08, 2018","1,260.13","1,269.94","1,270.21","1,259.23","","-1.38%"
"Aug 07, 2018","1,277.75","1,258.67","1,277.83","1,258.40","","+0.99%"
"Aug 06, 2018","1,265.28","1,275.87","1,276.13","1,263.59","","-0.96%"
"Aug 03, 2018","1,277.49","1,285.29","1,286.27","1,272.74","","-0.53%"
"Aug 02, 2018","1,284.27","1,296.10","1,303.23","1,281.55","","-0.97%"
"Aug 01, 2018","1,296.86","1,300.69","1,301.85","1,283.26","","-0.55%"
"Jul 31, 2018","1,304.04","1,303.22","1,308.69","1,297.01","","+0.45%"
"Jul 30, 2018","1,298.25","1,295.64","1,301.79","1,291.44","","-0.09%"
"Jul 27, 2018","1,299.47","1,302.85","1,302.85","1,294.31","","+0.07%"
"Jul 26, 2018","1,298.61","1,289.81","1,299.29","1,288.50","","+1.66%"
"Jul 25, 2018","1,277.43","1,270.21","1,277.62","1,269.90","","+1.03%"
"Jul 24, 2018","1,264.44","1,264.25","1,264.92","1,254.02","","+1.00%"
"Jul 23, 2018","1,251.94","1,251.91","1,259.49","1,250.20","","-1.04%"
"Jul 20, 2018","1,265.15","1,266.16","1,273.39","1,256.19","","-0.10%"
"Jul 19, 2018","1,266.47","1,270.16","1,275.54","1,265.58","","-0.07%"
"Jul 18, 2018","1,267.31","1,283.25","1,283.25","1,266.77","","-0.38%"
"Jul 17, 2018","1,272.12","1,272.34","1,278.62","1,267.73","","+0.18%"
"Jul 13, 2018","1,269.79","1,256.80","1,274.93","1,255.40","","+1.75%"
"Jul 12, 2018","1,247.92","1,243.44","1,253.78","1,239.31","","+0.43%"
"Jul 11, 2018","1,242.55","1,241.98","1,247.66","1,227.86","","-0.97%"
"Jul 10, 2018","1,254.70","1,257.76","1,263.86","1,252.46","","+0.53%"
"Jul 09, 2018","1,248.12","1,242.47","1,251.09","1,239.94","","+1.24%"
"Jul 06, 2018","1,232.78","1,221.41","1,237.19","1,219.54","","+1.52%"
"Jul 05, 2018","1,214.37","1,226.50","1,230.63","1,210.94","","-1.24%"
"Jul 04, 2018","1,229.64","1,224.81","1,235.26","1,222.00","","-0.24%"
"Jul 03, 2018","1,232.61","1,237.97","1,243.79","1,221.15","","+0.04%"
"Jul 02, 2018","1,232.12","1,255.28","1,267.43","1,231.24","","-2.38%"
"Jun 29, 2018","1,262.18","1,263.31","1,266.25","1,255.37","","+0.03%"
"Jun 28, 2018","1,261.81","1,257.65","1,265.45","1,252.50","","+0.13%"
"Jun 27, 2018","1,260.11","1,263.56","1,268.15","1,256.32","","-0.50%"
"Jun 26, 2018","1,266.42","1,241.94","1,268.04","1,237.36","","+0.71%"
"Jun 25, 2018","1,257.55","1,272.35","1,276.00","1,255.63","","-0.87%"
"Jun 22, 2018","1,268.57","1,255.78","1,271.57","1,255.78","","-0.55%"
"Jun 21, 2018","1,275.55","1,272.49","1,284.16","1,268.28","","+0.52%"
"Jun 20, 2018","1,269.00","1,267.37","1,271.05","1,242.38","","+0.21%"
"Jun 19, 2018","1,266.39","1,291.77","1,299.07","1,266.39","","-2.83%"
"Jun 18, 2018","1,303.31","1,314.85","1,316.25","1,298.26","","-1.11%"
"Jun 15, 2018","1,317.90","1,331.71","1,332.33","1,317.74","","-0.23%"
"Jun 14, 2018","1,320.99","1,337.61","1,337.61","1,320.99","","-2.00%"
"Jun 13, 2018","1,347.90","1,339.19","1,351.36","1,335.92","","+0.34%"
"Jun 12, 2018","1,343.30","1,347.34","1,348.07","1,336.10","","+0.20%"
"Jun 11, 2018","1,340.59","1,336.61","1,342.60","1,332.00","","+0.46%"
"Jun 08, 2018","1,334.48","1,328.43","1,339.97","1,326.74","","+0.04%"
"Jun 07, 2018","1,333.96","1,319.48","1,336.61","1,319.48","","+1.72%"
"Jun 06, 2018","1,311.34","1,321.38","1,325.50","1,309.56","","-0.68%"
"Jun 05, 2018","1,320.33","1,336.69","1,337.22","1,314.01","","-0.69%"
"Jun 04, 2018","1,329.57","1,323.87","1,337.59","1,322.06","","+1.82%"
"Jun 01, 2018","1,305.78","1,294.28","1,315.16","1,294.28","","+0.25%"
"May 31, 2018","1,302.47","1,295.00","1,308.46","1,294.47","","+1.67%"
"May 30, 2018","1,281.12","1,289.00","1,290.89","1,275.82","","-2.39%"
"May 29, 2018","1,312.43","1,313.89","1,316.40","1,300.09","","-0.19%"
"May 28, 2018","1,314.88","1,310.96","1,319.18","1,310.84","","+0.22%"
"May 25, 2018","1,312.00","1,303.82","1,318.55","1,303.82","","+0.22%"
"May 24, 2018","1,309.07","1,328.24","1,328.24","1,306.12","","-1.52%"
"May 23, 2018","1,329.29","1,338.84","1,344.95","1,327.37","","-1.22%"
"May 22, 2018","1,345.68","1,346.05","1,348.47","1,341.85","","-0.36%"
"May 21, 2018","1,350.58","1,340.38","1,359.44","1,340.26","","+1.20%"
"May 18, 2018","1,334.50","1,340.57","1,341.84","1,332.64","","+0.29%"
"May 17, 2018","1,330.62","1,323.87","1,336.52","1,323.85","","+1.31%"
"May 16, 2018","1,313.36","1,313.70","1,318.25","1,308.91","","-0.49%"
"May 15, 2018","1,319.83","1,318.48","1,332.16","1,318.08","","+0.16%"
"May 14, 2018","1,317.78","1,308.37","1,318.69","1,307.60","","+0.53%"
"May 11, 2018","1,310.77","1,306.56","1,312.07","1,301.23","","+0.15%"
"May 10, 2018","1,308.75","1,294.34","1,309.82","1,292.53","","+1.28%"
"May 09, 2018","1,292.21","1,281.70","1,299.62","1,280.24","","+1.34%"
"May 08, 2018","1,275.18","1,271.43","1,279.90","1,266.85","","+0.12%"
"May 07, 2018","1,273.68","1,272.82","1,274.80","1,262.64","","+0.60%"
"May 02, 2018","1,266.04","1,258.78","1,266.45","1,253.67","","+1.20%"
"May 01, 2018","1,251.08","1,269.94","1,271.15","1,246.28","","-1.91%"
"Apr 27, 2018","1,275.49","1,260.46","1,275.49","1,251.63","","+2.34%"
"Apr 26, 2018","1,246.38","1,250.83","1,253.98","1,242.68","","+0.05%"
"Apr 25, 2018","1,245.73","1,245.19","1,249.01","1,238.35","","-0.72%"
"Apr 24, 2018","1,254.81","1,250.61","1,256.00","1,247.21","","+1.36%"
"Apr 23, 2018","1,238.00","1,243.17","1,245.34","1,235.96","","-0.22%"
"Apr 20, 2018","1,240.76","1,241.54","1,245.56","1,234.03","","-0.01%"
"Apr 19, 2018","1,240.85","1,247.78","1,249.99","1,240.20","","+0.19%"
"Apr 18, 2018","1,238.51","1,217.62","1,240.53","1,215.77","","+2.03%"
"Apr 17, 2018","1,213.88","1,211.75","1,216.52","1,205.90","","-0.08%"
"Apr 16, 2018","1,214.88","1,213.70","1,218.37","1,207.36","","+0.49%"
"Apr 13, 2018","1,208.99","1,200.26","1,214.03","1,200.26","","+1.30%"
"Apr 12, 2018","1,193.46","1,214.43","1,214.43","1,192.76","","-2.61%"
"Apr 11, 2018","1,225.46","1,229.67","1,231.59","1,217.59","","+0.22%"
"Apr 10, 2018","1,222.73","1,205.96","1,226.59","1,201.99","","+1.45%"
"Apr 09, 2018","1,205.27","1,199.49","1,209.61","1,195.03","","+0.13%"
"Apr 06, 2018","1,203.73","1,211.46","1,218.18","1,203.55","","-0.57%"
"Apr 05, 2018","1,210.66","1,201.18","1,215.55","1,197.36","","+1.46%"
"Apr 04, 2018","1,193.22","1,207.77","1,207.77","1,189.85","","-1.16%"
"Apr 03, 2018","1,207.18","1,194.38","1,209.19","1,193.33","","-0.36%"
"Apr 02, 2018","1,211.52","1,215.60","1,224.25","1,211.52","","-0.51%"
"Mar 30, 2018","1,217.67","1,208.97","1,220.52","1,204.73","","+1.87%"
"Mar 29, 2018","1,195.28","1,200.78","1,207.07","1,185.10","","+0.97%"
"Mar 28, 2018","1,183.83","1,179.29","1,183.83","1,171.18","","-1.37%"
"Mar 27, 2018","1,200.26","1,176.55","1,200.26","1,175.72","","+3.67%"
"Mar 26, 2018","1,157.74","1,142.95","1,157.74","1,133.44","","+0.34%"
"Mar 23, 2018","1,153.84","1,188.01","1,188.54","1,151.40","","-4.70%"
"Mar 22, 2018","1,210.70","1,208.52","1,215.80","1,203.66","","+0.28%"
"Mar 20, 2018","1,207.32","1,198.75","1,209.21","1,196.33","","-0.21%"
"Mar 19, 2018","1,209.89","1,215.70","1,224.32","1,203.68","","-1.06%"
"Mar 16, 2018","1,222.80","1,237.74","1,238.14","1,220.32","","-0.61%"
"Mar 15, 2018","1,230.26","1,229.37","1,233.80","1,217.38","","-0.38%"
"Mar 14, 2018","1,234.93","1,232.72","1,245.84","1,232.57","","-0.73%"
"Mar 13, 2018","1,244.04","1,233.43","1,244.04","1,229.55","","+0.25%"
"Mar 12, 2018","1,240.96","1,235.72","1,250.29","1,232.07","","+2.02%"
"Mar 09, 2018","1,216.36","1,222.69","1,236.93","1,210.58","","+0.30%"
"Mar 08, 2018","1,212.71","1,218.63","1,220.89","1,208.70","","+0.16%"
"Mar 07, 2018","1,210.81","1,218.74","1,227.96","1,208.40","","-1.59%"
"Mar 06, 2018","1,230.36","1,233.08","1,243.94","1,228.18","","+1.66%"
"Mar 05, 2018","1,210.30","1,217.61","1,221.92","1,204.92","","-1.55%"
"Mar 02, 2018","1,229.39","1,231.48","1,235.91","1,221.04","","-1.99%"
"Mar 01, 2018","1,254.34","1,265.49","1,266.44","1,250.43","","-1.75%"
"Feb 28, 2018","1,276.65","1,288.73","1,297.90","1,276.65","","-1.36%"
"Feb 27, 2018","1,294.29","1,301.25","1,302.97","1,290.24","","+0.42%"
"Feb 26, 2018","1,288.89","1,298.90","1,302.78","1,282.27","","+0.03%"
"Feb 23, 2018","1,288.45","1,279.72","1,289.40","1,277.56","","+1.06%"
"Feb 22, 2018","1,274.91","1,274.30","1,281.61","1,262.40","","-1.33%"
"Feb 21, 2018","1,292.14","1,282.36","1,305.13","1,279.44","","+0.85%"
"Feb 20, 2018","1,281.24","1,280.90","1,283.82","1,271.69","","-0.32%"
"Feb 19, 2018","1,285.41","1,267.93","1,285.47","1,264.51","","+2.14%"
"Feb 16, 2018","1,258.52","1,242.60","1,266.72","1,239.64","","+2.00%"
"Feb 15, 2018","1,233.87","1,232.86","1,240.36","1,221.95","","+1.22%"
"Feb 14, 2018","1,219.00","1,219.53","1,234.23","1,205.85","","-0.38%"
"Feb 13, 2018","1,223.62","1,252.13","1,252.13","1,221.42","","-0.90%"
"Feb 09, 2018","1,234.76","1,246.29","1,246.29","1,220.46","","-2.73%"
"Feb 08, 2018","1,269.47","1,250.35","1,274.41","1,249.23","","+2.13%"
"Feb 07, 2018","1,243.04","1,267.39","1,289.40","1,242.32","","-0.15%"
"Feb 06, 2018","1,244.92","1,307.25","1,307.25","1,214.22","","-6.50%"
"Feb 05, 2018","1,331.43","1,358.02","1,358.02","1,331.03","","-3.60%"
"Feb 02, 2018","1,381.08","1,383.80","1,388.07","1,371.47","","-0.75%"
"Feb 01, 2018","1,391.47","1,381.55","1,392.22","1,368.03","","+0.45%"
"Jan 31, 2018","1,385.26","1,385.97","1,401.82","1,384.80","","+0.10%"
"Jan 30, 2018","1,383.92","1,405.61","1,406.73","1,381.42","","-1.65%"
"Jan 29, 2018","1,407.08","1,408.23","1,414.02","1,402.01","","+0.23%"
"Jan 26, 2018","1,403.92","1,420.85","1,422.94","1,403.45","","-0.84%"
"Jan 25, 2018","1,415.82","1,419.08","1,425.59","1,412.79","","-1.13%"
"Jan 24, 2018","1,431.94","1,444.57","1,447.28","1,429.34","","-1.18%"
"Jan 23, 2018","1,449.09","1,432.76","1,449.65","1,431.97","","+1.90%"
"Jan 22, 2018","1,422.04","1,423.12","1,425.20","1,417.76","","-0.41%"
"Jan 19, 2018","1,427.94","1,416.57","1,429.17","1,416.57","","+0.67%"
"Jan 18, 2018","1,418.50","1,443.64","1,444.45","1,415.55","","-0.97%"
"Jan 17, 2018","1,432.39","1,427.22","1,435.57","1,424.99","","-0.34%"
"Jan 16, 2018","1,437.30","1,432.36","1,438.43","1,427.75","","+0.07%"
"Jan 15, 2018","1,436.24","1,445.21","1,450.38","1,434.70","","+0.19%"
"Jan 12, 2018","1,433.55","1,440.66","1,444.51","1,428.87","","-0.63%"
"Jan 11, 2018","1,442.58","1,430.51","1,443.46","1,428.78","","+0.12%"
"Jan 10, 2018","1,440.83","1,449.75","1,452.06","1,436.13","","-0.46%"
"Jan 09, 2018","1,447.43","1,447.91","1,449.32","1,439.22","","+0.98%"
"Jan 05, 2018","1,433.40","1,433.52","1,437.14","1,426.78","","+0.55%"
"Jan 04, 2018","1,425.62","1,408.98","1,425.62","1,408.47","","+2.54%"
"Dec 29, 2017","1,390.27","1,388.31","1,394.40","1,385.33","","+0.75%"
"Dec 28, 2017","1,379.91","1,384.63","1,390.91","1,377.17","","-0.43%"
"Dec 27, 2017","1,385.85","1,378.15","1,387.19","1,377.97","","+0.47%"
"Dec 26, 2017","1,379.30","1,381.05","1,384.55","1,376.97","","-0.09%"
"Dec 25, 2017","1,380.56","1,378.06","1,381.02","1,372.53","","+0.49%"
"Dec 22, 2017","1,373.89","1,366.02","1,374.81","1,366.02","","+0.56%"
"Dec 21, 2017","1,366.19","1,356.64","1,368.45","1,351.20","","+0.44%"
"Dec 20, 2017","1,360.19","1,360.88","1,363.61","1,357.09","","+0.17%"
"Dec 19, 2017","1,357.90","1,359.94","1,363.72","1,356.46","","-0.14%"
"Dec 18, 2017","1,359.80","1,344.86","1,361.59","1,344.86","","+1.90%"
"Dec 15, 2017","1,334.40","1,339.05","1,344.27","1,330.58","","0.00%"
"Dec 14, 2017","1,334.34","1,333.33","1,337.92","1,330.07","","-0.17%"
"Dec 13, 2017","1,336.65","1,352.19","1,352.76","1,333.64","","-1.16%"
"Dec 12, 2017","1,352.29","1,357.49","1,361.37","1,347.95","","-0.17%"
"Dec 11, 2017","1,354.62","1,341.93","1,354.62","1,339.86","","+1.56%"
"Dec 08, 2017","1,333.86","1,326.86","1,334.96","1,326.86","","+0.56%"
"Dec 07, 2017","1,326.40","1,317.15","1,326.78","1,317.15","","+1.27%"
"Dec 06, 2017","1,309.77","1,329.96","1,329.96","1,305.14","","-1.97%"
"Dec 05, 2017","1,336.06","1,331.55","1,340.39","1,326.30","","+0.48%"
"Dec 04, 2017","1,329.70","1,336.35","1,337.14","1,328.94","","-0.04%"
"Dec 01, 2017","1,330.28","1,340.10","1,342.08","1,323.44","","-0.02%"
"Nov 30, 2017","1,330.57","1,330.02","1,333.39","1,319.83","","+0.59%"
"Nov 29, 2017","1,322.78","1,313.44","1,323.11","1,313.44","","+1.48%"
"Nov 28, 2017","1,303.55","1,315.49","1,320.63","1,301.99","","-0.47%"
"Nov 27, 2017","1,309.70","1,324.40","1,324.40","1,306.37","","-0.48%"
"Nov 24, 2017","1,315.98","1,312.83","1,317.49","1,305.15","","-0.46%"
"Nov 22, 2017","1,322.07","1,324.83","1,331.99","1,321.97","","+0.46%"
"Nov 21, 2017","1,316.08","1,314.08","1,321.70","1,312.25","","+0.95%"
"Nov 20, 2017","1,303.74","1,294.79","1,309.81","1,294.72","","+0.37%"
"Nov 17, 2017","1,298.91","1,310.71","1,322.63","1,294.84","","+0.09%"
"Nov 16, 2017","1,297.78","1,269.09","1,301.47","1,268.99","","+1.92%"
"Nov 15, 2017","1,273.35","1,285.30","1,285.43","1,266.71","","-1.76%"
"Nov 14, 2017","1,296.16","1,292.96","1,306.01","1,292.35","","+0.02%"
"Nov 13, 2017","1,295.95","1,302.58","1,312.17","1,295.95","","-0.61%"
"Nov 10, 2017","1,303.90","1,300.36","1,311.40","1,298.96","","-0.84%"
"Nov 09, 2017","1,314.97","1,330.24","1,339.50","1,298.58","","-1.26%"
"Nov 08, 2017","1,331.75","1,326.33","1,333.75","1,319.96","","-0.04%"
"Nov 07, 2017","1,332.27","1,314.05","1,334.85","1,311.05","","+1.13%"
"Nov 06, 2017","1,317.36","1,333.63","1,334.18","1,314.99","","-0.93%"
"Nov 02, 2017","1,329.66","1,327.63","1,330.73","1,317.94","","+0.85%"
"Nov 01, 2017","1,318.40","1,296.78","1,320.01","1,294.45","","+1.87%"
"Oct 31, 2017","1,294.22","1,288.06","1,299.37","1,287.30","","+0.38%"
"Oct 30, 2017","1,289.38","1,274.05","1,291.25","1,267.43","","+1.24%"
"Oct 27, 2017","1,273.56","1,271.30","1,275.51","1,269.74","","+0.79%"
"Oct 26, 2017","1,263.52","1,256.10","1,266.36","1,253.74","","+0.38%"
"Oct 25, 2017","1,258.74","1,264.43","1,271.29","1,255.92","","+0.26%"
"Oct 24, 2017","1,255.52","1,245.24","1,256.61","1,243.15","","+0.74%"
"Oct 23, 2017","1,246.33","1,242.35","1,248.06","1,238.87","","+1.22%"
"Oct 20, 2017","1,231.29","1,223.48","1,232.67","1,220.04","","+0.41%"
"Oct 19, 2017","1,226.29","1,225.48","1,231.05","1,223.85","","+0.07%"
"Oct 18, 2017","1,225.38","1,230.74","1,231.26","1,222.53","","-0.56%"
"Oct 17, 2017","1,232.34","1,238.74","1,240.47","1,227.69","","-0.07%"
"Oct 16, 2017","1,233.18","1,229.64","1,236.78","1,226.06","","+0.57%"
"Oct 13, 2017","1,226.23","1,218.90","1,231.03","1,215.44","","+0.36%"
"Oct 12, 2017","1,221.80","1,224.36","1,226.33","1,220.13","","-0.41%"
"Oct 11, 2017","1,226.84","1,231.55","1,232.27","1,225.43","","-0.38%"
"Oct 10, 2017","1,231.53","1,220.00","1,231.53","1,220.00","","+0.93%"
"Oct 06, 2017","1,220.17","1,220.13","1,223.99","1,216.08","","+0.25%"
"Oct 05, 2017","1,217.14","1,219.83","1,223.61","1,214.99","","-0.11%"
"Oct 04, 2017","1,218.45","1,219.31","1,220.71","1,215.46","","-0.08%"
"Oct 03, 2017","1,219.40","1,219.10","1,220.30","1,211.10","","+0.67%"
"Oct 02, 2017","1,211.24","1,211.43","1,213.41","1,206.21","","+0.59%"
"Sep 29, 2017","1,204.08","1,201.30","1,206.51","1,197.89","","-0.18%"
"Sep 28, 2017","1,206.23","1,198.57","1,206.62","1,195.97","","+1.50%"
"Sep 27, 2017","1,188.36","1,186.17","1,191.40","1,181.23","","-0.26%"
"Sep 26, 2017","1,191.41","1,193.72","1,195.00","1,186.82","","+0.18%"
"Sep 25, 2017","1,189.32","1,185.79","1,192.04","1,185.10","","+0.97%"
"Sep 22, 2017","1,177.93","1,182.42","1,186.18","1,173.53","","+0.29%"
"Sep 21, 2017","1,174.51","1,178.31","1,180.86","1,172.51","","+0.36%"
"Sep 20, 2017","1,170.25","1,166.11","1,171.88","1,163.78","","-0.03%"
"Sep 19, 2017","1,170.60","1,166.81","1,171.74","1,160.14","","+1.05%"
"Sep 15, 2017","1,158.47","1,140.31","1,160.47","1,139.91","","+1.36%"
"Sep 14, 2017","1,142.93","1,147.13","1,150.98","1,140.56","","-0.50%"
"Sep 13, 2017","1,148.69","1,145.05","1,153.24","1,142.11","","+0.36%"
"Sep 12, 2017","1,144.56","1,143.08","1,147.38","1,143.03","","+0.91%"
"Sep 11, 2017","1,134.25","1,129.56","1,135.34","1,127.34","","+1.49%"
"Sep 08, 2017","1,117.64","1,115.89","1,124.03","1,114.40","","-0.06%"
"Sep 07, 2017","1,118.32","1,118.59","1,124.15","1,116.26","","+0.44%"
"Sep 06, 2017","1,113.44","1,102.81","1,114.84","1,102.17","","-0.17%"
"Sep 05, 2017","1,115.37","1,125.77","1,127.65","1,113.69","","-0.85%"
"Sep 04, 2017","1,124.91","1,135.22","1,140.27","1,123.24","","-1.63%"
"Sep 01, 2017","1,143.55","1,141.22","1,145.62","1,133.37","","+0.76%"
"Aug 31, 2017","1,134.91","1,131.30","1,138.83","1,130.95","","+0.93%"
"Aug 30, 2017","1,124.47","1,121.74","1,127.54","1,119.26","","+0.79%"
"Aug 29, 2017","1,115.67","1,104.66","1,116.81","1,103.78","","+0.16%"
"Aug 28, 2017","1,113.88","1,116.90","1,117.26","1,107.89","","+0.01%"
"Aug 25, 2017","1,113.74","1,105.12","1,115.67","1,101.62","","+0.71%"
"Aug 24, 2017","1,105.87","1,114.31","1,119.94","1,105.87","","-0.60%"
"Aug 23, 2017","1,112.60","1,120.30","1,124.21","1,110.64","","+0.39%"
"Aug 22, 2017","1,108.30","1,107.06","1,111.71","1,104.75","","+0.23%"
"Aug 21, 2017","1,105.77","1,107.57","1,109.24","1,101.49","","-0.03%"
"Aug 18, 2017","1,106.10","1,103.75","1,109.76","1,101.33","","-1.52%"
"Aug 17, 2017","1,123.20","1,125.09","1,128.61","1,120.99","","-0.34%"
"Aug 16, 2017","1,127.07","1,123.90","1,131.42","1,121.78","","+0.02%"
"Aug 15, 2017","1,126.83","1,126.40","1,136.34","1,123.38","","+0.74%"
"Aug 14, 2017","1,118.51","1,122.38","1,126.18","1,117.66","","-1.94%"
"Aug 10, 2017","1,140.65","1,134.97","1,146.34","1,134.40","","+0.63%"
"Aug 09, 2017","1,133.46","1,146.27","1,146.55","1,125.87","","-1.18%"
"Aug 08, 2017","1,146.97","1,152.63","1,156.77","1,145.45","","-0.57%"
"Aug 07, 2017","1,153.54","1,158.12","1,158.24","1,152.11","","+0.16%"
"Aug 04, 2017","1,151.71","1,155.56","1,155.56","1,149.35","","-0.90%"
"Aug 03, 2017","1,162.22","1,166.36","1,166.96","1,159.81","","-0.25%"
"Aug 02, 2017","1,165.15","1,165.10","1,167.28","1,155.21","","+0.17%"
"Aug 01, 2017","1,163.20","1,169.86","1,173.27","1,161.61","","-0.52%"
"Jul 31, 2017","1,169.27","1,165.91","1,173.14","1,163.68","","+0.20%"
"Jul 28, 2017","1,166.90","1,176.93","1,176.93","1,163.36","","-0.67%"
"Jul 27, 2017","1,174.79","1,171.87","1,183.78","1,167.77","","+0.04%"
"Jul 26, 2017","1,174.28","1,175.79","1,179.61","1,170.32","","+0.57%"
"Jul 25, 2017","1,167.60","1,169.40","1,172.01","1,163.78","","-0.18%"
"Jul 24, 2017","1,169.68","1,165.34","1,171.58","1,158.89","","-0.63%"
"Jul 21, 2017","1,177.05","1,180.34","1,182.78","1,175.52","","-0.62%"
"Jul 20, 2017","1,184.43","1,182.19","1,190.02","1,182.19","","+0.16%"
"Jul 19, 2017","1,182.56","1,179.65","1,183.91","1,176.20","","-0.49%"
"Jul 18, 2017","1,188.42","1,192.36","1,192.55","1,181.26","","-0.61%"
"Jul 14, 2017","1,195.73","1,191.00","1,198.54","1,188.60","","+0.83%"
"Jul 13, 2017","1,185.92","1,185.07","1,188.15","1,181.86","","+0.57%"
"Jul 12, 2017","1,179.23","1,182.43","1,183.65","1,176.24","","-0.65%"
"Jul 11, 2017","1,186.95","1,177.86","1,188.35","1,177.86","","+0.95%"
"Jul 10, 2017","1,175.82","1,176.57","1,180.21","1,170.11","","+0.89%"
"Jul 07, 2017","1,165.42","1,160.34","1,168.99","1,160.34","","-0.16%"
"Jul 06, 2017","1,167.30","1,168.73","1,177.26","1,164.48","","-0.37%"
"Jul 05, 2017","1,171.64","1,161.71","1,171.96","1,160.43","","+0.89%"
"Jul 04, 2017","1,161.30","1,174.35","1,174.90","1,157.85","","-0.23%"
"Jul 03, 2017","1,163.95","1,167.30","1,173.52","1,163.71","","+0.09%"
"Jun 30, 2017","1,162.96","1,160.32","1,164.50","1,154.42","","-0.99%"
"Jun 29, 2017","1,174.63","1,174.85","1,181.46","1,171.72","","+1.10%"
"Jun 28, 2017","1,161.81","1,152.75","1,165.78","1,152.70","","+0.25%"
"Jun 27, 2017","1,158.88","1,159.49","1,162.88","1,158.00","","+0.28%"
"Jun 26, 2017","1,155.59","1,156.74","1,159.93","1,155.59","","+0.14%"
"Jun 23, 2017","1,153.97","1,155.86","1,160.47","1,152.92","","+0.70%"
"Jun 22, 2017","1,146.00","1,143.00","1,148.05","1,141.84","","+0.35%"
"Jun 21, 2017","1,142.04","1,137.12","1,148.08","1,135.98","","+0.36%"
"Jun 20, 2017","1,138.00","1,133.55","1,143.97","1,131.75","","+1.26%"
"Jun 19, 2017","1,123.81","1,124.39","1,128.18","1,119.74","","-0.04%"
"Jun 16, 2017","1,124.28","1,123.96","1,137.47","1,119.28","","+0.72%"
"Jun 15, 2017","1,116.26","1,126.99","1,132.57","1,114.97","","-1.26%"
"Jun 14, 2017","1,130.50","1,134.97","1,135.55","1,129.06","","+0.27%"
"Jun 13, 2017","1,127.47","1,123.79","1,130.84","1,123.10","","-0.12%"
"Jun 12, 2017","1,128.87","1,125.34","1,133.50","1,123.92","","+0.07%"
"Jun 09, 2017","1,128.06","1,121.97","1,131.59","1,119.63","","+0.56%"
"Jun 08, 2017","1,121.82","1,125.13","1,128.44","1,121.23","","-0.02%"
"Jun 07, 2017","1,122.02","1,116.40","1,125.24","1,112.82","","+0.13%"
"Jun 06, 2017","1,120.55","1,130.25","1,131.68","1,119.44","","-1.53%"
"Jun 05, 2017","1,138.01","1,142.57","1,142.57","1,131.57","","-0.88%"
"Jun 02, 2017","1,148.07","1,127.72","1,149.19","1,127.12","","+2.70%"
"Jun 01, 2017","1,117.89","1,108.07","1,121.89","1,107.88","","+1.02%"
"May 31, 2017","1,106.64","1,101.41","1,108.90","1,100.15","","+0.07%"
"May 30, 2017","1,105.88","1,101.23","1,106.83","1,094.25","","+0.29%"
"May 29, 2017","1,102.63","1,104.48","1,107.62","1,101.78","","+0.05%"
"May 26, 2017","1,102.10","1,113.98","1,113.98","1,102.10","","-1.07%"
"May 25, 2017","1,114.04","1,113.38","1,117.71","1,110.26","","+0.01%"
"May 24, 2017","1,113.96","1,115.71","1,117.11","1,110.70","","+0.93%"
"May 23, 2017","1,103.67","1,110.59","1,111.99","1,102.56","","-0.61%"
"May 22, 2017","1,110.45","1,109.03","1,113.66","1,105.19","","+0.36%"
"May 19, 2017","1,106.47","1,102.17","1,108.36","1,094.42","","+0.73%"
"May 18, 2017","1,098.50","1,103.91","1,106.83","1,094.92","","-2.28%"
"May 17, 2017","1,124.18","1,125.45","1,126.56","1,120.89","","-0.72%"
"May 16, 2017","1,132.37","1,138.15","1,138.69","1,124.95","","+0.26%"
"May 15, 2017","1,129.39","1,124.04","1,129.49","1,121.76","","-0.92%"
"May 12, 2017","1,139.83","1,148.45","1,148.45","1,136.58","","-1.17%"
"May 11, 2017","1,153.38","1,159.76","1,160.16","1,153.38","","-0.30%"
"May 10, 2017","1,156.85","1,165.96","1,166.52","1,151.43","","-0.93%"
"May 09, 2017","1,167.69","1,173.00","1,173.08","1,161.07","","-0.24%"
"May 08, 2017","1,170.45","1,163.22","1,172.86","1,159.65","","+2.14%"
"May 02, 2017","1,145.98","1,138.55","1,152.10","1,138.47","","+1.01%"
"May 01, 2017","1,134.48","1,118.85","1,135.14","1,117.60","","+0.92%"
"Apr 28, 2017","1,124.13","1,131.63","1,136.18","1,117.69","","-0.51%"
"Apr 27, 2017","1,129.85","1,127.40","1,131.81","1,122.25","","-0.14%"
"Apr 26, 2017","1,131.49","1,119.54","1,132.19","1,118.63","","+1.84%"
"Apr 25, 2017","1,111.04","1,093.70","1,113.08","1,090.99","","+1.85%"
"Apr 24, 2017","1,090.90","1,101.64","1,102.02","1,088.03","","+0.69%"
"Apr 21, 2017","1,083.46","1,069.72","1,086.57","1,067.89","","+2.69%"
"Apr 20, 2017","1,055.03","1,056.00","1,063.86","1,053.99","","-0.13%"
"Apr 19, 2017","1,056.38","1,048.56","1,059.52","1,046.92","","-0.10%"
"Apr 18, 2017","1,057.43","1,059.40","1,067.23","1,052.30","","+0.83%"
"Apr 17, 2017","1,048.72","1,043.10","1,048.91","1,036.48","","-0.18%"
"Apr 14, 2017","1,050.61","1,056.40","1,057.56","1,046.99","","-0.82%"
"Apr 13, 2017","1,059.29","1,056.34","1,060.79","1,045.95","","-0.83%"
"Apr 12, 2017","1,068.13","1,078.16","1,078.37","1,063.27","","-1.65%"
"Apr 11, 2017","1,086.09","1,084.45","1,088.76","1,078.43","","-0.46%"
"Apr 10, 2017","1,091.15","1,088.82","1,092.83","1,083.43","","+0.97%"
"Apr 07, 2017","1,080.62","1,080.86","1,089.97","1,071.12","","+0.58%"
"Apr 06, 2017","1,074.38","1,088.56","1,092.06","1,071.48","","-2.02%"
"Apr 05, 2017","1,096.53","1,100.93","1,104.54","1,089.35","","-0.35%"
"Apr 04, 2017","1,100.34","1,111.77","1,111.95","1,091.92","","-1.49%"
"Apr 03, 2017","1,116.94","1,119.71","1,123.41","1,112.30","","+0.19%"
"Mar 31, 2017","1,114.87","1,135.28","1,136.09","1,114.87","","-0.82%"
"Mar 30, 2017","1,124.07","1,135.34","1,136.18","1,122.42","","-1.16%"
"Mar 29, 2017","1,137.28","1,140.44","1,144.95","1,134.36","","+0.02%"
"Mar 28, 2017","1,137.10","1,130.55","1,137.82","1,130.55","","+1.80%"
"Mar 27, 2017","1,116.98","1,119.18","1,122.26","1,113.07","","-1.70%"
"Mar 24, 2017","1,136.29","1,126.29","1,144.00","1,123.97","","+0.80%"
"Mar 23, 2017","1,127.30","1,126.29","1,132.15","1,124.15","","+0.26%"
"Mar 22, 2017","1,124.35","1,133.67","1,136.48","1,124.13","","-2.41%"
"Mar 21, 2017","1,152.10","1,142.86","1,155.90","1,142.59","","-0.62%"
"Mar 17, 2017","1,159.31","1,161.12","1,162.68","1,156.46","","-0.60%"
"Mar 16, 2017","1,166.34","1,151.78","1,167.16","1,150.88","","+0.59%"
"Mar 15, 2017","1,159.52","1,160.49","1,163.15","1,158.11","","-0.43%"
"Mar 14, 2017","1,164.56","1,161.11","1,166.01","1,157.53","","+0.33%"
"Mar 13, 2017","1,160.68","1,160.01","1,161.37","1,156.02","","-0.24%"
"Mar 10, 2017","1,163.44","1,161.26","1,164.29","1,158.43","","+1.21%"
"Mar 09, 2017","1,149.54","1,144.68","1,150.43","1,142.77","","+1.20%"
"Mar 08, 2017","1,135.86","1,143.75","1,144.83","1,133.60","","-0.46%"
"Mar 07, 2017","1,141.11","1,142.81","1,143.35","1,137.66","","-0.39%"
"Mar 06, 2017","1,145.53","1,145.74","1,147.95","1,139.66","","-0.16%"
"Mar 03, 2017","1,147.40","1,150.76","1,153.70","1,143.05","","-0.51%"
"Mar 02, 2017","1,153.26","1,151.71","1,163.53","1,150.59","","+1.59%"
"Mar 01, 2017","1,135.16","1,125.74","1,135.16","1,119.62","","+1.19%"
"Feb 28, 2017","1,121.86","1,125.98","1,133.96","1,121.34","","+0.86%"
"Feb 27, 2017","1,112.29","1,116.19","1,123.38","1,104.32","","-0.61%"
"Feb 24, 2017","1,119.15","1,119.32","1,125.08","1,115.63","","-1.54%"
"Feb 23, 2017","1,136.66","1,139.62","1,140.83","1,130.82","","-0.40%"
"Feb 22, 2017","1,141.22","1,142.54","1,147.31","1,136.77","","+0.55%"
"Feb 21, 2017","1,135.01","1,131.20","1,136.37","1,130.21","","+0.49%"
"Feb 20, 2017","1,129.46","1,125.81","1,130.74","1,119.68","","0.00%"
"Feb 17, 2017","1,129.41","1,130.30","1,133.59","1,127.68","","-0.75%"
"Feb 16, 2017","1,137.90","1,138.08","1,139.33","1,126.91","","-0.12%"
"Feb 15, 2017","1,139.22","1,138.83","1,142.86","1,136.48","","+0.99%"
"Feb 14, 2017","1,128.07","1,141.38","1,146.58","1,127.06","","-0.91%"
"Feb 13, 2017","1,138.43","1,139.12","1,143.98","1,135.78","","+0.81%"
"Feb 10, 2017","1,129.32","1,112.76","1,129.32","1,110.20","","+2.96%"
"Feb 09, 2017","1,096.84","1,103.07","1,103.50","1,094.83","","-1.50%"
"Feb 08, 2017","1,113.52","1,092.32","1,113.53","1,092.32","","+2.50%"
"Feb 07, 2017","1,086.33","1,081.82","1,091.58","1,080.29","","-0.14%"
"Feb 06, 2017","1,087.88","1,091.47","1,093.41","1,083.59","","+0.92%"
"Feb 03, 2017","1,077.98","1,088.32","1,091.92","1,075.78","","-0.34%"
"Feb 02, 2017","1,081.65","1,098.46","1,098.92","1,079.51","","-1.16%"
"Feb 01, 2017","1,094.30","1,084.27","1,095.44","1,083.74","","+0.58%"
"Jan 31, 2017","1,088.04","1,094.36","1,097.09","1,087.46","","-1.36%"
"Jan 30, 2017","1,103.04","1,100.67","1,103.49","1,094.68","","-0.39%"
"Jan 27, 2017","1,107.40","1,105.09","1,109.04","1,100.91","","+0.29%"
"Jan 26, 2017","1,104.15","1,095.11","1,105.67","1,091.62","","+2.03%"
"Jan 25, 2017","1,082.16","1,078.22","1,085.08","1,076.66","","+2.00%"
"Jan 24, 2017","1,060.99","1,063.29","1,070.95","1,058.89","","-0.77%"
"Jan 23, 2017","1,069.25","1,069.17","1,076.80","1,065.12","","-1.15%"
"Jan 20, 2017","1,081.74","1,080.32","1,085.19","1,073.56","","+0.64%"
"Jan 19, 2017","1,074.89","1,069.79","1,075.71","1,066.27","","+1.27%"
"Jan 18, 2017","1,061.41","1,049.62","1,064.04","1,044.48","","+0.45%"
"Jan 17, 2017","1,056.70","1,070.72","1,072.11","1,056.27","","-1.98%"
"Jan 16, 2017","1,078.08","1,085.62","1,089.38","1,073.60","","-1.17%"
"Jan 13, 2017","1,090.89","1,080.75","1,091.23","1,078.17","","+0.89%"
"Jan 12, 2017","1,081.32","1,088.45","1,090.11","1,077.08","","-0.94%"
"Jan 11, 2017","1,091.57","1,082.68","1,093.89","1,082.68","","+1.25%"
"Jan 10, 2017","1,078.12","1,073.70","1,086.05","1,070.95","","-0.62%"
"Jan 06, 2017","1,084.80","1,085.81","1,087.15","1,078.40","","-0.98%"
"Jan 05, 2017","1,095.57","1,106.48","1,107.14","1,092.35","","-0.72%"
"Jan 04, 2017","1,103.56","1,078.04","1,103.56","1,077.61","","+3.65%"
"Dec 30, 2016","1,064.70","1,060.09","1,067.40","1,056.58","","-0.21%"
"Dec 29, 2016","1,066.94","1,073.22","1,075.61","1,061.83","","-1.31%"
"Dec 28, 2016","1,081.12","1,076.18","1,082.14","1,074.94","","+0.46%"
"Dec 27, 2016","1,076.20","1,074.06","1,083.10","1,074.06","","+0.06%"
"Dec 26, 2016","1,075.56","1,081.37","1,083.25","1,073.96","","-1.21%"
"Dec 22, 2016","1,088.72","1,084.53","1,088.72","1,077.69","","+0.60%"
"Dec 21, 2016","1,082.21","1,091.17","1,092.51","1,076.76","","-0.50%"
"Dec 20, 2016","1,087.61","1,090.00","1,090.00","1,080.22","","-0.62%"
"Dec 19, 2016","1,094.43","1,096.84","1,098.11","1,089.88","","-0.44%"
"Dec 16, 2016","1,099.32","1,093.29","1,101.18","1,091.85","","+1.52%"
"Dec 15, 2016","1,082.82","1,085.82","1,091.97","1,078.01","","+0.59%"
"Dec 14, 2016","1,076.45","1,071.66","1,078.19","1,067.62","","+0.42%"
"Dec 13, 2016","1,071.97","1,065.01","1,072.28","1,058.82","","-0.37%"
"Dec 12, 2016","1,075.98","1,080.09","1,085.71","1,065.48","","+0.43%"
"Dec 09, 2016","1,071.35","1,072.90","1,072.90","1,061.31","","+0.11%"
"Dec 08, 2016","1,070.20","1,068.04","1,077.22","1,060.26","","+1.59%"
"Dec 07, 2016","1,053.50","1,042.57","1,053.50","1,039.21","","+1.60%"
"Dec 06, 2016","1,036.94","1,033.13","1,040.28","1,031.13","","+1.76%"
"Dec 05, 2016","1,019.01","1,019.75","1,020.65","1,013.71","","-0.40%"
"Dec 02, 2016","1,023.14","1,023.55","1,024.39","1,017.98","","+0.06%"
"Dec 01, 2016","1,022.48","1,023.85","1,035.41","1,020.00","","+1.20%"
"Nov 30, 2016","1,010.36","1,006.84","1,010.51","1,002.59","","+1.11%"
"Nov 29, 2016","999.28","1,000.67","1,003.13","995.71","","-0.75%"
"Nov 28, 2016","1,006.82","1,005.43","1,011.14","999.53","","-0.25%"
"Nov 25, 2016","1,009.33","1,018.07","1,026.43","1,005.45","","-0.25%"
"Nov 24, 2016","1,011.85","1,011.27","1,015.16","1,007.78","","+0.71%"
"Nov 22, 2016","1,004.75","1,003.33","1,005.85","997.90","","+0.37%"
"Nov 21, 2016","1,001.05","996.24","1,002.44","994.52","","+0.49%"
"Nov 18, 2016","996.20","991.69","998.17","988.76","","+1.97%"
"Nov 17, 2016","976.97","976.82","978.77","970.79","","-0.37%"
"Nov 16, 2016","980.57","976.64","982.19","975.50","","+1.11%"
"Nov 15, 2016","969.77","969.03","974.34","964.22","","+0.34%"
"Nov 14, 2016","966.48","952.20","967.91","950.24","","+2.06%"
"Nov 11, 2016","947.00","951.42","966.69","944.84","","+0.61%"
"Nov 10, 2016","941.27","894.13","943.85","894.13","","+7.43%"
"Nov 09, 2016","876.18","934.15","938.13","865.59","","-5.77%"
"Nov 08, 2016","929.86","924.40","933.97","922.42","","+0.70%"
"Nov 07, 2016","923.38","918.70","923.95","914.19","","+1.97%"
"Nov 04, 2016","905.52","901.28","906.50","894.72","","-0.23%"
"Nov 02, 2016","907.65","916.34","919.02","904.95","","-2.60%"
"Nov 01, 2016","931.87","930.97","932.78","916.54","","-0.32%"
"Oct 31, 2016","934.83","935.12","935.50","916.59","","-0.97%"
"Oct 28, 2016","944.02","944.47","950.01","940.63","","+0.34%"
"Oct 27, 2016","940.86","942.06","946.71","935.97","","-0.33%"
"Oct 26, 2016","943.98","936.70","945.51","932.65","","+0.59%"
"Oct 25, 2016","938.47","934.93","942.07","934.78","","+0.83%"
"Oct 24, 2016","930.71","922.50","931.22","920.87","","+1.09%"
"Oct 21, 2016","920.70","924.64","926.64","919.21","","-0.10%"
"Oct 20, 2016","921.65","907.53","921.65","906.57","","+1.15%"
"Oct 19, 2016","911.17","906.97","912.04","906.34","","+0.25%"
"Oct 18, 2016","908.92","902.37","909.76","901.24","","+0.68%"
"Oct 17, 2016","902.74","891.68","903.69","891.68","","+1.09%"
"Oct 14, 2016","893.04","890.53","893.49","885.28","","+0.23%"
"Oct 13, 2016","890.97","901.11","904.42","889.07","","-0.64%"
"Oct 12, 2016","896.67","895.33","904.67","894.67","","-0.88%"
"Oct 11, 2016","904.66","897.61","909.79","897.53","","+1.19%"
"Oct 07, 2016","894.01","893.85","895.17","888.58","","-0.07%"
"Oct 06, 2016","894.67","896.46","898.99","893.84","","+0.70%"
"Oct 05, 2016","888.44","886.88","891.26","882.23","","+0.44%"
"Oct 04, 2016","884.54","878.74","884.54","877.47","","+1.02%"
"Oct 03, 2016","875.59","882.12","884.10","874.19","","+0.21%"
"Sep 30, 2016","873.73","879.43","879.43","868.82","","-1.87%"
"Sep 29, 2016","890.42","889.34","893.11","881.83","","+1.04%"
"Sep 28, 2016","881.25","875.41","882.72","875.34","","-0.73%"
"Sep 27, 2016","887.77","865.65","887.77","862.15","","+1.19%"
"Sep 26, 2016","877.34","889.06","890.55","875.63","","-1.67%"
"Sep 23, 2016","892.21","892.40","893.97","886.25","","-0.68%"
"Sep 21, 2016","898.28","872.73","898.28","867.67","","+2.56%"
"Sep 20, 2016","875.88","860.35","882.06","859.42","","+0.33%"
"Sep 16, 2016","873.00","878.09","879.11","870.03","","-0.79%"
"Sep 15, 2016","879.91","878.30","886.96","877.87","","-0.34%"
"Sep 14, 2016","882.95","879.74","888.11","876.45","","-0.46%"
"Sep 13, 2016","887.03","891.91","895.06","882.63","","+0.04%"
"Sep 12, 2016","886.65","887.70","892.40","882.33","","-1.62%"
"Sep 09, 2016","901.24","897.87","904.05","896.89","","+0.70%"
"Sep 08, 2016","894.99","901.55","901.74","888.47","","-0.80%"
"Sep 07, 2016","902.25","897.43","904.08","896.49","","-0.34%"
"Sep 06, 2016","905.33","896.32","907.10","895.90","","+1.16%"
"Sep 05, 2016","894.95","901.50","903.12","893.50","","+0.66%"
"Sep 02, 2016","889.12","894.36","894.36","883.33","","-0.88%"
"Sep 01, 2016","896.99","899.16","899.16","892.61","","-0.87%"
"Aug 31, 2016","904.85","899.53","905.81","896.50","","+1.65%"
"Aug 30, 2016","890.15","888.01","895.53","887.27","","-0.49%"
"Aug 29, 2016","894.51","878.61","897.51","878.61","","+3.74%"
"Aug 26, 2016","862.26","864.72","870.08","859.90","","-0.50%"
"Aug 25, 2016","866.55","863.55","868.13","860.11","","+0.05%"
"Aug 24, 2016","866.14","863.21","868.64","861.01","","+1.28%"
"Aug 23, 2016","855.20","861.30","864.96","853.05","","-1.57%"
"Aug 22, 2016","868.86","870.24","870.25","861.46","","+0.53%"
"Aug 19, 2016","864.25","866.16","869.83","860.71","","+0.61%"
"Aug 18, 2016","859.00","862.28","869.27","857.26","","-1.18%"
"Aug 17, 2016","869.27","856.72","870.63","856.52","","+1.45%"
"Aug 16, 2016","856.85","872.39","877.85","856.85","","-2.00%"
"Aug 15, 2016","874.36","876.84","879.98","873.87","","-0.82%"
"Aug 12, 2016","881.62","885.85","885.85","878.81","","0.00%"
"Aug 10, 2016","881.64","874.34","887.77","873.60","","+0.51%"
"Aug 09, 2016","877.15","872.16","878.10","870.42","","+0.12%"
"Aug 08, 2016","876.08","861.65","876.08","860.79","","+3.25%"
"Aug 05, 2016","848.54","854.96","858.40","847.01","","-0.48%"
"Aug 04, 2016","852.62","843.17","854.44","835.37","","+1.52%"
"Aug 03, 2016","839.89","860.07","860.07","838.29","","-4.14%"
"Aug 02, 2016","876.15","878.55","888.76","875.82","","-0.98%"
"Aug 01, 2016","884.78","893.98","893.98","876.82","","-2.47%"
"Jul 29, 2016","907.22","887.98","911.06","887.09","","+1.85%"
"Jul 28, 2016","890.71","889.02","892.99","881.34","","-0.33%"
"Jul 27, 2016","893.67","879.72","900.87","878.08","","+2.75%"
"Jul 26, 2016","869.79","882.34","882.34","865.23","","-1.83%"
"Jul 25, 2016","885.99","883.09","892.35","881.36","","+0.11%"
"Jul 22, 2016","885.02","885.05","891.83","882.11","","-1.63%"
"Jul 21, 2016","899.71","903.22","906.56","895.44","","+0.82%"
"Jul 20, 2016","892.38","886.42","892.38","883.65","","+0.01%"
"Jul 19, 2016","892.27","877.59","892.27","875.89","","+2.81%"
"Jul 15, 2016","867.91","863.95","879.61","863.78","","+1.44%"
"Jul 14, 2016","855.55","843.55","857.40","843.06","","+1.08%"
"Jul 13, 2016","846.39","842.84","856.03","842.36","","+2.36%"
"Jul 12, 2016","826.86","819.31","836.17","819.31","","+2.92%"
"Jul 11, 2016","803.41","777.64","808.05","777.64","","+5.27%"
"Jul 08, 2016","763.22","779.44","781.82","763.14","","-2.43%"
"Jul 07, 2016","782.22","789.82","790.29","781.19","","-0.94%"
"Jul 06, 2016","789.67","791.97","791.97","779.00","","-2.17%"
"Jul 05, 2016","807.18","807.62","811.89","803.65","","-0.24%"
"Jul 04, 2016","809.14","798.41","812.00","796.45","","+0.03%"
"Jul 01, 2016","808.88","806.43","811.21","801.28","","+1.03%"
"Jun 30, 2016","800.64","805.62","807.60","800.64","","+0.82%"
"Jun 29, 2016","794.15","789.85","796.89","782.98","","+2.05%"
"Jun 28, 2016","778.21","769.03","785.45","758.53","","-1.12%"
"Jun 27, 2016","786.99","798.22","799.21","780.00","","-0.47%"
"Jun 24, 2016","790.74","871.21","875.16","787.21","","-8.36%"
"Jun 23, 2016","862.84","852.62","863.38","849.40","","+1.20%"
"Jun 22, 2016","852.61","853.77","857.60","845.71","","-0.49%"
"Jun 21, 2016","856.84","846.02","859.16","840.02","","+0.41%"
"Jun 20, 2016","853.37","841.58","855.67","839.71","","+3.08%"
"Jun 17, 2016","827.89","826.24","832.42","822.52","","+1.67%"
"Jun 16, 2016","814.30","846.36","847.91","813.53","","-3.77%"
"Jun 15, 2016","846.24","837.46","850.00","832.69","","+0.77%"
"Jun 14, 2016","839.74","847.90","853.16","834.11","","-1.12%"
"Jun 13, 2016","849.23","863.93","863.93","849.23","","-3.76%"
"Jun 10, 2016","882.45","890.72","890.72","874.35","","-0.64%"
"Jun 09, 2016","888.13","894.74","895.95","882.04","","-1.42%"
"Jun 08, 2016","900.94","902.50","902.51","888.61","","-0.28%"
"Jun 07, 2016","903.47","900.56","905.22","897.23","","+0.60%"
"Jun 06, 2016","898.07","887.32","898.31","883.15","","-0.70%"
"Jun 03, 2016","904.42","905.27","909.57","898.33","","+0.43%"
"Jun 02, 2016","900.59","923.60","923.60","897.44","","-3.09%"
"Jun 01, 2016","929.28","935.97","938.53","926.32","","-1.17%"
"May 31, 2016","940.29","935.88","941.46","930.91","","+0.17%"
"May 30, 2016","938.73","928.28","939.00","928.28","","+2.00%"
"May 27, 2016","920.31","916.73","923.44","914.75","","+0.58%"
"May 26, 2016","915.03","913.75","919.87","911.65","","+0.63%"
"May 25, 2016","909.33","912.07","912.43","904.99","","+1.43%"
"May 24, 2016","896.54","900.27","904.26","895.39","","-0.70%"
"May 23, 2016","902.85","904.59","904.89","891.48","","-0.92%"
"May 20, 2016","911.22","900.18","912.50","897.97","","+0.97%"
"May 19, 2016","902.44","919.81","919.81","898.60","","-0.88%"
"May 18, 2016","910.42","909.97","920.21","903.67","","-0.04%"
"May 17, 2016","910.78","905.57","911.63","901.82","","+1.35%"
"May 16, 2016","898.65","900.58","913.08","894.58","","+0.23%"
"May 13, 2016","896.63","909.29","909.29","895.78","","-0.89%"
"May 12, 2016","904.64","895.70","907.86","892.08","","+0.09%"
"May 11, 2016","903.82","913.97","920.09","901.73","","+0.04%"
"May 10, 2016","903.50","882.57","907.79","880.10","","+3.43%"
"May 09, 2016","873.57","874.49","880.44","867.02","","+1.02%"
"May 06, 2016","864.76","872.07","876.85","856.92","","-0.26%"
"May 02, 2016","867.05","892.58","892.58","859.31","","-4.81%"
"Apr 28, 2016","910.83","942.96","943.79","908.08","","-2.22%"
"Apr 27, 2016","931.55","930.77","936.16","926.01","","+1.04%"
"Apr 26, 2016","921.96","931.92","933.05","911.54","","-1.97%"
"Apr 25, 2016","940.45","943.65","948.49","937.90","","+0.36%"
"Apr 22, 2016","937.04","919.03","937.04","917.74","","+0.73%"
"Apr 21, 2016","930.22","926.58","930.74","918.62","","+2.29%"
"Apr 20, 2016","909.39","915.40","926.21","907.12","","+0.66%"
"Apr 19, 2016","903.47","890.41","903.49","888.47","","+3.29%"
"Apr 18, 2016","874.70","876.95","881.85","870.70","","-1.94%"
"Apr 15, 2016","892.01","890.28","899.31","888.80","","-0.43%"
"Apr 14, 2016","895.82","873.92","895.82","873.87","","+4.42%"
"Apr 13, 2016","857.94","842.50","859.62","841.83","","+3.41%"
"Apr 12, 2016","829.66","813.61","832.07","809.85","","+1.75%"
"Apr 11, 2016","815.43","807.14","816.76","794.05","","+0.80%"
"Apr 08, 2016","808.97","783.11","818.80","780.30","","+2.35%"
"Apr 07, 2016","790.37","789.52","800.55","786.15","","+0.38%"
"Apr 06, 2016","787.35","783.61","792.18","779.43","","+0.37%"
"Apr 05, 2016","784.48","802.74","806.30","782.72","","-3.17%"
"Apr 04, 2016","810.16","814.06","825.39","804.92","","-0.99%"
"Apr 01, 2016","818.22","853.19","853.89","817.41","","-4.20%"
"Mar 31, 2016","854.05","858.30","864.62","853.93","","+0.42%"
"Mar 30, 2016","850.45","859.62","860.79","849.89","","-1.42%"
"Mar 29, 2016","862.69","856.88","866.08","851.06","","-0.31%"
"Mar 28, 2016","865.40","862.52","865.87","854.73","","+0.97%"
"Mar 25, 2016","857.12","860.38","860.38","849.38","","+0.33%"
"Mar 24, 2016","854.33","860.77","861.52","850.09","","-0.85%"
"Mar 23, 2016","861.68","872.22","873.17","859.32","","-0.92%"
"Mar 22, 2016","869.64","861.31","872.87","855.18","","+2.17%"
"Mar 18, 2016","851.19","856.02","862.58","845.26","","-0.93%"
"Mar 17, 2016","859.20","868.73","873.44","850.45","","-0.21%"
"Mar 16, 2016","860.99","859.62","869.07","859.53","","-1.10%"
"Mar 15, 2016","870.53","875.57","881.79","868.08","","-0.56%"
"Mar 14, 2016","875.39","867.87","876.60","861.77","","+2.51%"
"Mar 11, 2016","853.99","827.57","857.31","827.14","","+1.36%"
"Mar 10, 2016","842.51","839.53","845.11","831.51","","+1.29%"
"Mar 09, 2016","831.80","833.93","836.58","822.08","","-1.72%"
"Mar 08, 2016","846.32","853.42","858.40","833.69","","-1.23%"
"Mar 07, 2016","856.87","865.51","865.51","853.55","","-0.25%"
"Mar 04, 2016","859.05","838.98","860.80","838.98","","+2.83%"
"Mar 03, 2016","835.38","817.12","835.38","817.12","","+1.35%"
"Mar 02, 2016","824.26","811.79","830.13","811.64","","+3.58%"
"Mar 01, 2016","795.76","794.90","797.81","779.03","","-0.25%"
"Feb 29, 2016","797.72","813.79","820.99","797.72","","-1.10%"
"Feb 26, 2016","806.62","818.30","822.17","805.57","","-0.77%"
"Feb 25, 2016","812.90","800.22","817.81","800.22","","+2.43%"
"Feb 24, 2016","793.65","787.26","798.62","780.76","","-0.20%"
"Feb 23, 2016","795.24","803.68","809.05","793.47","","-0.22%"
"Feb 22, 2016","797.02","788.07","803.32","784.95","","+0.34%"
"Feb 19, 2016","794.34","808.15","808.15","788.42","","-2.96%"
"Feb 18, 2016","818.61","818.30","827.32","815.52","","+2.33%"
"Feb 17, 2016","799.95","806.77","818.78","788.90","","-0.64%"
"Feb 16, 2016","805.10","796.40","824.49","790.91","","-0.66%"
"Feb 15, 2016","810.46","774.43","815.79","774.15","","+7.02%"
"Feb 12, 2016","757.33","792.90","793.94","756.39","","-6.69%"
"Feb 10, 2016","811.67","850.24","854.09","796.12","","-4.32%"
"Feb 09, 2016","848.29","889.10","890.00","841.46","","-6.53%"
"Feb 08, 2016","907.51","919.14","920.68","893.99","","-3.04%"
"Feb 05, 2016","935.96","940.80","941.56","925.45","","-1.88%"
"Feb 04, 2016","953.90","942.80","963.00","936.50","","-0.31%"
"Feb 03, 2016","956.89","983.57","983.81","952.67","","-4.64%"
"Feb 02, 2016","1,003.42","1,014.52","1,016.26","1,001.29","","-2.52%"
"Feb 01, 2016","1,029.40","1,013.26","1,036.60","1,011.51","","+3.19%"
"Jan 29, 2016","997.58","973.61","1,000.23","961.14","","+2.85%"
"Jan 28, 2016","969.95","968.15","982.37","964.84","","-0.46%"
"Jan 27, 2016","974.42","969.76","979.76","964.37","","+2.37%"
"Jan 26, 2016","951.83","952.96","964.48","948.99","","-1.56%"
"Jan 25, 2016","966.91","970.12","973.97","957.46","","+1.28%"
"Jan 22, 2016","954.69","926.05","955.68","925.96","","+5.30%"
"Jan 21, 2016","906.64","917.52","943.22","906.64","","-0.86%"
"Jan 20, 2016","914.50","951.04","951.04","914.05","","-4.13%"
"Jan 19, 2016","953.86","944.02","957.40","941.18","","+1.11%"
"Jan 18, 2016","943.40","936.03","948.61","925.69","","-1.22%"
"Jan 15, 2016","955.05","968.67","974.81","950.64","","+0.13%"
"Jan 14, 2016","953.78","961.24","961.86","938.32","","-2.64%"
"Jan 13, 2016","979.62","963.03","979.62","960.27","","+2.93%"
"Jan 12, 2016","951.74","969.68","976.24","950.99","","-3.12%"
"Jan 08, 2016","982.42","972.75","993.79","968.90","","-0.32%"
"Jan 07, 2016","985.53","1,011.83","1,017.28","985.46","","-3.18%"
"Jan 06, 2016","1,017.86","1,033.67","1,039.71","1,010.28","","-0.97%"
"Jan 05, 2016","1,027.86","1,020.78","1,038.94","1,019.28","","+0.51%"
"Jan 04, 2016","1,022.62","1,040.67","1,052.59","1,021.46","","-2.68%"
"Dec 30, 2015","1,050.81","1,062.89","1,063.56","1,050.70","","-0.51%"
"Dec 29, 2015","1,056.21","1,043.31","1,057.87","1,035.72","","+0.76%"
"Dec 28, 2015","1,048.26","1,044.81","1,050.32","1,040.87","","+0.93%"
"Dec 25, 2015","1,038.58","1,045.26","1,050.48","1,035.17","","-0.70%"
"Dec 24, 2015","1,045.92","1,064.54","1,068.12","1,044.91","","-0.45%"
"Dec 22, 2015","1,050.67","1,048.37","1,055.54","1,045.60","","-0.23%"
"Dec 21, 2015","1,053.13","1,044.33","1,054.25","1,036.63","","+0.20%"
"Dec 18, 2015","1,051.08","1,063.56","1,085.43","1,050.56","","-1.90%"
"Dec 17, 2015","1,071.44","1,069.80","1,074.42","1,065.61","","+1.79%"
"Dec 16, 2015","1,052.65","1,036.41","1,054.15","1,035.37","","+2.92%"
"Dec 15, 2015","1,022.81","1,039.85","1,043.90","1,022.81","","-1.62%"
"Dec 14, 2015","1,039.69","1,039.56","1,041.51","1,027.01","","-1.57%"
"Dec 11, 2015","1,056.32","1,049.80","1,062.74","1,049.59","","+0.70%"
"Dec 10, 2015","1,048.93","1,054.32","1,059.63","1,047.75","","-1.27%"
"Dec 09, 2015","1,062.46","1,066.92","1,076.49","1,062.46","","-1.42%"
"Dec 08, 2015","1,077.71","1,089.44","1,094.97","1,077.71","","-1.30%"
"Dec 07, 2015","1,091.95","1,093.32","1,096.76","1,091.36","","+1.09%"
"Dec 04, 2015","1,080.15","1,085.76","1,089.11","1,077.56","","-1.89%"
"Dec 03, 2015","1,100.93","1,095.73","1,102.08","1,093.99","","+0.22%"
"Dec 02, 2015","1,098.47","1,106.89","1,108.77","1,098.03","","-1.03%"
"Dec 01, 2015","1,109.88","1,098.53","1,109.88","1,098.20","","+1.36%"
"Nov 30, 2015","1,095.03","1,103.08","1,107.48","1,093.63","","-0.60%"
"Nov 27, 2015","1,101.66","1,115.02","1,115.02","1,100.10","","-1.28%"
"Nov 26, 2015","1,115.99","1,117.94","1,123.65","1,115.24","","+0.17%"
"Nov 25, 2015","1,114.10","1,118.87","1,119.20","1,109.09","","-0.93%"
"Nov 24, 2015","1,124.55","1,117.15","1,127.05","1,116.72","","+0.55%"
"Nov 20, 2015","1,118.37","1,115.90","1,118.37","1,109.24","","-0.42%"
"Nov 19, 2015","1,123.12","1,122.20","1,125.99","1,116.84","","+0.99%"
"Nov 18, 2015","1,112.14","1,125.91","1,127.98","1,109.90","","-0.42%"
"Nov 17, 2015","1,116.80","1,115.35","1,123.85","1,114.69","","+1.20%"
"Nov 16, 2015","1,103.55","1,094.16","1,108.94","1,094.16","","-0.64%"
"Nov 13, 2015","1,110.67","1,100.72","1,111.78","1,099.61","","-0.25%"
"Nov 12, 2015","1,113.50","1,112.11","1,116.89","1,105.25","","-0.06%"
"Nov 11, 2015","1,114.16","1,102.28","1,115.30","1,100.97","","+0.61%"
"Nov 10, 2015","1,107.37","1,095.02","1,108.62","1,094.11","","+0.16%"
"Nov 09, 2015","1,105.61","1,096.94","1,109.57","1,094.84","","+1.81%"
"Nov 06, 2015","1,085.98","1,074.96","1,087.75","1,073.56","","+1.56%"
"Nov 05, 2015","1,069.32","1,063.41","1,070.71","1,059.77","","+0.94%"
"Nov 04, 2015","1,059.36","1,054.59","1,069.34","1,051.86","","+2.09%"
"Nov 02, 2015","1,037.66","1,049.35","1,059.99","1,037.46","","-0.83%"
"Oct 30, 2015","1,046.30","1,042.00","1,047.71","1,024.20","","-0.65%"
"Oct 29, 2015","1,053.13","1,055.23","1,060.63","1,044.70","","+0.57%"
"Oct 28, 2015","1,047.15","1,054.00","1,057.23","1,041.81","","-0.48%"
"Oct 27, 2015","1,052.21","1,070.53","1,070.53","1,051.29","","-1.55%"
"Oct 26, 2015","1,068.73","1,071.48","1,077.12","1,067.25","","+0.54%"
"Oct 23, 2015","1,063.01","1,057.47","1,067.99","1,055.23","","+2.22%"
"Oct 22, 2015","1,039.94","1,042.00","1,050.44","1,037.78","","-0.70%"
"Oct 21, 2015","1,047.29","1,014.97","1,049.02","1,012.49","","+2.67%"
"Oct 20, 2015","1,020.01","1,024.65","1,025.60","1,015.23","","-0.42%"
"Oct 19, 2015","1,024.30","1,032.91","1,032.91","1,019.05","","-0.80%"
"Oct 16, 2015","1,032.54","1,029.62","1,037.53","1,027.94","","+1.63%"
"Oct 15, 2015","1,015.95","995.41","1,017.97","991.46","","+1.32%"
"Oct 14, 2015","1,002.75","1,025.65","1,027.77","1,000.20","","-2.96%"
"Oct 13, 2015","1,033.37","1,029.42","1,039.82","1,026.70","","-0.20%"
"Oct 09, 2015","1,035.44","1,013.94","1,035.44","1,013.94","","+1.91%"
"Oct 08, 2015","1,016.01","1,019.44","1,028.38","1,014.37","","-0.33%"
"Oct 07, 2015","1,019.35","1,002.90","1,022.61","1,001.67","","+1.45%"
"Oct 06, 2015","1,004.82","1,012.61","1,013.04","1,002.14","","+0.83%"
"Oct 05, 2015","996.52","1,000.08","1,004.94","989.15","","+0.68%"
"Oct 02, 2015","989.76","979.54","996.56","975.55","","+0.42%"
"Oct 01, 2015","985.59","974.70","990.00","961.97","","+2.04%"
"Sep 30, 2015","965.88","959.83","969.60","955.62","","+2.03%"
"Sep 29, 2015","946.67","967.35","967.35","943.75","","-3.74%"
"Sep 28, 2015","983.43","989.31","990.05","974.59","","-0.37%"
"Sep 25, 2015","987.08","980.97","992.97","970.51","","+1.09%"
"Sep 24, 2015","976.41","996.86","1,000.78","970.95","","-3.52%"
"Sep 18, 2015","1,012.05","1,031.47","1,031.47","1,009.61","","-2.80%"
"Sep 17, 2015","1,041.18","1,038.46","1,044.02","1,032.71","","+1.12%"
"Sep 16, 2015","1,029.60","1,028.12","1,035.78","1,023.80","","+1.46%"
"Sep 15, 2015","1,014.76","1,024.79","1,032.70","1,014.11","","-0.19%"
"Sep 14, 2015","1,016.66","1,033.05","1,034.38","1,011.88","","-0.36%"
"Sep 11, 2015","1,020.36","1,007.11","1,025.20","1,007.11","","+0.39%"
"Sep 10, 2015","1,016.39","1,006.02","1,017.52","996.43","","-0.82%"
"Sep 09, 2015","1,024.84","977.82","1,024.84","977.19","","+6.92%"
"Sep 08, 2015","958.47","969.02","979.38","958.47","","-1.17%"
"Sep 07, 2015","969.81","973.75","979.43","958.35","","-1.50%"
"Sep 04, 2015","984.54","1,013.58","1,013.97","976.54","","-2.92%"
"Sep 03, 2015","1,014.19","1,011.73","1,030.04","1,010.98","","+2.02%"
"Sep 02, 2015","994.08","987.47","1,012.68","983.30","","-1.04%"
"Sep 01, 2015","1,004.53","1,036.62","1,036.62","1,004.53","","-3.80%"
"Aug 31, 2015","1,044.25","1,061.05","1,061.91","1,040.55","","-1.33%"
"Aug 28, 2015","1,058.36","1,049.70","1,065.68","1,049.47","","+2.76%"
"Aug 27, 2015","1,029.98","1,034.16","1,047.53","1,027.35","","+0.96%"
"Aug 26, 2015","1,020.23","1,006.84","1,027.08","996.17","","+1.82%"
"Aug 25, 2015","1,002.02","1,018.78","1,048.51","985.17","","-3.67%"
"Aug 24, 2015","1,040.15","1,077.19","1,080.20","1,040.15","","-5.38%"
"Aug 21, 2015","1,099.31","1,112.46","1,119.88","1,098.89","","-3.15%"
"Aug 20, 2015","1,135.05","1,140.84","1,146.70","1,133.96","","-0.93%"
"Aug 19, 2015","1,145.68","1,153.24","1,160.32","1,142.25","","-0.91%"
"Aug 18, 2015","1,156.24","1,161.87","1,163.99","1,155.57","","-0.62%"
"Aug 17, 2015","1,163.45","1,153.32","1,165.53","1,151.74","","+1.32%"
"Aug 14, 2015","1,148.30","1,147.73","1,157.02","1,144.86","","-0.09%"
"Aug 13, 2015","1,149.33","1,142.84","1,151.92","1,142.09","","+0.43%"
"Aug 12, 2015","1,144.39","1,157.41","1,163.11","1,139.76","","-1.47%"
"Aug 11, 2015","1,161.52","1,173.57","1,176.55","1,159.18","","-0.79%"
"Aug 10, 2015","1,170.74","1,171.59","1,172.53","1,160.12","","-0.86%"
"Aug 07, 2015","1,180.85","1,159.73","1,182.11","1,158.45","","+1.35%"
"Aug 06, 2015","1,165.12","1,153.84","1,176.29","1,153.68","","+1.82%"
"Aug 05, 2015","1,144.24","1,127.82","1,148.80","1,119.23","","+1.15%"
"Aug 04, 2015","1,131.21","1,139.07","1,140.03","1,123.68","","-0.88%"
"Aug 03, 2015","1,141.24","1,134.73","1,145.33","1,131.76","","+1.29%"
"Jul 31, 2015","1,126.69","1,108.19","1,127.09","1,108.02","","+2.23%"
"Jul 30, 2015","1,102.09","1,097.89","1,108.69","1,096.59","","+0.90%"
"Jul 29, 2015","1,092.31","1,094.58","1,097.12","1,084.20","","+0.36%"
"Jul 28, 2015","1,088.34","1,081.64","1,094.21","1,074.26","","-0.47%"
"Jul 27, 2015","1,093.50","1,101.49","1,105.87","1,090.49","","-1.58%"
"Jul 24, 2015","1,111.04","1,124.96","1,126.02","1,109.60","","-1.49%"
"Jul 23, 2015","1,127.80","1,134.59","1,136.37","1,123.35","","-0.49%"
"Jul 22, 2015","1,133.38","1,120.78","1,137.28","1,119.74","","+0.56%"
"Jul 21, 2015","1,127.11","1,124.11","1,128.64","1,120.27","","+1.01%"
"Jul 17, 2015","1,115.80","1,120.22","1,120.22","1,110.84","","-0.23%"
"Jul 16, 2015","1,118.35","1,115.96","1,119.73","1,107.81","","+0.86%"
"Jul 15, 2015","1,108.86","1,116.26","1,117.34","1,104.73","","+0.24%"
"Jul 14, 2015","1,106.18","1,108.81","1,116.66","1,102.26","","+1.52%"
"Jul 13, 2015","1,089.67","1,076.93","1,091.55","1,076.33","","+1.97%"
"Jul 10, 2015","1,068.57","1,074.11","1,080.46","1,064.65","","-0.07%"
"Jul 09, 2015","1,069.27","1,049.60","1,069.40","1,017.43","","+0.03%"
"Jul 08, 2015","1,068.93","1,097.01","1,099.52","1,068.93","","-2.85%"
"Jul 07, 2015","1,100.32","1,113.16","1,116.27","1,099.21","","-0.51%"
"Jul 06, 2015","1,105.92","1,115.07","1,120.41","1,103.49","","-2.73%"
"Jul 03, 2015","1,136.97","1,139.78","1,142.51","1,131.10","","-0.16%"
"Jul 02, 2015","1,138.75","1,151.48","1,151.48","1,135.11","","-0.06%"
"Jul 01, 2015","1,139.46","1,136.11","1,143.22","1,135.85","","+0.94%"
"Jun 30, 2015","1,128.86","1,130.98","1,138.81","1,126.52","","+0.08%"
"Jun 29, 2015","1,127.96","1,141.92","1,142.77","1,127.96","","-3.15%"
"Jun 26, 2015","1,164.68","1,168.65","1,170.38","1,159.53","","-0.36%"
"Jun 25, 2015","1,168.92","1,170.51","1,174.93","1,168.54","","-0.91%"
"Jun 24, 2015","1,179.64","1,171.74","1,183.71","1,167.70","","+1.06%"
"Jun 23, 2015","1,167.22","1,161.92","1,167.22","1,157.91","","+1.31%"
"Jun 22, 2015","1,152.14","1,156.20","1,158.46","1,146.93","","-0.63%"
"Jun 19, 2015","1,159.47","1,149.96","1,159.70","1,146.42","","+1.28%"
"Jun 18, 2015","1,144.85","1,155.41","1,157.39","1,144.85","","-1.15%"
"Jun 17, 2015","1,158.14","1,167.05","1,169.48","1,152.77","","-0.19%"
"Jun 16, 2015","1,160.31","1,158.10","1,162.79","1,154.65","","+0.14%"
"Jun 15, 2015","1,158.70","1,160.98","1,160.98","1,149.44","","-0.68%"
"Jun 12, 2015","1,166.58","1,171.30","1,171.68","1,161.79","","+0.10%"
"Jun 11, 2015","1,165.45","1,158.63","1,165.45","1,157.39","","+1.09%"
"Jun 10, 2015","1,152.93","1,160.10","1,162.19","1,149.10","","-0.48%"
"Jun 09, 2015","1,158.45","1,170.87","1,174.29","1,158.45","","-1.72%"
"Jun 08, 2015","1,178.73","1,181.39","1,184.48","1,172.37","","+0.30%"
"Jun 05, 2015","1,175.26","1,170.89","1,177.60","1,167.79","","-0.16%"
"Jun 04, 2015","1,177.12","1,173.83","1,182.54","1,170.37","","+1.36%"
"Jun 03, 2015","1,161.30","1,154.50","1,164.42","1,153.68","","+0.63%"
"Jun 02, 2015","1,153.98","1,163.05","1,165.23","1,152.95","","-0.70%"
"Jun 01, 2015","1,162.12","1,146.39","1,164.07","1,146.39","","+0.64%"
"May 29, 2015","1,154.70","1,152.55","1,156.09","1,146.27","","-0.34%"
"May 28, 2015","1,158.62","1,158.68","1,168.39","1,155.67","","+0.61%"
"May 27, 2015","1,151.56","1,141.98","1,153.34","1,141.18","","+0.50%"
"May 26, 2015","1,145.83","1,144.83","1,147.38","1,139.71","","+0.03%"
"May 25, 2015","1,145.51","1,140.57","1,146.34","1,139.14","","+0.94%"
"May 22, 2015","1,134.80","1,129.78","1,135.31","1,126.94","","+0.44%"
"May 21, 2015","1,129.87","1,136.58","1,139.56","1,127.34","","-0.22%"
"May 20, 2015","1,132.39","1,125.47","1,135.95","1,125.21","","+1.22%"
"May 19, 2015","1,118.79","1,124.46","1,126.22","1,118.32","","+0.14%"
"May 18, 2015","1,117.18","1,110.30","1,117.18","1,108.07","","+1.32%"
"May 15, 2015","1,102.61","1,108.48","1,109.77","1,098.26","","+0.25%"
"May 14, 2015","1,099.87","1,095.93","1,102.42","1,092.71","","+0.01%"
"May 13, 2015","1,099.77","1,091.38","1,103.88","1,088.97","","+0.77%"
"May 12, 2015","1,091.41","1,083.25","1,092.62","1,082.78","","+0.75%"
"May 11, 2015","1,083.31","1,089.67","1,092.18","1,081.89","","+0.39%"
"May 08, 2015","1,079.13","1,077.85","1,082.83","1,073.81","","+0.11%"
"May 07, 2015","1,077.92","1,071.43","1,084.89","1,071.43","","+0.17%"
"May 01, 2015","1,076.08","1,070.49","1,077.36","1,067.33","","+0.14%"
"Apr 30, 2015","1,074.56","1,081.67","1,082.13","1,067.94","","-1.97%"
"Apr 28, 2015","1,096.17","1,087.55","1,097.20","1,086.76","","+1.08%"
"Apr 27, 2015","1,084.41","1,075.39","1,087.22","1,071.37","","+0.63%"
"Apr 24, 2015","1,077.59","1,087.06","1,087.40","1,076.82","","-0.67%"
"Apr 23, 2015","1,084.88","1,088.89","1,090.28","1,080.46","","+0.28%"
"Apr 22, 2015","1,081.83","1,067.66","1,081.83","1,067.56","","+1.55%"
"Apr 21, 2015","1,065.36","1,060.65","1,065.43","1,057.83","","+0.80%"
"Apr 20, 2015","1,056.89","1,057.99","1,064.93","1,054.52","","-1.18%"
"Apr 17, 2015","1,069.55","1,082.42","1,084.86","1,069.55","","-1.07%"
"Apr 16, 2015","1,081.07","1,068.23","1,081.24","1,068.23","","+1.45%"
"Apr 15, 2015","1,065.61","1,055.92","1,068.02","1,055.92","","+0.56%"
"Apr 14, 2015","1,059.64","1,048.43","1,064.60","1,048.43","","+0.70%"
"Apr 13, 2015","1,052.32","1,047.55","1,055.40","1,045.56","","+0.89%"
"Apr 10, 2015","1,043.02","1,044.78","1,046.92","1,037.00","","+0.14%"
"Apr 09, 2015","1,041.59","1,047.73","1,049.54","1,039.27","","-0.20%"
"Apr 08, 2015","1,043.69","1,040.47","1,047.26","1,038.48","","+0.78%"
"Apr 07, 2015","1,035.64","1,036.96","1,041.46","1,031.01","","+0.34%"
"Apr 06, 2015","1,032.17","1,031.91","1,036.84","1,029.98","","-0.79%"
"Apr 03, 2015","1,040.40","1,033.64","1,040.40","1,030.65","","+1.13%"
"Apr 02, 2015","1,028.77","1,025.95","1,036.81","1,024.64","","+0.71%"
"Apr 01, 2015","1,021.56","1,037.31","1,038.68","1,020.68","","-2.07%"
"Mar 31, 2015","1,043.16","1,042.51","1,057.15","1,042.31","","+1.18%"
"Mar 30, 2015","1,031.01","1,033.89","1,033.89","1,021.60","","-0.51%"
"Mar 27, 2015","1,036.34","1,041.98","1,056.76","1,027.84","","-0.94%"
"Mar 26, 2015","1,046.14","1,048.90","1,049.31","1,040.54","","-0.95%"
"Mar 25, 2015","1,056.17","1,053.14","1,056.72","1,044.15","","+0.18%"
"Mar 24, 2015","1,054.31","1,052.15","1,056.63","1,047.84","","-0.29%"
"Mar 23, 2015","1,057.35","1,048.70","1,057.35","1,048.06","","+1.31%"
"Mar 20, 2015","1,043.70","1,038.24","1,044.02","1,036.97","","+0.45%"
"Mar 19, 2015","1,039.04","1,038.26","1,041.36","1,025.96","","-0.18%"
"Mar 18, 2015","1,040.94","1,043.18","1,043.88","1,034.60","","-0.11%"
"Mar 17, 2015","1,042.12","1,047.61","1,047.61","1,039.07","","+0.30%"
"Mar 16, 2015","1,039.00","1,035.46","1,043.67","1,034.22","","+0.43%"
"Mar 13, 2015","1,034.51","1,031.17","1,039.76","1,025.83","","+0.74%"
"Mar 12, 2015","1,026.93","1,017.76","1,029.74","1,017.69","","+1.27%"
"Mar 11, 2015","1,014.04","1,011.15","1,020.76","1,011.15","","-0.71%"
"Mar 10, 2015","1,021.26","1,031.59","1,033.43","1,014.53","","-0.30%"
"Mar 09, 2015","1,024.35","1,022.02","1,026.83","1,017.28","","-0.08%"
"Mar 06, 2015","1,025.22","1,022.76","1,025.22","1,017.12","","+0.83%"
"Mar 05, 2015","1,016.78","1,015.43","1,019.97","1,011.96","","-0.53%"
"Mar 04, 2015","1,022.18","1,025.66","1,027.34","1,016.12","","-0.32%"
"Mar 03, 2015","1,025.42","1,030.30","1,031.63","1,017.14","","-0.21%"
"Mar 02, 2015","1,027.56","1,029.47","1,033.46","1,026.08","","-0.14%"
"Feb 27, 2015","1,028.97","1,026.40","1,028.97","1,020.53","","+0.33%"
"Feb 26, 2015","1,025.62","1,017.43","1,026.73","1,016.74","","+0.50%"
"Feb 25, 2015","1,020.51","1,028.57","1,030.18","1,017.07","","-0.74%"
"Feb 24, 2015","1,028.14","1,007.21","1,028.46","1,007.21","","+2.36%"
"Feb 23, 2015","1,004.47","1,005.20","1,006.58","998.86","","+1.02%"
"Feb 20, 2015","994.37","1,002.29","1,002.29","991.89","","-0.22%"
"Feb 19, 2015","996.54","991.75","997.88","989.88","","+1.03%"
"Feb 18, 2015","986.42","979.18","989.17","977.84","","+2.09%"
"Feb 17, 2015","966.20","962.39","969.76","959.20","","+0.07%"
"Feb 16, 2015","965.48","966.44","973.23","962.06","","-0.02%"
"Feb 13, 2015","965.68","970.44","971.76","961.99","","-0.96%"
"Feb 12, 2015","975.07","969.94","981.01","968.93","","+1.51%"
"Feb 10, 2015","960.52","956.16","961.36","951.57","","+0.01%"
"Feb 09, 2015","960.45","952.05","960.50","951.85","","+1.55%"
"Feb 06, 2015","945.83","941.76","946.69","937.28","","+1.37%"
"Feb 05, 2015","933.04","936.32","939.86","927.82","","-0.76%"
"Feb 04, 2015","940.17","936.01","944.13","934.10","","+1.67%"
"Feb 03, 2015","924.76","932.98","935.34","920.36","","-0.38%"
"Feb 02, 2015","928.30","940.46","943.69","922.09","","-2.39%"
"Jan 30, 2015","951.03","952.39","957.55","949.52","","+0.63%"
"Jan 29, 2015","945.09","948.14","953.96","943.21","","-0.87%"
"Jan 28, 2015","953.35","946.84","957.08","946.84","","-0.30%"
"Jan 27, 2015","956.23","951.12","958.40","950.44","","+1.30%"
"Jan 26, 2015","943.98","936.74","946.33","936.74","","-0.41%"
"Jan 23, 2015","947.87","946.49","949.76","944.11","","+0.92%"
"Jan 22, 2015","939.25","937.71","939.29","928.34","","+0.39%"
"Jan 21, 2015","935.57","938.36","940.35","930.89","","-0.82%"
"Jan 20, 2015","943.27","935.70","945.12","935.70","","+1.42%"
"Jan 19, 2015","930.04","921.53","930.54","921.19","","+2.03%"
"Jan 16, 2015","911.55","910.27","914.77","898.49","","-1.25%"
"Jan 15, 2015","923.08","913.77","924.34","913.77","","+1.58%"
"Jan 14, 2015","908.68","917.00","921.05","906.07","","-1.63%"
"Jan 13, 2015","923.72","921.33","923.72","911.95","","-1.03%"
"Jan 09, 2015","933.33","947.29","947.29","929.89","","-0.59%"
"Jan 08, 2015","938.91","937.48","942.60","930.81","","+1.29%"
"Jan 07, 2015","926.92","924.68","933.00","924.25","","-0.28%"
"Jan 06, 2015","929.56","950.66","950.66","929.56","","-4.01%"
"Jan 05, 2015","968.40","962.04","974.19","957.15","","-0.02%"
"Dec 30, 2014","968.60","976.34","979.08","968.60","","-1.07%"
"Dec 29, 2014","979.04","988.88","988.88","968.18","","-0.48%"
"Dec 26, 2014","983.81","978.19","985.66","977.16","","+0.34%"
"Dec 25, 2014","980.49","978.27","983.94","976.54","","-0.25%"
"Dec 24, 2014","982.91","985.75","986.87","979.62","","+0.74%"
"Dec 22, 2014","975.67","975.04","976.35","967.47","","+0.94%"
"Dec 19, 2014","966.57","962.54","966.58","956.24","","+2.12%"
"Dec 18, 2014","946.55","944.84","952.07","942.44","","+2.09%"
"Dec 17, 2014","927.15","915.32","931.34","914.49","","+0.84%"
"Dec 16, 2014","919.45","923.70","928.36","919.42","","-1.77%"
"Dec 15, 2014","936.05","945.60","946.22","935.60","","-2.19%"
"Dec 12, 2014","956.98","950.57","966.50","950.31","","+0.33%"
"Dec 11, 2014","953.79","950.43","955.91","942.24","","-1.20%"
"Dec 10, 2014","965.39","970.76","974.01","960.82","","-1.83%"
"Dec 09, 2014","983.42","989.97","993.52","981.94","","-1.91%"
"Dec 08, 2014","1,002.60","1,004.96","1,005.47","998.48","","+0.45%"
"Dec 05, 2014","998.12","995.16","998.89","988.71","","+0.37%"
"Dec 04, 2014","994.41","992.21","995.31","988.54","","+1.16%"
"Dec 03, 2014","983.02","986.20","990.31","981.48","","+0.15%"
"Dec 02, 2014","981.50","968.50","982.63","965.99","","+0.79%"
"Dec 01, 2014","973.80","965.42","974.72","965.39","","+1.19%"
"Nov 28, 2014","962.37","962.27","965.03","959.63","","+0.52%"
"Nov 27, 2014","957.41","964.07","964.83","954.24","","-0.85%"
"Nov 26, 2014","965.63","964.69","967.74","963.85","","-0.30%"
"Nov 25, 2014","968.51","968.62","970.87","964.52","","+0.76%"
"Nov 21, 2014","961.25","958.66","963.50","951.32","","-0.03%"
"Nov 20, 2014","961.52","959.85","966.04","955.51","","+1.03%"
"Nov 19, 2014","951.71","950.83","960.67","950.76","","+0.56%"
"Nov 18, 2014","946.37","938.60","947.46","937.82","","+1.98%"
"Nov 17, 2014","927.98","958.01","958.71","925.00","","-3.21%"
"Nov 14, 2014","958.78","959.28","960.47","951.50","","+1.02%"
"Nov 13, 2014","949.06","953.56","953.63","942.50","","-0.36%"
"Nov 12, 2014","952.51","959.98","965.18","950.64","","+0.14%"
"Nov 11, 2014","951.17","941.42","954.85","941.42","","+1.38%"
"Nov 10, 2014","938.23","934.62","942.38","932.85","","-0.10%"
"Nov 07, 2014","939.21","936.93","944.05","933.37","","+1.25%"
"Nov 06, 2014","927.64","944.30","948.72","927.07","","-1.22%"
"Nov 05, 2014","939.09","936.98","941.67","932.39","","+0.34%"
"Nov 04, 2014","935.88","917.71","942.52","917.58","","+4.08%"
"Oct 31, 2014","899.22","889.70","902.88","879.22","","+0.95%"
"Oct 30, 2014","890.79","896.02","904.53","888.39","","-0.15%"
"Oct 29, 2014","892.15","887.37","895.83","885.65","","+1.74%"
"Oct 28, 2014","876.93","880.63","882.34","874.22","","-0.77%"
"Oct 27, 2014","883.77","879.39","885.94","875.87","","+1.23%"
"Oct 24, 2014","873.02","876.37","876.44","869.26","","+0.85%"
"Oct 23, 2014","865.66","864.34","871.16","859.39","","-0.47%"
"Oct 22, 2014","869.74","858.37","869.86","857.55","","+2.94%"
"Oct 21, 2014","844.89","861.74","863.23","842.64","","-1.64%"
"Oct 20, 2014","858.96","849.15","861.23","847.64","","+3.35%"
"Oct 17, 2014","831.11","838.77","844.31","830.53","","-0.84%"
"Oct 16, 2014","838.14","842.69","845.55","836.60","","-2.60%"
"Oct 15, 2014","860.55","861.38","865.23","854.65","","+0.40%"
"Oct 14, 2014","857.08","860.00","866.95","855.05","","-2.13%"
"Oct 10, 2014","875.76","873.71","882.12","871.93","","-1.37%"
"Oct 09, 2014","887.88","904.24","904.99","886.65","","-1.01%"
"Oct 08, 2014","896.98","897.07","901.38","893.07","","-1.33%"
"Oct 07, 2014","909.06","921.55","921.86","908.19","","-1.23%"
"Oct 06, 2014","920.34","918.17","924.50","914.07","","+1.27%"
"Oct 03, 2014","908.83","902.23","911.54","902.20","","+0.25%"
"Oct 02, 2014","906.54","929.97","929.97","905.99","","-3.90%"
"Oct 01, 2014","943.30","954.04","955.17","943.30","","-1.10%"
"Sep 30, 2014","953.76","963.93","963.93","949.28","","-1.26%"
"Sep 29, 2014","965.90","970.23","970.99","962.95","","+0.04%"
"Sep 26, 2014","965.54","957.28","965.88","957.28","","-0.79%"
"Sep 25, 2014","973.18","967.72","973.18","966.10","","+1.33%"
"Sep 24, 2014","960.37","954.60","962.73","954.60","","-0.31%"
"Sep 22, 2014","963.35","966.30","970.57","959.92","","-0.13%"
"Sep 19, 2014","964.63","956.87","966.65","954.68","","+1.16%"
"Sep 18, 2014","953.59","949.50","956.45","948.15","","+1.22%"
"Sep 17, 2014","942.08","951.55","952.71","941.83","","-0.83%"
"Sep 16, 2014","949.94","956.62","956.62","948.19","","-1.06%"
"Sep 12, 2014","960.07","958.11","960.07","955.57","","+0.33%"
"Sep 11, 2014","956.87","960.63","961.38","954.33","","+0.03%"
"Sep 10, 2014","956.55","952.50","957.20","949.00","","-0.21%"
"Sep 09, 2014","958.60","967.04","967.80","958.17","","-1.11%"
"Sep 08, 2014","969.35","969.93","973.21","965.44","","+0.12%"
"Sep 05, 2014","968.14","974.99","975.33","966.28","","+0.12%"
"Sep 04, 2014","967.02","967.98","971.39","965.59","","-0.47%"
"Sep 03, 2014","971.60","977.18","979.34","970.56","","+0.02%"
"Sep 02, 2014","971.43","960.58","974.73","959.63","","+1.37%"
"Sep 01, 2014","958.27","950.10","958.83","950.10","","+1.37%"
"Aug 29, 2014","945.36","946.79","948.68","941.81","","-0.40%"
"Aug 28, 2014","949.18","947.95","950.67","942.11","","-0.32%"
"Aug 27, 2014","952.27","949.09","952.27","945.82","","+0.49%"
"Aug 26, 2014","947.58","947.05","948.77","941.99","","+0.19%"
"Aug 25, 2014","945.80","944.15","947.48","942.17","","+0.55%"
"Aug 22, 2014","940.60","953.42","953.45","940.21","","-0.86%"
"Aug 21, 2014","948.73","948.09","951.55","945.60","","+0.14%"
"Aug 20, 2014","947.37","952.25","953.28","946.78","","-0.05%"
"Aug 19, 2014","947.83","949.65","950.96","946.32","","+0.51%"
"Aug 18, 2014","943.06","940.83","944.94","937.70","","+0.19%"
"Aug 15, 2014","941.27","940.13","943.08","936.23","","-0.37%"
"Aug 14, 2014","944.72","942.70","946.35","940.68","","+0.42%"
"Aug 13, 2014","940.73","935.77","941.27","933.61","","+0.23%"
"Aug 12, 2014","938.59","933.20","942.63","932.76","","+1.36%"
"Aug 11, 2014","926.02","925.35","926.93","916.34","","+1.37%"
"Aug 08, 2014","913.53","928.44","929.70","908.98","","-2.73%"
"Aug 07, 2014","939.19","937.80","940.50","928.37","","+0.19%"
"Aug 06, 2014","937.40","944.53","945.38","936.07","","-1.19%"
"Aug 05, 2014","948.68","967.74","970.13","948.10","","-1.61%"
"Aug 04, 2014","964.24","964.84","971.27","961.10","","-0.50%"
"Aug 01, 2014","969.05","955.59","977.46","955.30","","+1.21%"
"Jul 31, 2014","957.51","958.62","962.79","957.37","","-0.14%"
"Jul 30, 2014","958.89","956.01","960.02","951.87","","-0.04%"
"Jul 29, 2014","959.24","960.31","963.49","955.05","","+0.11%"
"Jul 28, 2014","958.16","954.99","962.42","954.99","","+0.39%"
"Jul 25, 2014","954.45","950.08","955.06","948.18","","+1.01%"
"Jul 24, 2014","944.90","948.05","954.32","942.17","","-0.06%"
"Jul 23, 2014","945.44","940.25","947.71","940.22","","+1.05%"
"Jul 22, 2014","935.65","926.36","938.52","926.36","","+1.31%"
"Jul 18, 2014","923.51","922.93","925.79","916.17","","-1.20%"
"Jul 17, 2014","934.75","935.78","938.18","933.27","","+0.31%"
"Jul 16, 2014","931.90","933.08","936.36","930.94","","-0.24%"
"Jul 15, 2014","934.10","934.90","939.20","931.78","","+0.20%"
"Jul 14, 2014","932.26","921.39","933.31","919.64","","+1.21%"
"Jul 11, 2014","921.16","917.92","924.11","916.90","","-0.64%"
"Jul 10, 2014","927.08","939.97","941.04","926.50","","-1.14%"
"Jul 09, 2014","937.73","935.68","939.71","933.12","","-0.87%"
"Jul 08, 2014","945.94","939.40","947.70","934.24","","+0.25%"
"Jul 07, 2014","943.57","947.43","949.39","942.94","","-0.64%"
"Jul 04, 2014","949.68","949.28","950.29","946.58","","+0.86%"
"Jul 03, 2014","941.57","946.97","946.97","940.12","","+0.15%"
"Jul 02, 2014","940.14","950.34","951.68","939.34","","-0.76%"
"Jul 01, 2014","947.37","937.44","947.95","934.38","","+1.39%"
"Jun 30, 2014","934.40","925.36","934.71","923.52","","+1.68%"
"Jun 27, 2014","918.93","933.68","933.68","916.60","","-1.61%"
"Jun 26, 2014","933.93","939.43","940.43","930.70","","-0.44%"
"Jun 25, 2014","938.04","939.93","944.40","937.82","","-0.71%"
"Jun 24, 2014","944.73","941.35","948.75","936.56","","+0.41%"
"Jun 23, 2014","940.87","947.43","947.86","939.71","","-0.05%"
"Jun 20, 2014","941.35","938.22","943.50","935.32","","+0.64%"
"Jun 19, 2014","935.36","917.21","936.22","917.21","","+2.54%"
"Jun 18, 2014","912.23","905.94","913.71","904.49","","+1.02%"
"Jun 17, 2014","902.98","902.35","905.13","898.92","","+0.45%"
"Jun 16, 2014","898.90","904.26","905.87","895.50","","-0.80%"
"Jun 13, 2014","906.16","903.02","907.29","896.60","","-0.46%"
"Jun 12, 2014","910.33","898.96","910.33","898.64","","+0.90%"
"Jun 11, 2014","902.17","895.57","902.17","893.24","","+0.89%"
"Jun 10, 2014","894.20","897.89","899.99","892.04","","-0.27%"
"Jun 09, 2014","896.65","900.72","901.49","895.97","","+0.20%"
"Jun 06, 2014","894.88","896.89","897.45","892.23","","+0.30%"
"Jun 05, 2014","892.21","895.11","896.54","888.15","","+0.04%"
"Jun 04, 2014","891.81","890.68","893.04","886.73","","-0.07%"
"Jun 03, 2014","892.47","899.74","899.74","891.84","","+0.15%"
"Jun 02, 2014","891.15","881.13","892.11","881.13","","+1.97%"
"May 30, 2014","873.93","877.66","879.12","871.70","","-0.67%"
"May 29, 2014","879.86","872.72","882.56","871.47","","+0.54%"
"May 28, 2014","875.14","879.33","882.50","873.85","","-0.18%"
"May 27, 2014","876.75","872.80","884.89","871.49","","+0.36%"
"May 26, 2014","873.60","873.41","874.43","868.66","","+0.89%"
"May 23, 2014","865.87","867.07","870.14","864.90","","+0.29%"
"May 22, 2014","863.38","857.85","865.19","853.31","","+1.70%"
"May 21, 2014","848.91","844.98","852.51","844.46","","-0.42%"
"May 20, 2014","852.50","856.00","859.81","851.78","","+0.29%"
"May 19, 2014","850.07","857.01","860.08","850.07","","-0.40%"
"May 16, 2014","853.49","851.65","854.93","847.92","","-0.25%"
"May 15, 2014","855.67","851.12","856.90","846.57","","+0.08%"
"May 14, 2014","854.97","848.55","854.97","843.51","","+0.82%"
"May 13, 2014","847.99","852.70","852.71","845.43","","+0.83%"
"May 12, 2014","841.04","849.25","849.34","840.45","","-1.12%"
"May 09, 2014","850.57","845.03","854.26","845.01","","+0.48%"
"May 08, 2014","846.53","837.90","849.53","836.23","","+0.97%"
"May 07, 2014","838.38","854.65","854.65","838.38","","-3.15%"
"May 02, 2014","865.66","862.62","865.66","859.19","","+0.05%"
"May 01, 2014","865.25","861.96","865.67","856.26","","+0.57%"
"Apr 30, 2014","860.34","865.14","867.18","857.95","","-0.09%"
"Apr 28, 2014","861.15","866.08","868.80","857.35","","-2.16%"
"Apr 25, 2014","880.19","877.39","885.85","874.38","","+0.06%"
"Apr 24, 2014","879.62","886.64","886.64","874.94","","-0.68%"
"Apr 23, 2014","885.66","888.89","890.20","882.08","","+0.46%"
"Apr 22, 2014","881.59","890.81","894.51","881.59","","-0.51%"
"Apr 21, 2014","886.14","887.15","893.89","884.11","","-0.13%"
"Apr 18, 2014","887.31","887.36","887.36","880.38","","+0.62%"
"Apr 17, 2014","881.82","878.77","885.31","875.60","","+0.36%"
"Apr 16, 2014","878.68","866.19","878.69","865.05","","+2.12%"
"Apr 15, 2014","860.47","862.95","865.72","858.10","","+0.88%"
"Apr 14, 2014","853.00","852.73","858.77","852.73","","-0.82%"
"Apr 11, 2014","860.05","851.62","864.68","850.19","","-0.63%"
"Apr 10, 2014","865.53","878.98","880.84","863.31","","+0.15%"
"Apr 09, 2014","864.26","869.53","874.47","863.15","","-2.11%"
"Apr 08, 2014","882.92","892.42","897.86","882.40","","-1.96%"
"Apr 07, 2014","900.53","901.46","907.05","898.59","","-1.23%"
"Apr 04, 2014","911.71","909.37","916.66","908.47","","+0.09%"
"Apr 03, 2014","910.85","910.82","917.62","908.82","","+0.18%"
"Apr 02, 2014","909.17","907.79","915.05","905.21","","+0.33%"
"Apr 01, 2014","906.20","903.69","907.82","897.10","","+1.01%"
"Mar 31, 2014","897.17","895.91","898.11","888.51","","+0.96%"
"Mar 28, 2014","888.64","877.85","888.64","872.13","","+0.76%"
"Mar 27, 2014","881.96","857.93","884.42","856.86","","+1.87%"
"Mar 26, 2014","865.80","862.69","867.31","855.90","","+1.21%"
"Mar 25, 2014","855.45","854.97","864.33","854.97","","-0.04%"
"Mar 24, 2014","855.79","837.82","861.32","837.46","","+2.50%"
"Mar 20, 2014","834.93","856.36","856.36","834.93","","-1.76%"
"Mar 19, 2014","849.85","859.62","859.87","841.72","","-0.59%"
"Mar 18, 2014","854.93","850.70","859.06","850.52","","+2.41%"
"Mar 17, 2014","834.85","841.28","844.21","831.96","","-1.67%"
"Mar 14, 2014","849.07","860.24","862.94","846.18","","-3.10%"
"Mar 13, 2014","876.25","873.65","884.80","873.36","","+0.69%"
"Mar 12, 2014","870.24","876.67","879.44","869.57","","-2.05%"
"Mar 11, 2014","888.48","883.33","892.97","881.46","","+0.94%"
"Mar 10, 2014","880.20","885.36","886.50","876.06","","-1.05%"
"Mar 07, 2014","889.50","889.49","895.19","881.56","","+0.82%"
"Mar 06, 2014","882.24","872.02","884.86","869.16","","+1.33%"
"Mar 05, 2014","870.63","867.68","875.38","865.97","","+2.03%"
"Mar 04, 2014","853.27","848.19","856.80","848.19","","-0.22%"
"Mar 03, 2014","855.11","858.99","861.68","846.45","","-1.50%"
"Feb 28, 2014","868.09","871.28","873.55","862.84","","-0.29%"
"Feb 27, 2014","870.59","870.55","879.47","868.30","","-0.15%"
"Feb 26, 2014","871.87","869.06","878.95","868.33","","-0.82%"
"Feb 25, 2014","879.08","876.57","881.96","874.38","","+1.62%"
"Feb 24, 2014","865.10","865.16","876.44","855.90","","-0.42%"
"Feb 21, 2014","868.74","859.08","869.57","859.08","","+1.94%"
"Feb 20, 2014","852.18","867.14","868.85","850.95","","-2.37%"
"Feb 19, 2014","872.87","875.37","878.21","867.54","","-0.97%"
"Feb 18, 2014","881.38","868.00","884.98","865.12","","+2.11%"
"Feb 17, 2014","863.14","853.35","863.54","847.36","","+0.92%"
"Feb 14, 2014","855.23","871.26","876.52","850.04","","-1.47%"
"Feb 13, 2014","868.02","880.44","882.80","865.28","","-1.44%"
"Feb 12, 2014","880.74","879.18","884.35","876.08","","+1.43%"
"Feb 10, 2014","868.31","873.15","873.56","861.41","","+0.10%"
"Feb 07, 2014","867.45","857.42","869.04","856.89","","+3.05%"
"Feb 06, 2014","841.76","845.27","849.39","837.23","","+0.13%"
"Feb 05, 2014","840.66","846.00","849.61","828.61","","+1.27%"
"Feb 04, 2014","830.11","856.06","856.32","830.11","","-5.14%"
"Feb 03, 2014","875.13","878.63","888.36","866.59","","-0.34%"
"Jan 31, 2014","878.15","893.90","895.84","870.71","","-1.00%"
"Jan 30, 2014","886.98","895.98","895.98","879.97","","-2.90%"
"Jan 29, 2014","913.48","898.22","913.48","896.04","","+2.18%"
"Jan 28, 2014","893.97","894.86","901.39","891.53","","-0.12%"
"Jan 27, 2014","895.01","900.67","902.98","893.39","","-2.75%"
"Jan 24, 2014","920.32","923.62","927.66","914.68","","-1.43%"
"Jan 23, 2014","933.67","945.15","946.59","933.67","","-0.67%"
"Jan 22, 2014","940.01","940.20","943.23","930.14","","+0.01%"
"Jan 21, 2014","939.92","938.98","945.21","938.17","","+0.52%"
"Jan 20, 2014","935.05","943.51","945.30","933.36","","-0.66%"
"Jan 17, 2014","941.22","940.73","943.00","935.83","","+0.02%"
"Jan 16, 2014","941.04","947.83","953.74","939.07","","-0.38%"
"Jan 15, 2014","944.62","933.55","944.69","932.31","","+2.74%"
"Jan 14, 2014","919.40","928.31","929.69","917.73","","-2.75%"
"Jan 10, 2014","945.38","937.63","946.45","936.02","","+0.04%"
"Jan 09, 2014","944.98","949.80","951.61","940.43","","-0.98%"
"Jan 08, 2014","954.29","942.97","954.29","941.18","","+2.08%"
"Jan 07, 2014","934.86","935.08","940.98","931.64","","-0.29%"
"Jan 06, 2014","937.61","943.43","943.50","929.08","","-0.76%"
"Dec 30, 2013","944.79","938.87","947.46","936.96","","+1.27%"
"Dec 27, 2013","932.95","927.95","933.62","923.35","","+0.74%"
"Dec 26, 2013","926.08","916.00","930.10","915.19","","+1.38%"
"Dec 25, 2013","913.51","909.90","914.06","908.35","","-0.24%"
"Dec 24, 2013","915.70","921.76","924.42","912.89","","-0.33%"
"Dec 20, 2013","918.70","913.22","918.94","912.52","","+0.39%"
"Dec 19, 2013","915.14","920.40","923.60","912.24","","+0.38%"
"Dec 18, 2013","911.65","896.50","911.65","895.58","","+1.44%"
"Dec 17, 2013","898.67","903.12","905.31","896.00","","+0.37%"
"Dec 16, 2013","895.35","908.93","909.25","892.42","","-1.49%"
"Dec 13, 2013","908.88","907.72","915.18","901.33","","+0.18%"
"Dec 12, 2013","907.29","902.64","908.13","900.36","","-0.42%"
"Dec 11, 2013","911.16","908.16","913.08","903.48","","-0.06%"
"Dec 10, 2013","911.75","913.10","914.28","909.14","","-0.30%"
"Dec 09, 2013","914.53","911.39","914.53","909.15","","+1.64%"
"Dec 06, 2013","899.76","893.18","901.02","893.02","","+0.19%"
"Dec 05, 2013","898.02","904.00","908.07","895.05","","-0.85%"
"Dec 04, 2013","905.76","912.45","916.73","899.76","","-2.23%"
"Dec 03, 2013","926.39","923.88","929.88","919.33","","+0.44%"
"Dec 02, 2013","922.34","920.43","923.50","914.90","","+0.47%"
"Nov 29, 2013","917.98","913.85","917.98","908.29","","+0.21%"
"Nov 28, 2013","916.03","912.58","916.35","910.76","","+0.96%"
"Nov 27, 2013","907.28","904.59","909.83","904.59","","-0.20%"
"Nov 26, 2013","909.11","907.58","913.32","904.92","","-0.16%"
"Nov 25, 2013","910.59","905.04","910.59","902.21","","+0.92%"
"Nov 22, 2013","902.28","905.47","908.63","898.22","","+0.24%"
"Nov 21, 2013","900.10","892.14","900.35","891.06","","+1.20%"
"Nov 20, 2013","889.41","891.97","894.75","888.18","","-0.45%"
"Nov 19, 2013","893.47","890.07","894.76","886.83","","-0.32%"
"Nov 18, 2013","896.36","902.60","904.34","893.42","","-0.53%"
"Nov 15, 2013","901.10","893.59","902.60","893.59","","+1.20%"
"Nov 14, 2013","890.38","888.11","895.24","885.50","","+0.42%"
"Nov 13, 2013","886.62","878.28","887.96","878.25","","+1.20%"
"Nov 12, 2013","876.09","864.84","876.09","863.75","","+1.41%"
"Nov 11, 2013","863.92","865.22","867.35","860.29","","+0.91%"
"Nov 08, 2013","856.17","848.23","857.91","848.23","","-0.50%"
"Nov 07, 2013","860.46","873.43","875.64","860.46","","-1.30%"
"Nov 06, 2013","871.83","868.55","878.02","867.52","","+0.34%"
"Nov 05, 2013","868.86","870.09","872.76","861.67","","+0.29%"
"Nov 01, 2013","866.31","866.66","873.09","861.20","","+0.37%"
"Oct 31, 2013","863.09","860.02","869.83","860.02","","+0.67%"
"Oct 30, 2013","857.32","858.04","860.61","852.01","","+0.54%"
"Oct 29, 2013","852.73","846.49","858.60","845.85","","-0.22%"
"Oct 28, 2013","854.59","844.39","855.11","840.08","","+2.39%"
"Oct 25, 2013","834.66","842.65","845.17","832.43","","-1.41%"
"Oct 24, 2013","846.61","839.10","848.11","835.88","","+0.18%"
"Oct 23, 2013","845.08","857.28","861.09","845.08","","-1.09%"
"Oct 22, 2013","854.41","853.61","856.18","851.10","","+0.11%"
"Oct 21, 2013","853.43","854.41","860.01","849.57","","+0.15%"
"Oct 18, 2013","852.15","849.25","853.58","845.66","","+0.23%"
"Oct 17, 2013","850.16","852.72","853.93","844.76","","+0.83%"
"Oct 16, 2013","843.17","841.09","845.67","840.16","","-0.47%"
"Oct 15, 2013","847.14","852.49","854.10","845.48","","-0.13%"
"Oct 11, 2013","848.26","842.98","851.43","842.98","","+2.26%"
"Oct 10, 2013","829.52","831.30","831.64","824.67","","+0.13%"
"Oct 09, 2013","828.47","806.76","828.72","805.46","","+2.35%"
"Oct 08, 2013","809.45","799.65","811.65","798.29","","+0.32%"
"Oct 07, 2013","806.83","818.18","818.27","806.27","","-1.62%"
"Oct 04, 2013","820.15","816.98","824.54","815.04","","-0.64%"
"Oct 03, 2013","825.46","825.18","830.07","817.91","","-0.45%"
"Oct 02, 2013","829.18","843.76","848.86","825.37","","-1.83%"
"Oct 01, 2013","844.67","852.45","852.67","843.34","","-0.91%"
"Sep 30, 2013","852.42","845.48","859.89","845.33","","-0.67%"
"Sep 27, 2013","858.18","861.19","861.24","853.65","","-0.02%"
"Sep 26, 2013","858.37","839.65","858.52","835.81","","+1.60%"
"Sep 25, 2013","844.86","850.79","851.72","843.84","","-0.93%"
"Sep 24, 2013","852.75","851.08","854.67","843.81","","-0.40%"
"Sep 20, 2013","856.21","852.82","861.38","850.37","","+0.91%"
"Sep 19, 2013","848.51","847.84","848.83","842.39","","+0.98%"
"Sep 18, 2013","840.26","840.63","846.15","837.59","","+0.84%"
"Sep 17, 2013","833.26","837.49","844.08","832.77","","+0.32%"
"Sep 13, 2013","830.59","826.65","833.15","821.51","","-0.62%"
"Sep 12, 2013","835.76","836.21","838.49","831.39","","+0.01%"
"Sep 11, 2013","835.64","846.37","846.37","833.60","","-0.15%"
"Sep 10, 2013","836.92","821.89","844.12","821.78","","+2.99%"
"Sep 09, 2013","812.64","801.82","818.80","801.29","","+3.57%"
"Sep 06, 2013","784.61","792.48","792.48","778.92","","-1.11%"
"Sep 05, 2013","793.43","795.33","796.66","788.41","","+0.29%"
"Sep 04, 2013","791.12","780.93","791.13","780.93","","+0.69%"
"Sep 03, 2013","785.73","781.84","787.28","780.92","","+1.54%"
"Sep 02, 2013","773.85","767.55","775.49","767.15","","+1.13%"
"Aug 30, 2013","765.19","775.91","779.38","764.37","","-1.01%"
"Aug 29, 2013","773.01","760.28","774.10","759.25","","+2.17%"
"Aug 28, 2013","756.59","755.55","759.97","750.35","","-1.74%"
"Aug 27, 2013","769.97","769.70","780.28","769.55","","-0.28%"
"Aug 26, 2013","772.13","775.04","777.62","768.27","","+0.05%"
"Aug 23, 2013","771.76","767.73","776.94","766.38","","+2.11%"
"Aug 22, 2013","755.79","749.96","758.24","746.66","","-0.06%"
"Aug 21, 2013","756.22","756.68","760.11","749.51","","+0.07%"
"Aug 20, 2013","755.70","765.58","770.12","755.70","","-2.59%"
"Aug 19, 2013","775.82","765.02","775.82","764.26","","+1.13%"
"Aug 16, 2013","767.16","762.44","770.21","761.43","","-0.95%"
"Aug 15, 2013","774.50","772.72","782.17","771.39","","-1.19%"
"Aug 14, 2013","783.85","778.76","784.73","770.80","","+0.96%"
"Aug 13, 2013","776.43","764.26","776.43","764.26","","+2.73%"
"Aug 12, 2013","755.82","749.89","761.21","746.19","","+0.16%"
"Aug 09, 2013","754.64","753.82","759.48","749.41","","+0.94%"
"Aug 08, 2013","747.63","755.51","767.14","745.96","","-1.16%"
"Aug 07, 2013","756.40","765.88","770.18","756.40","","-2.51%"
"Aug 06, 2013","775.90","770.37","775.90","761.76","","+0.54%"
"Aug 05, 2013","771.74","774.48","779.41","769.91","","-0.73%"
"Aug 02, 2013","777.42","765.83","777.42","761.22","","+2.51%"
"Aug 01, 2013","758.38","747.35","758.38","742.26","","+1.83%"
"Jul 31, 2013","744.78","739.22","754.22","732.57","","-0.04%"
"Jul 30, 2013","745.05","730.04","748.84","730.04","","+1.63%"
"Jul 29, 2013","733.08","744.84","746.65","732.38","","-3.24%"
"Jul 26, 2013","757.62","769.42","771.27","756.17","","-2.98%"
"Jul 25, 2013","780.89","787.05","793.45","780.31","","-0.12%"
"Jul 24, 2013","781.80","783.36","786.98","779.60","","-0.54%"
"Jul 23, 2013","786.01","779.31","787.62","778.14","","+0.45%"
"Jul 22, 2013","782.50","786.05","787.66","777.40","","+0.51%"
"Jul 19, 2013","778.54","797.10","798.44","769.01","","-1.85%"
"Jul 18, 2013","793.22","790.95","794.54","787.44","","+0.58%"
"Jul 17, 2013","788.68","783.23","789.94","782.58","","+0.28%"
"Jul 16, 2013","786.50","788.90","789.84","783.92","","+0.38%"
"Jul 12, 2013","783.51","768.30","783.71","766.30","","+2.22%"
"Jul 11, 2013","766.53","751.25","767.03","749.77","","+1.07%"
"Jul 10, 2013","758.39","761.55","765.64","751.95","","-0.61%"
"Jul 09, 2013","763.03","760.01","763.51","752.82","","+1.91%"
"Jul 08, 2013","748.74","770.51","774.04","748.74","","-1.47%"
"Jul 05, 2013","759.90","750.04","759.90","748.26","","+2.29%"
"Jul 04, 2013","742.90","745.41","748.64","739.05","","-0.99%"
"Jul 03, 2013","750.33","752.33","752.91","744.63","","+0.12%"
"Jul 02, 2013","749.42","743.71","749.42","739.50","","+1.79%"
"Jul 01, 2013","736.27","735.61","737.39","727.32","","+0.63%"
"Jun 28, 2013","731.64","722.53","734.96","721.59","","+2.49%"
"Jun 27, 2013","713.85","706.56","713.85","691.56","","+2.16%"
"Jun 26, 2013","698.74","725.07","725.07","698.61","","-2.80%"
"Jun 25, 2013","718.88","725.55","729.09","710.34","","-1.28%"
"Jun 24, 2013","728.22","738.57","740.10","725.53","","-0.65%"
"Jun 21, 2013","733.02","719.53","734.35","710.13","","+0.05%"
"Jun 20, 2013","732.65","733.56","742.08","725.68","","-0.88%"
"Jun 19, 2013","739.17","742.96","745.96","733.68","","+1.34%"
"Jun 18, 2013","729.39","733.24","735.77","726.14","","-0.24%"
"Jun 17, 2013","731.14","697.86","731.94","696.57","","+4.45%"
"Jun 14, 2013","699.96","709.46","720.77","699.96","","+0.78%"
"Jun 13, 2013","694.51","717.97","719.24","693.90","","-5.34%"
"Jun 12, 2013","733.69","721.31","739.74","712.85","","-0.01%"
"Jun 11, 2013","733.73","744.22","748.90","732.54","","-1.13%"
"Jun 10, 2013","742.12","720.43","742.12","719.95","","+5.28%"
"Jun 07, 2013","704.87","704.82","716.82","689.19","","-1.46%"
"Jun 06, 2013","715.34","714.08","731.23","710.38","","-1.07%"
"Jun 05, 2013","723.06","747.80","757.81","723.06","","-3.52%"
"Jun 04, 2013","749.44","728.91","752.26","714.69","","+1.88%"
"Jun 03, 2013","735.64","746.16","752.56","734.95","","-3.56%"
"May 31, 2013","762.76","771.24","772.90","757.19","","+0.33%"
"May 30, 2013","760.27","776.25","780.48","756.00","","-3.88%"
"May 29, 2013","790.99","802.05","806.97","790.99","","+0.46%"
"May 28, 2013","787.39","760.47","794.40","760.46","","+1.76%"
"May 27, 2013","773.78","795.76","795.76","773.77","","-4.60%"
"May 24, 2013","811.08","819.81","832.62","781.91","","+1.05%"
"May 23, 2013","802.69","863.39","878.88","802.69","","-7.05%"
"May 22, 2013","863.58","866.69","872.65","856.46","","+0.23%"
"May 21, 2013","861.63","845.31","863.40","842.08","","+1.51%"
"May 20, 2013","848.82","848.39","851.41","844.73","","+0.82%"
"May 17, 2013","841.90","820.42","846.29","818.62","","+2.26%"
"May 16, 2013","823.29","821.85","826.28","807.53","","+1.29%"
"May 15, 2013","812.84","803.27","820.12","801.84","","+2.48%"
"May 14, 2013","793.19","789.78","797.35","788.49","","+0.90%"
"May 13, 2013","786.15","789.91","790.29","782.20","","+0.80%"
"May 10, 2013","779.94","776.19","784.15","774.97","","+2.10%"
"May 09, 2013","763.91","782.35","787.32","763.91","","-2.10%"
"May 08, 2013","780.31","762.62","783.17","762.62","","+3.06%"
"May 07, 2013","757.11","747.42","757.11","747.42","","+3.56%"
"May 02, 2013","731.09","727.30","734.61","724.23","","-0.32%"
"May 01, 2013","733.46","738.20","738.39","730.64","","-0.66%"
"Apr 30, 2013","738.36","729.85","739.77","729.16","","+0.36%"
"Apr 26, 2013","735.71","744.82","744.82","733.52","","-1.19%"
"Apr 25, 2013","744.56","734.92","746.10","734.09","","+1.76%"
"Apr 24, 2013","731.68","723.08","731.77","722.33","","+2.52%"
"Apr 23, 2013","713.68","707.27","717.27","707.27","","+1.04%"
"Apr 22, 2013","706.36","697.75","708.96","697.75","","+3.02%"
"Apr 19, 2013","685.62","679.02","686.94","675.09","","+1.32%"
"Apr 18, 2013","676.70","679.38","680.46","674.68","","-1.18%"
"Apr 17, 2013","684.75","683.88","685.40","680.28","","+0.96%"
"Apr 16, 2013","678.25","663.56","681.64","663.56","","+0.05%"
"Apr 15, 2013","677.90","683.38","687.01","676.90","","-1.38%"
"Apr 12, 2013","687.36","689.30","693.04","682.20","","+0.67%"
"Apr 11, 2013","682.77","681.54","684.22","676.66","","+1.22%"
"Apr 10, 2013","674.53","661.08","674.53","660.19","","+2.08%"
"Apr 09, 2013","660.81","657.12","661.34","655.48","","+1.53%"
"Apr 08, 2013","650.82","643.15","650.90","641.00","","+3.11%"
"Apr 05, 2013","631.19","642.66","651.94","628.73","","+0.25%"
"Apr 04, 2013","629.60","614.99","629.60","609.88","","+1.05%"
"Apr 03, 2013","623.05","625.59","625.73","617.02","","+0.29%"
"Apr 02, 2013","621.27","626.74","626.74","613.74","","-2.02%"
"Apr 01, 2013","634.09","649.76","649.76","634.09","","-2.73%"
"Mar 29, 2013","651.86","656.09","657.60","647.53","","-0.35%"
"Mar 28, 2013","654.15","662.24","662.24","649.75","","-1.23%"
"Mar 27, 2013","662.30","659.67","663.46","658.80","","+0.47%"
"Mar 26, 2013","659.18","661.67","664.82","658.37","","-0.33%"
"Mar 25, 2013","661.37","666.13","666.84","660.30","","+0.14%"
"Mar 22, 2013","660.43","668.81","669.81","660.43","","-1.57%"
"Mar 21, 2013","670.94","663.06","671.00","662.59","","+2.19%"
"Mar 19, 2013","656.57","650.80","657.90","650.49","","+2.03%"
"Mar 18, 2013","643.52","647.33","647.89","643.22","","-1.65%"
"Mar 15, 2013","654.30","649.81","654.30","647.88","","+1.16%"
"Mar 14, 2013","646.80","651.49","651.86","646.01","","-0.34%"
"Mar 13, 2013","649.03","647.91","653.54","647.75","","-0.23%"
"Mar 12, 2013","650.54","654.21","656.14","650.12","","-0.08%"
"Mar 11, 2013","651.05","650.67","653.59","648.42","","+0.65%"
"Mar 08, 2013","646.82","645.56","648.11","643.60","","+0.53%"
"Mar 07, 2013","643.43","651.87","651.87","641.76","","-0.73%"
"Mar 06, 2013","648.17","648.87","650.81","645.16","","+0.86%"
"Mar 05, 2013","642.67","648.46","649.92","641.59","","-0.49%"
"Mar 04, 2013","645.83","650.35","650.74","643.96","","+0.13%"
"Mar 01, 2013","645.02","642.74","647.36","639.81","","-0.08%"
"Feb 28, 2013","645.53","642.12","645.80","638.14","","+2.31%"
"Feb 27, 2013","630.94","633.55","637.08","628.07","","-0.14%"
"Feb 26, 2013","631.85","629.57","636.90","627.84","","-1.83%"
"Feb 25, 2013","643.65","638.37","644.04","638.04","","+2.57%"
"Feb 22, 2013","627.55","627.30","629.70","618.56","","-0.88%"
"Feb 21, 2013","633.12","639.10","641.40","630.81","","-1.43%"
"Feb 20, 2013","642.33","648.39","651.75","640.47","","+0.29%"
"Feb 19, 2013","640.45","638.29","645.98","638.19","","+0.47%"
"Feb 18, 2013","637.45","629.03","638.91","627.91","","+2.61%"
"Feb 15, 2013","621.24","625.90","628.39","611.09","","-1.34%"
"Feb 14, 2013","629.70","627.20","633.45","623.48","","+0.62%"
"Feb 13, 2013","625.82","628.40","632.00","622.34","","-0.24%"
"Feb 12, 2013","627.33","635.90","636.19","627.19","","+0.02%"
"Feb 08, 2013","627.19","643.40","644.82","626.35","","-3.64%"
"Feb 07, 2013","650.88","648.96","651.98","644.33","","+0.27%"
"Feb 06, 2013","649.14","639.20","649.18","636.28","","+3.18%"
"Feb 05, 2013","629.11","619.22","633.14","618.05","","+0.92%"
"Feb 04, 2013","623.37","627.23","627.29","619.13","","-0.01%"
"Feb 01, 2013","623.41","634.45","635.19","622.79","","-1.25%"
"Jan 31, 2013","631.27","628.09","631.50","623.00","","+0.34%"
"Jan 30, 2013","629.15","618.99","629.80","616.42","","+1.68%"
"Jan 29, 2013","618.74","608.25","622.85","607.97","","+1.50%"
"Jan 28, 2013","609.58","624.45","624.52","609.58","","-1.52%"
"Jan 25, 2013","618.98","615.32","619.03","611.26","","+2.29%"
"Jan 24, 2013","605.10","595.73","609.21","595.55","","+0.86%"
"Jan 23, 2013","599.96","610.40","613.33","599.77","","-2.63%"
"Jan 22, 2013","616.15","621.67","623.01","608.49","","-0.59%"
"Jan 21, 2013","619.80","625.23","625.23","613.01","","-0.53%"
"Jan 18, 2013","623.11","621.60","624.78","619.40","","+2.20%"
"Jan 17, 2013","609.67","615.88","619.33","599.67","","-0.69%"
"Jan 16, 2013","613.90","628.36","628.36","611.50","","-2.77%"
"Jan 15, 2013","631.37","637.84","639.65","627.25","","-0.41%"
"Jan 11, 2013","633.97","642.23","642.23","632.14","","+0.01%"
"Jan 10, 2013","633.88","632.21","635.02","630.46","","+0.94%"
"Jan 09, 2013","627.96","608.98","630.15","608.36","","+2.18%"
"Jan 08, 2013","614.58","625.02","627.72","614.05","","-2.16%"
"Jan 07, 2013","628.16","642.89","642.89","626.01","","-1.30%"
"Jan 04, 2013","636.44","635.33","642.46","632.54","","+2.40%"
"Dec 28, 2012","621.52","619.73","623.13","614.98","","+0.34%"
"Dec 27, 2012","619.39","616.65","627.47","615.99","","+1.21%"
"Dec 26, 2012","611.98","605.25","612.07","604.55","","+1.18%"
"Dec 25, 2012","604.82","610.98","612.01","603.21","","+0.46%"
"Dec 21, 2012","602.08","609.46","616.20","595.88","","+0.17%"
"Dec 20, 2012","601.08","603.66","609.51","599.43","","-0.93%"
"Dec 19, 2012","606.74","592.85","606.74","592.06","","+3.89%"
"Dec 18, 2012","584.04","579.47","588.07","578.71","","+1.13%"
"Dec 17, 2012","577.50","583.50","584.32","575.56","","-0.05%"
"Dec 14, 2012","577.77","570.67","579.20","569.06","","+0.68%"
"Dec 13, 2012","573.85","569.88","577.28","569.72","","+1.68%"
"Dec 12, 2012","564.38","567.18","568.18","562.73","","+0.24%"
"Dec 11, 2012","563.03","568.04","568.12","561.29","","-1.25%"
"Dec 10, 2012","570.18","574.80","576.34","568.22","","-0.15%"
"Dec 07, 2012","571.03","570.05","572.88","570.02","","+0.06%"
"Dec 06, 2012","570.66","566.44","570.66","563.89","","+1.71%"
"Dec 05, 2012","561.09","559.97","566.83","558.32","","-0.41%"
"Dec 04, 2012","563.40","563.73","566.87","562.35","","-0.70%"
"Dec 03, 2012","567.37","564.88","569.53","561.02","","+1.33%"
"Nov 30, 2012","559.92","560.09","565.03","556.23","","+0.75%"
"Nov 29, 2012","555.76","555.79","557.96","553.67","","+0.69%"
"Nov 28, 2012","551.94","555.60","561.86","551.15","","-0.55%"
"Nov 27, 2012","554.97","555.87","560.75","553.39","","-0.77%"
"Nov 26, 2012","559.26","560.04","564.73","558.17","","+1.19%"
"Nov 22, 2012","552.66","547.36","553.20","545.78","","+2.03%"
"Nov 21, 2012","541.68","538.29","543.67","536.41","","+1.28%"
"Nov 20, 2012","534.81","537.12","537.12","531.46","","+0.43%"
"Nov 19, 2012","532.52","537.45","539.35","531.29","","+0.42%"
"Nov 16, 2012","530.29","523.35","532.96","523.19","","+2.24%"
"Nov 15, 2012","518.67","506.52","519.49","504.02","","+2.64%"
"Nov 14, 2012","505.34","503.26","506.96","501.32","","+0.69%"
"Nov 13, 2012","501.90","504.72","505.22","496.75","","-0.49%"
"Nov 12, 2012","504.36","507.39","508.65","503.65","","-0.93%"
"Nov 09, 2012","509.09","506.52","510.86","504.86","","-0.74%"
"Nov 08, 2012","512.89","512.51","516.98","510.89","","-1.40%"
"Nov 07, 2012","520.17","519.71","521.54","515.21","","+0.84%"
"Nov 06, 2012","515.86","514.99","520.82","514.42","","+0.83%"
"Nov 05, 2012","511.59","511.20","514.74","509.21","","-0.59%"
"Nov 02, 2012","514.65","518.08","519.02","513.05","","+0.53%"
"Nov 01, 2012","511.95","511.80","512.98","506.31","","-0.11%"
"Oct 31, 2012","512.53","511.12","517.21","509.82","","+1.10%"
"Oct 30, 2012","506.95","507.89","516.11","506.78","","-0.07%"
"Oct 29, 2012","507.28","505.59","509.64","504.22","","+0.85%"
"Oct 26, 2012","502.99","513.72","515.05","502.13","","-2.06%"
"Oct 25, 2012","513.59","511.54","513.59","500.88","","-0.42%"
"Oct 24, 2012","515.77","514.73","522.71","514.73","","-1.41%"
"Oct 23, 2012","523.13","529.41","530.33","519.05","","-0.57%"
"Oct 22, 2012","526.11","521.06","529.97","519.41","","-0.47%"
"Oct 19, 2012","528.62","528.10","533.07","525.86","","-0.58%"
"Oct 18, 2012","531.71","521.05","531.71","520.10","","+2.10%"
"Oct 17, 2012","520.79","519.19","522.37","517.21","","+1.58%"
"Oct 16, 2012","512.68","503.45","513.53","502.95","","+2.39%"
"Oct 15, 2012","500.72","494.50","502.68","491.43","","+1.20%"
"Oct 12, 2012","494.80","488.36","495.18","487.88","","+2.02%"
"Oct 11, 2012","484.98","480.16","490.51","478.96","","-0.08%"
"Oct 10, 2012","485.37","490.47","490.47","483.06","","-2.61%"
"Oct 09, 2012","498.36","501.84","505.93","497.91","","-1.53%"
"Oct 05, 2012","506.12","500.48","506.19","500.48","","+1.02%"
"Oct 04, 2012","500.99","489.55","504.08","489.55","","+2.12%"
"Oct 03, 2012","490.57","496.06","498.04","488.34","","-1.63%"
"Oct 02, 2012","498.69","499.00","500.95","497.59","","+0.41%"
"Oct 01, 2012","496.65","501.83","502.01","492.21","","-2.00%"
"Sep 28, 2012","506.79","513.92","514.05","502.93","","-0.95%"
"Sep 27, 2012","511.63","496.99","513.71","495.64","","+1.97%"
"Sep 26, 2012","501.73","507.39","510.20","499.73","","-2.37%"
"Sep 25, 2012","513.89","510.17","514.45","507.19","","-0.07%"
"Sep 24, 2012","514.25","515.65","516.29","511.00","","-1.03%"
"Sep 21, 2012","519.60","517.72","523.67","515.12","","+0.61%"
"Sep 20, 2012","516.44","522.07","527.12","514.27","","-1.61%"
"Sep 19, 2012","524.91","521.99","528.50","516.80","","+0.67%"
"Sep 18, 2012","521.40","521.02","525.13","519.18","","+0.57%"
"Sep 14, 2012","518.43","509.53","521.02","509.53","","+3.25%"
"Sep 13, 2012","502.13","497.00","504.51","494.58","","+1.82%"
"Sep 12, 2012","493.15","487.38","494.49","486.61","","+1.66%"
"Sep 11, 2012","485.08","488.26","488.26","480.58","","-1.84%"
"Sep 10, 2012","494.19","498.19","498.25","491.36","","-0.70%"
"Sep 07, 2012","497.69","487.89","497.72","487.52","","+3.98%"
"Sep 06, 2012","478.63","478.82","480.03","473.61","","+0.13%"
"Sep 05, 2012","478.02","488.77","489.09","477.55","","-2.22%"
"Sep 04, 2012","488.88","483.75","490.09","482.34","","+0.96%"
"Sep 03, 2012","484.23","489.47","490.66","481.82","","-0.65%"
"Aug 31, 2012","487.42","491.71","496.00","487.42","","-2.30%"
"Aug 30, 2012","498.92","508.77","508.77","497.52","","-1.88%"
"Aug 29, 2012","508.49","501.97","509.35","500.68","","+1.06%"
"Aug 28, 2012","503.16","512.39","512.75","500.57","","-1.49%"
"Aug 27, 2012","510.75","517.21","517.21","510.13","","-0.55%"
"Aug 24, 2012","513.58","514.24","515.57","511.34","","-1.45%"
"Aug 23, 2012","521.15","512.81","521.85","512.61","","+0.91%"
"Aug 22, 2012","516.47","520.61","522.24","514.89","","-0.81%"
"Aug 21, 2012","520.69","522.97","523.93","519.05","","-1.02%"
"Aug 20, 2012","526.04","529.44","530.44","522.91","","-0.18%"
"Aug 17, 2012","526.97","522.54","526.97","520.65","","+1.60%"
"Aug 16, 2012","518.69","509.78","519.39","509.28","","+2.32%"
"Aug 15, 2012","506.91","513.99","514.15","503.16","","-1.33%"
"Aug 14, 2012","513.72","517.25","517.71","508.94","","-0.32%"
"Aug 13, 2012","515.38","515.21","518.99","511.46","","-0.51%"
"Aug 10, 2012","518.00","517.50","522.94","514.56","","+0.16%"
"Aug 09, 2012","517.19","513.79","519.89","513.30","","+0.67%"
"Aug 08, 2012","513.73","511.75","519.54","511.00","","+1.58%"
"Aug 07, 2012","505.73","498.14","506.27","496.37","","+1.41%"
"Aug 06, 2012","498.68","494.16","501.10","493.51","","+2.29%"
"Aug 03, 2012","487.53","492.93","493.78","486.40","","-2.64%"
"Aug 02, 2012","500.73","499.44","505.08","498.66","","+0.85%"
"Aug 01, 2012","496.52","494.72","497.86","490.52","","-0.51%"
"Jul 31, 2012","499.06","489.97","500.85","488.75","","+2.23%"
"Jul 30, 2012","488.16","495.72","496.08","482.69","","-0.01%"
"Jul 27, 2012","488.20","480.48","488.93","480.48","","+3.20%"
"Jul 26, 2012","473.04","468.39","474.47","462.14","","+0.89%"
"Jul 25, 2012","468.87","479.06","479.50","466.57","","-3.27%"
"Jul 24, 2012","484.71","483.50","486.81","481.86","","-0.23%"
"Jul 23, 2012","485.83","489.77","490.43","485.59","","-2.14%"
"Jul 20, 2012","496.46","503.22","504.82","496.46","","-1.52%"
"Jul 19, 2012","504.10","505.84","507.28","501.75","","+0.33%"
"Jul 18, 2012","502.46","506.61","506.61","500.91","","-0.72%"
"Jul 17, 2012","506.10","514.92","514.92","505.05","","-1.12%"
"Jul 13, 2012","511.85","504.22","514.04","502.50","","+1.22%"
"Jul 12, 2012","505.69","519.93","520.11","504.17","","-3.46%"
"Jul 11, 2012","523.79","524.83","526.09","521.32","","-0.57%"
"Jul 10, 2012","526.77","531.46","535.06","526.29","","-0.68%"
"Jul 09, 2012","530.35","534.22","536.29","530.26","","-1.67%"
"Jul 06, 2012","539.35","541.70","543.92","537.41","","-0.66%"
"Jul 05, 2012","542.92","540.55","547.44","540.24","","+0.37%"
"Jul 04, 2012","540.94","546.40","547.55","540.71","","-0.30%"
"Jul 03, 2012","542.59","537.94","545.21","537.94","","+0.96%"
"Jul 02, 2012","537.42","547.57","547.60","537.36","","-0.56%"
"Jun 29, 2012","540.42","527.94","542.73","527.94","","+2.28%"
"Jun 28, 2012","528.38","531.13","532.07","527.18","","+0.78%"
"Jun 27, 2012","524.29","524.10","524.79","517.50","","-0.64%"
"Jun 26, 2012","527.68","531.27","533.61","524.47","","-1.82%"
"Jun 25, 2012","537.46","543.17","544.88","536.79","","+0.13%"
"Jun 22, 2012","536.76","529.88","538.81","529.03","","-0.01%"
"Jun 21, 2012","536.79","538.33","540.97","535.02","","+0.18%"
"Jun 20, 2012","535.82","536.11","536.85","530.34","","+1.51%"
"Jun 19, 2012","527.86","526.77","533.17","524.66","","-0.11%"
"Jun 18, 2012","528.42","523.39","532.47","523.03","","+3.33%"
"Jun 15, 2012","511.39","516.50","518.37","509.25","","-0.35%"
"Jun 14, 2012","513.17","511.40","513.87","508.70","","-0.30%"
"Jun 13, 2012","514.69","515.47","519.06","512.65","","+0.33%"
"Jun 12, 2012","513.00","507.90","515.00","503.48","","-0.75%"
"Jun 11, 2012","516.86","512.80","521.20","512.36","","+2.68%"
"Jun 08, 2012","503.38","516.01","516.66","500.60","","-2.94%"
"Jun 07, 2012","518.65","520.54","523.82","514.60","","+1.45%"
"Jun 06, 2012","511.23","501.12","512.09","500.11","","+2.61%"
"Jun 05, 2012","498.21","490.42","499.27","489.92","","+3.00%"
"Jun 04, 2012","483.68","489.97","490.27","480.39","","-3.25%"
"Jun 01, 2012","499.95","507.67","508.08","498.97","","-2.43%"
"May 31, 2012","512.39","512.24","514.43","507.20","","-1.72%"
"May 30, 2012","521.35","527.15","527.15","515.33","","-1.60%"
"May 29, 2012","529.85","518.86","529.98","515.43","","+1.57%"
"May 28, 2012","521.64","526.11","526.50","519.16","","-0.48%"
"May 25, 2012","524.17","530.61","530.82","522.03","","-1.12%"
"May 24, 2012","530.10","528.96","532.77","522.06","","+0.07%"
"May 23, 2012","529.75","544.11","544.11","527.97","","-2.77%"
"May 22, 2012","544.83","539.62","546.55","538.64","","+2.20%"
"May 21, 2012","533.11","532.71","539.33","530.85","","-0.12%"
"May 18, 2012","533.77","543.06","543.06","530.98","","-3.62%"
"May 17, 2012","553.84","544.68","556.65","541.43","","+1.99%"
"May 16, 2012","543.04","544.11","553.98","540.66","","-0.82%"
"May 15, 2012","547.53","552.51","552.51","541.77","","-2.18%"
"May 14, 2012","559.76","559.15","569.19","557.00","","+0.39%"
"May 11, 2012","557.61","568.02","572.11","556.53","","-1.84%"
"May 10, 2012","568.05","566.23","572.48","564.36","","-0.39%"
"May 09, 2012","570.29","574.83","575.53","568.45","","-1.91%"
"May 08, 2012","581.42","583.55","585.18","578.59","","+0.35%"
"May 07, 2012","579.42","582.67","584.78","578.72","","-2.48%"
"May 02, 2012","594.15","599.03","599.36","591.64","","-0.30%"
"May 01, 2012","595.94","610.30","610.73","594.11","","-2.92%"
"Apr 27, 2012","613.88","617.53","626.33","609.64","","-0.43%"
"Apr 26, 2012","616.55","617.33","621.08","613.59","","+0.95%"
"Apr 25, 2012","610.76","615.40","618.38","609.25","","+0.38%"
"Apr 24, 2012","608.46","604.35","613.19","604.02","","+0.22%"
"Apr 23, 2012","607.10","610.87","614.67","606.71","","-0.33%"
"Apr 20, 2012","609.11","611.21","612.62","606.69","","-0.36%"
"Apr 19, 2012","611.31","611.69","614.33","607.71","","-0.56%"
"Apr 18, 2012","614.73","612.83","615.60","610.82","","+1.32%"
"Apr 17, 2012","606.74","609.63","612.69","606.74","","-0.34%"
"Apr 16, 2012","608.81","609.80","612.63","607.33","","-0.90%"
"Apr 13, 2012","614.31","617.96","619.77","613.09","","+0.07%"
"Apr 12, 2012","613.86","612.28","615.60","606.10","","+0.77%"
"Apr 11, 2012","609.18","607.02","611.38","605.35","","-1.13%"
"Apr 10, 2012","616.13","622.13","624.34","613.86","","-0.56%"
"Apr 09, 2012","619.58","623.74","624.57","619.58","","-1.70%"
"Apr 06, 2012","630.30","635.52","636.93","627.52","","-1.16%"
"Apr 05, 2012","637.69","633.77","640.13","632.81","","-0.31%"
"Apr 04, 2012","639.70","652.23","653.74","638.16","","-2.30%"
"Apr 03, 2012","654.77","653.90","656.50","653.00","","-0.06%"
"Apr 02, 2012","655.16","671.87","671.87","653.15","","-1.54%"
"Mar 30, 2012","665.40","668.91","669.17","663.48","","-0.25%"
"Mar 29, 2012","667.04","670.71","670.77","662.14","","-0.67%"
"Mar 28, 2012","671.54","668.83","675.86","667.34","","+0.46%"
"Mar 27, 2012","668.44","662.81","668.69","661.40","","+2.03%"
"Mar 26, 2012","655.13","659.64","661.68","655.13","","-0.60%"
"Mar 23, 2012","659.08","657.66","660.71","656.74","","-1.01%"
"Mar 22, 2012","665.79","665.35","670.70","662.58","","-0.34%"
"Mar 21, 2012","668.03","673.16","676.80","666.46","","-0.86%"
"Mar 19, 2012","673.84","673.96","675.38","672.54","","+0.48%"
"Mar 16, 2012","670.61","665.90","670.69","664.61","","+0.67%"
"Mar 15, 2012","666.17","670.16","672.43","665.38","","-0.03%"
"Mar 14, 2012","666.34","666.82","671.37","666.24","","+1.94%"
"Mar 13, 2012","653.68","659.43","662.75","653.54","","-0.71%"
"Mar 12, 2012","658.33","669.01","670.99","658.29","","-0.80%"
"Mar 09, 2012","663.66","661.82","667.16","657.81","","+1.69%"
"Mar 08, 2012","652.63","650.30","653.62","649.20","","+1.60%"
"Mar 07, 2012","642.36","636.38","646.27","635.59","","-0.56%"
"Mar 06, 2012","646.00","648.88","652.27","644.55","","-0.16%"
"Mar 05, 2012","647.04","654.16","657.73","645.62","","-1.37%"
"Mar 02, 2012","656.01","659.82","659.82","653.04","","+0.66%"
"Mar 01, 2012","651.72","666.65","672.56","649.83","","-1.99%"
"Feb 29, 2012","664.94","673.11","680.20","663.49","","-0.77%"
"Feb 28, 2012","670.12","667.45","670.90","659.86","","-0.53%"
"Feb 27, 2012","673.71","676.41","681.04","672.51","","+0.78%"
"Feb 24, 2012","668.48","663.09","670.24","660.71","","+1.22%"
"Feb 23, 2012","660.41","653.86","662.04","649.48","","+1.29%"
"Feb 22, 2012","652.02","642.99","652.56","640.19","","+1.44%"
"Feb 21, 2012","642.79","638.87","646.65","637.21","","+0.19%"
"Feb 20, 2012","641.58","644.46","646.75","638.39","","+0.92%"
"Feb 17, 2012","635.73","638.11","640.11","633.98","","+0.93%"
"Feb 16, 2012","629.89","625.47","633.37","625.47","","+0.69%"
"Feb 15, 2012","625.58","619.68","630.13","619.09","","+1.41%"
"Feb 14, 2012","616.91","615.47","619.31","612.22","","+0.17%"
"Feb 13, 2012","615.88","611.04","619.43","610.26","","+0.43%"
"Feb 10, 2012","613.25","618.77","618.96","612.23","","-0.43%"
"Feb 09, 2012","615.91","617.55","620.48","613.20","","0.00%"
"Feb 08, 2012","615.89","610.75","616.14","608.79","","+1.40%"
"Feb 07, 2012","607.37","604.89","611.11","603.62","","+0.80%"
"Feb 06, 2012","602.56","601.24","608.72","600.15","","+1.63%"
"Feb 03, 2012","592.88","600.78","600.96","592.63","","-1.64%"
"Feb 02, 2012","602.74","608.53","609.99","601.51","","-0.51%"
"Feb 01, 2012","605.83","604.86","609.43","603.38","","-0.07%"
"Jan 31, 2012","606.26","608.51","610.48","604.53","","-0.17%"
"Jan 30, 2012","607.31","617.78","618.37","605.16","","-2.51%"
"Jan 27, 2012","622.94","629.04","630.29","620.27","","-1.37%"
"Jan 26, 2012","631.58","642.45","642.45","630.44","","-2.26%"
"Jan 25, 2012","646.18","636.32","648.54","635.78","","+1.91%"
"Jan 24, 2012","634.10","641.16","641.91","632.82","","-0.95%"
"Jan 23, 2012","640.16","637.11","641.35","634.94","","+0.83%"
"Jan 20, 2012","634.91","632.16","635.86","626.55","","+1.52%"
"Jan 19, 2012","625.40","615.75","625.84","615.75","","+2.54%"
"Jan 18, 2012","609.90","604.17","616.03","602.70","","+1.04%"
"Jan 17, 2012","603.61","598.03","604.85","595.92","","+1.53%"
"Jan 16, 2012","594.49","596.89","598.04","591.98","","-1.47%"
"Jan 13, 2012","603.36","602.76","605.52","601.14","","+0.89%"
"Jan 12, 2012","598.02","600.70","601.45","595.71","","-0.61%"
"Jan 11, 2012","601.70","599.19","603.19","597.38","","+0.87%"
"Jan 10, 2012","596.53","600.10","601.87","595.13","","-0.22%"
"Jan 06, 2012","597.83","605.87","606.26","593.19","","-1.40%"
"Jan 05, 2012","606.32","607.54","610.23","604.64","","-0.75%"
"Jan 04, 2012","610.88","606.40","612.85","606.07","","+1.47%"
"Dec 30, 2011","602.01","598.70","602.01","595.78","","+1.20%"
"Dec 29, 2011","594.86","592.39","595.14","588.75","","-0.28%"
"Dec 28, 2011","596.55","598.44","600.28","594.96","","-1.25%"
"Dec 27, 2011","604.12","605.03","607.52","602.59","","-0.45%"
"Dec 26, 2011","606.86","607.38","607.98","603.46","","+0.98%"
"Dec 22, 2011","601.00","601.44","603.34","598.46","","-0.18%"
"Dec 21, 2011","602.10","602.03","604.70","599.07","","+1.40%"
"Dec 20, 2011","593.78","589.89","597.04","589.79","","+0.70%"
"Dec 19, 2011","589.64","595.99","596.46","583.28","","-2.26%"
"Dec 16, 2011","603.26","606.69","607.29","601.92","","-0.29%"
"Dec 15, 2011","605.00","611.13","612.59","604.72","","-2.06%"
"Dec 14, 2011","617.71","615.37","619.87","610.88","","+0.14%"
"Dec 13, 2011","616.87","613.68","621.03","611.95","","-0.77%"
"Dec 12, 2011","621.63","619.05","624.55","616.15","","+1.88%"
"Dec 09, 2011","610.14","611.42","613.64","608.80","","-1.48%"
"Dec 08, 2011","619.32","617.10","622.43","612.07","","-0.45%"
"Dec 07, 2011","622.14","614.07","622.92","612.39","","+1.90%"
"Dec 06, 2011","610.52","621.61","622.72","608.43","","-1.92%"
"Dec 05, 2011","622.44","622.91","624.10","619.89","","+0.78%"
"Dec 02, 2011","617.65","613.54","618.10","612.15","","+0.43%"
"Dec 01, 2011","614.98","612.33","618.99","612.20","","+2.33%"
"Nov 30, 2011","600.98","606.80","607.42","595.81","","-2.05%"
"Nov 29, 2011","613.58","603.41","613.98","600.09","","+2.64%"
"Nov 28, 2011","597.82","593.06","603.06","592.95","","+2.28%"
"Nov 25, 2011","584.47","583.60","592.62","583.23","","-0.54%"
"Nov 24, 2011","587.65","583.73","590.88","577.62","","-0.81%"
"Nov 22, 2011","592.44","579.27","593.54","578.53","","+0.97%"
"Nov 21, 2011","586.77","588.33","590.06","584.74","","-0.41%"
"Nov 18, 2011","589.21","588.15","592.01","585.62","","-1.17%"
"Nov 17, 2011","596.18","582.85","597.58","578.29","","+1.84%"
"Nov 16, 2011","585.38","598.00","598.67","584.13","","-2.64%"
"Nov 15, 2011","601.27","596.64","605.95","596.31","","+0.43%"
"Nov 14, 2011","598.70","598.01","607.63","597.16","","+1.68%"
"Nov 11, 2011","588.79","581.76","590.60","577.29","","+1.65%"
"Nov 10, 2011","579.23","587.43","587.87","575.55","","-3.35%"
"Nov 09, 2011","599.30","598.78","601.98","593.41","","+0.47%"
"Nov 08, 2011","596.49","604.24","607.38","593.45","","-1.30%"
"Nov 07, 2011","604.36","615.56","615.77","601.34","","-2.22%"
"Nov 04, 2011","618.11","617.72","618.74","611.43","","+1.57%"
"Nov 02, 2011","608.53","617.47","617.52","608.35","","-2.61%"
"Nov 01, 2011","624.87","626.83","628.75","620.72","","-1.17%"
"Oct 31, 2011","632.26","637.29","644.54","632.26","","-1.33%"
"Oct 28, 2011","640.77","653.25","655.42","638.20","","-0.37%"
"Oct 27, 2011","643.14","640.36","643.71","626.05","","-0.52%"
"Oct 26, 2011","646.53","635.88","650.22","632.00","","+1.12%"
"Oct 25, 2011","639.37","665.17","665.63","635.49","","-3.83%"
"Oct 24, 2011","664.83","657.40","665.97","657.40","","+2.44%"
"Oct 21, 2011","649.02","648.80","654.40","647.91","","+0.50%"
"Oct 20, 2011","645.77","653.10","653.10","644.03","","-1.67%"
"Oct 19, 2011","656.73","665.73","668.07","652.78","","-0.53%"
"Oct 18, 2011","660.23","666.53","666.53","656.52","","-2.46%"
"Oct 17, 2011","676.87","673.99","680.27","673.76","","+2.30%"
"Oct 14, 2011","661.64","667.63","670.18","660.87","","-1.11%"
"Oct 13, 2011","669.06","671.30","673.96","666.03","","+1.29%"
"Oct 12, 2011","660.51","647.74","661.91","641.10","","+1.35%"
"Oct 11, 2011","651.70","641.04","653.01","641.04","","+3.44%"
"Oct 07, 2011","630.00","632.94","638.12","628.86","","+0.63%"
"Oct 06, 2011","626.08","633.19","640.89","623.61","","+0.13%"
"Oct 05, 2011","625.27","641.62","642.24","621.97","","-1.80%"
"Oct 04, 2011","636.75","638.38","639.40","631.23","","-2.26%"
"Oct 03, 2011","651.46","658.22","658.94","640.35","","-2.95%"
"Sep 30, 2011","671.29","674.45","677.15","662.02","","+0.34%"
"Sep 29, 2011","669.01","650.19","669.36","649.00","","+1.92%"
"Sep 28, 2011","656.39","646.30","658.97","646.30","","+2.02%"
"Sep 27, 2011","643.41","628.33","643.41","627.96","","+4.07%"
"Sep 26, 2011","618.22","644.94","645.25","616.68","","-5.13%"
"Sep 22, 2011","651.65","660.69","662.11","651.25","","-2.69%"
"Sep 21, 2011","669.68","664.08","673.34","663.39","","+1.03%"
"Sep 20, 2011","662.82","663.61","664.97","656.26","","-1.30%"
"Sep 16, 2011","671.52","657.16","672.47","656.40","","+3.75%"
"Sep 15, 2011","647.26","639.76","647.61","639.47","","+2.30%"
"Sep 14, 2011","632.68","641.74","648.99","631.38","","-1.65%"
"Sep 13, 2011","643.27","638.34","644.85","633.83","","+1.43%"
"Sep 12, 2011","634.18","626.69","635.13","621.64","","-0.50%"
"Sep 09, 2011","637.35","637.31","641.85","635.57","","-0.47%"
"Sep 08, 2011","640.35","648.48","649.88","637.46","","-0.12%"
"Sep 07, 2011","641.09","639.94","643.75","636.13","","+1.93%"
"Sep 06, 2011","628.93","640.22","641.09","628.80","","-2.98%"
"Sep 05, 2011","648.25","654.46","655.01","645.91","","-2.62%"
"Sep 02, 2011","665.69","670.97","671.91","663.54","","-1.36%"
"Sep 01, 2011","674.89","668.57","675.05","665.81","","+1.41%"
"Aug 31, 2011","665.49","670.19","670.55","658.88","","-1.21%"
"Aug 30, 2011","673.64","671.32","677.43","669.85","","+1.76%"
"Aug 29, 2011","662.01","658.92","667.29","648.86","","+0.69%"
"Aug 26, 2011","657.49","650.21","657.98","646.26","","+0.93%"
"Aug 25, 2011","651.46","639.27","656.58","639.15","","+3.19%"
"Aug 24, 2011","631.34","651.27","653.04","629.87","","-1.68%"
"Aug 23, 2011","642.11","639.16","642.43","634.45","","+1.74%"
"Aug 22, 2011","631.14","639.08","646.15","630.50","","-1.68%"
"Aug 19, 2011","641.91","654.88","655.15","640.79","","-3.93%"
"Aug 18, 2011","668.20","682.92","682.92","667.14","","-2.61%"
"Aug 17, 2011","686.08","687.10","687.81","682.46","","-0.59%"
"Aug 16, 2011","690.16","691.47","695.14","687.34","","+0.43%"
"Aug 15, 2011","687.21","689.18","689.75","682.64","","+1.02%"
"Aug 12, 2011","680.28","695.39","696.07","676.75","","-0.94%"
"Aug 11, 2011","686.76","688.24","691.71","680.12","","-2.24%"
"Aug 10, 2011","702.49","705.91","711.50","701.91","","+1.58%"
"Aug 09, 2011","691.53","684.31","692.50","664.60","","-1.15%"
"Aug 08, 2011","699.59","711.61","713.37","697.37","","-3.08%"
"Aug 05, 2011","721.83","733.07","733.12","715.39","","-3.67%"
"Aug 04, 2011","749.32","751.22","757.03","746.14","","-0.17%"
"Aug 03, 2011","750.58","757.37","757.99","748.99","","-2.70%"
"Aug 02, 2011","771.44","775.67","776.39","769.71","","-1.64%"
"Aug 01, 2011","784.28","774.12","787.95","773.68","","+2.15%"
"Jul 29, 2011","767.75","770.60","773.99","767.08","","-0.95%"
"Jul 28, 2011","775.14","779.21","779.21","771.62","","-1.64%"
"Jul 27, 2011","788.05","791.07","791.07","784.73","","-1.49%"
"Jul 26, 2011","799.93","795.19","801.77","793.42","","+1.07%"
"Jul 25, 2011","791.45","793.84","795.57","790.90","","-0.64%"
"Jul 22, 2011","796.53","792.57","798.99","791.42","","+1.33%"
"Jul 21, 2011","786.10","789.84","790.23","783.87","","-0.40%"
"Jul 20, 2011","789.29","790.69","793.51","787.18","","+0.86%"
"Jul 19, 2011","782.59","787.92","788.85","782.37","","-1.30%"
"Jul 15, 2011","792.87","788.98","794.12","788.09","","+0.28%"
"Jul 14, 2011","790.69","791.13","793.55","786.94","","-0.37%"
"Jul 13, 2011","793.62","786.78","794.90","786.77","","+0.43%"
"Jul 12, 2011","790.22","796.04","797.02","788.02","","-2.04%"
"Jul 11, 2011","806.66","808.06","811.05","805.24","","-0.82%"
"Jul 08, 2011","813.33","820.96","821.58","813.13","","+0.09%"
"Jul 07, 2011","812.56","814.37","820.98","812.35","","-0.64%"
"Jul 06, 2011","817.77","808.12","817.77","806.57","","+1.36%"
"Jul 05, 2011","806.78","805.94","808.34","804.90","","+0.24%"
"Jul 04, 2011","804.87","810.26","810.54","803.59","","+0.45%"
"Jul 01, 2011","801.26","805.15","806.89","800.28","","+0.47%"
"Jun 30, 2011","797.55","792.04","798.48","790.42","","+1.00%"
"Jun 29, 2011","789.63","785.71","789.63","783.39","","+1.28%"
"Jun 28, 2011","779.64","784.03","784.90","778.39","","-0.29%"
"Jun 27, 2011","781.93","787.49","787.88","781.34","","-0.90%"
"Jun 24, 2011","789.05","781.98","789.63","781.44","","+1.46%"
"Jun 23, 2011","777.71","778.33","782.88","776.45","","-1.21%"
"Jun 22, 2011","787.21","780.44","788.16","778.56","","+1.27%"
"Jun 21, 2011","777.32","778.70","779.26","770.21","","+0.65%"
"Jun 20, 2011","772.32","771.81","780.61","770.32","","+0.77%"
"Jun 17, 2011","766.45","778.52","779.31","763.42","","-1.08%"
"Jun 16, 2011","774.80","775.33","780.74","774.77","","-0.92%"
"Jun 15, 2011","781.97","779.80","783.14","776.34","","+0.68%"
"Jun 14, 2011","776.68","769.49","776.68","768.03","","+1.09%"
"Jun 13, 2011","768.29","765.91","771.36","764.95","","-0.89%"
"Jun 10, 2011","775.16","776.62","782.38","774.42","","+0.02%"
"Jun 09, 2011","775.04","775.93","776.99","770.22","","+0.02%"
"Jun 08, 2011","774.85","771.68","778.09","769.90","","+0.50%"
"Jun 07, 2011","771.00","762.07","774.49","761.65","","+0.95%"
"Jun 06, 2011","763.71","774.95","778.07","762.61","","-1.74%"
"Jun 03, 2011","777.21","784.14","786.81","777.21","","-0.82%"
"Jun 02, 2011","783.63","788.06","788.09","782.00","","-2.46%"
"Jun 01, 2011","803.39","804.43","804.43","798.81","","-0.04%"
"May 31, 2011","803.69","788.78","805.39","786.92","","+1.67%"
"May 30, 2011","790.52","792.14","793.26","785.98","","-0.30%"
"May 27, 2011","792.93","793.69","799.98","789.13","","-0.45%"
"May 26, 2011","796.51","783.63","797.39","782.81","","+2.57%"
"May 25, 2011","776.58","781.70","785.77","776.05","","-0.70%"
"May 24, 2011","782.09","779.47","784.31","777.14","","-0.66%"
"May 23, 2011","787.29","790.82","792.95","784.53","","-1.34%"
"May 20, 2011","797.99","800.19","804.43","795.19","","-0.17%"
"May 19, 2011","799.37","810.64","814.04","798.30","","-0.51%"
"May 18, 2011","803.46","797.24","806.13","792.00","","+1.46%"
"May 17, 2011","791.87","790.63","795.24","789.07","","+0.06%"
"May 16, 2011","791.37","790.73","794.03","786.51","","-1.36%"
"May 13, 2011","802.26","810.67","811.33","793.14","","-0.79%"
"May 12, 2011","808.68","813.79","818.31","808.68","","-1.88%"
"May 11, 2011","824.20","831.30","832.48","822.77","","-0.11%"
"May 10, 2011","825.10","823.55","827.85","819.68","","+0.39%"
"May 09, 2011","821.86","831.34","832.08","819.68","","-0.42%"
"May 06, 2011","825.36","819.69","827.34","814.69","","-1.37%"
"May 02, 2011","836.83","829.49","838.76","827.95","","+1.09%"
"Apr 28, 2011","827.77","808.18","828.20","807.39","","+3.70%"
"Apr 27, 2011","798.24","799.85","805.84","795.42","","+0.37%"
"Apr 26, 2011","795.33","805.50","805.50","792.94","","-1.47%"
"Apr 25, 2011","807.20","805.14","813.47","803.71","","+0.13%"
"Apr 22, 2011","806.12","803.19","810.63","801.71","","+0.04%"
"Apr 21, 2011","805.78","805.99","811.19","802.73","","+0.92%"
"Apr 20, 2011","798.40","799.84","804.80","797.44","","+0.86%"
"Apr 19, 2011","791.59","796.21","800.46","790.34","","-1.89%"
"Apr 18, 2011","806.88","807.83","810.31","804.69","","-0.47%"
"Apr 15, 2011","810.67","818.12","818.48","808.87","","-0.82%"
"Apr 14, 2011","817.40","810.21","819.79","807.43","","+0.59%"
"Apr 13, 2011","812.63","803.28","814.93","803.16","","+0.47%"
"Apr 12, 2011","808.81","819.88","819.88","804.18","","-2.28%"
"Apr 11, 2011","827.70","824.40","829.65","819.58","","+0.22%"
"Apr 08, 2011","825.88","810.07","829.64","804.20","","+1.34%"
"Apr 07, 2011","814.98","822.19","829.89","814.13","","-0.53%"
"Apr 06, 2011","819.33","833.94","833.94","816.59","","-1.77%"
"Apr 05, 2011","834.08","840.97","842.55","825.63","","-0.77%"
"Apr 04, 2011","840.51","844.68","847.24","840.02","","-0.10%"
"Apr 01, 2011","841.35","846.37","853.06","837.40","","-0.38%"
"Mar 31, 2011","844.52","850.38","850.38","834.90","","-0.29%"
"Mar 30, 2011","847.01","831.38","847.39","829.40","","+2.64%"
"Mar 29, 2011","825.22","816.31","829.33","808.88","","-0.27%"
"Mar 28, 2011","827.49","834.01","834.01","818.26","","-0.36%"
"Mar 25, 2011","830.48","843.29","843.29","824.24","","-0.05%"
"Mar 24, 2011","830.90","830.01","839.14","827.08","","+0.64%"
"Mar 23, 2011","825.62","832.14","843.53","819.64","","-0.63%"
"Mar 22, 2011","830.84","817.30","833.52","816.66","","+4.23%"
"Mar 18, 2011","797.15","787.92","801.51","786.46","","+3.57%"
"Mar 17, 2011","769.68","762.36","783.44","748.40","","-1.58%"
"Mar 16, 2011","782.03","737.25","784.92","737.25","","+8.27%"
"Mar 15, 2011","722.29","783.88","785.54","693.38","","-9.67%"
"Mar 14, 2011","799.63","823.84","825.72","793.12","","-4.84%"
"Mar 11, 2011","840.32","839.24","846.33","836.39","","-1.23%"
"Mar 10, 2011","850.78","858.95","859.42","845.01","","-1.36%"
"Mar 09, 2011","862.54","878.28","879.87","860.30","","-1.23%"
"Mar 08, 2011","873.25","877.24","886.32","873.25","","-0.83%"
"Mar 07, 2011","880.57","889.61","889.92","880.38","","-1.83%"
"Mar 04, 2011","897.00","898.66","902.11","888.32","","+1.70%"
"Mar 03, 2011","882.00","873.09","882.73","873.07","","+0.81%"
"Mar 02, 2011","874.94","887.62","888.65","874.69","","-3.47%"
"Mar 01, 2011","906.38","898.04","906.56","897.62","","+1.41%"
"Feb 28, 2011","893.79","882.27","895.40","877.31","","+1.47%"
"Feb 25, 2011","880.83","860.89","882.10","860.15","","+2.66%"
"Feb 24, 2011","858.00","872.34","872.34","855.69","","-2.53%"
"Feb 23, 2011","880.30","878.90","891.58","875.94","","-1.68%"
"Feb 22, 2011","895.36","898.69","903.45","890.56","","-1.22%"
"Feb 21, 2011","906.43","895.59","908.32","895.59","","+1.46%"
"Feb 18, 2011","893.37","893.62","895.73","890.01","","+0.20%"
"Feb 17, 2011","891.63","895.43","898.41","890.46","","+0.34%"
"Feb 16, 2011","888.58","879.39","893.50","879.39","","+1.57%"
"Feb 15, 2011","874.87","867.13","877.66","865.29","","+1.27%"
"Feb 14, 2011","863.90","860.63","865.39","859.59","","+1.14%"
"Feb 10, 2011","854.13","848.03","854.13","840.67","","-0.51%"
"Feb 09, 2011","858.53","860.92","864.51","856.77","","-0.09%"
"Feb 08, 2011","859.30","861.58","861.58","854.57","","-0.16%"
"Feb 07, 2011","860.65","861.64","863.39","855.95","","+0.94%"
"Feb 04, 2011","852.64","852.99","856.78","851.88","","+0.03%"
"Feb 03, 2011","852.38","848.19","853.95","846.71","","+0.64%"
"Feb 02, 2011","846.94","833.83","848.36","833.72","","+2.58%"
"Feb 01, 2011","825.64","820.45","828.12","819.63","","+0.89%"
"Jan 31, 2011","818.37","812.83","821.73","808.13","","-1.05%"
"Jan 28, 2011","827.04","839.90","841.56","825.94","","-0.89%"
"Jan 27, 2011","834.46","826.78","835.18","826.14","","+1.52%"
"Jan 26, 2011","821.93","820.18","832.73","820.10","","+0.11%"
"Jan 25, 2011","821.01","809.07","822.04","806.81","","+1.84%"
"Jan 24, 2011","806.20","798.76","807.18","794.86","","+0.92%"
"Jan 21, 2011","798.85","808.66","813.07","797.98","","-0.91%"
"Jan 20, 2011","806.18","808.25","809.43","803.35","","-0.95%"
"Jan 19, 2011","813.91","810.67","814.15","809.09","","+0.87%"
"Jan 18, 2011","806.91","800.41","809.45","800.10","","+0.43%"
"Jan 17, 2011","803.45","809.96","810.46","802.14","","-0.39%"
"Jan 14, 2011","806.59","807.41","812.17","806.56","","-0.87%"
"Jan 13, 2011","813.69","816.91","817.10","811.47","","+0.84%"
"Jan 12, 2011","806.90","815.33","817.57","806.57","","-0.28%"
"Jan 11, 2011","809.13","807.96","815.62","807.39","","-0.47%"
"Jan 07, 2011","812.97","810.24","814.32","807.41","","+0.14%"
"Jan 06, 2011","811.85","811.45","815.56","810.93","","+1.07%"
"Jan 05, 2011","803.26","800.30","804.51","798.41","","+0.53%"
"Jan 04, 2011","799.00","797.01","801.20","793.85","","+1.59%"
"Dec 30, 2010","786.52","794.54","794.73","784.48","","-1.42%"
"Dec 29, 2010","797.84","789.96","799.39","787.80","","+0.51%"
"Dec 28, 2010","793.77","794.87","796.95","793.11","","-0.49%"
"Dec 27, 2010","797.67","791.25","798.49","791.25","","+0.79%"
"Dec 24, 2010","791.43","793.59","795.69","789.76","","-0.95%"
"Dec 22, 2010","799.01","796.27","802.51","796.23","","+0.39%"
"Dec 21, 2010","795.94","783.31","797.32","782.68","","+1.98%"
"Dec 20, 2010","780.51","784.04","785.71","776.50","","-0.44%"
"Dec 17, 2010","783.93","787.25","789.15","781.48","","-0.51%"
"Dec 16, 2010","787.92","781.77","790.01","781.50","","+0.17%"
"Dec 15, 2010","786.56","793.14","796.28","784.39","","-0.27%"
"Dec 14, 2010","788.72","783.80","789.49","782.67","","+0.64%"
"Dec 13, 2010","783.68","773.39","783.82","770.41","","+1.51%"
"Dec 10, 2010","771.99","783.16","783.16","771.99","","-1.40%"
"Dec 09, 2010","782.96","791.40","793.08","780.28","","-0.93%"
"Dec 08, 2010","790.30","783.01","790.53","782.55","","+1.54%"
"Dec 07, 2010","778.29","781.88","781.88","774.30","","-0.09%"
"Dec 06, 2010","779.03","773.44","781.51","772.37","","+1.16%"
"Dec 03, 2010","770.08","778.12","779.42","768.06","","-0.16%"
"Dec 02, 2010","771.29","764.07","771.29","760.84","","+2.70%"
"Dec 01, 2010","750.98","752.12","752.12","743.06","","-1.23%"
"Nov 30, 2010","760.36","775.03","776.69","758.53","","-2.21%"
"Nov 29, 2010","777.53","772.43","783.20","772.02","","+0.90%"
"Nov 26, 2010","770.57","775.17","781.97","770.30","","-0.34%"
"Nov 25, 2010","773.21","771.98","775.11","766.62","","+1.35%"
"Nov 24, 2010","762.88","755.98","766.20","752.24","","-1.20%"
"Nov 22, 2010","772.17","767.63","775.26","765.85","","+1.90%"
"Nov 19, 2010","757.79","768.54","770.83","756.55","","-0.29%"
"Nov 18, 2010","759.99","737.21","759.99","736.35","","+3.15%"
"Nov 17, 2010","736.76","726.94","737.17","726.94","","0.00%"
"Nov 16, 2010","736.75","744.93","747.27","735.91","","-0.61%"
"Nov 15, 2010","741.28","736.60","741.65","735.16","","+1.13%"
"Nov 12, 2010","733.03","741.15","742.06","729.89","","-1.69%"
"Nov 11, 2010","745.61","739.77","747.88","739.49","","+0.92%"
"Nov 10, 2010","738.78","737.15","741.70","734.07","","+0.28%"
"Nov 09, 2010","736.69","730.24","738.94","730.24","","+1.31%"
"Nov 08, 2010","727.19","718.90","727.50","718.33","","+2.24%"
"Nov 05, 2010","711.25","702.24","714.80","702.24","","+3.18%"
"Nov 04, 2010","689.34","678.34","691.47","675.05","","+2.63%"
"Nov 02, 2010","671.68","670.44","677.78","670.03","","+0.28%"
"Nov 01, 2010","669.79","672.57","678.85","668.73","","-1.34%"
"Oct 29, 2010","678.90","706.86","707.15","676.24","","-4.12%"
"Oct 28, 2010","708.07","713.92","713.92","703.93","","-1.21%"
"Oct 27, 2010","716.73","722.77","725.89","712.89","","-0.50%"
"Oct 26, 2010","720.35","720.79","726.45","718.33","","-0.07%"
"Oct 25, 2010","720.82","725.36","727.63","719.63","","-0.61%"
"Oct 22, 2010","725.21","720.15","726.30","719.20","","+0.63%"
"Oct 21, 2010","720.67","724.13","730.22","717.41","","-0.46%"
"Oct 20, 2010","723.97","724.18","726.26","717.81","","-1.30%"
"Oct 19, 2010","733.49","738.07","740.43","730.76","","-0.90%"
"Oct 18, 2010","740.18","737.07","744.81","736.34","","+0.57%"
"Oct 15, 2010","736.01","736.66","740.24","733.50","","-0.71%"
"Oct 14, 2010","741.25","738.73","746.29","735.45","","+1.58%"
"Oct 13, 2010","729.74","734.30","738.49","728.92","","+0.35%"
"Oct 12, 2010","727.16","750.87","751.47","726.46","","-2.06%"
"Oct 08, 2010","742.44","751.20","751.22","742.44","","-1.35%"
"Oct 07, 2010","752.63","751.93","754.53","747.92","","-0.11%"
"Oct 06, 2010","753.49","748.19","753.49","743.03","","+2.15%"
"Oct 05, 2010","737.65","724.89","739.82","723.83","","+1.12%"
"Oct 04, 2010","729.48","732.78","741.58","727.02","","-0.44%"
"Oct 01, 2010","732.68","740.74","743.67","731.11","","-0.33%"
"Sep 30, 2010","735.09","755.57","758.95","735.09","","-2.90%"
"Sep 29, 2010","757.07","748.79","758.08","746.46","","+1.22%"
"Sep 28, 2010","747.96","758.50","758.89","746.42","","-1.89%"
"Sep 27, 2010","762.35","752.64","762.35","748.02","","+2.50%"
"Sep 24, 2010","743.76","745.92","752.87","737.86","","-1.99%"
"Sep 22, 2010","758.87","760.56","765.27","758.85","","-0.42%"
"Sep 21, 2010","762.08","771.37","772.65","761.13","","-0.40%"
"Sep 17, 2010","765.12","757.56","766.90","753.27","","+1.78%"
"Sep 16, 2010","751.71","757.34","759.59","747.61","","+0.55%"
"Sep 15, 2010","747.59","723.99","750.53","722.72","","+2.94%"
"Sep 14, 2010","726.27","733.75","733.80","723.61","","-1.14%"
"Sep 13, 2010","734.67","739.81","743.28","733.57","","+0.66%"
"Sep 10, 2010","729.85","729.73","735.96","726.25","","+0.60%"
"Sep 09, 2010","725.51","723.42","726.64","718.74","","+1.95%"
"Sep 08, 2010","711.61","721.22","721.22","709.56","","-2.89%"
"Sep 07, 2010","732.77","732.55","740.56","730.27","","-0.21%"
"Sep 06, 2010","734.34","723.49","734.54","721.14","","+2.47%"
"Sep 03, 2010","716.66","707.66","717.16","706.80","","+1.38%"
"Sep 02, 2010","706.91","706.15","708.05","697.72","","+1.98%"
"Sep 01, 2010","693.18","681.35","694.79","680.83","","+1.95%"
"Aug 31, 2010","679.89","698.08","700.57","678.90","","-4.27%"
"Aug 30, 2010","710.21","707.76","719.27","706.64","","+2.21%"
"Aug 27, 2010","694.86","679.44","697.62","677.87","","+0.86%"
"Aug 26, 2010","688.92","687.47","692.57","683.11","","+0.90%"
"Aug 25, 2010","682.75","685.88","690.77","680.69","","-1.99%"
"Aug 24, 2010","696.63","688.99","700.06","687.30","","-0.64%"
"Aug 23, 2010","701.10","699.33","703.63","692.13","","-0.15%"
"Aug 20, 2010","702.12","706.18","709.02","699.34","","-2.04%"
"Aug 19, 2010","716.77","709.55","718.80","709.20","","+0.72%"
"Aug 18, 2010","711.62","715.06","717.77","705.35","","+0.21%"
"Aug 17, 2010","710.15","708.04","712.88","705.44","","-1.39%"
"Aug 16, 2010","720.14","722.90","724.68","715.56","","-1.51%"
"Aug 13, 2010","731.20","722.95","733.86","715.27","","+0.90%"
"Aug 12, 2010","724.66","723.56","724.66","713.49","","-1.89%"
"Aug 11, 2010","738.63","755.57","757.05","736.60","","-3.67%"
"Aug 10, 2010","766.74","769.85","776.98","761.82","","-0.14%"
"Aug 09, 2010","767.80","762.27","769.82","761.84","","-0.27%"
"Aug 06, 2010","769.88","757.78","770.46","757.78","","+0.77%"
"Aug 05, 2010","763.96","765.86","769.93","758.30","","+1.36%"
"Aug 04, 2010","753.72","761.31","761.80","751.52","","-2.30%"
"Aug 03, 2010","771.46","772.62","778.60","763.87","","+1.62%"
"Aug 02, 2010","759.16","757.29","767.16","755.02","","+0.41%"
"Jul 30, 2010","756.03","766.30","766.30","752.75","","-1.95%"
"Jul 29, 2010","771.06","761.94","773.75","760.99","","+0.49%"
"Jul 28, 2010","767.29","758.13","767.98","756.42","","+2.86%"
"Jul 27, 2010","745.92","751.58","752.66","744.69","","-0.42%"
"Jul 26, 2010","749.06","739.89","751.45","739.89","","+2.20%"
"Jul 23, 2010","732.92","720.86","735.17","720.86","","+3.73%"
"Jul 22, 2010","706.59","706.84","709.91","700.94","","-1.05%"
"Jul 21, 2010","714.09","731.77","731.93","710.38","","-1.39%"
"Jul 20, 2010","724.18","723.11","729.56","717.87","","-1.06%"
"Jul 16, 2010","731.93","752.37","753.20","730.14","","-3.71%"
"Jul 15, 2010","760.12","761.29","763.28","755.85","","-1.10%"
"Jul 14, 2010","768.61","758.81","769.72","757.95","","+3.30%"
"Jul 13, 2010","744.03","745.76","752.73","739.56","","+0.20%"
"Jul 12, 2010","742.53","744.18","753.11","740.40","","-0.61%"
"Jul 09, 2010","747.11","746.94","748.96","738.71","","-0.09%"
"Jul 08, 2010","747.82","744.44","751.24","744.08","","+2.65%"
"Jul 07, 2010","728.50","738.31","738.31","721.99","","-1.59%"
"Jul 06, 2010","740.29","726.84","740.30","713.33","","+0.94%"
"Jul 05, 2010","733.36","731.75","735.38","729.77","","+0.59%"
"Jul 02, 2010","729.05","725.12","731.79","719.96","","+1.07%"
"Jul 01, 2010","721.36","724.54","726.03","714.04","","-1.69%"
"Jun 30, 2010","733.74","738.01","738.09","725.43","","-2.60%"
"Jun 29, 2010","753.35","764.33","771.73","750.02","","-1.12%"
"Jun 28, 2010","761.88","773.18","773.90","758.78","","-1.05%"
"Jun 25, 2010","769.98","778.90","781.44","764.96","","-2.71%"
"Jun 24, 2010","791.44","797.09","800.51","790.70","","-1.21%"
"Jun 23, 2010","801.13","802.84","809.55","799.07","","-1.78%"
"Jun 22, 2010","815.63","818.54","822.31","814.18","","-0.89%"
"Jun 21, 2010","822.96","817.64","826.03","816.68","","+1.66%"
"Jun 18, 2010","809.55","813.95","814.65","806.87","","-0.29%"
"Jun 17, 2010","811.91","822.84","824.03","808.08","","-2.00%"
"Jun 16, 2010","828.49","828.16","833.27","827.41","","+1.83%"
"Jun 15, 2010","813.58","802.50","814.17","801.71","","+0.95%"
"Jun 14, 2010","805.90","800.26","807.39","799.63","","+2.11%"
"Jun 11, 2010","789.22","784.19","796.42","784.12","","+2.71%"
"Jun 10, 2010","768.37","770.59","771.90","754.32","","+0.09%"
"Jun 09, 2010","767.66","780.57","781.28","761.58","","-1.84%"
"Jun 08, 2010","782.01","781.14","790.85","779.29","","-1.09%"
"Jun 07, 2010","790.59","808.45","808.45","789.77","","-4.23%"
"Jun 04, 2010","825.49","823.37","834.04","818.58","","+0.66%"
"Jun 03, 2010","820.10","807.93","820.44","806.25","","+3.05%"
"Jun 02, 2010","795.80","797.06","808.31","789.13","","-1.39%"
"Jun 01, 2010","807.01","815.97","816.44","803.85","","-0.72%"
"May 31, 2010","812.84","807.94","819.68","805.79","","+0.40%"
"May 28, 2010","809.63","820.38","820.64","801.12","","+0.75%"
"May 27, 2010","803.61","764.09","804.16","764.09","","+3.86%"
"May 26, 2010","773.77","794.24","799.80","769.21","","-1.52%"
"May 25, 2010","785.69","807.14","808.56","782.24","","-3.53%"
"May 24, 2010","814.44","813.05","817.74","801.44","","-0.45%"
"May 21, 2010","818.13","815.85","819.27","799.86","","-2.39%"
"May 20, 2010","838.17","847.47","859.85","835.14","","-2.13%"
"May 19, 2010","856.43","838.30","857.05","832.64","","+0.02%"
"May 18, 2010","856.24","879.40","882.67","850.08","","-2.16%"
"May 17, 2010","875.11","900.59","900.67","870.67","","-4.17%"
"May 14, 2010","913.15","909.41","920.90","902.82","","-1.09%"
"May 13, 2010","923.24","905.00","926.16","902.66","","+4.06%"
"May 12, 2010","887.20","891.21","916.36","882.35","","+1.28%"
"May 11, 2010","875.95","903.80","906.19","875.77","","-1.51%"
"May 10, 2010","889.41","871.46","889.46","869.52","","+1.65%"
"May 07, 2010","874.97","883.63","884.07","863.67","","-3.46%"
"May 06, 2010","906.37","921.43","921.61","902.70","","-3.89%"
"Apr 30, 2010","943.02","936.85","947.83","936.60","","+2.31%"
"Apr 28, 2010","921.72","913.63","931.17","912.27","","-1.26%"
"Apr 27, 2010","933.50","919.44","934.29","919.44","","+0.99%"
"Apr 26, 2010","924.33","915.16","925.09","914.95","","+2.20%"
"Apr 23, 2010","904.44","897.39","904.72","895.73","","+0.46%"
"Apr 22, 2010","900.34","901.13","902.18","891.38","","-0.84%"
"Apr 21, 2010","907.99","896.39","908.72","894.87","","+2.85%"
"Apr 20, 2010","882.83","886.32","891.15","882.00","","+0.19%"
"Apr 19, 2010","881.14","881.85","887.68","877.23","","-1.89%"
"Apr 16, 2010","898.08","912.97","912.97","897.76","","-1.74%"
"Apr 15, 2010","914.00","917.08","917.08","909.51","","+0.71%"
"Apr 14, 2010","907.53","905.77","910.40","902.28","","+0.72%"
"Apr 13, 2010","901.08","907.32","908.91","895.76","","-1.40%"
"Apr 12, 2010","913.89","912.92","921.80","912.92","","+0.88%"
"Apr 09, 2010","905.92","904.01","907.81","899.34","","+0.07%"
"Apr 08, 2010","905.32","904.17","910.75","902.27","","-1.20%"
"Apr 07, 2010","916.36","921.72","921.99","911.43","","-0.03%"
"Apr 06, 2010","916.64","931.82","932.59","912.70","","-1.42%"
"Apr 05, 2010","929.84","927.85","931.73","923.56","","+1.12%"
"Apr 02, 2010","919.57","919.98","920.54","912.26","","+0.40%"
"Apr 01, 2010","915.89","907.49","918.73","901.60","","+1.57%"
"Mar 31, 2010","901.70","909.82","911.22","900.21","","-0.39%"
"Mar 30, 2010","905.26","892.42","905.72","892.00","","+2.19%"
"Mar 29, 2010","885.86","876.14","886.78","875.26","","+0.81%"
"Mar 26, 2010","878.71","869.33","880.39","867.24","","+1.75%"
"Mar 25, 2010","863.56","872.57","873.03","860.58","","-1.07%"
"Mar 24, 2010","872.87","882.77","882.90","867.89","","-0.54%"
"Mar 23, 2010","877.58","876.18","879.37","872.50","","+0.13%"
"Mar 19, 2010","876.41","870.90","878.12","870.90","","+1.47%"
"Mar 18, 2010","863.74","872.85","876.66","862.70","","-1.20%"
"Mar 17, 2010","874.20","870.35","875.26","867.21","","+1.26%"
"Mar 16, 2010","863.34","860.97","867.66","858.64","","-0.31%"
"Mar 15, 2010","866.00","867.52","869.85","861.02","","+0.63%"
"Mar 12, 2010","860.58","856.48","864.01","851.69","","+1.67%"
"Mar 11, 2010","846.43","842.89","847.75","841.07","","+0.98%"
"Mar 10, 2010","838.21","833.71","840.84","832.85","","+0.72%"
"Mar 09, 2010","832.23","828.23","833.72","827.57","","+0.33%"
"Mar 08, 2010","829.46","826.34","830.13","822.46","","+2.11%"
"Mar 05, 2010","812.31","806.16","813.79","806.16","","+1.67%"
"Mar 04, 2010","798.98","801.56","806.17","797.43","","-0.59%"
"Mar 03, 2010","803.72","787.51","803.72","787.51","","+1.86%"
"Mar 02, 2010","789.04","791.26","795.42","784.64","","+0.25%"
"Mar 01, 2010","787.06","796.03","796.76","785.37","","-1.10%"
"Feb 26, 2010","795.83","794.14","800.72","788.90","","+0.09%"
"Feb 25, 2010","795.15","817.41","817.49","792.14","","-2.58%"
"Feb 24, 2010","816.17","807.99","816.17","802.76","","-0.61%"
"Feb 23, 2010","821.15","828.04","828.04","818.31","","-1.74%"
"Feb 22, 2010","835.69","833.87","842.02","831.37","","+1.94%"
"Feb 19, 2010","819.82","830.83","841.55","818.91","","-1.12%"
"Feb 18, 2010","829.08","839.21","839.21","825.84","","-0.68%"
"Feb 17, 2010","834.77","826.82","835.87","825.24","","+2.35%"
"Feb 16, 2010","815.62","815.24","818.92","812.98","","+0.21%"
"Feb 15, 2010","813.88","827.79","827.79","811.80","","-1.43%"
"Feb 12, 2010","825.68","811.13","829.79","810.03","","+3.55%"
"Feb 10, 2010","797.41","797.08","799.80","792.91","","+1.30%"
"Feb 09, 2010","787.15","781.51","791.51","780.58","","+0.17%"
"Feb 08, 2010","785.84","791.25","797.64","784.91","","-1.66%"
"Feb 05, 2010","799.07","800.99","803.56","793.56","","-2.10%"
"Feb 04, 2010","816.23","820.85","823.11","806.96","","-0.36%"
"Feb 03, 2010","819.17","823.21","827.80","817.11","","+0.30%"
"Feb 02, 2010","816.68","809.80","820.31","808.36","","+2.20%"
"Feb 01, 2010","799.09","803.38","810.45","792.93","","-0.53%"
"Jan 29, 2010","803.32","808.79","812.85","801.73","","-1.92%"
"Jan 28, 2010","819.01","803.51","826.26","801.56","","+2.89%"
"Jan 27, 2010","795.98","815.32","815.32","792.79","","-2.60%"
"Jan 26, 2010","817.20","837.87","845.13","815.69","","-2.33%"
"Jan 25, 2010","836.67","827.05","838.12","824.06","","-0.20%"
"Jan 22, 2010","838.38","842.64","842.66","828.44","","-2.22%"
"Jan 21, 2010","857.42","833.77","859.52","831.48","","+1.85%"
"Jan 20, 2010","841.82","847.68","858.43","839.33","","+0.57%"
"Jan 19, 2010","837.07","844.61","845.95","833.10","","-1.31%"
"Jan 18, 2010","848.16","842.67","848.16","839.73","","-0.28%"
"Jan 15, 2010","850.53","853.07","855.92","844.86","","-0.11%"
"Jan 14, 2010","851.45","844.40","852.59","843.45","","+1.07%"
"Jan 13, 2010","842.41","847.59","856.68","842.00","","-1.39%"
"Jan 12, 2010","854.31","849.70","859.55","848.08","","+0.42%"
"Jan 08, 2010","850.72","844.85","853.02","844.85","","+1.15%"
"Jan 07, 2010","841.06","848.22","849.28","839.27","","-0.35%"
"Jan 06, 2010","844.03","833.92","845.29","832.81","","+2.12%"
"Jan 05, 2010","826.49","837.76","840.25","823.77","","+0.04%"
"Jan 04, 2010","826.19","813.83","826.89","812.48","","+2.07%"
"Dec 30, 2009","809.40","822.84","823.11","809.40","","-1.32%"
"Dec 29, 2009","820.22","822.12","831.11","817.70","","+0.12%"
"Dec 28, 2009","819.26","814.90","822.74","813.12","","+0.95%"
"Dec 25, 2009","811.54","815.86","815.86","809.65","","-0.57%"
"Dec 24, 2009","816.16","801.18","820.82","800.52","","+2.61%"
"Dec 22, 2009","795.37","783.02","796.90","782.10","","+2.60%"
"Dec 21, 2009","775.24","778.31","779.24","774.40","","-0.18%"
"Dec 18, 2009","776.65","770.55","777.37","766.39","","+0.08%"
"Dec 17, 2009","776.05","780.99","786.89","776.05","","-0.29%"
"Dec 16, 2009","778.31","781.53","784.87","774.97","","+0.59%"
"Dec 15, 2009","773.73","781.67","781.67","773.32","","-1.04%"
"Dec 14, 2009","781.83","776.71","782.23","772.17","","+0.91%"
"Dec 11, 2009","774.76","763.55","776.00","760.26","","+2.71%"
"Dec 10, 2009","754.30","759.13","771.04","751.65","","-0.53%"
"Dec 09, 2009","758.35","760.22","760.34","754.05","","-1.57%"
"Dec 08, 2009","770.43","764.87","771.54","764.84","","+0.14%"
"Dec 07, 2009","769.33","765.92","770.83","762.35","","+1.90%"
"Dec 04, 2009","754.95","757.13","757.27","744.70","","+0.03%"
"Dec 03, 2009","754.76","730.04","755.47","728.01","","+5.04%"
"Dec 02, 2009","718.53","716.50","722.48","710.02","","+0.06%"
"Dec 01, 2009","718.07","695.63","718.07","688.78","","+2.40%"
"Nov 30, 2009","701.25","678.76","701.25","678.76","","+4.39%"
"Nov 27, 2009","671.77","684.07","686.35","669.21","","-3.35%"
"Nov 26, 2009","695.08","707.78","707.78","689.73","","-3.04%"
"Nov 25, 2009","716.90","709.78","717.70","706.34","","+0.73%"
"Nov 24, 2009","711.69","719.11","725.97","711.02","","-0.17%"
"Nov 20, 2009","712.92","709.92","713.96","706.30","","-0.35%"
"Nov 19, 2009","715.45","727.18","727.21","712.42","","-1.17%"
"Nov 18, 2009","723.93","726.27","733.90","721.01","","-0.52%"
"Nov 17, 2009","727.68","740.23","741.64","725.62","","-1.16%"
"Nov 16, 2009","736.21","745.29","746.28","731.29","","-1.44%"
"Nov 13, 2009","746.95","756.68","760.56","746.17","","-0.90%"
"Nov 12, 2009","753.76","770.81","774.80","753.76","","-1.86%"
"Nov 11, 2009","768.04","767.11","774.14","763.64","","+0.64%"
"Nov 10, 2009","763.19","770.38","773.38","761.72","","0.00%"
"Nov 09, 2009","763.22","755.98","768.77","752.49","","+1.22%"
"Nov 06, 2009","754.00","741.74","760.44","740.52","","+2.71%"
"Nov 05, 2009","734.10","734.80","740.62","729.70","","-0.61%"
"Nov 04, 2009","738.62","739.61","744.94","735.15","","-0.40%"
"Nov 02, 2009","741.60","751.15","751.31","738.44","","-2.42%"
"Oct 30, 2009","759.99","754.58","763.77","752.53","","+1.82%"
"Oct 29, 2009","746.42","752.89","752.89","739.46","","-2.26%"
"Oct 28, 2009","763.71","773.59","779.93","760.51","","-0.76%"
"Oct 27, 2009","769.59","772.06","777.45","767.75","","-1.43%"
"Oct 26, 2009","780.78","767.06","780.78","767.06","","+1.45%"
"Oct 23, 2009","769.64","775.06","775.41","768.19","","-0.05%"
"Oct 22, 2009","770.00","770.68","771.36","759.38","","-0.94%"
"Oct 21, 2009","777.32","775.88","778.85","773.52","","+0.32%"
"Oct 20, 2009","774.86","777.99","786.92","774.06","","+0.54%"
"Oct 19, 2009","770.73","762.39","771.26","756.01","","-0.08%"
"Oct 16, 2009","771.33","774.49","774.90","766.00","","+0.04%"
"Oct 15, 2009","771.00","772.49","778.76","767.50","","+0.96%"
"Oct 14, 2009","763.67","768.99","769.67","750.98","","-0.66%"
"Oct 13, 2009","768.71","772.32","773.92","765.17","","+0.70%"
"Oct 09, 2009","763.39","757.80","764.85","752.73","","+1.23%"
"Oct 08, 2009","754.09","749.14","756.10","739.32","","+1.16%"
"Oct 07, 2009","745.46","722.09","747.40","721.33","","+3.96%"
"Oct 06, 2009","717.04","713.72","723.81","709.68","","+1.38%"
"Oct 05, 2009","707.27","715.42","715.42","704.39","","-1.06%"
"Oct 02, 2009","714.88","724.06","725.44","708.95","","-2.97%"
"Oct 01, 2009","736.74","738.73","741.88","732.62","","-1.12%"
"Sep 30, 2009","745.06","731.13","747.16","730.73","","+2.06%"
"Sep 29, 2009","730.04","733.97","735.44","726.27","","0.00%"
"Sep 28, 2009","730.06","754.52","754.52","726.22","","-4.49%"
"Sep 25, 2009","764.42","769.17","769.42","761.49","","-1.68%"
"Sep 24, 2009","777.48","768.03","781.15","766.29","","+1.58%"
"Sep 18, 2009","765.37","776.65","776.65","755.92","","-1.75%"
"Sep 17, 2009","779.02","780.28","783.65","770.83","","+0.99%"
"Sep 16, 2009","771.42","767.51","784.94","765.58","","+1.10%"
"Sep 15, 2009","763.01","777.29","779.29","762.49","","-1.35%"
"Sep 14, 2009","773.49","794.28","795.03","771.52","","-3.59%"
"Sep 11, 2009","802.30","803.94","809.05","796.33","","+0.23%"
"Sep 10, 2009","800.47","796.70","801.20","794.38","","+1.17%"
"Sep 09, 2009","791.20","798.35","802.18","785.34","","-0.87%"
"Sep 08, 2009","798.11","795.84","798.11","784.34","","+0.86%"
"Sep 07, 2009","791.27","794.14","798.90","786.59","","+0.96%"
"Sep 04, 2009","783.74","803.76","803.76","781.80","","-2.36%"
"Sep 03, 2009","802.71","808.94","809.98","799.99","","-1.31%"
"Sep 02, 2009","813.36","819.92","819.92","808.01","","-2.25%"
"Sep 01, 2009","832.04","823.51","835.71","820.29","","+0.99%"
"Aug 31, 2009","823.87","840.35","848.48","819.15","","-1.24%"
"Aug 28, 2009","834.20","838.62","838.65","829.23","","-0.14%"
"Aug 27, 2009","835.34","844.28","847.01","825.42","","-1.81%"
"Aug 26, 2009","850.76","847.10","852.99","841.84","","+0.92%"
"Aug 25, 2009","842.98","840.81","851.90","839.28","","+0.14%"
"Aug 24, 2009","841.81","832.75","843.92","831.68","","+2.60%"
"Aug 21, 2009","820.51","836.52","837.35","810.46","","-2.37%"
"Aug 20, 2009","840.44","826.29","841.51","816.36","","+2.43%"
"Aug 19, 2009","820.52","834.39","839.82","818.07","","-1.54%"
"Aug 18, 2009","833.37","821.70","837.53","821.70","","+0.35%"
"Aug 17, 2009","830.46","849.46","849.69","830.03","","-2.55%"
"Aug 14, 2009","852.18","852.33","857.10","849.63","","+0.32%"
"Aug 13, 2009","849.46","847.03","851.89","843.45","","+0.91%"
"Aug 12, 2009","841.76","843.35","854.70","837.14","","-0.21%"
"Aug 11, 2009","843.56","819.66","844.16","818.47","","+3.11%"
"Aug 10, 2009","818.11","816.87","820.96","812.95","","+1.26%"
"Aug 07, 2009","807.96","807.31","811.82","793.07","","-0.22%"
"Aug 06, 2009","809.73","792.08","811.03","790.81","","+2.67%"
"Aug 05, 2009","788.67","806.97","807.28","787.58","","-1.74%"
"Aug 04, 2009","802.67","821.37","824.35","800.36","","-1.02%"
"Aug 03, 2009","810.96","811.58","813.73","803.66","","-0.30%"
"Jul 31, 2009","813.43","811.16","817.81","807.45","","+1.35%"
"Jul 30, 2009","802.56","794.88","806.85","791.23","","+1.23%"
"Jul 29, 2009","792.81","793.81","800.56","789.15","","-1.24%"
"Jul 28, 2009","802.76","811.60","811.60","794.20","","-0.73%"
"Jul 27, 2009","808.66","815.46","823.45","807.16","","+0.19%"
"Jul 24, 2009","807.15","813.84","817.58","802.51","","+0.51%"
"Jul 23, 2009","803.09","783.38","809.15","783.38","","+2.03%"
"Jul 22, 2009","787.13","785.02","790.81","777.78","","+0.24%"
"Jul 21, 2009","785.23","769.67","786.03","769.08","","+3.33%"
"Jul 17, 2009","759.94","750.49","761.07","748.61","","+2.44%"
"Jul 16, 2009","741.84","747.90","758.38","740.74","","+0.84%"
"Jul 15, 2009","735.66","741.97","752.52","732.16","","+0.17%"
"Jul 14, 2009","734.44","713.05","739.96","713.05","","+4.61%"
"Jul 13, 2009","702.09","734.53","735.81","697.52","","-5.24%"
"Jul 10, 2009","740.91","742.06","754.45","737.57","","+0.77%"
"Jul 09, 2009","735.22","735.30","749.09","725.86","","-1.09%"
"Jul 08, 2009","743.31","763.01","763.09","741.01","","-3.98%"
"Jul 07, 2009","774.09","785.06","791.62","769.23","","-1.53%"
"Jul 06, 2009","786.12","795.85","802.22","784.24","","-1.88%"
"Jul 03, 2009","801.22","787.01","802.88","783.36","","+0.16%"
"Jul 02, 2009","799.95","801.92","805.28","798.24","","+0.86%"
"Jul 01, 2009","793.12","783.24","804.56","783.24","","+0.70%"
"Jun 30, 2009","787.57","780.48","790.53","780.19","","+2.19%"
"Jun 29, 2009","770.66","778.91","788.16","768.05","","-1.01%"
"Jun 26, 2009","778.52","772.28","781.30","769.83","","+1.90%"
"Jun 25, 2009","764.03","737.74","771.28","737.74","","+4.12%"
"Jun 24, 2009","733.83","730.08","737.23","727.03","","+0.52%"
"Jun 23, 2009","730.02","744.22","744.59","726.66","","-3.31%"
"Jun 22, 2009","755.00","757.83","762.60","748.22","","-0.10%"
"Jun 19, 2009","755.78","762.68","770.26","748.69","","+0.18%"
"Jun 18, 2009","754.43","761.97","762.02","745.72","","-1.25%"
"Jun 17, 2009","763.97","743.04","765.75","743.04","","+2.37%"
"Jun 16, 2009","746.27","761.57","763.30","744.72","","-3.33%"
"Jun 15, 2009","771.97","781.10","783.37","771.74","","-0.70%"
"Jun 12, 2009","777.42","770.86","783.77","770.31","","+1.40%"
"Jun 11, 2009","766.70","762.94","768.54","758.72","","+0.13%"
"Jun 10, 2009","765.70","758.80","767.32","753.44","","+1.20%"
"Jun 09, 2009","756.60","763.06","766.04","753.56","","-1.34%"
"Jun 08, 2009","766.86","762.82","768.60","762.38","","+1.58%"
"Jun 05, 2009","754.94","757.56","762.04","750.92","","+0.61%"
"Jun 04, 2009","750.33","743.03","756.57","742.01","","+0.57%"
"Jun 03, 2009","746.06","728.46","750.65","728.39","","+3.05%"
"Jun 02, 2009","723.98","728.45","736.03","722.91","","+0.76%"
"Jun 01, 2009","718.55","708.03","719.71","706.54","","+1.51%"
"May 29, 2009","707.86","705.43","708.66","701.45","","+1.20%"
"May 28, 2009","699.48","681.03","701.46","681.03","","+1.98%"
"May 27, 2009","685.93","687.50","690.46","683.62","","+1.31%"
"May 26, 2009","677.09","679.02","680.39","671.17","","+0.12%"
"May 25, 2009","676.25","680.53","683.16","673.65","","-0.45%"
"May 22, 2009","679.32","672.55","683.63","669.89","","-0.36%"
"May 21, 2009","681.79","681.79","682.38","676.14","","-0.43%"
"May 20, 2009","684.71","694.25","697.51","682.06","","-0.47%"
"May 19, 2009","687.93","668.07","697.23","668.00","","+4.65%"
"May 18, 2009","657.37","675.53","675.53","655.71","","-3.99%"
"May 15, 2009","684.69","669.48","685.77","666.74","","+3.22%"
"May 14, 2009","663.31","675.20","676.09","660.75","","-3.31%"
"May 13, 2009","686.00","690.68","692.30","676.59","","-1.14%"
"May 12, 2009","693.94","676.25","699.82","676.25","","+2.68%"
"May 11, 2009","675.83","698.23","701.29","675.00","","-2.34%"
"May 08, 2009","692.04","680.15","694.27","679.51","","+1.59%"
"May 07, 2009","681.23","657.93","685.08","657.91","","+5.27%"
"May 01, 2009","647.10","644.62","651.58","636.52","","+0.49%"
"Apr 30, 2009","643.95","635.62","653.12","635.53","","+2.94%"
"Apr 28, 2009","625.56","665.73","670.90","625.56","","-6.32%"
"Apr 27, 2009","667.79","680.39","680.39","661.54","","-0.67%"
"Apr 24, 2009","672.30","670.20","687.36","664.17","","+0.35%"
"Apr 23, 2009","669.96","671.87","674.03","653.03","","+0.15%"
"Apr 22, 2009","668.95","665.51","671.82","657.89","","+1.06%"
"Apr 21, 2009","661.94","665.48","665.60","647.10","","-2.26%"
"Apr 20, 2009","677.28","665.12","679.44","660.77","","+1.72%"
"Apr 17, 2009","665.86","653.65","670.26","653.22","","+3.32%"
"Apr 16, 2009","644.47","643.24","664.50","641.49","","+1.58%"
"Apr 15, 2009","634.43","650.71","651.04","626.96","","-3.76%"
"Apr 14, 2009","659.21","675.39","678.33","652.09","","-2.01%"
"Apr 13, 2009","672.72","670.76","680.54","660.80","","+0.35%"
"Apr 10, 2009","670.37","679.94","683.98","658.75","","-0.18%"
"Apr 09, 2009","671.58","644.07","673.09","644.07","","+5.41%"
"Apr 08, 2009","637.09","651.45","651.85","633.15","","-3.57%"
"Apr 07, 2009","660.66","672.67","681.84","657.27","","-1.18%"
"Apr 06, 2009","668.56","668.55","684.34","665.01","","+1.60%"
"Apr 03, 2009","658.02","650.97","660.02","645.07","","+2.74%"
"Apr 02, 2009","640.45","624.52","640.45","622.81","","+4.06%"
"Apr 01, 2009","615.46","596.53","615.46","588.19","","+3.71%"
"Mar 31, 2009","593.47","604.34","619.70","589.66","","-1.98%"
"Mar 30, 2009","605.48","638.39","642.03","603.73","","-4.68%"
"Mar 27, 2009","635.21","634.02","648.78","632.20","","+1.11%"
"Mar 26, 2009","628.26","613.50","628.32","608.91","","+1.51%"
"Mar 25, 2009","618.90","630.78","631.13","613.43","","-2.00%"
"Mar 24, 2009","631.53","616.73","632.77","616.73","","+4.10%"
"Mar 23, 2009","606.66","579.96","606.66","577.86","","+5.07%"
"Mar 19, 2009","577.38","584.46","587.54","568.80","","-0.37%"
"Mar 18, 2009","579.54","579.62","588.12","572.52","","+1.03%"
"Mar 17, 2009","573.61","568.27","575.16","563.22","","+1.96%"
"Mar 16, 2009","562.61","556.01","571.18","556.01","","+2.17%"
"Mar 13, 2009","550.67","544.87","553.95","544.42","","+2.11%"
"Mar 12, 2009","539.31","543.56","551.38","538.51","","-1.38%"
"Mar 11, 2009","546.83","536.68","549.30","536.68","","+3.55%"
"Mar 10, 2009","528.09","527.16","531.66","525.53","","-0.13%"
"Mar 09, 2009","528.78","521.90","533.74","521.83","","+1.96%"
"Mar 06, 2009","518.64","527.96","530.74","516.21","","-3.26%"
"Mar 05, 2009","536.14","536.03","544.27","533.42","","+0.55%"
"Mar 04, 2009","533.19","509.39","536.96","508.12","","+3.99%"
"Mar 03, 2009","512.74","505.25","519.00","499.72","","+0.14%"
"Mar 02, 2009","512.01","513.82","517.86","507.85","","-1.86%"
"Feb 27, 2009","521.70","529.04","529.73","517.38","","-2.13%"
"Feb 26, 2009","533.04","523.05","546.61","522.57","","+2.34%"
"Feb 25, 2009","520.86","518.68","524.41","508.05","","+2.07%"
"Feb 24, 2009","510.30","500.07","510.52","493.27","","+0.41%"
"Feb 23, 2009","508.22","509.32","512.50","493.44","","-1.70%"
"Feb 20, 2009","517.01","526.73","528.18","514.00","","-1.43%"
"Feb 19, 2009","524.52","523.83","527.27","515.05","","+0.36%"
"Feb 18, 2009","522.62","509.41","526.51","508.52","","+1.90%"
"Feb 17, 2009","512.89","524.06","525.62","510.07","","-2.87%"
"Feb 16, 2009","528.07","529.65","531.03","522.92","","-0.58%"
"Feb 13, 2009","531.14","535.32","536.18","523.83","","-0.25%"
"Feb 12, 2009","532.48","531.56","540.42","527.16","","-1.06%"
"Feb 10, 2009","538.19","538.12","544.90","534.25","","+1.19%"
"Feb 09, 2009","531.86","561.41","561.52","531.86","","-4.88%"
"Feb 06, 2009","559.15","560.74","570.90","556.17","","+1.44%"
"Feb 05, 2009","551.23","551.13","566.10","543.07","","-0.93%"
"Feb 04, 2009","556.41","528.84","559.16","528.37","","+6.63%"
"Feb 03, 2009","521.79","523.83","538.27","521.43","","-0.11%"
"Feb 02, 2009","522.35","523.28","535.04","517.25","","-1.24%"
"Jan 30, 2009","528.91","543.26","543.26","525.41","","-4.41%"
"Jan 29, 2009","553.31","553.94","566.26","547.13","","+1.65%"
"Jan 28, 2009","544.33","531.07","548.58","521.26","","+2.84%"
"Jan 27, 2009","529.30","499.26","533.35","498.31","","+7.58%"
"Jan 26, 2009","492.02","508.90","509.59","492.02","","-4.33%"
"Jan 23, 2009","514.30","523.39","525.46","513.55","","-3.03%"
"Jan 22, 2009","530.38","539.26","540.20","517.97","","-0.46%"
"Jan 21, 2009","532.83","540.93","543.10","532.80","","-3.07%"
"Jan 20, 2009","549.72","562.16","562.16","542.39","","-2.92%"
"Jan 19, 2009","566.28","574.03","581.39","566.06","","-0.16%"
"Jan 16, 2009","567.18","551.51","569.52","550.40","","+4.65%"
"Jan 15, 2009","541.96","549.78","549.92","537.57","","-3.24%"
"Jan 14, 2009","560.11","557.22","564.34","552.06","","+1.67%"
"Jan 13, 2009","550.90","574.32","574.47","550.67","","-5.67%"
"Jan 09, 2009","583.99","598.49","604.34","578.12","","-1.72%"
"Jan 08, 2009","594.19","614.59","616.85","592.79","","-4.65%"
"Jan 07, 2009","623.16","608.40","631.08","607.94","","+3.14%"
"Jan 06, 2009","604.20","566.84","606.77","566.21","","+7.71%"
"Jan 05, 2009","560.96","558.57","566.12","558.41","","+2.11%"
"Dec 30, 2008","549.39","541.23","549.71","539.09","","+1.30%"
"Dec 29, 2008","542.35","534.59","543.14","528.99","","+1.35%"
"Dec 26, 2008","535.15","526.18","535.15","525.19","","+2.55%"
"Dec 25, 2008","521.86","512.66","521.86","512.20","","+0.98%"
"Dec 24, 2008","516.80","519.27","519.27","512.13","","-1.43%"
"Dec 22, 2008","524.31","519.81","524.94","516.75","","+1.40%"
"Dec 19, 2008","517.09","515.21","525.09","509.11","","-0.67%"
"Dec 18, 2008","520.56","525.82","533.13","517.35","","-0.84%"
"Dec 17, 2008","524.97","545.83","547.67","511.97","","-2.82%"
"Dec 16, 2008","540.23","555.96","555.96","537.87","","-4.29%"
"Dec 15, 2008","564.46","539.96","567.81","539.59","","+6.16%"
"Dec 12, 2008","531.69","553.81","556.64","519.31","","-5.57%"
"Dec 11, 2008","563.07","552.86","563.07","544.46","","+2.47%"
"Dec 10, 2008","549.50","545.86","554.15","533.67","","+0.35%"
"Dec 09, 2008","547.60","542.21","556.21","541.50","","+1.63%"
"Dec 08, 2008","538.80","511.13","540.39","510.74","","+6.40%"
"Dec 05, 2008","506.39","514.20","516.51","504.11","","-1.20%"
"Dec 04, 2008","512.55","511.76","524.03","508.83","","+1.21%"
"Dec 03, 2008","506.40","512.33","517.36","501.30","","+0.22%"
"Dec 02, 2008","505.31","541.54","541.54","504.43","","-8.39%"
"Dec 01, 2008","551.60","564.21","564.30","549.18","","-1.79%"
"Nov 28, 2008","561.68","552.10","563.61","548.60","","+2.45%"
"Nov 27, 2008","548.25","534.74","552.33","534.74","","+3.50%"
"Nov 26, 2008","529.72","529.69","538.05","523.93","","-1.14%"
"Nov 25, 2008","535.81","529.36","544.69","517.67","","+2.90%"
"Nov 21, 2008","520.71","492.02","526.81","474.07","","+4.29%"
"Nov 20, 2008","499.30","534.42","534.53","499.30","","-8.17%"
"Nov 19, 2008","543.70","554.36","560.19","535.69","","-1.63%"
"Nov 18, 2008","552.71","563.98","565.34","552.32","","-3.23%"
"Nov 17, 2008","571.15","549.46","588.28","540.90","","+3.06%"
"Nov 14, 2008","554.19","559.59","580.49","550.52","","+1.08%"
"Nov 13, 2008","548.29","576.52","576.99","541.13","","-6.51%"
"Nov 12, 2008","586.50","601.71","601.77","583.75","","-4.19%"
"Nov 11, 2008","612.18","628.81","629.50","604.40","","-3.89%"
"Nov 10, 2008","636.99","603.87","638.73","603.87","","+7.39%"
"Nov 07, 2008","593.15","615.59","615.59","562.24","","-5.34%"
"Nov 06, 2008","626.61","657.99","657.99","616.42","","-6.28%"
"Nov 05, 2008","668.62","628.84","670.32","628.67","","+8.11%"
"Nov 04, 2008","618.46","595.62","621.62","591.26","","+4.12%"
"Oct 31, 2008","593.99","608.63","618.48","592.60","","-2.00%"
"Oct 30, 2008","606.09","561.68","606.58","559.87","","+8.39%"
"Oct 29, 2008","559.20","525.92","565.88","525.92","","+8.04%"
"Oct 28, 2008","517.57","471.35","519.49","462.87","","+9.46%"
"Oct 27, 2008","472.86","501.27","529.59","471.99","","-5.73%"
"Oct 24, 2008","501.60","565.10","565.10","501.60","","-12.59%"
"Oct 23, 2008","573.83","593.87","593.87","543.94","","-5.00%"
"Oct 22, 2008","604.03","641.91","641.91","604.03","","-7.15%"
"Oct 21, 2008","650.55","642.80","657.81","635.61","","+3.06%"
"Oct 20, 2008","631.25","609.52","635.04","599.41","","+5.10%"
"Oct 17, 2008","600.64","591.71","614.61","588.35","","+3.22%"
"Oct 16, 2008","581.92","650.43","650.44","581.53","","-12.06%"
"Oct 15, 2008","661.73","673.55","673.81","636.41","","-2.80%"
"Oct 14, 2008","680.82","605.62","682.48","605.62","","+14.36%"
"Oct 10, 2008","595.35","620.38","620.38","570.84","","-5.60%"
"Oct 09, 2008","630.64","619.36","650.78","615.64","","+1.39%"
"Oct 08, 2008","621.98","679.98","681.43","615.66","","-9.95%"
"Oct 07, 2008","690.68","701.61","704.06","664.98","","-3.12%"
"Oct 06, 2008","712.92","743.23","744.63","707.24","","-5.22%"
"Oct 03, 2008","752.16","785.81","785.81","743.56","","-5.56%"
"Oct 02, 2008","796.40","836.40","836.48","792.46","","-4.01%"
"Oct 01, 2008","829.70","838.34","843.30","823.27","","-0.14%"
"Sep 30, 2008","830.90","842.72","842.72","813.60","","-2.86%"
"Sep 29, 2008","855.38","877.90","880.41","853.56","","-2.43%"
"Sep 26, 2008","876.70","890.43","895.62","867.78","","-1.48%"
"Sep 25, 2008","889.88","898.21","898.95","884.69","","-1.95%"
"Sep 24, 2008","907.55","908.64","911.14","895.65","","-1.01%"
"Sep 22, 2008","916.78","906.71","927.71","906.28","","+2.37%"
"Sep 19, 2008","895.52","855.03","895.52","853.58","","+6.14%"
"Sep 18, 2008","843.70","832.30","845.85","822.96","","-0.32%"
"Sep 17, 2008","846.45","851.79","869.33","842.68","","+0.39%"
"Sep 16, 2008","843.14","878.02","878.20","836.24","","-5.47%"
"Sep 12, 2008","891.91","898.05","898.05","879.06","","+0.13%"
"Sep 11, 2008","890.71","900.23","900.96","885.01","","-2.12%"
"Sep 10, 2008","909.97","930.88","931.19","902.31","","-3.54%"
"Sep 09, 2008","943.34","952.10","954.00","937.55","","-1.99%"
"Sep 08, 2008","962.50","945.10","967.54","944.76","","+3.44%"
"Sep 05, 2008","930.48","927.77","933.83","913.61","","-1.43%"
"Sep 04, 2008","944.02","974.87","974.87","937.38","","-4.39%"
"Sep 03, 2008","987.38","995.91","999.37","985.02","","-0.23%"
"Sep 02, 2008","989.65","1,003.75","1,011.40","977.08","","-2.24%"
"Sep 01, 2008","1,012.30","1,013.41","1,017.98","1,006.66","","-1.15%"
"Aug 29, 2008","1,024.04","1,023.92","1,027.73","1,015.45","","+1.42%"
"Aug 28, 2008","1,009.66","1,014.46","1,018.19","999.81","","+0.20%"
"Aug 27, 2008","1,007.67","1,017.02","1,024.99","1,005.17","","-1.07%"
"Aug 26, 2008","1,018.60","1,000.68","1,022.23","999.64","","+0.51%"
"Aug 25, 2008","1,013.46","1,000.93","1,019.19","1,000.90","","+2.44%"
"Aug 22, 2008","989.30","1,005.08","1,005.08","986.22","","-1.23%"
"Aug 21, 2008","1,001.67","1,005.26","1,011.35","998.08","","+0.03%"
"Aug 20, 2008","1,001.33","994.31","1,003.10","990.59","","-0.07%"
"Aug 19, 2008","1,002.00","1,011.30","1,011.30","995.07","","-2.38%"
"Aug 18, 2008","1,026.42","1,012.32","1,035.59","1,011.73","","+1.09%"
"Aug 15, 2008","1,015.33","1,018.59","1,021.87","1,006.49","","+0.22%"
"Aug 14, 2008","1,013.09","1,009.05","1,023.79","1,008.22","","-0.25%"
"Aug 13, 2008","1,015.65","1,030.13","1,030.13","1,008.00","","-2.63%"
"Aug 12, 2008","1,043.08","1,053.49","1,054.08","1,042.52","","-0.97%"
"Aug 11, 2008","1,053.25","1,041.61","1,057.13","1,041.61","","+2.14%"
"Aug 08, 2008","1,031.18","1,014.80","1,039.86","1,006.07","","+0.36%"
"Aug 07, 2008","1,027.43","1,031.93","1,039.80","1,023.36","","-0.41%"
"Aug 06, 2008","1,031.68","990.95","1,031.68","990.95","","+5.78%"
"Aug 05, 2008","975.34","987.05","995.84","973.31","","-1.10%"
"Aug 04, 2008","986.22","1,010.57","1,020.88","984.54","","-2.84%"
"Aug 01, 2008","1,015.03","1,045.91","1,045.99","1,012.97","","-4.21%"
"Jul 31, 2008","1,059.66","1,071.85","1,074.73","1,047.24","","-0.81%"
"Jul 30, 2008","1,068.35","1,067.65","1,071.38","1,059.80","","+0.56%"
"Jul 29, 2008","1,062.43","1,063.56","1,065.72","1,054.86","","-1.20%"
"Jul 28, 2008","1,075.36","1,090.03","1,094.22","1,069.78","","-0.53%"
"Jul 25, 2008","1,081.06","1,090.95","1,093.22","1,076.28","","-2.41%"
"Jul 24, 2008","1,107.78","1,093.06","1,107.78","1,090.61","","+2.30%"
"Jul 23, 2008","1,082.83","1,077.59","1,091.72","1,075.61","","+1.52%"
"Jul 22, 2008","1,066.62","1,057.15","1,066.62","1,045.32","","+2.46%"
"Jul 18, 2008","1,041.01","1,066.61","1,066.61","1,037.43","","-1.53%"
"Jul 17, 2008","1,057.14","1,046.42","1,063.64","1,046.24","","+2.72%"
"Jul 16, 2008","1,029.19","1,024.83","1,033.60","1,009.86","","+0.34%"
"Jul 15, 2008","1,025.72","1,043.14","1,043.14","1,021.93","","-2.86%"
"Jul 14, 2008","1,055.90","1,061.79","1,076.41","1,054.10","","-0.17%"
"Jul 11, 2008","1,057.65","1,065.01","1,067.18","1,046.30","","-0.90%"
"Jul 10, 2008","1,067.26","1,059.29","1,078.28","1,055.68","","+0.10%"
"Jul 09, 2008","1,066.15","1,093.38","1,105.46","1,066.07","","-1.41%"
"Jul 08, 2008","1,081.38","1,113.33","1,115.74","1,072.67","","-2.71%"
"Jul 07, 2008","1,111.45","1,097.20","1,114.67","1,085.25","","+1.57%"
"Jul 04, 2008","1,094.27","1,092.89","1,103.36","1,086.42","","+1.17%"
"Jul 03, 2008","1,081.57","1,102.21","1,102.21","1,075.19","","-3.35%"
"Jul 02, 2008","1,119.04","1,139.94","1,140.46","1,115.14","","-1.77%"
"Jul 01, 2008","1,139.26","1,144.30","1,157.69","1,137.14","","-1.09%"
"Jun 30, 2008","1,151.78","1,174.01","1,178.22","1,149.39","","-1.54%"
"Jun 27, 2008","1,169.82","1,178.89","1,179.11","1,158.61","","-2.33%"
"Jun 26, 2008","1,197.77","1,206.15","1,214.20","1,189.61","","+0.17%"
"Jun 25, 2008","1,195.79","1,186.35","1,200.33","1,172.04","","+1.10%"
"Jun 24, 2008","1,182.76","1,172.69","1,185.29","1,167.65","","+0.38%"
"Jun 23, 2008","1,178.26","1,179.98","1,183.09","1,159.34","","-0.70%"
"Jun 20, 2008","1,186.51","1,221.92","1,221.92","1,184.08","","-2.76%"
"Jun 19, 2008","1,220.24","1,239.86","1,239.86","1,211.72","","-2.08%"
"Jun 18, 2008","1,246.15","1,220.95","1,246.17","1,220.95","","+1.99%"
"Jun 17, 2008","1,221.82","1,232.25","1,232.25","1,213.59","","-0.99%"
"Jun 16, 2008","1,234.04","1,245.19","1,246.66","1,219.94","","-0.57%"
"Jun 13, 2008","1,241.06","1,240.48","1,250.90","1,223.78","","+0.78%"
"Jun 12, 2008","1,231.43","1,240.53","1,240.53","1,224.14","","-1.97%"
"Jun 11, 2008","1,256.17","1,234.50","1,258.30","1,230.48","","+2.43%"
"Jun 10, 2008","1,226.38","1,251.36","1,259.58","1,223.47","","-1.01%"
"Jun 09, 2008","1,238.92","1,236.80","1,247.70","1,217.84","","-1.49%"
"Jun 06, 2008","1,257.71","1,269.49","1,272.78","1,253.28","","-0.22%"
"Jun 05, 2008","1,260.52","1,228.30","1,260.52","1,226.02","","+2.82%"
"Jun 04, 2008","1,225.99","1,209.47","1,225.99","1,202.50","","+2.22%"
"Jun 03, 2008","1,199.34","1,204.09","1,210.76","1,193.08","","-1.35%"
"Jun 02, 2008","1,215.80","1,212.01","1,218.26","1,196.45","","+0.01%"
"May 30, 2008","1,215.64","1,200.35","1,216.11","1,200.35","","+1.70%"
"May 29, 2008","1,195.37","1,165.38","1,195.37","1,165.38","","+3.31%"
"May 28, 2008","1,157.03","1,169.32","1,177.33","1,153.04","","-0.79%"
"May 27, 2008","1,166.21","1,161.50","1,167.72","1,152.71","","+0.81%"
"May 26, 2008","1,156.83","1,179.77","1,179.77","1,153.74","","-3.07%"
"May 23, 2008","1,193.41","1,193.05","1,205.30","1,188.20","","+0.69%"
"May 22, 2008","1,185.29","1,164.72","1,186.22","1,149.41","","+0.36%"
"May 21, 2008","1,181.08","1,189.48","1,196.72","1,176.05","","-1.48%"
"May 20, 2008","1,198.79","1,196.24","1,203.53","1,191.81","","+0.60%"
"May 19, 2008","1,191.69","1,191.33","1,196.17","1,182.24","","+0.81%"
"May 16, 2008","1,182.16","1,186.05","1,194.65","1,174.05","","+0.51%"
"May 15, 2008","1,176.17","1,167.97","1,181.83","1,163.67","","+1.59%"
"May 14, 2008","1,157.73","1,161.23","1,161.23","1,138.16","","-0.16%"
"May 13, 2008","1,159.58","1,157.64","1,162.16","1,148.57","","+0.45%"
"May 12, 2008","1,154.33","1,137.30","1,157.34","1,127.26","","+0.18%"
"May 09, 2008","1,152.22","1,182.05","1,184.57","1,145.44","","-2.43%"
"May 08, 2008","1,180.97","1,181.11","1,187.79","1,175.29","","-0.36%"
"May 07, 2008","1,185.23","1,185.44","1,194.38","1,179.85","","+0.80%"
"May 02, 2008","1,175.88","1,166.80","1,176.93","1,165.89","","+1.92%"
"May 01, 2008","1,153.75","1,134.63","1,169.40","1,134.06","","+2.19%"
"Apr 30, 2008","1,128.97","1,123.15","1,142.61","1,118.32","","-0.11%"
"Apr 28, 2008","1,130.25","1,132.11","1,135.68","1,116.90","","+0.60%"
"Apr 25, 2008","1,123.53","1,125.79","1,133.74","1,117.22","","+0.50%"
"Apr 24, 2008","1,117.99","1,125.29","1,133.55","1,115.39","","-0.08%"
"Apr 23, 2008","1,118.88","1,108.84","1,129.07","1,108.72","","+0.28%"
"Apr 22, 2008","1,115.74","1,117.64","1,126.43","1,113.19","","-1.35%"
"Apr 21, 2008","1,131.02","1,134.15","1,138.32","1,126.82","","+0.91%"
"Apr 18, 2008","1,120.87","1,115.56","1,121.96","1,105.60","","+1.16%"
"Apr 17, 2008","1,108.02","1,108.22","1,120.09","1,104.03","","+1.64%"
"Apr 16, 2008","1,090.19","1,084.09","1,092.75","1,080.03","","+2.04%"
"Apr 15, 2008","1,068.37","1,077.09","1,077.29","1,055.35","","-0.61%"
"Apr 14, 2008","1,074.89","1,074.44","1,075.23","1,060.86","","-1.68%"
"Apr 11, 2008","1,093.27","1,068.39","1,094.72","1,066.08","","+2.84%"
"Apr 10, 2008","1,063.12","1,083.56","1,083.56","1,053.21","","-2.82%"
"Apr 09, 2008","1,093.92","1,118.06","1,122.21","1,083.49","","-2.25%"
"Apr 08, 2008","1,119.05","1,147.35","1,150.55","1,114.96","","-3.12%"
"Apr 07, 2008","1,155.09","1,129.85","1,156.88","1,129.39","","+2.49%"
"Apr 04, 2008","1,127.07","1,121.95","1,135.58","1,118.86","","+0.10%"
"Apr 03, 2008","1,125.97","1,109.23","1,127.37","1,102.64","","+1.90%"
"Apr 02, 2008","1,104.96","1,084.52","1,105.95","1,084.52","","+3.59%"
"Apr 01, 2008","1,066.62","1,065.12","1,074.53","1,055.57","","+0.92%"
"Mar 31, 2008","1,056.92","1,066.49","1,071.35","1,039.87","","-1.54%"
"Mar 28, 2008","1,073.49","1,060.04","1,082.72","1,049.78","","+1.40%"
"Mar 27, 2008","1,058.71","1,055.64","1,063.01","1,048.61","","-0.53%"
"Mar 26, 2008","1,064.31","1,052.22","1,065.68","1,052.22","","+0.21%"
"Mar 25, 2008","1,062.11","1,023.19","1,071.91","1,023.19","","+5.45%"
"Mar 24, 2008","1,007.26","1,015.07","1,018.38","1,004.00","","-0.34%"
"Mar 21, 2008","1,010.71","981.71","1,011.38","981.07","","+2.69%"
"Mar 19, 2008","984.23","980.29","998.32","976.67","","+2.11%"
"Mar 18, 2008","963.85","953.06","968.22","949.22","","+1.18%"
"Mar 17, 2008","952.62","977.34","982.64","941.36","","-3.62%"
"Mar 14, 2008","988.39","1,007.16","1,012.90","981.95","","-1.22%"
"Mar 13, 2008","1,000.57","1,026.86","1,029.40","993.01","","-2.98%"
"Mar 12, 2008","1,031.35","1,043.74","1,069.23","1,025.06","","+0.38%"
"Mar 11, 2008","1,027.40","996.14","1,028.72","983.27","","+1.61%"
"Mar 10, 2008","1,011.10","1,034.67","1,037.23","1,006.35","","-2.71%"
"Mar 07, 2008","1,039.29","1,068.84","1,071.49","1,036.76","","-4.10%"
"Mar 06, 2008","1,083.67","1,071.61","1,100.06","1,068.11","","+1.49%"
"Mar 05, 2008","1,067.71","1,085.03","1,086.09","1,060.55","","-1.96%"
"Mar 04, 2008","1,089.09","1,106.21","1,107.79","1,082.42","","-0.89%"
"Mar 03, 2008","1,098.91","1,136.25","1,136.25","1,098.91","","-4.83%"
"Feb 29, 2008","1,154.68","1,169.81","1,172.04","1,144.10","","-2.79%"
"Feb 28, 2008","1,187.82","1,176.27","1,189.23","1,172.70","","-0.30%"
"Feb 27, 2008","1,191.45","1,189.77","1,197.41","1,186.16","","+1.33%"
"Feb 26, 2008","1,175.85","1,179.73","1,189.32","1,173.08","","+1.01%"
"Feb 25, 2008","1,164.07","1,129.67","1,167.89","1,129.67","","+3.43%"
"Feb 22, 2008","1,125.42","1,128.68","1,132.44","1,116.07","","-1.46%"
"Feb 21, 2008","1,142.10","1,140.50","1,147.06","1,129.02","","+1.43%"
"Feb 20, 2008","1,126.05","1,166.20","1,166.20","1,126.05","","-3.23%"
"Feb 19, 2008","1,163.61","1,180.91","1,181.71","1,158.96","","-0.47%"
"Feb 18, 2008","1,169.05","1,168.54","1,184.12","1,162.53","","-0.16%"
"Feb 15, 2008","1,170.89","1,165.39","1,172.82","1,149.26","","-0.97%"
"Feb 14, 2008","1,182.38","1,143.65","1,182.38","1,143.60","","+4.89%"
"Feb 13, 2008","1,127.24","1,124.92","1,148.00","1,121.90","","+1.67%"
"Feb 12, 2008","1,108.76","1,123.29","1,125.10","1,104.18","","-1.55%"
"Feb 08, 2008","1,126.25","1,136.36","1,146.77","1,124.72","","-1.51%"
"Feb 07, 2008","1,143.47","1,144.43","1,152.74","1,130.16","","+0.08%"
"Feb 06, 2008","1,142.50","1,185.06","1,185.28","1,142.50","","-5.10%"
"Feb 05, 2008","1,203.87","1,220.48","1,220.48","1,200.76","","-1.91%"
"Feb 04, 2008","1,227.28","1,234.51","1,241.98","1,222.15","","+0.41%"
"Feb 01, 2008","1,222.24","1,213.56","1,227.23","1,204.82","","+1.44%"
"Jan 31, 2008","1,204.92","1,164.25","1,209.13","1,155.30","","+2.19%"
"Jan 30, 2008","1,179.14","1,188.28","1,203.16","1,171.46","","-0.52%"
"Jan 29, 2008","1,185.27","1,160.44","1,185.27","1,152.40","","+3.72%"
"Jan 28, 2008","1,142.71","1,180.04","1,180.76","1,139.84","","-4.47%"
"Jan 25, 2008","1,196.15","1,154.74","1,197.15","1,152.54","","+4.85%"
"Jan 24, 2008","1,140.81","1,119.25","1,149.98","1,119.04","","+2.16%"
"Jan 23, 2008","1,116.71","1,103.11","1,134.97","1,095.25","","+2.89%"
"Jan 22, 2008","1,085.34","1,130.50","1,130.50","1,085.34","","-5.44%"
"Jan 21, 2008","1,147.75","1,183.13","1,184.54","1,144.19","","-4.23%"
"Jan 18, 2008","1,198.47","1,159.65","1,199.40","1,138.78","","+1.72%"
"Jan 17, 2008","1,178.23","1,144.96","1,181.64","1,143.09","","+3.44%"
"Jan 16, 2008","1,139.08","1,173.34","1,177.01","1,135.63","","-4.13%"
"Jan 15, 2008","1,188.20","1,222.07","1,225.84","1,186.85","","-2.53%"
"Jan 11, 2008","1,219.07","1,250.33","1,252.91","1,215.51","","-2.31%"
"Jan 10, 2008","1,247.92","1,279.60","1,282.43","1,247.10","","-2.98%"
"Jan 09, 2008","1,286.29","1,254.78","1,288.09","1,249.13","","+1.59%"
"Jan 08, 2008","1,266.15","1,251.70","1,266.31","1,245.33","","+0.70%"
"Jan 07, 2008","1,257.36","1,280.91","1,282.63","1,250.34","","-2.81%"
"Jan 04, 2008","1,293.67","1,349.23","1,349.23","1,280.42","","-4.47%"
"Dec 28, 2007","1,354.14","1,353.01","1,357.41","1,347.53","","-1.58%"
"Dec 27, 2007","1,375.93","1,384.81","1,384.81","1,372.38","","-1.00%"
"Dec 26, 2007","1,389.82","1,379.61","1,389.82","1,374.69","","+1.47%"
"Dec 25, 2007","1,369.64","1,352.72","1,372.00","1,352.49","","+2.39%"
"Dec 21, 2007","1,337.69","1,319.44","1,339.87","1,305.69","","+1.73%"
"Dec 20, 2007","1,315.00","1,329.01","1,334.87","1,312.90","","-0.80%"
"Dec 19, 2007","1,325.63","1,331.49","1,345.11","1,325.63","","-0.88%"
"Dec 18, 2007","1,337.38","1,324.18","1,346.26","1,299.19","","-0.08%"
"Dec 17, 2007","1,338.43","1,368.90","1,372.31","1,335.50","","-2.07%"
"Dec 14, 2007","1,366.67","1,393.99","1,401.24","1,358.77","","-2.05%"
"Dec 13, 2007","1,395.21","1,425.90","1,431.50","1,395.21","","-3.04%"
"Dec 12, 2007","1,438.98","1,415.26","1,441.70","1,404.93","","+0.29%"
"Dec 11, 2007","1,434.82","1,432.35","1,461.22","1,426.24","","+1.21%"
"Dec 10, 2007","1,417.73","1,434.97","1,440.04","1,410.09","","-0.95%"
"Dec 07, 2007","1,431.27","1,425.20","1,437.70","1,425.11","","+1.17%"
"Dec 06, 2007","1,414.77","1,409.73","1,416.90","1,401.62","","+1.90%"
"Dec 05, 2007","1,388.45","1,383.47","1,388.45","1,371.41","","+0.14%"
"Dec 04, 2007","1,386.57","1,410.57","1,415.93","1,382.59","","-1.42%"
"Dec 03, 2007","1,406.55","1,427.08","1,434.76","1,400.14","","-1.09%"
"Nov 30, 2007","1,422.10","1,399.47","1,436.54","1,399.47","","+2.02%"
"Nov 29, 2007","1,393.89","1,341.57","1,398.54","1,341.57","","+5.54%"
"Nov 28, 2007","1,320.74","1,338.44","1,343.63","1,316.12","","-0.17%"
"Nov 27, 2007","1,323.05","1,312.13","1,341.36","1,297.22","","-0.48%"
"Nov 26, 2007","1,329.48","1,329.20","1,346.44","1,322.48","","+0.37%"
"Nov 22, 2007","1,324.62","1,333.73","1,347.85","1,303.05","","-2.00%"
"Nov 21, 2007","1,351.60","1,376.64","1,382.02","1,342.79","","-2.11%"
"Nov 20, 2007","1,380.69","1,349.20","1,384.41","1,326.90","","+1.28%"
"Nov 19, 2007","1,363.18","1,397.99","1,403.48","1,362.65","","-2.16%"
"Nov 16, 2007","1,393.34","1,400.65","1,400.87","1,381.84","","-1.78%"
"Nov 15, 2007","1,418.57","1,432.41","1,446.44","1,418.37","","-0.67%"
"Nov 14, 2007","1,428.20","1,411.08","1,434.94","1,410.23","","+2.45%"
"Nov 13, 2007","1,394.03","1,406.07","1,410.30","1,379.43","","-0.71%"
"Nov 12, 2007","1,403.93","1,421.83","1,421.83","1,383.37","","-2.57%"
"Nov 09, 2007","1,440.89","1,460.21","1,474.72","1,438.21","","-1.35%"
"Nov 08, 2007","1,460.55","1,469.87","1,471.33","1,442.31","","-2.15%"
"Nov 07, 2007","1,492.57","1,526.14","1,528.93","1,491.24","","-2.39%"
"Nov 06, 2007","1,529.09","1,520.69","1,540.36","1,518.20","","-0.60%"
"Nov 05, 2007","1,538.35","1,567.57","1,573.28","1,518.48","","-1.93%"
"Nov 02, 2007","1,568.57","1,577.32","1,585.07","1,563.31","","-2.06%"
"Nov 01, 2007","1,601.54","1,586.63","1,605.12","1,586.63","","+1.88%"
"Oct 31, 2007","1,571.91","1,574.33","1,575.14","1,555.82","","-0.53%"
"Oct 30, 2007","1,580.31","1,544.49","1,581.52","1,537.82","","+2.36%"
"Oct 29, 2007","1,543.94","1,529.44","1,550.07","1,528.60","","+1.18%"
"Oct 26, 2007","1,525.86","1,516.70","1,527.66","1,510.87","","+0.96%"
"Oct 25, 2007","1,511.40","1,514.28","1,520.84","1,503.67","","-0.67%"
"Oct 24, 2007","1,521.58","1,538.08","1,543.62","1,514.00","","-0.41%"
"Oct 23, 2007","1,527.88","1,530.98","1,540.71","1,526.59","","+0.79%"
"Oct 22, 2007","1,515.97","1,547.30","1,547.30","1,503.18","","-3.56%"
"Oct 19, 2007","1,571.96","1,594.41","1,594.41","1,563.16","","-2.27%"
"Oct 18, 2007","1,608.48","1,570.34","1,611.09","1,570.34","","+2.91%"
"Oct 17, 2007","1,562.97","1,577.75","1,580.32","1,540.23","","-0.99%"
"Oct 16, 2007","1,578.52","1,589.31","1,592.47","1,572.60","","-1.32%"
"Oct 15, 2007","1,599.70","1,610.90","1,614.33","1,592.39","","+0.01%"
"Oct 12, 2007","1,599.58","1,600.03","1,610.23","1,595.89","","-0.54%"
"Oct 11, 2007","1,608.31","1,581.30","1,609.06","1,570.78","","+1.91%"
"Oct 10, 2007","1,578.21","1,576.68","1,581.68","1,570.64","","+0.94%"
"Oct 09, 2007","1,563.52","1,571.70","1,571.70","1,556.84","","+0.16%"
"Oct 05, 2007","1,561.10","1,562.81","1,575.44","1,559.50","","-0.24%"
"Oct 04, 2007","1,564.82","1,568.58","1,572.76","1,557.68","","-0.71%"
"Oct 03, 2007","1,575.94","1,564.70","1,577.24","1,558.79","","+0.85%"
"Oct 02, 2007","1,562.62","1,560.04","1,567.65","1,557.07","","+1.74%"
"Oct 01, 2007","1,535.91","1,554.00","1,555.92","1,523.72","","-0.69%"
"Sep 28, 2007","1,546.58","1,560.79","1,563.89","1,543.23","","-0.42%"
"Sep 27, 2007","1,553.18","1,493.57","1,556.27","1,493.33","","+5.37%"
"Sep 26, 2007","1,473.96","1,461.49","1,474.52","1,461.49","","+1.22%"
"Sep 25, 2007","1,456.21","1,451.38","1,456.32","1,423.59","","+0.90%"
"Sep 21, 2007","1,443.22","1,438.55","1,443.22","1,429.25","","-0.65%"
"Sep 20, 2007","1,452.73","1,472.02","1,473.34","1,446.64","","-0.43%"
"Sep 19, 2007","1,459.07","1,432.26","1,459.87","1,430.95","","+3.32%"
"Sep 18, 2007","1,412.15","1,426.29","1,427.88","1,409.89","","-1.84%"
"Sep 14, 2007","1,438.65","1,418.32","1,441.49","1,416.39","","+2.00%"
"Sep 13, 2007","1,410.43","1,434.78","1,436.29","1,408.55","","-1.52%"
"Sep 12, 2007","1,432.16","1,454.64","1,458.81","1,427.92","","-0.87%"
"Sep 11, 2007","1,444.71","1,452.89","1,452.89","1,423.36","","-0.28%"
"Sep 10, 2007","1,448.82","1,466.85","1,467.51","1,439.67","","-2.63%"
"Sep 07, 2007","1,488.01","1,484.15","1,496.68","1,478.10","","-0.39%"
"Sep 06, 2007","1,493.86","1,480.59","1,493.86","1,460.74","","-0.30%"
"Sep 05, 2007","1,498.31","1,536.39","1,541.92","1,493.73","","-1.54%"
"Sep 04, 2007","1,521.78","1,518.68","1,531.38","1,517.00","","+0.11%"
"Sep 03, 2007","1,520.10","1,530.09","1,534.76","1,514.23","","-0.47%"
"Aug 31, 2007","1,527.23","1,495.71","1,527.51","1,491.79","","+2.39%"
"Aug 30, 2007","1,491.51","1,499.78","1,504.89","1,483.01","","+0.88%"
"Aug 29, 2007","1,478.55","1,494.13","1,494.13","1,460.09","","-2.45%"
"Aug 28, 2007","1,515.61","1,498.55","1,522.27","1,495.40","","+0.41%"
"Aug 27, 2007","1,509.43","1,520.41","1,530.48","1,503.90","","-0.03%"
"Aug 24, 2007","1,509.92","1,512.57","1,516.15","1,499.06","","-0.92%"
"Aug 23, 2007","1,523.87","1,518.70","1,535.94","1,511.84","","+1.67%"
"Aug 22, 2007","1,498.91","1,491.64","1,512.58","1,482.66","","-0.37%"
"Aug 21, 2007","1,504.51","1,465.29","1,521.67","1,465.29","","+3.21%"
"Aug 20, 2007","1,457.72","1,448.02","1,486.57","1,446.83","","+2.55%"
"Aug 17, 2007","1,421.45","1,528.32","1,529.37","1,419.67","","-7.82%"
"Aug 16, 2007","1,542.06","1,556.68","1,556.68","1,512.34","","-2.26%"
"Aug 15, 2007","1,577.64","1,574.28","1,603.68","1,571.81","","-1.12%"
"Aug 14, 2007","1,595.56","1,584.18","1,604.07","1,580.74","","+1.18%"
"Aug 13, 2007","1,576.92","1,598.71","1,601.24","1,564.68","","-1.12%"
"Aug 10, 2007","1,594.75","1,626.77","1,627.65","1,579.01","","-3.16%"
"Aug 09, 2007","1,646.71","1,630.61","1,647.61","1,628.16","","+1.04%"
"Aug 08, 2007","1,629.72","1,613.22","1,638.16","1,612.77","","+1.61%"
"Aug 07, 2007","1,603.88","1,615.72","1,642.90","1,602.38","","+0.38%"
"Aug 06, 2007","1,597.88","1,567.45","1,605.21","1,562.50","","+1.23%"
"Aug 03, 2007","1,578.52","1,591.19","1,593.34","1,566.93","","-0.98%"
"Aug 02, 2007","1,594.20","1,571.87","1,595.81","1,555.56","","+2.18%"
"Aug 01, 2007","1,560.19","1,600.60","1,600.60","1,558.34","","-3.52%"
"Jul 31, 2007","1,617.06","1,621.41","1,626.83","1,608.66","","+0.30%"
"Jul 30, 2007","1,612.23","1,565.24","1,612.30","1,562.81","","+2.96%"
"Jul 27, 2007","1,565.92","1,571.51","1,572.84","1,550.47","","-2.07%"
"Jul 26, 2007","1,599.01","1,673.06","1,673.07","1,597.85","","-5.43%"
"Jul 25, 2007","1,690.80","1,686.33","1,692.13","1,673.72","","-0.64%"
"Jul 24, 2007","1,701.75","1,693.56","1,703.30","1,677.43","","+0.65%"
"Jul 23, 2007","1,690.68","1,681.28","1,691.06","1,672.92","","-0.77%"
"Jul 20, 2007","1,703.86","1,696.60","1,710.40","1,692.86","","+0.81%"
"Jul 19, 2007","1,690.22","1,681.15","1,690.59","1,679.82","","+0.85%"
"Jul 18, 2007","1,676.05","1,683.62","1,684.15","1,665.87","","-0.64%"
"Jul 17, 2007","1,686.77","1,685.90","1,692.63","1,683.75","","+0.72%"
"Jul 13, 2007","1,674.63","1,677.72","1,683.14","1,670.69","","+0.83%"
"Jul 12, 2007","1,660.83","1,672.97","1,679.14","1,652.46","","-0.48%"
"Jul 11, 2007","1,668.90","1,658.01","1,673.40","1,654.59","","+0.04%"
"Jul 10, 2007","1,668.23","1,665.12","1,668.52","1,656.54","","+0.09%"
"Jul 09, 2007","1,666.69","1,657.65","1,672.46","1,654.25","","+1.35%"
"Jul 06, 2007","1,644.44","1,649.06","1,654.69","1,642.21","","-0.17%"
"Jul 05, 2007","1,647.16","1,649.97","1,661.30","1,644.64","","+0.06%"
"Jul 04, 2007","1,646.14","1,638.61","1,650.10","1,638.61","","+0.95%"
"Jul 03, 2007","1,630.66","1,640.01","1,644.59","1,625.23","","-0.67%"
"Jul 02, 2007","1,641.65","1,625.57","1,643.63","1,623.78","","+1.41%"
"Jun 29, 2007","1,618.83","1,599.99","1,624.81","1,595.74","","+1.56%"
"Jun 28, 2007","1,593.96","1,583.53","1,593.96","1,576.54","","+1.00%"
"Jun 27, 2007","1,578.22","1,592.45","1,593.76","1,572.45","","-1.48%"
"Jun 26, 2007","1,601.98","1,589.79","1,603.99","1,585.03","","+0.81%"
"Jun 25, 2007","1,589.15","1,593.48","1,601.66","1,587.71","","-0.64%"
"Jun 22, 2007","1,599.39","1,596.91","1,602.20","1,589.97","","-0.32%"
"Jun 21, 2007","1,604.46","1,590.14","1,608.15","1,585.66","","+0.21%"
"Jun 20, 2007","1,601.17","1,597.46","1,610.59","1,588.60","","+0.59%"
"Jun 19, 2007","1,591.72","1,593.58","1,595.34","1,581.67","","-0.30%"
"Jun 18, 2007","1,596.43","1,599.99","1,602.24","1,588.59","","+1.15%"
"Jun 15, 2007","1,578.23","1,558.24","1,579.54","1,557.24","","+2.47%"
"Jun 14, 2007","1,540.21","1,526.74","1,542.88","1,525.95","","+2.15%"
"Jun 13, 2007","1,507.77","1,510.63","1,511.71","1,494.22","","-1.08%"
"Jun 12, 2007","1,524.17","1,534.89","1,535.46","1,515.50","","-0.40%"
"Jun 11, 2007","1,530.36","1,544.42","1,546.25","1,527.08","","-0.16%"
"Jun 08, 2007","1,532.82","1,542.70","1,542.70","1,523.48","","-1.37%"
"Jun 07, 2007","1,554.10","1,544.88","1,555.05","1,543.89","","-0.24%"
"Jun 06, 2007","1,557.86","1,553.11","1,562.40","1,552.52","","-0.08%"
"Jun 05, 2007","1,559.13","1,566.89","1,568.54","1,553.61","","-0.23%"
"Jun 04, 2007","1,562.66","1,576.57","1,581.42","1,560.87","","-0.30%"
"Jun 01, 2007","1,567.31","1,564.48","1,572.47","1,563.56","","+0.56%"
"May 31, 2007","1,558.61","1,542.48","1,561.59","1,540.99","","+1.71%"
"May 30, 2007","1,532.45","1,543.08","1,547.66","1,523.94","","-0.49%"
"May 29, 2007","1,539.97","1,528.93","1,541.25","1,524.67","","+0.37%"
"May 28, 2007","1,534.27","1,527.71","1,540.48","1,527.71","","+0.90%"
"May 25, 2007","1,520.54","1,522.26","1,522.62","1,510.12","","-1.17%"
"May 24, 2007","1,538.61","1,544.77","1,546.74","1,532.42","","-0.85%"
"May 23, 2007","1,551.74","1,582.33","1,583.18","1,548.92","","-2.41%"
"May 22, 2007","1,590.09","1,581.12","1,593.45","1,575.67","","+0.79%"
"May 21, 2007","1,577.68","1,555.88","1,579.03","1,555.57","","+2.03%"
"May 18, 2007","1,546.36","1,553.02","1,557.83","1,540.31","","+0.03%"
"May 17, 2007","1,545.97","1,550.31","1,561.24","1,541.44","","+0.66%"
"May 16, 2007","1,535.76","1,537.94","1,544.47","1,522.90","","-0.63%"
"May 15, 2007","1,545.52","1,571.92","1,572.52","1,542.89","","-2.16%"
"May 14, 2007","1,579.57","1,595.10","1,600.04","1,579.57","","+0.13%"
"May 11, 2007","1,577.51","1,591.56","1,591.56","1,571.16","","-2.13%"
"May 10, 2007","1,611.78","1,588.00","1,619.89","1,587.49","","+2.55%"
"May 09, 2007","1,571.63","1,578.95","1,578.95","1,567.23","","-0.78%"
"May 08, 2007","1,584.04","1,588.03","1,588.03","1,578.79","","-0.35%"
"May 07, 2007","1,589.65","1,577.63","1,594.63","1,577.32","","+1.75%"
"May 02, 2007","1,562.28","1,542.51","1,565.77","1,536.21","","+1.45%"
"May 01, 2007","1,539.93","1,561.35","1,561.35","1,536.90","","-1.54%"
"Apr 27, 2007","1,563.97","1,576.52","1,583.81","1,553.34","","-1.26%"
"Apr 26, 2007","1,583.90","1,569.28","1,588.21","1,569.28","","+1.90%"
"Apr 25, 2007","1,554.44","1,571.71","1,572.48","1,552.46","","-1.63%"
"Apr 24, 2007","1,580.13","1,570.47","1,591.96","1,563.35","","-0.52%"
"Apr 23, 2007","1,588.31","1,610.21","1,618.37","1,584.22","","-0.96%"
"Apr 20, 2007","1,603.63","1,609.73","1,612.13","1,591.11","","-0.17%"
"Apr 19, 2007","1,606.37","1,614.57","1,620.44","1,591.89","","-1.16%"
"Apr 18, 2007","1,625.20","1,612.46","1,630.08","1,605.48","","+0.89%"
"Apr 17, 2007","1,610.89","1,628.12","1,630.84","1,601.88","","-1.09%"
"Apr 16, 2007","1,628.57","1,618.60","1,635.43","1,618.30","","+1.38%"
"Apr 13, 2007","1,606.45","1,618.16","1,630.35","1,605.91","","+0.06%"
"Apr 12, 2007","1,605.54","1,604.06","1,611.42","1,594.64","","-0.49%"
"Apr 11, 2007","1,613.39","1,602.76","1,615.18","1,601.88","","+0.95%"
"Apr 10, 2007","1,598.18","1,595.87","1,602.33","1,594.87","","-0.25%"
"Apr 09, 2007","1,602.19","1,588.50","1,602.35","1,588.50","","+1.18%"
"Apr 06, 2007","1,583.56","1,583.98","1,586.37","1,572.20","","+0.11%"
"Apr 05, 2007","1,581.88","1,600.19","1,600.19","1,576.09","","-1.27%"
"Apr 04, 2007","1,602.23","1,579.54","1,605.26","1,570.51","","+2.23%"
"Apr 03, 2007","1,567.35","1,545.67","1,569.06","1,545.67","","+2.30%"
"Apr 02, 2007","1,532.06","1,569.79","1,574.94","1,530.04","","-1.89%"
"Mar 30, 2007","1,561.53","1,566.11","1,577.52","1,558.21","","+0.41%"
"Mar 29, 2007","1,555.16","1,542.55","1,560.40","1,529.31","","+0.17%"
"Mar 28, 2007","1,552.55","1,554.49","1,566.02","1,543.42","","-0.37%"
"Mar 27, 2007","1,558.34","1,548.42","1,562.82","1,543.20","","+0.37%"
"Mar 26, 2007","1,552.60","1,542.29","1,553.84","1,533.63","","+1.15%"
"Mar 23, 2007","1,534.92","1,540.58","1,542.48","1,527.64","","+0.15%"
"Mar 22, 2007","1,532.65","1,531.51","1,539.76","1,526.68","","+1.16%"
"Mar 20, 2007","1,515.07","1,499.56","1,527.33","1,499.32","","+1.97%"
"Mar 19, 2007","1,485.81","1,468.53","1,487.56","1,465.26","","+0.88%"
"Mar 16, 2007","1,472.92","1,464.26","1,493.45","1,454.78","","+0.29%"
"Mar 15, 2007","1,468.63","1,455.99","1,474.41","1,453.04","","+0.90%"
"Mar 14, 2007","1,455.54","1,472.83","1,473.07","1,452.10","","-2.81%"
"Mar 13, 2007","1,497.67","1,517.96","1,517.96","1,496.19","","-0.76%"
"Mar 12, 2007","1,509.12","1,504.32","1,513.54","1,502.94","","+1.42%"
"Mar 09, 2007","1,487.99","1,496.21","1,497.63","1,481.99","","-0.03%"
"Mar 08, 2007","1,488.38","1,459.98","1,489.47","1,456.59","","+1.46%"
"Mar 07, 2007","1,466.99","1,488.09","1,491.74","1,461.73","","-0.41%"
"Mar 06, 2007","1,473.10","1,437.14","1,480.52","1,437.09","","+2.65%"
"Mar 05, 2007","1,435.05","1,475.30","1,475.30","1,431.30","","-3.91%"
"Mar 02, 2007","1,493.46","1,507.46","1,508.05","1,488.85","","-1.29%"
"Mar 01, 2007","1,512.91","1,516.17","1,517.67","1,491.70","","-0.84%"
"Feb 28, 2007","1,525.71","1,559.39","1,559.39","1,470.57","","-3.83%"
"Feb 27, 2007","1,586.50","1,601.57","1,604.00","1,575.29","","-0.63%"
"Feb 26, 2007","1,596.55","1,581.81","1,597.22","1,580.89","","+1.29%"
"Feb 23, 2007","1,576.21","1,571.67","1,577.73","1,563.59","","+0.80%"
"Feb 22, 2007","1,563.74","1,554.44","1,566.00","1,554.44","","+1.33%"
"Feb 21, 2007","1,543.15","1,540.77","1,551.04","1,533.12","","+0.04%"
"Feb 20, 2007","1,542.52","1,546.46","1,548.57","1,537.26","","+0.04%"
"Feb 19, 2007","1,541.94","1,541.06","1,545.51","1,534.82","","-0.20%"
"Feb 16, 2007","1,544.98","1,551.74","1,552.58","1,541.08","","-0.71%"
"Feb 15, 2007","1,555.97","1,555.71","1,558.08","1,547.91","","+0.94%"
"Feb 14, 2007","1,541.46","1,542.13","1,547.89","1,539.36","","+1.26%"
"Feb 13, 2007","1,522.30","1,518.21","1,534.16","1,515.12","","+0.17%"
"Feb 09, 2007","1,519.70","1,503.00","1,526.33","1,497.93","","+1.26%"
"Feb 08, 2007","1,500.74","1,508.50","1,508.50","1,495.60","","+0.24%"
"Feb 07, 2007","1,497.18","1,508.70","1,513.69","1,489.71","","-1.64%"
"Feb 06, 2007","1,522.19","1,531.81","1,533.61","1,521.62","","-1.18%"
"Feb 05, 2007","1,540.39","1,555.35","1,555.35","1,536.63","","-0.98%"
"Feb 02, 2007","1,555.67","1,556.03","1,560.75","1,546.76","","+0.29%"
"Feb 01, 2007","1,551.23","1,522.15","1,551.71","1,517.58","","+2.55%"
"Jan 31, 2007","1,512.64","1,530.94","1,530.94","1,504.64","","-1.53%"
"Jan 30, 2007","1,536.12","1,535.10","1,549.89","1,531.19","","+0.35%"
"Jan 29, 2007","1,530.76","1,523.32","1,531.40","1,515.03","","+0.44%"
"Jan 26, 2007","1,524.00","1,507.87","1,525.55","1,507.87","","+1.21%"
"Jan 25, 2007","1,505.81","1,508.44","1,521.24","1,504.04","","+0.92%"
"Jan 24, 2007","1,492.07","1,489.43","1,496.76","1,487.85","","+0.55%"
"Jan 23, 2007","1,483.97","1,472.96","1,485.73","1,472.07","","+0.97%"
"Jan 22, 2007","1,469.76","1,476.81","1,479.89","1,467.28","","+0.43%"
"Jan 19, 2007","1,463.52","1,463.57","1,466.94","1,451.99","","-0.31%"
"Jan 18, 2007","1,468.02","1,464.89","1,475.62","1,461.78","","+0.27%"
"Jan 17, 2007","1,464.06","1,443.78","1,469.63","1,432.16","","+1.54%"
"Jan 16, 2007","1,441.89","1,427.28","1,445.78","1,427.28","","+0.88%"
"Jan 15, 2007","1,429.31","1,425.46","1,439.33","1,425.20","","+0.83%"
"Jan 12, 2007","1,417.54","1,410.36","1,421.81","1,404.62","","+1.60%"
"Jan 11, 2007","1,395.28","1,397.13","1,409.59","1,389.87","","+0.68%"
"Jan 10, 2007","1,385.82","1,395.75","1,395.75","1,373.71","","-0.73%"
"Jan 09, 2007","1,395.97","1,369.92","1,397.90","1,369.18","","+2.54%"
"Jan 05, 2007","1,361.33","1,394.62","1,396.42","1,356.16","","-2.21%"
"Jan 04, 2007","1,392.03","1,386.81","1,392.65","1,383.10","","+0.75%"
"Dec 29, 2006","1,381.70","1,384.76","1,388.59","1,381.70","","-0.09%"
"Dec 28, 2006","1,382.94","1,385.21","1,387.18","1,377.35","","+0.01%"
"Dec 27, 2006","1,382.75","1,383.60","1,391.49","1,378.99","","+0.09%"
"Dec 26, 2006","1,381.49","1,364.08","1,381.70","1,362.12","","+1.02%"
"Dec 25, 2006","1,367.52","1,374.78","1,375.45","1,364.66","","-0.51%"
"Dec 22, 2006","1,374.48","1,357.18","1,379.64","1,355.46","","+1.52%"
"Dec 21, 2006","1,353.93","1,357.33","1,359.24","1,352.45","","-0.05%"
"Dec 20, 2006","1,354.61","1,347.74","1,356.83","1,343.73","","+0.79%"
"Dec 19, 2006","1,343.96","1,360.08","1,361.12","1,343.02","","-1.61%"
"Dec 18, 2006","1,365.94","1,369.28","1,369.35","1,363.18","","-0.07%"
"Dec 15, 2006","1,366.84","1,368.78","1,371.80","1,362.63","","+0.49%"
"Dec 14, 2006","1,360.16","1,348.33","1,360.16","1,346.87","","+1.13%"
"Dec 13, 2006","1,344.92","1,334.92","1,346.02","1,333.56","","+0.19%"
"Dec 12, 2006","1,342.42","1,344.26","1,345.25","1,336.93","","+0.49%"
"Dec 11, 2006","1,335.82","1,329.61","1,340.68","1,324.61","","+0.90%"
"Dec 08, 2006","1,323.86","1,328.46","1,332.39","1,318.38","","-0.92%"
"Dec 07, 2006","1,336.11","1,335.12","1,341.08","1,332.09","","+0.35%"
"Dec 06, 2006","1,331.42","1,329.86","1,335.15","1,321.21","","+0.38%"
"Dec 05, 2006","1,326.34","1,337.77","1,341.90","1,325.78","","-0.66%"
"Dec 04, 2006","1,335.11","1,329.28","1,339.64","1,323.59","","+0.29%"
"Dec 01, 2006","1,331.23","1,325.27","1,336.97","1,321.59","","+0.61%"
"Nov 30, 2006","1,323.21","1,321.02","1,324.97","1,308.76","","+0.85%"
"Nov 29, 2006","1,312.02","1,300.05","1,313.30","1,299.39","","+1.98%"
"Nov 28, 2006","1,286.57","1,276.03","1,286.81","1,266.90","","+0.05%"
"Nov 27, 2006","1,285.91","1,265.46","1,286.90","1,263.03","","+1.13%"
"Nov 24, 2006","1,271.55","1,276.43","1,276.44","1,261.31","","-1.19%"
"Nov 22, 2006","1,286.80","1,271.60","1,287.43","1,263.38","","+0.76%"
"Nov 21, 2006","1,277.09","1,273.15","1,283.46","1,270.44","","+0.47%"
"Nov 20, 2006","1,271.15","1,311.01","1,313.13","1,271.15","","-3.45%"
"Nov 17, 2006","1,316.60","1,334.92","1,338.67","1,313.92","","-1.27%"
"Nov 16, 2006","1,333.58","1,344.07","1,349.85","1,333.58","","-0.31%"
"Nov 15, 2006","1,337.69","1,338.41","1,346.31","1,336.51","","+1.07%"
"Nov 14, 2006","1,323.50","1,312.41","1,325.32","1,309.25","","+2.17%"
"Nov 13, 2006","1,295.41","1,309.03","1,309.03","1,288.91","","-1.78%"
"Nov 10, 2006","1,318.83","1,308.67","1,330.51","1,308.67","","+0.96%"
"Nov 09, 2006","1,306.35","1,310.00","1,318.48","1,299.41","","-0.16%"
"Nov 08, 2006","1,308.42","1,326.12","1,329.41","1,307.27","","-1.51%"
"Nov 07, 2006","1,328.54","1,345.53","1,345.86","1,324.88","","-0.62%"
"Nov 06, 2006","1,336.82","1,315.12","1,338.63","1,314.60","","+1.94%"
"Nov 02, 2006","1,311.41","1,310.70","1,314.02","1,301.58","","-0.98%"
"Nov 01, 2006","1,324.44","1,327.42","1,329.94","1,317.75","","-0.24%"
"Oct 31, 2006","1,327.60","1,321.24","1,336.99","1,319.27","","+0.21%"
"Oct 30, 2006","1,324.84","1,350.50","1,350.87","1,321.84","","-2.79%"
"Oct 27, 2006","1,362.81","1,389.99","1,390.96","1,358.79","","-2.47%"
"Oct 26, 2006","1,397.30","1,395.22","1,402.17","1,393.82","","+1.00%"
"Oct 25, 2006","1,383.51","1,383.89","1,390.80","1,381.77","","-0.08%"
"Oct 24, 2006","1,384.56","1,388.63","1,394.84","1,382.20","","+0.55%"
"Oct 23, 2006","1,377.00","1,363.11","1,379.08","1,362.81","","+1.38%"
"Oct 20, 2006","1,358.30","1,357.66","1,364.52","1,356.11","","+0.14%"
"Oct 19, 2006","1,356.34","1,367.66","1,375.83","1,351.52","","-0.38%"
"Oct 18, 2006","1,361.58","1,355.78","1,363.98","1,348.82","","+0.06%"
"Oct 17, 2006","1,360.70","1,368.17","1,368.17","1,355.56","","-0.19%"
"Oct 16, 2006","1,363.32","1,348.46","1,365.41","1,346.67","","+2.33%"
"Oct 13, 2006","1,332.27","1,319.99","1,334.86","1,319.13","","+2.22%"
"Oct 12, 2006","1,303.37","1,307.96","1,319.79","1,300.36","","-0.42%"
"Oct 11, 2006","1,308.83","1,332.65","1,339.68","1,308.83","","-1.50%"
"Oct 10, 2006","1,328.73","1,322.64","1,339.10","1,322.60","","-0.12%"
"Oct 06, 2006","1,330.27","1,338.84","1,338.84","1,324.90","","-0.70%"
"Oct 05, 2006","1,339.69","1,340.73","1,342.30","1,331.07","","+0.98%"
"Oct 04, 2006","1,326.66","1,360.06","1,361.66","1,320.38","","-2.23%"
"Oct 03, 2006","1,356.94","1,367.00","1,368.75","1,355.10","","-1.05%"
"Oct 02, 2006","1,371.39","1,367.10","1,376.71","1,357.66","","+0.83%"
"Sep 29, 2006","1,360.13","1,357.81","1,361.16","1,351.61","","+0.84%"
"Sep 28, 2006","1,348.82","1,348.90","1,355.60","1,342.40","","+0.22%"
"Sep 27, 2006","1,345.88","1,335.26","1,345.88","1,327.89","","+1.80%"
"Sep 26, 2006","1,322.09","1,318.63","1,332.11","1,316.57","","+0.29%"
"Sep 25, 2006","1,318.32","1,314.74","1,325.59","1,302.18","","+0.49%"
"Sep 22, 2006","1,311.87","1,329.98","1,330.96","1,308.25","","-2.40%"
"Sep 21, 2006","1,344.10","1,332.00","1,349.39","1,323.63","","+1.29%"
"Sep 20, 2006","1,327.04","1,343.38","1,343.38","1,323.89","","-2.12%"
"Sep 19, 2006","1,355.83","1,360.80","1,377.61","1,354.59","","-0.43%"
"Sep 15, 2006","1,361.62","1,368.19","1,370.62","1,349.11","","-1.19%"
"Sep 14, 2006","1,377.96","1,366.69","1,384.16","1,355.58","","-0.17%"
"Sep 13, 2006","1,380.35","1,376.24","1,395.52","1,376.19","","+1.60%"
"Sep 12, 2006","1,358.64","1,383.31","1,383.31","1,358.07","","-1.42%"
"Sep 11, 2006","1,378.26","1,403.68","1,403.68","1,377.44","","-1.59%"
"Sep 08, 2006","1,400.58","1,378.53","1,412.37","1,376.22","","+1.35%"
"Sep 07, 2006","1,381.93","1,397.58","1,397.99","1,380.15","","-2.06%"
"Sep 06, 2006","1,410.97","1,426.14","1,430.00","1,409.02","","-1.56%"
"Sep 05, 2006","1,433.39","1,434.27","1,436.59","1,424.24","","-0.31%"
"Sep 04, 2006","1,437.89","1,425.93","1,443.38","1,425.93","","+1.79%"
"Sep 01, 2006","1,412.56","1,410.25","1,414.25","1,403.20","","+0.04%"
"Aug 31, 2006","1,412.00","1,387.91","1,421.56","1,387.49","","+1.74%"
"Aug 30, 2006","1,387.80","1,387.07","1,398.60","1,380.02","","-0.12%"
"Aug 29, 2006","1,389.46","1,395.23","1,402.70","1,381.71","","0.00%"
"Aug 28, 2006","1,389.44","1,409.47","1,412.65","1,386.71","","-1.14%"
"Aug 25, 2006","1,405.41","1,407.99","1,425.31","1,397.99","","-0.18%"
"Aug 24, 2006","1,407.97","1,431.83","1,431.83","1,403.32","","-2.55%"
"Aug 23, 2006","1,444.75","1,441.99","1,454.04","1,439.89","","+0.13%"
"Aug 22, 2006","1,442.91","1,425.94","1,446.04","1,425.92","","+1.53%"
"Aug 21, 2006","1,421.18","1,443.78","1,446.80","1,417.61","","-1.04%"
"Aug 18, 2006","1,436.09","1,418.95","1,441.43","1,418.95","","+1.49%"
"Aug 17, 2006","1,414.94","1,423.61","1,431.11","1,414.09","","+0.02%"
"Aug 16, 2006","1,414.72","1,413.17","1,419.59","1,409.34","","+1.56%"
"Aug 15, 2006","1,392.97","1,402.84","1,402.84","1,386.79","","-0.26%"
"Aug 14, 2006","1,396.67","1,363.01","1,400.07","1,361.85","","+3.05%"
"Aug 11, 2006","1,355.33","1,357.18","1,362.11","1,352.34","","-0.03%"
"Aug 10, 2006","1,355.67","1,343.79","1,362.05","1,341.52","","+1.16%"
"Aug 09, 2006","1,340.09","1,319.27","1,340.09","1,308.73","","+1.02%"
"Aug 08, 2006","1,326.58","1,305.07","1,329.53","1,299.05","","+1.51%"
"Aug 07, 2006","1,306.80","1,339.93","1,346.89","1,306.80","","-2.30%"
"Aug 04, 2006","1,337.51","1,343.04","1,345.72","1,328.33","","-0.27%"
"Aug 03, 2006","1,341.15","1,337.83","1,350.09","1,337.83","","+0.57%"
"Aug 02, 2006","1,333.55","1,327.13","1,334.89","1,313.04","","-0.21%"
"Aug 01, 2006","1,336.39","1,324.98","1,341.51","1,323.03","","+0.71%"
"Jul 31, 2006","1,326.95","1,290.13","1,339.19","1,289.98","","+3.99%"
"Jul 28, 2006","1,276.04","1,260.01","1,279.15","1,249.98","","+1.18%"
"Jul 27, 2006","1,261.18","1,226.96","1,262.86","1,225.91","","+2.92%"
"Jul 26, 2006","1,225.38","1,242.17","1,243.61","1,223.61","","-0.64%"
"Jul 25, 2006","1,233.27","1,213.20","1,236.76","1,213.20","","+2.98%"
"Jul 24, 2006","1,197.61","1,187.49","1,200.44","1,176.68","","+0.02%"
"Jul 21, 2006","1,197.41","1,199.07","1,199.94","1,193.23","","-0.62%"
"Jul 20, 2006","1,204.93","1,178.21","1,205.17","1,178.12","","+3.99%"
"Jul 19, 2006","1,158.75","1,156.84","1,170.97","1,149.57","","+0.89%"
"Jul 18, 2006","1,148.48","1,182.89","1,186.45","1,148.48","","-3.17%"
"Jul 14, 2006","1,186.11","1,201.60","1,201.86","1,181.74","","-2.62%"
"Jul 13, 2006","1,218.07","1,228.31","1,237.99","1,214.78","","-1.98%"
"Jul 12, 2006","1,242.64","1,254.35","1,262.58","1,238.28","","-1.17%"
"Jul 11, 2006","1,257.38","1,270.83","1,270.96","1,241.52","","-1.63%"
"Jul 10, 2006","1,278.15","1,269.73","1,278.42","1,240.63","","-0.50%"
"Jul 07, 2006","1,284.56","1,296.32","1,296.32","1,282.16","","-0.60%"
"Jul 06, 2006","1,292.25","1,298.59","1,304.32","1,283.31","","-0.46%"
"Jul 05, 2006","1,298.25","1,299.32","1,307.07","1,293.48","","-1.18%"
"Jul 04, 2006","1,313.72","1,321.86","1,323.12","1,310.96","","+0.32%"
"Jul 03, 2006","1,309.56","1,305.50","1,315.85","1,305.35","","+0.60%"
"Jun 30, 2006","1,301.74","1,293.43","1,308.16","1,293.31","","+2.14%"
"Jun 29, 2006","1,274.47","1,260.19","1,279.60","1,260.08","","+1.76%"
"Jun 28, 2006","1,252.37","1,251.60","1,257.53","1,242.82","","-1.03%"
"Jun 27, 2006","1,265.39","1,279.05","1,279.05","1,262.27","","-0.95%"
"Jun 26, 2006","1,277.48","1,274.38","1,279.87","1,256.82","","-0.04%"
"Jun 23, 2006","1,277.97","1,264.99","1,281.67","1,252.48","","+0.35%"
"Jun 22, 2006","1,273.50","1,255.31","1,273.50","1,255.31","","+2.54%"
"Jun 21, 2006","1,241.94","1,252.58","1,256.51","1,230.46","","-0.65%"
"Jun 20, 2006","1,250.11","1,268.25","1,270.05","1,244.67","","-2.11%"
"Jun 19, 2006","1,277.08","1,287.82","1,290.76","1,270.85","","-1.61%"
"Jun 16, 2006","1,298.02","1,267.08","1,302.55","1,267.08","","+4.00%"
"Jun 15, 2006","1,248.13","1,228.35","1,253.72","1,228.35","","+3.01%"
"Jun 14, 2006","1,211.64","1,189.84","1,227.74","1,189.37","","+0.59%"
"Jun 13, 2006","1,204.58","1,245.72","1,247.30","1,204.58","","-4.55%"
"Jun 12, 2006","1,261.94","1,231.61","1,264.86","1,225.44","","+2.11%"
"Jun 09, 2006","1,235.82","1,233.01","1,254.20","1,207.91","","+0.93%"
"Jun 08, 2006","1,224.41","1,244.14","1,244.43","1,213.50","","-2.60%"
"Jun 07, 2006","1,257.03","1,286.16","1,296.46","1,257.03","","-2.82%"
"Jun 06, 2006","1,293.57","1,312.56","1,313.00","1,291.10","","-2.77%"
"Jun 05, 2006","1,330.38","1,334.76","1,339.93","1,326.75","","-0.91%"
"Jun 02, 2006","1,342.57","1,331.91","1,343.76","1,292.99","","+1.05%"
"Jun 01, 2006","1,328.63","1,344.70","1,361.98","1,324.24","","-0.32%"
"May 31, 2006","1,332.86","1,348.98","1,349.31","1,331.88","","-2.77%"
"May 30, 2006","1,370.88","1,377.68","1,377.68","1,366.46","","-0.40%"
"May 29, 2006","1,376.35","1,394.77","1,394.77","1,373.08","","-0.63%"
"May 26, 2006","1,385.12","1,373.76","1,387.91","1,373.75","","+2.04%"
"May 25, 2006","1,357.39","1,371.57","1,377.33","1,351.61","","-1.00%"
"May 24, 2006","1,371.08","1,358.94","1,371.72","1,340.70","","+1.45%"
"May 23, 2006","1,351.42","1,368.38","1,371.18","1,351.42","","-2.23%"
"May 22, 2006","1,382.28","1,416.08","1,426.60","1,380.94","","-1.71%"
"May 19, 2006","1,406.36","1,399.43","1,409.44","1,380.78","","+0.36%"
"May 18, 2006","1,401.37","1,401.87","1,405.29","1,386.63","","-1.69%"
"May 17, 2006","1,425.46","1,419.27","1,429.15","1,396.51","","+0.90%"
"May 16, 2006","1,412.68","1,460.19","1,464.94","1,409.88","","-3.32%"
"May 15, 2006","1,461.12","1,449.66","1,470.13","1,445.40","","-0.46%"
"May 12, 2006","1,467.94","1,472.30","1,472.30","1,452.99","","-1.25%"
"May 11, 2006","1,486.47","1,511.10","1,525.53","1,486.47","","-1.67%"
"May 10, 2006","1,511.67","1,511.22","1,522.62","1,499.44","","+0.18%"
"May 09, 2006","1,508.93","1,527.80","1,528.19","1,507.24","","-1.29%"
"May 08, 2006","1,528.61","1,517.30","1,531.41","1,516.29","","+2.08%"
"May 02, 2006","1,497.51","1,487.72","1,508.06","1,487.17","","+0.70%"
"May 01, 2006","1,487.11","1,484.46","1,499.11","1,484.28","","+0.57%"
"Apr 28, 2006","1,478.61","1,498.66","1,498.66","1,469.78","","-1.53%"
"Apr 27, 2006","1,501.60","1,506.96","1,509.81","1,499.00","","+0.10%"
"Apr 26, 2006","1,500.13","1,491.64","1,504.17","1,486.95","","+0.57%"
"Apr 25, 2006","1,491.60","1,499.53","1,500.85","1,480.67","","-0.72%"
"Apr 24, 2006","1,502.40","1,539.31","1,539.31","1,500.22","","-3.17%"
"Apr 21, 2006","1,551.62","1,549.51","1,558.65","1,538.97","","-0.06%"
"Apr 20, 2006","1,552.59","1,557.25","1,558.32","1,541.63","","+0.13%"
"Apr 19, 2006","1,550.62","1,560.42","1,566.60","1,550.62","","+0.58%"
"Apr 18, 2006","1,541.71","1,514.81","1,543.77","1,511.04","","+1.67%"
"Apr 17, 2006","1,516.41","1,542.28","1,542.28","1,514.83","","-1.57%"
"Apr 14, 2006","1,540.56","1,543.81","1,549.23","1,527.46","","+0.13%"
"Apr 13, 2006","1,538.52","1,549.04","1,551.60","1,530.29","","-0.29%"
"Apr 12, 2006","1,543.00","1,564.51","1,567.48","1,540.56","","-2.51%"
"Apr 11, 2006","1,582.77","1,592.23","1,602.25","1,574.38","","-0.59%"
"Apr 10, 2006","1,592.12","1,585.88","1,595.13","1,572.86","","-0.62%"
"Apr 07, 2006","1,602.10","1,585.56","1,602.10","1,576.66","","+1.03%"
"Apr 06, 2006","1,585.75","1,582.78","1,586.20","1,578.04","","+0.63%"
"Apr 05, 2006","1,575.78","1,576.87","1,589.71","1,574.60","","+0.03%"
"Apr 04, 2006","1,575.23","1,580.05","1,591.47","1,575.15","","-0.35%"
"Apr 03, 2006","1,580.69","1,570.46","1,586.92","1,569.84","","+1.08%"
"Mar 31, 2006","1,563.79","1,563.62","1,572.72","1,558.26","","+0.38%"
"Mar 30, 2006","1,557.91","1,565.01","1,569.01","1,556.73","","-0.26%"
"Mar 29, 2006","1,561.97","1,532.82","1,565.95","1,532.38","","+2.21%"
"Mar 28, 2006","1,528.25","1,502.28","1,530.69","1,502.21","","+2.16%"
"Mar 27, 2006","1,495.87","1,495.32","1,502.14","1,491.35","","-0.05%"
"Mar 24, 2006","1,496.63","1,498.31","1,509.22","1,492.46","","-0.15%"
"Mar 23, 2006","1,498.95","1,505.51","1,514.91","1,497.59","","-0.23%"
"Mar 22, 2006","1,502.40","1,494.73","1,504.52","1,491.48","","+0.58%"
"Mar 20, 2006","1,493.68","1,483.11","1,503.63","1,483.11","","+0.69%"
"Mar 17, 2006","1,483.50","1,481.49","1,483.65","1,465.97","","+0.17%"
"Mar 16, 2006","1,480.97","1,483.40","1,495.28","1,476.76","","+0.48%"
"Mar 15, 2006","1,473.93","1,472.13","1,482.93","1,469.95","","+0.80%"
"Mar 14, 2006","1,462.27","1,480.97","1,482.79","1,461.27","","-1.62%"
"Mar 13, 2006","1,486.32","1,466.70","1,487.67","1,466.19","","+2.39%"
"Mar 10, 2006","1,451.59","1,429.20","1,457.34","1,420.43","","+1.81%"
"Mar 09, 2006","1,425.78","1,373.81","1,425.78","1,373.81","","+3.63%"
"Mar 08, 2006","1,375.82","1,374.45","1,377.59","1,364.73","","-0.49%"
"Mar 07, 2006","1,382.53","1,388.64","1,395.31","1,378.12","","-0.69%"
"Mar 06, 2006","1,392.20","1,372.75","1,392.46","1,355.20","","+1.04%"
"Mar 03, 2006","1,377.93","1,395.15","1,395.22","1,375.24","","-1.68%"
"Mar 02, 2006","1,401.51","1,415.91","1,420.94","1,399.43","","-0.78%"
"Mar 01, 2006","1,412.51","1,427.54","1,430.91","1,408.19","","-2.28%"
"Feb 28, 2006","1,445.44","1,450.89","1,456.96","1,432.69","","-0.11%"
"Feb 27, 2006","1,446.98","1,440.23","1,453.63","1,437.88","","+1.29%"
"Feb 24, 2006","1,428.53","1,422.20","1,431.43","1,407.99","","-0.14%"
"Feb 23, 2006","1,430.49","1,404.75","1,431.20","1,404.75","","+2.47%"
"Feb 22, 2006","1,396.00","1,396.45","1,404.79","1,386.51","","+0.31%"
"Feb 21, 2006","1,391.67","1,359.04","1,392.45","1,359.04","","+3.11%"
"Feb 20, 2006","1,349.67","1,372.03","1,375.07","1,344.80","","-2.36%"
"Feb 17, 2006","1,382.24","1,407.77","1,413.81","1,374.07","","-1.30%"
"Feb 16, 2006","1,400.43","1,378.28","1,412.86","1,375.13","","+1.66%"
"Feb 15, 2006","1,377.59","1,395.61","1,400.42","1,369.42","","-0.01%"
"Feb 14, 2006","1,377.72","1,353.18","1,377.72","1,332.72","","+1.31%"
"Feb 13, 2006","1,359.94","1,414.06","1,414.06","1,359.94","","-4.47%"
"Feb 10, 2006","1,423.58","1,441.93","1,442.20","1,397.12","","-1.02%"
"Feb 09, 2006","1,438.19","1,447.99","1,451.91","1,428.39","","+0.14%"
"Feb 08, 2006","1,436.11","1,466.25","1,470.64","1,435.67","","-2.43%"
"Feb 07, 2006","1,471.90","1,486.28","1,487.42","1,466.73","","-0.58%"
"Feb 06, 2006","1,480.52","1,485.77","1,486.83","1,468.39","","-0.32%"
"Feb 03, 2006","1,485.20","1,483.29","1,488.14","1,476.91","","-0.93%"
"Feb 02, 2006","1,499.09","1,498.42","1,503.58","1,483.53","","+0.07%"
"Feb 01, 2006","1,498.11","1,524.99","1,526.39","1,497.46","","-2.25%"
"Jan 31, 2006","1,532.56","1,537.43","1,546.32","1,532.56","","+0.15%"
"Jan 30, 2006","1,530.33","1,549.49","1,551.30","1,530.33","","-0.72%"
"Jan 27, 2006","1,541.39","1,515.23","1,546.79","1,515.11","","+3.24%"
"Jan 26, 2006","1,493.01","1,468.13","1,494.54","1,467.47","","+2.95%"
"Jan 25, 2006","1,450.28","1,472.00","1,476.39","1,448.88","","-1.03%"
"Jan 24, 2006","1,465.39","1,473.17","1,479.64","1,461.61","","+0.54%"
"Jan 23, 2006","1,457.48","1,490.85","1,504.11","1,456.33","","-3.79%"
"Jan 20, 2006","1,514.85","1,512.27","1,527.68","1,500.62","","+1.42%"
"Jan 19, 2006","1,493.58","1,453.88","1,513.86","1,451.61","","+2.67%"
"Jan 18, 2006","1,454.72","1,503.77","1,504.46","1,404.40","","-4.53%"
"Jan 17, 2006","1,523.77","1,542.48","1,580.88","1,523.77","","-2.42%"
"Jan 16, 2006","1,561.58","1,569.24","1,574.71","1,546.12","","-0.97%"
"Jan 13, 2006","1,576.95","1,536.55","1,585.20","1,536.24","","+2.51%"
"Jan 12, 2006","1,538.41","1,518.77","1,546.95","1,518.77","","+2.24%"
"Jan 11, 2006","1,504.72","1,508.80","1,525.46","1,485.10","","+0.34%"
"Jan 10, 2006","1,499.57","1,539.92","1,544.57","1,498.78","","-2.15%"
"Jan 06, 2006","1,532.53","1,480.91","1,541.69","1,480.62","","+4.20%"
"Jan 05, 2006","1,470.72","1,446.48","1,470.72","1,442.64","","+1.68%"
"Jan 04, 2006","1,446.38","1,409.57","1,446.38","1,407.92","","+4.15%"
"Dec 30, 2005","1,388.71","1,398.13","1,401.28","1,383.86","","-0.49%"
"Dec 29, 2005","1,395.59","1,396.49","1,401.98","1,394.36","","-0.02%"
"Dec 28, 2005","1,395.83","1,361.28","1,396.83","1,361.28","","+2.40%"
"Dec 27, 2005","1,363.13","1,364.70","1,371.71","1,355.12","","-0.66%"
"Dec 26, 2005","1,372.20","1,358.89","1,378.20","1,358.89","","+1.65%"
"Dec 22, 2005","1,349.87","1,358.13","1,358.13","1,331.97","","-0.24%"
"Dec 21, 2005","1,353.15","1,340.69","1,356.95","1,340.10","","+1.53%"
"Dec 20, 2005","1,332.72","1,314.56","1,333.40","1,312.03","","+1.75%"
"Dec 19, 2005","1,309.86","1,316.90","1,318.11","1,304.06","","-0.62%"
"Dec 16, 2005","1,318.09","1,326.91","1,329.20","1,313.57","","-1.01%"
"Dec 15, 2005","1,331.51","1,350.43","1,354.41","1,331.27","","-2.37%"
"Dec 14, 2005","1,363.79","1,393.64","1,394.43","1,358.67","","-1.99%"
"Dec 13, 2005","1,391.52","1,384.90","1,393.11","1,376.38","","+0.36%"
"Dec 12, 2005","1,386.54","1,370.88","1,387.15","1,370.52","","+2.01%"
"Dec 09, 2005","1,359.24","1,331.23","1,362.49","1,326.34","","+2.22%"
"Dec 08, 2005","1,329.67","1,353.40","1,355.28","1,325.67","","-2.27%"
"Dec 07, 2005","1,360.53","1,360.64","1,366.99","1,358.81","","+0.26%"
"Dec 06, 2005","1,356.97","1,371.73","1,373.87","1,356.97","","-1.05%"
"Dec 05, 2005","1,371.38","1,359.96","1,374.72","1,358.74","","+0.43%"
"Dec 02, 2005","1,365.55","1,358.78","1,365.55","1,356.06","","+1.37%"
"Dec 01, 2005","1,347.03","1,335.27","1,347.29","1,334.77","","+1.24%"
"Nov 30, 2005","1,330.47","1,340.41","1,348.32","1,330.47","","-0.50%"
"Nov 29, 2005","1,337.15","1,330.49","1,343.56","1,327.95","","-0.08%"
"Nov 28, 2005","1,338.20","1,326.31","1,342.52","1,324.69","","+0.91%"
"Nov 25, 2005","1,326.12","1,325.49","1,326.12","1,310.94","","-0.45%"
"Nov 24, 2005","1,332.06","1,328.81","1,339.41","1,326.97","","+0.77%"
"Nov 22, 2005","1,321.94","1,305.71","1,321.94","1,304.74","","+1.48%"
"Nov 21, 2005","1,302.71","1,307.49","1,314.92","1,298.18","","-0.11%"
"Nov 18, 2005","1,304.18","1,293.42","1,305.44","1,292.46","","+1.60%"
"Nov 17, 2005","1,283.60","1,264.39","1,285.87","1,262.96","","+1.47%"
"Nov 16, 2005","1,265.00","1,249.06","1,265.00","1,245.80","","+1.36%"
"Nov 15, 2005","1,248.02","1,240.22","1,251.09","1,235.72","","+0.21%"
"Nov 14, 2005","1,245.37","1,240.37","1,256.24","1,240.37","","+0.90%"
"Nov 11, 2005","1,234.31","1,228.28","1,240.36","1,222.71","","+1.39%"
"Nov 10, 2005","1,217.43","1,226.39","1,229.03","1,207.87","","-1.30%"
"Nov 09, 2005","1,233.49","1,233.31","1,240.22","1,232.35","","-0.30%"
"Nov 08, 2005","1,237.14","1,238.83","1,245.75","1,235.24","","+0.49%"
"Nov 07, 2005","1,231.13","1,233.69","1,239.50","1,225.56","","+0.01%"
"Nov 04, 2005","1,230.95","1,208.91","1,235.17","1,208.91","","+2.75%"
"Nov 02, 2005","1,197.99","1,190.78","1,206.10","1,188.06","","+0.79%"
"Nov 01, 2005","1,188.56","1,163.74","1,191.28","1,163.74","","+2.13%"
"Oct 31, 2005","1,163.74","1,149.44","1,165.29","1,141.28","","+1.85%"
"Oct 28, 2005","1,142.57","1,149.65","1,149.65","1,136.61","","-1.20%"
"Oct 27, 2005","1,156.48","1,152.32","1,163.00","1,150.96","","+0.75%"
"Oct 26, 2005","1,147.89","1,140.90","1,151.05","1,139.78","","+1.18%"
"Oct 25, 2005","1,134.48","1,126.05","1,147.32","1,126.05","","+1.48%"
"Oct 24, 2005","1,117.92","1,128.28","1,130.06","1,114.26","","-0.55%"
"Oct 21, 2005","1,124.10","1,107.21","1,124.60","1,098.66","","+1.20%"
"Oct 20, 2005","1,110.77","1,114.88","1,118.60","1,107.94","","+0.69%"
"Oct 19, 2005","1,103.11","1,111.02","1,111.02","1,097.09","","-0.84%"
"Oct 18, 2005","1,112.44","1,115.37","1,117.84","1,109.03","","-0.09%"
"Oct 17, 2005","1,113.42","1,120.95","1,126.22","1,108.31","","+0.32%"
"Oct 14, 2005","1,109.90","1,116.05","1,116.05","1,106.84","","+0.36%"
"Oct 13, 2005","1,105.97","1,105.34","1,107.17","1,093.17","","-0.77%"
"Oct 12, 2005","1,114.59","1,114.28","1,127.73","1,106.19","","-0.21%"
"Oct 11, 2005","1,116.96","1,106.72","1,116.96","1,103.20","","+0.93%"
"Oct 07, 2005","1,106.71","1,101.99","1,107.17","1,097.70","","+0.18%"
"Oct 06, 2005","1,104.68","1,118.54","1,118.77","1,102.01","","-2.38%"
"Oct 05, 2005","1,131.57","1,132.73","1,135.09","1,126.80","","+0.17%"
"Oct 04, 2005","1,129.61","1,121.42","1,129.99","1,119.12","","+1.13%"
"Oct 03, 2005","1,117.04","1,129.38","1,130.75","1,114.92","","-1.15%"
"Sep 30, 2005","1,130.03","1,139.64","1,140.65","1,130.03","","-0.39%"
"Sep 29, 2005","1,134.51","1,144.40","1,150.39","1,126.29","","-1.13%"
"Sep 28, 2005","1,147.48","1,139.41","1,149.99","1,137.93","","+1.09%"
"Sep 27, 2005","1,135.16","1,131.76","1,138.40","1,126.96","","+0.52%"
"Sep 26, 2005","1,129.28","1,109.26","1,129.28","1,109.07","","+2.23%"
"Sep 22, 2005","1,104.68","1,092.31","1,105.02","1,089.46","","+0.65%"
"Sep 21, 2005","1,097.54","1,104.92","1,105.29","1,097.54","","-0.77%"
"Sep 20, 2005","1,106.09","1,101.29","1,107.25","1,100.95","","+0.58%"
"Sep 16, 2005","1,099.68","1,105.64","1,106.07","1,090.29","","-1.03%"
"Sep 15, 2005","1,111.18","1,103.10","1,112.23","1,102.08","","+0.36%"
"Sep 14, 2005","1,107.18","1,101.29","1,107.97","1,096.52","","+0.07%"
"Sep 13, 2005","1,106.42","1,099.17","1,107.02","1,095.33","","+0.91%"
"Sep 12, 2005","1,096.42","1,088.27","1,098.21","1,088.14","","+2.17%"
"Sep 09, 2005","1,073.12","1,060.19","1,073.12","1,058.07","","+1.77%"
"Sep 08, 2005","1,054.42","1,058.57","1,060.53","1,046.80","","-0.64%"
"Sep 07, 2005","1,061.19","1,063.62","1,065.64","1,056.08","","-0.03%"
"Sep 06, 2005","1,061.54","1,068.54","1,068.94","1,056.84","","-0.37%"
"Sep 05, 2005","1,065.51","1,067.45","1,067.68","1,062.34","","-0.22%"
"Sep 02, 2005","1,067.89","1,064.02","1,067.89","1,062.34","","+0.86%"
"Sep 01, 2005","1,058.80","1,054.86","1,064.18","1,054.66","","+1.24%"
"Aug 31, 2005","1,045.80","1,046.74","1,048.18","1,044.91","","-0.41%"
"Aug 30, 2005","1,050.15","1,047.80","1,051.84","1,046.36","","+0.70%"
"Aug 29, 2005","1,042.82","1,047.72","1,047.72","1,040.03","","-0.32%"
"Aug 26, 2005","1,046.22","1,043.40","1,046.58","1,041.32","","+0.61%"
"Aug 25, 2005","1,039.88","1,030.79","1,041.09","1,030.79","","+0.91%"
"Aug 24, 2005","1,030.54","1,012.91","1,032.29","1,012.91","","+1.39%"
"Aug 23, 2005","1,016.40","1,017.63","1,022.07","1,016.28","","+0.62%"
"Aug 22, 2005","1,010.09","1,002.17","1,012.62","1,002.07","","+0.88%"
"Aug 19, 2005","1,001.25","1,005.41","1,005.50","997.80","","-0.70%"
"Aug 18, 2005","1,008.28","1,016.28","1,018.80","1,007.73","","-0.32%"
"Aug 17, 2005","1,011.51","1,006.16","1,015.32","1,006.16","","+0.57%"
"Aug 16, 2005","1,005.81","996.07","1,006.81","995.08","","+1.43%"
"Aug 15, 2005","991.63","989.39","991.78","984.38","","+0.16%"
"Aug 12, 2005","990.04","997.23","998.04","989.36","","-0.94%"
"Aug 11, 2005","999.48","994.17","1,000.90","993.07","","+1.24%"
"Aug 10, 2005","987.26","984.02","992.88","983.94","","+0.96%"
"Aug 09, 2005","977.83","964.42","981.61","964.40","","+1.78%"
"Aug 08, 2005","960.74","953.59","960.79","946.23","","-0.16%"
"Aug 05, 2005","962.29","970.46","971.05","961.04","","-1.33%"
"Aug 04, 2005","975.28","981.77","982.24","971.49","","-0.86%"
"Aug 03, 2005","983.77","987.05","987.90","980.06","","-0.17%"
"Aug 02, 2005","985.48","988.11","993.37","984.86","","-0.24%"
"Aug 01, 2005","987.87","989.22","991.54","985.51","","+0.08%"
"Jul 29, 2005","987.12","986.31","987.94","981.71","","+0.17%"
"Jul 28, 2005","985.48","989.25","990.22","984.86","","-0.55%"
"Jul 27, 2005","990.91","986.07","993.01","986.05","","+0.53%"
"Jul 26, 2005","985.65","983.20","986.33","979.14","","+0.61%"
"Jul 25, 2005","979.68","983.76","984.15","977.91","","+0.19%"
"Jul 22, 2005","977.87","987.06","987.22","975.81","","-1.43%"
"Jul 21, 2005","992.05","997.72","1,003.59","991.59","","-0.08%"
"Jul 20, 2005","992.87","985.65","996.26","985.65","","+1.33%"
"Jul 19, 2005","979.85","976.95","980.84","975.04","","+0.06%"
"Jul 15, 2005","979.22","979.66","981.09","977.35","","+0.47%"
"Jul 14, 2005","974.61","974.52","979.62","972.96","","-0.14%"
"Jul 13, 2005","975.96","981.18","982.17","973.31","","-0.66%"
"Jul 12, 2005","982.46","983.10","983.82","979.39","","-0.06%"
"Jul 11, 2005","983.04","980.16","984.76","978.69","","+0.92%"
"Jul 08, 2005","974.07","977.62","980.98","973.33","","-0.57%"
"Jul 07, 2005","979.62","977.81","980.60","976.28","","-0.28%"
"Jul 06, 2005","982.39","981.45","985.53","979.97","","+0.36%"
"Jul 05, 2005","978.88","980.06","981.51","976.66","","-0.16%"
"Jul 04, 2005","980.41","983.26","983.39","978.29","","-0.02%"
"Jul 01, 2005","980.56","975.35","982.26","972.77","","+0.63%"
"Jun 30, 2005","974.46","980.69","980.97","971.43","","-0.36%"
"Jun 29, 2005","977.95","978.63","982.22","976.39","","+0.36%"
"Jun 28, 2005","974.42","970.43","974.60","967.81","","+0.53%"
"Jun 27, 2005","969.30","974.49","975.40","967.14","","-1.34%"
"Jun 24, 2005","982.47","977.71","982.47","976.28","","-0.29%"
"Jun 23, 2005","985.30","980.85","985.31","977.45","","+0.52%"
"Jun 22, 2005","980.24","977.78","980.79","972.26","","+0.03%"
"Jun 21, 2005","979.97","978.71","981.47","977.57","","-0.37%"
"Jun 20, 2005","983.63","985.06","987.03","979.13","","+0.37%"
"Jun 17, 2005","980.01","977.22","980.01","975.24","","+0.90%"
"Jun 16, 2005","971.27","976.62","977.37","970.04","","-0.09%"
"Jun 15, 2005","972.19","963.12","973.04","961.99","","+1.52%"
"Jun 14, 2005","957.67","961.01","961.78","956.50","","-0.16%"
"Jun 13, 2005","959.22","960.03","965.98","958.08","","-0.10%"
"Jun 10, 2005","960.20","956.82","962.24","954.08","","+0.95%"
"Jun 09, 2005","951.14","958.06","958.34","947.28","","-0.68%"
"Jun 08, 2005","957.70","958.12","962.55","955.69","","+0.07%"
"Jun 07, 2005","956.99","960.10","961.67","953.24","","-0.60%"
"Jun 06, 2005","962.73","964.23","964.23","958.33","","-0.72%"
"Jun 03, 2005","969.70","972.39","972.74","964.37","","0.00%"
"Jun 02, 2005","969.67","967.45","973.15","966.56","","+0.45%"
"Jun 01, 2005","965.34","962.21","965.67","961.15","","+0.10%"
"May 31, 2005","964.35","955.50","966.28","951.16","","+1.30%"
"May 30, 2005","952.01","944.85","955.04","944.85","","+1.40%"
"May 27, 2005","938.82","933.05","940.49","931.45","","+1.48%"
"May 26, 2005","925.11","929.21","931.01","923.92","","-0.04%"
"May 25, 2005","925.46","937.71","938.37","924.01","","-1.42%"
"May 24, 2005","938.83","946.01","949.19","937.53","","-0.92%"
"May 23, 2005","947.55","938.72","947.78","937.85","","+0.70%"
"May 20, 2005","940.93","944.48","946.93","940.93","","-0.11%"
"May 19, 2005","942.01","941.27","945.40","935.49","","+1.30%"
"May 18, 2005","929.89","936.16","938.03","928.96","","-0.41%"
"May 17, 2005","933.73","953.93","955.45","927.98","","-1.25%"
"May 16, 2005","945.57","956.20","956.33","945.04","","-0.99%"
"May 13, 2005","955.06","954.77","960.88","953.03","","-0.50%"
"May 12, 2005","959.85","980.25","980.25","955.72","","-2.52%"
"May 11, 2005","984.64","974.90","984.64","970.03","","+0.92%"
"May 10, 2005","975.65","974.90","977.98","970.44","","-0.05%"
"May 09, 2005","976.10","973.76","978.15","968.63","","-0.10%"
"May 06, 2005","977.03","965.68","978.15","963.89","","+2.29%"
"May 02, 2005","955.14","951.41","956.97","947.99","","+0.37%"
"Apr 28, 2005","951.61","947.43","951.61","941.41","","+0.67%"
"Apr 27, 2005","945.31","938.91","945.87","938.91","","-0.16%"
"Apr 26, 2005","946.83","946.64","947.52","942.69","","+0.86%"
"Apr 25, 2005","938.77","939.24","945.71","937.70","","-0.22%"
"Apr 22, 2005","940.80","943.25","948.53","939.96","","+0.80%"
"Apr 21, 2005","933.32","924.21","935.28","909.14","","-0.52%"
"Apr 20, 2005","938.18","938.96","945.57","934.89","","+1.15%"
"Apr 19, 2005","927.53","921.16","930.59","920.83","","+1.39%"
"Apr 18, 2005","914.84","940.47","941.59","914.61","","-3.62%"
"Apr 15, 2005","949.16","959.87","960.99","949.16","","-2.32%"
"Apr 14, 2005","971.69","971.30","973.23","965.44","","-0.36%"
"Apr 13, 2005","975.21","982.15","982.66","971.63","","-0.45%"
"Apr 12, 2005","979.65","987.69","989.44","978.85","","-0.68%"
"Apr 11, 2005","986.35","996.35","996.35","984.52","","-1.55%"
"Apr 08, 2005","1,001.89","1,001.72","1,004.93","996.96","","+0.29%"
"Apr 07, 2005","999.04","991.10","999.04","990.21","","+1.05%"
"Apr 06, 2005","988.64","973.30","988.64","973.23","","+1.62%"
"Apr 05, 2005","972.84","961.90","975.15","961.90","","+1.21%"
"Apr 04, 2005","961.17","954.90","964.31","954.90","","+0.63%"
"Apr 01, 2005","955.15","945.22","955.61","942.17","","+0.92%"
"Mar 31, 2005","946.47","939.64","946.47","939.51","","+1.23%"
"Mar 30, 2005","935.01","944.26","948.11","932.61","","-1.50%"
"Mar 29, 2005","949.23","963.93","965.36","949.20","","-1.14%"
"Mar 28, 2005","960.17","955.99","961.78","955.94","","-0.15%"
"Mar 25, 2005","961.65","967.86","969.79","957.62","","-0.42%"
"Mar 24, 2005","965.73","969.14","973.52","964.05","","-0.73%"
"Mar 23, 2005","972.82","971.47","974.49","963.96","","+0.07%"
"Mar 22, 2005","972.17","971.93","976.58","970.10","","+0.28%"
"Mar 18, 2005","969.43","960.23","972.94","958.74","","+1.18%"
"Mar 17, 2005","958.09","960.54","962.49","956.34","","-0.78%"
"Mar 16, 2005","965.66","963.19","967.54","958.50","","-0.65%"
"Mar 15, 2005","972.02","963.78","973.46","963.62","","+1.13%"
"Mar 14, 2005","961.15","964.46","967.25","960.63","","-0.95%"
"Mar 11, 2005","970.37","969.23","974.36","967.54","","+0.20%"
"Mar 10, 2005","968.47","971.62","973.72","968.47","","-0.71%"
"Mar 09, 2005","975.40","964.75","978.47","964.75","","+0.91%"
"Mar 08, 2005","966.62","972.67","972.67","966.38","","-0.68%"
"Mar 07, 2005","973.25","975.69","977.34","972.84","","+0.19%"
"Mar 04, 2005","971.44","967.99","973.03","963.82","","+0.51%"
"Mar 03, 2005","966.49","961.75","968.03","961.68","","+0.19%"
"Mar 02, 2005","964.61","964.09","968.48","961.54","","+0.19%"
"Mar 01, 2005","962.77","956.23","962.77","955.77","","+0.90%"
"Feb 28, 2005","954.20","951.59","955.50","949.06","","+0.43%"
"Feb 25, 2005","950.10","947.87","953.01","946.14","","+0.65%"
"Feb 24, 2005","943.93","933.85","945.51","932.56","","+1.53%"
"Feb 23, 2005","929.74","928.35","930.24","926.69","","-0.92%"
"Feb 22, 2005","938.40","942.21","942.48","936.37","","-0.63%"
"Feb 21, 2005","944.36","943.96","946.15","942.22","","+0.30%"
"Feb 18, 2005","941.52","929.14","941.91","928.86","","+0.90%"
"Feb 17, 2005","933.13","929.87","934.52","928.67","","+0.36%"
"Feb 16, 2005","929.75","929.61","933.06","928.59","","-0.32%"
"Feb 15, 2005","932.75","927.31","932.83","926.88","","+0.85%"
"Feb 14, 2005","924.87","929.99","930.47","924.87","","-0.23%"
"Feb 10, 2005","927.00","923.24","927.36","918.43","","+0.33%"
"Feb 09, 2005","923.95","919.41","926.00","919.41","","+0.84%"
"Feb 08, 2005","916.24","918.16","918.33","912.61","","-0.40%"
"Feb 07, 2005","919.90","912.45","922.37","911.79","","+1.24%"
"Feb 04, 2005","908.61","911.53","911.82","901.40","","-0.37%"
"Feb 03, 2005","911.99","917.02","919.29","908.35","","-0.77%"
"Feb 02, 2005","919.08","913.79","921.06","913.67","","+1.45%"
"Feb 01, 2005","905.98","907.26","910.01","902.92","","+0.20%"
"Jan 31, 2005","904.13","897.66","906.90","894.77","","+0.56%"
"Jan 28, 2005","899.10","898.79","902.09","893.84","","-0.06%"
"Jan 27, 2005","899.60","904.07","904.07","897.74","","-0.54%"
"Jan 26, 2005","904.47","907.95","909.86","904.24","","+0.12%"
"Jan 25, 2005","903.42","905.07","905.07","900.28","","-0.11%"
"Jan 24, 2005","904.46","897.17","905.29","897.17","","+0.97%"
"Jan 21, 2005","895.76","898.42","901.08","894.65","","-0.97%"
"Jan 20, 2005","904.51","909.18","910.96","903.90","","-1.08%"
"Jan 19, 2005","914.34","917.78","921.05","914.21","","+0.21%"
"Jan 18, 2005","912.39","918.71","920.34","911.51","","-0.14%"
"Jan 17, 2005","913.65","917.55","919.09","912.99","","+0.16%"
"Jan 14, 2005","912.20","903.59","912.29","900.55","","+0.70%"
"Jan 13, 2005","905.87","907.49","909.10","902.73","","-0.33%"
"Jan 12, 2005","908.83","909.55","914.01","908.07","","-0.56%"
"Jan 11, 2005","913.97","905.21","913.97","903.82","","+1.41%"
"Jan 07, 2005","901.25","904.19","904.19","899.02","","-0.19%"
"Jan 06, 2005","902.99","890.43","902.99","890.37","","+0.76%"
"Jan 05, 2005","896.22","896.42","898.48","893.33","","-0.82%"
"Jan 04, 2005","903.64","894.53","904.13","892.71","","+0.68%"
"Dec 30, 2004","897.53","897.66","900.40","897.15","","+0.40%"
"Dec 29, 2004","893.96","900.11","901.56","893.96","","-0.36%"
"Dec 28, 2004","897.17","895.36","898.76","893.09","","-0.21%"
"Dec 27, 2004","899.08","893.83","899.08","892.10","","+0.50%"
"Dec 24, 2004","894.65","885.73","894.68","885.64","","+1.60%"
"Dec 22, 2004","880.59","876.00","881.13","876.00","","+0.39%"
"Dec 21, 2004","877.13","872.51","879.74","872.51","","+0.38%"
"Dec 20, 2004","873.80","874.54","877.76","871.11","","-0.10%"
"Dec 17, 2004","874.64","864.89","879.56","864.89","","+1.66%"
"Dec 16, 2004","860.37","857.08","863.89","855.74","","+0.22%"
"Dec 15, 2004","858.45","855.66","863.28","853.85","","+0.57%"
"Dec 14, 2004","853.59","838.00","854.32","838.00","","+1.76%"
"Dec 13, 2004","838.82","837.46","843.29","836.46","","+0.82%"
"Dec 10, 2004","831.98","835.99","842.34","831.98","","-0.42%"
"Dec 09, 2004","835.53","852.87","853.31","833.99","","-2.11%"
"Dec 08, 2004","853.55","849.17","853.75","847.83","","-0.35%"
"Dec 07, 2004","856.53","860.30","863.95","854.99","","-0.58%"
"Dec 06, 2004","861.54","868.86","869.17","857.44","","-1.59%"
"Dec 03, 2004","875.47","877.44","877.51","871.49","","-0.20%"
"Dec 02, 2004","877.20","871.22","877.69","869.84","","+1.58%"
"Dec 01, 2004","863.54","864.25","864.25","858.33","","-0.57%"
"Nov 30, 2004","868.46","863.86","868.46","861.38","","+0.08%"
"Nov 29, 2004","867.78","859.28","870.06","857.84","","+1.42%"
"Nov 26, 2004","855.62","862.04","863.25","855.30","","-0.14%"
"Nov 25, 2004","856.83","846.43","857.49","845.42","","+1.64%"
"Nov 24, 2004","843.01","846.75","848.65","843.01","","-0.39%"
"Nov 22, 2004","846.28","851.42","851.47","841.39","","-1.38%"
"Nov 19, 2004","858.16","860.51","861.95","857.17","","-0.05%"
"Nov 18, 2004","858.59","863.67","868.31","856.47","","-0.06%"
"Nov 17, 2004","859.11","855.44","860.82","855.34","","+0.32%"
"Nov 16, 2004","856.41","862.31","865.33","856.31","","-0.14%"
"Nov 15, 2004","857.64","845.38","858.34","845.38","","+2.08%"
"Nov 12, 2004","840.14","835.50","840.96","835.31","","+0.54%"
"Nov 11, 2004","835.59","835.09","845.76","834.69","","+0.87%"
"Nov 10, 2004","828.42","832.05","834.53","827.78","","-0.32%"
"Nov 09, 2004","831.08","828.36","831.21","826.60","","+0.47%"
"Nov 08, 2004","827.18","835.45","836.15","826.12","","-0.47%"
"Nov 05, 2004","831.08","828.79","834.26","827.61","","+1.05%"
"Nov 04, 2004","822.47","823.22","828.91","821.18","","+1.09%"
"Nov 02, 2004","813.64","805.37","813.64","805.37","","+1.08%"
"Nov 01, 2004","804.92","804.71","804.94","800.25","","-0.29%"
"Oct 29, 2004","807.28","811.56","811.67","804.79","","-1.06%"
"Oct 28, 2004","815.94","807.51","818.06","807.49","","+1.88%"
"Oct 27, 2004","800.90","803.42","805.26","799.22","","+0.47%"
"Oct 26, 2004","797.12","801.70","803.41","796.58","","-0.70%"
"Oct 25, 2004","802.73","811.61","811.98","800.40","","-1.91%"
"Oct 22, 2004","818.35","818.13","820.13","813.85","","+0.53%"
"Oct 21, 2004","814.05","824.94","826.58","812.28","","-1.43%"
"Oct 20, 2004","825.87","837.30","837.30","824.98","","-1.69%"
"Oct 19, 2004","840.07","828.78","840.93","828.67","","+2.14%"
"Oct 18, 2004","822.45","832.01","832.01","819.97","","-1.02%"
"Oct 15, 2004","830.94","826.56","834.68","823.10","","+0.13%"
"Oct 14, 2004","829.90","842.83","842.93","829.72","","-1.90%"
"Oct 13, 2004","845.95","862.03","864.71","845.95","","-1.79%"
"Oct 12, 2004","861.39","868.02","869.93","858.69","","-0.67%"
"Oct 08, 2004","867.21","866.04","871.89","865.17","","-0.48%"
"Oct 07, 2004","871.40","878.21","878.34","870.97","","-0.76%"
"Oct 06, 2004","878.06","875.25","879.56","871.48","","0.00%"
"Oct 05, 2004","878.05","876.43","878.53","871.46","","-0.22%"
"Oct 04, 2004","880.02","864.63","880.44","864.13","","+2.66%"
"Oct 01, 2004","857.18","843.07","857.93","841.19","","+2.55%"
"Sep 30, 2004","835.90","834.80","841.04","832.53","","+0.53%"
"Sep 29, 2004","831.49","836.76","837.49","829.00","","+0.41%"
"Sep 28, 2004","828.10","826.72","830.65","822.10","","-0.91%"
"Sep 27, 2004","835.69","839.74","844.56","831.33","","-1.03%"
"Sep 24, 2004","844.40","848.65","848.65","838.62","","-1.36%"
"Sep 22, 2004","856.07","857.81","861.17","849.26","","-0.01%"
"Sep 21, 2004","856.12","861.01","861.05","855.50","","-0.70%"
"Sep 17, 2004","862.12","866.46","869.18","858.36","","-0.72%"
"Sep 16, 2004","868.38","870.18","872.22","867.42","","-1.13%"
"Sep 15, 2004","878.31","890.76","892.84","878.31","","-1.28%"
"Sep 14, 2004","889.70","884.33","893.03","884.33","","+0.93%"
"Sep 13, 2004","881.47","871.18","883.57","871.18","","+1.31%"
"Sep 10, 2004","870.05","875.98","875.98","863.66","","-0.92%"
"Sep 09, 2004","878.09","884.21","888.49","876.13","","-1.04%"
"Sep 08, 2004","887.36","886.59","889.79","885.24","","+0.55%"
"Sep 07, 2004","882.51","881.47","883.46","878.27","","+0.26%"
"Sep 06, 2004","880.24","866.08","882.74","866.08","","+1.77%"
"Sep 03, 2004","864.97","874.41","876.70","864.12","","-0.75%"
"Sep 02, 2004","871.52","871.86","873.45","867.58","","+0.44%"
"Sep 01, 2004","867.67","869.05","869.52","864.19","","+0.04%"
"Aug 31, 2004","867.31","873.61","875.05","864.40","","-0.91%"
"Aug 30, 2004","875.27","874.19","877.95","871.57","","+0.21%"
"Aug 27, 2004","873.46","867.94","873.46","866.09","","+0.71%"
"Aug 26, 2004","867.29","869.71","874.96","866.10","","+0.85%"
"Aug 25, 2004","860.02","851.05","861.42","849.01","","+0.87%"
"Aug 24, 2004","852.62","849.79","855.80","846.85","","+0.43%"
"Aug 23, 2004","848.97","847.39","852.09","846.90","","+0.99%"
"Aug 20, 2004","840.61","833.88","844.55","833.88","","+0.58%"
"Aug 19, 2004","835.74","819.14","838.09","818.34","","+2.93%"
"Aug 18, 2004","811.97","809.01","812.58","805.84","","+0.83%"
"Aug 17, 2004","805.31","808.16","812.70","804.68","","+0.33%"
"Aug 16, 2004","802.64","806.34","806.86","792.35","","-0.98%"
"Aug 13, 2004","810.62","827.67","827.67","810.62","","-3.31%"
"Aug 12, 2004","838.39","835.11","840.86","833.40","","+0.14%"
"Aug 11, 2004","837.19","828.90","837.35","827.65","","+2.19%"
"Aug 10, 2004","819.22","811.19","824.05","811.19","","+0.88%"
"Aug 09, 2004","812.10","810.32","812.65","802.61","","-0.93%"
"Aug 06, 2004","819.69","818.21","819.91","815.50","","-0.92%"
"Aug 05, 2004","827.28","820.02","830.41","819.13","","+1.55%"
"Aug 04, 2004","814.69","821.07","821.85","807.80","","-1.47%"
"Aug 03, 2004","826.83","836.79","838.25","823.83","","-1.22%"
"Aug 02, 2004","837.06","839.17","840.32","834.82","","-0.15%"
"Jul 30, 2004","838.29","838.95","843.94","836.29","","+1.20%"
"Jul 29, 2004","828.36","835.79","836.65","824.49","","-1.57%"
"Jul 28, 2004","841.59","830.48","843.64","830.48","","+2.41%"
"Jul 27, 2004","821.77","826.76","832.61","821.77","","-0.82%"
"Jul 26, 2004","828.56","831.21","831.90","823.30","","-1.81%"
"Jul 23, 2004","843.86","862.14","862.14","843.21","","-3.10%"
"Jul 22, 2004","870.89","874.62","874.62","864.01","","-1.84%"
"Jul 21, 2004","887.23","879.57","888.13","876.96","","+1.82%"
"Jul 20, 2004","871.39","875.45","877.44","868.50","","-1.41%"
"Jul 16, 2004","883.86","879.75","888.29","871.80","","+0.33%"
"Jul 15, 2004","880.99","886.65","888.23","873.35","","+0.15%"
"Jul 14, 2004","879.67","899.44","901.25","879.67","","-1.54%"
"Jul 13, 2004","893.41","888.37","894.17","885.70","","+0.45%"
"Jul 12, 2004","889.38","881.00","892.09","879.28","","+2.15%"
"Jul 09, 2004","870.68","861.22","870.68","861.22","","+0.74%"
"Jul 08, 2004","864.31","864.45","871.52","862.44","","-0.70%"
"Jul 07, 2004","870.36","869.98","872.77","860.00","","-1.18%"
"Jul 06, 2004","880.76","887.40","890.16","880.76","","-0.89%"
"Jul 05, 2004","888.70","895.96","897.78","885.20","","-1.52%"
"Jul 02, 2004","902.40","898.74","905.44","895.93","","-0.22%"
"Jul 01, 2004","904.40","908.56","909.34","904.15","","+0.41%"
"Jun 30, 2004","900.74","900.68","903.15","895.67","","-0.56%"
"Jun 29, 2004","905.85","903.57","907.42","898.99","","-0.19%"
"Jun 28, 2004","907.60","905.20","907.60","899.95","","+0.95%"
"Jun 25, 2004","899.10","898.80","902.12","894.87","","+0.60%"
"Jun 24, 2004","893.71","886.90","895.27","886.90","","+1.95%"
"Jun 23, 2004","876.60","876.13","886.51","874.46","","+0.83%"
"Jun 22, 2004","869.41","866.79","870.69","862.87","","-0.03%"
"Jun 21, 2004","869.63","866.78","877.53","866.78","","+1.42%"
"Jun 18, 2004","857.42","868.79","868.79","852.68","","-1.74%"
"Jun 17, 2004","872.57","880.11","880.59","869.08","","-0.76%"
"Jun 16, 2004","879.25","871.57","882.73","870.28","","+1.76%"
"Jun 15, 2004","864.07","876.93","876.93","861.80","","-2.38%"
"Jun 14, 2004","885.16","889.47","898.31","881.38","","-0.74%"
"Jun 11, 2004","891.77","891.76","893.71","886.52","","+0.24%"
"Jun 10, 2004","889.64","878.44","891.85","877.75","","+0.73%"
"Jun 09, 2004","883.23","875.57","886.42","871.30","","+1.39%"
"Jun 08, 2004","871.10","868.74","871.75","862.67","","+0.58%"
"Jun 07, 2004","866.08","856.26","871.47","854.10","","+2.05%"
"Jun 04, 2004","848.65","844.26","849.56","842.40","","+0.55%"
"Jun 03, 2004","844.03","871.38","872.75","840.54","","-3.11%"
"Jun 02, 2004","871.10","877.73","877.73","868.79","","-1.50%"
"Jun 01, 2004","884.39","881.20","890.05","879.88","","-0.14%"
"May 31, 2004","885.65","885.07","886.92","875.45","","+0.62%"
"May 28, 2004","880.18","884.39","887.28","880.18","","+0.33%"
"May 27, 2004","877.32","880.44","884.31","875.48","","+0.04%"
"May 26, 2004","876.95","872.07","883.29","872.07","","+1.94%"
"May 25, 2004","860.26","867.77","867.77","856.42","","-1.06%"
"May 24, 2004","869.47","876.38","880.00","865.23","","+0.32%"
"May 21, 2004","866.73","854.22","867.24","852.69","","+1.38%"
"May 20, 2004","854.92","850.38","865.05","845.04","","+0.90%"
"May 19, 2004","847.26","833.71","853.19","828.61","","+1.92%"
"May 18, 2004","831.33","818.12","833.18","818.12","","+1.30%"
"May 17, 2004","820.68","849.47","849.63","820.66","","-4.39%"
"May 14, 2004","858.34","863.44","864.26","853.58","","-0.21%"
"May 13, 2004","860.18","879.09","879.09","860.18","","-1.98%"
"May 12, 2004","877.60","873.80","881.14","867.66","","+1.80%"
"May 11, 2004","862.06","834.53","867.20","833.49","","+3.43%"
"May 10, 2004","833.46","872.36","873.53","831.22","","-5.27%"
"May 07, 2004","879.85","885.34","888.70","877.64","","-1.66%"
"May 06, 2004","894.74","910.66","911.39","893.90","","-2.16%"
"Apr 30, 2004","914.47","923.70","923.70","906.39","","-2.23%"
"Apr 28, 2004","935.28","941.56","944.12","933.39","","-0.60%"
"Apr 27, 2004","940.90","945.75","945.75","937.97","","-0.87%"
"Apr 26, 2004","949.20","959.22","960.64","949.20","","-0.99%"
"Apr 23, 2004","958.73","954.15","959.30","950.77","","+1.20%"
"Apr 22, 2004","947.38","952.60","957.41","945.65","","+0.12%"
"Apr 21, 2004","946.23","935.26","949.22","927.98","","+1.02%"
"Apr 20, 2004","936.67","920.27","938.63","919.89","","+1.43%"
"Apr 19, 2004","923.50","939.76","941.10","913.37","","-1.37%"
"Apr 16, 2004","936.29","927.01","940.27","926.78","","+0.79%"
"Apr 15, 2004","928.99","951.56","954.59","927.04","","-2.35%"
"Apr 14, 2004","951.33","950.92","954.71","949.45","","-0.56%"
"Apr 13, 2004","956.72","960.84","961.47","955.61","","+0.10%"
"Apr 12, 2004","955.74","943.05","955.74","943.05","","+1.60%"
"Apr 09, 2004","940.66","952.74","952.74","938.47","","-2.22%"
"Apr 08, 2004","962.03","938.79","964.19","938.79","","+2.77%"
"Apr 07, 2004","936.09","928.13","945.44","928.11","","+1.27%"
"Apr 06, 2004","924.35","928.31","932.19","916.22","","-0.02%"
"Apr 05, 2004","924.56","919.50","928.73","919.45","","+1.82%"
"Apr 02, 2004","908.06","897.42","910.65","896.52","","+1.40%"
"Apr 01, 2004","895.49","901.23","906.41","894.26","","-0.18%"
"Mar 31, 2004","897.09","885.82","897.09","885.82","","+1.30%"
"Mar 30, 2004","885.58","894.00","895.02","882.87","","-0.61%"
"Mar 29, 2004","891.03","889.53","895.91","887.72","","-0.09%"
"Mar 26, 2004","891.81","893.24","898.42","886.82","","+0.15%"
"Mar 25, 2004","890.47","885.47","890.47","879.88","","+1.23%"
"Mar 24, 2004","879.69","860.86","880.04","860.86","","+2.70%"
"Mar 23, 2004","856.55","844.13","860.22","840.95","","+0.79%"
"Mar 22, 2004","849.82","841.86","849.82","840.35","","+0.70%"
"Mar 19, 2004","843.94","837.64","846.41","836.75","","+0.13%"
"Mar 18, 2004","842.86","846.16","848.75","841.47","","+0.38%"
"Mar 17, 2004","839.66","825.94","841.42","825.94","","+1.98%"
"Mar 16, 2004","823.37","828.09","830.20","821.23","","-1.02%"
"Mar 15, 2004","831.83","827.32","833.77","827.32","","+1.60%"
"Mar 12, 2004","818.75","816.41","819.92","813.29","","-1.18%"
"Mar 11, 2004","828.54","822.92","832.03","817.64","","-0.48%"
"Mar 10, 2004","832.52","840.23","840.93","828.62","","-1.61%"
"Mar 09, 2004","846.12","830.20","846.12","829.75","","+1.68%"
"Mar 08, 2004","832.16","831.11","838.18","829.75","","+0.55%"
"Mar 05, 2004","827.64","830.39","830.81","822.49","","-0.02%"
"Mar 04, 2004","827.77","827.03","833.76","824.19","","-0.05%"
"Mar 03, 2004","828.19","822.02","830.70","821.39","","+0.97%"
"Mar 02, 2004","820.25","820.09","822.21","814.07","","+0.37%"
"Mar 01, 2004","817.23","809.33","817.73","808.23","","+2.01%"
"Feb 27, 2004","801.13","796.38","806.21","791.53","","+0.91%"
"Feb 26, 2004","793.92","787.32","793.92","783.12","","+1.05%"
"Feb 25, 2004","785.65","782.15","789.71","781.88","","-0.16%"
"Feb 24, 2004","786.94","794.71","795.93","783.28","","-0.78%"
"Feb 23, 2004","793.12","785.99","794.60","784.43","","+1.05%"
"Feb 20, 2004","784.84","783.58","786.17","781.21","","-0.24%"
"Feb 19, 2004","786.72","778.77","791.16","778.60","","+1.58%"
"Feb 18, 2004","774.47","776.45","781.22","773.08","","+0.23%"
"Feb 17, 2004","772.72","763.49","776.62","762.03","","+1.08%"
"Feb 16, 2004","764.48","763.09","766.17","760.09","","+0.03%"
"Feb 13, 2004","764.22","752.29","765.05","751.40","","+1.23%"
"Feb 12, 2004","754.95","757.91","760.80","753.68","","+0.17%"
"Feb 10, 2004","753.65","755.29","762.40","751.42","","+0.16%"
"Feb 09, 2004","752.47","760.23","767.42","748.50","","-0.52%"
"Feb 06, 2004","756.39","755.45","760.19","753.63","","+0.48%"
"Feb 05, 2004","752.77","745.56","753.46","745.36","","+0.29%"
"Feb 04, 2004","750.63","764.30","765.63","750.55","","-1.44%"
"Feb 03, 2004","761.60","771.70","772.93","753.48","","-0.95%"
"Feb 02, 2004","768.94","762.65","771.16","762.38","","+0.63%"
"Jan 30, 2004","764.10","761.14","764.88","756.63","","+0.31%"
"Jan 29, 2004","761.71","763.84","766.77","755.58","","-1.20%"
"Jan 28, 2004","770.98","771.93","775.46","768.82","","-0.78%"
"Jan 27, 2004","777.05","782.39","786.03","775.83","","+0.01%"
"Jan 26, 2004","776.99","779.16","781.17","771.80","","-0.36%"
"Jan 23, 2004","779.76","779.18","784.28","774.00","","-0.41%"
"Jan 22, 2004","782.94","789.41","791.34","781.84","","-0.08%"
"Jan 21, 2004","783.53","780.06","793.87","776.41","","+0.29%"
"Jan 20, 2004","781.28","786.11","788.06","781.28","","-0.80%"
"Jan 19, 2004","787.56","779.59","788.42","778.48","","+1.35%"
"Jan 16, 2004","777.09","757.58","777.09","757.23","","+2.50%"
"Jan 15, 2004","758.15","765.07","768.09","757.85","","-1.02%"
"Jan 14, 2004","765.93","763.31","766.44","759.58","","+0.04%"
"Jan 13, 2004","765.62","767.85","768.99","761.75","","-0.04%"
"Jan 09, 2004","765.94","760.30","767.16","755.98","","+1.70%"
"Jan 08, 2004","753.14","747.92","755.16","746.29","","+1.05%"
"Jan 07, 2004","745.34","742.16","745.34","739.72","","+0.31%"
"Jan 06, 2004","743.01","748.51","749.63","742.04","","-0.04%"
"Jan 05, 2004","743.34","744.38","747.58","741.88","","+0.86%"
"Dec 30, 2003","736.98","732.05","737.44","731.50","","+1.80%"
"Dec 29, 2003","723.96","718.45","724.78","718.29","","+1.24%"
"Dec 26, 2003","715.12","709.62","715.12","707.77","","+0.78%"
"Dec 25, 2003","709.60","711.25","711.25","707.25","","-0.79%"
"Dec 24, 2003","715.24","709.02","715.24","707.08","","+0.75%"
"Dec 22, 2003","709.92","708.42","711.22","706.50","","-0.19%"
"Dec 19, 2003","711.29","703.89","711.29","702.53","","+1.76%"
"Dec 18, 2003","698.98","691.20","698.98","689.75","","+1.29%"
"Dec 17, 2003","690.11","696.69","696.94","688.73","","-0.59%"
"Dec 16, 2003","694.20","694.90","695.18","689.56","","-0.93%"
"Dec 15, 2003","700.74","698.49","701.80","696.60","","+1.33%"
"Dec 12, 2003","691.56","686.89","691.96","685.07","","+1.25%"
"Dec 11, 2003","682.99","682.88","686.58","677.92","","+0.05%"
"Dec 10, 2003","682.65","684.71","684.71","677.98","","-0.35%"
"Dec 09, 2003","685.03","690.74","691.05","679.81","","-0.63%"
"Dec 08, 2003","689.36","699.37","699.37","686.52","","-1.81%"
"Dec 05, 2003","702.04","704.37","704.51","697.92","","-0.54%"
"Dec 04, 2003","705.82","693.63","706.84","692.53","","+1.37%"
"Dec 03, 2003","696.25","701.60","701.60","693.22","","-1.14%"
"Dec 02, 2003","704.29","700.19","706.68","700.19","","+1.45%"
"Dec 01, 2003","694.23","677.72","698.47","672.22","","+1.97%"
"Nov 28, 2003","680.83","682.16","684.23","678.63","","+0.12%"
"Nov 27, 2003","680.01","681.30","681.84","678.29","","+0.71%"
"Nov 26, 2003","675.22","665.27","678.05","665.27","","+1.27%"
"Nov 25, 2003","666.76","673.97","677.87","666.33","","+0.36%"
"Nov 21, 2003","664.38","661.21","667.09","658.10","","+0.04%"
"Nov 20, 2003","664.14","667.16","668.84","656.56","","+0.49%"
"Nov 19, 2003","660.92","661.21","667.64","659.88","","-0.38%"
"Nov 18, 2003","663.44","664.06","668.73","652.95","","-0.74%"
"Nov 17, 2003","668.38","697.12","697.12","666.65","","-5.11%"
"Nov 14, 2003","704.34","706.51","708.77","701.11","","+0.03%"
"Nov 13, 2003","704.16","706.15","708.24","698.30","","+0.98%"
"Nov 12, 2003","697.30","699.61","701.64","690.21","","-0.48%"
"Nov 11, 2003","700.63","714.43","714.72","690.48","","-2.75%"
"Nov 10, 2003","720.42","726.38","726.38","718.18","","-0.91%"
"Nov 07, 2003","727.03","728.28","728.28","717.84","","+0.10%"
"Nov 06, 2003","726.32","741.99","741.99","726.05","","-1.91%"
"Nov 05, 2003","740.44","740.37","741.25","731.84","","-0.36%"
"Nov 04, 2003","743.14","733.57","744.27","733.40","","+2.48%"
"Oct 31, 2003","725.18","730.09","731.34","717.27","","-0.25%"
"Oct 30, 2003","726.99","712.09","729.80","710.42","","+2.53%"
"Oct 29, 2003","709.06","710.37","713.43","705.04","","+0.73%"
"Oct 28, 2003","703.92","694.84","706.18","694.51","","+1.75%"
"Oct 27, 2003","691.79","692.58","695.77","689.62","","-0.42%"
"Oct 24, 2003","694.70","702.14","705.95","688.37","","-0.37%"
"Oct 23, 2003","697.28","721.29","721.90","696.50","","-4.33%"
"Oct 22, 2003","728.87","739.47","739.47","727.31","","-1.04%"
"Oct 21, 2003","736.56","744.19","751.30","734.35","","-0.08%"
"Oct 20, 2003","737.14","732.26","739.34","726.95","","+1.15%"
"Oct 17, 2003","728.77","712.90","730.43","712.78","","+2.82%"
"Oct 16, 2003","708.77","706.34","708.77","700.86","","+0.53%"
"Oct 15, 2003","705.00","710.46","711.42","701.58","","-0.23%"
"Oct 14, 2003","706.59","706.40","709.01","703.80","","+0.85%"
"Oct 10, 2003","700.65","698.79","705.12","696.69","","+0.33%"
"Oct 09, 2003","698.34","702.80","703.72","694.90","","-0.89%"
"Oct 08, 2003","704.59","717.30","718.45","701.99","","-2.13%"
"Oct 07, 2003","719.95","716.59","720.03","712.13","","+0.48%"
"Oct 06, 2003","716.54","725.72","729.66","716.54","","-0.51%"
"Oct 03, 2003","720.18","706.06","721.17","704.95","","+2.41%"
"Oct 02, 2003","703.21","695.77","703.21","694.32","","+2.34%"
"Oct 01, 2003","687.10","686.68","690.58","683.57","","+0.39%"
"Sep 30, 2003","684.41","683.55","694.06","680.73","","+1.02%"
"Sep 29, 2003","677.49","684.05","684.53","676.93","","-0.98%"
"Sep 26, 2003","684.21","679.43","688.92","677.06","","+0.19%"
"Sep 25, 2003","682.94","687.17","687.17","676.20","","-2.05%"
"Sep 24, 2003","697.20","702.91","704.89","690.07","","-0.39%"
"Sep 22, 2003","699.93","705.67","707.71","692.63","","-0.61%"
"Sep 19, 2003","704.26","708.22","716.07","699.85","","-0.31%"
"Sep 18, 2003","706.46","706.94","709.80","701.32","","+0.18%"
"Sep 17, 2003","705.19","709.34","713.93","704.03","","+0.53%"
"Sep 16, 2003","701.46","700.18","705.40","699.14","","+1.05%"
"Sep 12, 2003","694.20","682.82","698.14","682.61","","+2.73%"
"Sep 11, 2003","675.73","683.46","683.56","675.46","","-2.12%"
"Sep 10, 2003","690.36","696.03","698.20","688.95","","-0.97%"
"Sep 09, 2003","697.10","691.10","697.96","690.79","","+1.38%"
"Sep 08, 2003","687.61","680.19","691.18","680.19","","+0.25%"
"Sep 05, 2003","685.91","688.02","691.52","681.35","","+0.06%"
"Sep 04, 2003","685.47","698.50","699.58","685.47","","-2.40%"
"Sep 03, 2003","702.34","715.47","716.88","699.57","","-1.57%"
"Sep 02, 2003","713.55","711.31","715.60","707.17","","+0.53%"
"Sep 01, 2003","709.77","699.98","709.77","696.17","","+1.88%"
"Aug 29, 2003","696.66","691.93","697.28","691.23","","+1.53%"
"Aug 28, 2003","686.18","694.63","698.58","684.13","","-0.73%"
"Aug 27, 2003","691.20","691.69","700.60","687.92","","+1.01%"
"Aug 26, 2003","684.30","675.76","687.25","673.47","","+1.36%"
"Aug 25, 2003","675.14","673.86","679.34","670.84","","+0.46%"
"Aug 22, 2003","672.02","678.70","679.89","671.94","","-0.83%"
"Aug 21, 2003","677.63","675.40","679.64","670.91","","+0.10%"
"Aug 20, 2003","676.94","671.38","679.32","667.14","","+1.57%"
"Aug 19, 2003","666.46","662.06","670.67","660.80","","+1.84%"
"Aug 18, 2003","654.42","642.94","655.65","642.94","","+2.42%"
"Aug 15, 2003","638.94","644.33","647.30","635.06","","-0.49%"
"Aug 14, 2003","642.09","633.12","642.23","630.94","","+0.86%"
"Aug 13, 2003","636.61","631.34","638.69","631.34","","+1.47%"
"Aug 12, 2003","627.41","624.35","630.00","623.26","","+0.53%"
"Aug 11, 2003","624.08","620.85","624.92","619.74","","+0.52%"
"Aug 08, 2003","620.83","612.32","622.76","612.32","","+1.07%"
"Aug 07, 2003","614.25","615.83","616.53","609.42","","-0.66%"
"Aug 06, 2003","618.36","632.92","632.97","617.83","","-3.62%"
"Aug 05, 2003","641.57","646.40","646.73","637.57","","-0.72%"
"Aug 04, 2003","646.21","649.44","653.13","646.21","","-0.71%"
"Aug 01, 2003","650.80","652.61","653.92","648.63","","+0.59%"
"Jul 31, 2003","646.97","649.31","654.26","641.88","","-0.37%"
"Jul 30, 2003","649.40","657.24","658.97","649.40","","-1.50%"
"Jul 29, 2003","659.29","662.91","663.78","655.91","","+0.16%"
"Jul 28, 2003","658.25","647.74","658.61","646.45","","+2.25%"
"Jul 25, 2003","643.78","642.52","646.95","637.78","","+0.01%"
"Jul 24, 2003","643.72","646.52","648.11","643.72","","+0.47%"
"Jul 23, 2003","640.74","624.54","640.74","624.40","","+3.67%"
"Jul 22, 2003","618.08","619.71","624.37","615.01","","-0.77%"
"Jul 18, 2003","622.88","611.13","624.70","609.01","","+1.51%"
"Jul 17, 2003","613.62","623.55","623.55","613.14","","-2.33%"
"Jul 16, 2003","628.25","634.39","636.48","622.03","","-1.21%"
"Jul 15, 2003","635.95","643.92","647.34","634.75","","-0.98%"
"Jul 14, 2003","642.23","643.77","645.71","639.58","","+0.69%"
"Jul 11, 2003","637.83","650.38","650.49","635.52","","-2.88%"
"Jul 10, 2003","656.73","659.36","665.56","653.01","","-0.78%"
"Jul 09, 2003","661.91","658.26","662.94","653.53","","+1.26%"
"Jul 08, 2003","653.65","648.96","663.42","647.29","","+1.81%"
"Jul 07, 2003","642.05","628.15","642.61","628.15","","+3.34%"
"Jul 04, 2003","621.32","616.07","624.52","616.07","","+0.32%"
"Jul 03, 2003","619.35","642.45","644.10","611.38","","-2.60%"
"Jul 02, 2003","635.88","631.23","636.72","627.59","","+1.64%"
"Jul 01, 2003","625.63","621.77","627.65","620.28","","+1.05%"
"Jun 30, 2003","619.15","621.54","623.98","615.01","","+0.28%"
"Jun 27, 2003","617.40","601.08","618.60","601.08","","+3.58%"
"Jun 26, 2003","596.04","593.37","596.04","590.52","","+0.50%"
"Jun 25, 2003","593.05","586.80","594.88","586.80","","+0.73%"
"Jun 24, 2003","588.73","594.72","595.60","586.38","","-2.15%"
"Jun 23, 2003","601.67","597.82","603.58","596.95","","+1.09%"
"Jun 20, 2003","595.21","586.99","596.09","586.96","","+1.06%"
"Jun 19, 2003","588.98","591.57","593.86","585.79","","-0.44%"
"Jun 18, 2003","591.59","595.98","599.38","590.65","","-0.50%"
"Jun 17, 2003","594.59","596.72","602.19","591.99","","+0.63%"
"Jun 16, 2003","590.89","589.46","593.29","587.32","","+0.72%"
"Jun 13, 2003","586.67","583.41","589.37","581.82","","+0.21%"
"Jun 12, 2003","585.46","597.55","598.01","584.79","","-1.73%"
"Jun 11, 2003","595.74","593.33","601.40","593.33","","+1.35%"
"Jun 10, 2003","587.78","587.98","588.78","584.74","","-0.85%"
"Jun 09, 2003","592.82","598.47","599.28","592.02","","-0.70%"
"Jun 06, 2003","596.98","589.81","598.83","583.19","","+1.61%"
"Jun 05, 2003","587.51","578.59","589.92","578.59","","+2.68%"
"Jun 04, 2003","572.20","571.41","576.62","571.39","","+1.16%"
"Jun 03, 2003","565.62","562.43","567.78","562.16","","+0.88%"
"Jun 02, 2003","560.69","565.59","565.79","560.39","","+0.04%"
"May 30, 2003","560.44","556.65","562.56","555.44","","+0.57%"
"May 29, 2003","557.29","547.65","557.36","546.29","","+2.45%"
"May 28, 2003","543.94","545.30","550.02","543.94","","+1.03%"
"May 27, 2003","538.39","544.76","547.11","538.37","","-1.79%"
"May 26, 2003","548.23","552.63","553.81","547.18","","-0.42%"
"May 23, 2003","550.56","545.66","553.78","543.46","","+1.46%"
"May 22, 2003","542.62","540.41","544.79","539.82","","+0.24%"
"May 21, 2003","541.30","539.65","543.94","538.91","","+0.44%"
"May 20, 2003","538.95","537.27","538.95","529.92","","-0.47%"
"May 19, 2003","541.48","546.66","548.75","538.73","","-1.07%"
"May 16, 2003","547.33","545.10","549.20","542.95","","+0.79%"
"May 15, 2003","543.03","547.90","549.59","540.13","","-1.25%"
"May 14, 2003","549.91","548.49","551.58","547.97","","+0.86%"
"May 13, 2003","545.20","546.24","552.49","545.20","","+0.60%"
"May 12, 2003","541.95","537.59","543.12","534.22","","+1.60%"
"May 09, 2003","533.44","530.40","533.79","528.67","","+0.71%"
"May 08, 2003","529.67","532.84","533.14","528.99","","-0.69%"
"May 07, 2003","533.33","536.74","538.86","529.23","","-0.49%"
"May 06, 2003","535.96","537.05","540.76","535.96","","+0.99%"
"May 02, 2003","530.72","527.00","531.25","524.49","","+0.77%"
"May 01, 2003","526.69","523.36","527.35","521.17","","-0.11%"
"Apr 30, 2003","527.25","523.54","527.25","520.95","","+1.81%"
"Apr 28, 2003","517.89","520.23","520.39","514.39","","-0.96%"
"Apr 25, 2003","522.93","523.04","526.41","520.33","","-0.52%"
"Apr 24, 2003","525.66","526.60","529.75","523.81","","+0.14%"
"Apr 23, 2003","524.90","520.52","529.60","519.32","","+1.76%"
"Apr 22, 2003","515.83","525.84","525.96","514.29","","-1.88%"
"Apr 21, 2003","525.70","518.42","527.08","518.42","","+1.91%"
"Apr 18, 2003","515.84","517.32","518.70","515.37","","-0.42%"
"Apr 17, 2003","518.02","516.89","520.88","514.95","","-0.09%"
"Apr 16, 2003","518.50","513.32","521.60","513.26","","+2.18%"
"Apr 15, 2003","507.42","503.92","512.95","500.66","","+1.87%"
"Apr 14, 2003","498.11","509.78","513.25","496.16","","-2.97%"
"Apr 11, 2003","513.34","517.62","518.76","512.10","","-1.34%"
"Apr 10, 2003","520.30","529.72","529.76","517.52","","-1.68%"
"Apr 09, 2003","529.18","524.46","531.49","522.25","","+0.69%"
"Apr 08, 2003","525.55","529.79","531.01","522.95","","-1.11%"
"Apr 07, 2003","531.44","534.24","534.65","524.87","","+0.47%"
"Apr 04, 2003","528.96","522.75","528.96","518.82","","+0.73%"
"Apr 03, 2003","525.15","535.63","540.88","523.46","","-0.88%"
"Apr 02, 2003","529.79","524.60","529.79","518.22","","+1.65%"
"Apr 01, 2003","521.17","511.99","521.58","511.39","","+0.99%"
"Mar 31, 2003","516.04","536.24","536.24","514.92","","-3.98%"
"Mar 28, 2003","537.42","545.16","545.16","535.68","","-1.73%"
"Mar 27, 2003","546.86","543.83","548.56","542.58","","+0.73%"
"Mar 26, 2003","542.92","534.42","544.22","534.42","","+1.74%"
"Mar 25, 2003","533.64","541.10","543.01","533.12","","-2.38%"
"Mar 24, 2003","546.64","540.19","550.26","540.19","","+2.34%"
"Mar 20, 2003","534.15","527.12","536.90","525.41","","+2.61%"
"Mar 19, 2003","520.58","520.87","520.87","507.28","","-0.29%"
"Mar 18, 2003","522.07","516.90","526.68","516.90","","+2.45%"
"Mar 17, 2003","509.57","524.32","524.89","509.57","","-2.74%"
"Mar 14, 2003","523.90","525.24","529.03","522.96","","-0.04%"
"Mar 13, 2003","524.13","527.53","530.96","523.58","","-0.41%"
"Mar 12, 2003","526.30","531.15","533.75","524.15","","-1.08%"
"Mar 11, 2003","532.05","533.41","544.13","531.70","","-1.27%"
"Mar 10, 2003","538.91","548.27","549.13","534.05","","-2.61%"
"Mar 07, 2003","553.34","564.88","565.13","553.34","","-2.93%"
"Mar 06, 2003","570.04","566.94","574.03","566.85","","+1.12%"
"Mar 05, 2003","563.75","565.10","566.03","562.30","","-1.09%"
"Mar 04, 2003","569.96","571.01","571.88","566.40","","-0.60%"
"Mar 03, 2003","573.42","565.56","573.67","564.98","","+1.61%"
"Feb 28, 2003","564.34","559.98","565.61","558.51","","+1.57%"
"Feb 27, 2003","555.63","551.61","556.50","549.66","","+0.60%"
"Feb 26, 2003","552.31","552.08","556.24","551.01","","-0.08%"
"Feb 25, 2003","552.73","557.64","557.84","551.31","","-1.54%"
"Feb 24, 2003","561.38","558.39","563.62","557.59","","+0.97%"
"Feb 21, 2003","555.98","558.56","563.97","555.13","","0.00%"
"Feb 20, 2003","556.00","556.69","556.69","549.54","","-0.40%"
"Feb 19, 2003","558.23","559.75","560.79","557.01","","+0.48%"
"Feb 18, 2003","555.58","554.32","557.11","551.86","","+0.30%"
"Feb 17, 2003","553.92","550.50","555.16","549.87","","+1.24%"
"Feb 14, 2003","547.13","543.69","552.59","543.69","","+0.13%"
"Feb 13, 2003","546.42","553.90","553.90","544.08","","-1.29%"
"Feb 12, 2003","553.57","544.17","553.88","543.04","","+1.87%"
"Feb 10, 2003","543.42","538.35","543.42","537.35","","+0.58%"
"Feb 07, 2003","540.26","545.76","548.62","540.26","","-1.01%"
"Feb 06, 2003","545.79","550.74","550.74","543.77","","-0.39%"
"Feb 05, 2003","547.91","540.13","554.09","539.44","","+0.64%"
"Feb 04, 2003","544.42","539.35","547.99","538.50","","+2.14%"
"Feb 03, 2003","533.03","520.10","534.42","519.02","","+2.44%"
"Jan 31, 2003","520.35","521.11","522.52","518.92","","-0.52%"
"Jan 30, 2003","523.06","526.19","526.82","522.63","","-0.52%"
"Jan 29, 2003","525.78","536.74","538.89","524.73","","-1.99%"
"Jan 28, 2003","536.46","538.92","539.61","536.21","","-1.30%"
"Jan 27, 2003","543.54","541.23","544.83","539.38","","-0.41%"
"Jan 24, 2003","545.80","554.81","554.81","544.95","","-1.37%"
"Jan 23, 2003","553.39","543.77","553.97","540.40","","+1.94%"
"Jan 22, 2003","542.86","548.96","549.90","541.98","","-0.42%"
"Jan 21, 2003","545.13","539.93","547.24","537.47","","+1.24%"
"Jan 20, 2003","538.47","538.07","540.10","533.21","","-0.53%"
"Jan 17, 2003","541.33","533.88","543.64","532.98","","+0.58%"
"Jan 16, 2003","538.23","536.96","538.23","531.79","","-0.16%"
"Jan 15, 2003","539.10","533.82","539.33","532.14","","+1.15%"
"Jan 14, 2003","532.95","527.64","533.78","525.36","","+1.93%"
"Jan 10, 2003","522.85","525.90","526.82","517.74","","-0.08%"
"Jan 09, 2003","523.28","518.84","523.28","515.42","","-0.53%"
"Jan 08, 2003","526.09","533.40","533.51","524.75","","-1.77%"
"Jan 07, 2003","535.58","543.63","544.10","534.87","","-0.28%"
"Jan 06, 2003","537.09","527.34","537.09","527.34","","+3.05%"
"Dec 30, 2002","521.19","521.14","521.56","516.93","","-1.07%"
"Dec 27, 2002","526.85","523.28","526.85","520.02","","+0.28%"
"Dec 26, 2002","525.39","516.07","525.39","515.08","","+2.74%"
"Dec 25, 2002","511.38","515.03","517.37","507.38","","-0.78%"
"Dec 24, 2002","515.39","506.83","520.53","505.89","","+2.00%"
"Dec 20, 2002","505.29","504.64","507.03","499.04","","+0.41%"
"Dec 19, 2002","503.25","500.79","503.25","496.31","","+0.20%"
"Dec 18, 2002","502.26","512.03","513.15","501.41","","-2.46%"
"Dec 17, 2002","514.91","517.66","520.69","514.66","","+0.29%"
"Dec 16, 2002","513.41","520.10","523.37","513.41","","-2.36%"
"Dec 13, 2002","525.82","533.39","534.17","524.23","","-1.10%"
"Dec 12, 2002","531.66","532.32","532.82","529.10","","+0.11%"
"Dec 11, 2002","531.06","537.40","538.93","530.78","","-0.16%"
"Dec 10, 2002","531.89","530.24","535.94","528.25","","-0.26%"
"Dec 09, 2002","533.27","534.48","539.45","532.35","","-0.84%"
"Dec 06, 2002","537.78","539.06","542.43","534.42","","-0.17%"
"Dec 05, 2002","538.71","540.95","543.59","538.05","","-0.62%"
"Dec 04, 2002","542.06","549.70","551.26","540.11","","-2.51%"
"Dec 03, 2002","556.00","557.67","560.55","552.40","","+0.19%"
"Dec 02, 2002","554.93","561.84","564.20","554.93","","-1.09%"
"Nov 29, 2002","561.06","560.18","566.93","555.17","","+0.04%"
"Nov 28, 2002","560.86","555.05","562.66","554.59","","+2.19%"
"Nov 27, 2002","548.85","535.54","550.17","535.54","","+1.71%"
"Nov 26, 2002","539.62","548.51","548.51","534.19","","-0.57%"
"Nov 25, 2002","542.73","536.48","545.75","532.37","","+1.06%"
"Nov 22, 2002","537.03","533.14","538.59","532.64","","+2.21%"
"Nov 21, 2002","525.40","518.99","527.47","518.61","","+2.32%"
"Nov 20, 2002","513.50","511.99","519.31","510.14","","-0.20%"
"Nov 19, 2002","514.54","523.95","528.34","511.16","","-2.27%"
"Nov 18, 2002","526.48","536.01","536.59","523.78","","-1.99%"
"Nov 15, 2002","537.18","531.83","538.09","528.29","","+1.96%"
"Nov 14, 2002","526.84","534.46","537.72","525.91","","-2.74%"
"Nov 13, 2002","541.68","548.79","548.79","537.77","","-1.22%"
"Nov 12, 2002","548.37","539.46","549.11","539.46","","+0.73%"
"Nov 11, 2002","544.41","549.85","549.85","541.47","","-1.63%"
"Nov 08, 2002","553.41","561.92","564.79","551.10","","-2.70%"
"Nov 07, 2002","568.76","561.66","568.76","560.86","","+0.51%"
"Nov 06, 2002","565.86","572.65","573.17","564.06","","-0.93%"
"Nov 05, 2002","571.15","552.82","573.44","552.69","","+4.29%"
"Nov 01, 2002","547.67","543.30","547.67","538.06","","+0.91%"
"Oct 31, 2002","542.75","548.62","548.62","537.92","","-0.53%"
"Oct 30, 2002","545.63","538.17","548.57","537.87","","+1.10%"
"Oct 29, 2002","539.71","536.82","544.43","536.82","","+0.13%"
"Oct 28, 2002","539.00","538.87","539.00","530.16","","-0.17%"
"Oct 25, 2002","539.94","532.15","540.34","532.15","","+1.51%"
"Oct 24, 2002","531.90","536.23","537.86","526.08","","-0.83%"
"Oct 23, 2002","536.37","537.22","540.81","529.81","","-0.98%"
"Oct 22, 2002","541.67","558.79","559.12","541.39","","-2.72%"
"Oct 21, 2002","556.82","558.86","562.59","554.51","","+0.55%"
"Oct 18, 2002","553.80","552.46","556.45","551.76","","+1.47%"
"Oct 17, 2002","545.80","545.68","553.08","542.72","","-0.27%"
"Oct 16, 2002","547.26","547.08","551.39","546.17","","+1.31%"
"Oct 15, 2002","540.19","529.44","542.77","529.06","","+3.55%"
"Oct 11, 2002","521.69","520.95","528.45","519.09","","+1.61%"
"Oct 10, 2002","513.40","518.15","519.50","504.63","","-1.47%"
"Oct 09, 2002","521.08","531.76","533.14","518.95","","-2.81%"
"Oct 08, 2002","536.14","539.15","543.36","534.86","","-1.03%"
"Oct 07, 2002","541.70","558.38","558.38","539.24","","-3.97%"
"Oct 04, 2002","564.11","560.00","564.11","557.05","","-0.01%"
"Oct 03, 2002","564.17","570.00","572.38","564.01","","-1.10%"
"Oct 02, 2002","570.47","583.89","586.49","570.47","","-1.92%"
"Oct 01, 2002","581.61","590.03","590.15","580.48","","-2.53%"
"Sep 30, 2002","596.72","598.17","598.89","590.19","","-1.00%"
"Sep 27, 2002","602.73","595.20","603.47","595.20","","+2.41%"
"Sep 26, 2002","588.53","584.70","593.09","584.70","","+1.58%"
"Sep 25, 2002","579.36","581.55","592.23","576.61","","-0.58%"
"Sep 24, 2002","582.73","584.46","584.46","573.27","","-0.01%"
"Sep 20, 2002","582.77","585.88","595.50","582.77","","-1.48%"
"Sep 19, 2002","591.55","592.08","605.15","590.76","","+0.75%"
"Sep 18, 2002","587.12","583.30","587.61","574.55","","-0.23%"
"Sep 17, 2002","588.46","573.00","588.76","573.00","","+3.80%"
"Sep 13, 2002","566.90","572.82","572.82","562.77","","-1.49%"
"Sep 12, 2002","575.47","573.08","577.98","568.34","","+0.50%"
"Sep 11, 2002","572.62","567.89","573.73","567.14","","+1.81%"
"Sep 10, 2002","562.42","565.55","570.23","562.18","","-0.03%"
"Sep 09, 2002","562.57","556.85","563.12","556.62","","+2.30%"
"Sep 06, 2002","549.93","555.72","555.73","545.33","","-2.00%"
"Sep 05, 2002","561.14","560.36","566.60","555.81","","+1.37%"
"Sep 04, 2002","553.55","560.08","560.20","549.96","","-2.27%"
"Sep 03, 2002","566.38","583.57","584.21","565.57","","-3.70%"
"Sep 02, 2002","588.16","594.28","594.64","586.96","","-1.11%"
"Aug 30, 2002","594.78","595.30","597.60","586.42","","+0.46%"
"Aug 29, 2002","592.06","598.68","599.86","591.58","","-1.83%"
"Aug 28, 2002","603.09","610.90","612.91","601.60","","-0.77%"
"Aug 27, 2002","607.75","615.89","619.02","606.39","","-1.93%"
"Aug 26, 2002","619.70","605.16","622.48","603.15","","+2.27%"
"Aug 23, 2002","605.94","598.84","612.96","598.63","","+2.42%"
"Aug 22, 2002","591.61","584.41","593.87","578.08","","+0.90%"
"Aug 21, 2002","586.35","579.80","589.94","579.80","","+0.48%"
"Aug 20, 2002","583.54","583.88","587.18","581.54","","+0.93%"
"Aug 19, 2002","578.14","587.55","588.13","575.18","","-2.27%"
"Aug 16, 2002","591.55","593.76","598.20","587.35","","+0.02%"
"Aug 15, 2002","591.41","589.54","593.58","589.47","","+1.25%"
"Aug 14, 2002","584.08","582.38","585.21","578.22","","+0.71%"
"Aug 13, 2002","579.97","579.64","586.47","577.31","","-0.72%"
"Aug 12, 2002","584.17","602.50","602.50","584.17","","-3.39%"
"Aug 09, 2002","604.65","597.00","608.25","595.30","","+2.62%"
"Aug 08, 2002","589.22","594.26","600.42","587.75","","-0.11%"
"Aug 07, 2002","589.86","577.51","593.73","577.51","","+3.70%"
"Aug 06, 2002","568.79","581.82","581.96","563.35","","-3.49%"
"Aug 05, 2002","589.38","584.66","594.31","584.62","","-0.02%"
"Aug 02, 2002","589.51","597.95","597.95","589.51","","-1.96%"
"Aug 01, 2002","601.32","612.79","612.90","600.95","","-1.48%"
"Jul 31, 2002","610.36","612.40","614.52","609.66","","+0.05%"
"Jul 30, 2002","610.06","601.21","611.83","601.19","","+3.00%"
"Jul 29, 2002","592.32","596.12","604.31","592.32","","-0.47%"
"Jul 26, 2002","595.14","612.23","612.23","591.92","","-2.83%"
"Jul 25, 2002","612.48","627.13","629.96","612.29","","-1.07%"
"Jul 24, 2002","619.13","625.63","627.22","619.13","","-1.34%"
"Jul 23, 2002","627.51","630.46","635.84","623.88","","-0.62%"
"Jul 22, 2002","631.45","626.04","638.90","622.31","","-0.45%"
"Jul 19, 2002","634.33","643.71","644.09","632.93","","-2.50%"
"Jul 18, 2002","650.57","637.78","650.81","636.80","","+2.78%"
"Jul 17, 2002","632.95","631.85","636.45","624.75","","+0.11%"
"Jul 16, 2002","632.23","635.09","642.79","632.23","","-1.26%"
"Jul 15, 2002","640.27","653.24","654.40","640.27","","-1.71%"
"Jul 12, 2002","651.44","656.24","661.74","651.44","","+0.19%"
"Jul 11, 2002","650.21","657.26","657.26","648.09","","-1.39%"
"Jul 10, 2002","659.38","667.92","670.52","659.38","","-1.79%"
"Jul 09, 2002","671.39","657.83","671.39","657.29","","+2.36%"
"Jul 08, 2002","655.89","665.09","670.73","655.89","","-0.20%"
"Jul 05, 2002","657.18","649.93","664.89","649.93","","+0.94%"
"Jul 04, 2002","651.04","657.32","660.02","651.04","","-0.86%"
"Jul 03, 2002","656.66","637.76","658.85","635.36","","+2.15%"
"Jul 02, 2002","642.82","636.17","642.89","626.00","","+0.52%"
"Jul 01, 2002","639.50","641.13","644.15","635.32","","+0.48%"
"Jun 28, 2002","636.47","627.37","638.55","624.70","","+2.56%"
"Jun 27, 2002","620.61","617.51","623.80","612.97","","+1.66%"
"Jun 26, 2002","610.46","633.99","633.99","610.46","","-4.90%"
"Jun 25, 2002","641.93","639.02","648.16","634.89","","+1.29%"
"Jun 24, 2002","633.73","619.10","635.99","614.57","","+1.03%"
"Jun 21, 2002","627.25","638.10","638.15","624.93","","-1.96%"
"Jun 20, 2002","639.77","630.89","642.04","624.26","","+1.79%"
"Jun 19, 2002","628.52","650.05","650.05","626.74","","-3.92%"
"Jun 18, 2002","654.18","652.53","658.47","650.90","","+1.51%"
"Jun 17, 2002","644.43","666.65","668.00","639.96","","-4.26%"
"Jun 14, 2002","673.07","683.01","684.10","667.34","","-1.79%"
"Jun 13, 2002","685.37","703.78","704.17","680.66","","-2.05%"
"Jun 12, 2002","699.70","705.93","706.12","694.53","","-1.25%"
"Jun 11, 2002","708.55","706.01","711.89","705.88","","+1.05%"
"Jun 10, 2002","701.20","705.81","708.31","699.92","","-0.06%"
"Jun 07, 2002","701.60","703.23","703.38","695.75","","-1.49%"
"Jun 06, 2002","712.24","714.96","717.41","705.62","","-0.36%"
"Jun 05, 2002","714.80","706.88","715.47","702.47","","+1.24%"
"Jun 04, 2002","706.06","716.15","717.17","706.06","","-1.69%"
"Jun 03, 2002","718.18","706.23","718.18","706.23","","+2.44%"
"May 31, 2002","701.10","717.63","717.63","701.10","","-2.47%"
"May 30, 2002","718.83","725.42","725.50","711.93","","-1.21%"
"May 29, 2002","727.60","731.22","732.00","724.40","","-1.35%"
"May 28, 2002","737.59","743.42","743.42","734.28","","-0.94%"
"May 27, 2002","744.62","748.03","757.01","744.59","","-0.44%"
"May 24, 2002","747.88","748.98","749.79","738.09","","+0.66%"
"May 23, 2002","742.94","737.71","747.26","736.06","","+1.27%"
"May 22, 2002","733.60","721.48","734.10","721.48","","+0.97%"
"May 21, 2002","726.52","725.62","727.45","719.08","","+0.09%"
"May 20, 2002","725.88","730.90","732.18","719.31","","-0.12%"
"May 17, 2002","726.77","727.53","734.13","726.77","","+0.27%"
"May 16, 2002","724.83","716.15","724.83","714.39","","+1.81%"
"May 15, 2002","711.93","703.48","714.27","702.95","","+2.16%"
"May 14, 2002","696.87","714.58","714.64","692.19","","-1.68%"
"May 13, 2002","708.77","714.58","714.58","703.68","","-1.63%"
"May 10, 2002","720.53","719.22","723.93","717.10","","-0.44%"
"May 09, 2002","723.74","723.29","727.06","718.38","","+1.24%"
"May 08, 2002","714.88","714.66","724.57","713.75","","+0.32%"
"May 07, 2002","712.62","715.36","718.02","708.25","","-0.35%"
"May 02, 2002","715.10","715.69","721.90","713.18","","+0.58%"
"May 01, 2002","711.00","717.40","718.09","709.70","","-1.14%"
"Apr 30, 2002","719.18","722.99","723.16","710.35","","-0.89%"
"Apr 26, 2002","725.61","739.33","739.41","720.62","","-2.21%"
"Apr 25, 2002","742.03","738.94","742.03","736.28","","+0.80%"
"Apr 24, 2002","736.12","736.94","743.30","731.58","","-0.75%"
"Apr 23, 2002","741.72","728.50","747.71","726.71","","+1.70%"
"Apr 22, 2002","729.33","722.94","730.99","722.94","","+1.36%"
"Apr 19, 2002","719.52","716.55","719.52","707.65","","-0.18%"
"Apr 18, 2002","720.82","716.71","725.52","715.13","","+0.25%"
"Apr 17, 2002","719.04","703.83","719.17","703.43","","+2.85%"
"Apr 16, 2002","699.14","690.15","699.38","687.75","","+1.35%"
"Apr 15, 2002","689.82","680.44","690.02","677.99","","+1.92%"
"Apr 12, 2002","676.84","680.68","683.79","671.73","","-1.03%"
"Apr 11, 2002","683.85","691.68","691.68","683.71","","-0.65%"
"Apr 10, 2002","688.34","680.54","691.97","679.52","","+0.97%"
"Apr 09, 2002","681.76","696.47","698.44","679.72","","-2.49%"
"Apr 08, 2002","699.16","713.84","713.84","697.30","","-1.93%"
"Apr 05, 2002","712.94","708.01","714.58","703.16","","+1.36%"
"Apr 04, 2002","703.38","705.01","714.67","697.21","","+0.01%"
"Apr 03, 2002","703.28","682.93","706.19","679.78","","+3.07%"
"Apr 02, 2002","682.35","665.25","688.49","664.08","","+3.52%"
"Apr 01, 2002","659.16","664.59","670.18","655.93","","-0.64%"
"Mar 29, 2002","663.42","686.75","688.74","663.42","","-3.29%"
"Mar 28, 2002","686.00","679.12","692.24","678.58","","+1.20%"
"Mar 27, 2002","677.85","668.47","684.09","667.60","","+1.50%"
"Mar 26, 2002","667.81","662.51","674.73","662.15","","+0.64%"
"Mar 25, 2002","663.55","681.02","681.78","656.69","","-3.21%"
"Mar 22, 2002","685.53","689.91","696.56","683.38","","-1.05%"
"Mar 20, 2002","692.83","705.08","705.45","689.62","","-1.65%"
"Mar 19, 2002","704.45","694.41","705.14","692.17","","+2.41%"
"Mar 18, 2002","687.88","698.57","702.49","687.76","","-0.53%"
"Mar 15, 2002","691.54","679.73","696.17","679.73","","+2.70%"
"Mar 14, 2002","673.34","665.65","674.24","661.69","","+1.58%"
"Mar 13, 2002","662.84","676.07","679.55","661.59","","-2.38%"
"Mar 12, 2002","679.00","699.94","699.94","679.00","","-3.02%"
"Mar 11, 2002","700.11","696.93","703.08","693.55","","+1.32%"
"Mar 08, 2002","690.99","672.24","699.17","668.38","","+2.26%"
"Mar 07, 2002","675.72","674.16","677.15","668.54","","+1.08%"
"Mar 06, 2002","668.48","675.87","682.32","668.08","","-1.59%"
"Mar 05, 2002","679.29","690.41","691.26","676.48","","-1.64%"
"Mar 04, 2002","690.60","647.71","691.24","647.71","","+8.05%"
"Mar 01, 2002","639.13","632.95","640.33","625.09","","+1.90%"
"Feb 28, 2002","627.21","623.74","639.94","623.74","","+1.17%"
"Feb 27, 2002","619.93","597.51","619.93","596.05","","+4.13%"
"Feb 26, 2002","595.32","598.40","600.54","590.33","","+0.65%"
"Feb 25, 2002","591.49","589.77","597.26","587.49","","+0.20%"
"Feb 22, 2002","590.33","572.97","594.74","572.57","","+2.65%"
"Feb 21, 2002","575.08","561.88","575.08","557.24","","+3.26%"
"Feb 20, 2002","556.95","561.75","562.63","556.95","","-1.29%"
"Feb 19, 2002","564.21","586.54","587.43","563.38","","-3.37%"
"Feb 18, 2002","583.89","581.34","585.34","577.29","","+0.34%"
"Feb 15, 2002","581.94","588.00","592.37","581.76","","-0.77%"
"Feb 14, 2002","586.45","588.74","600.33","586.45","","+0.29%"
"Feb 13, 2002","584.78","583.83","589.51","581.87","","+0.53%"
"Feb 12, 2002","581.71","579.23","589.45","579.23","","+2.10%"
"Feb 08, 2002","569.75","556.31","572.97","554.76","","+2.48%"
"Feb 07, 2002","555.96","553.25","560.48","551.99","","+0.25%"
"Feb 06, 2002","554.58","553.20","560.32","550.78","","+0.64%"
"Feb 05, 2002","551.07","556.02","560.27","549.66","","-1.20%"
"Feb 04, 2002","557.79","562.54","563.38","556.74","","-0.58%"
"Feb 01, 2002","561.02","571.61","572.63","559.50","","-1.36%"
"Jan 31, 2002","568.77","577.60","578.52","566.23","","-1.85%"
"Jan 30, 2002","579.48","586.89","586.89","572.47","","-2.55%"
"Jan 29, 2002","594.67","599.01","599.36","593.52","","-0.80%"
"Jan 28, 2002","599.44","595.15","600.73","593.67","","+0.55%"
"Jan 25, 2002","596.18","597.04","597.04","587.00","","+0.32%"
"Jan 24, 2002","594.30","599.70","602.50","589.73","","-1.11%"
"Jan 23, 2002","600.98","599.17","606.16","596.40","","+0.02%"
"Jan 22, 2002","600.87","610.81","612.96","600.87","","-2.24%"
"Jan 21, 2002","614.66","611.94","618.08","604.99","","+0.56%"
"Jan 18, 2002","611.22","591.74","611.22","591.48","","+3.87%"
"Jan 17, 2002","588.47","589.95","593.48","584.33","","-0.81%"
"Jan 16, 2002","593.30","590.71","596.78","587.79","","+0.67%"
"Jan 15, 2002","589.36","603.48","603.48","589.36","","-2.97%"
"Jan 11, 2002","607.39","613.65","615.09","603.91","","-1.28%"
"Jan 10, 2002","615.27","624.84","625.46","612.89","","-2.00%"
"Jan 09, 2002","627.81","626.06","629.79","623.00","","-0.02%"
"Jan 08, 2002","627.95","638.78","638.78","621.88","","-2.52%"
"Jan 07, 2002","644.16","635.58","646.70","635.58","","+0.54%"
"Jan 04, 2002","640.67","639.86","640.67","630.79","","+1.29%"
"Dec 28, 2001","632.54","629.13","635.74","626.45","","+0.93%"
"Dec 27, 2001","626.72","612.85","626.72","609.42","","+2.32%"
"Dec 26, 2001","612.51","615.06","618.18","610.18","","+0.18%"
"Dec 25, 2001","611.40","620.73","621.44","607.00","","-1.96%"
"Dec 21, 2001","623.65","617.10","627.59","615.34","","+1.47%"
"Dec 20, 2001","614.62","604.58","616.02","603.80","","+2.17%"
"Dec 19, 2001","601.56","604.77","607.28","596.48","","-1.36%"
"Dec 18, 2001","609.83","621.18","621.52","602.69","","-1.61%"
"Dec 17, 2001","619.81","623.38","627.90","618.36","","-0.72%"
"Dec 14, 2001","624.32","622.90","626.44","613.25","","+0.56%"
"Dec 13, 2001","620.86","639.77","640.00","620.38","","-3.32%"
"Dec 12, 2001","642.21","624.97","643.51","624.97","","+2.14%"
"Dec 11, 2001","628.75","631.75","635.60","625.09","","-0.83%"
"Dec 10, 2001","634.01","647.07","649.51","633.42","","-1.75%"
"Dec 07, 2001","645.27","647.72","654.83","642.51","","-1.22%"
"Dec 06, 2001","653.23","643.77","659.76","643.73","","+2.82%"
"Dec 05, 2001","635.32","632.35","637.50","627.96","","+1.54%"
"Dec 04, 2001","625.71","631.80","632.52","620.49","","-0.74%"
"Dec 03, 2001","630.38","648.29","649.07","627.66","","-2.34%"
"Nov 30, 2001","645.51","650.14","650.14","640.74","","-0.83%"
"Nov 29, 2001","650.91","646.16","650.91","640.73","","+0.57%"
"Nov 28, 2001","647.21","661.39","662.34","647.21","","-3.33%"
"Nov 27, 2001","669.49","664.86","684.97","663.58","","+1.34%"
"Nov 26, 2001","660.65","642.25","666.00","642.25","","+4.04%"
"Nov 22, 2001","634.97","634.13","637.42","630.58","","-0.05%"
"Nov 21, 2001","635.31","648.89","649.10","630.31","","-3.18%"
"Nov 20, 2001","656.17","658.38","664.79","654.02","","+0.60%"
"Nov 19, 2001","652.27","640.63","656.11","639.99","","+1.86%"
"Nov 16, 2001","640.38","629.41","651.24","626.25","","+1.05%"
"Nov 15, 2001","633.74","607.58","633.74","607.48","","+4.67%"
"Nov 14, 2001","605.46","617.84","622.29","604.58","","-1.30%"
"Nov 13, 2001","613.43","613.85","614.99","605.92","","-0.10%"
"Nov 12, 2001","614.04","624.70","626.46","614.04","","-1.03%"
"Nov 09, 2001","620.43","634.44","636.85","619.43","","-2.77%"
"Nov 08, 2001","638.08","636.56","638.08","631.56","","+0.51%"
"Nov 07, 2001","634.82","645.30","650.41","631.95","","-1.64%"
"Nov 06, 2001","645.41","639.20","645.67","634.80","","+1.18%"
"Nov 05, 2001","637.89","647.53","647.56","633.17","","-0.78%"
"Nov 02, 2001","642.90","649.10","651.60","638.02","","+0.09%"
"Nov 01, 2001","642.31","649.73","654.35","640.19","","-0.33%"
"Oct 31, 2001","644.43","642.71","649.90","641.39","","-0.34%"
"Oct 30, 2001","646.66","645.87","646.66","636.29","","-1.37%"
"Oct 29, 2001","655.62","676.88","676.88","655.62","","-3.91%"
"Oct 26, 2001","682.30","697.24","701.14","677.52","","-1.38%"
"Oct 25, 2001","691.86","691.53","696.96","686.99","","+0.32%"
"Oct 24, 2001","689.66","697.49","701.94","686.77","","-1.34%"
"Oct 23, 2001","699.04","680.59","699.04","680.31","","+4.00%"
"Oct 22, 2001","672.15","674.32","675.79","669.68","","+0.56%"
"Oct 19, 2001","668.40","665.55","671.60","664.92","","+0.44%"
"Oct 18, 2001","665.48","675.16","682.03","665.30","","-1.66%"
"Oct 17, 2001","676.68","659.63","676.68","659.13","","+3.44%"
"Oct 16, 2001","654.15","646.20","656.16","645.02","","+0.80%"
"Oct 15, 2001","648.95","650.68","652.61","645.74","","-0.89%"
"Oct 12, 2001","654.78","645.24","657.96","644.45","","+2.71%"
"Oct 11, 2001","637.53","625.93","637.53","625.92","","+3.13%"
"Oct 10, 2001","618.19","628.15","628.15","617.54","","-1.74%"
"Oct 09, 2001","629.15","640.18","640.18","627.81","","-2.40%"
"Oct 05, 2001","644.63","654.90","657.02","643.54","","-1.73%"
"Oct 04, 2001","656.01","649.06","662.20","649.00","","+1.92%"
"Oct 03, 2001","643.66","656.56","659.92","643.66","","-0.77%"
"Oct 02, 2001","648.67","646.16","651.23","637.87","","+0.16%"
"Oct 01, 2001","647.65","631.12","647.93","625.04","","+3.55%"
"Sep 28, 2001","625.44","603.40","629.36","603.40","","+4.38%"
"Sep 27, 2001","599.20","601.56","604.93","593.91","","-1.13%"
"Sep 26, 2001","606.06","607.51","613.56","600.77","","-0.05%"
"Sep 25, 2001","606.37","602.95","623.91","596.83","","+1.57%"
"Sep 21, 2001","597.02","606.25","606.25","590.27","","-2.84%"
"Sep 20, 2001","614.50","618.48","618.48","606.40","","-1.28%"
"Sep 19, 2001","622.48","605.45","626.67","605.45","","+3.12%"
"Sep 18, 2001","603.63","593.05","616.12","592.10","","+3.36%"
"Sep 17, 2001","584.02","606.29","607.31","581.68","","-4.70%"
"Sep 14, 2001","612.83","590.83","612.83","589.58","","+4.04%"
"Sep 13, 2001","589.02","580.58","590.99","577.32","","+1.92%"
"Sep 12, 2001","577.95","615.52","615.52","577.12","","-7.56%"
"Sep 11, 2001","625.23","615.64","627.15","615.64","","+2.03%"
"Sep 10, 2001","612.81","627.75","629.47","612.81","","-3.52%"
"Sep 07, 2001","635.17","632.97","636.73","626.96","","-0.39%"
"Sep 06, 2001","637.65","627.27","641.40","627.27","","+0.70%"
"Sep 05, 2001","633.23","636.03","636.03","623.77","","-0.62%"
"Sep 04, 2001","637.15","638.21","638.21","616.29","","-1.09%"
"Sep 03, 2001","644.15","675.02","676.91","642.57","","-4.56%"
"Aug 31, 2001","674.92","667.90","680.48","665.69","","+0.44%"
"Aug 30, 2001","671.94","681.96","682.30","667.02","","-2.30%"
"Aug 29, 2001","687.73","704.87","706.15","687.73","","-3.47%"
"Aug 28, 2001","712.48","719.56","719.56","706.78","","-1.39%"
"Aug 27, 2001","722.54","740.68","742.18","722.11","","-2.07%"
"Aug 24, 2001","737.79","742.20","744.73","734.59","","-1.06%"
"Aug 23, 2001","745.68","749.36","751.69","745.26","","+0.31%"
"Aug 22, 2001","743.39","741.04","751.49","738.34","","-0.01%"
"Aug 21, 2001","743.44","741.19","745.08","737.52","","+0.24%"
"Aug 20, 2001","741.66","759.52","759.52","741.02","","-3.02%"
"Aug 17, 2001","764.79","775.95","777.38","763.63","","-1.79%"
"Aug 16, 2001","778.73","784.12","784.12","776.82","","-1.24%"
"Aug 15, 2001","788.53","789.89","793.33","785.28","","-0.49%"
"Aug 14, 2001","792.38","778.71","795.81","778.65","","+2.39%"
"Aug 13, 2001","773.88","792.94","792.94","772.25","","-2.54%"
"Aug 10, 2001","794.07","798.00","805.16","792.71","","-0.53%"
"Aug 09, 2001","798.30","813.71","813.93","796.05","","-3.13%"
"Aug 08, 2001","824.07","834.96","835.92","819.67","","-1.35%"
"Aug 07, 2001","835.34","823.25","835.34","821.75","","+1.46%"
"Aug 06, 2001","823.35","820.68","828.50","815.69","","+0.65%"
"Aug 03, 2001","818.06","819.82","824.18","817.10","","-0.81%"
"Aug 02, 2001","824.73","799.09","831.88","798.97","","+3.94%"
"Aug 01, 2001","793.45","793.22","793.95","784.11","","+0.45%"
"Jul 31, 2001","789.92","778.70","790.56","769.42","","+1.48%"
"Jul 30, 2001","778.37","792.37","793.43","775.98","","-2.18%"
"Jul 27, 2001","795.73","788.26","799.93","786.20","","+0.95%"
"Jul 26, 2001","788.26","797.87","797.87","783.21","","-1.16%"
"Jul 25, 2001","797.50","789.84","800.97","787.08","","+0.18%"
"Jul 24, 2001","796.04","778.83","796.04","774.10","","+2.03%"
"Jul 23, 2001","780.24","796.55","796.55","774.94","","-2.42%"
"Jul 19, 2001","799.63","802.49","803.06","792.85","","-0.81%"
"Jul 18, 2001","806.14","816.77","819.21","798.97","","-1.73%"
"Jul 17, 2001","820.30","828.92","828.95","818.22","","-1.52%"
"Jul 16, 2001","832.96","839.26","841.97","829.51","","-0.05%"
"Jul 13, 2001","833.37","823.84","836.01","823.84","","+1.68%"
"Jul 12, 2001","819.57","816.48","819.57","807.75","","+0.97%"
"Jul 11, 2001","811.67","814.02","816.60","811.18","","-0.64%"
"Jul 10, 2001","816.91","822.28","826.84","813.51","","-0.43%"
"Jul 09, 2001","820.44","817.33","820.44","808.95","","-0.62%"
"Jul 06, 2001","825.60","830.51","830.51","823.39","","-1.24%"
"Jul 05, 2001","835.98","837.70","844.99","833.60","","-0.56%"
"Jul 04, 2001","840.69","847.23","847.82","837.75","","-1.57%"
"Jul 03, 2001","854.10","865.07","865.07","848.40","","-0.37%"
"Jul 02, 2001","857.31","873.02","873.08","852.44","","-1.07%"
"Jun 29, 2001","866.57","863.33","870.83","858.96","","+1.91%"
"Jun 28, 2001","850.35","854.14","855.82","846.19","","-0.06%"
"Jun 27, 2001","850.85","862.33","862.67","850.66","","-1.60%"
"Jun 26, 2001","864.69","863.91","868.23","860.11","","+0.23%"
"Jun 25, 2001","862.69","866.70","876.74","862.69","","+0.44%"
"Jun 22, 2001","858.92","861.00","861.50","851.80","","+0.17%"
"Jun 21, 2001","857.46","847.28","858.01","845.12","","+1.93%"
"Jun 20, 2001","841.24","836.03","845.83","831.23","","+1.02%"
"Jun 19, 2001","832.78","843.71","849.90","829.74","","-1.61%"
"Jun 18, 2001","846.44","855.53","855.53","842.22","","-1.90%"
"Jun 15, 2001","862.83","867.25","867.25","852.40","","-1.10%"
"Jun 14, 2001","872.39","879.67","881.90","870.04","","-0.79%"
"Jun 13, 2001","879.37","877.77","886.76","873.24","","+0.49%"
"Jun 12, 2001","875.07","894.90","898.20","874.59","","-2.79%"
"Jun 11, 2001","900.16","919.02","922.07","900.16","","-1.45%"
"Jun 08, 2001","913.40","896.11","914.48","895.97","","+2.12%"
"Jun 07, 2001","894.48","892.14","894.87","885.20","","-0.01%"
"Jun 06, 2001","894.58","900.96","903.24","892.22","","-0.39%"
"Jun 05, 2001","898.08","899.19","900.79","892.17","","-0.57%"
"Jun 04, 2001","903.20","905.08","905.08","895.34","","-0.08%"
"Jun 01, 2001","903.96","908.68","909.82","901.17","","+0.20%"
"May 31, 2001","902.19","906.18","906.18","896.01","","-1.52%"
"May 30, 2001","916.10","927.60","928.03","914.76","","-2.09%"
"May 29, 2001","935.62","939.58","942.41","929.65","","-0.83%"
"May 28, 2001","943.43","955.85","956.24","942.40","","-1.07%"
"May 25, 2001","953.61","959.50","963.34","949.47","","-0.38%"
"May 24, 2001","957.21","961.72","966.18","955.69","","-1.47%"
"May 23, 2001","971.45","973.05","988.02","968.25","","-1.20%"
"May 22, 2001","983.29","1,000.92","1,003.54","983.29","","-1.25%"
"May 21, 2001","995.71","991.42","1,003.05","991.42","","+0.51%"
"May 18, 2001","990.70","997.76","1,002.43","988.55","","-0.96%"
"May 17, 2001","1,000.29","1,002.07","1,009.66","994.14","","+0.58%"
"May 16, 2001","994.50","1,009.37","1,011.42","994.50","","-1.21%"
"May 15, 2001","1,006.66","993.87","1,006.66","993.75","","+0.97%"
"May 14, 2001","997.03","1,015.84","1,017.70","995.15","","-1.76%"
"May 11, 2001","1,014.89","1,015.63","1,020.44","1,012.03","","+0.41%"
"May 10, 2001","1,010.73","1,004.21","1,019.20","1,004.11","","-0.09%"
"May 09, 2001","1,011.69","1,032.45","1,032.45","1,007.49","","-2.51%"
"May 08, 2001","1,037.72","1,039.83","1,044.21","1,030.59","","-0.51%"
"May 07, 2001","1,043.06","1,038.42","1,044.36","1,025.06","","-0.06%"
"May 02, 2001","1,043.65","1,039.23","1,043.65","1,030.71","","+0.60%"
"May 01, 2001","1,037.43","1,020.50","1,037.43","1,019.26","","+2.58%"
"Apr 27, 2001","1,011.33","1,009.97","1,015.58","997.19","","+1.29%"
"Apr 26, 2001","998.45","1,000.70","1,005.91","989.75","","+0.63%"
"Apr 25, 2001","992.18","987.61","996.41","985.37","","+0.71%"
"Apr 24, 2001","985.17","981.93","985.55","972.08","","+0.48%"
"Apr 23, 2001","980.44","988.14","997.35","970.45","","-0.23%"
"Apr 20, 2001","982.71","985.39","992.30","974.52","","-0.88%"
"Apr 19, 2001","991.41","988.53","1,002.67","986.80","","+1.39%"
"Apr 18, 2001","977.86","959.90","977.86","959.63","","+2.61%"
"Apr 17, 2001","952.97","949.17","952.97","943.14","","+0.08%"
"Apr 16, 2001","952.17","953.37","958.75","946.37","","-0.14%"
"Apr 13, 2001","953.47","961.89","966.99","947.03","","-0.44%"
"Apr 12, 2001","957.67","929.14","959.17","929.14","","+3.73%"
"Apr 11, 2001","923.24","914.80","926.41","912.79","","+2.03%"
"Apr 10, 2001","904.89","929.87","930.78","902.91","","-2.81%"
"Apr 09, 2001","931.03","944.99","944.99","925.75","","-1.80%"
"Apr 06, 2001","948.06","953.46","969.47","945.35","","+0.53%"
"Apr 05, 2001","943.03","940.09","953.26","938.96","","+0.79%"
"Apr 04, 2001","935.65","918.83","939.25","916.78","","+1.60%"
"Apr 03, 2001","920.94","891.52","924.08","891.52","","+2.89%"
"Apr 02, 2001","895.11","916.02","916.33","893.41","","-1.86%"
"Mar 30, 2001","912.12","927.06","945.39","912.12","","-1.01%"
"Mar 29, 2001","921.38","956.47","958.44","921.38","","-4.64%"
"Mar 28, 2001","966.17","951.23","971.07","949.27","","+2.86%"
"Mar 27, 2001","939.31","944.22","950.06","937.17","","-0.49%"
"Mar 26, 2001","943.95","902.21","943.95","902.08","","+5.53%"
"Mar 23, 2001","894.45","872.11","899.31","870.75","","+2.71%"
"Mar 22, 2001","870.86","889.52","896.62","867.75","","-2.79%"
"Mar 21, 2001","895.82","849.20","895.82","846.58","","+5.65%"
"Mar 19, 2001","847.91","842.24","866.99","841.29","","+1.09%"
"Mar 16, 2001","838.79","842.73","849.65","835.40","","-0.59%"
"Mar 15, 2001","843.75","799.59","843.75","782.48","","+4.03%"
"Mar 14, 2001","811.05","808.21","822.99","806.28","","+1.51%"
"Mar 13, 2001","799.00","826.01","826.01","792.62","","-4.68%"
"Mar 12, 2001","838.22","870.54","870.54","837.04","","-3.83%"
"Mar 09, 2001","871.59","864.75","871.80","863.93","","+0.97%"
"Mar 08, 2001","863.22","864.44","867.07","854.29","","-0.30%"
"Mar 07, 2001","865.84","859.13","876.16","855.63","","+2.02%"
"Mar 06, 2001","848.72","829.66","848.72","827.68","","+3.11%"
"Mar 05, 2001","823.10","811.33","827.21","806.22","","+0.91%"
"Mar 02, 2001","815.69","829.25","829.25","811.70","","-2.18%"
"Mar 01, 2001","833.84","851.46","852.11","823.63","","-2.68%"
"Feb 28, 2001","856.82","866.31","867.50","849.22","","-2.05%"
"Feb 27, 2001","874.74","882.84","888.86","869.64","","-0.40%"
"Feb 26, 2001","878.23","873.35","879.76","869.61","","+0.78%"
"Feb 23, 2001","871.43","860.40","873.00","860.33","","+1.04%"
"Feb 22, 2001","862.43","868.63","868.63","857.38","","-1.34%"
"Feb 21, 2001","874.12","875.17","875.17","865.95","","-0.97%"
"Feb 20, 2001","882.68","865.72","883.82","865.72","","+1.92%"
"Feb 19, 2001","866.04","871.42","871.42","862.66","","-1.87%"
"Feb 16, 2001","882.57","920.61","921.48","882.39","","-4.33%"
"Feb 15, 2001","922.53","924.50","929.58","921.24","","-0.73%"
"Feb 14, 2001","929.27","922.73","935.68","916.09","","+0.35%"
"Feb 13, 2001","926.03","932.99","935.61","923.37","","+0.06%"
"Feb 09, 2001","925.46","918.92","926.58","916.31","","+0.50%"
"Feb 08, 2001","920.86","924.49","927.02","916.71","","-0.45%"
"Feb 07, 2001","925.03","922.47","925.03","913.48","","-0.15%"
"Feb 06, 2001","926.38","935.86","937.95","923.45","","-1.44%"
"Feb 05, 2001","939.91","952.71","952.71","936.06","","-2.56%"
"Feb 02, 2001","964.64","971.16","976.25","962.72","","-0.27%"
"Feb 01, 2001","967.30","957.29","967.30","957.29","","+0.83%"
"Jan 31, 2001","959.32","954.60","959.39","952.09","","+1.20%"
"Jan 30, 2001","947.95","949.35","952.61","942.41","","+0.37%"
"Jan 29, 2001","944.48","936.04","949.51","935.25","","+1.22%"
"Jan 26, 2001","933.11","935.80","935.80","924.79","","-1.08%"
"Jan 25, 2001","943.25","946.91","948.20","938.23","","-0.63%"
"Jan 24, 2001","949.22","957.11","958.62","947.86","","-0.33%"
"Jan 23, 2001","952.36","958.08","958.08","943.99","","-0.81%"
"Jan 22, 2001","960.16","950.91","961.11","947.80","","+1.40%"
"Jan 19, 2001","946.87","924.03","958.51","923.93","","+3.65%"
"Jan 18, 2001","913.54","900.13","917.78","900.13","","+2.37%"
"Jan 17, 2001","892.41","898.50","898.53","887.43","","-0.66%"
"Jan 16, 2001","898.32","894.83","900.70","888.30","","+0.75%"
"Jan 15, 2001","891.67","896.84","902.85","887.73","","-0.01%"
"Jan 12, 2001","891.74","897.90","900.66","887.85","","-0.49%"
"Jan 11, 2001","896.11","916.32","916.41","889.76","","-2.29%"
"Jan 10, 2001","917.10","923.84","923.84","909.18","","-1.40%"
"Jan 09, 2001","930.16","936.92","937.48","921.81","","-1.70%"
"Jan 05, 2001","946.21","947.81","949.61","941.80","","-0.05%"
"Jan 04, 2001","946.70","964.73","966.13","943.28","","-1.28%"
"Dec 29, 2000","959.02","962.37","966.01","956.27","","-0.63%"
"Dec 28, 2000","965.09","960.84","965.09","950.68","","-0.12%"
"Dec 27, 2000","966.24","968.92","969.18","960.67","","-0.41%"
"Dec 26, 2000","970.21","970.14","971.50","956.62","","+0.48%"
"Dec 25, 2000","965.57","950.08","965.57","950.08","","+2.93%"
"Dec 22, 2000","938.08","936.02","943.33","934.69","","+0.94%"
"Dec 21, 2000","929.36","952.19","952.63","916.53","","-3.82%"
"Dec 20, 2000","966.31","962.47","972.52","950.68","","-0.73%"
"Dec 19, 2000","973.39","985.05","989.35","973.39","","-1.18%"
"Dec 18, 2000","984.99","1,008.12","1,008.63","978.30","","-3.33%"
"Dec 15, 2000","1,018.93","1,031.72","1,031.72","1,016.37","","-1.38%"
"Dec 14, 2000","1,033.15","1,049.95","1,050.28","1,031.50","","-2.69%"
"Dec 13, 2000","1,061.66","1,064.78","1,064.78","1,052.06","","-1.02%"
"Dec 12, 2000","1,072.56","1,085.04","1,085.23","1,072.38","","-1.02%"
"Dec 11, 2000","1,083.64","1,061.86","1,085.08","1,060.53","","+2.46%"
"Dec 08, 2000","1,057.62","1,059.16","1,067.91","1,056.05","","-0.30%"
"Dec 07, 2000","1,060.76","1,063.11","1,069.20","1,060.76","","-1.02%"
"Dec 06, 2000","1,071.70","1,079.93","1,093.82","1,071.70","","+0.37%"
"Dec 05, 2000","1,067.71","1,087.57","1,087.57","1,067.71","","-0.61%"
"Dec 04, 2000","1,074.22","1,057.02","1,079.75","1,055.59","","+2.02%"
"Dec 01, 2000","1,052.94","1,044.01","1,058.69","1,040.11","","+0.57%"
"Nov 30, 2000","1,046.96","1,043.00","1,050.84","1,030.60","","+0.91%"
"Nov 29, 2000","1,037.57","1,038.80","1,043.16","1,032.59","","+0.17%"
"Nov 28, 2000","1,035.86","1,032.69","1,042.58","1,029.85","","+0.57%"
"Nov 27, 2000","1,030.01","1,018.06","1,030.01","1,015.81","","+1.86%"
"Nov 24, 2000","1,011.19","1,007.94","1,015.76","1,003.65","","-0.84%"
"Nov 22, 2000","1,019.75","1,043.76","1,045.11","1,015.26","","-2.33%"
"Nov 21, 2000","1,044.10","1,058.85","1,058.85","1,032.40","","-2.10%"
"Nov 20, 2000","1,066.49","1,074.69","1,074.69","1,063.61","","-1.51%"
"Nov 17, 2000","1,082.89","1,084.50","1,089.97","1,079.92","","-0.77%"
"Nov 16, 2000","1,091.26","1,094.08","1,094.22","1,078.50","","+0.01%"
"Nov 15, 2000","1,091.18","1,099.39","1,104.99","1,089.53","","+0.21%"
"Nov 14, 2000","1,088.88","1,088.02","1,088.88","1,077.11","","+0.10%"
"Nov 13, 2000","1,087.79","1,084.64","1,089.21","1,064.06","","-0.23%"
"Nov 10, 2000","1,090.35","1,099.95","1,102.72","1,088.54","","-1.30%"
"Nov 09, 2000","1,104.70","1,104.75","1,109.66","1,100.38","","-0.33%"
"Nov 08, 2000","1,108.34","1,088.16","1,113.24","1,084.28","","+0.87%"
"Nov 07, 2000","1,098.73","1,102.48","1,103.18","1,089.17","","-0.10%"
"Nov 06, 2000","1,099.84","1,084.28","1,105.07","1,083.19","","+1.53%"
"Nov 02, 2000","1,083.31","1,072.90","1,088.36","1,072.08","","+0.86%"
"Nov 01, 2000","1,074.06","1,047.43","1,075.33","1,047.43","","+3.39%"
"Oct 31, 2000","1,038.83","1,051.57","1,056.81","1,029.41","","-1.19%"
"Oct 30, 2000","1,051.35","1,036.40","1,055.17","1,036.40","","+1.22%"
"Oct 27, 2000","1,038.72","1,048.70","1,065.81","1,034.40","","-0.89%"
"Oct 26, 2000","1,048.02","1,072.57","1,072.82","1,031.06","","-2.54%"
"Oct 25, 2000","1,075.30","1,104.36","1,104.36","1,075.30","","-2.96%"
"Oct 24, 2000","1,108.06","1,112.81","1,117.01","1,108.04","","-0.21%"
"Oct 23, 2000","1,110.40","1,110.22","1,123.28","1,102.50","","+0.39%"
"Oct 20, 2000","1,106.12","1,100.63","1,110.29","1,098.61","","+1.28%"
"Oct 19, 2000","1,092.10","1,084.95","1,092.10","1,079.35","","+0.71%"
"Oct 18, 2000","1,084.38","1,089.27","1,090.73","1,078.05","","-0.68%"
"Oct 17, 2000","1,091.78","1,084.39","1,105.90","1,084.39","","+0.82%"
"Oct 16, 2000","1,082.88","1,051.56","1,088.97","1,051.56","","+2.99%"
"Oct 13, 2000","1,051.46","1,061.99","1,061.99","1,038.70","","-1.13%"
"Oct 12, 2000","1,063.44","1,067.33","1,067.33","1,048.14","","-0.84%"
"Oct 11, 2000","1,072.41","1,094.09","1,095.08","1,066.57","","-2.44%"
"Oct 10, 2000","1,099.28","1,102.19","1,107.17","1,095.78","","-0.56%"
"Oct 06, 2000","1,105.51","1,115.20","1,121.32","1,103.18","","-1.54%"
"Oct 05, 2000","1,122.76","1,112.75","1,124.01","1,112.25","","+1.09%"
"Oct 04, 2000","1,110.63","1,115.76","1,115.87","1,102.84","","-0.64%"
"Oct 03, 2000","1,117.78","1,096.32","1,118.73","1,095.76","","+1.93%"
"Oct 02, 2000","1,096.60","1,073.87","1,096.60","1,069.78","","+2.28%"
"Sep 29, 2000","1,072.20","1,058.70","1,086.93","1,058.70","","+1.41%"
"Sep 28, 2000","1,057.29","1,059.45","1,075.24","1,057.29","","-0.07%"
"Sep 27, 2000","1,058.08","1,054.90","1,065.39","1,042.33","","-0.29%"
"Sep 26, 2000","1,061.16","1,054.48","1,062.73","1,052.95","","+0.75%"
"Sep 25, 2000","1,053.27","1,039.37","1,059.63","1,039.37","","+1.77%"
"Sep 22, 2000","1,034.97","1,059.12","1,059.77","1,032.90","","-2.75%"
"Sep 21, 2000","1,064.19","1,052.77","1,067.43","1,043.57","","+0.94%"
"Sep 20, 2000","1,054.23","1,037.22","1,057.80","1,037.22","","+2.09%"
"Sep 19, 2000","1,032.62","1,023.96","1,032.62","1,009.02","","+0.01%"
"Sep 18, 2000","1,032.53","1,043.66","1,043.66","1,030.76","","-1.42%"
"Sep 14, 2000","1,047.43","1,034.13","1,049.73","1,033.83","","+1.23%"
"Sep 13, 2000","1,034.68","1,033.57","1,048.10","1,032.01","","+0.04%"
"Sep 12, 2000","1,034.23","1,031.66","1,038.46","1,024.61","","+0.16%"
"Sep 11, 2000","1,032.62","1,052.16","1,058.22","1,026.25","","-2.23%"
"Sep 08, 2000","1,056.14","1,044.91","1,057.72","1,043.93","","+1.65%"
"Sep 07, 2000","1,039.00","1,055.33","1,056.22","1,035.14","","-1.57%"
"Sep 06, 2000","1,055.62","1,056.12","1,060.15","1,051.14","","-0.25%"
"Sep 05, 2000","1,058.23","1,072.10","1,073.17","1,051.87","","-1.32%"
"Sep 04, 2000","1,072.34","1,075.77","1,088.55","1,070.10","","+0.03%"
"Sep 01, 2000","1,072.07","1,073.35","1,086.95","1,071.46","","-0.06%"
"Aug 31, 2000","1,072.75","1,074.81","1,091.62","1,068.09","","-0.07%"
"Aug 30, 2000","1,073.50","1,078.03","1,097.20","1,073.50","","-0.48%"
"Aug 29, 2000","1,078.63","1,051.08","1,079.29","1,051.08","","+2.45%"
"Aug 28, 2000","1,052.88","1,032.48","1,054.93","1,032.48","","+2.35%"
"Aug 25, 2000","1,028.68","1,050.90","1,052.28","1,025.76","","-1.93%"
"Aug 24, 2000","1,048.91","1,067.40","1,067.40","1,048.91","","-1.86%"
"Aug 23, 2000","1,068.78","1,084.53","1,084.53","1,066.97","","-1.84%"
"Aug 22, 2000","1,088.83","1,060.12","1,088.83","1,060.12","","+2.95%"
"Aug 21, 2000","1,057.58","1,077.98","1,080.51","1,054.82","","-2.48%"
"Aug 18, 2000","1,084.51","1,072.71","1,084.51","1,072.01","","+1.37%"
"Aug 17, 2000","1,069.84","1,084.65","1,091.32","1,069.84","","-2.23%"
"Aug 16, 2000","1,094.23","1,096.08","1,097.45","1,086.50","","-0.07%"
"Aug 15, 2000","1,094.98","1,104.41","1,107.47","1,087.83","","-0.07%"
"Aug 14, 2000","1,095.80","1,079.22","1,096.93","1,079.22","","+2.12%"
"Aug 11, 2000","1,073.03","1,044.63","1,073.03","1,043.86","","+3.17%"
"Aug 10, 2000","1,040.06","1,008.77","1,046.05","1,007.75","","+3.31%"
"Aug 09, 2000","1,006.77","1,002.28","1,006.77","995.15","","+0.89%"
"Aug 08, 2000","997.91","1,012.59","1,018.70","991.89","","-1.40%"
"Aug 07, 2000","1,012.11","993.42","1,012.11","989.82","","+1.86%"
"Aug 04, 2000","993.62","997.71","1,004.52","993.62","","-0.50%"
"Aug 03, 2000","998.65","1,019.56","1,019.56","994.69","","-1.61%"
"Aug 02, 2000","1,014.95","996.33","1,015.97","994.95","","+1.85%"
"Aug 01, 2000","996.48","988.78","997.72","984.96","","+1.60%"
"Jul 31, 2000","980.74","1,001.48","1,001.48","954.84","","-2.14%"
"Jul 28, 2000","1,002.18","1,015.08","1,015.08","990.00","","-1.76%"
"Jul 27, 2000","1,020.11","1,022.60","1,022.76","1,011.20","","-0.57%"
"Jul 26, 2000","1,025.96","1,026.24","1,039.03","1,017.21","","+0.18%"
"Jul 25, 2000","1,024.12","1,012.32","1,024.12","1,001.86","","+1.08%"
"Jul 24, 2000","1,013.16","1,042.68","1,042.68","1,001.04","","-2.89%"
"Jul 21, 2000","1,043.36","1,046.51","1,063.20","1,043.36","","+0.01%"
"Jul 19, 2000","1,043.22","1,063.28","1,063.28","1,022.32","","-2.00%"
"Jul 18, 2000","1,064.55","1,097.54","1,107.75","1,054.68","","-2.32%"
"Jul 17, 2000","1,089.80","1,073.40","1,102.69","1,072.32","","+1.54%"
"Jul 14, 2000","1,073.32","1,075.02","1,078.39","1,062.21","","-0.07%"
"Jul 13, 2000","1,074.04","1,091.06","1,091.06","1,071.74","","-2.06%"
"Jul 12, 2000","1,096.68","1,114.31","1,114.31","1,089.89","","-1.68%"
"Jul 11, 2000","1,115.41","1,122.19","1,123.85","1,110.61","","-0.49%"
"Jul 10, 2000","1,120.92","1,120.16","1,127.56","1,117.88","","+0.96%"
"Jul 07, 2000","1,110.22","1,090.29","1,116.27","1,090.29","","+2.07%"
"Jul 06, 2000","1,087.74","1,095.04","1,098.43","1,079.10","","-1.01%"
"Jul 05, 2000","1,098.87","1,091.91","1,098.87","1,087.36","","+0.26%"
"Jul 04, 2000","1,096.04","1,107.65","1,112.63","1,092.03","","-1.22%"
"Jul 03, 2000","1,109.53","1,093.17","1,112.84","1,093.17","","+2.24%"
"Jun 30, 2000","1,085.18","1,065.43","1,088.48","1,065.04","","+1.80%"
"Jun 29, 2000","1,066.00","1,082.63","1,088.55","1,064.40","","-1.01%"
"Jun 28, 2000","1,076.92","1,052.42","1,082.21","1,052.42","","+2.58%"
"Jun 27, 2000","1,049.82","1,004.46","1,050.75","1,004.46","","+4.81%"
"Jun 26, 2000","1,001.66","1,006.43","1,007.55","995.67","","-0.17%"
"Jun 23, 2000","1,003.35","1,009.81","1,013.03","997.55","","-0.70%"
"Jun 22, 2000","1,010.40","1,034.06","1,035.66","1,010.40","","-1.98%"
"Jun 21, 2000","1,030.81","999.82","1,036.28","994.55","","+3.22%"
"Jun 20, 2000","998.62","1,021.23","1,022.87","996.13","","-1.82%"
"Jun 19, 2000","1,017.08","980.25","1,018.95","979.87","","+4.06%"
"Jun 16, 2000","977.37","982.73","984.07","971.89","","-0.54%"
"Jun 15, 2000","982.66","968.78","985.33","963.37","","+1.94%"
"Jun 14, 2000","963.99","970.06","974.99","952.60","","-0.80%"
"Jun 13, 2000","971.73","960.92","980.46","960.92","","+1.33%"
"Jun 12, 2000","958.96","963.83","964.86","953.82","","-0.72%"
"Jun 09, 2000","965.94","955.80","966.60","952.48","","+1.16%"
"Jun 08, 2000","954.89","949.59","958.73","948.96","","+0.65%"
"Jun 07, 2000","948.75","939.33","948.75","935.46","","+1.53%"
"Jun 06, 2000","934.44","910.51","938.82","908.37","","+2.67%"
"Jun 05, 2000","910.10","919.17","926.11","907.17","","-0.17%"
"Jun 02, 2000","911.66","903.79","924.49","903.73","","+1.05%"
"Jun 01, 2000","902.20","866.12","902.20","865.05","","+4.20%"
"May 31, 2000","865.86","882.06","885.38","862.54","","-1.62%"
"May 30, 2000","880.12","888.72","891.00","880.12","","-0.55%"
"May 29, 2000","885.02","894.94","899.52","884.10","","-0.35%"
"May 26, 2000","888.17","875.74","890.15","867.82","","+0.53%"
"May 25, 2000","883.48","864.73","883.67","861.09","","+2.60%"
"May 24, 2000","861.11","849.50","863.48","838.28","","+1.29%"
"May 23, 2000","850.15","843.77","856.78","842.51","","+0.46%"
"May 22, 2000","846.29","858.72","858.72","835.65","","-1.45%"
"May 19, 2000","858.70","850.97","859.23","846.69","","+0.74%"
"May 18, 2000","852.43","845.54","852.43","838.88","","+0.62%"
"May 17, 2000","847.20","853.48","857.69","842.63","","-0.54%"
"May 16, 2000","851.77","844.15","855.76","843.40","","+1.05%"
"May 15, 2000","842.89","842.48","843.30","837.41","","+0.91%"
"May 12, 2000","835.27","825.79","837.26","825.79","","+2.02%"
"May 11, 2000","818.73","831.18","831.18","817.36","","-2.67%"
"May 10, 2000","841.22","827.33","841.22","824.97","","+1.35%"
"May 09, 2000","830.04","836.96","838.69","830.04","","-0.79%"
"May 08, 2000","836.68","829.63","843.11","829.63","","+0.76%"
"May 02, 2000","830.35","811.89","832.08","811.89","","+2.55%"
"May 01, 2000","809.69","810.01","810.64","798.69","","-0.32%"
"Apr 28, 2000","812.27","804.36","814.85","804.36","","+1.17%"
"Apr 27, 2000","802.89","811.23","811.49","802.80","","-1.19%"
"Apr 26, 2000","812.59","817.66","824.04","807.91","","-0.84%"
"Apr 25, 2000","819.51","818.91","827.65","812.97","","+0.03%"
"Apr 24, 2000","819.29","789.54","825.55","789.54","","+4.44%"
"Apr 21, 2000","784.44","809.03","817.85","778.18","","-2.62%"
"Apr 20, 2000","805.51","814.57","815.00","804.15","","-1.24%"
"Apr 19, 2000","815.61","803.42","818.17","801.90","","+1.62%"
"Apr 18, 2000","802.63","800.01","818.43","787.83","","+1.02%"
"Apr 17, 2000","794.53","846.99","846.99","772.70","","-6.73%"
"Apr 14, 2000","851.89","854.34","854.34","834.69","","-0.60%"
"Apr 13, 2000","856.99","868.78","868.78","851.04","","-1.92%"
"Apr 12, 2000","873.76","863.83","874.33","862.55","","+1.45%"
"Apr 11, 2000","861.25","838.40","865.89","838.40","","+2.46%"
"Apr 10, 2000","840.54","822.04","842.81","822.04","","+2.72%"
"Apr 07, 2000","818.26","796.01","824.09","796.01","","+3.13%"
"Apr 06, 2000","793.41","797.93","803.81","791.61","","+0.02%"
"Apr 05, 2000","793.29","793.10","796.29","782.72","","-0.37%"
"Apr 04, 2000","796.22","796.63","797.96","786.86","","+0.56%"
"Apr 03, 2000","791.80","773.63","792.12","772.34","","+2.88%"
"Mar 31, 2000","769.60","776.70","778.89","761.89","","-1.21%"
"Mar 30, 2000","779.03","783.98","792.04","772.99","","-0.27%"
"Mar 29, 2000","781.15","779.08","785.40","778.14","","+0.72%"
"Mar 28, 2000","775.60","780.93","783.01","770.68","","-0.61%"
"Mar 27, 2000","780.36","772.70","780.44","768.22","","+1.60%"
"Mar 24, 2000","768.10","768.10","768.10","768.10","","-1.87%"
"Mar 23, 2000","782.76","782.76","782.76","782.76","","+0.24%"
"Mar 22, 2000","780.85","780.85","780.85","780.85","","+4.75%"
"Mar 21, 2000","745.45","745.45","745.45","745.45","","+1.04%"
"Mar 17, 2000","737.80","737.80","737.80","737.80","","+0.71%"
"Mar 16, 2000","732.61","732.61","732.61","732.61","","-0.23%"
"Mar 15, 2000","734.30","734.30","734.30","734.30","","-0.83%"
"Mar 14, 2000","740.46","740.46","740.46","740.46","","+0.32%"
"Mar 13, 2000","738.08","738.08","738.08","738.08","","-1.48%"
"Mar 10, 2000","749.17","749.17","749.17","749.17","","+2.13%"
"Mar 09, 2000","733.58","733.58","733.58","733.58","","+0.47%"
"Mar 08, 2000","730.14","730.14","730.14","730.14","","+1.32%"
"Mar 07, 2000","720.64","720.64","720.64","720.64","","+0.15%"
"Mar 06, 2000","719.59","719.59","719.59","719.59","","+0.32%"
"Mar 03, 2000","717.31","717.31","717.31","717.31","","-0.07%"
"Mar 02, 2000","717.80","717.80","717.80","717.80","","-0.09%"
"Mar 01, 2000","718.46","718.46","718.46","718.46","","+1.78%"
"Feb 29, 2000","705.88","705.88","705.88","705.88","","+3.05%"
"Feb 28, 2000","685.00","685.00","685.00","685.00","","-2.12%"
"Feb 25, 2000","699.87","699.87","699.87","699.87","","+3.25%"
"Feb 24, 2000","677.82","677.82","677.82","677.82","","+2.38%"
"Feb 23, 2000","662.06","662.06","662.06","662.06","","+1.81%"
"Feb 22, 2000","650.28","650.28","650.28","650.28","","-1.97%"
"Feb 21, 2000","663.37","663.37","663.37","663.37","","-2.45%"
"Feb 18, 2000","680.02","680.02","680.02","680.02","","-1.22%"
"Feb 17, 2000","688.42","688.42","688.42","688.42","","-1.68%"
"Feb 16, 2000","700.16","700.16","700.16","700.16","","+1.77%"
"Feb 15, 2000","687.98","687.98","687.98","687.98","","-1.04%"
"Feb 14, 2000","695.21","695.21","695.21","695.21","","-0.70%"
"Feb 10, 2000","700.13","700.13","700.13","700.13","","+0.35%"
"Feb 09, 2000","697.68","697.68","697.68","697.68","","-2.14%"
"Feb 08, 2000","712.95","712.95","712.95","712.95","","+0.21%"
"Feb 07, 2000","711.46","711.46","711.46","711.46","","-3.79%"
"Feb 04, 2000","739.52","739.52","739.52","739.52","","+0.20%"
"Feb 03, 2000","738.02","738.02","738.02","738.02","","+0.98%"
"Feb 02, 2000","730.86","730.86","730.86","730.86","","-1.26%"
"Feb 01, 2000","740.18","740.18","740.18","740.18","","+2.21%"
"Jan 31, 2000","724.19","724.19","724.19","724.19","","+2.89%"
"Jan 28, 2000","703.82","703.82","703.82","703.82","","+0.40%"
"Jan 27, 2000","701.03","701.03","701.03","701.03","","+0.27%"
"Jan 26, 2000","699.14","699.14","699.14","699.14","","-0.81%"
"Jan 25, 2000","704.84","704.84","704.84","704.84","","-1.94%"
"Jan 24, 2000","718.79","718.79","718.79","718.79","","+0.69%"
"Jan 21, 2000","713.87","713.87","713.87","713.87","","-0.89%"
"Jan 20, 2000","720.31","720.31","720.31","720.31","","+0.51%"
"Jan 19, 2000","716.68","716.68","716.68","716.68","","-0.97%"
"Jan 18, 2000","723.69","723.69","723.69","723.69","","+0.45%"
"Jan 17, 2000","720.46","720.46","720.46","720.46","","+5.03%"
"Jan 14, 2000","685.95","685.95","685.95","685.95","","+1.47%"
"Jan 13, 2000","676.03","676.03","676.03","676.03","","+3.73%"
"Jan 12, 2000","651.69","651.69","651.69","651.69","","+0.13%"
"Jan 11, 2000","650.83","650.83","650.83","650.83","","+0.90%"
"Jan 07, 2000","645.05","645.05","645.05","645.05","","-0.59%"
"Jan 06, 2000","648.87","648.87","648.87","648.87","","+0.50%"
"Jan 05, 2000","645.63","645.63","645.63","645.63","","+2.62%"
"Jan 04, 2000","629.15","629.15","629.15","629.15","","-0.14%"
