Date,Price,Open,High,Low,Vol.,Change %
"Sep 24, 2026","5,582.01","5,627.53","5,715.02","5,559.71","","+0.71%"
"Sep 19, 2026","5,542.61","5,501.19","5,542.61","5,542.61","","0.00%"
"Sep 18, 2026","5,542.61","5,501.19","5,579.65","5,451.68","","+2.29%"
"Sep 17, 2026","5,418.64","5,541.77","5,547.98","5,403.28","","-1.10%"
"Sep 16, 2026","5,478.88","5,374.55","5,478.88","5,327.25","","+1.85%"
"Sep 15, 2026","5,379.32","5,352.06","5,473.17","5,320.25","","-1.05%"
"Sep 14, 2026","5,436.46","5,470.12","5,476.10","5,304.23","","-2.35%"
"Sep 11, 2026","5,567.49","5,649.18","5,649.22","5,520.31","","-3.52%"
"Sep 10, 2026","5,770.60","5,911.61","5,917.58","5,672.23","","-3.63%"
"Sep 09, 2026","5,988.01","5,704.17","6,032.52","5,697.12","","+6.88%"
"Sep 08, 2026","5,602.56","5,746.02","5,890.62","5,602.56","","-3.29%"
"Sep 07, 2026","5,792.87","5,789.97","5,898.87","5,739.42","","+2.01%"
"Sep 05, 2026","5,678.52","5,661.18","5,678.52","5,678.52","","0.00%"
"Sep 04, 2026","5,678.52","5,661.18","5,724.71","5,615.50","","+1.61%"
"Sep 03, 2026","5,588.44","5,733.85","5,733.85","5,550.77","","-2.05%"
"Sep 02, 2026","5,705.59","5,890.59","5,905.53","5,688.76","","-5.04%"
"Sep 01, 2026","6,008.10","6,017.06","6,055.82","5,946.06","","-1.13%"
"Aug 31, 2026","6,076.96","5,906.80","6,089.39","5,793.28","","+0.85%"
"Aug 29, 2026","6,025.74","6,090.99","6,025.74","6,025.74","","0.00%"
"Aug 28, 2026","6,025.74","6,090.99","6,135.44","5,998.17","","-1.76%"
"Aug 27, 2026","6,133.88","6,098.74","6,154.99","5,949.71","","+1.54%"
"Aug 26, 2026","6,040.82","5,960.34","6,074.13","5,921.31","","+0.81%"
"Aug 25, 2026","5,992.40","5,791.49","6,013.25","5,776.46","","+2.83%"
"Aug 24, 2026","5,827.58","5,906.76","5,952.40","5,787.59","","-0.72%"
"Aug 21, 2026","5,870.07","5,803.32","5,935.42","5,759.62","","-0.70%"
"Aug 20, 2026","5,911.57","5,809.77","5,976.73","5,732.68","","+2.29%"
"Aug 19, 2026","5,779.18","6,190.47","6,190.47","5,745.72","","-8.33%"
"Aug 18, 2026","6,304.56","6,489.35","6,706.14","6,281.01","","-2.11%"
"Aug 17, 2026","6,440.26","6,190.35","6,441.50","6,153.76","","+5.24%"
"Aug 14, 2026","6,119.64","6,202.88","6,216.83","6,090.37","","-0.63%"
"Aug 13, 2026","6,158.74","6,193.10","6,338.71","6,132.76","","+0.37%"
"Aug 12, 2026","6,135.92","5,868.88","6,135.92","5,782.33","","+3.12%"
"Aug 10, 2026","5,950.50","5,801.79","6,062.87","5,801.79","","+3.27%"
"Aug 07, 2026","5,762.06","5,613.69","5,803.87","5,366.31","","+2.80%"
"Aug 06, 2026","5,605.22","5,852.41","5,862.14","5,547.97","","-5.62%"
"Aug 05, 2026","5,939.17","5,547.77","5,949.99","5,547.77","","+9.08%"
"Aug 04, 2026","5,444.61","5,190.97","5,462.32","5,175.72","","+5.32%"
"Aug 03, 2026","5,169.70","5,103.01","5,191.37","4,977.25","","-0.67%"
"Jul 31, 2026","5,204.41","4,858.05","5,466.65","4,858.05","","+9.29%"
"Jul 30, 2026","4,761.93","4,683.09","4,914.00","4,623.54","","+0.82%"
"Jul 29, 2026","4,723.06","4,954.13","5,049.78","4,575.94","","-5.39%"
"Jul 28, 2026","4,992.38","5,261.75","5,261.75","4,941.69","","-6.89%"
"Jul 27, 2026","5,361.59","5,493.00","5,493.00","5,233.68","","-2.81%"
"Jul 24, 2026","5,516.36","5,602.09","5,647.65","5,428.92","","-3.20%"
"Jul 23, 2026","5,698.58","5,711.14","5,750.22","5,592.68","","+1.68%"
"Jul 22, 2026","5,604.38","5,528.39","5,848.32","5,528.29","","+3.25%"
"Jul 21, 2026","5,428.11","5,283.39","5,443.39","5,204.79","","+4.33%"
"Jul 18, 2026","5,202.69","5,450.10","5,202.69","5,202.69","","0.00%"
"Jul 17, 2026","5,202.69","5,450.10","5,450.70","4,984.14","","-6.30%"
"Jul 16, 2026","5,552.78","5,794.88","5,795.38","5,497.17","","-5.95%"
"Jul 15, 2026","5,904.32","5,729.58","5,912.06","5,690.70","","+4.55%"
"Jul 14, 2026","5,647.40","5,653.03","5,663.12","5,428.03","","-1.31%"
"Jul 13, 2026","5,722.08","5,897.66","6,033.26","5,655.46","","-2.97%"
"Jul 10, 2026","5,897.21","5,744.58","6,057.31","5,744.00","","+4.47%"
"Jul 09, 2026","5,644.74","5,629.41","5,783.44","5,589.79","","+1.72%"
"Jul 08, 2026","5,549.29","5,669.38","5,803.03","5,527.75","","-3.98%"
"Jul 07, 2026","5,779.16","6,043.44","6,112.19","5,748.40","","-5.14%"
"Jul 06, 2026","6,092.25","6,122.34","6,212.05","6,015.30","","-1.30%"
"Jul 03, 2026","6,172.41","6,047.95","6,186.99","5,835.09","","+0.45%"
"Jul 02, 2026","6,144.99","6,427.46","6,433.43","6,091.19","","-5.64%"
"Jul 01, 2026","6,512.37","6,903.23","6,944.21","6,489.36","","-4.22%"
"Jun 30, 2026","6,799.63","6,714.47","6,879.78","6,688.19","","+2.69%"
"Jun 29, 2026","6,621.54","6,773.36","6,773.52","6,344.47","","-2.70%"
"Jun 26, 2026","6,805.18","7,090.10","7,163.46","6,738.42","","-4.54%"
"Jun 25, 2026","7,128.80","7,153.32","7,251.94","7,051.55","","+1.21%"
"Jun 24, 2026","7,043.68","7,182.07","7,276.68","6,866.61","","-2.43%"
"Jun 23, 2026","7,219.24","7,704.22","7,856.83","7,154.08","","-5.26%"
"Jun 22, 2026","7,620.25","7,107.51","7,684.21","7,080.52","","+8.23%"
"Jun 19, 2026","7,040.81","6,567.75","7,119.65","6,567.75","","+8.67%"
"Jun 18, 2026","6,479.28","6,598.92","6,734.91","6,479.28","","-1.69%"
"Jun 17, 2026","6,590.44","6,503.08","6,628.02","6,417.54","","+0.13%"
"Jun 16, 2026","6,581.59","6,215.02","6,706.15","6,194.47","","+6.81%"
"Jun 15, 2026","6,161.90","6,028.44","6,222.86","6,028.08","","+4.27%"
"Jun 12, 2026","5,909.48","5,679.42","6,017.09","5,679.42","","+6.26%"
"Jun 11, 2026","5,561.24","5,542.64","5,617.11","5,311.62","","-1.77%"
"Jun 10, 2026","5,661.29","6,015.41","6,032.12","5,569.53","","-7.50%"
"Jun 09, 2026","6,120.42","6,180.98","6,204.74","5,948.78","","-0.06%"
"Jun 08, 2026","6,123.86","6,453.65","6,454.21","6,003.73","","-6.85%"
"Jun 05, 2026","6,574.31","6,639.54","6,663.32","6,410.08","","-2.50%"
"Jun 04, 2026","6,742.99","6,904.66","6,946.77","6,667.36","","-3.33%"
"Jun 03, 2026","6,975.15","6,729.53","7,105.29","6,716.90","","+5.66%"
"Jun 02, 2026","6,601.40","6,671.90","6,725.22","6,318.55","","-2.52%"
"Jun 01, 2026","6,772.39","6,723.11","6,904.45","6,686.28","","+0.81%"
"May 29, 2026","6,718.02","6,693.34","6,728.69","6,466.91","","+0.99%"
"May 28, 2026","6,652.09","6,733.03","6,793.90","6,456.01","","-3.13%"
"May 27, 2026","6,867.26","7,174.45","7,382.18","6,826.68","","-2.69%"
"May 26, 2026","7,057.21","7,142.32","7,167.35","6,839.32","","-1.30%"
"May 25, 2026","7,150.43","6,773.78","7,209.24","6,773.54","","+7.57%"
"May 23, 2026","6,647.54","6,339.42","6,647.54","6,647.54","","0.00%"
"May 22, 2026","6,647.54","6,339.42","6,735.28","6,334.65","","+6.83%"
"May 21, 2026","6,222.65","6,195.13","6,326.65","6,081.46","","+2.46%"
"May 20, 2026","6,073.42","6,181.50","6,185.75","5,871.97","","-3.69%"
"May 19, 2026","6,306.31","6,823.90","6,824.04","6,272.08","","-8.29%"
"May 18, 2026","6,876.73","6,942.33","7,069.31","6,773.63","","-1.11%"
"May 15, 2026","6,953.73","7,584.77","7,740.33","6,863.62","","-6.47%"
"May 14, 2026","7,434.79","8,128.16","8,170.24","7,391.64","","-9.30%"
"May 13, 2026","8,197.32","7,677.75","8,240.73","7,655.47","","+5.34%"
"May 12, 2026","7,781.91","7,563.36","7,957.81","7,513.31","","+4.28%"
"May 11, 2026","7,462.74","7,498.91","7,622.48","7,364.29","","+1.18%"
"May 08, 2026","7,375.89","7,174.81","7,375.89","7,064.99","","+1.28%"
"May 07, 2026","7,282.97","6,631.82","7,282.97","6,631.82","","+11.62%"
"May 01, 2026","6,524.95","6,709.53","6,709.53","6,524.95","","-1.96%"
"Apr 30, 2026","6,655.62","6,730.57","6,744.08","6,581.43","","-1.97%"
"Apr 28, 2026","6,789.09","6,723.86","6,800.45","6,699.75","","+0.41%"
"Apr 27, 2026","6,761.51","6,618.11","6,830.07","6,550.08","","+2.08%"
"Apr 24, 2026","6,623.73","6,645.95","6,736.20","6,595.89","","+0.67%"
"Apr 23, 2026","6,579.73","6,867.97","6,889.35","6,467.18","","-3.08%"
"Apr 22, 2026","6,788.48","6,669.60","6,803.11","6,538.02","","+1.27%"
"Apr 21, 2026","6,703.06","6,534.13","6,704.59","6,534.13","","+3.75%"
"Apr 20, 2026","6,460.83","6,588.44","6,710.21","6,460.83","","-2.15%"
"Apr 17, 2026","6,602.86","6,679.62","6,758.02","6,602.86","","-2.98%"
"Apr 16, 2026","6,805.39","6,501.77","6,823.40","6,496.21","","+4.29%"
"Apr 15, 2026","6,525.22","6,875.32","6,925.88","6,476.58","","-3.94%"
"Apr 14, 2026","6,792.72","6,631.06","6,818.25","6,630.87","","+4.12%"
"Apr 13, 2026","6,523.64","6,650.57","6,819.57","6,470.57","","-1.48%"
"Apr 11, 2026","6,621.51","6,320.27","6,621.51","6,621.51","","0.00%"
"Apr 10, 2026","6,621.51","6,320.27","6,632.29","6,320.27","","+4.83%"
"Apr 09, 2026","6,316.68","6,119.97","6,358.25","6,108.55","","+1.38%"
"Apr 08, 2026","6,230.62","5,678.55","6,235.43","5,678.54","","+11.62%"
"Apr 07, 2026","5,581.83","5,663.92","5,703.36","5,505.78","","-2.39%"
"Apr 06, 2026","5,718.69","5,742.20","5,848.78","5,695.44","","+0.94%"
"Apr 03, 2026","5,665.23","5,478.26","5,711.00","5,478.14","","+5.20%"
"Apr 02, 2026","5,385.10","5,632.65","5,734.89","5,322.33","","-2.78%"
"Apr 01, 2026","5,538.95","5,145.78","5,540.35","5,145.78","","+9.57%"
"Mar 31, 2026","5,055.25","5,327.42","5,328.45","5,046.29","","-6.70%"
"Mar 30, 2026","5,418.22","5,457.24","5,457.30","5,218.45","","-3.16%"
"Mar 27, 2026","5,595.08","5,603.21","5,637.52","5,378.81","","-1.87%"
"Mar 26, 2026","5,701.73","5,782.64","5,872.38","5,644.84","","-0.26%"
"Mar 25, 2026","5,716.81","5,443.79","5,735.04","5,443.79","","+6.92%"
"Mar 24, 2026","5,346.88","5,230.46","5,470.85","5,205.09","","+4.12%"
"Mar 23, 2026","5,135.33","5,403.65","5,403.65","5,029.50","","-6.66%"
"Mar 19, 2026","5,501.96","5,537.63","5,600.38","5,457.22","","-2.79%"
"Mar 18, 2026","5,660.13","5,477.74","5,666.98","5,474.71","","+4.96%"
"Mar 17, 2026","5,392.51","5,707.41","5,707.41","5,370.02","","-4.31%"
"Mar 16, 2026","5,635.49","5,780.53","5,780.53","5,472.20","","-2.43%"
"Mar 13, 2026","5,775.74","5,576.08","5,865.32","5,516.26","","+1.23%"
"Mar 12, 2026","5,705.56","5,765.55","5,879.55","5,630.00","","-2.43%"
"Mar 11, 2026","5,847.90","5,612.28","6,009.04","5,611.47","","+6.26%"
"Mar 10, 2026","5,503.54","5,249.37","5,621.57","5,248.90","","+6.78%"
"Mar 09, 2026","5,154.23","5,515.51","5,515.51","4,894.93","","-8.38%"
"Mar 06, 2026","5,625.72","5,650.87","5,715.40","5,412.99","","-2.33%"
"Mar 05, 2026","5,760.08","5,760.97","6,057.37","5,683.24","","+1.89%"
"Mar 04, 2026","5,653.36","5,942.75","6,047.99","5,506.92","","-6.97%"
"Mar 03, 2026","6,076.99","6,483.01","6,606.98","6,057.87","","-4.79%"
"Mar 02, 2026","6,382.39","6,006.33","6,382.39","5,966.02","","+4.90%"
"Feb 27, 2026","6,084.48","5,879.05","6,084.48","5,788.12","","+1.85%"
"Feb 26, 2026","5,973.69","6,075.58","6,182.92","5,868.73","","-0.87%"
"Feb 25, 2026","6,026.16","5,813.73","6,055.13","5,744.37","","+5.53%"
"Feb 24, 2026","5,710.24","5,393.13","5,755.57","5,393.13","","+7.95%"
"Feb 21, 2026","5,289.47","5,184.87","5,289.47","5,289.47","","0.00%"
"Feb 20, 2026","5,289.47","5,184.87","5,298.25","5,160.45","","+1.87%"
"Feb 19, 2026","5,192.60","5,075.59","5,203.00","5,073.23","","+3.70%"
"Feb 18, 2026","5,007.37","4,822.73","5,024.86","4,822.73","","+2.92%"
"Feb 17, 2026","4,865.16","4,905.98","4,942.02","4,803.05","","-1.14%"
"Feb 16, 2026","4,921.12","5,005.32","5,045.59","4,914.79","","-0.50%"
"Feb 13, 2026","4,945.75","5,071.95","5,100.53","4,919.82","","-3.76%"
"Feb 12, 2026","5,139.14","4,973.38","5,171.67","4,960.04","","+3.70%"
"Feb 10, 2026","4,955.54","4,762.44","4,981.57","4,761.04","","+5.90%"
"Feb 09, 2026","4,679.26","4,504.49","4,768.78","4,503.69","","+5.98%"
"Feb 07, 2026","4,415.19","4,296.56","4,415.19","4,415.19","","0.00%"
"Feb 06, 2026","4,415.19","4,296.56","4,419.57","4,245.42","","+1.30%"
"Feb 05, 2026","4,358.61","4,516.41","4,558.28","4,297.72","","-4.63%"
"Feb 04, 2026","4,570.39","4,437.35","4,614.57","4,437.35","","+4.50%"
"Feb 03, 2026","4,373.44","4,097.28","4,398.28","4,097.00","","+8.64%"
"Feb 02, 2026","4,025.60","4,113.46","4,227.88","3,997.23","","-2.28%"
"Jan 30, 2026","4,119.34","4,164.52","4,290.90","4,047.28","","-2.18%"
"Jan 29, 2026","4,211.25","4,242.53","4,249.67","4,111.30","","-0.04%"
"Jan 28, 2026","4,212.95","4,064.82","4,267.92","4,064.82","","+4.67%"
"Jan 27, 2026","4,025.02","3,928.78","4,031.38","3,920.17","","+1.89%"
"Jan 26, 2026","3,950.25","3,952.95","4,046.11","3,946.74","","-0.82%"
"Jan 23, 2026","3,982.85","3,985.66","4,042.60","3,954.53","","+0.88%"
"Jan 22, 2026","3,948.07","3,986.39","4,011.67","3,906.74","","-0.32%"
"Jan 21, 2026","3,960.73","3,779.26","3,981.78","3,776.89","","+2.85%"
"Jan 20, 2026","3,850.99","3,878.73","3,892.80","3,808.46","","-1.18%"
"Jan 19, 2026","3,897.14","3,843.41","3,899.23","3,804.23","","-0.07%"
"Jan 16, 2026","3,899.85","3,830.71","3,911.69","3,811.67","","+1.49%"
"Jan 15, 2026","3,842.50","3,787.32","3,865.27","3,787.32","","+1.46%"
"Jan 14, 2026","3,787.32","3,749.75","3,787.32","3,706.71","","+2.07%"
"Jan 13, 2026","3,710.55","3,694.02","3,772.19","3,687.08","","+2.46%"
"Jan 09, 2026","3,621.29","3,625.14","3,628.56","3,531.02","","-0.51%"
"Jan 08, 2026","3,639.75","3,715.88","3,746.85","3,639.75","","-2.45%"
"Jan 07, 2026","3,730.99","3,746.27","3,794.15","3,721.03","","+0.21%"
"Jan 06, 2026","3,723.24","3,695.60","3,723.24","3,662.80","","+1.32%"
"Jan 05, 2026","3,674.79","3,570.23","3,690.37","3,569.63","","+4.91%"
"Dec 30, 2025","3,502.84","3,527.00","3,553.58","3,474.01","","-1.54%"
"Dec 29, 2025","3,557.71","3,511.82","3,591.21","3,511.82","","+2.59%"
"Dec 26, 2025","3,467.85","3,546.26","3,554.02","3,450.41","","-2.00%"
"Dec 25, 2025","3,538.68","3,567.43","3,603.38","3,513.58","","-0.97%"
"Dec 24, 2025","3,573.23","3,534.82","3,591.61","3,524.74","","+1.34%"
"Dec 23, 2025","3,525.85","3,514.16","3,530.91","3,487.18","","-0.53%"
"Dec 22, 2025","3,544.49","3,412.77","3,546.59","3,408.94","","+5.89%"
"Dec 19, 2025","3,347.24","3,291.95","3,369.62","3,286.00","","+2.73%"
"Dec 18, 2025","3,258.30","3,290.54","3,311.17","3,236.95","","-2.66%"
"Dec 17, 2025","3,347.46","3,302.58","3,374.23","3,257.87","","+1.53%"
"Dec 16, 2025","3,297.00","3,412.95","3,416.44","3,271.59","","-4.79%"
"Dec 15, 2025","3,463.01","3,489.35","3,490.04","3,420.60","","-2.54%"
"Dec 12, 2025","3,553.33","3,512.54","3,555.86","3,496.36","","+2.30%"
"Dec 11, 2025","3,473.34","3,567.82","3,593.15","3,468.72","","-2.29%"
"Dec 10, 2025","3,554.76","3,620.59","3,627.71","3,509.46","","-0.12%"
"Dec 09, 2025","3,558.93","3,572.41","3,580.23","3,507.74","","-0.02%"
"Dec 08, 2025","3,559.55","3,469.22","3,565.46","3,452.69","","+3.67%"
"Dec 05, 2025","3,433.47","3,390.70","3,446.71","3,338.79","","+1.06%"
"Dec 04, 2025","3,397.41","3,392.21","3,422.22","3,358.77","","-0.14%"
"Dec 03, 2025","3,402.12","3,373.09","3,444.80","3,355.38","","+2.32%"
"Dec 02, 2025","3,325.01","3,302.66","3,379.90","3,302.66","","+1.62%"
"Dec 01, 2025","3,271.92","3,355.40","3,355.40","3,227.63","","-2.54%"
"Nov 30, 2025","3,357.21","3,376.13","3,357.21","3,357.21","","0.00%"
"Nov 28, 2025","3,357.21","3,376.13","3,405.50","3,335.89","","-0.04%"
"Nov 27, 2025","3,358.50","3,360.65","3,385.28","3,340.62","","+1.31%"
"Nov 26, 2025","3,315.01","3,261.70","3,333.11","3,255.14","","+1.90%"
"Nov 25, 2025","3,253.25","3,239.69","3,332.25","3,235.54","","+2.15%"
"Nov 21, 2025","3,184.76","3,400.36","3,400.84","3,157.03","","-8.07%"
"Nov 20, 2025","3,464.44","3,346.26","3,528.95","3,346.26","","+5.50%"
"Nov 19, 2025","3,283.74","3,290.22","3,375.22","3,186.30","","+0.16%"
"Nov 18, 2025","3,278.61","3,519.03","3,520.83","3,278.61","","-8.46%"
"Nov 17, 2025","3,581.47","3,496.59","3,585.52","3,481.96","","+2.79%"
"Nov 14, 2025","3,484.25","3,533.80","3,535.59","3,415.81","","-3.42%"
"Nov 13, 2025","3,607.59","3,483.95","3,652.21","3,477.27","","+3.85%"
"Nov 12, 2025","3,473.70","3,328.39","3,487.86","3,268.15","","+3.85%"
"Nov 11, 2025","3,344.78","3,502.93","3,560.98","3,324.33","","-3.00%"
"Nov 10, 2025","3,448.17","3,435.52","3,516.81","3,402.48","","+1.32%"
"Nov 07, 2025","3,403.31","3,494.01","3,497.73","3,333.90","","-4.36%"
"Nov 06, 2025","3,558.53","3,423.75","3,562.25","3,423.75","","+5.66%"
"Nov 05, 2025","3,367.92","3,425.46","3,438.95","3,206.81","","-3.79%"
"Nov 04, 2025","3,500.55","3,505.38","3,672.83","3,490.74","","+1.22%"
"Oct 31, 2025","3,458.25","3,367.85","3,489.63","3,343.14","","+2.52%"
"Oct 30, 2025","3,373.36","3,266.46","3,379.60","3,266.46","","+3.61%"
"Oct 29, 2025","3,255.95","3,193.17","3,271.53","3,193.17","","+3.53%"
"Oct 28, 2025","3,145.06","3,192.26","3,206.20","3,143.04","","-1.76%"
"Oct 27, 2025","3,201.52","3,110.03","3,207.94","3,100.28","","+4.73%"
"Oct 24, 2025","3,057.03","3,002.09","3,060.08","2,975.37","","+3.06%"
"Oct 23, 2025","2,966.38","2,900.93","2,968.13","2,897.94","","+1.02%"
"Oct 22, 2025","2,936.53","2,938.31","2,948.54","2,857.36","","-0.87%"
"Oct 21, 2025","2,962.38","3,026.06","3,047.47","2,946.61","","-1.62%"
"Oct 20, 2025","3,011.28","2,973.89","3,011.28","2,942.26","","+2.21%"
"Oct 17, 2025","2,946.20","2,951.93","3,010.97","2,939.35","","-1.56%"
"Oct 16, 2025","2,992.82","2,962.25","2,992.82","2,951.42","","+2.17%"
"Oct 15, 2025","2,929.32","2,873.23","2,946.37","2,864.64","","+2.67%"
"Oct 14, 2025","2,853.01","2,950.15","3,005.46","2,851.40","","-3.61%"
"Oct 10, 2025","2,959.97","3,008.18","3,016.80","2,954.36","","-2.39%"
"Oct 09, 2025","3,032.57","3,010.89","3,059.94","2,996.61","","+2.42%"
"Oct 08, 2025","2,960.84","2,852.44","2,968.97","2,841.70","","+3.49%"
"Oct 07, 2025","2,860.91","2,862.39","2,974.98","2,845.67","","+1.39%"
"Oct 06, 2025","2,821.80","2,800.20","2,827.57","2,772.24","","+2.65%"
"Oct 03, 2025","2,748.93","2,720.68","2,750.33","2,700.18","","+0.60%"
"Oct 02, 2025","2,732.56","2,731.19","2,772.88","2,708.52","","+1.65%"
"Oct 01, 2025","2,688.25","2,725.60","2,725.60","2,659.16","","-1.43%"
"Sep 30, 2025","2,727.21","2,744.89","2,744.89","2,713.60","","-0.44%"
"Sep 29, 2025","2,739.17","2,679.35","2,746.99","2,677.96","","+1.94%"
"Sep 26, 2025","2,687.07","2,742.06","2,748.42","2,681.08","","-2.11%"
"Sep 25, 2025","2,745.11","2,655.12","2,749.26","2,655.12","","+3.24%"
"Sep 24, 2025","2,658.87","2,601.09","2,660.28","2,593.49","","+1.86%"
"Sep 22, 2025","2,610.25","2,627.67","2,630.25","2,601.82","","+0.58%"
"Sep 19, 2025","2,595.31","2,626.53","2,641.43","2,547.81","","+0.01%"
"Sep 18, 2025","2,594.99","2,565.94","2,602.71","2,557.97","","+1.47%"
"Sep 17, 2025","2,557.44","2,628.67","2,629.41","2,554.77","","-3.05%"
"Sep 16, 2025","2,637.82","2,657.42","2,659.90","2,594.17","","+0.52%"
"Sep 12, 2025","2,624.05","2,645.43","2,662.47","2,624.05","","+0.08%"
"Sep 11, 2025","2,622.02","2,600.52","2,653.05","2,598.52","","+1.54%"
"Sep 10, 2025","2,582.32","2,523.50","2,584.10","2,522.80","","+2.93%"
"Sep 09, 2025","2,508.86","2,607.09","2,609.31","2,508.86","","-3.13%"
"Sep 08, 2025","2,590.02","2,561.27","2,590.02","2,555.60","","+1.92%"
"Sep 05, 2025","2,541.33","2,554.27","2,569.00","2,515.82","","+0.88%"
"Sep 04, 2025","2,519.25","2,500.05","2,555.28","2,500.05","","+2.01%"
"Sep 03, 2025","2,469.65","2,473.26","2,516.47","2,462.34","","+0.45%"
"Sep 02, 2025","2,458.51","2,456.41","2,484.93","2,429.14","","+0.41%"
"Sep 01, 2025","2,448.59","2,468.69","2,476.98","2,419.63","","-1.98%"
"Aug 29, 2025","2,498.15","2,443.72","2,501.30","2,434.74","","+2.02%"
"Aug 28, 2025","2,448.77","2,350.80","2,453.00","2,347.92","","+2.57%"
"Aug 27, 2025","2,387.31","2,360.77","2,389.99","2,347.74","","+1.55%"
"Aug 26, 2025","2,350.81","2,367.47","2,377.23","2,332.17","","-0.52%"
"Aug 25, 2025","2,363.04","2,356.84","2,378.23","2,340.98","","+2.12%"
"Aug 22, 2025","2,314.08","2,306.40","2,320.23","2,291.93","","+1.30%"
"Aug 21, 2025","2,284.32","2,254.06","2,300.54","2,249.67","","+1.49%"
"Aug 20, 2025","2,250.82","2,288.45","2,288.45","2,236.08","","-3.02%"
"Aug 19, 2025","2,320.89","2,349.30","2,360.39","2,295.86","","-1.59%"
"Aug 18, 2025","2,358.40","2,326.35","2,366.52","2,323.72","","+1.22%"
"Aug 15, 2025","2,329.88","2,242.12","2,332.83","2,242.12","","+3.49%"
"Aug 14, 2025","2,251.37","2,263.68","2,276.95","2,240.54","","-1.61%"
"Aug 13, 2025","2,288.16","2,268.15","2,289.32","2,244.85","","+2.11%"
"Aug 12, 2025","2,240.77","2,223.00","2,256.80","2,221.63","","+2.15%"
"Aug 08, 2025","2,193.55","2,237.30","2,258.28","2,185.10","","-2.44%"
"Aug 07, 2025","2,248.44","2,215.89","2,264.32","2,193.26","","+1.14%"
"Aug 06, 2025","2,223.16","2,163.87","2,223.16","2,157.60","","+2.00%"
"Aug 05, 2025","2,179.59","2,131.48","2,182.79","2,123.58","","+3.59%"
"Aug 04, 2025","2,103.97","2,063.17","2,106.89","2,038.56","","+0.09%"
"Aug 01, 2025","2,102.18","2,105.72","2,129.89","2,084.37","","-0.30%"
"Jul 31, 2025","2,108.60","2,053.04","2,122.76","2,053.04","","+3.17%"
"Jul 30, 2025","2,043.74","1,987.56","2,054.75","1,987.56","","+3.92%"
"Jul 29, 2025","1,966.59","1,954.07","1,966.99","1,951.26","","+0.16%"
"Jul 28, 2025","1,963.44","1,983.24","1,983.24","1,959.26","","-0.69%"
"Jul 25, 2025","1,977.11","1,977.26","1,985.99","1,967.79","","0.00%"
"Jul 24, 2025","1,977.15","1,938.29","1,979.62","1,938.29","","+3.28%"
"Jul 23, 2025","1,914.41","1,923.58","1,938.69","1,895.06","","+1.06%"
"Jul 22, 2025","1,894.39","1,876.57","1,912.85","1,876.57","","+2.00%"
"Jul 18, 2025","1,857.29","1,856.82","1,869.77","1,846.97","","+0.46%"
"Jul 17, 2025","1,848.85","1,827.36","1,848.85","1,817.14","","+0.55%"
"Jul 16, 2025","1,838.68","1,831.88","1,848.02","1,821.53","","+0.03%"
"Jul 15, 2025","1,838.21","1,809.99","1,838.21","1,808.88","","+2.22%"
"Jul 14, 2025","1,798.36","1,797.66","1,801.89","1,782.34","","-0.08%"
"Jul 11, 2025","1,799.71","1,819.07","1,831.63","1,794.94","","-0.96%"
"Jul 10, 2025","1,817.07","1,821.02","1,829.87","1,813.50","","+0.04%"
"Jul 09, 2025","1,816.36","1,849.08","1,849.08","1,800.71","","-0.95%"
"Jul 08, 2025","1,833.70","1,771.35","1,837.18","1,770.17","","+4.78%"
"Jul 07, 2025","1,750.10","1,772.32","1,772.32","1,745.82","","-1.94%"
"Jul 04, 2025","1,784.75","1,819.46","1,823.64","1,782.38","","-1.18%"
"Jul 03, 2025","1,806.09","1,780.48","1,809.83","1,780.48","","+1.87%"
"Jul 02, 2025","1,772.98","1,769.62","1,783.05","1,738.99","","-1.15%"
"Jul 01, 2025","1,793.58","1,759.79","1,798.66","1,757.48","","+1.32%"
"Jun 30, 2025","1,770.18","1,801.10","1,802.24","1,766.76","","-0.60%"
"Jun 27, 2025","1,780.91","1,757.21","1,789.58","1,753.67","","+2.86%"
"Jun 26, 2025","1,731.41","1,689.83","1,734.23","1,689.28","","+2.47%"
"Jun 25, 2025","1,689.64","1,695.46","1,701.62","1,676.62","","+0.33%"
"Jun 24, 2025","1,684.02","1,654.47","1,685.10","1,654.47","","+2.99%"
"Jun 23, 2025","1,635.18","1,650.39","1,650.39","1,624.57","","-1.53%"
"Jun 20, 2025","1,660.57","1,669.19","1,682.23","1,660.57","","-0.89%"
"Jun 19, 2025","1,675.40","1,677.19","1,677.75","1,666.93","","-0.41%"
"Jun 18, 2025","1,682.29","1,680.12","1,685.82","1,668.68","","-0.17%"
"Jun 17, 2025","1,685.11","1,670.51","1,689.51","1,670.51","","+1.35%"
"Jun 16, 2025","1,662.63","1,649.12","1,669.08","1,646.57","","+1.54%"
"Jun 14, 2025","1,637.34","1,648.90","1,637.34","1,637.34","","0.00%"
"Jun 13, 2025","1,637.34","1,648.90","1,652.17","1,628.65","","-1.03%"
"Jun 12, 2025","1,654.46","1,659.24","1,666.05","1,646.80","","-0.45%"
"Jun 11, 2025","1,661.86","1,686.52","1,692.97","1,656.56","","-1.32%"
"Jun 10, 2025","1,684.01","1,705.93","1,711.77","1,682.85","","-0.95%"
"Jun 09, 2025","1,700.13","1,695.15","1,702.82","1,694.15","","+0.91%"
"Jun 06, 2025","1,684.80","1,681.76","1,698.34","1,679.37","","+0.12%"
"Jun 05, 2025","1,682.83","1,673.45","1,684.20","1,670.07","","+0.20%"
"Jun 04, 2025","1,679.48","1,679.84","1,689.89","1,669.59","","+0.88%"
"Jun 03, 2025","1,664.88","1,677.09","1,680.75","1,664.88","","-0.74%"
"Jun 02, 2025","1,677.22","1,669.07","1,681.02","1,664.11","","-0.45%"
"May 30, 2025","1,684.81","1,680.54","1,688.93","1,674.52","","-0.84%"
"May 29, 2025","1,699.13","1,657.63","1,701.42","1,657.63","","+3.56%"
"May 28, 2025","1,640.71","1,657.89","1,670.45","1,640.71","","-0.20%"
"May 27, 2025","1,643.98","1,632.72","1,645.52","1,624.75","","+1.43%"
"May 26, 2025","1,620.74","1,612.03","1,620.74","1,601.29","","+0.93%"
"May 23, 2025","1,605.75","1,572.52","1,617.03","1,572.43","","+2.96%"
"May 22, 2025","1,559.57","1,526.51","1,564.71","1,514.69","","+0.84%"
"May 21, 2025","1,546.53","1,549.23","1,552.04","1,530.10","","+0.05%"
"May 20, 2025","1,545.80","1,534.75","1,555.48","1,533.96","","+1.89%"
"May 19, 2025","1,517.12","1,521.48","1,538.97","1,517.12","","-1.02%"
"May 16, 2025","1,532.80","1,525.67","1,537.87","1,512.24","","-0.05%"
"May 15, 2025","1,533.52","1,537.39","1,553.97","1,522.42","","-1.32%"
"May 14, 2025","1,553.96","1,547.74","1,568.60","1,531.08","","+1.25%"
"May 13, 2025","1,534.77","1,529.15","1,551.22","1,489.18","","+1.94%"
"May 12, 2025","1,505.58","1,495.73","1,509.62","1,487.62","","+1.27%"
"May 09, 2025","1,486.70","1,487.55","1,492.47","1,478.34","","+1.19%"
"May 08, 2025","1,469.20","1,450.51","1,469.70","1,443.02","","+1.43%"
"May 07, 2025","1,448.44","1,443.34","1,451.81","1,433.07","","+1.26%"
"May 02, 2025","1,430.38","1,437.76","1,442.68","1,419.62","","-0.28%"
"May 01, 2025","1,434.37","1,406.68","1,440.76","1,404.59","","+1.58%"
"Apr 30, 2025","1,412.08","1,413.74","1,421.01","1,401.46","","+0.28%"
"Apr 28, 2025","1,408.10","1,421.02","1,425.94","1,401.55","","-0.01%"
"Apr 25, 2025","1,408.27","1,382.05","1,415.07","1,381.12","","+3.23%"
"Apr 24, 2025","1,364.16","1,352.60","1,389.89","1,351.02","","+2.49%"
"Apr 23, 2025","1,331.02","1,323.50","1,339.55","1,321.07","","+2.35%"
"Apr 22, 2025","1,300.46","1,283.54","1,303.14","1,283.09","","+0.95%"
"Apr 21, 2025","1,288.18","1,297.77","1,306.84","1,278.15","","-1.98%"
"Apr 18, 2025","1,314.22","1,300.29","1,316.67","1,296.06","","+1.04%"
"Apr 17, 2025","1,300.70","1,278.60","1,302.55","1,277.69","","+1.54%"
"Apr 16, 2025","1,281.01","1,307.75","1,314.71","1,272.37","","-2.66%"
"Apr 15, 2025","1,315.99","1,308.12","1,335.78","1,308.12","","+1.78%"
"Apr 14, 2025","1,292.94","1,294.95","1,319.23","1,292.94","","+1.06%"
"Apr 11, 2025","1,279.32","1,286.92","1,286.92","1,221.14","","-2.51%"
"Apr 10, 2025","1,312.21","1,180.30","1,322.16","1,180.30","","+13.42%"
"Apr 09, 2025","1,156.93","1,208.40","1,208.52","1,135.22","","-6.16%"
"Apr 08, 2025","1,232.90","1,125.25","1,238.99","1,125.04","","+11.89%"
"Apr 07, 2025","1,101.88","1,249.52","1,249.52","1,077.03","","-13.57%"
"Apr 04, 2025","1,274.81","1,359.25","1,359.25","1,246.24","","-8.03%"
"Apr 03, 2025","1,386.16","1,441.36","1,441.36","1,372.86","","-5.74%"
"Apr 02, 2025","1,470.64","1,467.55","1,480.73","1,456.19","","+0.37%"
"Apr 01, 2025","1,465.17","1,491.49","1,494.25","1,462.92","","-1.69%"
"Mar 31, 2025","1,490.34","1,541.66","1,541.66","1,479.02","","-5.12%"
"Mar 28, 2025","1,570.80","1,587.90","1,589.42","1,558.58","","-3.06%"
"Mar 27, 2025","1,620.36","1,649.98","1,650.87","1,608.72","","-3.26%"
"Mar 26, 2025","1,675.00","1,665.57","1,681.47","1,660.23","","+1.35%"
"Mar 25, 2025","1,652.66","1,662.02","1,698.67","1,644.60","","+0.62%"
"Mar 24, 2025","1,642.44","1,645.19","1,654.08","1,628.45","","+0.51%"
"Mar 21, 2025","1,634.13","1,626.39","1,654.14","1,626.02","","+0.99%"
"Mar 19, 2025","1,618.08","1,640.22","1,646.93","1,618.08","","-0.79%"
"Mar 18, 2025","1,631.04","1,619.05","1,635.55","1,617.62","","+1.81%"
"Mar 17, 2025","1,601.99","1,624.39","1,624.39","1,597.04","","-0.16%"
"Mar 14, 2025","1,604.54","1,551.14","1,606.35","1,548.72","","+3.69%"
"Mar 13, 2025","1,547.39","1,562.81","1,575.44","1,547.39","","-0.41%"
"Mar 12, 2025","1,553.73","1,533.09","1,567.59","1,531.70","","+2.07%"
"Mar 11, 2025","1,522.21","1,538.70","1,539.16","1,477.73","","-2.71%"
"Mar 10, 2025","1,564.55","1,570.10","1,575.69","1,555.52","","-0.14%"
"Mar 07, 2025","1,566.77","1,563.02","1,570.54","1,547.35","","-0.81%"
"Mar 06, 2025","1,579.50","1,589.79","1,591.87","1,567.61","","+0.41%"
"Mar 05, 2025","1,573.10","1,541.46","1,574.73","1,540.09","","+2.78%"
"Mar 04, 2025","1,530.59","1,569.70","1,569.70","1,514.22","","-3.71%"
"Mar 03, 2025","1,589.64","1,595.55","1,601.18","1,579.93","","+0.85%"
"Feb 28, 2025","1,576.32","1,621.55","1,625.13","1,558.11","","-4.00%"
"Feb 27, 2025","1,641.95","1,617.97","1,665.41","1,617.97","","+2.73%"
"Feb 26, 2025","1,598.29","1,573.68","1,598.41","1,555.71","","+0.70%"
"Feb 25, 2025","1,587.23","1,619.12","1,619.12","1,584.79","","-3.39%"
"Feb 21, 2025","1,642.86","1,651.37","1,655.74","1,635.32","","-1.46%"
"Feb 20, 2025","1,667.15","1,692.67","1,704.32","1,663.11","","-1.75%"
"Feb 19, 2025","1,696.79","1,708.54","1,722.28","1,687.49","","-0.74%"
"Feb 18, 2025","1,709.44","1,712.35","1,732.81","1,702.71","","-0.11%"
"Feb 17, 2025","1,711.30","1,700.82","1,722.62","1,700.69","","-0.44%"
"Feb 14, 2025","1,718.80","1,764.98","1,771.02","1,715.96","","-1.98%"
"Feb 13, 2025","1,753.59","1,789.33","1,798.69","1,745.05","","-1.40%"
"Feb 12, 2025","1,778.52","1,736.55","1,798.70","1,733.03","","+3.69%"
"Feb 10, 2025","1,715.26","1,698.01","1,716.37","1,683.05","","+1.37%"
"Feb 07, 2025","1,692.13","1,708.72","1,711.88","1,689.97","","-0.78%"
"Feb 06, 2025","1,705.45","1,711.47","1,720.89","1,690.72","","-0.07%"
"Feb 05, 2025","1,706.66","1,723.28","1,759.17","1,702.06","","-0.22%"
"Feb 04, 2025","1,710.44","1,663.36","1,736.08","1,662.49","","+4.18%"
"Feb 03, 2025","1,641.83","1,674.06","1,674.06","1,638.72","","-3.47%"
"Jan 31, 2025","1,700.77","1,676.75","1,707.05","1,674.16","","+2.30%"
"Jan 30, 2025","1,662.58","1,636.98","1,665.96","1,633.06","","+1.18%"
"Jan 29, 2025","1,643.16","1,635.55","1,660.32","1,606.79","","+1.80%"
"Jan 28, 2025","1,614.13","1,672.78","1,674.85","1,613.80","","-4.93%"
"Jan 27, 2025","1,697.88","1,790.56","1,791.95","1,696.09","","-5.03%"
"Jan 24, 2025","1,787.85","1,793.68","1,798.04","1,776.25","","-0.23%"
"Jan 23, 2025","1,791.99","1,764.44","1,799.97","1,745.66","","+2.20%"
"Jan 22, 2025","1,753.46","1,652.00","1,760.74","1,652.00","","+6.92%"
"Jan 21, 2025","1,639.92","1,654.61","1,661.61","1,634.48","","+0.23%"
"Jan 20, 2025","1,636.20","1,628.23","1,642.19","1,624.58","","+0.73%"
"Jan 17, 2025","1,624.39","1,607.85","1,625.35","1,590.67","","+0.35%"
"Jan 16, 2025","1,618.69","1,626.68","1,632.35","1,614.01","","+0.10%"
"Jan 15, 2025","1,617.09","1,625.63","1,630.22","1,603.69","","0.00%"
"Jan 14, 2025","1,617.01","1,638.64","1,639.21","1,604.60","","-1.94%"
"Jan 10, 2025","1,648.93","1,652.69","1,670.31","1,646.93","","-0.34%"
"Jan 09, 2025","1,654.53","1,686.03","1,697.35","1,648.16","","-2.23%"
"Jan 08, 2025","1,692.22","1,674.37","1,697.26","1,674.37","","+0.66%"
"Jan 07, 2025","1,681.19","1,703.16","1,703.16","1,667.85","","-0.22%"
"Jan 06, 2025","1,684.91","1,695.12","1,707.57","1,681.17","","-0.10%"
"Dec 30, 2024","1,686.62","1,700.19","1,700.19","1,677.93","","-0.96%"
"Dec 27, 2024","1,703.00","1,695.41","1,705.78","1,683.61","","+1.10%"
"Dec 26, 2024","1,684.47","1,645.59","1,684.47","1,645.38","","+2.15%"
"Dec 25, 2024","1,649.00","1,637.20","1,649.00","1,621.44","","+1.22%"
"Dec 24, 2024","1,629.17","1,649.35","1,649.88","1,623.07","","-1.00%"
"Dec 23, 2024","1,645.59","1,645.45","1,652.89","1,627.47","","+0.56%"
"Dec 20, 2024","1,636.35","1,643.22","1,646.69","1,626.65","","-0.10%"
"Dec 19, 2024","1,638.06","1,628.82","1,645.63","1,608.64","","-0.95%"
"Dec 18, 2024","1,653.77","1,659.83","1,678.04","1,653.77","","-0.09%"
"Dec 17, 2024","1,655.26","1,689.17","1,700.87","1,654.98","","-1.72%"
"Dec 16, 2024","1,684.19","1,680.49","1,697.76","1,673.35","","+0.22%"
"Dec 13, 2024","1,680.54","1,685.21","1,688.08","1,665.65","","-0.31%"
"Dec 12, 2024","1,685.72","1,696.82","1,712.33","1,684.76","","+0.72%"
"Dec 11, 2024","1,673.74","1,662.22","1,674.18","1,650.83","","+0.39%"
"Dec 10, 2024","1,667.28","1,688.68","1,690.17","1,661.77","","-0.85%"
"Dec 09, 2024","1,681.56","1,692.26","1,698.91","1,661.23","","+0.21%"
"Dec 06, 2024","1,678.08","1,720.57","1,720.57","1,669.35","","-2.67%"
"Dec 05, 2024","1,724.13","1,724.71","1,752.21","1,723.37","","+1.01%"
"Dec 04, 2024","1,706.93","1,711.58","1,721.96","1,701.82","","-0.12%"
"Dec 03, 2024","1,708.90","1,671.59","1,714.08","1,670.61","","+2.77%"
"Dec 02, 2024","1,662.86","1,619.16","1,664.63","1,619.16","","+2.69%"
"Nov 29, 2024","1,619.36","1,620.82","1,622.94","1,601.21","","+0.40%"
"Nov 28, 2024","1,612.94","1,604.89","1,628.20","1,598.91","","+0.38%"
"Nov 27, 2024","1,606.90","1,626.52","1,632.40","1,579.64","","-1.85%"
"Nov 26, 2024","1,637.12","1,674.42","1,675.78","1,623.79","","-2.15%"
"Nov 25, 2024","1,673.07","1,697.44","1,700.32","1,669.76","","-0.68%"
"Nov 22, 2024","1,684.56","1,679.14","1,691.08","1,657.06","","+1.37%"
"Nov 21, 2024","1,661.84","1,660.44","1,701.12","1,660.44","","+0.70%"
"Nov 20, 2024","1,650.26","1,652.66","1,663.90","1,641.40","","+0.15%"
"Nov 19, 2024","1,647.77","1,618.26","1,655.79","1,610.08","","+2.43%"
"Nov 18, 2024","1,608.65","1,617.61","1,630.28","1,605.74","","-0.75%"
"Nov 15, 2024","1,620.87","1,651.64","1,655.81","1,620.87","","-0.77%"
"Nov 14, 2024","1,633.45","1,624.50","1,659.35","1,624.50","","+1.19%"
"Nov 13, 2024","1,614.29","1,639.65","1,649.31","1,612.50","","-2.09%"
"Nov 12, 2024","1,648.83","1,652.45","1,681.13","1,634.55","","-0.34%"
"Nov 11, 2024","1,654.48","1,615.13","1,658.45","1,608.20","","+2.93%"
"Nov 08, 2024","1,607.31","1,632.94","1,667.63","1,600.49","","-0.21%"
"Nov 07, 2024","1,610.76","1,623.26","1,630.41","1,579.23","","-0.08%"
"Nov 06, 2024","1,611.98","1,579.50","1,615.73","1,574.25","","+2.88%"
"Nov 05, 2024","1,566.82","1,532.99","1,580.50","1,530.78","","+3.36%"
"Nov 01, 2024","1,515.92","1,532.68","1,532.68","1,511.15","","-2.84%"
"Oct 31, 2024","1,560.17","1,548.32","1,568.75","1,543.29","","+0.69%"
"Oct 30, 2024","1,549.45","1,515.42","1,565.93","1,515.42","","+2.41%"
"Oct 29, 2024","1,512.95","1,494.62","1,516.12","1,494.37","","+1.36%"
"Oct 28, 2024","1,492.69","1,471.12","1,502.69","1,468.61","","+0.74%"
"Oct 25, 2024","1,481.67","1,482.26","1,491.69","1,470.91","","-0.86%"
"Oct 24, 2024","1,494.52","1,470.57","1,500.09","1,457.86","","-0.09%"
"Oct 23, 2024","1,495.81","1,492.30","1,510.01","1,492.28","","-0.30%"
"Oct 22, 2024","1,500.33","1,512.16","1,526.09","1,487.74","","-1.05%"
"Oct 21, 2024","1,516.27","1,531.86","1,535.98","1,516.00","","-0.66%"
"Oct 18, 2024","1,526.27","1,528.33","1,529.44","1,514.95","","+0.32%"
"Oct 17, 2024","1,521.34","1,537.95","1,540.70","1,521.17","","-1.26%"
"Oct 16, 2024","1,540.73","1,517.62","1,545.58","1,510.95","","-0.33%"
"Oct 15, 2024","1,545.90","1,570.48","1,570.48","1,544.78","","-0.68%"
"Oct 11, 2024","1,556.54","1,551.07","1,567.39","1,550.09","","+0.67%"
"Oct 10, 2024","1,546.24","1,547.84","1,548.85","1,529.39","","+0.47%"
"Oct 09, 2024","1,538.96","1,554.59","1,557.24","1,526.28","","-0.08%"
"Oct 08, 2024","1,540.24","1,562.04","1,572.90","1,532.78","","-1.04%"
"Oct 07, 2024","1,556.42","1,542.78","1,565.90","1,541.26","","+2.63%"
"Oct 04, 2024","1,516.56","1,515.48","1,520.86","1,507.21","","+0.22%"
"Oct 03, 2024","1,513.29","1,533.28","1,550.61","1,508.77","","+0.43%"
"Oct 02, 2024","1,506.86","1,502.63","1,525.65","1,502.63","","-0.58%"
"Oct 01, 2024","1,515.60","1,506.75","1,519.85","1,504.33","","+1.75%"
"Sep 30, 2024","1,489.48","1,525.53","1,527.71","1,485.24","","-4.26%"
"Sep 27, 2024","1,555.68","1,534.92","1,555.68","1,527.24","","+1.68%"
"Sep 26, 2024","1,530.02","1,501.34","1,530.02","1,497.79","","+2.52%"
"Sep 25, 2024","1,492.45","1,491.14","1,503.58","1,484.42","","+0.49%"
"Sep 24, 2024","1,485.14","1,474.42","1,486.89","1,468.17","","+1.90%"
"Sep 20, 2024","1,457.44","1,452.16","1,466.73","1,449.52","","+1.87%"
"Sep 19, 2024","1,430.64","1,411.87","1,438.41","1,410.83","","+3.30%"
"Sep 18, 2024","1,384.96","1,381.64","1,389.73","1,366.69","","+1.45%"
"Sep 17, 2024","1,365.21","1,380.24","1,383.05","1,345.15","","0.00%"
"Sep 13, 2024","1,365.21","1,357.18","1,369.96","1,349.70","","+0.05%"
"Sep 12, 2024","1,364.46","1,343.98","1,374.63","1,343.75","","+3.55%"
"Sep 11, 2024","1,317.67","1,333.73","1,345.29","1,304.08","","-2.38%"
"Sep 10, 2024","1,349.85","1,359.69","1,372.06","1,349.09","","-0.45%"
"Sep 09, 2024","1,355.90","1,333.17","1,358.47","1,303.89","","-0.25%"
"Sep 06, 2024","1,359.28","1,388.65","1,388.65","1,348.51","","-1.86%"
"Sep 05, 2024","1,385.03","1,371.41","1,410.35","1,364.63","","-0.21%"
"Sep 04, 2024","1,387.96","1,446.64","1,446.98","1,385.25","","-5.82%"
"Sep 03, 2024","1,473.79","1,490.50","1,492.56","1,469.09","","-0.75%"
"Sep 02, 2024","1,484.99","1,477.39","1,485.56","1,466.75","","+1.94%"
"Aug 30, 2024","1,456.72","1,434.51","1,458.85","1,434.30","","+2.60%"
"Aug 29, 2024","1,419.80","1,410.10","1,419.80","1,406.14","","-0.05%"
"Aug 28, 2024","1,420.54","1,405.39","1,420.54","1,400.83","","+0.34%"
"Aug 27, 2024","1,415.71","1,406.79","1,415.71","1,397.18","","+0.94%"
"Aug 26, 2024","1,402.54","1,422.69","1,423.93","1,399.70","","-1.98%"
"Aug 23, 2024","1,430.88","1,427.00","1,436.32","1,417.12","","+0.33%"
"Aug 22, 2024","1,426.11","1,434.19","1,437.63","1,417.76","","-0.69%"
"Aug 21, 2024","1,436.00","1,437.93","1,450.08","1,428.97","","-1.24%"
"Aug 20, 2024","1,454.02","1,444.57","1,456.97","1,432.90","","+2.21%"
"Aug 19, 2024","1,422.58","1,442.21","1,450.30","1,418.84","","-1.30%"
"Aug 16, 2024","1,441.34","1,411.63","1,446.36","1,411.11","","+4.05%"
"Aug 15, 2024","1,385.28","1,359.04","1,389.87","1,358.45","","+2.63%"
"Aug 14, 2024","1,349.75","1,322.48","1,350.85","1,316.48","","+2.56%"
"Aug 13, 2024","1,316.01","1,278.73","1,318.31","1,278.32","","+4.45%"
"Aug 09, 2024","1,259.97","1,229.89","1,269.49","1,228.76","","+4.62%"
"Aug 08, 2024","1,204.35","1,218.37","1,233.86","1,197.34","","-3.26%"
"Aug 07, 2024","1,244.91","1,207.48","1,276.85","1,185.72","","+0.96%"
"Aug 06, 2024","1,233.10","1,131.63","1,249.17","1,131.63","","+11.20%"
"Aug 05, 2024","1,108.89","1,291.39","1,291.60","1,096.94","","-15.82%"
"Aug 02, 2024","1,317.25","1,369.41","1,372.31","1,315.98","","-4.73%"
"Aug 01, 2024","1,382.70","1,409.54","1,411.53","1,369.39","","-3.23%"
"Jul 31, 2024","1,428.79","1,388.48","1,430.28","1,384.38","","+1.90%"
"Jul 30, 2024","1,402.20","1,399.64","1,406.38","1,392.77","","-0.67%"
"Jul 29, 2024","1,411.61","1,387.71","1,420.10","1,381.61","","+3.39%"
"Jul 26, 2024","1,365.26","1,370.62","1,388.36","1,363.20","","-0.70%"
"Jul 25, 2024","1,374.93","1,403.56","1,403.56","1,373.45","","-3.49%"
"Jul 24, 2024","1,424.66","1,445.06","1,450.36","1,424.66","","-2.08%"
"Jul 23, 2024","1,454.88","1,462.15","1,467.53","1,448.96","","+0.36%"
"Jul 22, 2024","1,449.68","1,475.75","1,477.23","1,449.68","","-1.95%"
"Jul 19, 2024","1,478.56","1,482.45","1,490.22","1,471.74","","-0.60%"
"Jul 18, 2024","1,487.50","1,514.49","1,518.93","1,487.50","","-3.16%"
"Jul 17, 2024","1,536.04","1,525.32","1,545.66","1,525.32","","+1.00%"
"Jul 16, 2024","1,520.81","1,522.57","1,532.69","1,518.91","","-0.12%"
"Jul 12, 2024","1,522.70","1,533.81","1,542.34","1,522.70","","-1.83%"
"Jul 11, 2024","1,551.07","1,562.23","1,568.74","1,544.21","","+0.43%"
"Jul 10, 2024","1,544.41","1,533.09","1,547.81","1,527.58","","+0.83%"
"Jul 09, 2024","1,531.77","1,506.29","1,541.34","1,506.29","","+2.25%"
"Jul 08, 2024","1,498.07","1,498.04","1,506.87","1,488.82","","-0.16%"
"Jul 05, 2024","1,500.42","1,528.19","1,528.35","1,499.02","","-1.72%"
"Jul 04, 2024","1,526.74","1,497.85","1,528.41","1,497.85","","+2.33%"
"Jul 03, 2024","1,491.92","1,495.40","1,496.76","1,478.52","","-0.27%"
"Jul 02, 2024","1,495.99","1,491.90","1,504.61","1,487.57","","+0.59%"
"Jul 01, 2024","1,487.28","1,506.39","1,510.25","1,484.77","","-0.89%"
"Jun 30, 2024","1,500.68","1,506.38","1,500.68","1,500.68","","0.00%"
"Jun 28, 2024","1,500.68","1,506.38","1,513.18","1,493.42","","-0.38%"
"Jun 27, 2024","1,506.34","1,513.32","1,516.26","1,502.26","","-0.47%"
"Jun 26, 2024","1,513.48","1,506.14","1,521.83","1,501.32","","+0.53%"
"Jun 25, 2024","1,505.50","1,502.00","1,506.83","1,497.64","","+0.79%"
"Jun 24, 2024","1,493.72","1,494.91","1,504.91","1,482.90","","-0.45%"
"Jun 21, 2024","1,500.47","1,504.63","1,513.80","1,497.23","","+0.49%"
"Jun 20, 2024","1,493.21","1,497.53","1,497.53","1,473.57","","-0.55%"
"Jun 19, 2024","1,501.48","1,494.02","1,509.83","1,484.65","","+0.55%"
"Jun 18, 2024","1,493.31","1,501.36","1,510.20","1,489.65","","+0.27%"
"Jun 17, 2024","1,489.28","1,516.30","1,518.04","1,485.36","","-2.78%"
"Jun 15, 2024","1,531.86","1,497.71","1,531.86","1,531.86","","0.00%"
"Jun 14, 2024","1,531.86","1,497.71","1,533.74","1,496.60","","+1.70%"
"Jun 13, 2024","1,506.20","1,550.62","1,550.62","1,504.80","","-2.13%"
"Jun 12, 2024","1,538.99","1,525.38","1,545.86","1,525.38","","-0.23%"
"Jun 11, 2024","1,542.55","1,549.37","1,554.61","1,541.14","","+0.52%"
"Jun 10, 2024","1,534.52","1,512.79","1,535.92","1,512.79","","+1.64%"
"Jun 07, 2024","1,509.79","1,508.63","1,523.78","1,508.08","","+0.92%"
"Jun 06, 2024","1,496.08","1,491.29","1,508.15","1,491.29","","+1.34%"
"Jun 05, 2024","1,476.35","1,506.28","1,507.57","1,473.30","","-2.78%"
"Jun 04, 2024","1,518.58","1,521.55","1,539.06","1,513.88","","-0.87%"
"Jun 03, 2024","1,531.97","1,552.58","1,554.94","1,528.98","","-0.53%"
"May 31, 2024","1,540.13","1,532.34","1,542.03","1,528.16","","+1.15%"
"May 30, 2024","1,522.60","1,520.17","1,531.47","1,506.69","","-1.46%"
"May 29, 2024","1,545.22","1,583.21","1,588.33","1,543.15","","-1.61%"
"May 28, 2024","1,570.55","1,536.90","1,575.28","1,534.72","","+2.94%"
"May 27, 2024","1,525.64","1,492.02","1,525.67","1,489.40","","+2.61%"
"May 25, 2024","1,486.83","1,460.84","1,486.83","1,486.83","","0.00%"
"May 24, 2024","1,486.83","1,460.84","1,492.51","1,457.09","","+0.06%"
"May 23, 2024","1,485.93","1,484.37","1,486.01","1,451.75","","-0.70%"
"May 22, 2024","1,496.40","1,519.35","1,525.79","1,496.40","","-1.69%"
"May 21, 2024","1,522.10","1,526.74","1,551.00","1,522.10","","+0.28%"
"May 20, 2024","1,517.90","1,477.91","1,529.71","1,477.91","","+3.76%"
"May 17, 2024","1,462.86","1,444.52","1,462.86","1,443.66","","+0.21%"
"May 16, 2024","1,459.74","1,473.65","1,473.65","1,444.24","","-0.55%"
"May 15, 2024","1,467.87","1,478.68","1,482.31","1,465.32","","-0.15%"
"May 14, 2024","1,470.14","1,462.12","1,477.66","1,449.32","","+0.75%"
"May 13, 2024","1,459.20","1,449.57","1,460.36","1,432.51","","-0.48%"
"May 10, 2024","1,466.23","1,462.86","1,482.25","1,452.69","","+0.09%"
"May 09, 2024","1,464.89","1,469.09","1,483.68","1,460.73","","-0.89%"
"May 08, 2024","1,478.04","1,484.53","1,484.53","1,470.81","","-0.81%"
"May 07, 2024","1,490.11","1,486.43","1,491.67","1,476.44","","+1.28%"
"May 02, 2024","1,471.21","1,458.98","1,476.55","1,454.54","","+0.21%"
"May 01, 2024","1,468.15","1,465.08","1,474.52","1,455.60","","-1.12%"
"Apr 30, 2024","1,484.72","1,472.76","1,495.24","1,467.88","","+1.90%"
"Apr 26, 2024","1,457.08","1,430.29","1,459.55","1,427.78","","+1.82%"
"Apr 25, 2024","1,431.10","1,450.05","1,453.42","1,431.10","","-1.75%"
"Apr 24, 2024","1,456.64","1,447.05","1,456.64","1,440.69","","+0.47%"
"Apr 23, 2024","1,449.78","1,465.60","1,467.43","1,445.02","","-0.16%"
"Apr 22, 2024","1,452.06","1,462.33","1,477.90","1,443.12","","+0.69%"
"Apr 19, 2024","1,442.15","1,459.64","1,461.96","1,426.85","","-1.43%"
"Apr 18, 2024","1,463.07","1,438.89","1,468.57","1,427.58","","+1.43%"
"Apr 17, 2024","1,442.50","1,464.78","1,468.45","1,433.75","","-0.77%"
"Apr 16, 2024","1,453.75","1,505.03","1,516.82","1,448.64","","-3.91%"
"Apr 15, 2024","1,512.85","1,489.89","1,516.19","1,482.89","","+1.52%"
"Apr 12, 2024","1,490.23","1,480.36","1,493.66","1,477.75","","+0.57%"
"Apr 11, 2024","1,481.74","1,458.13","1,486.91","1,456.55","","+0.78%"
"Apr 10, 2024","1,470.24","1,456.81","1,475.09","1,454.83","","+0.95%"
"Apr 09, 2024","1,456.43","1,417.89","1,456.85","1,417.89","","+3.74%"
"Apr 08, 2024","1,403.94","1,402.76","1,410.46","1,396.96","","+0.91%"
"Apr 05, 2024","1,391.27","1,378.97","1,391.65","1,373.91","","-0.59%"
"Apr 04, 2024","1,399.58","1,376.64","1,408.64","1,374.74","","+2.93%"
"Apr 03, 2024","1,359.75","1,344.92","1,368.20","1,344.92","","+0.67%"
"Apr 02, 2024","1,350.75","1,345.50","1,357.81","1,340.20","","+0.88%"
"Apr 01, 2024","1,338.97","1,376.76","1,378.48","1,333.36","","-2.45%"
"Mar 29, 2024","1,372.56","1,358.74","1,378.63","1,355.31","","+1.54%"
"Mar 28, 2024","1,351.78","1,352.97","1,359.46","1,347.24","","-1.17%"
"Mar 27, 2024","1,367.85","1,367.81","1,376.26","1,365.28","","+0.09%"
"Mar 26, 2024","1,366.59","1,361.44","1,372.54","1,359.91","","+0.07%"
"Mar 25, 2024","1,365.61","1,372.31","1,376.33","1,361.97","","-0.94%"
"Mar 22, 2024","1,378.59","1,377.70","1,383.58","1,367.47","","+0.71%"
"Mar 21, 2024","1,368.86","1,364.01","1,370.06","1,358.10","","+1.56%"
"Mar 19, 2024","1,347.89","1,334.11","1,349.56","1,330.98","","+1.27%"
"Mar 18, 2024","1,331.01","1,322.55","1,336.19","1,319.16","","+1.67%"
"Mar 15, 2024","1,309.17","1,294.78","1,314.38","1,294.78","","+0.33%"
"Mar 14, 2024","1,304.84","1,276.49","1,304.84","1,274.18","","+3.18%"
"Mar 13, 2024","1,264.66","1,266.58","1,274.23","1,253.85","","+0.65%"
"Mar 12, 2024","1,256.50","1,245.82","1,256.60","1,234.95","","+0.45%"
"Mar 11, 2024","1,250.91","1,270.59","1,270.90","1,240.44","","-2.78%"
"Mar 08, 2024","1,286.62","1,277.32","1,292.98","1,266.62","","+0.72%"
"Mar 07, 2024","1,277.46","1,289.62","1,300.64","1,270.26","","-0.19%"
"Mar 06, 2024","1,279.83","1,259.19","1,279.94","1,257.39","","+1.28%"
"Mar 05, 2024","1,263.61","1,245.49","1,269.02","1,245.16","","+1.12%"
"Mar 04, 2024","1,249.57","1,257.33","1,262.02","1,247.30","","-0.49%"
"Mar 01, 2024","1,255.70","1,246.07","1,258.18","1,244.78","","+0.43%"
"Feb 29, 2024","1,250.36","1,258.25","1,258.55","1,243.19","","-1.44%"
"Feb 28, 2024","1,268.61","1,267.18","1,274.53","1,260.98","","+0.89%"
"Feb 27, 2024","1,257.37","1,250.60","1,260.84","1,247.83","","+0.44%"
"Feb 26, 2024","1,251.89","1,265.14","1,267.81","1,251.89","","-0.42%"
"Feb 22, 2024","1,257.18","1,254.21","1,259.18","1,251.45","","+0.96%"
"Feb 21, 2024","1,245.21","1,247.84","1,247.84","1,237.11","","-0.49%"
"Feb 20, 2024","1,251.31","1,249.82","1,256.57","1,246.54","","-0.10%"
"Feb 19, 2024","1,252.55","1,239.74","1,252.55","1,239.15","","+1.27%"
"Feb 16, 2024","1,236.84","1,227.40","1,241.37","1,225.10","","+1.67%"
"Feb 15, 2024","1,216.48","1,223.79","1,226.39","1,200.71","","-0.15%"
"Feb 14, 2024","1,218.32","1,235.85","1,236.99","1,213.20","","-2.07%"
"Feb 13, 2024","1,244.06","1,225.35","1,246.38","1,219.03","","+2.26%"
"Feb 09, 2024","1,216.59","1,194.48","1,221.78","1,189.05","","+1.67%"
"Feb 08, 2024","1,196.65","1,203.76","1,204.96","1,189.60","","-0.68%"
"Feb 07, 2024","1,204.87","1,192.31","1,211.91","1,192.31","","+0.80%"
"Feb 06, 2024","1,195.33","1,202.50","1,209.08","1,186.29","","-0.35%"
"Feb 05, 2024","1,199.47","1,194.22","1,201.32","1,192.77","","+1.45%"
"Feb 02, 2024","1,182.31","1,181.24","1,190.90","1,176.26","","+0.52%"
"Feb 01, 2024","1,176.15","1,179.85","1,184.42","1,174.03","","-1.18%"
"Jan 31, 2024","1,190.20","1,169.61","1,190.56","1,169.61","","+1.33%"
"Jan 30, 2024","1,174.62","1,182.01","1,185.43","1,173.40","","-0.61%"
"Jan 29, 2024","1,181.84","1,172.25","1,184.28","1,170.77","","+1.30%"
"Jan 26, 2024","1,166.63","1,173.42","1,177.67","1,162.21","","-0.96%"
"Jan 25, 2024","1,177.95","1,167.56","1,178.49","1,164.86","","+1.13%"
"Jan 24, 2024","1,164.80","1,165.17","1,168.75","1,160.39","","-0.30%"
"Jan 23, 2024","1,168.33","1,178.61","1,181.22","1,162.71","","-0.29%"
"Jan 22, 2024","1,171.68","1,163.03","1,173.65","1,159.29","","+1.38%"
"Jan 19, 2024","1,155.73","1,158.93","1,162.50","1,151.64","","+0.88%"
"Jan 18, 2024","1,145.64","1,144.59","1,155.20","1,143.28","","-0.48%"
"Jan 17, 2024","1,151.18","1,160.02","1,172.23","1,151.18","","0.00%"
"Jan 16, 2024","1,151.14","1,170.49","1,170.49","1,149.42","","-1.69%"
"Jan 15, 2024","1,170.98","1,160.68","1,176.42","1,160.68","","+0.70%"
"Jan 12, 2024","1,162.87","1,174.48","1,176.93","1,160.21","","-0.08%"
"Jan 11, 2024","1,163.82","1,160.81","1,171.45","1,160.81","","+1.35%"
"Jan 10, 2024","1,148.30","1,138.12","1,153.82","1,138.07","","+0.41%"
"Jan 09, 2024","1,143.62","1,143.72","1,153.57","1,135.07","","+0.22%"
"Jan 05, 2024","1,141.15","1,143.99","1,152.16","1,141.11","","-0.10%"
"Jan 04, 2024","1,142.29","1,118.79","1,143.50","1,110.00","","+1.62%"
"Dec 29, 2023","1,124.13","1,125.11","1,130.77","1,116.51","","-0.32%"
"Dec 28, 2023","1,127.74","1,114.66","1,128.80","1,114.48","","+0.74%"
"Dec 27, 2023","1,119.42","1,114.52","1,122.76","1,112.64","","+1.12%"
"Dec 26, 2023","1,107.01","1,110.00","1,111.46","1,102.81","","-0.05%"
"Dec 25, 2023","1,107.52","1,121.37","1,123.38","1,107.44","","-0.39%"
"Dec 22, 2023","1,111.91","1,111.34","1,118.14","1,109.03","","+0.23%"
"Dec 21, 2023","1,109.33","1,113.50","1,119.01","1,107.30","","-1.18%"
"Dec 20, 2023","1,122.62","1,121.84","1,130.22","1,121.47","","+1.04%"
"Dec 19, 2023","1,111.03","1,098.34","1,112.78","1,092.64","","+0.55%"
"Dec 18, 2023","1,104.92","1,104.67","1,106.70","1,097.00","","-0.52%"
"Dec 15, 2023","1,110.73","1,093.59","1,114.24","1,092.90","","+2.67%"
"Dec 14, 2023","1,081.84","1,100.39","1,106.03","1,077.52","","-2.34%"
"Dec 13, 2023","1,107.77","1,116.36","1,117.67","1,103.93","","-0.46%"
"Dec 12, 2023","1,112.85","1,119.17","1,121.77","1,111.99","","+0.39%"
"Dec 11, 2023","1,108.55","1,110.90","1,119.21","1,104.54","","+1.40%"
"Dec 08, 2023","1,093.25","1,108.95","1,108.95","1,086.63","","-2.42%"
"Dec 07, 2023","1,120.40","1,130.32","1,133.48","1,116.13","","-1.86%"
"Dec 06, 2023","1,141.59","1,125.20","1,144.47","1,124.38","","+1.25%"
"Dec 05, 2023","1,127.45","1,136.05","1,138.57","1,126.95","","-1.04%"
"Dec 04, 2023","1,139.35","1,141.83","1,149.53","1,132.68","","-0.58%"
"Dec 01, 2023","1,145.98","1,148.62","1,149.92","1,140.43","","+0.41%"
"Nov 30, 2023","1,141.29","1,135.95","1,141.29","1,130.83","","+0.06%"
"Nov 29, 2023","1,140.64","1,144.15","1,149.73","1,139.10","","-0.36%"
"Nov 28, 2023","1,144.78","1,150.81","1,152.32","1,140.17","","-0.37%"
"Nov 27, 2023","1,149.08","1,164.74","1,164.79","1,146.05","","-1.38%"
"Nov 24, 2023","1,165.13","1,164.25","1,173.03","1,163.30","","+0.91%"
"Nov 22, 2023","1,154.63","1,138.24","1,158.96","1,138.24","","+1.24%"
"Nov 21, 2023","1,140.47","1,136.70","1,145.08","1,133.90","","+0.11%"
"Nov 20, 2023","1,139.20","1,161.71","1,163.74","1,139.20","","-1.94%"
"Nov 17, 2023","1,161.68","1,146.81","1,161.77","1,146.81","","+0.81%"
"Nov 16, 2023","1,152.31","1,155.09","1,158.51","1,142.67","","-0.10%"
"Nov 15, 2023","1,153.50","1,146.24","1,156.13","1,141.08","","+1.59%"
"Nov 14, 2023","1,135.49","1,125.77","1,140.42","1,124.14","","+1.97%"
"Nov 13, 2023","1,113.54","1,110.86","1,116.07","1,106.51","","+0.89%"
"Nov 10, 2023","1,103.70","1,093.98","1,104.98","1,086.47","","+0.68%"
"Nov 09, 2023","1,096.27","1,091.56","1,098.68","1,081.29","","-0.29%"
"Nov 08, 2023","1,099.50","1,128.60","1,134.98","1,093.38","","-2.94%"
"Nov 07, 2023","1,132.80","1,129.82","1,135.59","1,127.04","","+0.13%"
"Nov 06, 2023","1,131.34","1,094.44","1,133.99","1,093.42","","+5.14%"
"Nov 02, 2023","1,076.01","1,092.13","1,092.13","1,071.27","","-0.42%"
"Nov 01, 2023","1,080.52","1,072.98","1,082.08","1,072.98","","+1.96%"
"Oct 31, 2023","1,059.75","1,050.16","1,060.95","1,042.33","","+1.07%"
"Oct 30, 2023","1,048.58","1,057.86","1,058.15","1,040.97","","-1.49%"
"Oct 27, 2023","1,064.49","1,049.25","1,064.91","1,049.25","","+2.76%"
"Oct 26, 2023","1,035.88","1,038.57","1,046.25","1,031.75","","-1.06%"
"Oct 25, 2023","1,047.01","1,054.91","1,058.94","1,045.54","","+0.10%"
"Oct 24, 2023","1,045.93","1,039.58","1,047.62","1,020.45","","+0.39%"
"Oct 23, 2023","1,041.88","1,046.82","1,051.17","1,040.12","","-1.07%"
"Oct 20, 2023","1,053.14","1,052.66","1,058.83","1,048.59","","-0.48%"
"Oct 19, 2023","1,058.27","1,062.28","1,065.93","1,056.79","","-1.87%"
"Oct 18, 2023","1,078.45","1,090.80","1,091.16","1,073.98","","-0.50%"
"Oct 17, 2023","1,083.87","1,093.44","1,099.14","1,079.47","","-0.21%"
"Oct 16, 2023","1,086.20","1,089.28","1,101.69","1,083.23","","-0.47%"
"Oct 13, 2023","1,091.33","1,093.98","1,100.98","1,088.48","","-1.27%"
"Oct 12, 2023","1,105.33","1,090.57","1,105.86","1,090.57","","+1.69%"
"Oct 11, 2023","1,086.96","1,089.49","1,097.24","1,086.10","","-0.23%"
"Oct 10, 2023","1,089.45","1,077.44","1,093.65","1,077.44","","+2.79%"
"Oct 06, 2023","1,059.93","1,057.87","1,067.52","1,052.60","","+0.20%"
"Oct 05, 2023","1,057.77","1,044.45","1,059.14","1,037.98","","+1.48%"
"Oct 04, 2023","1,042.36","1,062.83","1,062.83","1,038.27","","-3.30%"
"Oct 03, 2023","1,077.94","1,108.90","1,108.90","1,076.73","","-3.62%"
"Oct 02, 2023","1,118.41","1,129.30","1,142.06","1,118.41","","-0.28%"
"Sep 29, 2023","1,121.51","1,145.24","1,145.24","1,115.64","","-1.59%"
"Sep 28, 2023","1,139.64","1,147.85","1,161.53","1,137.25","","-1.78%"
"Sep 27, 2023","1,160.27","1,153.67","1,160.27","1,144.77","","-0.01%"
"Sep 26, 2023","1,160.44","1,172.71","1,172.71","1,160.44","","-0.70%"
"Sep 25, 2023","1,168.63","1,173.51","1,173.80","1,162.78","","+0.28%"
"Sep 22, 2023","1,165.39","1,167.13","1,172.34","1,154.34","","-1.23%"
"Sep 21, 2023","1,179.86","1,185.90","1,198.24","1,176.41","","-0.08%"
"Sep 20, 2023","1,180.85","1,194.31","1,194.52","1,180.44","","-0.82%"
"Sep 19, 2023","1,190.56","1,170.51","1,191.62","1,169.19","","+1.53%"
"Sep 15, 2023","1,172.65","1,172.82","1,181.86","1,168.02","","+0.92%"
"Sep 14, 2023","1,161.91","1,155.83","1,164.92","1,152.45","","+1.16%"
"Sep 13, 2023","1,148.57","1,137.60","1,151.05","1,135.80","","+1.01%"
"Sep 12, 2023","1,137.12","1,133.94","1,139.72","1,129.71","","+1.22%"
"Sep 11, 2023","1,123.42","1,132.94","1,134.29","1,119.86","","-0.26%"
"Sep 08, 2023","1,126.31","1,141.61","1,144.27","1,125.52","","-2.20%"
"Sep 07, 2023","1,151.67","1,164.29","1,168.08","1,151.58","","-1.42%"
"Sep 06, 2023","1,168.29","1,157.46","1,170.56","1,156.86","","+0.94%"
"Sep 05, 2023","1,157.38","1,155.86","1,157.38","1,143.93","","+0.02%"
"Sep 04, 2023","1,157.17","1,146.82","1,157.17","1,143.34","","+1.57%"
"Sep 01, 2023","1,139.32","1,127.96","1,142.66","1,127.96","","+0.78%"
"Aug 31, 2023","1,130.51","1,125.77","1,133.57","1,123.38","","+0.29%"
"Aug 30, 2023","1,127.28","1,129.34","1,132.51","1,124.79","","+0.27%"
"Aug 29, 2023","1,124.29","1,124.75","1,130.50","1,120.60","","+0.39%"
"Aug 28, 2023","1,119.89","1,113.82","1,122.54","1,113.04","","+1.08%"
"Aug 25, 2023","1,107.93","1,105.06","1,108.48","1,103.91","","-0.98%"
"Aug 24, 2023","1,118.84","1,112.74","1,122.45","1,108.46","","+0.50%"
"Aug 23, 2023","1,113.23","1,092.56","1,113.58","1,091.13","","+1.61%"
"Aug 22, 2023","1,095.58","1,086.45","1,095.58","1,085.86","","+1.00%"
"Aug 21, 2023","1,084.75","1,085.97","1,090.09","1,081.39","","-0.31%"
"Aug 18, 2023","1,088.10","1,084.43","1,091.24","1,081.22","","-0.07%"
"Aug 17, 2023","1,088.85","1,083.32","1,090.44","1,070.41","","+0.13%"
"Aug 16, 2023","1,087.48","1,094.15","1,095.37","1,087.48","","-1.97%"
"Aug 15, 2023","1,109.31","1,116.24","1,117.52","1,108.00","","-0.45%"
"Aug 14, 2023","1,114.36","1,119.95","1,132.74","1,111.18","","-0.45%"
"Aug 10, 2023","1,119.44","1,112.54","1,119.73","1,096.88","","+0.15%"
"Aug 09, 2023","1,117.81","1,129.67","1,131.19","1,116.68","","-0.29%"
"Aug 08, 2023","1,121.04","1,122.94","1,129.39","1,118.49","","-0.12%"
"Aug 07, 2023","1,122.39","1,118.79","1,122.48","1,113.12","","-0.12%"
"Aug 04, 2023","1,123.79","1,121.97","1,131.26","1,117.10","","-0.56%"
"Aug 03, 2023","1,130.17","1,159.51","1,160.01","1,129.20","","-4.08%"
"Aug 02, 2023","1,178.26","1,166.09","1,201.70","1,161.47","","+0.24%"
"Aug 01, 2023","1,175.41","1,168.62","1,177.03","1,167.73","","+1.09%"
"Jul 31, 2023","1,162.77","1,157.19","1,165.29","1,152.24","","+1.45%"
"Jul 28, 2023","1,146.20","1,142.67","1,147.19","1,125.31","","-0.46%"
"Jul 27, 2023","1,151.54","1,142.79","1,152.24","1,139.27","","+0.18%"
"Jul 26, 2023","1,149.45","1,154.93","1,154.93","1,142.90","","-0.61%"
"Jul 25, 2023","1,156.55","1,138.98","1,156.55","1,136.35","","+2.25%"
"Jul 24, 2023","1,131.08","1,124.34","1,134.88","1,122.26","","+1.29%"
"Jul 21, 2023","1,116.62","1,113.73","1,118.96","1,106.75","","+0.26%"
"Jul 20, 2023","1,113.77","1,115.36","1,118.52","1,110.38","","-0.22%"
"Jul 19, 2023","1,116.22","1,114.83","1,116.41","1,108.82","","+1.24%"
"Jul 18, 2023","1,102.60","1,101.33","1,106.84","1,097.14","","+0.02%"
"Jul 14, 2023","1,102.39","1,107.96","1,108.42","1,096.73","","+0.39%"
"Jul 13, 2023","1,098.13","1,096.84","1,105.26","1,092.96","","+0.71%"
"Jul 12, 2023","1,090.44","1,105.27","1,105.35","1,087.38","","-0.82%"
"Jul 11, 2023","1,099.42","1,102.31","1,106.93","1,096.99","","+0.26%"
"Jul 10, 2023","1,096.54","1,108.96","1,108.96","1,092.95","","-0.28%"
"Jul 07, 2023","1,099.65","1,098.80","1,109.19","1,095.62","","-1.12%"
"Jul 06, 2023","1,112.10","1,121.38","1,123.21","1,109.22","","-1.82%"
"Jul 05, 2023","1,132.72","1,124.01","1,132.72","1,119.49","","+0.33%"
"Jul 04, 2023","1,129.01","1,129.27","1,134.13","1,127.91","","+0.05%"
"Jul 03, 2023","1,128.47","1,122.44","1,131.76","1,122.44","","+1.24%"
"Jun 30, 2023","1,114.67","1,115.63","1,118.57","1,106.34","","-0.24%"
"Jun 29, 2023","1,117.39","1,118.79","1,128.82","1,114.57","","+0.34%"
"Jun 28, 2023","1,113.60","1,100.16","1,113.60","1,097.56","","+2.00%"
"Jun 27, 2023","1,091.73","1,100.45","1,101.77","1,085.19","","-0.25%"
"Jun 26, 2023","1,094.51","1,096.41","1,103.93","1,089.51","","+0.23%"
"Jun 23, 2023","1,091.98","1,112.56","1,116.25","1,083.99","","-2.22%"
"Jun 22, 2023","1,116.81","1,117.21","1,124.25","1,114.93","","+0.13%"
"Jun 21, 2023","1,115.35","1,099.18","1,116.60","1,098.20","","+0.55%"
"Jun 20, 2023","1,109.29","1,112.00","1,114.90","1,105.63","","-0.75%"
"Jun 19, 2023","1,117.72","1,144.95","1,144.95","1,114.20","","-1.81%"
"Jun 16, 2023","1,138.33","1,134.32","1,144.81","1,132.18","","+0.14%"
"Jun 15, 2023","1,136.72","1,131.65","1,143.06","1,129.68","","-0.23%"
"Jun 14, 2023","1,139.37","1,116.18","1,142.97","1,115.78","","+3.37%"
"Jun 13, 2023","1,102.25","1,094.54","1,106.18","1,093.51","","+0.85%"
"Jun 12, 2023","1,092.91","1,089.33","1,095.45","1,088.59","","+0.67%"
"Jun 09, 2023","1,085.64","1,079.58","1,087.03","1,079.58","","+1.04%"
"Jun 08, 2023","1,074.42","1,087.29","1,090.44","1,068.63","","-0.64%"
"Jun 07, 2023","1,081.37","1,095.61","1,100.50","1,081.37","","-0.56%"
"Jun 06, 2023","1,087.51","1,070.31","1,087.51","1,066.31","","+0.68%"
"Jun 05, 2023","1,080.18","1,074.87","1,082.14","1,074.04","","+2.12%"
"Jun 02, 2023","1,057.79","1,038.08","1,058.16","1,036.08","","+2.26%"
"Jun 01, 2023","1,034.37","1,030.50","1,035.67","1,028.47","","-0.09%"
"May 31, 2023","1,035.28","1,043.80","1,047.30","1,035.28","","-2.22%"
"May 30, 2023","1,058.76","1,056.13","1,060.74","1,051.45","","-0.13%"
"May 29, 2023","1,060.19","1,067.13","1,069.38","1,059.22","","+0.92%"
"May 26, 2023","1,050.51","1,055.09","1,056.59","1,049.51","","-0.57%"
"May 25, 2023","1,056.51","1,055.07","1,059.60","1,052.11","","-0.69%"
"May 24, 2023","1,063.85","1,066.74","1,069.39","1,062.10","","-0.21%"
"May 23, 2023","1,066.13","1,073.36","1,077.37","1,062.35","","-0.33%"
"May 22, 2023","1,069.67","1,062.48","1,069.67","1,055.51","","+0.97%"
"May 19, 2023","1,059.39","1,060.15","1,065.29","1,056.66","","+0.11%"
"May 18, 2023","1,058.21","1,056.01","1,058.21","1,050.07","","+1.13%"
"May 17, 2023","1,046.42","1,053.78","1,057.35","1,045.09","","-1.14%"
"May 16, 2023","1,058.52","1,067.94","1,068.65","1,054.43","","-0.28%"
"May 15, 2023","1,061.53","1,047.16","1,062.01","1,044.73","","+1.25%"
"May 12, 2023","1,048.47","1,059.50","1,062.03","1,048.07","","-0.94%"
"May 11, 2023","1,058.40","1,091.80","1,093.85","1,057.62","","-4.34%"
"May 10, 2023","1,106.44","1,119.78","1,119.85","1,104.53","","-0.72%"
"May 09, 2023","1,114.46","1,109.44","1,114.46","1,105.44","","+0.65%"
"May 08, 2023","1,107.31","1,104.94","1,109.28","1,097.89","","+0.61%"
"May 02, 2023","1,100.57","1,105.56","1,106.30","1,097.01","","-0.32%"
"May 01, 2023","1,104.15","1,107.69","1,108.06","1,099.94","","+0.73%"
"Apr 28, 2023","1,096.13","1,095.91","1,096.13","1,088.43","","+0.80%"
"Apr 27, 2023","1,087.38","1,077.55","1,088.17","1,076.98","","+0.67%"
"Apr 26, 2023","1,080.15","1,075.07","1,081.48","1,072.31","","-0.67%"
"Apr 25, 2023","1,087.45","1,099.62","1,102.66","1,087.44","","-0.74%"
"Apr 24, 2023","1,095.52","1,098.12","1,098.12","1,094.17","","-0.37%"
"Apr 21, 2023","1,099.57","1,095.09","1,104.58","1,094.76","","-0.78%"
"Apr 20, 2023","1,108.18","1,102.82","1,109.05","1,102.82","","-0.22%"
"Apr 19, 2023","1,110.67","1,107.21","1,111.91","1,106.11","","+0.75%"
"Apr 18, 2023","1,102.35","1,102.73","1,105.73","1,097.23","","-0.31%"
"Apr 17, 2023","1,105.77","1,103.09","1,106.54","1,096.34","","+0.29%"
"Apr 14, 2023","1,102.61","1,095.40","1,104.41","1,095.40","","+0.71%"
"Apr 13, 2023","1,094.88","1,096.18","1,096.61","1,091.36","","-0.45%"
"Apr 12, 2023","1,099.85","1,103.18","1,104.47","1,097.93","","+0.22%"
"Apr 11, 2023","1,097.48","1,090.74","1,098.36","1,084.57","","+1.69%"
"Apr 10, 2023","1,079.29","1,085.39","1,086.14","1,076.54","","+0.83%"
"Apr 07, 2023","1,070.42","1,064.50","1,070.77","1,064.39","","+0.59%"
"Apr 06, 2023","1,064.10","1,068.94","1,070.17","1,061.06","","-1.63%"
"Apr 05, 2023","1,081.68","1,089.72","1,090.49","1,079.69","","-2.14%"
"Apr 04, 2023","1,105.37","1,108.23","1,112.23","1,101.44","","+0.10%"
"Apr 03, 2023","1,104.23","1,100.34","1,104.37","1,095.51","","+0.79%"
"Mar 31, 2023","1,095.54","1,094.18","1,103.81","1,094.13","","+0.87%"
"Mar 30, 2023","1,086.08","1,091.21","1,093.27","1,078.98","","-1.24%"
"Mar 29, 2023","1,099.73","1,092.58","1,099.73","1,089.93","","+1.46%"
"Mar 28, 2023","1,083.91","1,080.02","1,088.94","1,078.83","","+1.18%"
"Mar 27, 2023","1,071.22","1,071.68","1,073.33","1,064.77","","+0.62%"
"Mar 24, 2023","1,064.59","1,069.51","1,069.51","1,059.79","","-0.53%"
"Mar 23, 2023","1,070.26","1,053.18","1,070.76","1,049.19","","+1.05%"
"Mar 22, 2023","1,059.17","1,061.22","1,061.22","1,053.61","","+1.58%"
"Mar 20, 2023","1,042.71","1,044.36","1,056.24","1,042.27","","-0.69%"
"Mar 17, 2023","1,049.99","1,058.07","1,058.11","1,040.10","","-0.27%"
"Mar 16, 2023","1,052.82","1,068.24","1,068.89","1,045.12","","-3.44%"
"Mar 15, 2023","1,090.34","1,088.20","1,093.49","1,082.44","","+1.66%"
"Mar 14, 2023","1,072.54","1,086.88","1,087.31","1,067.08","","-2.92%"
"Mar 13, 2023","1,104.79","1,113.73","1,113.73","1,096.14","","-2.10%"
"Mar 10, 2023","1,128.45","1,134.28","1,138.09","1,125.05","","-1.47%"
"Mar 09, 2023","1,145.24","1,143.68","1,147.46","1,140.75","","+1.03%"
"Mar 08, 2023","1,133.52","1,135.63","1,138.46","1,130.78","","-1.08%"
"Mar 07, 2023","1,145.94","1,130.06","1,146.70","1,130.06","","+1.17%"
"Mar 06, 2023","1,132.70","1,133.82","1,136.43","1,130.86","","+0.41%"
"Mar 03, 2023","1,128.12","1,126.35","1,132.55","1,120.42","","+0.48%"
"Mar 02, 2023","1,122.77","1,127.44","1,141.86","1,122.38","","+0.79%"
"Mar 01, 2023","1,113.96","1,096.06","1,114.71","1,096.06","","+2.13%"
"Feb 28, 2023","1,090.74","1,105.78","1,107.35","1,090.07","","-0.87%"
"Feb 27, 2023","1,100.28","1,093.47","1,101.55","1,093.47","","+0.27%"
"Feb 24, 2023","1,097.29","1,097.64","1,101.13","1,091.27","","-0.56%"
"Feb 22, 2023","1,103.52","1,115.20","1,116.56","1,100.73","","-1.54%"
"Feb 21, 2023","1,120.76","1,109.74","1,123.40","1,108.78","","+1.67%"
"Feb 20, 2023","1,102.32","1,106.02","1,106.06","1,096.79","","-0.11%"
"Feb 17, 2023","1,103.53","1,094.36","1,103.53","1,094.36","","+0.04%"
"Feb 16, 2023","1,103.12","1,099.58","1,104.43","1,098.73","","+0.66%"
"Feb 15, 2023","1,095.94","1,096.91","1,097.94","1,090.75","","+0.60%"
"Feb 14, 2023","1,089.44","1,090.14","1,093.04","1,085.64","","+0.99%"
"Feb 13, 2023","1,078.74","1,082.88","1,083.14","1,072.36","","-1.22%"
"Feb 10, 2023","1,092.05","1,099.32","1,105.65","1,090.58","","-0.52%"
"Feb 09, 2023","1,097.71","1,086.69","1,098.72","1,086.49","","+1.29%"
"Feb 08, 2023","1,083.77","1,087.08","1,087.90","1,075.77","","-0.39%"
"Feb 07, 2023","1,087.99","1,088.43","1,091.35","1,084.33","","-0.59%"
"Feb 06, 2023","1,094.46","1,094.30","1,097.70","1,089.96","","+1.36%"
"Feb 03, 2023","1,079.76","1,079.15","1,086.58","1,075.94","","-0.25%"
"Feb 02, 2023","1,082.51","1,090.15","1,092.90","1,077.49","","-0.95%"
"Feb 01, 2023","1,092.87","1,101.60","1,104.26","1,092.36","","-0.34%"
"Jan 31, 2023","1,096.60","1,094.43","1,102.17","1,093.98","","+0.16%"
"Jan 30, 2023","1,094.80","1,098.54","1,100.22","1,089.93","","-0.75%"
"Jan 27, 2023","1,103.05","1,106.76","1,106.76","1,097.27","","-0.18%"
"Jan 26, 2023","1,105.07","1,107.61","1,110.39","1,099.87","","+0.03%"
"Jan 25, 2023","1,104.70","1,093.23","1,107.10","1,093.07","","+0.60%"
"Jan 24, 2023","1,098.14","1,090.34","1,104.11","1,089.82","","+1.32%"
"Jan 23, 2023","1,083.86","1,087.32","1,087.62","1,080.27","","+0.70%"
"Jan 20, 2023","1,076.32","1,062.40","1,076.37","1,055.95","","+1.44%"
"Jan 19, 2023","1,061.06","1,071.76","1,074.75","1,059.25","","-1.34%"
"Jan 18, 2023","1,075.51","1,061.11","1,085.83","1,056.08","","+1.55%"
"Jan 17, 2023","1,059.05","1,049.55","1,061.99","1,047.70","","+1.51%"
"Jan 16, 2023","1,043.31","1,053.00","1,056.13","1,042.54","","-2.13%"
"Jan 13, 2023","1,066.02","1,073.41","1,076.23","1,064.48","","-0.87%"
"Jan 12, 2023","1,075.40","1,062.26","1,080.47","1,062.26","","+2.02%"
"Jan 11, 2023","1,054.14","1,049.66","1,055.47","1,046.98","","+1.33%"
"Jan 10, 2023","1,040.28","1,032.38","1,045.10","1,030.96","","+1.60%"
"Jan 06, 2023","1,023.90","1,009.81","1,027.01","1,007.35","","+1.62%"
"Jan 05, 2023","1,007.56","1,010.58","1,014.94","1,002.92","","-0.21%"
"Jan 04, 2023","1,009.69","1,023.96","1,024.91","1,008.72","","-2.51%"
"Dec 30, 2022","1,035.70","1,041.63","1,042.75","1,035.06","","-0.04%"
"Dec 29, 2022","1,036.11","1,032.15","1,036.11","1,026.31","","-0.50%"
"Dec 28, 2022","1,041.33","1,042.93","1,044.67","1,036.47","","-0.05%"
"Dec 27, 2022","1,041.81","1,047.77","1,048.69","1,038.86","","+0.10%"
"Dec 26, 2022","1,040.78","1,030.38","1,042.28","1,030.16","","+1.76%"
"Dec 23, 2022","1,022.79","1,028.56","1,029.33","1,021.36","","-1.71%"
"Dec 22, 2022","1,040.63","1,042.06","1,044.93","1,036.89","","+0.39%"
"Dec 21, 2022","1,036.55","1,042.93","1,044.98","1,031.21","","-0.69%"
"Dec 20, 2022","1,043.77","1,066.00","1,072.22","1,034.98","","-2.12%"
"Dec 19, 2022","1,066.36","1,065.30","1,068.53","1,060.42","","-0.41%"
"Dec 16, 2022","1,070.75","1,081.69","1,083.80","1,070.75","","-2.27%"
"Dec 15, 2022","1,095.65","1,091.34","1,100.28","1,090.90","","+0.21%"
"Dec 14, 2022","1,093.32","1,085.22","1,094.12","1,081.57","","+1.18%"
"Dec 13, 2022","1,080.55","1,085.09","1,092.77","1,080.55","","+0.06%"
"Dec 12, 2022","1,079.89","1,081.65","1,085.81","1,078.10","","-0.81%"
"Dec 09, 2022","1,088.67","1,082.45","1,090.17","1,080.40","","+1.74%"
"Dec 08, 2022","1,070.04","1,075.67","1,075.85","1,064.29","","-0.65%"
"Dec 07, 2022","1,077.02","1,062.60","1,082.11","1,062.14","","+1.16%"
"Dec 06, 2022","1,064.64","1,055.92","1,066.86","1,054.73","","+0.56%"
"Dec 05, 2022","1,058.76","1,060.65","1,064.44","1,056.57","","+0.12%"
"Dec 02, 2022","1,057.49","1,066.45","1,066.45","1,052.49","","-1.68%"
"Dec 01, 2022","1,075.57","1,078.96","1,084.82","1,074.84","","+0.24%"
"Nov 30, 2022","1,073.04","1,072.06","1,075.48","1,066.54","","0.00%"
"Nov 29, 2022","1,073.09","1,055.58","1,073.47","1,052.88","","+0.79%"
"Nov 28, 2022","1,064.63","1,076.72","1,077.84","1,058.38","","-1.11%"
"Nov 25, 2022","1,076.54","1,075.51","1,076.54","1,071.01","","+0.22%"
"Nov 24, 2022","1,074.22","1,069.32","1,078.16","1,067.58","","+1.35%"
"Nov 22, 2022","1,059.94","1,063.38","1,067.60","1,059.68","","0.00%"
"Nov 21, 2022","1,059.96","1,060.55","1,069.15","1,057.76","","+0.89%"
"Nov 18, 2022","1,050.56","1,055.81","1,061.57","1,050.27","","+0.02%"
"Nov 17, 2022","1,050.40","1,062.01","1,065.86","1,050.40","","-1.72%"
"Nov 16, 2022","1,068.82","1,063.18","1,069.07","1,058.40","","+0.37%"
"Nov 15, 2022","1,064.90","1,048.44","1,065.15","1,047.21","","+2.41%"
"Nov 14, 2022","1,039.85","1,068.64","1,068.64","1,039.84","","-2.53%"
"Nov 11, 2022","1,066.89","1,058.91","1,066.89","1,054.56","","+2.43%"
"Nov 10, 2022","1,041.62","1,036.95","1,048.13","1,034.94","","-0.51%"
"Nov 09, 2022","1,046.95","1,047.16","1,055.26","1,033.66","","-0.33%"
"Nov 08, 2022","1,050.40","1,038.22","1,051.84","1,036.62","","+1.35%"
"Nov 07, 2022","1,036.45","1,031.16","1,044.79","1,028.92","","+1.61%"
"Nov 04, 2022","1,019.99","1,008.62","1,019.99","1,006.75","","+0.39%"
"Nov 02, 2022","1,016.00","1,011.46","1,021.21","1,011.46","","+0.95%"
"Nov 01, 2022","1,006.45","998.47","1,006.45","992.60","","+1.48%"
"Oct 31, 2022","991.74","987.40","991.74","984.75","","+1.42%"
"Oct 28, 2022","977.84","977.77","985.32","975.13","","-1.05%"
"Oct 27, 2022","988.21","993.78","993.78","984.62","","-0.18%"
"Oct 26, 2022","990.01","997.83","997.83","989.64","","-0.46%"
"Oct 25, 2022","994.61","986.97","998.95","985.12","","+0.97%"
"Oct 24, 2022","985.05","982.44","994.78","981.89","","+1.57%"
"Oct 21, 2022","969.86","980.24","980.24","969.86","","-1.54%"
"Oct 20, 2022","985.02","989.28","992.94","979.96","","-1.46%"
"Oct 19, 2022","999.64","997.03","1,002.73","995.04","","+0.22%"
"Oct 18, 2022","997.49","999.77","1,000.41","988.76","","+0.72%"
"Oct 17, 2022","990.35","985.51","991.12","985.51","","-0.85%"
"Oct 14, 2022","998.81","991.53","1,004.65","986.77","","+2.31%"
"Oct 13, 2022","976.28","974.21","978.89","971.98","","-0.25%"
"Oct 12, 2022","978.76","990.49","990.49","977.35","","-1.28%"
"Oct 11, 2022","991.49","995.28","1,001.89","990.30","","-1.37%"
"Oct 07, 2022","1,005.29","1,007.74","1,010.66","1,003.69","","-1.51%"
"Oct 06, 2022","1,020.74","1,022.07","1,028.91","1,019.10","","+0.12%"
"Oct 05, 2022","1,019.56","1,022.00","1,024.51","1,014.22","","+0.90%"
"Oct 04, 2022","1,010.43","999.81","1,012.04","999.39","","+2.85%"
"Oct 03, 2022","982.39","972.01","982.39","959.99","","+0.63%"
"Sep 30, 2022","976.28","991.56","994.84","970.16","","-1.40%"
"Sep 29, 2022","990.16","987.48","995.73","980.16","","+0.72%"
"Sep 28, 2022","983.04","997.64","1,001.44","975.81","","-1.69%"
"Sep 27, 2022","999.95","997.07","1,010.40","995.37","","+1.08%"
"Sep 26, 2022","989.24","1,020.92","1,021.51","986.25","","-4.64%"
"Sep 22, 2022","1,037.41","1,035.78","1,038.68","1,029.47","","-0.53%"
"Sep 21, 2022","1,042.97","1,043.49","1,047.14","1,039.88","","-0.83%"
"Sep 20, 2022","1,051.69","1,056.62","1,064.69","1,050.85","","+0.92%"
"Sep 16, 2022","1,042.07","1,040.97","1,047.31","1,037.50","","-1.00%"
"Sep 15, 2022","1,052.58","1,054.69","1,057.65","1,049.60","","-0.79%"
"Sep 14, 2022","1,060.98","1,060.40","1,067.40","1,049.24","","-1.78%"
"Sep 13, 2022","1,080.25","1,067.42","1,081.87","1,067.36","","+1.59%"
"Sep 12, 2022","1,063.34","1,067.72","1,067.72","1,059.75","","+0.62%"
"Sep 09, 2022","1,056.74","1,053.69","1,057.49","1,050.12","","+1.00%"
"Sep 08, 2022","1,046.30","1,035.40","1,046.56","1,031.40","","+1.63%"
"Sep 07, 2022","1,029.56","1,023.68","1,030.86","1,017.03","","+0.13%"
"Sep 06, 2022","1,028.22","1,026.21","1,030.19","1,019.92","","+0.83%"
"Sep 05, 2022","1,019.77","1,018.44","1,023.89","1,013.01","","+0.33%"
"Sep 02, 2022","1,016.39","1,019.78","1,019.81","1,008.99","","-1.07%"
"Sep 01, 2022","1,027.43","1,039.89","1,040.78","1,026.20","","-1.88%"
"Aug 31, 2022","1,047.10","1,042.76","1,048.41","1,038.79","","-0.72%"
"Aug 30, 2022","1,054.72","1,052.02","1,056.09","1,046.95","","+1.00%"
"Aug 29, 2022","1,044.23","1,036.84","1,046.54","1,036.63","","-1.12%"
"Aug 26, 2022","1,056.10","1,056.80","1,058.97","1,051.86","","+0.96%"
"Aug 25, 2022","1,046.03","1,046.76","1,050.81","1,044.54","","-0.02%"
"Aug 24, 2022","1,046.19","1,052.70","1,055.74","1,046.01","","+0.50%"
"Aug 23, 2022","1,041.02","1,041.85","1,045.49","1,039.79","","-0.71%"
"Aug 22, 2022","1,048.49","1,047.30","1,050.70","1,041.41","","-0.85%"
"Aug 19, 2022","1,057.46","1,056.08","1,061.00","1,052.71","","+1.13%"
"Aug 18, 2022","1,045.63","1,041.61","1,049.18","1,039.15","","-0.53%"
"Aug 17, 2022","1,051.22","1,042.98","1,054.32","1,041.65","","+2.09%"
"Aug 16, 2022","1,029.65","1,029.19","1,032.59","1,025.72","","-0.90%"
"Aug 15, 2022","1,039.00","1,037.33","1,042.88","1,033.47","","-0.06%"
"Aug 12, 2022","1,039.59","1,026.66","1,043.94","1,026.16","","+2.14%"
"Aug 10, 2022","1,017.76","1,011.60","1,018.84","1,007.81","","+0.79%"
"Aug 09, 2022","1,009.79","1,018.73","1,021.56","1,005.67","","+0.13%"
"Aug 08, 2022","1,008.48","997.92","1,010.14","996.25","","+1.40%"
"Aug 05, 2022","994.58","983.49","997.23","980.81","","+0.89%"
"Aug 04, 2022","985.85","970.02","986.47","966.86","","+1.61%"
"Aug 03, 2022","970.22","965.82","970.86","960.89","","-0.39%"
"Aug 02, 2022","974.05","983.80","984.65","971.44","","-2.25%"
"Aug 01, 2022","996.43","988.96","996.92","987.62","","+1.92%"
"Jul 29, 2022","977.63","983.48","984.00","976.04","","-0.67%"
"Jul 28, 2022","984.24","990.61","992.25","980.77","","-0.02%"
"Jul 27, 2022","984.45","980.57","985.81","978.62","","-0.16%"
"Jul 26, 2022","986.03","984.94","989.95","980.68","","+1.05%"
"Jul 25, 2022","975.82","975.27","982.30","972.07","","-0.29%"
"Jul 22, 2022","978.69","973.74","979.67","972.92","","-0.36%"
"Jul 21, 2022","982.27","972.69","982.58","972.69","","+0.21%"
"Jul 20, 2022","980.22","973.75","980.39","971.55","","+2.14%"
"Jul 19, 2022","959.65","954.62","963.57","950.52","","+2.17%"
"Jul 15, 2022","939.25","943.22","945.36","934.13","","-0.35%"
"Jul 14, 2022","942.53","939.94","944.74","933.70","","+0.41%"
"Jul 13, 2022","938.69","939.38","941.67","934.63","","+0.05%"
"Jul 12, 2022","938.25","953.98","953.98","935.95","","-2.42%"
"Jul 11, 2022","961.50","963.29","966.58","957.19","","+1.35%"
"Jul 08, 2022","948.68","937.50","964.90","937.50","","+2.43%"
"Jul 07, 2022","926.19","932.19","933.44","909.71","","-0.01%"
"Jul 06, 2022","926.27","950.25","950.25","923.06","","-3.78%"
"Jul 05, 2022","962.67","962.47","966.56","960.23","","+0.92%"
"Jul 04, 2022","953.85","950.57","954.74","946.27","","+0.42%"
"Jul 01, 2022","949.84","969.31","974.40","945.26","","-2.32%"
"Jun 30, 2022","972.41","987.49","988.19","971.18","","-1.55%"
"Jun 29, 2022","987.67","991.85","996.01","984.97","","-0.49%"
"Jun 28, 2022","992.49","993.74","997.98","985.58","","+0.90%"
"Jun 27, 2022","983.64","979.20","987.06","972.54","","+1.87%"
"Jun 24, 2022","965.57","954.66","965.57","947.30","","+0.42%"
"Jun 23, 2022","961.52","976.16","981.04","956.31","","-2.20%"
"Jun 22, 2022","983.12","1,002.13","1,002.35","982.22","","-1.07%"
"Jun 21, 2022","993.80","989.37","1,000.21","984.70","","+1.95%"
"Jun 20, 2022","974.81","1,000.42","1,003.73","967.63","","-2.31%"
"Jun 17, 2022","997.90","1,003.50","1,003.51","987.25","","-2.25%"
"Jun 16, 2022","1,020.90","1,023.72","1,037.73","1,019.83","","+1.02%"
"Jun 15, 2022","1,010.60","1,032.20","1,032.86","1,010.60","","-1.86%"
"Jun 14, 2022","1,029.80","1,022.01","1,031.31","1,019.17","","-0.94%"
"Jun 13, 2022","1,039.61","1,051.92","1,064.40","1,038.27","","-2.81%"
"Jun 10, 2022","1,069.67","1,071.80","1,075.01","1,061.83","","-1.50%"
"Jun 09, 2022","1,085.99","1,081.80","1,092.42","1,080.91","","-0.35%"
"Jun 08, 2022","1,089.78","1,090.71","1,094.25","1,086.28","","+0.24%"
"Jun 07, 2022","1,087.18","1,074.02","1,091.79","1,073.26","","+1.39%"
"Jun 06, 2022","1,072.31","1,059.87","1,073.02","1,059.87","","+0.49%"
"Jun 03, 2022","1,067.08","1,061.88","1,067.86","1,059.42","","+1.36%"
"Jun 02, 2022","1,052.81","1,055.15","1,055.15","1,045.26","","-0.22%"
"Jun 01, 2022","1,055.12","1,038.40","1,055.12","1,034.08","","+1.69%"
"May 31, 2022","1,037.63","1,034.20","1,040.86","1,032.40","","-0.38%"
"May 30, 2022","1,041.59","1,042.67","1,045.26","1,030.77","","+1.12%"
"May 27, 2022","1,030.02","1,032.73","1,034.14","1,024.99","","+0.86%"
"May 26, 2022","1,021.20","1,031.36","1,035.66","1,019.46","","-1.04%"
"May 25, 2022","1,031.98","1,026.42","1,038.87","1,024.80","","+0.03%"
"May 24, 2022","1,031.67","1,036.79","1,044.39","1,030.49","","+0.32%"
"May 23, 2022","1,028.37","1,036.16","1,036.24","1,024.31","","+0.10%"
"May 20, 2022","1,027.31","1,012.63","1,029.49","1,009.15","","+2.78%"
"May 19, 2022","999.55","981.92","1,000.50","975.24","","-0.24%"
"May 18, 2022","1,001.95","1,001.60","1,007.05","992.23","","+1.22%"
"May 17, 2022","989.84","985.56","993.59","980.05","","+0.98%"
"May 16, 2022","980.26","1,001.49","1,001.49","978.06","","-1.52%"
"May 13, 2022","995.39","974.18","997.38","973.58","","+1.91%"
"May 12, 2022","976.74","977.21","995.77","972.70","","-1.19%"
"May 11, 2022","988.55","996.58","996.58","973.77","","-1.77%"
"May 10, 2022","1,006.36","1,018.15","1,019.16","996.21","","-2.57%"
"May 09, 2022","1,032.90","1,050.34","1,050.98","1,028.55","","-2.99%"
"May 06, 2022","1,064.70","1,056.54","1,071.28","1,050.12","","+1.57%"
"May 02, 2022","1,048.29","1,039.95","1,052.90","1,036.37","","+0.55%"
"Apr 28, 2022","1,042.53","1,004.44","1,042.87","1,000.49","","+3.44%"
"Apr 27, 2022","1,007.88","1,003.89","1,018.60","995.79","","-0.55%"
"Apr 26, 2022","1,013.50","1,035.80","1,037.20","1,000.51","","-3.11%"
"Apr 25, 2022","1,046.08","1,057.59","1,062.95","1,041.80","","-2.96%"
"Apr 22, 2022","1,077.95","1,100.95","1,101.09","1,074.01","","-3.58%"
"Apr 21, 2022","1,117.93","1,117.35","1,127.91","1,112.69","","-0.49%"
"Apr 20, 2022","1,123.38","1,119.41","1,127.12","1,114.54","","0.00%"
"Apr 19, 2022","1,123.42","1,109.18","1,124.28","1,106.73","","+2.79%"
"Apr 18, 2022","1,092.88","1,094.26","1,100.65","1,083.43","","-0.53%"
"Apr 15, 2022","1,098.75","1,102.64","1,102.64","1,088.50","","-0.63%"
"Apr 14, 2022","1,105.75","1,083.59","1,106.36","1,083.52","","+2.88%"
"Apr 13, 2022","1,074.82","1,072.48","1,079.46","1,059.77","","+1.18%"
"Apr 12, 2022","1,062.27","1,064.88","1,065.81","1,054.51","","-0.81%"
"Apr 11, 2022","1,070.90","1,084.63","1,092.58","1,067.67","","-0.31%"
"Apr 08, 2022","1,074.23","1,070.24","1,077.10","1,062.73","","+1.22%"
"Apr 07, 2022","1,061.32","1,074.96","1,074.97","1,048.88","","-2.64%"
"Apr 06, 2022","1,090.08","1,095.50","1,103.46","1,085.76","","-1.51%"
"Apr 05, 2022","1,106.74","1,118.68","1,123.52","1,102.15","","-0.66%"
"Apr 04, 2022","1,114.12","1,103.96","1,114.76","1,102.39","","+1.04%"
"Apr 01, 2022","1,102.70","1,089.44","1,104.94","1,082.08","","+0.20%"
"Mar 31, 2022","1,100.45","1,106.74","1,121.58","1,098.62","","-0.42%"
"Mar 30, 2022","1,105.12","1,105.24","1,107.37","1,088.66","","-2.60%"
"Mar 29, 2022","1,134.63","1,121.06","1,134.63","1,121.06","","+0.53%"
"Mar 28, 2022","1,128.60","1,153.66","1,161.10","1,127.20","","-2.59%"
"Mar 25, 2022","1,158.66","1,150.78","1,160.35","1,140.97","","+0.93%"
"Mar 24, 2022","1,148.01","1,121.53","1,148.27","1,121.53","","+2.07%"
"Mar 23, 2022","1,124.68","1,104.25","1,127.03","1,103.87","","+2.37%"
"Mar 22, 2022","1,098.69","1,102.90","1,107.44","1,092.53","","+1.39%"
"Mar 18, 2022","1,083.58","1,054.39","1,084.72","1,054.39","","+3.00%"
"Mar 17, 2022","1,052.02","1,028.55","1,052.45","1,018.36","","+3.00%"
"Mar 16, 2022","1,021.41","1,004.87","1,025.70","1,004.87","","+1.70%"
"Mar 15, 2022","1,004.32","1,041.20","1,041.50","1,001.17","","-4.74%"
"Mar 14, 2022","1,054.32","1,058.80","1,064.55","1,050.26","","+0.19%"
"Mar 11, 2022","1,052.32","1,045.30","1,064.36","1,043.51","","-0.31%"
"Mar 10, 2022","1,055.55","1,030.36","1,057.71","1,021.76","","+2.44%"
"Mar 09, 2022","1,030.37","1,043.84","1,054.52","1,026.68","","-0.58%"
"Mar 08, 2022","1,036.38","1,082.27","1,086.33","1,030.15","","-4.55%"
"Mar 07, 2022","1,085.82","1,098.79","1,111.80","1,068.51","","-0.89%"
"Mar 04, 2022","1,095.52","1,134.96","1,135.86","1,082.42","","-2.99%"
"Mar 03, 2022","1,129.31","1,114.96","1,131.58","1,111.25","","+2.93%"
"Mar 02, 2022","1,097.21","1,087.23","1,103.99","1,084.80","","+0.99%"
"Mar 01, 2022","1,086.47","1,088.20","1,092.56","1,080.63","","+0.99%"
"Feb 28, 2022","1,075.87","1,057.07","1,078.61","1,056.62","","+2.80%"
"Feb 25, 2022","1,046.54","1,043.24","1,050.23","1,027.50","","+0.15%"
"Feb 24, 2022","1,044.96","1,049.03","1,064.98","1,034.25","","-0.32%"
"Feb 22, 2022","1,048.27","1,049.81","1,053.89","1,038.52","","-1.18%"
"Feb 21, 2022","1,060.75","1,049.76","1,067.69","1,046.53","","-0.15%"
"Feb 18, 2022","1,062.39","1,052.70","1,069.03","1,052.70","","-0.06%"
"Feb 17, 2022","1,062.98","1,072.07","1,072.28","1,055.26","","-0.59%"
"Feb 16, 2022","1,069.32","1,075.22","1,076.74","1,065.73","","+0.18%"
"Feb 15, 2022","1,067.45","1,083.81","1,085.73","1,062.58","","-1.23%"
"Feb 14, 2022","1,080.78","1,067.68","1,083.27","1,063.66","","-0.11%"
"Feb 10, 2022","1,082.02","1,075.72","1,082.57","1,066.06","","+0.65%"
"Feb 09, 2022","1,074.98","1,077.24","1,087.96","1,069.02","","+1.37%"
"Feb 08, 2022","1,060.41","1,059.00","1,066.06","1,055.23","","+1.13%"
"Feb 07, 2022","1,048.54","1,047.71","1,057.01","1,044.16","","+0.27%"
"Feb 04, 2022","1,045.74","1,035.04","1,050.96","1,027.71","","+0.18%"
"Feb 03, 2022","1,043.83","1,038.93","1,045.43","1,033.45","","+0.38%"
"Feb 02, 2022","1,039.85","1,019.45","1,042.82","1,019.35","","+2.59%"
"Feb 01, 2022","1,013.57","1,026.62","1,033.17","1,011.27","","-1.53%"
"Jan 31, 2022","1,029.34","1,013.13","1,030.85","1,010.34","","+0.67%"
"Jan 28, 2022","1,022.51","1,012.27","1,024.82","1,008.46","","+2.59%"
"Jan 27, 2022","996.65","1,027.28","1,029.16","993.13","","-2.40%"
"Jan 26, 2022","1,021.16","1,029.34","1,033.01","1,018.56","","+0.49%"
"Jan 25, 2022","1,016.21","1,022.28","1,024.15","1,004.27","","-1.60%"
"Jan 24, 2022","1,032.78","1,026.16","1,036.09","1,020.27","","-0.14%"
"Jan 21, 2022","1,034.19","1,018.54","1,034.38","1,006.61","","+0.22%"
"Jan 20, 2022","1,031.88","1,021.45","1,038.97","1,016.81","","+1.44%"
"Jan 19, 2022","1,017.24","1,026.07","1,040.25","1,012.15","","-2.90%"
"Jan 18, 2022","1,047.67","1,056.14","1,064.70","1,042.01","","-0.86%"
"Jan 17, 2022","1,056.81","1,063.17","1,070.76","1,054.83","","-0.17%"
"Jan 14, 2022","1,058.58","1,059.27","1,060.24","1,040.62","","-0.70%"
"Jan 13, 2022","1,066.03","1,046.43","1,069.69","1,046.43","","+2.56%"
"Jan 12, 2022","1,039.42","1,027.14","1,040.04","1,025.43","","+2.04%"
"Jan 11, 2022","1,018.61","1,007.36","1,018.61","1,002.38","","+1.48%"
"Jan 07, 2022","1,003.71","1,005.59","1,013.21","992.10","","+0.40%"
"Jan 06, 2022","999.75","1,009.48","1,014.58","998.93","","-1.18%"
"Jan 05, 2022","1,011.66","993.88","1,012.17","992.86","","+3.12%"
"Jan 04, 2022","981.03","968.24","984.15","965.84","","+2.30%"
"Dec 30, 2021","958.96","954.28","961.94","949.48","","+0.04%"
"Dec 29, 2021","958.53","954.82","959.60","953.46","","+0.49%"
"Dec 28, 2021","953.86","950.62","953.86","946.42","","+1.35%"
"Dec 27, 2021","941.11","951.35","952.17","939.51","","-1.25%"
"Dec 24, 2021","952.98","955.55","960.75","950.83","","+0.20%"
"Dec 23, 2021","951.11","943.31","951.67","941.08","","+1.45%"
"Dec 22, 2021","937.56","939.51","942.51","931.98","","-0.28%"
"Dec 21, 2021","940.16","942.27","944.34","931.43","","+0.98%"
"Dec 20, 2021","931.08","959.34","959.34","931.00","","-3.86%"
"Dec 17, 2021","968.51","973.75","976.77","964.35","","+0.32%"
"Dec 16, 2021","965.41","967.94","971.28","961.43","","+0.51%"
"Dec 15, 2021","960.53","959.55","967.09","959.34","","+0.41%"
"Dec 14, 2021","956.65","959.88","963.03","953.05","","-0.77%"
"Dec 13, 2021","964.09","968.29","969.69","961.22","","+0.28%"
"Dec 10, 2021","961.38","967.73","972.43","958.88","","-0.44%"
"Dec 09, 2021","965.64","972.71","975.76","963.95","","-0.94%"
"Dec 08, 2021","974.78","973.05","979.29","969.02","","+0.14%"
"Dec 07, 2021","973.44","961.41","975.47","955.03","","+2.72%"
"Dec 06, 2021","947.62","955.01","955.88","941.35","","-0.02%"
"Dec 03, 2021","947.82","937.71","948.15","929.01","","+1.89%"
"Dec 02, 2021","930.24","929.12","937.71","926.65","","-1.14%"
"Dec 01, 2021","941.00","933.98","945.00","921.74","","+1.43%"
"Nov 30, 2021","927.73","956.59","961.86","927.63","","-1.91%"
"Nov 29, 2021","945.76","955.79","962.34","944.21","","-2.82%"
"Nov 26, 2021","973.25","996.90","996.90","968.18","","-2.74%"
"Nov 25, 2021","1,000.71","1,000.14","1,005.81","995.40","","+0.52%"
"Nov 24, 2021","995.49","1,003.56","1,013.59","991.55","","+0.43%"
"Nov 22, 2021","991.26","984.25","992.34","977.87","","+0.16%"
"Nov 19, 2021","989.70","980.35","990.62","979.66","","+1.29%"
"Nov 18, 2021","977.10","963.69","980.75","963.48","","+0.56%"
"Nov 17, 2021","971.68","979.21","979.65","970.40","","-1.07%"
"Nov 16, 2021","982.22","987.42","989.95","981.20","","-0.77%"
"Nov 15, 2021","989.80","992.88","994.37","985.97","","-0.23%"
"Nov 12, 2021","992.13","985.35","997.69","985.35","","+1.49%"
"Nov 11, 2021","977.61","966.77","983.14","965.80","","+1.15%"
"Nov 10, 2021","966.46","976.23","976.23","962.48","","-1.62%"
"Nov 09, 2021","982.41","997.13","1,007.19","982.41","","-0.84%"
"Nov 08, 2021","990.69","989.19","991.48","979.96","","+0.49%"
"Nov 05, 2021","985.83","992.59","993.02","978.60","","-1.22%"
"Nov 04, 2021","997.98","994.08","997.98","984.85","","+1.28%"
"Nov 02, 2021","985.38","1,001.80","1,003.94","983.93","","-1.86%"
"Nov 01, 2021","1,004.05","1,004.32","1,007.52","997.63","","+1.66%"
"Oct 29, 2021","987.61","992.10","993.56","978.68","","-0.26%"
"Oct 28, 2021","990.18","993.48","998.59","985.83","","-1.53%"
"Oct 27, 2021","1,005.52","1,014.62","1,014.84","1,000.57","","-1.19%"
"Oct 26, 2021","1,017.61","1,012.68","1,024.33","1,011.02","","+1.68%"
"Oct 25, 2021","1,000.83","995.22","1,008.73","994.84","","+0.17%"
"Oct 22, 2021","999.16","1,001.90","1,008.91","993.04","","-1.61%"
"Oct 21, 2021","1,015.50","1,023.39","1,034.87","1,015.43","","-0.49%"
"Oct 20, 2021","1,020.52","1,033.36","1,038.84","1,019.18","","-1.40%"
"Oct 19, 2021","1,035.05","1,032.90","1,036.21","1,025.28","","-0.47%"
"Oct 18, 2021","1,039.89","1,027.66","1,040.81","1,027.35","","+2.28%"
"Oct 15, 2021","1,016.69","1,006.04","1,016.69","1,004.58","","+2.07%"
"Oct 14, 2021","996.03","990.25","996.81","985.56","","+0.96%"
"Oct 13, 2021","986.53","985.80","992.98","975.06","","+0.22%"
"Oct 12, 2021","984.41","975.05","990.50","972.07","","+1.53%"
"Oct 11, 2021","969.55","954.75","969.95","954.48","","+2.31%"
"Oct 08, 2021","947.67","954.27","967.12","947.49","","+1.06%"
"Oct 07, 2021","937.77","940.74","948.06","931.78","","-0.40%"
"Oct 06, 2021","941.49","939.84","955.15","929.84","","+0.77%"
"Oct 05, 2021","934.27","922.38","936.06","914.06","","+0.65%"
"Oct 04, 2021","928.24","948.68","950.70","925.58","","-1.20%"
"Oct 01, 2021","939.51","952.05","957.77","938.52","","-2.26%"
"Sep 30, 2021","961.28","974.44","976.69","960.40","","-1.70%"
"Sep 29, 2021","977.90","975.70","978.97","967.42","","-2.31%"
"Sep 28, 2021","1,000.98","999.49","1,001.05","986.25","","+1.24%"
"Sep 27, 2021","988.71","988.71","994.85","987.01","","+0.21%"
"Sep 24, 2021","986.59","984.07","991.43","981.64","","+2.10%"
"Sep 22, 2021","966.29","967.79","972.09","958.91","","-1.11%"
"Sep 21, 2021","977.11","980.04","984.22","972.47","","-2.44%"
"Sep 17, 2021","1,001.59","1,005.68","1,007.10","996.72","","-1.11%"
"Sep 16, 2021","1,012.84","1,024.94","1,026.25","1,007.07","","-0.25%"
"Sep 15, 2021","1,015.40","1,022.76","1,023.95","1,010.21","","-1.86%"
"Sep 14, 2021","1,034.60","1,034.01","1,037.01","1,027.69","","+0.92%"
"Sep 13, 2021","1,025.20","1,014.19","1,026.07","1,012.05","","+0.64%"
"Sep 10, 2021","1,018.70","1,011.62","1,020.87","1,009.15","","+1.20%"
"Sep 09, 2021","1,006.62","1,007.09","1,012.04","1,003.86","","-0.89%"
"Sep 08, 2021","1,015.63","999.33","1,015.63","996.76","","+0.80%"
"Sep 07, 2021","1,007.60","1,007.92","1,014.50","1,005.41","","+1.09%"
"Sep 06, 2021","996.69","996.84","1,000.53","992.50","","+1.42%"
"Sep 03, 2021","982.77","971.11","986.04","971.11","","+1.80%"
"Sep 02, 2021","965.42","969.02","969.87","958.42","","-0.99%"
"Sep 01, 2021","975.06","974.99","980.14","972.08","","+0.25%"
"Aug 31, 2021","972.65","962.26","975.56","956.40","","+0.83%"
"Aug 30, 2021","964.61","954.69","964.61","953.98","","+2.68%"
"Aug 27, 2021","939.44","934.97","939.44","931.39","","-0.16%"
"Aug 26, 2021","940.91","946.72","947.52","936.79","","-0.35%"
"Aug 25, 2021","944.26","947.86","955.86","942.19","","+0.72%"
"Aug 24, 2021","937.53","931.47","942.88","930.77","","+1.73%"
"Aug 23, 2021","921.59","927.65","929.65","917.89","","+0.96%"
"Aug 20, 2021","912.80","929.44","931.12","911.02","","-2.96%"
"Aug 19, 2021","940.62","959.11","959.28","940.43","","-3.07%"
"Aug 18, 2021","970.43","963.93","973.69","960.41","","-0.15%"
"Aug 17, 2021","971.91","989.91","991.47","971.91","","-1.18%"
"Aug 16, 2021","983.55","998.66","1,000.11","980.38","","-2.33%"
"Aug 13, 2021","1,006.99","1,007.89","1,010.61","999.16","","+0.04%"
"Aug 12, 2021","1,006.62","1,007.23","1,011.78","1,002.79","","+1.06%"
"Aug 11, 2021","996.08","986.42","1,001.05","986.13","","+2.11%"
"Aug 10, 2021","975.52","992.20","994.17","973.06","","-1.58%"
"Aug 06, 2021","991.23","981.90","993.00","978.82","","+0.83%"
"Aug 05, 2021","983.06","975.06","984.68","975.06","","-0.48%"
"Aug 04, 2021","987.83","1,006.62","1,006.79","986.10","","-2.22%"
"Aug 03, 2021","1,010.30","1,003.15","1,012.09","1,000.99","","-0.54%"
"Aug 02, 2021","1,015.74","999.30","1,015.86","998.96","","+2.90%"
"Jul 30, 2021","987.14","996.40","1,001.58","985.62","","-1.06%"
"Jul 29, 2021","997.67","997.08","999.54","991.55","","+0.81%"
"Jul 28, 2021","989.63","986.67","998.38","985.05","","-0.67%"
"Jul 27, 2021","996.28","985.65","1,002.69","985.65","","+2.09%"
"Jul 26, 2021","975.87","971.39","978.22","970.58","","+2.20%"
"Jul 21, 2021","954.87","958.18","968.56","952.85","","+1.35%"
"Jul 20, 2021","942.16","953.10","955.51","942.16","","-2.49%"
"Jul 19, 2021","966.24","974.76","977.02","961.51","","-2.19%"
"Jul 16, 2021","987.84","979.58","992.57","976.83","","+0.83%"
"Jul 15, 2021","979.70","984.63","986.88","979.19","","-0.97%"
"Jul 14, 2021","989.26","989.32","995.78","984.13","","-1.10%"
"Jul 13, 2021","1,000.23","998.70","1,004.09","997.86","","+0.68%"
"Jul 12, 2021","993.52","987.56","997.76","987.27","","+2.59%"
"Jul 09, 2021","968.41","958.69","969.57","948.42","","-0.45%"
"Jul 08, 2021","972.77","983.51","987.42","972.77","","-1.27%"
"Jul 07, 2021","985.25","984.57","990.86","978.11","","-1.79%"
"Jul 06, 2021","1,003.16","1,002.95","1,008.45","999.38","","+0.09%"
"Jul 05, 2021","1,002.24","999.65","1,004.09","993.89","","+0.28%"
"Jul 02, 2021","999.49","995.54","999.70","991.85","","+0.67%"
"Jul 01, 2021","992.84","1,002.08","1,005.69","990.47","","-0.03%"
"Jun 30, 2021","993.17","1,005.43","1,007.37","993.17","","-0.75%"
"Jun 29, 2021","1,000.72","1,007.74","1,007.85","996.30","","-2.14%"
"Jun 28, 2021","1,022.57","1,021.89","1,024.45","1,017.64","","+0.05%"
"Jun 25, 2021","1,022.05","1,016.21","1,025.74","1,016.21","","+1.60%"
"Jun 24, 2021","1,005.91","1,003.27","1,012.39","1,002.87","","+0.94%"
"Jun 23, 2021","996.53","997.49","998.31","990.88","","-0.13%"
"Jun 22, 2021","997.78","986.15","998.65","986.03","","+3.22%"
"Jun 21, 2021","966.64","977.26","977.88","962.68","","-2.93%"
"Jun 18, 2021","995.85","1,005.60","1,006.75","991.45","","-2.25%"
"Jun 17, 2021","1,018.75","1,024.77","1,024.77","1,014.30","","-0.80%"
"Jun 16, 2021","1,027.01","1,028.43","1,037.40","1,026.17","","-0.48%"
"Jun 15, 2021","1,031.94","1,028.54","1,036.48","1,026.68","","+0.17%"
"Jun 14, 2021","1,030.16","1,038.91","1,040.85","1,025.29","","-0.13%"
"Jun 11, 2021","1,031.48","1,037.60","1,037.60","1,025.35","","-0.99%"
"Jun 10, 2021","1,041.81","1,045.15","1,047.98","1,040.08","","-0.49%"
"Jun 09, 2021","1,046.96","1,041.73","1,050.93","1,041.73","","+0.80%"
"Jun 08, 2021","1,038.69","1,046.72","1,047.76","1,033.23","","-1.41%"
"Jun 07, 2021","1,053.51","1,052.78","1,054.32","1,038.59","","+0.20%"
"Jun 04, 2021","1,051.40","1,050.88","1,053.55","1,042.56","","-0.37%"
"Jun 03, 2021","1,055.30","1,050.31","1,061.20","1,047.31","","-0.43%"
"Jun 02, 2021","1,059.90","1,057.99","1,066.36","1,049.06","","+0.83%"
"Jun 01, 2021","1,051.19","1,053.63","1,060.99","1,046.02","","+0.62%"
"May 31, 2021","1,044.76","1,048.79","1,051.35","1,040.27","","-0.94%"
"May 28, 2021","1,054.63","1,035.18","1,054.95","1,035.17","","+3.55%"
"May 27, 2021","1,018.45","1,017.17","1,025.78","1,015.81","","-0.03%"
"May 26, 2021","1,018.78","1,011.76","1,019.03","1,007.62","","-0.20%"
"May 25, 2021","1,020.80","1,016.02","1,021.62","1,009.94","","+0.94%"
"May 24, 2021","1,011.29","1,013.67","1,021.01","1,009.22","","+0.17%"
"May 21, 2021","1,009.62","1,006.56","1,012.84","1,002.26","","-0.32%"
"May 20, 2021","1,012.86","1,027.27","1,029.76","1,009.67","","-2.19%"
"May 19, 2021","1,035.57","1,040.19","1,046.54","1,030.51","","-1.52%"
"May 18, 2021","1,051.52","1,030.62","1,056.23","1,027.95","","+3.11%"
"May 17, 2021","1,019.85","1,059.40","1,060.05","1,014.33","","-3.54%"
"May 14, 2021","1,057.23","1,076.94","1,086.21","1,043.77","","-0.23%"
"May 13, 2021","1,059.71","1,061.03","1,083.99","1,058.82","","-1.68%"
"May 12, 2021","1,077.82","1,104.47","1,107.42","1,061.49","","-1.98%"
"May 11, 2021","1,099.55","1,113.24","1,123.65","1,085.92","","-2.34%"
"May 10, 2021","1,125.86","1,108.45","1,130.45","1,106.93","","+2.52%"
"May 07, 2021","1,098.15","1,078.71","1,099.04","1,074.12","","+2.10%"
"May 06, 2021","1,075.56","1,051.12","1,077.70","1,049.57","","+3.70%"
"Apr 30, 2021","1,037.23","1,044.26","1,046.49","1,034.59","","-0.37%"
"Apr 28, 2021","1,041.07","1,031.81","1,044.08","1,029.17","","+0.72%"
"Apr 27, 2021","1,033.58","1,030.22","1,042.34","1,026.61","","+0.40%"
"Apr 26, 2021","1,029.47","1,034.00","1,034.10","1,020.89","","+0.69%"
"Apr 23, 2021","1,022.39","1,022.15","1,028.31","1,017.45","","-1.02%"
"Apr 22, 2021","1,032.95","1,032.98","1,036.17","1,023.36","","+1.54%"
"Apr 21, 2021","1,017.33","1,036.31","1,037.68","1,011.57","","-3.64%"
"Apr 20, 2021","1,055.77","1,055.26","1,059.08","1,049.76","","-1.21%"
"Apr 19, 2021","1,068.72","1,063.21","1,073.48","1,059.78","","+0.38%"
"Apr 16, 2021","1,064.66","1,069.97","1,071.00","1,057.81","","-0.11%"
"Apr 15, 2021","1,065.85","1,057.02","1,072.30","1,057.02","","+1.63%"
"Apr 14, 2021","1,048.76","1,055.63","1,055.63","1,042.06","","-1.59%"
"Apr 13, 2021","1,065.73","1,061.47","1,073.72","1,061.04","","+0.56%"
"Apr 12, 2021","1,059.84","1,076.49","1,077.21","1,058.75","","-1.47%"
"Apr 09, 2021","1,075.68","1,091.18","1,102.07","1,074.44","","-1.38%"
"Apr 08, 2021","1,090.76","1,082.97","1,090.84","1,080.82","","-0.01%"
"Apr 07, 2021","1,090.86","1,076.29","1,090.86","1,068.59","","+2.10%"
"Apr 06, 2021","1,068.47","1,093.93","1,094.39","1,064.67","","-1.51%"
"Apr 05, 2021","1,084.90","1,068.75","1,084.90","1,064.93","","+1.91%"
"Apr 02, 2021","1,064.55","1,062.69","1,067.96","1,055.53","","+0.93%"
"Apr 01, 2021","1,054.69","1,072.42","1,073.02","1,049.70","","-0.78%"
"Mar 31, 2021","1,062.93","1,069.69","1,073.97","1,062.93","","-1.44%"
"Mar 30, 2021","1,078.45","1,070.80","1,081.20","1,063.99","","-0.91%"
"Mar 29, 2021","1,088.39","1,095.95","1,101.16","1,077.51","","+0.78%"
"Mar 26, 2021","1,080.00","1,080.93","1,091.54","1,076.90","","+1.40%"
"Mar 25, 2021","1,065.12","1,046.44","1,071.03","1,046.44","","+3.03%"
"Mar 24, 2021","1,033.79","1,048.00","1,052.40","1,030.73","","-3.17%"
"Mar 23, 2021","1,067.68","1,095.60","1,095.60","1,067.51","","-2.07%"
"Mar 22, 2021","1,090.22","1,098.71","1,098.89","1,081.72","","-1.76%"
"Mar 19, 2021","1,109.74","1,094.85","1,110.37","1,091.19","","+0.44%"
"Mar 18, 2021","1,104.86","1,103.65","1,106.63","1,094.68","","+1.34%"
"Mar 17, 2021","1,090.29","1,076.74","1,092.14","1,076.49","","-0.14%"
"Mar 16, 2021","1,091.82","1,086.89","1,097.95","1,083.08","","+0.55%"
"Mar 15, 2021","1,085.83","1,084.67","1,090.35","1,078.38","","+1.57%"
"Mar 12, 2021","1,069.03","1,060.33","1,069.04","1,046.28","","+1.41%"
"Mar 11, 2021","1,054.17","1,039.23","1,054.61","1,036.58","","+1.73%"
"Mar 10, 2021","1,036.26","1,038.03","1,039.38","1,025.32","","-0.63%"
"Mar 09, 2021","1,042.84","1,046.50","1,046.51","1,030.71","","+1.23%"
"Mar 08, 2021","1,030.12","1,047.87","1,051.83","1,024.48","","-0.24%"
"Mar 05, 2021","1,032.64","1,036.41","1,038.92","1,014.74","","-0.32%"
"Mar 04, 2021","1,035.93","1,069.48","1,070.15","1,022.67","","-3.85%"
"Mar 03, 2021","1,077.43","1,057.96","1,077.72","1,053.73","","+3.15%"
"Mar 02, 2021","1,044.55","1,062.23","1,067.93","1,041.32","","-1.17%"
"Mar 01, 2021","1,056.95","1,045.63","1,056.95","1,035.33","","+1.81%"
"Feb 26, 2021","1,038.21","1,060.72","1,060.72","1,038.21","","-3.46%"
"Feb 25, 2021","1,075.39","1,077.40","1,086.06","1,073.38","","+1.74%"
"Feb 24, 2021","1,056.95","1,085.17","1,086.07","1,056.95","","-2.32%"
"Feb 22, 2021","1,082.08","1,056.96","1,084.75","1,056.96","","+4.25%"
"Feb 19, 2021","1,037.95","1,037.72","1,047.97","1,034.14","","-1.31%"
"Feb 18, 2021","1,051.74","1,081.76","1,083.70","1,048.27","","-2.56%"
"Feb 17, 2021","1,079.36","1,062.21","1,081.82","1,054.57","","+1.56%"
"Feb 16, 2021","1,062.80","1,045.74","1,068.43","1,042.88","","+2.39%"
"Feb 15, 2021","1,037.95","1,042.84","1,047.79","1,035.45","","+0.36%"
"Feb 12, 2021","1,034.19","1,039.39","1,040.78","1,028.43","","-0.26%"
"Feb 10, 2021","1,036.88","1,043.94","1,046.63","1,033.61","","-1.43%"
"Feb 09, 2021","1,051.88","1,065.03","1,072.42","1,040.66","","-0.22%"
"Feb 08, 2021","1,054.19","1,039.14","1,055.74","1,039.14","","+2.21%"
"Feb 05, 2021","1,031.39","1,028.14","1,033.67","1,023.40","","+0.72%"
"Feb 04, 2021","1,024.01","1,023.26","1,035.67","1,019.36","","+0.77%"
"Feb 03, 2021","1,016.14","1,014.98","1,019.42","1,006.73","","+1.26%"
"Feb 02, 2021","1,003.49","987.60","1,010.55","984.76","","+2.98%"
"Feb 01, 2021","974.47","946.44","978.45","946.44","","+3.12%"
"Jan 29, 2021","945.02","974.41","974.41","945.02","","-2.82%"
"Jan 28, 2021","972.43","967.84","978.40","953.57","","-1.29%"
"Jan 27, 2021","985.18","983.80","994.42","980.11","","-0.16%"
"Jan 26, 2021","986.71","1,006.36","1,007.81","986.71","","-2.81%"
"Jan 25, 2021","1,015.21","1,012.17","1,019.60","1,006.00","","+0.92%"
"Jan 22, 2021","1,005.93","1,002.02","1,014.56","1,001.48","","-0.51%"
"Jan 21, 2021","1,011.06","1,006.56","1,016.74","1,004.62","","+0.60%"
"Jan 20, 2021","1,005.03","1,005.74","1,006.52","996.86","","+0.41%"
"Jan 19, 2021","1,000.95","995.17","1,004.80","994.59","","+0.98%"
"Jan 18, 2021","991.27","991.98","997.43","980.80","","-1.31%"
"Jan 15, 2021","1,004.40","1,022.68","1,030.51","1,001.72","","-1.86%"
"Jan 14, 2021","1,023.44","1,027.19","1,038.10","1,018.65","","-0.47%"
"Jan 13, 2021","1,028.26","1,027.89","1,038.82","1,025.84","","+0.62%"
"Jan 12, 2021","1,021.92","1,012.95","1,024.45","1,007.64","","-0.68%"
"Jan 08, 2021","1,028.92","1,004.47","1,028.92","1,000.50","","+3.54%"
"Jan 07, 2021","993.70","971.60","999.40","971.25","","+4.09%"
"Jan 06, 2021","954.70","945.40","956.61","945.30","","+1.13%"
"Jan 05, 2021","944.03","930.18","946.74","930.18","","+0.77%"
"Jan 04, 2021","936.84","943.10","943.10","919.34","","-0.49%"
"Dec 30, 2020","941.45","943.24","949.00","937.42","","-1.22%"
"Dec 29, 2020","953.06","944.25","953.72","944.25","","+0.88%"
"Dec 28, 2020","944.75","943.04","945.26","934.03","","+0.92%"
"Dec 25, 2020","936.11","931.44","936.11","929.19","","+0.68%"
"Dec 24, 2020","929.83","923.84","936.68","923.84","","+1.99%"
"Dec 23, 2020","911.70","922.07","926.13","904.13","","-1.73%"
"Dec 22, 2020","927.76","942.64","948.80","926.48","","-2.62%"
"Dec 21, 2020","952.73","945.76","953.69","935.40","","+2.29%"
"Dec 18, 2020","931.36","923.30","937.91","922.45","","+1.11%"
"Dec 17, 2020","921.14","928.82","928.82","915.94","","-0.33%"
"Dec 16, 2020","924.22","908.69","925.82","908.69","","+2.33%"
"Dec 15, 2020","903.16","893.66","905.74","893.66","","+0.20%"
"Dec 14, 2020","901.38","896.75","909.72","896.75","","+0.67%"
"Dec 11, 2020","895.39","897.17","903.50","888.24","","+0.91%"
"Dec 10, 2020","887.33","896.70","899.59","887.33","","-0.69%"
"Dec 09, 2020","893.49","870.66","895.37","870.66","","+2.84%"
"Dec 08, 2020","868.83","870.73","879.61","867.97","","-0.47%"
"Dec 07, 2020","872.93","897.58","897.58","871.47","","-1.24%"
"Dec 04, 2020","883.91","878.33","883.91","875.44","","+0.72%"
"Dec 03, 2020","877.58","868.60","881.97","867.95","","+1.38%"
"Dec 02, 2020","865.62","858.77","869.17","856.57","","+2.27%"
"Dec 01, 2020","846.41","828.90","848.33","828.90","","+2.89%"
"Nov 30, 2020","822.64","855.34","855.71","822.64","","-3.98%"
"Nov 27, 2020","856.72","844.52","860.79","844.52","","+1.28%"
"Nov 26, 2020","845.93","835.69","848.79","833.60","","-0.09%"
"Nov 25, 2020","846.68","846.02","861.82","844.47","","+2.14%"
"Nov 24, 2020","828.98","830.76","837.90","827.50","","+1.47%"
"Nov 20, 2020","816.99","802.79","817.02","802.58","","+0.70%"
"Nov 19, 2020","811.35","819.33","820.30","804.33","","-1.21%"
"Nov 18, 2020","821.31","836.25","836.25","820.02","","-3.43%"
"Nov 17, 2020","850.45","852.50","852.59","838.99","","+0.71%"
"Nov 16, 2020","844.45","835.17","847.89","832.55","","+2.47%"
"Nov 13, 2020","824.07","825.62","831.13","817.83","","-1.55%"
"Nov 12, 2020","837.02","838.75","845.54","828.10","","-1.43%"
"Nov 11, 2020","849.13","845.58","856.51","839.36","","+2.59%"
"Nov 10, 2020","827.66","820.08","835.76","819.15","","+2.57%"
"Nov 09, 2020","806.93","797.43","811.91","797.11","","+3.01%"
"Nov 06, 2020","783.33","779.86","787.59","774.62","","+0.65%"
"Nov 05, 2020","778.25","774.26","780.90","763.67","","-0.19%"
"Nov 04, 2020","779.70","772.79","786.76","771.00","","+2.76%"
"Nov 02, 2020","758.78","749.64","763.72","749.28","","+2.23%"
"Oct 30, 2020","742.20","759.35","760.26","739.01","","-2.17%"
"Oct 29, 2020","758.66","747.47","761.48","745.67","","-0.45%"
"Oct 28, 2020","762.07","766.68","770.65","756.58","","-2.23%"
"Oct 27, 2020","779.43","782.22","783.24","773.90","","-0.27%"
"Oct 26, 2020","781.55","775.95","783.02","775.95","","+0.61%"
"Oct 23, 2020","776.85","778.81","778.81","771.39","","+0.93%"
"Oct 22, 2020","769.68","766.31","773.99","765.60","","+0.46%"
"Oct 21, 2020","766.16","757.47","768.61","757.47","","+2.15%"
"Oct 20, 2020","750.00","749.89","757.79","748.93","","-0.95%"
"Oct 19, 2020","757.21","747.25","758.30","747.25","","+2.26%"
"Oct 16, 2020","740.50","747.16","747.16","739.09","","-0.81%"
"Oct 15, 2020","746.51","750.47","754.02","745.72","","-0.63%"
"Oct 14, 2020","751.26","756.49","757.23","748.93","","-1.85%"
"Oct 13, 2020","765.40","767.35","767.59","754.49","","-0.21%"
"Oct 12, 2020","766.98","767.65","769.53","763.55","","-0.84%"
"Oct 09, 2020","773.49","777.91","779.82","768.66","","-0.38%"
"Oct 08, 2020","776.45","778.62","782.62","773.65","","+0.50%"
"Oct 07, 2020","772.56","764.47","774.72","759.29","","-0.09%"
"Oct 06, 2020","773.29","768.03","776.57","765.75","","+1.62%"
"Oct 05, 2020","760.95","753.46","766.59","753.46","","+2.70%"
"Oct 02, 2020","740.97","759.12","760.99","739.45","","-2.28%"
"Oct 01, 2020","758.28","758.28","758.28","758.28","","0.00%"
"Sep 30, 2020","758.28","773.58","778.46","758.28","","-2.81%"
"Sep 29, 2020","780.19","782.91","786.58","775.64","","-0.96%"
"Sep 28, 2020","787.73","784.80","788.20","775.12","","+1.50%"
"Sep 25, 2020","776.09","782.20","783.04","772.63","","+0.51%"
"Sep 24, 2020","772.14","787.63","787.63","771.06","","-3.09%"
"Sep 23, 2020","796.72","799.91","802.02","793.48","","-1.59%"
"Sep 18, 2020","809.56","808.84","812.68","805.82","","+0.30%"
"Sep 17, 2020","807.15","819.78","822.65","806.60","","-1.62%"
"Sep 16, 2020","820.48","822.85","825.45","819.23","","-1.06%"
"Sep 15, 2020","829.28","834.95","835.04","823.99","","-1.21%"
"Sep 14, 2020","839.41","824.69","839.81","824.69","","+2.29%"
"Sep 11, 2020","820.65","814.38","821.34","811.77","","-0.02%"
"Sep 10, 2020","820.81","812.01","821.14","809.95","","+1.74%"
"Sep 09, 2020","806.75","799.25","808.58","796.60","","-0.47%"
"Sep 08, 2020","810.59","805.10","810.96","804.15","","+1.33%"
"Sep 07, 2020","799.98","795.19","806.02","793.24","","+0.79%"
"Sep 04, 2020","793.68","784.80","794.37","783.90","","-0.03%"
"Sep 03, 2020","793.95","799.74","804.72","793.75","","+0.54%"
"Sep 02, 2020","789.72","788.45","790.21","784.67","","+0.34%"
"Sep 01, 2020","787.08","779.67","787.65","777.85","","+0.36%"
"Aug 31, 2020","784.22","790.96","797.52","784.22","","+0.89%"
"Aug 28, 2020","777.29","784.15","797.16","771.23","","-0.49%"
"Aug 27, 2020","781.10","783.69","783.69","778.42","","-0.63%"
"Aug 26, 2020","786.09","788.01","790.93","780.56","","-0.84%"
"Aug 25, 2020","792.71","788.67","795.98","786.69","","+2.39%"
"Aug 24, 2020","774.19","779.09","780.40","771.74","","-1.11%"
"Aug 21, 2020","782.90","790.07","793.78","782.34","","+0.08%"
"Aug 20, 2020","782.26","780.96","788.68","779.48","","-0.55%"
"Aug 19, 2020","786.58","781.25","790.21","781.25","","+0.14%"
"Aug 18, 2020","785.45","793.55","794.55","783.29","","-0.73%"
"Aug 17, 2020","791.22","799.43","800.65","791.07","","-0.64%"
"Aug 14, 2020","796.29","800.59","801.33","794.83","","-0.67%"
"Aug 13, 2020","801.67","807.54","808.60","798.00","","+0.08%"
"Aug 12, 2020","801.00","800.08","803.14","794.23","","-0.24%"
"Aug 11, 2020","802.92","784.59","806.45","784.59","","+4.07%"
"Aug 07, 2020","771.51","791.64","791.82","764.16","","-3.18%"
"Aug 06, 2020","796.82","794.25","805.84","791.82","","+0.87%"
"Aug 05, 2020","789.93","768.48","791.25","767.42","","+2.33%"
"Aug 04, 2020","771.93","760.85","773.60","760.85","","+2.19%"
"Aug 03, 2020","755.39","747.39","761.62","746.90","","+1.79%"
"Jul 31, 2020","742.08","760.98","762.52","742.00","","-3.65%"
"Jul 30, 2020","770.20","781.24","781.85","769.91","","-0.50%"
"Jul 29, 2020","774.06","782.66","782.83","772.10","","-2.05%"
"Jul 28, 2020","790.29","790.64","798.63","787.67","","+0.35%"
"Jul 27, 2020","787.54","771.16","787.58","767.65","","+0.41%"
"Jul 22, 2020","784.34","785.66","795.90","784.34","","-0.10%"
"Jul 21, 2020","785.15","781.24","788.12","777.03","","-0.68%"
"Jul 20, 2020","790.56","795.24","795.24","784.67","","+0.30%"
"Jul 17, 2020","788.17","802.22","802.57","785.01","","-1.08%"
"Jul 16, 2020","796.74","803.95","807.78","794.88","","-0.49%"
"Jul 15, 2020","800.65","796.16","810.29","796.16","","+1.89%"
"Jul 14, 2020","785.83","779.26","793.42","778.88","","+0.21%"
"Jul 13, 2020","784.17","771.28","785.45","770.89","","+3.82%"
"Jul 10, 2020","755.33","766.97","768.72","755.33","","-1.81%"
"Jul 09, 2020","769.27","764.91","776.04","763.88","","+0.39%"
"Jul 08, 2020","766.29","765.17","777.96","764.16","","-0.89%"
"Jul 07, 2020","773.14","775.90","776.19","766.68","","+0.03%"
"Jul 06, 2020","772.88","751.87","774.07","750.92","","+2.58%"
"Jul 03, 2020","753.44","759.63","759.80","743.82","","+0.30%"
"Jul 02, 2020","751.17","751.74","760.71","744.27","","-0.04%"
"Jul 01, 2020","751.48","763.49","763.49","748.32","","-0.99%"
"Jun 30, 2020","759.00","762.48","772.68","758.17","","+1.50%"
"Jun 29, 2020","747.79","755.03","758.35","747.45","","-2.42%"
"Jun 26, 2020","766.36","765.66","768.16","758.86","","+1.50%"
"Jun 25, 2020","755.07","761.62","763.89","751.08","","-2.90%"
"Jun 24, 2020","777.60","778.54","779.05","774.31","","-0.25%"
"Jun 23, 2020","779.56","779.36","787.15","772.30","","+0.77%"
"Jun 22, 2020","773.64","771.37","779.52","768.39","","+0.12%"
"Jun 19, 2020","772.72","789.07","789.18","771.72","","-1.85%"
"Jun 18, 2020","787.29","780.85","788.53","772.51","","-0.53%"
"Jun 17, 2020","791.51","790.69","794.37","782.99","","-0.59%"
"Jun 16, 2020","796.20","761.92","799.70","761.92","","+5.67%"
"Jun 15, 2020","753.47","767.74","776.11","753.34","","-2.98%"
"Jun 12, 2020","776.62","774.27","778.37","750.71","","-1.89%"
"Jun 11, 2020","791.62","804.39","809.03","790.95","","-3.59%"
"Jun 10, 2020","821.06","816.51","822.90","810.87","","+0.36%"
"Jun 09, 2020","818.11","830.33","831.75","809.83","","-1.48%"
"Jun 08, 2020","830.44","824.84","830.44","816.35","","+2.43%"
"Jun 05, 2020","810.76","800.37","811.07","796.73","","+1.71%"
"Jun 04, 2020","797.11","812.28","812.96","790.61","","-0.63%"
"Jun 03, 2020","802.18","795.65","808.17","794.59","","+2.59%"
"Jun 02, 2020","781.95","773.69","785.80","770.37","","+2.05%"
"Jun 01, 2020","766.22","771.56","773.88","759.76","","-1.11%"
"May 29, 2020","774.81","771.48","777.16","767.63","","-1.13%"
"May 28, 2020","783.68","789.49","793.61","770.71","","+0.71%"
"May 27, 2020","778.12","760.28","782.01","756.09","","+3.46%"
"May 26, 2020","752.09","742.61","755.09","741.47","","+1.89%"
"May 25, 2020","738.16","732.76","738.73","729.40","","+2.72%"
"May 22, 2020","718.62","737.00","737.00","715.86","","-2.35%"
"May 21, 2020","735.92","737.77","743.16","732.65","","-0.24%"
"May 20, 2020","737.70","716.97","742.18","715.81","","+3.09%"
"May 19, 2020","715.62","707.54","720.58","707.49","","+3.36%"
"May 18, 2020","692.39","696.19","696.21","685.89","","+0.24%"
"May 15, 2020","690.73","693.38","697.27","680.18","","+1.43%"
"May 14, 2020","681.00","691.64","695.51","681.00","","-2.48%"
"May 13, 2020","698.29","693.05","702.90","688.46","","-1.18%"
"May 12, 2020","706.64","711.82","711.82","700.45","","-1.39%"
"May 11, 2020","716.61","696.32","719.98","695.99","","+4.31%"
"May 08, 2020","687.03","664.36","689.09","664.36","","+4.81%"
"May 07, 2020","655.47","655.27","662.50","653.22","","-1.72%"
"May 01, 2020","666.92","682.24","682.24","664.49","","-3.79%"
"Apr 30, 2020","693.20","683.65","700.90","683.62","","+3.39%"
"Apr 28, 2020","670.47","675.47","675.95","665.34","","-0.94%"
"Apr 27, 2020","676.86","655.39","677.15","652.48","","+4.39%"
"Apr 24, 2020","648.41","652.39","653.33","644.84","","-0.93%"
"Apr 23, 2020","654.51","630.51","654.51","630.49","","+4.33%"
"Apr 22, 2020","627.34","631.29","634.76","624.48","","-1.92%"
"Apr 21, 2020","639.65","639.64","645.15","633.63","","-1.05%"
"Apr 20, 2020","646.42","645.26","650.07","641.30","","-0.76%"
"Apr 17, 2020","651.34","640.68","652.26","638.40","","+3.38%"
"Apr 16, 2020","630.02","630.47","632.31","622.71","","-2.27%"
"Apr 15, 2020","644.68","644.72","649.03","638.55","","-1.59%"
"Apr 14, 2020","655.09","644.42","658.62","637.65","","+2.68%"
"Apr 13, 2020","638.02","654.13","654.61","637.49","","-3.12%"
"Apr 10, 2020","658.58","650.75","660.51","640.17","","+1.52%"
"Apr 09, 2020","648.75","644.57","648.78","639.62","","+0.98%"
"Apr 08, 2020","642.43","645.92","647.84","627.48","","+0.47%"
"Apr 07, 2020","639.43","640.46","646.18","619.25","","+2.09%"
"Apr 06, 2020","626.31","596.09","631.20","590.82","","+3.31%"
"Apr 03, 2020","606.26","612.30","614.47","598.71","","-0.13%"
"Apr 02, 2020","607.03","611.33","619.96","604.95","","-2.48%"
"Apr 01, 2020","622.48","649.29","656.90","616.67","","-4.61%"
"Mar 31, 2020","652.56","660.15","672.94","648.42","","-1.94%"
"Mar 30, 2020","665.48","656.00","665.48","645.76","","-2.86%"
"Mar 27, 2020","685.04","673.48","685.04","658.32","","+4.10%"
"Mar 26, 2020","658.05","667.02","667.02","646.53","","-3.13%"
"Mar 25, 2020","679.34","634.99","679.57","634.99","","+9.62%"
"Mar 24, 2020","619.70","608.67","619.70","592.31","","+3.75%"
"Mar 23, 2020","597.32","578.10","599.41","571.10","","+5.04%"
"Mar 19, 2020","568.65","584.21","588.07","568.65","","-0.77%"
"Mar 18, 2020","573.08","589.15","601.45","572.93","","-1.92%"
"Mar 17, 2020","584.29","567.50","592.44","554.68","","+1.50%"
"Mar 16, 2020","575.63","596.85","604.08","573.73","","-2.33%"
"Mar 13, 2020","589.38","609.75","612.99","567.94","","-5.66%"
"Mar 12, 2020","624.73","647.39","650.54","618.73","","-5.10%"
"Mar 11, 2020","658.31","671.36","684.19","658.11","","-1.37%"
"Mar 10, 2020","667.43","647.34","670.70","627.53","","+1.54%"
"Mar 09, 2020","657.32","694.99","695.01","653.69","","-7.56%"
"Mar 06, 2020","711.04","727.10","727.10","707.77","","-4.17%"
"Mar 05, 2020","741.96","757.77","757.77","737.92","","-0.53%"
"Mar 04, 2020","745.91","741.13","751.39","737.78","","-0.56%"
"Mar 03, 2020","750.11","774.06","777.94","750.11","","-1.40%"
"Mar 02, 2020","760.79","749.46","771.14","746.86","","-0.09%"
"Feb 28, 2020","761.50","774.08","774.65","755.63","","-3.64%"
"Feb 27, 2020","790.27","803.77","804.99","786.68","","-2.99%"
"Feb 26, 2020","814.62","809.70","815.32","801.88","","-0.88%"
"Feb 25, 2020","821.84","840.92","840.99","816.57","","-4.28%"
"Feb 21, 2020","858.56","858.07","865.73","856.76","","-0.06%"
"Feb 20, 2020","859.09","867.69","871.65","857.77","","+0.50%"
"Feb 19, 2020","854.82","860.00","860.48","851.39","","-0.47%"
"Feb 18, 2020","858.87","862.25","866.01","855.15","","-0.95%"
"Feb 17, 2020","867.15","860.37","868.61","855.12","","-0.60%"
"Feb 14, 2020","872.41","872.55","874.03","867.68","","-1.00%"
"Feb 13, 2020","881.24","881.04","885.30","878.71","","+0.15%"
"Feb 12, 2020","879.88","878.02","881.67","872.76","","+0.42%"
"Feb 10, 2020","876.23","872.86","880.53","870.88","","-1.35%"
"Feb 07, 2020","888.26","892.82","892.98","884.76","","-0.82%"
"Feb 06, 2020","895.57","890.63","904.23","890.63","","+2.34%"
"Feb 05, 2020","875.11","876.60","880.33","873.27","","+1.43%"
"Feb 04, 2020","862.79","852.42","863.42","851.72","","+0.79%"
"Feb 03, 2020","856.02","854.58","859.45","848.46","","-1.90%"
"Jan 31, 2020","872.60","873.18","880.06","871.56","","+0.23%"
"Jan 30, 2020","870.59","879.22","879.57","866.12","","-1.56%"
"Jan 29, 2020","884.41","880.23","884.41","876.85","","+0.47%"
"Jan 28, 2020","880.31","876.63","881.23","872.62","","-1.18%"
"Jan 27, 2020","890.83","897.76","898.64","887.27","","-2.75%"
"Jan 24, 2020","916.00","916.95","918.12","912.48","","-0.32%"
"Jan 23, 2020","918.93","925.12","927.81","918.05","","-1.84%"
"Jan 22, 2020","936.16","932.80","937.17","928.66","","-0.50%"
"Jan 21, 2020","940.82","945.82","949.89","938.91","","-1.01%"
"Jan 20, 2020","950.40","949.15","952.00","946.21","","+0.96%"
"Jan 17, 2020","941.39","942.45","943.10","937.81","","+0.60%"
"Jan 16, 2020","935.80","934.00","937.03","930.05","","0.00%"
"Jan 15, 2020","935.81","943.55","944.32","931.01","","-1.72%"
"Jan 14, 2020","952.21","952.60","955.50","946.18","","+0.72%"
"Jan 10, 2020","945.36","948.35","951.27","944.21","","-0.42%"
"Jan 09, 2020","949.32","947.99","952.12","947.00","","+1.63%"
"Jan 08, 2020","934.08","934.92","937.61","923.09","","-1.54%"
"Jan 07, 2020","948.66","941.79","950.97","941.02","","+0.45%"
"Jan 06, 2020","944.39","939.30","944.39","933.75","","-1.38%"
"Dec 30, 2019","957.57","955.46","960.51","947.82","","-0.40%"
"Dec 27, 2019","961.38","956.40","965.10","955.31","","+0.73%"
"Dec 26, 2019","954.37","942.14","954.37","942.14","","+0.72%"
"Dec 25, 2019","947.57","950.28","952.27","946.28","","-0.29%"
"Dec 24, 2019","950.30","958.57","958.57","947.55","","-0.14%"
"Dec 23, 2019","951.65","959.06","959.06","950.06","","-1.32%"
"Dec 20, 2019","964.35","972.05","972.05","963.08","","-0.39%"
"Dec 19, 2019","968.13","972.15","972.72","962.37","","-0.73%"
"Dec 18, 2019","975.29","982.48","982.48","973.29","","-0.76%"
"Dec 17, 2019","982.75","987.71","987.71","978.08","","+0.04%"
"Dec 16, 2019","982.34","989.79","989.80","981.28","","-0.61%"
"Dec 13, 2019","988.41","978.43","989.87","978.43","","+3.17%"
"Dec 12, 2019","958.07","964.30","964.30","955.86","","+0.12%"
"Dec 11, 2019","956.90","952.97","957.69","951.06","","+0.23%"
"Dec 10, 2019","954.75","953.93","958.15","951.35","","-0.18%"
"Dec 09, 2019","956.46","962.33","963.54","952.69","","+1.08%"
"Dec 06, 2019","946.24","945.39","949.97","942.97","","+0.49%"
"Dec 05, 2019","941.65","942.52","943.72","937.30","","+1.53%"
"Dec 04, 2019","927.47","923.25","927.73","916.47","","-1.35%"
"Dec 03, 2019","940.16","930.43","940.16","926.50","","-0.14%"
"Dec 02, 2019","941.44","938.77","948.12","938.29","","+0.93%"
"Nov 29, 2019","932.75","938.72","943.44","932.75","","-0.30%"
"Nov 28, 2019","935.59","940.52","943.68","933.87","","-0.45%"
"Nov 27, 2019","939.82","937.79","945.40","937.79","","+1.54%"
"Nov 26, 2019","925.58","933.47","940.66","925.58","","+0.30%"
"Nov 25, 2019","922.78","920.83","925.79","920.18","","+1.39%"
"Nov 22, 2019","910.15","909.82","915.31","908.65","","+0.45%"
"Nov 21, 2019","906.06","911.60","913.35","897.14","","-1.34%"
"Nov 20, 2019","918.35","914.37","926.66","914.37","","+0.11%"
"Nov 19, 2019","917.30","920.69","921.04","916.39","","-1.36%"
"Nov 18, 2019","929.93","936.62","936.62","926.68","","-0.35%"
"Nov 15, 2019","933.15","927.97","935.74","926.27","","+0.62%"
"Nov 14, 2019","927.42","933.23","936.90","926.80","","-0.84%"
"Nov 13, 2019","935.23","943.36","943.54","933.84","","-1.05%"
"Nov 12, 2019","945.16","948.60","948.60","934.87","","-0.98%"
"Nov 11, 2019","954.48","963.17","965.43","954.36","","-1.14%"
"Nov 08, 2019","965.52","969.73","971.60","960.88","","+0.20%"
"Nov 07, 2019","963.63","952.10","964.03","948.83","","+0.86%"
"Nov 06, 2019","955.38","944.48","955.38","943.70","","+1.64%"
"Nov 05, 2019","940.00","939.75","947.83","933.61","","+2.11%"
"Nov 01, 2019","920.61","917.79","921.48","911.05","","-1.51%"
"Oct 31, 2019","934.77","927.19","935.95","924.68","","+0.24%"
"Oct 30, 2019","932.55","940.15","940.15","928.45","","-0.97%"
"Oct 29, 2019","941.66","929.67","941.66","929.11","","+1.99%"
"Oct 28, 2019","923.29","922.52","927.31","920.54","","+1.05%"
"Oct 25, 2019","913.68","906.94","913.68","903.75","","+0.81%"
"Oct 24, 2019","906.36","902.99","906.57","899.98","","+1.28%"
"Oct 23, 2019","894.94","882.54","895.67","878.85","","+2.21%"
"Oct 21, 2019","875.59","876.98","879.64","874.47","","+0.97%"
"Oct 18, 2019","867.21","868.55","873.45","864.59","","-0.12%"
"Oct 17, 2019","868.26","873.55","873.55","864.70","","-0.99%"
"Oct 16, 2019","876.95","888.96","896.43","875.34","","-0.19%"
"Oct 15, 2019","878.65","877.99","883.81","876.08","","+1.77%"
"Oct 11, 2019","863.41","858.84","864.10","855.30","","+1.96%"
"Oct 10, 2019","846.82","844.59","847.13","835.09","","+0.51%"
"Oct 09, 2019","842.54","833.78","843.12","832.64","","-0.31%"
"Oct 08, 2019","845.15","843.87","852.74","843.87","","+0.62%"
"Oct 07, 2019","839.97","842.09","846.08","834.55","","-0.04%"
"Oct 04, 2019","840.31","839.54","840.80","834.07","","-0.19%"
"Oct 03, 2019","841.94","836.49","842.28","832.61","","-1.38%"
"Oct 02, 2019","853.69","846.34","854.17","842.33","","-0.51%"
"Oct 01, 2019","858.05","850.91","863.27","850.62","","+0.81%"
"Sep 30, 2019","851.17","855.84","862.11","848.36","","-0.42%"
"Sep 27, 2019","854.79","859.25","862.35","846.95","","-1.78%"
"Sep 26, 2019","870.30","874.82","879.88","868.50","","+1.06%"
"Sep 25, 2019","861.20","856.84","863.72","853.13","","-0.44%"
"Sep 24, 2019","864.97","865.06","874.68","861.61","","-0.22%"
"Sep 20, 2019","866.92","866.55","874.39","862.53","","+0.50%"
"Sep 19, 2019","862.60","858.83","871.99","857.99","","+0.35%"
"Sep 18, 2019","859.58","868.81","868.81","852.34","","-1.81%"
"Sep 17, 2019","875.42","867.90","880.90","867.33","","+0.34%"
"Sep 13, 2019","872.42","867.25","873.89","859.08","","+0.86%"
"Sep 12, 2019","864.98","862.69","871.46","860.41","","+1.07%"
"Sep 11, 2019","855.81","843.64","856.79","843.64","","+3.23%"
"Sep 10, 2019","829.01","821.14","829.79","821.14","","+2.25%"
"Sep 09, 2019","810.77","800.41","811.19","798.53","","+1.40%"
"Sep 06, 2019","799.56","805.10","806.29","798.31","","+0.11%"
"Sep 05, 2019","798.72","784.21","802.32","784.21","","+2.70%"
"Sep 04, 2019","777.70","777.29","779.62","771.64","","-0.09%"
"Sep 03, 2019","778.38","769.23","782.74","769.23","","+0.89%"
"Sep 02, 2019","771.48","773.16","774.40","769.48","","+0.50%"
"Aug 30, 2019","767.63","757.83","767.98","757.64","","+2.56%"
"Aug 29, 2019","748.49","748.43","748.70","740.04","","+0.22%"
"Aug 28, 2019","746.82","750.54","750.54","745.09","","-0.40%"
"Aug 27, 2019","749.81","753.33","755.16","749.52","","+0.27%"
"Aug 26, 2019","747.76","743.04","749.24","738.06","","-1.66%"
"Aug 23, 2019","760.36","758.93","761.89","756.11","","+0.28%"
"Aug 22, 2019","758.20","756.72","760.27","756.00","","-0.21%"
"Aug 21, 2019","759.79","762.15","764.14","758.96","","-1.54%"
"Aug 20, 2019","771.71","771.49","773.04","766.92","","+0.43%"
"Aug 19, 2019","768.38","767.85","770.65","765.07","","+0.43%"
"Aug 16, 2019","765.06","758.22","766.43","755.35","","-0.49%"
"Aug 15, 2019","768.80","761.32","768.80","753.35","","-1.15%"
"Aug 14, 2019","777.78","772.97","778.77","769.52","","+2.06%"
"Aug 13, 2019","762.06","761.48","763.16","756.01","","-1.43%"
"Aug 09, 2019","773.11","768.14","774.95","767.79","","+1.47%"
"Aug 08, 2019","761.89","765.23","767.50","759.62","","-0.58%"
"Aug 07, 2019","766.31","766.85","772.89","764.12","","-1.29%"
"Aug 06, 2019","776.35","761.21","777.13","748.77","","-0.13%"
"Aug 05, 2019","777.38","786.33","787.58","768.84","","-2.25%"
"Aug 02, 2019","795.24","814.64","814.64","791.11","","-4.44%"
"Aug 01, 2019","832.22","827.02","835.77","818.83","","-1.10%"
"Jul 31, 2019","841.47","839.33","846.55","839.33","","-0.80%"
"Jul 30, 2019","848.22","848.84","855.11","846.21","","+0.61%"
"Jul 29, 2019","843.04","848.79","848.79","838.92","","-0.89%"
"Jul 26, 2019","850.65","858.30","859.57","845.40","","-2.04%"
"Jul 25, 2019","868.33","873.69","873.69","865.80","","-0.46%"
"Jul 24, 2019","872.33","875.46","878.19","871.25","","+0.25%"
"Jul 23, 2019","870.15","863.26","871.69","858.93","","+0.71%"
"Jul 22, 2019","864.03","868.60","875.34","860.60","","0.00%"
"Jul 19, 2019","863.99","846.75","865.66","844.73","","+2.48%"
"Jul 18, 2019","843.10","857.90","859.11","841.62","","-2.48%"
"Jul 17, 2019","864.58","856.97","868.11","855.38","","+0.51%"
"Jul 16, 2019","860.23","856.69","865.53","856.69","","-0.18%"
"Jul 12, 2019","861.79","866.55","866.78","858.43","","+0.11%"
"Jul 11, 2019","860.87","859.15","864.03","854.53","","-0.08%"
"Jul 10, 2019","861.54","861.62","864.45","860.37","","-0.74%"
"Jul 09, 2019","867.95","873.62","877.87","862.49","","-0.34%"
"Jul 08, 2019","870.90","873.43","874.49","869.80","","-0.58%"
"Jul 05, 2019","875.96","874.51","878.60","874.02","","-0.01%"
"Jul 04, 2019","876.06","874.65","877.27","872.33","","+0.19%"
"Jul 03, 2019","874.41","875.09","875.09","869.74","","-1.61%"
"Jul 02, 2019","888.74","883.21","889.25","881.26","","+0.23%"
"Jul 01, 2019","886.72","886.53","889.31","878.26","","+1.83%"
"Jun 28, 2019","870.75","867.82","872.16","864.55","","-0.07%"
"Jun 27, 2019","871.39","865.83","872.29","865.30","","+1.67%"
"Jun 26, 2019","857.05","856.72","865.62","856.21","","+0.06%"
"Jun 25, 2019","856.51","859.74","865.55","854.94","","+0.04%"
"Jun 24, 2019","856.15","856.85","858.35","851.04","","-0.17%"
"Jun 21, 2019","857.60","859.84","864.69","854.61","","+0.59%"
"Jun 20, 2019","852.58","855.91","855.91","842.03","","+0.13%"
"Jun 19, 2019","851.46","836.64","853.13","836.64","","+3.24%"
"Jun 18, 2019","824.72","827.18","836.36","823.37","","-0.29%"
"Jun 17, 2019","827.14","827.10","831.56","823.05","","-0.71%"
"Jun 14, 2019","833.09","833.67","837.56","830.84","","+0.53%"
"Jun 13, 2019","828.69","827.07","832.24","823.02","","-0.69%"
"Jun 12, 2019","834.48","834.06","840.13","833.12","","+0.03%"
"Jun 11, 2019","834.24","825.22","835.90","823.02","","+0.91%"
"Jun 10, 2019","826.75","830.32","833.39","823.23","","+0.95%"
"Jun 07, 2019","818.94","811.91","820.11","811.22","","+0.87%"
"Jun 06, 2019","811.84","815.48","819.06","811.29","","-1.60%"
"Jun 05, 2019","825.08","815.46","827.73","815.14","","+3.05%"
"Jun 04, 2019","800.65","791.39","800.72","788.73","","+1.67%"
"Jun 03, 2019","787.51","787.44","789.14","782.59","","-1.86%"
"May 31, 2019","802.45","809.85","809.85","799.39","","-1.62%"
"May 30, 2019","815.70","802.71","815.86","802.71","","+0.80%"
"May 29, 2019","809.26","809.16","810.61","799.92","","-0.25%"
"May 28, 2019","811.27","809.36","814.30","806.16","","+0.44%"
"May 27, 2019","807.73","809.24","815.44","805.75","","+0.09%"
"May 24, 2019","806.98","793.83","808.66","790.78","","+0.05%"
"May 23, 2019","806.60","814.79","816.00","805.07","","-1.30%"
"May 22, 2019","817.25","819.88","827.43","816.90","","+0.53%"
"May 21, 2019","812.93","811.42","818.89","807.02","","-0.60%"
"May 20, 2019","817.85","825.94","829.60","815.57","","-0.55%"
"May 17, 2019","822.41","815.96","827.57","810.48","","+1.24%"
"May 16, 2019","812.30","817.23","817.23","806.51","","-1.05%"
"May 15, 2019","820.88","818.01","820.99","808.55","","+0.70%"
"May 14, 2019","815.18","805.38","815.65","798.31","","+0.01%"
"May 13, 2019","815.10","818.61","825.31","813.56","","-1.79%"
"May 10, 2019","829.97","835.90","842.00","823.45","","-1.24%"
"May 09, 2019","840.42","854.60","855.43","840.42","","-1.92%"
"May 08, 2019","856.83","866.51","866.59","853.49","","-2.65%"
"May 07, 2019","880.14","902.49","904.12","878.71","","-2.77%"
"Apr 26, 2019","905.19","906.55","907.03","896.57","","-1.30%"
"Apr 25, 2019","917.13","922.39","923.21","911.51","","-0.91%"
"Apr 24, 2019","925.54","936.92","937.32","921.74","","-1.38%"
"Apr 23, 2019","938.52","941.64","942.70","936.03","","-0.23%"
"Apr 22, 2019","940.68","943.28","945.29","937.72","","-0.49%"
"Apr 19, 2019","945.27","949.35","949.46","941.27","","+0.31%"
"Apr 18, 2019","942.39","952.79","953.88","939.70","","-0.52%"
"Apr 17, 2019","947.36","942.42","952.85","942.37","","+0.97%"
"Apr 16, 2019","938.25","935.35","942.65","934.55","","-0.30%"
"Apr 15, 2019","941.10","939.16","947.21","937.21","","+2.25%"
"Apr 12, 2019","920.37","924.22","927.73","919.22","","-0.23%"
"Apr 11, 2019","922.52","925.79","926.21","919.10","","-0.58%"
"Apr 10, 2019","927.89","921.93","929.19","919.50","","-0.64%"
"Apr 09, 2019","933.91","929.49","933.91","925.38","","+0.02%"
"Apr 08, 2019","933.70","946.66","948.11","932.42","","-0.96%"
"Apr 05, 2019","942.78","929.52","943.48","929.52","","+0.37%"
"Apr 04, 2019","939.29","938.18","945.25","934.74","","+0.42%"
"Apr 03, 2019","935.38","923.83","937.27","920.90","","+1.60%"
"Apr 02, 2019","920.63","919.30","926.43","918.71","","+1.65%"
"Apr 01, 2019","905.66","902.23","915.14","901.40","","+2.38%"
"Mar 29, 2019","884.57","887.40","887.40","875.91","","+0.59%"
"Mar 28, 2019","879.42","887.13","887.13","873.19","","-1.83%"
"Mar 27, 2019","895.79","893.37","896.77","886.27","","-1.21%"
"Mar 26, 2019","906.75","890.50","907.98","886.72","","+2.77%"
"Mar 25, 2019","882.30","895.08","895.76","876.58","","-3.27%"
"Mar 22, 2019","912.14","904.99","912.14","903.55","","+1.06%"
"Mar 20, 2019","902.60","894.50","903.55","893.56","","+0.90%"
"Mar 19, 2019","894.52","891.68","895.99","889.18","","+0.30%"
"Mar 18, 2019","891.83","891.52","893.45","886.00","","+0.85%"
"Mar 15, 2019","884.30","887.35","892.06","884.30","","-0.07%"
"Mar 14, 2019","884.88","895.95","899.83","884.03","","+0.03%"
"Mar 13, 2019","884.62","893.55","897.41","880.95","","-1.49%"
"Mar 12, 2019","898.04","894.14","902.94","893.30","","+1.51%"
"Mar 11, 2019","884.67","876.45","884.67","874.11","","+1.08%"
"Mar 08, 2019","875.20","892.93","893.04","873.66","","-2.76%"
"Mar 07, 2019","900.03","907.40","908.93","896.77","","-1.75%"
"Mar 06, 2019","916.02","916.59","921.40","914.92","","-0.42%"
"Mar 05, 2019","919.86","921.14","924.10","916.15","","-0.67%"
"Mar 04, 2019","926.03","923.14","927.26","917.99","","+1.35%"
"Mar 01, 2019","913.74","915.90","917.29","907.00","","-0.72%"
"Feb 28, 2019","920.37","927.20","927.20","920.05","","-1.21%"
"Feb 27, 2019","931.62","937.99","940.08","931.26","","-0.15%"
"Feb 26, 2019","933.06","936.99","940.12","929.61","","-0.41%"
"Feb 25, 2019","936.94","935.58","941.20","934.28","","+1.28%"
"Feb 22, 2019","925.10","918.15","925.60","913.80","","-0.22%"
"Feb 21, 2019","927.10","923.21","928.27","914.57","","+0.71%"
"Feb 20, 2019","920.55","919.37","928.48","917.16","","+1.58%"
"Feb 19, 2019","906.26","906.83","909.95","901.98","","+0.32%"
"Feb 18, 2019","903.35","894.74","903.66","893.28","","+2.94%"
"Feb 15, 2019","877.53","880.89","881.50","871.95","","-1.89%"
"Feb 14, 2019","894.48","899.77","904.49","894.12","","-0.15%"
"Feb 13, 2019","895.81","885.92","897.46","885.92","","+1.69%"
"Feb 12, 2019","880.89","865.80","882.27","859.50","","+1.34%"
"Feb 08, 2019","869.26","891.98","891.98","866.22","","-3.73%"
"Feb 07, 2019","902.94","910.39","910.90","897.75","","-1.34%"
"Feb 06, 2019","915.25","916.46","920.15","911.34","","-0.18%"
"Feb 05, 2019","916.90","915.81","922.26","911.33","","+1.41%"
"Feb 04, 2019","904.14","893.05","904.88","893.05","","+1.14%"
"Feb 01, 2019","893.95","903.08","904.93","892.09","","-1.42%"
"Jan 31, 2019","906.87","906.80","911.39","899.67","","+2.17%"
"Jan 30, 2019","887.65","898.20","898.32","884.64","","-0.61%"
"Jan 29, 2019","893.11","895.63","900.20","886.26","","-0.47%"
"Jan 28, 2019","897.34","903.65","906.82","895.59","","-0.41%"
"Jan 25, 2019","901.01","893.25","904.26","893.25","","+1.35%"
"Jan 24, 2019","888.99","880.47","889.34","876.80","","+0.17%"
"Jan 23, 2019","887.49","884.30","891.53","881.20","","-0.87%"
"Jan 22, 2019","895.29","908.90","909.90","892.62","","-1.01%"
"Jan 21, 2019","904.38","908.28","911.22","901.32","","+1.08%"
"Jan 18, 2019","894.69","884.55","896.19","883.67","","+1.76%"
"Jan 17, 2019","879.25","880.23","886.31","876.31","","+1.06%"
"Jan 16, 2019","870.04","881.83","882.86","866.88","","-1.28%"
"Jan 15, 2019","881.30","864.79","883.69","862.76","","+1.08%"
"Jan 11, 2019","871.86","870.68","872.72","865.53","","+0.78%"
"Jan 10, 2019","865.07","866.95","867.84","856.75","","-1.36%"
"Jan 09, 2019","876.97","874.68","877.42","870.61","","+1.59%"
"Jan 08, 2019","863.25","860.67","871.55","859.02","","+0.99%"
"Jan 07, 2019","854.78","841.77","867.34","841.41","","+3.59%"
"Jan 04, 2019","825.19","831.28","831.94","808.24","","-2.65%"
"Dec 28, 2018","847.65","831.64","853.37","831.56","","+1.51%"
"Dec 27, 2018","835.00","818.32","841.08","818.32","","+4.17%"
"Dec 26, 2018","801.55","797.88","813.39","788.16","","+0.82%"
"Dec 25, 2018","795.04","820.18","820.21","791.61","","-5.02%"
"Dec 21, 2018","837.09","854.89","856.99","832.73","","-2.57%"
"Dec 20, 2018","859.17","883.58","884.64","856.11","","-3.25%"
"Dec 19, 2018","887.99","890.00","894.43","881.98","","-0.12%"
"Dec 18, 2018","889.03","882.10","899.38","875.71","","-0.80%"
"Dec 17, 2018","896.20","900.47","914.20","895.26","","-0.35%"
"Dec 14, 2018","899.32","907.92","912.51","890.22","","-1.77%"
"Dec 13, 2018","915.49","911.20","920.20","906.86","","+1.65%"
"Dec 12, 2018","900.64","892.40","911.22","889.80","","+1.85%"
"Dec 11, 2018","884.28","895.97","895.98","879.45","","-1.62%"
"Dec 10, 2018","898.83","896.20","902.77","890.62","","-1.17%"
"Dec 07, 2018","909.51","917.83","922.48","902.46","","-0.94%"
"Dec 06, 2018","918.15","930.61","933.10","909.24","","-1.86%"
"Dec 05, 2018","935.53","932.30","941.52","927.78","","-0.95%"
"Dec 04, 2018","944.54","964.95","965.39","943.55","","-2.62%"
"Dec 03, 2018","969.99","957.95","979.68","957.95","","+2.19%"
"Nov 30, 2018","949.16","949.48","953.61","946.46","","+0.03%"
"Nov 29, 2018","948.84","952.40","955.38","948.79","","+0.92%"
"Nov 28, 2018","940.16","932.72","940.85","928.89","","+1.32%"
"Nov 27, 2018","927.90","926.13","931.44","919.18","","+1.44%"
"Nov 26, 2018","914.73","902.54","916.94","900.29","","+0.85%"
"Nov 22, 2018","907.04","910.37","917.64","904.13","","-0.10%"
"Nov 21, 2018","907.96","898.74","910.28","892.26","","-1.18%"
"Nov 20, 2018","918.82","908.62","924.63","903.37","","-0.14%"
"Nov 19, 2018","920.09","914.47","924.15","914.11","","+0.02%"
"Nov 16, 2018","919.88","929.24","934.02","918.24","","-0.93%"
"Nov 15, 2018","928.50","931.34","936.41","924.02","","-0.25%"
"Nov 14, 2018","930.79","925.45","939.23","923.24","","+0.70%"
"Nov 13, 2018","924.33","927.30","927.30","911.83","","-2.14%"
"Nov 12, 2018","944.55","952.40","953.77","936.65","","-2.16%"
"Nov 09, 2018","965.44","978.42","979.24","963.36","","-1.84%"
"Nov 08, 2018","983.50","992.16","995.69","981.89","","+1.04%"
"Nov 07, 2018","973.36","983.48","991.85","968.40","","-1.45%"
"Nov 06, 2018","987.72","976.77","994.85","976.07","","+1.19%"
"Nov 05, 2018","976.14","973.90","983.31","965.43","","-0.70%"
"Nov 02, 2018","983.07","952.81","987.28","950.08","","+3.47%"
"Nov 01, 2018","950.13","943.93","956.11","943.93","","+0.03%"
"Oct 31, 2018","949.82","941.22","949.82","937.16","","+1.44%"
"Oct 30, 2018","936.36","917.91","943.97","917.81","","+0.84%"
"Oct 29, 2018","928.60","934.71","940.45","926.51","","+0.66%"
"Oct 26, 2018","922.55","928.73","935.24","913.85","","+0.63%"
"Oct 25, 2018","916.76","933.57","936.13","915.04","","-3.93%"
"Oct 24, 2018","954.27","960.99","962.38","946.22","","-0.68%"
"Oct 23, 2018","960.85","977.27","977.70","960.28","","-2.02%"
"Oct 22, 2018","980.69","967.12","983.94","964.41","","+0.29%"
"Oct 19, 2018","977.84","970.37","979.66","962.69","","-0.75%"
"Oct 18, 2018","985.24","994.80","996.61","984.14","","-1.11%"
"Oct 17, 2018","996.34","1,004.60","1,004.60","991.86","","+0.59%"
"Oct 16, 2018","990.51","971.23","991.26","971.23","","+1.92%"
"Oct 15, 2018","971.84","977.17","981.23","970.42","","-1.30%"
"Oct 12, 2018","984.64","975.21","986.85","972.07","","-0.04%"
"Oct 11, 2018","985.01","1,007.97","1,008.16","979.84","","-4.38%"
"Oct 10, 2018","1,030.11","1,038.42","1,042.94","1,023.13","","-0.15%"
"Oct 09, 2018","1,031.63","1,046.37","1,047.28","1,027.39","","-2.07%"
"Oct 05, 2018","1,053.47","1,061.02","1,065.77","1,052.27","","-1.89%"
"Oct 04, 2018","1,073.72","1,075.11","1,079.73","1,069.85","","+0.99%"
"Oct 03, 2018","1,063.16","1,076.17","1,079.03","1,062.46","","-1.35%"
"Oct 02, 2018","1,077.71","1,077.24","1,088.98","1,074.89","","+1.36%"
"Oct 01, 2018","1,063.21","1,067.53","1,069.64","1,058.53","","-0.83%"
"Sep 28, 2018","1,072.13","1,074.09","1,083.10","1,064.95","","+0.98%"
"Sep 27, 2018","1,061.69","1,075.18","1,079.31","1,059.38","","-2.13%"
"Sep 26, 2018","1,084.75","1,079.15","1,085.06","1,074.39","","-0.58%"
"Sep 25, 2018","1,091.06","1,085.57","1,092.35","1,077.95","","+0.38%"
"Sep 21, 2018","1,086.94","1,074.82","1,089.42","1,071.43","","+2.12%"
"Sep 20, 2018","1,064.34","1,059.53","1,066.92","1,056.06","","+1.35%"
"Sep 19, 2018","1,050.14","1,052.93","1,057.89","1,048.25","","+1.40%"
"Sep 18, 2018","1,035.65","1,014.84","1,040.38","1,012.33","","+2.00%"
"Sep 14, 2018","1,015.35","1,005.71","1,015.35","1,005.52","","+1.70%"
"Sep 13, 2018","998.35","988.44","1,003.72","987.50","","+1.87%"
"Sep 12, 2018","980.00","988.23","990.88","974.98","","-0.67%"
"Sep 11, 2018","986.58","986.20","989.65","981.50","","+0.27%"
"Sep 10, 2018","983.94","976.73","991.02","976.58","","+0.40%"
"Sep 07, 2018","979.98","978.90","980.96","972.21","","-1.11%"
"Sep 06, 2018","991.00","993.03","999.89","990.13","","-0.54%"
"Sep 05, 2018","996.38","994.42","1,000.95","992.06","","-0.64%"
"Sep 04, 2018","1,002.82","1,008.26","1,009.19","1,000.34","","-0.32%"
"Sep 03, 2018","1,006.02","1,020.94","1,021.97","1,001.38","","-1.75%"
"Aug 31, 2018","1,023.96","1,024.19","1,032.86","1,020.23","","-1.36%"
"Aug 30, 2018","1,038.03","1,049.61","1,050.41","1,036.55","","-0.26%"
"Aug 29, 2018","1,040.76","1,025.82","1,045.32","1,025.82","","+1.51%"
"Aug 28, 2018","1,025.28","1,035.34","1,038.47","1,024.63","","+0.79%"
"Aug 27, 2018","1,017.25","1,007.17","1,020.34","1,006.08","","+2.08%"
"Aug 24, 2018","996.49","1,000.81","1,000.81","990.82","","-0.89%"
"Aug 23, 2018","1,005.44","1,014.86","1,014.86","1,003.36","","-1.11%"
"Aug 22, 2018","1,016.72","999.25","1,018.04","997.54","","+1.73%"
"Aug 21, 2018","999.42","999.30","1,000.82","991.83","","-0.60%"
"Aug 20, 2018","1,005.48","1,015.99","1,016.78","1,004.67","","-1.32%"
"Aug 17, 2018","1,018.92","1,014.27","1,021.24","1,012.58","","+1.28%"
"Aug 16, 2018","1,006.03","1,007.91","1,010.91","994.32","","-1.67%"
"Aug 15, 2018","1,023.14","1,039.52","1,040.02","1,017.29","","-1.29%"
"Aug 14, 2018","1,036.55","1,031.11","1,036.95","1,024.90","","+1.25%"
"Aug 13, 2018","1,023.74","1,041.36","1,041.93","1,018.88","","-3.09%"
"Aug 10, 2018","1,056.37","1,067.49","1,069.65","1,053.88","","-0.74%"
"Aug 09, 2018","1,064.27","1,070.03","1,070.03","1,052.78","","-1.40%"
"Aug 08, 2018","1,079.34","1,077.83","1,088.30","1,075.99","","-0.02%"
"Aug 07, 2018","1,079.57","1,071.50","1,081.37","1,068.54","","+0.36%"
"Aug 06, 2018","1,075.69","1,072.26","1,078.70","1,071.25","","+0.22%"
"Aug 03, 2018","1,073.34","1,079.50","1,083.27","1,070.61","","-0.92%"
"Aug 02, 2018","1,083.28","1,098.63","1,102.08","1,081.51","","-2.30%"
"Aug 01, 2018","1,108.77","1,088.62","1,110.57","1,088.62","","+3.38%"
"Jul 31, 2018","1,072.57","1,079.11","1,080.33","1,070.85","","-0.11%"
"Jul 30, 2018","1,073.80","1,078.86","1,080.98","1,071.13","","+0.04%"
"Jul 27, 2018","1,073.41","1,072.26","1,073.68","1,067.41","","+0.36%"
"Jul 26, 2018","1,069.61","1,073.63","1,076.47","1,064.11","","+0.78%"
"Jul 25, 2018","1,061.38","1,050.22","1,066.69","1,050.22","","+2.25%"
"Jul 24, 2018","1,038.04","1,034.19","1,040.09","1,026.21","","+1.33%"
"Jul 23, 2018","1,024.41","1,012.21","1,026.97","1,011.34","","+0.48%"
"Jul 20, 2018","1,019.54","1,024.31","1,031.53","1,014.53","","-1.70%"
"Jul 19, 2018","1,037.15","1,032.20","1,043.93","1,030.19","","+0.17%"
"Jul 18, 2018","1,035.36","1,040.53","1,041.61","1,034.32","","+0.50%"
"Jul 17, 2018","1,030.24","1,028.03","1,036.19","1,024.59","","-0.62%"
"Jul 13, 2018","1,036.71","1,032.13","1,041.22","1,030.99","","+1.51%"
"Jul 12, 2018","1,021.32","1,024.89","1,025.67","1,012.00","","-0.93%"
"Jul 11, 2018","1,030.93","1,037.81","1,038.01","1,021.88","","-1.55%"
"Jul 10, 2018","1,047.15","1,046.07","1,058.58","1,046.07","","+1.49%"
"Jul 09, 2018","1,031.73","1,022.17","1,032.61","1,018.73","","+1.70%"
"Jul 06, 2018","1,014.46","999.49","1,018.71","999.49","","+1.41%"
"Jul 05, 2018","1,000.36","1,015.32","1,015.32","997.60","","-2.08%"
"Jul 04, 2018","1,021.65","1,021.72","1,030.20","1,020.46","","-0.11%"
"Jul 03, 2018","1,022.79","1,038.93","1,040.35","1,013.66","","-1.93%"
"Jul 02, 2018","1,042.93","1,063.90","1,070.70","1,041.32","","-2.07%"
"Jun 29, 2018","1,064.99","1,060.47","1,064.99","1,051.52","","+0.67%"
"Jun 28, 2018","1,057.90","1,051.55","1,059.14","1,046.71","","+0.60%"
"Jun 27, 2018","1,051.55","1,064.88","1,067.13","1,048.78","","-0.94%"
"Jun 26, 2018","1,061.49","1,043.47","1,063.75","1,037.43","","+0.55%"
"Jun 25, 2018","1,055.73","1,067.76","1,067.76","1,053.50","","-0.56%"
"Jun 22, 2018","1,061.63","1,048.78","1,062.50","1,045.25","","-0.24%"
"Jun 21, 2018","1,064.22","1,059.57","1,071.31","1,055.68","","-0.27%"
"Jun 20, 2018","1,067.15","1,065.38","1,068.83","1,042.61","","-0.52%"
"Jun 19, 2018","1,072.75","1,085.17","1,099.54","1,072.75","","-1.86%"
"Jun 18, 2018","1,093.03","1,110.18","1,110.18","1,084.81","","-2.43%"
"Jun 15, 2018","1,120.20","1,123.64","1,124.46","1,112.12","","-0.02%"
"Jun 14, 2018","1,120.38","1,124.85","1,128.94","1,119.96","","-0.66%"
"Jun 13, 2018","1,127.77","1,129.86","1,131.27","1,122.54","","-0.55%"
"Jun 12, 2018","1,134.05","1,140.90","1,144.44","1,130.49","","-0.16%"
"Jun 11, 2018","1,135.83","1,130.63","1,138.61","1,124.48","","+0.27%"
"Jun 08, 2018","1,132.82","1,136.93","1,149.27","1,130.88","","-0.82%"
"Jun 07, 2018","1,142.22","1,135.68","1,145.43","1,134.27","","+1.61%"
"Jun 06, 2018","1,124.09","1,114.95","1,129.37","1,114.44","","+1.31%"
"Jun 05, 2018","1,109.56","1,112.47","1,114.30","1,105.55","","+0.48%"
"Jun 04, 2018","1,104.27","1,091.96","1,108.77","1,091.49","","+2.38%"
"Jun 01, 2018","1,078.62","1,066.64","1,086.18","1,064.98","","+0.77%"
"May 31, 2018","1,070.38","1,078.94","1,083.11","1,062.66","","+0.20%"
"May 30, 2018","1,068.24","1,075.91","1,075.91","1,062.68","","-2.56%"
"May 29, 2018","1,096.33","1,104.57","1,105.24","1,089.43","","-1.49%"
"May 28, 2018","1,112.87","1,117.96","1,118.33","1,110.64","","-0.70%"
"May 25, 2018","1,120.73","1,120.25","1,128.75","1,115.44","","-0.85%"
"May 24, 2018","1,130.33","1,149.13","1,149.13","1,128.17","","-2.17%"
"May 23, 2018","1,155.38","1,170.85","1,170.85","1,154.75","","-1.76%"
"May 22, 2018","1,176.13","1,181.01","1,183.47","1,172.60","","-0.67%"
"May 21, 2018","1,184.07","1,184.90","1,187.94","1,177.83","","+0.18%"
"May 18, 2018","1,181.89","1,176.74","1,183.98","1,172.34","","+1.13%"
"May 17, 2018","1,168.66","1,158.03","1,172.95","1,156.06","","+1.14%"
"May 16, 2018","1,155.50","1,159.08","1,163.48","1,153.08","","-0.98%"
"May 15, 2018","1,166.88","1,168.51","1,172.11","1,164.01","","-0.07%"
"May 14, 2018","1,167.72","1,159.08","1,171.51","1,156.16","","+1.30%"
"May 11, 2018","1,152.68","1,145.68","1,154.01","1,139.15","","+0.12%"
"May 10, 2018","1,151.30","1,151.48","1,159.71","1,148.68","","-0.35%"
"May 09, 2018","1,155.38","1,163.48","1,163.48","1,152.41","","-0.88%"
"May 08, 2018","1,165.60","1,166.46","1,176.17","1,162.78","","-0.40%"
"May 07, 2018","1,170.27","1,174.79","1,174.79","1,159.14","","-0.14%"
"May 02, 2018","1,171.93","1,175.37","1,175.69","1,169.45","","-0.04%"
"May 01, 2018","1,172.41","1,162.86","1,175.06","1,159.27","","+0.33%"
"Apr 27, 2018","1,168.56","1,164.74","1,168.92","1,157.21","","+0.70%"
"Apr 26, 2018","1,160.48","1,173.30","1,173.56","1,158.11","","-0.86%"
"Apr 25, 2018","1,170.49","1,163.19","1,171.49","1,156.86","","-0.34%"
"Apr 24, 2018","1,174.53","1,180.16","1,181.96","1,164.44","","-0.92%"
"Apr 23, 2018","1,185.38","1,177.51","1,188.97","1,174.39","","+0.48%"
"Apr 20, 2018","1,179.77","1,173.93","1,181.96","1,166.40","","+0.49%"
"Apr 19, 2018","1,173.97","1,151.41","1,186.51","1,148.65","","+2.91%"
"Apr 18, 2018","1,140.72","1,129.05","1,142.64","1,127.27","","+1.57%"
"Apr 17, 2018","1,123.10","1,131.07","1,132.46","1,113.83","","-0.70%"
"Apr 16, 2018","1,131.04","1,133.69","1,138.70","1,122.68","","-0.29%"
"Apr 13, 2018","1,134.31","1,120.84","1,140.49","1,120.65","","+1.81%"
"Apr 12, 2018","1,114.12","1,124.80","1,124.80","1,112.74","","-1.40%"
"Apr 11, 2018","1,129.91","1,126.05","1,140.95","1,126.05","","+1.29%"
"Apr 10, 2018","1,115.50","1,095.68","1,118.21","1,087.31","","+1.27%"
"Apr 09, 2018","1,101.52","1,099.26","1,107.15","1,092.64","","-0.17%"
"Apr 06, 2018","1,103.44","1,111.14","1,117.13","1,103.29","","-0.61%"
"Apr 05, 2018","1,110.17","1,122.86","1,123.03","1,106.97","","-0.66%"
"Apr 04, 2018","1,117.59","1,125.71","1,126.56","1,114.96","","-0.53%"
"Apr 03, 2018","1,123.59","1,114.37","1,126.67","1,111.83","","-0.47%"
"Apr 02, 2018","1,128.85","1,135.14","1,139.53","1,128.85","","-0.58%"
"Mar 30, 2018","1,135.40","1,121.93","1,137.20","1,121.41","","+2.32%"
"Mar 29, 2018","1,109.62","1,120.80","1,123.47","1,099.62","","-0.28%"
"Mar 28, 2018","1,112.68","1,108.45","1,114.73","1,099.96","","-2.31%"
"Mar 27, 2018","1,139.02","1,114.65","1,139.98","1,113.86","","+3.36%"
"Mar 26, 2018","1,101.94","1,089.79","1,101.94","1,078.19","","+0.34%"
"Mar 23, 2018","1,098.26","1,133.56","1,133.56","1,095.01","","-5.06%"
"Mar 22, 2018","1,156.79","1,155.48","1,160.54","1,149.12","","+0.54%"
"Mar 20, 2018","1,150.60","1,131.39","1,151.16","1,131.39","","+0.88%"
"Mar 19, 2018","1,140.55","1,149.26","1,157.00","1,139.47","","-1.44%"
"Mar 16, 2018","1,157.23","1,160.87","1,165.73","1,157.14","","+0.10%"
"Mar 15, 2018","1,156.10","1,149.61","1,159.83","1,140.45","","+0.03%"
"Mar 14, 2018","1,155.73","1,143.99","1,158.80","1,142.96","","-0.23%"
"Mar 13, 2018","1,158.37","1,154.41","1,158.85","1,145.30","","-0.30%"
"Mar 12, 2018","1,161.86","1,153.91","1,165.90","1,151.16","","+2.33%"
"Mar 09, 2018","1,135.35","1,137.97","1,153.11","1,130.90","","+0.38%"
"Mar 08, 2018","1,131.08","1,141.78","1,143.71","1,128.14","","-0.06%"
"Mar 07, 2018","1,131.78","1,140.51","1,146.07","1,126.39","","-1.51%"
"Mar 06, 2018","1,149.18","1,154.46","1,165.91","1,148.46","","+1.23%"
"Mar 05, 2018","1,135.24","1,149.10","1,152.10","1,131.82","","-2.60%"
"Mar 02, 2018","1,165.57","1,174.70","1,176.84","1,160.17","","-2.45%"
"Mar 01, 2018","1,194.81","1,203.53","1,207.03","1,190.43","","-2.01%"
"Feb 28, 2018","1,219.28","1,228.83","1,239.60","1,219.28","","-1.49%"
"Feb 27, 2018","1,237.77","1,233.59","1,245.07","1,231.21","","+1.55%"
"Feb 26, 2018","1,218.92","1,234.33","1,236.05","1,213.50","","-0.50%"
"Feb 23, 2018","1,225.08","1,210.52","1,226.27","1,209.34","","+1.79%"
"Feb 22, 2018","1,203.50","1,203.96","1,204.66","1,191.44","","-0.67%"
"Feb 21, 2018","1,211.60","1,214.95","1,220.65","1,204.26","","-0.57%"
"Feb 20, 2018","1,218.60","1,221.13","1,221.27","1,206.87","","-0.77%"
"Feb 19, 2018","1,228.06","1,208.31","1,228.21","1,208.10","","+2.56%"
"Feb 16, 2018","1,197.46","1,196.24","1,204.14","1,185.09","","+0.78%"
"Feb 15, 2018","1,188.16","1,178.07","1,195.06","1,170.17","","+2.18%"
"Feb 14, 2018","1,162.84","1,181.35","1,185.18","1,157.50","","-1.81%"
"Feb 13, 2018","1,184.32","1,206.93","1,209.28","1,182.90","","-0.59%"
"Feb 09, 2018","1,191.36","1,200.99","1,201.05","1,171.24","","-2.71%"
"Feb 08, 2018","1,224.49","1,224.98","1,232.01","1,209.83","","+0.07%"
"Feb 07, 2018","1,223.58","1,245.02","1,277.18","1,223.58","","+0.09%"
"Feb 06, 2018","1,222.47","1,274.88","1,274.88","1,192.03","","-5.85%"
"Feb 05, 2018","1,298.42","1,327.76","1,328.40","1,293.59","","-4.09%"
"Feb 02, 2018","1,353.74","1,354.37","1,359.43","1,342.17","","-0.17%"
"Feb 01, 2018","1,356.00","1,340.58","1,361.10","1,336.75","","+1.99%"
"Jan 31, 2018","1,329.55","1,336.96","1,349.93","1,329.55","","-1.34%"
"Jan 30, 2018","1,347.55","1,358.86","1,364.09","1,337.31","","-1.20%"
"Jan 29, 2018","1,363.97","1,361.46","1,368.17","1,353.46","","+0.26%"
"Jan 26, 2018","1,360.47","1,366.08","1,366.25","1,357.13","","-0.33%"
"Jan 25, 2018","1,365.03","1,362.88","1,373.45","1,354.81","","-0.15%"
"Jan 24, 2018","1,367.11","1,367.68","1,374.18","1,364.15","","-0.65%"
"Jan 23, 2018","1,376.02","1,367.97","1,376.86","1,364.33","","+0.72%"
"Jan 22, 2018","1,366.21","1,372.50","1,373.37","1,360.22","","-0.85%"
"Jan 19, 2018","1,377.93","1,363.05","1,379.63","1,358.85","","+1.25%"
"Jan 18, 2018","1,360.96","1,390.87","1,390.87","1,358.56","","-1.38%"
"Jan 17, 2018","1,380.05","1,377.94","1,385.22","1,368.72","","-0.92%"
"Jan 16, 2018","1,392.82","1,393.64","1,396.51","1,386.52","","-0.10%"
"Jan 15, 2018","1,394.27","1,412.70","1,413.28","1,389.07","","-0.39%"
"Jan 12, 2018","1,399.70","1,398.57","1,400.99","1,390.72","","+0.10%"
"Jan 11, 2018","1,398.29","1,380.18","1,400.40","1,376.81","","+0.60%"
"Jan 10, 2018","1,389.93","1,378.51","1,392.87","1,378.51","","+0.26%"
"Jan 09, 2018","1,386.38","1,396.27","1,399.31","1,377.87","","+0.29%"
"Jan 05, 2018","1,382.35","1,367.65","1,383.31","1,367.65","","+1.88%"
"Jan 04, 2018","1,356.84","1,339.29","1,356.84","1,339.29","","+2.23%"
"Dec 29, 2017","1,327.22","1,333.00","1,336.90","1,325.50","","+0.05%"
"Dec 28, 2017","1,326.61","1,322.48","1,332.40","1,320.79","","+0.55%"
"Dec 27, 2017","1,319.35","1,302.61","1,321.84","1,301.48","","+1.28%"
"Dec 26, 2017","1,302.69","1,309.34","1,313.11","1,300.58","","-0.71%"
"Dec 25, 2017","1,312.03","1,318.20","1,320.25","1,308.03","","-0.20%"
"Dec 22, 2017","1,314.65","1,293.13","1,314.65","1,292.63","","+2.11%"
"Dec 21, 2017","1,287.50","1,273.56","1,289.13","1,272.56","","+1.28%"
"Dec 20, 2017","1,271.26","1,250.26","1,271.79","1,248.74","","+1.78%"
"Dec 19, 2017","1,249.05","1,252.24","1,254.16","1,245.81","","+0.16%"
"Dec 18, 2017","1,247.08","1,235.13","1,247.57","1,230.67","","+2.11%"
"Dec 15, 2017","1,221.30","1,228.17","1,229.81","1,217.43","","-0.88%"
"Dec 14, 2017","1,232.12","1,228.22","1,233.71","1,227.55","","+0.32%"
"Dec 13, 2017","1,228.16","1,244.77","1,245.32","1,227.79","","-1.00%"
"Dec 12, 2017","1,240.58","1,239.28","1,244.28","1,232.88","","+0.31%"
"Dec 11, 2017","1,236.69","1,235.57","1,236.69","1,229.69","","+0.82%"
"Dec 08, 2017","1,226.61","1,219.90","1,227.28","1,216.94","","+0.91%"
"Dec 07, 2017","1,215.56","1,216.07","1,220.47","1,211.87","","+0.50%"
"Dec 06, 2017","1,209.51","1,234.39","1,234.39","1,204.93","","-3.04%"
"Dec 05, 2017","1,247.48","1,245.79","1,249.23","1,236.76","","+0.05%"
"Dec 04, 2017","1,246.91","1,257.11","1,258.76","1,246.20","","-0.42%"
"Dec 01, 2017","1,252.15","1,265.57","1,266.20","1,247.35","","-1.15%"
"Nov 30, 2017","1,266.71","1,269.05","1,270.51","1,259.10","","+0.04%"
"Nov 29, 2017","1,266.19","1,263.87","1,269.34","1,261.04","","+1.08%"
"Nov 28, 2017","1,252.63","1,259.93","1,264.05","1,252.19","","-0.84%"
"Nov 27, 2017","1,263.18","1,290.57","1,291.00","1,262.82","","-1.54%"
"Nov 24, 2017","1,282.91","1,290.21","1,292.58","1,275.27","","-1.65%"
"Nov 22, 2017","1,304.37","1,308.79","1,314.33","1,300.54","","+0.49%"
"Nov 21, 2017","1,297.95","1,288.39","1,300.05","1,288.39","","+1.75%"
"Nov 20, 2017","1,275.60","1,270.45","1,286.25","1,268.96","","+0.45%"
"Nov 17, 2017","1,269.83","1,283.83","1,288.79","1,265.41","","+0.01%"
"Nov 16, 2017","1,269.70","1,258.56","1,274.14","1,251.47","","+0.06%"
"Nov 15, 2017","1,268.96","1,292.47","1,292.47","1,265.13","","-2.92%"
"Nov 14, 2017","1,307.14","1,304.48","1,311.09","1,295.96","","+0.18%"
"Nov 13, 2017","1,304.74","1,302.70","1,313.97","1,300.24","","-0.38%"
"Nov 10, 2017","1,309.69","1,317.83","1,319.81","1,299.40","","-1.92%"
"Nov 09, 2017","1,335.39","1,344.38","1,360.48","1,312.22","","-0.82%"
"Nov 08, 2017","1,346.43","1,318.10","1,346.52","1,317.89","","+0.94%"
"Nov 07, 2017","1,333.94","1,316.50","1,334.36","1,312.37","","+1.78%"
"Nov 06, 2017","1,310.62","1,342.32","1,347.74","1,304.64","","-3.10%"
"Nov 02, 2017","1,352.59","1,339.80","1,353.01","1,335.78","","+1.58%"
"Nov 01, 2017","1,331.56","1,313.31","1,332.90","1,311.20","","+1.93%"
"Oct 31, 2017","1,306.30","1,303.46","1,308.94","1,299.18","","-0.16%"
"Oct 30, 2017","1,308.40","1,297.74","1,310.20","1,295.99","","+0.73%"
"Oct 27, 2017","1,298.93","1,295.87","1,300.16","1,285.78","","+0.52%"
"Oct 26, 2017","1,292.22","1,287.47","1,293.40","1,285.09","","+0.28%"
"Oct 25, 2017","1,288.66","1,287.86","1,299.24","1,284.06","","+0.73%"
"Oct 24, 2017","1,279.34","1,266.00","1,280.28","1,258.15","","+0.88%"
"Oct 23, 2017","1,268.22","1,262.28","1,271.39","1,257.24","","+1.33%"
"Oct 20, 2017","1,251.62","1,249.36","1,252.10","1,243.52","","+0.27%"
"Oct 19, 2017","1,248.26","1,239.30","1,249.44","1,239.30","","+0.84%"
"Oct 18, 2017","1,237.81","1,241.81","1,243.68","1,234.47","","-0.78%"
"Oct 17, 2017","1,247.51","1,239.61","1,257.56","1,238.56","","+1.48%"
"Oct 16, 2017","1,229.28","1,235.90","1,238.58","1,228.46","","-0.44%"
"Oct 13, 2017","1,234.74","1,224.52","1,238.04","1,218.21","","+0.59%"
"Oct 12, 2017","1,227.48","1,241.79","1,241.79","1,227.42","","-1.06%"
"Oct 11, 2017","1,240.57","1,230.21","1,242.04","1,225.29","","+1.04%"
"Oct 10, 2017","1,227.82","1,223.23","1,231.05","1,221.92","","+0.45%"
"Oct 06, 2017","1,222.27","1,205.00","1,222.76","1,203.36","","+1.63%"
"Oct 05, 2017","1,202.64","1,203.00","1,205.99","1,197.38","","-0.12%"
"Oct 04, 2017","1,204.10","1,203.95","1,208.31","1,201.17","","+0.32%"
"Oct 03, 2017","1,200.25","1,190.07","1,200.52","1,188.76","","+1.08%"
"Oct 02, 2017","1,187.37","1,187.90","1,194.17","1,183.83","","-0.06%"
"Sep 29, 2017","1,188.03","1,189.50","1,190.38","1,186.24","","+0.54%"
"Sep 28, 2017","1,181.63","1,179.14","1,183.64","1,172.85","","+0.84%"
"Sep 27, 2017","1,171.84","1,173.82","1,179.85","1,171.01","","-1.02%"
"Sep 26, 2017","1,183.87","1,182.33","1,187.62","1,177.28","","-0.15%"
"Sep 25, 2017","1,185.65","1,184.63","1,188.98","1,183.27","","+0.52%"
"Sep 22, 2017","1,179.47","1,187.03","1,187.88","1,169.79","","-0.94%"
"Sep 21, 2017","1,190.70","1,207.47","1,207.47","1,189.97","","-0.88%"
"Sep 20, 2017","1,201.23","1,203.48","1,206.98","1,198.32","","-0.28%"
"Sep 19, 2017","1,204.64","1,186.55","1,205.22","1,183.41","","+2.49%"
"Sep 15, 2017","1,175.37","1,169.59","1,177.71","1,169.26","","+0.48%"
"Sep 14, 2017","1,169.70","1,173.86","1,181.47","1,165.49","","-0.78%"
"Sep 13, 2017","1,178.90","1,182.44","1,185.94","1,178.01","","+0.76%"
"Sep 12, 2017","1,169.99","1,158.98","1,172.57","1,158.98","","+1.74%"
"Sep 11, 2017","1,149.93","1,150.26","1,154.22","1,145.80","","+0.34%"
"Sep 08, 2017","1,146.03","1,147.48","1,154.75","1,143.48","","-0.57%"
"Sep 07, 2017","1,152.60","1,159.11","1,160.31","1,148.97","","+0.18%"
"Sep 06, 2017","1,150.54","1,144.75","1,152.02","1,142.34","","-0.37%"
"Sep 05, 2017","1,154.80","1,159.89","1,165.92","1,149.07","","-0.18%"
"Sep 04, 2017","1,156.92","1,162.23","1,163.89","1,151.91","","-1.06%"
"Sep 01, 2017","1,169.37","1,175.51","1,175.51","1,164.56","","-0.12%"
"Aug 31, 2017","1,170.75","1,166.95","1,176.40","1,164.48","","+0.18%"
"Aug 30, 2017","1,168.69","1,169.42","1,172.61","1,161.57","","-0.06%"
"Aug 29, 2017","1,169.37","1,161.08","1,172.47","1,161.08","","-0.17%"
"Aug 28, 2017","1,171.33","1,171.52","1,173.99","1,165.72","","+0.35%"
"Aug 25, 2017","1,167.22","1,164.38","1,170.01","1,157.89","","+0.71%"
"Aug 24, 2017","1,158.94","1,158.26","1,166.04","1,155.89","","+0.15%"
"Aug 23, 2017","1,157.25","1,166.26","1,166.26","1,154.52","","+0.36%"
"Aug 22, 2017","1,153.14","1,143.91","1,153.91","1,139.05","","+1.08%"
"Aug 21, 2017","1,140.77","1,143.00","1,143.46","1,137.13","","+0.30%"
"Aug 18, 2017","1,137.39","1,139.40","1,144.42","1,132.95","","-1.62%"
"Aug 17, 2017","1,156.13","1,155.12","1,158.82","1,152.56","","+0.58%"
"Aug 16, 2017","1,149.48","1,143.93","1,151.18","1,141.67","","+0.37%"
"Aug 15, 2017","1,145.19","1,148.93","1,155.27","1,142.13","","+0.38%"
"Aug 14, 2017","1,140.81","1,150.10","1,156.37","1,137.95","","-1.99%"
"Aug 10, 2017","1,163.98","1,158.52","1,173.16","1,157.44","","+1.12%"
"Aug 09, 2017","1,151.12","1,141.28","1,154.07","1,139.65","","+1.48%"
"Aug 08, 2017","1,134.36","1,138.23","1,141.14","1,130.00","","-0.21%"
"Aug 07, 2017","1,136.72","1,134.20","1,138.33","1,132.97","","+0.93%"
"Aug 04, 2017","1,126.21","1,119.48","1,128.28","1,117.09","","+0.38%"
"Aug 03, 2017","1,121.91","1,112.56","1,122.68","1,110.81","","+1.04%"
"Aug 02, 2017","1,110.36","1,104.60","1,111.59","1,099.23","","-0.05%"
"Aug 01, 2017","1,110.94","1,125.23","1,126.63","1,105.61","","-0.63%"
"Jul 31, 2017","1,117.98","1,111.83","1,121.04","1,109.46","","+0.71%"
"Jul 28, 2017","1,110.10","1,112.72","1,118.29","1,106.83","","-0.35%"
"Jul 27, 2017","1,114.04","1,107.50","1,119.44","1,104.09","","+0.71%"
"Jul 26, 2017","1,106.22","1,106.26","1,116.49","1,103.89","","+1.33%"
"Jul 25, 2017","1,091.72","1,088.69","1,096.33","1,087.95","","+0.09%"
"Jul 24, 2017","1,090.76","1,083.18","1,092.40","1,081.42","","-0.31%"
"Jul 21, 2017","1,094.19","1,098.41","1,099.98","1,093.50","","-0.61%"
"Jul 20, 2017","1,100.94","1,093.12","1,101.71","1,091.91","","+0.82%"
"Jul 19, 2017","1,091.99","1,091.79","1,094.00","1,087.04","","-0.32%"
"Jul 18, 2017","1,095.47","1,097.41","1,100.01","1,090.83","","-0.26%"
"Jul 14, 2017","1,098.33","1,088.78","1,099.98","1,088.40","","+1.29%"
"Jul 13, 2017","1,084.32","1,084.94","1,089.38","1,080.43","","-0.03%"
"Jul 12, 2017","1,084.65","1,087.55","1,088.16","1,083.15","","-0.47%"
"Jul 11, 2017","1,089.78","1,085.83","1,090.95","1,083.90","","+0.41%"
"Jul 10, 2017","1,085.31","1,085.40","1,088.10","1,079.39","","+0.87%"
"Jul 07, 2017","1,075.91","1,062.36","1,080.06","1,060.52","","-0.06%"
"Jul 06, 2017","1,076.56","1,074.72","1,079.88","1,070.31","","-0.25%"
"Jul 05, 2017","1,079.31","1,060.85","1,079.47","1,060.85","","+1.58%"
"Jul 04, 2017","1,062.48","1,075.83","1,077.90","1,058.14","","-0.49%"
"Jul 03, 2017","1,067.76","1,059.26","1,068.51","1,058.41","","+0.91%"
"Jun 30, 2017","1,058.11","1,050.55","1,058.11","1,049.81","","-0.22%"
"Jun 29, 2017","1,060.40","1,059.93","1,060.47","1,052.95","","+1.35%"
"Jun 28, 2017","1,046.26","1,046.15","1,053.56","1,045.15","","+0.27%"
"Jun 27, 2017","1,043.45","1,035.27","1,044.02","1,031.66","","+1.41%"
"Jun 26, 2017","1,028.97","1,031.22","1,034.44","1,028.68","","+0.41%"
"Jun 23, 2017","1,024.78","1,027.91","1,027.92","1,022.23","","+0.57%"
"Jun 22, 2017","1,018.93","1,019.87","1,023.19","1,018.61","","-0.17%"
"Jun 21, 2017","1,020.65","1,026.56","1,026.71","1,020.18","","-1.17%"
"Jun 20, 2017","1,032.76","1,032.92","1,038.06","1,031.04","","+1.34%"
"Jun 19, 2017","1,019.08","1,014.41","1,021.90","1,008.73","","+0.66%"
"Jun 16, 2017","1,012.35","1,015.63","1,020.71","1,008.70","","+0.19%"
"Jun 15, 2017","1,010.40","1,013.94","1,021.02","1,007.66","","-1.73%"
"Jun 14, 2017","1,028.18","1,041.23","1,041.23","1,027.24","","-0.71%"
"Jun 13, 2017","1,035.56","1,034.59","1,038.08","1,029.39","","-0.33%"
"Jun 12, 2017","1,039.03","1,043.05","1,053.13","1,037.44","","-0.36%"
"Jun 09, 2017","1,042.80","1,037.11","1,046.69","1,036.18","","+0.85%"
"Jun 08, 2017","1,033.96","1,038.18","1,040.31","1,033.39","","-0.38%"
"Jun 07, 2017","1,037.93","1,025.25","1,039.41","1,023.76","","+1.15%"
"Jun 06, 2017","1,026.12","1,030.18","1,034.84","1,024.70","","-1.04%"
"Jun 05, 2017","1,036.95","1,042.32","1,042.32","1,031.77","","-1.69%"
"Jun 02, 2017","1,054.75","1,042.09","1,058.21","1,041.14","","+2.51%"
"Jun 01, 2017","1,028.94","1,024.39","1,033.21","1,021.72","","+0.59%"
"May 31, 2017","1,022.94","1,024.34","1,027.93","1,020.60","","-0.36%"
"May 30, 2017","1,026.64","1,018.96","1,027.95","1,013.53","","+0.63%"
"May 29, 2017","1,020.22","1,028.29","1,028.85","1,019.83","","-0.89%"
"May 26, 2017","1,029.42","1,032.65","1,036.36","1,028.57","","-0.31%"
"May 25, 2017","1,032.57","1,032.32","1,035.93","1,026.78","","-0.22%"
"May 24, 2017","1,034.81","1,040.64","1,041.78","1,030.85","","+0.61%"
"May 23, 2017","1,028.49","1,024.59","1,033.32","1,024.59","","+0.35%"
"May 22, 2017","1,024.92","1,023.27","1,027.81","1,021.70","","+0.75%"
"May 19, 2017","1,017.26","1,015.20","1,018.20","1,005.81","","+0.53%"
"May 18, 2017","1,011.90","1,011.29","1,014.92","1,005.83","","-1.46%"
"May 17, 2017","1,026.87","1,031.83","1,033.47","1,025.72","","-1.48%"
"May 16, 2017","1,042.32","1,047.00","1,049.30","1,038.70","","-0.17%"
"May 15, 2017","1,044.12","1,054.18","1,054.18","1,036.58","","-0.78%"
"May 12, 2017","1,052.31","1,063.26","1,063.50","1,046.44","","-1.91%"
"May 11, 2017","1,072.77","1,067.53","1,074.56","1,065.77","","+0.92%"
"May 10, 2017","1,063.04","1,056.38","1,072.85","1,056.38","","+0.53%"
"May 09, 2017","1,057.45","1,068.14","1,068.14","1,054.99","","-1.15%"
"May 08, 2017","1,069.74","1,068.66","1,073.64","1,064.06","","+1.01%"
"May 02, 2017","1,059.05","1,050.45","1,063.89","1,050.45","","+1.17%"
"May 01, 2017","1,046.77","1,044.76","1,048.75","1,043.69","","+0.43%"
"Apr 28, 2017","1,042.33","1,042.33","1,047.70","1,037.02","","-0.09%"
"Apr 27, 2017","1,043.31","1,038.98","1,045.20","1,033.62","","+0.24%"
"Apr 26, 2017","1,040.81","1,033.45","1,041.00","1,031.00","","+2.24%"
"Apr 25, 2017","1,017.98","998.38","1,019.64","998.14","","+2.19%"
"Apr 24, 2017","996.17","1,007.74","1,010.70","995.02","","+0.14%"
"Apr 21, 2017","994.78","994.04","996.61","988.35","","+1.44%"
"Apr 20, 2017","980.66","977.03","987.35","975.07","","+0.66%"
"Apr 19, 2017","974.23","967.72","977.37","963.56","","-0.81%"
"Apr 18, 2017","982.22","995.37","1,002.44","978.81","","-0.07%"
"Apr 17, 2017","982.95","981.90","985.96","971.88","","-0.52%"
"Apr 14, 2017","988.12","988.90","994.98","979.02","","+0.13%"
"Apr 13, 2017","986.86","984.21","987.84","971.26","","-1.05%"
"Apr 12, 2017","997.31","1,007.28","1,007.55","992.68","","-1.86%"
"Apr 11, 2017","1,016.21","1,011.19","1,016.33","1,006.52","","-0.42%"
"Apr 10, 2017","1,020.50","1,012.94","1,022.15","1,011.10","","+1.48%"
"Apr 07, 2017","1,005.62","1,010.76","1,014.46","997.25","","+0.13%"
"Apr 06, 2017","1,004.30","1,015.36","1,019.51","1,000.68","","-2.01%"
"Apr 05, 2017","1,024.95","1,021.96","1,026.08","1,014.20","","+0.78%"
"Apr 04, 2017","1,017.01","1,030.54","1,030.54","1,008.17","","-1.81%"
"Apr 03, 2017","1,035.72","1,050.11","1,050.11","1,027.08","","-1.12%"
"Mar 31, 2017","1,047.43","1,057.24","1,064.43","1,047.43","","-0.19%"
"Mar 30, 2017","1,049.38","1,043.47","1,063.26","1,042.91","","+0.29%"
"Mar 29, 2017","1,046.34","1,051.94","1,057.30","1,043.65","","-0.24%"
"Mar 28, 2017","1,048.85","1,048.38","1,052.65","1,045.76","","+1.08%"
"Mar 27, 2017","1,037.68","1,045.78","1,047.31","1,035.44","","-2.07%"
"Mar 24, 2017","1,059.56","1,053.75","1,067.37","1,053.33","","+0.33%"
"Mar 23, 2017","1,056.08","1,054.34","1,056.80","1,050.35","","+0.53%"
"Mar 22, 2017","1,050.56","1,057.94","1,058.44","1,048.59","","-2.61%"
"Mar 21, 2017","1,078.69","1,078.77","1,084.16","1,076.10","","-0.49%"
"Mar 17, 2017","1,084.01","1,085.84","1,090.60","1,083.81","","-0.77%"
"Mar 16, 2017","1,092.42","1,087.09","1,092.87","1,084.36","","+1.10%"
"Mar 15, 2017","1,080.52","1,083.40","1,084.14","1,078.71","","-0.64%"
"Mar 14, 2017","1,087.53","1,090.87","1,092.45","1,086.23","","+0.11%"
"Mar 13, 2017","1,086.36","1,085.34","1,088.22","1,082.20","","-0.30%"
"Mar 10, 2017","1,089.61","1,097.88","1,097.88","1,087.14","","+0.14%"
"Mar 09, 2017","1,088.05","1,088.54","1,088.86","1,083.37","","+1.16%"
"Mar 08, 2017","1,075.55","1,078.92","1,081.89","1,072.70","","-0.93%"
"Mar 07, 2017","1,085.61","1,090.13","1,091.84","1,084.68","","-1.08%"
"Mar 06, 2017","1,097.43","1,097.94","1,099.49","1,091.60","","-0.10%"
"Mar 03, 2017","1,098.58","1,096.42","1,103.83","1,094.58","","-0.20%"
"Mar 02, 2017","1,100.83","1,099.23","1,109.57","1,097.21","","+1.96%"
"Mar 01, 2017","1,079.67","1,073.84","1,081.82","1,064.40","","+0.84%"
"Feb 28, 2017","1,070.63","1,079.72","1,084.85","1,070.26","","-0.11%"
"Feb 27, 2017","1,071.78","1,070.68","1,074.52","1,059.33","","-0.96%"
"Feb 24, 2017","1,082.15","1,087.39","1,091.84","1,080.27","","-1.68%"
"Feb 23, 2017","1,100.66","1,105.83","1,106.85","1,095.16","","-0.95%"
"Feb 22, 2017","1,111.20","1,108.83","1,114.51","1,107.95","","+0.66%"
"Feb 21, 2017","1,103.91","1,100.64","1,107.16","1,100.41","","+0.14%"
"Feb 20, 2017","1,102.33","1,104.85","1,104.85","1,095.48","","-0.26%"
"Feb 17, 2017","1,105.18","1,100.75","1,107.96","1,096.65","","-0.46%"
"Feb 16, 2017","1,110.30","1,112.33","1,112.33","1,101.38","","-0.32%"
"Feb 15, 2017","1,113.86","1,108.06","1,120.27","1,108.06","","+1.20%"
"Feb 14, 2017","1,100.67","1,098.97","1,114.85","1,098.97","","+1.09%"
"Feb 13, 2017","1,088.85","1,079.15","1,090.19","1,077.58","","+2.03%"
"Feb 10, 2017","1,067.16","1,066.05","1,068.89","1,061.33","","+1.39%"
"Feb 09, 2017","1,052.51","1,053.25","1,063.19","1,049.72","","-0.24%"
"Feb 08, 2017","1,055.01","1,052.44","1,055.27","1,046.96","","-0.26%"
"Feb 07, 2017","1,057.73","1,040.46","1,060.21","1,040.46","","+0.50%"
"Feb 06, 2017","1,052.42","1,065.69","1,066.85","1,049.27","","-0.29%"
"Feb 03, 2017","1,055.43","1,037.77","1,068.58","1,037.77","","+3.29%"
"Feb 02, 2017","1,021.80","1,033.19","1,036.77","1,019.65","","-0.85%"
"Feb 01, 2017","1,030.60","1,013.22","1,030.60","1,010.08","","+0.90%"
"Jan 31, 2017","1,021.42","1,019.68","1,028.39","1,018.28","","-1.30%"
"Jan 30, 2017","1,034.88","1,031.36","1,035.34","1,027.75","","-0.24%"
"Jan 27, 2017","1,037.36","1,038.92","1,039.96","1,033.32","","-0.13%"
"Jan 26, 2017","1,038.73","1,035.28","1,039.12","1,032.44","","+1.48%"
"Jan 25, 2017","1,023.56","1,020.09","1,025.44","1,017.96","","+2.09%"
"Jan 24, 2017","1,002.65","1,001.35","1,009.53","999.35","","-0.13%"
"Jan 23, 2017","1,003.99","1,001.80","1,011.48","995.74","","-0.75%"
"Jan 20, 2017","1,011.62","1,000.57","1,014.07","1,000.40","","+1.01%"
"Jan 19, 2017","1,001.51","1,001.71","1,003.75","995.98","","+1.36%"
"Jan 18, 2017","988.06","971.10","989.22","967.99","","+0.97%"
"Jan 17, 2017","978.54","981.78","990.40","976.30","","-0.32%"
"Jan 16, 2017","981.66","990.75","992.75","979.08","","-1.31%"
"Jan 13, 2017","994.73","994.56","994.73","982.71","","-0.57%"
"Jan 12, 2017","1,000.41","1,005.91","1,009.66","994.17","","-0.69%"
"Jan 11, 2017","1,007.38","1,001.20","1,010.05","1,000.92","","+1.91%"
"Jan 10, 2017","988.54","988.89","1,000.50","984.67","","-0.65%"
"Jan 06, 2017","994.98","999.19","1,002.46","988.29","","-1.65%"
"Jan 05, 2017","1,011.68","1,028.18","1,028.53","1,007.58","","-0.82%"
"Jan 04, 2017","1,020.03","994.54","1,020.21","992.69","","+3.55%"
"Dec 30, 2016","985.06","979.85","987.21","973.78","","-0.56%"
"Dec 29, 2016","990.56","995.49","999.04","986.89","","-1.62%"
"Dec 28, 2016","1,006.89","998.54","1,009.66","998.18","","+1.80%"
"Dec 27, 2016","989.13","985.84","996.26","982.70","","+0.11%"
"Dec 26, 2016","988.08","993.03","996.65","986.86","","-1.09%"
"Dec 22, 2016","998.92","993.70","998.94","990.37","","+0.44%"
"Dec 21, 2016","994.53","1,005.36","1,006.45","988.20","","-0.29%"
"Dec 20, 2016","997.46","991.28","998.17","988.28","","-0.19%"
"Dec 19, 2016","999.34","1,003.83","1,005.41","993.84","","-1.36%"
"Dec 16, 2016","1,013.13","1,018.97","1,019.17","1,010.38","","+0.39%"
"Dec 15, 2016","1,009.24","1,015.98","1,021.34","1,005.52","","-0.28%"
"Dec 14, 2016","1,012.08","1,020.96","1,021.17","1,007.60","","-1.03%"
"Dec 13, 2016","1,022.58","1,017.98","1,025.15","1,010.43","","-0.25%"
"Dec 12, 2016","1,025.12","1,044.07","1,044.07","1,015.97","","-0.90%"
"Dec 09, 2016","1,034.38","1,027.49","1,035.61","1,022.68","","+0.66%"
"Dec 08, 2016","1,027.56","1,016.00","1,027.56","1,013.24","","+1.89%"
"Dec 07, 2016","1,008.45","1,007.25","1,009.78","1,001.47","","+0.62%"
"Dec 06, 2016","1,002.21","993.59","1,003.14","992.31","","+2.78%"
"Dec 05, 2016","975.12","973.50","976.39","968.12","","-0.39%"
"Dec 02, 2016","978.93","969.71","979.76","969.71","","+0.86%"
"Dec 01, 2016","970.61","975.99","983.97","967.90","","+1.17%"
"Nov 30, 2016","959.36","970.02","970.02","957.67","","-1.61%"
"Nov 29, 2016","975.04","974.09","978.24","970.46","","-0.06%"
"Nov 28, 2016","975.64","973.36","978.13","966.13","","-0.07%"
"Nov 25, 2016","976.32","972.06","989.92","970.24","","+1.04%"
"Nov 24, 2016","966.23","964.19","968.37","962.22","","+1.71%"
"Nov 22, 2016","949.97","946.04","951.89","944.55","","+1.19%"
"Nov 21, 2016","938.83","942.91","943.35","934.95","","-0.79%"
"Nov 18, 2016","946.29","946.32","950.94","944.57","","+1.40%"
"Nov 17, 2016","933.21","927.62","935.05","927.26","","-0.68%"
"Nov 16, 2016","939.63","946.01","946.01","937.25","","+0.57%"
"Nov 15, 2016","934.32","940.41","948.03","932.18","","-0.40%"
"Nov 14, 2016","938.05","915.62","938.84","914.98","","+2.46%"
"Nov 11, 2016","915.49","898.75","920.43","898.18","","+3.61%"
"Nov 10, 2016","883.61","838.82","889.33","838.82","","+7.70%"
"Nov 09, 2016","820.47","872.84","878.03","807.78","","-5.08%"
"Nov 08, 2016","864.40","860.69","866.11","858.51","","+1.04%"
"Nov 07, 2016","855.49","858.35","862.23","853.52","","+0.90%"
"Nov 04, 2016","847.88","837.99","848.36","836.20","","+0.70%"
"Nov 02, 2016","841.97","871.52","871.98","838.45","","-4.83%"
"Nov 01, 2016","884.73","884.20","886.17","879.93","","-0.24%"
"Oct 31, 2016","886.87","886.32","889.78","884.04","","-0.47%"
"Oct 28, 2016","891.02","881.03","893.48","880.98","","+1.60%"
"Oct 27, 2016","877.00","877.07","883.48","872.67","","-0.14%"
"Oct 26, 2016","878.21","873.38","878.86","869.96","","+0.68%"
"Oct 25, 2016","872.31","867.81","872.88","867.81","","+0.89%"
"Oct 24, 2016","864.59","866.34","866.34","858.70","","-0.31%"
"Oct 21, 2016","867.31","871.78","874.82","865.57","","-0.36%"
"Oct 20, 2016","870.48","863.31","870.48","860.59","","+0.97%"
"Oct 19, 2016","862.12","867.77","867.77","860.31","","-0.44%"
"Oct 18, 2016","865.97","861.21","866.30","854.29","","+0.52%"
"Oct 17, 2016","861.49","853.45","864.74","853.45","","+1.36%"
"Oct 14, 2016","849.95","850.67","851.99","840.39","","-0.14%"
"Oct 13, 2016","851.11","855.93","858.02","847.25","","+0.77%"
"Oct 12, 2016","844.62","845.56","852.45","843.67","","-1.64%"
"Oct 11, 2016","858.66","852.53","865.03","851.29","","+1.26%"
"Oct 07, 2016","848.01","845.50","849.40","843.66","","+0.59%"
"Oct 06, 2016","843.00","850.06","852.33","842.36","","-0.16%"
"Oct 05, 2016","844.31","842.15","849.94","838.92","","0.00%"
"Oct 04, 2016","844.28","834.63","845.41","834.06","","+1.12%"
"Oct 03, 2016","834.93","833.34","839.33","831.03","","+1.03%"
"Sep 30, 2016","826.44","829.11","831.05","823.55","","-2.28%"
"Sep 29, 2016","845.72","835.14","848.24","835.14","","+2.64%"
"Sep 28, 2016","823.98","823.91","830.68","818.68","","-1.38%"
"Sep 27, 2016","835.48","804.91","835.48","801.33","","+2.56%"
"Sep 26, 2016","814.63","821.27","821.27","813.28","","-1.76%"
"Sep 23, 2016","829.21","833.51","834.08","828.38","","-0.59%"
"Sep 21, 2016","834.10","817.36","834.72","809.62","","+2.07%"
"Sep 20, 2016","817.17","810.07","822.54","810.07","","+0.51%"
"Sep 16, 2016","813.04","812.94","816.49","810.16","","-0.09%"
"Sep 15, 2016","813.74","814.15","818.47","810.75","","-0.64%"
"Sep 14, 2016","819.00","816.32","824.57","813.68","","-0.84%"
"Sep 13, 2016","825.90","830.35","833.25","820.24","","-0.39%"
"Sep 12, 2016","829.17","835.76","840.11","825.49","","-2.51%"
"Sep 09, 2016","850.50","843.92","852.65","842.10","","+0.96%"
"Sep 08, 2016","842.45","845.10","848.44","837.10","","-0.07%"
"Sep 07, 2016","843.04","840.19","845.59","835.43","","-1.40%"
"Sep 06, 2016","854.99","852.09","857.14","849.55","","-0.08%"
"Sep 05, 2016","855.71","858.64","864.15","854.47","","+1.14%"
"Sep 02, 2016","846.03","842.07","847.74","835.22","","-0.42%"
"Sep 01, 2016","849.64","842.91","853.89","838.48","","+0.21%"
"Aug 31, 2016","847.88","848.38","853.54","846.66","","+1.01%"
"Aug 30, 2016","839.42","828.27","841.23","827.56","","+1.51%"
"Aug 29, 2016","826.95","817.87","830.87","815.70","","+3.19%"
"Aug 26, 2016","801.39","800.64","808.01","798.24","","-0.07%"
"Aug 25, 2016","801.94","805.95","806.66","799.26","","-1.66%"
"Aug 24, 2016","815.48","813.52","821.10","812.84","","+1.38%"
"Aug 23, 2016","804.35","816.84","818.82","802.59","","-1.92%"
"Aug 22, 2016","820.09","816.83","822.43","809.63","","+0.47%"
"Aug 19, 2016","816.29","808.21","819.66","806.19","","+1.92%"
"Aug 18, 2016","800.91","795.30","808.00","793.65","","-0.58%"
"Aug 17, 2016","805.57","789.81","807.09","789.45","","+2.40%"
"Aug 16, 2016","786.67","797.46","806.62","786.67","","-0.98%"
"Aug 15, 2016","794.49","802.92","804.41","792.48","","-2.06%"
"Aug 12, 2016","811.21","812.65","814.57","806.52","","+0.36%"
"Aug 10, 2016","808.30","806.32","810.71","800.08","","-0.81%"
"Aug 09, 2016","814.88","807.92","815.28","800.43","","+0.59%"
"Aug 08, 2016","810.14","794.02","810.14","791.89","","+3.84%"
"Aug 05, 2016","780.19","782.49","787.68","777.98","","-0.37%"
"Aug 04, 2016","783.11","753.62","783.84","753.62","","+4.15%"
"Aug 03, 2016","751.94","759.53","762.13","749.68","","-2.33%"
"Aug 02, 2016","769.87","780.87","782.93","768.77","","-2.84%"
"Aug 01, 2016","792.37","783.26","797.25","781.15","","-0.74%"
"Jul 29, 2016","798.25","784.76","802.11","779.42","","+0.74%"
"Jul 28, 2016","792.38","789.23","794.87","785.45","","-0.10%"
"Jul 27, 2016","793.17","781.15","797.29","779.16","","+2.79%"
"Jul 26, 2016","771.61","781.50","781.50","767.31","","-2.26%"
"Jul 25, 2016","789.46","791.07","796.96","785.08","","+0.12%"
"Jul 22, 2016","788.50","784.06","796.80","784.06","","-0.61%"
"Jul 21, 2016","793.37","791.54","799.54","787.98","","+1.57%"
"Jul 20, 2016","781.14","779.82","782.14","772.24","","-0.76%"
"Jul 19, 2016","787.16","782.40","788.36","777.18","","+0.04%"
"Jul 15, 2016","786.82","784.92","798.81","778.90","","+0.90%"
"Jul 14, 2016","779.78","778.29","785.31","769.81","","+1.40%"
"Jul 13, 2016","768.99","765.24","776.99","764.70","","+2.71%"
"Jul 12, 2016","748.67","741.13","756.98","740.17","","+3.44%"
"Jul 11, 2016","723.79","706.38","728.19","705.74","","+4.91%"
"Jul 08, 2016","689.90","696.60","704.02","688.42","","-0.57%"
"Jul 07, 2016","693.88","698.94","704.79","691.62","","-1.19%"
"Jul 06, 2016","702.26","710.30","713.48","694.07","","-3.19%"
"Jul 05, 2016","725.40","721.73","732.12","719.67","","-0.04%"
"Jul 04, 2016","725.66","712.05","728.63","711.23","","+1.70%"
"Jul 01, 2016","713.52","718.40","720.87","711.70","","+0.14%"
"Jun 30, 2016","712.53","723.07","727.59","712.53","","-0.35%"
"Jun 29, 2016","715.06","713.34","720.79","707.99","","+2.25%"
"Jun 28, 2016","699.30","694.72","704.79","683.37","","-1.12%"
"Jun 27, 2016","707.19","719.57","721.57","701.35","","+0.03%"
"Jun 24, 2016","706.95","777.00","781.13","703.21","","-7.72%"
"Jun 23, 2016","766.13","749.97","767.11","749.13","","+1.82%"
"Jun 22, 2016","752.44","757.32","757.40","748.29","","-1.47%"
"Jun 21, 2016","763.70","754.99","766.06","747.41","","-0.49%"
"Jun 20, 2016","767.45","761.43","770.41","758.66","","+2.72%"
"Jun 17, 2016","747.10","747.59","753.30","743.39","","+1.56%"
"Jun 16, 2016","735.62","760.61","765.43","733.14","","-3.89%"
"Jun 15, 2016","765.37","757.64","772.02","753.53","","+0.18%"
"Jun 14, 2016","764.00","771.57","776.23","759.16","","-1.10%"
"Jun 13, 2016","772.50","785.54","786.90","772.50","","-3.88%"
"Jun 10, 2016","803.65","811.35","811.62","798.89","","-2.21%"
"Jun 09, 2016","821.78","818.05","825.17","817.18","","0.00%"
"Jun 08, 2016","821.80","825.81","825.81","810.78","","-0.44%"
"Jun 07, 2016","825.41","814.32","825.95","812.76","","+1.47%"
"Jun 06, 2016","813.47","791.62","815.17","789.28","","+0.85%"
"Jun 03, 2016","806.60","806.78","812.78","801.59","","+0.12%"
"Jun 02, 2016","805.66","818.37","819.19","803.12","","-1.79%"
"Jun 01, 2016","820.33","826.96","829.04","817.64","","-1.41%"
"May 31, 2016","832.03","816.99","832.03","815.42","","+1.16%"
"May 30, 2016","822.52","823.11","824.83","814.18","","+0.50%"
"May 27, 2016","818.45","812.37","822.27","808.47","","+1.42%"
"May 26, 2016","807.03","819.09","821.38","805.76","","-0.56%"
"May 25, 2016","811.54","812.81","814.50","807.62","","+1.73%"
"May 24, 2016","797.71","806.97","807.90","796.39","","-1.63%"
"May 23, 2016","810.95","809.29","811.67","795.57","","-0.30%"
"May 20, 2016","813.36","804.79","814.87","802.98","","+0.48%"
"May 19, 2016","809.45","822.90","826.38","807.17","","-1.10%"
"May 18, 2016","818.49","808.99","822.88","804.60","","+1.25%"
"May 17, 2016","808.40","798.97","808.40","794.86","","+2.28%"
"May 16, 2016","790.35","755.87","797.00","754.91","","+5.32%"
"May 13, 2016","750.44","773.69","773.69","749.94","","-2.94%"
"May 12, 2016","773.15","756.76","774.03","756.71","","+1.00%"
"May 11, 2016","765.52","777.29","780.25","764.44","","-0.17%"
"May 10, 2016","766.79","754.76","769.34","746.12","","+1.16%"
"May 09, 2016","757.99","771.38","772.73","756.93","","-0.62%"
"May 06, 2016","762.70","774.18","777.33","758.19","","-1.71%"
"May 02, 2016","776.00","784.80","785.17","769.18","","-3.44%"
"Apr 28, 2016","803.68","840.06","845.87","802.59","","-3.00%"
"Apr 27, 2016","828.55","829.33","834.38","825.90","","-0.06%"
"Apr 26, 2016","829.08","835.28","837.49","819.69","","-1.00%"
"Apr 25, 2016","837.43","842.20","842.20","829.96","","+0.50%"
"Apr 22, 2016","833.28","815.50","833.41","815.39","","+0.78%"
"Apr 21, 2016","826.83","815.46","827.75","813.54","","+3.52%"
"Apr 20, 2016","798.75","808.16","815.55","796.74","","+0.40%"
"Apr 19, 2016","795.53","781.12","796.32","780.88","","+4.27%"
"Apr 18, 2016","762.95","770.18","770.42","757.88","","-3.19%"
"Apr 15, 2016","788.13","784.28","793.40","783.36","","-0.96%"
"Apr 14, 2016","795.80","781.95","796.14","779.71","","+3.58%"
"Apr 13, 2016","768.32","757.29","770.18","753.13","","+3.84%"
"Apr 12, 2016","739.91","720.98","745.09","720.16","","+2.93%"
"Apr 11, 2016","718.86","716.01","721.53","705.02","","-0.10%"
"Apr 08, 2016","719.57","698.87","727.60","695.78","","+1.10%"
"Apr 07, 2016","711.77","716.86","723.49","709.11","","-0.92%"
"Apr 06, 2016","718.41","710.70","722.46","709.69","","+0.56%"
"Apr 05, 2016","714.38","732.09","733.74","713.28","","-3.08%"
"Apr 04, 2016","737.05","735.81","751.79","730.26","","-0.60%"
"Apr 01, 2016","741.48","768.44","768.48","739.34","","-3.43%"
"Mar 31, 2016","767.80","778.01","782.60","767.80","","-0.63%"
"Mar 30, 2016","772.64","792.77","792.77","771.95","","-3.22%"
"Mar 29, 2016","798.32","793.03","801.59","790.94","","-1.07%"
"Mar 28, 2016","806.94","802.71","806.94","796.12","","+1.46%"
"Mar 25, 2016","795.29","790.72","797.13","788.15","","+0.94%"
"Mar 24, 2016","787.90","798.81","798.81","785.19","","-2.29%"
"Mar 23, 2016","806.40","814.13","818.76","804.61","","-0.74%"
"Mar 22, 2016","812.43","815.58","822.31","800.31","","+1.36%"
"Mar 18, 2016","801.53","802.43","809.29","795.24","","+0.18%"
"Mar 17, 2016","800.05","808.79","820.39","793.37","","-0.13%"
"Mar 16, 2016","801.06","804.78","811.66","801.06","","-1.32%"
"Mar 15, 2016","811.80","822.26","822.26","808.06","","-1.55%"
"Mar 14, 2016","824.60","825.07","830.84","821.21","","+1.34%"
"Mar 11, 2016","813.73","794.45","816.63","790.97","","+0.58%"
"Mar 10, 2016","809.00","811.73","813.19","799.44","","+1.24%"
"Mar 09, 2016","799.11","808.77","811.13","785.46","","-2.79%"
"Mar 08, 2016","822.06","837.23","843.07","814.25","","-2.66%"
"Mar 07, 2016","844.56","849.88","850.68","840.71","","+0.13%"
"Mar 04, 2016","843.49","826.14","845.83","823.45","","+1.92%"
"Mar 03, 2016","827.64","815.02","830.31","814.35","","+1.99%"
"Mar 02, 2016","811.50","795.90","814.79","795.62","","+4.34%"
"Mar 01, 2016","777.73","785.43","785.99","763.90","","+0.22%"
"Feb 29, 2016","776.01","791.27","798.21","776.01","","-0.12%"
"Feb 26, 2016","776.98","789.43","797.76","776.82","","-0.43%"
"Feb 25, 2016","780.34","768.26","783.59","768.26","","+2.96%"
"Feb 24, 2016","757.94","751.40","764.19","744.03","","-0.80%"
"Feb 23, 2016","764.07","762.90","778.81","761.36","","+1.90%"
"Feb 22, 2016","749.80","737.83","751.30","733.24","","+0.37%"
"Feb 19, 2016","747.01","759.86","762.58","738.17","","-2.94%"
"Feb 18, 2016","769.60","761.17","777.46","760.84","","+3.53%"
"Feb 17, 2016","743.33","751.45","761.61","731.92","","-1.75%"
"Feb 16, 2016","756.60","738.15","770.24","735.60","","+1.09%"
"Feb 15, 2016","748.42","716.81","754.64","714.49","","+7.12%"
"Feb 12, 2016","698.67","720.75","722.09","692.15","","-5.47%"
"Feb 10, 2016","739.06","767.88","769.42","725.54","","-4.22%"
"Feb 09, 2016","771.65","801.19","801.33","766.57","","-6.09%"
"Feb 08, 2016","821.73","831.87","836.24","808.53","","-3.02%"
"Feb 05, 2016","847.31","828.28","850.45","819.30","","+1.76%"
"Feb 04, 2016","832.68","815.52","838.99","815.52","","+2.60%"
"Feb 03, 2016","811.56","837.78","838.40","807.44","","-5.16%"
"Feb 02, 2016","855.69","881.15","881.15","852.23","","-3.87%"
"Feb 01, 2016","890.13","885.72","891.07","875.93","","+2.37%"
"Jan 29, 2016","869.49","842.28","872.82","832.17","","+4.45%"
"Jan 28, 2016","832.45","843.09","849.73","831.64","","-1.98%"
"Jan 27, 2016","849.28","837.85","852.46","837.85","","+3.23%"
"Jan 26, 2016","822.72","833.02","833.02","820.55","","-3.01%"
"Jan 25, 2016","848.28","852.94","854.19","836.36","","+0.60%"
"Jan 22, 2016","843.23","812.71","844.01","812.64","","+6.26%"
"Jan 21, 2016","793.58","818.99","835.59","793.58","","-2.95%"
"Jan 20, 2016","817.71","854.26","855.58","817.58","","-4.02%"
"Jan 19, 2016","851.94","837.77","853.34","833.84","","+1.35%"
"Jan 18, 2016","840.58","827.49","846.66","817.27","","-0.67%"
"Jan 15, 2016","846.21","867.61","871.72","841.54","","-0.57%"
"Jan 14, 2016","851.08","850.76","853.28","834.98","","-2.34%"
"Jan 13, 2016","871.50","865.57","875.75","862.04","","+2.82%"
"Jan 12, 2016","847.60","871.50","877.35","847.42","","-4.38%"
"Jan 08, 2016","886.42","885.17","901.62","883.86","","-0.98%"
"Jan 07, 2016","895.20","916.65","920.85","894.80","","-2.99%"
"Jan 06, 2016","922.81","946.95","950.22","918.35","","-2.25%"
"Jan 05, 2016","944.08","947.42","952.53","936.16","","-0.34%"
"Jan 04, 2016","947.33","955.57","973.61","945.87","","-1.94%"
"Dec 30, 2015","966.10","975.80","978.97","966.03","","-0.13%"
"Dec 29, 2015","967.34","963.60","968.70","946.89","","+0.46%"
"Dec 28, 2015","962.89","946.87","970.03","946.75","","+2.17%"
"Dec 25, 2015","942.44","951.54","960.46","938.74","","-0.93%"
"Dec 24, 2015","951.27","962.97","970.91","951.27","","+0.01%"
"Dec 22, 2015","951.15","943.71","954.88","941.59","","+0.21%"
"Dec 21, 2015","949.20","937.89","953.43","929.82","","+0.99%"
"Dec 18, 2015","939.87","956.69","971.94","938.56","","-2.49%"
"Dec 17, 2015","963.86","961.05","971.32","957.70","","+1.89%"
"Dec 16, 2015","946.00","938.47","952.26","938.47","","+2.71%"
"Dec 15, 2015","921.07","940.62","941.91","919.98","","-2.12%"
"Dec 14, 2015","941.06","941.89","942.40","921.81","","-2.25%"
"Dec 11, 2015","962.72","953.57","965.82","953.17","","+0.70%"
"Dec 10, 2015","956.06","951.44","960.57","951.44","","-0.59%"
"Dec 09, 2015","961.76","959.11","970.32","957.24","","-1.31%"
"Dec 08, 2015","974.56","991.63","993.55","971.38","","-1.63%"
"Dec 07, 2015","990.75","994.76","1,000.23","990.19","","+0.74%"
"Dec 04, 2015","983.48","987.30","991.52","980.96","","-2.15%"
"Dec 03, 2015","1,005.07","998.81","1,007.76","997.06","","+0.43%"
"Dec 02, 2015","1,000.76","1,003.15","1,004.83","996.17","","-0.57%"
"Dec 01, 2015","1,006.47","994.39","1,006.47","992.50","","+1.55%"
"Nov 30, 2015","991.14","993.72","995.50","983.97","","-0.75%"
"Nov 27, 2015","998.61","997.35","1,009.85","997.35","","+0.32%"
"Nov 26, 2015","995.44","990.00","998.24","987.42","","+0.90%"
"Nov 25, 2015","986.56","980.46","990.20","978.33","","+0.19%"
"Nov 24, 2015","984.69","984.83","986.21","978.27","","-0.44%"
"Nov 20, 2015","989.01","986.21","989.01","977.52","","+0.06%"
"Nov 19, 2015","988.38","982.74","992.28","980.21","","+1.86%"
"Nov 18, 2015","970.30","969.46","977.41","965.97","","+0.73%"
"Nov 17, 2015","963.29","958.29","967.40","954.24","","+1.85%"
"Nov 16, 2015","945.79","932.68","949.85","932.28","","-0.61%"
"Nov 13, 2015","951.57","950.72","952.88","943.95","","-1.22%"
"Nov 12, 2015","963.34","963.60","964.89","954.84","","+0.38%"
"Nov 11, 2015","959.73","968.89","969.58","951.51","","-1.54%"
"Nov 10, 2015","974.79","968.57","976.44","966.63","","-0.84%"
"Nov 09, 2015","983.00","987.22","987.22","976.25","","-0.15%"
"Nov 06, 2015","984.44","987.33","993.97","981.39","","-0.06%"
"Nov 05, 2015","985.07","969.61","988.37","968.04","","+1.87%"
"Nov 04, 2015","966.98","966.47","980.40","966.47","","+2.07%"
"Nov 02, 2015","947.33","963.33","963.33","945.85","","-3.58%"
"Oct 30, 2015","982.52","966.56","988.94","965.50","","+0.38%"
"Oct 29, 2015","978.78","993.65","995.31","967.51","","-0.12%"
"Oct 28, 2015","979.98","985.00","988.74","971.22","","-0.67%"
"Oct 27, 2015","986.60","1,007.13","1,007.83","984.60","","-2.27%"
"Oct 26, 2015","1,009.55","1,019.11","1,019.11","1,009.13","","+0.79%"
"Oct 23, 2015","1,001.61","1,006.67","1,011.89","1,000.66","","+1.76%"
"Oct 22, 2015","984.31","981.23","999.45","980.02","","-0.51%"
"Oct 21, 2015","989.40","955.69","991.92","955.69","","+3.51%"
"Oct 20, 2015","955.83","957.31","959.11","948.17","","-0.69%"
"Oct 19, 2015","962.45","974.40","974.40","957.33","","-2.04%"
"Oct 16, 2015","982.50","987.87","989.23","978.54","","+0.91%"
"Oct 15, 2015","973.65","953.79","977.80","950.06","","+1.58%"
"Oct 14, 2015","958.53","975.53","978.53","956.33","","-2.60%"
"Oct 13, 2015","984.07","977.16","995.80","976.84","","-0.82%"
"Oct 09, 2015","992.18","962.44","992.18","962.44","","+4.77%"
"Oct 08, 2015","947.00","945.37","965.14","944.04","","-0.68%"
"Oct 07, 2015","953.46","924.26","955.48","922.76","","+3.38%"
"Oct 06, 2015","922.25","923.62","930.41","920.02","","+1.42%"
"Oct 05, 2015","909.33","907.81","917.34","905.77","","+1.91%"
"Oct 02, 2015","892.26","882.78","897.07","875.31","","+0.26%"
"Oct 01, 2015","889.99","873.46","895.43","869.37","","+1.99%"
"Sep 30, 2015","872.62","871.83","876.83","863.99","","+2.16%"
"Sep 29, 2015","854.14","877.12","877.64","853.30","","-4.37%"
"Sep 28, 2015","893.13","908.03","911.20","888.67","","-2.75%"
"Sep 25, 2015","918.34","905.91","918.34","899.62","","+1.25%"
"Sep 24, 2015","907.02","934.90","935.93","906.97","","-4.84%"
"Sep 18, 2015","953.12","961.83","961.83","945.71","","-2.05%"
"Sep 17, 2015","973.10","968.74","978.91","968.21","","+1.46%"
"Sep 16, 2015","959.08","955.11","966.74","950.17","","+1.96%"
"Sep 15, 2015","940.63","949.68","960.11","940.63","","-0.82%"
"Sep 14, 2015","948.39","964.26","964.66","942.51","","-1.35%"
"Sep 11, 2015","961.35","963.80","971.13","960.01","","-0.43%"
"Sep 10, 2015","965.49","950.03","966.73","942.83","","-0.87%"
"Sep 09, 2015","973.92","928.76","973.92","928.44","","+7.30%"
"Sep 08, 2015","907.62","913.05","931.00","906.42","","+0.36%"
"Sep 07, 2015","904.36","894.33","914.00","887.95","","+0.14%"
"Sep 04, 2015","903.10","930.93","930.93","893.21","","-2.32%"
"Sep 03, 2015","924.54","929.31","941.52","923.98","","+1.46%"
"Sep 02, 2015","911.21","910.56","929.03","905.94","","-1.95%"
"Sep 01, 2015","929.32","960.61","964.04","929.32","","-4.25%"
"Aug 31, 2015","970.53","975.38","984.06","961.30","","-1.59%"
"Aug 28, 2015","986.21","944.48","991.31","943.55","","+6.85%"
"Aug 27, 2015","922.97","940.84","945.43","921.59","","+0.06%"
"Aug 26, 2015","922.46","907.81","930.22","894.72","","+2.77%"
"Aug 25, 2015","897.56","921.36","941.44","890.89","","-4.84%"
"Aug 24, 2015","943.23","975.62","978.54","943.23","","-5.49%"
"Aug 21, 2015","998.05","1,005.11","1,018.46","998.05","","-2.38%"
"Aug 20, 2015","1,022.34","1,033.70","1,033.70","1,021.88","","-1.80%"
"Aug 19, 2015","1,041.09","1,055.61","1,055.61","1,040.85","","-1.93%"
"Aug 18, 2015","1,061.55","1,065.17","1,069.51","1,058.87","","-0.35%"
"Aug 17, 2015","1,065.26","1,056.03","1,065.41","1,053.64","","+0.80%"
"Aug 14, 2015","1,056.84","1,056.06","1,059.18","1,049.63","","-0.50%"
"Aug 13, 2015","1,062.17","1,060.06","1,067.24","1,053.72","","+0.68%"
"Aug 12, 2015","1,055.03","1,064.65","1,069.72","1,047.96","","-2.46%"
"Aug 11, 2015","1,081.69","1,077.25","1,091.20","1,074.33","","+1.73%"
"Aug 10, 2015","1,063.34","1,067.15","1,067.36","1,052.78","","-0.68%"
"Aug 07, 2015","1,070.59","1,061.69","1,073.16","1,060.00","","-0.05%"
"Aug 06, 2015","1,071.12","1,064.84","1,077.24","1,064.84","","+1.48%"
"Aug 05, 2015","1,055.47","1,045.96","1,066.73","1,042.58","","+1.53%"
"Aug 04, 2015","1,039.61","1,052.65","1,052.65","1,032.52","","-1.60%"
"Aug 03, 2015","1,056.49","1,068.02","1,068.11","1,053.92","","-1.18%"
"Jul 31, 2015","1,069.07","1,062.56","1,069.12","1,044.57","","-0.42%"
"Jul 30, 2015","1,073.58","1,050.40","1,078.00","1,050.40","","+2.55%"
"Jul 29, 2015","1,046.84","1,054.49","1,057.53","1,042.57","","+0.55%"
"Jul 28, 2015","1,041.15","1,038.66","1,046.97","1,029.70","","-0.77%"
"Jul 27, 2015","1,049.23","1,050.71","1,058.49","1,043.24","","-1.19%"
"Jul 24, 2015","1,061.83","1,070.69","1,071.74","1,060.25","","-1.49%"
"Jul 23, 2015","1,077.92","1,085.18","1,086.43","1,071.63","","-0.24%"
"Jul 22, 2015","1,080.56","1,085.00","1,090.49","1,080.05","","-0.74%"
"Jul 21, 2015","1,088.60","1,098.77","1,098.77","1,082.10","","-0.54%"
"Jul 17, 2015","1,094.49","1,101.82","1,102.23","1,087.65","","-0.75%"
"Jul 16, 2015","1,102.72","1,099.63","1,102.72","1,090.85","","+0.75%"
"Jul 15, 2015","1,094.55","1,109.85","1,113.30","1,090.27","","-0.83%"
"Jul 14, 2015","1,103.76","1,091.31","1,113.52","1,090.84","","+3.11%"
"Jul 13, 2015","1,070.44","1,067.15","1,077.99","1,066.84","","+1.39%"
"Jul 10, 2015","1,055.75","1,055.48","1,069.62","1,047.01","","+0.11%"
"Jul 09, 2015","1,054.54","1,035.63","1,054.54","1,007.55","","-0.25%"
"Jul 08, 2015","1,057.15","1,090.67","1,092.38","1,057.15","","-4.04%"
"Jul 07, 2015","1,101.67","1,111.63","1,111.63","1,099.77","","+0.20%"
"Jul 06, 2015","1,099.51","1,101.13","1,108.64","1,095.34","","-1.86%"
"Jul 03, 2015","1,120.31","1,120.49","1,123.04","1,111.97","","+0.05%"
"Jul 02, 2015","1,119.75","1,125.20","1,127.24","1,118.24","","+0.56%"
"Jul 01, 2015","1,113.49","1,117.97","1,118.15","1,109.68","","-0.49%"
"Jun 30, 2015","1,118.92","1,123.54","1,123.54","1,111.20","","-0.76%"
"Jun 29, 2015","1,127.48","1,132.48","1,137.67","1,119.51","","-2.70%"
"Jun 26, 2015","1,158.78","1,170.76","1,171.58","1,155.83","","-1.31%"
"Jun 25, 2015","1,174.20","1,180.10","1,181.17","1,173.08","","-0.56%"
"Jun 24, 2015","1,180.81","1,178.65","1,196.00","1,178.65","","+0.82%"
"Jun 23, 2015","1,171.23","1,160.00","1,172.80","1,158.99","","+1.40%"
"Jun 22, 2015","1,155.05","1,154.07","1,162.18","1,148.79","","+0.09%"
"Jun 19, 2015","1,154.06","1,160.06","1,163.36","1,150.85","","+0.37%"
"Jun 18, 2015","1,149.77","1,161.62","1,161.66","1,149.77","","-1.20%"
"Jun 17, 2015","1,163.75","1,173.40","1,173.46","1,161.42","","-0.40%"
"Jun 16, 2015","1,168.38","1,171.40","1,175.39","1,164.14","","-0.70%"
"Jun 15, 2015","1,176.57","1,166.24","1,177.64","1,165.23","","-0.35%"
"Jun 12, 2015","1,180.68","1,189.93","1,191.36","1,174.46","","-0.47%"
"Jun 11, 2015","1,186.20","1,174.65","1,187.42","1,172.96","","+1.87%"
"Jun 10, 2015","1,164.45","1,152.73","1,173.08","1,151.77","","+1.14%"
"Jun 09, 2015","1,151.32","1,169.02","1,170.85","1,150.62","","-2.25%"
"Jun 08, 2015","1,177.87","1,177.50","1,178.45","1,169.48","","+0.49%"
"Jun 05, 2015","1,172.10","1,169.96","1,173.54","1,163.47","","-0.37%"
"Jun 04, 2015","1,176.49","1,184.05","1,184.15","1,173.28","","-0.14%"
"Jun 03, 2015","1,178.16","1,166.57","1,182.13","1,166.57","","+0.68%"
"Jun 02, 2015","1,170.15","1,166.62","1,172.45","1,164.02","","+0.63%"
"Jun 01, 2015","1,162.84","1,149.46","1,165.78","1,149.46","","+0.28%"
"May 29, 2015","1,159.58","1,148.60","1,162.54","1,148.60","","+1.33%"
"May 28, 2015","1,144.40","1,147.21","1,154.53","1,140.88","","-0.42%"
"May 27, 2015","1,149.21","1,128.96","1,149.23","1,128.96","","+1.81%"
"May 26, 2015","1,128.74","1,120.22","1,131.93","1,117.24","","+0.51%"
"May 25, 2015","1,123.06","1,127.35","1,128.83","1,119.94","","+0.01%"
"May 22, 2015","1,122.97","1,119.97","1,127.25","1,119.02","","+0.07%"
"May 21, 2015","1,122.23","1,109.78","1,124.01","1,108.92","","+0.87%"
"May 20, 2015","1,112.55","1,113.67","1,113.69","1,103.57","","-0.18%"
"May 19, 2015","1,114.55","1,113.07","1,118.21","1,106.08","","+0.06%"
"May 18, 2015","1,113.84","1,097.41","1,121.08","1,097.41","","+2.43%"
"May 15, 2015","1,087.39","1,091.16","1,091.36","1,081.00","","-0.10%"
"May 14, 2015","1,088.46","1,088.91","1,095.34","1,085.32","","-0.29%"
"May 13, 2015","1,091.59","1,068.56","1,092.61","1,068.10","","+2.90%"
"May 12, 2015","1,060.78","1,053.31","1,061.13","1,046.95","","+0.27%"
"May 11, 2015","1,057.94","1,049.22","1,064.15","1,049.22","","+1.72%"
"May 08, 2015","1,040.05","1,037.77","1,042.82","1,027.90","","+0.38%"
"May 07, 2015","1,036.13","1,033.65","1,045.77","1,031.00","","+0.33%"
"May 01, 2015","1,032.73","1,029.61","1,034.41","1,024.81","","+0.27%"
"Apr 30, 2015","1,030.00","1,029.70","1,036.24","1,026.39","","-1.03%"
"Apr 28, 2015","1,040.74","1,034.18","1,048.52","1,033.30","","+0.94%"
"Apr 27, 2015","1,031.08","1,027.99","1,036.04","1,026.64","","+0.18%"
"Apr 24, 2015","1,029.19","1,029.32","1,032.30","1,024.16","","+0.21%"
"Apr 23, 2015","1,026.99","1,021.89","1,029.11","1,021.18","","+0.65%"
"Apr 22, 2015","1,020.37","1,020.36","1,025.10","1,016.92","","+0.27%"
"Apr 21, 2015","1,017.67","1,019.05","1,022.79","1,013.32","","+0.62%"
"Apr 20, 2015","1,011.38","1,009.78","1,015.18","1,002.31","","-0.26%"
"Apr 17, 2015","1,013.99","1,004.11","1,017.10","1,004.11","","+1.03%"
"Apr 16, 2015","1,003.65","992.18","1,004.04","992.18","","+1.20%"
"Apr 15, 2015","991.71","988.97","994.22","988.97","","-0.18%"
"Apr 14, 2015","993.45","983.99","995.86","983.99","","+1.03%"
"Apr 13, 2015","983.37","985.12","986.41","977.38","","-0.30%"
"Apr 10, 2015","986.29","994.59","994.65","982.16","","-0.94%"
"Apr 09, 2015","995.69","996.09","998.81","992.87","","+0.09%"
"Apr 08, 2015","994.77","997.07","999.96","993.22","","+0.23%"
"Apr 07, 2015","992.52","979.25","993.64","977.36","","+2.20%"
"Apr 06, 2015","971.18","964.25","972.46","960.48","","+0.08%"
"Apr 03, 2015","970.36","962.55","970.36","960.51","","+0.52%"
"Apr 02, 2015","965.37","958.33","971.79","957.84","","+1.18%"
"Apr 01, 2015","954.15","967.10","969.48","954.08","","-2.28%"
"Mar 31, 2015","976.45","992.18","993.18","976.45","","-0.51%"
"Mar 30, 2015","981.41","983.60","984.25","970.20","","-0.76%"
"Mar 27, 2015","988.95","994.33","1,002.51","981.37","","-1.46%"
"Mar 26, 2015","1,003.61","1,002.09","1,005.95","996.67","","-0.52%"
"Mar 25, 2015","1,008.89","1,010.24","1,012.42","1,000.86","","+0.12%"
"Mar 24, 2015","1,007.68","1,004.53","1,008.83","1,000.17","","+0.55%"
"Mar 23, 2015","1,002.19","994.56","1,002.19","993.68","","+1.31%"
"Mar 20, 2015","989.23","984.07","989.77","980.11","","-0.14%"
"Mar 19, 2015","990.64","996.07","1,001.84","986.76","","-0.42%"
"Mar 18, 2015","994.85","993.85","994.85","985.45","","+0.29%"
"Mar 17, 2015","991.93","992.14","995.65","985.93","","+0.48%"
"Mar 16, 2015","987.20","987.86","990.35","983.72","","-0.34%"
"Mar 13, 2015","990.52","984.67","996.53","982.73","","+1.13%"
"Mar 12, 2015","979.48","969.14","980.23","966.78","","+0.78%"
"Mar 11, 2015","971.89","969.16","975.22","965.82","","-0.73%"
"Mar 10, 2015","979.06","987.30","988.68","977.57","","-0.63%"
"Mar 09, 2015","985.25","986.69","989.30","982.20","","-1.05%"
"Mar 06, 2015","995.71","1,003.46","1,004.46","992.52","","-0.64%"
"Mar 05, 2015","1,002.11","990.19","1,002.75","990.19","","+0.91%"
"Mar 04, 2015","993.11","991.31","995.03","988.47","","-0.05%"
"Mar 03, 2015","993.57","999.65","999.91","984.62","","-0.05%"
"Mar 02, 2015","994.09","988.63","996.63","986.82","","+0.62%"
"Feb 27, 2015","987.93","992.94","995.44","979.57","","-0.25%"
"Feb 26, 2015","990.45","975.37","991.04","975.37","","+1.21%"
"Feb 25, 2015","978.64","978.47","982.56","975.97","","+0.03%"
"Feb 24, 2015","978.30","967.68","978.30","966.40","","+0.92%"
"Feb 23, 2015","969.35","974.40","976.72","965.32","","+0.12%"
"Feb 20, 2015","968.22","965.35","969.29","960.92","","+0.77%"
"Feb 19, 2015","960.82","961.53","965.89","958.79","","-0.45%"
"Feb 18, 2015","965.12","959.62","966.78","956.55","","+1.36%"
"Feb 17, 2015","952.19","946.62","953.83","944.19","","-0.02%"
"Feb 16, 2015","952.36","947.43","953.87","945.22","","+1.71%"
"Feb 13, 2015","936.36","934.62","937.52","932.24","","-0.03%"
"Feb 12, 2015","936.65","942.52","943.48","935.33","","+0.24%"
"Feb 10, 2015","934.39","937.65","938.27","931.35","","-0.81%"
"Feb 09, 2015","942.00","935.07","942.04","934.99","","+1.44%"
"Feb 06, 2015","928.65","932.05","933.22","924.25","","+0.46%"
"Feb 05, 2015","924.36","934.59","935.36","916.99","","-1.60%"
"Feb 04, 2015","939.43","933.21","944.07","924.66","","+0.94%"
"Feb 03, 2015","930.64","938.06","940.98","927.58","","-0.10%"
"Feb 02, 2015","931.57","922.25","934.14","918.60","","+0.24%"
"Jan 30, 2015","929.34","938.37","939.89","928.79","","-0.16%"
"Jan 29, 2015","930.87","926.46","937.47","926.46","","-0.16%"
"Jan 28, 2015","932.36","926.52","936.19","925.84","","-0.28%"
"Jan 27, 2015","934.94","933.00","936.66","931.65","","+0.99%"
"Jan 26, 2015","925.74","923.35","930.14","919.69","","-0.95%"
"Jan 23, 2015","934.64","930.95","938.02","930.00","","+1.63%"
"Jan 22, 2015","919.65","912.16","920.51","912.16","","+0.64%"
"Jan 21, 2015","913.76","919.44","919.44","906.41","","-1.31%"
"Jan 20, 2015","925.88","911.95","926.14","910.37","","+1.70%"
"Jan 19, 2015","910.42","904.78","912.58","904.37","","+2.07%"
"Jan 16, 2015","891.98","877.30","892.01","872.84","","+0.24%"
"Jan 15, 2015","889.82","895.79","898.07","883.75","","-0.53%"
"Jan 14, 2015","894.59","921.61","921.80","891.40","","-4.13%"
"Jan 13, 2015","933.08","931.62","934.49","919.89","","-0.87%"
"Jan 09, 2015","941.23","950.29","951.01","936.20","","-0.16%"
"Jan 08, 2015","942.77","939.75","953.36","938.49","","+1.64%"
"Jan 07, 2015","927.55","918.47","934.77","918.47","","+0.27%"
"Jan 06, 2015","925.09","940.41","940.41","925.08","","-3.60%"
"Jan 05, 2015","959.61","959.51","967.98","949.35","","-0.24%"
"Dec 30, 2014","961.93","966.85","971.30","961.93","","-0.78%"
"Dec 29, 2014","969.49","972.22","973.81","957.99","","+0.20%"
"Dec 26, 2014","967.58","963.21","969.51","963.21","","+0.32%"
"Dec 25, 2014","964.50","968.66","970.75","962.06","","-1.02%"
"Dec 24, 2014","974.42","980.48","980.66","972.05","","+0.39%"
"Dec 22, 2014","970.60","963.73","970.78","962.23","","+0.85%"
"Dec 19, 2014","962.44","961.26","962.73","953.42","","+1.99%"
"Dec 18, 2014","943.65","942.42","952.73","941.10","","+2.09%"
"Dec 17, 2014","924.30","917.00","928.23","916.33","","+0.03%"
"Dec 16, 2014","924.02","929.95","933.11","922.60","","-1.83%"
"Dec 15, 2014","941.22","941.17","950.50","931.71","","-1.29%"
"Dec 12, 2014","953.51","950.28","962.97","949.00","","+0.31%"
"Dec 11, 2014","950.59","941.73","952.17","933.85","","-0.90%"
"Dec 10, 2014","959.19","973.07","977.27","952.39","","-2.29%"
"Dec 09, 2014","981.68","975.24","988.72","975.24","","-0.63%"
"Dec 08, 2014","987.88","985.65","987.88","978.48","","+1.05%"
"Dec 05, 2014","977.63","975.45","979.77","973.07","","+0.19%"
"Dec 04, 2014","975.78","975.80","979.71","971.68","","+0.90%"
"Dec 03, 2014","967.11","968.48","971.05","965.01","","+0.80%"
"Dec 02, 2014","959.41","956.76","962.62","953.12","","+0.64%"
"Dec 01, 2014","953.31","955.13","959.74","946.87","","-0.59%"
"Nov 28, 2014","958.92","947.12","958.92","947.12","","+1.79%"
"Nov 27, 2014","942.05","952.64","954.35","940.83","","-1.38%"
"Nov 26, 2014","955.26","941.61","958.76","941.61","","+1.45%"
"Nov 25, 2014","941.61","937.02","941.61","934.04","","+1.47%"
"Nov 21, 2014","928.01","927.05","929.40","914.33","","-0.27%"
"Nov 20, 2014","930.54","932.61","936.46","926.34","","+0.01%"
"Nov 19, 2014","930.44","934.20","940.33","928.29","","+0.22%"
"Nov 18, 2014","928.42","921.84","929.07","920.76","","+2.15%"
"Nov 17, 2014","908.86","934.96","937.24","906.37","","-3.08%"
"Nov 14, 2014","937.75","934.15","937.75","926.20","","+1.28%"
"Nov 13, 2014","925.94","919.59","927.75","916.15","","+0.90%"
"Nov 12, 2014","917.67","925.41","930.05","916.86","","+0.49%"
"Nov 11, 2014","913.18","909.88","918.19","907.67","","+1.66%"
"Nov 10, 2014","898.27","886.99","899.71","886.53","","+1.08%"
"Nov 07, 2014","888.64","891.72","892.09","883.26","","+0.32%"
"Nov 06, 2014","885.79","897.07","900.72","884.42","","-1.08%"
"Nov 05, 2014","895.44","899.23","902.47","889.35","","-0.46%"
"Nov 04, 2014","899.55","908.48","932.83","899.16","","+1.17%"
"Oct 31, 2014","889.16","861.93","891.42","853.90","","+3.40%"
"Oct 30, 2014","859.91","860.98","862.89","857.55","","+0.35%"
"Oct 29, 2014","856.93","845.94","860.25","840.95","","+2.28%"
"Oct 28, 2014","837.84","848.91","849.40","832.66","","-1.85%"
"Oct 27, 2014","853.63","853.76","855.98","848.40","","+0.51%"
"Oct 24, 2014","849.34","857.04","857.62","845.92","","+0.67%"
"Oct 23, 2014","843.66","848.01","851.75","840.73","","-1.14%"
"Oct 22, 2014","853.41","840.80","854.96","838.25","","+3.04%"
"Oct 21, 2014","828.24","848.80","848.80","826.06","","-2.21%"
"Oct 20, 2014","846.94","836.77","848.94","834.05","","+3.56%"
"Oct 17, 2014","817.80","827.83","832.19","817.80","","-0.75%"
"Oct 16, 2014","824.01","835.37","835.74","821.72","","-3.42%"
"Oct 15, 2014","853.22","852.41","857.63","845.90","","+0.62%"
"Oct 14, 2014","847.94","847.66","858.63","844.50","","-1.98%"
"Oct 10, 2014","865.05","868.15","869.44","859.17","","-2.16%"
"Oct 09, 2014","884.15","896.08","899.93","883.21","","-1.25%"
"Oct 08, 2014","895.30","888.88","899.17","888.88","","-1.16%"
"Oct 07, 2014","905.77","916.64","916.70","904.65","","-1.67%"
"Oct 06, 2014","921.14","919.49","925.32","915.14","","+1.93%"
"Oct 03, 2014","903.68","902.86","909.07","895.67","","-0.20%"
"Oct 02, 2014","905.52","918.58","920.14","904.75","","-2.97%"
"Oct 01, 2014","933.28","943.97","944.35","932.47","","-0.94%"
"Sep 30, 2014","942.18","948.00","948.02","934.69","","-0.77%"
"Sep 29, 2014","949.50","957.18","957.26","945.47","","-0.09%"
"Sep 26, 2014","950.38","942.48","952.47","942.48","","-1.02%"
"Sep 25, 2014","960.17","958.10","960.17","953.97","","+1.73%"
"Sep 24, 2014","943.88","945.39","950.92","939.75","","-1.05%"
"Sep 22, 2014","953.85","956.04","957.90","949.21","","+0.03%"
"Sep 19, 2014","953.55","951.16","958.77","947.43","","+0.66%"
"Sep 18, 2014","947.29","950.04","950.89","946.86","","+0.57%"
"Sep 17, 2014","941.89","946.58","947.39","941.89","","-0.20%"
"Sep 16, 2014","943.80","948.96","948.96","938.05","","-1.12%"
"Sep 12, 2014","954.48","952.05","957.54","950.54","","-0.11%"
"Sep 11, 2014","955.53","962.71","963.61","952.25","","+0.45%"
"Sep 10, 2014","951.26","951.26","952.15","938.99","","-1.10%"
"Sep 09, 2014","961.87","972.40","972.40","961.34","","-0.36%"
"Sep 08, 2014","965.31","962.94","965.60","959.36","","+0.61%"
"Sep 05, 2014","959.48","970.32","971.14","958.61","","-0.22%"
"Sep 04, 2014","961.60","963.53","968.61","959.53","","+0.20%"
"Sep 03, 2014","959.69","967.73","970.41","958.02","","+0.29%"
"Sep 02, 2014","956.94","950.48","962.79","948.96","","+1.20%"
"Sep 01, 2014","945.57","940.02","945.96","939.51","","+1.18%"
"Aug 29, 2014","934.58","938.51","938.51","928.93","","-1.00%"
"Aug 28, 2014","943.98","942.10","946.73","938.82","","-0.17%"
"Aug 27, 2014","945.62","943.30","947.11","938.85","","+0.56%"
"Aug 26, 2014","940.36","947.01","947.29","939.32","","-0.49%"
"Aug 25, 2014","944.97","948.46","948.48","939.59","","+0.02%"
"Aug 22, 2014","944.80","952.01","952.07","941.93","","-0.50%"
"Aug 21, 2014","949.55","952.64","953.16","945.70","","+0.69%"
"Aug 20, 2014","943.07","952.67","952.70","942.22","","-0.57%"
"Aug 19, 2014","948.46","945.16","952.63","945.16","","+1.38%"
"Aug 18, 2014","935.54","938.00","938.00","929.58","","-0.50%"
"Aug 15, 2014","940.26","944.79","945.05","936.56","","-0.47%"
"Aug 14, 2014","944.72","948.19","948.89","940.05","","-0.22%"
"Aug 13, 2014","946.79","935.16","948.35","934.50","","+0.96%"
"Aug 12, 2014","937.79","937.90","941.84","935.22","","+0.25%"
"Aug 11, 2014","935.44","929.92","936.27","922.60","","+2.67%"
"Aug 08, 2014","911.10","939.26","940.05","900.34","","-4.70%"
"Aug 07, 2014","956.00","943.04","956.14","942.44","","+1.70%"
"Aug 06, 2014","940.04","942.26","947.53","937.39","","-1.07%"
"Aug 05, 2014","950.25","964.29","964.29","948.26","","-1.37%"
"Aug 04, 2014","963.41","960.81","966.25","956.82","","-0.14%"
"Aug 01, 2014","964.76","964.50","969.42","959.54","","-0.18%"
"Jul 31, 2014","966.52","983.54","983.98","965.10","","-1.41%"
"Jul 30, 2014","980.37","971.73","980.52","971.21","","+1.01%"
"Jul 29, 2014","970.53","969.62","972.02","963.30","","+0.29%"
"Jul 28, 2014","967.71","961.46","967.71","960.45","","+0.46%"
"Jul 25, 2014","963.31","953.25","963.75","951.70","","+1.25%"
"Jul 24, 2014","951.45","959.82","959.82","945.76","","-0.82%"
"Jul 23, 2014","959.28","961.99","967.07","958.75","","0.00%"
"Jul 22, 2014","959.28","946.19","961.48","945.75","","+2.00%"
"Jul 18, 2014","940.45","938.37","944.18","934.56","","-1.07%"
"Jul 17, 2014","950.58","953.80","955.81","947.87","","+0.17%"
"Jul 16, 2014","948.99","956.52","957.32","947.48","","-0.88%"
"Jul 15, 2014","957.45","959.54","964.21","953.62","","+0.98%"
"Jul 14, 2014","948.15","944.51","948.78","937.14","","+0.50%"
"Jul 11, 2014","943.43","937.04","944.39","935.64","","+0.02%"
"Jul 10, 2014","943.27","955.42","957.56","940.44","","-1.03%"
"Jul 09, 2014","953.05","941.43","956.64","940.97","","+0.24%"
"Jul 08, 2014","950.78","935.08","955.05","932.99","","+0.98%"
"Jul 07, 2014","941.54","947.28","949.53","939.74","","-0.42%"
"Jul 04, 2014","945.49","940.02","947.78","940.02","","+1.64%"
"Jul 03, 2014","930.19","930.74","933.87","927.22","","+0.64%"
"Jul 02, 2014","924.31","923.46","928.07","920.15","","+0.69%"
"Jul 01, 2014","918.02","906.50","924.10","903.13","","+1.42%"
"Jun 30, 2014","905.21","906.08","906.60","899.14","","+0.45%"
"Jun 27, 2014","901.16","913.12","913.12","896.07","","-1.20%"
"Jun 26, 2014","912.12","911.60","914.15","907.35","","+0.53%"
"Jun 25, 2014","907.32","908.94","915.13","906.53","","-0.40%"
"Jun 24, 2014","910.99","904.69","913.21","900.41","","+0.24%"
"Jun 23, 2014","908.82","903.07","911.26","900.01","","+1.39%"
"Jun 20, 2014","896.39","897.39","904.18","893.70","","+0.89%"
"Jun 19, 2014","888.46","875.12","890.05","874.75","","+1.88%"
"Jun 18, 2014","872.08","867.08","872.81","864.70","","+0.84%"
"Jun 17, 2014","864.81","867.95","870.56","863.28","","+0.01%"
"Jun 16, 2014","864.76","871.69","875.59","860.65","","-0.43%"
"Jun 13, 2014","868.53","855.85","870.16","854.48","","+0.53%"
"Jun 12, 2014","863.93","859.87","864.55","856.20","","-0.56%"
"Jun 11, 2014","868.82","866.72","871.72","864.43","","+0.12%"
"Jun 10, 2014","867.75","872.02","876.17","865.74","","-0.12%"
"Jun 09, 2014","868.79","881.57","881.87","867.75","","-0.34%"
"Jun 06, 2014","871.79","872.86","874.95","867.81","","+0.51%"
"Jun 05, 2014","867.38","875.64","877.20","864.84","","-0.18%"
"Jun 04, 2014","868.94","875.42","877.79","866.59","","-0.91%"
"Jun 03, 2014","876.88","885.21","888.50","876.29","","+0.60%"
"Jun 02, 2014","871.61","856.81","873.07","856.81","","+3.01%"
"May 30, 2014","846.11","854.60","856.45","843.28","","-1.08%"
"May 29, 2014","855.31","858.89","860.58","853.45","","-0.86%"
"May 28, 2014","862.74","860.46","865.35","858.79","","-0.15%"
"May 27, 2014","864.04","861.55","871.79","861.55","","+0.48%"
"May 26, 2014","859.95","857.87","860.55","853.64","","+1.39%"
"May 23, 2014","848.16","845.42","851.87","841.19","","+1.01%"
"May 22, 2014","839.72","833.90","841.29","829.74","","+1.65%"
"May 21, 2014","826.09","825.16","827.14","815.74","","-1.08%"
"May 20, 2014","835.15","834.62","843.23","834.62","","+0.95%"
"May 19, 2014","827.28","838.75","842.51","826.03","","-0.81%"
"May 16, 2014","834.03","833.40","836.08","827.01","","-1.99%"
"May 15, 2014","851.00","851.84","855.71","846.76","","-0.94%"
"May 14, 2014","859.08","858.90","860.43","851.91","","+0.05%"
"May 13, 2014","858.63","842.96","862.22","842.94","","+3.26%"
"May 12, 2014","831.53","836.44","838.95","828.35","","-2.02%"
"May 09, 2014","848.67","838.88","853.12","838.88","","+1.11%"
"May 08, 2014","839.37","834.80","843.02","832.17","","+1.31%"
"May 07, 2014","828.50","843.88","845.79","828.45","","-3.07%"
"May 02, 2014","854.74","861.31","861.93","851.18","","-1.41%"
"May 01, 2014","867.00","851.33","867.00","851.33","","+1.93%"
"Apr 30, 2014","850.60","862.40","865.55","846.26","","-0.63%"
"Apr 28, 2014","855.99","848.32","857.10","848.30","","-0.29%"
"Apr 25, 2014","858.47","853.38","867.81","850.59","","+0.04%"
"Apr 24, 2014","858.11","855.96","866.13","852.70","","+0.87%"
"Apr 23, 2014","850.68","840.55","851.05","840.27","","+1.91%"
"Apr 22, 2014","834.71","849.25","849.25","834.71","","-1.27%"
"Apr 21, 2014","845.49","849.85","854.74","840.93","","-0.13%"
"Apr 18, 2014","846.59","844.68","846.59","839.91","","+0.31%"
"Apr 17, 2014","843.96","843.30","849.61","837.39","","+0.25%"
"Apr 16, 2014","841.84","821.98","841.84","821.98","","+2.56%"
"Apr 15, 2014","820.85","830.05","830.43","819.20","","+0.32%"
"Apr 14, 2014","818.26","808.47","825.90","808.47","","+0.35%"
"Apr 11, 2014","815.37","804.97","819.34","801.93","","-0.78%"
"Apr 10, 2014","821.75","822.92","834.19","818.10","","+0.98%"
"Apr 09, 2014","813.77","815.49","823.06","813.05","","-1.83%"
"Apr 08, 2014","828.94","841.25","843.58","828.66","","-2.10%"
"Apr 07, 2014","846.73","844.44","852.50","842.81","","-0.75%"
"Apr 04, 2014","853.10","853.57","855.68","849.40","","-0.17%"
"Apr 03, 2014","854.51","855.48","860.11","852.39","","+0.29%"
"Apr 02, 2014","852.04","848.37","858.89","846.49","","+0.37%"
"Apr 01, 2014","848.88","847.75","852.15","841.26","","+0.30%"
"Mar 31, 2014","846.30","833.74","847.88","830.09","","+2.88%"
"Mar 28, 2014","822.63","814.61","823.54","807.91","","+0.26%"
"Mar 27, 2014","820.51","806.61","823.32","799.36","","+0.60%"
"Mar 26, 2014","815.59","810.67","819.07","807.31","","+1.49%"
"Mar 25, 2014","803.65","793.48","809.20","789.93","","+1.17%"
"Mar 24, 2014","794.37","804.81","817.13","790.16","","-0.30%"
"Mar 20, 2014","796.79","820.26","820.38","796.63","","-2.19%"
"Mar 19, 2014","814.60","830.16","830.65","806.00","","-1.34%"
"Mar 18, 2014","825.68","825.50","831.13","818.29","","+2.01%"
"Mar 17, 2014","809.45","813.40","818.29","804.77","","-0.82%"
"Mar 14, 2014","816.13","824.77","826.12","814.68","","-3.27%"
"Mar 13, 2014","843.72","849.15","853.15","842.50","","-0.36%"
"Mar 12, 2014","846.81","861.45","864.46","844.77","","-2.95%"
"Mar 11, 2014","872.58","876.30","877.85","864.01","","+0.01%"
"Mar 10, 2014","872.46","875.42","879.55","868.94","","-1.36%"
"Mar 07, 2014","884.46","893.59","893.64","878.30","","+0.12%"
"Mar 06, 2014","883.37","869.01","884.62","866.08","","+1.86%"
"Mar 05, 2014","867.20","873.44","876.66","865.66","","+0.81%"
"Mar 04, 2014","860.20","848.28","862.32","847.89","","+0.42%"
"Mar 03, 2014","856.64","854.28","858.63","839.62","","-1.43%"
"Feb 28, 2014","869.05","867.54","871.47","861.90","","-0.13%"
"Feb 27, 2014","870.15","870.11","874.37","864.95","","-1.03%"
"Feb 26, 2014","879.21","884.54","886.57","878.81","","-1.54%"
"Feb 25, 2014","892.93","898.16","899.68","888.52","","+0.38%"
"Feb 24, 2014","889.58","890.02","905.72","879.15","","-0.49%"
"Feb 21, 2014","893.97","878.35","894.86","878.35","","+3.29%"
"Feb 20, 2014","865.49","880.81","882.37","862.58","","-2.42%"
"Feb 19, 2014","886.95","886.36","887.66","880.91","","-0.86%"
"Feb 18, 2014","894.63","878.22","897.61","877.05","","+2.70%"
"Feb 17, 2014","871.11","856.84","872.69","850.10","","+1.53%"
"Feb 14, 2014","857.99","874.09","880.39","849.74","","-2.29%"
"Feb 13, 2014","878.06","897.70","900.85","876.06","","-2.10%"
"Feb 12, 2014","896.88","891.00","902.41","889.62","","+2.14%"
"Feb 10, 2014","878.12","889.24","889.24","871.02","","+0.36%"
"Feb 07, 2014","874.93","872.93","876.83","868.07","","+2.29%"
"Feb 06, 2014","855.38","858.67","866.49","849.88","","+0.63%"
"Feb 05, 2014","850.06","841.35","856.33","832.85","","+2.81%"
"Feb 04, 2014","826.82","869.76","870.16","826.82","","-7.20%"
"Feb 03, 2014","890.99","907.81","908.40","886.20","","-1.79%"
"Jan 31, 2014","907.19","927.46","928.85","900.49","","-1.26%"
"Jan 30, 2014","918.73","927.93","927.93","912.12","","-2.67%"
"Jan 29, 2014","943.95","928.57","944.01","927.59","","+3.62%"
"Jan 28, 2014","911.01","911.00","919.75","909.74","","+0.54%"
"Jan 27, 2014","906.14","912.50","914.86","906.14","","-3.02%"
"Jan 24, 2014","934.33","942.36","947.80","927.31","","-2.43%"
"Jan 23, 2014","957.63","969.58","970.10","956.69","","-1.08%"
"Jan 22, 2014","968.12","965.68","970.81","956.39","","+0.24%"
"Jan 21, 2014","965.81","967.48","972.76","965.35","","+0.10%"
"Jan 20, 2014","964.84","968.89","969.43","961.13","","+0.12%"
"Jan 17, 2014","963.66","951.96","966.41","951.27","","+1.06%"
"Jan 16, 2014","953.54","957.07","963.36","951.90","","-0.16%"
"Jan 15, 2014","955.04","949.46","955.04","946.58","","+1.86%"
"Jan 14, 2014","937.60","938.43","944.40","930.41","","-2.15%"
"Jan 10, 2014","958.19","942.14","958.19","941.84","","+0.73%"
"Jan 09, 2014","951.29","959.45","959.45","948.15","","-1.14%"
"Jan 08, 2014","962.27","954.31","962.27","950.18","","+1.53%"
"Jan 07, 2014","947.76","948.74","954.98","943.92","","-0.59%"
"Jan 06, 2014","953.38","956.68","957.16","943.67","","-0.85%"
"Dec 30, 2013","961.60","952.35","962.84","947.54","","+1.65%"
"Dec 27, 2013","945.96","940.97","946.06","931.22","","+1.06%"
"Dec 26, 2013","936.03","925.23","937.30","924.22","","+1.68%"
"Dec 25, 2013","920.60","921.21","922.27","915.65","","-0.15%"
"Dec 24, 2013","921.99","925.70","930.19","920.20","","-0.45%"
"Dec 20, 2013","926.17","921.09","926.17","916.78","","+0.04%"
"Dec 19, 2013","925.82","931.42","934.44","921.66","","+0.69%"
"Dec 18, 2013","919.45","898.98","919.63","898.34","","+2.31%"
"Dec 17, 2013","898.65","896.91","901.22","894.74","","+0.99%"
"Dec 16, 2013","889.87","903.40","903.40","885.43","","-1.47%"
"Dec 13, 2013","903.13","905.16","914.24","897.13","","+0.39%"
"Dec 12, 2013","899.61","896.31","901.81","893.74","","-0.62%"
"Dec 11, 2013","905.24","901.36","907.46","896.81","","-0.06%"
"Dec 10, 2013","905.77","904.63","907.16","901.64","","-0.07%"
"Dec 09, 2013","906.39","899.87","906.93","899.87","","+2.26%"
"Dec 06, 2013","886.40","877.32","887.87","876.99","","+0.78%"
"Dec 05, 2013","879.55","891.57","894.50","878.32","","-1.25%"
"Dec 04, 2013","890.69","896.41","899.27","886.18","","-2.04%"
"Dec 03, 2013","909.23","914.03","914.08","907.30","","-0.29%"
"Dec 02, 2013","911.92","915.72","917.79","908.88","","-0.38%"
"Nov 29, 2013","915.43","913.62","917.09","903.83","","+0.07%"
"Nov 28, 2013","914.82","911.79","914.82","909.57","","+1.66%"
"Nov 27, 2013","899.88","898.69","905.31","898.02","","-0.09%"
"Nov 26, 2013","900.66","902.42","904.09","898.51","","-0.57%"
"Nov 25, 2013","905.83","903.33","905.83","898.66","","+0.92%"
"Nov 22, 2013","897.61","906.59","906.66","894.71","","-0.26%"
"Nov 21, 2013","899.91","897.81","903.98","893.51","","+0.48%"
"Nov 20, 2013","895.57","899.77","904.30","894.35","","-0.33%"
"Nov 19, 2013","898.52","894.37","901.25","893.84","","-0.11%"
"Nov 18, 2013","899.50","907.83","908.16","897.00","","-0.28%"
"Nov 15, 2013","902.06","898.60","903.30","894.80","","+1.62%"
"Nov 14, 2013","887.71","879.71","891.08","877.24","","+1.50%"
"Nov 13, 2013","874.62","869.96","877.12","869.16","","+0.70%"
"Nov 12, 2013","868.57","854.90","868.57","854.28","","+1.71%"
"Nov 11, 2013","853.99","863.85","864.48","849.56","","-0.07%"
"Nov 08, 2013","854.61","852.14","858.83","850.95","","-1.33%"
"Nov 07, 2013","866.14","869.87","871.10","863.31","","-0.88%"
"Nov 06, 2013","873.82","858.05","876.87","855.43","","+1.69%"
"Nov 05, 2013","859.26","868.46","870.78","854.04","","-0.05%"
"Nov 01, 2013","859.67","877.33","877.78","851.90","","-1.38%"
"Oct 31, 2013","871.72","884.10","885.37","870.26","","-1.58%"
"Oct 30, 2013","885.69","884.00","893.84","883.74","","+0.45%"
"Oct 29, 2013","881.74","876.62","884.54","872.27","","+0.93%"
"Oct 28, 2013","873.63","867.94","874.16","862.10","","+1.76%"
"Oct 25, 2013","858.48","878.65","880.15","858.17","","-1.80%"
"Oct 24, 2013","874.20","864.63","876.17","858.85","","+0.36%"
"Oct 23, 2013","871.08","886.26","894.46","871.08","","-0.97%"
"Oct 22, 2013","879.61","878.35","882.98","874.70","","+0.48%"
"Oct 21, 2013","875.44","870.18","879.03","870.16","","+1.07%"
"Oct 18, 2013","866.14","869.03","871.14","860.69","","-0.15%"
"Oct 17, 2013","867.48","875.84","876.87","862.96","","+0.37%"
"Oct 16, 2013","864.25","864.89","868.61","862.53","","-0.08%"
"Oct 15, 2013","864.94","876.75","876.75","861.83","","-0.79%"
"Oct 11, 2013","871.81","874.12","877.02","867.42","","+1.69%"
"Oct 10, 2013","857.31","858.73","859.84","851.63","","-0.16%"
"Oct 09, 2013","858.67","835.67","860.00","833.90","","+2.15%"
"Oct 08, 2013","840.56","834.47","844.33","830.61","","+0.22%"
"Oct 07, 2013","838.68","856.19","856.83","837.13","","-1.89%"
"Oct 04, 2013","854.83","851.16","861.28","844.09","","-0.75%"
"Oct 03, 2013","861.33","864.30","870.64","860.74","","+0.17%"
"Oct 02, 2013","859.83","882.00","883.69","855.51","","-3.21%"
"Oct 01, 2013","888.38","884.54","895.73","880.13","","+0.64%"
"Sep 30, 2013","882.69","889.45","894.33","878.71","","-2.09%"
"Sep 27, 2013","901.55","904.62","909.12","899.38","","-0.26%"
"Sep 26, 2013","903.93","883.67","903.93","878.54","","+1.75%"
"Sep 25, 2013","888.39","898.02","899.77","887.37","","-1.55%"
"Sep 24, 2013","902.34","901.14","904.62","894.31","","-0.81%"
"Sep 20, 2013","909.75","907.65","916.13","903.36","","+0.61%"
"Sep 19, 2013","904.21","882.74","904.22","881.66","","+4.35%"
"Sep 18, 2013","866.55","869.88","879.90","865.32","","-0.03%"
"Sep 17, 2013","866.83","872.58","874.57","864.42","","+0.44%"
"Sep 13, 2013","863.03","852.24","863.03","851.22","","-0.27%"
"Sep 12, 2013","865.37","870.51","871.92","860.84","","-0.26%"
"Sep 11, 2013","867.63","883.32","884.21","866.09","","-0.92%"
"Sep 10, 2013","875.73","869.09","879.35","867.78","","+1.70%"
"Sep 09, 2013","861.09","852.65","861.09","851.51","","+3.17%"
"Sep 06, 2013","834.62","848.18","848.27","831.53","","-1.19%"
"Sep 05, 2013","844.70","847.26","849.53","838.71","","+0.51%"
"Sep 04, 2013","840.41","832.68","841.76","828.78","","-0.16%"
"Sep 03, 2013","841.77","835.93","844.87","835.36","","+2.57%"
"Sep 02, 2013","820.70","815.55","824.37","809.90","","+0.99%"
"Aug 30, 2013","812.67","833.14","834.97","811.99","","-2.00%"
"Aug 29, 2013","829.24","820.82","830.22","816.57","","+0.95%"
"Aug 28, 2013","821.41","823.46","825.16","813.88","","-2.09%"
"Aug 27, 2013","838.91","831.81","847.43","831.34","","+1.18%"
"Aug 26, 2013","829.10","840.32","842.67","826.53","","-0.70%"
"Aug 23, 2013","834.98","829.06","843.70","828.96","","+2.62%"
"Aug 22, 2013","813.68","808.35","818.36","803.60","","-0.39%"
"Aug 21, 2013","816.90","820.15","829.58","809.31","","+0.13%"
"Aug 20, 2013","815.84","832.88","839.07","815.20","","-2.85%"
"Aug 19, 2013","839.76","835.10","839.76","825.91","","0.00%"
"Aug 16, 2013","839.72","838.20","846.80","832.81","","-1.65%"
"Aug 15, 2013","853.78","850.86","861.15","848.35","","-0.25%"
"Aug 14, 2013","855.93","848.63","857.66","841.20","","+0.86%"
"Aug 13, 2013","848.65","837.39","848.65","835.68","","+2.40%"
"Aug 12, 2013","828.77","811.95","838.20","809.37","","+1.37%"
"Aug 09, 2013","817.59","807.73","820.79","805.82","","+3.08%"
"Aug 08, 2013","793.15","787.02","809.84","787.02","","+0.38%"
"Aug 07, 2013","790.16","803.88","807.92","790.16","","-3.75%"
"Aug 06, 2013","820.95","820.95","821.72","804.47","","+0.04%"
"Aug 05, 2013","820.63","820.95","825.58","815.53","","-0.99%"
"Aug 02, 2013","828.84","817.18","828.84","809.85","","+2.51%"
"Aug 01, 2013","808.58","794.10","808.58","794.10","","+1.14%"
"Jul 31, 2013","799.47","785.94","812.70","784.62","","+1.55%"
"Jul 30, 2013","787.26","761.44","792.61","760.60","","+3.57%"
"Jul 29, 2013","760.12","771.46","772.92","759.89","","-3.37%"
"Jul 26, 2013","786.66","797.64","799.88","784.45","","-3.29%"
"Jul 25, 2013","813.38","819.40","820.33","810.30","","-0.73%"
"Jul 24, 2013","819.39","814.64","822.96","811.12","","+0.17%"
"Jul 23, 2013","817.98","804.31","819.99","804.00","","+1.82%"
"Jul 22, 2013","803.36","810.06","810.38","796.44","","+0.19%"
"Jul 19, 2013","801.81","828.21","828.72","793.40","","-2.44%"
"Jul 18, 2013","821.84","814.55","823.24","809.42","","+1.06%"
"Jul 17, 2013","813.21","804.90","813.91","803.05","","+0.54%"
"Jul 16, 2013","808.84","813.69","817.01","803.71","","-0.09%"
"Jul 12, 2013","809.56","792.02","814.62","792.02","","+2.56%"
"Jul 11, 2013","789.34","781.17","795.71","780.27","","+0.15%"
"Jul 10, 2013","788.15","797.71","797.71","782.46","","-1.11%"
"Jul 09, 2013","796.96","795.97","798.02","783.04","","+1.78%"
"Jul 08, 2013","782.99","799.71","807.40","782.99","","-0.59%"
"Jul 05, 2013","787.66","775.40","787.92","774.56","","+2.99%"
"Jul 04, 2013","764.79","767.24","769.36","760.64","","-0.80%"
"Jul 03, 2013","770.95","775.70","775.99","763.89","","-0.29%"
"Jul 02, 2013","773.19","766.31","777.25","762.36","","+2.78%"
"Jul 01, 2013","752.30","748.84","753.14","739.64","","+1.40%"
"Jun 28, 2013","741.92","735.30","749.95","733.08","","+2.58%"
"Jun 27, 2013","723.29","709.93","723.29","703.35","","+2.33%"
"Jun 26, 2013","706.83","736.34","736.34","706.81","","-2.44%"
"Jun 25, 2013","724.48","731.23","738.54","713.50","","-1.42%"
"Jun 24, 2013","734.94","760.21","761.72","732.37","","-1.91%"
"Jun 21, 2013","749.22","735.81","750.85","714.32","","-0.45%"
"Jun 20, 2013","752.58","746.27","752.58","737.35","","+0.03%"
"Jun 19, 2013","752.35","746.04","757.41","743.59","","+3.04%"
"Jun 18, 2013","730.14","737.78","744.06","725.26","","-0.92%"
"Jun 17, 2013","736.95","707.02","737.10","705.17","","+3.52%"
"Jun 14, 2013","711.92","730.45","735.30","711.64","","+0.20%"
"Jun 13, 2013","710.49","735.66","737.37","708.53","","-5.38%"
"Jun 12, 2013","750.86","734.47","757.88","728.62","","-0.03%"
"Jun 11, 2013","751.06","769.17","776.25","750.70","","-2.17%"
"Jun 10, 2013","767.74","743.63","768.44","742.33","","+6.14%"
"Jun 07, 2013","723.30","724.88","737.40","705.63","","-1.78%"
"Jun 06, 2013","736.41","744.99","763.74","736.41","","-1.77%"
"Jun 05, 2013","749.67","770.92","778.06","749.67","","-3.08%"
"Jun 04, 2013","773.49","745.78","776.80","745.78","","+2.46%"
"Jun 03, 2013","754.91","770.46","771.23","754.19","","-3.95%"
"May 31, 2013","785.94","798.74","802.43","781.05","","+0.11%"
"May 30, 2013","785.11","793.72","805.92","779.58","","-2.87%"
"May 29, 2013","808.29","826.46","827.24","804.33","","-0.25%"
"May 28, 2013","810.34","783.42","814.73","783.42","","+1.88%"
"May 27, 2013","795.42","819.43","820.62","795.42","","-4.34%"
"May 24, 2013","831.51","850.07","865.55","799.49","","-0.11%"
"May 23, 2013","832.42","910.37","919.93","832.42","","-8.98%"
"May 22, 2013","914.55","904.02","922.21","896.69","","+2.29%"
"May 21, 2013","894.06","864.44","894.58","860.20","","+2.63%"
"May 20, 2013","871.15","856.24","872.63","854.64","","+3.01%"
"May 17, 2013","845.73","830.98","848.74","827.35","","+1.37%"
"May 16, 2013","834.27","839.50","844.82","827.26","","-0.39%"
"May 15, 2013","837.56","835.70","845.49","831.81","","+1.86%"
"May 14, 2013","822.25","823.26","829.25","815.09","","+0.88%"
"May 13, 2013","815.11","810.04","823.64","805.66","","+0.58%"
"May 10, 2013","810.42","797.61","812.27","795.41","","+3.67%"
"May 09, 2013","781.73","799.69","799.87","781.73","","-1.14%"
"May 08, 2013","790.72","785.26","801.26","783.89","","+0.93%"
"May 07, 2013","783.46","773.03","784.81","772.86","","+3.71%"
"May 02, 2013","755.41","758.17","758.75","751.90","","-1.14%"
"May 01, 2013","764.13","768.87","769.40","760.30","","-0.79%"
"Apr 30, 2013","770.21","773.87","776.63","766.52","","-0.34%"
"Apr 26, 2013","772.80","791.30","791.46","771.21","","-1.64%"
"Apr 25, 2013","785.68","777.03","787.91","776.72","","+1.76%"
"Apr 24, 2013","772.10","759.36","772.10","756.65","","+2.59%"
"Apr 23, 2013","752.59","751.57","757.18","749.34","","-0.45%"
"Apr 22, 2013","755.96","757.11","758.93","753.35","","+1.84%"
"Apr 19, 2013","742.33","731.33","744.36","730.36","","+1.88%"
"Apr 18, 2013","728.60","732.91","736.20","728.55","","-1.87%"
"Apr 17, 2013","742.51","737.53","743.79","734.89","","+1.83%"
"Apr 16, 2013","729.17","728.07","737.22","721.94","","-2.36%"
"Apr 15, 2013","746.83","764.93","764.93","745.80","","-4.09%"
"Apr 12, 2013","778.71","783.11","783.11","769.81","","-0.03%"
"Apr 11, 2013","778.94","778.42","783.55","770.86","","+1.09%"
"Apr 10, 2013","770.56","750.84","774.96","750.84","","+2.88%"
"Apr 09, 2013","749.01","742.84","756.08","742.84","","+2.65%"
"Apr 08, 2013","729.70","717.64","733.26","717.64","","+4.06%"
"Apr 05, 2013","701.20","728.30","737.14","699.83","","-1.32%"
"Apr 04, 2013","710.61","694.08","710.62","684.62","","+0.92%"
"Apr 03, 2013","704.12","696.64","704.12","690.87","","+2.32%"
"Apr 02, 2013","688.18","699.35","699.35","684.70","","-2.70%"
"Apr 01, 2013","707.27","724.74","724.74","707.27","","-2.62%"
"Mar 29, 2013","726.27","726.60","730.27","722.25","","+1.03%"
"Mar 28, 2013","718.86","730.60","731.40","716.53","","-1.72%"
"Mar 27, 2013","731.47","729.04","732.79","725.66","","+0.28%"
"Mar 26, 2013","729.44","730.43","733.36","726.53","","-0.40%"
"Mar 25, 2013","732.40","740.30","740.77","732.40","","-0.13%"
"Mar 22, 2013","733.37","740.90","743.30","732.42","","-2.17%"
"Mar 21, 2013","749.62","747.55","755.23","747.05","","+1.22%"
"Mar 19, 2013","740.58","738.65","743.29","737.35","","+1.40%"
"Mar 18, 2013","730.33","732.83","737.88","730.08","","-1.71%"
"Mar 15, 2013","743.01","741.37","745.56","738.13","","+0.33%"
"Mar 14, 2013","740.59","745.47","745.61","729.24","","+0.06%"
"Mar 13, 2013","740.14","739.01","747.62","734.84","","-0.27%"
"Mar 12, 2013","742.12","750.79","751.31","741.21","","-0.71%"
"Mar 11, 2013","747.46","746.45","753.63","741.73","","+1.20%"
"Mar 08, 2013","738.59","735.60","739.95","733.74","","+1.56%"
"Mar 07, 2013","727.25","726.41","729.87","723.64","","+0.65%"
"Mar 06, 2013","722.57","723.39","723.39","713.32","","+1.41%"
"Mar 05, 2013","712.53","719.68","724.51","710.63","","-0.26%"
"Mar 04, 2013","714.36","727.47","727.93","712.08","","-1.31%"
"Mar 01, 2013","723.83","722.02","727.35","718.48","","-0.07%"
"Feb 28, 2013","724.36","719.41","726.90","718.23","","+2.31%"
"Feb 27, 2013","708.03","712.77","715.09","706.65","","+0.02%"
"Feb 26, 2013","707.89","706.91","719.52","703.10","","-2.06%"
"Feb 25, 2013","722.75","716.07","723.08","716.07","","+3.09%"
"Feb 22, 2013","701.08","695.32","704.58","689.06","","-0.20%"
"Feb 21, 2013","702.52","718.26","719.09","701.02","","-3.01%"
"Feb 20, 2013","724.31","732.95","733.58","720.26","","+0.06%"
"Feb 19, 2013","723.84","720.17","726.61","718.90","","+0.16%"
"Feb 18, 2013","722.65","721.32","728.93","719.46","","+1.51%"
"Feb 15, 2013","711.89","718.53","719.38","698.24","","-2.27%"
"Feb 14, 2013","728.39","720.82","731.98","714.39","","+0.71%"
"Feb 13, 2013","723.29","735.70","739.69","719.03","","-2.74%"
"Feb 12, 2013","743.67","754.04","759.95","743.48","","+1.07%"
"Feb 08, 2013","735.80","729.09","745.91","729.09","","+0.35%"
"Feb 07, 2013","733.24","727.17","740.56","726.47","","+0.80%"
"Feb 06, 2013","727.41","716.46","732.08","716.04","","+3.46%"
"Feb 05, 2013","703.05","707.72","716.77","702.67","","-3.01%"
"Feb 04, 2013","724.90","717.70","730.38","715.98","","+1.91%"
"Feb 01, 2013","711.32","713.87","717.93","709.66","","+0.56%"
"Jan 31, 2013","707.34","698.49","708.34","695.46","","+1.01%"
"Jan 30, 2013","700.30","693.02","700.92","691.20","","+0.87%"
"Jan 29, 2013","694.25","681.44","698.83","681.44","","+1.42%"
"Jan 28, 2013","684.50","698.70","699.04","684.50","","-1.24%"
"Jan 25, 2013","693.08","693.69","695.06","687.21","","+1.39%"
"Jan 24, 2013","683.57","668.74","685.82","666.75","","+1.69%"
"Jan 23, 2013","672.18","677.47","683.13","671.24","","-1.74%"
"Jan 22, 2013","684.06","686.29","696.22","676.68","","-0.44%"
"Jan 21, 2013","687.05","696.56","696.92","683.01","","-0.71%"
"Jan 18, 2013","691.98","686.20","696.44","685.51","","+2.99%"
"Jan 17, 2013","671.90","679.00","681.56","658.37","","-0.34%"
"Jan 16, 2013","674.20","689.51","689.51","672.54","","-2.53%"
"Jan 15, 2013","691.69","689.68","696.38","686.76","","+1.86%"
"Jan 11, 2013","679.09","687.26","688.46","675.57","","+0.36%"
"Jan 10, 2013","676.68","675.85","680.80","673.14","","+1.13%"
"Jan 09, 2013","669.14","652.92","672.58","649.55","","+1.22%"
"Jan 08, 2013","661.09","672.47","674.37","658.15","","-2.36%"
"Jan 07, 2013","677.08","690.88","691.06","674.99","","-0.79%"
"Jan 04, 2013","682.45","671.20","688.40","671.09","","+4.03%"
"Dec 28, 2012","656.00","655.49","658.39","651.06","","+1.12%"
"Dec 27, 2012","648.71","646.70","655.92","644.82","","+1.12%"
"Dec 26, 2012","641.53","634.58","641.53","632.84","","+1.79%"
"Dec 25, 2012","630.22","639.23","642.72","627.49","","-0.02%"
"Dec 21, 2012","630.35","648.66","649.80","625.93","","-1.67%"
"Dec 20, 2012","641.04","643.79","649.29","636.30","","-0.56%"
"Dec 19, 2012","644.68","625.89","645.13","625.19","","+4.36%"
"Dec 18, 2012","617.72","615.37","623.01","615.07","","+0.72%"
"Dec 17, 2012","613.30","623.90","624.49","610.73","","+0.04%"
"Dec 14, 2012","613.03","609.86","615.52","608.32","","-0.01%"
"Dec 13, 2012","613.08","611.59","614.64","607.94","","+1.51%"
"Dec 12, 2012","603.94","599.27","605.91","598.69","","+1.78%"
"Dec 11, 2012","593.38","587.65","594.23","586.16","","+0.93%"
"Dec 10, 2012","587.93","588.47","591.53","585.90","","+0.71%"
"Dec 07, 2012","583.81","584.85","586.68","582.63","","-0.10%"
"Dec 06, 2012","584.40","585.02","586.11","580.46","","+1.00%"
"Dec 05, 2012","578.60","576.11","585.36","574.07","","-0.51%"
"Dec 04, 2012","581.59","580.84","584.84","579.30","","-0.70%"
"Dec 03, 2012","585.70","581.89","590.33","579.56","","+1.32%"
"Nov 30, 2012","578.06","584.16","584.61","574.38","","-0.47%"
"Nov 29, 2012","580.78","573.77","584.40","571.06","","+2.29%"
"Nov 28, 2012","567.77","576.63","577.43","567.00","","-2.50%"
"Nov 27, 2012","582.35","577.66","585.62","576.10","","+0.20%"
"Nov 26, 2012","581.19","587.72","593.50","581.19","","+0.46%"
"Nov 22, 2012","578.55","570.34","578.55","568.52","","+2.97%"
"Nov 21, 2012","561.87","563.02","566.72","556.72","","+0.25%"
"Nov 20, 2012","560.49","568.24","569.38","558.03","","-0.34%"
"Nov 19, 2012","562.39","557.87","565.94","557.87","","+2.31%"
"Nov 16, 2012","549.69","543.40","551.40","542.62","","+2.12%"
"Nov 15, 2012","538.29","528.22","539.09","525.99","","+2.60%"
"Nov 14, 2012","524.66","531.02","531.72","524.32","","-1.59%"
"Nov 13, 2012","533.11","535.70","537.28","528.45","","-0.05%"
"Nov 12, 2012","533.38","537.95","541.28","533.38","","-1.83%"
"Nov 09, 2012","543.33","543.84","545.70","541.69","","-1.43%"
"Nov 08, 2012","551.19","545.79","556.67","545.47","","-0.28%"
"Nov 07, 2012","552.74","549.85","554.50","547.53","","+1.99%"
"Nov 06, 2012","541.93","546.76","547.37","541.90","","-1.20%"
"Nov 05, 2012","548.49","547.54","551.14","546.27","","-0.70%"
"Nov 02, 2012","552.38","554.08","555.32","549.06","","+1.02%"
"Nov 01, 2012","546.81","551.83","551.98","540.21","","-1.70%"
"Oct 31, 2012","556.24","554.55","558.39","550.57","","+1.33%"
"Oct 30, 2012","548.96","554.54","559.99","548.89","","-1.04%"
"Oct 29, 2012","554.75","553.61","559.10","553.15","","+0.77%"
"Oct 26, 2012","550.50","566.95","568.35","550.47","","-2.68%"
"Oct 25, 2012","565.68","560.57","565.68","557.63","","+1.24%"
"Oct 24, 2012","558.73","556.85","567.56","556.72","","-1.46%"
"Oct 23, 2012","567.00","578.15","578.41","561.67","","-0.58%"
"Oct 22, 2012","570.31","558.35","574.17","557.60","","+0.07%"
"Oct 19, 2012","569.89","567.04","575.02","564.06","","-0.14%"
"Oct 18, 2012","570.71","557.35","571.16","556.43","","+3.45%"
"Oct 17, 2012","551.70","554.29","554.35","549.12","","+0.11%"
"Oct 16, 2012","551.08","548.26","551.71","543.31","","+1.42%"
"Oct 15, 2012","543.38","533.83","547.00","530.77","","+1.47%"
"Oct 12, 2012","535.53","531.96","539.77","531.86","","+1.80%"
"Oct 11, 2012","526.06","526.24","535.09","524.93","","-1.63%"
"Oct 10, 2012","534.75","535.68","539.56","532.22","","-2.01%"
"Oct 09, 2012","545.74","547.92","554.10","545.11","","-1.49%"
"Oct 05, 2012","553.99","546.29","554.28","545.27","","+2.53%"
"Oct 04, 2012","540.32","539.42","543.90","532.29","","-0.08%"
"Oct 03, 2012","540.73","541.97","550.28","539.36","","-0.48%"
"Oct 02, 2012","543.35","544.94","549.44","541.17","","+0.52%"
"Oct 01, 2012","540.53","540.31","542.19","535.81","","-0.98%"
"Sep 28, 2012","545.89","556.16","558.39","543.22","","-1.51%"
"Sep 27, 2012","554.25","549.01","557.49","546.59","","-0.12%"
"Sep 26, 2012","554.92","556.08","560.95","552.95","","-2.16%"
"Sep 25, 2012","567.18","558.85","569.97","558.13","","+0.59%"
"Sep 24, 2012","563.86","567.81","570.13","560.37","","-1.53%"
"Sep 21, 2012","572.65","576.69","578.78","572.04","","-0.21%"
"Sep 20, 2012","573.85","584.50","590.22","571.76","","-2.80%"
"Sep 19, 2012","590.39","580.20","594.56","579.71","","+1.53%"
"Sep 18, 2012","581.52","581.15","588.10","579.41","","+0.61%"
"Sep 14, 2012","577.99","559.27","581.35","559.27","","+5.00%"
"Sep 13, 2012","550.48","546.07","552.21","543.74","","+0.74%"
"Sep 12, 2012","546.46","533.79","546.46","533.79","","+2.39%"
"Sep 11, 2012","533.73","537.31","539.05","530.55","","-2.03%"
"Sep 10, 2012","544.79","534.23","545.56","531.76","","+1.77%"
"Sep 07, 2012","535.29","523.48","535.29","521.51","","+4.59%"
"Sep 06, 2012","511.78","511.97","512.93","506.98","","+0.10%"
"Sep 05, 2012","511.27","521.80","522.03","510.76","","-2.55%"
"Sep 04, 2012","524.64","522.31","525.90","519.11","","+0.88%"
"Sep 03, 2012","520.07","524.22","529.18","516.55","","-0.45%"
"Aug 31, 2012","522.44","528.71","530.83","522.44","","-2.88%"
"Aug 30, 2012","537.91","544.64","544.64","534.07","","-1.08%"
"Aug 29, 2012","543.77","540.35","544.53","539.99","","+0.60%"
"Aug 28, 2012","540.54","555.48","555.48","537.58","","-2.35%"
"Aug 27, 2012","553.53","560.84","561.85","553.53","","-0.44%"
"Aug 24, 2012","555.99","554.28","557.55","551.70","","-1.53%"
"Aug 23, 2012","564.65","556.30","565.97","554.48","","+0.92%"
"Aug 22, 2012","559.51","563.89","565.63","555.29","","-1.05%"
"Aug 21, 2012","565.42","568.95","570.93","565.24","","-1.30%"
"Aug 20, 2012","572.88","579.49","581.15","569.01","","-0.51%"
"Aug 17, 2012","575.84","565.34","575.96","562.83","","+2.23%"
"Aug 16, 2012","563.30","549.70","563.63","548.86","","+2.75%"
"Aug 15, 2012","548.24","551.11","552.82","541.96","","-0.32%"
"Aug 14, 2012","550.01","552.34","556.20","547.29","","-0.29%"
"Aug 13, 2012","551.59","550.28","555.36","549.40","","+0.01%"
"Aug 10, 2012","551.55","552.31","559.09","547.82","","-0.58%"
"Aug 09, 2012","554.75","546.99","557.83","546.44","","+1.11%"
"Aug 08, 2012","548.66","543.00","560.17","543.00","","+2.20%"
"Aug 07, 2012","536.83","527.79","537.69","527.37","","+1.61%"
"Aug 06, 2012","528.34","527.73","532.59","525.89","","+2.11%"
"Aug 03, 2012","517.42","521.11","521.70","514.01","","-2.49%"
"Aug 02, 2012","530.64","525.45","537.59","525.45","","+1.16%"
"Aug 01, 2012","524.58","536.14","536.21","522.62","","-3.56%"
"Jul 31, 2012","543.95","536.59","546.10","533.04","","+0.94%"
"Jul 30, 2012","538.91","542.19","544.71","532.11","","+1.03%"
"Jul 27, 2012","533.39","524.25","533.39","522.07","","+3.64%"
"Jul 26, 2012","514.68","510.33","517.79","504.95","","+1.52%"
"Jul 25, 2012","506.96","518.65","518.65","504.25","","-2.77%"
"Jul 24, 2012","521.40","519.84","524.68","514.88","","-0.36%"
"Jul 23, 2012","523.30","533.58","535.41","523.22","","-3.39%"
"Jul 20, 2012","541.67","551.59","552.32","541.56","","-1.73%"
"Jul 19, 2012","551.20","547.87","553.48","546.82","","+1.65%"
"Jul 18, 2012","542.24","552.11","552.71","541.17","","-1.18%"
"Jul 17, 2012","548.70","557.62","557.62","547.74","","-1.33%"
"Jul 13, 2012","556.12","549.69","558.36","549.12","","+0.99%"
"Jul 12, 2012","550.66","564.93","564.99","549.93","","-2.28%"
"Jul 11, 2012","563.51","563.76","564.32","560.24","","-0.71%"
"Jul 10, 2012","567.52","576.25","579.55","567.52","","-1.01%"
"Jul 09, 2012","573.31","578.64","579.56","572.53","","-1.92%"
"Jul 06, 2012","584.53","588.55","590.82","581.74","","-1.03%"
"Jul 05, 2012","590.62","590.90","596.19","589.44","","+0.03%"
"Jul 04, 2012","590.47","594.56","596.89","589.24","","+0.38%"
"Jul 03, 2012","588.23","584.90","592.59","584.58","","+0.85%"
"Jul 02, 2012","583.25","589.25","589.65","583.18","","+0.54%"
"Jun 29, 2012","580.10","562.06","581.61","559.71","","+2.83%"
"Jun 28, 2012","564.14","566.17","568.97","562.72","","+0.68%"
"Jun 27, 2012","560.32","560.64","560.64","553.96","","+0.26%"
"Jun 26, 2012","558.85","565.79","569.24","556.25","","-1.90%"
"Jun 25, 2012","569.66","579.25","579.77","569.66","","-0.58%"
"Jun 22, 2012","572.96","572.06","576.87","569.75","","-1.45%"
"Jun 21, 2012","581.37","581.65","585.41","578.54","","+0.31%"
"Jun 20, 2012","579.55","578.96","580.54","575.20","","+1.45%"
"Jun 19, 2012","571.28","574.18","579.22","570.04","","-1.29%"
"Jun 18, 2012","578.72","570.55","581.69","570.47","","+3.46%"
"Jun 15, 2012","559.34","565.84","567.37","556.36","","-0.10%"
"Jun 14, 2012","559.89","557.36","561.08","553.46","","-0.49%"
"Jun 13, 2012","562.66","562.63","564.83","558.25","","+0.55%"
"Jun 12, 2012","559.61","551.10","562.60","546.11","","-0.44%"
"Jun 11, 2012","562.11","552.93","564.23","552.57","","+3.79%"
"Jun 08, 2012","541.59","554.11","554.27","537.87","","-2.80%"
"Jun 07, 2012","557.22","558.69","561.07","552.86","","+1.34%"
"Jun 06, 2012","549.84","538.92","551.48","534.23","","+2.74%"
"Jun 05, 2012","535.16","525.10","537.02","523.35","","+2.67%"
"Jun 04, 2012","521.22","524.13","525.26","518.42","","-2.74%"
"Jun 01, 2012","535.92","543.88","544.63","534.47","","-2.77%"
"May 31, 2012","551.17","546.11","551.47","541.42","","-1.11%"
"May 30, 2012","557.38","557.71","557.76","547.01","","-0.22%"
"May 29, 2012","558.62","541.50","559.71","536.69","","+2.66%"
"May 28, 2012","544.17","548.24","550.13","539.60","","-0.46%"
"May 25, 2012","546.66","561.81","562.16","544.76","","-2.18%"
"May 24, 2012","558.85","557.41","560.81","551.81","","+0.03%"
"May 23, 2012","558.71","572.32","572.32","557.63","","-2.51%"
"May 22, 2012","573.10","571.72","574.33","567.98","","+1.93%"
"May 21, 2012","562.25","558.67","566.37","558.40","","+0.40%"
"May 18, 2012","560.01","570.92","570.92","556.67","","-3.89%"
"May 17, 2012","582.70","566.04","587.71","563.97","","+2.99%"
"May 16, 2012","565.76","576.13","580.77","563.28","","-1.91%"
"May 15, 2012","576.78","575.72","579.55","566.36","","-1.02%"
"May 14, 2012","582.74","592.18","593.90","582.06","","-2.92%"
"May 11, 2012","600.27","606.04","608.41","598.72","","-1.09%"
"May 10, 2012","606.91","599.62","613.78","598.68","","+0.68%"
"May 09, 2012","602.79","611.10","611.31","599.08","","-2.39%"
"May 08, 2012","617.57","618.88","620.62","613.60","","+1.05%"
"May 07, 2012","611.13","617.41","618.94","610.61","","-3.81%"
"May 02, 2012","635.36","634.18","639.40","633.13","","+0.66%"
"May 01, 2012","631.17","643.77","645.04","629.36","","-2.09%"
"Apr 27, 2012","644.62","647.16","659.90","638.68","","-0.54%"
"Apr 26, 2012","648.15","653.31","655.55","646.25","","-0.14%"
"Apr 25, 2012","649.04","652.66","654.19","645.64","","+0.89%"
"Apr 24, 2012","643.30","639.16","651.50","638.06","","-0.72%"
"Apr 23, 2012","647.95","653.00","656.79","644.10","","-0.20%"
"Apr 20, 2012","649.28","649.38","650.58","642.77","","-0.08%"
"Apr 19, 2012","649.81","644.50","654.15","643.63","","-0.38%"
"Apr 18, 2012","652.26","640.30","653.81","640.05","","+3.84%"
"Apr 17, 2012","628.15","631.54","634.26","626.52","","-0.54%"
"Apr 16, 2012","631.56","634.25","638.43","630.23","","-1.97%"
"Apr 13, 2012","644.23","651.06","653.45","641.06","","-0.22%"
"Apr 12, 2012","645.65","636.19","647.76","632.66","","+2.13%"
"Apr 11, 2012","632.20","631.74","634.61","625.92","","-1.59%"
"Apr 10, 2012","642.39","651.08","657.93","640.73","","-1.28%"
"Apr 09, 2012","650.69","654.38","657.81","650.69","","-2.54%"
"Apr 06, 2012","667.62","670.82","673.83","667.21","","-1.24%"
"Apr 05, 2012","675.97","663.79","677.47","661.62","","+0.35%"
"Apr 04, 2012","673.62","692.13","694.24","672.94","","-2.81%"
"Apr 03, 2012","693.09","692.18","696.11","690.98","","-0.37%"
"Apr 02, 2012","695.64","702.91","705.78","695.31","","-0.03%"
"Mar 30, 2012","695.83","697.77","700.61","693.38","","-0.77%"
"Mar 29, 2012","701.21","708.23","708.68","696.85","","-1.58%"
"Mar 28, 2012","712.47","712.91","716.21","707.54","","-1.07%"
"Mar 27, 2012","720.15","710.54","723.48","708.66","","+3.09%"
"Mar 26, 2012","698.59","696.44","702.09","695.77","","+0.77%"
"Mar 23, 2012","693.23","693.74","695.32","690.31","","-1.32%"
"Mar 22, 2012","702.49","702.12","708.42","697.59","","-0.53%"
"Mar 21, 2012","706.26","707.73","711.44","703.69","","-1.47%"
"Mar 19, 2012","716.81","725.35","725.86","715.62","","-0.96%"
"Mar 16, 2012","723.76","716.02","723.76","714.07","","+1.03%"
"Mar 15, 2012","716.35","719.56","721.71","709.36","","-0.11%"
"Mar 14, 2012","717.12","717.45","721.85","715.73","","+2.10%"
"Mar 13, 2012","702.40","704.43","710.37","700.81","","-0.36%"
"Mar 12, 2012","704.97","715.99","716.95","704.85","","-0.44%"
"Mar 09, 2012","708.10","701.66","713.39","696.56","","+2.59%"
"Mar 08, 2012","690.19","686.40","692.03","683.94","","+2.00%"
"Mar 07, 2012","676.64","663.28","677.01","663.05","","-0.11%"
"Mar 06, 2012","677.37","682.10","684.66","672.83","","-0.82%"
"Mar 05, 2012","682.95","691.36","694.55","679.79","","-1.04%"
"Mar 02, 2012","690.16","690.23","694.16","685.09","","+1.38%"
"Mar 01, 2012","680.74","691.16","702.63","677.75","","-1.29%"
"Feb 29, 2012","689.66","701.60","707.38","688.04","","-0.77%"
"Feb 28, 2012","694.99","686.97","695.58","681.74","","-0.41%"
"Feb 27, 2012","697.82","705.86","710.83","696.53","","-0.01%"
"Feb 24, 2012","697.91","688.84","698.62","688.06","","+0.96%"
"Feb 23, 2012","691.25","680.65","692.24","677.11","","+1.68%"
"Feb 22, 2012","679.83","672.55","681.79","667.29","","+1.61%"
"Feb 21, 2012","669.05","667.41","676.03","665.95","","+0.25%"
"Feb 20, 2012","667.39","668.30","674.15","665.41","","+1.55%"
"Feb 17, 2012","657.23","654.91","660.28","653.06","","+2.15%"
"Feb 16, 2012","643.38","641.57","653.12","641.57","","-0.22%"
"Feb 15, 2012","644.81","633.99","651.06","633.99","","+2.10%"
"Feb 14, 2012","631.57","631.32","632.92","623.50","","-0.01%"
"Feb 13, 2012","631.65","628.09","633.82","627.04","","+0.11%"
"Feb 10, 2012","630.98","640.97","641.17","630.52","","-1.18%"
"Feb 09, 2012","638.49","637.45","640.76","631.32","","+0.06%"
"Feb 08, 2012","638.13","627.40","638.15","626.03","","+1.67%"
"Feb 07, 2012","627.65","626.75","632.08","624.90","","-0.21%"
"Feb 06, 2012","628.96","623.87","629.24","623.14","","+2.59%"
"Feb 03, 2012","613.06","618.26","619.45","611.39","","-1.19%"
"Feb 02, 2012","620.43","622.18","625.64","617.73","","+0.43%"
"Feb 01, 2012","617.75","611.96","620.55","611.49","","+0.33%"
"Jan 31, 2012","615.69","619.39","625.33","613.96","","-0.33%"
"Jan 30, 2012","617.73","624.56","625.64","616.40","","-0.94%"
"Jan 27, 2012","623.60","621.55","628.05","620.27","","+0.31%"
"Jan 26, 2012","621.67","624.36","628.88","620.32","","+0.78%"
"Jan 25, 2012","616.87","614.38","619.32","612.90","","+1.30%"
"Jan 24, 2012","608.94","618.34","618.59","607.34","","-1.07%"
"Jan 23, 2012","615.54","613.77","619.34","610.31","","+0.44%"
"Jan 20, 2012","612.83","604.67","615.24","601.86","","+3.03%"
"Jan 19, 2012","594.81","589.79","597.74","589.79","","+2.07%"
"Jan 18, 2012","582.73","573.39","588.18","570.81","","+1.48%"
"Jan 17, 2012","574.21","567.83","574.94","566.16","","+1.49%"
"Jan 16, 2012","565.78","565.34","566.71","562.03","","-1.01%"
"Jan 13, 2012","571.56","561.66","572.67","561.43","","+2.62%"
"Jan 12, 2012","556.98","560.71","560.71","555.27","","-0.75%"
"Jan 11, 2012","561.20","557.43","562.09","556.90","","+1.20%"
"Jan 10, 2012","554.52","561.05","562.76","554.29","","-1.05%"
"Jan 06, 2012","560.38","569.08","569.43","557.83","","-1.81%"
"Jan 05, 2012","570.71","572.15","574.09","569.87","","-1.03%"
"Jan 04, 2012","576.67","571.29","579.08","570.78","","+2.12%"
"Dec 30, 2011","564.72","560.02","564.72","558.63","","+1.27%"
"Dec 29, 2011","557.63","552.79","558.73","549.27","","+0.17%"
"Dec 28, 2011","556.67","559.21","561.37","555.68","","-0.41%"
"Dec 27, 2011","558.95","560.83","563.24","558.69","","-0.97%"
"Dec 26, 2011","564.43","564.53","565.80","561.69","","+1.47%"
"Dec 22, 2011","556.26","561.97","562.12","554.99","","-1.21%"
"Dec 21, 2011","563.06","561.83","563.93","560.13","","+1.95%"
"Dec 20, 2011","552.30","549.33","553.57","548.39","","+0.69%"
"Dec 19, 2011","548.53","555.01","555.61","544.51","","-1.63%"
"Dec 16, 2011","557.60","562.01","562.11","555.36","","-0.86%"
"Dec 15, 2011","562.41","569.27","571.31","561.53","","-2.43%"
"Dec 14, 2011","576.41","580.77","583.06","573.16","","-1.37%"
"Dec 13, 2011","584.41","581.71","586.42","578.16","","-1.18%"
"Dec 12, 2011","591.40","588.10","594.29","587.47","","+2.42%"
"Dec 09, 2011","577.40","576.44","582.22","575.16","","-1.54%"
"Dec 08, 2011","586.41","587.42","590.75","582.63","","-1.08%"
"Dec 07, 2011","592.84","580.71","593.69","580.47","","+2.88%"
"Dec 06, 2011","576.24","588.50","589.02","575.06","","-2.57%"
"Dec 05, 2011","591.44","594.71","595.39","589.20","","+0.04%"
"Dec 02, 2011","591.20","587.71","591.63","585.31","","+0.65%"
"Dec 01, 2011","587.37","584.03","589.58","582.87","","+3.15%"
"Nov 30, 2011","569.43","567.74","569.43","558.35","","-0.58%"
"Nov 29, 2011","572.78","559.03","573.06","556.67","","+3.56%"
"Nov 28, 2011","553.10","545.52","557.46","545.20","","+3.10%"
"Nov 25, 2011","536.49","530.71","540.48","530.23","","+0.47%"
"Nov 24, 2011","533.97","531.92","538.56","527.45","","-1.47%"
"Nov 22, 2011","541.93","531.33","543.32","529.81","","+0.88%"
"Nov 21, 2011","537.21","543.15","544.37","536.39","","-1.38%"
"Nov 18, 2011","544.72","546.75","547.35","543.12","","-1.74%"
"Nov 17, 2011","554.37","544.81","561.59","542.45","","+1.06%"
"Nov 16, 2011","548.58","556.71","561.21","548.15","","-2.05%"
"Nov 15, 2011","560.05","563.78","566.08","559.18","","-1.27%"
"Nov 14, 2011","567.28","571.82","576.15","563.71","","+0.36%"
"Nov 11, 2011","565.23","564.62","566.39","554.73","","+0.35%"
"Nov 10, 2011","563.28","563.83","564.32","556.22","","-2.60%"
"Nov 09, 2011","578.33","575.33","581.15","572.49","","+0.33%"
"Nov 08, 2011","576.42","589.08","589.50","575.22","","-2.63%"
"Nov 07, 2011","592.01","596.01","596.01","587.63","","-1.59%"
"Nov 04, 2011","601.56","599.92","602.41","595.06","","+2.29%"
"Nov 02, 2011","588.09","591.89","594.69","586.61","","-2.38%"
"Nov 01, 2011","602.45","608.05","613.40","601.26","","-2.45%"
"Oct 31, 2011","617.57","618.90","631.35","616.05","","-1.03%"
"Oct 28, 2011","624.01","633.70","636.57","622.67","","+0.61%"
"Oct 27, 2011","620.21","601.64","620.21","600.44","","+3.31%"
"Oct 26, 2011","600.31","590.68","605.30","585.44","","+0.08%"
"Oct 25, 2011","599.82","605.28","609.51","599.42","","+0.45%"
"Oct 24, 2011","597.15","587.68","598.35","587.28","","+2.97%"
"Oct 21, 2011","579.92","579.76","581.47","577.28","","-0.50%"
"Oct 20, 2011","582.82","594.76","594.81","579.84","","-2.46%"
"Oct 19, 2011","597.51","605.63","606.82","595.88","","-0.65%"
"Oct 18, 2011","601.39","592.71","604.23","589.95","","-0.49%"
"Oct 17, 2011","604.36","600.44","606.58","600.09","","+2.92%"
"Oct 14, 2011","587.20","587.55","591.77","584.98","","-1.12%"
"Oct 13, 2011","593.84","587.88","595.40","586.47","","+3.10%"
"Oct 12, 2011","576.01","565.34","577.52","560.88","","+0.79%"
"Oct 11, 2011","571.49","568.11","573.57","567.10","","+2.40%"
"Oct 07, 2011","558.10","565.21","569.83","556.04","","0.00%"
"Oct 06, 2011","558.11","544.34","558.39","544.34","","+4.07%"
"Oct 05, 2011","536.26","548.87","549.46","534.04","","-1.28%"
"Oct 04, 2011","543.19","545.19","545.98","532.09","","-2.23%"
"Oct 03, 2011","555.57","579.87","581.98","550.47","","-6.44%"
"Sep 30, 2011","593.80","610.59","610.59","585.82","","-3.29%"
"Sep 29, 2011","614.01","599.77","614.01","595.15","","+1.05%"
"Sep 28, 2011","607.60","604.18","613.42","604.18","","+1.22%"
"Sep 27, 2011","600.27","593.40","600.48","591.17","","+3.57%"
"Sep 26, 2011","579.58","609.07","609.07","577.57","","-5.51%"
"Sep 22, 2011","613.36","621.97","621.97","609.56","","-2.61%"
"Sep 21, 2011","629.78","630.97","632.96","628.84","","-0.20%"
"Sep 20, 2011","631.02","638.89","639.00","628.91","","-2.88%"
"Sep 16, 2011","649.75","637.74","650.82","637.74","","+3.65%"
"Sep 15, 2011","626.87","630.16","633.68","624.54","","+1.36%"
"Sep 14, 2011","618.48","633.28","638.98","617.51","","-2.68%"
"Sep 13, 2011","635.51","627.66","637.60","624.06","","+2.22%"
"Sep 12, 2011","621.72","623.99","624.12","615.97","","-2.56%"
"Sep 09, 2011","638.06","643.61","648.46","636.97","","-1.50%"
"Sep 08, 2011","647.76","657.67","658.55","643.89","","-0.18%"
"Sep 07, 2011","648.94","645.69","651.44","643.30","","+2.37%"
"Sep 06, 2011","633.90","651.10","651.54","632.33","","-3.69%"
"Sep 05, 2011","658.17","666.81","669.05","655.72","","-2.81%"
"Sep 02, 2011","677.23","681.71","687.08","675.90","","-1.66%"
"Sep 01, 2011","688.68","681.46","690.73","680.79","","+1.69%"
"Aug 31, 2011","677.26","678.31","680.65","674.15","","-0.18%"
"Aug 30, 2011","678.51","685.10","690.15","676.99","","+0.70%"
"Aug 29, 2011","673.78","668.26","682.49","663.43","","+1.46%"
"Aug 26, 2011","664.08","657.72","665.12","656.78","","+0.55%"
"Aug 25, 2011","660.43","652.07","669.93","651.73","","+2.59%"
"Aug 24, 2011","643.77","657.95","663.69","642.00","","-0.95%"
"Aug 23, 2011","649.96","650.77","651.34","641.29","","+0.50%"
"Aug 22, 2011","646.73","653.37","663.42","645.70","","-2.07%"
"Aug 19, 2011","660.39","666.38","667.98","659.15","","-2.94%"
"Aug 18, 2011","680.36","692.32","692.32","679.16","","-2.02%"
"Aug 17, 2011","694.36","694.96","698.29","689.32","","-0.96%"
"Aug 16, 2011","701.07","699.83","704.43","696.80","","+0.54%"
"Aug 15, 2011","697.31","698.78","701.62","693.29","","+0.95%"
"Aug 12, 2011","690.72","703.13","704.52","688.73","","-0.88%"
"Aug 11, 2011","696.85","688.99","697.06","685.37","","-1.34%"
"Aug 10, 2011","706.30","709.18","713.92","705.01","","+1.67%"
"Aug 09, 2011","694.69","687.71","696.07","665.68","","-1.63%"
"Aug 08, 2011","706.22","717.28","719.63","703.78","","-2.72%"
"Aug 05, 2011","725.98","739.59","739.67","716.74","","-4.38%"
"Aug 04, 2011","759.24","758.27","766.70","752.96","","+0.28%"
"Aug 03, 2011","757.12","761.54","763.59","755.09","","-2.56%"
"Aug 02, 2011","777.04","782.64","782.84","773.92","","-1.56%"
"Aug 01, 2011","789.33","784.66","794.29","783.24","","+1.39%"
"Jul 29, 2011","778.54","780.26","784.75","777.59","","-1.29%"
"Jul 28, 2011","788.73","792.73","795.75","784.84","","-1.67%"
"Jul 27, 2011","802.13","795.00","802.38","791.18","","+0.14%"
"Jul 26, 2011","800.99","792.33","803.36","791.77","","+1.26%"
"Jul 25, 2011","791.02","795.95","796.30","789.86","","-0.54%"
"Jul 22, 2011","795.28","796.20","797.29","791.52","","+0.51%"
"Jul 21, 2011","791.26","789.98","793.00","788.43","","+0.39%"
"Jul 20, 2011","788.19","794.74","796.26","786.01","","+0.27%"
"Jul 19, 2011","786.05","780.66","787.88","780.58","","+0.25%"
"Jul 15, 2011","784.09","781.59","786.58","780.06","","+0.57%"
"Jul 14, 2011","779.68","780.54","784.88","774.99","","-0.17%"
"Jul 13, 2011","781.00","772.57","783.40","771.91","","+0.61%"
"Jul 12, 2011","776.24","777.46","780.64","774.75","","-1.71%"
"Jul 11, 2011","789.74","789.91","795.04","787.79","","-0.68%"
"Jul 08, 2011","795.15","799.96","801.57","794.49","","+0.42%"
"Jul 07, 2011","791.83","790.51","794.28","787.21","","-0.27%"
"Jul 06, 2011","793.96","785.79","793.96","782.75","","+0.98%"
"Jul 05, 2011","786.25","782.18","788.37","782.18","","+0.42%"
"Jul 04, 2011","782.94","785.07","787.41","781.90","","+0.59%"
"Jul 01, 2011","778.32","776.34","782.86","776.25","","+0.69%"
"Jun 30, 2011","773.01","770.57","773.41","765.28","","+0.84%"
"Jun 29, 2011","766.54","758.82","766.54","756.90","","+2.49%"
"Jun 28, 2011","747.91","751.77","754.05","746.29","","+0.32%"
"Jun 27, 2011","745.54","747.89","750.54","743.32","","-0.83%"
"Jun 24, 2011","751.77","743.63","752.51","742.61","","+1.63%"
"Jun 23, 2011","739.72","741.91","748.70","739.32","","-1.00%"
"Jun 22, 2011","747.21","740.19","750.14","740.13","","+1.68%"
"Jun 21, 2011","734.85","735.09","737.17","729.12","","+0.78%"
"Jun 20, 2011","729.15","732.60","736.39","727.80","","-0.02%"
"Jun 17, 2011","729.30","735.60","737.67","724.38","","-0.56%"
"Jun 16, 2011","733.44","737.89","740.29","733.44","","-1.62%"
"Jun 15, 2011","745.54","748.41","748.81","740.89","","+0.17%"
"Jun 14, 2011","744.30","734.07","746.30","731.30","","+1.18%"
"Jun 13, 2011","735.64","728.48","736.36","727.65","","-0.61%"
"Jun 10, 2011","740.16","742.38","746.22","739.44","","+0.66%"
"Jun 09, 2011","735.31","725.24","735.87","722.09","","+0.68%"
"Jun 08, 2011","730.33","731.77","732.71","724.80","","-0.57%"
"Jun 07, 2011","734.53","726.24","735.57","724.16","","+0.79%"
"Jun 06, 2011","728.80","735.41","738.56","727.17","","-1.24%"
"Jun 03, 2011","737.95","748.47","752.40","737.95","","-1.00%"
"Jun 02, 2011","745.40","744.47","748.70","742.73","","-2.28%"
"Jun 01, 2011","762.78","766.24","766.24","758.31","","-0.13%"
"May 31, 2011","763.81","749.82","766.58","749.62","","+1.72%"
"May 30, 2011","750.89","747.37","754.39","742.43","","+0.15%"
"May 27, 2011","749.78","746.30","755.74","743.95","","-0.28%"
"May 26, 2011","751.87","742.25","752.69","742.06","","+2.35%"
"May 25, 2011","734.60","743.92","744.86","733.23","","-1.03%"
"May 24, 2011","742.25","732.05","746.81","731.42","","-0.02%"
"May 23, 2011","742.39","745.05","745.56","738.56","","-1.41%"
"May 20, 2011","753.01","761.34","762.55","752.62","","-1.24%"
"May 19, 2011","762.47","771.66","775.16","762.17","","-0.26%"
"May 18, 2011","764.49","754.11","768.05","751.30","","+1.15%"
"May 17, 2011","755.82","749.42","757.22","745.00","","+0.60%"
"May 16, 2011","751.34","760.88","764.12","751.34","","-1.06%"
"May 13, 2011","759.38","774.20","774.24","752.63","","-2.12%"
"May 12, 2011","775.79","782.54","787.44","775.79","","-2.04%"
"May 11, 2011","791.94","796.40","799.68","791.17","","+0.29%"
"May 10, 2011","789.67","781.43","791.94","778.18","","+1.34%"
"May 09, 2011","779.23","789.66","789.66","777.58","","-1.18%"
"May 06, 2011","788.51","790.55","790.55","782.76","","-2.20%"
"May 02, 2011","806.27","806.35","809.38","804.83","","+1.05%"
"Apr 28, 2011","797.92","791.21","797.92","789.39","","+1.39%"
"Apr 27, 2011","787.00","777.02","787.21","776.88","","+2.11%"
"Apr 26, 2011","770.70","774.94","774.94","769.73","","-0.92%"
"Apr 25, 2011","777.83","783.50","787.35","777.25","","-0.47%"
"Apr 22, 2011","781.50","775.12","786.02","773.34","","+0.03%"
"Apr 21, 2011","781.26","778.08","783.92","776.87","","+1.19%"
"Apr 20, 2011","772.06","764.49","772.85","762.24","","+2.18%"
"Apr 19, 2011","755.56","752.42","758.50","751.56","","-0.86%"
"Apr 18, 2011","762.13","767.56","768.44","757.95","","-0.66%"
"Apr 15, 2011","767.23","769.81","771.03","763.66","","+0.03%"
"Apr 14, 2011","767.02","759.11","770.18","755.17","","+0.34%"
"Apr 13, 2011","764.39","751.87","766.49","751.55","","+0.73%"
"Apr 12, 2011","758.83","767.77","767.77","755.52","","-2.66%"
"Apr 11, 2011","779.60","779.27","787.82","777.57","","+0.15%"
"Apr 08, 2011","778.45","768.76","781.37","761.86","","+0.83%"
"Apr 07, 2011","772.05","776.91","783.59","768.66","","-0.15%"
"Apr 06, 2011","773.23","785.42","785.84","769.29","","-0.79%"
"Apr 05, 2011","779.36","789.39","789.39","773.00","","-1.79%"
"Apr 04, 2011","793.59","799.75","804.22","790.29","","-0.46%"
"Apr 01, 2011","797.22","803.10","807.65","793.51","","-0.52%"
"Mar 31, 2011","801.39","805.40","805.86","792.22","","+0.39%"
"Mar 30, 2011","798.28","771.26","798.55","768.44","","+4.10%"
"Mar 29, 2011","766.82","757.18","771.92","755.59","","-0.94%"
"Mar 28, 2011","774.13","773.33","776.23","766.04","","+0.07%"
"Mar 25, 2011","773.61","780.68","784.55","763.78","","+0.40%"
"Mar 24, 2011","770.49","763.29","776.85","760.31","","+1.43%"
"Mar 23, 2011","759.66","765.76","771.31","752.28","","-1.00%"
"Mar 22, 2011","767.37","746.78","768.49","746.63","","+5.53%"
"Mar 18, 2011","727.15","708.28","732.73","707.71","","+4.73%"
"Mar 17, 2011","694.31","678.12","707.75","657.72","","-0.42%"
"Mar 16, 2011","697.22","668.45","707.41","667.55","","+7.35%"
"Mar 15, 2011","649.49","728.94","729.00","597.20","","-13.14%"
"Mar 14, 2011","747.74","795.28","795.28","741.16","","-8.28%"
"Mar 11, 2011","815.26","818.96","827.29","814.75","","-2.15%"
"Mar 10, 2011","833.21","850.37","850.37","831.22","","-2.89%"
"Mar 09, 2011","858.04","862.87","866.83","854.04","","+0.89%"
"Mar 08, 2011","850.47","849.79","857.56","849.05","","-0.18%"
"Mar 07, 2011","852.01","861.35","861.35","849.31","","-1.65%"
"Mar 04, 2011","866.31","860.38","873.77","859.28","","+2.43%"
"Mar 03, 2011","845.74","847.03","848.55","840.67","","+0.57%"
"Mar 02, 2011","840.97","852.65","853.19","840.66","","-3.04%"
"Mar 01, 2011","867.32","859.81","867.32","858.71","","+1.09%"
"Feb 28, 2011","857.99","843.59","858.63","834.34","","+1.53%"
"Feb 25, 2011","845.03","838.27","849.12","837.29","","+1.17%"
"Feb 24, 2011","835.22","846.08","850.26","833.14","","-2.01%"
"Feb 23, 2011","852.38","847.88","861.91","847.88","","-1.13%"
"Feb 22, 2011","862.14","869.85","873.10","856.62","","-1.91%"
"Feb 21, 2011","878.95","879.69","882.43","874.26","","-0.19%"
"Feb 18, 2011","880.62","875.09","882.20","871.57","","+0.34%"
"Feb 17, 2011","877.65","884.84","886.70","871.92","","+0.14%"
"Feb 16, 2011","876.43","868.86","883.03","868.86","","+1.05%"
"Feb 15, 2011","867.29","852.34","868.76","852.19","","+2.00%"
"Feb 14, 2011","850.30","853.41","855.15","847.89","","+0.83%"
"Feb 10, 2011","843.31","836.36","843.94","836.25","","+0.26%"
"Feb 09, 2011","841.14","853.18","854.75","837.48","","-1.29%"
"Feb 08, 2011","852.13","851.45","858.91","849.01","","+1.07%"
"Feb 07, 2011","843.08","842.73","847.53","841.20","","+1.43%"
"Feb 04, 2011","831.22","834.21","838.53","831.22","","+0.86%"
"Feb 03, 2011","824.11","817.94","824.15","816.22","","+0.80%"
"Feb 02, 2011","817.56","813.65","819.93","812.03","","+2.05%"
"Feb 01, 2011","801.17","800.63","803.17","795.57","","+0.90%"
"Jan 31, 2011","794.03","790.01","796.12","788.20","","-0.88%"
"Jan 28, 2011","801.09","809.79","812.14","796.32","","-1.50%"
"Jan 27, 2011","813.30","810.24","816.23","808.01","","+1.17%"
"Jan 26, 2011","803.93","803.74","809.12","801.46","","-0.86%"
"Jan 25, 2011","810.91","803.11","814.36","800.98","","+1.38%"
"Jan 24, 2011","799.89","797.95","802.91","791.39","","+0.69%"
"Jan 21, 2011","794.43","818.60","818.81","792.38","","-2.74%"
"Jan 20, 2011","816.81","821.00","827.95","814.72","","-1.19%"
"Jan 19, 2011","826.64","812.74","827.06","812.74","","+2.48%"
"Jan 18, 2011","806.64","801.92","809.45","799.53","","+0.63%"
"Jan 17, 2011","801.60","812.41","812.41","799.68","","-0.13%"
"Jan 14, 2011","802.61","803.65","808.63","802.04","","-1.07%"
"Jan 13, 2011","811.27","809.24","813.82","805.34","","+1.18%"
"Jan 12, 2011","801.81","810.06","810.96","801.27","","-0.30%"
"Jan 11, 2011","804.22","799.35","806.18","798.68","","+0.19%"
"Jan 07, 2011","802.69","802.30","804.64","800.27","","-0.21%"
"Jan 06, 2011","804.34","802.13","804.84","800.35","","+1.46%"
"Jan 05, 2011","792.75","791.32","795.42","789.92","","-0.21%"
"Jan 04, 2011","794.43","791.39","796.03","789.04","","+1.92%"
"Dec 30, 2010","779.50","785.75","788.15","776.24","","-1.21%"
"Dec 29, 2010","789.02","783.36","789.34","782.13","","+0.81%"
"Dec 28, 2010","782.66","781.86","786.31","781.71","","-0.06%"
"Dec 27, 2010","783.10","775.40","785.11","775.40","","+0.63%"
"Dec 24, 2010","778.17","780.58","780.86","777.51","","-0.75%"
"Dec 22, 2010","784.07","776.02","785.84","775.73","","+1.43%"
"Dec 21, 2010","773.01","769.25","776.40","769.13","","+0.68%"
"Dec 20, 2010","767.79","774.04","775.32","765.52","","-0.92%"
"Dec 17, 2010","774.94","776.60","778.26","773.03","","-0.29%"
"Dec 16, 2010","777.21","777.08","779.50","774.79","","+0.06%"
"Dec 15, 2010","776.78","780.08","780.41","772.56","","-0.05%"
"Dec 14, 2010","777.18","774.82","778.44","773.93","","+0.31%"
"Dec 13, 2010","774.81","766.31","774.81","764.20","","+1.17%"
"Dec 10, 2010","765.82","776.61","776.61","765.82","","-1.23%"
"Dec 09, 2010","775.34","777.44","778.96","772.19","","-0.49%"
"Dec 08, 2010","779.13","774.93","781.51","773.41","","+0.83%"
"Dec 07, 2010","772.74","771.64","773.21","767.28","","+0.25%"
"Dec 06, 2010","770.79","762.19","771.46","761.40","","+1.41%"
"Dec 03, 2010","760.10","765.60","766.88","757.79","","-0.48%"
"Dec 02, 2010","763.76","765.16","765.29","760.65","","+2.10%"
"Dec 01, 2010","748.07","746.06","748.37","744.00","","+0.54%"
"Nov 30, 2010","744.06","756.80","758.78","743.15","","-1.95%"
"Nov 29, 2010","758.82","754.93","764.05","753.03","","+0.79%"
"Nov 26, 2010","752.90","756.80","764.44","752.79","","-0.33%"
"Nov 25, 2010","755.37","759.13","762.16","755.30","","+1.08%"
"Nov 24, 2010","747.27","738.84","749.36","736.88","","-1.09%"
"Nov 22, 2010","755.52","751.98","757.81","748.45","","+1.36%"
"Nov 19, 2010","745.38","757.83","757.83","743.94","","-0.51%"
"Nov 18, 2010","749.20","731.84","749.79","727.73","","+2.35%"
"Nov 17, 2010","731.99","727.08","732.86","725.22","","-0.83%"
"Nov 16, 2010","738.13","745.38","746.98","732.88","","-0.40%"
"Nov 15, 2010","741.13","741.79","743.35","737.70","","-0.23%"
"Nov 12, 2010","742.86","747.53","754.99","742.73","","-0.88%"
"Nov 11, 2010","749.49","753.85","754.98","745.74","","-0.72%"
"Nov 10, 2010","754.92","747.30","756.71","746.99","","+1.47%"
"Nov 09, 2010","744.02","747.15","751.00","742.47","","-0.99%"
"Nov 08, 2010","751.46","747.27","752.79","745.53","","+2.22%"
"Nov 05, 2010","735.12","722.74","738.14","721.82","","+3.78%"
"Nov 04, 2010","708.37","708.85","713.40","706.03","","+1.30%"
"Nov 02, 2010","699.28","703.38","707.12","697.86","","-1.15%"
"Nov 01, 2010","707.41","701.24","714.59","701.24","","-0.06%"
"Oct 29, 2010","707.82","707.42","710.99","699.64","","-0.76%"
"Oct 28, 2010","713.23","716.96","720.20","711.31","","-1.07%"
"Oct 27, 2010","720.93","729.77","734.37","718.46","","-0.95%"
"Oct 26, 2010","727.81","737.64","738.34","727.76","","-1.40%"
"Oct 25, 2010","738.17","742.83","743.22","735.11","","-0.77%"
"Oct 22, 2010","743.87","732.71","745.30","732.47","","+1.32%"
"Oct 21, 2010","734.16","737.05","743.75","731.33","","+0.62%"
"Oct 20, 2010","729.67","729.09","731.58","721.14","","-2.05%"
"Oct 19, 2010","744.93","748.45","754.76","742.25","","-0.01%"
"Oct 18, 2010","745.01","750.54","754.53","742.80","","-0.82%"
"Oct 15, 2010","751.14","756.97","757.41","749.07","","-1.01%"
"Oct 14, 2010","758.83","748.83","761.04","748.54","","+2.95%"
"Oct 13, 2010","737.10","740.05","746.52","736.26","","+0.77%"
"Oct 12, 2010","731.46","752.19","753.07","730.77","","-1.55%"
"Oct 08, 2010","742.94","742.85","747.23","740.76","","-0.36%"
"Oct 07, 2010","745.60","743.87","750.28","741.72","","-0.12%"
"Oct 06, 2010","746.46","727.94","746.46","727.05","","+4.07%"
"Oct 05, 2010","717.27","710.50","719.76","704.63","","+0.38%"
"Oct 04, 2010","714.57","710.43","722.74","708.51","","+0.46%"
"Oct 01, 2010","711.28","723.05","723.25","708.31","","-0.90%"
"Sep 30, 2010","717.72","731.87","732.73","716.34","","-2.05%"
"Sep 29, 2010","732.75","724.96","735.33","723.41","","+1.70%"
"Sep 28, 2010","720.47","716.75","723.16","716.68","","+0.06%"
"Sep 27, 2010","720.02","711.88","720.73","710.28","","+2.39%"
"Sep 24, 2010","703.22","706.62","714.06","700.44","","-1.55%"
"Sep 22, 2010","714.31","712.04","718.48","708.10","","-0.23%"
"Sep 21, 2010","715.93","731.07","731.24","715.64","","-1.08%"
"Sep 17, 2010","723.78","717.53","725.50","715.34","","+1.84%"
"Sep 16, 2010","710.68","718.15","718.85","706.10","","-0.02%"
"Sep 15, 2010","710.84","689.11","714.10","685.67","","+2.84%"
"Sep 14, 2010","691.19","693.72","695.16","688.12","","-0.39%"
"Sep 13, 2010","693.89","691.43","696.38","690.78","","+1.75%"
"Sep 10, 2010","681.95","681.82","689.68","680.73","","+0.54%"
"Sep 09, 2010","678.32","675.70","680.78","673.40","","+1.91%"
"Sep 08, 2010","665.60","668.94","669.84","662.36","","-2.05%"
"Sep 07, 2010","679.52","682.21","689.36","678.32","","-1.51%"
"Sep 06, 2010","689.97","681.86","690.02","680.02","","+1.90%"
"Sep 03, 2010","677.12","669.23","678.15","668.48","","+1.65%"
"Sep 02, 2010","666.10","665.50","668.40","658.15","","+2.10%"
"Sep 01, 2010","652.40","643.16","653.06","640.98","","+1.86%"
"Aug 31, 2010","640.49","650.34","651.77","639.32","","-3.42%"
"Aug 30, 2010","663.14","662.92","671.62","659.57","","+2.01%"
"Aug 27, 2010","650.05","635.04","652.89","635.04","","+1.39%"
"Aug 26, 2010","641.12","640.83","642.84","635.82","","+0.97%"
"Aug 25, 2010","634.94","640.76","645.50","631.52","","-1.93%"
"Aug 24, 2010","647.41","648.94","652.82","644.94","","-1.81%"
"Aug 23, 2010","659.34","663.59","666.40","657.18","","-1.41%"
"Aug 20, 2010","668.74","676.63","679.70","667.48","","-2.68%"
"Aug 19, 2010","687.17","671.02","687.46","671.02","","+2.25%"
"Aug 18, 2010","672.02","673.80","675.24","664.34","","+1.02%"
"Aug 17, 2010","665.25","657.35","667.28","655.63","","-0.36%"
"Aug 16, 2010","667.63","661.56","668.02","657.19","","-0.60%"
"Aug 13, 2010","671.66","670.23","672.37","662.66","","+0.52%"
"Aug 12, 2010","668.21","663.23","668.54","655.88","","-1.30%"
"Aug 11, 2010","677.03","686.80","687.49","676.20","","-2.63%"
"Aug 10, 2010","695.32","703.65","709.11","691.41","","-0.35%"
"Aug 09, 2010","697.77","705.18","705.83","696.18","","-2.13%"
"Aug 06, 2010","712.96","707.31","714.93","705.99","","-0.43%"
"Aug 05, 2010","716.04","716.17","719.10","711.44","","+2.00%"
"Aug 04, 2010","702.03","702.79","704.62","695.56","","-1.02%"
"Aug 03, 2010","709.29","709.95","715.01","703.59","","+1.81%"
"Aug 02, 2010","696.68","700.10","705.23","694.31","","-0.30%"
"Jul 30, 2010","698.75","710.13","710.13","693.50","","-2.22%"
"Jul 29, 2010","714.64","707.23","716.16","706.75","","+0.04%"
"Jul 28, 2010","714.33","705.25","714.35","704.08","","+2.55%"
"Jul 27, 2010","696.59","701.38","703.32","695.83","","-0.62%"
"Jul 26, 2010","700.96","700.77","706.27","700.26","","+1.06%"
"Jul 23, 2010","693.64","688.76","697.87","684.72","","+3.27%"
"Jul 22, 2010","671.65","672.25","679.17","666.93","","-0.87%"
"Jul 21, 2010","677.56","686.66","689.97","673.84","","-0.29%"
"Jul 20, 2010","679.55","674.79","685.91","672.08","","-0.95%"
"Jul 16, 2010","686.08","697.59","700.71","684.41","","-2.55%"
"Jul 15, 2010","704.04","707.14","707.64","700.18","","-1.34%"
"Jul 14, 2010","713.63","713.01","715.36","711.00","","+2.22%"
"Jul 13, 2010","698.11","708.54","713.45","695.56","","-0.85%"
"Jul 12, 2010","704.08","699.16","713.29","699.16","","+0.37%"
"Jul 09, 2010","701.49","707.37","707.37","696.85","","-0.23%"
"Jul 08, 2010","703.11","699.57","704.67","693.61","","+3.17%"
"Jul 07, 2010","681.53","688.01","690.16","676.78","","-1.24%"
"Jul 06, 2010","690.11","673.92","691.83","667.55","","+1.09%"
"Jul 05, 2010","682.70","678.93","684.64","676.36","","+0.59%"
"Jul 02, 2010","678.69","675.91","684.41","670.57","","+0.20%"
"Jul 01, 2010","677.33","698.15","698.34","675.92","","-3.24%"
"Jun 30, 2010","700.01","697.30","700.91","692.19","","-1.69%"
"Jun 29, 2010","712.06","726.87","733.51","708.39","","-1.95%"
"Jun 28, 2010","726.23","736.80","738.91","724.99","","-1.18%"
"Jun 25, 2010","734.88","740.20","743.74","733.03","","-2.04%"
"Jun 24, 2010","750.18","751.29","757.48","748.23","","-0.48%"
"Jun 23, 2010","753.80","755.10","756.53","750.64","","-1.85%"
"Jun 22, 2010","768.04","768.97","776.11","765.27","","-0.86%"
"Jun 21, 2010","774.74","758.02","775.75","757.84","","+3.09%"
"Jun 18, 2010","751.55","752.75","753.30","748.25","","0.00%"
"Jun 17, 2010","751.54","748.90","756.58","747.31","","-0.24%"
"Jun 16, 2010","753.38","752.15","757.49","750.79","","+1.93%"
"Jun 15, 2010","739.14","737.73","742.63","735.13","","-0.23%"
"Jun 14, 2010","740.85","734.84","742.24","734.55","","+2.17%"
"Jun 11, 2010","725.10","726.50","729.43","723.24","","+2.15%"
"Jun 10, 2010","709.83","703.06","710.93","696.75","","+1.56%"
"Jun 09, 2010","698.94","707.81","711.31","695.95","","-1.89%"
"Jun 08, 2010","712.39","710.36","720.01","709.70","","-0.59%"
"Jun 07, 2010","716.60","726.50","726.64","713.42","","-3.86%"
"Jun 04, 2010","745.40","743.90","751.06","741.68","","+0.05%"
"Jun 03, 2010","745.03","734.85","745.63","731.29","","+3.46%"
"Jun 02, 2010","720.14","723.97","734.86","714.46","","-1.70%"
"Jun 01, 2010","732.58","740.09","740.98","729.82","","-1.36%"
"May 31, 2010","742.69","734.33","745.70","734.33","","+0.43%"
"May 28, 2010","739.53","747.37","747.37","730.75","","+1.46%"
"May 27, 2010","728.89","706.85","729.51","705.97","","+2.54%"
"May 26, 2010","710.83","718.19","724.28","706.58","","+1.08%"
"May 25, 2010","703.24","723.41","724.24","701.21","","-3.73%"
"May 24, 2010","730.52","730.68","733.27","717.48","","-0.33%"
"May 21, 2010","732.92","726.65","734.40","717.58","","-1.79%"
"May 20, 2010","746.26","752.77","759.91","742.70","","-1.63%"
"May 19, 2010","758.64","744.13","758.79","736.25","","+0.42%"
"May 18, 2010","755.50","773.42","774.87","751.15","","-1.92%"
"May 17, 2010","770.26","780.64","788.10","768.03","","-2.22%"
"May 14, 2010","787.72","783.00","794.49","781.48","","-0.81%"
"May 13, 2010","794.14","789.62","795.59","784.87","","+2.18%"
"May 12, 2010","777.22","781.31","793.32","770.99","","+0.48%"
"May 11, 2010","773.53","798.32","799.47","770.91","","-2.43%"
"May 10, 2010","792.83","779.44","793.16","778.16","","+2.17%"
"May 07, 2010","775.99","771.15","780.11","756.11","","-1.61%"
"May 06, 2010","788.72","802.49","802.49","786.26","","-3.45%"
"Apr 30, 2010","816.93","820.43","821.23","814.96","","+0.49%"
"Apr 28, 2010","812.92","816.08","817.57","811.91","","-2.51%"
"Apr 27, 2010","833.81","830.71","835.45","830.51","","+0.12%"
"Apr 26, 2010","832.85","829.23","833.10","827.94","","+1.71%"
"Apr 23, 2010","818.84","821.69","825.06","814.73","","-0.25%"
"Apr 22, 2010","820.90","824.66","824.66","810.63","","-1.11%"
"Apr 21, 2010","830.09","822.55","830.47","821.59","","+2.33%"
"Apr 20, 2010","811.21","817.98","824.24","810.00","","-0.24%"
"Apr 19, 2010","813.19","812.49","816.33","808.84","","-1.80%"
"Apr 16, 2010","828.10","838.76","839.49","825.88","","-1.37%"
"Apr 15, 2010","839.63","833.81","842.70","831.31","","+1.49%"
"Apr 14, 2010","827.30","832.31","835.50","824.05","","-0.06%"
"Apr 13, 2010","827.81","836.31","836.60","821.25","","-1.30%"
"Apr 12, 2010","838.71","847.13","847.37","838.71","","-0.12%"
"Apr 09, 2010","839.72","833.82","839.83","829.81","","+0.69%"
"Apr 08, 2010","834.00","837.12","842.14","833.54","","-1.51%"
"Apr 07, 2010","846.77","843.07","848.13","837.02","","+0.76%"
"Apr 06, 2010","840.39","856.29","857.22","834.68","","-1.76%"
"Apr 05, 2010","855.48","855.32","859.96","850.47","","+0.74%"
"Apr 02, 2010","849.18","838.76","850.47","832.76","","+2.03%"
"Apr 01, 2010","832.25","824.90","834.45","822.40","","+1.53%"
"Mar 31, 2010","819.69","827.47","827.47","817.82","","-0.74%"
"Mar 30, 2010","825.82","816.72","826.23","816.68","","+1.83%"
"Mar 29, 2010","810.94","800.21","810.94","799.62","","+1.37%"
"Mar 26, 2010","799.96","796.02","800.43","794.88","","+1.07%"
"Mar 25, 2010","791.46","794.73","795.22","789.71","","-0.37%"
"Mar 24, 2010","794.43","798.61","803.59","791.95","","+0.56%"
"Mar 23, 2010","789.99","789.40","793.45","788.99","","-0.25%"
"Mar 19, 2010","791.96","789.30","792.92","788.48","","+0.96%"
"Mar 18, 2010","784.41","787.01","794.61","783.18","","-0.16%"
"Mar 17, 2010","785.70","782.65","786.65","779.07","","+1.27%"
"Mar 16, 2010","775.84","773.08","780.08","772.53","","+0.02%"
"Mar 15, 2010","775.65","773.59","777.59","768.80","","+1.28%"
"Mar 12, 2010","765.83","767.88","767.88","760.27","","+0.22%"
"Mar 11, 2010","764.18","758.64","766.90","758.17","","+1.01%"
"Mar 10, 2010","756.53","759.92","761.92","755.66","","-0.42%"
"Mar 09, 2010","759.71","761.59","761.88","757.27","","-0.63%"
"Mar 08, 2010","764.52","765.65","766.28","759.70","","+1.73%"
"Mar 05, 2010","751.51","742.87","751.94","742.54","","+2.04%"
"Mar 04, 2010","736.47","737.49","745.44","735.50","","-0.09%"
"Mar 03, 2010","737.14","735.93","741.79","732.25","","+0.64%"
"Mar 02, 2010","732.47","729.92","734.41","725.03","","+0.71%"
"Mar 01, 2010","727.29","727.12","737.52","725.98","","+0.74%"
"Feb 26, 2010","721.95","720.92","726.29","718.61","","+0.11%"
"Feb 25, 2010","721.16","731.31","738.67","718.72","","-1.33%"
"Feb 24, 2010","730.86","725.37","733.28","724.28","","-1.12%"
"Feb 23, 2010","739.13","739.12","740.93","733.37","","-0.48%"
"Feb 22, 2010","742.69","740.00","749.61","740.00","","+2.58%"
"Feb 19, 2010","724.03","741.34","747.44","723.08","","-2.16%"
"Feb 18, 2010","740.02","738.44","742.28","736.23","","+0.89%"
"Feb 17, 2010","733.46","722.15","734.30","720.71","","+3.21%"
"Feb 16, 2010","710.67","710.77","713.11","707.39","","+0.29%"
"Feb 15, 2010","708.62","720.14","722.61","706.96","","-1.93%"
"Feb 12, 2010","722.56","717.85","722.58","714.08","","+2.17%"
"Feb 10, 2010","707.19","711.00","717.57","706.68","","+0.33%"
"Feb 09, 2010","704.88","701.47","709.19","697.58","","-0.18%"
"Feb 08, 2010","706.16","711.67","720.19","702.33","","-1.43%"
"Feb 05, 2010","716.42","722.16","722.25","708.91","","-3.25%"
"Feb 04, 2010","740.52","751.87","752.09","734.04","","-1.47%"
"Feb 03, 2010","751.53","755.71","759.99","749.41","","+0.57%"
"Feb 02, 2010","747.26","740.80","751.25","740.56","","+2.51%"
"Feb 01, 2010","728.93","746.37","746.37","722.01","","-2.40%"
"Jan 29, 2010","746.88","735.32","752.81","728.94","","+0.50%"
"Jan 28, 2010","743.16","739.03","753.20","739.03","","+1.17%"
"Jan 27, 2010","734.54","745.92","748.65","734.16","","-1.34%"
"Jan 26, 2010","744.50","763.92","770.27","744.50","","-2.37%"
"Jan 25, 2010","762.57","755.50","765.55","753.34","","-0.95%"
"Jan 22, 2010","769.85","776.22","779.02","765.85","","-2.81%"
"Jan 21, 2010","792.07","778.69","793.84","773.99","","+0.29%"
"Jan 20, 2010","789.79","801.51","804.73","788.31","","-0.23%"
"Jan 19, 2010","791.63","792.49","799.07","789.93","","+0.18%"
"Jan 18, 2010","790.22","789.44","790.22","784.63","","-0.92%"
"Jan 15, 2010","797.55","795.86","800.28","791.46","","+0.25%"
"Jan 14, 2010","795.53","783.63","795.71","783.58","","+1.83%"
"Jan 13, 2010","781.20","785.58","791.48","779.87","","-1.59%"
"Jan 12, 2010","793.85","786.68","795.92","785.59","","+1.19%"
"Jan 08, 2010","784.52","785.83","787.57","776.29","","+0.11%"
"Jan 07, 2010","783.67","786.36","790.25","780.10","","+0.89%"
"Jan 06, 2010","776.74","774.31","779.14","767.28","","+0.81%"
"Jan 05, 2010","770.51","767.29","781.07","766.68","","+2.03%"
"Jan 04, 2010","755.16","747.74","757.04","746.78","","+1.70%"
"Dec 30, 2009","742.57","753.49","753.49","742.12","","-1.05%"
"Dec 29, 2009","750.48","750.37","756.81","747.38","","-0.03%"
"Dec 28, 2009","750.73","741.69","753.78","741.04","","+1.38%"
"Dec 25, 2009","740.51","744.37","744.48","738.19","","-0.13%"
"Dec 24, 2009","741.48","739.80","743.18","737.40","","+0.98%"
"Dec 22, 2009","734.27","727.06","734.92","723.94","","+1.70%"
"Dec 21, 2009","722.03","723.42","725.09","718.91","","+0.30%"
"Dec 18, 2009","719.88","721.43","722.95","712.40","","-1.60%"
"Dec 17, 2009","731.59","726.72","735.66","724.91","","+1.62%"
"Dec 16, 2009","719.95","726.94","731.61","715.58","","-0.25%"
"Dec 15, 2009","721.74","719.85","725.01","718.34","","+0.22%"
"Dec 14, 2009","720.16","718.53","723.27","710.25","","+0.27%"
"Dec 11, 2009","718.20","708.58","718.29","701.60","","+2.07%"
"Dec 10, 2009","703.62","711.20","724.25","699.30","","-1.67%"
"Dec 09, 2009","715.56","722.07","722.19","714.41","","-2.17%"
"Dec 08, 2009","731.46","724.60","731.81","723.45","","-0.48%"
"Dec 07, 2009","735.01","736.95","739.57","728.25","","+0.47%"
"Dec 04, 2009","731.54","729.37","731.74","717.53","","+0.34%"
"Dec 03, 2009","729.03","707.40","730.02","706.80","","+4.60%"
"Dec 02, 2009","696.95","696.58","707.63","693.27","","-0.18%"
"Dec 01, 2009","698.18","670.52","698.18","664.58","","+2.92%"
"Nov 30, 2009","678.34","668.39","681.86","667.84","","+2.78%"
"Nov 27, 2009","659.98","677.55","677.74","657.73","","-4.24%"
"Nov 26, 2009","689.19","685.97","697.00","685.28","","-0.64%"
"Nov 25, 2009","693.65","687.59","693.86","683.65","","+0.72%"
"Nov 24, 2009","688.72","698.42","706.86","686.72","","+0.06%"
"Nov 20, 2009","688.34","675.91","688.34","674.45","","+0.18%"
"Nov 19, 2009","687.13","697.55","697.55","679.67","","-1.20%"
"Nov 18, 2009","695.46","703.78","707.83","689.35","","-1.98%"
"Nov 17, 2009","709.51","723.30","727.11","706.89","","-1.49%"
"Nov 16, 2009","720.26","728.52","729.03","714.88","","-0.89%"
"Nov 13, 2009","726.75","729.85","730.88","715.77","","-1.24%"
"Nov 12, 2009","735.90","742.55","748.52","734.57","","-0.14%"
"Nov 11, 2009","736.94","744.18","744.53","735.55","","-0.97%"
"Nov 10, 2009","744.14","754.26","755.25","742.55","","-0.07%"
"Nov 09, 2009","744.67","733.19","747.10","729.82","","+1.29%"
"Nov 06, 2009","735.16","735.96","740.50","730.51","","+0.58%"
"Nov 05, 2009","730.95","739.16","739.62","722.99","","-1.38%"
"Nov 04, 2009","741.15","730.16","744.04","729.80","","+2.46%"
"Nov 02, 2009","723.37","733.69","733.69","715.02","","-3.09%"
"Oct 30, 2009","746.45","747.57","753.25","746.03","","+1.42%"
"Oct 29, 2009","736.02","740.16","740.22","727.35","","-2.24%"
"Oct 28, 2009","752.90","762.27","767.80","748.69","","-1.89%"
"Oct 27, 2009","767.39","781.89","783.34","765.90","","-3.30%"
"Oct 26, 2009","793.59","786.00","797.99","784.73","","+0.62%"
"Oct 23, 2009","788.72","798.44","799.05","788.54","","-0.55%"
"Oct 22, 2009","793.06","791.45","794.42","782.54","","-0.19%"
"Oct 21, 2009","794.56","795.06","798.19","791.73","","-0.80%"
"Oct 20, 2009","800.95","803.77","805.11","798.79","","+0.82%"
"Oct 19, 2009","794.46","785.27","795.75","776.89","","+0.56%"
"Oct 16, 2009","790.06","797.22","799.21","783.24","","-1.04%"
"Oct 15, 2009","798.33","796.95","803.69","793.81","","+1.60%"
"Oct 14, 2009","785.78","792.83","794.01","772.66","","-0.93%"
"Oct 13, 2009","793.18","792.77","800.44","792.58","","+1.03%"
"Oct 09, 2009","785.08","783.01","788.37","778.29","","+1.42%"
"Oct 08, 2009","774.08","771.35","783.41","763.54","","+0.16%"
"Oct 07, 2009","772.85","743.01","777.72","742.40","","+5.62%"
"Oct 06, 2009","731.75","720.70","732.89","718.46","","+2.43%"
"Oct 05, 2009","714.37","729.20","731.60","711.57","","-2.37%"
"Oct 02, 2009","731.73","746.54","746.57","721.42","","-3.67%"
"Oct 01, 2009","759.64","766.84","772.86","756.44","","-0.69%"
"Sep 30, 2009","764.94","760.23","766.52","757.28","","+0.23%"
"Sep 29, 2009","763.20","765.39","769.76","760.23","","+0.83%"
"Sep 28, 2009","756.90","776.02","776.02","753.13","","-4.00%"
"Sep 25, 2009","788.44","802.63","802.86","786.75","","-3.63%"
"Sep 24, 2009","818.10","807.96","822.13","806.44","","+1.44%"
"Sep 18, 2009","806.52","814.05","814.05","797.62","","-2.19%"
"Sep 17, 2009","824.54","813.82","824.54","813.56","","+2.68%"
"Sep 16, 2009","803.04","797.31","810.72","797.31","","+1.13%"
"Sep 15, 2009","794.07","799.67","803.26","788.15","","-0.10%"
"Sep 14, 2009","794.87","817.81","817.81","792.78","","-3.14%"
"Sep 11, 2009","820.68","829.81","829.81","813.65","","-1.49%"
"Sep 10, 2009","833.12","822.37","834.43","821.69","","+2.10%"
"Sep 09, 2009","816.02","819.49","821.93","811.56","","-0.57%"
"Sep 08, 2009","820.73","820.52","820.73","810.16","","+1.12%"
"Sep 07, 2009","811.67","805.03","813.03","804.45","","+1.96%"
"Sep 04, 2009","796.03","804.50","808.70","789.00","","-0.18%"
"Sep 03, 2009","797.43","791.58","802.16","791.50","","+1.11%"
"Sep 02, 2009","788.66","796.28","796.28","785.21","","-2.43%"
"Sep 01, 2009","808.28","800.41","813.08","797.26","","+0.35%"
"Aug 31, 2009","805.46","821.47","833.07","799.61","","-0.96%"
"Aug 28, 2009","813.29","819.17","820.40","808.79","","-0.08%"
"Aug 27, 2009","813.98","821.98","824.90","806.71","","-1.77%"
"Aug 26, 2009","828.66","823.88","831.34","821.63","","+1.28%"
"Aug 25, 2009","818.18","819.67","827.12","816.94","","-0.67%"
"Aug 24, 2009","823.69","805.45","823.69","805.09","","+3.92%"
"Aug 21, 2009","792.60","811.87","812.24","781.87","","-2.97%"
"Aug 20, 2009","816.83","802.39","818.75","797.82","","+2.73%"
"Aug 19, 2009","795.15","801.46","812.66","792.83","","-0.79%"
"Aug 18, 2009","801.50","796.67","804.05","790.60","","-0.87%"
"Aug 17, 2009","808.54","828.89","831.33","806.08","","-3.44%"
"Aug 14, 2009","837.34","832.30","841.53","831.14","","+1.15%"
"Aug 13, 2009","827.83","825.80","831.84","823.04","","+1.44%"
"Aug 12, 2009","816.07","817.63","823.63","813.99","","-1.05%"
"Aug 11, 2009","824.72","812.80","825.46","811.19","","+1.40%"
"Aug 10, 2009","813.31","816.44","820.01","808.04","","+1.14%"
"Aug 07, 2009","804.11","805.37","805.37","786.14","","-0.82%"
"Aug 06, 2009","810.78","795.65","815.05","795.65","","+2.58%"
"Aug 05, 2009","790.37","816.33","816.35","789.92","","-2.28%"
"Aug 04, 2009","808.78","810.73","821.68","804.85","","+0.91%"
"Aug 03, 2009","801.52","795.81","803.89","793.62","","+1.52%"
"Jul 31, 2009","789.51","794.70","796.14","785.19","","+0.87%"
"Jul 30, 2009","782.68","793.50","794.10","767.10","","-1.41%"
"Jul 29, 2009","793.87","788.33","801.36","785.15","","-0.29%"
"Jul 28, 2009","796.14","796.74","797.52","785.59","","+0.40%"
"Jul 27, 2009","792.95","792.30","802.14","788.08","","+0.09%"
"Jul 24, 2009","792.25","785.85","799.14","784.46","","+2.46%"
"Jul 23, 2009","773.26","759.02","780.80","758.56","","+2.52%"
"Jul 22, 2009","754.24","757.58","759.06","743.93","","-0.47%"
"Jul 21, 2009","757.82","733.39","757.82","732.47","","+5.02%"
"Jul 17, 2009","721.57","730.42","732.84","713.10","","+0.36%"
"Jul 16, 2009","719.01","712.67","739.02","712.57","","+2.45%"
"Jul 15, 2009","701.81","707.51","716.90","697.95","","+0.39%"
"Jul 14, 2009","699.10","682.48","702.81","682.32","","+4.19%"
"Jul 13, 2009","671.00","694.76","702.49","668.30","","-4.50%"
"Jul 10, 2009","702.62","716.81","721.32","697.45","","-1.57%"
"Jul 09, 2009","713.85","707.19","729.55","704.37","","-0.31%"
"Jul 08, 2009","716.09","728.73","728.73","707.57","","-3.42%"
"Jul 07, 2009","741.45","754.18","758.66","737.07","","-2.57%"
"Jul 06, 2009","761.04","773.13","774.19","756.83","","-2.09%"
"Jul 03, 2009","777.29","769.39","777.92","760.88","","-0.74%"
"Jul 02, 2009","783.11","787.60","796.61","780.10","","+0.11%"
"Jul 01, 2009","782.26","771.22","792.53","768.37","","+0.74%"
"Jun 30, 2009","776.51","771.96","780.55","770.44","","+2.05%"
"Jun 29, 2009","760.90","779.03","789.17","756.99","","-2.38%"
"Jun 26, 2009","779.45","775.70","784.94","770.05","","+1.74%"
"Jun 25, 2009","766.11","753.67","773.24","753.57","","+2.75%"
"Jun 24, 2009","745.62","733.38","747.28","727.89","","+2.75%"
"Jun 23, 2009","725.63","745.65","747.24","721.01","","-4.06%"
"Jun 22, 2009","756.34","748.43","762.96","744.18","","+0.84%"
"Jun 19, 2009","750.06","761.89","767.86","740.95","","-0.86%"
"Jun 18, 2009","756.59","769.53","769.53","747.77","","-2.42%"
"Jun 17, 2009","775.35","756.69","775.48","756.53","","+2.46%"
"Jun 16, 2009","756.72","781.01","781.75","753.78","","-4.70%"
"Jun 15, 2009","794.04","809.43","809.62","792.14","","-2.35%"
"Jun 12, 2009","813.11","811.67","818.15","807.08","","+0.78%"
"Jun 11, 2009","806.83","805.61","810.60","801.37","","-0.27%"
"Jun 10, 2009","809.00","785.75","809.00","785.55","","+4.29%"
"Jun 09, 2009","775.74","790.29","792.99","773.29","","-2.62%"
"Jun 08, 2009","796.61","795.50","803.31","793.55","","-0.50%"
"Jun 05, 2009","800.58","806.82","810.99","795.12","","+0.43%"
"Jun 04, 2009","797.18","782.77","804.69","780.87","","+0.77%"
"Jun 03, 2009","791.05","775.66","792.37","773.80","","+1.87%"
"Jun 02, 2009","776.56","794.22","801.28","776.23","","-0.66%"
"Jun 01, 2009","781.71","757.27","784.23","757.23","","+3.90%"
"May 29, 2009","752.37","753.29","757.96","749.41","","+0.83%"
"May 28, 2009","746.18","720.29","748.90","719.76","","+3.15%"
"May 27, 2009","723.37","733.85","735.09","721.51","","-0.10%"
"May 26, 2009","724.06","722.23","725.98","710.56","","+1.22%"
"May 25, 2009","715.33","713.74","719.87","709.31","","+1.63%"
"May 22, 2009","703.85","697.67","714.93","697.54","","-0.20%"
"May 21, 2009","705.26","703.86","711.46","702.32","","+0.47%"
"May 20, 2009","701.95","684.17","702.70","683.16","","+3.92%"
"May 19, 2009","675.48","672.37","675.70","667.54","","+2.29%"
"May 18, 2009","660.37","666.44","667.33","656.04","","-1.78%"
"May 15, 2009","672.36","653.54","674.56","653.12","","+4.33%"
"May 14, 2009","644.43","663.73","664.39","641.95","","-4.34%"
"May 13, 2009","673.65","685.27","690.68","673.12","","-1.48%"
"May 12, 2009","683.75","691.51","693.22","681.13","","-1.96%"
"May 11, 2009","697.41","701.93","707.86","691.14","","+0.44%"
"May 08, 2009","694.35","695.24","698.16","687.57","","-0.62%"
"May 07, 2009","698.71","665.78","699.44","665.78","","+6.68%"
"May 01, 2009","654.96","645.21","659.00","641.10","","+1.54%"
"Apr 30, 2009","645.01","637.69","650.90","637.42","","+2.73%"
"Apr 28, 2009","627.89","657.70","665.23","627.28","","-5.64%"
"Apr 27, 2009","665.44","666.75","673.61","658.53","","+1.03%"
"Apr 24, 2009","658.64","667.65","674.73","657.20","","-0.82%"
"Apr 23, 2009","664.08","664.79","669.12","650.16","","+0.30%"
"Apr 22, 2009","662.11","669.57","674.69","653.31","","+0.20%"
"Apr 21, 2009","660.77","675.05","676.12","655.98","","-3.66%"
"Apr 20, 2009","685.89","670.12","689.95","665.65","","+2.23%"
"Apr 17, 2009","670.93","657.45","671.86","657.45","","+2.94%"
"Apr 16, 2009","651.77","648.52","674.28","647.02","","+1.71%"
"Apr 15, 2009","640.79","642.93","647.22","632.77","","-1.26%"
"Apr 14, 2009","648.98","667.84","668.31","642.50","","-1.95%"
"Apr 13, 2009","661.87","641.12","668.14","635.44","","+2.77%"
"Apr 10, 2009","644.03","642.01","649.15","633.39","","+1.50%"
"Apr 09, 2009","634.50","614.88","635.62","614.88","","+4.65%"
"Apr 08, 2009","606.28","624.19","624.69","603.35","","-3.44%"
"Apr 07, 2009","627.91","628.94","635.74","626.02","","-0.67%"
"Apr 06, 2009","632.17","637.83","648.66","629.54","","+0.05%"
"Apr 03, 2009","631.85","637.01","645.83","625.90","","+0.15%"
"Apr 02, 2009","630.89","603.95","636.51","603.45","","+6.01%"
"Apr 01, 2009","595.13","570.96","595.28","569.63","","+5.31%"
"Mar 31, 2009","565.11","566.67","582.75","562.89","","-1.55%"
"Mar 30, 2009","573.98","607.98","611.12","572.92","","-5.53%"
"Mar 27, 2009","607.57","603.99","618.42","603.39","","+1.66%"
"Mar 26, 2009","597.67","585.14","597.70","582.44","","+1.70%"
"Mar 25, 2009","587.67","586.54","591.84","579.23","","+0.06%"
"Mar 24, 2009","587.32","579.51","588.57","574.82","","+2.60%"
"Mar 23, 2009","572.45","550.64","572.78","550.64","","+4.91%"
"Mar 19, 2009","545.67","541.11","548.48","541.03","","+1.95%"
"Mar 18, 2009","535.22","537.15","540.89","528.97","","+0.34%"
"Mar 17, 2009","533.41","525.51","534.15","516.73","","+2.05%"
"Mar 16, 2009","522.70","515.09","525.46","513.77","","+2.72%"
"Mar 13, 2009","508.88","500.73","512.49","500.73","","+3.21%"
"Mar 12, 2009","493.05","502.22","505.81","490.36","","-2.40%"
"Mar 11, 2009","505.15","493.78","505.52","492.83","","+4.07%"
"Mar 10, 2009","485.41","490.25","493.59","484.17","","-2.01%"
"Mar 09, 2009","495.36","495.92","501.57","490.80","","+0.84%"
"Mar 06, 2009","491.21","505.97","507.37","491.21","","-3.83%"
"Mar 05, 2009","510.76","514.03","519.88","510.36","","+0.23%"
"Mar 04, 2009","509.58","492.45","511.50","489.29","","+2.37%"
"Mar 03, 2009","497.77","499.26","502.64","486.69","","-1.89%"
"Mar 02, 2009","507.37","518.69","519.13","504.32","","-3.55%"
"Feb 27, 2009","526.04","517.22","526.73","514.22","","+1.15%"
"Feb 26, 2009","520.06","522.91","531.89","517.05","","-1.74%"
"Feb 25, 2009","529.25","530.96","533.97","519.13","","+0.23%"
"Feb 24, 2009","528.02","525.17","528.02","517.96","","-1.38%"
"Feb 23, 2009","535.39","524.13","537.94","518.86","","+1.95%"
"Feb 20, 2009","525.16","523.17","527.57","515.33","","-0.04%"
"Feb 19, 2009","525.38","524.02","533.43","519.73","","+1.36%"
"Feb 18, 2009","518.32","514.15","522.20","510.94","","-0.21%"
"Feb 17, 2009","519.40","535.14","535.75","516.84","","-3.37%"
"Feb 16, 2009","537.53","528.13","540.14","525.81","","+1.62%"
"Feb 13, 2009","528.97","530.97","537.66","522.67","","+0.28%"
"Feb 12, 2009","527.49","529.23","540.31","521.72","","-1.22%"
"Feb 10, 2009","533.98","544.58","547.75","530.84","","-1.39%"
"Feb 09, 2009","541.50","555.75","561.71","541.50","","-1.25%"
"Feb 06, 2009","548.37","552.80","563.47","542.99","","+0.58%"
"Feb 05, 2009","545.23","542.67","562.43","540.06","","+1.03%"
"Feb 04, 2009","539.65","514.60","544.15","513.36","","+6.57%"
"Feb 03, 2009","506.40","507.34","524.96","505.64","","-0.02%"
"Feb 02, 2009","506.51","503.09","519.11","499.11","","-0.72%"
"Jan 30, 2009","510.19","530.92","530.92","506.50","","-5.46%"
"Jan 29, 2009","539.64","544.25","550.89","532.02","","+0.77%"
"Jan 28, 2009","535.54","530.18","540.99","515.66","","+0.63%"
"Jan 27, 2009","532.19","500.77","537.25","500.33","","+8.08%"
"Jan 26, 2009","492.40","498.42","504.31","491.46","","-0.92%"
"Jan 23, 2009","496.99","511.52","511.96","496.99","","-3.28%"
"Jan 22, 2009","513.83","519.07","519.68","501.45","","+0.30%"
"Jan 21, 2009","512.31","526.92","526.92","512.31","","-4.36%"
"Jan 20, 2009","535.66","544.86","545.92","529.38","","-2.43%"
"Jan 19, 2009","549.01","553.54","557.59","547.99","","+0.60%"
"Jan 16, 2009","545.73","536.42","549.23","536.42","","+3.31%"
"Jan 15, 2009","528.24","543.83","543.83","526.34","","-4.50%"
"Jan 14, 2009","553.12","551.73","558.83","547.27","","+0.70%"
"Jan 13, 2009","549.27","589.26","589.26","549.27","","-8.08%"
"Jan 09, 2009","597.54","594.87","606.78","584.52","","+1.15%"
"Jan 08, 2009","590.77","615.74","616.14","590.77","","-5.64%"
"Jan 07, 2009","626.08","598.69","630.19","598.69","","+6.16%"
"Jan 06, 2009","589.77","586.50","592.02","577.02","","+0.93%"
"Jan 05, 2009","584.31","562.47","585.69","562.47","","+5.73%"
"Dec 30, 2008","552.62","547.15","554.50","543.89","","+1.27%"
"Dec 29, 2008","545.69","538.67","546.95","536.33","","+1.62%"
"Dec 26, 2008","537.00","529.24","537.66","524.34","","+2.38%"
"Dec 25, 2008","524.50","519.28","524.50","516.06","","+1.41%"
"Dec 24, 2008","517.22","528.07","528.87","514.11","","-3.27%"
"Dec 22, 2008","534.69","531.83","538.71","529.78","","+0.56%"
"Dec 19, 2008","531.73","538.93","543.52","531.73","","-2.41%"
"Dec 18, 2008","544.84","542.00","554.35","538.83","","+0.18%"
"Dec 17, 2008","543.87","567.36","575.27","530.35","","-2.81%"
"Dec 16, 2008","559.62","574.88","574.90","554.69","","-3.12%"
"Dec 15, 2008","577.62","547.63","579.84","547.62","","+7.19%"
"Dec 12, 2008","538.87","571.13","578.43","530.96","","-6.98%"
"Dec 11, 2008","579.28","558.55","579.30","551.72","","+3.61%"
"Dec 10, 2008","559.07","519.12","561.34","518.49","","+7.64%"
"Dec 09, 2008","519.38","515.83","531.72","511.30","","+2.07%"
"Dec 08, 2008","508.84","481.46","510.91","479.15","","+6.57%"
"Dec 05, 2008","477.48","473.49","485.37","472.04","","+0.05%"
"Dec 04, 2008","477.25","490.23","497.12","471.85","","-2.58%"
"Dec 03, 2008","489.87","498.22","501.99","485.06","","-0.80%"
"Dec 02, 2008","493.84","523.36","523.36","493.54","","-7.36%"
"Dec 01, 2008","533.05","537.06","543.15","531.09","","-0.56%"
"Nov 28, 2008","536.06","511.86","536.43","509.24","","+5.55%"
"Nov 27, 2008","507.88","499.91","515.48","499.82","","+2.76%"
"Nov 26, 2008","494.22","496.33","497.95","489.08","","-1.72%"
"Nov 25, 2008","502.87","496.19","514.64","489.36","","+3.35%"
"Nov 21, 2008","486.56","449.79","488.63","436.55","","+6.61%"
"Nov 20, 2008","456.38","480.02","480.16","456.38","","-6.59%"
"Nov 19, 2008","488.58","506.51","508.40","479.85","","-3.24%"
"Nov 18, 2008","504.93","498.15","511.26","494.68","","+0.43%"
"Nov 17, 2008","502.79","496.29","520.99","486.99","","+0.61%"
"Nov 14, 2008","499.73","497.15","519.37","496.90","","+2.60%"
"Nov 13, 2008","487.08","507.27","507.27","484.92","","-5.61%"
"Nov 12, 2008","516.02","522.50","526.28","512.44","","-2.64%"
"Nov 11, 2008","529.99","543.36","544.61","527.67","","-3.49%"
"Nov 10, 2008","549.13","522.33","552.25","522.33","","+7.10%"
"Nov 07, 2008","512.74","533.00","533.00","498.15","","-5.60%"
"Nov 06, 2008","543.17","573.15","573.16","540.66","","-6.86%"
"Nov 05, 2008","583.19","556.15","583.19","555.76","","+6.66%"
"Nov 04, 2008","546.76","523.90","549.91","523.89","","+6.31%"
"Oct 31, 2008","514.33","541.93","542.73","513.99","","-5.79%"
"Oct 30, 2008","545.92","490.49","545.92","490.27","","+12.79%"
"Oct 29, 2008","484.02","471.89","499.64","457.90","","+4.81%"
"Oct 28, 2008","461.81","422.16","464.66","412.49","","+10.12%"
"Oct 27, 2008","419.37","450.87","474.37","418.75","","-7.47%"
"Oct 24, 2008","453.24","504.17","504.17","453.06","","-10.81%"
"Oct 23, 2008","508.15","520.24","520.30","483.71","","-3.95%"
"Oct 22, 2008","529.03","575.37","575.37","529.03","","-9.43%"
"Oct 21, 2008","584.14","563.86","589.53","563.55","","+5.43%"
"Oct 20, 2008","554.07","536.90","555.60","529.23","","+4.14%"
"Oct 17, 2008","532.05","536.25","548.60","520.52","","+1.17%"
"Oct 16, 2008","525.91","587.98","587.98","525.05","","-12.10%"
"Oct 15, 2008","598.33","596.79","603.17","575.38","","-0.71%"
"Oct 14, 2008","602.59","524.20","603.24","524.20","","+17.30%"
"Oct 10, 2008","513.70","537.61","537.61","489.15","","-6.15%"
"Oct 09, 2008","547.37","540.54","567.48","536.81","","+1.74%"
"Oct 08, 2008","538.00","600.76","600.87","534.03","","-11.92%"
"Oct 07, 2008","610.84","610.28","619.83","578.90","","-1.58%"
"Oct 06, 2008","620.63","654.09","654.83","615.35","","-6.39%"
"Oct 03, 2008","663.03","688.83","689.83","661.05","","-5.27%"
"Oct 02, 2008","699.93","747.29","747.69","698.02","","-5.49%"
"Oct 01, 2008","740.61","761.33","763.52","737.35","","-2.07%"
"Sep 30, 2008","756.24","769.28","769.36","731.49","","-3.44%"
"Sep 29, 2008","783.18","807.29","816.74","781.61","","-3.79%"
"Sep 26, 2008","814.06","843.23","844.90","804.63","","-4.09%"
"Sep 25, 2008","848.78","843.47","848.97","835.21","","-0.85%"
"Sep 24, 2008","856.07","841.32","856.63","835.03","","+1.98%"
"Sep 22, 2008","839.48","833.41","853.39","833.14","","+1.64%"
"Sep 19, 2008","825.92","804.52","828.92","804.27","","+4.29%"
"Sep 18, 2008","791.93","781.09","795.14","768.87","","+1.24%"
"Sep 17, 2008","782.24","788.54","797.06","779.53","","+0.22%"
"Sep 16, 2008","780.56","805.25","805.25","770.79","","-4.71%"
"Sep 12, 2008","819.14","810.05","821.45","801.00","","+2.44%"
"Sep 11, 2008","799.62","812.50","820.26","793.72","","-2.73%"
"Sep 10, 2008","822.06","824.68","828.33","811.83","","-1.97%"
"Sep 09, 2008","838.59","857.03","857.03","833.52","","-3.23%"
"Sep 08, 2008","866.59","846.23","872.31","846.23","","+3.99%"
"Sep 05, 2008","833.30","835.30","836.65","815.22","","-1.87%"
"Sep 04, 2008","849.15","861.65","861.65","839.02","","-2.05%"
"Sep 03, 2008","866.88","886.79","887.38","859.37","","-2.22%"
"Sep 02, 2008","886.59","898.84","910.21","876.94","","-2.01%"
"Sep 01, 2008","904.81","914.85","917.17","903.97","","-2.54%"
"Aug 29, 2008","928.43","915.41","928.52","915.16","","+2.85%"
"Aug 28, 2008","902.72","916.26","917.76","896.92","","-0.46%"
"Aug 27, 2008","906.89","916.19","923.10","903.45","","-0.93%"
"Aug 26, 2008","915.42","907.01","917.65","905.45","","-0.50%"
"Aug 25, 2008","919.98","918.41","927.23","917.60","","+1.01%"
"Aug 22, 2008","910.75","923.83","925.05","908.09","","-0.49%"
"Aug 21, 2008","915.24","917.81","920.21","911.86","","+0.12%"
"Aug 20, 2008","914.18","902.05","917.85","901.62","","+1.24%"
"Aug 19, 2008","902.97","912.63","912.82","897.42","","-1.52%"
"Aug 18, 2008","916.89","897.44","923.95","893.77","","+1.27%"
"Aug 15, 2008","905.38","911.56","911.56","895.78","","-0.45%"
"Aug 14, 2008","909.47","904.07","925.68","903.82","","+0.87%"
"Aug 13, 2008","901.60","908.17","912.69","896.73","","-1.71%"
"Aug 12, 2008","917.25","937.46","937.62","915.74","","-2.56%"
"Aug 11, 2008","941.35","924.32","945.52","924.32","","+2.93%"
"Aug 08, 2008","914.58","898.10","924.32","894.21","","+0.83%"
"Aug 07, 2008","907.06","910.88","923.24","900.53","","-0.72%"
"Aug 06, 2008","913.66","897.76","913.66","894.31","","+3.02%"
"Aug 05, 2008","886.87","891.40","904.37","882.90","","-0.88%"
"Aug 04, 2008","894.78","939.28","939.92","894.32","","-5.19%"
"Aug 01, 2008","943.77","960.13","961.82","940.27","","-2.42%"
"Jul 31, 2008","967.20","970.17","977.43","952.53","","+0.22%"
"Jul 30, 2008","965.10","956.58","965.60","955.50","","+1.78%"
"Jul 29, 2008","948.21","944.05","948.97","931.83","","-0.63%"
"Jul 28, 2008","954.18","958.79","964.21","946.92","","-0.06%"
"Jul 25, 2008","954.76","971.30","972.96","950.25","","-2.87%"
"Jul 24, 2008","983.02","973.06","983.18","967.72","","+1.50%"
"Jul 23, 2008","968.53","966.99","976.74","963.76","","+0.58%"
"Jul 22, 2008","962.90","934.87","964.13","934.43","","+4.31%"
"Jul 18, 2008","923.11","935.66","946.66","922.38","","-0.57%"
"Jul 17, 2008","928.44","932.79","936.92","922.98","","+0.81%"
"Jul 16, 2008","920.99","928.73","934.86","912.56","","-1.65%"
"Jul 15, 2008","936.48","950.64","955.50","931.49","","-2.16%"
"Jul 14, 2008","957.17","949.49","979.21","945.34","","+0.53%"
"Jul 11, 2008","952.14","942.79","962.35","937.75","","+0.52%"
"Jul 10, 2008","947.19","928.55","950.54","928.55","","+1.24%"
"Jul 09, 2008","935.59","952.67","964.05","934.07","","-0.77%"
"Jul 08, 2008","942.81","968.06","968.06","938.06","","-3.08%"
"Jul 07, 2008","972.74","965.65","978.19","955.86","","+0.57%"
"Jul 04, 2008","967.25","959.14","972.12","956.43","","+0.52%"
"Jul 03, 2008","962.23","972.09","972.09","948.09","","-2.08%"
"Jul 02, 2008","982.71","997.81","999.06","977.86","","-1.63%"
"Jul 01, 2008","999.02","1,002.52","1,012.05","996.44","","-0.69%"
"Jun 30, 2008","1,006.01","1,011.68","1,015.64","1,004.08","","+0.30%"
"Jun 27, 2008","1,003.00","1,007.55","1,008.44","992.39","","-1.96%"
"Jun 26, 2008","1,023.06","1,034.73","1,040.36","1,022.25","","-1.53%"
"Jun 25, 2008","1,038.99","1,047.56","1,047.56","1,020.62","","-1.07%"
"Jun 24, 2008","1,050.20","1,042.33","1,055.22","1,039.31","","-0.15%"
"Jun 23, 2008","1,051.75","1,036.61","1,058.27","1,026.78","","+0.08%"
"Jun 20, 2008","1,050.94","1,074.58","1,079.29","1,048.76","","-1.59%"
"Jun 19, 2008","1,067.97","1,081.92","1,082.35","1,061.68","","-1.81%"
"Jun 18, 2008","1,087.68","1,070.17","1,089.77","1,070.17","","+1.63%"
"Jun 17, 2008","1,070.23","1,072.98","1,075.01","1,061.15","","-0.39%"
"Jun 16, 2008","1,074.37","1,060.86","1,079.83","1,057.75","","+2.60%"
"Jun 13, 2008","1,047.17","1,027.26","1,054.97","1,026.43","","+2.46%"
"Jun 12, 2008","1,022.07","1,034.84","1,034.84","1,015.86","","-2.50%"
"Jun 11, 2008","1,048.27","1,053.30","1,053.30","1,031.08","","-0.12%"
"Jun 10, 2008","1,049.48","1,068.90","1,071.41","1,048.67","","-1.18%"
"Jun 09, 2008","1,062.04","1,070.44","1,071.37","1,055.70","","-2.05%"
"Jun 06, 2008","1,084.31","1,082.22","1,095.34","1,080.93","","+1.40%"
"Jun 05, 2008","1,069.34","1,064.68","1,070.73","1,059.84","","+0.11%"
"Jun 04, 2008","1,068.16","1,059.74","1,069.35","1,054.91","","+1.00%"
"Jun 03, 2008","1,057.61","1,060.30","1,069.95","1,051.39","","-0.87%"
"Jun 02, 2008","1,066.92","1,053.67","1,072.79","1,045.56","","+1.45%"
"May 30, 2008","1,051.72","1,037.41","1,058.34","1,037.05","","+1.78%"
"May 29, 2008","1,033.36","1,020.14","1,042.99","1,019.59","","+1.61%"
"May 28, 2008","1,017.03","1,044.87","1,047.16","1,014.20","","-3.14%"
"May 27, 2008","1,049.99","1,052.24","1,057.04","1,040.52","","+0.14%"
"May 26, 2008","1,048.57","1,062.66","1,064.09","1,045.34","","-2.46%"
"May 23, 2008","1,075.03","1,095.49","1,095.86","1,075.03","","-2.77%"
"May 22, 2008","1,105.68","1,080.77","1,109.15","1,063.22","","+1.15%"
"May 21, 2008","1,093.16","1,101.52","1,109.27","1,084.22","","-1.25%"
"May 20, 2008","1,107.03","1,109.52","1,115.52","1,099.93","","+0.26%"
"May 19, 2008","1,104.15","1,100.97","1,109.36","1,099.23","","+1.23%"
"May 16, 2008","1,090.77","1,093.89","1,100.24","1,081.65","","+1.04%"
"May 15, 2008","1,079.57","1,067.64","1,089.10","1,067.64","","+1.79%"
"May 14, 2008","1,060.58","1,040.59","1,063.12","1,038.92","","+1.94%"
"May 13, 2008","1,040.37","1,021.23","1,042.03","1,015.77","","+2.75%"
"May 12, 2008","1,012.56","1,016.59","1,017.91","999.93","","-1.20%"
"May 09, 2008","1,024.85","1,050.90","1,055.73","1,022.25","","-2.30%"
"May 08, 2008","1,049.02","1,055.47","1,057.70","1,048.35","","-1.16%"
"May 07, 2008","1,061.35","1,048.48","1,065.76","1,048.48","","+2.54%"
"May 02, 2008","1,035.07","1,029.75","1,036.80","1,026.13","","+1.58%"
"May 01, 2008","1,018.95","1,036.51","1,037.56","1,017.29","","-2.42%"
"Apr 30, 2008","1,044.17","1,053.65","1,058.38","1,035.84","","-1.70%"
"Apr 28, 2008","1,062.20","1,060.23","1,070.70","1,046.44","","+1.07%"
"Apr 25, 2008","1,050.93","1,038.93","1,053.34","1,038.29","","+1.77%"
"Apr 24, 2008","1,032.63","1,046.84","1,049.50","1,027.17","","-1.23%"
"Apr 23, 2008","1,045.46","1,040.44","1,056.72","1,039.63","","+0.78%"
"Apr 22, 2008","1,037.34","1,047.22","1,050.30","1,035.30","","-1.27%"
"Apr 21, 2008","1,050.66","1,043.60","1,056.64","1,043.41","","+1.33%"
"Apr 18, 2008","1,036.87","1,025.21","1,036.87","1,018.01","","+1.27%"
"Apr 17, 2008","1,023.91","1,026.28","1,036.41","1,018.78","","+1.04%"
"Apr 16, 2008","1,013.40","1,018.43","1,024.62","1,009.18","","+0.60%"
"Apr 15, 2008","1,007.33","1,000.66","1,016.09","994.22","","+1.24%"
"Apr 14, 2008","995.00","993.63","1,000.18","983.73","","-1.49%"
"Apr 11, 2008","1,010.06","994.99","1,010.06","990.05","","+1.53%"
"Apr 10, 2008","994.82","1,003.57","1,009.60","990.97","","-1.10%"
"Apr 09, 2008","1,005.92","1,030.14","1,030.14","997.32","","-2.10%"
"Apr 08, 2008","1,027.51","1,027.82","1,041.13","1,025.68","","-0.32%"
"Apr 07, 2008","1,030.82","1,004.75","1,034.51","997.57","","+3.35%"
"Apr 04, 2008","997.41","1,010.87","1,010.87","990.59","","-1.46%"
"Apr 03, 2008","1,012.14","991.28","1,012.67","986.64","","+2.86%"
"Apr 02, 2008","984.00","972.51","988.78","972.49","","+2.25%"
"Apr 01, 2008","962.38","966.92","975.46","957.32","","-1.09%"
"Mar 31, 2008","972.96","1,001.11","1,001.11","957.66","","-3.69%"
"Mar 28, 2008","1,010.19","1,005.35","1,015.63","989.17","","+0.96%"
"Mar 27, 2008","1,000.54","998.83","1,010.33","988.23","","+0.06%"
"Mar 26, 2008","999.93","982.74","1,003.83","981.02","","+1.15%"
"Mar 25, 2008","988.60","976.41","994.09","971.15","","+2.74%"
"Mar 24, 2008","962.21","961.74","981.25","958.45","","+0.05%"
"Mar 21, 2008","961.76","970.40","970.83","946.58","","-1.81%"
"Mar 19, 2008","979.44","980.20","994.22","964.61","","+1.51%"
"Mar 18, 2008","964.90","986.55","988.90","949.61","","-2.85%"
"Mar 17, 2008","993.16","997.07","1,007.62","968.25","","-1.51%"
"Mar 14, 2008","1,008.35","1,048.23","1,056.93","994.53","","-3.00%"
"Mar 13, 2008","1,039.58","1,044.63","1,065.46","1,025.75","","-1.06%"
"Mar 12, 2008","1,050.69","1,060.78","1,091.03","1,043.75","","+0.65%"
"Mar 11, 2008","1,043.94","1,000.90","1,044.69","980.39","","+2.80%"
"Mar 10, 2008","1,015.53","1,072.57","1,072.57","1,014.12","","-6.61%"
"Mar 07, 2008","1,087.36","1,101.67","1,102.63","1,075.14","","-2.80%"
"Mar 06, 2008","1,118.66","1,112.21","1,137.59","1,111.67","","+1.61%"
"Mar 05, 2008","1,100.93","1,097.03","1,111.08","1,082.65","","-0.39%"
"Mar 04, 2008","1,105.26","1,105.09","1,117.45","1,089.00","","+1.22%"
"Mar 03, 2008","1,091.96","1,145.53","1,145.53","1,091.96","","-6.26%"
"Feb 29, 2008","1,164.85","1,179.12","1,184.36","1,153.25","","-2.27%"
"Feb 28, 2008","1,191.85","1,164.12","1,197.97","1,161.10","","+1.47%"
"Feb 27, 2008","1,174.62","1,181.26","1,188.97","1,161.49","","+1.11%"
"Feb 26, 2008","1,161.78","1,173.41","1,185.25","1,160.96","","-0.08%"
"Feb 25, 2008","1,162.75","1,169.84","1,172.37","1,148.86","","+1.21%"
"Feb 22, 2008","1,148.81","1,131.96","1,157.94","1,126.66","","+0.43%"
"Feb 21, 2008","1,143.92","1,087.41","1,153.62","1,084.09","","+6.61%"
"Feb 20, 2008","1,072.97","1,104.53","1,112.92","1,071.04","","-2.55%"
"Feb 19, 2008","1,101.06","1,096.66","1,108.63","1,083.90","","+1.38%"
"Feb 18, 2008","1,086.06","1,076.35","1,101.33","1,076.35","","+1.43%"
"Feb 15, 2008","1,070.71","1,043.88","1,074.70","1,026.58","","+1.06%"
"Feb 14, 2008","1,059.46","1,020.70","1,061.06","1,020.18","","+5.57%"
"Feb 13, 2008","1,003.54","1,007.26","1,018.86","999.15","","+1.29%"
"Feb 12, 2008","990.76","987.03","1,004.09","976.33","","-0.53%"
"Feb 08, 2008","996.04","1,018.49","1,026.71","992.53","","-2.49%"
"Feb 07, 2008","1,021.49","1,027.25","1,039.77","1,002.43","","-1.14%"
"Feb 06, 2008","1,033.31","1,091.75","1,091.75","1,029.89","","-6.87%"
"Feb 05, 2008","1,109.48","1,100.93","1,123.08","1,096.11","","+0.66%"
"Feb 04, 2008","1,102.18","1,102.43","1,113.36","1,096.97","","+1.46%"
"Feb 01, 2008","1,086.32","1,082.11","1,097.07","1,075.30","","+1.51%"
"Jan 31, 2008","1,070.17","1,051.19","1,074.84","1,033.07","","+0.93%"
"Jan 30, 2008","1,060.34","1,074.19","1,085.96","1,054.46","","-0.76%"
"Jan 29, 2008","1,068.43","1,035.94","1,071.58","1,035.47","","+4.57%"
"Jan 28, 2008","1,021.74","1,052.90","1,060.28","1,020.17","","-4.11%"
"Jan 25, 2008","1,065.50","1,018.53","1,066.95","1,018.28","","+6.15%"
"Jan 24, 2008","1,003.77","986.27","1,009.09","986.27","","+3.38%"
"Jan 23, 2008","970.97","952.77","988.34","948.84","","+3.50%"
"Jan 22, 2008","938.15","1,011.14","1,011.59","938.15","","-8.83%"
"Jan 21, 2008","1,029.05","1,067.57","1,068.64","1,029.05","","-5.07%"
"Jan 18, 2008","1,084.01","1,043.44","1,088.88","1,021.27","","+2.15%"
"Jan 17, 2008","1,061.19","1,040.56","1,064.05","1,027.75","","+3.25%"
"Jan 16, 2008","1,027.82","1,068.85","1,068.85","1,027.48","","-5.44%"
"Jan 15, 2008","1,086.98","1,128.53","1,139.61","1,085.49","","-3.22%"
"Jan 11, 2008","1,123.09","1,156.68","1,169.76","1,120.38","","-2.44%"
"Jan 10, 2008","1,151.14","1,167.87","1,173.76","1,150.92","","-1.21%"
"Jan 09, 2008","1,165.19","1,130.64","1,170.38","1,118.71","","+1.48%"
"Jan 08, 2008","1,148.23","1,125.48","1,152.21","1,117.73","","+2.00%"
"Jan 07, 2008","1,125.74","1,148.30","1,149.23","1,114.38","","-3.13%"
"Jan 04, 2008","1,162.14","1,202.31","1,203.28","1,153.16","","-3.34%"
"Dec 28, 2007","1,202.28","1,210.34","1,210.34","1,199.27","","-2.08%"
"Dec 27, 2007","1,227.86","1,243.24","1,246.51","1,226.09","","-1.84%"
"Dec 26, 2007","1,250.90","1,234.58","1,251.03","1,224.12","","+1.89%"
"Dec 25, 2007","1,227.73","1,222.16","1,236.15","1,212.40","","+1.85%"
"Dec 21, 2007","1,205.43","1,170.73","1,205.82","1,170.61","","+2.49%"
"Dec 20, 2007","1,176.11","1,200.25","1,204.41","1,173.45","","-1.17%"
"Dec 19, 2007","1,190.03","1,203.52","1,220.57","1,188.86","","-0.93%"
"Dec 18, 2007","1,201.19","1,185.82","1,204.27","1,180.06","","-0.11%"
"Dec 17, 2007","1,202.49","1,234.70","1,237.83","1,201.21","","-3.79%"
"Dec 14, 2007","1,249.92","1,263.10","1,277.66","1,239.44","","-0.79%"
"Dec 13, 2007","1,259.82","1,287.72","1,295.14","1,255.76","","-2.88%"
"Dec 12, 2007","1,297.17","1,285.60","1,300.03","1,271.18","","-0.65%"
"Dec 11, 2007","1,305.61","1,301.14","1,307.81","1,294.69","","+1.40%"
"Dec 10, 2007","1,287.64","1,305.96","1,309.05","1,276.48","","-0.96%"
"Dec 07, 2007","1,300.17","1,281.70","1,311.22","1,281.38","","+2.17%"
"Dec 06, 2007","1,272.51","1,268.22","1,274.15","1,250.74","","+1.83%"
"Dec 05, 2007","1,249.62","1,251.86","1,263.19","1,235.55","","-0.53%"
"Dec 04, 2007","1,256.34","1,291.73","1,302.30","1,255.33","","-2.81%"
"Dec 03, 2007","1,292.66","1,314.08","1,322.69","1,282.88","","-0.17%"
"Nov 30, 2007","1,294.84","1,253.93","1,298.48","1,253.93","","+3.82%"
"Nov 29, 2007","1,247.21","1,235.91","1,250.85","1,234.33","","+2.62%"
"Nov 28, 2007","1,215.32","1,233.29","1,245.15","1,213.24","","-1.03%"
"Nov 27, 2007","1,227.98","1,221.84","1,242.67","1,196.67","","-1.20%"
"Nov 26, 2007","1,242.86","1,238.54","1,262.66","1,230.43","","+1.38%"
"Nov 22, 2007","1,225.92","1,199.49","1,237.03","1,196.17","","+0.76%"
"Nov 21, 2007","1,216.64","1,260.85","1,261.50","1,213.90","","-4.11%"
"Nov 20, 2007","1,268.79","1,227.31","1,274.60","1,196.82","","+1.63%"
"Nov 19, 2007","1,248.41","1,290.81","1,304.20","1,246.10","","-3.52%"
"Nov 16, 2007","1,293.95","1,324.97","1,324.97","1,285.19","","-3.63%"
"Nov 15, 2007","1,342.67","1,332.66","1,366.42","1,324.36","","+0.94%"
"Nov 14, 2007","1,330.17","1,324.45","1,331.34","1,319.38","","+1.96%"
"Nov 13, 2007","1,304.57","1,316.58","1,316.58","1,285.32","","-1.82%"
"Nov 12, 2007","1,328.82","1,358.91","1,360.36","1,299.47","","-3.83%"
"Nov 09, 2007","1,381.74","1,399.15","1,426.66","1,381.61","","-0.64%"
"Nov 08, 2007","1,390.68","1,399.51","1,402.82","1,372.54","","-2.32%"
"Nov 07, 2007","1,423.74","1,433.18","1,452.56","1,419.47","","+0.14%"
"Nov 06, 2007","1,421.75","1,426.33","1,454.73","1,421.75","","-1.07%"
"Nov 05, 2007","1,437.07","1,468.01","1,470.72","1,432.16","","-2.48%"
"Nov 02, 2007","1,473.68","1,488.71","1,490.74","1,470.42","","-2.52%"
"Nov 01, 2007","1,511.83","1,503.70","1,523.10","1,503.70","","+1.27%"
"Oct 31, 2007","1,492.94","1,495.57","1,499.17","1,479.02","","-0.53%"
"Oct 30, 2007","1,500.91","1,514.18","1,516.07","1,481.00","","-1.49%"
"Oct 29, 2007","1,523.62","1,519.38","1,538.43","1,516.51","","+1.61%"
"Oct 26, 2007","1,499.46","1,471.16","1,499.46","1,464.86","","+2.56%"
"Oct 25, 2007","1,462.10","1,487.09","1,494.69","1,459.14","","-1.38%"
"Oct 24, 2007","1,482.62","1,492.67","1,515.37","1,481.57","","+0.01%"
"Oct 23, 2007","1,482.50","1,493.71","1,506.34","1,479.00","","-0.10%"
"Oct 22, 2007","1,484.00","1,507.11","1,507.47","1,465.12","","-3.03%"
"Oct 19, 2007","1,530.41","1,555.50","1,556.11","1,525.77","","-2.71%"
"Oct 18, 2007","1,573.11","1,548.26","1,578.20","1,541.99","","+1.50%"
"Oct 17, 2007","1,549.89","1,583.82","1,590.42","1,520.56","","-2.18%"
"Oct 16, 2007","1,584.38","1,613.27","1,613.72","1,581.41","","-1.88%"
"Oct 15, 2007","1,614.81","1,608.57","1,626.82","1,602.79","","+1.31%"
"Oct 12, 2007","1,593.97","1,593.00","1,604.51","1,582.18","","+0.29%"
"Oct 11, 2007","1,589.33","1,552.71","1,589.33","1,552.52","","+2.71%"
"Oct 10, 2007","1,547.43","1,560.01","1,565.14","1,544.64","","+0.44%"
"Oct 09, 2007","1,540.61","1,554.92","1,558.91","1,537.38","","-1.16%"
"Oct 05, 2007","1,558.70","1,563.21","1,570.93","1,556.32","","-0.57%"
"Oct 04, 2007","1,567.67","1,564.29","1,579.41","1,560.74","","-0.16%"
"Oct 03, 2007","1,570.15","1,534.19","1,570.83","1,531.52","","+1.34%"
"Oct 02, 2007","1,549.32","1,558.78","1,566.16","1,546.36","","+0.46%"
"Oct 01, 2007","1,542.29","1,543.49","1,560.09","1,533.34","","-0.32%"
"Sep 28, 2007","1,547.25","1,558.68","1,564.13","1,544.70","","-0.70%"
"Sep 27, 2007","1,558.11","1,547.16","1,560.89","1,542.11","","+1.31%"
"Sep 26, 2007","1,538.01","1,511.76","1,538.01","1,510.34","","+1.28%"
"Sep 25, 2007","1,518.50","1,501.77","1,529.24","1,485.44","","+1.08%"
"Sep 21, 2007","1,502.33","1,483.72","1,502.33","1,482.12","","+1.32%"
"Sep 20, 2007","1,482.78","1,472.53","1,495.15","1,471.71","","+1.82%"
"Sep 19, 2007","1,456.23","1,397.51","1,458.34","1,396.84","","+5.99%"
"Sep 18, 2007","1,373.99","1,392.43","1,399.54","1,370.81","","-2.24%"
"Sep 14, 2007","1,405.52","1,373.93","1,407.32","1,372.19","","+3.04%"
"Sep 13, 2007","1,364.09","1,375.40","1,384.36","1,359.56","","-0.08%"
"Sep 12, 2007","1,365.12","1,393.74","1,401.68","1,359.89","","-0.91%"
"Sep 11, 2007","1,377.62","1,374.34","1,387.98","1,341.48","","+0.22%"
"Sep 10, 2007","1,374.61","1,390.23","1,390.38","1,363.99","","-2.69%"
"Sep 07, 2007","1,412.56","1,403.62","1,421.63","1,401.71","","+0.13%"
"Sep 06, 2007","1,410.78","1,388.71","1,410.78","1,366.15","","+0.01%"
"Sep 05, 2007","1,410.58","1,447.55","1,454.85","1,408.39","","-1.69%"
"Sep 04, 2007","1,434.77","1,450.76","1,461.56","1,434.27","","-1.33%"
"Sep 03, 2007","1,454.06","1,427.17","1,454.65","1,424.94","","+1.74%"
"Aug 31, 2007","1,429.26","1,371.75","1,429.26","1,368.40","","+4.63%"
"Aug 30, 2007","1,365.98","1,382.21","1,390.20","1,361.35","","+0.45%"
"Aug 29, 2007","1,359.92","1,362.61","1,362.61","1,326.04","","-1.80%"
"Aug 28, 2007","1,384.85","1,382.95","1,397.87","1,377.13","","-0.85%"
"Aug 27, 2007","1,396.75","1,415.59","1,424.05","1,390.61","","-0.18%"
"Aug 24, 2007","1,399.32","1,394.77","1,411.48","1,384.16","","-0.52%"
"Aug 23, 2007","1,406.67","1,363.55","1,408.41","1,363.35","","+4.59%"
"Aug 22, 2007","1,344.99","1,334.26","1,357.43","1,324.04","","-0.52%"
"Aug 21, 2007","1,351.99","1,318.30","1,365.27","1,310.62","","+3.51%"
"Aug 20, 2007","1,306.20","1,280.85","1,342.24","1,280.85","","+3.77%"
"Aug 17, 2007","1,258.75","1,377.33","1,377.91","1,255.81","","-9.87%"
"Aug 16, 2007","1,396.64","1,400.77","1,402.37","1,345.38","","-1.90%"
"Aug 15, 2007","1,423.72","1,458.59","1,459.80","1,423.44","","-3.75%"
"Aug 14, 2007","1,479.24","1,465.64","1,481.97","1,458.57","","+1.79%"
"Aug 13, 2007","1,453.18","1,422.17","1,473.19","1,415.20","","+3.56%"
"Aug 10, 2007","1,403.27","1,461.40","1,461.49","1,388.66","","-5.49%"
"Aug 09, 2007","1,484.80","1,508.90","1,512.24","1,460.98","","-1.50%"
"Aug 08, 2007","1,507.40","1,546.12","1,553.92","1,500.12","","-2.84%"
"Aug 07, 2007","1,551.52","1,588.83","1,590.02","1,545.28","","-1.79%"
"Aug 06, 2007","1,579.77","1,577.28","1,583.77","1,559.07","","-1.16%"
"Aug 03, 2007","1,598.30","1,599.49","1,603.06","1,579.81","","+0.31%"
"Aug 02, 2007","1,593.33","1,610.07","1,623.91","1,550.27","","-0.62%"
"Aug 01, 2007","1,603.22","1,648.78","1,665.80","1,602.14","","-3.23%"
"Jul 31, 2007","1,656.68","1,675.73","1,675.84","1,639.81","","-1.15%"
"Jul 30, 2007","1,676.00","1,622.27","1,676.00","1,612.96","","+3.25%"
"Jul 27, 2007","1,623.21","1,644.40","1,644.40","1,607.46","","-2.71%"
"Jul 26, 2007","1,668.44","1,699.33","1,699.33","1,667.85","","-2.43%"
"Jul 25, 2007","1,710.02","1,690.43","1,710.07","1,680.69","","-0.22%"
"Jul 24, 2007","1,713.83","1,729.75","1,729.80","1,702.64","","-1.51%"
"Jul 23, 2007","1,740.17","1,733.42","1,753.56","1,721.29","","-0.16%"
"Jul 20, 2007","1,742.91","1,717.11","1,744.70","1,716.77","","+2.26%"
"Jul 19, 2007","1,704.36","1,698.20","1,706.83","1,684.42","","+0.92%"
"Jul 18, 2007","1,688.82","1,687.17","1,700.72","1,678.96","","-0.33%"
"Jul 17, 2007","1,694.34","1,662.92","1,694.70","1,658.57","","+2.11%"
"Jul 13, 2007","1,659.40","1,653.26","1,664.04","1,651.42","","+1.58%"
"Jul 12, 2007","1,633.63","1,647.93","1,650.01","1,624.63","","-0.29%"
"Jul 11, 2007","1,638.44","1,643.66","1,647.18","1,633.67","","-1.34%"
"Jul 10, 2007","1,660.62","1,655.47","1,667.21","1,655.42","","+0.65%"
"Jul 09, 2007","1,649.91","1,631.45","1,649.91","1,628.69","","+1.91%"
"Jul 06, 2007","1,619.03","1,620.87","1,626.38","1,617.97","","-0.08%"
"Jul 05, 2007","1,620.34","1,626.69","1,635.35","1,617.78","","-0.30%"
"Jul 04, 2007","1,625.19","1,631.00","1,633.29","1,620.64","","-0.17%"
"Jul 03, 2007","1,627.91","1,634.78","1,643.46","1,620.23","","+0.54%"
"Jul 02, 2007","1,619.15","1,601.42","1,620.12","1,596.87","","+1.34%"
"Jun 29, 2007","1,597.79","1,581.63","1,600.35","1,579.86","","+1.73%"
"Jun 28, 2007","1,570.63","1,580.24","1,582.62","1,568.68","","-0.17%"
"Jun 27, 2007","1,573.28","1,590.30","1,590.84","1,571.58","","-1.81%"
"Jun 26, 2007","1,602.32","1,596.68","1,603.94","1,586.78","","+0.57%"
"Jun 25, 2007","1,593.21","1,608.00","1,612.12","1,590.44","","-1.54%"
"Jun 22, 2007","1,618.12","1,610.55","1,621.72","1,602.64","","+0.12%"
"Jun 21, 2007","1,616.16","1,582.94","1,617.93","1,582.94","","+1.07%"
"Jun 20, 2007","1,599.12","1,607.80","1,615.92","1,596.52","","-0.35%"
"Jun 19, 2007","1,604.76","1,599.75","1,607.35","1,592.98","","+0.15%"
"Jun 18, 2007","1,602.36","1,605.63","1,614.80","1,597.03","","+0.74%"
"Jun 15, 2007","1,590.54","1,565.84","1,591.32","1,565.58","","+2.25%"
"Jun 14, 2007","1,555.58","1,562.16","1,568.60","1,552.29","","+0.73%"
"Jun 13, 2007","1,544.33","1,559.86","1,559.86","1,537.00","","-2.19%"
"Jun 12, 2007","1,578.93","1,586.04","1,593.16","1,563.18","","-0.35%"
"Jun 11, 2007","1,584.41","1,621.51","1,627.89","1,578.11","","-1.81%"
"Jun 08, 2007","1,613.56","1,641.19","1,641.19","1,608.33","","-2.33%"
"Jun 07, 2007","1,652.05","1,631.03","1,657.11","1,628.63","","+0.24%"
"Jun 06, 2007","1,648.12","1,616.93","1,654.84","1,616.03","","+1.65%"
"Jun 05, 2007","1,621.32","1,631.60","1,632.49","1,612.31","","-0.45%"
"Jun 04, 2007","1,628.58","1,635.12","1,643.48","1,624.59","","+0.58%"
"Jun 01, 2007","1,619.21","1,591.73","1,621.42","1,589.98","","+2.14%"
"May 31, 2007","1,585.30","1,575.76","1,588.22","1,575.76","","+1.45%"
"May 30, 2007","1,562.68","1,563.62","1,580.73","1,552.58","","+0.05%"
"May 29, 2007","1,561.84","1,551.10","1,569.15","1,546.35","","+0.24%"
"May 28, 2007","1,558.11","1,544.12","1,560.79","1,543.62","","+2.01%"
"May 25, 2007","1,527.41","1,517.41","1,528.96","1,506.45","","-0.29%"
"May 24, 2007","1,531.84","1,530.70","1,543.90","1,527.04","","-0.17%"
"May 23, 2007","1,534.44","1,561.36","1,563.98","1,530.84","","-1.83%"
"May 22, 2007","1,563.06","1,562.42","1,565.91","1,545.16","","+0.27%"
"May 21, 2007","1,558.79","1,532.93","1,563.66","1,525.75","","+1.42%"
"May 18, 2007","1,536.92","1,573.83","1,573.83","1,522.23","","-2.07%"
"May 17, 2007","1,569.45","1,572.27","1,585.88","1,565.33","","-0.01%"
"May 16, 2007","1,569.53","1,561.16","1,578.89","1,546.17","","+0.63%"
"May 15, 2007","1,559.71","1,576.73","1,579.69","1,556.32","","-1.89%"
"May 14, 2007","1,589.68","1,616.59","1,629.17","1,589.68","","-0.64%"
"May 11, 2007","1,599.98","1,590.87","1,608.92","1,580.52","","-0.78%"
"May 10, 2007","1,612.48","1,646.03","1,646.03","1,606.38","","-1.80%"
"May 09, 2007","1,641.99","1,585.45","1,641.99","1,583.24","","+3.66%"
"May 08, 2007","1,584.04","1,570.13","1,601.45","1,570.13","","+1.16%"
"May 07, 2007","1,565.82","1,539.14","1,572.52","1,538.27","","+2.98%"
"May 02, 2007","1,520.57","1,497.23","1,522.41","1,487.24","","+1.94%"
"May 01, 2007","1,491.60","1,483.36","1,493.55","1,479.75","","+0.77%"
"Apr 27, 2007","1,480.22","1,483.18","1,495.67","1,477.67","","-0.71%"
"Apr 26, 2007","1,490.75","1,465.04","1,493.53","1,465.03","","+2.64%"
"Apr 25, 2007","1,452.41","1,470.84","1,470.84","1,450.99","","-1.83%"
"Apr 24, 2007","1,479.52","1,470.02","1,482.51","1,463.99","","+0.12%"
"Apr 23, 2007","1,477.82","1,500.58","1,503.14","1,473.74","","-0.86%"
"Apr 20, 2007","1,490.70","1,503.71","1,503.71","1,484.22","","-0.41%"
"Apr 19, 2007","1,496.77","1,510.97","1,516.94","1,481.93","","-1.50%"
"Apr 18, 2007","1,519.61","1,500.28","1,521.05","1,498.35","","+1.45%"
"Apr 17, 2007","1,497.83","1,505.43","1,513.26","1,489.39","","-0.09%"
"Apr 16, 2007","1,499.20","1,494.28","1,503.09","1,489.04","","+1.15%"
"Apr 13, 2007","1,482.20","1,515.77","1,516.92","1,478.72","","-1.80%"
"Apr 12, 2007","1,509.43","1,499.93","1,518.55","1,499.14","","+0.36%"
"Apr 11, 2007","1,503.96","1,512.60","1,516.25","1,494.68","","-0.55%"
"Apr 10, 2007","1,512.24","1,488.16","1,517.68","1,488.09","","+1.13%"
"Apr 09, 2007","1,495.37","1,497.71","1,500.23","1,485.27","","+0.36%"
"Apr 06, 2007","1,490.04","1,494.14","1,506.02","1,484.47","","-0.34%"
"Apr 05, 2007","1,495.10","1,506.06","1,508.02","1,489.17","","-0.91%"
"Apr 04, 2007","1,508.80","1,500.02","1,513.34","1,490.99","","+1.86%"
"Apr 03, 2007","1,481.21","1,474.87","1,486.58","1,462.23","","+1.40%"
"Apr 02, 2007","1,460.79","1,519.66","1,523.03","1,459.65","","-3.53%"
"Mar 30, 2007","1,514.21","1,535.25","1,537.18","1,507.79","","-1.06%"
"Mar 29, 2007","1,530.36","1,510.66","1,540.02","1,505.89","","+0.31%"
"Mar 28, 2007","1,525.60","1,539.30","1,544.40","1,511.73","","-1.11%"
"Mar 27, 2007","1,542.65","1,534.94","1,562.20","1,533.36","","-0.47%"
"Mar 26, 2007","1,549.96","1,555.03","1,555.79","1,545.38","","+0.06%"
"Mar 23, 2007","1,548.98","1,561.10","1,564.14","1,542.54","","-0.12%"
"Mar 22, 2007","1,550.80","1,541.81","1,564.60","1,539.13","","+2.24%"
"Mar 20, 2007","1,516.86","1,536.70","1,542.68","1,513.45","","-0.08%"
"Mar 19, 2007","1,518.09","1,478.86","1,519.27","1,476.95","","+1.91%"
"Mar 16, 2007","1,489.60","1,519.52","1,521.05","1,484.18","","-2.17%"
"Mar 15, 2007","1,522.60","1,511.86","1,535.61","1,503.84","","+1.99%"
"Mar 14, 2007","1,492.86","1,516.60","1,517.18","1,489.65","","-3.13%"
"Mar 13, 2007","1,541.15","1,563.89","1,568.70","1,537.30","","-2.08%"
"Mar 12, 2007","1,573.83","1,573.83","1,579.07","1,552.80","","+0.91%"
"Mar 09, 2007","1,559.62","1,570.60","1,580.33","1,555.73","","+0.30%"
"Mar 08, 2007","1,554.91","1,513.07","1,554.91","1,500.99","","+3.01%"
"Mar 07, 2007","1,509.54","1,531.29","1,565.73","1,504.46","","+0.21%"
"Mar 06, 2007","1,506.40","1,453.59","1,510.15","1,453.59","","+4.88%"
"Mar 05, 2007","1,436.26","1,506.77","1,530.78","1,422.28","","-6.11%"
"Mar 02, 2007","1,529.80","1,503.71","1,539.18","1,483.26","","+0.68%"
"Mar 01, 2007","1,519.41","1,521.93","1,539.97","1,481.59","","+0.06%"
"Feb 28, 2007","1,518.54","1,558.79","1,558.79","1,462.05","","-4.15%"
"Feb 27, 2007","1,584.33","1,618.91","1,626.29","1,574.30","","-1.24%"
"Feb 26, 2007","1,604.27","1,570.31","1,609.02","1,570.31","","+3.10%"
"Feb 23, 2007","1,556.01","1,535.75","1,558.14","1,520.48","","+1.41%"
"Feb 22, 2007","1,534.42","1,505.32","1,535.30","1,505.32","","+3.16%"
"Feb 21, 2007","1,487.38","1,484.56","1,495.83","1,471.31","","-0.07%"
"Feb 20, 2007","1,488.39","1,474.52","1,488.39","1,469.25","","+1.38%"
"Feb 19, 2007","1,468.14","1,450.80","1,473.35","1,450.68","","+1.30%"
"Feb 16, 2007","1,449.23","1,445.84","1,453.22","1,438.14","","-0.24%"
"Feb 15, 2007","1,452.67","1,462.70","1,466.44","1,443.46","","0.00%"
"Feb 14, 2007","1,452.63","1,430.59","1,453.92","1,430.29","","+2.62%"
"Feb 13, 2007","1,415.54","1,400.51","1,420.83","1,396.66","","+1.45%"
"Feb 09, 2007","1,395.24","1,384.41","1,403.56","1,381.42","","+0.91%"
"Feb 08, 2007","1,382.69","1,408.67","1,410.43","1,371.54","","-1.41%"
"Feb 07, 2007","1,402.42","1,394.49","1,411.34","1,392.55","","+0.45%"
"Feb 06, 2007","1,396.17","1,390.37","1,398.79","1,389.66","","+0.58%"
"Feb 05, 2007","1,388.11","1,418.09","1,420.36","1,386.34","","-2.82%"
"Feb 02, 2007","1,428.46","1,416.84","1,432.73","1,415.72","","+1.04%"
"Feb 01, 2007","1,413.70","1,410.36","1,414.04","1,402.08","","+0.33%"
"Jan 31, 2007","1,409.09","1,421.04","1,421.04","1,405.39","","-0.85%"
"Jan 30, 2007","1,421.17","1,433.41","1,434.37","1,415.77","","-0.69%"
"Jan 29, 2007","1,431.08","1,425.60","1,438.14","1,417.35","","+0.67%"
"Jan 26, 2007","1,421.59","1,411.50","1,422.78","1,408.47","","0.00%"
"Jan 25, 2007","1,421.58","1,445.34","1,446.23","1,420.60","","-0.77%"
"Jan 24, 2007","1,432.64","1,431.82","1,439.85","1,424.69","","+1.27%"
"Jan 23, 2007","1,414.69","1,406.20","1,416.19","1,401.36","","+0.34%"
"Jan 22, 2007","1,409.84","1,401.23","1,410.30","1,400.95","","+1.41%"
"Jan 19, 2007","1,390.21","1,383.37","1,393.12","1,383.37","","+0.31%"
"Jan 18, 2007","1,385.85","1,381.03","1,390.34","1,379.81","","+0.29%"
"Jan 17, 2007","1,381.87","1,377.41","1,386.32","1,364.74","","+0.02%"
"Jan 16, 2007","1,381.60","1,384.49","1,392.32","1,379.85","","-0.07%"
"Jan 15, 2007","1,382.51","1,366.64","1,383.13","1,366.54","","+1.80%"
"Jan 12, 2007","1,358.12","1,352.55","1,366.37","1,348.02","","+1.08%"
"Jan 11, 2007","1,343.55","1,352.30","1,360.74","1,336.81","","-0.45%"
"Jan 10, 2007","1,349.61","1,372.03","1,372.26","1,340.51","","-1.90%"
"Jan 09, 2007","1,375.77","1,347.44","1,376.02","1,344.54","","+2.24%"
"Jan 05, 2007","1,345.59","1,364.97","1,364.97","1,341.67","","-2.02%"
"Jan 04, 2007","1,373.28","1,380.41","1,380.53","1,369.76","","-0.48%"
"Dec 29, 2006","1,379.97","1,388.77","1,390.04","1,379.97","","-0.41%"
"Dec 28, 2006","1,385.63","1,387.35","1,389.69","1,373.27","","+0.67%"
"Dec 27, 2006","1,376.37","1,385.63","1,399.37","1,371.99","","-0.22%"
"Dec 26, 2006","1,379.45","1,335.10","1,379.95","1,333.42","","+2.91%"
"Dec 25, 2006","1,340.42","1,344.54","1,345.06","1,335.40","","-0.76%"
"Dec 22, 2006","1,350.68","1,353.76","1,353.76","1,340.73","","-0.97%"
"Dec 21, 2006","1,363.89","1,372.77","1,373.87","1,362.53","","-0.54%"
"Dec 20, 2006","1,371.26","1,355.62","1,373.30","1,355.62","","+1.39%"
"Dec 19, 2006","1,352.46","1,366.98","1,369.04","1,352.46","","-1.80%"
"Dec 18, 2006","1,377.29","1,383.96","1,383.96","1,374.04","","-0.29%"
"Dec 15, 2006","1,381.24","1,381.49","1,390.61","1,378.84","","+0.58%"
"Dec 14, 2006","1,373.27","1,369.37","1,373.27","1,364.24","","+0.46%"
"Dec 13, 2006","1,366.96","1,354.93","1,366.96","1,353.73","","+0.53%"
"Dec 12, 2006","1,359.81","1,372.01","1,373.68","1,356.89","","-0.51%"
"Dec 11, 2006","1,366.76","1,352.24","1,371.68","1,349.33","","+1.30%"
"Dec 08, 2006","1,349.23","1,349.00","1,362.92","1,347.41","","-0.40%"
"Dec 07, 2006","1,354.60","1,359.60","1,359.60","1,348.26","","-0.40%"
"Dec 06, 2006","1,360.00","1,357.08","1,363.77","1,352.14","","+0.48%"
"Dec 05, 2006","1,353.48","1,381.23","1,384.07","1,353.48","","-1.73%"
"Dec 04, 2006","1,377.32","1,358.91","1,380.65","1,356.49","","+0.86%"
"Dec 01, 2006","1,365.51","1,355.25","1,367.43","1,345.42","","+0.99%"
"Nov 30, 2006","1,352.09","1,347.16","1,358.23","1,344.39","","+0.67%"
"Nov 29, 2006","1,343.03","1,332.49","1,345.25","1,332.49","","+1.81%"
"Nov 28, 2006","1,319.09","1,290.08","1,319.09","1,283.74","","+1.22%"
"Nov 27, 2006","1,303.13","1,270.28","1,304.14","1,270.28","","+1.83%"
"Nov 24, 2006","1,279.70","1,292.18","1,292.18","1,265.81","","-1.70%"
"Nov 22, 2006","1,301.85","1,258.90","1,301.85","1,258.90","","+4.07%"
"Nov 21, 2006","1,250.95","1,250.06","1,265.75","1,246.58","","+1.26%"
"Nov 20, 2006","1,235.43","1,274.33","1,274.71","1,235.43","","-4.22%"
"Nov 17, 2006","1,289.86","1,312.58","1,315.90","1,288.22","","-1.83%"
"Nov 16, 2006","1,313.96","1,319.32","1,335.07","1,312.68","","-0.41%"
"Nov 15, 2006","1,319.32","1,333.58","1,334.64","1,319.27","","-0.91%"
"Nov 14, 2006","1,331.50","1,320.15","1,336.73","1,319.63","","+1.77%"
"Nov 13, 2006","1,308.38","1,334.36","1,334.36","1,305.53","","-2.83%"
"Nov 10, 2006","1,346.44","1,334.43","1,361.42","1,328.93","","+0.67%"
"Nov 09, 2006","1,337.48","1,348.31","1,349.30","1,328.98","","-1.02%"
"Nov 08, 2006","1,351.33","1,375.91","1,378.19","1,351.33","","-1.98%"
"Nov 07, 2006","1,378.64","1,390.53","1,392.72","1,376.02","","+0.22%"
"Nov 06, 2006","1,375.62","1,369.06","1,378.58","1,355.69","","+0.32%"
"Nov 02, 2006","1,371.18","1,373.60","1,373.60","1,359.20","","-0.39%"
"Nov 01, 2006","1,376.49","1,376.46","1,381.70","1,368.74","","+0.09%"
"Oct 31, 2006","1,375.26","1,378.53","1,388.92","1,368.15","","-0.55%"
"Oct 30, 2006","1,382.93","1,402.45","1,407.09","1,380.09","","-2.20%"
"Oct 27, 2006","1,414.04","1,432.27","1,432.63","1,410.73","","-1.01%"
"Oct 26, 2006","1,428.41","1,418.21","1,429.89","1,415.63","","+1.52%"
"Oct 25, 2006","1,406.99","1,418.81","1,425.04","1,404.92","","-0.63%"
"Oct 24, 2006","1,415.84","1,427.23","1,431.36","1,412.17","","-0.28%"
"Oct 23, 2006","1,419.82","1,415.26","1,421.09","1,409.86","","+0.25%"
"Oct 20, 2006","1,416.25","1,408.51","1,417.90","1,408.35","","+0.63%"
"Oct 19, 2006","1,407.37","1,402.25","1,410.40","1,397.93","","+0.84%"
"Oct 18, 2006","1,395.64","1,387.42","1,396.03","1,375.08","","-0.14%"
"Oct 17, 2006","1,397.53","1,401.21","1,408.23","1,394.46","","+0.30%"
"Oct 16, 2006","1,393.29","1,377.59","1,394.17","1,377.59","","+2.37%"
"Oct 13, 2006","1,361.00","1,338.22","1,363.87","1,338.00","","+2.71%"
"Oct 12, 2006","1,325.08","1,309.32","1,335.36","1,306.77","","+1.28%"
"Oct 11, 2006","1,308.34","1,345.19","1,350.37","1,308.27","","-2.61%"
"Oct 10, 2006","1,343.35","1,328.82","1,360.37","1,327.98","","+0.14%"
"Oct 06, 2006","1,341.49","1,347.99","1,353.15","1,339.33","","-0.31%"
"Oct 05, 2006","1,345.60","1,349.03","1,357.11","1,334.63","","+0.93%"
"Oct 04, 2006","1,333.20","1,374.71","1,374.76","1,325.62","","-3.64%"
"Oct 03, 2006","1,383.51","1,385.99","1,391.42","1,377.41","","-0.62%"
"Oct 02, 2006","1,392.21","1,378.68","1,394.70","1,374.80","","+1.34%"
"Sep 29, 2006","1,373.77","1,380.00","1,381.68","1,365.37","","+0.33%"
"Sep 28, 2006","1,369.25","1,353.52","1,372.37","1,352.31","","+2.03%"
"Sep 27, 2006","1,342.00","1,322.40","1,342.00","1,319.51","","+2.29%"
"Sep 26, 2006","1,311.95","1,308.04","1,326.19","1,307.52","","+0.39%"
"Sep 25, 2006","1,306.91","1,316.32","1,317.38","1,297.77","","-1.68%"
"Sep 22, 2006","1,329.26","1,339.38","1,351.99","1,326.96","","-1.65%"
"Sep 21, 2006","1,351.62","1,354.67","1,357.21","1,333.48","","+0.32%"
"Sep 20, 2006","1,347.30","1,344.61","1,351.13","1,333.99","","-0.42%"
"Sep 19, 2006","1,353.04","1,347.63","1,365.68","1,346.68","","+0.84%"
"Sep 15, 2006","1,341.78","1,347.96","1,349.06","1,330.19","","-1.36%"
"Sep 14, 2006","1,360.27","1,354.28","1,368.69","1,347.56","","+1.06%"
"Sep 13, 2006","1,345.95","1,382.00","1,389.04","1,331.35","","-1.27%"
"Sep 12, 2006","1,363.33","1,401.63","1,401.63","1,361.56","","-3.39%"
"Sep 11, 2006","1,411.12","1,441.15","1,442.71","1,409.79","","-1.85%"
"Sep 08, 2006","1,437.72","1,413.19","1,444.10","1,411.77","","+0.94%"
"Sep 07, 2006","1,424.28","1,435.44","1,441.15","1,420.98","","-1.68%"
"Sep 06, 2006","1,448.57","1,457.70","1,467.32","1,445.17","","-0.44%"
"Sep 05, 2006","1,454.99","1,441.01","1,455.84","1,435.62","","+1.33%"
"Sep 04, 2006","1,435.88","1,433.07","1,447.62","1,432.98","","+1.40%"
"Sep 01, 2006","1,416.02","1,400.00","1,417.50","1,398.36","","+1.00%"
"Aug 31, 2006","1,402.02","1,390.66","1,407.91","1,386.84","","+1.12%"
"Aug 30, 2006","1,386.43","1,398.02","1,401.80","1,377.41","","-0.98%"
"Aug 29, 2006","1,400.10","1,406.72","1,410.57","1,392.58","","+0.27%"
"Aug 28, 2006","1,396.32","1,413.40","1,421.58","1,395.28","","-0.85%"
"Aug 25, 2006","1,408.23","1,413.53","1,432.80","1,405.97","","-0.38%"
"Aug 24, 2006","1,413.63","1,421.44","1,424.57","1,404.02","","-1.47%"
"Aug 23, 2006","1,434.77","1,425.42","1,436.16","1,420.64","","+0.43%"
"Aug 22, 2006","1,428.66","1,404.28","1,430.84","1,404.28","","+1.89%"
"Aug 21, 2006","1,402.12","1,415.89","1,423.25","1,399.30","","-0.67%"
"Aug 18, 2006","1,411.57","1,408.14","1,416.14","1,396.88","","+0.18%"
"Aug 17, 2006","1,409.06","1,410.14","1,419.44","1,406.55","","+0.92%"
"Aug 16, 2006","1,396.17","1,389.65","1,398.92","1,389.16","","+1.54%"
"Aug 15, 2006","1,375.02","1,363.52","1,382.58","1,361.70","","+0.87%"
"Aug 14, 2006","1,363.16","1,346.31","1,369.29","1,343.02","","+1.20%"
"Aug 11, 2006","1,347.02","1,360.53","1,364.73","1,346.79","","-1.07%"
"Aug 10, 2006","1,361.54","1,346.37","1,368.70","1,344.07","","+0.81%"
"Aug 09, 2006","1,350.63","1,327.89","1,350.63","1,319.18","","+1.10%"
"Aug 08, 2006","1,335.89","1,304.41","1,337.25","1,301.57","","+2.66%"
"Aug 07, 2006","1,301.24","1,332.41","1,335.25","1,301.21","","-2.67%"
"Aug 04, 2006","1,336.97","1,356.75","1,362.54","1,327.80","","-1.36%"
"Aug 03, 2006","1,355.46","1,361.40","1,368.99","1,352.21","","+0.06%"
"Aug 02, 2006","1,354.71","1,336.91","1,354.71","1,336.80","","+0.95%"
"Aug 01, 2006","1,341.98","1,336.97","1,358.89","1,336.73","","+0.47%"
"Jul 31, 2006","1,335.64","1,340.91","1,348.82","1,331.87","","+1.08%"
"Jul 28, 2006","1,321.43","1,290.82","1,322.09","1,288.02","","+2.35%"
"Jul 27, 2006","1,291.05","1,266.94","1,293.14","1,253.23","","+0.97%"
"Jul 26, 2006","1,278.65","1,292.17","1,297.16","1,278.51","","-1.43%"
"Jul 25, 2006","1,297.22","1,287.33","1,307.91","1,284.48","","+2.26%"
"Jul 24, 2006","1,268.53","1,275.39","1,275.62","1,251.18","","-1.51%"
"Jul 21, 2006","1,288.03","1,289.52","1,292.21","1,276.99","","-1.37%"
"Jul 20, 2006","1,305.86","1,269.79","1,308.26","1,269.79","","+4.62%"
"Jul 19, 2006","1,248.24","1,241.65","1,261.66","1,241.51","","+1.25%"
"Jul 18, 2006","1,232.82","1,294.06","1,294.06","1,232.61","","-5.70%"
"Jul 14, 2006","1,307.32","1,316.15","1,323.88","1,305.74","","-2.00%"
"Jul 13, 2006","1,333.97","1,332.50","1,350.23","1,326.11","","-0.61%"
"Jul 12, 2006","1,342.09","1,358.56","1,365.40","1,335.93","","-1.14%"
"Jul 11, 2006","1,357.63","1,366.22","1,368.31","1,340.72","","-1.09%"
"Jul 10, 2006","1,372.58","1,338.19","1,373.56","1,326.40","","+1.24%"
"Jul 07, 2006","1,355.75","1,377.11","1,378.24","1,350.73","","-0.49%"
"Jul 06, 2006","1,362.38","1,381.63","1,388.66","1,358.13","","-1.48%"
"Jul 05, 2006","1,382.90","1,371.62","1,397.64","1,370.21","","-0.39%"
"Jul 04, 2006","1,388.37","1,394.76","1,398.39","1,381.54","","0.00%"
"Jul 03, 2006","1,388.33","1,362.85","1,390.58","1,361.81","","+2.73%"
"Jun 30, 2006","1,351.37","1,325.75","1,353.25","1,325.58","","+3.51%"
"Jun 29, 2006","1,305.54","1,300.65","1,308.77","1,299.51","","+0.75%"
"Jun 28, 2006","1,295.88","1,311.26","1,311.26","1,286.42","","-2.28%"
"Jun 27, 2006","1,326.14","1,313.17","1,326.81","1,311.33","","+1.64%"
"Jun 26, 2006","1,304.77","1,303.01","1,307.97","1,289.34","","+0.43%"
"Jun 23, 2006","1,299.24","1,277.55","1,299.24","1,266.92","","+0.15%"
"Jun 22, 2006","1,297.23","1,261.69","1,297.23","1,260.51","","+4.42%"
"Jun 21, 2006","1,242.30","1,256.06","1,264.82","1,230.68","","-0.20%"
"Jun 20, 2006","1,244.77","1,270.27","1,271.89","1,241.38","","-2.64%"
"Jun 19, 2006","1,278.49","1,284.21","1,288.88","1,272.09","","-0.87%"
"Jun 16, 2006","1,289.66","1,255.38","1,296.99","1,255.38","","+4.40%"
"Jun 15, 2006","1,235.33","1,204.70","1,239.56","1,203.98","","+4.10%"
"Jun 14, 2006","1,186.70","1,168.48","1,200.43","1,152.33","","-0.10%"
"Jun 13, 2006","1,187.88","1,235.12","1,237.84","1,187.88","","-5.26%"
"Jun 12, 2006","1,253.88","1,240.73","1,256.00","1,228.09","","+0.11%"
"Jun 09, 2006","1,252.50","1,212.88","1,264.44","1,212.88","","+2.78%"
"Jun 08, 2006","1,218.58","1,244.78","1,246.43","1,202.45","","-3.37%"
"Jun 07, 2006","1,261.05","1,309.32","1,318.09","1,257.03","","-4.68%"
"Jun 06, 2006","1,322.97","1,326.24","1,334.70","1,318.06","","-1.07%"
"Jun 05, 2006","1,337.31","1,350.03","1,350.63","1,328.88","","-0.88%"
"Jun 02, 2006","1,349.14","1,335.70","1,349.76","1,272.69","","+0.90%"
"Jun 01, 2006","1,337.14","1,362.76","1,370.36","1,333.50","","-0.57%"
"May 31, 2006","1,344.74","1,362.82","1,362.82","1,342.29","","-2.97%"
"May 30, 2006","1,385.90","1,397.39","1,398.32","1,384.46","","-0.80%"
"May 29, 2006","1,397.11","1,416.95","1,416.95","1,394.33","","-0.19%"
"May 26, 2006","1,399.75","1,375.97","1,399.75","1,375.18","","+3.07%"
"May 25, 2006","1,358.09","1,381.83","1,381.83","1,354.60","","-2.23%"
"May 24, 2006","1,389.04","1,350.32","1,389.04","1,350.32","","+4.04%"
"May 23, 2006","1,335.10","1,356.77","1,363.45","1,326.96","","-3.05%"
"May 22, 2006","1,377.12","1,412.61","1,425.98","1,374.23","","-2.67%"
"May 19, 2006","1,414.90","1,410.24","1,415.85","1,387.47","","-0.20%"
"May 18, 2006","1,417.68","1,430.83","1,431.01","1,405.40","","-2.53%"
"May 17, 2006","1,454.53","1,423.32","1,454.96","1,407.65","","+3.73%"
"May 16, 2006","1,402.26","1,479.33","1,480.92","1,396.62","","-5.55%"
"May 15, 2006","1,484.68","1,491.61","1,491.90","1,476.80","","-2.04%"
"May 12, 2006","1,515.58","1,521.31","1,521.31","1,499.28","","-1.63%"
"May 11, 2006","1,540.70","1,555.88","1,573.74","1,537.37","","-1.06%"
"May 10, 2006","1,557.25","1,588.19","1,595.12","1,554.10","","-1.51%"
"May 09, 2006","1,581.20","1,590.08","1,592.34","1,574.31","","-1.02%"
"May 08, 2006","1,597.44","1,587.42","1,602.12","1,585.77","","+2.00%"
"May 02, 2006","1,566.08","1,545.11","1,570.86","1,543.94","","+0.99%"
"May 01, 2006","1,550.75","1,550.39","1,555.56","1,542.94","","+0.02%"
"Apr 28, 2006","1,550.45","1,561.04","1,561.04","1,529.00","","-1.02%"
"Apr 27, 2006","1,566.49","1,575.97","1,577.87","1,565.03","","+0.06%"
"Apr 26, 2006","1,565.54","1,569.64","1,580.01","1,558.98","","+0.23%"
"Apr 25, 2006","1,562.01","1,556.81","1,569.53","1,549.07","","-0.07%"
"Apr 24, 2006","1,563.06","1,595.97","1,595.97","1,560.70","","-2.83%"
"Apr 21, 2006","1,608.61","1,612.83","1,620.72","1,600.43","","-0.80%"
"Apr 20, 2006","1,621.55","1,634.10","1,636.42","1,619.30","","-0.50%"
"Apr 19, 2006","1,629.73","1,637.66","1,646.48","1,629.34","","+0.74%"
"Apr 18, 2006","1,617.75","1,580.86","1,619.80","1,578.02","","+2.00%"
"Apr 17, 2006","1,586.10","1,620.41","1,620.97","1,585.33","","-1.94%"
"Apr 14, 2006","1,617.43","1,614.44","1,621.06","1,601.57","","+0.62%"
"Apr 13, 2006","1,607.51","1,610.58","1,617.33","1,591.95","","+0.56%"
"Apr 12, 2006","1,598.51","1,615.96","1,619.47","1,598.51","","-1.99%"
"Apr 11, 2006","1,630.99","1,637.45","1,643.81","1,615.02","","+0.13%"
"Apr 10, 2006","1,628.80","1,625.10","1,632.00","1,618.17","","-0.39%"
"Apr 07, 2006","1,635.21","1,619.65","1,635.21","1,606.83","","+1.26%"
"Apr 06, 2006","1,614.92","1,610.46","1,617.31","1,591.85","","+1.04%"
"Apr 05, 2006","1,598.36","1,626.64","1,636.05","1,592.20","","-1.41%"
"Apr 04, 2006","1,621.30","1,626.21","1,640.53","1,615.45","","+0.01%"
"Apr 03, 2006","1,621.12","1,591.02","1,626.47","1,588.15","","+1.83%"
"Mar 31, 2006","1,592.02","1,594.54","1,596.86","1,585.31","","+0.67%"
"Mar 30, 2006","1,581.49","1,581.57","1,590.08","1,575.56","","+0.30%"
"Mar 29, 2006","1,576.72","1,555.97","1,578.89","1,548.23","","+0.94%"
"Mar 28, 2006","1,562.09","1,529.93","1,562.09","1,523.78","","+2.46%"
"Mar 27, 2006","1,524.63","1,523.97","1,530.51","1,519.19","","+0.58%"
"Mar 24, 2006","1,515.79","1,511.18","1,519.51","1,503.55","","+0.56%"
"Mar 23, 2006","1,507.33","1,521.22","1,527.58","1,504.47","","-0.35%"
"Mar 22, 2006","1,512.69","1,493.78","1,515.18","1,491.22","","+1.38%"
"Mar 20, 2006","1,492.05","1,461.01","1,494.08","1,460.00","","+2.10%"
"Mar 17, 2006","1,461.36","1,456.59","1,462.67","1,439.58","","+1.10%"
"Mar 16, 2006","1,445.48","1,470.35","1,475.48","1,442.48","","-1.54%"
"Mar 15, 2006","1,468.08","1,473.40","1,479.53","1,463.61","","+0.20%"
"Mar 14, 2006","1,465.09","1,484.42","1,484.42","1,459.55","","-0.83%"
"Mar 13, 2006","1,477.28","1,475.48","1,494.46","1,473.63","","+1.49%"
"Mar 10, 2006","1,455.54","1,439.31","1,474.67","1,436.50","","+0.87%"
"Mar 09, 2006","1,442.95","1,399.72","1,444.34","1,399.71","","+2.86%"
"Mar 08, 2006","1,402.86","1,408.65","1,419.84","1,393.33","","-1.02%"
"Mar 07, 2006","1,417.37","1,431.09","1,433.49","1,411.08","","-1.50%"
"Mar 06, 2006","1,438.94","1,425.98","1,438.94","1,402.76","","+1.03%"
"Mar 03, 2006","1,424.31","1,445.22","1,459.36","1,417.99","","-2.22%"
"Mar 02, 2006","1,456.63","1,496.43","1,501.40","1,453.72","","-1.93%"
"Mar 01, 2006","1,485.30","1,499.86","1,502.74","1,479.89","","-1.77%"
"Feb 28, 2006","1,512.00","1,532.12","1,533.27","1,483.79","","-1.47%"
"Feb 27, 2006","1,534.55","1,517.22","1,534.55","1,509.95","","+2.14%"
"Feb 24, 2006","1,502.36","1,497.29","1,502.78","1,486.44","","-0.34%"
"Feb 23, 2006","1,507.48","1,488.64","1,510.24","1,488.10","","+2.33%"
"Feb 22, 2006","1,473.22","1,464.75","1,486.72","1,449.41","","+1.71%"
"Feb 21, 2006","1,448.52","1,382.09","1,448.52","1,381.93","","+6.32%"
"Feb 20, 2006","1,362.40","1,415.09","1,415.81","1,360.52","","-5.03%"
"Feb 17, 2006","1,434.58","1,482.99","1,498.24","1,428.42","","-2.90%"
"Feb 16, 2006","1,477.35","1,471.01","1,493.48","1,459.17","","+0.16%"
"Feb 15, 2006","1,475.00","1,519.06","1,526.52","1,470.87","","-1.48%"
"Feb 14, 2006","1,497.16","1,448.89","1,504.95","1,411.74","","+2.43%"
"Feb 13, 2006","1,461.68","1,538.63","1,539.73","1,461.61","","-5.92%"
"Feb 10, 2006","1,553.72","1,605.78","1,606.15","1,521.33","","-3.02%"
"Feb 09, 2006","1,602.16","1,615.53","1,639.35","1,589.28","","+0.68%"
"Feb 08, 2006","1,591.33","1,653.46","1,654.85","1,589.29","","-5.01%"
"Feb 07, 2006","1,675.30","1,673.72","1,687.63","1,662.80","","+0.76%"
"Feb 06, 2006","1,662.68","1,654.21","1,663.21","1,634.76","","+1.66%"
"Feb 03, 2006","1,635.45","1,622.49","1,646.44","1,621.87","","+0.42%"
"Feb 02, 2006","1,628.62","1,641.89","1,659.55","1,621.19","","+0.36%"
"Feb 01, 2006","1,622.76","1,604.77","1,638.29","1,602.94","","+1.67%"
"Jan 31, 2006","1,596.18","1,578.76","1,606.71","1,578.22","","+1.38%"
"Jan 30, 2006","1,574.44","1,558.05","1,600.64","1,557.04","","+2.46%"
"Jan 27, 2006","1,536.70","1,506.85","1,536.70","1,504.55","","+3.39%"
"Jan 26, 2006","1,486.37","1,490.11","1,497.92","1,479.27","","+1.05%"
"Jan 25, 2006","1,470.91","1,449.72","1,492.07","1,448.95","","+2.38%"
"Jan 24, 2006","1,436.69","1,405.15","1,440.51","1,405.15","","+3.45%"
"Jan 23, 2006","1,388.72","1,418.95","1,421.64","1,385.04","","-3.30%"
"Jan 20, 2006","1,436.08","1,452.35","1,465.29","1,423.61","","+0.21%"
"Jan 19, 2006","1,433.13","1,362.19","1,443.76","1,360.92","","+4.48%"
"Jan 18, 2006","1,371.71","1,442.35","1,443.52","1,328.33","","-5.77%"
"Jan 17, 2006","1,455.70","1,493.81","1,514.40","1,452.99","","-3.68%"
"Jan 16, 2006","1,511.27","1,522.38","1,523.20","1,506.50","","-0.96%"
"Jan 13, 2006","1,525.98","1,509.94","1,536.71","1,506.35","","+1.19%"
"Jan 12, 2006","1,508.00","1,503.42","1,508.00","1,493.00","","+0.96%"
"Jan 11, 2006","1,493.72","1,496.10","1,498.11","1,463.18","","-0.45%"
"Jan 10, 2006","1,500.42","1,519.61","1,524.91","1,497.52","","-0.29%"
"Jan 06, 2006","1,504.77","1,492.39","1,506.15","1,487.62","","+0.41%"
"Jan 05, 2006","1,498.64","1,504.45","1,509.80","1,490.49","","+0.47%"
"Jan 04, 2006","1,491.62","1,479.51","1,493.55","1,478.83","","+2.32%"
"Dec 30, 2005","1,457.85","1,474.72","1,477.17","1,449.06","","-1.01%"
"Dec 29, 2005","1,472.66","1,469.02","1,484.19","1,467.65","","+1.19%"
"Dec 28, 2005","1,455.35","1,427.29","1,455.57","1,426.79","","+2.06%"
"Dec 27, 2005","1,425.98","1,434.60","1,435.03","1,421.67","","-1.15%"
"Dec 26, 2005","1,442.64","1,439.09","1,453.25","1,438.60","","+1.01%"
"Dec 22, 2005","1,428.23","1,420.61","1,428.23","1,404.03","","+0.48%"
"Dec 21, 2005","1,421.35","1,424.53","1,431.42","1,414.35","","+0.01%"
"Dec 20, 2005","1,421.21","1,384.11","1,421.21","1,380.76","","+2.43%"
"Dec 19, 2005","1,387.56","1,390.12","1,393.12","1,370.60","","+0.28%"
"Dec 16, 2005","1,383.63","1,383.69","1,422.72","1,377.37","","-1.12%"
"Dec 15, 2005","1,399.26","1,437.75","1,441.89","1,399.26","","-3.42%"
"Dec 14, 2005","1,448.74","1,483.31","1,491.17","1,429.22","","-2.11%"
"Dec 13, 2005","1,480.00","1,448.91","1,488.01","1,446.03","","+2.30%"
"Dec 12, 2005","1,446.70","1,400.97","1,446.70","1,400.97","","+4.65%"
"Dec 09, 2005","1,382.45","1,320.30","1,383.14","1,320.30","","+4.66%"
"Dec 08, 2005","1,320.89","1,347.96","1,352.43","1,309.83","","-2.13%"
"Dec 07, 2005","1,349.60","1,365.03","1,366.21","1,348.67","","-0.78%"
"Dec 06, 2005","1,360.22","1,374.86","1,377.66","1,356.96","","-1.19%"
"Dec 05, 2005","1,376.65","1,350.43","1,377.05","1,349.57","","+2.57%"
"Dec 02, 2005","1,342.17","1,323.48","1,342.17","1,323.30","","+2.48%"
"Dec 01, 2005","1,309.66","1,281.56","1,309.66","1,280.03","","+1.94%"
"Nov 30, 2005","1,284.77","1,303.68","1,304.21","1,283.42","","-0.69%"
"Nov 29, 2005","1,293.72","1,280.62","1,293.97","1,280.49","","+0.75%"
"Nov 28, 2005","1,284.07","1,263.73","1,284.07","1,260.48","","+2.47%"
"Nov 25, 2005","1,253.11","1,232.20","1,253.85","1,224.65","","+1.01%"
"Nov 24, 2005","1,240.59","1,270.32","1,274.34","1,239.12","","-1.48%"
"Nov 22, 2005","1,259.20","1,240.57","1,259.20","1,233.49","","+2.15%"
"Nov 21, 2005","1,232.67","1,228.22","1,243.71","1,222.06","","+1.51%"
"Nov 18, 2005","1,214.35","1,209.05","1,219.80","1,208.91","","+1.23%"
"Nov 17, 2005","1,199.59","1,195.18","1,209.71","1,193.96","","+0.98%"
"Nov 16, 2005","1,188.00","1,164.68","1,188.08","1,160.14","","+2.19%"
"Nov 15, 2005","1,162.50","1,166.43","1,166.97","1,158.34","","-0.66%"
"Nov 14, 2005","1,170.25","1,178.26","1,182.77","1,168.28","","-0.16%"
"Nov 11, 2005","1,172.13","1,175.14","1,182.39","1,170.85","","+0.30%"
"Nov 10, 2005","1,168.62","1,183.03","1,191.33","1,155.96","","-1.24%"
"Nov 09, 2005","1,183.32","1,188.63","1,196.92","1,178.17","","-0.63%"
"Nov 08, 2005","1,190.84","1,173.23","1,193.56","1,171.18","","+1.94%"
"Nov 07, 2005","1,168.17","1,175.77","1,178.25","1,160.46","","+0.13%"
"Nov 04, 2005","1,166.70","1,150.12","1,166.70","1,149.69","","+2.92%"
"Nov 02, 2005","1,133.63","1,129.82","1,134.90","1,123.57","","+0.21%"
"Nov 01, 2005","1,131.26","1,120.07","1,135.26","1,120.07","","+1.00%"
"Oct 31, 2005","1,120.07","1,103.99","1,120.09","1,102.27","","+2.39%"
"Oct 28, 2005","1,093.96","1,092.04","1,096.11","1,086.09","","+0.07%"
"Oct 27, 2005","1,093.17","1,093.12","1,103.22","1,091.19","","+0.14%"
"Oct 26, 2005","1,091.68","1,070.03","1,091.85","1,069.76","","+2.38%"
"Oct 25, 2005","1,066.25","1,063.01","1,072.04","1,062.45","","+1.33%"
"Oct 24, 2005","1,052.21","1,063.23","1,064.80","1,050.58","","-0.74%"
"Oct 21, 2005","1,060.09","1,048.51","1,063.49","1,041.08","","+0.09%"
"Oct 20, 2005","1,059.16","1,068.46","1,073.70","1,057.12","","-0.02%"
"Oct 19, 2005","1,059.41","1,073.97","1,075.97","1,052.83","","-1.84%"
"Oct 18, 2005","1,079.22","1,070.36","1,084.39","1,069.18","","+1.11%"
"Oct 17, 2005","1,067.40","1,078.85","1,079.97","1,063.00","","-0.76%"
"Oct 14, 2005","1,075.55","1,090.45","1,090.45","1,070.93","","-0.98%"
"Oct 13, 2005","1,086.24","1,086.17","1,087.21","1,071.57","","-1.07%"
"Oct 12, 2005","1,098.01","1,106.81","1,117.94","1,093.41","","-0.25%"
"Oct 11, 2005","1,100.73","1,080.66","1,100.73","1,078.68","","+2.79%"
"Oct 07, 2005","1,070.88","1,059.73","1,078.43","1,057.59","","+0.59%"
"Oct 06, 2005","1,064.63","1,076.37","1,077.16","1,060.01","","-2.67%"
"Oct 05, 2005","1,093.80","1,112.02","1,112.88","1,090.65","","-1.86%"
"Oct 04, 2005","1,114.49","1,114.01","1,114.49","1,103.48","","+1.08%"
"Oct 03, 2005","1,102.60","1,109.27","1,109.27","1,087.41","","-0.81%"
"Sep 30, 2005","1,111.59","1,145.31","1,145.31","1,111.59","","-2.27%"
"Sep 29, 2005","1,137.37","1,132.66","1,146.44","1,126.44","","+1.31%"
"Sep 28, 2005","1,122.63","1,093.52","1,127.12","1,093.52","","+2.92%"
"Sep 27, 2005","1,090.82","1,086.34","1,110.07","1,083.90","","+0.77%"
"Sep 26, 2005","1,082.50","1,072.18","1,082.50","1,072.18","","+1.76%"
"Sep 22, 2005","1,063.75","1,052.86","1,065.86","1,047.02","","+0.69%"
"Sep 21, 2005","1,056.41","1,060.25","1,068.17","1,052.88","","+0.40%"
"Sep 20, 2005","1,052.18","1,027.39","1,053.17","1,026.75","","+3.69%"
"Sep 16, 2005","1,014.76","1,012.32","1,015.16","1,005.33","","+0.58%"
"Sep 15, 2005","1,008.92","981.20","1,008.92","981.12","","+3.09%"
"Sep 14, 2005","978.70","976.15","979.45","972.93","","+0.01%"
"Sep 13, 2005","978.61","979.66","982.16","975.70","","-0.06%"
"Sep 12, 2005","979.21","972.39","980.81","971.25","","+2.08%"
"Sep 09, 2005","959.30","947.63","959.30","945.12","","+1.32%"
"Sep 08, 2005","946.82","954.91","957.07","943.85","","-1.29%"
"Sep 07, 2005","959.24","966.62","966.82","953.11","","0.00%"
"Sep 06, 2005","959.26","968.20","972.55","956.37","","-0.59%"
"Sep 05, 2005","964.99","955.78","964.99","951.96","","+1.25%"
"Sep 02, 2005","953.05","946.29","953.05","943.10","","+1.33%"
"Sep 01, 2005","940.52","938.52","944.73","938.01","","+0.87%"
"Aug 31, 2005","932.39","931.63","934.27","929.92","","-0.19%"
"Aug 30, 2005","934.19","928.18","936.59","927.15","","+1.64%"
"Aug 29, 2005","919.11","926.44","927.11","917.86","","-1.35%"
"Aug 26, 2005","931.71","924.50","931.88","921.79","","+1.32%"
"Aug 25, 2005","919.60","928.01","928.61","919.29","","-1.26%"
"Aug 24, 2005","931.29","927.45","932.68","923.64","","-0.29%"
"Aug 23, 2005","934.00","929.39","942.64","927.52","","+0.96%"
"Aug 22, 2005","925.12","913.19","926.70","913.19","","+1.28%"
"Aug 19, 2005","913.40","908.33","914.75","904.85","","+0.63%"
"Aug 18, 2005","907.71","914.64","917.47","907.21","","-0.88%"
"Aug 17, 2005","915.79","915.93","923.09","915.79","","-0.46%"
"Aug 16, 2005","920.04","922.82","922.82","916.02","","-0.12%"
"Aug 15, 2005","921.11","912.48","921.11","912.48","","+0.97%"
"Aug 12, 2005","912.24","907.83","914.71","906.64","","+1.04%"
"Aug 11, 2005","902.88","901.00","907.98","900.79","","+0.91%"
"Aug 10, 2005","894.70","887.36","897.31","887.36","","+1.38%"
"Aug 09, 2005","882.56","868.82","888.04","868.60","","+1.98%"
"Aug 08, 2005","865.40","855.42","866.65","845.73","","-0.06%"
"Aug 05, 2005","865.95","876.18","876.47","864.11","","-1.63%"
"Aug 04, 2005","880.31","886.84","886.97","875.54","","-1.25%"
"Aug 03, 2005","891.42","887.17","892.35","884.41","","+0.73%"
"Aug 02, 2005","884.95","888.23","890.41","882.11","","-0.22%"
"Aug 01, 2005","886.88","877.01","888.96","875.61","","+1.44%"
"Jul 29, 2005","874.27","866.29","874.41","863.89","","+1.45%"
"Jul 28, 2005","861.78","854.65","865.05","854.33","","+1.37%"
"Jul 27, 2005","850.13","842.16","850.18","841.94","","+1.20%"
"Jul 26, 2005","840.09","838.45","841.16","837.18","","+0.16%"
"Jul 25, 2005","838.72","841.77","842.32","837.32","","-0.19%"
"Jul 22, 2005","840.32","845.23","845.23","835.92","","-0.74%"
"Jul 21, 2005","846.62","845.42","848.15","844.24","","+0.65%"
"Jul 20, 2005","841.14","834.49","842.62","832.58","","+1.09%"
"Jul 19, 2005","832.07","832.84","833.58","829.30","","+0.11%"
"Jul 15, 2005","831.19","833.63","835.76","830.54","","+0.30%"
"Jul 14, 2005","828.72","821.94","829.68","821.48","","+1.27%"
"Jul 13, 2005","818.33","817.41","820.21","814.73","","+0.26%"
"Jul 12, 2005","816.21","817.77","820.45","814.79","","+0.46%"
"Jul 11, 2005","812.44","813.86","815.85","812.29","","+0.85%"
"Jul 08, 2005","805.59","806.93","811.70","805.44","","-0.37%"
"Jul 07, 2005","808.61","807.04","810.00","803.34","","-0.22%"
"Jul 06, 2005","810.43","815.87","818.19","810.17","","-0.67%"
"Jul 05, 2005","815.86","821.17","821.39","813.53","","-0.87%"
"Jul 04, 2005","823.04","820.85","823.63","819.38","","+0.31%"
"Jul 01, 2005","820.50","820.41","824.25","816.29","","-0.34%"
"Jun 30, 2005","823.30","825.53","828.28","821.72","","-0.18%"
"Jun 29, 2005","824.81","827.14","828.48","823.45","","+0.22%"
"Jun 28, 2005","822.97","813.62","822.99","812.68","","+1.27%"
"Jun 27, 2005","812.64","816.26","816.89","810.70","","-0.99%"
"Jun 24, 2005","820.75","815.31","820.75","814.77","","-0.27%"
"Jun 23, 2005","823.00","819.73","823.00","818.59","","+0.25%"
"Jun 22, 2005","820.97","819.88","822.63","814.41","","-0.12%"
"Jun 21, 2005","821.93","824.64","825.32","821.31","","-0.40%"
"Jun 20, 2005","825.19","831.00","831.27","823.81","","-0.12%"
"Jun 17, 2005","826.16","817.54","826.16","816.99","","+1.84%"
"Jun 16, 2005","811.20","812.19","814.90","809.45","","-0.23%"
"Jun 15, 2005","813.03","809.70","813.79","808.76","","+0.54%"
"Jun 14, 2005","808.68","809.66","812.23","807.50","","+0.07%"
"Jun 13, 2005","808.12","810.76","816.97","807.85","","-0.07%"
"Jun 10, 2005","808.70","801.83","810.40","800.89","","+1.49%"
"Jun 09, 2005","796.82","807.73","807.78","795.27","","-1.20%"
"Jun 08, 2005","806.53","804.18","809.19","803.53","","+0.27%"
"Jun 07, 2005","804.39","806.74","809.31","801.33","","-0.19%"
"Jun 06, 2005","805.90","800.48","805.93","798.78","","+0.57%"
"Jun 03, 2005","801.32","805.94","807.86","798.16","","-0.04%"
"Jun 02, 2005","801.63","806.06","809.62","801.63","","-0.40%"
"Jun 01, 2005","804.82","794.54","805.35","793.75","","+0.84%"
"May 31, 2005","798.11","792.41","798.11","788.01","","+0.95%"
"May 30, 2005","790.62","783.71","794.63","783.29","","+1.37%"
"May 27, 2005","779.95","774.90","782.21","774.30","","+1.73%"
"May 26, 2005","766.65","763.51","768.38","757.95","","+0.50%"
"May 25, 2005","762.84","781.21","782.58","762.07","","-2.24%"
"May 24, 2005","780.33","783.64","786.79","778.64","","+0.03%"
"May 23, 2005","780.11","770.80","782.49","770.03","","+1.59%"
"May 20, 2005","767.90","773.29","774.18","767.90","","-0.25%"
"May 19, 2005","769.86","760.40","771.69","758.85","","+2.83%"
"May 18, 2005","748.67","754.31","755.39","748.57","","-0.17%"
"May 17, 2005","749.98","768.70","771.67","748.17","","-1.55%"
"May 16, 2005","761.82","775.85","775.85","761.08","","-1.98%"
"May 13, 2005","777.19","778.78","783.07","775.39","","-0.88%"
"May 12, 2005","784.11","784.00","787.37","783.64","","-0.10%"
"May 11, 2005","784.92","783.00","786.17","779.09","","-0.36%"
"May 10, 2005","787.79","790.50","793.31","785.94","","-0.23%"
"May 09, 2005","789.60","790.00","790.30","783.72","","-0.21%"
"May 06, 2005","791.30","783.10","791.30","782.71","","+2.02%"
"May 02, 2005","775.64","769.35","777.64","765.52","","+0.19%"
"Apr 28, 2005","774.19","768.01","774.19","767.18","","+0.47%"
"Apr 27, 2005","770.58","768.86","771.45","766.45","","-0.79%"
"Apr 26, 2005","776.73","777.98","779.38","774.40","","-0.15%"
"Apr 25, 2005","777.88","774.80","782.01","774.24","","-0.43%"
"Apr 22, 2005","781.26","781.04","785.85","780.42","","+1.21%"
"Apr 21, 2005","771.95","769.00","773.52","757.11","","-1.04%"
"Apr 20, 2005","780.09","782.54","787.77","777.18","","+0.98%"
"Apr 19, 2005","772.52","761.98","775.03","761.67","","+2.06%"
"Apr 18, 2005","756.92","779.18","779.85","755.32","","-4.08%"
"Apr 15, 2005","789.14","797.53","798.05","788.00","","-2.31%"
"Apr 14, 2005","807.84","808.50","808.50","800.46","","-0.59%"
"Apr 13, 2005","812.66","812.16","815.50","807.32","","+0.60%"
"Apr 12, 2005","807.82","813.85","816.77","806.90","","-0.78%"
"Apr 11, 2005","814.13","825.20","826.04","812.32","","-1.93%"
"Apr 08, 2005","830.18","835.24","835.89","827.57","","-0.22%"
"Apr 07, 2005","832.01","828.72","832.01","825.38","","+0.89%"
"Apr 06, 2005","824.71","828.50","828.76","823.97","","-0.15%"
"Apr 05, 2005","825.98","818.87","830.12","818.87","","+1.24%"
"Apr 04, 2005","815.90","816.73","820.37","815.73","","-0.54%"
"Apr 01, 2005","820.30","807.14","820.30","804.59","","+1.11%"
"Mar 31, 2005","811.28","805.78","811.28","803.71","","+1.99%"
"Mar 30, 2005","795.48","800.81","800.88","790.01","","-0.75%"
"Mar 29, 2005","801.50","819.81","820.49","800.65","","-2.26%"
"Mar 28, 2005","820.02","814.46","821.26","812.48","","+0.19%"
"Mar 25, 2005","818.49","823.13","823.20","816.29","","+0.11%"
"Mar 24, 2005","817.61","824.01","827.61","817.61","","-0.88%"
"Mar 23, 2005","824.83","832.05","832.05","821.56","","-1.21%"
"Mar 22, 2005","834.93","838.57","838.57","832.77","","-0.56%"
"Mar 18, 2005","839.61","835.38","843.08","834.67","","+0.32%"
"Mar 17, 2005","836.95","836.80","838.84","834.69","","-0.86%"
"Mar 16, 2005","844.17","838.45","844.61","835.82","","+0.32%"
"Mar 15, 2005","841.48","842.69","846.58","838.21","","+0.49%"
"Mar 14, 2005","837.40","846.41","848.58","836.76","","-1.76%"
"Mar 11, 2005","852.40","850.65","857.11","850.65","","-0.15%"
"Mar 10, 2005","853.72","861.02","863.89","852.80","","-1.23%"
"Mar 09, 2005","864.38","852.99","865.43","852.83","","+1.51%"
"Mar 08, 2005","851.52","856.73","856.73","849.97","","-0.73%"
"Mar 07, 2005","857.80","863.00","869.37","857.80","","+0.18%"
"Mar 04, 2005","856.22","847.00","858.02","845.61","","+0.87%"
"Mar 03, 2005","848.80","840.54","849.12","840.00","","+0.88%"
"Mar 02, 2005","841.43","847.08","848.45","841.43","","-0.12%"
"Mar 01, 2005","842.47","832.83","842.47","832.83","","+1.10%"
"Feb 28, 2005","833.29","825.24","833.29","821.51","","+1.60%"
"Feb 25, 2005","820.20","811.88","821.28","811.23","","+1.62%"
"Feb 24, 2005","807.09","806.07","809.53","806.07","","+0.58%"
"Feb 23, 2005","802.47","800.30","803.76","797.32","","-0.09%"
"Feb 22, 2005","803.18","804.76","806.95","803.18","","+0.03%"
"Feb 21, 2005","802.90","805.75","807.69","802.82","","+0.44%"
"Feb 18, 2005","799.37","791.37","801.29","790.85","","+0.72%"
"Feb 17, 2005","793.69","792.80","795.50","790.81","","-0.26%"
"Feb 16, 2005","795.75","802.75","804.03","794.29","","-1.03%"
"Feb 15, 2005","804.04","804.56","807.47","802.12","","+0.16%"
"Feb 14, 2005","802.75","806.53","806.92","802.75","","+0.24%"
"Feb 10, 2005","800.86","796.98","802.22","793.61","","+0.24%"
"Feb 09, 2005","798.93","804.74","805.99","798.64","","-0.58%"
"Feb 08, 2005","803.56","801.52","805.06","799.02","","+0.50%"
"Feb 07, 2005","799.56","793.86","802.04","791.40","","+0.71%"
"Feb 04, 2005","793.91","796.77","796.80","786.68","","-0.44%"
"Feb 03, 2005","797.38","805.12","805.12","795.20","","-0.53%"
"Feb 02, 2005","801.60","796.88","803.65","796.33","","+0.75%"
"Feb 01, 2005","795.63","798.64","798.64","790.82","","-0.34%"
"Jan 31, 2005","798.38","788.87","800.08","787.89","","+1.40%"
"Jan 28, 2005","787.38","787.66","788.96","780.97","","-0.33%"
"Jan 27, 2005","789.97","789.54","789.97","785.78","","+0.31%"
"Jan 26, 2005","787.50","783.07","787.50","782.61","","+0.96%"
"Jan 25, 2005","780.00","777.03","780.00","772.94","","+0.20%"
"Jan 24, 2005","778.41","776.67","779.74","776.67","","+0.30%"
"Jan 21, 2005","776.11","775.43","778.35","774.03","","-0.31%"
"Jan 20, 2005","778.55","780.41","780.80","774.76","","-0.95%"
"Jan 19, 2005","786.01","783.00","787.93","782.82","","+0.83%"
"Jan 18, 2005","779.57","782.61","782.80","777.58","","+0.05%"
"Jan 17, 2005","779.19","776.63","781.20","774.62","","+0.68%"
"Jan 14, 2005","773.89","767.40","774.12","764.31","","+1.05%"
"Jan 13, 2005","765.86","770.76","772.51","765.31","","-0.97%"
"Jan 12, 2005","773.38","777.62","778.01","771.68","","-0.75%"
"Jan 11, 2005","779.24","777.00","780.99","776.25","","+0.60%"
"Jan 07, 2005","774.57","778.95","779.12","774.57","","-0.31%"
"Jan 06, 2005","776.96","769.45","777.88","769.35","","+0.62%"
"Jan 05, 2005","772.16","773.85","775.03","771.97","","-1.15%"
"Jan 04, 2005","781.18","777.88","782.26","774.34","","-0.03%"
"Dec 30, 2004","781.44","778.68","781.44","777.03","","+0.83%"
"Dec 29, 2004","774.99","780.77","782.07","774.99","","-0.03%"
"Dec 28, 2004","775.20","767.38","778.47","767.38","","+0.79%"
"Dec 27, 2004","769.15","766.27","769.15","763.29","","+0.39%"
"Dec 24, 2004","766.17","761.82","766.37","761.34","","+1.43%"
"Dec 22, 2004","755.39","755.53","757.26","754.23","","+0.81%"
"Dec 21, 2004","749.33","748.51","753.98","748.51","","+0.68%"
"Dec 20, 2004","744.29","738.89","746.76","738.10","","+1.00%"
"Dec 17, 2004","736.95","732.06","739.82","732.06","","+0.43%"
"Dec 16, 2004","733.83","732.68","736.42","730.83","","+0.01%"
"Dec 15, 2004","733.73","732.24","735.78","731.24","","+0.16%"
"Dec 14, 2004","732.53","722.13","732.53","722.00","","+1.15%"
"Dec 13, 2004","724.18","725.16","726.95","721.55","","+0.17%"
"Dec 10, 2004","722.94","719.26","727.95","719.26","","0.00%"
"Dec 09, 2004","722.96","737.75","737.75","721.77","","-2.33%"
"Dec 08, 2004","740.20","735.21","741.11","734.19","","-0.37%"
"Dec 07, 2004","742.98","749.20","752.81","742.98","","-1.03%"
"Dec 06, 2004","750.73","755.56","757.74","748.44","","-1.25%"
"Dec 03, 2004","760.21","759.89","762.51","757.22","","+0.04%"
"Dec 02, 2004","759.87","760.16","762.38","757.44","","+0.67%"
"Dec 01, 2004","754.83","750.36","756.59","746.32","","-0.37%"
"Nov 30, 2004","757.60","756.73","758.72","754.36","","-0.38%"
"Nov 29, 2004","760.46","753.65","762.54","751.78","","+1.42%"
"Nov 26, 2004","749.82","755.30","757.37","749.09","","-0.48%"
"Nov 25, 2004","753.42","745.69","754.55","745.69","","+0.91%"
"Nov 24, 2004","746.62","748.33","751.59","745.73","","-0.49%"
"Nov 22, 2004","750.29","754.48","754.48","746.53","","-1.36%"
"Nov 19, 2004","760.63","763.13","764.72","758.62","","+0.12%"
"Nov 18, 2004","759.69","763.96","770.37","759.14","","+0.52%"
"Nov 17, 2004","755.75","756.82","760.03","755.40","","-0.04%"
"Nov 16, 2004","756.04","764.05","764.08","755.31","","-0.86%"
"Nov 15, 2004","762.63","755.30","762.63","754.08","","+1.60%"
"Nov 12, 2004","750.62","736.60","751.28","736.60","","+1.50%"
"Nov 11, 2004","739.54","749.03","756.58","739.54","","-0.57%"
"Nov 10, 2004","743.80","743.23","748.78","741.91","","+0.03%"
"Nov 09, 2004","743.57","741.90","748.16","741.36","","-0.01%"
"Nov 08, 2004","743.63","757.31","757.31","742.42","","-1.37%"
"Nov 05, 2004","753.97","759.06","760.55","750.02","","-0.14%"
"Nov 04, 2004","755.01","737.46","758.30","737.00","","+4.00%"
"Nov 02, 2004","726.00","716.68","726.00","716.68","","+1.52%"
"Nov 01, 2004","715.10","715.72","717.57","712.02","","-0.16%"
"Oct 29, 2004","716.26","722.11","722.11","712.89","","-1.33%"
"Oct 28, 2004","725.89","720.15","728.46","719.75","","+1.73%"
"Oct 27, 2004","713.56","718.20","723.68","713.48","","0.00%"
"Oct 26, 2004","713.57","719.14","721.35","711.82","","-0.94%"
"Oct 25, 2004","720.32","718.77","721.70","708.72","","-1.28%"
"Oct 22, 2004","729.64","720.91","731.87","717.97","","+2.00%"
"Oct 21, 2004","715.30","718.90","723.37","714.02","","+0.10%"
"Oct 20, 2004","714.55","728.94","728.94","713.72","","-2.53%"
"Oct 19, 2004","733.08","728.82","738.22","728.82","","+0.96%"
"Oct 18, 2004","726.08","733.28","733.39","723.14","","-0.22%"
"Oct 15, 2004","727.68","722.66","730.39","721.57","","+0.29%"
"Oct 14, 2004","725.59","743.93","744.04","725.08","","-3.49%"
"Oct 13, 2004","751.85","763.28","763.30","751.12","","-1.64%"
"Oct 12, 2004","764.35","768.58","772.09","762.70","","-0.34%"
"Oct 08, 2004","766.96","760.93","767.94","760.93","","+0.40%"
"Oct 07, 2004","763.87","766.05","770.14","763.71","","+0.13%"
"Oct 06, 2004","762.87","748.29","765.22","748.29","","+1.79%"
"Oct 05, 2004","749.44","756.75","756.75","748.47","","-1.50%"
"Oct 04, 2004","760.84","757.78","762.97","757.49","","+1.70%"
"Oct 01, 2004","748.15","738.26","748.69","737.78","","+2.46%"
"Sep 30, 2004","730.19","727.58","736.52","727.14","","+1.15%"
"Sep 29, 2004","721.87","725.38","728.31","721.60","","+0.50%"
"Sep 28, 2004","718.26","714.33","719.75","712.66","","-0.01%"
"Sep 27, 2004","718.33","720.15","721.33","711.49","","-0.21%"
"Sep 24, 2004","719.87","723.74","723.74","714.44","","-1.25%"
"Sep 22, 2004","728.97","738.91","739.56","726.06","","-0.91%"
"Sep 21, 2004","735.68","740.87","740.87","734.73","","-0.21%"
"Sep 17, 2004","737.20","741.90","743.85","735.53","","-0.64%"
"Sep 16, 2004","741.93","742.61","744.84","739.67","","-0.95%"
"Sep 15, 2004","749.05","760.61","760.91","749.05","","-1.71%"
"Sep 14, 2004","762.11","761.68","769.18","760.80","","+0.61%"
"Sep 13, 2004","757.49","752.09","758.03","750.05","","+1.13%"
"Sep 10, 2004","749.06","748.76","752.82","742.87","","-0.60%"
"Sep 09, 2004","753.57","759.81","765.66","752.65","","-0.99%"
"Sep 08, 2004","761.09","767.53","768.85","759.34","","-0.83%"
"Sep 07, 2004","767.45","766.68","768.85","763.13","","+0.36%"
"Sep 06, 2004","764.71","751.76","764.71","751.76","","+2.51%"
"Sep 03, 2004","745.96","755.06","756.48","744.33","","-1.41%"
"Sep 02, 2004","756.63","744.23","756.63","744.12","","+1.93%"
"Sep 01, 2004","742.32","740.66","743.20","739.39","","+0.65%"
"Aug 31, 2004","737.50","740.52","742.03","735.79","","-1.10%"
"Aug 30, 2004","745.68","743.48","747.61","741.39","","+0.37%"
"Aug 27, 2004","742.93","741.68","743.03","739.46","","+0.45%"
"Aug 26, 2004","739.61","744.23","745.95","738.17","","+0.31%"
"Aug 25, 2004","737.31","725.76","737.77","725.76","","+1.23%"
"Aug 24, 2004","728.38","730.83","732.59","722.41","","-0.48%"
"Aug 23, 2004","731.92","735.67","737.37","731.92","","+0.23%"
"Aug 20, 2004","730.27","723.02","733.06","722.46","","+0.71%"
"Aug 19, 2004","725.11","719.63","727.32","719.09","","+1.36%"
"Aug 18, 2004","715.35","713.03","718.67","711.89","","+0.63%"
"Aug 17, 2004","710.86","715.63","719.63","710.86","","+0.12%"
"Aug 16, 2004","709.98","716.23","717.03","703.48","","-1.28%"
"Aug 13, 2004","719.17","725.31","725.67","719.17","","-1.93%"
"Aug 12, 2004","733.29","732.35","742.72","732.02","","-0.16%"
"Aug 11, 2004","734.47","735.89","735.89","730.99","","+0.77%"
"Aug 10, 2004","728.89","720.58","729.62","720.30","","+0.86%"
"Aug 09, 2004","722.67","716.81","723.49","712.34","","-0.17%"
"Aug 06, 2004","723.93","724.64","725.50","719.78","","-1.22%"
"Aug 05, 2004","732.86","729.79","735.53","725.35","","+0.40%"
"Aug 04, 2004","729.93","735.53","735.53","720.36","","-1.65%"
"Aug 03, 2004","742.17","747.19","749.05","737.59","","+0.23%"
"Aug 02, 2004","740.45","745.05","749.06","738.09","","-0.71%"
"Jul 30, 2004","745.75","736.57","745.75","736.43","","+2.47%"
"Jul 29, 2004","727.79","736.95","738.29","722.95","","-1.67%"
"Jul 28, 2004","740.17","733.32","742.89","733.03","","+1.90%"
"Jul 27, 2004","726.36","740.08","740.49","726.24","","-2.37%"
"Jul 26, 2004","744.03","743.46","746.09","740.25","","-1.40%"
"Jul 23, 2004","754.59","766.36","766.53","754.59","","-0.93%"
"Jul 22, 2004","761.70","766.41","766.41","758.46","","-1.68%"
"Jul 21, 2004","774.73","762.61","774.73","762.34","","+1.96%"
"Jul 20, 2004","759.84","761.64","762.51","756.82","","-1.16%"
"Jul 16, 2004","768.75","760.04","770.16","753.86","","+0.65%"
"Jul 15, 2004","763.82","771.04","772.27","758.13","","-0.30%"
"Jul 14, 2004","766.13","782.09","788.06","766.13","","-1.12%"
"Jul 13, 2004","774.82","768.41","775.77","767.49","","+0.77%"
"Jul 12, 2004","768.91","769.09","770.73","765.34","","+0.22%"
"Jul 09, 2004","767.24","757.55","767.24","757.38","","+1.03%"
"Jul 08, 2004","759.43","763.03","769.88","755.83","","-0.65%"
"Jul 07, 2004","764.42","761.13","766.28","751.69","","-0.82%"
"Jul 06, 2004","770.75","773.48","780.67","770.75","","-0.20%"
"Jul 05, 2004","772.31","776.97","780.08","771.05","","-1.72%"
"Jul 02, 2004","785.81","782.38","787.81","778.34","","-0.89%"
"Jul 01, 2004","792.88","801.48","804.07","792.74","","-0.55%"
"Jun 30, 2004","797.28","799.51","801.78","796.48","","-0.38%"
"Jun 29, 2004","800.31","796.67","801.40","794.20","","-0.56%"
"Jun 28, 2004","804.78","796.90","804.78","794.33","","+1.31%"
"Jun 25, 2004","794.36","789.14","794.36","784.25","","+0.71%"
"Jun 24, 2004","788.73","774.22","788.73","774.22","","+2.62%"
"Jun 23, 2004","768.56","765.07","773.86","765.07","","+1.34%"
"Jun 22, 2004","758.37","756.73","758.46","751.97","","-0.19%"
"Jun 21, 2004","759.78","757.09","767.03","757.09","","+1.32%"
"Jun 18, 2004","749.88","754.51","759.20","745.57","","-0.72%"
"Jun 17, 2004","755.35","753.86","755.53","748.93","","+0.53%"
"Jun 16, 2004","751.36","747.71","755.23","747.71","","+1.65%"
"Jun 15, 2004","739.16","748.00","748.85","736.72","","-1.38%"
"Jun 14, 2004","749.51","747.66","756.27","746.28","","+0.44%"
"Jun 11, 2004","746.20","737.34","751.94","737.34","","+1.10%"
"Jun 10, 2004","738.09","729.32","740.36","729.32","","+0.24%"
"Jun 09, 2004","736.34","729.88","740.11","729.49","","+1.51%"
"Jun 08, 2004","725.40","729.64","729.69","722.08","","+0.53%"
"Jun 07, 2004","721.58","714.03","723.71","712.94","","+1.53%"
"Jun 04, 2004","710.68","708.03","711.10","704.89","","+0.15%"
"Jun 03, 2004","709.59","727.43","731.68","705.50","","-2.38%"
"Jun 02, 2004","726.88","731.00","731.00","725.83","","-0.60%"
"Jun 01, 2004","731.24","724.56","733.79","724.56","","+0.49%"
"May 31, 2004","727.70","729.85","729.94","718.34","","-0.56%"
"May 28, 2004","731.77","723.42","731.77","721.43","","+1.99%"
"May 27, 2004","717.52","723.12","723.12","714.50","","-0.57%"
"May 26, 2004","721.66","723.29","725.62","719.54","","+1.14%"
"May 25, 2004","713.53","719.08","719.56","710.27","","-0.65%"
"May 24, 2004","718.23","719.88","724.24","716.50","","+0.58%"
"May 21, 2004","714.09","700.61","714.92","700.61","","+2.07%"
"May 20, 2004","699.60","704.51","710.54","692.18","","-1.07%"
"May 19, 2004","707.14","689.06","707.14","687.99","","+3.45%"
"May 18, 2004","683.56","665.18","684.13","665.18","","+2.84%"
"May 17, 2004","664.66","689.44","689.97","662.41","","-4.09%"
"May 14, 2004","692.98","701.10","704.87","685.72","","-0.90%"
"May 13, 2004","699.25","716.77","716.77","699.25","","-2.62%"
"May 12, 2004","718.10","709.56","718.10","709.32","","+2.58%"
"May 11, 2004","700.03","691.87","707.47","686.58","","+0.11%"
"May 10, 2004","699.29","732.09","746.10","691.74","","-4.75%"
"May 07, 2004","734.20","729.35","741.96","724.80","","-0.22%"
"May 06, 2004","735.79","755.65","756.83","733.07","","-2.91%"
"Apr 30, 2004","757.85","765.50","765.76","752.06","","-2.60%"
"Apr 28, 2004","778.07","783.95","785.67","775.90","","-0.78%"
"Apr 27, 2004","784.19","787.90","787.90","777.45","","-1.02%"
"Apr 26, 2004","792.29","789.92","798.89","785.26","","+0.53%"
"Apr 23, 2004","788.12","786.57","788.37","780.76","","+0.63%"
"Apr 22, 2004","783.15","793.94","794.95","781.38","","-0.79%"
"Apr 21, 2004","789.35","775.53","791.19","770.25","","+1.89%"
"Apr 20, 2004","774.68","752.90","776.39","752.14","","+3.43%"
"Apr 19, 2004","749.01","764.88","765.32","740.57","","-1.61%"
"Apr 16, 2004","761.29","760.56","765.22","756.16","","+0.37%"
"Apr 15, 2004","758.49","783.20","785.52","755.56","","-2.46%"
"Apr 14, 2004","777.61","768.82","779.32","767.40","","+0.71%"
"Apr 13, 2004","772.16","778.89","779.52","771.78","","-0.07%"
"Apr 12, 2004","772.68","762.09","775.89","762.09","","+1.71%"
"Apr 09, 2004","759.69","764.99","764.99","755.08","","-2.11%"
"Apr 08, 2004","776.04","765.74","777.26","759.86","","+1.30%"
"Apr 07, 2004","766.10","774.24","774.24","765.72","","-1.65%"
"Apr 06, 2004","778.92","780.58","780.69","771.53","","+0.46%"
"Apr 05, 2004","775.38","763.09","778.10","762.74","","+2.66%"
"Apr 02, 2004","755.27","751.44","755.50","749.31","","+0.65%"
"Apr 01, 2004","750.36","755.34","758.77","749.48","","-0.33%"
"Mar 31, 2004","752.85","748.78","754.84","748.32","","+0.44%"
"Mar 30, 2004","749.53","762.39","764.39","749.01","","-1.07%"
"Mar 29, 2004","757.62","760.87","770.07","755.86","","+0.10%"
"Mar 26, 2004","756.87","753.66","759.96","753.21","","+1.06%"
"Mar 25, 2004","748.91","739.63","748.91","735.15","","+1.81%"
"Mar 24, 2004","735.57","724.69","736.35","721.94","","+2.05%"
"Mar 23, 2004","720.82","719.33","721.27","709.77","","-0.28%"
"Mar 22, 2004","722.87","718.67","726.14","718.12","","-0.02%"
"Mar 19, 2004","722.99","713.11","723.87","713.11","","+0.86%"
"Mar 18, 2004","716.81","733.63","735.69","714.68","","-1.26%"
"Mar 17, 2004","725.97","715.07","726.46","714.22","","+1.73%"
"Mar 16, 2004","713.62","722.07","722.07","710.83","","-2.08%"
"Mar 15, 2004","728.79","725.64","729.95","724.53","","+1.81%"
"Mar 12, 2004","715.84","707.92","717.09","702.86","","+0.25%"
"Mar 11, 2004","714.07","711.09","716.55","706.51","","-0.82%"
"Mar 10, 2004","720.00","726.08","726.55","716.29","","-0.98%"
"Mar 09, 2004","727.11","725.12","729.33","722.18","","-0.54%"
"Mar 08, 2004","731.04","725.28","735.57","725.03","","+1.24%"
"Mar 05, 2004","722.11","722.80","723.99","712.91","","+0.30%"
"Mar 04, 2004","719.97","717.58","723.99","717.30","","-0.03%"
"Mar 03, 2004","720.19","720.16","725.81","717.72","","+0.07%"
"Mar 02, 2004","719.67","711.71","719.67","710.33","","+2.19%"
"Mar 01, 2004","704.24","699.38","704.62","697.75","","+1.40%"
"Feb 27, 2004","694.51","683.74","697.08","682.71","","+1.89%"
"Feb 26, 2004","681.63","679.16","681.63","674.85","","+0.97%"
"Feb 25, 2004","675.05","678.43","681.85","672.67","","-0.28%"
"Feb 24, 2004","676.94","693.30","693.30","676.52","","-2.78%"
"Feb 23, 2004","696.27","691.52","699.61","690.42","","+0.61%"
"Feb 20, 2004","692.06","693.67","695.36","689.90","","-0.69%"
"Feb 19, 2004","696.89","698.13","700.71","693.33","","+0.13%"
"Feb 18, 2004","695.98","704.17","706.44","694.00","","-0.80%"
"Feb 17, 2004","701.58","684.66","701.58","684.13","","+2.40%"
"Feb 16, 2004","685.17","690.28","691.57","682.60","","-0.51%"
"Feb 13, 2004","688.71","679.98","689.20","677.51","","+1.27%"
"Feb 12, 2004","680.05","683.59","686.85","678.17","","+0.23%"
"Feb 10, 2004","678.48","677.99","680.89","670.42","","+0.18%"
"Feb 09, 2004","677.23","689.98","693.60","675.36","","-0.85%"
"Feb 06, 2004","683.03","676.80","683.30","672.23","","+1.57%"
"Feb 05, 2004","672.48","664.99","672.48","662.32","","+0.07%"
"Feb 04, 2004","672.04","686.29","686.29","666.95","","-2.35%"
"Feb 03, 2004","688.18","694.20","697.08","674.49","","-1.62%"
"Feb 02, 2004","699.50","701.87","712.82","698.71","","+0.16%"
"Jan 30, 2004","698.36","694.80","702.35","694.00","","+0.13%"
"Jan 29, 2004","697.46","703.72","704.68","693.82","","-1.86%"
"Jan 28, 2004","710.69","715.47","715.88","708.14","","-1.34%"
"Jan 27, 2004","720.33","731.53","734.78","720.33","","-0.94%"
"Jan 26, 2004","727.20","728.51","729.85","721.66","","-0.75%"
"Jan 23, 2004","732.71","737.67","739.11","730.80","","-0.75%"
"Jan 22, 2004","738.26","740.28","743.57","735.43","","-0.03%"
"Jan 21, 2004","738.49","737.31","747.37","734.16","","+0.22%"
"Jan 20, 2004","736.84","742.23","747.40","734.64","","-0.88%"
"Jan 19, 2004","743.37","736.64","744.04","735.09","","+1.73%"
"Jan 16, 2004","730.72","722.44","730.72","719.06","","+1.05%"
"Jan 15, 2004","723.10","735.43","735.43","723.06","","-1.45%"
"Jan 14, 2004","733.72","719.68","734.60","714.77","","+1.58%"
"Jan 13, 2004","722.29","731.20","734.65","718.46","","-1.51%"
"Jan 09, 2004","733.33","725.10","736.21","725.10","","+1.99%"
"Jan 08, 2004","719.01","711.74","721.97","708.96","","+0.58%"
"Jan 07, 2004","714.88","714.17","716.98","708.94","","+0.28%"
"Jan 06, 2004","712.88","719.66","726.41","711.32","","-0.01%"
"Jan 05, 2004","712.96","705.16","714.20","705.16","","+2.30%"
"Dec 30, 2003","696.93","691.72","697.19","690.66","","+1.52%"
"Dec 29, 2003","686.50","681.08","687.51","680.31","","+1.16%"
"Dec 26, 2003","678.63","666.59","678.63","666.59","","+1.89%"
"Dec 25, 2003","666.05","661.48","666.29","659.00","","+1.15%"
"Dec 24, 2003","658.46","657.37","660.32","655.35","","+0.62%"
"Dec 22, 2003","654.40","648.20","654.97","648.20","","+0.41%"
"Dec 19, 2003","651.70","649.30","654.98","649.22","","+1.44%"
"Dec 18, 2003","642.47","647.22","648.57","641.28","","-0.44%"
"Dec 17, 2003","645.28","655.83","660.21","645.10","","-1.28%"
"Dec 16, 2003","653.63","653.14","655.00","646.82","","-1.47%"
"Dec 15, 2003","663.41","653.70","665.69","653.70","","+3.06%"
"Dec 12, 2003","643.74","642.16","648.09","641.55","","+1.20%"
"Dec 11, 2003","636.13","633.52","640.08","627.83","","+0.63%"
"Dec 10, 2003","632.14","636.57","636.57","625.70","","-1.31%"
"Dec 09, 2003","640.56","648.94","649.11","632.89","","-1.35%"
"Dec 08, 2003","649.31","666.65","666.65","645.44","","-3.20%"
"Dec 05, 2003","670.78","676.29","677.44","666.93","","-0.90%"
"Dec 04, 2003","676.90","676.98","680.27","674.07","","+0.18%"
"Dec 03, 2003","675.69","680.47","685.80","672.96","","-0.81%"
"Dec 02, 2003","681.24","674.29","686.28","674.29","","+1.99%"
"Dec 01, 2003","667.94","637.83","671.31","630.04","","+2.83%"
"Nov 28, 2003","649.57","658.47","660.49","647.97","","-1.85%"
"Nov 27, 2003","661.80","666.85","666.85","661.20","","-0.58%"
"Nov 26, 2003","665.69","652.59","666.95","652.59","","+2.28%"
"Nov 25, 2003","650.82","644.70","654.76","644.70","","+2.68%"
"Nov 21, 2003","633.86","623.49","639.10","619.22","","+1.39%"
"Nov 20, 2003","625.15","622.16","628.07","612.21","","+1.86%"
"Nov 19, 2003","613.72","619.69","622.08","613.72","","-1.82%"
"Nov 18, 2003","625.09","614.54","625.92","607.91","","+1.74%"
"Nov 17, 2003","614.38","649.80","649.80","614.01","","-6.42%"
"Nov 14, 2003","656.50","669.46","674.00","656.50","","-1.75%"
"Nov 13, 2003","668.20","664.40","675.66","664.40","","+1.94%"
"Nov 12, 2003","655.46","668.44","668.57","648.37","","-2.12%"
"Nov 11, 2003","669.65","684.42","685.00","658.90","","-3.33%"
"Nov 10, 2003","692.74","702.83","703.48","690.68","","-2.31%"
"Nov 07, 2003","709.14","715.26","715.37","697.25","","-1.13%"
"Nov 06, 2003","717.24","736.68","736.68","714.56","","-2.96%"
"Nov 05, 2003","739.15","729.45","739.15","724.33","","+1.32%"
"Nov 04, 2003","729.50","721.85","731.09","720.78","","+2.12%"
"Oct 31, 2003","714.34","726.26","732.88","710.17","","-1.64%"
"Oct 30, 2003","726.27","720.75","730.17","716.03","","+1.04%"
"Oct 29, 2003","718.80","709.73","722.14","709.04","","+2.47%"
"Oct 28, 2003","701.49","699.23","705.15","699.15","","+0.41%"
"Oct 27, 2003","698.65","685.53","698.65","685.53","","+2.42%"
"Oct 24, 2003","682.11","682.29","692.84","675.52","","+1.32%"
"Oct 23, 2003","673.20","705.58","705.58","670.42","","-5.87%"
"Oct 22, 2003","715.19","732.25","732.25","712.74","","-2.11%"
"Oct 21, 2003","730.59","753.34","754.94","727.41","","-1.63%"
"Oct 20, 2003","742.70","729.90","742.91","721.88","","+1.35%"
"Oct 17, 2003","732.80","731.72","736.44","724.32","","+1.00%"
"Oct 16, 2003","725.58","716.32","725.58","713.77","","+1.64%"
"Oct 15, 2003","713.87","689.59","717.92","686.82","","+4.07%"
"Oct 14, 2003","685.98","688.70","695.39","685.36","","+0.16%"
"Oct 10, 2003","684.91","676.59","689.03","675.34","","+1.40%"
"Oct 09, 2003","675.45","677.28","680.82","672.99","","+0.15%"
"Oct 08, 2003","674.46","681.57","688.64","674.46","","-1.39%"
"Oct 07, 2003","683.95","684.90","687.19","676.90","","-0.33%"
"Oct 06, 2003","686.24","680.90","690.90","679.79","","+1.96%"
"Oct 03, 2003","673.07","657.61","673.58","656.83","","+2.75%"
"Oct 02, 2003","655.04","651.21","656.51","649.23","","+1.76%"
"Oct 01, 2003","643.71","636.56","644.61","634.56","","+1.19%"
"Sep 30, 2003","636.13","635.99","648.05","635.58","","+0.72%"
"Sep 29, 2003","631.58","642.00","642.00","628.06","","-2.17%"
"Sep 26, 2003","645.61","634.95","650.73","630.93","","+0.58%"
"Sep 25, 2003","641.89","651.18","651.77","633.71","","-3.26%"
"Sep 24, 2003","663.50","672.46","681.11","654.01","","-1.53%"
"Sep 22, 2003","673.84","691.09","691.77","667.08","","-2.93%"
"Sep 19, 2003","694.15","707.27","708.56","694.12","","-1.12%"
"Sep 18, 2003","702.00","699.79","704.88","695.29","","+0.04%"
"Sep 17, 2003","701.73","714.71","718.55","700.52","","-0.39%"
"Sep 16, 2003","704.47","703.33","708.87","700.13","","+0.47%"
"Sep 12, 2003","701.15","698.63","703.80","695.93","","+0.82%"
"Sep 11, 2003","695.42","707.45","709.86","695.18","","-2.60%"
"Sep 10, 2003","713.97","708.89","714.61","705.32","","+0.48%"
"Sep 09, 2003","710.55","693.15","712.44","692.96","","+3.83%"
"Sep 08, 2003","684.35","667.95","685.96","666.63","","+1.53%"
"Sep 05, 2003","674.06","679.56","680.29","670.00","","-0.38%"
"Sep 04, 2003","676.64","686.62","688.82","674.06","","-1.24%"
"Sep 03, 2003","685.15","698.05","699.57","682.64","","-0.88%"
"Sep 02, 2003","691.23","689.04","697.86","685.79","","+0.56%"
"Sep 01, 2003","687.37","660.51","687.37","660.51","","+4.75%"
"Aug 29, 2003","656.21","655.92","657.60","650.78","","+0.68%"
"Aug 28, 2003","651.77","662.97","665.50","648.61","","-1.70%"
"Aug 27, 2003","663.01","668.09","671.63","662.48","","-0.58%"
"Aug 26, 2003","666.85","655.42","668.85","649.87","","+1.47%"
"Aug 25, 2003","657.17","663.68","666.36","653.74","","-1.54%"
"Aug 22, 2003","667.46","660.40","670.07","660.40","","+1.48%"
"Aug 21, 2003","657.70","654.80","662.42","653.02","","-0.23%"
"Aug 20, 2003","659.22","652.74","659.55","650.14","","+1.21%"
"Aug 19, 2003","651.35","651.58","659.44","650.83","","+1.43%"
"Aug 18, 2003","642.14","630.68","642.82","630.56","","+3.25%"
"Aug 15, 2003","621.95","626.67","634.66","621.63","","+0.09%"
"Aug 14, 2003","621.42","601.82","623.24","601.82","","+3.32%"
"Aug 13, 2003","601.43","592.65","603.67","590.61","","+1.86%"
"Aug 12, 2003","590.46","577.92","590.46","575.52","","+2.66%"
"Aug 11, 2003","575.16","575.31","579.60","573.10","","+0.42%"
"Aug 08, 2003","572.78","571.37","578.04","569.47","","+0.36%"
"Aug 07, 2003","570.72","571.02","577.66","568.37","","+0.28%"
"Aug 06, 2003","569.12","569.09","573.00","564.69","","-1.17%"
"Aug 05, 2003","575.84","581.04","585.40","573.06","","-0.88%"
"Aug 04, 2003","580.94","584.42","587.75","578.65","","-1.12%"
"Aug 01, 2003","587.52","588.09","593.29","582.53","","+1.10%"
"Jul 31, 2003","581.14","587.16","588.45","575.13","","-1.34%"
"Jul 30, 2003","589.04","602.17","602.17","589.04","","-2.94%"
"Jul 29, 2003","606.90","603.41","609.84","603.41","","+1.21%"
"Jul 28, 2003","599.65","587.85","599.65","587.41","","+3.20%"
"Jul 25, 2003","581.03","586.75","588.02","576.71","","-1.06%"
"Jul 24, 2003","587.23","583.53","590.42","582.16","","+1.55%"
"Jul 23, 2003","578.29","578.16","580.99","575.62","","+0.93%"
"Jul 22, 2003","572.96","560.33","580.00","560.05","","+3.15%"
"Jul 18, 2003","555.47","552.40","560.02","549.06","","-0.05%"
"Jul 17, 2003","555.75","574.65","574.65","554.54","","-4.30%"
"Jul 16, 2003","580.72","590.78","594.30","577.07","","-1.01%"
"Jul 15, 2003","586.65","592.50","598.68","585.16","","-0.01%"
"Jul 14, 2003","586.73","576.80","587.32","576.23","","+2.48%"
"Jul 11, 2003","572.53","589.25","589.35","571.22","","-3.62%"
"Jul 10, 2003","594.04","597.60","604.17","593.92","","-1.16%"
"Jul 09, 2003","601.01","612.41","615.38","589.20","","-1.31%"
"Jul 08, 2003","608.99","611.35","622.70","607.47","","+0.76%"
"Jul 07, 2003","604.39","580.14","606.54","580.14","","+4.67%"
"Jul 04, 2003","577.45","565.86","578.00","564.58","","+0.86%"
"Jul 03, 2003","572.54","588.25","599.45","569.71","","-1.69%"
"Jul 02, 2003","582.36","576.89","584.12","576.89","","+1.88%"
"Jul 01, 2003","571.64","572.13","574.99","569.28","","-0.39%"
"Jun 30, 2003","573.89","571.18","582.09","568.59","","+0.60%"
"Jun 27, 2003","570.45","548.59","571.49","548.59","","+5.14%"
"Jun 26, 2003","542.58","524.15","542.58","520.93","","+2.97%"
"Jun 25, 2003","526.91","524.25","527.36","523.17","","+1.09%"
"Jun 24, 2003","521.25","528.99","531.11","519.18","","-2.82%"
"Jun 23, 2003","536.35","529.72","537.36","527.95","","+1.96%"
"Jun 20, 2003","526.03","519.83","527.24","518.28","","+0.83%"
"Jun 19, 2003","521.69","524.08","525.36","518.47","","0.00%"
"Jun 18, 2003","521.67","524.94","527.33","521.10","","-0.03%"
"Jun 17, 2003","521.83","522.42","528.60","518.44","","+1.21%"
"Jun 16, 2003","515.60","515.74","516.49","511.49","","-0.91%"
"Jun 13, 2003","520.36","519.92","524.17","514.96","","+0.17%"
"Jun 12, 2003","519.46","527.16","529.94","518.37","","-0.51%"
"Jun 11, 2003","522.12","520.41","529.16","520.41","","+1.40%"
"Jun 10, 2003","514.93","512.97","514.93","507.61","","-0.65%"
"Jun 09, 2003","518.29","515.88","520.68","515.36","","+0.85%"
"Jun 06, 2003","513.91","509.84","515.09","505.07","","+1.28%"
"Jun 05, 2003","507.40","501.17","507.40","501.17","","+2.14%"
"Jun 04, 2003","496.79","502.60","505.80","495.96","","-0.40%"
"Jun 03, 2003","498.78","496.93","502.93","493.85","","+0.32%"
"Jun 02, 2003","497.20","493.00","501.45","492.77","","+1.93%"
"May 30, 2003","487.79","477.50","487.79","477.05","","+2.68%"
"May 29, 2003","475.04","468.51","475.04","466.92","","+1.59%"
"May 28, 2003","467.60","467.36","472.13","467.09","","+1.39%"
"May 27, 2003","461.17","468.04","468.17","460.71","","-1.51%"
"May 26, 2003","468.24","469.70","472.74","468.21","","+0.12%"
"May 23, 2003","467.68","467.00","470.21","464.51","","+1.26%"
"May 22, 2003","461.87","458.42","462.46","458.10","","+0.67%"
"May 21, 2003","458.80","459.69","464.77","456.53","","+0.44%"
"May 20, 2003","456.81","454.62","457.68","452.40","","-0.26%"
"May 19, 2003","458.01","463.20","463.50","454.38","","-1.81%"
"May 16, 2003","466.45","460.91","468.42","458.97","","+1.98%"
"May 15, 2003","457.38","463.31","464.13","454.70","","-1.45%"
"May 14, 2003","464.09","460.57","464.13","457.94","","+1.05%"
"May 13, 2003","459.29","462.56","466.48","459.16","","-0.12%"
"May 12, 2003","459.86","452.47","460.41","446.36","","+2.43%"
"May 09, 2003","448.97","445.98","451.02","443.59","","+1.25%"
"May 08, 2003","443.43","441.31","446.27","438.40","","-0.31%"
"May 07, 2003","444.81","450.07","450.69","441.45","","-0.47%"
"May 06, 2003","446.92","441.29","447.93","441.29","","+2.09%"
"May 02, 2003","437.78","431.27","437.78","427.45","","+2.03%"
"May 01, 2003","429.05","423.60","432.07","420.02","","+1.25%"
"Apr 30, 2003","423.76","414.82","423.76","414.82","","+3.16%"
"Apr 28, 2003","410.78","413.32","414.52","410.17","","-1.53%"
"Apr 25, 2003","417.15","422.69","422.69","413.48","","-1.45%"
"Apr 24, 2003","423.27","427.84","431.66","423.15","","-0.64%"
"Apr 23, 2003","425.98","427.08","432.36","423.30","","+0.98%"
"Apr 22, 2003","421.84","437.25","437.25","421.11","","-2.93%"
"Apr 21, 2003","434.56","426.87","435.32","422.95","","+2.67%"
"Apr 18, 2003","423.25","428.25","429.57","423.25","","-0.16%"
"Apr 17, 2003","423.92","427.77","429.93","423.15","","-1.23%"
"Apr 16, 2003","429.19","432.53","436.04","429.07","","+0.06%"
"Apr 15, 2003","428.93","419.76","432.25","419.76","","+2.99%"
"Apr 14, 2003","416.48","428.74","431.08","413.92","","-3.04%"
"Apr 11, 2003","429.53","439.64","440.24","427.92","","-2.62%"
"Apr 10, 2003","441.07","441.62","443.81","438.85","","-0.10%"
"Apr 09, 2003","441.49","444.32","448.68","439.17","","-1.36%"
"Apr 08, 2003","447.56","451.87","452.09","443.97","","-1.91%"
"Apr 07, 2003","456.29","447.53","456.29","442.73","","+2.66%"
"Apr 04, 2003","444.47","439.30","446.28","438.09","","+0.83%"
"Apr 03, 2003","440.79","455.51","455.94","439.26","","-2.28%"
"Apr 02, 2003","451.08","447.84","451.08","441.04","","+1.66%"
"Apr 01, 2003","443.71","438.30","446.55","436.38","","+0.52%"
"Mar 31, 2003","441.41","454.43","454.67","441.41","","-3.44%"
"Mar 28, 2003","457.15","465.08","465.61","455.60","","-1.41%"
"Mar 27, 2003","463.69","461.63","464.92","459.19","","+0.74%"
"Mar 26, 2003","460.27","456.04","461.26","455.76","","+1.21%"
"Mar 25, 2003","454.75","458.51","461.39","453.57","","-1.97%"
"Mar 24, 2003","463.90","458.20","464.72","458.20","","+2.91%"
"Mar 20, 2003","450.77","442.93","454.72","442.84","","+3.10%"
"Mar 19, 2003","437.20","435.81","437.20","428.64","","0.00%"
"Mar 18, 2003","437.20","440.03","446.69","437.20","","+1.09%"
"Mar 17, 2003","432.48","451.26","451.63","432.48","","-4.25%"
"Mar 14, 2003","451.66","453.44","458.06","451.66","","-0.22%"
"Mar 13, 2003","452.65","451.05","456.95","450.66","","+1.69%"
"Mar 12, 2003","445.12","439.71","447.62","439.71","","+1.94%"
"Mar 11, 2003","436.63","436.56","447.17","434.93","","-1.07%"
"Mar 10, 2003","441.35","454.90","454.96","438.45","","-3.96%"
"Mar 07, 2003","459.55","477.18","477.81","459.55","","-4.89%"
"Mar 06, 2003","483.16","485.32","490.50","483.16","","-0.03%"
"Mar 05, 2003","483.29","476.67","485.46","474.41","","+0.63%"
"Mar 04, 2003","480.26","477.80","480.86","475.72","","+0.81%"
"Mar 03, 2003","476.40","473.57","477.01","472.87","","+0.84%"
"Feb 28, 2003","472.42","475.91","477.18","470.81","","+0.08%"
"Feb 27, 2003","472.06","475.50","475.89","465.90","","-0.90%"
"Feb 26, 2003","476.37","475.68","481.21","474.88","","+0.53%"
"Feb 25, 2003","473.88","477.47","477.52","470.54","","-1.70%"
"Feb 24, 2003","482.06","482.00","484.01","479.79","","-0.53%"
"Feb 21, 2003","484.62","500.94","501.91","483.97","","-3.20%"
"Feb 20, 2003","500.62","504.21","506.68","496.05","","-1.34%"
"Feb 19, 2003","507.44","516.07","516.64","507.44","","-1.11%"
"Feb 18, 2003","513.12","516.76","517.98","509.26","","-1.26%"
"Feb 17, 2003","519.68","513.35","519.68","513.35","","+2.20%"
"Feb 14, 2003","508.50","504.36","513.74","503.90","","+0.99%"
"Feb 13, 2003","503.53","511.08","514.91","501.84","","-1.76%"
"Feb 12, 2003","512.56","502.58","512.56","502.06","","+2.13%"
"Feb 10, 2003","501.85","504.04","505.78","499.23","","-0.66%"
"Feb 07, 2003","505.19","510.60","512.71","502.56","","-1.52%"
"Feb 06, 2003","513.01","517.22","520.92","510.94","","-0.53%"
"Feb 05, 2003","515.74","504.38","516.91","501.93","","+1.63%"
"Feb 04, 2003","507.46","506.71","510.49","504.46","","+1.12%"
"Feb 03, 2003","501.84","487.26","502.71","483.96","","+2.52%"
"Jan 31, 2003","489.51","478.08","493.24","473.65","","+1.56%"
"Jan 30, 2003","482.01","477.97","483.91","475.79","","+0.61%"
"Jan 29, 2003","479.09","496.47","496.69","477.96","","-3.71%"
"Jan 28, 2003","497.54","499.89","500.78","496.09","","-1.08%"
"Jan 27, 2003","502.99","513.03","513.17","499.62","","-3.05%"
"Jan 24, 2003","518.80","521.75","531.44","516.03","","-0.14%"
"Jan 23, 2003","519.51","509.29","519.71","504.09","","+2.33%"
"Jan 22, 2003","507.68","502.81","507.82","499.70","","+1.48%"
"Jan 21, 2003","500.26","489.63","502.85","485.93","","+1.71%"
"Jan 20, 2003","491.85","499.70","500.86","487.18","","-2.44%"
"Jan 17, 2003","504.16","490.39","506.33","490.34","","+2.61%"
"Jan 16, 2003","491.35","484.14","491.35","482.17","","+1.00%"
"Jan 15, 2003","486.48","482.59","489.10","479.25","","+1.39%"
"Jan 14, 2003","479.81","469.65","479.81","463.38","","+2.31%"
"Jan 10, 2003","468.98","464.49","468.98","455.82","","+1.40%"
"Jan 09, 2003","462.50","457.74","462.50","452.13","","-0.16%"
"Jan 08, 2003","463.23","467.64","467.88","460.92","","-2.20%"
"Jan 07, 2003","473.66","481.67","484.79","472.66","","-0.46%"
"Jan 06, 2003","475.83","471.39","478.84","470.24","","+1.74%"
"Dec 30, 2002","467.70","466.49","468.27","464.01","","-0.58%"
"Dec 27, 2002","470.45","466.96","470.93","462.69","","+0.86%"
"Dec 26, 2002","466.46","455.49","466.77","453.96","","+3.30%"
"Dec 25, 2002","451.54","454.85","457.85","447.15","","-0.70%"
"Dec 24, 2002","454.72","449.42","458.23","444.44","","+1.61%"
"Dec 20, 2002","447.52","450.23","451.32","439.00","","-0.56%"
"Dec 19, 2002","450.02","442.23","450.02","436.47","","+1.09%"
"Dec 18, 2002","445.18","450.30","455.54","441.67","","-1.60%"
"Dec 17, 2002","452.43","455.74","459.73","451.76","","+0.19%"
"Dec 16, 2002","451.58","459.25","462.24","450.65","","-2.14%"
"Dec 13, 2002","461.46","465.24","467.76","456.36","","-0.80%"
"Dec 12, 2002","465.17","471.33","471.49","463.64","","-1.12%"
"Dec 11, 2002","470.44","482.26","483.03","470.44","","-1.90%"
"Dec 10, 2002","479.54","476.23","479.54","472.85","","-0.45%"
"Dec 09, 2002","481.69","470.22","485.88","470.22","","+2.86%"
"Dec 06, 2002","468.30","466.45","471.14","463.39","","-0.54%"
"Dec 05, 2002","470.86","474.24","477.88","469.20","","-1.29%"
"Dec 04, 2002","477.03","484.29","485.30","474.44","","-2.89%"
"Dec 03, 2002","491.21","480.68","496.95","480.12","","+3.06%"
"Dec 02, 2002","476.62","480.20","480.80","471.85","","-1.17%"
"Nov 29, 2002","482.27","479.32","484.86","474.24","","+0.25%"
"Nov 28, 2002","481.07","463.61","482.28","463.61","","+5.40%"
"Nov 27, 2002","456.42","444.03","456.62","442.05","","+1.20%"
"Nov 26, 2002","450.99","457.84","459.02","449.21","","-0.71%"
"Nov 25, 2002","454.22","440.83","454.22","435.26","","+3.67%"
"Nov 22, 2002","438.16","437.15","442.32","435.82","","+1.87%"
"Nov 21, 2002","430.13","419.66","430.13","419.66","","+4.29%"
"Nov 20, 2002","412.45","397.00","415.36","395.02","","+4.07%"
"Nov 19, 2002","396.33","397.06","400.63","385.88","","-1.68%"
"Nov 18, 2002","403.10","413.39","415.78","399.97","","-2.69%"
"Nov 15, 2002","414.24","417.06","419.70","409.50","","+0.93%"
"Nov 14, 2002","410.42","422.33","427.44","410.42","","-3.70%"
"Nov 13, 2002","426.21","431.24","431.24","423.72","","-0.41%"
"Nov 12, 2002","427.98","419.57","430.01","418.89","","+0.75%"
"Nov 11, 2002","424.79","434.61","436.11","424.08","","-3.03%"
"Nov 08, 2002","438.08","447.38","448.55","437.80","","-3.43%"
"Nov 07, 2002","453.64","446.16","460.35","445.74","","+2.58%"
"Nov 06, 2002","442.24","448.63","452.60","439.07","","-1.24%"
"Nov 05, 2002","447.80","431.57","449.48","431.57","","+5.67%"
"Nov 01, 2002","423.77","415.72","424.40","415.07","","+2.58%"
"Oct 31, 2002","413.12","407.34","414.33","404.84","","+2.48%"
"Oct 30, 2002","403.12","398.63","405.36","398.63","","+0.21%"
"Oct 29, 2002","402.26","400.22","404.03","399.72","","-0.42%"
"Oct 28, 2002","403.96","407.51","407.51","399.09","","-0.67%"
"Oct 25, 2002","406.67","400.12","407.83","400.07","","+1.33%"
"Oct 24, 2002","401.35","411.87","412.31","399.88","","-2.53%"
"Oct 23, 2002","411.77","411.34","414.39","401.12","","-1.53%"
"Oct 22, 2002","418.16","437.55","437.55","418.16","","-4.44%"
"Oct 21, 2002","437.58","443.84","446.64","436.69","","-1.20%"
"Oct 18, 2002","442.89","441.49","445.16","439.70","","+1.68%"
"Oct 17, 2002","435.56","439.10","442.41","433.78","","-1.27%"
"Oct 16, 2002","441.15","438.40","449.49","438.40","","+2.24%"
"Oct 15, 2002","431.50","419.22","432.24","419.22","","+4.82%"
"Oct 11, 2002","411.64","420.46","422.10","406.92","","-0.95%"
"Oct 10, 2002","415.58","412.26","418.96","397.87","","-0.69%"
"Oct 09, 2002","418.46","430.37","430.92","414.68","","-2.75%"
"Oct 08, 2002","430.31","429.13","433.42","427.09","","-0.32%"
"Oct 07, 2002","431.67","451.72","451.72","431.67","","-5.70%"
"Oct 04, 2002","457.75","452.46","457.75","448.48","","+0.54%"
"Oct 03, 2002","455.30","467.64","467.64","454.52","","-3.55%"
"Oct 02, 2002","472.07","483.54","484.77","469.67","","-1.35%"
"Oct 01, 2002","478.54","482.18","482.71","476.92","","-1.99%"
"Sep 30, 2002","488.26","485.54","490.16","481.64","","-0.69%"
"Sep 27, 2002","491.65","490.78","497.88","487.22","","+1.23%"
"Sep 26, 2002","485.68","485.72","492.68","484.56","","+1.19%"
"Sep 25, 2002","479.99","483.62","490.35","476.49","","-1.93%"
"Sep 24, 2002","489.45","501.69","501.99","483.92","","-3.40%"
"Sep 20, 2002","506.70","511.12","517.41","504.45","","-1.77%"
"Sep 19, 2002","515.83","514.99","527.67","514.74","","+2.00%"
"Sep 18, 2002","505.74","505.42","510.33","496.32","","-0.91%"
"Sep 17, 2002","510.40","501.85","512.54","501.56","","+2.64%"
"Sep 13, 2002","497.28","497.46","499.70","492.02","","-1.15%"
"Sep 12, 2002","503.07","501.41","505.10","497.32","","-0.42%"
"Sep 11, 2002","505.18","508.16","508.87","502.64","","+0.20%"
"Sep 10, 2002","504.16","503.31","509.91","501.43","","-0.10%"
"Sep 09, 2002","504.67","502.25","508.13","501.92","","+1.59%"
"Sep 06, 2002","496.75","501.01","501.01","491.78","","-1.95%"
"Sep 05, 2002","506.65","504.53","511.64","501.51","","+1.33%"
"Sep 04, 2002","499.98","501.24","506.52","494.97","","-1.06%"
"Sep 03, 2002","505.33","519.73","520.90","505.33","","-3.61%"
"Sep 02, 2002","524.26","536.22","536.22","523.36","","-2.95%"
"Aug 30, 2002","540.21","539.57","542.63","526.37","","+0.73%"
"Aug 29, 2002","536.32","548.32","548.62","536.14","","-3.26%"
"Aug 28, 2002","554.41","559.96","563.24","553.32","","-0.48%"
"Aug 27, 2002","557.10","562.32","566.63","557.10","","-1.60%"
"Aug 26, 2002","566.13","543.70","570.70","543.70","","+2.54%"
"Aug 23, 2002","552.09","535.69","557.50","535.60","","+4.42%"
"Aug 22, 2002","528.73","518.20","530.90","514.92","","+2.25%"
"Aug 21, 2002","517.08","512.38","521.66","510.83","","+0.16%"
"Aug 20, 2002","516.23","524.12","524.78","513.55","","-1.33%"
"Aug 19, 2002","523.21","535.57","536.44","519.49","","-2.40%"
"Aug 16, 2002","536.06","537.58","540.27","534.15","","+0.53%"
"Aug 15, 2002","533.25","534.05","539.08","530.71","","+1.01%"
"Aug 14, 2002","527.92","533.27","534.05","527.92","","-1.63%"
"Aug 13, 2002","536.69","536.51","544.01","534.82","","-0.97%"
"Aug 12, 2002","541.95","552.75","552.75","541.95","","-2.14%"
"Aug 09, 2002","553.78","547.10","555.73","545.38","","+2.62%"
"Aug 08, 2002","539.63","543.37","550.23","538.36","","-0.36%"
"Aug 07, 2002","541.58","524.62","542.93","524.62","","+4.87%"
"Aug 06, 2002","516.44","524.80","526.59","512.33","","-2.82%"
"Aug 05, 2002","531.41","538.40","538.40","529.91","","-2.15%"
"Aug 02, 2002","543.06","553.84","553.84","542.02","","-2.62%"
"Aug 01, 2002","557.66","572.98","573.08","555.55","","-2.32%"
"Jul 31, 2002","570.92","577.26","577.26","568.64","","-1.24%"
"Jul 30, 2002","578.08","580.98","581.51","573.55","","-0.22%"
"Jul 29, 2002","579.33","579.65","581.64","566.89","","+0.06%"
"Jul 26, 2002","578.97","591.19","591.47","575.14","","-2.67%"
"Jul 25, 2002","594.86","597.64","606.85","593.64","","+1.13%"
"Jul 24, 2002","588.20","603.27","604.05","588.20","","-3.31%"
"Jul 23, 2002","608.31","604.33","610.92","600.27","","-0.03%"
"Jul 22, 2002","608.48","601.54","612.39","596.28","","-0.30%"
"Jul 19, 2002","610.29","620.00","620.00","608.03","","-2.01%"
"Jul 18, 2002","622.79","620.21","625.13","616.40","","+1.33%"
"Jul 17, 2002","614.64","619.55","620.70","607.18","","-0.51%"
"Jul 16, 2002","617.78","624.74","634.67","617.78","","-1.48%"
"Jul 15, 2002","627.06","642.17","642.63","627.06","","-2.17%"
"Jul 12, 2002","640.99","645.91","649.57","640.79","","+0.20%"
"Jul 11, 2002","639.72","648.17","648.17","637.11","","-2.04%"
"Jul 10, 2002","653.04","657.50","661.79","653.04","","-1.09%"
"Jul 09, 2002","660.24","650.32","660.95","646.14","","+1.87%"
"Jul 08, 2002","648.11","664.51","669.74","647.63","","-1.03%"
"Jul 05, 2002","654.84","647.01","660.80","647.01","","+2.01%"
"Jul 04, 2002","641.93","652.93","654.75","641.64","","-1.85%"
"Jul 03, 2002","654.00","632.41","655.31","632.41","","+2.75%"
"Jul 02, 2002","636.49","629.55","636.87","621.36","","+0.70%"
"Jul 01, 2002","632.06","639.09","639.09","629.26","","+0.04%"
"Jun 28, 2002","631.78","624.87","631.78","621.19","","+2.37%"
"Jun 27, 2002","617.16","613.88","620.65","612.46","","+1.34%"
"Jun 26, 2002","608.98","623.41","623.41","606.91","","-3.50%"
"Jun 25, 2002","631.10","637.51","641.12","626.53","","-1.35%"
"Jun 24, 2002","639.73","626.46","642.54","621.07","","+0.72%"
"Jun 21, 2002","635.13","643.38","643.38","632.16","","-1.57%"
"Jun 20, 2002","645.26","633.47","646.50","626.25","","+1.80%"
"Jun 19, 2002","633.88","660.95","661.83","632.53","","-4.54%"
"Jun 18, 2002","664.06","662.64","667.66","657.02","","+1.75%"
"Jun 17, 2002","652.61","670.16","670.76","651.87","","-2.91%"
"Jun 14, 2002","672.20","684.16","684.16","671.92","","-2.60%"
"Jun 13, 2002","690.11","707.99","709.67","684.46","","-2.17%"
"Jun 12, 2002","705.42","710.48","710.77","702.56","","-1.48%"
"Jun 11, 2002","716.01","711.27","717.84","710.45","","+0.53%"
"Jun 10, 2002","712.27","718.41","720.46","711.07","","-0.84%"
"Jun 07, 2002","718.30","721.42","721.50","712.05","","-1.76%"
"Jun 06, 2002","731.15","744.06","747.12","730.07","","-1.33%"
"Jun 05, 2002","741.03","739.63","748.05","739.47","","+0.70%"
"Jun 04, 2002","735.89","749.68","749.73","733.97","","-1.68%"
"Jun 03, 2002","748.45","744.30","749.67","743.86","","+0.93%"
"May 31, 2002","741.56","748.48","749.29","736.91","","-0.56%"
"May 30, 2002","745.76","756.64","757.48","742.99","","-1.90%"
"May 29, 2002","760.20","758.67","764.14","757.49","","-0.08%"
"May 28, 2002","760.80","763.94","763.94","756.32","","-0.68%"
"May 27, 2002","766.04","758.57","769.56","755.46","","+0.84%"
"May 24, 2002","759.67","760.31","761.52","748.75","","-0.40%"
"May 23, 2002","762.73","756.27","764.91","753.88","","+1.84%"
"May 22, 2002","748.94","732.60","752.64","732.55","","+2.15%"
"May 21, 2002","733.16","731.07","735.93","728.66","","+0.41%"
"May 20, 2002","730.13","734.16","735.14","728.90","","-0.18%"
"May 17, 2002","731.41","725.85","734.51","725.85","","+1.51%"
"May 16, 2002","720.50","721.58","722.02","713.03","","-0.19%"
"May 15, 2002","721.90","717.30","724.44","717.19","","+1.35%"
"May 14, 2002","712.28","719.37","719.51","709.44","","-1.14%"
"May 13, 2002","720.53","722.80","722.83","716.84","","-0.89%"
"May 10, 2002","727.03","727.84","732.00","727.03","","-0.70%"
"May 09, 2002","732.12","728.23","736.04","728.20","","+1.55%"
"May 08, 2002","720.91","716.67","724.57","716.67","","+0.21%"
"May 07, 2002","719.37","725.46","725.69","714.02","","-1.47%"
"May 02, 2002","730.09","716.65","730.09","716.65","","+2.53%"
"May 01, 2002","712.06","713.34","715.85","709.87","","+0.08%"
"Apr 30, 2002","711.48","715.87","719.19","711.48","","-1.11%"
"Apr 26, 2002","719.50","727.68","728.26","717.11","","-1.05%"
"Apr 25, 2002","727.15","725.13","729.34","723.66","","+0.79%"
"Apr 24, 2002","721.46","724.36","729.18","715.52","","-1.03%"
"Apr 23, 2002","728.96","718.93","734.18","714.29","","+0.64%"
"Apr 22, 2002","724.33","707.72","725.95","707.72","","+2.57%"
"Apr 19, 2002","706.17","707.36","707.36","700.10","","-0.67%"
"Apr 18, 2002","710.95","705.40","712.62","705.40","","+0.62%"
"Apr 17, 2002","706.58","689.73","706.58","689.73","","+3.05%"
"Apr 16, 2002","685.69","678.98","685.95","675.64","","+1.03%"
"Apr 15, 2002","678.68","669.00","678.68","663.58","","+1.52%"
"Apr 12, 2002","668.54","681.68","683.79","664.77","","-2.67%"
"Apr 11, 2002","686.86","700.46","700.76","686.80","","-1.01%"
"Apr 10, 2002","693.89","692.14","696.66","687.36","","-0.61%"
"Apr 09, 2002","698.14","707.44","709.96","696.62","","-1.36%"
"Apr 08, 2002","707.73","716.61","716.99","706.86","","-1.03%"
"Apr 05, 2002","715.06","709.47","720.10","708.48","","+1.10%"
"Apr 04, 2002","707.28","704.11","716.53","700.47","","+0.90%"
"Apr 03, 2002","701.00","688.27","707.27","684.08","","+1.34%"
"Apr 02, 2002","691.73","671.13","693.52","669.64","","+3.96%"
"Apr 01, 2002","665.37","673.38","677.90","664.54","","-0.29%"
"Mar 29, 2002","667.30","687.61","688.78","667.30","","-2.59%"
"Mar 28, 2002","685.03","690.70","691.71","682.35","","-0.02%"
"Mar 27, 2002","685.16","679.72","687.34","674.21","","+0.60%"
"Mar 26, 2002","681.08","672.51","693.47","672.51","","+0.80%"
"Mar 25, 2002","675.67","687.27","688.40","671.19","","-1.88%"
"Mar 22, 2002","688.60","691.31","698.40","686.50","","-0.75%"
"Mar 20, 2002","693.80","710.02","710.95","692.48","","-1.92%"
"Mar 19, 2002","707.39","709.62","711.06","700.77","","-0.34%"
"Mar 18, 2002","709.79","716.05","722.09","707.79","","+0.19%"
"Mar 15, 2002","708.41","694.56","708.41","691.07","","+2.55%"
"Mar 14, 2002","690.82","693.65","694.07","676.56","","-1.27%"
"Mar 13, 2002","699.71","731.76","733.70","699.71","","-5.34%"
"Mar 12, 2002","739.20","754.44","756.16","737.86","","-2.13%"
"Mar 11, 2002","755.28","759.10","772.80","747.41","","+0.35%"
"Mar 08, 2002","752.68","713.53","756.87","712.60","","+6.47%"
"Mar 07, 2002","706.93","686.05","707.65","685.78","","+4.08%"
"Mar 06, 2002","679.20","688.71","696.09","679.14","","-1.79%"
"Mar 05, 2002","691.58","702.62","710.67","691.42","","-1.03%"
"Mar 04, 2002","698.78","662.73","698.78","662.31","","+6.80%"
"Mar 01, 2002","654.27","654.47","659.30","648.49","","+0.39%"
"Feb 28, 2002","651.70","645.63","664.75","644.57","","+1.40%"
"Feb 27, 2002","642.69","632.00","642.69","629.34","","+1.92%"
"Feb 26, 2002","630.59","633.84","636.47","625.14","","+0.35%"
"Feb 25, 2002","628.38","635.22","636.83","627.82","","-0.91%"
"Feb 22, 2002","634.18","627.85","637.87","624.01","","+0.81%"
"Feb 21, 2002","629.06","615.12","629.12","613.27","","+3.11%"
"Feb 20, 2002","610.10","605.51","612.84","603.84","","+0.34%"
"Feb 19, 2002","608.05","632.94","634.01","607.93","","-4.28%"
"Feb 18, 2002","635.25","628.67","635.45","625.60","","+1.47%"
"Feb 15, 2002","626.04","631.42","635.16","625.30","","-0.75%"
"Feb 14, 2002","630.77","631.92","643.75","630.77","","-0.52%"
"Feb 13, 2002","634.09","634.99","641.92","630.76","","-0.24%"
"Feb 12, 2002","635.62","636.09","644.99","631.89","","+0.88%"
"Feb 08, 2002","630.07","615.29","634.21","615.02","","+2.83%"
"Feb 07, 2002","612.72","605.63","616.59","605.54","","+1.48%"
"Feb 06, 2002","603.76","604.42","617.29","603.76","","+0.64%"
"Feb 05, 2002","599.91","593.44","611.18","591.13","","+0.41%"
"Feb 04, 2002","597.47","609.85","609.85","595.44","","-1.90%"
"Feb 01, 2002","609.02","634.08","634.08","605.57","","-4.09%"
"Jan 31, 2002","634.98","640.61","640.61","630.57","","-0.77%"
"Jan 30, 2002","639.88","644.19","644.19","634.25","","-2.09%"
"Jan 29, 2002","653.52","655.56","660.92","651.64","","-0.67%"
"Jan 28, 2002","657.92","659.15","662.84","652.52","","-0.41%"
"Jan 25, 2002","660.61","665.08","665.11","654.16","","+0.09%"
"Jan 24, 2002","660.03","666.38","671.39","657.06","","-0.28%"
"Jan 23, 2002","661.88","648.96","665.40","648.62","","+2.21%"
"Jan 22, 2002","647.60","648.44","659.33","646.95","","+0.04%"
"Jan 21, 2002","647.33","642.01","655.27","635.59","","+0.22%"
"Jan 18, 2002","645.94","634.18","645.94","632.58","","+2.63%"
"Jan 17, 2002","629.38","636.35","638.88","629.38","","-0.82%"
"Jan 16, 2002","634.56","624.35","641.29","622.76","","+1.53%"
"Jan 15, 2002","624.97","640.94","640.94","624.97","","-3.55%"
"Jan 11, 2002","647.99","663.93","667.63","647.99","","-1.87%"
"Jan 10, 2002","660.34","664.57","669.86","658.88","","-0.76%"
"Jan 09, 2002","665.40","653.62","669.03","653.62","","+1.56%"
"Jan 08, 2002","655.21","671.34","671.34","655.21","","-2.81%"
"Jan 07, 2002","674.12","658.99","675.25","658.99","","+2.10%"
"Jan 04, 2002","660.25","652.08","660.25","650.67","","+2.19%"
"Dec 28, 2001","646.07","633.37","647.20","632.81","","+2.46%"
"Dec 27, 2001","630.53","619.06","630.53","613.36","","+2.06%"
"Dec 26, 2001","617.79","616.79","618.92","614.56","","+0.50%"
"Dec 25, 2001","614.70","619.66","621.89","608.13","","-0.47%"
"Dec 21, 2001","617.63","619.81","622.72","611.57","","-0.92%"
"Dec 20, 2001","623.37","611.37","627.21","604.12","","+1.64%"
"Dec 19, 2001","613.29","613.02","618.31","611.34","","+0.34%"
"Dec 18, 2001","611.19","629.74","632.88","602.93","","-2.50%"
"Dec 17, 2001","626.86","645.46","645.46","626.86","","-1.98%"
"Dec 14, 2001","639.51","646.54","646.54","635.06","","-1.57%"
"Dec 13, 2001","649.74","673.61","673.82","649.74","","-3.57%"
"Dec 12, 2001","673.78","662.57","676.57","659.29","","+1.59%"
"Dec 11, 2001","663.22","667.04","672.63","662.86","","-1.15%"
"Dec 10, 2001","670.94","681.40","684.07","670.94","","-1.74%"
"Dec 07, 2001","682.85","692.20","692.76","677.03","","-2.16%"
"Dec 06, 2001","697.92","684.72","705.96","684.49","","+3.17%"
"Dec 05, 2001","676.47","669.64","677.45","665.94","","+1.91%"
"Dec 04, 2001","663.77","666.58","670.24","658.13","","+0.19%"
"Dec 03, 2001","662.54","686.11","686.40","661.87","","-3.52%"
"Nov 30, 2001","686.68","687.49","692.71","685.01","","-0.19%"
"Nov 29, 2001","687.96","687.74","690.35","682.35","","-0.77%"
"Nov 28, 2001","693.29","714.78","714.78","693.29","","-4.05%"
"Nov 27, 2001","722.59","711.11","728.67","709.33","","+2.10%"
"Nov 26, 2001","707.76","688.61","709.41","688.08","","+3.87%"
"Nov 22, 2001","681.42","682.12","682.14","672.07","","-0.76%"
"Nov 21, 2001","686.66","686.02","692.22","679.52","","-0.95%"
"Nov 20, 2001","693.26","710.38","711.55","689.06","","-1.37%"
"Nov 19, 2001","702.89","691.24","706.22","687.85","","+1.61%"
"Nov 16, 2001","691.72","675.80","701.17","675.47","","+2.45%"
"Nov 15, 2001","675.19","641.75","675.19","641.09","","+6.05%"
"Nov 14, 2001","636.70","643.31","651.04","635.49","","+0.07%"
"Nov 13, 2001","636.23","636.90","642.65","629.42","","-0.06%"
"Nov 12, 2001","636.60","646.05","646.28","636.60","","-1.67%"
"Nov 09, 2001","647.42","658.29","659.51","645.16","","-1.50%"
"Nov 08, 2001","657.28","655.76","658.35","650.78","","+0.41%"
"Nov 07, 2001","654.62","677.42","677.42","654.62","","-3.42%"
"Nov 06, 2001","677.77","681.45","681.92","672.04","","+0.14%"
"Nov 05, 2001","676.79","681.19","681.26","673.02","","-0.39%"
"Nov 02, 2001","679.46","691.20","692.32","674.69","","-0.51%"
"Nov 01, 2001","682.97","684.42","691.03","680.48","","+0.55%"
"Oct 31, 2001","679.24","677.62","684.82","676.72","","-0.57%"
"Oct 30, 2001","683.13","678.40","684.00","670.68","","-0.85%"
"Oct 29, 2001","689.02","703.80","705.19","687.72","","-3.46%"
"Oct 26, 2001","713.70","746.53","747.31","709.55","","-3.89%"
"Oct 25, 2001","742.55","737.70","750.89","737.67","","+0.95%"
"Oct 24, 2001","735.56","743.64","750.21","733.27","","-0.88%"
"Oct 23, 2001","742.09","734.36","745.49","732.28","","+2.34%"
"Oct 22, 2001","725.14","716.07","731.83","716.07","","+1.82%"
"Oct 19, 2001","712.21","703.62","716.35","702.39","","+1.71%"
"Oct 18, 2001","700.25","706.54","710.82","700.10","","-2.02%"
"Oct 17, 2001","714.69","714.36","721.52","709.61","","+0.72%"
"Oct 16, 2001","709.55","698.17","712.46","696.63","","+1.38%"
"Oct 15, 2001","699.86","692.95","699.86","688.22","","+0.31%"
"Oct 12, 2001","697.69","690.01","704.22","689.79","","+2.62%"
"Oct 11, 2001","679.89","671.89","679.89","671.25","","+2.47%"
"Oct 10, 2001","663.52","672.82","674.53","663.52","","-2.00%"
"Oct 09, 2001","677.05","684.33","684.33","670.67","","-1.86%"
"Oct 05, 2001","689.87","697.04","697.04","686.69","","-1.17%"
"Oct 04, 2001","698.04","693.18","702.14","690.67","","+1.67%"
"Oct 03, 2001","686.56","695.80","700.40","686.56","","-0.77%"
"Oct 02, 2001","691.88","678.54","691.88","675.89","","+2.47%"
"Oct 01, 2001","675.19","664.53","675.19","658.04","","+2.27%"
"Sep 28, 2001","660.20","660.37","669.58","659.35","","+0.39%"
"Sep 27, 2001","657.63","659.42","663.84","653.55","","-0.32%"
"Sep 26, 2001","659.71","658.47","663.79","652.94","","+0.48%"
"Sep 25, 2001","656.59","651.46","678.49","651.46","","+1.95%"
"Sep 21, 2001","644.01","652.43","652.43","639.41","","-2.89%"
"Sep 20, 2001","663.19","652.24","670.38","649.36","","+1.48%"
"Sep 19, 2001","653.51","639.69","657.62","638.05","","+2.33%"
"Sep 18, 2001","638.62","624.06","645.78","623.19","","+3.84%"
"Sep 17, 2001","614.98","641.10","641.10","614.06","","-5.22%"
"Sep 14, 2001","648.84","630.96","649.54","624.07","","+3.07%"
"Sep 13, 2001","629.51","609.94","632.41","609.94","","+4.20%"
"Sep 12, 2001","604.11","638.08","638.08","603.22","","-6.72%"
"Sep 11, 2001","647.60","654.79","655.20","638.66","","-1.20%"
"Sep 10, 2001","655.45","680.51","680.56","655.45","","-5.08%"
"Sep 07, 2001","690.56","711.18","711.18","688.51","","-3.73%"
"Sep 06, 2001","717.34","720.31","736.00","713.53","","-1.36%"
"Sep 05, 2001","727.25","731.76","731.76","717.23","","-1.28%"
"Sep 04, 2001","736.66","724.93","736.66","713.03","","+0.68%"
"Sep 03, 2001","731.68","755.22","756.65","721.38","","-3.82%"
"Aug 31, 2001","760.71","764.06","765.33","749.66","","-1.96%"
"Aug 30, 2001","775.94","782.29","782.38","767.37","","-1.92%"
"Aug 29, 2001","791.15","800.46","800.59","789.53","","-2.19%"
"Aug 28, 2001","808.90","825.91","825.91","803.92","","-2.84%"
"Aug 27, 2001","832.52","838.62","843.05","829.85","","+0.56%"
"Aug 24, 2001","827.89","829.27","829.76","819.79","","+0.03%"
"Aug 23, 2001","827.67","839.60","844.82","826.00","","-0.75%"
"Aug 22, 2001","833.89","817.33","840.56","815.32","","+1.82%"
"Aug 21, 2001","818.95","818.43","824.01","813.14","","+0.95%"
"Aug 20, 2001","811.25","819.45","819.96","811.10","","-1.77%"
"Aug 17, 2001","825.83","836.63","836.63","821.31","","-1.54%"
"Aug 16, 2001","838.75","843.26","847.50","837.23","","-1.20%"
"Aug 15, 2001","848.91","859.59","860.12","843.04","","-1.58%"
"Aug 14, 2001","862.55","839.71","864.87","839.71","","+3.74%"
"Aug 13, 2001","831.43","848.68","849.01","829.78","","-2.76%"
"Aug 10, 2001","855.01","865.58","868.69","853.33","","-1.94%"
"Aug 09, 2001","871.93","884.39","884.60","871.93","","-2.38%"
"Aug 08, 2001","893.17","900.92","903.99","888.96","","-0.98%"
"Aug 07, 2001","902.00","896.36","908.67","886.18","","+0.25%"
"Aug 06, 2001","899.75","904.72","905.04","895.27","","-0.93%"
"Aug 03, 2001","908.24","907.00","911.43","901.34","","+0.47%"
"Aug 02, 2001","903.95","868.12","907.07","868.11","","+5.13%"
"Aug 01, 2001","859.81","853.87","864.22","846.91","","+1.37%"
"Jul 31, 2001","848.19","820.90","848.19","820.63","","+2.90%"
"Jul 30, 2001","824.32","848.83","848.83","817.25","","-2.97%"
"Jul 27, 2001","849.51","854.79","860.66","844.74","","-1.10%"
"Jul 26, 2001","858.93","867.07","883.73","858.93","","+0.08%"
"Jul 25, 2001","858.24","833.31","863.51","833.31","","+3.31%"
"Jul 24, 2001","830.77","811.55","830.77","810.42","","+2.16%"
"Jul 23, 2001","813.18","829.04","830.37","807.11","","-1.29%"
"Jul 19, 2001","823.81","819.68","826.19","817.44","","+0.36%"
"Jul 18, 2001","820.84","834.14","838.79","819.84","","-1.92%"
"Jul 17, 2001","836.87","847.52","849.45","835.62","","-2.34%"
"Jul 16, 2001","856.88","873.85","873.85","852.24","","-1.42%"
"Jul 13, 2001","869.19","871.12","874.15","866.60","","+0.29%"
"Jul 12, 2001","866.66","853.88","866.66","851.60","","+2.81%"
"Jul 11, 2001","843.01","857.53","858.00","841.41","","-2.77%"
"Jul 10, 2001","867.02","860.88","869.48","856.10","","+1.06%"
"Jul 09, 2001","857.93","865.19","865.19","847.37","","-2.26%"
"Jul 06, 2001","877.79","883.05","883.05","867.29","","-1.88%"
"Jul 05, 2001","894.65","914.90","915.56","890.13","","-2.66%"
"Jul 04, 2001","919.10","937.70","937.70","918.30","","-1.73%"
"Jul 03, 2001","935.25","943.19","943.19","928.01","","-0.79%"
"Jul 02, 2001","942.69","960.29","960.29","935.88","","-2.02%"
"Jun 29, 2001","962.14","954.66","968.39","953.78","","+1.84%"
"Jun 28, 2001","944.73","962.48","962.52","938.66","","-2.11%"
"Jun 27, 2001","965.06","974.55","979.33","960.92","","-0.90%"
"Jun 26, 2001","973.87","969.13","975.39","964.59","","+0.42%"
"Jun 25, 2001","969.80","976.88","983.20","964.09","","-0.22%"
"Jun 22, 2001","971.94","970.04","972.56","962.65","","+1.47%"
"Jun 21, 2001","957.83","952.84","958.89","945.28","","+1.62%"
"Jun 20, 2001","942.52","939.68","944.70","933.89","","+0.35%"
"Jun 19, 2001","939.26","949.13","957.99","935.01","","-0.86%"
"Jun 18, 2001","947.41","961.01","961.09","944.13","","-2.42%"
"Jun 15, 2001","970.90","993.22","993.22","960.16","","-3.45%"
"Jun 14, 2001","1,005.64","1,016.41","1,017.70","1,001.60","","-1.56%"
"Jun 13, 2001","1,021.55","1,024.42","1,026.79","1,017.81","","-0.22%"
"Jun 12, 2001","1,023.82","1,053.52","1,054.32","1,023.44","","-3.67%"
"Jun 11, 2001","1,062.83","1,075.28","1,075.28","1,058.59","","-0.88%"
"Jun 08, 2001","1,072.29","1,072.72","1,078.22","1,067.63","","+0.45%"
"Jun 07, 2001","1,067.46","1,046.05","1,068.75","1,041.81","","+2.13%"
"Jun 06, 2001","1,045.23","1,050.53","1,052.20","1,043.03","","-0.10%"
"Jun 05, 2001","1,046.28","1,054.44","1,055.05","1,033.24","","-1.54%"
"Jun 04, 2001","1,062.67","1,065.94","1,066.52","1,053.35","","+0.13%"
"Jun 01, 2001","1,061.30","1,071.28","1,074.66","1,059.49","","-1.06%"
"May 31, 2001","1,072.67","1,096.83","1,097.35","1,068.00","","-3.62%"
"May 30, 2001","1,112.92","1,119.72","1,120.00","1,109.08","","-0.86%"
"May 29, 2001","1,122.61","1,119.78","1,130.05","1,119.72","","+0.20%"
"May 28, 2001","1,120.36","1,117.12","1,122.35","1,113.45","","+0.62%"
"May 25, 2001","1,113.46","1,128.54","1,134.25","1,112.92","","-1.42%"
"May 24, 2001","1,129.47","1,128.81","1,134.12","1,122.22","","-0.28%"
"May 23, 2001","1,132.66","1,125.93","1,139.69","1,125.93","","-0.23%"
"May 22, 2001","1,135.30","1,148.48","1,156.03","1,134.57","","-0.16%"
"May 21, 2001","1,137.10","1,121.79","1,141.72","1,121.79","","+2.03%"
"May 18, 2001","1,114.45","1,117.53","1,120.19","1,111.58","","+0.56%"
"May 17, 2001","1,108.19","1,109.08","1,111.41","1,096.52","","+0.96%"
"May 16, 2001","1,097.63","1,111.30","1,111.84","1,096.83","","-1.25%"
"May 15, 2001","1,111.57","1,111.56","1,113.02","1,099.88","","-0.36%"
"May 14, 2001","1,115.56","1,134.44","1,134.44","1,108.90","","-2.10%"
"May 11, 2001","1,139.47","1,147.22","1,151.95","1,138.39","","-0.51%"
"May 10, 2001","1,145.35","1,145.01","1,154.78","1,143.80","","+0.06%"
"May 09, 2001","1,144.71","1,148.53","1,148.53","1,127.60","","-1.10%"
"May 08, 2001","1,157.42","1,174.53","1,174.53","1,151.30","","-1.89%"
"May 07, 2001","1,179.70","1,167.67","1,179.94","1,162.58","","+1.88%"
"May 02, 2001","1,157.98","1,164.52","1,164.52","1,151.85","","+0.07%"
"May 01, 2001","1,157.19","1,139.96","1,157.19","1,139.96","","+2.66%"
"Apr 27, 2001","1,127.16","1,141.17","1,141.30","1,120.60","","-1.17%"
"Apr 26, 2001","1,140.48","1,152.19","1,152.19","1,140.48","","+0.01%"
"Apr 25, 2001","1,140.36","1,132.65","1,141.44","1,129.22","","+0.70%"
"Apr 24, 2001","1,132.42","1,117.41","1,132.62","1,104.02","","+0.46%"
"Apr 23, 2001","1,127.20","1,108.74","1,131.19","1,108.74","","+2.53%"
"Apr 20, 2001","1,099.38","1,103.40","1,108.84","1,096.86","","-0.58%"
"Apr 19, 2001","1,105.77","1,096.31","1,116.79","1,096.22","","+2.21%"
"Apr 18, 2001","1,081.84","1,061.04","1,083.30","1,061.04","","+2.72%"
"Apr 17, 2001","1,053.17","1,075.74","1,075.74","1,050.52","","-2.87%"
"Apr 16, 2001","1,084.32","1,086.88","1,088.72","1,072.51","","+0.05%"
"Apr 13, 2001","1,083.73","1,073.92","1,092.87","1,071.81","","+1.92%"
"Apr 12, 2001","1,063.27","1,054.89","1,069.47","1,053.58","","+1.82%"
"Apr 11, 2001","1,044.28","1,022.27","1,044.28","1,020.96","","+3.53%"
"Apr 10, 2001","1,008.63","1,029.91","1,032.17","1,008.52","","-1.82%"
"Apr 09, 2001","1,027.31","1,049.89","1,049.89","1,027.31","","-2.48%"
"Apr 06, 2001","1,053.42","1,070.47","1,091.80","1,053.33","","-0.20%"
"Apr 05, 2001","1,055.52","1,051.41","1,070.53","1,051.06","","+1.08%"
"Apr 04, 2001","1,044.28","1,035.88","1,044.59","1,020.45","","+0.38%"
"Apr 03, 2001","1,040.36","1,030.02","1,047.72","1,030.02","","+0.83%"
"Apr 02, 2001","1,031.81","1,029.33","1,038.98","1,006.78","","+0.59%"
"Mar 30, 2001","1,025.76","1,039.24","1,062.87","1,021.38","","-0.35%"
"Mar 29, 2001","1,029.40","1,072.13","1,072.29","1,027.38","","-5.29%"
"Mar 28, 2001","1,086.95","1,076.06","1,097.53","1,072.57","","+2.23%"
"Mar 27, 2001","1,063.25","1,081.82","1,081.82","1,057.17","","-2.18%"
"Mar 26, 2001","1,086.91","1,046.09","1,086.91","1,045.48","","+5.17%"
"Mar 23, 2001","1,033.50","1,001.86","1,036.72","1,001.86","","+4.27%"
"Mar 22, 2001","991.22","990.13","1,011.81","984.34","","+0.18%"
"Mar 21, 2001","989.46","933.80","989.46","933.33","","+5.84%"
"Mar 19, 2001","934.83","939.33","950.27","925.84","","-0.99%"
"Mar 16, 2001","944.19","945.29","958.34","934.29","","-0.07%"
"Mar 15, 2001","944.83","912.06","944.83","888.71","","+1.98%"
"Mar 14, 2001","926.51","953.91","969.38","924.72","","-1.99%"
"Mar 13, 2001","945.34","957.37","957.37","920.67","","-2.66%"
"Mar 12, 2001","971.18","999.70","999.77","968.43","","-3.89%"
"Mar 09, 2001","1,010.50","1,020.26","1,020.26","1,002.73","","-1.82%"
"Mar 08, 2001","1,029.19","1,037.86","1,040.73","1,018.12","","-1.24%"
"Mar 07, 2001","1,042.16","1,049.70","1,060.67","1,033.63","","+0.60%"
"Mar 06, 2001","1,035.95","1,002.31","1,035.95","1,001.31","","+4.40%"
"Mar 05, 2001","992.32","982.31","1,000.32","973.59","","+0.47%"
"Mar 02, 2001","987.66","1,009.60","1,017.54","987.66","","-2.17%"
"Mar 01, 2001","1,009.53","1,035.36","1,035.36","999.09","","-3.58%"
"Feb 28, 2001","1,047.03","1,083.36","1,084.45","1,040.96","","-4.35%"
"Feb 27, 2001","1,094.60","1,100.89","1,108.68","1,089.32","","+0.68%"
"Feb 26, 2001","1,087.18","1,104.71","1,104.71","1,082.70","","-1.01%"
"Feb 23, 2001","1,098.26","1,097.77","1,101.69","1,091.87","","+0.52%"
"Feb 22, 2001","1,092.60","1,088.96","1,104.47","1,072.67","","-0.76%"
"Feb 21, 2001","1,100.98","1,105.75","1,106.62","1,087.78","","-1.74%"
"Feb 20, 2001","1,120.49","1,093.54","1,120.49","1,091.93","","+3.09%"
"Feb 19, 2001","1,086.93","1,114.81","1,115.24","1,077.86","","-3.79%"
"Feb 16, 2001","1,129.79","1,193.53","1,193.60","1,125.07","","-5.95%"
"Feb 15, 2001","1,201.31","1,215.49","1,222.56","1,200.14","","-1.55%"
"Feb 14, 2001","1,220.21","1,213.86","1,240.03","1,208.10","","-0.03%"
"Feb 13, 2001","1,220.57","1,240.85","1,242.83","1,220.30","","-1.54%"
"Feb 09, 2001","1,239.63","1,225.69","1,241.22","1,221.83","","+1.59%"
"Feb 08, 2001","1,220.27","1,240.65","1,240.65","1,210.26","","-2.07%"
"Feb 07, 2001","1,246.08","1,236.09","1,246.08","1,231.24","","+1.84%"
"Feb 06, 2001","1,223.54","1,228.65","1,235.86","1,221.72","","-0.77%"
"Feb 05, 2001","1,232.98","1,249.53","1,249.53","1,232.98","","-2.55%"
"Feb 02, 2001","1,265.21","1,275.58","1,280.35","1,261.02","","-1.07%"
"Feb 01, 2001","1,278.95","1,284.00","1,284.00","1,254.77","","-1.34%"
"Jan 31, 2001","1,296.38","1,285.20","1,296.38","1,275.28","","+1.69%"
"Jan 30, 2001","1,274.80","1,273.53","1,278.35","1,261.78","","+0.90%"
"Jan 29, 2001","1,263.47","1,245.34","1,267.24","1,245.34","","+0.71%"
"Jan 26, 2001","1,254.58","1,286.70","1,287.52","1,242.38","","-3.70%"
"Jan 25, 2001","1,302.85","1,340.83","1,341.31","1,290.81","","-3.72%"
"Jan 24, 2001","1,353.21","1,357.80","1,369.98","1,342.74","","+0.76%"
"Jan 23, 2001","1,343.04","1,354.04","1,354.04","1,328.48","","-1.77%"
"Jan 22, 2001","1,367.25","1,397.59","1,397.59","1,348.07","","-2.00%"
"Jan 19, 2001","1,395.18","1,392.15","1,414.80","1,377.67","","+1.52%"
"Jan 18, 2001","1,374.32","1,280.55","1,374.32","1,280.55","","+8.62%"
"Jan 17, 2001","1,265.23","1,256.92","1,265.23","1,238.61","","+0.74%"
"Jan 16, 2001","1,255.96","1,255.87","1,259.88","1,237.68","","+0.58%"
"Jan 15, 2001","1,248.75","1,237.65","1,256.35","1,232.30","","+2.08%"
"Jan 12, 2001","1,223.26","1,215.52","1,237.15","1,215.52","","+1.33%"
"Jan 11, 2001","1,207.17","1,267.56","1,271.16","1,195.89","","-4.86%"
"Jan 10, 2001","1,268.77","1,273.63","1,281.90","1,248.02","","+0.11%"
"Jan 09, 2001","1,267.39","1,270.35","1,270.35","1,250.59","","-1.85%"
"Jan 05, 2001","1,291.32","1,284.63","1,303.06","1,275.37","","+0.02%"
"Jan 04, 2001","1,291.11","1,281.22","1,319.33","1,277.86","","+2.01%"
"Dec 29, 2000","1,265.69","1,281.06","1,285.83","1,265.69","","-1.50%"
"Dec 28, 2000","1,284.96","1,300.47","1,303.87","1,278.97","","-0.57%"
"Dec 27, 2000","1,292.38","1,313.43","1,313.43","1,273.51","","-1.54%"
"Dec 26, 2000","1,312.53","1,315.20","1,317.27","1,300.24","","-0.93%"
"Dec 25, 2000","1,324.84","1,307.06","1,331.85","1,296.93","","+3.03%"
"Dec 22, 2000","1,285.93","1,268.24","1,293.03","1,267.52","","+2.69%"
"Dec 21, 2000","1,252.28","1,327.47","1,327.47","1,223.15","","-7.19%"
"Dec 20, 2000","1,349.27","1,390.89","1,390.89","1,344.40","","-4.15%"
"Dec 19, 2000","1,407.72","1,446.15","1,446.15","1,407.59","","-2.87%"
"Dec 18, 2000","1,449.38","1,453.79","1,459.91","1,433.20","","-1.06%"
"Dec 15, 2000","1,464.97","1,485.23","1,488.57","1,464.97","","-1.96%"
"Dec 14, 2000","1,494.19","1,508.03","1,510.57","1,494.19","","-1.79%"
"Dec 13, 2000","1,521.46","1,522.87","1,525.11","1,502.25","","-0.51%"
"Dec 12, 2000","1,529.23","1,539.95","1,541.92","1,523.47","","-0.06%"
"Dec 11, 2000","1,530.11","1,485.80","1,530.11","1,485.80","","+4.23%"
"Dec 08, 2000","1,467.97","1,482.11","1,489.08","1,467.97","","-0.17%"
"Dec 07, 2000","1,470.47","1,485.37","1,488.25","1,469.26","","-2.02%"
"Dec 06, 2000","1,500.77","1,474.39","1,508.81","1,474.39","","+3.31%"
"Dec 05, 2000","1,452.75","1,480.26","1,480.26","1,448.85","","-0.92%"
"Dec 04, 2000","1,466.21","1,443.94","1,467.72","1,440.21","","+2.84%"
"Dec 01, 2000","1,425.74","1,400.39","1,442.64","1,397.14","","+0.88%"
"Nov 30, 2000","1,413.29","1,398.51","1,428.57","1,368.03","","+0.27%"
"Nov 29, 2000","1,409.54","1,418.15","1,419.85","1,398.63","","-1.41%"
"Nov 28, 2000","1,429.77","1,429.53","1,452.57","1,415.68","","-0.90%"
"Nov 27, 2000","1,442.73","1,390.05","1,442.73","1,389.10","","+5.17%"
"Nov 24, 2000","1,371.86","1,361.55","1,374.62","1,356.76","","-0.02%"
"Nov 22, 2000","1,372.09","1,388.43","1,389.34","1,358.93","","-0.84%"
"Nov 21, 2000","1,383.78","1,404.90","1,404.90","1,364.15","","-2.80%"
"Nov 20, 2000","1,423.66","1,452.17","1,452.17","1,416.65","","-2.75%"
"Nov 17, 2000","1,463.97","1,478.40","1,479.65","1,456.04","","-1.86%"
"Nov 16, 2000","1,491.69","1,520.51","1,520.51","1,486.08","","-1.78%"
"Nov 15, 2000","1,518.68","1,506.02","1,531.43","1,504.80","","+2.41%"
"Nov 14, 2000","1,482.96","1,479.55","1,503.04","1,467.73","","+0.56%"
"Nov 13, 2000","1,474.77","1,494.84","1,494.84","1,451.99","","-2.91%"
"Nov 10, 2000","1,519.05","1,527.78","1,531.84","1,512.34","","-1.89%"
"Nov 09, 2000","1,548.36","1,560.14","1,562.13","1,543.91","","-2.24%"
"Nov 08, 2000","1,583.82","1,597.77","1,640.94","1,583.82","","-1.17%"
"Nov 07, 2000","1,602.60","1,599.37","1,608.68","1,581.98","","-0.68%"
"Nov 06, 2000","1,613.50","1,558.78","1,613.50","1,558.18","","+4.72%"
"Nov 02, 2000","1,540.74","1,555.36","1,555.36","1,521.62","","-0.92%"
"Nov 01, 2000","1,555.03","1,480.86","1,562.45","1,480.86","","+5.12%"
"Oct 31, 2000","1,479.26","1,469.08","1,479.26","1,428.13","","+0.17%"
"Oct 30, 2000","1,476.81","1,489.24","1,489.24","1,462.93","","-0.38%"
"Oct 27, 2000","1,482.46","1,433.92","1,507.12","1,433.65","","+3.48%"
"Oct 26, 2000","1,432.59","1,516.75","1,516.75","1,386.43","","-5.59%"
"Oct 25, 2000","1,517.46","1,647.42","1,647.42","1,507.24","","-8.03%"
"Oct 24, 2000","1,649.93","1,658.05","1,678.53","1,646.16","","-0.43%"
"Oct 23, 2000","1,657.02","1,611.32","1,686.62","1,611.32","","+3.46%"
"Oct 20, 2000","1,601.53","1,519.95","1,612.55","1,519.95","","+5.49%"
"Oct 19, 2000","1,518.19","1,527.09","1,546.02","1,508.74","","-0.63%"
"Oct 18, 2000","1,527.86","1,536.28","1,541.16","1,506.69","","-0.64%"
"Oct 17, 2000","1,537.64","1,474.36","1,559.77","1,474.18","","+4.18%"
"Oct 16, 2000","1,476.00","1,447.17","1,495.88","1,447.17","","+2.07%"
"Oct 13, 2000","1,446.08","1,436.02","1,446.99","1,401.42","","+0.42%"
"Oct 12, 2000","1,439.97","1,473.73","1,473.86","1,421.12","","-2.42%"
"Oct 11, 2000","1,475.67","1,568.03","1,568.03","1,457.15","","-6.22%"
"Oct 10, 2000","1,573.51","1,581.90","1,581.90","1,556.99","","-0.99%"
"Oct 06, 2000","1,589.31","1,559.46","1,591.71","1,554.47","","+1.41%"
"Oct 05, 2000","1,567.19","1,588.10","1,590.67","1,558.61","","-0.91%"
"Oct 04, 2000","1,581.53","1,560.97","1,589.44","1,547.26","","+1.04%"
"Oct 03, 2000","1,565.30","1,526.47","1,571.38","1,526.47","","+3.02%"
"Oct 02, 2000","1,519.43","1,476.93","1,519.43","1,470.21","","+2.71%"
"Sep 29, 2000","1,479.30","1,456.50","1,511.34","1,456.46","","+1.80%"
"Sep 28, 2000","1,453.19","1,428.43","1,489.44","1,428.43","","+2.00%"
"Sep 27, 2000","1,424.72","1,431.84","1,444.92","1,411.07","","-0.79%"
"Sep 26, 2000","1,436.01","1,426.98","1,440.02","1,422.11","","+0.63%"
"Sep 25, 2000","1,427.05","1,412.06","1,445.57","1,411.18","","+1.95%"
"Sep 22, 2000","1,399.76","1,446.91","1,446.91","1,390.37","","-3.45%"
"Sep 21, 2000","1,449.72","1,464.32","1,466.23","1,444.03","","-1.10%"
"Sep 20, 2000","1,465.81","1,401.55","1,467.22","1,401.55","","+4.74%"
"Sep 19, 2000","1,399.42","1,446.99","1,447.05","1,377.80","","-3.49%"
"Sep 18, 2000","1,450.06","1,445.70","1,456.79","1,427.12","","-0.12%"
"Sep 14, 2000","1,451.74","1,484.64","1,492.77","1,444.86","","-1.93%"
"Sep 13, 2000","1,480.38","1,528.69","1,529.57","1,465.63","","-2.80%"
"Sep 12, 2000","1,522.98","1,566.01","1,566.01","1,520.02","","-3.04%"
"Sep 11, 2000","1,570.75","1,618.00","1,618.00","1,562.29","","-3.26%"
"Sep 08, 2000","1,623.65","1,573.45","1,623.65","1,573.45","","+3.30%"
"Sep 07, 2000","1,571.73","1,586.84","1,586.84","1,564.04","","-1.22%"
"Sep 06, 2000","1,591.21","1,564.35","1,592.00","1,561.47","","+1.26%"
"Sep 05, 2000","1,571.37","1,628.55","1,628.55","1,561.39","","-3.20%"
"Sep 04, 2000","1,623.33","1,628.22","1,640.69","1,620.08","","-0.30%"
"Sep 01, 2000","1,628.22","1,609.07","1,658.94","1,608.09","","+1.66%"
"Aug 31, 2000","1,601.59","1,584.38","1,602.94","1,583.22","","+1.13%"
"Aug 30, 2000","1,583.62","1,574.39","1,605.48","1,571.81","","+0.21%"
"Aug 29, 2000","1,580.30","1,546.57","1,598.38","1,544.96","","+2.14%"
"Aug 28, 2000","1,547.20","1,518.73","1,549.74","1,510.71","","+2.59%"
"Aug 25, 2000","1,508.13","1,513.13","1,513.13","1,489.37","","+0.26%"
"Aug 24, 2000","1,504.24","1,545.14","1,545.53","1,501.44","","-2.71%"
"Aug 23, 2000","1,546.10","1,551.64","1,554.10","1,537.83","","-0.69%"
"Aug 22, 2000","1,556.84","1,533.09","1,556.84","1,524.62","","+1.00%"
"Aug 21, 2000","1,541.41","1,570.47","1,571.01","1,540.53","","-1.55%"
"Aug 18, 2000","1,565.75","1,559.38","1,573.49","1,552.89","","+0.86%"
"Aug 17, 2000","1,552.42","1,567.43","1,578.46","1,546.52","","-1.01%"
"Aug 16, 2000","1,568.26","1,569.88","1,580.29","1,550.89","","-0.38%"
"Aug 15, 2000","1,574.25","1,507.25","1,574.25","1,507.25","","+4.76%"
"Aug 14, 2000","1,502.66","1,491.08","1,508.66","1,488.55","","+1.11%"
"Aug 11, 2000","1,486.13","1,463.94","1,486.92","1,450.21","","+2.27%"
"Aug 10, 2000","1,453.17","1,465.36","1,481.35","1,453.14","","-0.74%"
"Aug 09, 2000","1,464.05","1,454.00","1,464.05","1,431.08","","+1.19%"
"Aug 08, 2000","1,446.79","1,474.43","1,474.50","1,441.76","","-1.40%"
"Aug 07, 2000","1,467.30","1,412.24","1,467.30","1,412.24","","+4.40%"
"Aug 04, 2000","1,405.48","1,453.91","1,454.39","1,403.59","","-3.19%"
"Aug 03, 2000","1,451.80","1,496.58","1,503.24","1,442.13","","-2.98%"
"Aug 02, 2000","1,496.33","1,459.37","1,508.49","1,459.37","","+2.54%"
"Aug 01, 2000","1,459.20","1,404.01","1,466.81","1,404.01","","+4.46%"
"Jul 31, 2000","1,396.96","1,410.35","1,410.35","1,358.56","","-0.97%"
"Jul 28, 2000","1,410.64","1,413.87","1,413.87","1,387.45","","-0.36%"
"Jul 27, 2000","1,415.70","1,439.25","1,459.51","1,413.72","","-2.46%"
"Jul 26, 2000","1,451.35","1,426.44","1,460.79","1,409.93","","+1.92%"
"Jul 25, 2000","1,423.95","1,423.48","1,429.84","1,382.44","","+0.05%"
"Jul 24, 2000","1,423.24","1,469.88","1,469.88","1,405.78","","-3.54%"
"Jul 21, 2000","1,475.45","1,458.88","1,516.25","1,458.71","","+1.68%"
"Jul 19, 2000","1,451.11","1,456.54","1,456.54","1,402.00","","-0.46%"
"Jul 18, 2000","1,457.77","1,521.76","1,521.76","1,438.90","","-4.26%"
"Jul 17, 2000","1,522.58","1,506.91","1,570.99","1,506.91","","+1.39%"
"Jul 14, 2000","1,501.68","1,436.33","1,504.80","1,435.54","","+4.78%"
"Jul 13, 2000","1,433.21","1,443.19","1,448.39","1,427.02","","-0.58%"
"Jul 12, 2000","1,441.58","1,409.44","1,441.58","1,409.44","","+2.32%"
"Jul 11, 2000","1,408.92","1,431.14","1,449.98","1,402.88","","-1.64%"
"Jul 10, 2000","1,432.40","1,369.24","1,438.24","1,369.24","","+4.65%"
"Jul 07, 2000","1,368.76","1,329.25","1,406.39","1,326.54","","+2.99%"
"Jul 06, 2000","1,328.97","1,308.05","1,335.88","1,293.82","","+1.42%"
"Jul 05, 2000","1,310.39","1,336.45","1,344.28","1,306.76","","-2.06%"
"Jul 04, 2000","1,337.96","1,346.81","1,351.01","1,324.84","","-0.21%"
"Jul 03, 2000","1,340.72","1,323.78","1,345.47","1,323.38","","+1.27%"
"Jun 30, 2000","1,323.90","1,326.80","1,329.18","1,310.45","","-0.56%"
"Jun 29, 2000","1,331.36","1,308.68","1,338.43","1,308.68","","+2.33%"
"Jun 28, 2000","1,301.09","1,253.64","1,303.70","1,253.64","","+3.89%"
"Jun 27, 2000","1,252.34","1,236.29","1,252.64","1,224.97","","+1.63%"
"Jun 26, 2000","1,232.21","1,227.87","1,238.42","1,208.05","","-0.16%"
"Jun 23, 2000","1,234.17","1,204.58","1,238.49","1,201.28","","+1.65%"
"Jun 22, 2000","1,214.11","1,230.37","1,247.67","1,209.04","","-1.34%"
"Jun 21, 2000","1,230.63","1,215.42","1,232.86","1,209.24","","+1.85%"
"Jun 20, 2000","1,208.23","1,185.03","1,208.23","1,185.03","","+2.05%"
"Jun 19, 2000","1,183.98","1,171.63","1,184.53","1,169.96","","+0.73%"
"Jun 16, 2000","1,175.43","1,182.98","1,184.03","1,170.55","","-0.28%"
"Jun 15, 2000","1,178.77","1,177.00","1,181.15","1,167.10","","-0.13%"
"Jun 14, 2000","1,180.28","1,189.05","1,199.08","1,171.25","","-0.74%"
"Jun 13, 2000","1,189.11","1,176.41","1,215.66","1,176.41","","+1.19%"
"Jun 12, 2000","1,175.16","1,156.33","1,178.54","1,156.33","","+1.98%"
"Jun 09, 2000","1,152.39","1,161.65","1,161.65","1,150.43","","-0.89%"
"Jun 08, 2000","1,162.72","1,179.52","1,180.48","1,160.28","","-0.86%"
"Jun 07, 2000","1,172.75","1,153.02","1,174.17","1,148.29","","+1.50%"
"Jun 06, 2000","1,155.37","1,130.46","1,159.47","1,128.95","","+1.91%"
"Jun 05, 2000","1,133.72","1,123.06","1,138.08","1,122.77","","+1.44%"
"Jun 02, 2000","1,117.58","1,098.81","1,118.56","1,098.45","","+2.27%"
"Jun 01, 2000","1,092.79","1,079.04","1,092.79","1,078.97","","+1.08%"
"May 31, 2000","1,081.12","1,061.18","1,084.78","1,061.18","","+2.27%"
"May 30, 2000","1,057.10","1,068.80","1,077.96","1,057.10","","-1.00%"
"May 29, 2000","1,067.81","1,041.24","1,067.81","1,041.24","","+2.87%"
"May 26, 2000","1,038.00","1,038.55","1,055.98","1,035.39","","+0.37%"
"May 25, 2000","1,034.17","999.55","1,036.61","999.55","","+3.80%"
"May 24, 2000","996.34","1,006.61","1,014.10","992.91","","-1.41%"
"May 23, 2000","1,010.59","1,002.23","1,010.59","1,000.03","","+0.21%"
"May 22, 2000","1,008.48","1,028.16","1,028.16","995.86","","-2.69%"
"May 19, 2000","1,036.34","1,026.62","1,036.34","1,011.06","","+0.48%"
"May 18, 2000","1,031.43","1,028.37","1,031.43","1,016.83","","+0.10%"
"May 17, 2000","1,030.43","1,035.32","1,039.22","1,027.83","","+0.24%"
"May 16, 2000","1,027.96","1,031.76","1,032.85","1,022.05","","-0.52%"
"May 15, 2000","1,033.29","1,006.77","1,033.88","1,006.77","","+3.32%"
"May 12, 2000","1,000.10","985.43","1,005.14","985.43","","+1.92%"
"May 11, 2000","981.22","1,005.85","1,005.85","976.79","","-2.92%"
"May 10, 2000","1,010.72","1,011.40","1,013.68","1,001.90","","-0.75%"
"May 09, 2000","1,018.35","1,022.45","1,028.41","1,014.24","","-0.99%"
"May 08, 2000","1,028.58","1,037.91","1,042.31","1,027.64","","-0.13%"
"May 02, 2000","1,029.92","1,029.37","1,034.73","1,026.59","","+0.44%"
"May 01, 2000","1,025.40","1,001.33","1,025.40","999.47","","+2.27%"
"Apr 28, 2000","1,002.66","992.07","1,003.95","982.15","","+1.34%"
"Apr 27, 2000","989.39","984.34","999.15","983.81","","+0.87%"
"Apr 26, 2000","980.87","1,011.06","1,013.38","975.79","","-2.36%"
"Apr 25, 2000","1,004.54","994.88","1,004.54","994.27","","+1.44%"
"Apr 24, 2000","990.26","937.92","999.46","937.92","","+6.55%"
"Apr 21, 2000","929.39","976.38","987.22","927.08","","-4.45%"
"Apr 20, 2000","972.70","988.76","989.23","972.70","","-2.10%"
"Apr 19, 2000","993.52","971.87","994.47","967.36","","+2.36%"
"Apr 18, 2000","970.60","968.52","996.04","949.39","","+0.50%"
"Apr 17, 2000","965.77","1,044.71","1,044.71","951.29","","-8.08%"
"Apr 14, 2000","1,050.64","1,036.32","1,055.40","1,036.32","","+1.47%"
"Apr 13, 2000","1,035.37","1,070.14","1,070.31","1,029.78","","-3.88%"
"Apr 12, 2000","1,077.12","1,081.57","1,081.57","1,062.63","","-0.55%"
"Apr 11, 2000","1,083.07","1,096.32","1,099.22","1,081.55","","-1.42%"
"Apr 10, 2000","1,098.67","1,087.94","1,102.14","1,084.29","","+1.06%"
"Apr 07, 2000","1,087.15","1,067.54","1,093.08","1,067.54","","+2.37%"
"Apr 06, 2000","1,062.02","1,086.77","1,093.38","1,062.02","","-2.24%"
"Apr 05, 2000","1,086.39","1,104.10","1,104.10","1,080.51","","-1.75%"
"Apr 04, 2000","1,105.71","1,125.40","1,125.40","1,100.49","","-1.42%"
"Apr 03, 2000","1,121.69","1,063.17","1,123.36","1,062.68","","+5.63%"
"Mar 31, 2000","1,061.93","1,032.93","1,064.17","1,032.00","","+2.67%"
"Mar 30, 2000","1,034.30","1,039.59","1,046.30","1,032.36","","-0.59%"
"Mar 29, 2000","1,040.46","1,023.16","1,043.00","1,023.16","","+1.65%"
"Mar 28, 2000","1,023.53","1,021.04","1,030.24","1,015.17","","-0.06%"
"Mar 27, 2000","1,024.19","1,009.38","1,024.19","1,005.83","","+1.53%"
"Mar 24, 2000","1,008.78","1,008.78","1,008.78","1,008.78","","+2.70%"
"Mar 23, 2000","982.30","982.30","982.30","982.30","","+1.06%"
"Mar 22, 2000","971.95","971.95","971.95","971.95","","-2.05%"
"Mar 21, 2000","992.26","992.26","992.26","992.26","","-0.05%"
"Mar 17, 2000","992.77","992.77","992.77","992.77","","+1.39%"
"Mar 16, 2000","979.14","979.14","979.14","979.14","","+1.61%"
"Mar 15, 2000","963.63","963.63","963.63","963.63","","-1.24%"
"Mar 14, 2000","975.69","975.69","975.69","975.69","","-3.01%"
"Mar 13, 2000","1,006.02","1,006.02","1,006.02","1,006.02","","-4.04%"
"Mar 10, 2000","1,048.35","1,048.35","1,048.35","1,048.35","","+0.73%"
"Mar 09, 2000","1,040.72","1,040.72","1,040.72","1,040.72","","+0.80%"
"Mar 08, 2000","1,032.48","1,032.48","1,032.48","1,032.48","","-1.27%"
"Mar 07, 2000","1,045.72","1,045.72","1,045.72","1,045.72","","+2.09%"
"Mar 06, 2000","1,024.29","1,024.29","1,024.29","1,024.29","","-1.98%"
"Mar 03, 2000","1,044.95","1,044.95","1,044.95","1,044.95","","+0.21%"
"Mar 02, 2000","1,042.77","1,042.77","1,042.77","1,042.77","","+3.63%"
"Mar 01, 2000","1,006.20","1,006.20","1,006.20","1,006.20","","+0.50%"
"Feb 29, 2000","1,001.20","1,001.20","1,001.20","1,001.20","","+3.92%"
"Feb 28, 2000","963.40","963.40","963.40","963.40","","-1.99%"
"Feb 25, 2000","982.98","982.98","982.98","982.98","","+3.88%"
"Feb 24, 2000","946.27","946.27","946.27","946.27","","+1.88%"
"Feb 23, 2000","928.81","928.81","928.81","928.81","","+4.14%"
"Feb 22, 2000","891.92","891.92","891.92","891.92","","-0.04%"
"Feb 21, 2000","892.25","892.25","892.25","892.25","","-4.10%"
"Feb 18, 2000","930.41","930.41","930.41","930.41","","-0.96%"
"Feb 17, 2000","939.47","939.47","939.47","939.47","","-1.34%"
"Feb 16, 2000","952.23","952.23","952.23","952.23","","+0.89%"
"Feb 15, 2000","943.82","943.82","943.82","943.82","","-2.40%"
"Feb 14, 2000","967.03","967.03","967.03","967.03","","+0.23%"
"Feb 10, 2000","964.81","964.81","964.81","964.81","","-1.26%"
"Feb 09, 2000","977.16","977.16","977.16","977.16","","-1.27%"
"Feb 08, 2000","989.71","989.71","989.71","989.71","","-1.98%"
"Feb 07, 2000","1,009.73","1,009.73","1,009.73","1,009.73","","+3.46%"
"Feb 04, 2000","976.00","976.00","976.00","976.00","","+1.89%"
"Feb 03, 2000","957.85","957.85","957.85","957.85","","+0.51%"
"Feb 02, 2000","952.95","952.95","952.95","952.95","","+1.16%"
"Feb 01, 2000","942.04","942.04","942.04","942.04","","+0.97%"
"Jan 31, 2000","933.03","933.03","933.03","933.03","","-0.15%"
"Jan 28, 2000","934.44","934.44","934.44","934.44","","+0.17%"
"Jan 27, 2000","932.87","932.87","932.87","932.87","","+0.99%"
"Jan 26, 2000","923.71","923.71","923.71","923.71","","+1.38%"
"Jan 25, 2000","911.11","911.11","911.11","911.11","","+0.65%"
"Jan 24, 2000","905.20","905.20","905.20","905.20","","+2.26%"
"Jan 21, 2000","885.19","885.19","885.19","885.19","","-0.91%"
"Jan 20, 2000","893.29","893.29","893.29","893.29","","+0.34%"
"Jan 19, 2000","890.26","890.26","890.26","890.26","","-1.08%"
"Jan 18, 2000","900.00","900.00","900.00","900.00","","+2.22%"
"Jan 17, 2000","880.46","880.46","880.46","880.46","","+2.82%"
"Jan 14, 2000","856.32","856.32","856.32","856.32","","+1.33%"
"Jan 13, 2000","845.04","845.04","845.04","845.04","","+1.56%"
"Jan 12, 2000","832.09","832.09","832.09","832.09","","+3.48%"
"Jan 11, 2000","804.11","804.11","804.11","804.11","","+3.84%"
"Jan 07, 2000","774.40","774.40","774.40","774.40","","-2.17%"
"Jan 06, 2000","791.61","791.61","791.61","791.61","","-4.26%"
"Jan 05, 2000","826.79","826.79","826.79","826.79","","+0.44%"
"Jan 04, 2000","823.13","823.13","823.13","823.13","","-2.16%"
