Date,Price,Open,High,Low,Vol.,Change %
"Sep 24, 2026","13,589.65","13,386.39","13,664.40","13,386.39","","+1.73%"
"Sep 19, 2026","13,358.95","13,415.85","13,358.95","13,358.95","","0.00%"
"Sep 18, 2026","13,358.95","13,415.85","13,420.25","13,265.83","","-0.25%"
"Sep 17, 2026","13,393.00","13,369.15","13,450.22","13,279.46","","+1.31%"
"Sep 16, 2026","13,220.08","13,155.93","13,247.66","13,124.94","","+0.45%"
"Sep 15, 2026","13,160.29","13,159.68","13,256.97","13,117.19","","-0.31%"
"Sep 14, 2026","13,200.72","13,112.33","13,238.54","13,082.58","","+0.07%"
"Sep 11, 2026","13,192.06","13,141.22","13,192.06","13,024.14","","-1.07%"
"Sep 10, 2026","13,334.27","13,247.41","13,334.27","13,156.98","","-0.49%"
"Sep 09, 2026","13,399.61","13,489.03","13,549.10","13,399.61","","-0.99%"
"Sep 08, 2026","13,533.15","13,946.83","13,977.27","13,533.15","","-3.64%"
"Sep 07, 2026","14,043.70","14,065.66","14,105.58","13,925.45","","-0.24%"
"Sep 05, 2026","14,077.41","14,176.05","14,077.41","14,077.41","","0.00%"
"Sep 04, 2026","14,077.41","14,176.05","14,228.39","14,068.43","","-1.04%"
"Sep 03, 2026","14,225.88","14,292.81","14,332.81","14,127.30","","-0.28%"
"Sep 02, 2026","14,266.47","14,516.01","14,518.31","14,236.38","","-2.63%"
"Sep 01, 2026","14,651.21","14,549.67","14,723.38","14,524.20","","+0.66%"
"Aug 31, 2026","14,555.22","14,426.80","14,555.22","14,413.82","","+0.02%"
"Aug 29, 2026","14,552.90","14,514.10","14,552.90","14,552.90","","0.00%"
"Aug 28, 2026","14,552.90","14,514.10","14,702.09","14,506.83","","-0.20%"
"Aug 27, 2026","14,581.89","14,801.68","14,808.47","14,581.89","","-0.97%"
"Aug 26, 2026","14,724.29","14,774.90","14,775.12","14,651.89","","-0.38%"
"Aug 25, 2026","14,780.66","14,720.65","14,801.08","14,543.49","","+0.49%"
"Aug 24, 2026","14,708.47","14,769.86","14,865.98","14,708.47","","+0.17%"
"Aug 21, 2026","14,682.89","14,658.93","14,738.39","14,557.51","","-1.04%"
"Aug 20, 2026","14,836.96","14,853.13","14,948.77","14,800.05","","+1.07%"
"Aug 19, 2026","14,679.74","14,895.55","14,941.18","14,653.27","","-2.90%"
"Aug 18, 2026","15,117.98","15,255.61","15,278.47","15,087.33","","-0.92%"
"Aug 17, 2026","15,258.29","15,325.01","15,381.41","15,164.80","","-0.87%"
"Aug 14, 2026","15,392.31","15,230.05","15,392.31","15,230.05","","+0.85%"
"Aug 13, 2026","15,262.43","15,142.96","15,308.45","15,076.20","","+1.30%"
"Aug 12, 2026","15,066.64","15,033.63","15,066.64","14,932.35","","-0.05%"
"Aug 10, 2026","15,074.25","14,669.81","15,094.18","14,657.29","","+4.37%"
"Aug 07, 2026","14,443.61","14,320.79","14,443.61","14,262.36","","+0.62%"
"Aug 06, 2026","14,354.96","14,330.93","14,366.26","14,149.45","","-0.45%"
"Aug 05, 2026","14,419.99","14,510.55","14,615.87","14,292.85","","+0.51%"
"Aug 04, 2026","14,346.27","14,174.71","14,346.27","14,020.09","","+1.91%"
"Aug 03, 2026","14,076.77","13,693.47","14,078.46","13,635.75","","+1.13%"
"Jul 31, 2026","13,919.08","13,805.07","14,076.69","13,742.68","","+1.59%"
"Jul 30, 2026","13,701.65","13,727.38","13,870.56","13,597.47","","+0.54%"
"Jul 29, 2026","13,627.43","13,580.30","13,686.87","13,484.35","","+0.63%"
"Jul 28, 2026","13,542.21","13,865.03","13,925.13","13,524.81","","-3.02%"
"Jul 27, 2026","13,964.43","13,829.55","13,999.31","13,806.41","","+2.04%"
"Jul 24, 2026","13,685.43","13,653.46","13,731.80","13,636.02","","-0.73%"
"Jul 23, 2026","13,785.61","13,830.04","13,935.06","13,719.20","","-0.68%"
"Jul 22, 2026","13,879.98","14,026.09","14,064.86","13,831.61","","-1.33%"
"Jul 21, 2026","14,066.88","14,067.07","14,130.87","13,965.72","","+0.46%"
"Jul 18, 2026","14,002.81","13,978.42","14,002.81","14,002.81","","0.00%"
"Jul 17, 2026","14,002.81","13,978.42","14,016.85","13,749.70","","+0.08%"
"Jul 16, 2026","13,990.99","13,945.91","14,090.92","13,935.44","","-0.78%"
"Jul 15, 2026","14,100.92","14,162.41","14,279.38","14,060.54","","-0.61%"
"Jul 14, 2026","14,187.79","14,254.92","14,269.63","14,086.70","","+0.54%"
"Jul 13, 2026","14,111.28","13,977.04","14,137.29","13,961.73","","+1.14%"
"Jul 10, 2026","13,952.82","13,936.81","14,081.73","13,909.72","","+0.80%"
"Jul 09, 2026","13,841.93","13,771.13","13,879.99","13,699.73","","+1.43%"
"Jul 08, 2026","13,646.26","14,114.79","14,114.79","13,646.26","","-4.07%"
"Jul 07, 2026","14,224.98","14,179.20","14,354.76","14,147.31","","-0.46%"
"Jul 06, 2026","14,291.38","14,410.28","14,410.28","14,218.67","","-0.83%"
"Jul 03, 2026","14,410.91","14,320.36","14,497.44","14,253.25","","+1.53%"
"Jul 02, 2026","14,193.44","14,210.21","14,364.64","14,176.66","","-0.29%"
"Jul 01, 2026","14,234.99","14,325.07","14,446.35","14,113.50","","-0.82%"
"Jun 30, 2026","14,352.01","14,413.68","14,490.04","14,219.36","","+0.29%"
"Jun 29, 2026","14,310.49","14,155.59","14,310.49","14,068.56","","+0.90%"
"Jun 26, 2026","14,183.47","14,394.91","14,469.82","14,031.33","","-0.82%"
"Jun 25, 2026","14,300.94","14,255.73","14,397.71","14,242.85","","+0.54%"
"Jun 24, 2026","14,223.52","14,174.72","14,263.41","14,081.17","","-0.11%"
"Jun 23, 2026","14,239.27","14,585.86","14,591.70","14,239.27","","-2.03%"
"Jun 22, 2026","14,534.71","14,441.75","14,683.82","14,441.11","","+0.09%"
"Jun 19, 2026","14,521.88","14,986.06","14,986.06","14,440.17","","-2.51%"
"Jun 18, 2026","14,895.27","14,653.92","14,954.43","14,653.92","","+2.16%"
"Jun 17, 2026","14,580.17","14,354.23","14,596.69","14,313.04","","+1.58%"
"Jun 16, 2026","14,353.22","14,221.01","14,389.52","14,171.13","","+0.58%"
"Jun 15, 2026","14,270.88","14,341.05","14,442.74","14,226.92","","+1.03%"
"Jun 12, 2026","14,125.05","14,179.91","14,284.40","14,064.52","","+0.90%"
"Jun 11, 2026","13,998.80","13,867.69","14,088.92","13,769.99","","-0.44%"
"Jun 10, 2026","14,060.45","13,963.74","14,102.79","13,915.51","","+0.09%"
"Jun 09, 2026","14,048.18","13,975.27","14,115.04","13,971.30","","+0.89%"
"Jun 08, 2026","13,924.79","14,252.57","14,264.92","13,846.66","","-3.13%"
"Jun 05, 2026","14,374.00","14,402.32","14,446.06","14,312.43","","-0.62%"
"Jun 04, 2026","14,463.27","14,683.12","14,714.59","14,423.67","","-1.75%"
"Jun 03, 2026","14,720.33","14,337.57","14,743.81","14,294.65","","+3.28%"
"Jun 02, 2026","14,252.38","14,272.72","14,313.32","14,161.03","","-0.97%"
"Jun 01, 2026","14,392.56","14,498.08","14,664.42","14,260.76","","-1.21%"
"May 29, 2026","14,568.43","14,639.43","14,795.15","14,568.43","","+0.29%"
"May 28, 2026","14,526.34","14,570.03","14,640.43","14,461.51","","-0.47%"
"May 27, 2026","14,595.06","14,324.75","14,759.60","14,323.24","","+2.93%"
"May 26, 2026","14,179.94","14,288.82","14,339.20","14,176.99","","-1.11%"
"May 25, 2026","14,339.50","14,246.02","14,406.44","14,145.41","","+0.10%"
"May 23, 2026","14,324.62","14,339.69","14,324.62","14,324.62","","0.00%"
"May 22, 2026","14,324.62","14,339.69","14,425.47","14,267.86","","+0.41%"
"May 21, 2026","14,265.92","14,346.42","14,435.79","14,265.92","","+0.32%"
"May 20, 2026","14,220.64","14,349.71","14,375.71","14,078.10","","-0.63%"
"May 19, 2026","14,310.27","14,468.42","14,468.42","14,207.43","","-1.15%"
"May 18, 2026","14,476.49","14,252.02","14,493.74","14,233.14","","+1.91%"
"May 15, 2026","14,205.35","14,217.89","14,380.86","14,052.84","","+0.13%"
"May 14, 2026","14,186.44","14,303.29","14,330.54","14,036.13","","-0.30%"
"May 13, 2026","14,229.84","13,946.83","14,241.26","13,946.83","","+2.61%"
"May 12, 2026","13,868.23","13,924.77","14,065.22","13,868.23","","-0.35%"
"May 11, 2026","13,917.42","13,961.80","14,025.69","13,882.08","","-0.57%"
"May 08, 2026","13,997.05","13,942.29","14,070.42","13,932.10","","+0.40%"
"May 07, 2026","13,941.04","13,919.43","14,094.46","13,666.25","","+0.03%"
"May 01, 2026","13,936.75","14,225.18","14,225.18","13,907.46","","-2.29%"
"Apr 30, 2026","14,262.72","14,277.67","14,352.88","13,910.94","","-1.10%"
"Apr 28, 2026","14,421.07","14,315.66","14,421.07","14,268.93","","+1.15%"
"Apr 27, 2026","14,256.92","14,207.03","14,349.76","14,161.37","","+0.64%"
"Apr 24, 2026","14,166.23","14,130.08","14,221.16","14,090.43","","+0.18%"
"Apr 23, 2026","14,141.40","14,245.01","14,268.05","14,059.89","","-1.28%"
"Apr 22, 2026","14,324.17","14,507.78","14,523.42","14,284.51","","-1.24%"
"Apr 21, 2026","14,504.53","14,655.90","14,697.60","14,504.53","","-1.37%"
"Apr 20, 2026","14,706.37","14,722.78","14,781.78","14,630.94","","+1.18%"
"Apr 17, 2026","14,534.18","14,699.20","14,786.55","14,534.18","","-2.18%"
"Apr 16, 2026","14,857.82","14,863.30","14,877.65","14,741.80","","-0.10%"
"Apr 15, 2026","14,872.31","14,776.90","14,939.82","14,756.33","","+1.68%"
"Apr 14, 2026","14,627.05","14,708.86","14,746.25","14,597.19","","+0.95%"
"Apr 13, 2026","14,489.32","14,468.70","14,559.59","14,432.73","","-0.77%"
"Apr 10, 2026","14,601.34","14,566.51","14,639.16","14,490.96","","+0.57%"
"Apr 09, 2026","14,518.00","14,572.11","14,651.34","14,496.54","","-0.08%"
"Apr 08, 2026","14,529.42","14,457.15","14,723.13","14,445.89","","+2.30%"
"Apr 07, 2026","14,202.61","14,242.54","14,336.36","14,191.59","","+0.35%"
"Apr 06, 2026","14,153.03","14,084.18","14,341.51","14,084.18","","+0.86%"
"Apr 03, 2026","14,032.43","14,013.83","14,117.91","13,984.99","","+1.27%"
"Apr 02, 2026","13,856.49","14,079.93","14,209.60","13,819.38","","-1.05%"
"Apr 01, 2026","14,003.97","13,705.46","14,019.89","13,674.29","","+4.20%"
"Mar 31, 2026","13,440.04","13,448.20","13,725.37","13,387.22","","-1.26%"
"Mar 30, 2026","13,611.14","13,494.73","13,617.64","13,296.10","","-1.73%"
"Mar 27, 2026","13,851.03","13,826.66","13,961.99","13,668.74","","-0.74%"
"Mar 26, 2026","13,954.50","13,960.91","13,999.26","13,788.56","","-0.67%"
"Mar 25, 2026","14,048.56","14,070.77","14,116.68","13,956.79","","+1.23%"
"Mar 24, 2026","13,878.39","13,706.40","13,948.80","13,696.30","","+2.88%"
"Mar 23, 2026","13,489.55","13,511.98","13,575.61","13,343.38","","-1.55%"
"Mar 19, 2026","13,702.40","13,727.85","13,815.36","13,670.80","","-1.94%"
"Mar 18, 2026","13,974.16","13,783.70","14,050.80","13,783.70","","+2.06%"
"Mar 17, 2026","13,691.91","13,817.38","13,892.76","13,663.85","","+0.17%"
"Mar 16, 2026","13,668.74","13,598.82","13,725.46","13,490.74","","-0.10%"
"Mar 13, 2026","13,682.49","13,509.87","13,753.28","13,509.87","","-0.04%"
"Mar 12, 2026","13,687.68","13,580.87","13,732.24","13,579.88","","-0.73%"
"Mar 11, 2026","13,788.64","13,861.91","13,970.76","13,772.32","","+0.52%"
"Mar 10, 2026","13,717.48","13,634.39","13,754.20","13,555.58","","+2.28%"
"Mar 09, 2026","13,411.34","13,789.04","13,789.27","13,170.53","","-4.65%"
"Mar 06, 2026","14,065.87","13,754.05","14,074.07","13,754.05","","+1.47%"
"Mar 05, 2026","13,861.42","13,796.73","14,099.45","13,796.73","","+2.38%"
"Mar 04, 2026","13,539.67","13,789.60","13,856.89","13,433.73","","-3.49%"
"Mar 03, 2026","14,029.67","13,991.57","14,201.55","13,981.15","","-0.94%"
"Mar 02, 2026","14,162.99","14,125.06","14,318.93","14,014.24","","-1.29%"
"Feb 27, 2026","14,347.99","14,378.12","14,395.78","14,193.46","","-0.79%"
"Feb 26, 2026","14,462.78","14,528.03","14,568.76","14,410.29","","+0.62%"
"Feb 25, 2026","14,373.52","14,313.32","14,465.75","14,285.08","","+1.01%"
"Feb 24, 2026","14,230.29","13,888.37","14,273.02","13,866.76","","+3.35%"
"Feb 21, 2026","13,769.62","13,806.22","13,769.62","13,769.62","","0.00%"
"Feb 20, 2026","13,769.62","13,806.22","13,880.90","13,730.61","","-0.80%"
"Feb 19, 2026","13,880.86","13,697.78","13,912.86","13,668.87","","+1.90%"
"Feb 18, 2026","13,621.57","13,747.03","13,785.91","13,583.57","","-0.43%"
"Feb 17, 2026","13,679.75","13,655.62","13,723.54","13,595.57","","+0.10%"
"Feb 16, 2026","13,665.54","14,121.34","14,149.06","13,662.83","","-3.12%"
"Feb 13, 2026","14,105.77","14,320.41","14,320.41","14,105.77","","-1.44%"
"Feb 12, 2026","14,311.30","14,260.01","14,389.30","14,220.23","","+0.73%"
"Feb 10, 2026","14,207.11","14,038.23","14,231.37","14,030.94","","+2.20%"
"Feb 09, 2026","13,901.02","13,735.53","14,113.74","13,732.44","","+3.20%"
"Feb 07, 2026","13,469.39","13,487.89","13,469.39","13,469.39","","0.00%"
"Feb 06, 2026","13,469.39","13,487.89","13,513.76","13,259.04","","-0.92%"
"Feb 05, 2026","13,594.39","13,678.60","13,766.00","13,472.90","","-0.96%"
"Feb 04, 2026","13,726.55","13,641.44","13,757.96","13,618.72","","+0.12%"
"Feb 03, 2026","13,710.42","13,393.67","13,791.12","13,390.57","","+3.45%"
"Feb 02, 2026","13,253.34","13,462.26","13,676.72","13,114.98","","+0.12%"
"Jan 30, 2026","13,237.91","13,029.40","13,528.75","12,960.34","","+1.05%"
"Jan 29, 2026","13,100.67","13,047.11","13,152.93","12,957.81","","-0.03%"
"Jan 28, 2026","13,104.53","13,009.58","13,294.62","12,967.09","","-0.34%"
"Jan 27, 2026","13,149.10","13,055.07","13,179.17","12,996.38","","+0.43%"
"Jan 26, 2026","13,092.44","13,149.06","13,157.63","13,004.70","","-2.28%"
"Jan 23, 2026","13,398.14","13,352.30","13,430.27","13,313.91","","+0.75%"
"Jan 22, 2026","13,297.81","13,328.61","13,441.22","13,274.55","","+1.18%"
"Jan 21, 2026","13,142.86","13,042.63","13,175.57","13,042.63","","-0.53%"
"Jan 20, 2026","13,213.05","13,210.85","13,261.47","13,149.97","","-0.92%"
"Jan 19, 2026","13,336.36","13,450.40","13,450.40","13,251.72","","-1.16%"
"Jan 16, 2026","13,492.55","13,500.64","13,590.19","13,425.34","","-0.84%"
"Jan 15, 2026","13,606.19","13,629.72","13,690.91","13,508.52","","-1.18%"
"Jan 14, 2026","13,768.66","13,426.13","13,793.67","13,426.13","","+3.04%"
"Jan 13, 2026","13,362.63","13,593.89","13,638.72","13,354.52","","-0.19%"
"Jan 09, 2026","13,387.81","13,371.23","13,407.57","13,209.99","","-0.29%"
"Jan 08, 2026","13,427.40","13,466.08","13,525.55","13,318.13","","-0.03%"
"Jan 07, 2026","13,431.34","13,253.73","13,511.88","13,247.46","","+1.90%"
"Jan 06, 2026","13,180.85","13,174.70","13,308.27","13,090.12","","+0.79%"
"Jan 05, 2026","13,077.07","13,053.59","13,120.84","12,972.29","","+1.44%"
"Dec 30, 2025","12,891.85","12,897.26","12,938.78","12,850.85","","+0.20%"
"Dec 29, 2025","12,865.68","12,911.11","12,939.17","12,819.64","","-0.49%"
"Dec 26, 2025","12,928.84","12,960.82","12,970.88","12,878.45","","-0.06%"
"Dec 25, 2025","12,936.82","12,957.93","12,966.12","12,908.55","","+0.11%"
"Dec 24, 2025","12,922.93","13,059.20","13,059.20","12,901.83","","-0.92%"
"Dec 23, 2025","13,042.38","13,048.58","13,118.32","13,000.90","","+0.19%"
"Dec 22, 2025","13,018.04","13,072.98","13,104.12","12,979.64","","+0.20%"
"Dec 19, 2025","12,992.42","13,053.49","13,060.83","12,939.58","","+0.52%"
"Dec 18, 2025","12,925.34","12,927.21","12,978.28","12,841.91","","-0.32%"
"Dec 17, 2025","12,966.49","12,938.88","12,973.42","12,822.65","","-0.53%"
"Dec 16, 2025","13,035.34","13,059.46","13,071.55","12,931.70","","-0.45%"
"Dec 15, 2025","13,094.52","13,060.85","13,165.28","13,016.40","","-0.01%"
"Dec 12, 2025","13,095.44","13,077.45","13,151.77","13,018.76","","+1.35%"
"Dec 11, 2025","12,920.43","13,103.14","13,110.54","12,855.64","","-1.11%"
"Dec 10, 2025","13,066.08","13,100.87","13,203.99","13,018.01","","-0.19%"
"Dec 09, 2025","13,091.26","13,124.97","13,152.81","13,050.92","","-0.87%"
"Dec 08, 2025","13,206.00","13,183.51","13,321.20","13,182.89","","+0.66%"
"Dec 05, 2025","13,119.54","13,099.60","13,151.57","13,030.03","","-0.37%"
"Dec 04, 2025","13,168.67","12,982.00","13,168.67","12,971.83","","+1.61%"
"Dec 03, 2025","12,960.64","12,979.65","13,020.81","12,867.95","","-0.54%"
"Dec 02, 2025","13,030.67","12,932.51","13,030.67","12,932.51","","+0.99%"
"Dec 01, 2025","12,902.59","13,085.02","13,085.02","12,853.35","","-1.48%"
"Nov 29, 2025","13,096.52","13,032.21","13,096.52","13,096.52","","0.00%"
"Nov 28, 2025","13,096.52","13,032.21","13,096.52","13,000.64","","+0.27%"
"Nov 27, 2025","13,061.17","13,149.97","13,226.11","13,000.12","","-0.86%"
"Nov 26, 2025","13,174.65","12,953.75","13,271.25","12,953.75","","+1.70%"
"Nov 25, 2025","12,953.81","13,060.22","13,101.10","12,909.42","","+0.24%"
"Nov 21, 2025","12,923.30","12,741.10","13,005.76","12,741.10","","+1.37%"
"Nov 20, 2025","12,748.92","12,848.08","13,045.45","12,748.92","","+1.06%"
"Nov 19, 2025","12,615.51","12,776.30","12,790.39","12,576.11","","-0.68%"
"Nov 18, 2025","12,702.28","12,907.88","12,992.57","12,699.98","","-2.83%"
"Nov 17, 2025","13,072.76","13,045.75","13,160.21","13,023.00","","-0.21%"
"Nov 14, 2025","13,100.43","12,983.24","13,119.90","12,943.75","","-0.19%"
"Nov 13, 2025","13,124.95","13,296.88","13,318.05","13,124.95","","-1.56%"
"Nov 12, 2025","13,333.15","13,451.96","13,520.47","13,225.69","","-0.16%"
"Nov 11, 2025","13,354.00","13,505.10","13,512.96","13,311.69","","-0.35%"
"Nov 10, 2025","13,401.34","13,398.96","13,562.69","13,334.14","","+0.98%"
"Nov 07, 2025","13,271.81","13,264.79","13,350.59","13,145.56","","-0.38%"
"Nov 06, 2025","13,322.04","13,240.99","13,429.83","13,211.25","","+1.48%"
"Nov 05, 2025","13,128.16","13,283.25","13,423.36","12,859.13","","-1.43%"
"Nov 04, 2025","13,318.62","13,088.41","13,395.31","12,769.44","","+0.44%"
"Oct 31, 2025","13,260.44","13,083.16","13,420.84","12,930.03","","+1.94%"
"Oct 30, 2025","13,007.80","12,879.11","13,041.92","12,853.65","","+0.65%"
"Oct 29, 2025","12,923.79","13,032.54","13,032.54","12,861.66","","-0.95%"
"Oct 28, 2025","13,048.31","13,167.68","13,213.50","13,044.59","","-1.50%"
"Oct 27, 2025","13,246.69","12,997.87","13,311.86","12,996.60","","+3.37%"
"Oct 24, 2025","12,814.27","12,903.93","12,903.93","12,775.71","","-0.09%"
"Oct 23, 2025","12,826.37","12,763.19","12,834.23","12,704.82","","-0.33%"
"Oct 22, 2025","12,868.84","12,799.88","12,934.23","12,781.21","","+1.11%"
"Oct 21, 2025","12,727.08","12,662.73","12,818.33","12,662.73","","+1.21%"
"Oct 20, 2025","12,575.01","12,522.51","12,612.36","12,454.03","","+2.17%"
"Oct 17, 2025","12,308.28","12,304.70","12,463.42","12,266.04","","-0.26%"
"Oct 16, 2025","12,340.72","12,297.99","12,375.35","12,245.15","","+1.79%"
"Oct 15, 2025","12,123.17","12,039.62","12,169.09","11,926.74","","+1.26%"
"Oct 14, 2025","11,972.16","12,000.70","12,081.82","11,887.59","","-2.33%"
"Oct 10, 2025","12,257.33","12,413.55","12,419.22","12,213.18","","-1.64%"
"Oct 09, 2025","12,461.43","12,521.98","12,582.03","12,440.57","","+0.10%"
"Oct 08, 2025","12,448.98","12,607.54","12,665.12","12,410.80","","-1.35%"
"Oct 07, 2025","12,619.36","12,655.26","12,747.78","12,605.54","","-0.05%"
"Oct 06, 2025","12,626.05","12,325.95","12,660.38","12,324.06","","+4.62%"
"Oct 03, 2025","12,068.01","11,987.52","12,100.51","11,965.38","","+0.84%"
"Oct 02, 2025","11,967.83","11,863.19","12,025.20","11,772.47","","+1.36%"
"Oct 01, 2025","11,807.70","11,773.23","11,821.32","11,674.41","","-0.02%"
"Sep 30, 2025","11,810.07","11,659.87","11,873.54","11,647.83","","+0.85%"
"Sep 29, 2025","11,710.90","11,839.25","11,844.93","11,619.57","","-1.00%"
"Sep 26, 2025","11,829.24","11,837.66","11,898.70","11,734.12","","-0.41%"
"Sep 25, 2025","11,878.19","12,068.63","12,068.63","11,878.19","","-1.15%"
"Sep 24, 2025","12,016.66","12,058.44","12,058.44","11,917.03","","+0.11%"
"Sep 22, 2025","12,003.66","11,870.35","12,105.00","11,870.35","","+1.05%"
"Sep 19, 2025","11,879.26","12,096.24","12,185.88","11,826.88","","-1.61%"
"Sep 18, 2025","12,073.82","12,067.37","12,158.59","12,031.88","","-0.46%"
"Sep 17, 2025","12,129.12","12,206.26","12,275.10","12,129.12","","-0.75%"
"Sep 16, 2025","12,220.42","12,139.36","12,332.30","12,136.21","","+0.96%"
"Sep 12, 2025","12,104.52","12,131.16","12,141.83","12,022.02","","+1.19%"
"Sep 11, 2025","11,961.92","11,841.10","12,002.86","11,841.10","","+0.14%"
"Sep 10, 2025","11,945.47","11,959.55","11,967.07","11,885.07","","+0.02%"
"Sep 09, 2025","11,942.95","12,139.53","12,158.54","11,942.95","","-1.17%"
"Sep 08, 2025","12,084.18","12,028.20","12,173.98","12,026.16","","+0.74%"
"Sep 05, 2025","11,995.31","11,813.01","12,016.22","11,812.65","","+2.73%"
"Sep 04, 2025","11,676.11","11,614.07","11,732.03","11,614.07","","+0.59%"
"Sep 03, 2025","11,607.99","11,563.30","11,663.54","11,543.34","","-0.04%"
"Sep 02, 2025","11,612.94","11,636.60","11,751.11","11,595.87","","0.00%"
"Sep 01, 2025","11,613.30","11,423.21","11,613.30","11,403.93","","+0.83%"
"Aug 29, 2025","11,517.34","11,545.38","11,562.98","11,485.58","","-0.15%"
"Aug 28, 2025","11,534.60","11,516.99","11,596.30","11,500.96","","-0.14%"
"Aug 27, 2025","11,550.58","11,463.51","11,566.16","11,427.87","","+0.60%"
"Aug 26, 2025","11,482.20","11,412.84","11,494.13","11,392.21","","-0.29%"
"Aug 25, 2025","11,515.55","11,627.16","11,627.16","11,490.46","","-0.26%"
"Aug 22, 2025","11,545.84","11,511.44","11,600.70","11,470.68","","-0.26%"
"Aug 21, 2025","11,575.94","11,579.96","11,640.23","11,506.99","","-0.07%"
"Aug 20, 2025","11,584.55","11,605.33","11,659.51","11,538.08","","-1.16%"
"Aug 19, 2025","11,720.55","11,705.08","11,745.27","11,680.47","","+0.15%"
"Aug 18, 2025","11,702.94","11,631.52","11,751.56","11,629.74","","+1.36%"
"Aug 15, 2025","11,546.41","11,567.35","11,577.44","11,458.34","","+0.35%"
"Aug 14, 2025","11,506.48","11,622.11","11,668.82","11,462.55","","-1.91%"
"Aug 13, 2025","11,730.11","11,658.01","11,849.07","11,655.10","","+1.25%"
"Aug 12, 2025","11,585.40","11,481.00","11,702.68","11,399.23","","+0.75%"
"Aug 08, 2025","11,499.22","11,258.41","11,554.36","11,248.25","","+3.62%"
"Aug 07, 2025","11,097.36","11,074.64","11,156.20","11,037.51","","-0.55%"
"Aug 06, 2025","11,158.85","11,039.35","11,192.70","11,014.35","","+1.23%"
"Aug 05, 2025","11,022.73","10,975.90","11,114.14","10,960.18","","+0.58%"
"Aug 04, 2025","10,959.05","10,836.99","10,964.99","10,787.90","","+0.66%"
"Aug 01, 2025","10,887.57","11,312.35","11,360.04","10,884.88","","-3.60%"
"Jul 31, 2025","11,294.73","11,234.81","11,294.73","11,205.92","","+0.79%"
"Jul 30, 2025","11,206.37","11,238.61","11,267.09","11,172.66","","-0.49%"
"Jul 29, 2025","11,261.47","11,366.44","11,366.44","11,231.96","","-1.36%"
"Jul 28, 2025","11,416.76","11,414.26","11,450.97","11,349.83","","+0.70%"
"Jul 25, 2025","11,337.25","11,335.57","11,391.47","11,315.38","","-0.60%"
"Jul 24, 2025","11,405.38","11,222.15","11,453.97","11,205.52","","+3.47%"
"Jul 23, 2025","11,023.00","10,663.09","11,060.18","10,658.21","","+3.99%"
"Jul 22, 2025","10,600.01","10,689.45","10,689.45","10,565.27","","-1.99%"
"Jul 18, 2025","10,814.75","10,896.63","10,896.63","10,803.15","","-0.36%"
"Jul 17, 2025","10,854.28","10,778.02","10,867.52","10,737.01","","+0.87%"
"Jul 16, 2025","10,760.58","10,848.66","10,865.67","10,753.44","","-0.02%"
"Jul 15, 2025","10,763.15","10,788.38","10,793.09","10,695.33","","-0.22%"
"Jul 14, 2025","10,786.58","10,748.38","10,837.42","10,716.12","","+0.35%"
"Jul 11, 2025","10,748.82","10,761.71","10,850.95","10,742.19","","+0.65%"
"Jul 10, 2025","10,679.10","10,614.95","10,679.10","10,537.43","","+0.62%"
"Jul 09, 2025","10,613.80","10,590.12","10,613.80","10,494.15","","+1.26%"
"Jul 08, 2025","10,482.05","10,374.75","10,501.10","10,374.75","","+1.52%"
"Jul 07, 2025","10,325.49","10,430.21","10,455.06","10,295.69","","-1.05%"
"Jul 04, 2025","10,434.94","10,581.37","10,596.10","10,389.23","","-0.93%"
"Jul 03, 2025","10,533.07","10,471.16","10,559.10","10,372.25","","+0.60%"
"Jul 02, 2025","10,469.88","10,517.20","10,535.06","10,415.24","","-1.04%"
"Jul 01, 2025","10,579.44","10,769.71","10,776.49","10,570.41","","-1.88%"
"Jun 30, 2025","10,781.76","10,855.50","10,942.65","10,760.46","","+0.90%"
"Jun 27, 2025","10,685.67","10,705.32","10,734.40","10,642.95","","+0.29%"
"Jun 26, 2025","10,654.83","10,668.48","10,742.11","10,592.67","","-0.78%"
"Jun 25, 2025","10,738.61","10,891.54","10,891.54","10,695.50","","-1.28%"
"Jun 24, 2025","10,877.59","10,974.49","10,993.08","10,849.70","","+0.47%"
"Jun 23, 2025","10,827.04","10,737.92","10,845.08","10,717.78","","+0.81%"
"Jun 20, 2025","10,740.38","10,769.37","10,809.82","10,739.33","","-0.39%"
"Jun 19, 2025","10,782.62","10,826.34","10,826.34","10,685.21","","-0.79%"
"Jun 18, 2025","10,868.57","10,694.74","10,882.01","10,693.48","","+1.90%"
"Jun 17, 2025","10,666.14","10,640.00","10,689.31","10,581.80","","+0.38%"
"Jun 16, 2025","10,625.77","10,696.26","10,726.94","10,584.41","","-0.39%"
"Jun 14, 2025","10,667.52","10,837.07","10,667.52","10,667.52","","0.00%"
"Jun 13, 2025","10,667.52","10,837.07","10,847.75","10,631.57","","-1.60%"
"Jun 12, 2025","10,840.91","10,843.97","10,884.09","10,801.37","","-0.45%"
"Jun 11, 2025","10,890.05","10,884.15","10,929.57","10,849.92","","+0.70%"
"Jun 10, 2025","10,814.53","10,744.69","10,869.59","10,744.69","","+1.37%"
"Jun 09, 2025","10,668.09","10,642.73","10,696.00","10,635.63","","+0.44%"
"Jun 06, 2025","10,621.53","10,539.65","10,630.28","10,493.72","","+0.27%"
"Jun 05, 2025","10,592.58","10,576.56","10,626.36","10,544.72","","-0.53%"
"Jun 04, 2025","10,648.51","10,673.58","10,779.95","10,641.59","","+0.60%"
"Jun 03, 2025","10,585.29","10,562.54","10,612.42","10,520.39","","+0.05%"
"Jun 02, 2025","10,580.03","10,628.14","10,678.99","10,505.85","","-1.91%"
"May 30, 2025","10,786.23","10,810.83","10,851.68","10,742.36","","-2.05%"
"May 29, 2025","11,012.22","10,925.11","11,028.93","10,883.16","","+1.05%"
"May 28, 2025","10,897.87","11,058.59","11,059.73","10,877.94","","-0.61%"
"May 27, 2025","10,965.27","10,919.13","10,995.69","10,894.54","","-0.20%"
"May 26, 2025","10,987.31","10,899.09","11,006.80","10,875.46","","+0.41%"
"May 23, 2025","10,942.05","10,934.70","11,017.63","10,856.85","","+0.76%"
"May 22, 2025","10,859.14","10,813.27","10,877.44","10,748.99","","-0.55%"
"May 21, 2025","10,919.01","11,037.58","11,085.32","10,892.66","","-0.61%"
"May 20, 2025","10,985.93","11,132.14","11,190.06","10,970.14","","-0.56%"
"May 19, 2025","11,047.45","11,110.84","11,110.84","11,014.19","","+0.05%"
"May 16, 2025","11,041.64","11,091.40","11,103.12","10,976.19","","-0.32%"
"May 15, 2025","11,077.37","11,094.74","11,191.78","11,071.79","","-0.65%"
"May 14, 2025","11,149.59","11,277.49","11,285.65","11,094.34","","-1.90%"
"May 13, 2025","11,365.60","11,407.13","11,482.69","11,360.24","","+1.24%"
"May 12, 2025","11,226.07","11,247.67","11,281.34","11,172.24","","+0.34%"
"May 09, 2025","11,188.30","11,226.43","11,269.83","11,165.13","","+0.44%"
"May 08, 2025","11,139.71","11,189.78","11,209.17","11,071.32","","-0.33%"
"May 07, 2025","11,177.00","11,268.81","11,295.69","11,148.95","","-0.93%"
"May 02, 2025","11,282.00","11,138.80","11,368.63","11,138.80","","+2.13%"
"May 01, 2025","11,046.22","10,834.84","11,120.38","10,752.01","","+2.53%"
"Apr 30, 2025","10,773.33","10,783.58","10,808.71","10,719.68","","+0.22%"
"Apr 28, 2025","10,749.35","10,799.57","10,847.58","10,738.53","","+0.18%"
"Apr 25, 2025","10,729.64","10,664.41","10,767.05","10,615.11","","+1.78%"
"Apr 24, 2025","10,542.50","10,633.82","10,666.45","10,514.46","","-0.05%"
"Apr 23, 2025","10,547.44","10,497.34","10,640.27","10,497.34","","+2.59%"
"Apr 22, 2025","10,281.63","10,280.06","10,318.74","10,218.86","","-0.52%"
"Apr 21, 2025","10,335.30","10,355.26","10,399.06","10,287.65","","-0.57%"
"Apr 18, 2025","10,394.23","10,327.49","10,395.99","10,239.87","","+1.03%"
"Apr 17, 2025","10,288.28","10,164.43","10,295.91","10,146.89","","+1.45%"
"Apr 16, 2025","10,141.30","10,332.95","10,342.26","10,048.58","","-2.11%"
"Apr 15, 2025","10,359.43","10,308.67","10,409.26","10,267.36","","+1.84%"
"Apr 14, 2025","10,172.34","10,164.54","10,289.69","10,145.32","","+0.89%"
"Apr 11, 2025","10,082.85","10,296.66","10,299.01","9,890.11","","-4.17%"
"Apr 10, 2025","10,521.67","9,968.51","10,550.20","9,968.13","","+7.67%"
"Apr 09, 2025","9,772.46","9,945.07","9,998.31","9,654.91","","-3.42%"
"Apr 08, 2025","10,118.45","9,945.28","10,233.94","9,904.72","","+3.74%"
"Apr 07, 2025","9,753.34","10,214.65","10,216.16","9,548.14","","-6.32%"
"Apr 04, 2025","10,411.29","10,291.36","10,545.06","10,254.30","","-0.19%"
"Apr 03, 2025","10,430.99","10,603.22","10,603.22","10,278.55","","-3.66%"
"Apr 02, 2025","10,827.46","10,896.38","10,921.84","10,793.50","","-0.48%"
"Apr 01, 2025","10,879.57","11,013.24","11,031.04","10,869.97","","-1.03%"
"Mar 31, 2025","10,992.74","11,146.58","11,146.58","10,982.17","","-3.06%"
"Mar 28, 2025","11,339.63","11,481.84","11,491.61","11,277.81","","-0.91%"
"Mar 27, 2025","11,444.22","11,309.96","11,444.22","11,297.08","","+0.14%"
"Mar 26, 2025","11,428.00","11,474.03","11,506.23","11,395.94","","+0.20%"
"Mar 25, 2025","11,405.07","11,370.50","11,448.95","11,359.45","","+1.75%"
"Mar 24, 2025","11,209.02","11,280.15","11,280.15","11,189.23","","-0.74%"
"Mar 21, 2025","11,292.53","11,199.39","11,329.83","11,199.39","","-0.06%"
"Mar 19, 2025","11,299.03","11,342.73","11,434.74","11,291.99","","-0.34%"
"Mar 18, 2025","11,338.12","11,410.96","11,410.96","11,307.28","","+0.58%"
"Mar 17, 2025","11,273.07","11,336.15","11,393.52","11,273.07","","+0.33%"
"Mar 14, 2025","11,235.92","11,203.10","11,288.99","11,148.09","","+0.77%"
"Mar 13, 2025","11,149.57","11,236.28","11,335.40","11,149.57","","-0.13%"
"Mar 12, 2025","11,164.50","11,111.99","11,229.70","11,100.51","","+1.07%"
"Mar 11, 2025","11,046.44","11,062.44","11,062.44","10,889.92","","-1.41%"
"Mar 10, 2025","11,204.32","11,128.06","11,241.32","11,061.88","","+0.79%"
"Mar 07, 2025","11,116.78","11,204.50","11,223.39","11,018.79","","-2.25%"
"Mar 06, 2025","11,372.90","11,334.15","11,396.94","11,279.59","","+0.89%"
"Mar 05, 2025","11,272.94","11,328.92","11,360.47","11,221.24","","-0.73%"
"Mar 04, 2025","11,355.85","11,432.93","11,489.69","11,307.94","","-0.15%"
"Mar 03, 2025","11,373.04","11,310.05","11,412.76","11,224.23","","+1.70%"
"Feb 28, 2025","11,183.21","11,277.72","11,307.39","11,115.59","","-2.00%"
"Feb 27, 2025","11,411.16","11,436.33","11,448.36","11,328.04","","-0.45%"
"Feb 26, 2025","11,462.88","11,409.08","11,475.34","11,295.29","","+0.58%"
"Feb 25, 2025","11,397.16","11,140.95","11,440.56","11,140.95","","+0.67%"
"Feb 21, 2025","11,321.30","11,320.50","11,335.93","11,244.07","","-0.94%"
"Feb 20, 2025","11,428.55","11,504.88","11,535.55","11,415.73","","-1.68%"
"Feb 19, 2025","11,623.94","11,700.93","11,714.02","11,585.71","","-1.68%"
"Feb 18, 2025","11,822.51","11,846.08","11,941.43","11,805.13","","-0.33%"
"Feb 17, 2025","11,861.97","11,922.99","11,939.17","11,709.08","","-1.35%"
"Feb 14, 2025","12,024.62","12,205.33","12,205.33","12,022.68","","-1.16%"
"Feb 13, 2025","12,165.61","12,048.13","12,254.58","12,048.13","","+1.51%"
"Feb 12, 2025","11,985.09","11,971.47","12,057.42","11,947.34","","+0.63%"
"Feb 10, 2025","11,909.94","11,828.38","11,972.56","11,813.03","","-0.17%"
"Feb 07, 2025","11,930.71","12,030.08","12,045.91","11,917.12","","-2.01%"
"Feb 06, 2025","12,175.39","12,073.67","12,190.67","12,055.31","","+1.08%"
"Feb 05, 2025","12,044.92","12,186.47","12,247.26","12,030.64","","-0.39%"
"Feb 04, 2025","12,092.20","12,300.61","12,322.90","12,055.43","","-0.80%"
"Feb 03, 2025","12,189.61","12,512.50","12,629.25","12,129.50","","-4.53%"
"Jan 31, 2025","12,767.43","12,853.79","12,853.79","12,721.71","","-0.91%"
"Jan 30, 2025","12,884.26","12,890.85","12,939.55","12,842.81","","-0.89%"
"Jan 29, 2025","12,999.60","12,932.19","13,037.07","12,844.09","","+0.56%"
"Jan 28, 2025","12,926.71","12,930.56","12,986.46","12,827.12","","-0.41%"
"Jan 27, 2025","12,980.50","13,032.55","13,127.31","12,957.74","","+0.72%"
"Jan 24, 2025","12,888.03","12,936.81","13,009.90","12,881.36","","-0.22%"
"Jan 23, 2025","12,916.05","12,947.74","12,989.54","12,907.85","","-0.07%"
"Jan 22, 2025","12,925.15","12,858.49","12,954.72","12,851.78","","+1.43%"
"Jan 21, 2025","12,743.50","12,784.13","12,788.47","12,620.55","","+0.54%"
"Jan 20, 2025","12,675.39","12,521.44","12,727.74","12,521.44","","+1.66%"
"Jan 17, 2025","12,468.50","12,439.02","12,503.78","12,277.41","","+0.26%"
"Jan 16, 2025","12,436.49","12,567.63","12,640.59","12,418.10","","-0.55%"
"Jan 15, 2025","12,504.82","12,540.77","12,580.91","12,471.11","","0.00%"
"Jan 14, 2025","12,504.39","12,496.32","12,515.85","12,367.71","","-0.37%"
"Jan 10, 2025","12,551.39","12,501.10","12,590.03","12,477.61","","+0.55%"
"Jan 09, 2025","12,482.33","12,617.92","12,622.17","12,379.00","","-1.77%"
"Jan 08, 2025","12,706.64","12,591.40","12,764.66","12,480.56","","+0.85%"
"Jan 07, 2025","12,599.55","12,471.80","12,682.46","12,471.80","","+1.64%"
"Jan 06, 2025","12,395.73","12,581.86","12,616.41","12,377.12","","-1.52%"
"Dec 30, 2024","12,587.09","12,758.76","12,758.76","12,565.69","","-0.91%"
"Dec 27, 2024","12,703.29","12,640.86","12,757.73","12,583.17","","+0.95%"
"Dec 26, 2024","12,583.34","12,502.50","12,586.86","12,456.37","","+0.67%"
"Dec 25, 2024","12,500.19","12,561.01","12,561.01","12,441.12","","-0.26%"
"Dec 24, 2024","12,533.35","12,586.82","12,586.82","12,479.65","","-0.28%"
"Dec 23, 2024","12,568.22","12,528.53","12,627.00","12,495.73","","+1.00%"
"Dec 20, 2024","12,444.24","12,541.08","12,544.42","12,436.35","","-1.15%"
"Dec 19, 2024","12,589.58","12,420.45","12,618.70","12,397.36","","+0.03%"
"Dec 18, 2024","12,586.01","12,583.67","12,673.13","12,553.59","","-0.38%"
"Dec 17, 2024","12,634.41","12,602.82","12,738.45","12,602.82","","+0.46%"
"Dec 16, 2024","12,576.91","12,565.94","12,628.02","12,527.79","","-0.54%"
"Dec 13, 2024","12,645.25","12,765.64","12,771.70","12,618.88","","-1.58%"
"Dec 12, 2024","12,848.19","12,847.52","12,956.13","12,847.52","","+1.10%"
"Dec 11, 2024","12,708.95","12,705.71","12,731.47","12,638.27","","+0.70%"
"Dec 10, 2024","12,620.35","12,685.96","12,740.15","12,602.10","","+0.41%"
"Dec 09, 2024","12,568.40","12,634.66","12,657.32","12,546.15","","-0.05%"
"Dec 06, 2024","12,575.10","12,564.90","12,679.74","12,542.11","","+0.17%"
"Dec 05, 2024","12,553.83","12,605.50","12,664.74","12,543.59","","+0.47%"
"Dec 04, 2024","12,495.42","12,579.76","12,582.79","12,409.36","","-0.68%"
"Dec 03, 2024","12,581.14","12,482.04","12,668.65","12,465.75","","+1.86%"
"Dec 02, 2024","12,350.92","12,265.51","12,385.76","12,136.56","","+0.64%"
"Nov 29, 2024","12,272.31","12,385.58","12,403.31","12,253.60","","-1.15%"
"Nov 28, 2024","12,414.90","12,370.92","12,421.59","12,252.29","","+0.09%"
"Nov 27, 2024","12,403.40","12,504.68","12,506.11","12,366.44","","-1.03%"
"Nov 26, 2024","12,532.12","12,550.26","12,622.08","12,435.12","","-0.61%"
"Nov 25, 2024","12,608.76","12,634.80","12,787.33","12,608.76","","+1.21%"
"Nov 22, 2024","12,457.50","12,483.70","12,528.87","12,422.31","","-0.06%"
"Nov 21, 2024","12,464.44","12,565.02","12,565.02","12,429.15","","-1.34%"
"Nov 20, 2024","12,634.12","12,735.90","12,743.94","12,579.20","","-0.26%"
"Nov 19, 2024","12,667.57","12,730.46","12,813.55","12,659.80","","+0.64%"
"Nov 18, 2024","12,586.82","12,503.92","12,646.79","12,478.67","","-0.26%"
"Nov 15, 2024","12,619.64","12,752.61","12,806.05","12,619.64","","-0.23%"
"Nov 14, 2024","12,649.25","12,706.22","12,866.89","12,649.25","","-0.44%"
"Nov 13, 2024","12,705.24","13,003.02","13,025.79","12,671.46","","-2.69%"
"Nov 12, 2024","13,056.34","13,194.84","13,283.86","12,981.64","","-0.30%"
"Nov 11, 2024","13,096.05","13,187.84","13,221.23","13,068.98","","-0.92%"
"Nov 08, 2024","13,217.49","13,032.32","13,335.53","13,032.32","","+1.11%"
"Nov 07, 2024","13,072.18","13,307.36","13,383.16","13,031.95","","-1.37%"
"Nov 06, 2024","13,254.26","13,031.11","13,312.39","13,031.11","","+2.52%"
"Nov 05, 2024","12,928.59","12,912.29","13,003.65","12,874.79","","+1.50%"
"Nov 01, 2024","12,737.95","12,792.89","13,008.26","12,716.69","","-1.78%"
"Oct 31, 2024","12,968.87","12,864.66","13,082.92","12,785.86","","+0.21%"
"Oct 30, 2024","12,941.21","12,748.78","13,003.70","12,748.78","","+1.94%"
"Oct 29, 2024","12,695.26","12,628.05","12,708.92","12,577.32","","+0.07%"
"Oct 28, 2024","12,686.09","12,573.58","12,780.92","12,566.19","","-0.05%"
"Oct 25, 2024","12,691.91","12,774.62","12,774.62","12,671.19","","-0.56%"
"Oct 24, 2024","12,763.32","12,594.51","12,801.43","12,588.00","","+0.10%"
"Oct 23, 2024","12,750.79","12,753.35","12,885.99","12,708.56","","-0.52%"
"Oct 22, 2024","12,816.97","12,912.75","12,936.47","12,712.85","","-1.04%"
"Oct 21, 2024","12,951.12","12,898.08","13,032.88","12,870.97","","+0.75%"
"Oct 18, 2024","12,854.32","12,874.38","12,953.31","12,812.01","","+0.83%"
"Oct 17, 2024","12,748.37","12,786.68","12,841.78","12,733.86","","-1.58%"
"Oct 16, 2024","12,952.98","13,057.22","13,066.64","12,874.46","","-2.62%"
"Oct 15, 2024","13,301.10","13,344.52","13,356.22","13,229.77","","+0.41%"
"Oct 11, 2024","13,247.11","13,264.71","13,384.80","13,217.89","","-0.31%"
"Oct 10, 2024","13,288.93","13,369.59","13,409.83","13,264.22","","+0.09%"
"Oct 09, 2024","13,276.88","13,279.63","13,314.62","13,144.54","","+1.65%"
"Oct 08, 2024","13,061.28","12,877.52","13,061.28","12,844.79","","+0.51%"
"Oct 07, 2024","12,995.24","12,995.77","13,052.01","12,907.54","","+1.89%"
"Oct 04, 2024","12,753.78","12,697.73","12,835.87","12,697.73","","+0.71%"
"Oct 03, 2024","12,664.29","12,727.29","12,788.75","12,589.57","","+1.20%"
"Oct 02, 2024","12,514.38","12,500.75","12,584.68","12,448.07","","-1.06%"
"Oct 01, 2024","12,648.53","12,474.89","12,753.96","12,474.89","","+1.48%"
"Sep 30, 2024","12,464.50","12,787.62","12,788.43","12,322.03","","-4.51%"
"Sep 27, 2024","13,053.65","12,526.47","13,053.65","12,526.47","","+3.11%"
"Sep 26, 2024","12,660.20","12,453.44","12,660.20","12,445.50","","+2.54%"
"Sep 25, 2024","12,346.83","12,406.14","12,428.55","12,344.50","","-1.49%"
"Sep 24, 2024","12,534.08","12,472.43","12,647.85","12,472.43","","+1.58%"
"Sep 20, 2024","12,339.22","12,375.74","12,423.28","12,313.14","","+1.41%"
"Sep 19, 2024","12,167.07","12,274.82","12,299.04","12,139.93","","+0.88%"
"Sep 18, 2024","12,060.54","12,109.59","12,176.92","11,958.55","","+0.47%"
"Sep 17, 2024","12,003.82","12,024.56","12,086.20","11,812.18","","+0.46%"
"Sep 13, 2024","11,948.49","12,062.04","12,109.06","11,926.11","","-1.18%"
"Sep 12, 2024","12,091.63","12,010.41","12,201.03","12,000.49","","+2.58%"
"Sep 11, 2024","11,787.18","11,947.98","11,957.55","11,680.47","","-1.54%"
"Sep 10, 2024","11,972.01","12,173.46","12,211.29","11,965.20","","-1.41%"
"Sep 09, 2024","12,143.11","11,926.06","12,182.55","11,774.96","","+0.66%"
"Sep 06, 2024","12,063.71","12,173.28","12,261.85","12,012.18","","-0.21%"
"Sep 05, 2024","12,088.78","12,012.77","12,178.60","11,952.03","","-0.94%"
"Sep 04, 2024","12,203.88","12,369.21","12,429.54","12,153.06","","-3.41%"
"Sep 03, 2024","12,634.90","12,672.86","12,714.35","12,497.45","","-0.37%"
"Sep 02, 2024","12,681.73","12,839.31","12,856.32","12,610.49","","-0.30%"
"Aug 30, 2024","12,720.43","12,758.39","12,783.89","12,649.24","","-0.93%"
"Aug 29, 2024","12,840.12","12,758.59","12,865.61","12,744.00","","+0.02%"
"Aug 28, 2024","12,837.49","12,758.86","12,843.90","12,684.40","","+0.90%"
"Aug 27, 2024","12,723.15","12,707.02","12,764.47","12,612.33","","+0.24%"
"Aug 26, 2024","12,692.19","12,704.20","12,727.84","12,490.74","","-1.12%"
"Aug 23, 2024","12,836.22","12,634.29","12,870.13","12,581.14","","+2.02%"
"Aug 22, 2024","12,581.62","12,496.46","12,614.32","12,446.25","","+0.48%"
"Aug 21, 2024","12,521.59","12,277.37","12,530.74","12,275.59","","+1.33%"
"Aug 20, 2024","12,357.80","12,254.77","12,460.92","12,218.27","","+1.90%"
"Aug 19, 2024","12,127.57","12,290.16","12,423.34","12,112.64","","-1.42%"
"Aug 16, 2024","12,301.65","12,247.05","12,356.85","12,200.52","","+1.70%"
"Aug 15, 2024","12,096.48","12,093.72","12,159.89","12,010.43","","-0.03%"
"Aug 14, 2024","12,099.82","12,176.79","12,176.79","11,955.27","","-0.44%"
"Aug 13, 2024","12,153.23","12,101.82","12,182.33","12,004.76","","+2.08%"
"Aug 09, 2024","11,905.73","11,895.15","12,047.24","11,720.39","","+1.69%"
"Aug 08, 2024","11,707.47","11,595.29","11,866.54","11,476.27","","+0.28%"
"Aug 07, 2024","11,674.61","11,339.21","11,950.45","11,259.18","","+2.54%"
"Aug 06, 2024","11,385.26","10,340.78","11,563.81","10,337.35","","+12.55%"
"Aug 05, 2024","10,115.70","11,018.21","11,047.74","10,058.55","","-10.14%"
"Aug 02, 2024","11,257.28","11,797.58","11,798.13","11,239.65","","-6.50%"
"Aug 01, 2024","12,039.73","12,328.61","12,338.51","11,895.54","","-1.86%"
"Jul 31, 2024","12,268.25","12,044.77","12,295.03","11,991.08","","+0.38%"
"Jul 30, 2024","12,221.59","12,213.56","12,292.74","12,125.53","","-0.63%"
"Jul 29, 2024","12,299.47","12,135.96","12,348.23","12,061.92","","+2.62%"
"Jul 26, 2024","11,985.09","11,921.31","12,100.42","11,921.31","","-0.10%"
"Jul 25, 2024","11,996.90","12,065.73","12,103.27","11,982.02","","-1.32%"
"Jul 24, 2024","12,156.89","12,126.32","12,315.40","12,078.12","","-0.04%"
"Jul 23, 2024","12,161.93","12,372.48","12,394.45","12,130.71","","-1.48%"
"Jul 22, 2024","12,344.20","12,646.39","12,646.39","12,312.94","","-3.23%"
"Jul 19, 2024","12,756.14","12,573.16","12,763.58","12,520.33","","+1.55%"
"Jul 18, 2024","12,561.82","12,830.63","12,850.94","12,557.48","","-3.58%"
"Jul 17, 2024","13,028.35","12,941.78","13,077.72","12,920.28","","+1.77%"
"Jul 16, 2024","12,802.01","12,874.52","12,931.89","12,777.98","","-0.22%"
"Jul 12, 2024","12,830.39","12,720.32","12,951.87","12,720.32","","-1.27%"
"Jul 11, 2024","12,994.84","13,135.89","13,147.00","12,989.48","","+0.21%"
"Jul 10, 2024","12,967.80","12,746.83","13,002.01","12,727.95","","+1.52%"
"Jul 09, 2024","12,773.33","12,472.79","12,832.50","12,463.32","","+2.20%"
"Jul 08, 2024","12,498.11","12,480.64","12,618.99","12,456.94","","+0.51%"
"Jul 05, 2024","12,434.14","12,531.70","12,575.82","12,383.63","","-0.80%"
"Jul 04, 2024","12,534.65","12,405.47","12,568.47","12,396.50","","+1.37%"
"Jul 03, 2024","12,365.32","12,240.07","12,409.07","12,224.66","","+1.08%"
"Jul 02, 2024","12,233.32","11,985.55","12,233.32","11,972.46","","+2.52%"
"Jul 01, 2024","11,932.16","12,119.05","12,186.23","11,917.10","","-1.40%"
"Jun 30, 2024","12,102.11","12,095.89","12,102.11","12,102.11","","0.00%"
"Jun 28, 2024","12,102.11","12,095.89","12,126.62","12,027.24","","+0.26%"
"Jun 27, 2024","12,070.87","12,096.62","12,132.95","12,013.94","","-0.97%"
"Jun 26, 2024","12,188.92","12,111.31","12,204.08","11,944.15","","+1.18%"
"Jun 25, 2024","12,046.31","12,013.20","12,071.76","11,943.83","","+0.42%"
"Jun 24, 2024","11,995.91","11,840.92","12,062.02","11,836.95","","+0.81%"
"Jun 21, 2024","11,899.32","11,917.39","12,018.06","11,872.65","","-0.14%"
"Jun 20, 2024","11,916.32","11,834.61","11,937.54","11,812.53","","+0.22%"
"Jun 19, 2024","11,889.72","11,942.79","11,962.03","11,835.52","","-0.32%"
"Jun 18, 2024","11,927.42","11,769.63","11,964.62","11,769.63","","+1.38%"
"Jun 17, 2024","11,765.27","11,927.16","11,930.06","11,715.78","","-2.70%"
"Jun 15, 2024","12,091.86","11,936.79","12,091.86","12,091.86","","0.00%"
"Jun 14, 2024","12,091.86","11,936.79","12,097.19","11,916.06","","+0.37%"
"Jun 13, 2024","12,046.81","12,213.48","12,213.48","12,046.81","","-0.62%"
"Jun 12, 2024","12,122.34","12,241.91","12,247.31","12,076.15","","-1.55%"
"Jun 11, 2024","12,313.25","12,250.26","12,403.49","12,250.26","","+0.56%"
"Jun 10, 2024","12,244.38","12,212.02","12,249.16","12,162.74","","+0.58%"
"Jun 07, 2024","12,173.37","12,087.28","12,187.83","12,087.28","","+0.27%"
"Jun 06, 2024","12,140.60","12,226.15","12,260.92","12,105.97","","+0.55%"
"Jun 05, 2024","12,074.26","12,118.79","12,118.79","12,000.63","","+0.03%"
"Jun 04, 2024","12,071.19","12,138.18","12,171.82","12,037.04","","-0.53%"
"Jun 03, 2024","12,135.17","12,153.83","12,234.24","12,085.68","","+0.72%"
"May 31, 2024","12,048.12","12,001.89","12,093.68","11,902.52","","+1.78%"
"May 30, 2024","11,837.05","11,809.81","11,843.36","11,629.70","","-0.66%"
"May 29, 2024","11,915.40","11,933.57","12,092.16","11,894.13","","+0.40%"
"May 28, 2024","11,867.85","11,883.55","11,931.10","11,822.41","","-0.39%"
"May 27, 2024","11,913.90","11,911.78","11,913.90","11,774.42","","+0.02%"
"May 25, 2024","11,911.79","11,799.08","11,911.79","11,911.79","","0.00%"
"May 24, 2024","11,911.79","11,799.08","11,987.24","11,799.08","","-0.93%"
"May 23, 2024","12,023.58","11,997.51","12,073.23","11,909.36","","+1.42%"
"May 22, 2024","11,855.34","11,997.23","11,997.23","11,854.58","","-1.42%"
"May 21, 2024","12,026.14","12,235.23","12,239.66","12,000.43","","-1.08%"
"May 20, 2024","12,157.08","12,073.39","12,249.54","12,057.65","","+0.13%"
"May 17, 2024","12,140.83","12,172.72","12,203.31","12,101.04","","-1.16%"
"May 16, 2024","12,282.71","12,309.07","12,407.14","12,190.75","","+0.81%"
"May 15, 2024","12,183.69","11,920.20","12,203.90","11,843.06","","+2.65%"
"May 14, 2024","11,869.42","12,008.77","12,008.77","11,796.54","","-0.43%"
"May 13, 2024","11,920.85","11,717.27","11,920.85","11,701.87","","+2.38%"
"May 10, 2024","11,643.57","11,644.38","11,795.39","11,590.43","","+0.30%"
"May 09, 2024","11,609.04","11,576.15","11,730.25","11,556.62","","+0.14%"
"May 08, 2024","11,592.93","11,746.32","11,771.48","11,579.90","","-1.40%"
"May 07, 2024","11,757.81","11,795.88","11,795.88","11,651.87","","+0.92%"
"May 02, 2024","11,650.32","11,552.88","11,652.12","11,533.94","","-0.03%"
"May 01, 2024","11,654.12","11,626.64","11,705.21","11,594.98","","-0.37%"
"Apr 30, 2024","11,696.99","11,707.72","11,803.74","11,640.37","","+1.56%"
"Apr 26, 2024","11,517.11","11,388.28","11,527.87","11,336.71","","+0.21%"
"Apr 25, 2024","11,492.86","11,615.47","11,650.67","11,481.10","","-2.24%"
"Apr 24, 2024","11,756.59","11,425.93","11,771.54","11,419.49","","+4.31%"
"Apr 23, 2024","11,271.03","11,340.34","11,383.88","11,209.62","","+0.21%"
"Apr 22, 2024","11,247.72","11,174.88","11,277.80","11,135.46","","+1.86%"
"Apr 19, 2024","11,042.43","11,198.87","11,235.26","10,916.41","","-2.75%"
"Apr 18, 2024","11,354.99","11,246.56","11,424.59","11,240.07","","+0.15%"
"Apr 17, 2024","11,338.33","11,420.54","11,450.86","11,294.23","","-0.37%"
"Apr 16, 2024","11,380.91","11,182.07","11,430.64","11,136.82","","+1.64%"
"Apr 15, 2024","11,196.98","11,116.01","11,218.33","11,060.94","","-0.11%"
"Apr 12, 2024","11,208.89","11,167.82","11,298.22","11,160.02","","+0.68%"
"Apr 11, 2024","11,133.41","11,048.94","11,161.66","10,997.19","","-0.97%"
"Apr 10, 2024","11,242.46","11,324.70","11,339.25","11,236.48","","-0.88%"
"Apr 09, 2024","11,342.05","11,363.31","11,386.97","11,251.61","","-0.03%"
"Apr 08, 2024","11,345.42","11,376.18","11,471.22","11,336.61","","+0.55%"
"Apr 05, 2024","11,283.59","11,472.70","11,472.70","11,259.39","","-3.22%"
"Apr 04, 2024","11,658.60","11,632.56","11,785.69","11,601.34","","+1.35%"
"Apr 03, 2024","11,503.30","11,508.71","11,642.69","11,448.45","","-1.66%"
"Apr 02, 2024","11,697.79","11,795.02","11,853.54","11,660.62","","-1.19%"
"Apr 01, 2024","11,838.15","11,955.23","11,973.45","11,737.12","","-0.19%"
"Mar 29, 2024","11,860.52","11,888.60","11,906.47","11,828.42","","+0.15%"
"Mar 28, 2024","11,842.74","11,969.86","11,994.54","11,805.68","","-1.60%"
"Mar 27, 2024","12,034.77","11,957.15","12,114.76","11,903.94","","+0.51%"
"Mar 26, 2024","11,974.03","11,841.92","12,002.62","11,829.08","","+0.11%"
"Mar 25, 2024","11,960.86","12,145.39","12,153.77","11,960.86","","-2.61%"
"Mar 22, 2024","12,281.38","12,376.36","12,399.18","12,188.70","","-0.66%"
"Mar 21, 2024","12,363.05","12,372.52","12,424.17","12,297.92","","+1.39%"
"Mar 19, 2024","12,193.36","12,090.32","12,193.36","11,991.71","","+0.03%"
"Mar 18, 2024","12,189.80","11,989.24","12,217.96","11,946.43","","+2.01%"
"Mar 15, 2024","11,949.46","11,917.55","11,963.47","11,848.30","","+0.38%"
"Mar 14, 2024","11,903.69","11,892.46","11,935.33","11,787.97","","-0.08%"
"Mar 13, 2024","11,912.88","11,985.38","12,060.95","11,817.15","","-0.34%"
"Mar 12, 2024","11,953.16","11,950.76","11,972.78","11,798.54","","-1.06%"
"Mar 11, 2024","12,081.49","12,186.96","12,194.22","11,954.19","","-1.77%"
"Mar 08, 2024","12,298.59","12,244.57","12,394.19","12,180.70","","+0.54%"
"Mar 07, 2024","12,232.01","12,325.21","12,396.80","12,232.01","","-0.33%"
"Mar 06, 2024","12,272.62","12,187.79","12,306.36","12,172.38","","-0.50%"
"Mar 05, 2024","12,333.99","12,249.58","12,383.93","12,228.18","","+0.01%"
"Mar 04, 2024","12,332.83","12,409.42","12,549.48","12,320.51","","+0.16%"
"Mar 01, 2024","12,312.67","12,085.75","12,316.49","12,085.75","","+1.64%"
"Feb 29, 2024","12,113.79","11,941.12","12,178.15","11,938.89","","+0.82%"
"Feb 28, 2024","12,014.80","12,062.34","12,087.10","11,912.51","","-0.03%"
"Feb 27, 2024","12,018.22","12,059.07","12,172.49","11,990.62","","-0.44%"
"Feb 26, 2024","12,071.23","11,939.45","12,088.59","11,921.04","","+1.42%"
"Feb 22, 2024","11,902.23","11,767.20","11,924.12","11,692.76","","+1.58%"
"Feb 21, 2024","11,717.51","11,631.24","11,786.33","11,586.96","","+0.24%"
"Feb 20, 2024","11,689.56","11,677.87","11,743.68","11,631.39","","-0.19%"
"Feb 19, 2024","11,712.19","11,671.08","11,734.71","11,638.90","","+0.30%"
"Feb 16, 2024","11,677.13","11,564.44","11,784.85","11,552.01","","+1.66%"
"Feb 15, 2024","11,486.46","11,445.25","11,517.20","11,253.48","","+0.23%"
"Feb 14, 2024","11,460.53","11,500.96","11,500.96","11,340.31","","-1.17%"
"Feb 13, 2024","11,596.31","11,473.36","11,614.05","11,400.14","","+1.11%"
"Feb 09, 2024","11,469.18","11,521.91","11,628.09","11,469.18","","-0.38%"
"Feb 08, 2024","11,513.12","11,481.67","11,585.93","11,381.72","","+0.82%"
"Feb 07, 2024","11,419.15","11,340.35","11,438.87","11,265.20","","+0.85%"
"Feb 06, 2024","11,322.54","11,386.24","11,416.72","11,322.54","","-1.24%"
"Feb 05, 2024","11,464.85","11,543.72","11,545.68","11,400.14","","+0.30%"
"Feb 02, 2024","11,430.80","11,637.60","11,645.37","11,393.72","","-0.33%"
"Feb 01, 2024","11,468.78","11,539.65","11,620.76","11,367.98","","-1.37%"
"Jan 31, 2024","11,628.21","11,441.34","11,628.97","11,397.84","","+1.41%"
"Jan 30, 2024","11,466.17","11,562.93","11,562.93","11,454.00","","+0.37%"
"Jan 29, 2024","11,423.66","11,353.41","11,437.47","11,314.93","","+0.70%"
"Jan 26, 2024","11,344.71","11,496.31","11,497.59","11,333.95","","-2.10%"
"Jan 25, 2024","11,588.54","11,511.09","11,598.59","11,454.35","","+0.90%"
"Jan 24, 2024","11,485.26","11,668.55","11,690.22","11,456.18","","-2.19%"
"Jan 23, 2024","11,742.91","11,707.20","11,900.57","11,680.98","","+1.04%"
"Jan 22, 2024","11,621.69","11,587.50","11,650.33","11,556.83","","+0.78%"
"Jan 19, 2024","11,532.02","11,475.96","11,608.64","11,467.26","","+2.38%"
"Jan 18, 2024","11,263.85","11,184.12","11,317.64","11,184.12","","-0.34%"
"Jan 17, 2024","11,301.75","11,531.47","11,594.96","11,298.75","","-1.20%"
"Jan 16, 2024","11,439.53","11,532.25","11,556.71","11,409.09","","-0.49%"
"Jan 15, 2024","11,496.18","11,426.78","11,531.68","11,377.16","","+0.37%"
"Jan 12, 2024","11,454.27","11,456.67","11,542.57","11,391.31","","+1.74%"
"Jan 11, 2024","11,257.95","11,290.00","11,373.60","11,217.77","","+0.85%"
"Jan 10, 2024","11,163.17","10,899.43","11,184.92","10,899.43","","+2.95%"
"Jan 09, 2024","10,843.17","10,812.56","11,002.92","10,811.90","","+1.70%"
"Jan 05, 2024","10,661.99","10,756.58","10,756.58","10,643.58","","-0.50%"
"Jan 04, 2024","10,715.11","10,632.34","10,725.42","10,556.87","","-1.32%"
"Dec 29, 2023","10,858.31","10,903.12","10,944.42","10,798.46","","-0.17%"
"Dec 28, 2023","10,876.59","10,837.01","10,896.19","10,799.17","","-0.08%"
"Dec 27, 2023","10,885.84","10,857.11","10,931.01","10,799.18","","+1.23%"
"Dec 26, 2023","10,753.16","10,765.20","10,803.14","10,729.30","","-0.11%"
"Dec 25, 2023","10,765.28","10,790.56","10,819.27","10,733.90","","+0.77%"
"Dec 22, 2023","10,683.25","10,702.43","10,738.74","10,658.06","","+0.44%"
"Dec 21, 2023","10,636.44","10,668.85","10,694.19","10,599.96","","-2.04%"
"Dec 20, 2023","10,857.64","10,853.70","10,943.33","10,853.70","","+0.62%"
"Dec 19, 2023","10,791.19","10,712.09","10,791.19","10,592.97","","+0.63%"
"Dec 18, 2023","10,723.78","10,663.60","10,738.66","10,639.91","","+0.10%"
"Dec 15, 2023","10,712.87","10,690.59","10,727.40","10,664.53","","+0.33%"
"Dec 14, 2023","10,677.42","10,756.95","10,796.23","10,603.69","","-0.89%"
"Dec 13, 2023","10,773.21","10,707.01","10,782.95","10,682.10","","+0.82%"
"Dec 12, 2023","10,685.18","10,834.14","10,861.13","10,658.83","","-0.34%"
"Dec 11, 2023","10,722.14","10,697.23","10,824.97","10,669.34","","+1.11%"
"Dec 08, 2023","10,604.90","10,596.89","10,651.59","10,508.90","","-0.03%"
"Dec 07, 2023","10,607.70","10,645.55","10,699.86","10,536.07","","-1.03%"
"Dec 06, 2023","10,718.46","10,528.29","10,733.07","10,522.07","","+3.18%"
"Dec 05, 2023","10,388.17","10,530.14","10,595.63","10,385.39","","-1.90%"
"Dec 04, 2023","10,589.78","10,600.96","10,637.63","10,534.96","","-0.62%"
"Dec 01, 2023","10,656.21","10,706.40","10,706.40","10,638.04","","-0.46%"
"Nov 30, 2023","10,705.82","10,683.39","10,709.01","10,601.55","","+0.08%"
"Nov 29, 2023","10,697.60","10,684.76","10,767.16","10,661.52","","-0.09%"
"Nov 28, 2023","10,707.20","10,695.80","10,717.40","10,623.00","","+0.03%"
"Nov 27, 2023","10,704.31","10,821.52","10,852.97","10,676.57","","-0.83%"
"Nov 24, 2023","10,793.70","10,785.98","10,874.63","10,763.95","","+0.95%"
"Nov 22, 2023","10,692.13","10,622.36","10,727.49","10,618.99","","+0.38%"
"Nov 21, 2023","10,651.41","10,700.73","10,700.73","10,630.92","","-0.40%"
"Nov 20, 2023","10,694.69","10,766.82","10,840.92","10,666.66","","-0.88%"
"Nov 17, 2023","10,789.49","10,662.89","10,796.66","10,652.37","","+2.19%"
"Nov 16, 2023","10,557.84","10,516.20","10,590.65","10,475.19","","+0.50%"
"Nov 15, 2023","10,505.67","10,218.93","10,505.67","10,218.72","","+4.78%"
"Nov 14, 2023","10,026.05","10,056.21","10,057.57","9,977.45","","+0.29%"
"Nov 13, 2023","9,997.06","10,025.10","10,097.09","9,979.49","","+0.64%"
"Nov 10, 2023","9,933.24","9,982.32","9,982.32","9,852.62","","-1.79%"
"Nov 09, 2023","10,113.98","10,077.50","10,150.59","10,014.74","","+1.10%"
"Nov 08, 2023","10,003.82","10,008.64","10,048.03","9,926.13","","+0.54%"
"Nov 07, 2023","9,949.82","10,088.36","10,097.76","9,941.91","","-1.84%"
"Nov 06, 2023","10,136.61","10,111.98","10,188.40","10,050.17","","+2.57%"
"Nov 02, 2023","9,882.62","9,952.43","9,976.84","9,882.62","","+0.85%"
"Nov 01, 2023","9,799.66","9,656.60","9,824.60","9,656.60","","+3.34%"
"Oct 31, 2023","9,482.79","9,343.42","9,553.53","9,335.09","","+1.08%"
"Oct 30, 2023","9,381.74","9,357.08","9,450.06","9,264.63","","-1.46%"
"Oct 27, 2023","9,521.07","9,425.86","9,558.47","9,386.51","","+1.46%"
"Oct 26, 2023","9,383.97","9,421.36","9,454.96","9,334.93","","-1.80%"
"Oct 25, 2023","9,555.94","9,630.56","9,660.93","9,528.76","","-0.44%"
"Oct 24, 2023","9,598.49","9,451.10","9,628.30","9,360.72","","+1.92%"
"Oct 23, 2023","9,418.08","9,422.34","9,469.11","9,388.24","","-0.95%"
"Oct 20, 2023","9,508.54","9,408.31","9,571.39","9,389.36","","-0.05%"
"Oct 19, 2023","9,513.08","9,576.07","9,576.07","9,479.89","","-2.72%"
"Oct 18, 2023","9,779.31","9,816.93","9,820.93","9,723.98","","-0.19%"
"Oct 17, 2023","9,797.62","9,788.13","9,891.52","9,769.29","","+1.77%"
"Oct 16, 2023","9,627.27","9,686.74","9,695.70","9,589.91","","-1.98%"
"Oct 13, 2023","9,822.03","9,846.02","9,886.71","9,789.57","","-0.79%"
"Oct 12, 2023","9,899.85","9,813.33","9,926.20","9,782.98","","+0.24%"
"Oct 11, 2023","9,875.73","9,865.18","9,954.66","9,835.92","","+0.90%"
"Oct 10, 2023","9,787.38","9,714.68","9,819.48","9,699.67","","+1.59%"
"Oct 06, 2023","9,633.86","9,672.19","9,747.47","9,626.49","","-0.67%"
"Oct 05, 2023","9,699.28","9,534.69","9,712.31","9,486.64","","+1.52%"
"Oct 04, 2023","9,553.63","9,513.91","9,653.92","9,513.50","","-0.50%"
"Oct 03, 2023","9,601.99","9,674.49","9,683.63","9,576.28","","-1.56%"
"Oct 02, 2023","9,754.12","9,883.08","9,981.48","9,747.20","","-0.90%"
"Sep 29, 2023","9,842.32","9,910.90","9,913.44","9,783.89","","+0.25%"
"Sep 28, 2023","9,817.48","9,894.81","9,900.06","9,738.91","","-1.65%"
"Sep 27, 2023","9,982.58","9,838.89","9,982.58","9,803.52","","+0.15%"
"Sep 26, 2023","9,967.41","10,068.83","10,077.50","9,951.83","","-0.75%"
"Sep 25, 2023","10,042.38","10,059.41","10,105.13","10,038.02","","+0.03%"
"Sep 22, 2023","10,039.37","10,000.18","10,094.56","10,000.18","","+0.33%"
"Sep 21, 2023","10,006.40","10,097.75","10,097.75","9,929.62","","-2.22%"
"Sep 20, 2023","10,233.83","10,336.57","10,371.46","10,229.09","","-1.73%"
"Sep 19, 2023","10,413.56","10,569.24","10,588.85","10,376.90","","-1.76%"
"Sep 15, 2023","10,599.73","10,487.67","10,640.03","10,459.30","","+1.04%"
"Sep 14, 2023","10,491.14","10,444.03","10,543.55","10,423.27","","+1.47%"
"Sep 13, 2023","10,338.69","10,374.62","10,402.14","10,284.04","","-0.87%"
"Sep 12, 2023","10,428.92","10,316.30","10,432.54","10,279.51","","+1.58%"
"Sep 11, 2023","10,266.26","10,288.83","10,357.87","10,235.25","","0.00%"
"Sep 08, 2023","10,265.86","10,360.29","10,427.39","10,234.65","","-1.54%"
"Sep 07, 2023","10,426.03","10,489.22","10,495.75","10,389.45","","-1.59%"
"Sep 06, 2023","10,594.74","10,620.51","10,654.19","10,545.28","","-0.17%"
"Sep 05, 2023","10,613.28","10,520.43","10,613.28","10,501.73","","+1.44%"
"Sep 04, 2023","10,462.18","10,499.29","10,512.07","10,414.48","","+0.15%"
"Sep 01, 2023","10,446.98","10,356.06","10,515.88","10,343.72","","+0.56%"
"Aug 31, 2023","10,388.64","10,317.38","10,421.82","10,304.90","","+0.72%"
"Aug 30, 2023","10,314.39","10,316.43","10,413.01","10,304.51","","+0.85%"
"Aug 29, 2023","10,226.99","10,181.32","10,243.65","10,172.69","","+0.42%"
"Aug 28, 2023","10,183.84","10,086.80","10,194.05","10,039.65","","+1.94%"
"Aug 25, 2023","9,990.14","9,951.01","10,083.82","9,951.01","","-0.79%"
"Aug 24, 2023","10,069.57","10,085.07","10,092.15","10,022.22","","+0.46%"
"Aug 23, 2023","10,023.39","9,972.52","10,031.84","9,942.02","","+0.23%"
"Aug 22, 2023","10,000.52","10,010.80","10,027.97","9,945.74","","+1.14%"
"Aug 21, 2023","9,887.46","9,856.96","9,945.32","9,831.14","","+0.75%"
"Aug 18, 2023","9,813.91","9,743.47","9,867.79","9,713.60","","-0.33%"
"Aug 17, 2023","9,845.92","10,007.44","10,024.53","9,795.53","","-2.56%"
"Aug 16, 2023","10,104.10","10,188.09","10,192.91","10,095.12","","-1.87%"
"Aug 15, 2023","10,296.90","10,329.22","10,341.88","10,282.79","","+0.59%"
"Aug 14, 2023","10,236.29","10,451.94","10,494.89","10,228.17","","-1.52%"
"Aug 10, 2023","10,394.51","10,532.83","10,532.92","10,230.47","","-2.58%"
"Aug 09, 2023","10,670.07","10,740.30","10,740.30","10,584.98","","-0.95%"
"Aug 08, 2023","10,771.95","10,880.94","10,904.49","10,739.31","","-0.58%"
"Aug 07, 2023","10,835.01","10,605.32","10,852.73","10,605.32","","+2.10%"
"Aug 04, 2023","10,612.07","10,555.47","10,654.31","10,523.58","","-0.23%"
"Aug 03, 2023","10,636.79","10,662.29","10,754.04","10,622.16","","-0.60%"
"Aug 02, 2023","10,701.35","10,893.94","10,894.04","10,695.07","","-3.02%"
"Aug 01, 2023","11,035.08","11,089.97","11,111.33","10,920.22","","+1.17%"
"Jul 31, 2023","10,907.27","10,740.53","10,907.81","10,687.73","","+2.99%"
"Jul 28, 2023","10,590.91","10,469.96","10,611.56","10,342.77","","-0.49%"
"Jul 27, 2023","10,643.48","10,576.41","10,652.63","10,532.84","","+0.68%"
"Jul 26, 2023","10,571.30","10,631.68","10,635.98","10,549.38","","-0.29%"
"Jul 25, 2023","10,602.54","10,540.56","10,602.54","10,521.47","","+0.33%"
"Jul 24, 2023","10,567.17","10,591.94","10,596.73","10,542.74","","+1.02%"
"Jul 21, 2023","10,460.92","10,386.10","10,543.04","10,366.63","","+0.50%"
"Jul 20, 2023","10,409.24","10,623.00","10,634.34","10,405.46","","-2.73%"
"Jul 19, 2023","10,701.79","10,760.62","10,792.65","10,661.77","","+0.58%"
"Jul 18, 2023","10,640.33","10,680.06","10,752.23","10,592.91","","+0.01%"
"Jul 14, 2023","10,639.72","10,732.66","10,757.37","10,539.98","","+0.13%"
"Jul 13, 2023","10,625.52","10,517.49","10,662.81","10,480.75","","+1.65%"
"Jul 12, 2023","10,453.52","10,543.73","10,565.82","10,428.39","","-0.91%"
"Jul 11, 2023","10,549.14","10,631.58","10,639.05","10,526.64","","+0.46%"
"Jul 10, 2023","10,500.60","10,526.90","10,595.35","10,474.20","","-0.88%"
"Jul 07, 2023","10,594.04","10,576.43","10,691.31","10,526.41","","-0.62%"
"Jul 06, 2023","10,659.72","10,808.46","10,817.15","10,650.16","","-2.09%"
"Jul 05, 2023","10,886.75","10,963.99","10,963.99","10,863.37","","-1.72%"
"Jul 04, 2023","11,076.75","11,039.32","11,137.05","11,019.64","","-0.60%"
"Jul 03, 2023","11,143.92","11,073.39","11,159.12","11,073.39","","+1.41%"
"Jun 30, 2023","10,988.59","10,911.45","11,006.37","10,850.30","","+0.02%"
"Jun 29, 2023","10,986.17","11,040.93","11,076.58","10,960.37","","+1.08%"
"Jun 28, 2023","10,868.46","10,791.04","10,868.46","10,708.00","","+1.53%"
"Jun 27, 2023","10,704.28","10,726.86","10,789.03","10,630.49","","-1.19%"
"Jun 26, 2023","10,833.00","10,826.28","10,878.15","10,744.19","","-0.35%"
"Jun 23, 2023","10,871.35","11,145.77","11,160.88","10,798.38","","-1.77%"
"Jun 22, 2023","11,067.50","11,090.01","11,184.85","11,050.14","","-0.81%"
"Jun 21, 2023","11,157.83","11,119.37","11,174.79","11,081.75","","-0.23%"
"Jun 20, 2023","11,184.01","11,095.19","11,184.01","11,039.57","","-0.10%"
"Jun 19, 2023","11,195.65","11,222.01","11,293.16","11,142.48","","+0.04%"
"Jun 16, 2023","11,191.09","11,227.60","11,231.24","11,098.56","","+0.01%"
"Jun 15, 2023","11,189.81","11,237.83","11,260.02","11,188.02","","+0.17%"
"Jun 14, 2023","11,170.45","10,992.65","11,200.33","10,992.27","","+1.27%"
"Jun 13, 2023","11,029.91","11,004.49","11,052.87","10,934.88","","+1.05%"
"Jun 12, 2023","10,915.56","10,793.82","10,933.68","10,787.87","","+1.56%"
"Jun 09, 2023","10,747.89","10,706.37","10,778.34","10,678.50","","+0.98%"
"Jun 08, 2023","10,643.57","10,781.16","10,804.09","10,581.87","","-2.59%"
"Jun 07, 2023","10,926.29","11,132.17","11,160.98","10,907.17","","-1.69%"
"Jun 06, 2023","11,113.83","11,031.24","11,127.77","11,008.63","","-0.38%"
"Jun 05, 2023","11,155.67","11,090.91","11,161.79","11,043.85","","+1.47%"
"Jun 02, 2023","10,993.53","10,888.66","11,019.75","10,888.66","","+1.46%"
"Jun 01, 2023","10,835.20","10,686.82","10,838.25","10,668.06","","+1.43%"
"May 31, 2023","10,681.97","10,667.44","10,794.81","10,614.45","","-0.25%"
"May 30, 2023","10,708.64","10,653.56","10,723.38","10,595.30","","+0.87%"
"May 29, 2023","10,615.91","10,692.21","10,713.60","10,579.87","","+1.14%"
"May 26, 2023","10,496.72","10,429.04","10,553.84","10,424.78","","+1.17%"
"May 25, 2023","10,375.14","10,298.53","10,435.74","10,298.53","","+0.30%"
"May 24, 2023","10,343.95","10,361.50","10,405.49","10,333.10","","-1.15%"
"May 23, 2023","10,463.92","10,545.97","10,588.84","10,423.88","","-0.45%"
"May 22, 2023","10,511.25","10,503.68","10,528.97","10,429.85","","-0.08%"
"May 19, 2023","10,519.90","10,470.34","10,599.94","10,436.13","","+1.43%"
"May 18, 2023","10,371.22","10,263.10","10,384.87","10,246.21","","+2.49%"
"May 17, 2023","10,118.88","10,220.06","10,232.97","10,112.50","","-1.01%"
"May 16, 2023","10,221.98","10,247.66","10,255.72","10,154.04","","+0.66%"
"May 15, 2023","10,155.21","10,239.24","10,239.24","10,038.42","","-0.86%"
"May 12, 2023","10,243.47","10,184.03","10,298.30","10,178.74","","+2.01%"
"May 11, 2023","10,041.80","10,104.67","10,137.53","10,027.97","","-0.52%"
"May 10, 2023","10,094.56","10,081.00","10,136.18","10,063.85","","-0.65%"
"May 09, 2023","10,160.92","10,068.76","10,160.92","10,005.82","","+0.33%"
"May 08, 2023","10,127.51","10,075.27","10,179.73","9,970.96","","+0.34%"
"May 02, 2023","10,093.29","9,955.18","10,094.57","9,955.18","","+1.58%"
"May 01, 2023","9,936.29","9,900.51","9,951.57","9,888.87","","+1.53%"
"Apr 28, 2023","9,786.90","9,756.36","9,803.54","9,670.05","","+1.24%"
"Apr 27, 2023","9,667.39","9,568.11","9,682.90","9,555.49","","-0.07%"
"Apr 26, 2023","9,673.96","9,704.22","9,719.95","9,635.86","","-0.98%"
"Apr 25, 2023","9,769.82","9,806.25","9,821.43","9,760.96","","+0.38%"
"Apr 24, 2023","9,732.82","9,719.60","9,765.04","9,679.25","","+0.59%"
"Apr 21, 2023","9,676.01","9,723.17","9,731.46","9,650.23","","-1.14%"
"Apr 20, 2023","9,787.29","9,719.94","9,835.10","9,707.04","","+0.12%"
"Apr 19, 2023","9,775.73","9,841.71","9,862.19","9,749.16","","-0.98%"
"Apr 18, 2023","9,872.38","9,869.39","9,910.10","9,811.06","","+0.67%"
"Apr 17, 2023","9,806.91","9,754.32","9,820.70","9,732.99","","+0.39%"
"Apr 14, 2023","9,769.12","9,740.11","9,802.46","9,740.11","","+0.35%"
"Apr 13, 2023","9,735.20","9,677.79","9,781.33","9,657.87","","+0.26%"
"Apr 12, 2023","9,710.38","9,755.89","9,783.47","9,695.05","","-0.85%"
"Apr 11, 2023","9,793.70","9,751.53","9,826.15","9,736.48","","+1.75%"
"Apr 10, 2023","9,625.37","9,625.53","9,658.03","9,588.08","","+0.51%"
"Apr 07, 2023","9,576.38","9,515.26","9,599.35","9,511.77","","+1.00%"
"Apr 06, 2023","9,481.34","9,582.95","9,589.10","9,452.74","","-1.68%"
"Apr 05, 2023","9,643.21","9,823.80","9,823.80","9,640.06","","-1.77%"
"Apr 04, 2023","9,816.79","9,711.85","9,827.57","9,708.14","","+0.78%"
"Apr 03, 2023","9,740.60","9,682.87","9,790.04","9,678.88","","+1.35%"
"Mar 31, 2023","9,610.60","9,546.72","9,635.32","9,537.50","","+2.27%"
"Mar 30, 2023","9,397.31","9,404.03","9,459.22","9,321.03","","+0.56%"
"Mar 29, 2023","9,344.52","9,267.99","9,344.52","9,204.51","","+0.67%"
"Mar 28, 2023","9,282.64","9,347.95","9,347.95","9,242.21","","-0.10%"
"Mar 27, 2023","9,291.68","9,285.69","9,304.28","9,201.38","","-0.09%"
"Mar 24, 2023","9,300.02","9,271.96","9,305.50","9,214.83","","-0.05%"
"Mar 23, 2023","9,304.94","9,281.81","9,334.46","9,221.81","","-1.15%"
"Mar 22, 2023","9,413.59","9,486.70","9,518.96","9,374.33","","+0.56%"
"Mar 20, 2023","9,360.82","9,449.15","9,511.45","9,360.82","","-1.32%"
"Mar 17, 2023","9,485.92","9,382.97","9,508.44","9,358.97","","+2.70%"
"Mar 16, 2023","9,236.65","9,089.95","9,236.65","9,025.60","","-0.33%"
"Mar 15, 2023","9,266.91","9,351.19","9,351.19","9,216.87","","-0.03%"
"Mar 14, 2023","9,270.04","9,372.54","9,380.33","9,238.88","","-2.36%"
"Mar 13, 2023","9,494.39","9,536.17","9,559.59","9,436.42","","-1.10%"
"Mar 10, 2023","9,600.12","9,560.69","9,656.89","9,560.69","","-1.12%"
"Mar 09, 2023","9,709.05","9,716.93","9,784.59","9,682.63","","+1.10%"
"Mar 08, 2023","9,603.01","9,526.70","9,622.54","9,522.97","","+0.55%"
"Mar 07, 2023","9,550.94","9,506.63","9,602.69","9,501.74","","+0.07%"
"Mar 06, 2023","9,543.94","9,481.98","9,553.36","9,475.07","","+1.94%"
"Mar 03, 2023","9,362.06","9,237.94","9,407.12","9,209.48","","+2.55%"
"Mar 02, 2023","9,128.96","9,175.39","9,178.36","9,087.34","","-0.51%"
"Mar 01, 2023","9,176.04","9,236.28","9,238.98","9,170.82","","-1.30%"
"Feb 28, 2023","9,296.90","9,268.70","9,307.17","9,226.43","","+0.65%"
"Feb 27, 2023","9,236.94","9,182.86","9,249.87","9,156.82","","+0.16%"
"Feb 24, 2023","9,222.49","9,111.74","9,259.61","9,100.86","","+1.22%"
"Feb 22, 2023","9,111.66","9,140.22","9,168.52","9,073.87","","-1.42%"
"Feb 21, 2023","9,242.97","9,224.99","9,302.92","9,195.82","","-0.30%"
"Feb 20, 2023","9,271.14","9,223.67","9,297.63","9,201.16","","-0.27%"
"Feb 17, 2023","9,295.96","9,345.29","9,381.69","9,290.79","","-1.59%"
"Feb 16, 2023","9,446.32","9,479.56","9,510.44","9,443.95","","+0.45%"
"Feb 15, 2023","9,403.83","9,474.38","9,504.46","9,363.03","","-0.95%"
"Feb 14, 2023","9,494.44","9,543.07","9,582.74","9,449.49","","+0.72%"
"Feb 13, 2023","9,426.94","9,545.47","9,554.93","9,346.58","","-2.10%"
"Feb 10, 2023","9,629.64","9,569.50","9,714.85","9,532.38","","+0.12%"
"Feb 09, 2023","9,618.39","9,589.07","9,640.60","9,574.24","","-0.29%"
"Feb 08, 2023","9,646.34","9,703.19","9,743.93","9,627.86","","-0.34%"
"Feb 07, 2023","9,678.91","9,699.07","9,766.97","9,675.04","","+0.14%"
"Feb 06, 2023","9,665.18","9,725.29","9,759.75","9,640.75","","+0.34%"
"Feb 03, 2023","9,632.24","9,569.22","9,678.66","9,543.47","","+1.63%"
"Feb 02, 2023","9,477.59","9,475.79","9,513.84","9,406.71","","+0.31%"
"Feb 01, 2023","9,448.57","9,542.08","9,569.65","9,419.43","","-1.25%"
"Jan 31, 2023","9,568.07","9,688.76","9,750.53","9,536.23","","-0.70%"
"Jan 30, 2023","9,635.24","9,639.22","9,688.59","9,610.00","","+0.46%"
"Jan 27, 2023","9,591.08","9,676.47","9,676.47","9,582.25","","-1.33%"
"Jan 26, 2023","9,720.72","9,703.19","9,779.02","9,680.68","","+1.02%"
"Jan 25, 2023","9,622.65","9,487.43","9,679.77","9,487.43","","+1.01%"
"Jan 24, 2023","9,526.76","9,407.03","9,557.41","9,390.91","","+2.10%"
"Jan 23, 2023","9,331.01","9,358.25","9,381.41","9,273.51","","+0.83%"
"Jan 20, 2023","9,254.42","9,201.10","9,260.68","9,183.72","","+0.15%"
"Jan 19, 2023","9,240.19","9,199.00","9,258.04","9,158.39","","-0.82%"
"Jan 18, 2023","9,316.23","9,075.87","9,326.87","9,041.00","","+3.88%"
"Jan 17, 2023","8,967.85","8,938.03","9,011.15","8,928.26","","+0.12%"
"Jan 16, 2023","8,956.98","8,898.24","8,974.32","8,871.72","","-0.88%"
"Jan 13, 2023","9,036.75","9,089.01","9,123.97","8,958.48","","-1.38%"
"Jan 12, 2023","9,163.22","9,212.15","9,219.85","9,120.05","","-0.44%"
"Jan 11, 2023","9,203.47","9,032.54","9,218.06","9,032.54","","+3.02%"
"Jan 10, 2023","8,933.60","9,008.36","9,032.09","8,915.11","","+0.29%"
"Jan 06, 2023","8,907.53","8,718.14","8,907.53","8,698.02","","+1.27%"
"Jan 05, 2023","8,796.07","8,782.78","8,852.68","8,756.21","","+0.05%"
"Jan 04, 2023","8,792.04","8,885.46","8,885.46","8,782.23","","-2.35%"
"Dec 30, 2022","9,003.49","9,124.36","9,153.70","8,996.06","","-0.26%"
"Dec 29, 2022","9,026.70","8,943.37","9,038.55","8,909.05","","+0.13%"
"Dec 28, 2022","9,015.15","8,935.97","9,039.82","8,924.45","","-0.34%"
"Dec 27, 2022","9,045.54","9,081.95","9,103.46","9,031.41","","+0.14%"
"Dec 26, 2022","9,033.01","9,107.18","9,107.18","9,011.66","","-0.68%"
"Dec 23, 2022","9,095.12","9,114.57","9,153.70","9,050.24","","-1.34%"
"Dec 22, 2022","9,218.81","9,204.49","9,240.75","9,136.15","","+0.72%"
"Dec 21, 2022","9,152.46","9,214.86","9,250.71","9,103.19","","-1.11%"
"Dec 20, 2022","9,255.08","9,582.68","9,627.76","9,204.90","","-3.43%"
"Dec 19, 2022","9,583.46","9,635.06","9,663.91","9,558.49","","-1.61%"
"Dec 16, 2022","9,740.64","9,754.60","9,788.70","9,721.62","","-1.53%"
"Dec 15, 2022","9,891.50","9,792.51","9,899.27","9,787.01","","-0.67%"
"Dec 14, 2022","9,957.87","9,861.73","9,957.87","9,820.47","","+1.46%"
"Dec 13, 2022","9,815.06","9,933.95","9,954.91","9,780.99","","-0.03%"
"Dec 12, 2022","9,818.06","9,715.50","9,863.57","9,714.53","","-0.21%"
"Dec 09, 2022","9,838.39","9,700.53","9,863.28","9,691.67","","+2.21%"
"Dec 08, 2022","9,625.38","9,637.59","9,654.82","9,552.46","","-0.46%"
"Dec 07, 2022","9,669.97","9,575.59","9,709.41","9,575.59","","-0.58%"
"Dec 06, 2022","9,726.50","9,697.44","9,778.34","9,681.74","","-1.07%"
"Dec 05, 2022","9,831.48","9,877.09","9,877.09","9,746.95","","-0.76%"
"Dec 02, 2022","9,906.30","9,961.16","9,961.16","9,834.92","","-2.15%"
"Dec 01, 2022","10,123.72","10,125.98","10,154.86","10,035.64","","+0.79%"
"Nov 30, 2022","10,044.06","10,042.01","10,045.15","9,969.21","","-1.24%"
"Nov 29, 2022","10,170.42","10,128.24","10,196.88","10,110.75","","-0.48%"
"Nov 28, 2022","10,219.28","10,239.49","10,261.02","10,140.73","","-0.79%"
"Nov 25, 2022","10,300.64","10,412.99","10,412.99","10,271.32","","-0.36%"
"Nov 24, 2022","10,337.78","10,331.35","10,423.53","10,331.35","","+1.35%"
"Nov 22, 2022","10,199.77","10,109.52","10,217.93","10,105.93","","+1.81%"
"Nov 21, 2022","10,018.06","9,975.46","10,026.71","9,957.61","","+0.45%"
"Nov 18, 2022","9,973.57","10,029.74","10,055.86","9,972.79","","-0.96%"
"Nov 17, 2022","10,070.04","10,086.48","10,171.30","10,061.15","","+0.20%"
"Nov 16, 2022","10,049.86","10,203.37","10,215.89","10,001.45","","-2.26%"
"Nov 15, 2022","10,282.69","10,260.95","10,357.71","10,250.85","","+0.10%"
"Nov 14, 2022","10,272.35","10,469.17","10,518.06","10,272.35","","-1.81%"
"Nov 11, 2022","10,461.89","10,210.62","10,490.67","10,188.91","","+3.63%"
"Nov 10, 2022","10,095.72","10,142.76","10,155.01","10,066.54","","-0.93%"
"Nov 09, 2022","10,190.77","10,259.43","10,322.25","10,150.93","","-1.20%"
"Nov 08, 2022","10,314.76","10,228.14","10,329.21","10,228.14","","+1.77%"
"Nov 07, 2022","10,135.43","10,029.93","10,153.19","10,029.93","","+1.95%"
"Nov 04, 2022","9,941.70","10,063.03","10,095.55","9,903.39","","-2.80%"
"Nov 02, 2022","10,228.30","10,240.23","10,291.14","10,216.93","","-1.39%"
"Nov 01, 2022","10,371.96","10,438.64","10,446.71","10,345.25","","-0.64%"
"Oct 31, 2022","10,438.30","10,294.55","10,443.42","10,294.55","","+1.22%"
"Oct 28, 2022","10,312.31","10,340.61","10,393.59","10,092.23","","-2.17%"
"Oct 27, 2022","10,541.01","10,591.41","10,666.42","10,509.19","","-0.73%"
"Oct 26, 2022","10,618.55","10,644.17","10,702.07","10,605.05","","+1.39%"
"Oct 25, 2022","10,472.58","10,476.49","10,560.33","10,446.52","","+0.82%"
"Oct 24, 2022","10,387.71","10,461.21","10,543.68","10,387.71","","+0.74%"
"Oct 21, 2022","10,311.11","10,346.32","10,379.70","10,275.79","","-0.88%"
"Oct 20, 2022","10,402.67","10,427.77","10,448.05","10,340.82","","-1.90%"
"Oct 19, 2022","10,603.82","10,524.59","10,662.40","10,524.59","","+0.44%"
"Oct 18, 2022","10,557.60","10,458.05","10,572.11","10,428.68","","+2.65%"
"Oct 17, 2022","10,285.24","10,260.55","10,298.30","10,148.93","","-1.19%"
"Oct 14, 2022","10,409.58","10,121.88","10,437.09","10,121.88","","+4.20%"
"Oct 13, 2022","9,989.60","10,129.68","10,146.60","9,989.60","","-1.24%"
"Oct 12, 2022","10,114.89","10,093.46","10,159.92","10,057.59","","+0.17%"
"Oct 11, 2022","10,097.78","10,386.48","10,392.63","10,068.02","","-4.23%"
"Oct 07, 2022","10,544.02","10,503.02","10,623.43","10,503.02","","-0.62%"
"Oct 06, 2022","10,609.80","10,562.05","10,680.47","10,538.59","","-0.06%"
"Oct 05, 2022","10,616.59","10,502.02","10,633.30","10,484.35","","+1.99%"
"Oct 04, 2022","10,409.07","10,182.51","10,429.38","10,182.51","","+4.06%"
"Oct 03, 2022","10,003.06","9,727.96","10,003.06","9,727.96","","+1.20%"
"Sep 30, 2022","9,884.07","9,908.29","9,959.60","9,767.99","","-1.08%"
"Sep 29, 2022","9,992.46","9,989.18","10,030.18","9,906.69","","+1.44%"
"Sep 28, 2022","9,850.49","9,845.96","9,957.52","9,742.51","","+0.10%"
"Sep 27, 2022","9,841.14","9,893.53","9,919.32","9,758.86","","+0.35%"
"Sep 26, 2022","9,806.88","9,988.88","9,988.88","9,806.88","","-3.50%"
"Sep 22, 2022","10,162.64","10,117.83","10,188.54","10,083.28","","-0.72%"
"Sep 21, 2022","10,236.74","10,359.06","10,389.42","10,210.31","","-1.53%"
"Sep 20, 2022","10,395.73","10,494.88","10,571.50","10,368.97","","-0.83%"
"Sep 16, 2022","10,482.99","10,465.15","10,553.05","10,460.86","","-0.81%"
"Sep 15, 2022","10,568.83","10,653.91","10,671.80","10,545.02","","-0.82%"
"Sep 14, 2022","10,656.47","10,716.99","10,779.69","10,638.03","","-2.64%"
"Sep 13, 2022","10,945.03","10,942.78","10,968.32","10,893.19","","-0.52%"
"Sep 12, 2022","11,002.33","10,952.82","11,045.62","10,915.46","","+1.99%"
"Sep 09, 2022","10,787.21","10,858.13","10,937.80","10,733.88","","-0.32%"
"Sep 08, 2022","10,821.34","10,502.10","10,821.34","10,500.44","","+3.57%"
"Sep 07, 2022","10,448.10","10,424.23","10,455.60","10,295.88","","-0.52%"
"Sep 06, 2022","10,503.07","10,490.19","10,706.99","10,487.72","","+1.26%"
"Sep 05, 2022","10,372.66","10,286.77","10,392.75","10,260.52","","+0.26%"
"Sep 02, 2022","10,345.27","10,485.38","10,511.99","10,318.52","","-0.70%"
"Sep 01, 2022","10,418.16","10,489.19","10,568.29","10,380.45","","-1.10%"
"Aug 31, 2022","10,534.42","10,439.45","10,541.09","10,419.47","","-0.35%"
"Aug 30, 2022","10,571.50","10,501.22","10,593.76","10,474.57","","+1.32%"
"Aug 29, 2022","10,433.77","10,597.72","10,599.72","10,356.75","","-3.48%"
"Aug 26, 2022","10,810.02","10,844.44","10,919.85","10,798.47","","-0.13%"
"Aug 25, 2022","10,823.82","10,858.85","10,872.97","10,751.44","","+0.77%"
"Aug 24, 2022","10,741.48","10,750.67","10,829.38","10,707.99","","-0.13%"
"Aug 23, 2022","10,754.95","10,792.84","10,832.39","10,749.71","","-1.07%"
"Aug 22, 2022","10,871.25","10,718.97","10,927.12","10,700.47","","+0.48%"
"Aug 19, 2022","10,819.13","10,856.41","10,856.41","10,773.85","","+0.49%"
"Aug 18, 2022","10,766.52","10,875.27","10,896.56","10,754.69","","-2.35%"
"Aug 17, 2022","11,025.96","10,856.92","11,029.66","10,851.92","","+1.56%"
"Aug 16, 2022","10,856.39","10,840.05","10,872.18","10,706.71","","+0.58%"
"Aug 15, 2022","10,793.82","10,719.71","10,799.35","10,681.76","","+1.58%"
"Aug 12, 2022","10,625.65","10,357.91","10,625.65","10,357.91","","+3.77%"
"Aug 10, 2022","10,240.06","10,239.12","10,301.71","10,140.99","","-1.13%"
"Aug 09, 2022","10,357.58","10,391.08","10,465.78","10,351.65","","+0.40%"
"Aug 08, 2022","10,316.55","10,322.61","10,334.53","10,263.25","","-1.34%"
"Aug 05, 2022","10,456.86","10,379.63","10,510.91","10,354.73","","+1.12%"
"Aug 04, 2022","10,340.80","10,315.37","10,348.43","10,254.43","","+0.80%"
"Aug 03, 2022","10,258.31","10,135.91","10,258.31","10,135.91","","+1.89%"
"Aug 02, 2022","10,067.77","10,273.41","10,274.15","10,037.44","","-2.80%"
"Aug 01, 2022","10,357.31","10,262.53","10,357.31","10,224.38","","+1.61%"
"Jul 29, 2022","10,193.04","10,330.23","10,331.18","10,169.93","","-0.96%"
"Jul 28, 2022","10,291.98","10,296.92","10,312.33","10,143.13","","+0.66%"
"Jul 27, 2022","10,224.49","10,166.55","10,257.64","10,164.95","","+0.67%"
"Jul 26, 2022","10,156.40","10,161.50","10,189.40","10,117.54","","-0.69%"
"Jul 25, 2022","10,227.21","10,215.84","10,253.13","10,159.78","","-0.60%"
"Jul 22, 2022","10,289.31","10,154.02","10,308.07","10,080.71","","+0.48%"
"Jul 21, 2022","10,240.21","10,125.16","10,240.21","10,111.56","","+1.12%"
"Jul 20, 2022","10,126.62","9,926.51","10,126.62","9,926.51","","+3.72%"
"Jul 19, 2022","9,763.26","9,831.80","9,831.80","9,678.02","","-0.66%"
"Jul 15, 2022","9,828.47","9,757.29","9,890.54","9,755.15","","+0.72%"
"Jul 14, 2022","9,758.64","9,528.63","9,765.38","9,528.63","","+1.25%"
"Jul 13, 2022","9,637.79","9,557.56","9,667.44","9,513.71","","+0.78%"
"Jul 12, 2022","9,563.24","9,671.19","9,671.19","9,520.57","","-1.99%"
"Jul 11, 2022","9,757.39","9,715.10","9,914.64","9,715.10","","+2.37%"
"Jul 08, 2022","9,531.26","9,504.81","9,618.45","9,446.24","","-0.12%"
"Jul 07, 2022","9,543.05","9,439.11","9,543.94","9,389.86","","+1.73%"
"Jul 06, 2022","9,380.68","9,316.22","9,424.66","9,276.28","","+0.57%"
"Jul 05, 2022","9,327.49","9,360.55","9,396.23","9,253.08","","+0.45%"
"Jul 04, 2022","9,285.57","9,239.14","9,307.79","9,192.08","","+1.09%"
"Jul 01, 2022","9,185.76","9,295.55","9,428.62","9,140.92","","-0.90%"
"Jun 30, 2022","9,268.72","9,419.12","9,438.98","9,240.79","","-1.13%"
"Jun 29, 2022","9,374.93","9,358.08","9,386.31","9,306.96","","-0.96%"
"Jun 28, 2022","9,465.77","9,382.50","9,465.77","9,356.66","","+0.21%"
"Jun 27, 2022","9,445.70","9,406.15","9,457.16","9,372.67","","+1.15%"
"Jun 24, 2022","9,337.85","9,154.94","9,364.08","9,143.99","","+1.54%"
"Jun 23, 2022","9,196.17","9,277.90","9,376.26","9,194.24","","-0.83%"
"Jun 22, 2022","9,273.32","9,415.48","9,423.96","9,255.83","","-0.34%"
"Jun 21, 2022","9,305.04","9,214.84","9,354.11","9,142.46","","+2.28%"
"Jun 20, 2022","9,097.83","9,207.39","9,227.38","9,006.14","","-0.10%"
"Jun 17, 2022","9,107.36","9,259.16","9,261.60","9,094.65","","-3.42%"
"Jun 16, 2022","9,430.21","9,493.07","9,569.04","9,420.73","","+1.17%"
"Jun 15, 2022","9,321.38","9,415.55","9,434.82","9,316.32","","-2.12%"
"Jun 14, 2022","9,523.07","9,629.88","9,635.14","9,447.22","","-2.94%"
"Jun 13, 2022","9,811.63","9,786.28","9,845.55","9,778.81","","-1.17%"
"Jun 10, 2022","9,927.94","10,020.98","10,050.98","9,905.35","","-2.12%"
"Jun 09, 2022","10,142.75","10,089.72","10,196.29","10,061.56","","-0.23%"
"Jun 08, 2022","10,166.28","10,094.29","10,172.26","10,085.46","","+1.20%"
"Jun 07, 2022","10,045.96","10,010.58","10,130.94","10,004.42","","+0.53%"
"Jun 06, 2022","9,992.59","9,830.62","10,022.06","9,820.39","","+0.64%"
"Jun 03, 2022","9,929.47","9,894.74","9,998.73","9,894.74","","+1.52%"
"Jun 02, 2022","9,781.21","9,901.38","9,901.38","9,699.25","","-1.70%"
"Jun 01, 2022","9,950.47","9,887.71","9,999.07","9,874.56","","-0.32%"
"May 31, 2022","9,982.17","9,965.28","10,077.89","9,957.20","","-1.01%"
"May 30, 2022","10,084.19","10,018.22","10,155.34","10,018.22","","+2.11%"
"May 27, 2022","9,875.35","9,914.90","9,966.60","9,803.62","","+0.69%"
"May 26, 2022","9,807.88","9,854.04","9,973.10","9,788.33","","-0.74%"
"May 25, 2022","9,880.76","9,792.74","10,011.40","9,792.74","","+1.08%"
"May 24, 2022","9,775.66","9,856.27","9,917.59","9,774.11","","-0.70%"
"May 23, 2022","9,844.84","9,837.40","9,870.12","9,761.17","","+1.31%"
"May 20, 2022","9,717.50","9,534.67","9,726.75","9,484.42","","+2.84%"
"May 19, 2022","9,448.88","9,440.19","9,475.55","9,335.39","","-1.88%"
"May 18, 2022","9,629.89","9,569.41","9,651.94","9,557.96","","+1.44%"
"May 17, 2022","9,493.36","9,397.46","9,509.43","9,318.11","","+0.22%"
"May 16, 2022","9,472.69","9,647.12","9,647.12","9,411.68","","-1.09%"
"May 13, 2022","9,576.72","9,264.05","9,609.16","9,261.62","","+5.10%"
"May 12, 2022","9,112.40","9,017.45","9,205.40","9,016.05","","+0.44%"
"May 11, 2022","9,072.45","8,928.87","9,143.16","8,928.87","","+1.13%"
"May 10, 2022","8,971.35","8,900.71","9,006.10","8,836.66","","-1.04%"
"May 09, 2022","9,065.88","9,155.47","9,260.86","9,065.70","","-2.22%"
"May 06, 2022","9,271.65","9,209.97","9,291.86","9,083.64","","+0.37%"
"May 02, 2022","9,237.21","9,322.99","9,341.55","9,150.29","","-0.69%"
"Apr 28, 2022","9,301.42","9,115.25","9,310.11","9,073.65","","+1.96%"
"Apr 27, 2022","9,122.24","9,149.18","9,149.18","8,964.29","","-1.67%"
"Apr 26, 2022","9,277.43","9,317.07","9,365.27","9,245.44","","-0.08%"
"Apr 25, 2022","9,284.96","9,213.08","9,316.11","9,182.85","","-0.88%"
"Apr 22, 2022","9,367.30","9,356.75","9,395.10","9,268.37","","-1.75%"
"Apr 21, 2022","9,533.88","9,445.79","9,573.23","9,436.00","","+1.60%"
"Apr 20, 2022","9,383.89","9,367.54","9,535.57","9,360.84","","+1.63%"
"Apr 19, 2022","9,233.23","9,226.19","9,308.86","9,190.20","","+1.63%"
"Apr 18, 2022","9,084.96","9,135.11","9,155.31","8,988.76","","-1.20%"
"Apr 15, 2022","9,195.60","9,221.19","9,256.20","9,134.77","","-1.99%"
"Apr 14, 2022","9,381.93","9,398.92","9,419.71","9,332.95","","+0.27%"
"Apr 13, 2022","9,356.35","9,274.84","9,414.15","9,273.65","","+2.05%"
"Apr 12, 2022","9,168.40","9,295.88","9,327.46","9,168.40","","-3.01%"
"Apr 11, 2022","9,452.91","9,551.91","9,566.68","9,398.53","","-2.27%"
"Apr 08, 2022","9,672.14","9,628.82","9,708.08","9,572.34","","+1.73%"
"Apr 07, 2022","9,507.59","9,531.96","9,554.20","9,430.07","","-1.40%"
"Apr 06, 2022","9,642.76","9,669.29","9,722.83","9,571.83","","-1.23%"
"Apr 05, 2022","9,762.64","9,839.11","9,852.84","9,690.70","","+0.54%"
"Apr 04, 2022","9,710.27","9,577.99","9,710.27","9,555.47","","+2.25%"
"Apr 01, 2022","9,496.69","9,429.42","9,551.62","9,355.59","","-0.19%"
"Mar 31, 2022","9,514.73","9,618.43","9,645.65","9,514.73","","-0.53%"
"Mar 30, 2022","9,565.05","9,723.62","9,730.60","9,493.63","","-0.53%"
"Mar 29, 2022","9,615.91","9,609.05","9,615.91","9,513.96","","+1.15%"
"Mar 28, 2022","9,506.65","9,514.39","9,556.83","9,450.58","","-0.80%"
"Mar 25, 2022","9,583.15","9,654.69","9,654.80","9,510.58","","+0.24%"
"Mar 24, 2022","9,559.97","9,454.96","9,559.97","9,360.48","","-0.60%"
"Mar 23, 2022","9,617.77","9,408.80","9,640.10","9,393.95","","+3.59%"
"Mar 22, 2022","9,284.55","9,291.06","9,340.39","9,248.23","","+0.24%"
"Mar 18, 2022","9,262.57","9,212.08","9,295.44","9,176.24","","+1.17%"
"Mar 17, 2022","9,155.53","8,903.56","9,181.28","8,902.91","","+5.08%"
"Mar 16, 2022","8,713.04","8,693.35","8,746.92","8,572.38","","+1.30%"
"Mar 15, 2022","8,601.54","8,580.01","8,700.83","8,544.56","","-0.76%"
"Mar 14, 2022","8,667.29","8,693.20","8,825.77","8,658.25","","-1.08%"
"Mar 11, 2022","8,762.23","8,950.07","8,995.20","8,701.01","","-3.45%"
"Mar 10, 2022","9,075.52","8,829.59","9,075.52","8,829.59","","+5.07%"
"Mar 09, 2022","8,637.33","8,674.73","8,735.76","8,615.52","","-1.62%"
"Mar 08, 2022","8,779.15","8,696.76","8,933.45","8,683.26","","-0.30%"
"Mar 07, 2022","8,805.70","9,063.94","9,065.50","8,766.40","","-4.72%"
"Mar 04, 2022","9,241.95","9,391.93","9,416.54","9,150.50","","-2.28%"
"Mar 03, 2022","9,457.11","9,503.95","9,505.09","9,349.96","","+0.51%"
"Mar 02, 2022","9,409.31","9,622.46","9,622.46","9,409.31","","-3.48%"
"Mar 01, 2022","9,748.95","9,758.27","9,847.41","9,725.71","","+0.87%"
"Feb 28, 2022","9,664.60","9,684.65","9,694.15","9,564.31","","+0.34%"
"Feb 25, 2022","9,631.63","9,483.05","9,648.39","9,450.44","","+1.61%"
"Feb 24, 2022","9,478.95","9,510.66","9,604.91","9,403.57","","-0.87%"
"Feb 22, 2022","9,561.88","9,457.69","9,590.36","9,388.11","","-0.82%"
"Feb 21, 2022","9,641.13","9,554.12","9,689.07","9,470.20","","-1.13%"
"Feb 18, 2022","9,751.52","9,651.20","9,800.02","9,540.23","","-0.89%"
"Feb 17, 2022","9,839.09","9,926.36","9,926.36","9,777.40","","-0.96%"
"Feb 16, 2022","9,934.44","9,899.00","9,952.02","9,859.97","","+2.13%"
"Feb 15, 2022","9,727.10","9,633.33","9,791.71","9,633.33","","+0.14%"
"Feb 14, 2022","9,713.56","9,847.71","9,847.71","9,627.60","","-3.45%"
"Feb 10, 2022","10,060.77","10,093.37","10,119.77","10,014.89","","-0.52%"
"Feb 09, 2022","10,113.65","9,902.89","10,163.78","9,897.47","","+3.51%"
"Feb 08, 2022","9,770.39","9,958.53","9,979.36","9,752.83","","-1.48%"
"Feb 07, 2022","9,917.42","10,174.45","10,182.48","9,836.84","","-2.59%"
"Feb 04, 2022","10,181.06","10,069.56","10,268.85","10,069.56","","+0.42%"
"Feb 03, 2022","10,138.71","10,123.17","10,268.93","10,092.37","","+0.01%"
"Feb 02, 2022","10,137.89","10,091.96","10,218.00","9,995.07","","+2.17%"
"Feb 01, 2022","9,922.96","10,035.08","10,186.69","9,825.03","","+0.21%"
"Jan 31, 2022","9,902.15","9,670.13","9,974.43","9,588.50","","+3.83%"
"Jan 28, 2022","9,536.64","9,527.63","9,671.58","9,445.60","","+1.33%"
"Jan 27, 2022","9,411.73","9,850.13","9,852.22","9,362.24","","-4.15%"
"Jan 26, 2022","9,819.72","9,775.18","9,895.04","9,759.69","","+1.38%"
"Jan 25, 2022","9,686.24","9,906.73","9,918.09","9,580.90","","-2.46%"
"Jan 24, 2022","9,930.86","9,865.33","9,946.72","9,787.77","","-1.02%"
"Jan 21, 2022","10,033.20","9,922.41","10,064.50","9,881.06","","+0.15%"
"Jan 20, 2022","10,017.88","9,929.42","10,059.05","9,797.38","","+2.35%"
"Jan 19, 2022","9,787.46","10,077.92","10,140.27","9,741.72","","-4.34%"
"Jan 18, 2022","10,231.53","10,254.81","10,375.77","10,178.35","","+0.72%"
"Jan 17, 2022","10,158.79","10,183.37","10,232.91","10,109.33","","+1.38%"
"Jan 14, 2022","10,020.82","10,199.77","10,203.07","9,934.51","","-1.48%"
"Jan 13, 2022","10,171.75","10,458.75","10,468.71","10,167.83","","-3.64%"
"Jan 12, 2022","10,556.15","10,450.48","10,565.37","10,443.92","","+1.08%"
"Jan 11, 2022","10,442.99","10,555.28","10,626.25","10,402.09","","-1.26%"
"Jan 07, 2022","10,576.50","10,739.16","10,739.16","10,488.18","","-0.11%"
"Jan 06, 2022","10,587.99","10,897.42","10,922.86","10,587.06","","-4.23%"
"Jan 05, 2022","11,056.11","11,362.75","11,372.88","11,032.69","","-3.92%"
"Jan 04, 2022","11,507.25","11,393.91","11,510.77","11,313.26","","+2.43%"
"Dec 30, 2021","11,234.20","11,209.44","11,290.85","11,135.39","","-0.06%"
"Dec 29, 2021","11,241.37","11,261.18","11,295.95","11,161.51","","-0.72%"
"Dec 28, 2021","11,322.91","11,180.63","11,324.13","11,180.63","","+2.25%"
"Dec 27, 2021","11,073.64","11,185.80","11,185.80","11,046.21","","-0.82%"
"Dec 24, 2021","11,164.92","11,159.50","11,204.49","11,143.59","","+0.27%"
"Dec 23, 2021","11,134.60","11,142.38","11,142.38","11,033.98","","+1.41%"
"Dec 22, 2021","10,979.64","11,030.27","11,030.27","10,907.25","","+0.25%"
"Dec 21, 2021","10,952.62","10,785.22","10,967.76","10,763.31","","+1.19%"
"Dec 20, 2021","10,823.89","10,989.69","11,059.24","10,805.42","","-2.23%"
"Dec 17, 2021","11,070.28","11,367.52","11,388.26","11,036.72","","-3.42%"
"Dec 16, 2021","11,462.58","11,307.37","11,474.81","11,303.52","","+2.85%"
"Dec 15, 2021","11,144.44","11,138.13","11,256.30","11,103.78","","-0.97%"
"Dec 14, 2021","11,254.13","11,284.82","11,350.21","11,221.65","","-0.02%"
"Dec 13, 2021","11,256.07","11,306.06","11,399.78","11,253.34","","+0.17%"
"Dec 10, 2021","11,236.45","11,362.55","11,383.03","11,225.19","","-2.03%"
"Dec 09, 2021","11,469.24","11,576.48","11,590.84","11,469.24","","-1.23%"
"Dec 08, 2021","11,611.81","11,497.18","11,639.33","11,407.02","","+2.77%"
"Dec 07, 2021","11,299.26","11,222.25","11,356.16","11,104.02","","+1.15%"
"Dec 06, 2021","11,170.32","11,376.24","11,407.16","11,168.16","","-1.53%"
"Dec 03, 2021","11,343.85","11,200.97","11,343.85","11,076.65","","+2.03%"
"Dec 02, 2021","11,117.80","11,359.82","11,372.84","11,117.80","","-1.79%"
"Dec 01, 2021","11,319.99","11,355.56","11,387.86","11,156.32","","+0.16%"
"Nov 30, 2021","11,302.08","11,458.49","11,586.33","11,262.77","","-0.04%"
"Nov 29, 2021","11,306.86","11,403.44","11,522.76","11,291.47","","-2.26%"
"Nov 26, 2021","11,567.83","11,766.61","11,782.96","11,542.73","","-1.58%"
"Nov 25, 2021","11,753.98","11,785.28","11,819.15","11,752.41","","+0.63%"
"Nov 24, 2021","11,680.48","11,813.76","11,813.91","11,639.74","","-2.09%"
"Nov 22, 2021","11,930.08","11,990.63","11,990.63","11,890.41","","+0.10%"
"Nov 19, 2021","11,918.31","11,785.83","11,946.23","11,785.83","","+1.47%"
"Nov 18, 2021","11,746.06","11,719.64","11,791.59","11,665.91","","+0.47%"
"Nov 17, 2021","11,690.66","11,620.20","11,702.44","11,572.35","","+1.67%"
"Nov 16, 2021","11,498.95","11,503.58","11,532.48","11,445.54","","-0.29%"
"Nov 15, 2021","11,532.72","11,518.45","11,558.79","11,447.55","","+0.43%"
"Nov 12, 2021","11,483.14","11,499.46","11,588.13","11,456.76","","+0.83%"
"Nov 11, 2021","11,389.08","11,319.69","11,458.69","11,298.05","","+0.75%"
"Nov 10, 2021","11,303.92","11,369.95","11,433.47","11,288.56","","-1.26%"
"Nov 09, 2021","11,448.10","11,604.03","11,650.25","11,425.68","","-1.38%"
"Nov 08, 2021","11,607.81","11,549.14","11,652.53","11,489.58","","+1.10%"
"Nov 05, 2021","11,482.06","11,635.62","11,664.85","11,380.78","","-1.32%"
"Nov 04, 2021","11,635.36","11,608.82","11,677.23","11,506.77","","+1.94%"
"Nov 02, 2021","11,414.25","11,414.12","11,485.71","11,379.12","","-1.01%"
"Nov 01, 2021","11,530.40","11,373.47","11,532.03","11,351.78","","+3.41%"
"Oct 29, 2021","11,149.75","11,169.36","11,202.47","10,953.32","","-0.27%"
"Oct 28, 2021","11,180.37","11,305.84","11,379.50","11,164.25","","-1.81%"
"Oct 27, 2021","11,386.65","11,359.53","11,430.36","11,274.96","","-0.12%"
"Oct 26, 2021","11,399.94","11,348.42","11,401.44","11,290.14","","+0.77%"
"Oct 25, 2021","11,312.30","11,234.06","11,361.93","11,191.63","","-0.49%"
"Oct 22, 2021","11,367.50","11,198.89","11,443.64","11,198.89","","+1.32%"
"Oct 21, 2021","11,219.77","11,377.14","11,386.86","11,197.48","","-2.01%"
"Oct 20, 2021","11,449.42","11,665.08","11,665.08","11,449.30","","-1.05%"
"Oct 19, 2021","11,570.39","11,415.86","11,575.53","11,415.86","","+2.29%"
"Oct 18, 2021","11,311.80","11,413.11","11,413.11","11,238.92","","-0.83%"
"Oct 15, 2021","11,406.30","11,281.88","11,422.20","11,220.31","","+2.32%"
"Oct 14, 2021","11,147.36","11,058.94","11,158.69","11,021.78","","+1.81%"
"Oct 13, 2021","10,949.27","10,989.58","11,045.12","10,944.77","","-0.33%"
"Oct 12, 2021","10,985.65","11,049.90","11,052.07","10,931.93","","-0.65%"
"Oct 11, 2021","11,057.41","10,845.51","11,057.43","10,759.57","","+1.41%"
"Oct 08, 2021","10,903.96","10,934.25","10,963.40","10,852.21","","+1.44%"
"Oct 07, 2021","10,748.79","10,862.19","10,927.21","10,722.99","","-0.18%"
"Oct 06, 2021","10,768.59","10,851.88","11,001.69","10,704.59","","+0.27%"
"Oct 05, 2021","10,739.23","10,835.93","10,835.93","10,680.40","","-2.94%"
"Oct 04, 2021","11,064.40","11,333.49","11,335.61","11,015.41","","-1.53%"
"Oct 01, 2021","11,236.25","11,511.92","11,521.86","11,204.66","","-2.67%"
"Sep 30, 2021","11,543.91","11,461.78","11,597.69","11,457.69","","+0.15%"
"Sep 29, 2021","11,526.99","11,673.85","11,685.88","11,435.74","","-3.07%"
"Sep 28, 2021","11,891.89","11,908.10","11,946.25","11,772.00","","-1.43%"
"Sep 27, 2021","12,064.56","12,128.65","12,129.11","12,014.94","","-0.64%"
"Sep 24, 2021","12,142.54","11,890.09","12,156.18","11,878.27","","+3.01%"
"Sep 22, 2021","11,788.11","11,849.49","11,900.40","11,758.27","","-0.71%"
"Sep 21, 2021","11,872.06","11,832.65","11,924.05","11,797.79","","-1.69%"
"Sep 17, 2021","12,075.79","12,116.86","12,122.33","12,036.44","","-0.51%"
"Sep 16, 2021","12,138.16","12,146.49","12,189.62","12,069.16","","+0.39%"
"Sep 15, 2021","12,090.58","12,177.82","12,177.82","12,027.18","","-1.30%"
"Sep 14, 2021","12,250.36","12,082.06","12,260.63","12,036.53","","+1.62%"
"Sep 13, 2021","12,054.79","11,897.42","12,060.36","11,896.38","","+0.84%"
"Sep 10, 2021","11,953.91","11,715.77","11,956.41","11,715.77","","+1.11%"
"Sep 09, 2021","11,823.02","11,896.07","11,930.88","11,800.47","","-0.93%"
"Sep 08, 2021","11,933.67","11,799.60","11,933.67","11,777.52","","+1.30%"
"Sep 07, 2021","11,780.89","11,762.98","11,856.89","11,729.31","","+0.78%"
"Sep 06, 2021","11,689.20","11,625.82","11,750.43","11,625.82","","+0.99%"
"Sep 03, 2021","11,574.97","11,473.32","11,594.18","11,417.83","","+1.03%"
"Sep 02, 2021","11,457.19","11,341.16","11,457.19","11,329.57","","+0.69%"
"Sep 01, 2021","11,379.18","11,247.88","11,379.18","11,197.87","","+1.12%"
"Aug 31, 2021","11,252.85","11,069.51","11,310.57","11,059.85","","+1.87%"
"Aug 30, 2021","11,046.03","10,983.98","11,046.03","10,904.55","","+1.23%"
"Aug 27, 2021","10,912.21","10,986.92","10,986.92","10,880.05","","-1.45%"
"Aug 26, 2021","11,073.14","11,069.94","11,084.57","10,990.99","","+0.22%"
"Aug 25, 2021","11,049.04","11,032.43","11,077.40","11,003.53","","+0.29%"
"Aug 24, 2021","11,016.56","11,032.90","11,085.25","10,994.79","","+0.03%"
"Aug 23, 2021","11,013.79","10,875.01","11,043.63","10,875.01","","+2.29%"
"Aug 20, 2021","10,767.41","10,752.51","10,924.05","10,736.05","","+0.06%"
"Aug 19, 2021","10,760.52","10,711.00","10,800.04","10,693.08","","-0.28%"
"Aug 18, 2021","10,791.02","10,754.88","10,832.04","10,701.89","","+0.57%"
"Aug 17, 2021","10,729.63","10,810.71","10,860.98","10,723.93","","-0.42%"
"Aug 16, 2021","10,775.34","10,816.49","10,838.63","10,706.66","","-0.72%"
"Aug 13, 2021","10,853.60","10,922.02","10,974.41","10,844.00","","+0.26%"
"Aug 12, 2021","10,825.31","10,887.64","10,965.31","10,803.58","","-0.52%"
"Aug 11, 2021","10,882.19","10,865.36","10,934.70","10,836.49","","-0.15%"
"Aug 10, 2021","10,899.08","10,775.17","11,020.74","10,775.17","","+0.78%"
"Aug 06, 2021","10,814.39","10,737.22","10,922.65","10,737.22","","+0.99%"
"Aug 05, 2021","10,708.73","10,527.53","10,711.58","10,522.71","","+1.65%"
"Aug 04, 2021","10,534.46","10,585.59","10,605.11","10,516.59","","-0.37%"
"Aug 03, 2021","10,573.21","10,435.88","10,581.45","10,435.88","","+0.99%"
"Aug 02, 2021","10,469.70","10,371.60","10,507.36","10,362.84","","+2.85%"
"Jul 30, 2021","10,179.64","10,267.67","10,323.26","10,125.13","","-1.43%"
"Jul 29, 2021","10,327.80","10,296.45","10,329.75","10,217.22","","+1.98%"
"Jul 28, 2021","10,126.86","10,079.06","10,132.54","10,053.01","","+0.09%"
"Jul 27, 2021","10,117.92","10,177.65","10,188.45","10,092.04","","-0.03%"
"Jul 26, 2021","10,120.63","10,105.82","10,204.61","10,093.67","","+2.04%"
"Jul 21, 2021","9,918.10","9,926.42","9,996.44","9,881.47","","+0.65%"
"Jul 20, 2021","9,853.88","9,694.76","9,885.06","9,693.26","","+0.70%"
"Jul 19, 2021","9,785.36","9,764.20","9,827.05","9,741.90","","-0.94%"
"Jul 16, 2021","9,878.25","9,911.75","9,972.16","9,859.78","","-1.38%"
"Jul 15, 2021","10,015.99","10,156.54","10,184.88","9,980.85","","-1.65%"
"Jul 14, 2021","10,183.75","10,164.96","10,237.59","10,116.84","","-0.28%"
"Jul 13, 2021","10,212.22","10,216.62","10,299.27","10,189.06","","+0.43%"
"Jul 12, 2021","10,168.93","10,199.63","10,272.26","10,115.10","","+1.27%"
"Jul 09, 2021","10,041.37","9,966.15","10,072.57","9,859.80","","-0.56%"
"Jul 08, 2021","10,097.87","10,105.77","10,171.92","10,070.49","","-0.83%"
"Jul 07, 2021","10,182.09","10,104.51","10,261.06","10,054.95","","+0.48%"
"Jul 06, 2021","10,133.84","10,091.16","10,161.88","10,063.27","","+0.60%"
"Jul 05, 2021","10,073.55","10,078.28","10,102.91","10,011.74","","+0.15%"
"Jul 02, 2021","10,058.05","10,069.71","10,134.13","10,045.56","","+0.15%"
"Jul 01, 2021","10,042.68","10,061.59","10,100.64","10,012.60","","-0.31%"
"Jun 30, 2021","10,073.60","10,138.19","10,195.65","10,072.66","","-0.87%"
"Jun 29, 2021","10,162.14","10,155.35","10,202.48","10,087.52","","+0.12%"
"Jun 28, 2021","10,150.19","10,247.09","10,257.14","10,117.90","","-0.39%"
"Jun 25, 2021","10,190.16","10,268.68","10,288.71","10,162.73","","-0.16%"
"Jun 24, 2021","10,206.92","10,123.60","10,212.89","10,091.72","","+0.57%"
"Jun 23, 2021","10,148.61","10,184.80","10,284.68","10,148.61","","+0.38%"
"Jun 22, 2021","10,109.73","10,032.54","10,111.39","10,026.01","","+2.28%"
"Jun 21, 2021","9,884.57","9,995.43","10,062.27","9,811.47","","-2.25%"
"Jun 18, 2021","10,112.37","10,206.98","10,225.17","10,108.97","","+0.78%"
"Jun 17, 2021","10,034.38","10,068.92","10,092.86","10,000.24","","-1.26%"
"Jun 16, 2021","10,162.06","10,091.25","10,177.55","10,071.85","","+0.69%"
"Jun 15, 2021","10,092.58","10,051.96","10,119.49","10,046.68","","+1.38%"
"Jun 14, 2021","9,955.16","10,021.36","10,047.00","9,894.67","","-0.07%"
"Jun 11, 2021","9,962.55","9,969.63","10,050.30","9,930.35","","+0.42%"
"Jun 10, 2021","9,920.87","9,819.15","9,976.88","9,815.61","","+1.14%"
"Jun 09, 2021","9,809.28","9,883.63","9,888.51","9,805.31","","-0.63%"
"Jun 08, 2021","9,871.44","9,897.22","9,947.72","9,847.55","","+0.28%"
"Jun 07, 2021","9,843.39","9,845.41","9,890.20","9,802.52","","+0.91%"
"Jun 04, 2021","9,754.63","9,702.52","9,777.91","9,672.15","","-0.20%"
"Jun 03, 2021","9,774.38","9,680.97","9,850.19","9,680.97","","+0.86%"
"Jun 02, 2021","9,691.31","9,728.20","9,784.98","9,654.18","","-1.51%"
"Jun 01, 2021","9,839.83","9,861.83","9,908.99","9,762.15","","-0.23%"
"May 31, 2021","9,862.36","9,949.81","10,091.59","9,856.49","","-1.07%"
"May 28, 2021","9,968.97","9,924.03","10,024.21","9,917.46","","+2.21%"
"May 27, 2021","9,753.82","9,797.29","9,895.40","9,752.70","","-1.00%"
"May 26, 2021","9,852.82","9,790.24","9,926.72","9,775.52","","-0.33%"
"May 25, 2021","9,885.00","9,843.18","9,893.40","9,808.38","","+0.15%"
"May 24, 2021","9,870.49","9,719.22","9,886.14","9,714.26","","+0.65%"
"May 21, 2021","9,806.65","9,749.96","9,936.93","9,749.96","","+1.74%"
"May 20, 2021","9,638.92","9,576.00","9,715.82","9,560.71","","+0.31%"
"May 19, 2021","9,609.35","9,501.06","9,609.35","9,403.08","","+1.14%"
"May 18, 2021","9,501.02","9,330.12","9,526.39","9,330.12","","+2.83%"
"May 17, 2021","9,239.52","9,289.47","9,300.48","9,206.88","","+0.72%"
"May 14, 2021","9,173.81","8,982.57","9,234.73","8,972.14","","+3.60%"
"May 13, 2021","8,854.82","9,116.20","9,139.39","8,842.59","","-3.77%"
"May 12, 2021","9,201.81","9,266.91","9,342.02","9,154.69","","-0.49%"
"May 11, 2021","9,246.98","9,435.87","9,476.42","9,196.00","","-3.24%"
"May 10, 2021","9,556.27","9,502.84","9,571.56","9,475.42","","+0.99%"
"May 07, 2021","9,462.35","9,519.14","9,570.85","9,461.37","","-0.88%"
"May 06, 2021","9,546.55","9,358.72","9,625.32","9,358.72","","+3.60%"
"Apr 30, 2021","9,214.85","9,231.65","9,353.74","9,191.35","","-1.27%"
"Apr 28, 2021","9,333.79","9,261.31","9,393.69","9,255.39","","+0.06%"
"Apr 27, 2021","9,328.20","9,419.35","9,429.02","9,316.94","","-1.58%"
"Apr 26, 2021","9,477.94","9,429.51","9,511.03","9,409.77","","+0.50%"
"Apr 23, 2021","9,430.42","9,425.79","9,460.70","9,400.44","","-0.74%"
"Apr 22, 2021","9,500.93","9,437.91","9,550.77","9,417.93","","+2.66%"
"Apr 21, 2021","9,254.91","9,385.39","9,410.10","9,252.78","","-3.02%"
"Apr 20, 2021","9,542.76","9,625.95","9,625.95","9,521.26","","-1.50%"
"Apr 19, 2021","9,688.30","9,695.30","9,749.42","9,634.94","","-0.11%"
"Apr 16, 2021","9,698.63","9,670.49","9,712.85","9,649.44","","+0.77%"
"Apr 15, 2021","9,624.14","9,608.95","9,679.30","9,583.65","","-0.61%"
"Apr 14, 2021","9,682.79","9,667.05","9,723.44","9,632.79","","+0.59%"
"Apr 13, 2021","9,626.25","9,580.18","9,673.53","9,560.45","","+0.14%"
"Apr 12, 2021","9,612.65","9,717.80","9,719.00","9,612.65","","-0.78%"
"Apr 09, 2021","9,687.85","9,540.30","9,773.58","9,539.89","","+2.23%"
"Apr 08, 2021","9,476.66","9,462.86","9,532.26","9,450.90","","+0.24%"
"Apr 07, 2021","9,453.99","9,457.43","9,481.85","9,352.37","","+0.59%"
"Apr 06, 2021","9,398.55","9,622.79","9,623.03","9,398.55","","-2.13%"
"Apr 05, 2021","9,603.13","9,675.43","9,690.33","9,586.69","","-0.49%"
"Apr 02, 2021","9,650.05","9,635.45","9,668.62","9,601.91","","+0.75%"
"Apr 01, 2021","9,578.49","9,533.61","9,640.89","9,507.04","","+2.01%"
"Mar 31, 2021","9,389.80","9,435.87","9,516.90","9,388.83","","-0.82%"
"Mar 30, 2021","9,467.79","9,517.01","9,517.01","9,395.80","","+0.05%"
"Mar 29, 2021","9,462.60","9,582.73","9,582.73","9,365.84","","-0.44%"
"Mar 26, 2021","9,504.25","9,330.27","9,511.18","9,322.82","","+2.68%"
"Mar 25, 2021","9,256.16","9,182.63","9,282.89","9,124.95","","+1.21%"
"Mar 24, 2021","9,145.55","9,195.44","9,251.12","9,145.55","","-1.12%"
"Mar 23, 2021","9,248.95","9,391.64","9,391.64","9,248.95","","-0.78%"
"Mar 22, 2021","9,322.05","9,366.54","9,366.54","9,233.41","","-0.52%"
"Mar 19, 2021","9,370.76","9,273.28","9,380.30","9,266.49","","-0.01%"
"Mar 18, 2021","9,371.75","9,349.66","9,458.48","9,324.49","","+1.01%"
"Mar 17, 2021","9,277.87","9,338.45","9,360.35","9,247.93","","-1.10%"
"Mar 16, 2021","9,381.17","9,319.60","9,384.06","9,279.80","","+0.40%"
"Mar 15, 2021","9,343.90","9,352.27","9,360.37","9,279.83","","+0.83%"
"Mar 12, 2021","9,267.08","9,077.55","9,272.74","9,077.55","","+1.77%"
"Mar 11, 2021","9,106.27","9,148.72","9,174.98","9,060.03","","-0.39%"
"Mar 10, 2021","9,142.06","9,215.51","9,294.64","9,123.87","","-0.68%"
"Mar 09, 2021","9,205.07","9,105.66","9,213.70","9,063.33","","+1.26%"
"Mar 08, 2021","9,090.53","9,206.77","9,236.59","9,047.20","","+0.51%"
"Mar 05, 2021","9,044.07","8,982.50","9,045.27","8,890.20","","+0.02%"
"Mar 04, 2021","9,041.92","9,097.94","9,132.26","8,969.45","","-1.63%"
"Mar 03, 2021","9,191.32","9,212.88","9,229.47","9,137.79","","+0.18%"
"Mar 02, 2021","9,174.36","9,200.25","9,229.08","9,115.70","","+0.28%"
"Mar 01, 2021","9,149.01","9,150.35","9,240.20","9,070.03","","+1.93%"
"Feb 26, 2021","8,975.69","9,247.98","9,247.98","8,975.69","","-3.72%"
"Feb 25, 2021","9,322.68","9,344.20","9,393.48","9,301.63","","+0.94%"
"Feb 24, 2021","9,236.31","9,427.01","9,445.83","9,235.54","","-3.30%"
"Feb 22, 2021","9,551.66","9,707.52","9,727.25","9,551.66","","-2.57%"
"Feb 19, 2021","9,804.10","9,817.52","9,822.98","9,756.51","","+0.06%"
"Feb 18, 2021","9,797.95","9,781.47","9,874.45","9,763.13","","-0.08%"
"Feb 17, 2021","9,805.83","9,916.63","9,945.04","9,783.77","","-1.50%"
"Feb 16, 2021","9,955.34","9,785.17","10,025.04","9,764.51","","+1.75%"
"Feb 15, 2021","9,784.18","9,590.76","9,804.74","9,584.49","","+2.66%"
"Feb 12, 2021","9,530.82","9,569.99","9,603.20","9,489.21","","-0.21%"
"Feb 10, 2021","9,550.68","9,558.70","9,573.28","9,509.07","","-0.39%"
"Feb 09, 2021","9,588.35","9,427.74","9,603.91","9,427.74","","+1.00%"
"Feb 08, 2021","9,493.54","9,263.65","9,500.64","9,263.65","","+1.74%"
"Feb 05, 2021","9,330.77","9,276.21","9,352.36","9,258.23","","+1.82%"
"Feb 04, 2021","9,163.90","9,225.38","9,225.38","9,161.44","","-0.84%"
"Feb 03, 2021","9,241.78","9,225.23","9,257.23","9,169.23","","+0.41%"
"Feb 02, 2021","9,204.15","9,186.84","9,223.49","9,142.31","","-0.01%"
"Feb 01, 2021","9,205.38","9,113.62","9,233.21","9,113.62","","+0.37%"
"Jan 29, 2021","9,171.32","9,255.44","9,352.22","9,169.48","","-0.14%"
"Jan 28, 2021","9,184.24","9,198.23","9,212.00","9,131.92","","-1.72%"
"Jan 27, 2021","9,344.97","9,437.93","9,471.86","9,320.57","","-0.64%"
"Jan 26, 2021","9,405.13","9,383.50","9,450.38","9,349.62","","-1.14%"
"Jan 25, 2021","9,513.85","9,508.63","9,516.16","9,427.76","","+0.27%"
"Jan 22, 2021","9,488.16","9,400.29","9,500.74","9,356.35","","+0.60%"
"Jan 21, 2021","9,431.71","9,435.59","9,494.01","9,405.46","","+0.92%"
"Jan 20, 2021","9,345.86","9,479.05","9,489.14","9,318.62","","-0.88%"
"Jan 19, 2021","9,428.44","9,497.73","9,507.75","9,412.63","","-0.83%"
"Jan 18, 2021","9,507.06","9,516.48","9,570.49","9,465.30","","+0.16%"
"Jan 15, 2021","9,491.48","9,626.10","9,626.10","9,483.22","","-1.26%"
"Jan 14, 2021","9,612.38","9,584.14","9,713.20","9,579.58","","-0.69%"
"Jan 13, 2021","9,679.00","9,713.10","9,762.96","9,608.50","","-1.17%"
"Jan 12, 2021","9,793.62","9,658.51","9,893.07","9,632.17","","+0.98%"
"Jan 08, 2021","9,698.88","9,592.92","9,698.88","9,545.07","","+0.31%"
"Jan 07, 2021","9,669.30","9,642.52","9,808.31","9,642.52","","+0.77%"
"Jan 06, 2021","9,595.47","9,592.22","9,724.62","9,587.25","","-0.67%"
"Jan 05, 2021","9,660.55","9,746.00","9,746.00","9,636.37","","-1.00%"
"Jan 04, 2021","9,758.06","9,808.33","9,813.63","9,644.80","","-0.55%"
"Dec 30, 2020","9,812.42","9,810.26","9,871.95","9,777.37","","-0.62%"
"Dec 29, 2020","9,873.75","9,692.00","9,876.93","9,692.00","","+1.67%"
"Dec 28, 2020","9,712.00","9,692.38","9,744.23","9,676.13","","+0.84%"
"Dec 25, 2020","9,630.69","9,639.48","9,681.86","9,611.46","","-0.21%"
"Dec 24, 2020","9,650.79","9,635.46","9,704.88","9,619.09","","+0.61%"
"Dec 23, 2020","9,592.04","9,627.48","9,667.26","9,567.77","","+0.45%"
"Dec 22, 2020","9,549.45","9,558.08","9,617.88","9,511.48","","-0.45%"
"Dec 21, 2020","9,592.21","9,610.33","9,654.38","9,502.51","","+0.31%"
"Dec 18, 2020","9,562.25","9,428.10","9,562.25","9,416.98","","+1.72%"
"Dec 17, 2020","9,401.01","9,340.30","9,423.58","9,319.07","","+1.35%"
"Dec 16, 2020","9,275.78","9,319.44","9,362.10","9,234.62","","+0.33%"
"Dec 15, 2020","9,245.36","9,272.55","9,290.35","9,209.04","","+0.19%"
"Dec 14, 2020","9,227.77","9,228.59","9,316.87","9,222.28","","-0.57%"
"Dec 11, 2020","9,280.62","9,268.27","9,313.05","9,208.11","","+0.16%"
"Dec 10, 2020","9,265.47","9,304.98","9,313.65","9,235.41","","-1.23%"
"Dec 09, 2020","9,381.25","9,197.15","9,385.55","9,197.15","","+2.23%"
"Dec 08, 2020","9,176.39","9,219.54","9,219.54","9,129.76","","-0.64%"
"Dec 07, 2020","9,235.33","9,461.62","9,461.62","9,231.85","","-2.31%"
"Dec 04, 2020","9,453.88","9,345.39","9,466.40","9,320.78","","+1.13%"
"Dec 03, 2020","9,348.42","9,422.55","9,422.55","9,289.93","","-1.85%"
"Dec 02, 2020","9,524.71","9,513.57","9,568.97","9,465.82","","-0.13%"
"Dec 01, 2020","9,537.33","9,517.99","9,607.72","9,516.41","","-0.31%"
"Nov 30, 2020","9,567.09","9,762.19","9,768.05","9,567.09","","-1.00%"
"Nov 27, 2020","9,663.97","9,539.45","9,711.62","9,539.45","","+1.45%"
"Nov 26, 2020","9,526.18","9,309.36","9,535.16","9,304.92","","+1.76%"
"Nov 25, 2020","9,361.27","9,308.19","9,406.38","9,280.41","","+1.51%"
"Nov 24, 2020","9,222.41","9,052.22","9,222.63","9,051.86","","+3.56%"
"Nov 20, 2020","8,905.14","8,930.69","8,939.11","8,858.42","","-0.89%"
"Nov 19, 2020","8,985.14","8,971.14","8,985.14","8,907.41","","-0.35%"
"Nov 18, 2020","9,017.13","9,084.80","9,084.80","8,987.83","","-1.53%"
"Nov 17, 2020","9,156.80","9,280.32","9,280.32","9,088.00","","-1.21%"
"Nov 16, 2020","9,269.38","9,217.39","9,309.39","9,209.42","","+0.92%"
"Nov 13, 2020","9,184.87","9,213.75","9,248.36","9,126.07","","-1.15%"
"Nov 12, 2020","9,291.94","9,262.39","9,322.56","9,208.89","","+0.67%"
"Nov 11, 2020","9,230.33","9,194.61","9,245.96","9,158.69","","+1.50%"
"Nov 10, 2020","9,093.97","9,157.04","9,313.86","9,067.91","","-1.08%"
"Nov 09, 2020","9,192.85","9,024.03","9,236.57","8,991.08","","+2.99%"
"Nov 06, 2020","8,925.68","8,909.57","8,959.74","8,875.49","","+0.11%"
"Nov 05, 2020","8,915.86","8,748.82","8,939.49","8,745.33","","+2.73%"
"Nov 04, 2020","8,679.15","8,579.11","8,701.67","8,527.72","","+1.56%"
"Nov 02, 2020","8,545.74","8,430.25","8,597.36","8,430.25","","+2.09%"
"Oct 30, 2020","8,370.55","8,564.38","8,566.32","8,370.55","","-3.17%"
"Oct 29, 2020","8,644.83","8,566.92","8,678.46","8,566.92","","-0.85%"
"Oct 28, 2020","8,719.30","8,561.26","8,737.32","8,554.51","","+2.84%"
"Oct 27, 2020","8,478.76","8,420.91","8,495.48","8,298.16","","+1.02%"
"Oct 26, 2020","8,393.13","8,445.71","8,497.75","8,390.41","","-1.07%"
"Oct 23, 2020","8,484.00","8,495.59","8,497.87","8,402.29","","-0.37%"
"Oct 22, 2020","8,515.14","8,559.38","8,566.82","8,477.96","","-1.26%"
"Oct 21, 2020","8,624.17","8,675.41","8,693.73","8,623.92","","-0.88%"
"Oct 20, 2020","8,700.41","8,749.69","8,763.04","8,678.34","","-0.52%"
"Oct 19, 2020","8,745.45","8,734.69","8,789.69","8,708.18","","+0.94%"
"Oct 16, 2020","8,664.32","8,741.40","8,746.42","8,644.97","","-1.20%"
"Oct 15, 2020","8,769.60","8,848.90","8,848.90","8,729.56","","-1.07%"
"Oct 14, 2020","8,864.31","8,805.65","8,882.01","8,802.23","","+0.52%"
"Oct 13, 2020","8,818.04","8,857.85","8,857.85","8,780.57","","-0.11%"
"Oct 12, 2020","8,827.97","8,887.64","8,931.46","8,811.12","","-0.71%"
"Oct 09, 2020","8,891.25","8,914.78","8,932.71","8,843.98","","-0.37%"
"Oct 08, 2020","8,924.64","8,838.83","8,933.61","8,819.60","","+1.08%"
"Oct 07, 2020","8,829.14","8,821.49","8,866.14","8,792.00","","+0.34%"
"Oct 06, 2020","8,799.24","8,795.63","8,812.21","8,735.38","","+0.16%"
"Oct 05, 2020","8,784.88","8,803.21","8,893.33","8,760.29","","+0.48%"
"Oct 02, 2020","8,743.18","8,806.41","8,855.53","8,720.27","","-0.21%"
"Oct 01, 2020","8,761.29","8,761.29","8,761.29","8,761.29","","0.00%"
"Sep 30, 2020","8,761.29","8,811.07","8,880.63","8,761.29","","-0.34%"
"Sep 29, 2020","8,791.23","8,720.94","8,827.21","8,677.97","","+0.34%"
"Sep 28, 2020","8,761.27","8,646.82","8,761.58","8,627.38","","+2.28%"
"Sep 25, 2020","8,565.83","8,563.14","8,620.41","8,518.47","","-0.97%"
"Sep 24, 2020","8,649.55","8,571.46","8,708.24","8,555.92","","+0.45%"
"Sep 23, 2020","8,611.14","8,656.68","8,656.68","8,535.54","","-0.01%"
"Sep 18, 2020","8,611.85","8,556.56","8,632.08","8,550.89","","+0.40%"
"Sep 17, 2020","8,577.42","8,549.86","8,580.93","8,504.16","","-0.02%"
"Sep 16, 2020","8,579.35","8,552.56","8,618.92","8,532.13","","+0.64%"
"Sep 15, 2020","8,525.12","8,546.69","8,568.76","8,504.02","","-0.74%"
"Sep 14, 2020","8,589.05","8,504.73","8,600.21","8,504.73","","+0.98%"
"Sep 11, 2020","8,505.33","8,479.82","8,522.14","8,436.52","","+2.02%"
"Sep 10, 2020","8,337.06","8,317.76","8,383.82","8,315.22","","+0.61%"
"Sep 09, 2020","8,286.67","8,357.44","8,378.58","8,262.80","","-1.22%"
"Sep 08, 2020","8,388.80","8,304.46","8,396.60","8,294.56","","+1.16%"
"Sep 07, 2020","8,292.41","8,246.56","8,334.35","8,230.53","","-0.22%"
"Sep 04, 2020","8,310.52","8,333.28","8,366.01","8,278.65","","-2.17%"
"Sep 03, 2020","8,495.04","8,568.26","8,569.77","8,479.22","","+0.46%"
"Sep 02, 2020","8,456.32","8,411.77","8,456.32","8,402.31","","+0.85%"
"Sep 01, 2020","8,384.77","8,317.20","8,400.48","8,300.21","","+0.95%"
"Aug 31, 2020","8,305.57","8,269.48","8,372.14","8,254.81","","+1.19%"
"Aug 28, 2020","8,207.69","8,302.85","8,385.04","8,089.85","","-0.38%"
"Aug 27, 2020","8,239.01","8,266.64","8,266.88","8,214.01","","+0.26%"
"Aug 26, 2020","8,217.64","8,162.29","8,220.21","8,152.66","","+0.18%"
"Aug 25, 2020","8,202.87","8,292.28","8,294.49","8,196.24","","-0.88%"
"Aug 24, 2020","8,275.40","8,223.31","8,275.40","8,194.39","","+0.18%"
"Aug 21, 2020","8,260.86","8,242.85","8,313.65","8,226.74","","+1.11%"
"Aug 20, 2020","8,170.12","8,204.30","8,264.31","8,152.05","","-1.23%"
"Aug 19, 2020","8,272.04","8,315.62","8,336.16","8,244.11","","-0.77%"
"Aug 18, 2020","8,336.36","8,277.12","8,349.32","8,261.86","","+0.10%"
"Aug 17, 2020","8,327.87","8,397.41","8,404.46","8,315.62","","-1.79%"
"Aug 14, 2020","8,479.87","8,488.92","8,528.90","8,450.09","","+0.78%"
"Aug 13, 2020","8,414.59","8,283.29","8,420.21","8,261.99","","+3.22%"
"Aug 12, 2020","8,151.71","8,040.10","8,166.74","8,032.80","","+1.46%"
"Aug 11, 2020","8,034.12","8,005.44","8,043.80","7,956.16","","+0.68%"
"Aug 07, 2020","7,979.73","8,010.91","8,033.60","7,940.73","","+0.15%"
"Aug 06, 2020","7,967.58","8,030.28","8,080.98","7,937.13","","-0.11%"
"Aug 05, 2020","7,975.96","7,919.01","7,990.02","7,897.36","","+0.56%"
"Aug 04, 2020","7,931.30","7,942.61","8,016.28","7,907.63","","+0.35%"
"Aug 03, 2020","7,903.52","7,880.79","7,916.30","7,783.71","","+1.33%"
"Jul 31, 2020","7,799.76","8,074.77","8,074.77","7,797.69","","-3.27%"
"Jul 30, 2020","8,063.49","8,039.37","8,102.47","8,025.28","","+0.98%"
"Jul 29, 2020","7,985.06","8,035.75","8,053.02","7,928.13","","-0.89%"
"Jul 28, 2020","8,056.99","8,033.84","8,105.66","8,006.31","","+0.65%"
"Jul 27, 2020","8,005.08","7,899.36","8,012.67","7,838.70","","-0.79%"
"Jul 22, 2020","8,069.00","8,092.67","8,108.85","8,042.50","","-1.39%"
"Jul 21, 2020","8,182.52","8,181.72","8,214.97","8,153.61","","+0.81%"
"Jul 20, 2020","8,116.81","8,123.37","8,168.23","8,049.44","","+0.70%"
"Jul 17, 2020","8,060.16","8,100.57","8,100.57","8,023.67","","-0.27%"
"Jul 16, 2020","8,082.16","8,115.60","8,146.73","8,060.50","","-1.26%"
"Jul 15, 2020","8,185.36","8,166.95","8,210.41","8,114.74","","+0.57%"
"Jul 14, 2020","8,138.73","8,143.28","8,182.60","8,090.82","","-0.22%"
"Jul 13, 2020","8,156.95","8,066.05","8,156.95","8,020.01","","+1.59%"
"Jul 10, 2020","8,029.62","8,055.04","8,128.32","8,029.43","","-1.41%"
"Jul 09, 2020","8,144.84","8,131.74","8,218.16","8,064.73","","+0.17%"
"Jul 08, 2020","8,131.22","8,181.75","8,268.61","8,130.78","","-1.27%"
"Jul 07, 2020","8,235.82","8,159.62","8,287.28","8,152.22","","+0.31%"
"Jul 06, 2020","8,210.68","8,086.11","8,230.07","8,086.11","","+1.23%"
"Jul 03, 2020","8,111.09","8,053.18","8,111.09","7,996.66","","+1.97%"
"Jul 02, 2020","7,954.55","8,050.81","8,084.01","7,930.37","","-0.39%"
"Jul 01, 2020","7,985.93","8,134.23","8,143.82","7,958.48","","-1.43%"
"Jun 30, 2020","8,101.65","8,179.94","8,205.29","8,095.20","","-0.27%"
"Jun 29, 2020","8,123.32","8,198.23","8,215.03","8,123.32","","-1.60%"
"Jun 26, 2020","8,255.55","8,250.79","8,304.70","8,214.49","","-0.13%"
"Jun 25, 2020","8,266.13","8,118.16","8,306.66","8,118.16","","+2.55%"
"Jun 24, 2020","8,060.54","8,056.54","8,107.21","8,033.33","","+0.50%"
"Jun 23, 2020","8,020.16","8,034.98","8,105.98","7,891.10","","-0.09%"
"Jun 22, 2020","8,027.40","7,980.95","8,067.00","7,977.01","","-0.52%"
"Jun 19, 2020","8,069.46","8,058.57","8,085.54","7,969.14","","+0.81%"
"Jun 18, 2020","8,004.93","8,032.47","8,040.84","7,920.57","","+0.10%"
"Jun 17, 2020","7,997.09","7,944.66","8,000.31","7,899.69","","+1.01%"
"Jun 16, 2020","7,916.81","7,739.08","7,932.09","7,726.88","","+3.93%"
"Jun 15, 2020","7,617.17","7,758.19","7,822.14","7,617.17","","-2.22%"
"Jun 12, 2020","7,790.16","7,796.75","7,822.23","7,707.62","","-1.15%"
"Jun 11, 2020","7,881.10","7,996.26","8,030.90","7,872.81","","-1.98%"
"Jun 10, 2020","8,040.31","7,933.87","8,059.99","7,933.87","","+0.59%"
"Jun 09, 2020","7,993.47","8,028.16","8,032.67","7,917.35","","-0.81%"
"Jun 08, 2020","8,058.40","8,129.38","8,136.07","7,992.70","","-1.05%"
"Jun 05, 2020","8,143.76","8,149.07","8,164.77","8,053.69","","-1.58%"
"Jun 04, 2020","8,274.38","8,243.97","8,308.27","8,204.46","","+1.02%"
"Jun 03, 2020","8,190.91","8,226.64","8,275.81","8,127.75","","+0.12%"
"Jun 02, 2020","8,181.47","8,130.73","8,205.83","8,090.87","","+0.79%"
"Jun 01, 2020","8,117.57","8,033.51","8,156.51","7,993.25","","+0.73%"
"May 29, 2020","8,058.56","8,054.64","8,060.62","7,986.00","","+0.40%"
"May 28, 2020","8,026.65","7,945.33","8,028.12","7,891.27","","+1.83%"
"May 27, 2020","7,882.31","7,740.41","7,899.70","7,713.91","","+1.49%"
"May 26, 2020","7,766.49","7,633.86","7,774.97","7,600.91","","+2.45%"
"May 25, 2020","7,580.44","7,629.58","7,630.95","7,528.03","","+0.74%"
"May 22, 2020","7,524.85","7,593.40","7,613.61","7,510.50","","-1.01%"
"May 21, 2020","7,601.47","7,609.34","7,636.83","7,557.31","","+0.16%"
"May 20, 2020","7,589.57","7,529.67","7,624.49","7,529.67","","+1.01%"
"May 19, 2020","7,513.39","7,509.23","7,560.18","7,486.20","","+1.49%"
"May 18, 2020","7,403.43","7,392.39","7,430.83","7,331.92","","+0.74%"
"May 15, 2020","7,348.73","7,360.22","7,368.22","7,263.73","","+0.50%"
"May 14, 2020","7,312.32","7,434.86","7,487.94","7,312.32","","-2.43%"
"May 13, 2020","7,494.11","7,365.54","7,508.89","7,323.97","","+1.90%"
"May 12, 2020","7,354.25","7,360.13","7,427.10","7,330.60","","+0.28%"
"May 11, 2020","7,333.94","7,387.97","7,427.78","7,332.48","","-0.50%"
"May 08, 2020","7,370.65","7,348.15","7,374.45","7,288.33","","+1.74%"
"May 07, 2020","7,244.24","7,252.70","7,314.03","7,244.24","","+0.45%"
"May 01, 2020","7,211.78","7,395.39","7,444.70","7,208.83","","-3.11%"
"Apr 30, 2020","7,443.60","7,605.87","7,605.87","7,441.60","","-0.72%"
"Apr 28, 2020","7,497.66","7,402.80","7,523.03","7,402.00","","+0.87%"
"Apr 27, 2020","7,432.99","7,391.97","7,460.21","7,358.88","","+1.06%"
"Apr 24, 2020","7,354.98","7,290.60","7,359.91","7,262.04","","+0.91%"
"Apr 23, 2020","7,288.69","7,286.35","7,305.62","7,234.80","","+1.14%"
"Apr 22, 2020","7,206.65","7,128.56","7,215.81","7,067.77","","-0.25%"
"Apr 21, 2020","7,225.03","7,326.66","7,334.79","7,222.22","","-2.10%"
"Apr 20, 2020","7,380.13","7,548.68","7,548.68","7,379.81","","-2.29%"
"Apr 17, 2020","7,553.39","7,487.05","7,669.50","7,476.68","","+2.47%"
"Apr 16, 2020","7,371.44","7,457.38","7,457.38","7,348.46","","-1.79%"
"Apr 15, 2020","7,505.87","7,459.81","7,505.87","7,404.32","","+0.99%"
"Apr 14, 2020","7,432.16","7,303.70","7,432.16","7,303.70","","+2.02%"
"Apr 13, 2020","7,284.70","7,402.20","7,453.69","7,269.61","","-1.78%"
"Apr 10, 2020","7,416.53","7,325.28","7,422.45","7,244.99","","+0.92%"
"Apr 09, 2020","7,348.87","7,409.29","7,436.17","7,293.37","","-1.63%"
"Apr 08, 2020","7,470.36","7,262.23","7,504.35","7,214.77","","+2.71%"
"Apr 07, 2020","7,273.12","7,276.50","7,401.32","7,162.96","","+1.82%"
"Apr 06, 2020","7,143.45","6,961.18","7,154.82","6,901.11","","+3.52%"
"Apr 03, 2020","6,900.33","6,985.21","7,097.83","6,866.54","","-0.05%"
"Apr 02, 2020","6,903.51","6,912.02","7,001.11","6,861.22","","-0.47%"
"Apr 01, 2020","6,936.12","7,141.60","7,161.00","6,885.61","","-3.41%"
"Mar 31, 2020","7,180.70","7,386.04","7,416.19","7,167.81","","-1.59%"
"Mar 30, 2020","7,296.73","7,279.60","7,314.50","7,088.67","","-2.06%"
"Mar 27, 2020","7,449.88","7,052.04","7,449.88","7,051.47","","+7.65%"
"Mar 26, 2020","6,920.51","6,927.25","7,029.33","6,769.48","","-1.73%"
"Mar 25, 2020","7,042.39","6,640.91","7,042.39","6,640.90","","+8.19%"
"Mar 24, 2020","6,509.34","6,486.98","6,650.94","6,349.12","","+1.39%"
"Mar 23, 2020","6,419.84","6,609.07","6,697.67","6,382.70","","-3.72%"
"Mar 19, 2020","6,667.80","6,662.53","6,867.66","6,660.04","","+2.09%"
"Mar 18, 2020","6,531.13","6,440.48","6,793.39","6,388.73","","+2.77%"
"Mar 17, 2020","6,355.37","6,208.27","6,573.64","6,072.45","","+0.99%"
"Mar 16, 2020","6,293.11","6,538.03","6,647.33","6,244.06","","-2.26%"
"Mar 13, 2020","6,438.95","6,636.59","6,647.81","6,090.12","","-4.91%"
"Mar 12, 2020","6,771.63","7,020.79","7,025.39","6,692.71","","-5.27%"
"Mar 11, 2020","7,148.53","7,290.41","7,290.41","7,138.74","","-1.86%"
"Mar 10, 2020","7,283.81","7,137.54","7,335.40","6,921.62","","+0.86%"
"Mar 09, 2020","7,221.41","7,438.41","7,438.46","7,128.38","","-4.71%"
"Mar 06, 2020","7,578.73","7,575.86","7,623.34","7,501.96","","-1.54%"
"Mar 05, 2020","7,697.11","7,694.84","7,712.82","7,640.13","","+1.54%"
"Mar 04, 2020","7,580.39","7,536.75","7,643.11","7,523.67","","-0.08%"
"Mar 03, 2020","7,586.47","7,765.81","7,803.77","7,586.47","","-0.82%"
"Mar 02, 2020","7,649.10","7,390.33","7,678.87","7,357.88","","+1.81%"
"Feb 28, 2020","7,513.33","7,580.85","7,582.50","7,411.66","","-2.86%"
"Feb 27, 2020","7,734.91","7,851.19","7,861.55","7,716.47","","-1.31%"
"Feb 26, 2020","7,837.79","7,834.15","7,877.96","7,724.76","","-0.38%"
"Feb 25, 2020","7,867.45","7,872.30","7,889.27","7,714.24","","-2.45%"
"Feb 21, 2020","8,065.20","8,128.26","8,147.57","8,054.78","","-0.98%"
"Feb 20, 2020","8,145.16","8,202.49","8,251.68","8,113.91","","-0.15%"
"Feb 19, 2020","8,157.00","8,034.49","8,182.24","8,034.49","","+2.29%"
"Feb 18, 2020","7,974.53","8,043.64","8,043.64","7,892.77","","-1.37%"
"Feb 17, 2020","8,085.51","8,128.74","8,128.74","8,051.38","","-1.63%"
"Feb 14, 2020","8,219.54","8,158.21","8,232.48","8,140.33","","-0.01%"
"Feb 13, 2020","8,220.52","8,215.37","8,234.30","8,184.48","","-0.55%"
"Feb 12, 2020","8,265.82","8,300.77","8,304.93","8,168.72","","+0.53%"
"Feb 10, 2020","8,222.20","8,242.78","8,295.79","8,222.20","","-1.14%"
"Feb 07, 2020","8,317.22","8,318.86","8,374.69","8,267.67","","+0.06%"
"Feb 06, 2020","8,311.94","8,209.74","8,342.19","8,165.92","","+2.78%"
"Feb 05, 2020","8,087.47","8,164.60","8,194.06","8,031.23","","+0.48%"
"Feb 04, 2020","8,048.54","8,140.90","8,167.51","7,972.07","","-1.10%"
"Feb 03, 2020","8,138.45","8,077.07","8,173.84","8,068.87","","-1.06%"
"Jan 31, 2020","8,225.97","8,198.16","8,314.51","8,198.16","","+1.16%"
"Jan 30, 2020","8,131.74","8,292.48","8,298.95","8,085.91","","-2.00%"
"Jan 29, 2020","8,298.10","8,250.30","8,306.16","8,229.43","","+0.19%"
"Jan 28, 2020","8,282.23","8,284.85","8,329.91","8,267.28","","-1.19%"
"Jan 27, 2020","8,381.98","8,290.92","8,410.38","8,283.14","","-0.60%"
"Jan 24, 2020","8,432.78","8,479.99","8,492.00","8,396.29","","+0.05%"
"Jan 23, 2020","8,428.40","8,390.76","8,478.10","8,369.62","","-0.36%"
"Jan 22, 2020","8,458.91","8,401.20","8,458.91","8,381.62","","+1.23%"
"Jan 21, 2020","8,356.46","8,378.17","8,378.17","8,305.86","","+0.03%"
"Jan 20, 2020","8,354.11","8,379.69","8,390.59","8,331.06","","+0.15%"
"Jan 17, 2020","8,341.91","8,347.70","8,351.65","8,297.43","","+0.45%"
"Jan 16, 2020","8,304.36","8,363.99","8,383.00","8,304.36","","-0.50%"
"Jan 15, 2020","8,346.43","8,397.29","8,422.15","8,337.71","","-0.10%"
"Jan 14, 2020","8,354.62","8,310.01","8,373.30","8,298.66","","+0.27%"
"Jan 10, 2020","8,332.25","8,320.48","8,333.42","8,286.51","","+0.61%"
"Jan 09, 2020","8,281.36","8,241.87","8,300.60","8,230.83","","+2.20%"
"Jan 08, 2020","8,103.43","8,137.11","8,157.38","7,998.81","","-2.46%"
"Jan 07, 2020","8,307.55","8,144.81","8,324.16","8,144.81","","+3.28%"
"Jan 06, 2020","8,044.06","8,058.75","8,093.29","8,022.59","","-1.82%"
"Dec 30, 2019","8,193.33","8,226.46","8,232.66","8,186.01","","-0.52%"
"Dec 27, 2019","8,236.39","8,233.45","8,266.60","8,219.81","","+0.12%"
"Dec 26, 2019","8,226.11","8,196.71","8,236.64","8,190.12","","+0.86%"
"Dec 25, 2019","8,155.66","8,152.07","8,174.63","8,131.29","","-0.16%"
"Dec 24, 2019","8,168.42","8,167.20","8,190.53","8,147.94","","+0.05%"
"Dec 23, 2019","8,164.73","8,176.14","8,176.14","8,133.31","","+0.53%"
"Dec 20, 2019","8,121.86","8,117.34","8,167.58","8,069.12","","+0.10%"
"Dec 19, 2019","8,113.48","8,155.85","8,201.76","8,091.13","","-0.88%"
"Dec 18, 2019","8,185.68","8,163.60","8,236.42","8,163.51","","-0.15%"
"Dec 17, 2019","8,198.24","7,992.32","8,200.39","7,982.50","","+3.55%"
"Dec 16, 2019","7,917.11","7,918.61","7,961.21","7,888.57","","-0.60%"
"Dec 13, 2019","7,964.93","7,897.23","8,016.52","7,886.17","","+1.91%"
"Dec 12, 2019","7,815.94","7,874.03","7,874.03","7,780.73","","-0.79%"
"Dec 11, 2019","7,878.53","7,941.46","7,960.27","7,871.22","","-0.45%"
"Dec 10, 2019","7,913.80","7,906.92","7,943.48","7,891.35","","-0.19%"
"Dec 09, 2019","7,928.79","7,963.57","7,963.71","7,890.95","","-0.56%"
"Dec 06, 2019","7,973.52","7,938.71","7,993.51","7,938.71","","-0.15%"
"Dec 05, 2019","7,985.73","8,021.18","8,053.54","7,956.89","","+0.09%"
"Dec 04, 2019","7,978.48","7,950.43","7,984.56","7,950.43","","-0.51%"
"Dec 03, 2019","8,019.56","7,923.77","8,032.42","7,923.77","","-0.07%"
"Dec 02, 2019","8,025.24","8,002.64","8,037.61","7,983.22","","+0.72%"
"Nov 29, 2019","7,968.02","8,047.68","8,047.68","7,958.40","","-0.82%"
"Nov 28, 2019","8,033.50","8,009.31","8,054.57","7,983.92","","+0.17%"
"Nov 27, 2019","8,019.71","8,007.58","8,041.86","7,985.62","","+0.26%"
"Nov 26, 2019","7,999.02","7,961.11","8,033.82","7,952.77","","+1.20%"
"Nov 25, 2019","7,904.56","7,991.10","7,998.37","7,883.87","","-0.50%"
"Nov 22, 2019","7,944.10","7,908.80","7,972.50","7,870.80","","+0.42%"
"Nov 21, 2019","7,911.24","7,850.58","7,917.01","7,756.77","","+0.37%"
"Nov 20, 2019","7,882.31","7,867.31","7,933.81","7,850.23","","-0.22%"
"Nov 19, 2019","7,899.68","7,897.26","7,906.36","7,848.70","","-0.46%"
"Nov 18, 2019","7,936.26","7,882.38","7,936.26","7,863.49","","+0.93%"
"Nov 15, 2019","7,862.78","7,802.86","7,880.75","7,792.03","","+1.54%"
"Nov 14, 2019","7,743.79","7,792.38","7,837.92","7,693.86","","-0.47%"
"Nov 13, 2019","7,780.18","7,794.08","7,809.81","7,751.42","","-0.53%"
"Nov 12, 2019","7,821.44","7,789.76","7,836.90","7,771.52","","-0.05%"
"Nov 11, 2019","7,825.04","7,825.14","7,901.12","7,799.73","","+0.28%"
"Nov 08, 2019","7,803.56","7,650.11","7,812.83","7,626.84","","+2.68%"
"Nov 07, 2019","7,599.58","7,464.82","7,663.19","7,461.83","","+2.26%"
"Nov 06, 2019","7,431.79","7,531.47","7,531.47","7,413.84","","-0.97%"
"Nov 05, 2019","7,504.88","7,448.15","7,529.32","7,448.15","","+1.94%"
"Nov 01, 2019","7,362.11","7,387.05","7,414.53","7,347.83","","-1.40%"
"Oct 31, 2019","7,466.78","7,453.92","7,523.45","7,453.92","","+0.21%"
"Oct 30, 2019","7,451.44","7,376.61","7,484.83","7,375.56","","+1.26%"
"Oct 29, 2019","7,358.80","7,270.41","7,360.64","7,233.87","","+1.90%"
"Oct 28, 2019","7,221.93","7,182.81","7,243.72","7,168.28","","+0.18%"
"Oct 25, 2019","7,209.12","7,139.71","7,211.04","7,127.94","","+1.50%"
"Oct 24, 2019","7,102.61","7,137.03","7,139.24","7,101.96","","-0.04%"
"Oct 23, 2019","7,105.65","7,152.96","7,176.82","7,059.18","","-1.43%"
"Oct 21, 2019","7,208.64","7,252.97","7,252.97","7,204.28","","+0.15%"
"Oct 18, 2019","7,197.87","7,238.04","7,269.38","7,178.05","","+0.18%"
"Oct 17, 2019","7,185.17","7,185.94","7,231.19","7,166.04","","-0.37%"
"Oct 16, 2019","7,212.12","7,220.01","7,253.13","7,193.27","","+1.00%"
"Oct 15, 2019","7,140.48","7,110.94","7,152.72","7,102.40","","+1.54%"
"Oct 11, 2019","7,032.51","7,017.62","7,052.98","6,964.76","","+1.12%"
"Oct 10, 2019","6,954.69","6,976.04","6,991.70","6,907.40","","-0.70%"
"Oct 09, 2019","7,003.88","6,964.44","7,006.25","6,943.91","","-0.61%"
"Oct 08, 2019","7,046.68","6,939.33","7,053.59","6,933.00","","+2.24%"
"Oct 07, 2019","6,892.18","6,923.27","6,933.39","6,878.15","","-0.21%"
"Oct 04, 2019","6,906.34","6,850.44","6,909.29","6,844.71","","+0.26%"
"Oct 03, 2019","6,888.75","6,895.53","6,923.71","6,874.87","","-1.63%"
"Oct 02, 2019","7,002.58","7,010.43","7,019.61","6,976.38","","-1.25%"
"Oct 01, 2019","7,091.29","7,128.14","7,141.89","7,085.59","","+0.05%"
"Sep 30, 2019","7,087.44","7,068.04","7,099.66","7,045.86","","-0.33%"
"Sep 27, 2019","7,111.06","7,115.47","7,117.13","7,041.96","","+0.18%"
"Sep 26, 2019","7,098.26","7,160.23","7,171.23","7,074.94","","-0.79%"
"Sep 25, 2019","7,154.79","7,093.25","7,162.10","7,084.31","","+0.42%"
"Sep 24, 2019","7,124.80","7,078.18","7,150.83","7,078.18","","+0.81%"
"Sep 20, 2019","7,067.74","7,078.99","7,146.52","7,056.95","","+0.82%"
"Sep 19, 2019","7,010.38","6,967.81","7,050.32","6,967.81","","+1.02%"
"Sep 18, 2019","6,939.49","6,965.36","6,983.81","6,922.34","","-1.08%"
"Sep 17, 2019","7,015.50","6,968.74","7,026.01","6,931.45","","+0.91%"
"Sep 13, 2019","6,952.21","6,900.09","6,958.29","6,859.24","","+0.99%"
"Sep 12, 2019","6,884.29","6,917.29","6,930.12","6,867.54","","+0.06%"
"Sep 11, 2019","6,880.46","6,821.11","6,880.46","6,783.89","","+0.48%"
"Sep 10, 2019","6,847.46","6,849.36","6,878.35","6,832.18","","-0.99%"
"Sep 09, 2019","6,915.93","6,847.41","6,915.93","6,807.45","","+1.03%"
"Sep 06, 2019","6,845.34","6,829.57","6,856.00","6,806.74","","+0.34%"
"Sep 05, 2019","6,822.44","6,629.74","6,839.89","6,615.43","","+3.73%"
"Sep 04, 2019","6,577.33","6,560.25","6,591.59","6,529.58","","+0.61%"
"Sep 03, 2019","6,537.31","6,498.38","6,551.10","6,487.87","","+0.33%"
"Sep 02, 2019","6,515.79","6,534.59","6,583.04","6,515.79","","-0.73%"
"Aug 30, 2019","6,563.44","6,507.49","6,577.38","6,487.35","","+2.38%"
"Aug 29, 2019","6,410.87","6,462.02","6,466.27","6,387.19","","-0.61%"
"Aug 28, 2019","6,450.07","6,462.55","6,474.53","6,424.77","","-0.73%"
"Aug 27, 2019","6,497.39","6,486.03","6,537.50","6,465.25","","+0.95%"
"Aug 26, 2019","6,435.95","6,450.49","6,459.15","6,396.88","","-2.22%"
"Aug 23, 2019","6,581.83","6,514.59","6,593.20","6,514.59","","-0.57%"
"Aug 22, 2019","6,619.79","6,704.80","6,709.88","6,603.84","","-0.76%"
"Aug 21, 2019","6,670.36","6,621.06","6,673.82","6,607.28","","-0.11%"
"Aug 20, 2019","6,677.64","6,645.48","6,681.42","6,631.80","","+0.61%"
"Aug 19, 2019","6,637.10","6,656.01","6,656.01","6,604.71","","+0.49%"
"Aug 16, 2019","6,604.72","6,546.03","6,626.61","6,539.93","","+0.24%"
"Aug 15, 2019","6,588.89","6,616.36","6,616.36","6,525.30","","-1.88%"
"Aug 14, 2019","6,714.96","6,660.19","6,714.96","6,646.75","","+1.54%"
"Aug 13, 2019","6,613.18","6,654.47","6,685.04","6,560.66","","-0.76%"
"Aug 09, 2019","6,663.98","6,624.74","6,699.67","6,624.74","","+1.90%"
"Aug 08, 2019","6,540.03","6,438.17","6,544.27","6,438.17","","+1.40%"
"Aug 07, 2019","6,449.51","6,372.34","6,461.33","6,318.11","","+0.76%"
"Aug 06, 2019","6,400.67","6,325.53","6,405.54","6,237.86","","-0.91%"
"Aug 05, 2019","6,459.45","6,525.88","6,533.05","6,384.81","","-1.71%"
"Aug 02, 2019","6,571.99","6,567.36","6,615.79","6,535.33","","-0.91%"
"Aug 01, 2019","6,632.27","6,597.79","6,643.59","6,578.06","","-0.29%"
"Jul 31, 2019","6,651.32","6,682.43","6,703.65","6,648.02","","-0.86%"
"Jul 30, 2019","6,708.69","6,756.90","6,786.91","6,665.97","","-0.01%"
"Jul 29, 2019","6,709.32","6,665.69","6,709.32","6,663.18","","+0.62%"
"Jul 26, 2019","6,668.05","6,676.80","6,693.00","6,645.77","","+0.26%"
"Jul 25, 2019","6,650.59","6,633.09","6,662.08","6,621.70","","+0.41%"
"Jul 24, 2019","6,623.28","6,573.37","6,623.28","6,543.79","","+1.17%"
"Jul 23, 2019","6,546.44","6,471.13","6,571.09","6,469.78","","+1.20%"
"Jul 22, 2019","6,468.74","6,486.76","6,486.76","6,421.62","","-1.31%"
"Jul 19, 2019","6,554.57","6,469.12","6,566.67","6,442.53","","+1.76%"
"Jul 18, 2019","6,441.18","6,537.28","6,542.79","6,423.10","","-1.90%"
"Jul 17, 2019","6,565.65","6,594.89","6,607.02","6,564.85","","-1.17%"
"Jul 16, 2019","6,643.36","6,705.40","6,705.40","6,634.94","","-1.38%"
"Jul 12, 2019","6,736.66","6,730.29","6,741.07","6,690.81","","+0.84%"
"Jul 11, 2019","6,680.67","6,658.85","6,689.81","6,628.45","","+0.87%"
"Jul 10, 2019","6,622.89","6,541.85","6,641.05","6,540.35","","+0.80%"
"Jul 09, 2019","6,570.35","6,577.41","6,623.42","6,546.72","","+0.44%"
"Jul 08, 2019","6,541.36","6,589.41","6,590.66","6,516.19","","-1.19%"
"Jul 05, 2019","6,620.11","6,576.42","6,620.11","6,575.97","","+0.72%"
"Jul 04, 2019","6,572.90","6,597.73","6,601.02","6,532.96","","-0.31%"
"Jul 03, 2019","6,593.43","6,656.59","6,672.96","6,583.14","","-1.84%"
"Jul 02, 2019","6,716.72","6,705.36","6,724.63","6,682.01","","+0.64%"
"Jul 01, 2019","6,674.15","6,638.41","6,685.16","6,621.66","","+1.52%"
"Jun 28, 2019","6,574.23","6,501.09","6,575.43","6,472.13","","+0.83%"
"Jun 27, 2019","6,520.09","6,445.62","6,520.09","6,437.25","","+0.95%"
"Jun 26, 2019","6,458.93","6,493.23","6,515.94","6,443.78","","-1.07%"
"Jun 25, 2019","6,528.79","6,520.31","6,567.61","6,512.98","","-0.35%"
"Jun 24, 2019","6,552.03","6,538.80","6,554.98","6,506.94","","+0.38%"
"Jun 21, 2019","6,527.02","6,579.70","6,602.81","6,513.56","","-1.07%"
"Jun 20, 2019","6,597.52","6,548.67","6,599.70","6,535.21","","+1.27%"
"Jun 19, 2019","6,514.81","6,515.93","6,518.40","6,469.30","","+1.17%"
"Jun 18, 2019","6,439.30","6,514.68","6,554.20","6,424.59","","-1.58%"
"Jun 17, 2019","6,542.50","6,541.19","6,575.57","6,492.72","","-0.58%"
"Jun 14, 2019","6,580.49","6,592.06","6,592.06","6,529.29","","+0.13%"
"Jun 13, 2019","6,571.85","6,575.57","6,605.15","6,542.92","","-0.54%"
"Jun 12, 2019","6,607.30","6,591.58","6,646.18","6,591.58","","+0.23%"
"Jun 11, 2019","6,592.33","6,602.32","6,605.56","6,563.08","","-0.30%"
"Jun 10, 2019","6,611.93","6,563.96","6,619.75","6,553.41","","+1.95%"
"Jun 07, 2019","6,485.27","6,460.17","6,500.46","6,457.90","","+0.64%"
"Jun 06, 2019","6,444.19","6,488.74","6,488.74","6,441.12","","-0.54%"
"Jun 05, 2019","6,479.26","6,373.21","6,481.89","6,357.60","","+3.21%"
"Jun 04, 2019","6,277.62","6,291.72","6,301.98","6,232.30","","-0.48%"
"Jun 03, 2019","6,307.90","6,299.11","6,329.13","6,242.75","","-1.40%"
"May 31, 2019","6,397.17","6,405.64","6,456.70","6,372.31","","-0.94%"
"May 30, 2019","6,458.19","6,478.75","6,496.56","6,406.80","","-1.30%"
"May 29, 2019","6,543.28","6,595.55","6,602.86","6,510.81","","-1.76%"
"May 28, 2019","6,660.54","6,607.26","6,660.54","6,594.83","","+1.26%"
"May 27, 2019","6,577.49","6,568.85","6,587.81","6,536.35","","+0.61%"
"May 24, 2019","6,537.55","6,505.49","6,547.57","6,490.42","","+0.34%"
"May 23, 2019","6,515.60","6,534.47","6,537.91","6,462.77","","-0.20%"
"May 22, 2019","6,528.89","6,620.58","6,623.93","6,528.89","","-0.62%"
"May 21, 2019","6,569.47","6,538.98","6,598.54","6,537.24","","-0.22%"
"May 20, 2019","6,584.15","6,600.10","6,639.13","6,576.62","","-0.39%"
"May 17, 2019","6,609.86","6,570.91","6,680.37","6,564.04","","+1.38%"
"May 16, 2019","6,520.04","6,514.34","6,520.04","6,435.25","","+0.92%"
"May 15, 2019","6,460.35","6,366.95","6,464.51","6,325.95","","+1.64%"
"May 14, 2019","6,356.18","6,261.76","6,359.03","6,183.37","","-0.31%"
"May 13, 2019","6,375.96","6,431.04","6,443.95","6,363.42","","-1.69%"
"May 10, 2019","6,485.24","6,531.94","6,553.30","6,419.70","","-1.17%"
"May 09, 2019","6,562.19","6,551.77","6,601.19","6,540.02","","-0.67%"
"May 08, 2019","6,606.29","6,697.13","6,702.73","6,587.66","","-2.81%"
"May 07, 2019","6,797.39","6,674.95","6,801.63","6,612.82","","+1.77%"
"Apr 26, 2019","6,678.98","6,576.81","6,690.03","6,557.61","","+1.06%"
"Apr 25, 2019","6,608.93","6,568.60","6,621.54","6,565.73","","+0.52%"
"Apr 24, 2019","6,574.43","6,610.07","6,647.54","6,558.10","","+0.10%"
"Apr 23, 2019","6,567.97","6,511.52","6,570.22","6,510.89","","+1.14%"
"Apr 22, 2019","6,494.05","6,449.51","6,504.97","6,430.28","","+0.87%"
"Apr 19, 2019","6,437.86","6,428.95","6,454.98","6,393.57","","+0.44%"
"Apr 18, 2019","6,409.66","6,539.13","6,552.89","6,395.64","","-2.74%"
"Apr 17, 2019","6,590.24","6,638.91","6,639.36","6,560.28","","-1.03%"
"Apr 16, 2019","6,658.53","6,673.00","6,692.06","6,649.08","","-0.65%"
"Apr 15, 2019","6,702.08","6,644.76","6,702.08","6,640.91","","+1.81%"
"Apr 12, 2019","6,583.17","6,661.23","6,662.64","6,559.31","","-0.77%"
"Apr 11, 2019","6,634.29","6,616.60","6,659.50","6,615.64","","-0.07%"
"Apr 10, 2019","6,638.69","6,558.20","6,642.59","6,551.88","","-0.13%"
"Apr 09, 2019","6,647.22","6,620.42","6,648.89","6,604.06","","+0.36%"
"Apr 08, 2019","6,623.64","6,615.92","6,627.79","6,571.52","","+0.19%"
"Apr 05, 2019","6,611.28","6,649.71","6,682.89","6,588.55","","-0.25%"
"Apr 04, 2019","6,628.14","6,610.12","6,647.25","6,583.84","","-0.21%"
"Apr 03, 2019","6,641.97","6,624.21","6,659.81","6,586.25","","+0.83%"
"Apr 02, 2019","6,587.01","6,655.62","6,658.91","6,569.92","","+0.10%"
"Apr 01, 2019","6,580.44","6,599.74","6,617.04","6,560.45","","+1.18%"
"Mar 29, 2019","6,503.55","6,532.40","6,541.84","6,472.95","","+0.51%"
"Mar 28, 2019","6,470.74","6,501.18","6,501.50","6,406.80","","-1.27%"
"Mar 27, 2019","6,553.74","6,513.59","6,569.81","6,503.40","","+0.22%"
"Mar 26, 2019","6,539.36","6,499.88","6,549.25","6,497.82","","+1.82%"
"Mar 25, 2019","6,422.16","6,497.43","6,505.36","6,378.93","","-2.76%"
"Mar 22, 2019","6,604.65","6,583.73","6,609.11","6,547.86","","+0.95%"
"Mar 20, 2019","6,542.54","6,496.44","6,550.30","6,491.91","","-0.21%"
"Mar 19, 2019","6,556.11","6,563.31","6,563.31","6,497.18","","-0.66%"
"Mar 18, 2019","6,599.89","6,601.03","6,614.05","6,572.09","","+0.76%"
"Mar 15, 2019","6,550.29","6,524.66","6,591.52","6,521.40","","+1.10%"
"Mar 14, 2019","6,479.22","6,534.31","6,540.16","6,460.99","","-0.21%"
"Mar 13, 2019","6,492.76","6,513.33","6,529.99","6,444.17","","-0.68%"
"Mar 12, 2019","6,536.93","6,471.88","6,567.62","6,458.93","","+1.97%"
"Mar 11, 2019","6,410.84","6,444.01","6,480.87","6,393.26","","-0.61%"
"Mar 08, 2019","6,450.14","6,520.29","6,528.74","6,430.61","","-1.46%"
"Mar 07, 2019","6,545.74","6,525.64","6,561.18","6,523.04","","-0.95%"
"Mar 06, 2019","6,608.84","6,612.48","6,619.09","6,588.66","","+0.09%"
"Mar 05, 2019","6,602.99","6,572.59","6,612.30","6,565.71","","-0.23%"
"Mar 04, 2019","6,618.45","6,529.16","6,624.77","6,525.43","","+2.66%"
"Mar 01, 2019","6,446.86","6,420.02","6,477.20","6,412.26","","+1.10%"
"Feb 28, 2019","6,376.41","6,378.77","6,416.61","6,352.64","","-0.26%"
"Feb 27, 2019","6,393.34","6,383.15","6,421.37","6,363.74","","+0.20%"
"Feb 26, 2019","6,380.52","6,403.71","6,418.03","6,360.10","","-0.16%"
"Feb 25, 2019","6,390.62","6,404.05","6,411.83","6,377.90","","+0.67%"
"Feb 22, 2019","6,348.28","6,351.48","6,376.31","6,344.60","","-0.28%"
"Feb 21, 2019","6,366.14","6,380.68","6,390.75","6,305.98","","+0.30%"
"Feb 20, 2019","6,347.09","6,333.00","6,374.81","6,316.75","","-0.24%"
"Feb 19, 2019","6,362.28","6,328.51","6,370.39","6,328.51","","+0.38%"
"Feb 18, 2019","6,338.27","6,349.64","6,417.04","6,310.81","","+1.16%"
"Feb 15, 2019","6,265.33","6,254.51","6,272.80","6,211.79","","-0.46%"
"Feb 14, 2019","6,294.57","6,251.71","6,309.29","6,234.40","","+0.58%"
"Feb 13, 2019","6,258.21","6,218.79","6,276.44","6,202.08","","+1.10%"
"Feb 12, 2019","6,190.01","6,104.72","6,201.97","6,087.32","","+2.07%"
"Feb 08, 2019","6,064.33","6,022.48","6,126.02","6,018.01","","-0.30%"
"Feb 07, 2019","6,082.54","6,105.43","6,113.34","6,034.29","","-0.82%"
"Feb 06, 2019","6,132.99","6,101.53","6,154.51","6,097.89","","+1.03%"
"Feb 05, 2019","6,070.34","6,077.44","6,096.00","6,059.00","","-0.09%"
"Feb 04, 2019","6,076.06","6,090.74","6,100.39","6,046.65","","+0.24%"
"Feb 01, 2019","6,061.36","5,980.40","6,082.29","5,972.74","","+2.20%"
"Jan 31, 2019","5,931.17","5,970.94","5,990.24","5,916.70","","+0.85%"
"Jan 30, 2019","5,881.38","5,871.82","5,919.08","5,868.07","","-0.45%"
"Jan 29, 2019","5,907.98","5,858.40","5,915.99","5,851.69","","+0.52%"
"Jan 28, 2019","5,877.37","5,942.59","5,949.67","5,873.87","","-0.74%"
"Jan 25, 2019","5,921.15","5,926.69","5,968.37","5,916.62","","+0.34%"
"Jan 24, 2019","5,901.20","5,847.55","5,905.43","5,847.35","","+0.31%"
"Jan 23, 2019","5,883.13","5,840.43","5,933.39","5,840.37","","+0.21%"
"Jan 22, 2019","5,870.65","5,907.30","5,941.45","5,848.31","","-0.58%"
"Jan 21, 2019","5,904.70","5,925.65","5,942.43","5,876.30","","+0.68%"
"Jan 18, 2019","5,864.58","5,868.05","5,902.80","5,841.13","","-0.17%"
"Jan 17, 2019","5,874.79","5,884.30","5,902.64","5,833.18","","+0.79%"
"Jan 16, 2019","5,828.86","5,849.66","5,880.43","5,813.17","","-0.51%"
"Jan 15, 2019","5,858.86","5,691.71","5,872.12","5,690.24","","+2.55%"
"Jan 11, 2019","5,713.15","5,643.96","5,722.77","5,627.13","","+1.92%"
"Jan 10, 2019","5,605.40","5,677.43","5,686.80","5,597.78","","-1.98%"
"Jan 09, 2019","5,718.54","5,656.57","5,744.67","5,656.57","","+2.20%"
"Jan 08, 2019","5,595.62","5,520.72","5,631.84","5,520.72","","+2.37%"
"Jan 07, 2019","5,466.01","5,407.67","5,494.20","5,406.81","","+2.94%"
"Jan 04, 2019","5,310.02","5,519.76","5,521.03","5,293.08","","-5.48%"
"Dec 28, 2018","5,618.01","5,624.01","5,635.51","5,570.27","","-0.98%"
"Dec 27, 2018","5,673.85","5,436.91","5,708.55","5,436.91","","+6.32%"
"Dec 26, 2018","5,336.36","5,250.54","5,347.28","5,250.48","","+3.00%"
"Dec 25, 2018","5,181.03","5,472.50","5,472.50","5,171.97","","-7.02%"
"Dec 21, 2018","5,572.47","5,594.48","5,646.24","5,515.37","","-0.33%"
"Dec 20, 2018","5,590.87","5,647.18","5,743.09","5,548.33","","-1.47%"
"Dec 19, 2018","5,674.10","5,668.70","5,708.35","5,620.48","","+0.43%"
"Dec 18, 2018","5,649.53","5,751.10","5,753.09","5,649.53","","-2.94%"
"Dec 17, 2018","5,820.77","5,836.24","5,867.79","5,795.32","","-0.15%"
"Dec 14, 2018","5,829.77","5,972.33","5,988.27","5,818.67","","-3.21%"
"Dec 13, 2018","6,023.14","6,017.90","6,061.60","5,986.23","","+0.64%"
"Dec 12, 2018","5,984.97","5,812.90","5,990.52","5,810.37","","+4.25%"
"Dec 11, 2018","5,740.72","5,806.53","5,806.53","5,719.23","","-0.36%"
"Dec 10, 2018","5,761.67","5,797.32","5,803.15","5,735.51","","-2.15%"
"Dec 07, 2018","5,888.41","5,864.72","5,928.40","5,814.17","","+1.38%"
"Dec 06, 2018","5,808.25","5,928.08","5,935.17","5,764.91","","-2.70%"
"Dec 05, 2018","5,969.21","5,940.93","6,002.10","5,905.43","","-0.55%"
"Dec 04, 2018","6,002.22","6,128.59","6,152.87","6,002.22","","-1.51%"
"Dec 03, 2018","6,093.99","6,121.37","6,121.37","6,082.94","","+0.59%"
"Nov 30, 2018","6,058.13","6,004.48","6,069.98","6,003.44","","+0.99%"
"Nov 29, 2018","5,998.81","6,036.10","6,083.28","5,991.28","","+0.58%"
"Nov 28, 2018","5,964.47","5,979.13","6,002.93","5,926.99","","-0.13%"
"Nov 27, 2018","5,972.05","5,973.64","5,997.56","5,959.72","","+0.41%"
"Nov 26, 2018","5,947.67","5,933.21","5,969.87","5,917.65","","+0.24%"
"Nov 22, 2018","5,933.72","5,933.78","5,968.69","5,890.42","","+0.58%"
"Nov 21, 2018","5,899.26","5,860.38","5,923.25","5,829.55","","-0.91%"
"Nov 20, 2018","5,953.43","5,980.66","5,990.10","5,937.18","","-1.46%"
"Nov 19, 2018","6,041.42","5,975.10","6,041.42","5,973.67","","+1.67%"
"Nov 16, 2018","5,942.44","5,971.84","5,986.45","5,933.87","","+0.02%"
"Nov 15, 2018","5,941.15","5,907.76","5,955.18","5,860.12","","-0.58%"
"Nov 14, 2018","5,975.82","5,972.91","6,028.17","5,962.77","","+0.10%"
"Nov 13, 2018","5,969.83","5,980.53","5,985.58","5,879.54","","-1.69%"
"Nov 12, 2018","6,072.45","6,044.02","6,101.64","6,010.72","","-0.12%"
"Nov 09, 2018","6,079.64","6,070.96","6,114.56","6,061.75","","-0.36%"
"Nov 08, 2018","6,101.61","6,114.39","6,151.14","6,099.08","","+1.00%"
"Nov 07, 2018","6,040.98","6,105.97","6,106.07","6,012.76","","-0.93%"
"Nov 06, 2018","6,097.64","6,074.55","6,114.87","6,069.26","","+0.78%"
"Nov 05, 2018","6,050.72","6,075.58","6,090.05","6,030.43","","-1.41%"
"Nov 02, 2018","6,137.10","6,021.54","6,142.25","6,006.85","","+2.43%"
"Nov 01, 2018","5,991.68","5,943.11","6,016.39","5,937.69","","+0.86%"
"Oct 31, 2018","5,940.82","5,794.79","5,946.67","5,782.03","","+3.99%"
"Oct 30, 2018","5,713.10","5,603.20","5,740.68","5,580.71","","+2.06%"
"Oct 29, 2018","5,597.53","5,747.39","5,770.65","5,590.15","","-2.29%"
"Oct 26, 2018","5,728.63","5,827.29","5,858.84","5,676.85","","-1.53%"
"Oct 25, 2018","5,817.65","5,920.53","5,926.12","5,801.09","","-3.52%"
"Oct 24, 2018","6,029.73","6,035.55","6,066.80","6,000.85","","+0.15%"
"Oct 23, 2018","6,020.55","6,108.32","6,119.49","6,016.09","","-2.56%"
"Oct 22, 2018","6,178.83","6,126.14","6,205.02","6,090.63","","-0.46%"
"Oct 19, 2018","6,207.30","6,149.51","6,213.40","6,132.51","","-0.56%"
"Oct 18, 2018","6,242.45","6,264.79","6,272.89","6,214.76","","-0.02%"
"Oct 17, 2018","6,243.58","6,169.63","6,250.08","6,159.19","","+2.44%"
"Oct 16, 2018","6,095.12","6,162.45","6,166.22","6,043.26","","-0.86%"
"Oct 15, 2018","6,147.78","6,218.64","6,221.53","6,147.78","","-1.87%"
"Oct 12, 2018","6,264.73","6,150.92","6,277.00","6,150.92","","+0.60%"
"Oct 11, 2018","6,227.53","6,393.34","6,394.24","6,178.12","","-4.45%"
"Oct 10, 2018","6,517.42","6,513.07","6,528.45","6,471.51","","+0.70%"
"Oct 09, 2018","6,472.26","6,565.49","6,565.49","6,456.26","","-2.49%"
"Oct 05, 2018","6,637.61","6,639.63","6,678.20","6,630.08","","-0.73%"
"Oct 04, 2018","6,686.22","6,754.86","6,754.86","6,679.33","","0.00%"
"Oct 03, 2018","6,686.49","6,688.43","6,728.68","6,667.87","","-0.18%"
"Oct 02, 2018","6,698.48","6,679.23","6,737.24","6,662.90","","+0.88%"
"Oct 01, 2018","6,639.82","6,643.33","6,654.21","6,610.78","","+0.28%"
"Sep 28, 2018","6,621.41","6,645.17","6,662.56","6,603.26","","+0.49%"
"Sep 27, 2018","6,589.19","6,615.36","6,667.03","6,585.73","","-0.56%"
"Sep 26, 2018","6,626.21","6,558.01","6,634.05","6,553.12","","+1.49%"
"Sep 25, 2018","6,528.88","6,492.97","6,528.88","6,469.26","","+0.97%"
"Sep 21, 2018","6,466.08","6,478.71","6,502.55","6,446.19","","+0.48%"
"Sep 20, 2018","6,434.94","6,485.09","6,485.09","6,419.29","","-0.41%"
"Sep 19, 2018","6,461.39","6,520.56","6,520.56","6,455.68","","+0.26%"
"Sep 18, 2018","6,444.60","6,382.18","6,461.11","6,356.56","","+1.51%"
"Sep 14, 2018","6,348.79","6,311.61","6,360.09","6,297.85","","+1.92%"
"Sep 13, 2018","6,229.36","6,225.36","6,272.35","6,204.20","","+0.01%"
"Sep 12, 2018","6,228.49","6,250.85","6,260.31","6,180.53","","+0.25%"
"Sep 11, 2018","6,212.82","6,216.91","6,224.44","6,191.23","","-0.08%"
"Sep 10, 2018","6,217.74","6,176.45","6,230.15","6,176.45","","+0.50%"
"Sep 07, 2018","6,186.54","6,171.52","6,197.06","6,154.27","","-0.25%"
"Sep 06, 2018","6,202.23","6,230.07","6,233.30","6,177.46","","-1.41%"
"Sep 05, 2018","6,290.96","6,359.07","6,359.07","6,280.90","","-0.93%"
"Sep 04, 2018","6,350.13","6,345.74","6,365.29","6,311.52","","+0.20%"
"Sep 03, 2018","6,337.46","6,366.79","6,371.64","6,324.31","","-0.31%"
"Aug 31, 2018","6,356.89","6,299.72","6,377.97","6,284.44","","+0.68%"
"Aug 30, 2018","6,313.71","6,400.99","6,407.31","6,305.53","","-0.95%"
"Aug 29, 2018","6,374.53","6,340.22","6,414.63","6,337.11","","+0.98%"
"Aug 28, 2018","6,312.37","6,358.91","6,363.12","6,309.29","","+0.16%"
"Aug 27, 2018","6,302.24","6,287.78","6,320.34","6,263.85","","+1.08%"
"Aug 24, 2018","6,235.17","6,246.59","6,246.59","6,193.47","","+0.50%"
"Aug 23, 2018","6,203.95","6,252.49","6,253.39","6,191.17","","-0.37%"
"Aug 22, 2018","6,226.83","6,216.45","6,245.32","6,198.37","","+0.88%"
"Aug 21, 2018","6,172.69","6,126.53","6,196.75","6,114.62","","+0.30%"
"Aug 20, 2018","6,154.40","6,198.84","6,215.61","6,142.98","","-0.59%"
"Aug 17, 2018","6,190.80","6,175.56","6,205.97","6,142.49","","+1.70%"
"Aug 16, 2018","6,087.15","6,054.82","6,122.31","6,013.29","","-0.56%"
"Aug 15, 2018","6,121.17","6,183.56","6,186.63","6,082.76","","-0.90%"
"Aug 14, 2018","6,176.59","6,016.17","6,178.98","6,014.12","","+2.79%"
"Aug 13, 2018","6,008.79","6,104.42","6,104.42","6,008.79","","-2.33%"
"Aug 10, 2018","6,152.04","6,273.69","6,273.74","6,149.62","","-1.77%"
"Aug 09, 2018","6,262.86","6,262.96","6,301.47","6,204.60","","-0.18%"
"Aug 08, 2018","6,274.18","6,236.57","6,326.26","6,212.57","","+0.57%"
"Aug 07, 2018","6,238.76","6,271.50","6,288.78","6,221.00","","-0.67%"
"Aug 06, 2018","6,280.90","6,381.84","6,439.39","6,279.03","","-1.08%"
"Aug 03, 2018","6,349.61","6,299.22","6,355.92","6,220.04","","+1.10%"
"Aug 02, 2018","6,280.73","6,325.61","6,361.68","6,269.73","","-0.65%"
"Aug 01, 2018","6,321.91","6,322.75","6,335.25","6,280.04","","+0.28%"
"Jul 31, 2018","6,303.97","6,258.79","6,326.69","6,244.73","","+0.13%"
"Jul 30, 2018","6,295.61","6,343.98","6,352.40","6,290.60","","-1.08%"
"Jul 27, 2018","6,364.60","6,306.81","6,366.22","6,286.67","","+1.01%"
"Jul 26, 2018","6,301.23","6,323.01","6,336.26","6,290.50","","+0.59%"
"Jul 25, 2018","6,264.08","6,299.10","6,303.63","6,253.79","","-0.20%"
"Jul 24, 2018","6,276.73","6,317.70","6,317.70","6,265.15","","+0.40%"
"Jul 23, 2018","6,251.56","6,217.50","6,260.59","6,217.50","","-0.33%"
"Jul 20, 2018","6,272.43","6,283.65","6,311.87","6,232.97","","-0.15%"
"Jul 19, 2018","6,281.74","6,320.89","6,338.13","6,276.21","","-0.84%"
"Jul 18, 2018","6,335.13","6,317.79","6,359.91","6,304.91","","+1.35%"
"Jul 17, 2018","6,250.53","6,235.53","6,280.82","6,206.09","","+1.07%"
"Jul 13, 2018","6,184.64","6,125.94","6,196.18","6,119.53","","+1.92%"
"Jul 12, 2018","6,068.30","6,030.41","6,076.49","6,026.84","","+1.05%"
"Jul 11, 2018","6,005.49","6,027.85","6,036.29","5,955.24","","-0.75%"
"Jul 10, 2018","6,050.77","6,033.06","6,103.66","6,022.73","","+0.72%"
"Jul 09, 2018","6,007.70","5,946.52","6,020.09","5,946.10","","+1.37%"
"Jul 06, 2018","5,926.63","5,936.35","5,946.26","5,877.12","","+0.39%"
"Jul 05, 2018","5,903.49","5,923.04","5,965.19","5,884.54","","-1.02%"
"Jul 04, 2018","5,964.31","5,959.94","5,978.82","5,923.03","","-0.59%"
"Jul 03, 2018","5,999.90","6,067.90","6,076.79","5,955.82","","-1.22%"
"Jul 02, 2018","6,073.83","6,146.35","6,213.12","6,063.03","","-1.06%"
"Jun 29, 2018","6,139.08","6,179.48","6,193.76","6,100.18","","-0.22%"
"Jun 28, 2018","6,152.50","6,134.58","6,163.44","6,098.99","","-0.49%"
"Jun 27, 2018","6,182.73","6,158.42","6,206.45","6,148.06","","+0.78%"
"Jun 26, 2018","6,135.02","6,105.57","6,150.23","6,087.53","","-0.57%"
"Jun 25, 2018","6,170.47","6,247.77","6,256.77","6,163.36","","-0.67%"
"Jun 22, 2018","6,212.29","6,145.20","6,222.87","6,145.20","","-0.32%"
"Jun 21, 2018","6,232.46","6,228.20","6,281.44","6,224.44","","+0.10%"
"Jun 20, 2018","6,226.48","6,149.76","6,236.55","6,107.57","","+1.10%"
"Jun 19, 2018","6,158.92","6,258.58","6,266.28","6,158.92","","-1.25%"
"Jun 18, 2018","6,236.77","6,270.02","6,274.45","6,230.68","","-0.57%"
"Jun 15, 2018","6,272.59","6,282.44","6,285.66","6,240.05","","+0.80%"
"Jun 14, 2018","6,222.84","6,271.95","6,271.95","6,221.66","","-1.04%"
"Jun 13, 2018","6,288.47","6,256.09","6,311.22","6,248.08","","+0.35%"
"Jun 12, 2018","6,266.51","6,291.91","6,297.11","6,233.78","","+0.61%"
"Jun 11, 2018","6,228.52","6,205.40","6,245.57","6,205.40","","+0.71%"
"Jun 08, 2018","6,184.53","6,218.75","6,241.20","6,184.53","","-0.39%"
"Jun 07, 2018","6,208.86","6,254.87","6,259.49","6,200.74","","-0.83%"
"Jun 06, 2018","6,260.55","6,222.31","6,268.11","6,215.60","","+0.38%"
"Jun 05, 2018","6,236.70","6,274.58","6,302.01","6,230.29","","-0.11%"
"Jun 04, 2018","6,243.84","6,207.07","6,262.30","6,207.07","","+1.67%"
"Jun 01, 2018","6,141.53","6,124.44","6,178.20","6,110.85","","+0.01%"
"May 31, 2018","6,141.05","6,097.27","6,146.42","6,087.85","","+1.64%"
"May 30, 2018","6,042.15","6,032.56","6,076.10","5,999.72","","-1.18%"
"May 29, 2018","6,114.44","6,140.80","6,141.32","6,089.17","","-0.76%"
"May 28, 2018","6,161.27","6,177.54","6,202.41","6,146.11","","-0.11%"
"May 25, 2018","6,168.08","6,115.98","6,180.48","6,099.78","","+0.68%"
"May 24, 2018","6,126.25","6,180.22","6,193.15","6,106.07","","-1.11%"
"May 23, 2018","6,195.05","6,187.71","6,249.50","6,168.36","","-0.73%"
"May 22, 2018","6,240.60","6,230.95","6,257.40","6,218.83","","-0.26%"
"May 21, 2018","6,256.81","6,262.71","6,307.80","6,256.81","","-0.18%"
"May 18, 2018","6,268.10","6,259.73","6,279.05","6,250.24","","+0.13%"
"May 17, 2018","6,259.80","6,247.24","6,277.60","6,239.87","","+1.02%"
"May 16, 2018","6,196.72","6,182.17","6,208.58","6,172.90","","+0.03%"
"May 15, 2018","6,194.63","6,165.13","6,206.44","6,161.18","","+0.93%"
"May 14, 2018","6,137.75","6,081.02","6,148.88","6,047.19","","+0.05%"
"May 11, 2018","6,134.88","5,996.65","6,142.45","5,996.65","","+2.63%"
"May 10, 2018","5,977.87","5,958.72","5,988.27","5,922.14","","+1.03%"
"May 09, 2018","5,917.18","5,964.86","5,973.81","5,903.87","","-1.51%"
"May 08, 2018","6,007.72","5,987.69","6,031.53","5,983.20","","+0.19%"
"May 07, 2018","5,996.42","6,003.16","6,010.34","5,947.41","","-0.56%"
"May 02, 2018","6,030.43","6,063.05","6,063.05","6,002.65","","-0.46%"
"May 01, 2018","6,058.28","6,038.97","6,090.84","6,038.97","","-0.04%"
"Apr 27, 2018","6,060.78","6,100.43","6,101.65","6,033.07","","+0.10%"
"Apr 26, 2018","6,054.88","6,027.65","6,071.43","6,015.50","","+0.70%"
"Apr 25, 2018","6,012.69","5,984.65","6,019.36","5,949.02","","+0.22%"
"Apr 24, 2018","5,999.49","5,958.55","6,007.28","5,937.63","","+1.29%"
"Apr 23, 2018","5,923.16","5,980.95","5,986.99","5,911.22","","-1.52%"
"Apr 20, 2018","6,014.64","5,991.01","6,044.77","5,964.85","","+0.14%"
"Apr 19, 2018","6,006.26","6,051.09","6,053.80","6,003.18","","+0.02%"
"Apr 18, 2018","6,005.07","5,903.53","6,016.95","5,903.53","","+1.77%"
"Apr 17, 2018","5,900.77","5,886.19","5,919.66","5,878.06","","+0.11%"
"Apr 16, 2018","5,894.54","5,890.09","5,912.45","5,869.13","","+0.88%"
"Apr 13, 2018","5,843.28","5,830.75","5,854.65","5,813.71","","+1.26%"
"Apr 12, 2018","5,770.70","5,752.42","5,783.07","5,742.00","","+0.54%"
"Apr 11, 2018","5,739.50","5,833.70","5,833.70","5,732.58","","-1.95%"
"Apr 10, 2018","5,853.43","5,825.81","5,883.28","5,786.87","","+0.43%"
"Apr 09, 2018","5,828.49","5,767.39","5,839.59","5,766.79","","+0.99%"
"Apr 06, 2018","5,771.28","5,792.20","5,832.33","5,747.58","","-0.19%"
"Apr 05, 2018","5,782.49","5,705.00","5,806.54","5,694.01","","+2.78%"
"Apr 04, 2018","5,625.94","5,646.45","5,646.45","5,596.15","","+0.08%"
"Apr 03, 2018","5,621.57","5,587.15","5,641.84","5,561.96","","-0.53%"
"Apr 02, 2018","5,651.30","5,693.13","5,715.67","5,651.30","","-1.09%"
"Mar 30, 2018","5,713.40","5,732.24","5,732.83","5,679.70","","+1.03%"
"Mar 29, 2018","5,655.19","5,699.79","5,699.79","5,609.63","","+0.09%"
"Mar 28, 2018","5,650.14","5,592.98","5,653.54","5,579.70","","-0.73%"
"Mar 27, 2018","5,691.62","5,646.11","5,699.16","5,631.08","","+2.13%"
"Mar 26, 2018","5,572.88","5,473.68","5,572.88","5,449.42","","+0.57%"
"Mar 23, 2018","5,541.43","5,732.07","5,732.07","5,525.98","","-5.10%"
"Mar 22, 2018","5,839.36","5,753.78","5,843.79","5,753.78","","+1.56%"
"Mar 20, 2018","5,749.58","5,723.98","5,751.73","5,694.73","","-0.85%"
"Mar 19, 2018","5,798.98","5,847.88","5,876.32","5,767.50","","-1.58%"
"Mar 16, 2018","5,891.90","5,954.41","5,954.41","5,864.85","","-0.83%"
"Mar 15, 2018","5,941.49","5,922.63","5,949.69","5,871.73","","+0.26%"
"Mar 14, 2018","5,926.34","5,943.28","5,950.84","5,900.07","","-0.67%"
"Mar 13, 2018","5,966.41","5,883.44","5,966.41","5,872.45","","+1.38%"
"Mar 12, 2018","5,885.12","5,929.63","5,929.63","5,842.72","","+0.84%"
"Mar 09, 2018","5,836.27","5,853.87","5,933.89","5,801.50","","+0.91%"
"Mar 08, 2018","5,783.64","5,791.20","5,797.10","5,754.93","","+0.64%"
"Mar 07, 2018","5,746.70","5,713.25","5,805.50","5,713.25","","+0.24%"
"Mar 06, 2018","5,732.97","5,704.26","5,763.73","5,697.00","","+2.47%"
"Mar 05, 2018","5,594.92","5,638.06","5,662.26","5,572.30","","-1.67%"
"Mar 02, 2018","5,690.17","5,772.32","5,777.19","5,678.91","","-3.16%"
"Mar 01, 2018","5,875.96","5,958.47","5,958.47","5,854.77","","-2.03%"
"Feb 28, 2018","5,997.92","6,027.83","6,074.04","5,997.92","","+0.28%"
"Feb 27, 2018","5,981.36","5,949.81","5,984.74","5,927.23","","+1.47%"
"Feb 26, 2018","5,894.72","5,799.85","5,903.77","5,799.35","","+2.13%"
"Feb 23, 2018","5,771.78","5,779.96","5,779.96","5,738.45","","-0.16%"
"Feb 22, 2018","5,780.97","5,816.62","5,825.34","5,761.23","","-1.09%"
"Feb 21, 2018","5,844.42","5,830.08","5,882.24","5,794.22","","+0.41%"
"Feb 20, 2018","5,820.53","5,853.25","5,858.52","5,806.71","","-0.92%"
"Feb 19, 2018","5,874.75","5,805.18","5,877.50","5,777.32","","+2.12%"
"Feb 16, 2018","5,752.58","5,722.31","5,787.23","5,705.65","","+0.20%"
"Feb 15, 2018","5,741.05","5,674.80","5,752.81","5,651.47","","+2.27%"
"Feb 14, 2018","5,613.47","5,656.38","5,672.95","5,562.99","","-1.10%"
"Feb 13, 2018","5,676.11","5,751.94","5,778.64","5,660.58","","+0.22%"
"Feb 09, 2018","5,663.48","5,635.48","5,663.48","5,582.59","","-0.21%"
"Feb 08, 2018","5,675.37","5,645.60","5,715.08","5,618.96","","+1.32%"
"Feb 07, 2018","5,601.38","5,653.86","5,754.99","5,600.15","","+0.82%"
"Feb 06, 2018","5,555.90","5,700.85","5,700.87","5,425.10","","-4.40%"
"Feb 05, 2018","5,811.59","5,862.62","5,885.49","5,805.44","","-2.26%"
"Feb 02, 2018","5,945.72","5,976.86","5,982.09","5,909.71","","-0.15%"
"Feb 01, 2018","5,954.43","5,913.70","5,974.10","5,898.55","","+1.17%"
"Jan 31, 2018","5,885.34","6,005.90","6,031.63","5,882.71","","-1.92%"
"Jan 30, 2018","6,000.63","6,050.79","6,063.73","5,960.39","","-0.83%"
"Jan 29, 2018","6,051.14","6,063.38","6,098.62","6,046.32","","+0.11%"
"Jan 26, 2018","6,044.40","6,061.27","6,089.77","6,039.75","","+0.79%"
"Jan 25, 2018","5,997.09","6,016.40","6,054.54","5,993.18","","-1.21%"
"Jan 24, 2018","6,070.37","6,078.09","6,097.80","6,060.35","","-0.16%"
"Jan 23, 2018","6,080.39","6,032.49","6,083.90","6,015.40","","+1.92%"
"Jan 22, 2018","5,966.05","5,984.71","5,984.71","5,946.13","","0.00%"
"Jan 19, 2018","5,966.34","6,033.53","6,037.65","5,947.37","","-0.50%"
"Jan 18, 2018","5,996.06","6,051.33","6,067.67","5,989.00","","+0.21%"
"Jan 17, 2018","5,983.22","5,990.52","6,015.91","5,974.49","","-0.29%"
"Jan 16, 2018","6,000.87","5,982.03","6,012.98","5,966.55","","+0.33%"
"Jan 15, 2018","5,981.39","5,997.00","6,004.00","5,980.51","","+0.52%"
"Jan 12, 2018","5,950.44","5,994.34","5,994.34","5,942.68","","-1.26%"
"Jan 11, 2018","6,026.50","6,029.71","6,041.22","6,003.11","","-0.88%"
"Jan 10, 2018","6,080.06","6,144.64","6,144.64","6,077.39","","-1.28%"
"Jan 09, 2018","6,159.13","6,193.12","6,196.47","6,130.77","","+0.08%"
"Jan 05, 2018","6,154.50","6,087.97","6,154.77","6,075.97","","+1.59%"
"Jan 04, 2018","6,058.12","5,950.62","6,059.51","5,946.85","","+3.14%"
"Dec 29, 2017","5,873.74","5,884.27","5,904.31","5,865.13","","+0.26%"
"Dec 28, 2017","5,858.72","5,905.19","5,910.02","5,846.57","","-0.62%"
"Dec 27, 2017","5,895.22","5,910.02","5,916.14","5,887.00","","+0.01%"
"Dec 26, 2017","5,894.83","5,916.77","5,921.32","5,889.80","","-0.53%"
"Dec 25, 2017","5,926.37","5,898.03","5,929.01","5,888.59","","+0.54%"
"Dec 22, 2017","5,894.54","5,882.70","5,897.78","5,868.95","","+0.01%"
"Dec 21, 2017","5,893.78","5,894.51","5,903.12","5,863.96","","+0.19%"
"Dec 20, 2017","5,882.60","5,860.17","5,887.05","5,854.30","","+0.61%"
"Dec 19, 2017","5,847.12","5,874.09","5,874.15","5,828.10","","-0.09%"
"Dec 18, 2017","5,852.62","5,825.56","5,863.43","5,811.17","","+1.50%"
"Dec 15, 2017","5,766.11","5,793.13","5,807.48","5,740.05","","-0.50%"
"Dec 14, 2017","5,795.18","5,817.94","5,819.96","5,785.04","","+0.05%"
"Dec 13, 2017","5,792.54","5,806.55","5,819.73","5,775.91","","-0.08%"
"Dec 12, 2017","5,797.21","5,850.94","5,864.26","5,787.35","","-0.98%"
"Dec 11, 2017","5,854.76","5,861.70","5,861.70","5,812.23","","+0.60%"
"Dec 08, 2017","5,819.62","5,768.38","5,833.98","5,755.28","","+1.89%"
"Dec 07, 2017","5,711.68","5,684.84","5,735.75","5,683.03","","+1.21%"
"Dec 06, 2017","5,643.26","5,744.79","5,762.84","5,639.80","","-2.23%"
"Dec 05, 2017","5,772.07","5,767.44","5,784.32","5,737.73","","-0.85%"
"Dec 04, 2017","5,821.71","5,887.63","5,891.32","5,816.04","","-1.36%"
"Dec 01, 2017","5,902.16","5,914.89","5,931.15","5,862.93","","+0.45%"
"Nov 30, 2017","5,875.51","5,876.52","5,896.37","5,815.35","","-0.13%"
"Nov 29, 2017","5,883.38","5,937.40","5,951.58","5,866.83","","+0.14%"
"Nov 28, 2017","5,875.35","5,895.92","5,896.60","5,839.59","","-0.56%"
"Nov 27, 2017","5,908.61","5,942.46","5,947.44","5,886.33","","-0.59%"
"Nov 24, 2017","5,943.94","5,877.51","5,953.64","5,877.51","","+0.14%"
"Nov 22, 2017","5,935.47","5,969.60","5,988.29","5,933.50","","+0.14%"
"Nov 21, 2017","5,926.93","5,954.78","5,975.73","5,926.93","","+0.11%"
"Nov 20, 2017","5,920.21","5,896.34","5,931.76","5,871.74","","+0.12%"
"Nov 17, 2017","5,912.90","5,925.44","5,977.12","5,889.25","","+0.57%"
"Nov 16, 2017","5,879.55","5,743.91","5,891.23","5,733.07","","+1.58%"
"Nov 15, 2017","5,787.92","5,840.99","5,850.42","5,756.60","","-1.98%"
"Nov 14, 2017","5,904.69","5,888.79","5,939.10","5,887.61","","0.00%"
"Nov 13, 2017","5,904.94","5,949.79","5,968.65","5,904.51","","-1.08%"
"Nov 10, 2017","5,969.43","5,911.88","5,976.15","5,870.91","","+0.21%"
"Nov 09, 2017","5,956.75","5,991.35","6,079.70","5,877.36","","+0.30%"
"Nov 08, 2017","5,938.86","5,874.67","5,948.52","5,858.11","","+0.82%"
"Nov 07, 2017","5,890.72","5,798.39","5,896.70","5,790.53","","+0.81%"
"Nov 06, 2017","5,843.30","5,865.44","5,865.44","5,808.53","","+0.26%"
"Nov 02, 2017","5,827.95","5,841.60","5,842.41","5,795.56","","+0.04%"
"Nov 01, 2017","5,825.85","5,777.63","5,836.26","5,777.63","","+1.59%"
"Oct 31, 2017","5,734.80","5,722.88","5,743.13","5,697.62","","-0.01%"
"Oct 30, 2017","5,735.33","5,769.83","5,778.62","5,711.54","","-0.86%"
"Oct 27, 2017","5,784.80","5,790.33","5,806.48","5,753.27","","+0.79%"
"Oct 26, 2017","5,739.25","5,739.91","5,757.60","5,729.31","","-0.19%"
"Oct 25, 2017","5,750.38","5,785.69","5,794.55","5,736.57","","-0.41%"
"Oct 24, 2017","5,774.08","5,717.87","5,777.21","5,717.87","","+1.04%"
"Oct 23, 2017","5,714.74","5,717.61","5,723.57","5,685.77","","+0.98%"
"Oct 20, 2017","5,659.02","5,663.43","5,676.37","5,648.28","","-0.32%"
"Oct 19, 2017","5,677.42","5,668.23","5,692.19","5,658.97","","+0.38%"
"Oct 18, 2017","5,655.70","5,639.34","5,667.76","5,629.87","","+0.36%"
"Oct 17, 2017","5,635.45","5,641.35","5,656.68","5,615.74","","+0.23%"
"Oct 16, 2017","5,622.68","5,598.53","5,644.04","5,596.58","","+0.54%"
"Oct 13, 2017","5,592.43","5,562.09","5,618.44","5,548.55","","+0.48%"
"Oct 12, 2017","5,565.84","5,547.13","5,601.72","5,546.70","","+0.81%"
"Oct 11, 2017","5,521.11","5,486.51","5,524.08","5,485.23","","+0.54%"
"Oct 10, 2017","5,491.59","5,466.12","5,495.10","5,466.12","","+0.26%"
"Oct 06, 2017","5,477.26","5,478.13","5,481.97","5,457.32","","+0.26%"
"Oct 05, 2017","5,463.07","5,500.97","5,500.97","5,456.54","","-0.53%"
"Oct 04, 2017","5,492.00","5,482.90","5,502.92","5,471.52","","+0.45%"
"Oct 03, 2017","5,467.33","5,448.00","5,472.17","5,419.73","","+0.71%"
"Oct 02, 2017","5,428.92","5,416.07","5,455.12","5,416.07","","+0.45%"
"Sep 29, 2017","5,404.40","5,438.83","5,457.85","5,395.19","","-0.67%"
"Sep 28, 2017","5,441.05","5,425.13","5,447.34","5,396.46","","+0.72%"
"Sep 27, 2017","5,402.06","5,417.63","5,417.63","5,388.61","","-0.39%"
"Sep 26, 2017","5,423.47","5,421.96","5,440.93","5,413.61","","-0.17%"
"Sep 25, 2017","5,432.96","5,428.20","5,445.06","5,420.26","","+0.35%"
"Sep 22, 2017","5,414.06","5,457.24","5,464.46","5,405.20","","-0.90%"
"Sep 21, 2017","5,463.49","5,510.84","5,520.53","5,463.35","","+0.02%"
"Sep 20, 2017","5,462.31","5,447.81","5,478.10","5,447.81","","-0.26%"
"Sep 19, 2017","5,476.35","5,431.29","5,489.64","5,426.02","","+1.74%"
"Sep 15, 2017","5,382.81","5,308.44","5,393.36","5,301.39","","+1.03%"
"Sep 14, 2017","5,327.71","5,351.06","5,372.97","5,327.71","","-0.73%"
"Sep 13, 2017","5,366.68","5,391.76","5,406.26","5,362.60","","-0.14%"
"Sep 12, 2017","5,374.09","5,344.24","5,383.30","5,341.97","","+1.21%"
"Sep 11, 2017","5,309.91","5,326.84","5,341.58","5,301.41","","+0.70%"
"Sep 08, 2017","5,273.05","5,258.50","5,303.19","5,258.50","","-0.30%"
"Sep 07, 2017","5,288.91","5,262.30","5,309.70","5,261.43","","+0.55%"
"Sep 06, 2017","5,259.83","5,187.87","5,272.50","5,160.91","","+0.75%"
"Sep 05, 2017","5,220.82","5,281.57","5,288.22","5,205.17","","-1.16%"
"Sep 04, 2017","5,282.18","5,307.15","5,324.40","5,271.71","","-0.85%"
"Sep 01, 2017","5,327.25","5,343.62","5,353.05","5,311.24","","+0.11%"
"Aug 31, 2017","5,321.34","5,295.98","5,328.82","5,295.76","","+0.23%"
"Aug 30, 2017","5,309.20","5,311.06","5,325.88","5,288.25","","+0.57%"
"Aug 29, 2017","5,278.86","5,247.36","5,288.63","5,247.36","","+0.07%"
"Aug 28, 2017","5,275.04","5,274.79","5,283.84","5,234.30","","+0.38%"
"Aug 25, 2017","5,255.16","5,252.34","5,271.41","5,239.49","","+0.16%"
"Aug 24, 2017","5,246.66","5,257.37","5,289.29","5,242.80","","-0.42%"
"Aug 23, 2017","5,268.62","5,309.63","5,322.76","5,259.59","","+0.03%"
"Aug 22, 2017","5,267.08","5,276.88","5,286.43","5,262.91","","-0.17%"
"Aug 21, 2017","5,275.82","5,297.77","5,297.77","5,267.79","","-0.37%"
"Aug 18, 2017","5,295.47","5,270.53","5,300.90","5,264.34","","-0.77%"
"Aug 17, 2017","5,336.83","5,340.09","5,356.99","5,330.53","","-0.10%"
"Aug 16, 2017","5,342.11","5,335.91","5,364.09","5,332.25","","+0.09%"
"Aug 15, 2017","5,337.26","5,296.61","5,358.87","5,295.75","","+1.49%"
"Aug 14, 2017","5,258.89","5,290.37","5,310.17","5,254.09","","-2.09%"
"Aug 10, 2017","5,370.90","5,344.89","5,397.15","5,340.45","","-0.08%"
"Aug 09, 2017","5,375.45","5,437.70","5,445.09","5,349.80","","-1.55%"
"Aug 08, 2017","5,459.85","5,477.63","5,480.17","5,433.71","","-0.98%"
"Aug 07, 2017","5,513.65","5,516.62","5,520.88","5,490.03","","+0.49%"
"Aug 04, 2017","5,486.68","5,456.25","5,497.48","5,451.67","","+1.04%"
"Aug 03, 2017","5,430.33","5,447.33","5,447.33","5,417.70","","-0.35%"
"Aug 02, 2017","5,449.51","5,444.68","5,465.73","5,434.59","","+0.38%"
"Aug 01, 2017","5,428.90","5,386.14","5,441.75","5,386.14","","+0.63%"
"Jul 31, 2017","5,394.93","5,415.97","5,441.25","5,382.31","","-0.63%"
"Jul 28, 2017","5,429.22","5,391.19","5,438.66","5,391.19","","+0.77%"
"Jul 27, 2017","5,387.73","5,312.29","5,440.21","5,309.29","","+1.45%"
"Jul 26, 2017","5,310.72","5,327.74","5,337.37","5,291.11","","+0.01%"
"Jul 25, 2017","5,310.06","5,345.12","5,350.58","5,310.06","","-0.46%"
"Jul 24, 2017","5,334.39","5,338.69","5,347.10","5,307.93","","-0.73%"
"Jul 21, 2017","5,373.39","5,361.85","5,392.66","5,361.85","","0.00%"
"Jul 20, 2017","5,373.28","5,332.19","5,377.59","5,327.13","","+0.74%"
"Jul 19, 2017","5,333.59","5,312.90","5,337.66","5,304.84","","-0.14%"
"Jul 18, 2017","5,341.18","5,328.37","5,348.68","5,310.05","","+0.27%"
"Jul 14, 2017","5,326.72","5,326.28","5,352.82","5,322.79","","-0.07%"
"Jul 13, 2017","5,330.62","5,344.62","5,358.43","5,313.50","","0.00%"
"Jul 12, 2017","5,330.77","5,363.76","5,372.05","5,320.99","","-0.67%"
"Jul 11, 2017","5,366.96","5,316.63","5,369.56","5,309.63","","+1.17%"
"Jul 10, 2017","5,305.14","5,306.17","5,319.09","5,286.12","","+1.07%"
"Jul 07, 2017","5,249.11","5,231.15","5,282.89","5,220.34","","-0.46%"
"Jul 06, 2017","5,273.27","5,282.86","5,310.78","5,257.17","","+0.25%"
"Jul 05, 2017","5,260.21","5,238.47","5,264.70","5,203.01","","+0.30%"
"Jul 04, 2017","5,244.50","5,322.70","5,322.70","5,227.84","","-0.96%"
"Jul 03, 2017","5,295.40","5,329.23","5,329.23","5,286.61","","-0.08%"
"Jun 30, 2017","5,299.53","5,310.39","5,310.39","5,273.29","","-1.37%"
"Jun 29, 2017","5,373.40","5,369.72","5,386.21","5,350.80","","+0.80%"
"Jun 28, 2017","5,330.61","5,340.63","5,364.82","5,324.68","","-0.71%"
"Jun 27, 2017","5,368.91","5,346.95","5,375.42","5,345.20","","+1.24%"
"Jun 26, 2017","5,303.12","5,285.25","5,323.67","5,282.36","","+0.05%"
"Jun 23, 2017","5,300.50","5,307.49","5,315.51","5,286.70","","+0.36%"
"Jun 22, 2017","5,281.54","5,281.45","5,296.68","5,270.33","","+0.52%"
"Jun 21, 2017","5,254.34","5,258.08","5,281.64","5,247.75","","-0.23%"
"Jun 20, 2017","5,266.69","5,271.31","5,288.25","5,261.90","","+0.90%"
"Jun 19, 2017","5,219.61","5,188.69","5,232.97","5,181.52","","+0.64%"
"Jun 16, 2017","5,186.65","5,167.68","5,190.74","5,136.41","","+1.23%"
"Jun 15, 2017","5,123.76","5,110.30","5,152.27","5,096.09","","-0.12%"
"Jun 14, 2017","5,129.92","5,157.72","5,173.33","5,129.57","","+0.38%"
"Jun 13, 2017","5,110.44","5,111.36","5,131.11","5,110.44","","-0.76%"
"Jun 12, 2017","5,149.38","5,136.16","5,154.33","5,114.85","","-0.51%"
"Jun 09, 2017","5,175.69","5,181.80","5,188.45","5,153.46","","-0.80%"
"Jun 08, 2017","5,217.46","5,252.45","5,268.97","5,214.25","","-0.51%"
"Jun 07, 2017","5,243.98","5,233.64","5,249.16","5,214.86","","-0.48%"
"Jun 06, 2017","5,269.41","5,315.15","5,332.08","5,268.80","","-1.37%"
"Jun 05, 2017","5,342.82","5,326.41","5,359.87","5,304.29","","+0.22%"
"Jun 02, 2017","5,330.93","5,312.97","5,336.28","5,278.59","","+1.25%"
"Jun 01, 2017","5,265.36","5,204.32","5,266.77","5,204.10","","+1.50%"
"May 31, 2017","5,187.59","5,174.96","5,200.08","5,166.32","","+0.19%"
"May 30, 2017","5,177.61","5,187.40","5,187.40","5,143.88","","-0.06%"
"May 29, 2017","5,180.67","5,181.42","5,207.27","5,173.39","","-0.06%"
"May 26, 2017","5,183.78","5,210.77","5,210.77","5,183.78","","-0.83%"
"May 25, 2017","5,227.17","5,224.36","5,241.60","5,213.14","","-0.08%"
"May 24, 2017","5,231.13","5,230.46","5,239.99","5,213.78","","+1.06%"
"May 23, 2017","5,176.14","5,185.01","5,218.76","5,163.52","","+0.40%"
"May 22, 2017","5,155.66","5,144.77","5,168.69","5,129.93","","+0.11%"
"May 19, 2017","5,149.99","5,158.39","5,164.18","5,121.69","","0.00%"
"May 18, 2017","5,149.75","5,174.59","5,191.91","5,130.90","","-1.73%"
"May 17, 2017","5,240.21","5,242.48","5,244.07","5,217.01","","-0.33%"
"May 16, 2017","5,257.65","5,224.64","5,260.13","5,224.64","","+0.86%"
"May 15, 2017","5,212.64","5,164.74","5,217.73","5,154.93","","-0.21%"
"May 12, 2017","5,223.67","5,256.26","5,278.85","5,204.56","","+0.23%"
"May 11, 2017","5,211.85","5,223.07","5,282.75","5,189.44","","+0.17%"
"May 10, 2017","5,202.91","5,197.93","5,212.90","5,188.30","","+0.21%"
"May 09, 2017","5,192.16","5,201.06","5,204.92","5,177.12","","-0.23%"
"May 08, 2017","5,203.93","5,161.12","5,212.49","5,126.41","","+1.80%"
"May 02, 2017","5,111.97","5,069.06","5,111.97","5,066.63","","+1.27%"
"May 01, 2017","5,047.90","5,012.45","5,055.60","5,006.16","","+0.65%"
"Apr 28, 2017","5,015.22","5,024.54","5,031.44","5,001.42","","-0.32%"
"Apr 27, 2017","5,031.22","4,988.18","5,036.38","4,988.18","","+0.53%"
"Apr 26, 2017","5,004.93","4,976.63","5,004.93","4,961.47","","+1.20%"
"Apr 25, 2017","4,945.44","4,889.43","4,952.44","4,878.89","","+1.37%"
"Apr 24, 2017","4,878.50","4,880.50","4,885.64","4,857.08","","+1.48%"
"Apr 21, 2017","4,807.21","4,792.77","4,814.43","4,768.63","","+1.09%"
"Apr 20, 2017","4,755.45","4,782.33","4,799.91","4,755.26","","-0.62%"
"Apr 19, 2017","4,784.96","4,779.75","4,826.40","4,779.75","","+0.05%"
"Apr 18, 2017","4,782.64","4,794.21","4,806.15","4,763.37","","+0.48%"
"Apr 17, 2017","4,759.83","4,725.24","4,772.10","4,723.01","","+0.45%"
"Apr 14, 2017","4,738.51","4,777.17","4,781.87","4,726.82","","-1.02%"
"Apr 13, 2017","4,787.17","4,749.71","4,797.58","4,748.74","","-0.22%"
"Apr 12, 2017","4,797.78","4,838.36","4,844.46","4,787.15","","-1.41%"
"Apr 11, 2017","4,866.34","4,849.13","4,888.15","4,843.73","","-0.02%"
"Apr 10, 2017","4,867.27","4,905.34","4,906.40","4,862.82","","+0.06%"
"Apr 07, 2017","4,864.44","4,898.28","4,913.37","4,825.03","","+0.09%"
"Apr 06, 2017","4,860.18","4,960.26","4,969.98","4,845.02","","-2.20%"
"Apr 05, 2017","4,969.62","4,947.67","4,978.22","4,940.44","","+1.11%"
"Apr 04, 2017","4,915.24","4,946.78","4,952.66","4,876.02","","-0.68%"
"Apr 03, 2017","4,948.69","4,968.25","4,972.63","4,941.11","","-0.06%"
"Mar 31, 2017","4,951.70","5,031.86","5,041.19","4,951.70","","-0.88%"
"Mar 30, 2017","4,995.43","5,011.85","5,043.49","4,986.67","","-0.86%"
"Mar 29, 2017","5,038.92","5,055.69","5,078.06","5,029.59","","-0.23%"
"Mar 28, 2017","5,050.53","5,033.89","5,051.56","5,016.32","","+1.42%"
"Mar 27, 2017","4,979.83","4,985.57","5,002.79","4,965.83","","-0.77%"
"Mar 24, 2017","5,018.34","4,985.49","5,035.46","4,982.93","","+0.44%"
"Mar 23, 2017","4,996.41","4,989.40","5,001.39","4,971.69","","+0.31%"
"Mar 22, 2017","4,981.06","5,000.28","5,019.46","4,966.29","","-2.15%"
"Mar 21, 2017","5,090.55","5,051.47","5,110.81","5,051.47","","+0.30%"
"Mar 17, 2017","5,075.34","5,071.74","5,085.68","5,054.85","","-0.51%"
"Mar 16, 2017","5,101.42","5,048.03","5,107.40","5,044.43","","+0.59%"
"Mar 15, 2017","5,071.48","5,046.27","5,078.07","5,043.39","","-0.10%"
"Mar 14, 2017","5,076.42","5,085.07","5,087.18","5,067.37","","+0.08%"
"Mar 13, 2017","5,072.43","5,054.27","5,088.83","5,051.49","","-0.31%"
"Mar 10, 2017","5,088.39","5,084.59","5,096.58","5,071.24","","+1.20%"
"Mar 09, 2017","5,027.92","4,988.88","5,031.02","4,977.82","","+1.44%"
"Mar 08, 2017","4,956.52","4,938.21","4,972.25","4,938.21","","+0.97%"
"Mar 07, 2017","4,909.14","4,903.41","4,922.37","4,890.27","","+0.04%"
"Mar 06, 2017","4,907.24","4,904.50","4,919.47","4,897.65","","-0.58%"
"Mar 03, 2017","4,935.75","4,956.66","4,969.03","4,914.50","","-0.20%"
"Mar 02, 2017","4,945.47","4,948.38","4,949.63","4,931.26","","+1.02%"
"Mar 01, 2017","4,895.58","4,861.79","4,897.58","4,848.41","","+1.13%"
"Feb 28, 2017","4,841.10","4,839.43","4,860.95","4,835.52","","+0.43%"
"Feb 27, 2017","4,820.46","4,813.19","4,831.30","4,787.44","","-0.71%"
"Feb 24, 2017","4,854.72","4,836.09","4,873.23","4,834.76","","-0.15%"
"Feb 23, 2017","4,862.09","4,870.76","4,870.76","4,842.16","","0.00%"
"Feb 22, 2017","4,862.25","4,861.41","4,883.02","4,857.81","","-0.17%"
"Feb 21, 2017","4,870.50","4,831.47","4,873.91","4,819.15","","+0.67%"
"Feb 20, 2017","4,838.18","4,813.03","4,842.66","4,800.20","","+0.05%"
"Feb 17, 2017","4,835.56","4,789.50","4,835.59","4,784.70","","+0.31%"
"Feb 16, 2017","4,820.59","4,851.80","4,851.80","4,798.17","","-0.69%"
"Feb 15, 2017","4,854.26","4,858.42","4,869.67","4,846.72","","+0.96%"
"Feb 14, 2017","4,808.20","4,954.98","4,955.04","4,802.98","","-2.96%"
"Feb 13, 2017","4,954.91","4,957.57","4,962.59","4,934.22","","+0.61%"
"Feb 10, 2017","4,924.81","4,863.21","4,925.64","4,854.05","","+2.26%"
"Feb 09, 2017","4,815.81","4,799.15","4,820.09","4,776.57","","+0.05%"
"Feb 08, 2017","4,813.53","4,782.45","4,814.78","4,768.37","","+0.41%"
"Feb 07, 2017","4,793.92","4,757.77","4,806.19","4,750.84","","-0.16%"
"Feb 06, 2017","4,801.79","4,826.20","4,827.18","4,772.43","","+0.10%"
"Feb 03, 2017","4,797.19","4,835.48","4,849.62","4,776.14","","+0.18%"
"Feb 02, 2017","4,788.50","4,844.38","4,864.96","4,779.21","","-0.80%"
"Feb 01, 2017","4,827.33","4,782.13","4,830.00","4,763.07","","-0.03%"
"Jan 31, 2017","4,828.58","4,831.92","4,865.84","4,815.64","","-1.16%"
"Jan 30, 2017","4,885.19","4,872.20","4,888.26","4,854.24","","+0.09%"
"Jan 27, 2017","4,880.64","4,877.26","4,904.95","4,868.07","","+0.79%"
"Jan 26, 2017","4,842.46","4,815.96","4,849.88","4,804.60","","+1.74%"
"Jan 25, 2017","4,759.60","4,772.57","4,792.11","4,743.53","","+1.34%"
"Jan 24, 2017","4,696.62","4,696.76","4,735.38","4,692.30","","-0.41%"
"Jan 23, 2017","4,715.77","4,744.41","4,749.74","4,713.54","","-1.69%"
"Jan 20, 2017","4,796.61","4,770.06","4,810.29","4,754.02","","+0.53%"
"Jan 19, 2017","4,771.29","4,767.05","4,787.53","4,746.43","","+0.89%"
"Jan 18, 2017","4,729.31","4,719.02","4,744.45","4,682.16","","-0.26%"
"Jan 17, 2017","4,741.63","4,831.26","4,833.31","4,741.25","","-1.75%"
"Jan 16, 2017","4,826.08","4,869.13","4,892.64","4,823.00","","-1.31%"
"Jan 13, 2017","4,890.04","4,834.00","4,892.31","4,831.86","","+1.16%"
"Jan 12, 2017","4,833.89","4,892.82","4,892.82","4,815.21","","-1.70%"
"Jan 11, 2017","4,917.29","4,934.92","4,939.39","4,912.10","","+0.26%"
"Jan 10, 2017","4,904.55","4,939.15","4,967.78","4,894.70","","-0.45%"
"Jan 06, 2017","4,926.86","4,912.78","4,942.40","4,903.18","","-0.13%"
"Jan 05, 2017","4,933.52","4,931.87","4,951.13","4,919.18","","-0.07%"
"Jan 04, 2017","4,936.97","4,896.08","4,938.60","4,880.76","","+1.59%"
"Dec 30, 2016","4,859.61","4,812.63","4,867.75","4,803.06","","+0.69%"
"Dec 29, 2016","4,826.28","4,842.84","4,849.42","4,809.56","","-0.60%"
"Dec 28, 2016","4,855.41","4,851.72","4,866.62","4,829.45","","+0.10%"
"Dec 27, 2016","4,850.76","4,845.51","4,871.68","4,844.72","","+0.03%"
"Dec 26, 2016","4,849.26","4,807.80","4,863.25","4,807.14","","+1.62%"
"Dec 22, 2016","4,771.99","4,803.02","4,803.02","4,737.28","","-0.92%"
"Dec 21, 2016","4,816.54","4,894.48","4,897.55","4,805.29","","-1.78%"
"Dec 20, 2016","4,904.05","4,862.29","4,908.93","4,845.48","","+1.00%"
"Dec 19, 2016","4,855.29","4,857.55","4,874.77","4,839.37","","-0.13%"
"Dec 16, 2016","4,861.49","4,844.40","4,866.47","4,839.57","","+1.28%"
"Dec 15, 2016","4,800.12","4,756.15","4,817.03","4,755.21","","+1.20%"
"Dec 14, 2016","4,743.03","4,709.40","4,754.65","4,709.40","","+0.85%"
"Dec 13, 2016","4,703.05","4,679.94","4,704.00","4,655.73","","+0.36%"
"Dec 12, 2016","4,686.02","4,685.68","4,700.42","4,645.47","","+0.96%"
"Dec 09, 2016","4,641.68","4,615.86","4,648.48","4,599.45","","+1.22%"
"Dec 08, 2016","4,585.72","4,605.82","4,605.82","4,553.06","","+0.46%"
"Dec 07, 2016","4,564.78","4,555.22","4,568.68","4,551.88","","+0.64%"
"Dec 06, 2016","4,535.82","4,583.91","4,590.77","4,521.43","","+0.11%"
"Dec 05, 2016","4,530.87","4,555.56","4,563.06","4,516.94","","-0.72%"
"Dec 02, 2016","4,563.62","4,574.83","4,586.79","4,532.78","","-1.13%"
"Dec 01, 2016","4,615.61","4,638.68","4,671.90","4,600.19","","+0.77%"
"Nov 30, 2016","4,580.43","4,598.96","4,601.67","4,569.58","","-0.21%"
"Nov 29, 2016","4,590.01","4,566.59","4,602.02","4,566.59","","-0.24%"
"Nov 28, 2016","4,600.83","4,619.31","4,619.31","4,567.13","","-0.88%"
"Nov 25, 2016","4,641.70","4,603.93","4,669.80","4,603.93","","+1.29%"
"Nov 24, 2016","4,582.43","4,548.30","4,589.82","4,538.14","","+1.44%"
"Nov 22, 2016","4,517.18","4,478.69","4,520.33","4,460.12","","+0.63%"
"Nov 21, 2016","4,488.89","4,485.65","4,494.76","4,473.29","","+0.69%"
"Nov 18, 2016","4,458.16","4,466.12","4,468.27","4,440.52","","+0.43%"
"Nov 17, 2016","4,439.21","4,409.09","4,439.21","4,406.92","","+0.23%"
"Nov 16, 2016","4,428.83","4,418.79","4,433.82","4,384.98","","+1.26%"
"Nov 15, 2016","4,373.70","4,376.61","4,418.32","4,349.79","","+0.55%"
"Nov 14, 2016","4,349.81","4,281.54","4,349.81","4,271.74","","+2.05%"
"Nov 11, 2016","4,262.59","4,366.96","4,376.05","4,246.94","","-1.55%"
"Nov 10, 2016","4,329.49","4,179.95","4,336.54","4,179.95","","+5.67%"
"Nov 09, 2016","4,097.09","4,357.60","4,390.31","4,077.40","","-5.66%"
"Nov 08, 2016","4,342.67","4,364.11","4,381.22","4,332.29","","+0.70%"
"Nov 07, 2016","4,312.42","4,317.26","4,338.19","4,297.52","","+1.51%"
"Nov 04, 2016","4,248.12","4,251.90","4,267.57","4,197.12","","-1.58%"
"Nov 02, 2016","4,316.11","4,358.62","4,364.48","4,295.30","","-2.33%"
"Nov 01, 2016","4,419.22","4,395.33","4,419.96","4,359.85","","+0.74%"
"Oct 31, 2016","4,386.63","4,344.14","4,393.85","4,339.36","","+0.16%"
"Oct 28, 2016","4,379.50","4,377.64","4,401.42","4,339.17","","+0.79%"
"Oct 27, 2016","4,345.27","4,343.25","4,365.96","4,330.86","","-0.64%"
"Oct 26, 2016","4,373.28","4,305.24","4,373.28","4,304.25","","+1.75%"
"Oct 25, 2016","4,297.89","4,285.43","4,309.33","4,285.43","","+0.40%"
"Oct 24, 2016","4,280.59","4,299.90","4,308.77","4,268.56","","-0.56%"
"Oct 21, 2016","4,304.72","4,342.67","4,342.67","4,298.99","","-0.40%"
"Oct 20, 2016","4,322.10","4,272.05","4,322.10","4,255.53","","+0.52%"
"Oct 19, 2016","4,299.85","4,296.61","4,320.01","4,293.66","","+0.36%"
"Oct 18, 2016","4,284.44","4,247.36","4,284.51","4,245.20","","+0.74%"
"Oct 17, 2016","4,253.10","4,225.93","4,261.11","4,217.02","","+0.67%"
"Oct 14, 2016","4,224.59","4,214.20","4,237.46","4,189.18","","+0.04%"
"Oct 13, 2016","4,222.75","4,238.87","4,271.10","4,200.79","","-0.76%"
"Oct 12, 2016","4,255.16","4,263.79","4,306.63","4,255.16","","-1.56%"
"Oct 11, 2016","4,322.70","4,323.04","4,340.89","4,312.10","","+0.71%"
"Oct 07, 2016","4,292.03","4,289.87","4,303.35","4,273.10","","+0.66%"
"Oct 06, 2016","4,263.98","4,278.53","4,288.17","4,259.57","","+0.31%"
"Oct 05, 2016","4,250.89","4,233.77","4,259.15","4,233.16","","+0.08%"
"Oct 04, 2016","4,247.64","4,210.28","4,254.17","4,202.20","","+1.48%"
"Oct 03, 2016","4,185.54","4,160.40","4,194.86","4,152.71","","+1.64%"
"Sep 30, 2016","4,117.85","4,130.08","4,130.78","4,104.95","","-1.87%"
"Sep 29, 2016","4,196.38","4,191.43","4,237.06","4,179.98","","+1.36%"
"Sep 28, 2016","4,140.27","4,137.65","4,161.80","4,118.73","","-1.63%"
"Sep 27, 2016","4,208.97","4,122.34","4,208.97","4,086.17","","+1.08%"
"Sep 26, 2016","4,164.08","4,188.69","4,194.09","4,155.08","","-1.25%"
"Sep 23, 2016","4,216.96","4,223.70","4,231.65","4,193.33","","-0.01%"
"Sep 21, 2016","4,217.29","4,128.07","4,218.09","4,105.69","","+1.99%"
"Sep 20, 2016","4,135.00","4,109.59","4,159.85","4,106.79","","+0.32%"
"Sep 16, 2016","4,121.76","4,069.12","4,121.76","4,062.70","","+1.83%"
"Sep 15, 2016","4,047.64","4,058.21","4,060.25","4,020.75","","-1.23%"
"Sep 14, 2016","4,097.98","4,099.81","4,113.95","4,087.08","","-0.66%"
"Sep 13, 2016","4,125.07","4,114.00","4,128.91","4,089.01","","+0.81%"
"Sep 12, 2016","4,092.04","4,095.33","4,110.24","4,071.02","","-1.84%"
"Sep 09, 2016","4,168.56","4,194.88","4,195.97","4,146.87","","+0.35%"
"Sep 08, 2016","4,154.17","4,098.41","4,156.06","4,095.98","","+0.91%"
"Sep 07, 2016","4,116.65","4,100.34","4,119.44","4,073.79","","-0.02%"
"Sep 06, 2016","4,117.63","4,081.55","4,124.51","4,073.47","","+0.61%"
"Sep 05, 2016","4,092.48","4,160.51","4,160.81","4,088.45","","-0.43%"
"Sep 02, 2016","4,109.97","4,138.91","4,138.91","4,103.89","","-1.42%"
"Sep 01, 2016","4,169.35","4,120.82","4,178.05","4,118.07","","+0.82%"
"Aug 31, 2016","4,135.28","4,138.96","4,146.61","4,120.63","","+0.19%"
"Aug 30, 2016","4,127.29","4,116.46","4,136.37","4,116.46","","-0.07%"
"Aug 29, 2016","4,130.34","4,126.06","4,157.19","4,125.13","","+1.73%"
"Aug 26, 2016","4,060.16","4,122.21","4,122.21","4,059.70","","-1.56%"
"Aug 25, 2016","4,124.30","4,112.50","4,142.20","4,112.50","","+0.08%"
"Aug 24, 2016","4,120.90","4,092.63","4,128.97","4,089.56","","+1.09%"
"Aug 23, 2016","4,076.36","4,093.49","4,102.16","4,059.63","","-0.75%"
"Aug 22, 2016","4,107.11","4,092.74","4,116.73","4,080.91","","+0.49%"
"Aug 19, 2016","4,087.12","4,056.75","4,102.19","4,053.71","","+1.17%"
"Aug 18, 2016","4,040.04","4,080.30","4,096.12","4,040.04","","-2.06%"
"Aug 17, 2016","4,124.82","4,077.63","4,134.79","4,077.02","","+0.74%"
"Aug 16, 2016","4,094.58","4,178.01","4,186.19","4,094.58","","-2.03%"
"Aug 15, 2016","4,179.34","4,187.41","4,194.71","4,168.58","","-1.09%"
"Aug 12, 2016","4,225.56","4,209.51","4,229.93","4,185.29","","+0.88%"
"Aug 10, 2016","4,188.77","4,159.66","4,211.36","4,148.25","","+0.11%"
"Aug 09, 2016","4,184.02","4,147.55","4,190.08","4,134.03","","+0.76%"
"Aug 08, 2016","4,152.56","4,151.46","4,169.05","4,126.46","","+1.09%"
"Aug 05, 2016","4,107.95","4,080.00","4,156.52","4,074.49","","+1.14%"
"Aug 04, 2016","4,061.54","4,028.11","4,061.74","3,968.18","","+0.38%"
"Aug 03, 2016","4,045.97","4,068.03","4,082.25","4,022.99","","-1.85%"
"Aug 02, 2016","4,122.42","4,132.02","4,163.96","4,122.42","","-1.37%"
"Aug 01, 2016","4,179.50","4,063.13","4,201.80","4,058.65","","+1.85%"
"Jul 29, 2016","4,103.75","4,085.00","4,122.04","3,998.69","","-0.32%"
"Jul 28, 2016","4,116.95","4,163.07","4,168.61","4,108.31","","-1.72%"
"Jul 27, 2016","4,188.83","4,189.98","4,225.16","4,174.91","","+0.92%"
"Jul 26, 2016","4,150.62","4,182.95","4,183.73","4,125.43","","-1.82%"
"Jul 25, 2016","4,227.60","4,262.06","4,279.76","4,225.69","","-0.45%"
"Jul 22, 2016","4,246.56","4,260.91","4,279.31","4,228.07","","-1.33%"
"Jul 21, 2016","4,303.80","4,350.61","4,352.90","4,287.75","","+0.03%"
"Jul 20, 2016","4,302.71","4,292.80","4,306.07","4,267.68","","-0.33%"
"Jul 19, 2016","4,317.10","4,308.05","4,319.59","4,269.72","","+1.75%"
"Jul 15, 2016","4,242.81","4,264.27","4,291.33","4,233.21","","-0.82%"
"Jul 14, 2016","4,277.93","4,260.54","4,284.06","4,249.94","","+0.98%"
"Jul 13, 2016","4,236.43","4,244.31","4,277.22","4,224.28","","+1.61%"
"Jul 12, 2016","4,169.19","4,136.01","4,202.59","4,129.60","","+2.52%"
"Jul 11, 2016","4,066.89","3,995.49","4,091.65","3,995.49","","+3.49%"
"Jul 08, 2016","3,929.58","3,973.65","4,009.41","3,926.94","","-1.09%"
"Jul 07, 2016","3,972.81","3,970.18","3,994.27","3,960.14","","-1.04%"
"Jul 06, 2016","4,014.70","4,050.39","4,053.12","3,977.09","","-1.90%"
"Jul 05, 2016","4,092.44","4,056.48","4,102.42","4,055.82","","-0.11%"
"Jul 04, 2016","4,097.12","4,071.69","4,102.79","4,048.74","","-0.38%"
"Jul 01, 2016","4,112.93","4,092.45","4,142.47","4,086.10","","+1.33%"
"Jun 30, 2016","4,058.75","4,123.30","4,132.86","4,058.75","","-0.38%"
"Jun 29, 2016","4,074.34","4,054.09","4,087.22","4,010.90","","+1.91%"
"Jun 28, 2016","3,998.13","3,931.37","4,026.80","3,922.11","","+0.37%"
"Jun 27, 2016","3,983.37","3,956.96","3,996.46","3,938.57","","+1.85%"
"Jun 24, 2016","3,910.85","4,222.43","4,236.43","3,882.17","","-7.05%"
"Jun 23, 2016","4,207.36","4,178.19","4,208.42","4,155.01","","+0.94%"
"Jun 22, 2016","4,168.38","4,187.52","4,189.61","4,131.99","","-0.94%"
"Jun 21, 2016","4,207.76","4,129.26","4,218.50","4,110.86","","+1.08%"
"Jun 20, 2016","4,162.88","4,135.30","4,183.30","4,128.45","","+1.93%"
"Jun 17, 2016","4,084.23","4,102.04","4,134.30","4,080.03","","+1.06%"
"Jun 16, 2016","4,041.46","4,162.66","4,164.42","4,034.09","","-3.31%"
"Jun 15, 2016","4,179.72","4,152.76","4,206.16","4,136.36","","+0.29%"
"Jun 14, 2016","4,167.72","4,197.77","4,220.69","4,149.45","","-1.09%"
"Jun 13, 2016","4,213.82","4,306.34","4,309.02","4,213.82","","-3.96%"
"Jun 10, 2016","4,387.55","4,388.84","4,391.63","4,347.34","","+0.41%"
"Jun 09, 2016","4,369.65","4,382.87","4,400.96","4,350.35","","-0.89%"
"Jun 08, 2016","4,409.06","4,407.69","4,409.06","4,349.71","","+0.26%"
"Jun 07, 2016","4,397.60","4,374.02","4,399.82","4,335.40","","+1.17%"
"Jun 06, 2016","4,346.80","4,314.56","4,348.78","4,302.51","","-0.69%"
"Jun 03, 2016","4,376.95","4,383.17","4,404.44","4,355.21","","+0.12%"
"Jun 02, 2016","4,371.83","4,435.50","4,435.50","4,355.02","","-1.76%"
"Jun 01, 2016","4,450.15","4,488.96","4,506.99","4,435.84","","-1.64%"
"May 31, 2016","4,524.13","4,490.12","4,527.61","4,466.30","","+1.38%"
"May 30, 2016","4,462.45","4,424.62","4,465.68","4,410.64","","+1.64%"
"May 27, 2016","4,390.52","4,384.93","4,402.41","4,370.57","","+0.19%"
"May 26, 2016","4,382.23","4,433.97","4,441.82","4,370.61","","-0.01%"
"May 25, 2016","4,382.67","4,419.75","4,429.31","4,380.83","","+0.58%"
"May 24, 2016","4,357.49","4,358.54","4,367.32","4,336.29","","-0.34%"
"May 23, 2016","4,372.35","4,353.42","4,376.26","4,307.16","","+0.16%"
"May 20, 2016","4,365.52","4,326.18","4,370.92","4,314.09","","+0.15%"
"May 19, 2016","4,358.98","4,386.15","4,402.56","4,343.39","","+0.52%"
"May 18, 2016","4,336.60","4,364.27","4,385.02","4,313.56","","-0.45%"
"May 17, 2016","4,356.22","4,336.08","4,359.01","4,316.38","","+1.05%"
"May 16, 2016","4,310.90","4,325.62","4,365.05","4,303.86","","-0.20%"
"May 13, 2016","4,319.73","4,382.83","4,387.98","4,317.30","","-1.05%"
"May 12, 2016","4,365.38","4,297.79","4,369.02","4,255.88","","+1.45%"
"May 11, 2016","4,303.01","4,343.68","4,344.74","4,286.12","","-0.67%"
"May 10, 2016","4,332.04","4,228.48","4,333.80","4,222.95","","+2.88%"
"May 09, 2016","4,210.78","4,272.88","4,291.42","4,199.01","","-1.27%"
"May 06, 2016","4,264.94","4,289.70","4,305.40","4,238.13","","-0.88%"
"May 02, 2016","4,302.82","4,376.86","4,376.86","4,261.66","","-3.49%"
"Apr 28, 2016","4,458.27","4,626.53","4,667.40","4,458.27","","-2.87%"
"Apr 27, 2016","4,590.06","4,639.09","4,639.20","4,571.05","","-0.59%"
"Apr 26, 2016","4,617.34","4,631.91","4,642.26","4,582.97","","-0.88%"
"Apr 25, 2016","4,658.44","4,676.21","4,685.33","4,636.28","","-0.10%"
"Apr 22, 2016","4,663.27","4,616.01","4,663.27","4,601.04","","+0.68%"
"Apr 21, 2016","4,631.96","4,597.08","4,631.96","4,581.18","","+2.37%"
"Apr 20, 2016","4,524.93","4,564.44","4,570.66","4,521.19","","-0.20%"
"Apr 19, 2016","4,534.06","4,457.68","4,545.90","4,454.60","","+3.51%"
"Apr 18, 2016","4,380.21","4,432.19","4,432.33","4,368.50","","-2.95%"
"Apr 15, 2016","4,513.20","4,474.45","4,533.42","4,474.45","","-0.44%"
"Apr 14, 2016","4,533.21","4,467.37","4,533.21","4,460.48","","+3.12%"
"Apr 13, 2016","4,396.11","4,345.24","4,408.21","4,342.25","","+2.64%"
"Apr 12, 2016","4,283.10","4,222.37","4,298.23","4,206.26","","+0.59%"
"Apr 11, 2016","4,257.78","4,305.86","4,310.25","4,205.12","","-2.24%"
"Apr 08, 2016","4,355.41","4,233.81","4,366.84","4,215.88","","+1.67%"
"Apr 07, 2016","4,283.75","4,265.21","4,318.65","4,246.96","","+0.20%"
"Apr 06, 2016","4,275.16","4,306.00","4,330.51","4,257.04","","-0.21%"
"Apr 05, 2016","4,284.37","4,358.00","4,365.08","4,266.92","","-1.82%"
"Apr 04, 2016","4,363.82","4,326.15","4,386.72","4,309.60","","+0.89%"
"Apr 01, 2016","4,325.39","4,471.93","4,473.65","4,309.87","","-3.49%"
"Mar 31, 2016","4,481.94","4,560.75","4,583.64","4,481.15","","-1.15%"
"Mar 30, 2016","4,533.99","4,579.42","4,579.42","4,529.35","","-0.50%"
"Mar 29, 2016","4,556.76","4,534.00","4,574.99","4,526.65","","-0.51%"
"Mar 28, 2016","4,579.91","4,561.63","4,582.20","4,520.55","","+0.71%"
"Mar 25, 2016","4,547.64","4,539.64","4,571.79","4,539.64","","+0.60%"
"Mar 24, 2016","4,520.71","4,516.99","4,556.76","4,494.97","","-0.60%"
"Mar 23, 2016","4,547.98","4,572.10","4,595.78","4,544.30","","-0.53%"
"Mar 22, 2016","4,572.44","4,488.51","4,586.77","4,486.47","","+3.27%"
"Mar 18, 2016","4,427.50","4,492.53","4,498.33","4,406.23","","-1.80%"
"Mar 17, 2016","4,508.56","4,545.08","4,570.88","4,484.27","","+0.32%"
"Mar 16, 2016","4,494.03","4,469.10","4,535.60","4,465.64","","-0.50%"
"Mar 15, 2016","4,516.74","4,532.89","4,558.82","4,494.81","","-0.48%"
"Mar 14, 2016","4,538.32","4,533.18","4,553.36","4,513.94","","+1.30%"
"Mar 11, 2016","4,480.29","4,411.04","4,507.62","4,388.78","","+0.27%"
"Mar 10, 2016","4,468.29","4,434.70","4,481.50","4,432.94","","+1.79%"
"Mar 09, 2016","4,389.79","4,404.25","4,410.08","4,362.06","","-0.68%"
"Mar 08, 2016","4,419.73","4,451.92","4,455.16","4,345.07","","-0.79%"
"Mar 07, 2016","4,454.82","4,496.74","4,510.35","4,449.77","","-1.33%"
"Mar 04, 2016","4,514.84","4,472.44","4,525.48","4,442.96","","+1.48%"
"Mar 03, 2016","4,448.85","4,418.01","4,452.53","4,400.55","","-0.10%"
"Mar 02, 2016","4,453.27","4,349.15","4,474.82","4,346.06","","+3.91%"
"Mar 01, 2016","4,285.60","4,287.20","4,303.06","4,224.78","","-0.05%"
"Feb 29, 2016","4,287.68","4,359.58","4,409.91","4,287.68","","-0.44%"
"Feb 26, 2016","4,306.73","4,346.01","4,382.72","4,306.73","","+0.27%"
"Feb 25, 2016","4,294.99","4,250.41","4,311.37","4,242.23","","+1.20%"
"Feb 24, 2016","4,244.24","4,204.08","4,246.38","4,188.88","","-0.57%"
"Feb 23, 2016","4,268.78","4,319.18","4,361.33","4,265.69","","-0.92%"
"Feb 22, 2016","4,308.22","4,262.54","4,322.19","4,235.44","","+0.18%"
"Feb 19, 2016","4,300.54","4,277.97","4,317.34","4,248.97","","-0.39%"
"Feb 18, 2016","4,317.44","4,313.02","4,355.04","4,297.59","","+2.13%"
"Feb 17, 2016","4,227.35","4,255.19","4,293.59","4,161.40","","-1.35%"
"Feb 16, 2016","4,285.29","4,214.33","4,365.49","4,199.81","","+1.27%"
"Feb 15, 2016","4,231.39","4,064.72","4,259.55","4,056.71","","+6.26%"
"Feb 12, 2016","3,982.14","4,115.29","4,115.29","3,948.79","","-4.79%"
"Feb 10, 2016","4,182.65","4,253.36","4,295.72","4,127.45","","-0.31%"
"Feb 09, 2016","4,195.81","4,413.09","4,413.09","4,165.99","","-6.67%"
"Feb 08, 2016","4,495.53","4,462.75","4,514.26","4,384.54","","-0.83%"
"Feb 05, 2016","4,533.25","4,471.10","4,592.17","4,471.10","","+0.76%"
"Feb 04, 2016","4,498.90","4,532.56","4,547.02","4,486.19","","-1.83%"
"Feb 03, 2016","4,582.84","4,679.18","4,681.51","4,549.53","","-3.68%"
"Feb 02, 2016","4,758.02","4,692.75","4,795.01","4,692.75","","+0.89%"
"Feb 01, 2016","4,716.27","4,691.67","4,729.72","4,683.21","","+1.17%"
"Jan 29, 2016","4,661.69","4,574.76","4,677.24","4,482.73","","+3.03%"
"Jan 28, 2016","4,524.47","4,547.47","4,573.12","4,522.86","","-1.58%"
"Jan 27, 2016","4,597.33","4,564.11","4,603.00","4,540.76","","+1.92%"
"Jan 26, 2016","4,510.80","4,530.88","4,542.57","4,499.81","","-1.54%"
"Jan 25, 2016","4,581.23","4,583.12","4,597.80","4,549.29","","+1.53%"
"Jan 22, 2016","4,512.22","4,420.56","4,517.76","4,382.54","","+4.04%"
"Jan 21, 2016","4,336.92","4,451.67","4,503.65","4,336.52","","-2.48%"
"Jan 20, 2016","4,447.11","4,565.10","4,576.66","4,444.01","","-1.90%"
"Jan 19, 2016","4,533.26","4,496.18","4,542.60","4,481.27","","+0.70%"
"Jan 18, 2016","4,501.95","4,469.55","4,521.07","4,425.62","","-1.01%"
"Jan 15, 2016","4,547.74","4,615.95","4,631.12","4,526.58","","+0.09%"
"Jan 14, 2016","4,543.44","4,561.21","4,571.03","4,476.18","","-1.95%"
"Jan 13, 2016","4,633.86","4,562.66","4,633.86","4,560.18","","+2.89%"
"Jan 12, 2016","4,503.58","4,586.53","4,603.04","4,495.93","","-3.16%"
"Jan 08, 2016","4,650.63","4,593.14","4,691.43","4,567.04","","+0.41%"
"Jan 07, 2016","4,631.86","4,799.29","4,811.36","4,627.15","","-3.79%"
"Jan 06, 2016","4,814.29","4,845.34","4,863.01","4,794.04","","-0.15%"
"Jan 05, 2016","4,821.44","4,834.23","4,854.75","4,794.34","","-0.35%"
"Jan 04, 2016","4,838.38","4,855.09","4,932.66","4,826.86","","-1.66%"
"Dec 30, 2015","4,919.91","4,915.60","4,947.50","4,909.24","","+0.64%"
"Dec 29, 2015","4,888.44","4,834.46","4,897.43","4,820.15","","+1.03%"
"Dec 28, 2015","4,838.83","4,826.03","4,849.98","4,793.51","","+0.85%"
"Dec 25, 2015","4,798.14","4,797.26","4,829.59","4,787.66","","+0.11%"
"Dec 24, 2015","4,792.63","4,874.36","4,886.69","4,788.93","","-0.86%"
"Dec 22, 2015","4,834.05","4,863.11","4,863.93","4,824.87","","-0.41%"
"Dec 21, 2015","4,854.18","4,832.40","4,871.59","4,798.95","","-0.89%"
"Dec 18, 2015","4,897.55","4,952.22","5,067.73","4,895.56","","-0.87%"
"Dec 17, 2015","4,940.37","4,933.37","4,986.25","4,933.31","","+1.72%"
"Dec 16, 2015","4,856.67","4,825.55","4,856.67","4,790.45","","+2.35%"
"Dec 15, 2015","4,745.31","4,806.51","4,815.38","4,743.95","","-1.42%"
"Dec 14, 2015","4,813.50","4,784.84","4,817.61","4,726.18","","-0.96%"
"Dec 11, 2015","4,860.33","4,817.92","4,886.38","4,817.92","","+0.75%"
"Dec 10, 2015","4,824.20","4,838.84","4,862.05","4,814.14","","-1.76%"
"Dec 09, 2015","4,910.70","4,959.19","4,979.66","4,892.64","","-0.56%"
"Dec 08, 2015","4,938.59","4,980.45","4,999.48","4,927.09","","-1.03%"
"Dec 07, 2015","4,989.80","5,003.62","5,016.33","4,988.82","","+1.31%"
"Dec 04, 2015","4,925.51","4,959.14","4,975.87","4,919.59","","-2.18%"
"Dec 03, 2015","5,035.10","5,013.14","5,049.92","5,003.58","","+0.51%"
"Dec 02, 2015","5,009.71","5,024.63","5,027.84","4,989.40","","-0.75%"
"Dec 01, 2015","5,047.36","5,030.13","5,047.36","5,019.75","","+0.82%"
"Nov 30, 2015","5,006.11","5,044.23","5,052.64","4,998.56","","-0.49%"
"Nov 27, 2015","5,030.62","5,055.52","5,060.99","5,002.51","","-0.33%"
"Nov 26, 2015","5,047.13","5,055.33","5,090.86","5,036.68","","+0.86%"
"Nov 25, 2015","5,004.01","5,010.31","5,010.49","4,977.78","","-0.94%"
"Nov 24, 2015","5,051.74","5,065.36","5,078.27","5,024.73","","+0.12%"
"Nov 20, 2015","5,045.88","5,019.86","5,045.88","5,003.89","","-0.06%"
"Nov 19, 2015","5,048.81","5,023.75","5,057.12","5,012.54","","+1.47%"
"Nov 18, 2015","4,975.45","5,042.87","5,053.11","4,975.12","","-0.85%"
"Nov 17, 2015","5,017.93","5,021.59","5,062.40","5,015.44","","+1.21%"
"Nov 16, 2015","4,957.74","4,906.74","4,990.74","4,902.06","","-0.31%"
"Nov 13, 2015","4,973.31","4,940.27","4,978.03","4,927.04","","+0.21%"
"Nov 12, 2015","4,962.74","4,975.41","4,988.77","4,953.88","","-0.43%"
"Nov 11, 2015","4,984.00","4,980.77","5,004.76","4,972.13","","-0.55%"
"Nov 10, 2015","5,011.54","4,923.86","5,021.51","4,923.86","","+0.71%"
"Nov 09, 2015","4,976.14","4,853.90","5,019.49","4,850.95","","+4.04%"
"Nov 06, 2015","4,783.03","4,752.09","4,801.11","4,733.01","","+1.11%"
"Nov 05, 2015","4,730.46","4,711.73","4,753.92","4,690.31","","+0.47%"
"Nov 04, 2015","4,708.35","4,713.51","4,755.60","4,704.74","","+1.29%"
"Nov 02, 2015","4,648.20","4,677.60","4,702.40","4,631.82","","-1.54%"
"Oct 30, 2015","4,720.78","4,664.63","4,759.52","4,655.69","","+1.84%"
"Oct 29, 2015","4,635.62","4,536.34","4,655.45","4,507.17","","+3.09%"
"Oct 28, 2015","4,496.60","4,471.62","4,515.55","4,466.48","","+0.59%"
"Oct 27, 2015","4,470.30","4,503.96","4,522.15","4,468.29","","-0.61%"
"Oct 26, 2015","4,497.59","4,521.34","4,541.70","4,495.88","","+0.61%"
"Oct 23, 2015","4,470.22","4,453.49","4,493.78","4,445.04","","+2.12%"
"Oct 22, 2015","4,377.42","4,379.20","4,419.98","4,361.11","","-1.25%"
"Oct 21, 2015","4,432.96","4,321.73","4,442.14","4,321.73","","+2.04%"
"Oct 20, 2015","4,344.28","4,357.74","4,360.13","4,328.85","","+0.52%"
"Oct 19, 2015","4,322.00","4,352.92","4,366.66","4,305.85","","-0.57%"
"Oct 16, 2015","4,346.99","4,352.47","4,378.03","4,333.12","","+1.45%"
"Oct 15, 2015","4,284.84","4,218.70","4,304.90","4,196.80","","+1.39%"
"Oct 14, 2015","4,226.23","4,281.69","4,296.50","4,201.80","","-1.67%"
"Oct 13, 2015","4,298.02","4,318.22","4,347.79","4,292.76","","-0.99%"
"Oct 09, 2015","4,341.03","4,316.07","4,341.76","4,303.26","","+0.99%"
"Oct 08, 2015","4,298.60","4,410.41","4,424.25","4,290.79","","-1.91%"
"Oct 07, 2015","4,382.33","4,393.60","4,400.74","4,314.30","","-0.04%"
"Oct 06, 2015","4,383.90","4,368.45","4,436.13","4,367.84","","+1.85%"
"Oct 05, 2015","4,304.37","4,264.89","4,323.51","4,251.70","","+1.95%"
"Oct 02, 2015","4,221.91","4,159.51","4,236.47","4,146.89","","+0.09%"
"Oct 01, 2015","4,218.11","4,137.28","4,248.29","4,136.33","","+3.44%"
"Sep 30, 2015","4,077.81","4,040.70","4,099.41","4,028.01","","+2.92%"
"Sep 29, 2015","3,962.05","4,111.13","4,121.74","3,943.18","","-5.11%"
"Sep 28, 2015","4,175.52","4,221.55","4,234.39","4,149.70","","-1.14%"
"Sep 25, 2015","4,223.68","4,139.72","4,223.68","4,130.23","","+2.20%"
"Sep 24, 2015","4,132.76","4,180.50","4,221.35","4,132.76","","-2.16%"
"Sep 18, 2015","4,224.20","4,289.26","4,293.90","4,213.18","","-1.85%"
"Sep 17, 2015","4,304.04","4,315.94","4,318.28","4,286.44","","-0.21%"
"Sep 16, 2015","4,313.01","4,333.08","4,348.74","4,286.40","","+0.76%"
"Sep 15, 2015","4,280.57","4,311.99","4,340.53","4,280.57","","+0.51%"
"Sep 14, 2015","4,258.78","4,338.91","4,352.79","4,254.78","","-1.16%"
"Sep 11, 2015","4,308.94","4,284.37","4,333.84","4,274.32","","-0.09%"
"Sep 10, 2015","4,312.99","4,322.70","4,328.16","4,236.54","","-1.96%"
"Sep 09, 2015","4,399.24","4,193.28","4,399.24","4,192.93","","+6.79%"
"Sep 08, 2015","4,119.54","4,252.67","4,255.46","4,116.22","","-2.90%"
"Sep 07, 2015","4,242.52","4,232.70","4,274.06","4,178.79","","-0.35%"
"Sep 04, 2015","4,257.47","4,374.98","4,375.50","4,219.52","","-1.70%"
"Sep 03, 2015","4,331.17","4,381.15","4,419.52","4,329.73","","+0.53%"
"Sep 02, 2015","4,308.50","4,300.05","4,395.58","4,277.80","","-1.30%"
"Sep 01, 2015","4,365.40","4,562.59","4,562.59","4,365.40","","-5.25%"
"Aug 31, 2015","4,607.04","4,571.50","4,614.23","4,546.29","","+0.01%"
"Aug 28, 2015","4,606.46","4,593.66","4,641.84","4,575.67","","+2.14%"
"Aug 27, 2015","4,510.16","4,459.89","4,563.34","4,457.33","","+2.94%"
"Aug 26, 2015","4,381.28","4,304.42","4,406.40","4,288.88","","+2.28%"
"Aug 25, 2015","4,283.68","4,345.27","4,512.68","4,243.52","","-3.18%"
"Aug 24, 2015","4,424.46","4,593.59","4,598.95","4,422.59","","-5.37%"
"Aug 21, 2015","4,675.67","4,762.58","4,771.35","4,673.46","","-3.38%"
"Aug 20, 2015","4,839.25","4,850.05","4,916.88","4,839.25","","-0.67%"
"Aug 19, 2015","4,871.97","4,925.34","4,957.64","4,864.73","","-1.61%"
"Aug 18, 2015","4,951.88","5,000.26","5,003.71","4,951.39","","-1.23%"
"Aug 17, 2015","5,013.37","4,970.13","5,021.67","4,964.71","","+0.57%"
"Aug 14, 2015","4,985.12","4,987.13","5,018.97","4,971.24","","+0.44%"
"Aug 13, 2015","4,963.47","4,928.92","4,980.11","4,901.24","","+0.16%"
"Aug 12, 2015","4,955.37","4,993.06","5,021.59","4,903.15","","-1.42%"
"Aug 11, 2015","5,026.74","5,064.40","5,076.67","4,982.09","","-0.06%"
"Aug 10, 2015","5,029.88","4,982.21","5,031.68","4,970.30","","+0.77%"
"Aug 07, 2015","4,991.36","4,938.66","4,999.27","4,911.79","","+0.94%"
"Aug 06, 2015","4,944.73","4,933.37","4,971.47","4,919.58","","+0.60%"
"Aug 05, 2015","4,915.28","4,833.90","4,959.88","4,833.90","","+2.35%"
"Aug 04, 2015","4,802.63","4,770.30","4,826.40","4,770.30","","-0.14%"
"Aug 03, 2015","4,809.33","4,833.52","4,834.56","4,765.48","","-0.48%"
"Jul 31, 2015","4,832.64","4,785.36","4,836.83","4,784.76","","+0.95%"
"Jul 30, 2015","4,786.98","4,809.14","4,842.87","4,775.02","","+0.79%"
"Jul 29, 2015","4,749.26","4,718.65","4,775.53","4,653.91","","+1.71%"
"Jul 28, 2015","4,669.45","4,646.79","4,696.88","4,615.26","","-0.05%"
"Jul 27, 2015","4,671.79","4,716.49","4,722.77","4,652.33","","-1.60%"
"Jul 24, 2015","4,747.69","4,748.71","4,788.95","4,744.13","","-0.64%"
"Jul 23, 2015","4,778.31","4,795.78","4,812.69","4,764.05","","+0.08%"
"Jul 22, 2015","4,774.58","4,757.33","4,801.74","4,733.30","","-0.06%"
"Jul 21, 2015","4,777.53","4,757.77","4,784.40","4,739.89","","+0.62%"
"Jul 17, 2015","4,747.89","4,750.19","4,760.73","4,730.90","","+0.19%"
"Jul 16, 2015","4,738.68","4,740.14","4,744.96","4,702.27","","+0.60%"
"Jul 15, 2015","4,710.48","4,657.85","4,719.19","4,657.85","","+1.80%"
"Jul 14, 2015","4,627.25","4,653.23","4,665.28","4,611.15","","+0.27%"
"Jul 13, 2015","4,614.85","4,585.53","4,635.26","4,576.01","","+1.61%"
"Jul 10, 2015","4,541.63","4,572.22","4,603.82","4,536.74","","-0.04%"
"Jul 09, 2015","4,543.38","4,463.64","4,543.93","4,374.30","","+0.16%"
"Jul 08, 2015","4,536.21","4,650.99","4,655.31","4,536.21","","-2.49%"
"Jul 07, 2015","4,652.03","4,647.65","4,673.86","4,639.01","","+0.89%"
"Jul 06, 2015","4,610.79","4,596.89","4,644.62","4,587.10","","-1.13%"
"Jul 03, 2015","4,663.32","4,614.48","4,666.83","4,600.05","","+1.49%"
"Jul 02, 2015","4,595.02","4,607.59","4,635.16","4,584.04","","+0.90%"
"Jul 01, 2015","4,554.09","4,537.00","4,562.38","4,511.38","","+0.69%"
"Jun 30, 2015","4,522.67","4,501.61","4,525.22","4,490.58","","+0.37%"
"Jun 29, 2015","4,505.93","4,549.50","4,556.17","4,496.42","","-2.62%"
"Jun 26, 2015","4,627.23","4,632.67","4,638.70","4,595.79","","+0.37%"
"Jun 25, 2015","4,610.38","4,606.71","4,634.08","4,596.64","","-0.64%"
"Jun 24, 2015","4,639.91","4,640.99","4,657.11","4,626.88","","+0.16%"
"Jun 23, 2015","4,632.50","4,555.23","4,632.50","4,543.10","","+2.32%"
"Jun 22, 2015","4,527.45","4,484.63","4,531.11","4,484.63","","+1.30%"
"Jun 19, 2015","4,469.52","4,479.41","4,494.94","4,464.43","","+0.88%"
"Jun 18, 2015","4,430.66","4,467.31","4,474.97","4,429.22","","-1.23%"
"Jun 17, 2015","4,485.92","4,465.73","4,488.55","4,457.83","","+0.86%"
"Jun 16, 2015","4,447.82","4,464.62","4,495.53","4,442.80","","-1.06%"
"Jun 15, 2015","4,495.49","4,457.55","4,502.61","4,436.99","","+0.03%"
"Jun 12, 2015","4,494.34","4,459.62","4,494.34","4,453.02","","+1.13%"
"Jun 11, 2015","4,444.11","4,417.71","4,444.11","4,413.05","","+1.62%"
"Jun 10, 2015","4,373.42","4,396.04","4,420.21","4,373.27","","-0.49%"
"Jun 09, 2015","4,394.93","4,427.43","4,428.51","4,394.34","","-1.60%"
"Jun 08, 2015","4,466.26","4,493.88","4,496.86","4,455.54","","-0.98%"
"Jun 05, 2015","4,510.41","4,492.74","4,512.24","4,474.36","","+0.35%"
"Jun 04, 2015","4,494.76","4,498.78","4,505.65","4,476.63","","+0.21%"
"Jun 03, 2015","4,485.22","4,483.64","4,506.96","4,466.97","","+0.25%"
"Jun 02, 2015","4,474.20","4,479.38","4,487.64","4,456.30","","-0.10%"
"Jun 01, 2015","4,478.64","4,407.58","4,482.63","4,396.18","","+0.78%"
"May 29, 2015","4,443.92","4,447.35","4,460.75","4,426.99","","-0.33%"
"May 28, 2015","4,458.71","4,459.50","4,469.51","4,448.26","","-0.06%"
"May 27, 2015","4,461.30","4,437.33","4,466.73","4,425.11","","-0.01%"
"May 26, 2015","4,461.93","4,451.15","4,468.88","4,437.48","","-0.03%"
"May 25, 2015","4,463.46","4,476.71","4,485.17","4,449.90","","-0.07%"
"May 22, 2015","4,466.78","4,517.61","4,522.52","4,436.49","","-0.86%"
"May 21, 2015","4,505.69","4,501.49","4,536.15","4,497.30","","-0.29%"
"May 20, 2015","4,518.83","4,535.15","4,538.45","4,506.76","","+0.36%"
"May 19, 2015","4,502.81","4,486.80","4,511.33","4,479.21","","+0.29%"
"May 18, 2015","4,489.87","4,475.84","4,496.70","4,466.86","","+0.62%"
"May 15, 2015","4,462.13","4,504.03","4,515.05","4,450.98","","-0.50%"
"May 14, 2015","4,484.43","4,470.14","4,499.39","4,470.14","","-0.63%"
"May 13, 2015","4,513.07","4,505.31","4,520.55","4,480.91","","-0.16%"
"May 12, 2015","4,520.13","4,413.92","4,526.27","4,388.60","","+2.79%"
"May 11, 2015","4,397.28","4,467.56","4,468.31","4,379.40","","-1.36%"
"May 08, 2015","4,457.82","4,428.92","4,470.65","4,428.92","","+0.66%"
"May 07, 2015","4,428.57","4,469.48","4,522.27","4,420.76","","-1.89%"
"May 01, 2015","4,513.71","4,519.59","4,557.65","4,467.94","","-0.36%"
"Apr 30, 2015","4,529.83","4,641.25","4,641.25","4,527.42","","-3.51%"
"Apr 28, 2015","4,694.45","4,663.33","4,702.82","4,663.17","","+1.62%"
"Apr 27, 2015","4,619.40","4,669.64","4,672.87","4,605.33","","-0.09%"
"Apr 24, 2015","4,623.68","4,658.12","4,669.69","4,615.38","","-0.66%"
"Apr 23, 2015","4,654.42","4,637.26","4,677.69","4,637.03","","+1.04%"
"Apr 22, 2015","4,606.45","4,606.54","4,633.91","4,591.15","","+0.58%"
"Apr 21, 2015","4,579.76","4,535.41","4,580.74","4,506.95","","+1.70%"
"Apr 20, 2015","4,503.14","4,481.38","4,530.93","4,465.38","","-0.60%"
"Apr 17, 2015","4,530.10","4,586.86","4,595.16","4,526.52","","-2.01%"
"Apr 16, 2015","4,623.06","4,662.17","4,662.17","4,596.19","","-1.06%"
"Apr 15, 2015","4,672.42","4,667.08","4,689.37","4,648.67","","-0.02%"
"Apr 14, 2015","4,673.26","4,671.57","4,714.90","4,666.26","","-0.60%"
"Apr 13, 2015","4,701.43","4,689.26","4,726.57","4,670.21","","+0.70%"
"Apr 10, 2015","4,668.71","4,695.45","4,697.88","4,633.54","","-0.03%"
"Apr 09, 2015","4,670.24","4,663.33","4,686.47","4,654.89","","+0.87%"
"Apr 08, 2015","4,629.75","4,675.79","4,677.31","4,625.54","","+0.01%"
"Apr 07, 2015","4,629.14","4,619.10","4,638.80","4,603.97","","+1.30%"
"Apr 06, 2015","4,569.57","4,538.89","4,590.31","4,527.62","","-0.06%"
"Apr 03, 2015","4,572.45","4,547.33","4,572.45","4,537.86","","-0.11%"
"Apr 02, 2015","4,577.61","4,545.64","4,613.80","4,514.71","","+0.53%"
"Apr 01, 2015","4,553.70","4,567.10","4,591.32","4,503.89","","-0.50%"
"Mar 31, 2015","4,576.49","4,693.78","4,697.69","4,576.49","","-1.17%"
"Mar 30, 2015","4,630.44","4,620.55","4,639.98","4,597.19","","-0.60%"
"Mar 27, 2015","4,658.34","4,678.09","4,744.63","4,615.14","","-1.05%"
"Mar 26, 2015","4,707.82","4,775.96","4,778.03","4,680.30","","-2.12%"
"Mar 25, 2015","4,809.68","4,807.80","4,831.76","4,765.83","","+0.36%"
"Mar 24, 2015","4,792.56","4,770.14","4,810.76","4,770.14","","-0.21%"
"Mar 23, 2015","4,802.74","4,820.82","4,820.82","4,786.09","","+0.34%"
"Mar 20, 2015","4,786.68","4,763.56","4,790.72","4,738.86","","+0.28%"
"Mar 19, 2015","4,773.55","4,816.93","4,838.55","4,740.16","","-0.52%"
"Mar 18, 2015","4,798.35","4,751.73","4,804.82","4,745.95","","+1.16%"
"Mar 17, 2015","4,743.32","4,753.78","4,766.17","4,733.77","","+0.74%"
"Mar 16, 2015","4,708.35","4,701.90","4,734.70","4,693.33","","+0.10%"
"Mar 13, 2015","4,703.67","4,704.72","4,729.87","4,684.91","","+0.42%"
"Mar 12, 2015","4,683.80","4,654.55","4,689.12","4,644.01","","+1.41%"
"Mar 11, 2015","4,618.54","4,605.40","4,646.07","4,603.33","","+0.24%"
"Mar 10, 2015","4,607.30","4,648.67","4,674.10","4,586.63","","-0.09%"
"Mar 09, 2015","4,611.23","4,636.64","4,645.34","4,601.09","","-1.08%"
"Mar 06, 2015","4,661.65","4,528.46","4,661.65","4,528.46","","+3.62%"
"Mar 05, 2015","4,498.74","4,487.40","4,515.23","4,478.94","","-0.03%"
"Mar 04, 2015","4,499.91","4,497.19","4,510.31","4,461.12","","-0.55%"
"Mar 03, 2015","4,524.78","4,559.12","4,562.72","4,507.24","","-0.19%"
"Mar 02, 2015","4,533.59","4,549.43","4,577.65","4,528.58","","+0.30%"
"Feb 27, 2015","4,520.25","4,543.49","4,543.93","4,503.96","","-0.24%"
"Feb 26, 2015","4,531.00","4,503.66","4,553.46","4,497.34","","+0.20%"
"Feb 25, 2015","4,521.82","4,516.93","4,551.65","4,499.98","","+0.11%"
"Feb 24, 2015","4,517.03","4,485.22","4,517.93","4,445.65","","+0.54%"
"Feb 23, 2015","4,492.79","4,502.68","4,515.21","4,471.67","","+0.95%"
"Feb 20, 2015","4,450.39","4,433.15","4,464.40","4,424.05","","+0.54%"
"Feb 19, 2015","4,426.28","4,439.14","4,469.42","4,425.96","","+0.05%"
"Feb 18, 2015","4,424.16","4,364.51","4,427.27","4,364.51","","+2.54%"
"Feb 17, 2015","4,314.77","4,300.71","4,325.25","4,274.58","","0.00%"
"Feb 16, 2015","4,314.70","4,323.39","4,337.87","4,308.51","","+0.45%"
"Feb 13, 2015","4,295.53","4,303.78","4,321.59","4,283.74","","-0.73%"
"Feb 12, 2015","4,327.05","4,284.77","4,344.95","4,281.25","","+1.98%"
"Feb 10, 2015","4,243.05","4,213.51","4,246.46","4,206.39","","+0.34%"
"Feb 09, 2015","4,228.62","4,257.68","4,257.68","4,209.95","","-0.86%"
"Feb 06, 2015","4,265.13","4,292.58","4,294.76","4,242.95","","-0.06%"
"Feb 05, 2015","4,267.55","4,275.64","4,290.70","4,259.74","","-0.63%"
"Feb 04, 2015","4,294.54","4,274.02","4,297.87","4,248.28","","+1.88%"
"Feb 03, 2015","4,215.20","4,306.59","4,308.31","4,191.29","","-1.71%"
"Feb 02, 2015","4,288.56","4,242.67","4,297.49","4,217.74","","-0.01%"
"Jan 30, 2015","4,289.00","4,309.11","4,340.63","4,251.00","","+0.40%"
"Jan 29, 2015","4,271.95","4,266.76","4,319.97","4,263.92","","-0.09%"
"Jan 28, 2015","4,275.67","4,258.99","4,289.98","4,249.58","","-0.17%"
"Jan 27, 2015","4,282.93","4,208.46","4,284.04","4,203.94","","+3.18%"
"Jan 26, 2015","4,151.02","4,101.49","4,151.02","4,093.09","","+0.03%"
"Jan 23, 2015","4,149.91","4,143.93","4,151.12","4,114.30","","+1.65%"
"Jan 22, 2015","4,082.68","4,092.95","4,092.95","4,048.48","","-0.48%"
"Jan 21, 2015","4,102.18","4,146.54","4,149.69","4,088.56","","-1.31%"
"Jan 20, 2015","4,156.84","4,092.52","4,161.78","4,092.52","","+1.72%"
"Jan 19, 2015","4,086.73","4,086.62","4,093.90","4,044.87","","+1.28%"
"Jan 16, 2015","4,035.19","4,007.97","4,036.09","3,951.85","","-0.93%"
"Jan 15, 2015","4,073.22","4,019.62","4,089.05","4,006.09","","+1.32%"
"Jan 14, 2015","4,020.09","4,052.43","4,080.98","4,013.20","","-1.65%"
"Jan 13, 2015","4,087.54","4,049.03","4,087.54","4,013.42","","-0.05%"
"Jan 09, 2015","4,089.77","4,094.96","4,114.28","4,076.76","","+0.71%"
"Jan 08, 2015","4,060.92","4,073.09","4,085.07","4,044.46","","+1.00%"
"Jan 07, 2015","4,020.52","4,000.11","4,052.10","3,994.42","","-0.26%"
"Jan 06, 2015","4,031.00","4,090.65","4,092.65","4,031.00","","-3.21%"
"Jan 05, 2015","4,164.85","4,124.74","4,185.98","4,111.55","","+0.09%"
"Dec 30, 2014","4,161.03","4,239.63","4,239.63","4,161.03","","-2.07%"
"Dec 29, 2014","4,248.92","4,301.96","4,307.89","4,197.22","","-0.52%"
"Dec 26, 2014","4,271.26","4,253.56","4,277.23","4,251.31","","+0.19%"
"Dec 25, 2014","4,263.27","4,258.18","4,286.76","4,250.65","","-0.21%"
"Dec 24, 2014","4,272.33","4,282.16","4,288.14","4,261.11","","+0.59%"
"Dec 22, 2014","4,247.44","4,254.86","4,269.05","4,220.58","","+0.63%"
"Dec 19, 2014","4,220.94","4,211.69","4,233.34","4,177.03","","+1.95%"
"Dec 18, 2014","4,140.39","4,156.37","4,202.79","4,130.04","","+1.40%"
"Dec 17, 2014","4,083.21","4,036.35","4,109.56","4,027.04","","+0.69%"
"Dec 16, 2014","4,055.16","4,090.21","4,098.31","4,044.95","","-2.30%"
"Dec 15, 2014","4,150.70","4,164.71","4,189.66","4,141.68","","-1.82%"
"Dec 12, 2014","4,227.78","4,206.00","4,283.13","4,205.51","","+1.08%"
"Dec 11, 2014","4,182.74","4,161.65","4,196.57","4,130.27","","-1.17%"
"Dec 10, 2014","4,232.33","4,274.21","4,301.84","4,203.81","","-1.97%"
"Dec 09, 2014","4,317.17","4,373.99","4,380.53","4,307.50","","-1.93%"
"Dec 08, 2014","4,402.01","4,421.71","4,434.25","4,388.64","","-0.01%"
"Dec 05, 2014","4,402.26","4,400.99","4,408.12","4,366.41","","-0.44%"
"Dec 04, 2014","4,421.59","4,397.34","4,426.81","4,375.36","","+1.17%"
"Dec 03, 2014","4,370.42","4,365.26","4,413.90","4,365.26","","+1.04%"
"Dec 02, 2014","4,325.34","4,252.84","4,334.55","4,250.95","","+1.33%"
"Dec 01, 2014","4,268.70","4,235.94","4,302.99","4,230.98","","+1.64%"
"Nov 28, 2014","4,199.82","4,166.87","4,200.51","4,153.59","","+1.69%"
"Nov 27, 2014","4,129.86","4,136.22","4,172.79","4,129.86","","-0.53%"
"Nov 26, 2014","4,151.75","4,177.69","4,182.42","4,151.75","","-0.39%"
"Nov 25, 2014","4,167.88","4,215.90","4,215.90","4,163.17","","-0.40%"
"Nov 21, 2014","4,184.44","4,159.57","4,191.17","4,134.27","","+0.86%"
"Nov 20, 2014","4,148.71","4,180.89","4,180.89","4,140.27","","+0.08%"
"Nov 19, 2014","4,145.25","4,200.71","4,215.51","4,142.33","","-1.14%"
"Nov 18, 2014","4,193.18","4,139.04","4,194.64","4,139.04","","+2.38%"
"Nov 17, 2014","4,095.75","4,195.08","4,200.58","4,083.83","","-2.99%"
"Nov 14, 2014","4,222.13","4,176.39","4,222.13","4,154.30","","+1.64%"
"Nov 13, 2014","4,153.87","4,121.89","4,155.32","4,091.37","","+1.05%"
"Nov 12, 2014","4,110.69","4,100.97","4,165.85","4,093.13","","+0.94%"
"Nov 11, 2014","4,072.42","4,009.71","4,080.16","4,008.48","","+2.30%"
"Nov 10, 2014","3,980.88","3,988.36","3,993.75","3,946.32","","-0.94%"
"Nov 07, 2014","4,018.82","4,004.14","4,023.02","3,999.76","","+1.04%"
"Nov 06, 2014","3,977.28","4,013.15","4,030.60","3,963.33","","-1.04%"
"Nov 05, 2014","4,018.88","3,979.70","4,029.46","3,979.70","","+0.44%"
"Nov 04, 2014","4,001.32","3,930.66","4,030.15","3,930.17","","+3.72%"
"Oct 31, 2014","3,857.78","3,698.74","3,902.08","3,697.44","","+6.01%"
"Oct 30, 2014","3,639.06","3,609.77","3,667.42","3,607.41","","+0.79%"
"Oct 29, 2014","3,610.46","3,593.38","3,628.52","3,583.41","","+1.71%"
"Oct 28, 2014","3,549.66","3,533.93","3,561.88","3,528.87","","+0.10%"
"Oct 27, 2014","3,545.96","3,555.11","3,557.64","3,530.53","","+0.44%"
"Oct 24, 2014","3,530.27","3,548.49","3,563.14","3,514.75","","+0.84%"
"Oct 23, 2014","3,500.96","3,490.58","3,517.74","3,477.76","","-0.40%"
"Oct 22, 2014","3,514.91","3,485.32","3,515.41","3,469.60","","+2.28%"
"Oct 21, 2014","3,436.63","3,505.21","3,516.01","3,433.54","","-1.96%"
"Oct 20, 2014","3,505.38","3,427.53","3,505.71","3,425.28","","+4.33%"
"Oct 17, 2014","3,359.84","3,426.49","3,439.42","3,359.49","","-1.39%"
"Oct 16, 2014","3,407.17","3,418.67","3,435.90","3,372.74","","-2.28%"
"Oct 15, 2014","3,486.60","3,451.04","3,490.75","3,428.92","","+1.66%"
"Oct 14, 2014","3,429.78","3,477.36","3,477.48","3,427.91","","-3.20%"
"Oct 10, 2014","3,543.20","3,549.15","3,557.00","3,514.71","","-1.45%"
"Oct 09, 2014","3,595.35","3,659.25","3,666.11","3,591.48","","-1.13%"
"Oct 08, 2014","3,636.47","3,648.17","3,658.86","3,628.35","","-1.87%"
"Oct 07, 2014","3,705.81","3,715.75","3,732.27","3,699.80","","-0.21%"
"Oct 06, 2014","3,713.74","3,713.33","3,730.85","3,687.06","","+1.41%"
"Oct 03, 2014","3,662.10","3,625.60","3,667.90","3,625.60","","+0.19%"
"Oct 02, 2014","3,655.20","3,699.95","3,722.90","3,649.66","","-2.60%"
"Oct 01, 2014","3,752.92","3,793.15","3,799.70","3,749.81","","-0.83%"
"Sep 30, 2014","3,784.35","3,796.72","3,796.72","3,753.13","","-0.21%"
"Sep 29, 2014","3,792.36","3,815.52","3,815.52","3,780.08","","+0.12%"
"Sep 26, 2014","3,787.79","3,788.27","3,809.50","3,776.20","","-1.02%"
"Sep 25, 2014","3,826.99","3,780.11","3,826.99","3,777.55","","+1.68%"
"Sep 24, 2014","3,763.59","3,743.64","3,766.78","3,729.74","","-0.16%"
"Sep 22, 2014","3,769.54","3,763.45","3,778.19","3,749.87","","+0.10%"
"Sep 19, 2014","3,765.88","3,758.68","3,778.07","3,743.82","","+0.72%"
"Sep 18, 2014","3,739.06","3,722.89","3,750.22","3,721.62","","+1.57%"
"Sep 17, 2014","3,681.37","3,704.02","3,716.53","3,681.37","","-0.54%"
"Sep 16, 2014","3,701.18","3,679.51","3,706.34","3,674.28","","+0.55%"
"Sep 12, 2014","3,681.08","3,655.53","3,690.35","3,655.53","","+0.32%"
"Sep 11, 2014","3,669.23","3,674.86","3,679.40","3,659.81","","+0.22%"
"Sep 10, 2014","3,661.02","3,644.37","3,664.25","3,631.45","","+0.21%"
"Sep 09, 2014","3,653.27","3,664.04","3,664.97","3,646.92","","-0.09%"
"Sep 08, 2014","3,656.63","3,642.63","3,671.65","3,631.36","","+0.34%"
"Sep 05, 2014","3,644.20","3,684.55","3,684.55","3,636.72","","-0.25%"
"Sep 04, 2014","3,653.46","3,652.72","3,666.47","3,649.50","","-0.23%"
"Sep 03, 2014","3,661.77","3,677.64","3,690.27","3,660.18","","+0.31%"
"Sep 02, 2014","3,650.33","3,606.04","3,667.82","3,605.96","","+1.39%"
"Sep 01, 2014","3,600.11","3,597.44","3,606.19","3,587.74","","+0.10%"
"Aug 29, 2014","3,596.40","3,585.23","3,600.18","3,577.58","","+0.32%"
"Aug 28, 2014","3,584.84","3,579.16","3,589.37","3,560.69","","-0.27%"
"Aug 27, 2014","3,594.63","3,592.65","3,608.24","3,571.10","","-0.01%"
"Aug 26, 2014","3,594.84","3,615.82","3,619.47","3,591.83","","-0.63%"
"Aug 25, 2014","3,617.61","3,610.51","3,622.60","3,590.50","","+1.14%"
"Aug 22, 2014","3,576.93","3,616.97","3,619.76","3,566.03","","-0.98%"
"Aug 21, 2014","3,612.29","3,584.95","3,617.40","3,581.81","","+1.63%"
"Aug 20, 2014","3,554.28","3,563.67","3,566.18","3,552.13","","-0.09%"
"Aug 19, 2014","3,557.56","3,558.04","3,567.76","3,546.26","","+0.97%"
"Aug 18, 2014","3,523.53","3,535.76","3,540.31","3,517.99","","-0.54%"
"Aug 15, 2014","3,542.63","3,544.38","3,553.20","3,530.65","","+0.04%"
"Aug 14, 2014","3,541.39","3,536.57","3,548.82","3,523.44","","+0.66%"
"Aug 13, 2014","3,518.25","3,491.06","3,531.64","3,488.44","","+0.49%"
"Aug 12, 2014","3,500.99","3,487.16","3,502.82","3,480.75","","+1.04%"
"Aug 11, 2014","3,464.89","3,428.70","3,469.43","3,416.53","","+1.71%"
"Aug 08, 2014","3,406.56","3,528.97","3,535.53","3,406.56","","-4.48%"
"Aug 07, 2014","3,566.31","3,567.34","3,570.50","3,518.23","","+0.62%"
"Aug 06, 2014","3,544.50","3,550.38","3,559.70","3,533.09","","-0.24%"
"Aug 05, 2014","3,553.19","3,592.66","3,600.69","3,551.75","","-0.78%"
"Aug 04, 2014","3,581.29","3,572.30","3,599.89","3,570.49","","+0.09%"
"Aug 01, 2014","3,577.93","3,576.83","3,598.15","3,570.86","","-0.66%"
"Jul 31, 2014","3,601.61","3,626.97","3,631.12","3,599.05","","-0.46%"
"Jul 30, 2014","3,618.28","3,603.40","3,626.62","3,599.24","","+1.03%"
"Jul 29, 2014","3,581.43","3,577.93","3,602.74","3,562.73","","+0.43%"
"Jul 28, 2014","3,566.21","3,557.80","3,597.43","3,557.80","","-0.50%"
"Jul 25, 2014","3,584.31","3,550.75","3,584.62","3,543.18","","+1.43%"
"Jul 24, 2014","3,533.91","3,553.43","3,558.28","3,521.33","","-0.47%"
"Jul 23, 2014","3,550.71","3,565.23","3,574.67","3,542.71","","+0.08%"
"Jul 22, 2014","3,547.81","3,539.66","3,565.36","3,529.35","","+1.16%"
"Jul 18, 2014","3,507.01","3,507.22","3,508.99","3,479.10","","-1.21%"
"Jul 17, 2014","3,549.83","3,571.45","3,577.43","3,541.27","","-0.16%"
"Jul 16, 2014","3,555.51","3,548.52","3,566.80","3,540.30","","-0.22%"
"Jul 15, 2014","3,563.49","3,563.46","3,592.61","3,562.11","","+0.33%"
"Jul 14, 2014","3,551.94","3,512.10","3,561.90","3,511.23","","+1.38%"
"Jul 11, 2014","3,503.67","3,475.98","3,509.95","3,475.98","","-0.41%"
"Jul 10, 2014","3,518.02","3,546.17","3,550.05","3,517.74","","-0.94%"
"Jul 09, 2014","3,551.53","3,537.33","3,556.58","3,534.49","","-0.43%"
"Jul 08, 2014","3,566.86","3,562.20","3,583.95","3,539.03","","-0.45%"
"Jul 07, 2014","3,583.15","3,602.22","3,606.73","3,583.15","","-0.26%"
"Jul 04, 2014","3,592.38","3,593.80","3,602.32","3,575.79","","+0.90%"
"Jul 03, 2014","3,560.37","3,580.69","3,582.11","3,556.66","","-0.06%"
"Jul 02, 2014","3,562.49","3,571.49","3,584.18","3,560.41","","0.00%"
"Jul 01, 2014","3,562.35","3,513.73","3,572.45","3,506.08","","+1.73%"
"Jun 30, 2014","3,501.77","3,497.26","3,509.11","3,482.92","","+0.65%"
"Jun 27, 2014","3,479.18","3,520.94","3,521.14","3,464.01","","-1.35%"
"Jun 26, 2014","3,526.63","3,534.93","3,542.81","3,515.51","","+0.04%"
"Jun 25, 2014","3,525.31","3,536.76","3,551.02","3,525.10","","-0.87%"
"Jun 24, 2014","3,556.36","3,552.95","3,571.39","3,532.92","","+0.26%"
"Jun 23, 2014","3,547.14","3,540.77","3,581.06","3,540.77","","+0.70%"
"Jun 20, 2014","3,522.34","3,498.01","3,525.19","3,484.85","","+0.54%"
"Jun 19, 2014","3,503.49","3,478.63","3,511.64","3,464.28","","+0.43%"
"Jun 18, 2014","3,488.38","3,438.85","3,492.96","3,430.97","","+1.64%"
"Jun 17, 2014","3,431.96","3,425.20","3,452.35","3,418.14","","+0.56%"
"Jun 16, 2014","3,412.91","3,428.22","3,440.10","3,392.20","","-0.20%"
"Jun 13, 2014","3,419.86","3,366.56","3,428.73","3,366.56","","+0.69%"
"Jun 12, 2014","3,396.42","3,373.76","3,412.55","3,373.00","","-0.62%"
"Jun 11, 2014","3,417.72","3,392.68","3,419.34","3,387.79","","+0.48%"
"Jun 10, 2014","3,401.54","3,426.73","3,438.20","3,394.03","","-0.70%"
"Jun 09, 2014","3,425.51","3,457.32","3,457.32","3,424.69","","-0.39%"
"Jun 06, 2014","3,439.01","3,442.71","3,451.21","3,427.43","","+0.20%"
"Jun 05, 2014","3,431.99","3,408.55","3,436.61","3,406.47","","+1.02%"
"Jun 04, 2014","3,397.31","3,422.08","3,422.08","3,381.04","","-0.78%"
"Jun 03, 2014","3,423.89","3,424.22","3,442.26","3,416.42","","+0.24%"
"Jun 02, 2014","3,415.80","3,372.61","3,420.09","3,372.61","","+2.65%"
"May 30, 2014","3,327.76","3,336.18","3,345.87","3,320.96","","-0.04%"
"May 29, 2014","3,329.19","3,301.41","3,336.83","3,292.41","","+0.50%"
"May 28, 2014","3,312.66","3,303.54","3,330.93","3,293.09","","+0.18%"
"May 27, 2014","3,306.58","3,286.09","3,336.01","3,283.82","","+0.49%"
"May 26, 2014","3,290.43","3,283.27","3,292.24","3,269.40","","+1.62%"
"May 23, 2014","3,237.96","3,218.31","3,251.93","3,218.31","","+1.07%"
"May 22, 2014","3,203.67","3,177.83","3,213.53","3,160.58","","+1.45%"
"May 21, 2014","3,157.81","3,136.09","3,164.53","3,136.09","","-0.38%"
"May 20, 2014","3,169.86","3,193.03","3,194.34","3,163.74","","-0.32%"
"May 19, 2014","3,180.14","3,210.88","3,219.00","3,179.28","","-0.45%"
"May 16, 2014","3,194.57","3,197.33","3,203.29","3,166.80","","-1.39%"
"May 15, 2014","3,239.72","3,246.90","3,247.88","3,216.99","","-1.31%"
"May 14, 2014","3,282.68","3,264.54","3,282.68","3,249.76","","+0.17%"
"May 13, 2014","3,277.21","3,289.24","3,296.35","3,253.79","","+0.80%"
"May 12, 2014","3,251.22","3,250.52","3,281.61","3,236.37","","+0.21%"
"May 09, 2014","3,244.53","3,206.95","3,251.14","3,206.95","","+0.27%"
"May 08, 2014","3,235.71","3,214.37","3,267.87","3,214.37","","+1.22%"
"May 07, 2014","3,196.63","3,214.75","3,214.75","3,134.43","","-1.22%"
"May 02, 2014","3,236.13","3,255.40","3,273.52","3,229.08","","-0.61%"
"May 01, 2014","3,256.13","3,219.43","3,260.59","3,213.07","","+1.75%"
"Apr 30, 2014","3,200.08","3,233.92","3,236.74","3,181.77","","-0.08%"
"Apr 28, 2014","3,202.65","3,189.06","3,210.58","3,172.76","","-0.66%"
"Apr 25, 2014","3,224.07","3,234.73","3,251.88","3,208.06","","-0.38%"
"Apr 24, 2014","3,236.45","3,265.90","3,269.88","3,219.72","","-0.79%"
"Apr 23, 2014","3,262.36","3,260.52","3,267.96","3,246.56","","+1.30%"
"Apr 22, 2014","3,220.50","3,250.59","3,271.85","3,220.13","","-0.20%"
"Apr 21, 2014","3,227.01","3,221.91","3,254.55","3,220.31","","+0.11%"
"Apr 18, 2014","3,223.46","3,229.42","3,232.81","3,206.53","","+0.19%"
"Apr 17, 2014","3,217.43","3,227.96","3,245.58","3,208.93","","+0.33%"
"Apr 16, 2014","3,206.84","3,135.82","3,208.60","3,135.82","","+3.29%"
"Apr 15, 2014","3,104.57","3,138.33","3,139.94","3,100.05","","-0.04%"
"Apr 14, 2014","3,105.84","3,105.60","3,133.47","3,097.62","","-0.59%"
"Apr 11, 2014","3,124.37","3,139.08","3,151.88","3,107.24","","-2.33%"
"Apr 10, 2014","3,198.92","3,231.56","3,245.65","3,184.15","","+0.47%"
"Apr 09, 2014","3,183.98","3,210.55","3,218.36","3,154.45","","-2.33%"
"Apr 08, 2014","3,260.03","3,312.56","3,312.56","3,251.11","","-1.68%"
"Apr 07, 2014","3,315.87","3,364.21","3,364.72","3,307.54","","-1.76%"
"Apr 04, 2014","3,375.22","3,396.42","3,396.42","3,363.68","","-0.85%"
"Apr 03, 2014","3,404.10","3,405.98","3,434.89","3,403.06","","+1.11%"
"Apr 02, 2014","3,366.78","3,371.49","3,395.37","3,363.03","","+0.12%"
"Apr 01, 2014","3,362.70","3,373.96","3,392.76","3,348.21","","-0.58%"
"Mar 31, 2014","3,382.46","3,402.75","3,402.75","3,343.49","","-0.89%"
"Mar 28, 2014","3,412.81","3,396.96","3,439.02","3,390.95","","-0.46%"
"Mar 27, 2014","3,428.55","3,334.15","3,438.17","3,312.03","","+2.25%"
"Mar 26, 2014","3,353.00","3,315.91","3,355.42","3,306.60","","+1.73%"
"Mar 25, 2014","3,295.95","3,307.27","3,335.55","3,283.61","","-0.89%"
"Mar 24, 2014","3,325.62","3,235.51","3,348.50","3,229.77","","+3.27%"
"Mar 20, 2014","3,220.37","3,304.92","3,314.14","3,220.37","","-2.28%"
"Mar 19, 2014","3,295.37","3,307.87","3,348.95","3,281.44","","-0.11%"
"Mar 18, 2014","3,299.12","3,293.64","3,327.53","3,279.76","","+1.36%"
"Mar 17, 2014","3,254.77","3,243.06","3,269.77","3,239.07","","-1.05%"
"Mar 14, 2014","3,289.45","3,344.34","3,347.20","3,275.98","","-3.60%"
"Mar 13, 2014","3,412.21","3,414.82","3,441.06","3,406.50","","+0.15%"
"Mar 12, 2014","3,407.00","3,435.00","3,439.14","3,396.20","","-2.41%"
"Mar 11, 2014","3,491.24","3,495.11","3,507.49","3,473.48","","+0.40%"
"Mar 10, 2014","3,477.21","3,462.15","3,486.79","3,453.21","","+0.32%"
"Mar 07, 2014","3,466.19","3,480.35","3,481.14","3,443.84","","+0.26%"
"Mar 06, 2014","3,457.03","3,428.78","3,464.45","3,401.99","","+1.29%"
"Mar 05, 2014","3,413.00","3,411.71","3,435.21","3,402.73","","+1.35%"
"Mar 04, 2014","3,367.63","3,305.62","3,371.09","3,305.62","","+1.11%"
"Mar 03, 2014","3,330.73","3,357.64","3,361.96","3,304.76","","-1.92%"
"Feb 28, 2014","3,395.93","3,373.24","3,404.38","3,364.43","","+0.95%"
"Feb 27, 2014","3,363.89","3,348.43","3,381.96","3,325.25","","+0.49%"
"Feb 26, 2014","3,347.48","3,345.63","3,374.06","3,339.95","","-0.03%"
"Feb 25, 2014","3,348.59","3,351.21","3,354.55","3,329.69","","+1.14%"
"Feb 24, 2014","3,310.87","3,306.95","3,347.69","3,262.68","","-0.44%"
"Feb 21, 2014","3,325.60","3,292.96","3,338.45","3,292.96","","+2.42%"
"Feb 20, 2014","3,246.89","3,322.37","3,322.37","3,242.25","","-2.60%"
"Feb 19, 2014","3,333.69","3,327.02","3,339.12","3,307.37","","-0.12%"
"Feb 18, 2014","3,337.77","3,263.83","3,349.66","3,258.26","","+2.71%"
"Feb 17, 2014","3,249.85","3,253.77","3,266.78","3,228.63","","-0.08%"
"Feb 14, 2014","3,252.39","3,291.24","3,329.00","3,216.72","","-1.46%"
"Feb 13, 2014","3,300.52","3,354.31","3,366.73","3,285.83","","-1.81%"
"Feb 12, 2014","3,361.26","3,348.40","3,376.58","3,326.42","","+1.32%"
"Feb 10, 2014","3,317.52","3,293.45","3,322.52","3,268.23","","+2.20%"
"Feb 07, 2014","3,246.13","3,210.71","3,251.17","3,200.24","","+2.71%"
"Feb 06, 2014","3,160.41","3,124.61","3,177.23","3,119.00","","+1.42%"
"Feb 05, 2014","3,116.29","3,114.69","3,135.33","3,072.28","","+1.39%"
"Feb 04, 2014","3,073.47","3,196.84","3,203.59","3,073.47","","-5.38%"
"Feb 03, 2014","3,248.22","3,281.78","3,334.52","3,248.22","","-1.03%"
"Jan 31, 2014","3,282.16","3,301.30","3,306.73","3,233.14","","-0.03%"
"Jan 30, 2014","3,283.09","3,316.49","3,316.49","3,253.14","","-2.82%"
"Jan 29, 2014","3,378.41","3,328.93","3,378.41","3,318.63","","+2.70%"
"Jan 28, 2014","3,289.61","3,281.37","3,314.54","3,267.71","","-0.43%"
"Jan 27, 2014","3,303.73","3,315.99","3,316.39","3,279.42","","-2.23%"
"Jan 24, 2014","3,379.01","3,396.47","3,396.47","3,354.56","","-1.55%"
"Jan 23, 2014","3,432.25","3,482.27","3,490.46","3,430.65","","-0.55%"
"Jan 22, 2014","3,451.38","3,422.66","3,461.79","3,400.94","","+0.44%"
"Jan 21, 2014","3,436.27","3,416.48","3,457.44","3,416.48","","+1.05%"
"Jan 20, 2014","3,400.56","3,458.85","3,458.85","3,391.97","","-1.75%"
"Jan 17, 2014","3,461.21","3,434.67","3,473.54","3,434.27","","+0.47%"
"Jan 16, 2014","3,445.02","3,459.46","3,475.39","3,438.35","","+0.14%"
"Jan 15, 2014","3,440.31","3,415.48","3,442.09","3,403.42","","+1.18%"
"Jan 14, 2014","3,400.06","3,417.11","3,433.92","3,390.61","","-2.46%"
"Jan 10, 2014","3,485.80","3,440.80","3,489.62","3,438.93","","+0.34%"
"Jan 09, 2014","3,474.09","3,496.98","3,496.98","3,451.15","","-0.85%"
"Jan 08, 2014","3,503.83","3,458.38","3,503.83","3,455.35","","+2.33%"
"Jan 07, 2014","3,424.11","3,447.50","3,455.71","3,415.29","","-1.13%"
"Jan 06, 2014","3,463.19","3,475.06","3,486.94","3,446.16","","-0.63%"
"Dec 30, 2013","3,485.23","3,482.10","3,489.87","3,471.35","","+0.95%"
"Dec 27, 2013","3,452.36","3,451.63","3,453.61","3,426.67","","+0.01%"
"Dec 26, 2013","3,451.89","3,437.14","3,462.80","3,431.65","","+0.71%"
"Dec 25, 2013","3,427.61","3,421.46","3,434.15","3,417.37","","-0.23%"
"Dec 24, 2013","3,435.58","3,456.67","3,469.23","3,426.13","","-0.81%"
"Dec 20, 2013","3,463.49","3,453.40","3,463.49","3,439.74","","-0.17%"
"Dec 19, 2013","3,469.33","3,469.02","3,489.23","3,459.07","","+1.47%"
"Dec 18, 2013","3,419.01","3,374.04","3,421.43","3,364.41","","+1.23%"
"Dec 17, 2013","3,377.58","3,397.23","3,406.05","3,370.09","","+0.31%"
"Dec 16, 2013","3,367.03","3,419.03","3,419.10","3,354.74","","-1.46%"
"Dec 13, 2013","3,416.98","3,417.41","3,452.94","3,392.19","","+0.09%"
"Dec 12, 2013","3,413.79","3,423.38","3,426.91","3,393.38","","-1.56%"
"Dec 11, 2013","3,467.99","3,481.85","3,497.96","3,429.17","","-1.23%"
"Dec 10, 2013","3,511.20","3,509.83","3,517.40","3,493.99","","+0.65%"
"Dec 09, 2013","3,488.60","3,462.35","3,489.10","3,451.59","","+2.34%"
"Dec 06, 2013","3,408.79","3,333.25","3,415.86","3,333.25","","+1.65%"
"Dec 05, 2013","3,353.42","3,401.96","3,420.84","3,346.28","","-1.05%"
"Dec 04, 2013","3,389.13","3,377.54","3,409.21","3,358.39","","-1.25%"
"Dec 03, 2013","3,432.17","3,439.95","3,444.97","3,416.91","","-0.25%"
"Dec 02, 2013","3,440.71","3,457.96","3,463.41","3,431.18","","-0.37%"
"Nov 29, 2013","3,453.54","3,464.98","3,466.71","3,419.76","","-0.35%"
"Nov 28, 2013","3,465.58","3,432.30","3,465.58","3,427.54","","+1.82%"
"Nov 27, 2013","3,403.56","3,376.70","3,421.44","3,376.70","","+0.14%"
"Nov 26, 2013","3,398.89","3,388.45","3,413.91","3,377.16","","-0.20%"
"Nov 25, 2013","3,405.58","3,381.11","3,409.26","3,378.10","","+1.47%"
"Nov 22, 2013","3,356.35","3,371.75","3,384.71","3,339.33","","+0.77%"
"Nov 21, 2013","3,330.76","3,275.68","3,333.52","3,275.68","","+1.72%"
"Nov 20, 2013","3,274.48","3,283.39","3,292.41","3,265.02","","-0.22%"
"Nov 19, 2013","3,281.73","3,258.18","3,291.20","3,258.18","","+0.37%"
"Nov 18, 2013","3,269.77","3,272.88","3,277.89","3,243.12","","-0.20%"
"Nov 15, 2013","3,276.34","3,223.79","3,286.24","3,217.58","","+1.85%"
"Nov 14, 2013","3,216.79","3,187.85","3,252.07","3,184.64","","+1.10%"
"Nov 13, 2013","3,181.76","3,167.79","3,191.57","3,165.34","","+0.22%"
"Nov 12, 2013","3,174.84","3,144.35","3,174.84","3,143.84","","+0.90%"
"Nov 11, 2013","3,146.41","3,140.24","3,147.62","3,104.19","","+0.34%"
"Nov 08, 2013","3,135.70","3,121.46","3,140.22","3,114.54","","-0.81%"
"Nov 07, 2013","3,161.20","3,187.91","3,192.87","3,155.61","","-0.37%"
"Nov 06, 2013","3,172.97","3,130.87","3,196.89","3,130.87","","+1.86%"
"Nov 05, 2013","3,115.12","3,116.26","3,130.68","3,093.53","","+0.66%"
"Nov 01, 2013","3,094.59","3,138.95","3,170.97","3,081.93","","-0.45%"
"Oct 31, 2013","3,108.51","3,128.58","3,138.05","3,104.98","","-0.77%"
"Oct 30, 2013","3,132.74","3,106.80","3,132.74","3,102.85","","+1.46%"
"Oct 29, 2013","3,087.70","3,081.13","3,098.85","3,064.35","","-0.64%"
"Oct 28, 2013","3,107.50","3,090.73","3,110.91","3,057.05","","+1.78%"
"Oct 25, 2013","3,053.10","3,111.03","3,120.10","3,050.93","","-1.92%"
"Oct 24, 2013","3,112.94","3,077.18","3,117.83","3,065.53","","+0.92%"
"Oct 23, 2013","3,084.66","3,158.04","3,168.61","3,084.66","","-1.77%"
"Oct 22, 2013","3,140.12","3,132.42","3,146.39","3,125.51","","-0.07%"
"Oct 21, 2013","3,142.28","3,125.16","3,143.32","3,124.89","","+1.07%"
"Oct 18, 2013","3,109.09","3,113.16","3,125.92","3,097.83","","-0.05%"
"Oct 17, 2013","3,110.55","3,117.11","3,121.70","3,089.98","","+0.87%"
"Oct 16, 2013","3,083.75","3,086.91","3,090.92","3,067.30","","+0.07%"
"Oct 15, 2013","3,081.56","3,103.08","3,105.76","3,067.25","","-0.36%"
"Oct 11, 2013","3,092.73","3,075.06","3,110.54","3,074.75","","+2.26%"
"Oct 10, 2013","3,024.47","2,986.35","3,024.47","2,971.76","","+1.58%"
"Oct 09, 2013","2,977.35","2,911.14","2,982.23","2,898.34","","+1.45%"
"Oct 08, 2013","2,934.67","2,917.07","2,945.56","2,907.66","","+0.07%"
"Oct 07, 2013","2,932.70","2,985.15","2,986.69","2,920.25","","-1.36%"
"Oct 04, 2013","2,973.28","2,969.79","2,993.07","2,940.93","","-0.90%"
"Oct 03, 2013","3,000.24","2,988.14","3,024.63","2,981.36","","+0.82%"
"Oct 02, 2013","2,975.93","3,049.81","3,062.76","2,962.30","","-2.75%"
"Oct 01, 2013","3,060.16","3,061.67","3,079.48","3,050.90","","+0.04%"
"Sep 30, 2013","3,058.97","3,051.76","3,073.38","3,038.21","","-1.60%"
"Sep 27, 2013","3,108.70","3,124.63","3,125.21","3,098.68","","-0.42%"
"Sep 26, 2013","3,121.69","3,076.93","3,121.69","3,036.79","","+1.39%"
"Sep 25, 2013","3,078.92","3,089.10","3,099.03","3,077.14","","-0.22%"
"Sep 24, 2013","3,085.74","3,082.39","3,096.80","3,065.59","","-1.25%"
"Sep 20, 2013","3,124.85","3,092.92","3,126.82","3,083.24","","+0.92%"
"Sep 19, 2013","3,096.33","3,074.75","3,096.78","3,056.52","","+1.88%"
"Sep 18, 2013","3,039.05","3,012.67","3,059.18","3,012.67","","+1.89%"
"Sep 17, 2013","2,982.78","2,985.59","3,006.69","2,973.13","","+0.29%"
"Sep 13, 2013","2,974.19","2,960.34","2,980.22","2,935.24","","+0.08%"
"Sep 12, 2013","2,971.74","2,985.40","2,997.91","2,961.92","","-1.04%"
"Sep 11, 2013","3,002.89","3,002.96","3,021.79","2,995.58","","+0.30%"
"Sep 10, 2013","2,993.93","2,979.13","2,999.57","2,972.98","","+1.09%"
"Sep 09, 2013","2,961.64","2,985.77","2,992.78","2,939.96","","+1.39%"
"Sep 06, 2013","2,920.96","2,946.06","2,954.89","2,910.72","","-0.07%"
"Sep 05, 2013","2,923.07","2,930.38","2,932.74","2,904.98","","+0.76%"
"Sep 04, 2013","2,900.95","2,894.77","2,911.15","2,866.80","","-0.74%"
"Sep 03, 2013","2,922.45","2,878.32","2,922.45","2,876.17","","+2.75%"
"Sep 02, 2013","2,844.25","2,854.00","2,865.17","2,837.22","","-0.51%"
"Aug 30, 2013","2,858.94","2,908.63","2,910.04","2,848.42","","-0.89%"
"Aug 29, 2013","2,884.69","2,889.26","2,897.81","2,870.67","","+0.53%"
"Aug 28, 2013","2,869.34","2,862.79","2,881.25","2,833.02","","-1.55%"
"Aug 27, 2013","2,914.42","2,915.57","2,942.60","2,908.88","","-0.74%"
"Aug 26, 2013","2,936.04","2,939.02","2,942.92","2,920.75","","+0.35%"
"Aug 23, 2013","2,925.67","2,902.65","2,938.95","2,897.47","","+1.78%"
"Aug 22, 2013","2,874.37","2,889.64","2,895.37","2,828.66","","-0.82%"
"Aug 21, 2013","2,898.11","2,887.26","2,910.82","2,867.62","","+0.79%"
"Aug 20, 2013","2,875.33","2,920.78","2,940.41","2,868.82","","-2.34%"
"Aug 19, 2013","2,944.24","2,920.30","2,944.24","2,900.42","","+0.90%"
"Aug 16, 2013","2,917.99","2,896.82","2,928.46","2,888.48","","-0.55%"
"Aug 15, 2013","2,934.25","2,945.06","2,968.98","2,926.64","","-0.60%"
"Aug 14, 2013","2,951.89","2,911.91","2,951.89","2,895.14","","+2.09%"
"Aug 13, 2013","2,891.45","2,901.83","2,913.72","2,859.97","","+0.64%"
"Aug 12, 2013","2,873.18","2,862.06","2,898.86","2,849.01","","+0.18%"
"Aug 09, 2013","2,867.99","2,944.38","2,948.10","2,843.59","","-3.12%"
"Aug 08, 2013","2,960.24","2,986.81","3,036.50","2,944.86","","-1.10%"
"Aug 07, 2013","2,993.30","3,062.40","3,062.45","2,992.75","","-4.06%"
"Aug 06, 2013","3,119.99","3,094.91","3,119.99","3,033.98","","+0.90%"
"Aug 05, 2013","3,092.31","3,111.77","3,118.77","3,080.28","","-1.11%"
"Aug 02, 2013","3,126.93","3,106.82","3,126.93","3,052.87","","+2.13%"
"Aug 01, 2013","3,061.83","3,009.63","3,061.83","3,002.90","","+1.48%"
"Jul 31, 2013","3,017.13","3,013.59","3,048.86","2,999.74","","-1.03%"
"Jul 30, 2013","3,048.47","2,987.62","3,064.39","2,975.39","","+1.91%"
"Jul 29, 2013","2,991.21","3,052.29","3,073.67","2,987.22","","-3.44%"
"Jul 26, 2013","3,097.65","3,134.74","3,148.97","3,084.98","","-2.51%"
"Jul 25, 2013","3,177.43","3,208.88","3,209.85","3,168.77","","-1.31%"
"Jul 24, 2013","3,219.58","3,225.93","3,239.16","3,207.02","","-0.54%"
"Jul 23, 2013","3,236.98","3,210.56","3,255.44","3,210.56","","+0.42%"
"Jul 22, 2013","3,223.43","3,245.86","3,248.01","3,195.90","","+0.97%"
"Jul 19, 2013","3,192.52","3,252.71","3,256.16","3,170.66","","-1.08%"
"Jul 18, 2013","3,227.31","3,190.75","3,229.09","3,184.96","","+1.29%"
"Jul 17, 2013","3,186.19","3,181.30","3,189.27","3,160.73","","-0.48%"
"Jul 16, 2013","3,201.71","3,192.21","3,204.84","3,171.76","","+1.48%"
"Jul 12, 2013","3,154.95","3,158.55","3,210.89","3,148.24","","+0.46%"
"Jul 11, 2013","3,140.48","3,129.22","3,164.79","3,109.72","","-0.52%"
"Jul 10, 2013","3,157.03","3,162.60","3,169.27","3,132.11","","-0.05%"
"Jul 09, 2013","3,158.62","3,174.66","3,175.58","3,112.20","","-0.21%"
"Jul 08, 2013","3,165.29","3,230.74","3,233.57","3,161.83","","-0.98%"
"Jul 05, 2013","3,196.76","3,173.93","3,198.64","3,172.13","","+1.59%"
"Jul 04, 2013","3,146.88","3,170.14","3,192.10","3,144.29","","-0.50%"
"Jul 03, 2013","3,162.61","3,191.86","3,191.86","3,152.41","","-0.43%"
"Jul 02, 2013","3,176.28","3,149.53","3,176.28","3,132.10","","+1.92%"
"Jul 01, 2013","3,116.43","3,092.08","3,116.76","3,076.34","","+0.94%"
"Jun 28, 2013","3,087.29","3,044.20","3,123.56","3,030.76","","+2.47%"
"Jun 27, 2013","3,012.88","2,981.99","3,016.77","2,947.93","","+2.11%"
"Jun 26, 2013","2,950.66","3,048.79","3,048.79","2,947.57","","-2.19%"
"Jun 25, 2013","3,016.88","3,024.16","3,068.94","2,959.60","","+0.30%"
"Jun 24, 2013","3,007.84","3,099.76","3,101.23","2,999.13","","-1.51%"
"Jun 21, 2013","3,053.83","2,955.96","3,079.44","2,933.19","","+1.57%"
"Jun 20, 2013","3,006.58","3,030.05","3,048.69","2,993.53","","-2.18%"
"Jun 19, 2013","3,073.54","3,108.74","3,113.58","3,044.35","","+0.63%"
"Jun 18, 2013","3,054.31","3,051.16","3,079.37","3,029.86","","+0.23%"
"Jun 17, 2013","3,047.45","2,957.62","3,049.36","2,939.74","","+2.59%"
"Jun 14, 2013","2,970.48","3,002.68","3,050.79","2,961.85","","+0.71%"
"Jun 13, 2013","2,949.50","3,069.32","3,076.95","2,926.95","","-5.31%"
"Jun 12, 2013","3,114.74","3,069.41","3,127.98","3,046.12","","-0.18%"
"Jun 11, 2013","3,120.48","3,166.68","3,166.68","3,083.59","","-0.97%"
"Jun 10, 2013","3,151.15","3,058.28","3,153.75","3,058.28","","+5.27%"
"Jun 07, 2013","2,993.43","2,960.56","3,049.41","2,901.51","","-0.30%"
"Jun 06, 2013","3,002.51","3,029.78","3,106.68","2,995.21","","-1.94%"
"Jun 05, 2013","3,061.84","3,165.54","3,208.36","3,061.84","","-3.62%"
"Jun 04, 2013","3,176.96","3,095.53","3,189.60","3,094.07","","+1.34%"
"Jun 03, 2013","3,135.04","3,206.38","3,221.11","3,125.47","","-3.90%"
"May 31, 2013","3,262.11","3,279.56","3,311.74","3,250.43","","+0.76%"
"May 30, 2013","3,237.53","3,274.20","3,324.89","3,220.50","","-2.62%"
"May 29, 2013","3,324.67","3,368.83","3,369.70","3,308.61","","+0.46%"
"May 28, 2013","3,309.47","3,223.13","3,328.33","3,223.13","","+0.82%"
"May 27, 2013","3,282.53","3,334.67","3,338.11","3,265.36","","-2.31%"
"May 24, 2013","3,360.26","3,350.35","3,421.02","3,200.94","","+1.35%"
"May 23, 2013","3,315.44","3,524.85","3,596.38","3,315.44","","-5.09%"
"May 22, 2013","3,493.40","3,456.76","3,520.72","3,453.23","","+1.45%"
"May 21, 2013","3,443.57","3,404.06","3,458.03","3,402.69","","+0.62%"
"May 20, 2013","3,422.36","3,417.40","3,439.72","3,407.98","","+0.85%"
"May 17, 2013","3,393.67","3,348.41","3,398.81","3,331.22","","+0.54%"
"May 16, 2013","3,375.54","3,339.82","3,401.59","3,298.05","","+2.09%"
"May 15, 2013","3,306.56","3,288.12","3,322.18","3,280.36","","+2.30%"
"May 14, 2013","3,232.10","3,246.20","3,265.67","3,232.10","","-0.17%"
"May 13, 2013","3,237.57","3,217.36","3,251.49","3,216.03","","+1.85%"
"May 10, 2013","3,178.83","3,068.96","3,185.54","3,065.46","","+5.60%"
"May 09, 2013","3,010.13","3,078.09","3,079.62","3,008.48","","-1.46%"
"May 08, 2013","3,054.77","2,996.46","3,091.72","2,996.46","","+2.47%"
"May 07, 2013","2,981.08","2,960.99","2,988.11","2,956.28","","+2.67%"
"May 02, 2013","2,903.67","2,898.65","2,910.47","2,888.66","","+0.04%"
"May 01, 2013","2,902.60","2,892.50","2,911.92","2,876.22","","+0.40%"
"Apr 30, 2013","2,891.05","2,891.71","2,905.76","2,866.69","","-0.16%"
"Apr 26, 2013","2,895.61","2,919.76","2,919.76","2,876.94","","-0.34%"
"Apr 25, 2013","2,905.45","2,891.25","2,913.09","2,875.41","","+0.22%"
"Apr 24, 2013","2,899.18","2,885.22","2,900.59","2,878.47","","+1.92%"
"Apr 23, 2013","2,844.58","2,852.29","2,857.79","2,837.28","","-0.26%"
"Apr 22, 2013","2,851.90","2,825.11","2,865.05","2,825.11","","+2.37%"
"Apr 19, 2013","2,785.90","2,769.96","2,788.90","2,761.02","","+0.95%"
"Apr 18, 2013","2,759.80","2,760.10","2,788.23","2,736.33","","-0.70%"
"Apr 17, 2013","2,779.12","2,760.67","2,785.00","2,760.67","","+1.92%"
"Apr 16, 2013","2,726.71","2,688.04","2,740.77","2,688.04","","-0.87%"
"Apr 15, 2013","2,750.72","2,755.09","2,773.79","2,747.34","","-1.27%"
"Apr 12, 2013","2,785.97","2,807.98","2,807.98","2,770.71","","-0.88%"
"Apr 11, 2013","2,810.59","2,816.61","2,819.21","2,783.77","","+1.35%"
"Apr 10, 2013","2,773.15","2,704.27","2,779.53","2,704.27","","+2.91%"
"Apr 09, 2013","2,694.85","2,695.48","2,705.53","2,674.82","","+1.28%"
"Apr 08, 2013","2,660.85","2,678.70","2,700.11","2,650.89","","+1.22%"
"Apr 05, 2013","2,628.89","2,663.14","2,692.16","2,619.69","","+0.19%"
"Apr 04, 2013","2,623.92","2,533.84","2,623.92","2,512.31","","+2.18%"
"Apr 03, 2013","2,567.95","2,549.79","2,567.95","2,529.95","","+1.24%"
"Apr 02, 2013","2,536.44","2,560.69","2,560.69","2,509.77","","-2.10%"
"Apr 01, 2013","2,590.72","2,636.01","2,636.01","2,590.34","","-1.93%"
"Mar 29, 2013","2,641.78","2,638.04","2,651.76","2,635.15","","+0.19%"
"Mar 28, 2013","2,636.76","2,677.44","2,677.89","2,625.30","","-1.71%"
"Mar 27, 2013","2,682.64","2,677.12","2,682.67","2,657.28","","+0.55%"
"Mar 26, 2013","2,667.85","2,663.44","2,682.28","2,660.88","","-0.39%"
"Mar 25, 2013","2,678.37","2,703.03","2,703.73","2,675.57","","+0.47%"
"Mar 22, 2013","2,665.82","2,709.48","2,713.80","2,665.82","","-2.40%"
"Mar 21, 2013","2,731.31","2,726.40","2,744.89","2,720.41","","+0.90%"
"Mar 19, 2013","2,706.84","2,689.06","2,711.26","2,682.04","","+1.89%"
"Mar 18, 2013","2,656.54","2,666.54","2,682.13","2,656.54","","-1.36%"
"Mar 15, 2013","2,693.26","2,672.15","2,693.26","2,667.46","","+1.56%"
"Mar 14, 2013","2,651.80","2,644.06","2,658.10","2,638.88","","+1.01%"
"Mar 13, 2013","2,625.25","2,616.41","2,653.47","2,614.60","","-0.24%"
"Mar 12, 2013","2,631.69","2,650.18","2,657.37","2,631.69","","-0.07%"
"Mar 11, 2013","2,633.56","2,638.20","2,644.81","2,618.19","","+0.53%"
"Mar 08, 2013","2,619.77","2,610.51","2,623.75","2,596.28","","+1.15%"
"Mar 07, 2013","2,590.07","2,594.33","2,612.27","2,587.26","","+0.76%"
"Mar 06, 2013","2,570.58","2,536.01","2,570.58","2,531.32","","+1.85%"
"Mar 05, 2013","2,523.86","2,518.65","2,535.20","2,510.53","","+0.60%"
"Mar 04, 2013","2,508.82","2,545.35","2,545.35","2,506.28","","-1.21%"
"Mar 01, 2013","2,539.63","2,517.40","2,545.13","2,517.40","","+0.31%"
"Feb 28, 2013","2,531.90","2,506.14","2,540.18","2,501.56","","+1.55%"
"Feb 27, 2013","2,493.23","2,523.95","2,525.10","2,493.23","","-1.44%"
"Feb 26, 2013","2,529.75","2,559.31","2,559.99","2,527.34","","-2.72%"
"Feb 25, 2013","2,600.49","2,591.36","2,605.84","2,588.26","","+2.22%"
"Feb 22, 2013","2,544.09","2,523.35","2,545.16","2,504.12","","+0.08%"
"Feb 21, 2013","2,542.15","2,569.06","2,572.59","2,537.84","","-1.33%"
"Feb 20, 2013","2,576.32","2,572.28","2,581.02","2,567.99","","+1.11%"
"Feb 19, 2013","2,548.02","2,521.55","2,551.54","2,517.59","","+0.32%"
"Feb 18, 2013","2,539.96","2,523.96","2,542.29","2,519.20","","+1.79%"
"Feb 15, 2013","2,495.21","2,499.20","2,508.93","2,474.30","","-0.64%"
"Feb 14, 2013","2,511.18","2,503.50","2,521.72","2,499.79","","+0.19%"
"Feb 13, 2013","2,506.39","2,529.18","2,529.18","2,492.98","","-1.23%"
"Feb 12, 2013","2,537.68","2,554.25","2,577.40","2,535.47","","+0.58%"
"Feb 08, 2013","2,523.06","2,529.51","2,564.67","2,516.09","","-1.56%"
"Feb 07, 2013","2,562.95","2,692.40","2,694.69","2,556.82","","-5.64%"
"Feb 06, 2013","2,716.25","2,691.33","2,733.89","2,682.24","","+2.22%"
"Feb 05, 2013","2,657.33","2,657.15","2,676.41","2,645.60","","-1.29%"
"Feb 04, 2013","2,691.97","2,681.00","2,695.49","2,671.15","","+1.39%"
"Feb 01, 2013","2,654.96","2,670.98","2,681.54","2,650.12","","-0.22%"
"Jan 31, 2013","2,660.88","2,653.41","2,670.88","2,629.38","","+0.31%"
"Jan 30, 2013","2,652.73","2,624.91","2,654.07","2,614.76","","+1.55%"
"Jan 29, 2013","2,612.17","2,581.18","2,628.64","2,575.56","","+0.38%"
"Jan 28, 2013","2,602.24","2,632.25","2,632.25","2,588.43","","-0.69%"
"Jan 25, 2013","2,620.36","2,614.29","2,620.36","2,597.37","","+1.42%"
"Jan 24, 2013","2,583.77","2,552.38","2,588.03","2,541.80","","+0.45%"
"Jan 23, 2013","2,572.08","2,589.21","2,602.41","2,572.08","","-1.30%"
"Jan 22, 2013","2,605.88","2,597.28","2,626.36","2,574.25","","+1.01%"
"Jan 21, 2013","2,579.80","2,609.38","2,610.70","2,574.73","","-0.73%"
"Jan 18, 2013","2,598.70","2,564.21","2,601.03","2,560.67","","+2.91%"
"Jan 17, 2013","2,525.15","2,550.93","2,561.19","2,487.00","","-0.47%"
"Jan 16, 2013","2,536.97","2,589.71","2,593.71","2,534.76","","-2.50%"
"Jan 15, 2013","2,601.97","2,613.78","2,616.00","2,585.01","","+0.76%"
"Jan 11, 2013","2,582.41","2,570.39","2,589.55","2,561.34","","+1.92%"
"Jan 10, 2013","2,533.74","2,499.48","2,535.65","2,489.96","","+2.15%"
"Jan 09, 2013","2,480.46","2,446.37","2,491.05","2,442.59","","+0.82%"
"Jan 08, 2013","2,460.38","2,480.30","2,493.34","2,458.48","","-1.30%"
"Jan 07, 2013","2,492.85","2,528.04","2,528.04","2,487.17","","-0.51%"
"Jan 04, 2013","2,505.70","2,486.34","2,529.47","2,486.32","","+2.88%"
"Dec 28, 2012","2,435.59","2,432.87","2,444.23","2,429.75","","+1.03%"
"Dec 27, 2012","2,410.80","2,413.28","2,428.86","2,405.46","","+0.65%"
"Dec 26, 2012","2,395.30","2,378.91","2,395.30","2,368.66","","+1.32%"
"Dec 25, 2012","2,364.01","2,374.88","2,383.37","2,353.62","","+1.19%"
"Dec 21, 2012","2,336.19","2,366.19","2,384.53","2,326.56","","-1.31%"
"Dec 20, 2012","2,367.28","2,381.48","2,390.37","2,365.96","","-1.35%"
"Dec 19, 2012","2,399.70","2,367.75","2,399.70","2,359.05","","+2.61%"
"Dec 18, 2012","2,338.61","2,314.75","2,341.69","2,314.75","","+1.22%"
"Dec 17, 2012","2,310.37","2,348.41","2,348.41","2,306.11","","-0.12%"
"Dec 14, 2012","2,313.08","2,302.29","2,323.76","2,293.36","","-0.43%"
"Dec 13, 2012","2,323.04","2,284.89","2,326.44","2,282.04","","+2.92%"
"Dec 12, 2012","2,257.19","2,265.09","2,270.42","2,256.16","","+0.99%"
"Dec 11, 2012","2,235.02","2,233.11","2,239.79","2,228.29","","-0.07%"
"Dec 10, 2012","2,236.54","2,255.32","2,255.32","2,232.39","","+0.02%"
"Dec 07, 2012","2,236.15","2,238.27","2,253.94","2,235.32","","-0.80%"
"Dec 06, 2012","2,254.22","2,262.39","2,265.39","2,241.08","","+0.59%"
"Dec 05, 2012","2,240.89","2,219.70","2,261.43","2,219.43","","+0.45%"
"Dec 04, 2012","2,230.83","2,239.38","2,239.38","2,222.44","","-1.01%"
"Dec 03, 2012","2,253.63","2,266.66","2,274.25","2,251.53","","-0.19%"
"Nov 30, 2012","2,257.88","2,242.36","2,268.80","2,236.07","","+1.54%"
"Nov 29, 2012","2,223.64","2,228.46","2,238.87","2,218.00","","+0.89%"
"Nov 28, 2012","2,204.00","2,220.05","2,230.37","2,204.00","","-1.22%"
"Nov 27, 2012","2,231.11","2,235.06","2,247.77","2,220.68","","-0.60%"
"Nov 26, 2012","2,244.68","2,279.87","2,288.61","2,244.63","","+0.29%"
"Nov 22, 2012","2,238.28","2,221.67","2,238.28","2,213.28","","+2.33%"
"Nov 21, 2012","2,187.31","2,190.54","2,199.78","2,178.35","","+0.71%"
"Nov 20, 2012","2,171.89","2,189.87","2,195.18","2,171.89","","-0.09%"
"Nov 19, 2012","2,173.89","2,170.40","2,179.64","2,159.50","","+1.89%"
"Nov 16, 2012","2,133.63","2,090.38","2,133.63","2,090.33","","+3.01%"
"Nov 15, 2012","2,071.24","2,040.34","2,072.36","2,032.22","","+2.21%"
"Nov 14, 2012","2,026.54","2,036.66","2,038.99","2,023.12","","-0.34%"
"Nov 13, 2012","2,033.55","2,046.44","2,054.92","2,025.01","","+0.28%"
"Nov 12, 2012","2,027.88","2,041.58","2,051.26","2,024.64","","-1.59%"
"Nov 09, 2012","2,060.72","2,064.87","2,068.65","2,047.49","","-1.09%"
"Nov 08, 2012","2,083.35","2,068.26","2,091.76","2,068.26","","-0.95%"
"Nov 07, 2012","2,103.26","2,124.27","2,125.27","2,094.00","","-0.12%"
"Nov 06, 2012","2,105.89","2,126.79","2,131.63","2,103.09","","-1.05%"
"Nov 05, 2012","2,128.18","2,134.84","2,143.01","2,118.86","","-1.07%"
"Nov 02, 2012","2,151.15","2,171.77","2,176.42","2,141.87","","-1.28%"
"Nov 01, 2012","2,178.96","2,170.82","2,179.16","2,150.99","","-0.08%"
"Oct 31, 2012","2,180.79","2,169.61","2,204.20","2,167.69","","+1.60%"
"Oct 30, 2012","2,146.39","2,167.51","2,182.42","2,146.09","","-0.68%"
"Oct 29, 2012","2,161.01","2,185.81","2,187.96","2,158.18","","-0.45%"
"Oct 26, 2012","2,170.80","2,225.04","2,225.41","2,169.72","","-2.26%"
"Oct 25, 2012","2,221.08","2,199.74","2,223.21","2,199.74","","+1.34%"
"Oct 24, 2012","2,191.62","2,173.14","2,208.37","2,173.14","","+0.13%"
"Oct 23, 2012","2,188.67","2,209.99","2,212.38","2,182.06","","-0.35%"
"Oct 22, 2012","2,196.38","2,165.31","2,205.83","2,158.48","","-0.30%"
"Oct 19, 2012","2,202.98","2,197.76","2,212.50","2,181.15","","+0.45%"
"Oct 18, 2012","2,193.06","2,173.59","2,195.84","2,163.52","","+1.94%"
"Oct 17, 2012","2,151.27","2,174.65","2,186.45","2,145.31","","+0.03%"
"Oct 16, 2012","2,150.69","2,148.55","2,152.12","2,134.05","","+1.11%"
"Oct 15, 2012","2,127.16","2,108.62","2,128.03","2,103.13","","+0.30%"
"Oct 12, 2012","2,120.88","2,128.43","2,137.63","2,114.50","","+0.47%"
"Oct 11, 2012","2,110.99","2,103.72","2,133.62","2,103.72","","-0.49%"
"Oct 10, 2012","2,121.33","2,126.34","2,134.77","2,115.02","","-2.07%"
"Oct 09, 2012","2,166.12","2,194.11","2,207.10","2,162.32","","-1.22%"
"Oct 05, 2012","2,192.92","2,213.58","2,221.08","2,178.96","","-0.74%"
"Oct 04, 2012","2,209.17","2,206.98","2,223.51","2,195.75","","-0.47%"
"Oct 03, 2012","2,219.55","2,245.31","2,249.97","2,215.92","","-1.85%"
"Oct 02, 2012","2,261.42","2,273.59","2,280.69","2,257.19","","+0.36%"
"Oct 01, 2012","2,253.26","2,259.84","2,263.73","2,240.20","","-0.38%"
"Sep 28, 2012","2,261.90","2,293.01","2,293.88","2,251.46","","-1.10%"
"Sep 27, 2012","2,287.02","2,255.18","2,287.71","2,254.80","","+0.47%"
"Sep 26, 2012","2,276.36","2,273.47","2,292.42","2,272.96","","-1.66%"
"Sep 25, 2012","2,314.67","2,305.64","2,328.63","2,297.05","","+0.45%"
"Sep 24, 2012","2,304.19","2,304.73","2,328.21","2,298.89","","-0.58%"
"Sep 21, 2012","2,317.73","2,325.03","2,331.76","2,316.41","","+0.78%"
"Sep 20, 2012","2,299.69","2,322.60","2,335.68","2,299.15","","-1.73%"
"Sep 19, 2012","2,340.26","2,340.80","2,353.20","2,310.21","","+0.30%"
"Sep 18, 2012","2,333.23","2,353.59","2,359.01","2,328.37","","-0.03%"
"Sep 14, 2012","2,333.95","2,315.28","2,346.82","2,301.69","","+2.08%"
"Sep 13, 2012","2,286.36","2,273.48","2,301.09","2,265.61","","+0.42%"
"Sep 12, 2012","2,276.74","2,239.19","2,276.74","2,237.91","","+1.90%"
"Sep 11, 2012","2,234.39","2,235.93","2,243.69","2,225.71","","-0.60%"
"Sep 10, 2012","2,247.83","2,248.33","2,254.24","2,236.63","","-0.63%"
"Sep 07, 2012","2,262.03","2,266.27","2,270.14","2,245.34","","+1.66%"
"Sep 06, 2012","2,225.15","2,238.10","2,238.10","2,211.56","","-0.86%"
"Sep 05, 2012","2,244.47","2,268.89","2,273.72","2,241.88","","-1.76%"
"Sep 04, 2012","2,284.73","2,268.81","2,289.43","2,252.79","","+0.15%"
"Sep 03, 2012","2,281.38","2,295.22","2,312.01","2,279.51","","-1.02%"
"Aug 31, 2012","2,304.80","2,320.83","2,335.74","2,302.67","","-1.75%"
"Aug 30, 2012","2,345.88","2,356.48","2,356.48","2,336.36","","-0.64%"
"Aug 29, 2012","2,360.90","2,354.28","2,365.49","2,342.73","","+0.17%"
"Aug 28, 2012","2,356.95","2,388.53","2,393.10","2,344.30","","-0.43%"
"Aug 27, 2012","2,367.09","2,378.47","2,382.25","2,360.49","","+0.51%"
"Aug 24, 2012","2,354.98","2,342.71","2,363.41","2,335.06","","-0.81%"
"Aug 23, 2012","2,374.24","2,344.30","2,381.01","2,338.69","","+0.80%"
"Aug 22, 2012","2,355.35","2,359.88","2,366.04","2,338.11","","-0.08%"
"Aug 21, 2012","2,357.15","2,368.61","2,369.74","2,354.20","","-0.01%"
"Aug 20, 2012","2,357.44","2,371.69","2,373.70","2,348.17","","+0.26%"
"Aug 17, 2012","2,351.41","2,333.80","2,355.75","2,329.44","","+0.93%"
"Aug 16, 2012","2,329.64","2,298.06","2,330.78","2,297.19","","+1.47%"
"Aug 15, 2012","2,295.98","2,298.28","2,300.39","2,282.76","","+0.23%"
"Aug 14, 2012","2,290.72","2,286.45","2,290.72","2,272.93","","+0.63%"
"Aug 13, 2012","2,276.31","2,260.56","2,280.60","2,259.53","","+0.79%"
"Aug 10, 2012","2,258.45","2,256.70","2,271.80","2,244.22","","-0.43%"
"Aug 09, 2012","2,268.24","2,296.90","2,298.66","2,233.85","","-1.40%"
"Aug 08, 2012","2,300.43","2,297.76","2,325.94","2,293.89","","+1.69%"
"Aug 07, 2012","2,262.12","2,267.42","2,269.81","2,237.42","","-0.92%"
"Aug 06, 2012","2,283.18","2,273.79","2,296.34","2,269.63","","+2.36%"
"Aug 03, 2012","2,230.57","2,225.64","2,235.23","2,217.40","","-1.42%"
"Aug 02, 2012","2,262.74","2,256.61","2,278.31","2,250.02","","+0.43%"
"Aug 01, 2012","2,252.95","2,262.48","2,263.79","2,234.00","","-1.50%"
"Jul 31, 2012","2,287.36","2,255.13","2,297.98","2,247.45","","+1.77%"
"Jul 30, 2012","2,247.53","2,262.66","2,264.54","2,232.71","","+0.95%"
"Jul 27, 2012","2,226.40","2,224.03","2,231.49","2,208.06","","+1.84%"
"Jul 26, 2012","2,186.18","2,180.72","2,191.78","2,168.96","","+1.03%"
"Jul 25, 2012","2,163.94","2,186.27","2,189.25","2,152.72","","-2.10%"
"Jul 24, 2012","2,210.32","2,209.51","2,219.35","2,194.69","","-0.45%"
"Jul 23, 2012","2,220.23","2,254.39","2,265.46","2,219.28","","-2.55%"
"Jul 20, 2012","2,278.29","2,316.30","2,321.92","2,277.50","","-1.41%"
"Jul 19, 2012","2,310.87","2,302.33","2,319.48","2,286.80","","+1.10%"
"Jul 18, 2012","2,285.81","2,295.16","2,305.05","2,282.32","","+0.24%"
"Jul 17, 2012","2,280.41","2,290.04","2,296.23","2,271.39","","-0.44%"
"Jul 13, 2012","2,290.59","2,271.04","2,298.83","2,261.10","","+0.55%"
"Jul 12, 2012","2,278.03","2,308.42","2,308.42","2,275.28","","-1.38%"
"Jul 11, 2012","2,309.98","2,315.36","2,319.92","2,299.30","","-0.29%"
"Jul 10, 2012","2,316.76","2,356.04","2,356.60","2,313.83","","-1.72%"
"Jul 09, 2012","2,357.40","2,367.29","2,378.29","2,354.68","","-1.49%"
"Jul 06, 2012","2,392.94","2,396.50","2,406.53","2,378.82","","-0.02%"
"Jul 05, 2012","2,393.30","2,379.25","2,402.63","2,379.25","","+0.78%"
"Jul 04, 2012","2,374.70","2,379.98","2,390.26","2,373.18","","+0.36%"
"Jul 03, 2012","2,366.29","2,345.49","2,373.90","2,345.49","","+1.14%"
"Jul 02, 2012","2,339.51","2,359.72","2,359.72","2,338.37","","-0.12%"
"Jun 29, 2012","2,342.40","2,298.98","2,351.92","2,294.71","","+1.40%"
"Jun 28, 2012","2,310.06","2,292.97","2,313.04","2,286.72","","+1.77%"
"Jun 27, 2012","2,269.83","2,275.00","2,275.00","2,242.31","","-0.20%"
"Jun 26, 2012","2,274.47","2,277.98","2,286.50","2,262.70","","-0.86%"
"Jun 25, 2012","2,294.28","2,311.36","2,311.36","2,291.01","","-0.30%"
"Jun 22, 2012","2,301.24","2,280.35","2,306.31","2,280.35","","+0.27%"
"Jun 21, 2012","2,295.13","2,279.52","2,303.10","2,273.99","","+0.47%"
"Jun 20, 2012","2,284.32","2,292.41","2,294.73","2,276.59","","+0.92%"
"Jun 19, 2012","2,263.55","2,282.75","2,283.97","2,258.88","","-1.17%"
"Jun 18, 2012","2,290.30","2,278.31","2,293.27","2,272.67","","+2.63%"
"Jun 15, 2012","2,231.67","2,247.53","2,252.12","2,229.83","","-0.21%"
"Jun 14, 2012","2,236.38","2,224.69","2,240.03","2,220.25","","+0.09%"
"Jun 13, 2012","2,234.40","2,228.55","2,237.60","2,225.24","","+0.61%"
"Jun 12, 2012","2,220.77","2,193.35","2,226.71","2,187.65","","-0.82%"
"Jun 11, 2012","2,239.09","2,244.26","2,250.17","2,229.19","","+1.54%"
"Jun 08, 2012","2,205.16","2,250.96","2,254.44","2,196.32","","-2.12%"
"Jun 07, 2012","2,252.97","2,242.92","2,257.48","2,232.17","","+1.91%"
"Jun 06, 2012","2,210.69","2,186.77","2,219.69","2,180.57","","+2.14%"
"Jun 05, 2012","2,164.31","2,146.76","2,166.37","2,140.92","","+1.96%"
"Jun 04, 2012","2,122.79","2,134.71","2,136.34","2,103.41","","-2.09%"
"Jun 01, 2012","2,168.12","2,168.95","2,177.57","2,155.05","","-0.68%"
"May 31, 2012","2,182.86","2,140.12","2,182.86","2,134.66","","+0.72%"
"May 30, 2012","2,167.19","2,166.37","2,180.82","2,142.86","","+0.77%"
"May 29, 2012","2,150.62","2,129.25","2,152.24","2,116.43","","+0.98%"
"May 28, 2012","2,129.82","2,134.55","2,148.44","2,116.83","","-0.08%"
"May 25, 2012","2,131.62","2,154.29","2,156.03","2,125.84","","-0.06%"
"May 24, 2012","2,132.83","2,133.69","2,149.19","2,113.92","","-0.75%"
"May 23, 2012","2,148.99","2,191.65","2,191.65","2,144.19","","-2.24%"
"May 22, 2012","2,198.29","2,207.81","2,209.04","2,185.18","","+0.86%"
"May 21, 2012","2,179.56","2,176.72","2,202.38","2,174.53","","-0.03%"
"May 18, 2012","2,180.23","2,216.06","2,216.25","2,175.56","","-3.60%"
"May 17, 2012","2,261.57","2,239.37","2,262.55","2,222.93","","+0.73%"
"May 16, 2012","2,245.27","2,267.84","2,267.84","2,229.81","","-1.71%"
"May 15, 2012","2,284.33","2,315.21","2,319.43","2,263.28","","-1.98%"
"May 14, 2012","2,330.40","2,344.18","2,344.18","2,320.89","","-1.07%"
"May 11, 2012","2,355.66","2,345.74","2,376.40","2,341.35","","+1.01%"
"May 10, 2012","2,332.21","2,306.31","2,346.60","2,306.31","","+0.81%"
"May 09, 2012","2,313.43","2,339.14","2,341.58","2,308.18","","-1.76%"
"May 08, 2012","2,354.99","2,363.15","2,365.78","2,343.94","","+0.25%"
"May 07, 2012","2,349.18","2,348.51","2,361.33","2,331.54","","-1.95%"
"May 02, 2012","2,395.86","2,416.04","2,416.45","2,393.13","","-0.15%"
"May 01, 2012","2,399.37","2,429.94","2,431.86","2,393.53","","-1.68%"
"Apr 27, 2012","2,440.47","2,464.06","2,483.65","2,428.37","","-0.54%"
"Apr 26, 2012","2,453.66","2,463.65","2,468.05","2,446.26","","+0.42%"
"Apr 25, 2012","2,443.43","2,437.10","2,452.29","2,424.36","","+1.50%"
"Apr 24, 2012","2,407.24","2,396.38","2,416.02","2,389.90","","-0.06%"
"Apr 23, 2012","2,408.68","2,425.22","2,439.83","2,398.97","","-0.06%"
"Apr 20, 2012","2,410.11","2,399.35","2,412.69","2,385.44","","+0.38%"
"Apr 19, 2012","2,400.88","2,405.20","2,408.63","2,393.19","","-0.98%"
"Apr 18, 2012","2,424.70","2,412.06","2,430.07","2,407.64","","+2.37%"
"Apr 17, 2012","2,368.58","2,372.55","2,386.66","2,362.70","","-0.63%"
"Apr 16, 2012","2,383.63","2,395.14","2,404.44","2,381.05","","-1.77%"
"Apr 13, 2012","2,426.61","2,432.36","2,435.88","2,423.62","","+0.44%"
"Apr 12, 2012","2,415.99","2,413.79","2,420.83","2,399.86","","-0.11%"
"Apr 11, 2012","2,418.74","2,385.90","2,426.45","2,382.88","","-0.13%"
"Apr 10, 2012","2,421.84","2,426.64","2,439.06","2,413.34","","+0.15%"
"Apr 09, 2012","2,418.16","2,420.52","2,435.52","2,412.36","","-1.22%"
"Apr 06, 2012","2,448.02","2,447.00","2,457.47","2,437.26","","-0.59%"
"Apr 05, 2012","2,462.60","2,455.00","2,478.27","2,432.22","","-0.45%"
"Apr 04, 2012","2,473.85","2,518.28","2,522.21","2,469.62","","-1.60%"
"Apr 03, 2012","2,514.14","2,510.24","2,519.55","2,496.57","","-0.42%"
"Apr 02, 2012","2,524.81","2,554.89","2,558.51","2,524.81","","-0.98%"
"Mar 30, 2012","2,549.90","2,564.62","2,565.94","2,539.60","","-0.05%"
"Mar 29, 2012","2,551.09","2,552.52","2,560.47","2,538.99","","-0.42%"
"Mar 28, 2012","2,561.74","2,562.05","2,574.82","2,544.08","","-0.79%"
"Mar 27, 2012","2,582.06","2,553.44","2,582.06","2,551.66","","+2.53%"
"Mar 26, 2012","2,518.38","2,524.48","2,534.66","2,512.42","","-0.29%"
"Mar 23, 2012","2,525.60","2,514.03","2,530.78","2,510.03","","-0.27%"
"Mar 22, 2012","2,532.41","2,509.50","2,536.10","2,507.76","","+0.85%"
"Mar 21, 2012","2,511.15","2,515.93","2,522.17","2,504.84","","-1.16%"
"Mar 19, 2012","2,540.67","2,554.74","2,559.54","2,539.69","","-0.07%"
"Mar 16, 2012","2,542.54","2,533.81","2,547.33","2,531.27","","+0.60%"
"Mar 15, 2012","2,527.41","2,507.94","2,531.38","2,507.69","","+1.18%"
"Mar 14, 2012","2,497.94","2,507.29","2,517.76","2,497.94","","+1.38%"
"Mar 13, 2012","2,463.84","2,478.93","2,489.23","2,459.45","","-0.20%"
"Mar 12, 2012","2,468.72","2,484.83","2,489.49","2,467.74","","+0.45%"
"Mar 09, 2012","2,457.63","2,458.83","2,475.08","2,443.38","","+0.90%"
"Mar 08, 2012","2,435.60","2,420.55","2,435.68","2,416.61","","+1.67%"
"Mar 07, 2012","2,395.71","2,368.49","2,397.20","2,363.33","","-0.20%"
"Mar 06, 2012","2,400.41","2,395.02","2,413.49","2,385.42","","+0.36%"
"Mar 05, 2012","2,391.91","2,412.74","2,421.68","2,387.84","","-1.40%"
"Mar 02, 2012","2,425.81","2,451.78","2,455.24","2,414.53","","-0.24%"
"Mar 01, 2012","2,431.66","2,464.40","2,484.14","2,416.50","","-0.74%"
"Feb 29, 2012","2,449.91","2,477.37","2,488.50","2,445.26","","-0.18%"
"Feb 28, 2012","2,454.34","2,406.32","2,456.03","2,404.20","","+1.10%"
"Feb 27, 2012","2,427.56","2,462.35","2,465.25","2,425.88","","-0.79%"
"Feb 24, 2012","2,446.86","2,439.38","2,447.79","2,417.66","","+0.20%"
"Feb 23, 2012","2,441.98","2,436.98","2,448.03","2,420.92","","+0.70%"
"Feb 22, 2012","2,425.05","2,407.72","2,428.03","2,406.32","","+1.35%"
"Feb 21, 2012","2,392.68","2,377.00","2,399.44","2,376.85","","+0.37%"
"Feb 20, 2012","2,383.81","2,397.97","2,402.63","2,380.55","","+1.00%"
"Feb 17, 2012","2,360.31","2,356.78","2,380.18","2,356.78","","+1.64%"
"Feb 16, 2012","2,322.31","2,324.10","2,336.42","2,315.93","","-0.84%"
"Feb 15, 2012","2,342.04","2,314.84","2,351.32","2,314.27","","+1.52%"
"Feb 14, 2012","2,306.92","2,287.60","2,317.25","2,282.16","","+0.47%"
"Feb 13, 2012","2,296.16","2,282.07","2,304.17","2,275.48","","+0.50%"
"Feb 10, 2012","2,284.83","2,298.41","2,301.37","2,280.42","","-0.33%"
"Feb 09, 2012","2,292.49","2,284.03","2,298.31","2,278.49","","+0.24%"
"Feb 08, 2012","2,287.05","2,279.24","2,288.91","2,271.99","","+1.27%"
"Feb 07, 2012","2,258.45","2,257.01","2,262.21","2,250.81","","+0.08%"
"Feb 06, 2012","2,256.62","2,212.05","2,264.60","2,210.66","","+3.37%"
"Feb 03, 2012","2,183.15","2,194.38","2,200.36","2,180.30","","-0.70%"
"Feb 02, 2012","2,198.46","2,192.36","2,200.52","2,188.88","","+0.83%"
"Feb 01, 2012","2,180.41","2,177.32","2,191.09","2,173.60","","-0.08%"
"Jan 31, 2012","2,182.11","2,188.42","2,190.72","2,177.99","","-0.01%"
"Jan 30, 2012","2,182.24","2,192.39","2,199.30","2,174.00","","-0.70%"
"Jan 27, 2012","2,197.60","2,196.64","2,207.24","2,191.45","","+0.19%"
"Jan 26, 2012","2,193.34","2,200.03","2,200.03","2,184.81","","-0.38%"
"Jan 25, 2012","2,201.71","2,181.46","2,207.76","2,178.15","","+1.81%"
"Jan 24, 2012","2,162.61","2,177.83","2,186.64","2,159.71","","-0.28%"
"Jan 23, 2012","2,168.68","2,166.53","2,180.78","2,160.90","","+0.18%"
"Jan 20, 2012","2,164.74","2,171.85","2,174.90","2,150.12","","+1.09%"
"Jan 19, 2012","2,141.32","2,130.44","2,151.69","2,130.44","","+1.27%"
"Jan 18, 2012","2,114.52","2,088.20","2,127.97","2,088.20","","+1.49%"
"Jan 17, 2012","2,083.54","2,081.49","2,088.14","2,074.98","","+0.21%"
"Jan 16, 2012","2,079.12","2,099.46","2,099.46","2,073.85","","-1.66%"
"Jan 13, 2012","2,114.20","2,113.14","2,119.32","2,105.39","","+0.91%"
"Jan 12, 2012","2,095.08","2,107.76","2,115.10","2,089.46","","-0.75%"
"Jan 11, 2012","2,110.89","2,115.99","2,121.37","2,101.61","","-0.36%"
"Jan 10, 2012","2,118.49","2,099.88","2,140.81","2,099.88","","+1.99%"
"Jan 06, 2012","2,077.14","2,100.74","2,101.07","2,072.83","","-1.38%"
"Jan 05, 2012","2,106.30","2,114.91","2,114.91","2,097.22","","-0.47%"
"Jan 04, 2012","2,116.33","2,109.33","2,121.98","2,109.33","","+1.33%"
"Dec 30, 2011","2,088.54","2,078.59","2,088.54","2,070.82","","+1.03%"
"Dec 29, 2011","2,067.15","2,051.80","2,067.62","2,038.80","","-0.03%"
"Dec 28, 2011","2,067.75","2,087.64","2,092.18","2,065.65","","-0.92%"
"Dec 27, 2011","2,087.02","2,083.30","2,088.87","2,078.03","","-0.82%"
"Dec 26, 2011","2,104.22","2,115.91","2,122.21","2,101.73","","+0.93%"
"Dec 22, 2011","2,084.79","2,078.56","2,090.81","2,070.48","","-0.19%"
"Dec 21, 2011","2,088.82","2,107.91","2,126.63","2,078.03","","+0.65%"
"Dec 20, 2011","2,075.33","2,029.99","2,075.42","2,029.99","","+1.84%"
"Dec 19, 2011","2,037.78","2,065.41","2,067.07","2,026.74","","-1.77%"
"Dec 16, 2011","2,074.53","2,094.06","2,097.40","2,070.20","","-0.41%"
"Dec 15, 2011","2,083.01","2,140.54","2,142.57","2,080.54","","-3.16%"
"Dec 14, 2011","2,151.02","2,166.13","2,169.54","2,106.20","","-1.00%"
"Dec 13, 2011","2,172.74","2,147.57","2,177.08","2,147.45","","+0.03%"
"Dec 12, 2011","2,171.98","2,165.19","2,189.45","2,158.07","","+1.85%"
"Dec 09, 2011","2,132.57","2,123.68","2,139.98","2,115.07","","-0.54%"
"Dec 08, 2011","2,144.05","2,152.48","2,155.73","2,125.36","","-0.83%"
"Dec 07, 2011","2,161.93","2,167.49","2,170.21","2,139.22","","-0.05%"
"Dec 06, 2011","2,163.08","2,155.50","2,185.20","2,152.22","","+0.66%"
"Dec 05, 2011","2,148.84","2,152.25","2,152.25","2,138.20","","+0.54%"
"Dec 02, 2011","2,137.37","2,140.51","2,152.07","2,126.34","","+0.43%"
"Dec 01, 2011","2,128.31","2,136.11","2,155.36","2,125.16","","+1.53%"
"Nov 30, 2011","2,096.14","2,070.13","2,096.14","2,048.96","","-0.51%"
"Nov 29, 2011","2,106.87","2,068.45","2,106.87","2,068.45","","+3.05%"
"Nov 28, 2011","2,044.44","2,063.17","2,069.00","2,042.02","","-0.52%"
"Nov 25, 2011","2,055.16","2,034.74","2,095.64","2,034.74","","+1.63%"
"Nov 24, 2011","2,022.12","2,001.34","2,035.25","1,997.46","","-0.49%"
"Nov 22, 2011","2,032.04","1,991.36","2,039.59","1,991.36","","+1.27%"
"Nov 21, 2011","2,006.52","1,992.34","2,010.24","1,989.78","","+0.40%"
"Nov 18, 2011","1,998.45","2,024.52","2,027.37","1,997.29","","-2.61%"
"Nov 17, 2011","2,051.97","2,018.79","2,058.73","2,017.95","","+1.51%"
"Nov 16, 2011","2,021.37","2,019.78","2,037.80","2,011.49","","+0.43%"
"Nov 15, 2011","2,012.70","2,003.62","2,027.38","2,000.87","","-0.34%"
"Nov 14, 2011","2,019.49","2,007.99","2,030.19","2,004.87","","+2.12%"
"Nov 11, 2011","1,977.59","1,984.30","1,999.26","1,965.64","","-0.12%"
"Nov 10, 2011","1,979.90","2,000.72","2,001.96","1,973.23","","-2.84%"
"Nov 09, 2011","2,037.73","2,039.81","2,050.58","1,998.98","","-0.04%"
"Nov 08, 2011","2,038.58","2,092.35","2,092.94","2,033.53","","-3.71%"
"Nov 07, 2011","2,117.20","2,133.66","2,134.34","2,111.26","","-0.87%"
"Nov 04, 2011","2,135.79","2,161.10","2,170.43","2,122.91","","+0.46%"
"Nov 02, 2011","2,125.94","2,140.01","2,151.48","2,125.11","","-2.22%"
"Nov 01, 2011","2,174.23","2,201.18","2,209.87","2,170.47","","-2.40%"
"Oct 31, 2011","2,227.77","2,243.06","2,288.56","2,227.77","","-1.66%"
"Oct 28, 2011","2,265.42","2,272.49","2,290.41","2,250.60","","+1.17%"
"Oct 27, 2011","2,239.32","2,160.24","2,250.95","2,157.85","","+3.99%"
"Oct 26, 2011","2,153.42","2,142.65","2,164.89","2,118.22","","-0.20%"
"Oct 25, 2011","2,157.68","2,162.19","2,176.37","2,147.71","","+0.13%"
"Oct 24, 2011","2,154.92","2,177.00","2,177.00","2,114.08","","-0.70%"
"Oct 21, 2011","2,170.16","2,186.10","2,200.00","2,168.76","","-0.83%"
"Oct 20, 2011","2,188.40","2,214.41","2,221.50","2,175.43","","-2.80%"
"Oct 19, 2011","2,251.38","2,242.03","2,260.58","2,231.73","","-0.03%"
"Oct 18, 2011","2,252.07","2,285.66","2,297.76","2,227.27","","-2.53%"
"Oct 17, 2011","2,310.61","2,391.39","2,395.25","2,301.05","","-2.67%"
"Oct 14, 2011","2,373.94","2,469.89","2,471.54","2,366.25","","-4.74%"
"Oct 13, 2011","2,492.19","2,501.06","2,528.65","2,487.26","","+0.08%"
"Oct 12, 2011","2,490.23","2,487.38","2,492.10","2,458.39","","-1.24%"
"Oct 11, 2011","2,521.41","2,524.86","2,559.55","2,513.32","","+1.22%"
"Oct 07, 2011","2,490.96","2,481.24","2,513.59","2,477.60","","+1.04%"
"Oct 06, 2011","2,465.41","2,434.28","2,475.27","2,434.28","","+2.23%"
"Oct 05, 2011","2,411.70","2,427.13","2,437.66","2,398.16","","-0.38%"
"Oct 04, 2011","2,420.95","2,375.36","2,422.25","2,365.53","","+0.27%"
"Oct 03, 2011","2,414.50","2,433.02","2,434.50","2,377.74","","-2.92%"
"Sep 30, 2011","2,487.05","2,480.29","2,502.22","2,475.25","","-0.14%"
"Sep 29, 2011","2,490.52","2,443.69","2,490.52","2,440.01","","+1.49%"
"Sep 28, 2011","2,453.92","2,463.07","2,478.19","2,445.83","","-0.30%"
"Sep 27, 2011","2,461.40","2,410.21","2,461.40","2,405.95","","+3.68%"
"Sep 26, 2011","2,374.12","2,404.32","2,410.74","2,352.41","","-0.52%"
"Sep 22, 2011","2,386.47","2,406.24","2,412.68","2,374.08","","-1.68%"
"Sep 21, 2011","2,427.23","2,383.86","2,436.59","2,383.60","","+2.47%"
"Sep 20, 2011","2,368.78","2,384.88","2,389.50","2,363.31","","-1.62%"
"Sep 16, 2011","2,407.76","2,359.99","2,408.57","2,356.92","","+3.69%"
"Sep 15, 2011","2,321.99","2,303.23","2,332.18","2,301.77","","+2.94%"
"Sep 14, 2011","2,255.68","2,312.64","2,321.66","2,254.90","","-2.48%"
"Sep 13, 2011","2,312.97","2,311.36","2,319.10","2,301.10","","+1.17%"
"Sep 12, 2011","2,286.17","2,313.04","2,320.45","2,286.17","","-3.04%"
"Sep 09, 2011","2,357.93","2,368.75","2,383.55","2,355.13","","-0.30%"
"Sep 08, 2011","2,365.02","2,348.69","2,369.81","2,348.50","","+2.03%"
"Sep 07, 2011","2,318.03","2,302.48","2,318.03","2,292.12","","+2.55%"
"Sep 06, 2011","2,260.46","2,282.10","2,286.91","2,258.75","","-1.54%"
"Sep 05, 2011","2,295.89","2,315.39","2,327.51","2,285.43","","-2.10%"
"Sep 02, 2011","2,345.20","2,348.55","2,364.65","2,333.01","","-0.79%"
"Sep 01, 2011","2,363.86","2,368.25","2,384.66","2,358.16","","+1.03%"
"Aug 31, 2011","2,339.68","2,351.72","2,355.96","2,329.88","","-0.66%"
"Aug 30, 2011","2,355.34","2,372.84","2,381.91","2,348.40","","+0.46%"
"Aug 29, 2011","2,344.57","2,340.76","2,364.04","2,312.92","","+0.27%"
"Aug 26, 2011","2,338.30","2,310.03","2,339.35","2,307.48","","+0.78%"
"Aug 25, 2011","2,320.16","2,331.49","2,345.67","2,314.19","","+1.31%"
"Aug 24, 2011","2,290.19","2,347.24","2,347.71","2,285.03","","-1.02%"
"Aug 23, 2011","2,313.85","2,278.07","2,317.50","2,272.83","","+3.03%"
"Aug 22, 2011","2,245.89","2,250.86","2,285.25","2,244.08","","-0.48%"
"Aug 19, 2011","2,256.69","2,286.64","2,286.75","2,251.16","","-3.39%"
"Aug 18, 2011","2,335.82","2,390.93","2,390.93","2,329.89","","-2.65%"
"Aug 17, 2011","2,399.45","2,405.10","2,408.89","2,395.02","","-0.97%"
"Aug 16, 2011","2,422.94","2,415.49","2,427.84","2,413.85","","+0.76%"
"Aug 15, 2011","2,404.58","2,393.60","2,409.60","2,383.28","","+2.23%"
"Aug 12, 2011","2,352.19","2,386.38","2,390.43","2,333.54","","-0.08%"
"Aug 11, 2011","2,354.06","2,335.76","2,356.99","2,316.20","","-0.16%"
"Aug 10, 2011","2,357.79","2,405.09","2,415.37","2,355.55","","-0.40%"
"Aug 09, 2011","2,367.25","2,344.80","2,367.72","2,303.76","","-1.15%"
"Aug 08, 2011","2,394.79","2,425.37","2,431.54","2,381.60","","-2.70%"
"Aug 05, 2011","2,461.26","2,492.24","2,493.32","2,453.30","","-3.21%"
"Aug 04, 2011","2,542.78","2,563.65","2,578.46","2,532.90","","+0.01%"
"Aug 03, 2011","2,542.59","2,556.43","2,556.69","2,535.86","","-2.48%"
"Aug 02, 2011","2,607.14","2,617.35","2,617.35","2,593.35","","-1.53%"
"Aug 01, 2011","2,647.56","2,631.87","2,661.20","2,630.08","","+0.68%"
"Jul 29, 2011","2,629.80","2,616.96","2,629.80","2,589.84","","+0.15%"
"Jul 28, 2011","2,625.83","2,616.53","2,632.27","2,609.43","","-0.87%"
"Jul 27, 2011","2,648.93","2,645.20","2,651.14","2,629.94","","-0.60%"
"Jul 26, 2011","2,664.79","2,662.86","2,670.83","2,651.07","","+0.62%"
"Jul 25, 2011","2,648.40","2,659.31","2,668.59","2,644.54","","-1.35%"
"Jul 22, 2011","2,684.67","2,668.15","2,689.60","2,662.88","","+1.91%"
"Jul 21, 2011","2,634.47","2,639.38","2,639.38","2,624.02","","-0.65%"
"Jul 20, 2011","2,651.77","2,637.84","2,653.67","2,637.69","","+1.87%"
"Jul 19, 2011","2,603.11","2,611.30","2,616.88","2,597.99","","-1.13%"
"Jul 15, 2011","2,632.81","2,624.16","2,637.41","2,620.12","","+0.56%"
"Jul 14, 2011","2,618.27","2,618.97","2,629.44","2,603.44","","-0.18%"
"Jul 13, 2011","2,623.06","2,624.04","2,640.43","2,617.33","","-0.76%"
"Jul 12, 2011","2,643.21","2,646.04","2,654.57","2,631.20","","-1.49%"
"Jul 11, 2011","2,683.31","2,670.13","2,685.20","2,667.77","","-0.49%"
"Jul 08, 2011","2,696.47","2,709.68","2,712.43","2,691.02","","+0.61%"
"Jul 07, 2011","2,680.15","2,676.48","2,687.27","2,668.56","","+0.01%"
"Jul 06, 2011","2,680.00","2,662.11","2,680.00","2,648.28","","+0.79%"
"Jul 05, 2011","2,658.92","2,665.76","2,672.48","2,651.24","","-0.22%"
"Jul 04, 2011","2,664.65","2,674.09","2,684.80","2,657.35","","+0.52%"
"Jul 01, 2011","2,650.91","2,637.56","2,669.28","2,621.12","","+1.12%"
"Jun 30, 2011","2,621.50","2,626.96","2,631.46","2,609.62","","+0.12%"
"Jun 29, 2011","2,618.36","2,618.15","2,620.75","2,599.73","","+0.89%"
"Jun 28, 2011","2,595.25","2,604.27","2,612.07","2,590.75","","+0.54%"
"Jun 27, 2011","2,581.42","2,594.43","2,600.00","2,575.24","","-0.96%"
"Jun 24, 2011","2,606.34","2,625.19","2,630.95","2,594.44","","-0.09%"
"Jun 23, 2011","2,608.74","2,625.38","2,626.20","2,606.68","","-1.87%"
"Jun 22, 2011","2,658.49","2,650.91","2,669.63","2,649.82","","+0.75%"
"Jun 21, 2011","2,638.59","2,631.57","2,638.59","2,606.71","","+0.96%"
"Jun 20, 2011","2,613.55","2,595.62","2,622.96","2,595.62","","+0.98%"
"Jun 17, 2011","2,588.15","2,609.92","2,621.55","2,574.78","","-0.33%"
"Jun 16, 2011","2,596.64","2,606.51","2,612.33","2,592.66","","-1.43%"
"Jun 15, 2011","2,634.43","2,619.06","2,636.86","2,602.91","","+1.21%"
"Jun 14, 2011","2,603.05","2,583.71","2,612.21","2,578.35","","+0.82%"
"Jun 13, 2011","2,582.00","2,553.64","2,589.69","2,553.64","","-0.19%"
"Jun 10, 2011","2,587.03","2,597.56","2,617.14","2,582.96","","+0.37%"
"Jun 09, 2011","2,577.49","2,538.59","2,579.25","2,528.69","","+1.43%"
"Jun 08, 2011","2,541.14","2,528.67","2,543.64","2,517.69","","+0.05%"
"Jun 07, 2011","2,539.88","2,510.38","2,541.30","2,499.24","","+1.24%"
"Jun 06, 2011","2,508.72","2,507.91","2,527.17","2,492.69","","+0.05%"
"Jun 03, 2011","2,507.52","2,519.34","2,533.63","2,500.66","","-1.12%"
"Jun 02, 2011","2,535.95","2,527.84","2,550.43","2,524.37","","-1.56%"
"Jun 01, 2011","2,576.24","2,572.56","2,576.24","2,551.58","","+0.03%"
"May 31, 2011","2,575.37","2,530.79","2,579.76","2,524.56","","+1.89%"
"May 30, 2011","2,527.69","2,512.82","2,534.16","2,499.21","","+0.03%"
"May 27, 2011","2,527.00","2,498.36","2,547.18","2,498.36","","+0.77%"
"May 26, 2011","2,507.77","2,476.75","2,510.05","2,474.71","","+2.04%"
"May 25, 2011","2,457.59","2,488.11","2,488.11","2,446.84","","-1.43%"
"May 24, 2011","2,493.17","2,476.32","2,497.66","2,476.32","","-0.27%"
"May 23, 2011","2,500.03","2,510.24","2,511.60","2,481.51","","-0.79%"
"May 20, 2011","2,520.04","2,518.58","2,536.67","2,516.80","","+0.28%"
"May 19, 2011","2,512.98","2,546.94","2,551.07","2,509.23","","-1.13%"
"May 18, 2011","2,541.70","2,500.74","2,548.34","2,500.74","","+1.36%"
"May 17, 2011","2,507.66","2,492.86","2,511.70","2,486.01","","+0.15%"
"May 16, 2011","2,503.88","2,485.03","2,518.67","2,485.03","","+0.03%"
"May 13, 2011","2,503.09","2,494.17","2,536.64","2,473.48","","+0.79%"
"May 12, 2011","2,483.36","2,515.48","2,515.48","2,481.85","","-2.79%"
"May 11, 2011","2,554.65","2,558.82","2,575.55","2,551.04","","+0.95%"
"May 10, 2011","2,530.65","2,512.51","2,531.05","2,500.54","","+0.80%"
"May 09, 2011","2,510.46","2,532.58","2,535.22","2,507.30","","-0.84%"
"May 06, 2011","2,531.73","2,507.11","2,535.28","2,504.99","","-0.03%"
"May 02, 2011","2,532.56","2,522.94","2,535.43","2,514.33","","+1.62%"
"Apr 28, 2011","2,492.23","2,461.01","2,494.12","2,459.59","","+2.23%"
"Apr 27, 2011","2,437.91","2,441.46","2,461.81","2,429.17","","+0.84%"
"Apr 26, 2011","2,417.66","2,437.79","2,437.96","2,410.66","","-1.19%"
"Apr 25, 2011","2,446.87","2,459.93","2,473.98","2,445.07","","-0.41%"
"Apr 22, 2011","2,456.88","2,449.11","2,474.39","2,441.51","","-0.35%"
"Apr 21, 2011","2,465.57","2,460.11","2,477.43","2,456.41","","+1.06%"
"Apr 20, 2011","2,439.60","2,405.36","2,445.35","2,405.24","","+2.06%"
"Apr 19, 2011","2,390.41","2,392.37","2,405.81","2,380.23","","-1.36%"
"Apr 18, 2011","2,423.33","2,434.57","2,444.83","2,423.33","","+0.03%"
"Apr 15, 2011","2,422.54","2,424.40","2,434.23","2,405.65","","-0.13%"
"Apr 14, 2011","2,425.58","2,407.36","2,430.11","2,398.59","","-0.12%"
"Apr 13, 2011","2,428.46","2,399.77","2,436.25","2,396.77","","+0.78%"
"Apr 12, 2011","2,409.58","2,422.66","2,424.57","2,394.89","","-1.79%"
"Apr 11, 2011","2,453.62","2,458.96","2,463.69","2,443.08","","-0.77%"
"Apr 08, 2011","2,472.72","2,433.90","2,480.59","2,417.61","","+1.04%"
"Apr 07, 2011","2,447.20","2,486.06","2,486.62","2,444.02","","-1.19%"
"Apr 06, 2011","2,476.71","2,501.04","2,508.81","2,473.54","","-0.59%"
"Apr 05, 2011","2,491.30","2,513.81","2,513.81","2,468.98","","-0.94%"
"Apr 04, 2011","2,514.92","2,547.08","2,562.81","2,514.92","","-0.53%"
"Apr 01, 2011","2,528.32","2,549.65","2,564.01","2,528.32","","-1.28%"
"Mar 31, 2011","2,561.07","2,554.38","2,561.08","2,517.57","","+0.65%"
"Mar 30, 2011","2,544.51","2,473.14","2,544.51","2,470.29","","+3.44%"
"Mar 29, 2011","2,459.99","2,438.10","2,468.18","2,417.30","","+0.34%"
"Mar 28, 2011","2,451.76","2,480.89","2,480.89","2,436.06","","+0.05%"
"Mar 25, 2011","2,450.61","2,467.43","2,473.27","2,433.47","","+0.69%"
"Mar 24, 2011","2,433.81","2,456.44","2,460.16","2,433.81","","-0.99%"
"Mar 23, 2011","2,458.16","2,498.19","2,500.21","2,442.88","","-1.68%"
"Mar 22, 2011","2,500.23","2,473.45","2,507.71","2,463.87","","+3.33%"
"Mar 18, 2011","2,419.75","2,382.47","2,444.39","2,380.17","","+2.37%"
"Mar 17, 2011","2,363.78","2,332.27","2,403.01","2,279.66","","-0.81%"
"Mar 16, 2011","2,383.18","2,241.71","2,394.70","2,240.60","","+8.53%"
"Mar 15, 2011","2,195.91","2,436.90","2,437.02","2,129.89","","-11.66%"
"Mar 14, 2011","2,485.88","2,601.59","2,617.19","2,454.92","","-6.36%"
"Mar 11, 2011","2,654.62","2,656.30","2,684.36","2,654.62","","-1.09%"
"Mar 10, 2011","2,683.76","2,693.38","2,699.64","2,674.91","","-0.40%"
"Mar 09, 2011","2,694.53","2,699.95","2,712.08","2,688.28","","+0.41%"
"Mar 08, 2011","2,683.49","2,666.50","2,689.64","2,666.50","","+0.74%"
"Mar 07, 2011","2,663.87","2,685.49","2,685.49","2,650.41","","-1.30%"
"Mar 04, 2011","2,698.92","2,706.28","2,721.09","2,692.86","","+1.26%"
"Mar 03, 2011","2,665.25","2,659.36","2,669.38","2,652.43","","+0.79%"
"Mar 02, 2011","2,644.36","2,666.97","2,673.80","2,639.46","","-2.12%"
"Mar 01, 2011","2,701.76","2,689.20","2,705.44","2,682.72","","+0.94%"
"Feb 28, 2011","2,676.65","2,641.36","2,678.67","2,618.92","","+1.17%"
"Feb 25, 2011","2,645.71","2,606.39","2,650.88","2,601.95","","+1.57%"
"Feb 24, 2011","2,604.76","2,610.77","2,623.84","2,598.79","","-0.26%"
"Feb 23, 2011","2,611.66","2,624.44","2,642.12","2,607.69","","-1.04%"
"Feb 22, 2011","2,639.09","2,647.15","2,651.30","2,621.14","","-1.20%"
"Feb 21, 2011","2,671.03","2,670.76","2,678.05","2,662.58","","-0.45%"
"Feb 18, 2011","2,683.11","2,686.96","2,694.52","2,679.38","","-0.17%"
"Feb 17, 2011","2,687.71","2,710.69","2,712.88","2,687.17","","-0.34%"
"Feb 16, 2011","2,696.85","2,688.81","2,708.32","2,685.19","","+0.17%"
"Feb 15, 2011","2,692.32","2,726.02","2,726.02","2,689.86","","-1.60%"
"Feb 14, 2011","2,736.04","2,702.59","2,737.87","2,701.78","","+2.23%"
"Feb 10, 2011","2,676.41","2,669.84","2,688.77","2,663.94","","-0.17%"
"Feb 09, 2011","2,681.09","2,719.75","2,720.29","2,675.66","","-1.28%"
"Feb 08, 2011","2,715.93","2,723.08","2,727.04","2,711.32","","+0.16%"
"Feb 07, 2011","2,711.64","2,719.87","2,725.98","2,703.46","","+1.26%"
"Feb 04, 2011","2,677.87","2,693.48","2,707.74","2,677.20","","+0.20%"
"Feb 03, 2011","2,672.51","2,665.90","2,677.28","2,657.02","","-0.40%"
"Feb 02, 2011","2,683.32","2,678.62","2,701.53","2,675.23","","+1.35%"
"Feb 01, 2011","2,647.47","2,612.11","2,658.59","2,606.81","","+2.21%"
"Jan 31, 2011","2,590.20","2,594.19","2,603.05","2,569.30","","-1.44%"
"Jan 28, 2011","2,627.93","2,655.19","2,657.32","2,622.97","","-0.75%"
"Jan 27, 2011","2,647.88","2,656.32","2,661.93","2,635.82","","+0.42%"
"Jan 26, 2011","2,636.72","2,637.88","2,645.73","2,626.45","","-0.48%"
"Jan 25, 2011","2,649.33","2,634.90","2,655.68","2,621.41","","+0.99%"
"Jan 24, 2011","2,623.24","2,612.02","2,628.32","2,608.68","","+0.66%"
"Jan 21, 2011","2,606.03","2,636.87","2,638.22","2,598.96","","-0.74%"
"Jan 20, 2011","2,625.52","2,646.31","2,649.60","2,622.64","","-1.41%"
"Jan 19, 2011","2,663.05","2,669.22","2,672.95","2,658.80","","+0.18%"
"Jan 18, 2011","2,658.39","2,658.01","2,670.59","2,652.47","","-0.36%"
"Jan 17, 2011","2,667.89","2,698.94","2,698.94","2,664.44","","-0.32%"
"Jan 14, 2011","2,676.51","2,712.77","2,716.09","2,676.51","","-1.55%"
"Jan 13, 2011","2,718.55","2,727.80","2,731.51","2,707.16","","+0.54%"
"Jan 12, 2011","2,704.01","2,726.21","2,728.33","2,700.49","","-0.36%"
"Jan 11, 2011","2,713.85","2,716.01","2,722.38","2,704.62","","-0.72%"
"Jan 07, 2011","2,733.65","2,727.36","2,740.31","2,726.17","","+0.08%"
"Jan 06, 2011","2,731.34","2,709.06","2,743.61","2,709.06","","+2.29%"
"Jan 05, 2011","2,670.32","2,681.55","2,693.32","2,664.41","","-0.08%"
"Jan 04, 2011","2,672.56","2,645.69","2,677.44","2,635.12","","+2.37%"
"Dec 30, 2010","2,610.76","2,631.70","2,638.76","2,607.99","","-1.13%"
"Dec 29, 2010","2,640.59","2,624.98","2,640.59","2,618.18","","+0.49%"
"Dec 28, 2010","2,627.70","2,648.84","2,650.56","2,627.70","","-0.98%"
"Dec 27, 2010","2,653.69","2,632.05","2,660.51","2,631.59","","+0.94%"
"Dec 24, 2010","2,629.02","2,631.96","2,632.80","2,623.53","","-0.87%"
"Dec 22, 2010","2,652.17","2,668.98","2,675.09","2,648.79","","-0.98%"
"Dec 21, 2010","2,678.34","2,647.12","2,684.41","2,644.24","","+1.69%"
"Dec 20, 2010","2,633.85","2,654.24","2,661.50","2,628.15","","-0.61%"
"Dec 17, 2010","2,650.09","2,645.84","2,654.29","2,637.86","","-0.07%"
"Dec 16, 2010","2,651.85","2,648.20","2,658.32","2,645.69","","+0.12%"
"Dec 15, 2010","2,648.56","2,636.21","2,653.20","2,630.95","","+0.50%"
"Dec 14, 2010","2,635.38","2,619.64","2,635.38","2,619.32","","+0.53%"
"Dec 13, 2010","2,621.44","2,606.48","2,621.44","2,595.94","","+0.48%"
"Dec 10, 2010","2,608.88","2,648.53","2,648.53","2,600.06","","-1.09%"
"Dec 09, 2010","2,637.67","2,622.46","2,640.29","2,622.46","","+0.87%"
"Dec 08, 2010","2,614.95","2,615.48","2,623.92","2,601.70","","+0.57%"
"Dec 07, 2010","2,600.00","2,609.99","2,611.51","2,590.35","","-1.03%"
"Dec 06, 2010","2,627.02","2,623.93","2,632.18","2,615.28","","-0.39%"
"Dec 03, 2010","2,637.26","2,629.62","2,646.00","2,629.35","","+1.25%"
"Dec 02, 2010","2,604.65","2,596.97","2,610.91","2,593.32","","+2.26%"
"Dec 01, 2010","2,547.08","2,545.72","2,547.08","2,530.26","","-0.48%"
"Nov 30, 2010","2,559.46","2,596.57","2,605.14","2,559.43","","-2.14%"
"Nov 29, 2010","2,615.48","2,596.76","2,624.09","2,594.47","","+0.90%"
"Nov 26, 2010","2,592.08","2,609.24","2,624.76","2,591.67","","-0.25%"
"Nov 25, 2010","2,598.46","2,605.90","2,615.60","2,583.97","","+0.90%"
"Nov 24, 2010","2,575.28","2,556.62","2,587.65","2,542.20","","-1.20%"
"Nov 22, 2010","2,606.69","2,612.76","2,616.84","2,603.50","","+1.07%"
"Nov 19, 2010","2,579.13","2,607.61","2,612.63","2,578.29","","+0.31%"
"Nov 18, 2010","2,571.15","2,536.92","2,571.36","2,524.45","","+1.99%"
"Nov 17, 2010","2,521.10","2,492.09","2,523.72","2,491.30","","+0.31%"
"Nov 16, 2010","2,513.31","2,543.05","2,555.75","2,504.25","","-0.51%"
"Nov 15, 2010","2,526.20","2,503.42","2,527.60","2,495.85","","+1.74%"
"Nov 12, 2010","2,483.05","2,509.15","2,519.40","2,483.05","","-1.53%"
"Nov 11, 2010","2,521.63","2,525.34","2,529.88","2,512.42","","+0.44%"
"Nov 10, 2010","2,510.47","2,485.08","2,511.46","2,482.61","","+1.15%"
"Nov 09, 2010","2,481.99","2,501.52","2,501.52","2,477.35","","-1.66%"
"Nov 08, 2010","2,523.90","2,528.56","2,528.56","2,498.76","","-0.02%"
"Nov 05, 2010","2,524.52","2,460.38","2,524.52","2,460.18","","+3.85%"
"Nov 04, 2010","2,430.97","2,422.75","2,434.56","2,418.86","","+1.96%"
"Nov 02, 2010","2,384.24","2,351.49","2,385.45","2,348.08","","+1.06%"
"Nov 01, 2010","2,359.16","2,353.44","2,370.67","2,342.78","","-0.42%"
"Oct 29, 2010","2,369.14","2,399.80","2,402.18","2,362.23","","-1.83%"
"Oct 28, 2010","2,413.28","2,431.34","2,437.28","2,407.52","","-0.92%"
"Oct 27, 2010","2,435.70","2,467.22","2,467.22","2,424.25","","-0.19%"
"Oct 26, 2010","2,440.34","2,444.07","2,457.51","2,420.51","","-0.71%"
"Oct 25, 2010","2,457.70","2,471.45","2,476.92","2,451.93","","-0.63%"
"Oct 22, 2010","2,473.32","2,474.76","2,484.03","2,466.36","","+0.34%"
"Oct 21, 2010","2,464.91","2,472.83","2,489.70","2,449.73","","+0.09%"
"Oct 20, 2010","2,462.74","2,484.01","2,485.71","2,454.10","","-2.23%"
"Oct 19, 2010","2,518.96","2,502.78","2,520.58","2,500.96","","+0.53%"
"Oct 18, 2010","2,505.70","2,487.89","2,523.54","2,485.89","","+0.80%"
"Oct 15, 2010","2,485.84","2,498.26","2,503.35","2,475.16","","-1.31%"
"Oct 14, 2010","2,518.82","2,531.70","2,538.33","2,509.82","","+0.59%"
"Oct 13, 2010","2,504.08","2,507.00","2,528.77","2,500.24","","+0.62%"
"Oct 12, 2010","2,488.66","2,543.98","2,552.32","2,474.80","","-1.72%"
"Oct 08, 2010","2,532.17","2,555.78","2,564.39","2,530.54","","-1.16%"
"Oct 07, 2010","2,561.88","2,550.06","2,572.55","2,549.73","","+0.05%"
"Oct 06, 2010","2,560.50","2,564.55","2,578.67","2,549.93","","+0.21%"
"Oct 05, 2010","2,555.24","2,518.10","2,566.90","2,501.22","","+0.56%"
"Oct 04, 2010","2,540.97","2,542.41","2,576.35","2,534.42","","+0.14%"
"Oct 01, 2010","2,537.45","2,540.72","2,550.17","2,520.43","","+0.79%"
"Sep 30, 2010","2,517.46","2,542.46","2,556.41","2,516.74","","-1.40%"
"Sep 29, 2010","2,553.21","2,531.73","2,566.23","2,529.97","","+0.95%"
"Sep 28, 2010","2,529.29","2,556.54","2,560.76","2,521.45","","-1.55%"
"Sep 27, 2010","2,569.19","2,541.26","2,569.92","2,530.05","","+1.80%"
"Sep 24, 2010","2,523.85","2,521.96","2,567.21","2,507.95","","-1.45%"
"Sep 22, 2010","2,561.01","2,561.51","2,581.22","2,551.56","","-0.28%"
"Sep 21, 2010","2,568.32","2,607.14","2,617.13","2,555.58","","-0.49%"
"Sep 17, 2010","2,580.92","2,578.54","2,590.55","2,570.88","","+0.89%"
"Sep 16, 2010","2,558.23","2,570.24","2,570.24","2,533.14","","+0.74%"
"Sep 15, 2010","2,539.51","2,442.21","2,553.70","2,426.98","","+3.30%"
"Sep 14, 2010","2,458.31","2,455.52","2,464.44","2,439.03","","+0.09%"
"Sep 13, 2010","2,456.17","2,454.14","2,471.27","2,445.31","","+1.30%"
"Sep 10, 2010","2,424.66","2,410.21","2,446.33","2,408.64","","+1.21%"
"Sep 09, 2010","2,395.62","2,408.76","2,414.73","2,386.29","","+0.55%"
"Sep 08, 2010","2,382.60","2,402.31","2,406.02","2,365.66","","-2.63%"
"Sep 07, 2010","2,446.98","2,441.77","2,467.53","2,432.19","","-0.57%"
"Sep 06, 2010","2,461.00","2,426.18","2,461.73","2,420.84","","+2.47%"
"Sep 03, 2010","2,401.67","2,407.26","2,429.53","2,388.87","","+0.14%"
"Sep 02, 2010","2,398.43","2,387.02","2,399.08","2,357.72","","+2.45%"
"Sep 01, 2010","2,341.05","2,314.44","2,341.05","2,306.83","","+1.62%"
"Aug 31, 2010","2,303.76","2,358.27","2,358.35","2,301.33","","-4.15%"
"Aug 30, 2010","2,403.43","2,403.72","2,449.24","2,394.23","","+1.68%"
"Aug 27, 2010","2,363.80","2,290.48","2,372.56","2,290.48","","+1.90%"
"Aug 26, 2010","2,319.75","2,312.16","2,319.81","2,295.12","","+0.81%"
"Aug 25, 2010","2,301.19","2,301.74","2,316.96","2,283.89","","-1.74%"
"Aug 24, 2010","2,341.91","2,342.75","2,358.36","2,332.87","","-1.66%"
"Aug 23, 2010","2,381.47","2,400.04","2,405.60","2,371.58","","-1.60%"
"Aug 20, 2010","2,420.30","2,421.93","2,438.11","2,406.61","","-1.70%"
"Aug 19, 2010","2,462.26","2,419.33","2,462.26","2,419.33","","+1.93%"
"Aug 18, 2010","2,415.63","2,428.25","2,434.55","2,399.53","","+1.16%"
"Aug 17, 2010","2,387.92","2,377.90","2,395.21","2,373.65","","-0.99%"
"Aug 16, 2010","2,411.80","2,396.39","2,412.33","2,378.12","","-0.81%"
"Aug 13, 2010","2,431.52","2,421.96","2,435.44","2,407.54","","+0.33%"
"Aug 12, 2010","2,423.60","2,405.31","2,423.60","2,375.78","","-1.34%"
"Aug 11, 2010","2,456.43","2,476.17","2,478.63","2,442.57","","-2.53%"
"Aug 10, 2010","2,520.24","2,540.19","2,559.09","2,510.47","","-0.44%"
"Aug 09, 2010","2,531.48","2,536.20","2,546.41","2,519.27","","-1.53%"
"Aug 06, 2010","2,570.88","2,538.26","2,573.52","2,520.03","","+0.06%"
"Aug 05, 2010","2,569.29","2,577.60","2,587.87","2,545.52","","+1.39%"
"Aug 04, 2010","2,533.95","2,578.76","2,579.28","2,523.07","","-2.60%"
"Aug 03, 2010","2,601.62","2,610.02","2,618.38","2,585.66","","+1.59%"
"Aug 02, 2010","2,560.85","2,560.26","2,586.92","2,549.20","","+0.15%"
"Jul 30, 2010","2,557.09","2,573.68","2,573.68","2,536.24","","-1.03%"
"Jul 29, 2010","2,583.58","2,571.28","2,596.79","2,561.65","","-0.61%"
"Jul 28, 2010","2,599.48","2,557.25","2,603.21","2,556.43","","+3.50%"
"Jul 27, 2010","2,511.57","2,517.44","2,539.00","2,505.78","","-0.44%"
"Jul 26, 2010","2,522.69","2,513.74","2,533.18","2,513.74","","+1.91%"
"Jul 23, 2010","2,475.50","2,467.78","2,493.16","2,465.22","","+2.29%"
"Jul 22, 2010","2,420.00","2,439.32","2,440.92","2,406.83","","-2.17%"
"Jul 21, 2010","2,473.73","2,522.39","2,522.39","2,463.54","","-0.74%"
"Jul 20, 2010","2,492.05","2,480.52","2,510.02","2,469.12","","-1.26%"
"Jul 16, 2010","2,523.88","2,582.11","2,585.03","2,519.02","","-3.05%"
"Jul 15, 2010","2,603.41","2,635.93","2,651.81","2,594.43","","-1.67%"
"Jul 14, 2010","2,647.69","2,630.51","2,654.10","2,627.15","","+2.56%"
"Jul 13, 2010","2,581.71","2,601.73","2,614.52","2,567.88","","+0.04%"
"Jul 12, 2010","2,580.66","2,566.84","2,612.01","2,563.17","","+0.41%"
"Jul 09, 2010","2,570.12","2,577.93","2,587.88","2,549.45","","+0.12%"
"Jul 08, 2010","2,566.93","2,520.53","2,566.93","2,520.38","","+3.92%"
"Jul 07, 2010","2,470.05","2,494.90","2,498.05","2,455.99","","-1.02%"
"Jul 06, 2010","2,495.54","2,429.39","2,496.88","2,412.27","","+1.77%"
"Jul 05, 2010","2,452.08","2,429.86","2,454.06","2,423.75","","+0.96%"
"Jul 02, 2010","2,428.72","2,432.15","2,448.36","2,417.76","","+0.14%"
"Jul 01, 2010","2,425.40","2,445.90","2,455.66","2,413.04","","-1.63%"
"Jun 30, 2010","2,465.48","2,450.14","2,471.61","2,441.63","","-1.31%"
"Jun 29, 2010","2,498.14","2,539.82","2,555.19","2,487.14","","-1.13%"
"Jun 28, 2010","2,526.79","2,556.65","2,559.95","2,517.44","","-1.01%"
"Jun 25, 2010","2,552.54","2,586.44","2,589.61","2,543.14","","-2.69%"
"Jun 24, 2010","2,622.97","2,608.69","2,641.84","2,603.52","","+0.49%"
"Jun 23, 2010","2,610.11","2,620.83","2,624.79","2,603.25","","-2.04%"
"Jun 22, 2010","2,664.50","2,675.79","2,680.16","2,660.02","","-1.48%"
"Jun 21, 2010","2,704.39","2,662.69","2,710.48","2,661.74","","+3.04%"
"Jun 18, 2010","2,624.71","2,649.26","2,651.14","2,617.47","","-0.62%"
"Jun 17, 2010","2,640.99","2,669.39","2,675.37","2,640.12","","-1.55%"
"Jun 16, 2010","2,682.57","2,663.93","2,687.17","2,659.97","","+2.71%"
"Jun 15, 2010","2,611.91","2,608.08","2,619.26","2,596.40","","-0.69%"
"Jun 14, 2010","2,629.95","2,623.01","2,633.08","2,614.61","","+1.52%"
"Jun 11, 2010","2,590.55","2,579.78","2,607.86","2,575.10","","+2.03%"
"Jun 10, 2010","2,538.90","2,532.64","2,542.28","2,505.55","","+0.54%"
"Jun 09, 2010","2,525.19","2,550.43","2,556.63","2,505.61","","-1.64%"
"Jun 08, 2010","2,567.31","2,553.07","2,589.31","2,545.19","","-0.47%"
"Jun 07, 2010","2,579.54","2,649.26","2,653.40","2,568.14","","-4.67%"
"Jun 04, 2010","2,705.78","2,695.50","2,723.36","2,691.65","","-0.03%"
"Jun 03, 2010","2,706.59","2,669.13","2,710.06","2,659.33","","+3.76%"
"Jun 02, 2010","2,608.48","2,593.83","2,652.28","2,588.60","","-0.91%"
"Jun 01, 2010","2,632.33","2,651.72","2,655.61","2,619.27","","-0.88%"
"May 31, 2010","2,655.63","2,638.49","2,673.44","2,637.13","","-0.13%"
"May 28, 2010","2,658.99","2,692.47","2,692.47","2,634.76","","+0.76%"
"May 27, 2010","2,639.06","2,555.75","2,639.07","2,551.08","","+1.96%"
"May 26, 2010","2,588.36","2,587.93","2,622.70","2,557.90","","+1.42%"
"May 25, 2010","2,552.24","2,600.86","2,605.61","2,533.86","","-3.70%"
"May 24, 2010","2,650.17","2,653.35","2,654.23","2,616.15","","-0.55%"
"May 21, 2010","2,664.87","2,668.21","2,674.30","2,623.23","","-1.92%"
"May 20, 2010","2,716.91","2,746.10","2,764.88","2,710.16","","-2.04%"
"May 19, 2010","2,773.51","2,742.45","2,774.67","2,724.88","","-0.29%"
"May 18, 2010","2,781.45","2,799.13","2,805.56","2,764.39","","+0.21%"
"May 17, 2010","2,775.52","2,798.88","2,803.61","2,749.40","","-2.57%"
"May 14, 2010","2,848.81","2,875.19","2,880.64","2,844.11","","-2.62%"
"May 13, 2010","2,925.52","2,918.39","2,934.67","2,909.74","","+1.85%"
"May 12, 2010","2,872.43","2,912.21","2,921.32","2,860.71","","-1.38%"
"May 11, 2010","2,912.67","3,000.52","3,004.90","2,909.63","","-2.52%"
"May 10, 2010","2,987.85","2,962.29","2,992.27","2,949.10","","+1.62%"
"May 07, 2010","2,940.32","2,995.41","2,996.60","2,924.94","","-3.68%"
"May 06, 2010","3,052.71","3,102.51","3,102.51","3,046.73","","-3.06%"
"Apr 30, 2010","3,149.13","3,147.59","3,156.71","3,137.19","","+1.62%"
"Apr 28, 2010","3,099.06","3,125.49","3,125.53","3,081.42","","-2.68%"
"Apr 27, 2010","3,184.43","3,128.81","3,185.31","3,128.81","","+1.11%"
"Apr 26, 2010","3,149.57","3,115.12","3,150.07","3,114.41","","+2.60%"
"Apr 23, 2010","3,069.66","3,072.95","3,074.71","3,043.99","","-0.07%"
"Apr 22, 2010","3,071.86","3,083.80","3,083.91","3,039.21","","-1.37%"
"Apr 21, 2010","3,114.63","3,088.21","3,120.73","3,081.14","","+2.11%"
"Apr 20, 2010","3,050.38","3,070.18","3,093.45","3,041.31","","-0.34%"
"Apr 19, 2010","3,060.65","3,065.34","3,072.45","3,052.37","","-1.69%"
"Apr 16, 2010","3,113.20","3,152.91","3,155.40","3,103.03","","-1.66%"
"Apr 15, 2010","3,165.60","3,191.51","3,197.73","3,161.42","","+0.44%"
"Apr 14, 2010","3,151.79","3,143.05","3,166.95","3,130.18","","+0.81%"
"Apr 13, 2010","3,126.52","3,141.75","3,149.70","3,099.46","","-0.68%"
"Apr 12, 2010","3,147.86","3,162.89","3,176.61","3,145.54","","+0.43%"
"Apr 09, 2010","3,134.52","3,121.54","3,137.20","3,120.73","","-0.12%"
"Apr 08, 2010","3,138.27","3,149.76","3,164.57","3,128.79","","-1.56%"
"Apr 07, 2010","3,188.13","3,198.39","3,213.39","3,176.90","","-0.01%"
"Apr 06, 2010","3,188.29","3,223.94","3,230.08","3,178.34","","-0.95%"
"Apr 05, 2010","3,219.03","3,201.90","3,222.11","3,192.32","","+1.35%"
"Apr 02, 2010","3,176.16","3,185.20","3,188.93","3,164.71","","+0.11%"
"Apr 01, 2010","3,172.73","3,142.44","3,180.37","3,126.83","","+1.38%"
"Mar 31, 2010","3,129.60","3,165.74","3,165.82","3,126.48","","-0.64%"
"Mar 30, 2010","3,149.81","3,132.17","3,155.16","3,119.10","","+1.12%"
"Mar 29, 2010","3,114.95","3,082.78","3,117.06","3,076.77","","+0.33%"
"Mar 26, 2010","3,104.65","3,078.49","3,109.77","3,073.31","","+1.66%"
"Mar 25, 2010","3,054.00","3,064.46","3,070.35","3,045.07","","+0.18%"
"Mar 24, 2010","3,048.56","3,058.89","3,083.74","3,033.95","","+0.46%"
"Mar 23, 2010","3,034.69","3,031.91","3,043.61","3,027.46","","+0.13%"
"Mar 19, 2010","3,030.81","3,026.56","3,041.18","3,021.37","","0.00%"
"Mar 18, 2010","3,030.68","3,085.58","3,088.91","3,026.12","","-2.10%"
"Mar 17, 2010","3,095.78","3,088.37","3,100.79","3,068.07","","+0.75%"
"Mar 16, 2010","3,072.74","3,046.74","3,095.99","3,046.74","","+0.62%"
"Mar 15, 2010","3,053.93","3,080.26","3,082.64","3,042.45","","-0.32%"
"Mar 12, 2010","3,063.85","3,054.96","3,073.88","3,040.35","","+1.26%"
"Mar 11, 2010","3,025.72","3,008.35","3,026.69","2,988.10","","+1.39%"
"Mar 10, 2010","2,984.35","2,984.94","2,994.09","2,962.37","","+0.34%"
"Mar 09, 2010","2,974.21","2,992.31","3,002.51","2,971.62","","-0.31%"
"Mar 08, 2010","2,983.60","2,930.39","2,983.60","2,927.11","","+3.47%"
"Mar 05, 2010","2,883.59","2,868.12","2,889.76","2,861.63","","+1.51%"
"Mar 04, 2010","2,840.79","2,899.44","2,900.62","2,840.13","","-2.29%"
"Mar 03, 2010","2,907.39","2,880.32","2,917.65","2,878.24","","+0.35%"
"Mar 02, 2010","2,897.35","2,875.47","2,907.17","2,874.56","","+1.27%"
"Mar 01, 2010","2,861.14","2,849.67","2,876.89","2,837.89","","+0.34%"
"Feb 26, 2010","2,851.55","2,857.66","2,862.67","2,837.17","","-0.40%"
"Feb 25, 2010","2,862.96","2,887.06","2,895.01","2,846.89","","-0.57%"
"Feb 24, 2010","2,879.29","2,879.39","2,884.13","2,854.70","","-1.46%"
"Feb 23, 2010","2,922.04","2,901.76","2,929.09","2,889.56","","-0.12%"
"Feb 22, 2010","2,925.69","2,901.20","2,945.30","2,897.03","","+2.31%"
"Feb 19, 2010","2,859.68","2,925.34","2,926.09","2,856.11","","-2.18%"
"Feb 18, 2010","2,923.55","2,912.13","2,933.36","2,895.90","","+0.20%"
"Feb 17, 2010","2,917.64","2,876.91","2,917.64","2,856.06","","+2.48%"
"Feb 16, 2010","2,847.02","2,847.79","2,855.45","2,832.81","","+0.43%"
"Feb 15, 2010","2,834.89","2,859.66","2,875.28","2,832.76","","-0.50%"
"Feb 12, 2010","2,849.21","2,852.92","2,860.97","2,821.92","","+0.65%"
"Feb 10, 2010","2,830.92","2,819.18","2,851.57","2,802.31","","+1.13%"
"Feb 09, 2010","2,799.22","2,805.26","2,830.07","2,758.55","","-1.01%"
"Feb 08, 2010","2,827.92","2,869.83","2,869.83","2,825.54","","-2.41%"
"Feb 05, 2010","2,897.78","2,906.35","2,913.73","2,873.69","","-2.17%"
"Feb 04, 2010","2,962.06","2,964.23","2,981.64","2,948.08","","-0.23%"
"Feb 03, 2010","2,969.02","2,992.11","3,001.04","2,962.99","","+0.47%"
"Feb 02, 2010","2,955.21","2,934.69","2,959.97","2,917.87","","+1.77%"
"Feb 01, 2010","2,903.85","2,905.45","2,910.33","2,870.89","","-0.20%"
"Jan 29, 2010","2,909.61","2,930.74","2,945.73","2,907.57","","-2.28%"
"Jan 28, 2010","2,977.46","2,943.95","2,995.64","2,943.38","","+1.58%"
"Jan 27, 2010","2,931.02","2,963.66","2,972.84","2,930.08","","-0.83%"
"Jan 26, 2010","2,955.64","3,030.43","3,059.58","2,955.08","","-2.60%"
"Jan 25, 2010","3,034.62","3,023.22","3,048.43","3,001.80","","-0.48%"
"Jan 22, 2010","3,049.29","3,059.82","3,060.91","3,015.64","","-1.95%"
"Jan 21, 2010","3,109.90","3,062.55","3,112.63","3,036.47","","+2.12%"
"Jan 20, 2010","3,045.28","3,080.90","3,087.40","3,035.06","","-0.14%"
"Jan 19, 2010","3,049.61","3,076.43","3,088.44","3,037.93","","-0.68%"
"Jan 18, 2010","3,070.44","3,064.95","3,072.02","3,050.62","","-0.74%"
"Jan 15, 2010","3,093.40","3,098.44","3,102.20","3,074.06","","+0.12%"
"Jan 14, 2010","3,089.56","3,021.71","3,090.72","3,021.22","","+2.37%"
"Jan 13, 2010","3,017.93","3,043.03","3,063.04","3,012.22","","-1.63%"
"Jan 12, 2010","3,067.89","3,056.01","3,076.72","3,047.93","","+0.48%"
"Jan 08, 2010","3,053.19","3,028.53","3,063.05","3,024.95","","+1.62%"
"Jan 07, 2010","3,004.37","3,037.44","3,041.03","2,990.18","","-1.24%"
"Jan 06, 2010","3,041.96","3,059.25","3,060.08","3,021.57","","-0.49%"
"Jan 05, 2010","3,056.94","3,080.83","3,095.39","3,048.62","","+0.48%"
"Jan 04, 2010","3,042.45","3,027.36","3,056.30","3,024.06","","+0.92%"
"Dec 30, 2009","3,014.64","3,065.62","3,067.51","3,014.64","","-0.80%"
"Dec 29, 2009","3,039.09","3,033.24","3,063.45","3,025.83","","-0.12%"
"Dec 28, 2009","3,042.68","3,031.54","3,059.60","3,024.55","","+0.53%"
"Dec 25, 2009","3,026.60","3,062.09","3,062.09","3,023.49","","-1.03%"
"Dec 24, 2009","3,058.20","3,047.75","3,077.50","3,047.69","","+1.10%"
"Dec 22, 2009","3,024.95","2,984.44","3,029.01","2,973.01","","+2.01%"
"Dec 21, 2009","2,965.22","2,977.86","2,986.52","2,965.22","","+0.37%"
"Dec 18, 2009","2,954.29","2,960.71","2,968.65","2,921.00","","-0.29%"
"Dec 17, 2009","2,962.87","2,968.95","2,980.24","2,962.31","","+0.52%"
"Dec 16, 2009","2,947.40","2,970.86","2,986.69","2,927.63","","+0.27%"
"Dec 15, 2009","2,939.52","2,933.21","2,944.96","2,909.57","","-0.08%"
"Dec 14, 2009","2,941.86","2,924.59","2,944.17","2,910.42","","+0.68%"
"Dec 11, 2009","2,921.87","2,896.19","2,923.24","2,869.79","","+2.16%"
"Dec 10, 2009","2,859.96","2,915.77","2,925.42","2,849.98","","-2.03%"
"Dec 09, 2009","2,919.28","2,900.99","2,926.79","2,893.75","","-0.18%"
"Dec 08, 2009","2,924.59","2,890.00","2,936.00","2,889.90","","+0.12%"
"Dec 07, 2009","2,921.22","2,898.90","2,947.55","2,894.37","","+2.08%"
"Dec 04, 2009","2,861.76","2,846.70","2,861.76","2,812.51","","+0.45%"
"Dec 03, 2009","2,848.80","2,741.07","2,848.80","2,741.07","","+5.33%"
"Dec 02, 2009","2,704.74","2,694.89","2,735.98","2,679.05","","-0.69%"
"Dec 01, 2009","2,723.44","2,627.20","2,724.31","2,606.18","","+2.38%"
"Nov 30, 2009","2,660.13","2,611.72","2,667.33","2,609.72","","+3.19%"
"Nov 27, 2009","2,577.81","2,628.57","2,629.60","2,572.33","","-3.18%"
"Nov 26, 2009","2,662.46","2,692.13","2,701.06","2,658.94","","-1.88%"
"Nov 25, 2009","2,713.41","2,698.04","2,718.76","2,681.44","","+0.58%"
"Nov 24, 2009","2,697.83","2,723.38","2,731.61","2,695.30","","-0.96%"
"Nov 20, 2009","2,723.87","2,718.58","2,725.77","2,690.00","","-0.86%"
"Nov 19, 2009","2,747.61","2,766.66","2,781.43","2,734.71","","-0.48%"
"Nov 18, 2009","2,760.79","2,788.34","2,799.40","2,748.79","","-1.00%"
"Nov 17, 2009","2,788.54","2,822.24","2,830.81","2,781.11","","-1.22%"
"Nov 16, 2009","2,822.96","2,819.56","2,832.38","2,788.61","","+0.49%"
"Nov 13, 2009","2,809.29","2,833.16","2,836.38","2,789.00","","-0.78%"
"Nov 12, 2009","2,831.34","2,808.95","2,852.63","2,804.48","","+1.67%"
"Nov 11, 2009","2,784.96","2,781.28","2,800.02","2,775.01","","+0.60%"
"Nov 10, 2009","2,768.41","2,786.05","2,811.59","2,763.41","","+0.67%"
"Nov 09, 2009","2,749.94","2,725.44","2,759.78","2,692.67","","+0.20%"
"Nov 06, 2009","2,744.58","2,719.82","2,765.54","2,719.35","","+2.32%"
"Nov 05, 2009","2,682.36","2,691.53","2,724.37","2,673.60","","-0.71%"
"Nov 04, 2009","2,701.67","2,718.07","2,733.69","2,687.08","","-0.81%"
"Nov 02, 2009","2,723.64","2,724.33","2,730.22","2,689.58","","-0.99%"
"Oct 30, 2009","2,750.80","2,651.35","2,750.80","2,650.93","","+5.17%"
"Oct 29, 2009","2,615.60","2,617.49","2,624.51","2,591.91","","-1.68%"
"Oct 28, 2009","2,660.39","2,684.79","2,693.93","2,643.93","","-1.25%"
"Oct 27, 2009","2,694.12","2,711.35","2,714.76","2,687.37","","-1.40%"
"Oct 26, 2009","2,732.50","2,710.14","2,739.01","2,706.08","","+0.66%"
"Oct 23, 2009","2,714.63","2,741.35","2,743.02","2,701.85","","-0.52%"
"Oct 22, 2009","2,728.77","2,725.58","2,745.46","2,703.97","","-0.54%"
"Oct 21, 2009","2,743.65","2,717.65","2,743.65","2,710.69","","0.00%"
"Oct 20, 2009","2,743.70","2,740.89","2,746.27","2,721.53","","+0.89%"
"Oct 19, 2009","2,719.46","2,707.91","2,726.98","2,673.40","","+0.21%"
"Oct 16, 2009","2,713.63","2,716.74","2,719.89","2,692.20","","+0.56%"
"Oct 15, 2009","2,698.64","2,702.50","2,720.57","2,687.71","","+1.11%"
"Oct 14, 2009","2,669.07","2,700.40","2,700.50","2,648.88","","-1.35%"
"Oct 13, 2009","2,705.69","2,671.22","2,712.75","2,670.15","","+2.55%"
"Oct 09, 2009","2,638.50","2,568.47","2,638.50","2,555.72","","+3.28%"
"Oct 08, 2009","2,554.76","2,539.45","2,562.09","2,524.68","","+1.17%"
"Oct 07, 2009","2,525.25","2,500.44","2,533.32","2,497.68","","+1.69%"
"Oct 06, 2009","2,483.37","2,476.77","2,500.96","2,462.91","","+0.66%"
"Oct 05, 2009","2,467.18","2,528.89","2,528.89","2,466.82","","-3.13%"
"Oct 02, 2009","2,546.91","2,580.18","2,580.38","2,518.63","","-2.81%"
"Oct 01, 2009","2,620.57","2,680.94","2,686.15","2,617.91","","-2.65%"
"Sep 30, 2009","2,691.82","2,672.13","2,691.82","2,668.17","","+0.63%"
"Sep 29, 2009","2,675.00","2,668.90","2,691.50","2,655.40","","+1.17%"
"Sep 28, 2009","2,644.14","2,688.79","2,692.37","2,631.42","","-3.15%"
"Sep 25, 2009","2,730.00","2,758.58","2,758.75","2,705.31","","-2.67%"
"Sep 24, 2009","2,804.82","2,745.71","2,804.82","2,736.94","","+3.12%"
"Sep 18, 2009","2,719.95","2,700.75","2,719.95","2,668.70","","-0.01%"
"Sep 17, 2009","2,720.30","2,708.71","2,722.42","2,694.65","","+1.54%"
"Sep 16, 2009","2,678.93","2,657.84","2,715.30","2,656.50","","+1.13%"
"Sep 15, 2009","2,649.03","2,655.41","2,663.58","2,620.41","","+0.15%"
"Sep 14, 2009","2,644.96","2,710.09","2,710.92","2,632.58","","-2.78%"
"Sep 11, 2009","2,720.64","2,757.66","2,757.66","2,710.27","","-1.30%"
"Sep 10, 2009","2,756.57","2,712.87","2,764.75","2,712.79","","+2.34%"
"Sep 09, 2009","2,693.60","2,701.95","2,715.21","2,670.77","","-0.73%"
"Sep 08, 2009","2,713.51","2,711.52","2,714.18","2,691.66","","+0.02%"
"Sep 07, 2009","2,713.08","2,724.65","2,730.97","2,702.19","","+0.85%"
"Sep 04, 2009","2,690.21","2,702.22","2,712.66","2,669.87","","+0.07%"
"Sep 03, 2009","2,688.46","2,683.60","2,726.27","2,670.17","","-0.78%"
"Sep 02, 2009","2,709.73","2,719.03","2,719.03","2,674.92","","-1.73%"
"Sep 01, 2009","2,757.40","2,708.32","2,760.98","2,708.32","","+1.54%"
"Aug 31, 2009","2,715.47","2,745.68","2,797.89","2,700.94","","-0.21%"
"Aug 28, 2009","2,721.22","2,746.48","2,752.45","2,710.89","","-0.16%"
"Aug 27, 2009","2,725.62","2,777.84","2,777.84","2,702.35","","-2.20%"
"Aug 26, 2009","2,786.94","2,754.82","2,793.81","2,747.23","","+1.74%"
"Aug 25, 2009","2,739.27","2,726.96","2,750.23","2,718.88","","-0.14%"
"Aug 24, 2009","2,743.01","2,702.90","2,743.80","2,698.36","","+3.19%"
"Aug 21, 2009","2,658.09","2,707.65","2,707.65","2,625.69","","-1.56%"
"Aug 20, 2009","2,700.30","2,660.55","2,703.63","2,640.71","","+1.67%"
"Aug 19, 2009","2,655.90","2,665.68","2,691.62","2,648.04","","-0.35%"
"Aug 18, 2009","2,665.21","2,647.39","2,671.46","2,637.98","","-0.13%"
"Aug 17, 2009","2,668.69","2,732.55","2,735.03","2,668.02","","-3.01%"
"Aug 14, 2009","2,751.53","2,743.54","2,761.91","2,731.49","","-0.07%"
"Aug 13, 2009","2,753.42","2,751.09","2,773.84","2,747.94","","+0.35%"
"Aug 12, 2009","2,743.92","2,767.30","2,774.07","2,743.92","","-1.73%"
"Aug 11, 2009","2,792.32","2,779.84","2,796.22","2,774.31","","+0.59%"
"Aug 10, 2009","2,775.97","2,784.22","2,792.49","2,766.56","","+1.02%"
"Aug 07, 2009","2,747.97","2,770.41","2,775.11","2,702.73","","-0.88%"
"Aug 06, 2009","2,772.40","2,764.81","2,788.24","2,739.61","","-0.29%"
"Aug 05, 2009","2,780.42","2,867.54","2,870.29","2,780.42","","-2.23%"
"Aug 04, 2009","2,843.77","2,884.50","2,894.19","2,842.73","","-0.29%"
"Aug 03, 2009","2,852.00","2,864.27","2,877.10","2,833.13","","-1.16%"
"Jul 31, 2009","2,885.53","2,828.08","2,885.53","2,826.16","","+3.21%"
"Jul 30, 2009","2,795.67","2,777.67","2,796.28","2,746.98","","+1.02%"
"Jul 29, 2009","2,767.33","2,693.49","2,775.01","2,693.49","","+2.12%"
"Jul 28, 2009","2,709.80","2,744.72","2,746.54","2,692.90","","-1.38%"
"Jul 27, 2009","2,747.71","2,702.60","2,773.08","2,700.52","","+2.54%"
"Jul 24, 2009","2,679.54","2,669.07","2,687.15","2,652.20","","+1.77%"
"Jul 23, 2009","2,632.82","2,583.88","2,644.36","2,577.15","","+1.33%"
"Jul 22, 2009","2,598.36","2,563.88","2,598.36","2,543.60","","+1.36%"
"Jul 21, 2009","2,563.40","2,505.64","2,564.60","2,505.64","","+3.87%"
"Jul 17, 2009","2,467.87","2,483.64","2,494.08","2,464.53","","-0.24%"
"Jul 16, 2009","2,473.88","2,490.33","2,516.35","2,460.18","","+0.90%"
"Jul 15, 2009","2,451.76","2,461.59","2,478.66","2,443.80","","+0.60%"
"Jul 14, 2009","2,437.17","2,399.76","2,446.87","2,398.92","","+2.72%"
"Jul 13, 2009","2,372.60","2,426.87","2,453.95","2,369.98","","-2.55%"
"Jul 10, 2009","2,434.59","2,434.83","2,461.03","2,423.94","","+0.40%"
"Jul 09, 2009","2,424.84","2,430.54","2,453.80","2,410.48","","-1.53%"
"Jul 08, 2009","2,462.53","2,489.06","2,496.33","2,458.00","","-2.34%"
"Jul 07, 2009","2,521.60","2,524.85","2,541.67","2,507.65","","+0.56%"
"Jul 06, 2009","2,507.65","2,530.43","2,533.89","2,485.66","","-1.72%"
"Jul 03, 2009","2,551.41","2,527.78","2,555.75","2,506.34","","+0.32%"
"Jul 02, 2009","2,543.22","2,565.04","2,566.07","2,524.16","","-0.49%"
"Jul 01, 2009","2,555.64","2,558.25","2,602.04","2,546.59","","-0.26%"
"Jun 30, 2009","2,562.23","2,523.64","2,569.43","2,519.10","","+3.12%"
"Jun 29, 2009","2,484.81","2,494.96","2,533.13","2,473.32","","+0.10%"
"Jun 26, 2009","2,482.30","2,506.27","2,508.81","2,461.45","","-0.06%"
"Jun 25, 2009","2,483.67","2,430.21","2,504.94","2,429.11","","+3.56%"
"Jun 24, 2009","2,398.39","2,372.72","2,412.39","2,369.36","","+1.54%"
"Jun 23, 2009","2,361.90","2,408.90","2,413.00","2,353.27","","-3.45%"
"Jun 22, 2009","2,446.42","2,451.17","2,476.33","2,440.84","","+0.61%"
"Jun 19, 2009","2,431.63","2,431.70","2,463.66","2,412.36","","+0.37%"
"Jun 18, 2009","2,422.63","2,421.61","2,423.66","2,382.77","","-0.19%"
"Jun 17, 2009","2,427.13","2,417.62","2,432.96","2,414.05","","-0.39%"
"Jun 16, 2009","2,436.73","2,450.40","2,467.84","2,428.97","","-1.59%"
"Jun 15, 2009","2,476.18","2,537.33","2,537.33","2,473.94","","-2.88%"
"Jun 12, 2009","2,549.54","2,561.69","2,567.98","2,529.55","","-0.44%"
"Jun 11, 2009","2,560.68","2,516.47","2,573.05","2,512.45","","+2.62%"
"Jun 10, 2009","2,495.28","2,472.08","2,501.01","2,460.47","","+1.94%"
"Jun 09, 2009","2,447.68","2,488.31","2,493.22","2,440.15","","-2.07%"
"Jun 08, 2009","2,499.46","2,492.40","2,535.91","2,487.35","","+1.14%"
"Jun 05, 2009","2,471.34","2,458.24","2,479.84","2,457.76","","+1.30%"
"Jun 04, 2009","2,439.59","2,437.07","2,476.35","2,427.20","","-0.18%"
"Jun 03, 2009","2,443.92","2,422.19","2,453.33","2,422.19","","+1.76%"
"Jun 02, 2009","2,401.61","2,409.43","2,434.97","2,396.33","","+0.68%"
"Jun 01, 2009","2,385.38","2,362.73","2,393.03","2,347.85","","+1.15%"
"May 29, 2009","2,358.23","2,335.56","2,363.72","2,321.39","","+1.13%"
"May 28, 2009","2,331.94","2,286.76","2,338.49","2,282.99","","+0.97%"
"May 27, 2009","2,309.64","2,270.48","2,320.06","2,269.95","","+3.17%"
"May 26, 2009","2,238.65","2,246.43","2,255.03","2,216.75","","-0.41%"
"May 25, 2009","2,247.97","2,233.72","2,270.03","2,233.72","","+1.20%"
"May 22, 2009","2,221.27","2,220.74","2,239.90","2,205.70","","-1.26%"
"May 21, 2009","2,249.58","2,257.12","2,258.88","2,225.51","","-1.38%"
"May 20, 2009","2,281.02","2,302.43","2,318.26","2,272.59","","+0.06%"
"May 19, 2009","2,279.63","2,265.72","2,301.97","2,261.02","","+2.19%"
"May 18, 2009","2,230.69","2,245.84","2,248.45","2,213.23","","-1.74%"
"May 15, 2009","2,270.27","2,217.55","2,284.28","2,214.36","","+3.37%"
"May 14, 2009","2,196.31","2,227.04","2,232.73","2,186.25","","-2.64%"
"May 13, 2009","2,255.78","2,193.12","2,267.63","2,193.12","","+2.97%"
"May 12, 2009","2,190.68","2,197.96","2,207.55","2,178.25","","-1.67%"
"May 11, 2009","2,227.82","2,199.05","2,227.82","2,184.61","","+1.53%"
"May 08, 2009","2,194.29","2,171.76","2,204.64","2,167.73","","+0.63%"
"May 07, 2009","2,180.50","2,135.09","2,190.64","2,134.16","","+3.51%"
"May 01, 2009","2,106.52","2,103.35","2,114.21","2,071.02","","+0.57%"
"Apr 30, 2009","2,094.54","2,085.01","2,145.41","2,084.12","","+2.05%"
"Apr 28, 2009","2,052.45","2,105.43","2,157.62","2,052.25","","-3.09%"
"Apr 27, 2009","2,117.79","2,139.54","2,162.53","2,103.13","","+0.26%"
"Apr 24, 2009","2,112.25","2,129.81","2,142.90","2,107.28","","-0.87%"
"Apr 23, 2009","2,130.76","2,127.91","2,134.31","2,091.93","","+0.45%"
"Apr 22, 2009","2,121.21","2,145.55","2,152.04","2,107.07","","+0.18%"
"Apr 21, 2009","2,117.49","2,158.90","2,158.90","2,083.91","","-3.38%"
"Apr 20, 2009","2,191.63","2,187.88","2,200.83","2,166.66","","-0.38%"
"Apr 17, 2009","2,200.09","2,175.01","2,217.50","2,173.90","","+2.35%"
"Apr 16, 2009","2,149.53","2,165.72","2,225.04","2,137.09","","+0.22%"
"Apr 15, 2009","2,144.71","2,196.70","2,198.18","2,123.53","","-3.55%"
"Apr 14, 2009","2,223.55","2,231.92","2,239.33","2,191.98","","+0.10%"
"Apr 13, 2009","2,221.23","2,224.65","2,250.23","2,211.11","","-0.15%"
"Apr 10, 2009","2,224.50","2,245.17","2,256.74","2,197.52","","+0.47%"
"Apr 09, 2009","2,214.05","2,154.93","2,216.62","2,153.57","","+3.40%"
"Apr 08, 2009","2,141.25","2,190.46","2,193.13","2,136.18","","-3.64%"
"Apr 07, 2009","2,222.22","2,233.89","2,260.29","2,203.60","","-1.27%"
"Apr 06, 2009","2,250.76","2,268.71","2,287.28","2,235.54","","-0.14%"
"Apr 03, 2009","2,253.87","2,271.63","2,301.06","2,232.61","","+0.17%"
"Apr 02, 2009","2,250.02","2,160.94","2,258.84","2,157.70","","+4.85%"
"Apr 01, 2009","2,145.95","2,105.22","2,147.98","2,087.08","","+2.37%"
"Mar 31, 2009","2,096.36","2,134.04","2,190.53","2,088.84","","-1.45%"
"Mar 30, 2009","2,127.10","2,203.94","2,220.39","2,125.87","","-4.46%"
"Mar 27, 2009","2,226.50","2,224.65","2,299.81","2,222.68","","+0.28%"
"Mar 26, 2009","2,220.32","2,178.21","2,223.93","2,150.60","","+1.48%"
"Mar 25, 2009","2,187.84","2,197.93","2,203.18","2,163.48","","-0.14%"
"Mar 24, 2009","2,190.95","2,148.13","2,202.96","2,146.16","","+3.52%"
"Mar 23, 2009","2,116.35","2,063.54","2,121.07","2,056.10","","+2.96%"
"Mar 19, 2009","2,055.43","2,081.40","2,091.58","2,028.45","","-1.37%"
"Mar 18, 2009","2,083.89","2,088.35","2,102.87","2,068.69","","+0.61%"
"Mar 17, 2009","2,071.31","2,028.48","2,082.02","2,015.21","","+3.08%"
"Mar 16, 2009","2,009.34","1,975.27","2,029.44","1,973.83","","+3.25%"
"Mar 13, 2009","1,946.13","1,881.04","1,950.31","1,880.15","","+4.84%"
"Mar 12, 2009","1,856.25","1,893.56","1,903.12","1,849.85","","-2.96%"
"Mar 11, 2009","1,912.93","1,834.17","1,920.67","1,834.14","","+5.87%"
"Mar 10, 2009","1,806.85","1,801.81","1,823.57","1,793.15","","-0.47%"
"Mar 09, 2009","1,815.46","1,806.92","1,853.53","1,791.65","","+0.38%"
"Mar 06, 2009","1,808.55","1,849.66","1,849.73","1,806.19","","-3.70%"
"Mar 05, 2009","1,878.10","1,843.56","1,901.92","1,840.38","","+2.30%"
"Mar 04, 2009","1,835.86","1,789.01","1,850.50","1,771.73","","+2.27%"
"Mar 03, 2009","1,795.07","1,767.06","1,821.95","1,742.88","","+0.06%"
"Mar 02, 2009","1,794.08","1,837.95","1,841.83","1,781.05","","-3.62%"
"Feb 27, 2009","1,861.42","1,831.03","1,862.11","1,824.70","","+2.69%"
"Feb 26, 2009","1,812.73","1,806.66","1,852.86","1,805.93","","+0.73%"
"Feb 25, 2009","1,799.67","1,752.77","1,802.61","1,745.85","","+3.83%"
"Feb 24, 2009","1,733.27","1,736.58","1,745.03","1,715.92","","-1.48%"
"Feb 23, 2009","1,759.34","1,744.73","1,771.99","1,721.92","","-0.19%"
"Feb 20, 2009","1,762.67","1,780.06","1,781.00","1,746.48","","-1.83%"
"Feb 19, 2009","1,795.57","1,804.24","1,828.76","1,792.35","","-0.12%"
"Feb 18, 2009","1,797.64","1,772.73","1,821.78","1,763.09","","-0.16%"
"Feb 17, 2009","1,800.52","1,795.46","1,807.57","1,782.15","","-0.10%"
"Feb 16, 2009","1,802.40","1,768.21","1,808.46","1,764.08","","+1.45%"
"Feb 13, 2009","1,776.58","1,770.70","1,798.27","1,754.55","","+1.42%"
"Feb 12, 2009","1,751.64","1,809.20","1,809.20","1,742.21","","-4.43%"
"Feb 10, 2009","1,832.77","1,856.93","1,882.68","1,821.86","","-0.33%"
"Feb 09, 2009","1,838.91","1,864.35","1,903.88","1,838.91","","-0.35%"
"Feb 06, 2009","1,845.41","1,822.79","1,878.67","1,822.45","","+2.07%"
"Feb 05, 2009","1,808.03","1,841.44","1,873.32","1,808.03","","-1.94%"
"Feb 04, 2009","1,843.76","1,793.31","1,870.02","1,790.79","","+4.17%"
"Feb 03, 2009","1,769.93","1,779.73","1,839.77","1,765.58","","-0.20%"
"Feb 02, 2009","1,773.56","1,810.83","1,812.32","1,754.17","","-3.26%"
"Jan 30, 2009","1,833.34","1,905.35","1,909.87","1,817.83","","-5.06%"
"Jan 29, 2009","1,930.97","1,907.89","1,950.61","1,897.38","","+2.22%"
"Jan 28, 2009","1,889.03","1,878.06","1,915.81","1,854.27","","+0.50%"
"Jan 27, 2009","1,879.72","1,809.00","1,895.01","1,806.55","","+5.05%"
"Jan 26, 2009","1,789.44","1,813.08","1,827.11","1,781.17","","-1.95%"
"Jan 23, 2009","1,824.95","1,866.92","1,867.76","1,824.95","","-3.48%"
"Jan 22, 2009","1,890.67","1,904.27","1,908.75","1,846.82","","+0.26%"
"Jan 21, 2009","1,885.85","1,855.75","1,911.10","1,841.63","","-0.17%"
"Jan 20, 2009","1,889.10","1,917.99","1,917.99","1,857.21","","-2.59%"
"Jan 19, 2009","1,939.26","1,949.99","1,964.04","1,936.22","","+0.63%"
"Jan 16, 2009","1,927.11","1,893.71","1,942.63","1,890.52","","+3.39%"
"Jan 15, 2009","1,863.96","1,914.56","1,914.56","1,855.68","","-4.29%"
"Jan 14, 2009","1,947.50","1,925.61","1,966.13","1,908.93","","+1.04%"
"Jan 13, 2009","1,927.40","1,976.11","1,976.11","1,909.53","","-4.20%"
"Jan 09, 2009","2,012.00","2,077.56","2,077.56","2,000.40","","-2.77%"
"Jan 08, 2009","2,069.25","2,148.49","2,148.49","2,067.49","","-5.13%"
"Jan 07, 2009","2,181.18","2,059.76","2,205.43","2,050.63","","+6.38%"
"Jan 06, 2009","2,050.32","2,061.99","2,070.46","2,032.62","","-0.76%"
"Jan 05, 2009","2,066.07","2,033.96","2,078.77","2,033.96","","+3.20%"
"Dec 30, 2008","2,001.95","1,960.92","2,007.44","1,954.25","","+2.30%"
"Dec 29, 2008","1,956.92","1,959.53","1,961.57","1,928.21","","-0.43%"
"Dec 26, 2008","1,965.43","1,947.46","1,969.49","1,935.61","","+1.56%"
"Dec 25, 2008","1,935.25","1,918.44","1,935.25","1,909.75","","+1.72%"
"Dec 24, 2008","1,902.53","1,927.56","1,927.56","1,892.03","","-2.45%"
"Dec 22, 2008","1,950.32","1,920.50","1,953.47","1,910.53","","+0.85%"
"Dec 19, 2008","1,933.79","1,946.22","1,969.70","1,933.55","","-0.95%"
"Dec 18, 2008","1,952.29","1,953.79","1,973.62","1,934.58","","-0.90%"
"Dec 17, 2008","1,969.97","1,981.44","2,012.37","1,921.81","","+0.49%"
"Dec 16, 2008","1,960.40","1,978.32","1,978.32","1,931.44","","-1.80%"
"Dec 15, 2008","1,996.27","1,940.27","2,005.14","1,940.27","","+3.83%"
"Dec 12, 2008","1,922.56","2,006.97","2,008.83","1,897.17","","-5.52%"
"Dec 11, 2008","2,034.97","2,055.59","2,059.41","1,994.88","","-0.98%"
"Dec 10, 2008","2,055.12","1,970.65","2,069.54","1,970.13","","+4.15%"
"Dec 09, 2008","1,973.20","1,962.74","2,017.89","1,962.74","","+0.41%"
"Dec 08, 2008","1,965.10","1,883.09","1,978.66","1,872.67","","+5.00%"
"Dec 05, 2008","1,871.48","1,878.20","1,896.83","1,866.38","","+0.38%"
"Dec 04, 2008","1,864.36","1,887.58","1,903.15","1,847.59","","-1.44%"
"Dec 03, 2008","1,891.63","1,894.87","1,911.06","1,854.79","","+1.18%"
"Dec 02, 2008","1,869.56","1,971.68","1,971.68","1,869.56","","-6.59%"
"Dec 01, 2008","2,001.39","2,054.35","2,054.58","1,986.78","","-2.71%"
"Nov 28, 2008","2,057.15","2,009.63","2,062.59","2,002.43","","+2.90%"
"Nov 27, 2008","1,999.17","1,968.87","2,013.17","1,965.28","","+2.64%"
"Nov 26, 2008","1,947.76","1,988.69","1,990.39","1,920.82","","-3.37%"
"Nov 25, 2008","2,015.79","1,971.68","2,039.08","1,948.80","","+3.82%"
"Nov 21, 2008","1,941.66","1,825.46","1,963.33","1,795.08","","+4.95%"
"Nov 20, 2008","1,850.13","1,913.25","1,914.33","1,850.13","","-4.68%"
"Nov 19, 2008","1,941.01","1,950.33","1,960.60","1,908.52","","-0.98%"
"Nov 18, 2008","1,960.22","1,986.73","1,986.73","1,949.57","","-2.60%"
"Nov 17, 2008","2,012.54","2,012.73","2,080.70","1,953.55","","-1.35%"
"Nov 14, 2008","2,040.09","2,018.58","2,096.79","2,018.32","","+2.57%"
"Nov 13, 2008","1,988.93","2,095.64","2,095.72","1,974.70","","-6.46%"
"Nov 12, 2008","2,126.19","2,123.46","2,141.60","2,083.19","","-1.34%"
"Nov 11, 2008","2,155.00","2,233.23","2,236.15","2,147.39","","-4.44%"
"Nov 10, 2008","2,255.05","2,163.93","2,256.79","2,163.93","","+5.89%"
"Nov 07, 2008","2,129.57","2,193.42","2,193.42","2,057.67","","-4.15%"
"Nov 06, 2008","2,221.83","2,382.57","2,383.29","2,197.88","","-8.18%"
"Nov 05, 2008","2,419.88","2,353.79","2,421.06","2,353.79","","+4.16%"
"Nov 04, 2008","2,323.16","2,262.62","2,334.07","2,261.18","","+3.64%"
"Oct 31, 2008","2,241.53","2,385.69","2,385.69","2,213.30","","-6.50%"
"Oct 30, 2008","2,397.36","2,150.01","2,398.94","2,146.91","","+13.01%"
"Oct 29, 2008","2,121.42","2,029.34","2,162.56","2,009.15","","+6.34%"
"Oct 28, 2008","1,994.89","1,833.21","2,005.59","1,776.90","","+7.80%"
"Oct 27, 2008","1,850.57","1,917.56","2,048.27","1,847.74","","-6.07%"
"Oct 24, 2008","1,970.24","2,191.84","2,191.84","1,970.24","","-10.62%"
"Oct 23, 2008","2,204.45","2,335.11","2,335.11","2,111.52","","-7.15%"
"Oct 22, 2008","2,374.31","2,535.12","2,535.12","2,374.31","","-7.75%"
"Oct 21, 2008","2,573.78","2,559.36","2,586.68","2,524.60","","+2.24%"
"Oct 20, 2008","2,517.47","2,454.80","2,521.40","2,427.29","","+3.58%"
"Oct 17, 2008","2,430.53","2,404.12","2,437.16","2,375.94","","+2.64%"
"Oct 16, 2008","2,368.08","2,670.32","2,670.32","2,368.08","","-12.64%"
"Oct 15, 2008","2,710.72","2,737.86","2,737.86","2,641.47","","-1.82%"
"Oct 14, 2008","2,761.03","2,459.13","2,771.27","2,459.11","","+14.10%"
"Oct 10, 2008","2,419.93","2,534.18","2,534.18","2,295.20","","-5.94%"
"Oct 09, 2008","2,572.71","2,524.40","2,626.03","2,504.74","","+1.32%"
"Oct 08, 2008","2,539.24","2,771.74","2,771.85","2,525.60","","-9.74%"
"Oct 07, 2008","2,813.14","2,864.46","2,866.88","2,710.89","","-3.41%"
"Oct 06, 2008","2,912.42","2,981.13","2,981.13","2,862.25","","-3.67%"
"Oct 03, 2008","3,023.38","3,114.36","3,125.86","3,001.12","","-3.96%"
"Oct 02, 2008","3,147.91","3,235.24","3,263.98","3,141.91","","-1.77%"
"Oct 01, 2008","3,204.48","3,198.55","3,248.84","3,194.73","","+1.20%"
"Sep 30, 2008","3,166.35","3,243.66","3,243.69","3,100.80","","-3.98%"
"Sep 29, 2008","3,297.75","3,319.14","3,385.14","3,287.34","","+0.04%"
"Sep 26, 2008","3,296.49","3,362.40","3,379.80","3,262.75","","-2.91%"
"Sep 25, 2008","3,395.46","3,346.69","3,397.88","3,329.80","","-0.25%"
"Sep 24, 2008","3,403.89","3,358.18","3,403.89","3,321.90","","+0.58%"
"Sep 22, 2008","3,384.10","3,395.64","3,468.19","3,379.49","","+0.02%"
"Sep 19, 2008","3,383.56","3,316.96","3,396.47","3,316.96","","+3.47%"
"Sep 18, 2008","3,270.09","3,295.50","3,295.50","3,220.47","","-2.47%"
"Sep 17, 2008","3,352.87","3,426.26","3,447.67","3,342.19","","-1.18%"
"Sep 16, 2008","3,392.93","3,460.59","3,460.59","3,332.10","","-3.78%"
"Sep 12, 2008","3,526.06","3,587.20","3,598.65","3,497.36","","-1.17%"
"Sep 11, 2008","3,567.83","3,618.88","3,633.40","3,567.09","","-1.92%"
"Sep 10, 2008","3,637.79","3,585.25","3,652.07","3,582.50","","-0.02%"
"Sep 09, 2008","3,638.61","3,633.42","3,647.82","3,609.17","","-0.28%"
"Sep 08, 2008","3,648.65","3,612.24","3,675.28","3,606.27","","+2.07%"
"Sep 05, 2008","3,574.57","3,638.92","3,638.92","3,555.46","","-3.14%"
"Sep 04, 2008","3,690.40","3,731.41","3,735.88","3,681.31","","-1.31%"
"Sep 03, 2008","3,739.36","3,697.93","3,757.95","3,683.23","","+2.11%"
"Sep 02, 2008","3,662.11","3,715.68","3,753.42","3,625.92","","-2.07%"
"Sep 01, 2008","3,739.47","3,770.97","3,793.09","3,736.71","","-1.51%"
"Aug 29, 2008","3,796.78","3,753.87","3,804.17","3,745.33","","+2.35%"
"Aug 28, 2008","3,709.67","3,723.30","3,747.35","3,694.81","","-0.30%"
"Aug 27, 2008","3,720.81","3,714.37","3,740.90","3,700.39","","-0.19%"
"Aug 26, 2008","3,727.94","3,703.57","3,748.59","3,686.10","","-0.58%"
"Aug 25, 2008","3,749.86","3,698.75","3,766.35","3,697.52","","+2.49%"
"Aug 22, 2008","3,658.60","3,689.22","3,692.14","3,655.60","","-1.08%"
"Aug 21, 2008","3,698.57","3,737.27","3,747.62","3,674.11","","-1.06%"
"Aug 20, 2008","3,738.22","3,709.83","3,773.06","3,709.68","","-0.42%"
"Aug 19, 2008","3,753.89","3,816.38","3,816.52","3,722.02","","-2.85%"
"Aug 18, 2008","3,864.05","3,823.59","3,893.56","3,809.86","","+0.38%"
"Aug 15, 2008","3,849.53","3,826.07","3,863.09","3,809.92","","+0.47%"
"Aug 14, 2008","3,831.61","3,801.07","3,870.62","3,799.11","","+0.47%"
"Aug 13, 2008","3,813.71","3,837.68","3,849.77","3,796.03","","-1.66%"
"Aug 12, 2008","3,878.06","3,853.10","3,923.84","3,845.73","","+0.72%"
"Aug 11, 2008","3,850.22","3,750.70","3,872.86","3,750.53","","+3.65%"
"Aug 08, 2008","3,714.81","3,635.94","3,734.82","3,615.91","","+1.39%"
"Aug 07, 2008","3,663.94","3,650.54","3,687.25","3,623.49","","+1.17%"
"Aug 06, 2008","3,621.68","3,550.35","3,638.64","3,544.38","","+2.99%"
"Aug 05, 2008","3,516.61","3,501.83","3,544.70","3,475.31","","+0.30%"
"Aug 04, 2008","3,506.14","3,575.09","3,575.09","3,462.39","","-1.66%"
"Aug 01, 2008","3,565.50","3,614.81","3,640.25","3,557.77","","-1.84%"
"Jul 31, 2008","3,632.49","3,682.13","3,685.28","3,603.44","","-0.45%"
"Jul 30, 2008","3,648.77","3,639.59","3,670.07","3,629.90","","+1.34%"
"Jul 29, 2008","3,600.37","3,631.27","3,631.38","3,571.81","","-1.88%"
"Jul 28, 2008","3,669.42","3,715.76","3,738.28","3,656.19","","-0.90%"
"Jul 25, 2008","3,702.78","3,711.09","3,731.06","3,690.46","","-1.28%"
"Jul 24, 2008","3,750.66","3,677.34","3,752.64","3,672.14","","+3.10%"
"Jul 23, 2008","3,638.05","3,621.09","3,665.66","3,610.27","","+0.56%"
"Jul 22, 2008","3,617.92","3,568.38","3,617.92","3,536.47","","+1.82%"
"Jul 18, 2008","3,553.21","3,621.45","3,632.11","3,544.23","","-1.49%"
"Jul 17, 2008","3,606.91","3,647.76","3,647.76","3,592.92","","-0.12%"
"Jul 16, 2008","3,611.36","3,606.36","3,611.36","3,567.27","","-0.18%"
"Jul 15, 2008","3,617.93","3,682.97","3,682.97","3,612.12","","-2.58%"
"Jul 14, 2008","3,713.92","3,687.31","3,761.25","3,687.16","","+0.52%"
"Jul 11, 2008","3,694.53","3,687.44","3,737.89","3,643.76","","+0.42%"
"Jul 10, 2008","3,679.01","3,641.99","3,719.61","3,640.11","","+0.75%"
"Jul 09, 2008","3,651.55","3,687.23","3,739.15","3,648.69","","+0.25%"
"Jul 08, 2008","3,642.34","3,711.77","3,745.54","3,621.36","","-1.96%"
"Jul 07, 2008","3,715.14","3,709.79","3,736.72","3,675.65","","-0.17%"
"Jul 04, 2008","3,721.44","3,687.99","3,721.44","3,675.63","","+1.06%"
"Jul 03, 2008","3,682.23","3,640.43","3,709.72","3,633.02","","+0.19%"
"Jul 02, 2008","3,675.31","3,714.33","3,714.33","3,656.14","","-1.05%"
"Jul 01, 2008","3,714.15","3,729.12","3,751.51","3,706.44","","+0.32%"
"Jun 30, 2008","3,702.24","3,732.09","3,735.56","3,689.63","","-0.66%"
"Jun 27, 2008","3,726.80","3,741.30","3,741.30","3,695.20","","-1.93%"
"Jun 26, 2008","3,800.25","3,837.06","3,852.01","3,793.86","","-0.26%"
"Jun 25, 2008","3,810.14","3,834.51","3,834.51","3,771.10","","-0.58%"
"Jun 24, 2008","3,832.21","3,790.53","3,840.70","3,785.29","","+0.16%"
"Jun 23, 2008","3,826.18","3,742.70","3,835.49","3,729.45","","+1.32%"
"Jun 20, 2008","3,776.34","3,823.80","3,828.70","3,751.64","","-1.72%"
"Jun 19, 2008","3,842.33","3,897.71","3,901.56","3,818.35","","-2.63%"
"Jun 18, 2008","3,945.93","3,874.07","3,957.65","3,870.24","","+1.62%"
"Jun 17, 2008","3,883.13","3,910.35","3,916.05","3,875.33","","-1.23%"
"Jun 16, 2008","3,931.62","3,873.64","3,934.75","3,842.39","","+2.40%"
"Jun 13, 2008","3,839.41","3,842.76","3,848.05","3,786.19","","+0.23%"
"Jun 12, 2008","3,830.58","3,904.51","3,904.51","3,819.28","","-3.13%"
"Jun 11, 2008","3,954.50","3,904.63","3,955.33","3,891.56","","+1.83%"
"Jun 10, 2008","3,883.49","3,929.25","3,958.53","3,869.75","","-0.23%"
"Jun 09, 2008","3,892.39","3,918.56","3,918.71","3,849.53","","-2.16%"
"Jun 06, 2008","3,978.48","3,998.27","4,015.66","3,973.89","","+0.90%"
"Jun 05, 2008","3,943.03","3,991.61","3,991.61","3,941.94","","-0.85%"
"Jun 04, 2008","3,976.69","3,912.10","3,976.69","3,905.45","","+2.44%"
"Jun 03, 2008","3,882.14","3,881.25","3,903.74","3,854.79","","-1.11%"
"Jun 02, 2008","3,925.79","3,915.19","3,939.58","3,845.60","","-0.64%"
"May 30, 2008","3,951.07","3,913.27","3,963.37","3,904.40","","+1.98%"
"May 29, 2008","3,874.42","3,778.61","3,874.42","3,776.66","","+3.62%"
"May 28, 2008","3,738.96","3,821.52","3,834.78","3,723.47","","-1.90%"
"May 27, 2008","3,811.35","3,761.20","3,825.33","3,761.12","","+1.64%"
"May 26, 2008","3,749.71","3,776.18","3,792.25","3,729.19","","-0.82%"
"May 23, 2008","3,780.63","3,758.56","3,826.46","3,738.36","","+0.50%"
"May 22, 2008","3,761.73","3,727.88","3,768.93","3,676.53","","-0.35%"
"May 21, 2008","3,774.77","3,764.62","3,818.55","3,752.53","","-1.19%"
"May 20, 2008","3,820.22","3,821.95","3,837.11","3,802.53","","+0.02%"
"May 19, 2008","3,819.32","3,831.72","3,841.31","3,814.71","","+0.67%"
"May 16, 2008","3,793.84","3,883.94","3,899.83","3,787.27","","-1.74%"
"May 15, 2008","3,861.18","3,867.85","3,873.23","3,832.49","","+0.09%"
"May 14, 2008","3,857.69","3,854.16","3,863.81","3,815.90","","-0.33%"
"May 13, 2008","3,870.52","3,735.42","3,895.16","3,735.42","","+4.48%"
"May 12, 2008","3,704.38","3,666.24","3,716.91","3,655.66","","+0.48%"
"May 09, 2008","3,686.75","3,823.43","3,826.93","3,681.15","","-3.85%"
"May 08, 2008","3,834.28","3,862.38","3,892.89","3,834.28","","-1.59%"
"May 07, 2008","3,896.27","3,905.47","3,931.43","3,875.58","","-1.00%"
"May 02, 2008","3,935.63","3,841.37","3,952.21","3,840.99","","+4.00%"
"May 01, 2008","3,784.40","3,763.65","3,809.53","3,759.31","","+0.23%"
"Apr 30, 2008","3,775.88","3,737.35","3,813.02","3,735.34","","+1.01%"
"Apr 28, 2008","3,738.12","3,836.20","3,842.58","3,687.74","","-2.27%"
"Apr 25, 2008","3,825.01","3,741.19","3,838.11","3,740.70","","+2.67%"
"Apr 24, 2008","3,725.71","3,742.90","3,755.46","3,703.84","","-0.18%"
"Apr 23, 2008","3,732.60","3,711.92","3,778.71","3,691.29","","-0.04%"
"Apr 22, 2008","3,733.98","3,767.37","3,775.74","3,725.10","","-1.79%"
"Apr 21, 2008","3,802.19","3,770.34","3,825.91","3,760.48","","+2.34%"
"Apr 18, 2008","3,715.17","3,734.68","3,734.68","3,657.84","","-0.02%"
"Apr 17, 2008","3,716.03","3,637.11","3,718.87","3,637.11","","+3.20%"
"Apr 16, 2008","3,600.78","3,592.90","3,628.24","3,569.70","","+0.91%"
"Apr 15, 2008","3,568.16","3,595.44","3,595.44","3,540.38","","-0.64%"
"Apr 14, 2008","3,591.15","3,657.19","3,657.38","3,577.65","","-3.29%"
"Apr 11, 2008","3,713.31","3,671.48","3,716.62","3,658.56","","+2.08%"
"Apr 10, 2008","3,637.63","3,604.47","3,652.94","3,591.05","","+0.17%"
"Apr 09, 2008","3,631.45","3,697.53","3,712.76","3,601.27","","-2.09%"
"Apr 08, 2008","3,708.98","3,724.36","3,732.61","3,695.47","","-0.79%"
"Apr 07, 2008","3,738.36","3,673.91","3,750.82","3,664.80","","+1.17%"
"Apr 04, 2008","3,695.12","3,671.02","3,698.43","3,642.15","","-0.58%"
"Apr 03, 2008","3,716.51","3,658.69","3,716.51","3,607.96","","+1.55%"
"Apr 02, 2008","3,659.86","3,523.17","3,659.86","3,523.04","","+5.48%"
"Apr 01, 2008","3,469.66","3,414.23","3,514.22","3,412.57","","+2.52%"
"Mar 31, 2008","3,384.49","3,436.59","3,436.59","3,343.79","","-1.94%"
"Mar 28, 2008","3,451.58","3,385.88","3,463.37","3,357.34","","+1.91%"
"Mar 27, 2008","3,386.92","3,394.86","3,400.50","3,346.86","","-1.31%"
"Mar 26, 2008","3,431.94","3,391.79","3,449.00","3,376.92","","-0.06%"
"Mar 25, 2008","3,434.11","3,373.95","3,446.01","3,361.59","","+2.85%"
"Mar 24, 2008","3,338.83","3,330.02","3,378.85","3,330.02","","-0.22%"
"Mar 21, 2008","3,346.33","3,329.82","3,350.89","3,307.44","","+0.71%"
"Mar 19, 2008","3,322.63","3,309.94","3,369.42","3,291.70","","+2.00%"
"Mar 18, 2008","3,257.53","3,188.08","3,257.53","3,188.08","","+2.58%"
"Mar 17, 2008","3,175.71","3,223.48","3,240.80","3,135.51","","-2.59%"
"Mar 14, 2008","3,260.31","3,333.04","3,360.39","3,246.45","","-1.82%"
"Mar 13, 2008","3,320.70","3,415.24","3,420.27","3,295.49","","-3.60%"
"Mar 12, 2008","3,444.85","3,518.15","3,579.31","3,426.16","","-0.60%"
"Mar 11, 2008","3,465.80","3,367.67","3,478.82","3,344.23","","+1.63%"
"Mar 10, 2008","3,410.22","3,446.89","3,483.02","3,399.82","","-1.84%"
"Mar 07, 2008","3,474.26","3,532.23","3,532.23","3,462.79","","-2.95%"
"Mar 06, 2008","3,579.82","3,509.40","3,597.79","3,506.64","","+3.17%"
"Mar 05, 2008","3,469.90","3,496.95","3,525.74","3,465.23","","-1.07%"
"Mar 04, 2008","3,507.59","3,531.87","3,545.23","3,470.82","","-0.50%"
"Mar 03, 2008","3,525.16","3,666.25","3,666.25","3,525.16","","-5.25%"
"Feb 29, 2008","3,720.43","3,760.81","3,764.79","3,690.49","","-2.59%"
"Feb 28, 2008","3,819.31","3,825.00","3,837.50","3,795.34","","-1.07%"
"Feb 27, 2008","3,860.49","3,830.21","3,877.71","3,830.21","","+2.27%"
"Feb 26, 2008","3,774.96","3,787.43","3,827.12","3,769.79","","+0.06%"
"Feb 25, 2008","3,772.86","3,713.48","3,784.18","3,699.17","","+2.78%"
"Feb 22, 2008","3,670.96","3,665.99","3,676.52","3,631.21","","-0.81%"
"Feb 21, 2008","3,701.07","3,713.47","3,722.93","3,654.24","","+0.65%"
"Feb 20, 2008","3,677.32","3,773.46","3,776.58","3,662.26","","-2.79%"
"Feb 19, 2008","3,782.80","3,768.05","3,807.37","3,766.57","","+1.22%"
"Feb 18, 2008","3,737.04","3,716.30","3,778.61","3,700.17","","+0.55%"
"Feb 15, 2008","3,716.67","3,683.40","3,723.99","3,629.59","","0.00%"
"Feb 14, 2008","3,716.78","3,606.85","3,720.78","3,597.31","","+4.54%"
"Feb 13, 2008","3,555.39","3,620.82","3,634.72","3,535.67","","-1.14%"
"Feb 12, 2008","3,596.27","3,630.40","3,669.41","3,593.77","","-1.18%"
"Feb 08, 2008","3,639.24","3,731.87","3,742.18","3,626.29","","-3.44%"
"Feb 07, 2008","3,768.83","3,695.99","3,797.82","3,695.99","","+2.99%"
"Feb 06, 2008","3,659.54","3,726.95","3,726.95","3,659.54","","-2.69%"
"Feb 05, 2008","3,760.71","3,875.91","3,875.91","3,725.54","","-3.44%"
"Feb 04, 2008","3,894.81","3,894.82","3,921.96","3,862.38","","+1.00%"
"Feb 01, 2008","3,856.19","3,856.76","3,885.62","3,812.80","","-0.59%"
"Jan 31, 2008","3,879.07","3,752.96","3,879.07","3,738.17","","+2.91%"
"Jan 30, 2008","3,769.39","3,802.34","3,837.10","3,739.10","","-0.73%"
"Jan 29, 2008","3,797.11","3,880.64","3,904.93","3,714.79","","-1.74%"
"Jan 28, 2008","3,864.26","4,088.67","4,092.00","3,864.23","","-6.63%"
"Jan 25, 2008","4,138.77","3,994.87","4,143.58","3,988.85","","+5.11%"
"Jan 24, 2008","3,937.44","3,905.96","3,967.44","3,891.36","","+1.75%"
"Jan 23, 2008","3,869.75","3,884.02","3,966.14","3,801.40","","+0.97%"
"Jan 22, 2008","3,832.39","3,950.76","3,950.84","3,811.37","","-4.45%"
"Jan 21, 2008","4,011.04","4,076.12","4,096.41","4,011.04","","-2.85%"
"Jan 18, 2008","4,128.63","4,048.81","4,145.05","3,992.83","","+0.43%"
"Jan 17, 2008","4,110.85","4,041.86","4,110.85","3,993.50","","+3.08%"
"Jan 16, 2008","3,988.08","4,137.41","4,137.41","3,986.90","","-5.02%"
"Jan 15, 2008","4,198.92","4,293.65","4,307.13","4,194.67","","-3.00%"
"Jan 11, 2008","4,328.62","4,420.41","4,420.41","4,326.62","","-2.28%"
"Jan 10, 2008","4,429.79","4,476.83","4,503.44","4,422.89","","-0.92%"
"Jan 09, 2008","4,470.76","4,365.84","4,474.82","4,341.95","","+1.42%"
"Jan 08, 2008","4,408.00","4,397.56","4,421.18","4,367.54","","-0.35%"
"Jan 07, 2008","4,423.45","4,437.27","4,457.66","4,410.40","","-0.87%"
"Jan 04, 2008","4,462.27","4,633.19","4,633.65","4,406.52","","-4.53%"
"Dec 28, 2007","4,673.88","4,709.33","4,720.50","4,657.35","","-1.59%"
"Dec 27, 2007","4,749.38","4,782.13","4,782.76","4,749.38","","-1.19%"
"Dec 26, 2007","4,806.68","4,790.87","4,808.20","4,773.61","","+0.55%"
"Dec 25, 2007","4,780.38","4,790.66","4,827.61","4,766.13","","+0.92%"
"Dec 21, 2007","4,736.66","4,611.89","4,746.65","4,605.12","","+2.82%"
"Dec 20, 2007","4,606.91","4,677.81","4,679.41","4,604.78","","-0.77%"
"Dec 19, 2007","4,642.49","4,664.54","4,712.39","4,642.49","","-0.56%"
"Dec 18, 2007","4,668.72","4,711.61","4,713.84","4,629.28","","-1.81%"
"Dec 17, 2007","4,754.74","4,776.39","4,848.45","4,750.16","","-1.07%"
"Dec 14, 2007","4,806.15","4,758.34","4,851.62","4,755.57","","+1.34%"
"Dec 13, 2007","4,742.43","4,813.48","4,825.00","4,742.32","","-2.25%"
"Dec 12, 2007","4,851.60","4,788.49","4,861.33","4,753.00","","-0.02%"
"Dec 11, 2007","4,852.36","4,829.60","4,875.91","4,822.16","","+0.12%"
"Dec 10, 2007","4,846.72","4,880.39","4,894.93","4,822.03","","-0.19%"
"Dec 07, 2007","4,855.90","4,903.32","4,917.50","4,852.02","","-0.14%"
"Dec 06, 2007","4,862.53","4,792.31","4,871.79","4,785.65","","+2.68%"
"Dec 05, 2007","4,735.61","4,636.39","4,750.72","4,617.26","","+2.20%"
"Dec 04, 2007","4,633.52","4,661.19","4,689.39","4,626.54","","-1.11%"
"Dec 03, 2007","4,685.65","4,708.95","4,735.36","4,671.43","","+0.13%"
"Nov 30, 2007","4,679.73","4,673.17","4,718.89","4,642.91","","+0.36%"
"Nov 29, 2007","4,663.00","4,645.99","4,701.21","4,645.13","","+1.62%"
"Nov 28, 2007","4,588.54","4,621.47","4,650.78","4,576.38","","-0.22%"
"Nov 27, 2007","4,598.66","4,546.58","4,619.59","4,462.31","","-0.19%"
"Nov 26, 2007","4,607.56","4,559.22","4,661.90","4,559.22","","+1.23%"
"Nov 22, 2007","4,551.42","4,505.26","4,584.02","4,468.19","","-0.29%"
"Nov 21, 2007","4,564.69","4,701.06","4,709.39","4,558.00","","-2.94%"
"Nov 20, 2007","4,702.89","4,547.90","4,711.94","4,475.71","","+2.61%"
"Nov 19, 2007","4,583.06","4,583.61","4,664.73","4,581.73","","+0.31%"
"Nov 16, 2007","4,569.05","4,602.41","4,603.84","4,542.71","","-1.86%"
"Nov 15, 2007","4,655.55","4,686.48","4,707.45","4,636.89","","-0.52%"
"Nov 14, 2007","4,679.93","4,672.46","4,705.76","4,651.81","","+1.38%"
"Nov 13, 2007","4,616.35","4,642.73","4,660.79","4,580.47","","-0.40%"
"Nov 12, 2007","4,634.84","4,738.95","4,740.27","4,582.81","","-3.53%"
"Nov 09, 2007","4,804.59","4,725.35","4,856.67","4,725.35","","+2.24%"
"Nov 08, 2007","4,699.47","4,735.80","4,735.80","4,656.64","","-1.92%"
"Nov 07, 2007","4,791.63","4,885.90","4,899.08","4,786.74","","-1.21%"
"Nov 06, 2007","4,850.51","4,806.71","4,870.93","4,805.62","","+0.25%"
"Nov 05, 2007","4,838.25","4,908.19","4,908.19","4,805.05","","-1.65%"
"Nov 02, 2007","4,919.27","4,953.09","4,964.83","4,889.51","","-1.70%"
"Nov 01, 2007","5,004.29","4,981.00","5,023.53","4,976.40","","+1.41%"
"Oct 31, 2007","4,934.62","4,896.72","4,939.97","4,877.84","","+0.66%"
"Oct 30, 2007","4,902.18","4,886.12","4,910.77","4,834.13","","-0.64%"
"Oct 29, 2007","4,933.74","4,924.31","4,965.93","4,917.48","","+0.59%"
"Oct 26, 2007","4,904.83","4,931.16","4,941.69","4,890.26","","-0.10%"
"Oct 25, 2007","4,909.79","4,863.47","4,950.78","4,863.47","","+0.93%"
"Oct 24, 2007","4,864.79","4,926.65","4,969.21","4,861.89","","-0.29%"
"Oct 23, 2007","4,878.85","4,882.64","4,916.12","4,849.77","","+0.14%"
"Oct 22, 2007","4,872.17","4,931.83","4,932.01","4,809.27","","-2.53%"
"Oct 19, 2007","4,998.80","5,066.39","5,071.96","4,971.80","","-2.34%"
"Oct 18, 2007","5,118.53","5,068.56","5,134.07","5,055.16","","+1.71%"
"Oct 17, 2007","5,032.71","5,046.02","5,070.31","4,987.67","","-0.24%"
"Oct 16, 2007","5,045.06","5,033.16","5,072.49","5,029.63","","-0.03%"
"Oct 15, 2007","5,046.69","5,023.72","5,057.84","5,004.88","","+0.45%"
"Oct 12, 2007","5,024.03","5,135.24","5,139.91","5,021.65","","-3.05%"
"Oct 11, 2007","5,181.89","5,066.38","5,185.21","5,066.38","","+2.47%"
"Oct 10, 2007","5,056.78","5,035.52","5,090.07","5,022.67","","+0.55%"
"Oct 09, 2007","5,029.00","5,024.38","5,089.37","5,023.09","","+0.91%"
"Oct 05, 2007","4,983.50","4,973.16","5,011.45","4,960.57","","+0.16%"
"Oct 04, 2007","4,975.73","4,956.46","4,989.71","4,951.54","","-0.66%"
"Oct 03, 2007","5,008.82","5,004.80","5,039.67","4,982.64","","+0.37%"
"Oct 02, 2007","4,990.22","4,969.47","5,006.44","4,966.53","","+1.60%"
"Oct 01, 2007","4,911.47","4,941.23","4,967.29","4,884.33","","-0.52%"
"Sep 28, 2007","4,937.00","4,974.22","4,980.37","4,910.01","","-0.74%"
"Sep 27, 2007","4,973.87","4,891.99","4,980.83","4,890.67","","+2.29%"
"Sep 26, 2007","4,862.38","4,826.03","4,874.19","4,825.27","","+0.84%"
"Sep 25, 2007","4,821.67","4,814.49","4,826.42","4,769.09","","+0.70%"
"Sep 21, 2007","4,788.34","4,813.11","4,813.74","4,749.51","","-1.61%"
"Sep 20, 2007","4,866.58","4,869.90","4,888.83","4,845.02","","+0.06%"
"Sep 19, 2007","4,863.72","4,773.10","4,866.38","4,772.68","","+3.28%"
"Sep 18, 2007","4,709.37","4,793.57","4,793.57","4,696.53","","-1.80%"
"Sep 14, 2007","4,795.53","4,743.75","4,799.15","4,721.56","","+1.84%"
"Sep 13, 2007","4,708.87","4,741.76","4,761.36","4,707.72","","-0.14%"
"Sep 12, 2007","4,715.40","4,747.24","4,782.09","4,687.93","","-0.84%"
"Sep 11, 2007","4,755.45","4,662.41","4,774.39","4,653.88","","+2.58%"
"Sep 10, 2007","4,635.96","4,663.33","4,677.97","4,576.41","","-1.78%"
"Sep 07, 2007","4,720.10","4,782.85","4,794.34","4,695.28","","-1.67%"
"Sep 06, 2007","4,800.46","4,709.84","4,800.46","4,674.59","","+1.19%"
"Sep 05, 2007","4,744.06","4,837.12","4,853.70","4,743.57","","-1.41%"
"Sep 04, 2007","4,812.03","4,816.33","4,849.54","4,797.82","","-0.63%"
"Sep 03, 2007","4,842.30","4,841.90","4,869.77","4,817.71","","-0.85%"
"Aug 31, 2007","4,883.80","4,797.21","4,886.44","4,784.40","","+2.48%"
"Aug 30, 2007","4,765.55","4,745.80","4,807.11","4,745.80","","+1.70%"
"Aug 29, 2007","4,685.98","4,717.92","4,717.92","4,626.77","","-1.88%"
"Aug 28, 2007","4,775.79","4,713.15","4,784.29","4,704.88","","+0.70%"
"Aug 27, 2007","4,742.73","4,782.32","4,794.12","4,727.87","","+0.29%"
"Aug 24, 2007","4,728.96","4,753.59","4,760.59","4,711.55","","-0.40%"
"Aug 23, 2007","4,747.97","4,667.61","4,757.13","4,667.43","","+3.13%"
"Aug 22, 2007","4,603.81","4,568.45","4,655.76","4,561.79","","-0.38%"
"Aug 21, 2007","4,621.16","4,519.65","4,664.53","4,516.12","","+3.20%"
"Aug 20, 2007","4,477.75","4,325.49","4,550.90","4,325.49","","+4.93%"
"Aug 17, 2007","4,267.24","4,529.32","4,529.32","4,247.54","","-6.88%"
"Aug 16, 2007","4,582.76","4,690.77","4,690.82","4,531.39","","-3.24%"
"Aug 15, 2007","4,736.15","4,824.80","4,831.75","4,724.59","","-3.15%"
"Aug 14, 2007","4,890.23","4,859.64","4,903.82","4,822.19","","+0.85%"
"Aug 13, 2007","4,849.18","4,815.28","4,918.44","4,781.64","","+0.60%"
"Aug 10, 2007","4,820.09","4,920.67","4,920.78","4,782.62","","-3.35%"
"Aug 09, 2007","4,987.17","5,028.00","5,060.73","4,987.17","","-0.21%"
"Aug 08, 2007","4,997.48","4,921.96","5,006.90","4,921.38","","+1.14%"
"Aug 07, 2007","4,941.38","4,930.74","4,967.53","4,913.90","","+1.33%"
"Aug 06, 2007","4,876.64","4,844.44","4,898.43","4,791.34","","-0.21%"
"Aug 03, 2007","4,886.96","4,897.97","4,938.15","4,880.71","","-0.14%"
"Aug 02, 2007","4,893.88","4,891.33","4,897.27","4,789.20","","+0.80%"
"Aug 01, 2007","4,855.27","4,900.71","4,946.23","4,845.25","","-1.21%"
"Jul 31, 2007","4,914.52","4,817.74","4,950.85","4,817.74","","+3.05%"
"Jul 30, 2007","4,769.28","4,709.01","4,773.52","4,686.35","","+0.55%"
"Jul 27, 2007","4,743.19","4,827.25","4,837.01","4,721.82","","-2.68%"
"Jul 26, 2007","4,873.58","4,790.16","4,901.55","4,788.42","","+1.91%"
"Jul 25, 2007","4,782.16","4,767.54","4,789.44","4,741.47","","-0.86%"
"Jul 24, 2007","4,823.88","4,834.67","4,845.03","4,788.11","","-0.03%"
"Jul 23, 2007","4,825.16","4,870.53","4,872.26","4,816.37","","-1.94%"
"Jul 20, 2007","4,920.57","4,953.37","4,999.51","4,856.09","","-0.45%"
"Jul 19, 2007","4,943.02","4,967.65","4,983.44","4,912.71","","+0.12%"
"Jul 18, 2007","4,937.12","4,958.75","4,967.09","4,914.52","","-0.50%"
"Jul 17, 2007","4,962.00","4,984.53","4,984.53","4,941.12","","-0.19%"
"Jul 13, 2007","4,971.23","4,976.16","4,989.94","4,959.68","","+0.81%"
"Jul 12, 2007","4,931.29","4,950.82","4,987.11","4,918.45","","+0.09%"
"Jul 11, 2007","4,926.69","4,955.56","4,957.28","4,913.48","","-1.65%"
"Jul 10, 2007","5,009.21","5,027.82","5,034.27","4,995.94","","-0.66%"
"Jul 09, 2007","5,042.70","4,990.69","5,062.32","4,990.69","","+1.96%"
"Jul 06, 2007","4,945.75","4,944.06","4,948.95","4,922.56","","+0.07%"
"Jul 05, 2007","4,942.49","4,914.59","4,965.60","4,913.96","","+1.18%"
"Jul 04, 2007","4,884.64","4,895.88","4,908.83","4,882.78","","-0.16%"
"Jul 03, 2007","4,892.45","4,884.55","4,928.27","4,881.92","","+0.29%"
"Jul 02, 2007","4,878.23","4,883.29","4,894.97","4,860.15","","-0.02%"
"Jun 29, 2007","4,879.00","4,819.21","4,881.64","4,819.21","","+1.64%"
"Jun 28, 2007","4,800.45","4,817.40","4,829.15","4,790.78","","-0.34%"
"Jun 27, 2007","4,816.79","4,863.17","4,865.84","4,813.87","","-1.36%"
"Jun 26, 2007","4,883.21","4,905.09","4,921.44","4,871.81","","-0.28%"
"Jun 25, 2007","4,896.84","4,862.60","4,932.65","4,846.15","","+0.29%"
"Jun 22, 2007","4,882.77","4,913.14","4,921.88","4,861.46","","-1.07%"
"Jun 21, 2007","4,935.71","4,883.58","4,945.65","4,881.11","","+0.77%"
"Jun 20, 2007","4,898.10","4,853.50","4,914.76","4,846.73","","+0.59%"
"Jun 19, 2007","4,869.26","4,842.51","4,873.71","4,839.77","","+0.51%"
"Jun 18, 2007","4,844.36","4,815.44","4,859.82","4,815.44","","+1.43%"
"Jun 15, 2007","4,775.99","4,758.22","4,783.84","4,744.84","","+0.84%"
"Jun 14, 2007","4,736.06","4,739.81","4,755.01","4,727.04","","+0.51%"
"Jun 13, 2007","4,712.07","4,658.72","4,728.60","4,641.77","","+0.30%"
"Jun 12, 2007","4,697.96","4,665.47","4,703.19","4,664.58","","+0.49%"
"Jun 11, 2007","4,674.94","4,636.29","4,698.01","4,629.39","","+1.85%"
"Jun 08, 2007","4,589.89","4,603.05","4,603.05","4,560.61","","-0.74%"
"Jun 07, 2007","4,624.05","4,571.63","4,630.09","4,568.67","","+0.17%"
"Jun 06, 2007","4,616.29","4,616.54","4,628.60","4,607.20","","-0.46%"
"Jun 05, 2007","4,637.68","4,641.09","4,652.79","4,618.78","","+0.22%"
"Jun 04, 2007","4,627.58","4,652.98","4,665.30","4,624.73","","+0.04%"
"Jun 01, 2007","4,625.54","4,637.10","4,648.26","4,617.91","","+0.17%"
"May 31, 2007","4,617.69","4,586.99","4,629.64","4,585.79","","+1.23%"
"May 30, 2007","4,561.46","4,563.78","4,587.03","4,536.48","","+0.27%"
"May 29, 2007","4,549.14","4,519.96","4,554.89","4,491.47","","0.00%"
"May 28, 2007","4,549.20","4,544.13","4,561.50","4,533.43","","+0.12%"
"May 25, 2007","4,543.72","4,541.34","4,549.88","4,508.60","","-0.94%"
"May 24, 2007","4,586.65","4,575.05","4,606.86","4,559.61","","+0.26%"
"May 23, 2007","4,574.75","4,554.35","4,596.99","4,549.61","","+0.68%"
"May 22, 2007","4,543.94","4,521.79","4,557.43","4,497.97","","+0.72%"
"May 21, 2007","4,511.41","4,477.27","4,519.94","4,474.96","","+1.41%"
"May 18, 2007","4,448.60","4,498.23","4,498.81","4,437.57","","-1.18%"
"May 17, 2007","4,501.86","4,506.81","4,547.30","4,495.53","","+0.52%"
"May 16, 2007","4,478.54","4,433.69","4,483.30","4,423.66","","+1.04%"
"May 15, 2007","4,432.66","4,471.28","4,476.12","4,422.45","","-1.27%"
"May 14, 2007","4,489.56","4,473.38","4,513.11","4,466.37","","+0.54%"
"May 11, 2007","4,465.60","4,451.58","4,476.78","4,443.50","","+0.15%"
"May 10, 2007","4,458.94","4,464.79","4,467.96","4,443.55","","+0.21%"
"May 09, 2007","4,449.72","4,383.39","4,449.72","4,376.11","","+1.38%"
"May 08, 2007","4,389.34","4,389.55","4,410.08","4,382.35","","+0.32%"
"May 07, 2007","4,375.23","4,353.98","4,390.91","4,348.43","","+1.35%"
"May 02, 2007","4,316.96","4,312.17","4,325.90","4,282.00","","+0.23%"
"May 01, 2007","4,307.25","4,342.09","4,343.06","4,302.06","","-0.60%"
"Apr 27, 2007","4,333.12","4,315.79","4,362.78","4,305.30","","+0.38%"
"Apr 26, 2007","4,316.51","4,300.18","4,335.18","4,296.26","","+1.03%"
"Apr 25, 2007","4,272.31","4,347.32","4,347.32","4,263.75","","-1.96%"
"Apr 24, 2007","4,357.83","4,374.36","4,393.09","4,349.78","","-1.03%"
"Apr 23, 2007","4,403.16","4,463.41","4,474.33","4,387.76","","-1.40%"
"Apr 20, 2007","4,465.51","4,455.92","4,471.43","4,440.32","","+1.00%"
"Apr 19, 2007","4,421.49","4,451.61","4,457.70","4,398.23","","-0.69%"
"Apr 18, 2007","4,452.43","4,419.76","4,471.04","4,407.57","","+1.07%"
"Apr 17, 2007","4,405.12","4,442.21","4,468.90","4,380.60","","-0.18%"
"Apr 16, 2007","4,413.10","4,374.56","4,440.09","4,374.30","","+1.73%"
"Apr 13, 2007","4,337.92","4,410.66","4,421.33","4,330.15","","-0.90%"
"Apr 12, 2007","4,377.42","4,403.29","4,406.83","4,360.80","","-1.40%"
"Apr 11, 2007","4,439.66","4,451.73","4,469.44","4,424.89","","-0.50%"
"Apr 10, 2007","4,461.80","4,468.82","4,482.22","4,444.03","","-1.03%"
"Apr 09, 2007","4,508.30","4,443.06","4,519.11","4,443.06","","+1.69%"
"Apr 06, 2007","4,433.48","4,425.39","4,440.08","4,423.31","","+0.74%"
"Apr 05, 2007","4,400.71","4,374.16","4,410.30","4,367.60","","+0.41%"
"Apr 04, 2007","4,382.64","4,360.02","4,400.70","4,352.24","","+1.20%"
"Apr 03, 2007","4,330.84","4,278.96","4,330.88","4,277.69","","+2.21%"
"Apr 02, 2007","4,237.37","4,290.29","4,322.16","4,233.55","","-0.52%"
"Mar 30, 2007","4,259.39","4,293.80","4,301.77","4,248.98","","-0.08%"
"Mar 29, 2007","4,262.75","4,233.88","4,276.52","4,206.79","","-0.23%"
"Mar 28, 2007","4,272.72","4,311.39","4,336.88","4,262.08","","-1.19%"
"Mar 27, 2007","4,324.15","4,324.27","4,361.37","4,299.93","","-1.12%"
"Mar 26, 2007","4,373.29","4,385.52","4,389.89","4,358.31","","+0.07%"
"Mar 23, 2007","4,370.02","4,368.99","4,380.42","4,341.56","","+0.61%"
"Mar 22, 2007","4,343.66","4,331.60","4,354.67","4,331.60","","+1.36%"
"Mar 20, 2007","4,285.20","4,253.06","4,298.44","4,248.01","","+1.74%"
"Mar 19, 2007","4,211.75","4,149.66","4,218.70","4,149.60","","+1.38%"
"Mar 16, 2007","4,154.52","4,191.88","4,207.35","4,146.63","","-1.35%"
"Mar 15, 2007","4,211.29","4,194.05","4,225.59","4,178.29","","+1.25%"
"Mar 14, 2007","4,159.46","4,200.63","4,201.16","4,139.48","","-2.30%"
"Mar 13, 2007","4,257.51","4,271.08","4,280.80","4,250.62","","-0.58%"
"Mar 12, 2007","4,282.25","4,293.57","4,298.44","4,256.09","","+0.28%"
"Mar 09, 2007","4,270.44","4,279.07","4,296.07","4,256.81","","-0.06%"
"Mar 08, 2007","4,272.80","4,188.77","4,274.43","4,175.48","","+1.72%"
"Mar 07, 2007","4,200.75","4,274.34","4,274.34","4,194.45","","-0.84%"
"Mar 06, 2007","4,236.44","4,150.18","4,245.14","4,150.18","","+1.87%"
"Mar 05, 2007","4,158.86","4,249.49","4,249.49","4,147.60","","-3.10%"
"Mar 02, 2007","4,291.93","4,324.26","4,326.88","4,282.79","","-1.25%"
"Mar 01, 2007","4,346.27","4,398.90","4,405.57","4,326.38","","-0.86%"
"Feb 28, 2007","4,383.89","4,461.05","4,461.05","4,317.70","","-3.03%"
"Feb 27, 2007","4,520.72","4,552.87","4,558.92","4,520.72","","-0.46%"
"Feb 26, 2007","4,541.57","4,553.00","4,564.86","4,525.72","","0.00%"
"Feb 23, 2007","4,541.39","4,565.12","4,571.66","4,531.27","","-0.38%"
"Feb 22, 2007","4,558.67","4,510.89","4,565.92","4,510.89","","+1.85%"
"Feb 21, 2007","4,475.80","4,495.17","4,499.19","4,465.18","","-0.46%"
"Feb 20, 2007","4,496.51","4,500.72","4,503.35","4,468.28","","-0.05%"
"Feb 19, 2007","4,498.87","4,475.03","4,510.12","4,463.49","","+0.22%"
"Feb 16, 2007","4,488.90","4,469.88","4,493.64","4,452.20","","+0.66%"
"Feb 15, 2007","4,459.35","4,472.41","4,480.02","4,451.00","","+0.50%"
"Feb 14, 2007","4,437.09","4,428.04","4,449.23","4,423.12","","+0.54%"
"Feb 13, 2007","4,413.25","4,414.79","4,434.35","4,392.32","","+0.04%"
"Feb 09, 2007","4,411.36","4,374.90","4,418.32","4,367.66","","+0.95%"
"Feb 08, 2007","4,369.67","4,372.53","4,397.68","4,360.51","","+0.57%"
"Feb 07, 2007","4,344.79","4,394.77","4,398.39","4,336.65","","-1.95%"
"Feb 06, 2007","4,431.35","4,409.40","4,461.08","4,408.10","","+1.03%"
"Feb 05, 2007","4,386.23","4,449.60","4,449.60","4,365.14","","-1.23%"
"Feb 02, 2007","4,441.07","4,495.25","4,506.10","4,437.56","","-0.80%"
"Feb 01, 2007","4,477.05","4,495.35","4,523.10","4,472.28","","-0.41%"
"Jan 31, 2007","4,495.41","4,493.47","4,518.75","4,478.05","","+0.51%"
"Jan 30, 2007","4,472.45","4,467.52","4,499.21","4,460.86","","+0.76%"
"Jan 29, 2007","4,438.77","4,419.11","4,464.43","4,406.45","","+0.07%"
"Jan 26, 2007","4,435.49","4,451.31","4,457.44","4,409.62","","-0.50%"
"Jan 25, 2007","4,457.80","4,518.83","4,518.83","4,450.08","","-0.79%"
"Jan 24, 2007","4,493.17","4,501.75","4,523.46","4,483.03","","-0.06%"
"Jan 23, 2007","4,495.67","4,495.47","4,501.41","4,471.56","","-0.74%"
"Jan 22, 2007","4,529.09","4,570.14","4,593.40","4,513.33","","-0.74%"
"Jan 19, 2007","4,562.86","4,595.82","4,599.37","4,552.93","","-1.52%"
"Jan 18, 2007","4,633.37","4,583.55","4,640.06","4,581.95","","+0.98%"
"Jan 17, 2007","4,588.47","4,553.15","4,601.09","4,516.73","","+0.53%"
"Jan 16, 2007","4,564.11","4,556.24","4,601.61","4,556.04","","+0.24%"
"Jan 15, 2007","4,553.07","4,517.24","4,560.20","4,514.24","","+1.47%"
"Jan 12, 2007","4,487.27","4,452.35","4,515.10","4,431.37","","+1.56%"
"Jan 11, 2007","4,418.38","4,444.03","4,471.14","4,389.47","","-0.29%"
"Jan 10, 2007","4,431.09","4,501.43","4,506.41","4,412.77","","-1.81%"
"Jan 09, 2007","4,512.75","4,452.88","4,519.04","4,432.19","","+0.88%"
"Jan 05, 2007","4,473.22","4,556.17","4,559.92","4,453.20","","-1.87%"
"Jan 04, 2007","4,558.46","4,547.78","4,561.75","4,529.23","","+0.93%"
"Dec 29, 2006","4,516.67","4,522.60","4,536.56","4,516.67","","-0.37%"
"Dec 28, 2006","4,533.56","4,538.49","4,547.33","4,520.01","","+0.40%"
"Dec 27, 2006","4,515.57","4,512.41","4,527.05","4,505.86","","+0.33%"
"Dec 26, 2006","4,500.93","4,491.24","4,506.19","4,480.06","","-0.04%"
"Dec 25, 2006","4,502.67","4,482.30","4,508.76","4,470.43","","+0.62%"
"Dec 22, 2006","4,475.07","4,472.25","4,520.58","4,456.28","","+0.15%"
"Dec 21, 2006","4,468.48","4,435.56","4,478.52","4,420.95","","+0.91%"
"Dec 20, 2006","4,428.18","4,433.33","4,437.24","4,408.42","","+0.12%"
"Dec 19, 2006","4,423.09","4,462.43","4,477.73","4,417.38","","-1.14%"
"Dec 18, 2006","4,474.05","4,476.57","4,487.78","4,460.54","","+0.60%"
"Dec 15, 2006","4,447.33","4,452.09","4,462.07","4,432.34","","+0.67%"
"Dec 14, 2006","4,417.92","4,399.67","4,419.37","4,390.81","","+0.72%"
"Dec 13, 2006","4,386.27","4,353.27","4,391.40","4,338.96","","+0.37%"
"Dec 12, 2006","4,370.20","4,401.52","4,401.52","4,354.43","","+0.03%"
"Dec 11, 2006","4,368.74","4,357.41","4,392.98","4,347.34","","+0.62%"
"Dec 08, 2006","4,341.87","4,352.73","4,366.14","4,333.04","","-1.01%"
"Dec 07, 2006","4,386.25","4,372.23","4,397.35","4,362.47","","+1.02%"
"Dec 06, 2006","4,342.04","4,334.57","4,355.76","4,291.82","","-0.13%"
"Dec 05, 2006","4,347.80","4,410.39","4,423.19","4,347.80","","-0.63%"
"Dec 04, 2006","4,375.30","4,370.22","4,394.64","4,344.46","","+0.30%"
"Dec 01, 2006","4,362.16","4,388.36","4,393.60","4,349.44","","-0.10%"
"Nov 30, 2006","4,366.38","4,359.89","4,377.03","4,332.95","","+0.79%"
"Nov 29, 2006","4,332.37","4,310.65","4,340.69","4,303.05","","+1.33%"
"Nov 28, 2006","4,275.42","4,254.03","4,283.63","4,215.66","","-0.63%"
"Nov 27, 2006","4,302.39","4,182.32","4,307.87","4,182.32","","+2.11%"
"Nov 24, 2006","4,213.35","4,224.77","4,226.16","4,164.77","","-1.20%"
"Nov 22, 2006","4,264.73","4,210.91","4,264.73","4,206.11","","+0.75%"
"Nov 21, 2006","4,232.87","4,255.96","4,280.50","4,226.03","","+0.04%"
"Nov 20, 2006","4,231.12","4,323.62","4,338.23","4,231.12","","-2.51%"
"Nov 17, 2006","4,339.90","4,363.12","4,386.70","4,325.66","","-0.16%"
"Nov 16, 2006","4,346.75","4,401.32","4,412.24","4,336.87","","-1.17%"
"Nov 15, 2006","4,398.28","4,409.24","4,436.30","4,398.28","","+0.61%"
"Nov 14, 2006","4,371.49","4,338.50","4,394.74","4,335.64","","+2.00%"
"Nov 13, 2006","4,285.81","4,261.38","4,307.87","4,248.72","","+0.58%"
"Nov 10, 2006","4,261.00","4,284.05","4,307.80","4,254.96","","-1.03%"
"Nov 09, 2006","4,305.14","4,336.12","4,352.70","4,280.27","","-0.80%"
"Nov 08, 2006","4,339.89","4,411.90","4,416.26","4,320.48","","-1.58%"
"Nov 07, 2006","4,409.41","4,461.33","4,461.91","4,395.24","","-0.18%"
"Nov 06, 2006","4,417.35","4,389.24","4,427.19","4,363.78","","+0.37%"
"Nov 02, 2006","4,401.17","4,388.83","4,402.27","4,368.20","","-0.25%"
"Nov 01, 2006","4,412.39","4,400.42","4,427.83","4,367.18","","-0.06%"
"Oct 31, 2006","4,414.86","4,403.57","4,433.48","4,381.66","","+0.63%"
"Oct 30, 2006","4,387.43","4,490.05","4,496.01","4,382.40","","-3.05%"
"Oct 27, 2006","4,525.34","4,548.72","4,556.46","4,506.11","","-0.45%"
"Oct 26, 2006","4,545.74","4,515.81","4,550.34","4,506.60","","+1.15%"
"Oct 25, 2006","4,494.18","4,507.59","4,516.57","4,483.40","","-0.13%"
"Oct 24, 2006","4,500.14","4,517.95","4,529.73","4,489.55","","-0.11%"
"Oct 23, 2006","4,505.14","4,448.40","4,521.34","4,436.87","","+1.54%"
"Oct 20, 2006","4,436.64","4,416.73","4,474.74","4,415.42","","+0.10%"
"Oct 19, 2006","4,432.24","4,504.19","4,519.33","4,410.21","","-2.10%"
"Oct 18, 2006","4,527.52","4,495.90","4,533.43","4,474.53","","+0.73%"
"Oct 17, 2006","4,494.58","4,519.63","4,519.63","4,480.78","","-0.28%"
"Oct 16, 2006","4,507.04","4,483.47","4,536.99","4,474.61","","+1.20%"
"Oct 13, 2006","4,453.44","4,462.67","4,483.38","4,453.44","","+0.52%"
"Oct 12, 2006","4,430.52","4,443.39","4,466.87","4,429.20","","-0.41%"
"Oct 11, 2006","4,448.95","4,485.08","4,514.01","4,447.72","","-0.03%"
"Oct 10, 2006","4,450.37","4,389.56","4,501.91","4,386.67","","+0.52%"
"Oct 06, 2006","4,427.52","4,414.63","4,427.52","4,397.97","","-0.30%"
"Oct 05, 2006","4,440.85","4,387.19","4,453.25","4,375.49","","+2.60%"
"Oct 04, 2006","4,328.20","4,396.95","4,417.10","4,299.33","","-1.65%"
"Oct 03, 2006","4,400.77","4,364.16","4,410.07","4,353.58","","+0.39%"
"Oct 02, 2006","4,383.89","4,326.68","4,401.82","4,321.25","","+1.45%"
"Sep 29, 2006","4,321.05","4,307.46","4,321.17","4,290.21","","+0.65%"
"Sep 28, 2006","4,293.12","4,254.43","4,295.64","4,254.43","","+1.36%"
"Sep 27, 2006","4,235.58","4,172.04","4,235.58","4,172.04","","+2.33%"
"Sep 26, 2006","4,139.15","4,166.97","4,179.71","4,116.28","","-0.77%"
"Sep 25, 2006","4,171.42","4,154.42","4,194.89","4,136.44","","+0.49%"
"Sep 22, 2006","4,151.18","4,154.19","4,180.68","4,144.89","","-0.84%"
"Sep 21, 2006","4,186.54","4,153.36","4,192.84","4,139.38","","+1.82%"
"Sep 20, 2006","4,111.58","4,110.19","4,136.82","4,086.91","","-0.85%"
"Sep 19, 2006","4,146.99","4,148.48","4,202.08","4,143.84","","+1.10%"
"Sep 15, 2006","4,101.74","4,111.51","4,133.53","4,080.87","","-0.01%"
"Sep 14, 2006","4,102.08","4,086.76","4,125.68","4,082.87","","+0.87%"
"Sep 13, 2006","4,066.54","4,094.23","4,117.52","4,065.42","","+0.41%"
"Sep 12, 2006","4,049.90","4,101.22","4,114.04","4,047.86","","-0.42%"
"Sep 11, 2006","4,067.16","4,144.80","4,151.80","4,067.16","","-1.70%"
"Sep 08, 2006","4,137.51","4,132.06","4,153.17","4,095.89","","+0.21%"
"Sep 07, 2006","4,128.98","4,163.24","4,171.03","4,120.59","","-1.93%"
"Sep 06, 2006","4,210.03","4,231.93","4,231.93","4,192.19","","-0.52%"
"Sep 05, 2006","4,231.87","4,236.21","4,239.27","4,211.21","","-0.19%"
"Sep 04, 2006","4,239.74","4,208.72","4,261.49","4,208.72","","+1.60%"
"Sep 01, 2006","4,173.05","4,168.47","4,182.31","4,150.75","","-0.08%"
"Aug 31, 2006","4,176.28","4,112.16","4,208.73","4,110.25","","+1.50%"
"Aug 30, 2006","4,114.40","4,123.40","4,144.24","4,095.17","","-0.01%"
"Aug 29, 2006","4,114.89","4,115.44","4,121.97","4,091.65","","+0.93%"
"Aug 28, 2006","4,076.99","4,142.08","4,149.63","4,068.78","","-1.95%"
"Aug 25, 2006","4,158.15","4,117.79","4,191.40","4,116.85","","+1.09%"
"Aug 24, 2006","4,113.24","4,155.19","4,158.44","4,105.51","","-1.53%"
"Aug 23, 2006","4,177.29","4,187.87","4,204.20","4,166.77","","-0.65%"
"Aug 22, 2006","4,204.56","4,112.04","4,208.82","4,112.04","","+1.99%"
"Aug 21, 2006","4,122.63","4,164.30","4,183.72","4,120.94","","-1.18%"
"Aug 18, 2006","4,172.05","4,158.24","4,186.75","4,135.41","","+0.63%"
"Aug 17, 2006","4,146.07","4,192.58","4,207.55","4,146.07","","-0.47%"
"Aug 16, 2006","4,165.49","4,150.35","4,173.61","4,139.05","","+1.44%"
"Aug 15, 2006","4,106.29","4,091.78","4,115.03","4,070.27","","+0.28%"
"Aug 14, 2006","4,094.71","4,025.89","4,097.79","4,018.41","","+1.98%"
"Aug 11, 2006","4,015.23","4,037.04","4,044.65","4,009.70","","-1.22%"
"Aug 10, 2006","4,064.94","4,020.47","4,077.89","4,017.37","","+1.38%"
"Aug 09, 2006","4,009.57","3,979.08","4,009.57","3,910.88","","+0.86%"
"Aug 08, 2006","3,975.46","3,910.77","3,975.46","3,903.54","","+2.32%"
"Aug 07, 2006","3,885.22","3,977.56","3,980.53","3,885.22","","-2.67%"
"Aug 04, 2006","3,991.90","4,010.77","4,023.36","3,966.14","","-0.05%"
"Aug 03, 2006","3,993.75","3,987.43","3,999.81","3,977.83","","+0.58%"
"Aug 02, 2006","3,970.69","3,958.66","3,972.46","3,945.10","","+0.47%"
"Aug 01, 2006","3,952.00","3,988.54","3,995.39","3,936.91","","-0.82%"
"Jul 31, 2006","3,984.78","4,004.33","4,027.97","3,984.23","","+0.31%"
"Jul 28, 2006","3,972.53","3,943.55","3,975.80","3,933.26","","+1.15%"
"Jul 27, 2006","3,927.47","3,886.98","3,927.47","3,860.17","","+1.22%"
"Jul 26, 2006","3,880.12","3,889.52","3,914.31","3,859.67","","-0.87%"
"Jul 25, 2006","3,914.16","3,878.73","3,931.45","3,874.65","","+2.09%"
"Jul 24, 2006","3,833.87","3,808.42","3,850.73","3,775.44","","+0.35%"
"Jul 21, 2006","3,820.60","3,808.21","3,849.66","3,799.04","","-0.12%"
"Jul 20, 2006","3,825.22","3,735.82","3,829.78","3,730.90","","+3.83%"
"Jul 19, 2006","3,684.09","3,631.02","3,696.30","3,608.26","","+2.52%"
"Jul 18, 2006","3,593.48","3,670.05","3,672.14","3,592.43","","-2.96%"
"Jul 14, 2006","3,703.26","3,721.21","3,734.98","3,679.83","","-1.03%"
"Jul 13, 2006","3,741.96","3,785.00","3,792.21","3,733.33","","-2.41%"
"Jul 12, 2006","3,834.45","3,886.92","3,903.36","3,818.19","","-1.78%"
"Jul 11, 2006","3,904.09","3,924.07","3,927.82","3,877.43","","-1.20%"
"Jul 10, 2006","3,951.31","3,902.09","3,953.24","3,844.55","","+0.12%"
"Jul 07, 2006","3,946.44","3,975.72","3,984.30","3,933.55","","+0.16%"
"Jul 06, 2006","3,940.07","3,947.15","3,963.89","3,925.94","","-0.55%"
"Jul 05, 2006","3,961.82","3,953.27","3,978.15","3,940.12","","-0.85%"
"Jul 04, 2006","3,995.60","4,010.95","4,013.07","3,970.83","","+0.36%"
"Jul 03, 2006","3,981.13","3,992.32","3,993.42","3,971.10","","+0.17%"
"Jun 30, 2006","3,974.38","3,939.82","3,983.56","3,938.72","","+2.16%"
"Jun 29, 2006","3,890.30","3,847.31","3,918.88","3,847.31","","+1.74%"
"Jun 28, 2006","3,823.76","3,812.23","3,840.27","3,788.12","","-1.01%"
"Jun 27, 2006","3,862.87","3,877.49","3,878.75","3,837.26","","-0.14%"
"Jun 26, 2006","3,868.40","3,872.79","3,879.29","3,832.02","","-0.33%"
"Jun 23, 2006","3,881.20","3,858.40","3,884.20","3,819.31","","-0.44%"
"Jun 22, 2006","3,898.43","3,819.69","3,898.43","3,817.39","","+2.94%"
"Jun 21, 2006","3,787.22","3,820.28","3,831.68","3,756.81","","-0.48%"
"Jun 20, 2006","3,805.64","3,834.41","3,849.14","3,794.09","","-1.38%"
"Jun 19, 2006","3,858.83","3,865.64","3,876.44","3,825.52","","-0.32%"
"Jun 16, 2006","3,871.22","3,795.99","3,887.59","3,795.99","","+3.37%"
"Jun 15, 2006","3,745.17","3,699.25","3,763.64","3,699.25","","+2.25%"
"Jun 14, 2006","3,662.83","3,622.48","3,713.50","3,591.83","","+0.11%"
"Jun 13, 2006","3,658.65","3,769.74","3,769.74","3,653.38","","-4.22%"
"Jun 12, 2006","3,819.75","3,813.94","3,830.94","3,786.28","","-0.41%"
"Jun 09, 2006","3,835.61","3,812.58","3,877.85","3,755.08","","+0.74%"
"Jun 08, 2006","3,807.37","3,885.92","3,898.91","3,775.88","","-2.96%"
"Jun 07, 2006","3,923.69","4,012.93","4,043.05","3,920.51","","-2.28%"
"Jun 06, 2006","4,015.18","4,046.17","4,046.41","4,006.15","","-1.78%"
"Jun 05, 2006","4,087.83","4,125.07","4,125.07","4,075.82","","-1.39%"
"Jun 02, 2006","4,145.39","4,109.73","4,145.39","4,039.32","","+1.63%"
"Jun 01, 2006","4,078.92","4,125.75","4,139.25","4,065.12","","-0.40%"
"May 31, 2006","4,095.37","4,132.40","4,133.88","4,084.57","","-1.87%"
"May 30, 2006","4,173.33","4,185.39","4,193.66","4,161.68","","-0.33%"
"May 29, 2006","4,187.25","4,244.47","4,246.70","4,182.10","","-0.73%"
"May 26, 2006","4,218.19","4,153.83","4,218.19","4,148.81","","+2.43%"
"May 25, 2006","4,118.25","4,149.78","4,150.78","4,105.62","","-1.06%"
"May 24, 2006","4,162.46","4,119.92","4,162.46","4,074.96","","+1.77%"
"May 23, 2006","4,090.11","4,128.31","4,143.89","4,090.11","","-1.64%"
"May 22, 2006","4,158.51","4,265.39","4,297.87","4,151.42","","-1.43%"
"May 19, 2006","4,218.63","4,175.96","4,219.99","4,154.14","","+1.22%"
"May 18, 2006","4,167.76","4,171.97","4,186.77","4,122.60","","-1.39%"
"May 17, 2006","4,226.71","4,163.12","4,230.93","4,156.11","","+2.28%"
"May 16, 2006","4,132.44","4,193.07","4,259.36","4,129.95","","-1.03%"
"May 15, 2006","4,175.61","4,168.14","4,195.02","4,143.40","","-0.93%"
"May 12, 2006","4,214.70","4,248.76","4,248.76","4,164.19","","-1.91%"
"May 11, 2006","4,296.61","4,272.38","4,328.29","4,269.61","","+0.82%"
"May 10, 2006","4,261.82","4,326.30","4,326.47","4,246.44","","-1.58%"
"May 09, 2006","4,330.15","4,319.53","4,349.90","4,310.50","","+0.22%"
"May 08, 2006","4,320.74","4,357.80","4,378.86","4,319.51","","+0.07%"
"May 02, 2006","4,317.64","4,268.57","4,318.58","4,260.66","","+1.24%"
"May 01, 2006","4,264.56","4,295.24","4,295.48","4,249.93","","-1.04%"
"Apr 28, 2006","4,309.39","4,282.59","4,309.39","4,248.60","","+0.52%"
"Apr 27, 2006","4,287.04","4,296.68","4,310.80","4,269.84","","-0.54%"
"Apr 26, 2006","4,310.35","4,262.13","4,315.33","4,242.39","","+0.99%"
"Apr 25, 2006","4,267.93","4,293.38","4,297.13","4,221.05","","-0.20%"
"Apr 24, 2006","4,276.47","4,373.58","4,373.58","4,276.47","","-2.98%"
"Apr 21, 2006","4,407.88","4,402.01","4,424.39","4,352.32","","+0.01%"
"Apr 20, 2006","4,407.31","4,430.20","4,432.29","4,382.73","","-0.22%"
"Apr 19, 2006","4,417.13","4,412.02","4,439.01","4,406.48","","+1.14%"
"Apr 18, 2006","4,367.17","4,329.00","4,373.64","4,301.33","","+0.50%"
"Apr 17, 2006","4,345.28","4,373.30","4,389.69","4,343.06","","-0.18%"
"Apr 14, 2006","4,353.24","4,372.70","4,380.54","4,322.44","","-0.03%"
"Apr 13, 2006","4,354.35","4,341.78","4,369.49","4,316.80","","+0.86%"
"Apr 12, 2006","4,317.27","4,355.69","4,361.36","4,317.27","","-1.14%"
"Apr 11, 2006","4,366.92","4,407.70","4,407.70","4,338.58","","-1.06%"
"Apr 10, 2006","4,413.79","4,425.49","4,426.41","4,398.94","","-0.67%"
"Apr 07, 2006","4,443.66","4,391.57","4,445.71","4,386.46","","+1.36%"
"Apr 06, 2006","4,384.25","4,334.90","4,384.25","4,333.28","","+1.73%"
"Apr 05, 2006","4,309.83","4,328.90","4,361.75","4,293.68","","-0.72%"
"Apr 04, 2006","4,341.08","4,345.15","4,368.26","4,329.37","","-0.54%"
"Apr 03, 2006","4,364.53","4,327.91","4,385.75","4,317.78","","+1.37%"
"Mar 31, 2006","4,305.53","4,309.27","4,326.72","4,287.19","","+0.48%"
"Mar 30, 2006","4,284.96","4,321.09","4,330.27","4,284.92","","-0.74%"
"Mar 29, 2006","4,317.04","4,227.13","4,326.82","4,207.04","","+2.01%"
"Mar 28, 2006","4,232.17","4,189.76","4,233.70","4,165.81","","-0.55%"
"Mar 27, 2006","4,255.74","4,236.12","4,272.05","4,236.08","","+0.60%"
"Mar 24, 2006","4,230.39","4,215.66","4,241.17","4,205.49","","+0.45%"
"Mar 23, 2006","4,211.44","4,222.89","4,240.16","4,206.91","","+0.27%"
"Mar 22, 2006","4,200.12","4,210.06","4,212.64","4,180.89","","-0.86%"
"Mar 20, 2006","4,236.68","4,144.60","4,236.68","4,140.96","","+2.21%"
"Mar 17, 2006","4,145.17","4,135.14","4,151.93","4,114.59","","+0.04%"
"Mar 16, 2006","4,143.63","4,137.24","4,178.13","4,136.13","","+0.77%"
"Mar 15, 2006","4,111.97","4,111.51","4,129.47","4,103.00","","+0.84%"
"Mar 14, 2006","4,077.80","4,144.62","4,144.89","4,072.61","","-1.26%"
"Mar 13, 2006","4,129.89","4,080.22","4,133.50","4,075.77","","+2.19%"
"Mar 10, 2006","4,041.41","4,008.60","4,084.66","4,006.23","","+0.69%"
"Mar 09, 2006","4,013.75","3,964.87","4,021.36","3,952.08","","+1.89%"
"Mar 08, 2006","3,939.21","3,943.34","3,960.00","3,922.76","","-0.68%"
"Mar 07, 2006","3,966.26","4,008.89","4,010.11","3,949.82","","-1.11%"
"Mar 06, 2006","4,010.75","3,959.03","4,013.47","3,937.79","","+1.14%"
"Mar 03, 2006","3,965.65","4,025.10","4,025.44","3,958.12","","-1.57%"
"Mar 02, 2006","4,029.01","4,092.98","4,101.83","4,013.51","","-1.02%"
"Mar 01, 2006","4,070.43","4,094.65","4,096.88","4,057.61","","-1.29%"
"Feb 28, 2006","4,123.46","4,149.91","4,153.44","4,073.48","","-0.64%"
"Feb 27, 2006","4,150.01","4,085.91","4,150.01","4,078.31","","+1.98%"
"Feb 24, 2006","4,069.62","4,081.02","4,082.86","4,041.47","","-0.45%"
"Feb 23, 2006","4,088.08","4,037.77","4,089.09","4,030.57","","+2.33%"
"Feb 22, 2006","3,995.15","4,007.11","4,047.39","3,988.40","","-0.30%"
"Feb 21, 2006","4,007.37","3,959.49","4,011.26","3,927.45","","+2.02%"
"Feb 20, 2006","3,927.96","3,997.50","3,997.50","3,914.37","","-2.13%"
"Feb 17, 2006","4,013.44","4,067.49","4,097.03","4,006.69","","-1.10%"
"Feb 16, 2006","4,057.99","4,033.88","4,083.10","4,027.11","","-0.30%"
"Feb 15, 2006","4,070.38","4,141.35","4,162.48","4,064.94","","-0.80%"
"Feb 14, 2006","4,103.06","3,993.29","4,105.28","3,987.13","","+2.19%"
"Feb 13, 2006","4,015.12","4,069.62","4,077.30","4,015.12","","-1.77%"
"Feb 10, 2006","4,087.38","4,167.65","4,172.02","4,073.28","","-2.02%"
"Feb 09, 2006","4,171.82","4,170.63","4,188.13","4,132.65","","+1.13%"
"Feb 08, 2006","4,125.15","4,201.26","4,206.33","4,125.15","","-2.83%"
"Feb 07, 2006","4,245.15","4,290.53","4,294.99","4,212.78","","-1.69%"
"Feb 06, 2006","4,318.34","4,333.93","4,358.44","4,260.62","","+0.37%"
"Feb 03, 2006","4,302.29","4,237.13","4,305.91","4,237.13","","+1.43%"
"Feb 02, 2006","4,241.76","4,204.48","4,249.30","4,199.04","","+1.85%"
"Feb 01, 2006","4,164.60","4,146.18","4,198.76","4,143.79","","-0.08%"
"Jan 31, 2006","4,168.09","4,188.37","4,195.47","4,164.26","","-0.70%"
"Jan 30, 2006","4,197.46","4,230.50","4,245.02","4,194.30","","-0.02%"
"Jan 27, 2006","4,198.41","4,157.22","4,200.19","4,150.90","","+2.03%"
"Jan 26, 2006","4,114.97","4,103.09","4,129.04","4,095.37","","+1.00%"
"Jan 25, 2006","4,074.27","4,051.15","4,108.59","4,050.65","","+0.90%"
"Jan 24, 2006","4,037.83","3,995.00","4,063.43","3,995.00","","+1.76%"
"Jan 23, 2006","3,967.94","4,015.30","4,042.65","3,953.89","","-2.48%"
"Jan 20, 2006","4,068.91","4,052.38","4,144.96","4,048.22","","+1.20%"
"Jan 19, 2006","4,020.78","3,909.50","4,025.87","3,909.50","","+2.95%"
"Jan 18, 2006","3,905.68","3,997.57","4,007.93","3,846.09","","-2.84%"
"Jan 17, 2006","4,020.03","4,107.19","4,145.39","4,020.03","","-3.14%"
"Jan 16, 2006","4,150.44","4,171.45","4,185.13","4,129.94","","-0.38%"
"Jan 13, 2006","4,166.16","4,186.33","4,194.11","4,157.34","","-0.69%"
"Jan 12, 2006","4,195.10","4,148.35","4,216.49","4,147.99","","+1.31%"
"Jan 11, 2006","4,140.82","4,079.32","4,140.92","4,071.19","","+1.96%"
"Jan 10, 2006","4,061.05","4,108.84","4,109.64","4,054.37","","-0.61%"
"Jan 06, 2006","4,085.86","4,022.94","4,101.74","4,019.72","","+1.40%"
"Jan 05, 2006","4,029.39","4,040.47","4,045.24","4,006.27","","+0.22%"
"Jan 04, 2006","4,020.58","3,977.80","4,020.58","3,977.80","","+2.08%"
"Dec 30, 2005","3,938.62","4,009.34","4,013.69","3,932.95","","-1.78%"
"Dec 29, 2005","4,009.85","3,980.14","4,034.77","3,970.81","","+1.54%"
"Dec 28, 2005","3,948.86","3,887.58","3,949.66","3,877.54","","+1.35%"
"Dec 27, 2005","3,896.21","3,902.22","3,923.17","3,882.46","","-0.07%"
"Dec 26, 2005","3,899.07","3,893.80","3,921.79","3,889.80","","+0.80%"
"Dec 22, 2005","3,867.99","3,874.83","3,880.14","3,844.95","","-0.30%"
"Dec 21, 2005","3,879.44","3,851.64","3,892.83","3,846.70","","+0.52%"
"Dec 20, 2005","3,859.43","3,851.40","3,859.43","3,829.06","","+0.04%"
"Dec 19, 2005","3,858.04","3,802.56","3,858.04","3,793.24","","+1.76%"
"Dec 16, 2005","3,791.49","3,795.23","3,837.08","3,764.26","","-0.49%"
"Dec 15, 2005","3,810.16","3,876.82","3,876.82","3,810.16","","-1.99%"
"Dec 14, 2005","3,887.42","3,990.20","4,000.78","3,887.42","","-2.92%"
"Dec 13, 2005","4,004.37","3,986.33","4,007.20","3,974.42","","+0.08%"
"Dec 12, 2005","4,000.99","3,978.10","4,026.43","3,976.79","","+1.35%"
"Dec 09, 2005","3,947.71","3,886.29","3,961.67","3,872.12","","+0.53%"
"Dec 08, 2005","3,926.77","3,990.21","3,999.96","3,926.77","","-1.94%"
"Dec 07, 2005","4,004.53","4,034.91","4,045.79","4,004.53","","-0.47%"
"Dec 06, 2005","4,023.49","4,029.02","4,052.79","4,003.84","","-0.54%"
"Dec 05, 2005","4,045.48","4,020.65","4,045.96","4,006.43","","+0.61%"
"Dec 02, 2005","4,020.97","3,993.10","4,020.97","3,983.67","","+1.64%"
"Dec 01, 2005","3,955.90","3,894.76","3,960.87","3,883.68","","+1.98%"
"Nov 30, 2005","3,879.24","3,936.08","3,940.48","3,879.24","","-1.63%"
"Nov 29, 2005","3,943.58","3,897.70","3,949.26","3,891.77","","+0.59%"
"Nov 28, 2005","3,920.26","3,873.56","3,922.46","3,870.10","","+1.51%"
"Nov 25, 2005","3,862.05","3,851.93","3,868.26","3,815.86","","-0.13%"
"Nov 24, 2005","3,866.91","3,830.17","3,894.89","3,830.17","","+1.67%"
"Nov 22, 2005","3,803.36","3,823.75","3,834.30","3,791.93","","-0.09%"
"Nov 21, 2005","3,806.66","3,809.99","3,821.52","3,777.32","","+0.81%"
"Nov 18, 2005","3,776.00","3,757.74","3,811.12","3,756.93","","+1.54%"
"Nov 17, 2005","3,718.90","3,658.71","3,730.50","3,651.63","","+2.00%"
"Nov 16, 2005","3,645.96","3,638.45","3,651.70","3,627.16","","-0.22%"
"Nov 15, 2005","3,653.94","3,632.25","3,655.88","3,616.78","","+0.27%"
"Nov 14, 2005","3,643.94","3,664.94","3,666.69","3,642.88","","-0.42%"
"Nov 11, 2005","3,659.41","3,645.53","3,671.24","3,642.54","","+0.57%"
"Nov 10, 2005","3,638.66","3,615.10","3,644.07","3,614.85","","+1.37%"
"Nov 09, 2005","3,589.50","3,588.51","3,618.27","3,561.87","","-0.31%"
"Nov 08, 2005","3,600.54","3,623.75","3,632.55","3,600.25","","-0.24%"
"Nov 07, 2005","3,609.31","3,628.98","3,628.98","3,585.08","","-0.12%"
"Nov 04, 2005","3,613.72","3,625.42","3,634.44","3,607.13","","+0.49%"
"Nov 02, 2005","3,596.05","3,612.70","3,630.53","3,579.21","","-0.55%"
"Nov 01, 2005","3,615.82","3,540.17","3,615.82","3,540.17","","+2.14%"
"Oct 31, 2005","3,540.17","3,489.08","3,541.21","3,485.86","","+2.52%"
"Oct 28, 2005","3,453.23","3,422.57","3,454.41","3,417.70","","+0.96%"
"Oct 27, 2005","3,420.56","3,449.14","3,455.94","3,415.19","","-0.14%"
"Oct 26, 2005","3,425.24","3,418.23","3,443.92","3,417.77","","+0.23%"
"Oct 25, 2005","3,417.47","3,399.60","3,432.90","3,393.92","","+1.47%"
"Oct 24, 2005","3,368.09","3,409.41","3,410.84","3,365.37","","-0.87%"
"Oct 21, 2005","3,397.74","3,350.63","3,400.70","3,345.52","","+0.77%"
"Oct 20, 2005","3,371.75","3,430.80","3,450.20","3,357.23","","-0.79%"
"Oct 19, 2005","3,398.44","3,441.02","3,448.08","3,382.87","","-1.21%"
"Oct 18, 2005","3,440.07","3,448.10","3,458.52","3,430.20","","-0.29%"
"Oct 17, 2005","3,450.07","3,484.10","3,499.51","3,432.99","","-0.28%"
"Oct 14, 2005","3,459.89","3,469.68","3,479.50","3,441.96","","+0.80%"
"Oct 13, 2005","3,432.35","3,423.59","3,433.41","3,393.09","","+0.09%"
"Oct 12, 2005","3,429.31","3,468.73","3,492.21","3,429.31","","-0.85%"
"Oct 11, 2005","3,458.74","3,424.56","3,458.74","3,393.66","","+0.98%"
"Oct 07, 2005","3,425.23","3,480.88","3,487.56","3,413.76","","-1.86%"
"Oct 06, 2005","3,490.18","3,581.40","3,581.40","3,478.69","","-3.44%"
"Oct 05, 2005","3,614.47","3,587.73","3,651.41","3,573.03","","+1.53%"
"Oct 04, 2005","3,559.99","3,475.52","3,565.54","3,472.68","","+3.11%"
"Oct 03, 2005","3,452.74","3,442.01","3,461.51","3,418.36","","+0.57%"
"Sep 30, 2005","3,433.14","3,453.96","3,471.35","3,423.96","","+0.28%"
"Sep 29, 2005","3,423.52","3,445.09","3,452.27","3,388.49","","-0.07%"
"Sep 28, 2005","3,426.07","3,387.41","3,453.09","3,387.41","","+1.73%"
"Sep 27, 2005","3,367.69","3,382.22","3,425.96","3,364.80","","-0.50%"
"Sep 26, 2005","3,384.72","3,342.17","3,384.72","3,340.09","","+1.88%"
"Sep 22, 2005","3,322.39","3,329.09","3,332.04","3,306.49","","-0.97%"
"Sep 21, 2005","3,354.87","3,346.02","3,362.66","3,334.66","","+0.46%"
"Sep 20, 2005","3,339.49","3,322.00","3,342.42","3,315.18","","+0.60%"
"Sep 16, 2005","3,319.41","3,352.83","3,352.83","3,310.70","","-0.69%"
"Sep 15, 2005","3,342.52","3,280.67","3,342.98","3,280.51","","+1.81%"
"Sep 14, 2005","3,283.24","3,275.09","3,284.51","3,265.55","","-0.37%"
"Sep 13, 2005","3,295.35","3,292.96","3,298.06","3,277.64","","+0.05%"
"Sep 12, 2005","3,293.75","3,301.46","3,309.58","3,277.49","","+0.95%"
"Sep 09, 2005","3,262.72","3,233.36","3,262.72","3,221.07","","+1.06%"
"Sep 08, 2005","3,228.35","3,247.00","3,247.00","3,216.88","","-0.65%"
"Sep 07, 2005","3,249.59","3,265.78","3,267.57","3,236.09","","+0.31%"
"Sep 06, 2005","3,239.61","3,251.51","3,276.37","3,232.79","","+0.53%"
"Sep 05, 2005","3,222.67","3,209.98","3,227.16","3,205.55","","+0.57%"
"Sep 02, 2005","3,204.51","3,193.50","3,205.26","3,189.99","","+0.56%"
"Sep 01, 2005","3,186.76","3,177.63","3,200.51","3,176.47","","+0.68%"
"Aug 31, 2005","3,165.10","3,172.71","3,176.07","3,164.12","","-0.52%"
"Aug 30, 2005","3,181.80","3,194.74","3,205.30","3,181.14","","+0.08%"
"Aug 29, 2005","3,179.22","3,196.98","3,198.96","3,175.65","","-1.24%"
"Aug 26, 2005","3,219.09","3,224.61","3,233.55","3,210.40","","-0.16%"
"Aug 25, 2005","3,224.38","3,207.06","3,229.65","3,207.06","","+0.53%"
"Aug 24, 2005","3,207.44","3,199.74","3,234.51","3,195.61","","+0.18%"
"Aug 23, 2005","3,201.71","3,198.18","3,227.17","3,196.51","","+0.70%"
"Aug 22, 2005","3,179.34","3,170.98","3,182.60","3,165.21","","+0.53%"
"Aug 19, 2005","3,162.49","3,172.70","3,174.67","3,155.73","","-0.40%"
"Aug 18, 2005","3,175.15","3,188.98","3,206.16","3,170.21","","+0.12%"
"Aug 17, 2005","3,171.32","3,209.39","3,210.07","3,171.32","","-1.48%"
"Aug 16, 2005","3,218.80","3,208.49","3,224.99","3,200.64","","+0.93%"
"Aug 15, 2005","3,189.11","3,205.41","3,205.41","3,184.23","","-0.79%"
"Aug 12, 2005","3,214.36","3,218.89","3,234.26","3,205.05","","-0.10%"
"Aug 11, 2005","3,217.51","3,212.07","3,223.71","3,197.07","","+0.42%"
"Aug 10, 2005","3,204.11","3,192.34","3,213.80","3,187.34","","+0.85%"
"Aug 09, 2005","3,177.05","3,123.19","3,190.01","3,122.67","","+2.59%"
"Aug 08, 2005","3,096.80","3,071.53","3,108.28","3,053.72","","-0.01%"
"Aug 05, 2005","3,097.03","3,137.37","3,137.37","3,088.09","","-1.24%"
"Aug 04, 2005","3,136.04","3,158.52","3,159.09","3,122.45","","-0.71%"
"Aug 03, 2005","3,158.50","3,171.11","3,176.72","3,146.89","","-0.13%"
"Aug 02, 2005","3,162.50","3,172.51","3,180.21","3,158.92","","-0.31%"
"Aug 01, 2005","3,172.22","3,152.81","3,178.35","3,151.34","","+0.70%"
"Jul 29, 2005","3,150.07","3,166.61","3,171.29","3,142.34","","-0.33%"
"Jul 28, 2005","3,160.56","3,157.59","3,175.34","3,154.95","","+0.44%"
"Jul 27, 2005","3,146.72","3,124.93","3,153.60","3,124.73","","+0.74%"
"Jul 26, 2005","3,123.73","3,120.81","3,133.79","3,119.32","","+0.33%"
"Jul 25, 2005","3,113.61","3,136.48","3,136.48","3,109.82","","-0.30%"
"Jul 22, 2005","3,122.86","3,133.16","3,133.16","3,112.62","","-0.07%"
"Jul 21, 2005","3,125.16","3,161.03","3,174.05","3,125.16","","-0.97%"
"Jul 20, 2005","3,155.70","3,075.39","3,171.41","3,064.92","","+2.73%"
"Jul 19, 2005","3,071.91","3,068.28","3,075.24","3,060.09","","+0.08%"
"Jul 15, 2005","3,069.39","3,090.67","3,093.42","3,069.39","","-0.11%"
"Jul 14, 2005","3,072.85","3,013.38","3,076.85","3,012.70","","+2.41%"
"Jul 13, 2005","3,000.51","3,002.94","3,007.39","2,993.23","","+0.12%"
"Jul 12, 2005","2,996.77","3,014.37","3,014.40","2,990.71","","-0.24%"
"Jul 11, 2005","3,003.99","3,002.30","3,009.66","2,998.29","","+1.23%"
"Jul 08, 2005","2,967.59","2,982.00","2,999.89","2,967.59","","-0.86%"
"Jul 07, 2005","2,993.25","3,010.02","3,012.15","2,987.97","","-0.81%"
"Jul 06, 2005","3,017.63","3,033.50","3,038.96","3,017.53","","-0.40%"
"Jul 05, 2005","3,029.84","3,034.44","3,039.09","3,023.12","","-0.10%"
"Jul 04, 2005","3,032.91","3,044.55","3,046.57","3,027.49","","-0.31%"
"Jul 01, 2005","3,042.30","3,024.34","3,051.39","3,015.58","","+0.71%"
"Jun 30, 2005","3,020.71","3,020.06","3,029.97","3,014.88","","+0.11%"
"Jun 29, 2005","3,017.27","3,017.21","3,025.37","3,011.10","","+0.30%"
"Jun 28, 2005","3,008.36","2,987.95","3,010.58","2,984.06","","+0.90%"
"Jun 27, 2005","2,981.66","3,002.37","3,005.97","2,981.66","","-0.92%"
"Jun 24, 2005","3,009.27","2,997.67","3,011.10","2,994.79","","-0.20%"
"Jun 23, 2005","3,015.25","2,986.13","3,015.25","2,984.61","","+0.93%"
"Jun 22, 2005","2,987.45","2,967.32","2,988.38","2,954.06","","+0.75%"
"Jun 21, 2005","2,965.09","2,976.88","2,983.84","2,965.09","","-0.33%"
"Jun 20, 2005","2,975.03","2,968.31","2,975.03","2,960.21","","+0.43%"
"Jun 17, 2005","2,962.23","2,949.87","2,964.80","2,947.84","","+0.85%"
"Jun 16, 2005","2,937.24","2,951.10","2,955.04","2,932.75","","-0.97%"
"Jun 15, 2005","2,966.13","2,937.19","2,976.49","2,935.96","","+1.28%"
"Jun 14, 2005","2,928.67","2,940.78","2,946.21","2,927.62","","+0.09%"
"Jun 13, 2005","2,926.03","2,937.72","2,958.03","2,923.91","","-0.47%"
"Jun 10, 2005","2,939.96","2,914.73","2,944.59","2,911.99","","+1.46%"
"Jun 09, 2005","2,897.60","2,925.73","2,925.73","2,889.97","","-1.16%"
"Jun 08, 2005","2,931.75","2,930.48","2,939.73","2,926.68","","+0.04%"
"Jun 07, 2005","2,930.55","2,937.47","2,941.95","2,920.23","","-0.14%"
"Jun 06, 2005","2,934.78","2,920.43","2,934.78","2,912.01","","+0.23%"
"Jun 03, 2005","2,927.93","2,940.69","2,940.78","2,916.02","","-0.50%"
"Jun 02, 2005","2,942.74","2,948.34","2,970.82","2,939.36","","+0.66%"
"Jun 01, 2005","2,923.49","2,868.09","2,923.49","2,865.05","","+1.62%"
"May 31, 2005","2,876.84","2,873.70","2,885.01","2,858.22","","-0.11%"
"May 30, 2005","2,879.89","2,873.27","2,898.63","2,872.76","","+0.26%"
"May 27, 2005","2,872.55","2,829.77","2,872.55","2,828.89","","+2.28%"
"May 26, 2005","2,808.39","2,798.00","2,810.26","2,795.51","","+0.62%"
"May 25, 2005","2,791.12","2,821.21","2,821.21","2,786.12","","-0.86%"
"May 24, 2005","2,815.43","2,845.76","2,847.68","2,814.80","","-1.08%"
"May 23, 2005","2,846.07","2,832.65","2,849.86","2,820.96","","+0.49%"
"May 20, 2005","2,832.28","2,843.56","2,843.77","2,832.28","","+0.26%"
"May 19, 2005","2,824.90","2,806.44","2,831.83","2,797.08","","+1.59%"
"May 18, 2005","2,780.71","2,785.21","2,800.02","2,770.88","","-0.23%"
"May 17, 2005","2,787.13","2,816.39","2,828.25","2,776.34","","-0.31%"
"May 16, 2005","2,795.90","2,818.35","2,822.58","2,792.53","","-0.37%"
"May 13, 2005","2,806.21","2,805.72","2,823.85","2,791.83","","-0.64%"
"May 12, 2005","2,824.35","2,824.63","2,832.77","2,821.01","","-0.14%"
"May 11, 2005","2,828.28","2,829.07","2,833.09","2,815.48","","-0.89%"
"May 10, 2005","2,853.55","2,841.79","2,867.56","2,841.79","","+1.07%"
"May 09, 2005","2,823.21","2,824.63","2,830.79","2,808.33","","+0.12%"
"May 06, 2005","2,819.90","2,818.93","2,827.13","2,805.26","","+1.08%"
"May 02, 2005","2,789.83","2,785.80","2,795.98","2,774.65","","-0.04%"
"Apr 28, 2005","2,790.92","2,807.39","2,812.99","2,765.94","","-0.75%"
"Apr 27, 2005","2,812.15","2,798.27","2,812.15","2,793.43","","-0.38%"
"Apr 26, 2005","2,822.95","2,838.35","2,840.84","2,821.91","","+0.08%"
"Apr 25, 2005","2,820.63","2,832.63","2,839.64","2,817.41","","-0.48%"
"Apr 22, 2005","2,834.12","2,860.09","2,869.91","2,833.51","","+0.24%"
"Apr 21, 2005","2,827.23","2,821.54","2,837.37","2,771.19","","-1.33%"
"Apr 20, 2005","2,865.48","2,886.34","2,887.32","2,854.37","","+0.49%"
"Apr 19, 2005","2,851.39","2,839.78","2,862.47","2,828.32","","+1.40%"
"Apr 18, 2005","2,811.96","2,862.13","2,862.63","2,810.44","","-2.90%"
"Apr 15, 2005","2,896.06","2,950.00","2,950.00","2,891.62","","-2.61%"
"Apr 14, 2005","2,973.72","2,988.14","2,991.15","2,957.23","","-0.90%"
"Apr 13, 2005","3,000.62","3,031.31","3,039.75","2,999.56","","-0.83%"
"Apr 12, 2005","3,025.61","3,022.09","3,032.24","3,011.64","","+0.18%"
"Apr 11, 2005","3,020.14","3,046.75","3,046.75","3,015.81","","-1.03%"
"Apr 08, 2005","3,051.57","3,043.96","3,058.19","3,036.40","","+0.61%"
"Apr 07, 2005","3,032.97","3,044.43","3,046.27","3,024.40","","-0.16%"
"Apr 06, 2005","3,037.96","3,028.67","3,047.73","3,016.43","","+0.28%"
"Apr 05, 2005","3,029.56","3,019.26","3,032.29","3,019.26","","+0.30%"
"Apr 04, 2005","3,020.47","3,003.67","3,024.57","3,003.67","","+0.49%"
"Apr 01, 2005","3,005.77","2,990.39","3,007.91","2,973.00","","-0.07%"
"Mar 31, 2005","3,007.78","2,993.06","3,007.78","2,982.78","","+0.12%"
"Mar 30, 2005","3,004.10","2,975.97","3,017.51","2,975.97","","+1.21%"
"Mar 29, 2005","2,968.30","3,004.00","3,005.30","2,958.03","","-0.77%"
"Mar 28, 2005","2,991.24","2,968.34","3,003.86","2,967.16","","+0.13%"
"Mar 25, 2005","2,987.31","2,983.20","2,990.63","2,971.11","","+0.34%"
"Mar 24, 2005","2,977.05","2,982.39","2,998.67","2,973.27","","-0.16%"
"Mar 23, 2005","2,981.86","2,985.98","2,990.36","2,965.10","","-0.48%"
"Mar 22, 2005","2,996.25","2,997.44","3,008.89","2,994.73","","-0.25%"
"Mar 18, 2005","3,003.89","2,988.13","3,019.85","2,988.13","","+0.16%"
"Mar 17, 2005","2,999.13","2,982.77","3,001.34","2,981.69","","+0.08%"
"Mar 16, 2005","2,996.83","2,983.75","3,001.46","2,982.52","","+0.69%"
"Mar 15, 2005","2,976.33","2,983.62","2,994.30","2,971.74","","-0.13%"
"Mar 14, 2005","2,980.35","3,001.66","3,002.24","2,980.35","","-0.81%"
"Mar 11, 2005","3,004.73","3,005.45","3,034.65","3,004.73","","0.00%"
"Mar 10, 2005","3,004.78","3,010.05","3,022.01","3,003.69","","-0.47%"
"Mar 09, 2005","3,019.11","3,009.19","3,032.29","3,006.51","","+0.21%"
"Mar 08, 2005","3,012.76","3,035.39","3,035.39","3,009.42","","-0.91%"
"Mar 07, 2005","3,040.33","3,022.89","3,040.33","3,020.82","","+1.27%"
"Mar 04, 2005","3,002.09","2,993.80","3,012.82","2,986.72","","-0.03%"
"Mar 03, 2005","3,002.94","2,980.13","3,002.94","2,980.13","","+0.64%"
"Mar 02, 2005","2,983.79","2,979.41","2,988.12","2,969.17","","+0.59%"
"Mar 01, 2005","2,966.21","2,949.64","2,966.21","2,946.74","","+0.59%"
"Feb 28, 2005","2,948.81","2,942.80","2,948.81","2,927.94","","+0.84%"
"Feb 25, 2005","2,924.12","2,887.08","2,931.21","2,887.08","","+1.36%"
"Feb 24, 2005","2,884.82","2,884.00","2,892.03","2,877.38","","+0.14%"
"Feb 23, 2005","2,880.81","2,888.78","2,888.78","2,868.41","","-1.03%"
"Feb 22, 2005","2,910.66","2,935.08","2,935.08","2,910.66","","-1.15%"
"Feb 21, 2005","2,944.62","2,957.60","2,957.60","2,940.64","","+0.03%"
"Feb 18, 2005","2,943.70","2,916.06","2,943.70","2,909.79","","+1.10%"
"Feb 17, 2005","2,911.72","2,911.74","2,922.73","2,904.20","","-0.32%"
"Feb 16, 2005","2,921.12","2,913.59","2,928.74","2,913.22","","+0.01%"
"Feb 15, 2005","2,920.73","2,919.08","2,926.55","2,914.77","","-0.19%"
"Feb 14, 2005","2,926.32","2,913.32","2,930.87","2,902.67","","+1.15%"
"Feb 10, 2005","2,892.99","2,872.48","2,895.72","2,871.30","","+0.87%"
"Feb 09, 2005","2,868.05","2,887.31","2,890.11","2,868.05","","-0.74%"
"Feb 08, 2005","2,889.38","2,908.08","2,908.08","2,886.52","","-0.67%"
"Feb 07, 2005","2,908.89","2,860.57","2,908.89","2,859.51","","+1.56%"
"Feb 04, 2005","2,864.10","2,868.52","2,875.42","2,843.25","","-0.12%"
"Feb 03, 2005","2,867.52","2,866.05","2,871.49","2,854.70","","-0.21%"
"Feb 02, 2005","2,873.51","2,859.60","2,877.58","2,857.43","","+0.60%"
"Feb 01, 2005","2,856.47","2,827.02","2,856.47","2,823.39","","+1.56%"
"Jan 31, 2005","2,812.47","2,788.21","2,827.39","2,788.21","","+0.61%"
"Jan 28, 2005","2,795.48","2,807.53","2,807.53","2,777.96","","-0.50%"
"Jan 27, 2005","2,809.45","2,796.18","2,811.22","2,792.70","","+1.14%"
"Jan 26, 2005","2,777.84","2,764.84","2,779.22","2,762.39","","+1.06%"
"Jan 25, 2005","2,748.63","2,750.74","2,757.94","2,739.90","","-0.11%"
"Jan 24, 2005","2,751.67","2,740.16","2,759.64","2,738.66","","-0.30%"
"Jan 21, 2005","2,759.96","2,769.42","2,785.06","2,747.87","","-1.10%"
"Jan 20, 2005","2,790.63","2,812.51","2,812.51","2,790.63","","-1.14%"
"Jan 19, 2005","2,822.82","2,823.51","2,842.43","2,822.82","","+0.33%"
"Jan 18, 2005","2,813.53","2,820.64","2,822.33","2,806.78","","-0.23%"
"Jan 17, 2005","2,820.15","2,823.82","2,833.57","2,820.10","","-0.01%"
"Jan 14, 2005","2,820.53","2,794.75","2,832.71","2,782.77","","+0.83%"
"Jan 13, 2005","2,797.27","2,803.54","2,809.79","2,796.02","","-0.58%"
"Jan 12, 2005","2,813.57","2,816.93","2,820.09","2,800.73","","-0.28%"
"Jan 11, 2005","2,821.51","2,790.83","2,828.96","2,790.83","","+1.61%"
"Jan 07, 2005","2,776.89","2,789.57","2,790.06","2,773.90","","-0.17%"
"Jan 06, 2005","2,781.70","2,780.85","2,790.51","2,774.44","","-0.57%"
"Jan 05, 2005","2,797.58","2,810.72","2,810.72","2,796.37","","-0.92%"
"Jan 04, 2005","2,823.47","2,825.44","2,828.86","2,809.90","","-0.02%"
"Dec 30, 2004","2,823.94","2,816.51","2,825.57","2,814.39","","+0.58%"
"Dec 29, 2004","2,807.53","2,819.97","2,824.68","2,806.61","","-0.16%"
"Dec 28, 2004","2,812.00","2,792.14","2,812.34","2,791.70","","+0.38%"
"Dec 27, 2004","2,801.45","2,799.51","2,804.30","2,792.64","","+0.22%"
"Dec 24, 2004","2,795.25","2,776.12","2,797.82","2,774.76","","+1.25%"
"Dec 22, 2004","2,760.67","2,758.78","2,764.14","2,753.94","","+1.22%"
"Dec 21, 2004","2,727.34","2,718.84","2,738.29","2,718.84","","+0.49%"
"Dec 20, 2004","2,714.07","2,707.95","2,719.71","2,698.25","","+0.52%"
"Dec 17, 2004","2,700.13","2,671.57","2,706.95","2,664.78","","+0.90%"
"Dec 16, 2004","2,675.96","2,676.21","2,687.51","2,663.58","","-0.67%"
"Dec 15, 2004","2,693.88","2,697.95","2,705.94","2,693.88","","-0.07%"
"Dec 14, 2004","2,695.72","2,660.21","2,699.85","2,658.82","","+1.70%"
"Dec 13, 2004","2,650.78","2,663.09","2,670.61","2,650.78","","+0.03%"
"Dec 10, 2004","2,649.89","2,676.02","2,676.21","2,649.89","","-0.52%"
"Dec 09, 2004","2,663.68","2,665.14","2,675.96","2,650.47","","+0.12%"
"Dec 08, 2004","2,660.47","2,627.49","2,660.47","2,626.67","","+0.53%"
"Dec 07, 2004","2,646.43","2,681.37","2,693.12","2,644.84","","-1.64%"
"Dec 06, 2004","2,690.67","2,694.61","2,709.63","2,685.54","","-0.29%"
"Dec 03, 2004","2,698.55","2,672.39","2,706.46","2,672.39","","+1.45%"
"Dec 02, 2004","2,659.96","2,660.05","2,670.34","2,655.09","","+1.54%"
"Dec 01, 2004","2,619.50","2,621.98","2,633.51","2,615.56","","-0.32%"
"Nov 30, 2004","2,627.86","2,621.84","2,627.86","2,613.46","","-0.16%"
"Nov 29, 2004","2,631.98","2,614.40","2,635.24","2,613.74","","+0.38%"
"Nov 26, 2004","2,622.14","2,646.22","2,648.33","2,619.41","","-1.20%"
"Nov 25, 2004","2,654.08","2,630.62","2,654.08","2,624.24","","+0.93%"
"Nov 24, 2004","2,629.55","2,622.62","2,640.06","2,620.09","","+0.22%"
"Nov 22, 2004","2,623.87","2,646.54","2,647.02","2,603.92","","-2.21%"
"Nov 19, 2004","2,683.14","2,657.68","2,690.96","2,656.57","","+1.56%"
"Nov 18, 2004","2,642.03","2,676.84","2,691.08","2,641.00","","-0.67%"
"Nov 17, 2004","2,659.74","2,662.20","2,672.22","2,658.79","","-0.14%"
"Nov 16, 2004","2,663.46","2,690.71","2,690.71","2,658.31","","-0.80%"
"Nov 15, 2004","2,684.96","2,638.75","2,684.96","2,637.05","","+2.36%"
"Nov 12, 2004","2,623.13","2,602.19","2,626.54","2,588.31","","+0.96%"
"Nov 11, 2004","2,598.27","2,628.93","2,628.93","2,595.52","","-0.56%"
"Nov 10, 2004","2,612.79","2,624.47","2,628.94","2,610.91","","-0.49%"
"Nov 09, 2004","2,625.58","2,638.20","2,648.40","2,620.95","","-0.34%"
"Nov 08, 2004","2,634.50","2,664.14","2,667.62","2,634.50","","-1.02%"
"Nov 05, 2004","2,661.58","2,658.21","2,666.43","2,652.18","","+0.62%"
"Nov 04, 2004","2,645.13","2,650.27","2,653.13","2,642.15","","+0.15%"
"Nov 02, 2004","2,641.10","2,626.98","2,641.10","2,618.85","","+0.81%"
"Nov 01, 2004","2,619.98","2,634.52","2,637.74","2,604.64","","-1.01%"
"Oct 29, 2004","2,646.69","2,647.84","2,655.25","2,637.16","","-1.22%"
"Oct 28, 2004","2,679.40","2,684.89","2,688.61","2,673.02","","+0.64%"
"Oct 27, 2004","2,662.27","2,669.82","2,680.26","2,661.72","","+0.82%"
"Oct 26, 2004","2,640.54","2,638.43","2,646.75","2,629.13","","+0.57%"
"Oct 25, 2004","2,625.63","2,632.62","2,639.77","2,601.34","","-1.92%"
"Oct 22, 2004","2,676.93","2,681.62","2,691.46","2,665.21","","+0.01%"
"Oct 21, 2004","2,676.59","2,693.77","2,708.08","2,666.12","","-0.47%"
"Oct 20, 2004","2,689.23","2,731.45","2,731.68","2,687.02","","-2.38%"
"Oct 19, 2004","2,754.85","2,741.80","2,760.07","2,735.63","","+1.35%"
"Oct 18, 2004","2,718.28","2,713.17","2,718.28","2,706.23","","+0.78%"
"Oct 15, 2004","2,697.15","2,709.96","2,715.09","2,692.03","","-0.96%"
"Oct 14, 2004","2,723.18","2,741.42","2,741.42","2,713.71","","-1.11%"
"Oct 13, 2004","2,753.70","2,770.51","2,781.76","2,752.50","","-0.30%"
"Oct 12, 2004","2,762.01","2,781.95","2,793.66","2,758.69","","-1.36%"
"Oct 08, 2004","2,800.02","2,789.83","2,810.68","2,789.83","","+0.08%"
"Oct 07, 2004","2,797.70","2,813.62","2,817.96","2,797.70","","-0.31%"
"Oct 06, 2004","2,806.34","2,783.97","2,819.95","2,783.97","","+0.58%"
"Oct 05, 2004","2,790.04","2,785.65","2,804.22","2,785.65","","+0.13%"
"Oct 04, 2004","2,786.30","2,760.04","2,795.36","2,756.05","","+2.09%"
"Oct 01, 2004","2,729.21","2,721.70","2,739.59","2,720.62","","+0.99%"
"Sep 30, 2004","2,702.45","2,678.67","2,722.18","2,678.67","","+1.39%"
"Sep 29, 2004","2,665.50","2,684.73","2,686.98","2,665.50","","-0.49%"
"Sep 28, 2004","2,678.58","2,662.64","2,687.00","2,662.03","","+0.15%"
"Sep 27, 2004","2,674.59","2,670.47","2,685.14","2,652.79","","-0.02%"
"Sep 24, 2004","2,675.10","2,690.16","2,690.94","2,664.04","","-1.42%"
"Sep 22, 2004","2,713.66","2,728.19","2,732.21","2,694.45","","-0.05%"
"Sep 21, 2004","2,715.06","2,722.98","2,730.85","2,715.06","","+0.76%"
"Sep 17, 2004","2,694.69","2,711.08","2,714.47","2,689.44","","-0.62%"
"Sep 16, 2004","2,711.41","2,704.76","2,724.17","2,698.88","","-0.36%"
"Sep 15, 2004","2,721.28","2,748.06","2,749.90","2,721.28","","-0.92%"
"Sep 14, 2004","2,746.50","2,722.61","2,759.77","2,722.61","","+1.93%"
"Sep 13, 2004","2,694.60","2,653.23","2,698.20","2,653.23","","+2.43%"
"Sep 10, 2004","2,630.73","2,638.82","2,648.14","2,617.35","","-0.77%"
"Sep 09, 2004","2,651.27","2,685.28","2,688.86","2,651.27","","-1.20%"
"Sep 08, 2004","2,683.50","2,692.90","2,700.87","2,681.03","","-0.24%"
"Sep 07, 2004","2,689.98","2,686.84","2,693.30","2,681.58","","+0.26%"
"Sep 06, 2004","2,682.95","2,646.52","2,687.02","2,640.83","","+1.63%"
"Sep 03, 2004","2,639.89","2,658.23","2,665.43","2,639.89","","-0.48%"
"Sep 02, 2004","2,652.55","2,644.46","2,661.35","2,644.46","","+0.46%"
"Sep 01, 2004","2,640.46","2,637.75","2,654.39","2,637.75","","+0.66%"
"Aug 31, 2004","2,623.08","2,638.82","2,650.42","2,623.08","","-1.32%"
"Aug 30, 2004","2,658.17","2,667.08","2,676.12","2,648.84","","-0.33%"
"Aug 27, 2004","2,666.89","2,669.92","2,675.39","2,661.08","","+0.17%"
"Aug 26, 2004","2,662.39","2,677.93","2,691.74","2,660.33","","+0.04%"
"Aug 25, 2004","2,661.26","2,649.22","2,673.38","2,637.80","","+0.31%"
"Aug 24, 2004","2,653.11","2,653.09","2,654.44","2,636.69","","+0.11%"
"Aug 23, 2004","2,650.11","2,647.09","2,662.58","2,643.27","","+0.68%"
"Aug 20, 2004","2,632.12","2,620.47","2,643.73","2,616.05","","+0.13%"
"Aug 19, 2004","2,628.67","2,608.36","2,632.89","2,608.36","","+1.74%"
"Aug 18, 2004","2,583.66","2,581.19","2,585.93","2,571.49","","+0.29%"
"Aug 17, 2004","2,576.13","2,585.40","2,602.47","2,575.49","","+0.18%"
"Aug 16, 2004","2,571.42","2,591.13","2,592.79","2,552.56","","-0.71%"
"Aug 13, 2004","2,589.82","2,634.11","2,634.11","2,586.57","","-2.41%"
"Aug 12, 2004","2,653.75","2,641.98","2,663.78","2,641.85","","-0.02%"
"Aug 11, 2004","2,654.29","2,688.49","2,688.49","2,653.72","","-0.15%"
"Aug 10, 2004","2,658.28","2,638.70","2,665.36","2,637.30","","+0.71%"
"Aug 09, 2004","2,639.63","2,615.78","2,643.46","2,599.52","","-0.45%"
"Aug 06, 2004","2,651.62","2,649.79","2,660.25","2,636.31","","-1.35%"
"Aug 05, 2004","2,687.84","2,689.37","2,697.26","2,676.18","","-0.04%"
"Aug 04, 2004","2,689.04","2,704.87","2,707.32","2,674.88","","-1.20%"
"Aug 03, 2004","2,721.79","2,747.12","2,749.39","2,705.30","","-1.59%"
"Aug 02, 2004","2,765.70","2,769.79","2,769.79","2,739.57","","-0.43%"
"Jul 30, 2004","2,777.71","2,767.10","2,778.70","2,756.83","","+1.12%"
"Jul 29, 2004","2,747.02","2,751.56","2,754.60","2,721.78","","-0.63%"
"Jul 28, 2004","2,764.40","2,750.66","2,772.02","2,748.90","","+1.47%"
"Jul 27, 2004","2,724.26","2,752.47","2,761.63","2,722.08","","-0.98%"
"Jul 26, 2004","2,751.35","2,773.43","2,773.43","2,746.87","","-0.64%"
"Jul 23, 2004","2,769.05","2,788.11","2,792.74","2,762.25","","-1.21%"
"Jul 22, 2004","2,803.09","2,793.14","2,807.32","2,773.66","","-0.27%"
"Jul 21, 2004","2,810.55","2,770.57","2,813.36","2,768.88","","+2.35%"
"Jul 20, 2004","2,746.15","2,756.66","2,767.03","2,736.12","","-0.80%"
"Jul 16, 2004","2,768.33","2,721.88","2,768.33","2,712.90","","+1.50%"
"Jul 15, 2004","2,727.36","2,764.49","2,773.11","2,720.13","","-1.19%"
"Jul 14, 2004","2,760.30","2,831.52","2,832.05","2,760.30","","-2.32%"
"Jul 13, 2004","2,825.92","2,832.90","2,834.50","2,816.39","","-0.18%"
"Jul 12, 2004","2,831.07","2,832.17","2,836.58","2,817.12","","+1.02%"
"Jul 09, 2004","2,802.40","2,787.29","2,806.70","2,787.15","","+0.16%"
"Jul 08, 2004","2,797.81","2,810.79","2,819.03","2,790.82","","+0.09%"
"Jul 07, 2004","2,795.26","2,796.45","2,805.54","2,772.39","","-1.22%"
"Jul 06, 2004","2,829.92","2,820.18","2,849.34","2,807.39","","+0.83%"
"Jul 05, 2004","2,806.75","2,829.66","2,833.83","2,802.79","","-1.77%"
"Jul 02, 2004","2,857.21","2,872.36","2,872.36","2,849.46","","-0.97%"
"Jul 01, 2004","2,885.14","2,893.51","2,903.95","2,878.70","","+0.31%"
"Jun 30, 2004","2,876.15","2,871.10","2,885.44","2,870.17","","+0.60%"
"Jun 29, 2004","2,859.13","2,870.66","2,870.66","2,844.37","","-0.82%"
"Jun 28, 2004","2,882.83","2,857.03","2,882.83","2,850.16","","+1.68%"
"Jun 25, 2004","2,835.07","2,829.76","2,835.07","2,801.02","","+0.08%"
"Jun 24, 2004","2,832.84","2,796.38","2,837.19","2,796.38","","+1.76%"
"Jun 23, 2004","2,783.94","2,799.41","2,803.01","2,776.82","","+0.17%"
"Jun 22, 2004","2,779.13","2,791.00","2,795.52","2,766.27","","-1.01%"
"Jun 21, 2004","2,807.47","2,779.05","2,825.22","2,779.05","","+2.23%"
"Jun 18, 2004","2,746.27","2,787.51","2,787.51","2,724.12","","-1.90%"
"Jun 17, 2004","2,799.52","2,803.07","2,803.48","2,765.46","","+0.25%"
"Jun 16, 2004","2,792.51","2,756.91","2,806.45","2,756.91","","+2.27%"
"Jun 15, 2004","2,730.59","2,764.74","2,764.74","2,730.40","","-1.87%"
"Jun 14, 2004","2,782.61","2,786.73","2,793.47","2,772.27","","-0.70%"
"Jun 11, 2004","2,802.26","2,813.74","2,823.81","2,791.27","","-0.33%"
"Jun 10, 2004","2,811.49","2,796.28","2,833.24","2,793.02","","+0.26%"
"Jun 09, 2004","2,804.29","2,850.18","2,850.18","2,802.35","","-1.32%"
"Jun 08, 2004","2,841.69","2,860.09","2,860.69","2,833.87","","-0.26%"
"Jun 07, 2004","2,849.20","2,779.36","2,853.11","2,778.00","","+3.23%"
"Jun 04, 2004","2,760.06","2,737.07","2,760.06","2,730.71","","+0.47%"
"Jun 03, 2004","2,747.02","2,801.90","2,814.54","2,734.71","","-2.00%"
"Jun 02, 2004","2,803.16","2,800.92","2,812.59","2,795.36","","-0.04%"
"Jun 01, 2004","2,804.33","2,786.13","2,809.31","2,776.52","","-0.01%"
"May 31, 2004","2,804.68","2,796.91","2,804.68","2,767.42","","+0.34%"
"May 28, 2004","2,795.07","2,784.81","2,815.33","2,784.80","","+0.95%"
"May 27, 2004","2,768.80","2,757.82","2,773.19","2,756.96","","-0.08%"
"May 26, 2004","2,771.11","2,763.61","2,788.92","2,757.29","","+1.33%"
"May 25, 2004","2,734.65","2,748.33","2,751.04","2,714.79","","-0.59%"
"May 24, 2004","2,750.90","2,764.16","2,772.27","2,742.92","","+0.42%"
"May 21, 2004","2,739.28","2,706.60","2,740.59","2,692.26","","+1.07%"
"May 20, 2004","2,710.38","2,697.63","2,723.44","2,677.89","","+0.90%"
"May 19, 2004","2,686.25","2,633.09","2,686.25","2,619.56","","+1.84%"
"May 18, 2004","2,637.75","2,609.70","2,642.84","2,602.87","","+1.44%"
"May 17, 2004","2,600.30","2,680.86","2,682.93","2,599.93","","-2.80%"
"May 14, 2004","2,675.11","2,678.62","2,691.29","2,653.82","","-0.72%"
"May 13, 2004","2,694.40","2,758.67","2,770.63","2,694.40","","-2.25%"
"May 12, 2004","2,756.31","2,755.74","2,762.81","2,719.87","","+1.44%"
"May 11, 2004","2,717.05","2,695.17","2,729.01","2,672.35","","-0.68%"
"May 10, 2004","2,735.61","2,818.86","2,831.68","2,718.50","","-3.72%"
"May 07, 2004","2,841.42","2,832.67","2,866.77","2,816.64","","-0.15%"
"May 06, 2004","2,845.79","2,905.84","2,918.47","2,845.79","","-1.79%"
"Apr 30, 2004","2,897.58","2,909.97","2,909.97","2,877.11","","-1.53%"
"Apr 28, 2004","2,942.49","2,928.31","2,944.40","2,919.72","","+0.23%"
"Apr 27, 2004","2,935.65","2,952.24","2,952.24","2,923.88","","-1.04%"
"Apr 26, 2004","2,966.41","2,968.61","2,985.80","2,951.73","","+0.23%"
"Apr 23, 2004","2,959.63","2,929.71","2,964.08","2,929.60","","+1.98%"
"Apr 22, 2004","2,902.07","2,853.94","2,913.24","2,850.77","","+2.73%"
"Apr 21, 2004","2,824.84","2,840.55","2,853.20","2,819.74","","+0.02%"
"Apr 20, 2004","2,824.38","2,815.89","2,835.16","2,797.09","","-0.05%"
"Apr 19, 2004","2,825.81","2,811.49","2,829.39","2,804.07","","+1.22%"
"Apr 16, 2004","2,791.64","2,771.16","2,798.76","2,758.43","","+1.61%"
"Apr 15, 2004","2,747.31","2,792.12","2,803.93","2,730.59","","-0.65%"
"Apr 14, 2004","2,765.38","2,760.92","2,773.89","2,754.19","","+0.24%"
"Apr 13, 2004","2,758.66","2,778.93","2,787.49","2,755.72","","0.00%"
"Apr 12, 2004","2,758.55","2,745.35","2,768.08","2,745.35","","+0.89%"
"Apr 09, 2004","2,734.27","2,753.00","2,753.00","2,727.03","","-1.48%"
"Apr 08, 2004","2,775.46","2,772.59","2,779.08","2,755.06","","-0.29%"
"Apr 07, 2004","2,783.56","2,808.03","2,808.19","2,780.97","","-1.54%"
"Apr 06, 2004","2,827.00","2,805.46","2,829.94","2,792.85","","+1.93%"
"Apr 05, 2004","2,773.59","2,775.06","2,787.85","2,770.30","","+1.43%"
"Apr 02, 2004","2,734.37","2,694.55","2,739.09","2,691.83","","+1.43%"
"Apr 01, 2004","2,695.77","2,741.03","2,747.45","2,689.30","","-1.55%"
"Mar 31, 2004","2,738.12","2,750.71","2,752.54","2,709.08","","+0.04%"
"Mar 30, 2004","2,736.94","2,752.19","2,755.65","2,727.76","","+0.48%"
"Mar 29, 2004","2,723.98","2,715.65","2,737.87","2,715.01","","+0.78%"
"Mar 26, 2004","2,702.86","2,663.56","2,702.86","2,663.56","","+2.44%"
"Mar 25, 2004","2,638.38","2,619.07","2,638.38","2,611.81","","+0.98%"
"Mar 24, 2004","2,612.76","2,629.60","2,630.18","2,606.58","","-0.75%"
"Mar 23, 2004","2,632.40","2,613.34","2,635.10","2,597.62","","+0.12%"
"Mar 22, 2004","2,629.14","2,641.39","2,641.39","2,623.99","","-0.90%"
"Mar 19, 2004","2,652.97","2,643.59","2,667.69","2,633.32","","-0.37%"
"Mar 18, 2004","2,662.82","2,727.32","2,727.89","2,659.97","","-1.07%"
"Mar 17, 2004","2,691.64","2,664.89","2,709.71","2,664.89","","+1.79%"
"Mar 16, 2004","2,644.28","2,663.00","2,676.21","2,642.57","","-0.70%"
"Mar 15, 2004","2,662.98","2,669.54","2,694.50","2,661.64","","+0.90%"
"Mar 12, 2004","2,639.26","2,615.83","2,646.84","2,611.63","","-0.06%"
"Mar 11, 2004","2,640.82","2,642.19","2,658.50","2,623.01","","-0.79%"
"Mar 10, 2004","2,661.72","2,695.34","2,700.70","2,654.14","","-1.44%"
"Mar 09, 2004","2,700.72","2,706.28","2,711.34","2,688.56","","-0.22%"
"Mar 08, 2004","2,706.55","2,742.72","2,752.99","2,706.55","","-0.78%"
"Mar 05, 2004","2,727.92","2,722.78","2,736.03","2,714.26","","+1.14%"
"Mar 04, 2004","2,697.08","2,711.98","2,727.04","2,691.20","","-0.61%"
"Mar 03, 2004","2,713.64","2,720.14","2,733.39","2,699.80","","-0.07%"
"Mar 02, 2004","2,715.61","2,730.53","2,733.42","2,689.79","","-0.15%"
"Mar 01, 2004","2,719.78","2,701.32","2,729.86","2,701.19","","+1.61%"
"Feb 27, 2004","2,676.81","2,649.02","2,682.42","2,640.70","","+1.09%"
"Feb 26, 2004","2,648.03","2,632.22","2,648.03","2,626.91","","+1.38%"
"Feb 25, 2004","2,612.00","2,609.44","2,627.55","2,600.48","","-0.42%"
"Feb 24, 2004","2,622.92","2,662.99","2,667.63","2,617.80","","-2.39%"
"Feb 23, 2004","2,687.03","2,639.70","2,691.53","2,639.70","","+2.30%"
"Feb 20, 2004","2,626.73","2,630.92","2,634.07","2,611.84","","-0.31%"
"Feb 19, 2004","2,634.80","2,628.84","2,653.25","2,625.36","","+0.78%"
"Feb 18, 2004","2,614.44","2,639.83","2,648.60","2,614.44","","-0.45%"
"Feb 17, 2004","2,626.27","2,570.86","2,626.27","2,568.13","","+2.12%"
"Feb 16, 2004","2,571.76","2,586.19","2,590.13","2,566.75","","-0.80%"
"Feb 13, 2004","2,592.50","2,578.21","2,594.55","2,563.50","","+0.02%"
"Feb 12, 2004","2,591.97","2,577.70","2,619.79","2,577.70","","+1.03%"
"Feb 10, 2004","2,565.63","2,630.37","2,633.91","2,558.35","","-2.79%"
"Feb 09, 2004","2,639.30","2,646.50","2,673.13","2,630.54","","+0.68%"
"Feb 06, 2004","2,621.39","2,637.63","2,637.63","2,610.96","","-0.72%"
"Feb 05, 2004","2,640.53","2,634.29","2,661.88","2,631.73","","-0.18%"
"Feb 04, 2004","2,645.35","2,696.59","2,697.60","2,641.72","","-1.73%"
"Feb 03, 2004","2,691.95","2,749.33","2,751.99","2,651.08","","-2.52%"
"Feb 02, 2004","2,761.50","2,757.87","2,780.65","2,755.67","","-0.08%"
"Jan 30, 2004","2,763.70","2,764.73","2,776.75","2,751.17","","+0.06%"
"Jan 29, 2004","2,762.00","2,752.51","2,762.00","2,742.93","","-0.54%"
"Jan 28, 2004","2,777.03","2,769.60","2,780.70","2,752.45","","-0.77%"
"Jan 27, 2004","2,798.64","2,809.12","2,826.35","2,796.11","","+0.39%"
"Jan 26, 2004","2,787.84","2,783.63","2,787.84","2,755.40","","-0.23%"
"Jan 23, 2004","2,794.21","2,822.01","2,822.01","2,782.96","","-0.76%"
"Jan 22, 2004","2,815.51","2,852.32","2,855.31","2,808.47","","-0.68%"
"Jan 21, 2004","2,834.91","2,828.33","2,866.62","2,822.17","","+0.18%"
"Jan 20, 2004","2,829.91","2,841.53","2,843.28","2,807.23","","-0.51%"
"Jan 19, 2004","2,844.53","2,795.14","2,844.53","2,783.67","","+2.67%"
"Jan 16, 2004","2,770.54","2,733.42","2,773.88","2,733.42","","+1.77%"
"Jan 15, 2004","2,722.30","2,748.63","2,751.65","2,722.30","","-0.79%"
"Jan 14, 2004","2,743.89","2,696.32","2,751.02","2,693.81","","+1.34%"
"Jan 13, 2004","2,707.51","2,749.11","2,752.36","2,700.41","","-1.85%"
"Jan 09, 2004","2,758.52","2,741.33","2,767.68","2,733.81","","+1.09%"
"Jan 08, 2004","2,728.68","2,708.23","2,736.83","2,697.62","","+0.83%"
"Jan 07, 2004","2,706.13","2,717.82","2,721.18","2,688.76","","-0.72%"
"Jan 06, 2004","2,725.82","2,742.24","2,747.64","2,720.92","","+0.31%"
"Jan 05, 2004","2,717.46","2,708.22","2,724.45","2,702.70","","+1.50%"
"Dec 30, 2003","2,677.17","2,669.06","2,680.53","2,665.21","","+1.27%"
"Dec 29, 2003","2,643.64","2,631.06","2,654.11","2,627.89","","+1.10%"
"Dec 26, 2003","2,614.78","2,600.17","2,614.78","2,584.24","","+0.87%"
"Dec 25, 2003","2,592.26","2,584.08","2,595.52","2,579.16","","+0.24%"
"Dec 24, 2003","2,586.15","2,578.79","2,586.31","2,569.35","","+0.53%"
"Dec 22, 2003","2,572.63","2,551.58","2,572.63","2,551.58","","+0.67%"
"Dec 19, 2003","2,555.55","2,518.38","2,558.68","2,516.76","","+2.13%"
"Dec 18, 2003","2,502.31","2,487.34","2,502.31","2,480.85","","+0.45%"
"Dec 17, 2003","2,491.17","2,532.95","2,533.59","2,490.84","","-1.97%"
"Dec 16, 2003","2,541.23","2,548.08","2,554.01","2,516.62","","-1.46%"
"Dec 15, 2003","2,578.98","2,543.08","2,585.98","2,543.08","","+2.69%"
"Dec 12, 2003","2,511.35","2,473.39","2,520.17","2,469.31","","+1.99%"
"Dec 11, 2003","2,462.38","2,457.83","2,476.47","2,437.68","","+0.64%"
"Dec 10, 2003","2,446.83","2,464.94","2,464.94","2,428.88","","-1.25%"
"Dec 09, 2003","2,477.91","2,517.57","2,517.57","2,454.56","","-1.46%"
"Dec 08, 2003","2,514.52","2,571.79","2,571.88","2,508.17","","-3.21%"
"Dec 05, 2003","2,597.90","2,591.13","2,600.13","2,578.18","","-0.09%"
"Dec 04, 2003","2,600.35","2,576.62","2,600.35","2,565.49","","+0.80%"
"Dec 03, 2003","2,579.73","2,600.60","2,607.19","2,579.30","","-1.06%"
"Dec 02, 2003","2,607.40","2,611.99","2,633.51","2,587.20","","+0.39%"
"Dec 01, 2003","2,597.34","2,513.65","2,606.84","2,490.43","","+2.27%"
"Nov 28, 2003","2,539.77","2,559.43","2,561.56","2,527.94","","-1.40%"
"Nov 27, 2003","2,575.76","2,577.95","2,577.95","2,554.13","","-0.43%"
"Nov 26, 2003","2,586.89","2,564.80","2,592.44","2,564.80","","+0.92%"
"Nov 25, 2003","2,563.34","2,552.61","2,571.86","2,550.38","","+1.83%"
"Nov 21, 2003","2,517.30","2,523.32","2,547.46","2,511.50","","-1.10%"
"Nov 20, 2003","2,545.24","2,462.14","2,545.24","2,462.00","","+4.39%"
"Nov 19, 2003","2,438.28","2,476.65","2,476.65","2,431.56","","-2.52%"
"Nov 18, 2003","2,501.42","2,493.21","2,512.79","2,477.60","","+0.38%"
"Nov 17, 2003","2,492.05","2,565.20","2,565.20","2,473.29","","-3.86%"
"Nov 14, 2003","2,592.16","2,660.71","2,661.44","2,592.16","","-2.74%"
"Nov 13, 2003","2,665.09","2,607.85","2,675.08","2,602.36","","+3.54%"
"Nov 12, 2003","2,574.01","2,606.60","2,617.42","2,562.27","","-1.30%"
"Nov 11, 2003","2,607.98","2,649.59","2,655.18","2,591.21","","-2.74%"
"Nov 10, 2003","2,681.58","2,718.74","2,720.48","2,661.93","","-2.00%"
"Nov 07, 2003","2,736.29","2,728.83","2,759.85","2,705.92","","+0.43%"
"Nov 06, 2003","2,724.71","2,788.61","2,788.61","2,717.75","","-2.63%"
"Nov 05, 2003","2,798.26","2,801.64","2,802.33","2,772.93","","+0.14%"
"Nov 04, 2003","2,794.25","2,740.91","2,796.33","2,740.91","","+3.23%"
"Oct 31, 2003","2,706.89","2,720.78","2,742.60","2,697.64","","+0.07%"
"Oct 30, 2003","2,705.03","2,718.38","2,723.67","2,696.48","","-0.94%"
"Oct 29, 2003","2,730.74","2,693.04","2,736.24","2,693.04","","+2.19%"
"Oct 28, 2003","2,672.23","2,662.24","2,700.00","2,661.04","","+0.87%"
"Oct 27, 2003","2,649.12","2,640.07","2,653.63","2,633.32","","+0.84%"
"Oct 24, 2003","2,626.95","2,649.60","2,660.14","2,605.01","","-0.46%"
"Oct 23, 2003","2,639.18","2,739.95","2,740.79","2,625.87","","-4.70%"
"Oct 22, 2003","2,769.23","2,787.22","2,801.27","2,766.48","","-0.35%"
"Oct 21, 2003","2,779.09","2,753.00","2,808.34","2,751.33","","+1.74%"
"Oct 20, 2003","2,731.54","2,681.29","2,742.44","2,669.25","","+1.62%"
"Oct 17, 2003","2,688.11","2,716.18","2,723.44","2,681.95","","-0.96%"
"Oct 16, 2003","2,714.11","2,672.52","2,714.11","2,661.26","","+1.18%"
"Oct 15, 2003","2,682.39","2,692.06","2,700.37","2,673.39","","+0.51%"
"Oct 14, 2003","2,668.80","2,654.22","2,708.24","2,653.07","","+1.34%"
"Oct 10, 2003","2,633.50","2,582.45","2,650.51","2,582.45","","+2.19%"
"Oct 09, 2003","2,577.04","2,612.64","2,612.64","2,574.51","","-1.89%"
"Oct 08, 2003","2,626.56","2,698.20","2,700.19","2,607.48","","-2.90%"
"Oct 07, 2003","2,705.13","2,705.51","2,720.14","2,694.71","","+0.37%"
"Oct 06, 2003","2,695.18","2,708.00","2,727.30","2,694.91","","+0.60%"
"Oct 03, 2003","2,679.07","2,647.41","2,683.76","2,647.41","","+1.77%"
"Oct 02, 2003","2,632.58","2,636.08","2,653.42","2,618.79","","+0.74%"
"Oct 01, 2003","2,613.26","2,606.66","2,624.78","2,593.50","","-0.15%"
"Sep 30, 2003","2,617.20","2,624.67","2,650.79","2,617.20","","-0.06%"
"Sep 29, 2003","2,618.90","2,603.62","2,618.90","2,598.91","","+0.52%"
"Sep 26, 2003","2,605.42","2,564.12","2,609.82","2,559.86","","+0.67%"
"Sep 25, 2003","2,588.17","2,584.76","2,594.42","2,560.85","","-0.94%"
"Sep 24, 2003","2,612.68","2,596.83","2,625.60","2,583.51","","+1.26%"
"Sep 22, 2003","2,580.28","2,674.84","2,674.84","2,561.70","","-4.28%"
"Sep 19, 2003","2,695.59","2,772.29","2,774.06","2,695.59","","-2.22%"
"Sep 18, 2003","2,756.73","2,739.14","2,764.56","2,718.44","","+0.16%"
"Sep 17, 2003","2,752.29","2,750.88","2,758.26","2,726.26","","+0.74%"
"Sep 16, 2003","2,731.99","2,731.29","2,744.55","2,718.08","","+0.26%"
"Sep 12, 2003","2,724.91","2,707.35","2,734.87","2,702.32","","+1.72%"
"Sep 11, 2003","2,678.92","2,720.98","2,720.98","2,678.52","","-2.29%"
"Sep 10, 2003","2,741.68","2,744.90","2,757.13","2,731.40","","-0.53%"
"Sep 09, 2003","2,756.29","2,699.32","2,760.97","2,699.32","","+2.83%"
"Sep 08, 2003","2,680.49","2,648.76","2,684.28","2,648.76","","+1.25%"
"Sep 05, 2003","2,647.52","2,671.53","2,671.53","2,633.03","","-0.86%"
"Sep 04, 2003","2,670.49","2,700.18","2,703.11","2,670.49","","-1.05%"
"Sep 03, 2003","2,698.70","2,736.91","2,750.47","2,682.14","","-0.49%"
"Sep 02, 2003","2,711.92","2,703.14","2,725.43","2,687.12","","+0.40%"
"Sep 01, 2003","2,701.03","2,654.06","2,701.03","2,651.63","","+2.41%"
"Aug 29, 2003","2,637.47","2,634.02","2,641.42","2,619.34","","+0.99%"
"Aug 28, 2003","2,611.50","2,633.01","2,634.10","2,603.28","","-0.68%"
"Aug 27, 2003","2,629.50","2,623.03","2,646.64","2,616.35","","-0.01%"
"Aug 26, 2003","2,629.70","2,622.00","2,641.89","2,604.27","","+0.32%"
"Aug 25, 2003","2,621.24","2,629.37","2,638.43","2,607.85","","-0.57%"
"Aug 22, 2003","2,636.35","2,671.93","2,677.98","2,628.03","","-1.25%"
"Aug 21, 2003","2,669.68","2,645.37","2,679.60","2,633.92","","+0.70%"
"Aug 20, 2003","2,651.04","2,612.23","2,655.70","2,612.22","","+1.47%"
"Aug 19, 2003","2,612.70","2,604.16","2,620.79","2,602.80","","+1.34%"
"Aug 18, 2003","2,578.23","2,551.35","2,580.67","2,550.80","","+1.63%"
"Aug 15, 2003","2,536.77","2,544.53","2,562.92","2,529.35","","-0.52%"
"Aug 14, 2003","2,550.10","2,522.91","2,550.10","2,498.18","","+0.79%"
"Aug 13, 2003","2,530.12","2,510.94","2,535.79","2,503.36","","+1.26%"
"Aug 12, 2003","2,498.62","2,467.13","2,504.98","2,465.03","","+2.01%"
"Aug 11, 2003","2,449.43","2,422.36","2,457.97","2,418.60","","+1.12%"
"Aug 08, 2003","2,422.33","2,414.28","2,426.95","2,397.26","","+0.15%"
"Aug 07, 2003","2,418.62","2,427.30","2,434.97","2,411.51","","-0.55%"
"Aug 06, 2003","2,431.93","2,414.30","2,445.93","2,408.26","","+0.08%"
"Aug 05, 2003","2,429.93","2,435.27","2,448.16","2,427.36","","-0.15%"
"Aug 04, 2003","2,433.54","2,446.93","2,454.08","2,431.76","","-1.09%"
"Aug 01, 2003","2,460.35","2,471.90","2,473.97","2,445.19","","+0.10%"
"Jul 31, 2003","2,458.00","2,475.51","2,476.69","2,439.21","","-0.90%"
"Jul 30, 2003","2,480.33","2,513.03","2,520.17","2,476.49","","-0.99%"
"Jul 29, 2003","2,505.15","2,495.03","2,514.04","2,495.03","","+0.82%"
"Jul 28, 2003","2,484.70","2,478.53","2,487.66","2,468.98","","+1.04%"
"Jul 25, 2003","2,459.10","2,447.52","2,479.56","2,425.14","","-0.33%"
"Jul 24, 2003","2,467.12","2,469.10","2,475.89","2,450.46","","+0.26%"
"Jul 23, 2003","2,460.64","2,451.60","2,473.22","2,451.26","","+1.50%"
"Jul 22, 2003","2,424.21","2,427.86","2,428.92","2,408.41","","-0.05%"
"Jul 18, 2003","2,425.42","2,397.72","2,438.14","2,397.25","","+0.71%"
"Jul 17, 2003","2,408.25","2,453.57","2,453.57","2,403.22","","-2.64%"
"Jul 16, 2003","2,473.47","2,493.97","2,496.53","2,457.42","","-0.61%"
"Jul 15, 2003","2,488.71","2,486.33","2,508.44","2,484.55","","+0.62%"
"Jul 14, 2003","2,473.49","2,469.02","2,487.41","2,456.44","","+0.17%"
"Jul 11, 2003","2,469.38","2,495.07","2,504.87","2,463.76","","-1.81%"
"Jul 10, 2003","2,514.88","2,524.58","2,542.28","2,507.81","","-0.76%"
"Jul 09, 2003","2,534.20","2,529.66","2,535.03","2,490.66","","+0.16%"
"Jul 08, 2003","2,530.24","2,501.89","2,552.50","2,501.06","","+2.20%"
"Jul 07, 2003","2,475.83","2,435.28","2,485.37","2,435.28","","+1.73%"
"Jul 04, 2003","2,433.66","2,455.59","2,463.98","2,426.90","","-1.87%"
"Jul 03, 2003","2,480.10","2,447.86","2,497.96","2,446.81","","+2.29%"
"Jul 02, 2003","2,424.67","2,382.30","2,432.74","2,378.23","","+2.45%"
"Jul 01, 2003","2,366.72","2,338.46","2,373.05","2,333.51","","+1.46%"
"Jun 30, 2003","2,332.73","2,325.60","2,350.13","2,322.38","","+0.71%"
"Jun 27, 2003","2,316.22","2,280.82","2,321.62","2,280.82","","+2.44%"
"Jun 26, 2003","2,261.16","2,242.42","2,265.61","2,242.42","","+0.88%"
"Jun 25, 2003","2,241.51","2,223.07","2,248.76","2,216.81","","+1.01%"
"Jun 24, 2003","2,219.17","2,244.78","2,250.86","2,218.08","","-1.89%"
"Jun 23, 2003","2,261.98","2,258.30","2,265.52","2,252.54","","-0.04%"
"Jun 20, 2003","2,262.96","2,230.23","2,271.02","2,230.23","","+1.26%"
"Jun 19, 2003","2,234.83","2,235.48","2,237.00","2,218.14","","-0.09%"
"Jun 18, 2003","2,236.80","2,236.88","2,254.97","2,229.31","","+0.51%"
"Jun 17, 2003","2,225.55","2,217.94","2,235.28","2,211.78","","+1.41%"
"Jun 16, 2003","2,194.62","2,218.28","2,218.68","2,188.70","","-1.36%"
"Jun 13, 2003","2,224.99","2,218.83","2,229.86","2,213.11","","+0.52%"
"Jun 12, 2003","2,213.54","2,229.13","2,236.91","2,209.02","","-0.09%"
"Jun 11, 2003","2,215.60","2,197.60","2,234.92","2,197.60","","+0.66%"
"Jun 10, 2003","2,201.09","2,196.72","2,201.09","2,183.25","","-0.55%"
"Jun 09, 2003","2,213.16","2,209.72","2,220.25","2,199.85","","+0.15%"
"Jun 06, 2003","2,209.77","2,190.27","2,209.77","2,173.57","","+1.04%"
"Jun 05, 2003","2,187.08","2,182.46","2,191.66","2,168.25","","+0.82%"
"Jun 04, 2003","2,169.32","2,169.72","2,194.57","2,168.45","","+0.63%"
"Jun 03, 2003","2,155.65","2,154.91","2,166.65","2,144.74","","+0.12%"
"Jun 02, 2003","2,152.97","2,138.22","2,162.96","2,136.05","","+1.28%"
"May 30, 2003","2,125.75","2,096.83","2,137.23","2,096.83","","+1.48%"
"May 29, 2003","2,094.78","2,077.04","2,094.78","2,073.12","","+1.32%"
"May 28, 2003","2,067.44","2,080.08","2,087.65","2,067.44","","+0.59%"
"May 27, 2003","2,055.28","2,067.42","2,068.42","2,050.16","","-0.68%"
"May 26, 2003","2,069.36","2,070.53","2,079.84","2,069.20","","+0.26%"
"May 23, 2003","2,064.04","2,045.32","2,074.66","2,035.61","","+1.52%"
"May 22, 2003","2,033.08","2,039.59","2,050.13","2,027.62","","-0.47%"
"May 21, 2003","2,042.64","2,046.44","2,056.21","2,038.18","","+0.02%"
"May 20, 2003","2,042.32","2,036.57","2,050.77","2,028.71","","+0.16%"
"May 19, 2003","2,038.96","2,038.77","2,039.87","2,015.06","","+0.09%"
"May 16, 2003","2,037.05","2,047.07","2,051.79","2,035.28","","-0.40%"
"May 15, 2003","2,045.33","2,062.28","2,062.28","2,036.48","","-1.65%"
"May 14, 2003","2,079.58","2,089.20","2,094.99","2,071.32","","-0.48%"
"May 13, 2003","2,089.61","2,098.08","2,141.04","2,089.61","","+0.29%"
"May 12, 2003","2,083.48","2,107.86","2,109.14","2,083.48","","-1.01%"
"May 09, 2003","2,104.70","2,082.40","2,104.70","2,071.51","","+1.36%"
"May 08, 2003","2,076.40","2,091.87","2,091.87","2,076.40","","-1.46%"
"May 07, 2003","2,107.19","2,078.65","2,111.35","2,078.52","","+2.39%"
"May 06, 2003","2,058.09","2,025.54","2,062.21","2,025.54","","+2.66%"
"May 02, 2003","2,004.76","2,000.13","2,009.05","1,986.43","","-0.41%"
"May 01, 2003","2,013.10","2,015.89","2,016.78","2,000.74","","-0.55%"
"Apr 30, 2003","2,024.19","2,000.64","2,024.45","2,000.64","","+1.67%"
"Apr 28, 2003","1,990.98","2,017.48","2,017.48","1,990.22","","-1.52%"
"Apr 25, 2003","2,021.80","2,019.14","2,022.69","2,003.08","","+0.05%"
"Apr 24, 2003","2,020.76","2,022.12","2,040.72","2,014.33","","+0.45%"
"Apr 23, 2003","2,011.78","2,009.63","2,032.20","2,006.46","","+0.69%"
"Apr 22, 2003","1,997.97","2,013.81","2,016.98","1,994.27","","-1.36%"
"Apr 21, 2003","2,025.59","2,004.68","2,029.46","1,995.73","","+1.18%"
"Apr 18, 2003","2,001.97","1,997.44","2,009.78","1,997.07","","+1.09%"
"Apr 17, 2003","1,980.35","1,997.89","1,997.89","1,979.45","","-1.64%"
"Apr 16, 2003","2,013.41","1,995.52","2,015.49","1,987.36","","+1.48%"
"Apr 15, 2003","1,984.06","1,965.08","1,994.16","1,965.08","","+1.87%"
"Apr 14, 2003","1,947.59","1,962.35","1,972.88","1,929.76","","-1.14%"
"Apr 11, 2003","1,970.13","1,990.50","1,992.01","1,969.51","","-1.51%"
"Apr 10, 2003","2,000.29","2,014.10","2,015.66","1,987.14","","-0.73%"
"Apr 09, 2003","2,014.97","2,011.22","2,030.42","2,000.04","","+0.39%"
"Apr 08, 2003","2,007.10","2,001.29","2,015.23","1,993.68","","-0.08%"
"Apr 07, 2003","2,008.79","1,997.49","2,011.90","1,987.56","","+1.27%"
"Apr 04, 2003","1,983.69","1,970.80","1,997.80","1,964.90","","+0.83%"
"Apr 03, 2003","1,967.27","1,966.51","1,989.01","1,962.57","","+0.98%"
"Apr 02, 2003","1,948.12","1,930.74","1,948.12","1,917.89","","+1.68%"
"Apr 01, 2003","1,915.96","1,906.40","1,932.08","1,899.05","","+0.13%"
"Mar 31, 2003","1,913.39","1,970.00","1,970.00","1,913.39","","-3.46%"
"Mar 28, 2003","1,981.96","2,010.66","2,010.77","1,981.30","","-1.24%"
"Mar 27, 2003","2,006.88","2,009.54","2,016.16","2,004.61","","-0.04%"
"Mar 26, 2003","2,007.67","1,986.03","2,015.40","1,986.03","","+0.94%"
"Mar 25, 2003","1,988.89","2,006.46","2,013.74","1,983.38","","-1.81%"
"Mar 24, 2003","2,025.56","2,019.88","2,040.73","2,019.88","","+1.30%"
"Mar 20, 2003","1,999.65","1,982.69","2,012.93","1,973.85","","+1.50%"
"Mar 19, 2003","1,970.03","1,924.20","1,970.03","1,921.91","","+2.31%"
"Mar 18, 2003","1,925.59","1,931.33","1,958.95","1,925.59","","+1.02%"
"Mar 17, 2003","1,906.13","1,931.30","1,932.73","1,903.17","","-1.04%"
"Mar 14, 2003","1,926.07","1,903.40","1,940.91","1,903.40","","+1.96%"
"Mar 13, 2003","1,889.02","1,896.56","1,907.33","1,880.74","","+0.44%"
"Mar 12, 2003","1,880.75","1,874.54","1,892.07","1,867.36","","+0.74%"
"Mar 11, 2003","1,866.97","1,891.94","1,926.69","1,866.97","","-1.77%"
"Mar 10, 2003","1,900.62","1,914.92","1,927.05","1,892.46","","-1.75%"
"Mar 07, 2003","1,934.42","1,963.02","1,979.90","1,934.42","","-1.94%"
"Mar 06, 2003","1,972.76","2,004.22","2,012.13","1,972.76","","-1.44%"
"Mar 05, 2003","2,001.60","1,999.43","2,007.66","1,993.39","","-0.51%"
"Mar 04, 2003","2,011.79","2,016.71","2,016.93","1,993.78","","-0.69%"
"Mar 03, 2003","2,025.78","1,996.16","2,025.78","1,991.22","","+1.82%"
"Feb 28, 2003","1,989.61","1,974.70","1,996.62","1,971.69","","+1.92%"
"Feb 27, 2003","1,952.20","1,951.74","1,962.09","1,949.86","","-0.07%"
"Feb 26, 2003","1,953.62","1,953.88","1,968.02","1,952.36","","-0.31%"
"Feb 25, 2003","1,959.78","1,990.74","1,990.74","1,957.28","","-2.09%"
"Feb 24, 2003","2,001.56","1,996.63","2,009.06","1,996.63","","+0.25%"
"Feb 21, 2003","1,996.63","2,021.53","2,026.39","1,996.48","","-1.22%"
"Feb 20, 2003","2,021.32","2,032.55","2,032.55","2,011.36","","-0.90%"
"Feb 19, 2003","2,039.77","2,047.18","2,050.55","2,033.37","","+0.03%"
"Feb 18, 2003","2,039.21","2,027.42","2,044.17","2,019.79","","+0.44%"
"Feb 17, 2003","2,030.23","2,042.24","2,046.06","2,020.56","","-0.41%"
"Feb 14, 2003","2,038.60","2,024.59","2,050.00","2,020.69","","+0.80%"
"Feb 13, 2003","2,022.52","2,026.18","2,033.94","2,009.24","","-0.67%"
"Feb 12, 2003","2,036.21","2,003.74","2,036.21","2,002.73","","+2.37%"
"Feb 10, 2003","1,989.12","1,986.94","1,996.53","1,981.49","","-0.30%"
"Feb 07, 2003","1,995.04","1,995.64","2,003.75","1,984.12","","-0.45%"
"Feb 06, 2003","2,004.03","2,005.10","2,020.43","1,996.78","","+0.35%"
"Feb 05, 2003","1,997.08","1,964.25","2,010.99","1,963.78","","+1.15%"
"Feb 04, 2003","1,974.43","1,972.93","1,980.96","1,965.76","","+0.40%"
"Feb 03, 2003","1,966.54","1,918.45","1,966.54","1,906.88","","+2.38%"
"Jan 31, 2003","1,920.80","1,929.42","1,932.22","1,914.70","","-0.94%"
"Jan 30, 2003","1,939.09","1,955.08","1,961.72","1,938.83","","-0.65%"
"Jan 29, 2003","1,951.77","1,987.64","1,989.50","1,948.62","","-1.69%"
"Jan 28, 2003","1,985.35","1,982.05","1,993.72","1,980.85","","-0.12%"
"Jan 27, 2003","1,987.76","2,004.43","2,005.07","1,982.70","","-1.44%"
"Jan 24, 2003","2,016.73","2,020.40","2,028.33","2,008.55","","-0.53%"
"Jan 23, 2003","2,027.51","1,995.11","2,027.51","1,980.03","","+2.18%"
"Jan 22, 2003","1,984.19","1,984.89","2,001.76","1,976.76","","-0.61%"
"Jan 21, 2003","1,996.46","1,973.42","2,006.34","1,966.12","","+1.39%"
"Jan 20, 2003","1,969.10","1,983.11","1,986.26","1,947.06","","-1.33%"
"Jan 17, 2003","1,995.72","1,986.42","2,009.33","1,983.34","","+0.29%"
"Jan 16, 2003","1,989.96","1,988.11","1,989.96","1,973.94","","-0.51%"
"Jan 15, 2003","2,000.24","1,984.77","2,000.29","1,974.51","","+0.91%"
"Jan 14, 2003","1,982.15","1,966.29","1,988.21","1,958.41","","+1.44%"
"Jan 10, 2003","1,953.94","1,987.64","1,988.13","1,942.00","","-0.63%"
"Jan 09, 2003","1,966.30","1,948.53","1,966.30","1,942.75","","-0.17%"
"Jan 08, 2003","1,969.72","2,009.85","2,010.17","1,969.21","","-2.54%"
"Jan 07, 2003","2,021.12","2,034.37","2,037.50","2,015.92","","+0.14%"
"Jan 06, 2003","2,018.30","1,993.52","2,022.40","1,993.52","","+2.41%"
"Dec 30, 2002","1,970.74","1,971.46","1,974.50","1,958.87","","-1.03%"
"Dec 27, 2002","1,991.15","1,979.69","1,991.31","1,976.33","","+0.57%"
"Dec 26, 2002","1,979.87","1,928.87","1,984.09","1,928.78","","+3.42%"
"Dec 25, 2002","1,914.47","1,913.25","1,917.73","1,906.03","","-0.66%"
"Dec 24, 2002","1,927.19","1,910.57","1,934.03","1,906.97","","+1.01%"
"Dec 20, 2002","1,907.98","1,916.40","1,919.62","1,894.55","","-0.15%"
"Dec 19, 2002","1,910.84","1,901.01","1,913.83","1,879.98","","-0.29%"
"Dec 18, 2002","1,916.37","1,934.50","1,935.76","1,895.11","","-1.45%"
"Dec 17, 2002","1,944.53","1,930.75","1,964.81","1,930.67","","+1.70%"
"Dec 16, 2002","1,912.04","1,948.01","1,963.73","1,903.09","","-1.94%"
"Dec 13, 2002","1,949.92","1,999.87","2,000.88","1,947.11","","-2.78%"
"Dec 12, 2002","2,005.64","1,991.84","2,011.14","1,987.61","","+0.58%"
"Dec 11, 2002","1,994.04","2,018.70","2,029.60","1,992.56","","-0.59%"
"Dec 10, 2002","2,005.93","1,996.89","2,020.30","1,996.89","","-0.19%"
"Dec 09, 2002","2,009.84","2,034.76","2,044.01","2,009.84","","-1.55%"
"Dec 06, 2002","2,041.56","2,048.80","2,065.99","2,035.15","","-0.09%"
"Dec 05, 2002","2,043.47","2,054.32","2,063.87","2,043.47","","-0.92%"
"Dec 04, 2002","2,062.49","2,081.36","2,085.53","2,057.27","","-1.97%"
"Dec 03, 2002","2,103.97","2,085.07","2,107.45","2,084.03","","+1.45%"
"Dec 02, 2002","2,073.93","2,063.87","2,076.08","2,052.29","","+0.92%"
"Nov 29, 2002","2,054.97","2,052.85","2,073.99","2,036.03","","-0.55%"
"Nov 28, 2002","2,066.25","2,023.36","2,071.74","2,023.36","","+3.25%"
"Nov 27, 2002","2,001.22","1,976.71","2,015.15","1,976.71","","+0.49%"
"Nov 26, 2002","1,991.41","2,023.29","2,024.82","1,977.54","","-1.75%"
"Nov 25, 2002","2,026.89","2,004.38","2,031.17","1,995.48","","+1.72%"
"Nov 22, 2002","1,992.59","1,987.06","1,994.59","1,969.74","","+0.72%"
"Nov 21, 2002","1,978.31","1,962.39","1,987.91","1,962.39","","+1.57%"
"Nov 20, 2002","1,947.65","1,943.77","1,969.79","1,936.23","","-0.55%"
"Nov 19, 2002","1,958.39","1,937.57","1,960.46","1,932.07","","+0.73%"
"Nov 18, 2002","1,944.12","1,966.88","1,968.92","1,932.61","","-2.06%"
"Nov 15, 2002","1,985.00","1,951.15","1,985.00","1,951.15","","+2.73%"
"Nov 14, 2002","1,932.24","1,969.02","1,976.52","1,932.24","","-2.15%"
"Nov 13, 2002","1,974.73","1,964.68","1,979.09","1,954.55","","+0.93%"
"Nov 12, 2002","1,956.59","1,941.51","1,968.10","1,940.36","","-0.03%"
"Nov 11, 2002","1,957.10","1,963.57","1,963.57","1,943.42","","-0.90%"
"Nov 08, 2002","1,974.90","2,009.52","2,010.18","1,971.94","","-2.74%"
"Nov 07, 2002","2,030.50","2,056.32","2,059.65","2,016.30","","-1.58%"
"Nov 06, 2002","2,063.13","2,065.95","2,090.79","2,048.15","","-0.62%"
"Nov 05, 2002","2,075.90","2,015.94","2,080.96","2,015.27","","+4.01%"
"Nov 01, 2002","1,995.85","1,993.11","1,997.58","1,970.40","","+0.37%"
"Oct 31, 2002","1,988.52","1,997.53","1,998.92","1,967.77","","+0.38%"
"Oct 30, 2002","1,981.00","1,957.00","1,993.61","1,947.66","","+0.26%"
"Oct 29, 2002","1,975.91","1,993.07","1,999.00","1,962.63","","-1.13%"
"Oct 28, 2002","1,998.54","1,953.18","1,998.54","1,944.17","","+2.56%"
"Oct 25, 2002","1,948.72","1,919.63","1,951.84","1,917.63","","+1.65%"
"Oct 24, 2002","1,917.07","1,945.10","1,945.10","1,900.81","","-0.73%"
"Oct 23, 2002","1,931.25","1,892.80","1,936.28","1,877.32","","+2.01%"
"Oct 22, 2002","1,893.19","1,950.50","1,956.16","1,893.03","","-2.87%"
"Oct 21, 2002","1,949.05","1,944.53","1,960.16","1,935.72","","+0.81%"
"Oct 18, 2002","1,933.35","1,914.24","1,948.78","1,913.95","","+2.16%"
"Oct 17, 2002","1,892.47","1,875.65","1,905.09","1,875.50","","+1.07%"
"Oct 16, 2002","1,872.40","1,886.74","1,893.56","1,862.53","","+0.15%"
"Oct 15, 2002","1,869.58","1,821.31","1,873.61","1,821.31","","+3.88%"
"Oct 11, 2002","1,799.72","1,784.20","1,815.44","1,784.20","","+2.13%"
"Oct 10, 2002","1,762.11","1,759.16","1,770.80","1,726.55","","-0.34%"
"Oct 09, 2002","1,768.12","1,798.23","1,799.12","1,768.12","","-1.95%"
"Oct 08, 2002","1,803.23","1,807.09","1,819.52","1,795.07","","-0.33%"
"Oct 07, 2002","1,809.23","1,860.58","1,860.58","1,808.48","","-3.98%"
"Oct 04, 2002","1,884.15","1,863.26","1,884.15","1,854.49","","+0.64%"
"Oct 03, 2002","1,872.14","1,880.76","1,891.49","1,871.76","","-0.17%"
"Oct 02, 2002","1,875.27","1,921.72","1,932.45","1,875.27","","-1.67%"
"Oct 01, 2002","1,907.18","1,921.18","1,921.18","1,901.55","","-1.82%"
"Sep 30, 2002","1,942.45","1,939.59","1,949.52","1,922.06","","-0.47%"
"Sep 27, 2002","1,951.70","1,944.75","1,955.20","1,938.14","","+1.11%"
"Sep 26, 2002","1,930.36","1,932.29","1,954.35","1,925.62","","+0.43%"
"Sep 25, 2002","1,922.16","1,922.16","1,944.02","1,912.17","","-1.32%"
"Sep 24, 2002","1,947.90","1,947.12","1,947.90","1,915.49","","-0.80%"
"Sep 20, 2002","1,963.64","1,979.81","2,002.46","1,956.34","","-1.79%"
"Sep 19, 2002","1,999.44","1,999.23","2,037.47","1,994.22","","+0.98%"
"Sep 18, 2002","1,980.01","1,984.01","1,984.01","1,937.93","","-1.17%"
"Sep 17, 2002","2,003.40","1,968.88","2,008.31","1,968.88","","+3.11%"
"Sep 13, 2002","1,942.89","1,946.35","1,946.35","1,924.66","","-0.98%"
"Sep 12, 2002","1,962.11","1,955.02","1,967.76","1,939.44","","+0.42%"
"Sep 11, 2002","1,953.93","1,915.69","1,960.04","1,915.69","","+3.07%"
"Sep 10, 2002","1,895.65","1,896.80","1,912.98","1,893.03","","+0.19%"
"Sep 09, 2002","1,892.00","1,882.26","1,909.96","1,882.26","","+1.25%"
"Sep 06, 2002","1,868.64","1,851.79","1,868.64","1,835.42","","+0.36%"
"Sep 05, 2002","1,861.85","1,845.60","1,874.21","1,840.43","","+1.35%"
"Sep 04, 2002","1,837.05","1,841.95","1,850.03","1,824.36","","-1.53%"
"Sep 03, 2002","1,865.55","1,894.23","1,900.57","1,857.66","","-2.35%"
"Sep 02, 2002","1,910.43","1,915.36","1,922.91","1,904.14","","-0.63%"
"Aug 30, 2002","1,922.63","1,926.21","1,944.22","1,918.88","","+0.76%"
"Aug 29, 2002","1,908.22","1,926.66","1,929.25","1,903.69","","-1.88%"
"Aug 28, 2002","1,944.82","1,970.03","1,978.03","1,935.96","","-0.69%"
"Aug 27, 2002","1,958.41","1,985.94","1,994.96","1,958.41","","-1.68%"
"Aug 26, 2002","1,991.81","1,964.39","2,009.28","1,964.39","","+0.82%"
"Aug 23, 2002","1,975.66","1,966.14","1,988.19","1,966.14","","+0.84%"
"Aug 22, 2002","1,959.17","1,922.87","1,963.46","1,908.76","","+2.37%"
"Aug 21, 2002","1,913.81","1,914.31","1,930.68","1,905.88","","-0.73%"
"Aug 20, 2002","1,927.85","1,925.27","1,941.27","1,917.42","","+1.25%"
"Aug 19, 2002","1,904.09","1,939.98","1,941.69","1,897.24","","-1.85%"
"Aug 16, 2002","1,939.98","1,950.04","1,956.70","1,932.91","","+0.49%"
"Aug 15, 2002","1,930.51","1,925.71","1,954.10","1,925.71","","+1.10%"
"Aug 14, 2002","1,909.47","1,900.14","1,914.57","1,897.56","","+0.80%"
"Aug 13, 2002","1,894.36","1,898.16","1,912.27","1,882.41","","-1.29%"
"Aug 12, 2002","1,919.19","1,969.46","1,970.02","1,919.19","","-3.15%"
"Aug 09, 2002","1,981.53","1,933.90","1,982.36","1,929.13","","+3.73%"
"Aug 08, 2002","1,910.21","1,908.84","1,931.95","1,902.85","","+0.78%"
"Aug 07, 2002","1,895.34","1,835.73","1,908.73","1,835.73","","+4.70%"
"Aug 06, 2002","1,810.18","1,828.60","1,828.60","1,792.63","","-1.92%"
"Aug 05, 2002","1,845.58","1,847.17","1,855.81","1,830.33","","-0.82%"
"Aug 02, 2002","1,860.83","1,875.52","1,880.96","1,854.27","","-1.38%"
"Aug 01, 2002","1,886.80","1,934.40","1,936.82","1,876.90","","-2.25%"
"Jul 31, 2002","1,930.18","1,939.28","1,946.72","1,919.97","","-0.62%"
"Jul 30, 2002","1,942.18","1,929.92","1,957.34","1,927.18","","+0.71%"
"Jul 29, 2002","1,928.57","1,861.10","1,928.57","1,855.56","","+3.58%"
"Jul 26, 2002","1,861.85","1,906.55","1,906.90","1,826.76","","-2.95%"
"Jul 25, 2002","1,918.49","1,958.24","1,985.10","1,917.28","","-0.63%"
"Jul 24, 2002","1,930.71","1,989.73","1,989.73","1,930.71","","-3.41%"
"Jul 23, 2002","1,998.78","1,975.81","2,013.04","1,968.48","","+0.62%"
"Jul 22, 2002","1,986.49","1,991.35","2,012.22","1,952.64","","-1.49%"
"Jul 19, 2002","2,016.46","2,059.83","2,059.83","2,015.40","","-2.72%"
"Jul 18, 2002","2,072.92","2,046.21","2,075.71","2,043.82","","+1.85%"
"Jul 17, 2002","2,035.20","2,043.73","2,051.49","2,003.88","","-0.70%"
"Jul 16, 2002","2,049.65","2,057.95","2,099.91","2,049.65","","-0.93%"
"Jul 15, 2002","2,068.81","2,084.92","2,085.64","2,057.35","","-0.46%"
"Jul 12, 2002","2,078.31","2,097.84","2,115.60","2,076.70","","-0.22%"
"Jul 11, 2002","2,082.86","2,108.10","2,108.16","2,068.08","","-1.87%"
"Jul 10, 2002","2,122.60","2,162.79","2,168.92","2,122.60","","-2.65%"
"Jul 09, 2002","2,180.41","2,151.29","2,180.41","2,134.22","","+2.09%"
"Jul 08, 2002","2,135.68","2,175.50","2,199.14","2,135.68","","-0.72%"
"Jul 05, 2002","2,151.18","2,127.16","2,169.42","2,127.16","","+1.23%"
"Jul 04, 2002","2,125.02","2,134.53","2,152.32","2,122.12","","-0.19%"
"Jul 03, 2002","2,129.08","2,095.09","2,148.35","2,085.94","","+0.58%"
"Jul 02, 2002","2,116.75","2,098.60","2,116.75","2,069.26","","+0.08%"
"Jul 01, 2002","2,115.02","2,128.84","2,134.66","2,107.82","","-0.40%"
"Jun 28, 2002","2,123.52","2,099.21","2,124.58","2,097.55","","+2.01%"
"Jun 27, 2002","2,081.76","2,061.48","2,089.75","2,061.48","","+1.46%"
"Jun 26, 2002","2,051.72","2,093.58","2,093.58","2,041.52","","-3.09%"
"Jun 25, 2002","2,117.07","2,133.44","2,157.64","2,104.42","","-0.58%"
"Jun 24, 2002","2,129.45","2,066.73","2,129.45","2,034.84","","+1.58%"
"Jun 21, 2002","2,096.27","2,124.82","2,124.82","2,096.27","","-2.13%"
"Jun 20, 2002","2,141.87","2,112.36","2,147.00","2,094.81","","+0.90%"
"Jun 19, 2002","2,122.69","2,187.94","2,188.12","2,116.07","","-3.36%"
"Jun 18, 2002","2,196.50","2,179.79","2,202.51","2,171.11","","+2.11%"
"Jun 17, 2002","2,151.08","2,199.38","2,199.75","2,130.41","","-2.81%"
"Jun 14, 2002","2,213.22","2,242.37","2,242.37","2,211.03","","-1.30%"
"Jun 13, 2002","2,242.38","2,272.22","2,281.89","2,232.05","","-0.81%"
"Jun 12, 2002","2,260.80","2,284.24","2,284.68","2,254.73","","-1.25%"
"Jun 11, 2002","2,289.53","2,283.33","2,302.96","2,282.38","","+0.43%"
"Jun 10, 2002","2,279.78","2,286.27","2,299.17","2,278.55","","-0.20%"
"Jun 07, 2002","2,284.36","2,298.28","2,298.28","2,270.18","","-1.44%"
"Jun 06, 2002","2,317.81","2,332.92","2,343.00","2,306.60","","-0.51%"
"Jun 05, 2002","2,329.60","2,313.43","2,339.77","2,308.99","","+1.30%"
"Jun 04, 2002","2,299.68","2,322.45","2,330.71","2,294.12","","-1.37%"
"Jun 03, 2002","2,331.68","2,317.92","2,338.62","2,317.92","","+0.88%"
"May 31, 2002","2,311.31","2,331.34","2,331.34","2,291.10","","-0.52%"
"May 30, 2002","2,323.50","2,323.11","2,330.63","2,318.30","","-0.01%"
"May 29, 2002","2,323.66","2,323.65","2,342.32","2,305.14","","-0.41%"
"May 28, 2002","2,333.31","2,320.80","2,333.31","2,310.49","","+0.64%"
"May 27, 2002","2,318.57","2,334.57","2,337.11","2,315.70","","-1.24%"
"May 24, 2002","2,347.59","2,339.96","2,347.59","2,321.26","","+0.71%"
"May 23, 2002","2,330.94","2,343.71","2,349.76","2,316.35","","-0.42%"
"May 22, 2002","2,340.76","2,330.37","2,356.47","2,321.94","","-0.21%"
"May 21, 2002","2,345.61","2,346.95","2,347.61","2,324.33","","-0.41%"
"May 20, 2002","2,355.23","2,375.54","2,377.49","2,351.01","","-0.76%"
"May 17, 2002","2,373.24","2,366.54","2,385.34","2,366.54","","+0.71%"
"May 16, 2002","2,356.61","2,323.29","2,357.20","2,319.02","","+2.38%"
"May 15, 2002","2,301.76","2,281.23","2,322.80","2,281.22","","+2.03%"
"May 14, 2002","2,255.95","2,268.62","2,285.14","2,253.31","","+0.07%"
"May 13, 2002","2,254.44","2,286.20","2,286.20","2,236.06","","-2.31%"
"May 10, 2002","2,307.65","2,299.26","2,315.09","2,283.29","","-0.30%"
"May 09, 2002","2,314.67","2,320.88","2,345.12","2,314.55","","+0.97%"
"May 08, 2002","2,292.37","2,283.46","2,327.47","2,283.40","","+0.68%"
"May 07, 2002","2,276.86","2,329.49","2,330.56","2,267.33","","-2.79%"
"May 02, 2002","2,342.24","2,339.79","2,346.73","2,328.29","","+0.05%"
"May 01, 2002","2,341.18","2,340.65","2,353.21","2,335.60","","+0.24%"
"Apr 30, 2002","2,335.52","2,361.81","2,369.13","2,335.52","","-1.15%"
"Apr 26, 2002","2,362.79","2,355.46","2,373.17","2,346.21","","+0.13%"
"Apr 25, 2002","2,359.67","2,371.51","2,374.74","2,347.25","","-0.88%"
"Apr 24, 2002","2,380.67","2,370.48","2,400.40","2,369.04","","+0.79%"
"Apr 23, 2002","2,361.91","2,317.57","2,370.22","2,308.23","","+1.43%"
"Apr 22, 2002","2,328.70","2,257.70","2,337.38","2,257.70","","+2.55%"
"Apr 19, 2002","2,270.84","2,271.60","2,274.25","2,239.83","","-0.68%"
"Apr 18, 2002","2,286.45","2,271.38","2,293.50","2,269.56","","+0.84%"
"Apr 17, 2002","2,267.37","2,235.05","2,267.37","2,234.88","","+2.19%"
"Apr 16, 2002","2,218.75","2,182.91","2,218.94","2,180.34","","+2.08%"
"Apr 15, 2002","2,173.54","2,136.73","2,173.54","2,134.01","","+1.66%"
"Apr 12, 2002","2,138.13","2,140.07","2,153.55","2,129.81","","-0.87%"
"Apr 11, 2002","2,156.79","2,174.39","2,185.80","2,156.79","","-0.25%"
"Apr 10, 2002","2,162.24","2,159.28","2,173.45","2,145.44","","-0.88%"
"Apr 09, 2002","2,181.48","2,207.02","2,211.63","2,170.15","","-1.21%"
"Apr 08, 2002","2,208.17","2,216.49","2,219.51","2,192.79","","-0.20%"
"Apr 05, 2002","2,212.51","2,211.34","2,215.35","2,190.90","","-0.17%"
"Apr 04, 2002","2,216.31","2,228.89","2,234.79","2,202.58","","-0.53%"
"Apr 03, 2002","2,228.11","2,195.41","2,240.72","2,176.05","","+0.42%"
"Apr 02, 2002","2,218.88","2,158.88","2,224.22","2,154.98","","+3.48%"
"Apr 01, 2002","2,144.24","2,162.87","2,170.70","2,135.15","","-1.05%"
"Mar 29, 2002","2,166.99","2,193.28","2,198.12","2,148.13","","-0.55%"
"Mar 28, 2002","2,178.98","2,173.37","2,182.76","2,158.59","","+0.74%"
"Mar 27, 2002","2,163.04","2,134.36","2,174.99","2,131.53","","+1.85%"
"Mar 26, 2002","2,123.72","2,125.04","2,172.12","2,118.66","","-0.90%"
"Mar 25, 2002","2,143.07","2,127.60","2,143.07","2,118.27","","+0.42%"
"Mar 22, 2002","2,134.08","2,156.59","2,161.20","2,118.88","","-1.92%"
"Mar 20, 2002","2,175.89","2,208.85","2,210.94","2,165.27","","-1.58%"
"Mar 19, 2002","2,210.82","2,172.77","2,213.30","2,172.77","","+2.58%"
"Mar 18, 2002","2,155.23","2,165.56","2,185.75","2,149.43","","-0.08%"
"Mar 15, 2002","2,156.97","2,125.31","2,156.97","2,124.28","","+1.53%"
"Mar 14, 2002","2,124.37","2,109.18","2,124.37","2,079.70","","+0.70%"
"Mar 13, 2002","2,109.60","2,102.70","2,160.62","2,094.33","","-0.31%"
"Mar 12, 2002","2,116.26","2,151.99","2,153.57","2,106.04","","-1.77%"
"Mar 11, 2002","2,154.38","2,151.99","2,174.27","2,125.72","","+1.13%"
"Mar 08, 2002","2,130.31","2,137.39","2,156.98","2,127.38","","-1.17%"
"Mar 07, 2002","2,155.51","2,137.65","2,160.73","2,129.31","","+1.27%"
"Mar 06, 2002","2,128.39","2,145.76","2,148.33","2,113.93","","-1.38%"
"Mar 05, 2002","2,158.16","2,166.04","2,188.60","2,147.18","","+0.03%"
"Mar 04, 2002","2,157.58","2,076.98","2,157.58","2,072.31","","+4.36%"
"Mar 01, 2002","2,067.38","2,054.45","2,067.38","2,032.50","","+1.23%"
"Feb 28, 2002","2,042.20","2,030.55","2,063.80","2,025.84","","+0.54%"
"Feb 27, 2002","2,031.16","1,973.16","2,031.16","1,966.86","","+3.03%"
"Feb 26, 2002","1,971.46","2,009.81","2,013.93","1,962.28","","-1.64%"
"Feb 25, 2002","2,004.26","2,009.80","2,027.75","1,999.39","","+0.65%"
"Feb 22, 2002","1,991.38","1,971.75","2,016.88","1,964.10","","+0.05%"
"Feb 21, 2002","1,990.39","1,918.13","1,990.39","1,917.31","","+4.31%"
"Feb 20, 2002","1,908.24","1,899.99","1,915.82","1,896.88","","-0.66%"
"Feb 19, 2002","1,920.93","1,943.96","1,954.05","1,915.93","","-1.16%"
"Feb 18, 2002","1,943.40","1,935.73","1,950.04","1,927.42","","-0.01%"
"Feb 15, 2002","1,943.66","1,948.24","1,961.18","1,941.37","","-0.17%"
"Feb 14, 2002","1,947.01","1,920.97","1,969.37","1,920.97","","+2.04%"
"Feb 13, 2002","1,908.14","1,893.08","1,922.18","1,885.81","","+1.30%"
"Feb 12, 2002","1,883.65","1,824.87","1,889.00","1,824.87","","+4.56%"
"Feb 08, 2002","1,801.45","1,767.93","1,801.72","1,761.33","","+1.76%"
"Feb 07, 2002","1,770.37","1,752.72","1,770.57","1,748.74","","+0.83%"
"Feb 06, 2002","1,755.72","1,752.44","1,777.25","1,750.97","","+0.53%"
"Feb 05, 2002","1,746.52","1,760.47","1,776.97","1,740.70","","-1.49%"
"Feb 04, 2002","1,772.92","1,795.20","1,795.20","1,772.43","","-1.83%"
"Feb 01, 2002","1,805.99","1,868.83","1,868.83","1,805.99","","-2.63%"
"Jan 31, 2002","1,854.79","1,850.29","1,859.52","1,838.95","","+0.96%"
"Jan 30, 2002","1,837.21","1,843.24","1,846.65","1,826.65","","-1.32%"
"Jan 29, 2002","1,861.80","1,896.85","1,896.85","1,861.80","","-1.60%"
"Jan 28, 2002","1,892.00","1,893.88","1,903.53","1,880.59","","+0.65%"
"Jan 25, 2002","1,879.81","1,882.40","1,884.44","1,867.00","","+0.64%"
"Jan 24, 2002","1,867.80","1,868.76","1,877.60","1,853.71","","+0.07%"
"Jan 23, 2002","1,866.51","1,870.73","1,880.72","1,864.72","","-0.65%"
"Jan 22, 2002","1,878.74","1,891.21","1,903.12","1,872.28","","-1.16%"
"Jan 21, 2002","1,900.82","1,875.59","1,918.28","1,865.94","","+0.82%"
"Jan 18, 2002","1,885.27","1,855.43","1,885.27","1,850.98","","+1.90%"
"Jan 17, 2002","1,850.06","1,851.11","1,860.65","1,840.89","","-1.23%"
"Jan 16, 2002","1,873.10","1,889.10","1,889.10","1,853.11","","-0.85%"
"Jan 15, 2002","1,889.20","1,937.11","1,937.31","1,889.20","","-3.81%"
"Jan 11, 2002","1,964.03","1,974.67","1,984.79","1,960.35","","-0.85%"
"Jan 10, 2002","1,980.95","1,994.25","2,012.18","1,980.95","","+0.04%"
"Jan 09, 2002","1,980.23","1,967.68","2,002.97","1,967.68","","+0.49%"
"Jan 08, 2002","1,970.48","2,008.15","2,011.22","1,957.31","","-2.01%"
"Jan 07, 2002","2,010.83","2,009.39","2,019.03","1,993.45","","+0.36%"
"Jan 04, 2002","2,003.70","1,952.49","2,003.70","1,952.49","","+3.76%"
"Dec 28, 2001","1,931.08","1,926.01","1,931.08","1,911.84","","+1.52%"
"Dec 27, 2001","1,902.08","1,891.34","1,912.81","1,883.18","","+1.25%"
"Dec 26, 2001","1,878.64","1,893.82","1,902.32","1,876.18","","-0.41%"
"Dec 25, 2001","1,886.29","1,875.42","1,902.32","1,864.13","","+0.77%"
"Dec 21, 2001","1,871.90","1,891.87","1,893.24","1,855.30","","-1.92%"
"Dec 20, 2001","1,908.64","1,897.12","1,910.71","1,888.94","","-0.23%"
"Dec 19, 2001","1,913.02","1,926.98","1,932.76","1,894.95","","-1.70%"
"Dec 18, 2001","1,946.07","1,951.09","1,973.08","1,926.14","","+0.15%"
"Dec 17, 2001","1,943.20","1,953.05","1,960.24","1,938.09","","-0.51%"
"Dec 14, 2001","1,953.08","1,949.10","1,963.03","1,927.88","","-0.81%"
"Dec 13, 2001","1,969.05","1,998.18","1,998.18","1,958.30","","-2.17%"
"Dec 12, 2001","2,012.82","1,955.64","2,018.43","1,955.64","","+2.80%"
"Dec 11, 2001","1,958.04","1,954.67","1,970.85","1,942.18","","-0.45%"
"Dec 10, 2001","1,966.83","1,988.48","1,988.48","1,958.03","","-1.06%"
"Dec 07, 2001","1,987.94","1,997.24","1,997.66","1,973.76","","-0.94%"
"Dec 06, 2001","2,006.79","1,971.14","2,022.97","1,971.14","","+2.66%"
"Dec 05, 2001","1,954.78","1,929.91","1,958.60","1,929.91","","+2.16%"
"Dec 04, 2001","1,913.41","1,912.78","1,916.88","1,875.04","","+0.18%"
"Dec 03, 2001","1,909.97","1,953.58","1,955.55","1,903.41","","-2.04%"
"Nov 30, 2001","1,949.79","1,934.79","1,958.19","1,933.39","","+0.80%"
"Nov 29, 2001","1,934.37","1,939.87","1,943.87","1,918.50","","-0.92%"
"Nov 28, 2001","1,952.24","1,965.20","1,971.85","1,952.24","","-1.46%"
"Nov 27, 2001","1,981.11","2,001.85","2,007.22","1,981.11","","-1.18%"
"Nov 26, 2001","2,004.80","1,984.52","2,021.38","1,984.52","","+2.58%"
"Nov 22, 2001","1,954.40","1,933.19","1,954.40","1,929.00","","+0.37%"
"Nov 21, 2001","1,947.21","1,960.62","1,960.67","1,919.48","","-1.48%"
"Nov 20, 2001","1,976.38","2,004.46","2,009.82","1,969.61","","-0.66%"
"Nov 19, 2001","1,989.53","1,982.40","1,996.63","1,973.62","","+0.23%"
"Nov 16, 2001","1,984.88","1,921.21","1,994.38","1,918.01","","+3.01%"
"Nov 15, 2001","1,926.97","1,873.60","1,926.97","1,873.39","","+3.14%"
"Nov 14, 2001","1,868.27","1,878.18","1,902.49","1,868.27","","+0.49%"
"Nov 13, 2001","1,859.23","1,871.69","1,873.52","1,847.57","","-1.50%"
"Nov 12, 2001","1,887.60","1,881.99","1,902.49","1,881.99","","+0.66%"
"Nov 09, 2001","1,875.18","1,892.01","1,896.89","1,875.18","","-1.30%"
"Nov 08, 2001","1,899.86","1,890.78","1,920.10","1,883.30","","+0.73%"
"Nov 07, 2001","1,886.04","1,984.01","1,985.26","1,886.04","","-4.97%"
"Nov 06, 2001","1,984.66","1,961.03","1,995.84","1,952.90","","+2.04%"
"Nov 05, 2001","1,944.92","1,947.91","1,947.91","1,931.02","","-0.23%"
"Nov 02, 2001","1,949.31","1,942.86","1,968.41","1,942.01","","+1.39%"
"Nov 01, 2001","1,922.58","1,933.05","1,945.97","1,919.66","","+0.17%"
"Oct 31, 2001","1,919.39","1,920.55","1,940.33","1,913.52","","-0.96%"
"Oct 30, 2001","1,937.90","1,945.65","1,947.27","1,922.71","","-0.99%"
"Oct 29, 2001","1,957.24","1,986.10","1,986.10","1,957.24","","-1.34%"
"Oct 26, 2001","1,983.86","2,009.98","2,019.11","1,983.86","","-0.38%"
"Oct 25, 2001","1,991.48","2,001.29","2,011.50","1,983.88","","+0.01%"
"Oct 24, 2001","1,991.27","1,987.83","1,999.38","1,969.01","","-0.39%"
"Oct 23, 2001","1,999.16","1,957.41","1,999.16","1,957.41","","+3.38%"
"Oct 22, 2001","1,933.84","1,914.69","1,944.86","1,912.27","","+1.55%"
"Oct 19, 2001","1,904.36","1,876.56","1,914.23","1,876.32","","+1.39%"
"Oct 18, 2001","1,878.29","1,908.67","1,908.67","1,863.49","","-2.59%"
"Oct 17, 2001","1,928.16","1,895.60","1,932.11","1,888.25","","+2.37%"
"Oct 16, 2001","1,883.46","1,831.34","1,889.32","1,817.62","","+2.64%"
"Oct 15, 2001","1,834.99","1,867.45","1,867.45","1,828.54","","-2.66%"
"Oct 12, 2001","1,885.10","1,863.97","1,887.38","1,857.73","","+2.48%"
"Oct 11, 2001","1,839.55","1,798.96","1,839.55","1,798.96","","+3.44%"
"Oct 10, 2001","1,778.30","1,797.77","1,799.81","1,778.11","","-1.13%"
"Oct 09, 2001","1,798.60","1,839.48","1,839.48","1,795.60","","-2.67%"
"Oct 05, 2001","1,847.92","1,850.19","1,867.73","1,840.28","","-0.10%"
"Oct 04, 2001","1,849.77","1,820.68","1,849.77","1,819.25","","+2.42%"
"Oct 03, 2001","1,806.06","1,824.20","1,847.78","1,806.06","","+0.08%"
"Oct 02, 2001","1,804.64","1,756.11","1,804.64","1,747.87","","+2.94%"
"Oct 01, 2001","1,753.09","1,726.21","1,753.09","1,707.99","","+1.73%"
"Sep 28, 2001","1,723.27","1,700.11","1,750.77","1,697.00","","+2.84%"
"Sep 27, 2001","1,675.61","1,660.27","1,678.54","1,654.49","","+0.73%"
"Sep 26, 2001","1,663.48","1,682.09","1,682.46","1,648.07","","-1.20%"
"Sep 25, 2001","1,683.72","1,682.33","1,713.20","1,677.94","","+0.97%"
"Sep 21, 2001","1,667.51","1,710.08","1,710.08","1,661.38","","-3.61%"
"Sep 20, 2001","1,729.91","1,733.35","1,745.00","1,713.62","","+0.11%"
"Sep 19, 2001","1,727.99","1,685.43","1,762.45","1,685.43","","+2.63%"
"Sep 18, 2001","1,683.76","1,673.91","1,714.08","1,673.91","","+1.25%"
"Sep 17, 2001","1,662.93","1,741.96","1,741.96","1,662.93","","-5.40%"
"Sep 14, 2001","1,757.86","1,714.91","1,762.37","1,707.99","","+2.76%"
"Sep 13, 2001","1,710.68","1,689.69","1,712.50","1,668.28","","+2.01%"
"Sep 12, 2001","1,676.97","1,777.54","1,777.54","1,671.06","","-7.07%"
"Sep 11, 2001","1,804.51","1,790.18","1,809.70","1,784.56","","+1.16%"
"Sep 10, 2001","1,783.88","1,821.11","1,830.17","1,783.88","","-2.45%"
"Sep 07, 2001","1,828.65","1,837.55","1,837.55","1,813.22","","-1.56%"
"Sep 06, 2001","1,857.72","1,848.00","1,886.08","1,833.70","","+0.25%"
"Sep 05, 2001","1,853.14","1,869.15","1,869.15","1,828.34","","-1.58%"
"Sep 04, 2001","1,882.82","1,779.82","1,882.82","1,779.59","","+5.97%"
"Sep 03, 2001","1,776.68","1,882.12","1,886.69","1,775.11","","-5.61%"
"Aug 31, 2001","1,882.33","1,909.97","1,911.91","1,878.88","","-2.65%"
"Aug 30, 2001","1,933.59","1,940.32","1,944.62","1,923.09","","-0.78%"
"Aug 29, 2001","1,948.81","1,943.80","1,958.46","1,932.37","","-0.82%"
"Aug 28, 2001","1,964.96","1,967.83","1,967.83","1,928.14","","-0.03%"
"Aug 27, 2001","1,965.53","1,955.60","1,973.66","1,953.55","","+1.36%"
"Aug 24, 2001","1,939.09","1,955.74","1,956.17","1,912.71","","-0.90%"
"Aug 23, 2001","1,956.64","2,046.39","2,046.39","1,956.64","","-3.42%"
"Aug 22, 2001","2,026.03","2,018.90","2,057.03","2,011.67","","-0.25%"
"Aug 21, 2001","2,031.12","2,060.03","2,072.50","2,030.32","","-0.16%"
"Aug 20, 2001","2,034.33","2,026.27","2,049.45","2,016.33","","-0.75%"
"Aug 17, 2001","2,049.60","2,061.19","2,066.43","2,040.19","","-0.98%"
"Aug 16, 2001","2,069.85","2,132.53","2,132.53","2,069.85","","-4.17%"
"Aug 15, 2001","2,159.93","2,161.80","2,169.93","2,140.67","","-0.65%"
"Aug 14, 2001","2,173.98","2,144.91","2,182.46","2,137.95","","+1.74%"
"Aug 13, 2001","2,136.87","2,175.25","2,175.25","2,134.66","","-1.92%"
"Aug 10, 2001","2,178.65","2,178.43","2,199.70","2,169.36","","-0.39%"
"Aug 09, 2001","2,187.26","2,200.56","2,210.46","2,177.01","","-1.90%"
"Aug 08, 2001","2,229.59","2,264.90","2,269.11","2,227.82","","-2.25%"
"Aug 07, 2001","2,280.95","2,274.84","2,284.92","2,248.81","","-0.36%"
"Aug 06, 2001","2,289.24","2,276.53","2,290.00","2,259.80","","+0.76%"
"Aug 03, 2001","2,272.00","2,283.92","2,299.75","2,260.29","","-0.91%"
"Aug 02, 2001","2,292.87","2,253.07","2,303.59","2,248.83","","+2.85%"
"Aug 01, 2001","2,229.30","2,195.42","2,229.30","2,187.35","","+2.08%"
"Jul 31, 2001","2,183.91","2,131.58","2,184.08","2,130.39","","+2.59%"
"Jul 30, 2001","2,128.79","2,141.03","2,141.03","2,100.69","","-0.42%"
"Jul 27, 2001","2,137.68","2,149.77","2,156.53","2,117.71","","-0.63%"
"Jul 26, 2001","2,151.27","2,156.90","2,163.84","2,137.93","","+0.17%"
"Jul 25, 2001","2,147.58","2,137.13","2,162.81","2,118.83","","+0.25%"
"Jul 24, 2001","2,142.19","2,104.40","2,142.19","2,103.07","","+1.95%"
"Jul 23, 2001","2,101.22","2,118.83","2,118.83","2,075.53","","-1.43%"
"Jul 19, 2001","2,131.63","2,138.68","2,143.04","2,119.37","","-0.68%"
"Jul 18, 2001","2,146.29","2,187.71","2,187.71","2,138.22","","-1.43%"
"Jul 17, 2001","2,177.45","2,182.96","2,186.54","2,160.07","","-0.43%"
"Jul 16, 2001","2,186.95","2,174.62","2,203.28","2,174.62","","+0.88%"
"Jul 13, 2001","2,167.95","2,209.52","2,229.07","2,167.95","","-1.70%"
"Jul 12, 2001","2,205.39","2,146.92","2,208.65","2,146.92","","+3.97%"
"Jul 11, 2001","2,121.10","2,149.94","2,149.94","2,110.76","","-2.19%"
"Jul 10, 2001","2,168.54","2,143.66","2,168.54","2,138.21","","+1.41%"
"Jul 09, 2001","2,138.34","2,144.08","2,144.08","2,087.63","","-1.00%"
"Jul 06, 2001","2,159.91","2,186.62","2,188.76","2,151.52","","-2.26%"
"Jul 05, 2001","2,209.75","2,210.03","2,230.35","2,201.32","","-0.36%"
"Jul 04, 2001","2,217.81","2,257.05","2,257.05","2,211.19","","-2.09%"
"Jul 03, 2001","2,265.24","2,284.08","2,292.43","2,252.29","","+0.17%"
"Jul 02, 2001","2,261.49","2,301.10","2,301.10","2,239.66","","-1.58%"
"Jun 29, 2001","2,297.76","2,302.19","2,311.35","2,257.75","","+1.02%"
"Jun 28, 2001","2,274.50","2,277.53","2,285.26","2,254.71","","+0.03%"
"Jun 27, 2001","2,273.82","2,300.87","2,304.06","2,271.81","","-1.56%"
"Jun 26, 2001","2,309.90","2,288.20","2,309.90","2,286.29","","+1.06%"
"Jun 25, 2001","2,285.73","2,288.78","2,297.43","2,270.15","","+0.07%"
"Jun 22, 2001","2,284.07","2,256.84","2,285.28","2,253.00","","+1.67%"
"Jun 21, 2001","2,246.64","2,242.26","2,249.52","2,224.50","","+1.04%"
"Jun 20, 2001","2,223.54","2,204.33","2,230.59","2,194.27","","+1.05%"
"Jun 19, 2001","2,200.33","2,224.63","2,238.69","2,188.99","","-0.54%"
"Jun 18, 2001","2,212.22","2,202.49","2,223.52","2,201.79","","+1.21%"
"Jun 15, 2001","2,185.71","2,199.50","2,199.50","2,158.67","","-1.59%"
"Jun 14, 2001","2,220.95","2,228.60","2,231.98","2,215.65","","-0.82%"
"Jun 13, 2001","2,239.25","2,268.01","2,270.40","2,239.25","","-1.77%"
"Jun 12, 2001","2,279.52","2,323.40","2,328.50","2,274.36","","-2.58%"
"Jun 11, 2001","2,339.90","2,386.37","2,386.37","2,329.84","","-1.84%"
"Jun 08, 2001","2,383.82","2,352.91","2,397.66","2,352.91","","+1.08%"
"Jun 07, 2001","2,358.30","2,356.27","2,369.66","2,346.79","","+0.45%"
"Jun 06, 2001","2,347.83","2,358.95","2,398.63","2,345.49","","+0.41%"
"Jun 05, 2001","2,338.26","2,361.62","2,362.44","2,319.70","","-1.13%"
"Jun 04, 2001","2,365.10","2,391.41","2,393.29","2,359.63","","-0.58%"
"Jun 01, 2001","2,378.99","2,410.42","2,420.41","2,373.61","","-0.58%"
"May 31, 2001","2,392.86","2,431.07","2,431.14","2,392.86","","-2.32%"
"May 30, 2001","2,449.71","2,514.64","2,514.64","2,435.81","","-3.25%"
"May 29, 2001","2,531.96","2,528.94","2,539.24","2,516.53","","+0.18%"
"May 28, 2001","2,527.33","2,527.62","2,535.87","2,521.74","","+0.32%"
"May 25, 2001","2,519.35","2,536.93","2,551.08","2,519.35","","0.00%"
"May 24, 2001","2,519.39","2,548.35","2,551.67","2,513.04","","-2.13%"
"May 23, 2001","2,574.26","2,576.89","2,590.49","2,568.62","","-0.20%"
"May 22, 2001","2,579.33","2,602.81","2,629.84","2,579.33","","+0.16%"
"May 21, 2001","2,575.15","2,571.72","2,610.23","2,571.15","","+0.30%"
"May 18, 2001","2,567.53","2,550.85","2,580.44","2,545.32","","+1.04%"
"May 17, 2001","2,541.17","2,535.43","2,569.88","2,517.23","","+0.94%"
"May 16, 2001","2,517.44","2,559.16","2,564.80","2,517.44","","-1.65%"
"May 15, 2001","2,559.65","2,543.63","2,563.01","2,531.83","","-0.09%"
"May 14, 2001","2,561.91","2,591.94","2,591.94","2,555.68","","-1.13%"
"May 11, 2001","2,591.09","2,594.50","2,620.06","2,591.09","","+0.32%"
"May 10, 2001","2,582.83","2,569.35","2,590.55","2,561.41","","+0.16%"
"May 09, 2001","2,578.60","2,587.12","2,590.03","2,551.00","","-0.66%"
"May 08, 2001","2,595.63","2,611.22","2,612.66","2,582.25","","-0.70%"
"May 07, 2001","2,613.82","2,582.66","2,620.65","2,569.94","","+1.81%"
"May 02, 2001","2,567.27","2,593.36","2,593.36","2,551.48","","-0.76%"
"May 01, 2001","2,586.81","2,534.75","2,586.81","2,519.59","","+3.24%"
"Apr 27, 2001","2,505.59","2,506.05","2,511.09","2,479.15","","+0.84%"
"Apr 26, 2001","2,484.69","2,465.96","2,494.05","2,461.20","","+1.79%"
"Apr 25, 2001","2,441.08","2,421.90","2,449.17","2,419.28","","+1.28%"
"Apr 24, 2001","2,410.14","2,402.62","2,416.17","2,361.19","","-0.79%"
"Apr 23, 2001","2,429.40","2,452.57","2,483.50","2,424.95","","-0.69%"
"Apr 20, 2001","2,446.26","2,461.87","2,478.92","2,428.03","","-0.19%"
"Apr 19, 2001","2,451.02","2,424.06","2,477.99","2,423.37","","+2.33%"
"Apr 18, 2001","2,395.30","2,336.22","2,395.30","2,336.22","","+3.13%"
"Apr 17, 2001","2,322.54","2,350.85","2,350.85","2,312.89","","-1.58%"
"Apr 16, 2001","2,359.75","2,374.63","2,386.20","2,350.47","","-1.01%"
"Apr 13, 2001","2,383.78","2,420.47","2,438.31","2,372.89","","-0.61%"
"Apr 12, 2001","2,398.39","2,394.13","2,426.96","2,380.70","","+0.98%"
"Apr 11, 2001","2,375.19","2,348.73","2,382.16","2,337.68","","+2.51%"
"Apr 10, 2001","2,317.05","2,368.01","2,377.21","2,317.05","","-2.46%"
"Apr 09, 2001","2,375.42","2,444.15","2,444.15","2,371.20","","-2.36%"
"Apr 06, 2001","2,432.84","2,442.16","2,484.51","2,420.92","","+0.91%"
"Apr 05, 2001","2,410.83","2,386.29","2,430.12","2,386.29","","+1.97%"
"Apr 04, 2001","2,364.27","2,344.38","2,377.01","2,330.43","","-0.25%"
"Apr 03, 2001","2,370.18","2,347.84","2,372.76","2,344.58","","+0.88%"
"Apr 02, 2001","2,349.39","2,383.65","2,383.65","2,326.35","","-0.93%"
"Mar 30, 2001","2,371.47","2,396.37","2,435.28","2,371.28","","-0.53%"
"Mar 29, 2001","2,384.18","2,454.77","2,454.77","2,375.12","","-3.88%"
"Mar 28, 2001","2,480.36","2,501.06","2,503.35","2,445.25","","+0.24%"
"Mar 27, 2001","2,474.35","2,486.45","2,490.25","2,446.40","","-0.63%"
"Mar 26, 2001","2,489.99","2,355.89","2,489.99","2,354.39","","+6.54%"
"Mar 23, 2001","2,337.20","2,294.61","2,363.24","2,293.12","","+2.21%"
"Mar 22, 2001","2,286.70","2,297.41","2,340.11","2,275.09","","-0.96%"
"Mar 21, 2001","2,308.91","2,250.92","2,308.91","2,218.54","","+1.83%"
"Mar 19, 2001","2,267.50","2,272.68","2,293.05","2,251.28","","-0.35%"
"Mar 16, 2001","2,275.44","2,265.97","2,316.28","2,257.50","","+1.16%"
"Mar 15, 2001","2,249.35","2,161.09","2,249.35","2,101.94","","+2.71%"
"Mar 14, 2001","2,189.99","2,176.39","2,232.09","2,176.39","","+1.51%"
"Mar 13, 2001","2,157.48","2,161.21","2,190.64","2,081.73","","-1.75%"
"Mar 12, 2001","2,195.97","2,273.54","2,274.32","2,195.97","","-4.73%"
"Mar 09, 2001","2,304.96","2,326.87","2,329.74","2,284.54","","-1.20%"
"Mar 08, 2001","2,333.03","2,357.97","2,360.66","2,312.16","","-1.09%"
"Mar 07, 2001","2,358.83","2,293.75","2,379.98","2,293.75","","+4.19%"
"Mar 06, 2001","2,264.03","2,193.55","2,273.37","2,192.70","","+4.11%"
"Mar 05, 2001","2,174.74","2,201.86","2,229.54","2,174.74","","-1.18%"
"Mar 02, 2001","2,200.70","2,261.53","2,261.53","2,198.73","","-3.42%"
"Mar 01, 2001","2,278.52","2,337.80","2,338.07","2,268.99","","-2.57%"
"Feb 28, 2001","2,338.65","2,354.77","2,354.77","2,292.19","","-1.05%"
"Feb 27, 2001","2,363.48","2,384.90","2,396.79","2,348.72","","-1.26%"
"Feb 26, 2001","2,393.59","2,418.55","2,419.88","2,381.78","","-1.04%"
"Feb 23, 2001","2,418.84","2,409.81","2,421.68","2,388.40","","-0.06%"
"Feb 22, 2001","2,420.30","2,433.75","2,433.75","2,393.18","","-0.95%"
"Feb 21, 2001","2,443.51","2,477.88","2,483.63","2,432.37","","-2.28%"
"Feb 20, 2001","2,500.42","2,464.15","2,500.42","2,462.76","","+1.66%"
"Feb 19, 2001","2,459.52","2,452.07","2,465.55","2,395.92","","-0.67%"
"Feb 16, 2001","2,476.19","2,462.00","2,501.21","2,462.00","","+0.94%"
"Feb 15, 2001","2,453.12","2,457.70","2,494.54","2,447.68","","+0.21%"
"Feb 14, 2001","2,447.91","2,471.43","2,479.93","2,429.39","","-1.16%"
"Feb 13, 2001","2,476.61","2,501.06","2,511.39","2,476.61","","-0.88%"
"Feb 09, 2001","2,498.56","2,461.55","2,503.54","2,455.63","","+0.87%"
"Feb 08, 2001","2,477.08","2,483.06","2,484.65","2,422.98","","-0.74%"
"Feb 07, 2001","2,495.52","2,498.67","2,503.74","2,475.89","","-0.35%"
"Feb 06, 2001","2,504.39","2,520.39","2,520.39","2,497.22","","-1.06%"
"Feb 05, 2001","2,531.32","2,579.66","2,582.44","2,528.87","","-2.65%"
"Feb 02, 2001","2,600.10","2,620.28","2,627.45","2,600.10","","-1.42%"
"Feb 01, 2001","2,637.63","2,616.54","2,637.63","2,598.47","","+0.20%"
"Jan 31, 2001","2,632.43","2,624.86","2,634.47","2,615.82","","+0.36%"
"Jan 30, 2001","2,623.03","2,610.83","2,635.94","2,600.17","","+0.93%"
"Jan 29, 2001","2,598.77","2,568.31","2,607.38","2,568.31","","+0.67%"
"Jan 26, 2001","2,581.38","2,592.51","2,592.69","2,561.41","","-1.06%"
"Jan 25, 2001","2,609.11","2,575.39","2,610.23","2,575.16","","+1.24%"
"Jan 24, 2001","2,577.16","2,600.39","2,602.60","2,562.63","","-1.33%"
"Jan 23, 2001","2,611.80","2,643.45","2,645.93","2,591.91","","-1.67%"
"Jan 22, 2001","2,656.24","2,630.42","2,656.33","2,582.01","","+0.31%"
"Jan 19, 2001","2,648.08","2,635.91","2,668.41","2,617.71","","+0.77%"
"Jan 18, 2001","2,627.83","2,581.01","2,634.80","2,581.01","","+2.26%"
"Jan 17, 2001","2,569.72","2,512.80","2,569.72","2,498.05","","+1.77%"
"Jan 16, 2001","2,525.09","2,527.38","2,530.79","2,499.65","","-0.17%"
"Jan 15, 2001","2,529.39","2,492.29","2,533.70","2,492.29","","+1.52%"
"Jan 12, 2001","2,491.53","2,420.71","2,493.16","2,420.71","","+3.73%"
"Jan 11, 2001","2,401.99","2,401.41","2,404.60","2,372.99","","-0.05%"
"Jan 10, 2001","2,403.25","2,420.91","2,420.91","2,381.52","","-0.51%"
"Jan 09, 2001","2,415.53","2,449.67","2,450.55","2,393.24","","-2.12%"
"Jan 05, 2001","2,467.92","2,401.78","2,479.04","2,393.26","","+3.06%"
"Jan 04, 2001","2,394.53","2,406.90","2,432.99","2,363.92","","+0.13%"
"Dec 29, 2000","2,391.38","2,427.65","2,430.18","2,391.38","","-1.18%"
"Dec 28, 2000","2,419.91","2,410.19","2,419.91","2,383.99","","+0.87%"
"Dec 27, 2000","2,399.08","2,378.00","2,406.11","2,356.88","","+1.00%"
"Dec 26, 2000","2,375.32","2,378.49","2,383.50","2,353.79","","-0.05%"
"Dec 25, 2000","2,376.49","2,328.44","2,390.82","2,328.44","","+3.48%"
"Dec 22, 2000","2,296.66","2,269.48","2,308.43","2,239.17","","+2.60%"
"Dec 21, 2000","2,238.37","2,358.94","2,359.04","2,194.14","","-5.60%"
"Dec 20, 2000","2,371.12","2,464.36","2,464.36","2,368.84","","-4.29%"
"Dec 19, 2000","2,477.48","2,565.73","2,565.73","2,477.48","","-3.52%"
"Dec 18, 2000","2,567.97","2,578.28","2,585.98","2,558.42","","-0.88%"
"Dec 15, 2000","2,590.78","2,599.09","2,623.41","2,589.39","","-0.31%"
"Dec 14, 2000","2,598.81","2,619.22","2,619.22","2,591.35","","-1.48%"
"Dec 13, 2000","2,637.89","2,644.70","2,662.09","2,616.05","","+0.02%"
"Dec 12, 2000","2,637.43","2,620.68","2,652.74","2,616.98","","+1.34%"
"Dec 11, 2000","2,602.44","2,564.10","2,609.62","2,564.10","","+2.68%"
"Dec 08, 2000","2,534.58","2,551.75","2,551.75","2,526.48","","-1.16%"
"Dec 07, 2000","2,564.34","2,596.99","2,596.99","2,541.19","","-1.77%"
"Dec 06, 2000","2,610.51","2,593.04","2,637.39","2,592.50","","+2.00%"
"Dec 05, 2000","2,559.39","2,564.73","2,581.94","2,549.51","","+0.49%"
"Dec 04, 2000","2,546.99","2,569.31","2,595.25","2,546.99","","+0.09%"
"Dec 01, 2000","2,544.80","2,474.21","2,560.23","2,464.79","","+2.42%"
"Nov 30, 2000","2,484.78","2,520.76","2,520.76","2,449.43","","-2.49%"
"Nov 29, 2000","2,548.33","2,569.80","2,576.39","2,547.01","","-1.40%"
"Nov 28, 2000","2,584.60","2,638.01","2,638.01","2,584.60","","-2.67%"
"Nov 27, 2000","2,655.60","2,591.97","2,680.91","2,591.97","","+3.28%"
"Nov 24, 2000","2,571.18","2,559.74","2,573.06","2,542.25","","+0.49%"
"Nov 22, 2000","2,558.56","2,543.75","2,571.76","2,541.82","","+0.98%"
"Nov 21, 2000","2,533.73","2,527.68","2,533.73","2,508.09","","-0.77%"
"Nov 20, 2000","2,553.42","2,570.76","2,593.20","2,553.29","","-1.12%"
"Nov 17, 2000","2,582.26","2,594.88","2,608.34","2,558.19","","-0.98%"
"Nov 16, 2000","2,607.91","2,654.78","2,654.78","2,601.95","","-1.30%"
"Nov 15, 2000","2,642.16","2,636.83","2,673.52","2,635.96","","+1.46%"
"Nov 14, 2000","2,604.21","2,604.00","2,622.25","2,579.23","","-0.43%"
"Nov 13, 2000","2,615.56","2,679.88","2,679.88","2,579.94","","-3.17%"
"Nov 10, 2000","2,701.22","2,695.06","2,728.70","2,666.74","","-0.65%"
"Nov 09, 2000","2,718.96","2,807.69","2,810.33","2,689.80","","-4.14%"
"Nov 08, 2000","2,836.34","2,806.44","2,856.00","2,801.13","","+1.48%"
"Nov 07, 2000","2,795.08","2,813.18","2,813.18","2,781.66","","-0.81%"
"Nov 06, 2000","2,817.88","2,755.76","2,818.35","2,755.17","","+2.72%"
"Nov 02, 2000","2,743.32","2,741.19","2,756.01","2,720.78","","+0.13%"
"Nov 01, 2000","2,739.88","2,639.68","2,742.37","2,639.68","","+3.93%"
"Oct 31, 2000","2,636.17","2,679.47","2,692.69","2,596.57","","-1.91%"
"Oct 30, 2000","2,687.51","2,713.19","2,727.16","2,669.93","","-0.81%"
"Oct 27, 2000","2,709.35","2,730.78","2,736.80","2,691.68","","-0.85%"
"Oct 26, 2000","2,732.68","2,719.12","2,735.44","2,671.40","","+0.02%"
"Oct 25, 2000","2,732.16","2,754.08","2,770.58","2,725.28","","-0.93%"
"Oct 24, 2000","2,757.86","2,736.80","2,774.77","2,733.89","","+0.74%"
"Oct 23, 2000","2,737.55","2,746.95","2,751.43","2,715.66","","-0.09%"
"Oct 20, 2000","2,740.13","2,620.47","2,750.54","2,619.70","","+5.00%"
"Oct 19, 2000","2,609.59","2,605.18","2,628.54","2,586.24","","+0.37%"
"Oct 18, 2000","2,599.94","2,728.45","2,729.87","2,592.94","","-4.63%"
"Oct 17, 2000","2,726.02","2,777.31","2,779.93","2,716.29","","-1.51%"
"Oct 16, 2000","2,767.70","2,757.98","2,820.63","2,757.98","","+0.37%"
"Oct 13, 2000","2,757.49","2,751.60","2,762.49","2,701.66","","-0.24%"
"Oct 12, 2000","2,764.09","2,776.78","2,776.78","2,744.75","","-0.77%"
"Oct 11, 2000","2,785.51","2,838.20","2,838.20","2,750.09","","-1.92%"
"Oct 10, 2000","2,840.08","2,882.32","2,882.32","2,826.59","","-1.35%"
"Oct 06, 2000","2,878.89","2,885.28","2,915.25","2,875.45","","-0.28%"
"Oct 05, 2000","2,886.86","2,889.32","2,929.51","2,880.43","","+0.30%"
"Oct 04, 2000","2,878.10","2,875.09","2,899.09","2,830.97","","+0.26%"
"Oct 03, 2000","2,870.74","2,944.95","2,944.95","2,844.06","","-2.26%"
"Oct 02, 2000","2,937.04","2,929.16","2,940.45","2,860.17","","+0.18%"
"Sep 29, 2000","2,931.81","2,915.19","2,988.33","2,914.95","","+0.71%"
"Sep 28, 2000","2,911.25","2,908.25","2,963.88","2,907.00","","+0.57%"
"Sep 27, 2000","2,894.71","3,005.41","3,005.41","2,884.63","","-3.58%"
"Sep 26, 2000","3,002.15","3,037.93","3,051.73","2,990.48","","-1.13%"
"Sep 25, 2000","3,036.42","3,011.39","3,080.42","3,011.39","","+0.82%"
"Sep 22, 2000","3,011.59","3,139.61","3,139.61","2,997.78","","-3.96%"
"Sep 21, 2000","3,135.78","3,198.31","3,205.14","3,135.78","","-2.04%"
"Sep 20, 2000","3,201.10","3,162.10","3,203.97","3,138.61","","+1.82%"
"Sep 19, 2000","3,143.87","3,139.01","3,143.87","3,056.01","","-0.09%"
"Sep 18, 2000","3,146.72","3,158.05","3,158.18","3,098.43","","-0.63%"
"Sep 14, 2000","3,166.82","3,167.79","3,180.38","3,141.02","","+0.02%"
"Sep 13, 2000","3,166.28","3,151.97","3,192.36","3,145.02","","+0.67%"
"Sep 12, 2000","3,145.18","3,180.87","3,180.87","3,132.75","","-1.05%"
"Sep 11, 2000","3,178.47","3,283.16","3,283.16","3,165.48","","-2.88%"
"Sep 08, 2000","3,272.80","3,227.71","3,272.80","3,225.45","","+1.86%"
"Sep 07, 2000","3,213.12","3,234.63","3,234.93","3,176.80","","-0.80%"
"Sep 06, 2000","3,238.93","3,325.77","3,326.02","3,235.15","","-2.92%"
"Sep 05, 2000","3,336.29","3,376.62","3,390.35","3,315.05","","-2.19%"
"Sep 04, 2000","3,410.89","3,385.18","3,410.89","3,345.99","","+0.73%"
"Sep 01, 2000","3,386.26","3,390.65","3,416.17","3,339.39","","-0.63%"
"Aug 31, 2000","3,407.89","3,450.70","3,450.70","3,379.62","","-1.39%"
"Aug 30, 2000","3,455.79","3,468.04","3,527.71","3,440.82","","-0.10%"
"Aug 29, 2000","3,459.20","3,424.74","3,471.34","3,424.74","","+0.92%"
"Aug 28, 2000","3,427.58","3,418.37","3,436.35","3,386.09","","+0.06%"
"Aug 25, 2000","3,425.38","3,388.98","3,428.17","3,346.11","","+1.15%"
"Aug 24, 2000","3,386.60","3,321.98","3,394.45","3,320.07","","+2.08%"
"Aug 23, 2000","3,317.73","3,351.24","3,355.40","3,310.55","","-0.59%"
"Aug 22, 2000","3,337.40","3,310.97","3,364.77","3,267.94","","+1.12%"
"Aug 21, 2000","3,300.38","3,394.99","3,394.99","3,278.30","","-2.54%"
"Aug 18, 2000","3,386.51","3,344.48","3,386.51","3,330.62","","+1.47%"
"Aug 17, 2000","3,337.38","3,407.96","3,408.49","3,292.88","","-1.86%"
"Aug 16, 2000","3,400.73","3,348.80","3,425.08","3,348.80","","+1.57%"
"Aug 15, 2000","3,348.03","3,268.24","3,348.03","3,268.23","","+2.50%"
"Aug 14, 2000","3,266.46","3,236.64","3,266.46","3,236.64","","+0.68%"
"Aug 11, 2000","3,244.25","3,279.96","3,288.99","3,224.79","","-1.20%"
"Aug 10, 2000","3,283.78","3,327.66","3,339.53","3,277.45","","-1.36%"
"Aug 09, 2000","3,329.19","3,237.11","3,329.19","3,225.10","","+2.88%"
"Aug 08, 2000","3,235.87","3,260.24","3,266.67","3,203.27","","-0.51%"
"Aug 07, 2000","3,252.46","3,185.16","3,284.54","3,181.51","","+1.80%"
"Aug 04, 2000","3,194.86","3,240.62","3,241.10","3,179.67","","-1.85%"
"Aug 03, 2000","3,255.15","3,373.14","3,375.75","3,234.48","","-3.59%"
"Aug 02, 2000","3,376.42","3,366.66","3,407.28","3,360.69","","+0.36%"
"Aug 01, 2000","3,364.27","3,310.02","3,374.00","3,294.25","","+2.56%"
"Jul 31, 2000","3,280.38","3,284.45","3,284.45","3,169.83","","-0.24%"
"Jul 28, 2000","3,288.21","3,384.08","3,384.08","3,264.53","","-2.49%"
"Jul 27, 2000","3,372.27","3,402.85","3,402.85","3,321.05","","-0.90%"
"Jul 26, 2000","3,402.85","3,339.89","3,417.11","3,339.89","","+1.74%"
"Jul 25, 2000","3,344.67","3,350.08","3,350.08","3,274.35","","-0.44%"
"Jul 24, 2000","3,359.57","3,448.65","3,465.69","3,332.74","","-2.56%"
"Jul 21, 2000","3,447.88","3,501.40","3,508.88","3,447.88","","-1.63%"
"Jul 19, 2000","3,504.93","3,502.91","3,511.48","3,463.05","","-0.16%"
"Jul 18, 2000","3,510.45","3,561.77","3,562.07","3,489.60","","-1.43%"
"Jul 17, 2000","3,561.29","3,648.83","3,659.06","3,561.29","","-2.33%"
"Jul 14, 2000","3,646.28","3,620.50","3,656.65","3,590.81","","+0.70%"
"Jul 13, 2000","3,620.80","3,601.87","3,636.94","3,552.10","","+0.25%"
"Jul 12, 2000","3,611.89","3,628.55","3,659.16","3,569.23","","-0.45%"
"Jul 11, 2000","3,628.10","3,670.00","3,673.49","3,579.84","","-1.86%"
"Jul 10, 2000","3,696.71","3,707.43","3,707.63","3,667.51","","-0.50%"
"Jul 07, 2000","3,715.15","3,677.18","3,726.27","3,673.83","","+1.18%"
"Jul 06, 2000","3,671.66","3,702.86","3,714.57","3,645.50","","-1.02%"
"Jul 05, 2000","3,709.57","3,649.50","3,733.86","3,649.50","","+1.64%"
"Jul 04, 2000","3,649.82","3,703.93","3,708.32","3,633.70","","-0.94%"
"Jul 03, 2000","3,684.53","3,686.00","3,702.00","3,636.15","","-0.14%"
"Jun 30, 2000","3,689.57","3,650.45","3,696.56","3,639.39","","+0.85%"
"Jun 29, 2000","3,658.42","3,661.43","3,675.23","3,635.06","","+0.31%"
"Jun 28, 2000","3,647.01","3,613.54","3,670.07","3,613.54","","+1.09%"
"Jun 27, 2000","3,607.64","3,573.44","3,623.73","3,573.44","","+1.05%"
"Jun 26, 2000","3,570.02","3,564.40","3,570.02","3,524.55","","+0.47%"
"Jun 23, 2000","3,553.21","3,643.55","3,643.55","3,543.99","","-2.82%"
"Jun 22, 2000","3,656.47","3,597.03","3,674.05","3,597.03","","+1.77%"
"Jun 21, 2000","3,592.82","3,571.32","3,592.82","3,551.37","","+1.22%"
"Jun 20, 2000","3,549.62","3,507.40","3,550.96","3,507.40","","+1.52%"
"Jun 19, 2000","3,496.47","3,466.45","3,496.47","3,447.51","","+1.05%"
"Jun 16, 2000","3,460.19","3,418.62","3,468.71","3,413.12","","+1.32%"
"Jun 15, 2000","3,415.11","3,480.10","3,480.10","3,415.11","","-2.13%"
"Jun 14, 2000","3,489.59","3,511.83","3,530.04","3,461.27","","-0.70%"
"Jun 13, 2000","3,514.18","3,490.00","3,514.18","3,471.54","","+0.23%"
"Jun 12, 2000","3,506.04","3,497.91","3,518.00","3,459.67","","+0.32%"
"Jun 09, 2000","3,494.75","3,503.61","3,510.80","3,448.94","","-0.72%"
"Jun 08, 2000","3,520.05","3,572.16","3,573.94","3,499.42","","-1.31%"
"Jun 07, 2000","3,566.85","3,553.01","3,567.15","3,504.95","","+0.76%"
"Jun 06, 2000","3,540.06","3,585.30","3,585.30","3,515.69","","-1.29%"
"Jun 05, 2000","3,586.15","3,466.73","3,606.21","3,466.73","","+3.74%"
"Jun 02, 2000","3,456.97","3,448.43","3,480.28","3,448.43","","+0.57%"
"Jun 01, 2000","3,437.37","3,338.73","3,441.84","3,332.23","","+2.94%"
"May 31, 2000","3,339.33","3,317.85","3,392.81","3,317.85","","+0.52%"
"May 30, 2000","3,321.96","3,308.24","3,365.79","3,301.40","","+0.60%"
"May 29, 2000","3,302.29","3,301.58","3,316.81","3,264.42","","-0.21%"
"May 26, 2000","3,309.10","3,283.82","3,324.50","3,263.45","","+0.62%"
"May 25, 2000","3,288.61","3,252.47","3,288.61","3,225.57","","+1.01%"
"May 24, 2000","3,255.83","3,361.66","3,361.66","3,212.31","","-3.22%"
"May 23, 2000","3,364.24","3,311.03","3,376.92","3,300.16","","+1.47%"
"May 22, 2000","3,315.59","3,502.60","3,502.60","3,274.58","","-5.24%"
"May 19, 2000","3,498.78","3,432.78","3,498.78","3,379.47","","+1.46%"
"May 18, 2000","3,448.57","3,554.24","3,554.24","3,443.00","","-3.13%"
"May 17, 2000","3,559.95","3,487.48","3,562.70","3,487.48","","+2.18%"
"May 16, 2000","3,483.97","3,422.65","3,501.68","3,421.76","","+1.53%"
"May 15, 2000","3,431.47","3,428.21","3,431.47","3,387.54","","+0.35%"
"May 12, 2000","3,419.46","3,342.74","3,437.41","3,342.74","","+2.59%"
"May 11, 2000","3,333.24","3,523.95","3,523.95","3,307.04","","-5.40%"
"May 10, 2000","3,523.39","3,544.30","3,546.16","3,432.12","","-0.97%"
"May 09, 2000","3,557.90","3,661.82","3,661.82","3,555.54","","-2.72%"
"May 08, 2000","3,657.51","3,692.26","3,692.44","3,627.08","","-0.73%"
"May 02, 2000","3,684.45","3,653.68","3,764.12","3,653.68","","+0.72%"
"May 01, 2000","3,657.98","3,495.27","3,659.33","3,495.27","","+4.78%"
"Apr 28, 2000","3,490.97","3,460.36","3,552.18","3,460.36","","+0.90%"
"Apr 27, 2000","3,459.84","3,502.37","3,544.79","3,459.84","","-1.26%"
"Apr 26, 2000","3,504.11","3,517.52","3,535.09","3,477.99","","+0.11%"
"Apr 25, 2000","3,500.39","3,549.64","3,549.64","3,479.13","","-1.88%"
"Apr 24, 2000","3,567.57","3,553.46","3,614.80","3,540.53","","+0.71%"
"Apr 21, 2000","3,542.49","3,447.25","3,551.60","3,440.09","","+3.13%"
"Apr 20, 2000","3,435.04","3,345.60","3,471.52","3,345.60","","+2.43%"
"Apr 19, 2000","3,353.68","3,251.99","3,395.24","3,251.99","","+3.27%"
"Apr 18, 2000","3,247.48","3,132.93","3,348.00","3,132.93","","+3.48%"
"Apr 17, 2000","3,138.18","3,419.64","3,425.26","3,099.94","","-8.29%"
"Apr 14, 2000","3,421.92","3,427.49","3,462.36","3,347.49","","-0.33%"
"Apr 13, 2000","3,433.27","3,575.70","3,575.70","3,367.44","","-4.74%"
"Apr 12, 2000","3,604.25","3,645.84","3,645.84","3,553.93","","-1.47%"
"Apr 11, 2000","3,658.11","3,570.68","3,668.71","3,532.04","","+1.77%"
"Apr 10, 2000","3,594.34","3,482.45","3,610.07","3,482.45","","+3.61%"
"Apr 07, 2000","3,469.05","3,472.48","3,493.36","3,458.55","","+0.37%"
"Apr 06, 2000","3,456.26","3,476.06","3,499.69","3,444.75","","-0.73%"
"Apr 05, 2000","3,481.78","3,440.05","3,518.15","3,339.88","","+0.99%"
"Apr 04, 2000","3,447.59","3,449.42","3,449.42","3,381.04","","-0.39%"
"Apr 03, 2000","3,461.08","3,426.01","3,500.45","3,399.38","","+1.13%"
"Mar 31, 2000","3,422.31","3,375.46","3,464.81","3,367.85","","+1.62%"
"Mar 30, 2000","3,367.77","3,421.90","3,444.37","3,367.77","","-1.94%"
"Mar 29, 2000","3,434.57","3,299.28","3,466.19","3,299.28","","+4.74%"
"Mar 28, 2000","3,279.22","3,219.29","3,309.38","3,218.10","","+2.24%"
"Mar 27, 2000","3,207.45","3,261.22","3,304.97","3,199.41","","-1.93%"
"Mar 24, 2000","3,270.67","3,270.67","3,270.67","3,270.67","","-2.64%"
"Mar 23, 2000","3,359.38","3,359.38","3,359.38","3,359.38","","+1.41%"
"Mar 22, 2000","3,312.59","3,312.59","3,312.59","3,312.59","","+0.60%"
"Mar 21, 2000","3,292.81","3,292.81","3,292.81","3,292.81","","-1.54%"
"Mar 17, 2000","3,344.31","3,344.31","3,344.31","3,344.31","","+1.76%"
"Mar 16, 2000","3,286.48","3,286.48","3,286.48","3,286.48","","+3.63%"
"Mar 15, 2000","3,171.33","3,171.33","3,171.33","3,171.33","","+2.59%"
"Mar 14, 2000","3,091.38","3,091.38","3,091.38","3,091.38","","+2.31%"
"Mar 13, 2000","3,021.65","3,021.65","3,021.65","3,021.65","","-5.88%"
"Mar 10, 2000","3,210.39","3,210.39","3,210.39","3,210.39","","+1.01%"
"Mar 09, 2000","3,178.33","3,178.33","3,178.33","3,178.33","","-2.21%"
"Mar 08, 2000","3,250.25","3,250.25","3,250.25","3,250.25","","-0.78%"
"Mar 07, 2000","3,275.94","3,275.94","3,275.94","3,275.94","","-1.05%"
"Mar 06, 2000","3,310.65","3,310.65","3,310.65","3,310.65","","-0.46%"
"Mar 03, 2000","3,325.82","3,325.82","3,325.82","3,325.82","","-0.77%"
"Mar 02, 2000","3,351.50","3,351.50","3,351.50","3,351.50","","-0.12%"
"Mar 01, 2000","3,355.57","3,355.57","3,355.57","3,355.57","","+1.63%"
"Feb 29, 2000","3,301.91","3,301.91","3,301.91","3,301.91","","+0.54%"
"Feb 28, 2000","3,284.22","3,284.22","3,284.22","3,284.22","","+0.08%"
"Feb 25, 2000","3,281.75","3,281.75","3,281.75","3,281.75","","+0.54%"
"Feb 24, 2000","3,264.25","3,264.25","3,264.25","3,264.25","","-0.05%"
"Feb 23, 2000","3,265.84","3,265.84","3,265.84","3,265.84","","-0.12%"
"Feb 22, 2000","3,269.85","3,269.85","3,269.85","3,269.85","","-0.30%"
"Feb 21, 2000","3,279.63","3,279.63","3,279.63","3,279.63","","-3.48%"
"Feb 18, 2000","3,397.93","3,397.93","3,397.93","3,397.93","","-0.06%"
"Feb 17, 2000","3,399.94","3,399.94","3,399.94","3,399.94","","+1.36%"
"Feb 16, 2000","3,354.39","3,354.39","3,354.39","3,354.39","","+3.12%"
"Feb 15, 2000","3,252.82","3,252.82","3,252.82","3,252.82","","-2.09%"
"Feb 14, 2000","3,322.37","3,322.37","3,322.37","3,322.37","","-1.14%"
"Feb 10, 2000","3,360.84","3,360.84","3,360.84","3,360.84","","-1.73%"
"Feb 09, 2000","3,419.94","3,419.94","3,419.94","3,419.94","","+1.07%"
"Feb 08, 2000","3,383.73","3,383.73","3,383.73","3,383.73","","-1.34%"
"Feb 07, 2000","3,429.76","3,429.76","3,429.76","3,429.76","","+0.85%"
"Feb 04, 2000","3,400.74","3,400.74","3,400.74","3,400.74","","+2.58%"
"Feb 03, 2000","3,315.24","3,315.24","3,315.24","3,315.24","","-0.49%"
"Feb 02, 2000","3,331.68","3,331.68","3,331.68","3,331.68","","+0.01%"
"Feb 01, 2000","3,331.19","3,331.19","3,331.19","3,331.19","","-0.20%"
"Jan 31, 2000","3,337.72","3,337.72","3,337.72","3,337.72","","+1.96%"
"Jan 28, 2000","3,273.50","3,273.50","3,273.50","3,273.50","","+1.04%"
"Jan 27, 2000","3,239.70","3,239.70","3,239.70","3,239.70","","-0.17%"
"Jan 26, 2000","3,245.11","3,245.11","3,245.11","3,245.11","","+4.14%"
"Jan 25, 2000","3,116.20","3,116.20","3,116.20","3,116.20","","+3.10%"
"Jan 24, 2000","3,022.49","3,022.49","3,022.49","3,022.49","","+0.08%"
"Jan 21, 2000","3,020.01","3,020.01","3,020.01","3,020.01","","+0.96%"
"Jan 20, 2000","2,991.19","2,991.19","2,991.19","2,991.19","","+0.72%"
"Jan 19, 2000","2,969.83","2,969.83","2,969.83","2,969.83","","-1.71%"
"Jan 18, 2000","3,021.60","3,021.60","3,021.60","3,021.60","","-1.95%"
"Jan 17, 2000","3,081.75","3,081.75","3,081.75","3,081.75","","+4.41%"
"Jan 14, 2000","2,951.68","2,951.68","2,951.68","2,951.68","","+2.10%"
"Jan 13, 2000","2,891.04","2,891.04","2,891.04","2,891.04","","-0.21%"
"Jan 12, 2000","2,897.22","2,897.22","2,897.22","2,897.22","","-0.91%"
"Jan 11, 2000","2,923.71","2,923.71","2,923.71","2,923.71","","+3.71%"
"Jan 07, 2000","2,819.02","2,819.02","2,819.02","2,819.02","","-1.59%"
"Jan 06, 2000","2,864.67","2,864.67","2,864.67","2,864.67","","-2.32%"
"Jan 05, 2000","2,932.60","2,932.60","2,932.60","2,932.60","","-5.17%"
"Jan 04, 2000","3,092.58","3,092.58","3,092.58","3,092.58","","+1.64%"
