Date,Price,Open,High,Low,Vol.,Change %
"Sep 24, 2026","246.64","245.82","248.22","245.78","","+0.84%"
"Sep 19, 2026","244.59","245.87","244.59","244.59","","0.00%"
"Sep 18, 2026","244.59","245.87","245.87","242.70","","-0.45%"
"Sep 17, 2026","245.70","242.08","245.70","241.86","","+2.09%"
"Sep 16, 2026","240.66","244.24","244.24","240.31","","-0.70%"
"Sep 15, 2026","242.35","243.92","244.07","241.46","","+0.31%"
"Sep 14, 2026","241.61","240.68","242.28","240.14","","+1.17%"
"Sep 11, 2026","238.81","239.50","240.49","238.32","","-0.95%"
"Sep 10, 2026","241.10","242.93","243.41","240.08","","+0.25%"
"Sep 09, 2026","240.49","240.71","242.08","240.07","","-0.88%"
"Sep 08, 2026","242.62","241.43","243.04","241.11","","+0.21%"
"Sep 07, 2026","242.12","243.73","244.41","242.12","","-0.40%"
"Sep 05, 2026","243.09","241.25","243.09","243.09","","0.00%"
"Sep 04, 2026","243.09","241.25","243.41","241.00","","+1.12%"
"Sep 03, 2026","240.39","239.75","241.99","239.40","","+1.09%"
"Sep 02, 2026","237.79","241.62","242.63","237.79","","-3.16%"
"Sep 01, 2026","245.55","243.97","246.87","243.97","","+0.16%"
"Aug 31, 2026","245.16","247.49","247.71","244.85","","-1.26%"
"Aug 29, 2026","248.28","245.44","248.28","248.28","","0.00%"
"Aug 28, 2026","248.28","245.44","249.30","245.44","","+0.37%"
"Aug 27, 2026","247.36","247.65","249.48","246.67","","-0.25%"
"Aug 26, 2026","247.97","247.58","248.64","247.08","","+0.78%"
"Aug 25, 2026","246.05","246.64","248.11","245.13","","+0.54%"
"Aug 24, 2026","244.72","245.58","246.42","243.32","","-0.04%"
"Aug 21, 2026","244.83","244.83","245.11","243.16","","+0.13%"
"Aug 20, 2026","244.52","245.76","246.41","242.41","","+0.41%"
"Aug 19, 2026","243.53","245.49","245.49","241.58","","-0.44%"
"Aug 18, 2026","244.61","246.40","247.43","244.61","","-1.34%"
"Aug 17, 2026","247.94","248.73","250.20","247.27","","-1.04%"
"Aug 14, 2026","250.54","248.07","250.61","248.07","","+1.05%"
"Aug 13, 2026","247.94","247.71","248.49","244.85","","+0.07%"
"Aug 12, 2026","247.76","249.95","251.08","246.88","","-0.74%"
"Aug 10, 2026","249.61","251.75","251.77","249.02","","-0.55%"
"Aug 07, 2026","251.00","248.46","252.10","248.14","","-0.35%"
"Aug 06, 2026","251.87","251.32","253.16","249.78","","+0.37%"
"Aug 05, 2026","250.93","247.20","250.93","246.95","","+2.06%"
"Aug 04, 2026","245.86","245.18","246.98","243.49","","-0.83%"
"Aug 03, 2026","247.91","245.90","248.53","241.50","","+0.78%"
"Jul 31, 2026","245.98","249.25","249.25","244.25","","-1.19%"
"Jul 30, 2026","248.93","250.23","252.84","245.74","","-2.18%"
"Jul 29, 2026","254.49","248.19","254.49","247.02","","+2.32%"
"Jul 28, 2026","248.73","245.40","248.73","243.76","","+1.89%"
"Jul 27, 2026","244.11","236.67","244.30","236.67","","+4.79%"
"Jul 24, 2026","232.95","233.05","233.05","228.06","","-1.75%"
"Jul 23, 2026","237.10","237.96","238.74","236.89","","-0.47%"
"Jul 22, 2026","238.23","239.61","240.16","236.96","","-1.45%"
"Jul 21, 2026","241.73","242.14","242.42","239.55","","+0.46%"
"Jul 18, 2026","240.63","239.65","240.63","240.63","","0.00%"
"Jul 17, 2026","240.63","239.65","241.03","238.74","","+0.48%"
"Jul 16, 2026","239.49","240.60","241.78","239.22","","-0.19%"
"Jul 15, 2026","239.95","241.04","243.02","239.50","","-0.96%"
"Jul 14, 2026","242.28","241.30","242.28","240.15","","+0.70%"
"Jul 13, 2026","240.60","241.65","242.05","238.77","","-0.43%"
"Jul 10, 2026","241.64","243.82","244.57","240.60","","-1.26%"
"Jul 09, 2026","244.72","245.59","246.65","243.88","","-2.23%"
"Jul 08, 2026","250.30","249.09","251.04","248.46","","-1.38%"
"Jul 07, 2026","253.80","254.63","257.11","252.39","","-0.52%"
"Jul 06, 2026","255.13","250.55","255.13","249.84","","+1.65%"
"Jul 03, 2026","251.00","251.58","252.40","249.83","","+1.60%"
"Jul 02, 2026","247.05","239.75","250.18","239.75","","+4.82%"
"Jul 01, 2026","235.68","233.32","236.76","233.32","","-0.15%"
"Jun 30, 2026","236.03","237.04","237.89","235.04","","-0.82%"
"Jun 29, 2026","237.97","237.51","239.16","236.80","","+0.29%"
"Jun 26, 2026","237.29","236.56","238.42","236.15","","+0.62%"
"Jun 25, 2026","235.83","236.58","238.46","235.45","","+1.42%"
"Jun 24, 2026","232.53","230.01","235.58","230.01","","+0.95%"
"Jun 23, 2026","230.35","231.19","233.19","230.28","","-0.89%"
"Jun 22, 2026","232.41","230.35","233.51","229.77","","-0.29%"
"Jun 19, 2026","233.08","232.59","234.60","232.59","","-0.97%"
"Jun 18, 2026","235.36","236.16","238.13","233.74","","-1.12%"
"Jun 17, 2026","238.02","239.15","241.73","237.83","","-0.42%"
"Jun 16, 2026","239.02","237.48","239.02","235.36","","+0.89%"
"Jun 15, 2026","236.90","226.12","237.33","226.12","","+6.68%"
"Jun 12, 2026","222.07","221.57","222.78","220.93","","+1.40%"
"Jun 11, 2026","219.01","218.75","219.69","217.41","","-1.24%"
"Jun 10, 2026","221.77","220.11","221.77","219.19","","+1.52%"
"Jun 09, 2026","218.45","222.19","222.77","218.45","","-0.82%"
"Jun 08, 2026","220.25","225.27","226.16","219.37","","-1.58%"
"Jun 05, 2026","223.78","223.46","225.31","222.33","","+0.87%"
"Jun 04, 2026","221.85","220.93","223.49","220.93","","+0.35%"
"Jun 03, 2026","221.08","220.97","223.01","219.82","","-1.11%"
"Jun 02, 2026","223.56","225.62","226.85","223.56","","-2.23%"
"Jun 01, 2026","228.65","230.02","230.87","227.63","","-1.80%"
"May 29, 2026","232.84","228.37","235.33","228.37","","+3.33%"
"May 28, 2026","225.34","228.58","228.78","225.09","","-0.42%"
"May 27, 2026","226.30","225.77","227.24","225.08","","-0.01%"
"May 26, 2026","226.32","224.90","227.24","223.52","","-0.01%"
"May 25, 2026","226.35","221.69","227.26","220.81","","+3.85%"
"May 23, 2026","217.95","217.43","217.95","217.95","","0.00%"
"May 22, 2026","217.95","217.43","218.84","216.55","","+0.12%"
"May 21, 2026","217.69","216.75","218.39","216.14","","+2.35%"
"May 20, 2026","212.70","215.58","216.36","211.16","","-1.35%"
"May 19, 2026","215.61","215.07","216.28","213.96","","+1.32%"
"May 18, 2026","212.81","216.29","216.85","212.81","","-1.07%"
"May 15, 2026","215.12","216.16","216.78","213.98","","-0.36%"
"May 14, 2026","215.90","216.87","217.77","215.47","","+0.13%"
"May 13, 2026","215.63","218.31","219.22","215.63","","-0.56%"
"May 12, 2026","216.85","216.62","218.10","215.62","","-1.04%"
"May 11, 2026","219.14","221.03","222.41","218.36","","-1.29%"
"May 08, 2026","222.00","224.19","224.19","220.56","","-0.23%"
"May 07, 2026","222.52","216.76","223.03","216.34","","+4.61%"
"May 01, 2026","212.71","208.12","214.04","208.12","","+3.63%"
"Apr 30, 2026","205.26","205.22","208.64","202.81","","-0.79%"
"Apr 28, 2026","206.89","206.14","206.89","204.86","","-0.40%"
"Apr 27, 2026","207.73","208.27","210.38","207.73","","-1.07%"
"Apr 24, 2026","209.97","211.24","211.33","209.59","","-0.25%"
"Apr 23, 2026","210.50","214.76","215.53","210.50","","-3.14%"
"Apr 22, 2026","217.32","218.16","219.36","217.02","","-1.11%"
"Apr 21, 2026","219.77","221.06","222.07","219.77","","-1.06%"
"Apr 20, 2026","222.12","220.44","222.53","220.06","","+1.88%"
"Apr 17, 2026","218.02","219.05","220.18","218.02","","-1.28%"
"Apr 16, 2026","220.85","220.25","223.33","220.07","","-0.08%"
"Apr 15, 2026","221.02","220.33","222.81","220.33","","+0.89%"
"Apr 14, 2026","219.06","221.20","221.36","218.52","","-0.02%"
"Apr 13, 2026","219.10","220.32","220.80","218.56","","-1.84%"
"Apr 10, 2026","223.21","223.29","224.20","222.75","","+0.14%"
"Apr 09, 2026","222.90","226.35","228.54","222.90","","-3.26%"
"Apr 08, 2026","230.40","226.71","231.73","226.71","","+3.16%"
"Apr 07, 2026","223.34","224.89","225.78","222.59","","-0.49%"
"Apr 06, 2026","224.44","226.26","226.87","224.39","","-1.01%"
"Apr 03, 2026","226.73","225.35","227.21","224.69","","+0.28%"
"Apr 02, 2026","226.10","228.41","231.90","224.98","","-0.22%"
"Apr 01, 2026","226.60","222.12","226.60","221.71","","+3.91%"
"Mar 31, 2026","218.07","220.13","221.81","218.07","","-1.58%"
"Mar 30, 2026","221.56","222.06","222.09","217.45","","-3.92%"
"Mar 27, 2026","230.60","231.73","232.25","229.83","","+0.06%"
"Mar 26, 2026","230.47","230.57","231.07","228.88","","-0.09%"
"Mar 25, 2026","230.67","229.54","231.36","229.54","","+1.99%"
"Mar 24, 2026","226.17","225.91","227.48","224.83","","+1.94%"
"Mar 23, 2026","221.86","221.49","223.61","220.93","","-0.84%"
"Mar 19, 2026","223.73","229.91","230.11","223.73","","-4.34%"
"Mar 18, 2026","233.87","227.98","233.87","227.56","","+4.02%"
"Mar 17, 2026","224.83","225.29","226.77","224.81","","+0.16%"
"Mar 16, 2026","224.47","225.43","226.79","222.57","","-0.23%"
"Mar 13, 2026","224.98","227.90","229.24","224.98","","-2.21%"
"Mar 12, 2026","230.06","230.63","231.27","228.62","","-0.59%"
"Mar 11, 2026","231.43","232.86","235.00","231.43","","+0.43%"
"Mar 10, 2026","230.45","230.31","232.39","229.09","","+1.31%"
"Mar 09, 2026","227.47","230.19","230.19","221.44","","-3.25%"
"Mar 06, 2026","235.12","232.66","236.91","232.18","","-0.43%"
"Mar 05, 2026","236.14","242.46","243.73","236.14","","-0.84%"
"Mar 04, 2026","238.15","237.07","241.31","235.46","","-1.68%"
"Mar 03, 2026","242.22","248.88","249.92","241.21","","-4.68%"
"Mar 02, 2026","254.12","263.49","263.49","252.15","","-5.59%"
"Feb 27, 2026","269.16","270.47","270.63","268.42","","+0.74%"
"Feb 26, 2026","267.18","266.48","267.68","265.82","","+0.85%"
"Feb 25, 2026","264.94","262.13","265.85","261.84","","+1.05%"
"Feb 24, 2026","262.18","261.01","263.71","260.80","","+1.49%"
"Feb 21, 2026","258.32","260.68","258.32","258.32","","0.00%"
"Feb 20, 2026","258.32","260.68","261.02","256.04","","-2.85%"
"Feb 19, 2026","265.91","266.65","267.31","265.34","","-0.57%"
"Feb 18, 2026","267.44","266.32","268.32","265.46","","+0.93%"
"Feb 17, 2026","264.97","263.81","266.18","263.81","","+1.07%"
"Feb 16, 2026","262.16","263.20","264.82","261.20","","+0.01%"
"Feb 13, 2026","262.13","261.69","262.30","258.89","","+1.02%"
"Feb 12, 2026","259.49","257.81","259.49","256.27","","-0.66%"
"Feb 10, 2026","261.21","261.95","263.46","261.16","","-0.87%"
"Feb 09, 2026","263.50","263.18","264.44","260.50","","+0.63%"
"Feb 07, 2026","261.84","260.23","261.84","261.84","","0.00%"
"Feb 06, 2026","261.84","260.23","261.84","258.32","","+0.68%"
"Feb 05, 2026","260.07","259.85","261.20","258.15","","+2.32%"
"Feb 04, 2026","254.18","250.29","254.91","249.54","","+1.82%"
"Feb 03, 2026","249.63","245.16","250.74","245.16","","+1.54%"
"Feb 02, 2026","245.84","244.40","248.21","244.20","","+2.25%"
"Jan 30, 2026","240.42","237.35","240.42","235.58","","+2.16%"
"Jan 29, 2026","235.33","234.22","235.64","233.40","","-0.59%"
"Jan 28, 2026","236.72","238.04","238.04","235.92","","-1.23%"
"Jan 27, 2026","239.66","241.48","241.88","239.57","","-1.43%"
"Jan 26, 2026","243.13","241.52","243.47","241.23","","-0.18%"
"Jan 23, 2026","243.58","246.29","247.38","243.42","","-0.36%"
"Jan 22, 2026","244.45","244.23","246.25","243.90","","+0.41%"
"Jan 21, 2026","243.46","244.89","245.33","241.70","","-1.52%"
"Jan 20, 2026","247.22","243.89","247.82","243.89","","+1.36%"
"Jan 19, 2026","243.90","242.63","244.06","241.90","","+0.08%"
"Jan 16, 2026","243.70","244.10","245.62","243.45","","-0.41%"
"Jan 15, 2026","244.71","244.30","245.09","242.77","","-0.18%"
"Jan 14, 2026","245.16","243.46","245.26","243.41","","+0.86%"
"Jan 13, 2026","243.07","247.90","247.90","243.01","","-1.46%"
"Jan 09, 2026","246.66","247.38","248.17","246.32","","+0.13%"
"Jan 08, 2026","246.34","242.80","247.22","242.70","","+1.40%"
"Jan 07, 2026","242.95","242.27","243.94","241.74","","-0.70%"
"Jan 06, 2026","244.66","241.98","245.58","241.98","","+1.48%"
"Jan 05, 2026","241.10","240.09","241.51","239.19","","+1.07%"
"Dec 30, 2025","238.55","239.80","240.35","238.19","","-0.53%"
"Dec 29, 2025","239.83","239.21","240.19","238.29","","+0.11%"
"Dec 26, 2025","239.57","239.88","240.33","238.92","","-0.24%"
"Dec 25, 2025","240.15","239.37","240.39","239.05","","+0.43%"
"Dec 24, 2025","239.12","241.62","241.92","239.12","","-1.69%"
"Dec 23, 2025","243.22","239.99","243.41","239.99","","+1.76%"
"Dec 22, 2025","239.01","242.83","242.92","238.82","","-1.79%"
"Dec 19, 2025","243.36","240.13","243.36","240.13","","+0.34%"
"Dec 18, 2025","242.54","238.17","242.86","238.13","","+1.69%"
"Dec 17, 2025","238.51","238.07","238.99","236.95","","-0.02%"
"Dec 16, 2025","238.56","234.90","239.07","234.90","","+1.54%"
"Dec 15, 2025","234.95","233.58","236.02","232.98","","+0.29%"
"Dec 12, 2025","234.27","232.00","234.87","231.86","","+1.60%"
"Dec 11, 2025","230.58","232.54","232.58","229.87","","-0.53%"
"Dec 10, 2025","231.81","229.90","232.35","229.62","","+0.45%"
"Dec 09, 2025","230.78","231.54","231.76","229.71","","-0.53%"
"Dec 08, 2025","232.00","232.58","232.62","231.07","","+0.26%"
"Dec 05, 2025","231.40","234.30","234.60","231.40","","-1.79%"
"Dec 04, 2025","235.62","233.17","235.82","232.75","","+0.26%"
"Dec 03, 2025","235.01","237.36","237.93","234.50","","-0.92%"
"Dec 02, 2025","237.20","237.02","238.09","236.77","","+0.09%"
"Dec 01, 2025","236.98","237.00","237.00","234.82","","-0.19%"
"Nov 29, 2025","237.42","237.99","237.42","237.42","","0.00%"
"Nov 28, 2025","237.42","237.99","239.32","237.42","","-0.54%"
"Nov 27, 2025","238.70","237.36","239.71","237.25","","-0.31%"
"Nov 26, 2025","239.44","236.64","239.80","236.36","","+1.41%"
"Nov 25, 2025","236.11","239.74","239.83","235.39","","-1.42%"
"Nov 21, 2025","239.50","236.96","239.72","236.96","","+1.37%"
"Nov 20, 2025","236.27","233.37","237.08","233.37","","+0.54%"
"Nov 19, 2025","235.01","234.63","235.60","232.60","","+0.32%"
"Nov 18, 2025","234.26","235.55","236.27","233.77","","-1.11%"
"Nov 17, 2025","236.89","239.98","240.37","234.14","","-3.53%"
"Nov 14, 2025","245.56","244.10","245.56","243.79","","+0.22%"
"Nov 13, 2025","245.03","244.81","245.10","243.32","","+0.88%"
"Nov 12, 2025","242.89","243.05","244.62","241.97","","+0.07%"
"Nov 11, 2025","242.73","238.46","242.90","237.85","","+2.31%"
"Nov 10, 2025","237.25","236.06","237.25","233.56","","+0.73%"
"Nov 07, 2025","235.54","235.54","236.11","233.92","","-0.13%"
"Nov 06, 2025","235.84","235.55","236.79","234.82","","+0.14%"
"Nov 05, 2025","235.51","234.06","236.82","233.33","","+0.07%"
"Nov 04, 2025","235.34","228.64","235.34","228.46","","+2.37%"
"Oct 31, 2025","229.89","228.17","229.89","227.04","","+1.95%"
"Oct 30, 2025","225.50","227.46","228.67","221.20","","-1.18%"
"Oct 29, 2025","228.20","232.77","232.77","228.20","","-2.22%"
"Oct 28, 2025","233.39","236.58","237.04","232.70","","-0.77%"
"Oct 27, 2025","235.21","234.61","236.08","234.31","","+0.75%"
"Oct 24, 2025","233.47","234.18","234.63","232.50","","-0.74%"
"Oct 23, 2025","235.20","235.12","236.32","233.91","","-0.32%"
"Oct 22, 2025","235.96","235.51","236.43","234.80","","+0.34%"
"Oct 21, 2025","235.17","234.96","235.58","234.15","","+1.06%"
"Oct 20, 2025","232.70","232.24","232.84","231.90","","+0.83%"
"Oct 17, 2025","230.78","231.71","232.41","230.04","","-0.61%"
"Oct 16, 2025","232.20","231.99","232.92","231.25","","+0.18%"
"Oct 15, 2025","231.79","230.88","232.01","229.89","","+1.56%"
"Oct 14, 2025","228.22","228.02","230.87","227.11","","-0.88%"
"Oct 10, 2025","230.24","230.20","231.48","230.16","","-0.39%"
"Oct 09, 2025","231.15","231.89","232.27","230.14","","-0.83%"
"Oct 08, 2025","233.08","236.91","237.39","232.95","","-0.58%"
"Oct 07, 2025","234.45","230.38","234.53","229.95","","+1.68%"
"Oct 06, 2025","230.58","233.95","233.95","230.58","","-0.23%"
"Oct 03, 2025","231.10","230.63","231.66","229.68","","+0.67%"
"Oct 02, 2025","229.56","232.19","232.19","229.38","","-1.95%"
"Oct 01, 2025","234.13","235.52","235.77","232.53","","-0.90%"
"Sep 30, 2025","236.26","237.32","237.32","235.08","","-0.76%"
"Sep 29, 2025","238.07","241.61","241.61","238.07","","-2.14%"
"Sep 26, 2025","243.28","241.85","243.66","241.48","","+0.43%"
"Sep 25, 2025","242.24","243.43","243.53","242.11","","0.00%"
"Sep 24, 2025","242.25","242.26","242.49","239.96","","+1.04%"
"Sep 22, 2025","239.76","241.55","243.07","239.76","","-0.81%"
"Sep 19, 2025","241.73","242.39","244.32","241.52","","-1.29%"
"Sep 18, 2025","244.89","248.91","249.18","244.89","","-1.09%"
"Sep 17, 2025","247.58","245.53","248.32","245.08","","+0.72%"
"Sep 16, 2025","245.81","245.88","247.19","245.01","","-0.36%"
"Sep 12, 2025","246.69","248.21","248.21","246.69","","-0.34%"
"Sep 11, 2025","247.53","246.77","248.24","245.66","","-0.70%"
"Sep 10, 2025","249.27","247.80","249.30","247.01","","+0.67%"
"Sep 09, 2025","247.60","251.48","252.12","247.50","","+0.18%"
"Sep 08, 2025","247.15","246.84","248.12","246.10","","+0.42%"
"Sep 05, 2025","246.12","247.15","247.38","244.98","","-1.05%"
"Sep 04, 2025","248.73","247.78","249.18","246.59","","+0.51%"
"Sep 03, 2025","247.46","246.50","248.09","245.39","","-0.12%"
"Sep 02, 2025","247.76","247.83","249.05","247.16","","+0.30%"
"Sep 01, 2025","247.01","245.69","247.18","244.67","","+0.10%"
"Aug 29, 2025","246.77","248.15","248.21","245.69","","-0.57%"
"Aug 28, 2025","248.19","247.24","249.14","246.56","","-0.08%"
"Aug 27, 2025","248.38","243.34","249.49","243.14","","+1.67%"
"Aug 26, 2025","244.30","245.08","245.16","243.17","","-0.36%"
"Aug 25, 2025","245.19","247.35","247.99","245.19","","-1.49%"
"Aug 22, 2025","248.90","250.32","250.48","247.89","","-0.52%"
"Aug 21, 2025","250.20","249.72","250.86","248.71","","-0.32%"
"Aug 20, 2025","251.00","251.32","251.96","249.42","","-0.12%"
"Aug 19, 2025","251.29","249.31","251.29","248.43","","+0.62%"
"Aug 18, 2025","249.74","250.03","252.62","249.39","","+0.19%"
"Aug 15, 2025","249.27","247.84","249.27","245.76","","+0.66%"
"Aug 14, 2025","247.63","251.75","251.77","246.74","","-2.09%"
"Aug 13, 2025","252.92","247.20","252.92","247.20","","+2.36%"
"Aug 12, 2025","247.09","245.04","247.58","245.04","","+0.65%"
"Aug 08, 2025","245.49","243.99","246.50","242.97","","+1.45%"
"Aug 07, 2025","241.97","240.87","243.22","240.85","","+0.60%"
"Aug 06, 2025","240.53","239.81","241.51","239.42","","+0.79%"
"Aug 05, 2025","238.64","237.01","238.65","236.50","","+0.69%"
"Aug 04, 2025","237.01","233.53","238.31","233.41","","+0.31%"
"Aug 01, 2025","236.28","234.78","236.90","234.50","","+0.59%"
"Jul 31, 2025","234.89","233.94","235.52","232.85","","+1.53%"
"Jul 30, 2025","231.34","233.76","233.85","228.24","","-2.16%"
"Jul 29, 2025","236.44","236.89","237.47","235.01","","-0.60%"
"Jul 28, 2025","237.86","238.48","238.98","237.27","","-0.34%"
"Jul 25, 2025","238.68","239.42","239.75","238.08","","-0.61%"
"Jul 24, 2025","240.15","238.16","240.17","238.11","","+0.40%"
"Jul 23, 2025","239.20","238.81","240.64","238.45","","+1.28%"
"Jul 22, 2025","236.17","235.19","236.73","234.43","","-0.51%"
"Jul 18, 2025","237.37","241.20","241.20","236.55","","-1.34%"
"Jul 17, 2025","240.60","239.37","240.60","238.90","","+0.89%"
"Jul 16, 2025","238.48","239.46","239.56","237.43","","-0.51%"
"Jul 15, 2025","239.71","240.60","241.60","239.63","","-0.06%"
"Jul 14, 2025","239.86","240.27","240.99","237.34","","-0.75%"
"Jul 11, 2025","241.67","239.46","242.21","239.07","","+1.56%"
"Jul 10, 2025","237.95","238.79","238.92","237.38","","-0.39%"
"Jul 09, 2025","238.87","239.16","239.40","238.12","","+0.10%"
"Jul 08, 2025","238.63","237.94","239.41","237.91","","+0.44%"
"Jul 07, 2025","237.59","237.49","238.94","236.48","","+0.02%"
"Jul 04, 2025","237.54","236.74","237.88","235.93","","+0.44%"
"Jul 03, 2025","236.51","238.76","238.77","236.13","","-0.25%"
"Jul 02, 2025","237.10","236.90","238.93","235.94","","+1.55%"
"Jul 01, 2025","233.48","233.91","234.87","231.97","","+0.19%"
"Jun 30, 2025","233.03","233.56","233.98","232.29","","-0.06%"
"Jun 27, 2025","233.17","230.31","234.05","230.02","","+1.15%"
"Jun 26, 2025","230.51","231.13","231.24","228.80","","+0.36%"
"Jun 25, 2025","229.69","229.06","230.91","227.31","","+0.33%"
"Jun 24, 2025","228.94","226.67","229.16","226.25","","+2.73%"
"Jun 23, 2025","222.86","223.85","225.09","222.48","","-1.33%"
"Jun 20, 2025","225.87","227.47","228.02","225.83","","-0.81%"
"Jun 19, 2025","227.72","228.29","229.51","227.57","","+0.45%"
"Jun 18, 2025","226.71","225.75","227.59","225.75","","+0.66%"
"Jun 17, 2025","225.23","224.54","225.89","223.41","","+0.56%"
"Jun 16, 2025","223.97","223.92","225.17","222.83","","-0.08%"
"Jun 14, 2025","224.15","230.96","224.15","224.15","","0.00%"
"Jun 13, 2025","224.15","230.96","231.12","223.64","","-3.18%"
"Jun 12, 2025","231.52","232.47","233.41","231.11","","-0.72%"
"Jun 11, 2025","233.21","236.14","236.25","232.32","","-1.16%"
"Jun 10, 2025","235.94","235.74","236.73","234.80","","0.00%"
"Jun 09, 2025","235.94","235.91","236.78","235.03","","+0.05%"
"Jun 06, 2025","235.83","236.27","237.14","234.77","","+0.38%"
"Jun 05, 2025","234.94","236.75","237.19","234.03","","-0.42%"
"Jun 04, 2025","235.93","235.53","236.58","234.83","","+0.87%"
"Jun 03, 2025","233.89","233.02","234.15","232.37","","+0.27%"
"Jun 02, 2025","233.27","232.71","233.56","231.73","","-0.25%"
"May 30, 2025","233.86","232.57","234.33","232.51","","0.00%"
"May 29, 2025","233.86","231.20","234.14","230.95","","+1.59%"
"May 28, 2025","230.21","230.35","231.33","229.86","","+0.61%"
"May 27, 2025","228.81","228.85","229.75","228.51","","-0.20%"
"May 26, 2025","229.27","228.90","229.66","227.85","","+1.55%"
"May 23, 2025","225.78","226.11","227.29","225.35","","+0.04%"
"May 22, 2025","225.69","228.33","228.33","225.12","","-1.75%"
"May 21, 2025","229.72","231.24","231.44","229.24","","+0.19%"
"May 20, 2025","229.28","233.47","233.68","228.86","","-1.43%"
"May 19, 2025","232.60","231.83","233.05","230.81","","+1.08%"
"May 16, 2025","230.12","228.07","230.12","227.81","","+0.54%"
"May 15, 2025","228.88","229.80","230.07","227.58","","-0.19%"
"May 14, 2025","229.31","229.50","230.12","228.62","","+0.35%"
"May 13, 2025","228.52","228.27","229.66","227.33","","-0.20%"
"May 12, 2025","228.97","226.76","228.97","226.21","","+0.97%"
"May 09, 2025","226.78","228.11","228.50","226.62","","-0.07%"
"May 08, 2025","226.95","226.62","227.08","225.50","","+0.06%"
"May 07, 2025","226.82","221.74","228.41","221.74","","+3.24%"
"May 02, 2025","219.71","218.59","219.89","216.99","","+0.76%"
"May 01, 2025","218.05","216.86","218.81","215.47","","+1.00%"
"Apr 30, 2025","215.89","217.07","217.18","214.48","","-0.42%"
"Apr 28, 2025","216.81","214.85","216.84","214.59","","+0.88%"
"Apr 25, 2025","214.91","215.38","216.56","214.60","","-0.40%"
"Apr 24, 2025","215.78","218.70","218.70","215.68","","-1.02%"
"Apr 23, 2025","218.01","216.74","218.17","216.15","","+0.98%"
"Apr 22, 2025","215.89","212.98","215.93","212.84","","+1.70%"
"Apr 21, 2025","212.28","212.44","213.06","211.32","","-0.12%"
"Apr 18, 2025","212.53","210.98","212.53","210.43","","+1.26%"
"Apr 17, 2025","209.89","207.86","209.93","207.72","","+0.27%"
"Apr 16, 2025","209.32","206.18","209.32","205.88","","+2.03%"
"Apr 15, 2025","205.15","206.90","207.81","205.09","","-0.91%"
"Apr 14, 2025","207.03","209.35","209.51","207.03","","-0.63%"
"Apr 11, 2025","208.35","206.73","208.61","203.72","","-1.09%"
"Apr 10, 2025","210.64","204.00","210.74","204.00","","+5.35%"
"Apr 09, 2025","199.95","202.11","202.11","198.10","","-1.77%"
"Apr 08, 2025","203.56","200.56","204.64","200.56","","+3.59%"
"Apr 07, 2025","196.51","205.78","205.78","192.30","","-6.35%"
"Apr 04, 2025","209.83","208.91","210.68","206.43","","-0.80%"
"Apr 03, 2025","211.53","209.81","211.59","207.96","","-1.01%"
"Apr 02, 2025","213.68","216.55","216.58","213.44","","-1.06%"
"Apr 01, 2025","215.98","216.98","218.05","215.31","","-0.01%"
"Mar 31, 2025","216.00","219.74","219.78","215.56","","-2.96%"
"Mar 28, 2025","222.60","223.50","224.06","221.70","","-2.34%"
"Mar 27, 2025","227.93","226.79","228.32","226.39","","-0.09%"
"Mar 26, 2025","228.13","228.02","229.16","227.61","","+0.50%"
"Mar 25, 2025","227.00","226.05","227.09","225.26","","+0.57%"
"Mar 24, 2025","225.71","227.28","228.12","225.48","","-0.15%"
"Mar 21, 2025","226.04","224.73","227.37","224.63","","+0.70%"
"Mar 19, 2025","224.46","223.03","225.72","222.99","","+1.29%"
"Mar 18, 2025","221.60","221.83","222.76","221.48","","+0.63%"
"Mar 17, 2025","220.21","221.08","221.67","220.21","","-0.13%"
"Mar 14, 2025","220.49","220.98","221.43","219.22","","-0.68%"
"Mar 13, 2025","221.99","221.79","224.25","221.55","","-0.52%"
"Mar 12, 2025","223.16","221.24","223.80","221.10","","-0.35%"
"Mar 11, 2025","223.95","224.65","224.65","221.39","","-0.77%"
"Mar 10, 2025","225.69","226.11","226.11","224.19","","-0.35%"
"Mar 07, 2025","226.49","225.93","227.10","225.05","","+0.20%"
"Mar 06, 2025","226.04","224.51","226.04","224.14","","+1.17%"
"Mar 05, 2025","223.42","224.88","225.57","222.83","","-0.84%"
"Mar 04, 2025","225.32","224.05","225.32","222.73","","+0.71%"
"Mar 03, 2025","223.73","221.22","224.24","220.59","","+1.28%"
"Feb 28, 2025","220.90","222.96","223.54","220.19","","-0.37%"
"Feb 27, 2025","221.71","223.75","223.75","219.90","","-1.93%"
"Feb 26, 2025","226.07","228.29","228.82","224.73","","-0.59%"
"Feb 25, 2025","227.42","226.80","227.55","224.64","","+0.42%"
"Feb 21, 2025","226.47","226.35","228.47","226.03","","+0.85%"
"Feb 20, 2025","224.56","222.70","225.21","222.42","","+0.57%"
"Feb 19, 2025","223.29","223.32","225.67","222.82","","+0.03%"
"Feb 18, 2025","223.23","220.75","223.61","220.75","","+1.09%"
"Feb 17, 2025","220.83","223.68","223.68","220.55","","-1.23%"
"Feb 14, 2025","223.58","224.77","225.78","223.13","","-0.62%"
"Feb 13, 2025","224.97","222.35","225.09","221.25","","+1.14%"
"Feb 12, 2025","222.44","222.35","222.91","220.17","","+0.23%"
"Feb 10, 2025","221.93","223.18","223.39","220.43","","-0.38%"
"Feb 07, 2025","222.77","223.14","224.40","221.96","","+0.67%"
"Feb 06, 2025","221.29","217.77","221.96","217.77","","+2.65%"
"Feb 05, 2025","215.57","218.38","219.16","215.12","","-1.17%"
"Feb 04, 2025","218.12","223.42","223.42","216.91","","-1.21%"
"Feb 03, 2025","220.80","221.85","222.22","219.97","","-0.91%"
"Jan 31, 2025","222.83","221.59","223.08","220.63","","-0.07%"
"Jan 30, 2025","222.99","219.56","223.07","218.93","","+1.33%"
"Jan 29, 2025","220.06","219.03","220.89","218.63","","-0.02%"
"Jan 28, 2025","220.11","218.86","220.86","218.83","","+1.25%"
"Jan 27, 2025","217.39","216.43","217.39","215.96","","+1.20%"
"Jan 24, 2025","214.82","215.01","216.12","214.76","","+0.18%"
"Jan 23, 2025","214.44","211.38","215.37","211.00","","+0.82%"
"Jan 22, 2025","212.69","211.10","213.09","210.89","","+1.11%"
"Jan 21, 2025","210.35","209.23","210.35","208.12","","+0.71%"
"Jan 20, 2025","208.87","208.91","209.53","208.54","","+0.10%"
"Jan 17, 2025","208.67","208.95","209.10","207.27","","-0.07%"
"Jan 16, 2025","208.82","211.51","211.51","208.82","","-1.75%"
"Jan 15, 2025","212.54","213.24","213.58","212.03","","+0.01%"
"Jan 14, 2025","212.52","211.51","213.83","210.81","","-0.38%"
"Jan 10, 2025","213.33","214.42","215.01","212.98","","-0.18%"
"Jan 09, 2025","213.72","215.80","215.80","213.27","","-1.27%"
"Jan 08, 2025","216.48","217.41","217.89","216.09","","-0.31%"
"Jan 07, 2025","217.15","217.46","217.83","215.95","","+0.21%"
"Jan 06, 2025","216.70","219.79","220.43","216.70","","-0.73%"
"Dec 30, 2024","218.29","220.56","220.56","217.94","","-0.52%"
"Dec 27, 2024","219.43","218.01","220.09","218.01","","+1.33%"
"Dec 26, 2024","216.54","216.55","217.19","214.37","","+0.04%"
"Dec 25, 2024","216.45","217.10","217.24","215.31","","-0.36%"
"Dec 24, 2024","217.23","217.17","217.91","216.87","","+0.02%"
"Dec 23, 2024","217.19","218.63","218.63","216.31","","-0.42%"
"Dec 20, 2024","218.10","222.16","222.56","218.10","","-1.46%"
"Dec 19, 2024","221.34","221.51","222.12","220.71","","-0.58%"
"Dec 18, 2024","222.63","223.27","224.27","222.63","","-0.01%"
"Dec 17, 2024","222.66","222.92","224.08","222.63","","+0.01%"
"Dec 16, 2024","222.63","226.04","226.04","222.63","","-1.27%"
"Dec 13, 2024","225.49","226.38","227.35","225.11","","-0.75%"
"Dec 12, 2024","227.20","226.70","227.99","226.32","","+0.64%"
"Dec 11, 2024","225.75","225.38","225.77","224.36","","+0.18%"
"Dec 10, 2024","225.35","226.18","226.45","224.96","","+0.33%"
"Dec 09, 2024","224.61","222.19","225.11","222.08","","+1.22%"
"Dec 06, 2024","221.90","221.46","222.41","221.27","","+0.73%"
"Dec 05, 2024","220.30","219.51","220.70","219.09","","+0.71%"
"Dec 04, 2024","218.74","220.16","220.16","218.26","","-1.05%"
"Dec 03, 2024","221.06","221.10","221.90","219.58","","-0.36%"
"Dec 02, 2024","221.86","220.29","222.98","220.28","","+1.11%"
"Nov 29, 2024","219.43","218.28","220.20","217.77","","+0.51%"
"Nov 28, 2024","218.32","216.31","218.57","216.03","","+0.76%"
"Nov 27, 2024","216.67","215.39","216.67","214.24","","+0.37%"
"Nov 26, 2024","215.87","213.81","215.87","213.05","","+1.26%"
"Nov 25, 2024","213.19","215.40","216.32","213.19","","-0.44%"
"Nov 22, 2024","214.14","212.58","214.80","212.36","","+0.41%"
"Nov 21, 2024","213.26","214.38","214.38","213.01","","-0.43%"
"Nov 20, 2024","214.19","215.89","216.83","213.69","","-1.16%"
"Nov 19, 2024","216.71","217.86","218.87","216.49","","-0.50%"
"Nov 18, 2024","217.79","217.30","218.51","217.02","","+0.25%"
"Nov 15, 2024","217.24","217.91","219.03","217.24","","+0.07%"
"Nov 14, 2024","217.09","218.32","218.69","216.96","","-0.44%"
"Nov 13, 2024","218.05","216.28","218.50","215.89","","+0.56%"
"Nov 12, 2024","216.84","215.70","217.38","215.70","","+0.67%"
"Nov 11, 2024","215.40","213.97","215.60","213.90","","+0.74%"
"Nov 08, 2024","213.82","216.57","216.82","213.75","","-1.32%"
"Nov 07, 2024","216.68","215.97","217.70","215.48","","+0.72%"
"Nov 06, 2024","215.14","215.09","217.78","215.09","","+0.27%"
"Nov 05, 2024","214.55","217.12","217.12","214.11","","-1.60%"
"Nov 01, 2024","218.03","218.34","219.13","216.18","","-2.35%"
"Oct 31, 2024","223.27","222.20","223.46","221.10","","+0.61%"
"Oct 30, 2024","221.91","220.97","222.31","220.35","","+0.26%"
"Oct 29, 2024","221.34","219.76","221.34","219.03","","+1.15%"
"Oct 28, 2024","218.83","215.95","219.26","215.65","","+1.03%"
"Oct 25, 2024","216.59","216.79","217.85","215.69","","-0.13%"
"Oct 24, 2024","216.87","216.81","217.41","215.44","","-0.22%"
"Oct 23, 2024","217.35","217.92","218.95","217.29","","-0.35%"
"Oct 22, 2024","218.12","217.73","218.57","216.50","","-0.24%"
"Oct 21, 2024","218.65","218.57","219.46","217.91","","-0.21%"
"Oct 18, 2024","219.12","220.08","220.37","218.38","","-0.36%"
"Oct 17, 2024","219.92","217.82","220.49","217.82","","+1.31%"
"Oct 16, 2024","217.08","217.72","219.49","216.99","","-0.22%"
"Oct 15, 2024","217.56","217.95","218.75","217.04","","-0.08%"
"Oct 11, 2024","217.73","218.98","219.20","217.50","","-0.37%"
"Oct 10, 2024","218.54","218.58","219.34","217.94","","+0.16%"
"Oct 09, 2024","218.19","218.59","219.02","217.67","","+0.13%"
"Oct 08, 2024","217.91","219.44","220.35","217.10","","-1.17%"
"Oct 07, 2024","220.49","221.21","221.41","219.42","","-0.02%"
"Oct 04, 2024","220.53","219.58","220.64","218.80","","+0.41%"
"Oct 03, 2024","219.63","220.74","221.08","217.52","","-0.08%"
"Oct 02, 2024","219.80","222.88","224.99","219.64","","-2.65%"
"Oct 01, 2024","225.79","227.97","228.33","225.77","","-1.04%"
"Sep 30, 2024","228.17","226.36","229.78","225.14","","-0.77%"
"Sep 27, 2024","229.95","228.45","230.86","228.01","","+0.28%"
"Sep 26, 2024","229.30","226.92","229.30","226.60","","+1.43%"
"Sep 25, 2024","226.06","223.46","226.21","222.87","","+1.45%"
"Sep 24, 2024","222.82","224.26","225.23","222.40","","-1.20%"
"Sep 20, 2024","225.53","227.35","227.80","224.96","","+0.09%"
"Sep 19, 2024","225.33","223.99","226.26","223.70","","+1.73%"
"Sep 18, 2024","221.50","224.04","224.15","219.68","","-1.14%"
"Sep 17, 2024","224.06","222.96","224.06","221.80","","+1.15%"
"Sep 13, 2024","221.52","220.34","221.90","219.91","","+0.26%"
"Sep 12, 2024","220.95","218.73","221.18","218.73","","+1.78%"
"Sep 11, 2024","217.09","220.45","220.64","215.61","","-2.14%"
"Sep 10, 2024","221.83","220.58","222.54","220.24","","+1.00%"
"Sep 09, 2024","219.63","216.45","219.70","215.99","","+0.67%"
"Sep 06, 2024","218.17","221.20","221.56","217.55","","-0.98%"
"Sep 05, 2024","220.34","217.78","222.11","217.78","","+0.93%"
"Sep 04, 2024","218.30","217.54","219.41","216.89","","-1.06%"
"Sep 03, 2024","220.64","218.96","221.24","218.87","","+0.53%"
"Sep 02, 2024","219.48","220.51","221.30","219.03","","-0.44%"
"Aug 30, 2024","220.46","221.14","221.38","219.25","","-0.14%"
"Aug 29, 2024","220.76","219.07","220.76","217.91","","+0.39%"
"Aug 28, 2024","219.90","220.38","220.79","218.96","","-0.43%"
"Aug 27, 2024","220.84","219.55","221.11","219.45","","-0.04%"
"Aug 26, 2024","220.92","217.05","221.20","216.85","","+2.35%"
"Aug 23, 2024","215.84","214.94","215.92","214.00","","+0.62%"
"Aug 22, 2024","214.50","214.36","214.50","212.71","","+0.17%"
"Aug 21, 2024","214.14","211.80","215.29","211.55","","+1.05%"
"Aug 20, 2024","211.91","209.31","211.97","209.02","","+2.20%"
"Aug 19, 2024","207.35","207.94","208.77","206.59","","-0.59%"
"Aug 16, 2024","208.59","207.50","208.59","206.17","","+1.55%"
"Aug 15, 2024","205.41","206.14","207.30","204.49","","-0.45%"
"Aug 14, 2024","206.34","204.20","206.51","203.80","","+1.55%"
"Aug 13, 2024","203.20","203.02","203.49","199.57","","-0.94%"
"Aug 09, 2024","205.12","209.70","209.70","202.85","","-1.41%"
"Aug 08, 2024","208.05","206.96","211.25","206.37","","-0.28%"
"Aug 07, 2024","208.64","202.68","211.84","202.68","","+1.34%"
"Aug 06, 2024","205.89","198.14","209.48","198.14","","+6.09%"
"Aug 05, 2024","194.08","203.98","205.25","191.94","","-6.71%"
"Aug 02, 2024","208.05","211.06","211.64","207.12","","-3.29%"
"Aug 01, 2024","215.13","214.67","215.31","209.25","","-1.24%"
"Jul 31, 2024","217.84","219.14","219.50","215.59","","-1.58%"
"Jul 30, 2024","221.33","220.10","221.51","219.50","","-0.12%"
"Jul 29, 2024","221.59","219.10","221.78","218.33","","+2.15%"
"Jul 26, 2024","216.92","220.31","220.43","216.92","","-1.34%"
"Jul 25, 2024","219.87","217.99","220.26","217.89","","+0.57%"
"Jul 24, 2024","218.63","222.87","222.91","218.63","","-2.50%"
"Jul 23, 2024","224.23","223.73","224.79","223.63","","+0.49%"
"Jul 22, 2024","223.13","224.74","224.77","222.94","","-0.42%"
"Jul 19, 2024","224.08","227.34","227.34","222.72","","-1.75%"
"Jul 18, 2024","228.08","228.64","229.91","227.97","","-0.21%"
"Jul 17, 2024","228.55","227.90","229.23","227.53","","+0.44%"
"Jul 16, 2024","227.55","229.86","229.86","227.55","","-0.97%"
"Jul 12, 2024","229.77","226.81","230.02","226.81","","+0.61%"
"Jul 11, 2024","228.38","227.83","228.74","227.54","","+0.22%"
"Jul 10, 2024","227.87","225.93","227.89","225.60","","+0.86%"
"Jul 09, 2024","225.92","226.12","226.70","225.27","","-0.04%"
"Jul 08, 2024","226.00","227.52","227.56","225.41","","-0.61%"
"Jul 05, 2024","227.39","228.62","228.88","227.01","","-0.58%"
"Jul 04, 2024","228.71","228.19","228.96","228.06","","+0.40%"
"Jul 03, 2024","227.81","226.93","228.17","226.41","","+0.56%"
"Jul 02, 2024","226.55","226.28","227.79","226.02","","+0.68%"
"Jul 01, 2024","225.02","227.22","227.37","224.49","","+0.14%"
"Jun 30, 2024","224.71","225.69","224.71","224.71","","0.00%"
"Jun 28, 2024","224.71","225.69","225.98","224.43","","-0.49%"
"Jun 27, 2024","225.81","225.40","226.44","224.20","","-0.09%"
"Jun 26, 2024","226.01","225.64","226.94","224.75","","-0.16%"
"Jun 25, 2024","226.37","225.39","226.65","225.05","","+1.02%"
"Jun 24, 2024","224.09","222.24","224.29","222.00","","+0.64%"
"Jun 21, 2024","222.66","223.38","225.41","222.35","","+0.41%"
"Jun 20, 2024","221.76","221.54","222.37","220.32","","+0.75%"
"Jun 19, 2024","220.10","219.31","220.32","218.49","","+0.64%"
"Jun 18, 2024","218.69","219.31","219.74","217.87","","+0.18%"
"Jun 17, 2024","218.30","220.46","220.51","216.78","","-1.95%"
"Jun 15, 2024","222.64","221.33","222.64","222.64","","0.00%"
"Jun 14, 2024","222.64","221.33","222.99","220.65","","+0.85%"
"Jun 13, 2024","220.76","224.07","224.70","220.66","","-1.28%"
"Jun 12, 2024","223.63","225.22","225.65","223.51","","-1.03%"
"Jun 11, 2024","225.96","228.64","229.03","225.96","","-1.27%"
"Jun 10, 2024","228.87","228.24","229.09","227.42","","+0.26%"
"Jun 07, 2024","228.28","227.74","228.69","227.65","","+0.07%"
"Jun 06, 2024","228.13","228.52","229.47","228.01","","-0.50%"
"Jun 05, 2024","229.28","231.82","232.69","229.28","","-1.38%"
"Jun 04, 2024","232.48","230.62","232.66","230.23","","+0.83%"
"Jun 03, 2024","230.56","231.26","231.60","229.58","","+0.30%"
"May 31, 2024","229.87","228.58","231.31","228.37","","+1.21%"
"May 30, 2024","227.13","226.28","227.41","225.39","","-0.58%"
"May 29, 2024","228.45","231.64","231.72","228.45","","-1.63%"
"May 28, 2024","232.23","233.54","234.20","232.09","","-0.65%"
"May 27, 2024","233.74","232.98","233.87","232.46","","+0.15%"
"May 25, 2024","233.40","232.94","233.40","233.40","","0.00%"
"May 24, 2024","233.40","232.94","234.46","232.18","","-0.25%"
"May 23, 2024","233.99","234.84","235.64","233.63","","-0.03%"
"May 22, 2024","234.05","233.99","234.76","233.42","","-0.32%"
"May 21, 2024","234.80","234.88","235.69","234.42","","+0.20%"
"May 20, 2024","234.33","232.62","234.77","232.58","","+0.66%"
"May 17, 2024","232.80","231.67","232.84","230.92","","+0.25%"
"May 16, 2024","232.23","232.21","232.38","229.92","","+0.15%"
"May 15, 2024","231.88","234.43","234.43","231.78","","-1.04%"
"May 14, 2024","234.31","235.19","235.19","233.95","","-0.06%"
"May 13, 2024","234.44","232.56","234.70","232.20","","+1.02%"
"May 10, 2024","232.08","231.27","233.10","231.27","","+0.47%"
"May 09, 2024","230.99","231.09","232.16","230.75","","-0.01%"
"May 08, 2024","231.02","234.08","234.82","231.02","","-1.73%"
"May 07, 2024","235.08","236.20","236.20","234.37","","+0.40%"
"May 02, 2024","234.15","235.97","236.35","233.31","","-0.81%"
"May 01, 2024","236.07","236.97","236.97","234.79","","0.00%"
"Apr 30, 2024","236.08","237.58","237.58","233.75","","-1.73%"
"Apr 26, 2024","240.24","238.18","240.84","237.51","","+0.52%"
"Apr 25, 2024","238.99","240.83","240.83","238.16","","-1.04%"
"Apr 24, 2024","241.49","238.91","241.49","238.91","","+0.14%"
"Apr 23, 2024","241.16","241.65","242.11","240.73","","+0.15%"
"Apr 22, 2024","240.81","237.57","240.84","237.27","","+3.21%"
"Apr 19, 2024","233.33","239.89","240.42","233.05","","-2.38%"
"Apr 18, 2024","239.01","235.71","239.99","235.42","","+2.01%"
"Apr 17, 2024","234.29","239.01","239.01","234.29","","-1.56%"
"Apr 16, 2024","238.00","239.66","240.06","237.01","","-1.57%"
"Apr 15, 2024","241.79","243.08","243.42","239.91","","-1.27%"
"Apr 12, 2024","244.91","245.68","246.41","244.57","","-0.08%"
"Apr 11, 2024","245.11","244.96","246.20","244.66","","-0.40%"
"Apr 10, 2024","246.09","246.66","248.15","245.88","","-0.06%"
"Apr 09, 2024","246.25","243.69","246.67","243.69","","+1.91%"
"Apr 08, 2024","241.63","240.10","242.56","239.63","","-0.10%"
"Apr 05, 2024","241.87","240.31","242.50","239.35","","+0.28%"
"Apr 04, 2024","241.20","244.96","245.10","241.20","","-1.43%"
"Apr 03, 2024","244.71","243.62","245.56","243.21","","+0.20%"
"Apr 02, 2024","244.23","247.89","247.89","243.85","","-1.52%"
"Apr 01, 2024","248.01","249.24","249.49","246.60","","-0.63%"
"Mar 29, 2024","249.58","247.27","250.33","246.99","","+1.60%"
"Mar 28, 2024","245.65","246.44","248.67","245.64","","-1.50%"
"Mar 27, 2024","249.39","249.83","249.99","247.80","","+0.37%"
"Mar 26, 2024","248.47","249.33","250.17","246.87","","-0.43%"
"Mar 25, 2024","249.54","249.60","251.81","248.96","","-0.14%"
"Mar 22, 2024","249.89","250.26","252.79","249.46","","+1.46%"
"Mar 21, 2024","246.30","244.67","246.49","244.33","","+0.21%"
"Mar 19, 2024","245.78","244.95","246.14","243.90","","+0.41%"
"Mar 18, 2024","244.77","242.95","244.91","242.65","","+0.84%"
"Mar 15, 2024","242.74","242.10","242.74","240.88","","+0.16%"
"Mar 14, 2024","242.35","239.85","242.35","239.85","","+1.00%"
"Mar 13, 2024","239.96","239.84","240.86","238.02","","+0.26%"
"Mar 12, 2024","239.33","238.58","239.43","234.93","","+0.18%"
"Mar 11, 2024","238.91","240.22","240.64","236.95","","-0.57%"
"Mar 08, 2024","240.29","242.52","243.56","239.78","","-1.05%"
"Mar 07, 2024","242.85","241.73","243.40","241.49","","+0.97%"
"Mar 06, 2024","240.52","240.86","242.82","240.21","","-0.21%"
"Mar 05, 2024","241.03","240.60","241.78","238.84","","+0.25%"
"Mar 04, 2024","240.42","244.78","244.88","240.30","","-2.18%"
"Mar 01, 2024","245.78","246.93","247.78","245.50","","-0.58%"
"Feb 29, 2024","247.21","246.35","247.43","244.11","","+0.34%"
"Feb 28, 2024","246.38","245.31","247.29","244.58","","+0.57%"
"Feb 27, 2024","244.98","245.09","245.44","243.30","","-0.38%"
"Feb 26, 2024","245.91","244.15","246.40","243.74","","+0.77%"
"Feb 22, 2024","244.02","244.22","245.35","243.24","","+0.08%"
"Feb 21, 2024","243.82","245.30","245.30","242.97","","-0.67%"
"Feb 20, 2024","245.47","246.19","247.42","244.94","","0.00%"
"Feb 19, 2024","245.48","244.59","245.48","243.73","","-0.09%"
"Feb 16, 2024","245.70","243.82","246.72","243.82","","+0.89%"
"Feb 15, 2024","243.53","243.82","244.25","241.45","","-0.33%"
"Feb 14, 2024","244.33","246.49","246.49","243.87","","-1.49%"
"Feb 13, 2024","248.03","246.75","248.27","245.81","","+0.79%"
"Feb 09, 2024","246.08","246.11","247.96","245.51","","-0.77%"
"Feb 08, 2024","247.99","246.44","248.59","244.97","","+0.76%"
"Feb 07, 2024","246.13","249.78","251.06","245.50","","-1.23%"
"Feb 06, 2024","249.20","249.98","251.21","249.15","","-0.32%"
"Feb 05, 2024","250.01","250.41","251.00","248.70","","-0.25%"
"Feb 02, 2024","250.63","251.75","251.93","249.12","","-0.48%"
"Feb 01, 2024","251.85","252.96","256.39","250.63","","+1.03%"
"Jan 31, 2024","249.28","246.45","249.28","246.17","","+0.84%"
"Jan 30, 2024","247.21","246.96","247.63","245.96","","-0.14%"
"Jan 29, 2024","247.56","245.32","248.10","245.30","","+1.69%"
"Jan 26, 2024","243.44","246.07","246.07","243.14","","-0.93%"
"Jan 25, 2024","245.72","244.91","245.92","243.48","","+0.60%"
"Jan 24, 2024","244.26","246.25","246.54","243.56","","-0.82%"
"Jan 23, 2024","246.27","246.71","247.67","245.65","","+0.28%"
"Jan 22, 2024","245.58","244.15","245.60","243.38","","+1.04%"
"Jan 19, 2024","243.05","243.04","244.09","241.49","","+0.79%"
"Jan 18, 2024","241.14","241.68","242.37","240.38","","-0.50%"
"Jan 17, 2024","242.34","241.98","243.91","241.66","","+0.20%"
"Jan 16, 2024","241.86","244.37","244.77","241.72","","-0.86%"
"Jan 15, 2024","243.95","243.20","244.31","241.79","","-0.03%"
"Jan 12, 2024","244.03","246.35","246.35","243.08","","-0.84%"
"Jan 11, 2024","246.09","245.19","246.45","245.03","","+0.40%"
"Jan 10, 2024","245.11","244.13","246.20","243.98","","+0.53%"
"Jan 09, 2024","243.82","242.44","244.32","241.49","","+1.00%"
"Jan 05, 2024","241.41","241.93","241.93","239.78","","+0.16%"
"Jan 04, 2024","241.03","232.90","241.03","232.90","","+1.41%"
"Dec 29, 2023","237.67","238.25","239.35","236.69","","-0.10%"
"Dec 28, 2023","237.90","236.13","237.96","235.56","","+0.37%"
"Dec 27, 2023","237.03","235.50","237.14","235.09","","+0.80%"
"Dec 26, 2023","235.15","237.10","237.10","234.92","","-0.89%"
"Dec 25, 2023","237.27","238.31","238.82","236.22","","-0.03%"
"Dec 22, 2023","237.35","237.35","238.11","236.16","","+0.33%"
"Dec 21, 2023","236.56","235.92","236.82","233.90","","-0.19%"
"Dec 20, 2023","237.02","236.54","238.58","236.54","","+0.30%"
"Dec 19, 2023","236.30","237.83","237.83","234.24","","-0.82%"
"Dec 18, 2023","238.26","240.49","241.56","237.51","","-1.20%"
"Dec 15, 2023","241.16","237.84","241.16","237.57","","+0.21%"
"Dec 14, 2023","240.65","240.93","242.22","239.43","","-0.59%"
"Dec 13, 2023","242.09","243.60","245.01","241.42","","-0.37%"
"Dec 12, 2023","243.00","243.56","244.45","242.32","","-0.12%"
"Dec 11, 2023","243.28","241.22","243.28","239.99","","+0.07%"
"Dec 08, 2023","243.10","242.44","246.59","242.22","","+0.51%"
"Dec 07, 2023","241.87","242.13","242.68","241.20","","+1.21%"
"Dec 06, 2023","238.97","236.56","239.37","235.98","","+1.11%"
"Dec 05, 2023","236.35","236.17","237.24","235.22","","+0.12%"
"Dec 04, 2023","236.06","236.30","236.75","234.04","","-0.84%"
"Dec 01, 2023","238.06","239.99","239.99","238.01","","-0.27%"
"Nov 30, 2023","238.70","237.15","238.82","235.39","","+0.23%"
"Nov 29, 2023","238.15","239.53","240.49","237.71","","-0.92%"
"Nov 28, 2023","240.37","240.71","240.75","237.65","","-0.48%"
"Nov 27, 2023","241.54","243.47","243.59","241.09","","-0.63%"
"Nov 24, 2023","243.08","245.43","246.02","242.53","","-0.48%"
"Nov 22, 2023","244.26","244.02","244.99","243.65","","-0.49%"
"Nov 21, 2023","245.47","243.32","246.05","243.32","","+0.66%"
"Nov 20, 2023","243.85","244.17","245.38","243.19","","-0.33%"
"Nov 17, 2023","244.65","238.59","244.79","238.50","","+2.82%"
"Nov 16, 2023","237.95","240.11","240.54","237.95","","-0.87%"
"Nov 15, 2023","240.04","240.15","241.25","239.12","","+0.39%"
"Nov 14, 2023","239.11","239.95","240.34","238.99","","-0.21%"
"Nov 13, 2023","239.62","239.97","240.34","238.19","","-0.50%"
"Nov 10, 2023","240.83","237.69","240.93","237.39","","+0.20%"
"Nov 09, 2023","240.36","236.59","240.45","235.98","","+2.31%"
"Nov 08, 2023","234.94","235.52","237.41","234.36","","+0.69%"
"Nov 07, 2023","233.32","236.35","236.52","233.10","","-1.58%"
"Nov 06, 2023","237.06","236.90","239.35","235.62","","+1.69%"
"Nov 02, 2023","233.12","230.28","234.14","230.27","","+1.43%"
"Nov 01, 2023","229.84","234.43","236.61","229.44","","-1.19%"
"Oct 31, 2023","232.61","231.12","232.93","229.70","","+1.36%"
"Oct 30, 2023","229.48","229.31","230.71","228.84","","-0.74%"
"Oct 27, 2023","231.18","228.90","231.42","228.16","","+1.56%"
"Oct 26, 2023","227.62","227.40","228.96","226.28","","-0.76%"
"Oct 25, 2023","229.36","229.49","231.03","229.02","","+0.77%"
"Oct 24, 2023","227.61","225.78","228.18","222.43","","+1.52%"
"Oct 23, 2023","224.21","224.64","225.70","223.57","","-0.38%"
"Oct 20, 2023","225.06","225.55","226.36","223.14","","-0.72%"
"Oct 19, 2023","226.70","228.82","229.51","225.91","","-2.11%"
"Oct 18, 2023","231.58","230.19","232.24","228.81","","+0.85%"
"Oct 17, 2023","229.62","232.22","232.51","228.79","","+0.06%"
"Oct 16, 2023","229.48","233.27","233.47","229.07","","-2.63%"
"Oct 13, 2023","235.67","237.05","238.25","235.67","","-1.43%"
"Oct 12, 2023","239.08","240.10","240.20","237.48","","-0.18%"
"Oct 11, 2023","239.50","240.48","241.99","239.50","","+0.23%"
"Oct 10, 2023","238.94","239.07","239.54","235.53","","-1.34%"
"Oct 06, 2023","242.18","243.93","244.76","241.79","","+0.60%"
"Oct 05, 2023","240.74","236.37","241.18","236.17","","+3.56%"
"Oct 04, 2023","232.46","235.83","237.92","232.27","","-2.16%"
"Oct 03, 2023","237.58","242.34","242.49","237.36","","-1.12%"
"Oct 02, 2023","240.28","247.35","248.25","240.16","","-2.29%"
"Sep 29, 2023","245.90","249.68","250.00","244.67","","-0.93%"
"Sep 28, 2023","248.21","254.08","254.08","245.78","","-3.11%"
"Sep 27, 2023","256.19","254.22","256.27","252.92","","+0.26%"
"Sep 26, 2023","255.53","257.03","257.03","254.91","","-0.60%"
"Sep 25, 2023","257.06","255.88","257.56","255.71","","+0.46%"
"Sep 22, 2023","255.89","253.22","256.78","251.53","","+1.37%"
"Sep 21, 2023","252.42","252.61","253.22","251.25","","-0.17%"
"Sep 20, 2023","252.84","255.44","255.44","252.84","","-1.06%"
"Sep 19, 2023","255.54","255.56","255.56","253.66","","+0.05%"
"Sep 15, 2023","255.41","257.03","258.24","254.94","","-0.81%"
"Sep 14, 2023","257.50","259.08","259.40","255.94","","-0.14%"
"Sep 13, 2023","257.87","258.08","259.77","256.70","","+0.20%"
"Sep 12, 2023","257.36","256.55","258.05","256.04","","+0.82%"
"Sep 11, 2023","255.27","255.00","255.97","253.32","","+0.71%"
"Sep 08, 2023","253.48","256.78","256.78","253.25","","-0.54%"
"Sep 07, 2023","254.86","256.64","257.33","254.56","","-1.08%"
"Sep 06, 2023","257.65","257.34","258.15","256.57","","+0.05%"
"Sep 05, 2023","257.52","256.71","258.02","255.93","","+0.38%"
"Sep 04, 2023","256.55","256.88","257.08","255.66","","-0.12%"
"Sep 01, 2023","256.85","255.38","257.35","255.20","","+0.27%"
"Aug 31, 2023","256.16","253.40","256.20","252.71","","+1.53%"
"Aug 30, 2023","252.31","253.73","254.13","251.95","","-0.64%"
"Aug 29, 2023","253.93","254.07","254.62","253.44","","+0.60%"
"Aug 28, 2023","252.42","257.36","257.64","251.42","","-1.31%"
"Aug 25, 2023","255.78","255.75","257.03","255.36","","-0.60%"
"Aug 24, 2023","257.32","257.42","258.02","256.46","","-0.21%"
"Aug 23, 2023","257.86","256.49","258.22","256.44","","+0.72%"
"Aug 22, 2023","256.02","256.12","257.35","255.23","","+0.09%"
"Aug 21, 2023","255.78","256.33","257.60","255.21","","-0.11%"
"Aug 18, 2023","256.06","256.44","258.06","255.14","","-1.26%"
"Aug 17, 2023","259.32","260.84","262.83","257.10","","-0.17%"
"Aug 16, 2023","259.77","261.77","261.77","259.40","","-1.70%"
"Aug 15, 2023","264.25","263.83","265.08","262.66","","+0.19%"
"Aug 14, 2023","263.74","267.44","268.00","263.27","","-1.22%"
"Aug 10, 2023","266.99","264.93","267.56","263.50","","+1.74%"
"Aug 09, 2023","262.43","258.05","265.25","257.35","","+1.96%"
"Aug 08, 2023","257.38","256.79","257.62","256.07","","+0.78%"
"Aug 07, 2023","255.38","253.98","255.38","252.67","","+0.03%"
"Aug 04, 2023","255.31","251.82","255.78","251.77","","+0.79%"
"Aug 03, 2023","253.31","256.90","257.56","252.86","","-2.13%"
"Aug 02, 2023","258.82","262.12","263.50","258.39","","-2.74%"
"Aug 01, 2023","266.11","264.22","266.27","263.92","","+0.79%"
"Jul 31, 2023","264.03","268.71","269.27","262.83","","-0.43%"
"Jul 28, 2023","265.18","261.57","265.34","260.43","","+0.57%"
"Jul 27, 2023","263.69","262.73","264.01","262.35","","+0.50%"
"Jul 26, 2023","262.39","262.78","263.11","261.36","","-0.50%"
"Jul 25, 2023","263.70","263.57","263.88","261.94","","-0.11%"
"Jul 24, 2023","263.99","265.03","265.03","263.14","","+0.56%"
"Jul 21, 2023","262.53","262.04","262.76","260.24","","+0.82%"
"Jul 20, 2023","260.40","261.25","263.27","260.12","","+0.23%"
"Jul 19, 2023","259.81","259.34","260.24","257.87","","+1.47%"
"Jul 18, 2023","256.05","255.73","259.48","254.76","","+0.17%"
"Jul 14, 2023","255.61","259.32","259.32","254.35","","-1.00%"
"Jul 13, 2023","258.18","258.23","258.88","255.18","","-0.78%"
"Jul 12, 2023","260.21","263.61","263.77","259.79","","-0.96%"
"Jul 11, 2023","262.74","265.83","266.36","262.46","","-0.92%"
"Jul 10, 2023","265.18","268.28","269.39","265.10","","-0.74%"
"Jul 07, 2023","267.17","265.70","269.08","265.52","","+0.17%"
"Jul 06, 2023","266.71","267.14","269.13","265.77","","+0.08%"
"Jul 05, 2023","266.50","265.26","267.96","264.53","","+0.11%"
"Jul 04, 2023","266.21","265.54","266.86","265.02","","-0.17%"
"Jul 03, 2023","266.67","266.84","268.41","266.34","","+0.03%"
"Jun 30, 2023","266.59","267.52","268.55","265.25","","-0.57%"
"Jun 29, 2023","268.11","270.27","273.35","267.14","","-1.16%"
"Jun 28, 2023","271.26","265.89","271.46","265.37","","+2.94%"
"Jun 27, 2023","263.52","263.59","264.21","260.80","","+1.53%"
"Jun 26, 2023","259.55","259.67","260.47","256.19","","-0.30%"
"Jun 23, 2023","260.33","261.94","267.00","259.06","","-0.04%"
"Jun 22, 2023","260.43","259.00","261.66","258.43","","+0.18%"
"Jun 21, 2023","259.95","253.14","259.98","253.14","","+3.01%"
"Jun 20, 2023","252.36","250.92","252.36","249.81","","+0.22%"
"Jun 19, 2023","251.81","254.10","254.10","250.57","","-0.71%"
"Jun 16, 2023","253.61","246.62","254.12","246.31","","+2.86%"
"Jun 15, 2023","246.57","246.87","247.99","245.67","","-0.16%"
"Jun 14, 2023","246.96","242.92","247.17","242.92","","+2.29%"
"Jun 13, 2023","241.42","241.45","243.74","240.78","","+0.20%"
"Jun 12, 2023","240.93","239.80","241.46","239.21","","+0.98%"
"Jun 09, 2023","238.58","239.88","239.93","237.71","","-0.13%"
"Jun 08, 2023","238.90","238.81","240.75","237.66","","+0.17%"
"Jun 07, 2023","238.49","241.21","242.38","238.41","","-0.73%"
"Jun 06, 2023","240.25","238.42","240.61","237.99","","+0.26%"
"Jun 05, 2023","239.62","239.00","239.78","238.57","","+0.69%"
"Jun 02, 2023","237.97","237.27","238.89","236.38","","0.00%"
"Jun 01, 2023","237.98","233.98","238.96","233.65","","+1.29%"
"May 31, 2023","234.94","232.45","234.94","231.54","","+0.40%"
"May 30, 2023","234.00","235.48","235.69","232.81","","-0.59%"
"May 29, 2023","235.38","236.33","237.50","234.78","","+0.11%"
"May 26, 2023","235.12","232.66","235.63","231.76","","+2.32%"
"May 25, 2023","229.78","231.19","234.11","229.65","","-0.82%"
"May 24, 2023","231.67","237.93","238.01","231.33","","-2.74%"
"May 23, 2023","238.20","240.94","242.37","237.23","","-1.43%"
"May 22, 2023","241.65","236.85","241.73","236.73","","+2.21%"
"May 19, 2023","236.42","238.52","239.06","236.09","","-0.91%"
"May 18, 2023","238.60","242.94","242.94","238.22","","-0.62%"
"May 17, 2023","240.09","235.32","240.46","235.31","","+2.05%"
"May 16, 2023","235.26","233.04","235.26","233.04","","+0.89%"
"May 15, 2023","233.18","233.91","233.91","232.20","","+0.21%"
"May 12, 2023","232.68","230.04","232.68","229.62","","+1.13%"
"May 11, 2023","230.08","228.86","230.24","228.83","","-0.27%"
"May 10, 2023","230.71","231.83","231.83","229.98","","-0.35%"
"May 09, 2023","231.52","233.00","233.07","230.76","","-0.54%"
"May 08, 2023","232.78","229.18","234.78","229.16","","+1.66%"
"May 02, 2023","228.98","229.69","230.09","228.28","","-0.51%"
"May 01, 2023","230.15","226.84","230.15","226.29","","+1.85%"
"Apr 28, 2023","225.97","225.31","226.15","223.32","","+2.01%"
"Apr 27, 2023","221.52","224.09","224.44","221.12","","-1.34%"
"Apr 26, 2023","224.52","224.71","226.40","223.58","","-0.39%"
"Apr 25, 2023","225.40","226.47","227.87","225.27","","-0.69%"
"Apr 24, 2023","226.97","224.17","227.63","223.94","","+2.93%"
"Apr 21, 2023","220.50","221.22","221.24","219.82","","-0.57%"
"Apr 20, 2023","221.76","220.04","221.89","220.04","","+0.32%"
"Apr 19, 2023","221.06","219.54","221.06","218.65","","+0.84%"
"Apr 18, 2023","219.21","218.75","220.06","217.57","","+0.29%"
"Apr 17, 2023","218.58","216.72","218.69","216.25","","+1.42%"
"Apr 14, 2023","215.52","215.03","215.76","214.50","","+0.03%"
"Apr 13, 2023","215.46","215.61","216.26","214.38","","-0.78%"
"Apr 12, 2023","217.16","216.62","217.36","215.81","","+0.04%"
"Apr 11, 2023","217.07","218.67","218.91","216.85","","-0.44%"
"Apr 10, 2023","218.02","217.82","219.73","217.75","","+0.54%"
"Apr 07, 2023","216.85","216.15","217.86","215.77","","+0.91%"
"Apr 06, 2023","214.90","214.57","217.27","214.53","","-0.87%"
"Apr 05, 2023","216.79","220.11","220.56","216.36","","-2.17%"
"Apr 04, 2023","221.61","222.76","223.48","221.10","","-0.75%"
"Apr 03, 2023","223.28","223.85","224.39","221.74","","+0.43%"
"Mar 31, 2023","222.33","221.42","223.65","219.74","","+0.78%"
"Mar 30, 2023","220.62","218.61","220.71","218.04","","+0.40%"
"Mar 29, 2023","219.75","218.20","220.07","218.20","","+1.00%"
"Mar 28, 2023","217.58","218.19","218.26","216.18","","+0.05%"
"Mar 27, 2023","217.47","216.08","217.61","215.50","","+0.94%"
"Mar 24, 2023","215.44","213.83","215.69","213.39","","+0.27%"
"Mar 23, 2023","214.87","212.21","215.32","211.90","","+0.75%"
"Mar 22, 2023","213.28","216.19","217.05","212.19","","-0.02%"
"Mar 20, 2023","213.33","218.96","218.96","213.18","","-2.21%"
"Mar 17, 2023","218.14","213.25","218.14","213.25","","+2.88%"
"Mar 16, 2023","212.04","212.77","212.98","209.49","","-1.99%"
"Mar 15, 2023","216.34","216.48","217.66","215.88","","+0.64%"
"Mar 14, 2023","214.96","216.48","216.62","213.24","","-1.51%"
"Mar 13, 2023","218.26","217.71","218.94","216.06","","-0.56%"
"Mar 10, 2023","219.48","221.47","222.20","219.48","","-2.26%"
"Mar 09, 2023","224.55","223.46","224.55","222.97","","+1.01%"
"Mar 08, 2023","222.31","219.89","222.43","219.45","","+0.89%"
"Mar 07, 2023","220.34","220.25","222.82","219.77","","+0.14%"
"Mar 06, 2023","220.03","220.67","222.10","218.92","","+1.07%"
"Mar 03, 2023","217.70","218.41","218.41","217.15","","-0.01%"
"Mar 02, 2023","217.72","217.48","218.44","216.70","","+0.41%"
"Mar 01, 2023","216.84","216.18","217.12","215.93","","0.00%"
"Feb 28, 2023","216.84","218.78","219.61","216.61","","-0.38%"
"Feb 27, 2023","217.66","216.94","217.98","215.88","","+0.06%"
"Feb 24, 2023","217.52","215.88","217.52","214.90","","+0.98%"
"Feb 22, 2023","215.40","217.06","217.06","215.06","","-1.03%"
"Feb 21, 2023","217.64","220.11","220.26","217.64","","-1.24%"
"Feb 20, 2023","220.37","219.09","220.56","218.87","","+1.05%"
"Feb 17, 2023","218.08","218.57","218.77","216.93","","-0.14%"
"Feb 16, 2023","218.38","218.89","219.43","217.52","","-0.29%"
"Feb 15, 2023","219.02","220.28","220.28","217.67","","-0.38%"
"Feb 14, 2023","219.86","219.84","220.22","218.97","","+0.41%"
"Feb 13, 2023","218.97","221.06","221.18","217.97","","-0.65%"
"Feb 10, 2023","220.40","222.60","222.98","220.40","","-1.25%"
"Feb 09, 2023","223.19","222.99","224.02","222.35","","+0.03%"
"Feb 08, 2023","223.13","221.72","223.33","220.33","","+0.59%"
"Feb 07, 2023","221.82","224.74","225.34","221.65","","-0.45%"
"Feb 06, 2023","222.82","223.55","224.35","222.00","","-0.14%"
"Feb 03, 2023","223.13","225.04","225.71","221.84","","-0.76%"
"Feb 02, 2023","224.83","227.96","228.23","224.83","","-1.58%"
"Feb 01, 2023","228.44","230.13","231.27","228.18","","-0.03%"
"Jan 31, 2023","228.51","231.18","231.33","228.40","","-0.85%"
"Jan 30, 2023","230.48","230.25","232.79","230.11","","+0.56%"
"Jan 27, 2023","229.19","229.40","230.53","228.79","","-0.31%"
"Jan 26, 2023","229.90","228.85","230.26","228.53","","+0.37%"
"Jan 25, 2023","229.06","227.79","229.76","227.62","","+0.41%"
"Jan 24, 2023","228.12","226.37","228.47","226.35","","+0.29%"
"Jan 23, 2023","227.46","226.58","227.91","225.32","","+0.07%"
"Jan 20, 2023","227.30","221.10","227.30","220.98","","+3.18%"
"Jan 19, 2023","220.29","219.95","222.13","219.50","","+0.50%"
"Jan 18, 2023","219.19","217.42","220.75","215.59","","+1.36%"
"Jan 17, 2023","216.24","218.11","218.11","213.88","","-0.56%"
"Jan 16, 2023","217.45","217.05","218.72","216.27","","-0.43%"
"Jan 13, 2023","218.40","216.62","218.75","215.79","","+1.32%"
"Jan 12, 2023","215.55","216.68","217.29","213.88","","-0.43%"
"Jan 11, 2023","216.49","219.83","221.02","216.49","","-1.49%"
"Jan 10, 2023","219.77","220.83","222.28","218.95","","-0.21%"
"Jan 06, 2023","220.23","218.55","221.20","218.55","","+1.22%"
"Jan 05, 2023","217.57","220.49","220.97","217.38","","-1.22%"
"Jan 04, 2023","220.26","222.40","223.27","219.65","","-1.41%"
"Dec 30, 2022","223.42","223.69","225.06","222.93","","+0.12%"
"Dec 29, 2022","223.16","223.61","224.63","222.37","","-0.95%"
"Dec 28, 2022","225.30","227.64","228.87","224.77","","-1.04%"
"Dec 27, 2022","227.66","225.67","231.09","225.67","","+1.80%"
"Dec 26, 2022","223.63","222.94","224.48","222.85","","+0.34%"
"Dec 23, 2022","222.87","223.75","224.10","221.93","","-0.32%"
"Dec 22, 2022","223.59","223.26","225.13","222.73","","+0.01%"
"Dec 21, 2022","223.56","221.74","224.43","220.17","","+0.44%"
"Dec 20, 2022","222.59","228.84","229.00","220.67","","-2.21%"
"Dec 19, 2022","227.61","227.54","229.19","226.46","","-0.38%"
"Dec 16, 2022","228.47","228.21","229.22","227.53","","-0.20%"
"Dec 15, 2022","228.92","230.31","230.59","228.71","","-0.43%"
"Dec 14, 2022","229.91","230.01","231.09","229.31","","-0.90%"
"Dec 13, 2022","232.00","230.46","232.15","229.84","","+1.05%"
"Dec 12, 2022","229.59","228.76","230.47","227.83","","+0.20%"
"Dec 09, 2022","229.13","230.87","232.03","228.77","","-0.58%"
"Dec 08, 2022","230.47","227.38","230.55","226.30","","-0.03%"
"Dec 07, 2022","230.54","227.59","230.59","226.57","","+1.70%"
"Dec 06, 2022","226.68","227.69","227.99","225.77","","-0.29%"
"Dec 05, 2022","227.35","225.89","228.89","224.97","","+0.66%"
"Dec 02, 2022","225.85","228.65","228.65","225.82","","-1.59%"
"Dec 01, 2022","229.50","231.68","232.60","229.25","","-0.66%"
"Nov 30, 2022","231.03","230.74","232.81","229.65","","-0.22%"
"Nov 29, 2022","231.53","229.24","231.53","227.92","","+0.86%"
"Nov 28, 2022","229.56","230.69","230.69","227.45","","+0.15%"
"Nov 25, 2022","229.22","228.12","229.64","226.53","","+0.89%"
"Nov 24, 2022","227.19","228.86","229.38","227.04","","+0.23%"
"Nov 22, 2022","226.67","225.16","227.11","224.14","","+1.26%"
"Nov 21, 2022","223.85","224.58","225.08","221.85","","+0.79%"
"Nov 18, 2022","222.10","223.91","225.29","221.54","","-0.77%"
"Nov 17, 2022","223.83","217.25","224.43","216.64","","+2.59%"
"Nov 16, 2022","218.18","221.53","221.61","216.47","","-1.22%"
"Nov 15, 2022","220.87","219.53","221.50","218.05","","+0.63%"
"Nov 14, 2022","219.49","223.12","223.35","219.49","","-2.46%"
"Nov 11, 2022","225.03","230.54","231.46","222.11","","-1.66%"
"Nov 10, 2022","228.82","228.21","231.44","227.79","","-0.16%"
"Nov 09, 2022","229.19","234.25","234.79","228.31","","-2.12%"
"Nov 08, 2022","234.15","237.29","237.86","233.97","","-0.86%"
"Nov 07, 2022","236.18","235.94","237.10","234.44","","-0.96%"
"Nov 04, 2022","238.47","235.23","238.88","234.85","","+1.30%"
"Nov 02, 2022","235.42","233.33","235.80","232.11","","+0.37%"
"Nov 01, 2022","234.56","232.09","235.09","230.71","","+1.83%"
"Oct 31, 2022","230.35","229.23","230.36","228.21","","+1.18%"
"Oct 28, 2022","227.67","228.46","230.81","226.90","","-0.28%"
"Oct 27, 2022","228.32","230.26","230.78","228.24","","-0.92%"
"Oct 26, 2022","230.45","232.01","232.61","230.23","","-0.18%"
"Oct 25, 2022","230.87","230.29","232.18","228.71","","+0.34%"
"Oct 24, 2022","230.08","231.97","232.17","230.05","","-0.42%"
"Oct 21, 2022","231.06","234.56","235.53","230.57","","-2.08%"
"Oct 20, 2022","235.96","232.54","235.96","230.86","","+1.65%"
"Oct 19, 2022","232.13","232.07","234.04","230.47","","+0.21%"
"Oct 18, 2022","231.64","228.58","231.99","227.84","","+1.51%"
"Oct 17, 2022","228.19","226.09","229.67","226.09","","+1.08%"
"Oct 14, 2022","225.76","228.44","228.44","225.36","","+0.36%"
"Oct 13, 2022","224.95","230.24","230.97","224.38","","-2.86%"
"Oct 12, 2022","231.57","230.29","233.09","228.64","","+1.61%"
"Oct 11, 2022","227.89","226.27","228.93","224.68","","+2.24%"
"Oct 07, 2022","222.89","220.87","225.44","220.87","","+0.64%"
"Oct 06, 2022","221.48","219.56","221.80","219.22","","+0.52%"
"Oct 05, 2022","220.34","222.69","224.21","219.36","","+0.20%"
"Oct 04, 2022","219.89","218.32","220.58","217.48","","+1.80%"
"Oct 03, 2022","216.01","214.72","216.13","210.58","","+0.21%"
"Sep 30, 2022","215.56","217.04","217.78","214.49","","-1.69%"
"Sep 29, 2022","219.27","219.29","221.04","217.57","","+0.43%"
"Sep 28, 2022","218.33","219.33","219.33","214.60","","-0.59%"
"Sep 27, 2022","219.62","217.38","220.43","214.35","","+1.04%"
"Sep 26, 2022","217.37","222.27","222.56","217.03","","-1.40%"
"Sep 22, 2022","220.45","214.74","220.63","213.05","","+0.75%"
"Sep 21, 2022","218.80","220.83","221.42","218.25","","-1.90%"
"Sep 20, 2022","223.03","222.31","223.18","219.20","","+0.49%"
"Sep 16, 2022","221.94","224.15","224.68","221.03","","-0.86%"
"Sep 15, 2022","223.87","220.97","224.79","220.97","","+1.77%"
"Sep 14, 2022","219.97","215.33","220.86","215.02","","+0.25%"
"Sep 13, 2022","219.42","216.44","221.39","216.44","","+1.78%"
"Sep 12, 2022","215.58","215.31","217.56","213.81","","+2.27%"
"Sep 09, 2022","210.80","211.46","212.06","210.08","","-0.72%"
"Sep 08, 2022","212.33","210.44","213.84","210.42","","+3.00%"
"Sep 07, 2022","206.14","206.50","207.41","203.61","","+0.08%"
"Sep 06, 2022","205.98","206.79","207.61","205.31","","-0.75%"
"Sep 05, 2022","207.53","209.26","210.61","207.41","","-1.17%"
"Sep 02, 2022","209.98","214.23","214.23","208.42","","-1.53%"
"Sep 01, 2022","213.24","211.75","213.70","211.27","","-0.34%"
"Aug 31, 2022","213.96","210.63","218.42","210.05","","+1.23%"
"Aug 30, 2022","211.37","208.80","212.03","208.80","","+1.17%"
"Aug 29, 2022","208.93","206.77","209.89","206.34","","-0.53%"
"Aug 26, 2022","210.04","208.11","210.50","207.61","","+0.88%"
"Aug 25, 2022","208.20","207.05","208.97","206.08","","+0.65%"
"Aug 24, 2022","206.85","209.35","209.87","206.14","","-1.48%"
"Aug 23, 2022","209.96","202.92","210.01","202.86","","+3.99%"
"Aug 22, 2022","201.90","200.47","201.90","200.40","","-0.13%"
"Aug 19, 2022","202.16","202.10","202.65","201.43","","0.00%"
"Aug 18, 2022","202.17","202.80","203.37","200.91","","-0.89%"
"Aug 17, 2022","203.99","204.25","206.92","203.57","","-0.17%"
"Aug 16, 2022","204.33","202.44","204.33","201.10","","+1.22%"
"Aug 15, 2022","201.87","199.50","202.21","199.28","","+1.23%"
"Aug 12, 2022","199.42","199.93","200.19","198.73","","+0.18%"
"Aug 10, 2022","199.07","200.82","200.99","198.69","","-1.31%"
"Aug 09, 2022","201.71","201.48","202.74","200.32","","+0.47%"
"Aug 08, 2022","200.77","200.78","201.34","199.53","","-0.21%"
"Aug 05, 2022","201.19","199.44","202.24","199.44","","+0.88%"
"Aug 04, 2022","199.44","201.18","201.52","198.48","","-0.53%"
"Aug 03, 2022","200.50","199.42","202.09","198.41","","+0.89%"
"Aug 02, 2022","198.74","200.11","200.32","196.36","","-0.36%"
"Aug 01, 2022","199.45","196.00","199.45","195.48","","+2.38%"
"Jul 29, 2022","194.82","192.77","194.92","192.58","","+1.13%"
"Jul 28, 2022","192.64","194.30","194.39","192.50","","-0.42%"
"Jul 27, 2022","193.45","193.35","193.71","192.05","","+0.45%"
"Jul 26, 2022","192.58","194.10","194.69","192.30","","-0.12%"
"Jul 25, 2022","192.82","189.34","192.89","189.34","","+1.73%"
"Jul 22, 2022","189.55","188.61","190.01","188.00","","-1.31%"
"Jul 21, 2022","192.07","191.61","193.23","190.58","","-0.75%"
"Jul 20, 2022","193.53","192.32","193.53","191.82","","+1.75%"
"Jul 19, 2022","190.20","189.76","190.20","187.86","","+1.03%"
"Jul 15, 2022","188.27","188.71","189.07","186.33","","-0.49%"
"Jul 14, 2022","189.20","189.26","191.63","189.06","","-1.25%"
"Jul 13, 2022","191.60","192.47","194.09","191.56","","+1.24%"
"Jul 12, 2022","189.26","192.21","192.21","188.44","","-2.01%"
"Jul 11, 2022","193.14","191.34","193.16","189.67","","+1.68%"
"Jul 08, 2022","189.94","188.70","191.62","187.98","","+1.25%"
"Jul 07, 2022","187.59","190.18","190.34","183.95","","-0.52%"
"Jul 06, 2022","188.57","195.76","195.84","188.46","","-3.51%"
"Jul 05, 2022","195.43","194.91","196.34","193.96","","+0.78%"
"Jul 04, 2022","193.92","194.12","194.83","192.55","","+0.85%"
"Jul 01, 2022","192.28","197.51","197.88","191.24","","-3.05%"
"Jun 30, 2022","198.32","199.16","199.52","197.59","","-1.01%"
"Jun 29, 2022","200.35","197.43","200.60","197.26","","+0.84%"
"Jun 28, 2022","198.69","198.43","199.35","196.99","","-0.03%"
"Jun 27, 2022","198.74","201.01","201.45","197.82","","-0.19%"
"Jun 24, 2022","199.12","201.78","201.91","197.78","","-1.38%"
"Jun 23, 2022","201.90","200.10","202.34","199.87","","+1.95%"
"Jun 22, 2022","198.04","199.66","199.85","197.20","","-1.21%"
"Jun 21, 2022","200.46","197.45","201.66","197.34","","+3.12%"
"Jun 20, 2022","194.39","192.44","194.70","191.62","","+2.87%"
"Jun 17, 2022","188.97","187.82","190.13","185.93","","-1.38%"
"Jun 16, 2022","191.61","194.75","195.28","191.37","","+0.16%"
"Jun 15, 2022","191.31","193.43","195.14","191.20","","-1.02%"
"Jun 14, 2022","193.28","195.68","195.96","191.67","","-3.27%"
"Jun 13, 2022","199.82","196.75","200.22","196.71","","+0.28%"
"Jun 10, 2022","199.26","199.85","201.60","199.17","","-0.54%"
"Jun 09, 2022","200.34","200.59","201.55","199.50","","-0.50%"
"Jun 08, 2022","201.34","199.62","202.53","199.62","","+0.50%"
"Jun 07, 2022","200.34","203.55","204.53","200.30","","-1.03%"
"Jun 06, 2022","202.43","198.57","202.78","198.57","","+2.62%"
"Jun 03, 2022","197.26","199.79","200.64","196.86","","-1.29%"
"Jun 02, 2022","199.83","199.83","201.20","199.53","","-0.67%"
"Jun 01, 2022","201.17","199.70","201.92","199.62","","+1.10%"
"May 31, 2022","198.99","201.48","202.59","198.89","","-2.05%"
"May 30, 2022","203.15","205.41","205.62","202.93","","+0.18%"
"May 27, 2022","202.79","202.08","203.94","201.11","","+2.17%"
"May 26, 2022","198.49","196.27","201.06","195.79","","+2.05%"
"May 25, 2022","194.50","193.75","195.01","192.22","","-0.21%"
"May 24, 2022","194.91","194.15","196.60","193.91","","+0.59%"
"May 23, 2022","193.77","196.26","196.49","192.93","","-0.22%"
"May 20, 2022","194.19","191.88","195.30","191.65","","+1.07%"
"May 19, 2022","192.14","188.41","192.80","188.12","","-0.17%"
"May 18, 2022","192.46","192.28","193.89","191.71","","+1.15%"
"May 17, 2022","190.28","188.76","190.32","188.37","","+0.73%"
"May 16, 2022","188.91","190.29","190.53","187.63","","+0.48%"
"May 13, 2022","188.01","184.16","188.51","184.16","","+2.53%"
"May 12, 2022","183.37","183.45","184.82","183.33","","-1.39%"
"May 11, 2022","185.95","186.02","187.26","184.50","","+0.57%"
"May 10, 2022","184.89","187.04","187.04","181.90","","-2.36%"
"May 09, 2022","189.36","196.12","198.39","189.36","","-3.81%"
"May 06, 2022","196.86","193.87","198.60","191.35","","+2.79%"
"May 02, 2022","191.52","189.78","192.67","189.57","","+2.01%"
"Apr 28, 2022","187.74","186.14","188.60","185.54","","+1.28%"
"Apr 27, 2022","185.36","183.80","185.36","183.02","","-1.25%"
"Apr 26, 2022","187.70","186.08","188.21","185.58","","+0.68%"
"Apr 25, 2022","186.44","187.95","187.99","184.63","","-2.65%"
"Apr 22, 2022","191.51","191.34","192.17","189.85","","+0.63%"
"Apr 21, 2022","190.32","192.93","193.65","190.02","","-0.34%"
"Apr 20, 2022","190.97","192.41","193.92","190.89","","+0.94%"
"Apr 19, 2022","189.20","189.63","189.77","188.02","","+0.05%"
"Apr 18, 2022","189.11","189.58","190.08","187.34","","-1.44%"
"Apr 15, 2022","191.87","193.58","193.82","191.40","","-1.47%"
"Apr 14, 2022","194.73","191.02","195.12","191.02","","+4.15%"
"Apr 13, 2022","186.97","187.08","187.44","183.39","","+0.08%"
"Apr 12, 2022","186.82","186.45","189.24","186.18","","+0.45%"
"Apr 11, 2022","185.99","188.26","188.35","185.13","","-1.28%"
"Apr 08, 2022","188.41","189.31","189.77","186.06","","-0.66%"
"Apr 07, 2022","189.67","192.87","193.42","189.07","","-2.27%"
"Apr 06, 2022","194.07","193.12","194.70","192.11","","-0.05%"
"Apr 05, 2022","194.16","195.09","195.82","193.37","","-0.80%"
"Apr 04, 2022","195.73","197.59","198.13","195.19","","-1.66%"
"Apr 01, 2022","199.04","196.98","199.18","195.69","","+0.59%"
"Mar 31, 2022","197.87","196.53","199.35","196.39","","-0.88%"
"Mar 30, 2022","199.62","197.25","201.06","195.99","","+2.93%"
"Mar 29, 2022","193.93","195.75","195.75","193.30","","-0.69%"
"Mar 28, 2022","195.28","193.71","197.51","193.71","","+1.83%"
"Mar 25, 2022","191.77","193.58","194.60","191.59","","-0.38%"
"Mar 24, 2022","192.50","192.50","193.06","190.45","","-0.28%"
"Mar 23, 2022","193.04","193.56","194.31","192.08","","+0.36%"
"Mar 22, 2022","192.35","190.34","192.78","189.74","","-0.59%"
"Mar 18, 2022","193.49","192.09","193.94","190.87","","-0.56%"
"Mar 17, 2022","194.58","197.27","197.72","190.11","","+0.37%"
"Mar 16, 2022","193.87","189.99","194.14","189.32","","+3.82%"
"Mar 15, 2022","186.73","182.94","186.99","182.75","","+2.37%"
"Mar 14, 2022","182.41","180.16","183.30","179.23","","+3.16%"
"Mar 11, 2022","176.83","173.65","177.37","173.14","","+0.46%"
"Mar 10, 2022","176.02","169.70","176.16","169.70","","+6.02%"
"Mar 09, 2022","166.03","166.98","170.60","165.49","","+1.72%"
"Mar 08, 2022","163.23","168.28","169.87","161.36","","-4.50%"
"Mar 07, 2022","170.93","180.04","180.04","168.34","","-7.15%"
"Mar 04, 2022","184.10","185.84","186.73","183.24","","-2.37%"
"Mar 03, 2022","188.56","188.90","190.72","188.10","","+1.24%"
"Mar 02, 2022","186.25","189.48","189.94","186.25","","-3.76%"
"Mar 01, 2022","193.53","194.57","196.44","193.13","","-1.49%"
"Feb 28, 2022","196.45","193.61","198.27","192.32","","+1.95%"
"Feb 25, 2022","192.70","190.53","195.61","190.51","","+2.54%"
"Feb 24, 2022","187.93","194.61","194.76","187.30","","-5.40%"
"Feb 22, 2022","198.66","199.56","201.16","197.55","","-2.01%"
"Feb 21, 2022","202.73","200.36","203.12","199.94","","-0.37%"
"Feb 18, 2022","203.48","203.22","204.99","202.24","","-1.57%"
"Feb 17, 2022","206.72","207.47","210.44","205.29","","+0.03%"
"Feb 16, 2022","206.65","204.15","207.94","204.15","","+3.27%"
"Feb 15, 2022","200.10","205.41","205.55","199.27","","-2.69%"
"Feb 14, 2022","205.64","201.58","206.89","201.58","","-0.07%"
"Feb 10, 2022","205.79","207.74","208.30","203.95","","+0.10%"
"Feb 09, 2022","205.58","206.39","207.82","204.11","","+0.39%"
"Feb 08, 2022","204.79","201.46","205.39","201.46","","+3.06%"
"Feb 07, 2022","198.71","197.23","199.33","196.12","","-0.47%"
"Feb 04, 2022","199.65","191.41","201.24","190.03","","+3.34%"
"Feb 03, 2022","193.20","192.49","194.89","191.66","","-1.34%"
"Feb 02, 2022","195.82","189.65","195.95","189.54","","+4.99%"
"Feb 01, 2022","186.52","185.36","188.41","185.18","","+0.59%"
"Jan 31, 2022","185.43","182.57","186.06","182.17","","+1.15%"
"Jan 28, 2022","183.33","181.51","183.48","180.32","","+2.09%"
"Jan 27, 2022","179.58","184.49","185.57","178.95","","-2.07%"
"Jan 26, 2022","183.37","184.96","185.66","183.04","","-0.49%"
"Jan 25, 2022","184.28","186.72","186.72","182.96","","-2.39%"
"Jan 24, 2022","188.80","188.61","189.15","186.41","","-0.56%"
"Jan 21, 2022","189.87","180.90","189.87","180.74","","+3.84%"
"Jan 20, 2022","182.85","181.78","183.24","179.50","","+0.28%"
"Jan 19, 2022","182.34","183.21","184.79","182.08","","-1.29%"
"Jan 18, 2022","184.73","186.75","187.83","183.96","","-0.62%"
"Jan 17, 2022","185.88","184.25","186.57","183.77","","+1.05%"
"Jan 14, 2022","183.95","185.99","187.93","182.29","","-0.72%"
"Jan 13, 2022","185.28","186.55","186.87","185.28","","-1.39%"
"Jan 12, 2022","187.90","188.51","189.67","187.44","","+0.54%"
"Jan 11, 2022","186.90","185.91","187.12","183.16","","+1.65%"
"Jan 07, 2022","183.87","182.59","185.51","182.42","","+0.27%"
"Jan 06, 2022","183.37","184.75","185.52","182.47","","-2.34%"
"Jan 05, 2022","187.77","189.22","190.22","187.56","","-0.42%"
"Jan 04, 2022","188.57","190.86","190.86","187.33","","+0.64%"
"Dec 30, 2021","187.37","187.61","188.18","186.50","","-1.09%"
"Dec 29, 2021","189.43","188.36","189.58","187.87","","+1.32%"
"Dec 28, 2021","186.97","184.96","187.73","184.96","","+0.98%"
"Dec 27, 2021","185.15","184.72","185.94","183.65","","-0.31%"
"Dec 24, 2021","185.72","188.34","188.34","185.44","","-0.59%"
"Dec 23, 2021","186.82","183.74","187.05","183.17","","+2.24%"
"Dec 22, 2021","182.73","182.95","184.15","181.45","","+1.84%"
"Dec 21, 2021","179.42","180.63","181.61","178.69","","+0.98%"
"Dec 20, 2021","177.68","180.32","181.61","177.58","","-1.91%"
"Dec 17, 2021","181.14","180.76","182.16","180.13","","-1.26%"
"Dec 16, 2021","183.46","182.12","183.55","181.74","","+1.04%"
"Dec 15, 2021","181.57","178.77","182.28","178.77","","+1.23%"
"Dec 14, 2021","179.37","180.31","181.31","178.82","","-2.71%"
"Dec 13, 2021","184.36","185.24","185.83","182.04","","-0.32%"
"Dec 10, 2021","184.96","187.33","188.72","184.13","","-1.41%"
"Dec 09, 2021","187.61","188.99","192.06","187.61","","+0.58%"
"Dec 08, 2021","186.52","187.17","187.89","184.85","","+0.15%"
"Dec 07, 2021","186.24","182.84","186.24","181.66","","+4.17%"
"Dec 06, 2021","178.78","179.45","181.99","178.77","","-1.28%"
"Dec 03, 2021","181.10","176.07","181.23","175.76","","+5.28%"
"Dec 02, 2021","172.02","171.74","175.67","170.35","","-2.06%"
"Dec 01, 2021","175.64","173.58","176.13","170.75","","+0.40%"
"Nov 30, 2021","174.94","178.86","181.01","174.93","","-0.47%"
"Nov 29, 2021","175.77","179.10","182.37","175.05","","-4.04%"
"Nov 26, 2021","183.17","193.57","193.63","181.53","","-5.40%"
"Nov 25, 2021","193.63","198.30","198.30","191.36","","-3.89%"
"Nov 24, 2021","201.47","204.30","205.57","201.10","","-1.38%"
"Nov 22, 2021","204.29","203.29","204.76","199.69","","-0.90%"
"Nov 19, 2021","206.15","208.82","210.21","205.71","","-2.16%"
"Nov 18, 2021","210.71","208.46","211.25","207.93","","+0.40%"
"Nov 17, 2021","209.87","213.17","213.20","209.83","","-2.40%"
"Nov 16, 2021","215.04","215.82","216.99","214.86","","+0.18%"
"Nov 15, 2021","214.65","217.20","218.38","214.14","","-1.42%"
"Nov 12, 2021","217.75","214.32","217.96","214.32","","+1.16%"
"Nov 11, 2021","215.26","214.20","217.18","214.20","","-0.13%"
"Nov 10, 2021","215.53","220.24","221.17","215.49","","-2.50%"
"Nov 09, 2021","221.06","224.08","224.20","219.79","","-1.69%"
"Nov 08, 2021","224.85","218.85","225.20","218.85","","+4.68%"
"Nov 05, 2021","214.80","212.22","215.01","211.55","","+0.05%"
"Nov 04, 2021","214.70","215.24","218.00","214.03","","+1.29%"
"Nov 02, 2021","211.97","211.67","215.32","210.79","","+1.57%"
"Nov 01, 2021","208.70","206.59","208.78","205.02","","+0.42%"
"Oct 29, 2021","207.82","207.01","208.67","206.33","","+0.25%"
"Oct 28, 2021","207.30","205.52","209.45","204.44","","+0.56%"
"Oct 27, 2021","206.14","208.22","208.32","205.41","","-1.44%"
"Oct 26, 2021","209.16","210.78","211.12","208.75","","-0.03%"
"Oct 25, 2021","209.22","209.14","210.85","207.75","","-0.85%"
"Oct 22, 2021","211.01","210.03","211.59","208.92","","+0.42%"
"Oct 21, 2021","210.12","213.56","214.27","209.28","","-2.10%"
"Oct 20, 2021","214.62","206.69","215.43","204.54","","+3.14%"
"Oct 19, 2021","208.08","210.76","211.26","207.74","","-1.96%"
"Oct 18, 2021","212.23","214.53","216.23","211.49","","-0.24%"
"Oct 15, 2021","212.74","212.59","214.63","211.24","","+0.08%"
"Oct 14, 2021","212.58","210.28","212.81","207.56","","-1.00%"
"Oct 13, 2021","214.72","216.85","217.95","214.47","","-0.73%"
"Oct 12, 2021","216.29","218.74","218.74","215.47","","-2.06%"
"Oct 11, 2021","220.83","215.08","221.10","214.86","","+3.59%"
"Oct 08, 2021","213.18","211.75","216.88","211.70","","-0.02%"
"Oct 07, 2021","213.22","213.44","216.39","209.71","","-1.88%"
"Oct 06, 2021","217.30","226.25","226.90","215.70","","-4.21%"
"Oct 05, 2021","226.84","228.19","228.19","221.04","","-0.76%"
"Oct 04, 2021","228.57","227.29","231.94","226.34","","+2.39%"
"Oct 01, 2021","223.23","223.97","224.81","220.47","","-1.58%"
"Sep 30, 2021","226.82","228.53","231.19","225.33","","-0.17%"
"Sep 29, 2021","227.21","220.07","227.21","219.62","","+2.55%"
"Sep 28, 2021","221.57","226.76","226.76","220.16","","-1.27%"
"Sep 27, 2021","224.43","220.26","226.81","220.13","","+3.76%"
"Sep 24, 2021","216.30","214.05","216.46","213.54","","+3.01%"
"Sep 22, 2021","209.98","211.42","214.18","208.58","","-0.99%"
"Sep 21, 2021","212.09","202.56","212.98","202.56","","+3.39%"
"Sep 17, 2021","205.13","203.29","205.33","202.51","","+1.67%"
"Sep 16, 2021","201.76","204.59","204.59","201.40","","-1.20%"
"Sep 15, 2021","204.22","205.00","205.64","203.41","","-1.27%"
"Sep 14, 2021","206.84","205.61","207.13","204.97","","+1.27%"
"Sep 13, 2021","204.25","203.17","205.06","203.17","","-0.63%"
"Sep 10, 2021","205.54","208.34","209.84","205.50","","-0.53%"
"Sep 09, 2021","206.64","207.00","211.08","204.29","","-1.74%"
"Sep 08, 2021","210.29","212.14","212.14","208.42","","-0.55%"
"Sep 07, 2021","211.46","207.75","211.46","207.50","","+2.70%"
"Sep 06, 2021","205.91","207.47","209.74","205.51","","+0.95%"
"Sep 03, 2021","203.97","202.61","205.38","202.33","","+1.18%"
"Sep 02, 2021","201.59","201.72","202.71","196.39","","-2.04%"
"Sep 01, 2021","205.78","200.85","205.97","200.85","","+2.10%"
"Aug 31, 2021","201.55","201.85","202.40","199.85","","-1.84%"
"Aug 30, 2021","205.33","206.36","208.31","205.06","","+0.64%"
"Aug 27, 2021","204.02","203.38","205.23","201.57","","-0.42%"
"Aug 26, 2021","204.89","202.27","204.89","202.27","","+2.49%"
"Aug 25, 2021","199.91","201.76","204.27","199.69","","+0.19%"
"Aug 24, 2021","199.54","196.48","199.54","196.41","","+3.14%"
"Aug 23, 2021","193.46","192.30","194.44","191.19","","+0.87%"
"Aug 20, 2021","191.80","191.20","193.80","190.64","","-0.37%"
"Aug 19, 2021","192.51","193.68","195.45","192.51","","-1.54%"
"Aug 18, 2021","195.52","192.50","195.78","190.05","","+1.07%"
"Aug 17, 2021","193.45","196.45","197.20","193.31","","-2.34%"
"Aug 16, 2021","198.09","195.71","199.51","193.83","","+0.62%"
"Aug 13, 2021","196.87","197.26","198.34","195.46","","-1.66%"
"Aug 12, 2021","200.19","203.35","204.73","199.63","","-0.75%"
"Aug 11, 2021","201.71","199.34","203.35","197.75","","+2.01%"
"Aug 10, 2021","197.73","190.09","197.73","190.09","","+3.63%"
"Aug 06, 2021","190.81","190.50","193.01","190.05","","+0.73%"
"Aug 05, 2021","189.42","188.85","190.93","188.75","","-1.13%"
"Aug 04, 2021","191.59","191.42","193.50","188.38","","+0.22%"
"Aug 03, 2021","191.16","193.16","193.58","190.64","","-2.45%"
"Aug 02, 2021","195.96","197.12","197.82","192.19","","-0.79%"
"Jul 30, 2021","197.53","196.49","197.83","194.54","","-0.88%"
"Jul 29, 2021","199.28","201.39","202.23","198.38","","-1.15%"
"Jul 28, 2021","201.59","202.36","205.16","200.41","","-1.72%"
"Jul 27, 2021","205.12","200.40","205.12","200.27","","+3.29%"
"Jul 26, 2021","198.58","199.60","200.55","197.85","","+1.53%"
"Jul 21, 2021","195.58","197.32","198.71","195.33","","+1.20%"
"Jul 20, 2021","193.27","193.62","197.12","190.99","","-2.21%"
"Jul 19, 2021","197.64","201.23","201.57","197.40","","-2.79%"
"Jul 16, 2021","203.31","203.05","205.69","202.18","","-0.30%"
"Jul 15, 2021","203.93","204.60","205.91","203.12","","-0.59%"
"Jul 14, 2021","205.15","209.01","209.01","204.86","","-2.76%"
"Jul 13, 2021","210.98","212.25","212.95","210.07","","-0.30%"
"Jul 12, 2021","211.62","215.47","215.47","210.96","","-0.60%"
"Jul 09, 2021","212.89","207.38","213.43","207.38","","+1.03%"
"Jul 08, 2021","210.72","211.42","213.29","209.45","","-2.26%"
"Jul 07, 2021","215.60","215.26","219.45","214.05","","-1.70%"
"Jul 06, 2021","219.32","214.64","220.52","213.71","","+2.77%"
"Jul 05, 2021","213.41","208.71","213.48","207.86","","+2.21%"
"Jul 02, 2021","208.79","207.93","210.29","207.57","","+1.02%"
"Jul 01, 2021","206.69","204.99","207.05","204.33","","+1.22%"
"Jun 30, 2021","204.19","206.60","207.62","203.21","","-0.85%"
"Jun 29, 2021","205.94","205.84","208.42","205.35","","-1.94%"
"Jun 28, 2021","210.01","212.10","213.04","209.95","","-0.38%"
"Jun 25, 2021","210.81","212.02","213.07","209.43","","+0.26%"
"Jun 24, 2021","210.26","213.85","214.68","210.21","","-2.72%"
"Jun 23, 2021","216.14","216.55","217.60","213.59","","-0.55%"
"Jun 22, 2021","217.34","215.88","218.58","214.76","","+2.61%"
"Jun 21, 2021","211.81","206.07","212.34","206.07","","+0.65%"
"Jun 18, 2021","210.45","214.59","215.92","210.39","","-3.66%"
"Jun 17, 2021","218.45","215.51","219.47","211.04","","+0.29%"
"Jun 16, 2021","217.81","220.75","223.96","216.88","","-1.40%"
"Jun 15, 2021","220.90","223.10","225.81","219.11","","-2.60%"
"Jun 14, 2021","226.79","229.67","230.77","225.69","","+0.25%"
"Jun 11, 2021","226.23","226.15","227.30","223.89","","-0.76%"
"Jun 10, 2021","227.96","229.13","231.74","226.05","","-0.49%"
"Jun 09, 2021","229.08","224.55","229.19","224.55","","+3.26%"
"Jun 08, 2021","221.84","218.80","222.50","218.54","","+1.59%"
"Jun 07, 2021","218.37","219.45","219.45","215.28","","-0.16%"
"Jun 04, 2021","218.72","214.78","219.19","214.25","","+0.20%"
"Jun 03, 2021","218.28","220.61","224.31","216.78","","+0.22%"
"Jun 02, 2021","217.80","211.67","217.80","211.67","","+3.31%"
"Jun 01, 2021","210.83","211.73","212.30","209.71","","+0.52%"
"May 31, 2021","209.74","210.76","211.91","208.65","","-0.23%"
"May 28, 2021","210.23","209.92","211.67","208.14","","+0.94%"
"May 27, 2021","208.28","206.17","210.83","205.48","","+2.25%"
"May 26, 2021","203.70","196.61","203.89","196.61","","+3.40%"
"May 25, 2021","197.00","199.21","199.66","196.36","","-0.80%"
"May 24, 2021","198.59","194.78","198.94","194.61","","+2.70%"
"May 21, 2021","193.36","192.36","194.15","191.91","","-0.17%"
"May 20, 2021","193.68","195.75","196.29","190.53","","-2.67%"
"May 19, 2021","199.00","193.87","199.00","193.64","","+1.12%"
"May 18, 2021","196.79","194.39","197.48","194.23","","+1.63%"
"May 17, 2021","193.63","194.66","196.30","192.35","","+1.11%"
"May 14, 2021","191.50","192.87","193.68","190.58","","+0.79%"
"May 13, 2021","190.00","191.33","193.38","189.30","","-1.47%"
"May 12, 2021","192.83","195.19","197.68","191.71","","-1.55%"
"May 11, 2021","195.87","197.00","199.62","195.08","","-1.58%"
"May 10, 2021","199.01","198.46","201.93","197.88","","-0.30%"
"May 07, 2021","199.60","195.85","200.21","193.86","","+1.52%"
"May 06, 2021","196.61","199.88","201.31","195.15","","+0.07%"
"Apr 30, 2021","196.48","195.49","197.81","195.13","","+1.19%"
"Apr 28, 2021","194.16","194.44","195.16","193.00","","-0.77%"
"Apr 27, 2021","195.66","198.95","199.56","193.68","","-0.08%"
"Apr 26, 2021","195.81","190.15","195.87","189.62","","+5.22%"
"Apr 23, 2021","186.09","182.13","186.45","180.67","","+2.84%"
"Apr 22, 2021","180.95","181.21","182.60","178.88","","-0.26%"
"Apr 21, 2021","181.43","178.16","181.86","177.03","","+0.06%"
"Apr 20, 2021","181.32","183.40","185.32","181.11","","-2.63%"
"Apr 19, 2021","186.22","194.02","194.34","185.48","","-3.63%"
"Apr 16, 2021","193.24","191.54","193.30","188.44","","+0.91%"
"Apr 15, 2021","191.49","190.40","193.86","190.17","","+1.21%"
"Apr 14, 2021","189.21","188.20","191.48","187.97","","-0.95%"
"Apr 13, 2021","191.03","193.48","194.32","190.87","","-1.93%"
"Apr 12, 2021","194.79","194.17","196.04","192.26","","-0.19%"
"Apr 09, 2021","195.17","193.04","196.73","191.50","","+0.16%"
"Apr 08, 2021","194.86","199.83","200.36","193.97","","-3.04%"
"Apr 07, 2021","200.96","201.07","202.39","198.84","","+0.31%"
"Apr 06, 2021","200.34","205.49","206.30","199.40","","-2.37%"
"Apr 05, 2021","205.20","202.43","205.85","201.21","","+2.00%"
"Apr 02, 2021","201.17","200.34","202.56","200.33","","+0.61%"
"Apr 01, 2021","199.95","203.59","204.97","199.27","","-2.51%"
"Mar 31, 2021","205.10","205.92","208.29","203.36","","-0.52%"
"Mar 30, 2021","206.18","201.41","207.43","200.83","","+3.03%"
"Mar 29, 2021","200.11","205.25","205.45","198.45","","-2.06%"
"Mar 26, 2021","204.32","204.44","206.32","202.25","","+1.96%"
"Mar 25, 2021","200.39","200.73","203.54","198.58","","+1.89%"
"Mar 24, 2021","196.67","208.50","208.51","193.44","","-7.48%"
"Mar 23, 2021","212.56","224.55","225.09","212.45","","-5.80%"
"Mar 22, 2021","225.64","223.55","226.18","221.29","","+0.53%"
"Mar 19, 2021","224.45","221.19","226.15","221.09","","+0.85%"
"Mar 18, 2021","222.55","221.94","224.22","220.17","","+1.38%"
"Mar 17, 2021","219.52","218.60","219.98","215.92","","-1.13%"
"Mar 16, 2021","222.04","216.81","222.67","213.41","","+3.04%"
"Mar 15, 2021","215.48","209.21","215.94","208.58","","+4.12%"
"Mar 12, 2021","206.95","204.19","207.02","202.26","","+0.68%"
"Mar 11, 2021","205.55","208.25","208.56","204.80","","-0.90%"
"Mar 10, 2021","207.41","205.90","209.61","205.62","","-0.71%"
"Mar 09, 2021","208.90","205.82","208.90","204.56","","+2.32%"
"Mar 08, 2021","204.16","206.44","207.44","202.94","","-0.26%"
"Mar 05, 2021","204.69","204.29","204.75","200.99","","-0.01%"
"Mar 04, 2021","204.72","205.20","206.85","202.03","","-1.72%"
"Mar 03, 2021","208.30","203.19","208.30","202.66","","+2.77%"
"Mar 02, 2021","202.69","208.26","209.36","199.74","","-2.77%"
"Mar 01, 2021","208.46","205.77","208.76","202.66","","+0.91%"
"Feb 26, 2021","206.58","204.53","207.25","203.47","","-1.02%"
"Feb 25, 2021","208.71","211.76","212.38","204.96","","+0.49%"
"Feb 24, 2021","207.70","206.12","212.25","206.12","","+2.79%"
"Feb 22, 2021","202.06","195.54","203.03","195.54","","+5.52%"
"Feb 19, 2021","191.49","199.32","199.60","190.42","","-3.81%"
"Feb 18, 2021","199.07","201.51","205.67","198.15","","+0.82%"
"Feb 17, 2021","197.46","191.56","198.53","191.29","","+4.18%"
"Feb 16, 2021","189.53","186.67","190.96","184.42","","+1.72%"
"Feb 15, 2021","186.32","191.33","191.61","186.00","","-1.17%"
"Feb 12, 2021","188.52","188.58","188.73","184.79","","+0.72%"
"Feb 10, 2021","187.18","185.31","188.57","185.15","","+0.60%"
"Feb 09, 2021","186.07","188.59","193.61","185.40","","-0.92%"
"Feb 08, 2021","187.79","185.76","191.34","185.76","","+0.73%"
"Feb 05, 2021","186.43","180.68","187.07","179.56","","+4.48%"
"Feb 04, 2021","178.44","180.46","182.05","177.66","","+0.46%"
"Feb 03, 2021","177.62","170.93","178.27","170.42","","+4.48%"
"Feb 02, 2021","170.01","166.37","170.04","164.55","","+1.94%"
"Feb 01, 2021","166.78","168.21","168.56","165.90","","+0.05%"
"Jan 29, 2021","166.70","169.36","170.01","166.61","","-2.50%"
"Jan 28, 2021","170.97","164.19","170.97","164.19","","+4.09%"
"Jan 27, 2021","164.25","166.27","166.42","163.92","","-1.11%"
"Jan 26, 2021","166.10","167.60","167.69","165.89","","-1.31%"
"Jan 25, 2021","168.31","168.29","169.40","167.50","","+0.51%"
"Jan 22, 2021","167.45","168.12","168.29","167.11","","-0.94%"
"Jan 21, 2021","169.04","169.24","170.75","168.56","","+0.50%"
"Jan 20, 2021","168.20","172.25","172.48","167.84","","-2.67%"
"Jan 19, 2021","172.82","170.53","172.83","170.17","","+1.78%"
"Jan 18, 2021","169.79","170.09","170.87","168.67","","-0.40%"
"Jan 15, 2021","170.47","171.13","172.46","169.61","","+0.09%"
"Jan 14, 2021","170.31","169.76","170.51","168.78","","-0.21%"
"Jan 13, 2021","170.66","169.77","170.91","169.06","","+0.41%"
"Jan 12, 2021","169.96","169.26","171.02","168.19","","+1.82%"
"Jan 08, 2021","166.92","167.95","168.85","166.03","","-0.74%"
"Jan 07, 2021","168.16","170.93","172.42","168.09","","-0.48%"
"Jan 06, 2021","168.97","166.99","169.41","166.62","","+0.73%"
"Jan 05, 2021","167.74","166.63","169.24","166.63","","-1.13%"
"Jan 04, 2021","169.65","173.79","173.79","167.52","","-2.62%"
"Dec 30, 2020","174.21","172.81","175.04","170.41","","+1.95%"
"Dec 29, 2020","170.88","166.09","170.89","165.72","","+4.46%"
"Dec 28, 2020","163.59","165.18","165.25","162.05","","-1.72%"
"Dec 25, 2020","166.46","167.31","167.59","166.30","","-0.23%"
"Dec 24, 2020","166.85","165.67","167.73","164.93","","+1.50%"
"Dec 23, 2020","164.38","164.49","165.65","163.72","","+0.30%"
"Dec 22, 2020","163.89","166.09","166.40","163.85","","-2.32%"
"Dec 21, 2020","167.79","170.15","170.89","167.08","","-1.51%"
"Dec 18, 2020","170.37","168.49","171.04","168.01","","+1.55%"
"Dec 17, 2020","167.77","171.45","171.68","167.62","","-2.60%"
"Dec 16, 2020","172.24","173.14","174.54","172.24","","+0.02%"
"Dec 15, 2020","172.20","179.06","179.63","172.20","","-5.96%"
"Dec 14, 2020","183.12","182.54","184.89","181.42","","-0.70%"
"Dec 11, 2020","184.41","180.28","184.41","178.31","","+2.67%"
"Dec 10, 2020","179.62","177.63","181.45","175.39","","+0.66%"
"Dec 09, 2020","178.45","175.43","179.14","174.98","","+2.84%"
"Dec 08, 2020","173.52","176.23","177.83","173.14","","-2.23%"
"Dec 07, 2020","177.47","183.68","184.72","177.38","","-3.89%"
"Dec 04, 2020","184.65","186.60","187.07","183.90","","-1.82%"
"Dec 03, 2020","188.08","184.61","188.46","184.36","","+2.66%"
"Dec 02, 2020","183.21","183.48","184.09","182.21","","-0.01%"
"Dec 01, 2020","183.22","184.77","185.19","181.62","","+0.01%"
"Nov 30, 2020","183.21","186.27","188.80","183.21","","-2.29%"
"Nov 27, 2020","187.50","188.81","190.49","186.08","","-0.52%"
"Nov 26, 2020","188.48","192.91","192.91","186.99","","-4.34%"
"Nov 25, 2020","197.03","188.09","197.03","188.09","","+7.08%"
"Nov 24, 2020","184.01","183.63","189.86","179.76","","+0.95%"
"Nov 20, 2020","182.27","183.24","185.07","182.20","","-1.66%"
"Nov 19, 2020","185.35","183.94","185.62","182.51","","-0.46%"
"Nov 18, 2020","186.20","187.19","189.06","183.88","","-2.50%"
"Nov 17, 2020","190.98","187.38","194.07","187.38","","+3.96%"
"Nov 16, 2020","183.70","179.27","185.03","177.36","","+4.62%"
"Nov 13, 2020","175.59","178.61","179.28","173.69","","-3.61%"
"Nov 12, 2020","182.16","183.90","185.19","180.71","","-2.88%"
"Nov 11, 2020","187.57","195.01","196.85","182.77","","-1.54%"
"Nov 10, 2020","190.51","163.37","190.51","163.37","","+19.30%"
"Nov 09, 2020","159.69","166.29","167.10","155.09","","-5.85%"
"Nov 06, 2020","169.62","170.20","172.15","168.94","","-0.15%"
"Nov 05, 2020","169.87","169.13","170.29","167.24","","+0.30%"
"Nov 04, 2020","169.36","172.28","172.69","169.24","","-0.93%"
"Nov 02, 2020","170.95","167.00","172.80","167.00","","+2.11%"
"Oct 30, 2020","167.42","172.13","172.60","167.26","","-2.62%"
"Oct 29, 2020","171.93","169.38","173.30","167.58","","-0.32%"
"Oct 28, 2020","172.49","174.91","175.85","169.56","","-0.63%"
"Oct 27, 2020","173.58","177.78","177.78","172.98","","-3.65%"
"Oct 26, 2020","180.16","180.99","182.33","179.39","","-0.61%"
"Oct 23, 2020","181.27","181.06","183.12","180.21","","+2.70%"
"Oct 22, 2020","176.51","178.85","179.75","174.21","","-3.23%"
"Oct 21, 2020","182.41","179.88","185.17","179.54","","+2.32%"
"Oct 20, 2020","178.28","181.00","182.06","178.28","","-1.74%"
"Oct 19, 2020","181.44","178.48","181.54","178.48","","+2.02%"
"Oct 16, 2020","177.84","178.45","179.98","177.39","","-1.00%"
"Oct 15, 2020","179.64","181.55","183.78","178.97","","+0.02%"
"Oct 14, 2020","179.61","185.03","185.29","179.59","","-4.51%"
"Oct 13, 2020","188.09","184.90","188.27","183.56","","+2.22%"
"Oct 12, 2020","184.00","180.41","184.47","179.97","","+2.07%"
"Oct 09, 2020","180.27","182.77","182.77","179.77","","-1.00%"
"Oct 08, 2020","182.10","182.00","183.55","181.46","","-1.23%"
"Oct 07, 2020","184.37","182.84","184.43","181.18","","-0.12%"
"Oct 06, 2020","184.59","186.11","186.36","182.43","","-0.18%"
"Oct 05, 2020","184.92","183.00","185.57","182.98","","+2.63%"
"Oct 02, 2020","180.19","183.53","183.95","178.76","","+0.05%"
"Oct 01, 2020","180.10","180.10","180.10","180.10","","0.00%"
"Sep 30, 2020","180.10","185.47","186.10","180.10","","-3.32%"
"Sep 29, 2020","186.28","185.19","188.01","185.19","","-0.17%"
"Sep 28, 2020","186.60","192.22","192.36","182.04","","-4.47%"
"Sep 25, 2020","195.33","201.21","201.27","194.26","","-2.01%"
"Sep 24, 2020","199.33","199.81","200.42","197.75","","-0.36%"
"Sep 23, 2020","200.05","197.33","200.37","196.35","","-0.15%"
"Sep 18, 2020","200.36","197.51","201.30","197.51","","+1.06%"
"Sep 17, 2020","198.26","200.84","202.46","198.00","","-1.94%"
"Sep 16, 2020","202.19","202.26","202.93","199.53","","-1.14%"
"Sep 15, 2020","204.52","207.33","207.84","204.27","","-2.67%"
"Sep 14, 2020","210.12","210.55","213.83","208.32","","+0.73%"
"Sep 11, 2020","208.59","205.82","208.78","203.57","","+1.78%"
"Sep 10, 2020","204.94","203.17","204.94","202.02","","+1.35%"
"Sep 09, 2020","202.21","201.31","203.06","199.82","","-0.59%"
"Sep 08, 2020","203.42","204.67","206.10","202.48","","+0.70%"
"Sep 07, 2020","202.00","198.24","203.19","197.93","","+2.86%"
"Sep 04, 2020","196.39","192.66","196.60","192.17","","+1.13%"
"Sep 03, 2020","194.19","196.64","197.11","193.85","","+0.12%"
"Sep 02, 2020","193.96","194.66","195.05","192.63","","-0.42%"
"Sep 01, 2020","194.78","193.30","197.25","192.30","","-0.11%"
"Aug 31, 2020","195.00","194.97","200.17","194.97","","+2.15%"
"Aug 28, 2020","190.89","192.53","196.86","188.20","","+0.84%"
"Aug 27, 2020","189.30","191.85","191.99","189.19","","-1.94%"
"Aug 26, 2020","193.05","192.62","194.27","190.24","","-0.68%"
"Aug 25, 2020","194.38","187.40","195.40","187.40","","+6.03%"
"Aug 24, 2020","183.32","188.01","188.02","182.77","","-1.08%"
"Aug 21, 2020","185.33","182.76","186.15","182.76","","+1.44%"
"Aug 20, 2020","182.70","180.34","187.20","180.34","","+1.90%"
"Aug 19, 2020","179.29","175.01","179.39","174.44","","+1.39%"
"Aug 18, 2020","176.83","178.12","179.03","173.90","","-1.74%"
"Aug 17, 2020","179.97","179.63","181.60","178.91","","+0.11%"
"Aug 14, 2020","179.77","179.85","182.67","178.41","","-0.02%"
"Aug 13, 2020","179.80","183.03","186.02","177.06","","-1.35%"
"Aug 12, 2020","182.26","178.12","184.44","177.68","","+1.68%"
"Aug 11, 2020","179.24","175.12","179.57","174.78","","+4.55%"
"Aug 07, 2020","171.44","166.22","172.34","165.61","","+4.21%"
"Aug 06, 2020","164.52","166.50","166.51","163.56","","+0.10%"
"Aug 05, 2020","164.36","164.30","167.16","161.62","","-2.04%"
"Aug 04, 2020","167.79","160.07","168.02","157.37","","+7.43%"
"Aug 03, 2020","156.18","159.01","162.31","154.82","","-1.89%"
"Jul 31, 2020","159.19","156.52","160.70","156.52","","-0.14%"
"Jul 30, 2020","159.42","167.13","168.47","158.67","","-3.62%"
"Jul 29, 2020","165.40","167.21","168.22","164.78","","-2.23%"
"Jul 28, 2020","169.18","172.75","173.62","169.18","","-3.25%"
"Jul 27, 2020","174.87","171.93","174.87","170.87","","-0.06%"
"Jul 22, 2020","174.97","176.13","176.73","173.76","","-0.48%"
"Jul 21, 2020","175.81","176.20","177.22","174.84","","-0.54%"
"Jul 20, 2020","176.77","181.40","181.40","176.12","","-3.24%"
"Jul 17, 2020","182.69","184.74","186.08","181.15","","-3.06%"
"Jul 16, 2020","188.46","184.11","192.00","183.95","","+4.42%"
"Jul 15, 2020","180.49","182.20","183.77","179.23","","+1.11%"
"Jul 14, 2020","178.50","179.35","180.70","178.29","","-2.02%"
"Jul 13, 2020","182.18","177.91","182.74","177.91","","+4.51%"
"Jul 10, 2020","174.31","174.26","176.89","169.89","","-0.89%"
"Jul 09, 2020","175.88","180.79","181.42","175.88","","-2.87%"
"Jul 08, 2020","181.07","180.41","183.23","180.31","","-1.23%"
"Jul 07, 2020","183.32","184.34","184.42","181.65","","-0.45%"
"Jul 06, 2020","184.14","179.72","185.15","179.17","","+2.34%"
"Jul 03, 2020","179.93","180.82","181.93","177.29","","-0.81%"
"Jul 02, 2020","181.40","177.31","183.64","176.84","","+2.46%"
"Jul 01, 2020","177.04","180.31","180.51","175.96","","-1.66%"
"Jun 30, 2020","180.03","180.35","182.13","178.71","","+2.09%"
"Jun 29, 2020","176.34","177.51","179.00","175.87","","-2.68%"
"Jun 26, 2020","181.20","184.57","184.64","180.54","","-0.65%"
"Jun 25, 2020","182.39","185.24","185.98","182.00","","-3.92%"
"Jun 24, 2020","189.84","191.89","192.75","189.29","","-1.34%"
"Jun 23, 2020","192.42","194.06","195.40","191.15","","-0.20%"
"Jun 22, 2020","192.81","194.93","195.98","192.38","","-1.65%"
"Jun 19, 2020","196.05","196.54","198.64","194.44","","+1.71%"
"Jun 18, 2020","192.75","192.02","193.96","190.37","","-1.70%"
"Jun 17, 2020","196.08","197.68","198.39","194.41","","-2.22%"
"Jun 16, 2020","200.54","194.87","201.38","194.87","","+5.12%"
"Jun 15, 2020","190.78","200.13","200.13","190.78","","-4.96%"
"Jun 12, 2020","200.73","199.39","203.63","189.21","","-1.35%"
"Jun 11, 2020","203.48","210.21","212.31","203.48","","-5.07%"
"Jun 10, 2020","214.34","211.62","215.18","211.16","","-0.95%"
"Jun 09, 2020","216.39","220.54","222.15","214.80","","-0.32%"
"Jun 08, 2020","217.08","215.38","224.69","214.08","","+2.75%"
"Jun 05, 2020","211.28","199.30","211.34","198.44","","+8.22%"
"Jun 04, 2020","195.23","201.98","201.98","194.76","","-1.35%"
"Jun 03, 2020","197.90","195.43","197.90","194.94","","+2.09%"
"Jun 02, 2020","193.84","196.16","196.30","193.55","","-0.61%"
"Jun 01, 2020","195.03","192.75","196.51","191.30","","+0.96%"
"May 29, 2020","193.17","197.17","198.85","193.17","","-3.81%"
"May 28, 2020","200.83","202.57","203.51","199.18","","+0.95%"
"May 27, 2020","198.94","203.78","203.80","197.14","","-2.04%"
"May 26, 2020","203.09","194.31","206.43","194.30","","+6.77%"
"May 25, 2020","190.22","179.24","190.37","179.23","","+8.36%"
"May 22, 2020","175.55","174.92","177.86","174.44","","+1.44%"
"May 21, 2020","173.05","172.92","175.67","172.30","","+0.01%"
"May 20, 2020","173.03","170.36","174.23","169.04","","+1.31%"
"May 19, 2020","170.80","169.74","176.87","169.74","","+2.86%"
"May 18, 2020","166.05","168.34","168.99","164.51","","-1.68%"
"May 15, 2020","168.89","171.23","172.99","166.58","","-0.17%"
"May 14, 2020","169.17","171.10","173.03","169.17","","-1.41%"
"May 13, 2020","171.59","170.89","173.91","169.26","","-1.61%"
"May 12, 2020","174.40","176.17","176.91","171.56","","-2.95%"
"May 11, 2020","179.71","166.73","179.90","166.73","","+10.22%"
"May 08, 2020","163.05","159.56","163.41","156.90","","+2.95%"
"May 07, 2020","158.38","166.27","166.27","158.38","","-6.80%"
"May 01, 2020","169.94","171.47","172.33","168.28","","-2.20%"
"Apr 30, 2020","173.76","180.29","180.94","173.76","","-1.35%"
"Apr 28, 2020","176.14","176.94","179.46","174.92","","+1.42%"
"Apr 27, 2020","173.67","167.19","174.76","164.66","","+3.71%"
"Apr 24, 2020","167.46","171.63","171.63","166.17","","-2.85%"
"Apr 23, 2020","172.37","170.56","173.70","169.12","","+0.62%"
"Apr 22, 2020","171.31","177.29","177.75","170.55","","-4.63%"
"Apr 21, 2020","179.63","179.14","182.03","177.60","","-0.90%"
"Apr 20, 2020","181.26","180.85","182.53","180.62","","+0.03%"
"Apr 17, 2020","181.20","182.55","188.50","179.06","","+1.30%"
"Apr 16, 2020","178.87","179.04","179.94","177.81","","-2.11%"
"Apr 15, 2020","182.72","180.85","183.70","179.49","","+2.03%"
"Apr 14, 2020","179.09","178.80","180.44","174.67","","-0.43%"
"Apr 13, 2020","179.86","182.39","183.62","178.45","","-0.79%"
"Apr 10, 2020","181.29","182.67","184.58","179.52","","-1.82%"
"Apr 09, 2020","184.66","189.35","195.22","182.46","","-1.10%"
"Apr 08, 2020","186.72","173.91","188.30","173.01","","+8.22%"
"Apr 07, 2020","172.54","170.85","177.05","165.40","","+3.22%"
"Apr 06, 2020","167.16","157.41","168.41","152.64","","+3.77%"
"Apr 03, 2020","161.09","165.65","168.64","159.96","","-2.75%"
"Apr 02, 2020","165.64","174.36","174.69","165.64","","-6.42%"
"Apr 01, 2020","177.00","186.06","186.87","177.00","","-6.69%"
"Mar 31, 2020","189.70","194.89","196.21","189.01","","-2.91%"
"Mar 30, 2020","195.39","200.78","200.78","194.08","","-7.05%"
"Mar 27, 2020","210.21","209.54","210.83","204.62","","+1.60%"
"Mar 26, 2020","206.90","206.64","208.53","200.14","","-0.55%"
"Mar 25, 2020","208.05","201.83","208.05","201.34","","+5.21%"
"Mar 24, 2020","197.74","196.35","200.15","194.65","","+2.64%"
"Mar 23, 2020","192.66","199.53","199.64","186.22","","-5.59%"
"Mar 19, 2020","204.06","197.39","205.05","197.39","","+4.47%"
"Mar 18, 2020","195.32","191.52","204.38","190.34","","+3.77%"
"Mar 17, 2020","188.23","182.36","189.96","180.88","","+1.17%"
"Mar 16, 2020","186.05","182.61","193.30","180.54","","+3.99%"
"Mar 13, 2020","178.92","194.27","194.27","174.82","","-9.80%"
"Mar 12, 2020","198.37","207.52","209.21","197.61","","-6.26%"
"Mar 11, 2020","211.62","213.57","219.53","211.58","","-0.63%"
"Mar 10, 2020","212.96","206.90","214.81","199.38","","+0.93%"
"Mar 09, 2020","210.99","217.12","217.12","207.97","","-4.62%"
"Mar 06, 2020","221.22","226.51","226.89","220.72","","-3.99%"
"Mar 05, 2020","230.41","232.19","232.19","229.23","","+0.17%"
"Mar 04, 2020","230.03","226.08","230.94","224.09","","+0.44%"
"Mar 03, 2020","229.02","234.47","236.12","228.12","","-0.58%"
"Mar 02, 2020","230.36","225.45","236.52","225.45","","+0.75%"
"Feb 28, 2020","228.64","224.97","230.77","220.88","","-0.19%"
"Feb 27, 2020","229.07","238.92","239.16","228.23","","-4.92%"
"Feb 26, 2020","240.93","240.03","241.05","238.39","","-1.70%"
"Feb 25, 2020","245.10","249.99","249.99","242.94","","-4.15%"
"Feb 21, 2020","255.72","255.92","257.97","255.64","","-0.40%"
"Feb 20, 2020","256.75","259.78","260.69","256.75","","-0.83%"
"Feb 19, 2020","258.89","259.42","259.99","258.32","","-0.31%"
"Feb 18, 2020","259.69","258.85","260.76","258.21","","+0.04%"
"Feb 17, 2020","259.59","261.23","261.60","258.78","","-2.37%"
"Feb 14, 2020","265.89","266.34","267.04","265.36","","-1.34%"
"Feb 13, 2020","269.49","268.22","269.92","266.91","","+1.24%"
"Feb 12, 2020","266.19","267.44","267.97","265.88","","-0.98%"
"Feb 10, 2020","268.83","269.25","269.61","268.05","","-0.94%"
"Feb 07, 2020","271.37","276.14","276.14","271.13","","-1.30%"
"Feb 06, 2020","274.95","274.74","276.45","273.81","","+1.87%"
"Feb 05, 2020","269.91","270.15","271.55","267.62","","+1.23%"
"Feb 04, 2020","266.63","263.04","266.96","262.52","","+1.54%"
"Feb 03, 2020","262.59","261.50","264.42","259.77","","-1.63%"
"Jan 31, 2020","266.95","266.03","270.35","265.88","","+0.35%"
"Jan 30, 2020","266.03","268.94","270.29","266.03","","-1.44%"
"Jan 29, 2020","269.93","269.46","270.22","268.05","","+0.23%"
"Jan 28, 2020","269.30","266.92","269.93","266.61","","+0.01%"
"Jan 27, 2020","269.26","273.09","273.09","266.98","","-3.43%"
"Jan 24, 2020","278.82","277.69","279.62","277.18","","+1.08%"
"Jan 23, 2020","275.85","279.04","279.64","275.85","","-2.03%"
"Jan 22, 2020","281.57","279.68","282.30","277.93","","-0.06%"
"Jan 21, 2020","281.73","288.80","289.09","281.52","","-2.54%"
"Jan 20, 2020","289.06","289.59","290.92","288.78","","+0.53%"
"Jan 17, 2020","287.55","287.62","287.83","286.29","","+0.21%"
"Jan 16, 2020","286.96","285.88","287.13","285.17","","+0.13%"
"Jan 15, 2020","286.58","286.33","286.77","285.64","","-0.48%"
"Jan 14, 2020","287.95","288.09","289.23","287.37","","+0.22%"
"Jan 10, 2020","287.31","289.78","290.27","287.19","","-0.76%"
"Jan 09, 2020","289.50","287.60","290.00","286.99","","+1.93%"
"Jan 08, 2020","284.03","283.30","284.16","280.79","","-0.28%"
"Jan 07, 2020","284.83","282.38","285.52","282.27","","+1.70%"
"Jan 06, 2020","280.07","285.44","285.60","280.00","","-2.79%"
"Dec 30, 2019","288.12","289.15","289.34","288.11","","-0.57%"
"Dec 27, 2019","289.76","290.23","290.43","289.38","","+0.26%"
"Dec 26, 2019","289.01","286.82","289.01","286.53","","+0.97%"
"Dec 25, 2019","286.22","287.22","287.38","286.01","","-0.29%"
"Dec 24, 2019","287.06","288.54","289.16","286.86","","-0.30%"
"Dec 23, 2019","287.93","287.37","288.32","287.10","","-0.21%"
"Dec 20, 2019","288.55","288.39","289.58","287.55","","+0.37%"
"Dec 19, 2019","287.50","288.04","289.04","287.19","","-0.75%"
"Dec 18, 2019","289.68","293.17","293.26","289.68","","-1.12%"
"Dec 17, 2019","292.96","292.44","293.33","291.45","","+0.97%"
"Dec 16, 2019","290.14","290.51","291.95","290.14","","+0.21%"
"Dec 13, 2019","289.53","291.80","291.91","288.84","","+0.25%"
"Dec 12, 2019","288.82","291.26","291.94","288.82","","-0.39%"
"Dec 11, 2019","289.95","289.29","290.00","288.74","","+0.46%"
"Dec 10, 2019","288.62","290.71","290.79","288.62","","-0.54%"
"Dec 09, 2019","290.18","289.70","290.26","288.67","","+0.43%"
"Dec 06, 2019","288.93","290.03","290.45","288.64","","-0.31%"
"Dec 05, 2019","289.84","287.57","289.92","287.57","","+0.56%"
"Dec 04, 2019","288.22","289.22","289.83","287.97","","-0.54%"
"Dec 03, 2019","289.79","291.12","291.43","289.79","","-0.94%"
"Dec 02, 2019","292.54","291.87","293.96","291.83","","+0.28%"
"Nov 29, 2019","291.71","292.50","292.79","291.34","","-0.17%"
"Nov 28, 2019","292.22","290.95","292.22","290.26","","+0.38%"
"Nov 27, 2019","291.12","290.33","292.02","289.76","","+0.82%"
"Nov 26, 2019","288.74","289.29","289.67","288.27","","-0.50%"
"Nov 25, 2019","290.18","288.78","290.18","288.40","","+1.07%"
"Nov 22, 2019","287.12","288.35","288.87","287.12","","-1.15%"
"Nov 21, 2019","290.47","289.70","290.67","286.26","","-0.09%"
"Nov 20, 2019","290.72","288.52","291.00","287.99","","+1.01%"
"Nov 19, 2019","287.82","288.67","288.67","287.33","","-0.58%"
"Nov 18, 2019","289.50","290.21","290.43","288.97","","-0.24%"
"Nov 15, 2019","290.21","288.87","291.14","288.27","","+0.88%"
"Nov 14, 2019","287.68","290.30","290.76","287.17","","-0.61%"
"Nov 13, 2019","289.44","291.43","291.76","289.23","","-1.17%"
"Nov 12, 2019","292.86","292.69","292.98","291.51","","+0.48%"
"Nov 11, 2019","291.47","293.09","293.18","290.81","","-0.14%"
"Nov 08, 2019","291.87","293.55","294.64","291.30","","-0.72%"
"Nov 07, 2019","294.00","294.44","294.53","292.28","","+0.37%"
"Nov 06, 2019","292.93","290.73","292.93","288.81","","+0.83%"
"Nov 05, 2019","290.52","290.16","291.95","288.15","","+0.35%"
"Nov 01, 2019","289.50","291.86","293.78","289.30","","-0.20%"
"Oct 31, 2019","290.07","290.81","290.81","288.89","","-0.19%"
"Oct 30, 2019","290.61","286.21","290.61","286.21","","+1.25%"
"Oct 29, 2019","287.03","285.93","287.75","285.02","","-0.63%"
"Oct 28, 2019","288.86","289.61","290.76","288.08","","-0.21%"
"Oct 25, 2019","289.47","290.00","290.04","288.74","","+0.44%"
"Oct 24, 2019","288.20","289.99","290.44","288.08","","-0.31%"
"Oct 23, 2019","289.09","289.58","289.91","286.36","","+0.11%"
"Oct 21, 2019","288.76","291.16","291.29","288.60","","-0.55%"
"Oct 18, 2019","290.35","290.14","290.51","288.96","","+0.26%"
"Oct 17, 2019","289.61","289.28","290.34","288.71","","+0.26%"
"Oct 16, 2019","288.87","290.46","290.46","287.65","","+0.07%"
"Oct 15, 2019","288.66","288.46","289.07","287.07","","+0.73%"
"Oct 11, 2019","286.57","285.20","286.62","283.89","","+1.11%"
"Oct 10, 2019","283.41","282.25","283.41","279.88","","+0.41%"
"Oct 09, 2019","282.25","282.85","283.87","281.03","","-0.36%"
"Oct 08, 2019","283.26","283.14","284.29","282.77","","-0.07%"
"Oct 07, 2019","283.46","284.07","284.97","282.73","","+0.07%"
"Oct 04, 2019","283.26","280.97","283.42","280.36","","+0.77%"
"Oct 03, 2019","281.09","281.24","282.10","279.98","","-1.43%"
"Oct 02, 2019","285.16","284.17","285.56","283.03","","0.00%"
"Oct 01, 2019","285.15","281.72","285.72","281.15","","+1.92%"
"Sep 30, 2019","279.77","285.73","285.73","279.68","","-2.61%"
"Sep 27, 2019","287.28","291.32","291.69","285.36","","-2.55%"
"Sep 26, 2019","294.79","297.57","299.07","294.26","","-0.82%"
"Sep 25, 2019","297.24","293.98","297.48","293.69","","+1.08%"
"Sep 24, 2019","294.05","293.08","294.22","292.26","","+1.01%"
"Sep 20, 2019","291.12","292.58","292.78","290.71","","-0.19%"
"Sep 19, 2019","291.68","293.19","294.05","291.07","","+0.31%"
"Sep 18, 2019","290.78","294.66","294.66","290.70","","-0.10%"
"Sep 17, 2019","291.07","291.07","292.58","289.15","","-1.66%"
"Sep 13, 2019","295.97","294.95","296.09","293.68","","+0.40%"
"Sep 12, 2019","294.78","292.58","295.56","291.92","","+2.13%"
"Sep 11, 2019","288.62","289.15","290.66","287.72","","+0.21%"
"Sep 10, 2019","288.01","284.17","288.01","283.92","","+1.31%"
"Sep 09, 2019","284.29","283.03","284.46","282.50","","+0.78%"
"Sep 06, 2019","282.09","284.38","284.50","282.01","","-0.39%"
"Sep 05, 2019","283.19","282.05","285.19","281.72","","+0.30%"
"Sep 04, 2019","282.33","283.31","283.39","281.27","","-0.61%"
"Sep 03, 2019","284.05","282.74","284.37","282.50","","+0.56%"
"Sep 02, 2019","282.46","283.23","283.68","281.93","","-0.56%"
"Aug 30, 2019","284.05","283.35","284.34","282.58","","+0.57%"
"Aug 29, 2019","282.45","280.82","282.53","279.76","","+0.51%"
"Aug 28, 2019","281.02","280.98","281.35","279.55","","+0.10%"
"Aug 27, 2019","280.73","279.80","281.31","279.80","","+0.58%"
"Aug 26, 2019","279.10","277.71","279.55","276.77","","-0.85%"
"Aug 23, 2019","281.50","281.13","281.74","280.44","","+0.92%"
"Aug 22, 2019","278.93","278.41","279.51","277.71","","+0.38%"
"Aug 21, 2019","277.88","280.65","280.69","277.75","","-1.52%"
"Aug 20, 2019","282.16","281.34","283.30","281.34","","-0.22%"
"Aug 19, 2019","282.77","282.08","282.98","281.01","","+1.01%"
"Aug 16, 2019","279.95","279.25","280.28","278.56","","-0.35%"
"Aug 15, 2019","280.93","278.06","281.25","278.06","","-0.26%"
"Aug 14, 2019","281.66","283.12","283.37","281.17","","-0.63%"
"Aug 13, 2019","283.45","283.25","283.82","281.62","","-0.57%"
"Aug 09, 2019","285.08","285.58","286.80","284.19","","-0.26%"
"Aug 08, 2019","285.82","284.18","286.19","283.45","","+0.55%"
"Aug 07, 2019","284.25","280.43","284.83","280.43","","+1.25%"
"Aug 06, 2019","280.75","274.99","280.96","273.88","","-0.02%"
"Aug 05, 2019","280.80","281.78","281.90","277.97","","-1.05%"
"Aug 02, 2019","283.78","282.52","285.63","282.16","","-0.62%"
"Aug 01, 2019","285.55","286.82","287.06","284.98","","-1.42%"
"Jul 31, 2019","289.67","288.69","290.57","286.57","","-0.36%"
"Jul 30, 2019","290.73","290.48","291.02","289.71","","+0.58%"
"Jul 29, 2019","289.06","288.70","289.26","287.39","","+0.55%"
"Jul 26, 2019","287.48","287.88","288.98","287.47","","-0.72%"
"Jul 25, 2019","289.56","289.69","290.63","288.84","","+0.14%"
"Jul 24, 2019","289.16","289.77","289.89","288.67","","+0.24%"
"Jul 23, 2019","288.46","287.28","289.49","285.48","","+0.18%"
"Jul 22, 2019","287.93","289.04","289.85","287.69","","-1.04%"
"Jul 19, 2019","290.95","288.13","291.36","287.40","","+1.52%"
"Jul 18, 2019","286.58","289.53","289.82","286.05","","-1.23%"
"Jul 17, 2019","290.14","292.92","292.92","290.10","","-0.58%"
"Jul 16, 2019","291.82","291.99","292.56","290.72","","-0.15%"
"Jul 12, 2019","292.27","292.11","292.27","290.93","","+0.38%"
"Jul 11, 2019","291.17","289.65","291.33","289.37","","+0.65%"
"Jul 10, 2019","289.28","288.30","289.86","288.14","","-0.32%"
"Jul 09, 2019","290.22","293.49","293.69","289.90","","-0.62%"
"Jul 08, 2019","292.02","294.59","294.84","291.66","","-1.31%"
"Jul 05, 2019","295.90","295.57","296.47","295.25","","+0.58%"
"Jul 04, 2019","294.19","294.23","294.51","293.62","","+0.57%"
"Jul 03, 2019","292.51","291.82","292.67","290.47","","+0.42%"
"Jul 02, 2019","291.28","291.86","292.39","290.75","","+0.08%"
"Jul 01, 2019","291.04","290.30","291.12","289.36","","+1.60%"
"Jun 28, 2019","286.46","286.83","287.57","285.08","","-0.06%"
"Jun 27, 2019","286.63","285.57","288.38","285.12","","+0.62%"
"Jun 26, 2019","284.87","283.57","285.37","282.79","","-0.23%"
"Jun 25, 2019","285.53","284.47","288.51","284.02","","+0.24%"
"Jun 24, 2019","284.84","284.22","285.57","283.16","","-0.08%"
"Jun 21, 2019","285.08","287.57","287.57","285.08","","-1.40%"
"Jun 20, 2019","289.12","291.85","291.89","289.04","","-0.38%"
"Jun 19, 2019","290.23","290.46","291.65","289.00","","+0.06%"
"Jun 18, 2019","290.05","290.27","291.04","289.56","","-0.83%"
"Jun 17, 2019","292.47","293.94","294.23","292.39","","-0.29%"
"Jun 14, 2019","293.33","293.21","294.39","291.21","","+0.18%"
"Jun 13, 2019","292.80","293.42","293.50","290.60","","-0.04%"
"Jun 12, 2019","292.93","293.83","293.87","292.48","","-0.21%"
"Jun 11, 2019","293.54","293.22","293.87","292.32","","-0.22%"
"Jun 10, 2019","294.19","293.71","295.21","293.34","","+0.68%"
"Jun 07, 2019","292.19","293.41","293.94","291.41","","-0.87%"
"Jun 06, 2019","294.76","293.62","295.49","293.45","","+0.98%"
"Jun 05, 2019","291.90","288.31","292.92","288.22","","+2.31%"
"Jun 04, 2019","285.32","288.05","288.74","284.46","","-1.14%"
"Jun 03, 2019","288.62","285.69","288.87","285.16","","+0.21%"
"May 31, 2019","288.02","290.01","291.32","287.98","","-1.03%"
"May 30, 2019","291.03","288.46","291.40","287.68","","-0.01%"
"May 29, 2019","291.07","293.08","293.48","290.83","","-0.98%"
"May 28, 2019","293.94","296.59","297.16","293.94","","-1.55%"
"May 27, 2019","298.58","296.06","299.11","296.06","","+0.77%"
"May 24, 2019","296.30","295.43","296.87","294.16","","-0.30%"
"May 23, 2019","297.19","295.23","298.38","294.98","","+0.40%"
"May 22, 2019","296.01","300.21","300.21","296.01","","-1.47%"
"May 21, 2019","300.42","298.83","300.91","298.58","","+0.17%"
"May 20, 2019","299.90","299.04","300.55","298.88","","+0.14%"
"May 17, 2019","299.49","300.88","301.78","298.84","","-0.37%"
"May 16, 2019","300.59","298.19","300.59","296.15","","+1.01%"
"May 15, 2019","297.58","295.67","297.58","294.97","","+0.66%"
"May 14, 2019","295.62","293.30","295.62","292.93","","-0.69%"
"May 13, 2019","297.67","297.11","298.54","296.09","","-0.34%"
"May 10, 2019","298.70","297.60","299.11","296.57","","+0.55%"
"May 09, 2019","297.07","301.23","301.23","296.42","","-2.02%"
"May 08, 2019","303.19","307.36","307.93","302.01","","-2.71%"
"May 07, 2019","311.65","310.21","314.02","310.09","","+0.12%"
"Apr 26, 2019","311.27","314.01","314.09","308.54","","-0.60%"
"Apr 25, 2019","313.15","312.99","313.52","310.94","","+0.62%"
"Apr 24, 2019","311.23","314.09","314.17","310.29","","-0.24%"
"Apr 23, 2019","311.97","311.18","313.55","311.10","","+0.24%"
"Apr 22, 2019","311.23","313.52","314.61","311.03","","-1.10%"
"Apr 19, 2019","314.70","317.18","317.84","314.49","","-1.35%"
"Apr 18, 2019","319.02","320.20","321.34","318.77","","-0.16%"
"Apr 17, 2019","319.54","320.73","322.16","319.54","","-0.46%"
"Apr 16, 2019","321.02","321.63","323.59","321.02","","-0.39%"
"Apr 15, 2019","322.28","322.44","324.49","321.63","","+0.56%"
"Apr 12, 2019","320.49","319.55","321.63","318.74","","+0.05%"
"Apr 11, 2019","320.33","318.09","321.11","317.27","","+0.72%"
"Apr 10, 2019","318.05","317.97","318.74","317.35","","-0.55%"
"Apr 09, 2019","319.81","320.67","321.44","319.73","","-1.11%"
"Apr 08, 2019","323.40","323.97","325.52","322.99","","-0.72%"
"Apr 05, 2019","325.73","323.64","326.13","323.40","","+1.13%"
"Apr 04, 2019","322.09","322.34","324.55","322.06","","-0.18%"
"Apr 03, 2019","322.67","320.14","323.65","319.93","","+0.23%"
"Apr 02, 2019","321.93","324.09","325.07","321.93","","-0.74%"
"Apr 01, 2019","324.33","328.74","328.82","323.06","","-0.25%"
"Mar 29, 2019","325.14","322.49","325.43","321.84","","+0.95%"
"Mar 28, 2019","322.08","319.27","322.08","316.98","","+0.57%"
"Mar 27, 2019","320.25","319.91","320.97","318.81","","-1.71%"
"Mar 26, 2019","325.83","319.98","326.07","319.98","","+2.27%"
"Mar 25, 2019","318.60","322.00","322.04","316.88","","-1.37%"
"Mar 22, 2019","323.03","322.66","324.09","321.06","","-0.21%"
"Mar 20, 2019","323.72","324.94","324.94","322.46","","-0.11%"
"Mar 19, 2019","324.09","325.27","325.27","323.03","","-0.49%"
"Mar 18, 2019","325.68","324.38","325.88","323.65","","+0.32%"
"Mar 15, 2019","324.63","322.91","324.63","322.82","","+0.82%"
"Mar 14, 2019","322.00","326.58","326.58","322.00","","-0.52%"
"Mar 13, 2019","323.68","326.63","327.41","322.41","","-1.36%"
"Mar 12, 2019","328.14","327.22","329.11","326.61","","+0.66%"
"Mar 11, 2019","326.00","324.50","326.49","324.33","","+0.87%"
"Mar 08, 2019","323.19","327.73","328.22","323.19","","-1.71%"
"Mar 07, 2019","328.80","329.17","329.41","327.78","","+0.27%"
"Mar 06, 2019","327.90","329.38","329.95","327.78","","-0.43%"
"Mar 05, 2019","329.30","330.60","331.33","328.68","","-0.55%"
"Mar 04, 2019","331.13","334.19","334.19","330.93","","-0.47%"
"Mar 01, 2019","332.68","334.49","335.23","332.02","","-0.68%"
"Feb 28, 2019","334.95","335.63","336.38","334.57","","-0.72%"
"Feb 27, 2019","337.39","337.41","338.43","337.12","","+0.41%"
"Feb 26, 2019","336.02","337.26","338.23","335.28","","-0.14%"
"Feb 25, 2019","336.49","336.03","337.63","335.42","","+0.48%"
"Feb 22, 2019","334.88","333.82","336.27","333.62","","+0.15%"
"Feb 21, 2019","334.39","334.95","335.44","331.73","","-0.42%"
"Feb 20, 2019","335.81","335.73","337.33","334.59","","-0.07%"
"Feb 19, 2019","336.06","332.55","336.18","332.55","","+1.14%"
"Feb 18, 2019","332.26","332.13","332.98","331.18","","+0.46%"
"Feb 15, 2019","330.74","328.73","330.94","327.31","","+0.08%"
"Feb 14, 2019","330.49","329.80","331.39","329.23","","+0.10%"
"Feb 13, 2019","330.17","330.22","331.81","328.37","","-0.04%"
"Feb 12, 2019","330.29","330.37","332.29","328.78","","+0.74%"
"Feb 08, 2019","327.87","328.15","328.15","326.16","","-0.71%"
"Feb 07, 2019","330.23","332.89","333.08","329.00","","-0.76%"
"Feb 06, 2019","332.77","332.41","335.37","332.16","","-0.12%"
"Feb 05, 2019","333.18","334.64","334.93","332.65","","+0.17%"
"Feb 04, 2019","332.63","331.52","334.31","331.29","","+0.92%"
"Feb 01, 2019","329.60","325.81","329.60","325.61","","+1.20%"
"Jan 31, 2019","325.69","326.39","327.08","324.83","","+0.70%"
"Jan 30, 2019","323.44","323.90","327.86","322.06","","-0.38%"
"Jan 29, 2019","324.68","318.78","325.21","318.78","","+1.20%"
"Jan 28, 2019","320.82","322.01","323.60","320.58","","-1.05%"
"Jan 25, 2019","324.21","324.77","326.53","323.60","","-0.11%"
"Jan 24, 2019","324.56","322.23","324.81","319.13","","+0.79%"
"Jan 23, 2019","322.03","325.06","325.06","322.03","","-1.01%"
"Jan 22, 2019","325.30","323.02","325.30","322.81","","+1.07%"
"Jan 21, 2019","321.87","323.38","323.55","321.79","","-0.84%"
"Jan 18, 2019","324.60","323.50","325.87","323.42","","+0.62%"
"Jan 17, 2019","322.60","323.25","324.15","321.51","","+0.04%"
"Jan 16, 2019","322.48","324.65","324.65","321.87","","+0.02%"
"Jan 15, 2019","322.40","320.44","325.74","320.27","","+0.59%"
"Jan 11, 2019","320.52","319.26","321.50","318.32","","+0.51%"
"Jan 10, 2019","318.89","314.43","318.89","313.82","","+0.47%"
"Jan 09, 2019","317.41","317.94","320.39","317.25","","-0.01%"
"Jan 08, 2019","317.45","320.88","322.23","317.45","","-1.24%"
"Jan 07, 2019","321.45","319.11","323.36","319.11","","+2.57%"
"Jan 04, 2019","313.39","315.76","317.97","312.91","","-2.04%"
"Dec 28, 2018","319.93","318.26","320.83","317.40","","-0.04%"
"Dec 27, 2018","320.06","319.49","322.55","317.78","","+2.00%"
"Dec 26, 2018","313.77","308.38","318.30","308.38","","+2.20%"
"Dec 25, 2018","307.03","311.34","311.58","305.69","","-2.54%"
"Dec 21, 2018","315.02","317.99","319.01","314.93","","-0.45%"
"Dec 20, 2018","316.44","323.52","323.52","315.40","","-2.50%"
"Dec 19, 2018","324.55","325.04","325.04","320.88","","+1.49%"
"Dec 18, 2018","319.77","324.74","325.14","319.77","","-1.65%"
"Dec 17, 2018","325.14","326.46","326.99","324.49","","+0.60%"
"Dec 14, 2018","323.20","324.14","325.98","321.89","","-0.74%"
"Dec 13, 2018","325.62","325.45","326.92","323.98","","+0.48%"
"Dec 12, 2018","324.07","323.41","325.05","321.78","","+1.52%"
"Dec 11, 2018","319.21","318.40","319.50","316.27","","+0.74%"
"Dec 10, 2018","316.85","322.67","322.67","316.61","","-3.19%"
"Dec 07, 2018","327.28","325.08","327.49","323.49","","+1.15%"
"Dec 06, 2018","323.57","326.33","327.22","322.51","","-1.14%"
"Dec 05, 2018","327.31","325.31","328.45","324.37","","-0.90%"
"Dec 04, 2018","330.29","333.97","334.21","330.29","","-0.75%"
"Dec 03, 2018","332.79","336.86","337.44","332.13","","-0.02%"
"Nov 30, 2018","332.86","332.58","335.48","331.92","","-0.25%"
"Nov 29, 2018","333.69","332.67","334.58","330.59","","+1.40%"
"Nov 28, 2018","329.08","330.56","331.29","327.82","","-1.95%"
"Nov 27, 2018","335.62","330.80","336.88","330.80","","+1.41%"
"Nov 26, 2018","330.96","337.38","338.57","330.72","","-2.24%"
"Nov 22, 2018","338.56","338.15","339.29","335.41","","+0.56%"
"Nov 21, 2018","336.68","334.35","337.45","334.06","","-0.16%"
"Nov 20, 2018","337.22","333.80","337.67","332.12","","-0.04%"
"Nov 19, 2018","337.35","336.78","338.13","336.13","","-0.10%"
"Nov 16, 2018","337.68","337.27","339.10","336.73","","-0.53%"
"Nov 15, 2018","339.47","334.98","339.47","334.94","","+0.30%"
"Nov 14, 2018","338.44","334.22","340.04","333.53","","+2.24%"
"Nov 13, 2018","331.04","330.15","331.57","326.23","","-0.52%"
"Nov 12, 2018","332.77","327.46","332.77","327.46","","+0.93%"
"Nov 09, 2018","329.71","323.25","330.52","323.25","","+2.30%"
"Nov 08, 2018","322.31","323.09","323.82","321.17","","+1.00%"
"Nov 07, 2018","319.13","318.56","321.09","317.99","","+0.36%"
"Nov 06, 2018","317.99","316.40","318.53","316.40","","-0.69%"
"Nov 05, 2018","320.20","316.64","321.38","315.55","","+1.90%"
"Nov 02, 2018","314.23","313.61","315.94","310.66","","+0.06%"
"Nov 01, 2018","314.04","318.54","320.26","313.71","","-1.65%"
"Oct 31, 2018","319.32","313.53","319.48","311.89","","+2.81%"
"Oct 30, 2018","310.59","308.86","311.13","307.95","","+0.85%"
"Oct 29, 2018","307.97","302.21","308.68","301.77","","+2.39%"
"Oct 26, 2018","300.78","301.03","302.83","299.77","","+0.07%"
"Oct 25, 2018","300.56","299.46","302.45","297.88","","-1.22%"
"Oct 24, 2018","304.26","306.46","306.74","303.04","","+0.24%"
"Oct 23, 2018","303.53","309.35","309.35","303.32","","-2.29%"
"Oct 22, 2018","310.65","308.84","310.77","307.31","","+0.58%"
"Oct 19, 2018","308.86","310.23","311.30","307.29","","-0.60%"
"Oct 18, 2018","310.71","310.00","311.16","309.53","","+0.51%"
"Oct 17, 2018","309.14","307.53","309.45","307.09","","+1.26%"
"Oct 16, 2018","305.29","305.95","306.55","303.83","","-0.48%"
"Oct 15, 2018","306.75","307.06","309.07","306.69","","+0.34%"
"Oct 12, 2018","305.71","304.16","307.08","304.12","","+0.18%"
"Oct 11, 2018","305.17","305.30","306.90","304.46","","-1.89%"
"Oct 10, 2018","311.05","311.14","312.44","309.26","","+0.10%"
"Oct 09, 2018","310.73","316.23","316.40","310.44","","-2.28%"
"Oct 05, 2018","317.99","317.86","318.62","317.62","","-0.29%"
"Oct 04, 2018","318.92","319.29","320.43","318.74","","-0.33%"
"Oct 03, 2018","319.99","322.28","323.72","319.99","","-1.08%"
"Oct 02, 2018","323.47","323.08","325.69","322.90","","-0.60%"
"Oct 01, 2018","325.42","328.62","328.62","325.42","","-1.23%"
"Sep 28, 2018","329.47","333.86","334.15","328.18","","-0.62%"
"Sep 27, 2018","331.53","331.74","334.23","330.93","","+0.36%"
"Sep 26, 2018","330.35","330.63","331.96","326.91","","-1.21%"
"Sep 25, 2018","334.41","328.04","334.44","328.00","","+2.05%"
"Sep 21, 2018","327.68","327.37","327.96","326.24","","+0.67%"
"Sep 20, 2018","325.50","327.69","328.41","325.32","","-0.85%"
"Sep 19, 2018","328.30","332.71","333.28","328.30","","-1.20%"
"Sep 18, 2018","332.30","319.26","332.73","319.26","","+4.18%"
"Sep 14, 2018","318.98","319.32","320.52","318.91","","-0.06%"
"Sep 13, 2018","319.18","318.16","320.98","317.91","","+0.36%"
"Sep 12, 2018","318.05","318.08","318.41","315.68","","+0.11%"
"Sep 11, 2018","317.71","317.46","318.12","316.30","","+0.24%"
"Sep 10, 2018","316.96","316.56","319.30","316.31","","+0.04%"
"Sep 07, 2018","316.84","317.02","317.08","314.02","","+0.49%"
"Sep 06, 2018","315.31","316.53","317.08","313.68","","-1.25%"
"Sep 05, 2018","319.30","321.32","321.32","316.52","","-1.17%"
"Sep 04, 2018","323.08","327.20","327.53","322.56","","-1.17%"
"Sep 03, 2018","326.90","324.38","327.44","323.40","","+1.77%"
"Aug 31, 2018","321.23","321.14","322.19","320.77","","+0.03%"
"Aug 30, 2018","321.13","318.72","321.77","318.72","","+0.39%"
"Aug 29, 2018","319.89","319.01","320.97","318.39","","+0.10%"
"Aug 28, 2018","319.57","318.99","320.76","318.04","","-0.04%"
"Aug 27, 2018","319.70","320.20","320.92","318.98","","-0.33%"
"Aug 24, 2018","320.77","322.64","323.45","320.72","","-0.25%"
"Aug 23, 2018","321.59","322.24","324.08","321.59","","+0.25%"
"Aug 22, 2018","320.79","319.62","321.35","318.80","","+0.02%"
"Aug 21, 2018","320.71","321.06","321.44","318.55","","+0.30%"
"Aug 20, 2018","319.74","319.28","320.96","318.92","","-0.51%"
"Aug 17, 2018","321.38","318.22","322.19","318.22","","+0.90%"
"Aug 16, 2018","318.50","320.68","320.81","317.83","","-0.43%"
"Aug 15, 2018","319.86","322.86","323.15","319.61","","-1.18%"
"Aug 14, 2018","323.68","320.56","323.92","320.19","","+1.92%"
"Aug 13, 2018","317.57","322.61","322.61","317.25","","-1.85%"
"Aug 10, 2018","323.55","326.72","326.72","323.07","","-0.68%"
"Aug 09, 2018","325.75","326.23","326.71","325.01","","+0.44%"
"Aug 08, 2018","324.32","322.99","326.63","322.99","","+0.48%"
"Aug 07, 2018","322.77","320.47","323.26","320.01","","+0.18%"
"Aug 06, 2018","322.20","324.80","324.93","322.20","","-0.58%"
"Aug 03, 2018","324.07","326.50","327.17","324.07","","-1.21%"
"Aug 02, 2018","328.04","329.52","331.74","327.24","","-0.88%"
"Aug 01, 2018","330.94","330.80","337.54","330.17","","-1.65%"
"Jul 31, 2018","336.50","341.74","342.19","336.40","","-2.12%"
"Jul 30, 2018","343.78","342.23","345.42","342.10","","-0.59%"
"Jul 27, 2018","345.83","345.24","346.90","344.88","","+0.95%"
"Jul 26, 2018","342.56","344.03","344.64","341.60","","+1.04%"
"Jul 25, 2018","339.02","340.93","343.28","338.57","","+0.25%"
"Jul 24, 2018","338.18","341.07","341.42","338.05","","-0.47%"
"Jul 23, 2018","339.78","336.13","340.50","336.13","","+0.18%"
"Jul 20, 2018","339.18","338.66","340.79","337.72","","+0.67%"
"Jul 19, 2018","336.93","338.06","339.83","336.93","","+0.71%"
"Jul 18, 2018","334.55","331.67","336.05","331.01","","+1.30%"
"Jul 17, 2018","330.26","329.44","331.56","327.27","","+1.69%"
"Jul 13, 2018","324.76","321.27","325.61","321.27","","+0.84%"
"Jul 12, 2018","322.06","322.35","323.94","321.68","","+0.22%"
"Jul 11, 2018","321.36","323.18","324.10","320.37","","-0.73%"
"Jul 10, 2018","323.71","321.88","324.95","320.61","","+0.64%"
"Jul 09, 2018","321.65","322.11","323.66","321.57","","+0.14%"
"Jul 06, 2018","321.21","322.95","323.67","320.50","","-0.27%"
"Jul 05, 2018","322.08","325.17","325.21","321.60","","-0.87%"
"Jul 04, 2018","324.92","322.32","325.62","321.88","","+0.56%"
"Jul 03, 2018","323.12","321.71","323.84","321.09","","+0.92%"
"Jul 02, 2018","320.16","326.24","326.44","320.03","","-2.24%"
"Jun 29, 2018","327.51","331.36","331.36","326.28","","+0.04%"
"Jun 28, 2018","327.38","330.56","330.56","326.74","","-1.64%"
"Jun 27, 2018","332.84","334.90","335.30","332.55","","-1.42%"
"Jun 26, 2018","337.63","334.60","337.91","331.75","","+0.57%"
"Jun 25, 2018","335.72","340.03","340.03","335.43","","-1.24%"
"Jun 22, 2018","339.94","341.68","342.52","339.53","","-0.81%"
"Jun 21, 2018","342.70","344.46","345.45","342.68","","-0.78%"
"Jun 20, 2018","345.38","345.01","346.03","343.47","","+0.20%"
"Jun 19, 2018","344.69","349.41","349.55","344.69","","-2.83%"
"Jun 18, 2018","354.72","358.11","358.31","352.90","","-0.94%"
"Jun 15, 2018","358.07","358.49","359.22","356.56","","-0.44%"
"Jun 14, 2018","359.66","360.77","362.22","359.46","","-0.53%"
"Jun 13, 2018","361.56","358.06","361.76","358.06","","+1.17%"
"Jun 12, 2018","357.38","358.30","358.61","355.00","","+0.26%"
"Jun 11, 2018","356.45","355.18","357.18","353.19","","+0.48%"
"Jun 08, 2018","354.74","356.26","358.27","354.74","","-1.02%"
"Jun 07, 2018","358.38","355.10","358.42","355.10","","+1.31%"
"Jun 06, 2018","353.73","349.78","353.77","348.97","","+0.75%"
"Jun 05, 2018","351.08","354.93","355.33","350.67","","-0.88%"
"Jun 04, 2018","354.19","352.50","355.10","352.24","","+0.46%"
"Jun 01, 2018","352.56","351.22","355.41","350.39","","+0.10%"
"May 31, 2018","352.20","355.35","356.17","351.87","","-1.32%"
"May 30, 2018","356.92","354.80","357.12","354.15","","-0.94%"
"May 29, 2018","360.31","360.04","362.60","358.01","","-0.26%"
"May 28, 2018","361.25","358.37","362.71","358.37","","+1.94%"
"May 25, 2018","354.37","349.20","354.62","348.49","","+2.61%"
"May 24, 2018","345.37","346.45","347.73","344.76","","-0.48%"
"May 23, 2018","347.03","343.62","347.19","343.21","","+1.28%"
"May 22, 2018","342.66","341.49","343.35","340.13","","-0.01%"
"May 21, 2018","342.68","341.49","343.46","340.71","","+0.57%"
"May 18, 2018","340.75","339.76","341.12","338.74","","+0.42%"
"May 17, 2018","339.33","341.30","341.75","337.52","","-0.27%"
"May 16, 2018","340.25","338.53","340.54","337.80","","+0.35%"
"May 15, 2018","339.06","340.07","340.24","338.69","","+0.27%"
"May 14, 2018","338.15","336.45","338.54","336.09","","+0.91%"
"May 11, 2018","335.11","331.95","335.15","331.92","","+0.91%"
"May 10, 2018","332.10","334.39","335.63","330.79","","-2.08%"
"May 09, 2018","339.16","342.71","343.30","338.58","","-0.93%"
"May 08, 2018","342.36","342.69","342.90","340.33","","+0.42%"
"May 07, 2018","340.94","340.81","341.85","339.32","","-0.55%"
"May 02, 2018","342.83","348.00","348.27","342.78","","-1.49%"
"May 01, 2018","348.03","349.92","350.65","346.26","","-1.72%"
"Apr 27, 2018","354.12","353.23","354.29","350.02","","+0.42%"
"Apr 26, 2018","352.64","353.60","353.77","351.79","","+0.11%"
"Apr 25, 2018","352.27","353.06","353.63","351.52","","-0.33%"
"Apr 24, 2018","353.44","348.09","353.44","347.93","","+1.92%"
"Apr 23, 2018","346.79","346.52","347.58","345.16","","+0.24%"
"Apr 20, 2018","345.97","343.55","346.24","343.51","","+0.91%"
"Apr 19, 2018","342.86","345.78","346.27","342.32","","-0.74%"
"Apr 18, 2018","345.40","345.47","347.19","344.25","","+0.01%"
"Apr 17, 2018","345.35","345.03","346.20","343.95","","+0.13%"
"Apr 16, 2018","344.90","343.01","345.40","343.01","","+0.34%"
"Apr 13, 2018","343.74","345.09","345.85","343.27","","+0.20%"
"Apr 12, 2018","343.06","345.19","345.93","342.36","","-0.98%"
"Apr 11, 2018","346.46","346.74","348.31","346.11","","-0.91%"
"Apr 10, 2018","349.65","346.99","352.63","346.99","","-0.05%"
"Apr 09, 2018","349.81","346.93","350.70","346.93","","+0.75%"
"Apr 06, 2018","347.21","350.28","351.13","347.21","","-1.51%"
"Apr 05, 2018","352.55","350.68","354.21","350.59","","+0.90%"
"Apr 04, 2018","349.42","346.62","350.29","344.82","","+0.57%"
"Apr 03, 2018","347.43","342.71","348.34","341.71","","+0.56%"
"Apr 02, 2018","345.51","344.47","347.47","344.43","","+0.53%"
"Mar 30, 2018","343.68","342.89","344.28","341.06","","+0.35%"
"Mar 29, 2018","342.48","343.76","346.04","340.20","","+0.06%"
"Mar 28, 2018","342.27","335.86","342.36","333.88","","+0.09%"
"Mar 27, 2018","341.97","337.48","343.67","337.48","","+1.28%"
"Mar 26, 2018","337.66","335.38","337.66","333.84","","-0.36%"
"Mar 23, 2018","338.87","339.19","342.61","338.29","","-1.88%"
"Mar 22, 2018","345.35","345.13","348.04","342.28","","-1.69%"
"Mar 20, 2018","351.27","347.79","352.20","346.31","","+0.74%"
"Mar 19, 2018","348.69","349.21","350.92","347.53","","-0.11%"
"Mar 16, 2018","349.09","348.79","350.27","347.99","","-0.12%"
"Mar 15, 2018","349.52","347.53","350.09","346.80","","+0.31%"
"Mar 14, 2018","348.45","348.86","349.20","347.39","","-0.30%"
"Mar 13, 2018","349.49","346.96","350.66","346.35","","+0.84%"
"Mar 12, 2018","346.59","346.44","347.99","345.89","","+0.92%"
"Mar 09, 2018","343.44","345.94","347.68","342.08","","-0.18%"
"Mar 08, 2018","344.07","345.60","345.60","341.93","","+0.51%"
"Mar 07, 2018","342.33","344.97","347.19","342.10","","-0.04%"
"Mar 06, 2018","342.48","347.44","347.94","341.95","","-0.59%"
"Mar 05, 2018","344.52","343.34","345.76","343.02","","-0.20%"
"Mar 02, 2018","345.22","347.51","348.32","344.40","","-1.70%"
"Mar 01, 2018","351.19","346.59","352.31","346.11","","+2.14%"
"Feb 28, 2018","343.82","345.10","347.02","343.74","","+0.15%"
"Feb 27, 2018","343.31","345.95","346.42","342.54","","+0.37%"
"Feb 26, 2018","342.05","342.44","344.08","341.91","","+0.54%"
"Feb 23, 2018","340.20","336.93","340.54","336.71","","+1.07%"
"Feb 22, 2018","336.60","339.44","340.52","336.23","","-1.81%"
"Feb 21, 2018","342.81","341.17","343.40","339.29","","+0.50%"
"Feb 20, 2018","341.12","342.64","342.64","339.17","","-0.72%"
"Feb 19, 2018","343.58","341.00","343.86","339.45","","+1.87%"
"Feb 16, 2018","337.28","333.95","338.23","332.81","","+1.38%"
"Feb 15, 2018","332.70","334.34","334.34","331.85","","+0.12%"
"Feb 14, 2018","332.31","330.29","334.31","329.90","","+1.08%"
"Feb 13, 2018","328.77","338.16","338.16","328.40","","-2.24%"
"Feb 09, 2018","336.29","333.75","336.29","331.45","","-0.94%"
"Feb 08, 2018","339.48","337.62","340.68","337.46","","+1.17%"
"Feb 07, 2018","335.55","341.79","346.23","335.55","","-0.29%"
"Feb 06, 2018","336.54","340.12","340.12","331.34","","-2.69%"
"Feb 05, 2018","345.84","345.22","348.83","344.37","","-0.50%"
"Feb 02, 2018","347.57","353.59","353.71","345.72","","-2.61%"
"Feb 01, 2018","356.88","354.98","357.00","351.76","","+1.82%"
"Jan 31, 2018","350.51","354.57","355.53","350.51","","-1.23%"
"Jan 30, 2018","354.87","359.03","359.73","353.59","","-1.22%"
"Jan 29, 2018","359.27","360.94","362.90","359.03","","-0.14%"
"Jan 26, 2018","359.78","360.70","362.17","359.17","","-0.38%"
"Jan 25, 2018","361.15","361.36","362.48","358.20","","-1.79%"
"Jan 24, 2018","367.72","370.41","370.82","366.94","","-0.64%"
"Jan 23, 2018","370.08","370.15","370.25","368.41","","+0.04%"
"Jan 22, 2018","369.92","368.45","369.92","366.67","","+0.19%"
"Jan 19, 2018","369.21","367.88","370.18","366.85","","+1.25%"
"Jan 18, 2018","364.66","368.85","370.02","363.79","","-0.46%"
"Jan 17, 2018","366.34","364.85","366.75","363.17","","-0.15%"
"Jan 16, 2018","366.88","368.04","369.40","366.22","","-0.73%"
"Jan 15, 2018","369.59","375.67","375.67","369.19","","-1.29%"
"Jan 12, 2018","374.43","375.94","376.41","373.66","","-0.32%"
"Jan 11, 2018","375.62","376.54","377.03","373.90","","+0.07%"
"Jan 10, 2018","375.36","375.34","376.07","374.14","","-0.84%"
"Jan 09, 2018","378.54","378.46","379.69","376.51","","+0.83%"
"Jan 05, 2018","375.42","376.90","379.76","375.29","","-0.16%"
"Jan 04, 2018","376.01","374.28","376.01","372.93","","+0.70%"
"Dec 29, 2017","373.41","373.95","374.22","372.59","","-0.38%"
"Dec 28, 2017","374.85","375.18","376.35","373.82","","-0.10%"
"Dec 27, 2017","375.23","374.24","375.42","374.07","","+0.16%"
"Dec 26, 2017","374.62","375.61","376.78","374.26","","-0.13%"
"Dec 25, 2017","375.11","374.50","375.75","373.50","","+0.34%"
"Dec 22, 2017","373.85","375.68","376.51","373.52","","-0.31%"
"Dec 21, 2017","375.01","374.98","375.99","374.28","","-0.27%"
"Dec 20, 2017","376.02","371.57","376.03","371.53","","+1.47%"
"Dec 19, 2017","370.58","370.99","372.82","369.94","","+0.06%"
"Dec 18, 2017","370.36","367.23","370.36","366.20","","+1.24%"
"Dec 15, 2017","365.82","364.86","367.37","362.68","","+0.41%"
"Dec 14, 2017","364.32","363.71","366.89","363.11","","-0.77%"
"Dec 13, 2017","367.15","367.58","369.16","364.59","","-0.24%"
"Dec 12, 2017","368.02","367.34","368.69","366.39","","+0.08%"
"Dec 11, 2017","367.73","365.71","367.77","364.01","","+0.75%"
"Dec 08, 2017","365.00","356.39","365.73","356.39","","+1.62%"
"Dec 07, 2017","359.17","355.15","359.22","355.15","","+1.25%"
"Dec 06, 2017","354.75","354.46","358.87","353.94","","-0.30%"
"Dec 05, 2017","355.80","351.67","356.92","351.67","","+1.09%"
"Dec 04, 2017","351.97","353.65","355.93","351.81","","-1.07%"
"Dec 01, 2017","355.78","354.64","357.46","353.21","","+0.99%"
"Nov 30, 2017","352.29","349.81","352.76","348.92","","+0.81%"
"Nov 29, 2017","349.45","345.75","350.18","344.97","","+1.20%"
"Nov 28, 2017","345.32","343.78","345.66","343.05","","+0.71%"
"Nov 27, 2017","342.88","345.27","346.86","341.98","","+0.01%"
"Nov 24, 2017","342.85","342.02","343.02","340.81","","-0.46%"
"Nov 22, 2017","344.43","346.89","347.13","344.23","","+0.04%"
"Nov 21, 2017","344.28","346.49","347.34","344.08","","+0.42%"
"Nov 20, 2017","342.85","340.84","343.30","340.21","","+0.02%"
"Nov 17, 2017","342.79","343.55","344.77","341.04","","+0.60%"
"Nov 16, 2017","340.75","338.36","342.34","338.36","","+1.05%"
"Nov 15, 2017","337.20","337.29","339.12","335.74","","-0.37%"
"Nov 14, 2017","338.46","340.14","340.94","338.25","","-1.00%"
"Nov 13, 2017","341.88","342.48","343.68","341.10","","-0.49%"
"Nov 10, 2017","343.56","344.09","346.11","342.60","","-1.66%"
"Nov 09, 2017","349.36","351.20","354.94","345.80","","-0.47%"
"Nov 08, 2017","351.02","349.46","351.35","348.66","","+0.39%"
"Nov 07, 2017","349.64","346.76","349.78","345.92","","+0.79%"
"Nov 06, 2017","346.91","346.98","348.66","345.18","","+0.25%"
"Nov 02, 2017","346.03","347.64","349.09","343.52","","-0.24%"
"Nov 01, 2017","346.87","338.86","346.99","338.18","","+2.95%"
"Oct 31, 2017","336.93","336.84","337.93","335.59","","+0.44%"
"Oct 30, 2017","335.45","334.42","336.33","334.17","","+0.39%"
"Oct 27, 2017","334.16","334.51","335.22","332.60","","-0.38%"
"Oct 26, 2017","335.43","335.31","336.15","334.43","","-0.42%"
"Oct 25, 2017","336.84","337.49","338.22","335.72","","-0.16%"
"Oct 24, 2017","337.39","336.82","337.81","335.97","","+0.18%"
"Oct 23, 2017","336.79","338.09","338.13","336.42","","-0.20%"
"Oct 20, 2017","337.45","335.31","337.65","332.69","","-0.56%"
"Oct 19, 2017","339.35","339.56","340.47","338.07","","+0.11%"
"Oct 18, 2017","338.99","339.35","339.35","337.84","","-0.04%"
"Oct 17, 2017","339.11","338.63","339.11","336.76","","+0.25%"
"Oct 16, 2017","338.27","339.67","340.53","337.83","","-0.30%"
"Oct 13, 2017","339.28","332.22","340.93","332.22","","+2.38%"
"Oct 12, 2017","331.39","331.08","332.03","330.84","","+0.15%"
"Oct 11, 2017","330.88","329.34","331.12","329.22","","+0.70%"
"Oct 10, 2017","328.59","326.30","328.59","326.10","","+0.43%"
"Oct 06, 2017","327.18","328.70","328.94","326.12","","-0.27%"
"Oct 05, 2017","328.05","329.62","329.62","327.56","","-0.56%"
"Oct 04, 2017","329.90","330.00","331.41","329.29","","+0.11%"
"Oct 03, 2017","329.53","329.54","330.28","327.55","","+0.52%"
"Oct 02, 2017","327.81","330.28","331.08","326.79","","-0.91%"
"Sep 29, 2017","330.83","331.10","331.10","328.49","","+0.39%"
"Sep 28, 2017","329.56","327.75","329.77","327.22","","+0.50%"
"Sep 27, 2017","327.92","328.00","328.78","325.55","","-0.71%"
"Sep 26, 2017","330.25","329.96","330.60","328.63","","+0.87%"
"Sep 25, 2017","327.41","324.98","327.68","324.85","","+0.83%"
"Sep 22, 2017","324.73","325.62","326.72","324.55","","+0.15%"
"Sep 21, 2017","324.24","325.67","327.28","324.24","","-0.57%"
"Sep 20, 2017","326.11","326.82","328.09","324.56","","-0.39%"
"Sep 19, 2017","327.39","326.77","327.72","325.43","","+0.31%"
"Sep 15, 2017","326.39","326.48","327.18","323.98","","+0.12%"
"Sep 14, 2017","326.00","328.73","329.44","325.59","","-0.95%"
"Sep 13, 2017","329.13","331.73","332.14","329.00","","-0.45%"
"Sep 12, 2017","330.61","328.81","330.82","327.92","","+1.06%"
"Sep 11, 2017","327.14","326.75","329.13","326.16","","+1.28%"
"Sep 08, 2017","323.01","321.46","323.58","320.84","","+0.35%"
"Sep 07, 2017","321.88","322.28","323.98","321.39","","+0.33%"
"Sep 06, 2017","320.83","320.56","322.65","318.65","","-1.42%"
"Sep 05, 2017","325.45","328.60","328.86","324.97","","-1.37%"
"Sep 04, 2017","329.97","327.37","330.62","326.80","","+1.06%"
"Sep 01, 2017","326.51","324.69","328.36","324.53","","+1.39%"
"Aug 31, 2017","322.03","321.84","323.59","321.27","","+0.13%"
"Aug 30, 2017","321.60","319.27","322.84","319.27","","+0.40%"
"Aug 29, 2017","320.32","316.08","320.44","316.08","","+0.05%"
"Aug 28, 2017","320.17","319.68","321.57","319.33","","+0.01%"
"Aug 25, 2017","320.13","320.58","321.51","319.55","","+0.42%"
"Aug 24, 2017","318.79","319.47","320.89","318.71","","-0.93%"
"Aug 23, 2017","321.79","324.65","324.70","321.58","","-0.18%"
"Aug 22, 2017","322.38","321.73","322.64","321.21","","-0.02%"
"Aug 21, 2017","322.43","322.02","323.99","321.53","","+0.36%"
"Aug 18, 2017","321.28","318.52","322.16","318.35","","-0.74%"
"Aug 17, 2017","323.66","322.22","325.88","321.56","","+0.30%"
"Aug 16, 2017","322.69","323.53","323.53","322.11","","+0.93%"
"Aug 15, 2017","319.71","319.77","322.57","319.48","","+0.52%"
"Aug 14, 2017","318.07","318.16","320.33","317.62","","-0.39%"
"Aug 10, 2017","319.31","320.08","320.59","316.86","","-0.26%"
"Aug 09, 2017","320.13","321.59","323.17","318.85","","-1.55%"
"Aug 08, 2017","325.17","323.45","325.17","322.29","","+0.34%"
"Aug 07, 2017","324.06","322.59","324.09","321.92","","+0.51%"
"Aug 04, 2017","322.43","320.18","322.43","319.51","","+0.64%"
"Aug 03, 2017","320.38","314.32","320.38","314.32","","+3.20%"
"Aug 02, 2017","310.45","310.11","310.66","308.32","","+0.74%"
"Aug 01, 2017","308.18","304.52","308.18","304.31","","+2.24%"
"Jul 31, 2017","301.44","300.12","302.94","300.12","","-0.50%"
"Jul 28, 2017","302.94","304.02","305.15","299.79","","-1.33%"
"Jul 27, 2017","307.01","304.43","308.69","304.38","","+1.23%"
"Jul 26, 2017","303.29","304.26","305.01","302.51","","-0.57%"
"Jul 25, 2017","305.03","306.94","308.23","304.47","","-1.26%"
"Jul 24, 2017","308.91","309.11","309.31","306.56","","-0.48%"
"Jul 21, 2017","310.41","308.85","310.79","308.64","","-0.42%"
"Jul 20, 2017","311.72","308.27","311.97","307.46","","+0.92%"
"Jul 19, 2017","308.87","309.34","314.37","306.24","","-0.38%"
"Jul 18, 2017","310.04","308.74","310.21","306.31","","+0.05%"
"Jul 14, 2017","309.88","310.08","311.64","309.85","","+0.24%"
"Jul 13, 2017","309.15","305.98","309.43","305.98","","+2.12%"
"Jul 12, 2017","302.72","303.84","304.52","302.72","","-0.89%"
"Jul 11, 2017","305.45","301.68","305.94","301.39","","+1.24%"
"Jul 10, 2017","301.71","302.53","304.19","301.58","","+0.93%"
"Jul 07, 2017","298.94","300.11","301.24","298.90","","-0.76%"
"Jul 06, 2017","301.23","302.88","302.91","300.06","","+0.15%"
"Jul 05, 2017","300.79","298.82","300.79","297.75","","+0.10%"
"Jul 04, 2017","300.48","302.84","303.65","299.00","","-1.06%"
"Jul 03, 2017","303.71","301.88","303.71","301.54","","+0.34%"
"Jun 30, 2017","302.69","300.83","303.23","300.83","","-0.17%"
"Jun 29, 2017","303.22","302.90","303.91","301.76","","+0.62%"
"Jun 28, 2017","301.35","298.60","302.61","298.55","","+0.59%"
"Jun 27, 2017","299.57","300.51","301.07","298.62","","-0.37%"
"Jun 26, 2017","300.67","301.55","302.75","300.67","","-0.72%"
"Jun 23, 2017","302.84","301.08","303.16","299.91","","-0.05%"
"Jun 22, 2017","302.98","303.74","303.81","301.53","","-0.06%"
"Jun 21, 2017","303.17","303.14","304.23","302.53","","+0.37%"
"Jun 20, 2017","302.04","303.05","304.05","302.04","","+0.10%"
"Jun 19, 2017","301.75","300.95","302.93","300.95","","+0.27%"
"Jun 16, 2017","300.95","298.82","301.24","298.70","","+0.61%"
"Jun 15, 2017","299.14","298.09","300.63","298.09","","+0.84%"
"Jun 14, 2017","296.64","293.76","297.46","292.85","","+1.31%"
"Jun 13, 2017","292.81","291.12","294.84","291.12","","+0.01%"
"Jun 12, 2017","292.78","288.92","292.95","288.92","","+0.22%"
"Jun 09, 2017","292.14","291.70","293.23","290.44","","+0.05%"
"Jun 08, 2017","291.98","292.88","294.63","291.86","","+0.71%"
"Jun 07, 2017","289.92","289.15","291.37","288.91","","-0.08%"
"Jun 06, 2017","290.16","287.50","291.48","287.44","","+0.87%"
"Jun 05, 2017","287.66","287.00","288.40","285.72","","+0.20%"
"Jun 02, 2017","287.09","284.35","287.85","284.12","","+0.98%"
"Jun 01, 2017","284.29","282.01","284.41","281.77","","+0.80%"
"May 31, 2017","282.03","283.00","283.19","280.79","","-0.65%"
"May 30, 2017","283.87","279.90","284.21","279.56","","+1.26%"
"May 29, 2017","280.34","280.22","281.90","279.52","","+0.30%"
"May 26, 2017","279.49","280.07","280.29","279.14","","-0.06%"
"May 25, 2017","279.65","278.81","280.38","278.80","","+0.52%"
"May 24, 2017","278.20","278.30","278.86","276.92","","+0.39%"
"May 23, 2017","277.13","279.54","279.74","276.50","","-1.73%"
"May 22, 2017","282.01","281.30","282.33","280.46","","+0.07%"
"May 19, 2017","281.81","281.27","282.09","279.93","","-0.19%"
"May 18, 2017","282.35","278.49","282.55","278.25","","-0.24%"
"May 17, 2017","283.03","282.34","283.37","282.05","","-0.44%"
"May 16, 2017","284.28","282.67","285.06","282.67","","+0.82%"
"May 15, 2017","281.97","281.53","282.77","280.91","","-0.18%"
"May 12, 2017","282.49","283.17","284.44","280.84","","-0.01%"
"May 11, 2017","282.53","279.52","282.98","279.52","","+0.74%"
"May 10, 2017","280.45","279.08","281.25","278.24","","-0.02%"
"May 09, 2017","280.52","280.94","281.63","279.31","","+0.86%"
"May 08, 2017","278.12","274.22","278.77","273.22","","+3.36%"
"May 02, 2017","269.07","267.79","269.33","266.91","","+0.25%"
"May 01, 2017","268.39","275.32","275.32","265.83","","-4.64%"
"Apr 28, 2017","281.46","279.14","282.27","279.14","","+0.62%"
"Apr 27, 2017","279.72","281.61","281.98","278.79","","-0.43%"
"Apr 26, 2017","280.93","281.38","281.38","278.59","","+0.46%"
"Apr 25, 2017","279.64","277.55","280.13","276.98","","+1.35%"
"Apr 24, 2017","275.91","276.39","277.62","274.93","","+0.78%"
"Apr 21, 2017","273.78","273.58","274.44","271.75","","+1.29%"
"Apr 20, 2017","270.29","270.19","270.94","269.30","","-0.04%"
"Apr 19, 2017","270.40","272.76","272.85","269.58","","-1.23%"
"Apr 18, 2017","273.78","275.74","275.74","272.88","","+0.36%"
"Apr 17, 2017","272.79","270.86","272.92","270.30","","+0.68%"
"Apr 14, 2017","270.95","270.93","272.19","269.86","","-0.16%"
"Apr 13, 2017","271.38","272.17","273.36","270.03","","-0.59%"
"Apr 12, 2017","273.00","272.63","273.24","271.24","","-0.29%"
"Apr 11, 2017","273.79","274.71","275.98","272.76","","-0.58%"
"Apr 10, 2017","275.38","275.52","278.38","273.62","","+0.59%"
"Apr 07, 2017","273.77","279.40","281.08","270.84","","-0.81%"
"Apr 06, 2017","276.00","279.44","280.54","275.22","","-1.17%"
"Apr 05, 2017","279.26","281.80","282.81","278.77","","-1.23%"
"Apr 04, 2017","282.73","283.78","284.16","281.32","","-0.58%"
"Apr 03, 2017","284.38","285.16","286.17","283.92","","+0.32%"
"Mar 31, 2017","283.48","287.66","287.87","283.48","","-1.06%"
"Mar 30, 2017","286.52","285.67","288.24","285.52","","-0.05%"
"Mar 29, 2017","286.66","287.44","287.86","285.43","","-2.60%"
"Mar 28, 2017","294.30","293.09","294.38","292.09","","+0.99%"
"Mar 27, 2017","291.42","291.85","292.56","289.12","","-0.65%"
"Mar 24, 2017","293.32","293.20","294.11","292.30","","+0.40%"
"Mar 23, 2017","292.14","290.69","292.39","290.43","","+0.11%"
"Mar 22, 2017","291.83","291.54","293.62","291.54","","-1.22%"
"Mar 21, 2017","295.43","294.54","295.43","293.80","","-0.29%"
"Mar 17, 2017","296.29","297.35","297.51","295.31","","-0.50%"
"Mar 16, 2017","297.79","297.68","298.21","296.39","","+0.02%"
"Mar 15, 2017","297.74","297.69","297.95","296.64","","-0.20%"
"Mar 14, 2017","298.35","298.37","299.10","297.67","","+0.14%"
"Mar 13, 2017","297.92","296.18","298.51","295.93","","+0.94%"
"Mar 10, 2017","295.16","291.97","296.97","291.77","","+2.61%"
"Mar 09, 2017","287.65","288.38","288.46","287.00","","+0.04%"
"Mar 08, 2017","287.53","289.36","289.60","286.12","","-0.76%"
"Mar 07, 2017","289.73","289.71","290.23","288.80","","-0.18%"
"Mar 06, 2017","290.24","292.04","292.29","289.87","","-0.41%"
"Mar 03, 2017","291.43","291.23","292.51","290.54","","+0.03%"
"Mar 02, 2017","291.34","293.33","293.61","290.98","","+0.50%"
"Mar 01, 2017","289.90","287.91","290.92","287.35","","+0.76%"
"Feb 28, 2017","287.72","288.54","291.04","287.67","","+0.15%"
"Feb 27, 2017","287.30","289.15","289.69","286.49","","-0.88%"
"Feb 24, 2017","289.85","289.41","291.41","288.67","","+0.18%"
"Feb 23, 2017","289.33","287.13","290.89","286.97","","+1.34%"
"Feb 22, 2017","285.50","285.81","285.81","284.11","","+0.14%"
"Feb 21, 2017","285.11","283.25","285.56","283.04","","+0.44%"
"Feb 20, 2017","283.85","282.49","284.96","282.29","","+0.85%"
"Feb 17, 2017","281.46","283.46","283.87","280.78","","+0.33%"
"Feb 16, 2017","280.53","282.70","284.11","272.29","","-0.56%"
"Feb 15, 2017","282.10","282.48","283.65","281.85","","+0.08%"
"Feb 14, 2017","281.88","284.45","284.57","281.81","","-0.03%"
"Feb 13, 2017","281.96","281.99","283.47","280.48","","+0.64%"
"Feb 10, 2017","280.17","279.24","281.66","278.75","","+1.12%"
"Feb 09, 2017","277.08","278.68","278.97","275.01","","-1.51%"
"Feb 08, 2017","281.34","281.41","282.71","279.68","","+0.26%"
"Feb 07, 2017","280.61","279.38","281.81","279.38","","+0.72%"
"Feb 06, 2017","278.61","279.61","279.61","277.83","","+0.22%"
"Feb 03, 2017","278.01","283.49","283.66","277.87","","-2.63%"
"Feb 02, 2017","285.52","289.69","289.69","285.19","","-0.94%"
"Feb 01, 2017","288.23","284.11","288.31","284.09","","+1.17%"
"Jan 31, 2017","284.90","284.51","286.73","283.77","","-1.34%"
"Jan 30, 2017","288.76","292.18","292.26","287.91","","-0.37%"
"Jan 27, 2017","289.83","286.53","290.47","286.28","","+1.94%"
"Jan 26, 2017","284.31","285.31","285.88","283.76","","+0.45%"
"Jan 25, 2017","283.05","285.14","285.91","282.72","","+0.79%"
"Jan 24, 2017","280.83","280.60","281.05","278.78","","-0.34%"
"Jan 23, 2017","281.80","281.37","283.19","280.53","","-0.81%"
"Jan 20, 2017","284.09","282.99","285.14","281.60","","+0.19%"
"Jan 19, 2017","283.55","284.14","286.13","282.84","","+1.29%"
"Jan 18, 2017","279.95","278.79","279.99","276.20","","+0.11%"
"Jan 17, 2017","279.65","279.97","282.06","278.66","","-0.68%"
"Jan 16, 2017","281.56","283.09","283.09","280.41","","+0.38%"
"Jan 13, 2017","280.50","279.07","280.58","278.46","","+0.81%"
"Jan 12, 2017","278.25","280.92","280.92","277.39","","-0.44%"
"Jan 11, 2017","279.49","277.55","280.45","277.39","","+0.83%"
"Jan 10, 2017","277.19","277.21","278.56","276.30","","+0.35%"
"Jan 06, 2017","276.22","274.57","276.68","274.20","","+0.07%"
"Jan 05, 2017","276.04","275.57","276.92","274.85","","+1.03%"
"Jan 04, 2017","273.23","270.42","273.97","270.34","","+1.67%"
"Dec 30, 2016","268.73","268.11","269.14","266.51","","+0.09%"
"Dec 29, 2016","268.49","270.95","271.66","267.54","","-1.47%"
"Dec 28, 2016","272.49","271.49","273.87","271.49","","-0.33%"
"Dec 27, 2016","273.40","273.30","274.73","272.87","","-0.69%"
"Dec 26, 2016","275.30","275.29","276.42","274.92","","-0.13%"
"Dec 22, 2016","275.65","274.93","275.65","274.02","","-0.16%"
"Dec 21, 2016","276.10","277.87","278.85","276.02","","-0.59%"
"Dec 20, 2016","277.74","275.66","278.06","275.13","","+0.66%"
"Dec 19, 2016","275.91","276.44","276.64","274.14","","-0.20%"
"Dec 16, 2016","276.46","275.41","276.86","274.70","","+1.43%"
"Dec 15, 2016","272.55","271.63","274.67","271.50","","-0.21%"
"Dec 14, 2016","273.13","274.05","274.42","272.38","","-0.04%"
"Dec 13, 2016","273.23","271.31","273.77","269.96","","+0.29%"
"Dec 12, 2016","272.43","272.17","276.50","270.30","","+0.97%"
"Dec 09, 2016","269.81","267.77","270.29","265.95","","+0.86%"
"Dec 08, 2016","267.51","264.49","267.51","263.15","","+2.36%"
"Dec 07, 2016","261.34","260.26","261.96","259.15","","+0.91%"
"Dec 06, 2016","258.98","260.84","260.84","258.21","","-0.02%"
"Dec 05, 2016","259.02","261.02","261.88","257.93","","-1.39%"
"Dec 02, 2016","262.67","260.70","264.18","260.70","","+0.31%"
"Dec 01, 2016","261.85","269.02","269.02","261.57","","-2.48%"
"Nov 30, 2016","268.50","268.17","270.19","267.67","","+0.23%"
"Nov 29, 2016","267.89","266.09","267.93","266.09","","+0.35%"
"Nov 28, 2016","266.95","265.89","267.25","264.96","","-0.19%"
"Nov 25, 2016","267.45","266.98","267.99","266.18","","-0.32%"
"Nov 24, 2016","268.31","267.20","268.35","266.50","","+0.72%"
"Nov 22, 2016","266.40","264.93","266.49","264.69","","0.00%"
"Nov 21, 2016","266.40","264.47","267.74","263.37","","+0.94%"
"Nov 18, 2016","263.93","261.23","264.09","260.75","","+1.38%"
"Nov 17, 2016","260.35","257.70","261.99","257.70","","+1.87%"
"Nov 16, 2016","255.56","254.30","257.49","253.69","","+1.88%"
"Nov 15, 2016","250.84","253.07","253.11","250.47","","-0.97%"
"Nov 14, 2016","253.30","253.18","254.13","252.19","","+1.01%"
"Nov 11, 2016","250.77","253.18","257.61","249.91","","+0.02%"
"Nov 10, 2016","250.72","250.34","253.18","248.93","","+2.67%"
"Nov 09, 2016","244.19","251.16","253.54","239.48","","-2.18%"
"Nov 08, 2016","249.64","249.70","251.01","248.42","","+0.28%"
"Nov 07, 2016","248.94","249.97","252.22","248.68","","+0.82%"
"Nov 04, 2016","246.92","248.06","249.45","245.90","","-1.22%"
"Nov 02, 2016","249.98","249.30","250.39","247.96","","-0.79%"
"Nov 01, 2016","251.97","249.66","251.97","247.80","","+1.71%"
"Oct 31, 2016","247.74","243.73","247.74","243.31","","+0.97%"
"Oct 28, 2016","245.35","242.76","245.60","242.28","","+1.63%"
"Oct 27, 2016","241.41","240.39","243.15","240.39","","-0.69%"
"Oct 26, 2016","243.08","241.96","243.70","241.28","","+0.39%"
"Oct 25, 2016","242.13","240.15","243.12","240.12","","+0.40%"
"Oct 24, 2016","241.16","240.82","241.24","238.28","","+0.19%"
"Oct 21, 2016","240.70","238.44","241.28","237.43","","+1.66%"
"Oct 20, 2016","236.76","233.61","237.42","233.16","","+1.11%"
"Oct 19, 2016","234.16","233.92","234.74","233.11","","+0.05%"
"Oct 18, 2016","234.04","233.07","234.18","231.77","","+0.37%"
"Oct 17, 2016","233.17","232.21","233.47","231.70","","+0.74%"
"Oct 14, 2016","231.45","231.11","232.11","230.39","","-0.12%"
"Oct 13, 2016","231.73","232.34","234.17","230.93","","+0.02%"
"Oct 12, 2016","231.69","232.01","233.25","231.69","","-0.96%"
"Oct 11, 2016","233.94","236.25","237.10","233.23","","-1.34%"
"Oct 07, 2016","237.11","236.29","237.11","235.21","","+0.11%"
"Oct 06, 2016","236.85","235.35","237.26","234.22","","+0.94%"
"Oct 05, 2016","234.64","233.07","235.40","233.07","","+0.51%"
"Oct 04, 2016","233.46","234.60","234.71","232.76","","-0.32%"
"Oct 03, 2016","234.22","233.40","236.22","233.00","","+0.42%"
"Sep 30, 2016","233.23","233.75","234.31","232.81","","-1.53%"
"Sep 29, 2016","236.85","237.84","238.33","236.85","","-1.18%"
"Sep 28, 2016","239.69","240.19","241.03","236.69","","-1.30%"
"Sep 27, 2016","242.85","237.04","242.85","237.04","","+1.45%"
"Sep 26, 2016","239.37","243.34","243.99","238.92","","-2.04%"
"Sep 23, 2016","244.36","242.87","244.56","241.98","","-0.60%"
"Sep 21, 2016","245.84","241.53","245.84","240.43","","+1.99%"
"Sep 20, 2016","241.05","242.78","243.32","240.44","","+0.05%"
"Sep 16, 2016","240.92","240.20","241.33","239.29","","+1.10%"
"Sep 15, 2016","238.31","239.70","239.87","236.63","","-1.05%"
"Sep 14, 2016","240.85","240.67","242.63","240.41","","-0.48%"
"Sep 13, 2016","242.02","247.35","247.35","241.82","","-0.78%"
"Sep 12, 2016","243.92","241.92","244.71","241.55","","-0.46%"
"Sep 09, 2016","245.05","241.90","245.41","241.90","","+1.35%"
"Sep 08, 2016","241.78","240.83","243.42","240.60","","-0.72%"
"Sep 07, 2016","243.53","244.41","245.79","242.46","","-0.89%"
"Sep 06, 2016","245.71","244.76","246.16","244.32","","+0.38%"
"Sep 05, 2016","244.79","246.19","247.29","244.79","","+0.10%"
"Sep 02, 2016","244.55","242.90","244.71","242.61","","+0.60%"
"Sep 01, 2016","243.08","245.14","245.43","243.01","","-0.40%"
"Aug 31, 2016","244.06","240.62","244.30","239.52","","+2.83%"
"Aug 30, 2016","237.34","238.55","239.94","237.34","","-0.69%"
"Aug 29, 2016","238.99","242.18","242.55","237.33","","+0.22%"
"Aug 26, 2016","238.47","241.83","241.90","238.31","","-2.11%"
"Aug 25, 2016","243.62","241.74","243.79","241.16","","+1.95%"
"Aug 24, 2016","238.95","239.16","239.16","236.00","","+1.23%"
"Aug 23, 2016","236.05","231.96","236.64","231.96","","+1.32%"
"Aug 22, 2016","232.98","229.62","233.02","229.62","","+0.67%"
"Aug 19, 2016","231.44","233.23","233.25","230.01","","-1.27%"
"Aug 18, 2016","234.42","235.22","236.20","233.31","","-1.43%"
"Aug 17, 2016","237.81","239.54","239.91","237.00","","-0.74%"
"Aug 16, 2016","239.59","241.71","242.42","239.41","","-0.61%"
"Aug 15, 2016","241.06","243.38","243.38","240.65","","-1.19%"
"Aug 12, 2016","243.97","245.39","245.39","240.76","","-0.18%"
"Aug 10, 2016","244.40","243.08","245.80","239.67","","+1.49%"
"Aug 09, 2016","240.81","244.73","246.25","239.61","","-0.75%"
"Aug 08, 2016","242.63","238.47","242.63","236.68","","+3.14%"
"Aug 05, 2016","235.25","236.40","237.47","234.82","","-0.53%"
"Aug 04, 2016","236.51","237.18","241.07","234.07","","+1.55%"
"Aug 03, 2016","232.90","237.07","237.79","232.72","","-2.60%"
"Aug 02, 2016","239.12","242.56","242.56","239.11","","-2.28%"
"Aug 01, 2016","244.70","246.76","246.76","243.14","","-2.66%"
"Jul 29, 2016","251.38","248.68","251.92","246.82","","+1.25%"
"Jul 28, 2016","248.27","253.01","253.65","246.01","","-3.12%"
"Jul 27, 2016","256.27","257.47","259.31","255.69","","+0.72%"
"Jul 26, 2016","254.44","253.71","255.34","251.17","","+0.09%"
"Jul 25, 2016","254.20","255.59","258.02","253.50","","-0.64%"
"Jul 22, 2016","255.83","257.83","259.41","254.40","","-2.50%"
"Jul 21, 2016","262.40","264.63","265.35","261.26","","+0.15%"
"Jul 20, 2016","262.01","264.46","264.71","260.89","","-0.76%"
"Jul 19, 2016","264.01","265.15","265.23","261.04","","+0.48%"
"Jul 15, 2016","262.75","262.63","263.34","261.66","","+0.63%"
"Jul 14, 2016","261.11","262.34","263.47","260.43","","+0.50%"
"Jul 13, 2016","259.81","257.99","263.05","257.35","","+2.81%"
"Jul 12, 2016","252.72","248.77","255.18","248.29","","+3.84%"
"Jul 11, 2016","243.37","241.13","244.88","241.10","","+2.68%"
"Jul 08, 2016","237.01","240.25","241.64","237.01","","-1.20%"
"Jul 07, 2016","239.88","240.27","240.93","237.79","","-0.62%"
"Jul 06, 2016","241.38","244.94","245.46","240.50","","-2.97%"
"Jul 05, 2016","248.76","249.67","250.52","246.06","","+0.33%"
"Jul 04, 2016","247.95","244.69","248.78","243.92","","-0.20%"
"Jul 01, 2016","248.44","253.98","253.98","248.03","","-2.21%"
"Jun 30, 2016","254.05","260.33","260.49","253.73","","-0.84%"
"Jun 29, 2016","256.21","254.89","256.99","252.41","","+1.94%"
"Jun 28, 2016","251.34","247.77","253.26","246.08","","-0.50%"
"Jun 27, 2016","252.60","245.85","253.08","245.77","","+3.08%"
"Jun 24, 2016","245.06","263.89","264.09","237.45","","-6.64%"
"Jun 23, 2016","262.50","262.30","262.88","261.02","","+0.64%"
"Jun 22, 2016","260.82","262.02","262.51","259.05","","-0.66%"
"Jun 21, 2016","262.55","258.88","263.12","257.80","","+0.92%"
"Jun 20, 2016","260.15","259.79","261.13","258.37","","+1.41%"
"Jun 17, 2016","256.53","257.16","262.08","256.25","","+0.83%"
"Jun 16, 2016","254.41","258.84","260.42","254.00","","-2.43%"
"Jun 15, 2016","260.74","258.69","262.13","257.05","","-0.27%"
"Jun 14, 2016","261.44","263.39","265.16","260.00","","-0.99%"
"Jun 13, 2016","264.05","266.78","267.96","263.96","","-2.55%"
"Jun 10, 2016","270.95","269.64","271.54","268.93","","+0.66%"
"Jun 09, 2016","269.17","271.57","271.74","267.88","","-2.23%"
"Jun 08, 2016","275.30","272.34","275.38","270.78","","+1.94%"
"Jun 07, 2016","270.06","274.15","274.15","269.52","","-1.79%"
"Jun 06, 2016","274.99","271.56","274.99","270.86","","-0.04%"
"Jun 03, 2016","275.09","275.40","275.72","272.63","","-0.34%"
"Jun 02, 2016","276.02","280.97","281.09","275.49","","-2.61%"
"Jun 01, 2016","283.41","284.14","284.55","282.39","","-1.74%"
"May 31, 2016","288.44","287.38","289.00","286.36","","+0.10%"
"May 30, 2016","288.14","290.67","290.99","287.20","","-0.83%"
"May 27, 2016","290.56","291.68","292.00","289.59","","-0.01%"
"May 26, 2016","290.58","289.62","292.22","289.39","","+0.52%"
"May 25, 2016","289.07","287.70","289.71","286.77","","+1.29%"
"May 24, 2016","285.38","285.69","287.17","284.89","","+0.02%"
"May 23, 2016","285.32","286.48","287.43","283.51","","-0.78%"
"May 20, 2016","287.55","289.56","289.95","286.53","","-1.14%"
"May 19, 2016","290.86","293.78","294.39","290.04","","-0.63%"
"May 18, 2016","292.71","292.86","295.56","290.88","","+0.48%"
"May 17, 2016","291.32","294.47","294.47","290.86","","+0.27%"
"May 16, 2016","290.55","293.93","296.32","290.27","","-1.50%"
"May 13, 2016","294.97","300.56","300.85","294.93","","-1.72%"
"May 12, 2016","300.12","297.54","300.25","295.51","","-0.15%"
"May 11, 2016","300.57","303.56","304.89","298.62","","-0.56%"
"May 10, 2016","302.25","294.75","302.62","293.93","","+2.68%"
"May 09, 2016","294.37","295.30","296.84","293.01","","-0.24%"
"May 06, 2016","295.07","289.61","295.60","289.04","","+2.61%"
"May 02, 2016","287.57","285.31","288.91","277.81","","-0.27%"
"Apr 28, 2016","288.35","294.83","295.61","288.02","","-1.63%"
"Apr 27, 2016","293.12","297.33","297.73","291.88","","-1.10%"
"Apr 26, 2016","296.39","296.23","298.65","294.70","","+0.14%"
"Apr 25, 2016","295.99","299.28","299.28","295.54","","-0.71%"
"Apr 22, 2016","298.11","296.03","299.12","296.03","","-0.20%"
"Apr 21, 2016","298.72","299.59","300.59","297.86","","+0.50%"
"Apr 20, 2016","297.22","299.10","300.30","296.68","","-0.77%"
"Apr 19, 2016","299.53","298.06","300.07","296.60","","+1.95%"
"Apr 18, 2016","293.80","295.76","297.86","293.30","","-2.68%"
"Apr 15, 2016","301.90","297.54","302.34","297.54","","+0.33%"
"Apr 14, 2016","300.91","296.26","300.91","294.66","","+2.19%"
"Apr 13, 2016","294.46","291.57","294.95","291.15","","+0.83%"
"Apr 12, 2016","292.04","292.10","294.88","290.03","","-0.18%"
"Apr 11, 2016","292.56","289.96","292.68","288.21","","+0.58%"
"Apr 08, 2016","290.88","284.99","293.91","283.38","","+0.55%"
"Apr 07, 2016","289.30","286.84","289.46","285.55","","+0.29%"
"Apr 06, 2016","288.47","286.06","288.51","283.42","","+1.68%"
"Apr 05, 2016","283.69","288.65","289.35","282.89","","-2.78%"
"Apr 04, 2016","291.80","292.39","296.70","290.34","","-0.12%"
"Apr 01, 2016","292.14","297.02","297.02","290.23","","-2.33%"
"Mar 31, 2016","299.12","303.38","305.35","299.12","","-1.14%"
"Mar 30, 2016","302.56","303.45","306.10","302.12","","-0.52%"
"Mar 29, 2016","304.14","303.31","306.35","301.85","","-1.71%"
"Mar 28, 2016","309.44","309.10","310.83","306.60","","+0.79%"
"Mar 25, 2016","307.02","309.01","310.91","306.16","","-0.72%"
"Mar 24, 2016","309.25","305.80","311.00","304.29","","+1.51%"
"Mar 23, 2016","304.65","304.33","305.37","303.04","","+0.19%"
"Mar 22, 2016","304.07","302.77","305.38","301.21","","+1.54%"
"Mar 18, 2016","299.46","299.89","300.30","296.13","","-0.33%"
"Mar 17, 2016","300.46","304.88","305.37","298.74","","-1.25%"
"Mar 16, 2016","304.25","301.83","306.00","301.44","","+0.88%"
"Mar 15, 2016","301.60","302.95","303.93","300.19","","+0.07%"
"Mar 14, 2016","301.40","302.10","303.24","299.89","","+0.64%"
"Mar 11, 2016","299.47","295.29","301.04","293.85","","+0.70%"
"Mar 10, 2016","297.40","293.60","298.26","293.20","","+1.67%"
"Mar 09, 2016","292.51","297.77","298.67","291.80","","-2.38%"
"Mar 08, 2016","299.64","301.49","301.74","296.41","","-0.77%"
"Mar 07, 2016","301.95","304.92","305.28","300.63","","-0.95%"
"Mar 04, 2016","304.85","301.08","305.10","298.97","","+1.59%"
"Mar 03, 2016","300.08","304.71","304.71","298.20","","-1.58%"
"Mar 02, 2016","304.90","303.46","305.06","299.40","","+1.86%"
"Mar 01, 2016","299.34","295.22","300.62","295.22","","+0.96%"
"Feb 29, 2016","296.49","306.93","306.93","296.49","","-3.04%"
"Feb 26, 2016","305.78","307.67","309.92","305.63","","+0.14%"
"Feb 25, 2016","305.36","300.08","306.74","299.47","","+0.95%"
"Feb 24, 2016","302.49","298.46","304.34","298.24","","-0.11%"
"Feb 23, 2016","302.82","305.69","309.43","300.97","","-0.88%"
"Feb 22, 2016","305.50","293.70","305.65","293.58","","+4.39%"
"Feb 19, 2016","292.64","285.83","295.11","284.77","","+1.41%"
"Feb 18, 2016","288.58","295.16","295.52","287.58","","-0.82%"
"Feb 17, 2016","290.98","289.02","296.60","287.05","","+0.72%"
"Feb 16, 2016","288.90","290.62","293.67","285.92","","-1.81%"
"Feb 15, 2016","294.23","273.52","297.07","273.52","","+10.04%"
"Feb 12, 2016","267.38","274.05","274.68","267.13","","-4.57%"
"Feb 10, 2016","280.18","293.44","295.65","275.74","","-3.99%"
"Feb 09, 2016","291.83","294.23","295.28","291.19","","-3.19%"
"Feb 08, 2016","301.45","294.23","303.16","294.23","","+1.35%"
"Feb 05, 2016","297.44","301.73","302.23","295.08","","-2.56%"
"Feb 04, 2016","305.24","306.55","308.97","301.02","","-1.12%"
"Feb 03, 2016","308.69","312.78","314.63","304.84","","-1.85%"
"Feb 02, 2016","314.50","314.93","317.65","311.27","","+0.45%"
"Feb 01, 2016","313.10","329.46","329.70","310.53","","-4.40%"
"Jan 29, 2016","327.51","323.85","328.21","317.05","","+1.53%"
"Jan 28, 2016","322.59","320.25","324.26","318.03","","+0.98%"
"Jan 27, 2016","319.45","317.30","319.89","315.21","","+1.78%"
"Jan 26, 2016","313.87","314.15","317.54","313.43","","-0.85%"
"Jan 25, 2016","316.55","314.46","317.98","312.50","","+0.81%"
"Jan 22, 2016","314.02","310.30","314.10","301.01","","+3.57%"
"Jan 21, 2016","303.21","306.27","316.79","303.21","","-0.39%"
"Jan 20, 2016","304.41","311.76","313.90","304.08","","-3.25%"
"Jan 19, 2016","314.65","316.82","317.87","312.36","","-0.58%"
"Jan 18, 2016","316.48","310.44","317.34","310.32","","+0.02%"
"Jan 15, 2016","316.42","312.05","317.83","312.05","","+2.62%"
"Jan 14, 2016","308.34","308.93","310.25","304.17","","-0.69%"
"Jan 13, 2016","310.49","302.17","310.74","301.80","","+4.53%"
"Jan 12, 2016","297.04","305.88","307.50","296.58","","-2.99%"
"Jan 08, 2016","306.21","306.43","311.93","304.47","","-1.02%"
"Jan 07, 2016","309.36","312.90","316.64","309.01","","-0.55%"
"Jan 06, 2016","311.08","315.30","318.70","309.97","","-0.79%"
"Jan 05, 2016","313.57","312.85","315.69","311.54","","+0.22%"
"Jan 04, 2016","312.87","317.74","318.57","312.18","","-2.85%"
"Dec 30, 2015","322.04","322.69","323.52","320.24","","+0.09%"
"Dec 29, 2015","321.76","317.13","322.26","316.81","","+1.62%"
"Dec 28, 2015","316.62","318.36","319.45","315.51","","+0.59%"
"Dec 25, 2015","314.75","314.15","315.69","313.42","","-0.03%"
"Dec 24, 2015","314.86","321.83","322.25","314.86","","-2.11%"
"Dec 22, 2015","321.64","317.81","322.62","317.41","","+2.22%"
"Dec 21, 2015","314.66","313.53","315.72","311.49","","+0.57%"
"Dec 18, 2015","312.88","318.41","322.21","312.58","","-0.78%"
"Dec 17, 2015","315.35","315.49","317.65","312.61","","+1.21%"
"Dec 16, 2015","311.57","316.13","317.11","309.23","","-1.23%"
"Dec 15, 2015","315.45","318.82","321.45","314.90","","-0.07%"
"Dec 14, 2015","315.68","316.60","317.00","311.92","","-1.83%"
"Dec 11, 2015","321.56","319.30","322.90","318.67","","+0.94%"
"Dec 10, 2015","318.58","317.71","322.24","317.09","","-0.24%"
"Dec 09, 2015","319.34","325.45","325.53","318.92","","-1.32%"
"Dec 08, 2015","323.62","321.66","324.19","319.57","","+1.77%"
"Dec 07, 2015","318.00","318.63","320.49","317.71","","+1.12%"
"Dec 04, 2015","314.49","314.23","315.22","312.93","","-1.47%"
"Dec 03, 2015","319.19","321.09","322.30","319.06","","-0.31%"
"Dec 02, 2015","320.17","317.68","322.30","317.51","","+0.92%"
"Dec 01, 2015","317.26","315.11","318.10","314.07","","+0.92%"
"Nov 30, 2015","314.38","316.62","317.60","313.57","","-1.46%"
"Nov 27, 2015","319.05","322.76","323.86","318.76","","-2.06%"
"Nov 26, 2015","325.77","325.53","328.47","325.26","","+0.33%"
"Nov 25, 2015","324.70","325.37","327.50","324.24","","-1.25%"
"Nov 24, 2015","328.81","329.09","331.09","326.91","","-1.00%"
"Nov 20, 2015","332.12","331.15","333.71","330.47","","+0.14%"
"Nov 19, 2015","331.66","339.36","339.81","331.12","","-0.85%"
"Nov 18, 2015","334.49","339.51","340.64","334.12","","-0.57%"
"Nov 17, 2015","336.40","338.47","339.20","335.52","","+0.43%"
"Nov 16, 2015","334.96","339.82","339.82","334.03","","-3.18%"
"Nov 13, 2015","345.96","341.82","346.88","341.50","","+0.06%"
"Nov 12, 2015","345.74","347.67","350.67","345.08","","-0.83%"
"Nov 11, 2015","348.64","343.48","349.34","343.48","","+1.26%"
"Nov 10, 2015","344.31","341.35","344.43","341.20","","+0.15%"
"Nov 09, 2015","343.78","342.72","346.93","342.59","","+1.04%"
"Nov 06, 2015","340.25","341.08","342.66","338.40","","+0.36%"
"Nov 05, 2015","339.03","336.53","340.41","335.80","","+1.19%"
"Nov 04, 2015","335.05","336.08","338.82","334.62","","+0.87%"
"Nov 02, 2015","332.15","335.80","337.71","331.81","","-1.15%"
"Oct 30, 2015","336.03","330.33","337.71","329.27","","+2.46%"
"Oct 29, 2015","327.96","331.19","332.48","325.74","","-2.47%"
"Oct 28, 2015","336.26","332.93","336.67","332.09","","+1.79%"
"Oct 27, 2015","330.34","334.41","337.37","330.02","","-0.59%"
"Oct 26, 2015","332.30","327.13","333.14","326.84","","+3.34%"
"Oct 23, 2015","321.55","325.90","326.36","320.86","","+0.21%"
"Oct 22, 2015","320.87","319.32","324.42","319.32","","+0.05%"
"Oct 21, 2015","320.71","318.48","321.46","317.59","","+0.50%"
"Oct 20, 2015","319.12","321.83","321.99","318.27","","-0.59%"
"Oct 19, 2015","321.01","322.15","322.52","319.30","","-0.19%"
"Oct 16, 2015","321.62","318.14","323.48","317.11","","+1.59%"
"Oct 15, 2015","316.58","315.36","316.90","312.90","","+0.74%"
"Oct 14, 2015","314.25","314.06","315.94","311.71","","-1.09%"
"Oct 13, 2015","317.70","311.42","318.02","310.96","","+3.89%"
"Oct 09, 2015","305.81","309.49","309.49","302.24","","-0.60%"
"Oct 08, 2015","307.66","314.48","314.48","306.81","","-3.39%"
"Oct 07, 2015","318.44","322.29","322.66","312.95","","-2.10%"
"Oct 06, 2015","325.28","328.88","330.23","324.99","","+0.58%"
"Oct 05, 2015","323.39","320.53","328.05","320.53","","+2.15%"
"Oct 02, 2015","316.57","316.34","322.82","315.58","","+1.13%"
"Oct 01, 2015","313.03","312.32","314.89","308.04","","+1.10%"
"Sep 30, 2015","309.61","310.32","311.59","307.63","","+0.58%"
"Sep 29, 2015","307.81","320.54","321.95","306.67","","-5.46%"
"Sep 28, 2015","325.57","321.70","326.11","318.23","","+1.26%"
"Sep 25, 2015","321.52","317.29","322.46","316.42","","+2.18%"
"Sep 24, 2015","314.66","312.99","319.49","310.55","","-0.63%"
"Sep 18, 2015","316.65","321.75","321.88","316.47","","-1.82%"
"Sep 17, 2015","322.53","321.50","325.23","321.27","","+1.66%"
"Sep 16, 2015","317.26","313.04","317.82","310.18","","+3.15%"
"Sep 15, 2015","307.58","309.52","312.57","307.14","","-0.52%"
"Sep 14, 2015","309.19","313.83","314.99","309.19","","-1.04%"
"Sep 11, 2015","312.44","308.29","313.48","306.25","","+0.33%"
"Sep 10, 2015","311.42","305.49","312.70","305.13","","-0.58%"
"Sep 09, 2015","313.23","303.90","313.23","303.90","","+5.20%"
"Sep 08, 2015","297.75","304.13","305.79","297.75","","-2.11%"
"Sep 07, 2015","304.18","298.97","305.65","295.87","","+0.97%"
"Sep 04, 2015","301.26","312.80","312.80","298.68","","-2.32%"
"Sep 03, 2015","308.41","313.54","315.35","308.25","","-0.27%"
"Sep 02, 2015","309.25","304.04","316.16","304.04","","+0.04%"
"Sep 01, 2015","309.14","322.65","322.71","309.14","","-4.18%"
"Aug 31, 2015","322.61","323.30","324.18","320.81","","-0.18%"
"Aug 28, 2015","323.20","332.06","332.39","321.15","","-0.70%"
"Aug 27, 2015","325.49","327.10","333.78","324.48","","+1.42%"
"Aug 26, 2015","320.94","315.74","322.05","310.58","","+3.45%"
"Aug 25, 2015","310.25","303.02","327.95","299.24","","+0.35%"
"Aug 24, 2015","309.18","325.46","325.46","309.18","","-6.76%"
"Aug 21, 2015","331.61","334.48","336.30","331.09","","-2.67%"
"Aug 20, 2015","340.71","340.37","347.69","339.26","","-0.19%"
"Aug 19, 2015","341.37","346.45","346.62","341.37","","-2.43%"
"Aug 18, 2015","349.87","354.54","354.95","349.52","","-1.22%"
"Aug 17, 2015","354.20","352.62","356.43","350.79","","+0.38%"
"Aug 14, 2015","352.87","351.03","356.43","351.03","","+1.60%"
"Aug 13, 2015","347.31","343.67","349.06","342.27","","-0.26%"
"Aug 12, 2015","348.23","352.38","356.24","347.57","","-0.97%"
"Aug 11, 2015","351.65","361.49","361.97","350.86","","-2.47%"
"Aug 10, 2015","360.55","352.33","360.55","350.00","","+2.10%"
"Aug 07, 2015","353.13","358.29","360.01","350.71","","-1.78%"
"Aug 06, 2015","359.52","368.27","368.27","359.52","","-1.27%"
"Aug 05, 2015","364.15","364.79","369.80","362.92","","+0.44%"
"Aug 04, 2015","362.54","359.87","367.24","359.87","","+2.01%"
"Aug 03, 2015","355.41","351.75","355.53","350.50","","+0.49%"
"Jul 31, 2015","353.66","348.07","354.52","347.86","","+2.72%"
"Jul 30, 2015","344.28","344.38","345.76","341.40","","+1.84%"
"Jul 29, 2015","338.06","341.34","341.34","336.15","","-0.51%"
"Jul 28, 2015","339.78","337.70","343.25","336.09","","+0.15%"
"Jul 27, 2015","339.27","342.14","347.60","338.50","","-1.24%"
"Jul 24, 2015","343.53","350.96","351.65","343.25","","-1.38%"
"Jul 23, 2015","348.33","344.33","348.99","344.05","","+1.94%"
"Jul 22, 2015","341.69","339.35","343.49","338.82","","+0.44%"
"Jul 21, 2015","340.18","337.07","340.62","336.46","","+2.01%"
"Jul 17, 2015","333.49","332.91","335.00","332.70","","+0.45%"
"Jul 16, 2015","331.98","331.47","332.66","330.25","","+0.68%"
"Jul 15, 2015","329.73","326.23","330.45","326.23","","+1.06%"
"Jul 14, 2015","326.27","325.73","326.90","321.50","","+1.06%"
"Jul 13, 2015","322.85","314.51","323.86","314.23","","+3.28%"
"Jul 10, 2015","312.59","311.14","315.13","310.96","","+0.70%"
"Jul 09, 2015","310.43","303.75","310.92","301.25","","+0.17%"
"Jul 08, 2015","309.90","323.99","324.36","309.74","","-3.75%"
"Jul 07, 2015","321.96","318.39","322.82","318.15","","+2.61%"
"Jul 06, 2015","313.76","312.93","317.59","312.49","","-0.81%"
"Jul 03, 2015","316.33","318.03","318.80","315.68","","-0.28%"
"Jul 02, 2015","317.21","314.96","318.31","314.76","","+1.49%"
"Jul 01, 2015","312.54","313.64","315.40","309.43","","+0.50%"
"Jun 30, 2015","310.97","305.45","313.21","305.45","","+2.18%"
"Jun 29, 2015","304.33","304.44","307.20","299.50","","-2.02%"
"Jun 26, 2015","310.61","310.78","313.35","309.20","","+0.72%"
"Jun 25, 2015","308.40","306.58","310.00","306.50","","-0.22%"
"Jun 24, 2015","309.07","304.04","309.87","304.04","","+0.67%"
"Jun 23, 2015","307.02","300.95","307.18","300.49","","+3.55%"
"Jun 22, 2015","296.50","292.36","297.11","292.19","","+1.59%"
"Jun 19, 2015","291.86","292.70","293.85","291.17","","+0.73%"
"Jun 18, 2015","289.74","295.40","295.53","289.33","","-2.00%"
"Jun 17, 2015","295.65","298.11","298.11","294.56","","-0.35%"
"Jun 16, 2015","296.69","298.58","299.95","296.65","","+0.03%"
"Jun 15, 2015","296.59","294.73","296.67","294.62","","+0.18%"
"Jun 12, 2015","296.07","297.41","297.64","295.57","","-1.16%"
"Jun 11, 2015","299.54","298.07","300.22","297.79","","+1.51%"
"Jun 10, 2015","295.08","298.50","299.45","295.08","","-1.21%"
"Jun 09, 2015","298.70","301.82","302.10","298.70","","-1.49%"
"Jun 08, 2015","303.21","306.95","307.33","301.73","","-1.51%"
"Jun 05, 2015","307.86","303.52","308.76","301.21","","+1.35%"
"Jun 04, 2015","303.75","303.67","306.37","302.00","","+0.61%"
"Jun 03, 2015","301.92","304.90","304.90","301.02","","-1.04%"
"Jun 02, 2015","305.10","312.82","314.66","302.93","","-2.71%"
"Jun 01, 2015","313.60","312.64","315.79","312.12","","-0.58%"
"May 29, 2015","315.43","313.23","316.62","313.14","","+1.00%"
"May 28, 2015","312.31","313.17","316.32","311.93","","+0.72%"
"May 27, 2015","310.09","308.34","310.69","306.72","","-0.03%"
"May 26, 2015","310.17","303.14","312.04","302.93","","+2.51%"
"May 25, 2015","302.59","299.47","302.99","299.47","","+1.38%"
"May 22, 2015","298.46","299.75","301.26","297.31","","-0.74%"
"May 21, 2015","300.70","304.09","305.63","300.26","","-1.03%"
"May 20, 2015","303.82","305.51","306.34","303.33","","+0.42%"
"May 19, 2015","302.55","300.27","304.05","299.49","","+1.09%"
"May 18, 2015","299.29","299.24","300.39","298.30","","+0.09%"
"May 15, 2015","299.03","295.46","299.60","295.20","","+1.88%"
"May 14, 2015","293.50","295.29","296.08","293.17","","-0.73%"
"May 13, 2015","295.67","296.56","297.83","294.68","","-1.02%"
"May 12, 2015","298.73","299.68","301.11","294.34","","-0.02%"
"May 11, 2015","298.79","301.76","303.01","298.30","","+0.33%"
"May 08, 2015","297.82","291.24","298.63","291.24","","+2.90%"
"May 07, 2015","289.42","294.34","295.88","288.77","","-3.27%"
"May 01, 2015","299.20","296.44","299.53","292.64","","-0.24%"
"Apr 30, 2015","299.93","299.37","302.34","297.17","","-1.09%"
"Apr 28, 2015","303.24","302.54","305.88","302.42","","-0.32%"
"Apr 27, 2015","304.20","302.14","306.48","302.14","","+0.84%"
"Apr 24, 2015","301.67","303.53","304.35","300.53","","-1.89%"
"Apr 23, 2015","307.48","304.55","308.44","304.55","","+0.76%"
"Apr 22, 2015","305.16","300.49","305.16","300.12","","+1.67%"
"Apr 21, 2015","300.15","297.31","300.15","296.62","","+0.80%"
"Apr 20, 2015","297.77","294.78","298.77","292.81","","+0.85%"
"Apr 17, 2015","295.26","293.69","296.54","292.93","","+0.06%"
"Apr 16, 2015","295.08","296.19","297.71","292.03","","-1.36%"
"Apr 15, 2015","299.14","290.28","299.42","289.29","","+3.49%"
"Apr 14, 2015","289.05","286.83","289.10","286.83","","+0.31%"
"Apr 13, 2015","288.15","288.66","288.95","285.71","","+0.12%"
"Apr 10, 2015","287.81","289.57","290.14","287.69","","-0.59%"
"Apr 09, 2015","289.53","291.25","291.41","288.84","","+0.35%"
"Apr 08, 2015","288.53","287.79","289.26","286.15","","+1.30%"
"Apr 07, 2015","284.82","287.04","287.04","283.58","","-0.59%"
"Apr 06, 2015","286.51","286.02","286.92","284.55","","-0.01%"
"Apr 03, 2015","286.55","283.68","286.55","282.91","","+0.28%"
"Apr 02, 2015","285.74","285.71","286.69","281.28","","+0.03%"
"Apr 01, 2015","285.66","285.56","286.72","283.69","","+0.13%"
"Mar 31, 2015","285.29","290.25","291.81","284.45","","-0.63%"
"Mar 30, 2015","287.09","286.22","289.73","284.96","","+0.73%"
"Mar 27, 2015","285.02","286.95","289.90","282.61","","-2.65%"
"Mar 26, 2015","292.79","296.93","298.07","292.58","","-2.24%"
"Mar 25, 2015","299.50","298.07","300.88","297.86","","+0.02%"
"Mar 24, 2015","299.45","303.04","303.04","298.82","","-0.90%"
"Mar 23, 2015","302.17","299.91","302.26","298.81","","+1.43%"
"Mar 20, 2015","297.91","301.14","301.72","297.79","","-0.73%"
"Mar 19, 2015","300.09","302.57","303.75","299.23","","-0.80%"
"Mar 18, 2015","302.52","302.19","304.27","301.16","","+0.16%"
"Mar 17, 2015","302.03","303.37","303.94","300.64","","+0.29%"
"Mar 16, 2015","301.17","298.37","302.14","297.31","","+1.37%"
"Mar 13, 2015","297.10","301.60","301.97","297.10","","-0.44%"
"Mar 12, 2015","298.40","290.88","298.97","290.75","","+2.99%"
"Mar 11, 2015","289.74","287.09","289.87","286.46","","+1.09%"
"Mar 10, 2015","286.61","286.65","287.38","285.21","","+0.45%"
"Mar 09, 2015","285.34","286.24","286.44","285.13","","-0.32%"
"Mar 06, 2015","286.25","286.02","287.62","285.57","","+0.27%"
"Mar 05, 2015","285.49","286.45","286.65","284.82","","-0.48%"
"Mar 04, 2015","286.86","283.90","286.99","283.66","","+0.89%"
"Mar 03, 2015","284.33","284.63","285.35","282.89","","+0.37%"
"Mar 02, 2015","283.27","285.24","285.71","282.82","","-0.29%"
"Feb 27, 2015","284.10","283.37","285.16","281.04","","+0.33%"
"Feb 26, 2015","283.16","278.11","283.56","277.90","","+0.55%"
"Feb 25, 2015","281.60","284.76","285.31","281.35","","-1.68%"
"Feb 24, 2015","286.40","287.26","287.34","285.13","","+0.01%"
"Feb 23, 2015","286.36","284.96","286.40","284.27","","+1.06%"
"Feb 20, 2015","283.36","285.00","285.28","282.75","","-0.41%"
"Feb 19, 2015","284.52","283.49","285.69","283.24","","-0.50%"
"Feb 18, 2015","285.95","284.38","286.96","283.53","","+1.22%"
"Feb 17, 2015","282.49","281.68","283.06","280.93","","+0.57%"
"Feb 16, 2015","280.90","284.25","284.50","278.63","","-0.17%"
"Feb 13, 2015","281.39","284.55","284.55","280.99","","-1.09%"
"Feb 12, 2015","284.48","283.76","285.48","282.78","","+1.92%"
"Feb 10, 2015","279.11","277.64","279.11","275.88","","+0.64%"
"Feb 09, 2015","277.33","279.62","280.65","276.67","","-1.19%"
"Feb 06, 2015","280.67","285.43","286.38","279.36","","-1.07%"
"Feb 05, 2015","283.72","285.36","288.62","283.10","","+0.15%"
"Feb 04, 2015","283.30","279.52","283.30","275.38","","+0.52%"
"Feb 03, 2015","281.84","289.08","290.38","280.62","","-3.58%"
"Feb 02, 2015","292.30","293.00","294.71","282.55","","-2.16%"
"Jan 30, 2015","298.75","303.83","303.83","298.55","","-0.79%"
"Jan 29, 2015","301.14","301.33","304.89","298.10","","+1.21%"
"Jan 28, 2015","297.55","287.93","299.11","287.93","","+2.96%"
"Jan 27, 2015","288.99","286.81","288.99","284.96","","+1.22%"
"Jan 26, 2015","285.50","280.46","285.69","280.17","","+1.44%"
"Jan 23, 2015","281.46","283.16","284.63","281.00","","+0.27%"
"Jan 22, 2015","280.70","282.89","283.35","279.15","","-0.25%"
"Jan 21, 2015","281.41","277.64","281.63","276.69","","+1.48%"
"Jan 20, 2015","277.31","277.20","277.97","274.26","","-0.04%"
"Jan 19, 2015","277.42","280.46","281.12","276.79","","-1.59%"
"Jan 16, 2015","281.90","280.19","282.09","274.22","","-1.13%"
"Jan 15, 2015","285.13","283.42","286.11","279.13","","+0.96%"
"Jan 14, 2015","282.43","280.14","282.67","277.97","","+0.40%"
"Jan 13, 2015","281.30","276.15","281.58","276.15","","+0.75%"
"Jan 09, 2015","279.20","282.66","283.83","277.62","","-1.43%"
"Jan 08, 2015","283.26","275.64","284.14","275.30","","+4.55%"
"Jan 07, 2015","270.94","268.99","271.85","267.85","","-0.44%"
"Jan 06, 2015","272.14","269.89","275.44","269.89","","-1.35%"
"Jan 05, 2015","275.86","273.37","277.55","269.78","","+1.42%"
"Dec 30, 2014","271.99","271.91","273.47","271.14","","+0.23%"
"Dec 29, 2014","271.36","274.80","275.63","269.46","","-0.68%"
"Dec 26, 2014","273.22","272.39","273.79","269.98","","+0.56%"
"Dec 25, 2014","271.71","275.39","275.43","266.52","","-2.31%"
"Dec 24, 2014","278.13","277.18","278.23","274.96","","+1.48%"
"Dec 22, 2014","274.08","276.60","277.00","272.57","","-1.16%"
"Dec 19, 2014","277.29","280.06","281.92","274.47","","+0.53%"
"Dec 18, 2014","275.82","274.89","276.85","273.12","","+2.73%"
"Dec 17, 2014","268.50","274.86","278.23","268.34","","-2.12%"
"Dec 16, 2014","274.31","271.17","275.70","265.52","","-0.46%"
"Dec 15, 2014","275.57","278.06","278.27","274.51","","-2.40%"
"Dec 12, 2014","282.36","281.62","285.83","281.32","","+0.13%"
"Dec 11, 2014","281.99","272.94","282.45","272.43","","+2.49%"
"Dec 10, 2014","275.15","277.48","279.32","274.69","","-2.10%"
"Dec 09, 2014","281.05","279.90","282.42","279.49","","-0.15%"
"Dec 08, 2014","281.46","282.11","283.52","280.02","","-0.23%"
"Dec 05, 2014","282.10","285.62","287.30","281.15","","-0.44%"
"Dec 04, 2014","283.35","279.83","283.92","279.15","","+2.02%"
"Dec 03, 2014","277.74","278.01","280.30","275.69","","+1.02%"
"Dec 02, 2014","274.93","270.46","276.15","268.57","","+0.09%"
"Dec 01, 2014","274.69","269.00","279.39","269.00","","+4.03%"
"Nov 28, 2014","264.04","254.02","266.70","253.90","","+6.19%"
"Nov 27, 2014","248.66","250.47","250.99","247.94","","-1.00%"
"Nov 26, 2014","251.16","250.53","252.51","250.01","","-0.12%"
"Nov 25, 2014","251.45","251.67","251.87","249.64","","+0.58%"
"Nov 21, 2014","250.00","250.38","250.64","247.87","","+0.78%"
"Nov 20, 2014","248.06","250.12","250.63","246.98","","-0.10%"
"Nov 19, 2014","248.31","248.99","250.22","247.54","","+1.02%"
"Nov 18, 2014","245.81","244.32","246.89","242.74","","+2.54%"
"Nov 17, 2014","239.71","244.98","246.32","239.58","","-2.77%"
"Nov 14, 2014","246.53","245.16","246.53","243.74","","+1.51%"
"Nov 13, 2014","242.87","241.81","244.33","241.11","","+0.03%"
"Nov 12, 2014","242.79","242.32","246.26","242.03","","+1.37%"
"Nov 11, 2014","239.52","236.06","239.52","235.43","","+1.93%"
"Nov 10, 2014","234.98","233.06","235.22","231.57","","+0.38%"
"Nov 07, 2014","234.09","235.58","237.18","233.85","","+0.13%"
"Nov 06, 2014","233.78","236.94","238.51","233.27","","-1.18%"
"Nov 05, 2014","236.56","230.07","236.99","230.03","","+3.38%"
"Nov 04, 2014","228.82","232.54","232.75","227.42","","-0.16%"
"Oct 31, 2014","229.19","229.86","232.95","228.58","","-0.39%"
"Oct 30, 2014","230.09","227.47","230.30","226.54","","+0.74%"
"Oct 29, 2014","228.40","228.26","229.07","226.68","","+1.05%"
"Oct 28, 2014","226.03","222.63","226.13","222.59","","+0.11%"
"Oct 27, 2014","225.78","220.11","226.00","219.57","","+2.88%"
"Oct 24, 2014","219.47","220.70","222.37","214.12","","-0.41%"
"Oct 23, 2014","220.38","217.31","220.64","215.67","","+0.51%"
"Oct 22, 2014","219.27","215.22","219.39","214.40","","+3.81%"
"Oct 21, 2014","211.23","213.87","214.11","210.89","","-0.56%"
"Oct 20, 2014","212.43","210.72","212.89","209.53","","+3.72%"
"Oct 17, 2014","204.81","208.59","210.13","204.62","","-1.19%"
"Oct 16, 2014","207.28","211.54","214.14","206.81","","-3.97%"
"Oct 15, 2014","215.84","209.37","216.28","208.76","","+5.53%"
"Oct 14, 2014","204.52","211.91","211.91","204.41","","-5.33%"
"Oct 10, 2014","216.03","214.52","217.31","214.32","","-1.10%"
"Oct 09, 2014","218.43","221.89","222.53","217.87","","-0.60%"
"Oct 08, 2014","219.75","219.19","220.24","217.39","","-1.11%"
"Oct 07, 2014","222.21","222.68","223.44","220.70","","+0.67%"
"Oct 06, 2014","220.73","220.38","221.63","218.70","","+1.51%"
"Oct 03, 2014","217.45","217.91","219.58","216.00","","+0.49%"
"Oct 02, 2014","216.39","223.20","223.28","214.98","","-4.62%"
"Oct 01, 2014","226.86","228.32","228.95","226.61","","-0.88%"
"Sep 30, 2014","228.87","230.03","231.51","227.55","","+0.23%"
"Sep 29, 2014","228.35","226.70","229.17","224.41","","+0.67%"
"Sep 26, 2014","226.84","227.03","227.03","224.71","","-0.85%"
"Sep 25, 2014","228.78","226.89","228.78","226.52","","+0.52%"
"Sep 24, 2014","227.59","227.65","228.22","226.41","","-0.09%"
"Sep 22, 2014","227.80","227.63","228.37","227.21","","+0.76%"
"Sep 19, 2014","226.09","226.24","226.71","225.22","","-0.20%"
"Sep 18, 2014","226.55","228.24","228.37","226.41","","-0.78%"
"Sep 17, 2014","228.34","229.50","229.74","227.92","","-0.45%"
"Sep 16, 2014","229.37","228.46","229.66","227.93","","+0.69%"
"Sep 12, 2014","227.79","228.00","228.64","227.34","","-0.41%"
"Sep 11, 2014","228.72","230.12","230.20","228.12","","-0.53%"
"Sep 10, 2014","229.94","227.53","230.14","227.33","","+0.72%"
"Sep 09, 2014","228.30","228.61","228.63","227.42","","+0.25%"
"Sep 08, 2014","227.74","229.30","230.17","227.31","","-0.52%"
"Sep 05, 2014","228.94","229.46","229.75","228.08","","-0.45%"
"Sep 04, 2014","229.98","229.96","230.27","228.92","","+0.20%"
"Sep 03, 2014","229.51","229.19","230.43","228.76","","+0.77%"
"Sep 02, 2014","227.75","226.96","228.08","226.28","","+0.29%"
"Sep 01, 2014","227.09","225.34","227.27","224.64","","+0.87%"
"Aug 29, 2014","225.13","223.91","225.57","223.39","","+0.13%"
"Aug 28, 2014","224.84","223.11","224.99","222.72","","+0.49%"
"Aug 27, 2014","223.75","223.74","224.23","223.13","","-0.10%"
"Aug 26, 2014","223.98","225.71","225.95","223.98","","-0.70%"
"Aug 25, 2014","225.56","224.32","225.76","223.98","","+0.62%"
"Aug 22, 2014","224.17","225.96","226.14","223.92","","-0.51%"
"Aug 21, 2014","225.31","226.12","226.37","224.65","","-0.22%"
"Aug 20, 2014","225.80","226.91","227.23","225.48","","+0.07%"
"Aug 19, 2014","225.64","226.49","226.64","224.42","","+0.01%"
"Aug 18, 2014","225.61","224.39","225.62","222.91","","+0.78%"
"Aug 15, 2014","223.86","225.00","225.24","223.23","","-0.08%"
"Aug 14, 2014","224.03","221.18","225.19","220.57","","+1.98%"
"Aug 13, 2014","219.69","217.85","221.21","217.44","","+1.08%"
"Aug 12, 2014","217.34","216.81","218.02","216.11","","+0.54%"
"Aug 11, 2014","216.18","215.93","216.75","212.01","","+1.46%"
"Aug 08, 2014","213.06","214.89","216.23","211.94","","-1.16%"
"Aug 07, 2014","215.57","215.65","216.41","213.05","","-0.04%"
"Aug 06, 2014","215.66","218.36","218.36","214.78","","-1.48%"
"Aug 05, 2014","218.91","221.52","222.20","218.91","","-1.99%"
"Aug 04, 2014","223.35","224.37","225.00","222.47","","-0.69%"
"Aug 01, 2014","224.90","222.62","226.32","222.62","","+0.19%"
"Jul 31, 2014","224.48","223.15","227.21","223.10","","+1.31%"
"Jul 30, 2014","221.58","224.66","224.71","220.38","","-2.22%"
"Jul 29, 2014","226.62","226.42","227.78","225.85","","0.00%"
"Jul 28, 2014","226.63","226.10","227.37","226.05","","-0.33%"
"Jul 25, 2014","227.38","226.74","228.26","226.45","","-0.30%"
"Jul 24, 2014","228.06","226.74","228.93","226.42","","+0.80%"
"Jul 23, 2014","226.26","226.99","227.33","225.48","","-0.22%"
"Jul 22, 2014","226.76","227.44","228.29","225.68","","+1.11%"
"Jul 18, 2014","224.26","223.13","225.73","222.25","","-0.73%"
"Jul 17, 2014","225.92","225.80","227.00","225.73","","+0.22%"
"Jul 16, 2014","225.42","222.94","226.17","222.94","","+0.34%"
"Jul 15, 2014","224.65","224.59","226.05","223.64","","+0.31%"
"Jul 14, 2014","223.96","223.43","224.46","222.37","","+0.31%"
"Jul 11, 2014","223.27","220.86","223.90","220.42","","+0.97%"
"Jul 10, 2014","221.12","221.51","223.67","220.48","","+0.25%"
"Jul 09, 2014","220.57","217.44","221.31","217.00","","+1.25%"
"Jul 08, 2014","217.85","217.04","218.68","216.18","","+0.64%"
"Jul 07, 2014","216.47","216.37","218.09","215.93","","-0.17%"
"Jul 04, 2014","216.83","216.33","217.23","215.14","","+0.97%"
"Jul 03, 2014","214.74","215.64","216.22","214.55","","-0.31%"
"Jul 02, 2014","215.40","215.29","216.47","214.53","","+0.18%"
"Jul 01, 2014","215.01","215.01","216.46","213.93","","+0.12%"
"Jun 30, 2014","214.76","212.71","214.94","212.51","","+0.98%"
"Jun 27, 2014","212.68","213.06","213.95","211.84","","-0.27%"
"Jun 26, 2014","213.26","213.64","214.65","212.69","","-0.11%"
"Jun 25, 2014","213.50","212.77","215.41","212.77","","-0.17%"
"Jun 24, 2014","213.86","212.77","214.28","211.93","","+0.74%"
"Jun 23, 2014","212.28","211.02","213.13","210.18","","+1.31%"
"Jun 20, 2014","209.54","209.11","210.55","208.40","","+0.06%"
"Jun 19, 2014","209.42","206.91","209.43","206.72","","+0.99%"
"Jun 18, 2014","207.36","206.09","207.36","205.25","","+1.08%"
"Jun 17, 2014","205.14","204.07","205.33","203.49","","+0.24%"
"Jun 16, 2014","204.64","205.31","207.01","204.45","","-0.22%"
"Jun 13, 2014","205.10","208.10","208.10","205.10","","-1.87%"
"Jun 12, 2014","209.01","207.85","209.45","207.66","","-0.79%"
"Jun 11, 2014","210.67","208.36","210.85","208.36","","+0.98%"
"Jun 10, 2014","208.62","209.16","210.26","207.79","","-0.56%"
"Jun 09, 2014","209.79","209.70","210.16","208.51","","+1.03%"
"Jun 06, 2014","207.66","207.04","208.49","205.58","","+0.83%"
"Jun 05, 2014","205.96","204.81","207.05","203.81","","+1.18%"
"Jun 04, 2014","203.55","201.71","203.74","201.52","","+1.01%"
"Jun 03, 2014","201.51","203.02","203.46","200.87","","-0.55%"
"Jun 02, 2014","202.63","203.15","203.98","201.54","","+0.56%"
"May 30, 2014","201.50","202.11","202.98","201.12","","-0.51%"
"May 29, 2014","202.53","202.99","203.18","200.93","","+0.28%"
"May 28, 2014","201.96","202.55","203.54","201.76","","+0.28%"
"May 27, 2014","201.40","202.21","203.04","201.40","","-0.40%"
"May 26, 2014","202.20","202.00","202.46","200.17","","+0.19%"
"May 23, 2014","201.81","203.19","203.84","200.73","","-1.02%"
"May 22, 2014","203.88","203.36","204.33","202.70","","+0.42%"
"May 21, 2014","203.02","201.00","203.40","200.81","","+0.78%"
"May 20, 2014","201.44","199.21","202.90","198.63","","+1.32%"
"May 19, 2014","198.81","198.91","200.07","197.99","","+0.08%"
"May 16, 2014","198.65","199.84","200.65","198.45","","-1.74%"
"May 15, 2014","202.16","201.03","202.35","200.51","","-0.07%"
"May 14, 2014","202.30","200.92","202.30","200.91","","+0.27%"
"May 13, 2014","201.75","201.95","202.39","200.53","","+1.01%"
"May 12, 2014","199.73","201.28","201.94","199.71","","-0.85%"
"May 09, 2014","201.44","202.34","204.01","201.26","","-0.27%"
"May 08, 2014","201.98","201.33","203.44","200.30","","+0.72%"
"May 07, 2014","200.53","201.14","202.93","200.51","","-0.75%"
"May 02, 2014","202.04","202.72","203.56","201.39","","-0.83%"
"May 01, 2014","203.74","199.49","203.74","198.72","","+0.94%"
"Apr 30, 2014","201.85","200.45","201.85","199.81","","+1.34%"
"Apr 28, 2014","199.18","199.25","200.13","198.76","","-0.67%"
"Apr 25, 2014","200.53","200.14","201.43","199.74","","-0.02%"
"Apr 24, 2014","200.58","201.08","201.72","199.56","","-0.43%"
"Apr 23, 2014","201.44","198.77","201.44","198.32","","+1.77%"
"Apr 22, 2014","197.93","197.80","198.81","197.76","","-0.22%"
"Apr 21, 2014","198.36","198.69","199.25","197.86","","-0.16%"
"Apr 18, 2014","198.68","197.48","198.68","196.62","","+0.92%"
"Apr 17, 2014","196.86","195.31","197.69","194.83","","+0.80%"
"Apr 16, 2014","195.30","194.35","195.64","193.63","","+0.97%"
"Apr 15, 2014","193.42","194.57","195.06","192.70","","+0.56%"
"Apr 14, 2014","192.35","194.47","195.20","192.35","","-1.42%"
"Apr 11, 2014","195.12","194.68","197.08","194.28","","-1.00%"
"Apr 10, 2014","197.10","198.23","199.38","196.66","","+0.12%"
"Apr 09, 2014","196.87","195.98","198.10","195.31","","-0.67%"
"Apr 08, 2014","198.19","198.93","199.37","196.93","","-1.09%"
"Apr 07, 2014","200.38","199.24","200.57","198.66","","-0.16%"
"Apr 04, 2014","200.70","199.68","201.15","199.29","","+0.49%"
"Apr 03, 2014","199.72","198.48","200.00","198.09","","+0.53%"
"Apr 02, 2014","198.67","199.86","200.34","198.09","","-1.00%"
"Apr 01, 2014","200.68","199.37","201.06","198.84","","+1.44%"
"Mar 31, 2014","197.83","198.07","199.40","196.03","","+0.85%"
"Mar 28, 2014","196.17","192.79","196.17","190.28","","+2.60%"
"Mar 27, 2014","191.20","185.69","191.83","185.49","","+0.17%"
"Mar 26, 2014","190.87","191.66","193.22","190.48","","-0.31%"
"Mar 25, 2014","191.46","192.55","193.32","190.03","","-1.02%"
"Mar 24, 2014","193.43","194.34","196.28","192.19","","+0.82%"
"Mar 20, 2014","191.86","195.23","195.24","191.82","","-1.51%"
"Mar 19, 2014","194.80","196.09","197.09","194.80","","-0.52%"
"Mar 18, 2014","195.82","196.82","197.30","194.94","","+0.54%"
"Mar 17, 2014","194.77","197.73","197.73","193.85","","-1.46%"
"Mar 14, 2014","197.65","199.21","199.65","197.37","","-2.17%"
"Mar 13, 2014","202.04","201.28","203.70","201.28","","+0.88%"
"Mar 12, 2014","200.27","202.33","202.58","200.27","","-1.55%"
"Mar 11, 2014","203.42","202.90","204.18","202.58","","+0.04%"
"Mar 10, 2014","203.34","201.47","204.36","200.93","","+0.39%"
"Mar 07, 2014","202.54","200.21","202.73","199.57","","+1.46%"
"Mar 06, 2014","199.62","199.08","200.09","197.80","","+0.14%"
"Mar 05, 2014","199.34","201.11","201.56","198.25","","-0.34%"
"Mar 04, 2014","200.02","196.47","200.02","196.10","","+1.15%"
"Mar 03, 2014","197.74","197.80","198.18","195.69","","-0.87%"
"Feb 28, 2014","199.47","200.66","200.86","198.05","","-0.13%"
"Feb 27, 2014","199.72","201.07","201.08","198.65","","-0.89%"
"Feb 26, 2014","201.52","201.52","202.41","200.69","","-0.32%"
"Feb 25, 2014","202.17","200.96","202.17","200.07","","+0.62%"
"Feb 24, 2014","200.93","199.03","200.95","198.26","","+0.61%"
"Feb 21, 2014","199.71","196.89","199.72","196.80","","+1.87%"
"Feb 20, 2014","196.05","196.37","197.64","194.59","","-0.44%"
"Feb 19, 2014","196.92","196.57","197.91","195.99","","+0.10%"
"Feb 18, 2014","196.73","195.84","197.34","193.24","","+0.99%"
"Feb 17, 2014","194.81","194.40","196.33","192.54","","+0.54%"
"Feb 14, 2014","193.77","196.56","198.01","193.11","","-1.61%"
"Feb 13, 2014","196.94","200.69","200.69","196.49","","-2.17%"
"Feb 12, 2014","201.30","199.99","201.68","196.75","","+1.11%"
"Feb 10, 2014","199.09","194.31","199.09","193.42","","+3.19%"
"Feb 07, 2014","192.94","191.90","193.14","191.42","","+1.28%"
"Feb 06, 2014","190.50","190.79","191.07","188.60","","+0.37%"
"Feb 05, 2014","189.79","189.28","190.66","187.15","","+1.48%"
"Feb 04, 2014","187.03","188.84","190.69","186.79","","-3.21%"
"Feb 03, 2014","193.24","197.87","198.76","192.67","","-2.22%"
"Jan 31, 2014","197.63","195.12","197.98","194.31","","+1.70%"
"Jan 30, 2014","194.33","196.13","196.87","192.86","","-1.29%"
"Jan 29, 2014","196.87","195.73","198.73","195.07","","+1.55%"
"Jan 28, 2014","193.86","196.62","196.81","193.86","","-1.37%"
"Jan 27, 2014","196.55","198.58","199.46","196.37","","-3.27%"
"Jan 24, 2014","203.19","202.58","204.48","201.90","","-0.02%"
"Jan 23, 2014","203.23","204.53","205.34","203.04","","-0.97%"
"Jan 22, 2014","205.23","203.55","205.31","202.81","","+0.73%"
"Jan 21, 2014","203.74","205.70","205.75","202.68","","-1.47%"
"Jan 20, 2014","206.78","207.69","208.13","205.96","","-0.45%"
"Jan 17, 2014","207.71","206.48","209.08","206.24","","+0.18%"
"Jan 16, 2014","207.34","204.24","208.43","204.05","","+1.70%"
"Jan 15, 2014","203.88","202.73","204.76","202.72","","+1.11%"
"Jan 14, 2014","201.64","202.01","203.03","200.67","","-0.59%"
"Jan 10, 2014","202.83","201.01","204.73","200.23","","+0.43%"
"Jan 09, 2014","201.96","204.37","204.82","200.40","","-1.14%"
"Jan 08, 2014","204.29","199.79","204.60","198.69","","+2.19%"
"Jan 07, 2014","199.92","197.52","200.78","196.62","","+0.17%"
"Jan 06, 2014","199.58","195.38","199.59","194.45","","+2.49%"
"Dec 30, 2013","194.73","194.37","195.37","193.14","","+0.80%"
"Dec 27, 2013","193.19","190.62","193.57","190.03","","+1.45%"
"Dec 26, 2013","190.43","189.00","191.27","188.55","","+1.11%"
"Dec 25, 2013","188.34","187.61","188.70","187.31","","-0.37%"
"Dec 24, 2013","189.03","189.92","190.36","188.29","","-0.37%"
"Dec 20, 2013","189.73","190.56","191.20","189.34","","-0.44%"
"Dec 19, 2013","190.56","192.12","193.40","190.37","","-0.40%"
"Dec 18, 2013","191.33","191.07","191.90","190.12","","+0.47%"
"Dec 17, 2013","190.43","190.88","191.46","190.25","","-0.30%"
"Dec 16, 2013","191.00","193.03","194.24","190.63","","-0.35%"
"Dec 13, 2013","191.67","191.50","192.77","190.67","","-0.54%"
"Dec 12, 2013","192.72","192.85","193.68","192.08","","-0.17%"
"Dec 11, 2013","193.04","193.23","194.25","192.19","","-0.46%"
"Dec 10, 2013","193.93","193.48","194.52","192.46","","+0.12%"
"Dec 09, 2013","193.69","194.08","194.32","192.66","","+0.63%"
"Dec 06, 2013","192.47","191.82","193.86","191.42","","+0.64%"
"Dec 05, 2013","191.24","193.28","193.28","190.62","","+0.18%"
"Dec 04, 2013","190.90","193.35","193.92","190.51","","-1.17%"
"Dec 03, 2013","193.16","194.78","195.16","193.16","","-0.93%"
"Dec 02, 2013","194.97","195.06","195.17","193.70","","+0.58%"
"Nov 29, 2013","193.85","194.74","194.74","193.25","","-0.16%"
"Nov 28, 2013","194.17","193.03","194.61","192.58","","+0.52%"
"Nov 27, 2013","193.16","193.36","194.20","192.15","","-0.40%"
"Nov 26, 2013","193.94","195.20","195.39","193.34","","-1.36%"
"Nov 25, 2013","196.61","197.94","197.95","195.97","","+0.14%"
"Nov 22, 2013","196.34","197.57","198.61","195.19","","-0.76%"
"Nov 21, 2013","197.85","199.52","200.17","197.20","","-0.77%"
"Nov 20, 2013","199.39","200.38","200.64","199.38","","-0.21%"
"Nov 19, 2013","199.81","199.11","200.97","199.11","","-0.08%"
"Nov 18, 2013","199.96","201.87","201.87","199.13","","-1.41%"
"Nov 15, 2013","202.82","203.50","204.61","201.78","","-1.21%"
"Nov 14, 2013","205.31","203.45","206.08","202.69","","+1.75%"
"Nov 13, 2013","201.77","201.38","203.00","201.00","","+0.01%"
"Nov 12, 2013","201.75","200.31","202.26","199.47","","+1.10%"
"Nov 11, 2013","199.55","202.99","203.18","198.26","","-0.91%"
"Nov 08, 2013","201.39","199.90","202.41","198.36","","+0.03%"
"Nov 07, 2013","201.33","201.48","202.63","199.80","","-0.35%"
"Nov 06, 2013","202.04","200.29","204.04","200.05","","+1.11%"
"Nov 05, 2013","199.83","202.27","202.66","199.64","","-0.80%"
"Nov 01, 2013","201.44","203.36","204.45","200.41","","-0.63%"
"Oct 31, 2013","202.72","202.52","202.98","200.21","","-1.61%"
"Oct 30, 2013","206.04","208.27","208.93","204.46","","-0.58%"
"Oct 29, 2013","207.24","208.10","209.36","206.80","","-1.42%"
"Oct 28, 2013","210.23","206.36","210.67","205.76","","+2.47%"
"Oct 25, 2013","205.17","209.20","209.20","204.89","","-1.87%"
"Oct 24, 2013","209.09","206.85","209.52","206.63","","+0.68%"
"Oct 23, 2013","207.67","209.25","210.72","207.61","","-0.62%"
"Oct 22, 2013","208.97","209.90","209.90","207.84","","-0.34%"
"Oct 21, 2013","209.69","207.78","209.90","207.18","","+0.71%"
"Oct 18, 2013","208.21","209.15","210.62","207.19","","-1.48%"
"Oct 17, 2013","211.33","211.54","212.37","209.20","","+0.08%"
"Oct 16, 2013","211.16","209.92","211.81","208.82","","+0.73%"
"Oct 15, 2013","209.64","207.30","210.07","207.08","","+1.45%"
"Oct 11, 2013","206.65","206.86","207.67","204.80","","+0.37%"
"Oct 10, 2013","205.89","204.80","208.45","204.42","","+0.82%"
"Oct 09, 2013","204.21","203.27","205.73","202.83","","-0.47%"
"Oct 08, 2013","205.18","204.80","207.08","203.38","","-0.97%"
"Oct 07, 2013","207.20","204.91","210.09","204.91","","+0.50%"
"Oct 04, 2013","206.16","207.93","207.99","204.99","","-1.96%"
"Oct 03, 2013","210.28","209.58","213.43","209.25","","-0.34%"
"Oct 02, 2013","211.00","213.08","213.24","208.18","","-1.20%"
"Oct 01, 2013","213.57","211.99","213.79","211.82","","+0.95%"
"Sep 30, 2013","211.55","211.11","213.02","210.25","","-0.77%"
"Sep 27, 2013","213.19","210.84","214.00","210.62","","+2.32%"
"Sep 26, 2013","208.35","208.23","209.76","207.03","","0.00%"
"Sep 25, 2013","208.34","210.83","211.86","207.52","","-1.51%"
"Sep 24, 2013","211.54","210.95","212.57","210.51","","-0.39%"
"Sep 20, 2013","212.36","212.74","212.95","210.94","","-0.10%"
"Sep 19, 2013","212.58","211.32","213.22","211.16","","+1.69%"
"Sep 18, 2013","209.04","209.42","210.89","208.17","","+1.02%"
"Sep 17, 2013","206.92","207.18","208.92","206.42","","+0.49%"
"Sep 13, 2013","205.92","208.22","208.60","204.89","","-0.79%"
"Sep 12, 2013","207.57","206.97","207.79","205.33","","+1.25%"
"Sep 11, 2013","205.01","207.04","207.91","204.26","","+0.16%"
"Sep 10, 2013","204.69","199.61","204.89","199.61","","+3.42%"
"Sep 09, 2013","197.92","199.66","200.97","196.51","","+2.00%"
"Sep 06, 2013","194.04","194.85","195.24","192.95","","0.00%"
"Sep 05, 2013","194.04","196.10","196.10","193.22","","-0.63%"
"Sep 04, 2013","195.28","193.04","195.49","192.82","","+0.43%"
"Sep 03, 2013","194.45","192.58","194.45","192.58","","+1.40%"
"Sep 02, 2013","191.76","190.40","192.44","190.40","","+0.80%"
"Aug 30, 2013","190.24","194.05","194.70","190.01","","-1.24%"
"Aug 29, 2013","192.63","192.79","193.83","192.19","","-0.64%"
"Aug 28, 2013","193.88","192.54","195.35","192.53","","-0.48%"
"Aug 27, 2013","194.82","193.69","196.84","193.52","","+0.36%"
"Aug 26, 2013","194.12","195.65","195.65","192.93","","-0.89%"
"Aug 23, 2013","195.87","195.05","196.68","194.02","","+1.27%"
"Aug 22, 2013","193.42","192.65","193.58","191.02","","-0.81%"
"Aug 21, 2013","194.99","193.63","195.49","192.54","","+1.38%"
"Aug 20, 2013","192.33","196.80","197.23","192.33","","-2.48%"
"Aug 19, 2013","197.23","197.17","197.99","195.76","","-0.82%"
"Aug 16, 2013","198.86","197.00","199.08","196.08","","-0.03%"
"Aug 15, 2013","198.91","200.00","201.20","198.91","","-1.16%"
"Aug 14, 2013","201.25","199.78","201.47","199.18","","+1.18%"
"Aug 13, 2013","198.91","199.23","199.67","197.76","","+0.58%"
"Aug 12, 2013","197.76","197.97","200.48","196.67","","+1.01%"
"Aug 09, 2013","195.79","197.92","197.92","194.98","","-0.22%"
"Aug 08, 2013","196.22","194.76","198.68","194.76","","-0.22%"
"Aug 07, 2013","196.66","197.85","198.24","195.79","","-2.35%"
"Aug 06, 2013","201.40","199.60","201.45","197.86","","+0.71%"
"Aug 05, 2013","199.98","199.05","201.17","198.45","","-0.40%"
"Aug 02, 2013","200.79","198.34","200.79","196.28","","+2.42%"
"Aug 01, 2013","196.05","190.82","196.05","190.81","","+2.77%"
"Jul 31, 2013","190.76","194.70","194.70","190.44","","-2.92%"
"Jul 30, 2013","196.49","192.02","197.24","190.92","","+1.87%"
"Jul 29, 2013","192.89","194.94","195.60","189.07","","-2.61%"
"Jul 26, 2013","198.05","201.38","201.60","197.39","","-2.21%"
"Jul 25, 2013","202.52","201.28","203.62","200.41","","+1.08%"
"Jul 24, 2013","200.35","198.93","200.77","198.93","","+0.11%"
"Jul 23, 2013","200.12","199.09","200.56","198.71","","+0.41%"
"Jul 22, 2013","199.31","200.19","200.79","197.84","","-0.27%"
"Jul 19, 2013","199.85","200.72","201.32","199.03","","-0.54%"
"Jul 18, 2013","200.94","201.27","202.14","199.90","","-0.05%"
"Jul 17, 2013","201.05","199.05","201.49","198.45","","+0.89%"
"Jul 16, 2013","199.27","199.29","199.67","198.23","","-0.31%"
"Jul 12, 2013","199.88","200.39","200.55","198.84","","-0.04%"
"Jul 11, 2013","199.95","199.30","200.71","198.10","","-0.16%"
"Jul 10, 2013","200.28","200.97","201.19","199.09","","+0.50%"
"Jul 09, 2013","199.29","198.25","199.29","195.91","","+1.48%"
"Jul 08, 2013","196.39","201.18","202.06","195.74","","-2.01%"
"Jul 05, 2013","200.41","198.99","200.84","198.56","","+1.13%"
"Jul 04, 2013","198.17","196.50","198.62","195.30","","+0.74%"
"Jul 03, 2013","196.71","197.86","198.30","195.40","","-0.39%"
"Jul 02, 2013","197.48","196.44","197.86","194.81","","+1.80%"
"Jul 01, 2013","193.99","191.97","195.07","190.93","","+2.04%"
"Jun 28, 2013","190.11","186.99","190.92","186.83","","+2.35%"
"Jun 27, 2013","185.74","184.55","185.74","183.55","","+0.95%"
"Jun 26, 2013","184.00","184.62","185.10","182.92","","+0.68%"
"Jun 25, 2013","182.75","186.31","186.85","181.61","","-2.34%"
"Jun 24, 2013","187.12","188.81","189.84","186.90","","+0.33%"
"Jun 21, 2013","186.51","188.38","190.37","186.51","","-2.06%"
"Jun 20, 2013","190.44","186.96","191.26","186.96","","+0.92%"
"Jun 19, 2013","188.70","188.43","190.17","187.61","","+0.64%"
"Jun 18, 2013","187.50","187.57","188.88","186.36","","+0.03%"
"Jun 17, 2013","187.45","185.97","189.09","185.38","","-0.35%"
"Jun 14, 2013","188.11","186.69","189.08","186.14","","+1.89%"
"Jun 13, 2013","184.62","188.38","189.70","183.97","","-1.66%"
"Jun 12, 2013","187.73","185.56","188.33","184.89","","-0.41%"
"Jun 11, 2013","188.51","193.45","193.72","187.58","","-1.92%"
"Jun 10, 2013","192.20","186.54","193.67","185.79","","+5.18%"
"Jun 07, 2013","182.73","184.16","185.39","181.53","","-2.14%"
"Jun 06, 2013","186.73","188.87","190.23","185.64","","-2.20%"
"Jun 05, 2013","190.94","192.00","197.07","189.84","","+0.10%"
"Jun 04, 2013","190.75","188.96","191.79","187.44","","-0.49%"
"Jun 03, 2013","191.68","193.88","196.44","191.42","","-1.91%"
"May 31, 2013","195.42","197.42","198.35","193.57","","+0.01%"
"May 30, 2013","195.41","195.69","199.68","194.81","","-1.81%"
"May 29, 2013","199.02","199.44","202.33","195.78","","+1.68%"
"May 28, 2013","195.73","193.75","197.67","192.63","","-0.63%"
"May 27, 2013","196.98","203.50","204.26","196.98","","-3.88%"
"May 24, 2013","204.93","204.52","207.29","198.05","","+3.03%"
"May 23, 2013","198.91","209.57","213.42","198.85","","-3.20%"
"May 22, 2013","205.48","198.50","209.34","196.82","","+5.30%"
"May 21, 2013","195.13","192.43","200.04","192.21","","+1.94%"
"May 20, 2013","191.41","192.66","193.14","191.29","","-0.59%"
"May 17, 2013","192.54","190.14","192.71","189.00","","+0.71%"
"May 16, 2013","191.18","190.74","192.26","188.91","","+0.43%"
"May 15, 2013","190.36","190.15","190.96","189.54","","+0.75%"
"May 14, 2013","188.95","189.54","189.66","187.74","","-0.52%"
"May 13, 2013","189.93","189.26","191.18","188.78","","+0.67%"
"May 10, 2013","188.67","188.40","189.54","187.80","","+0.67%"
"May 09, 2013","187.42","188.21","189.02","187.04","","-0.46%"
"May 08, 2013","188.28","188.55","189.05","187.56","","-0.48%"
"May 07, 2013","189.19","186.70","190.19","186.70","","+2.60%"
"May 02, 2013","184.40","182.59","185.48","181.29","","+0.66%"
"May 01, 2013","183.20","187.50","187.50","181.89","","-3.08%"
"Apr 30, 2013","189.03","184.26","189.73","183.25","","+2.90%"
"Apr 26, 2013","183.71","181.84","183.71","181.02","","+1.50%"
"Apr 25, 2013","180.99","179.98","180.99","178.34","","+0.76%"
"Apr 24, 2013","179.63","177.07","179.63","176.63","","+1.76%"
"Apr 23, 2013","176.53","176.14","176.97","174.97","","+1.05%"
"Apr 22, 2013","174.69","176.57","176.86","174.05","","+0.29%"
"Apr 19, 2013","174.19","173.52","174.29","172.35","","+1.29%"
"Apr 18, 2013","171.97","170.64","173.50","170.64","","+2.24%"
"Apr 17, 2013","168.21","166.54","168.21","166.00","","+2.04%"
"Apr 16, 2013","164.85","164.70","165.81","163.72","","-1.45%"
"Apr 15, 2013","167.27","168.90","169.44","167.17","","-0.97%"
"Apr 12, 2013","168.91","169.32","169.82","168.21","","+0.02%"
"Apr 11, 2013","168.88","167.64","168.88","166.41","","+1.80%"
"Apr 10, 2013","165.90","165.97","167.40","164.32","","+0.19%"
"Apr 09, 2013","165.59","164.55","166.42","164.55","","+0.86%"
"Apr 08, 2013","164.18","164.23","165.95","160.84","","+1.11%"
"Apr 05, 2013","162.37","167.84","170.00","161.22","","-2.56%"
"Apr 04, 2013","166.63","164.64","166.63","163.22","","+0.13%"
"Apr 03, 2013","166.42","165.65","167.04","164.83","","+1.30%"
"Apr 02, 2013","164.28","160.79","165.79","159.93","","+1.08%"
"Apr 01, 2013","162.53","167.66","168.20","161.99","","-3.75%"
"Mar 29, 2013","168.86","170.75","170.75","168.50","","-0.68%"
"Mar 28, 2013","170.02","172.97","173.41","169.13","","-1.69%"
"Mar 27, 2013","172.94","172.27","175.59","172.12","","-2.44%"
"Mar 26, 2013","177.26","180.33","180.67","176.53","","-2.13%"
"Mar 25, 2013","181.12","182.83","183.84","180.87","","-0.48%"
"Mar 22, 2013","181.99","183.35","183.79","181.81","","-0.38%"
"Mar 21, 2013","182.68","182.48","184.22","182.24","","+0.88%"
"Mar 19, 2013","181.09","181.44","182.17","180.45","","+0.67%"
"Mar 18, 2013","179.89","180.86","181.92","179.70","","-0.57%"
"Mar 15, 2013","180.93","179.26","180.99","179.00","","+1.65%"
"Mar 14, 2013","178.00","177.56","178.61","176.99","","+0.86%"
"Mar 13, 2013","176.48","174.13","176.92","174.13","","+1.61%"
"Mar 12, 2013","173.69","173.84","175.32","173.27","","-0.06%"
"Mar 11, 2013","173.80","172.32","174.34","171.94","","+1.61%"
"Mar 08, 2013","171.05","171.88","172.31","170.76","","-0.33%"
"Mar 07, 2013","171.61","172.71","173.10","171.42","","-0.27%"
"Mar 06, 2013","172.08","170.83","172.08","170.55","","+0.79%"
"Mar 05, 2013","170.73","170.53","171.46","170.19","","+0.49%"
"Mar 04, 2013","169.90","169.28","171.06","169.28","","+0.63%"
"Mar 01, 2013","168.83","168.20","169.37","167.66","","+0.26%"
"Feb 28, 2013","168.39","168.39","168.73","167.57","","+0.44%"
"Feb 27, 2013","167.65","166.61","168.38","165.98","","+0.89%"
"Feb 26, 2013","166.17","166.70","167.62","165.88","","-1.56%"
"Feb 25, 2013","168.80","171.11","171.21","168.07","","-0.22%"
"Feb 22, 2013","169.18","168.20","169.18","167.09","","+0.41%"
"Feb 21, 2013","168.49","167.98","169.18","167.03","","+0.63%"
"Feb 20, 2013","167.44","167.08","168.38","166.58","","+0.59%"
"Feb 19, 2013","166.45","165.97","167.11","164.23","","-0.25%"
"Feb 18, 2013","166.86","167.78","169.26","166.77","","+0.55%"
"Feb 15, 2013","165.94","167.19","167.38","164.00","","-0.97%"
"Feb 14, 2013","167.57","170.11","170.46","167.47","","-1.50%"
"Feb 13, 2013","170.12","172.91","172.91","170.02","","-1.12%"
"Feb 12, 2013","172.05","171.78","174.03","170.73","","+1.47%"
"Feb 08, 2013","169.56","163.55","170.24","162.88","","+4.82%"
"Feb 07, 2013","161.77","159.59","162.69","159.49","","+1.67%"
"Feb 06, 2013","159.11","159.73","160.31","158.72","","+0.49%"
"Feb 05, 2013","158.34","155.96","160.83","155.96","","+2.70%"
"Feb 04, 2013","154.18","153.35","154.53","152.47","","+1.44%"
"Feb 01, 2013","151.99","151.84","152.37","151.36","","+0.16%"
"Jan 31, 2013","151.74","151.46","151.74","150.44","","+0.08%"
"Jan 30, 2013","151.62","150.79","152.16","150.54","","+0.68%"
"Jan 29, 2013","150.60","149.59","150.86","148.86","","+0.78%"
"Jan 28, 2013","149.43","150.09","150.47","149.21","","-0.25%"
"Jan 25, 2013","149.81","149.46","149.91","148.54","","+0.30%"
"Jan 24, 2013","149.36","148.53","149.36","148.19","","+0.03%"
"Jan 23, 2013","149.32","149.53","150.26","148.78","","-0.07%"
"Jan 22, 2013","149.43","149.48","150.46","148.36","","+0.04%"
"Jan 21, 2013","149.37","148.93","149.47","147.75","","+0.07%"
"Jan 18, 2013","149.27","149.83","149.83","148.44","","-1.02%"
"Jan 17, 2013","150.81","149.41","150.81","148.78","","-0.17%"
"Jan 16, 2013","151.06","151.54","152.18","150.40","","-0.07%"
"Jan 15, 2013","151.16","151.28","152.16","150.81","","-0.01%"
"Jan 11, 2013","151.18","151.28","151.76","150.21","","+0.61%"
"Jan 10, 2013","150.27","152.70","153.45","149.07","","-1.63%"
"Jan 09, 2013","152.76","153.37","153.37","151.47","","-0.46%"
"Jan 08, 2013","153.46","152.51","154.45","152.32","","+0.50%"
"Jan 07, 2013","152.70","154.79","155.17","152.51","","-0.70%"
"Jan 04, 2013","153.77","153.70","154.44","152.60","","+1.81%"
"Dec 28, 2012","151.04","153.39","153.39","151.04","","-0.51%"
"Dec 27, 2012","151.81","149.56","152.70","149.18","","+1.80%"
"Dec 26, 2012","149.13","148.72","149.66","148.57","","+0.21%"
"Dec 25, 2012","148.82","149.39","150.18","148.19","","-0.12%"
"Dec 21, 2012","149.00","149.26","150.62","148.45","","+0.32%"
"Dec 20, 2012","148.53","149.11","149.55","148.43","","-0.44%"
"Dec 19, 2012","149.18","150.21","151.64","148.64","","-0.69%"
"Dec 18, 2012","150.22","149.20","150.95","149.20","","+1.31%"
"Dec 17, 2012","148.28","148.98","149.07","147.71","","+0.15%"
"Dec 14, 2012","148.06","149.29","149.67","147.33","","-0.91%"
"Dec 13, 2012","149.42","150.43","151.06","149.23","","-0.92%"
"Dec 12, 2012","150.81","150.77","151.50","150.24","","+0.55%"
"Dec 11, 2012","149.98","149.67","150.40","148.72","","-0.09%"
"Dec 10, 2012","150.11","151.32","151.60","149.48","","-0.57%"
"Dec 07, 2012","150.97","150.90","151.35","150.28","","+0.09%"
"Dec 06, 2012","150.84","150.45","150.84","149.38","","+0.85%"
"Dec 05, 2012","149.57","149.43","150.11","148.80","","-0.26%"
"Dec 04, 2012","149.96","150.49","150.78","149.43","","-0.23%"
"Dec 03, 2012","150.31","150.75","151.57","150.31","","-0.42%"
"Nov 30, 2012","150.95","150.72","151.74","149.78","","+0.21%"
"Nov 29, 2012","150.63","148.03","150.92","148.03","","+2.56%"
"Nov 28, 2012","146.87","148.89","149.46","146.87","","-1.71%"
"Nov 27, 2012","149.43","147.27","149.43","147.27","","+1.95%"
"Nov 26, 2012","146.57","147.02","147.02","145.56","","+0.26%"
"Nov 22, 2012","146.19","148.34","148.34","145.65","","-0.48%"
"Nov 21, 2012","146.89","146.83","149.16","146.73","","+0.18%"
"Nov 20, 2012","146.63","147.24","147.83","145.97","","-0.65%"
"Nov 19, 2012","147.59","147.64","148.51","146.44","","+0.14%"
"Nov 16, 2012","147.38","147.82","147.92","146.66","","-0.43%"
"Nov 15, 2012","148.01","146.39","148.92","146.10","","+0.48%"
"Nov 14, 2012","147.31","146.74","147.47","146.10","","+0.26%"
"Nov 13, 2012","146.93","146.48","147.37","145.91","","+0.05%"
"Nov 12, 2012","146.86","146.11","147.46","145.44","","+0.95%"
"Nov 09, 2012","145.48","143.16","146.11","142.24","","+1.56%"
"Nov 08, 2012","143.24","144.26","145.29","142.67","","-1.02%"
"Nov 07, 2012","144.71","147.00","147.44","144.33","","-1.91%"
"Nov 06, 2012","147.53","148.40","149.03","147.01","","-1.07%"
"Nov 05, 2012","149.13","148.47","149.13","147.83","","+0.36%"
"Nov 02, 2012","148.60","148.18","148.95","147.38","","+0.52%"
"Nov 01, 2012","147.83","146.79","148.27","146.78","","+0.18%"
"Oct 31, 2012","147.56","145.02","148.32","144.58","","+1.84%"
"Oct 30, 2012","144.89","145.85","146.75","144.89","","-1.27%"
"Oct 29, 2012","146.75","145.87","147.67","144.95","","+1.23%"
"Oct 26, 2012","144.96","144.95","147.64","143.15","","+0.63%"
"Oct 25, 2012","144.05","142.25","144.07","142.25","","+0.64%"
"Oct 24, 2012","143.14","144.02","144.92","142.22","","+1.28%"
"Oct 23, 2012","141.33","143.13","143.13","140.43","","-0.63%"
"Oct 22, 2012","142.23","142.22","144.02","140.42","","-1.24%"
"Oct 19, 2012","144.02","144.92","145.82","144.00","","0.00%"
"Oct 18, 2012","144.02","144.92","144.92","143.12","","+0.01%"
"Oct 17, 2012","144.01","144.00","144.92","143.09","","+1.27%"
"Oct 16, 2012","142.20","141.30","142.20","140.40","","+1.94%"
"Oct 15, 2012","139.50","140.39","141.29","139.48","","-1.90%"
"Oct 12, 2012","142.20","143.11","144.02","141.31","","-0.64%"
"Oct 11, 2012","143.11","143.09","144.91","143.09","","-1.24%"
"Oct 10, 2012","144.90","146.72","146.72","144.00","","-1.24%"
"Oct 09, 2012","146.72","146.73","149.43","146.72","","0.00%"
"Oct 05, 2012","146.72","148.51","148.51","145.82","","-1.21%"
"Oct 04, 2012","148.51","148.52","149.42","147.62","","+0.61%"
"Oct 03, 2012","147.61","149.43","149.43","146.72","","-1.20%"
"Oct 02, 2012","149.41","147.60","150.31","146.70","","+1.86%"
"Oct 01, 2012","146.68","147.65","148.55","145.77","","-1.29%"
"Sep 28, 2012","148.59","149.50","150.40","147.70","","-0.01%"
"Sep 27, 2012","148.60","151.31","151.31","147.70","","-2.37%"
"Sep 26, 2012","152.20","152.18","153.98","150.39","","-3.41%"
"Sep 25, 2012","157.58","159.36","159.36","156.67","","-1.11%"
"Sep 24, 2012","159.35","160.25","161.15","159.35","","+0.01%"
"Sep 21, 2012","159.33","160.23","162.04","158.43","","0.00%"
"Sep 20, 2012","159.33","162.93","163.83","159.33","","-2.21%"
"Sep 19, 2012","162.93","163.83","165.63","162.93","","-0.55%"
"Sep 18, 2012","163.83","162.90","165.60","162.89","","+0.02%"
"Sep 14, 2012","163.80","166.49","166.49","163.77","","-1.07%"
"Sep 13, 2012","165.57","164.68","166.47","162.88","","+0.54%"
"Sep 12, 2012","164.68","164.68","165.58","163.78","","+0.01%"
"Sep 11, 2012","164.67","161.04","164.68","161.04","","+1.12%"
"Sep 10, 2012","162.84","160.20","163.74","159.30","","+2.21%"
"Sep 07, 2012","159.32","158.42","159.32","155.71","","+2.32%"
"Sep 06, 2012","155.71","150.33","155.72","150.33","","+3.58%"
"Sep 05, 2012","150.33","151.23","153.92","148.54","","-0.60%"
"Sep 04, 2012","151.23","155.72","155.72","150.33","","-2.88%"
"Sep 03, 2012","155.72","156.63","157.53","154.82","","-0.59%"
"Aug 31, 2012","156.64","160.26","160.26","155.75","","-2.25%"
"Aug 30, 2012","160.25","161.17","162.07","160.24","","-0.58%"
"Aug 29, 2012","161.19","160.29","162.06","159.38","","+1.13%"
"Aug 28, 2012","159.39","160.30","161.20","159.38","","-0.57%"
"Aug 27, 2012","160.30","160.31","161.21","159.39","","+0.56%"
"Aug 24, 2012","159.40","161.18","161.19","159.39","","-1.13%"
"Aug 23, 2012","161.22","161.22","162.12","160.31","","0.00%"
"Aug 22, 2012","161.22","163.00","163.90","161.22","","-1.64%"
"Aug 21, 2012","163.90","165.70","165.70","163.90","","-1.09%"
"Aug 20, 2012","165.70","164.78","165.71","163.88","","+1.09%"
"Aug 17, 2012","163.91","163.01","164.81","163.00","","+0.55%"
"Aug 16, 2012","163.02","163.92","164.82","163.01","","+0.01%"
"Aug 15, 2012","163.00","163.88","165.67","162.98","","+0.02%"
"Aug 14, 2012","162.97","160.25","163.88","160.24","","+2.28%"
"Aug 13, 2012","159.34","160.26","162.06","159.34","","-0.57%"
"Aug 10, 2012","160.26","160.25","162.06","160.25","","-0.55%"
"Aug 09, 2012","161.15","159.35","162.05","159.35","","+1.11%"
"Aug 08, 2012","159.38","160.25","162.04","159.35","","+0.02%"
"Aug 07, 2012","159.35","159.32","160.25","159.32","","+0.01%"
"Aug 06, 2012","159.33","161.16","162.06","158.43","","-0.57%"
"Aug 03, 2012","160.25","161.14","162.04","158.42","","-1.65%"
"Aug 02, 2012","162.94","162.04","163.84","162.04","","0.00%"
"Aug 01, 2012","162.94","162.95","163.83","162.03","","-0.56%"
"Jul 31, 2012","163.85","161.17","163.85","161.17","","+0.54%"
"Jul 30, 2012","162.97","163.88","164.78","161.17","","0.00%"
"Jul 27, 2012","162.97","163.85","165.63","162.94","","+0.01%"
"Jul 26, 2012","162.95","163.82","165.62","162.92","","-2.67%"
"Jul 25, 2012","167.42","167.46","169.25","164.72","","-1.08%"
"Jul 24, 2012","169.25","164.71","171.06","164.71","","+3.31%"
"Jul 23, 2012","163.82","163.85","164.75","162.04","","-2.17%"
"Jul 20, 2012","167.46","170.15","170.17","166.57","","-1.59%"
"Jul 19, 2012","170.17","169.28","171.96","168.36","","-2.05%"
"Jul 18, 2012","173.73","177.31","178.22","173.73","","-2.02%"
"Jul 17, 2012","177.31","177.38","179.18","176.49","","+0.46%"
"Jul 13, 2012","176.49","177.38","178.29","176.49","","0.00%"
"Jul 12, 2012","176.49","179.20","180.10","176.49","","-1.50%"
"Jul 11, 2012","179.18","179.20","181.00","176.49","","+0.49%"
"Jul 10, 2012","178.30","179.18","181.87","178.30","","+0.01%"
"Jul 09, 2012","178.29","177.39","179.20","176.49","","+0.50%"
"Jul 06, 2012","177.41","177.43","178.33","177.40","","-1.00%"
"Jul 05, 2012","179.21","178.29","180.11","177.39","","+1.52%"
"Jul 04, 2012","176.52","173.81","177.39","172.00","","+1.04%"
"Jul 03, 2012","174.70","202.51","202.51","172.90","","-13.73%"
"Jul 02, 2012","202.51","205.24","205.24","198.94","","-0.89%"
"Jun 29, 2012","204.32","205.18","207.01","202.48","","-0.86%"
"Jun 28, 2012","206.09","206.02","207.89","205.15","","+0.04%"
"Jun 27, 2012","206.00","205.98","206.88","202.41","","+0.45%"
"Jun 26, 2012","205.08","207.79","209.59","202.38","","-1.31%"
"Jun 25, 2012","207.80","211.41","212.31","206.90","","-1.69%"
"Jun 22, 2012","211.37","212.26","212.27","210.42","","-0.84%"
"Jun 21, 2012","213.15","208.66","213.17","208.66","","+2.16%"
"Jun 20, 2012","208.65","205.03","208.65","204.13","","+3.59%"
"Jun 19, 2012","201.42","203.25","205.04","200.52","","-0.46%"
"Jun 18, 2012","202.35","203.29","205.98","202.35","","+0.89%"
"Jun 15, 2012","200.57","198.77","201.49","197.87","","+1.36%"
"Jun 14, 2012","197.87","198.78","199.68","197.87","","-0.91%"
"Jun 13, 2012","199.68","197.89","199.69","197.01","","+0.45%"
"Jun 12, 2012","198.79","196.11","199.67","195.21","","+0.91%"
"Jun 11, 2012","197.00","197.02","197.91","196.10","","+0.92%"
"Jun 08, 2012","195.21","195.23","196.99","194.30","","-0.92%"
"Jun 07, 2012","197.02","197.86","197.87","195.17","","+0.96%"
"Jun 06, 2012","195.14","197.79","197.83","194.23","","-1.34%"
"Jun 05, 2012","197.79","191.53","198.72","190.63","","+4.24%"
"Jun 04, 2012","189.74","190.65","191.54","187.95","","-1.42%"
"Jun 01, 2012","192.48","191.57","195.16","191.54","","-0.46%"
"May 31, 2012","193.37","188.89","194.27","188.89","","+2.36%"
"May 30, 2012","188.91","188.89","189.78","187.97","","+0.02%"
"May 29, 2012","188.87","187.95","188.88","187.04","","+0.96%"
"May 28, 2012","187.07","187.99","189.78","187.07","","-0.48%"
"May 25, 2012","187.97","188.85","189.74","187.03","","+0.03%"
"May 24, 2012","187.92","187.97","188.86","187.00","","-0.02%"
"May 23, 2012","187.95","189.86","189.86","186.24","","-0.99%"
"May 22, 2012","189.82","191.72","193.52","189.82","","-0.05%"
"May 21, 2012","189.91","191.73","193.53","189.91","","-0.47%"
"May 18, 2012","190.81","193.52","193.52","190.79","","-1.86%"
"May 17, 2012","194.43","194.38","196.17","193.48","","+0.03%"
"May 16, 2012","194.38","194.38","197.07","193.48","","+0.01%"
"May 15, 2012","194.36","195.26","196.18","194.34","","-0.96%"
"May 14, 2012","196.24","198.08","198.10","196.23","","-0.48%"
"May 11, 2012","197.19","199.01","199.95","197.19","","-0.91%"
"May 10, 2012","199.01","201.69","202.59","199.01","","-1.78%"
"May 09, 2012","202.61","199.96","202.63","199.04","","+1.78%"
"May 08, 2012","199.06","200.00","201.80","199.06","","-0.02%"
"May 07, 2012","199.10","196.45","199.10","194.63","","+0.42%"
"May 02, 2012","198.26","202.79","202.79","198.25","","-2.24%"
"May 01, 2012","202.80","209.92","209.92","201.00","","-4.20%"
"Apr 27, 2012","211.69","214.50","215.39","209.89","","-1.30%"
"Apr 26, 2012","214.47","212.71","215.40","211.79","","+1.68%"
"Apr 25, 2012","210.92","210.05","211.84","209.11","","+0.86%"
"Apr 24, 2012","209.13","208.23","210.94","207.32","","+4.01%"
"Apr 23, 2012","201.06","203.75","204.65","201.05","","-1.32%"
"Apr 20, 2012","203.75","204.65","206.44","203.75","","-0.88%"
"Apr 19, 2012","205.55","210.05","210.94","205.55","","-2.56%"
"Apr 18, 2012","210.94","210.91","212.74","210.03","","+0.44%"
"Apr 17, 2012","210.01","209.17","210.92","207.39","","+0.83%"
"Apr 16, 2012","208.28","208.32","209.22","206.48","","-0.47%"
"Apr 13, 2012","209.27","209.21","210.16","208.32","","+0.44%"
"Apr 12, 2012","208.35","210.14","211.04","208.32","","-0.41%"
"Apr 11, 2012","209.21","208.32","211.05","208.32","","-0.01%"
"Apr 10, 2012","209.23","211.97","211.99","209.23","","-1.30%"
"Apr 09, 2012","211.98","211.09","212.90","211.09","","-0.86%"
"Apr 06, 2012","213.81","209.22","215.60","209.20","","+2.19%"
"Apr 05, 2012","209.22","210.08","211.86","208.28","","-0.85%"
"Apr 04, 2012","211.02","215.53","216.43","210.13","","-1.69%"
"Apr 03, 2012","214.64","220.05","220.05","212.85","","-2.46%"
"Apr 02, 2012","220.06","224.51","224.51","220.02","","-2.76%"
"Mar 30, 2012","226.30","222.69","226.32","221.80","","+2.02%"
"Mar 29, 2012","221.82","224.48","224.48","219.09","","-1.58%"
"Mar 28, 2012","225.37","224.46","226.28","223.55","","-2.35%"
"Mar 27, 2012","230.80","229.88","231.69","228.97","","+0.79%"
"Mar 26, 2012","228.98","233.45","234.34","228.98","","-1.54%"
"Mar 23, 2012","232.56","233.45","234.37","232.54","","-0.76%"
"Mar 22, 2012","234.34","232.54","234.34","231.64","","+0.77%"
"Mar 21, 2012","232.55","233.47","235.27","232.54","","0.00%"
"Mar 19, 2012","232.56","232.44","234.36","232.44","","+0.45%"
"Mar 16, 2012","231.52","230.64","231.55","229.73","","+1.16%"
"Mar 15, 2012","228.86","231.55","231.57","228.85","","-0.40%"
"Mar 14, 2012","229.78","235.19","236.09","229.78","","-1.55%"
"Mar 13, 2012","233.40","236.97","237.88","232.51","","-1.14%"
"Mar 12, 2012","236.08","235.21","237.89","234.31","","+1.14%"
"Mar 09, 2012","233.42","231.64","233.44","230.74","","+1.55%"
"Mar 08, 2012","229.86","229.82","230.76","228.03","","+0.80%"
"Mar 07, 2012","228.03","228.90","231.58","228.03","","-0.78%"
"Mar 06, 2012","229.82","228.95","230.73","228.92","","+0.38%"
"Mar 05, 2012","228.94","228.94","231.63","228.04","","0.00%"
"Mar 02, 2012","228.95","227.18","229.85","226.27","","+1.58%"
"Mar 01, 2012","225.39","226.31","227.22","224.49","","-0.01%"
"Feb 29, 2012","225.42","226.33","229.91","225.41","","-0.40%"
"Feb 28, 2012","226.32","223.66","226.33","223.63","","+0.38%"
"Feb 27, 2012","225.46","226.37","226.37","223.68","","0.00%"
"Feb 24, 2012","225.47","224.58","226.35","223.67","","+0.80%"
"Feb 23, 2012","223.67","224.58","224.58","222.77","","-0.41%"
"Feb 22, 2012","224.58","222.77","226.34","221.87","","+2.05%"
"Feb 21, 2012","220.06","225.43","225.43","219.17","","-2.00%"
"Feb 20, 2012","224.56","229.89","230.81","224.54","","-1.15%"
"Feb 17, 2012","227.18","224.48","228.08","224.48","","+2.01%"
"Feb 16, 2012","222.70","221.81","223.61","220.91","","+0.40%"
"Feb 15, 2012","221.81","219.12","222.70","219.12","","+0.82%"
"Feb 14, 2012","220.01","217.35","220.02","217.32","","+1.23%"
"Feb 13, 2012","217.33","215.54","218.22","215.54","","+1.25%"
"Feb 10, 2012","214.64","217.36","217.36","213.75","","-1.26%"
"Feb 09, 2012","217.38","220.07","220.07","215.58","","-1.61%"
"Feb 08, 2012","220.93","221.84","221.84","220.01","","-0.41%"
"Feb 07, 2012","221.85","221.79","221.85","219.99","","+0.43%"
"Feb 06, 2012","220.89","219.10","222.68","219.09","","+1.67%"
"Feb 03, 2012","217.27","216.38","219.98","215.50","","-0.01%"
"Feb 02, 2012","217.30","214.65","218.19","211.96","","+1.25%"
"Feb 01, 2012","214.62","208.36","215.52","206.57","","+6.68%"
"Jan 31, 2012","201.19","201.21","202.12","200.29","","0.00%"
"Jan 30, 2012","201.20","201.24","203.04","200.34","","-0.02%"
"Jan 27, 2012","201.25","202.15","203.05","200.34","","-0.88%"
"Jan 26, 2012","203.04","202.21","203.13","201.28","","+0.41%"
"Jan 25, 2012","202.21","203.07","203.07","199.50","","+0.02%"
"Jan 24, 2012","202.16","202.15","203.99","201.26","","+0.46%"
"Jan 23, 2012","201.24","199.45","202.13","199.43","","+1.35%"
"Jan 20, 2012","198.56","196.75","199.47","196.75","","+0.91%"
"Jan 19, 2012","196.76","196.80","197.66","194.99","","0.00%"
"Jan 18, 2012","196.76","194.86","196.82","193.97","","+0.99%"
"Jan 17, 2012","194.84","195.70","195.72","193.91","","+0.02%"
"Jan 16, 2012","194.80","195.72","195.72","193.00","","-0.45%"
"Jan 13, 2012","195.69","194.84","197.57","194.79","","+0.44%"
"Jan 12, 2012","194.83","196.67","196.67","194.82","","-0.50%"
"Jan 11, 2012","195.80","196.73","197.64","195.80","","-0.46%"
"Jan 10, 2012","196.71","196.72","198.52","196.71","","+0.01%"
"Jan 06, 2012","196.69","196.70","197.57","195.75","","+0.45%"
"Jan 05, 2012","195.80","200.26","200.26","195.76","","-1.79%"
"Jan 04, 2012","199.36","194.85","199.36","193.95","","+2.32%"
"Dec 30, 2011","194.84","192.21","194.84","191.28","","+1.87%"
"Dec 29, 2011","191.27","192.05","192.05","188.47","","-0.42%"
"Dec 28, 2011","192.07","195.64","195.64","191.16","","-1.37%"
"Dec 27, 2011","194.74","197.43","197.43","194.73","","-1.81%"
"Dec 26, 2011","198.32","200.16","200.17","197.44","","-0.47%"
"Dec 22, 2011","199.26","199.26","200.17","199.24","","-0.45%"
"Dec 21, 2011","200.16","200.23","200.25","199.27","","+0.43%"
"Dec 20, 2011","199.31","201.11","201.14","199.30","","+0.01%"
"Dec 19, 2011","199.29","201.05","202.83","199.29","","-1.33%"
"Dec 16, 2011","201.97","204.66","206.46","201.07","","-0.89%"
"Dec 15, 2011","203.79","205.59","206.49","203.78","","-0.90%"
"Dec 14, 2011","205.64","205.59","206.54","204.69","","+0.03%"
"Dec 13, 2011","205.57","203.78","206.48","202.86","","0.00%"
"Dec 12, 2011","205.58","204.64","205.63","203.75","","+1.35%"
"Dec 09, 2011","202.84","200.15","204.64","200.13","","+1.34%"
"Dec 08, 2011","200.15","201.92","201.94","200.13","","-0.87%"
"Dec 07, 2011","201.90","203.63","203.65","201.84","","-0.41%"
"Dec 06, 2011","202.73","205.46","205.47","202.72","","-0.90%"
"Dec 05, 2011","204.58","209.02","209.02","204.56","","-1.69%"
"Dec 02, 2011","208.10","212.53","212.53","208.05","","-1.68%"
"Dec 01, 2011","211.65","211.64","212.56","210.74","","+0.87%"
"Nov 30, 2011","209.82","208.01","209.82","207.12","","+1.29%"
"Nov 29, 2011","207.14","205.33","207.14","204.44","","+1.34%"
"Nov 28, 2011","204.40","206.13","206.18","204.35","","+0.02%"
"Nov 25, 2011","204.36","206.17","206.20","204.35","","-0.46%"
"Nov 24, 2011","205.30","205.24","206.19","203.44","","+0.02%"
"Nov 22, 2011","205.25","205.22","206.17","204.33","","-0.44%"
"Nov 21, 2011","206.15","208.85","209.77","205.23","","-1.73%"
"Nov 18, 2011","209.78","211.57","212.47","209.76","","-0.44%"
"Nov 17, 2011","210.71","208.93","211.62","208.03","","+0.82%"
"Nov 16, 2011","209.00","209.93","210.82","208.98","","-0.86%"
"Nov 15, 2011","210.82","210.78","211.71","209.90","","0.00%"
"Nov 14, 2011","210.83","211.71","211.72","210.79","","+0.03%"
"Nov 11, 2011","210.76","210.76","212.56","209.87","","0.00%"
"Nov 10, 2011","210.77","209.86","211.67","208.96","","-0.45%"
"Nov 09, 2011","211.72","209.94","211.72","209.90","","+0.87%"
"Nov 08, 2011","209.89","210.86","210.86","209.01","","-0.46%"
"Nov 07, 2011","210.87","211.72","211.75","209.96","","-0.40%"
"Nov 04, 2011","211.71","212.61","212.62","210.79","","0.00%"
"Nov 02, 2011","211.71","213.50","213.51","210.81","","-1.28%"
"Nov 01, 2011","214.46","215.32","215.37","214.42","","0.00%"
"Oct 31, 2011","214.47","215.35","216.25","213.55","","0.00%"
"Oct 28, 2011","214.47","214.58","215.47","212.67","","+0.38%"
"Oct 27, 2011","213.65","214.52","214.58","212.72","","+0.01%"
"Oct 26, 2011","213.62","215.37","215.40","213.58","","-1.24%"
"Oct 25, 2011","216.30","218.98","219.00","215.37","","-0.82%"
"Oct 24, 2011","218.09","217.14","218.97","216.25","","+1.67%"
"Oct 21, 2011","214.50","216.23","217.13","213.52","","-1.21%"
"Oct 20, 2011","217.13","212.76","218.13","211.87","","+2.90%"
"Oct 19, 2011","211.01","214.59","214.59","210.97","","-1.66%"
"Oct 18, 2011","214.57","213.62","214.57","212.75","","0.00%"
"Oct 17, 2011","214.57","213.64","214.57","211.84","","+1.29%"
"Oct 14, 2011","211.83","218.19","218.19","210.97","","-2.91%"
"Oct 13, 2011","218.18","219.84","219.85","218.07","","-0.76%"
"Oct 12, 2011","219.84","218.92","220.76","218.02","","0.00%"
"Oct 11, 2011","219.85","218.92","219.85","218.92","","+0.85%"
"Oct 07, 2011","217.99","219.79","219.79","217.10","","-0.79%"
"Oct 06, 2011","219.73","220.59","220.59","217.92","","+0.01%"
"Oct 05, 2011","219.71","219.79","220.66","218.83","","-0.03%"
"Oct 04, 2011","219.78","219.75","220.69","217.95","","-0.40%"
"Oct 03, 2011","220.67","218.08","220.69","217.15","","+0.35%"
"Sep 30, 2011","219.91","220.74","220.84","218.95","","+0.03%"
"Sep 29, 2011","219.84","216.99","219.84","216.98","","+0.89%"
"Sep 28, 2011","217.89","215.23","218.84","214.33","","-1.22%"
"Sep 27, 2011","220.58","223.22","224.13","218.77","","-1.54%"
"Sep 26, 2011","224.04","225.13","226.83","223.16","","+0.30%"
"Sep 22, 2011","223.36","222.56","225.19","222.50","","+0.33%"
"Sep 21, 2011","222.62","222.60","225.29","222.60","","+0.41%"
"Sep 20, 2011","221.71","226.16","226.16","219.91","","-1.99%"
"Sep 16, 2011","226.22","226.15","227.06","225.24","","+0.45%"
"Sep 15, 2011","225.21","230.64","230.64","224.31","","-2.33%"
"Sep 14, 2011","230.58","231.44","232.37","229.67","","+0.01%"
"Sep 13, 2011","230.55","230.67","231.58","229.72","","+1.14%"
"Sep 12, 2011","227.96","230.76","230.76","227.96","","-1.25%"
"Sep 09, 2011","230.85","230.85","232.64","229.96","","+0.37%"
"Sep 08, 2011","230.00","230.93","231.84","228.22","","0.00%"
"Sep 07, 2011","230.00","229.95","230.87","229.07","","-0.36%"
"Sep 06, 2011","230.84","229.98","231.76","228.16","","+0.36%"
"Sep 05, 2011","230.02","229.17","230.95","229.12","","+0.36%"
"Sep 02, 2011","229.19","230.00","231.84","229.14","","-1.50%"
"Sep 01, 2011","232.67","230.92","233.58","230.01","","+1.55%"
"Aug 31, 2011","229.12","229.09","230.01","226.42","","0.00%"
"Aug 30, 2011","229.11","230.90","231.81","228.19","","0.00%"
"Aug 29, 2011","229.11","224.65","230.00","223.72","","+3.19%"
"Aug 26, 2011","222.03","221.19","222.91","219.40","","+0.37%"
"Aug 25, 2011","221.22","220.31","223.02","219.41","","+1.26%"
"Aug 24, 2011","218.47","223.89","223.89","218.46","","-1.21%"
"Aug 23, 2011","221.15","221.09","223.81","220.20","","+0.83%"
"Aug 22, 2011","219.32","222.94","223.91","218.43","","-2.03%"
"Aug 19, 2011","223.86","225.63","226.55","223.85","","-1.60%"
"Aug 18, 2011","227.51","227.52","230.23","226.61","","-0.39%"
"Aug 17, 2011","228.40","228.33","229.32","226.53","","+0.04%"
"Aug 16, 2011","228.32","229.22","231.02","227.40","","-0.78%"
"Aug 15, 2011","230.11","230.12","230.12","226.49","","+1.18%"
"Aug 12, 2011","227.42","232.81","232.82","226.45","","-1.18%"
"Aug 11, 2011","230.14","222.78","230.14","221.83","","+2.04%"
"Aug 10, 2011","225.55","226.33","227.34","222.83","","+2.53%"
"Aug 09, 2011","219.98","218.09","220.88","214.41","","-1.19%"
"Aug 08, 2011","222.64","221.93","224.67","220.84","","-1.29%"
"Aug 05, 2011","225.55","217.60","226.45","217.48","","+0.32%"
"Aug 04, 2011","224.84","223.94","229.33","223.04","","+0.80%"
"Aug 03, 2011","223.05","232.03","232.04","222.16","","-5.00%"
"Aug 02, 2011","234.80","241.11","241.12","232.14","","-3.00%"
"Aug 01, 2011","242.05","240.17","243.87","239.27","","+2.29%"
"Jul 29, 2011","236.63","239.36","239.38","234.86","","-1.52%"
"Jul 28, 2011","240.28","242.09","243.00","237.60","","-0.77%"
"Jul 27, 2011","242.14","246.63","248.41","241.23","","-1.82%"
"Jul 26, 2011","246.64","245.74","248.42","244.83","","+0.36%"
"Jul 25, 2011","245.75","244.89","246.65","244.84","","-0.01%"
"Jul 22, 2011","245.77","246.67","247.57","244.85","","+0.01%"
"Jul 21, 2011","245.74","244.90","247.54","243.07","","+0.34%"
"Jul 20, 2011","244.91","247.64","248.53","244.00","","-0.37%"
"Jul 19, 2011","245.82","242.21","246.70","241.28","","+1.86%"
"Jul 15, 2011","241.33","243.19","244.08","240.38","","-0.40%"
"Jul 14, 2011","242.29","239.60","243.20","239.59","","+1.13%"
"Jul 13, 2011","239.58","237.80","243.12","237.78","","-0.01%"
"Jul 12, 2011","239.60","243.15","244.05","237.78","","-2.54%"
"Jul 11, 2011","245.84","244.93","246.75","244.04","","+0.37%"
"Jul 08, 2011","244.94","246.76","248.52","244.94","","-0.72%"
"Jul 07, 2011","246.71","245.81","246.73","244.90","","+0.38%"
"Jul 06, 2011","245.78","243.98","247.55","243.06","","+2.22%"
"Jul 05, 2011","240.44","236.84","241.34","236.84","","+1.52%"
"Jul 04, 2011","236.84","236.93","237.84","235.96","","+0.72%"
"Jul 01, 2011","235.14","237.82","238.75","235.12","","-1.09%"
"Jun 30, 2011","237.74","236.98","238.72","236.04","","+0.70%"
"Jun 29, 2011","236.09","235.19","236.09","233.36","","+1.15%"
"Jun 28, 2011","233.41","236.18","236.18","231.68","","-0.42%"
"Jun 27, 2011","234.39","234.35","237.07","233.45","","-0.74%"
"Jun 24, 2011","236.13","236.12","239.67","235.17","","+0.77%"
"Jun 23, 2011","234.32","234.34","236.11","232.52","","-1.13%"
"Jun 22, 2011","237.01","232.50","239.70","231.61","","+2.75%"
"Jun 21, 2011","230.67","228.04","230.69","227.08","","+1.96%"
"Jun 20, 2011","226.24","225.47","227.16","225.37","","+0.75%"
"Jun 17, 2011","224.55","227.41","228.31","224.52","","-0.86%"
"Jun 16, 2011","226.50","225.44","229.22","225.44","","-0.31%"
"Jun 15, 2011","227.20","227.77","227.82","223.32","","+0.54%"
"Jun 14, 2011","225.99","223.31","225.99","222.37","","+2.01%"
"Jun 13, 2011","221.54","221.38","222.31","220.43","","-0.34%"
"Jun 10, 2011","222.29","221.42","223.19","220.50","","+1.22%"
"Jun 09, 2011","219.61","221.36","222.25","219.57","","-0.78%"
"Jun 08, 2011","221.34","223.02","223.94","221.27","","-0.75%"
"Jun 07, 2011","223.02","221.15","223.90","220.26","","+0.85%"
"Jun 06, 2011","221.14","226.55","226.55","220.23","","-0.83%"
"Jun 03, 2011","223.00","221.22","226.58","220.32","","+1.19%"
"Jun 02, 2011","220.38","218.50","222.16","218.50","","-1.20%"
"Jun 01, 2011","223.05","223.11","226.66","221.28","","-0.42%"
"May 31, 2011","223.99","215.91","225.77","215.90","","+4.17%"
"May 30, 2011","215.03","215.02","215.93","214.10","","0.00%"
"May 27, 2011","215.03","216.77","216.81","214.97","","-0.40%"
"May 26, 2011","215.89","214.93","215.89","214.03","","+0.45%"
"May 25, 2011","214.93","213.19","216.72","213.18","","+1.25%"
"May 24, 2011","212.27","210.41","213.13","210.41","","+0.44%"
"May 23, 2011","211.33","215.02","215.02","208.77","","-1.75%"
"May 20, 2011","215.10","216.89","216.92","215.10","","-0.42%"
"May 19, 2011","216.00","217.76","218.67","215.08","","-0.79%"
"May 18, 2011","217.73","214.96","217.75","214.05","","+1.71%"
"May 17, 2011","214.07","212.24","214.97","210.49","","+0.43%"
"May 16, 2011","213.16","213.09","215.82","213.07","","-0.40%"
"May 13, 2011","214.02","216.81","217.70","213.13","","-1.31%"
"May 12, 2011","216.85","219.48","220.41","216.85","","-2.01%"
"May 11, 2011","221.29","222.22","223.95","220.40","","-0.04%"
"May 10, 2011","221.38","224.08","224.96","221.37","","-1.21%"
"May 09, 2011","224.10","224.09","224.96","222.25","","+0.82%"
"May 06, 2011","222.27","223.03","224.80","221.35","","+0.85%"
"May 02, 2011","220.40","221.22","223.00","218.55","","+2.54%"
"Apr 28, 2011","214.94","207.71","216.72","207.71","","+4.39%"
"Apr 27, 2011","205.90","207.72","207.73","205.01","","-0.44%"
"Apr 26, 2011","206.82","209.52","209.52","206.81","","-0.86%"
"Apr 25, 2011","208.61","209.51","211.30","208.60","","+0.44%"
"Apr 22, 2011","207.69","206.84","208.62","206.80","","+0.86%"
"Apr 21, 2011","205.92","205.95","206.84","205.05","","+0.41%"
"Apr 20, 2011","205.07","205.95","207.74","205.06","","0.00%"
"Apr 19, 2011","205.06","208.66","209.55","204.16","","-2.58%"
"Apr 18, 2011","210.48","214.05","214.05","209.58","","-1.24%"
"Apr 15, 2011","213.12","216.77","216.77","213.12","","-1.67%"
"Apr 14, 2011","216.74","214.92","217.65","214.01","","+1.27%"
"Apr 13, 2011","214.02","214.92","216.74","213.98","","+0.43%"
"Apr 12, 2011","213.11","215.86","215.90","211.41","","-1.71%"
"Apr 11, 2011","216.81","216.73","217.65","214.94","","+0.46%"
"Apr 08, 2011","215.81","214.88","216.74","213.94","","-0.39%"
"Apr 07, 2011","216.66","214.97","219.46","214.97","","+0.80%"
"Apr 06, 2011","214.94","212.45","215.93","210.62","","+0.74%"
"Apr 05, 2011","213.36","214.41","214.41","210.80","","-0.51%"
"Apr 04, 2011","214.45","218.84","219.75","213.54","","-2.41%"
"Apr 01, 2011","219.74","225.37","225.39","219.72","","-2.54%"
"Mar 31, 2011","225.47","226.18","227.13","222.74","","+0.51%"
"Mar 30, 2011","224.33","226.06","226.99","221.62","","-0.38%"
"Mar 29, 2011","225.18","227.85","229.63","223.24","","-2.70%"
"Mar 28, 2011","231.42","238.63","239.49","228.72","","-2.67%"
"Mar 25, 2011","237.78","244.37","244.62","235.80","","-1.95%"
"Mar 24, 2011","242.52","243.44","244.34","242.52","","0.00%"
"Mar 23, 2011","242.51","245.27","246.15","242.51","","+0.70%"
"Mar 22, 2011","240.82","244.42","244.43","239.89","","+1.53%"
"Mar 18, 2011","237.19","236.89","239.60","233.46","","+2.46%"
"Mar 17, 2011","231.50","222.34","236.87","220.47","","+2.03%"
"Mar 16, 2011","226.90","217.71","226.90","216.90","","+7.76%"
"Mar 15, 2011","210.56","228.77","228.79","198.79","","-10.76%"
"Mar 14, 2011","235.95","246.86","246.86","218.13","","-7.14%"
"Mar 11, 2011","254.09","255.97","256.87","254.09","","-1.10%"
"Mar 10, 2011","256.91","258.71","259.62","256.01","","-1.04%"
"Mar 09, 2011","259.61","262.33","262.33","259.61","","+0.69%"
"Mar 08, 2011","257.84","261.45","262.36","257.83","","-0.37%"
"Mar 07, 2011","258.79","259.74","260.63","258.79","","+0.32%"
"Mar 04, 2011","257.96","260.69","261.58","257.91","","+0.35%"
"Mar 03, 2011","257.05","260.52","260.52","254.35","","-0.63%"
"Mar 02, 2011","258.69","265.86","265.86","257.79","","-3.03%"
"Mar 01, 2011","266.78","268.53","269.42","265.01","","+0.01%"
"Feb 28, 2011","266.74","270.26","271.15","265.82","","-1.28%"
"Feb 25, 2011","270.21","272.85","275.60","270.21","","-0.31%"
"Feb 24, 2011","271.05","273.93","273.95","271.04","","-1.69%"
"Feb 23, 2011","275.72","272.15","276.69","272.15","","+0.63%"
"Feb 22, 2011","273.99","278.53","280.33","273.11","","-2.58%"
"Feb 21, 2011","281.24","279.25","282.81","279.25","","+1.05%"
"Feb 18, 2011","278.33","276.55","280.14","275.65","","+0.98%"
"Feb 17, 2011","275.62","274.76","276.53","273.85","","+0.64%"
"Feb 16, 2011","273.86","273.02","275.70","272.97","","+0.31%"
"Feb 15, 2011","273.02","275.73","276.63","273.01","","-0.98%"
"Feb 14, 2011","275.73","272.99","275.73","272.11","","+1.32%"
"Feb 10, 2011","272.13","272.92","273.82","271.14","","-0.30%"
"Feb 09, 2011","272.96","271.93","272.97","271.01","","+1.06%"
"Feb 08, 2011","270.09","271.09","271.98","270.09","","-0.05%"
"Feb 07, 2011","270.22","271.14","271.19","270.22","","0.00%"
"Feb 04, 2011","270.23","272.02","272.92","270.20","","-0.64%"
"Feb 03, 2011","271.97","272.78","272.88","271.06","","+0.03%"
"Feb 02, 2011","271.88","272.77","273.65","271.86","","+0.34%"
"Feb 01, 2011","270.95","275.47","275.52","270.93","","-0.33%"
"Jan 31, 2011","271.86","274.41","275.37","271.85","","-1.26%"
"Jan 28, 2011","275.32","275.34","278.02","274.41","","-0.34%"
"Jan 27, 2011","276.25","276.03","276.28","273.38","","+0.08%"
"Jan 26, 2011","276.04","275.12","277.83","275.11","","+0.65%"
"Jan 25, 2011","274.26","274.17","276.02","273.27","","+0.70%"
"Jan 24, 2011","272.35","274.14","274.14","271.44","","0.00%"
"Jan 21, 2011","272.35","275.10","275.99","272.35","","-1.00%"
"Jan 20, 2011","275.09","275.98","276.88","275.08","","0.00%"
"Jan 19, 2011","275.10","276.86","276.88","275.06","","-0.32%"
"Jan 18, 2011","275.97","275.97","276.87","275.06","","+0.32%"
"Jan 17, 2011","275.08","275.13","276.89","274.19","","-0.01%"
"Jan 14, 2011","275.10","275.97","277.79","275.06","","-0.31%"
"Jan 13, 2011","275.96","275.97","276.86","274.17","","+0.65%"
"Jan 12, 2011","274.18","275.99","276.88","274.17","","-0.33%"
"Jan 11, 2011","275.10","275.97","276.00","275.07","","-0.32%"
"Jan 07, 2011","275.97","276.01","276.86","274.19","","+0.31%"
"Jan 06, 2011","275.12","275.99","276.00","274.20","","+0.01%"
"Jan 05, 2011","275.08","277.78","278.67","274.18","","-0.65%"
"Jan 04, 2011","276.88","276.88","276.89","275.97","","+1.32%"
"Dec 30, 2010","273.26","275.08","275.99","273.25","","-0.99%"
"Dec 29, 2010","275.98","275.12","276.00","274.21","","+0.32%"
"Dec 28, 2010","275.10","276.04","276.93","274.21","","-0.33%"
"Dec 27, 2010","276.02","276.92","277.82","275.12","","-0.32%"
"Dec 24, 2010","276.90","274.15","277.83","273.26","","+1.66%"
"Dec 22, 2010","272.37","274.11","275.01","272.32","","-0.96%"
"Dec 21, 2010","275.01","273.23","276.80","273.23","","+0.65%"
"Dec 20, 2010","273.23","277.72","279.49","271.46","","-0.98%"
"Dec 17, 2010","275.93","274.20","277.75","273.30","","+0.63%"
"Dec 16, 2010","274.19","271.49","275.10","270.60","","+1.66%"
"Dec 15, 2010","269.71","271.44","271.45","268.76","","-0.30%"
"Dec 14, 2010","270.51","268.76","270.51","267.82","","+0.65%"
"Dec 13, 2010","268.75","267.82","268.75","266.92","","+0.69%"
"Dec 10, 2010","266.90","268.69","268.69","265.98","","-0.33%"
"Dec 09, 2010","267.79","269.61","269.62","266.90","","-1.00%"
"Dec 08, 2010","270.50","267.82","270.52","266.93","","+1.69%"
"Dec 07, 2010","266.01","266.02","267.82","266.01","","-0.01%"
"Dec 06, 2010","266.03","267.82","267.84","266.01","","-0.34%"
"Dec 03, 2010","266.93","269.58","269.60","266.92","","+0.01%"
"Dec 02, 2010","266.90","269.61","270.50","266.90","","-0.33%"
"Dec 01, 2010","267.79","267.73","268.67","265.95","","+0.35%"
"Nov 30, 2010","266.86","269.60","269.61","266.84","","-0.70%"
"Nov 29, 2010","268.73","268.75","270.52","266.92","","0.00%"
"Nov 26, 2010","268.73","269.63","270.52","268.69","","+0.32%"
"Nov 25, 2010","267.87","268.81","270.59","267.84","","+0.32%"
"Nov 24, 2010","267.02","265.96","268.75","265.96","","-0.63%"
"Nov 22, 2010","268.71","269.51","270.49","266.90","","+0.40%"
"Nov 19, 2010","267.64","271.00","271.00","267.49","","-0.57%"
"Nov 18, 2010","269.18","268.28","270.08","267.38","","+0.34%"
"Nov 17, 2010","268.27","268.29","270.09","267.37","","-0.68%"
"Nov 16, 2010","270.10","274.61","274.61","270.10","","-1.95%"
"Nov 15, 2010","275.48","275.48","277.25","274.57","","+0.33%"
"Nov 12, 2010","274.58","274.56","276.35","273.67","","+0.01%"
"Nov 11, 2010","274.54","271.85","276.34","271.85","","+1.67%"
"Nov 10, 2010","270.04","272.73","274.52","269.14","","-0.99%"
"Nov 09, 2010","272.74","272.78","273.67","270.94","","-0.67%"
"Nov 08, 2010","274.59","275.46","275.49","271.01","","+0.34%"
"Nov 05, 2010","273.67","268.32","274.58","268.32","","+3.03%"
"Nov 04, 2010","265.61","265.58","266.49","262.92","","+1.37%"
"Nov 02, 2010","262.02","262.03","263.79","260.23","","-0.68%"
"Nov 01, 2010","263.81","270.92","271.82","263.80","","-3.89%"
"Oct 29, 2010","274.48","275.40","275.40","269.12","","+0.31%"
"Oct 28, 2010","273.62","267.41","277.20","267.41","","+2.67%"
"Oct 27, 2010","266.51","267.43","268.32","262.95","","-0.34%"
"Oct 26, 2010","267.42","268.33","270.11","266.55","","-0.34%"
"Oct 25, 2010","268.34","271.05","273.73","268.33","","-1.96%"
"Oct 22, 2010","273.70","271.91","275.50","268.34","","+1.33%"
"Oct 21, 2010","270.12","272.81","273.69","268.32","","0.00%"
"Oct 20, 2010","270.11","268.32","271.01","265.64","","-0.34%"
"Oct 19, 2010","271.02","271.03","275.52","269.23","","-0.65%"
"Oct 18, 2010","272.80","262.99","272.81","262.99","","+4.09%"
"Oct 15, 2010","262.08","264.77","265.67","262.07","","-2.02%"
"Oct 14, 2010","267.47","268.36","269.26","264.79","","+2.04%"
"Oct 13, 2010","262.11","257.61","263.91","255.82","","+2.45%"
"Oct 12, 2010","255.83","263.92","263.93","254.97","","-2.08%"
"Oct 08, 2010","261.27","263.96","266.65","261.27","","-1.34%"
"Oct 07, 2010","264.82","267.41","268.32","263.00","","-1.63%"
"Oct 06, 2010","269.20","272.78","272.78","268.29","","-1.31%"
"Oct 05, 2010","272.77","268.30","273.67","268.30","","+0.99%"
"Oct 04, 2010","270.10","275.50","275.50","270.09","","-1.96%"
"Oct 01, 2010","275.49","278.16","279.05","275.47","","-0.96%"
"Sep 30, 2010","278.16","279.98","279.98","275.48","","-0.96%"
"Sep 29, 2010","280.86","279.08","280.87","278.18","","+0.62%"
"Sep 28, 2010","279.12","279.05","279.94","278.15","","-0.61%"
"Sep 27, 2010","280.84","281.76","281.76","279.94","","+0.33%"
"Sep 24, 2010","279.93","276.40","281.73","276.40","","+0.96%"
"Sep 22, 2010","277.28","275.50","279.98","274.61","","+0.32%"
"Sep 21, 2010","276.40","280.83","282.63","276.40","","-1.57%"
"Sep 17, 2010","280.81","287.05","287.05","279.92","","-1.87%"
"Sep 16, 2010","286.15","289.74","290.63","285.25","","-1.85%"
"Sep 15, 2010","291.53","291.52","295.99","290.63","","0.00%"
"Sep 14, 2010","291.53","291.55","294.19","289.74","","+0.61%"
"Sep 13, 2010","289.76","287.07","291.54","286.17","","+1.90%"
"Sep 10, 2010","284.36","286.17","287.95","281.68","","+0.01%"
"Sep 09, 2010","284.34","283.43","284.34","278.08","","+0.95%"
"Sep 08, 2010","281.66","281.65","285.22","279.85","","0.00%"
"Sep 07, 2010","281.66","279.00","282.57","279.00","","+0.63%"
"Sep 06, 2010","279.91","279.86","280.80","278.06","","+0.99%"
"Sep 03, 2010","277.16","280.73","280.73","276.24","","-1.89%"
"Sep 02, 2010","282.50","279.86","284.28","278.93","","+2.26%"
"Sep 01, 2010","276.26","274.48","277.15","272.68","","+0.97%"
"Aug 31, 2010","273.60","276.32","280.76","273.60","","-1.31%"
"Aug 30, 2010","277.22","272.76","278.12","272.76","","+2.66%"
"Aug 27, 2010","270.03","268.23","271.81","267.33","","0.00%"
"Aug 26, 2010","270.02","267.35","270.02","265.57","","+0.99%"
"Aug 25, 2010","267.37","266.46","269.14","266.44","","-0.32%"
"Aug 24, 2010","268.24","272.68","272.68","267.35","","-1.96%"
"Aug 23, 2010","273.59","272.71","275.37","272.69","","0.00%"
"Aug 20, 2010","273.60","276.29","277.18","273.59","","-1.61%"
"Aug 19, 2010","278.09","281.66","281.69","276.30","","-0.95%"
"Aug 18, 2010","280.77","279.93","282.61","279.04","","+0.96%"
"Aug 17, 2010","278.09","278.13","280.81","274.52","","-0.65%"
"Aug 16, 2010","279.90","273.61","280.79","271.82","","+1.62%"
"Aug 13, 2010","275.43","275.42","277.19","271.84","","+0.33%"
"Aug 12, 2010","274.52","274.52","278.02","273.55","","-0.98%"
"Aug 11, 2010","277.23","274.58","279.05","273.68","","+0.64%"
"Aug 10, 2010","275.48","278.16","279.95","274.59","","-2.53%"
"Aug 09, 2010","282.63","273.74","286.21","273.74","","+2.92%"
"Aug 06, 2010","274.61","269.25","274.61","268.36","","+1.65%"
"Aug 05, 2010","270.14","270.17","271.07","267.45","","+0.33%"
"Aug 04, 2010","269.24","271.97","271.97","268.34","","-1.00%"
"Aug 03, 2010","271.96","271.03","271.96","270.13","","+0.67%"
"Aug 02, 2010","270.14","269.25","272.84","269.23","","+2.37%"
"Jul 30, 2010","263.89","266.62","268.39","263.02","","-1.02%"
"Jul 29, 2010","266.62","269.25","269.25","258.54","","-1.31%"
"Jul 28, 2010","270.15","270.14","271.04","268.37","","-0.32%"
"Jul 27, 2010","271.03","268.37","271.95","268.37","","+0.99%"
"Jul 26, 2010","268.37","266.62","270.18","266.60","","+1.00%"
"Jul 23, 2010","265.70","269.29","269.29","263.92","","+0.01%"
"Jul 22, 2010","265.68","272.85","272.85","264.78","","-2.31%"
"Jul 21, 2010","271.97","271.17","276.47","268.49","","+0.30%"
"Jul 20, 2010","271.15","267.54","272.91","267.54","","+1.01%"
"Jul 16, 2010","268.45","264.02","270.25","264.02","","+0.66%"
"Jul 15, 2010","266.69","264.92","268.51","264.88","","-0.34%"
"Jul 14, 2010","267.60","264.01","268.47","264.01","","+3.47%"
"Jul 13, 2010","258.62","258.62","260.41","255.94","","+0.69%"
"Jul 12, 2010","256.85","261.33","261.33","256.84","","-2.71%"
"Jul 09, 2010","264.01","263.99","265.80","262.20","","-0.33%"
"Jul 08, 2010","264.88","259.52","264.88","257.73","","+4.59%"
"Jul 07, 2010","253.25","258.62","258.62","251.45","","-2.75%"
"Jul 06, 2010","260.40","258.60","261.30","255.03","","+0.34%"
"Jul 05, 2010","259.51","258.63","262.22","258.62","","+0.01%"
"Jul 02, 2010","259.48","251.43","260.38","251.43","","+3.20%"
"Jul 01, 2010","251.44","254.13","254.13","249.68","","-1.42%"
"Jun 30, 2010","255.05","252.37","256.83","252.37","","-0.37%"
"Jun 29, 2010","256.01","258.67","258.71","255.10","","-0.69%"
"Jun 28, 2010","257.78","256.92","258.70","256.03","","-0.01%"
"Jun 25, 2010","257.80","259.61","260.50","256.02","","-1.72%"
"Jun 24, 2010","262.32","260.59","263.23","260.52","","-0.01%"
"Jun 23, 2010","262.34","262.36","263.26","260.56","","-1.35%"
"Jun 22, 2010","265.94","266.87","268.65","265.93","","-0.33%"
"Jun 21, 2010","266.83","265.88","270.36","265.88","","+0.68%"
"Jun 18, 2010","265.02","265.90","266.79","263.24","","+0.01%"
"Jun 17, 2010","264.99","264.14","265.88","261.40","","-0.02%"
"Jun 16, 2010","265.03","265.02","266.81","263.23","","+1.38%"
"Jun 15, 2010","261.42","259.62","264.10","259.61","","+2.82%"
"Jun 14, 2010","254.25","249.75","254.26","249.75","","+2.55%"
"Jun 11, 2010","247.93","255.10","255.10","247.02","","-1.06%"
"Jun 10, 2010","250.58","246.14","251.47","245.24","","+2.54%"
"Jun 09, 2010","244.37","243.44","246.97","243.44","","+1.13%"
"Jun 08, 2010","241.65","244.30","245.24","240.76","","-1.82%"
"Jun 07, 2010","246.12","246.07","247.86","245.17","","-1.77%"
"Jun 04, 2010","250.56","248.76","251.45","248.76","","+0.72%"
"Jun 03, 2010","248.77","241.61","249.66","241.61","","+3.74%"
"Jun 02, 2010","239.81","244.29","244.29","238.91","","-2.90%"
"Jun 01, 2010","246.97","246.97","247.87","245.18","","0.00%"
"May 31, 2010","246.97","246.04","248.76","245.15","","+0.73%"
"May 28, 2010","245.19","246.07","248.77","243.39","","+1.49%"
"May 27, 2010","241.58","243.37","245.15","241.55","","-1.82%"
"May 26, 2010","246.05","241.59","250.52","239.78","","+1.09%"
"May 25, 2010","243.39","239.82","244.31","239.78","","+1.10%"
"May 24, 2010","240.73","242.56","243.45","239.84","","+0.36%"
"May 21, 2010","239.86","242.52","243.38","239.85","","-2.91%"
"May 20, 2010","247.05","247.06","251.51","246.17","","-0.38%"
"May 19, 2010","248.00","243.52","249.75","243.52","","+1.46%"
"May 18, 2010","244.43","250.73","253.40","238.18","","-2.17%"
"May 17, 2010","249.84","252.57","255.23","248.05","","-2.47%"
"May 14, 2010","256.17","255.24","259.76","254.36","","-0.35%"
"May 13, 2010","257.07","257.03","257.97","253.44","","+1.07%"
"May 12, 2010","254.34","255.22","257.02","252.53","","+1.09%"
"May 11, 2010","251.59","262.34","262.34","251.59","","-2.09%"
"May 10, 2010","256.95","250.65","259.67","250.65","","+2.15%"
"May 07, 2010","251.54","253.31","256.00","251.53","","-3.44%"
"May 06, 2010","260.49","263.18","264.09","256.94","","-2.99%"
"Apr 30, 2010","268.51","264.05","269.41","264.05","","+2.04%"
"Apr 28, 2010","263.14","264.03","265.83","262.25","","-1.35%"
"Apr 27, 2010","266.74","268.56","271.21","266.74","","-0.03%"
"Apr 26, 2010","266.81","272.13","273.02","265.90","","-0.97%"
"Apr 23, 2010","269.43","270.31","273.00","267.63","","-1.30%"
"Apr 22, 2010","272.97","270.32","273.88","268.54","","+0.32%"
"Apr 21, 2010","272.10","269.42","272.10","267.61","","+3.76%"
"Apr 20, 2010","262.25","256.04","264.06","256.04","","+2.79%"
"Apr 19, 2010","255.13","254.24","256.94","251.56","","-2.41%"
"Apr 16, 2010","261.43","264.17","264.17","255.22","","-1.38%"
"Apr 15, 2010","265.08","265.09","266.87","261.50","","-1.33%"
"Apr 14, 2010","268.64","264.17","269.54","264.17","","+2.38%"
"Apr 13, 2010","262.39","259.72","263.30","259.70","","+1.72%"
"Apr 12, 2010","257.95","255.24","261.48","255.24","","+0.72%"
"Apr 09, 2010","256.10","248.89","256.10","248.00","","+5.17%"
"Apr 08, 2010","243.52","240.82","244.42","239.93","","+0.37%"
"Apr 07, 2010","242.62","239.05","242.64","238.16","","+1.88%"
"Apr 06, 2010","238.15","239.99","239.99","237.26","","-1.13%"
"Apr 05, 2010","240.88","241.71","242.60","239.93","","-0.70%"
"Apr 02, 2010","242.57","243.49","243.55","239.92","","-0.02%"
"Apr 01, 2010","242.61","240.85","243.47","239.94","","+0.73%"
"Mar 31, 2010","240.85","241.70","241.70","239.02","","-0.35%"
"Mar 30, 2010","241.70","238.09","242.60","237.18","","+1.15%"
"Mar 29, 2010","238.96","236.25","238.99","232.67","","+1.13%"
"Mar 26, 2010","236.28","235.35","238.04","235.35","","+0.02%"
"Mar 25, 2010","236.24","239.85","239.85","235.34","","-2.95%"
"Mar 24, 2010","243.41","242.51","244.31","241.61","","+1.13%"
"Mar 23, 2010","240.70","255.01","255.01","238.92","","-5.94%"
"Mar 19, 2010","255.91","253.21","256.81","252.32","","+1.06%"
"Mar 18, 2010","253.23","255.01","256.80","252.32","","+0.01%"
"Mar 17, 2010","253.21","252.37","255.01","250.58","","+1.05%"
"Mar 16, 2010","250.57","246.06","251.46","245.17","","+1.83%"
"Mar 15, 2010","246.06","241.62","246.06","241.60","","+1.84%"
"Mar 12, 2010","241.61","239.78","241.61","238.89","","+0.76%"
"Mar 11, 2010","239.78","240.72","241.62","238.88","","-0.01%"
"Mar 10, 2010","239.81","242.52","243.41","238.94","","-0.75%"
"Mar 09, 2010","241.61","242.47","243.38","240.70","","-0.72%"
"Mar 08, 2010","243.35","246.04","246.93","242.45","","-0.37%"
"Mar 05, 2010","244.25","241.57","244.25","241.57","","+1.50%"
"Mar 04, 2010","240.65","241.56","241.59","239.76","","-0.75%"
"Mar 03, 2010","242.46","241.61","242.46","239.83","","+0.36%"
"Mar 02, 2010","241.58","239.81","241.58","238.88","","+0.39%"
"Mar 01, 2010","240.65","241.56","243.35","240.62","","-0.75%"
"Feb 26, 2010","242.47","239.85","243.38","239.83","","+0.34%"
"Feb 25, 2010","241.64","241.63","241.65","238.93","","+0.39%"
"Feb 24, 2010","240.71","242.49","243.40","239.80","","-1.46%"
"Feb 23, 2010","244.28","242.48","244.28","240.67","","+0.75%"
"Feb 22, 2010","242.45","245.07","245.98","239.76","","+0.40%"
"Feb 19, 2010","241.48","245.90","253.05","241.47","","-1.07%"
"Feb 18, 2010","244.09","244.13","245.92","242.34","","0.00%"
"Feb 17, 2010","244.10","239.63","245.01","238.74","","+2.25%"
"Feb 16, 2010","238.74","236.98","241.43","236.08","","+3.08%"
"Feb 15, 2010","231.60","234.27","234.27","230.69","","+0.01%"
"Feb 12, 2010","231.57","233.33","233.34","229.78","","0.00%"
"Feb 10, 2010","231.57","234.25","235.13","231.57","","-0.38%"
"Feb 09, 2010","232.45","235.11","236.01","232.43","","-1.15%"
"Feb 08, 2010","235.15","237.85","238.75","235.15","","-1.87%"
"Feb 05, 2010","239.63","236.95","239.64","236.02","","-0.75%"
"Feb 04, 2010","241.45","243.23","245.02","239.66","","-1.09%"
"Feb 03, 2010","244.11","237.84","244.12","237.84","","+3.41%"
"Feb 02, 2010","236.05","237.84","238.74","235.16","","0.00%"
"Feb 01, 2010","236.04","236.06","236.94","230.69","","-0.39%"
"Jan 29, 2010","236.97","242.34","243.23","236.96","","-1.86%"
"Jan 28, 2010","241.45","239.67","243.26","239.66","","+1.13%"
"Jan 27, 2010","238.76","241.50","244.18","238.76","","-1.50%"
"Jan 26, 2010","242.40","246.88","247.80","242.40","","-1.11%"
"Jan 25, 2010","245.12","246.04","247.82","242.41","","+0.72%"
"Jan 22, 2010","243.37","241.54","245.10","238.92","","-0.36%"
"Jan 21, 2010","244.24","240.69","246.02","238.93","","+1.47%"
"Jan 20, 2010","240.71","242.48","243.38","236.30","","-2.87%"
"Jan 19, 2010","247.83","254.92","255.81","243.34","","-4.12%"
"Jan 18, 2010","258.47","262.04","262.94","254.94","","-2.35%"
"Jan 15, 2010","264.69","270.04","273.60","263.82","","-1.33%"
"Jan 14, 2010","268.27","270.05","272.72","263.82","","+2.02%"
"Jan 13, 2010","262.95","296.09","296.98","262.95","","-11.21%"
"Jan 12, 2010","296.14","315.10","316.79","295.25","","-5.24%"
"Jan 08, 2010","312.51","315.28","317.93","309.86","","-1.71%"
"Jan 07, 2010","317.96","318.01","319.75","312.66","","-0.87%"
"Jan 06, 2010","320.74","319.07","321.62","310.12","","+0.80%"
"Jan 05, 2010","318.18","320.01","324.39","316.40","","+0.85%"
"Jan 04, 2010","315.49","295.84","319.13","294.07","","+10.66%"
"Dec 30, 2009","285.11","301.28","302.17","279.70","","-6.76%"
"Dec 29, 2009","305.79","312.13","313.03","303.12","","-2.30%"
"Dec 28, 2009","313.00","313.93","315.73","312.13","","-0.30%"
"Dec 25, 2009","313.94","315.74","317.53","313.94","","-1.40%"
"Dec 24, 2009","318.41","314.88","318.44","312.17","","+0.56%"
"Dec 22, 2009","316.63","319.32","320.21","316.63","","-0.27%"
"Dec 21, 2009","317.49","322.84","323.75","317.47","","-1.65%"
"Dec 18, 2009","322.81","321.00","323.65","317.46","","+0.57%"
"Dec 17, 2009","320.99","325.44","327.22","320.99","","-1.10%"
"Dec 16, 2009","324.57","323.69","329.89","321.89","","+1.68%"
"Dec 15, 2009","319.22","314.79","319.22","312.12","","+1.12%"
"Dec 14, 2009","315.67","314.83","318.37","312.15","","+1.73%"
"Dec 11, 2009","310.31","308.57","310.32","303.18","","+0.84%"
"Dec 10, 2009","307.72","315.78","317.55","306.83","","-2.01%"
"Dec 09, 2009","314.02","315.03","317.68","313.13","","-0.87%"
"Dec 08, 2009","316.78","319.48","321.27","315.00","","-2.21%"
"Dec 07, 2009","323.95","316.85","325.76","316.85","","+5.22%"
"Dec 04, 2009","307.88","298.95","307.88","297.18","","+4.22%"
"Dec 03, 2009","295.40","289.22","296.30","287.44","","+2.77%"
"Dec 02, 2009","287.45","287.51","291.98","285.71","","-0.01%"
"Dec 01, 2009","287.49","283.94","289.26","282.15","","+0.64%"
"Nov 30, 2009","285.66","280.35","285.69","277.67","","+3.21%"
"Nov 27, 2009","276.78","279.50","280.36","275.01","","-2.51%"
"Nov 26, 2009","283.92","285.70","286.61","283.03","","-0.30%"
"Nov 25, 2009","284.78","281.20","288.31","281.19","","+1.58%"
"Nov 24, 2009","280.34","289.29","290.19","277.65","","-3.98%"
"Nov 20, 2009","291.95","290.19","292.92","288.40","","-0.02%"
"Nov 19, 2009","292.02","298.22","298.22","291.08","","-1.19%"
"Nov 18, 2009","295.55","298.30","300.99","286.64","","-1.22%"
"Nov 17, 2009","299.19","304.62","304.62","296.54","","-1.79%"
"Nov 16, 2009","304.64","303.68","307.30","299.25","","+0.31%"
"Nov 13, 2009","303.70","302.84","306.38","301.01","","+0.58%"
"Nov 12, 2009","301.95","309.07","309.07","301.06","","-2.31%"
"Nov 11, 2009","309.08","307.32","311.79","305.49","","+2.37%"
"Nov 10, 2009","301.93","301.99","304.62","294.90","","+0.89%"
"Nov 09, 2009","299.28","308.19","308.19","299.28","","-2.90%"
"Nov 06, 2009","308.21","311.82","312.72","305.56","","-1.72%"
"Nov 05, 2009","313.59","317.17","317.17","310.00","","-1.41%"
"Nov 04, 2009","318.08","317.12","318.08","313.57","","+0.58%"
"Nov 02, 2009","316.24","324.25","324.27","315.35","","-4.57%"
"Oct 30, 2009","331.38","334.00","334.86","328.69","","+0.84%"
"Oct 29, 2009","328.62","329.52","337.78","325.85","","+0.87%"
"Oct 28, 2009","325.80","327.68","328.57","323.13","","-0.35%"
"Oct 27, 2009","326.94","331.42","334.16","325.13","","-1.62%"
"Oct 26, 2009","332.33","322.23","333.16","319.49","","+1.95%"
"Oct 23, 2009","325.96","337.87","341.40","323.24","","-3.26%"
"Oct 22, 2009","336.93","346.06","346.06","331.56","","-2.12%"
"Oct 21, 2009","344.22","338.69","345.17","334.37","","+3.34%"
"Oct 20, 2009","333.10","332.03","339.51","329.36","","+1.42%"
"Oct 19, 2009","328.43","319.17","329.25","317.30","","+4.73%"
"Oct 16, 2009","313.61","318.38","321.91","311.04","","-2.97%"
"Oct 15, 2009","323.21","338.94","339.80","321.26","","-3.38%"
"Oct 14, 2009","334.53","339.24","340.15","330.91","","-1.14%"
"Oct 13, 2009","338.39","339.24","341.05","336.50","","-0.84%"
"Oct 09, 2009","341.26","342.69","343.63","336.66","","-0.66%"
"Oct 08, 2009","343.51","332.96","344.48","332.09","","+4.26%"
"Oct 07, 2009","329.49","333.83","335.64","326.89","","-1.30%"
"Oct 06, 2009","333.83","345.41","345.41","332.00","","-3.36%"
"Oct 05, 2009","345.42","347.31","348.12","343.62","","-0.56%"
"Oct 02, 2009","347.38","350.10","350.15","346.44","","-2.04%"
"Oct 01, 2009","354.63","354.51","361.00","352.82","","+1.36%"
"Sep 30, 2009","349.86","344.34","349.86","341.60","","+2.94%"
"Sep 29, 2009","339.87","339.15","344.52","337.19","","+1.80%"
"Sep 28, 2009","333.87","341.92","343.69","332.91","","-3.13%"
"Sep 25, 2009","344.67","354.66","355.52","343.54","","-5.46%"
"Sep 24, 2009","364.56","391.20","392.06","362.75","","-7.71%"
"Sep 18, 2009","395.00","393.90","397.57","390.40","","+0.51%"
"Sep 17, 2009","393.01","392.05","394.71","389.39","","+0.91%"
"Sep 16, 2009","389.47","396.62","396.65","389.47","","-2.03%"
"Sep 15, 2009","397.54","406.50","406.50","396.67","","-1.57%"
"Sep 14, 2009","403.87","401.63","411.81","400.23","","+2.41%"
"Sep 11, 2009","394.36","393.44","397.04","390.80","","+0.91%"
"Sep 10, 2009","390.80","387.20","391.73","387.20","","+0.92%"
"Sep 09, 2009","387.22","390.72","391.66","385.42","","-0.90%"
"Sep 08, 2009","390.75","391.64","391.68","388.07","","+0.23%"
"Sep 07, 2009","389.87","389.94","391.75","388.13","","+0.21%"
"Sep 04, 2009","389.07","393.55","395.36","386.33","","-0.93%"
"Sep 03, 2009","392.71","398.06","398.06","392.71","","-1.33%"
"Sep 02, 2009","397.99","402.48","402.48","397.08","","-2.20%"
"Sep 01, 2009","406.95","406.89","408.70","405.08","","-0.18%"
"Aug 31, 2009","407.70","413.96","414.83","405.97","","-1.30%"
"Aug 28, 2009","413.09","410.55","413.22","408.56","","+1.25%"
"Aug 27, 2009","407.98","410.56","410.63","406.13","","-0.86%"
"Aug 26, 2009","411.51","408.88","411.58","406.16","","+1.53%"
"Aug 25, 2009","405.29","416.69","417.55","405.27","","-1.95%"
"Aug 24, 2009","413.33","412.28","413.33","407.81","","+1.79%"
"Aug 21, 2009","406.08","409.77","412.26","404.27","","-0.21%"
"Aug 20, 2009","406.95","400.91","408.83","400.91","","+3.10%"
"Aug 19, 2009","394.73","396.51","397.45","393.85","","-0.47%"
"Aug 18, 2009","396.60","392.94","396.62","392.94","","+0.71%"
"Aug 17, 2009","393.79","399.20","399.20","392.95","","-1.80%"
"Aug 14, 2009","401.02","403.58","403.66","396.62","","-0.45%"
"Aug 13, 2009","402.82","386.93","407.36","386.90","","+4.33%"
"Aug 12, 2009","386.09","386.07","388.76","385.21","","-0.24%"
"Aug 11, 2009","387.03","387.77","388.73","385.19","","+0.01%"
"Aug 10, 2009","387.00","387.78","391.31","384.14","","+0.01%"
"Aug 07, 2009","386.98","386.18","387.12","382.48","","+0.43%"
"Aug 06, 2009","385.34","389.02","389.91","384.40","","-0.93%"
"Aug 05, 2009","388.97","386.01","388.97","385.06","","+1.24%"
"Aug 04, 2009","384.21","382.36","385.98","380.55","","+0.74%"
"Aug 03, 2009","381.39","383.07","383.08","378.60","","-0.20%"
"Jul 31, 2009","382.14","385.72","386.67","380.31","","-0.93%"
"Jul 30, 2009","385.74","384.76","386.69","382.13","","+0.47%"
"Jul 29, 2009","383.94","384.93","385.79","381.27","","-0.26%"
"Jul 28, 2009","384.95","387.71","387.79","383.13","","-0.74%"
"Jul 27, 2009","387.81","388.55","390.51","386.00","","+0.04%"
"Jul 24, 2009","387.64","389.31","389.31","384.96","","+0.03%"
"Jul 23, 2009","387.52","387.57","390.23","385.76","","-0.43%"
"Jul 22, 2009","389.20","386.61","391.07","384.01","","+0.65%"
"Jul 21, 2009","386.68","394.69","395.74","385.58","","-1.52%"
"Jul 17, 2009","392.66","389.27","396.05","388.13","","+1.36%"
"Jul 16, 2009","387.41","397.36","402.47","386.35","","-1.34%"
"Jul 15, 2009","392.66","396.21","400.24","392.66","","-0.23%"
"Jul 14, 2009","393.56","391.39","397.44","386.63","","+1.76%"
"Jul 13, 2009","386.74","398.59","400.13","382.72","","-3.90%"
"Jul 10, 2009","402.44","418.02","419.88","401.68","","-4.15%"
"Jul 09, 2009","419.88","424.21","428.06","418.02","","-1.20%"
"Jul 08, 2009","424.99","425.60","428.25","422.97","","-0.87%"
"Jul 07, 2009","428.74","437.86","437.86","426.13","","-1.67%"
"Jul 06, 2009","436.03","443.58","444.38","434.95","","-1.70%"
"Jul 03, 2009","443.58","446.67","448.99","442.51","","-1.59%"
"Jul 02, 2009","450.74","450.18","455.57","448.28","","+0.71%"
"Jul 01, 2009","447.55","460.23","460.23","443.06","","-3.79%"
"Jun 30, 2009","465.17","470.11","471.20","465.15","","-0.76%"
"Jun 29, 2009","468.71","471.64","471.96","467.94","","-0.92%"
"Jun 26, 2009","473.06","474.60","474.60","470.42","","-0.16%"
"Jun 25, 2009","473.81","473.76","476.42","471.10","","+0.18%"
"Jun 24, 2009","472.96","477.13","478.21","472.95","","-0.49%"
"Jun 23, 2009","475.28","474.98","480.56","473.13","","-0.87%"
"Jun 22, 2009","479.45","476.20","483.18","474.35","","+0.63%"
"Jun 19, 2009","476.46","467.87","477.28","466.43","","+2.79%"
"Jun 18, 2009","463.55","463.89","464.63","460.16","","+0.10%"
"Jun 17, 2009","463.11","464.60","465.66","460.91","","-0.33%"
"Jun 16, 2009","464.65","466.89","470.58","460.93","","-0.65%"
"Jun 15, 2009","467.71","467.72","467.72","464.00","","+0.33%"
"Jun 12, 2009","466.15","464.64","468.38","463.20","","+0.15%"
"Jun 11, 2009","465.43","468.03","469.11","463.87","","-0.61%"
"Jun 10, 2009","468.31","467.57","469.39","464.95","","+0.55%"
"Jun 09, 2009","465.75","471.75","472.83","465.72","","-1.12%"
"Jun 08, 2009","471.01","474.71","474.71","470.97","","-0.22%"
"Jun 05, 2009","472.06","477.06","478.11","470.98","","-0.50%"
"Jun 04, 2009","474.42","478.89","480.00","474.42","","-0.93%"
"Jun 03, 2009","478.86","477.83","482.58","477.83","","+0.61%"
"Jun 02, 2009","475.98","478.90","478.90","475.19","","-0.06%"
"Jun 01, 2009","476.28","476.75","477.83","474.07","","-0.04%"
"May 29, 2009","476.47","477.54","478.31","474.87","","-0.23%"
"May 28, 2009","477.56","479.86","482.52","476.76","","-0.81%"
"May 27, 2009","481.44","483.31","484.07","481.42","","+0.01%"
"May 26, 2009","481.40","484.51","484.55","479.76","","-0.19%"
"May 25, 2009","482.34","479.66","483.99","479.66","","+0.95%"
"May 22, 2009","477.81","478.34","480.19","476.25","","-0.11%"
"May 21, 2009","478.36","478.37","479.95","476.20","","+0.23%"
"May 20, 2009","477.26","481.13","482.98","475.40","","-0.42%"
"May 19, 2009","479.29","484.90","484.90","478.49","","+0.31%"
"May 18, 2009","477.79","484.66","485.75","477.02","","-2.26%"
"May 15, 2009","488.86","491.67","492.61","487.96","","-0.88%"
"May 14, 2009","493.22","491.90","495.86","490.82","","-0.43%"
"May 13, 2009","495.33","493.09","495.33","489.38","","+0.30%"
"May 12, 2009","493.87","493.11","496.51","490.41","","-0.91%"
"May 11, 2009","498.40","498.41","499.19","490.53","","+0.37%"
"May 08, 2009","496.56","491.44","496.56","488.14","","+1.42%"
"May 07, 2009","489.60","491.35","493.75","486.91","","+1.58%"
"May 01, 2009","482.00","483.11","484.97","479.40","","-1.47%"
"Apr 30, 2009","489.18","481.64","491.07","480.55","","+2.86%"
"Apr 28, 2009","475.60","474.79","485.64","474.01","","-0.51%"
"Apr 27, 2009","478.03","497.24","497.24","476.16","","-4.66%"
"Apr 24, 2009","501.40","502.15","504.32","497.68","","-0.21%"
"Apr 23, 2009","502.43","496.39","504.28","495.62","","+1.37%"
"Apr 22, 2009","495.62","499.12","499.43","492.64","","-0.70%"
"Apr 21, 2009","499.12","499.96","502.23","493.54","","-1.00%"
"Apr 20, 2009","504.17","505.50","506.81","501.54","","+0.32%"
"Apr 17, 2009","502.58","504.43","506.75","502.58","","-0.22%"
"Apr 16, 2009","503.67","503.64","510.46","499.18","","-0.06%"
"Apr 15, 2009","503.98","504.49","507.11","498.47","","-0.17%"
"Apr 14, 2009","504.83","503.79","505.62","498.06","","+0.36%"
"Apr 13, 2009","503.01","509.35","509.35","502.99","","-1.04%"
"Apr 10, 2009","508.29","508.97","510.12","504.87","","-0.04%"
"Apr 09, 2009","508.47","506.64","509.25","503.98","","+0.36%"
"Apr 08, 2009","506.67","510.40","513.80","503.29","","-1.54%"
"Apr 07, 2009","514.59","507.34","514.59","506.26","","+1.49%"
"Apr 06, 2009","507.02","514.55","514.55","502.84","","-0.81%"
"Apr 03, 2009","511.14","514.96","514.96","507.11","","-0.68%"
"Apr 02, 2009","514.66","509.84","516.21","507.21","","+1.69%"
"Apr 01, 2009","506.09","510.64","512.63","503.43","","-2.28%"
"Mar 31, 2009","517.89","531.89","533.44","516.03","","-2.79%"
"Mar 30, 2009","532.75","532.93","539.56","530.13","","-0.10%"
"Mar 27, 2009","533.27","535.10","537.73","527.72","","-0.05%"
"Mar 26, 2009","533.54","533.13","533.54","517.04","","-2.32%"
"Mar 25, 2009","546.23","547.72","549.27","541.68","","-0.07%"
"Mar 24, 2009","546.63","542.95","549.24","540.60","","+1.82%"
"Mar 23, 2009","536.88","528.18","536.88","528.18","","+1.94%"
"Mar 19, 2009","526.64","523.67","526.65","522.89","","+1.01%"
"Mar 18, 2009","521.35","519.36","522.88","514.10","","+0.75%"
"Mar 17, 2009","517.48","509.51","521.96","507.66","","+2.12%"
"Mar 16, 2009","506.73","504.42","507.82","501.74","","+1.14%"
"Mar 13, 2009","501.02","503.04","504.15","494.68","","+0.03%"
"Mar 12, 2009","500.88","508.47","510.33","494.38","","-1.76%"
"Mar 11, 2009","509.83","514.78","521.28","509.53","","-0.21%"
"Mar 10, 2009","510.89","512.62","516.32","509.04","","-0.55%"
"Mar 09, 2009","513.71","504.73","519.56","504.73","","+1.41%"
"Mar 06, 2009","506.58","496.41","512.20","494.09","","+1.76%"
"Mar 05, 2009","497.82","496.52","504.46","492.84","","+0.10%"
"Mar 04, 2009","497.33","484.77","500.26","481.04","","+2.26%"
"Mar 03, 2009","486.33","468.26","498.72","464.84","","+3.21%"
"Mar 02, 2009","471.20","471.17","472.74","465.54","","-0.72%"
"Feb 27, 2009","474.61","467.07","475.78","464.12","","+2.02%"
"Feb 26, 2009","465.23","461.19","468.62","461.18","","+0.71%"
"Feb 25, 2009","461.97","460.38","461.97","456.66","","+0.93%"
"Feb 24, 2009","457.71","457.39","458.48","454.74","","-0.58%"
"Feb 23, 2009","460.39","460.75","463.37","455.54","","-0.98%"
"Feb 20, 2009","464.94","469.07","469.07","461.21","","-0.72%"
"Feb 19, 2009","468.31","468.30","469.39","463.02","","-0.07%"
"Feb 18, 2009","468.62","462.08","471.22","460.99","","+1.10%"
"Feb 17, 2009","463.50","465.87","467.72","460.56","","-0.90%"
"Feb 16, 2009","467.72","460.71","469.13","459.63","","+1.53%"
"Feb 13, 2009","460.69","459.87","466.71","458.01","","+0.60%"
"Feb 12, 2009","457.96","459.04","461.65","455.35","","-1.10%"
"Feb 10, 2009","463.06","468.21","469.76","461.53","","-0.31%"
"Feb 09, 2009","464.52","475.83","476.60","463.76","","-1.84%"
"Feb 06, 2009","473.21","474.58","475.35","470.86","","+0.43%"
"Feb 05, 2009","471.18","475.63","475.63","469.59","","-1.09%"
"Feb 04, 2009","476.39","472.48","476.39","468.79","","+1.46%"
"Feb 03, 2009","469.53","475.36","477.21","469.51","","-2.09%"
"Feb 02, 2009","479.53","475.24","481.72","471.81","","+0.64%"
"Jan 30, 2009","476.47","476.01","479.39","473.64","","-0.84%"
"Jan 29, 2009","480.49","479.24","481.09","473.67","","+0.19%"
"Jan 28, 2009","479.56","483.02","484.86","478.48","","-1.16%"
"Jan 27, 2009","485.17","484.09","486.24","478.80","","+1.00%"
"Jan 26, 2009","480.35","475.53","486.82","472.89","","+0.70%"
"Jan 23, 2009","477.01","475.83","479.21","473.95","","-0.15%"
"Jan 22, 2009","477.72","477.25","479.11","472.73","","+0.66%"
"Jan 21, 2009","474.60","474.91","478.31","473.05","","-0.23%"
"Jan 20, 2009","475.71","480.18","480.96","474.92","","-0.40%"
"Jan 19, 2009","477.60","487.65","487.65","476.73","","-2.22%"
"Jan 16, 2009","488.42","484.52","489.18","481.53","","+1.42%"
"Jan 15, 2009","481.56","473.62","483.41","472.85","","+1.12%"
"Jan 14, 2009","476.23","478.09","481.03","474.68","","+0.50%"
"Jan 13, 2009","473.88","483.98","483.98","473.88","","-2.63%"
"Jan 09, 2009","486.66","491.99","493.85","486.63","","-0.93%"
"Jan 08, 2009","491.22","496.94","498.03","491.22","","-1.37%"
"Jan 07, 2009","498.02","503.77","503.77","496.16","","-0.99%"
"Jan 06, 2009","503.00","508.53","508.56","500.37","","-0.26%"
"Jan 05, 2009","504.33","510.01","511.09","504.33","","-0.22%"
"Dec 30, 2008","505.45","499.39","505.45","498.62","","+0.68%"
"Dec 29, 2008","502.03","499.36","502.32","495.96","","+0.02%"
"Dec 26, 2008","501.94","498.24","501.94","496.40","","+0.75%"
"Dec 25, 2008","498.18","493.61","498.18","493.59","","+1.25%"
"Dec 24, 2008","492.05","493.95","494.69","489.43","","-0.70%"
"Dec 22, 2008","495.51","489.01","496.65","489.01","","+1.65%"
"Dec 19, 2008","487.46","494.43","495.51","487.15","","-1.72%"
"Dec 18, 2008","496.00","497.08","499.73","495.23","","-0.16%"
"Dec 17, 2008","496.79","498.18","498.20","489.49","","+0.41%"
"Dec 16, 2008","494.74","499.58","500.34","491.79","","-0.97%"
"Dec 15, 2008","499.57","494.07","500.65","492.98","","+2.37%"
"Dec 12, 2008","488.01","492.31","497.26","484.89","","-2.74%"
"Dec 11, 2008","501.78","493.11","501.78","490.48","","+1.00%"
"Dec 10, 2008","496.83","490.98","498.67","490.19","","+0.43%"
"Dec 09, 2008","494.70","499.63","500.70","490.52","","-0.61%"
"Dec 08, 2008","497.76","494.03","500.37","492.48","","+2.16%"
"Dec 05, 2008","487.24","493.77","497.50","487.24","","-1.01%"
"Dec 04, 2008","492.21","492.96","496.84","488.31","","-0.06%"
"Dec 03, 2008","492.52","488.86","494.09","487.31","","+1.39%"
"Dec 02, 2008","485.75","494.13","494.13","483.89","","-2.52%"
"Dec 01, 2008","498.30","503.56","503.58","498.30","","-2.22%"
"Nov 28, 2008","509.63","502.54","510.41","499.89","","+1.26%"
"Nov 27, 2008","503.27","502.97","506.68","500.63","","+0.21%"
"Nov 26, 2008","502.22","503.74","505.59","499.10","","-1.13%"
"Nov 25, 2008","507.95","503.80","507.95","495.10","","+2.06%"
"Nov 21, 2008","497.70","496.74","501.16","483.83","","-0.03%"
"Nov 20, 2008","497.85","506.94","506.95","497.83","","-2.45%"
"Nov 19, 2008","510.36","511.47","513.31","503.98","","-0.01%"
"Nov 18, 2008","510.41","511.67","516.77","506.25","","-0.19%"
"Nov 17, 2008","511.37","507.18","523.27","507.18","","-0.36%"
"Nov 14, 2008","513.21","514.66","517.76","506.40","","+1.34%"
"Nov 13, 2008","506.41","504.60","513.22","498.20","","-0.53%"
"Nov 12, 2008","509.09","510.97","513.92","507.53","","-0.73%"
"Nov 11, 2008","512.83","513.03","518.58","507.75","","-0.90%"
"Nov 10, 2008","517.49","516.95","523.89","514.08","","+1.72%"
"Nov 07, 2008","508.73","507.29","523.73","505.43","","-1.17%"
"Nov 06, 2008","514.76","518.58","524.04","511.36","","-2.09%"
"Nov 05, 2008","525.76","526.02","526.73","518.17","","-0.39%"
"Nov 04, 2008","527.80","531.65","538.51","523.64","","-0.57%"
"Oct 31, 2008","530.81","534.65","536.80","526.76","","-0.91%"
"Oct 30, 2008","535.70","521.86","537.58","520.36","","+2.58%"
"Oct 29, 2008","522.22","514.69","522.24","504.19","","+3.34%"
"Oct 28, 2008","505.33","476.41","505.63","474.14","","+6.25%"
"Oct 27, 2008","475.60","478.30","497.73","473.29","","-1.87%"
"Oct 24, 2008","484.66","510.69","510.69","482.03","","-5.31%"
"Oct 23, 2008","511.86","518.00","518.00","506.48","","-2.75%"
"Oct 22, 2008","526.31","537.37","542.12","526.31","","-3.20%"
"Oct 21, 2008","543.71","540.64","544.46","534.78","","+0.51%"
"Oct 20, 2008","540.96","536.82","541.71","525.22","","+0.64%"
"Oct 17, 2008","537.51","524.44","538.29","523.32","","+4.36%"
"Oct 16, 2008","515.03","521.18","527.45","493.00","","-2.93%"
"Oct 15, 2008","530.59","510.74","532.10","505.59","","+3.20%"
"Oct 14, 2008","514.12","445.91","514.13","445.91","","+17.79%"
"Oct 10, 2008","436.48","461.68","461.68","435.46","","-7.34%"
"Oct 09, 2008","471.04","482.02","483.84","471.04","","-1.98%"
"Oct 08, 2008","480.55","494.29","495.71","480.55","","-4.17%"
"Oct 07, 2008","501.45","502.69","507.46","481.29","","-2.08%"
"Oct 06, 2008","512.12","521.61","524.21","511.32","","-3.00%"
"Oct 03, 2008","527.97","529.07","531.69","525.33","","-1.33%"
"Oct 02, 2008","535.09","532.63","536.42","527.30","","+0.82%"
"Oct 01, 2008","530.76","532.22","533.37","527.35","","+0.80%"
"Sep 30, 2008","526.57","531.90","531.90","519.10","","-2.71%"
"Sep 29, 2008","541.25","543.25","546.28","536.08","","-0.22%"
"Sep 26, 2008","542.46","540.34","542.46","537.31","","+0.25%"
"Sep 25, 2008","541.11","535.94","541.11","529.16","","-0.01%"
"Sep 24, 2008","541.19","541.73","543.74","538.50","","-0.59%"
"Sep 22, 2008","544.41","550.76","553.00","544.41","","-1.22%"
"Sep 19, 2008","551.11","543.76","551.11","537.61","","+2.48%"
"Sep 18, 2008","537.77","525.13","544.92","520.27","","+2.25%"
"Sep 17, 2008","525.93","532.68","533.43","525.16","","-0.08%"
"Sep 16, 2008","526.34","529.87","535.68","519.98","","-2.40%"
"Sep 12, 2008","539.30","535.89","539.30","534.02","","+1.57%"
"Sep 11, 2008","530.94","533.04","538.14","529.31","","-0.18%"
"Sep 10, 2008","531.91","537.14","539.38","529.64","","-0.78%"
"Sep 09, 2008","536.08","549.53","551.40","534.94","","-2.38%"
"Sep 08, 2008","549.17","555.11","556.65","548.41","","-0.26%"
"Sep 05, 2008","550.58","554.78","555.53","548.37","","-1.56%"
"Sep 04, 2008","559.32","560.52","561.59","556.68","","-0.67%"
"Sep 03, 2008","563.10","560.92","566.11","559.36","","+1.27%"
"Sep 02, 2008","556.02","561.70","563.57","554.56","","-0.49%"
"Sep 01, 2008","558.73","563.66","564.70","557.99","","-1.47%"
"Aug 29, 2008","567.04","562.07","567.04","560.95","","+1.57%"
"Aug 28, 2008","558.29","556.86","558.65","554.90","","+0.05%"
"Aug 27, 2008","558.01","555.04","558.39","553.17","","+0.53%"
"Aug 26, 2008","555.05","552.76","555.05","550.09","","+0.08%"
"Aug 25, 2008","554.63","551.97","557.68","551.97","","+1.53%"
"Aug 22, 2008","546.28","551.12","551.12","546.25","","-0.88%"
"Aug 21, 2008","551.12","557.52","557.52","550.38","","-1.21%"
"Aug 20, 2008","557.88","553.78","559.00","553.03","","+0.33%"
"Aug 19, 2008","556.03","562.04","562.04","554.48","","-1.73%"
"Aug 18, 2008","565.79","560.63","570.00","559.51","","+1.26%"
"Aug 15, 2008","558.74","554.27","560.24","553.52","","+0.07%"
"Aug 14, 2008","558.37","555.44","562.12","553.53","","-0.15%"
"Aug 13, 2008","559.21","555.31","561.08","554.80","","+0.43%"
"Aug 12, 2008","556.84","548.24","556.85","548.24","","+2.34%"
"Aug 11, 2008","544.13","543.75","547.53","539.66","","+0.97%"
"Aug 08, 2008","538.89","538.11","543.33","535.49","","-0.76%"
"Aug 07, 2008","543.03","553.21","554.33","543.02","","-2.30%"
"Aug 06, 2008","555.79","558.42","561.09","553.92","","+0.62%"
"Aug 05, 2008","552.38","548.67","553.91","546.80","","+1.50%"
"Aug 04, 2008","544.23","544.66","548.39","541.62","","+0.13%"
"Aug 01, 2008","543.54","547.26","549.92","541.30","","-1.01%"
"Jul 31, 2008","549.10","554.03","557.78","547.22","","-0.75%"
"Jul 30, 2008","553.23","550.61","553.24","544.21","","+1.58%"
"Jul 29, 2008","544.62","549.51","550.26","541.60","","-1.77%"
"Jul 28, 2008","554.42","558.28","559.37","553.69","","-0.69%"
"Jul 25, 2008","558.28","555.68","561.22","554.93","","-0.34%"
"Jul 24, 2008","560.16","558.55","562.37","557.88","","+0.90%"
"Jul 23, 2008","555.15","552.96","558.99","552.96","","+1.09%"
"Jul 22, 2008","549.18","547.99","549.18","541.62","","+0.50%"
"Jul 18, 2008","546.47","556.27","558.89","546.05","","-1.02%"
"Jul 17, 2008","552.11","544.98","552.44","544.98","","+3.30%"
"Jul 16, 2008","534.47","531.84","539.71","531.47","","+1.26%"
"Jul 15, 2008","527.80","531.55","532.26","527.01","","-0.35%"
"Jul 14, 2008","529.63","530.31","532.67","528.44","","-0.13%"
"Jul 11, 2008","530.30","531.46","532.93","528.08","","-0.28%"
"Jul 10, 2008","531.81","532.94","535.59","530.34","","-0.63%"
"Jul 09, 2008","535.20","539.08","541.36","534.09","","+1.04%"
"Jul 08, 2008","529.70","536.19","539.18","529.70","","-1.28%"
"Jul 07, 2008","536.57","538.88","538.89","533.24","","-0.85%"
"Jul 04, 2008","541.17","544.95","546.07","539.26","","-0.83%"
"Jul 03, 2008","545.69","543.80","547.18","540.06","","+0.55%"
"Jul 02, 2008","542.73","553.62","553.62","542.36","","-1.83%"
"Jul 01, 2008","552.84","553.98","554.73","551.35","","+0.07%"
"Jun 30, 2008","552.48","553.29","555.94","550.62","","-0.20%"
"Jun 27, 2008","553.59","550.97","555.47","550.94","","-1.02%"
"Jun 26, 2008","559.28","558.49","562.30","557.00","","+0.48%"
"Jun 25, 2008","556.63","554.82","557.02","549.53","","+0.32%"
"Jun 24, 2008","554.83","553.72","555.58","551.10","","+0.47%"
"Jun 23, 2008","552.22","553.67","555.59","550.67","","-1.47%"
"Jun 20, 2008","560.46","561.66","563.16","557.15","","+0.07%"
"Jun 19, 2008","560.08","565.43","567.00","558.97","","-1.21%"
"Jun 18, 2008","566.94","566.15","570.01","565.90","","+0.27%"
"Jun 17, 2008","565.42","564.58","567.31","563.12","","+0.48%"
"Jun 16, 2008","562.73","558.26","565.34","557.14","","+1.63%"
"Jun 13, 2008","553.73","558.61","558.61","552.52","","-1.54%"
"Jun 12, 2008","562.37","563.46","563.46","559.67","","-0.39%"
"Jun 11, 2008","564.55","568.27","569.39","564.52","","-0.52%"
"Jun 10, 2008","567.51","569.49","571.34","566.76","","-0.40%"
"Jun 09, 2008","569.80","571.34","571.71","565.63","","-1.32%"
"Jun 06, 2008","577.40","577.05","580.37","575.94","","0.00%"
"Jun 05, 2008","577.41","578.93","580.44","575.89","","-0.26%"
"Jun 04, 2008","578.92","576.25","578.93","574.72","","+1.39%"
"Jun 03, 2008","571.01","573.29","575.21","569.84","","-1.12%"
"Jun 02, 2008","577.48","575.63","577.49","571.44","","+0.52%"
"May 30, 2008","574.52","574.50","577.91","573.38","","+0.52%"
"May 29, 2008","571.55","571.06","574.07","568.43","","+0.61%"
"May 28, 2008","568.09","578.62","579.74","565.44","","-1.95%"
"May 27, 2008","579.36","568.17","579.36","567.06","","+2.51%"
"May 26, 2008","565.18","567.07","567.07","561.81","","-0.15%"
"May 23, 2008","566.05","569.12","571.32","566.04","","-0.60%"
"May 22, 2008","569.48","573.82","574.58","567.07","","-1.21%"
"May 21, 2008","576.44","580.45","582.36","575.63","","-0.82%"
"May 20, 2008","581.21","583.78","586.72","581.10","","-0.12%"
"May 19, 2008","581.92","586.32","589.31","581.86","","-0.68%"
"May 16, 2008","585.92","595.32","596.46","585.23","","-1.76%"
"May 15, 2008","596.39","592.94","596.39","589.96","","+0.65%"
"May 14, 2008","592.55","588.04","592.90","587.67","","+0.90%"
"May 13, 2008","587.29","586.53","589.52","583.91","","+0.58%"
"May 12, 2008","583.91","586.50","587.25","582.01","","-0.63%"
"May 09, 2008","587.61","594.73","596.95","587.61","","-1.00%"
"May 08, 2008","593.55","593.93","596.21","592.77","","-0.06%"
"May 07, 2008","593.89","606.98","606.98","591.67","","-2.16%"
"May 02, 2008","606.99","592.74","606.99","590.88","","+2.98%"
"May 01, 2008","589.41","585.27","592.02","584.54","","+0.69%"
"Apr 30, 2008","585.35","586.43","591.34","585.35","","-0.06%"
"Apr 28, 2008","585.70","592.39","593.15","582.70","","-1.12%"
"Apr 25, 2008","592.35","586.11","594.70","586.11","","+1.79%"
"Apr 24, 2008","581.92","585.33","587.95","580.82","","-1.22%"
"Apr 23, 2008","589.09","593.55","595.07","588.68","","-1.31%"
"Apr 22, 2008","596.92","596.18","598.42","593.16","","-0.18%"
"Apr 21, 2008","597.99","601.82","605.18","593.51","","+0.55%"
"Apr 18, 2008","594.70","591.72","596.21","588.34","","+0.96%"
"Apr 17, 2008","589.06","584.55","589.07","581.93","","+1.82%"
"Apr 16, 2008","578.53","582.67","584.54","577.77","","-0.83%"
"Apr 15, 2008","583.40","587.07","587.86","582.24","","-0.68%"
"Apr 14, 2008","587.42","596.40","596.40","585.93","","-2.55%"
"Apr 11, 2008","602.77","600.92","603.89","596.06","","+0.31%"
"Apr 10, 2008","600.89","609.87","609.87","596.78","","-2.07%"
"Apr 09, 2008","613.61","616.34","616.34","609.84","","-0.26%"
"Apr 08, 2008","615.21","620.91","622.39","614.46","","-2.21%"
"Apr 07, 2008","629.11","621.94","629.11","621.94","","+0.42%"
"Apr 04, 2008","626.46","628.36","630.23","624.24","","-1.01%"
"Apr 03, 2008","632.84","632.51","634.00","629.86","","+0.23%"
"Apr 02, 2008","631.39","630.98","635.15","628.02","","+0.48%"
"Apr 01, 2008","628.35","626.14","628.35","621.65","","+0.66%"
"Mar 31, 2008","624.25","623.91","629.54","618.96","","-0.19%"
"Mar 28, 2008","625.43","622.04","627.99","618.27","","+0.73%"
"Mar 27, 2008","620.89","615.66","624.64","614.54","","-0.30%"
"Mar 26, 2008","622.76","618.97","622.76","610.40","","-1.47%"
"Mar 25, 2008","632.05","642.60","644.49","627.92","","-0.94%"
"Mar 24, 2008","638.07","639.61","644.83","636.21","","+0.29%"
"Mar 21, 2008","636.21","622.36","636.97","621.24","","+3.28%"
"Mar 19, 2008","615.98","623.84","629.09","612.60","","-0.36%"
"Mar 18, 2008","618.18","602.63","618.18","602.63","","+4.40%"
"Mar 17, 2008","592.12","598.56","601.14","592.12","","-1.52%"
"Mar 14, 2008","601.24","604.22","606.10","600.04","","-0.38%"
"Mar 13, 2008","603.52","611.31","611.31","601.28","","-2.23%"
"Mar 12, 2008","617.30","612.87","617.34","610.20","","+2.10%"
"Mar 11, 2008","604.60","602.68","608.73","601.57","","+0.07%"
"Mar 10, 2008","604.20","607.93","614.68","601.96","","-0.74%"
"Mar 07, 2008","608.70","619.25","619.25","608.70","","-2.30%"
"Mar 06, 2008","623.03","625.65","632.42","622.66","","-0.30%"
"Mar 05, 2008","624.89","625.24","630.53","621.92","","-0.30%"
"Mar 04, 2008","626.75","623.78","627.90","621.51","","+0.48%"
"Mar 03, 2008","623.75","620.29","627.87","613.54","","+0.43%"
"Feb 29, 2008","621.10","617.30","621.87","614.63","","+0.06%"
"Feb 28, 2008","620.73","619.61","622.59","614.36","","-0.54%"
"Feb 27, 2008","624.12","615.54","626.81","614.42","","+2.64%"
"Feb 26, 2008","608.04","619.67","622.70","608.04","","-0.92%"
"Feb 25, 2008","613.69","611.76","620.82","611.05","","+0.68%"
"Feb 22, 2008","609.53","607.74","610.35","602.89","","-0.37%"
"Feb 21, 2008","611.81","608.48","613.32","605.07","","+1.30%"
"Feb 20, 2008","603.95","616.74","616.74","602.31","","-2.08%"
"Feb 19, 2008","616.79","622.74","624.61","616.79","","-0.54%"
"Feb 18, 2008","620.15","620.81","624.49","618.92","","-0.17%"
"Feb 15, 2008","621.20","621.25","623.83","614.48","","-0.42%"
"Feb 14, 2008","623.85","624.61","628.04","619.79","","+1.22%"
"Feb 13, 2008","616.33","628.79","629.19","615.89","","-0.98%"
"Feb 12, 2008","622.46","629.32","635.57","622.46","","-1.91%"
"Feb 08, 2008","634.58","627.96","642.18","627.58","","+0.75%"
"Feb 07, 2008","629.86","614.41","630.99","614.41","","+3.21%"
"Feb 06, 2008","610.25","622.29","623.38","610.25","","-3.40%"
"Feb 05, 2008","631.72","622.94","632.10","620.00","","+1.53%"
"Feb 04, 2008","622.23","628.48","634.44","618.05","","-0.59%"
"Feb 01, 2008","625.91","610.34","628.19","602.24","","+2.07%"
"Jan 31, 2008","613.21","592.99","613.21","592.24","","+3.15%"
"Jan 30, 2008","594.47","592.13","595.25","589.51","","+0.14%"
"Jan 29, 2008","593.61","590.51","596.91","587.15","","+1.87%"
"Jan 28, 2008","582.74","586.01","594.67","582.74","","-1.14%"
"Jan 25, 2008","589.48","585.54","593.07","581.81","","+1.85%"
"Jan 24, 2008","578.78","568.93","579.51","568.93","","+2.48%"
"Jan 23, 2008","564.75","563.19","566.62","558.84","","+2.26%"
"Jan 22, 2008","552.26","569.42","569.79","550.41","","-3.54%"
"Jan 21, 2008","572.51","578.27","579.39","572.51","","-1.75%"
"Jan 18, 2008","582.69","578.20","583.50","568.83","","-0.32%"
"Jan 17, 2008","584.58","581.93","585.73","576.69","","+1.75%"
"Jan 16, 2008","574.52","573.67","581.64","568.41","","-0.83%"
"Jan 15, 2008","579.31","590.43","595.28","579.29","","-0.76%"
"Jan 11, 2008","583.72","594.61","595.35","582.61","","-1.40%"
"Jan 10, 2008","592.00","589.85","595.73","588.63","","+0.28%"
"Jan 09, 2008","590.32","584.97","590.58","584.13","","-0.38%"
"Jan 08, 2008","592.56","587.41","594.83","587.38","","-0.38%"
"Jan 07, 2008","594.81","587.49","595.10","583.41","","+1.00%"
"Jan 04, 2008","588.90","603.75","603.75","587.42","","-2.04%"
"Dec 28, 2007","601.15","615.33","615.33","598.90","","-3.08%"
"Dec 27, 2007","620.25","615.49","622.20","611.85","","+0.91%"
"Dec 26, 2007","614.66","609.17","614.66","606.47","","+1.35%"
"Dec 25, 2007","606.50","604.59","608.35","603.48","","+0.75%"
"Dec 21, 2007","601.99","603.58","604.69","597.79","","-0.45%"
"Dec 20, 2007","604.74","610.33","610.34","602.11","","-0.30%"
"Dec 19, 2007","606.56","610.70","614.43","606.56","","-0.74%"
"Dec 18, 2007","611.06","612.49","614.44","607.32","","-0.60%"
"Dec 17, 2007","614.75","625.69","626.07","612.16","","-1.51%"
"Dec 14, 2007","624.19","623.04","628.66","621.92","","-0.07%"
"Dec 13, 2007","624.60","628.78","630.28","623.84","","-1.19%"
"Dec 12, 2007","632.14","627.42","635.14","625.77","","+0.26%"
"Dec 11, 2007","630.47","629.39","632.73","628.56","","+0.22%"
"Dec 10, 2007","629.07","632.72","634.98","627.19","","-0.58%"
"Dec 07, 2007","632.72","633.55","636.43","631.58","","-0.19%"
"Dec 06, 2007","633.92","633.68","634.43","628.27","","+0.56%"
"Dec 05, 2007","630.37","621.43","631.05","621.30","","+1.37%"
"Dec 04, 2007","621.85","624.95","628.36","621.85","","-0.91%"
"Dec 03, 2007","627.54","623.84","628.29","622.29","","+0.23%"
"Nov 30, 2007","626.11","626.04","627.95","621.18","","-0.58%"
"Nov 29, 2007","629.78","638.82","642.15","627.89","","-0.06%"
"Nov 28, 2007","630.15","635.13","638.16","626.28","","-1.13%"
"Nov 27, 2007","637.37","616.72","637.37","615.18","","+2.05%"
"Nov 26, 2007","624.55","614.07","627.12","611.04","","+3.27%"
"Nov 22, 2007","604.77","613.20","617.52","604.75","","-2.22%"
"Nov 21, 2007","618.52","624.60","625.39","615.48","","-0.55%"
"Nov 20, 2007","621.93","616.70","623.05","611.40","","-0.55%"
"Nov 19, 2007","625.38","620.97","630.70","620.52","","+1.31%"
"Nov 16, 2007","617.29","615.87","619.53","611.29","","-0.61%"
"Nov 15, 2007","621.08","623.32","627.39","617.38","","-0.53%"
"Nov 14, 2007","624.40","616.15","624.40","610.53","","+2.53%"
"Nov 13, 2007","608.97","604.12","612.38","600.79","","+1.36%"
"Nov 12, 2007","600.79","605.30","606.78","596.22","","-1.96%"
"Nov 09, 2007","612.77","619.66","619.66","612.77","","-1.05%"
"Nov 08, 2007","619.29","636.20","639.94","616.31","","-3.53%"
"Nov 07, 2007","641.94","647.60","650.81","641.94","","+0.34%"
"Nov 06, 2007","639.77","646.47","649.46","639.77","","-1.21%"
"Nov 05, 2007","647.62","633.98","647.62","631.71","","+3.05%"
"Nov 02, 2007","628.45","627.79","631.41","623.56","","-0.78%"
"Nov 01, 2007","633.39","626.76","633.53","623.75","","+0.76%"
"Oct 31, 2007","628.61","623.72","628.61","621.04","","+1.34%"
"Oct 30, 2007","620.30","624.86","625.61","619.19","","-0.83%"
"Oct 29, 2007","625.51","626.50","628.37","622.95","","+0.15%"
"Oct 26, 2007","624.57","621.00","626.43","619.85","","+0.17%"
"Oct 25, 2007","623.53","625.77","627.21","621.63","","-0.13%"
"Oct 24, 2007","624.34","629.81","632.80","621.74","","-0.75%"
"Oct 23, 2007","629.05","624.32","630.78","622.45","","+1.84%"
"Oct 22, 2007","617.68","627.72","627.72","616.97","","-2.72%"
"Oct 19, 2007","634.94","638.60","640.47","631.50","","-0.42%"
"Oct 18, 2007","637.62","641.23","642.35","636.08","","-0.12%"
"Oct 17, 2007","638.36","639.04","645.80","629.41","","+0.16%"
"Oct 16, 2007","637.31","639.91","642.89","637.31","","-0.76%"
"Oct 15, 2007","642.19","638.45","643.27","637.67","","+1.12%"
"Oct 12, 2007","635.07","646.22","646.22","634.71","","-1.74%"
"Oct 11, 2007","646.31","647.06","649.68","637.37","","-0.92%"
"Oct 10, 2007","652.29","640.39","652.31","639.27","","+2.39%"
"Oct 09, 2007","637.05","633.88","638.92","632.43","","-0.40%"
"Oct 05, 2007","639.61","636.34","641.00","633.08","","+0.58%"
"Oct 04, 2007","635.91","635.13","640.03","633.22","","-0.25%"
"Oct 03, 2007","637.50","637.92","640.22","630.75","","+0.05%"
"Oct 02, 2007","637.21","633.00","638.41","631.89","","+1.39%"
"Oct 01, 2007","628.47","620.15","628.47","617.99","","+1.08%"
"Sep 28, 2007","621.75","626.61","626.61","621.35","","-1.07%"
"Sep 27, 2007","628.48","622.38","629.22","621.28","","+0.92%"
"Sep 26, 2007","622.75","622.74","622.76","619.02","","+0.48%"
"Sep 25, 2007","619.76","620.48","620.48","614.51","","-1.30%"
"Sep 21, 2007","627.93","634.58","636.45","626.72","","-0.87%"
"Sep 20, 2007","633.47","639.68","640.48","632.61","","-0.69%"
"Sep 19, 2007","637.90","634.88","642.42","633.77","","+1.63%"
"Sep 18, 2007","627.65","633.84","633.84","626.90","","-0.99%"
"Sep 14, 2007","633.93","633.97","634.77","629.87","","+0.30%"
"Sep 13, 2007","632.06","634.78","637.80","632.06","","-0.44%"
"Sep 12, 2007","634.86","640.50","642.77","634.11","","-0.47%"
"Sep 11, 2007","637.86","639.04","641.32","636.38","","+0.10%"
"Sep 10, 2007","637.23","635.25","641.41","634.45","","-0.88%"
"Sep 07, 2007","642.86","642.87","644.33","639.44","","-0.29%"
"Sep 06, 2007","644.71","641.68","644.71","637.10","","+0.29%"
"Sep 05, 2007","642.83","652.64","652.64","642.52","","-1.26%"
"Sep 04, 2007","651.05","650.98","655.56","646.87","","+0.16%"
"Sep 03, 2007","649.99","648.39","654.04","645.10","","+0.18%"
"Aug 31, 2007","648.83","640.20","648.83","639.38","","+1.23%"
"Aug 30, 2007","640.96","640.64","642.18","634.60","","+0.53%"
"Aug 29, 2007","637.55","631.99","639.07","631.66","","-0.48%"
"Aug 28, 2007","640.65","640.90","644.42","636.98","","-0.57%"
"Aug 27, 2007","644.33","631.71","644.33","627.55","","+2.13%"
"Aug 24, 2007","630.91","623.90","632.04","621.86","","+0.77%"
"Aug 23, 2007","626.12","627.06","629.13","620.39","","+0.53%"
"Aug 22, 2007","622.80","616.33","624.94","614.85","","+2.36%"
"Aug 21, 2007","608.47","608.35","611.82","605.74","","+0.77%"
"Aug 20, 2007","603.84","603.24","613.80","600.11","","+1.69%"
"Aug 17, 2007","593.80","598.36","610.28","593.80","","-0.71%"
"Aug 16, 2007","598.03","598.86","600.68","593.12","","-1.14%"
"Aug 15, 2007","604.91","617.43","618.54","604.16","","-2.45%"
"Aug 14, 2007","620.13","626.43","626.43","617.34","","-1.67%"
"Aug 13, 2007","630.63","631.20","632.11","623.75","","-0.92%"
"Aug 10, 2007","636.51","625.12","642.13","622.88","","+0.16%"
"Aug 09, 2007","635.49","623.37","636.26","620.27","","+2.70%"
"Aug 08, 2007","618.81","604.35","618.84","600.98","","+2.73%"
"Aug 07, 2007","602.37","596.57","605.38","596.57","","+1.61%"
"Aug 06, 2007","592.82","585.39","597.26","581.21","","+1.05%"
"Aug 03, 2007","586.64","594.13","594.13","585.56","","-1.18%"
"Aug 02, 2007","593.67","594.12","594.48","587.62","","+0.06%"
"Aug 01, 2007","593.31","604.00","604.00","591.80","","-1.78%"
"Jul 31, 2007","604.09","606.36","607.11","601.79","","-0.38%"
"Jul 30, 2007","606.37","607.03","609.21","602.54","","-0.35%"
"Jul 27, 2007","608.53","609.01","609.01","603.93","","-0.28%"
"Jul 26, 2007","610.26","612.27","615.14","610.26","","-0.08%"
"Jul 25, 2007","610.77","610.76","614.16","608.12","","+0.10%"
"Jul 24, 2007","610.13","610.83","610.88","606.64","","+0.30%"
"Jul 23, 2007","608.30","612.73","612.74","607.44","","-1.04%"
"Jul 20, 2007","614.68","612.95","616.34","612.14","","+0.52%"
"Jul 19, 2007","611.50","613.07","614.59","609.61","","-0.06%"
"Jul 18, 2007","611.89","614.60","615.72","610.37","","-1.11%"
"Jul 17, 2007","618.76","619.14","620.64","616.15","","+0.01%"
"Jul 13, 2007","618.69","619.97","620.99","617.62","","+0.48%"
"Jul 12, 2007","615.72","619.17","619.64","614.17","","-0.25%"
"Jul 11, 2007","617.29","619.87","621.38","616.85","","-0.48%"
"Jul 10, 2007","620.24","621.32","622.11","618.73","","+0.07%"
"Jul 09, 2007","619.83","620.09","621.98","618.70","","+0.39%"
"Jul 06, 2007","617.40","622.14","622.83","616.24","","-0.47%"
"Jul 05, 2007","620.31","614.13","623.88","614.13","","+1.13%"
"Jul 04, 2007","613.40","614.97","616.08","613.33","","-0.25%"
"Jul 03, 2007","614.95","616.18","618.41","614.15","","+0.11%"
"Jul 02, 2007","614.27","617.63","618.76","613.53","","-0.73%"
"Jun 29, 2007","618.76","616.08","620.60","615.34","","+0.43%"
"Jun 28, 2007","616.11","616.21","620.40","614.63","","+0.12%"
"Jun 27, 2007","615.40","621.18","621.36","615.31","","-1.06%"
"Jun 26, 2007","621.97","623.53","625.78","618.20","","+0.06%"
"Jun 25, 2007","621.61","619.09","625.12","616.82","","+0.64%"
"Jun 22, 2007","617.63","623.26","628.09","615.67","","-0.13%"
"Jun 21, 2007","618.42","617.60","620.70","616.85","","-0.06%"
"Jun 20, 2007","618.77","622.16","622.53","617.63","","-0.42%"
"Jun 19, 2007","621.36","625.99","626.74","619.48","","-1.15%"
"Jun 18, 2007","628.60","622.94","629.35","622.94","","+1.11%"
"Jun 15, 2007","621.72","619.34","621.72","616.67","","+0.56%"
"Jun 14, 2007","618.25","617.51","621.54","615.56","","+0.80%"
"Jun 13, 2007","613.36","612.73","616.37","607.79","","-0.20%"
"Jun 12, 2007","614.61","622.96","622.96","614.27","","-1.71%"
"Jun 11, 2007","625.30","623.72","630.32","622.16","","+1.05%"
"Jun 08, 2007","618.80","623.97","624.35","617.90","","-1.02%"
"Jun 07, 2007","625.16","620.17","626.26","619.78","","+0.43%"
"Jun 06, 2007","622.48","622.65","624.34","616.27","","-0.69%"
"Jun 05, 2007","626.81","628.16","628.53","622.21","","-0.32%"
"Jun 04, 2007","628.84","626.97","630.34","624.71","","+0.84%"
"Jun 01, 2007","623.60","628.44","631.42","623.60","","-0.82%"
"May 31, 2007","628.77","625.01","630.21","622.74","","+0.91%"
"May 30, 2007","623.09","622.47","628.80","618.60","","+0.27%"
"May 29, 2007","621.39","608.90","621.40","607.40","","+2.05%"
"May 28, 2007","608.88","611.98","613.40","607.39","","-0.02%"
"May 25, 2007","608.98","615.80","616.91","606.71","","-1.04%"
"May 24, 2007","615.40","619.13","622.94","614.27","","-0.32%"
"May 23, 2007","617.36","618.86","622.60","616.60","","+0.32%"
"May 22, 2007","615.40","617.51","618.62","611.90","","-0.28%"
"May 21, 2007","617.12","616.02","620.10","614.95","","-0.05%"
"May 18, 2007","617.45","625.93","625.93","614.82","","-1.78%"
"May 17, 2007","628.65","629.73","633.86","626.01","","+0.44%"
"May 16, 2007","625.91","625.30","629.65","619.31","","+0.08%"
"May 15, 2007","625.38","633.26","633.26","624.61","","-1.55%"
"May 14, 2007","635.22","636.23","639.86","632.11","","+0.42%"
"May 11, 2007","632.55","630.96","634.73","625.95","","-0.12%"
"May 10, 2007","633.32","635.13","638.76","628.87","","+0.84%"
"May 09, 2007","628.03","625.66","629.46","622.96","","+0.75%"
"May 08, 2007","623.35","611.51","627.49","610.32","","+2.24%"
"May 07, 2007","609.72","612.90","614.85","605.91","","+0.91%"
"May 02, 2007","604.25","606.21","606.21","599.50","","-0.51%"
"May 01, 2007","607.37","622.36","622.36","605.53","","-1.98%"
"Apr 27, 2007","619.64","632.74","632.74","617.04","","-2.34%"
"Apr 26, 2007","634.47","632.30","636.71","630.44","","+0.88%"
"Apr 25, 2007","628.92","632.64","633.79","628.50","","-0.53%"
"Apr 24, 2007","632.30","631.90","635.30","627.00","","+0.05%"
"Apr 23, 2007","631.96","633.09","639.83","630.07","","+0.37%"
"Apr 20, 2007","629.64","632.28","634.86","629.64","","+0.12%"
"Apr 19, 2007","628.91","638.28","638.28","626.31","","-1.99%"
"Apr 18, 2007","641.70","643.23","645.56","639.04","","+0.04%"
"Apr 17, 2007","641.44","649.56","649.69","638.43","","-0.85%"
"Apr 16, 2007","646.91","645.12","650.62","644.01","","+1.03%"
"Apr 13, 2007","640.34","643.47","650.61","640.33","","+0.26%"
"Apr 12, 2007","638.67","641.67","642.78","632.20","","-0.76%"
"Apr 11, 2007","643.56","639.56","646.25","639.52","","+0.86%"
"Apr 10, 2007","638.09","641.88","645.62","636.21","","-0.18%"
"Apr 09, 2007","639.21","634.11","639.50","633.75","","+1.47%"
"Apr 06, 2007","629.98","626.65","633.75","625.90","","+0.23%"
"Apr 05, 2007","628.55","632.18","633.30","625.77","","-0.52%"
"Apr 04, 2007","631.82","627.37","634.10","626.26","","+1.75%"
"Apr 03, 2007","620.97","617.11","622.37","614.11","","+1.25%"
"Apr 02, 2007","613.28","627.04","632.58","613.28","","-2.36%"
"Mar 30, 2007","628.13","644.27","644.27","626.21","","-2.78%"
"Mar 29, 2007","646.12","641.71","649.80","639.08","","-0.42%"
"Mar 28, 2007","648.83","658.11","661.21","644.29","","-1.69%"
"Mar 27, 2007","660.00","657.80","664.49","647.66","","-1.40%"
"Mar 26, 2007","669.37","668.24","670.88","664.86","","+1.06%"
"Mar 23, 2007","662.33","663.76","667.81","661.88","","+0.07%"
"Mar 22, 2007","661.89","659.27","663.09","658.52","","+1.32%"
"Mar 20, 2007","653.25","647.55","655.47","647.50","","+1.42%"
"Mar 19, 2007","644.13","639.62","648.19","638.50","","+1.05%"
"Mar 16, 2007","637.45","641.31","644.99","635.24","","-0.61%"
"Mar 15, 2007","641.36","647.61","649.48","641.36","","-0.21%"
"Mar 14, 2007","642.73","645.91","651.03","640.59","","-1.92%"
"Mar 13, 2007","655.30","656.18","662.13","652.70","","+0.10%"
"Mar 12, 2007","654.63","660.18","660.59","653.50","","-0.11%"
"Mar 09, 2007","655.35","652.07","659.50","649.41","","+0.56%"
"Mar 08, 2007","651.70","639.17","652.82","637.61","","+1.84%"
"Mar 07, 2007","639.94","645.58","655.68","638.46","","+0.59%"
"Mar 06, 2007","636.18","613.34","638.07","613.34","","+4.36%"
"Mar 05, 2007","609.58","626.04","626.78","605.08","","-3.74%"
"Mar 02, 2007","633.26","638.19","639.31","632.49","","-0.96%"
"Mar 01, 2007","639.42","650.67","652.57","635.95","","-1.21%"
"Feb 28, 2007","647.26","653.58","653.58","628.75","","-2.38%"
"Feb 27, 2007","663.06","668.74","670.25","660.76","","-1.25%"
"Feb 26, 2007","671.42","671.01","676.60","667.97","","-0.22%"
"Feb 23, 2007","672.91","665.18","674.77","664.03","","+1.38%"
"Feb 22, 2007","663.75","665.21","665.96","660.38","","-0.17%"
"Feb 21, 2007","664.89","653.59","665.65","652.48","","+1.44%"
"Feb 20, 2007","655.44","659.15","660.26","650.51","","-1.35%"
"Feb 19, 2007","664.40","670.01","673.89","663.22","","-1.16%"
"Feb 16, 2007","672.22","671.79","674.05","669.13","","+0.06%"
"Feb 15, 2007","671.81","671.02","676.63","670.27","","+0.18%"
"Feb 14, 2007","670.60","658.31","675.32","655.70","","+1.76%"
"Feb 13, 2007","658.99","652.61","660.17","650.80","","+1.97%"
"Feb 09, 2007","646.27","636.50","648.14","634.64","","+1.47%"
"Feb 08, 2007","636.88","635.12","641.89","633.26","","+0.63%"
"Feb 07, 2007","632.89","639.66","642.65","631.40","","-0.35%"
"Feb 06, 2007","635.11","637.29","644.42","633.59","","+0.07%"
"Feb 05, 2007","634.67","644.52","645.64","633.59","","-1.23%"
"Feb 02, 2007","642.60","640.71","648.99","639.59","","-0.17%"
"Feb 01, 2007","643.71","628.67","644.05","628.67","","+3.01%"
"Jan 31, 2007","624.90","630.56","631.68","621.54","","-0.61%"
"Jan 30, 2007","628.71","629.90","635.88","627.55","","+0.54%"
"Jan 29, 2007","625.36","620.23","627.29","619.48","","+1.07%"
"Jan 26, 2007","618.75","619.75","622.09","615.30","","-0.29%"
"Jan 25, 2007","620.56","626.77","626.77","620.51","","-0.34%"
"Jan 24, 2007","622.69","625.66","626.44","620.86","","-1.07%"
"Jan 23, 2007","629.42","609.55","630.18","609.18","","+3.13%"
"Jan 22, 2007","610.33","613.22","614.13","609.53","","+0.14%"
"Jan 19, 2007","609.47","611.96","613.07","604.54","","-0.58%"
"Jan 18, 2007","613.03","611.78","621.92","609.67","","+0.70%"
"Jan 17, 2007","608.77","603.98","611.38","602.76","","+1.80%"
"Jan 16, 2007","598.01","607.29","608.84","597.61","","-1.76%"
"Jan 15, 2007","608.72","600.01","608.72","600.01","","+2.79%"
"Jan 12, 2007","592.22","586.14","595.94","584.64","","+1.30%"
"Jan 11, 2007","584.61","589.49","590.60","582.69","","-1.07%"
"Jan 10, 2007","590.94","590.68","598.92","585.38","","+1.21%"
"Jan 09, 2007","583.90","571.52","586.89","569.28","","+2.64%"
"Jan 05, 2007","568.90","569.34","570.87","564.48","","+1.25%"
"Jan 04, 2007","561.89","562.21","565.98","561.09","","+0.69%"
"Dec 29, 2006","558.04","559.18","559.93","557.30","","-0.20%"
"Dec 28, 2006","559.14","561.01","562.13","558.73","","-0.53%"
"Dec 27, 2006","562.13","561.38","563.30","558.84","","+0.61%"
"Dec 26, 2006","558.73","558.25","560.61","557.13","","-0.06%"
"Dec 25, 2006","559.05","562.84","562.84","558.29","","-0.68%"
"Dec 22, 2006","562.85","563.50","563.62","560.16","","+0.08%"
"Dec 21, 2006","562.38","564.11","564.48","561.64","","-0.51%"
"Dec 20, 2006","565.27","564.47","566.63","561.84","","+0.40%"
"Dec 19, 2006","563.03","568.32","569.40","561.90","","-0.80%"
"Dec 18, 2006","567.58","569.89","571.00","565.70","","-0.53%"
"Dec 15, 2006","570.62","576.25","577.37","569.88","","-0.72%"
"Dec 14, 2006","574.75","579.04","582.04","573.64","","-0.03%"
"Dec 13, 2006","574.90","567.36","575.65","567.36","","+1.00%"
"Dec 12, 2006","569.23","565.83","570.70","562.44","","+1.07%"
"Dec 11, 2006","563.23","565.07","566.91","560.92","","-0.13%"
"Dec 08, 2006","563.95","564.65","569.15","563.19","","+0.26%"
"Dec 07, 2006","562.46","563.92","565.04","559.40","","-0.06%"
"Dec 06, 2006","562.81","564.66","565.77","560.52","","-0.26%"
"Dec 05, 2006","564.28","565.73","569.89","562.00","","-0.38%"
"Dec 04, 2006","566.46","566.14","568.01","561.63","","+0.12%"
"Dec 01, 2006","565.76","564.95","568.29","563.07","","+0.08%"
"Nov 30, 2006","565.31","569.38","569.38","561.52","","-0.19%"
"Nov 29, 2006","566.36","562.11","566.36","560.19","","+1.04%"
"Nov 28, 2006","560.53","558.63","561.29","554.14","","-0.72%"
"Nov 27, 2006","564.57","555.18","565.33","554.06","","+2.59%"
"Nov 24, 2006","550.34","547.71","552.93","546.59","","-0.20%"
"Nov 22, 2006","551.47","549.22","551.49","545.09","","+0.27%"
"Nov 21, 2006","550.00","554.44","557.43","549.29","","-0.81%"
"Nov 20, 2006","554.50","563.65","565.52","554.50","","-1.03%"
"Nov 17, 2006","560.29","567.78","569.29","560.29","","-0.87%"
"Nov 16, 2006","565.18","570.42","579.03","564.45","","-0.20%"
"Nov 15, 2006","566.32","569.76","570.12","564.53","","-0.40%"
"Nov 14, 2006","568.62","567.44","571.98","565.20","","+1.01%"
"Nov 13, 2006","562.95","569.35","569.70","560.33","","-1.07%"
"Nov 10, 2006","569.03","572.40","574.65","564.14","","-1.30%"
"Nov 09, 2006","576.54","563.12","576.54","562.00","","+2.92%"
"Nov 08, 2006","560.16","571.75","573.62","559.41","","-1.91%"
"Nov 07, 2006","571.04","581.19","582.31","569.54","","-1.62%"
"Nov 06, 2006","580.44","587.54","588.26","577.06","","-1.59%"
"Nov 02, 2006","589.84","588.36","589.84","581.98","","0.00%"
"Nov 01, 2006","589.86","598.12","598.12","586.11","","-1.38%"
"Oct 31, 2006","598.11","603.05","604.88","595.16","","-0.07%"
"Oct 30, 2006","598.53","602.76","603.84","595.65","","-1.13%"
"Oct 27, 2006","605.37","605.21","606.99","601.24","","+0.38%"
"Oct 26, 2006","603.10","606.79","607.83","602.31","","-0.60%"
"Oct 25, 2006","606.77","608.88","610.46","604.19","","-0.09%"
"Oct 24, 2006","607.29","605.00","607.86","602.40","","+0.59%"
"Oct 23, 2006","603.70","602.30","604.47","598.43","","+0.50%"
"Oct 20, 2006","600.69","594.30","601.45","594.29","","+0.95%"
"Oct 19, 2006","595.04","597.37","599.19","592.42","","-0.25%"
"Oct 18, 2006","596.55","596.36","597.34","592.81","","-0.23%"
"Oct 17, 2006","597.94","604.50","605.54","597.13","","-1.51%"
"Oct 16, 2006","607.10","607.04","609.72","603.67","","-0.24%"
"Oct 13, 2006","608.57","613.36","613.59","605.90","","-0.48%"
"Oct 12, 2006","611.50","607.58","615.17","604.72","","+1.56%"
"Oct 11, 2006","602.10","609.16","612.32","600.27","","-0.56%"
"Oct 10, 2006","605.49","607.11","613.88","605.49","","-1.08%"
"Oct 06, 2006","612.11","612.17","613.96","607.74","","+0.11%"
"Oct 05, 2006","611.42","615.35","620.25","608.74","","+0.21%"
"Oct 04, 2006","610.14","626.30","635.69","600.21","","-2.22%"
"Oct 03, 2006","623.97","617.94","624.76","615.09","","+1.08%"
"Oct 02, 2006","617.33","618.90","619.94","615.26","","-0.80%"
"Sep 29, 2006","622.30","618.15","622.58","617.11","","+0.85%"
"Sep 28, 2006","617.07","622.73","625.36","615.24","","-1.00%"
"Sep 27, 2006","623.29","612.52","624.32","612.50","","+2.37%"
"Sep 26, 2006","608.86","618.85","622.27","606.79","","-1.90%"
"Sep 25, 2006","620.64","615.10","622.46","613.27","","+0.64%"
"Sep 22, 2006","616.71","618.57","620.40","615.93","","-0.90%"
"Sep 21, 2006","622.28","626.21","628.58","614.44","","-0.46%"
"Sep 20, 2006","625.13","631.72","632.76","622.52","","-1.50%"
"Sep 19, 2006","634.64","639.57","644.04","633.06","","-0.85%"
"Sep 15, 2006","640.08","634.39","640.10","633.61","","+0.37%"
"Sep 14, 2006","637.75","635.70","637.75","631.26","","+1.10%"
"Sep 13, 2006","630.78","635.49","639.93","630.00","","+0.54%"
"Sep 12, 2006","627.38","626.33","635.76","625.81","","+0.59%"
"Sep 11, 2006","623.72","626.90","630.58","621.88","","-0.22%"
"Sep 08, 2006","625.07","613.73","629.00","612.15","","+2.01%"
"Sep 07, 2006","612.76","615.22","617.84","611.55","","-0.36%"
"Sep 06, 2006","615.00","617.04","625.15","613.16","","-0.75%"
"Sep 05, 2006","619.66","603.21","621.24","600.84","","+2.83%"
"Sep 04, 2006","602.63","599.41","604.46","598.39","","+0.67%"
"Sep 01, 2006","598.64","597.54","599.41","593.92","","-0.08%"
"Aug 31, 2006","599.10","594.04","600.94","592.00","","+1.83%"
"Aug 30, 2006","588.32","592.18","594.80","588.09","","+0.37%"
"Aug 29, 2006","586.18","588.01","588.80","584.11","","+0.76%"
"Aug 28, 2006","581.75","593.96","593.96","581.75","","-1.93%"
"Aug 25, 2006","593.17","589.71","598.42","587.89","","+0.76%"
"Aug 24, 2006","588.67","592.15","593.96","587.63","","-1.02%"
"Aug 23, 2006","594.75","598.59","600.98","593.72","","-0.78%"
"Aug 22, 2006","599.43","594.39","600.26","594.11","","+0.68%"
"Aug 21, 2006","595.37","603.61","604.40","592.54","","-1.41%"
"Aug 18, 2006","603.89","595.59","606.54","593.54","","+2.39%"
"Aug 17, 2006","589.82","581.93","589.82","579.88","","+1.68%"
"Aug 16, 2006","580.09","578.00","581.11","576.96","","+0.93%"
"Aug 15, 2006","574.76","571.88","577.72","570.86","","+0.41%"
"Aug 14, 2006","572.40","567.37","576.07","566.56","","+0.62%"
"Aug 11, 2006","568.89","573.32","574.92","565.48","","-1.50%"
"Aug 10, 2006","577.53","577.52","578.33","574.92","","-0.13%"
"Aug 09, 2006","578.29","574.03","578.29","571.40","","+0.46%"
"Aug 08, 2006","575.62","575.05","576.42","569.81","","+0.76%"
"Aug 07, 2006","571.30","578.75","579.33","570.30","","-1.15%"
"Aug 04, 2006","577.93","576.36","578.74","574.54","","+0.74%"
"Aug 03, 2006","573.69","575.55","577.20","573.69","","-0.27%"
"Aug 02, 2006","575.26","574.01","576.07","568.77","","+0.02%"
"Aug 01, 2006","575.15","577.23","580.43","574.37","","+0.51%"
"Jul 31, 2006","572.25","571.21","575.69","569.94","","+0.39%"
"Jul 28, 2006","570.02","565.67","570.83","562.82","","+1.29%"
"Jul 27, 2006","562.78","565.30","567.92","561.79","","+0.15%"
"Jul 26, 2006","561.92","557.81","567.35","555.08","","+1.21%"
"Jul 25, 2006","555.19","561.89","569.09","547.58","","-0.39%"
"Jul 24, 2006","557.38","558.23","558.23","552.96","","+0.31%"
"Jul 21, 2006","555.65","574.52","575.36","555.65","","-3.69%"
"Jul 20, 2006","576.95","563.14","582.89","563.14","","+4.06%"
"Jul 19, 2006","554.46","572.53","572.53","554.46","","-3.57%"
"Jul 18, 2006","575.00","594.10","595.11","574.16","","-4.04%"
"Jul 14, 2006","599.23","609.51","609.60","599.23","","-2.53%"
"Jul 13, 2006","614.80","618.33","621.76","612.99","","-1.29%"
"Jul 12, 2006","622.81","632.44","632.49","619.40","","-1.94%"
"Jul 11, 2006","635.11","639.34","640.18","632.40","","-0.65%"
"Jul 10, 2006","639.29","633.89","640.13","630.43","","+0.43%"
"Jul 07, 2006","636.55","638.20","640.00","634.79","","+0.57%"
"Jul 06, 2006","632.94","628.59","637.38","627.74","","+0.14%"
"Jul 05, 2006","632.08","636.56","637.41","628.53","","-1.51%"
"Jul 04, 2006","641.78","635.73","645.26","634.98","","+1.09%"
"Jul 03, 2006","634.83","630.90","634.83","620.08","","-0.18%"
"Jun 30, 2006","635.96","636.81","639.49","631.65","","+0.70%"
"Jun 29, 2006","631.55","635.04","639.44","630.71","","-0.01%"
"Jun 28, 2006","631.60","632.55","634.27","628.22","","-0.98%"
"Jun 27, 2006","637.83","630.80","637.83","629.96","","+0.56%"
"Jun 26, 2006","634.29","636.92","636.92","627.28","","-0.67%"
"Jun 23, 2006","638.60","637.74","638.62","632.52","","-0.81%"
"Jun 22, 2006","643.84","636.80","643.84","635.94","","+1.25%"
"Jun 21, 2006","635.86","634.37","638.53","630.76","","+0.65%"
"Jun 20, 2006","631.77","630.05","634.37","629.20","","-0.28%"
"Jun 19, 2006","633.52","627.43","633.54","625.74","","+1.39%"
"Jun 16, 2006","624.85","622.95","627.34","622.12","","+0.88%"
"Jun 15, 2006","619.41","611.50","621.14","609.86","","+2.04%"
"Jun 14, 2006","607.03","606.12","610.47","602.58","","+0.01%"
"Jun 13, 2006","606.98","610.22","614.78","606.97","","-1.25%"
"Jun 12, 2006","614.66","608.27","614.66","606.60","","+1.04%"
"Jun 09, 2006","608.33","603.21","610.20","602.99","","+1.40%"
"Jun 08, 2006","599.91","610.54","610.55","596.45","","-2.03%"
"Jun 07, 2006","612.36","612.59","615.87","611.48","","-0.60%"
"Jun 06, 2006","616.05","618.78","622.12","616.04","","-0.99%"
"Jun 05, 2006","622.21","628.30","628.30","622.21","","-0.97%"
"Jun 02, 2006","628.32","627.22","628.32","617.34","","+0.31%"
"Jun 01, 2006","626.39","629.39","630.23","625.13","","+0.22%"
"May 31, 2006","625.01","629.74","629.74","621.71","","-0.50%"
"May 30, 2006","628.12","631.67","632.52","628.12","","-0.17%"
"May 29, 2006","629.20","631.08","633.66","628.34","","-0.02%"
"May 26, 2006","629.32","624.98","630.27","624.98","","+0.98%"
"May 25, 2006","623.19","621.60","627.74","620.63","","+0.14%"
"May 24, 2006","622.34","625.86","627.64","616.23","","-0.70%"
"May 23, 2006","626.72","632.67","634.54","626.72","","-0.92%"
"May 22, 2006","632.54","637.30","640.80","632.54","","-0.46%"
"May 19, 2006","635.49","630.99","636.30","628.38","","+0.70%"
"May 18, 2006","631.05","636.35","637.21","630.10","","-1.52%"
"May 17, 2006","640.79","638.36","640.84","633.10","","+0.91%"
"May 16, 2006","634.99","639.72","643.02","633.27","","-0.47%"
"May 15, 2006","638.00","641.27","641.27","634.44","","-0.79%"
"May 12, 2006","643.06","641.52","644.12","640.35","","-0.17%"
"May 11, 2006","644.17","643.07","645.83","642.23","","+0.43%"
"May 10, 2006","641.41","649.16","649.16","640.52","","-1.33%"
"May 09, 2006","650.05","645.83","655.25","645.81","","+0.93%"
"May 08, 2006","644.06","645.83","648.41","643.20","","+0.15%"
"May 02, 2006","643.12","638.85","644.10","637.99","","+1.22%"
"May 01, 2006","635.36","639.64","641.43","635.36","","-0.40%"
"Apr 28, 2006","637.91","644.89","644.93","636.98","","-1.21%"
"Apr 27, 2006","645.70","643.77","648.21","643.03","","+0.31%"
"Apr 26, 2006","643.69","642.85","646.29","641.06","","+0.27%"
"Apr 25, 2006","641.94","634.99","643.66","633.23","","+1.52%"
"Apr 24, 2006","632.35","638.72","638.72","628.98","","-1.26%"
"Apr 21, 2006","640.44","636.95","642.21","634.40","","+0.96%"
"Apr 20, 2006","634.36","633.55","637.03","633.49","","+0.13%"
"Apr 19, 2006","633.54","638.87","638.87","633.54","","-0.69%"
"Apr 18, 2006","637.91","636.84","637.91","631.71","","+0.30%"
"Apr 17, 2006","636.02","641.47","642.35","635.35","","-0.86%"
"Apr 14, 2006","641.51","643.36","643.42","638.91","","-0.15%"
"Apr 13, 2006","642.48","639.08","645.10","638.21","","+0.95%"
"Apr 12, 2006","636.43","641.80","643.56","636.43","","-0.86%"
"Apr 11, 2006","641.93","648.00","648.86","640.95","","-1.07%"
"Apr 10, 2006","648.90","649.72","650.69","647.07","","-0.37%"
"Apr 07, 2006","651.34","650.33","652.93","647.68","","+0.03%"
"Apr 06, 2006","651.13","645.98","651.13","645.00","","+0.68%"
"Apr 05, 2006","646.74","645.97","648.57","643.26","","+0.12%"
"Apr 04, 2006","645.94","644.26","647.72","641.54","","+0.38%"
"Apr 03, 2006","643.47","643.31","646.04","638.15","","-0.51%"
"Mar 31, 2006","646.75","652.78","653.64","645.04","","-0.92%"
"Mar 30, 2006","652.75","645.08","654.61","644.22","","+1.88%"
"Mar 29, 2006","640.71","640.00","641.62","635.44","","-0.14%"
"Mar 28, 2006","641.60","638.32","643.36","635.55","","-0.71%"
"Mar 27, 2006","646.16","652.96","654.00","646.16","","-1.17%"
"Mar 24, 2006","653.80","654.59","655.51","650.27","","+0.28%"
"Mar 23, 2006","651.95","657.17","658.90","651.92","","-0.66%"
"Mar 22, 2006","656.31","657.19","658.91","651.97","","+0.13%"
"Mar 20, 2006","655.43","649.36","657.16","649.36","","+0.81%"
"Mar 17, 2006","650.16","644.05","651.03","644.05","","+1.08%"
"Mar 16, 2006","643.19","651.13","651.17","642.34","","-1.10%"
"Mar 15, 2006","650.33","649.58","651.25","643.43","","+0.78%"
"Mar 14, 2006","645.30","652.10","652.15","644.28","","-0.65%"
"Mar 13, 2006","649.49","650.92","656.07","646.79","","+0.30%"
"Mar 10, 2006","647.56","648.23","650.84","644.77","","-0.64%"
"Mar 09, 2006","651.70","640.80","653.00","639.05","","+1.40%"
"Mar 08, 2006","642.72","637.40","645.48","637.40","","+1.25%"
"Mar 07, 2006","634.78","635.65","639.08","633.04","","-0.15%"
"Mar 06, 2006","635.74","643.46","643.50","631.98","","-0.96%"
"Mar 03, 2006","641.91","643.68","648.18","641.03","","-0.43%"
"Mar 02, 2006","644.70","648.91","656.89","643.86","","-0.35%"
"Mar 01, 2006","646.98","644.86","649.08","639.25","","+0.40%"
"Feb 28, 2006","644.42","658.79","660.53","643.61","","-2.80%"
"Feb 27, 2006","662.95","667.47","670.18","657.24","","-0.56%"
"Feb 24, 2006","666.65","659.72","666.65","654.38","","+1.07%"
"Feb 23, 2006","659.58","648.51","663.56","647.58","","+2.67%"
"Feb 22, 2006","642.42","644.11","646.01","639.60","","+0.15%"
"Feb 21, 2006","641.43","642.50","648.29","634.78","","-0.48%"
"Feb 20, 2006","644.50","649.38","649.38","640.20","","-1.19%"
"Feb 17, 2006","652.26","660.03","661.91","651.21","","-1.34%"
"Feb 16, 2006","661.09","660.91","662.89","655.15","","-1.26%"
"Feb 15, 2006","669.50","685.37","686.38","661.96","","-3.13%"
"Feb 14, 2006","691.13","681.27","692.76","680.37","","+1.36%"
"Feb 13, 2006","681.87","694.35","694.35","681.87","","-1.82%"
"Feb 10, 2006","694.53","703.05","704.86","690.28","","-1.23%"
"Feb 09, 2006","703.21","701.84","705.34","699.77","","+1.36%"
"Feb 08, 2006","693.79","704.92","706.62","693.79","","-1.84%"
"Feb 07, 2006","706.80","701.33","707.62","696.94","","+1.02%"
"Feb 06, 2006","699.65","708.04","709.76","698.72","","-0.69%"
"Feb 03, 2006","704.52","699.47","706.38","697.05","","+0.65%"
"Feb 02, 2006","699.97","705.60","709.24","695.02","","+0.20%"
"Feb 01, 2006","698.59","703.42","711.35","698.59","","-0.25%"
"Jan 31, 2006","700.33","697.32","702.19","694.64","","+1.43%"
"Jan 30, 2006","690.45","687.15","697.67","686.30","","+1.37%"
"Jan 27, 2006","681.12","676.80","681.21","675.87","","+1.45%"
"Jan 26, 2006","671.39","676.96","680.45","669.66","","-0.32%"
"Jan 25, 2006","673.57","674.36","678.84","670.83","","+0.26%"
"Jan 24, 2006","671.81","667.80","676.40","667.80","","+0.88%"
"Jan 23, 2006","665.97","672.42","672.91","663.67","","-1.85%"
"Jan 20, 2006","678.51","691.30","692.90","673.75","","-0.72%"
"Jan 19, 2006","683.42","662.79","687.98","662.79","","+2.46%"
"Jan 18, 2006","667.02","686.04","690.36","655.52","","-2.73%"
"Jan 17, 2006","685.74","683.80","707.22","680.30","","-0.33%"
"Jan 16, 2006","688.00","694.86","695.03","681.95","","-1.21%"
"Jan 13, 2006","696.41","710.75","710.75","695.47","","-2.37%"
"Jan 12, 2006","713.29","722.42","724.98","709.85","","-0.90%"
"Jan 11, 2006","719.79","736.22","737.17","715.46","","-1.89%"
"Jan 10, 2006","733.62","734.13","741.64","727.12","","+1.02%"
"Jan 06, 2006","726.22","713.66","729.84","713.66","","+2.04%"
"Jan 05, 2006","711.69","702.67","714.70","702.67","","+1.42%"
"Jan 04, 2006","701.72","703.32","704.25","698.96","","+0.27%"
"Dec 30, 2005","699.81","707.66","707.66","699.81","","-0.63%"
"Dec 29, 2005","704.27","704.48","710.26","702.75","","+0.71%"
"Dec 28, 2005","699.33","708.02","708.02","692.66","","-1.12%"
"Dec 27, 2005","707.26","703.93","719.68","703.01","","+0.68%"
"Dec 26, 2005","702.46","677.43","704.26","677.43","","+4.73%"
"Dec 22, 2005","670.71","660.74","671.60","660.64","","+1.63%"
"Dec 21, 2005","659.93","654.37","661.65","652.53","","+1.10%"
"Dec 20, 2005","652.74","650.45","656.42","649.76","","+0.33%"
"Dec 19, 2005","650.59","652.57","654.27","647.46","","-0.05%"
"Dec 16, 2005","650.92","649.54","653.68","646.64","","-0.02%"
"Dec 15, 2005","651.02","644.85","660.36","639.21","","+1.22%"
"Dec 14, 2005","643.19","646.78","658.34","643.19","","+0.08%"
"Dec 13, 2005","642.69","637.86","642.69","634.43","","+1.05%"
"Dec 12, 2005","635.99","626.82","636.92","626.77","","+1.74%"
"Dec 09, 2005","625.09","627.48","629.97","623.98","","0.00%"
"Dec 08, 2005","625.11","632.99","634.70","622.41","","-1.00%"
"Dec 07, 2005","631.40","626.43","634.06","626.31","","+1.20%"
"Dec 06, 2005","623.90","621.56","626.29","621.45","","+0.51%"
"Dec 05, 2005","620.76","625.89","626.84","620.66","","-0.44%"
"Dec 02, 2005","623.51","632.03","632.83","621.02","","-0.64%"
"Dec 01, 2005","627.55","622.38","628.26","621.45","","+1.56%"
"Nov 30, 2005","617.92","614.14","621.20","614.03","","+0.89%"
"Nov 29, 2005","612.44","609.63","613.77","609.63","","+0.49%"
"Nov 28, 2005","609.45","607.91","609.47","605.19","","+0.54%"
"Nov 25, 2005","606.16","606.15","606.95","604.31","","+0.14%"
"Nov 24, 2005","605.30","608.06","609.78","605.30","","-0.04%"
"Nov 22, 2005","605.55","605.68","605.68","602.96","","+0.71%"
"Nov 21, 2005","601.29","607.84","607.84","600.54","","-1.05%"
"Nov 18, 2005","607.65","606.29","610.14","604.49","","+0.56%"
"Nov 17, 2005","604.27","598.47","606.03","596.75","","+0.86%"
"Nov 16, 2005","599.12","597.88","600.07","593.57","","-0.35%"
"Nov 15, 2005","601.21","604.03","605.60","598.81","","-0.31%"
"Nov 14, 2005","603.09","604.98","606.74","600.78","","+0.03%"
"Nov 11, 2005","602.89","607.71","608.63","601.95","","-0.39%"
"Nov 10, 2005","605.23","600.90","608.74","600.27","","+1.28%"
"Nov 09, 2005","597.61","598.57","602.05","597.55","","-0.06%"
"Nov 08, 2005","597.95","594.87","598.86","592.15","","+0.08%"
"Nov 07, 2005","597.48","600.54","603.32","593.22","","-0.65%"
"Nov 04, 2005","601.40","601.64","603.32","599.73","","-0.61%"
"Nov 02, 2005","605.12","607.15","608.77","601.73","","-0.64%"
"Nov 01, 2005","609.04","602.95","609.04","602.95","","+1.01%"
"Oct 31, 2005","602.95","598.54","605.74","597.67","","+1.48%"
"Oct 28, 2005","594.14","592.55","594.99","588.98","","-0.35%"
"Oct 27, 2005","596.23","593.77","596.23","590.97","","+0.28%"
"Oct 26, 2005","594.59","590.15","594.59","588.30","","-0.14%"
"Oct 25, 2005","595.43","583.82","595.43","583.82","","+2.60%"
"Oct 24, 2005","580.33","582.29","584.93","578.55","","+0.25%"
"Oct 21, 2005","578.91","577.52","580.68","575.86","","+1.87%"
"Oct 20, 2005","568.28","568.51","570.86","566.61","","+0.42%"
"Oct 19, 2005","565.88","569.42","570.54","565.82","","-0.47%"
"Oct 18, 2005","568.57","573.69","574.45","568.57","","-0.28%"
"Oct 17, 2005","570.18","570.97","573.60","570.02","","+0.20%"
"Oct 14, 2005","569.07","570.69","572.41","568.90","","-0.21%"
"Oct 13, 2005","570.24","570.86","572.07","568.27","","-0.15%"
"Oct 12, 2005","571.11","573.29","575.68","571.09","","-0.21%"
"Oct 11, 2005","572.31","572.67","573.45","570.11","","+0.06%"
"Oct 07, 2005","571.96","577.00","578.72","571.00","","-1.20%"
"Oct 06, 2005","578.93","579.10","582.41","576.02","","-0.35%"
"Oct 05, 2005","580.96","575.81","581.95","575.24","","+1.08%"
"Oct 04, 2005","574.74","573.04","575.64","572.42","","+0.19%"
"Oct 03, 2005","573.65","578.13","578.70","573.65","","-0.85%"
"Sep 30, 2005","578.56","579.69","581.40","576.59","","-0.03%"
"Sep 29, 2005","578.76","579.04","581.26","575.64","","-0.02%"
"Sep 28, 2005","578.88","579.54","581.99","577.85","","-0.26%"
"Sep 27, 2005","580.40","586.86","586.88","580.40","","-2.22%"
"Sep 26, 2005","593.57","595.26","596.24","592.69","","-0.26%"
"Sep 22, 2005","595.10","596.74","597.68","593.88","","-0.14%"
"Sep 21, 2005","595.91","599.88","599.88","595.91","","-0.51%"
"Sep 20, 2005","598.95","596.55","599.06","595.66","","+0.42%"
"Sep 16, 2005","596.46","594.96","596.46","593.19","","+0.12%"
"Sep 15, 2005","595.72","593.91","595.72","592.96","","+0.02%"
"Sep 14, 2005","595.60","595.61","595.71","592.99","","+0.02%"
"Sep 13, 2005","595.48","594.51","596.41","592.79","","+0.46%"
"Sep 12, 2005","592.75","590.17","592.97","588.42","","+1.18%"
"Sep 09, 2005","585.83","591.06","591.13","584.66","","-1.65%"
"Sep 08, 2005","595.64","596.17","597.29","593.11","","+0.21%"
"Sep 07, 2005","594.37","596.98","596.98","593.41","","+0.16%"
"Sep 06, 2005","593.45","596.41","596.44","592.62","","-0.36%"
"Sep 05, 2005","595.59","593.93","598.58","593.93","","+0.28%"
"Sep 02, 2005","593.95","593.93","595.65","592.06","","+0.16%"
"Sep 01, 2005","593.01","595.57","597.51","592.85","","+0.03%"
"Aug 31, 2005","592.86","596.31","596.41","592.84","","-0.62%"
"Aug 30, 2005","596.58","600.93","601.83","596.38","","+0.28%"
"Aug 29, 2005","594.94","606.59","607.33","593.07","","-2.21%"
"Aug 26, 2005","608.40","602.73","608.40","602.73","","+0.89%"
"Aug 25, 2005","603.01","601.91","603.01","598.38","","+0.15%"
"Aug 24, 2005","602.13","599.97","603.75","598.47","","-0.10%"
"Aug 23, 2005","602.75","597.21","605.93","597.05","","+1.22%"
"Aug 22, 2005","595.49","588.47","597.14","587.51","","+1.45%"
"Aug 19, 2005","586.96","590.31","592.03","585.86","","-0.87%"
"Aug 18, 2005","592.12","592.65","595.94","589.67","","+0.94%"
"Aug 17, 2005","586.60","584.95","590.75","583.83","","+0.25%"
"Aug 16, 2005","585.11","580.29","585.22","577.89","","+1.01%"
"Aug 15, 2005","579.28","574.53","580.13","573.66","","+0.63%"
"Aug 12, 2005","575.67","573.48","576.54","571.87","","+0.40%"
"Aug 11, 2005","573.39","574.05","576.00","572.37","","+0.18%"
"Aug 10, 2005","572.37","569.56","574.85","568.77","","+1.10%"
"Aug 09, 2005","566.17","565.03","568.73","565.03","","+0.02%"
"Aug 08, 2005","566.04","565.11","566.04","561.69","","-0.30%"
"Aug 05, 2005","567.74","569.57","570.40","565.95","","-0.31%"
"Aug 04, 2005","569.52","569.73","571.50","567.82","","-0.31%"
"Aug 03, 2005","571.30","571.28","573.06","569.60","","-0.13%"
"Aug 02, 2005","572.04","575.56","576.37","571.23","","-0.01%"
"Aug 01, 2005","572.10","570.61","574.84","569.82","","+0.41%"
"Jul 29, 2005","569.77","569.87","571.59","567.11","","+0.28%"
"Jul 28, 2005","568.17","570.26","571.31","568.13","","-0.51%"
"Jul 27, 2005","571.06","568.17","571.06","567.39","","+0.64%"
"Jul 26, 2005","567.43","567.18","569.00","565.70","","+0.48%"
"Jul 25, 2005","564.74","569.34","570.19","564.74","","-0.53%"
"Jul 22, 2005","567.75","571.31","572.13","566.81","","-0.34%"
"Jul 21, 2005","569.68","573.73","574.60","569.60","","-0.86%"
"Jul 20, 2005","574.62","574.20","574.62","570.90","","+0.34%"
"Jul 19, 2005","572.69","568.33","574.45","567.40","","+1.36%"
"Jul 15, 2005","564.98","564.26","566.74","562.52","","+0.57%"
"Jul 14, 2005","561.75","562.43","563.55","560.75","","+0.03%"
"Jul 13, 2005","561.56","561.62","562.42","558.96","","+0.32%"
"Jul 12, 2005","559.75","559.06","563.23","557.27","","+0.43%"
"Jul 11, 2005","557.38","558.09","560.82","557.18","","+0.31%"
"Jul 08, 2005","555.68","557.98","558.31","552.95","","-0.59%"
"Jul 07, 2005","558.96","562.31","563.24","558.91","","-0.74%"
"Jul 06, 2005","563.10","564.84","565.86","562.31","","-0.18%"
"Jul 05, 2005","564.10","565.04","565.89","562.31","","0.00%"
"Jul 04, 2005","564.12","565.93","565.96","563.32","","+0.13%"
"Jul 01, 2005","563.38","561.80","566.07","561.01","","+0.43%"
"Jun 30, 2005","560.99","562.75","564.47","560.99","","-0.46%"
"Jun 29, 2005","563.57","563.93","566.34","562.77","","+0.40%"
"Jun 28, 2005","561.32","558.24","561.32","557.46","","+1.01%"
"Jun 27, 2005","555.71","560.20","561.13","555.68","","-1.28%"
"Jun 24, 2005","562.92","562.89","564.65","560.21","","-0.18%"
"Jun 23, 2005","563.96","566.78","566.78","563.96","","-0.36%"
"Jun 22, 2005","565.98","565.93","566.72","563.99","","-0.17%"
"Jun 21, 2005","566.93","566.62","568.76","565.69","","+0.22%"
"Jun 20, 2005","565.69","567.47","568.28","565.47","","-0.12%"
"Jun 17, 2005","566.37","563.77","566.37","561.97","","+0.94%"
"Jun 16, 2005","561.08","562.65","563.77","560.91","","-0.42%"
"Jun 15, 2005","563.44","564.22","566.45","561.85","","0.00%"
"Jun 14, 2005","563.44","567.55","567.55","563.39","","-0.73%"
"Jun 13, 2005","567.57","566.76","570.21","565.96","","+0.14%"
"Jun 10, 2005","566.76","566.87","569.57","565.15","","+0.29%"
"Jun 09, 2005","565.12","569.39","570.39","565.12","","-0.64%"
"Jun 08, 2005","568.76","568.01","571.48","567.04","","+0.27%"
"Jun 07, 2005","567.25","568.43","569.55","565.24","","-0.53%"
"Jun 06, 2005","570.26","570.38","572.13","567.75","","-0.35%"
"Jun 03, 2005","572.26","573.36","574.15","570.57","","+0.23%"
"Jun 02, 2005","570.92","577.77","578.56","570.79","","-1.19%"
"Jun 01, 2005","577.79","573.41","578.51","572.62","","+0.26%"
"May 31, 2005","576.27","572.71","576.27","570.06","","+0.76%"
"May 30, 2005","571.93","568.54","572.77","567.61","","+0.60%"
"May 27, 2005","568.54","568.40","570.12","566.66","","+0.32%"
"May 26, 2005","566.74","562.13","567.45","561.34","","+0.67%"
"May 25, 2005","562.95","568.45","569.23","561.30","","-0.65%"
"May 24, 2005","566.62","562.10","570.94","561.17","","+1.25%"
"May 23, 2005","559.65","554.55","560.42","552.83","","+1.53%"
"May 20, 2005","551.22","553.53","556.32","551.15","","-0.28%"
"May 19, 2005","552.77","551.27","554.80","548.87","","+0.60%"
"May 18, 2005","549.50","550.56","551.49","547.10","","-0.23%"
"May 17, 2005","550.74","559.97","560.99","547.30","","-0.88%"
"May 16, 2005","555.65","561.93","562.14","554.88","","-1.56%"
"May 13, 2005","564.47","561.92","564.47","559.56","","+0.28%"
"May 12, 2005","562.91","566.02","567.06","562.83","","-0.72%"
"May 11, 2005","567.02","566.77","567.95","564.15","","-0.24%"
"May 10, 2005","568.41","565.72","569.97","563.58","","+0.61%"
"May 09, 2005","564.95","566.78","569.29","563.02","","-0.20%"
"May 06, 2005","566.10","565.15","568.65","564.22","","+0.50%"
"May 02, 2005","563.27","563.20","565.08","560.69","","+0.11%"
"Apr 28, 2005","562.65","559.83","563.33","557.12","","+0.12%"
"Apr 27, 2005","562.00","560.11","562.77","557.60","","+0.64%"
"Apr 26, 2005","558.43","561.32","561.78","557.28","","-0.71%"
"Apr 25, 2005","562.40","564.18","566.03","561.45","","-0.44%"
"Apr 22, 2005","564.86","566.45","567.78","562.27","","+1.14%"
"Apr 21, 2005","558.52","556.12","560.52","549.82","","-0.01%"
"Apr 20, 2005","558.59","563.51","566.04","556.89","","+0.22%"
"Apr 19, 2005","557.36","551.53","559.98","551.53","","+1.96%"
"Apr 18, 2005","546.67","559.12","559.12","546.67","","-3.01%"
"Apr 15, 2005","563.64","571.66","571.66","563.64","","-1.90%"
"Apr 14, 2005","574.57","577.48","579.20","573.18","","-0.64%"
"Apr 13, 2005","578.27","588.50","589.44","578.18","","-1.73%"
"Apr 12, 2005","588.45","590.88","592.69","586.72","","-0.41%"
"Apr 11, 2005","590.89","597.04","597.04","589.94","","-1.30%"
"Apr 08, 2005","598.69","599.70","602.45","598.62","","+0.05%"
"Apr 07, 2005","598.41","600.02","602.83","596.96","","-0.02%"
"Apr 06, 2005","598.51","589.60","599.20","589.60","","+1.41%"
"Apr 05, 2005","590.19","588.74","592.95","587.61","","+0.47%"
"Apr 04, 2005","587.41","589.56","592.36","587.41","","-0.70%"
"Apr 01, 2005","591.56","594.27","594.27","588.84","","-0.94%"
"Mar 31, 2005","597.15","593.86","597.15","590.17","","+1.69%"
"Mar 30, 2005","587.24","594.12","594.12","586.55","","-1.45%"
"Mar 29, 2005","595.90","604.45","606.18","594.36","","-1.72%"
"Mar 28, 2005","606.31","603.87","607.37","596.46","","-1.99%"
"Mar 25, 2005","618.60","623.54","624.52","617.28","","-0.68%"
"Mar 24, 2005","622.85","625.11","626.03","622.85","","+0.14%"
"Mar 23, 2005","621.96","628.23","628.96","621.02","","-0.75%"
"Mar 22, 2005","626.68","625.52","629.16","624.81","","+0.45%"
"Mar 18, 2005","623.89","623.15","627.37","621.65","","+0.23%"
"Mar 17, 2005","622.44","630.86","630.86","622.44","","-1.87%"
"Mar 16, 2005","634.31","631.84","634.39","630.39","","+0.07%"
"Mar 15, 2005","633.88","632.35","635.42","627.52","","+0.38%"
"Mar 14, 2005","631.51","626.92","636.86","624.45","","+1.61%"
"Mar 11, 2005","621.48","621.05","624.99","619.49","","+0.12%"
"Mar 10, 2005","620.72","622.37","624.28","620.72","","-0.15%"
"Mar 09, 2005","621.66","622.54","625.25","618.81","","-0.28%"
"Mar 08, 2005","623.38","619.86","624.28","615.60","","+0.21%"
"Mar 07, 2005","622.05","620.43","625.79","618.70","","+0.79%"
"Mar 04, 2005","617.17","616.79","618.78","614.07","","+0.05%"
"Mar 03, 2005","616.89","616.63","619.95","615.09","","+0.07%"
"Mar 02, 2005","616.44","615.18","616.44","610.99","","+0.77%"
"Mar 01, 2005","611.75","615.67","615.91","610.27","","-0.56%"
"Feb 28, 2005","615.17","617.79","617.86","612.88","","-0.07%"
"Feb 25, 2005","615.59","606.80","616.71","606.05","","+1.90%"
"Feb 24, 2005","604.14","600.60","604.30","600.37","","+1.02%"
"Feb 23, 2005","598.04","602.79","603.56","597.41","","-0.81%"
"Feb 22, 2005","602.90","604.10","607.34","602.90","","+0.09%"
"Feb 21, 2005","602.37","605.93","607.75","602.32","","-0.48%"
"Feb 18, 2005","605.26","603.66","605.92","601.86","","+0.54%"
"Feb 17, 2005","601.98","604.50","605.93","601.87","","-0.73%"
"Feb 16, 2005","606.41","608.30","610.91","605.66","","-0.03%"
"Feb 15, 2005","606.61","611.69","612.72","606.61","","-0.79%"
"Feb 14, 2005","611.45","614.72","616.57","611.09","","-0.50%"
"Feb 10, 2005","614.52","616.52","617.48","610.68","","-0.68%"
"Feb 09, 2005","618.75","618.43","620.30","617.03","","-0.11%"
"Feb 08, 2005","619.46","618.77","620.09","616.94","","-0.21%"
"Feb 07, 2005","620.78","615.97","622.01","612.66","","+1.07%"
"Feb 04, 2005","614.19","619.98","619.98","609.90","","-0.66%"
"Feb 03, 2005","618.26","620.22","620.56","616.64","","-0.17%"
"Feb 02, 2005","619.32","615.69","619.32","614.94","","+0.51%"
"Feb 01, 2005","616.20","616.55","623.52","614.36","","+1.04%"
"Jan 31, 2005","609.84","605.58","610.81","603.76","","+1.02%"
"Jan 28, 2005","603.68","601.94","603.68","600.20","","+0.43%"
"Jan 27, 2005","601.11","601.34","602.87","598.90","","+0.29%"
"Jan 26, 2005","599.39","597.35","600.42","595.71","","+0.63%"
"Jan 25, 2005","595.66","596.38","596.88","593.74","","-0.33%"
"Jan 24, 2005","597.66","592.41","598.87","592.41","","+0.85%"
"Jan 21, 2005","592.64","594.39","596.28","591.82","","-0.38%"
"Jan 20, 2005","594.89","592.74","596.58","590.08","","+0.33%"
"Jan 19, 2005","592.94","588.32","594.93","588.32","","+1.38%"
"Jan 18, 2005","584.89","590.33","590.33","584.21","","-0.42%"
"Jan 17, 2005","587.38","587.13","590.76","586.33","","+0.43%"
"Jan 14, 2005","584.87","584.34","585.62","581.40","","+0.54%"
"Jan 13, 2005","581.70","585.04","585.79","580.42","","-0.71%"
"Jan 12, 2005","585.84","586.90","588.61","584.21","","-0.18%"
"Jan 11, 2005","586.87","585.27","588.03","583.55","","+0.76%"
"Jan 07, 2005","582.47","582.93","585.38","579.19","","+0.25%"
"Jan 06, 2005","581.04","573.73","581.07","573.73","","+0.82%"
"Jan 05, 2005","576.32","576.50","576.72","573.79","","+0.02%"
"Jan 04, 2005","576.18","574.08","578.13","573.89","","+0.53%"
"Dec 30, 2004","573.15","575.43","576.41","571.97","","+0.08%"
"Dec 29, 2004","572.72","576.23","577.57","572.72","","-0.29%"
"Dec 28, 2004","574.41","571.96","574.43","570.98","","+0.34%"
"Dec 27, 2004","572.48","574.86","575.14","569.97","","-0.14%"
"Dec 24, 2004","573.31","570.77","573.51","569.80","","+1.00%"
"Dec 22, 2004","567.64","566.39","569.16","565.64","","+0.68%"
"Dec 21, 2004","563.81","563.57","567.13","563.57","","-0.05%"
"Dec 20, 2004","564.11","564.09","565.83","561.82","","+0.13%"
"Dec 17, 2004","563.36","560.69","565.00","558.91","","+0.75%"
"Dec 16, 2004","559.19","559.23","561.69","556.70","","-0.10%"
"Dec 15, 2004","559.77","561.44","562.45","558.34","","-0.63%"
"Dec 14, 2004","563.30","559.27","563.34","558.15","","+0.58%"
"Dec 13, 2004","560.07","559.25","563.56","558.22","","+0.41%"
"Dec 10, 2004","557.77","558.54","561.81","557.77","","-0.49%"
"Dec 09, 2004","560.50","562.58","563.33","559.56","","-0.77%"
"Dec 08, 2004","564.83","560.20","566.28","560.20","","-0.33%"
"Dec 07, 2004","566.68","569.42","572.04","565.95","","-1.07%"
"Dec 06, 2004","572.79","575.19","577.89","572.08","","-0.41%"
"Dec 03, 2004","575.17","576.14","577.12","573.65","","+0.19%"
"Dec 02, 2004","574.06","570.22","574.06","569.47","","+1.77%"
"Dec 01, 2004","564.09","567.08","567.08","563.34","","-0.80%"
"Nov 30, 2004","568.64","567.32","568.64","563.56","","+0.13%"
"Nov 29, 2004","567.90","564.61","570.45","563.63","","+0.77%"
"Nov 26, 2004","563.54","567.25","567.25","563.54","","-0.06%"
"Nov 25, 2004","563.89","563.21","566.65","561.44","","+0.15%"
"Nov 24, 2004","563.03","562.40","566.20","561.19","","-0.21%"
"Nov 22, 2004","564.21","566.78","567.56","560.50","","-0.90%"
"Nov 19, 2004","569.32","573.52","575.38","569.32","","-0.30%"
"Nov 18, 2004","571.05","575.81","577.53","571.05","","-0.16%"
"Nov 17, 2004","571.97","570.42","571.97","568.28","","+0.05%"
"Nov 16, 2004","571.69","569.92","574.57","568.20","","+1.04%"
"Nov 15, 2004","565.81","558.90","565.81","557.82","","+1.98%"
"Nov 12, 2004","554.81","551.41","555.81","549.65","","+0.78%"
"Nov 11, 2004","550.49","553.07","555.51","550.49","","-0.31%"
"Nov 10, 2004","552.19","555.00","558.45","552.19","","-0.26%"
"Nov 09, 2004","553.65","559.28","562.27","551.89","","-1.10%"
"Nov 08, 2004","559.78","568.80","569.55","559.78","","-1.14%"
"Nov 05, 2004","566.23","562.60","566.68","562.60","","+0.91%"
"Nov 04, 2004","561.12","564.22","564.22","557.30","","+0.85%"
"Nov 02, 2004","556.39","550.14","556.39","550.14","","+1.40%"
"Nov 01, 2004","548.71","551.74","552.72","546.07","","+0.37%"
"Oct 29, 2004","546.67","550.83","550.83","543.91","","-0.87%"
"Oct 28, 2004","551.48","547.96","554.71","546.98","","+2.07%"
"Oct 27, 2004","540.29","541.65","545.40","539.26","","+0.27%"
"Oct 26, 2004","538.83","541.51","544.09","538.83","","-0.14%"
"Oct 25, 2004","539.59","548.38","548.38","539.59","","-2.03%"
"Oct 22, 2004","550.77","549.31","552.93","548.29","","-0.32%"
"Oct 21, 2004","552.53","553.33","556.07","547.46","","-0.13%"
"Oct 20, 2004","553.26","557.44","557.44","553.05","","-1.22%"
"Oct 19, 2004","560.11","557.04","561.47","556.10","","+1.00%"
"Oct 18, 2004","554.59","561.05","561.05","553.87","","-1.30%"
"Oct 15, 2004","561.88","559.37","561.88","554.12","","+0.31%"
"Oct 14, 2004","560.17","563.45","564.52","559.51","","-1.03%"
"Oct 13, 2004","565.99","561.34","572.63","560.36","","+1.77%"
"Oct 12, 2004","556.12","564.32","565.89","554.40","","-1.58%"
"Oct 08, 2004","565.07","571.23","571.98","562.12","","-2.06%"
"Oct 07, 2004","576.94","583.01","584.13","576.19","","-1.04%"
"Oct 06, 2004","582.98","579.29","584.44","577.55","","+0.50%"
"Oct 05, 2004","580.08","580.48","583.95","578.26","","+0.23%"
"Oct 04, 2004","578.74","576.56","578.74","573.27","","+0.84%"
"Oct 01, 2004","573.91","577.03","578.69","572.11","","-0.25%"
"Sep 30, 2004","575.35","580.46","582.15","575.02","","+0.38%"
"Sep 29, 2004","573.17","575.33","578.00","570.73","","+0.76%"
"Sep 28, 2004","568.87","578.22","578.22","568.87","","-2.56%"
"Sep 27, 2004","583.81","585.77","585.77","575.66","","-1.76%"
"Sep 24, 2004","594.27","597.64","598.11","592.49","","-0.73%"
"Sep 22, 2004","598.62","597.94","598.89","595.10","","+0.35%"
"Sep 21, 2004","596.55","601.74","601.81","595.00","","-0.26%"
"Sep 17, 2004","598.10","599.81","600.55","595.58","","-0.06%"
"Sep 16, 2004","598.44","601.09","601.90","596.80","","-0.73%"
"Sep 15, 2004","602.84","606.07","608.19","602.27","","-0.55%"
"Sep 14, 2004","606.16","606.60","609.45","604.46","","+0.19%"
"Sep 13, 2004","605.02","600.91","605.26","596.82","","+1.04%"
"Sep 10, 2004","598.77","595.11","599.86","595.11","","+0.08%"
"Sep 09, 2004","598.27","602.26","603.88","598.27","","-0.83%"
"Sep 08, 2004","603.27","609.50","610.89","601.54","","-1.00%"
"Sep 07, 2004","609.36","608.95","610.64","605.87","","-0.33%"
"Sep 06, 2004","611.40","598.88","612.22","598.88","","+2.42%"
"Sep 03, 2004","596.95","598.79","600.35","596.75","","-0.02%"
"Sep 02, 2004","597.05","598.51","600.05","596.06","","-0.23%"
"Sep 01, 2004","598.40","595.32","599.46","593.71","","+0.97%"
"Aug 31, 2004","592.67","594.79","596.25","591.26","","-0.79%"
"Aug 30, 2004","597.40","596.47","598.19","595.46","","-0.01%"
"Aug 27, 2004","597.44","595.44","597.44","592.75","","+0.70%"
"Aug 26, 2004","593.28","593.30","596.18","590.85","","+0.60%"
"Aug 25, 2004","589.75","590.91","592.93","585.62","","-0.29%"
"Aug 24, 2004","591.47","592.08","592.08","586.48","","+0.07%"
"Aug 23, 2004","591.04","583.68","592.75","582.71","","+1.88%"
"Aug 20, 2004","580.14","575.38","582.14","574.64","","+0.83%"
"Aug 19, 2004","575.36","576.37","577.32","573.62","","+0.13%"
"Aug 18, 2004","574.60","568.14","576.03","568.14","","+1.66%"
"Aug 17, 2004","565.19","571.00","571.00","565.02","","-0.19%"
"Aug 16, 2004","566.29","564.98","567.03","560.56","","+0.56%"
"Aug 13, 2004","563.14","566.97","566.97","563.14","","-1.14%"
"Aug 12, 2004","569.65","572.08","572.08","568.51","","-0.93%"
"Aug 11, 2004","574.99","569.41","574.99","568.67","","+1.75%"
"Aug 10, 2004","565.09","566.25","567.37","563.79","","-0.84%"
"Aug 09, 2004","569.87","562.70","569.87","561.22","","+0.30%"
"Aug 06, 2004","568.14","571.66","571.66","566.29","","-1.46%"
"Aug 05, 2004","576.54","573.75","578.34","572.27","","+0.47%"
"Aug 04, 2004","573.83","577.29","577.29","568.95","","-0.90%"
"Aug 03, 2004","579.04","580.39","581.32","572.73","","-0.24%"
"Aug 02, 2004","580.43","587.91","587.91","577.88","","-1.25%"
"Jul 30, 2004","587.75","573.57","589.71","573.57","","+3.01%"
"Jul 29, 2004","570.58","578.40","578.40","565.65","","-1.06%"
"Jul 28, 2004","576.68","587.19","588.18","576.15","","-0.93%"
"Jul 27, 2004","582.07","585.42","585.87","580.57","","+0.22%"
"Jul 26, 2004","580.77","590.58","591.38","579.82","","-1.98%"
"Jul 23, 2004","592.52","594.58","600.02","592.50","","+0.62%"
"Jul 22, 2004","588.88","595.48","595.48","588.88","","-1.39%"
"Jul 21, 2004","597.20","600.57","601.38","594.77","","-0.16%"
"Jul 20, 2004","598.17","602.40","605.85","596.56","","-0.71%"
"Jul 16, 2004","602.43","602.74","604.19","597.82","","-0.60%"
"Jul 15, 2004","606.05","615.10","615.10","604.37","","-0.75%"
"Jul 14, 2004","610.62","622.78","623.67","610.62","","-1.89%"
"Jul 13, 2004","622.39","621.22","622.71","617.49","","+0.09%"
"Jul 12, 2004","621.81","615.61","623.58","615.61","","+1.35%"
"Jul 09, 2004","613.55","611.06","615.34","607.60","","+0.64%"
"Jul 08, 2004","609.66","608.37","612.53","607.85","","+0.49%"
"Jul 07, 2004","606.68","611.12","611.12","606.45","","-1.03%"
"Jul 06, 2004","613.01","613.10","620.74","612.02","","+0.26%"
"Jul 05, 2004","611.43","618.81","619.55","611.28","","-1.73%"
"Jul 02, 2004","622.21","626.50","626.50","619.62","","-0.64%"
"Jul 01, 2004","626.22","627.52","628.22","623.85","","-0.10%"
"Jun 30, 2004","626.85","624.62","627.49","621.84","","+0.23%"
"Jun 29, 2004","625.40","622.93","626.42","621.76","","-0.22%"
"Jun 28, 2004","626.80","617.45","626.80","617.34","","+1.44%"
"Jun 25, 2004","617.93","616.01","618.30","611.67","","+1.17%"
"Jun 24, 2004","610.81","617.08","619.03","610.81","","0.00%"
"Jun 23, 2004","610.82","621.96","622.98","610.82","","-1.46%"
"Jun 22, 2004","619.90","615.74","619.90","614.80","","+0.48%"
"Jun 21, 2004","616.95","613.96","620.73","613.96","","+1.50%"
"Jun 18, 2004","607.82","612.42","615.61","602.64","","-1.05%"
"Jun 17, 2004","614.30","604.11","614.67","604.11","","+2.32%"
"Jun 16, 2004","600.40","601.01","604.78","599.58","","+0.22%"
"Jun 15, 2004","599.10","603.44","603.44","598.25","","-0.85%"
"Jun 14, 2004","604.26","597.37","606.34","597.37","","+1.16%"
"Jun 11, 2004","597.32","602.92","603.90","595.40","","-1.09%"
"Jun 10, 2004","603.88","594.58","605.60","594.58","","+1.89%"
"Jun 09, 2004","592.70","592.14","595.43","589.43","","+0.59%"
"Jun 08, 2004","589.23","585.81","589.55","585.07","","+1.59%"
"Jun 07, 2004","580.02","575.61","586.63","574.87","","+0.98%"
"Jun 04, 2004","574.40","571.85","574.40","567.56","","+0.35%"
"Jun 03, 2004","572.41","583.86","587.27","571.71","","-1.63%"
"Jun 02, 2004","581.89","590.05","590.05","579.57","","-1.52%"
"Jun 01, 2004","590.89","586.17","592.73","586.17","","+0.83%"
"May 31, 2004","586.04","588.08","592.78","584.23","","0.00%"
"May 28, 2004","586.02","579.37","588.85","578.38","","+1.76%"
"May 27, 2004","575.91","575.20","580.25","574.05","","+0.04%"
"May 26, 2004","575.69","570.44","580.87","570.20","","+1.55%"
"May 25, 2004","566.90","576.25","576.48","563.44","","-1.19%"
"May 24, 2004","573.74","571.98","580.81","571.01","","+0.50%"
"May 21, 2004","570.90","564.96","571.88","564.96","","+0.92%"
"May 20, 2004","565.71","568.24","570.38","560.99","","-0.61%"
"May 19, 2004","569.19","555.58","569.19","555.26","","+3.20%"
"May 18, 2004","551.54","551.52","557.83","551.43","","+0.22%"
"May 17, 2004","550.35","562.73","563.78","550.35","","-3.35%"
"May 14, 2004","569.41","563.32","569.47","561.31","","+1.58%"
"May 13, 2004","560.57","565.40","565.86","560.27","","-1.00%"
"May 12, 2004","566.23","564.06","566.23","559.73","","+1.69%"
"May 11, 2004","556.82","555.23","564.26","554.49","","-0.51%"
"May 10, 2004","559.66","576.79","578.42","555.39","","-3.29%"
"May 07, 2004","578.67","579.66","587.95","570.29","","-0.16%"
"May 06, 2004","579.61","596.01","596.20","579.61","","-1.99%"
"Apr 30, 2004","591.38","598.16","598.90","587.62","","-1.93%"
"Apr 28, 2004","602.99","604.08","606.60","602.18","","+0.43%"
"Apr 27, 2004","600.43","607.34","607.34","596.00","","-1.33%"
"Apr 26, 2004","608.51","610.23","611.03","604.81","","-1.12%"
"Apr 23, 2004","615.39","619.98","621.06","611.70","","-0.77%"
"Apr 22, 2004","620.19","623.39","625.12","618.44","","-0.21%"
"Apr 21, 2004","621.52","616.51","624.69","615.53","","+1.05%"
"Apr 20, 2004","615.09","603.40","618.90","602.66","","+2.24%"
"Apr 19, 2004","601.60","605.11","607.95","597.32","","+0.30%"
"Apr 16, 2004","599.80","608.89","609.63","599.65","","-1.22%"
"Apr 15, 2004","607.21","618.32","620.03","607.16","","-1.95%"
"Apr 14, 2004","619.30","615.93","621.67","613.25","","-0.13%"
"Apr 13, 2004","620.12","628.97","629.21","617.37","","-1.14%"
"Apr 12, 2004","627.26","623.03","630.31","623.03","","+1.40%"
"Apr 09, 2004","618.58","629.98","629.98","612.37","","-2.80%"
"Apr 08, 2004","636.43","633.98","636.43","632.12","","+0.20%"
"Apr 07, 2004","635.15","635.03","636.72","633.18","","-0.17%"
"Apr 06, 2004","636.20","630.28","636.20","624.34","","+0.85%"
"Apr 05, 2004","630.86","637.11","637.76","630.20","","-0.35%"
"Apr 02, 2004","633.05","638.54","639.92","632.31","","+0.01%"
"Apr 01, 2004","632.96","636.46","639.52","628.17","","-0.25%"
"Mar 31, 2004","634.53","611.30","634.53","609.75","","+4.79%"
"Mar 30, 2004","605.54","606.90","613.01","601.54","","-0.34%"
"Mar 29, 2004","607.60","614.37","614.37","603.53","","-0.79%"
"Mar 26, 2004","612.41","621.89","621.89","612.41","","-2.20%"
"Mar 25, 2004","626.18","618.47","627.08","617.60","","+1.69%"
"Mar 24, 2004","615.80","610.26","618.54","610.26","","+0.91%"
"Mar 23, 2004","610.22","614.76","614.76","605.05","","-0.89%"
"Mar 22, 2004","615.70","620.78","620.78","615.62","","+0.18%"
"Mar 19, 2004","614.58","612.85","618.49","612.85","","+0.23%"
"Mar 18, 2004","613.18","625.34","627.18","613.09","","-1.83%"
"Mar 17, 2004","624.60","622.85","630.75","620.12","","+0.70%"
"Mar 16, 2004","620.26","619.02","625.72","619.02","","-0.09%"
"Mar 15, 2004","620.79","611.64","624.99","610.89","","+2.66%"
"Mar 12, 2004","604.69","610.45","610.49","597.38","","-2.34%"
"Mar 11, 2004","619.21","614.06","624.42","606.72","","-0.03%"
"Mar 10, 2004","619.38","625.23","625.98","619.05","","-1.02%"
"Mar 09, 2004","625.75","625.03","626.79","623.11","","-0.05%"
"Mar 08, 2004","626.06","626.72","632.28","625.71","","-0.23%"
"Mar 05, 2004","627.50","632.93","633.76","623.19","","-0.88%"
"Mar 04, 2004","633.04","628.33","639.08","628.33","","+0.72%"
"Mar 03, 2004","628.54","627.67","632.34","626.73","","+0.20%"
"Mar 02, 2004","627.27","619.92","632.29","619.92","","+1.44%"
"Mar 01, 2004","618.38","612.04","618.38","608.55","","+1.42%"
"Feb 27, 2004","609.71","585.80","609.71","584.08","","+4.29%"
"Feb 26, 2004","584.65","577.91","584.83","573.57","","+1.94%"
"Feb 25, 2004","573.55","573.27","580.88","572.87","","+0.14%"
"Feb 24, 2004","572.77","583.93","585.47","572.77","","-2.20%"
"Feb 23, 2004","585.63","584.09","589.04","582.37","","+0.15%"
"Feb 20, 2004","584.74","582.02","588.88","580.29","","+1.02%"
"Feb 19, 2004","578.84","594.16","597.37","578.84","","-2.62%"
"Feb 18, 2004","594.39","591.44","599.34","590.45","","+1.59%"
"Feb 17, 2004","585.07","574.17","589.28","572.24","","+2.04%"
"Feb 16, 2004","573.38","567.65","575.41","567.43","","+2.05%"
"Feb 13, 2004","561.85","566.67","566.78","560.78","","-1.27%"
"Feb 12, 2004","569.09","557.56","576.17","557.34","","+3.10%"
"Feb 10, 2004","551.97","552.92","560.33","551.97","","-0.15%"
"Feb 09, 2004","552.79","546.47","556.68","544.03","","+1.80%"
"Feb 06, 2004","543.00","541.41","543.07","536.98","","+0.48%"
"Feb 05, 2004","540.38","525.13","540.56","525.13","","+3.54%"
"Feb 04, 2004","521.92","527.63","530.53","521.92","","-0.39%"
"Feb 03, 2004","523.94","530.46","530.46","521.68","","-0.98%"
"Feb 02, 2004","529.14","534.60","541.48","528.49","","-0.49%"
"Jan 30, 2004","531.73","522.43","531.73","521.82","","+1.87%"
"Jan 29, 2004","521.97","524.71","527.41","520.03","","-1.68%"
"Jan 28, 2004","530.89","529.13","537.26","525.42","","-0.18%"
"Jan 27, 2004","531.86","552.43","552.43","531.13","","-3.73%"
"Jan 26, 2004","552.45","558.26","559.23","546.27","","-0.86%"
"Jan 23, 2004","557.24","560.03","560.31","554.12","","+0.13%"
"Jan 22, 2004","556.49","550.28","559.90","549.32","","+1.84%"
"Jan 21, 2004","546.45","546.91","550.38","543.33","","+0.05%"
"Jan 20, 2004","546.15","546.91","551.33","546.15","","+0.04%"
"Jan 19, 2004","545.94","538.86","545.94","538.86","","+2.82%"
"Jan 16, 2004","530.97","532.84","534.56","528.88","","-0.34%"
"Jan 15, 2004","532.78","544.76","545.61","532.78","","-2.42%"
"Jan 14, 2004","546.00","543.43","547.97","539.30","","-0.02%"
"Jan 13, 2004","546.12","544.45","552.39","543.47","","+0.99%"
"Jan 09, 2004","540.78","545.22","545.30","539.06","","-0.23%"
"Jan 08, 2004","542.00","530.02","552.15","530.02","","+2.29%"
"Jan 07, 2004","529.88","516.84","531.86","515.87","","+3.07%"
"Jan 06, 2004","514.12","522.79","522.79","508.29","","-1.48%"
"Jan 05, 2004","521.85","501.23","521.85","501.23","","+5.79%"
"Dec 30, 2003","493.27","490.33","493.27","487.63","","+1.61%"
"Dec 29, 2003","485.47","485.87","487.36","484.15","","-0.05%"
"Dec 26, 2003","485.69","486.00","489.74","482.53","","-0.07%"
"Dec 25, 2003","486.03","484.28","486.18","482.39","","+0.12%"
"Dec 24, 2003","485.47","485.60","488.76","483.56","","-0.08%"
"Dec 22, 2003","485.88","482.03","486.87","482.03","","+0.90%"
"Dec 19, 2003","481.54","477.08","486.14","476.32","","+1.73%"
"Dec 18, 2003","473.37","481.58","483.31","473.37","","-1.55%"
"Dec 17, 2003","480.80","494.12","494.88","476.22","","-3.13%"
"Dec 16, 2003","496.35","491.18","496.88","489.23","","-0.41%"
"Dec 15, 2003","498.37","488.61","503.06","488.61","","+3.87%"
"Dec 12, 2003","479.81","480.07","483.46","477.63","","+1.21%"
"Dec 11, 2003","474.08","472.49","475.20","468.79","","+0.34%"
"Dec 10, 2003","472.49","475.62","475.94","469.81","","-0.41%"
"Dec 09, 2003","474.45","477.92","478.91","474.28","","0.00%"
"Dec 08, 2003","474.47","484.39","485.36","474.47","","-1.92%"
"Dec 05, 2003","483.75","486.40","489.73","483.49","","-0.52%"
"Dec 04, 2003","486.30","490.61","491.58","483.61","","-0.56%"
"Dec 03, 2003","489.06","490.55","493.05","487.71","","-0.12%"
"Dec 02, 2003","489.65","491.70","496.69","486.92","","+0.26%"
"Dec 01, 2003","488.37","475.86","490.77","471.44","","+1.60%"
"Nov 28, 2003","480.66","484.80","485.77","472.95","","-2.01%"
"Nov 27, 2003","490.52","492.79","493.70","487.39","","+0.40%"
"Nov 26, 2003","488.58","485.26","493.41","485.07","","+0.64%"
"Nov 25, 2003","485.48","487.20","488.32","481.10","","+0.33%"
"Nov 21, 2003","483.90","486.30","488.24","481.99","","-1.74%"
"Nov 20, 2003","492.45","493.21","497.00","488.20","","+0.01%"
"Nov 19, 2003","492.40","487.13","496.86","487.13","","+0.07%"
"Nov 18, 2003","492.08","501.43","501.43","490.32","","-2.82%"
"Nov 17, 2003","506.34","528.09","528.09","499.71","","-5.37%"
"Nov 14, 2003","535.10","538.97","544.65","533.23","","-0.98%"
"Nov 13, 2003","540.38","545.79","545.79","537.98","","-0.68%"
"Nov 12, 2003","544.07","542.20","549.44","538.75","","+1.09%"
"Nov 11, 2003","538.23","531.60","538.23","521.95","","+0.30%"
"Nov 10, 2003","536.62","532.73","537.09","531.46","","-0.22%"
"Nov 07, 2003","537.78","534.82","540.24","532.86","","+0.80%"
"Nov 06, 2003","533.50","550.67","551.43","533.50","","-3.39%"
"Nov 05, 2003","552.22","552.28","553.25","544.92","","+0.16%"
"Nov 04, 2003","551.36","546.61","554.57","545.86","","+2.10%"
"Oct 31, 2003","540.02","551.83","552.58","540.02","","-2.01%"
"Oct 30, 2003","551.08","548.94","554.40","546.28","","+0.31%"
"Oct 29, 2003","549.38","555.71","559.38","549.38","","-0.26%"
"Oct 28, 2003","550.79","554.59","556.79","550.79","","+0.28%"
"Oct 27, 2003","549.26","539.67","551.38","539.67","","+2.73%"
"Oct 24, 2003","534.66","539.52","545.74","532.61","","+0.57%"
"Oct 23, 2003","531.61","554.20","554.96","531.61","","-5.00%"
"Oct 22, 2003","559.57","576.56","576.78","553.41","","-2.95%"
"Oct 21, 2003","576.60","593.50","593.50","575.84","","-2.34%"
"Oct 20, 2003","590.42","592.18","593.15","582.95","","+0.09%"
"Oct 17, 2003","589.87","597.94","605.02","589.87","","-0.70%"
"Oct 16, 2003","594.05","582.52","596.00","582.52","","+3.03%"
"Oct 15, 2003","576.58","578.27","585.82","576.54","","+0.14%"
"Oct 14, 2003","575.79","575.76","581.43","575.63","","-0.31%"
"Oct 10, 2003","577.57","566.85","579.83","566.85","","+1.75%"
"Oct 09, 2003","567.66","573.64","573.90","567.66","","-1.54%"
"Oct 08, 2003","576.54","588.94","589.95","576.54","","-2.59%"
"Oct 07, 2003","591.86","589.83","592.96","586.11","","-0.58%"
"Oct 06, 2003","595.32","600.49","609.22","592.86","","-0.29%"
"Oct 03, 2003","597.06","578.72","598.45","578.72","","+4.55%"
"Oct 02, 2003","571.05","545.82","576.22","545.82","","+5.74%"
"Oct 01, 2003","540.07","537.80","543.67","529.24","","+0.71%"
"Sep 30, 2003","536.24","533.67","549.06","532.69","","+1.52%"
"Sep 29, 2003","528.23","533.23","535.17","525.07","","-1.07%"
"Sep 26, 2003","533.94","529.30","536.95","520.56","","-0.74%"
"Sep 25, 2003","537.92","551.06","551.06","533.58","","-3.88%"
"Sep 24, 2003","559.65","580.76","588.51","559.65","","-2.34%"
"Sep 22, 2003","573.05","588.46","591.87","569.27","","-1.68%"
"Sep 19, 2003","582.86","569.57","583.03","569.57","","+3.25%"
"Sep 18, 2003","564.49","568.31","568.31","562.24","","-0.16%"
"Sep 17, 2003","565.39","570.66","570.66","565.13","","+0.46%"
"Sep 16, 2003","562.80","552.66","564.72","551.69","","+2.65%"
"Sep 12, 2003","548.25","545.39","552.71","545.39","","+2.19%"
"Sep 11, 2003","536.48","542.56","543.26","536.22","","-2.27%"
"Sep 10, 2003","548.96","557.75","557.75","542.42","","-2.93%"
"Sep 09, 2003","565.55","544.82","571.97","544.82","","+3.90%"
"Sep 08, 2003","544.31","532.40","544.37","529.87","","+1.78%"
"Sep 05, 2003","534.79","528.74","538.89","527.34","","+1.93%"
"Sep 04, 2003","524.67","522.11","529.97","520.31","","+0.87%"
"Sep 03, 2003","520.17","524.57","527.26","520.17","","-0.81%"
"Sep 02, 2003","524.43","532.22","532.22","518.98","","-1.60%"
"Sep 01, 2003","532.97","488.99","532.97","487.84","","+10.96%"
"Aug 29, 2003","480.33","464.45","480.33","461.86","","+3.56%"
"Aug 28, 2003","463.80","466.26","467.23","462.30","","-0.15%"
"Aug 27, 2003","464.49","469.13","471.08","464.49","","-0.98%"
"Aug 26, 2003","469.11","471.94","473.78","467.50","","-0.04%"
"Aug 25, 2003","469.30","473.06","477.94","469.26","","+0.71%"
"Aug 22, 2003","465.97","469.48","471.73","465.97","","-0.65%"
"Aug 21, 2003","469.01","463.24","472.43","460.20","","+1.20%"
"Aug 20, 2003","463.43","460.75","464.49","459.83","","+0.89%"
"Aug 19, 2003","459.34","461.39","465.83","459.34","","+0.29%"
"Aug 18, 2003","458.03","457.05","460.82","455.20","","+0.50%"
"Aug 15, 2003","455.75","459.37","461.09","454.95","","-0.49%"
"Aug 14, 2003","457.99","451.70","458.04","450.50","","+1.31%"
"Aug 13, 2003","452.07","452.93","457.11","451.96","","+0.42%"
"Aug 12, 2003","450.19","449.73","455.51","448.39","","+0.71%"
"Aug 11, 2003","447.02","448.96","449.93","445.29","","-1.54%"
"Aug 08, 2003","454.00","440.93","454.50","440.93","","+2.91%"
"Aug 07, 2003","441.16","439.63","445.46","439.63","","+0.35%"
"Aug 06, 2003","439.63","439.03","443.33","437.72","","-0.01%"
"Aug 05, 2003","439.67","447.03","447.08","439.67","","-1.22%"
"Aug 04, 2003","445.08","453.95","453.95","445.08","","-2.35%"
"Aug 01, 2003","455.79","460.12","462.21","450.46","","-0.77%"
"Jul 31, 2003","459.31","465.53","467.13","459.31","","-1.36%"
"Jul 30, 2003","465.63","469.87","470.73","463.85","","-1.10%"
"Jul 29, 2003","470.82","478.79","480.73","470.82","","-1.34%"
"Jul 28, 2003","477.21","477.21","479.90","474.29","","+1.87%"
"Jul 25, 2003","468.45","475.04","475.37","468.45","","-1.05%"
"Jul 24, 2003","473.44","478.05","478.85","471.15","","-0.52%"
"Jul 23, 2003","475.92","471.77","475.92","470.28","","+2.45%"
"Jul 22, 2003","464.52","466.80","466.80","462.38","","-0.19%"
"Jul 18, 2003","465.39","465.31","473.17","464.34","","+0.23%"
"Jul 17, 2003","464.32","474.97","474.97","462.85","","-2.74%"
"Jul 16, 2003","477.40","485.11","486.73","477.40","","-0.98%"
"Jul 15, 2003","482.13","488.88","489.85","481.27","","-1.19%"
"Jul 14, 2003","487.92","489.84","491.37","487.92","","+0.12%"
"Jul 11, 2003","487.34","496.59","496.59","485.54","","-2.02%"
"Jul 10, 2003","497.40","495.31","503.37","492.87","","+0.59%"
"Jul 09, 2003","494.46","485.76","495.21","485.76","","+1.80%"
"Jul 08, 2003","485.74","491.36","492.39","485.60","","-0.32%"
"Jul 07, 2003","487.32","487.67","492.34","486.92","","+0.38%"
"Jul 04, 2003","485.47","487.04","491.15","485.31","","-1.12%"
"Jul 03, 2003","490.99","496.37","504.42","488.01","","+0.70%"
"Jul 02, 2003","487.56","466.02","491.12","466.02","","+5.23%"
"Jul 01, 2003","463.31","451.55","464.52","450.69","","+3.11%"
"Jun 30, 2003","449.35","450.08","451.75","448.31","","+0.85%"
"Jun 27, 2003","445.57","447.25","448.08","443.16","","-0.14%"
"Jun 26, 2003","446.19","449.12","450.29","442.62","","-0.44%"
"Jun 25, 2003","448.18","448.41","451.00","447.52","","+0.48%"
"Jun 24, 2003","446.02","447.58","455.46","445.93","","-0.71%"
"Jun 23, 2003","449.22","447.37","450.34","443.59","","+0.54%"
"Jun 20, 2003","446.80","440.54","446.80","438.98","","+1.57%"
"Jun 19, 2003","439.91","441.25","445.22","439.72","","+0.04%"
"Jun 18, 2003","439.73","444.37","446.85","439.73","","-0.20%"
"Jun 17, 2003","440.61","441.83","442.80","437.26","","+0.94%"
"Jun 16, 2003","436.51","441.50","441.96","434.88","","-1.13%"
"Jun 13, 2003","441.52","439.01","444.84","436.50","","+1.29%"
"Jun 12, 2003","435.91","448.52","448.52","435.91","","-2.61%"
"Jun 11, 2003","447.58","445.08","447.58","442.24","","+0.49%"
"Jun 10, 2003","445.39","444.78","446.51","438.99","","-0.95%"
"Jun 09, 2003","449.64","434.33","449.99","434.33","","+5.08%"
"Jun 06, 2003","427.92","425.48","431.10","424.09","","+0.97%"
"Jun 05, 2003","423.80","417.36","423.80","416.64","","+2.36%"
"Jun 04, 2003","414.03","418.10","420.85","413.41","","-0.93%"
"Jun 03, 2003","417.93","419.47","421.20","417.20","","-0.43%"
"Jun 02, 2003","419.75","421.73","423.02","419.72","","+0.93%"
"May 30, 2003","415.88","416.82","420.99","415.74","","-0.21%"
"May 29, 2003","416.74","418.52","420.25","413.90","","+0.09%"
"May 28, 2003","416.37","421.71","424.33","416.37","","+0.02%"
"May 27, 2003","416.28","418.54","421.24","414.77","","-0.26%"
"May 26, 2003","417.35","417.13","422.32","416.95","","+1.10%"
"May 23, 2003","412.82","413.59","416.84","412.62","","+0.62%"
"May 22, 2003","410.26","408.16","413.68","407.41","","+0.95%"
"May 21, 2003","406.38","409.46","411.22","404.85","","-0.96%"
"May 20, 2003","410.31","399.22","411.14","397.31","","+2.67%"
"May 19, 2003","399.64","405.21","405.43","398.60","","-2.72%"
"May 16, 2003","410.80","409.44","410.80","406.96","","+0.55%"
"May 15, 2003","408.54","409.61","413.50","408.04","","-0.37%"
"May 14, 2003","410.06","403.32","411.17","401.42","","+0.96%"
"May 13, 2003","406.16","402.16","410.07","402.16","","+2.36%"
"May 12, 2003","396.78","396.92","398.63","394.06","","+1.62%"
"May 09, 2003","390.46","388.22","390.46","385.45","","+0.97%"
"May 08, 2003","386.70","386.71","390.44","384.76","","+0.22%"
"May 07, 2003","385.84","393.99","396.69","384.94","","-1.12%"
"May 06, 2003","390.21","390.09","392.00","387.56","","+1.14%"
"May 02, 2003","385.83","385.55","386.60","381.60","","-0.17%"
"May 01, 2003","386.50","377.26","387.55","374.56","","+2.04%"
"Apr 30, 2003","378.77","363.54","378.85","363.54","","+6.07%"
"Apr 28, 2003","357.08","374.71","374.93","357.08","","-4.97%"
"Apr 25, 2003","375.74","380.80","380.80","374.01","","-0.85%"
"Apr 24, 2003","378.98","383.44","385.24","378.98","","-0.76%"
"Apr 23, 2003","381.90","383.78","385.37","381.83","","-0.54%"
"Apr 22, 2003","383.96","389.08","389.17","383.96","","-1.29%"
"Apr 21, 2003","388.99","391.00","393.52","387.21","","+0.27%"
"Apr 18, 2003","387.96","391.47","396.04","387.96","","-0.90%"
"Apr 17, 2003","391.47","397.97","397.97","388.04","","-1.68%"
"Apr 16, 2003","398.15","396.97","401.60","395.09","","+0.98%"
"Apr 15, 2003","394.27","393.07","398.87","391.35","","+1.77%"
"Apr 14, 2003","387.40","389.72","390.46","385.66","","-0.16%"
"Apr 11, 2003","388.04","391.21","395.59","387.21","","-0.86%"
"Apr 10, 2003","391.41","390.38","394.91","390.31","","+0.45%"
"Apr 09, 2003","389.67","398.14","398.14","385.06","","-2.43%"
"Apr 08, 2003","399.38","412.08","413.05","398.19","","-2.07%"
"Apr 07, 2003","407.84","407.33","408.60","394.82","","+1.03%"
"Apr 04, 2003","403.70","387.77","409.33","385.07","","+4.90%"
"Apr 03, 2003","384.85","397.21","402.38","384.85","","-2.14%"
"Apr 02, 2003","393.26","408.37","408.40","391.07","","-3.58%"
"Apr 01, 2003","407.86","408.85","411.78","404.65","","-0.68%"
"Mar 31, 2003","410.67","417.15","417.15","410.46","","-2.78%"
"Mar 28, 2003","422.42","435.93","435.93","419.50","","-3.35%"
"Mar 27, 2003","437.04","443.85","443.85","433.24","","-2.44%"
"Mar 26, 2003","447.97","461.67","462.64","446.81","","-4.56%"
"Mar 25, 2003","469.38","466.87","469.38","457.87","","-0.20%"
"Mar 24, 2003","470.34","452.83","471.72","452.83","","+5.75%"
"Mar 20, 2003","444.78","434.07","447.97","431.69","","+3.72%"
"Mar 19, 2003","428.81","433.40","435.05","424.52","","-0.66%"
"Mar 18, 2003","431.64","433.16","437.03","430.12","","+1.27%"
"Mar 17, 2003","426.24","429.66","429.66","424.24","","-0.43%"
"Mar 14, 2003","428.06","429.09","430.52","427.02","","-0.61%"
"Mar 13, 2003","430.67","433.11","436.14","430.67","","-0.56%"
"Mar 12, 2003","433.11","428.96","436.06","428.96","","+0.70%"
"Mar 11, 2003","430.11","430.57","438.34","429.60","","-0.70%"
"Mar 10, 2003","433.15","439.12","439.12","427.28","","-1.45%"
"Mar 07, 2003","439.52","447.72","450.20","439.42","","-2.59%"
"Mar 06, 2003","451.21","451.01","458.99","451.01","","+0.61%"
"Mar 05, 2003","448.49","450.50","456.15","446.83","","-1.73%"
"Mar 04, 2003","456.37","450.61","456.50","447.97","","+1.90%"
"Mar 03, 2003","447.85","434.78","448.82","430.19","","+2.17%"
"Feb 28, 2003","438.32","445.66","446.45","435.40","","-0.55%"
"Feb 27, 2003","440.74","436.81","440.74","427.05","","+1.29%"
"Feb 26, 2003","435.13","431.02","438.66","428.09","","+0.79%"
"Feb 25, 2003","431.72","436.75","436.75","425.76","","-1.39%"
"Feb 24, 2003","437.79","443.53","443.53","437.76","","-2.43%"
"Feb 21, 2003","448.68","463.01","463.01","448.68","","-3.45%"
"Feb 20, 2003","464.70","466.46","466.46","459.98","","-0.16%"
"Feb 19, 2003","465.46","470.00","470.97","463.59","","-0.76%"
"Feb 18, 2003","469.01","470.26","474.40","466.62","","+0.22%"
"Feb 17, 2003","467.97","462.60","469.27","462.60","","+2.05%"
"Feb 14, 2003","458.59","453.90","461.04","453.15","","+1.18%"
"Feb 13, 2003","453.26","453.85","465.88","451.54","","-0.13%"
"Feb 12, 2003","453.85","448.69","457.84","447.96","","+1.79%"
"Feb 10, 2003","445.86","449.89","451.80","443.14","","-0.90%"
"Feb 07, 2003","449.90","449.79","451.70","444.46","","+0.24%"
"Feb 06, 2003","448.81","449.52","450.91","445.90","","+1.01%"
"Feb 05, 2003","444.33","437.98","448.67","437.23","","+0.92%"
"Feb 04, 2003","440.29","445.41","445.41","440.19","","-0.70%"
"Feb 03, 2003","443.41","432.32","443.73","430.81","","+2.57%"
"Jan 31, 2003","432.30","439.15","440.12","432.19","","-1.32%"
"Jan 30, 2003","438.08","438.73","441.60","434.52","","+1.67%"
"Jan 29, 2003","430.89","443.30","445.25","430.78","","-1.86%"
"Jan 28, 2003","439.06","447.29","448.04","439.06","","-2.96%"
"Jan 27, 2003","452.43","442.29","455.88","441.04","","+2.45%"
"Jan 24, 2003","441.59","438.70","449.57","438.70","","+1.18%"
"Jan 23, 2003","436.44","434.94","438.24","429.36","","+0.52%"
"Jan 22, 2003","434.17","434.19","437.71","431.75","","+0.33%"
"Jan 21, 2003","432.76","428.56","434.48","427.55","","+1.41%"
"Jan 20, 2003","426.75","424.09","431.59","420.40","","+2.00%"
"Jan 17, 2003","418.38","412.21","420.36","412.21","","+0.83%"
"Jan 16, 2003","414.93","418.82","418.82","412.10","","-1.43%"
"Jan 15, 2003","420.95","420.00","421.94","416.84","","-0.45%"
"Jan 14, 2003","422.85","423.91","426.55","420.28","","+0.61%"
"Jan 10, 2003","420.27","422.71","425.18","416.36","","-0.58%"
"Jan 09, 2003","422.74","412.61","422.74","411.37","","+0.91%"
"Jan 08, 2003","418.94","432.46","432.48","418.22","","-3.68%"
"Jan 07, 2003","434.94","445.28","445.28","433.20","","-0.72%"
"Jan 06, 2003","438.11","434.08","439.48","433.32","","+1.99%"
"Dec 30, 2002","429.56","428.58","430.72","426.04","","-0.78%"
"Dec 27, 2002","432.93","435.27","435.27","430.06","","+0.72%"
"Dec 26, 2002","429.84","419.53","429.84","417.83","","+3.22%"
"Dec 25, 2002","416.44","407.67","416.44","407.67","","+1.91%"
"Dec 24, 2002","408.64","411.45","412.53","405.22","","-0.84%"
"Dec 20, 2002","412.09","410.49","414.15","406.55","","+1.83%"
"Dec 19, 2002","404.69","410.85","410.85","398.86","","-3.03%"
"Dec 18, 2002","417.32","426.43","429.21","417.23","","-3.82%"
"Dec 17, 2002","433.88","428.57","433.88","423.62","","+2.12%"
"Dec 16, 2002","424.87","424.76","427.81","420.93","","-0.45%"
"Dec 13, 2002","426.79","429.37","429.68","422.15","","-0.21%"
"Dec 12, 2002","427.67","432.99","434.25","426.84","","-1.03%"
"Dec 11, 2002","432.12","437.08","442.30","432.12","","-0.97%"
"Dec 10, 2002","436.36","430.93","438.30","429.64","","+0.42%"
"Dec 09, 2002","434.54","440.91","441.62","433.18","","-0.30%"
"Dec 06, 2002","435.86","445.12","447.72","435.33","","-3.21%"
"Dec 05, 2002","450.30","451.35","454.09","448.42","","-0.83%"
"Dec 04, 2002","454.09","449.18","456.07","448.21","","+0.16%"
"Dec 03, 2002","453.37","459.78","461.29","450.76","","-0.89%"
"Dec 02, 2002","457.45","465.68","469.26","455.03","","-1.33%"
"Nov 29, 2002","463.61","449.69","469.17","448.84","","+2.83%"
"Nov 28, 2002","450.86","441.23","452.18","441.23","","+3.40%"
"Nov 27, 2002","436.02","422.04","439.58","422.04","","+3.52%"
"Nov 26, 2002","421.20","436.37","447.27","419.57","","-3.06%"
"Nov 25, 2002","434.50","430.89","436.92","422.47","","+2.21%"
"Nov 22, 2002","425.11","427.10","427.10","422.72","","+1.78%"
"Nov 21, 2002","417.67","415.33","419.52","414.75","","+1.58%"
"Nov 20, 2002","411.17","407.62","422.85","407.08","","+0.86%"
"Nov 19, 2002","407.68","421.67","423.96","399.76","","-4.40%"
"Nov 18, 2002","426.43","439.08","444.47","422.44","","-2.43%"
"Nov 15, 2002","437.07","437.96","439.18","434.01","","+0.01%"
"Nov 14, 2002","437.02","438.83","442.72","435.79","","-0.62%"
"Nov 13, 2002","439.75","449.29","449.29","439.75","","-2.33%"
"Nov 12, 2002","450.23","448.60","454.57","448.32","","+0.04%"
"Nov 11, 2002","450.07","457.70","457.70","450.03","","-3.05%"
"Nov 08, 2002","464.25","468.74","470.25","462.25","","-1.65%"
"Nov 07, 2002","472.03","472.36","473.33","468.41","","-0.29%"
"Nov 06, 2002","473.39","478.21","478.96","470.80","","-1.00%"
"Nov 05, 2002","478.19","468.79","478.87","463.58","","+3.27%"
"Nov 01, 2002","463.05","459.24","465.58","457.86","","+1.68%"
"Oct 31, 2002","455.42","484.67","486.62","454.20","","-5.37%"
"Oct 30, 2002","481.24","482.07","489.15","480.17","","-0.17%"
"Oct 29, 2002","482.05","482.99","488.40","481.34","","-0.26%"
"Oct 28, 2002","483.29","478.68","483.29","471.42","","-0.49%"
"Oct 25, 2002","485.66","477.09","485.66","477.09","","+2.56%"
"Oct 24, 2002","473.54","481.72","482.69","472.55","","-1.90%"
"Oct 23, 2002","482.73","486.56","486.56","476.84","","-1.02%"
"Oct 22, 2002","487.68","496.57","496.93","487.64","","-1.64%"
"Oct 21, 2002","495.80","502.75","502.75","494.61","","-0.91%"
"Oct 18, 2002","500.37","494.72","500.37","491.71","","+2.14%"
"Oct 17, 2002","489.88","500.70","507.03","489.31","","-1.85%"
"Oct 16, 2002","499.12","509.58","511.85","496.97","","-1.13%"
"Oct 15, 2002","504.81","505.11","507.37","497.39","","-0.71%"
"Oct 11, 2002","508.43","499.36","511.50","499.36","","+2.81%"
"Oct 10, 2002","494.54","495.57","499.57","485.51","","-1.62%"
"Oct 09, 2002","502.69","506.82","509.69","496.76","","-1.56%"
"Oct 08, 2002","510.66","510.32","513.16","504.50","","-0.51%"
"Oct 07, 2002","513.29","518.03","519.00","506.36","","-2.57%"
"Oct 04, 2002","526.82","518.24","526.82","514.38","","+0.87%"
"Oct 03, 2002","522.29","527.56","528.53","518.44","","-0.41%"
"Oct 02, 2002","524.42","533.51","533.55","521.27","","-1.81%"
"Oct 01, 2002","534.07","544.91","544.91","530.32","","-2.03%"
"Sep 30, 2002","545.16","544.50","548.96","542.05","","-1.44%"
"Sep 27, 2002","553.14","542.39","554.74","541.96","","+2.70%"
"Sep 26, 2002","538.59","532.04","538.59","532.04","","+3.03%"
"Sep 25, 2002","522.77","535.44","535.44","521.04","","-2.03%"
"Sep 24, 2002","533.58","543.37","550.59","519.82","","-2.02%"
"Sep 20, 2002","544.57","542.66","551.53","540.89","","-0.50%"
"Sep 19, 2002","547.32","553.72","568.92","547.32","","+0.48%"
"Sep 18, 2002","544.69","545.70","555.60","541.77","","+0.28%"
"Sep 17, 2002","543.15","536.16","544.04","536.16","","+3.06%"
"Sep 13, 2002","527.03","533.47","534.42","521.62","","-2.84%"
"Sep 12, 2002","542.42","533.77","542.42","533.52","","+1.00%"
"Sep 11, 2002","537.07","536.45","541.61","532.67","","+0.27%"
"Sep 10, 2002","535.60","538.50","540.17","531.03","","+0.18%"
"Sep 09, 2002","534.65","525.90","536.34","525.90","","+2.45%"
"Sep 06, 2002","521.84","525.67","525.67","516.31","","-0.91%"
"Sep 05, 2002","526.62","520.07","534.83","516.57","","+2.01%"
"Sep 04, 2002","516.23","512.56","516.23","506.99","","+0.70%"
"Sep 03, 2002","512.64","522.41","523.23","512.64","","-1.77%"
"Sep 02, 2002","521.87","532.72","533.54","521.45","","-1.65%"
"Aug 30, 2002","530.61","531.80","533.57","525.89","","-0.17%"
"Aug 29, 2002","531.49","536.52","536.52","529.05","","-0.77%"
"Aug 28, 2002","535.60","543.12","544.89","535.60","","-1.42%"
"Aug 27, 2002","543.30","551.26","551.26","541.53","","-1.68%"
"Aug 26, 2002","552.57","541.50","555.03","541.50","","+2.71%"
"Aug 23, 2002","537.97","542.37","546.11","537.97","","-0.16%"
"Aug 22, 2002","538.84","539.27","542.24","534.79","","-0.03%"
"Aug 21, 2002","538.98","539.44","545.86","537.23","","+0.44%"
"Aug 20, 2002","536.62","543.83","545.60","536.58","","-1.21%"
"Aug 19, 2002","543.19","550.07","550.89","538.71","","-1.23%"
"Aug 16, 2002","549.97","556.16","556.16","549.10","","-0.63%"
"Aug 15, 2002","553.48","558.75","562.64","552.66","","-0.79%"
"Aug 14, 2002","557.86","556.55","559.98","555.05","","-0.28%"
"Aug 13, 2002","559.43","557.47","562.97","554.18","","0.00%"
"Aug 12, 2002","559.41","571.74","574.83","559.41","","-2.01%"
"Aug 09, 2002","570.87","572.10","576.76","569.30","","-0.33%"
"Aug 08, 2002","572.75","569.76","584.99","568.74","","+2.11%"
"Aug 07, 2002","560.91","562.32","565.48","560.73","","+0.75%"
"Aug 06, 2002","556.74","562.77","563.72","551.62","","-1.32%"
"Aug 05, 2002","564.19","569.28","571.77","563.24","","-1.73%"
"Aug 02, 2002","574.13","578.37","579.85","573.45","","-0.08%"
"Aug 01, 2002","574.61","578.39","581.80","572.95","","-0.68%"
"Jul 31, 2002","578.52","587.02","588.92","574.64","","-1.72%"
"Jul 30, 2002","588.66","577.79","589.61","577.79","","+3.52%"
"Jul 29, 2002","568.64","576.34","586.07","568.64","","-0.62%"
"Jul 26, 2002","572.21","586.05","586.05","572.11","","-2.71%"
"Jul 25, 2002","588.16","596.26","599.66","587.12","","-0.38%"
"Jul 24, 2002","590.40","593.67","596.16","588.37","","-0.58%"
"Jul 23, 2002","593.87","591.47","602.58","588.88","","+0.15%"
"Jul 22, 2002","592.99","588.01","601.68","585.16","","+0.39%"
"Jul 19, 2002","590.66","593.32","595.53","588.09","","-1.38%"
"Jul 18, 2002","598.90","598.52","605.79","597.36","","+0.40%"
"Jul 17, 2002","596.52","594.67","596.52","583.57","","-0.93%"
"Jul 16, 2002","602.09","601.86","611.96","598.38","","+0.38%"
"Jul 15, 2002","599.83","618.65","625.87","599.83","","-2.52%"
"Jul 12, 2002","615.36","619.46","625.80","615.36","","+0.81%"
"Jul 11, 2002","610.41","616.03","619.41","606.77","","-1.06%"
"Jul 10, 2002","616.97","627.38","630.05","616.97","","-2.03%"
"Jul 09, 2002","629.77","629.48","629.77","619.25","","+0.69%"
"Jul 08, 2002","625.48","636.37","639.91","623.37","","-0.33%"
"Jul 05, 2002","627.52","622.11","632.30","622.11","","+1.72%"
"Jul 04, 2002","616.93","621.27","625.89","611.33","","-1.21%"
"Jul 03, 2002","624.47","613.14","629.92","611.32","","+1.74%"
"Jul 02, 2002","613.78","608.99","616.59","600.88","","+0.80%"
"Jul 01, 2002","608.89","604.78","613.34","602.32","","+2.01%"
"Jun 28, 2002","596.89","590.53","601.51","586.08","","+1.53%"
"Jun 27, 2002","587.89","584.88","595.83","581.25","","+1.33%"
"Jun 26, 2002","580.17","588.18","589.68","576.36","","-2.07%"
"Jun 25, 2002","592.44","595.48","607.08","591.60","","-0.16%"
"Jun 24, 2002","593.41","577.95","594.00","575.63","","+1.38%"
"Jun 21, 2002","585.32","590.59","592.61","583.53","","-1.90%"
"Jun 20, 2002","596.68","593.15","604.81","586.02","","+0.31%"
"Jun 19, 2002","594.86","611.52","616.02","592.18","","-2.47%"
"Jun 18, 2002","609.95","608.91","615.37","607.87","","+1.25%"
"Jun 17, 2002","602.42","619.91","621.81","598.16","","-3.43%"
"Jun 14, 2002","623.79","639.10","639.23","622.50","","-2.83%"
"Jun 13, 2002","641.98","651.86","651.89","636.31","","-0.13%"
"Jun 12, 2002","642.80","646.22","647.28","637.38","","-1.50%"
"Jun 11, 2002","652.61","647.02","655.56","647.02","","+0.70%"
"Jun 10, 2002","648.08","648.03","653.26","644.86","","+0.20%"
"Jun 07, 2002","646.81","645.01","651.36","639.67","","+0.03%"
"Jun 06, 2002","646.61","662.89","663.84","646.61","","-2.29%"
"Jun 05, 2002","661.77","665.19","667.81","661.77","","-1.24%"
"Jun 04, 2002","670.09","677.59","680.18","665.44","","-2.16%"
"Jun 03, 2002","684.87","669.02","684.87","669.02","","+2.81%"
"May 31, 2002","666.17","678.58","681.51","665.38","","-2.06%"
"May 30, 2002","680.20","676.73","680.98","668.71","","+0.49%"
"May 29, 2002","676.90","684.16","686.75","675.93","","-2.10%"
"May 28, 2002","691.41","683.72","691.41","683.72","","+0.16%"
"May 27, 2002","690.28","704.88","705.80","689.07","","-2.19%"
"May 24, 2002","705.73","700.53","705.73","694.10","","+1.65%"
"May 23, 2002","694.29","703.67","709.91","691.18","","-0.54%"
"May 22, 2002","698.06","690.04","701.61","690.04","","+1.07%"
"May 21, 2002","690.66","681.76","690.66","680.98","","+0.74%"
"May 20, 2002","685.57","680.98","695.41","678.39","","+1.01%"
"May 17, 2002","678.72","676.84","686.10","675.74","","+0.41%"
"May 16, 2002","675.94","666.35","677.76","664.99","","+1.72%"
"May 15, 2002","664.48","663.84","672.92","663.84","","+0.76%"
"May 14, 2002","659.44","678.61","679.50","658.74","","-1.95%"
"May 13, 2002","672.57","669.56","683.04","669.56","","+1.41%"
"May 10, 2002","663.23","666.55","674.26","663.23","","-0.63%"
"May 09, 2002","667.44","668.40","672.89","660.12","","+1.17%"
"May 08, 2002","659.75","652.23","663.70","652.23","","+1.13%"
"May 07, 2002","652.41","658.84","658.84","646.44","","-0.73%"
"May 02, 2002","657.24","665.14","665.24","652.18","","-0.52%"
"May 01, 2002","660.66","655.32","665.62","654.70","","+0.22%"
"Apr 30, 2002","659.21","668.32","668.32","653.36","","-0.72%"
"Apr 26, 2002","664.02","674.54","675.40","661.35","","-1.27%"
"Apr 25, 2002","672.59","678.88","680.91","671.74","","-1.39%"
"Apr 24, 2002","682.10","695.59","695.73","676.06","","-2.23%"
"Apr 23, 2002","697.64","694.34","702.89","692.33","","-0.29%"
"Apr 22, 2002","699.65","693.79","699.65","691.06","","+0.58%"
"Apr 19, 2002","695.65","691.26","695.65","686.77","","-0.04%"
"Apr 18, 2002","695.95","684.64","695.95","684.64","","+1.80%"
"Apr 17, 2002","683.65","678.80","686.25","672.50","","+1.17%"
"Apr 16, 2002","675.75","675.29","679.76","668.22","","+0.06%"
"Apr 15, 2002","675.36","661.62","675.36","657.59","","+2.90%"
"Apr 12, 2002","656.35","653.47","663.19","648.74","","+0.78%"
"Apr 11, 2002","651.24","664.55","667.40","651.24","","-2.35%"
"Apr 10, 2002","666.90","656.32","673.54","656.32","","+2.73%"
"Apr 09, 2002","649.15","666.32","667.40","649.15","","-2.89%"
"Apr 08, 2002","668.47","682.32","686.38","665.75","","-1.28%"
"Apr 05, 2002","677.17","683.13","694.08","670.78","","-0.39%"
"Apr 04, 2002","679.83","671.78","687.16","671.78","","+1.65%"
"Apr 03, 2002","668.78","645.43","674.30","645.29","","+3.31%"
"Apr 02, 2002","647.38","655.57","655.57","643.68","","-0.92%"
"Apr 01, 2002","653.39","644.78","664.83","644.78","","+2.76%"
"Mar 29, 2002","635.84","658.00","660.87","635.84","","-3.19%"
"Mar 28, 2002","656.82","662.58","666.25","652.67","","-0.93%"
"Mar 27, 2002","662.98","662.69","670.07","647.59","","+0.07%"
"Mar 26, 2002","662.52","681.75","681.75","661.57","","-4.12%"
"Mar 25, 2002","691.01","689.18","696.68","683.09","","+1.33%"
"Mar 22, 2002","681.92","700.22","701.04","681.67","","-3.40%"
"Mar 20, 2002","705.90","729.74","729.90","699.91","","-3.51%"
"Mar 19, 2002","731.57","711.85","732.63","711.85","","+2.95%"
"Mar 18, 2002","710.59","711.13","717.49","706.97","","+0.94%"
"Mar 15, 2002","703.98","683.76","703.98","674.28","","+2.87%"
"Mar 14, 2002","684.36","676.86","686.22","670.83","","+1.17%"
"Mar 13, 2002","676.45","710.79","710.79","676.45","","-5.32%"
"Mar 12, 2002","714.43","729.11","729.93","708.11","","-2.35%"
"Mar 11, 2002","731.61","717.77","732.78","716.33","","+3.10%"
"Mar 08, 2002","709.62","708.88","716.08","706.43","","+0.21%"
"Mar 07, 2002","708.16","699.85","712.95","697.99","","+1.79%"
"Mar 06, 2002","695.72","685.58","700.73","681.65","","+1.36%"
"Mar 05, 2002","686.40","698.43","703.32","680.88","","-0.62%"
"Mar 04, 2002","690.71","674.19","695.01","672.55","","+3.46%"
"Mar 01, 2002","667.61","648.54","669.41","639.56","","+3.50%"
"Feb 28, 2002","645.04","627.14","645.04","625.19","","+3.34%"
"Feb 27, 2002","624.22","602.66","624.22","602.66","","+4.63%"
"Feb 26, 2002","596.57","596.53","600.03","593.90","","+1.07%"
"Feb 25, 2002","590.27","592.16","593.15","586.42","","+0.57%"
"Feb 22, 2002","586.91","591.15","591.15","580.86","","-1.00%"
"Feb 21, 2002","592.83","583.19","593.07","583.19","","+2.78%"
"Feb 20, 2002","576.78","574.18","579.87","571.73","","+0.27%"
"Feb 19, 2002","575.22","582.31","584.21","571.62","","-2.03%"
"Feb 18, 2002","587.16","586.90","588.31","583.82","","+0.38%"
"Feb 15, 2002","584.93","593.69","593.77","583.14","","-1.76%"
"Feb 14, 2002","595.39","593.03","604.63","593.03","","+0.85%"
"Feb 13, 2002","590.38","586.88","599.20","585.11","","+0.92%"
"Feb 12, 2002","585.02","572.32","586.66","569.70","","+3.86%"
"Feb 08, 2002","563.27","559.03","568.09","558.83","","-0.26%"
"Feb 07, 2002","564.74","559.22","568.16","557.24","","+0.71%"
"Feb 06, 2002","560.76","559.71","561.97","555.41","","-0.03%"
"Feb 05, 2002","560.95","574.40","574.40","560.10","","-2.51%"
"Feb 04, 2002","575.42","577.38","580.19","573.52","","-0.06%"
"Feb 01, 2002","575.74","575.72","577.68","570.51","","+1.11%"
"Jan 31, 2002","569.44","559.68","573.80","559.68","","+2.33%"
"Jan 30, 2002","556.46","552.59","559.75","552.23","","+0.57%"
"Jan 29, 2002","553.33","556.39","558.80","553.33","","-1.13%"
"Jan 28, 2002","559.64","555.01","559.64","554.16","","+1.58%"
"Jan 25, 2002","550.91","555.94","555.94","548.14","","-0.43%"
"Jan 24, 2002","553.30","552.62","561.38","551.53","","+0.36%"
"Jan 23, 2002","551.33","559.26","559.26","551.33","","-0.68%"
"Jan 22, 2002","555.10","566.10","566.92","555.10","","-1.55%"
"Jan 21, 2002","563.85","561.41","566.38","555.20","","+1.41%"
"Jan 18, 2002","556.03","550.61","556.03","549.57","","+0.68%"
"Jan 17, 2002","552.25","549.94","553.61","549.00","","+0.56%"
"Jan 16, 2002","549.19","553.78","554.56","547.20","","-0.76%"
"Jan 15, 2002","553.42","552.76","555.69","549.42","","+0.35%"
"Jan 11, 2002","551.50","554.24","559.68","550.61","","-0.77%"
"Jan 10, 2002","555.79","568.01","571.28","555.79","","-1.95%"
"Jan 09, 2002","566.86","566.14","568.86","563.83","","+0.12%"
"Jan 08, 2002","566.17","569.70","573.11","563.35","","-0.28%"
"Jan 07, 2002","567.76","561.23","571.15","561.23","","+0.90%"
"Jan 04, 2002","562.71","571.99","575.62","561.57","","-0.99%"
"Dec 28, 2001","568.36","566.74","570.15","564.84","","+0.55%"
"Dec 27, 2001","565.27","565.18","565.27","553.06","","+0.11%"
"Dec 26, 2001","564.67","558.12","566.83","551.88","","+1.06%"
"Dec 25, 2001","558.73","572.34","572.34","556.32","","-2.63%"
"Dec 21, 2001","573.82","568.87","582.79","565.58","","+0.04%"
"Dec 20, 2001","573.61","572.37","577.00","565.64","","+1.03%"
"Dec 19, 2001","567.78","577.03","577.03","563.14","","-1.88%"
"Dec 18, 2001","578.65","581.52","586.92","560.79","","+0.79%"
"Dec 17, 2001","574.12","581.57","585.29","569.32","","-1.30%"
"Dec 14, 2001","581.70","575.54","589.35","575.54","","+0.04%"
"Dec 13, 2001","581.44","602.74","602.74","581.44","","-4.50%"
"Dec 12, 2001","608.84","583.42","610.48","583.42","","+3.64%"
"Dec 11, 2001","587.45","603.77","603.77","582.49","","-3.72%"
"Dec 10, 2001","610.16","626.82","626.82","609.25","","-2.67%"
"Dec 07, 2001","626.91","625.84","636.19","622.59","","+1.59%"
"Dec 06, 2001","617.10","621.23","630.30","617.10","","+0.79%"
"Dec 05, 2001","612.29","594.11","614.95","583.13","","+3.55%"
"Dec 04, 2001","591.28","582.66","591.28","582.66","","+2.53%"
"Dec 03, 2001","576.69","587.04","588.54","573.74","","-1.04%"
"Nov 30, 2001","582.76","577.19","591.05","577.19","","+0.17%"
"Nov 29, 2001","581.76","566.50","581.76","565.42","","+3.28%"
"Nov 28, 2001","563.28","590.49","592.84","563.28","","-4.34%"
"Nov 27, 2001","588.81","588.40","596.01","584.31","","+0.65%"
"Nov 26, 2001","585.00","573.90","586.19","569.54","","+2.55%"
"Nov 22, 2001","570.45","570.47","571.29","558.63","","+0.17%"
"Nov 21, 2001","569.46","566.40","570.14","564.48","","+0.39%"
"Nov 20, 2001","567.25","567.29","575.54","566.47","","+1.27%"
"Nov 19, 2001","560.16","560.83","564.77","558.52","","-0.56%"
"Nov 16, 2001","563.33","560.92","567.94","554.93","","-1.13%"
"Nov 15, 2001","569.75","550.14","569.75","549.19","","+4.32%"
"Nov 14, 2001","546.14","548.13","558.03","546.14","","+0.41%"
"Nov 13, 2001","543.89","551.51","551.51","541.42","","-2.64%"
"Nov 12, 2001","558.63","555.59","573.50","555.59","","+0.92%"
"Nov 09, 2001","553.54","555.25","560.06","546.44","","-0.27%"
"Nov 08, 2001","555.04","549.09","555.04","546.24","","+1.04%"
"Nov 07, 2001","549.30","561.82","565.23","549.26","","-3.12%"
"Nov 06, 2001","566.98","577.08","577.08","563.40","","-1.59%"
"Nov 05, 2001","576.14","570.00","576.14","565.78","","+2.37%"
"Nov 02, 2001","562.79","572.39","572.52","562.01","","-0.25%"
"Nov 01, 2001","564.20","572.03","572.80","564.20","","-1.59%"
"Oct 31, 2001","573.33","578.41","580.44","570.82","","-0.82%"
"Oct 30, 2001","578.07","584.92","584.92","573.63","","-2.66%"
"Oct 29, 2001","593.87","589.80","594.00","574.05","","+1.10%"
"Oct 26, 2001","587.38","595.21","601.23","579.06","","+0.14%"
"Oct 25, 2001","586.56","604.42","604.42","578.70","","-2.83%"
"Oct 24, 2001","603.63","588.63","608.41","586.75","","+3.42%"
"Oct 23, 2001","583.67","571.57","583.67","571.35","","+3.70%"
"Oct 22, 2001","562.82","562.38","564.85","557.66","","+1.15%"
"Oct 19, 2001","556.42","540.68","556.42","540.68","","+2.41%"
"Oct 18, 2001","543.30","545.87","547.77","540.55","","-1.19%"
"Oct 17, 2001","549.83","542.97","549.83","539.46","","+1.72%"
"Oct 16, 2001","540.54","541.61","544.41","536.78","","-0.15%"
"Oct 15, 2001","541.34","533.40","543.62","531.33","","-0.02%"
"Oct 12, 2001","541.43","546.83","552.98","527.35","","+0.67%"
"Oct 11, 2001","537.80","521.02","541.46","517.31","","+4.81%"
"Oct 10, 2001","513.13","527.09","527.09","513.13","","-3.19%"
"Oct 09, 2001","530.03","543.77","543.77","530.03","","-3.43%"
"Oct 05, 2001","548.87","545.55","548.87","536.28","","+0.15%"
"Oct 04, 2001","548.03","550.84","554.37","545.36","","+0.90%"
"Oct 03, 2001","543.16","553.83","555.60","543.16","","-1.09%"
"Oct 02, 2001","549.14","537.83","549.14","533.23","","+2.44%"
"Oct 01, 2001","536.06","530.14","539.87","528.16","","+2.07%"
"Sep 28, 2001","525.19","526.67","530.75","522.08","","-1.23%"
"Sep 27, 2001","531.73","531.48","534.07","525.97","","-0.78%"
"Sep 26, 2001","535.90","541.66","543.05","528.74","","-1.30%"
"Sep 25, 2001","542.97","547.35","554.78","538.71","","+0.89%"
"Sep 21, 2001","538.19","541.47","541.47","528.32","","-1.67%"
"Sep 20, 2001","547.35","549.16","549.20","541.30","","-0.51%"
"Sep 19, 2001","550.18","541.23","562.77","541.23","","+3.00%"
"Sep 18, 2001","534.18","529.32","553.77","529.32","","+1.64%"
"Sep 17, 2001","525.54","589.39","589.39","525.54","","-12.14%"
"Sep 14, 2001","598.13","579.10","598.13","562.30","","+1.75%"
"Sep 13, 2001","587.84","591.91","591.91","565.24","","-2.15%"
"Sep 12, 2001","600.78","661.20","661.20","597.41","","-10.38%"
"Sep 11, 2001","670.35","649.40","670.37","647.65","","+2.89%"
"Sep 10, 2001","651.50","656.46","658.64","650.16","","-2.09%"
"Sep 07, 2001","665.42","659.39","667.45","653.83","","-0.08%"
"Sep 06, 2001","665.97","658.15","668.24","656.12","","+1.36%"
"Sep 05, 2001","657.01","674.96","674.96","654.67","","-3.38%"
"Sep 04, 2001","680.00","672.94","681.88","669.33","","+1.34%"
"Sep 03, 2001","671.03","670.53","684.44","669.13","","+0.69%"
"Aug 31, 2001","666.43","679.55","680.22","666.43","","-1.32%"
"Aug 30, 2001","675.32","683.84","683.84","664.72","","-1.49%"
"Aug 29, 2001","685.54","699.74","701.75","684.59","","-2.58%"
"Aug 28, 2001","703.66","701.28","703.66","696.79","","+0.34%"
"Aug 27, 2001","701.25","700.56","703.97","696.33","","+0.89%"
"Aug 24, 2001","695.03","699.18","700.13","693.13","","-0.34%"
"Aug 23, 2001","697.41","700.30","704.04","695.64","","-0.59%"
"Aug 22, 2001","701.55","693.91","706.98","692.27","","+0.97%"
"Aug 21, 2001","694.81","703.07","704.02","693.89","","-1.46%"
"Aug 20, 2001","705.12","713.24","713.24","704.28","","-0.48%"
"Aug 17, 2001","708.51","707.33","714.91","706.22","","+0.54%"
"Aug 16, 2001","704.71","713.44","714.96","703.75","","-1.79%"
"Aug 15, 2001","717.57","703.21","720.98","699.55","","+1.92%"
"Aug 14, 2001","704.08","695.63","714.36","695.63","","+2.04%"
"Aug 13, 2001","689.98","700.01","704.10","687.36","","-1.68%"
"Aug 10, 2001","701.78","695.81","709.93","695.81","","+0.70%"
"Aug 09, 2001","696.90","705.03","708.94","696.90","","-1.65%"
"Aug 08, 2001","708.60","709.99","717.75","708.60","","0.00%"
"Aug 07, 2001","708.60","723.35","725.12","704.97","","-2.29%"
"Aug 06, 2001","725.18","714.56","727.00","713.58","","+1.98%"
"Aug 03, 2001","711.12","719.23","722.08","706.23","","-1.24%"
"Aug 02, 2001","720.07","703.54","726.67","703.54","","+3.37%"
"Aug 01, 2001","696.60","691.82","700.44","687.60","","+1.18%"
"Jul 31, 2001","688.47","681.75","693.74","676.96","","+1.56%"
"Jul 30, 2001","677.89","692.66","693.61","670.07","","-1.66%"
"Jul 27, 2001","689.33","689.36","697.01","686.44","","-0.46%"
"Jul 26, 2001","692.52","694.17","696.78","686.71","","-0.52%"
"Jul 25, 2001","696.15","699.78","706.09","694.21","","-1.35%"
"Jul 24, 2001","705.67","702.74","705.80","697.04","","+0.42%"
"Jul 23, 2001","702.74","712.07","715.34","696.22","","-0.09%"
"Jul 19, 2001","703.38","699.73","703.38","692.63","","+0.68%"
"Jul 18, 2001","698.63","714.61","716.25","698.63","","-1.99%"
"Jul 17, 2001","712.84","722.94","725.66","712.71","","-1.63%"
"Jul 16, 2001","724.62","724.73","728.64","720.82","","+0.03%"
"Jul 13, 2001","724.42","731.62","734.21","720.91","","-0.76%"
"Jul 12, 2001","729.99","724.66","730.95","719.75","","+1.74%"
"Jul 11, 2001","717.53","732.91","733.73","715.28","","-2.80%"
"Jul 10, 2001","738.20","732.21","738.20","727.52","","+1.74%"
"Jul 09, 2001","725.60","719.67","726.41","715.52","","+0.59%"
"Jul 06, 2001","721.31","732.27","734.91","721.31","","-2.10%"
"Jul 05, 2001","736.75","737.32","739.87","732.79","","+0.38%"
"Jul 04, 2001","733.98","736.29","736.55","728.63","","+0.28%"
"Jul 03, 2001","731.90","731.16","735.91","728.28","","+0.23%"
"Jul 02, 2001","730.21","741.12","741.12","726.04","","-0.95%"
"Jun 29, 2001","737.23","736.78","737.23","728.30","","+1.48%"
"Jun 28, 2001","726.46","735.56","735.99","723.18","","-1.46%"
"Jun 27, 2001","737.26","738.20","744.79","734.56","","+0.46%"
"Jun 26, 2001","733.87","732.71","740.64","731.66","","-0.10%"
"Jun 25, 2001","734.59","749.16","753.20","727.82","","-1.93%"
"Jun 22, 2001","749.03","742.01","752.59","739.90","","+1.98%"
"Jun 21, 2001","734.49","737.89","740.40","727.08","","+0.12%"
"Jun 20, 2001","733.59","735.81","737.27","727.55","","+0.23%"
"Jun 19, 2001","731.94","741.57","746.19","731.94","","-1.28%"
"Jun 18, 2001","741.44","743.06","746.51","737.09","","-0.66%"
"Jun 15, 2001","746.40","746.16","751.79","738.85","","-0.39%"
"Jun 14, 2001","749.32","760.63","764.72","749.32","","-2.75%"
"Jun 13, 2001","770.52","768.16","774.82","761.08","","-0.10%"
"Jun 12, 2001","771.26","791.68","791.68","766.04","","-2.81%"
"Jun 11, 2001","793.52","802.29","805.77","793.52","","-1.36%"
"Jun 08, 2001","804.42","808.50","811.35","793.80","","+0.08%"
"Jun 07, 2001","803.80","793.24","803.80","786.05","","+2.47%"
"Jun 06, 2001","784.39","791.78","791.98","775.39","","-0.65%"
"Jun 05, 2001","789.54","771.84","789.54","768.17","","+4.02%"
"Jun 04, 2001","759.02","757.96","761.37","751.70","","+0.88%"
"Jun 01, 2001","752.42","771.56","773.33","748.02","","-2.56%"
"May 31, 2001","772.18","775.05","777.73","765.50","","-0.49%"
"May 30, 2001","775.99","779.33","782.13","773.22","","-0.32%"
"May 29, 2001","778.50","770.65","784.38","769.24","","+0.43%"
"May 28, 2001","775.16","798.57","798.57","768.20","","-3.77%"
"May 25, 2001","805.51","796.50","808.22","792.01","","+1.50%"
"May 24, 2001","793.57","789.19","803.60","789.19","","+0.63%"
"May 23, 2001","788.59","798.45","802.97","783.41","","-1.84%"
"May 22, 2001","803.40","817.14","824.23","797.87","","-1.89%"
"May 21, 2001","818.89","821.23","840.75","811.48","","-0.18%"
"May 18, 2001","820.35","832.96","833.75","818.20","","-1.59%"
"May 17, 2001","833.59","846.22","850.33","833.59","","-1.45%"
"May 16, 2001","845.87","858.07","858.07","841.32","","-1.16%"
"May 15, 2001","855.82","854.39","861.20","850.89","","+0.21%"
"May 14, 2001","854.06","874.48","874.48","851.43","","-2.12%"
"May 11, 2001","872.53","867.37","881.56","863.17","","+0.57%"
"May 10, 2001","867.58","854.57","873.71","854.57","","+1.72%"
"May 09, 2001","852.87","869.34","869.34","838.20","","-2.47%"
"May 08, 2001","874.46","887.67","891.30","866.21","","-2.46%"
"May 07, 2001","896.49","909.64","909.64","887.00","","-1.27%"
"May 02, 2001","907.99","917.07","919.39","897.73","","-0.29%"
"May 01, 2001","910.59","902.48","910.59","896.24","","+0.96%"
"Apr 27, 2001","901.89","928.06","928.06","895.56","","-2.47%"
"Apr 26, 2001","924.70","904.34","924.70","901.43","","+3.26%"
"Apr 25, 2001","895.47","885.80","900.15","884.41","","+1.91%"
"Apr 24, 2001","878.70","885.42","885.76","872.35","","-0.65%"
"Apr 23, 2001","884.49","869.19","889.00","867.67","","+2.76%"
"Apr 20, 2001","860.73","839.18","860.73","839.18","","+2.91%"
"Apr 19, 2001","836.42","862.89","866.13","836.39","","-2.48%"
"Apr 18, 2001","857.71","838.83","857.71","838.83","","+3.36%"
"Apr 17, 2001","829.81","828.84","832.09","823.64","","+0.09%"
"Apr 16, 2001","829.03","836.78","843.07","828.24","","-1.48%"
"Apr 13, 2001","841.49","845.73","851.21","834.25","","-0.07%"
"Apr 12, 2001","842.11","846.25","855.18","841.96","","+0.06%"
"Apr 11, 2001","841.62","835.51","843.42","831.26","","+1.81%"
"Apr 10, 2001","826.65","842.96","843.59","824.84","","-2.06%"
"Apr 09, 2001","844.03","856.60","863.40","840.96","","-0.73%"
"Apr 06, 2001","850.21","834.49","850.21","831.54","","+3.03%"
"Apr 05, 2001","825.22","802.75","840.57","802.75","","+3.96%"
"Apr 04, 2001","793.78","807.29","810.54","793.78","","-2.13%"
"Apr 03, 2001","811.04","795.98","817.96","789.70","","+1.55%"
"Apr 02, 2001","798.63","823.95","827.49","794.95","","-2.57%"
"Mar 30, 2001","819.67","849.87","854.34","818.19","","-3.10%"
"Mar 29, 2001","845.88","862.69","870.53","845.33","","-2.32%"
"Mar 28, 2001","865.98","887.76","893.90","864.76","","-2.21%"
"Mar 27, 2001","885.55","874.21","885.55","863.09","","-0.39%"
"Mar 26, 2001","888.99","857.92","888.99","851.09","","+4.73%"
"Mar 23, 2001","848.88","872.92","872.92","845.64","","-3.85%"
"Mar 22, 2001","882.84","894.44","906.31","871.77","","-1.97%"
"Mar 21, 2001","900.60","842.41","900.60","842.34","","+8.01%"
"Mar 19, 2001","833.78","839.19","844.77","825.40","","-0.28%"
"Mar 16, 2001","836.13","845.73","847.77","836.13","","-1.04%"
"Mar 15, 2001","844.89","813.46","846.12","808.52","","+2.76%"
"Mar 14, 2001","822.20","837.16","837.40","822.20","","-2.16%"
"Mar 13, 2001","840.39","843.19","843.19","809.72","","-1.96%"
"Mar 12, 2001","857.21","873.63","884.52","849.05","","-1.69%"
"Mar 09, 2001","871.97","859.74","879.97","856.61","","+1.83%"
"Mar 08, 2001","856.30","846.66","866.79","843.74","","+1.25%"
"Mar 07, 2001","845.71","840.85","853.78","833.19","","-0.43%"
"Mar 06, 2001","849.37","823.70","849.37","817.83","","+1.83%"
"Mar 05, 2001","834.10","833.56","838.57","823.80","","-0.39%"
"Mar 02, 2001","837.37","853.72","855.70","833.41","","-1.45%"
"Mar 01, 2001","849.71","845.45","851.17","832.47","","+0.15%"
"Feb 28, 2001","848.41","859.37","865.42","844.80","","-1.41%"
"Feb 27, 2001","860.57","857.25","864.13","851.16","","+0.03%"
"Feb 26, 2001","860.35","841.39","860.35","839.45","","+2.56%"
"Feb 23, 2001","838.90","835.23","838.90","827.81","","+0.22%"
"Feb 22, 2001","837.09","826.83","839.74","821.32","","+0.33%"
"Feb 21, 2001","834.33","835.72","837.96","821.41","","-0.75%"
"Feb 20, 2001","840.63","833.36","840.63","825.91","","+0.48%"
"Feb 19, 2001","836.64","824.47","836.64","813.33","","+0.51%"
"Feb 16, 2001","832.41","831.33","842.63","831.33","","+1.20%"
"Feb 15, 2001","822.58","806.14","829.25","806.14","","+2.68%"
"Feb 14, 2001","801.08","787.24","801.21","787.24","","+1.17%"
"Feb 13, 2001","791.85","778.35","793.42","774.90","","+2.20%"
"Feb 09, 2001","774.77","757.65","776.29","757.65","","+2.13%"
"Feb 08, 2001","758.61","760.33","770.14","753.17","","+0.04%"
"Feb 07, 2001","758.27","766.30","773.94","758.27","","-1.48%"
"Feb 06, 2001","769.64","770.69","774.91","768.02","","-0.07%"
"Feb 05, 2001","770.17","777.21","777.21","769.57","","-1.53%"
"Feb 02, 2001","782.17","777.17","792.38","775.58","","+0.97%"
"Feb 01, 2001","774.68","786.60","787.40","770.10","","-2.39%"
"Jan 31, 2001","793.64","795.58","800.40","784.37","","-0.15%"
"Jan 30, 2001","794.84","790.12","797.01","776.13","","0.00%"
"Jan 29, 2001","794.86","764.60","795.75","764.60","","+4.30%"
"Jan 26, 2001","762.09","753.37","772.31","748.95","","+0.23%"
"Jan 25, 2001","760.33","755.06","769.33","749.66","","+0.14%"
"Jan 24, 2001","759.28","762.38","769.63","752.64","","-0.40%"
"Jan 23, 2001","762.30","744.95","766.38","744.95","","+3.02%"
"Jan 22, 2001","739.92","756.11","761.33","739.12","","-1.64%"
"Jan 19, 2001","752.27","764.32","767.85","752.27","","-1.77%"
"Jan 18, 2001","765.86","753.71","771.90","744.39","","+1.62%"
"Jan 17, 2001","753.64","756.38","758.13","745.22","","-0.75%"
"Jan 16, 2001","759.32","757.48","760.86","751.02","","+1.13%"
"Jan 15, 2001","750.81","742.81","762.64","742.25","","+1.24%"
"Jan 12, 2001","741.59","764.41","764.41","724.17","","-3.70%"
"Jan 11, 2001","770.07","816.15","816.15","750.00","","-7.12%"
"Jan 10, 2001","829.14","843.02","843.02","821.99","","-2.18%"
"Jan 09, 2001","847.59","843.70","849.47","826.38","","-1.17%"
"Jan 05, 2001","857.61","844.36","859.80","844.36","","+1.97%"
"Jan 04, 2001","841.08","858.33","868.29","841.08","","-0.40%"
"Dec 29, 2000","844.42","858.48","866.09","844.26","","-0.51%"
"Dec 28, 2000","848.72","837.77","848.72","836.72","","+0.49%"
"Dec 27, 2000","844.61","842.71","848.18","838.74","","-0.26%"
"Dec 26, 2000","846.79","846.56","852.15","842.41","","-1.58%"
"Dec 25, 2000","860.37","859.98","863.72","843.48","","+1.30%"
"Dec 22, 2000","849.30","806.18","856.11","806.18","","+6.52%"
"Dec 21, 2000","797.34","805.55","806.20","787.94","","-2.68%"
"Dec 20, 2000","819.31","837.13","841.04","817.64","","-2.85%"
"Dec 19, 2000","843.35","855.05","857.08","843.35","","-0.76%"
"Dec 18, 2000","849.78","838.97","852.52","838.97","","+2.36%"
"Dec 15, 2000","830.22","845.54","848.23","830.22","","-3.00%"
"Dec 14, 2000","855.86","856.00","866.89","846.68","","+0.11%"
"Dec 13, 2000","854.96","818.54","855.71","818.54","","+5.51%"
"Dec 12, 2000","810.32","823.99","825.94","810.32","","-0.83%"
"Dec 11, 2000","817.13","803.63","820.91","801.84","","+2.76%"
"Dec 08, 2000","795.17","803.90","809.39","795.17","","-0.61%"
"Dec 07, 2000","800.02","796.21","800.02","790.11","","+0.05%"
"Dec 06, 2000","799.65","803.23","803.72","795.14","","+0.56%"
"Dec 05, 2000","795.19","797.64","804.84","775.69","","-0.69%"
"Dec 04, 2000","800.70","797.84","804.14","793.01","","+0.89%"
"Dec 01, 2000","793.64","784.07","802.10","784.07","","+1.88%"
"Nov 30, 2000","779.02","765.36","788.35","764.39","","+2.19%"
"Nov 29, 2000","762.30","761.77","762.30","756.10","","-0.67%"
"Nov 28, 2000","767.44","771.89","774.64","757.73","","-0.72%"
"Nov 27, 2000","772.99","783.80","785.20","760.92","","-1.64%"
"Nov 24, 2000","785.86","785.50","789.55","778.93","","-0.06%"
"Nov 22, 2000","786.34","788.03","788.15","777.09","","-0.63%"
"Nov 21, 2000","791.31","787.39","791.31","782.82","","-0.02%"
"Nov 20, 2000","791.45","795.25","797.20","786.14","","-0.13%"
"Nov 17, 2000","792.51","781.58","798.59","781.54","","+1.52%"
"Nov 16, 2000","780.65","783.66","791.54","778.84","","+0.27%"
"Nov 15, 2000","778.52","792.22","795.72","778.52","","-1.69%"
"Nov 14, 2000","791.87","799.29","801.24","789.92","","-0.91%"
"Nov 13, 2000","799.11","780.46","803.41","774.38","","+1.38%"
"Nov 10, 2000","788.23","784.73","789.34","780.84","","-0.07%"
"Nov 09, 2000","788.78","796.44","798.68","785.25","","-1.01%"
"Nov 08, 2000","796.82","773.77","799.82","772.97","","+3.50%"
"Nov 07, 2000","769.90","760.75","770.67","760.75","","+2.37%"
"Nov 06, 2000","752.05","736.37","757.71","733.11","","+1.35%"
"Nov 02, 2000","742.02","749.29","749.29","725.94","","-0.96%"
"Nov 01, 2000","749.25","725.04","751.89","725.04","","+3.42%"
"Oct 31, 2000","724.45","714.91","734.38","714.09","","+1.68%"
"Oct 30, 2000","712.51","710.94","712.51","702.15","","+0.66%"
"Oct 27, 2000","707.81","700.98","715.24","697.02","","+0.97%"
"Oct 26, 2000","700.98","696.92","704.41","687.88","","+0.78%"
"Oct 25, 2000","695.56","701.05","701.84","689.72","","-1.00%"
"Oct 24, 2000","702.61","720.41","720.41","702.61","","-2.73%"
"Oct 23, 2000","722.36","706.67","731.24","706.67","","+3.16%"
"Oct 20, 2000","700.24","707.12","723.04","700.24","","-0.87%"
"Oct 19, 2000","706.41","698.98","712.36","698.98","","+0.84%"
"Oct 18, 2000","700.56","720.94","721.73","698.98","","-2.62%"
"Oct 17, 2000","719.44","713.45","724.44","713.11","","+0.98%"
"Oct 16, 2000","712.45","720.05","728.23","712.45","","-0.16%"
"Oct 13, 2000","713.59","750.91","750.91","707.55","","-4.97%"
"Oct 12, 2000","750.91","742.37","757.22","737.86","","+0.94%"
"Oct 11, 2000","743.95","738.59","749.88","738.59","","+0.73%"
"Oct 10, 2000","738.59","738.55","741.95","736.41","","-0.15%"
"Oct 06, 2000","739.67","731.83","744.60","731.83","","+1.21%"
"Oct 05, 2000","730.83","733.13","733.13","721.05","","-0.34%"
"Oct 04, 2000","733.29","725.49","734.26","724.32","","+1.33%"
"Oct 03, 2000","723.68","734.58","734.58","716.27","","-1.74%"
"Oct 02, 2000","736.53","717.05","737.39","717.05","","+2.79%"
"Sep 29, 2000","716.56","723.77","748.64","716.19","","-1.00%"
"Sep 28, 2000","723.77","714.18","735.79","714.18","","+1.34%"
"Sep 27, 2000","714.18","709.23","723.94","707.65","","+1.15%"
"Sep 26, 2000","706.09","731.61","731.61","706.09","","-4.01%"
"Sep 25, 2000","735.57","729.28","743.75","726.75","","+1.11%"
"Sep 22, 2000","727.51","722.65","734.46","708.71","","+0.87%"
"Sep 21, 2000","721.24","713.16","721.24","693.65","","+1.78%"
"Sep 20, 2000","708.64","698.71","712.27","697.01","","+0.82%"
"Sep 19, 2000","702.88","671.72","702.88","666.26","","+4.40%"
"Sep 18, 2000","673.24","667.67","675.95","664.34","","+1.22%"
"Sep 14, 2000","665.11","665.51","670.82","662.58","","+0.37%"
"Sep 13, 2000","662.65","652.47","664.69","650.71","","+1.72%"
"Sep 12, 2000","651.44","638.38","657.08","635.40","","+1.58%"
"Sep 11, 2000","641.31","666.18","666.18","629.90","","-3.74%"
"Sep 08, 2000","666.20","663.65","674.14","660.61","","-0.02%"
"Sep 07, 2000","666.30","670.99","670.99","653.51","","-1.27%"
"Sep 06, 2000","674.88","671.70","677.40","666.35","","+0.47%"
"Sep 05, 2000","671.70","685.81","685.81","658.36","","-1.91%"
"Sep 04, 2000","684.81","690.12","694.23","682.87","","-0.30%"
"Sep 01, 2000","686.84","682.30","698.66","681.81","","+0.18%"
"Aug 31, 2000","685.59","701.18","703.92","684.64","","-2.58%"
"Aug 30, 2000","703.78","711.09","714.37","702.03","","-0.33%"
"Aug 29, 2000","706.14","706.87","706.87","699.34","","-0.07%"
"Aug 28, 2000","706.61","715.95","719.46","706.51","","-0.97%"
"Aug 25, 2000","713.54","719.44","719.80","705.48","","+0.11%"
"Aug 24, 2000","712.79","717.90","725.15","712.79","","-0.76%"
"Aug 23, 2000","718.23","719.49","724.84","703.69","","+0.76%"
"Aug 22, 2000","712.78","715.41","720.04","695.87","","-0.11%"
"Aug 21, 2000","713.59","722.15","722.15","705.09","","-0.63%"
"Aug 18, 2000","718.15","706.26","719.97","706.26","","+1.72%"
"Aug 17, 2000","706.04","727.01","730.97","701.69","","-2.88%"
"Aug 16, 2000","727.01","721.56","734.29","720.77","","+1.20%"
"Aug 15, 2000","718.37","699.09","721.09","699.09","","+2.81%"
"Aug 14, 2000","698.72","716.19","717.40","691.02","","-2.55%"
"Aug 11, 2000","716.98","722.91","722.91","712.15","","-0.82%"
"Aug 10, 2000","722.91","748.06","748.06","717.10","","-3.36%"
"Aug 09, 2000","748.06","760.38","761.91","738.57","","-1.74%"
"Aug 08, 2000","761.28","767.11","770.00","760.78","","-0.76%"
"Aug 07, 2000","767.11","753.61","774.68","751.88","","+1.60%"
"Aug 04, 2000","755.00","756.95","764.27","748.21","","-0.36%"
"Aug 03, 2000","757.70","767.76","768.56","754.45","","-1.56%"
"Aug 02, 2000","769.74","771.27","772.07","760.68","","-0.76%"
"Aug 01, 2000","775.60","739.18","777.86","737.60","","+5.67%"
"Jul 31, 2000","733.98","777.46","777.46","729.10","","-5.57%"
"Jul 28, 2000","777.25","776.66","777.25","757.69","","+0.28%"
"Jul 27, 2000","775.08","770.69","783.17","770.65","","+0.16%"
"Jul 26, 2000","773.85","749.46","785.43","741.37","","+2.99%"
"Jul 25, 2000","751.36","762.31","762.31","742.92","","-1.64%"
"Jul 24, 2000","763.85","771.28","778.40","760.31","","-0.77%"
"Jul 21, 2000","769.75","744.95","775.28","744.95","","+2.59%"
"Jul 19, 2000","750.29","754.91","754.91","740.21","","-0.85%"
"Jul 18, 2000","756.71","746.44","759.64","746.44","","-0.09%"
"Jul 17, 2000","757.38","750.41","764.25","750.41","","+1.11%"
"Jul 14, 2000","749.04","732.89","756.10","732.47","","+2.20%"
"Jul 13, 2000","732.89","754.92","754.92","727.23","","-2.51%"
"Jul 12, 2000","751.74","734.67","753.57","732.92","","+3.12%"
"Jul 11, 2000","729.00","731.94","732.36","720.75","","-0.90%"
"Jul 10, 2000","735.59","726.89","735.59","725.26","","+1.72%"
"Jul 07, 2000","723.16","739.92","741.50","718.70","","-1.92%"
"Jul 06, 2000","737.29","697.54","737.29","697.54","","+5.95%"
"Jul 05, 2000","695.88","687.36","696.56","683.80","","+1.24%"
"Jul 04, 2000","687.37","692.41","693.13","684.58","","-0.27%"
"Jul 03, 2000","689.24","674.94","692.45","673.19","","+3.14%"
"Jun 30, 2000","668.24","673.10","673.34","665.97","","+0.12%"
"Jun 29, 2000","667.41","665.28","670.78","661.93","","+0.69%"
"Jun 28, 2000","662.81","670.15","675.37","662.71","","-1.15%"
"Jun 27, 2000","670.52","657.32","675.40","654.16","","+2.78%"
"Jun 26, 2000","652.39","647.49","653.73","645.45","","+0.64%"
"Jun 23, 2000","648.25","647.13","654.29","644.49","","+0.10%"
"Jun 22, 2000","647.62","663.99","668.19","645.28","","-3.15%"
"Jun 21, 2000","668.68","666.88","671.44","654.80","","+0.24%"
"Jun 20, 2000","667.09","663.23","671.66","661.29","","+0.60%"
"Jun 19, 2000","663.08","626.65","663.08","625.06","","+6.49%"
"Jun 16, 2000","622.69","612.08","626.01","612.08","","+2.00%"
"Jun 15, 2000","610.50","612.25","620.46","610.50","","+0.54%"
"Jun 14, 2000","607.25","617.30","618.31","603.04","","-1.50%"
"Jun 13, 2000","616.51","610.31","616.51","605.26","","+1.52%"
"Jun 12, 2000","607.29","605.07","608.77","600.65","","+0.37%"
"Jun 09, 2000","605.05","596.27","605.75","592.18","","+1.47%"
"Jun 08, 2000","596.27","607.33","607.33","584.75","","-2.45%"
"Jun 07, 2000","611.23","582.37","611.23","581.58","","+4.39%"
"Jun 06, 2000","585.55","584.92","586.30","567.00","","+0.11%"
"Jun 05, 2000","584.92","563.02","588.09","563.02","","+4.53%"
"Jun 02, 2000","559.56","574.97","580.22","559.56","","-2.63%"
"Jun 01, 2000","574.65","556.54","577.63","553.62","","+2.31%"
"May 31, 2000","561.67","587.56","588.76","554.40","","-3.83%"
"May 30, 2000","584.05","609.16","609.58","584.05","","-4.51%"
"May 29, 2000","611.65","603.65","611.65","600.49","","+1.13%"
"May 26, 2000","604.83","603.80","609.34","596.76","","+0.13%"
"May 25, 2000","604.04","603.24","609.86","601.78","","+0.13%"
"May 24, 2000","603.24","603.32","608.81","589.11","","-0.03%"
"May 23, 2000","603.43","605.85","608.60","600.00","","-0.47%"
"May 22, 2000","606.25","621.01","621.01","600.21","","-2.39%"
"May 19, 2000","621.10","617.48","621.10","605.01","","+0.61%"
"May 18, 2000","617.33","611.33","618.12","611.33","","+1.28%"
"May 17, 2000","609.54","603.19","611.34","601.12","","+1.12%"
"May 16, 2000","602.78","605.56","607.93","598.35","","+0.35%"
"May 15, 2000","600.68","600.89","608.58","598.76","","+0.03%"
"May 12, 2000","600.51","596.26","605.39","592.46","","+0.79%"
"May 11, 2000","595.80","617.10","617.10","593.17","","-3.45%"
"May 10, 2000","617.06","615.62","617.06","594.91","","+0.24%"
"May 09, 2000","615.60","593.52","616.66","592.73","","+4.53%"
"May 08, 2000","588.91","587.19","596.44","587.19","","+0.38%"
"May 02, 2000","586.70","577.88","589.51","576.26","","+2.29%"
"May 01, 2000","573.55","572.36","580.21","564.52","","+0.24%"
"Apr 28, 2000","572.19","555.15","582.19","555.15","","+4.01%"
"Apr 27, 2000","550.12","567.16","567.16","550.12","","-3.83%"
"Apr 26, 2000","572.00","567.21","573.04","564.14","","+0.85%"
"Apr 25, 2000","567.17","574.03","580.57","557.42","","-1.20%"
"Apr 24, 2000","574.03","549.20","577.56","549.20","","+4.52%"
"Apr 21, 2000","549.20","560.79","565.05","545.16","","-1.21%"
"Apr 20, 2000","555.92","542.46","560.24","542.46","","+2.42%"
"Apr 19, 2000","542.78","586.97","586.97","542.78","","-7.53%"
"Apr 18, 2000","586.99","584.29","594.75","572.48","","+0.49%"
"Apr 17, 2000","584.11","599.50","599.50","548.49","","-2.60%"
"Apr 14, 2000","599.72","619.98","619.98","598.93","","-3.30%"
"Apr 13, 2000","620.16","623.88","626.82","610.49","","-1.41%"
"Apr 12, 2000","629.06","605.43","639.09","605.43","","+3.91%"
"Apr 11, 2000","605.39","622.29","623.84","604.65","","-2.70%"
"Apr 10, 2000","622.21","628.70","631.29","615.68","","-0.93%"
"Apr 07, 2000","628.07","623.66","643.50","623.66","","+1.35%"
"Apr 06, 2000","619.70","615.37","646.47","615.37","","+1.18%"
"Apr 05, 2000","612.46","641.94","641.94","612.46","","-4.60%"
"Apr 04, 2000","641.97","578.77","650.35","578.77","","+11.86%"
"Apr 03, 2000","573.90","546.23","581.04","546.23","","+5.01%"
"Mar 31, 2000","546.50","560.25","561.28","534.35","","-2.45%"
"Mar 30, 2000","560.25","579.48","579.48","560.25","","-3.28%"
"Mar 29, 2000","579.26","563.02","589.97","563.02","","+3.68%"
"Mar 28, 2000","558.69","576.14","576.14","539.46","","-3.02%"
"Mar 27, 2000","576.06","534.03","576.42","534.03","","+7.88%"
"Mar 24, 2000","533.99","533.99","533.99","533.99","","+8.74%"
"Mar 23, 2000","491.08","491.08","491.08","491.08","","-1.04%"
"Mar 22, 2000","496.23","496.23","496.23","496.23","","+0.13%"
"Mar 21, 2000","495.59","495.59","495.59","495.59","","+0.58%"
"Mar 17, 2000","492.74","492.74","492.74","492.74","","-0.17%"
"Mar 16, 2000","493.58","493.58","493.58","493.58","","+1.63%"
"Mar 15, 2000","485.67","485.67","485.67","485.67","","+2.04%"
"Mar 14, 2000","475.95","475.95","475.95","475.95","","-2.80%"
"Mar 13, 2000","489.64","489.64","489.64","489.64","","+2.48%"
"Mar 10, 2000","477.81","477.81","477.81","477.81","","+4.72%"
"Mar 09, 2000","456.27","456.27","456.27","456.27","","-0.05%"
"Mar 08, 2000","456.49","456.49","456.49","456.49","","-2.27%"
"Mar 07, 2000","467.11","467.11","467.11","467.11","","-2.21%"
"Mar 06, 2000","477.68","477.68","477.68","477.68","","-1.00%"
"Mar 03, 2000","482.52","482.52","482.52","482.52","","-0.99%"
"Mar 02, 2000","487.36","487.36","487.36","487.36","","-1.19%"
"Mar 01, 2000","493.24","493.24","493.24","493.24","","+1.19%"
"Feb 29, 2000","487.45","487.45","487.45","487.45","","+1.26%"
"Feb 28, 2000","481.37","481.37","481.37","481.37","","-1.90%"
"Feb 25, 2000","490.68","490.68","490.68","490.68","","-0.12%"
"Feb 24, 2000","491.26","491.26","491.26","491.26","","+0.96%"
"Feb 23, 2000","486.58","486.58","486.58","486.58","","+6.77%"
"Feb 22, 2000","455.71","455.71","455.71","455.71","","-9.48%"
"Feb 21, 2000","503.46","503.46","503.46","503.46","","-0.02%"
"Feb 18, 2000","503.56","503.56","503.56","503.56","","-1.30%"
"Feb 17, 2000","510.21","510.21","510.21","510.21","","+0.43%"
"Feb 16, 2000","508.04","508.04","508.04","508.04","","+0.22%"
"Feb 15, 2000","506.95","506.95","506.95","506.95","","-3.19%"
"Feb 14, 2000","523.68","523.68","523.68","523.68","","-3.31%"
"Feb 10, 2000","541.59","541.59","541.59","541.59","","-1.32%"
"Feb 09, 2000","548.82","548.82","548.82","548.82","","-1.22%"
"Feb 08, 2000","555.62","555.62","555.62","555.62","","-0.51%"
"Feb 07, 2000","558.49","558.49","558.49","558.49","","-0.31%"
"Feb 04, 2000","560.22","560.22","560.22","560.22","","-0.70%"
"Feb 03, 2000","564.19","564.19","564.19","564.19","","-0.03%"
"Feb 02, 2000","564.37","564.37","564.37","564.37","","-0.59%"
"Feb 01, 2000","567.70","567.70","567.70","567.70","","-1.18%"
"Jan 31, 2000","574.47","574.47","574.47","574.47","","+1.08%"
"Jan 28, 2000","568.32","568.32","568.32","568.32","","-0.49%"
"Jan 27, 2000","571.12","571.12","571.12","571.12","","-1.13%"
"Jan 26, 2000","577.66","577.66","577.66","577.66","","+1.07%"
"Jan 25, 2000","571.56","571.56","571.56","571.56","","-1.44%"
"Jan 24, 2000","579.93","579.93","579.93","579.93","","-0.12%"
"Jan 21, 2000","580.62","580.62","580.62","580.62","","-1.15%"
"Jan 20, 2000","587.37","587.37","587.37","587.37","","-0.20%"
"Jan 19, 2000","588.56","588.56","588.56","588.56","","0.00%"
"Jan 18, 2000","588.56","588.56","588.56","588.56","","-0.23%"
"Jan 17, 2000","589.93","589.93","589.93","589.93","","+1.67%"
"Jan 14, 2000","580.25","580.25","580.25","580.25","","+0.01%"
"Jan 13, 2000","580.21","580.21","580.21","580.21","","+2.23%"
"Jan 12, 2000","567.58","567.58","567.58","567.58","","-1.02%"
"Jan 11, 2000","573.42","573.42","573.42","573.42","","-0.30%"
"Jan 07, 2000","575.12","575.12","575.12","575.12","","+1.59%"
"Jan 06, 2000","566.11","566.11","566.11","566.11","","-1.23%"
"Jan 05, 2000","573.15","573.15","573.15","573.15","","+2.46%"
"Jan 04, 2000","559.41","559.41","559.41","559.41","","-1.35%"
