Date,Price,Open,High,Low,Vol.,Change %
"Sep 24, 2026","6,123.80","6,229.44","6,234.83","6,123.80","","-2.00%"
"Sep 19, 2026","6,248.70","6,316.12","6,248.70","6,248.70","","0.00%"
"Sep 18, 2026","6,248.70","6,316.12","6,316.12","6,237.73","","-1.35%"
"Sep 17, 2026","6,333.97","6,307.96","6,365.64","6,271.20","","+1.45%"
"Sep 16, 2026","6,243.64","6,277.32","6,308.72","6,235.62","","+0.83%"
"Sep 15, 2026","6,192.20","6,259.20","6,259.20","6,175.69","","-1.44%"
"Sep 14, 2026","6,282.59","6,277.67","6,358.46","6,262.48","","+0.90%"
"Sep 11, 2026","6,226.84","6,123.44","6,261.72","6,099.65","","+0.21%"
"Sep 10, 2026","6,213.81","6,243.98","6,252.27","6,170.19","","-1.03%"
"Sep 09, 2026","6,278.41","6,203.03","6,293.47","6,190.97","","+1.05%"
"Sep 08, 2026","6,212.99","6,197.73","6,295.32","6,150.70","","-0.85%"
"Sep 07, 2026","6,266.42","6,239.59","6,297.29","6,224.78","","+1.66%"
"Sep 05, 2026","6,164.19","6,295.49","6,164.19","6,164.19","","0.00%"
"Sep 04, 2026","6,164.19","6,295.49","6,295.49","6,123.15","","-2.01%"
"Sep 03, 2026","6,290.51","6,217.25","6,346.43","6,202.74","","+2.46%"
"Sep 02, 2026","6,139.33","6,149.42","6,200.75","6,094.12","","-1.50%"
"Sep 01, 2026","6,232.63","6,045.94","6,259.17","6,045.94","","+2.80%"
"Aug 31, 2026","6,062.88","6,007.34","6,079.98","5,978.88","","+0.27%"
"Aug 29, 2026","6,046.74","5,975.88","6,046.74","6,046.74","","0.00%"
"Aug 28, 2026","6,046.74","5,975.88","6,070.62","5,975.88","","+0.82%"
"Aug 27, 2026","5,997.35","5,996.54","6,014.82","5,964.55","","-0.06%"
"Aug 26, 2026","6,000.75","6,000.73","6,024.30","5,958.29","","-0.28%"
"Aug 25, 2026","6,017.44","6,047.94","6,050.28","6,004.73","","-0.09%"
"Aug 24, 2026","6,023.08","5,940.85","6,039.28","5,930.39","","+1.23%"
"Aug 21, 2026","5,949.95","5,864.57","5,951.32","5,864.57","","+1.72%"
"Aug 20, 2026","5,849.19","5,806.75","5,867.03","5,785.76","","+1.10%"
"Aug 19, 2026","5,785.54","5,878.18","5,878.89","5,764.00","","-2.59%"
"Aug 18, 2026","5,939.37","5,878.30","5,970.72","5,861.91","","+0.74%"
"Aug 17, 2026","5,896.00","5,986.78","6,011.06","5,875.55","","-1.37%"
"Aug 14, 2026","5,977.94","5,958.50","6,054.10","5,942.31","","-0.32%"
"Aug 13, 2026","5,997.29","6,026.27","6,055.67","5,965.73","","-0.24%"
"Aug 12, 2026","6,011.74","6,084.84","6,087.84","5,950.96","","-0.19%"
"Aug 10, 2026","6,023.01","6,005.64","6,057.14","5,959.18","","-0.26%"
"Aug 07, 2026","6,038.59","5,964.28","6,069.01","5,962.87","","+2.18%"
"Aug 06, 2026","5,910.01","5,779.46","5,910.36","5,779.46","","+1.91%"
"Aug 05, 2026","5,799.51","5,798.71","5,822.48","5,755.98","","-0.21%"
"Aug 04, 2026","5,811.61","5,807.64","5,857.49","5,747.07","","-0.84%"
"Aug 03, 2026","5,860.89","5,802.56","5,860.89","5,698.49","","-0.56%"
"Jul 31, 2026","5,894.00","5,877.60","5,943.34","5,805.00","","+0.51%"
"Jul 30, 2026","5,864.07","5,862.60","5,895.26","5,788.58","","-0.36%"
"Jul 29, 2026","5,885.48","5,877.09","5,893.65","5,813.01","","+0.93%"
"Jul 28, 2026","5,831.12","5,865.63","5,865.63","5,758.00","","-1.24%"
"Jul 27, 2026","5,904.22","5,910.60","5,927.61","5,859.88","","+0.63%"
"Jul 24, 2026","5,867.26","5,862.21","5,905.28","5,839.70","","-0.47%"
"Jul 23, 2026","5,894.80","5,831.38","5,912.67","5,830.12","","+0.94%"
"Jul 22, 2026","5,839.83","5,757.66","5,881.05","5,755.09","","+1.84%"
"Jul 21, 2026","5,734.38","5,611.79","5,738.33","5,604.65","","+3.44%"
"Jul 18, 2026","5,543.87","5,639.84","5,543.87","5,543.87","","0.00%"
"Jul 17, 2026","5,543.87","5,639.84","5,664.54","5,470.89","","-1.77%"
"Jul 16, 2026","5,643.64","5,628.84","5,715.54","5,626.44","","-0.90%"
"Jul 15, 2026","5,694.71","5,635.73","5,694.71","5,629.54","","+2.10%"
"Jul 14, 2026","5,577.48","5,546.48","5,592.45","5,513.67","","+1.32%"
"Jul 13, 2026","5,504.86","5,574.76","5,596.25","5,479.84","","+0.05%"
"Jul 10, 2026","5,501.93","5,501.91","5,526.40","5,482.18","","-0.53%"
"Jul 09, 2026","5,531.40","5,521.57","5,540.39","5,496.62","","-0.44%"
"Jul 08, 2026","5,556.04","5,629.96","5,664.74","5,556.04","","-1.13%"
"Jul 07, 2026","5,619.42","5,672.11","5,740.71","5,612.23","","+0.10%"
"Jul 06, 2026","5,613.95","5,569.35","5,655.57","5,560.01","","+1.12%"
"Jul 03, 2026","5,551.79","5,564.19","5,643.99","5,526.65","","+1.06%"
"Jul 02, 2026","5,493.47","5,476.69","5,565.83","5,464.21","","+1.65%"
"Jul 01, 2026","5,404.52","5,427.20","5,430.99","5,353.11","","-0.23%"
"Jun 30, 2026","5,416.92","5,453.47","5,473.08","5,411.22","","-0.37%"
"Jun 29, 2026","5,437.21","5,464.33","5,516.89","5,405.28","","+0.34%"
"Jun 26, 2026","5,418.83","5,408.51","5,454.64","5,381.58","","+0.88%"
"Jun 25, 2026","5,371.44","5,501.30","5,501.30","5,371.44","","-1.56%"
"Jun 24, 2026","5,456.58","5,482.34","5,510.82","5,431.42","","-1.16%"
"Jun 23, 2026","5,520.46","5,601.97","5,601.97","5,519.08","","-1.11%"
"Jun 22, 2026","5,582.26","5,496.12","5,589.46","5,496.12","","+0.59%"
"Jun 19, 2026","5,549.47","5,527.17","5,578.21","5,491.82","","-0.52%"
"Jun 18, 2026","5,578.24","5,603.85","5,653.18","5,575.00","","-0.29%"
"Jun 17, 2026","5,594.36","5,630.24","5,657.68","5,580.61","","+0.18%"
"Jun 16, 2026","5,584.32","5,661.83","5,679.18","5,568.80","","-1.99%"
"Jun 15, 2026","5,697.73","5,662.25","5,807.12","5,658.54","","+1.55%"
"Jun 12, 2026","5,610.73","5,573.77","5,639.71","5,559.63","","+1.48%"
"Jun 11, 2026","5,529.01","5,505.62","5,529.01","5,445.59","","-0.64%"
"Jun 10, 2026","5,564.84","5,625.90","5,640.72","5,528.12","","-1.64%"
"Jun 09, 2026","5,657.79","5,718.40","5,734.14","5,630.89","","-0.25%"
"Jun 08, 2026","5,672.13","5,711.91","5,736.18","5,625.12","","-1.89%"
"Jun 05, 2026","5,781.40","5,805.12","5,840.86","5,763.31","","+0.33%"
"Jun 04, 2026","5,762.30","5,817.32","5,834.72","5,735.82","","-0.80%"
"Jun 03, 2026","5,808.61","5,791.07","5,837.27","5,769.12","","+0.74%"
"Jun 02, 2026","5,766.20","5,730.87","5,828.83","5,716.09","","-0.67%"
"Jun 01, 2026","5,804.90","5,910.73","5,910.73","5,752.86","","-3.12%"
"May 29, 2026","5,991.60","5,942.80","6,036.84","5,929.61","","+0.25%"
"May 28, 2026","5,976.81","5,993.03","6,030.38","5,921.96","","-0.70%"
"May 27, 2026","6,018.83","6,088.29","6,118.72","5,996.82","","-0.88%"
"May 26, 2026","6,072.15","6,083.79","6,127.69","6,020.88","","-1.21%"
"May 25, 2026","6,146.37","6,134.20","6,203.45","6,090.64","","-0.43%"
"May 23, 2026","6,173.22","6,153.09","6,173.22","6,173.22","","0.00%"
"May 22, 2026","6,173.22","6,153.09","6,191.73","6,083.76","","-0.12%"
"May 21, 2026","6,180.55","6,267.08","6,267.08","6,170.80","","-0.27%"
"May 20, 2026","6,197.11","6,333.17","6,341.24","6,140.98","","-2.09%"
"May 19, 2026","6,329.70","6,392.07","6,413.26","6,306.70","","-0.04%"
"May 18, 2026","6,332.06","6,549.90","6,553.07","6,328.25","","-3.80%"
"May 15, 2026","6,582.51","6,602.71","6,706.42","6,522.83","","-0.06%"
"May 14, 2026","6,586.52","6,621.58","6,621.58","6,538.05","","-0.22%"
"May 13, 2026","6,601.34","6,450.43","6,655.51","6,450.43","","+3.84%"
"May 12, 2026","6,357.24","6,246.88","6,383.66","6,225.33","","+3.00%"
"May 11, 2026","6,172.02","6,170.99","6,246.38","6,140.05","","+0.37%"
"May 08, 2026","6,149.50","6,209.73","6,223.22","6,093.55","","-1.34%"
"May 07, 2026","6,232.71","6,161.67","6,282.51","6,096.67","","+0.74%"
"May 01, 2026","6,187.23","6,000.01","6,312.10","5,931.51","","+2.50%"
"Apr 30, 2026","6,036.56","5,991.09","6,036.56","5,945.30","","+0.16%"
"Apr 28, 2026","6,026.67","5,982.89","6,048.32","5,956.28","","+2.03%"
"Apr 27, 2026","5,907.00","5,915.25","5,953.31","5,833.02","","-1.12%"
"Apr 24, 2026","5,973.87","5,980.01","6,025.43","5,934.25","","+1.12%"
"Apr 23, 2026","5,907.45","5,866.27","5,950.26","5,817.74","","+0.34%"
"Apr 22, 2026","5,887.31","5,959.54","5,959.54","5,864.36","","-2.08%"
"Apr 21, 2026","6,012.55","6,020.89","6,052.41","5,996.00","","-0.43%"
"Apr 20, 2026","6,038.42","6,104.79","6,107.51","6,024.47","","+0.01%"
"Apr 17, 2026","6,037.95","6,139.02","6,139.02","6,025.06","","-2.18%"
"Apr 16, 2026","6,172.64","6,115.93","6,192.66","6,115.93","","+1.26%"
"Apr 15, 2026","6,095.94","6,245.71","6,254.00","6,090.08","","-1.88%"
"Apr 14, 2026","6,212.81","6,304.17","6,304.17","6,200.35","","-0.69%"
"Apr 13, 2026","6,255.98","6,309.69","6,379.53","6,234.50","","-0.85%"
"Apr 10, 2026","6,309.31","6,436.86","6,444.20","6,306.47","","-1.75%"
"Apr 09, 2026","6,421.94","6,488.03","6,542.96","6,410.11","","-0.35%"
"Apr 08, 2026","6,444.31","6,452.64","6,576.98","6,420.84","","+1.67%"
"Apr 07, 2026","6,338.44","6,332.15","6,388.07","6,277.45","","+0.58%"
"Apr 06, 2026","6,301.60","6,332.85","6,378.62","6,293.65","","-0.90%"
"Apr 03, 2026","6,358.73","6,342.91","6,392.68","6,303.89","","+1.26%"
"Apr 02, 2026","6,279.68","6,457.37","6,513.67","6,266.93","","-1.82%"
"Apr 01, 2026","6,395.80","6,207.95","6,395.80","6,206.95","","+4.85%"
"Mar 31, 2026","6,099.82","6,213.12","6,257.82","6,099.82","","-3.25%"
"Mar 30, 2026","6,305.02","6,283.08","6,338.47","6,140.02","","-2.51%"
"Mar 27, 2026","6,467.08","6,374.69","6,479.72","6,316.37","","+1.35%"
"Mar 26, 2026","6,380.92","6,370.31","6,420.98","6,305.01","","+0.92%"
"Mar 25, 2026","6,322.72","6,287.51","6,359.99","6,286.41","","+2.31%"
"Mar 24, 2026","6,180.02","6,085.09","6,200.14","6,076.17","","+3.41%"
"Mar 23, 2026","5,976.26","6,104.33","6,104.83","5,889.57","","-3.88%"
"Mar 19, 2026","6,217.39","6,440.87","6,442.99","6,217.39","","-5.14%"
"Mar 18, 2026","6,554.48","6,320.64","6,575.15","6,316.40","","+5.12%"
"Mar 17, 2026","6,234.94","6,201.18","6,330.78","6,200.24","","+2.00%"
"Mar 16, 2026","6,112.46","6,133.94","6,155.80","6,040.54","","+0.20%"
"Mar 13, 2026","6,100.43","5,940.13","6,173.19","5,938.03","","+0.98%"
"Mar 12, 2026","6,041.02","6,086.58","6,108.27","5,965.17","","-2.20%"
"Mar 11, 2026","6,176.62","6,225.90","6,244.97","6,163.51","","+0.73%"
"Mar 10, 2026","6,131.80","6,002.92","6,167.33","6,001.14","","+3.65%"
"Mar 09, 2026","5,915.72","6,009.54","6,009.54","5,732.67","","-3.44%"
"Mar 06, 2026","6,126.30","6,065.97","6,145.88","5,999.26","","-0.61%"
"Mar 05, 2026","6,163.86","6,076.62","6,282.81","6,076.62","","+3.24%"
"Mar 04, 2026","5,970.48","6,244.13","6,244.13","5,912.07","","-6.00%"
"Mar 03, 2026","6,351.42","6,453.86","6,541.61","6,347.79","","-2.11%"
"Mar 02, 2026","6,488.38","6,372.95","6,501.62","6,314.81","","0.00%"
"Feb 27, 2026","6,488.35","6,318.64","6,526.96","6,318.64","","+2.24%"
"Feb 26, 2026","6,346.21","6,415.73","6,431.79","6,338.61","","+0.07%"
"Feb 25, 2026","6,341.84","6,266.74","6,377.66","6,195.88","","+1.44%"
"Feb 24, 2026","6,251.82","6,185.46","6,262.19","6,145.98","","+1.23%"
"Feb 21, 2026","6,176.08","6,226.76","6,176.08","6,176.08","","0.00%"
"Feb 20, 2026","6,176.08","6,226.76","6,284.24","6,163.57","","-1.75%"
"Feb 19, 2026","6,286.17","6,223.08","6,293.20","6,187.26","","+1.64%"
"Feb 18, 2026","6,184.92","6,159.68","6,220.74","6,156.71","","+1.00%"
"Feb 17, 2026","6,123.48","6,160.58","6,219.81","6,098.24","","-0.82%"
"Feb 16, 2026","6,174.04","6,300.10","6,307.98","6,135.51","","-2.08%"
"Feb 13, 2026","6,305.34","6,374.92","6,405.55","6,288.68","","-1.69%"
"Feb 12, 2026","6,413.92","6,256.66","6,423.42","6,250.11","","+2.71%"
"Feb 10, 2026","6,244.81","6,111.39","6,244.81","6,083.36","","+2.92%"
"Feb 09, 2026","6,067.37","5,990.96","6,104.45","5,971.41","","+3.01%"
"Feb 07, 2026","5,889.86","5,733.11","5,889.86","5,889.86","","0.00%"
"Feb 06, 2026","5,889.86","5,733.11","5,889.86","5,725.98","","+1.96%"
"Feb 05, 2026","5,776.53","5,753.18","5,803.07","5,651.67","","+0.85%"
"Feb 04, 2026","5,727.58","5,688.06","5,776.34","5,641.23","","+1.40%"
"Feb 03, 2026","5,648.29","5,533.72","5,657.16","5,531.68","","+3.48%"
"Feb 02, 2026","5,458.59","5,604.67","5,653.39","5,458.59","","-1.06%"
"Jan 30, 2026","5,517.14","5,536.05","5,549.27","5,459.32","","+0.22%"
"Jan 29, 2026","5,504.92","5,434.74","5,529.26","5,411.96","","+0.20%"
"Jan 28, 2026","5,493.76","5,436.53","5,523.24","5,415.84","","-0.01%"
"Jan 27, 2026","5,494.36","5,437.14","5,502.56","5,421.84","","+1.31%"
"Jan 26, 2026","5,423.19","5,495.02","5,495.44","5,422.28","","-2.92%"
"Jan 23, 2026","5,586.03","5,622.33","5,635.78","5,584.22","","-0.30%"
"Jan 22, 2026","5,602.95","5,634.34","5,650.25","5,579.27","","+0.67%"
"Jan 21, 2026","5,565.58","5,519.55","5,583.34","5,519.55","","-0.79%"
"Jan 20, 2026","5,610.18","5,607.37","5,626.81","5,579.67","","-0.58%"
"Jan 19, 2026","5,642.70","5,633.95","5,647.02","5,562.69","","-0.26%"
"Jan 16, 2026","5,657.65","5,625.11","5,687.20","5,614.79","","+0.01%"
"Jan 15, 2026","5,657.24","5,557.57","5,706.70","5,557.57","","+1.79%"
"Jan 14, 2026","5,557.63","5,495.63","5,558.26","5,492.63","","+1.15%"
"Jan 13, 2026","5,494.67","5,381.14","5,494.67","5,375.30","","+4.00%"
"Jan 09, 2026","5,283.27","5,262.19","5,298.92","5,253.18","","+0.63%"
"Jan 08, 2026","5,250.12","5,277.50","5,319.37","5,243.78","","-0.32%"
"Jan 07, 2026","5,267.18","5,228.25","5,286.10","5,228.25","","-0.67%"
"Jan 06, 2026","5,302.76","5,243.97","5,314.32","5,242.84","","+2.21%"
"Jan 05, 2026","5,187.98","5,171.22","5,220.61","5,163.90","","+1.90%"
"Dec 30, 2025","5,091.22","5,115.00","5,125.60","5,086.87","","-0.85%"
"Dec 29, 2025","5,135.08","5,058.69","5,139.41","5,051.60","","+2.04%"
"Dec 26, 2025","5,032.27","5,037.46","5,049.99","5,012.58","","-0.06%"
"Dec 25, 2025","5,035.45","5,026.37","5,042.92","5,014.16","","+0.51%"
"Dec 24, 2025","5,009.83","5,046.16","5,061.98","5,004.51","","-0.87%"
"Dec 23, 2025","5,053.71","5,031.97","5,074.67","5,031.97","","+0.39%"
"Dec 22, 2025","5,034.07","5,064.33","5,065.07","5,032.92","","+0.12%"
"Dec 19, 2025","5,027.98","5,013.20","5,049.74","4,998.10","","+1.01%"
"Dec 18, 2025","4,977.69","4,979.95","5,000.24","4,946.95","","-0.31%"
"Dec 17, 2025","4,993.21","4,999.57","5,004.63","4,948.22","","-0.43%"
"Dec 16, 2025","5,014.64","5,147.18","5,147.18","5,014.64","","-2.70%"
"Dec 15, 2025","5,153.79","5,131.33","5,162.07","5,115.54","","+0.18%"
"Dec 12, 2025","5,144.65","5,112.95","5,158.36","5,100.83","","+1.91%"
"Dec 11, 2025","5,048.02","5,058.05","5,080.46","5,021.41","","+0.88%"
"Dec 10, 2025","5,004.09","5,013.53","5,048.78","4,985.58","","-0.01%"
"Dec 09, 2025","5,004.77","5,003.14","5,029.97","4,971.25","","+0.49%"
"Dec 08, 2025","4,980.42","4,916.86","4,980.42","4,904.92","","+1.96%"
"Dec 05, 2025","4,884.87","4,940.37","4,947.37","4,878.43","","-1.60%"
"Dec 04, 2025","4,964.05","4,833.82","4,977.84","4,828.81","","+3.25%"
"Dec 03, 2025","4,807.89","4,827.69","4,841.33","4,804.75","","-0.32%"
"Dec 02, 2025","4,823.30","4,828.66","4,846.57","4,811.21","","+0.15%"
"Dec 01, 2025","4,816.24","4,890.61","4,890.61","4,805.22","","-1.36%"
"Nov 30, 2025","4,882.78","4,814.40","4,882.78","4,882.78","","0.00%"
"Nov 28, 2025","4,882.78","4,814.40","4,886.01","4,810.61","","+0.86%"
"Nov 27, 2025","4,841.11","4,861.15","4,874.09","4,840.15","","+0.29%"
"Nov 26, 2025","4,827.09","4,791.84","4,850.88","4,780.05","","+1.93%"
"Nov 25, 2025","4,735.87","4,776.67","4,780.55","4,705.77","","+0.24%"
"Nov 21, 2025","4,724.38","4,653.87","4,740.03","4,633.62","","+0.53%"
"Nov 20, 2025","4,699.65","4,712.52","4,761.54","4,699.65","","+0.74%"
"Nov 19, 2025","4,665.15","4,694.26","4,706.02","4,629.93","","-0.28%"
"Nov 18, 2025","4,678.40","4,778.30","4,804.36","4,670.15","","-2.58%"
"Nov 17, 2025","4,802.08","4,849.01","4,856.17","4,789.86","","-1.50%"
"Nov 14, 2025","4,875.16","4,814.12","4,875.16","4,808.35","","+0.22%"
"Nov 13, 2025","4,864.31","4,847.34","4,878.92","4,838.87","","+0.77%"
"Nov 12, 2025","4,827.02","4,775.57","4,831.29","4,772.48","","+1.72%"
"Nov 11, 2025","4,745.40","4,809.07","4,811.68","4,728.58","","-1.05%"
"Nov 10, 2025","4,795.54","4,821.22","4,821.22","4,760.53","","+0.27%"
"Nov 07, 2025","4,782.84","4,750.11","4,782.84","4,727.33","","-0.05%"
"Nov 06, 2025","4,785.16","4,726.15","4,806.90","4,719.98","","+1.87%"
"Nov 05, 2025","4,697.11","4,588.78","4,714.91","4,521.00","","+1.75%"
"Nov 04, 2025","4,616.30","4,641.39","4,719.98","4,607.34","","-1.09%"
"Oct 31, 2025","4,667.17","4,673.95","4,690.26","4,624.71","","+0.50%"
"Oct 30, 2025","4,643.81","4,599.93","4,658.34","4,597.27","","+1.07%"
"Oct 29, 2025","4,594.71","4,633.99","4,642.47","4,586.72","","-1.16%"
"Oct 28, 2025","4,648.69","4,718.50","4,723.87","4,648.69","","-2.06%"
"Oct 27, 2025","4,746.52","4,710.05","4,754.42","4,705.07","","+2.12%"
"Oct 24, 2025","4,647.98","4,668.30","4,681.58","4,644.46","","+0.53%"
"Oct 23, 2025","4,623.69","4,610.14","4,634.70","4,592.24","","+0.11%"
"Oct 22, 2025","4,618.71","4,581.91","4,630.14","4,561.55","","+1.04%"
"Oct 21, 2025","4,571.07","4,592.24","4,613.52","4,566.53","","+0.14%"
"Oct 20, 2025","4,564.66","4,549.03","4,564.66","4,521.91","","+1.76%"
"Oct 17, 2025","4,485.77","4,471.98","4,497.95","4,466.04","","-0.10%"
"Oct 16, 2025","4,490.31","4,539.63","4,551.79","4,478.55","","-0.90%"
"Oct 15, 2025","4,530.99","4,515.98","4,536.33","4,507.64","","+1.50%"
"Oct 14, 2025","4,464.06","4,477.09","4,539.61","4,437.56","","-1.90%"
"Oct 10, 2025","4,550.69","4,577.00","4,582.50","4,539.35","","-1.37%"
"Oct 09, 2025","4,613.68","4,593.38","4,616.29","4,591.16","","+0.67%"
"Oct 08, 2025","4,583.16","4,604.85","4,627.91","4,578.65","","+0.72%"
"Oct 07, 2025","4,550.45","4,548.41","4,581.69","4,542.00","","+0.13%"
"Oct 06, 2025","4,544.36","4,554.57","4,615.78","4,537.12","","+1.55%"
"Oct 03, 2025","4,474.84","4,465.42","4,491.76","4,456.54","","+0.64%"
"Oct 02, 2025","4,446.58","4,440.44","4,470.23","4,414.09","","+0.23%"
"Oct 01, 2025","4,436.21","4,479.30","4,479.30","4,400.57","","-1.15%"
"Sep 30, 2025","4,487.92","4,484.36","4,500.43","4,446.16","","+0.06%"
"Sep 29, 2025","4,485.08","4,511.44","4,515.39","4,478.56","","-2.37%"
"Sep 26, 2025","4,593.89","4,567.12","4,627.09","4,564.29","","+0.74%"
"Sep 25, 2025","4,560.26","4,582.82","4,582.82","4,547.32","","+0.49%"
"Sep 24, 2025","4,538.12","4,585.53","4,585.53","4,529.12","","-0.78%"
"Sep 22, 2025","4,573.88","4,564.38","4,599.04","4,558.22","","+0.65%"
"Sep 19, 2025","4,544.25","4,557.45","4,612.41","4,528.64","","+0.80%"
"Sep 18, 2025","4,508.28","4,484.46","4,525.56","4,445.05","","+0.79%"
"Sep 17, 2025","4,472.92","4,484.43","4,491.79","4,443.57","","-0.89%"
"Sep 16, 2025","4,513.13","4,503.13","4,539.06","4,499.03","","+0.86%"
"Sep 12, 2025","4,474.56","4,496.61","4,506.11","4,468.32","","+0.35%"
"Sep 11, 2025","4,458.77","4,466.46","4,479.01","4,431.12","","-0.49%"
"Sep 10, 2025","4,480.90","4,475.10","4,487.96","4,463.25","","-0.06%"
"Sep 09, 2025","4,483.78","4,523.25","4,541.54","4,483.78","","-0.98%"
"Sep 08, 2025","4,528.06","4,507.96","4,529.92","4,489.16","","+1.00%"
"Sep 05, 2025","4,483.14","4,485.91","4,501.23","4,457.70","","+1.32%"
"Sep 04, 2025","4,424.59","4,381.15","4,425.19","4,380.58","","+0.90%"
"Sep 03, 2025","4,385.18","4,445.50","4,468.73","4,375.71","","-0.94%"
"Sep 02, 2025","4,427.00","4,333.46","4,436.02","4,333.46","","+2.57%"
"Sep 01, 2025","4,316.20","4,308.36","4,342.77","4,284.09","","-0.37%"
"Aug 29, 2025","4,332.44","4,309.36","4,343.93","4,309.36","","+0.69%"
"Aug 28, 2025","4,302.95","4,236.24","4,333.59","4,222.26","","+1.20%"
"Aug 27, 2025","4,251.94","4,250.20","4,263.77","4,233.62","","-0.11%"
"Aug 26, 2025","4,256.58","4,286.09","4,286.09","4,228.00","","-0.92%"
"Aug 25, 2025","4,296.00","4,281.98","4,311.96","4,270.26","","+1.20%"
"Aug 22, 2025","4,245.15","4,223.29","4,252.84","4,209.68","","+0.71%"
"Aug 21, 2025","4,215.24","4,211.89","4,226.69","4,195.05","","-0.07%"
"Aug 20, 2025","4,218.16","4,244.81","4,254.29","4,207.54","","-0.35%"
"Aug 19, 2025","4,232.86","4,231.08","4,252.59","4,214.87","","+0.51%"
"Aug 18, 2025","4,211.51","4,179.43","4,226.46","4,177.20","","+1.03%"
"Aug 15, 2025","4,168.58","4,141.29","4,170.03","4,128.87","","+1.27%"
"Aug 14, 2025","4,116.47","4,173.53","4,173.53","4,111.83","","-2.13%"
"Aug 13, 2025","4,206.18","4,227.73","4,237.11","4,201.83","","+0.07%"
"Aug 12, 2025","4,203.22","4,167.12","4,225.24","4,165.69","","+1.55%"
"Aug 08, 2025","4,139.12","4,093.65","4,157.67","4,093.65","","+1.55%"
"Aug 07, 2025","4,075.87","4,049.59","4,098.22","4,047.80","","+0.16%"
"Aug 06, 2025","4,069.48","3,991.36","4,075.38","3,991.36","","+2.08%"
"Aug 05, 2025","3,986.49","3,964.03","3,995.54","3,958.85","","+0.58%"
"Aug 04, 2025","3,963.33","3,941.51","3,987.50","3,917.50","","-0.85%"
"Aug 01, 2025","3,997.30","4,019.27","4,043.04","3,987.17","","+0.23%"
"Jul 31, 2025","3,988.19","3,971.88","3,999.29","3,962.32","","+1.04%"
"Jul 30, 2025","3,947.00","3,933.79","3,947.46","3,923.19","","+0.61%"
"Jul 29, 2025","3,922.90","3,934.13","3,934.13","3,907.72","","-1.00%"
"Jul 28, 2025","3,962.42","3,994.59","3,994.59","3,962.41","","-0.92%"
"Jul 25, 2025","3,999.04","4,005.33","4,007.63","3,988.59","","-0.85%"
"Jul 24, 2025","4,033.46","4,005.96","4,045.72","4,002.64","","+1.48%"
"Jul 23, 2025","3,974.62","3,919.38","3,996.78","3,917.22","","+3.08%"
"Jul 22, 2025","3,855.84","3,827.43","3,872.20","3,819.05","","+0.69%"
"Jul 18, 2025","3,829.59","3,850.77","3,850.77","3,826.56","","-0.28%"
"Jul 17, 2025","3,840.34","3,819.75","3,845.34","3,805.95","","+0.49%"
"Jul 16, 2025","3,821.52","3,826.46","3,832.47","3,798.11","","-0.02%"
"Jul 15, 2025","3,822.32","3,858.65","3,858.65","3,820.34","","-1.42%"
"Jul 14, 2025","3,877.36","3,874.66","3,894.26","3,855.50","","+0.37%"
"Jul 11, 2025","3,863.04","3,865.73","3,896.76","3,853.55","","+0.48%"
"Jul 10, 2025","3,844.55","3,851.69","3,851.69","3,813.25","","-0.48%"
"Jul 09, 2025","3,863.11","3,855.27","3,876.75","3,844.38","","+0.52%"
"Jul 08, 2025","3,843.17","3,836.99","3,864.51","3,807.67","","+0.50%"
"Jul 07, 2025","3,824.01","3,844.01","3,853.44","3,814.83","","-0.20%"
"Jul 04, 2025","3,831.64","3,860.98","3,868.13","3,811.13","","-0.60%"
"Jul 03, 2025","3,854.85","3,813.81","3,878.86","3,804.66","","+0.73%"
"Jul 02, 2025","3,826.77","3,802.51","3,837.23","3,790.80","","+0.70%"
"Jul 01, 2025","3,800.19","3,797.10","3,811.29","3,784.73","","-0.54%"
"Jun 30, 2025","3,820.78","3,826.79","3,836.19","3,802.74","","+0.48%"
"Jun 27, 2025","3,802.51","3,773.95","3,806.91","3,769.58","","+1.06%"
"Jun 26, 2025","3,762.79","3,712.79","3,763.22","3,707.36","","+1.56%"
"Jun 25, 2025","3,704.84","3,727.24","3,727.24","3,693.69","","-0.98%"
"Jun 24, 2025","3,741.47","3,772.34","3,793.83","3,729.06","","-0.14%"
"Jun 23, 2025","3,746.53","3,774.43","3,788.71","3,739.30","","-0.48%"
"Jun 20, 2025","3,764.64","3,772.85","3,799.22","3,764.64","","-0.64%"
"Jun 19, 2025","3,788.81","3,813.49","3,813.49","3,778.11","","-0.83%"
"Jun 18, 2025","3,820.60","3,774.29","3,823.82","3,774.29","","+0.93%"
"Jun 17, 2025","3,785.27","3,786.50","3,796.59","3,777.44","","-0.12%"
"Jun 16, 2025","3,789.94","3,769.31","3,798.31","3,761.17","","+1.69%"
"Jun 14, 2025","3,726.83","3,750.81","3,726.83","3,726.83","","0.00%"
"Jun 13, 2025","3,726.83","3,750.81","3,751.75","3,703.94","","-0.90%"
"Jun 12, 2025","3,760.67","3,769.39","3,784.78","3,746.91","","-0.33%"
"Jun 11, 2025","3,773.23","3,761.66","3,782.02","3,744.70","","+0.61%"
"Jun 10, 2025","3,750.46","3,760.05","3,778.69","3,744.77","","-0.23%"
"Jun 09, 2025","3,758.94","3,785.03","3,801.55","3,753.89","","-0.20%"
"Jun 06, 2025","3,766.64","3,764.65","3,773.46","3,755.99","","+0.23%"
"Jun 05, 2025","3,758.18","3,769.73","3,771.07","3,744.40","","-0.76%"
"Jun 04, 2025","3,786.87","3,773.82","3,801.80","3,769.90","","+0.50%"
"Jun 03, 2025","3,767.96","3,813.90","3,820.20","3,767.96","","-1.12%"
"Jun 02, 2025","3,810.47","3,827.43","3,832.55","3,795.23","","-0.86%"
"May 30, 2025","3,843.65","3,789.66","3,851.01","3,788.99","","+0.32%"
"May 29, 2025","3,831.55","3,802.92","3,841.94","3,802.92","","+1.25%"
"May 28, 2025","3,784.15","3,807.57","3,828.67","3,784.15","","+0.16%"
"May 27, 2025","3,778.06","3,758.76","3,788.24","3,755.67","","+0.71%"
"May 26, 2025","3,751.37","3,764.95","3,774.14","3,747.68","","-0.40%"
"May 23, 2025","3,766.58","3,748.55","3,769.96","3,748.55","","+0.54%"
"May 22, 2025","3,746.23","3,772.67","3,772.67","3,738.07","","-1.32%"
"May 21, 2025","3,796.31","3,791.18","3,804.37","3,784.34","","+0.98%"
"May 20, 2025","3,759.51","3,798.82","3,810.12","3,741.01","","-0.38%"
"May 19, 2025","3,773.86","3,791.92","3,811.33","3,769.54","","-0.02%"
"May 16, 2025","3,774.52","3,764.69","3,782.28","3,756.47","","+0.76%"
"May 15, 2025","3,745.87","3,733.52","3,751.82","3,713.37","","+0.14%"
"May 14, 2025","3,740.77","3,773.32","3,775.41","3,710.01","","-0.75%"
"May 13, 2025","3,768.96","3,788.23","3,800.83","3,764.46","","+1.03%"
"May 12, 2025","3,730.62","3,723.66","3,735.41","3,705.40","","+0.79%"
"May 09, 2025","3,701.49","3,683.11","3,710.60","3,666.31","","+1.54%"
"May 08, 2025","3,645.30","3,642.01","3,654.90","3,602.08","","-0.08%"
"May 07, 2025","3,648.07","3,589.52","3,654.38","3,589.52","","+2.86%"
"May 02, 2025","3,546.52","3,590.46","3,609.90","3,541.86","","-1.22%"
"May 01, 2025","3,590.22","3,590.72","3,607.37","3,543.90","","-0.61%"
"Apr 30, 2025","3,612.40","3,617.65","3,623.63","3,594.95","","+0.54%"
"Apr 28, 2025","3,592.91","3,579.86","3,610.37","3,575.63","","+1.34%"
"Apr 25, 2025","3,545.26","3,539.96","3,566.25","3,532.69","","+0.76%"
"Apr 24, 2025","3,518.41","3,512.73","3,534.80","3,507.01","","+0.57%"
"Apr 23, 2025","3,498.48","3,477.05","3,501.38","3,469.39","","+2.35%"
"Apr 22, 2025","3,418.01","3,353.64","3,421.31","3,347.48","","+2.55%"
"Apr 21, 2025","3,332.89","3,355.30","3,364.58","3,323.52","","-1.11%"
"Apr 18, 2025","3,370.32","3,347.11","3,376.45","3,324.83","","+1.35%"
"Apr 17, 2025","3,325.30","3,294.78","3,327.02","3,290.93","","+0.64%"
"Apr 16, 2025","3,304.25","3,310.60","3,323.40","3,280.10","","-0.58%"
"Apr 15, 2025","3,323.57","3,346.14","3,351.12","3,316.62","","+0.45%"
"Apr 14, 2025","3,308.66","3,333.39","3,350.25","3,308.66","","+0.40%"
"Apr 11, 2025","3,295.58","3,327.92","3,328.38","3,209.83","","-2.73%"
"Apr 10, 2025","3,388.00","3,200.16","3,399.20","3,200.16","","+7.89%"
"Apr 09, 2025","3,140.32","3,181.96","3,190.32","3,095.07","","-2.49%"
"Apr 08, 2025","3,220.49","3,106.85","3,276.36","3,105.51","","+5.66%"
"Apr 07, 2025","3,048.05","3,245.49","3,246.61","2,971.23","","-7.84%"
"Apr 04, 2025","3,307.47","3,360.12","3,381.81","3,243.47","","-3.22%"
"Apr 03, 2025","3,417.52","3,414.31","3,423.67","3,329.99","","-1.69%"
"Apr 02, 2025","3,476.40","3,512.52","3,512.52","3,457.48","","-1.27%"
"Apr 01, 2025","3,521.01","3,545.41","3,560.34","3,513.48","","+0.70%"
"Mar 31, 2025","3,496.64","3,565.17","3,565.17","3,469.81","","-3.68%"
"Mar 28, 2025","3,630.24","3,668.12","3,669.51","3,614.05","","-2.29%"
"Mar 27, 2025","3,715.39","3,679.71","3,715.39","3,666.18","","+0.72%"
"Mar 26, 2025","3,688.74","3,702.04","3,702.04","3,661.67","","+0.72%"
"Mar 25, 2025","3,662.30","3,686.64","3,691.32","3,644.94","","+0.29%"
"Mar 24, 2025","3,651.64","3,698.91","3,702.14","3,630.27","","-1.05%"
"Mar 21, 2025","3,690.53","3,675.65","3,728.05","3,675.65","","-0.78%"
"Mar 19, 2025","3,719.36","3,666.22","3,732.24","3,659.23","","+2.34%"
"Mar 18, 2025","3,634.14","3,595.73","3,693.76","3,595.73","","+2.61%"
"Mar 17, 2025","3,541.72","3,516.05","3,552.41","3,515.85","","+1.72%"
"Mar 14, 2025","3,481.95","3,466.74","3,492.98","3,455.03","","+0.27%"
"Mar 13, 2025","3,472.42","3,475.96","3,500.03","3,469.63","","+0.07%"
"Mar 12, 2025","3,469.89","3,440.11","3,476.35","3,435.25","","+0.45%"
"Mar 11, 2025","3,454.27","3,454.42","3,455.68","3,391.53","","-0.76%"
"Mar 10, 2025","3,480.83","3,485.07","3,503.45","3,466.80","","+0.06%"
"Mar 07, 2025","3,478.73","3,455.27","3,491.48","3,429.34","","-0.48%"
"Mar 06, 2025","3,495.63","3,487.56","3,513.96","3,487.56","","+0.62%"
"Mar 05, 2025","3,474.16","3,458.67","3,479.75","3,440.57","","+0.61%"
"Mar 04, 2025","3,453.09","3,472.57","3,472.68","3,426.89","","-1.04%"
"Mar 03, 2025","3,489.52","3,453.37","3,491.53","3,435.88","","+2.28%"
"Feb 28, 2025","3,411.77","3,443.44","3,467.78","3,402.70","","-1.64%"
"Feb 27, 2025","3,468.61","3,438.24","3,484.65","3,438.24","","+1.44%"
"Feb 26, 2025","3,419.41","3,455.28","3,459.53","3,394.88","","-1.51%"
"Feb 25, 2025","3,471.94","3,356.56","3,492.57","3,354.70","","+4.86%"
"Feb 21, 2025","3,311.10","3,283.04","3,311.43","3,280.87","","+0.62%"
"Feb 20, 2025","3,290.76","3,308.06","3,319.09","3,279.37","","-0.94%"
"Feb 19, 2025","3,321.85","3,365.99","3,373.89","3,319.41","","-1.37%"
"Feb 18, 2025","3,367.97","3,370.81","3,388.69","3,354.34","","-0.33%"
"Feb 17, 2025","3,379.23","3,380.03","3,411.95","3,377.36","","-0.37%"
"Feb 14, 2025","3,391.77","3,424.84","3,438.30","3,390.97","","-1.40%"
"Feb 13, 2025","3,439.76","3,416.51","3,448.04","3,416.51","","+1.55%"
"Feb 12, 2025","3,387.11","3,394.71","3,394.71","3,368.74","","-0.38%"
"Feb 10, 2025","3,400.07","3,427.79","3,427.79","3,388.40","","-1.44%"
"Feb 07, 2025","3,449.72","3,475.20","3,475.20","3,430.33","","-0.95%"
"Feb 06, 2025","3,482.81","3,502.11","3,545.20","3,468.03","","-0.39%"
"Feb 05, 2025","3,496.57","3,504.88","3,524.63","3,481.79","","+0.05%"
"Feb 04, 2025","3,494.99","3,503.57","3,510.26","3,465.58","","+0.57%"
"Feb 03, 2025","3,475.15","3,493.44","3,502.02","3,462.09","","-1.96%"
"Jan 31, 2025","3,544.46","3,536.67","3,553.58","3,526.68","","-0.14%"
"Jan 30, 2025","3,549.44","3,515.65","3,550.65","3,512.57","","+0.94%"
"Jan 29, 2025","3,516.53","3,524.75","3,529.23","3,508.74","","+0.19%"
"Jan 28, 2025","3,509.69","3,509.59","3,529.86","3,488.46","","-0.16%"
"Jan 27, 2025","3,515.43","3,531.66","3,536.70","3,502.61","","+0.66%"
"Jan 24, 2025","3,492.50","3,502.56","3,530.84","3,483.24","","+0.11%"
"Jan 23, 2025","3,488.67","3,494.21","3,497.22","3,473.66","","+0.33%"
"Jan 22, 2025","3,477.30","3,497.87","3,501.25","3,471.39","","-0.19%"
"Jan 21, 2025","3,483.86","3,503.31","3,505.49","3,464.31","","-0.21%"
"Jan 20, 2025","3,491.08","3,474.64","3,507.93","3,473.40","","+1.13%"
"Jan 17, 2025","3,452.11","3,459.66","3,461.67","3,422.94","","-0.56%"
"Jan 16, 2025","3,471.57","3,508.30","3,513.38","3,468.92","","-0.45%"
"Jan 15, 2025","3,487.33","3,534.76","3,541.51","3,477.06","","-0.58%"
"Jan 14, 2025","3,507.54","3,516.65","3,545.16","3,488.58","","-0.20%"
"Jan 10, 2025","3,514.48","3,548.10","3,561.65","3,513.74","","-0.71%"
"Jan 09, 2025","3,539.72","3,626.03","3,626.62","3,539.67","","-2.70%"
"Jan 08, 2025","3,638.09","3,667.62","3,670.62","3,627.38","","-1.19%"
"Jan 07, 2025","3,682.02","3,692.42","3,705.71","3,659.03","","-0.25%"
"Jan 06, 2025","3,691.39","3,737.35","3,739.54","3,672.79","","-0.71%"
"Dec 30, 2024","3,717.81","3,745.94","3,765.94","3,710.42","","-0.33%"
"Dec 27, 2024","3,729.98","3,689.95","3,735.06","3,687.90","","+1.53%"
"Dec 26, 2024","3,673.87","3,623.68","3,675.60","3,623.68","","+1.47%"
"Dec 25, 2024","3,620.71","3,615.35","3,620.71","3,577.88","","+0.32%"
"Dec 24, 2024","3,609.08","3,610.26","3,624.88","3,604.36","","+0.14%"
"Dec 23, 2024","3,604.08","3,587.07","3,605.47","3,574.64","","+1.30%"
"Dec 20, 2024","3,557.95","3,579.56","3,588.64","3,547.93","","-0.28%"
"Dec 19, 2024","3,567.89","3,534.11","3,580.77","3,530.83","","-0.25%"
"Dec 18, 2024","3,576.96","3,593.97","3,614.58","3,576.96","","-0.36%"
"Dec 17, 2024","3,589.77","3,609.95","3,635.15","3,589.77","","-0.68%"
"Dec 16, 2024","3,614.42","3,626.76","3,626.92","3,604.32","","-0.41%"
"Dec 13, 2024","3,629.38","3,650.18","3,651.43","3,603.33","","-0.87%"
"Dec 12, 2024","3,661.26","3,662.68","3,679.90","3,657.37","","+0.70%"
"Dec 11, 2024","3,635.90","3,656.33","3,656.33","3,617.73","","-0.13%"
"Dec 10, 2024","3,640.57","3,641.02","3,669.80","3,636.90","","+1.42%"
"Dec 09, 2024","3,589.61","3,591.81","3,599.00","3,564.55","","+0.23%"
"Dec 06, 2024","3,581.29","3,610.33","3,617.63","3,573.81","","-0.96%"
"Dec 05, 2024","3,616.10","3,663.88","3,673.21","3,605.95","","-0.96%"
"Dec 04, 2024","3,651.13","3,691.95","3,707.15","3,646.99","","-0.70%"
"Dec 03, 2024","3,676.93","3,621.35","3,698.95","3,620.86","","+2.19%"
"Dec 02, 2024","3,598.13","3,549.71","3,609.45","3,545.06","","+1.48%"
"Nov 29, 2024","3,545.62","3,547.01","3,550.11","3,521.95","","-0.48%"
"Nov 28, 2024","3,562.77","3,519.89","3,578.26","3,508.67","","+0.71%"
"Nov 27, 2024","3,537.57","3,588.35","3,592.89","3,520.04","","-1.76%"
"Nov 26, 2024","3,600.88","3,642.57","3,642.57","3,565.40","","-1.79%"
"Nov 25, 2024","3,666.43","3,694.59","3,695.23","3,658.84","","-0.19%"
"Nov 22, 2024","3,673.40","3,665.55","3,703.68","3,665.55","","+0.47%"
"Nov 21, 2024","3,656.11","3,698.66","3,703.23","3,650.72","","-0.63%"
"Nov 20, 2024","3,679.17","3,707.85","3,726.30","3,674.34","","-0.73%"
"Nov 19, 2024","3,706.08","3,696.58","3,719.75","3,672.04","","+0.81%"
"Nov 18, 2024","3,676.29","3,682.55","3,703.42","3,670.42","","-0.87%"
"Nov 15, 2024","3,708.56","3,737.46","3,755.82","3,708.56","","+0.08%"
"Nov 14, 2024","3,705.71","3,697.22","3,771.07","3,697.02","","+1.00%"
"Nov 13, 2024","3,668.87","3,713.70","3,713.70","3,659.41","","-1.31%"
"Nov 12, 2024","3,717.58","3,736.98","3,759.52","3,708.92","","-0.12%"
"Nov 11, 2024","3,721.90","3,716.39","3,740.40","3,698.76","","+0.08%"
"Nov 08, 2024","3,718.81","3,775.46","3,782.16","3,710.60","","-1.03%"
"Nov 07, 2024","3,757.70","3,787.30","3,803.44","3,717.82","","+0.32%"
"Nov 06, 2024","3,745.57","3,678.69","3,750.56","3,668.20","","+1.80%"
"Nov 05, 2024","3,679.42","3,617.73","3,686.35","3,605.60","","+1.68%"
"Nov 01, 2024","3,618.57","3,641.48","3,671.36","3,609.49","","-1.73%"
"Oct 31, 2024","3,682.40","3,715.90","3,722.21","3,664.47","","-0.79%"
"Oct 30, 2024","3,711.62","3,706.68","3,738.39","3,698.18","","+0.57%"
"Oct 29, 2024","3,690.74","3,677.36","3,697.93","3,666.98","","+0.73%"
"Oct 28, 2024","3,664.07","3,588.01","3,678.65","3,588.01","","+1.53%"
"Oct 25, 2024","3,608.88","3,618.71","3,640.45","3,591.02","","-0.93%"
"Oct 24, 2024","3,642.58","3,619.18","3,655.45","3,596.28","","-0.44%"
"Oct 23, 2024","3,658.64","3,671.41","3,693.87","3,646.95","","-0.47%"
"Oct 22, 2024","3,676.07","3,693.27","3,719.78","3,650.07","","-0.72%"
"Oct 21, 2024","3,702.68","3,716.32","3,733.51","3,690.52","","-0.66%"
"Oct 18, 2024","3,727.46","3,741.79","3,748.63","3,715.82","","-0.26%"
"Oct 17, 2024","3,737.10","3,751.34","3,770.22","3,734.61","","-0.28%"
"Oct 16, 2024","3,747.71","3,714.52","3,787.53","3,707.14","","-0.72%"
"Oct 15, 2024","3,774.81","3,822.04","3,822.27","3,774.81","","-0.49%"
"Oct 11, 2024","3,793.35","3,827.64","3,836.69","3,791.78","","-0.27%"
"Oct 10, 2024","3,803.48","3,827.77","3,827.77","3,791.10","","+0.50%"
"Oct 09, 2024","3,784.41","3,857.50","3,859.14","3,771.49","","-1.06%"
"Oct 08, 2024","3,824.90","3,870.08","3,875.11","3,813.71","","-2.64%"
"Oct 07, 2024","3,928.70","3,935.74","3,941.99","3,903.41","","+1.26%"
"Oct 04, 2024","3,879.93","3,850.11","3,886.60","3,837.53","","+0.74%"
"Oct 03, 2024","3,851.35","3,903.37","3,913.92","3,837.88","","+0.57%"
"Oct 02, 2024","3,829.65","3,806.91","3,878.67","3,806.91","","-0.12%"
"Oct 01, 2024","3,834.20","3,747.22","3,851.86","3,744.25","","+2.62%"
"Sep 30, 2024","3,736.48","3,784.31","3,785.79","3,708.74","","-3.20%"
"Sep 27, 2024","3,860.18","3,839.48","3,868.02","3,800.40","","+0.06%"
"Sep 26, 2024","3,857.87","3,779.71","3,857.87","3,779.71","","+2.65%"
"Sep 25, 2024","3,758.15","3,743.02","3,776.17","3,735.43","","+0.54%"
"Sep 24, 2024","3,737.94","3,741.21","3,761.67","3,725.00","","+0.79%"
"Sep 20, 2024","3,708.57","3,716.06","3,741.98","3,700.53","","+1.44%"
"Sep 19, 2024","3,655.86","3,615.49","3,679.26","3,611.82","","+2.84%"
"Sep 18, 2024","3,555.07","3,592.67","3,592.67","3,520.83","","+0.20%"
"Sep 17, 2024","3,547.88","3,577.49","3,588.03","3,494.25","","-0.71%"
"Sep 13, 2024","3,573.21","3,580.71","3,592.98","3,553.57","","-0.62%"
"Sep 12, 2024","3,595.65","3,595.84","3,635.43","3,579.23","","+1.47%"
"Sep 11, 2024","3,543.60","3,571.25","3,622.62","3,508.96","","-1.86%"
"Sep 10, 2024","3,610.80","3,626.80","3,657.75","3,608.00","","-0.09%"
"Sep 09, 2024","3,613.98","3,567.70","3,618.94","3,527.01","","-0.53%"
"Sep 06, 2024","3,633.07","3,649.40","3,664.87","3,613.33","","-0.61%"
"Sep 05, 2024","3,655.37","3,598.48","3,711.58","3,579.61","","+0.13%"
"Sep 04, 2024","3,650.79","3,739.23","3,741.41","3,638.40","","-4.29%"
"Sep 03, 2024","3,814.47","3,807.54","3,831.73","3,806.95","","+0.26%"
"Sep 02, 2024","3,804.49","3,822.19","3,826.34","3,774.67","","+0.14%"
"Aug 30, 2024","3,799.07","3,755.11","3,805.67","3,750.79","","+1.60%"
"Aug 29, 2024","3,739.06","3,718.79","3,747.72","3,710.56","","+0.72%"
"Aug 28, 2024","3,712.46","3,694.18","3,712.46","3,688.86","","+0.03%"
"Aug 27, 2024","3,711.17","3,674.55","3,713.52","3,657.30","","+1.20%"
"Aug 26, 2024","3,667.27","3,680.59","3,694.20","3,656.52","","-0.43%"
"Aug 23, 2024","3,683.00","3,701.91","3,707.90","3,673.89","","-0.43%"
"Aug 22, 2024","3,698.79","3,679.47","3,698.79","3,672.96","","+0.25%"
"Aug 21, 2024","3,689.60","3,666.75","3,696.56","3,666.67","","-0.74%"
"Aug 20, 2024","3,717.26","3,745.51","3,745.56","3,690.27","","+0.20%"
"Aug 19, 2024","3,709.85","3,727.35","3,769.71","3,703.23","","-1.24%"
"Aug 16, 2024","3,756.58","3,718.92","3,756.58","3,695.58","","+2.91%"
"Aug 15, 2024","3,650.36","3,616.64","3,669.48","3,616.64","","+1.25%"
"Aug 14, 2024","3,605.40","3,584.72","3,646.43","3,579.41","","+1.37%"
"Aug 13, 2024","3,556.80","3,517.67","3,556.80","3,517.67","","+2.60%"
"Aug 09, 2024","3,466.56","3,447.31","3,523.18","3,414.95","","+2.41%"
"Aug 08, 2024","3,385.11","3,407.49","3,447.07","3,365.27","","-2.29%"
"Aug 07, 2024","3,464.36","3,251.00","3,554.83","3,251.00","","+4.69%"
"Aug 06, 2024","3,309.01","3,090.31","3,383.58","3,090.31","","+9.16%"
"Aug 05, 2024","3,031.31","3,506.27","3,508.01","2,999.11","","-15.14%"
"Aug 02, 2024","3,572.28","3,781.63","3,782.43","3,564.09","","-7.44%"
"Aug 01, 2024","3,859.61","3,968.63","3,972.25","3,815.71","","-4.25%"
"Jul 31, 2024","4,030.73","3,957.67","4,041.84","3,943.56","","+0.97%"
"Jul 30, 2024","3,992.06","3,966.63","4,003.91","3,965.30","","-0.60%"
"Jul 29, 2024","4,016.14","3,968.71","4,051.50","3,956.22","","+2.03%"
"Jul 26, 2024","3,936.35","3,931.52","3,982.83","3,916.28","","-0.10%"
"Jul 25, 2024","3,940.14","3,992.41","3,994.93","3,928.08","","-3.12%"
"Jul 24, 2024","4,066.85","4,107.39","4,126.85","4,061.64","","-1.36%"
"Jul 23, 2024","4,123.03","4,135.09","4,158.05","4,122.41","","-0.13%"
"Jul 22, 2024","4,128.23","4,190.21","4,190.21","4,122.00","","-1.26%"
"Jul 19, 2024","4,180.80","4,188.99","4,193.75","4,150.79","","-0.59%"
"Jul 18, 2024","4,205.41","4,208.39","4,250.82","4,194.34","","-1.44%"
"Jul 17, 2024","4,266.83","4,260.55","4,287.08","4,253.07","","+0.76%"
"Jul 16, 2024","4,234.49","4,204.63","4,265.08","4,201.43","","+1.11%"
"Jul 12, 2024","4,188.07","4,176.48","4,220.93","4,176.48","","-0.98%"
"Jul 11, 2024","4,229.32","4,258.35","4,264.03","4,223.27","","+0.52%"
"Jul 10, 2024","4,207.50","4,219.69","4,233.12","4,173.69","","-0.50%"
"Jul 09, 2024","4,228.74","4,230.21","4,257.77","4,213.09","","+0.29%"
"Jul 08, 2024","4,216.31","4,232.48","4,254.03","4,215.91","","-0.86%"
"Jul 05, 2024","4,253.07","4,281.85","4,292.90","4,242.92","","-0.43%"
"Jul 04, 2024","4,271.47","4,231.81","4,276.10","4,231.81","","+1.47%"
"Jul 03, 2024","4,209.68","4,200.55","4,215.32","4,176.76","","-0.22%"
"Jul 02, 2024","4,218.77","4,136.80","4,229.60","4,113.18","","+1.90%"
"Jul 01, 2024","4,140.15","4,143.09","4,166.92","4,125.80","","+1.22%"
"Jun 30, 2024","4,090.37","4,073.25","4,090.37","4,090.37","","0.00%"
"Jun 28, 2024","4,090.37","4,073.25","4,108.17","4,073.25","","+1.14%"
"Jun 27, 2024","4,044.43","4,073.20","4,087.26","4,037.30","","-1.04%"
"Jun 26, 2024","4,086.90","4,072.24","4,101.09","4,054.39","","+0.09%"
"Jun 25, 2024","4,083.17","3,997.14","4,083.28","3,994.86","","+2.63%"
"Jun 24, 2024","3,978.61","3,962.15","3,997.47","3,961.80","","+0.27%"
"Jun 21, 2024","3,968.03","3,988.66","3,999.79","3,967.18","","-0.27%"
"Jun 20, 2024","3,978.90","3,970.20","3,982.83","3,935.32","","-0.33%"
"Jun 19, 2024","3,992.05","3,984.98","4,000.31","3,972.58","","+0.50%"
"Jun 18, 2024","3,972.31","4,008.03","4,014.69","3,961.96","","-0.54%"
"Jun 17, 2024","3,993.77","4,031.03","4,044.24","3,973.80","","-2.25%"
"Jun 15, 2024","4,085.70","4,018.13","4,085.70","4,085.70","","0.00%"
"Jun 14, 2024","4,085.70","4,018.13","4,086.36","4,007.07","","+1.94%"
"Jun 13, 2024","4,007.97","4,074.99","4,076.74","3,996.82","","-1.60%"
"Jun 12, 2024","4,073.19","4,051.11","4,079.83","4,042.64","","-0.52%"
"Jun 11, 2024","4,094.59","4,121.42","4,148.57","4,091.70","","-0.14%"
"Jun 10, 2024","4,100.44","4,071.90","4,106.56","4,071.90","","+0.64%"
"Jun 07, 2024","4,074.28","4,053.81","4,076.70","4,051.30","","+0.41%"
"Jun 06, 2024","4,057.80","4,073.33","4,088.72","4,053.64","","-0.10%"
"Jun 05, 2024","4,061.85","4,090.37","4,093.00","4,031.85","","-1.96%"
"Jun 04, 2024","4,143.15","4,155.76","4,174.47","4,119.85","","-1.49%"
"Jun 03, 2024","4,205.70","4,196.35","4,233.54","4,192.06","","+1.22%"
"May 31, 2024","4,154.92","4,114.32","4,168.33","4,104.28","","+1.45%"
"May 30, 2024","4,095.73","4,093.52","4,100.96","4,046.15","","-1.43%"
"May 29, 2024","4,155.09","4,197.93","4,221.16","4,155.09","","-1.13%"
"May 28, 2024","4,202.64","4,193.86","4,210.73","4,177.95","","+0.12%"
"May 27, 2024","4,197.44","4,184.12","4,197.68","4,161.60","","+0.98%"
"May 25, 2024","4,156.65","4,097.98","4,156.65","4,156.65","","0.00%"
"May 24, 2024","4,156.65","4,097.98","4,165.40","4,077.37","","-0.40%"
"May 23, 2024","4,173.22","4,160.79","4,182.09","4,100.34","","-0.13%"
"May 22, 2024","4,178.52","4,225.60","4,231.91","4,177.75","","-1.30%"
"May 21, 2024","4,233.76","4,228.66","4,258.68","4,224.12","","+0.57%"
"May 20, 2024","4,209.64","4,152.61","4,223.05","4,152.61","","+1.39%"
"May 17, 2024","4,152.03","4,121.73","4,159.78","4,117.89","","+0.12%"
"May 16, 2024","4,147.07","4,156.52","4,166.37","4,100.87","","+0.29%"
"May 15, 2024","4,134.91","4,146.99","4,178.76","4,134.91","","-0.06%"
"May 14, 2024","4,137.29","4,157.31","4,181.01","4,109.02","","-0.54%"
"May 13, 2024","4,159.57","4,174.06","4,178.44","4,137.75","","-0.70%"
"May 10, 2024","4,188.74","4,168.46","4,237.83","4,157.03","","+1.51%"
"May 09, 2024","4,126.27","4,131.31","4,155.04","4,116.25","","+0.77%"
"May 08, 2024","4,094.85","4,184.27","4,195.03","4,093.19","","-2.41%"
"May 07, 2024","4,196.13","4,236.46","4,245.14","4,143.45","","-0.11%"
"May 02, 2024","4,200.73","4,184.16","4,273.36","4,180.50","","+0.85%"
"May 01, 2024","4,165.18","4,154.52","4,208.89","4,133.10","","-0.21%"
"Apr 30, 2024","4,174.11","4,122.69","4,205.52","4,120.79","","+2.85%"
"Apr 26, 2024","4,058.31","4,028.45","4,072.37","4,009.21","","+1.10%"
"Apr 25, 2024","4,014.11","4,045.97","4,075.53","4,004.02","","-1.25%"
"Apr 24, 2024","4,064.96","3,985.36","4,066.28","3,982.05","","+2.37%"
"Apr 23, 2024","3,970.73","3,994.89","4,007.48","3,954.03","","+0.55%"
"Apr 22, 2024","3,948.98","3,924.37","3,982.27","3,916.63","","+1.47%"
"Apr 19, 2024","3,891.96","3,922.73","3,932.79","3,834.06","","-1.24%"
"Apr 18, 2024","3,940.94","3,881.71","3,962.83","3,875.88","","+0.75%"
"Apr 17, 2024","3,911.70","3,979.28","3,980.76","3,903.34","","-1.37%"
"Apr 16, 2024","3,965.99","4,056.04","4,073.78","3,954.92","","-2.95%"
"Apr 15, 2024","4,086.58","4,017.50","4,104.53","4,007.94","","+0.63%"
"Apr 12, 2024","4,061.16","4,058.57","4,079.55","4,032.23","","+0.41%"
"Apr 11, 2024","4,044.51","4,007.14","4,060.08","4,007.12","","+0.16%"
"Apr 10, 2024","4,038.09","4,047.17","4,055.98","4,027.90","","-1.09%"
"Apr 09, 2024","4,082.72","4,014.27","4,083.24","4,006.41","","+2.30%"
"Apr 08, 2024","3,990.92","3,979.47","4,016.32","3,971.05","","+1.12%"
"Apr 05, 2024","3,946.84","3,922.81","3,949.45","3,902.32","","-0.22%"
"Apr 04, 2024","3,955.37","3,960.73","4,004.56","3,955.37","","+1.33%"
"Apr 03, 2024","3,903.35","3,813.06","3,926.05","3,796.84","","+1.10%"
"Apr 02, 2024","3,860.86","3,883.48","3,909.51","3,842.09","","-0.18%"
"Apr 01, 2024","3,867.95","3,956.25","3,962.58","3,836.99","","-1.89%"
"Mar 29, 2024","3,942.28","3,931.23","3,958.08","3,920.09","","+0.51%"
"Mar 28, 2024","3,922.30","3,930.78","3,963.43","3,910.19","","-1.79%"
"Mar 27, 2024","3,993.84","4,000.35","4,029.27","3,983.91","","+0.68%"
"Mar 26, 2024","3,966.97","3,957.26","3,978.47","3,955.49","","-0.25%"
"Mar 25, 2024","3,977.11","3,990.15","4,007.60","3,977.11","","-0.82%"
"Mar 22, 2024","4,010.15","4,015.23","4,033.60","3,982.40","","+0.51%"
"Mar 21, 2024","3,989.72","3,928.89","3,997.48","3,928.18","","+2.92%"
"Mar 19, 2024","3,876.60","3,839.60","3,879.11","3,818.59","","+1.00%"
"Mar 18, 2024","3,838.23","3,804.70","3,849.76","3,804.46","","+1.72%"
"Mar 15, 2024","3,773.28","3,710.73","3,795.99","3,706.40","","+2.19%"
"Mar 14, 2024","3,692.56","3,649.64","3,693.98","3,642.46","","+0.93%"
"Mar 13, 2024","3,658.47","3,717.42","3,727.59","3,640.77","","-0.67%"
"Mar 12, 2024","3,682.98","3,666.89","3,682.98","3,603.51","","-1.37%"
"Mar 11, 2024","3,734.06","3,789.49","3,789.57","3,687.37","","-2.92%"
"Mar 08, 2024","3,846.19","3,830.89","3,880.28","3,815.36","","+0.55%"
"Mar 07, 2024","3,825.06","3,878.12","3,896.30","3,818.37","","-0.68%"
"Mar 06, 2024","3,851.13","3,828.29","3,857.91","3,809.68","","+0.21%"
"Mar 05, 2024","3,842.95","3,778.66","3,852.39","3,772.06","","+1.01%"
"Mar 04, 2024","3,804.51","3,832.10","3,832.10","3,792.78","","-0.33%"
"Mar 01, 2024","3,816.98","3,767.32","3,826.25","3,762.40","","+1.44%"
"Feb 29, 2024","3,762.67","3,778.99","3,787.20","3,735.39","","-0.21%"
"Feb 28, 2024","3,770.74","3,803.74","3,805.61","3,755.53","","-0.68%"
"Feb 27, 2024","3,796.54","3,824.68","3,846.98","3,787.91","","-0.51%"
"Feb 26, 2024","3,816.19","3,834.47","3,862.04","3,809.87","","+0.74%"
"Feb 22, 2024","3,788.02","3,751.66","3,792.06","3,750.90","","+1.66%"
"Feb 21, 2024","3,726.29","3,736.86","3,765.54","3,708.20","","+0.28%"
"Feb 20, 2024","3,716.04","3,770.68","3,788.45","3,708.36","","-1.12%"
"Feb 19, 2024","3,758.20","3,685.02","3,758.20","3,685.02","","+2.39%"
"Feb 16, 2024","3,670.45","3,642.97","3,701.38","3,642.97","","+1.84%"
"Feb 15, 2024","3,604.01","3,618.50","3,631.14","3,590.75","","+0.47%"
"Feb 14, 2024","3,587.32","3,594.47","3,600.66","3,557.30","","-0.65%"
"Feb 13, 2024","3,610.91","3,537.91","3,610.91","3,525.53","","+2.74%"
"Feb 09, 2024","3,514.71","3,518.62","3,558.15","3,509.22","","-0.63%"
"Feb 08, 2024","3,537.10","3,546.73","3,546.73","3,495.09","","-0.28%"
"Feb 07, 2024","3,547.06","3,445.25","3,556.03","3,444.56","","+3.22%"
"Feb 06, 2024","3,436.36","3,450.53","3,457.57","3,417.86","","-0.66%"
"Feb 05, 2024","3,459.12","3,521.98","3,521.98","3,454.92","","-1.09%"
"Feb 02, 2024","3,497.30","3,537.35","3,547.08","3,496.67","","-1.02%"
"Feb 01, 2024","3,533.20","3,512.35","3,545.52","3,505.88","","-0.23%"
"Jan 31, 2024","3,541.42","3,474.13","3,542.18","3,474.13","","+1.36%"
"Jan 30, 2024","3,493.89","3,487.18","3,509.93","3,478.40","","-0.34%"
"Jan 29, 2024","3,505.87","3,465.60","3,511.49","3,465.60","","+2.05%"
"Jan 26, 2024","3,435.52","3,474.50","3,474.50","3,435.52","","-1.66%"
"Jan 25, 2024","3,493.55","3,487.65","3,499.26","3,472.27","","+0.24%"
"Jan 24, 2024","3,485.13","3,525.86","3,529.62","3,479.76","","-0.84%"
"Jan 23, 2024","3,514.59","3,549.77","3,568.15","3,503.28","","-0.60%"
"Jan 22, 2024","3,535.73","3,516.72","3,535.73","3,492.11","","+1.03%"
"Jan 19, 2024","3,499.59","3,517.99","3,523.95","3,481.71","","+0.93%"
"Jan 18, 2024","3,467.50","3,501.87","3,526.72","3,467.50","","-0.67%"
"Jan 17, 2024","3,490.81","3,480.78","3,566.21","3,479.34","","+0.96%"
"Jan 16, 2024","3,457.49","3,492.42","3,497.61","3,451.55","","-1.02%"
"Jan 15, 2024","3,493.15","3,432.20","3,502.04","3,427.61","","+2.16%"
"Jan 12, 2024","3,419.21","3,407.68","3,430.69","3,391.52","","+1.37%"
"Jan 11, 2024","3,372.91","3,335.87","3,393.13","3,335.87","","+2.49%"
"Jan 10, 2024","3,291.06","3,259.33","3,296.84","3,259.33","","+1.62%"
"Jan 09, 2024","3,238.48","3,268.33","3,296.54","3,224.04","","-0.16%"
"Jan 05, 2024","3,243.54","3,221.39","3,260.53","3,219.82","","+0.97%"
"Jan 04, 2024","3,212.26","3,142.17","3,215.93","3,125.79","","+1.51%"
"Dec 29, 2023","3,164.40","3,173.15","3,193.69","3,146.76","","-0.12%"
"Dec 28, 2023","3,168.32","3,157.64","3,176.38","3,151.01","","-0.10%"
"Dec 27, 2023","3,171.46","3,152.83","3,172.95","3,148.66","","+1.16%"
"Dec 26, 2023","3,134.97","3,128.30","3,137.97","3,118.08","","+0.39%"
"Dec 25, 2023","3,122.88","3,146.60","3,146.60","3,117.56","","-0.17%"
"Dec 22, 2023","3,128.21","3,114.82","3,137.13","3,112.63","","+0.61%"
"Dec 21, 2023","3,109.18","3,109.60","3,113.95","3,096.80","","-1.21%"
"Dec 20, 2023","3,147.31","3,130.70","3,165.25","3,130.70","","+0.75%"
"Dec 19, 2023","3,123.76","3,078.43","3,130.38","3,068.64","","+0.85%"
"Dec 18, 2023","3,097.54","3,092.75","3,103.65","3,066.37","","-0.59%"
"Dec 15, 2023","3,115.85","3,102.47","3,129.59","3,102.47","","+0.98%"
"Dec 14, 2023","3,085.47","3,127.85","3,136.86","3,070.05","","-1.90%"
"Dec 13, 2023","3,145.16","3,159.92","3,160.22","3,133.82","","-0.35%"
"Dec 12, 2023","3,156.32","3,185.11","3,190.42","3,156.32","","-0.65%"
"Dec 11, 2023","3,177.11","3,138.50","3,178.71","3,137.73","","+2.66%"
"Dec 08, 2023","3,094.75","3,135.38","3,138.48","3,084.32","","-2.45%"
"Dec 07, 2023","3,172.63","3,195.61","3,201.27","3,164.43","","-1.66%"
"Dec 06, 2023","3,226.16","3,173.83","3,231.70","3,172.65","","+1.82%"
"Dec 05, 2023","3,168.42","3,189.63","3,198.99","3,166.31","","-0.81%"
"Dec 04, 2023","3,194.32","3,199.91","3,213.11","3,174.80","","-1.32%"
"Dec 01, 2023","3,237.03","3,221.52","3,243.46","3,216.46","","+1.49%"
"Nov 30, 2023","3,189.39","3,174.98","3,189.39","3,142.16","","-0.03%"
"Nov 29, 2023","3,190.48","3,210.03","3,225.71","3,187.46","","-1.37%"
"Nov 28, 2023","3,234.88","3,226.47","3,234.88","3,206.66","","+0.38%"
"Nov 27, 2023","3,222.55","3,245.04","3,245.04","3,212.93","","-0.56%"
"Nov 24, 2023","3,240.61","3,251.07","3,251.07","3,229.59","","+0.68%"
"Nov 22, 2023","3,218.84","3,194.64","3,235.52","3,194.64","","+0.30%"
"Nov 21, 2023","3,209.31","3,242.99","3,243.39","3,189.46","","-1.69%"
"Nov 20, 2023","3,264.57","3,318.50","3,324.52","3,262.01","","-1.45%"
"Nov 17, 2023","3,312.65","3,263.48","3,312.78","3,257.50","","+1.16%"
"Nov 16, 2023","3,274.54","3,293.47","3,310.42","3,260.20","","-0.86%"
"Nov 15, 2023","3,302.92","3,307.82","3,317.79","3,297.85","","+1.06%"
"Nov 14, 2023","3,268.25","3,292.61","3,305.55","3,267.79","","+0.13%"
"Nov 13, 2023","3,264.03","3,299.90","3,304.35","3,258.24","","-0.25%"
"Nov 10, 2023","3,272.20","3,223.94","3,275.30","3,223.89","","+1.00%"
"Nov 09, 2023","3,239.78","3,201.38","3,246.44","3,175.77","","+2.06%"
"Nov 08, 2023","3,174.25","3,235.04","3,238.31","3,153.62","","-2.07%"
"Nov 07, 2023","3,241.38","3,271.31","3,282.62","3,239.80","","-0.42%"
"Nov 06, 2023","3,255.20","3,236.21","3,275.67","3,236.21","","+2.25%"
"Nov 02, 2023","3,183.48","3,236.01","3,236.01","3,154.95","","-0.05%"
"Nov 01, 2023","3,185.03","3,156.64","3,214.58","3,156.64","","+2.48%"
"Oct 31, 2023","3,107.95","3,104.31","3,108.33","3,054.94","","+0.46%"
"Oct 30, 2023","3,093.69","3,110.32","3,115.05","3,070.95","","-1.63%"
"Oct 27, 2023","3,144.93","3,108.78","3,147.01","3,098.70","","+2.04%"
"Oct 26, 2023","3,082.01","3,091.61","3,117.60","3,068.43","","-1.13%"
"Oct 25, 2023","3,117.28","3,107.07","3,150.39","3,107.07","","+1.22%"
"Oct 24, 2023","3,079.72","3,099.39","3,100.72","3,016.75","","+0.28%"
"Oct 23, 2023","3,071.25","3,089.47","3,109.20","3,071.25","","-1.55%"
"Oct 20, 2023","3,119.45","3,080.29","3,136.20","3,080.29","","+0.34%"
"Oct 19, 2023","3,108.97","3,136.58","3,140.47","3,098.13","","-2.07%"
"Oct 18, 2023","3,174.77","3,184.22","3,192.61","3,152.27","","+0.34%"
"Oct 17, 2023","3,164.09","3,178.98","3,196.86","3,144.80","","+0.47%"
"Oct 16, 2023","3,149.40","3,153.56","3,169.92","3,136.27","","-0.54%"
"Oct 13, 2023","3,166.63","3,165.64","3,190.57","3,156.53","","-1.08%"
"Oct 12, 2023","3,201.17","3,154.87","3,201.89","3,154.87","","+1.75%"
"Oct 11, 2023","3,146.15","3,171.47","3,179.94","3,146.15","","-0.95%"
"Oct 10, 2023","3,176.28","3,095.40","3,180.21","3,095.23","","+4.29%"
"Oct 06, 2023","3,045.61","3,036.36","3,086.47","3,031.80","","+0.79%"
"Oct 05, 2023","3,021.59","2,985.31","3,026.19","2,948.41","","+1.46%"
"Oct 04, 2023","2,977.97","3,041.48","3,044.88","2,965.17","","-3.64%"
"Oct 03, 2023","3,090.48","3,136.20","3,136.92","3,081.98","","-2.30%"
"Oct 02, 2023","3,163.21","3,204.82","3,230.75","3,160.28","","-0.50%"
"Sep 29, 2023","3,179.12","3,238.30","3,238.30","3,166.26","","-1.88%"
"Sep 28, 2023","3,240.16","3,264.10","3,291.34","3,226.40","","-1.71%"
"Sep 27, 2023","3,296.48","3,272.72","3,296.48","3,241.98","","+0.05%"
"Sep 26, 2023","3,294.97","3,320.39","3,320.39","3,284.83","","-0.56%"
"Sep 25, 2023","3,313.64","3,313.10","3,328.58","3,299.13","","+0.63%"
"Sep 22, 2023","3,292.81","3,296.33","3,309.72","3,258.75","","-1.11%"
"Sep 21, 2023","3,329.89","3,353.07","3,368.43","3,325.60","","-0.85%"
"Sep 20, 2023","3,358.54","3,394.72","3,394.72","3,353.55","","-0.87%"
"Sep 19, 2023","3,388.10","3,359.41","3,388.10","3,347.88","","+0.68%"
"Sep 15, 2023","3,365.23","3,349.06","3,387.60","3,346.90","","+1.14%"
"Sep 14, 2023","3,327.44","3,292.14","3,333.63","3,288.48","","+1.42%"
"Sep 13, 2023","3,280.88","3,295.04","3,295.04","3,272.52","","-0.14%"
"Sep 12, 2023","3,285.61","3,315.51","3,320.78","3,275.79","","-0.47%"
"Sep 11, 2023","3,301.14","3,319.01","3,328.98","3,291.48","","+0.24%"
"Sep 08, 2023","3,293.40","3,299.95","3,324.45","3,290.15","","-1.21%"
"Sep 07, 2023","3,333.81","3,344.57","3,379.56","3,332.07","","-0.16%"
"Sep 06, 2023","3,339.16","3,331.28","3,356.72","3,328.30","","+0.23%"
"Sep 05, 2023","3,331.54","3,311.56","3,331.54","3,293.93","","+0.21%"
"Sep 04, 2023","3,324.40","3,266.21","3,324.40","3,261.44","","+1.94%"
"Sep 01, 2023","3,261.28","3,207.89","3,264.93","3,203.46","","+1.61%"
"Aug 31, 2023","3,209.70","3,170.10","3,209.70","3,170.10","","+1.36%"
"Aug 30, 2023","3,166.75","3,176.66","3,182.13","3,160.52","","+0.25%"
"Aug 29, 2023","3,158.95","3,178.09","3,178.09","3,154.44","","-0.33%"
"Aug 28, 2023","3,169.31","3,149.68","3,170.83","3,138.40","","+1.71%"
"Aug 25, 2023","3,116.16","3,103.62","3,122.12","3,103.62","","-0.92%"
"Aug 24, 2023","3,145.14","3,147.28","3,155.59","3,135.32","","+0.11%"
"Aug 23, 2023","3,141.58","3,127.96","3,143.82","3,123.96","","-0.45%"
"Aug 22, 2023","3,155.81","3,127.19","3,158.90","3,127.19","","+1.68%"
"Aug 21, 2023","3,103.56","3,117.38","3,126.84","3,090.51","","-0.21%"
"Aug 18, 2023","3,110.13","3,085.30","3,121.34","3,085.09","","+0.11%"
"Aug 17, 2023","3,106.76","3,125.62","3,129.89","3,062.87","","-1.37%"
"Aug 16, 2023","3,149.97","3,182.90","3,186.28","3,149.97","","-2.47%"
"Aug 15, 2023","3,229.78","3,233.03","3,251.60","3,228.60","","+0.56%"
"Aug 14, 2023","3,211.69","3,255.19","3,264.62","3,203.82","","-1.26%"
"Aug 10, 2023","3,252.57","3,213.16","3,255.24","3,213.16","","+1.14%"
"Aug 09, 2023","3,215.90","3,223.51","3,232.44","3,210.01","","+0.23%"
"Aug 08, 2023","3,208.52","3,205.08","3,225.88","3,199.05","","+0.74%"
"Aug 07, 2023","3,185.04","3,167.27","3,188.21","3,147.46","","-0.47%"
"Aug 04, 2023","3,200.07","3,141.01","3,213.74","3,141.01","","+0.90%"
"Aug 03, 2023","3,171.56","3,169.34","3,196.08","3,159.10","","-1.19%"
"Aug 02, 2023","3,209.75","3,225.15","3,251.68","3,201.96","","-1.91%"
"Aug 01, 2023","3,272.20","3,261.45","3,294.95","3,211.43","","+0.66%"
"Jul 31, 2023","3,250.64","3,216.20","3,263.76","3,216.20","","+2.55%"
"Jul 28, 2023","3,169.93","3,147.97","3,191.43","3,113.59","","-0.54%"
"Jul 27, 2023","3,187.13","3,158.01","3,190.35","3,158.01","","+0.47%"
"Jul 26, 2023","3,172.26","3,186.02","3,191.16","3,167.44","","-0.43%"
"Jul 25, 2023","3,185.83","3,168.16","3,186.74","3,160.77","","+0.49%"
"Jul 24, 2023","3,170.30","3,170.30","3,179.16","3,157.91","","+0.85%"
"Jul 21, 2023","3,143.65","3,129.58","3,152.04","3,118.46","","+0.14%"
"Jul 20, 2023","3,139.26","3,140.34","3,158.47","3,125.74","","-0.15%"
"Jul 19, 2023","3,143.91","3,135.54","3,145.06","3,120.54","","+1.53%"
"Jul 18, 2023","3,096.47","3,065.49","3,102.86","3,065.49","","+0.91%"
"Jul 14, 2023","3,068.55","3,092.56","3,092.56","3,031.18","","-0.18%"
"Jul 13, 2023","3,074.07","3,034.81","3,095.36","3,002.78","","+1.34%"
"Jul 12, 2023","3,033.44","3,105.66","3,113.58","3,029.31","","-2.01%"
"Jul 11, 2023","3,095.66","3,118.14","3,124.52","3,088.18","","+0.04%"
"Jul 10, 2023","3,094.29","3,119.02","3,137.07","3,083.91","","-0.26%"
"Jul 07, 2023","3,102.39","3,109.17","3,131.50","3,089.10","","-1.28%"
"Jul 06, 2023","3,142.58","3,166.24","3,173.11","3,125.31","","-1.39%"
"Jul 05, 2023","3,186.76","3,160.91","3,189.37","3,155.89","","-0.06%"
"Jul 04, 2023","3,188.83","3,190.02","3,199.86","3,174.13","","-1.09%"
"Jul 03, 2023","3,224.00","3,188.83","3,226.46","3,188.83","","+1.87%"
"Jun 30, 2023","3,164.77","3,177.52","3,181.45","3,141.92","","-0.87%"
"Jun 29, 2023","3,192.64","3,206.06","3,231.88","3,179.44","","-0.30%"
"Jun 28, 2023","3,202.34","3,167.87","3,203.26","3,127.40","","+2.12%"
"Jun 27, 2023","3,135.90","3,168.62","3,187.63","3,099.54","","-0.86%"
"Jun 26, 2023","3,163.06","3,147.55","3,191.64","3,115.82","","-0.97%"
"Jun 23, 2023","3,193.95","3,321.13","3,327.61","3,153.02","","-3.38%"
"Jun 22, 2023","3,305.53","3,254.58","3,342.25","3,251.42","","+1.65%"
"Jun 21, 2023","3,252.01","3,208.22","3,266.52","3,204.03","","+0.14%"
"Jun 20, 2023","3,247.40","3,222.04","3,293.63","3,199.80","","+2.06%"
"Jun 19, 2023","3,181.88","3,209.72","3,209.72","3,148.22","","-0.16%"
"Jun 16, 2023","3,186.90","3,146.60","3,198.11","3,127.11","","+1.19%"
"Jun 15, 2023","3,149.48","3,120.82","3,172.54","3,110.99","","+0.56%"
"Jun 14, 2023","3,131.98","3,091.17","3,158.13","3,089.03","","+2.66%"
"Jun 13, 2023","3,050.93","3,016.14","3,061.70","3,015.99","","+1.95%"
"Jun 12, 2023","2,992.52","2,969.38","2,994.73","2,969.02","","+0.59%"
"Jun 09, 2023","2,975.00","2,920.46","2,977.21","2,918.14","","+3.19%"
"Jun 08, 2023","2,882.96","2,897.90","2,917.41","2,866.56","","+0.11%"
"Jun 07, 2023","2,879.70","2,932.15","2,935.66","2,869.05","","-1.51%"
"Jun 06, 2023","2,923.73","2,840.23","2,923.84","2,834.89","","+2.51%"
"Jun 05, 2023","2,852.11","2,833.56","2,860.03","2,833.56","","+2.23%"
"Jun 02, 2023","2,789.87","2,776.22","2,789.87","2,762.67","","+1.74%"
"Jun 01, 2023","2,742.10","2,718.15","2,748.84","2,718.15","","+1.65%"
"May 31, 2023","2,697.67","2,790.90","2,790.90","2,697.67","","-4.46%"
"May 30, 2023","2,823.72","2,816.60","2,827.60","2,797.56","","+0.15%"
"May 29, 2023","2,819.39","2,787.83","2,836.94","2,786.83","","+2.70%"
"May 26, 2023","2,745.28","2,741.44","2,763.56","2,739.74","","+0.71%"
"May 25, 2023","2,725.93","2,715.93","2,734.88","2,715.93","","-0.27%"
"May 24, 2023","2,733.40","2,733.98","2,749.50","2,731.17","","-0.22%"
"May 23, 2023","2,739.47","2,771.12","2,789.38","2,728.91","","-0.63%"
"May 22, 2023","2,756.94","2,731.10","2,757.72","2,721.45","","+0.70%"
"May 19, 2023","2,737.83","2,752.01","2,775.01","2,735.32","","-0.04%"
"May 18, 2023","2,738.98","2,716.46","2,740.01","2,709.91","","+1.91%"
"May 17, 2023","2,687.77","2,682.61","2,693.70","2,678.41","","+0.11%"
"May 16, 2023","2,684.89","2,696.93","2,696.93","2,677.96","","+0.13%"
"May 15, 2023","2,681.50","2,673.03","2,685.25","2,667.78","","+0.82%"
"May 12, 2023","2,659.61","2,659.52","2,670.87","2,646.50","","+0.18%"
"May 11, 2023","2,654.71","2,642.21","2,656.64","2,634.84","","-0.45%"
"May 10, 2023","2,666.81","2,678.79","2,702.99","2,660.54","","-0.05%"
"May 09, 2023","2,668.18","2,590.32","2,668.18","2,590.32","","+2.68%"
"May 08, 2023","2,598.42","2,602.93","2,613.31","2,590.74","","+0.29%"
"May 02, 2023","2,591.02","2,620.79","2,622.43","2,582.04","","-0.74%"
"May 01, 2023","2,610.28","2,608.15","2,614.33","2,597.76","","+1.32%"
"Apr 28, 2023","2,576.30","2,579.46","2,579.46","2,551.50","","+0.74%"
"Apr 27, 2023","2,557.31","2,534.00","2,558.89","2,530.06","","+0.49%"
"Apr 26, 2023","2,544.88","2,543.70","2,552.60","2,535.12","","-0.88%"
"Apr 25, 2023","2,567.56","2,579.03","2,589.05","2,566.53","","+0.21%"
"Apr 24, 2023","2,562.29","2,566.29","2,567.88","2,557.22","","-0.14%"
"Apr 21, 2023","2,565.78","2,556.57","2,580.23","2,556.57","","+0.04%"
"Apr 20, 2023","2,564.80","2,558.57","2,568.14","2,549.30","","-0.61%"
"Apr 19, 2023","2,580.53","2,589.13","2,600.77","2,568.04","","-0.03%"
"Apr 18, 2023","2,581.20","2,564.28","2,590.38","2,558.81","","+0.89%"
"Apr 17, 2023","2,558.43","2,569.68","2,571.03","2,545.00","","-0.65%"
"Apr 14, 2023","2,575.27","2,533.96","2,585.06","2,533.85","","+2.13%"
"Apr 13, 2023","2,521.48","2,523.15","2,529.80","2,500.69","","+0.03%"
"Apr 12, 2023","2,520.62","2,502.26","2,525.35","2,498.07","","+1.95%"
"Apr 11, 2023","2,472.46","2,435.38","2,478.08","2,429.78","","+2.30%"
"Apr 10, 2023","2,416.95","2,420.73","2,425.43","2,410.54","","+0.52%"
"Apr 07, 2023","2,404.44","2,397.33","2,409.18","2,395.09","","+0.35%"
"Apr 06, 2023","2,396.06","2,386.46","2,410.51","2,386.43","","-0.66%"
"Apr 05, 2023","2,411.96","2,447.80","2,451.77","2,409.84","","-2.85%"
"Apr 04, 2023","2,482.68","2,490.49","2,499.01","2,479.38","","+0.06%"
"Apr 03, 2023","2,481.18","2,480.56","2,484.17","2,463.66","","+0.57%"
"Mar 31, 2023","2,467.08","2,424.90","2,477.03","2,424.90","","+2.63%"
"Mar 30, 2023","2,403.91","2,401.63","2,408.66","2,386.77","","-1.22%"
"Mar 29, 2023","2,433.59","2,406.01","2,433.59","2,396.38","","+1.32%"
"Mar 28, 2023","2,401.80","2,407.14","2,417.36","2,391.67","","+0.71%"
"Mar 27, 2023","2,384.94","2,378.89","2,389.68","2,363.82","","+1.18%"
"Mar 24, 2023","2,357.08","2,354.58","2,361.48","2,345.48","","-0.58%"
"Mar 23, 2023","2,370.76","2,355.49","2,375.97","2,341.31","","-0.06%"
"Mar 22, 2023","2,372.28","2,373.60","2,381.88","2,365.84","","+1.68%"
"Mar 20, 2023","2,332.97","2,345.37","2,367.60","2,331.82","","-1.30%"
"Mar 17, 2023","2,363.71","2,359.98","2,372.47","2,350.03","","+1.05%"
"Mar 16, 2023","2,339.06","2,373.35","2,373.35","2,327.41","","-3.15%"
"Mar 15, 2023","2,415.06","2,424.47","2,432.12","2,405.25","","+1.05%"
"Mar 14, 2023","2,390.03","2,432.41","2,432.41","2,373.99","","-3.34%"
"Mar 13, 2023","2,472.57","2,480.60","2,480.60","2,445.21","","-1.73%"
"Mar 10, 2023","2,516.05","2,532.79","2,545.69","2,514.71","","-2.00%"
"Mar 09, 2023","2,567.34","2,558.21","2,569.36","2,553.95","","+0.99%"
"Mar 08, 2023","2,542.25","2,545.42","2,553.32","2,535.25","","-0.22%"
"Mar 07, 2023","2,547.95","2,534.77","2,554.72","2,526.93","","+0.65%"
"Mar 06, 2023","2,531.60","2,519.81","2,532.96","2,512.92","","+1.49%"
"Mar 03, 2023","2,494.43","2,460.49","2,495.68","2,455.06","","+2.40%"
"Mar 02, 2023","2,435.98","2,440.96","2,461.26","2,430.89","","+0.25%"
"Mar 01, 2023","2,429.82","2,393.75","2,429.82","2,393.75","","+2.01%"
"Feb 28, 2023","2,382.00","2,410.83","2,411.49","2,379.71","","-0.76%"
"Feb 27, 2023","2,400.36","2,390.53","2,403.21","2,383.00","","+0.15%"
"Feb 24, 2023","2,396.87","2,388.94","2,397.49","2,383.38","","+0.38%"
"Feb 22, 2023","2,387.74","2,405.49","2,406.13","2,383.89","","-1.09%"
"Feb 21, 2023","2,414.12","2,395.82","2,422.18","2,393.69","","+0.86%"
"Feb 20, 2023","2,393.54","2,400.66","2,400.66","2,389.24","","-0.21%"
"Feb 17, 2023","2,398.65","2,379.14","2,398.65","2,379.14","","+0.10%"
"Feb 16, 2023","2,396.14","2,402.00","2,404.18","2,391.19","","+0.31%"
"Feb 15, 2023","2,388.74","2,412.73","2,415.23","2,386.14","","-0.69%"
"Feb 14, 2023","2,405.26","2,408.46","2,415.88","2,396.02","","+0.60%"
"Feb 13, 2023","2,390.90","2,404.53","2,404.53","2,381.45","","-0.38%"
"Feb 10, 2023","2,400.10","2,403.02","2,434.03","2,397.29","","-0.09%"
"Feb 09, 2023","2,402.22","2,375.74","2,405.55","2,374.81","","+0.85%"
"Feb 08, 2023","2,381.91","2,386.60","2,398.12","2,376.33","","+0.32%"
"Feb 07, 2023","2,374.34","2,375.84","2,388.91","2,365.18","","+0.31%"
"Feb 06, 2023","2,367.11","2,345.40","2,376.21","2,344.99","","+2.38%"
"Feb 03, 2023","2,312.18","2,284.23","2,314.97","2,277.29","","+0.07%"
"Feb 02, 2023","2,310.58","2,347.91","2,352.68","2,307.80","","-1.51%"
"Feb 01, 2023","2,346.00","2,355.31","2,364.29","2,344.81","","+0.53%"
"Jan 31, 2023","2,333.69","2,344.73","2,350.42","2,332.02","","-0.31%"
"Jan 30, 2023","2,340.84","2,359.06","2,359.06","2,336.27","","-0.77%"
"Jan 27, 2023","2,358.97","2,365.05","2,366.89","2,356.59","","+0.54%"
"Jan 26, 2023","2,346.25","2,356.66","2,364.73","2,342.22","","-0.02%"
"Jan 25, 2023","2,346.75","2,338.46","2,359.08","2,338.46","","-0.25%"
"Jan 24, 2023","2,352.66","2,329.31","2,360.14","2,329.31","","+1.73%"
"Jan 23, 2023","2,312.63","2,305.88","2,315.16","2,295.13","","+1.09%"
"Jan 20, 2023","2,287.64","2,274.12","2,292.19","2,271.96","","+0.69%"
"Jan 19, 2023","2,272.07","2,286.49","2,291.46","2,271.67","","-1.24%"
"Jan 18, 2023","2,300.53","2,275.36","2,304.94","2,262.24","","+1.62%"
"Jan 17, 2023","2,263.81","2,256.18","2,265.19","2,253.18","","+0.91%"
"Jan 16, 2023","2,243.50","2,243.26","2,252.02","2,232.55","","-0.84%"
"Jan 13, 2023","2,262.61","2,262.91","2,275.11","2,254.34","","-0.12%"
"Jan 12, 2023","2,265.38","2,258.19","2,270.62","2,253.99","","+0.35%"
"Jan 11, 2023","2,257.46","2,239.28","2,259.74","2,239.28","","+1.29%"
"Jan 10, 2023","2,228.73","2,237.53","2,244.86","2,228.58","","+0.51%"
"Jan 06, 2023","2,217.48","2,218.23","2,229.24","2,213.96","","-0.39%"
"Jan 05, 2023","2,226.08","2,224.35","2,237.07","2,216.20","","-0.26%"
"Jan 04, 2023","2,231.83","2,263.25","2,263.25","2,231.83","","-2.22%"
"Dec 30, 2022","2,282.44","2,292.87","2,297.27","2,282.44","","-0.21%"
"Dec 29, 2022","2,287.25","2,278.77","2,288.64","2,261.44","","-0.90%"
"Dec 28, 2022","2,308.13","2,305.99","2,308.95","2,292.65","","+0.09%"
"Dec 27, 2022","2,306.04","2,313.07","2,314.58","2,300.67","","+0.39%"
"Dec 26, 2022","2,297.07","2,281.73","2,300.42","2,281.65","","+0.89%"
"Dec 23, 2022","2,276.75","2,277.76","2,284.05","2,265.35","","-1.08%"
"Dec 22, 2022","2,301.55","2,294.29","2,304.07","2,288.75","","+0.79%"
"Dec 21, 2022","2,283.43","2,297.60","2,306.48","2,278.06","","-0.57%"
"Dec 20, 2022","2,296.60","2,331.01","2,350.43","2,283.24","","-1.11%"
"Dec 19, 2022","2,322.49","2,321.58","2,332.99","2,318.00","","-0.50%"
"Dec 16, 2022","2,334.12","2,353.78","2,357.45","2,333.20","","-1.65%"
"Dec 15, 2022","2,373.17","2,347.53","2,378.77","2,346.71","","+0.71%"
"Dec 14, 2022","2,356.33","2,345.93","2,357.18","2,344.68","","+0.56%"
"Dec 13, 2022","2,343.19","2,358.20","2,361.54","2,342.86","","+0.55%"
"Dec 12, 2022","2,330.33","2,334.32","2,342.12","2,330.33","","-0.72%"
"Dec 09, 2022","2,347.30","2,347.73","2,371.14","2,347.30","","+1.05%"
"Dec 08, 2022","2,322.99","2,325.52","2,329.22","2,307.11","","+0.22%"
"Dec 07, 2022","2,317.85","2,308.41","2,330.37","2,308.41","","-0.02%"
"Dec 06, 2022","2,318.20","2,296.98","2,322.98","2,296.98","","+0.88%"
"Dec 05, 2022","2,297.95","2,294.79","2,297.95","2,280.19","","+0.29%"
"Dec 02, 2022","2,291.26","2,309.21","2,309.21","2,280.80","","-2.23%"
"Dec 01, 2022","2,343.64","2,351.61","2,366.20","2,343.64","","-0.64%"
"Nov 30, 2022","2,358.73","2,350.85","2,363.96","2,347.42","","-0.31%"
"Nov 29, 2022","2,366.16","2,370.47","2,370.47","2,346.31","","-0.52%"
"Nov 28, 2022","2,378.52","2,407.25","2,409.97","2,365.73","","-1.15%"
"Nov 25, 2022","2,406.25","2,405.70","2,407.54","2,395.82","","-0.25%"
"Nov 24, 2022","2,412.39","2,383.41","2,416.27","2,383.41","","+2.64%"
"Nov 22, 2022","2,350.39","2,327.08","2,360.77","2,326.28","","+1.83%"
"Nov 21, 2022","2,308.22","2,284.59","2,327.41","2,283.22","","+1.12%"
"Nov 18, 2022","2,282.68","2,286.64","2,297.56","2,278.58","","+0.03%"
"Nov 17, 2022","2,281.91","2,292.80","2,293.46","2,278.61","","-0.96%"
"Nov 16, 2022","2,304.02","2,286.68","2,310.12","2,286.68","","+1.24%"
"Nov 15, 2022","2,275.85","2,268.74","2,282.58","2,268.74","","+0.45%"
"Nov 14, 2022","2,265.63","2,276.71","2,276.71","2,259.98","","-1.11%"
"Nov 11, 2022","2,291.06","2,301.47","2,305.62","2,282.28","","+0.93%"
"Nov 10, 2022","2,269.93","2,257.18","2,279.42","2,254.64","","+0.12%"
"Nov 09, 2022","2,267.10","2,268.75","2,275.07","2,260.48","","+0.58%"
"Nov 08, 2022","2,254.02","2,254.42","2,271.20","2,236.93","","+0.73%"
"Nov 07, 2022","2,237.62","2,222.79","2,243.97","2,214.12","","+1.72%"
"Nov 04, 2022","2,199.77","2,207.98","2,219.00","2,179.10","","+0.30%"
"Nov 02, 2022","2,193.29","2,182.92","2,201.97","2,177.63","","+0.96%"
"Nov 01, 2022","2,172.43","2,129.08","2,172.43","2,127.97","","+3.30%"
"Oct 31, 2022","2,103.03","2,095.36","2,104.71","2,085.39","","+1.43%"
"Oct 28, 2022","2,073.33","2,080.34","2,089.33","2,071.17","","-0.93%"
"Oct 27, 2022","2,092.87","2,109.11","2,111.37","2,092.87","","-0.85%"
"Oct 26, 2022","2,110.78","2,109.61","2,119.75","2,106.49","","+0.13%"
"Oct 25, 2022","2,108.11","2,086.66","2,110.64","2,084.44","","+1.26%"
"Oct 24, 2022","2,081.84","2,097.62","2,098.72","2,078.70","","+0.68%"
"Oct 21, 2022","2,067.75","2,081.51","2,081.51","2,067.75","","-0.92%"
"Oct 20, 2022","2,086.95","2,078.61","2,093.56","2,078.55","","-0.38%"
"Oct 19, 2022","2,094.93","2,088.09","2,100.90","2,087.19","","+0.11%"
"Oct 18, 2022","2,092.65","2,092.98","2,099.77","2,080.13","","+1.05%"
"Oct 17, 2022","2,070.90","2,083.27","2,088.10","2,068.75","","-2.12%"
"Oct 14, 2022","2,115.68","2,091.12","2,126.46","2,087.17","","+2.98%"
"Oct 13, 2022","2,054.41","2,073.86","2,076.61","2,054.41","","-1.38%"
"Oct 12, 2022","2,083.14","2,081.63","2,089.39","2,067.58","","-0.46%"
"Oct 11, 2022","2,092.72","2,103.72","2,113.55","2,090.35","","-1.79%"
"Oct 07, 2022","2,130.76","2,131.60","2,144.37","2,128.19","","-1.26%"
"Oct 06, 2022","2,157.86","2,153.99","2,176.79","2,153.99","","+0.81%"
"Oct 05, 2022","2,140.62","2,155.03","2,167.48","2,136.69","","+0.08%"
"Oct 04, 2022","2,138.92","2,068.29","2,141.27","2,068.29","","+5.33%"
"Oct 03, 2022","2,030.74","2,013.13","2,030.98","1,991.44","","+1.10%"
"Sep 30, 2022","2,008.68","2,041.18","2,047.87","2,001.37","","-2.12%"
"Sep 29, 2022","2,052.12","2,039.70","2,055.21","2,024.57","","+0.14%"
"Sep 28, 2022","2,049.16","2,045.31","2,058.60","2,026.33","","-0.29%"
"Sep 27, 2022","2,055.06","2,051.02","2,073.99","2,049.07","","+0.60%"
"Sep 26, 2022","2,042.90","2,098.71","2,100.02","2,042.90","","-4.23%"
"Sep 22, 2022","2,133.17","2,112.72","2,137.54","2,110.57","","+0.55%"
"Sep 21, 2022","2,121.46","2,132.20","2,139.89","2,121.23","","-1.75%"
"Sep 20, 2022","2,159.26","2,153.02","2,169.05","2,153.02","","+0.99%"
"Sep 16, 2022","2,138.01","2,137.95","2,151.43","2,135.22","","-0.70%"
"Sep 15, 2022","2,153.16","2,143.29","2,153.16","2,143.00","","-0.04%"
"Sep 14, 2022","2,153.99","2,143.45","2,164.36","2,135.09","","-1.01%"
"Sep 13, 2022","2,175.90","2,168.22","2,177.06","2,158.95","","+0.59%"
"Sep 12, 2022","2,163.07","2,174.03","2,174.03","2,157.08","","+0.59%"
"Sep 09, 2022","2,150.42","2,139.64","2,152.56","2,135.26","","+0.45%"
"Sep 08, 2022","2,140.76","2,117.99","2,140.76","2,111.35","","+1.71%"
"Sep 07, 2022","2,104.73","2,103.29","2,107.79","2,088.13","","-0.65%"
"Sep 06, 2022","2,118.58","2,126.33","2,128.66","2,111.65","","-0.02%"
"Sep 05, 2022","2,118.99","2,115.70","2,122.27","2,103.49","","+0.52%"
"Sep 02, 2022","2,108.10","2,123.39","2,123.39","2,087.26","","-0.57%"
"Sep 01, 2022","2,120.15","2,156.17","2,164.61","2,120.15","","-2.82%"
"Aug 31, 2022","2,181.69","2,185.53","2,188.46","2,174.77","","-1.24%"
"Aug 30, 2022","2,209.14","2,186.84","2,209.14","2,186.04","","+1.91%"
"Aug 29, 2022","2,167.84","2,155.16","2,171.94","2,153.27","","-1.12%"
"Aug 26, 2022","2,192.40","2,186.95","2,207.32","2,185.96","","+0.74%"
"Aug 25, 2022","2,176.34","2,165.08","2,180.46","2,162.91","","+0.55%"
"Aug 24, 2022","2,164.47","2,158.04","2,175.52","2,157.35","","+0.96%"
"Aug 23, 2022","2,143.88","2,152.46","2,156.62","2,141.76","","-0.70%"
"Aug 22, 2022","2,158.96","2,132.87","2,159.91","2,130.79","","+0.71%"
"Aug 19, 2022","2,143.73","2,141.11","2,144.64","2,133.45","","+0.73%"
"Aug 18, 2022","2,128.12","2,129.26","2,135.13","2,121.66","","-0.75%"
"Aug 17, 2022","2,144.27","2,124.30","2,144.27","2,123.21","","+1.52%"
"Aug 16, 2022","2,112.11","2,105.97","2,112.11","2,101.81","","-0.25%"
"Aug 15, 2022","2,117.48","2,113.22","2,117.48","2,108.55","","+0.14%"
"Aug 12, 2022","2,114.56","2,086.57","2,114.56","2,086.34","","+2.55%"
"Aug 10, 2022","2,061.91","2,069.19","2,072.24","2,057.20","","0.00%"
"Aug 09, 2022","2,061.99","2,085.06","2,094.06","2,060.80","","-1.12%"
"Aug 08, 2022","2,085.45","2,068.68","2,088.19","2,068.68","","+0.92%"
"Aug 05, 2022","2,066.39","2,030.84","2,071.40","2,029.83","","+1.27%"
"Aug 04, 2022","2,040.38","2,047.01","2,053.87","2,028.49","","-0.84%"
"Aug 03, 2022","2,057.64","2,033.93","2,058.28","2,029.49","","+1.37%"
"Aug 02, 2022","2,029.89","2,051.59","2,055.54","2,023.02","","-2.48%"
"Aug 01, 2022","2,081.50","2,042.07","2,081.50","2,042.07","","+2.69%"
"Jul 29, 2022","2,026.94","2,038.93","2,043.36","2,021.54","","-0.54%"
"Jul 28, 2022","2,037.89","2,041.60","2,046.06","2,027.16","","+0.04%"
"Jul 27, 2022","2,037.09","2,024.16","2,038.29","2,023.71","","+0.25%"
"Jul 26, 2022","2,032.08","2,042.66","2,047.78","2,029.09","","+0.23%"
"Jul 25, 2022","2,027.44","2,023.66","2,036.02","2,023.66","","-0.17%"
"Jul 22, 2022","2,030.94","2,030.01","2,035.10","2,022.49","","-0.42%"
"Jul 21, 2022","2,039.46","2,033.51","2,042.12","2,029.34","","-0.43%"
"Jul 20, 2022","2,048.35","2,029.09","2,048.35","2,019.50","","+2.42%"
"Jul 19, 2022","2,000.00","2,006.98","2,013.07","1,994.71","","+1.04%"
"Jul 15, 2022","1,979.40","1,982.76","1,987.85","1,964.89","","+0.06%"
"Jul 14, 2022","1,978.27","1,955.04","1,981.10","1,951.99","","+0.48%"
"Jul 13, 2022","1,968.76","1,965.37","1,973.90","1,961.85","","-0.28%"
"Jul 12, 2022","1,974.33","2,003.76","2,003.76","1,971.24","","-1.62%"
"Jul 11, 2022","2,006.77","2,007.69","2,017.94","1,998.87","","+1.31%"
"Jul 08, 2022","1,980.77","1,975.04","2,003.69","1,972.70","","+1.07%"
"Jul 07, 2022","1,959.82","1,955.80","1,960.43","1,929.77","","+0.86%"
"Jul 06, 2022","1,943.11","1,977.83","1,979.43","1,928.53","","-3.07%"
"Jul 05, 2022","2,004.66","2,010.39","2,012.73","1,998.52","","+0.45%"
"Jul 04, 2022","1,995.74","1,971.00","1,996.01","1,968.36","","+2.37%"
"Jul 01, 2022","1,949.48","1,987.56","1,991.01","1,935.96","","-2.26%"
"Jun 30, 2022","1,994.50","2,004.29","2,023.62","1,992.80","","-1.12%"
"Jun 29, 2022","2,017.15","2,022.15","2,037.63","2,017.15","","-0.35%"
"Jun 28, 2022","2,024.26","1,999.66","2,024.26","1,999.66","","+1.79%"
"Jun 27, 2022","1,988.73","1,990.21","1,994.82","1,967.48","","+1.25%"
"Jun 24, 2022","1,964.19","1,950.73","1,964.19","1,933.75","","+0.28%"
"Jun 23, 2022","1,958.79","1,980.24","2,000.19","1,953.82","","-1.27%"
"Jun 22, 2022","1,983.96","2,039.73","2,039.73","1,983.96","","-2.34%"
"Jun 21, 2022","2,031.59","2,012.49","2,036.71","1,997.05","","+2.29%"
"Jun 20, 2022","1,986.08","2,037.36","2,042.19","1,981.37","","-3.04%"
"Jun 17, 2022","2,048.31","2,039.55","2,057.55","2,018.49","","-1.25%"
"Jun 16, 2022","2,074.19","2,078.38","2,103.39","2,070.45","","+0.83%"
"Jun 15, 2022","2,057.07","2,097.46","2,101.50","2,057.07","","-2.11%"
"Jun 14, 2022","2,101.31","2,089.18","2,102.28","2,080.11","","-1.12%"
"Jun 13, 2022","2,125.18","2,145.42","2,150.21","2,121.02","","-2.47%"
"Jun 10, 2022","2,179.05","2,190.84","2,206.76","2,177.21","","-1.45%"
"Jun 09, 2022","2,211.19","2,195.62","2,221.55","2,188.24","","+0.65%"
"Jun 08, 2022","2,196.88","2,150.78","2,196.88","2,150.78","","+2.66%"
"Jun 07, 2022","2,139.89","2,129.29","2,145.54","2,128.24","","+0.89%"
"Jun 06, 2022","2,121.07","2,088.50","2,121.45","2,086.95","","+0.76%"
"Jun 03, 2022","2,105.17","2,125.46","2,125.46","2,095.76","","+0.01%"
"Jun 02, 2022","2,104.98","2,114.83","2,115.84","2,100.24","","-0.40%"
"Jun 01, 2022","2,113.40","2,088.63","2,114.32","2,084.30","","+1.49%"
"May 31, 2022","2,082.28","2,094.27","2,111.52","2,076.33","","-0.61%"
"May 30, 2022","2,095.12","2,092.37","2,101.79","2,077.36","","+1.42%"
"May 27, 2022","2,065.85","2,083.16","2,083.16","2,061.42","","-0.03%"
"May 26, 2022","2,066.41","2,079.86","2,093.90","2,066.41","","-0.27%"
"May 25, 2022","2,071.98","2,061.64","2,079.17","2,056.24","","+0.90%"
"May 24, 2022","2,053.41","2,070.23","2,074.47","2,051.55","","+0.04%"
"May 23, 2022","2,052.67","2,059.06","2,062.38","2,047.42","","+0.31%"
"May 20, 2022","2,046.38","2,026.72","2,054.88","2,020.87","","+1.51%"
"May 19, 2022","2,015.87","2,001.10","2,018.77","1,984.74","","-1.14%"
"May 18, 2022","2,039.02","2,036.30","2,047.33","2,023.57","","+1.04%"
"May 17, 2022","2,018.07","2,014.22","2,028.14","2,004.93","","+1.00%"
"May 16, 2022","1,998.07","2,045.70","2,045.70","1,996.08","","-1.22%"
"May 13, 2022","2,022.74","2,004.26","2,028.04","1,995.47","","+1.07%"
"May 12, 2022","2,001.29","2,007.13","2,031.96","2,001.29","","-0.06%"
"May 11, 2022","2,002.44","2,002.99","2,005.60","1,972.11","","-1.37%"
"May 10, 2022","2,030.28","2,085.46","2,086.72","2,027.42","","-3.96%"
"May 09, 2022","2,113.96","2,157.34","2,160.70","2,109.35","","-2.76%"
"May 06, 2022","2,173.90","2,146.43","2,184.11","2,145.41","","+2.05%"
"May 02, 2022","2,130.29","2,141.02","2,147.44","2,115.24","","+0.13%"
"Apr 28, 2022","2,127.43","2,086.89","2,130.25","2,084.33","","+3.19%"
"Apr 27, 2022","2,061.66","2,058.53","2,077.32","2,055.08","","-1.35%"
"Apr 26, 2022","2,089.81","2,106.40","2,109.33","2,084.96","","-0.90%"
"Apr 25, 2022","2,108.81","2,108.74","2,125.24","2,099.06","","-1.78%"
"Apr 22, 2022","2,147.01","2,158.38","2,158.38","2,141.09","","-1.08%"
"Apr 21, 2022","2,170.56","2,163.76","2,173.75","2,159.51","","-0.23%"
"Apr 20, 2022","2,175.53","2,174.64","2,185.20","2,163.93","","+0.79%"
"Apr 19, 2022","2,158.49","2,155.97","2,160.81","2,139.83","","+1.06%"
"Apr 18, 2022","2,135.93","2,130.28","2,143.01","2,112.18","","-0.32%"
"Apr 15, 2022","2,142.73","2,125.66","2,152.87","2,121.94","","-0.30%"
"Apr 14, 2022","2,149.22","2,129.63","2,150.96","2,126.56","","+1.65%"
"Apr 13, 2022","2,114.35","2,083.69","2,118.41","2,076.85","","+2.04%"
"Apr 12, 2022","2,072.18","2,083.60","2,094.32","2,066.07","","-1.29%"
"Apr 11, 2022","2,099.16","2,098.67","2,108.86","2,083.29","","+0.70%"
"Apr 08, 2022","2,084.59","2,119.55","2,119.55","2,068.56","","-1.21%"
"Apr 07, 2022","2,110.05","2,112.21","2,114.66","2,081.21","","-1.48%"
"Apr 06, 2022","2,141.65","2,151.76","2,157.09","2,139.20","","-0.83%"
"Apr 05, 2022","2,159.50","2,191.68","2,199.94","2,148.83","","-1.16%"
"Apr 04, 2022","2,184.86","2,192.91","2,195.03","2,176.54","","-0.40%"
"Apr 01, 2022","2,193.63","2,185.80","2,198.33","2,170.93","","-0.38%"
"Mar 31, 2022","2,202.07","2,199.10","2,235.27","2,196.79","","-0.77%"
"Mar 30, 2022","2,219.05","2,220.13","2,233.01","2,188.01","","-2.04%"
"Mar 29, 2022","2,265.25","2,259.41","2,265.25","2,244.99","","+0.58%"
"Mar 28, 2022","2,252.17","2,267.65","2,277.10","2,238.67","","-0.54%"
"Mar 25, 2022","2,264.41","2,258.34","2,270.86","2,251.60","","+0.84%"
"Mar 24, 2022","2,245.60","2,226.40","2,245.60","2,220.96","","+0.42%"
"Mar 23, 2022","2,236.12","2,215.36","2,238.77","2,192.22","","+0.97%"
"Mar 22, 2022","2,214.67","2,160.40","2,219.71","2,160.40","","+3.86%"
"Mar 18, 2022","2,132.37","2,111.94","2,138.07","2,111.94","","+0.71%"
"Mar 17, 2022","2,117.30","2,103.06","2,121.22","2,101.99","","+1.63%"
"Mar 16, 2022","2,083.38","2,068.75","2,094.42","2,067.78","","+1.02%"
"Mar 15, 2022","2,062.43","2,071.68","2,081.18","2,051.48","","-0.71%"
"Mar 14, 2022","2,077.12","2,076.66","2,090.03","2,070.38","","+0.59%"
"Mar 11, 2022","2,065.03","2,051.23","2,076.16","2,049.46","","+0.30%"
"Mar 10, 2022","2,058.93","2,004.18","2,058.93","2,004.18","","+2.70%"
"Mar 09, 2022","2,004.72","2,006.80","2,030.48","1,999.78","","+0.45%"
"Mar 08, 2022","1,995.72","2,076.43","2,080.69","1,989.15","","-3.93%"
"Mar 07, 2022","2,077.27","2,076.81","2,095.17","2,061.16","","+1.15%"
"Mar 04, 2022","2,053.72","2,061.93","2,080.55","2,036.15","","-0.38%"
"Mar 03, 2022","2,061.60","2,036.25","2,066.60","2,036.25","","+2.91%"
"Mar 02, 2022","2,003.29","1,996.55","2,021.85","1,985.29","","-0.20%"
"Mar 01, 2022","2,007.34","2,015.47","2,024.75","2,005.52","","+0.39%"
"Feb 28, 2022","1,999.50","2,009.23","2,009.23","1,973.19","","-0.81%"
"Feb 25, 2022","2,015.75","1,987.21","2,018.64","1,985.47","","+2.13%"
"Feb 24, 2022","1,973.67","1,998.13","2,003.93","1,956.03","","-2.35%"
"Feb 22, 2022","2,021.22","2,028.25","2,031.82","2,006.37","","-1.70%"
"Feb 21, 2022","2,056.20","2,044.63","2,056.87","2,036.84","","-0.53%"
"Feb 18, 2022","2,067.24","2,046.16","2,073.21","2,045.62","","-0.10%"
"Feb 17, 2022","2,069.38","2,057.98","2,070.47","2,050.31","","+1.45%"
"Feb 16, 2022","2,039.85","2,037.56","2,047.17","2,033.40","","+1.13%"
"Feb 15, 2022","2,017.08","2,047.48","2,058.67","2,011.80","","-1.51%"
"Feb 14, 2022","2,047.97","2,036.78","2,053.11","2,024.43","","-0.21%"
"Feb 10, 2022","2,052.31","2,055.72","2,058.50","2,038.07","","+0.57%"
"Feb 09, 2022","2,040.71","2,027.79","2,048.69","2,025.76","","+1.03%"
"Feb 08, 2022","2,019.96","2,005.27","2,027.50","2,004.49","","+1.04%"
"Feb 07, 2022","1,999.20","1,990.00","2,000.75","1,970.49","","+0.08%"
"Feb 04, 2022","1,997.58","1,990.68","2,000.20","1,967.66","","+1.06%"
"Feb 03, 2022","1,976.63","1,993.36","2,020.88","1,970.31","","-0.72%"
"Feb 02, 2022","1,990.95","1,949.27","1,992.85","1,948.93","","+2.17%"
"Feb 01, 2022","1,948.57","1,955.36","1,967.86","1,945.17","","-0.39%"
"Jan 31, 2022","1,956.29","1,936.80","1,961.79","1,930.16","","+0.44%"
"Jan 28, 2022","1,947.73","1,926.32","1,950.64","1,922.44","","+2.32%"
"Jan 27, 2022","1,903.53","1,951.80","1,963.13","1,899.65","","-1.25%"
"Jan 26, 2022","1,927.71","1,940.24","1,949.66","1,923.51","","-0.33%"
"Jan 25, 2022","1,934.04","1,946.63","1,946.63","1,917.57","","-1.43%"
"Jan 24, 2022","1,962.18","1,948.23","1,965.57","1,938.60","","+0.56%"
"Jan 21, 2022","1,951.19","1,952.93","1,955.91","1,932.49","","-0.44%"
"Jan 20, 2022","1,959.86","1,935.58","1,966.33","1,930.91","","+1.48%"
"Jan 19, 2022","1,931.31","1,942.71","1,960.89","1,925.77","","-1.95%"
"Jan 18, 2022","1,969.68","1,992.25","1,996.42","1,964.34","","-0.87%"
"Jan 17, 2022","1,987.05","1,992.23","2,007.20","1,984.47","","+0.69%"
"Jan 14, 2022","1,973.46","1,991.79","1,991.79","1,961.95","","-1.77%"
"Jan 13, 2022","2,009.01","1,987.96","2,013.47","1,987.96","","+1.23%"
"Jan 12, 2022","1,984.54","1,961.22","1,986.08","1,957.92","","+1.57%"
"Jan 11, 2022","1,953.89","1,959.01","1,960.35","1,936.23","","-0.22%"
"Jan 07, 2022","1,958.18","1,975.11","1,978.31","1,951.50","","-0.30%"
"Jan 06, 2022","1,964.17","1,992.60","1,996.33","1,963.72","","-1.54%"
"Jan 05, 2022","1,994.85","1,982.11","1,997.68","1,978.40","","+1.13%"
"Jan 04, 2022","1,972.52","1,966.95","1,972.74","1,949.84","","+1.14%"
"Dec 30, 2021","1,950.36","1,949.99","1,958.46","1,940.64","","-0.23%"
"Dec 29, 2021","1,954.83","1,953.50","1,962.45","1,947.68","","+0.28%"
"Dec 28, 2021","1,949.43","1,943.32","1,951.70","1,938.18","","+1.22%"
"Dec 27, 2021","1,926.02","1,936.03","1,937.47","1,922.00","","-0.39%"
"Dec 24, 2021","1,933.61","1,940.34","1,944.44","1,929.29","","-0.07%"
"Dec 23, 2021","1,934.91","1,915.78","1,934.91","1,915.78","","+1.54%"
"Dec 22, 2021","1,905.60","1,918.05","1,923.01","1,902.17","","-0.07%"
"Dec 21, 2021","1,906.87","1,902.25","1,913.06","1,893.29","","+1.34%"
"Dec 20, 2021","1,881.64","1,904.47","1,908.23","1,879.98","","-2.06%"
"Dec 17, 2021","1,921.20","1,930.52","1,937.58","1,912.37","","-0.18%"
"Dec 16, 2021","1,924.74","1,921.56","1,926.43","1,913.67","","+1.12%"
"Dec 15, 2021","1,903.35","1,887.48","1,904.95","1,887.48","","+0.94%"
"Dec 14, 2021","1,885.63","1,886.97","1,896.10","1,879.20","","-0.07%"
"Dec 13, 2021","1,886.92","1,903.18","1,903.90","1,884.27","","-0.04%"
"Dec 10, 2021","1,887.75","1,902.29","1,909.27","1,885.31","","-0.29%"
"Dec 09, 2021","1,893.19","1,907.69","1,909.08","1,893.19","","-0.84%"
"Dec 08, 2021","1,909.15","1,911.84","1,918.45","1,901.53","","-0.24%"
"Dec 07, 2021","1,913.65","1,873.02","1,916.40","1,873.02","","+3.06%"
"Dec 06, 2021","1,856.75","1,875.29","1,878.64","1,852.72","","-0.12%"
"Dec 03, 2021","1,859.02","1,846.30","1,861.23","1,836.73","","+1.73%"
"Dec 02, 2021","1,827.44","1,819.93","1,836.98","1,819.60","","-0.38%"
"Dec 01, 2021","1,834.46","1,823.57","1,844.63","1,815.81","","+0.52%"
"Nov 30, 2021","1,824.91","1,873.85","1,883.69","1,824.91","","-1.25%"
"Nov 29, 2021","1,847.99","1,858.93","1,874.60","1,844.80","","-2.27%"
"Nov 26, 2021","1,890.91","1,919.34","1,919.34","1,882.08","","-2.16%"
"Nov 25, 2021","1,932.74","1,919.11","1,936.46","1,916.85","","+1.07%"
"Nov 24, 2021","1,912.32","1,931.94","1,943.00","1,909.21","","+0.02%"
"Nov 22, 2021","1,911.85","1,909.92","1,915.00","1,904.13","","-0.10%"
"Nov 19, 2021","1,913.72","1,888.66","1,915.69","1,888.66","","+1.74%"
"Nov 18, 2021","1,881.07","1,877.63","1,889.14","1,872.29","","-0.47%"
"Nov 17, 2021","1,889.96","1,902.60","1,904.84","1,887.33","","-0.73%"
"Nov 16, 2021","1,903.81","1,897.81","1,917.24","1,895.31","","+0.67%"
"Nov 15, 2021","1,891.21","1,902.32","1,902.59","1,888.29","","-0.42%"
"Nov 12, 2021","1,899.28","1,892.45","1,905.57","1,890.04","","+1.69%"
"Nov 11, 2021","1,867.79","1,856.94","1,874.61","1,854.98","","+1.01%"
"Nov 10, 2021","1,849.17","1,876.17","1,877.38","1,847.90","","-1.38%"
"Nov 09, 2021","1,875.14","1,901.66","1,908.71","1,874.82","","-1.19%"
"Nov 08, 2021","1,897.81","1,900.18","1,905.53","1,894.75","","+0.52%"
"Nov 05, 2021","1,887.95","1,911.78","1,914.81","1,885.73","","-1.51%"
"Nov 04, 2021","1,916.81","1,909.91","1,922.25","1,894.74","","+0.58%"
"Nov 02, 2021","1,905.69","1,932.97","1,937.25","1,896.19","","-0.84%"
"Nov 01, 2021","1,921.75","1,906.68","1,921.75","1,903.26","","+2.16%"
"Oct 29, 2021","1,881.08","1,870.61","1,884.60","1,859.17","","+0.55%"
"Oct 28, 2021","1,870.74","1,867.45","1,875.64","1,852.07","","-1.02%"
"Oct 27, 2021","1,890.00","1,890.57","1,897.46","1,881.54","","-0.03%"
"Oct 26, 2021","1,890.53","1,882.71","1,897.48","1,876.75","","+1.06%"
"Oct 25, 2021","1,870.68","1,868.49","1,889.02","1,866.54","","-0.09%"
"Oct 22, 2021","1,872.33","1,863.17","1,887.02","1,859.27","","-0.34%"
"Oct 21, 2021","1,878.71","1,898.63","1,902.67","1,878.71","","-1.02%"
"Oct 20, 2021","1,898.15","1,921.64","1,925.20","1,897.96","","-0.98%"
"Oct 19, 2021","1,916.86","1,921.00","1,925.45","1,911.09","","-0.21%"
"Oct 18, 2021","1,920.89","1,916.19","1,922.20","1,903.89","","+0.80%"
"Oct 15, 2021","1,905.56","1,887.44","1,905.56","1,884.16","","+1.77%"
"Oct 14, 2021","1,872.49","1,864.87","1,875.52","1,859.21","","-0.17%"
"Oct 13, 2021","1,875.73","1,878.10","1,891.29","1,866.23","","-0.46%"
"Oct 12, 2021","1,884.49","1,878.08","1,887.96","1,866.46","","+0.24%"
"Oct 11, 2021","1,879.96","1,839.34","1,879.96","1,839.34","","+2.38%"
"Oct 08, 2021","1,836.23","1,842.75","1,852.48","1,836.23","","+1.16%"
"Oct 07, 2021","1,815.16","1,827.02","1,833.17","1,813.23","","-0.73%"
"Oct 06, 2021","1,828.56","1,820.74","1,852.27","1,813.42","","+1.00%"
"Oct 05, 2021","1,810.37","1,801.70","1,818.70","1,788.64","","+0.03%"
"Oct 04, 2021","1,809.90","1,830.70","1,834.12","1,802.54","","+0.11%"
"Oct 01, 2021","1,807.83","1,834.30","1,834.94","1,801.72","","-2.91%"
"Sep 30, 2021","1,861.95","1,860.96","1,871.47","1,857.19","","+0.43%"
"Sep 29, 2021","1,854.02","1,851.37","1,861.55","1,841.08","","-2.52%"
"Sep 28, 2021","1,901.97","1,894.97","1,901.97","1,873.11","","+0.71%"
"Sep 27, 2021","1,888.52","1,890.27","1,896.50","1,886.39","","+0.13%"
"Sep 24, 2021","1,886.13","1,884.30","1,894.27","1,876.10","","+1.95%"
"Sep 22, 2021","1,849.97","1,878.16","1,881.86","1,846.08","","-2.37%"
"Sep 21, 2021","1,894.95","1,903.43","1,905.38","1,881.67","","-2.25%"
"Sep 17, 2021","1,938.56","1,941.27","1,942.15","1,930.05","","-0.06%"
"Sep 16, 2021","1,939.76","1,948.53","1,952.05","1,932.22","","+0.09%"
"Sep 15, 2021","1,938.02","1,940.09","1,945.17","1,931.16","","-1.22%"
"Sep 14, 2021","1,961.98","1,953.61","1,963.05","1,950.47","","+0.66%"
"Sep 13, 2021","1,949.21","1,928.95","1,949.21","1,924.88","","+0.81%"
"Sep 10, 2021","1,933.57","1,910.82","1,934.22","1,910.82","","+1.37%"
"Sep 09, 2021","1,907.50","1,907.65","1,917.64","1,902.81","","-0.21%"
"Sep 08, 2021","1,911.53","1,888.02","1,911.53","1,887.64","","+1.21%"
"Sep 07, 2021","1,888.68","1,888.02","1,898.59","1,883.07","","+0.56%"
"Sep 06, 2021","1,878.25","1,874.25","1,881.74","1,873.45","","+1.03%"
"Sep 03, 2021","1,859.04","1,839.79","1,861.81","1,839.18","","+1.22%"
"Sep 02, 2021","1,836.59","1,832.66","1,838.01","1,823.86","","+0.40%"
"Sep 01, 2021","1,829.35","1,821.95","1,837.12","1,821.95","","+0.52%"
"Aug 31, 2021","1,819.94","1,808.86","1,827.56","1,803.12","","+0.21%"
"Aug 30, 2021","1,816.08","1,794.52","1,816.08","1,794.52","","+2.11%"
"Aug 27, 2021","1,778.54","1,784.78","1,786.33","1,773.65","","-0.93%"
"Aug 26, 2021","1,795.31","1,799.34","1,800.06","1,791.90","","+0.10%"
"Aug 25, 2021","1,793.46","1,799.65","1,808.28","1,790.42","","-0.03%"
"Aug 24, 2021","1,794.00","1,778.62","1,797.61","1,778.62","","+1.10%"
"Aug 23, 2021","1,774.52","1,774.68","1,784.60","1,769.14","","+1.05%"
"Aug 20, 2021","1,756.12","1,779.35","1,783.48","1,754.11","","-1.91%"
"Aug 19, 2021","1,790.23","1,825.06","1,826.15","1,790.23","","-2.81%"
"Aug 18, 2021","1,841.96","1,834.08","1,853.00","1,833.96","","+0.66%"
"Aug 17, 2021","1,829.82","1,838.98","1,848.36","1,828.48","","+0.08%"
"Aug 16, 2021","1,828.38","1,852.72","1,855.06","1,826.69","","-1.89%"
"Aug 13, 2021","1,863.65","1,857.91","1,867.26","1,856.14","","+0.38%"
"Aug 12, 2021","1,856.51","1,864.61","1,869.88","1,854.15","","+0.19%"
"Aug 11, 2021","1,853.08","1,840.49","1,856.51","1,840.49","","+1.26%"
"Aug 10, 2021","1,829.98","1,839.02","1,851.78","1,829.03","","-0.61%"
"Aug 06, 2021","1,841.24","1,839.12","1,845.38","1,832.36","","+0.19%"
"Aug 05, 2021","1,837.82","1,827.91","1,846.83","1,827.91","","+0.26%"
"Aug 04, 2021","1,832.98","1,858.77","1,861.18","1,830.07","","-1.42%"
"Aug 03, 2021","1,859.41","1,825.25","1,861.68","1,817.49","","+1.33%"
"Aug 02, 2021","1,834.94","1,798.92","1,835.98","1,796.14","","+3.16%"
"Jul 30, 2021","1,778.74","1,801.74","1,803.11","1,778.74","","-1.35%"
"Jul 29, 2021","1,803.14","1,803.02","1,805.84","1,794.99","","-0.19%"
"Jul 28, 2021","1,806.57","1,805.39","1,813.17","1,800.95","","-0.36%"
"Jul 27, 2021","1,813.04","1,815.24","1,820.97","1,809.67","","+0.13%"
"Jul 26, 2021","1,810.70","1,805.21","1,816.01","1,803.70","","+2.15%"
"Jul 21, 2021","1,772.52","1,785.70","1,800.24","1,772.31","","+0.62%"
"Jul 20, 2021","1,761.54","1,763.96","1,770.32","1,756.99","","-1.43%"
"Jul 19, 2021","1,787.12","1,780.63","1,794.00","1,779.14","","-0.70%"
"Jul 16, 2021","1,799.64","1,794.30","1,810.01","1,793.64","","0.00%"
"Jul 15, 2021","1,799.70","1,813.86","1,815.87","1,798.63","","-0.93%"
"Jul 14, 2021","1,816.68","1,819.98","1,829.56","1,816.68","","-0.57%"
"Jul 13, 2021","1,827.05","1,814.78","1,827.05","1,814.78","","+1.08%"
"Jul 12, 2021","1,807.48","1,802.67","1,814.07","1,802.67","","+2.03%"
"Jul 09, 2021","1,771.49","1,750.97","1,774.58","1,739.68","","-0.30%"
"Jul 08, 2021","1,776.89","1,784.01","1,794.16","1,776.89","","-0.31%"
"Jul 07, 2021","1,782.39","1,782.08","1,790.02","1,773.81","","-1.33%"
"Jul 06, 2021","1,806.34","1,798.17","1,810.76","1,794.49","","+0.99%"
"Jul 05, 2021","1,788.61","1,783.12","1,792.08","1,779.20","","-0.25%"
"Jul 02, 2021","1,793.15","1,778.46","1,793.15","1,777.57","","+1.34%"
"Jul 01, 2021","1,769.48","1,784.62","1,784.62","1,763.85","","-0.34%"
"Jun 30, 2021","1,775.54","1,790.94","1,793.20","1,775.54","","-0.33%"
"Jun 29, 2021","1,781.48","1,789.49","1,790.19","1,777.44","","-1.34%"
"Jun 28, 2021","1,805.76","1,807.26","1,810.09","1,801.18","","+0.07%"
"Jun 25, 2021","1,804.57","1,803.10","1,807.06","1,794.36","","+0.75%"
"Jun 24, 2021","1,791.17","1,782.43","1,793.58","1,779.61","","+0.18%"
"Jun 23, 2021","1,787.92","1,790.95","1,799.48","1,787.48","","-0.10%"
"Jun 22, 2021","1,789.73","1,756.38","1,790.60","1,756.24","","+3.79%"
"Jun 21, 2021","1,724.42","1,747.07","1,747.35","1,721.67","","-3.02%"
"Jun 18, 2021","1,778.18","1,788.59","1,791.15","1,773.98","","-1.68%"
"Jun 17, 2021","1,808.51","1,823.85","1,826.54","1,807.07","","-0.90%"
"Jun 16, 2021","1,824.92","1,813.81","1,829.60","1,813.81","","+0.97%"
"Jun 15, 2021","1,807.39","1,797.81","1,810.96","1,793.36","","+0.34%"
"Jun 14, 2021","1,801.30","1,810.19","1,813.03","1,797.40","","+0.20%"
"Jun 11, 2021","1,797.65","1,798.36","1,799.50","1,783.89","","0.00%"
"Jun 10, 2021","1,797.58","1,794.41","1,803.51","1,788.58","","-0.16%"
"Jun 09, 2021","1,800.45","1,804.82","1,806.95","1,797.65","","+0.27%"
"Jun 08, 2021","1,795.59","1,786.95","1,800.61","1,786.95","","-0.18%"
"Jun 07, 2021","1,798.86","1,799.92","1,806.30","1,793.70","","+0.27%"
"Jun 04, 2021","1,793.94","1,784.11","1,794.11","1,776.75","","+0.26%"
"Jun 03, 2021","1,789.20","1,786.68","1,804.16","1,784.98","","+0.06%"
"Jun 02, 2021","1,788.05","1,760.87","1,789.78","1,751.62","","+1.87%"
"Jun 01, 2021","1,755.27","1,759.14","1,760.01","1,741.54","","+0.49%"
"May 31, 2021","1,746.71","1,757.02","1,764.06","1,744.11","","-1.53%"
"May 28, 2021","1,773.83","1,753.63","1,776.98","1,753.63","","+2.58%"
"May 27, 2021","1,729.18","1,747.35","1,748.62","1,729.18","","-1.08%"
"May 26, 2021","1,748.04","1,743.58","1,751.60","1,741.99","","-0.52%"
"May 25, 2021","1,757.14","1,760.96","1,760.96","1,749.64","","+0.05%"
"May 24, 2021","1,756.29","1,744.84","1,764.55","1,743.98","","+1.09%"
"May 21, 2021","1,737.28","1,733.51","1,741.22","1,729.79","","+0.33%"
"May 20, 2021","1,731.59","1,729.47","1,736.27","1,725.31","","-0.48%"
"May 19, 2021","1,739.88","1,744.84","1,747.65","1,731.44","","-1.14%"
"May 18, 2021","1,759.86","1,746.98","1,762.80","1,739.24","","+1.15%"
"May 17, 2021","1,739.93","1,749.31","1,753.73","1,728.19","","-0.10%"
"May 14, 2021","1,741.72","1,741.94","1,753.93","1,738.53","","+1.17%"
"May 13, 2021","1,721.52","1,737.13","1,747.21","1,719.41","","-1.28%"
"May 12, 2021","1,743.78","1,789.56","1,790.87","1,728.92","","-3.31%"
"May 11, 2021","1,803.50","1,830.84","1,831.65","1,798.92","","-1.38%"
"May 10, 2021","1,828.65","1,807.59","1,830.80","1,802.59","","+1.35%"
"May 07, 2021","1,804.25","1,800.91","1,820.20","1,793.68","","+0.51%"
"May 06, 2021","1,795.16","1,767.32","1,807.74","1,767.32","","+3.31%"
"Apr 30, 2021","1,737.60","1,724.48","1,749.59","1,724.48","","+0.80%"
"Apr 28, 2021","1,723.78","1,726.39","1,731.52","1,719.97","","-0.03%"
"Apr 27, 2021","1,724.29","1,736.58","1,736.58","1,724.29","","-1.06%"
"Apr 26, 2021","1,742.73","1,752.26","1,754.29","1,738.23","","-0.19%"
"Apr 23, 2021","1,746.13","1,742.64","1,747.43","1,738.70","","-0.27%"
"Apr 22, 2021","1,750.87","1,753.25","1,754.10","1,739.28","","+1.10%"
"Apr 21, 2021","1,731.88","1,724.56","1,734.84","1,716.33","","-1.16%"
"Apr 20, 2021","1,752.19","1,760.80","1,760.80","1,747.04","","-1.49%"
"Apr 19, 2021","1,778.78","1,779.88","1,781.28","1,771.38","","-0.03%"
"Apr 16, 2021","1,779.28","1,777.50","1,780.15","1,768.19","","+0.36%"
"Apr 15, 2021","1,772.82","1,772.14","1,784.70","1,769.59","","+0.40%"
"Apr 14, 2021","1,765.67","1,774.74","1,774.74","1,761.60","","-0.79%"
"Apr 13, 2021","1,779.71","1,782.78","1,797.39","1,778.61","","+0.15%"
"Apr 12, 2021","1,777.09","1,771.98","1,786.40","1,770.63","","+0.32%"
"Apr 09, 2021","1,771.43","1,782.38","1,792.01","1,771.15","","-0.30%"
"Apr 08, 2021","1,776.73","1,786.70","1,791.16","1,770.24","","-1.47%"
"Apr 07, 2021","1,803.18","1,788.25","1,803.18","1,780.25","","+1.29%"
"Apr 06, 2021","1,780.19","1,802.22","1,802.22","1,775.09","","-1.07%"
"Apr 05, 2021","1,799.43","1,764.68","1,799.85","1,758.62","","+2.14%"
"Apr 02, 2021","1,761.75","1,791.88","1,795.14","1,750.02","","-1.03%"
"Apr 01, 2021","1,780.04","1,804.13","1,805.98","1,771.64","","-0.88%"
"Mar 31, 2021","1,795.93","1,809.22","1,822.98","1,795.76","","-1.18%"
"Mar 30, 2021","1,817.39","1,822.25","1,830.77","1,806.11","","-2.03%"
"Mar 29, 2021","1,854.96","1,860.26","1,861.10","1,837.34","","+0.95%"
"Mar 26, 2021","1,837.58","1,835.85","1,842.11","1,828.54","","+1.13%"
"Mar 25, 2021","1,816.98","1,804.78","1,825.44","1,802.29","","+1.71%"
"Mar 24, 2021","1,786.43","1,810.32","1,813.16","1,775.39","","-2.22%"
"Mar 23, 2021","1,826.93","1,859.94","1,859.95","1,826.93","","-1.15%"
"Mar 22, 2021","1,848.23","1,834.27","1,856.24","1,830.40","","+0.55%"
"Mar 19, 2021","1,838.04","1,819.70","1,843.62","1,814.06","","+0.09%"
"Mar 18, 2021","1,836.45","1,827.81","1,837.60","1,823.44","","+0.65%"
"Mar 17, 2021","1,824.54","1,809.05","1,827.61","1,809.05","","+0.15%"
"Mar 16, 2021","1,821.77","1,814.98","1,831.16","1,812.26","","+0.42%"
"Mar 15, 2021","1,814.10","1,808.29","1,815.86","1,800.61","","+0.83%"
"Mar 12, 2021","1,799.23","1,773.84","1,799.23","1,768.69","","+1.58%"
"Mar 11, 2021","1,771.30","1,769.86","1,782.99","1,766.56","","+0.21%"
"Mar 10, 2021","1,767.50","1,760.75","1,770.66","1,756.19","","-0.10%"
"Mar 09, 2021","1,769.25","1,752.15","1,769.25","1,745.22","","+1.79%"
"Mar 08, 2021","1,738.10","1,744.47","1,757.05","1,728.31","","+0.60%"
"Mar 05, 2021","1,727.77","1,721.09","1,727.77","1,695.35","","+0.32%"
"Mar 04, 2021","1,722.33","1,719.66","1,730.71","1,705.18","","-1.01%"
"Mar 03, 2021","1,739.84","1,717.19","1,740.48","1,713.15","","+1.70%"
"Mar 02, 2021","1,710.75","1,728.99","1,729.25","1,699.26","","-0.60%"
"Mar 01, 2021","1,721.02","1,702.90","1,721.02","1,701.53","","+2.20%"
"Feb 26, 2021","1,683.97","1,706.08","1,707.38","1,683.65","","-2.42%"
"Feb 25, 2021","1,725.76","1,722.31","1,734.19","1,718.31","","+1.62%"
"Feb 24, 2021","1,698.28","1,712.24","1,717.28","1,697.69","","-0.63%"
"Feb 22, 2021","1,709.09","1,712.11","1,723.05","1,708.15","","+1.14%"
"Feb 19, 2021","1,689.76","1,679.97","1,690.80","1,676.98","","-0.23%"
"Feb 18, 2021","1,693.61","1,720.37","1,728.50","1,691.45","","-1.16%"
"Feb 17, 2021","1,713.43","1,695.92","1,716.27","1,694.24","","+1.43%"
"Feb 16, 2021","1,689.27","1,678.55","1,694.76","1,678.55","","+1.00%"
"Feb 15, 2021","1,672.57","1,665.89","1,673.47","1,661.14","","+1.06%"
"Feb 12, 2021","1,655.07","1,660.68","1,662.37","1,648.13","","-0.38%"
"Feb 10, 2021","1,661.35","1,651.89","1,667.48","1,651.89","","+0.12%"
"Feb 09, 2021","1,659.34","1,668.06","1,671.14","1,650.59","","-0.16%"
"Feb 08, 2021","1,661.93","1,627.86","1,661.93","1,627.86","","+2.76%"
"Feb 05, 2021","1,617.32","1,617.91","1,627.53","1,605.52","","+0.86%"
"Feb 04, 2021","1,603.57","1,620.98","1,623.32","1,598.95","","-0.84%"
"Feb 03, 2021","1,617.20","1,607.39","1,617.54","1,603.10","","+1.33%"
"Feb 02, 2021","1,596.01","1,582.33","1,596.10","1,579.86","","+0.92%"
"Feb 01, 2021","1,581.52","1,569.95","1,588.15","1,569.95","","+0.43%"
"Jan 29, 2021","1,574.80","1,602.07","1,606.26","1,574.63","","-1.93%"
"Jan 28, 2021","1,605.74","1,591.94","1,613.61","1,586.57","","-0.87%"
"Jan 27, 2021","1,619.85","1,613.46","1,621.89","1,612.36","","+0.92%"
"Jan 26, 2021","1,605.15","1,609.81","1,619.21","1,601.19","","-0.75%"
"Jan 25, 2021","1,617.29","1,619.98","1,621.38","1,612.02","","+0.10%"
"Jan 22, 2021","1,615.74","1,610.37","1,619.08","1,610.37","","-0.14%"
"Jan 21, 2021","1,618.07","1,614.29","1,626.20","1,614.29","","+0.72%"
"Jan 20, 2021","1,606.46","1,604.72","1,607.48","1,595.58","","+0.37%"
"Jan 19, 2021","1,600.58","1,601.75","1,613.12","1,597.85","","-0.28%"
"Jan 18, 2021","1,605.08","1,600.86","1,609.62","1,598.56","","-0.72%"
"Jan 15, 2021","1,616.68","1,627.32","1,630.33","1,615.77","","-0.80%"
"Jan 14, 2021","1,629.75","1,622.39","1,642.26","1,620.12","","+0.26%"
"Jan 13, 2021","1,625.50","1,602.51","1,626.88","1,601.07","","+1.24%"
"Jan 12, 2021","1,605.55","1,592.32","1,607.59","1,588.54","","-0.08%"
"Jan 08, 2021","1,606.81","1,591.25","1,606.81","1,588.15","","+0.86%"
"Jan 07, 2021","1,593.14","1,571.13","1,602.93","1,571.09","","+2.93%"
"Jan 06, 2021","1,547.73","1,539.14","1,551.17","1,536.12","","+0.72%"
"Jan 05, 2021","1,536.60","1,535.23","1,544.51","1,531.65","","-0.16%"
"Jan 04, 2021","1,539.05","1,557.72","1,557.72","1,528.27","","-0.83%"
"Dec 30, 2020","1,551.93","1,557.37","1,562.97","1,548.67","","-0.81%"
"Dec 29, 2020","1,564.58","1,543.55","1,564.58","1,543.55","","+1.23%"
"Dec 28, 2020","1,545.57","1,550.44","1,553.55","1,539.26","","-0.03%"
"Dec 25, 2020","1,546.03","1,537.13","1,546.74","1,535.97","","+0.88%"
"Dec 24, 2020","1,532.52","1,530.60","1,539.29","1,529.36","","+0.74%"
"Dec 23, 2020","1,521.33","1,527.42","1,527.63","1,514.34","","-0.27%"
"Dec 22, 2020","1,525.43","1,534.66","1,537.05","1,520.68","","-1.47%"
"Dec 21, 2020","1,548.24","1,552.90","1,558.66","1,538.95","","-0.32%"
"Dec 18, 2020","1,553.28","1,542.60","1,553.59","1,540.70","","+0.62%"
"Dec 17, 2020","1,543.72","1,546.36","1,546.88","1,537.70","","-0.15%"
"Dec 16, 2020","1,546.01","1,550.46","1,552.91","1,543.82","","+0.43%"
"Dec 15, 2020","1,539.44","1,544.83","1,548.59","1,537.31","","-0.98%"
"Dec 14, 2020","1,554.73","1,542.11","1,569.17","1,542.11","","+0.55%"
"Dec 11, 2020","1,546.24","1,542.48","1,549.07","1,534.83","","+0.70%"
"Dec 10, 2020","1,535.46","1,538.17","1,539.11","1,530.06","","+0.14%"
"Dec 09, 2020","1,533.36","1,526.38","1,535.19","1,522.64","","+0.69%"
"Dec 08, 2020","1,522.86","1,516.60","1,529.41","1,513.87","","-0.08%"
"Dec 07, 2020","1,524.09","1,534.61","1,539.54","1,522.40","","+0.45%"
"Dec 04, 2020","1,517.31","1,512.32","1,520.97","1,512.32","","-0.18%"
"Dec 03, 2020","1,520.10","1,514.22","1,527.77","1,512.20","","+0.81%"
"Dec 02, 2020","1,507.92","1,512.86","1,513.40","1,502.81","","+0.89%"
"Dec 01, 2020","1,494.69","1,491.62","1,496.49","1,481.83","","+1.23%"
"Nov 30, 2020","1,476.54","1,515.66","1,515.96","1,474.80","","-2.84%"
"Nov 27, 2020","1,519.66","1,510.44","1,525.89","1,510.44","","+0.59%"
"Nov 26, 2020","1,510.81","1,498.93","1,513.30","1,497.21","","+0.05%"
"Nov 25, 2020","1,510.12","1,521.98","1,527.36","1,507.30","","-0.38%"
"Nov 24, 2020","1,515.90","1,513.58","1,526.10","1,511.53","","+1.92%"
"Nov 20, 2020","1,487.40","1,482.25","1,488.17","1,480.92","","-0.34%"
"Nov 19, 2020","1,492.41","1,481.01","1,492.80","1,476.93","","+0.92%"
"Nov 18, 2020","1,478.77","1,485.10","1,486.86","1,473.90","","-0.74%"
"Nov 17, 2020","1,489.72","1,497.33","1,497.33","1,477.85","","+0.35%"
"Nov 16, 2020","1,484.48","1,476.18","1,490.36","1,472.46","","+1.70%"
"Nov 13, 2020","1,459.68","1,476.47","1,477.32","1,452.08","","-1.56%"
"Nov 12, 2020","1,482.88","1,488.07","1,493.50","1,472.98","","-1.11%"
"Nov 11, 2020","1,499.52","1,495.25","1,502.30","1,486.62","","+1.95%"
"Nov 10, 2020","1,470.78","1,464.78","1,486.27","1,462.19","","+2.22%"
"Nov 09, 2020","1,438.82","1,431.51","1,442.63","1,424.41","","+1.25%"
"Nov 06, 2020","1,421.08","1,408.73","1,426.50","1,404.74","","+0.58%"
"Nov 05, 2020","1,412.89","1,405.85","1,415.67","1,397.62","","+0.30%"
"Nov 04, 2020","1,408.62","1,414.20","1,420.61","1,403.26","","+1.04%"
"Nov 02, 2020","1,394.17","1,380.82","1,402.82","1,380.82","","+1.81%"
"Oct 30, 2020","1,369.42","1,396.46","1,399.00","1,365.11","","-2.11%"
"Oct 29, 2020","1,398.97","1,387.77","1,403.77","1,387.77","","-0.28%"
"Oct 28, 2020","1,402.92","1,403.62","1,406.76","1,394.50","","-1.07%"
"Oct 27, 2020","1,418.12","1,417.01","1,418.16","1,405.68","","-0.61%"
"Oct 26, 2020","1,426.84","1,430.13","1,431.73","1,423.10","","-0.38%"
"Oct 23, 2020","1,432.32","1,427.29","1,435.66","1,421.75","","+1.07%"
"Oct 22, 2020","1,417.21","1,419.64","1,421.61","1,413.72","","-1.16%"
"Oct 21, 2020","1,433.78","1,429.61","1,440.54","1,428.67","","+0.39%"
"Oct 20, 2020","1,428.18","1,437.35","1,441.31","1,426.70","","-0.94%"
"Oct 19, 2020","1,441.66","1,433.37","1,445.09","1,432.49","","+1.09%"
"Oct 16, 2020","1,426.05","1,433.13","1,437.17","1,426.05","","-1.16%"
"Oct 15, 2020","1,442.77","1,441.83","1,447.86","1,438.81","","-0.25%"
"Oct 14, 2020","1,446.36","1,444.75","1,450.07","1,442.09","","-0.60%"
"Oct 13, 2020","1,455.15","1,463.86","1,465.09","1,450.79","","-0.39%"
"Oct 12, 2020","1,460.85","1,470.55","1,471.34","1,455.76","","-0.77%"
"Oct 09, 2020","1,472.15","1,479.59","1,481.55","1,467.78","","-0.61%"
"Oct 08, 2020","1,481.22","1,482.64","1,488.59","1,474.30","","+0.15%"
"Oct 07, 2020","1,479.02","1,471.29","1,482.13","1,469.40","","-0.25%"
"Oct 06, 2020","1,482.80","1,481.68","1,485.01","1,475.77","","+0.79%"
"Oct 05, 2020","1,471.12","1,466.55","1,485.62","1,466.55","","+1.54%"
"Oct 02, 2020","1,448.86","1,467.01","1,475.17","1,444.50","","-0.80%"
"Oct 01, 2020","1,460.50","1,460.50","1,460.50","1,460.50","","0.00%"
"Sep 30, 2020","1,460.50","1,494.29","1,494.29","1,460.50","","-2.85%"
"Sep 29, 2020","1,503.32","1,507.88","1,511.01","1,494.39","","-1.50%"
"Sep 28, 2020","1,526.22","1,513.59","1,526.22","1,504.78","","+1.61%"
"Sep 25, 2020","1,501.99","1,499.28","1,502.19","1,492.84","","+0.55%"
"Sep 24, 2020","1,493.79","1,500.03","1,501.32","1,492.87","","-0.69%"
"Sep 23, 2020","1,504.11","1,490.48","1,507.06","1,487.52","","+0.54%"
"Sep 18, 2020","1,496.02","1,495.08","1,502.10","1,492.69","","+0.17%"
"Sep 17, 2020","1,493.44","1,495.60","1,498.92","1,489.87","","-0.21%"
"Sep 16, 2020","1,496.63","1,493.93","1,500.27","1,492.39","","-0.13%"
"Sep 15, 2020","1,498.53","1,504.83","1,508.18","1,497.23","","-0.85%"
"Sep 14, 2020","1,511.33","1,501.73","1,513.18","1,500.47","","+0.74%"
"Sep 11, 2020","1,500.24","1,486.15","1,502.54","1,480.15","","+0.19%"
"Sep 10, 2020","1,497.35","1,488.96","1,498.32","1,485.71","","+0.90%"
"Sep 09, 2020","1,484.06","1,477.47","1,487.06","1,474.56","","-1.03%"
"Sep 08, 2020","1,499.56","1,503.14","1,503.14","1,485.92","","+0.27%"
"Sep 07, 2020","1,495.56","1,497.64","1,499.43","1,490.76","","+0.09%"
"Sep 04, 2020","1,494.16","1,485.96","1,498.19","1,485.28","","-0.69%"
"Sep 03, 2020","1,504.50","1,509.87","1,513.14","1,499.05","","+0.68%"
"Sep 02, 2020","1,494.34","1,500.84","1,500.84","1,486.93","","+0.45%"
"Sep 01, 2020","1,487.68","1,487.48","1,504.52","1,480.49","","+0.92%"
"Aug 31, 2020","1,474.15","1,433.33","1,495.90","1,432.81","","+4.52%"
"Aug 28, 2020","1,410.35","1,422.19","1,433.28","1,400.60","","-0.41%"
"Aug 27, 2020","1,416.19","1,424.70","1,424.70","1,412.48","","-0.58%"
"Aug 26, 2020","1,424.48","1,422.83","1,426.24","1,417.45","","-0.28%"
"Aug 25, 2020","1,428.54","1,427.06","1,433.93","1,426.60","","+1.21%"
"Aug 24, 2020","1,411.45","1,405.81","1,411.96","1,404.23","","+0.48%"
"Aug 21, 2020","1,404.64","1,407.09","1,413.96","1,402.04","","+0.61%"
"Aug 20, 2020","1,396.06","1,401.66","1,406.54","1,396.06","","-0.95%"
"Aug 19, 2020","1,409.50","1,399.68","1,411.82","1,397.47","","+0.12%"
"Aug 18, 2020","1,407.82","1,401.13","1,409.78","1,394.63","","+0.34%"
"Aug 17, 2020","1,403.10","1,410.05","1,417.43","1,403.10","","-0.61%"
"Aug 14, 2020","1,411.65","1,412.58","1,417.99","1,405.40","","-0.34%"
"Aug 13, 2020","1,416.53","1,418.77","1,424.90","1,408.84","","+0.52%"
"Aug 12, 2020","1,409.21","1,386.23","1,409.21","1,384.31","","+1.73%"
"Aug 11, 2020","1,385.20","1,362.41","1,385.20","1,361.62","","+2.78%"
"Aug 07, 2020","1,347.69","1,352.80","1,356.86","1,343.87","","-0.50%"
"Aug 06, 2020","1,354.50","1,347.52","1,361.87","1,346.23","","+0.17%"
"Aug 05, 2020","1,352.25","1,332.67","1,354.19","1,330.57","","+0.76%"
"Aug 04, 2020","1,341.99","1,328.07","1,341.99","1,324.28","","+2.48%"
"Aug 03, 2020","1,309.52","1,298.81","1,311.90","1,297.66","","+1.86%"
"Jul 31, 2020","1,285.61","1,315.77","1,316.23","1,285.61","","-3.09%"
"Jul 30, 2020","1,326.61","1,339.63","1,339.68","1,324.02","","-0.52%"
"Jul 29, 2020","1,333.61","1,333.83","1,336.74","1,326.91","","-0.88%"
"Jul 28, 2020","1,345.39","1,348.86","1,358.13","1,342.28","","-0.57%"
"Jul 27, 2020","1,353.05","1,342.09","1,353.05","1,335.13","","+0.06%"
"Jul 22, 2020","1,352.29","1,356.73","1,366.15","1,352.29","","-0.41%"
"Jul 21, 2020","1,357.86","1,365.63","1,366.94","1,349.37","","-1.02%"
"Jul 20, 2020","1,371.84","1,370.09","1,375.00","1,360.30","","+0.35%"
"Jul 17, 2020","1,367.09","1,366.50","1,371.73","1,362.83","","-0.16%"
"Jul 16, 2020","1,369.28","1,373.81","1,379.39","1,365.68","","+0.24%"
"Jul 15, 2020","1,366.01","1,352.72","1,370.08","1,352.72","","+2.26%"
"Jul 14, 2020","1,335.85","1,334.14","1,340.80","1,331.48","","-0.31%"
"Jul 13, 2020","1,340.03","1,321.52","1,340.42","1,320.49","","+2.97%"
"Jul 10, 2020","1,301.36","1,312.44","1,314.76","1,301.36","","-1.14%"
"Jul 09, 2020","1,316.41","1,321.71","1,324.18","1,309.41","","-0.27%"
"Jul 08, 2020","1,319.99","1,324.55","1,339.45","1,319.99","","-0.53%"
"Jul 07, 2020","1,327.07","1,336.21","1,337.37","1,321.92","","-0.71%"
"Jul 06, 2020","1,336.54","1,323.74","1,337.60","1,322.43","","+1.43%"
"Jul 03, 2020","1,317.70","1,327.97","1,329.04","1,308.20","","-0.24%"
"Jul 02, 2020","1,320.84","1,311.24","1,330.12","1,311.23","","+0.42%"
"Jul 01, 2020","1,315.36","1,335.53","1,335.65","1,312.57","","-1.24%"
"Jun 30, 2020","1,331.89","1,346.60","1,347.96","1,331.60","","+0.59%"
"Jun 29, 2020","1,324.03","1,328.14","1,335.18","1,322.80","","-1.58%"
"Jun 26, 2020","1,345.24","1,340.08","1,349.34","1,338.19","","+1.49%"
"Jun 25, 2020","1,325.54","1,331.85","1,336.16","1,321.70","","-1.58%"
"Jun 24, 2020","1,346.87","1,349.09","1,352.64","1,344.77","","-0.99%"
"Jun 23, 2020","1,360.33","1,360.76","1,372.64","1,349.46","","+0.36%"
"Jun 22, 2020","1,355.51","1,354.19","1,364.05","1,351.97","","-0.65%"
"Jun 19, 2020","1,364.34","1,370.36","1,371.59","1,357.29","","-0.25%"
"Jun 18, 2020","1,367.70","1,366.28","1,371.71","1,354.07","","-0.18%"
"Jun 17, 2020","1,370.16","1,375.98","1,378.17","1,363.32","","-1.09%"
"Jun 16, 2020","1,385.19","1,355.90","1,388.28","1,355.56","","+4.02%"
"Jun 15, 2020","1,331.71","1,358.15","1,365.68","1,331.71","","-2.71%"
"Jun 12, 2020","1,368.76","1,350.42","1,373.76","1,339.58","","-0.69%"
"Jun 11, 2020","1,378.28","1,392.51","1,398.95","1,378.28","","-2.62%"
"Jun 10, 2020","1,415.41","1,412.07","1,423.90","1,408.76","","-0.53%"
"Jun 09, 2020","1,422.89","1,431.94","1,432.09","1,411.32","","-0.92%"
"Jun 08, 2020","1,436.16","1,432.52","1,436.16","1,424.83","","+1.38%"
"Jun 05, 2020","1,416.56","1,407.09","1,417.99","1,401.01","","+0.55%"
"Jun 04, 2020","1,408.82","1,423.72","1,423.72","1,396.69","","-0.35%"
"Jun 03, 2020","1,413.77","1,420.86","1,424.29","1,405.42","","+1.13%"
"Jun 02, 2020","1,397.99","1,384.51","1,403.75","1,384.05","","+1.48%"
"Jun 01, 2020","1,377.61","1,371.69","1,380.62","1,369.31","","+0.04%"
"May 29, 2020","1,377.01","1,369.29","1,383.37","1,367.48","","-0.68%"
"May 28, 2020","1,386.47","1,382.30","1,395.77","1,369.63","","+1.31%"
"May 27, 2020","1,368.48","1,349.38","1,370.67","1,344.99","","+1.70%"
"May 26, 2020","1,345.59","1,335.53","1,348.56","1,330.66","","+1.65%"
"May 25, 2020","1,323.74","1,321.80","1,324.22","1,314.57","","+1.47%"
"May 22, 2020","1,304.50","1,325.47","1,327.10","1,302.52","","-1.60%"
"May 21, 2020","1,325.65","1,325.85","1,331.54","1,322.21","","+0.13%"
"May 20, 2020","1,323.89","1,314.27","1,326.50","1,310.80","","+0.32%"
"May 19, 2020","1,319.66","1,322.01","1,331.21","1,318.97","","+1.76%"
"May 18, 2020","1,296.81","1,290.90","1,301.09","1,284.08","","+1.06%"
"May 15, 2020","1,283.20","1,298.97","1,300.21","1,275.87","","+0.11%"
"May 14, 2020","1,281.74","1,302.16","1,304.51","1,281.74","","-2.43%"
"May 13, 2020","1,313.71","1,309.67","1,322.27","1,306.19","","-0.63%"
"May 12, 2020","1,322.05","1,333.80","1,333.80","1,319.64","","-1.22%"
"May 11, 2020","1,338.32","1,321.81","1,343.13","1,321.65","","+2.45%"
"May 08, 2020","1,306.30","1,266.17","1,307.15","1,265.29","","+4.13%"
"May 07, 2020","1,254.46","1,253.33","1,263.89","1,248.15","","-0.85%"
"May 01, 2020","1,265.21","1,276.65","1,281.41","1,258.70","","-2.05%"
"Apr 30, 2020","1,291.64","1,295.00","1,304.65","1,291.64","","+1.51%"
"Apr 28, 2020","1,272.41","1,271.27","1,274.38","1,263.02","","-0.38%"
"Apr 27, 2020","1,277.31","1,260.64","1,278.97","1,256.95","","+1.87%"
"Apr 24, 2020","1,253.92","1,247.63","1,254.32","1,243.00","","-0.14%"
"Apr 23, 2020","1,255.73","1,235.37","1,255.73","1,233.53","","+2.59%"
"Apr 22, 2020","1,224.08","1,217.75","1,230.32","1,207.28","","-0.93%"
"Apr 21, 2020","1,235.53","1,234.69","1,238.72","1,226.78","","-1.35%"
"Apr 20, 2020","1,252.47","1,254.24","1,261.17","1,252.30","","-0.83%"
"Apr 17, 2020","1,262.99","1,267.71","1,279.42","1,255.82","","+0.45%"
"Apr 16, 2020","1,257.38","1,245.41","1,259.48","1,239.76","","-0.26%"
"Apr 15, 2020","1,260.70","1,264.88","1,265.08","1,250.19","","-0.50%"
"Apr 14, 2020","1,266.99","1,250.53","1,269.66","1,248.87","","+1.52%"
"Apr 13, 2020","1,248.05","1,263.52","1,264.40","1,246.96","","-2.28%"
"Apr 10, 2020","1,277.23","1,263.17","1,277.23","1,244.57","","+0.97%"
"Apr 09, 2020","1,264.94","1,262.66","1,268.84","1,249.30","","+0.09%"
"Apr 08, 2020","1,263.82","1,252.97","1,269.34","1,234.45","","+1.10%"
"Apr 07, 2020","1,250.04","1,248.04","1,256.99","1,219.25","","+1.86%"
"Apr 06, 2020","1,227.16","1,184.97","1,234.30","1,177.82","","+2.83%"
"Apr 03, 2020","1,193.33","1,200.57","1,216.25","1,184.19","","-0.44%"
"Apr 02, 2020","1,198.65","1,213.05","1,219.39","1,197.18","","-2.30%"
"Apr 01, 2020","1,226.89","1,269.31","1,272.88","1,218.34","","-4.12%"
"Mar 31, 2020","1,279.61","1,313.92","1,316.49","1,274.29","","-3.55%"
"Mar 30, 2020","1,326.77","1,306.41","1,326.77","1,281.44","","-2.26%"
"Mar 27, 2020","1,357.41","1,320.39","1,357.41","1,314.68","","+4.91%"
"Mar 26, 2020","1,293.94","1,310.28","1,310.28","1,276.93","","-2.85%"
"Mar 25, 2020","1,331.94","1,289.10","1,333.37","1,288.66","","+5.46%"
"Mar 24, 2020","1,263.02","1,239.22","1,263.02","1,231.81","","+3.57%"
"Mar 23, 2020","1,219.52","1,206.35","1,222.82","1,189.05","","+0.65%"
"Mar 19, 2020","1,211.60","1,219.85","1,243.20","1,202.56","","+1.06%"
"Mar 18, 2020","1,198.86","1,203.09","1,238.40","1,197.52","","-0.48%"
"Mar 17, 2020","1,204.60","1,144.06","1,212.01","1,134.44","","+3.41%"
"Mar 16, 2020","1,164.85","1,185.67","1,209.22","1,163.12","","-1.39%"
"Mar 13, 2020","1,181.26","1,216.75","1,222.04","1,136.12","","-5.01%"
"Mar 12, 2020","1,243.51","1,273.75","1,274.94","1,229.83","","-3.76%"
"Mar 11, 2020","1,292.12","1,313.31","1,331.49","1,291.00","","-1.35%"
"Mar 10, 2020","1,309.79","1,282.22","1,317.86","1,239.30","","+0.48%"
"Mar 09, 2020","1,303.55","1,353.22","1,353.80","1,296.51","","-5.56%"
"Mar 06, 2020","1,380.26","1,395.98","1,400.90","1,375.84","","-2.65%"
"Mar 05, 2020","1,417.90","1,426.28","1,426.59","1,409.81","","+0.89%"
"Mar 04, 2020","1,405.44","1,397.56","1,413.50","1,393.35","","+0.11%"
"Mar 03, 2020","1,403.86","1,441.34","1,446.04","1,403.86","","-1.37%"
"Mar 02, 2020","1,423.40","1,401.60","1,438.32","1,396.76","","-0.14%"
"Feb 28, 2020","1,425.44","1,443.23","1,444.19","1,411.65","","-3.13%"
"Feb 27, 2020","1,471.57","1,492.72","1,493.33","1,465.46","","-1.97%"
"Feb 26, 2020","1,501.08","1,485.39","1,503.41","1,479.05","","-0.04%"
"Feb 25, 2020","1,501.70","1,524.27","1,524.27","1,489.97","","-3.36%"
"Feb 21, 2020","1,553.88","1,553.23","1,565.90","1,552.74","","+0.27%"
"Feb 20, 2020","1,549.62","1,559.28","1,566.28","1,549.41","","+0.10%"
"Feb 19, 2020","1,548.05","1,553.06","1,554.90","1,547.70","","+0.01%"
"Feb 18, 2020","1,547.96","1,555.92","1,562.75","1,544.44","","-1.04%"
"Feb 17, 2020","1,564.24","1,559.67","1,566.38","1,549.03","","-0.51%"
"Feb 14, 2020","1,572.18","1,569.96","1,572.18","1,564.85","","-0.38%"
"Feb 13, 2020","1,578.13","1,581.46","1,583.64","1,573.65","","-0.13%"
"Feb 12, 2020","1,580.24","1,591.23","1,592.27","1,576.48","","-0.73%"
"Feb 10, 2020","1,591.94","1,589.85","1,598.41","1,588.45","","-1.05%"
"Feb 07, 2020","1,608.90","1,606.81","1,609.23","1,598.07","","-0.10%"
"Feb 06, 2020","1,610.44","1,596.19","1,617.73","1,595.77","","+2.18%"
"Feb 05, 2020","1,576.15","1,576.46","1,581.28","1,568.54","","+1.08%"
"Feb 04, 2020","1,559.38","1,544.92","1,560.71","1,542.93","","+0.64%"
"Feb 03, 2020","1,549.51","1,541.68","1,554.83","1,537.96","","-1.08%"
"Jan 31, 2020","1,566.49","1,557.91","1,578.71","1,557.77","","+0.91%"
"Jan 30, 2020","1,552.41","1,567.39","1,570.47","1,546.04","","-1.38%"
"Jan 29, 2020","1,574.20","1,564.79","1,574.78","1,560.93","","+0.45%"
"Jan 28, 2020","1,567.08","1,566.48","1,571.50","1,558.44","","-0.88%"
"Jan 27, 2020","1,580.96","1,574.87","1,587.32","1,573.43","","-1.24%"
"Jan 24, 2020","1,600.82","1,601.09","1,603.43","1,596.88","","+0.13%"
"Jan 23, 2020","1,598.82","1,603.99","1,606.46","1,598.02","","-0.60%"
"Jan 22, 2020","1,608.49","1,602.91","1,610.01","1,601.20","","+0.15%"
"Jan 21, 2020","1,606.02","1,610.80","1,612.61","1,602.80","","-0.18%"
"Jan 20, 2020","1,608.95","1,597.28","1,610.41","1,597.28","","+0.88%"
"Jan 17, 2020","1,594.98","1,588.76","1,595.67","1,586.20","","+0.64%"
"Jan 16, 2020","1,584.78","1,582.57","1,585.57","1,577.61","","-0.04%"
"Jan 15, 2020","1,585.35","1,590.11","1,593.96","1,581.72","","-0.63%"
"Jan 14, 2020","1,595.36","1,594.49","1,595.49","1,588.23","","+0.09%"
"Jan 10, 2020","1,593.86","1,597.93","1,601.15","1,592.56","","-0.08%"
"Jan 09, 2020","1,595.16","1,588.63","1,598.14","1,587.63","","+1.54%"
"Jan 08, 2020","1,570.97","1,572.73","1,576.59","1,557.34","","-1.45%"
"Jan 07, 2020","1,594.02","1,573.49","1,595.40","1,573.49","","+1.39%"
"Jan 06, 2020","1,572.11","1,570.97","1,572.77","1,561.23","","-0.82%"
"Dec 30, 2019","1,585.04","1,591.48","1,592.01","1,581.91","","-0.73%"
"Dec 27, 2019","1,596.65","1,599.79","1,600.84","1,595.10","","+0.05%"
"Dec 26, 2019","1,595.88","1,584.65","1,595.88","1,584.59","","+0.72%"
"Dec 25, 2019","1,584.46","1,592.87","1,592.87","1,583.29","","-0.26%"
"Dec 24, 2019","1,588.59","1,593.32","1,594.04","1,586.59","","-0.26%"
"Dec 23, 2019","1,592.66","1,600.58","1,600.58","1,592.60","","-0.35%"
"Dec 20, 2019","1,598.18","1,603.84","1,603.90","1,593.35","","-0.18%"
"Dec 19, 2019","1,601.12","1,598.95","1,605.14","1,597.28","","-0.10%"
"Dec 18, 2019","1,602.75","1,613.25","1,613.56","1,601.22","","-0.67%"
"Dec 17, 2019","1,613.61","1,610.29","1,613.61","1,605.33","","+0.72%"
"Dec 16, 2019","1,602.01","1,602.63","1,606.86","1,602.01","","-0.19%"
"Dec 13, 2019","1,605.02","1,605.33","1,609.60","1,599.10","","+1.45%"
"Dec 12, 2019","1,582.09","1,585.60","1,586.46","1,576.53","","-0.33%"
"Dec 11, 2019","1,587.39","1,587.17","1,592.10","1,583.81","","-0.05%"
"Dec 10, 2019","1,588.16","1,589.84","1,592.60","1,587.17","","-0.08%"
"Dec 09, 2019","1,589.36","1,591.05","1,591.05","1,580.04","","+0.58%"
"Dec 06, 2019","1,580.26","1,584.36","1,587.21","1,577.42","","-0.18%"
"Dec 05, 2019","1,583.13","1,578.52","1,583.64","1,574.55","","+0.94%"
"Dec 04, 2019","1,568.31","1,551.76","1,568.86","1,549.11","","+0.37%"
"Dec 03, 2019","1,562.58","1,557.91","1,564.59","1,554.17","","-0.73%"
"Dec 02, 2019","1,574.02","1,557.39","1,575.44","1,557.11","","+1.35%"
"Nov 29, 2019","1,553.10","1,565.77","1,565.87","1,551.14","","-0.80%"
"Nov 28, 2019","1,565.65","1,569.79","1,570.47","1,557.80","","-0.33%"
"Nov 27, 2019","1,570.89","1,574.38","1,577.63","1,570.36","","-0.04%"
"Nov 26, 2019","1,571.53","1,581.11","1,585.48","1,568.49","","-0.02%"
"Nov 25, 2019","1,571.86","1,567.12","1,573.48","1,566.57","","+1.04%"
"Nov 22, 2019","1,555.75","1,555.62","1,563.47","1,553.42","","+0.19%"
"Nov 21, 2019","1,552.86","1,549.78","1,553.54","1,529.06","","+0.05%"
"Nov 20, 2019","1,552.06","1,555.30","1,559.94","1,546.39","","-0.54%"
"Nov 19, 2019","1,560.42","1,561.94","1,565.73","1,557.43","","-0.07%"
"Nov 18, 2019","1,561.53","1,559.09","1,561.53","1,556.08","","+0.01%"
"Nov 15, 2019","1,561.39","1,546.45","1,562.01","1,545.55","","+1.46%"
"Nov 14, 2019","1,538.85","1,551.09","1,554.98","1,535.67","","-1.17%"
"Nov 13, 2019","1,557.00","1,566.16","1,566.72","1,557.00","","-0.86%"
"Nov 12, 2019","1,570.53","1,554.89","1,571.45","1,554.43","","+0.67%"
"Nov 11, 2019","1,560.09","1,564.17","1,565.82","1,556.01","","+0.08%"
"Nov 08, 2019","1,558.85","1,556.18","1,566.62","1,553.07","","+1.29%"
"Nov 07, 2019","1,539.04","1,539.87","1,542.63","1,533.97","","-0.14%"
"Nov 06, 2019","1,541.25","1,532.11","1,542.06","1,528.72","","+1.03%"
"Nov 05, 2019","1,525.52","1,521.31","1,529.15","1,518.03","","+0.84%"
"Nov 01, 2019","1,512.88","1,517.27","1,522.96","1,507.20","","-1.12%"
"Oct 31, 2019","1,530.02","1,525.55","1,532.40","1,522.77","","+0.07%"
"Oct 30, 2019","1,528.92","1,524.64","1,529.99","1,514.96","","+0.40%"
"Oct 29, 2019","1,522.77","1,517.00","1,525.76","1,516.07","","+0.96%"
"Oct 28, 2019","1,508.35","1,509.69","1,513.77","1,506.88","","+0.02%"
"Oct 25, 2019","1,508.07","1,506.10","1,508.37","1,501.68","","+0.32%"
"Oct 24, 2019","1,503.32","1,510.70","1,512.60","1,500.22","","+0.23%"
"Oct 23, 2019","1,499.86","1,493.74","1,500.48","1,482.63","","+0.79%"
"Oct 21, 2019","1,488.15","1,479.72","1,489.17","1,479.65","","+0.67%"
"Oct 18, 2019","1,478.26","1,483.56","1,488.87","1,474.83","","-0.10%"
"Oct 17, 2019","1,479.72","1,485.99","1,487.73","1,477.86","","-0.62%"
"Oct 16, 2019","1,488.91","1,495.81","1,500.42","1,484.90","","+0.60%"
"Oct 15, 2019","1,480.06","1,481.43","1,485.89","1,475.57","","+1.09%"
"Oct 11, 2019","1,464.07","1,456.61","1,464.92","1,453.67","","+1.27%"
"Oct 10, 2019","1,445.68","1,438.37","1,445.98","1,430.72","","+0.13%"
"Oct 09, 2019","1,443.74","1,437.29","1,444.25","1,437.29","","-0.33%"
"Oct 08, 2019","1,448.49","1,445.61","1,453.86","1,442.29","","+0.69%"
"Oct 07, 2019","1,438.53","1,439.47","1,442.75","1,433.32","","+0.22%"
"Oct 04, 2019","1,435.34","1,428.60","1,436.09","1,425.02","","-0.13%"
"Oct 03, 2019","1,437.24","1,438.05","1,440.42","1,427.42","","-1.81%"
"Oct 02, 2019","1,463.78","1,458.27","1,464.64","1,455.66","","-0.86%"
"Oct 01, 2019","1,476.45","1,465.59","1,478.93","1,465.59","","+1.24%"
"Sep 30, 2019","1,458.43","1,464.74","1,468.38","1,454.46","","-0.84%"
"Sep 27, 2019","1,470.72","1,478.03","1,482.84","1,459.09","","-2.37%"
"Sep 26, 2019","1,506.40","1,512.05","1,517.48","1,503.01","","-0.01%"
"Sep 25, 2019","1,506.56","1,496.02","1,508.76","1,493.45","","-0.01%"
"Sep 24, 2019","1,506.68","1,507.51","1,519.94","1,506.33","","-0.47%"
"Sep 20, 2019","1,513.83","1,518.54","1,518.62","1,509.84","","+0.37%"
"Sep 19, 2019","1,508.30","1,506.47","1,522.03","1,506.47","","+0.20%"
"Sep 18, 2019","1,505.22","1,515.35","1,515.36","1,503.20","","-0.76%"
"Sep 17, 2019","1,516.76","1,508.57","1,525.15","1,504.90","","+1.11%"
"Sep 13, 2019","1,500.12","1,485.33","1,502.09","1,485.27","","+0.67%"
"Sep 12, 2019","1,490.20","1,494.12","1,498.42","1,488.09","","+0.02%"
"Sep 11, 2019","1,489.96","1,470.19","1,489.96","1,470.19","","+1.68%"
"Sep 10, 2019","1,465.40","1,451.75","1,465.99","1,451.75","","+1.39%"
"Sep 09, 2019","1,445.27","1,432.96","1,445.27","1,432.13","","+0.85%"
"Sep 06, 2019","1,433.07","1,426.77","1,434.12","1,425.23","","+1.16%"
"Sep 05, 2019","1,416.63","1,400.37","1,421.93","1,399.68","","+1.77%"
"Sep 04, 2019","1,391.93","1,393.46","1,396.93","1,390.39","","-0.64%"
"Sep 03, 2019","1,400.89","1,390.24","1,404.12","1,390.24","","+0.69%"
"Sep 02, 2019","1,391.23","1,391.40","1,396.62","1,390.94","","-0.41%"
"Aug 30, 2019","1,396.92","1,381.37","1,397.78","1,381.09","","+1.91%"
"Aug 29, 2019","1,370.75","1,370.90","1,372.96","1,361.49","","+0.08%"
"Aug 28, 2019","1,369.68","1,373.39","1,374.80","1,369.40","","-0.16%"
"Aug 27, 2019","1,371.81","1,378.42","1,379.33","1,371.09","","+0.36%"
"Aug 26, 2019","1,366.87","1,360.08","1,370.57","1,357.57","","-1.43%"
"Aug 23, 2019","1,386.69","1,385.68","1,389.97","1,384.75","","+0.01%"
"Aug 22, 2019","1,386.55","1,384.91","1,387.19","1,381.09","","+0.15%"
"Aug 21, 2019","1,384.43","1,380.05","1,387.35","1,379.62","","-0.68%"
"Aug 20, 2019","1,393.88","1,382.08","1,394.02","1,379.70","","+1.06%"
"Aug 19, 2019","1,379.28","1,379.72","1,381.76","1,373.89","","+0.32%"
"Aug 16, 2019","1,374.94","1,368.37","1,378.40","1,364.39","","+0.12%"
"Aug 15, 2019","1,373.32","1,360.77","1,373.32","1,353.22","","-0.89%"
"Aug 14, 2019","1,385.59","1,382.56","1,385.59","1,374.30","","+1.34%"
"Aug 13, 2019","1,367.33","1,375.00","1,375.20","1,362.80","","-1.34%"
"Aug 09, 2019","1,385.89","1,391.57","1,391.57","1,381.72","","+0.20%"
"Aug 08, 2019","1,383.06","1,390.58","1,391.03","1,380.18","","-0.63%"
"Aug 07, 2019","1,391.79","1,394.72","1,396.83","1,387.54","","-0.69%"
"Aug 06, 2019","1,401.46","1,370.08","1,402.82","1,357.92","","+0.18%"
"Aug 05, 2019","1,398.95","1,412.23","1,413.54","1,387.34","","-1.98%"
"Aug 02, 2019","1,427.26","1,438.61","1,438.61","1,420.39","","-2.35%"
"Aug 01, 2019","1,461.59","1,455.35","1,467.67","1,450.28","","-0.24%"
"Jul 31, 2019","1,465.04","1,464.78","1,473.14","1,464.41","","-0.78%"
"Jul 30, 2019","1,476.50","1,475.44","1,482.54","1,469.03","","+0.58%"
"Jul 29, 2019","1,467.94","1,467.58","1,469.30","1,461.91","","-0.04%"
"Jul 26, 2019","1,468.48","1,466.72","1,472.74","1,466.72","","-0.48%"
"Jul 25, 2019","1,475.56","1,476.49","1,480.96","1,475.44","","-0.17%"
"Jul 24, 2019","1,478.11","1,482.49","1,482.75","1,475.17","","-0.05%"
"Jul 23, 2019","1,478.78","1,466.55","1,482.16","1,463.62","","+0.67%"
"Jul 22, 2019","1,468.96","1,474.06","1,479.19","1,466.16","","-0.34%"
"Jul 19, 2019","1,473.93","1,453.42","1,475.70","1,449.69","","+1.63%"
"Jul 18, 2019","1,450.23","1,477.60","1,479.32","1,447.50","","-2.54%"
"Jul 17, 2019","1,488.06","1,486.28","1,496.63","1,484.27","","-0.24%"
"Jul 16, 2019","1,491.58","1,493.94","1,496.53","1,488.14","","-0.15%"
"Jul 12, 2019","1,493.86","1,494.35","1,497.02","1,488.82","","+0.30%"
"Jul 11, 2019","1,489.37","1,485.51","1,492.55","1,482.32","","+0.42%"
"Jul 10, 2019","1,483.11","1,480.35","1,487.07","1,478.35","","-0.39%"
"Jul 09, 2019","1,488.86","1,494.98","1,499.07","1,485.78","","-0.13%"
"Jul 08, 2019","1,490.74","1,498.19","1,501.77","1,489.34","","-0.79%"
"Jul 05, 2019","1,502.63","1,502.93","1,504.70","1,498.42","","-0.13%"
"Jul 04, 2019","1,504.66","1,504.41","1,506.08","1,499.72","","+0.65%"
"Jul 03, 2019","1,494.92","1,496.63","1,498.19","1,488.90","","-1.01%"
"Jul 02, 2019","1,510.19","1,495.66","1,511.59","1,494.70","","+1.03%"
"Jul 01, 2019","1,494.84","1,478.43","1,495.01","1,475.49","","+2.59%"
"Jun 28, 2019","1,457.10","1,456.94","1,461.12","1,451.64","","-0.42%"
"Jun 27, 2019","1,463.24","1,449.61","1,463.24","1,448.70","","+0.93%"
"Jun 26, 2019","1,449.78","1,453.32","1,458.27","1,447.77","","-0.75%"
"Jun 25, 2019","1,460.73","1,466.59","1,472.12","1,457.59","","-0.44%"
"Jun 24, 2019","1,467.14","1,462.16","1,471.31","1,460.76","","+0.16%"
"Jun 21, 2019","1,464.86","1,472.10","1,477.68","1,463.75","","-0.41%"
"Jun 20, 2019","1,470.82","1,468.40","1,476.17","1,464.56","","-0.27%"
"Jun 19, 2019","1,474.86","1,460.36","1,476.05","1,457.56","","+2.33%"
"Jun 18, 2019","1,441.30","1,455.17","1,457.86","1,438.96","","-1.05%"
"Jun 17, 2019","1,456.63","1,453.85","1,462.88","1,453.85","","-0.21%"
"Jun 14, 2019","1,459.64","1,458.02","1,465.46","1,451.92","","+0.33%"
"Jun 13, 2019","1,454.88","1,463.19","1,465.19","1,446.03","","-1.22%"
"Jun 12, 2019","1,472.80","1,463.81","1,478.45","1,463.79","","+0.20%"
"Jun 11, 2019","1,469.79","1,461.81","1,470.03","1,459.22","","+0.59%"
"Jun 10, 2019","1,461.10","1,455.27","1,464.57","1,450.58","","+1.15%"
"Jun 07, 2019","1,444.49","1,433.31","1,444.85","1,432.15","","+0.86%"
"Jun 06, 2019","1,432.22","1,438.01","1,440.83","1,432.22","","-0.53%"
"Jun 05, 2019","1,439.82","1,432.97","1,439.89","1,429.48","","+1.88%"
"Jun 04, 2019","1,413.26","1,410.64","1,413.52","1,403.53","","+0.39%"
"Jun 03, 2019","1,407.71","1,404.40","1,408.25","1,398.52","","-1.06%"
"May 31, 2019","1,422.80","1,427.21","1,430.97","1,421.79","","-0.95%"
"May 30, 2019","1,436.38","1,421.79","1,437.15","1,421.79","","+0.39%"
"May 29, 2019","1,430.84","1,427.64","1,433.81","1,419.18","","-0.63%"
"May 28, 2019","1,439.92","1,440.44","1,449.86","1,439.20","","-0.03%"
"May 27, 2019","1,440.35","1,438.94","1,445.22","1,434.25","","+0.41%"
"May 24, 2019","1,434.45","1,418.15","1,434.77","1,410.41","","-0.06%"
"May 23, 2019","1,435.24","1,440.32","1,440.83","1,432.37","","-0.82%"
"May 22, 2019","1,447.13","1,445.62","1,450.47","1,443.37","","+0.30%"
"May 21, 2019","1,442.77","1,442.66","1,450.17","1,437.55","","-0.81%"
"May 20, 2019","1,454.54","1,459.87","1,464.00","1,453.85","","-0.61%"
"May 17, 2019","1,463.41","1,451.89","1,466.16","1,445.25","","+1.44%"
"May 16, 2019","1,442.58","1,438.11","1,442.87","1,432.07","","-0.16%"
"May 15, 2019","1,444.88","1,438.28","1,444.97","1,431.56","","+0.46%"
"May 14, 2019","1,438.29","1,408.93","1,438.74","1,399.50","","+0.49%"
"May 13, 2019","1,431.23","1,432.29","1,440.99","1,424.54","","-0.50%"
"May 10, 2019","1,438.36","1,438.00","1,452.84","1,431.23","","-0.44%"
"May 09, 2019","1,444.78","1,442.32","1,460.30","1,419.61","","-0.67%"
"May 08, 2019","1,454.55","1,469.19","1,470.09","1,447.94","","-2.21%"
"May 07, 2019","1,487.49","1,515.09","1,517.13","1,485.30","","-1.89%"
"Apr 26, 2019","1,516.17","1,508.02","1,517.84","1,504.96","","+0.22%"
"Apr 25, 2019","1,512.81","1,506.63","1,514.86","1,501.88","","+0.45%"
"Apr 24, 2019","1,506.00","1,525.33","1,525.33","1,505.02","","-0.89%"
"Apr 23, 2019","1,519.54","1,510.36","1,520.01","1,510.36","","+0.54%"
"Apr 22, 2019","1,511.37","1,502.97","1,511.91","1,498.04","","+0.45%"
"Apr 19, 2019","1,504.54","1,514.59","1,515.02","1,503.49","","+0.07%"
"Apr 18, 2019","1,503.56","1,518.66","1,520.01","1,500.79","","-1.07%"
"Apr 17, 2019","1,519.82","1,516.99","1,524.57","1,515.76","","+0.16%"
"Apr 16, 2019","1,517.42","1,522.93","1,525.59","1,516.75","","-0.78%"
"Apr 15, 2019","1,529.42","1,522.13","1,532.04","1,522.13","","+1.53%"
"Apr 12, 2019","1,506.34","1,508.00","1,509.28","1,501.32","","-0.04%"
"Apr 11, 2019","1,506.91","1,505.64","1,510.33","1,501.79","","-0.20%"
"Apr 10, 2019","1,509.94","1,509.73","1,513.08","1,505.63","","-0.99%"
"Apr 09, 2019","1,525.09","1,525.62","1,527.07","1,516.47","","-0.36%"
"Apr 08, 2019","1,530.54","1,538.55","1,538.55","1,527.10","","-0.20%"
"Apr 05, 2019","1,533.60","1,527.97","1,534.44","1,527.97","","+0.54%"
"Apr 04, 2019","1,525.30","1,523.95","1,532.69","1,521.70","","-0.04%"
"Apr 03, 2019","1,525.94","1,518.97","1,527.08","1,516.17","","+0.43%"
"Apr 02, 2019","1,519.35","1,533.86","1,535.26","1,519.26","","-0.36%"
"Apr 01, 2019","1,524.77","1,517.14","1,532.45","1,516.49","","+1.83%"
"Mar 29, 2019","1,497.32","1,503.58","1,503.95","1,495.57","","+0.41%"
"Mar 28, 2019","1,491.23","1,514.67","1,515.77","1,488.73","","-2.25%"
"Mar 27, 2019","1,525.61","1,532.46","1,532.46","1,513.93","","-1.92%"
"Mar 26, 2019","1,555.41","1,528.39","1,555.41","1,525.14","","+2.81%"
"Mar 25, 2019","1,512.85","1,524.33","1,525.64","1,505.62","","-2.44%"
"Mar 22, 2019","1,550.68","1,546.30","1,550.68","1,539.06","","+0.34%"
"Mar 20, 2019","1,545.48","1,531.57","1,546.05","1,530.53","","+1.18%"
"Mar 19, 2019","1,527.44","1,529.23","1,529.23","1,520.56","","+0.01%"
"Mar 18, 2019","1,527.28","1,522.45","1,528.03","1,517.82","","+0.62%"
"Mar 15, 2019","1,517.92","1,508.91","1,522.25","1,508.91","","+0.98%"
"Mar 14, 2019","1,503.25","1,515.19","1,516.44","1,503.25","","-0.16%"
"Mar 13, 2019","1,505.69","1,516.95","1,517.78","1,501.66","","-0.91%"
"Mar 12, 2019","1,519.51","1,511.61","1,526.16","1,510.73","","+1.52%"
"Mar 11, 2019","1,496.80","1,486.54","1,497.61","1,486.54","","+0.72%"
"Mar 08, 2019","1,486.05","1,497.39","1,500.67","1,484.60","","-1.36%"
"Mar 07, 2019","1,506.49","1,512.06","1,513.25","1,504.13","","-0.64%"
"Mar 06, 2019","1,516.15","1,516.86","1,520.90","1,512.87","","-0.14%"
"Mar 05, 2019","1,518.32","1,518.05","1,519.31","1,513.88","","-0.35%"
"Mar 04, 2019","1,523.67","1,525.47","1,526.25","1,518.89","","+0.35%"
"Mar 01, 2019","1,518.35","1,518.47","1,522.83","1,514.07","","+0.15%"
"Feb 28, 2019","1,516.07","1,519.64","1,523.67","1,515.85","","-0.49%"
"Feb 27, 2019","1,523.55","1,524.00","1,528.31","1,521.87","","0.00%"
"Feb 26, 2019","1,523.59","1,527.89","1,531.46","1,519.05","","-0.41%"
"Feb 25, 2019","1,529.82","1,537.80","1,537.80","1,527.47","","+0.11%"
"Feb 22, 2019","1,528.15","1,523.59","1,528.91","1,515.13","","-0.89%"
"Feb 21, 2019","1,541.85","1,541.83","1,549.76","1,535.15","","-0.26%"
"Feb 20, 2019","1,545.81","1,536.77","1,548.02","1,535.30","","+1.08%"
"Feb 19, 2019","1,529.30","1,520.03","1,531.35","1,518.15","","+0.26%"
"Feb 18, 2019","1,525.30","1,523.59","1,526.93","1,517.88","","+1.63%"
"Feb 15, 2019","1,500.80","1,495.35","1,502.34","1,491.72","","-0.29%"
"Feb 14, 2019","1,505.14","1,513.16","1,519.50","1,503.78","","+0.09%"
"Feb 13, 2019","1,503.72","1,495.36","1,504.19","1,489.40","","+1.17%"
"Feb 12, 2019","1,486.37","1,465.12","1,491.55","1,461.13","","+1.91%"
"Feb 08, 2019","1,458.57","1,481.22","1,481.22","1,455.96","","-2.78%"
"Feb 07, 2019","1,500.34","1,515.32","1,517.35","1,494.03","","-1.36%"
"Feb 06, 2019","1,521.00","1,530.05","1,533.66","1,518.93","","-0.17%"
"Feb 05, 2019","1,523.61","1,518.73","1,532.06","1,508.03","","+1.11%"
"Feb 04, 2019","1,506.90","1,498.34","1,508.85","1,498.34","","+1.25%"
"Feb 01, 2019","1,488.24","1,493.92","1,505.55","1,486.13","","-0.91%"
"Jan 31, 2019","1,501.93","1,505.13","1,510.48","1,498.02","","+1.02%"
"Jan 30, 2019","1,486.72","1,488.60","1,495.44","1,486.20","","+0.03%"
"Jan 29, 2019","1,486.21","1,481.91","1,489.75","1,474.81","","+0.10%"
"Jan 28, 2019","1,484.67","1,492.96","1,497.72","1,483.96","","-0.78%"
"Jan 25, 2019","1,496.37","1,485.85","1,500.78","1,484.43","","+0.62%"
"Jan 24, 2019","1,487.21","1,473.81","1,491.24","1,470.22","","+0.25%"
"Jan 23, 2019","1,483.55","1,486.17","1,494.87","1,481.82","","-0.80%"
"Jan 22, 2019","1,495.44","1,511.17","1,514.13","1,492.92","","-1.01%"
"Jan 21, 2019","1,510.67","1,501.08","1,512.87","1,501.08","","+1.52%"
"Jan 18, 2019","1,488.10","1,479.66","1,496.02","1,479.66","","+0.89%"
"Jan 17, 2019","1,474.93","1,466.65","1,477.26","1,464.76","","+0.48%"
"Jan 16, 2019","1,467.94","1,478.02","1,478.02","1,464.24","","-0.70%"
"Jan 15, 2019","1,478.23","1,456.28","1,479.54","1,452.47","","+0.88%"
"Jan 11, 2019","1,465.36","1,475.33","1,476.08","1,460.41","","+0.07%"
"Jan 10, 2019","1,464.31","1,463.92","1,467.44","1,453.72","","-0.32%"
"Jan 09, 2019","1,469.07","1,464.98","1,471.47","1,461.88","","+1.04%"
"Jan 08, 2019","1,453.96","1,452.92","1,467.73","1,450.09","","-0.12%"
"Jan 07, 2019","1,455.64","1,447.37","1,465.77","1,447.18","","+2.73%"
"Jan 04, 2019","1,417.00","1,401.04","1,417.84","1,382.70","","-0.77%"
"Dec 28, 2018","1,428.03","1,415.79","1,434.93","1,412.26","","-0.06%"
"Dec 27, 2018","1,428.94","1,378.51","1,432.99","1,378.28","","+5.81%"
"Dec 26, 2018","1,350.53","1,343.63","1,366.70","1,331.64","","+1.29%"
"Dec 25, 2018","1,333.38","1,379.39","1,379.39","1,330.64","","-5.23%"
"Dec 21, 2018","1,406.98","1,434.70","1,435.43","1,397.40","","-2.01%"
"Dec 20, 2018","1,435.88","1,464.96","1,469.95","1,431.85","","-2.39%"
"Dec 19, 2018","1,471.06","1,480.27","1,480.65","1,462.65","","-0.94%"
"Dec 18, 2018","1,485.03","1,493.29","1,504.31","1,485.03","","-1.53%"
"Dec 17, 2018","1,508.04","1,513.55","1,523.02","1,507.84","","-0.48%"
"Dec 14, 2018","1,515.24","1,533.14","1,534.65","1,511.52","","-0.88%"
"Dec 13, 2018","1,528.72","1,523.00","1,534.54","1,516.50","","+1.08%"
"Dec 12, 2018","1,512.43","1,493.15","1,513.81","1,489.77","","+2.11%"
"Dec 11, 2018","1,481.15","1,496.99","1,498.93","1,475.35","","-1.01%"
"Dec 10, 2018","1,496.21","1,499.92","1,503.86","1,491.25","","-1.49%"
"Dec 07, 2018","1,518.84","1,514.82","1,522.00","1,508.24","","+0.61%"
"Dec 06, 2018","1,509.70","1,524.12","1,528.07","1,502.67","","-1.62%"
"Dec 05, 2018","1,534.61","1,516.71","1,539.12","1,514.96","","-0.05%"
"Dec 04, 2018","1,535.42","1,575.89","1,578.45","1,535.21","","-2.68%"
"Dec 03, 2018","1,577.72","1,573.09","1,583.69","1,568.98","","+1.70%"
"Nov 30, 2018","1,551.28","1,543.48","1,555.39","1,543.48","","+0.57%"
"Nov 29, 2018","1,542.43","1,546.18","1,552.70","1,542.43","","+0.64%"
"Nov 28, 2018","1,532.57","1,536.44","1,536.44","1,519.92","","-0.22%"
"Nov 27, 2018","1,535.97","1,538.71","1,540.54","1,527.83","","+0.36%"
"Nov 26, 2018","1,530.46","1,510.58","1,532.12","1,510.58","","+0.39%"
"Nov 22, 2018","1,524.51","1,522.15","1,526.03","1,514.09","","+0.65%"
"Nov 21, 2018","1,514.72","1,514.32","1,518.01","1,501.20","","-1.90%"
"Nov 20, 2018","1,544.07","1,522.16","1,544.07","1,522.06","","+0.65%"
"Nov 19, 2018","1,534.13","1,535.75","1,545.36","1,530.40","","+0.11%"
"Nov 16, 2018","1,532.41","1,539.31","1,544.00","1,529.61","","-0.20%"
"Nov 15, 2018","1,535.50","1,529.19","1,535.98","1,525.59","","+0.12%"
"Nov 14, 2018","1,533.64","1,535.83","1,543.17","1,531.23","","-0.73%"
"Nov 13, 2018","1,544.92","1,550.58","1,551.60","1,532.50","","-2.24%"
"Nov 12, 2018","1,580.27","1,575.30","1,583.70","1,567.07","","0.00%"
"Nov 09, 2018","1,580.34","1,586.65","1,593.32","1,579.88","","-0.47%"
"Nov 08, 2018","1,587.88","1,582.39","1,595.33","1,579.32","","+2.06%"
"Nov 07, 2018","1,555.80","1,580.66","1,587.08","1,548.77","","-1.73%"
"Nov 06, 2018","1,583.15","1,558.64","1,586.43","1,557.53","","+2.39%"
"Nov 05, 2018","1,546.24","1,568.99","1,568.99","1,545.74","","-2.18%"
"Nov 02, 2018","1,580.63","1,565.42","1,580.63","1,540.73","","+1.69%"
"Nov 01, 2018","1,554.41","1,568.59","1,568.65","1,550.43","","-0.99%"
"Oct 31, 2018","1,569.88","1,557.73","1,569.88","1,550.31","","+1.66%"
"Oct 30, 2018","1,544.21","1,525.74","1,560.49","1,525.34","","+1.16%"
"Oct 29, 2018","1,526.57","1,532.78","1,545.36","1,523.89","","+0.44%"
"Oct 26, 2018","1,519.89","1,535.24","1,536.13","1,506.04","","-0.10%"
"Oct 25, 2018","1,521.47","1,540.33","1,541.40","1,518.55","","-3.18%"
"Oct 24, 2018","1,571.50","1,587.71","1,588.74","1,559.43","","-0.28%"
"Oct 23, 2018","1,575.99","1,609.74","1,609.74","1,575.86","","-2.87%"
"Oct 22, 2018","1,622.63","1,608.12","1,626.97","1,603.25","","+0.20%"
"Oct 19, 2018","1,619.34","1,609.79","1,621.85","1,606.21","","-0.69%"
"Oct 18, 2018","1,630.57","1,649.47","1,651.01","1,629.31","","-0.95%"
"Oct 17, 2018","1,646.27","1,644.41","1,652.31","1,635.99","","+0.89%"
"Oct 16, 2018","1,631.68","1,612.43","1,632.76","1,611.88","","+0.96%"
"Oct 15, 2018","1,616.10","1,623.60","1,627.41","1,608.78","","-1.01%"
"Oct 12, 2018","1,632.52","1,635.05","1,640.25","1,625.14","","-0.70%"
"Oct 11, 2018","1,643.95","1,675.60","1,675.65","1,639.98","","-3.94%"
"Oct 10, 2018","1,711.36","1,711.31","1,720.36","1,699.36","","+0.03%"
"Oct 09, 2018","1,710.80","1,718.08","1,720.98","1,701.31","","-0.91%"
"Oct 05, 2018","1,726.53","1,716.13","1,734.60","1,716.13","","-0.14%"
"Oct 04, 2018","1,728.91","1,728.43","1,733.99","1,721.52","","+1.04%"
"Oct 03, 2018","1,711.04","1,727.19","1,735.16","1,707.62","","-0.91%"
"Oct 02, 2018","1,726.67","1,727.31","1,741.03","1,722.73","","+0.90%"
"Oct 01, 2018","1,711.33","1,687.92","1,711.91","1,681.17","","+1.30%"
"Sep 28, 2018","1,689.31","1,686.37","1,700.29","1,680.05","","+1.27%"
"Sep 27, 2018","1,668.12","1,673.96","1,689.14","1,666.98","","-1.19%"
"Sep 26, 2018","1,688.24","1,682.63","1,689.53","1,672.01","","-1.07%"
"Sep 25, 2018","1,706.44","1,690.49","1,706.44","1,687.36","","+1.04%"
"Sep 21, 2018","1,688.95","1,673.99","1,691.44","1,672.41","","+1.36%"
"Sep 20, 2018","1,666.28","1,667.02","1,670.03","1,659.77","","+0.47%"
"Sep 19, 2018","1,658.55","1,648.61","1,660.90","1,647.56","","+1.99%"
"Sep 18, 2018","1,626.19","1,595.69","1,628.07","1,595.69","","+1.71%"
"Sep 14, 2018","1,598.80","1,590.91","1,600.53","1,590.91","","+1.49%"
"Sep 13, 2018","1,575.40","1,550.57","1,577.81","1,549.57","","+1.95%"
"Sep 12, 2018","1,545.21","1,552.69","1,554.22","1,537.44","","-0.22%"
"Sep 11, 2018","1,548.62","1,548.07","1,555.84","1,545.00","","+0.32%"
"Sep 10, 2018","1,543.71","1,535.25","1,546.32","1,534.76","","+0.15%"
"Sep 07, 2018","1,541.37","1,541.60","1,543.58","1,531.37","","-0.10%"
"Sep 06, 2018","1,542.95","1,548.26","1,550.42","1,542.30","","-0.31%"
"Sep 05, 2018","1,547.80","1,550.66","1,554.21","1,542.80","","-0.37%"
"Sep 04, 2018","1,553.50","1,556.47","1,558.26","1,548.06","","-0.47%"
"Sep 03, 2018","1,560.82","1,568.86","1,569.66","1,556.19","","-0.79%"
"Aug 31, 2018","1,573.18","1,566.33","1,578.73","1,565.30","","-0.12%"
"Aug 30, 2018","1,575.12","1,586.29","1,587.00","1,571.51","","-0.27%"
"Aug 29, 2018","1,579.36","1,572.75","1,584.51","1,572.75","","+0.78%"
"Aug 28, 2018","1,567.06","1,575.80","1,582.39","1,567.06","","+0.17%"
"Aug 27, 2018","1,564.33","1,550.93","1,566.75","1,550.93","","+1.17%"
"Aug 24, 2018","1,546.22","1,550.15","1,551.49","1,542.06","","+0.63%"
"Aug 23, 2018","1,536.47","1,547.16","1,548.07","1,534.66","","-0.35%"
"Aug 22, 2018","1,541.93","1,521.59","1,541.93","1,521.59","","+1.53%"
"Aug 21, 2018","1,518.62","1,527.59","1,527.59","1,515.42","","-0.91%"
"Aug 20, 2018","1,532.57","1,537.85","1,542.72","1,531.19","","-0.83%"
"Aug 17, 2018","1,545.36","1,540.28","1,546.19","1,537.58","","+1.00%"
"Aug 16, 2018","1,530.11","1,530.30","1,533.34","1,516.20","","-1.10%"
"Aug 15, 2018","1,547.18","1,563.16","1,567.50","1,542.88","","-0.68%"
"Aug 14, 2018","1,557.85","1,544.64","1,558.20","1,540.88","","+1.28%"
"Aug 13, 2018","1,538.11","1,561.04","1,561.04","1,534.16","","-1.88%"
"Aug 10, 2018","1,567.59","1,584.18","1,584.18","1,566.28","","-1.07%"
"Aug 09, 2018","1,584.60","1,586.16","1,588.32","1,579.42","","-0.55%"
"Aug 08, 2018","1,593.38","1,597.89","1,604.17","1,592.04","","+0.32%"
"Aug 07, 2018","1,588.34","1,570.46","1,588.34","1,570.46","","+0.79%"
"Aug 06, 2018","1,575.92","1,583.03","1,593.18","1,574.89","","-0.28%"
"Aug 03, 2018","1,580.38","1,598.88","1,599.87","1,578.95","","-0.72%"
"Aug 02, 2018","1,591.80","1,599.65","1,604.43","1,585.10","","-0.82%"
"Aug 01, 2018","1,604.89","1,587.60","1,608.19","1,587.23","","+1.74%"
"Jul 31, 2018","1,577.38","1,590.02","1,594.60","1,576.90","","-1.42%"
"Jul 30, 2018","1,600.13","1,598.89","1,605.69","1,598.89","","-0.50%"
"Jul 27, 2018","1,608.16","1,601.50","1,610.94","1,598.35","","+0.74%"
"Jul 26, 2018","1,596.39","1,595.32","1,597.91","1,590.44","","+1.05%"
"Jul 25, 2018","1,579.75","1,571.43","1,581.44","1,570.89","","+0.83%"
"Jul 24, 2018","1,566.69","1,565.71","1,569.84","1,560.30","","+0.39%"
"Jul 23, 2018","1,560.56","1,557.10","1,570.17","1,557.10","","-0.57%"
"Jul 20, 2018","1,569.58","1,580.43","1,585.34","1,561.38","","-0.98%"
"Jul 19, 2018","1,585.13","1,589.95","1,593.16","1,583.98","","-0.07%"
"Jul 18, 2018","1,586.31","1,590.97","1,591.83","1,582.03","","+0.59%"
"Jul 17, 2018","1,577.01","1,569.86","1,586.34","1,567.25","","+0.50%"
"Jul 13, 2018","1,569.22","1,559.24","1,572.13","1,557.04","","+1.00%"
"Jul 12, 2018","1,553.64","1,561.22","1,566.98","1,553.64","","-0.54%"
"Jul 11, 2018","1,562.12","1,569.21","1,570.01","1,552.44","","-0.69%"
"Jul 10, 2018","1,573.02","1,581.75","1,590.29","1,573.02","","+0.31%"
"Jul 09, 2018","1,568.11","1,557.77","1,569.95","1,553.21","","+0.79%"
"Jul 06, 2018","1,555.88","1,538.62","1,560.42","1,538.07","","+1.86%"
"Jul 05, 2018","1,527.47","1,548.97","1,550.26","1,526.58","","-1.50%"
"Jul 04, 2018","1,550.75","1,540.37","1,556.34","1,538.53","","+0.84%"
"Jul 03, 2018","1,537.87","1,552.89","1,553.45","1,528.10","","-0.68%"
"Jul 02, 2018","1,548.39","1,572.77","1,580.14","1,546.91","","-1.63%"
"Jun 29, 2018","1,573.99","1,561.78","1,574.67","1,555.59","","+0.37%"
"Jun 28, 2018","1,568.17","1,566.31","1,570.82","1,558.80","","-0.28%"
"Jun 27, 2018","1,572.52","1,575.45","1,577.85","1,559.66","","+0.50%"
"Jun 26, 2018","1,564.65","1,556.52","1,567.02","1,548.25","","-0.01%"
"Jun 25, 2018","1,564.75","1,586.06","1,587.23","1,562.29","","-0.63%"
"Jun 22, 2018","1,574.67","1,560.82","1,576.45","1,559.84","","-0.17%"
"Jun 21, 2018","1,577.41","1,581.73","1,592.84","1,576.83","","-0.58%"
"Jun 20, 2018","1,586.64","1,594.50","1,595.10","1,564.93","","-0.55%"
"Jun 19, 2018","1,595.35","1,615.81","1,625.00","1,594.51","","-1.31%"
"Jun 18, 2018","1,616.57","1,629.18","1,631.92","1,611.07","","-1.31%"
"Jun 15, 2018","1,637.98","1,639.54","1,640.67","1,631.79","","+0.20%"
"Jun 14, 2018","1,634.67","1,642.63","1,644.06","1,634.55","","-1.03%"
"Jun 13, 2018","1,651.63","1,653.96","1,658.09","1,649.77","","+0.04%"
"Jun 12, 2018","1,650.96","1,659.33","1,663.65","1,645.22","","-0.05%"
"Jun 11, 2018","1,651.86","1,646.25","1,657.63","1,640.36","","+0.06%"
"Jun 08, 2018","1,650.90","1,650.62","1,666.13","1,650.62","","-0.65%"
"Jun 07, 2018","1,661.72","1,655.27","1,662.79","1,655.27","","+1.08%"
"Jun 06, 2018","1,643.95","1,639.34","1,647.28","1,637.60","","+0.57%"
"Jun 05, 2018","1,634.62","1,638.90","1,640.56","1,629.70","","+0.02%"
"Jun 04, 2018","1,634.24","1,617.48","1,635.40","1,617.48","","+2.27%"
"Jun 01, 2018","1,597.95","1,580.35","1,603.40","1,578.68","","+0.23%"
"May 31, 2018","1,594.30","1,593.20","1,597.81","1,584.15","","+1.06%"
"May 30, 2018","1,577.54","1,578.12","1,584.01","1,574.25","","-1.67%"
"May 29, 2018","1,604.26","1,611.94","1,616.07","1,595.97","","-0.47%"
"May 28, 2018","1,611.91","1,618.39","1,622.45","1,610.20","","-0.87%"
"May 25, 2018","1,626.13","1,626.82","1,637.08","1,622.66","","-0.77%"
"May 24, 2018","1,638.83","1,654.85","1,657.04","1,636.10","","-0.72%"
"May 23, 2018","1,650.71","1,664.74","1,665.28","1,647.89","","-1.44%"
"May 22, 2018","1,674.89","1,673.74","1,678.01","1,670.74","","+0.25%"
"May 21, 2018","1,670.78","1,669.09","1,673.50","1,665.57","","+0.01%"
"May 18, 2018","1,670.58","1,662.09","1,671.69","1,658.27","","+0.51%"
"May 17, 2018","1,662.03","1,649.75","1,663.32","1,649.75","","+0.91%"
"May 16, 2018","1,647.03","1,645.38","1,652.02","1,645.33","","+0.07%"
"May 15, 2018","1,645.88","1,647.32","1,653.77","1,644.42","","+0.10%"
"May 14, 2018","1,644.16","1,639.09","1,646.09","1,635.82","","+0.18%"
"May 11, 2018","1,641.16","1,631.10","1,642.32","1,631.10","","+0.74%"
"May 10, 2018","1,629.05","1,624.93","1,631.27","1,620.55","","+0.30%"
"May 09, 2018","1,624.13","1,631.49","1,633.10","1,619.54","","-0.58%"
"May 08, 2018","1,633.58","1,617.53","1,640.11","1,617.53","","+0.75%"
"May 07, 2018","1,621.47","1,627.29","1,627.29","1,608.18","","-0.25%"
"May 02, 2018","1,625.47","1,632.97","1,633.82","1,617.71","","-0.27%"
"May 01, 2018","1,629.90","1,618.43","1,629.90","1,615.51","","+0.44%"
"Apr 27, 2018","1,622.76","1,625.51","1,626.74","1,611.43","","+0.44%"
"Apr 26, 2018","1,615.63","1,620.25","1,620.25","1,609.14","","0.00%"
"Apr 25, 2018","1,615.69","1,605.10","1,617.83","1,605.09","","+0.15%"
"Apr 24, 2018","1,613.33","1,602.48","1,613.40","1,591.84","","+1.24%"
"Apr 23, 2018","1,593.51","1,585.63","1,597.27","1,584.22","","+0.44%"
"Apr 20, 2018","1,586.53","1,582.40","1,592.02","1,579.04","","+0.48%"
"Apr 19, 2018","1,578.96","1,576.86","1,589.37","1,576.54","","+0.82%"
"Apr 18, 2018","1,566.17","1,555.74","1,567.72","1,554.34","","+0.67%"
"Apr 17, 2018","1,555.71","1,559.84","1,562.43","1,550.10","","-0.42%"
"Apr 16, 2018","1,562.25","1,555.95","1,563.98","1,552.10","","+0.37%"
"Apr 13, 2018","1,556.51","1,555.07","1,562.99","1,552.61","","+0.59%"
"Apr 12, 2018","1,547.36","1,556.40","1,556.90","1,546.55","","-0.41%"
"Apr 11, 2018","1,553.78","1,553.41","1,558.01","1,549.26","","+0.62%"
"Apr 10, 2018","1,544.18","1,523.14","1,550.17","1,522.58","","+1.23%"
"Apr 09, 2018","1,525.37","1,521.50","1,529.77","1,516.04","","-0.31%"
"Apr 06, 2018","1,530.04","1,529.27","1,539.47","1,526.12","","+0.10%"
"Apr 05, 2018","1,528.54","1,522.84","1,534.31","1,517.14","","+1.01%"
"Apr 04, 2018","1,513.23","1,515.43","1,518.13","1,509.07","","+0.17%"
"Apr 03, 2018","1,510.65","1,501.73","1,515.64","1,497.25","","-0.75%"
"Apr 02, 2018","1,522.00","1,531.03","1,537.39","1,522.00","","-0.68%"
"Mar 30, 2018","1,532.40","1,528.29","1,535.47","1,521.87","","+1.00%"
"Mar 29, 2018","1,517.16","1,526.67","1,527.34","1,503.37","","+0.38%"
"Mar 28, 2018","1,511.42","1,497.30","1,511.57","1,491.27","","-1.78%"
"Mar 27, 2018","1,538.84","1,499.86","1,538.84","1,498.30","","+3.60%"
"Mar 26, 2018","1,485.34","1,479.65","1,485.34","1,467.89","","-0.28%"
"Mar 23, 2018","1,489.58","1,511.35","1,511.53","1,485.71","","-3.33%"
"Mar 22, 2018","1,540.94","1,532.94","1,544.91","1,530.04","","+0.63%"
"Mar 20, 2018","1,531.23","1,515.01","1,531.53","1,511.85","","+0.50%"
"Mar 19, 2018","1,523.61","1,539.84","1,539.84","1,515.50","","-1.43%"
"Mar 16, 2018","1,545.75","1,553.97","1,553.97","1,545.21","","-0.33%"
"Mar 15, 2018","1,550.83","1,548.01","1,552.26","1,535.11","","-0.11%"
"Mar 14, 2018","1,552.53","1,550.96","1,558.55","1,549.36","","-0.45%"
"Mar 13, 2018","1,559.54","1,555.42","1,559.54","1,546.18","","+0.07%"
"Mar 12, 2018","1,558.42","1,549.85","1,559.90","1,548.31","","+2.12%"
"Mar 09, 2018","1,526.09","1,540.45","1,554.07","1,518.07","","+0.06%"
"Mar 08, 2018","1,525.18","1,538.14","1,539.55","1,519.78","","-0.36%"
"Mar 07, 2018","1,530.62","1,535.20","1,545.28","1,529.33","","-0.65%"
"Mar 06, 2018","1,540.66","1,548.20","1,558.25","1,538.46","","+0.94%"
"Mar 05, 2018","1,526.27","1,535.39","1,539.91","1,520.35","","-1.31%"
"Mar 02, 2018","1,546.54","1,548.04","1,552.47","1,540.56","","-1.74%"
"Mar 01, 2018","1,573.85","1,580.37","1,580.37","1,567.92","","-1.59%"
"Feb 28, 2018","1,599.26","1,605.95","1,619.66","1,599.26","","-0.95%"
"Feb 27, 2018","1,614.57","1,617.56","1,625.95","1,609.67","","+0.53%"
"Feb 26, 2018","1,606.12","1,599.83","1,607.36","1,597.57","","+1.31%"
"Feb 23, 2018","1,585.40","1,574.57","1,586.64","1,571.22","","+1.16%"
"Feb 22, 2018","1,567.16","1,567.40","1,570.53","1,558.40","","-0.77%"
"Feb 21, 2018","1,579.26","1,589.01","1,590.06","1,574.29","","-0.72%"
"Feb 20, 2018","1,590.65","1,586.67","1,593.70","1,578.14","","-0.43%"
"Feb 19, 2018","1,597.58","1,562.10","1,597.93","1,560.40","","+3.36%"
"Feb 16, 2018","1,545.72","1,544.54","1,555.63","1,541.29","","+0.82%"
"Feb 15, 2018","1,533.13","1,534.84","1,537.82","1,524.49","","+0.68%"
"Feb 14, 2018","1,522.79","1,536.12","1,541.13","1,515.94","","-0.72%"
"Feb 13, 2018","1,533.89","1,573.47","1,573.47","1,530.67","","-1.45%"
"Feb 09, 2018","1,556.50","1,541.50","1,556.50","1,527.34","","-1.14%"
"Feb 08, 2018","1,574.51","1,568.91","1,585.24","1,567.15","","+0.77%"
"Feb 07, 2018","1,562.43","1,596.56","1,627.62","1,562.43","","-0.31%"
"Feb 06, 2018","1,567.24","1,606.05","1,606.07","1,533.81","","-4.49%"
"Feb 05, 2018","1,640.90","1,650.26","1,653.00","1,630.57","","-2.12%"
"Feb 02, 2018","1,676.42","1,662.45","1,679.76","1,647.33","","+0.96%"
"Feb 01, 2018","1,660.49","1,636.70","1,661.60","1,634.80","","+2.33%"
"Jan 31, 2018","1,622.75","1,633.24","1,645.25","1,622.75","","-1.48%"
"Jan 30, 2018","1,647.06","1,667.34","1,669.10","1,644.14","","-1.44%"
"Jan 29, 2018","1,671.07","1,664.77","1,676.78","1,659.03","","+0.50%"
"Jan 26, 2018","1,662.79","1,671.41","1,674.11","1,661.69","","-0.82%"
"Jan 25, 2018","1,676.53","1,673.37","1,678.05","1,665.34","","-0.13%"
"Jan 24, 2018","1,678.75","1,674.42","1,685.74","1,674.21","","+0.20%"
"Jan 23, 2018","1,675.47","1,672.29","1,678.58","1,669.45","","+0.38%"
"Jan 22, 2018","1,669.09","1,676.25","1,676.55","1,660.18","","-0.51%"
"Jan 19, 2018","1,677.68","1,663.96","1,678.44","1,660.70","","+1.00%"
"Jan 18, 2018","1,661.01","1,693.14","1,693.41","1,659.20","","-1.25%"
"Jan 17, 2018","1,681.98","1,683.33","1,688.67","1,678.20","","-0.78%"
"Jan 16, 2018","1,695.17","1,693.09","1,697.92","1,690.72","","-0.04%"
"Jan 15, 2018","1,695.79","1,702.78","1,705.69","1,694.65","","+0.47%"
"Jan 12, 2018","1,687.82","1,693.04","1,694.61","1,680.47","","-0.35%"
"Jan 11, 2018","1,693.71","1,678.85","1,693.71","1,678.17","","+0.61%"
"Jan 10, 2018","1,683.40","1,679.13","1,686.98","1,678.65","","+0.25%"
"Jan 09, 2018","1,679.22","1,688.14","1,691.92","1,675.50","","+0.24%"
"Jan 05, 2018","1,675.20","1,670.86","1,676.95","1,667.84","","+0.63%"
"Jan 04, 2018","1,664.79","1,638.98","1,664.79","1,638.98","","+2.83%"
"Dec 29, 2017","1,619.01","1,630.10","1,631.16","1,618.80","","+0.08%"
"Dec 28, 2017","1,617.67","1,621.33","1,631.02","1,614.70","","-0.16%"
"Dec 27, 2017","1,620.34","1,607.27","1,623.92","1,605.32","","+1.07%"
"Dec 26, 2017","1,603.20","1,613.51","1,613.74","1,600.97","","-0.61%"
"Dec 25, 2017","1,612.97","1,612.41","1,613.95","1,605.00","","+0.18%"
"Dec 22, 2017","1,610.09","1,596.96","1,610.92","1,596.96","","+1.43%"
"Dec 21, 2017","1,587.42","1,587.36","1,593.09","1,580.45","","+0.14%"
"Dec 20, 2017","1,585.19","1,557.90","1,587.03","1,557.90","","+1.63%"
"Dec 19, 2017","1,559.69","1,562.69","1,563.91","1,556.39","","+0.36%"
"Dec 18, 2017","1,554.03","1,546.78","1,555.42","1,545.96","","+1.34%"
"Dec 15, 2017","1,533.41","1,540.35","1,543.29","1,526.99","","-0.69%"
"Dec 14, 2017","1,544.00","1,541.85","1,546.79","1,539.84","","+0.26%"
"Dec 13, 2017","1,540.02","1,543.54","1,545.50","1,537.54","","-0.39%"
"Dec 12, 2017","1,546.06","1,540.82","1,548.02","1,540.82","","+0.48%"
"Dec 11, 2017","1,538.73","1,540.16","1,540.93","1,525.46","","+0.27%"
"Dec 08, 2017","1,534.60","1,508.88","1,534.87","1,508.88","","+1.43%"
"Dec 07, 2017","1,513.00","1,500.27","1,513.55","1,500.27","","+1.13%"
"Dec 06, 2017","1,496.12","1,515.49","1,515.76","1,493.89","","-1.71%"
"Dec 05, 2017","1,522.21","1,511.25","1,524.95","1,506.73","","+0.75%"
"Dec 04, 2017","1,510.81","1,527.91","1,529.11","1,509.34","","-0.58%"
"Dec 01, 2017","1,519.63","1,518.34","1,521.86","1,511.15","","+0.33%"
"Nov 30, 2017","1,514.59","1,509.77","1,516.22","1,502.46","","+0.48%"
"Nov 29, 2017","1,507.35","1,499.36","1,507.84","1,497.84","","+1.54%"
"Nov 28, 2017","1,484.45","1,484.95","1,495.96","1,483.70","","-0.14%"
"Nov 27, 2017","1,486.49","1,495.87","1,496.30","1,483.43","","-0.17%"
"Nov 24, 2017","1,489.06","1,481.95","1,490.47","1,478.70","","+0.18%"
"Nov 22, 2017","1,486.38","1,488.45","1,491.81","1,485.14","","+0.37%"
"Nov 21, 2017","1,480.85","1,483.35","1,487.48","1,480.05","","+0.40%"
"Nov 20, 2017","1,474.93","1,475.49","1,482.36","1,471.35","","-0.16%"
"Nov 17, 2017","1,477.32","1,488.53","1,493.19","1,474.14","","+0.42%"
"Nov 16, 2017","1,471.12","1,458.28","1,481.69","1,458.28","","+0.41%"
"Nov 15, 2017","1,465.09","1,491.14","1,491.14","1,461.49","","-2.70%"
"Nov 14, 2017","1,505.74","1,509.77","1,511.32","1,501.74","","-0.50%"
"Nov 13, 2017","1,513.33","1,528.91","1,529.22","1,513.33","","-1.55%"
"Nov 10, 2017","1,537.09","1,525.81","1,539.34","1,525.54","","-0.60%"
"Nov 09, 2017","1,546.36","1,551.26","1,564.32","1,528.79","","+0.09%"
"Nov 08, 2017","1,545.00","1,538.29","1,545.17","1,534.12","","+0.33%"
"Nov 07, 2017","1,539.97","1,521.56","1,539.97","1,520.86","","+1.56%"
"Nov 06, 2017","1,516.25","1,506.97","1,517.74","1,495.76","","+1.24%"
"Nov 02, 2017","1,497.66","1,510.31","1,514.05","1,495.94","","-0.12%"
"Nov 01, 2017","1,499.46","1,487.49","1,501.08","1,486.45","","+1.41%"
"Oct 31, 2017","1,478.57","1,482.48","1,483.24","1,478.05","","-0.50%"
"Oct 30, 2017","1,486.02","1,486.86","1,489.00","1,477.51","","-0.43%"
"Oct 27, 2017","1,492.38","1,482.54","1,492.55","1,479.70","","+0.97%"
"Oct 26, 2017","1,477.97","1,474.69","1,479.12","1,473.42","","-0.09%"
"Oct 25, 2017","1,479.29","1,485.01","1,486.84","1,474.69","","+0.08%"
"Oct 24, 2017","1,478.16","1,456.99","1,478.16","1,455.89","","+1.56%"
"Oct 23, 2017","1,455.44","1,450.88","1,456.65","1,446.49","","+1.11%"
"Oct 20, 2017","1,439.51","1,435.66","1,441.34","1,435.66","","-0.07%"
"Oct 19, 2017","1,440.52","1,441.88","1,442.22","1,435.64","","+0.19%"
"Oct 18, 2017","1,437.75","1,440.33","1,440.33","1,434.57","","-0.26%"
"Oct 17, 2017","1,441.54","1,442.84","1,445.20","1,436.09","","+0.31%"
"Oct 16, 2017","1,437.03","1,433.23","1,441.40","1,431.19","","+0.63%"
"Oct 13, 2017","1,428.04","1,420.10","1,431.23","1,416.87","","+0.56%"
"Oct 12, 2017","1,420.15","1,422.09","1,422.09","1,418.12","","+0.28%"
"Oct 11, 2017","1,416.18","1,417.18","1,417.54","1,410.28","","-0.05%"
"Oct 10, 2017","1,416.85","1,413.51","1,416.85","1,410.66","","-0.57%"
"Oct 06, 2017","1,425.04","1,426.75","1,429.94","1,422.47","","+0.27%"
"Oct 05, 2017","1,421.18","1,425.45","1,426.90","1,420.11","","-0.56%"
"Oct 04, 2017","1,429.22","1,427.74","1,432.34","1,424.22","","-0.03%"
"Oct 03, 2017","1,429.70","1,426.15","1,430.25","1,422.57","","+0.43%"
"Oct 02, 2017","1,423.53","1,429.70","1,429.70","1,419.76","","-0.51%"
"Sep 29, 2017","1,430.86","1,429.29","1,431.40","1,424.88","","-0.02%"
"Sep 28, 2017","1,431.17","1,428.00","1,431.17","1,422.82","","+0.55%"
"Sep 27, 2017","1,423.34","1,420.74","1,425.97","1,417.42","","-1.02%"
"Sep 26, 2017","1,438.06","1,432.82","1,438.96","1,432.82","","+0.30%"
"Sep 25, 2017","1,433.74","1,432.26","1,434.85","1,429.13","","+0.70%"
"Sep 22, 2017","1,423.76","1,422.46","1,426.63","1,417.87","","-0.06%"
"Sep 21, 2017","1,424.55","1,431.11","1,433.03","1,424.39","","+0.01%"
"Sep 20, 2017","1,424.38","1,420.56","1,426.66","1,419.82","","+0.03%"
"Sep 19, 2017","1,423.94","1,421.24","1,424.85","1,416.19","","+1.16%"
"Sep 15, 2017","1,407.67","1,401.62","1,410.19","1,401.36","","+0.34%"
"Sep 14, 2017","1,402.89","1,403.42","1,408.39","1,399.58","","+0.02%"
"Sep 13, 2017","1,402.59","1,398.82","1,404.84","1,398.82","","+0.50%"
"Sep 12, 2017","1,395.68","1,398.35","1,398.76","1,392.99","","+0.39%"
"Sep 11, 2017","1,390.27","1,381.68","1,394.03","1,381.68","","+1.56%"
"Sep 08, 2017","1,368.92","1,370.40","1,376.44","1,366.71","","-0.19%"
"Sep 07, 2017","1,371.47","1,375.19","1,377.60","1,368.08","","+0.10%"
"Sep 06, 2017","1,370.10","1,362.53","1,370.61","1,358.74","","+0.35%"
"Sep 05, 2017","1,365.38","1,375.29","1,375.40","1,363.05","","-0.61%"
"Sep 04, 2017","1,373.82","1,381.08","1,384.36","1,369.87","","-0.83%"
"Sep 01, 2017","1,385.34","1,389.21","1,389.28","1,377.88","","+0.03%"
"Aug 31, 2017","1,384.97","1,379.67","1,386.28","1,379.67","","+1.02%"
"Aug 30, 2017","1,371.00","1,365.98","1,375.74","1,364.15","","+0.63%"
"Aug 29, 2017","1,362.35","1,353.25","1,362.55","1,353.25","","-0.02%"
"Aug 28, 2017","1,362.59","1,358.61","1,363.58","1,354.92","","+0.58%"
"Aug 25, 2017","1,354.74","1,348.66","1,358.17","1,347.37","","+0.56%"
"Aug 24, 2017","1,347.22","1,354.57","1,358.22","1,347.22","","-0.51%"
"Aug 23, 2017","1,354.13","1,365.59","1,365.59","1,352.51","","-0.17%"
"Aug 22, 2017","1,356.43","1,354.92","1,358.49","1,351.32","","+0.42%"
"Aug 21, 2017","1,350.80","1,354.87","1,354.87","1,348.66","","-0.17%"
"Aug 18, 2017","1,353.13","1,350.68","1,356.59","1,347.80","","-0.70%"
"Aug 17, 2017","1,362.65","1,359.99","1,366.39","1,359.05","","+0.29%"
"Aug 16, 2017","1,358.76","1,363.09","1,367.56","1,358.76","","-0.32%"
"Aug 15, 2017","1,363.11","1,358.55","1,368.71","1,355.48","","+0.92%"
"Aug 14, 2017","1,350.67","1,355.85","1,362.68","1,350.62","","-1.43%"
"Aug 10, 2017","1,370.20","1,371.03","1,375.15","1,365.61","","0.00%"
"Aug 09, 2017","1,370.26","1,374.53","1,376.26","1,363.76","","-0.66%"
"Aug 08, 2017","1,379.37","1,386.39","1,388.91","1,375.88","","-0.50%"
"Aug 07, 2017","1,386.36","1,384.48","1,388.50","1,383.02","","+0.67%"
"Aug 04, 2017","1,377.13","1,379.67","1,380.56","1,375.49","","+0.04%"
"Aug 03, 2017","1,376.56","1,361.65","1,376.76","1,359.33","","+1.25%"
"Aug 02, 2017","1,359.51","1,362.97","1,366.21","1,354.63","","+0.15%"
"Aug 01, 2017","1,357.46","1,349.00","1,357.46","1,346.95","","+0.85%"
"Jul 31, 2017","1,346.04","1,342.85","1,351.03","1,340.37","","+0.19%"
"Jul 28, 2017","1,343.55","1,338.21","1,343.55","1,336.11","","+0.19%"
"Jul 27, 2017","1,340.95","1,341.01","1,348.18","1,338.56","","-0.12%"
"Jul 26, 2017","1,342.57","1,344.86","1,344.89","1,339.01","","+0.48%"
"Jul 25, 2017","1,336.10","1,341.12","1,343.19","1,336.10","","-0.55%"
"Jul 24, 2017","1,343.47","1,342.06","1,344.63","1,336.99","","-0.54%"
"Jul 21, 2017","1,350.73","1,349.17","1,351.00","1,347.38","","-0.19%"
"Jul 20, 2017","1,353.36","1,345.20","1,354.03","1,342.43","","+0.85%"
"Jul 19, 2017","1,341.99","1,339.23","1,345.12","1,336.78","","0.00%"
"Jul 18, 2017","1,342.02","1,344.81","1,345.17","1,333.25","","-0.49%"
"Jul 14, 2017","1,348.62","1,347.29","1,350.81","1,342.63","","+0.64%"
"Jul 13, 2017","1,339.98","1,339.66","1,341.72","1,335.63","","-0.07%"
"Jul 12, 2017","1,340.96","1,345.17","1,345.70","1,340.29","","-0.26%"
"Jul 11, 2017","1,344.50","1,340.14","1,344.86","1,335.72","","+0.45%"
"Jul 10, 2017","1,338.45","1,344.67","1,344.67","1,335.35","","+0.33%"
"Jul 07, 2017","1,334.07","1,327.65","1,341.89","1,327.65","","-0.16%"
"Jul 06, 2017","1,336.27","1,338.62","1,341.48","1,332.51","","-0.53%"
"Jul 05, 2017","1,343.41","1,333.04","1,343.41","1,330.83","","+0.98%"
"Jul 04, 2017","1,330.34","1,339.06","1,341.36","1,326.64","","-0.01%"
"Jul 03, 2017","1,330.51","1,326.59","1,331.95","1,324.63","","+0.34%"
"Jun 30, 2017","1,326.03","1,320.42","1,329.79","1,320.20","","-0.21%"
"Jun 29, 2017","1,328.76","1,330.56","1,330.86","1,324.61","","+1.16%"
"Jun 28, 2017","1,313.55","1,309.65","1,318.73","1,309.65","","+0.52%"
"Jun 27, 2017","1,306.72","1,300.25","1,308.46","1,300.25","","+0.97%"
"Jun 26, 2017","1,294.20","1,297.42","1,299.97","1,294.20","","+0.10%"
"Jun 23, 2017","1,292.96","1,298.05","1,298.43","1,291.11","","+0.03%"
"Jun 22, 2017","1,292.52","1,295.10","1,297.22","1,292.52","","-0.01%"
"Jun 21, 2017","1,292.61","1,294.49","1,296.32","1,289.79","","-0.33%"
"Jun 20, 2017","1,296.94","1,298.82","1,302.67","1,296.94","","+0.85%"
"Jun 19, 2017","1,286.05","1,285.80","1,289.93","1,281.25","","+0.11%"
"Jun 16, 2017","1,284.66","1,281.33","1,288.50","1,279.64","","+0.71%"
"Jun 15, 2017","1,275.62","1,278.09","1,286.93","1,274.56","","-0.52%"
"Jun 14, 2017","1,282.29","1,291.76","1,291.76","1,282.29","","-0.45%"
"Jun 13, 2017","1,288.03","1,281.26","1,292.96","1,281.26","","+0.28%"
"Jun 12, 2017","1,284.46","1,281.68","1,289.36","1,280.66","","+0.34%"
"Jun 09, 2017","1,280.11","1,277.42","1,285.20","1,272.84","","+0.01%"
"Jun 08, 2017","1,280.03","1,288.51","1,289.18","1,279.46","","-0.09%"
"Jun 07, 2017","1,281.19","1,279.05","1,283.97","1,273.91","","+0.33%"
"Jun 06, 2017","1,277.03","1,285.05","1,285.12","1,275.42","","-0.69%"
"Jun 05, 2017","1,285.86","1,293.35","1,293.35","1,280.63","","-1.22%"
"Jun 02, 2017","1,301.76","1,282.91","1,301.76","1,282.02","","+2.19%"
"Jun 01, 2017","1,273.83","1,264.16","1,276.11","1,263.74","","+0.66%"
"May 31, 2017","1,265.50","1,265.48","1,267.76","1,261.54","","-0.16%"
"May 30, 2017","1,267.57","1,267.06","1,268.69","1,258.20","","+0.14%"
"May 29, 2017","1,265.83","1,270.77","1,271.41","1,265.56","","-0.21%"
"May 26, 2017","1,268.47","1,279.47","1,279.47","1,268.47","","-0.77%"
"May 25, 2017","1,278.33","1,276.43","1,281.71","1,272.30","","-0.15%"
"May 24, 2017","1,280.23","1,286.37","1,286.98","1,275.64","","+0.44%"
"May 23, 2017","1,274.61","1,277.69","1,281.88","1,273.53","","-0.37%"
"May 22, 2017","1,279.36","1,285.72","1,285.85","1,276.83","","+0.09%"
"May 19, 2017","1,278.27","1,270.87","1,281.37","1,264.96","","+0.87%"
"May 18, 2017","1,267.26","1,268.15","1,273.17","1,264.31","","-1.62%"
"May 17, 2017","1,288.10","1,297.38","1,297.38","1,286.91","","-1.53%"
"May 16, 2017","1,308.13","1,306.96","1,308.76","1,301.92","","+0.72%"
"May 15, 2017","1,298.77","1,302.70","1,303.71","1,295.24","","-0.54%"
"May 12, 2017","1,305.79","1,303.80","1,306.08","1,298.80","","-0.29%"
"May 11, 2017","1,309.53","1,316.25","1,316.25","1,307.86","","-0.76%"
"May 10, 2017","1,319.54","1,325.18","1,326.15","1,315.26","","-0.23%"
"May 09, 2017","1,322.55","1,326.51","1,329.08","1,318.14","","-0.30%"
"May 08, 2017","1,326.47","1,316.67","1,327.49","1,315.92","","+1.62%"
"May 02, 2017","1,305.36","1,297.36","1,307.76","1,297.36","","+0.77%"
"May 01, 2017","1,295.35","1,286.83","1,295.59","1,281.22","","+0.92%"
"Apr 28, 2017","1,283.52","1,276.35","1,286.19","1,276.35","","+0.50%"
"Apr 27, 2017","1,277.09","1,271.53","1,278.97","1,269.27","","+0.12%"
"Apr 26, 2017","1,275.62","1,267.13","1,275.97","1,266.89","","+1.44%"
"Apr 25, 2017","1,257.46","1,240.79","1,260.77","1,240.34","","+1.20%"
"Apr 24, 2017","1,242.57","1,249.24","1,250.46","1,240.56","","+0.70%"
"Apr 21, 2017","1,233.89","1,231.76","1,236.36","1,225.23","","+1.36%"
"Apr 20, 2017","1,217.33","1,216.38","1,222.31","1,214.61","","-0.20%"
"Apr 19, 2017","1,219.71","1,211.20","1,223.08","1,209.23","","-0.59%"
"Apr 18, 2017","1,227.01","1,234.52","1,238.38","1,225.20","","+0.13%"
"Apr 17, 2017","1,225.46","1,217.86","1,225.61","1,215.36","","+0.21%"
"Apr 14, 2017","1,222.87","1,225.00","1,229.08","1,221.04","","-0.48%"
"Apr 13, 2017","1,228.74","1,233.07","1,233.07","1,220.27","","-1.99%"
"Apr 12, 2017","1,253.64","1,263.50","1,265.24","1,250.66","","-1.46%"
"Apr 11, 2017","1,272.16","1,273.08","1,278.66","1,266.66","","-0.60%"
"Apr 10, 2017","1,279.85","1,278.49","1,282.35","1,274.87","","+0.65%"
"Apr 07, 2017","1,271.55","1,265.73","1,278.40","1,261.14","","+1.02%"
"Apr 06, 2017","1,258.75","1,267.28","1,274.66","1,256.18","","-1.16%"
"Apr 05, 2017","1,273.58","1,275.28","1,280.71","1,269.86","","+0.56%"
"Apr 04, 2017","1,266.45","1,271.73","1,275.08","1,258.56","","-0.32%"
"Apr 03, 2017","1,270.56","1,279.16","1,279.84","1,267.37","","-0.29%"
"Mar 31, 2017","1,274.31","1,300.58","1,300.58","1,274.31","","-1.51%"
"Mar 30, 2017","1,293.88","1,296.56","1,306.39","1,292.77","","-0.66%"
"Mar 29, 2017","1,302.44","1,302.89","1,303.55","1,296.71","","-0.36%"
"Mar 28, 2017","1,307.12","1,299.54","1,307.12","1,297.35","","+1.68%"
"Mar 27, 2017","1,285.47","1,286.60","1,289.71","1,283.80","","-1.10%"
"Mar 24, 2017","1,299.76","1,290.03","1,300.90","1,288.38","","+0.85%"
"Mar 23, 2017","1,288.81","1,291.25","1,292.37","1,286.11","","-0.24%"
"Mar 22, 2017","1,291.95","1,302.68","1,304.22","1,291.95","","-2.09%"
"Mar 21, 2017","1,319.56","1,316.36","1,322.38","1,314.64","","+0.10%"
"Mar 17, 2017","1,318.22","1,317.88","1,319.11","1,314.49","","-0.28%"
"Mar 16, 2017","1,321.97","1,318.22","1,323.37","1,315.89","","+0.25%"
"Mar 15, 2017","1,318.73","1,320.93","1,322.31","1,316.39","","-0.51%"
"Mar 14, 2017","1,325.54","1,329.72","1,330.28","1,325.46","","-0.09%"
"Mar 13, 2017","1,326.73","1,321.48","1,329.05","1,321.02","","+0.20%"
"Mar 10, 2017","1,324.03","1,326.09","1,327.09","1,319.94","","+0.20%"
"Mar 09, 2017","1,321.35","1,323.36","1,323.36","1,317.26","","-0.05%"
"Mar 08, 2017","1,321.99","1,324.82","1,326.77","1,317.58","","-0.30%"
"Mar 07, 2017","1,326.00","1,326.55","1,327.94","1,324.17","","+0.25%"
"Mar 06, 2017","1,322.63","1,323.70","1,325.69","1,322.07","","-0.33%"
"Mar 03, 2017","1,327.06","1,332.34","1,333.05","1,322.79","","-0.72%"
"Mar 02, 2017","1,336.72","1,344.11","1,345.15","1,336.03","","+0.36%"
"Mar 01, 2017","1,331.89","1,330.57","1,337.37","1,316.50","","+0.89%"
"Feb 28, 2017","1,320.13","1,326.14","1,331.52","1,320.13","","+0.12%"
"Feb 27, 2017","1,318.51","1,317.11","1,322.29","1,309.88","","-0.98%"
"Feb 24, 2017","1,331.50","1,335.28","1,342.57","1,330.96","","-0.71%"
"Feb 23, 2017","1,341.05","1,340.70","1,344.08","1,334.24","","+0.32%"
"Feb 22, 2017","1,336.79","1,332.63","1,338.05","1,331.28","","+0.32%"
"Feb 21, 2017","1,332.49","1,326.31","1,334.59","1,325.68","","+0.43%"
"Feb 20, 2017","1,326.84","1,318.80","1,328.06","1,315.77","","+0.11%"
"Feb 17, 2017","1,325.33","1,322.50","1,327.03","1,321.65","","-0.10%"
"Feb 16, 2017","1,326.61","1,331.10","1,333.16","1,322.06","","-0.44%"
"Feb 15, 2017","1,332.45","1,325.26","1,333.72","1,323.46","","+1.70%"
"Feb 14, 2017","1,310.22","1,321.76","1,323.77","1,309.51","","-0.57%"
"Feb 13, 2017","1,317.74","1,314.56","1,320.69","1,314.56","","+0.80%"
"Feb 10, 2017","1,307.24","1,307.26","1,311.98","1,303.50","","+1.28%"
"Feb 09, 2017","1,290.67","1,295.40","1,297.75","1,288.96","","-0.97%"
"Feb 08, 2017","1,303.27","1,291.44","1,303.54","1,290.34","","+1.15%"
"Feb 07, 2017","1,288.51","1,285.40","1,295.03","1,284.06","","+0.09%"
"Feb 06, 2017","1,287.36","1,291.67","1,293.58","1,283.47","","+0.47%"
"Feb 03, 2017","1,281.31","1,292.68","1,299.14","1,280.67","","-0.69%"
"Feb 02, 2017","1,290.26","1,293.13","1,303.50","1,276.15","","+0.30%"
"Feb 01, 2017","1,286.44","1,268.52","1,287.32","1,264.14","","+0.35%"
"Jan 31, 2017","1,281.91","1,280.85","1,289.31","1,279.27","","-1.08%"
"Jan 30, 2017","1,295.97","1,297.22","1,297.22","1,290.53","","-0.38%"
"Jan 27, 2017","1,300.94","1,308.51","1,308.51","1,298.77","","-0.18%"
"Jan 26, 2017","1,303.30","1,294.58","1,304.25","1,292.33","","+1.44%"
"Jan 25, 2017","1,284.74","1,292.08","1,292.30","1,278.70","","+0.68%"
"Jan 24, 2017","1,276.02","1,276.78","1,282.08","1,272.08","","+0.67%"
"Jan 23, 2017","1,267.59","1,263.53","1,273.83","1,257.59","","-0.64%"
"Jan 20, 2017","1,275.81","1,273.58","1,279.13","1,271.22","","+0.18%"
"Jan 19, 2017","1,273.54","1,270.57","1,275.28","1,267.43","","+0.98%"
"Jan 18, 2017","1,261.17","1,251.30","1,263.10","1,244.46","","+0.63%"
"Jan 17, 2017","1,253.25","1,267.36","1,267.81","1,253.08","","-1.55%"
"Jan 16, 2017","1,273.02","1,277.17","1,280.15","1,269.75","","-0.51%"
"Jan 13, 2017","1,279.55","1,273.05","1,280.01","1,270.12","","+0.24%"
"Jan 12, 2017","1,276.53","1,284.33","1,284.33","1,269.64","","-0.67%"
"Jan 11, 2017","1,285.18","1,278.32","1,286.32","1,278.01","","+1.00%"
"Jan 10, 2017","1,272.49","1,276.50","1,283.07","1,269.43","","-0.60%"
"Jan 06, 2017","1,280.14","1,273.78","1,280.95","1,273.04","","-0.33%"
"Jan 05, 2017","1,284.38","1,287.69","1,287.69","1,279.24","","-0.14%"
"Jan 04, 2017","1,286.23","1,271.49","1,287.43","1,271.49","","+2.32%"
"Dec 30, 2016","1,257.08","1,252.61","1,258.39","1,248.61","","-0.22%"
"Dec 29, 2016","1,259.80","1,263.28","1,265.00","1,253.58","","-1.08%"
"Dec 28, 2016","1,273.50","1,269.19","1,278.09","1,268.04","","+0.28%"
"Dec 27, 2016","1,269.98","1,268.79","1,278.73","1,268.79","","+0.09%"
"Dec 26, 2016","1,268.78","1,281.83","1,282.42","1,268.50","","-1.02%"
"Dec 22, 2016","1,281.80","1,276.57","1,282.01","1,271.86","","+0.23%"
"Dec 21, 2016","1,278.86","1,285.12","1,288.43","1,275.80","","+0.05%"
"Dec 20, 2016","1,278.21","1,275.80","1,278.47","1,271.62","","-0.22%"
"Dec 19, 2016","1,281.03","1,278.94","1,282.45","1,275.26","","-0.30%"
"Dec 16, 2016","1,284.87","1,287.06","1,287.63","1,281.53","","+0.47%"
"Dec 15, 2016","1,278.90","1,275.28","1,282.83","1,273.73","","+0.14%"
"Dec 14, 2016","1,277.10","1,284.78","1,286.01","1,271.19","","-1.05%"
"Dec 13, 2016","1,290.63","1,276.57","1,290.63","1,275.08","","+0.87%"
"Dec 12, 2016","1,279.49","1,291.96","1,292.24","1,271.31","","-0.62%"
"Dec 09, 2016","1,287.43","1,283.25","1,287.64","1,279.05","","+0.43%"
"Dec 08, 2016","1,281.90","1,278.29","1,281.90","1,273.59","","+1.10%"
"Dec 07, 2016","1,267.97","1,264.99","1,267.97","1,261.38","","+0.50%"
"Dec 06, 2016","1,261.68","1,254.92","1,262.38","1,254.92","","+1.19%"
"Dec 05, 2016","1,246.85","1,241.20","1,246.95","1,239.39","","+0.31%"
"Dec 02, 2016","1,243.00","1,249.02","1,250.03","1,238.18","","+0.04%"
"Dec 01, 2016","1,242.50","1,238.56","1,249.84","1,237.95","","+1.54%"
"Nov 30, 2016","1,223.63","1,226.85","1,228.22","1,221.49","","-0.33%"
"Nov 29, 2016","1,227.65","1,224.41","1,227.74","1,221.86","","-0.09%"
"Nov 28, 2016","1,228.74","1,216.98","1,229.57","1,216.30","","+1.25%"
"Nov 25, 2016","1,213.63","1,218.23","1,223.17","1,207.90","","-0.33%"
"Nov 24, 2016","1,217.66","1,215.94","1,218.09","1,210.94","","+1.13%"
"Nov 22, 2016","1,204.11","1,195.59","1,205.32","1,192.79","","+0.72%"
"Nov 21, 2016","1,195.47","1,192.90","1,196.73","1,187.69","","+0.37%"
"Nov 18, 2016","1,191.03","1,196.59","1,197.12","1,189.31","","+0.49%"
"Nov 17, 2016","1,185.27","1,175.05","1,187.35","1,175.05","","+0.10%"
"Nov 16, 2016","1,184.04","1,191.96","1,192.05","1,178.48","","+0.04%"
"Nov 15, 2016","1,183.62","1,188.53","1,192.75","1,175.71","","+0.03%"
"Nov 14, 2016","1,183.24","1,170.67","1,187.32","1,169.15","","+1.76%"
"Nov 11, 2016","1,162.80","1,160.19","1,170.81","1,157.34","","+1.32%"
"Nov 10, 2016","1,147.70","1,109.63","1,150.90","1,109.62","","+5.71%"
"Nov 09, 2016","1,085.73","1,137.32","1,143.94","1,072.93","","-3.82%"
"Nov 08, 2016","1,128.84","1,125.20","1,129.94","1,122.53","","+0.71%"
"Nov 07, 2016","1,120.92","1,126.73","1,128.74","1,113.43","","+0.22%"
"Nov 04, 2016","1,118.42","1,128.63","1,131.55","1,114.86","","-1.80%"
"Nov 02, 2016","1,138.92","1,134.08","1,141.33","1,131.21","","-0.56%"
"Nov 01, 2016","1,145.31","1,140.81","1,145.31","1,134.57","","+0.11%"
"Oct 31, 2016","1,144.00","1,147.12","1,150.04","1,140.81","","-0.27%"
"Oct 28, 2016","1,147.09","1,145.42","1,147.69","1,141.90","","+1.00%"
"Oct 27, 2016","1,135.70","1,137.54","1,143.69","1,134.31","","-0.46%"
"Oct 26, 2016","1,140.98","1,135.10","1,140.98","1,134.22","","+0.02%"
"Oct 25, 2016","1,140.70","1,143.13","1,146.92","1,138.75","","+0.08%"
"Oct 24, 2016","1,139.78","1,134.29","1,140.23","1,131.97","","+0.38%"
"Oct 21, 2016","1,135.44","1,141.33","1,142.91","1,134.39","","-0.59%"
"Oct 20, 2016","1,142.23","1,133.20","1,144.21","1,133.20","","+0.79%"
"Oct 19, 2016","1,133.25","1,133.72","1,134.51","1,128.57","","+0.10%"
"Oct 18, 2016","1,132.08","1,126.82","1,132.08","1,122.46","","+0.43%"
"Oct 17, 2016","1,127.19","1,123.25","1,128.95","1,120.85","","+0.50%"
"Oct 14, 2016","1,121.63","1,116.32","1,122.04","1,111.90","","+0.29%"
"Oct 13, 2016","1,118.43","1,121.47","1,124.38","1,112.36","","-0.02%"
"Oct 12, 2016","1,118.65","1,112.63","1,125.90","1,112.63","","-0.47%"
"Oct 11, 2016","1,123.94","1,120.89","1,128.56","1,120.88","","+0.93%"
"Oct 07, 2016","1,113.60","1,113.78","1,113.78","1,110.13","","-0.01%"
"Oct 06, 2016","1,113.74","1,113.95","1,117.93","1,111.45","","+0.63%"
"Oct 05, 2016","1,106.77","1,103.72","1,108.13","1,101.52","","+0.41%"
"Oct 04, 2016","1,102.24","1,100.14","1,102.87","1,097.80","","+0.46%"
"Oct 03, 2016","1,097.22","1,096.22","1,101.62","1,093.39","","+0.33%"
"Sep 30, 2016","1,093.56","1,086.61","1,098.81","1,083.37","","-0.56%"
"Sep 29, 2016","1,099.76","1,094.35","1,104.88","1,093.67","","+1.93%"
"Sep 28, 2016","1,078.94","1,075.76","1,083.31","1,069.63","","-0.95%"
"Sep 27, 2016","1,089.27","1,069.44","1,089.27","1,061.93","","+0.92%"
"Sep 26, 2016","1,079.37","1,082.42","1,084.39","1,077.75","","-0.42%"
"Sep 23, 2016","1,083.89","1,077.79","1,084.28","1,072.16","","+0.64%"
"Sep 21, 2016","1,076.97","1,055.27","1,077.01","1,049.15","","+1.70%"
"Sep 20, 2016","1,059.01","1,043.40","1,059.67","1,043.40","","+1.05%"
"Sep 16, 2016","1,048.02","1,049.28","1,052.08","1,043.08","","+0.13%"
"Sep 15, 2016","1,046.64","1,046.07","1,049.46","1,040.88","","-0.54%"
"Sep 14, 2016","1,052.36","1,052.42","1,056.24","1,051.17","","-1.08%"
"Sep 13, 2016","1,063.82","1,069.13","1,071.50","1,059.70","","-0.22%"
"Sep 12, 2016","1,066.14","1,067.15","1,069.08","1,059.63","","-1.46%"
"Sep 09, 2016","1,081.95","1,079.91","1,085.92","1,079.91","","+0.20%"
"Sep 08, 2016","1,079.75","1,077.70","1,080.98","1,073.15","","+0.21%"
"Sep 07, 2016","1,077.49","1,069.10","1,077.95","1,067.72","","0.00%"
"Sep 06, 2016","1,077.54","1,070.71","1,077.83","1,070.71","","+0.58%"
"Sep 05, 2016","1,071.30","1,069.72","1,075.94","1,067.33","","+1.36%"
"Sep 02, 2016","1,056.93","1,059.09","1,061.54","1,052.45","","-0.36%"
"Sep 01, 2016","1,060.78","1,055.58","1,061.51","1,053.85","","+0.50%"
"Aug 31, 2016","1,055.47","1,052.10","1,056.70","1,051.47","","+1.10%"
"Aug 30, 2016","1,043.95","1,041.98","1,047.41","1,039.06","","-0.19%"
"Aug 29, 2016","1,045.95","1,048.49","1,051.21","1,044.90","","+1.66%"
"Aug 26, 2016","1,028.83","1,034.81","1,035.39","1,028.83","","-0.85%"
"Aug 25, 2016","1,037.70","1,037.91","1,041.47","1,035.71","","-0.22%"
"Aug 24, 2016","1,039.97","1,041.20","1,045.48","1,038.23","","+0.63%"
"Aug 23, 2016","1,033.50","1,032.36","1,041.38","1,029.99","","-0.94%"
"Aug 22, 2016","1,043.33","1,036.73","1,044.37","1,031.18","","+0.47%"
"Aug 19, 2016","1,038.45","1,027.29","1,043.72","1,027.29","","+1.95%"
"Aug 18, 2016","1,018.59","1,025.87","1,026.50","1,018.11","","-1.27%"
"Aug 17, 2016","1,031.70","1,012.05","1,032.90","1,012.05","","+1.68%"
"Aug 16, 2016","1,014.63","1,033.72","1,034.90","1,014.63","","-1.48%"
"Aug 15, 2016","1,029.83","1,038.55","1,040.57","1,027.91","","-1.23%"
"Aug 12, 2016","1,042.66","1,046.06","1,046.06","1,038.19","","+0.40%"
"Aug 10, 2016","1,038.50","1,032.14","1,041.38","1,031.66","","-0.09%"
"Aug 09, 2016","1,039.39","1,024.23","1,040.12","1,024.23","","+1.66%"
"Aug 08, 2016","1,022.44","1,018.68","1,022.44","1,015.54","","+1.31%"
"Aug 05, 2016","1,009.23","1,009.38","1,012.91","1,006.20","","+0.01%"
"Aug 04, 2016","1,009.08","999.78","1,012.56","994.82","","+2.18%"
"Aug 03, 2016","987.54","982.00","996.51","979.44","","-0.05%"
"Aug 02, 2016","988.01","994.06","999.42","988.01","","-1.38%"
"Aug 01, 2016","1,001.85","993.47","1,007.46","988.98","","-0.59%"
"Jul 29, 2016","1,007.82","1,007.81","1,011.57","990.23","","-0.76%"
"Jul 28, 2016","1,015.51","1,018.97","1,020.00","1,010.75","","-0.02%"
"Jul 27, 2016","1,015.68","1,024.10","1,026.46","1,007.72","","-0.73%"
"Jul 26, 2016","1,023.10","1,034.40","1,034.40","1,018.28","","-1.84%"
"Jul 25, 2016","1,042.28","1,044.46","1,051.74","1,041.25","","-0.29%"
"Jul 22, 2016","1,045.33","1,036.58","1,046.75","1,036.58","","-0.43%"
"Jul 21, 2016","1,049.84","1,057.76","1,059.29","1,045.01","","+0.35%"
"Jul 20, 2016","1,046.13","1,047.97","1,048.95","1,038.46","","-0.54%"
"Jul 19, 2016","1,051.76","1,047.42","1,051.76","1,042.09","","+0.85%"
"Jul 15, 2016","1,042.93","1,041.80","1,050.37","1,039.78","","+0.27%"
"Jul 14, 2016","1,040.17","1,033.12","1,041.90","1,031.30","","+0.55%"
"Jul 13, 2016","1,034.52","1,036.30","1,042.37","1,031.70","","+1.82%"
"Jul 12, 2016","1,016.02","1,022.68","1,032.43","1,015.29","","+0.88%"
"Jul 11, 2016","1,007.19","990.22","1,013.81","989.86","","+3.78%"
"Jul 08, 2016","970.53","990.05","993.13","970.53","","-1.37%"
"Jul 07, 2016","984.05","985.75","994.81","980.95","","-0.48%"
"Jul 06, 2016","988.79","988.05","988.90","974.91","","-1.76%"
"Jul 05, 2016","1,006.50","1,002.73","1,007.07","997.85","","-0.12%"
"Jul 04, 2016","1,007.71","996.11","1,009.69","992.63","","+1.03%"
"Jul 01, 2016","997.39","995.49","1,001.61","991.58","","+0.81%"
"Jun 30, 2016","989.36","1,004.95","1,005.90","989.36","","-0.28%"
"Jun 29, 2016","992.12","982.61","995.91","974.38","","+2.42%"
"Jun 28, 2016","968.67","957.91","974.93","947.15","","-0.14%"
"Jun 27, 2016","970.07","966.65","974.49","959.82","","+1.32%"
"Jun 24, 2016","957.40","1,028.68","1,030.13","948.94","","-6.30%"
"Jun 23, 2016","1,021.79","1,009.95","1,023.23","1,007.23","","+1.70%"
"Jun 22, 2016","1,004.75","1,009.30","1,010.66","998.67","","-0.45%"
"Jun 21, 2016","1,009.30","998.31","1,011.50","988.42","","+0.39%"
"Jun 20, 2016","1,005.39","1,000.09","1,008.77","998.81","","+2.54%"
"Jun 17, 2016","980.46","988.30","995.49","979.33","","+0.49%"
"Jun 16, 2016","975.67","1,001.87","1,003.89","971.97","","-2.72%"
"Jun 15, 2016","1,002.96","1,004.38","1,010.21","996.69","","-0.54%"
"Jun 14, 2016","1,008.37","1,012.03","1,022.98","1,001.60","","-0.68%"
"Jun 13, 2016","1,015.32","1,034.22","1,034.91","1,015.32","","-3.78%"
"Jun 10, 2016","1,055.25","1,059.31","1,059.31","1,048.36","","-0.54%"
"Jun 09, 2016","1,060.97","1,063.92","1,067.27","1,056.35","","-0.86%"
"Jun 08, 2016","1,070.12","1,061.18","1,070.12","1,055.33","","+1.04%"
"Jun 07, 2016","1,059.09","1,054.15","1,062.95","1,052.63","","+0.84%"
"Jun 06, 2016","1,050.31","1,039.01","1,050.42","1,037.10","","-0.42%"
"Jun 03, 2016","1,054.70","1,053.86","1,058.29","1,049.72","","+0.19%"
"Jun 02, 2016","1,052.72","1,068.37","1,068.37","1,051.23","","-2.34%"
"Jun 01, 2016","1,077.90","1,083.67","1,085.37","1,074.33","","-1.19%"
"May 31, 2016","1,090.92","1,081.10","1,091.92","1,076.11","","+0.90%"
"May 30, 2016","1,081.17","1,077.19","1,081.73","1,073.98","","+1.11%"
"May 27, 2016","1,069.25","1,066.05","1,072.45","1,065.80","","+0.71%"
"May 26, 2016","1,061.66","1,074.51","1,074.51","1,059.97","","-0.22%"
"May 25, 2016","1,064.02","1,070.21","1,073.52","1,064.02","","+0.76%"
"May 24, 2016","1,056.01","1,059.94","1,060.42","1,053.70","","-0.60%"
"May 23, 2016","1,062.39","1,063.23","1,065.15","1,046.72","","-0.27%"
"May 20, 2016","1,065.25","1,059.11","1,066.87","1,057.60","","-0.04%"
"May 19, 2016","1,065.64","1,081.00","1,082.20","1,060.39","","-0.81%"
"May 18, 2016","1,074.33","1,061.85","1,081.28","1,061.09","","+1.25%"
"May 17, 2016","1,061.10","1,054.25","1,061.39","1,050.86","","+1.58%"
"May 16, 2016","1,044.57","1,040.26","1,053.76","1,040.16","","+0.46%"
"May 13, 2016","1,039.81","1,054.73","1,054.94","1,039.81","","-1.17%"
"May 12, 2016","1,052.11","1,041.60","1,053.33","1,036.90","","+0.12%"
"May 11, 2016","1,050.84","1,061.75","1,065.68","1,047.38","","+0.45%"
"May 10, 2016","1,046.12","1,038.67","1,055.94","1,030.29","","+0.45%"
"May 09, 2016","1,041.42","1,040.85","1,048.61","1,039.12","","+0.82%"
"May 06, 2016","1,032.95","1,035.67","1,039.71","1,023.03","","-0.54%"
"May 02, 2016","1,038.57","1,052.98","1,053.42","1,027.67","","-3.46%"
"Apr 28, 2016","1,075.78","1,123.05","1,129.12","1,074.58","","-2.89%"
"Apr 27, 2016","1,107.79","1,106.89","1,114.69","1,102.69","","+0.08%"
"Apr 26, 2016","1,106.95","1,111.10","1,119.53","1,101.98","","-1.15%"
"Apr 25, 2016","1,119.83","1,125.82","1,125.82","1,111.57","","-0.25%"
"Apr 22, 2016","1,122.59","1,108.63","1,122.59","1,103.59","","+0.49%"
"Apr 21, 2016","1,117.16","1,104.52","1,119.17","1,103.79","","+2.32%"
"Apr 20, 2016","1,091.79","1,100.54","1,104.77","1,088.78","","+0.25%"
"Apr 19, 2016","1,089.06","1,080.22","1,093.87","1,080.22","","+2.78%"
"Apr 18, 2016","1,059.60","1,073.46","1,073.54","1,053.89","","-3.36%"
"Apr 15, 2016","1,096.43","1,091.25","1,100.96","1,091.25","","-0.42%"
"Apr 14, 2016","1,101.04","1,082.74","1,101.04","1,080.94","","+3.11%"
"Apr 13, 2016","1,067.87","1,055.40","1,069.30","1,047.64","","+2.72%"
"Apr 12, 2016","1,039.55","1,026.87","1,043.39","1,022.94","","+1.53%"
"Apr 11, 2016","1,023.87","1,023.10","1,025.42","1,005.84","","-0.13%"
"Apr 08, 2016","1,025.16","997.89","1,037.84","993.27","","+0.95%"
"Apr 07, 2016","1,015.51","1,011.03","1,021.62","1,004.82","","+0.99%"
"Apr 06, 2016","1,005.59","1,007.29","1,016.94","999.46","","-0.66%"
"Apr 05, 2016","1,012.27","1,035.68","1,039.74","1,011.93","","-3.17%"
"Apr 04, 2016","1,045.36","1,036.99","1,055.86","1,036.06","","+0.82%"
"Apr 01, 2016","1,036.81","1,065.76","1,065.76","1,035.30","","-3.50%"
"Mar 31, 2016","1,074.43","1,086.75","1,091.98","1,074.43","","-1.00%"
"Mar 30, 2016","1,085.33","1,099.52","1,099.52","1,085.33","","-2.30%"
"Mar 29, 2016","1,110.92","1,099.81","1,111.64","1,098.98","","-0.40%"
"Mar 28, 2016","1,115.43","1,111.31","1,115.43","1,103.59","","+0.76%"
"Mar 25, 2016","1,106.97","1,092.53","1,108.80","1,089.39","","+1.83%"
"Mar 24, 2016","1,087.09","1,104.96","1,104.96","1,083.63","","-2.93%"
"Mar 23, 2016","1,119.92","1,131.46","1,136.92","1,117.63","","-1.15%"
"Mar 22, 2016","1,132.97","1,134.17","1,141.75","1,122.17","","+1.50%"
"Mar 18, 2016","1,116.25","1,118.69","1,127.58","1,106.29","","-0.03%"
"Mar 17, 2016","1,116.63","1,124.14","1,133.22","1,108.44","","+0.35%"
"Mar 16, 2016","1,112.79","1,113.44","1,124.46","1,110.84","","-1.03%"
"Mar 15, 2016","1,124.34","1,129.14","1,133.89","1,118.68","","-1.06%"
"Mar 14, 2016","1,136.38","1,137.86","1,139.67","1,131.01","","+0.78%"
"Mar 11, 2016","1,127.60","1,101.94","1,133.36","1,100.96","","+0.58%"
"Mar 10, 2016","1,121.12","1,119.71","1,123.77","1,112.57","","+1.24%"
"Mar 09, 2016","1,107.41","1,102.21","1,111.07","1,091.22","","-1.35%"
"Mar 08, 2016","1,122.52","1,140.04","1,147.42","1,115.88","","-0.80%"
"Mar 07, 2016","1,131.55","1,133.29","1,137.12","1,122.92","","+0.09%"
"Mar 04, 2016","1,130.52","1,114.69","1,130.52","1,111.11","","+1.63%"
"Mar 03, 2016","1,112.41","1,092.40","1,112.41","1,092.40","","+2.67%"
"Mar 02, 2016","1,083.51","1,059.00","1,088.67","1,059.00","","+4.50%"
"Mar 01, 2016","1,036.81","1,036.00","1,042.66","1,024.62","","-0.04%"
"Feb 29, 2016","1,037.24","1,065.58","1,067.39","1,037.24","","-1.54%"
"Feb 26, 2016","1,053.45","1,069.49","1,075.38","1,048.85","","-0.74%"
"Feb 25, 2016","1,061.27","1,050.75","1,065.32","1,047.97","","+1.80%"
"Feb 24, 2016","1,042.50","1,037.22","1,045.47","1,027.15","","-1.15%"
"Feb 23, 2016","1,054.67","1,068.53","1,081.90","1,053.65","","+0.14%"
"Feb 22, 2016","1,053.24","1,041.66","1,061.79","1,038.18","","+0.34%"
"Feb 19, 2016","1,049.71","1,048.53","1,054.04","1,034.37","","-1.39%"
"Feb 18, 2016","1,064.51","1,042.05","1,073.58","1,041.67","","+4.40%"
"Feb 17, 2016","1,019.69","1,033.77","1,047.36","1,006.13","","-1.43%"
"Feb 16, 2016","1,034.47","1,011.31","1,053.98","1,008.56","","+1.81%"
"Feb 15, 2016","1,016.06","952.03","1,026.11","952.00","","+9.12%"
"Feb 12, 2016","931.10","964.11","965.93","930.91","","-5.54%"
"Feb 10, 2016","985.76","1,025.74","1,026.00","974.02","","-3.71%"
"Feb 09, 2016","1,023.74","1,058.20","1,058.20","1,021.32","","-5.31%"
"Feb 08, 2016","1,081.19","1,068.83","1,088.42","1,062.22","","+0.11%"
"Feb 05, 2016","1,080.02","1,049.15","1,083.98","1,044.63","","+2.01%"
"Feb 04, 2016","1,058.71","1,053.11","1,072.11","1,050.30","","+0.15%"
"Feb 03, 2016","1,057.17","1,087.51","1,087.51","1,050.93","","-4.78%"
"Feb 02, 2016","1,110.25","1,113.77","1,116.90","1,106.27","","-1.37%"
"Feb 01, 2016","1,125.71","1,120.75","1,131.07","1,116.60","","+1.49%"
"Jan 29, 2016","1,109.14","1,080.87","1,110.23","1,065.90","","+3.17%"
"Jan 28, 2016","1,075.03","1,073.46","1,086.21","1,067.09","","-0.14%"
"Jan 27, 2016","1,076.58","1,059.97","1,078.54","1,059.97","","+3.65%"
"Jan 26, 2016","1,038.70","1,052.39","1,052.57","1,036.88","","-2.83%"
"Jan 25, 2016","1,069.00","1,064.25","1,072.59","1,050.31","","+2.05%"
"Jan 22, 2016","1,047.56","1,018.10","1,049.02","1,016.08","","+5.38%"
"Jan 21, 2016","994.07","1,026.52","1,036.42","994.07","","-3.13%"
"Jan 20, 2016","1,026.15","1,058.01","1,058.43","1,025.18","","-3.25%"
"Jan 19, 2016","1,060.67","1,058.14","1,067.17","1,050.34","","+0.02%"
"Jan 18, 2016","1,060.43","1,049.55","1,065.54","1,043.39","","-1.00%"
"Jan 15, 2016","1,071.12","1,085.42","1,090.81","1,067.19","","+0.39%"
"Jan 14, 2016","1,066.94","1,080.97","1,081.11","1,052.58","","-3.32%"
"Jan 13, 2016","1,103.58","1,089.42","1,104.98","1,086.49","","+2.59%"
"Jan 12, 2016","1,075.73","1,102.98","1,107.10","1,075.73","","-3.58%"
"Jan 08, 2016","1,115.69","1,113.97","1,131.41","1,111.24","","-0.38%"
"Jan 07, 2016","1,119.90","1,141.41","1,144.76","1,119.90","","-2.44%"
"Jan 06, 2016","1,147.87","1,161.57","1,170.26","1,141.72","","-0.96%"
"Jan 05, 2016","1,158.97","1,153.52","1,168.15","1,153.52","","+0.21%"
"Jan 04, 2016","1,156.49","1,166.04","1,179.82","1,153.36","","-1.62%"
"Dec 30, 2015","1,175.57","1,182.12","1,184.77","1,175.57","","-0.06%"
"Dec 29, 2015","1,176.29","1,164.69","1,177.55","1,158.40","","+0.98%"
"Dec 28, 2015","1,164.90","1,151.16","1,168.40","1,149.70","","+1.94%"
"Dec 25, 2015","1,142.74","1,158.76","1,160.25","1,141.34","","-1.43%"
"Dec 24, 2015","1,159.27","1,168.93","1,177.89","1,158.95","","+0.53%"
"Dec 22, 2015","1,153.21","1,161.29","1,162.08","1,153.21","","-0.74%"
"Dec 21, 2015","1,161.80","1,154.67","1,167.78","1,153.12","","-0.33%"
"Dec 18, 2015","1,165.67","1,181.26","1,204.24","1,165.67","","-2.15%"
"Dec 17, 2015","1,191.26","1,198.16","1,200.81","1,189.79","","+1.00%"
"Dec 16, 2015","1,179.44","1,168.38","1,179.99","1,168.25","","+2.31%"
"Dec 15, 2015","1,152.80","1,173.31","1,175.94","1,152.80","","-1.32%"
"Dec 14, 2015","1,168.25","1,160.75","1,169.70","1,154.45","","-1.33%"
"Dec 11, 2015","1,183.97","1,179.03","1,186.15","1,178.50","","+0.37%"
"Dec 10, 2015","1,179.61","1,176.30","1,190.03","1,176.30","","-0.63%"
"Dec 09, 2015","1,187.06","1,189.74","1,194.59","1,185.11","","-0.84%"
"Dec 08, 2015","1,197.15","1,213.10","1,217.73","1,193.52","","-1.53%"
"Dec 07, 2015","1,215.69","1,217.69","1,222.47","1,215.69","","-0.03%"
"Dec 04, 2015","1,216.07","1,219.99","1,220.11","1,213.19","","-1.72%"
"Dec 03, 2015","1,237.37","1,228.58","1,239.31","1,228.58","","+0.14%"
"Dec 02, 2015","1,235.69","1,236.55","1,244.87","1,235.13","","-0.29%"
"Dec 01, 2015","1,239.25","1,221.96","1,242.31","1,221.96","","+1.72%"
"Nov 30, 2015","1,218.24","1,235.39","1,235.39","1,216.90","","-1.71%"
"Nov 27, 2015","1,239.48","1,242.42","1,247.95","1,237.59","","-0.10%"
"Nov 26, 2015","1,240.72","1,241.98","1,243.60","1,237.47","","+0.16%"
"Nov 25, 2015","1,238.68","1,242.82","1,242.82","1,237.55","","-0.61%"
"Nov 24, 2015","1,246.25","1,239.65","1,248.08","1,238.33","","+0.51%"
"Nov 20, 2015","1,239.89","1,235.94","1,239.89","1,229.42","","-0.17%"
"Nov 19, 2015","1,241.98","1,243.31","1,252.45","1,239.12","","+0.92%"
"Nov 18, 2015","1,230.61","1,239.36","1,241.96","1,229.75","","-0.39%"
"Nov 17, 2015","1,235.46","1,234.81","1,241.75","1,230.34","","+1.16%"
"Nov 16, 2015","1,221.31","1,205.84","1,224.69","1,205.84","","-0.57%"
"Nov 13, 2015","1,228.26","1,227.23","1,228.27","1,217.41","","-0.92%"
"Nov 12, 2015","1,239.72","1,233.18","1,241.38","1,228.08","","+0.19%"
"Nov 11, 2015","1,237.39","1,225.52","1,239.16","1,225.52","","+0.84%"
"Nov 10, 2015","1,227.14","1,220.35","1,228.41","1,218.95","","-0.28%"
"Nov 09, 2015","1,230.60","1,216.21","1,230.60","1,215.08","","+1.93%"
"Nov 06, 2015","1,207.34","1,198.47","1,209.27","1,193.38","","+0.67%"
"Nov 05, 2015","1,199.28","1,207.74","1,224.44","1,194.95","","-0.52%"
"Nov 04, 2015","1,205.57","1,208.41","1,218.04","1,205.40","","+0.95%"
"Nov 02, 2015","1,194.28","1,205.55","1,205.55","1,190.60","","-2.34%"
"Oct 30, 2015","1,222.86","1,219.30","1,231.01","1,209.55","","+0.26%"
"Oct 29, 2015","1,219.73","1,215.52","1,222.44","1,211.62","","+0.96%"
"Oct 28, 2015","1,208.13","1,209.19","1,212.57","1,202.81","","+0.27%"
"Oct 27, 2015","1,204.85","1,219.52","1,222.23","1,203.80","","-1.78%"
"Oct 26, 2015","1,226.72","1,231.36","1,232.73","1,224.52","","+0.55%"
"Oct 23, 2015","1,220.00","1,222.90","1,226.16","1,215.53","","+1.64%"
"Oct 22, 2015","1,200.36","1,192.42","1,209.89","1,192.42","","-0.07%"
"Oct 21, 2015","1,201.23","1,176.81","1,202.98","1,176.81","","+2.17%"
"Oct 20, 2015","1,175.69","1,170.41","1,177.37","1,164.90","","+0.59%"
"Oct 19, 2015","1,168.82","1,182.14","1,182.19","1,165.57","","-1.51%"
"Oct 16, 2015","1,186.71","1,191.93","1,196.10","1,183.52","","+0.58%"
"Oct 15, 2015","1,179.85","1,158.20","1,182.77","1,156.37","","+1.73%"
"Oct 14, 2015","1,159.80","1,168.49","1,175.41","1,155.40","","-2.15%"
"Oct 13, 2015","1,185.29","1,185.32","1,197.00","1,178.29","","-1.14%"
"Oct 09, 2015","1,198.99","1,180.14","1,199.49","1,179.77","","+3.14%"
"Oct 08, 2015","1,162.52","1,161.64","1,177.33","1,159.37","","-0.34%"
"Oct 07, 2015","1,166.46","1,134.03","1,170.98","1,133.69","","+3.47%"
"Oct 06, 2015","1,127.38","1,137.37","1,141.72","1,125.18","","+0.97%"
"Oct 05, 2015","1,116.50","1,100.30","1,123.48","1,099.27","","+2.93%"
"Oct 02, 2015","1,084.73","1,079.73","1,088.18","1,073.79","","-0.42%"
"Oct 01, 2015","1,089.27","1,086.41","1,095.46","1,068.28","","+1.41%"
"Sep 30, 2015","1,074.08","1,068.46","1,078.25","1,066.40","","+2.36%"
"Sep 29, 2015","1,049.36","1,094.43","1,094.43","1,047.94","","-5.84%"
"Sep 28, 2015","1,114.42","1,131.48","1,133.55","1,108.14","","-3.01%"
"Sep 25, 2015","1,148.96","1,139.31","1,148.96","1,127.97","","+1.54%"
"Sep 24, 2015","1,131.54","1,146.77","1,148.49","1,131.54","","-2.38%"
"Sep 18, 2015","1,159.17","1,178.62","1,178.62","1,158.26","","-2.33%"
"Sep 17, 2015","1,186.82","1,184.96","1,189.39","1,177.34","","+1.25%"
"Sep 16, 2015","1,172.18","1,174.97","1,179.92","1,167.16","","+0.93%"
"Sep 15, 2015","1,161.41","1,167.53","1,183.21","1,159.34","","-0.04%"
"Sep 14, 2015","1,161.86","1,180.47","1,181.43","1,161.03","","-1.38%"
"Sep 11, 2015","1,178.12","1,172.06","1,183.84","1,168.35","","-0.28%"
"Sep 10, 2015","1,181.45","1,172.04","1,183.06","1,161.84","","-1.18%"
"Sep 09, 2015","1,195.55","1,160.25","1,195.55","1,160.25","","+5.35%"
"Sep 08, 2015","1,134.85","1,145.37","1,158.37","1,134.10","","-0.72%"
"Sep 07, 2015","1,143.07","1,129.72","1,149.69","1,124.54","","+0.20%"
"Sep 04, 2015","1,140.79","1,168.13","1,168.13","1,130.65","","-1.32%"
"Sep 03, 2015","1,156.10","1,165.34","1,174.43","1,155.80","","+0.55%"
"Sep 02, 2015","1,149.80","1,148.90","1,169.66","1,141.46","","-1.91%"
"Sep 01, 2015","1,172.18","1,202.59","1,207.60","1,172.18","","-2.79%"
"Aug 31, 2015","1,205.78","1,208.11","1,215.53","1,194.29","","-0.89%"
"Aug 28, 2015","1,216.65","1,182.85","1,224.49","1,182.85","","+5.15%"
"Aug 27, 2015","1,157.06","1,166.85","1,180.41","1,156.68","","+1.17%"
"Aug 26, 2015","1,143.73","1,128.44","1,148.08","1,113.35","","+2.77%"
"Aug 25, 2015","1,112.88","1,139.62","1,166.18","1,103.28","","-4.52%"
"Aug 24, 2015","1,165.52","1,200.34","1,205.61","1,165.52","","-4.77%"
"Aug 21, 2015","1,223.86","1,222.42","1,240.48","1,222.39","","-1.69%"
"Aug 20, 2015","1,244.86","1,267.88","1,269.32","1,244.86","","-2.25%"
"Aug 19, 2015","1,273.50","1,285.65","1,288.19","1,273.09","","-1.25%"
"Aug 18, 2015","1,289.61","1,288.74","1,292.97","1,286.45","","+0.17%"
"Aug 17, 2015","1,287.43","1,279.59","1,287.43","1,278.44","","+0.91%"
"Aug 14, 2015","1,275.86","1,277.18","1,280.03","1,273.20","","-0.53%"
"Aug 13, 2015","1,282.67","1,282.52","1,284.45","1,273.23","","+0.40%"
"Aug 12, 2015","1,277.61","1,290.58","1,293.86","1,271.46","","-1.50%"
"Aug 11, 2015","1,297.08","1,303.80","1,308.21","1,292.51","","+0.21%"
"Aug 10, 2015","1,294.42","1,284.41","1,294.84","1,277.84","","+0.17%"
"Aug 07, 2015","1,292.24","1,276.68","1,292.92","1,275.14","","+0.56%"
"Aug 06, 2015","1,284.99","1,281.15","1,295.35","1,280.37","","+1.27%"
"Aug 05, 2015","1,268.93","1,262.55","1,278.41","1,255.91","","+0.63%"
"Aug 04, 2015","1,260.93","1,277.12","1,282.84","1,254.20","","-1.95%"
"Aug 03, 2015","1,286.07","1,289.58","1,289.99","1,277.47","","-0.65%"
"Jul 31, 2015","1,294.52","1,286.22","1,294.52","1,284.62","","+0.33%"
"Jul 30, 2015","1,290.26","1,275.58","1,292.37","1,274.27","","+1.96%"
"Jul 29, 2015","1,265.49","1,263.27","1,273.00","1,260.82","","+0.92%"
"Jul 28, 2015","1,253.90","1,255.21","1,262.57","1,244.98","","-0.98%"
"Jul 27, 2015","1,266.31","1,274.75","1,278.29","1,264.60","","-1.12%"
"Jul 24, 2015","1,280.71","1,291.24","1,291.66","1,279.44","","-1.47%"
"Jul 23, 2015","1,299.77","1,301.96","1,301.96","1,292.12","","+0.13%"
"Jul 22, 2015","1,298.03","1,297.37","1,301.19","1,294.56","","-0.20%"
"Jul 21, 2015","1,300.60","1,308.41","1,308.41","1,296.96","","-0.20%"
"Jul 17, 2015","1,303.16","1,306.21","1,306.42","1,299.42","","-0.05%"
"Jul 16, 2015","1,303.75","1,299.30","1,303.75","1,293.08","","+0.86%"
"Jul 15, 2015","1,292.63","1,302.61","1,303.08","1,290.82","","-0.40%"
"Jul 14, 2015","1,297.87","1,289.45","1,303.25","1,287.88","","+2.23%"
"Jul 13, 2015","1,269.54","1,256.47","1,272.70","1,256.47","","+1.60%"
"Jul 10, 2015","1,249.58","1,251.40","1,264.12","1,245.72","","+0.56%"
"Jul 09, 2015","1,242.63","1,217.69","1,242.98","1,197.33","","+0.36%"
"Jul 08, 2015","1,238.22","1,285.05","1,285.05","1,238.22","","-4.34%"
"Jul 07, 2015","1,294.45","1,308.80","1,310.64","1,293.79","","-0.13%"
"Jul 06, 2015","1,296.19","1,303.60","1,310.57","1,296.19","","-1.94%"
"Jul 03, 2015","1,321.85","1,323.74","1,325.86","1,318.96","","-0.17%"
"Jul 02, 2015","1,324.06","1,321.18","1,328.04","1,320.47","","+0.90%"
"Jul 01, 2015","1,312.19","1,313.27","1,314.98","1,307.17","","+0.31%"
"Jun 30, 2015","1,308.07","1,305.11","1,311.64","1,305.05","","+0.43%"
"Jun 29, 2015","1,302.42","1,306.47","1,314.85","1,298.64","","-2.32%"
"Jun 26, 2015","1,333.36","1,341.84","1,341.84","1,327.05","","-0.86%"
"Jun 25, 2015","1,344.99","1,346.64","1,350.02","1,342.54","","-0.73%"
"Jun 24, 2015","1,354.82","1,350.01","1,363.24","1,349.34","","+0.85%"
"Jun 23, 2015","1,343.35","1,333.41","1,345.52","1,330.51","","+1.17%"
"Jun 22, 2015","1,327.82","1,324.27","1,332.82","1,321.27","","-0.12%"
"Jun 19, 2015","1,329.40","1,322.07","1,331.47","1,319.88","","+1.09%"
"Jun 18, 2015","1,315.09","1,327.29","1,328.35","1,315.09","","-1.12%"
"Jun 17, 2015","1,329.99","1,338.09","1,340.79","1,328.51","","-0.45%"
"Jun 16, 2015","1,335.95","1,335.84","1,342.86","1,334.25","","-0.02%"
"Jun 15, 2015","1,336.23","1,330.12","1,337.33","1,327.35","","0.00%"
"Jun 12, 2015","1,336.28","1,336.82","1,339.27","1,332.44","","+0.12%"
"Jun 11, 2015","1,334.70","1,323.04","1,334.70","1,323.04","","+1.69%"
"Jun 10, 2015","1,312.58","1,317.76","1,326.93","1,311.04","","-0.36%"
"Jun 09, 2015","1,317.38","1,327.10","1,332.67","1,316.73","","-1.45%"
"Jun 08, 2015","1,336.83","1,336.58","1,339.14","1,332.51","","+0.29%"
"Jun 05, 2015","1,332.96","1,337.87","1,338.14","1,329.78","","-0.91%"
"Jun 04, 2015","1,345.15","1,349.67","1,349.98","1,340.73","","-0.11%"
"Jun 03, 2015","1,346.68","1,334.76","1,348.02","1,334.76","","+0.72%"
"Jun 02, 2015","1,337.04","1,346.40","1,346.56","1,336.87","","-0.51%"
"Jun 01, 2015","1,343.95","1,330.22","1,345.33","1,327.94","","+0.10%"
"May 29, 2015","1,342.64","1,339.49","1,347.03","1,339.49","","+0.19%"
"May 28, 2015","1,340.04","1,347.99","1,350.71","1,336.11","","-0.29%"
"May 27, 2015","1,343.88","1,337.94","1,344.54","1,334.80","","-0.10%"
"May 26, 2015","1,345.24","1,340.30","1,347.74","1,338.00","","+0.58%"
"May 25, 2015","1,337.54","1,331.85","1,338.44","1,328.49","","+0.96%"
"May 22, 2015","1,324.80","1,317.87","1,325.06","1,316.01","","+0.81%"
"May 21, 2015","1,314.10","1,306.86","1,318.87","1,306.19","","+0.53%"
"May 20, 2015","1,307.21","1,313.00","1,313.50","1,304.45","","-0.13%"
"May 19, 2015","1,308.92","1,305.59","1,313.35","1,303.22","","+0.30%"
"May 18, 2015","1,304.97","1,286.23","1,304.97","1,286.21","","+1.96%"
"May 15, 2015","1,279.90","1,285.40","1,289.58","1,277.94","","-0.22%"
"May 14, 2015","1,282.72","1,282.10","1,287.81","1,278.50","","-0.25%"
"May 13, 2015","1,285.93","1,276.04","1,287.07","1,271.39","","+0.40%"
"May 12, 2015","1,280.83","1,274.74","1,280.83","1,267.38","","+0.76%"
"May 11, 2015","1,271.18","1,257.28","1,274.64","1,257.28","","+1.91%"
"May 08, 2015","1,247.34","1,249.48","1,261.15","1,244.29","","+0.20%"
"May 07, 2015","1,244.84","1,242.07","1,248.74","1,238.42","","-0.47%"
"May 01, 2015","1,250.71","1,244.08","1,252.09","1,237.21","","-0.27%"
"Apr 30, 2015","1,254.08","1,254.73","1,258.76","1,246.85","","-0.24%"
"Apr 28, 2015","1,257.12","1,250.26","1,260.26","1,250.26","","+1.01%"
"Apr 27, 2015","1,244.59","1,245.79","1,248.69","1,241.51","","+0.18%"
"Apr 24, 2015","1,242.35","1,250.04","1,250.93","1,238.06","","-0.40%"
"Apr 23, 2015","1,247.34","1,237.55","1,251.28","1,236.92","","+1.23%"
"Apr 22, 2015","1,232.24","1,226.99","1,233.89","1,225.31","","+0.49%"
"Apr 21, 2015","1,226.28","1,220.50","1,226.56","1,219.64","","+0.51%"
"Apr 20, 2015","1,220.02","1,220.18","1,226.90","1,213.06","","-0.92%"
"Apr 17, 2015","1,231.35","1,219.90","1,234.32","1,219.17","","+0.92%"
"Apr 16, 2015","1,220.18","1,208.72","1,220.18","1,208.27","","+1.22%"
"Apr 15, 2015","1,205.45","1,204.64","1,209.10","1,203.00","","-0.08%"
"Apr 14, 2015","1,206.41","1,202.20","1,207.18","1,201.75","","+0.31%"
"Apr 13, 2015","1,202.64","1,202.01","1,203.92","1,195.12","","+0.34%"
"Apr 10, 2015","1,198.61","1,206.37","1,209.28","1,194.88","","-0.65%"
"Apr 09, 2015","1,206.51","1,212.70","1,213.16","1,203.21","","-0.04%"
"Apr 08, 2015","1,207.03","1,206.92","1,212.59","1,205.65","","+0.52%"
"Apr 07, 2015","1,200.78","1,190.29","1,206.39","1,190.29","","+1.71%"
"Apr 06, 2015","1,180.55","1,177.65","1,181.74","1,174.54","","-0.54%"
"Apr 03, 2015","1,186.99","1,186.91","1,188.44","1,178.38","","-0.06%"
"Apr 02, 2015","1,187.76","1,175.92","1,194.55","1,175.92","","+1.51%"
"Apr 01, 2015","1,170.14","1,177.82","1,183.47","1,168.84","","-1.41%"
"Mar 31, 2015","1,186.85","1,204.93","1,211.28","1,186.85","","-0.54%"
"Mar 30, 2015","1,193.24","1,194.34","1,194.90","1,178.85","","-0.20%"
"Mar 27, 2015","1,195.67","1,205.66","1,212.27","1,188.29","","-2.71%"
"Mar 26, 2015","1,228.97","1,230.88","1,232.01","1,223.97","","-0.55%"
"Mar 25, 2015","1,235.76","1,230.89","1,238.19","1,226.58","","+0.39%"
"Mar 24, 2015","1,231.02","1,229.35","1,231.23","1,223.82","","+0.12%"
"Mar 23, 2015","1,229.53","1,216.75","1,229.86","1,216.74","","+1.49%"
"Mar 20, 2015","1,211.51","1,209.23","1,211.51","1,204.12","","+0.21%"
"Mar 19, 2015","1,208.96","1,210.98","1,212.52","1,204.65","","-0.23%"
"Mar 18, 2015","1,211.77","1,213.30","1,213.90","1,207.70","","-0.18%"
"Mar 17, 2015","1,213.91","1,213.54","1,215.98","1,211.37","","+0.38%"
"Mar 16, 2015","1,209.27","1,211.62","1,213.57","1,207.43","","-0.36%"
"Mar 13, 2015","1,213.60","1,212.44","1,216.86","1,209.65","","+0.20%"
"Mar 12, 2015","1,211.18","1,205.29","1,211.97","1,203.76","","+0.57%"
"Mar 11, 2015","1,204.27","1,201.51","1,208.11","1,196.99","","-0.04%"
"Mar 10, 2015","1,204.75","1,210.37","1,213.71","1,201.47","","-0.11%"
"Mar 09, 2015","1,206.02","1,205.22","1,207.50","1,200.54","","+0.05%"
"Mar 06, 2015","1,205.46","1,197.83","1,205.46","1,196.98","","+0.72%"
"Mar 05, 2015","1,196.88","1,195.93","1,202.64","1,195.01","","-0.02%"
"Mar 04, 2015","1,197.06","1,199.03","1,199.03","1,191.33","","-0.26%"
"Mar 03, 2015","1,200.24","1,205.87","1,205.94","1,193.02","","-0.27%"
"Mar 02, 2015","1,203.45","1,201.96","1,205.94","1,199.36","","+0.47%"
"Feb 27, 2015","1,197.78","1,195.55","1,199.80","1,191.41","","+0.51%"
"Feb 26, 2015","1,191.68","1,182.93","1,191.68","1,181.23","","+0.61%"
"Feb 25, 2015","1,184.43","1,182.91","1,184.43","1,179.34","","+0.38%"
"Feb 24, 2015","1,179.97","1,173.80","1,179.97","1,170.06","","+0.39%"
"Feb 23, 2015","1,175.34","1,177.06","1,181.27","1,170.43","","+0.34%"
"Feb 20, 2015","1,171.31","1,171.03","1,174.22","1,168.21","","+0.05%"
"Feb 19, 2015","1,170.75","1,165.60","1,171.21","1,163.80","","+0.37%"
"Feb 18, 2015","1,166.38","1,162.06","1,167.20","1,159.53","","+0.72%"
"Feb 17, 2015","1,158.08","1,156.46","1,160.18","1,149.98","","+0.49%"
"Feb 16, 2015","1,152.47","1,136.88","1,154.14","1,133.27","","+2.12%"
"Feb 13, 2015","1,128.57","1,126.51","1,131.66","1,125.42","","+0.10%"
"Feb 12, 2015","1,127.41","1,135.89","1,136.44","1,124.95","","-0.06%"
"Feb 10, 2015","1,128.06","1,122.04","1,130.94","1,122.04","","+0.36%"
"Feb 09, 2015","1,123.98","1,125.34","1,126.97","1,120.38","","+0.70%"
"Feb 06, 2015","1,116.18","1,120.31","1,123.05","1,110.62","","-0.11%"
"Feb 05, 2015","1,117.41","1,111.41","1,118.22","1,101.24","","+0.05%"
"Feb 04, 2015","1,116.85","1,104.64","1,118.97","1,103.24","","+2.86%"
"Feb 03, 2015","1,085.81","1,085.36","1,094.20","1,083.54","","+0.62%"
"Feb 02, 2015","1,079.12","1,071.12","1,080.74","1,067.98","","+0.25%"
"Jan 30, 2015","1,076.41","1,085.28","1,085.88","1,076.41","","+0.04%"
"Jan 29, 2015","1,075.93","1,084.35","1,085.13","1,074.92","","-1.27%"
"Jan 28, 2015","1,089.72","1,083.36","1,091.61","1,082.16","","-0.24%"
"Jan 27, 2015","1,092.31","1,079.26","1,092.44","1,077.19","","+0.63%"
"Jan 26, 2015","1,085.52","1,085.46","1,097.43","1,083.09","","-0.98%"
"Jan 23, 2015","1,096.31","1,087.23","1,097.63","1,085.05","","+1.57%"
"Jan 22, 2015","1,079.33","1,072.98","1,079.33","1,069.19","","+0.53%"
"Jan 21, 2015","1,073.61","1,079.73","1,079.73","1,070.70","","-0.92%"
"Jan 20, 2015","1,083.62","1,077.76","1,083.62","1,070.72","","+0.95%"
"Jan 19, 2015","1,073.38","1,068.62","1,075.24","1,066.16","","+1.73%"
"Jan 16, 2015","1,055.16","1,047.11","1,055.16","1,040.52","","-0.63%"
"Jan 15, 2015","1,061.90","1,058.91","1,065.49","1,052.60","","+0.71%"
"Jan 14, 2015","1,054.43","1,068.65","1,068.65","1,054.31","","-1.97%"
"Jan 13, 2015","1,075.57","1,074.14","1,075.57","1,061.53","","-0.79%"
"Jan 09, 2015","1,084.18","1,088.64","1,090.79","1,080.64","","-0.03%"
"Jan 08, 2015","1,084.52","1,092.31","1,092.92","1,083.23","","+0.37%"
"Jan 07, 2015","1,080.49","1,077.05","1,087.21","1,074.42","","-0.11%"
"Jan 06, 2015","1,081.64","1,097.61","1,098.10","1,081.64","","-3.30%"
"Jan 05, 2015","1,118.54","1,116.28","1,126.01","1,107.55","","-0.72%"
"Dec 30, 2014","1,126.60","1,132.52","1,135.23","1,126.60","","-0.61%"
"Dec 29, 2014","1,133.56","1,133.40","1,135.45","1,122.02","","+0.26%"
"Dec 26, 2014","1,130.66","1,121.98","1,131.27","1,121.81","","+0.93%"
"Dec 25, 2014","1,120.22","1,120.24","1,121.06","1,115.81","","-0.13%"
"Dec 24, 2014","1,121.67","1,122.58","1,124.16","1,119.36","","+0.91%"
"Dec 22, 2014","1,111.53","1,100.93","1,111.53","1,098.58","","+1.77%"
"Dec 19, 2014","1,092.16","1,082.52","1,092.16","1,081.66","","+2.81%"
"Dec 18, 2014","1,062.28","1,073.93","1,079.68","1,061.61","","+0.95%"
"Dec 17, 2014","1,052.31","1,050.91","1,060.47","1,049.52","","+0.19%"
"Dec 16, 2014","1,050.33","1,068.09","1,068.13","1,048.01","","-2.39%"
"Dec 15, 2014","1,076.07","1,083.71","1,084.40","1,073.06","","-1.72%"
"Dec 12, 2014","1,094.93","1,094.73","1,107.10","1,092.59","","-0.55%"
"Dec 11, 2014","1,101.04","1,094.39","1,102.88","1,086.97","","-0.58%"
"Dec 10, 2014","1,107.49","1,119.73","1,123.18","1,104.46","","-1.76%"
"Dec 09, 2014","1,127.33","1,132.77","1,132.77","1,125.04","","-1.10%"
"Dec 08, 2014","1,139.91","1,143.38","1,143.38","1,138.20","","-0.07%"
"Dec 05, 2014","1,140.66","1,138.07","1,140.66","1,135.00","","+0.12%"
"Dec 04, 2014","1,139.25","1,138.64","1,141.73","1,137.97","","+0.44%"
"Dec 03, 2014","1,134.21","1,143.18","1,143.35","1,133.54","","-0.35%"
"Dec 02, 2014","1,138.19","1,124.47","1,139.80","1,121.77","","+0.59%"
"Dec 01, 2014","1,131.55","1,139.32","1,140.57","1,129.31","","-0.27%"
"Nov 28, 2014","1,134.62","1,129.16","1,134.62","1,125.97","","+0.64%"
"Nov 27, 2014","1,127.42","1,137.65","1,137.95","1,127.42","","-1.32%"
"Nov 26, 2014","1,142.48","1,134.44","1,146.07","1,131.68","","+0.69%"
"Nov 25, 2014","1,134.69","1,133.67","1,136.08","1,130.73","","+0.88%"
"Nov 21, 2014","1,124.77","1,124.98","1,125.99","1,113.70","","-0.29%"
"Nov 20, 2014","1,127.99","1,134.11","1,134.70","1,127.39","","-0.27%"
"Nov 19, 2014","1,131.07","1,133.58","1,141.16","1,130.78","","+0.02%"
"Nov 18, 2014","1,130.88","1,125.62","1,132.86","1,125.62","","+1.34%"
"Nov 17, 2014","1,115.89","1,129.61","1,130.86","1,112.73","","-1.91%"
"Nov 14, 2014","1,137.64","1,143.33","1,143.55","1,128.56","","+0.25%"
"Nov 13, 2014","1,134.77","1,125.56","1,135.81","1,122.21","","+0.79%"
"Nov 12, 2014","1,125.89","1,136.60","1,139.30","1,125.32","","-0.65%"
"Nov 11, 2014","1,133.28","1,133.93","1,137.92","1,130.01","","+0.14%"
"Nov 10, 2014","1,131.72","1,120.72","1,133.13","1,119.14","","+0.61%"
"Nov 07, 2014","1,124.81","1,119.00","1,126.56","1,116.51","","+1.10%"
"Nov 06, 2014","1,112.55","1,124.95","1,125.30","1,106.99","","-1.14%"
"Nov 05, 2014","1,125.35","1,116.08","1,126.26","1,115.09","","+0.35%"
"Nov 04, 2014","1,121.42","1,127.90","1,143.46","1,120.94","","+1.55%"
"Oct 31, 2014","1,104.28","1,080.80","1,111.79","1,079.45","","+3.29%"
"Oct 30, 2014","1,069.13","1,068.79","1,073.78","1,066.59","","+0.17%"
"Oct 29, 2014","1,067.34","1,053.45","1,068.20","1,051.46","","+2.28%"
"Oct 28, 2014","1,043.50","1,048.57","1,049.38","1,038.35","","-0.63%"
"Oct 27, 2014","1,050.16","1,047.03","1,051.07","1,042.48","","+1.16%"
"Oct 24, 2014","1,038.10","1,044.79","1,048.18","1,034.75","","+0.75%"
"Oct 23, 2014","1,030.39","1,030.18","1,036.91","1,023.48","","-0.36%"
"Oct 22, 2014","1,034.11","1,025.39","1,034.11","1,022.53","","+2.11%"
"Oct 21, 2014","1,012.71","1,031.40","1,031.40","1,010.72","","-1.68%"
"Oct 20, 2014","1,030.00","1,021.46","1,031.83","1,019.40","","+3.19%"
"Oct 17, 2014","998.15","1,013.87","1,016.52","997.75","","-1.41%"
"Oct 16, 2014","1,012.41","1,010.07","1,017.11","1,002.83","","-1.72%"
"Oct 15, 2014","1,030.08","1,034.09","1,037.21","1,023.06","","0.00%"
"Oct 14, 2014","1,030.10","1,031.20","1,038.74","1,028.13","","-2.03%"
"Oct 10, 2014","1,051.47","1,047.55","1,051.90","1,043.73","","-1.50%"
"Oct 09, 2014","1,067.44","1,087.15","1,087.15","1,066.66","","-1.69%"
"Oct 08, 2014","1,085.83","1,079.47","1,090.11","1,076.27","","-0.78%"
"Oct 07, 2014","1,094.42","1,101.63","1,106.52","1,092.12","","-0.62%"
"Oct 06, 2014","1,101.20","1,110.20","1,110.20","1,101.20","","+0.30%"
"Oct 03, 2014","1,097.89","1,095.16","1,099.49","1,091.19","","+0.06%"
"Oct 02, 2014","1,097.18","1,111.59","1,111.59","1,095.62","","-2.50%"
"Oct 01, 2014","1,125.31","1,133.28","1,136.98","1,124.08","","-1.07%"
"Sep 30, 2014","1,137.50","1,156.55","1,156.59","1,128.42","","-3.16%"
"Sep 29, 2014","1,174.58","1,176.31","1,177.52","1,171.93","","+0.35%"
"Sep 26, 2014","1,170.49","1,165.13","1,176.73","1,165.13","","-2.43%"
"Sep 25, 2014","1,199.64","1,193.42","1,199.64","1,191.07","","+1.05%"
"Sep 24, 2014","1,187.12","1,180.76","1,188.89","1,180.76","","-0.08%"
"Sep 22, 2014","1,188.02","1,188.21","1,192.70","1,181.47","","+0.58%"
"Sep 19, 2014","1,181.19","1,172.54","1,184.20","1,171.76","","+1.08%"
"Sep 18, 2014","1,168.58","1,168.67","1,173.25","1,167.31","","+0.70%"
"Sep 17, 2014","1,160.44","1,167.16","1,168.56","1,160.44","","-0.22%"
"Sep 16, 2014","1,163.04","1,159.77","1,163.73","1,157.68","","+0.47%"
"Sep 12, 2014","1,157.65","1,155.04","1,161.30","1,154.35","","+0.16%"
"Sep 11, 2014","1,155.77","1,156.30","1,157.14","1,152.62","","+0.30%"
"Sep 10, 2014","1,152.31","1,140.60","1,152.31","1,140.60","","+0.69%"
"Sep 09, 2014","1,144.46","1,148.64","1,149.05","1,143.23","","-0.06%"
"Sep 08, 2014","1,145.10","1,141.74","1,145.16","1,140.74","","+0.74%"
"Sep 05, 2014","1,136.68","1,144.94","1,145.06","1,134.81","","-0.37%"
"Sep 04, 2014","1,140.89","1,146.05","1,147.27","1,139.69","","-0.52%"
"Sep 03, 2014","1,146.82","1,149.28","1,150.08","1,145.77","","+0.23%"
"Sep 02, 2014","1,144.24","1,141.32","1,147.56","1,138.93","","+0.50%"
"Sep 01, 2014","1,138.58","1,133.04","1,138.75","1,131.80","","+0.82%"
"Aug 29, 2014","1,129.31","1,129.88","1,132.56","1,125.05","","-0.41%"
"Aug 28, 2014","1,133.95","1,138.53","1,138.75","1,131.98","","-0.59%"
"Aug 27, 2014","1,140.70","1,137.39","1,141.26","1,134.32","","+0.29%"
"Aug 26, 2014","1,137.45","1,141.38","1,142.62","1,136.98","","-0.13%"
"Aug 25, 2014","1,138.95","1,138.98","1,140.69","1,136.40","","+0.53%"
"Aug 22, 2014","1,132.91","1,142.34","1,143.07","1,131.78","","-0.66%"
"Aug 21, 2014","1,140.49","1,136.91","1,142.13","1,136.41","","+0.61%"
"Aug 20, 2014","1,133.55","1,137.11","1,137.59","1,131.78","","-0.13%"
"Aug 19, 2014","1,134.97","1,136.56","1,137.52","1,132.94","","+0.55%"
"Aug 18, 2014","1,128.74","1,127.90","1,130.16","1,126.46","","+0.32%"
"Aug 15, 2014","1,125.15","1,122.37","1,125.75","1,120.37","","+0.22%"
"Aug 14, 2014","1,122.63","1,119.91","1,125.32","1,118.11","","+0.56%"
"Aug 13, 2014","1,116.37","1,110.85","1,119.78","1,110.20","","+0.44%"
"Aug 12, 2014","1,111.52","1,103.14","1,113.58","1,103.14","","+0.91%"
"Aug 11, 2014","1,101.49","1,096.39","1,102.95","1,089.41","","+1.76%"
"Aug 08, 2014","1,082.45","1,096.39","1,099.78","1,082.45","","-2.16%"
"Aug 07, 2014","1,106.34","1,102.66","1,107.27","1,094.46","","+0.51%"
"Aug 06, 2014","1,100.76","1,103.01","1,105.25","1,095.62","","-0.40%"
"Aug 05, 2014","1,105.15","1,121.74","1,121.82","1,105.15","","-1.35%"
"Aug 04, 2014","1,120.32","1,112.93","1,123.81","1,111.46","","+0.45%"
"Aug 01, 2014","1,115.34","1,117.23","1,119.92","1,114.64","","-1.21%"
"Jul 31, 2014","1,128.95","1,137.26","1,138.10","1,128.39","","-0.42%"
"Jul 30, 2014","1,133.69","1,136.32","1,136.32","1,132.02","","-0.20%"
"Jul 29, 2014","1,135.95","1,131.62","1,137.24","1,131.35","","+0.51%"
"Jul 28, 2014","1,130.15","1,125.09","1,132.64","1,124.25","","+0.37%"
"Jul 25, 2014","1,125.95","1,120.50","1,125.98","1,120.26","","+0.98%"
"Jul 24, 2014","1,114.99","1,119.48","1,120.20","1,111.59","","-0.28%"
"Jul 23, 2014","1,118.08","1,115.35","1,118.08","1,113.16","","+0.35%"
"Jul 22, 2014","1,114.20","1,115.12","1,117.78","1,111.40","","+0.40%"
"Jul 18, 2014","1,109.75","1,105.25","1,110.30","1,100.41","","-0.79%"
"Jul 17, 2014","1,118.62","1,119.84","1,124.22","1,116.36","","+0.25%"
"Jul 16, 2014","1,115.81","1,113.70","1,119.20","1,113.35","","+0.01%"
"Jul 15, 2014","1,115.70","1,117.15","1,122.17","1,114.91","","+0.14%"
"Jul 14, 2014","1,114.16","1,104.63","1,115.31","1,104.18","","+1.12%"
"Jul 11, 2014","1,101.79","1,097.23","1,102.90","1,095.80","","-0.37%"
"Jul 10, 2014","1,105.92","1,119.29","1,119.79","1,105.07","","-1.08%"
"Jul 09, 2014","1,118.02","1,114.00","1,119.65","1,111.33","","-0.35%"
"Jul 08, 2014","1,121.91","1,117.01","1,123.72","1,110.73","","-0.09%"
"Jul 07, 2014","1,122.93","1,127.99","1,129.19","1,122.43","","-0.76%"
"Jul 04, 2014","1,131.57","1,132.20","1,133.31","1,128.16","","+0.59%"
"Jul 03, 2014","1,124.94","1,128.59","1,128.59","1,119.99","","+0.08%"
"Jul 02, 2014","1,124.07","1,124.42","1,128.68","1,122.87","","+0.15%"
"Jul 01, 2014","1,122.39","1,112.09","1,127.00","1,111.73","","+1.08%"
"Jun 30, 2014","1,110.42","1,106.35","1,110.42","1,101.17","","+0.57%"
"Jun 27, 2014","1,104.10","1,109.05","1,110.62","1,094.53","","-0.60%"
"Jun 26, 2014","1,110.76","1,108.84","1,113.72","1,108.84","","+0.32%"
"Jun 25, 2014","1,107.27","1,110.78","1,115.68","1,107.27","","-0.42%"
"Jun 24, 2014","1,111.93","1,106.16","1,113.88","1,100.68","","+0.13%"
"Jun 23, 2014","1,110.46","1,110.30","1,113.62","1,108.45","","+0.37%"
"Jun 20, 2014","1,106.40","1,107.41","1,109.34","1,102.88","","-0.02%"
"Jun 19, 2014","1,106.59","1,095.38","1,107.79","1,094.30","","+1.04%"
"Jun 18, 2014","1,095.16","1,090.53","1,095.16","1,086.75","","+0.73%"
"Jun 17, 2014","1,087.17","1,082.98","1,089.90","1,082.40","","+0.82%"
"Jun 16, 2014","1,078.31","1,080.02","1,083.79","1,075.99","","-0.26%"
"Jun 13, 2014","1,081.12","1,066.95","1,083.08","1,066.43","","+0.79%"
"Jun 12, 2014","1,072.66","1,065.21","1,072.66","1,062.95","","+0.05%"
"Jun 11, 2014","1,072.10","1,064.76","1,072.66","1,064.49","","+0.66%"
"Jun 10, 2014","1,065.12","1,068.93","1,070.64","1,063.30","","-0.24%"
"Jun 09, 2014","1,067.68","1,074.19","1,074.35","1,067.33","","-0.03%"
"Jun 06, 2014","1,067.95","1,067.39","1,070.50","1,066.00","","+0.41%"
"Jun 05, 2014","1,063.54","1,068.96","1,071.19","1,060.51","","-0.45%"
"Jun 04, 2014","1,068.37","1,064.63","1,068.65","1,061.18","","+0.45%"
"Jun 03, 2014","1,063.62","1,064.11","1,065.62","1,062.27","","+0.50%"
"Jun 02, 2014","1,058.30","1,056.48","1,060.47","1,056.39","","+0.85%"
"May 30, 2014","1,049.37","1,054.54","1,055.39","1,048.48","","-0.27%"
"May 29, 2014","1,052.19","1,051.76","1,053.78","1,048.38","","-0.26%"
"May 28, 2014","1,054.95","1,055.79","1,061.00","1,054.70","","+0.19%"
"May 27, 2014","1,052.95","1,052.41","1,059.42","1,052.19","","+0.12%"
"May 26, 2014","1,051.66","1,049.14","1,051.66","1,045.82","","+1.00%"
"May 23, 2014","1,041.20","1,035.92","1,045.59","1,035.92","","+1.00%"
"May 22, 2014","1,030.94","1,023.97","1,033.69","1,021.65","","+1.45%"
"May 21, 2014","1,016.20","1,010.72","1,016.72","1,009.08","","-0.11%"
"May 20, 2014","1,017.29","1,023.86","1,023.86","1,016.04","","-0.33%"
"May 19, 2014","1,020.61","1,030.19","1,031.43","1,019.51","","-0.91%"
"May 16, 2014","1,029.98","1,027.13","1,031.07","1,021.54","","-0.95%"
"May 15, 2014","1,039.86","1,036.59","1,040.13","1,032.17","","-0.47%"
"May 14, 2014","1,044.74","1,036.55","1,044.74","1,036.55","","+0.73%"
"May 13, 2014","1,037.21","1,035.78","1,038.23","1,033.26","","+1.27%"
"May 12, 2014","1,024.19","1,028.18","1,029.76","1,024.19","","-0.50%"
"May 09, 2014","1,029.33","1,023.98","1,034.70","1,023.98","","+0.31%"
"May 08, 2014","1,026.16","1,009.73","1,031.01","1,009.32","","+2.59%"
"May 07, 2014","1,000.27","1,013.75","1,013.75","998.19","","-1.81%"
"May 02, 2014","1,018.71","1,022.38","1,023.45","1,016.75","","-0.46%"
"May 01, 2014","1,023.40","1,013.29","1,027.97","1,013.29","","+1.30%"
"Apr 30, 2014","1,010.27","1,019.21","1,019.21","1,008.79","","-0.60%"
"Apr 28, 2014","1,016.32","1,015.82","1,019.13","1,011.93","","-0.81%"
"Apr 25, 2014","1,024.65","1,016.96","1,028.63","1,014.78","","+0.90%"
"Apr 24, 2014","1,015.56","1,020.16","1,020.42","1,009.44","","-0.47%"
"Apr 23, 2014","1,020.31","1,016.06","1,020.31","1,014.99","","+1.23%"
"Apr 22, 2014","1,007.92","1,017.54","1,021.21","1,007.92","","-0.55%"
"Apr 21, 2014","1,013.53","1,019.73","1,023.16","1,011.67","","-0.47%"
"Apr 18, 2014","1,018.31","1,018.87","1,019.76","1,013.57","","+0.17%"
"Apr 17, 2014","1,016.62","1,016.44","1,021.63","1,012.96","","+0.24%"
"Apr 16, 2014","1,014.23","998.91","1,014.23","996.75","","+2.06%"
"Apr 15, 2014","993.71","997.67","998.86","991.42","","+0.35%"
"Apr 14, 2014","990.29","986.97","997.47","986.65","","-0.25%"
"Apr 11, 2014","992.79","982.25","998.11","979.96","","-0.89%"
"Apr 10, 2014","1,001.73","1,006.15","1,017.67","999.84","","+0.78%"
"Apr 09, 2014","994.02","1,004.81","1,005.91","989.01","","-2.01%"
"Apr 08, 2014","1,014.37","1,023.60","1,026.42","1,013.60","","-1.27%"
"Apr 07, 2014","1,027.44","1,031.82","1,034.68","1,025.06","","-1.40%"
"Apr 04, 2014","1,042.08","1,043.55","1,046.87","1,039.58","","-0.60%"
"Apr 03, 2014","1,048.34","1,050.35","1,053.67","1,047.22","","+0.20%"
"Apr 02, 2014","1,046.21","1,044.05","1,053.63","1,043.46","","+0.46%"
"Apr 01, 2014","1,041.39","1,045.19","1,045.19","1,032.52","","-0.03%"
"Mar 31, 2014","1,041.69","1,033.47","1,042.84","1,030.18","","+1.43%"
"Mar 28, 2014","1,026.98","1,020.53","1,026.99","1,011.20","","+0.88%"
"Mar 27, 2014","1,018.06","1,004.33","1,020.57","994.85","","-0.75%"
"Mar 26, 2014","1,025.78","1,023.74","1,028.54","1,019.62","","+0.67%"
"Mar 25, 2014","1,018.91","1,012.31","1,023.60","1,009.74","","+0.82%"
"Mar 24, 2014","1,010.59","1,013.17","1,024.29","1,008.80","","+0.47%"
"Mar 20, 2014","1,005.86","1,018.24","1,022.65","1,005.86","","-0.83%"
"Mar 19, 2014","1,014.26","1,025.89","1,028.48","1,011.88","","-0.42%"
"Mar 18, 2014","1,018.54","1,021.01","1,026.89","1,018.26","","+1.49%"
"Mar 17, 2014","1,003.54","1,013.52","1,016.13","998.71","","-1.39%"
"Mar 14, 2014","1,017.69","1,025.96","1,030.11","1,017.69","","-2.68%"
"Mar 13, 2014","1,045.75","1,048.12","1,053.54","1,044.24","","-0.73%"
"Mar 12, 2014","1,053.47","1,063.13","1,063.84","1,051.73","","-2.37%"
"Mar 11, 2014","1,079.01","1,075.99","1,081.35","1,073.34","","+0.15%"
"Mar 10, 2014","1,077.37","1,079.87","1,080.88","1,070.06","","-0.82%"
"Mar 07, 2014","1,086.33","1,086.33","1,090.36","1,081.98","","+0.70%"
"Mar 06, 2014","1,078.81","1,072.32","1,082.19","1,068.07","","+0.79%"
"Mar 05, 2014","1,070.37","1,072.33","1,076.95","1,070.09","","+0.92%"
"Mar 04, 2014","1,060.57","1,043.07","1,062.58","1,043.07","","+0.86%"
"Mar 03, 2014","1,051.48","1,050.34","1,052.03","1,035.33","","-0.70%"
"Feb 28, 2014","1,058.92","1,061.76","1,063.05","1,051.55","","-0.28%"
"Feb 27, 2014","1,061.88","1,065.79","1,067.88","1,058.53","","-0.64%"
"Feb 26, 2014","1,068.71","1,065.04","1,075.04","1,064.88","","-0.62%"
"Feb 25, 2014","1,075.33","1,074.73","1,076.45","1,071.41","","+0.75%"
"Feb 24, 2014","1,067.32","1,069.48","1,076.93","1,056.22","","-0.15%"
"Feb 21, 2014","1,068.95","1,059.27","1,069.49","1,059.27","","+1.93%"
"Feb 20, 2014","1,048.76","1,062.71","1,065.54","1,045.86","","-1.87%"
"Feb 19, 2014","1,068.76","1,061.84","1,068.76","1,059.66","","+0.04%"
"Feb 18, 2014","1,068.32","1,051.67","1,069.26","1,050.84","","+1.74%"
"Feb 17, 2014","1,050.02","1,040.79","1,050.21","1,030.38","","+1.22%"
"Feb 14, 2014","1,037.39","1,045.50","1,051.85","1,023.53","","-0.65%"
"Feb 13, 2014","1,044.21","1,059.75","1,061.80","1,040.28","","-1.49%"
"Feb 12, 2014","1,060.03","1,048.64","1,064.64","1,047.67","","+1.76%"
"Feb 10, 2014","1,041.70","1,045.59","1,046.30","1,031.90","","+0.87%"
"Feb 07, 2014","1,032.67","1,019.58","1,035.01","1,018.30","","+2.54%"
"Feb 06, 2014","1,007.07","992.84","1,015.36","992.59","","+1.83%"
"Feb 05, 2014","988.94","974.64","995.49","960.31","","+3.02%"
"Feb 04, 2014","959.95","989.72","989.82","959.38","","-4.87%"
"Feb 03, 2014","1,009.10","1,022.39","1,023.46","1,008.92","","-1.70%"
"Jan 31, 2014","1,026.55","1,036.63","1,038.55","1,022.59","","-0.17%"
"Jan 30, 2014","1,028.27","1,032.65","1,033.09","1,024.14","","-2.30%"
"Jan 29, 2014","1,052.46","1,042.39","1,052.46","1,039.89","","+2.35%"
"Jan 28, 2014","1,028.31","1,039.29","1,040.27","1,028.31","","-0.56%"
"Jan 27, 2014","1,034.07","1,040.52","1,041.66","1,033.70","","-2.69%"
"Jan 24, 2014","1,062.68","1,064.52","1,070.14","1,058.50","","-1.54%"
"Jan 23, 2014","1,079.32","1,094.39","1,094.39","1,078.15","","-1.03%"
"Jan 22, 2014","1,090.58","1,085.71","1,091.67","1,080.63","","+0.44%"
"Jan 21, 2014","1,085.84","1,091.71","1,094.25","1,085.54","","-0.37%"
"Jan 20, 2014","1,089.84","1,086.55","1,091.28","1,082.43","","+0.43%"
"Jan 17, 2014","1,085.20","1,071.74","1,087.16","1,070.91","","+1.23%"
"Jan 16, 2014","1,071.98","1,077.99","1,085.58","1,071.89","","-0.25%"
"Jan 15, 2014","1,074.68","1,067.56","1,074.68","1,065.33","","+1.71%"
"Jan 14, 2014","1,056.62","1,054.67","1,061.11","1,049.42","","-1.07%"
"Jan 10, 2014","1,068.09","1,060.76","1,068.24","1,059.78","","+0.05%"
"Jan 09, 2014","1,067.51","1,070.87","1,071.15","1,061.48","","-0.47%"
"Jan 08, 2014","1,072.56","1,061.98","1,072.56","1,058.98","","+1.64%"
"Jan 07, 2014","1,055.29","1,058.35","1,060.84","1,051.97","","-0.64%"
"Jan 06, 2014","1,062.07","1,063.08","1,065.79","1,054.96","","+0.08%"
"Dec 30, 2013","1,061.23","1,050.27","1,061.99","1,050.27","","+1.82%"
"Dec 27, 2013","1,042.21","1,040.52","1,043.13","1,033.11","","+0.77%"
"Dec 26, 2013","1,034.24","1,020.30","1,039.53","1,020.04","","+1.85%"
"Dec 25, 2013","1,015.44","1,016.74","1,017.21","1,011.03","","-0.19%"
"Dec 24, 2013","1,017.37","1,023.82","1,025.82","1,015.05","","-0.37%"
"Dec 20, 2013","1,021.12","1,021.06","1,022.98","1,018.76","","-0.04%"
"Dec 19, 2013","1,021.50","1,025.32","1,026.78","1,018.65","","+0.40%"
"Dec 18, 2013","1,017.40","1,008.13","1,017.40","1,007.96","","+0.79%"
"Dec 17, 2013","1,009.40","1,006.99","1,011.36","1,004.29","","+0.94%"
"Dec 16, 2013","1,000.01","1,013.83","1,013.83","999.35","","-1.38%"
"Dec 13, 2013","1,014.01","1,018.13","1,021.32","1,009.52","","-0.76%"
"Dec 12, 2013","1,021.73","1,026.22","1,028.05","1,019.20","","-0.93%"
"Dec 11, 2013","1,031.28","1,029.36","1,033.29","1,025.32","","-0.17%"
"Dec 10, 2013","1,033.02","1,031.78","1,033.95","1,029.36","","+0.48%"
"Dec 09, 2013","1,028.09","1,030.50","1,032.06","1,023.27","","+0.99%"
"Dec 06, 2013","1,017.98","1,014.40","1,019.90","1,012.11","","+0.31%"
"Dec 05, 2013","1,014.88","1,023.57","1,026.92","1,014.63","","-0.89%"
"Dec 04, 2013","1,023.99","1,030.51","1,033.64","1,023.99","","-1.26%"
"Dec 03, 2013","1,037.10","1,043.99","1,044.12","1,037.10","","-0.27%"
"Dec 02, 2013","1,039.94","1,049.17","1,051.06","1,039.08","","-0.40%"
"Nov 29, 2013","1,044.09","1,040.54","1,044.30","1,034.31","","+0.61%"
"Nov 28, 2013","1,037.72","1,041.28","1,041.60","1,033.73","","+0.46%"
"Nov 27, 2013","1,032.97","1,037.62","1,040.40","1,032.29","","-0.80%"
"Nov 26, 2013","1,041.29","1,045.07","1,045.45","1,039.99","","-0.65%"
"Nov 25, 2013","1,048.15","1,048.24","1,050.11","1,044.17","","+0.60%"
"Nov 22, 2013","1,041.93","1,045.14","1,047.54","1,037.17","","+0.08%"
"Nov 21, 2013","1,041.07","1,035.04","1,041.07","1,035.04","","+0.74%"
"Nov 20, 2013","1,033.46","1,035.35","1,037.55","1,029.07","","+0.10%"
"Nov 19, 2013","1,032.43","1,031.93","1,035.20","1,029.31","","-0.24%"
"Nov 18, 2013","1,034.93","1,041.32","1,041.32","1,032.81","","-0.07%"
"Nov 15, 2013","1,035.61","1,030.37","1,037.07","1,029.40","","+1.14%"
"Nov 14, 2013","1,023.90","1,020.49","1,027.28","1,017.99","","+0.55%"
"Nov 13, 2013","1,018.30","1,020.79","1,023.42","1,015.88","","-0.17%"
"Nov 12, 2013","1,020.06","1,007.65","1,020.06","1,007.05","","+1.39%"
"Nov 11, 2013","1,006.08","1,011.12","1,012.30","1,002.94","","+0.38%"
"Nov 08, 2013","1,002.27","998.91","1,004.81","998.20","","-0.61%"
"Nov 07, 2013","1,008.45","1,015.41","1,015.41","1,006.99","","-0.70%"
"Nov 06, 2013","1,015.59","1,007.59","1,019.94","1,004.68","","+0.88%"
"Nov 05, 2013","1,006.75","1,014.40","1,016.06","998.76","","-0.17%"
"Nov 01, 2013","1,008.42","1,024.35","1,024.35","1,004.62","","-1.40%"
"Oct 31, 2013","1,022.76","1,032.95","1,034.16","1,021.57","","-0.91%"
"Oct 30, 2013","1,032.16","1,032.09","1,035.44","1,030.60","","+0.86%"
"Oct 29, 2013","1,023.38","1,021.42","1,029.83","1,019.90","","-0.52%"
"Oct 28, 2013","1,028.75","1,019.28","1,029.89","1,018.34","","+1.78%"
"Oct 25, 2013","1,010.73","1,027.41","1,027.97","1,010.58","","-1.77%"
"Oct 24, 2013","1,028.89","1,017.10","1,029.59","1,012.97","","+0.37%"
"Oct 23, 2013","1,025.12","1,041.07","1,042.32","1,025.12","","-1.22%"
"Oct 22, 2013","1,037.81","1,036.06","1,038.18","1,033.86","","+0.39%"
"Oct 21, 2013","1,033.75","1,033.22","1,038.74","1,032.03","","+0.59%"
"Oct 18, 2013","1,027.65","1,031.58","1,034.55","1,024.98","","-0.24%"
"Oct 17, 2013","1,030.15","1,032.96","1,035.47","1,022.84","","+0.91%"
"Oct 16, 2013","1,020.91","1,030.23","1,030.64","1,018.48","","-0.53%"
"Oct 15, 2013","1,026.31","1,036.86","1,036.86","1,024.30","","-0.31%"
"Oct 11, 2013","1,029.55","1,028.17","1,033.13","1,024.53","","+1.60%"
"Oct 10, 2013","1,013.32","1,005.05","1,013.32","1,001.77","","+1.01%"
"Oct 09, 2013","1,003.19","982.77","1,003.70","978.42","","+1.77%"
"Oct 08, 2013","985.70","983.69","988.64","979.63","","+0.09%"
"Oct 07, 2013","984.82","1,000.44","1,002.41","981.29","","-1.70%"
"Oct 04, 2013","1,001.88","997.03","1,009.67","992.99","","-0.21%"
"Oct 03, 2013","1,003.96","1,007.70","1,013.71","1,003.96","","-0.49%"
"Oct 02, 2013","1,008.95","1,025.53","1,031.91","1,006.16","","-1.55%"
"Oct 01, 2013","1,024.86","1,029.53","1,036.88","1,024.30","","-0.24%"
"Sep 30, 2013","1,027.29","1,034.66","1,035.44","1,024.96","","-2.45%"
"Sep 27, 2013","1,053.07","1,059.67","1,059.77","1,051.77","","-0.55%"
"Sep 26, 2013","1,058.91","1,039.39","1,058.91","1,032.50","","-0.17%"
"Sep 25, 2013","1,060.76","1,059.81","1,063.49","1,059.41","","-0.11%"
"Sep 24, 2013","1,061.91","1,054.87","1,064.26","1,054.87","","+0.21%"
"Sep 20, 2013","1,059.65","1,054.01","1,059.65","1,051.91","","+0.82%"
"Sep 19, 2013","1,051.02","1,041.77","1,051.02","1,038.80","","+1.86%"
"Sep 18, 2013","1,031.78","1,030.97","1,038.70","1,030.32","","+0.56%"
"Sep 17, 2013","1,026.05","1,023.48","1,030.01","1,019.43","","+0.95%"
"Sep 13, 2013","1,016.36","1,009.35","1,017.90","1,007.45","","+0.47%"
"Sep 12, 2013","1,011.59","1,015.41","1,015.95","1,007.46","","-0.10%"
"Sep 11, 2013","1,012.57","1,022.09","1,022.09","1,009.81","","-0.37%"
"Sep 10, 2013","1,016.31","1,008.11","1,017.68","1,008.11","","+1.42%"
"Sep 09, 2013","1,002.06","1,003.31","1,004.65","994.45","","+1.95%"
"Sep 06, 2013","982.90","991.73","992.11","977.85","","-0.54%"
"Sep 05, 2013","988.23","990.66","990.83","982.91","","+0.12%"
"Sep 04, 2013","987.04","974.53","987.42","971.84","","+0.50%"
"Sep 03, 2013","982.13","968.44","983.00","968.37","","+2.84%"
"Sep 02, 2013","955.04","955.57","959.24","951.24","","+0.18%"
"Aug 30, 2013","953.34","970.26","972.96","953.08","","-1.14%"
"Aug 29, 2013","964.33","968.40","971.14","962.38","","-0.09%"
"Aug 28, 2013","965.20","967.92","970.09","960.23","","-2.06%"
"Aug 27, 2013","985.46","984.90","993.15","983.77","","-0.24%"
"Aug 26, 2013","987.86","996.07","998.87","986.87","","-0.23%"
"Aug 23, 2013","990.15","982.06","996.94","981.92","","+1.81%"
"Aug 22, 2013","972.52","967.32","982.63","967.32","","+0.20%"
"Aug 21, 2013","970.57","971.40","981.33","965.31","","+0.05%"
"Aug 20, 2013","970.13","988.25","989.45","970.13","","-2.19%"
"Aug 19, 2013","991.89","990.61","991.89","984.69","","+0.29%"
"Aug 16, 2013","989.04","989.25","993.47","983.43","","-0.88%"
"Aug 15, 2013","997.78","998.08","1,006.98","995.54","","-0.88%"
"Aug 14, 2013","1,006.61","1,003.52","1,006.63","994.85","","+0.68%"
"Aug 13, 2013","999.78","994.16","999.78","987.51","","+0.96%"
"Aug 12, 2013","990.31","978.56","994.61","976.36","","+0.66%"
"Aug 09, 2013","983.81","983.37","990.01","980.21","","+0.59%"
"Aug 08, 2013","978.06","980.91","995.64","974.40","","-0.75%"
"Aug 07, 2013","985.42","996.36","999.33","985.23","","-2.63%"
"Aug 06, 2013","1,012.07","999.01","1,012.07","990.63","","+1.15%"
"Aug 05, 2013","1,000.56","1,002.21","1,005.42","994.51","","-0.62%"
"Aug 02, 2013","1,006.77","986.85","1,006.77","985.39","","+3.07%"
"Aug 01, 2013","976.83","958.67","977.15","956.90","","+1.80%"
"Jul 31, 2013","959.58","958.46","973.98","956.13","","-0.30%"
"Jul 30, 2013","962.49","952.10","970.30","952.06","","+0.68%"
"Jul 29, 2013","955.95","966.91","969.64","955.86","","-2.90%"
"Jul 26, 2013","984.52","999.85","1,003.92","982.57","","-2.73%"
"Jul 25, 2013","1,012.14","1,025.74","1,026.47","1,011.34","","-0.80%"
"Jul 24, 2013","1,020.29","1,014.67","1,021.78","1,013.84","","+0.63%"
"Jul 23, 2013","1,013.93","998.78","1,016.08","998.62","","+1.10%"
"Jul 22, 2013","1,002.86","1,011.41","1,012.48","997.11","","+0.19%"
"Jul 19, 2013","1,000.97","1,020.57","1,020.57","990.32","","-1.31%"
"Jul 18, 2013","1,014.29","1,005.47","1,016.63","1,005.24","","+1.29%"
"Jul 17, 2013","1,001.41","995.74","1,001.90","994.43","","+0.42%"
"Jul 16, 2013","997.23","1,002.65","1,004.01","993.62","","+0.08%"
"Jul 12, 2013","996.39","991.01","1,001.05","990.37","","+0.77%"
"Jul 11, 2013","988.82","980.72","992.14","979.40","","+0.17%"
"Jul 10, 2013","987.16","992.94","993.89","980.82","","-0.09%"
"Jul 09, 2013","988.01","985.38","989.60","980.35","","+1.61%"
"Jul 08, 2013","972.36","995.10","996.49","971.67","","-0.93%"
"Jul 05, 2013","981.48","972.73","981.48","970.63","","+1.66%"
"Jul 04, 2013","965.41","967.63","969.21","962.59","","-0.59%"
"Jul 03, 2013","971.18","973.52","973.52","962.85","","+0.14%"
"Jul 02, 2013","969.82","953.74","969.82","950.61","","+2.56%"
"Jul 01, 2013","945.65","946.01","948.70","934.81","","+0.89%"
"Jun 28, 2013","937.32","932.20","946.63","931.21","","+1.67%"
"Jun 27, 2013","921.94","914.68","921.94","905.33","","+1.55%"
"Jun 26, 2013","907.90","932.55","932.67","907.34","","-1.49%"
"Jun 25, 2013","921.61","926.75","933.36","912.51","","-1.05%"
"Jun 24, 2013","931.42","954.07","955.36","929.04","","-1.62%"
"Jun 21, 2013","946.77","924.31","953.85","919.94","","+0.37%"
"Jun 20, 2013","943.27","947.49","951.21","937.45","","-1.41%"
"Jun 19, 2013","956.79","939.54","958.29","938.20","","+3.47%"
"Jun 18, 2013","924.72","932.09","933.54","917.18","","-0.30%"
"Jun 17, 2013","927.51","909.77","928.70","902.54","","+1.65%"
"Jun 14, 2013","912.43","922.80","929.22","910.09","","+1.16%"
"Jun 13, 2013","901.98","917.45","921.68","898.94","","-3.35%"
"Jun 12, 2013","933.23","926.46","938.03","916.72","","-0.79%"
"Jun 11, 2013","940.70","948.99","959.70","937.85","","-0.67%"
"Jun 10, 2013","947.05","939.58","947.35","931.98","","+3.00%"
"Jun 07, 2013","919.43","921.04","934.69","902.93","","-1.69%"
"Jun 06, 2013","935.19","947.31","960.53","935.19","","-2.15%"
"Jun 05, 2013","955.76","978.72","988.70","955.76","","-2.10%"
"Jun 04, 2013","976.22","966.13","979.53","947.25","","+0.50%"
"Jun 03, 2013","971.34","977.33","992.81","970.82","","-1.32%"
"May 31, 2013","984.35","999.50","1,004.28","982.13","","-0.47%"
"May 30, 2013","988.97","1,007.86","1,017.10","984.31","","-3.60%"
"May 29, 2013","1,025.95","1,037.25","1,043.94","1,025.75","","+0.63%"
"May 28, 2013","1,019.50","1,003.97","1,029.81","1,002.29","","+0.25%"
"May 27, 2013","1,016.92","1,027.77","1,027.87","1,014.44","","-2.90%"
"May 24, 2013","1,047.28","1,074.01","1,080.55","1,021.31","","-1.43%"
"May 23, 2013","1,062.42","1,126.97","1,141.72","1,061.98","","-5.35%"
"May 22, 2013","1,122.44","1,130.17","1,164.21","1,121.95","","+0.42%"
"May 21, 2013","1,117.70","1,076.63","1,119.42","1,072.59","","+4.10%"
"May 20, 2013","1,073.73","1,059.46","1,078.45","1,058.77","","+2.52%"
"May 17, 2013","1,047.30","1,042.50","1,052.24","1,038.02","","+0.21%"
"May 16, 2013","1,045.15","1,053.37","1,053.37","1,034.93","","-0.23%"
"May 15, 2013","1,047.59","1,046.87","1,054.85","1,044.67","","+1.14%"
"May 14, 2013","1,035.82","1,037.00","1,039.16","1,032.81","","-0.02%"
"May 13, 2013","1,036.03","1,044.12","1,044.96","1,032.32","","+0.29%"
"May 10, 2013","1,033.07","1,039.46","1,042.08","1,030.92","","+1.13%"
"May 09, 2013","1,021.53","1,033.95","1,036.61","1,021.46","","+0.01%"
"May 08, 2013","1,021.41","1,016.23","1,040.01","1,014.96","","+1.49%"
"May 07, 2013","1,006.38","994.45","1,010.04","994.45","","+3.21%"
"May 02, 2013","975.04","974.69","975.96","970.04","","-0.18%"
"May 01, 2013","976.78","985.83","985.83","976.08","","-1.00%"
"Apr 30, 2013","986.60","987.76","992.86","985.75","","+0.31%"
"Apr 26, 2013","983.57","998.13","999.30","982.73","","-1.50%"
"Apr 25, 2013","998.55","989.09","999.30","984.25","","+1.71%"
"Apr 24, 2013","981.80","969.58","981.80","969.19","","+2.29%"
"Apr 23, 2013","959.80","965.47","966.55","957.86","","-0.70%"
"Apr 22, 2013","966.57","963.49","971.81","962.36","","+1.90%"
"Apr 19, 2013","948.56","948.53","952.10","939.29","","-0.14%"
"Apr 18, 2013","949.90","954.78","955.84","948.27","","-1.12%"
"Apr 17, 2013","960.68","955.78","961.18","955.28","","+0.87%"
"Apr 16, 2013","952.44","956.56","959.60","947.07","","-2.37%"
"Apr 15, 2013","975.55","981.48","984.85","967.01","","-1.94%"
"Apr 12, 2013","994.83","998.31","998.31","989.75","","-0.18%"
"Apr 11, 2013","996.67","995.45","998.31","986.51","","+1.58%"
"Apr 10, 2013","981.21","961.78","984.24","961.78","","+3.07%"
"Apr 09, 2013","951.97","948.43","961.19","946.60","","+1.43%"
"Apr 08, 2013","938.56","930.73","942.30","924.55","","+2.73%"
"Apr 05, 2013","913.64","936.19","952.24","910.78","","-0.23%"
"Apr 04, 2013","915.78","894.19","915.78","885.49","","+1.12%"
"Apr 03, 2013","905.64","903.85","905.64","893.69","","+0.71%"
"Apr 02, 2013","899.26","902.36","910.11","884.41","","-1.99%"
"Apr 01, 2013","917.54","941.19","942.48","917.35","","-2.89%"
"Mar 29, 2013","944.83","950.70","952.07","940.32","","-0.73%"
"Mar 28, 2013","951.75","966.53","966.53","944.15","","-1.85%"
"Mar 27, 2013","969.64","972.78","975.80","966.73","","-1.27%"
"Mar 26, 2013","982.16","987.02","989.16","981.60","","-0.76%"
"Mar 25, 2013","989.70","989.33","993.76","987.22","","+1.04%"
"Mar 22, 2013","979.55","988.88","991.96","979.55","","-1.16%"
"Mar 21, 2013","991.07","992.16","996.29","989.59","","+0.53%"
"Mar 19, 2013","985.81","979.90","986.92","977.86","","+1.41%"
"Mar 18, 2013","972.14","974.07","976.79","969.31","","-1.12%"
"Mar 15, 2013","983.14","977.82","983.14","973.18","","+0.98%"
"Mar 14, 2013","973.56","976.21","976.51","965.80","","+0.11%"
"Mar 13, 2013","972.50","979.21","982.77","972.31","","-1.00%"
"Mar 12, 2013","982.28","990.88","995.20","979.21","","+0.22%"
"Mar 11, 2013","980.12","966.23","983.82","963.77","","+2.55%"
"Mar 08, 2013","955.73","953.18","957.12","951.23","","+0.97%"
"Mar 07, 2013","946.59","947.88","954.84","945.82","","+0.58%"
"Mar 06, 2013","941.13","937.46","941.13","934.60","","+1.19%"
"Mar 05, 2013","930.07","932.81","936.73","927.77","","+0.37%"
"Mar 04, 2013","926.65","936.99","940.51","926.08","","-0.58%"
"Mar 01, 2013","932.05","928.66","934.33","927.25","","+0.43%"
"Feb 28, 2013","928.07","925.20","929.06","923.27","","+1.36%"
"Feb 27, 2013","915.60","928.60","928.92","914.97","","-1.22%"
"Feb 26, 2013","926.87","923.56","933.59","921.70","","-1.41%"
"Feb 25, 2013","940.14","939.75","942.50","936.76","","+1.78%"
"Feb 22, 2013","923.66","919.65","926.93","912.20","","-0.76%"
"Feb 21, 2013","930.70","937.90","938.73","926.96","","-1.42%"
"Feb 20, 2013","944.11","944.34","947.03","942.26","","+0.69%"
"Feb 19, 2013","937.60","933.05","941.00","933.05","","+0.26%"
"Feb 18, 2013","935.15","928.68","937.46","927.03","","+1.62%"
"Feb 15, 2013","920.24","925.32","927.99","908.45","","-0.81%"
"Feb 14, 2013","927.78","931.82","933.54","920.18","","-0.48%"
"Feb 13, 2013","932.26","939.67","944.02","927.83","","-0.97%"
"Feb 12, 2013","941.35","946.73","952.55","941.19","","+0.93%"
"Feb 08, 2013","932.66","937.96","941.40","930.72","","-1.02%"
"Feb 07, 2013","942.27","944.35","949.34","938.57","","+0.03%"
"Feb 06, 2013","942.01","933.00","946.22","932.67","","+2.47%"
"Feb 05, 2013","919.26","920.48","928.64","919.01","","-1.32%"
"Feb 04, 2013","931.57","925.62","933.47","924.86","","+1.32%"
"Feb 01, 2013","919.45","927.14","930.18","917.77","","-0.42%"
"Jan 31, 2013","923.36","916.25","924.66","914.87","","+0.78%"
"Jan 30, 2013","916.20","911.32","917.80","908.30","","+1.04%"
"Jan 29, 2013","906.75","902.51","912.48","900.26","","+0.29%"
"Jan 28, 2013","904.13","917.87","917.88","904.13","","-0.51%"
"Jan 25, 2013","908.72","899.57","909.41","899.36","","+2.51%"
"Jan 24, 2013","886.45","874.56","887.02","873.20","","+0.88%"
"Jan 23, 2013","878.70","879.29","885.97","877.05","","-1.01%"
"Jan 22, 2013","887.66","890.18","896.02","881.78","","-0.06%"
"Jan 21, 2013","888.18","895.15","895.21","886.75","","-0.06%"
"Jan 18, 2013","888.70","885.39","889.32","884.23","","+2.02%"
"Jan 17, 2013","871.08","873.12","877.14","858.01","","+0.15%"
"Jan 16, 2013","869.79","882.27","882.27","867.74","","-1.58%"
"Jan 15, 2013","883.78","888.11","889.90","881.88","","+0.61%"
"Jan 11, 2013","878.40","882.95","888.01","877.33","","+0.52%"
"Jan 10, 2013","873.86","867.71","874.58","866.59","","+1.08%"
"Jan 09, 2013","864.54","850.17","869.13","849.69","","+1.02%"
"Jan 08, 2013","855.80","857.07","861.56","852.84","","-0.16%"
"Jan 07, 2013","857.20","868.64","868.70","855.17","","-0.42%"
"Jan 04, 2013","860.83","847.70","862.41","847.70","","+3.69%"
"Dec 28, 2012","830.18","827.34","833.50","825.77","","+0.67%"
"Dec 27, 2012","824.65","827.67","831.01","823.89","","+0.25%"
"Dec 26, 2012","822.59","823.39","826.28","820.72","","+0.52%"
"Dec 25, 2012","818.36","827.46","829.46","817.12","","-0.11%"
"Dec 21, 2012","819.30","832.47","832.54","817.09","","-0.61%"
"Dec 20, 2012","824.33","820.70","829.58","816.22","","+0.84%"
"Dec 19, 2012","817.50","802.89","818.29","802.67","","+3.06%"
"Dec 18, 2012","793.24","787.27","797.35","787.27","","+1.00%"
"Dec 17, 2012","785.39","791.43","791.91","784.64","","+0.32%"
"Dec 14, 2012","782.90","777.82","785.61","777.74","","+0.27%"
"Dec 13, 2012","780.83","783.82","784.64","780.08","","+0.43%"
"Dec 12, 2012","777.48","778.60","781.57","777.09","","+0.50%"
"Dec 11, 2012","773.61","777.25","778.46","770.82","","-0.32%"
"Dec 10, 2012","776.12","779.88","780.42","774.56","","+0.10%"
"Dec 07, 2012","775.36","776.66","777.84","774.36","","+0.17%"
"Dec 06, 2012","774.01","777.02","779.25","774.01","","+0.39%"
"Dec 05, 2012","771.01","770.74","775.66","767.99","","-0.55%"
"Dec 04, 2012","775.24","769.99","776.12","767.88","","+0.34%"
"Dec 03, 2012","772.60","773.39","775.51","770.58","","+0.40%"
"Nov 30, 2012","769.56","773.42","775.04","767.70","","-0.20%"
"Nov 29, 2012","771.12","768.53","773.07","766.68","","+0.74%"
"Nov 28, 2012","765.47","770.44","772.58","765.07","","-0.99%"
"Nov 27, 2012","773.13","767.17","774.04","766.70","","+0.47%"
"Nov 26, 2012","769.51","772.21","776.69","769.46","","+0.48%"
"Nov 22, 2012","765.84","766.40","767.93","763.46","","+0.86%"
"Nov 21, 2012","759.28","761.34","762.47","755.14","","+0.42%"
"Nov 20, 2012","756.07","762.87","764.88","754.57","","-0.21%"
"Nov 19, 2012","757.65","755.99","761.08","755.10","","+1.49%"
"Nov 16, 2012","746.56","742.81","748.61","741.56","","+1.03%"
"Nov 15, 2012","738.92","729.05","739.25","727.28","","+1.88%"
"Nov 14, 2012","725.32","725.49","726.73","723.45","","-0.26%"
"Nov 13, 2012","727.21","730.82","732.12","722.56","","-0.47%"
"Nov 12, 2012","730.61","735.85","736.45","730.61","","-0.99%"
"Nov 09, 2012","737.95","734.81","739.34","733.24","","-0.61%"
"Nov 08, 2012","742.46","742.39","746.58","739.81","","-1.30%"
"Nov 07, 2012","752.27","756.72","756.76","750.94","","+0.34%"
"Nov 06, 2012","749.70","752.13","753.70","749.45","","-0.61%"
"Nov 05, 2012","754.27","755.14","759.24","752.66","","-0.64%"
"Nov 02, 2012","759.15","752.38","761.92","752.14","","+1.68%"
"Nov 01, 2012","746.59","746.30","748.61","741.29","","-0.15%"
"Oct 31, 2012","747.72","743.02","752.57","741.80","","+1.54%"
"Oct 30, 2012","736.40","744.64","749.16","736.40","","-0.93%"
"Oct 29, 2012","743.30","744.32","747.83","740.87","","+0.11%"
"Oct 26, 2012","742.52","751.93","753.47","741.74","","-1.07%"
"Oct 25, 2012","750.52","740.58","750.59","740.34","","+1.24%"
"Oct 24, 2012","741.31","737.50","748.63","737.50","","-0.70%"
"Oct 23, 2012","746.57","755.68","755.89","744.79","","-0.51%"
"Oct 22, 2012","750.41","742.70","752.32","737.71","","-0.88%"
"Oct 19, 2012","757.09","753.43","757.64","750.88","","+0.11%"
"Oct 18, 2012","756.24","742.66","757.27","742.16","","+2.84%"
"Oct 17, 2012","735.36","736.31","738.43","733.96","","+0.79%"
"Oct 16, 2012","729.58","726.23","730.41","724.35","","+0.96%"
"Oct 15, 2012","722.67","716.14","724.67","715.09","","+0.79%"
"Oct 12, 2012","716.98","718.28","722.54","716.41","","+0.24%"
"Oct 11, 2012","715.23","712.37","722.18","712.37","","-0.42%"
"Oct 10, 2012","718.24","718.42","720.55","714.86","","-1.29%"
"Oct 09, 2012","727.61","729.35","736.97","727.37","","-0.48%"
"Oct 05, 2012","731.13","730.02","733.81","727.88","","+0.49%"
"Oct 04, 2012","727.56","722.89","731.89","718.27","","+0.53%"
"Oct 03, 2012","723.71","730.61","730.73","722.19","","-1.03%"
"Oct 02, 2012","731.25","739.28","741.06","730.42","","-0.64%"
"Oct 01, 2012","735.97","735.46","737.13","731.68","","-0.67%"
"Sep 28, 2012","740.91","751.24","751.96","736.77","","-1.42%"
"Sep 27, 2012","751.59","742.58","753.18","742.14","","+0.13%"
"Sep 26, 2012","750.59","750.21","756.92","748.48","","-3.13%"
"Sep 25, 2012","774.86","773.20","774.86","768.75","","+0.09%"
"Sep 24, 2012","774.18","771.95","776.92","771.95","","+0.09%"
"Sep 21, 2012","773.52","768.92","776.29","768.71","","+0.10%"
"Sep 20, 2012","772.76","779.18","782.06","771.90","","-1.47%"
"Sep 19, 2012","784.32","781.34","790.57","777.70","","+0.43%"
"Sep 18, 2012","781.00","783.48","784.43","777.54","","+0.46%"
"Sep 14, 2012","777.45","767.95","779.09","766.28","","+2.89%"
"Sep 13, 2012","755.63","755.35","759.32","753.24","","+0.29%"
"Sep 12, 2012","753.47","746.19","755.79","745.63","","+1.18%"
"Sep 11, 2012","744.70","741.35","744.93","739.29","","-0.37%"
"Sep 10, 2012","747.48","740.05","747.99","737.92","","+1.42%"
"Sep 07, 2012","737.04","731.99","737.68","729.26","","+2.59%"
"Sep 06, 2012","718.44","722.96","723.86","712.97","","-0.63%"
"Sep 05, 2012","722.97","731.85","732.12","722.15","","-1.83%"
"Sep 04, 2012","736.43","736.47","738.49","730.79","","+0.13%"
"Sep 03, 2012","735.45","738.21","743.96","731.03","","-0.72%"
"Aug 31, 2012","740.78","745.87","747.94","740.78","","-1.55%"
"Aug 30, 2012","752.43","760.97","760.97","750.77","","-0.96%"
"Aug 29, 2012","759.75","758.00","761.67","757.21","","+0.30%"
"Aug 28, 2012","757.51","768.95","768.95","753.18","","-1.27%"
"Aug 27, 2012","767.23","775.70","775.73","767.23","","-0.67%"
"Aug 24, 2012","772.44","775.11","776.49","770.23","","-1.41%"
"Aug 23, 2012","783.51","781.28","785.01","778.09","","-0.26%"
"Aug 22, 2012","785.56","789.71","789.98","781.39","","-0.34%"
"Aug 21, 2012","788.26","788.73","790.79","786.99","","-0.16%"
"Aug 20, 2012","789.50","794.40","797.26","787.49","","-0.71%"
"Aug 17, 2012","795.12","791.92","796.65","789.54","","+0.81%"
"Aug 16, 2012","788.71","781.09","788.71","779.85","","+1.28%"
"Aug 15, 2012","778.74","781.71","782.71","774.08","","-0.10%"
"Aug 14, 2012","779.52","781.36","787.35","778.84","","+0.19%"
"Aug 13, 2012","778.02","776.77","779.60","773.45","","+0.10%"
"Aug 10, 2012","777.24","780.82","784.81","772.65","","-0.88%"
"Aug 09, 2012","784.14","775.92","785.03","774.98","","+1.16%"
"Aug 08, 2012","775.18","779.68","782.94","772.90","","+0.58%"
"Aug 07, 2012","770.70","766.42","773.42","765.73","","+0.75%"
"Aug 06, 2012","764.97","766.98","769.69","763.62","","+1.25%"
"Aug 03, 2012","755.50","756.88","758.04","752.00","","-1.73%"
"Aug 02, 2012","768.81","764.71","773.94","761.22","","+0.49%"
"Aug 01, 2012","765.04","770.19","770.19","758.45","","-1.38%"
"Jul 31, 2012","775.75","772.65","778.66","769.05","","+0.36%"
"Jul 30, 2012","773.00","771.13","773.43","767.61","","+1.50%"
"Jul 27, 2012","761.59","761.06","763.77","757.72","","+1.23%"
"Jul 26, 2012","752.35","748.97","752.35","742.82","","+0.89%"
"Jul 25, 2012","745.74","749.15","749.15","741.72","","-1.28%"
"Jul 24, 2012","755.43","754.04","757.24","749.81","","-0.68%"
"Jul 23, 2012","760.58","771.34","772.99","760.46","","-2.28%"
"Jul 20, 2012","778.34","792.71","792.71","776.25","","-1.52%"
"Jul 19, 2012","790.37","786.25","792.43","784.77","","+1.55%"
"Jul 18, 2012","778.28","789.20","789.20","776.44","","-0.94%"
"Jul 17, 2012","785.64","788.98","793.14","783.03","","-0.06%"
"Jul 13, 2012","786.10","779.65","791.32","779.09","","+0.63%"
"Jul 12, 2012","781.19","796.06","796.53","780.42","","-1.64%"
"Jul 11, 2012","794.21","791.90","794.40","788.90","","-0.29%"
"Jul 10, 2012","796.50","802.52","806.94","795.84","","-0.40%"
"Jul 09, 2012","799.69","800.87","806.98","799.69","","-1.20%"
"Jul 06, 2012","809.39","808.49","815.38","806.29","","-0.37%"
"Jul 05, 2012","812.38","816.01","819.33","809.74","","-0.54%"
"Jul 04, 2012","816.83","811.33","819.76","811.23","","+1.74%"
"Jul 03, 2012","802.83","795.23","805.99","795.23","","+1.53%"
"Jul 02, 2012","790.70","801.34","801.34","790.70","","+0.36%"
"Jun 29, 2012","787.84","772.56","790.40","771.13","","+1.71%"
"Jun 28, 2012","774.63","767.28","775.82","767.17","","+1.71%"
"Jun 27, 2012","761.57","758.08","761.57","753.59","","+0.59%"
"Jun 26, 2012","757.14","758.94","763.19","751.88","","-0.88%"
"Jun 25, 2012","763.86","775.94","775.94","763.26","","-0.64%"
"Jun 22, 2012","768.81","763.34","771.72","761.43","","-0.87%"
"Jun 21, 2012","775.59","774.33","783.11","773.19","","+0.83%"
"Jun 20, 2012","769.21","766.17","770.74","763.95","","+1.77%"
"Jun 19, 2012","755.80","755.36","764.26","753.99","","-0.19%"
"Jun 18, 2012","757.27","758.29","760.28","755.21","","+1.84%"
"Jun 15, 2012","743.60","748.22","748.78","740.94","","-0.57%"
"Jun 14, 2012","747.83","746.80","749.11","744.15","","-0.62%"
"Jun 13, 2012","752.47","750.73","754.68","746.13","","0.00%"
"Jun 12, 2012","752.46","744.24","752.46","741.41","","-0.50%"
"Jun 11, 2012","756.22","757.37","762.55","753.42","","+1.65%"
"Jun 08, 2012","743.92","756.69","757.47","741.34","","-1.79%"
"Jun 07, 2012","757.47","758.85","760.13","753.64","","+1.39%"
"Jun 06, 2012","747.10","741.99","750.12","737.74","","+1.01%"
"Jun 05, 2012","739.66","730.69","740.65","729.86","","+2.15%"
"Jun 04, 2012","724.12","728.34","730.54","719.68","","-2.65%"
"Jun 01, 2012","743.83","745.97","748.63","740.38","","-1.18%"
"May 31, 2012","752.74","747.35","752.74","745.07","","-0.98%"
"May 30, 2012","760.20","764.54","764.64","751.41","","-0.55%"
"May 29, 2012","764.44","750.55","765.25","746.27","","+1.74%"
"May 28, 2012","751.35","752.48","757.15","749.76","","+0.12%"
"May 25, 2012","750.46","754.95","756.68","747.36","","-0.54%"
"May 24, 2012","754.52","751.69","756.20","748.39","","-0.06%"
"May 23, 2012","754.94","765.10","765.10","753.47","","-1.14%"
"May 22, 2012","763.65","759.08","765.74","757.74","","+1.53%"
"May 21, 2012","752.17","752.86","757.98","749.17","","-0.21%"
"May 18, 2012","753.74","766.64","766.74","751.20","","-3.63%"
"May 17, 2012","782.13","765.49","783.37","764.44","","+1.82%"
"May 16, 2012","768.13","774.03","780.32","764.87","","-0.89%"
"May 15, 2012","775.06","772.90","776.70","766.75","","-0.78%"
"May 14, 2012","781.17","787.83","794.80","779.95","","-0.50%"
"May 11, 2012","785.10","794.14","797.90","785.10","","-1.07%"
"May 10, 2012","793.56","796.08","801.05","792.84","","-0.54%"
"May 09, 2012","797.87","806.25","806.52","795.71","","-1.87%"
"May 08, 2012","813.04","807.78","819.15","806.51","","+1.66%"
"May 07, 2012","799.79","807.00","807.44","796.60","","-2.90%"
"May 02, 2012","823.66","822.16","827.03","820.47","","+0.79%"
"May 01, 2012","817.24","826.75","828.29","815.36","","-1.57%"
"Apr 27, 2012","830.28","841.01","845.86","826.48","","-1.30%"
"Apr 26, 2012","841.19","849.01","850.78","839.66","","-0.42%"
"Apr 25, 2012","844.74","844.99","846.55","842.61","","+1.04%"
"Apr 24, 2012","836.07","836.15","841.26","834.48","","-1.15%"
"Apr 23, 2012","845.76","848.38","855.10","842.80","","+0.12%"
"Apr 20, 2012","844.77","840.11","845.75","839.57","","+0.50%"
"Apr 19, 2012","840.56","840.75","842.65","837.03","","-0.74%"
"Apr 18, 2012","846.79","843.76","848.30","842.60","","+2.02%"
"Apr 17, 2012","830.06","828.76","836.11","826.21","","+0.47%"
"Apr 16, 2012","826.19","837.80","839.30","825.06","","-2.73%"
"Apr 13, 2012","849.39","854.32","856.97","845.22","","+0.36%"
"Apr 12, 2012","846.35","829.87","847.17","827.52","","+2.39%"
"Apr 11, 2012","826.58","821.68","828.91","821.49","","-0.70%"
"Apr 10, 2012","832.44","839.86","843.60","830.24","","-0.40%"
"Apr 09, 2012","835.76","833.35","843.74","832.85","","-1.40%"
"Apr 06, 2012","847.62","852.86","853.45","843.70","","-1.27%"
"Apr 05, 2012","858.50","842.55","859.62","841.65","","+0.25%"
"Apr 04, 2012","856.36","874.90","876.75","853.95","","-1.79%"
"Apr 03, 2012","871.93","876.69","881.20","871.35","","-0.91%"
"Apr 02, 2012","879.96","887.41","889.69","878.23","","+0.33%"
"Mar 30, 2012","877.07","877.22","884.83","875.19","","-0.22%"
"Mar 29, 2012","878.97","888.58","890.18","877.35","","-1.99%"
"Mar 28, 2012","896.79","897.77","901.54","892.80","","-1.83%"
"Mar 27, 2012","913.53","906.53","914.10","905.49","","+1.94%"
"Mar 26, 2012","896.15","893.30","899.07","892.51","","+0.72%"
"Mar 23, 2012","889.72","887.90","891.17","886.54","","-0.81%"
"Mar 22, 2012","896.96","894.99","899.77","891.29","","+0.10%"
"Mar 21, 2012","896.09","903.55","903.55","895.80","","-1.65%"
"Mar 19, 2012","911.13","908.41","915.05","907.53","","+0.97%"
"Mar 16, 2012","902.38","897.17","902.38","895.60","","+0.55%"
"Mar 15, 2012","897.42","898.01","899.90","892.11","","+0.36%"
"Mar 14, 2012","894.16","896.21","899.90","894.16","","+1.11%"
"Mar 13, 2012","884.31","884.82","891.99","883.87","","-0.11%"
"Mar 12, 2012","885.25","891.66","891.66","885.18","","0.00%"
"Mar 09, 2012","885.24","888.37","889.60","882.42","","+0.83%"
"Mar 08, 2012","877.94","866.51","880.55","866.51","","+2.32%"
"Mar 07, 2012","858.02","848.54","858.02","846.82","","-0.65%"
"Mar 06, 2012","863.61","877.70","878.25","860.05","","-1.60%"
"Mar 05, 2012","877.63","880.50","884.01","875.44","","-0.30%"
"Mar 02, 2012","880.31","880.27","883.10","875.50","","+0.96%"
"Mar 01, 2012","871.97","880.89","888.04","867.53","","-0.85%"
"Feb 29, 2012","879.47","884.73","890.34","877.39","","-0.06%"
"Feb 28, 2012","880.04","873.31","880.70","869.39","","-0.12%"
"Feb 27, 2012","881.09","889.32","892.47","880.62","","+0.20%"
"Feb 24, 2012","879.33","871.92","881.28","871.43","","+0.88%"
"Feb 23, 2012","871.62","868.98","873.18","865.83","","+0.05%"
"Feb 22, 2012","871.18","865.31","872.12","861.88","","+0.91%"
"Feb 21, 2012","863.29","860.86","872.29","860.19","","+0.19%"
"Feb 20, 2012","861.63","858.95","868.66","858.40","","+1.89%"
"Feb 17, 2012","845.64","845.37","847.30","841.46","","+1.50%"
"Feb 16, 2012","833.14","839.10","847.14","832.00","","-0.98%"
"Feb 15, 2012","841.39","834.13","843.42","831.28","","+1.65%"
"Feb 14, 2012","827.72","820.41","828.14","817.19","","+0.78%"
"Feb 13, 2012","821.34","815.90","825.55","815.52","","+0.37%"
"Feb 10, 2012","818.29","832.32","832.32","817.30","","-1.68%"
"Feb 09, 2012","832.28","832.75","833.43","825.93","","+0.01%"
"Feb 08, 2012","832.18","829.46","832.18","827.45","","+0.75%"
"Feb 07, 2012","826.01","821.99","828.08","821.94","","+0.04%"
"Feb 06, 2012","825.68","827.30","828.13","823.86","","+1.39%"
"Feb 03, 2012","814.36","815.36","821.80","813.24","","+0.57%"
"Feb 02, 2012","809.75","806.01","818.28","805.79","","+1.09%"
"Feb 01, 2012","801.05","797.69","803.42","794.06","","+0.21%"
"Jan 31, 2012","799.34","800.08","804.20","796.58","","+0.02%"
"Jan 30, 2012","799.18","801.33","804.86","798.31","","-0.53%"
"Jan 27, 2012","803.47","796.16","807.93","794.98","","+1.53%"
"Jan 26, 2012","791.37","798.99","801.23","789.39","","-0.54%"
"Jan 25, 2012","795.68","790.44","796.90","789.02","","+1.21%"
"Jan 24, 2012","786.13","787.50","790.90","784.17","","+0.34%"
"Jan 23, 2012","783.45","783.89","786.25","780.02","","-0.07%"
"Jan 20, 2012","783.97","778.57","785.48","777.76","","+1.88%"
"Jan 19, 2012","769.47","766.47","770.01","765.35","","+0.88%"
"Jan 18, 2012","762.77","753.63","767.33","753.27","","+1.04%"
"Jan 17, 2012","754.90","747.97","754.90","746.75","","+1.41%"
"Jan 16, 2012","744.41","749.57","749.57","742.95","","-1.80%"
"Jan 13, 2012","758.05","753.56","758.46","753.56","","+1.00%"
"Jan 12, 2012","750.57","752.57","753.23","746.59","","-0.40%"
"Jan 11, 2012","753.56","752.26","757.79","750.11","","+0.55%"
"Jan 10, 2012","749.47","749.17","755.47","747.31","","+0.60%"
"Jan 06, 2012","744.98","751.92","752.36","740.10","","-1.13%"
"Jan 05, 2012","753.48","757.75","760.13","752.13","","-0.72%"
"Jan 04, 2012","758.93","755.04","761.73","754.36","","+1.92%"
"Dec 30, 2011","744.61","739.73","744.61","737.41","","+1.02%"
"Dec 29, 2011","737.08","729.74","738.25","728.95","","+0.67%"
"Dec 28, 2011","732.21","733.92","736.93","731.92","","-0.10%"
"Dec 27, 2011","732.92","730.87","733.92","730.62","","-0.34%"
"Dec 26, 2011","735.43","738.14","739.99","735.18","","+0.92%"
"Dec 22, 2011","728.75","727.73","735.11","727.62","","-0.01%"
"Dec 21, 2011","728.83","737.06","737.65","728.16","","+0.54%"
"Dec 20, 2011","724.88","727.38","730.45","724.01","","-0.12%"
"Dec 19, 2011","725.75","726.18","728.87","716.59","","-0.78%"
"Dec 16, 2011","731.42","739.54","742.79","728.34","","-1.07%"
"Dec 15, 2011","739.30","748.74","750.71","739.19","","-2.55%"
"Dec 14, 2011","758.63","757.77","760.33","749.60","","+0.13%"
"Dec 13, 2011","757.68","747.36","760.32","746.79","","-0.03%"
"Dec 12, 2011","757.87","758.94","761.84","755.25","","+1.10%"
"Dec 09, 2011","749.61","737.47","753.87","736.97","","-0.03%"
"Dec 08, 2011","749.87","753.46","754.41","743.59","","-0.97%"
"Dec 07, 2011","757.19","745.45","758.40","741.24","","+1.71%"
"Dec 06, 2011","744.43","753.93","758.19","744.43","","-1.62%"
"Dec 05, 2011","756.66","761.20","761.51","753.23","","-0.02%"
"Dec 02, 2011","756.84","756.21","759.11","750.76","","+0.56%"
"Dec 01, 2011","752.66","745.77","757.98","745.77","","+3.05%"
"Nov 30, 2011","730.41","728.51","733.83","722.17","","+0.09%"
"Nov 29, 2011","729.75","717.21","730.56","716.31","","+2.98%"
"Nov 28, 2011","708.60","706.29","712.73","704.09","","+1.50%"
"Nov 25, 2011","698.14","701.86","707.52","694.52","","-0.85%"
"Nov 24, 2011","704.16","707.45","710.89","702.49","","-2.24%"
"Nov 22, 2011","720.33","709.11","722.69","708.94","","+0.47%"
"Nov 21, 2011","716.99","714.36","717.26","709.90","","-0.06%"
"Nov 18, 2011","717.41","714.49","718.95","713.18","","-1.34%"
"Nov 17, 2011","727.14","712.88","728.12","710.96","","+1.64%"
"Nov 16, 2011","715.39","726.79","728.78","712.36","","-1.73%"
"Nov 15, 2011","728.01","724.85","734.45","724.85","","-0.41%"
"Nov 14, 2011","731.04","733.24","739.69","729.33","","+1.37%"
"Nov 11, 2011","721.15","722.94","730.00","714.93","","+0.15%"
"Nov 10, 2011","720.04","732.84","732.90","713.39","","-3.80%"
"Nov 09, 2011","748.45","741.64","749.16","740.62","","+2.66%"
"Nov 08, 2011","729.05","747.26","750.40","727.91","","-2.61%"
"Nov 07, 2011","748.62","737.67","749.69","737.67","","+1.47%"
"Nov 04, 2011","737.76","729.46","739.49","729.46","","+2.97%"
"Nov 02, 2011","716.51","716.36","720.57","705.77","","-1.87%"
"Nov 01, 2011","730.13","734.24","744.75","726.66","","-1.53%"
"Oct 31, 2011","741.46","748.30","759.46","741.46","","-1.18%"
"Oct 28, 2011","750.28","758.59","762.86","748.23","","+0.69%"
"Oct 27, 2011","745.11","714.74","745.15","714.42","","+4.64%"
"Oct 26, 2011","712.04","705.25","716.11","697.86","","-0.22%"
"Oct 25, 2011","713.62","723.18","724.64","713.62","","+0.08%"
"Oct 24, 2011","713.08","700.24","714.29","699.25","","+2.91%"
"Oct 21, 2011","692.89","695.49","696.31","688.92","","-1.63%"
"Oct 20, 2011","704.35","706.64","708.52","700.24","","-0.89%"
"Oct 19, 2011","710.71","727.41","728.19","708.07","","-1.43%"
"Oct 18, 2011","721.02","724.67","725.15","718.79","","-2.21%"
"Oct 17, 2011","737.30","733.93","740.34","731.20","","+2.34%"
"Oct 14, 2011","720.42","721.54","728.12","720.06","","-0.92%"
"Oct 13, 2011","727.10","728.43","733.49","723.99","","+1.04%"
"Oct 12, 2011","719.62","708.87","723.19","704.05","","+0.92%"
"Oct 11, 2011","713.04","711.76","721.68","711.55","","+1.99%"
"Oct 07, 2011","699.10","690.31","706.69","690.31","","+2.90%"
"Oct 06, 2011","679.40","677.83","687.05","675.94","","+1.76%"
"Oct 05, 2011","667.66","685.96","687.26","667.61","","-2.23%"
"Oct 04, 2011","682.91","688.02","688.24","672.84","","-2.62%"
"Oct 03, 2011","701.26","719.21","719.43","690.29","","-4.47%"
"Sep 30, 2011","734.10","737.89","739.02","726.93","","-0.27%"
"Sep 29, 2011","736.09","730.53","736.09","718.24","","-0.71%"
"Sep 28, 2011","741.32","736.17","744.44","736.17","","-0.18%"
"Sep 27, 2011","742.69","734.59","742.69","730.83","","+3.02%"
"Sep 26, 2011","720.89","751.13","751.14","718.77","","-5.16%"
"Sep 22, 2011","760.10","771.34","773.07","758.11","","-2.29%"
"Sep 21, 2011","777.94","772.41","780.18","771.40","","+0.48%"
"Sep 20, 2011","774.26","774.60","776.28","768.98","","-1.12%"
"Sep 16, 2011","783.01","774.94","785.81","773.55","","+2.18%"
"Sep 15, 2011","766.29","768.49","770.88","762.49","","+0.69%"
"Sep 14, 2011","761.01","771.91","776.55","758.57","","-1.62%"
"Sep 13, 2011","773.56","765.12","774.84","761.61","","+1.35%"
"Sep 12, 2011","763.28","757.10","763.66","755.66","","-1.01%"
"Sep 09, 2011","771.08","766.22","778.07","766.02","","+0.61%"
"Sep 08, 2011","766.44","772.62","774.85","761.50","","+0.49%"
"Sep 07, 2011","762.74","760.06","766.26","758.24","","+1.91%"
"Sep 06, 2011","748.44","760.26","760.26","746.64","","-2.65%"
"Sep 05, 2011","768.80","772.92","774.03","762.85","","-1.68%"
"Sep 02, 2011","781.95","783.66","784.57","776.15","","-0.96%"
"Sep 01, 2011","789.51","787.74","791.39","784.19","","+0.80%"
"Aug 31, 2011","783.25","773.72","784.21","770.27","","+1.79%"
"Aug 30, 2011","769.51","766.69","777.68","766.69","","+1.67%"
"Aug 29, 2011","756.88","758.81","764.84","748.83","","+0.11%"
"Aug 26, 2011","756.03","748.81","756.59","748.38","","+0.97%"
"Aug 25, 2011","748.79","743.15","756.46","742.85","","+1.56%"
"Aug 24, 2011","737.28","755.08","759.07","735.55","","-1.45%"
"Aug 23, 2011","748.11","753.70","754.34","738.98","","+0.07%"
"Aug 22, 2011","747.62","749.26","754.01","745.43","","-0.97%"
"Aug 19, 2011","754.98","760.01","760.47","751.29","","-2.56%"
"Aug 18, 2011","774.78","781.01","781.55","773.33","","-0.80%"
"Aug 17, 2011","780.99","785.52","786.78","779.31","","-0.64%"
"Aug 16, 2011","785.99","786.37","792.44","783.05","","+0.76%"
"Aug 15, 2011","780.09","784.90","787.09","778.28","","+0.66%"
"Aug 12, 2011","774.94","784.79","785.63","771.47","","+0.16%"
"Aug 11, 2011","773.69","765.22","773.78","762.62","","-0.67%"
"Aug 10, 2011","778.93","790.87","793.14","777.94","","+0.48%"
"Aug 09, 2011","775.20","774.82","775.52","744.33","","-2.15%"
"Aug 08, 2011","792.22","801.24","805.27","789.92","","-2.60%"
"Aug 05, 2011","813.36","822.70","822.70","799.15","","-3.19%"
"Aug 04, 2011","840.13","846.59","850.16","839.52","","-0.43%"
"Aug 03, 2011","843.79","847.02","848.24","841.47","","-2.08%"
"Aug 02, 2011","861.71","860.08","864.90","857.20","","-0.37%"
"Aug 01, 2011","864.94","867.54","875.12","864.94","","+0.70%"
"Jul 29, 2011","858.92","859.19","868.86","858.56","","-0.62%"
"Jul 28, 2011","864.24","864.04","865.78","859.51","","-1.20%"
"Jul 27, 2011","874.70","874.70","876.94","868.99","","-0.82%"
"Jul 26, 2011","881.95","869.13","885.31","868.39","","+1.70%"
"Jul 25, 2011","867.24","873.33","873.63","865.66","","-0.97%"
"Jul 22, 2011","875.71","874.59","877.52","871.33","","+0.93%"
"Jul 21, 2011","867.61","868.64","869.83","864.80","","+0.25%"
"Jul 20, 2011","865.45","868.12","871.37","863.69","","+0.47%"
"Jul 19, 2011","861.43","856.17","866.05","855.42","","+0.45%"
"Jul 15, 2011","857.58","857.31","861.41","854.58","","-0.38%"
"Jul 14, 2011","860.81","857.90","865.80","854.11","","+0.21%"
"Jul 13, 2011","858.99","848.49","862.16","848.47","","+1.45%"
"Jul 12, 2011","846.74","848.53","850.97","845.31","","-1.46%"
"Jul 11, 2011","859.30","860.89","866.59","858.17","","-0.70%"
"Jul 08, 2011","865.37","872.66","873.33","864.95","","+0.04%"
"Jul 07, 2011","864.99","861.87","867.82","861.03","","+0.32%"
"Jul 06, 2011","862.22","847.99","862.22","847.10","","+1.69%"
"Jul 05, 2011","847.85","851.62","852.57","847.47","","-0.50%"
"Jul 04, 2011","852.13","852.36","857.55","850.93","","+1.13%"
"Jul 01, 2011","842.59","838.48","845.52","837.09","","+1.34%"
"Jun 30, 2011","831.44","829.38","832.28","825.79","","+0.68%"
"Jun 29, 2011","825.84","824.21","825.84","821.18","","+1.45%"
"Jun 28, 2011","814.06","816.22","818.83","812.90","","+0.55%"
"Jun 27, 2011","809.63","816.70","816.97","809.30","","-1.16%"
"Jun 24, 2011","819.12","810.79","819.37","809.80","","+0.61%"
"Jun 23, 2011","814.15","810.67","817.86","809.18","","-0.25%"
"Jun 22, 2011","816.19","806.38","818.85","806.09","","+1.96%"
"Jun 21, 2011","800.47","792.70","800.47","789.91","","+1.62%"
"Jun 20, 2011","787.72","791.26","794.54","785.45","","-0.34%"
"Jun 17, 2011","790.39","797.07","798.36","785.19","","-0.60%"
"Jun 16, 2011","795.15","803.52","804.03","794.85","","-2.52%"
"Jun 15, 2011","815.72","815.89","816.81","810.46","","+0.59%"
"Jun 14, 2011","810.94","798.37","811.47","797.50","","+1.21%"
"Jun 13, 2011","801.28","797.94","801.85","796.84","","-0.63%"
"Jun 10, 2011","806.32","806.12","811.15","803.48","","+0.65%"
"Jun 09, 2011","801.15","804.19","804.60","797.58","","-0.71%"
"Jun 08, 2011","806.89","803.08","808.38","799.64","","+0.21%"
"Jun 07, 2011","805.23","796.11","806.13","795.30","","+0.84%"
"Jun 06, 2011","798.54","805.55","809.68","795.74","","-1.03%"
"Jun 03, 2011","806.83","816.82","819.32","806.17","","-1.43%"
"Jun 02, 2011","818.56","819.38","819.38","816.03","","-1.97%"
"Jun 01, 2011","834.99","836.02","836.02","829.82","","+0.11%"
"May 31, 2011","834.04","816.30","834.04","816.13","","+2.03%"
"May 30, 2011","817.43","818.44","821.97","811.79","","-0.35%"
"May 27, 2011","820.26","818.27","826.53","815.13","","-0.07%"
"May 26, 2011","820.82","820.77","824.00","818.41","","+0.86%"
"May 25, 2011","813.82","816.66","821.24","812.85","","+0.01%"
"May 24, 2011","813.72","806.71","814.10","806.66","","+0.03%"
"May 23, 2011","813.44","823.28","823.82","812.27","","-0.96%"
"May 20, 2011","821.34","825.49","831.82","821.34","","-1.18%"
"May 19, 2011","831.12","840.87","842.04","828.86","","-0.23%"
"May 18, 2011","833.04","821.82","835.23","820.40","","+1.50%"
"May 17, 2011","820.73","815.62","825.56","815.30","","+0.38%"
"May 16, 2011","817.60","822.53","822.53","814.64","","-1.40%"
"May 13, 2011","829.25","841.72","841.74","821.27","","-1.54%"
"May 12, 2011","842.25","848.23","852.84","842.25","","-1.48%"
"May 11, 2011","854.89","861.11","861.75","854.00","","-0.09%"
"May 10, 2011","855.67","859.85","863.40","854.31","","-0.28%"
"May 09, 2011","858.07","865.33","865.36","856.43","","+0.07%"
"May 06, 2011","857.49","854.86","859.61","846.25","","-1.29%"
"May 02, 2011","868.66","869.42","871.28","866.75","","+1.36%"
"Apr 28, 2011","857.04","854.06","857.04","848.46","","+0.99%"
"Apr 27, 2011","848.66","849.64","856.34","847.73","","+0.29%"
"Apr 26, 2011","846.21","848.62","849.57","840.82","","-0.62%"
"Apr 25, 2011","851.52","855.74","860.02","850.71","","-0.56%"
"Apr 22, 2011","856.30","849.98","859.30","846.44","","+0.11%"
"Apr 21, 2011","855.34","851.50","856.81","848.63","","+1.40%"
"Apr 20, 2011","843.56","844.30","846.47","841.86","","+0.80%"
"Apr 19, 2011","836.84","835.70","840.13","834.34","","-0.58%"
"Apr 18, 2011","841.68","849.96","850.16","841.68","","-0.64%"
"Apr 15, 2011","847.09","850.60","853.35","846.45","","-1.02%"
"Apr 14, 2011","855.80","853.54","857.47","850.90","","-0.35%"
"Apr 13, 2011","858.80","853.93","859.85","851.45","","-0.46%"
"Apr 12, 2011","862.80","869.57","869.65","858.92","","-2.11%"
"Apr 11, 2011","881.38","878.85","887.80","877.20","","-0.12%"
"Apr 08, 2011","882.43","867.39","884.16","862.91","","+1.48%"
"Apr 07, 2011","869.53","878.45","882.66","869.53","","-0.71%"
"Apr 06, 2011","875.76","889.31","889.73","868.71","","-1.36%"
"Apr 05, 2011","887.79","904.94","904.94","883.36","","-1.80%"
"Apr 04, 2011","904.08","905.70","911.19","903.27","","+0.41%"
"Apr 01, 2011","900.36","899.64","909.56","896.73","","+0.27%"
"Mar 31, 2011","897.94","902.15","902.31","892.26","","+0.06%"
"Mar 30, 2011","897.38","879.58","897.38","876.88","","+1.88%"
"Mar 29, 2011","880.82","872.29","886.32","869.46","","-0.91%"
"Mar 28, 2011","888.89","887.31","890.73","881.53","","+0.21%"
"Mar 25, 2011","887.04","893.17","898.01","881.06","","+0.46%"
"Mar 24, 2011","882.98","869.56","887.55","867.48","","+1.71%"
"Mar 23, 2011","868.13","861.72","874.30","854.20","","+1.14%"
"Mar 22, 2011","858.33","844.69","862.41","844.58","","+3.92%"
"Mar 18, 2011","825.99","811.69","828.85","811.69","","+3.65%"
"Mar 17, 2011","796.90","778.03","808.79","761.96","","+0.13%"
"Mar 16, 2011","795.89","747.37","799.40","747.37","","+8.58%"
"Mar 15, 2011","733.00","783.93","784.56","686.33","","-8.44%"
"Mar 14, 2011","800.59","849.62","849.64","770.44","","-7.83%"
"Mar 11, 2011","868.56","877.92","881.38","868.21","","-2.58%"
"Mar 10, 2011","891.56","906.11","906.33","889.83","","-1.99%"
"Mar 09, 2011","909.62","914.16","918.41","908.04","","+0.19%"
"Mar 08, 2011","907.86","908.83","913.49","907.78","","-0.31%"
"Mar 07, 2011","910.71","917.94","919.11","908.18","","-1.56%"
"Mar 04, 2011","925.10","927.84","928.48","919.78","","+1.30%"
"Mar 03, 2011","913.22","907.22","913.69","905.83","","+1.17%"
"Mar 02, 2011","902.70","907.64","912.32","902.18","","-2.06%"
"Mar 01, 2011","921.67","917.48","922.45","915.20","","+1.39%"
"Feb 28, 2011","909.00","901.12","912.35","888.20","","+0.82%"
"Feb 25, 2011","901.61","896.24","901.61","893.51","","+0.41%"
"Feb 24, 2011","897.96","907.38","907.38","895.75","","-1.82%"
"Feb 23, 2011","914.58","916.54","923.39","914.58","","-1.54%"
"Feb 22, 2011","928.92","938.49","940.82","926.20","","-1.74%"
"Feb 21, 2011","945.39","945.93","945.94","940.33","","-0.07%"
"Feb 18, 2011","946.07","950.05","950.29","944.65","","-0.33%"
"Feb 17, 2011","949.20","954.52","955.23","946.75","","+0.24%"
"Feb 16, 2011","946.94","947.69","953.05","945.62","","-0.45%"
"Feb 15, 2011","951.22","938.08","952.75","937.39","","+1.52%"
"Feb 14, 2011","936.97","939.49","939.49","934.30","","+0.84%"
"Feb 10, 2011","929.18","926.12","931.91","924.61","","-0.16%"
"Feb 09, 2011","930.64","934.97","940.78","928.27","","-0.11%"
"Feb 08, 2011","931.67","937.08","938.22","930.81","","-0.32%"
"Feb 07, 2011","934.65","937.25","938.70","932.95","","+0.58%"
"Feb 04, 2011","929.23","933.41","935.23","929.19","","+0.25%"
"Feb 03, 2011","926.90","925.72","932.28","924.99","","+0.87%"
"Feb 02, 2011","918.95","911.00","922.20","910.81","","+1.85%"
"Feb 01, 2011","902.28","904.50","904.50","898.85","","+0.64%"
"Jan 31, 2011","896.54","892.94","901.85","892.55","","-1.20%"
"Jan 28, 2011","907.43","915.26","917.33","902.93","","-0.75%"
"Jan 27, 2011","914.28","912.63","918.75","908.30","","+1.02%"
"Jan 26, 2011","905.06","911.41","911.54","904.24","","-1.29%"
"Jan 25, 2011","916.87","910.51","919.34","907.36","","+1.39%"
"Jan 24, 2011","904.26","900.12","905.68","897.02","","+1.04%"
"Jan 21, 2011","894.94","922.42","923.02","892.78","","-3.39%"
"Jan 20, 2011","926.39","925.74","928.52","922.40","","-0.71%"
"Jan 19, 2011","933.02","931.69","933.02","926.71","","+0.55%"
"Jan 18, 2011","927.90","919.81","931.87","917.61","","+1.09%"
"Jan 17, 2011","917.94","929.09","931.22","915.63","","-0.31%"
"Jan 14, 2011","920.83","924.01","929.82","920.83","","-0.85%"
"Jan 13, 2011","928.76","928.47","932.82","924.10","","+0.99%"
"Jan 12, 2011","919.63","928.99","929.32","918.91","","0.00%"
"Jan 11, 2011","919.64","906.67","922.70","906.07","","+1.11%"
"Jan 07, 2011","909.55","909.92","912.35","906.85","","-0.57%"
"Jan 06, 2011","914.72","908.80","917.17","908.80","","+1.74%"
"Jan 05, 2011","899.08","886.78","899.08","886.57","","+1.11%"
"Jan 04, 2011","889.20","876.92","893.80","873.82","","+2.88%"
"Dec 30, 2010","864.31","870.61","871.13","862.92","","-0.85%"
"Dec 29, 2010","871.69","864.76","872.00","863.69","","+0.65%"
"Dec 28, 2010","866.10","866.90","867.46","864.96","","-0.24%"
"Dec 27, 2010","868.17","864.97","869.53","864.68","","+0.40%"
"Dec 24, 2010","864.69","862.66","867.30","862.32","","-0.12%"
"Dec 22, 2010","865.70","866.87","871.69","864.49","","+0.32%"
"Dec 21, 2010","862.97","858.20","866.97","857.79","","+0.88%"
"Dec 20, 2010","855.44","861.51","863.30","853.07","","-0.77%"
"Dec 17, 2010","862.08","869.35","871.46","860.12","","-1.11%"
"Dec 16, 2010","871.72","872.16","874.54","868.59","","-0.67%"
"Dec 15, 2010","877.62","870.54","879.09","868.19","","+1.15%"
"Dec 14, 2010","867.60","861.99","867.60","860.24","","+0.69%"
"Dec 13, 2010","861.62","853.12","861.62","851.36","","+0.67%"
"Dec 10, 2010","855.87","865.94","865.94","854.65","","-0.93%"
"Dec 09, 2010","863.91","865.22","866.57","860.70","","-0.11%"
"Dec 08, 2010","864.90","860.50","864.90","859.05","","+0.85%"
"Dec 07, 2010","857.63","860.37","860.44","854.59","","+0.11%"
"Dec 06, 2010","856.68","854.21","859.05","852.13","","+0.62%"
"Dec 03, 2010","851.43","853.95","854.56","847.19","","+0.52%"
"Dec 02, 2010","847.00","848.35","851.16","845.02","","+1.38%"
"Dec 01, 2010","835.49","827.07","835.49","824.77","","+1.22%"
"Nov 30, 2010","825.42","835.60","835.93","823.19","","-1.72%"
"Nov 29, 2010","839.84","834.72","842.63","832.76","","+0.97%"
"Nov 26, 2010","831.78","836.56","839.07","831.65","","-0.55%"
"Nov 25, 2010","836.37","840.25","841.45","834.23","","+0.41%"
"Nov 24, 2010","832.95","824.14","836.77","822.77","","-0.66%"
"Nov 22, 2010","838.52","833.56","842.22","831.76","","+1.11%"
"Nov 19, 2010","829.34","838.23","840.16","828.86","","+0.13%"
"Nov 18, 2010","828.26","810.55","828.26","807.78","","+1.91%"
"Nov 17, 2010","812.73","804.93","813.22","804.74","","-0.59%"
"Nov 16, 2010","817.59","826.94","827.60","812.82","","-0.45%"
"Nov 15, 2010","821.29","822.16","822.43","816.78","","+0.09%"
"Nov 12, 2010","820.54","832.50","835.85","820.45","","-1.62%"
"Nov 11, 2010","834.06","836.08","836.08","828.71","","+0.19%"
"Nov 10, 2010","832.44","825.35","836.22","825.31","","+1.51%"
"Nov 09, 2010","820.03","819.54","824.33","817.84","","-0.55%"
"Nov 08, 2010","824.58","826.11","828.53","821.10","","+0.86%"
"Nov 05, 2010","817.56","805.03","823.53","805.03","","+3.71%"
"Nov 04, 2010","788.34","778.95","790.82","778.58","","+2.17%"
"Nov 02, 2010","771.56","771.91","772.59","763.91","","+0.23%"
"Nov 01, 2010","769.81","766.38","774.85","763.82","","-0.41%"
"Oct 29, 2010","772.98","780.43","786.93","770.19","","-1.12%"
"Oct 28, 2010","781.71","783.35","786.71","779.36","","-0.67%"
"Oct 27, 2010","786.98","796.05","798.50","784.97","","-0.53%"
"Oct 26, 2010","791.16","795.69","798.93","790.91","","-1.05%"
"Oct 25, 2010","799.59","793.74","803.59","791.64","","+0.66%"
"Oct 22, 2010","794.38","790.49","797.31","790.17","","+0.24%"
"Oct 21, 2010","792.48","801.18","801.27","789.94","","-0.42%"
"Oct 20, 2010","795.79","798.87","798.92","783.54","","-2.33%"
"Oct 19, 2010","814.79","817.72","824.93","810.74","","-0.69%"
"Oct 18, 2010","820.41","821.80","830.83","817.22","","-0.10%"
"Oct 15, 2010","821.21","826.36","828.68","819.70","","-1.06%"
"Oct 14, 2010","830.04","820.91","833.13","820.60","","+2.50%"
"Oct 13, 2010","809.77","813.39","819.37","809.77","","-0.07%"
"Oct 12, 2010","810.32","829.01","830.78","806.69","","-0.99%"
"Oct 08, 2010","818.45","817.51","821.52","813.29","","-0.06%"
"Oct 07, 2010","818.92","818.64","823.87","814.50","","+0.09%"
"Oct 06, 2010","818.15","808.41","818.81","808.41","","+2.57%"
"Oct 05, 2010","797.65","788.62","799.58","785.71","","+0.96%"
"Oct 04, 2010","790.05","789.85","797.48","787.78","","+0.01%"
"Oct 01, 2010","789.99","795.61","796.41","782.57","","-0.36%"
"Sep 30, 2010","792.87","809.62","811.20","791.69","","-1.55%"
"Sep 29, 2010","805.39","796.75","808.77","796.13","","+1.54%"
"Sep 28, 2010","793.21","789.04","797.14","788.78","","-0.31%"
"Sep 27, 2010","795.67","783.86","795.67","781.56","","+2.68%"
"Sep 24, 2010","774.90","771.69","784.68","769.80","","-1.07%"
"Sep 22, 2010","783.28","780.35","789.32","777.36","","+0.29%"
"Sep 21, 2010","781.04","791.77","792.60","780.56","","-0.46%"
"Sep 17, 2010","784.63","779.20","785.56","777.33","","+1.39%"
"Sep 16, 2010","773.86","782.48","782.48","771.19","","-0.04%"
"Sep 15, 2010","774.18","761.76","780.04","756.52","","+1.02%"
"Sep 14, 2010","766.33","762.77","771.02","761.99","","+0.63%"
"Sep 13, 2010","761.52","765.14","768.04","759.82","","+0.46%"
"Sep 10, 2010","758.01","758.32","765.48","756.93","","+0.72%"
"Sep 09, 2010","752.61","751.60","756.04","749.21","","+1.54%"
"Sep 08, 2010","741.21","743.89","746.26","737.50","","-1.77%"
"Sep 07, 2010","754.58","756.33","763.32","752.85","","-1.09%"
"Sep 06, 2010","762.90","748.63","763.22","747.75","","+3.03%"
"Sep 03, 2010","740.46","740.60","743.96","736.43","","+0.62%"
"Sep 02, 2010","735.92","744.74","745.68","728.39","","+0.40%"
"Sep 01, 2010","732.98","725.62","732.98","722.91","","+0.56%"
"Aug 31, 2010","728.87","742.79","742.79","728.37","","-3.42%"
"Aug 30, 2010","754.71","754.56","764.84","751.33","","+1.55%"
"Aug 27, 2010","743.22","728.03","744.74","725.45","","+1.16%"
"Aug 26, 2010","734.68","737.17","737.42","729.05","","+0.08%"
"Aug 25, 2010","734.07","736.45","742.73","730.30","","-1.36%"
"Aug 24, 2010","744.21","744.49","746.86","741.93","","-1.09%"
"Aug 23, 2010","752.41","753.85","758.12","751.22","","-0.66%"
"Aug 20, 2010","757.41","759.19","764.75","754.61","","-1.68%"
"Aug 19, 2010","770.36","763.00","770.77","763.00","","+1.22%"
"Aug 18, 2010","761.10","760.29","764.85","755.25","","+1.79%"
"Aug 17, 2010","747.75","743.73","749.42","742.79","","-0.20%"
"Aug 16, 2010","749.25","747.53","750.97","742.34","","-1.06%"
"Aug 13, 2010","757.26","749.69","759.00","745.20","","+0.61%"
"Aug 12, 2010","752.69","743.28","752.69","739.61","","-0.59%"
"Aug 11, 2010","757.16","768.88","768.98","756.00","","-2.72%"
"Aug 10, 2010","778.37","785.71","787.90","774.18","","-0.45%"
"Aug 09, 2010","781.89","778.88","783.26","777.92","","-0.74%"
"Aug 06, 2010","787.72","781.70","792.89","780.99","","+0.01%"
"Aug 05, 2010","787.68","782.66","789.48","781.73","","+1.92%"
"Aug 04, 2010","772.86","776.43","778.97","770.98","","-1.20%"
"Aug 03, 2010","782.27","771.02","785.65","770.82","","+3.18%"
"Aug 02, 2010","758.13","751.80","764.24","749.67","","+1.11%"
"Jul 30, 2010","749.82","758.11","760.15","746.79","","-1.58%"
"Jul 29, 2010","761.83","761.88","767.37","760.27","","-1.27%"
"Jul 28, 2010","771.62","758.29","773.43","754.32","","+2.95%"
"Jul 27, 2010","749.48","757.13","757.65","748.88","","-0.82%"
"Jul 26, 2010","755.69","760.18","765.84","755.62","","-0.08%"
"Jul 23, 2010","756.33","750.18","762.74","747.98","","+2.39%"
"Jul 22, 2010","738.70","736.98","743.87","727.50","","-0.72%"
"Jul 21, 2010","744.09","754.73","755.12","740.81","","-0.52%"
"Jul 20, 2010","748.00","746.66","749.60","739.98","","-1.37%"
"Jul 16, 2010","758.42","768.71","774.93","756.03","","-1.34%"
"Jul 15, 2010","768.69","775.38","776.69","767.37","","-1.91%"
"Jul 14, 2010","783.66","781.51","783.97","778.94","","+2.13%"
"Jul 13, 2010","767.33","779.64","780.07","764.66","","-1.00%"
"Jul 12, 2010","775.06","774.95","785.64","774.45","","+0.08%"
"Jul 09, 2010","774.44","773.72","774.86","764.51","","+0.76%"
"Jul 08, 2010","768.58","766.77","776.52","765.30","","+2.18%"
"Jul 07, 2010","752.21","747.69","757.67","746.34","","+0.08%"
"Jul 06, 2010","751.61","728.60","751.61","724.75","","+2.13%"
"Jul 05, 2010","735.97","736.24","736.85","732.24","","+0.42%"
"Jul 02, 2010","732.90","741.16","741.40","730.17","","-0.98%"
"Jul 01, 2010","740.19","741.75","744.48","729.25","","-0.77%"
"Jun 30, 2010","745.96","744.31","746.78","739.81","","-1.66%"
"Jun 29, 2010","758.54","770.19","775.53","756.24","","-1.58%"
"Jun 28, 2010","770.74","783.55","783.55","769.47","","-1.55%"
"Jun 25, 2010","782.91","786.43","786.55","780.08","","-1.62%"
"Jun 24, 2010","795.84","801.69","803.98","795.49","","+0.22%"
"Jun 23, 2010","794.09","794.09","799.42","794.09","","-1.73%"
"Jun 22, 2010","808.10","809.38","819.21","806.56","","-1.51%"
"Jun 21, 2010","820.45","797.12","820.74","796.97","","+4.50%"
"Jun 18, 2010","785.09","789.61","792.44","782.41","","-0.65%"
"Jun 17, 2010","790.23","789.52","797.80","787.78","","+0.07%"
"Jun 16, 2010","789.64","782.97","793.06","781.43","","+2.43%"
"Jun 15, 2010","770.93","773.06","774.53","767.45","","-0.95%"
"Jun 14, 2010","778.30","778.18","778.91","773.58","","+1.40%"
"Jun 11, 2010","767.53","778.90","781.87","766.30","","+0.45%"
"Jun 10, 2010","764.11","762.34","764.42","748.88","","+0.20%"
"Jun 09, 2010","762.58","768.39","770.27","757.94","","-0.93%"
"Jun 08, 2010","769.74","764.29","777.04","762.48","","-0.16%"
"Jun 07, 2010","770.96","784.60","784.60","770.02","","-3.69%"
"Jun 04, 2010","800.52","802.56","810.21","797.16","","+0.13%"
"Jun 03, 2010","799.46","795.79","800.26","794.12","","+2.09%"
"Jun 02, 2010","783.11","796.56","801.33","780.63","","-3.46%"
"Jun 01, 2010","811.17","816.49","817.76","806.11","","-0.89%"
"May 31, 2010","818.48","816.56","823.54","809.91","","-0.41%"
"May 28, 2010","821.85","827.87","827.87","813.63","","+1.34%"
"May 27, 2010","810.98","782.97","811.52","781.53","","+2.71%"
"May 26, 2010","789.55","785.92","796.31","775.26","","+1.40%"
"May 25, 2010","778.67","793.08","795.52","775.37","","-2.77%"
"May 24, 2010","800.84","798.69","803.57","790.78","","-0.57%"
"May 21, 2010","805.40","802.16","807.86","791.89","","-1.85%"
"May 20, 2010","820.57","823.23","834.36","818.26","","-0.94%"
"May 19, 2010","828.36","819.26","829.52","816.34","","-0.35%"
"May 18, 2010","831.31","844.36","844.36","825.87","","-1.48%"
"May 17, 2010","843.84","859.11","860.61","837.56","","-3.03%"
"May 14, 2010","870.21","866.66","876.63","859.22","","-0.79%"
"May 13, 2010","877.15","875.40","877.15","869.93","","+1.78%"
"May 12, 2010","861.82","860.11","867.72","857.17","","+0.82%"
"May 11, 2010","854.82","878.84","878.84","852.68","","-1.40%"
"May 10, 2010","866.99","851.13","867.36","848.98","","+1.76%"
"May 07, 2010","852.02","847.82","856.71","827.13","","-1.68%"
"May 06, 2010","866.60","886.79","887.13","864.13","","-4.16%"
"Apr 30, 2010","904.22","918.43","918.43","899.44","","-0.36%"
"Apr 28, 2010","907.49","904.47","908.24","899.92","","-1.52%"
"Apr 27, 2010","921.53","922.87","924.66","918.11","","-1.01%"
"Apr 26, 2010","930.93","918.34","933.09","918.01","","+1.10%"
"Apr 23, 2010","920.77","914.33","925.98","913.22","","+0.41%"
"Apr 22, 2010","916.99","919.41","919.93","908.77","","-1.23%"
"Apr 21, 2010","928.41","931.91","932.43","924.38","","+1.06%"
"Apr 20, 2010","918.68","933.49","933.90","917.28","","-1.09%"
"Apr 19, 2010","928.80","934.12","937.64","928.80","","-2.43%"
"Apr 16, 2010","951.94","962.09","962.09","948.81","","-1.32%"
"Apr 15, 2010","964.71","964.88","969.04","960.71","","+0.92%"
"Apr 14, 2010","955.93","960.98","963.12","951.69","","-0.22%"
"Apr 13, 2010","958.03","959.65","961.71","953.38","","-0.27%"
"Apr 12, 2010","960.62","953.42","967.01","951.73","","+1.71%"
"Apr 09, 2010","944.50","942.75","946.29","940.77","","-0.22%"
"Apr 08, 2010","946.57","944.25","950.92","944.25","","-0.58%"
"Apr 07, 2010","952.13","947.21","956.53","946.01","","+0.75%"
"Apr 06, 2010","945.01","953.49","953.85","941.51","","-0.67%"
"Apr 05, 2010","951.34","952.59","953.12","946.63","","+0.57%"
"Apr 02, 2010","945.95","947.69","948.13","943.44","","+0.57%"
"Apr 01, 2010","940.57","934.39","941.74","934.39","","+1.46%"
"Mar 31, 2010","927.02","929.59","933.61","923.99","","-0.01%"
"Mar 30, 2010","927.14","913.10","927.74","912.50","","+2.48%"
"Mar 29, 2010","904.66","899.73","904.72","897.33","","-0.31%"
"Mar 26, 2010","907.49","902.52","907.49","899.89","","+0.93%"
"Mar 25, 2010","899.10","902.62","902.85","895.34","","+0.06%"
"Mar 24, 2010","898.55","894.75","898.88","893.37","","+0.80%"
"Mar 23, 2010","891.45","894.29","896.70","890.89","","-0.25%"
"Mar 19, 2010","893.65","890.66","893.83","888.50","","+0.78%"
"Mar 18, 2010","886.75","889.35","893.49","886.18","","-0.03%"
"Mar 17, 2010","887.05","886.69","888.45","880.55","","+0.75%"
"Mar 16, 2010","880.46","882.25","886.43","879.99","","-0.71%"
"Mar 15, 2010","886.79","893.76","894.57","883.15","","-0.22%"
"Mar 12, 2010","888.76","891.91","891.91","884.51","","+0.47%"
"Mar 11, 2010","884.63","883.72","889.49","877.19","","+1.31%"
"Mar 10, 2010","873.15","875.59","878.47","872.98","","-0.14%"
"Mar 09, 2010","874.36","872.31","876.75","870.91","","-0.29%"
"Mar 08, 2010","876.87","870.26","876.87","869.97","","+2.53%"
"Mar 05, 2010","855.23","851.51","856.67","851.23","","+1.61%"
"Mar 04, 2010","841.65","852.94","855.69","841.65","","-1.31%"
"Mar 03, 2010","852.79","840.87","852.79","840.26","","+1.27%"
"Mar 02, 2010","842.10","838.18","842.10","834.53","","+0.44%"
"Mar 01, 2010","838.39","833.58","842.04","830.46","","+0.80%"
"Feb 26, 2010","831.70","822.64","833.32","821.05","","+1.11%"
"Feb 25, 2010","822.59","831.84","833.01","820.20","","-0.42%"
"Feb 24, 2010","826.09","827.36","830.02","823.85","","-1.68%"
"Feb 23, 2010","840.18","840.94","841.99","833.93","","-0.67%"
"Feb 22, 2010","845.88","835.09","848.19","834.98","","+3.09%"
"Feb 19, 2010","820.52","841.38","842.53","819.52","","-2.22%"
"Feb 18, 2010","839.19","847.52","847.95","836.66","","-0.49%"
"Feb 17, 2010","843.30","832.95","844.01","832.82","","+2.76%"
"Feb 16, 2010","820.62","817.76","823.42","815.52","","+0.23%"
"Feb 15, 2010","818.77","828.99","832.53","817.92","","-1.65%"
"Feb 12, 2010","832.52","819.59","833.19","819.13","","+3.33%"
"Feb 10, 2010","805.71","816.81","819.90","805.71","","-0.14%"
"Feb 09, 2010","806.85","799.75","809.25","796.68","","+0.67%"
"Feb 08, 2010","801.49","804.45","812.78","799.58","","-0.84%"
"Feb 05, 2010","808.32","819.05","819.10","803.93","","-3.26%"
"Feb 04, 2010","835.58","847.85","848.15","824.02","","-1.22%"
"Feb 03, 2010","845.86","856.57","858.95","843.69","","+0.26%"
"Feb 02, 2010","843.67","824.18","848.18","823.74","","+3.88%"
"Feb 01, 2010","812.15","818.35","818.35","804.65","","-2.09%"
"Jan 29, 2010","829.50","837.69","837.91","824.06","","-0.72%"
"Jan 28, 2010","835.52","836.34","843.95","832.84","","+0.68%"
"Jan 27, 2010","829.87","846.94","849.73","829.42","","-1.30%"
"Jan 26, 2010","840.83","855.76","867.48","840.83","","-1.67%"
"Jan 25, 2010","855.12","846.57","859.41","845.78","","-0.71%"
"Jan 22, 2010","861.26","870.45","870.45","853.39","","-2.87%"
"Jan 21, 2010","886.70","880.02","891.61","871.38","","+0.20%"
"Jan 20, 2010","884.90","902.65","909.90","881.40","","-0.94%"
"Jan 19, 2010","893.26","898.58","904.32","892.46","","-0.95%"
"Jan 18, 2010","901.79","907.37","910.78","899.76","","-1.69%"
"Jan 15, 2010","917.32","910.89","918.08","905.21","","+1.33%"
"Jan 14, 2010","905.32","878.81","905.92","878.81","","+3.34%"
"Jan 13, 2010","876.04","886.57","893.31","876.04","","-2.33%"
"Jan 12, 2010","896.96","884.82","899.56","884.82","","+1.99%"
"Jan 08, 2010","879.49","874.98","881.22","870.69","","+0.84%"
"Jan 07, 2010","872.18","875.70","882.29","867.39","","+0.16%"
"Jan 06, 2010","870.79","867.45","874.42","862.41","","+1.34%"
"Jan 05, 2010","859.27","858.08","871.34","858.07","","+1.81%"
"Jan 04, 2010","843.97","840.61","846.70","840.06","","+1.25%"
"Dec 30, 2009","833.55","845.19","850.39","833.55","","-0.90%"
"Dec 29, 2009","841.12","837.63","842.78","835.60","","+0.79%"
"Dec 28, 2009","834.50","829.84","838.39","826.87","","+0.87%"
"Dec 25, 2009","827.27","835.23","835.23","825.56","","-0.75%"
"Dec 24, 2009","833.48","819.00","834.48","819.00","","+3.02%"
"Dec 22, 2009","809.07","806.18","812.14","802.92","","+1.32%"
"Dec 21, 2009","798.56","806.17","806.92","798.25","","-0.21%"
"Dec 18, 2009","800.27","808.75","812.34","798.12","","-1.94%"
"Dec 17, 2009","816.08","814.04","826.04","814.04","","+0.52%"
"Dec 16, 2009","811.83","815.64","820.23","806.79","","+0.51%"
"Dec 15, 2009","807.69","804.63","811.49","804.42","","-0.27%"
"Dec 14, 2009","809.90","817.88","818.29","802.17","","-0.23%"
"Dec 11, 2009","811.75","796.22","812.17","794.56","","+3.14%"
"Dec 10, 2009","787.07","792.66","805.38","781.70","","-1.31%"
"Dec 09, 2009","797.48","802.14","802.14","792.73","","-1.85%"
"Dec 08, 2009","812.51","804.78","816.64","803.85","","-0.29%"
"Dec 07, 2009","814.84","816.60","823.85","813.38","","+0.92%"
"Dec 04, 2009","807.40","804.59","808.50","797.21","","+1.13%"
"Dec 03, 2009","798.38","778.71","799.80","778.52","","+3.95%"
"Dec 02, 2009","768.05","760.16","771.23","756.19","","+1.02%"
"Dec 01, 2009","760.29","736.92","760.29","734.78","","+2.42%"
"Nov 30, 2009","742.35","727.13","744.68","726.49","","+3.36%"
"Nov 27, 2009","718.25","736.08","736.29","717.18","","-3.77%"
"Nov 26, 2009","746.39","738.99","752.57","738.99","","+0.28%"
"Nov 25, 2009","744.27","730.57","744.27","728.74","","+1.29%"
"Nov 24, 2009","734.77","738.93","746.44","734.72","","-0.36%"
"Nov 20, 2009","737.41","731.21","740.26","729.28","","-0.06%"
"Nov 19, 2009","737.87","744.97","748.16","732.11","","-0.85%"
"Nov 18, 2009","744.23","748.69","748.69","739.07","","-1.21%"
"Nov 17, 2009","753.36","761.89","764.58","751.05","","-0.34%"
"Nov 16, 2009","755.90","764.53","768.52","754.57","","-1.26%"
"Nov 13, 2009","765.51","767.42","771.45","760.84","","-0.29%"
"Nov 12, 2009","767.77","768.88","776.39","765.52","","+0.22%"
"Nov 11, 2009","766.11","767.96","771.42","765.34","","-0.35%"
"Nov 10, 2009","768.77","770.17","778.39","768.25","","+0.94%"
"Nov 09, 2009","761.60","759.95","766.64","755.05","","-0.04%"
"Nov 06, 2009","761.91","771.53","771.95","761.57","","-0.62%"
"Nov 05, 2009","766.68","765.21","770.10","761.82","","+0.33%"
"Nov 04, 2009","764.18","755.76","769.15","752.33","","+0.82%"
"Nov 02, 2009","757.95","769.60","769.60","752.98","","-2.77%"
"Oct 30, 2009","779.53","770.84","782.85","770.03","","+2.40%"
"Oct 29, 2009","761.26","764.02","765.13","750.19","","-1.71%"
"Oct 28, 2009","774.48","783.25","787.94","772.47","","-1.17%"
"Oct 27, 2009","783.65","803.89","804.10","781.64","","-3.64%"
"Oct 26, 2009","813.29","805.16","815.54","800.39","","+0.59%"
"Oct 23, 2009","808.55","818.81","819.54","807.40","","-0.92%"
"Oct 22, 2009","816.02","810.39","816.02","804.23","","+0.43%"
"Oct 21, 2009","812.50","798.37","816.29","797.52","","+0.88%"
"Oct 20, 2009","805.44","803.56","809.86","802.16","","+1.50%"
"Oct 19, 2009","793.51","790.09","794.17","779.18","","-0.08%"
"Oct 16, 2009","794.17","801.80","802.94","791.34","","-0.28%"
"Oct 15, 2009","796.39","789.00","797.58","789.00","","+2.16%"
"Oct 14, 2009","779.57","783.88","785.46","774.00","","+0.12%"
"Oct 13, 2009","778.66","781.88","783.44","777.30","","+0.60%"
"Oct 09, 2009","774.05","769.39","775.03","765.47","","+1.32%"
"Oct 08, 2009","763.96","757.68","768.41","751.91","","+0.55%"
"Oct 07, 2009","759.81","742.12","760.89","741.59","","+3.62%"
"Oct 06, 2009","733.29","731.88","735.38","724.18","","+1.07%"
"Oct 05, 2009","725.54","735.95","737.00","724.05","","-2.15%"
"Oct 02, 2009","741.50","748.57","748.57","736.74","","-2.31%"
"Oct 01, 2009","759.07","763.57","769.03","756.41","","-0.69%"
"Sep 30, 2009","764.32","758.76","764.32","755.76","","+0.07%"
"Sep 29, 2009","763.77","761.42","765.83","756.61","","+1.34%"
"Sep 28, 2009","753.67","772.23","772.39","751.47","","-3.64%"
"Sep 25, 2009","782.12","800.50","800.50","781.31","","-4.05%"
"Sep 24, 2009","815.11","808.16","815.11","804.25","","+0.84%"
"Sep 18, 2009","808.28","803.75","811.03","801.03","","+0.24%"
"Sep 17, 2009","806.36","800.11","808.07","799.68","","+2.04%"
"Sep 16, 2009","790.23","793.75","802.84","789.59","","+0.16%"
"Sep 15, 2009","788.94","791.12","793.31","785.54","","+0.11%"
"Sep 14, 2009","788.09","791.84","793.79","784.46","","-1.18%"
"Sep 11, 2009","797.54","804.84","805.82","794.95","","-0.67%"
"Sep 10, 2009","802.95","795.84","804.72","795.84","","+1.36%"
"Sep 09, 2009","792.17","793.52","796.50","785.72","","+0.60%"
"Sep 08, 2009","787.45","792.76","793.20","785.78","","-0.69%"
"Sep 07, 2009","792.92","786.40","794.03","784.64","","+1.90%"
"Sep 04, 2009","778.14","786.80","788.27","776.73","","-0.60%"
"Sep 03, 2009","782.81","775.23","785.88","773.78","","+0.46%"
"Sep 02, 2009","779.25","785.23","785.23","774.76","","-2.13%"
"Sep 01, 2009","796.24","794.30","798.53","788.70","","-0.34%"
"Aug 31, 2009","798.98","809.88","820.14","794.03","","-0.52%"
"Aug 28, 2009","803.18","807.14","807.42","798.06","","-0.08%"
"Aug 27, 2009","803.79","812.61","812.61","795.30","","-1.93%"
"Aug 26, 2009","819.63","818.70","820.96","812.94","","+0.59%"
"Aug 25, 2009","814.85","810.78","819.61","810.35","","+0.01%"
"Aug 24, 2009","814.77","805.15","818.14","805.15","","+2.69%"
"Aug 21, 2009","793.42","805.76","806.03","784.99","","-1.17%"
"Aug 20, 2009","802.84","799.08","804.78","794.16","","+1.53%"
"Aug 19, 2009","790.75","798.98","801.83","789.72","","-0.42%"
"Aug 18, 2009","794.08","791.78","796.04","784.89","","-0.96%"
"Aug 17, 2009","801.77","818.48","818.48","801.18","","-3.06%"
"Aug 14, 2009","827.11","813.11","828.47","813.11","","+2.29%"
"Aug 13, 2009","808.56","809.58","811.06","804.50","","+0.86%"
"Aug 12, 2009","801.63","810.90","811.05","801.63","","-2.22%"
"Aug 11, 2009","819.83","817.81","822.46","815.54","","-0.19%"
"Aug 10, 2009","821.41","820.73","827.00","818.19","","+1.28%"
"Aug 07, 2009","810.99","810.93","811.05","800.42","","-0.09%"
"Aug 06, 2009","811.72","807.12","817.00","806.94","","+1.01%"
"Aug 05, 2009","803.61","816.83","819.49","802.76","","-0.64%"
"Aug 04, 2009","808.78","799.95","812.60","799.95","","+2.46%"
"Aug 03, 2009","789.33","793.45","793.45","786.73","","-0.01%"
"Jul 31, 2009","789.39","781.67","790.72","776.61","","+2.10%"
"Jul 30, 2009","773.17","774.23","775.91","761.10","","-0.61%"
"Jul 29, 2009","777.93","772.18","780.93","771.40","","-0.17%"
"Jul 28, 2009","779.26","779.20","780.89","771.84","","+0.31%"
"Jul 27, 2009","776.83","782.92","788.57","774.06","","+0.31%"
"Jul 24, 2009","774.40","768.78","777.62","768.18","","+2.05%"
"Jul 23, 2009","758.81","761.57","764.49","753.94","","-0.45%"
"Jul 22, 2009","762.23","763.45","766.52","756.21","","-0.16%"
"Jul 21, 2009","763.48","741.46","763.83","741.46","","+4.51%"
"Jul 17, 2009","730.50","736.29","737.13","728.05","","+0.56%"
"Jul 16, 2009","726.41","718.43","740.40","718.34","","+2.71%"
"Jul 15, 2009","707.21","718.08","722.27","707.21","","-0.37%"
"Jul 14, 2009","709.84","703.31","715.01","702.57","","+2.44%"
"Jul 13, 2009","692.92","699.59","716.51","692.16","","-1.94%"
"Jul 10, 2009","706.66","715.20","721.37","705.24","","-0.43%"
"Jul 09, 2009","709.70","712.32","724.35","705.11","","-1.42%"
"Jul 08, 2009","719.90","723.75","727.00","717.48","","-1.83%"
"Jul 07, 2009","733.31","737.39","738.77","726.47","","-0.35%"
"Jul 06, 2009","735.89","743.46","744.79","731.56","","-1.96%"
"Jul 03, 2009","750.59","747.32","750.80","739.86","","-0.94%"
"Jul 02, 2009","757.75","764.99","766.75","756.79","","-0.18%"
"Jul 01, 2009","759.13","760.92","767.08","757.52","","-0.96%"
"Jun 30, 2009","766.47","762.18","772.80","761.95","","+1.91%"
"Jun 29, 2009","752.07","764.47","769.88","748.78","","-2.16%"
"Jun 26, 2009","768.67","775.66","779.51","764.41","","+0.34%"
"Jun 25, 2009","766.04","750.81","772.25","749.87","","+3.31%"
"Jun 24, 2009","741.49","740.55","750.41","735.60","","+0.84%"
"Jun 23, 2009","735.29","755.05","755.18","732.80","","-4.02%"
"Jun 22, 2009","766.12","767.79","772.71","756.35","","-0.84%"
"Jun 19, 2009","772.58","766.96","781.40","765.05","","+1.79%"
"Jun 18, 2009","758.98","773.98","774.39","751.03","","-2.97%"
"Jun 17, 2009","782.24","774.54","794.24","774.05","","-0.17%"
"Jun 16, 2009","783.57","810.27","810.44","780.38","","-4.73%"
"Jun 15, 2009","822.50","833.56","833.56","818.38","","-1.14%"
"Jun 12, 2009","831.95","831.28","835.39","823.65","","+0.91%"
"Jun 11, 2009","824.41","822.64","827.99","815.18","","+0.54%"
"Jun 10, 2009","820.02","797.17","822.64","795.98","","+4.04%"
"Jun 09, 2009","788.19","796.61","803.95","787.85","","-1.82%"
"Jun 08, 2009","802.84","805.63","808.49","798.65","","+0.73%"
"Jun 05, 2009","797.04","794.90","804.54","792.96","","+1.52%"
"Jun 04, 2009","785.14","782.41","792.25","779.81","","-0.69%"
"Jun 03, 2009","790.58","789.36","798.50","785.73","","+0.70%"
"Jun 02, 2009","785.10","801.42","817.83","785.10","","-0.69%"
"Jun 01, 2009","790.57","761.93","795.89","761.85","","+4.33%"
"May 29, 2009","757.74","754.56","760.11","752.23","","+1.12%"
"May 28, 2009","749.33","739.87","751.03","739.87","","+0.64%"
"May 27, 2009","744.53","749.56","750.91","742.39","","+0.60%"
"May 26, 2009","740.12","744.64","744.64","732.57","","-0.21%"
"May 25, 2009","741.68","742.20","750.06","740.38","","+0.70%"
"May 22, 2009","736.53","728.49","740.60","724.13","","-0.22%"
"May 21, 2009","738.13","740.30","743.32","732.84","","-0.27%"
"May 20, 2009","740.13","724.37","747.22","724.09","","+3.60%"
"May 19, 2009","714.40","705.01","714.67","704.93","","+2.81%"
"May 18, 2009","694.85","704.24","704.48","693.80","","-2.60%"
"May 15, 2009","713.43","706.29","714.32","705.87","","+1.41%"
"May 14, 2009","703.53","722.45","722.93","699.49","","-4.00%"
"May 13, 2009","732.87","730.57","736.49","719.24","","+1.59%"
"May 12, 2009","721.37","730.47","731.82","721.37","","-2.55%"
"May 11, 2009","740.21","727.68","743.68","727.66","","+2.88%"
"May 08, 2009","719.51","716.15","722.71","711.65","","-0.23%"
"May 07, 2009","721.17","695.53","729.68","695.32","","+5.33%"
"May 01, 2009","684.69","661.04","688.09","660.94","","+5.11%"
"Apr 30, 2009","651.42","644.23","655.33","643.81","","+2.44%"
"Apr 28, 2009","635.92","661.06","662.84","634.83","","-4.07%"
"Apr 27, 2009","662.90","669.21","676.53","658.92","","+0.09%"
"Apr 24, 2009","662.30","667.79","675.75","657.82","","-1.55%"
"Apr 23, 2009","672.71","667.74","675.28","653.86","","-0.27%"
"Apr 22, 2009","674.50","688.81","691.77","671.81","","-1.19%"
"Apr 21, 2009","682.63","705.58","705.58","674.17","","-4.62%"
"Apr 20, 2009","715.67","713.85","718.22","702.47","","+0.22%"
"Apr 17, 2009","714.08","712.45","719.96","707.69","","+1.70%"
"Apr 16, 2009","702.16","710.31","723.00","696.47","","+0.19%"
"Apr 15, 2009","700.86","694.33","705.33","688.78","","-0.12%"
"Apr 14, 2009","701.68","712.09","717.05","692.65","","-0.76%"
"Apr 13, 2009","707.08","684.02","712.45","684.02","","+3.39%"
"Apr 10, 2009","683.88","684.79","691.62","675.50","","+1.18%"
"Apr 09, 2009","675.89","663.25","677.21","663.12","","+3.29%"
"Apr 08, 2009","654.37","660.78","661.12","649.21","","-2.22%"
"Apr 07, 2009","669.23","667.56","673.83","660.99","","+0.21%"
"Apr 06, 2009","667.80","676.87","687.40","666.64","","-0.11%"
"Apr 03, 2009","668.53","660.43","673.65","660.09","","+2.54%"
"Apr 02, 2009","651.94","636.54","652.66","636.18","","+3.80%"
"Apr 01, 2009","628.06","613.14","633.86","612.58","","+3.46%"
"Mar 31, 2009","607.03","615.29","622.73","604.96","","-2.55%"
"Mar 30, 2009","622.91","653.46","656.13","621.75","","-4.27%"
"Mar 27, 2009","650.67","663.60","666.31","646.71","","-1.06%"
"Mar 26, 2009","657.66","646.71","658.70","644.15","","+0.29%"
"Mar 25, 2009","655.76","648.65","659.01","642.45","","+1.93%"
"Mar 24, 2009","643.35","633.87","647.44","633.33","","+2.88%"
"Mar 23, 2009","625.36","590.88","627.15","590.88","","+6.87%"
"Mar 19, 2009","585.16","588.28","591.06","581.45","","+0.71%"
"Mar 18, 2009","581.06","581.49","588.99","574.92","","+0.79%"
"Mar 17, 2009","576.52","569.26","578.38","566.13","","+2.37%"
"Mar 16, 2009","563.16","555.35","567.15","555.24","","+2.59%"
"Mar 13, 2009","548.92","542.08","550.35","542.03","","+2.21%"
"Mar 12, 2009","537.06","549.89","549.91","535.33","","-2.88%"
"Mar 11, 2009","552.98","551.56","561.96","550.61","","+1.77%"
"Mar 10, 2009","543.35","547.39","549.75","540.65","","-1.48%"
"Mar 09, 2009","551.49","559.30","565.70","550.88","","-0.71%"
"Mar 06, 2009","555.45","565.96","565.96","553.87","","-3.04%"
"Mar 05, 2009","572.88","562.52","579.81","562.32","","+3.16%"
"Mar 04, 2009","555.34","543.98","557.19","535.94","","+0.95%"
"Mar 03, 2009","550.09","558.59","558.59","544.74","","-2.83%"
"Mar 02, 2009","566.10","579.96","579.97","562.36","","-3.70%"
"Feb 27, 2009","587.82","574.84","587.82","569.72","","+2.62%"
"Feb 26, 2009","572.83","572.64","584.91","569.32","","-0.53%"
"Feb 25, 2009","575.90","572.03","578.39","566.20","","+2.04%"
"Feb 24, 2009","564.41","560.48","564.41","550.87","","-0.72%"
"Feb 23, 2009","568.48","573.45","573.53","559.34","","-2.08%"
"Feb 20, 2009","580.55","594.31","596.18","576.36","","-1.84%"
"Feb 19, 2009","591.44","592.74","596.41","587.34","","+0.41%"
"Feb 18, 2009","589.00","586.20","591.33","582.09","","-0.69%"
"Feb 17, 2009","593.08","598.29","603.29","592.29","","-1.48%"
"Feb 16, 2009","601.99","599.89","606.97","596.89","","-0.20%"
"Feb 13, 2009","603.20","604.23","609.79","593.42","","+0.33%"
"Feb 12, 2009","601.23","606.54","608.12","595.08","","-2.18%"
"Feb 10, 2009","614.63","627.16","630.10","612.39","","-1.18%"
"Feb 09, 2009","622.00","627.61","635.78","620.19","","+0.28%"
"Feb 06, 2009","620.27","633.90","640.23","615.68","","-1.00%"
"Feb 05, 2009","626.55","620.45","635.23","618.59","","+1.89%"
"Feb 04, 2009","614.93","599.69","619.67","599.65","","+3.40%"
"Feb 03, 2009","594.73","593.94","614.17","590.32","","-0.49%"
"Feb 02, 2009","597.67","588.98","607.27","588.12","","+0.19%"
"Jan 30, 2009","596.53","611.33","612.99","591.78","","-3.57%"
"Jan 29, 2009","618.64","613.75","624.35","607.51","","+1.77%"
"Jan 28, 2009","607.91","595.23","614.20","591.32","","+1.43%"
"Jan 27, 2009","599.33","572.71","604.59","572.40","","+6.03%"
"Jan 26, 2009","565.25","570.93","574.73","564.71","","-0.16%"
"Jan 23, 2009","566.18","570.02","574.29","565.64","","-1.65%"
"Jan 22, 2009","575.68","584.58","586.34","565.90","","-0.12%"
"Jan 21, 2009","576.35","582.07","582.62","574.61","","-2.32%"
"Jan 20, 2009","590.01","594.96","595.34","579.64","","-1.80%"
"Jan 19, 2009","600.80","599.35","610.83","599.21","","+1.39%"
"Jan 16, 2009","592.59","580.94","593.71","580.87","","+3.15%"
"Jan 15, 2009","574.48","582.90","582.90","570.68","","-2.80%"
"Jan 14, 2009","591.01","590.97","597.47","580.77","","+1.07%"
"Jan 13, 2009","584.75","619.94","619.97","584.20","","-6.76%"
"Jan 09, 2009","627.12","632.50","636.97","622.34","","-0.14%"
"Jan 08, 2009","628.00","644.47","644.47","623.44","","-3.94%"
"Jan 07, 2009","653.77","631.04","661.65","630.90","","+4.70%"
"Jan 06, 2009","624.42","635.87","636.55","622.73","","-0.82%"
"Jan 05, 2009","629.61","608.86","634.43","608.86","","+4.86%"
"Dec 30, 2008","600.41","590.65","603.16","590.65","","+1.94%"
"Dec 29, 2008","588.97","581.79","589.07","578.81","","+2.14%"
"Dec 26, 2008","576.61","571.18","576.61","569.46","","+1.92%"
"Dec 25, 2008","565.76","554.55","566.59","554.16","","+2.71%"
"Dec 24, 2008","550.84","564.55","565.14","549.48","","-3.56%"
"Dec 22, 2008","571.19","566.38","571.73","565.21","","+1.18%"
"Dec 19, 2008","564.52","574.75","579.57","564.01","","-2.68%"
"Dec 18, 2008","580.08","574.61","584.06","567.62","","-0.20%"
"Dec 17, 2008","581.24","589.71","596.03","561.43","","-0.13%"
"Dec 16, 2008","581.99","589.78","596.51","581.59","","-2.34%"
"Dec 15, 2008","595.92","577.15","599.43","577.08","","+4.73%"
"Dec 12, 2008","569.00","587.41","603.69","558.72","","-4.29%"
"Dec 11, 2008","594.53","573.42","598.54","566.71","","+4.60%"
"Dec 10, 2008","568.37","551.80","571.64","550.27","","+2.96%"
"Dec 09, 2008","552.02","552.42","568.98","547.06","","+1.05%"
"Dec 08, 2008","546.28","526.43","548.75","522.85","","+4.71%"
"Dec 05, 2008","521.73","527.20","532.31","519.16","","-0.52%"
"Dec 04, 2008","524.45","540.94","543.85","519.33","","-3.57%"
"Dec 03, 2008","543.85","547.91","552.16","538.71","","+0.57%"
"Dec 02, 2008","540.76","579.01","579.01","540.76","","-7.96%"
"Dec 01, 2008","587.55","588.02","600.12","580.01","","-0.29%"
"Nov 28, 2008","589.28","564.57","597.44","564.48","","+5.36%"
"Nov 27, 2008","559.28","542.71","569.65","542.71","","+4.24%"
"Nov 26, 2008","536.54","544.85","544.85","533.33","","-2.72%"
"Nov 25, 2008","551.53","549.32","572.12","537.38","","+1.98%"
"Nov 21, 2008","540.83","506.01","541.55","487.80","","+5.46%"
"Nov 20, 2008","512.81","553.14","553.14","508.85","","-8.54%"
"Nov 19, 2008","560.67","588.74","589.60","555.96","","-5.23%"
"Nov 18, 2008","591.59","584.08","609.71","581.81","","+0.03%"
"Nov 17, 2008","591.44","596.86","611.31","582.29","","-1.82%"
"Nov 14, 2008","602.43","605.18","624.85","598.37","","+0.99%"
"Nov 13, 2008","596.50","624.36","624.41","591.19","","-5.79%"
"Nov 12, 2008","633.16","652.58","652.58","627.35","","-4.30%"
"Nov 11, 2008","661.61","671.81","676.55","658.98","","-2.33%"
"Nov 10, 2008","677.38","663.66","687.47","663.66","","+3.53%"
"Nov 07, 2008","654.26","674.83","674.83","624.87","","-4.62%"
"Nov 06, 2008","685.97","706.56","706.63","677.45","","-4.47%"
"Nov 05, 2008","718.09","677.05","718.21","677.05","","+7.51%"
"Nov 04, 2008","667.91","661.27","679.75","655.69","","+2.39%"
"Oct 31, 2008","652.32","671.99","714.44","652.32","","-3.30%"
"Oct 30, 2008","674.57","605.21","676.64","604.96","","+12.76%"
"Oct 29, 2008","598.26","571.73","615.25","571.73","","+6.23%"
"Oct 28, 2008","563.19","524.98","567.47","505.32","","+6.31%"
"Oct 27, 2008","529.78","575.78","593.35","527.36","","-8.94%"
"Oct 24, 2008","581.81","621.75","621.82","578.94","","-7.51%"
"Oct 23, 2008","629.06","644.79","645.19","592.12","","-3.81%"
"Oct 22, 2008","653.98","704.21","704.21","653.43","","-8.54%"
"Oct 21, 2008","715.07","689.55","723.24","689.33","","+5.24%"
"Oct 20, 2008","679.44","652.79","680.54","646.94","","+5.37%"
"Oct 17, 2008","644.81","654.88","664.87","621.06","","-0.08%"
"Oct 16, 2008","645.34","733.56","733.61","644.89","","-13.44%"
"Oct 15, 2008","745.57","750.71","753.72","723.16","","-2.08%"
"Oct 14, 2008","761.40","670.15","761.40","670.10","","+15.64%"
"Oct 10, 2008","658.41","658.15","682.17","611.50","","-1.63%"
"Oct 09, 2008","669.30","643.88","691.89","639.41","","+5.23%"
"Oct 08, 2008","636.06","700.90","700.90","630.91","","-10.72%"
"Oct 07, 2008","712.40","709.68","723.14","669.42","","-1.23%"
"Oct 06, 2008","721.30","756.98","758.24","710.73","","-6.06%"
"Oct 03, 2008","767.81","787.27","793.64","759.08","","-3.87%"
"Oct 02, 2008","798.70","849.00","849.00","791.36","","-6.14%"
"Oct 01, 2008","850.97","837.58","861.40","837.16","","+3.02%"
"Sep 30, 2008","826.06","850.09","850.09","805.50","","-4.41%"
"Sep 29, 2008","864.13","893.82","899.47","862.39","","-4.37%"
"Sep 26, 2008","903.63","937.31","944.20","892.24","","-3.16%"
"Sep 25, 2008","933.14","957.63","958.29","927.29","","-5.12%"
"Sep 24, 2008","983.45","990.65","991.67","959.84","","-1.83%"
"Sep 22, 2008","1,001.77","975.30","1,016.21","975.27","","+4.35%"
"Sep 19, 2008","959.99","899.58","962.32","899.37","","+7.93%"
"Sep 18, 2008","889.42","888.28","893.64","865.98","","-1.49%"
"Sep 17, 2008","902.91","914.77","927.79","897.28","","-0.21%"
"Sep 16, 2008","904.77","968.31","968.39","895.37","","-8.07%"
"Sep 12, 2008","984.19","968.52","988.56","968.39","","+2.92%"
"Sep 11, 2008","956.26","972.23","984.97","947.75","","-0.52%"
"Sep 10, 2008","961.24","963.63","972.90","942.27","","-1.78%"
"Sep 09, 2008","978.63","1,021.11","1,021.11","971.29","","-5.20%"
"Sep 08, 2008","1,032.31","990.08","1,036.98","990.08","","+5.77%"
"Sep 05, 2008","976.00","969.35","981.68","947.29","","-0.95%"
"Sep 04, 2008","985.37","1,012.80","1,013.13","973.82","","-3.77%"
"Sep 03, 2008","1,024.02","1,053.72","1,054.62","1,011.90","","-3.61%"
"Sep 02, 2008","1,062.38","1,094.48","1,094.65","1,057.21","","-3.98%"
"Sep 01, 2008","1,106.43","1,118.02","1,120.92","1,104.44","","-1.80%"
"Aug 29, 2008","1,126.68","1,098.91","1,126.68","1,098.65","","+3.27%"
"Aug 28, 2008","1,091.01","1,096.13","1,098.90","1,080.55","","+0.16%"
"Aug 27, 2008","1,089.27","1,096.41","1,105.15","1,085.35","","-0.52%"
"Aug 26, 2008","1,094.96","1,092.39","1,095.43","1,087.39","","-1.06%"
"Aug 25, 2008","1,106.71","1,102.86","1,111.93","1,100.25","","-0.17%"
"Aug 22, 2008","1,108.55","1,102.95","1,112.66","1,101.84","","+1.64%"
"Aug 21, 2008","1,090.69","1,087.65","1,101.19","1,087.39","","+1.41%"
"Aug 20, 2008","1,075.49","1,064.17","1,078.98","1,063.11","","+1.41%"
"Aug 19, 2008","1,060.55","1,077.49","1,077.49","1,059.34","","-2.54%"
"Aug 18, 2008","1,088.22","1,060.26","1,089.39","1,058.69","","+2.10%"
"Aug 15, 2008","1,065.88","1,078.66","1,080.03","1,060.48","","-1.54%"
"Aug 14, 2008","1,082.59","1,076.89","1,103.39","1,076.89","","+1.25%"
"Aug 13, 2008","1,069.25","1,089.27","1,090.02","1,066.14","","-3.06%"
"Aug 12, 2008","1,103.01","1,127.67","1,127.67","1,101.53","","-1.81%"
"Aug 11, 2008","1,123.38","1,131.75","1,139.55","1,120.68","","-1.33%"
"Aug 08, 2008","1,138.57","1,118.95","1,142.95","1,109.91","","+0.90%"
"Aug 07, 2008","1,128.45","1,132.07","1,144.63","1,121.14","","-0.21%"
"Aug 06, 2008","1,130.86","1,127.92","1,135.06","1,110.02","","+1.49%"
"Aug 05, 2008","1,114.25","1,123.20","1,138.25","1,104.20","","-1.75%"
"Aug 04, 2008","1,134.07","1,189.70","1,190.71","1,132.02","","-5.37%"
"Aug 01, 2008","1,198.44","1,224.35","1,229.52","1,184.58","","-3.07%"
"Jul 31, 2008","1,236.42","1,265.15","1,272.87","1,212.87","","-1.23%"
"Jul 30, 2008","1,251.77","1,237.05","1,252.68","1,223.34","","+1.94%"
"Jul 29, 2008","1,227.92","1,211.74","1,231.92","1,194.02","","+0.81%"
"Jul 28, 2008","1,218.10","1,206.18","1,223.25","1,206.18","","+2.29%"
"Jul 25, 2008","1,190.85","1,214.47","1,220.34","1,190.41","","-3.21%"
"Jul 24, 2008","1,230.31","1,233.03","1,239.52","1,215.12","","+0.58%"
"Jul 23, 2008","1,223.24","1,213.94","1,234.29","1,213.39","","-0.02%"
"Jul 22, 2008","1,223.48","1,178.30","1,224.40","1,178.30","","+5.34%"
"Jul 18, 2008","1,161.45","1,193.14","1,197.54","1,159.54","","-1.95%"
"Jul 17, 2008","1,184.55","1,197.09","1,201.23","1,183.09","","-0.26%"
"Jul 16, 2008","1,187.62","1,198.65","1,199.93","1,178.73","","-2.12%"
"Jul 15, 2008","1,213.30","1,216.34","1,230.01","1,207.91","","-0.76%"
"Jul 14, 2008","1,222.59","1,211.20","1,246.69","1,198.49","","+0.61%"
"Jul 11, 2008","1,215.15","1,214.85","1,231.82","1,208.95","","+0.90%"
"Jul 10, 2008","1,204.29","1,202.93","1,210.31","1,194.44","","-1.23%"
"Jul 09, 2008","1,219.25","1,233.28","1,248.39","1,218.84","","-1.07%"
"Jul 08, 2008","1,232.48","1,263.40","1,263.64","1,227.51","","-3.19%"
"Jul 07, 2008","1,273.12","1,273.96","1,281.70","1,269.70","","-0.57%"
"Jul 04, 2008","1,280.46","1,291.82","1,294.68","1,271.12","","-0.22%"
"Jul 03, 2008","1,283.28","1,305.71","1,305.71","1,265.61","","-2.97%"
"Jul 02, 2008","1,322.50","1,347.24","1,349.03","1,313.65","","-1.47%"
"Jul 01, 2008","1,342.19","1,322.44","1,349.22","1,322.44","","+2.40%"
"Jun 30, 2008","1,310.78","1,303.13","1,317.56","1,299.83","","+1.74%"
"Jun 27, 2008","1,288.39","1,282.73","1,290.69","1,268.89","","-1.03%"
"Jun 26, 2008","1,301.76","1,324.86","1,332.22","1,298.36","","-1.89%"
"Jun 25, 2008","1,326.84","1,320.34","1,327.79","1,304.91","","+0.25%"
"Jun 24, 2008","1,323.51","1,308.68","1,332.68","1,307.28","","+1.11%"
"Jun 23, 2008","1,309.02","1,307.61","1,314.08","1,285.56","","-1.22%"
"Jun 20, 2008","1,325.15","1,346.62","1,350.28","1,314.11","","-1.59%"
"Jun 19, 2008","1,346.56","1,365.85","1,367.58","1,338.21","","-2.05%"
"Jun 18, 2008","1,374.80","1,364.90","1,377.56","1,363.76","","+0.46%"
"Jun 17, 2008","1,368.52","1,376.46","1,377.53","1,363.20","","-0.10%"
"Jun 16, 2008","1,369.88","1,337.62","1,371.64","1,334.33","","+3.74%"
"Jun 13, 2008","1,320.43","1,312.64","1,339.96","1,309.66","","+0.89%"
"Jun 12, 2008","1,308.82","1,314.85","1,316.39","1,299.61","","-1.59%"
"Jun 11, 2008","1,329.97","1,348.80","1,349.11","1,315.13","","-0.66%"
"Jun 10, 2008","1,338.79","1,366.77","1,372.84","1,336.92","","-1.87%"
"Jun 09, 2008","1,364.33","1,365.67","1,383.51","1,361.23","","-1.00%"
"Jun 06, 2008","1,378.07","1,377.97","1,398.10","1,377.51","","+1.38%"
"Jun 05, 2008","1,359.33","1,376.89","1,376.95","1,353.10","","-1.99%"
"Jun 04, 2008","1,386.90","1,391.45","1,391.75","1,377.92","","-0.57%"
"Jun 03, 2008","1,394.91","1,398.78","1,409.80","1,385.86","","-0.68%"
"Jun 02, 2008","1,404.42","1,404.94","1,414.46","1,398.02","","+1.02%"
"May 30, 2008","1,390.30","1,374.43","1,397.29","1,369.67","","+0.54%"
"May 29, 2008","1,382.89","1,378.26","1,386.75","1,366.41","","+1.12%"
"May 28, 2008","1,367.59","1,393.20","1,394.58","1,366.58","","-2.97%"
"May 27, 2008","1,409.46","1,382.30","1,411.60","1,380.75","","+2.78%"
"May 26, 2008","1,371.37","1,393.02","1,412.30","1,368.48","","-2.60%"
"May 23, 2008","1,407.91","1,443.11","1,449.29","1,407.91","","-3.26%"
"May 22, 2008","1,455.37","1,407.47","1,455.37","1,385.59","","+1.98%"
"May 21, 2008","1,427.11","1,437.16","1,437.79","1,407.44","","-1.90%"
"May 20, 2008","1,454.75","1,441.68","1,461.27","1,436.42","","+1.05%"
"May 19, 2008","1,439.70","1,413.45","1,457.57","1,413.45","","+3.04%"
"May 16, 2008","1,397.23","1,367.33","1,400.33","1,365.87","","+3.23%"
"May 15, 2008","1,353.52","1,341.59","1,363.67","1,340.55","","+1.11%"
"May 14, 2008","1,338.71","1,329.55","1,340.34","1,317.72","","+1.00%"
"May 13, 2008","1,325.49","1,325.52","1,330.66","1,307.05","","+0.52%"
"May 12, 2008","1,318.66","1,316.59","1,323.79","1,302.95","","-0.81%"
"May 09, 2008","1,329.38","1,341.60","1,346.13","1,328.43","","-0.61%"
"May 08, 2008","1,337.55","1,345.07","1,347.27","1,333.02","","+0.03%"
"May 07, 2008","1,337.16","1,294.92","1,337.74","1,294.92","","+4.66%"
"May 02, 2008","1,277.67","1,288.71","1,292.37","1,269.45","","+0.30%"
"May 01, 2008","1,273.85","1,279.57","1,307.64","1,265.37","","-0.56%"
"Apr 30, 2008","1,281.05","1,311.61","1,323.73","1,276.82","","-3.00%"
"Apr 28, 2008","1,320.69","1,338.78","1,340.07","1,301.62","","-0.48%"
"Apr 25, 2008","1,327.02","1,318.74","1,337.11","1,316.10","","-0.17%"
"Apr 24, 2008","1,329.31","1,344.30","1,347.75","1,323.29","","-0.38%"
"Apr 23, 2008","1,334.42","1,301.29","1,343.83","1,300.43","","+3.17%"
"Apr 22, 2008","1,293.46","1,294.30","1,306.70","1,288.86","","-1.10%"
"Apr 21, 2008","1,307.81","1,296.32","1,316.35","1,296.32","","+1.79%"
"Apr 18, 2008","1,284.81","1,288.79","1,291.43","1,264.79","","-0.80%"
"Apr 17, 2008","1,295.17","1,310.13","1,319.79","1,291.95","","+0.24%"
"Apr 16, 2008","1,292.08","1,311.73","1,314.45","1,290.02","","-0.49%"
"Apr 15, 2008","1,298.43","1,284.58","1,304.57","1,284.25","","+2.23%"
"Apr 14, 2008","1,270.16","1,269.49","1,277.96","1,256.80","","-1.36%"
"Apr 11, 2008","1,287.68","1,257.79","1,287.68","1,254.51","","+2.99%"
"Apr 10, 2008","1,250.32","1,232.33","1,263.80","1,225.46","","+0.79%"
"Apr 09, 2008","1,240.48","1,253.07","1,260.44","1,225.26","","-0.75%"
"Apr 08, 2008","1,249.83","1,256.18","1,266.02","1,242.55","","-0.86%"
"Apr 07, 2008","1,260.73","1,223.80","1,263.80","1,223.46","","+4.13%"
"Apr 04, 2008","1,210.68","1,198.48","1,224.07","1,197.71","","+1.30%"
"Apr 03, 2008","1,195.11","1,176.68","1,196.09","1,173.46","","+2.68%"
"Apr 02, 2008","1,163.87","1,168.97","1,184.15","1,157.70","","+0.97%"
"Apr 01, 2008","1,152.64","1,157.87","1,163.72","1,141.75","","-0.14%"
"Mar 31, 2008","1,154.20","1,167.59","1,171.11","1,142.31","","-2.50%"
"Mar 28, 2008","1,183.79","1,156.15","1,191.02","1,146.05","","+3.15%"
"Mar 27, 2008","1,147.61","1,151.16","1,162.47","1,135.04","","-0.83%"
"Mar 26, 2008","1,157.27","1,131.12","1,161.23","1,131.12","","+2.37%"
"Mar 25, 2008","1,130.50","1,107.18","1,134.70","1,106.57","","+3.49%"
"Mar 24, 2008","1,092.36","1,099.30","1,117.83","1,092.36","","-0.40%"
"Mar 21, 2008","1,096.80","1,132.86","1,133.72","1,081.60","","-4.15%"
"Mar 19, 2008","1,144.26","1,149.45","1,184.20","1,129.65","","+1.02%"
"Mar 18, 2008","1,132.67","1,147.68","1,154.89","1,111.91","","-1.85%"
"Mar 17, 2008","1,153.97","1,184.02","1,185.40","1,136.45","","-3.96%"
"Mar 14, 2008","1,201.58","1,242.51","1,249.03","1,181.77","","-2.19%"
"Mar 13, 2008","1,228.46","1,231.19","1,249.91","1,203.68","","-1.31%"
"Mar 12, 2008","1,244.72","1,227.48","1,269.26","1,226.76","","+3.02%"
"Mar 11, 2008","1,208.22","1,189.75","1,212.12","1,163.23","","+0.16%"
"Mar 10, 2008","1,206.34","1,259.73","1,277.07","1,194.44","","-5.08%"
"Mar 07, 2008","1,270.84","1,282.07","1,290.53","1,259.40","","-2.40%"
"Mar 06, 2008","1,302.14","1,285.69","1,317.15","1,284.87","","+2.54%"
"Mar 05, 2008","1,269.91","1,243.05","1,269.91","1,240.30","","+2.68%"
"Mar 04, 2008","1,236.71","1,229.20","1,248.02","1,213.39","","+1.73%"
"Mar 03, 2008","1,215.73","1,259.95","1,260.03","1,215.73","","-4.99%"
"Feb 29, 2008","1,279.53","1,289.22","1,289.22","1,264.09","","-2.05%"
"Feb 28, 2008","1,306.25","1,290.67","1,308.49","1,282.00","","+0.03%"
"Feb 27, 2008","1,305.89","1,329.63","1,333.64","1,298.18","","-0.45%"
"Feb 26, 2008","1,311.82","1,331.94","1,335.05","1,311.33","","-0.16%"
"Feb 25, 2008","1,313.98","1,305.64","1,318.46","1,295.33","","+1.69%"
"Feb 22, 2008","1,292.13","1,268.03","1,300.83","1,260.98","","+0.71%"
"Feb 21, 2008","1,283.08","1,258.03","1,291.29","1,257.87","","+3.49%"
"Feb 20, 2008","1,239.83","1,302.01","1,302.80","1,239.83","","-3.78%"
"Feb 19, 2008","1,288.49","1,260.76","1,298.65","1,260.76","","+3.61%"
"Feb 18, 2008","1,243.59","1,267.84","1,288.05","1,243.59","","-2.08%"
"Feb 15, 2008","1,269.96","1,235.03","1,274.38","1,222.33","","+2.76%"
"Feb 14, 2008","1,235.89","1,210.55","1,237.77","1,210.55","","+3.69%"
"Feb 13, 2008","1,191.90","1,196.16","1,216.61","1,190.79","","+1.04%"
"Feb 12, 2008","1,179.65","1,165.71","1,189.36","1,165.71","","+1.56%"
"Feb 08, 2008","1,161.57","1,180.94","1,200.43","1,156.05","","-1.98%"
"Feb 07, 2008","1,185.02","1,153.72","1,190.99","1,144.18","","+2.54%"
"Feb 06, 2008","1,155.62","1,199.44","1,199.62","1,153.51","","-5.17%"
"Feb 05, 2008","1,218.63","1,202.60","1,226.34","1,198.08","","+1.33%"
"Feb 04, 2008","1,202.60","1,168.14","1,208.24","1,168.10","","+4.41%"
"Feb 01, 2008","1,151.82","1,165.73","1,181.66","1,143.42","","-1.11%"
"Jan 31, 2008","1,164.78","1,129.06","1,174.78","1,114.88","","+1.87%"
"Jan 30, 2008","1,143.36","1,157.66","1,186.70","1,132.74","","-0.84%"
"Jan 29, 2008","1,153.01","1,109.92","1,157.70","1,109.88","","+5.34%"
"Jan 28, 2008","1,094.52","1,121.31","1,127.07","1,087.82","","-3.56%"
"Jan 25, 2008","1,134.89","1,081.70","1,137.59","1,081.70","","+6.44%"
"Jan 24, 2008","1,066.22","1,031.86","1,066.22","1,031.86","","+4.73%"
"Jan 23, 2008","1,018.07","985.01","1,029.82","985.01","","+5.00%"
"Jan 22, 2008","969.57","1,041.85","1,041.87","968.31","","-8.26%"
"Jan 21, 2008","1,056.92","1,094.89","1,095.17","1,053.01","","-4.73%"
"Jan 18, 2008","1,109.44","1,084.27","1,113.73","1,057.22","","+0.84%"
"Jan 17, 2008","1,100.17","1,087.65","1,107.18","1,061.30","","+2.33%"
"Jan 16, 2008","1,075.08","1,136.22","1,136.36","1,072.46","","-6.75%"
"Jan 15, 2008","1,152.89","1,185.17","1,194.72","1,149.16","","-2.96%"
"Jan 11, 2008","1,188.09","1,233.55","1,238.09","1,182.94","","-3.26%"
"Jan 10, 2008","1,228.17","1,255.04","1,259.50","1,228.17","","-2.80%"
"Jan 09, 2008","1,263.60","1,210.03","1,263.71","1,204.00","","+3.05%"
"Jan 08, 2008","1,226.26","1,199.22","1,227.21","1,190.26","","+1.41%"
"Jan 07, 2008","1,209.22","1,219.39","1,226.10","1,199.12","","-2.11%"
"Jan 04, 2008","1,235.34","1,269.03","1,269.49","1,223.44","","-3.67%"
"Dec 28, 2007","1,282.34","1,286.00","1,288.87","1,276.00","","-1.43%"
"Dec 27, 2007","1,300.97","1,318.12","1,318.75","1,297.56","","-1.52%"
"Dec 26, 2007","1,321.08","1,312.91","1,321.29","1,303.46","","+0.69%"
"Dec 25, 2007","1,311.99","1,289.94","1,311.99","1,289.92","","+3.25%"
"Dec 21, 2007","1,270.65","1,261.90","1,272.88","1,242.26","","+0.97%"
"Dec 20, 2007","1,258.50","1,272.49","1,277.72","1,253.81","","+0.20%"
"Dec 19, 2007","1,255.93","1,267.99","1,292.52","1,254.88","","-0.47%"
"Dec 18, 2007","1,261.80","1,246.50","1,278.07","1,227.34","","-0.21%"
"Dec 17, 2007","1,264.45","1,289.93","1,311.99","1,257.34","","-2.15%"
"Dec 14, 2007","1,292.18","1,331.63","1,347.45","1,287.37","","-2.53%"
"Dec 13, 2007","1,325.69","1,358.89","1,371.11","1,323.30","","-2.82%"
"Dec 12, 2007","1,364.12","1,332.22","1,366.25","1,323.16","","+0.80%"
"Dec 11, 2007","1,353.29","1,326.86","1,355.31","1,326.86","","+2.97%"
"Dec 10, 2007","1,314.29","1,329.35","1,330.79","1,303.87","","-0.21%"
"Dec 07, 2007","1,317.11","1,296.29","1,332.46","1,296.29","","+2.99%"
"Dec 06, 2007","1,278.87","1,281.73","1,295.94","1,262.23","","+1.15%"
"Dec 05, 2007","1,264.30","1,264.89","1,281.24","1,245.91","","-0.97%"
"Dec 04, 2007","1,276.63","1,325.64","1,337.68","1,271.36","","-3.66%"
"Dec 03, 2007","1,325.11","1,358.13","1,359.32","1,317.08","","-1.35%"
"Nov 30, 2007","1,343.21","1,289.03","1,343.21","1,289.03","","+3.94%"
"Nov 29, 2007","1,292.35","1,261.18","1,294.20","1,261.18","","+3.95%"
"Nov 28, 2007","1,243.21","1,267.18","1,283.49","1,239.74","","-1.34%"
"Nov 27, 2007","1,260.14","1,259.49","1,275.72","1,229.54","","-1.40%"
"Nov 26, 2007","1,278.07","1,268.35","1,290.52","1,250.53","","+1.40%"
"Nov 22, 2007","1,260.38","1,220.51","1,270.14","1,219.29","","+1.89%"
"Nov 21, 2007","1,237.00","1,266.02","1,281.58","1,234.43","","-3.38%"
"Nov 20, 2007","1,280.30","1,231.74","1,281.35","1,195.77","","+2.39%"
"Nov 19, 2007","1,250.45","1,312.80","1,322.23","1,249.47","","-4.50%"
"Nov 16, 2007","1,309.34","1,344.41","1,344.56","1,300.07","","-4.00%"
"Nov 15, 2007","1,363.84","1,354.52","1,388.27","1,351.00","","+1.29%"
"Nov 14, 2007","1,346.48","1,332.46","1,358.24","1,331.82","","+2.55%"
"Nov 13, 2007","1,313.00","1,338.96","1,340.29","1,303.76","","-3.09%"
"Nov 12, 2007","1,354.92","1,379.17","1,379.30","1,329.28","","-3.14%"
"Nov 09, 2007","1,398.91","1,398.95","1,428.68","1,394.56","","+0.63%"
"Nov 08, 2007","1,390.12","1,422.99","1,424.12","1,368.11","","-3.69%"
"Nov 07, 2007","1,443.33","1,454.54","1,472.37","1,443.25","","+0.31%"
"Nov 06, 2007","1,438.86","1,407.74","1,468.30","1,402.05","","+0.79%"
"Nov 05, 2007","1,427.59","1,498.18","1,502.39","1,425.50","","-5.19%"
"Nov 02, 2007","1,505.69","1,516.43","1,526.64","1,491.74","","-2.06%"
"Nov 01, 2007","1,537.31","1,538.61","1,552.84","1,531.50","","+0.92%"
"Oct 31, 2007","1,523.36","1,544.33","1,544.37","1,508.55","","-2.16%"
"Oct 30, 2007","1,556.98","1,560.67","1,569.09","1,541.77","","-0.50%"
"Oct 29, 2007","1,564.77","1,548.62","1,580.86","1,548.62","","+2.26%"
"Oct 26, 2007","1,530.16","1,496.56","1,532.14","1,496.56","","+3.36%"
"Oct 25, 2007","1,480.45","1,522.06","1,538.21","1,474.97","","-2.25%"
"Oct 24, 2007","1,514.48","1,516.69","1,546.62","1,513.05","","+0.80%"
"Oct 23, 2007","1,502.52","1,509.65","1,520.63","1,493.26","","+0.12%"
"Oct 22, 2007","1,500.79","1,523.90","1,523.90","1,479.69","","-2.99%"
"Oct 19, 2007","1,547.00","1,592.93","1,594.53","1,540.56","","-2.45%"
"Oct 18, 2007","1,585.89","1,559.41","1,588.63","1,558.99","","+2.60%"
"Oct 17, 2007","1,545.73","1,566.79","1,577.63","1,516.81","","-0.69%"
"Oct 16, 2007","1,556.43","1,579.97","1,587.94","1,556.43","","-1.49%"
"Oct 15, 2007","1,580.05","1,591.39","1,597.88","1,574.90","","+0.35%"
"Oct 12, 2007","1,574.54","1,581.84","1,596.44","1,563.96","","-0.39%"
"Oct 11, 2007","1,580.74","1,535.04","1,585.95","1,533.58","","+3.47%"
"Oct 10, 2007","1,527.70","1,533.38","1,543.26","1,522.39","","+0.66%"
"Oct 09, 2007","1,517.63","1,521.80","1,531.62","1,513.26","","-0.41%"
"Oct 05, 2007","1,523.87","1,519.36","1,541.74","1,517.48","","+0.25%"
"Oct 04, 2007","1,520.14","1,552.77","1,559.67","1,516.40","","-2.93%"
"Oct 03, 2007","1,566.07","1,536.93","1,566.30","1,535.77","","+1.28%"
"Oct 02, 2007","1,546.28","1,548.72","1,553.82","1,542.49","","+0.91%"
"Oct 01, 2007","1,532.28","1,537.50","1,544.89","1,518.08","","-0.52%"
"Sep 28, 2007","1,540.28","1,544.14","1,548.30","1,531.91","","-0.21%"
"Sep 27, 2007","1,543.46","1,535.58","1,549.30","1,523.14","","+1.53%"
"Sep 26, 2007","1,520.26","1,528.27","1,529.71","1,509.45","","-0.90%"
"Sep 25, 2007","1,534.07","1,491.55","1,534.07","1,480.61","","+2.84%"
"Sep 21, 2007","1,491.75","1,477.66","1,498.07","1,471.81","","+0.65%"
"Sep 20, 2007","1,482.18","1,471.44","1,488.75","1,465.37","","+1.81%"
"Sep 19, 2007","1,455.83","1,406.15","1,455.97","1,406.09","","+5.04%"
"Sep 18, 2007","1,385.97","1,402.21","1,406.48","1,384.89","","-1.93%"
"Sep 14, 2007","1,413.28","1,415.41","1,422.25","1,400.36","","+0.49%"
"Sep 13, 2007","1,406.43","1,399.05","1,416.54","1,395.93","","+1.82%"
"Sep 12, 2007","1,381.35","1,395.87","1,415.72","1,374.34","","+0.14%"
"Sep 11, 2007","1,379.39","1,360.00","1,388.99","1,336.99","","+1.42%"
"Sep 10, 2007","1,360.12","1,366.71","1,368.92","1,335.27","","-1.99%"
"Sep 07, 2007","1,387.75","1,384.98","1,409.47","1,377.18","","-0.27%"
"Sep 06, 2007","1,391.46","1,353.56","1,391.55","1,339.65","","+1.60%"
"Sep 05, 2007","1,369.58","1,412.12","1,418.55","1,363.96","","-1.96%"
"Sep 04, 2007","1,396.99","1,410.83","1,412.97","1,393.47","","-1.44%"
"Sep 03, 2007","1,417.38","1,408.96","1,430.96","1,406.47","","+0.11%"
"Aug 31, 2007","1,415.81","1,364.41","1,415.81","1,362.12","","+4.77%"
"Aug 30, 2007","1,351.31","1,346.07","1,368.92","1,343.92","","+1.77%"
"Aug 29, 2007","1,327.78","1,326.42","1,327.78","1,297.56","","-1.42%"
"Aug 28, 2007","1,346.84","1,338.51","1,364.17","1,337.21","","-0.25%"
"Aug 27, 2007","1,350.17","1,390.48","1,399.88","1,345.85","","-1.43%"
"Aug 24, 2007","1,369.82","1,370.46","1,374.92","1,357.78","","-1.03%"
"Aug 23, 2007","1,384.01","1,335.14","1,384.50","1,335.13","","+5.09%"
"Aug 22, 2007","1,317.03","1,327.78","1,330.47","1,305.65","","-1.50%"
"Aug 21, 2007","1,337.08","1,298.17","1,351.08","1,297.05","","+3.88%"
"Aug 20, 2007","1,287.19","1,243.60","1,313.26","1,243.60","","+5.05%"
"Aug 17, 2007","1,225.26","1,331.53","1,332.88","1,221.85","","-9.02%"
"Aug 16, 2007","1,346.70","1,352.19","1,352.19","1,297.27","","-1.76%"
"Aug 15, 2007","1,370.79","1,396.48","1,396.48","1,367.56","","-3.29%"
"Aug 14, 2007","1,417.48","1,385.03","1,420.66","1,379.95","","+3.56%"
"Aug 13, 2007","1,368.74","1,370.01","1,406.46","1,366.00","","+1.23%"
"Aug 10, 2007","1,352.10","1,416.71","1,416.83","1,330.97","","-5.94%"
"Aug 09, 2007","1,437.48","1,443.20","1,465.57","1,405.69","","+0.78%"
"Aug 08, 2007","1,426.40","1,459.99","1,480.90","1,419.47","","-2.86%"
"Aug 07, 2007","1,468.35","1,524.80","1,524.88","1,467.97","","-3.41%"
"Aug 06, 2007","1,520.17","1,520.53","1,524.85","1,500.95","","-1.41%"
"Aug 03, 2007","1,541.91","1,535.24","1,551.57","1,530.81","","+1.61%"
"Aug 02, 2007","1,517.50","1,538.08","1,552.39","1,477.72","","-0.30%"
"Aug 01, 2007","1,522.04","1,577.98","1,582.64","1,516.63","","-4.49%"
"Jul 31, 2007","1,593.62","1,581.48","1,596.57","1,563.80","","+2.08%"
"Jul 30, 2007","1,561.08","1,514.31","1,563.35","1,509.20","","+1.91%"
"Jul 27, 2007","1,531.77","1,546.27","1,556.71","1,507.03","","-2.30%"
"Jul 26, 2007","1,567.77","1,586.62","1,592.76","1,563.39","","-2.19%"
"Jul 25, 2007","1,602.94","1,591.26","1,603.68","1,580.00","","-0.60%"
"Jul 24, 2007","1,612.56","1,638.99","1,647.39","1,606.34","","-0.66%"
"Jul 23, 2007","1,623.22","1,611.65","1,626.74","1,609.13","","-0.53%"
"Jul 20, 2007","1,631.83","1,616.87","1,635.38","1,614.02","","+1.54%"
"Jul 19, 2007","1,607.16","1,622.30","1,626.49","1,595.50","","-0.28%"
"Jul 18, 2007","1,611.75","1,635.27","1,635.66","1,605.22","","-1.82%"
"Jul 17, 2007","1,641.56","1,624.20","1,642.95","1,619.94","","+1.69%"
"Jul 13, 2007","1,614.25","1,589.83","1,616.03","1,589.83","","+2.93%"
"Jul 12, 2007","1,568.34","1,582.82","1,596.89","1,560.38","","+0.10%"
"Jul 11, 2007","1,566.85","1,556.68","1,575.92","1,551.23","","-0.28%"
"Jul 10, 2007","1,571.31","1,557.99","1,579.77","1,556.66","","+0.78%"
"Jul 09, 2007","1,559.10","1,547.37","1,561.68","1,544.54","","+1.66%"
"Jul 06, 2007","1,533.60","1,524.99","1,538.02","1,520.60","","+0.72%"
"Jul 05, 2007","1,522.70","1,523.66","1,537.67","1,519.88","","-0.05%"
"Jul 04, 2007","1,523.40","1,526.03","1,531.93","1,520.31","","+0.24%"
"Jul 03, 2007","1,519.73","1,532.08","1,534.42","1,512.97","","-0.37%"
"Jul 02, 2007","1,525.34","1,505.78","1,530.18","1,500.81","","+1.62%"
"Jun 29, 2007","1,501.03","1,479.41","1,506.48","1,472.65","","+2.04%"
"Jun 28, 2007","1,471.09","1,470.88","1,476.23","1,451.83","","+0.16%"
"Jun 27, 2007","1,468.68","1,500.50","1,501.29","1,466.89","","-2.39%"
"Jun 26, 2007","1,504.68","1,511.45","1,516.10","1,497.66","","-1.27%"
"Jun 25, 2007","1,524.09","1,540.74","1,545.65","1,520.88","","-1.84%"
"Jun 22, 2007","1,552.69","1,543.77","1,552.76","1,529.70","","+0.03%"
"Jun 21, 2007","1,552.24","1,501.86","1,557.07","1,501.62","","+2.50%"
"Jun 20, 2007","1,514.36","1,521.53","1,532.01","1,514.36","","+0.12%"
"Jun 19, 2007","1,512.55","1,519.23","1,531.46","1,510.59","","-0.92%"
"Jun 18, 2007","1,526.54","1,540.72","1,548.06","1,523.25","","+0.04%"
"Jun 15, 2007","1,525.98","1,500.41","1,526.83","1,496.17","","+2.81%"
"Jun 14, 2007","1,484.21","1,486.73","1,500.19","1,481.99","","+0.85%"
"Jun 13, 2007","1,471.70","1,469.88","1,477.14","1,455.33","","-1.14%"
"Jun 12, 2007","1,488.63","1,493.51","1,502.94","1,479.01","","+0.47%"
"Jun 11, 2007","1,481.61","1,505.39","1,515.48","1,466.87","","-0.57%"
"Jun 08, 2007","1,490.13","1,512.44","1,513.36","1,481.43","","-2.48%"
"Jun 07, 2007","1,528.06","1,493.93","1,532.31","1,491.76","","+1.02%"
"Jun 06, 2007","1,512.62","1,474.71","1,514.71","1,474.71","","+2.86%"
"Jun 05, 2007","1,470.55","1,479.58","1,485.62","1,463.00","","+0.06%"
"Jun 04, 2007","1,469.60","1,475.77","1,491.19","1,468.40","","+0.50%"
"Jun 01, 2007","1,462.28","1,442.45","1,468.36","1,439.73","","+2.50%"
"May 31, 2007","1,426.67","1,407.96","1,426.67","1,406.58","","+2.55%"
"May 30, 2007","1,391.15","1,396.68","1,408.83","1,387.96","","+0.02%"
"May 29, 2007","1,390.86","1,373.37","1,393.28","1,370.84","","+0.68%"
"May 28, 2007","1,381.51","1,380.13","1,386.32","1,374.71","","+1.14%"
"May 25, 2007","1,365.96","1,373.67","1,373.67","1,352.52","","-1.75%"
"May 24, 2007","1,390.24","1,372.40","1,397.76","1,372.40","","+1.26%"
"May 23, 2007","1,372.89","1,389.92","1,391.89","1,369.92","","-1.69%"
"May 22, 2007","1,396.56","1,373.42","1,398.41","1,362.80","","+1.74%"
"May 21, 2007","1,372.69","1,351.03","1,376.47","1,350.29","","+1.95%"
"May 18, 2007","1,346.38","1,366.38","1,366.54","1,336.61","","-1.13%"
"May 17, 2007","1,361.73","1,380.97","1,384.37","1,356.76","","-1.31%"
"May 16, 2007","1,379.80","1,382.27","1,393.37","1,364.27","","+0.27%"
"May 15, 2007","1,376.14","1,392.25","1,393.23","1,368.09","","-1.96%"
"May 14, 2007","1,403.62","1,410.75","1,426.58","1,401.58","","+0.72%"
"May 11, 2007","1,393.63","1,400.62","1,400.62","1,380.50","","-1.45%"
"May 10, 2007","1,414.10","1,424.23","1,434.74","1,409.56","","-0.42%"
"May 09, 2007","1,420.07","1,372.83","1,420.42","1,372.26","","+3.10%"
"May 08, 2007","1,377.34","1,382.84","1,384.27","1,372.50","","-0.53%"
"May 07, 2007","1,384.65","1,363.14","1,389.38","1,363.03","","+2.93%"
"May 02, 2007","1,345.25","1,320.41","1,347.92","1,319.45","","+2.34%"
"May 01, 2007","1,314.51","1,330.49","1,335.76","1,314.51","","-0.01%"
"Apr 27, 2007","1,314.65","1,307.59","1,327.55","1,306.07","","+1.04%"
"Apr 26, 2007","1,301.18","1,279.43","1,301.89","1,274.34","","+2.07%"
"Apr 25, 2007","1,274.74","1,290.81","1,290.81","1,270.10","","-1.56%"
"Apr 24, 2007","1,294.95","1,289.13","1,298.11","1,280.41","","-0.21%"
"Apr 23, 2007","1,297.68","1,309.02","1,318.23","1,292.65","","-0.21%"
"Apr 20, 2007","1,300.45","1,309.58","1,309.58","1,294.45","","-0.94%"
"Apr 19, 2007","1,312.81","1,329.45","1,332.32","1,306.37","","-1.64%"
"Apr 18, 2007","1,334.66","1,325.28","1,337.32","1,324.01","","+0.82%"
"Apr 17, 2007","1,323.83","1,327.30","1,335.02","1,314.49","","+0.39%"
"Apr 16, 2007","1,318.71","1,310.26","1,324.16","1,309.41","","+1.44%"
"Apr 13, 2007","1,299.94","1,330.72","1,331.58","1,297.77","","-1.96%"
"Apr 12, 2007","1,325.90","1,327.22","1,327.70","1,319.38","","-0.67%"
"Apr 11, 2007","1,334.82","1,337.39","1,341.74","1,330.82","","+0.25%"
"Apr 10, 2007","1,331.48","1,322.13","1,339.32","1,321.19","","+0.10%"
"Apr 09, 2007","1,330.18","1,322.66","1,334.90","1,316.78","","+0.85%"
"Apr 06, 2007","1,318.91","1,326.12","1,328.87","1,312.94","","-0.78%"
"Apr 05, 2007","1,329.30","1,339.84","1,340.09","1,320.71","","-1.21%"
"Apr 04, 2007","1,345.52","1,340.60","1,349.10","1,332.56","","+1.45%"
"Apr 03, 2007","1,326.31","1,319.14","1,331.48","1,315.53","","+1.68%"
"Apr 02, 2007","1,304.46","1,354.47","1,360.02","1,304.46","","-3.30%"
"Mar 30, 2007","1,348.94","1,362.20","1,363.63","1,347.70","","-0.33%"
"Mar 29, 2007","1,353.43","1,337.55","1,357.97","1,326.40","","+0.34%"
"Mar 28, 2007","1,348.88","1,352.39","1,364.69","1,339.24","","-0.18%"
"Mar 27, 2007","1,351.34","1,343.27","1,368.27","1,343.27","","-0.50%"
"Mar 26, 2007","1,358.10","1,366.69","1,366.91","1,352.58","","-0.43%"
"Mar 23, 2007","1,363.91","1,364.85","1,371.91","1,354.93","","+0.54%"
"Mar 22, 2007","1,356.56","1,346.40","1,360.72","1,346.40","","+2.27%"
"Mar 20, 2007","1,326.47","1,333.69","1,336.50","1,324.28","","+0.10%"
"Mar 19, 2007","1,325.09","1,298.96","1,326.67","1,297.96","","+1.54%"
"Mar 16, 2007","1,305.05","1,319.59","1,329.17","1,293.90","","-1.44%"
"Mar 15, 2007","1,324.06","1,316.15","1,335.39","1,312.75","","+1.64%"
"Mar 14, 2007","1,302.75","1,336.24","1,336.24","1,296.64","","-3.96%"
"Mar 13, 2007","1,356.43","1,370.85","1,370.85","1,355.89","","-1.27%"
"Mar 12, 2007","1,373.89","1,360.56","1,375.05","1,360.43","","+2.44%"
"Mar 09, 2007","1,341.23","1,351.25","1,352.61","1,338.23","","-0.14%"
"Mar 08, 2007","1,343.10","1,302.39","1,343.10","1,296.12","","+2.82%"
"Mar 07, 2007","1,306.23","1,320.36","1,334.55","1,301.35","","+0.45%"
"Mar 06, 2007","1,300.33","1,266.19","1,310.30","1,266.19","","+2.97%"
"Mar 05, 2007","1,262.84","1,308.00","1,308.48","1,254.07","","-4.93%"
"Mar 02, 2007","1,328.38","1,346.86","1,346.86","1,326.36","","-2.08%"
"Mar 01, 2007","1,356.63","1,358.06","1,359.61","1,336.46","","-0.12%"
"Feb 28, 2007","1,358.31","1,378.83","1,378.90","1,293.85","","-3.07%"
"Feb 27, 2007","1,401.26","1,430.56","1,431.72","1,394.05","","-1.90%"
"Feb 26, 2007","1,428.46","1,401.60","1,438.04","1,401.60","","+2.47%"
"Feb 23, 2007","1,394.00","1,373.05","1,398.47","1,369.60","","+2.15%"
"Feb 22, 2007","1,364.64","1,348.81","1,365.00","1,347.76","","+2.37%"
"Feb 21, 2007","1,333.11","1,326.70","1,346.57","1,326.55","","+0.33%"
"Feb 20, 2007","1,328.72","1,324.06","1,331.31","1,308.83","","+0.57%"
"Feb 19, 2007","1,321.22","1,300.77","1,324.59","1,299.27","","+1.14%"
"Feb 16, 2007","1,306.28","1,316.79","1,321.57","1,296.08","","-1.89%"
"Feb 15, 2007","1,331.42","1,339.23","1,340.96","1,317.30","","-0.01%"
"Feb 14, 2007","1,331.61","1,332.21","1,341.89","1,318.00","","+0.47%"
"Feb 13, 2007","1,325.34","1,288.84","1,328.15","1,287.64","","+2.94%"
"Feb 09, 2007","1,287.54","1,263.35","1,292.93","1,260.62","","+2.38%"
"Feb 08, 2007","1,257.64","1,276.45","1,279.91","1,250.36","","-1.38%"
"Feb 07, 2007","1,275.28","1,274.16","1,275.98","1,263.71","","-0.17%"
"Feb 06, 2007","1,277.44","1,257.57","1,278.55","1,257.36","","+1.93%"
"Feb 05, 2007","1,253.29","1,271.92","1,271.98","1,251.70","","-1.77%"
"Feb 02, 2007","1,275.87","1,273.36","1,282.82","1,269.61","","+0.36%"
"Feb 01, 2007","1,271.35","1,254.61","1,271.88","1,251.53","","+1.61%"
"Jan 31, 2007","1,251.26","1,254.02","1,255.66","1,241.78","","+0.42%"
"Jan 30, 2007","1,246.01","1,265.37","1,268.71","1,242.01","","-0.97%"
"Jan 29, 2007","1,258.26","1,238.67","1,262.42","1,238.67","","+1.71%"
"Jan 26, 2007","1,237.10","1,224.10","1,238.22","1,219.68","","+0.02%"
"Jan 25, 2007","1,236.80","1,246.48","1,249.16","1,235.40","","+0.10%"
"Jan 24, 2007","1,235.56","1,229.44","1,240.65","1,229.44","","+1.55%"
"Jan 23, 2007","1,216.67","1,200.69","1,218.85","1,200.22","","+1.22%"
"Jan 22, 2007","1,202.01","1,198.42","1,206.53","1,198.24","","+1.50%"
"Jan 19, 2007","1,184.26","1,179.98","1,184.95","1,177.39","","+0.39%"
"Jan 18, 2007","1,179.71","1,160.60","1,183.90","1,158.57","","+2.09%"
"Jan 17, 2007","1,155.57","1,156.53","1,160.33","1,145.82","","-0.49%"
"Jan 16, 2007","1,161.26","1,159.60","1,162.29","1,155.91","","+0.39%"
"Jan 15, 2007","1,156.70","1,155.45","1,158.89","1,152.72","","+0.73%"
"Jan 12, 2007","1,148.36","1,145.54","1,155.46","1,143.32","","+1.03%"
"Jan 11, 2007","1,136.62","1,141.14","1,146.24","1,133.23","","+0.12%"
"Jan 10, 2007","1,135.21","1,154.21","1,154.46","1,129.74","","-1.53%"
"Jan 09, 2007","1,152.80","1,146.05","1,155.73","1,143.76","","+0.10%"
"Jan 05, 2007","1,151.69","1,168.15","1,168.35","1,148.60","","-2.34%"
"Jan 04, 2007","1,179.25","1,185.61","1,185.61","1,176.23","","-0.40%"
"Dec 29, 2006","1,183.98","1,184.28","1,189.59","1,183.34","","+0.21%"
"Dec 28, 2006","1,181.44","1,183.14","1,183.68","1,174.59","","+0.35%"
"Dec 27, 2006","1,177.34","1,181.49","1,187.95","1,176.39","","-0.03%"
"Dec 26, 2006","1,177.72","1,158.29","1,177.87","1,153.70","","+1.35%"
"Dec 25, 2006","1,161.98","1,169.92","1,170.19","1,158.56","","-0.69%"
"Dec 22, 2006","1,170.10","1,174.68","1,175.20","1,167.60","","-0.53%"
"Dec 21, 2006","1,176.31","1,176.16","1,180.20","1,173.75","","-0.03%"
"Dec 20, 2006","1,176.62","1,170.53","1,176.62","1,166.64","","+0.73%"
"Dec 19, 2006","1,168.13","1,176.37","1,176.37","1,168.01","","-1.18%"
"Dec 18, 2006","1,182.05","1,173.74","1,182.86","1,173.50","","+1.42%"
"Dec 15, 2006","1,165.54","1,172.63","1,175.11","1,164.70","","-0.26%"
"Dec 14, 2006","1,168.61","1,169.56","1,170.02","1,162.74","","+0.11%"
"Dec 13, 2006","1,167.35","1,159.05","1,167.35","1,157.10","","-0.05%"
"Dec 12, 2006","1,167.95","1,165.12","1,173.30","1,164.49","","+0.61%"
"Dec 11, 2006","1,160.86","1,154.52","1,162.86","1,153.78","","+1.11%"
"Dec 08, 2006","1,148.11","1,154.72","1,156.66","1,146.65","","-1.14%"
"Dec 07, 2006","1,161.40","1,162.53","1,165.61","1,157.64","","+0.01%"
"Dec 06, 2006","1,161.23","1,148.46","1,161.23","1,148.46","","+1.89%"
"Dec 05, 2006","1,139.71","1,137.46","1,144.31","1,137.46","","+0.80%"
"Dec 04, 2006","1,130.71","1,129.60","1,132.24","1,124.81","","+0.42%"
"Dec 01, 2006","1,125.95","1,118.26","1,132.02","1,115.24","","+0.81%"
"Nov 30, 2006","1,116.86","1,104.51","1,116.86","1,103.32","","+2.12%"
"Nov 29, 2006","1,093.72","1,082.52","1,095.06","1,082.52","","+1.70%"
"Nov 28, 2006","1,075.42","1,067.95","1,077.10","1,061.95","","-0.31%"
"Nov 27, 2006","1,078.80","1,055.72","1,080.00","1,055.72","","+1.84%"
"Nov 24, 2006","1,059.26","1,065.59","1,065.59","1,052.35","","-0.59%"
"Nov 22, 2006","1,065.59","1,044.60","1,066.37","1,044.14","","+2.09%"
"Nov 21, 2006","1,043.74","1,054.85","1,055.20","1,041.96","","-0.51%"
"Nov 20, 2006","1,049.11","1,068.11","1,076.07","1,048.68","","-1.95%"
"Nov 17, 2006","1,069.93","1,083.01","1,083.01","1,066.43","","-1.84%"
"Nov 16, 2006","1,089.96","1,098.18","1,105.65","1,089.14","","-0.09%"
"Nov 15, 2006","1,090.93","1,111.74","1,111.74","1,089.95","","-1.55%"
"Nov 14, 2006","1,108.15","1,092.18","1,111.10","1,091.94","","+2.36%"
"Nov 13, 2006","1,082.60","1,095.36","1,095.36","1,079.79","","-2.02%"
"Nov 10, 2006","1,104.94","1,107.56","1,117.52","1,101.15","","-0.37%"
"Nov 09, 2006","1,108.99","1,117.48","1,121.98","1,104.48","","-0.75%"
"Nov 08, 2006","1,117.39","1,132.40","1,135.16","1,116.53","","-1.09%"
"Nov 07, 2006","1,129.73","1,142.07","1,142.55","1,128.66","","-0.14%"
"Nov 06, 2006","1,131.27","1,125.27","1,133.52","1,117.53","","+0.59%"
"Nov 02, 2006","1,124.61","1,118.66","1,124.83","1,116.70","","+0.20%"
"Nov 01, 2006","1,122.32","1,131.17","1,131.17","1,119.77","","-1.08%"
"Oct 31, 2006","1,134.62","1,139.61","1,142.37","1,129.67","","-0.19%"
"Oct 30, 2006","1,136.78","1,153.15","1,159.61","1,131.88","","-1.65%"
"Oct 27, 2006","1,155.90","1,172.30","1,173.03","1,154.27","","-0.87%"
"Oct 26, 2006","1,166.00","1,160.23","1,166.53","1,158.43","","+1.55%"
"Oct 25, 2006","1,148.24","1,162.32","1,165.82","1,146.20","","-0.56%"
"Oct 24, 2006","1,154.70","1,160.10","1,164.15","1,151.86","","+0.31%"
"Oct 23, 2006","1,151.10","1,146.32","1,151.73","1,142.64","","+0.35%"
"Oct 20, 2006","1,147.12","1,131.39","1,149.03","1,130.94","","+1.90%"
"Oct 19, 2006","1,125.76","1,127.73","1,131.23","1,122.06","","+0.48%"
"Oct 18, 2006","1,120.43","1,120.31","1,124.81","1,107.57","","-0.34%"
"Oct 17, 2006","1,124.27","1,126.62","1,127.50","1,121.84","","+0.60%"
"Oct 16, 2006","1,117.52","1,115.12","1,121.15","1,114.68","","+1.28%"
"Oct 13, 2006","1,103.41","1,088.49","1,106.44","1,088.39","","+2.53%"
"Oct 12, 2006","1,076.22","1,081.88","1,083.23","1,072.15","","-0.26%"
"Oct 11, 2006","1,078.98","1,093.62","1,100.16","1,078.98","","-1.03%"
"Oct 10, 2006","1,090.24","1,082.70","1,101.59","1,081.71","","+0.59%"
"Oct 06, 2006","1,083.85","1,086.41","1,090.06","1,081.44","","+0.21%"
"Oct 05, 2006","1,081.61","1,083.54","1,087.36","1,072.94","","+0.96%"
"Oct 04, 2006","1,071.32","1,099.21","1,099.64","1,068.94","","-3.44%"
"Oct 03, 2006","1,109.46","1,118.24","1,118.40","1,105.73","","-1.42%"
"Oct 02, 2006","1,125.41","1,119.05","1,128.82","1,117.25","","+0.75%"
"Sep 29, 2006","1,117.01","1,112.71","1,117.01","1,104.37","","+0.94%"
"Sep 28, 2006","1,106.56","1,099.82","1,109.24","1,098.77","","+1.42%"
"Sep 27, 2006","1,091.12","1,072.72","1,091.36","1,072.28","","+3.00%"
"Sep 26, 2006","1,059.39","1,064.51","1,073.27","1,057.45","","-0.29%"
"Sep 25, 2006","1,062.45","1,059.83","1,069.89","1,053.64","","+0.05%"
"Sep 22, 2006","1,061.88","1,064.33","1,075.04","1,060.74","","-1.11%"
"Sep 21, 2006","1,073.76","1,062.17","1,075.56","1,052.06","","+1.99%"
"Sep 20, 2006","1,052.86","1,059.18","1,059.18","1,046.10","","-1.57%"
"Sep 19, 2006","1,069.63","1,075.11","1,086.37","1,067.56","","-0.94%"
"Sep 15, 2006","1,079.83","1,083.35","1,084.62","1,072.14","","-1.11%"
"Sep 14, 2006","1,091.90","1,083.51","1,096.00","1,081.71","","+1.87%"
"Sep 13, 2006","1,071.89","1,100.10","1,103.29","1,069.64","","-1.56%"
"Sep 12, 2006","1,088.90","1,108.69","1,108.69","1,088.23","","-1.95%"
"Sep 11, 2006","1,110.51","1,136.09","1,136.09","1,109.01","","-2.00%"
"Sep 08, 2006","1,133.15","1,121.39","1,139.43","1,119.06","","+0.62%"
"Sep 07, 2006","1,126.15","1,142.45","1,142.45","1,123.09","","-2.48%"
"Sep 06, 2006","1,154.82","1,161.22","1,166.72","1,152.47","","-0.70%"
"Sep 05, 2006","1,162.91","1,162.85","1,165.39","1,158.05","","+0.42%"
"Sep 04, 2006","1,157.99","1,154.57","1,161.76","1,152.63","","+1.40%"
"Sep 01, 2006","1,142.05","1,144.53","1,145.71","1,136.88","","-0.62%"
"Aug 31, 2006","1,149.19","1,138.00","1,152.54","1,135.14","","+1.25%"
"Aug 30, 2006","1,135.04","1,151.60","1,154.20","1,129.32","","-0.93%"
"Aug 29, 2006","1,145.69","1,139.88","1,147.58","1,138.44","","+1.25%"
"Aug 28, 2006","1,131.57","1,160.12","1,160.12","1,128.83","","-2.55%"
"Aug 25, 2006","1,161.15","1,175.48","1,179.17","1,159.48","","-1.24%"
"Aug 24, 2006","1,175.68","1,184.62","1,187.24","1,172.68","","-1.01%"
"Aug 23, 2006","1,187.70","1,183.45","1,190.87","1,182.02","","+0.25%"
"Aug 22, 2006","1,184.68","1,168.29","1,186.92","1,166.65","","+1.68%"
"Aug 21, 2006","1,165.10","1,179.93","1,183.12","1,164.19","","-1.15%"
"Aug 18, 2006","1,178.62","1,176.23","1,183.17","1,173.89","","+0.36%"
"Aug 17, 2006","1,174.39","1,180.73","1,186.04","1,173.83","","+0.13%"
"Aug 16, 2006","1,172.88","1,170.98","1,174.60","1,169.87","","+1.43%"
"Aug 15, 2006","1,156.35","1,162.19","1,166.30","1,156.35","","-0.55%"
"Aug 14, 2006","1,162.79","1,147.07","1,166.03","1,145.28","","+0.77%"
"Aug 11, 2006","1,153.95","1,164.37","1,164.91","1,150.38","","-1.17%"
"Aug 10, 2006","1,167.59","1,155.55","1,170.17","1,153.93","","+0.70%"
"Aug 09, 2006","1,159.46","1,142.63","1,159.46","1,129.30","","+1.25%"
"Aug 08, 2006","1,145.16","1,128.77","1,145.16","1,128.11","","+2.04%"
"Aug 07, 2006","1,122.29","1,148.43","1,151.21","1,122.29","","-2.70%"
"Aug 04, 2006","1,153.47","1,156.37","1,157.79","1,145.98","","-0.38%"
"Aug 03, 2006","1,157.92","1,163.83","1,165.24","1,151.49","","+0.07%"
"Aug 02, 2006","1,157.15","1,150.59","1,157.15","1,145.60","","+0.05%"
"Aug 01, 2006","1,156.58","1,140.54","1,159.58","1,138.17","","+0.82%"
"Jul 31, 2006","1,147.20","1,145.74","1,155.34","1,145.74","","+1.21%"
"Jul 28, 2006","1,133.53","1,120.48","1,135.65","1,120.30","","+1.97%"
"Jul 27, 2006","1,111.64","1,083.66","1,115.28","1,080.30","","+2.75%"
"Jul 26, 2006","1,081.86","1,099.10","1,102.28","1,081.86","","-0.91%"
"Jul 25, 2006","1,091.80","1,087.45","1,097.53","1,087.43","","+1.84%"
"Jul 24, 2006","1,072.10","1,076.99","1,077.81","1,056.67","","-1.35%"
"Jul 21, 2006","1,086.77","1,081.62","1,094.34","1,078.98","","-0.46%"
"Jul 20, 2006","1,091.77","1,054.95","1,091.96","1,054.64","","+5.15%"
"Jul 19, 2006","1,038.30","1,049.13","1,055.56","1,035.62","","-0.50%"
"Jul 18, 2006","1,043.52","1,080.53","1,081.15","1,042.30","","-4.53%"
"Jul 14, 2006","1,092.99","1,092.40","1,105.76","1,086.85","","-0.93%"
"Jul 13, 2006","1,103.20","1,098.98","1,125.18","1,098.81","","-0.66%"
"Jul 12, 2006","1,110.54","1,120.24","1,125.12","1,105.09","","-1.05%"
"Jul 11, 2006","1,122.30","1,135.39","1,136.41","1,113.64","","-1.49%"
"Jul 10, 2006","1,139.31","1,111.84","1,139.52","1,102.10","","+1.08%"
"Jul 07, 2006","1,127.18","1,156.19","1,157.82","1,124.27","","-2.10%"
"Jul 06, 2006","1,151.37","1,159.00","1,160.64","1,147.80","","-0.73%"
"Jul 05, 2006","1,159.88","1,151.99","1,163.70","1,150.38","","-0.62%"
"Jul 04, 2006","1,167.11","1,178.76","1,180.97","1,164.55","","-0.12%"
"Jul 03, 2006","1,168.50","1,158.39","1,172.86","1,156.99","","+1.39%"
"Jun 30, 2006","1,152.44","1,138.46","1,152.44","1,138.46","","+2.68%"
"Jun 29, 2006","1,122.33","1,117.74","1,122.33","1,116.40","","+1.20%"
"Jun 28, 2006","1,109.05","1,116.15","1,118.29","1,107.54","","-1.83%"
"Jun 27, 2006","1,129.71","1,124.97","1,131.37","1,121.59","","+0.56%"
"Jun 26, 2006","1,123.45","1,111.94","1,130.27","1,107.86","","+0.78%"
"Jun 23, 2006","1,114.76","1,106.39","1,116.83","1,096.29","","-0.38%"
"Jun 22, 2006","1,119.02","1,093.88","1,119.02","1,093.88","","+3.62%"
"Jun 21, 2006","1,079.94","1,096.76","1,099.68","1,069.79","","-0.70%"
"Jun 20, 2006","1,087.51","1,104.59","1,111.71","1,084.31","","-2.02%"
"Jun 19, 2006","1,109.91","1,114.28","1,115.29","1,104.85","","-0.74%"
"Jun 16, 2006","1,118.13","1,096.74","1,123.52","1,096.74","","+3.55%"
"Jun 15, 2006","1,079.84","1,069.24","1,088.55","1,069.13","","+2.28%"
"Jun 14, 2006","1,055.72","1,023.39","1,063.24","1,022.46","","+2.16%"
"Jun 13, 2006","1,033.36","1,069.89","1,073.44","1,033.36","","-4.77%"
"Jun 12, 2006","1,085.08","1,070.48","1,085.55","1,064.12","","+0.55%"
"Jun 09, 2006","1,079.11","1,055.58","1,087.70","1,046.54","","+2.73%"
"Jun 08, 2006","1,050.48","1,081.75","1,082.07","1,040.56","","-4.29%"
"Jun 07, 2006","1,097.59","1,125.55","1,136.35","1,096.96","","-3.21%"
"Jun 06, 2006","1,134.03","1,147.97","1,150.12","1,132.06","","-2.48%"
"Jun 05, 2006","1,162.88","1,171.84","1,176.14","1,158.00","","-0.93%"
"Jun 02, 2006","1,173.80","1,152.14","1,173.80","1,109.16","","+2.40%"
"Jun 01, 2006","1,146.32","1,175.95","1,178.62","1,140.27","","-1.51%"
"May 31, 2006","1,163.92","1,173.32","1,178.14","1,161.67","","-2.21%"
"May 30, 2006","1,190.25","1,190.74","1,196.02","1,185.82","","+0.35%"
"May 29, 2006","1,186.10","1,191.53","1,200.30","1,182.95","","+0.50%"
"May 26, 2006","1,180.21","1,177.91","1,186.23","1,171.05","","+0.97%"
"May 25, 2006","1,168.89","1,177.18","1,178.66","1,165.12","","-1.45%"
"May 24, 2006","1,186.12","1,170.22","1,186.12","1,162.35","","+2.46%"
"May 23, 2006","1,157.67","1,171.12","1,174.99","1,157.45","","-2.41%"
"May 22, 2006","1,186.22","1,234.85","1,234.85","1,182.14","","-3.37%"
"May 19, 2006","1,227.64","1,209.19","1,229.36","1,198.05","","+1.49%"
"May 18, 2006","1,209.58","1,216.20","1,216.97","1,193.22","","-2.04%"
"May 17, 2006","1,234.71","1,225.43","1,235.48","1,201.11","","+1.23%"
"May 16, 2006","1,219.66","1,264.41","1,266.08","1,216.06","","-3.98%"
"May 15, 2006","1,270.26","1,252.60","1,276.11","1,250.71","","+0.38%"
"May 12, 2006","1,265.45","1,271.32","1,271.62","1,253.20","","-1.46%"
"May 11, 2006","1,284.14","1,295.71","1,308.07","1,283.53","","-0.89%"
"May 10, 2006","1,295.70","1,307.57","1,321.56","1,290.16","","-1.22%"
"May 09, 2006","1,311.71","1,313.58","1,319.42","1,309.94","","-0.40%"
"May 08, 2006","1,317.03","1,319.03","1,322.77","1,307.81","","+1.01%"
"May 02, 2006","1,303.87","1,289.75","1,306.01","1,289.47","","+1.20%"
"May 01, 2006","1,288.44","1,290.08","1,292.63","1,283.40","","-0.03%"
"Apr 28, 2006","1,288.81","1,287.99","1,290.74","1,272.46","","-0.34%"
"Apr 27, 2006","1,293.15","1,307.89","1,310.44","1,293.15","","-0.69%"
"Apr 26, 2006","1,302.09","1,307.63","1,307.73","1,286.00","","-0.05%"
"Apr 25, 2006","1,302.72","1,285.65","1,304.00","1,274.45","","+0.88%"
"Apr 24, 2006","1,291.42","1,312.92","1,312.92","1,291.42","","-2.80%"
"Apr 21, 2006","1,328.68","1,332.92","1,338.87","1,320.49","","-0.59%"
"Apr 20, 2006","1,336.62","1,336.64","1,341.04","1,333.53","","+0.73%"
"Apr 19, 2006","1,326.88","1,323.91","1,337.65","1,323.60","","+1.44%"
"Apr 18, 2006","1,308.07","1,280.68","1,310.11","1,278.65","","+1.85%"
"Apr 17, 2006","1,284.37","1,302.14","1,302.89","1,284.37","","-1.45%"
"Apr 14, 2006","1,303.22","1,319.92","1,319.92","1,301.44","","-0.81%"
"Apr 13, 2006","1,313.90","1,320.64","1,322.69","1,299.34","","+0.02%"
"Apr 12, 2006","1,313.67","1,313.09","1,325.62","1,312.82","","-0.30%"
"Apr 11, 2006","1,317.58","1,317.26","1,322.46","1,304.84","","+0.05%"
"Apr 10, 2006","1,316.90","1,313.07","1,319.00","1,308.84","","-0.23%"
"Apr 07, 2006","1,319.88","1,309.35","1,319.88","1,304.01","","+0.88%"
"Apr 06, 2006","1,308.42","1,301.12","1,310.35","1,299.51","","+1.12%"
"Apr 05, 2006","1,293.97","1,312.84","1,319.00","1,291.24","","-1.56%"
"Apr 04, 2006","1,314.41","1,313.57","1,323.76","1,312.11","","-0.19%"
"Apr 03, 2006","1,316.87","1,310.69","1,321.63","1,306.94","","+1.04%"
"Mar 31, 2006","1,303.37","1,295.52","1,307.21","1,295.06","","+1.13%"
"Mar 30, 2006","1,288.82","1,283.52","1,295.69","1,279.83","","+1.12%"
"Mar 29, 2006","1,274.55","1,258.09","1,277.86","1,250.19","","+1.48%"
"Mar 28, 2006","1,256.01","1,237.98","1,259.11","1,231.16","","+0.72%"
"Mar 27, 2006","1,247.00","1,251.78","1,253.68","1,242.99","","-0.04%"
"Mar 24, 2006","1,247.44","1,240.28","1,248.59","1,237.06","","+0.88%"
"Mar 23, 2006","1,236.58","1,249.56","1,250.25","1,235.94","","-0.63%"
"Mar 22, 2006","1,244.38","1,247.25","1,247.66","1,240.53","","-0.45%"
"Mar 20, 2006","1,250.01","1,238.59","1,252.08","1,238.19","","+1.56%"
"Mar 17, 2006","1,230.76","1,216.26","1,231.28","1,209.92","","+1.88%"
"Mar 16, 2006","1,208.04","1,231.48","1,232.06","1,204.95","","-1.80%"
"Mar 15, 2006","1,230.21","1,232.69","1,236.46","1,228.28","","+0.31%"
"Mar 14, 2006","1,226.38","1,230.15","1,235.42","1,225.38","","-0.22%"
"Mar 13, 2006","1,229.08","1,227.70","1,233.12","1,221.21","","+1.29%"
"Mar 10, 2006","1,213.43","1,201.18","1,221.50","1,198.80","","+0.32%"
"Mar 09, 2006","1,209.53","1,184.59","1,214.45","1,184.31","","+2.49%"
"Mar 08, 2006","1,180.17","1,193.98","1,193.98","1,174.29","","-2.01%"
"Mar 07, 2006","1,204.40","1,220.13","1,220.96","1,201.82","","-1.88%"
"Mar 06, 2006","1,227.47","1,208.29","1,227.93","1,208.29","","+1.61%"
"Mar 03, 2006","1,208.04","1,220.13","1,228.46","1,202.36","","-1.65%"
"Mar 02, 2006","1,228.25","1,254.80","1,256.68","1,225.86","","-1.35%"
"Mar 01, 2006","1,245.00","1,258.83","1,258.98","1,241.58","","-2.14%"
"Feb 28, 2006","1,272.17","1,271.12","1,273.60","1,250.97","","+0.57%"
"Feb 27, 2006","1,265.01","1,274.97","1,279.38","1,263.39","","-0.17%"
"Feb 24, 2006","1,267.14","1,253.59","1,269.34","1,246.87","","+0.82%"
"Feb 23, 2006","1,256.86","1,241.38","1,260.45","1,241.38","","+2.06%"
"Feb 22, 2006","1,231.47","1,233.05","1,243.84","1,225.41","","+0.24%"
"Feb 21, 2006","1,228.53","1,184.03","1,228.53","1,184.03","","+4.64%"
"Feb 20, 2006","1,174.07","1,199.95","1,202.16","1,170.93","","-2.86%"
"Feb 17, 2006","1,208.69","1,239.07","1,249.21","1,207.37","","-2.43%"
"Feb 16, 2006","1,238.75","1,236.95","1,252.46","1,223.79","","-0.29%"
"Feb 15, 2006","1,242.31","1,279.94","1,280.14","1,239.97","","-2.22%"
"Feb 14, 2006","1,270.55","1,236.34","1,270.55","1,210.25","","+1.56%"
"Feb 13, 2006","1,251.04","1,301.85","1,301.85","1,248.99","","-4.68%"
"Feb 10, 2006","1,312.43","1,341.50","1,341.52","1,288.11","","-1.95%"
"Feb 09, 2006","1,338.58","1,357.92","1,364.45","1,331.02","","-0.25%"
"Feb 08, 2006","1,341.95","1,379.97","1,385.51","1,341.95","","-3.64%"
"Feb 07, 2006","1,392.57","1,381.99","1,395.28","1,377.45","","+1.12%"
"Feb 06, 2006","1,377.21","1,370.66","1,378.84","1,358.35","","+1.02%"
"Feb 03, 2006","1,363.27","1,344.18","1,365.38","1,340.34","","+0.95%"
"Feb 02, 2006","1,350.50","1,350.60","1,358.87","1,344.77","","+0.91%"
"Feb 01, 2006","1,338.34","1,334.07","1,347.43","1,329.75","","-0.13%"
"Jan 31, 2006","1,340.08","1,334.60","1,354.24","1,325.35","","+0.72%"
"Jan 30, 2006","1,330.44","1,305.28","1,347.50","1,304.57","","+3.21%"
"Jan 27, 2006","1,289.05","1,277.06","1,289.73","1,269.96","","+2.06%"
"Jan 26, 2006","1,263.03","1,263.10","1,270.67","1,259.54","","+0.68%"
"Jan 25, 2006","1,254.48","1,264.24","1,282.87","1,254.48","","-0.07%"
"Jan 24, 2006","1,255.37","1,233.20","1,261.84","1,232.05","","+2.78%"
"Jan 23, 2006","1,221.39","1,244.67","1,253.18","1,218.30","","-3.17%"
"Jan 20, 2006","1,261.39","1,279.10","1,286.89","1,241.17","","-0.31%"
"Jan 19, 2006","1,265.25","1,192.63","1,266.84","1,192.11","","+6.60%"
"Jan 18, 2006","1,186.86","1,266.11","1,266.75","1,167.46","","-6.93%"
"Jan 17, 2006","1,275.25","1,304.38","1,327.12","1,273.16","","-3.18%"
"Jan 16, 2006","1,317.12","1,329.55","1,330.37","1,314.74","","-1.39%"
"Jan 13, 2006","1,335.66","1,330.59","1,338.35","1,322.83","","+0.16%"
"Jan 12, 2006","1,333.51","1,341.03","1,345.23","1,324.66","","-0.05%"
"Jan 11, 2006","1,334.22","1,319.52","1,334.22","1,303.84","","+0.91%"
"Jan 10, 2006","1,322.15","1,356.70","1,360.06","1,321.49","","-2.16%"
"Jan 06, 2006","1,351.30","1,359.68","1,366.58","1,340.21","","-0.66%"
"Jan 05, 2006","1,360.33","1,376.18","1,378.08","1,356.75","","-0.81%"
"Jan 04, 2006","1,371.37","1,359.11","1,375.13","1,355.51","","+2.11%"
"Dec 30, 2005","1,343.02","1,348.69","1,361.56","1,337.32","","-0.31%"
"Dec 29, 2005","1,347.13","1,326.79","1,347.61","1,325.00","","+2.16%"
"Dec 28, 2005","1,318.61","1,297.43","1,320.49","1,291.83","","+1.68%"
"Dec 27, 2005","1,296.85","1,308.85","1,309.35","1,296.85","","-1.25%"
"Dec 26, 2005","1,313.20","1,316.47","1,327.13","1,299.78","","+0.56%"
"Dec 22, 2005","1,305.94","1,308.01","1,319.11","1,282.78","","-0.17%"
"Dec 21, 2005","1,308.11","1,292.87","1,325.74","1,287.23","","+2.06%"
"Dec 20, 2005","1,281.72","1,263.82","1,286.76","1,261.49","","+1.67%"
"Dec 19, 2005","1,260.71","1,251.41","1,260.71","1,240.49","","+1.05%"
"Dec 16, 2005","1,247.62","1,247.39","1,261.01","1,238.58","","-0.16%"
"Dec 15, 2005","1,249.68","1,245.02","1,266.42","1,242.55","","-0.32%"
"Dec 14, 2005","1,253.74","1,279.70","1,283.36","1,250.11","","-1.54%"
"Dec 13, 2005","1,273.34","1,274.88","1,278.69","1,264.65","","+0.35%"
"Dec 12, 2005","1,268.88","1,259.88","1,276.06","1,259.88","","+1.91%"
"Dec 09, 2005","1,245.06","1,209.81","1,247.65","1,207.71","","+2.55%"
"Dec 08, 2005","1,214.07","1,233.50","1,233.81","1,200.28","","-1.89%"
"Dec 07, 2005","1,237.47","1,249.41","1,254.63","1,236.38","","-0.21%"
"Dec 06, 2005","1,240.03","1,244.03","1,255.95","1,239.26","","-0.47%"
"Dec 05, 2005","1,245.89","1,227.34","1,250.93","1,223.59","","+1.70%"
"Dec 02, 2005","1,225.06","1,208.98","1,225.06","1,206.04","","+2.18%"
"Dec 01, 2005","1,198.91","1,181.92","1,198.91","1,173.29","","+1.83%"
"Nov 30, 2005","1,177.31","1,185.60","1,189.89","1,176.85","","+0.02%"
"Nov 29, 2005","1,177.02","1,166.03","1,179.62","1,164.46","","+0.64%"
"Nov 28, 2005","1,169.54","1,150.34","1,170.03","1,149.70","","+2.46%"
"Nov 25, 2005","1,141.43","1,120.48","1,141.43","1,116.42","","+1.78%"
"Nov 24, 2005","1,121.45","1,133.26","1,136.17","1,118.44","","-0.25%"
"Nov 22, 2005","1,124.29","1,114.65","1,124.29","1,111.67","","+0.89%"
"Nov 21, 2005","1,114.36","1,127.39","1,129.94","1,108.58","","-0.60%"
"Nov 18, 2005","1,121.06","1,132.05","1,136.90","1,115.78","","-0.35%"
"Nov 17, 2005","1,125.05","1,103.21","1,125.30","1,102.33","","+2.69%"
"Nov 16, 2005","1,095.63","1,072.78","1,096.35","1,068.98","","+1.86%"
"Nov 15, 2005","1,075.60","1,075.92","1,083.02","1,073.11","","-0.72%"
"Nov 14, 2005","1,083.35","1,095.02","1,097.62","1,081.34","","-0.67%"
"Nov 11, 2005","1,090.68","1,096.19","1,103.35","1,090.68","","-0.22%"
"Nov 10, 2005","1,093.10","1,095.05","1,099.55","1,083.02","","-0.53%"
"Nov 09, 2005","1,098.89","1,104.09","1,108.28","1,095.74","","-0.92%"
"Nov 08, 2005","1,109.12","1,113.36","1,113.55","1,097.85","","-0.14%"
"Nov 07, 2005","1,110.66","1,088.47","1,110.66","1,088.47","","+2.71%"
"Nov 04, 2005","1,081.36","1,080.10","1,081.36","1,073.37","","+1.20%"
"Nov 02, 2005","1,068.52","1,073.04","1,074.16","1,066.31","","-0.55%"
"Nov 01, 2005","1,074.41","1,061.20","1,074.41","1,061.20","","+1.24%"
"Oct 31, 2005","1,061.20","1,060.47","1,068.25","1,059.03","","+0.86%"
"Oct 28, 2005","1,052.15","1,034.25","1,052.83","1,033.56","","+1.67%"
"Oct 27, 2005","1,034.87","1,029.23","1,039.69","1,027.08","","+1.02%"
"Oct 26, 2005","1,024.45","1,008.55","1,024.86","1,007.57","","+1.71%"
"Oct 25, 2005","1,007.24","1,001.10","1,014.86","1,000.64","","+1.46%"
"Oct 24, 2005","992.73","1,001.25","1,002.65","987.34","","-0.45%"
"Oct 21, 2005","997.24","979.52","997.24","973.24","","+0.56%"
"Oct 20, 2005","991.68","1,000.11","1,006.35","988.23","","-0.21%"
"Oct 19, 2005","993.74","1,000.86","1,000.86","987.93","","-0.89%"
"Oct 18, 2005","1,002.69","997.84","1,009.25","997.02","","+0.43%"
"Oct 17, 2005","998.41","1,013.52","1,013.62","997.50","","-1.16%"
"Oct 14, 2005","1,010.10","1,028.45","1,028.45","1,007.06","","-1.69%"
"Oct 13, 2005","1,027.50","1,025.06","1,031.79","1,015.87","","-0.08%"
"Oct 12, 2005","1,028.29","1,037.18","1,044.58","1,024.87","","-0.18%"
"Oct 11, 2005","1,030.17","1,002.35","1,030.17","1,002.35","","+3.62%"
"Oct 07, 2005","994.15","987.40","999.26","981.97","","+0.12%"
"Oct 06, 2005","992.95","1,000.25","1,004.21","992.21","","-2.07%"
"Oct 05, 2005","1,013.98","1,022.27","1,022.69","1,009.13","","-1.37%"
"Oct 04, 2005","1,028.10","1,036.33","1,039.63","1,022.15","","-0.54%"
"Oct 03, 2005","1,033.68","1,023.28","1,036.73","1,009.18","","+0.58%"
"Sep 30, 2005","1,027.67","1,058.99","1,060.73","1,027.67","","-2.44%"
"Sep 29, 2005","1,053.36","1,018.69","1,053.36","1,018.15","","+4.44%"
"Sep 28, 2005","1,008.56","1,002.86","1,011.34","1,000.27","","+1.07%"
"Sep 27, 2005","997.92","999.83","1,008.53","992.92","","+0.23%"
"Sep 26, 2005","995.61","977.03","995.61","977.03","","+2.98%"
"Sep 22, 2005","966.79","960.41","966.82","956.20","","-0.10%"
"Sep 21, 2005","967.76","965.71","974.36","955.04","","+0.70%"
"Sep 20, 2005","961.00","951.09","962.54","950.60","","+1.83%"
"Sep 16, 2005","943.77","940.61","944.57","934.43","","+0.81%"
"Sep 15, 2005","936.20","923.70","936.20","922.41","","+1.28%"
"Sep 14, 2005","924.37","924.70","926.70","922.55","","-0.45%"
"Sep 13, 2005","928.52","924.94","931.53","922.35","","+0.48%"
"Sep 12, 2005","924.12","926.93","929.38","918.98","","+0.81%"
"Sep 09, 2005","916.69","901.73","916.69","901.39","","+1.57%"
"Sep 08, 2005","902.51","910.30","910.59","899.69","","-1.04%"
"Sep 07, 2005","911.97","925.01","925.89","909.22","","-0.92%"
"Sep 06, 2005","920.41","930.23","930.96","919.70","","-0.54%"
"Sep 05, 2005","925.40","920.54","926.04","919.47","","+0.94%"
"Sep 02, 2005","916.74","915.17","916.90","912.14","","+0.59%"
"Sep 01, 2005","911.34","912.87","916.28","911.34","","+0.61%"
"Aug 31, 2005","905.80","905.92","909.50","903.86","","+0.07%"
"Aug 30, 2005","905.17","900.33","906.12","898.89","","+1.47%"
"Aug 29, 2005","892.07","899.07","899.14","891.85","","-0.77%"
"Aug 26, 2005","898.99","899.04","901.82","895.50","","+0.37%"
"Aug 25, 2005","895.71","894.88","896.91","893.11","","-0.45%"
"Aug 24, 2005","899.72","895.27","901.21","894.72","","-0.06%"
"Aug 23, 2005","900.23","906.13","911.67","900.23","","-0.27%"
"Aug 22, 2005","902.70","893.33","903.54","893.33","","+1.55%"
"Aug 19, 2005","888.96","893.84","894.10","887.54","","-0.70%"
"Aug 18, 2005","895.19","899.78","901.54","894.84","","+0.02%"
"Aug 17, 2005","895.03","887.05","903.74","885.48","","+0.41%"
"Aug 16, 2005","891.35","894.13","895.25","887.15","","+0.15%"
"Aug 15, 2005","890.02","875.99","890.22","875.52","","+1.82%"
"Aug 12, 2005","874.07","866.68","875.91","864.93","","+1.20%"
"Aug 11, 2005","863.68","854.60","866.02","854.60","","+1.81%"
"Aug 10, 2005","848.29","842.20","850.67","842.10","","+1.48%"
"Aug 09, 2005","835.90","824.43","839.31","824.43","","+1.55%"
"Aug 08, 2005","823.17","809.56","823.17","805.06","","+0.79%"
"Aug 05, 2005","816.69","825.49","825.88","815.02","","-1.52%"
"Aug 04, 2005","829.31","835.51","835.51","825.51","","-0.77%"
"Aug 03, 2005","835.73","840.15","840.21","835.06","","-0.18%"
"Aug 02, 2005","837.21","840.31","842.22","835.02","","-0.36%"
"Aug 01, 2005","840.22","836.18","841.67","835.18","","+0.57%"
"Jul 29, 2005","835.48","834.90","837.42","830.94","","+0.52%"
"Jul 28, 2005","831.16","829.09","832.14","827.80","","+0.77%"
"Jul 27, 2005","824.77","820.50","824.85","819.96","","+0.61%"
"Jul 26, 2005","819.77","819.48","820.12","817.76","","+0.06%"
"Jul 25, 2005","819.26","813.52","820.32","813.52","","+1.25%"
"Jul 22, 2005","809.18","809.59","810.23","806.60","","-0.16%"
"Jul 21, 2005","810.51","813.14","816.33","810.51","","-0.08%"
"Jul 20, 2005","811.13","806.84","812.34","806.53","","+1.07%"
"Jul 19, 2005","802.55","806.01","806.42","800.97","","-0.74%"
"Jul 15, 2005","808.52","814.17","814.23","808.52","","-0.66%"
"Jul 14, 2005","813.91","813.82","815.77","813.76","","+0.14%"
"Jul 13, 2005","812.75","811.26","812.75","810.03","","+0.35%"
"Jul 12, 2005","809.88","813.84","813.86","808.53","","-0.10%"
"Jul 11, 2005","810.72","812.75","813.99","810.64","","+0.41%"
"Jul 08, 2005","807.43","806.78","812.16","806.19","","-0.06%"
"Jul 07, 2005","807.92","806.79","807.96","804.63","","+0.02%"
"Jul 06, 2005","807.73","807.56","811.30","806.86","","+0.31%"
"Jul 05, 2005","805.24","807.23","807.73","803.68","","-0.28%"
"Jul 04, 2005","807.53","805.72","807.59","803.86","","+0.65%"
"Jul 01, 2005","802.30","801.05","803.99","799.19","","+0.15%"
"Jun 30, 2005","801.11","800.37","801.11","797.69","","+0.18%"
"Jun 29, 2005","799.68","801.26","801.34","798.28","","+0.06%"
"Jun 28, 2005","799.23","793.27","799.37","792.26","","+1.07%"
"Jun 27, 2005","790.77","791.71","792.98","790.31","","-0.66%"
"Jun 24, 2005","795.99","789.49","795.99","789.36","","+0.01%"
"Jun 23, 2005","795.95","795.78","796.69","793.38","","+0.10%"
"Jun 22, 2005","795.18","794.47","795.43","791.73","","-0.15%"
"Jun 21, 2005","796.39","795.79","797.22","794.04","","+0.08%"
"Jun 20, 2005","795.79","798.38","798.53","794.34","","-0.09%"
"Jun 17, 2005","796.50","791.45","796.67","790.73","","+1.21%"
"Jun 16, 2005","786.98","786.74","788.33","785.32","","+0.40%"
"Jun 15, 2005","783.87","781.05","784.68","779.64","","+0.37%"
"Jun 14, 2005","780.99","782.52","783.00","780.41","","-0.20%"
"Jun 13, 2005","782.57","782.51","786.12","781.92","","-0.08%"
"Jun 10, 2005","783.16","782.44","785.84","780.83","","+0.69%"
"Jun 09, 2005","777.83","784.37","784.64","776.40","","-0.54%"
"Jun 08, 2005","782.08","776.39","782.99","776.07","","+1.21%"
"Jun 07, 2005","772.72","777.27","778.91","770.75","","-0.55%"
"Jun 06, 2005","777.01","771.48","777.01","770.41","","+0.40%"
"Jun 03, 2005","773.92","773.45","775.15","769.22","","+0.38%"
"Jun 02, 2005","770.98","770.69","776.55","770.37","","+0.38%"
"Jun 01, 2005","768.06","762.88","768.06","762.85","","+0.20%"
"May 31, 2005","766.52","760.53","767.64","759.30","","+1.14%"
"May 30, 2005","757.86","754.23","759.53","753.16","","+0.62%"
"May 27, 2005","753.19","747.22","753.84","746.89","","+1.54%"
"May 26, 2005","741.79","742.03","743.70","737.98","","-0.16%"
"May 25, 2005","742.99","754.04","754.28","740.82","","-1.50%"
"May 24, 2005","754.30","760.06","760.15","753.53","","-0.37%"
"May 23, 2005","757.13","756.61","757.88","754.03","","+0.12%"
"May 20, 2005","756.19","756.10","757.78","754.00","","+0.64%"
"May 19, 2005","751.39","741.75","754.95","741.18","","+2.47%"
"May 18, 2005","733.30","735.00","738.55","733.30","","+0.37%"
"May 17, 2005","730.61","748.72","750.91","728.92","","-1.59%"
"May 16, 2005","742.45","755.56","755.56","742.44","","-2.00%"
"May 13, 2005","757.62","761.91","763.83","757.62","","-0.82%"
"May 12, 2005","763.86","764.79","768.89","763.54","","-0.22%"
"May 11, 2005","765.51","765.79","765.79","760.83","","-0.73%"
"May 10, 2005","771.12","775.42","775.57","768.72","","-0.60%"
"May 09, 2005","775.76","774.99","776.62","771.54","","+0.10%"
"May 06, 2005","775.00","772.20","775.00","770.33","","+1.24%"
"May 02, 2005","765.47","766.76","766.82","761.70","","-0.63%"
"Apr 28, 2005","770.34","769.35","770.34","763.50","","+0.06%"
"Apr 27, 2005","769.86","758.90","770.40","758.83","","+1.10%"
"Apr 26, 2005","761.48","758.59","761.48","756.53","","+0.57%"
"Apr 25, 2005","757.17","757.12","759.44","755.12","","+0.04%"
"Apr 22, 2005","756.90","757.01","758.72","754.92","","+1.18%"
"Apr 21, 2005","748.05","741.12","749.72","732.64","","-0.32%"
"Apr 20, 2005","750.48","751.24","755.20","748.67","","+0.92%"
"Apr 19, 2005","743.61","735.10","745.21","734.65","","+2.04%"
"Apr 18, 2005","728.71","745.72","745.72","727.88","","-3.50%"
"Apr 15, 2005","755.13","760.68","760.68","755.07","","-1.73%"
"Apr 14, 2005","768.42","770.48","770.48","762.54","","-1.06%"
"Apr 13, 2005","776.65","778.49","781.49","774.48","","+0.15%"
"Apr 12, 2005","775.52","781.68","782.85","775.52","","-0.88%"
"Apr 11, 2005","782.37","788.44","788.44","781.79","","-1.05%"
"Apr 08, 2005","790.67","785.61","790.93","785.47","","+1.07%"
"Apr 07, 2005","782.28","787.84","787.92","779.54","","-0.83%"
"Apr 06, 2005","788.83","789.01","790.48","787.24","","0.00%"
"Apr 05, 2005","788.86","787.92","791.12","787.33","","+0.30%"
"Apr 04, 2005","786.51","786.04","789.88","785.72","","-0.14%"
"Apr 01, 2005","787.59","777.84","787.59","775.32","","+0.57%"
"Mar 31, 2005","783.09","776.04","783.09","776.04","","+1.45%"
"Mar 30, 2005","771.92","776.11","777.99","768.58","","-1.28%"
"Mar 29, 2005","781.94","795.56","795.56","780.35","","-1.65%"
"Mar 28, 2005","795.09","792.28","798.27","791.76","","-0.13%"
"Mar 25, 2005","796.13","794.17","796.35","791.02","","+0.67%"
"Mar 24, 2005","790.82","798.09","798.34","790.82","","-1.37%"
"Mar 23, 2005","801.84","804.60","804.60","797.12","","-0.55%"
"Mar 22, 2005","806.28","807.00","808.28","805.54","","+0.30%"
"Mar 18, 2005","803.85","797.74","805.87","797.74","","+0.76%"
"Mar 17, 2005","797.81","795.06","800.72","793.58","","-0.07%"
"Mar 16, 2005","798.33","793.06","798.47","792.70","","+0.72%"
"Mar 15, 2005","792.63","797.98","798.82","790.85","","-0.07%"
"Mar 14, 2005","793.18","795.13","796.43","793.18","","+0.12%"
"Mar 11, 2005","792.23","792.67","798.32","792.23","","-0.29%"
"Mar 10, 2005","794.54","792.44","796.99","792.14","","-0.06%"
"Mar 09, 2005","794.99","792.43","796.92","791.05","","-0.06%"
"Mar 08, 2005","795.46","801.82","801.89","795.23","","-0.86%"
"Mar 07, 2005","802.36","805.34","807.03","800.64","","+0.17%"
"Mar 04, 2005","800.99","797.10","802.36","793.94","","+0.58%"
"Mar 03, 2005","796.38","797.10","800.80","795.87","","-0.58%"
"Mar 02, 2005","800.99","802.71","805.13","800.56","","+0.16%"
"Mar 01, 2005","799.69","790.20","799.86","790.03","","+1.15%"
"Feb 28, 2005","790.58","788.88","791.99","787.81","","+1.02%"
"Feb 25, 2005","782.56","778.65","784.42","777.71","","+0.79%"
"Feb 24, 2005","776.42","771.90","776.71","771.73","","+0.98%"
"Feb 23, 2005","768.89","765.71","769.14","764.52","","-0.17%"
"Feb 22, 2005","770.21","768.89","770.92","767.55","","+0.03%"
"Feb 21, 2005","769.95","771.56","772.48","769.38","","+0.04%"
"Feb 18, 2005","769.66","763.56","770.36","763.55","","+0.73%"
"Feb 17, 2005","764.11","762.83","766.94","762.12","","+0.02%"
"Feb 16, 2005","763.97","762.61","769.24","762.30","","+0.12%"
"Feb 15, 2005","763.04","764.45","765.77","762.47","","-0.27%"
"Feb 14, 2005","765.07","766.31","767.73","765.07","","+0.43%"
"Feb 10, 2005","761.83","759.49","762.35","756.94","","+0.29%"
"Feb 09, 2005","759.61","762.12","762.90","759.40","","-0.09%"
"Feb 08, 2005","760.31","761.98","763.42","760.29","","-0.36%"
"Feb 07, 2005","763.07","759.74","764.79","759.74","","+0.70%"
"Feb 04, 2005","757.78","758.22","758.57","751.41","","-0.08%"
"Feb 03, 2005","758.38","758.13","758.38","753.99","","+0.06%"
"Feb 02, 2005","757.96","752.52","757.96","752.18","","+1.29%"
"Feb 01, 2005","748.28","748.32","749.81","746.00","","+0.37%"
"Jan 31, 2005","745.49","743.49","748.49","741.69","","+0.15%"
"Jan 28, 2005","744.41","744.54","744.89","740.22","","-0.02%"
"Jan 27, 2005","744.55","746.93","746.93","742.67","","-0.24%"
"Jan 26, 2005","746.33","744.01","746.33","743.32","","+0.77%"
"Jan 25, 2005","740.66","736.58","740.66","734.77","","+0.81%"
"Jan 24, 2005","734.70","731.23","735.18","730.63","","+0.35%"
"Jan 21, 2005","732.16","730.61","737.52","730.47","","-0.30%"
"Jan 20, 2005","734.34","739.04","739.04","733.98","","-1.15%"
"Jan 19, 2005","742.88","744.86","747.86","742.88","","-0.06%"
"Jan 18, 2005","743.30","750.09","750.40","741.43","","-0.76%"
"Jan 17, 2005","748.96","743.06","750.51","743.06","","+1.50%"
"Jan 14, 2005","737.91","732.49","738.99","728.09","","+0.51%"
"Jan 13, 2005","734.16","738.09","738.54","733.73","","-0.57%"
"Jan 12, 2005","738.37","742.28","743.78","737.60","","-0.62%"
"Jan 11, 2005","742.95","740.68","743.70","740.59","","+0.48%"
"Jan 07, 2005","739.41","738.93","741.13","737.38","","+0.40%"
"Jan 06, 2005","736.44","729.30","736.44","729.20","","+0.59%"
"Jan 05, 2005","732.12","735.29","735.43","732.12","","-0.96%"
"Jan 04, 2005","739.19","735.88","739.54","734.74","","+0.34%"
"Dec 30, 2004","736.72","735.12","736.72","734.64","","+0.58%"
"Dec 29, 2004","732.46","736.77","738.74","731.63","","-0.18%"
"Dec 28, 2004","733.77","726.45","733.77","726.11","","+0.84%"
"Dec 27, 2004","727.66","727.15","728.56","724.77","","+0.20%"
"Dec 24, 2004","726.21","721.35","726.23","721.35","","+1.33%"
"Dec 22, 2004","716.71","717.46","718.83","714.76","","+0.41%"
"Dec 21, 2004","713.81","709.07","715.16","709.07","","+1.04%"
"Dec 20, 2004","706.45","707.03","708.98","704.42","","-0.04%"
"Dec 17, 2004","706.75","700.51","708.71","700.27","","+0.80%"
"Dec 16, 2004","701.12","702.83","703.50","700.06","","-0.51%"
"Dec 15, 2004","704.70","706.96","707.71","703.08","","-0.18%"
"Dec 14, 2004","705.98","699.52","705.98","697.19","","+1.28%"
"Dec 13, 2004","697.06","702.59","703.53","695.75","","-0.73%"
"Dec 10, 2004","702.19","701.61","707.50","701.57","","+0.07%"
"Dec 09, 2004","701.67","710.88","710.90","700.57","","-1.60%"
"Dec 08, 2004","713.06","707.49","713.07","707.49","","+0.24%"
"Dec 07, 2004","711.34","715.62","718.09","711.34","","-0.55%"
"Dec 06, 2004","715.26","715.61","717.77","713.64","","-0.28%"
"Dec 03, 2004","717.28","718.93","719.91","716.30","","-0.19%"
"Dec 02, 2004","718.66","717.44","719.34","716.75","","+1.02%"
"Dec 01, 2004","711.39","713.61","713.61","709.52","","-1.25%"
"Nov 30, 2004","720.37","718.89","720.37","715.72","","-0.20%"
"Nov 29, 2004","721.83","712.08","722.82","711.84","","+1.86%"
"Nov 26, 2004","708.68","709.03","713.10","706.20","","+0.19%"
"Nov 25, 2004","707.37","702.35","707.76","701.55","","+0.84%"
"Nov 24, 2004","701.46","706.74","707.13","701.46","","-0.94%"
"Nov 22, 2004","708.09","713.50","713.50","704.11","","-1.62%"
"Nov 19, 2004","719.74","722.99","724.55","717.92","","0.00%"
"Nov 18, 2004","719.74","727.17","729.59","719.35","","-0.64%"
"Nov 17, 2004","724.34","723.23","726.72","721.70","","-0.04%"
"Nov 16, 2004","724.63","725.20","728.50","723.71","","+0.14%"
"Nov 15, 2004","723.62","717.69","724.63","717.34","","+1.22%"
"Nov 12, 2004","714.87","704.54","714.94","704.54","","+1.24%"
"Nov 11, 2004","706.11","714.62","716.67","705.73","","-1.02%"
"Nov 10, 2004","713.36","711.49","715.41","711.12","","+0.23%"
"Nov 09, 2004","711.71","711.21","717.76","708.89","","-0.04%"
"Nov 08, 2004","712.03","723.19","723.38","711.95","","-1.42%"
"Nov 05, 2004","722.28","714.81","722.28","714.81","","+1.80%"
"Nov 04, 2004","709.48","713.06","715.35","709.48","","+0.62%"
"Nov 02, 2004","705.13","695.65","705.13","694.80","","+1.73%"
"Nov 01, 2004","693.13","692.97","695.27","691.70","","+0.16%"
"Oct 29, 2004","692.00","701.50","701.50","690.82","","-2.10%"
"Oct 28, 2004","706.87","699.38","707.48","697.93","","+2.06%"
"Oct 27, 2004","692.61","698.92","702.17","691.15","","-0.58%"
"Oct 26, 2004","696.67","699.23","699.30","694.16","","-0.37%"
"Oct 25, 2004","699.23","703.06","703.06","692.89","","-1.62%"
"Oct 22, 2004","710.74","704.43","713.33","703.81","","+1.53%"
"Oct 21, 2004","700.05","705.99","707.02","697.38","","-0.60%"
"Oct 20, 2004","704.25","717.31","717.31","703.69","","-2.27%"
"Oct 19, 2004","720.59","720.80","723.22","718.99","","+0.35%"
"Oct 18, 2004","718.08","729.42","729.42","716.78","","-1.37%"
"Oct 15, 2004","728.04","716.81","729.20","715.75","","+0.70%"
"Oct 14, 2004","722.95","738.64","738.64","722.16","","-3.06%"
"Oct 13, 2004","745.75","746.64","754.86","745.75","","+0.36%"
"Oct 12, 2004","743.04","749.09","752.17","743.04","","-0.65%"
"Oct 08, 2004","747.92","743.95","747.92","743.25","","+0.14%"
"Oct 07, 2004","746.88","749.55","751.72","746.88","","+0.12%"
"Oct 06, 2004","746.00","735.69","746.58","734.22","","+1.13%"
"Oct 05, 2004","737.68","739.40","741.02","737.21","","-0.79%"
"Oct 04, 2004","743.55","737.95","745.47","737.95","","+1.80%"
"Oct 01, 2004","730.40","721.85","730.40","721.07","","+1.64%"
"Sep 30, 2004","718.62","710.50","719.33","709.82","","+1.82%"
"Sep 29, 2004","705.77","709.41","712.91","705.05","","+0.31%"
"Sep 28, 2004","703.59","706.82","707.43","701.52","","-1.00%"
"Sep 27, 2004","710.72","716.57","719.05","708.08","","-0.73%"
"Sep 24, 2004","715.97","716.02","716.21","711.03","","-0.89%"
"Sep 22, 2004","722.40","719.57","723.23","714.66","","+0.95%"
"Sep 21, 2004","715.59","721.09","721.91","715.32","","-0.34%"
"Sep 17, 2004","718.05","719.84","720.32","714.65","","+0.11%"
"Sep 16, 2004","717.29","713.88","719.69","712.33","","-0.42%"
"Sep 15, 2004","720.35","725.73","727.74","720.35","","-1.11%"
"Sep 14, 2004","728.46","728.61","730.90","726.57","","+0.45%"
"Sep 13, 2004","725.19","718.79","727.43","718.66","","+1.45%"
"Sep 10, 2004","714.81","716.18","716.18","708.63","","-0.55%"
"Sep 09, 2004","718.74","725.53","727.74","718.74","","-1.29%"
"Sep 08, 2004","728.13","726.90","732.56","726.82","","+0.42%"
"Sep 07, 2004","725.10","727.04","727.06","721.82","","-0.31%"
"Sep 06, 2004","727.37","712.03","727.37","711.99","","+2.70%"
"Sep 03, 2004","708.27","713.98","716.00","708.27","","-0.53%"
"Sep 02, 2004","712.02","710.63","712.02","706.76","","+0.48%"
"Sep 01, 2004","708.59","704.28","709.52","704.28","","+1.04%"
"Aug 31, 2004","701.30","702.86","705.52","699.85","","-0.86%"
"Aug 30, 2004","707.39","703.49","708.12","701.51","","+0.69%"
"Aug 27, 2004","702.52","697.97","702.52","697.02","","+0.64%"
"Aug 26, 2004","698.06","700.41","701.48","696.88","","+0.32%"
"Aug 25, 2004","695.84","688.99","697.33","687.78","","+0.50%"
"Aug 24, 2004","692.41","693.12","694.59","688.77","","+0.03%"
"Aug 23, 2004","692.23","690.76","694.02","690.76","","+0.59%"
"Aug 20, 2004","688.18","684.96","690.84","684.62","","+0.41%"
"Aug 19, 2004","685.35","675.45","685.49","675.01","","+2.32%"
"Aug 18, 2004","669.79","670.93","672.90","666.12","","-0.31%"
"Aug 17, 2004","671.86","672.31","675.72","671.48","","+0.41%"
"Aug 16, 2004","669.09","671.30","671.87","661.10","","-0.31%"
"Aug 13, 2004","671.18","677.29","677.29","671.18","","-1.56%"
"Aug 12, 2004","681.85","679.85","683.60","679.19","","+0.31%"
"Aug 11, 2004","679.71","679.11","681.12","676.48","","+1.01%"
"Aug 10, 2004","672.92","664.73","674.61","664.73","","+0.83%"
"Aug 09, 2004","667.37","658.43","667.37","654.67","","+0.10%"
"Aug 06, 2004","666.72","661.12","666.94","657.37","","-0.29%"
"Aug 05, 2004","668.63","666.45","671.04","662.17","","+0.92%"
"Aug 04, 2004","662.56","664.31","664.31","649.07","","-0.95%"
"Aug 03, 2004","668.91","678.21","678.87","665.12","","-1.29%"
"Aug 02, 2004","677.67","680.54","681.03","674.09","","-0.30%"
"Jul 30, 2004","679.72","670.31","679.72","670.03","","+2.35%"
"Jul 29, 2004","664.12","667.79","667.92","659.64","","-0.74%"
"Jul 28, 2004","669.09","665.87","670.69","663.23","","+1.13%"
"Jul 27, 2004","661.60","673.57","675.75","661.60","","-2.01%"
"Jul 26, 2004","675.15","679.07","679.07","674.38","","-1.12%"
"Jul 23, 2004","682.79","688.22","689.06","682.79","","-0.56%"
"Jul 22, 2004","686.66","685.74","688.78","681.48","","-0.68%"
"Jul 21, 2004","691.39","688.06","691.77","688.06","","+1.06%"
"Jul 20, 2004","684.16","690.63","690.63","682.57","","-1.49%"
"Jul 16, 2004","694.53","688.62","694.53","682.39","","+0.36%"
"Jul 15, 2004","692.02","697.81","699.54","685.97","","-0.77%"
"Jul 14, 2004","697.37","712.49","714.83","697.37","","-1.19%"
"Jul 13, 2004","705.80","702.53","706.32","698.96","","+0.41%"
"Jul 12, 2004","702.90","699.98","705.54","699.98","","+1.32%"
"Jul 09, 2004","693.72","685.50","693.90","685.06","","+1.63%"
"Jul 08, 2004","682.58","684.73","688.39","682.58","","-0.46%"
"Jul 07, 2004","685.76","685.49","688.32","675.85","","-0.84%"
"Jul 06, 2004","691.58","700.94","704.33","691.58","","-1.38%"
"Jul 05, 2004","701.28","708.14","708.14","698.37","","-1.66%"
"Jul 02, 2004","713.09","712.34","714.39","709.56","","-0.77%"
"Jul 01, 2004","718.61","723.40","725.76","718.13","","-0.16%"
"Jun 30, 2004","719.75","717.11","719.75","714.69","","+0.46%"
"Jun 29, 2004","716.42","713.58","717.18","711.19","","+0.15%"
"Jun 28, 2004","715.38","707.76","715.38","707.36","","+1.57%"
"Jun 25, 2004","704.34","703.28","705.21","698.62","","+0.53%"
"Jun 24, 2004","700.64","699.66","701.66","694.81","","+0.23%"
"Jun 23, 2004","699.03","715.33","715.79","698.37","","-1.88%"
"Jun 22, 2004","712.42","713.11","713.11","708.95","","-0.30%"
"Jun 21, 2004","714.57","709.41","719.80","709.41","","+1.23%"
"Jun 18, 2004","705.86","719.35","719.35","700.95","","-1.98%"
"Jun 17, 2004","720.13","715.78","720.16","712.14","","+0.92%"
"Jun 16, 2004","713.56","714.89","720.16","711.71","","+0.59%"
"Jun 15, 2004","709.36","715.68","715.86","706.06","","-0.96%"
"Jun 14, 2004","716.20","715.80","722.12","715.61","","+0.25%"
"Jun 11, 2004","714.44","708.87","717.26","708.87","","+0.84%"
"Jun 10, 2004","708.49","696.34","709.09","694.98","","+1.46%"
"Jun 09, 2004","698.27","702.16","702.77","697.41","","-0.43%"
"Jun 08, 2004","701.26","704.94","705.96","700.42","","+0.39%"
"Jun 07, 2004","698.51","684.72","699.23","684.72","","+2.65%"
"Jun 04, 2004","680.51","682.75","684.34","674.48","","-0.56%"
"Jun 03, 2004","684.31","701.06","703.06","682.15","","-1.99%"
"Jun 02, 2004","698.17","701.94","701.94","696.40","","-0.57%"
"Jun 01, 2004","702.20","698.74","704.35","698.51","","+0.14%"
"May 31, 2004","701.22","693.50","701.48","689.33","","+1.15%"
"May 28, 2004","693.28","685.06","693.64","685.06","","+1.88%"
"May 27, 2004","680.48","684.28","687.83","678.53","","-0.28%"
"May 26, 2004","682.40","684.85","691.51","682.40","","+0.81%"
"May 25, 2004","676.90","686.94","687.03","674.98","","-1.53%"
"May 24, 2004","687.40","688.00","692.59","686.25","","+0.63%"
"May 21, 2004","683.07","665.09","684.17","665.09","","+3.26%"
"May 20, 2004","661.48","664.85","675.83","657.09","","-0.73%"
"May 19, 2004","666.33","644.27","666.33","644.00","","+4.32%"
"May 18, 2004","638.71","623.11","640.04","620.62","","+3.00%"
"May 17, 2004","620.08","650.58","650.58","617.60","","-5.33%"
"May 14, 2004","654.97","662.29","666.73","645.78","","-1.03%"
"May 13, 2004","661.81","683.64","683.97","661.35","","-3.48%"
"May 12, 2004","685.64","655.91","686.82","655.57","","+5.82%"
"May 11, 2004","647.94","646.25","656.80","641.53","","+0.21%"
"May 10, 2004","646.56","691.64","691.85","644.60","","-7.26%"
"May 07, 2004","697.17","701.34","707.99","696.86","","-1.30%"
"May 06, 2004","706.32","727.58","728.21","706.32","","-2.72%"
"Apr 30, 2004","726.09","733.42","733.42","721.65","","-2.13%"
"Apr 28, 2004","741.89","744.34","746.53","740.87","","+0.18%"
"Apr 27, 2004","740.53","733.63","740.53","730.11","","+1.31%"
"Apr 26, 2004","730.92","739.53","739.53","729.09","","-1.59%"
"Apr 23, 2004","742.71","745.99","745.99","732.37","","-0.38%"
"Apr 22, 2004","745.53","756.28","758.13","744.02","","-0.56%"
"Apr 21, 2004","749.71","749.45","754.32","744.72","","-0.47%"
"Apr 20, 2004","753.27","740.73","753.81","733.95","","+1.94%"
"Apr 19, 2004","738.93","755.08","755.51","728.62","","-2.07%"
"Apr 16, 2004","754.56","757.26","760.26","749.09","","-0.66%"
"Apr 15, 2004","759.59","779.89","781.90","753.16","","-2.38%"
"Apr 14, 2004","778.14","769.94","778.91","768.80","","+0.31%"
"Apr 13, 2004","775.72","779.31","782.53","774.72","","+0.53%"
"Apr 12, 2004","771.64","760.37","774.38","760.37","","+2.10%"
"Apr 09, 2004","755.74","764.97","765.07","751.65","","-2.22%"
"Apr 08, 2004","772.92","766.46","774.32","764.51","","+0.97%"
"Apr 07, 2004","765.46","766.71","770.58","764.56","","-0.82%"
"Apr 06, 2004","771.75","771.70","773.04","761.42","","+0.29%"
"Apr 05, 2004","769.52","764.15","773.52","763.54","","+1.81%"
"Apr 02, 2004","755.85","756.17","759.22","751.97","","+0.11%"
"Apr 01, 2004","755.05","738.85","758.46","738.49","","+2.50%"
"Mar 31, 2004","736.63","725.21","736.63","723.60","","+2.14%"
"Mar 30, 2004","721.20","732.31","735.02","719.33","","-0.82%"
"Mar 29, 2004","727.13","724.43","732.17","724.43","","+0.40%"
"Mar 26, 2004","724.24","721.52","729.09","720.01","","+0.88%"
"Mar 25, 2004","717.89","714.85","718.22","711.87","","+1.27%"
"Mar 24, 2004","708.88","700.13","711.10","700.03","","+1.84%"
"Mar 23, 2004","696.10","689.90","699.23","684.63","","+0.03%"
"Mar 22, 2004","695.88","695.60","697.01","693.09","","-0.21%"
"Mar 19, 2004","697.34","693.62","701.68","691.24","","+0.11%"
"Mar 18, 2004","696.60","707.07","711.69","695.23","","-0.51%"
"Mar 17, 2004","700.18","691.03","700.95","690.98","","+2.27%"
"Mar 16, 2004","684.67","683.58","688.14","682.41","","-0.21%"
"Mar 15, 2004","686.11","679.18","687.43","679.18","","+2.15%"
"Mar 12, 2004","671.67","668.83","673.40","666.29","","-0.61%"
"Mar 11, 2004","675.81","672.56","679.08","667.74","","-0.62%"
"Mar 10, 2004","680.03","686.38","686.38","678.75","","-1.36%"
"Mar 09, 2004","689.43","681.16","689.43","679.55","","+0.76%"
"Mar 08, 2004","684.25","684.60","690.37","684.25","","+0.40%"
"Mar 05, 2004","681.51","671.97","681.51","671.97","","+2.19%"
"Mar 04, 2004","666.89","669.72","673.27","666.89","","-0.47%"
"Mar 03, 2004","670.05","668.68","674.31","666.59","","-0.01%"
"Mar 02, 2004","670.12","668.16","671.12","662.92","","+0.84%"
"Mar 01, 2004","664.52","648.25","664.52","648.03","","+3.35%"
"Feb 27, 2004","642.97","633.18","644.47","632.52","","+1.90%"
"Feb 26, 2004","630.97","624.60","631.33","623.92","","+1.45%"
"Feb 25, 2004","621.97","623.98","626.00","616.89","","-0.75%"
"Feb 24, 2004","626.69","639.57","642.00","626.69","","-2.01%"
"Feb 23, 2004","639.55","633.31","640.04","632.21","","+1.30%"
"Feb 20, 2004","631.32","633.48","636.09","630.43","","-0.58%"
"Feb 19, 2004","635.02","629.98","636.97","628.98","","+1.46%"
"Feb 18, 2004","625.88","635.62","638.05","625.11","","-0.97%"
"Feb 17, 2004","632.03","627.53","632.84","626.07","","+0.89%"
"Feb 16, 2004","626.44","620.31","629.22","619.60","","+1.67%"
"Feb 13, 2004","616.16","603.93","617.79","603.48","","+2.60%"
"Feb 12, 2004","600.55","602.03","605.13","600.55","","+0.53%"
"Feb 10, 2004","597.37","597.87","599.63","592.47","","-0.09%"
"Feb 09, 2004","597.91","609.32","611.79","597.15","","-1.11%"
"Feb 06, 2004","604.63","599.76","604.63","597.98","","+1.19%"
"Feb 05, 2004","597.50","591.38","598.00","590.44","","+0.52%"
"Feb 04, 2004","594.38","613.43","613.68","594.38","","-2.96%"
"Feb 03, 2004","612.48","620.55","621.74","604.36","","-1.06%"
"Feb 02, 2004","619.03","615.76","621.62","615.76","","+0.34%"
"Jan 30, 2004","616.93","612.58","619.33","612.58","","+0.80%"
"Jan 29, 2004","612.05","615.62","615.62","607.66","","-1.36%"
"Jan 28, 2004","620.46","619.93","621.73","617.33","","-0.60%"
"Jan 27, 2004","624.23","635.00","636.62","624.23","","-1.23%"
"Jan 26, 2004","631.99","635.30","636.02","628.16","","-0.69%"
"Jan 23, 2004","636.40","636.84","639.46","632.94","","+0.34%"
"Jan 22, 2004","634.25","639.94","640.96","630.02","","-0.41%"
"Jan 21, 2004","636.85","639.38","644.56","635.28","","-0.77%"
"Jan 20, 2004","641.78","639.28","648.72","637.29","","+0.39%"
"Jan 19, 2004","639.28","630.90","641.15","629.94","","+1.80%"
"Jan 16, 2004","627.97","626.98","628.69","622.91","","+0.13%"
"Jan 15, 2004","627.13","631.79","634.60","627.13","","-0.42%"
"Jan 14, 2004","629.79","624.09","632.58","622.13","","+0.51%"
"Jan 13, 2004","626.59","628.16","629.25","624.62","","+0.09%"
"Jan 09, 2004","626.00","622.64","627.94","618.52","","+1.15%"
"Jan 08, 2004","618.87","620.03","627.30","618.87","","+0.07%"
"Jan 07, 2004","618.45","616.56","618.50","613.17","","+0.08%"
"Jan 06, 2004","617.97","622.56","625.39","615.03","","-0.22%"
"Jan 05, 2004","619.33","613.10","619.33","612.69","","+1.95%"
"Dec 30, 2003","607.47","602.28","609.10","602.28","","+1.69%"
"Dec 29, 2003","597.39","596.59","600.59","596.17","","+0.66%"
"Dec 26, 2003","593.50","587.91","593.59","586.22","","+1.14%"
"Dec 25, 2003","586.83","580.28","586.83","579.64","","+1.06%"
"Dec 24, 2003","580.67","583.94","585.77","579.89","","-0.78%"
"Dec 22, 2003","585.23","578.59","588.20","578.59","","+1.32%"
"Dec 19, 2003","577.60","573.96","578.49","573.37","","+1.65%"
"Dec 18, 2003","568.20","567.38","570.85","564.68","","+0.22%"
"Dec 17, 2003","566.98","575.29","575.29","566.98","","-1.10%"
"Dec 16, 2003","573.27","577.66","577.66","571.09","","-1.85%"
"Dec 15, 2003","584.09","572.80","584.11","571.39","","+3.49%"
"Dec 12, 2003","564.39","568.12","569.29","560.35","","-0.50%"
"Dec 11, 2003","567.21","569.59","571.45","561.30","","-0.06%"
"Dec 10, 2003","567.54","577.66","577.66","566.56","","-2.41%"
"Dec 09, 2003","581.53","585.22","586.96","572.61","","-0.22%"
"Dec 08, 2003","582.82","596.90","597.24","581.31","","-3.06%"
"Dec 05, 2003","601.20","602.46","603.79","599.48","","-0.36%"
"Dec 04, 2003","603.38","597.34","604.27","597.25","","+1.06%"
"Dec 03, 2003","597.08","591.05","599.02","589.25","","+0.88%"
"Dec 02, 2003","591.86","595.53","601.01","590.16","","+0.15%"
"Dec 01, 2003","590.97","573.95","591.45","566.73","","+1.77%"
"Nov 28, 2003","580.72","591.01","591.21","579.94","","-2.40%"
"Nov 27, 2003","594.97","592.75","598.99","589.50","","+0.76%"
"Nov 26, 2003","590.46","579.45","593.99","579.45","","+2.10%"
"Nov 25, 2003","578.34","575.59","582.65","575.16","","+1.66%"
"Nov 21, 2003","568.87","567.64","572.61","564.40","","+0.29%"
"Nov 20, 2003","567.21","562.44","569.44","556.27","","+1.76%"
"Nov 19, 2003","557.41","565.47","565.47","557.32","","-2.20%"
"Nov 18, 2003","569.97","568.50","572.32","551.75","","0.00%"
"Nov 17, 2003","569.99","596.06","596.06","569.50","","-5.39%"
"Nov 14, 2003","602.47","615.91","618.46","601.73","","-1.78%"
"Nov 13, 2003","613.39","610.33","618.13","610.33","","+1.67%"
"Nov 12, 2003","603.29","609.58","614.62","598.49","","-1.19%"
"Nov 11, 2003","610.54","633.56","633.56","603.31","","-4.52%"
"Nov 10, 2003","639.47","652.71","653.44","638.35","","-2.73%"
"Nov 07, 2003","657.41","650.74","657.41","647.53","","+1.30%"
"Nov 06, 2003","648.95","670.52","670.66","648.95","","-3.40%"
"Nov 05, 2003","671.76","671.29","672.49","662.20","","-0.40%"
"Nov 04, 2003","674.46","667.65","677.09","667.65","","+2.30%"
"Oct 31, 2003","659.29","658.00","664.78","654.23","","+0.24%"
"Oct 30, 2003","657.72","658.28","661.35","652.59","","-0.38%"
"Oct 29, 2003","660.26","661.91","667.78","652.51","","+1.07%"
"Oct 28, 2003","653.26","655.44","661.65","651.72","","+0.19%"
"Oct 27, 2003","652.04","646.49","655.90","644.58","","+1.65%"
"Oct 24, 2003","641.46","640.37","653.13","632.89","","+1.30%"
"Oct 23, 2003","633.21","674.17","674.17","632.46","","-7.01%"
"Oct 22, 2003","680.98","698.67","701.54","680.12","","-2.15%"
"Oct 21, 2003","695.91","730.84","730.84","693.81","","-4.52%"
"Oct 20, 2003","728.88","708.56","728.88","705.92","","+2.58%"
"Oct 17, 2003","710.55","706.32","717.71","706.22","","+0.90%"
"Oct 16, 2003","704.19","678.33","704.19","675.95","","+4.21%"
"Oct 15, 2003","675.71","681.43","684.02","675.71","","-0.22%"
"Oct 14, 2003","677.17","666.90","681.43","666.25","","+2.51%"
"Oct 10, 2003","660.57","651.14","662.10","651.14","","+1.96%"
"Oct 09, 2003","647.87","645.96","652.60","644.87","","+0.29%"
"Oct 08, 2003","646.00","651.81","656.71","646.00","","-1.21%"
"Oct 07, 2003","653.88","643.04","654.54","641.25","","+1.51%"
"Oct 06, 2003","644.16","647.92","651.04","644.16","","+0.25%"
"Oct 03, 2003","642.54","634.49","643.72","633.11","","+1.58%"
"Oct 02, 2003","632.55","613.65","633.60","613.61","","+4.09%"
"Oct 01, 2003","607.70","602.42","610.27","598.64","","+1.15%"
"Sep 30, 2003","600.80","604.18","610.65","600.80","","+0.33%"
"Sep 29, 2003","598.82","599.29","601.94","597.21","","+0.31%"
"Sep 26, 2003","596.97","586.05","599.89","585.68","","+1.51%"
"Sep 25, 2003","588.08","598.59","598.60","585.41","","-3.01%"
"Sep 24, 2003","606.30","608.38","616.76","598.61","","+0.31%"
"Sep 22, 2003","604.41","613.10","613.45","603.19","","-1.61%"
"Sep 19, 2003","614.32","625.43","628.26","614.32","","-1.02%"
"Sep 18, 2003","620.68","619.38","623.00","616.41","","+0.26%"
"Sep 17, 2003","619.07","616.96","625.10","616.96","","+1.41%"
"Sep 16, 2003","610.48","604.12","611.44","603.87","","+1.66%"
"Sep 12, 2003","600.51","599.43","601.29","594.37","","+1.25%"
"Sep 11, 2003","593.11","594.91","600.80","592.18","","-1.09%"
"Sep 10, 2003","599.67","596.04","601.99","592.70","","+0.11%"
"Sep 09, 2003","599.02","592.46","600.60","592.38","","+1.96%"
"Sep 08, 2003","587.48","579.01","592.22","578.77","","+0.97%"
"Sep 05, 2003","581.83","586.73","588.12","578.40","","-0.54%"
"Sep 04, 2003","585.01","587.35","591.22","584.51","","+0.06%"
"Sep 03, 2003","584.68","588.22","596.57","584.68","","+0.11%"
"Sep 02, 2003","584.04","581.62","589.12","577.77","","+0.68%"
"Sep 01, 2003","580.07","570.07","580.07","569.77","","+2.66%"
"Aug 29, 2003","565.03","563.77","567.76","561.08","","+0.98%"
"Aug 28, 2003","559.52","566.74","568.78","559.17","","-1.10%"
"Aug 27, 2003","565.77","571.02","573.75","565.70","","-0.70%"
"Aug 26, 2003","569.75","557.16","570.62","555.98","","+2.03%"
"Aug 25, 2003","558.39","563.21","566.18","557.64","","-1.00%"
"Aug 22, 2003","564.04","571.55","571.55","564.04","","-1.18%"
"Aug 21, 2003","570.76","568.86","572.83","565.20","","-0.23%"
"Aug 20, 2003","572.09","564.62","572.49","563.40","","+1.69%"
"Aug 19, 2003","562.59","558.91","564.34","558.18","","+1.49%"
"Aug 18, 2003","554.31","547.20","554.48","546.63","","+1.92%"
"Aug 15, 2003","543.86","547.62","549.88","543.14","","-0.14%"
"Aug 14, 2003","544.60","535.56","545.05","532.90","","+1.92%"
"Aug 13, 2003","534.36","528.64","536.85","528.37","","+1.72%"
"Aug 12, 2003","525.34","521.54","526.34","518.69","","+1.33%"
"Aug 11, 2003","518.45","517.74","520.38","516.42","","+0.91%"
"Aug 08, 2003","513.78","510.82","517.25","510.12","","+1.14%"
"Aug 07, 2003","507.97","517.24","517.57","507.97","","-2.41%"
"Aug 06, 2003","520.53","514.55","522.78","512.38","","+0.22%"
"Aug 05, 2003","519.39","526.49","526.49","517.91","","-1.65%"
"Aug 04, 2003","528.12","530.09","532.31","526.42","","-0.66%"
"Aug 01, 2003","531.65","532.16","535.73","529.87","","+0.86%"
"Jul 31, 2003","527.10","532.62","533.29","522.13","","-0.94%"
"Jul 30, 2003","532.08","538.17","539.71","532.08","","-1.38%"
"Jul 29, 2003","539.50","546.02","547.48","539.50","","-0.68%"
"Jul 28, 2003","543.20","535.25","543.62","534.76","","+2.46%"
"Jul 25, 2003","530.17","525.45","531.85","521.95","","+0.88%"
"Jul 24, 2003","525.56","527.46","529.96","524.00","","-0.09%"
"Jul 23, 2003","526.01","521.32","527.24","521.32","","+1.83%"
"Jul 22, 2003","516.58","514.07","517.50","511.42","","+0.92%"
"Jul 18, 2003","511.89","506.30","514.47","505.49","","+0.83%"
"Jul 17, 2003","507.70","518.18","518.56","506.88","","-2.66%"
"Jul 16, 2003","521.60","524.13","526.05","518.90","","-0.05%"
"Jul 15, 2003","521.85","529.42","536.21","521.85","","-1.14%"
"Jul 14, 2003","527.86","526.09","529.99","524.96","","+0.98%"
"Jul 11, 2003","522.72","536.60","536.60","520.91","","-3.18%"
"Jul 10, 2003","539.91","541.96","546.85","537.70","","-0.62%"
"Jul 09, 2003","543.30","536.77","544.68","534.09","","+1.30%"
"Jul 08, 2003","536.33","527.61","539.56","527.58","","+2.88%"
"Jul 07, 2003","521.34","510.16","522.88","510.16","","+2.64%"
"Jul 04, 2003","507.94","496.41","507.94","495.59","","+1.54%"
"Jul 03, 2003","500.23","505.90","512.90","496.03","","+0.11%"
"Jul 02, 2003","499.68","491.41","499.68","490.64","","+2.44%"
"Jul 01, 2003","487.76","482.70","489.98","482.07","","+1.44%"
"Jun 30, 2003","480.83","478.89","488.34","477.40","","+0.70%"
"Jun 27, 2003","477.47","474.41","478.42","472.92","","+1.59%"
"Jun 26, 2003","470.02","471.98","472.11","466.37","","-0.17%"
"Jun 25, 2003","470.83","468.04","473.19","468.04","","+1.10%"
"Jun 24, 2003","465.73","469.71","470.47","465.73","","-1.48%"
"Jun 23, 2003","472.72","465.50","473.38","464.89","","+2.33%"
"Jun 20, 2003","461.96","456.47","462.73","456.34","","+0.79%"
"Jun 19, 2003","458.36","462.01","462.61","454.97","","-0.29%"
"Jun 18, 2003","459.68","460.05","463.33","459.38","","+0.91%"
"Jun 17, 2003","455.55","458.10","461.86","454.72","","+0.58%"
"Jun 16, 2003","452.91","455.41","455.41","450.45","","-1.16%"
"Jun 13, 2003","458.21","460.21","460.93","457.77","","-0.22%"
"Jun 12, 2003","459.23","463.32","464.58","459.23","","-0.03%"
"Jun 11, 2003","459.36","457.45","463.43","457.33","","+1.24%"
"Jun 10, 2003","453.72","450.39","454.23","449.51","","-0.22%"
"Jun 09, 2003","454.71","449.97","457.39","449.97","","+1.96%"
"Jun 06, 2003","445.96","443.67","448.06","442.03","","+0.90%"
"Jun 05, 2003","441.99","440.25","442.44","440.00","","+1.22%"
"Jun 04, 2003","436.66","437.76","439.91","436.66","","+0.18%"
"Jun 03, 2003","435.87","436.07","436.52","433.78","","-0.04%"
"Jun 02, 2003","436.05","435.20","439.06","435.14","","+0.93%"
"May 30, 2003","432.04","433.44","435.24","432.04","","-0.26%"
"May 29, 2003","433.15","431.58","434.53","431.00","","+0.67%"
"May 28, 2003","430.27","429.14","431.88","428.48","","+1.49%"
"May 27, 2003","423.94","429.37","429.40","423.94","","-1.59%"
"May 26, 2003","430.77","431.39","433.15","430.77","","+0.53%"
"May 23, 2003","428.51","424.66","430.08","424.66","","+1.78%"
"May 22, 2003","421.01","421.47","424.38","420.55","","+0.19%"
"May 21, 2003","420.23","423.77","425.57","419.51","","-0.54%"
"May 20, 2003","422.50","422.14","425.96","421.50","","-0.55%"
"May 19, 2003","424.83","429.65","430.13","422.71","","-1.06%"
"May 16, 2003","429.37","428.34","431.44","427.75","","+0.28%"
"May 15, 2003","428.19","433.15","433.15","425.79","","-1.35%"
"May 14, 2003","434.03","432.61","434.71","428.95","","+0.49%"
"May 13, 2003","431.92","433.23","435.83","431.23","","+0.02%"
"May 12, 2003","431.83","435.65","436.25","429.70","","-0.69%"
"May 09, 2003","434.82","433.06","434.82","430.67","","+0.87%"
"May 08, 2003","431.06","434.33","434.39","430.92","","-1.06%"
"May 07, 2003","435.67","432.20","436.58","431.15","","+1.52%"
"May 06, 2003","429.14","422.64","430.39","422.64","","+2.57%"
"May 02, 2003","418.40","416.87","419.18","413.38","","+0.52%"
"May 01, 2003","416.22","412.68","418.21","410.68","","+0.44%"
"Apr 30, 2003","414.40","408.06","414.47","407.05","","+2.62%"
"Apr 28, 2003","403.83","409.89","409.89","402.80","","-1.74%"
"Apr 25, 2003","410.98","414.37","414.37","409.63","","-0.90%"
"Apr 24, 2003","414.71","417.79","418.94","414.71","","-0.35%"
"Apr 23, 2003","416.18","418.87","418.87","415.31","","-0.41%"
"Apr 22, 2003","417.90","425.33","425.33","417.90","","-2.09%"
"Apr 21, 2003","426.82","422.37","427.41","419.39","","+1.78%"
"Apr 18, 2003","419.35","416.91","420.87","416.81","","+1.00%"
"Apr 17, 2003","415.18","416.20","416.66","414.13","","-0.51%"
"Apr 16, 2003","417.30","419.03","420.01","416.59","","+0.38%"
"Apr 15, 2003","415.70","415.14","418.06","414.91","","+0.80%"
"Apr 14, 2003","412.39","417.97","419.88","410.85","","-2.00%"
"Apr 11, 2003","420.82","423.10","424.07","418.95","","-0.57%"
"Apr 10, 2003","423.23","425.36","425.48","421.51","","-0.93%"
"Apr 09, 2003","427.22","427.77","429.33","423.60","","-0.34%"
"Apr 08, 2003","428.69","426.35","430.01","425.02","","+0.62%"
"Apr 07, 2003","426.03","422.82","426.03","420.19","","+0.94%"
"Apr 04, 2003","422.08","421.32","422.75","419.91","","-0.20%"
"Apr 03, 2003","422.92","426.88","427.53","422.00","","-0.03%"
"Apr 02, 2003","423.06","421.75","423.06","417.41","","+1.11%"
"Apr 01, 2003","418.40","415.62","421.00","414.07","","-0.15%"
"Mar 31, 2003","419.01","431.73","431.73","419.01","","-3.14%"
"Mar 28, 2003","432.60","432.79","433.57","430.82","","+0.16%"
"Mar 27, 2003","431.89","431.20","432.67","429.17","","+0.29%"
"Mar 26, 2003","430.64","425.21","430.77","425.18","","+1.67%"
"Mar 25, 2003","423.58","425.37","430.31","422.81","","-1.36%"
"Mar 24, 2003","429.43","425.06","432.73","425.06","","+2.34%"
"Mar 20, 2003","419.63","411.65","420.67","411.57","","+2.72%"
"Mar 19, 2003","408.52","409.62","410.01","402.45","","-0.55%"
"Mar 18, 2003","410.77","414.42","417.53","410.77","","+0.50%"
"Mar 17, 2003","408.73","417.91","417.91","408.73","","-2.51%"
"Mar 14, 2003","419.25","418.84","423.93","418.84","","+0.80%"
"Mar 13, 2003","415.94","418.74","421.65","415.36","","-0.28%"
"Mar 12, 2003","417.09","412.88","418.38","412.78","","+1.03%"
"Mar 11, 2003","412.82","415.49","418.79","412.82","","-1.61%"
"Mar 10, 2003","419.56","425.25","425.25","417.49","","-1.92%"
"Mar 07, 2003","427.77","437.36","437.74","427.77","","-2.97%"
"Mar 06, 2003","440.87","442.16","445.61","440.87","","-0.39%"
"Mar 05, 2003","442.60","443.24","444.50","440.67","","-0.90%"
"Mar 04, 2003","446.64","446.30","448.39","444.86","","-0.08%"
"Mar 03, 2003","447.01","437.10","447.01","436.86","","+2.10%"
"Feb 28, 2003","437.82","436.28","439.87","436.00","","+1.21%"
"Feb 27, 2003","432.59","432.52","434.18","428.77","","-0.12%"
"Feb 26, 2003","433.13","434.69","438.94","431.48","","-0.28%"
"Feb 25, 2003","434.35","442.35","442.35","433.50","","-2.34%"
"Feb 24, 2003","444.76","446.94","448.82","444.76","","-0.41%"
"Feb 21, 2003","446.60","449.40","451.93","446.03","","-0.45%"
"Feb 20, 2003","448.63","450.76","450.76","446.04","","-0.57%"
"Feb 19, 2003","451.18","458.13","458.32","450.95","","-1.33%"
"Feb 18, 2003","457.28","459.48","460.00","452.31","","-0.79%"
"Feb 17, 2003","460.94","458.97","462.78","458.92","","+1.18%"
"Feb 14, 2003","455.58","449.47","456.10","449.34","","+1.28%"
"Feb 13, 2003","449.81","451.52","452.10","447.53","","-0.55%"
"Feb 12, 2003","452.28","446.04","452.41","446.04","","+1.66%"
"Feb 10, 2003","444.88","441.80","444.88","441.80","","+1.20%"
"Feb 07, 2003","439.61","439.49","440.74","437.12","","+0.23%"
"Feb 06, 2003","438.62","441.52","442.29","436.87","","-0.23%"
"Feb 05, 2003","439.65","439.83","446.47","439.15","","-0.75%"
"Feb 04, 2003","442.98","439.33","445.22","439.14","","+2.03%"
"Feb 03, 2003","434.15","423.25","434.15","421.82","","+2.47%"
"Jan 31, 2003","423.67","422.68","425.78","419.94","","-0.20%"
"Jan 30, 2003","424.54","422.79","426.24","421.65","","+0.60%"
"Jan 29, 2003","422.01","430.78","430.78","421.40","","-2.09%"
"Jan 28, 2003","431.04","437.39","437.51","431.04","","-2.34%"
"Jan 27, 2003","441.36","444.43","446.55","439.81","","-0.76%"
"Jan 24, 2003","444.76","445.45","448.75","444.36","","+0.38%"
"Jan 23, 2003","443.08","434.17","443.08","433.42","","+2.20%"
"Jan 22, 2003","433.53","436.91","439.63","433.53","","-0.30%"
"Jan 21, 2003","434.82","431.88","436.51","431.14","","+0.68%"
"Jan 20, 2003","431.87","430.92","433.82","427.50","","+0.54%"
"Jan 17, 2003","429.53","422.99","431.94","422.99","","+1.97%"
"Jan 16, 2003","421.22","413.94","422.00","413.07","","+2.01%"
"Jan 15, 2003","412.91","408.63","412.91","406.96","","+1.40%"
"Jan 14, 2003","407.20","406.77","408.33","405.08","","-0.09%"
"Jan 10, 2003","407.56","410.92","410.92","404.55","","-0.21%"
"Jan 09, 2003","408.43","406.45","408.43","403.17","","-0.44%"
"Jan 08, 2003","410.25","418.10","418.10","409.84","","-2.47%"
"Jan 07, 2003","420.63","426.95","429.08","420.63","","-0.27%"
"Jan 06, 2003","421.77","415.08","422.35","415.08","","+2.48%"
"Dec 30, 2002","411.56","411.74","411.74","409.88","","-1.05%"
"Dec 27, 2002","415.94","412.00","415.94","411.33","","+1.34%"
"Dec 26, 2002","410.44","404.03","410.56","403.99","","+2.57%"
"Dec 25, 2002","400.17","399.11","401.02","398.25","","+0.01%"
"Dec 24, 2002","400.14","398.54","401.14","397.18","","+0.50%"
"Dec 20, 2002","398.13","401.87","401.87","395.29","","-0.94%"
"Dec 19, 2002","401.89","396.93","401.89","392.60","","+0.48%"
"Dec 18, 2002","399.97","402.95","405.02","398.91","","-1.25%"
"Dec 17, 2002","405.04","405.52","407.14","403.75","","+0.51%"
"Dec 16, 2002","402.99","406.45","407.13","401.87","","-1.22%"
"Dec 13, 2002","407.97","410.55","411.89","406.49","","-0.86%"
"Dec 12, 2002","411.50","412.51","413.97","410.65","","-0.30%"
"Dec 11, 2002","412.75","416.21","417.00","412.04","","-0.67%"
"Dec 10, 2002","415.53","411.92","416.85","411.76","","+0.54%"
"Dec 09, 2002","413.30","418.52","418.64","413.30","","-0.93%"
"Dec 06, 2002","417.20","420.92","420.92","416.27","","-0.96%"
"Dec 05, 2002","421.26","423.49","424.54","420.81","","-0.60%"
"Dec 04, 2002","423.80","426.20","426.52","420.95","","-1.34%"
"Dec 03, 2002","429.56","433.91","435.36","428.48","","-0.42%"
"Dec 02, 2002","431.39","434.81","436.83","429.08","","-0.55%"
"Nov 29, 2002","433.76","432.43","437.20","430.13","","+0.10%"
"Nov 28, 2002","433.34","428.66","434.85","428.66","","+2.01%"
"Nov 27, 2002","424.81","416.07","426.41","416.07","","+1.74%"
"Nov 26, 2002","417.54","423.11","427.59","416.72","","-0.78%"
"Nov 25, 2002","420.83","410.64","422.67","410.51","","+3.26%"
"Nov 22, 2002","407.55","410.36","412.20","404.03","","+0.35%"
"Nov 21, 2002","406.14","400.40","407.62","399.89","","+2.28%"
"Nov 20, 2002","397.07","385.18","400.28","384.10","","+3.41%"
"Nov 19, 2002","383.99","381.21","384.43","379.72","","-0.01%"
"Nov 18, 2002","384.02","395.41","395.62","382.42","","-2.95%"
"Nov 15, 2002","395.71","393.05","396.43","391.63","","+1.67%"
"Nov 14, 2002","389.20","400.79","403.52","388.66","","-2.75%"
"Nov 13, 2002","400.22","407.78","407.78","400.22","","-1.99%"
"Nov 12, 2002","408.36","403.06","409.38","402.65","","+0.69%"
"Nov 11, 2002","405.56","412.95","413.13","405.43","","-2.52%"
"Nov 08, 2002","416.05","421.77","421.85","415.74","","-2.33%"
"Nov 07, 2002","425.98","425.52","427.14","422.97","","-0.15%"
"Nov 06, 2002","426.62","429.54","431.89","424.69","","-0.10%"
"Nov 05, 2002","427.04","418.81","428.22","418.81","","+2.85%"
"Nov 01, 2002","415.19","415.69","416.50","412.18","","-0.43%"
"Oct 31, 2002","416.98","425.30","425.36","415.69","","-1.49%"
"Oct 30, 2002","423.29","416.93","425.22","416.25","","+1.04%"
"Oct 29, 2002","418.93","418.81","421.36","418.35","","-0.32%"
"Oct 28, 2002","420.27","420.57","420.57","413.79","","-0.14%"
"Oct 25, 2002","420.86","413.00","420.86","412.84","","+1.92%"
"Oct 24, 2002","412.92","416.11","416.28","409.98","","-0.60%"
"Oct 23, 2002","415.42","412.62","415.42","405.72","","-0.25%"
"Oct 22, 2002","416.45","431.49","431.49","416.45","","-3.53%"
"Oct 21, 2002","431.67","433.51","434.66","430.56","","+0.23%"
"Oct 18, 2002","430.66","433.21","434.48","430.41","","+0.19%"
"Oct 17, 2002","429.83","428.96","433.94","427.69","","-0.28%"
"Oct 16, 2002","431.03","436.37","439.46","430.52","","+0.01%"
"Oct 15, 2002","430.99","424.76","431.94","424.65","","+2.90%"
"Oct 11, 2002","418.85","414.25","420.40","414.25","","+2.04%"
"Oct 10, 2002","410.46","411.64","411.66","400.79","","-0.64%"
"Oct 09, 2002","413.09","420.37","420.97","413.09","","-1.70%"
"Oct 08, 2002","420.24","422.66","423.14","418.42","","-1.04%"
"Oct 07, 2002","424.67","435.28","435.28","422.96","","-3.69%"
"Oct 04, 2002","440.92","445.62","445.62","437.43","","-1.99%"
"Oct 03, 2002","449.88","456.98","458.21","448.70","","-1.35%"
"Oct 02, 2002","456.05","465.93","466.74","456.05","","-1.38%"
"Oct 01, 2002","462.45","466.39","467.27","459.67","","-1.22%"
"Sep 30, 2002","468.18","470.61","473.05","468.18","","-1.09%"
"Sep 27, 2002","473.33","468.99","476.14","468.99","","+2.04%"
"Sep 26, 2002","463.86","463.04","467.43","462.96","","+1.05%"
"Sep 25, 2002","459.04","457.89","465.01","457.08","","-0.76%"
"Sep 24, 2002","462.56","463.57","463.57","456.25","","-0.69%"
"Sep 20, 2002","465.79","470.70","475.54","463.65","","-1.39%"
"Sep 19, 2002","472.34","466.92","478.76","466.92","","+2.40%"
"Sep 18, 2002","461.25","455.03","461.25","453.48","","+0.47%"
"Sep 17, 2002","459.11","448.33","460.15","448.33","","+3.01%"
"Sep 13, 2002","445.70","449.44","449.44","442.85","","-1.82%"
"Sep 12, 2002","453.96","450.91","454.50","448.07","","+0.31%"
"Sep 11, 2002","452.54","452.79","454.83","450.85","","+0.33%"
"Sep 10, 2002","451.05","451.45","455.47","450.30","","+0.06%"
"Sep 09, 2002","450.79","443.21","450.79","442.98","","+2.47%"
"Sep 06, 2002","439.91","440.06","441.86","436.32","","-1.02%"
"Sep 05, 2002","444.46","441.60","446.51","438.80","","+1.39%"
"Sep 04, 2002","438.36","442.16","442.32","435.38","","-1.94%"
"Sep 03, 2002","447.03","455.23","456.05","446.36","","-2.12%"
"Sep 02, 2002","456.72","462.37","462.37","456.72","","-1.75%"
"Aug 30, 2002","464.86","461.89","465.68","458.47","","+0.95%"
"Aug 29, 2002","460.50","467.44","467.44","460.35","","-2.24%"
"Aug 28, 2002","471.07","478.15","478.83","469.01","","-1.70%"
"Aug 27, 2002","479.21","486.53","488.38","479.21","","-2.03%"
"Aug 26, 2002","489.15","479.17","489.15","478.83","","+1.87%"
"Aug 23, 2002","480.15","478.92","483.67","478.33","","+1.04%"
"Aug 22, 2002","475.22","467.18","475.43","464.51","","+1.85%"
"Aug 21, 2002","466.61","467.16","469.76","464.63","","-0.80%"
"Aug 20, 2002","470.35","475.11","475.46","467.41","","-0.47%"
"Aug 19, 2002","472.57","476.57","477.79","469.64","","-0.86%"
"Aug 16, 2002","476.67","475.93","478.61","474.41","","+0.91%"
"Aug 15, 2002","472.36","469.99","474.28","469.70","","+1.36%"
"Aug 14, 2002","466.01","466.41","469.02","464.86","","-0.63%"
"Aug 13, 2002","468.97","468.60","473.07","467.70","","-0.92%"
"Aug 12, 2002","473.31","479.29","479.29","472.77","","-1.27%"
"Aug 09, 2002","479.39","471.74","480.66","471.56","","+2.74%"
"Aug 08, 2002","466.60","468.53","474.05","465.92","","+0.29%"
"Aug 07, 2002","465.23","458.56","468.20","458.56","","+2.39%"
"Aug 06, 2002","454.35","460.80","460.80","453.76","","-2.21%"
"Aug 05, 2002","464.61","464.04","468.42","462.42","","-0.19%"
"Aug 02, 2002","465.49","463.53","468.11","459.95","","-0.30%"
"Aug 01, 2002","466.88","473.24","473.87","465.95","","-1.77%"
"Jul 31, 2002","475.28","479.20","479.29","472.84","","-1.42%"
"Jul 30, 2002","482.11","480.58","483.34","479.73","","+0.98%"
"Jul 29, 2002","477.43","464.95","477.43","464.14","","+3.44%"
"Jul 26, 2002","461.56","466.44","466.44","458.12","","-1.31%"
"Jul 25, 2002","467.70","474.35","477.74","467.70","","-0.03%"
"Jul 24, 2002","467.82","475.12","475.12","467.07","","-2.15%"
"Jul 23, 2002","478.11","476.48","480.19","473.84","","-0.54%"
"Jul 22, 2002","480.71","479.95","483.71","475.66","","-1.07%"
"Jul 19, 2002","485.92","492.15","492.15","484.11","","-1.59%"
"Jul 18, 2002","493.75","492.97","495.90","490.38","","+0.80%"
"Jul 17, 2002","489.85","491.45","492.01","484.84","","-0.50%"
"Jul 16, 2002","492.33","499.52","499.87","492.33","","-2.26%"
"Jul 15, 2002","503.72","511.98","511.99","503.39","","-2.27%"
"Jul 12, 2002","515.42","521.19","523.93","515.42","","-0.76%"
"Jul 11, 2002","519.38","525.15","525.15","517.82","","-1.29%"
"Jul 10, 2002","526.16","528.15","532.23","526.16","","-0.69%"
"Jul 09, 2002","529.80","523.86","529.80","521.08","","+1.12%"
"Jul 08, 2002","523.92","536.90","537.15","523.38","","-1.80%"
"Jul 05, 2002","533.51","535.36","536.44","532.25","","-0.39%"
"Jul 04, 2002","535.62","536.57","537.74","533.17","","-0.40%"
"Jul 03, 2002","537.75","524.38","538.77","523.26","","+1.77%"
"Jul 02, 2002","528.39","523.66","528.39","519.56","","+0.70%"
"Jul 01, 2002","524.70","525.95","527.81","522.39","","+0.24%"
"Jun 28, 2002","523.45","515.88","524.37","515.80","","+2.57%"
"Jun 27, 2002","510.31","510.26","515.63","509.77","","+0.83%"
"Jun 26, 2002","506.09","516.44","516.72","505.59","","-2.78%"
"Jun 25, 2002","520.58","515.58","524.67","515.44","","+1.58%"
"Jun 24, 2002","512.49","507.10","512.49","502.23","","+0.39%"
"Jun 21, 2002","510.51","513.02","514.86","509.52","","-1.16%"
"Jun 20, 2002","516.51","510.71","516.51","505.42","","+0.89%"
"Jun 19, 2002","511.93","526.30","528.55","511.93","","-3.23%"
"Jun 18, 2002","529.01","530.39","536.42","525.76","","+0.87%"
"Jun 17, 2002","524.45","541.03","541.03","523.69","","-3.72%"
"Jun 14, 2002","544.69","553.19","553.28","542.44","","-2.15%"
"Jun 13, 2002","556.64","565.18","566.94","554.92","","-1.38%"
"Jun 12, 2002","564.41","567.81","568.62","563.89","","-1.18%"
"Jun 11, 2002","571.17","567.03","572.43","566.40","","+0.67%"
"Jun 10, 2002","567.37","570.40","572.22","566.84","","-0.42%"
"Jun 07, 2002","569.77","568.54","569.77","564.11","","-0.63%"
"Jun 06, 2002","573.39","578.56","580.47","572.40","","-0.81%"
"Jun 05, 2002","578.08","578.89","580.18","575.95","","+0.43%"
"Jun 04, 2002","575.58","580.28","581.27","574.49","","-1.15%"
"Jun 03, 2002","582.25","572.64","582.55","572.62","","+2.40%"
"May 31, 2002","568.58","574.61","580.30","568.58","","-1.01%"
"May 30, 2002","574.39","573.19","574.82","568.92","","+0.49%"
"May 29, 2002","571.61","575.18","575.18","570.42","","-1.38%"
"May 28, 2002","579.63","586.51","586.51","576.72","","-1.57%"
"May 27, 2002","588.90","592.54","594.86","588.90","","-0.84%"
"May 24, 2002","593.86","597.01","598.02","588.90","","-0.46%"
"May 23, 2002","596.58","594.44","599.05","593.69","","+0.70%"
"May 22, 2002","592.46","579.09","592.77","578.35","","+2.10%"
"May 21, 2002","580.28","572.96","581.18","572.13","","+1.61%"
"May 20, 2002","571.09","575.40","575.93","571.09","","-0.15%"
"May 17, 2002","571.95","575.48","578.96","571.95","","-0.18%"
"May 16, 2002","573.01","563.52","573.31","562.91","","+2.09%"
"May 15, 2002","561.30","558.03","564.88","557.93","","+1.53%"
"May 14, 2002","552.83","554.05","554.70","549.34","","+0.22%"
"May 13, 2002","551.61","555.15","555.79","549.55","","-0.82%"
"May 10, 2002","556.18","553.24","557.51","553.24","","-0.18%"
"May 09, 2002","557.20","553.12","558.63","552.48","","+1.68%"
"May 08, 2002","548.02","545.08","551.41","545.08","","+0.43%"
"May 07, 2002","545.66","549.68","550.05","544.69","","-0.95%"
"May 02, 2002","550.91","549.75","552.96","547.77","","+0.48%"
"May 01, 2002","548.29","545.06","550.90","545.06","","+1.07%"
"Apr 30, 2002","542.49","544.02","544.86","541.03","","-0.41%"
"Apr 26, 2002","544.71","548.22","548.22","537.99","","-0.57%"
"Apr 25, 2002","547.86","551.82","553.04","546.43","","-0.74%"
"Apr 24, 2002","551.92","552.15","555.32","548.44","","-0.04%"
"Apr 23, 2002","552.13","550.82","553.69","549.07","","-0.31%"
"Apr 22, 2002","553.87","547.42","553.87","547.42","","+1.39%"
"Apr 19, 2002","546.27","546.40","546.40","540.52","","-0.51%"
"Apr 18, 2002","549.08","546.27","550.03","544.62","","+0.19%"
"Apr 17, 2002","548.02","548.09","549.39","542.75","","+0.63%"
"Apr 16, 2002","544.58","537.76","545.08","536.43","","+1.21%"
"Apr 15, 2002","538.08","534.52","538.08","528.53","","+0.51%"
"Apr 12, 2002","535.36","538.33","539.95","529.68","","-0.98%"
"Apr 11, 2002","540.65","549.79","550.03","540.65","","-1.18%"
"Apr 10, 2002","547.08","545.13","549.32","542.47","","+0.06%"
"Apr 09, 2002","546.77","555.94","556.40","546.00","","-1.59%"
"Apr 08, 2002","555.58","558.49","558.49","552.50","","-0.21%"
"Apr 05, 2002","556.74","558.49","559.34","555.38","","-0.28%"
"Apr 04, 2002","558.33","551.04","559.58","548.93","","+2.19%"
"Apr 03, 2002","546.37","537.38","549.45","534.60","","+1.27%"
"Apr 02, 2002","539.54","527.04","540.43","524.29","","+2.86%"
"Apr 01, 2002","524.54","536.98","537.88","523.85","","-1.87%"
"Mar 29, 2002","534.52","555.35","555.35","534.52","","-3.48%"
"Mar 28, 2002","553.78","548.80","555.65","547.94","","+1.29%"
"Mar 27, 2002","546.72","531.71","548.91","530.33","","+3.14%"
"Mar 26, 2002","530.06","531.55","535.38","526.86","","-1.24%"
"Mar 25, 2002","536.72","535.31","544.32","530.78","","+0.45%"
"Mar 22, 2002","534.31","547.05","547.05","534.14","","-2.92%"
"Mar 20, 2002","550.36","562.05","562.59","545.04","","-1.94%"
"Mar 19, 2002","561.22","560.78","563.14","558.42","","+0.56%"
"Mar 18, 2002","558.09","568.73","569.19","558.09","","-1.53%"
"Mar 15, 2002","566.79","559.26","566.79","558.81","","+2.14%"
"Mar 14, 2002","554.91","551.15","556.50","540.79","","+0.96%"
"Mar 13, 2002","549.66","557.19","564.68","549.18","","-2.33%"
"Mar 12, 2002","562.80","575.19","580.36","561.49","","-2.60%"
"Mar 11, 2002","577.81","547.72","577.81","547.72","","+6.69%"
"Mar 08, 2002","541.56","535.17","547.15","533.96","","+1.05%"
"Mar 07, 2002","535.94","530.41","536.56","526.22","","+1.61%"
"Mar 06, 2002","527.46","533.18","536.61","526.62","","-1.37%"
"Mar 05, 2002","534.80","541.02","543.40","527.34","","-0.78%"
"Mar 04, 2002","538.99","521.16","538.99","521.08","","+4.13%"
"Mar 01, 2002","517.61","510.44","517.61","506.04","","+1.46%"
"Feb 28, 2002","510.15","514.28","518.67","510.15","","-0.29%"
"Feb 27, 2002","511.65","496.94","511.65","496.34","","+3.51%"
"Feb 26, 2002","494.32","501.18","502.83","491.85","","-0.53%"
"Feb 25, 2002","496.95","499.35","501.98","495.95","","+0.02%"
"Feb 22, 2002","496.85","492.94","498.81","485.73","","+0.16%"
"Feb 21, 2002","496.06","479.29","496.06","479.25","","+4.09%"
"Feb 20, 2002","476.58","474.36","477.65","472.26","","-0.38%"
"Feb 19, 2002","478.39","488.31","489.20","474.25","","-2.33%"
"Feb 18, 2002","489.82","482.98","490.49","482.40","","+1.37%"
"Feb 15, 2002","483.22","478.60","484.54","476.64","","+0.89%"
"Feb 14, 2002","478.94","478.31","486.52","478.31","","+0.52%"
"Feb 13, 2002","476.46","468.39","477.43","467.35","","+2.07%"
"Feb 12, 2002","466.82","464.19","468.87","464.19","","+1.81%"
"Feb 08, 2002","458.53","457.17","461.84","455.38","","+0.12%"
"Feb 07, 2002","457.99","452.47","459.09","450.55","","+1.56%"
"Feb 06, 2002","450.95","450.39","454.73","450.13","","-0.65%"
"Feb 05, 2002","453.91","456.69","459.28","451.77","","-1.21%"
"Feb 04, 2002","459.49","465.29","465.29","457.96","","-0.91%"
"Feb 01, 2002","463.70","467.72","467.72","458.75","","-0.43%"
"Jan 31, 2002","465.68","466.31","468.39","461.98","","+0.17%"
"Jan 30, 2002","464.90","466.88","466.88","459.70","","-1.35%"
"Jan 29, 2002","471.28","475.81","475.81","471.28","","-0.93%"
"Jan 28, 2002","475.71","469.77","476.72","469.77","","+1.71%"
"Jan 25, 2002","467.72","469.96","470.16","465.23","","-0.29%"
"Jan 24, 2002","469.08","473.41","473.74","465.93","","-1.31%"
"Jan 23, 2002","475.32","476.00","477.65","472.72","","-0.45%"
"Jan 22, 2002","477.45","484.58","488.87","474.70","","-1.36%"
"Jan 21, 2002","484.03","478.76","485.24","477.08","","+0.92%"
"Jan 18, 2002","479.63","468.30","479.63","467.39","","+3.02%"
"Jan 17, 2002","465.56","466.42","466.99","460.57","","-0.61%"
"Jan 16, 2002","468.41","463.32","470.43","461.50","","+0.69%"
"Jan 15, 2002","465.20","470.31","470.31","461.80","","-2.11%"
"Jan 11, 2002","475.21","478.70","479.96","474.02","","-0.40%"
"Jan 10, 2002","477.11","489.86","490.68","477.11","","-2.66%"
"Jan 09, 2002","490.14","488.06","492.74","487.69","","-0.08%"
"Jan 08, 2002","490.52","493.85","495.42","484.02","","-1.07%"
"Jan 07, 2002","495.85","490.85","496.99","490.21","","+0.83%"
"Jan 04, 2002","491.75","489.38","492.37","486.88","","+1.50%"
"Dec 28, 2001","484.49","480.42","484.66","479.62","","+1.41%"
"Dec 27, 2001","477.75","467.86","477.75","467.57","","+2.82%"
"Dec 26, 2001","464.64","469.76","470.39","464.53","","-0.57%"
"Dec 25, 2001","467.31","468.70","468.81","460.39","","+0.16%"
"Dec 21, 2001","466.56","465.28","469.70","463.26","","+0.54%"
"Dec 20, 2001","464.04","456.82","465.96","454.68","","+2.57%"
"Dec 19, 2001","452.43","450.37","460.78","450.37","","+0.71%"
"Dec 18, 2001","449.22","465.31","465.52","445.83","","-2.77%"
"Dec 17, 2001","462.01","477.23","477.23","461.35","","-3.43%"
"Dec 14, 2001","478.40","484.74","484.84","473.42","","-2.05%"
"Dec 13, 2001","488.41","494.58","495.53","484.88","","-1.53%"
"Dec 12, 2001","495.99","482.05","495.99","480.77","","+2.30%"
"Dec 11, 2001","484.85","493.29","493.29","482.87","","-2.48%"
"Dec 10, 2001","497.17","510.13","510.13","497.17","","-2.39%"
"Dec 07, 2001","509.34","517.03","518.11","506.88","","-1.40%"
"Dec 06, 2001","516.58","518.55","528.04","514.64","","+0.70%"
"Dec 05, 2001","513.01","509.97","513.01","507.45","","+1.03%"
"Dec 04, 2001","507.80","509.74","511.47","501.09","","-0.20%"
"Dec 03, 2001","508.82","525.99","526.09","508.82","","-3.14%"
"Nov 30, 2001","525.30","524.36","527.42","523.06","","+0.36%"
"Nov 29, 2001","523.42","525.93","526.22","521.37","","-1.30%"
"Nov 28, 2001","530.34","535.50","537.23","530.00","","-1.79%"
"Nov 27, 2001","540.01","544.71","546.85","539.08","","-0.65%"
"Nov 26, 2001","543.54","536.52","544.61","536.49","","+2.15%"
"Nov 22, 2001","532.10","529.71","532.10","527.13","","+0.56%"
"Nov 21, 2001","529.16","527.94","533.35","524.58","","+0.06%"
"Nov 20, 2001","528.86","536.35","538.97","528.76","","-0.93%"
"Nov 19, 2001","533.84","530.70","540.17","530.26","","+0.88%"
"Nov 16, 2001","529.18","512.91","536.05","512.70","","+3.82%"
"Nov 15, 2001","509.70","502.26","509.70","498.70","","+1.17%"
"Nov 14, 2001","503.79","516.47","518.57","502.86","","-1.35%"
"Nov 13, 2001","510.69","510.08","510.69","504.32","","-0.58%"
"Nov 12, 2001","513.66","515.57","517.20","509.00","","-0.83%"
"Nov 09, 2001","517.95","527.99","527.99","516.84","","-2.28%"
"Nov 08, 2001","530.04","527.68","533.38","526.49","","+0.83%"
"Nov 07, 2001","525.70","547.37","547.75","525.70","","-3.70%"
"Nov 06, 2001","545.88","544.74","546.94","541.98","","+0.61%"
"Nov 05, 2001","542.57","541.02","542.57","537.56","","+0.23%"
"Nov 02, 2001","541.31","548.81","548.98","540.93","","-1.04%"
"Nov 01, 2001","547.01","556.29","560.27","546.33","","-1.35%"
"Oct 31, 2001","554.47","556.00","557.33","552.05","","-0.74%"
"Oct 30, 2001","558.60","561.65","562.31","552.80","","-1.62%"
"Oct 29, 2001","567.77","577.85","578.48","567.76","","-2.12%"
"Oct 26, 2001","580.07","589.23","591.85","576.13","","-0.89%"
"Oct 25, 2001","585.26","580.86","586.07","580.41","","+1.40%"
"Oct 24, 2001","577.18","578.30","581.56","574.55","","-0.42%"
"Oct 23, 2001","579.60","579.43","583.34","570.43","","+1.07%"
"Oct 22, 2001","573.49","563.57","576.40","563.43","","+2.28%"
"Oct 19, 2001","560.71","555.46","560.71","549.92","","+1.31%"
"Oct 18, 2001","553.47","556.94","558.21","551.95","","-1.42%"
"Oct 17, 2001","561.42","553.92","562.17","553.58","","+1.69%"
"Oct 16, 2001","552.08","547.43","554.07","544.98","","+0.35%"
"Oct 15, 2001","550.14","549.67","551.40","547.59","","-0.59%"
"Oct 12, 2001","553.38","542.28","554.36","542.28","","+3.16%"
"Oct 11, 2001","536.41","523.18","536.41","522.95","","+3.62%"
"Oct 10, 2001","517.68","524.25","524.25","516.74","","-1.38%"
"Oct 09, 2001","524.91","535.89","535.89","522.75","","-3.08%"
"Oct 05, 2001","541.59","542.00","542.98","538.24","","+0.03%"
"Oct 04, 2001","541.41","533.47","541.41","533.47","","+2.33%"
"Oct 03, 2001","529.10","536.23","540.01","529.10","","-0.42%"
"Oct 02, 2001","531.33","521.37","531.33","520.20","","+2.34%"
"Oct 01, 2001","519.18","506.99","520.26","505.34","","+2.92%"
"Sep 28, 2001","504.45","491.94","508.24","491.93","","+3.73%"
"Sep 27, 2001","486.29","485.75","490.21","482.77","","-0.26%"
"Sep 26, 2001","487.57","495.46","495.83","484.21","","-1.76%"
"Sep 25, 2001","496.31","488.06","508.02","488.06","","+2.79%"
"Sep 21, 2001","482.86","488.25","488.25","478.40","","-2.12%"
"Sep 20, 2001","493.34","503.81","504.12","486.97","","-3.19%"
"Sep 19, 2001","509.59","501.94","514.52","501.94","","+1.92%"
"Sep 18, 2001","499.98","493.50","507.01","493.50","","+1.81%"
"Sep 17, 2001","491.07","512.98","512.98","488.02","","-5.33%"
"Sep 14, 2001","518.72","501.67","522.21","500.80","","+3.63%"
"Sep 13, 2001","500.55","500.22","500.55","492.52","","+0.57%"
"Sep 12, 2001","497.73","529.90","529.90","497.68","","-7.55%"
"Sep 11, 2001","538.40","540.56","544.36","535.69","","-0.08%"
"Sep 10, 2001","538.85","549.30","549.30","537.09","","-3.03%"
"Sep 07, 2001","555.66","550.24","557.85","546.50","","+0.32%"
"Sep 06, 2001","553.89","552.11","555.69","546.36","","-0.38%"
"Sep 05, 2001","556.03","554.71","560.78","550.28","","0.00%"
"Sep 04, 2001","556.04","554.82","556.04","535.67","","-0.38%"
"Sep 03, 2001","558.17","579.21","579.21","556.58","","-3.90%"
"Aug 31, 2001","580.82","586.81","586.94","579.65","","-1.85%"
"Aug 30, 2001","591.74","597.30","597.58","584.76","","-1.73%"
"Aug 29, 2001","602.15","614.08","614.08","601.76","","-2.98%"
"Aug 28, 2001","620.62","618.23","620.62","607.75","","-0.18%"
"Aug 27, 2001","621.73","626.45","632.73","621.73","","+0.34%"
"Aug 24, 2001","619.65","630.60","632.20","618.73","","-1.42%"
"Aug 23, 2001","628.57","642.20","642.20","625.10","","-1.66%"
"Aug 22, 2001","639.19","632.27","644.18","631.08","","+1.14%"
"Aug 21, 2001","631.99","634.30","638.34","626.23","","+0.08%"
"Aug 20, 2001","631.49","636.79","636.79","628.37","","-1.65%"
"Aug 17, 2001","642.11","643.97","645.43","640.15","","+0.19%"
"Aug 16, 2001","640.88","633.40","643.41","632.42","","+0.53%"
"Aug 15, 2001","637.49","635.06","637.60","633.12","","+0.30%"
"Aug 14, 2001","635.59","622.60","636.18","622.60","","+2.80%"
"Aug 13, 2001","618.29","624.55","624.57","615.00","","-1.11%"
"Aug 10, 2001","625.21","628.47","632.22","623.45","","-0.36%"
"Aug 09, 2001","627.45","637.63","638.25","627.45","","-2.48%"
"Aug 08, 2001","643.39","646.65","648.26","640.99","","-0.69%"
"Aug 07, 2001","647.86","631.00","647.86","628.92","","+2.32%"
"Aug 06, 2001","633.17","635.73","636.85","629.02","","-0.93%"
"Aug 03, 2001","639.11","640.02","641.86","637.58","","-0.25%"
"Aug 02, 2001","640.69","630.81","642.02","630.00","","+2.12%"
"Aug 01, 2001","627.38","625.89","627.38","622.26","","+0.48%"
"Jul 31, 2001","624.39","612.45","624.39","610.87","","+2.22%"
"Jul 30, 2001","610.84","630.03","630.72","610.84","","-3.11%"
"Jul 27, 2001","630.43","630.66","634.08","628.20","","+0.24%"
"Jul 26, 2001","628.95","623.92","628.95","619.98","","+1.45%"
"Jul 25, 2001","619.94","613.34","631.42","611.27","","+1.14%"
"Jul 24, 2001","612.96","604.53","612.96","601.48","","+0.85%"
"Jul 23, 2001","607.79","626.58","626.58","605.26","","-3.31%"
"Jul 19, 2001","628.58","629.60","630.22","620.97","","-0.72%"
"Jul 18, 2001","633.16","645.60","646.92","632.99","","-1.81%"
"Jul 17, 2001","644.83","650.77","651.26","644.43","","-1.56%"
"Jul 16, 2001","655.08","664.33","664.51","653.74","","-1.88%"
"Jul 13, 2001","667.66","666.03","670.83","665.82","","+0.92%"
"Jul 12, 2001","661.57","659.40","661.68","654.73","","+0.88%"
"Jul 11, 2001","655.79","661.46","661.76","653.79","","-1.36%"
"Jul 10, 2001","664.80","659.73","664.81","659.16","","+1.35%"
"Jul 09, 2001","655.93","657.92","657.92","648.91","","-0.80%"
"Jul 06, 2001","661.23","675.97","675.97","661.23","","-3.13%"
"Jul 05, 2001","682.56","680.54","686.90","679.72","","-0.03%"
"Jul 04, 2001","682.75","692.00","692.04","682.62","","-1.58%"
"Jul 03, 2001","693.68","692.49","693.79","689.17","","+0.71%"
"Jul 02, 2001","688.80","695.96","696.03","685.43","","-1.14%"
"Jun 29, 2001","696.75","698.50","701.79","693.74","","+0.78%"
"Jun 28, 2001","691.34","695.84","697.53","688.70","","-0.70%"
"Jun 27, 2001","696.18","699.13","699.22","695.46","","-0.58%"
"Jun 26, 2001","700.24","699.94","702.64","697.28","","+0.49%"
"Jun 25, 2001","696.84","697.03","699.61","694.82","","-0.06%"
"Jun 22, 2001","697.26","690.33","698.29","690.33","","+2.01%"
"Jun 21, 2001","683.52","669.94","683.52","669.57","","+2.61%"
"Jun 20, 2001","666.16","661.26","667.68","657.93","","+0.78%"
"Jun 19, 2001","661.02","664.51","671.15","660.13","","-0.71%"
"Jun 18, 2001","665.73","668.25","668.74","662.19","","-0.71%"
"Jun 15, 2001","670.46","677.01","677.18","664.88","","-1.87%"
"Jun 14, 2001","683.24","684.20","686.91","679.33","","-0.43%"
"Jun 13, 2001","686.18","684.01","688.25","681.93","","-0.10%"
"Jun 12, 2001","686.86","698.42","698.80","684.26","","-2.17%"
"Jun 11, 2001","702.09","697.39","702.09","696.09","","+1.05%"
"Jun 08, 2001","694.80","693.59","698.45","693.54","","+0.69%"
"Jun 07, 2001","690.04","683.63","690.04","681.74","","+0.34%"
"Jun 06, 2001","687.68","689.76","692.83","687.68","","+0.36%"
"Jun 05, 2001","685.21","687.55","687.71","678.56","","-0.43%"
"Jun 04, 2001","688.17","683.71","688.17","681.95","","+1.06%"
"Jun 01, 2001","680.92","684.51","686.68","680.03","","-0.36%"
"May 31, 2001","683.40","688.31","688.31","681.61","","-1.66%"
"May 30, 2001","694.92","697.33","698.44","692.46","","-1.49%"
"May 29, 2001","705.45","705.86","710.16","701.92","","-0.11%"
"May 28, 2001","706.26","712.15","715.56","705.34","","-0.81%"
"May 25, 2001","712.00","715.33","717.60","711.27","","-0.30%"
"May 24, 2001","714.12","710.99","714.90","708.30","","-0.34%"
"May 23, 2001","716.56","713.82","721.54","712.93","","+0.14%"
"May 22, 2001","715.57","712.87","720.64","712.70","","+1.33%"
"May 21, 2001","706.16","699.70","707.36","699.53","","+1.16%"
"May 18, 2001","698.03","699.00","703.41","697.10","","+0.02%"
"May 17, 2001","697.86","695.69","698.99","688.08","","+0.76%"
"May 16, 2001","692.58","699.39","702.72","692.58","","-0.93%"
"May 15, 2001","699.08","686.02","699.08","684.20","","+1.76%"
"May 14, 2001","687.02","694.33","694.33","685.67","","-1.43%"
"May 11, 2001","697.02","697.52","702.18","697.02","","+0.39%"
"May 10, 2001","694.32","694.38","699.73","692.62","","-0.67%"
"May 09, 2001","698.99","702.67","702.67","690.15","","-0.67%"
"May 08, 2001","703.71","714.74","714.82","700.07","","-2.30%"
"May 07, 2001","720.29","711.14","720.29","707.67","","+1.70%"
"May 02, 2001","708.27","697.92","708.27","697.09","","+1.70%"
"May 01, 2001","696.41","682.62","696.41","682.07","","+2.64%"
"Apr 27, 2001","678.49","676.86","678.49","670.07","","+0.93%"
"Apr 26, 2001","672.22","668.15","675.13","668.02","","+1.61%"
"Apr 25, 2001","661.60","652.04","662.21","651.87","","+1.80%"
"Apr 24, 2001","649.91","649.42","650.84","641.05","","-0.38%"
"Apr 23, 2001","652.36","659.78","663.72","651.69","","-1.05%"
"Apr 20, 2001","659.27","658.92","664.01","655.07","","+0.42%"
"Apr 19, 2001","656.52","659.81","669.77","654.00","","+0.17%"
"Apr 18, 2001","655.39","639.44","655.39","639.41","","+2.58%"
"Apr 17, 2001","638.88","638.01","640.65","635.48","","+0.03%"
"Apr 16, 2001","638.71","638.88","640.69","636.75","","-0.01%"
"Apr 13, 2001","638.80","641.39","645.12","635.82","","-0.34%"
"Apr 12, 2001","641.00","633.69","642.48","631.28","","+1.44%"
"Apr 11, 2001","631.89","629.74","635.06","623.40","","+0.86%"
"Apr 10, 2001","626.50","640.19","640.19","625.70","","-2.14%"
"Apr 09, 2001","640.18","650.62","650.62","640.18","","-1.93%"
"Apr 06, 2001","652.81","651.54","663.08","651.53","","+1.36%"
"Apr 05, 2001","644.06","642.69","651.37","642.69","","+1.20%"
"Apr 04, 2001","636.41","629.66","639.58","626.55","","+0.59%"
"Apr 03, 2001","632.70","617.99","634.21","617.99","","+2.51%"
"Apr 02, 2001","617.22","628.45","628.67","611.12","","-1.70%"
"Mar 30, 2001","627.92","635.62","646.29","627.92","","-0.69%"
"Mar 29, 2001","632.30","647.47","647.47","632.30","","-3.35%"
"Mar 28, 2001","654.24","646.38","657.24","645.77","","+1.89%"
"Mar 27, 2001","642.11","646.36","656.33","637.25","","-0.92%"
"Mar 26, 2001","648.04","618.16","648.04","618.01","","+6.02%"
"Mar 23, 2001","611.26","601.85","612.73","601.85","","+1.74%"
"Mar 22, 2001","600.81","610.64","617.85","600.81","","-1.70%"
"Mar 21, 2001","611.21","574.32","611.21","574.26","","+6.49%"
"Mar 19, 2001","573.98","579.07","590.45","569.95","","-1.00%"
"Mar 16, 2001","579.77","581.13","586.65","575.67","","-0.48%"
"Mar 15, 2001","582.57","562.68","582.57","544.84","","+2.21%"
"Mar 14, 2001","569.97","581.00","589.17","569.55","","-1.44%"
"Mar 13, 2001","578.30","596.72","596.72","570.02","","-3.97%"
"Mar 12, 2001","602.21","619.63","619.63","601.57","","-3.62%"
"Mar 09, 2001","624.83","624.20","626.47","620.92","","-0.20%"
"Mar 08, 2001","626.09","623.58","626.88","620.42","","-0.18%"
"Mar 07, 2001","627.20","628.96","637.47","620.59","","+0.21%"
"Mar 06, 2001","625.89","610.80","625.89","609.98","","+2.97%"
"Mar 05, 2001","607.86","619.15","620.63","605.61","","-2.08%"
"Mar 02, 2001","620.80","637.63","638.41","620.80","","-2.56%"
"Mar 01, 2001","637.12","633.31","641.55","631.07","","+0.46%"
"Feb 28, 2001","634.23","636.92","637.00","629.27","","-0.95%"
"Feb 27, 2001","640.34","646.38","647.62","637.01","","-0.36%"
"Feb 26, 2001","642.67","643.25","644.84","639.21","","+0.73%"
"Feb 23, 2001","637.99","625.94","637.99","624.63","","+2.15%"
"Feb 22, 2001","624.59","630.59","630.59","621.52","","-1.49%"
"Feb 21, 2001","634.02","638.30","638.30","631.50","","-1.10%"
"Feb 20, 2001","641.10","633.56","641.10","633.31","","+0.94%"
"Feb 19, 2001","635.10","638.34","638.34","630.31","","-0.93%"
"Feb 16, 2001","641.05","648.65","650.09","641.05","","-0.45%"
"Feb 15, 2001","643.94","648.52","649.91","643.27","","-0.72%"
"Feb 14, 2001","648.63","647.76","650.91","641.67","","-0.40%"
"Feb 13, 2001","651.25","660.70","660.70","649.35","","-1.07%"
"Feb 09, 2001","658.27","645.72","659.26","645.59","","+1.75%"
"Feb 08, 2001","646.93","647.22","647.22","637.68","","-0.78%"
"Feb 07, 2001","652.00","657.63","660.06","647.41","","-0.45%"
"Feb 06, 2001","654.96","641.67","659.00","641.67","","+2.00%"
"Feb 05, 2001","642.12","660.55","660.63","639.41","","-3.75%"
"Feb 02, 2001","667.16","675.75","679.51","667.16","","-1.49%"
"Feb 01, 2001","677.28","677.64","678.96","671.14","","-0.74%"
"Jan 31, 2001","682.31","681.34","683.73","673.35","","+0.74%"
"Jan 30, 2001","677.31","667.73","677.31","661.69","","+1.97%"
"Jan 29, 2001","664.25","675.28","675.73","662.97","","-2.07%"
"Jan 26, 2001","678.26","678.41","698.75","671.25","","-0.66%"
"Jan 25, 2001","682.80","658.22","682.80","656.40","","+3.65%"
"Jan 24, 2001","658.73","645.21","661.05","642.66","","+2.01%"
"Jan 23, 2001","645.73","646.04","646.67","640.17","","-0.64%"
"Jan 22, 2001","649.89","653.11","657.08","639.38","","-0.25%"
"Jan 19, 2001","651.50","644.19","657.05","644.04","","+1.49%"
"Jan 18, 2001","641.94","626.41","641.94","625.64","","+3.08%"
"Jan 17, 2001","622.76","612.81","623.32","607.90","","+1.60%"
"Jan 16, 2001","612.98","602.00","612.98","599.51","","+2.28%"
"Jan 15, 2001","599.34","589.78","600.69","589.23","","+2.11%"
"Jan 12, 2001","586.93","580.29","586.93","579.49","","+1.28%"
"Jan 11, 2001","579.52","591.89","591.89","572.39","","-2.09%"
"Jan 10, 2001","591.91","596.31","596.81","586.96","","-0.41%"
"Jan 09, 2001","594.34","609.97","610.10","590.16","","-3.45%"
"Jan 05, 2001","615.60","611.48","619.83","611.16","","+1.02%"
"Jan 04, 2001","609.37","631.48","635.73","608.63","","-2.58%"
"Dec 29, 2000","625.51","623.95","627.24","623.95","","+0.19%"
"Dec 28, 2000","624.35","632.37","635.06","622.05","","-0.93%"
"Dec 27, 2000","630.20","624.76","630.99","622.66","","+0.56%"
"Dec 26, 2000","626.69","622.75","629.26","618.98","","+0.60%"
"Dec 25, 2000","622.96","608.55","623.00","608.44","","+3.68%"
"Dec 22, 2000","600.83","603.70","609.08","597.19","","+0.45%"
"Dec 21, 2000","598.13","617.18","617.44","590.91","","-3.53%"
"Dec 20, 2000","619.99","628.51","628.54","615.03","","-1.80%"
"Dec 19, 2000","631.37","651.49","652.62","631.37","","-3.43%"
"Dec 18, 2000","653.78","653.89","655.63","649.21","","-0.66%"
"Dec 15, 2000","658.14","665.01","665.01","658.00","","-1.70%"
"Dec 14, 2000","669.50","686.02","686.51","669.50","","-3.27%"
"Dec 13, 2000","692.10","682.21","693.83","670.78","","+1.25%"
"Dec 12, 2000","683.58","693.94","694.63","683.58","","-1.55%"
"Dec 11, 2000","694.34","697.06","701.66","693.19","","+0.61%"
"Dec 08, 2000","690.15","686.77","694.06","685.62","","+0.17%"
"Dec 07, 2000","689.01","698.58","698.84","688.96","","-1.97%"
"Dec 06, 2000","702.87","702.70","714.53","702.61","","+1.15%"
"Dec 05, 2000","694.91","713.82","713.82","694.91","","-1.75%"
"Dec 04, 2000","707.29","707.78","717.45","706.40","","+0.99%"
"Dec 01, 2000","700.33","681.42","705.38","679.77","","+1.73%"
"Nov 30, 2000","688.40","681.85","689.56","679.16","","+0.77%"
"Nov 29, 2000","683.14","686.09","686.17","679.55","","-0.76%"
"Nov 28, 2000","688.38","683.47","697.89","676.16","","+0.55%"
"Nov 27, 2000","684.61","674.84","687.33","674.48","","+2.53%"
"Nov 24, 2000","667.73","669.23","670.96","659.20","","-1.04%"
"Nov 22, 2000","674.78","686.50","688.09","672.85","","-1.56%"
"Nov 21, 2000","685.47","686.23","686.23","679.64","","-0.99%"
"Nov 20, 2000","692.31","702.31","702.31","687.07","","-1.75%"
"Nov 17, 2000","704.67","701.09","705.86","696.51","","-0.33%"
"Nov 16, 2000","707.03","722.34","722.34","704.20","","-2.00%"
"Nov 15, 2000","721.46","720.44","732.94","720.20","","+0.87%"
"Nov 14, 2000","715.24","716.47","721.19","710.84","","-0.08%"
"Nov 13, 2000","715.79","729.51","729.56","702.55","","-3.01%"
"Nov 10, 2000","737.98","750.29","750.36","731.22","","-2.42%"
"Nov 09, 2000","756.32","766.59","766.67","751.96","","-1.87%"
"Nov 08, 2000","770.73","761.73","776.17","759.09","","+0.69%"
"Nov 07, 2000","765.44","761.60","778.12","758.86","","+0.67%"
"Nov 06, 2000","760.31","731.92","760.42","731.92","","+4.16%"
"Nov 02, 2000","729.93","725.42","729.93","721.36","","+0.70%"
"Nov 01, 2000","724.88","706.41","724.88","706.41","","+2.54%"
"Oct 31, 2000","706.95","714.40","715.04","701.22","","-1.23%"
"Oct 30, 2000","715.72","731.03","735.25","714.14","","-2.10%"
"Oct 27, 2000","731.05","734.45","741.96","729.85","","-0.47%"
"Oct 26, 2000","734.47","728.00","734.47","719.88","","+0.79%"
"Oct 25, 2000","728.70","737.11","742.02","727.87","","-1.49%"
"Oct 24, 2000","739.72","737.97","743.36","733.07","","+0.65%"
"Oct 23, 2000","734.94","757.64","760.03","734.94","","-3.12%"
"Oct 20, 2000","758.60","743.50","771.31","743.50","","+2.19%"
"Oct 19, 2000","742.36","726.48","748.25","719.02","","+2.02%"
"Oct 18, 2000","727.69","750.41","750.41","721.13","","-3.30%"
"Oct 17, 2000","752.50","778.88","778.88","752.17","","-3.39%"
"Oct 16, 2000","778.91","778.07","796.47","776.25","","+0.16%"
"Oct 13, 2000","777.68","777.88","777.89","754.12","","-0.13%"
"Oct 12, 2000","778.72","788.81","789.01","770.91","","-1.57%"
"Oct 11, 2000","791.15","796.64","797.20","786.08","","-0.70%"
"Oct 10, 2000","796.75","815.45","815.45","794.81","","-2.61%"
"Oct 06, 2000","818.13","826.44","826.68","809.04","","-1.30%"
"Oct 05, 2000","828.92","841.12","841.67","828.92","","-0.98%"
"Oct 04, 2000","837.11","827.91","837.11","822.82","","+0.80%"
"Oct 03, 2000","830.47","826.07","831.21","822.48","","+0.62%"
"Oct 02, 2000","825.34","814.66","825.34","812.19","","+1.22%"
"Sep 29, 2000","815.41","804.22","827.73","804.22","","+1.59%"
"Sep 28, 2000","802.65","812.18","819.78","802.65","","-1.10%"
"Sep 27, 2000","811.60","838.67","839.23","811.60","","-3.33%"
"Sep 26, 2000","839.52","844.99","845.59","834.82","","-0.81%"
"Sep 25, 2000","846.34","825.35","855.90","825.35","","+2.71%"
"Sep 22, 2000","824.03","856.33","856.61","821.59","","-3.89%"
"Sep 21, 2000","857.34","850.99","857.34","831.47","","+0.58%"
"Sep 20, 2000","852.43","835.91","856.55","835.91","","+2.18%"
"Sep 19, 2000","834.28","821.61","834.28","799.51","","+1.33%"
"Sep 18, 2000","823.32","843.68","843.85","811.95","","-2.55%"
"Sep 14, 2000","844.85","849.18","856.93","836.38","","-0.53%"
"Sep 13, 2000","849.39","854.24","854.70","843.20","","-0.42%"
"Sep 12, 2000","852.93","876.14","876.46","848.09","","-2.76%"
"Sep 11, 2000","877.13","902.73","903.12","874.21","","-2.84%"
"Sep 08, 2000","902.75","894.97","905.44","894.14","","+0.90%"
"Sep 07, 2000","894.68","902.04","902.04","885.90","","-0.81%"
"Sep 06, 2000","901.97","886.45","905.87","882.21","","+1.18%"
"Sep 05, 2000","891.46","902.06","902.22","881.67","","-1.20%"
"Sep 04, 2000","902.29","909.56","909.56","894.17","","-0.49%"
"Sep 01, 2000","906.77","911.66","927.23","903.93","","-0.33%"
"Aug 31, 2000","909.80","885.06","909.80","884.74","","+2.78%"
"Aug 30, 2000","885.23","912.03","912.19","880.77","","-3.02%"
"Aug 29, 2000","912.79","927.26","927.33","904.32","","-1.67%"
"Aug 28, 2000","928.32","920.33","959.38","920.33","","+0.85%"
"Aug 25, 2000","920.52","870.32","920.79","870.21","","+6.14%"
"Aug 24, 2000","867.24","845.49","870.78","844.71","","+2.57%"
"Aug 23, 2000","845.52","851.89","853.31","842.95","","-0.72%"
"Aug 22, 2000","851.63","841.83","851.63","837.54","","+1.25%"
"Aug 21, 2000","841.09","846.76","846.76","835.30","","-0.29%"
"Aug 18, 2000","843.52","839.29","845.00","827.82","","+0.63%"
"Aug 17, 2000","838.27","850.51","850.51","833.48","","-1.78%"
"Aug 16, 2000","853.44","867.26","867.30","853.44","","-1.58%"
"Aug 15, 2000","867.11","869.04","876.70","858.99","","-0.10%"
"Aug 14, 2000","868.02","865.03","876.73","858.23","","+0.17%"
"Aug 11, 2000","866.51","853.04","866.51","841.57","","+1.69%"
"Aug 10, 2000","852.14","857.34","877.98","844.20","","-0.47%"
"Aug 09, 2000","856.17","823.60","856.17","823.58","","+4.19%"
"Aug 08, 2000","821.74","812.11","826.44","808.38","","+1.38%"
"Aug 07, 2000","810.54","769.93","810.54","769.93","","+5.08%"
"Aug 04, 2000","771.37","785.29","790.14","771.37","","-1.91%"
"Aug 03, 2000","786.39","802.07","804.44","782.13","","-1.91%"
"Aug 02, 2000","801.71","815.75","815.80","799.96","","-1.62%"
"Aug 01, 2000","814.90","797.00","821.55","793.75","","+2.48%"
"Jul 31, 2000","795.17","801.25","801.25","765.76","","-0.91%"
"Jul 28, 2000","802.47","839.06","839.06","799.49","","-4.39%"
"Jul 27, 2000","839.32","855.45","855.45","826.58","","-2.06%"
"Jul 26, 2000","856.95","866.05","867.41","854.63","","-1.37%"
"Jul 25, 2000","868.86","876.98","876.98","850.47","","-1.07%"
"Jul 24, 2000","878.28","897.10","897.12","866.69","","-2.10%"
"Jul 21, 2000","897.13","909.95","918.75","895.63","","-1.12%"
"Jul 19, 2000","907.28","913.36","921.65","891.03","","-1.01%"
"Jul 18, 2000","916.56","938.04","938.26","912.73","","-2.71%"
"Jul 17, 2000","942.07","943.36","955.99","942.07","","-0.07%"
"Jul 14, 2000","942.72","930.48","948.79","929.41","","+1.55%"
"Jul 13, 2000","928.36","935.29","947.09","918.05","","-0.76%"
"Jul 12, 2000","935.43","948.88","949.01","921.22","","-1.69%"
"Jul 11, 2000","951.49","964.35","964.86","947.04","","-1.25%"
"Jul 10, 2000","963.56","958.55","991.50","955.55","","+0.54%"
"Jul 07, 2000","958.38","910.48","959.51","908.80","","+5.53%"
"Jul 06, 2000","908.12","945.40","946.14","903.16","","-3.97%"
"Jul 05, 2000","945.66","988.90","989.66","933.09","","-4.38%"
"Jul 04, 2000","988.95","999.12","999.42","987.66","","-0.31%"
"Jul 03, 2000","992.07","1,001.14","1,007.21","992.07","","-0.04%"
"Jun 30, 2000","992.50","981.99","999.72","975.56","","+0.79%"
"Jun 29, 2000","984.72","970.09","995.50","970.09","","+1.50%"
"Jun 28, 2000","970.14","993.93","995.30","959.89","","-2.13%"
"Jun 27, 2000","991.24","979.78","998.83","977.30","","+1.25%"
"Jun 26, 2000","979.03","1,014.33","1,014.33","975.45","","-3.30%"
"Jun 23, 2000","1,012.45","1,032.06","1,032.06","1,010.67","","-1.89%"
"Jun 22, 2000","1,032.00","1,030.04","1,054.16","1,023.37","","+0.19%"
"Jun 21, 2000","1,030.02","1,014.47","1,035.74","1,010.59","","+1.70%"
"Jun 20, 2000","1,012.85","986.56","1,012.85","986.56","","+2.65%"
"Jun 19, 2000","986.74","995.22","1,000.63","971.51","","-0.67%"
"Jun 16, 2000","993.44","990.85","1,011.93","982.80","","+0.41%"
"Jun 15, 2000","989.35","1,024.11","1,024.71","989.35","","-3.62%"
"Jun 14, 2000","1,026.50","1,003.47","1,030.21","980.99","","+2.07%"
"Jun 13, 2000","1,005.69","1,044.93","1,045.15","996.36","","-3.53%"
"Jun 12, 2000","1,042.50","1,054.60","1,054.61","1,033.33","","-1.03%"
"Jun 09, 2000","1,053.39","1,072.62","1,073.39","1,041.93","","-1.85%"
"Jun 08, 2000","1,073.21","1,082.78","1,083.69","1,067.99","","-0.39%"
"Jun 07, 2000","1,077.38","1,093.77","1,093.77","1,062.21","","-1.47%"
"Jun 06, 2000","1,093.50","1,073.53","1,099.47","1,059.40","","+1.91%"
"Jun 05, 2000","1,072.99","1,013.16","1,072.99","1,013.16","","+6.06%"
"Jun 02, 2000","1,011.67","989.92","1,018.99","989.92","","+2.38%"
"Jun 01, 2000","988.15","967.51","1,000.91","960.92","","+2.22%"
"May 31, 2000","966.70","1,006.94","1,035.29","952.27","","-3.84%"
"May 30, 2000","1,005.28","1,011.18","1,026.51","1,005.28","","-0.70%"
"May 29, 2000","1,012.34","1,006.90","1,036.25","994.17","","+0.62%"
"May 26, 2000","1,006.09","969.86","1,007.55","941.71","","+4.07%"
"May 25, 2000","966.76","931.57","969.27","931.27","","+4.35%"
"May 24, 2000","926.49","956.50","956.50","905.26","","-3.62%"
"May 23, 2000","961.30","984.14","1,016.23","935.34","","-2.89%"
"May 22, 2000","989.94","1,053.68","1,053.68","981.93","","-6.59%"
"May 19, 2000","1,059.79","1,098.25","1,099.42","1,051.26","","-3.85%"
"May 18, 2000","1,102.28","1,151.11","1,151.80","1,098.38","","-4.70%"
"May 17, 2000","1,156.65","1,188.95","1,201.99","1,148.54","","-2.39%"
"May 16, 2000","1,184.99","1,159.03","1,185.56","1,144.69","","+2.58%"
"May 15, 2000","1,155.15","1,181.53","1,191.61","1,135.68","","-1.78%"
"May 12, 2000","1,176.14","1,152.54","1,187.17","1,152.54","","+2.52%"
"May 11, 2000","1,147.27","1,198.51","1,198.51","1,142.85","","-4.78%"
"May 10, 2000","1,204.89","1,215.35","1,229.16","1,157.50","","-1.31%"
"May 09, 2000","1,220.92","1,264.24","1,264.24","1,215.37","","-3.77%"
"May 08, 2000","1,268.76","1,300.21","1,326.19","1,266.14","","-2.04%"
"May 02, 2000","1,295.14","1,300.36","1,316.10","1,277.34","","+0.02%"
"May 01, 2000","1,294.87","1,223.13","1,294.87","1,223.13","","+5.55%"
"Apr 28, 2000","1,226.76","1,197.50","1,240.95","1,167.46","","+2.90%"
"Apr 27, 2000","1,192.15","1,160.22","1,197.05","1,145.23","","+3.23%"
"Apr 26, 2000","1,154.84","1,115.32","1,158.44","1,115.32","","+4.06%"
"Apr 25, 2000","1,109.81","1,070.33","1,110.07","1,070.33","","+4.22%"
"Apr 24, 2000","1,064.88","1,003.04","1,067.66","1,003.04","","+6.63%"
"Apr 21, 2000","998.66","1,003.17","1,025.97","998.66","","-0.07%"
"Apr 20, 2000","999.39","959.89","1,001.51","941.45","","+3.92%"
"Apr 19, 2000","961.66","994.35","994.35","953.13","","-3.62%"
"Apr 18, 2000","997.73","1,024.22","1,025.74","980.02","","-2.93%"
"Apr 17, 2000","1,027.88","1,099.84","1,099.84","1,018.85","","-6.91%"
"Apr 14, 2000","1,104.12","1,134.96","1,137.20","1,099.80","","-3.08%"
"Apr 13, 2000","1,139.16","1,183.78","1,183.78","1,129.82","","-3.87%"
"Apr 12, 2000","1,184.96","1,202.51","1,203.10","1,169.54","","-2.00%"
"Apr 11, 2000","1,209.13","1,214.50","1,242.79","1,192.81","","-0.85%"
"Apr 10, 2000","1,219.45","1,183.03","1,220.75","1,181.23","","+3.45%"
"Apr 07, 2000","1,178.83","1,197.71","1,202.77","1,161.81","","-1.86%"
"Apr 06, 2000","1,201.20","1,229.87","1,268.33","1,185.55","","-2.54%"
"Apr 05, 2000","1,232.53","1,267.61","1,268.99","1,225.97","","-3.07%"
"Apr 04, 2000","1,271.54","1,311.76","1,311.79","1,270.87","","-3.27%"
"Apr 03, 2000","1,314.57","1,340.86","1,340.86","1,307.51","","-2.24%"
"Mar 31, 2000","1,344.65","1,380.01","1,383.22","1,344.65","","-2.89%"
"Mar 30, 2000","1,384.68","1,356.79","1,395.02","1,356.79","","+2.31%"
"Mar 29, 2000","1,353.36","1,298.52","1,355.90","1,298.52","","+4.59%"
"Mar 28, 2000","1,293.98","1,253.41","1,295.26","1,211.97","","+2.86%"
"Mar 27, 2000","1,258.03","1,277.99","1,323.88","1,247.41","","-1.83%"
"Mar 24, 2000","1,281.47","1,281.47","1,281.47","1,281.47","","-8.14%"
"Mar 23, 2000","1,395.03","1,395.03","1,395.03","1,395.03","","-4.92%"
"Mar 22, 2000","1,467.21","1,467.21","1,467.21","1,467.21","","-7.43%"
"Mar 21, 2000","1,584.89","1,584.89","1,584.89","1,584.89","","+10.10%"
"Mar 17, 2000","1,439.46","1,439.46","1,439.46","1,439.46","","+4.11%"
"Mar 16, 2000","1,382.57","1,382.57","1,382.57","1,382.57","","+3.11%"
"Mar 15, 2000","1,340.83","1,340.83","1,340.83","1,340.83","","+2.79%"
"Mar 14, 2000","1,304.41","1,304.41","1,304.41","1,304.41","","-2.63%"
"Mar 13, 2000","1,339.67","1,339.67","1,339.67","1,339.67","","-3.94%"
"Mar 10, 2000","1,394.60","1,394.60","1,394.60","1,394.60","","-7.22%"
"Mar 09, 2000","1,503.07","1,503.07","1,503.07","1,503.07","","-7.53%"
"Mar 08, 2000","1,625.45","1,625.45","1,625.45","1,625.45","","-2.94%"
"Mar 07, 2000","1,674.71","1,674.71","1,674.71","1,674.71","","+8.83%"
"Mar 06, 2000","1,538.77","1,538.77","1,538.77","1,538.77","","-9.76%"
"Mar 03, 2000","1,705.18","1,705.18","1,705.18","1,705.18","","-4.39%"
"Mar 02, 2000","1,783.54","1,783.54","1,783.54","1,783.54","","-2.77%"
"Mar 01, 2000","1,834.44","1,834.44","1,834.44","1,834.44","","-1.01%"
"Feb 29, 2000","1,853.21","1,853.21","1,853.21","1,853.21","","-1.93%"
"Feb 28, 2000","1,889.68","1,889.68","1,889.68","1,889.68","","-1.70%"
"Feb 25, 2000","1,922.28","1,922.28","1,922.28","1,922.28","","+1.12%"
"Feb 24, 2000","1,900.93","1,900.93","1,900.93","1,900.93","","+4.03%"
"Feb 23, 2000","1,827.30","1,827.30","1,827.30","1,827.30","","-2.12%"
"Feb 22, 2000","1,866.96","1,866.96","1,866.96","1,866.96","","-6.00%"
"Feb 21, 2000","1,986.17","1,986.17","1,986.17","1,986.17","","-1.88%"
"Feb 18, 2000","2,024.15","2,024.15","2,024.15","2,024.15","","+4.64%"
"Feb 17, 2000","1,934.41","1,934.41","1,934.41","1,934.41","","+0.46%"
"Feb 16, 2000","1,925.48","1,925.48","1,925.48","1,925.48","","+0.47%"
"Feb 15, 2000","1,916.43","1,916.43","1,916.43","1,916.43","","-0.96%"
"Feb 14, 2000","1,935.05","1,935.05","1,935.05","1,935.05","","+8.88%"
"Feb 10, 2000","1,777.30","1,777.30","1,777.30","1,777.30","","+6.82%"
"Feb 09, 2000","1,663.83","1,663.83","1,663.83","1,663.83","","+4.75%"
"Feb 08, 2000","1,588.31","1,588.31","1,588.31","1,588.31","","-4.54%"
"Feb 07, 2000","1,663.92","1,663.92","1,663.92","1,663.92","","+1.08%"
"Feb 04, 2000","1,646.19","1,646.19","1,646.19","1,646.19","","+4.00%"
"Feb 03, 2000","1,582.94","1,582.94","1,582.94","1,582.94","","+10.60%"
"Feb 02, 2000","1,431.26","1,431.26","1,431.26","1,431.26","","-0.91%"
"Feb 01, 2000","1,444.38","1,444.38","1,444.38","1,444.38","","+0.04%"
"Jan 31, 2000","1,443.84","1,443.84","1,443.84","1,443.84","","+2.88%"
"Jan 28, 2000","1,403.38","1,403.38","1,403.38","1,403.38","","+3.35%"
"Jan 27, 2000","1,357.95","1,357.95","1,357.95","1,357.95","","+1.30%"
"Jan 26, 2000","1,340.58","1,340.58","1,340.58","1,340.58","","+1.82%"
"Jan 25, 2000","1,316.58","1,316.58","1,316.58","1,316.58","","+0.33%"
"Jan 24, 2000","1,312.22","1,312.22","1,312.22","1,312.22","","+2.80%"
"Jan 21, 2000","1,276.49","1,276.49","1,276.49","1,276.49","","-0.22%"
"Jan 20, 2000","1,279.25","1,279.25","1,279.25","1,279.25","","-3.13%"
"Jan 19, 2000","1,320.61","1,320.61","1,320.61","1,320.61","","-3.89%"
"Jan 18, 2000","1,374.13","1,374.13","1,374.13","1,374.13","","-0.75%"
"Jan 17, 2000","1,384.46","1,384.46","1,384.46","1,384.46","","+4.61%"
"Jan 14, 2000","1,323.49","1,323.49","1,323.49","1,323.49","","-0.44%"
"Jan 13, 2000","1,329.36","1,329.36","1,329.36","1,329.36","","+3.22%"
"Jan 12, 2000","1,287.93","1,287.93","1,287.93","1,287.93","","+3.23%"
"Jan 11, 2000","1,247.63","1,247.63","1,247.63","1,247.63","","+5.32%"
"Jan 07, 2000","1,184.60","1,184.60","1,184.60","1,184.60","","-3.31%"
"Jan 06, 2000","1,225.13","1,225.13","1,225.13","1,225.13","","-3.79%"
"Jan 05, 2000","1,273.43","1,273.43","1,273.43","1,273.43","","-8.99%"
"Jan 04, 2000","1,399.16","1,399.16","1,399.16","1,399.16","","+3.23%"
