Date,Price,Open,High,Low,Vol.,Change %
"Sep 24, 2026","980.98","999.86","999.86","980.98","","-1.73%"
"Sep 19, 2026","998.27","1,005.77","998.27","998.27","","0.00%"
"Sep 18, 2026","998.27","1,005.77","1,007.91","989.30","","+0.02%"
"Sep 17, 2026","998.04","1,011.93","1,013.40","993.50","","-1.03%"
"Sep 16, 2026","1,008.39","1,009.82","1,016.93","1,006.43","","-0.61%"
"Sep 15, 2026","1,014.59","1,028.80","1,028.80","1,005.10","","-1.60%"
"Sep 14, 2026","1,031.08","1,016.17","1,032.06","1,013.88","","+1.17%"
"Sep 11, 2026","1,019.18","1,000.27","1,019.18","995.86","","-0.22%"
"Sep 10, 2026","1,021.42","1,000.99","1,022.55","1,000.94","","+2.45%"
"Sep 09, 2026","997.03","1,003.24","1,014.26","996.93","","-2.31%"
"Sep 08, 2026","1,020.62","1,019.01","1,041.13","1,018.92","","-0.77%"
"Sep 07, 2026","1,028.53","1,033.64","1,039.96","1,027.46","","-0.51%"
"Sep 05, 2026","1,033.85","1,033.00","1,033.85","1,033.85","","0.00%"
"Sep 04, 2026","1,033.85","1,033.00","1,033.85","1,015.50","","+2.12%"
"Sep 03, 2026","1,012.41","1,013.95","1,026.60","1,010.92","","+1.43%"
"Sep 02, 2026","998.18","999.70","1,010.97","994.97","","-2.17%"
"Sep 01, 2026","1,020.35","1,013.00","1,023.97","1,009.33","","+0.25%"
"Aug 31, 2026","1,017.84","1,020.19","1,021.43","1,008.03","","-1.19%"
"Aug 29, 2026","1,030.11","1,009.34","1,030.11","1,030.11","","0.00%"
"Aug 28, 2026","1,030.11","1,009.34","1,034.63","1,008.77","","+1.71%"
"Aug 27, 2026","1,012.83","1,004.16","1,017.54","1,003.49","","+0.63%"
"Aug 26, 2026","1,006.48","991.46","1,010.65","987.35","","+2.05%"
"Aug 25, 2026","986.26","976.46","988.10","973.84","","+1.63%"
"Aug 24, 2026","970.46","967.74","972.96","961.19","","+0.05%"
"Aug 21, 2026","969.95","952.05","971.53","949.15","","+1.32%"
"Aug 20, 2026","957.33","941.71","957.59","935.17","","+2.02%"
"Aug 19, 2026","938.42","949.23","951.00","936.40","","-2.45%"
"Aug 18, 2026","961.95","962.71","968.14","960.50","","-0.18%"
"Aug 17, 2026","963.70","959.70","966.06","959.49","","-0.70%"
"Aug 14, 2026","970.48","971.02","983.03","967.76","","-0.75%"
"Aug 13, 2026","977.85","969.24","977.85","962.96","","+0.99%"
"Aug 12, 2026","968.26","965.55","970.66","961.71","","+1.09%"
"Aug 10, 2026","957.86","960.54","960.54","949.30","","-0.66%"
"Aug 07, 2026","964.23","977.42","977.42","958.48","","-1.13%"
"Aug 06, 2026","975.23","961.34","977.12","961.23","","+0.98%"
"Aug 05, 2026","965.79","957.87","970.47","952.25","","+2.51%"
"Aug 04, 2026","942.10","941.21","949.76","934.74","","-0.09%"
"Aug 03, 2026","942.94","936.96","943.15","916.15","","-1.04%"
"Jul 31, 2026","952.81","926.26","960.71","922.41","","+3.21%"
"Jul 30, 2026","923.19","940.51","941.04","915.12","","-3.73%"
"Jul 29, 2026","958.98","954.82","961.20","943.76","","+0.40%"
"Jul 28, 2026","955.17","967.09","967.84","946.82","","-2.10%"
"Jul 27, 2026","975.68","976.33","979.32","967.16","","+0.80%"
"Jul 24, 2026","967.93","969.23","978.43","962.66","","-1.41%"
"Jul 23, 2026","981.75","966.06","983.19","966.06","","+1.36%"
"Jul 22, 2026","968.57","964.27","976.80","958.72","","+0.67%"
"Jul 21, 2026","962.14","936.57","962.14","929.16","","+3.79%"
"Jul 18, 2026","927.03","961.05","927.03","927.03","","0.00%"
"Jul 17, 2026","927.03","961.05","961.09","910.96","","-4.82%"
"Jul 16, 2026","973.98","968.35","984.21","967.05","","-0.57%"
"Jul 15, 2026","979.61","962.99","980.62","960.83","","+3.66%"
"Jul 14, 2026","945.01","941.75","948.24","933.26","","+0.92%"
"Jul 13, 2026","936.41","940.44","953.45","936.41","","+0.06%"
"Jul 10, 2026","935.86","923.09","938.20","922.01","","+1.74%"
"Jul 09, 2026","919.87","912.19","919.87","909.50","","-1.22%"
"Jul 08, 2026","931.27","925.71","936.15","919.90","","+0.44%"
"Jul 07, 2026","927.22","923.75","934.36","922.02","","+1.91%"
"Jul 06, 2026","909.80","896.55","910.02","896.55","","+1.47%"
"Jul 03, 2026","896.59","893.97","896.59","885.38","","+1.36%"
"Jul 02, 2026","884.57","882.87","887.37","875.47","","+0.82%"
"Jul 01, 2026","877.41","872.76","887.68","870.03","","+1.67%"
"Jun 30, 2026","863.00","867.21","871.79","860.89","","-0.28%"
"Jun 29, 2026","865.42","872.31","874.86","857.84","","-0.36%"
"Jun 26, 2026","868.53","876.38","884.69","864.31","","+0.16%"
"Jun 25, 2026","867.10","865.17","871.64","858.13","","+0.90%"
"Jun 24, 2026","859.37","871.22","878.53","855.86","","-0.77%"
"Jun 23, 2026","866.01","882.83","884.32","865.99","","-2.20%"
"Jun 22, 2026","885.51","866.93","885.51","866.93","","+1.46%"
"Jun 19, 2026","872.80","883.48","890.52","867.61","","-1.73%"
"Jun 18, 2026","888.21","886.93","890.53","879.88","","-0.22%"
"Jun 17, 2026","890.17","891.19","902.47","885.46","","+0.76%"
"Jun 16, 2026","883.47","867.04","883.82","863.81","","+0.29%"
"Jun 15, 2026","880.91","870.84","888.55","870.84","","+2.99%"
"Jun 12, 2026","855.37","853.35","858.81","848.08","","+1.16%"
"Jun 11, 2026","845.59","849.96","850.36","835.02","","-1.91%"
"Jun 10, 2026","862.03","873.07","882.89","857.11","","-0.75%"
"Jun 09, 2026","868.58","860.15","875.76","857.84","","+2.42%"
"Jun 08, 2026","848.06","841.92","849.54","834.78","","-0.93%"
"Jun 05, 2026","855.98","860.93","867.46","853.78","","+1.15%"
"Jun 04, 2026","846.26","849.95","853.34","841.09","","-0.36%"
"Jun 03, 2026","849.28","842.01","852.42","838.73","","+0.77%"
"Jun 02, 2026","842.75","825.73","842.75","818.73","","+1.40%"
"Jun 01, 2026","831.15","825.72","833.44","823.53","","+0.24%"
"May 29, 2026","829.19","820.68","838.77","820.48","","+1.77%"
"May 28, 2026","814.77","813.14","816.69","805.82","","-0.53%"
"May 27, 2026","819.10","814.58","821.60","810.85","","-0.48%"
"May 26, 2026","823.09","826.46","831.39","822.32","","-0.75%"
"May 25, 2026","829.32","836.85","836.85","823.67","","-0.96%"
"May 23, 2026","837.37","847.78","837.37","837.37","","0.00%"
"May 22, 2026","837.37","847.78","847.78","836.09","","-0.51%"
"May 21, 2026","841.66","835.89","848.10","833.85","","+2.15%"
"May 20, 2026","823.92","834.37","835.28","818.99","","-1.54%"
"May 19, 2026","836.77","836.75","842.27","828.65","","+1.75%"
"May 18, 2026","822.36","836.78","836.78","821.48","","-1.49%"
"May 15, 2026","834.83","831.99","843.25","827.09","","+0.65%"
"May 14, 2026","829.42","835.50","836.77","826.63","","-0.80%"
"May 13, 2026","836.08","822.84","836.08","822.84","","+2.11%"
"May 12, 2026","818.79","815.20","822.58","809.76","","+0.23%"
"May 11, 2026","816.89","807.29","818.63","805.12","","+0.54%"
"May 08, 2026","812.47","822.92","822.92","805.53","","-2.16%"
"May 07, 2026","830.38","823.16","836.28","813.92","","+1.49%"
"May 01, 2026","818.19","825.97","825.97","810.67","","-1.60%"
"Apr 30, 2026","831.50","827.48","831.67","815.80","","-0.40%"
"Apr 28, 2026","834.80","823.54","835.07","816.16","","+1.90%"
"Apr 27, 2026","819.27","828.58","828.58","812.23","","-2.55%"
"Apr 24, 2026","840.69","848.03","849.92","837.25","","-1.00%"
"Apr 23, 2026","849.15","849.96","857.25","842.13","","-0.16%"
"Apr 22, 2026","850.55","859.74","859.74","849.79","","-0.92%"
"Apr 21, 2026","858.49","865.23","867.30","858.49","","-0.85%"
"Apr 20, 2026","865.82","870.91","872.24","864.47","","-0.24%"
"Apr 17, 2026","867.87","876.72","880.45","866.03","","-2.52%"
"Apr 16, 2026","890.35","892.88","905.46","888.23","","+1.25%"
"Apr 15, 2026","879.40","875.32","883.44","874.67","","+2.37%"
"Apr 14, 2026","859.02","862.93","865.84","856.51","","+1.43%"
"Apr 13, 2026","846.87","848.61","856.69","843.99","","-0.87%"
"Apr 10, 2026","854.34","861.70","862.92","853.92","","-0.42%"
"Apr 09, 2026","857.98","871.03","872.63","854.76","","-1.53%"
"Apr 08, 2026","871.29","853.31","871.94","853.31","","+4.32%"
"Apr 07, 2026","835.24","833.91","841.75","829.50","","+0.73%"
"Apr 06, 2026","829.21","825.59","836.92","825.59","","+0.09%"
"Apr 03, 2026","828.50","833.51","838.24","827.04","","+0.67%"
"Apr 02, 2026","823.01","843.49","849.39","819.13","","-1.98%"
"Apr 01, 2026","839.67","812.52","839.67","812.43","","+5.54%"
"Mar 31, 2026","795.57","800.78","819.17","793.46","","-0.67%"
"Mar 30, 2026","800.96","802.26","805.31","789.42","","-4.58%"
"Mar 27, 2026","839.43","833.47","846.40","832.81","","+0.08%"
"Mar 26, 2026","838.74","846.29","847.90","831.23","","-0.68%"
"Mar 25, 2026","844.45","836.65","848.25","835.12","","+2.68%"
"Mar 24, 2026","822.41","823.82","824.60","811.58","","+1.78%"
"Mar 23, 2026","808.04","807.17","816.32","803.74","","-1.53%"
"Mar 19, 2026","820.61","821.67","827.12","818.59","","-2.33%"
"Mar 18, 2026","840.22","827.48","841.27","826.09","","+3.62%"
"Mar 17, 2026","810.86","810.53","819.94","808.62","","+1.44%"
"Mar 16, 2026","799.31","798.80","808.74","795.98","","+0.06%"
"Mar 13, 2026","798.84","790.63","802.28","790.09","","-0.91%"
"Mar 12, 2026","806.16","815.31","815.32","798.30","","-2.62%"
"Mar 11, 2026","827.83","830.82","840.88","827.05","","+0.80%"
"Mar 10, 2026","821.23","811.10","827.07","806.03","","+3.08%"
"Mar 09, 2026","796.73","815.92","815.97","775.35","","-4.67%"
"Mar 06, 2026","835.79","812.86","835.79","811.99","","+1.09%"
"Mar 05, 2026","826.75","822.50","842.82","822.19","","+2.67%"
"Mar 04, 2026","805.24","830.48","831.96","792.18","","-5.26%"
"Mar 03, 2026","849.95","878.98","886.13","847.34","","-4.12%"
"Mar 02, 2026","886.49","913.88","913.88","873.27","","-5.03%"
"Feb 27, 2026","933.41","915.60","933.41","914.90","","+2.20%"
"Feb 26, 2026","913.32","913.25","920.23","909.18","","+1.56%"
"Feb 25, 2026","899.32","893.29","904.44","889.50","","+0.83%"
"Feb 24, 2026","891.94","895.96","901.31","885.76","","-1.83%"
"Feb 21, 2026","908.58","924.24","908.58","908.58","","0.00%"
"Feb 20, 2026","908.58","924.24","924.24","901.71","","-3.20%"
"Feb 19, 2026","938.65","933.00","940.11","923.53","","+1.15%"
"Feb 18, 2026","927.98","934.57","940.25","924.00","","+0.80%"
"Feb 17, 2026","920.62","931.08","943.10","920.62","","-0.54%"
"Feb 16, 2026","925.60","936.81","940.46","923.28","","-0.95%"
"Feb 13, 2026","934.47","941.08","945.02","931.69","","-1.15%"
"Feb 12, 2026","945.37","944.93","955.03","942.82","","-0.10%"
"Feb 10, 2026","946.32","939.24","950.86","937.19","","+2.20%"
"Feb 09, 2026","925.98","925.63","940.51","924.57","","+2.18%"
"Feb 07, 2026","906.25","895.71","906.25","906.25","","0.00%"
"Feb 06, 2026","906.25","895.71","906.25","886.14","","+0.94%"
"Feb 05, 2026","897.82","912.32","913.95","891.04","","-0.99%"
"Feb 04, 2026","906.84","885.29","907.81","880.62","","+1.86%"
"Feb 03, 2026","890.32","875.14","893.02","875.09","","+3.81%"
"Feb 02, 2026","857.63","898.85","899.36","857.63","","-5.12%"
"Jan 30, 2026","903.90","910.71","912.73","900.36","","-0.38%"
"Jan 29, 2026","907.32","897.99","911.69","894.00","","+1.48%"
"Jan 28, 2026","894.06","889.13","898.68","886.27","","-0.44%"
"Jan 27, 2026","898.05","887.43","898.70","883.99","","+0.64%"
"Jan 26, 2026","892.30","896.97","902.71","892.20","","-2.53%"
"Jan 23, 2026","915.48","913.08","922.15","906.67","","+0.75%"
"Jan 22, 2026","908.65","908.64","912.17","902.36","","+1.23%"
"Jan 21, 2026","897.61","901.53","902.46","887.63","","-2.53%"
"Jan 20, 2026","920.93","935.11","937.04","918.86","","-2.28%"
"Jan 19, 2026","942.46","945.39","948.75","931.40","","-0.89%"
"Jan 16, 2026","950.95","950.30","959.22","946.59","","-0.46%"
"Jan 15, 2026","955.34","946.10","961.07","946.10","","+1.22%"
"Jan 14, 2026","943.83","934.41","943.83","922.09","","+1.11%"
"Jan 13, 2026","933.48","918.23","938.25","918.03","","+3.70%"
"Jan 09, 2026","900.16","899.91","904.29","896.40","","+1.66%"
"Jan 08, 2026","885.42","890.74","896.07","885.42","","-1.70%"
"Jan 07, 2026","900.75","893.99","902.59","893.99","","-0.20%"
"Jan 06, 2026","902.58","877.13","902.90","877.13","","+4.30%"
"Jan 05, 2026","865.33","856.91","867.82","856.55","","+2.64%"
"Dec 30, 2025","843.04","852.17","852.17","843.04","","-1.62%"
"Dec 29, 2025","856.88","852.08","862.59","848.75","","+0.82%"
"Dec 26, 2025","849.91","845.26","855.28","844.96","","+0.63%"
"Dec 25, 2025","844.56","843.61","845.46","839.46","","+0.50%"
"Dec 24, 2025","840.38","844.08","845.86","837.41","","-0.49%"
"Dec 23, 2025","844.55","835.02","845.93","835.02","","+1.52%"
"Dec 22, 2025","831.89","837.27","839.64","828.24","","+0.98%"
"Dec 19, 2025","823.85","821.92","829.07","819.68","","-0.02%"
"Dec 18, 2025","824.03","815.38","825.84","813.57","","+1.28%"
"Dec 17, 2025","813.63","818.61","822.09","810.55","","-0.75%"
"Dec 16, 2025","819.76","848.16","849.35","819.24","","-3.69%"
"Dec 15, 2025","851.16","844.18","853.26","842.61","","+0.07%"
"Dec 12, 2025","850.56","839.14","851.88","839.14","","+2.37%"
"Dec 11, 2025","830.84","839.94","839.94","827.61","","+0.38%"
"Dec 10, 2025","827.71","817.36","829.02","817.36","","+2.35%"
"Dec 09, 2025","808.73","812.95","814.42","804.96","","-0.47%"
"Dec 08, 2025","812.56","804.54","813.23","799.62","","+1.57%"
"Dec 05, 2025","800.01","810.98","813.32","795.05","","-2.15%"
"Dec 04, 2025","817.56","797.41","818.02","795.31","","+2.81%"
"Dec 03, 2025","795.18","797.40","800.35","791.68","","+0.50%"
"Dec 02, 2025","791.25","793.72","795.47","787.79","","+0.25%"
"Dec 01, 2025","789.27","797.29","797.29","783.52","","-0.44%"
"Nov 30, 2025","792.72","789.88","792.72","792.72","","0.00%"
"Nov 28, 2025","792.72","789.88","796.77","788.95","","+0.17%"
"Nov 27, 2025","791.41","795.05","795.05","789.10","","-0.08%"
"Nov 26, 2025","792.08","773.02","792.08","772.10","","+3.82%"
"Nov 25, 2025","762.93","768.08","768.54","754.77","","+0.07%"
"Nov 21, 2025","762.43","748.30","762.74","738.56","","-0.10%"
"Nov 20, 2025","763.23","753.86","766.93","753.86","","+3.26%"
"Nov 19, 2025","739.12","750.21","750.21","734.35","","-0.83%"
"Nov 18, 2025","745.34","760.81","765.20","745.34","","-3.26%"
"Nov 17, 2025","770.45","792.77","793.53","769.58","","-3.85%"
"Nov 14, 2025","801.33","786.90","806.38","786.90","","-0.31%"
"Nov 13, 2025","803.81","798.37","812.45","798.37","","+2.08%"
"Nov 12, 2025","787.45","774.66","787.45","773.67","","+2.07%"
"Nov 11, 2025","771.49","775.68","779.46","767.24","","+0.06%"
"Nov 10, 2025","771.00","762.09","771.26","759.33","","+1.50%"
"Nov 07, 2025","759.64","755.41","759.64","748.73","","-0.66%"
"Nov 06, 2025","764.69","751.98","764.69","749.35","","+2.79%"
"Nov 05, 2025","743.92","747.19","750.12","722.56","","-1.77%"
"Nov 04, 2025","757.36","764.99","765.31","754.97","","-0.58%"
"Oct 31, 2025","761.77","755.21","761.77","748.09","","+1.51%"
"Oct 30, 2025","750.44","741.40","750.44","737.73","","+0.72%"
"Oct 29, 2025","745.06","750.78","753.65","744.24","","-1.14%"
"Oct 28, 2025","753.68","758.01","763.04","753.68","","-0.38%"
"Oct 27, 2025","756.59","747.98","758.96","746.27","","+3.02%"
"Oct 24, 2025","734.38","737.16","738.77","732.10","","-0.40%"
"Oct 23, 2025","737.33","741.74","742.51","736.98","","-1.35%"
"Oct 22, 2025","747.42","748.70","750.84","744.33","","-0.35%"
"Oct 21, 2025","750.02","753.78","759.35","748.12","","-0.12%"
"Oct 20, 2025","750.89","739.60","750.94","738.60","","+2.91%"
"Oct 17, 2025","729.69","737.30","741.51","729.69","","-2.49%"
"Oct 16, 2025","748.31","750.29","754.19","745.65","","+0.57%"
"Oct 15, 2025","744.05","734.01","744.05","733.30","","+2.88%"
"Oct 14, 2025","723.21","735.33","743.81","720.06","","-3.47%"
"Oct 10, 2025","749.21","778.78","779.93","749.21","","-5.09%"
"Oct 09, 2025","789.43","772.08","789.43","771.70","","+2.83%"
"Oct 08, 2025","767.74","759.29","771.56","758.76","","+1.98%"
"Oct 07, 2025","752.82","761.40","766.71","752.47","","-0.29%"
"Oct 06, 2025","755.00","747.44","758.24","743.81","","+3.38%"
"Oct 03, 2025","730.32","724.52","732.88","723.48","","+0.88%"
"Oct 02, 2025","723.92","727.78","731.71","720.64","","-0.76%"
"Oct 01, 2025","729.50","743.17","743.17","727.77","","-2.76%"
"Sep 30, 2025","750.19","742.48","751.69","736.12","","+0.78%"
"Sep 29, 2025","744.40","753.40","753.57","740.93","","-2.93%"
"Sep 26, 2025","766.85","762.71","775.27","761.67","","+0.68%"
"Sep 25, 2025","761.68","758.30","761.89","756.21","","+0.88%"
"Sep 24, 2025","755.02","760.40","760.40","752.07","","-0.34%"
"Sep 22, 2025","757.60","757.60","762.82","755.95","","+0.10%"
"Sep 19, 2025","756.85","755.35","763.35","747.28","","+0.65%"
"Sep 18, 2025","751.97","755.53","755.85","749.64","","-0.36%"
"Sep 17, 2025","754.65","763.26","763.26","751.69","","-1.54%"
"Sep 16, 2025","766.44","764.03","769.87","761.77","","+0.90%"
"Sep 12, 2025","759.60","763.46","763.76","757.57","","+0.05%"
"Sep 11, 2025","759.23","759.59","762.52","754.77","","-0.07%"
"Sep 10, 2025","759.76","753.01","760.83","751.75","","+1.35%"
"Sep 09, 2025","749.66","760.03","761.53","747.46","","-0.97%"
"Sep 08, 2025","757.03","753.30","757.82","749.21","","+1.35%"
"Sep 05, 2025","746.91","747.22","749.54","742.09","","+0.83%"
"Sep 04, 2025","740.74","734.30","741.13","734.30","","+1.21%"
"Sep 03, 2025","731.87","752.37","752.37","729.48","","-2.58%"
"Sep 02, 2025","751.29","740.59","752.02","740.59","","+1.70%"
"Sep 01, 2025","738.72","747.17","753.75","737.45","","-1.88%"
"Aug 29, 2025","752.90","749.55","754.91","746.95","","-0.17%"
"Aug 28, 2025","754.21","741.47","754.97","739.62","","+1.41%"
"Aug 27, 2025","743.69","748.72","749.58","743.22","","-0.58%"
"Aug 26, 2025","748.02","754.35","756.17","742.17","","-0.52%"
"Aug 25, 2025","751.95","760.07","761.90","751.29","","+0.51%"
"Aug 22, 2025","748.15","739.66","752.64","738.63","","+1.67%"
"Aug 21, 2025","735.83","732.92","738.41","730.91","","+0.10%"
"Aug 20, 2025","735.13","740.90","743.85","733.14","","-1.38%"
"Aug 19, 2025","745.43","755.56","755.56","743.31","","-1.19%"
"Aug 18, 2025","754.37","750.15","759.65","749.53","","+0.85%"
"Aug 15, 2025","748.03","735.09","749.08","735.09","","+1.58%"
"Aug 14, 2025","736.36","729.29","738.80","724.58","","+0.24%"
"Aug 13, 2025","734.60","736.91","739.63","730.95","","+0.70%"
"Aug 12, 2025","729.50","720.71","733.92","720.71","","+2.23%"
"Aug 08, 2025","713.56","706.03","714.83","705.51","","+1.26%"
"Aug 07, 2025","704.71","694.53","704.87","694.53","","+1.77%"
"Aug 06, 2025","692.48","690.24","693.24","689.38","","+0.59%"
"Aug 05, 2025","688.42","677.65","688.60","676.36","","+1.83%"
"Aug 04, 2025","676.07","673.44","676.79","666.34","","-1.76%"
"Aug 01, 2025","688.16","680.74","690.24","677.13","","+0.83%"
"Jul 31, 2025","682.49","676.39","683.16","673.05","","+0.78%"
"Jul 30, 2025","677.21","684.77","684.77","673.21","","+0.36%"
"Jul 29, 2025","674.79","681.33","681.50","674.16","","-1.49%"
"Jul 28, 2025","685.03","693.40","693.40","683.92","","-0.90%"
"Jul 25, 2025","691.25","688.51","695.75","687.59","","+0.01%"
"Jul 24, 2025","691.17","688.49","694.70","687.63","","+0.95%"
"Jul 23, 2025","684.68","672.90","689.32","671.65","","+3.20%"
"Jul 22, 2025","663.47","663.01","672.14","660.03","","+0.41%"
"Jul 18, 2025","660.74","663.15","665.41","660.36","","+0.65%"
"Jul 17, 2025","656.49","651.72","657.18","650.85","","+0.87%"
"Jul 16, 2025","650.80","656.14","656.48","647.34","","-1.05%"
"Jul 15, 2025","657.69","657.85","664.86","656.38","","+0.26%"
"Jul 14, 2025","655.97","651.00","657.94","647.08","","+0.52%"
"Jul 11, 2025","652.58","646.25","656.46","643.53","","+1.68%"
"Jul 10, 2025","641.81","635.99","641.81","633.38","","+1.12%"
"Jul 09, 2025","634.69","630.16","636.16","627.24","","+1.30%"
"Jul 08, 2025","626.57","624.03","628.82","623.67","","+0.17%"
"Jul 07, 2025","625.52","633.52","634.39","623.87","","-1.59%"
"Jul 04, 2025","635.64","632.97","637.48","632.15","","+1.15%"
"Jul 03, 2025","628.39","629.29","629.58","623.07","","-0.12%"
"Jul 02, 2025","629.14","628.83","632.34","626.46","","-0.54%"
"Jul 01, 2025","632.56","638.20","638.31","629.83","","-1.42%"
"Jun 30, 2025","641.65","641.50","648.46","639.29","","+0.62%"
"Jun 27, 2025","637.67","629.33","639.91","628.60","","+2.46%"
"Jun 26, 2025","622.39","620.08","623.61","617.15","","+0.42%"
"Jun 25, 2025","619.80","624.21","624.21","615.63","","+0.01%"
"Jun 24, 2025","619.74","616.96","622.27","614.43","","+1.66%"
"Jun 23, 2025","609.60","606.26","609.88","601.67","","-0.54%"
"Jun 20, 2025","612.94","620.59","626.15","612.94","","-1.24%"
"Jun 19, 2025","620.61","624.11","634.08","620.19","","-0.07%"
"Jun 18, 2025","621.02","608.63","621.75","608.47","","+2.22%"
"Jun 17, 2025","607.54","605.95","608.04","605.28","","+0.63%"
"Jun 16, 2025","603.71","598.46","605.68","598.46","","+1.25%"
"Jun 14, 2025","596.23","600.15","596.23","596.23","","0.00%"
"Jun 13, 2025","596.23","600.15","601.26","592.47","","-0.89%"
"Jun 12, 2025","601.58","601.30","602.79","597.53","","-0.02%"
"Jun 11, 2025","601.70","602.95","604.29","597.43","","-0.27%"
"Jun 10, 2025","603.34","608.20","613.64","603.34","","-0.47%"
"Jun 09, 2025","606.21","606.56","609.59","604.79","","+0.71%"
"Jun 06, 2025","601.94","599.14","605.16","599.14","","+0.82%"
"Jun 05, 2025","597.02","600.23","605.36","597.02","","-0.60%"
"Jun 04, 2025","600.63","596.34","603.13","595.85","","+1.02%"
"Jun 03, 2025","594.56","595.82","597.87","594.14","","-0.21%"
"Jun 02, 2025","595.84","593.37","596.19","590.88","","-0.56%"
"May 30, 2025","599.20","590.94","601.31","590.82","","+0.26%"
"May 29, 2025","597.67","586.55","599.96","586.55","","+2.40%"
"May 28, 2025","583.69","588.96","589.92","583.69","","+0.05%"
"May 27, 2025","583.41","580.29","584.23","577.94","","+0.92%"
"May 26, 2025","578.08","575.59","578.72","573.07","","+1.07%"
"May 23, 2025","571.94","576.35","577.86","571.70","","-0.40%"
"May 22, 2025","574.21","569.96","575.96","568.30","","+0.02%"
"May 21, 2025","574.09","575.30","578.12","573.90","","+0.52%"
"May 20, 2025","571.11","578.03","580.45","570.43","","+0.10%"
"May 19, 2025","570.52","571.72","574.10","567.50","","-1.11%"
"May 16, 2025","576.94","574.76","576.95","570.11","","+0.45%"
"May 15, 2025","574.34","581.24","582.72","574.34","","-2.29%"
"May 14, 2025","587.81","582.08","587.81","577.56","","+1.47%"
"May 13, 2025","579.32","575.60","586.59","575.46","","+2.27%"
"May 12, 2025","566.46","559.59","566.91","558.84","","+2.06%"
"May 09, 2025","555.04","552.99","557.08","551.39","","+1.70%"
"May 08, 2025","545.75","545.42","547.75","541.15","","+0.57%"
"May 07, 2025","542.67","537.26","543.58","533.90","","+0.59%"
"May 02, 2025","539.48","542.82","545.90","537.55","","-0.61%"
"May 01, 2025","542.78","544.25","546.27","539.79","","-0.21%"
"Apr 30, 2025","543.91","547.19","548.85","540.65","","-0.74%"
"Apr 28, 2025","547.96","553.72","558.16","546.76","","-0.56%"
"Apr 25, 2025","551.06","555.16","557.87","550.39","","+0.24%"
"Apr 24, 2025","549.72","548.77","556.36","548.77","","+1.10%"
"Apr 23, 2025","543.73","542.66","545.70","538.41","","+2.03%"
"Apr 22, 2025","532.92","525.00","532.92","524.65","","+0.77%"
"Apr 21, 2025","528.86","532.88","533.21","524.40","","-1.14%"
"Apr 18, 2025","534.95","531.13","536.49","529.28","","+1.16%"
"Apr 17, 2025","528.83","517.95","528.83","517.95","","+1.79%"
"Apr 16, 2025","519.51","524.36","525.64","515.15","","-0.20%"
"Apr 15, 2025","520.57","524.00","528.33","520.57","","+0.33%"
"Apr 14, 2025","518.86","523.15","527.24","518.86","","+0.79%"
"Apr 11, 2025","514.77","518.71","518.71","496.90","","-2.60%"
"Apr 10, 2025","528.49","497.87","540.92","497.87","","+8.28%"
"Apr 09, 2025","488.06","501.14","501.18","479.75","","-4.50%"
"Apr 08, 2025","511.07","483.82","523.66","483.82","","+7.80%"
"Apr 07, 2025","474.07","521.02","521.02","458.03","","-10.72%"
"Apr 04, 2025","530.99","550.11","550.13","513.40","","-5.17%"
"Apr 03, 2025","559.91","584.91","584.91","554.70","","-5.88%"
"Apr 02, 2025","594.91","598.62","598.62","588.71","","+0.24%"
"Apr 01, 2025","593.48","601.92","606.04","592.96","","-0.11%"
"Mar 31, 2025","594.15","610.77","610.77","590.59","","-4.47%"
"Mar 28, 2025","621.98","632.96","633.16","619.79","","-4.52%"
"Mar 27, 2025","651.41","640.34","651.41","640.34","","+0.80%"
"Mar 26, 2025","646.25","644.89","646.97","640.46","","+0.58%"
"Mar 25, 2025","642.53","647.05","647.29","641.20","","+0.04%"
"Mar 24, 2025","642.29","648.31","652.21","641.68","","-0.06%"
"Mar 21, 2025","642.66","633.63","647.54","633.63","","+0.99%"
"Mar 19, 2025","636.33","633.49","640.53","632.44","","+0.43%"
"Mar 18, 2025","633.58","633.63","637.07","632.66","","+1.48%"
"Mar 17, 2025","624.31","622.95","630.59","622.95","","+1.54%"
"Mar 14, 2025","614.82","605.31","617.16","605.31","","+1.28%"
"Mar 13, 2025","607.05","614.70","617.71","607.05","","-0.20%"
"Mar 12, 2025","608.29","608.62","616.92","607.95","","+0.54%"
"Mar 11, 2025","605.04","614.28","614.28","594.17","","-2.88%"
"Mar 10, 2025","622.97","627.86","631.36","622.97","","-0.72%"
"Mar 07, 2025","627.48","634.17","635.39","627.37","","-2.15%"
"Mar 06, 2025","641.25","643.02","643.57","638.96","","+0.47%"
"Mar 05, 2025","638.26","638.11","640.84","631.69","","+0.35%"
"Mar 04, 2025","636.03","643.53","643.56","632.89","","-1.92%"
"Mar 03, 2025","648.51","642.53","652.78","642.53","","+2.48%"
"Feb 28, 2025","632.82","641.92","643.72","630.76","","-2.10%"
"Feb 27, 2025","646.42","641.52","647.60","638.11","","+1.22%"
"Feb 26, 2025","638.62","643.76","644.69","633.62","","-0.99%"
"Feb 25, 2025","644.98","639.67","647.42","639.54","","-0.48%"
"Feb 21, 2025","648.09","644.32","650.77","640.71","","-0.49%"
"Feb 20, 2025","651.31","657.95","657.95","646.51","","-1.42%"
"Feb 19, 2025","660.71","656.53","668.75","656.53","","+0.43%"
"Feb 18, 2025","657.85","656.51","660.95","649.60","","+0.18%"
"Feb 17, 2025","656.67","659.45","661.44","655.96","","+0.14%"
"Feb 14, 2025","655.73","664.71","664.71","654.86","","-0.96%"
"Feb 13, 2025","662.09","651.40","664.99","651.35","","+2.61%"
"Feb 12, 2025","645.25","654.96","654.96","643.05","","-2.09%"
"Feb 10, 2025","659.04","659.84","662.65","654.45","","+0.38%"
"Feb 07, 2025","656.56","658.68","663.84","652.94","","-0.08%"
"Feb 06, 2025","657.10","656.30","673.25","656.30","","+1.86%"
"Feb 05, 2025","645.07","648.85","651.29","640.82","","-0.10%"
"Feb 04, 2025","645.72","652.41","652.52","644.78","","+0.22%"
"Feb 03, 2025","644.31","649.95","651.42","641.42","","-3.25%"
"Jan 31, 2025","665.96","648.94","668.18","645.77","","+2.54%"
"Jan 30, 2025","649.45","647.53","651.43","645.61","","+0.02%"
"Jan 29, 2025","649.29","644.32","652.71","644.27","","+1.11%"
"Jan 28, 2025","642.17","632.11","646.49","630.93","","+0.82%"
"Jan 27, 2025","636.94","637.54","641.25","635.02","","+1.18%"
"Jan 24, 2025","629.50","626.64","634.24","624.36","","+1.15%"
"Jan 23, 2025","622.33","625.08","626.66","621.36","","-0.24%"
"Jan 22, 2025","623.83","625.60","629.74","623.83","","+0.95%"
"Jan 21, 2025","617.93","621.91","622.56","613.07","","-0.46%"
"Jan 20, 2025","620.78","614.50","622.14","614.38","","+1.78%"
"Jan 17, 2025","609.91","600.80","611.41","597.59","","+1.22%"
"Jan 16, 2025","602.55","598.51","607.04","598.21","","+2.09%"
"Jan 15, 2025","590.19","597.16","599.04","589.24","","-0.30%"
"Jan 14, 2025","591.94","596.22","597.48","589.35","","-0.94%"
"Jan 10, 2025","597.55","601.43","601.85","597.01","","-0.97%"
"Jan 09, 2025","603.42","609.36","610.81","603.00","","-1.12%"
"Jan 08, 2025","610.27","617.22","617.87","609.63","","-1.72%"
"Jan 07, 2025","620.98","617.33","628.85","613.78","","+1.25%"
"Jan 06, 2025","613.32","618.47","619.04","607.00","","-0.62%"
"Dec 30, 2024","617.13","621.40","627.34","616.36","","-0.56%"
"Dec 27, 2024","620.62","614.48","620.97","614.16","","+1.20%"
"Dec 26, 2024","613.27","607.80","613.32","607.13","","+0.88%"
"Dec 25, 2024","607.90","608.95","608.95","601.81","","+0.36%"
"Dec 24, 2024","605.74","604.09","605.82","602.59","","+0.28%"
"Dec 23, 2024","604.02","603.81","604.03","600.83","","+0.95%"
"Dec 20, 2024","598.35","606.18","606.26","598.35","","-0.46%"
"Dec 19, 2024","601.10","595.70","605.91","593.09","","-0.88%"
"Dec 18, 2024","606.46","604.36","611.35","604.36","","+0.46%"
"Dec 17, 2024","603.68","616.91","619.39","603.68","","-2.40%"
"Dec 16, 2024","618.50","618.87","621.25","616.69","","+0.37%"
"Dec 13, 2024","616.23","615.06","618.74","613.16","","-0.42%"
"Dec 12, 2024","618.82","624.43","626.47","618.82","","+0.20%"
"Dec 11, 2024","617.56","620.14","620.16","612.01","","+0.25%"
"Dec 10, 2024","616.05","620.26","621.95","613.30","","-0.32%"
"Dec 09, 2024","618.01","618.59","618.73","611.33","","+0.19%"
"Dec 06, 2024","616.83","623.10","623.10","612.02","","-0.93%"
"Dec 05, 2024","622.60","620.31","623.43","616.76","","+1.41%"
"Dec 04, 2024","613.93","619.46","621.28","613.47","","-0.99%"
"Dec 03, 2024","620.10","613.32","623.07","611.98","","+1.61%"
"Dec 02, 2024","610.30","602.72","612.39","600.78","","+2.16%"
"Nov 29, 2024","597.40","595.55","597.99","592.40","","-0.01%"
"Nov 28, 2024","597.46","589.21","599.42","587.25","","+1.09%"
"Nov 27, 2024","591.02","597.49","597.81","587.25","","-1.71%"
"Nov 26, 2024","601.29","602.30","602.77","594.61","","-1.14%"
"Nov 25, 2024","608.20","603.61","612.06","602.07","","+1.27%"
"Nov 22, 2024","600.59","599.38","602.64","595.22","","+0.57%"
"Nov 21, 2024","597.20","600.88","601.51","596.75","","-0.39%"
"Nov 20, 2024","599.55","605.45","605.47","598.58","","-0.90%"
"Nov 19, 2024","605.00","596.43","605.00","595.17","","+1.71%"
"Nov 18, 2024","594.84","589.92","597.12","589.92","","+0.71%"
"Nov 15, 2024","590.64","595.90","595.90","588.98","","-0.18%"
"Nov 14, 2024","591.69","590.83","597.55","589.62","","+0.53%"
"Nov 13, 2024","588.56","596.57","600.55","585.05","","-1.31%"
"Nov 12, 2024","596.37","597.19","606.63","594.98","","+0.56%"
"Nov 11, 2024","593.05","590.96","594.00","585.93","","-0.50%"
"Nov 08, 2024","596.03","597.86","599.98","592.38","","+0.78%"
"Nov 07, 2024","591.42","591.74","600.31","586.49","","+1.76%"
"Nov 06, 2024","581.18","570.65","581.27","564.88","","+1.98%"
"Nov 05, 2024","569.91","545.76","571.06","544.61","","+5.84%"
"Nov 01, 2024","538.48","538.34","542.11","536.30","","-1.55%"
"Oct 31, 2024","546.94","544.39","550.85","542.77","","+0.30%"
"Oct 30, 2024","545.32","545.17","549.62","539.18","","-0.76%"
"Oct 29, 2024","549.47","540.39","549.74","540.16","","+2.50%"
"Oct 28, 2024","536.09","520.93","538.01","520.93","","+2.02%"
"Oct 25, 2024","525.49","528.52","531.35","522.68","","-0.89%"
"Oct 24, 2024","530.20","525.64","533.65","524.92","","-0.65%"
"Oct 23, 2024","533.67","535.88","538.40","531.37","","-1.12%"
"Oct 22, 2024","539.70","544.08","546.53","535.37","","-1.58%"
"Oct 21, 2024","548.39","548.06","548.82","544.54","","-0.33%"
"Oct 18, 2024","550.18","552.91","554.28","548.20","","-0.34%"
"Oct 17, 2024","552.03","547.95","553.70","546.99","","+1.13%"
"Oct 16, 2024","545.87","540.50","550.87","538.89","","-0.62%"
"Oct 15, 2024","549.25","550.65","553.18","548.88","","+0.87%"
"Oct 11, 2024","544.51","546.90","549.22","542.57","","-0.02%"
"Oct 10, 2024","544.63","546.48","546.48","542.50","","+0.56%"
"Oct 09, 2024","541.61","547.12","547.12","537.26","","-0.21%"
"Oct 08, 2024","542.74","551.57","552.51","541.93","","-3.04%"
"Oct 07, 2024","559.74","549.46","561.75","548.43","","+3.50%"
"Oct 04, 2024","540.81","540.71","544.45","539.46","","+0.37%"
"Oct 03, 2024","538.84","542.00","545.75","536.92","","+1.57%"
"Oct 02, 2024","530.53","530.51","536.79","528.62","","-1.46%"
"Oct 01, 2024","538.39","529.26","540.30","527.86","","+3.05%"
"Sep 30, 2024","522.47","542.17","542.19","520.76","","-5.67%"
"Sep 27, 2024","553.87","550.13","554.32","539.11","","+0.40%"
"Sep 26, 2024","551.66","540.82","551.66","539.20","","+2.79%"
"Sep 25, 2024","536.70","543.48","543.65","534.74","","-1.00%"
"Sep 24, 2024","542.14","550.35","551.24","542.02","","-0.47%"
"Sep 20, 2024","544.72","547.78","549.34","542.84","","+1.34%"
"Sep 19, 2024","537.52","534.57","540.32","534.00","","+2.06%"
"Sep 18, 2024","526.67","526.97","529.47","520.56","","+1.43%"
"Sep 17, 2024","519.27","533.90","534.81","511.06","","-1.72%"
"Sep 13, 2024","528.36","529.44","531.05","525.19","","-0.69%"
"Sep 12, 2024","532.01","527.68","532.95","524.47","","+2.71%"
"Sep 11, 2024","517.95","525.93","526.78","511.51","","-2.79%"
"Sep 10, 2024","532.83","539.81","542.77","532.83","","-0.83%"
"Sep 09, 2024","537.28","533.69","537.70","522.75","","-1.52%"
"Sep 06, 2024","545.55","551.46","553.51","540.67","","-1.75%"
"Sep 05, 2024","555.29","545.59","564.78","544.42","","+0.32%"
"Sep 04, 2024","553.52","573.25","573.38","552.62","","-5.38%"
"Sep 03, 2024","585.01","577.63","586.70","577.63","","+0.96%"
"Sep 02, 2024","579.45","581.42","582.53","576.68","","+0.79%"
"Aug 30, 2024","574.93","571.05","575.14","569.93","","+1.25%"
"Aug 29, 2024","567.86","566.14","570.25","562.81","","-0.45%"
"Aug 28, 2024","570.44","567.20","570.44","562.79","","+0.25%"
"Aug 27, 2024","569.01","568.83","571.13","564.56","","+0.12%"
"Aug 26, 2024","568.34","573.93","575.16","566.26","","-1.76%"
"Aug 23, 2024","578.50","575.02","578.50","569.19","","+1.47%"
"Aug 22, 2024","570.13","574.97","575.82","565.37","","-1.22%"
"Aug 21, 2024","577.19","572.16","577.41","571.62","","-0.73%"
"Aug 20, 2024","581.46","580.67","582.26","572.99","","+1.50%"
"Aug 19, 2024","572.84","579.06","584.81","571.66","","-1.46%"
"Aug 16, 2024","581.33","571.99","581.46","571.26","","+3.47%"
"Aug 15, 2024","561.84","553.02","568.82","552.20","","+2.74%"
"Aug 14, 2024","546.85","539.66","552.42","539.66","","+1.39%"
"Aug 13, 2024","539.33","521.01","539.33","521.01","","+4.97%"
"Aug 09, 2024","513.77","516.58","523.56","502.13","","+1.26%"
"Aug 08, 2024","507.37","510.11","519.45","503.89","","-2.21%"
"Aug 07, 2024","518.86","489.53","534.65","485.09","","+4.16%"
"Aug 06, 2024","498.14","463.49","508.90","463.45","","+9.30%"
"Aug 05, 2024","455.76","536.05","536.05","454.34","","-16.52%"
"Aug 02, 2024","545.95","608.94","609.02","545.14","","-12.10%"
"Aug 01, 2024","621.11","638.91","638.91","614.56","","-3.54%"
"Jul 31, 2024","643.91","623.88","646.84","615.44","","+2.71%"
"Jul 30, 2024","626.91","617.99","629.66","617.99","","-0.13%"
"Jul 29, 2024","627.71","615.80","628.18","613.60","","+3.35%"
"Jul 26, 2024","607.35","610.13","617.15","604.16","","-0.81%"
"Jul 25, 2024","612.33","629.20","629.44","612.17","","-4.47%"
"Jul 24, 2024","640.98","651.19","655.50","640.98","","-2.57%"
"Jul 23, 2024","657.87","658.23","661.01","655.03","","+0.67%"
"Jul 22, 2024","653.49","663.82","663.82","652.75","","-1.28%"
"Jul 19, 2024","661.95","663.94","664.93","656.93","","-0.68%"
"Jul 18, 2024","666.45","670.71","677.04","666.45","","-1.94%"
"Jul 17, 2024","679.63","680.50","689.85","676.11","","+0.89%"
"Jul 16, 2024","673.62","659.74","675.15","659.52","","+2.85%"
"Jul 12, 2024","654.93","651.14","656.93","650.28","","-0.79%"
"Jul 11, 2024","660.15","669.41","669.50","658.85","","-0.72%"
"Jul 10, 2024","664.97","657.85","667.85","657.85","","+1.27%"
"Jul 09, 2024","656.61","653.11","659.65","647.75","","+0.28%"
"Jul 08, 2024","654.77","658.50","662.38","654.49","","-0.57%"
"Jul 05, 2024","658.51","662.16","664.54","657.22","","-0.68%"
"Jul 04, 2024","663.03","665.02","667.12","661.31","","-0.30%"
"Jul 03, 2024","665.05","666.63","668.12","659.52","","+0.67%"
"Jul 02, 2024","660.64","647.86","662.03","647.48","","+2.47%"
"Jul 01, 2024","644.71","641.96","645.65","639.66","","+1.12%"
"Jun 30, 2024","637.54","637.71","637.54","637.54","","0.00%"
"Jun 28, 2024","637.54","637.71","642.36","635.67","","+0.96%"
"Jun 27, 2024","631.50","639.40","640.02","629.83","","-1.58%"
"Jun 26, 2024","641.66","639.84","643.63","634.58","","+0.92%"
"Jun 25, 2024","635.78","622.27","635.78","622.04","","+3.33%"
"Jun 24, 2024","615.29","612.19","619.98","611.94","","+0.26%"
"Jun 21, 2024","613.70","616.29","621.35","612.69","","+0.64%"
"Jun 20, 2024","609.77","611.29","612.31","603.23","","-1.02%"
"Jun 19, 2024","616.06","619.38","620.21","613.79","","+0.07%"
"Jun 18, 2024","615.61","622.25","623.86","614.08","","+0.18%"
"Jun 17, 2024","614.52","622.93","625.23","612.93","","-2.63%"
"Jun 15, 2024","631.10","623.97","631.10","631.10","","0.00%"
"Jun 14, 2024","631.10","623.97","632.90","623.52","","+0.72%"
"Jun 13, 2024","626.61","638.92","639.47","626.61","","-0.67%"
"Jun 12, 2024","630.81","635.03","635.43","629.58","","-2.02%"
"Jun 11, 2024","643.81","662.98","663.65","643.11","","-2.43%"
"Jun 10, 2024","659.84","657.36","662.58","656.78","","+0.05%"
"Jun 07, 2024","659.54","663.61","666.60","656.38","","-1.07%"
"Jun 06, 2024","666.66","660.83","669.44","658.48","","+1.97%"
"Jun 05, 2024","653.78","656.01","656.01","643.23","","-1.43%"
"Jun 04, 2024","663.24","663.75","671.73","661.30","","-0.46%"
"Jun 03, 2024","666.28","650.28","669.21","650.11","","+3.76%"
"May 31, 2024","642.13","620.14","643.62","620.10","","+4.25%"
"May 30, 2024","615.94","617.67","620.23","612.63","","-1.27%"
"May 29, 2024","623.86","631.81","637.94","623.43","","-0.87%"
"May 28, 2024","629.36","626.27","631.61","625.32","","+0.11%"
"May 27, 2024","628.65","621.76","628.65","620.97","","+1.65%"
"May 25, 2024","618.46","618.56","618.46","618.46","","0.00%"
"May 24, 2024","618.46","618.56","623.59","616.78","","-1.41%"
"May 23, 2024","627.30","620.53","627.33","614.90","","+0.99%"
"May 22, 2024","621.16","614.47","624.69","614.30","","+1.92%"
"May 21, 2024","609.46","617.39","618.72","609.39","","-1.21%"
"May 20, 2024","616.95","616.64","622.48","613.48","","+0.20%"
"May 17, 2024","615.74","606.45","615.89","603.94","","+0.85%"
"May 16, 2024","610.56","600.72","610.99","599.33","","+2.15%"
"May 15, 2024","597.73","604.24","607.51","597.65","","-0.04%"
"May 14, 2024","597.95","606.70","606.70","594.57","","-2.31%"
"May 13, 2024","612.09","607.19","612.09","604.61","","+0.09%"
"May 10, 2024","611.52","607.79","612.22","606.05","","+1.56%"
"May 09, 2024","602.13","606.69","606.69","600.46","","-0.82%"
"May 08, 2024","607.11","617.49","617.49","607.11","","-2.00%"
"May 07, 2024","619.51","607.58","619.51","606.96","","+3.46%"
"May 02, 2024","598.78","595.35","598.91","591.65","","+0.22%"
"May 01, 2024","597.46","604.46","605.30","596.29","","-2.58%"
"Apr 30, 2024","613.27","612.79","618.26","608.19","","+0.27%"
"Apr 26, 2024","611.59","604.90","614.32","600.59","","+1.29%"
"Apr 25, 2024","603.82","613.82","614.85","603.57","","-2.01%"
"Apr 24, 2024","616.20","607.97","616.90","606.92","","+1.71%"
"Apr 23, 2024","605.82","609.26","610.96","601.61","","+0.89%"
"Apr 22, 2024","600.50","593.23","603.11","592.66","","+2.57%"
"Apr 19, 2024","585.43","594.91","598.45","576.65","","-2.48%"
"Apr 18, 2024","600.33","588.66","601.89","585.36","","+1.39%"
"Apr 17, 2024","592.08","606.07","606.07","591.28","","-2.00%"
"Apr 16, 2024","604.15","618.66","618.66","602.41","","-3.52%"
"Apr 15, 2024","626.20","619.04","626.64","612.25","","-0.31%"
"Apr 12, 2024","628.14","627.57","630.29","624.97","","+0.07%"
"Apr 11, 2024","627.72","620.39","629.45","619.84","","+0.73%"
"Apr 10, 2024","623.16","622.67","628.03","621.93","","-1.01%"
"Apr 09, 2024","629.53","626.50","629.76","624.48","","+1.35%"
"Apr 08, 2024","621.13","617.20","628.26","616.86","","+1.93%"
"Apr 05, 2024","609.34","613.87","613.87","604.22","","-2.50%"
"Apr 04, 2024","624.95","620.11","628.70","619.03","","+1.61%"
"Apr 03, 2024","615.04","608.53","618.47","606.19","","-0.20%"
"Apr 02, 2024","616.30","615.58","621.58","613.84","","+0.35%"
"Apr 01, 2024","614.17","641.78","641.96","614.17","","-3.82%"
"Mar 29, 2024","638.55","639.74","640.29","632.96","","+0.81%"
"Mar 28, 2024","633.42","635.51","639.68","632.67","","-2.79%"
"Mar 27, 2024","651.63","653.18","656.76","650.37","","+0.23%"
"Mar 26, 2024","650.16","648.26","653.23","646.69","","-0.16%"
"Mar 25, 2024","651.18","654.87","662.45","651.18","","-0.35%"
"Mar 22, 2024","653.45","655.61","656.50","648.58","","+0.58%"
"Mar 21, 2024","649.68","645.14","651.33","643.44","","+2.36%"
"Mar 19, 2024","634.72","626.48","634.72","622.01","","+1.58%"
"Mar 18, 2024","624.82","611.60","625.44","611.51","","+2.86%"
"Mar 15, 2024","607.43","604.30","611.66","601.84","","+0.09%"
"Mar 14, 2024","606.87","598.56","607.52","596.55","","+1.60%"
"Mar 13, 2024","597.34","601.87","605.65","590.91","","+0.39%"
"Mar 12, 2024","595.03","584.64","595.80","584.09","","+0.14%"
"Mar 11, 2024","594.19","604.47","605.21","586.11","","-3.21%"
"Mar 08, 2024","613.89","612.90","620.44","606.77","","-0.09%"
"Mar 07, 2024","614.47","616.47","630.61","612.13","","+0.24%"
"Mar 06, 2024","612.99","610.23","613.60","607.57","","+0.34%"
"Mar 05, 2024","610.92","597.93","613.83","596.50","","+2.35%"
"Mar 04, 2024","596.87","601.62","602.13","594.14","","-0.29%"
"Mar 01, 2024","598.62","591.42","598.62","589.52","","+1.01%"
"Feb 29, 2024","592.64","592.10","594.32","587.04","","-0.26%"
"Feb 28, 2024","594.20","592.92","596.84","590.17","","+0.43%"
"Feb 27, 2024","591.68","586.80","602.05","586.46","","+1.08%"
"Feb 26, 2024","585.38","591.22","591.22","583.30","","-0.26%"
"Feb 22, 2024","586.88","583.44","587.12","581.53","","+1.16%"
"Feb 21, 2024","580.17","581.61","582.32","577.55","","-0.05%"
"Feb 20, 2024","580.47","590.91","597.52","579.65","","-1.22%"
"Feb 19, 2024","587.65","577.15","587.65","575.32","","+2.27%"
"Feb 16, 2024","574.59","565.35","575.74","564.90","","+2.48%"
"Feb 15, 2024","560.69","566.01","566.01","558.70","","+0.27%"
"Feb 14, 2024","559.16","560.73","561.24","555.96","","-1.24%"
"Feb 13, 2024","566.20","563.09","566.20","561.74","","+1.75%"
"Feb 09, 2024","556.48","556.66","561.23","553.71","","-0.11%"
"Feb 08, 2024","557.10","555.67","559.57","549.69","","+0.62%"
"Feb 07, 2024","553.68","551.05","554.48","549.07","","-0.12%"
"Feb 06, 2024","554.37","548.65","557.91","547.85","","+0.10%"
"Feb 05, 2024","553.82","550.65","554.66","543.77","","+1.60%"
"Feb 02, 2024","545.12","549.13","550.24","543.73","","-1.30%"
"Feb 01, 2024","552.29","549.61","567.19","549.61","","+0.79%"
"Jan 31, 2024","547.94","539.33","547.94","536.34","","+1.28%"
"Jan 30, 2024","541.00","542.27","542.73","539.59","","-0.78%"
"Jan 29, 2024","545.26","540.58","547.09","539.69","","+2.36%"
"Jan 26, 2024","532.71","539.11","539.91","532.71","","-1.82%"
"Jan 25, 2024","542.59","540.29","546.44","540.06","","+1.81%"
"Jan 24, 2024","532.96","533.09","536.26","530.27","","-0.31%"
"Jan 23, 2024","534.62","536.57","539.09","532.15","","-0.72%"
"Jan 22, 2024","538.49","535.03","538.49","531.49","","+1.96%"
"Jan 19, 2024","528.13","530.46","530.56","524.78","","+0.59%"
"Jan 18, 2024","525.03","529.88","530.32","524.15","","-0.45%"
"Jan 17, 2024","527.39","534.03","538.71","527.15","","-0.67%"
"Jan 16, 2024","530.96","535.57","536.51","529.95","","-0.19%"
"Jan 15, 2024","531.98","510.22","533.39","510.22","","+4.56%"
"Jan 12, 2024","508.76","520.28","523.33","507.20","","-1.70%"
"Jan 11, 2024","517.54","510.68","519.30","510.68","","+2.75%"
"Jan 10, 2024","503.67","501.43","506.51","498.82","","-0.07%"
"Jan 09, 2024","504.00","506.49","510.02","502.62","","+0.98%"
"Jan 05, 2024","499.13","486.87","499.65","486.24","","+3.53%"
"Jan 04, 2024","482.11","471.38","483.71","470.51","","+1.35%"
"Dec 29, 2023","475.67","477.61","480.80","472.70","","+0.05%"
"Dec 28, 2023","475.43","471.58","475.43","471.26","","+0.38%"
"Dec 27, 2023","473.63","471.39","473.93","469.47","","+0.89%"
"Dec 26, 2023","469.44","468.92","469.98","466.75","","+0.11%"
"Dec 25, 2023","468.92","474.95","475.09","467.85","","-0.76%"
"Dec 22, 2023","472.52","471.80","476.44","471.14","","+0.52%"
"Dec 21, 2023","470.07","471.35","472.55","469.58","","-1.50%"
"Dec 20, 2023","477.23","468.86","480.07","468.86","","+1.85%"
"Dec 19, 2023","468.58","466.82","470.59","464.25","","+0.10%"
"Dec 18, 2023","468.10","463.93","468.34","458.78","","-0.09%"
"Dec 15, 2023","468.53","464.37","468.84","462.89","","+0.72%"
"Dec 14, 2023","465.19","470.84","471.93","464.61","","-1.12%"
"Dec 13, 2023","470.46","473.01","474.66","468.46","","-0.70%"
"Dec 12, 2023","473.80","474.02","477.47","472.49","","+0.23%"
"Dec 11, 2023","472.72","470.38","475.41","470.03","","+1.62%"
"Dec 08, 2023","465.20","467.39","470.78","463.65","","-1.47%"
"Dec 07, 2023","472.12","471.80","473.40","469.77","","-0.61%"
"Dec 06, 2023","475.00","463.81","475.14","463.81","","+2.69%"
"Dec 05, 2023","462.55","469.00","471.57","462.33","","-1.38%"
"Dec 04, 2023","469.04","468.14","470.78","464.74","","-0.21%"
"Dec 01, 2023","470.02","471.49","472.64","469.54","","+0.21%"
"Nov 30, 2023","469.05","458.32","469.25","457.96","","+1.46%"
"Nov 29, 2023","462.30","464.21","465.18","458.16","","-0.72%"
"Nov 28, 2023","465.64","471.67","471.67","464.57","","-1.21%"
"Nov 27, 2023","471.36","469.86","472.98","468.00","","+0.58%"
"Nov 24, 2023","468.63","474.17","474.17","468.63","","-0.16%"
"Nov 22, 2023","469.37","465.96","471.13","465.68","","+0.34%"
"Nov 21, 2023","467.79","471.17","471.86","466.00","","-1.14%"
"Nov 20, 2023","473.18","475.62","479.17","472.37","","-0.10%"
"Nov 17, 2023","473.65","465.71","473.65","465.71","","+1.28%"
"Nov 16, 2023","467.65","473.35","474.01","465.69","","-1.22%"
"Nov 15, 2023","473.41","472.12","474.25","469.89","","+1.66%"
"Nov 14, 2023","465.67","468.96","470.17","464.83","","-0.37%"
"Nov 13, 2023","467.42","467.81","470.10","465.70","","+0.33%"
"Nov 10, 2023","465.87","462.37","467.63","460.85","","+0.25%"
"Nov 09, 2023","464.69","453.28","465.85","451.67","","+2.37%"
"Nov 08, 2023","453.95","469.58","469.83","452.95","","-2.92%"
"Nov 07, 2023","467.59","472.46","474.71","467.13","","-1.21%"
"Nov 06, 2023","473.32","473.21","476.01","470.90","","+1.33%"
"Nov 02, 2023","467.09","467.71","470.24","465.59","","+0.45%"
"Nov 01, 2023","464.98","452.52","465.23","452.52","","+4.30%"
"Oct 31, 2023","445.80","441.40","449.57","435.23","","+2.06%"
"Oct 30, 2023","436.79","444.22","445.69","435.92","","-1.36%"
"Oct 27, 2023","442.83","436.91","442.92","434.20","","+2.48%"
"Oct 26, 2023","432.13","435.82","438.93","431.29","","-1.57%"
"Oct 25, 2023","439.03","439.98","443.67","438.23","","+0.31%"
"Oct 24, 2023","437.66","439.47","439.47","426.10","","-0.16%"
"Oct 23, 2023","438.34","439.33","441.15","436.71","","-0.54%"
"Oct 20, 2023","440.74","443.16","445.40","439.54","","-0.97%"
"Oct 19, 2023","445.05","446.99","449.26","444.67","","-2.00%"
"Oct 18, 2023","454.12","453.33","455.47","450.64","","+0.81%"
"Oct 17, 2023","450.45","453.53","456.41","446.36","","+0.81%"
"Oct 16, 2023","446.81","445.67","448.42","444.64","","-0.87%"
"Oct 13, 2023","450.74","455.53","460.12","449.05","","-2.09%"
"Oct 12, 2023","460.35","458.75","461.00","457.95","","+0.82%"
"Oct 11, 2023","456.62","459.85","461.73","456.62","","-0.43%"
"Oct 10, 2023","458.60","453.07","459.45","450.60","","+2.64%"
"Oct 06, 2023","446.82","445.91","451.97","442.40","","+1.11%"
"Oct 05, 2023","441.93","427.79","442.49","427.79","","+4.64%"
"Oct 04, 2023","422.33","431.20","431.20","420.56","","-3.64%"
"Oct 03, 2023","438.30","444.39","445.60","437.25","","-1.95%"
"Oct 02, 2023","447.00","450.99","456.83","446.55","","-0.23%"
"Sep 29, 2023","448.04","456.02","456.02","445.87","","-2.27%"
"Sep 28, 2023","458.47","460.13","462.22","455.15","","-1.67%"
"Sep 27, 2023","466.28","465.10","466.28","458.83","","-0.15%"
"Sep 26, 2023","466.97","467.95","469.13","464.55","","+0.11%"
"Sep 25, 2023","466.46","470.57","470.61","465.19","","-0.93%"
"Sep 22, 2023","470.83","465.33","473.65","463.71","","-0.05%"
"Sep 21, 2023","471.07","473.20","476.06","470.70","","-0.53%"
"Sep 20, 2023","473.59","482.07","482.71","472.65","","-1.09%"
"Sep 19, 2023","478.83","470.72","478.83","470.11","","+1.28%"
"Sep 15, 2023","472.77","473.39","478.64","471.12","","+1.13%"
"Sep 14, 2023","467.50","461.76","468.36","460.42","","+1.86%"
"Sep 13, 2023","458.98","455.49","461.43","454.39","","+0.99%"
"Sep 12, 2023","454.47","454.93","455.31","451.73","","+0.71%"
"Sep 11, 2023","451.25","449.08","452.88","448.44","","+1.21%"
"Sep 08, 2023","445.84","446.49","447.91","444.52","","+0.16%"
"Sep 07, 2023","445.12","447.21","448.05","444.23","","-0.36%"
"Sep 06, 2023","446.71","439.12","450.22","438.81","","+2.01%"
"Sep 05, 2023","437.92","438.40","439.71","434.07","","+0.03%"
"Sep 04, 2023","437.78","433.65","437.81","433.17","","+1.34%"
"Sep 01, 2023","431.99","425.71","432.38","425.71","","+1.69%"
"Aug 31, 2023","424.82","424.78","427.06","423.28","","-0.35%"
"Aug 30, 2023","426.30","423.98","427.98","423.38","","+1.08%"
"Aug 29, 2023","421.75","420.98","425.01","420.35","","+0.59%"
"Aug 28, 2023","419.27","416.07","419.39","416.07","","+1.52%"
"Aug 25, 2023","412.99","411.18","413.76","411.14","","-0.43%"
"Aug 24, 2023","414.76","411.65","415.03","411.12","","+0.85%"
"Aug 23, 2023","411.26","407.26","411.26","405.52","","+0.61%"
"Aug 22, 2023","408.76","402.36","408.76","402.14","","+1.86%"
"Aug 21, 2023","401.28","401.31","402.84","399.97","","+0.51%"
"Aug 18, 2023","399.25","398.57","402.19","397.90","","-0.96%"
"Aug 17, 2023","403.12","400.49","403.16","395.90","","+0.53%"
"Aug 16, 2023","401.01","400.83","403.05","400.36","","-1.24%"
"Aug 15, 2023","406.03","406.54","407.00","404.35","","+0.28%"
"Aug 14, 2023","404.88","408.39","409.97","404.23","","-0.65%"
"Aug 10, 2023","407.51","404.85","407.51","404.49","","+0.96%"
"Aug 09, 2023","403.62","408.69","408.69","402.99","","-1.86%"
"Aug 08, 2023","411.28","412.21","413.27","410.55","","+0.38%"
"Aug 07, 2023","409.73","408.10","411.26","407.23","","+0.01%"
"Aug 04, 2023","409.68","405.44","409.68","405.33","","+1.16%"
"Aug 03, 2023","404.97","407.71","408.51","403.40","","-0.57%"
"Aug 02, 2023","407.29","422.30","422.30","407.29","","-4.92%"
"Aug 01, 2023","428.36","422.58","428.38","420.89","","+1.09%"
"Jul 31, 2023","423.75","421.59","423.81","420.79","","+1.60%"
"Jul 28, 2023","417.06","411.06","418.26","410.46","","+0.32%"
"Jul 27, 2023","415.71","412.68","415.91","411.71","","+0.46%"
"Jul 26, 2023","413.82","415.10","415.10","411.62","","-0.45%"
"Jul 25, 2023","415.69","409.30","416.67","409.29","","+1.79%"
"Jul 24, 2023","408.38","407.28","408.38","404.88","","+1.11%"
"Jul 21, 2023","403.89","405.27","405.27","402.74","","-0.11%"
"Jul 20, 2023","404.34","408.70","409.00","403.80","","-0.53%"
"Jul 19, 2023","406.50","402.18","406.85","402.18","","+2.14%"
"Jul 18, 2023","397.99","397.03","401.89","397.03","","+0.19%"
"Jul 14, 2023","397.22","399.39","399.39","394.33","","+0.51%"
"Jul 13, 2023","395.22","393.24","395.68","391.74","","+0.68%"
"Jul 12, 2023","392.55","395.41","396.08","390.80","","-0.04%"
"Jul 11, 2023","392.70","396.34","397.03","391.63","","-0.26%"
"Jul 10, 2023","393.72","396.65","397.34","393.61","","-0.39%"
"Jul 07, 2023","395.28","395.11","398.92","393.40","","-1.31%"
"Jul 06, 2023","400.53","405.80","405.95","399.18","","-1.71%"
"Jul 05, 2023","407.51","402.68","408.04","400.86","","+0.42%"
"Jul 04, 2023","405.80","401.84","405.80","400.98","","+0.67%"
"Jul 03, 2023","403.09","398.33","403.31","398.33","","+1.53%"
"Jun 30, 2023","397.00","394.82","397.79","393.53","","+0.22%"
"Jun 29, 2023","396.11","399.53","400.26","394.89","","-0.93%"
"Jun 28, 2023","399.83","391.98","399.83","391.98","","+2.94%"
"Jun 27, 2023","388.42","391.78","392.17","386.15","","-0.73%"
"Jun 26, 2023","391.28","392.91","393.74","388.43","","-0.72%"
"Jun 23, 2023","394.13","400.40","401.24","391.68","","-1.57%"
"Jun 22, 2023","400.42","399.44","404.99","399.11","","+0.90%"
"Jun 21, 2023","396.86","393.21","397.20","391.88","","+0.58%"
"Jun 20, 2023","394.58","396.83","396.83","391.66","","-1.17%"
"Jun 19, 2023","399.24","404.11","405.08","396.28","","-0.48%"
"Jun 16, 2023","401.15","398.63","401.15","396.85","","+0.78%"
"Jun 15, 2023","398.03","383.34","402.03","381.61","","+3.86%"
"Jun 14, 2023","383.22","381.02","384.36","380.15","","+1.68%"
"Jun 13, 2023","376.89","375.82","377.95","375.22","","+0.12%"
"Jun 12, 2023","376.42","378.38","379.45","375.80","","-0.07%"
"Jun 09, 2023","376.70","373.56","377.02","372.67","","+1.26%"
"Jun 08, 2023","372.01","372.52","375.27","369.84","","+0.30%"
"Jun 07, 2023","370.88","377.68","378.92","370.88","","-0.56%"
"Jun 06, 2023","372.95","367.06","373.08","366.30","","+0.79%"
"Jun 05, 2023","370.03","369.36","370.29","368.47","","+1.80%"
"Jun 02, 2023","363.47","358.55","363.87","358.51","","+1.61%"
"Jun 01, 2023","357.71","354.33","358.96","353.84","","+0.52%"
"May 31, 2023","355.87","358.44","358.68","355.47","","-1.43%"
"May 30, 2023","361.03","362.17","362.72","359.12","","-0.34%"
"May 29, 2023","362.26","363.27","364.33","361.75","","+1.07%"
"May 26, 2023","358.41","364.38","364.49","358.41","","-1.65%"
"May 25, 2023","364.41","366.84","367.17","364.41","","-1.08%"
"May 24, 2023","368.38","368.60","370.06","367.77","","-0.21%"
"May 23, 2023","369.16","368.51","371.20","366.13","","+0.86%"
"May 22, 2023","366.03","362.54","366.14","362.13","","+1.13%"
"May 19, 2023","361.93","365.36","365.36","361.56","","-0.74%"
"May 18, 2023","364.61","367.40","367.57","363.94","","+0.20%"
"May 17, 2023","363.90","360.77","364.16","360.08","","+0.60%"
"May 16, 2023","361.73","364.30","364.57","361.09","","-0.21%"
"May 15, 2023","362.49","358.88","362.54","358.47","","+1.88%"
"May 12, 2023","355.80","357.22","358.95","354.97","","-0.80%"
"May 11, 2023","358.68","357.08","358.77","356.36","","+0.32%"
"May 10, 2023","357.53","359.49","359.98","357.33","","-0.43%"
"May 09, 2023","359.09","354.69","359.09","354.69","","+1.37%"
"May 08, 2023","354.24","353.49","356.07","353.28","","-0.15%"
"May 02, 2023","354.77","358.87","359.13","353.78","","-1.38%"
"May 01, 2023","359.74","359.17","361.81","358.38","","+0.84%"
"Apr 28, 2023","356.73","355.54","357.70","353.14","","+0.93%"
"Apr 27, 2023","353.46","362.94","363.12","352.11","","-3.86%"
"Apr 26, 2023","367.65","370.29","370.29","365.25","","-1.64%"
"Apr 25, 2023","373.79","370.39","375.35","370.39","","+1.35%"
"Apr 24, 2023","368.82","370.83","371.30","368.82","","-0.47%"
"Apr 21, 2023","370.57","370.24","372.41","369.78","","-0.70%"
"Apr 20, 2023","373.19","372.48","373.70","371.07","","+0.36%"
"Apr 19, 2023","371.84","370.28","371.84","369.28","","+0.56%"
"Apr 18, 2023","369.76","369.42","371.14","368.84","","+0.58%"
"Apr 17, 2023","367.64","366.81","367.98","365.24","","+1.17%"
"Apr 14, 2023","363.39","362.04","364.35","361.10","","+0.38%"
"Apr 13, 2023","362.01","362.71","362.71","359.91","","-0.76%"
"Apr 12, 2023","364.78","363.66","365.62","363.66","","+0.78%"
"Apr 11, 2023","361.97","361.63","363.21","360.08","","+0.55%"
"Apr 10, 2023","360.00","360.31","361.76","359.47","","+0.46%"
"Apr 07, 2023","358.36","357.25","359.81","357.25","","+0.60%"
"Apr 06, 2023","356.24","357.56","359.19","355.53","","-1.30%"
"Apr 05, 2023","360.92","365.09","365.10","360.53","","-1.96%"
"Apr 04, 2023","368.14","368.88","369.03","367.08","","-0.12%"
"Apr 03, 2023","368.58","366.95","368.74","366.12","","+1.24%"
"Mar 31, 2023","364.08","362.99","366.02","362.20","","+1.21%"
"Mar 30, 2023","359.73","362.35","364.06","357.90","","-2.67%"
"Mar 29, 2023","369.60","366.81","369.65","365.52","","+1.20%"
"Mar 28, 2023","365.21","366.02","367.27","364.64","","+0.72%"
"Mar 27, 2023","362.60","362.36","362.94","359.96","","+0.68%"
"Mar 24, 2023","360.16","359.46","360.96","358.24","","-0.68%"
"Mar 23, 2023","362.64","357.23","363.17","356.24","","+0.25%"
"Mar 22, 2023","361.75","354.57","362.78","354.57","","+3.79%"
"Mar 20, 2023","348.55","352.68","355.62","348.40","","-2.03%"
"Mar 17, 2023","355.77","354.95","356.41","353.75","","+0.65%"
"Mar 16, 2023","353.46","358.40","358.40","350.25","","-3.19%"
"Mar 15, 2023","365.09","367.62","370.80","363.78","","+1.02%"
"Mar 14, 2023","361.40","371.07","371.07","360.50","","-4.10%"
"Mar 13, 2023","376.87","381.40","381.40","373.70","","-2.82%"
"Mar 10, 2023","387.82","395.26","395.28","387.38","","-3.32%"
"Mar 09, 2023","401.12","398.50","401.12","398.50","","+1.03%"
"Mar 08, 2023","397.03","397.35","397.99","395.50","","-0.41%"
"Mar 07, 2023","398.65","394.83","398.65","394.66","","+0.98%"
"Mar 06, 2023","394.79","394.93","395.32","392.83","","+0.70%"
"Mar 03, 2023","392.04","392.29","393.67","390.50","","+0.73%"
"Mar 02, 2023","389.19","395.61","396.19","389.12","","-1.44%"
"Mar 01, 2023","394.88","393.66","395.76","393.66","","+0.09%"
"Feb 28, 2023","394.53","396.97","397.58","393.71","","-0.88%"
"Feb 27, 2023","398.02","394.99","398.69","394.99","","+1.28%"
"Feb 24, 2023","392.99","393.57","394.24","391.65","","-0.35%"
"Feb 22, 2023","394.36","397.33","397.33","392.34","","-1.16%"
"Feb 21, 2023","398.99","398.25","399.92","395.05","","+0.67%"
"Feb 20, 2023","396.35","387.38","397.29","386.83","","+2.81%"
"Feb 17, 2023","385.53","382.80","386.52","382.80","","-0.28%"
"Feb 16, 2023","386.62","382.52","386.83","382.02","","+1.54%"
"Feb 15, 2023","380.75","380.83","382.05","380.23","","+0.33%"
"Feb 14, 2023","379.50","378.62","380.00","378.33","","+0.82%"
"Feb 13, 2023","376.43","380.25","380.61","375.73","","-0.65%"
"Feb 10, 2023","378.89","377.41","380.96","376.46","","+0.23%"
"Feb 09, 2023","378.03","376.14","378.67","375.18","","+0.23%"
"Feb 08, 2023","377.16","376.66","377.65","375.87","","-0.37%"
"Feb 07, 2023","378.55","376.61","379.07","375.29","","+0.46%"
"Feb 06, 2023","376.81","377.46","380.01","374.73","","+0.72%"
"Feb 03, 2023","374.10","369.19","375.51","369.19","","+1.28%"
"Feb 02, 2023","369.37","368.45","369.58","366.09","","+0.57%"
"Feb 01, 2023","367.28","370.14","371.96","367.22","","-0.60%"
"Jan 31, 2023","369.50","370.83","373.11","369.13","","-0.26%"
"Jan 30, 2023","370.47","373.42","373.42","369.19","","-0.80%"
"Jan 27, 2023","373.45","372.41","373.57","370.93","","+0.78%"
"Jan 26, 2023","370.57","369.42","370.77","369.29","","+0.08%"
"Jan 25, 2023","370.27","367.64","371.13","367.64","","+0.15%"
"Jan 24, 2023","369.73","367.41","370.20","367.41","","+1.06%"
"Jan 23, 2023","365.87","364.59","366.43","362.96","","+0.97%"
"Jan 20, 2023","362.35","362.73","363.76","361.79","","-0.16%"
"Jan 19, 2023","362.93","366.16","366.74","362.60","","-1.34%"
"Jan 18, 2023","367.85","365.57","369.15","362.45","","+0.70%"
"Jan 17, 2023","365.28","363.73","366.61","362.46","","+1.09%"
"Jan 16, 2023","361.35","361.22","364.76","360.77","","0.00%"
"Jan 13, 2023","361.36","356.25","362.15","356.25","","+1.27%"
"Jan 12, 2023","356.82","355.98","357.59","355.34","","+0.15%"
"Jan 11, 2023","356.28","353.36","356.28","353.25","","+1.66%"
"Jan 10, 2023","350.47","349.73","351.85","349.38","","+0.46%"
"Jan 06, 2023","348.86","349.27","349.97","348.24","","-0.19%"
"Jan 05, 2023","349.54","348.94","350.77","348.23","","+0.07%"
"Jan 04, 2023","349.28","349.28","350.47","347.36","","+0.06%"
"Dec 30, 2022","349.06","349.67","351.23","348.33","","+0.02%"
"Dec 29, 2022","348.98","348.04","349.40","347.44","","-0.11%"
"Dec 28, 2022","349.37","352.08","352.15","348.89","","-0.78%"
"Dec 27, 2022","352.13","351.47","352.43","351.37","","+0.56%"
"Dec 26, 2022","350.17","350.39","351.65","349.55","","+0.21%"
"Dec 23, 2022","349.43","348.46","349.48","347.53","","-0.04%"
"Dec 22, 2022","349.58","348.18","349.58","347.19","","+1.10%"
"Dec 21, 2022","345.78","348.19","350.48","345.26","","-0.49%"
"Dec 20, 2022","347.48","347.59","349.78","345.11","","+0.21%"
"Dec 19, 2022","346.75","347.62","349.32","346.51","","-0.55%"
"Dec 16, 2022","348.67","350.36","351.10","348.17","","-1.25%"
"Dec 15, 2022","353.08","350.99","354.11","350.99","","-0.03%"
"Dec 14, 2022","353.17","353.43","354.94","352.57","","+0.18%"
"Dec 13, 2022","352.52","353.14","353.84","352.21","","+0.52%"
"Dec 12, 2022","350.69","351.07","352.65","350.69","","-0.01%"
"Dec 09, 2022","350.73","350.98","352.00","349.91","","+0.24%"
"Dec 08, 2022","349.89","351.60","351.82","348.13","","-0.70%"
"Dec 07, 2022","352.35","351.63","354.23","351.38","","-0.08%"
"Dec 06, 2022","352.62","353.27","354.34","352.27","","-0.40%"
"Dec 05, 2022","354.05","355.67","355.67","352.23","","-0.72%"
"Dec 02, 2022","356.60","358.28","358.28","354.52","","-0.99%"
"Dec 01, 2022","360.18","361.20","361.86","360.10","","-0.04%"
"Nov 30, 2022","360.34","361.41","362.85","359.51","","-0.75%"
"Nov 29, 2022","363.06","361.87","363.57","359.80","","-0.04%"
"Nov 28, 2022","363.21","366.35","367.10","361.95","","-0.16%"
"Nov 25, 2022","363.78","361.74","363.90","360.72","","+0.39%"
"Nov 24, 2022","362.36","360.57","362.87","360.19","","+1.26%"
"Nov 22, 2022","357.84","355.22","358.86","354.65","","+1.06%"
"Nov 21, 2022","354.08","355.16","355.16","352.67","","+0.20%"
"Nov 18, 2022","353.38","355.99","356.41","353.21","","-0.48%"
"Nov 17, 2022","355.10","352.33","355.10","352.31","","+0.80%"
"Nov 16, 2022","352.29","355.16","355.16","351.78","","-1.37%"
"Nov 15, 2022","357.18","354.07","357.28","352.76","","+0.42%"
"Nov 14, 2022","355.67","357.50","358.30","355.67","","-0.48%"
"Nov 11, 2022","357.39","354.94","357.79","354.59","","+2.37%"
"Nov 10, 2022","349.11","349.89","350.32","348.96","","-0.78%"
"Nov 09, 2022","351.85","351.14","353.05","350.54","","+0.13%"
"Nov 08, 2022","351.40","350.30","352.74","350.30","","+0.39%"
"Nov 07, 2022","350.04","349.19","351.41","348.45","","+0.97%"
"Nov 04, 2022","346.69","347.79","348.85","344.24","","-1.61%"
"Nov 02, 2022","352.36","350.94","353.29","350.88","","+0.10%"
"Nov 01, 2022","352.00","352.87","353.63","350.13","","-0.09%"
"Oct 31, 2022","352.32","349.47","353.20","349.20","","+1.79%"
"Oct 28, 2022","346.14","346.94","348.60","345.88","","-0.31%"
"Oct 27, 2022","347.20","350.34","350.34","346.55","","-0.89%"
"Oct 26, 2022","350.33","350.50","351.65","349.95","","+0.09%"
"Oct 25, 2022","350.01","347.97","351.31","347.73","","+1.19%"
"Oct 24, 2022","345.91","348.39","348.85","345.91","","-0.20%"
"Oct 21, 2022","346.61","347.07","347.18","345.44","","-0.68%"
"Oct 20, 2022","348.99","347.91","349.72","347.40","","-0.39%"
"Oct 19, 2022","350.34","349.54","351.34","348.05","","+0.33%"
"Oct 18, 2022","349.20","349.34","350.67","347.53","","+0.52%"
"Oct 17, 2022","347.41","349.03","350.28","346.78","","-1.17%"
"Oct 14, 2022","351.52","348.32","353.65","347.88","","+2.73%"
"Oct 13, 2022","342.19","344.14","344.37","341.94","","-0.74%"
"Oct 12, 2022","344.75","345.07","346.47","344.18","","-1.11%"
"Oct 11, 2022","348.61","351.89","352.68","347.96","","-1.26%"
"Oct 07, 2022","353.07","351.65","354.65","350.55","","-0.76%"
"Oct 06, 2022","355.77","354.59","356.98","354.59","","+0.52%"
"Oct 05, 2022","353.94","354.42","356.36","352.44","","+0.28%"
"Oct 04, 2022","352.96","347.09","353.54","347.09","","+2.89%"
"Oct 03, 2022","343.05","343.07","343.07","336.89","","-0.44%"
"Sep 30, 2022","344.57","346.50","347.44","342.56","","-0.92%"
"Sep 29, 2022","347.78","344.94","348.53","344.65","","+0.39%"
"Sep 28, 2022","346.42","348.03","348.58","342.81","","-1.23%"
"Sep 27, 2022","350.73","350.58","354.25","350.13","","+0.24%"
"Sep 26, 2022","349.89","357.90","357.96","349.25","","-2.98%"
"Sep 22, 2022","360.62","357.71","361.33","357.19","","+0.24%"
"Sep 21, 2022","359.76","361.91","363.85","359.76","","-1.46%"
"Sep 20, 2022","365.09","366.18","366.94","365.04","","+0.03%"
"Sep 16, 2022","364.97","365.50","367.00","363.83","","-0.14%"
"Sep 15, 2022","365.47","363.31","366.06","363.02","","+0.33%"
"Sep 14, 2022","364.25","363.46","365.53","361.79","","-1.51%"
"Sep 13, 2022","369.84","368.13","370.26","367.76","","+0.43%"
"Sep 12, 2022","368.27","367.11","368.40","365.25","","+0.86%"
"Sep 09, 2022","365.14","362.45","365.89","362.34","","+0.76%"
"Sep 08, 2022","362.37","360.45","362.48","360.45","","+1.33%"
"Sep 07, 2022","357.60","360.47","360.82","356.28","","-0.92%"
"Sep 06, 2022","360.91","360.46","362.36","360.36","","-0.07%"
"Sep 05, 2022","361.16","360.74","361.79","359.82","","-0.38%"
"Sep 02, 2022","362.52","360.59","362.52","360.18","","+0.55%"
"Sep 01, 2022","360.54","361.11","362.15","359.82","","-0.93%"
"Aug 31, 2022","363.94","362.47","364.51","362.44","","+0.05%"
"Aug 30, 2022","363.76","364.33","365.05","363.30","","+0.54%"
"Aug 29, 2022","361.79","361.13","362.77","360.42","","-1.09%"
"Aug 26, 2022","365.76","367.93","368.12","365.68","","-0.53%"
"Aug 25, 2022","367.72","365.36","368.32","365.18","","0.00%"
"Aug 24, 2022","367.71","368.65","370.13","367.67","","+0.13%"
"Aug 23, 2022","367.23","363.75","367.40","362.97","","+0.22%"
"Aug 22, 2022","366.41","366.65","367.45","365.21","","-0.79%"
"Aug 19, 2022","369.34","369.77","370.67","367.34","","-0.02%"
"Aug 18, 2022","369.40","371.03","372.12","369.05","","-0.71%"
"Aug 17, 2022","372.05","368.17","372.20","368.17","","+1.98%"
"Aug 16, 2022","364.83","364.06","365.40","362.85","","-0.14%"
"Aug 15, 2022","365.33","363.81","365.72","363.02","","+0.50%"
"Aug 12, 2022","363.51","362.07","366.03","362.07","","+1.46%"
"Aug 10, 2022","358.28","358.71","359.57","357.15","","-0.35%"
"Aug 09, 2022","359.53","358.92","360.05","358.26","","+0.23%"
"Aug 08, 2022","358.72","356.28","358.72","356.28","","+0.28%"
"Aug 05, 2022","357.72","354.73","357.74","354.63","","+1.16%"
"Aug 04, 2022","353.61","353.06","353.97","347.48","","-0.79%"
"Aug 03, 2022","356.43","356.63","357.25","355.48","","-0.17%"
"Aug 02, 2022","357.02","356.73","358.20","355.14","","-0.72%"
"Aug 01, 2022","359.62","359.82","360.04","356.91","","-0.27%"
"Jul 29, 2022","360.61","361.26","362.54","359.76","","-0.13%"
"Jul 28, 2022","361.09","359.47","361.09","357.42","","+0.67%"
"Jul 27, 2022","358.67","359.77","360.34","357.49","","-0.69%"
"Jul 26, 2022","361.18","361.51","362.54","360.57","","+0.24%"
"Jul 25, 2022","360.33","360.95","362.55","359.92","","-0.60%"
"Jul 22, 2022","362.51","360.89","363.87","360.20","","-0.17%"
"Jul 21, 2022","363.11","360.11","363.51","359.43","","-0.62%"
"Jul 20, 2022","365.37","364.00","365.49","363.23","","+1.72%"
"Jul 19, 2022","359.18","358.87","359.64","356.86","","+1.17%"
"Jul 15, 2022","355.03","358.06","358.21","354.29","","-1.08%"
"Jul 14, 2022","358.89","357.89","359.86","357.00","","+0.04%"
"Jul 13, 2022","358.74","357.83","359.36","356.99","","+0.84%"
"Jul 12, 2022","355.75","359.97","359.97","354.81","","-1.87%"
"Jul 11, 2022","362.54","362.37","363.31","360.23","","+1.10%"
"Jul 08, 2022","358.58","356.73","362.09","356.65","","+0.80%"
"Jul 07, 2022","355.73","356.13","357.44","352.61","","+0.96%"
"Jul 06, 2022","352.34","353.64","354.35","351.23","","-0.89%"
"Jul 05, 2022","355.50","356.68","357.59","354.70","","+0.04%"
"Jul 04, 2022","355.35","351.46","355.44","351.46","","+2.11%"
"Jul 01, 2022","348.00","351.12","352.45","347.41","","-1.21%"
"Jun 30, 2022","352.26","350.83","354.16","350.39","","-0.43%"
"Jun 29, 2022","353.77","355.10","355.87","352.73","","-1.54%"
"Jun 28, 2022","359.32","357.00","359.97","356.91","","+0.36%"
"Jun 27, 2022","358.04","358.43","359.06","355.48","","+1.08%"
"Jun 24, 2022","354.23","352.77","354.52","350.52","","+0.32%"
"Jun 23, 2022","353.10","349.47","353.29","349.47","","+0.83%"
"Jun 22, 2022","350.21","353.10","353.84","349.98","","+0.19%"
"Jun 21, 2022","349.54","344.98","350.63","344.27","","+2.49%"
"Jun 20, 2022","341.05","347.54","348.15","340.74","","-1.78%"
"Jun 17, 2022","347.24","346.89","347.68","344.90","","-1.22%"
"Jun 16, 2022","351.54","351.41","355.67","350.83","","+0.74%"
"Jun 15, 2022","348.96","349.06","352.31","348.71","","+0.37%"
"Jun 14, 2022","347.68","346.28","347.93","345.43","","-0.66%"
"Jun 13, 2022","349.98","349.38","350.67","348.68","","-1.12%"
"Jun 10, 2022","353.95","354.75","356.12","353.74","","-1.05%"
"Jun 09, 2022","357.70","359.47","359.87","357.65","","-0.95%"
"Jun 08, 2022","361.14","357.85","361.21","357.76","","+0.80%"
"Jun 07, 2022","358.29","358.78","361.27","358.14","","+0.15%"
"Jun 06, 2022","357.76","356.89","358.61","356.56","","-0.33%"
"Jun 03, 2022","358.96","363.34","363.62","358.74","","-0.93%"
"Jun 02, 2022","362.32","361.63","363.09","360.09","","-0.24%"
"Jun 01, 2022","363.19","359.01","363.71","358.95","","+1.25%"
"May 31, 2022","358.72","360.28","361.72","356.56","","-0.36%"
"May 30, 2022","360.03","358.04","361.51","355.26","","+1.36%"
"May 27, 2022","355.21","355.14","356.66","353.89","","+0.88%"
"May 26, 2022","352.10","349.77","354.37","349.26","","+0.49%"
"May 25, 2022","350.39","350.48","351.14","348.90","","+0.10%"
"May 24, 2022","350.05","353.52","354.06","349.99","","-0.47%"
"May 23, 2022","351.72","350.45","353.10","349.47","","+1.45%"
"May 20, 2022","346.71","341.33","347.48","340.67","","+1.80%"
"May 19, 2022","340.58","339.66","341.29","338.30","","-1.39%"
"May 18, 2022","345.38","346.01","347.30","344.19","","+0.05%"
"May 17, 2022","345.22","346.31","346.73","344.50","","-0.30%"
"May 16, 2022","346.27","352.72","352.93","345.85","","-0.95%"
"May 13, 2022","349.59","344.70","350.02","344.50","","+1.15%"
"May 12, 2022","345.60","347.93","351.38","345.46","","-1.31%"
"May 11, 2022","350.17","352.86","353.32","349.92","","-1.74%"
"May 10, 2022","356.38","355.42","358.26","352.31","","-0.95%"
"May 09, 2022","359.81","361.39","361.85","357.81","","-1.34%"
"May 06, 2022","364.68","362.94","365.87","360.11","","-0.08%"
"May 02, 2022","364.99","362.38","366.17","361.83","","+0.01%"
"Apr 28, 2022","364.97","355.04","365.33","354.61","","+2.95%"
"Apr 27, 2022","354.51","359.74","359.74","352.34","","-3.03%"
"Apr 26, 2022","365.59","367.00","368.32","363.73","","-0.20%"
"Apr 25, 2022","366.34","368.27","368.53","365.80","","-1.84%"
"Apr 22, 2022","373.19","374.52","375.06","370.38","","-0.94%"
"Apr 21, 2022","376.72","375.27","376.83","374.86","","+0.46%"
"Apr 20, 2022","374.98","377.60","378.17","373.47","","+0.03%"
"Apr 19, 2022","374.85","373.68","375.45","372.43","","+1.28%"
"Apr 18, 2022","370.11","369.41","370.92","367.04","","-0.46%"
"Apr 15, 2022","371.83","368.65","371.83","367.65","","+0.40%"
"Apr 14, 2022","370.36","370.70","372.43","369.26","","+0.59%"
"Apr 13, 2022","368.18","372.30","372.30","363.93","","-2.46%"
"Apr 12, 2022","377.48","376.86","379.16","376.51","","-0.22%"
"Apr 11, 2022","378.30","377.12","380.08","375.46","","+0.17%"
"Apr 08, 2022","377.64","377.82","379.23","374.62","","+0.60%"
"Apr 07, 2022","375.40","375.01","375.73","371.93","","-1.35%"
"Apr 06, 2022","380.52","385.63","386.09","380.03","","-1.92%"
"Apr 05, 2022","387.96","391.76","392.08","387.82","","-0.52%"
"Apr 04, 2022","389.99","387.77","390.82","386.88","","+0.64%"
"Apr 01, 2022","387.51","384.52","387.97","382.13","","+0.27%"
"Mar 31, 2022","386.45","390.56","392.42","386.45","","-2.42%"
"Mar 30, 2022","396.05","399.68","400.03","392.18","","-2.78%"
"Mar 29, 2022","407.36","404.54","408.38","404.41","","+0.69%"
"Mar 28, 2022","404.56","407.96","409.19","402.06","","-0.26%"
"Mar 25, 2022","405.60","406.40","407.77","402.81","","+0.03%"
"Mar 24, 2022","405.48","405.56","406.48","401.13","","-1.00%"
"Mar 23, 2022","409.56","405.56","413.27","405.39","","+2.49%"
"Mar 22, 2022","399.60","395.81","399.60","395.52","","+2.20%"
"Mar 18, 2022","390.98","390.10","392.73","389.06","","-0.33%"
"Mar 17, 2022","392.28","392.13","394.19","389.73","","+1.73%"
"Mar 16, 2022","385.60","384.38","386.85","383.73","","+0.80%"
"Mar 15, 2022","382.55","380.64","384.52","379.78","","+1.02%"
"Mar 14, 2022","378.69","374.98","381.57","374.98","","+2.17%"
"Mar 11, 2022","370.64","367.67","371.47","367.67","","-0.18%"
"Mar 10, 2022","371.32","364.59","373.19","364.37","","+3.47%"
"Mar 09, 2022","358.85","356.61","361.63","353.34","","+0.38%"
"Mar 08, 2022","357.50","362.43","366.19","356.69","","-2.63%"
"Mar 07, 2022","367.14","370.96","371.18","361.63","","-2.41%"
"Mar 04, 2022","376.19","381.09","382.33","374.27","","-1.54%"
"Mar 03, 2022","382.09","379.92","384.38","379.07","","+1.63%"
"Mar 02, 2022","375.98","380.49","381.46","375.58","","-2.36%"
"Mar 01, 2022","385.07","387.70","389.98","384.58","","+0.28%"
"Feb 28, 2022","383.99","383.42","384.50","380.48","","+0.91%"
"Feb 25, 2022","380.52","379.80","381.27","377.27","","-0.35%"
"Feb 24, 2022","381.86","385.00","388.76","379.38","","-1.22%"
"Feb 22, 2022","386.57","385.23","388.14","384.40","","-0.85%"
"Feb 21, 2022","389.88","388.93","390.81","386.65","","-0.89%"
"Feb 18, 2022","393.40","391.11","394.30","390.71","","-0.10%"
"Feb 17, 2022","393.78","395.58","396.47","393.04","","-0.74%"
"Feb 16, 2022","396.70","397.57","397.99","395.00","","+1.45%"
"Feb 15, 2022","391.04","396.32","396.35","390.02","","-0.97%"
"Feb 14, 2022","394.87","392.86","395.92","390.32","","-0.62%"
"Feb 10, 2022","397.32","399.30","399.96","395.78","","-0.36%"
"Feb 09, 2022","398.77","401.37","402.04","397.69","","-0.28%"
"Feb 08, 2022","399.88","394.63","400.18","394.63","","+1.28%"
"Feb 07, 2022","394.83","393.48","395.67","391.44","","+0.73%"
"Feb 04, 2022","391.97","390.63","392.26","387.93","","+0.31%"
"Feb 03, 2022","390.75","389.42","392.93","388.02","","-0.35%"
"Feb 02, 2022","392.13","379.91","392.68","379.91","","+3.95%"
"Feb 01, 2022","377.24","378.47","381.48","376.77","","+0.19%"
"Jan 31, 2022","376.54","374.69","377.61","371.80","","-0.12%"
"Jan 28, 2022","376.98","377.24","378.37","374.80","","+1.29%"
"Jan 27, 2022","372.18","381.01","383.46","369.73","","-1.22%"
"Jan 26, 2022","376.76","380.62","381.94","376.76","","-0.06%"
"Jan 25, 2022","376.97","380.38","380.60","375.07","","-2.09%"
"Jan 24, 2022","385.02","387.06","387.73","382.71","","-1.58%"
"Jan 21, 2022","391.22","385.29","391.36","383.23","","+0.66%"
"Jan 20, 2022","388.66","383.98","391.36","383.88","","+0.29%"
"Jan 19, 2022","387.52","392.26","394.64","386.16","","-2.58%"
"Jan 18, 2022","397.77","400.01","403.38","395.46","","-0.83%"
"Jan 17, 2022","401.09","400.28","404.60","399.85","","+0.64%"
"Jan 14, 2022","398.52","400.26","400.26","394.18","","-0.99%"
"Jan 13, 2022","402.51","399.24","403.03","399.24","","+0.83%"
"Jan 12, 2022","399.19","398.01","401.64","396.86","","+0.76%"
"Jan 11, 2022","396.17","389.04","396.17","386.93","","+2.19%"
"Jan 07, 2022","387.68","388.55","390.75","384.25","","+0.45%"
"Jan 06, 2022","385.94","392.20","393.12","385.41","","-1.51%"
"Jan 05, 2022","391.87","390.10","392.62","389.66","","+1.03%"
"Jan 04, 2022","387.89","385.99","388.95","383.77","","+1.98%"
"Dec 30, 2021","380.37","380.67","382.35","379.07","","-0.65%"
"Dec 29, 2021","382.85","383.03","384.71","381.20","","-0.31%"
"Dec 28, 2021","384.04","384.07","384.68","381.22","","+1.20%"
"Dec 27, 2021","379.49","380.21","381.16","378.92","","-0.24%"
"Dec 24, 2021","380.39","383.14","384.05","379.79","","-0.43%"
"Dec 23, 2021","382.04","380.79","383.04","380.09","","+0.66%"
"Dec 22, 2021","379.54","378.40","381.85","378.40","","+0.84%"
"Dec 21, 2021","376.39","372.38","376.57","372.37","","+2.59%"
"Dec 20, 2021","366.87","380.72","381.00","366.87","","-4.70%"
"Dec 17, 2021","384.97","387.13","388.88","384.97","","-0.66%"
"Dec 16, 2021","387.52","388.11","388.73","386.27","","+0.33%"
"Dec 15, 2021","386.26","380.32","386.97","380.28","","+2.17%"
"Dec 14, 2021","378.06","380.14","380.67","377.18","","-0.92%"
"Dec 13, 2021","381.57","385.51","385.74","381.36","","+0.06%"
"Dec 10, 2021","381.33","384.36","385.44","380.95","","-0.55%"
"Dec 09, 2021","383.44","383.47","384.85","382.83","","-0.18%"
"Dec 08, 2021","384.13","385.61","386.06","383.53","","+0.52%"
"Dec 07, 2021","382.14","374.77","382.25","374.66","","+2.68%"
"Dec 06, 2021","372.15","372.05","374.38","370.34","","-0.37%"
"Dec 03, 2021","373.55","365.86","373.70","365.86","","+2.57%"
"Dec 02, 2021","364.19","365.13","367.48","362.40","","-1.26%"
"Dec 01, 2021","368.82","367.88","373.00","364.46","","+0.07%"
"Nov 30, 2021","368.56","371.36","377.34","368.07","","0.00%"
"Nov 29, 2021","368.57","370.55","373.66","368.16","","-2.24%"
"Nov 26, 2021","377.03","383.92","383.92","375.72","","-2.41%"
"Nov 25, 2021","386.36","381.82","386.79","380.56","","+1.88%"
"Nov 24, 2021","379.24","379.99","385.75","378.86","","+0.21%"
"Nov 22, 2021","378.44","373.25","379.25","372.13","","+1.10%"
"Nov 19, 2021","374.32","374.92","375.43","372.66","","-0.82%"
"Nov 18, 2021","377.42","374.19","378.63","374.19","","+0.53%"
"Nov 17, 2021","375.42","379.38","381.20","375.32","","-1.11%"
"Nov 16, 2021","379.64","381.81","382.67","379.28","","-0.23%"
"Nov 15, 2021","380.52","381.41","382.80","380.22","","+0.48%"
"Nov 12, 2021","378.71","378.25","382.21","378.05","","+0.72%"
"Nov 11, 2021","375.99","376.21","378.64","375.24","","+0.15%"
"Nov 10, 2021","375.44","379.38","380.03","375.09","","-1.36%"
"Nov 09, 2021","380.60","385.95","387.25","380.36","","-1.10%"
"Nov 08, 2021","384.85","386.06","388.33","384.85","","+0.01%"
"Nov 05, 2021","384.80","385.66","386.12","383.18","","-0.27%"
"Nov 04, 2021","385.86","382.78","386.53","381.99","","+1.80%"
"Nov 02, 2021","379.02","383.81","385.89","378.85","","-1.89%"
"Nov 01, 2021","386.33","391.24","391.46","381.56","","-1.28%"
"Oct 29, 2021","391.32","393.84","394.07","388.13","","-1.06%"
"Oct 28, 2021","395.53","395.55","395.74","391.94","","-1.12%"
"Oct 27, 2021","400.02","402.64","402.65","398.96","","-0.39%"
"Oct 26, 2021","401.59","399.48","403.22","398.26","","+1.28%"
"Oct 25, 2021","396.53","398.01","401.55","396.53","","-0.98%"
"Oct 22, 2021","400.47","398.66","401.71","397.61","","-0.81%"
"Oct 21, 2021","403.73","407.98","408.96","403.50","","-0.95%"
"Oct 20, 2021","407.62","404.84","413.32","404.84","","+1.52%"
"Oct 19, 2021","401.52","402.66","404.36","398.36","","-0.31%"
"Oct 18, 2021","402.77","401.20","403.24","399.49","","+0.51%"
"Oct 15, 2021","400.74","393.97","400.74","393.57","","+2.77%"
"Oct 14, 2021","389.95","391.26","392.70","389.29","","-1.12%"
"Oct 13, 2021","394.36","396.16","397.76","394.17","","-0.51%"
"Oct 12, 2021","396.39","395.56","397.66","393.69","","+0.61%"
"Oct 11, 2021","393.97","388.97","394.16","388.84","","+1.87%"
"Oct 08, 2021","386.73","390.01","391.54","386.73","","-0.07%"
"Oct 07, 2021","387.01","387.81","390.81","384.56","","+0.25%"
"Oct 06, 2021","386.03","384.09","390.27","381.23","","+1.42%"
"Oct 05, 2021","380.61","379.68","382.76","377.05","","-0.38%"
"Oct 04, 2021","382.08","386.65","388.76","380.89","","-0.21%"
"Oct 01, 2021","382.87","384.17","388.91","381.62","","-1.68%"
"Sep 30, 2021","389.42","394.71","394.71","389.36","","-1.44%"
"Sep 29, 2021","395.10","396.59","398.29","391.78","","-2.76%"
"Sep 28, 2021","406.31","406.42","406.80","402.73","","+0.48%"
"Sep 27, 2021","404.38","403.12","405.87","402.91","","+0.98%"
"Sep 24, 2021","400.44","396.02","400.44","395.82","","+2.88%"
"Sep 22, 2021","389.24","391.09","392.74","389.04","","-0.82%"
"Sep 21, 2021","392.44","396.08","396.08","389.84","","-2.63%"
"Sep 17, 2021","403.04","401.33","403.48","400.29","","+0.48%"
"Sep 16, 2021","401.10","406.96","407.48","398.07","","-1.20%"
"Sep 15, 2021","405.98","410.64","410.70","405.07","","-2.14%"
"Sep 14, 2021","414.86","409.66","414.95","409.58","","+1.78%"
"Sep 13, 2021","407.60","406.76","408.41","404.99","","-0.69%"
"Sep 10, 2021","410.42","400.80","410.42","400.54","","+2.91%"
"Sep 09, 2021","398.81","398.95","401.01","397.59","","-1.00%"
"Sep 08, 2021","402.84","400.61","402.84","398.77","","+0.41%"
"Sep 07, 2021","401.21","404.69","405.52","400.72","","+0.11%"
"Sep 06, 2021","400.77","394.94","400.77","394.93","","+2.66%"
"Sep 03, 2021","390.38","382.76","390.84","381.73","","+2.28%"
"Sep 02, 2021","381.66","383.33","385.38","380.32","","-0.18%"
"Sep 01, 2021","382.36","376.55","382.54","376.43","","+1.99%"
"Aug 31, 2021","374.91","372.36","376.48","370.60","","+0.17%"
"Aug 30, 2021","374.27","373.31","374.27","370.79","","+1.22%"
"Aug 27, 2021","369.76","368.63","370.38","368.63","","-0.11%"
"Aug 26, 2021","370.17","369.21","371.51","369.08","","+0.54%"
"Aug 25, 2021","368.20","370.01","372.86","368.05","","+0.08%"
"Aug 24, 2021","367.89","365.14","368.57","364.76","","+1.19%"
"Aug 23, 2021","363.57","363.50","366.43","363.32","","+0.90%"
"Aug 20, 2021","360.33","361.14","364.17","360.00","","-0.81%"
"Aug 19, 2021","363.27","370.66","370.96","363.27","","-2.95%"
"Aug 18, 2021","374.30","373.88","375.81","371.30","","+0.05%"
"Aug 17, 2021","374.12","375.36","378.19","374.12","","-0.45%"
"Aug 16, 2021","375.81","379.17","379.17","375.69","","-1.74%"
"Aug 13, 2021","382.47","383.56","384.26","381.45","","-0.61%"
"Aug 12, 2021","384.80","382.74","386.35","382.35","","+0.88%"
"Aug 11, 2021","381.45","379.32","382.76","378.99","","+1.58%"
"Aug 10, 2021","375.51","376.49","380.32","375.28","","+0.25%"
"Aug 06, 2021","374.56","373.46","376.13","373.25","","+0.53%"
"Aug 05, 2021","372.57","368.75","372.99","368.14","","+0.84%"
"Aug 04, 2021","369.47","368.47","371.22","368.07","","+0.20%"
"Aug 03, 2021","368.74","370.17","370.65","366.80","","-0.93%"
"Aug 02, 2021","372.22","370.89","373.72","368.69","","+0.32%"
"Jul 30, 2021","371.02","372.15","373.13","370.45","","-0.71%"
"Jul 29, 2021","373.69","373.29","374.13","371.33","","+0.74%"
"Jul 28, 2021","370.96","374.51","375.22","370.43","","-1.18%"
"Jul 27, 2021","375.39","374.43","376.39","373.36","","+0.78%"
"Jul 26, 2021","372.50","374.87","376.74","372.00","","+0.75%"
"Jul 21, 2021","369.74","373.45","374.50","369.10","","+0.38%"
"Jul 20, 2021","368.35","367.55","370.32","366.15","","-1.15%"
"Jul 19, 2021","372.63","373.09","374.07","370.55","","-0.92%"
"Jul 16, 2021","376.09","373.07","378.54","373.07","","+0.75%"
"Jul 15, 2021","373.29","376.68","377.21","373.07","","-1.39%"
"Jul 14, 2021","378.57","377.52","380.42","377.36","","-0.78%"
"Jul 13, 2021","381.55","376.84","381.55","376.80","","+1.51%"
"Jul 12, 2021","375.86","374.68","376.08","373.62","","+2.06%"
"Jul 09, 2021","368.26","361.72","368.96","360.22","","+0.12%"
"Jul 08, 2021","367.83","371.10","372.21","367.83","","-1.49%"
"Jul 07, 2021","373.39","374.17","374.74","372.24","","-1.88%"
"Jul 06, 2021","380.55","384.20","384.20","380.53","","-0.71%"
"Jul 05, 2021","383.26","385.11","385.30","381.25","","-1.05%"
"Jul 02, 2021","387.33","384.68","388.62","384.53","","+0.39%"
"Jul 01, 2021","385.81","386.06","387.88","384.61","","-0.04%"
"Jun 30, 2021","385.98","386.82","388.47","385.98","","-0.47%"
"Jun 29, 2021","387.79","388.81","389.96","386.19","","-1.25%"
"Jun 28, 2021","392.69","390.14","394.36","390.03","","+1.28%"
"Jun 25, 2021","387.73","389.44","390.20","387.14","","+0.15%"
"Jun 24, 2021","387.15","387.09","389.03","385.23","","-0.04%"
"Jun 23, 2021","387.29","389.21","390.95","387.10","","-1.38%"
"Jun 22, 2021","392.69","388.05","392.87","387.73","","+2.78%"
"Jun 21, 2021","382.05","386.12","386.17","380.79","","-2.80%"
"Jun 18, 2021","393.04","396.58","396.94","392.60","","-1.96%"
"Jun 17, 2021","400.89","402.12","405.77","399.47","","+0.12%"
"Jun 16, 2021","400.42","399.83","401.72","398.51","","+0.04%"
"Jun 15, 2021","400.24","404.37","404.37","400.16","","-0.86%"
"Jun 14, 2021","403.72","402.17","403.72","400.00","","+1.06%"
"Jun 11, 2021","399.48","401.69","401.69","397.44","","-0.67%"
"Jun 10, 2021","402.16","402.39","404.16","401.02","","-0.06%"
"Jun 09, 2021","402.39","408.04","408.53","402.39","","-1.82%"
"Jun 08, 2021","409.83","409.21","412.20","408.49","","-0.27%"
"Jun 07, 2021","410.94","411.72","412.74","409.22","","+0.24%"
"Jun 04, 2021","409.95","411.31","412.36","408.75","","-0.38%"
"Jun 03, 2021","411.52","413.35","414.96","410.95","","-0.29%"
"Jun 02, 2021","412.70","408.20","413.55","405.67","","+1.53%"
"Jun 01, 2021","406.47","406.94","408.61","404.40","","-0.13%"
"May 31, 2021","406.98","412.08","412.08","406.25","","-1.39%"
"May 28, 2021","412.70","412.74","413.37","409.83","","+0.82%"
"May 27, 2021","409.33","408.09","409.33","404.31","","-0.22%"
"May 26, 2021","410.24","411.89","413.45","409.03","","-0.79%"
"May 25, 2021","413.49","407.17","413.49","406.48","","+2.00%"
"May 24, 2021","405.39","404.45","406.09","403.69","","0.00%"
"May 21, 2021","405.40","404.02","406.46","401.42","","+0.24%"
"May 20, 2021","404.43","400.70","406.13","400.00","","+0.50%"
"May 19, 2021","402.43","398.48","405.98","397.71","","-0.36%"
"May 18, 2021","403.90","399.10","404.92","398.33","","+1.90%"
"May 17, 2021","396.35","398.48","400.17","393.98","","-0.10%"
"May 14, 2021","396.74","395.78","398.43","394.14","","+1.32%"
"May 13, 2021","391.59","391.57","397.64","390.12","","-0.92%"
"May 12, 2021","395.23","400.42","401.03","390.32","","-1.57%"
"May 11, 2021","401.55","405.94","407.42","401.06","","-2.20%"
"May 10, 2021","410.58","406.60","411.30","406.33","","+0.93%"
"May 07, 2021","406.78","408.20","408.27","405.38","","-0.76%"
"May 06, 2021","409.88","407.56","412.34","406.91","","+1.28%"
"Apr 30, 2021","404.70","406.25","410.22","404.66","","+0.27%"
"Apr 28, 2021","403.61","401.21","405.40","399.07","","+1.82%"
"Apr 27, 2021","396.38","392.35","397.96","391.10","","+0.86%"
"Apr 26, 2021","392.99","393.35","394.93","391.74","","+0.24%"
"Apr 23, 2021","392.05","393.57","395.19","390.20","","-0.73%"
"Apr 22, 2021","394.93","394.35","394.93","390.27","","+0.85%"
"Apr 21, 2021","391.61","394.32","395.50","389.94","","-2.27%"
"Apr 20, 2021","400.69","402.72","403.01","399.05","","-0.99%"
"Apr 19, 2021","404.71","406.28","406.84","402.38","","-1.19%"
"Apr 16, 2021","409.57","408.38","410.41","407.28","","-0.09%"
"Apr 15, 2021","409.94","410.77","412.32","408.17","","+0.35%"
"Apr 14, 2021","408.51","407.76","408.56","403.89","","-0.44%"
"Apr 13, 2021","410.30","408.40","411.31","407.49","","+1.23%"
"Apr 12, 2021","405.32","406.79","407.72","403.27","","+0.44%"
"Apr 09, 2021","403.54","402.24","408.66","402.24","","+0.97%"
"Apr 08, 2021","399.66","405.17","405.17","398.03","","-1.77%"
"Apr 07, 2021","406.86","408.14","412.03","404.17","","-0.34%"
"Apr 06, 2021","408.25","409.24","409.24","404.18","","+0.37%"
"Apr 05, 2021","406.73","396.45","407.19","396.20","","+2.65%"
"Apr 02, 2021","396.23","401.63","402.68","393.44","","-0.73%"
"Apr 01, 2021","399.16","401.63","403.96","397.72","","+0.15%"
"Mar 31, 2021","398.56","409.22","409.37","398.33","","-2.12%"
"Mar 30, 2021","407.21","405.69","408.47","397.30","","-0.35%"
"Mar 29, 2021","408.62","447.07","447.07","406.08","","-8.79%"
"Mar 26, 2021","448.00","445.64","448.10","443.96","","+1.78%"
"Mar 25, 2021","440.15","433.30","440.85","432.12","","+2.39%"
"Mar 24, 2021","429.89","437.90","441.55","426.91","","-2.99%"
"Mar 23, 2021","443.12","450.04","451.14","442.57","","-1.28%"
"Mar 22, 2021","448.85","450.36","452.55","446.51","","-0.21%"
"Mar 19, 2021","449.78","440.50","450.77","440.06","","+1.64%"
"Mar 18, 2021","442.54","431.47","442.54","431.47","","+3.50%"
"Mar 17, 2021","427.57","425.67","428.80","425.07","","-0.15%"
"Mar 16, 2021","428.22","429.04","430.02","425.81","","-0.50%"
"Mar 15, 2021","430.36","427.62","430.36","425.56","","+1.36%"
"Mar 12, 2021","424.58","420.12","424.63","418.85","","+0.92%"
"Mar 11, 2021","420.71","423.10","424.51","419.29","","-0.22%"
"Mar 10, 2021","421.65","420.47","423.43","419.18","","+0.09%"
"Mar 09, 2021","421.27","418.76","421.31","416.32","","+1.77%"
"Mar 08, 2021","413.96","411.78","422.25","411.52","","+1.86%"
"Mar 05, 2021","406.39","408.34","408.62","401.10","","+0.13%"
"Mar 04, 2021","405.86","403.78","408.07","402.03","","-0.15%"
"Mar 03, 2021","406.49","403.14","406.49","400.38","","+1.05%"
"Mar 02, 2021","402.27","405.67","408.54","399.47","","+0.13%"
"Mar 01, 2021","401.75","398.63","404.10","396.78","","+1.65%"
"Feb 26, 2021","395.21","400.61","401.95","395.21","","-2.92%"
"Feb 25, 2021","407.09","410.60","410.85","406.34","","+0.86%"
"Feb 24, 2021","403.60","407.79","409.69","403.27","","-1.31%"
"Feb 22, 2021","408.94","407.12","413.50","406.96","","+2.15%"
"Feb 19, 2021","400.35","404.65","406.99","398.85","","-2.01%"
"Feb 18, 2021","408.57","418.20","422.19","408.01","","-3.08%"
"Feb 17, 2021","421.55","419.39","421.73","416.62","","+0.83%"
"Feb 16, 2021","418.08","415.36","422.81","415.05","","+0.84%"
"Feb 15, 2021","414.61","414.45","419.58","413.32","","+1.33%"
"Feb 12, 2021","409.16","402.48","410.11","402.16","","+2.36%"
"Feb 10, 2021","399.72","392.82","400.52","391.53","","+1.66%"
"Feb 09, 2021","393.19","389.21","393.34","389.21","","+2.48%"
"Feb 08, 2021","383.68","377.69","383.68","377.69","","+2.03%"
"Feb 05, 2021","376.05","375.02","377.01","373.49","","+1.44%"
"Feb 04, 2021","370.71","363.36","376.29","363.36","","+3.51%"
"Feb 03, 2021","358.15","354.52","358.33","353.75","","+2.12%"
"Feb 02, 2021","350.73","352.12","352.12","348.02","","-0.40%"
"Feb 01, 2021","352.13","351.90","354.89","350.17","","+0.01%"
"Jan 29, 2021","352.11","355.32","356.55","349.89","","+0.47%"
"Jan 28, 2021","350.45","348.93","353.21","344.97","","-1.29%"
"Jan 27, 2021","355.04","357.06","358.75","352.94","","+0.16%"
"Jan 26, 2021","354.48","357.01","358.84","354.25","","-1.06%"
"Jan 25, 2021","358.26","359.75","360.04","357.11","","+0.39%"
"Jan 22, 2021","356.88","357.99","358.25","356.13","","-1.22%"
"Jan 21, 2021","361.29","360.89","363.69","360.59","","+0.32%"
"Jan 20, 2021","360.12","364.30","364.30","358.34","","-1.34%"
"Jan 19, 2021","365.01","362.46","367.10","362.30","","+0.40%"
"Jan 18, 2021","363.54","363.21","365.44","362.14","","-1.43%"
"Jan 15, 2021","368.82","370.60","371.75","367.26","","-0.49%"
"Jan 14, 2021","370.63","366.02","375.27","364.98","","+1.53%"
"Jan 13, 2021","365.05","358.97","365.91","358.97","","+0.64%"
"Jan 12, 2021","362.73","366.58","367.06","362.18","","-1.91%"
"Jan 08, 2021","369.80","363.87","369.80","363.87","","+1.89%"
"Jan 07, 2021","362.93","358.85","365.60","358.56","","+2.94%"
"Jan 06, 2021","352.58","345.34","354.37","344.55","","+2.08%"
"Jan 05, 2021","345.41","339.77","345.76","339.03","","+2.02%"
"Jan 04, 2021","338.57","340.68","340.68","334.43","","-0.04%"
"Dec 30, 2020","338.72","338.10","340.86","335.89","","+0.16%"
"Dec 29, 2020","338.18","333.34","338.34","332.54","","+1.00%"
"Dec 28, 2020","334.84","336.76","338.31","333.25","","-0.74%"
"Dec 25, 2020","337.34","338.58","339.73","336.17","","+0.26%"
"Dec 24, 2020","336.47","338.85","339.09","334.65","","-0.10%"
"Dec 23, 2020","336.80","336.72","337.52","333.95","","-0.10%"
"Dec 22, 2020","337.13","342.06","342.87","335.32","","-2.12%"
"Dec 21, 2020","344.44","346.60","347.43","341.14","","-0.87%"
"Dec 18, 2020","347.46","348.34","349.42","346.22","","+0.21%"
"Dec 17, 2020","346.73","346.32","347.56","345.49","","+0.49%"
"Dec 16, 2020","345.03","346.21","347.52","343.92","","+1.00%"
"Dec 15, 2020","341.62","343.43","344.55","341.48","","-0.86%"
"Dec 14, 2020","344.57","346.27","349.64","344.00","","-0.83%"
"Dec 11, 2020","347.45","349.00","349.88","344.30","","+0.24%"
"Dec 10, 2020","346.62","346.46","349.53","345.68","","+0.09%"
"Dec 09, 2020","346.30","346.00","347.53","344.52","","-0.29%"
"Dec 08, 2020","347.31","344.93","348.59","344.93","","-0.34%"
"Dec 07, 2020","348.50","355.37","355.54","346.62","","-1.07%"
"Dec 04, 2020","352.28","352.23","352.92","349.66","","+0.21%"
"Dec 03, 2020","351.55","352.48","356.01","350.57","","-0.27%"
"Dec 02, 2020","352.51","347.92","354.49","347.67","","+1.68%"
"Dec 01, 2020","346.69","339.82","347.18","339.78","","+3.25%"
"Nov 30, 2020","335.79","345.18","345.61","335.79","","-2.63%"
"Nov 27, 2020","344.85","342.50","346.33","342.47","","+0.24%"
"Nov 26, 2020","344.04","341.70","345.54","340.14","","-0.61%"
"Nov 25, 2020","346.15","348.12","351.08","345.60","","+1.26%"
"Nov 24, 2020","341.83","335.60","344.32","335.57","","+3.72%"
"Nov 20, 2020","329.57","326.48","329.82","326.42","","+0.05%"
"Nov 19, 2020","329.42","330.16","330.75","327.14","","-0.61%"
"Nov 18, 2020","331.44","333.77","333.79","329.98","","-1.23%"
"Nov 17, 2020","335.57","333.74","336.28","330.18","","+1.50%"
"Nov 16, 2020","330.61","328.85","332.08","328.37","","+1.88%"
"Nov 13, 2020","324.50","327.70","329.05","323.07","","-2.17%"
"Nov 12, 2020","331.70","335.34","335.91","328.45","","-2.08%"
"Nov 11, 2020","338.74","338.86","340.97","335.14","","+1.78%"
"Nov 10, 2020","332.80","327.72","335.56","327.34","","+3.43%"
"Nov 09, 2020","321.77","320.39","322.12","317.95","","+0.84%"
"Nov 06, 2020","319.08","315.56","319.64","314.92","","+1.45%"
"Nov 05, 2020","314.53","313.30","314.73","310.87","","+0.08%"
"Nov 04, 2020","314.29","313.93","319.42","313.41","","+1.84%"
"Nov 02, 2020","308.62","304.60","312.32","304.60","","+2.52%"
"Oct 30, 2020","301.03","309.27","309.27","300.59","","-3.08%"
"Oct 29, 2020","310.61","310.80","311.48","306.74","","-1.57%"
"Oct 28, 2020","315.56","318.64","318.89","312.69","","-2.11%"
"Oct 27, 2020","322.36","319.89","322.36","317.54","","-0.14%"
"Oct 26, 2020","322.81","325.86","327.04","322.36","","-1.22%"
"Oct 23, 2020","326.81","325.66","327.12","323.32","","+1.70%"
"Oct 22, 2020","321.35","321.09","322.31","319.62","","-0.75%"
"Oct 21, 2020","323.78","320.72","324.50","320.31","","+1.59%"
"Oct 20, 2020","318.72","319.28","320.90","318.26","","-0.58%"
"Oct 19, 2020","320.59","318.53","320.97","318.06","","+1.17%"
"Oct 16, 2020","316.88","314.11","318.50","314.11","","+0.37%"
"Oct 15, 2020","315.70","316.87","318.52","315.61","","-0.79%"
"Oct 14, 2020","318.22","317.52","318.48","315.72","","-1.00%"
"Oct 13, 2020","321.43","320.22","321.88","318.72","","+0.96%"
"Oct 12, 2020","318.37","317.68","319.34","316.24","","-0.20%"
"Oct 09, 2020","319.00","324.21","324.56","318.34","","-1.80%"
"Oct 08, 2020","324.84","323.63","327.13","322.48","","+1.05%"
"Oct 07, 2020","321.46","318.33","322.08","317.81","","+0.24%"
"Oct 06, 2020","320.70","321.66","321.97","318.61","","+0.20%"
"Oct 05, 2020","320.05","316.65","320.20","316.65","","+2.70%"
"Oct 02, 2020","311.63","315.89","319.29","309.93","","-1.28%"
"Oct 01, 2020","315.66","315.66","315.66","315.66","","0.00%"
"Sep 30, 2020","315.66","324.21","326.21","315.66","","-3.72%"
"Sep 29, 2020","327.87","325.11","329.75","325.09","","-1.06%"
"Sep 28, 2020","331.38","325.97","331.51","325.06","","+2.37%"
"Sep 25, 2020","323.70","323.30","324.12","321.24","","+0.81%"
"Sep 24, 2020","321.11","323.03","324.09","320.88","","-1.60%"
"Sep 23, 2020","326.33","325.83","327.11","323.59","","-1.25%"
"Sep 18, 2020","330.45","330.02","330.83","328.20","","-0.53%"
"Sep 17, 2020","332.20","331.52","335.37","330.62","","+0.06%"
"Sep 16, 2020","332.01","332.82","334.53","331.55","","-0.82%"
"Sep 15, 2020","334.75","334.66","336.59","332.89","","-0.67%"
"Sep 14, 2020","337.01","337.57","338.73","336.67","","-0.07%"
"Sep 11, 2020","337.24","336.01","337.24","333.71","","+0.08%"
"Sep 10, 2020","336.97","335.85","337.39","333.36","","+1.07%"
"Sep 09, 2020","333.40","333.77","334.54","332.05","","-1.54%"
"Sep 08, 2020","338.63","338.63","339.04","335.03","","+0.42%"
"Sep 07, 2020","337.22","339.65","341.08","336.30","","-0.40%"
"Sep 04, 2020","338.58","334.16","339.12","333.66","","+0.22%"
"Sep 03, 2020","337.84","337.17","339.64","336.15","","+1.27%"
"Sep 02, 2020","333.59","333.03","333.79","331.18","","-0.10%"
"Sep 01, 2020","333.93","331.59","334.01","330.09","","+0.01%"
"Aug 31, 2020","333.91","336.09","337.96","333.91","","+0.96%"
"Aug 28, 2020","330.72","334.86","338.69","328.32","","-0.10%"
"Aug 27, 2020","331.04","332.71","333.40","329.89","","-0.90%"
"Aug 26, 2020","334.04","333.64","334.27","332.32","","-0.01%"
"Aug 25, 2020","334.09","334.24","335.00","333.13","","+1.27%"
"Aug 24, 2020","329.91","329.07","330.46","328.96","","+0.29%"
"Aug 21, 2020","328.96","329.95","331.41","328.25","","+0.40%"
"Aug 20, 2020","327.64","328.66","330.55","327.47","","-0.74%"
"Aug 19, 2020","330.08","325.87","330.74","325.12","","+0.81%"
"Aug 18, 2020","327.42","326.62","327.66","325.22","","-0.48%"
"Aug 17, 2020","328.99","330.17","331.61","328.77","","-0.65%"
"Aug 14, 2020","331.14","332.17","332.69","330.46","","-0.36%"
"Aug 13, 2020","332.34","332.68","333.62","329.76","","+0.80%"
"Aug 12, 2020","329.69","328.20","330.70","327.61","","+1.09%"
"Aug 11, 2020","326.13","319.79","326.13","319.75","","+3.51%"
"Aug 07, 2020","315.07","317.11","317.30","313.15","","-0.51%"
"Aug 06, 2020","316.69","318.90","319.95","315.34","","+0.01%"
"Aug 05, 2020","316.66","317.80","320.37","312.48","","+0.31%"
"Aug 04, 2020","315.68","316.08","318.97","313.34","","+1.50%"
"Aug 03, 2020","311.03","308.81","311.31","308.18","","+1.74%"
"Jul 31, 2020","305.71","312.65","313.48","305.71","","-2.73%"
"Jul 30, 2020","314.30","311.74","317.29","310.94","","+2.22%"
"Jul 29, 2020","307.47","308.81","308.81","305.93","","-0.78%"
"Jul 28, 2020","309.90","310.21","313.39","307.76","","-0.32%"
"Jul 27, 2020","310.89","308.66","310.89","306.94","","-0.62%"
"Jul 22, 2020","312.84","313.20","317.02","311.73","","-0.19%"
"Jul 21, 2020","313.44","314.79","314.79","311.11","","-0.31%"
"Jul 20, 2020","314.43","310.42","315.05","309.13","","+1.17%"
"Jul 17, 2020","310.79","313.64","314.11","310.45","","+0.06%"
"Jul 16, 2020","310.61","310.40","312.34","309.12","","-0.64%"
"Jul 15, 2020","312.61","313.13","314.93","309.46","","+0.51%"
"Jul 14, 2020","311.03","307.28","312.96","307.04","","+0.92%"
"Jul 13, 2020","308.20","307.76","310.45","305.71","","+1.97%"
"Jul 10, 2020","302.24","310.85","310.85","302.15","","-3.64%"
"Jul 09, 2020","313.65","312.91","315.52","312.07","","+0.50%"
"Jul 08, 2020","312.09","312.64","314.29","311.71","","-0.83%"
"Jul 07, 2020","314.70","313.97","315.78","312.78","","+0.17%"
"Jul 06, 2020","314.16","304.83","314.25","304.48","","+3.34%"
"Jul 03, 2020","304.00","306.84","307.91","301.95","","+0.06%"
"Jul 02, 2020","303.83","302.80","306.41","301.85","","+0.17%"
"Jul 01, 2020","303.31","307.49","308.66","302.17","","-0.54%"
"Jun 30, 2020","304.96","311.58","311.95","304.49","","-0.61%"
"Jun 29, 2020","306.83","308.51","308.64","303.91","","-1.07%"
"Jun 26, 2020","310.16","306.53","310.93","306.53","","+2.84%"
"Jun 25, 2020","301.60","303.69","306.50","301.10","","-2.11%"
"Jun 24, 2020","308.11","308.47","310.49","307.33","","-0.45%"
"Jun 23, 2020","309.50","310.05","310.69","305.70","","+0.74%"
"Jun 22, 2020","307.22","307.13","308.79","306.57","","+0.15%"
"Jun 19, 2020","306.77","306.23","307.08","303.59","","+0.93%"
"Jun 18, 2020","303.95","301.68","304.67","299.04","","-0.11%"
"Jun 17, 2020","304.29","304.30","305.81","301.32","","-0.57%"
"Jun 16, 2020","306.03","300.34","306.95","300.34","","+3.82%"
"Jun 15, 2020","294.78","300.17","303.80","294.78","","-2.75%"
"Jun 12, 2020","303.12","302.21","304.28","294.18","","-1.54%"
"Jun 11, 2020","307.87","315.29","315.96","307.80","","-4.17%"
"Jun 10, 2020","321.28","318.35","322.55","317.69","","-0.55%"
"Jun 09, 2020","323.05","327.62","328.08","320.01","","-0.99%"
"Jun 08, 2020","326.28","323.11","327.54","322.90","","+2.54%"
"Jun 05, 2020","318.21","312.04","318.24","310.78","","+2.02%"
"Jun 04, 2020","311.91","316.61","318.07","310.67","","+0.22%"
"Jun 03, 2020","311.24","318.51","319.40","309.13","","-0.69%"
"Jun 02, 2020","313.41","306.93","315.50","305.48","","+2.89%"
"Jun 01, 2020","304.61","300.48","306.76","300.48","","+1.64%"
"May 29, 2020","299.69","300.46","304.42","298.81","","-1.83%"
"May 28, 2020","305.29","303.84","310.13","300.63","","+2.22%"
"May 27, 2020","298.66","286.83","299.18","286.13","","+4.29%"
"May 26, 2020","286.38","280.80","286.47","280.80","","+2.15%"
"May 25, 2020","280.34","279.29","280.34","277.12","","+1.96%"
"May 22, 2020","274.95","276.97","279.23","274.53","","-1.32%"
"May 21, 2020","278.63","280.96","280.96","277.39","","-0.19%"
"May 20, 2020","279.17","276.92","279.94","275.54","","+0.05%"
"May 19, 2020","279.04","275.38","279.49","274.04","","+3.34%"
"May 18, 2020","270.03","267.91","271.41","266.26","","+0.80%"
"May 15, 2020","267.90","272.73","273.39","265.16","","-0.47%"
"May 14, 2020","269.17","274.08","276.46","269.17","","-2.44%"
"May 13, 2020","275.89","271.98","276.71","271.40","","-0.32%"
"May 12, 2020","276.78","279.05","282.30","276.21","","-1.21%"
"May 11, 2020","280.18","281.58","282.92","278.89","","-1.07%"
"May 08, 2020","283.20","277.39","284.82","275.95","","+3.17%"
"May 07, 2020","274.49","273.99","275.44","271.24","","-1.43%"
"May 01, 2020","278.48","282.28","283.28","276.84","","-2.90%"
"Apr 30, 2020","286.80","280.15","289.24","280.01","","+4.29%"
"Apr 28, 2020","275.01","274.43","277.08","272.84","","+0.72%"
"Apr 27, 2020","273.04","269.68","274.42","268.11","","+2.01%"
"Apr 24, 2020","267.65","270.57","270.57","265.76","","-1.88%"
"Apr 23, 2020","272.79","266.98","272.79","266.49","","+1.91%"
"Apr 22, 2020","267.67","266.12","271.17","263.26","","+0.09%"
"Apr 21, 2020","267.43","264.46","267.91","262.06","","+0.35%"
"Apr 20, 2020","266.50","261.85","267.57","260.82","","+0.96%"
"Apr 17, 2020","263.97","264.80","269.67","262.37","","+0.93%"
"Apr 16, 2020","261.53","261.27","262.90","258.49","","-1.69%"
"Apr 15, 2020","266.02","271.68","271.68","264.97","","-2.76%"
"Apr 14, 2020","273.57","266.61","273.97","266.32","","+1.57%"
"Apr 13, 2020","269.35","274.79","276.77","269.05","","-3.61%"
"Apr 10, 2020","279.45","274.08","279.47","268.62","","+0.74%"
"Apr 09, 2020","277.40","281.30","281.51","273.83","","-2.11%"
"Apr 08, 2020","283.37","275.64","284.12","272.84","","+3.42%"
"Apr 07, 2020","274.01","274.76","278.53","266.53","","+1.79%"
"Apr 06, 2020","269.19","253.77","271.09","252.18","","+6.59%"
"Apr 03, 2020","252.55","256.88","259.00","250.33","","-0.25%"
"Apr 02, 2020","253.18","257.43","259.05","251.56","","-3.45%"
"Apr 01, 2020","262.22","271.45","272.84","258.85","","-4.64%"
"Mar 31, 2020","274.99","284.58","286.40","273.83","","-3.56%"
"Mar 30, 2020","285.14","281.01","285.14","273.30","","-2.04%"
"Mar 27, 2020","291.07","289.51","292.52","282.66","","+2.40%"
"Mar 26, 2020","284.26","289.66","289.66","281.29","","-3.67%"
"Mar 25, 2020","295.08","276.12","295.08","276.11","","+8.98%"
"Mar 24, 2020","270.77","260.09","272.57","259.95","","+6.04%"
"Mar 23, 2020","255.35","254.08","259.09","251.09","","+0.35%"
"Mar 19, 2020","254.47","251.99","259.80","249.16","","+3.05%"
"Mar 18, 2020","246.95","253.99","260.48","246.67","","-2.00%"
"Mar 17, 2020","251.99","242.09","256.50","237.51","","+2.63%"
"Mar 16, 2020","245.53","248.97","258.33","243.11","","+0.76%"
"Mar 13, 2020","243.69","252.00","258.28","230.17","","-5.32%"
"Mar 12, 2020","257.39","264.89","267.84","254.97","","-4.75%"
"Mar 11, 2020","270.23","277.31","282.61","269.86","","-1.72%"
"Mar 10, 2020","274.96","259.20","276.60","250.64","","+3.94%"
"Mar 09, 2020","264.53","285.36","285.39","264.05","","-9.11%"
"Mar 06, 2020","291.03","303.23","303.38","290.43","","-5.64%"
"Mar 05, 2020","308.43","310.41","310.41","306.77","","+0.80%"
"Mar 04, 2020","305.97","302.44","306.33","300.79","","-0.03%"
"Mar 03, 2020","306.06","317.91","319.35","306.06","","-2.32%"
"Mar 02, 2020","313.34","301.09","316.86","301.09","","+2.31%"
"Feb 28, 2020","306.26","313.50","313.53","303.33","","-4.22%"
"Feb 27, 2020","319.75","331.24","331.41","317.84","","-4.31%"
"Feb 26, 2020","334.15","332.29","334.91","328.60","","-0.74%"
"Feb 25, 2020","336.64","348.30","348.30","335.41","","-5.16%"
"Feb 21, 2020","354.95","355.60","358.00","354.70","","-0.36%"
"Feb 20, 2020","356.22","358.24","359.68","355.27","","+0.75%"
"Feb 19, 2020","353.57","356.44","357.18","353.57","","-0.24%"
"Feb 18, 2020","354.41","356.90","360.33","354.35","","-0.78%"
"Feb 17, 2020","357.20","356.76","357.98","353.37","","-0.95%"
"Feb 14, 2020","360.61","360.48","360.82","358.53","","-0.59%"
"Feb 13, 2020","362.76","363.42","364.05","360.69","","-0.76%"
"Feb 12, 2020","365.52","367.29","368.81","363.96","","+0.66%"
"Feb 10, 2020","363.12","360.11","364.27","359.90","","+0.05%"
"Feb 07, 2020","362.93","362.97","364.20","360.51","","-0.04%"
"Feb 06, 2020","363.08","360.58","364.96","360.31","","+1.81%"
"Feb 05, 2020","356.62","356.46","358.42","354.11","","+0.94%"
"Feb 04, 2020","353.29","352.92","355.00","350.94","","-0.72%"
"Feb 03, 2020","355.84","356.56","357.23","352.98","","-1.97%"
"Jan 31, 2020","362.99","364.24","371.70","362.99","","+0.88%"
"Jan 30, 2020","359.83","359.89","363.45","356.44","","+0.14%"
"Jan 29, 2020","359.33","354.77","359.84","354.52","","+1.12%"
"Jan 28, 2020","355.35","352.28","356.27","351.67","","-0.33%"
"Jan 27, 2020","356.53","353.92","357.37","351.80","","-0.84%"
"Jan 24, 2020","359.54","363.10","363.10","358.05","","-1.11%"
"Jan 23, 2020","363.57","363.10","364.98","362.45","","-0.53%"
"Jan 22, 2020","365.49","360.91","365.56","360.67","","+0.92%"
"Jan 21, 2020","362.17","362.44","363.14","360.56","","-0.31%"
"Jan 20, 2020","363.30","363.54","364.22","362.58","","+0.59%"
"Jan 17, 2020","361.17","361.68","361.95","359.83","","+1.08%"
"Jan 16, 2020","357.32","362.66","362.66","357.14","","-1.46%"
"Jan 15, 2020","362.61","362.87","364.54","361.55","","-1.02%"
"Jan 14, 2020","366.36","367.96","368.73","364.95","","+0.15%"
"Jan 10, 2020","365.80","362.87","366.18","362.87","","+1.05%"
"Jan 09, 2020","362.01","361.22","364.22","361.22","","+1.35%"
"Jan 08, 2020","357.20","353.88","358.27","352.00","","-0.16%"
"Jan 07, 2020","357.78","352.56","358.32","352.41","","+1.98%"
"Jan 06, 2020","350.84","348.83","351.29","346.15","","-1.14%"
"Dec 30, 2019","354.87","354.74","356.27","353.25","","-0.27%"
"Dec 27, 2019","355.83","354.02","356.86","353.89","","+0.90%"
"Dec 26, 2019","352.64","348.69","353.34","348.69","","+0.70%"
"Dec 25, 2019","350.19","352.42","352.42","349.79","","-0.67%"
"Dec 24, 2019","352.54","353.92","354.89","351.88","","-0.36%"
"Dec 23, 2019","353.82","356.71","357.46","353.29","","-0.67%"
"Dec 20, 2019","356.20","355.36","357.24","354.39","","+0.28%"
"Dec 19, 2019","355.21","359.16","359.77","354.82","","-1.82%"
"Dec 18, 2019","361.78","356.07","361.87","355.61","","+1.51%"
"Dec 17, 2019","356.41","355.83","356.50","354.42","","+0.60%"
"Dec 16, 2019","354.27","352.14","355.40","352.14","","+0.18%"
"Dec 13, 2019","353.63","356.40","357.77","352.99","","+0.85%"
"Dec 12, 2019","350.66","353.56","353.57","347.85","","-0.85%"
"Dec 11, 2019","353.68","353.87","354.56","352.36","","-0.60%"
"Dec 10, 2019","355.80","355.99","356.52","354.61","","-0.02%"
"Dec 09, 2019","355.88","359.01","359.14","355.31","","-0.03%"
"Dec 06, 2019","355.99","353.03","355.99","353.03","","+1.19%"
"Dec 05, 2019","351.79","350.28","352.62","350.25","","+1.34%"
"Dec 04, 2019","347.15","348.07","348.39","343.98","","-1.55%"
"Dec 03, 2019","352.63","351.65","358.60","351.20","","-0.83%"
"Dec 02, 2019","355.57","355.35","356.47","354.88","","+0.09%"
"Nov 29, 2019","355.25","353.92","357.27","353.82","","+0.69%"
"Nov 28, 2019","352.82","353.82","354.30","352.27","","+0.01%"
"Nov 27, 2019","352.80","352.13","352.99","350.67","","+0.30%"
"Nov 26, 2019","351.74","355.07","355.10","351.64","","-0.25%"
"Nov 25, 2019","352.61","350.78","353.03","350.19","","+1.34%"
"Nov 22, 2019","347.94","344.89","348.85","344.89","","+1.14%"
"Nov 21, 2019","344.03","346.03","347.21","340.15","","-0.70%"
"Nov 20, 2019","346.47","343.63","346.63","343.29","","+0.56%"
"Nov 19, 2019","344.55","343.12","345.29","342.32","","+0.59%"
"Nov 18, 2019","342.53","344.60","344.60","341.08","","-0.56%"
"Nov 15, 2019","344.46","338.75","345.13","338.57","","+1.41%"
"Nov 14, 2019","339.68","341.96","342.97","338.78","","-0.48%"
"Nov 13, 2019","341.32","339.03","341.66","337.98","","+0.18%"
"Nov 12, 2019","340.69","337.98","340.96","335.84","","+0.94%"
"Nov 11, 2019","337.51","340.43","340.48","336.94","","-0.59%"
"Nov 08, 2019","339.52","340.84","342.54","337.86","","+0.38%"
"Nov 07, 2019","338.22","336.86","339.45","335.51","","-0.04%"
"Nov 06, 2019","338.34","336.72","338.40","335.21","","+0.76%"
"Nov 05, 2019","335.80","330.96","336.03","330.96","","+2.64%"
"Nov 01, 2019","327.17","321.52","327.17","320.77","","+0.41%"
"Oct 31, 2019","325.85","333.75","334.32","325.39","","-2.55%"
"Oct 30, 2019","334.37","333.13","337.45","331.57","","+1.09%"
"Oct 29, 2019","330.78","332.34","335.17","330.44","","+0.01%"
"Oct 28, 2019","330.74","328.61","330.97","328.10","","+1.10%"
"Oct 25, 2019","327.13","329.75","329.75","326.17","","-0.81%"
"Oct 24, 2019","329.80","329.34","331.00","328.33","","+0.08%"
"Oct 23, 2019","329.53","327.21","329.73","323.84","","+1.26%"
"Oct 21, 2019","325.42","318.84","325.72","318.83","","+1.85%"
"Oct 18, 2019","319.51","321.03","322.24","319.12","","-0.14%"
"Oct 17, 2019","319.97","320.82","321.40","319.76","","-1.02%"
"Oct 16, 2019","323.26","327.48","328.41","321.73","","-0.15%"
"Oct 15, 2019","323.76","323.66","325.41","322.91","","+1.17%"
"Oct 11, 2019","320.03","315.84","320.46","315.66","","+2.24%"
"Oct 10, 2019","313.02","309.14","313.02","307.53","","+1.26%"
"Oct 09, 2019","309.13","309.33","309.97","308.41","","-1.05%"
"Oct 08, 2019","312.40","310.80","313.76","310.80","","+0.89%"
"Oct 07, 2019","309.63","314.17","314.31","309.42","","-0.50%"
"Oct 04, 2019","311.20","307.84","311.29","307.72","","+0.51%"
"Oct 03, 2019","309.61","312.01","312.50","308.42","","-2.70%"
"Oct 02, 2019","318.21","314.91","318.55","314.73","","-0.43%"
"Oct 01, 2019","319.60","313.95","320.98","313.87","","+2.31%"
"Sep 30, 2019","312.37","312.67","315.10","311.43","","-1.07%"
"Sep 27, 2019","315.76","320.14","321.15","313.43","","-2.39%"
"Sep 26, 2019","323.49","322.27","325.32","322.27","","+1.23%"
"Sep 25, 2019","319.56","319.39","321.54","318.09","","-1.03%"
"Sep 24, 2019","322.89","325.86","328.16","322.89","","-1.51%"
"Sep 20, 2019","327.84","327.65","329.19","326.80","","+0.16%"
"Sep 19, 2019","327.30","325.08","330.84","325.08","","+1.20%"
"Sep 18, 2019","323.41","326.92","327.24","322.72","","-1.66%"
"Sep 17, 2019","328.87","323.97","329.08","323.30","","+0.75%"
"Sep 13, 2019","326.41","325.78","327.08","321.97","","-0.45%"
"Sep 12, 2019","327.88","331.22","331.79","326.38","","-0.12%"
"Sep 11, 2019","328.26","320.20","328.26","320.20","","+4.31%"
"Sep 10, 2019","314.71","309.74","314.71","309.74","","+2.81%"
"Sep 09, 2019","306.11","302.34","306.11","301.88","","+0.95%"
"Sep 06, 2019","303.23","305.33","306.36","301.57","","+0.42%"
"Sep 05, 2019","301.97","298.55","303.91","298.04","","+2.02%"
"Sep 04, 2019","295.98","296.20","297.04","293.64","","-0.25%"
"Sep 03, 2019","296.71","290.56","296.71","290.56","","+1.92%"
"Sep 02, 2019","291.12","290.72","292.23","290.17","","-0.44%"
"Aug 30, 2019","292.40","288.08","292.54","288.05","","+2.74%"
"Aug 29, 2019","284.60","285.47","285.72","283.45","","-0.41%"
"Aug 28, 2019","285.76","285.17","286.62","283.96","","+0.30%"
"Aug 27, 2019","284.91","285.11","285.43","283.97","","+1.14%"
"Aug 26, 2019","281.70","282.09","282.93","278.50","","-2.14%"
"Aug 23, 2019","287.86","286.31","289.37","286.31","","+1.13%"
"Aug 22, 2019","284.65","282.23","284.67","281.82","","+0.70%"
"Aug 21, 2019","282.66","282.24","283.37","279.91","","-0.94%"
"Aug 20, 2019","285.35","284.21","285.96","282.38","","+1.06%"
"Aug 19, 2019","282.36","280.36","283.90","279.14","","+1.65%"
"Aug 16, 2019","277.77","269.77","278.36","269.18","","+2.51%"
"Aug 15, 2019","270.97","267.46","271.19","265.74","","-0.79%"
"Aug 14, 2019","273.12","274.74","275.49","271.67","","+1.01%"
"Aug 13, 2019","270.40","274.31","274.74","269.48","","-2.52%"
"Aug 09, 2019","277.40","282.32","282.50","276.28","","-1.35%"
"Aug 08, 2019","281.20","280.76","283.45","279.32","","-0.65%"
"Aug 07, 2019","283.05","283.87","285.65","282.67","","-0.12%"
"Aug 06, 2019","283.40","274.25","284.38","270.32","","+1.23%"
"Aug 05, 2019","279.96","284.73","286.25","275.73","","-2.09%"
"Aug 02, 2019","285.94","285.98","288.31","284.67","","-1.89%"
"Aug 01, 2019","291.44","283.45","292.88","283.34","","+3.97%"
"Jul 31, 2019","280.32","282.83","283.69","279.98","","-1.20%"
"Jul 30, 2019","283.73","283.78","285.16","282.57","","-0.19%"
"Jul 29, 2019","284.28","286.69","287.21","283.59","","-0.93%"
"Jul 26, 2019","286.95","286.47","288.39","284.78","","-1.09%"
"Jul 25, 2019","290.10","289.63","291.13","289.05","","+0.17%"
"Jul 24, 2019","289.60","291.37","292.70","288.70","","-0.53%"
"Jul 23, 2019","291.13","289.42","292.58","287.77","","-0.30%"
"Jul 22, 2019","292.00","292.56","293.82","291.56","","-0.33%"
"Jul 19, 2019","292.98","288.01","293.95","287.24","","+2.50%"
"Jul 18, 2019","285.83","292.57","292.59","285.70","","-2.67%"
"Jul 17, 2019","293.68","295.33","296.50","293.68","","-1.09%"
"Jul 16, 2019","296.92","297.27","298.60","295.37","","-0.02%"
"Jul 12, 2019","296.98","299.17","299.44","296.76","","-0.52%"
"Jul 11, 2019","298.52","297.91","299.14","296.29","","-0.23%"
"Jul 10, 2019","299.22","298.88","300.10","298.72","","-0.59%"
"Jul 09, 2019","301.00","302.14","304.48","300.62","","+0.22%"
"Jul 08, 2019","300.34","299.82","301.76","299.82","","-0.32%"
"Jul 05, 2019","301.30","302.14","302.56","300.38","","-0.50%"
"Jul 04, 2019","302.81","302.09","303.02","301.06","","+1.15%"
"Jul 03, 2019","299.38","300.73","300.87","298.08","","-1.02%"
"Jul 02, 2019","302.46","301.57","303.28","300.72","","+0.10%"
"Jul 01, 2019","302.15","300.92","303.21","300.07","","+2.20%"
"Jun 28, 2019","295.66","296.33","296.74","294.47","","-1.06%"
"Jun 27, 2019","298.82","295.13","298.82","294.53","","+2.17%"
"Jun 26, 2019","292.48","292.21","293.39","290.90","","-0.32%"
"Jun 25, 2019","293.42","297.95","298.36","291.72","","-1.64%"
"Jun 24, 2019","298.32","298.05","299.96","297.34","","+0.35%"
"Jun 21, 2019","297.27","298.94","299.52","295.28","","-0.55%"
"Jun 20, 2019","298.92","295.91","299.24","294.09","","+1.55%"
"Jun 19, 2019","294.37","284.82","294.44","284.72","","+4.72%"
"Jun 18, 2019","281.11","283.44","285.61","280.80","","-1.15%"
"Jun 17, 2019","284.37","285.29","286.23","284.06","","-0.30%"
"Jun 14, 2019","285.22","283.86","285.39","282.44","","+0.56%"
"Jun 13, 2019","283.62","286.06","287.98","282.12","","-1.76%"
"Jun 12, 2019","288.71","289.97","290.85","288.34","","-1.34%"
"Jun 11, 2019","292.63","286.17","292.98","286.13","","+2.49%"
"Jun 10, 2019","285.52","286.43","286.94","284.82","","+0.68%"
"Jun 07, 2019","283.58","281.95","283.72","279.33","","+1.03%"
"Jun 06, 2019","280.68","280.75","282.56","280.36","","-0.89%"
"Jun 05, 2019","283.21","280.00","283.21","278.14","","+2.98%"
"Jun 04, 2019","275.02","273.80","275.78","272.72","","+0.87%"
"Jun 03, 2019","272.64","276.33","276.99","272.03","","-3.05%"
"May 31, 2019","281.22","285.26","285.36","281.17","","-2.34%"
"May 30, 2019","287.96","284.59","288.38","284.59","","+0.50%"
"May 29, 2019","286.52","287.65","287.78","282.87","","-1.24%"
"May 28, 2019","290.13","288.31","291.61","288.31","","+0.46%"
"May 27, 2019","288.79","286.60","289.34","283.74","","+0.71%"
"May 24, 2019","286.76","280.89","286.83","279.27","","+0.94%"
"May 23, 2019","284.09","284.91","285.59","283.19","","-0.48%"
"May 22, 2019","285.47","287.45","289.60","285.47","","-0.16%"
"May 21, 2019","285.94","285.18","286.81","283.71","","-0.32%"
"May 20, 2019","286.87","287.76","290.25","285.21","","+0.16%"
"May 17, 2019","286.40","285.38","287.94","282.71","","+0.17%"
"May 16, 2019","285.92","290.75","290.75","284.40","","-1.94%"
"May 15, 2019","291.59","292.24","293.55","288.84","","-0.05%"
"May 14, 2019","291.75","287.99","291.79","285.18","","-0.54%"
"May 13, 2019","293.32","295.24","296.11","293.18","","-1.45%"
"May 10, 2019","297.65","297.62","301.14","296.24","","-0.49%"
"May 09, 2019","299.13","302.33","302.33","298.05","","-0.98%"
"May 08, 2019","302.10","303.53","304.48","301.31","","-1.87%"
"May 07, 2019","307.85","309.67","310.44","307.03","","-0.43%"
"Apr 26, 2019","309.19","307.90","312.05","306.01","","-0.84%"
"Apr 25, 2019","311.80","311.54","312.42","308.21","","-0.47%"
"Apr 24, 2019","313.27","319.60","319.68","312.02","","-2.22%"
"Apr 23, 2019","320.38","319.40","321.34","318.91","","+0.65%"
"Apr 22, 2019","318.30","318.14","319.85","317.51","","-0.57%"
"Apr 19, 2019","320.12","322.51","323.38","319.37","","-0.48%"
"Apr 18, 2019","321.67","324.98","325.21","321.28","","-1.19%"
"Apr 17, 2019","325.56","320.24","326.34","320.24","","+2.40%"
"Apr 16, 2019","317.92","317.27","318.49","316.28","","-0.34%"
"Apr 15, 2019","319.01","317.03","319.91","316.81","","+2.16%"
"Apr 12, 2019","312.28","312.58","314.19","310.91","","+0.22%"
"Apr 11, 2019","311.59","311.88","311.88","309.18","","-0.84%"
"Apr 10, 2019","314.23","312.20","314.46","312.03","","-0.42%"
"Apr 09, 2019","315.55","315.70","316.82","314.13","","-0.92%"
"Apr 08, 2019","318.48","320.84","321.43","318.08","","-0.63%"
"Apr 05, 2019","320.50","321.48","323.54","319.96","","-0.13%"
"Apr 04, 2019","320.92","324.20","325.43","320.46","","-0.84%"
"Apr 03, 2019","323.65","319.30","324.05","319.07","","+1.62%"
"Apr 02, 2019","318.48","317.67","319.82","315.89","","+1.13%"
"Apr 01, 2019","314.91","315.29","318.01","314.33","","+1.50%"
"Mar 29, 2019","310.26","312.52","312.52","309.52","","+0.37%"
"Mar 28, 2019","309.13","312.47","312.60","306.71","","-2.39%"
"Mar 27, 2019","316.71","316.24","316.86","312.32","","-1.16%"
"Mar 26, 2019","320.42","313.58","320.42","313.58","","+2.57%"
"Mar 25, 2019","312.39","315.60","315.69","310.88","","-2.81%"
"Mar 22, 2019","321.42","322.54","322.91","320.03","","-0.30%"
"Mar 20, 2019","322.38","324.86","325.44","321.55","","-1.24%"
"Mar 19, 2019","326.44","326.07","327.00","323.92","","0.00%"
"Mar 18, 2019","326.45","325.39","326.50","324.28","","+1.33%"
"Mar 15, 2019","322.17","319.85","323.46","319.85","","+0.41%"
"Mar 14, 2019","320.86","322.13","325.68","320.69","","+0.73%"
"Mar 13, 2019","318.52","322.85","323.96","317.09","","-2.11%"
"Mar 12, 2019","325.39","319.06","326.04","318.96","","+2.74%"
"Mar 11, 2019","316.71","317.64","319.25","314.72","","-0.40%"
"Mar 08, 2019","317.99","324.31","324.46","317.41","","-2.97%"
"Mar 07, 2019","327.71","328.88","329.74","327.63","","-1.34%"
"Mar 06, 2019","332.17","331.80","332.84","331.42","","-0.15%"
"Mar 05, 2019","332.67","333.43","333.75","331.24","","-0.86%"
"Mar 04, 2019","335.55","334.92","336.43","334.72","","+1.28%"
"Mar 01, 2019","331.30","331.09","332.60","330.59","","+0.92%"
"Feb 28, 2019","328.29","331.28","331.72","328.11","","-1.43%"
"Feb 27, 2019","333.06","333.99","336.20","333.06","","+0.02%"
"Feb 26, 2019","333.00","333.23","334.92","331.99","","-0.67%"
"Feb 25, 2019","335.24","334.81","336.22","333.78","","+1.39%"
"Feb 22, 2019","330.64","332.02","332.44","330.09","","-1.27%"
"Feb 21, 2019","334.89","332.46","335.44","330.60","","+0.43%"
"Feb 20, 2019","333.44","335.07","335.97","332.75","","-0.71%"
"Feb 19, 2019","335.82","332.23","336.10","332.23","","+1.13%"
"Feb 18, 2019","332.07","327.43","332.36","327.35","","+3.10%"
"Feb 15, 2019","322.07","323.47","323.47","319.54","","-1.26%"
"Feb 14, 2019","326.19","327.70","328.95","325.53","","-0.36%"
"Feb 13, 2019","327.37","323.95","329.53","323.95","","+1.77%"
"Feb 12, 2019","321.68","313.66","323.27","312.62","","+2.47%"
"Feb 08, 2019","313.93","316.72","319.15","313.86","","-2.55%"
"Feb 07, 2019","322.14","325.27","326.35","321.33","","-1.13%"
"Feb 06, 2019","325.82","324.82","327.18","323.88","","+0.54%"
"Feb 05, 2019","324.08","325.65","326.61","323.61","","-0.22%"
"Feb 04, 2019","324.80","320.82","325.61","320.82","","+1.89%"
"Feb 01, 2019","318.78","324.00","324.00","317.57","","-2.30%"
"Jan 31, 2019","326.28","326.82","330.53","324.97","","+1.26%"
"Jan 30, 2019","322.22","331.75","332.10","321.72","","-3.25%"
"Jan 29, 2019","333.03","333.67","335.34","331.03","","-1.21%"
"Jan 28, 2019","337.11","339.50","340.02","336.72","","-0.75%"
"Jan 25, 2019","339.67","337.25","340.43","336.96","","+0.18%"
"Jan 24, 2019","339.05","332.87","339.05","332.87","","+1.61%"
"Jan 23, 2019","333.68","332.14","336.44","331.83","","-0.44%"
"Jan 22, 2019","335.17","340.14","341.12","334.51","","-1.00%"
"Jan 21, 2019","338.57","341.41","341.92","338.45","","+0.19%"
"Jan 18, 2019","337.92","336.22","339.66","335.68","","+0.48%"
"Jan 17, 2019","336.31","332.00","337.66","331.70","","+2.84%"
"Jan 16, 2019","327.01","330.59","330.59","324.48","","-1.42%"
"Jan 15, 2019","331.72","326.65","334.14","326.38","","+1.55%"
"Jan 11, 2019","326.67","327.31","327.31","324.36","","+0.44%"
"Jan 10, 2019","325.23","322.73","326.04","320.89","","-0.07%"
"Jan 09, 2019","325.45","328.20","329.44","325.09","","-0.05%"
"Jan 08, 2019","325.62","322.16","328.40","322.16","","+1.15%"
"Jan 07, 2019","321.91","320.66","325.19","320.66","","+2.21%"
"Jan 04, 2019","314.94","308.61","315.69","307.51","","+0.11%"
"Dec 28, 2018","314.58","311.21","315.56","310.13","","+0.04%"
"Dec 27, 2018","314.45","307.84","316.35","307.84","","+4.26%"
"Dec 26, 2018","301.60","300.90","304.74","297.51","","+1.28%"
"Dec 25, 2018","297.80","307.37","307.37","295.44","","-5.05%"
"Dec 21, 2018","313.64","319.31","319.45","309.55","","-1.63%"
"Dec 20, 2018","318.84","330.00","330.48","317.54","","-4.65%"
"Dec 19, 2018","334.39","335.73","337.16","333.39","","-1.39%"
"Dec 18, 2018","339.10","340.06","342.36","337.74","","-1.78%"
"Dec 17, 2018","345.26","343.22","346.54","343.09","","+0.49%"
"Dec 14, 2018","343.58","351.89","352.32","343.25","","-2.33%"
"Dec 13, 2018","351.78","351.56","354.65","349.68","","+0.57%"
"Dec 12, 2018","349.77","344.43","351.01","343.35","","+3.00%"
"Dec 11, 2018","339.57","342.60","343.33","336.64","","-1.06%"
"Dec 10, 2018","343.20","345.39","346.31","343.14","","-2.46%"
"Dec 07, 2018","351.85","352.10","352.41","348.90","","+0.49%"
"Dec 06, 2018","350.12","358.03","358.63","348.54","","-2.35%"
"Dec 05, 2018","358.53","359.10","361.02","356.17","","-1.85%"
"Dec 04, 2018","365.30","375.29","375.82","364.99","","-2.86%"
"Dec 03, 2018","376.07","373.43","378.06","372.26","","+1.53%"
"Nov 30, 2018","370.39","374.15","374.39","370.39","","-1.07%"
"Nov 29, 2018","374.39","375.94","376.86","374.39","","+0.22%"
"Nov 28, 2018","373.55","371.34","373.96","370.33","","+1.08%"
"Nov 27, 2018","369.56","371.98","372.53","367.54","","+0.24%"
"Nov 26, 2018","368.67","364.20","369.12","364.05","","+0.69%"
"Nov 22, 2018","366.16","363.53","366.63","362.48","","+0.64%"
"Nov 21, 2018","363.83","365.65","366.38","360.99","","-2.06%"
"Nov 20, 2018","371.47","370.36","374.19","370.25","","-0.77%"
"Nov 19, 2018","374.36","376.69","378.40","372.93","","-0.41%"
"Nov 16, 2018","375.89","379.52","382.85","375.75","","-1.16%"
"Nov 15, 2018","380.31","381.08","381.79","378.33","","-1.25%"
"Nov 14, 2018","385.12","385.31","388.81","384.43","","-0.17%"
"Nov 13, 2018","385.79","387.61","387.61","382.33","","-2.13%"
"Nov 12, 2018","394.19","393.87","394.73","391.55","","-0.43%"
"Nov 09, 2018","395.90","395.27","399.97","394.77","","-0.04%"
"Nov 08, 2018","396.04","398.78","401.01","395.67","","+1.11%"
"Nov 07, 2018","391.68","395.52","401.47","389.69","","-1.30%"
"Nov 06, 2018","396.83","392.45","398.21","392.09","","+1.21%"
"Nov 05, 2018","392.09","390.17","395.75","389.10","","-0.33%"
"Nov 02, 2018","393.40","387.14","393.86","384.57","","+1.79%"
"Nov 01, 2018","386.50","387.93","388.00","379.99","","-1.19%"
"Oct 31, 2018","391.17","382.70","391.17","381.31","","+2.53%"
"Oct 30, 2018","381.52","377.23","383.16","376.57","","+0.69%"
"Oct 29, 2018","378.89","384.36","385.53","378.68","","-0.80%"
"Oct 26, 2018","381.94","386.81","387.48","379.19","","-0.08%"
"Oct 25, 2018","382.24","387.80","387.93","381.26","","-3.25%"
"Oct 24, 2018","395.06","397.88","398.60","391.71","","+0.26%"
"Oct 23, 2018","394.03","399.54","401.13","393.42","","-2.38%"
"Oct 22, 2018","403.63","399.80","404.92","398.84","","+0.41%"
"Oct 19, 2018","401.99","400.47","403.77","399.96","","-1.02%"
"Oct 18, 2018","406.13","408.88","409.49","405.68","","-0.16%"
"Oct 17, 2018","406.78","402.80","407.09","402.56","","+2.71%"
"Oct 16, 2018","396.05","392.23","396.35","392.23","","+0.98%"
"Oct 15, 2018","392.21","395.62","396.13","392.21","","-1.55%"
"Oct 12, 2018","398.38","396.04","398.77","393.48","","+0.12%"
"Oct 11, 2018","397.90","408.59","408.59","395.05","","-4.36%"
"Oct 10, 2018","416.04","415.43","417.30","413.67","","+0.51%"
"Oct 09, 2018","413.93","414.56","417.26","412.04","","-0.85%"
"Oct 05, 2018","417.46","413.21","419.65","412.86","","+1.05%"
"Oct 04, 2018","413.13","412.70","416.50","412.07","","+0.67%"
"Oct 03, 2018","410.40","414.84","416.79","409.64","","-1.36%"
"Oct 02, 2018","416.04","420.36","421.54","415.39","","-0.23%"
"Oct 01, 2018","417.00","414.50","418.26","413.94","","+0.70%"
"Sep 28, 2018","414.10","415.45","418.16","413.95","","+0.96%"
"Sep 27, 2018","410.18","412.33","415.43","410.07","","-1.15%"
"Sep 26, 2018","414.96","414.18","415.58","411.16","","-1.36%"
"Sep 25, 2018","420.67","420.69","423.31","419.20","","+0.11%"
"Sep 21, 2018","420.22","417.18","421.09","415.97","","+1.62%"
"Sep 20, 2018","413.53","412.07","414.56","407.78","","+1.23%"
"Sep 19, 2018","408.50","409.36","411.47","408.15","","+1.38%"
"Sep 18, 2018","402.95","395.88","404.59","395.88","","+1.90%"
"Sep 14, 2018","395.42","391.36","396.58","391.36","","+1.61%"
"Sep 13, 2018","389.17","387.44","390.64","387.06","","+0.50%"
"Sep 12, 2018","387.22","387.70","388.54","384.65","","-0.13%"
"Sep 11, 2018","387.72","384.27","388.49","383.11","","+1.05%"
"Sep 10, 2018","383.71","380.44","384.30","379.73","","+0.40%"
"Sep 07, 2018","382.17","382.62","382.76","379.02","","-0.67%"
"Sep 06, 2018","384.73","385.97","386.15","383.41","","-0.79%"
"Sep 05, 2018","387.79","389.39","390.97","387.32","","-0.36%"
"Sep 04, 2018","389.18","388.34","390.30","386.83","","+0.60%"
"Sep 03, 2018","386.87","388.88","390.34","386.43","","-0.54%"
"Aug 31, 2018","388.98","386.16","389.59","385.75","","-0.06%"
"Aug 30, 2018","389.22","391.11","392.45","389.05","","-0.26%"
"Aug 29, 2018","390.23","388.90","391.62","388.58","","+0.23%"
"Aug 28, 2018","389.34","390.16","393.16","389.27","","+0.57%"
"Aug 27, 2018","387.12","385.28","388.67","385.13","","+0.78%"
"Aug 24, 2018","384.12","385.82","387.59","383.77","","+0.24%"
"Aug 23, 2018","383.21","383.93","385.63","382.41","","-0.24%"
"Aug 22, 2018","384.15","379.38","384.92","379.30","","+1.25%"
"Aug 21, 2018","379.40","377.31","380.81","376.52","","+0.34%"
"Aug 20, 2018","378.10","377.61","379.05","376.87","","-0.08%"
"Aug 17, 2018","378.42","376.92","379.18","376.18","","+1.19%"
"Aug 16, 2018","373.96","370.07","374.41","367.44","","+0.54%"
"Aug 15, 2018","371.95","375.59","376.64","370.69","","-0.97%"
"Aug 14, 2018","375.58","374.14","375.63","372.91","","+0.68%"
"Aug 13, 2018","373.04","378.86","378.86","372.50","","-2.40%"
"Aug 10, 2018","382.23","385.84","386.29","381.90","","-0.84%"
"Aug 09, 2018","385.48","387.38","387.38","383.70","","-0.81%"
"Aug 08, 2018","388.62","387.92","391.21","387.92","","-0.01%"
"Aug 07, 2018","388.67","386.33","388.77","385.20","","+0.68%"
"Aug 06, 2018","386.04","385.22","388.16","384.87","","+0.06%"
"Aug 03, 2018","385.81","387.91","387.91","385.27","","-0.68%"
"Aug 02, 2018","388.44","390.38","393.40","388.19","","-0.94%"
"Aug 01, 2018","392.14","392.57","393.22","388.66","","-0.20%"
"Jul 31, 2018","392.91","395.23","396.16","391.48","","-0.01%"
"Jul 30, 2018","392.95","390.75","393.78","390.61","","+0.13%"
"Jul 27, 2018","392.43","401.39","401.90","390.39","","-3.31%"
"Jul 26, 2018","405.85","407.71","407.89","404.85","","-0.12%"
"Jul 25, 2018","406.35","406.44","408.40","405.35","","+0.43%"
"Jul 24, 2018","404.63","404.78","406.10","403.26","","+0.77%"
"Jul 23, 2018","401.55","396.68","405.51","396.68","","+0.82%"
"Jul 20, 2018","398.28","400.56","401.62","396.28","","-0.86%"
"Jul 19, 2018","401.75","401.23","405.06","401.22","","+0.54%"
"Jul 18, 2018","399.61","402.11","402.36","399.19","","+0.38%"
"Jul 17, 2018","398.09","395.61","401.06","395.15","","+1.40%"
"Jul 13, 2018","392.59","390.84","393.83","390.81","","+1.09%"
"Jul 12, 2018","388.35","389.65","390.79","388.09","","-0.04%"
"Jul 11, 2018","388.51","390.09","390.20","384.46","","-1.21%"
"Jul 10, 2018","393.25","393.93","396.94","393.25","","+0.81%"
"Jul 09, 2018","390.10","385.18","391.40","385.18","","+1.36%"
"Jul 06, 2018","384.88","382.89","386.68","382.80","","+0.67%"
"Jul 05, 2018","382.31","386.20","386.41","381.10","","-1.21%"
"Jul 04, 2018","386.99","388.73","390.24","386.92","","-0.91%"
"Jul 03, 2018","390.53","391.16","392.51","387.61","","+0.34%"
"Jul 02, 2018","389.19","393.40","397.29","389.03","","-1.63%"
"Jun 29, 2018","395.63","393.80","396.20","392.50","","+0.43%"
"Jun 28, 2018","393.92","392.76","395.17","392.06","","-0.53%"
"Jun 27, 2018","396.00","395.82","397.06","392.31","","-0.17%"
"Jun 26, 2018","396.66","392.12","398.69","390.28","","-0.16%"
"Jun 25, 2018","397.29","398.47","400.31","395.97","","+0.53%"
"Jun 22, 2018","395.19","393.27","395.42","392.01","","-0.49%"
"Jun 21, 2018","397.15","397.66","399.35","396.12","","-0.82%"
"Jun 20, 2018","400.42","397.00","401.02","392.43","","+0.57%"
"Jun 19, 2018","398.15","402.51","404.99","397.90","","-1.72%"
"Jun 18, 2018","405.11","408.37","408.50","402.40","","-1.33%"
"Jun 15, 2018","410.58","411.39","412.06","408.95","","+0.05%"
"Jun 14, 2018","410.38","411.19","412.23","409.16","","-0.39%"
"Jun 13, 2018","411.99","411.36","413.13","410.23","","+0.35%"
"Jun 12, 2018","410.54","412.16","412.39","408.91","","+0.22%"
"Jun 11, 2018","409.65","408.61","410.84","405.43","","-0.04%"
"Jun 08, 2018","409.81","414.31","414.83","409.81","","-1.31%"
"Jun 07, 2018","415.26","410.16","415.63","410.16","","+1.85%"
"Jun 06, 2018","407.72","409.31","411.50","407.72","","-0.19%"
"Jun 05, 2018","408.50","415.52","415.92","407.20","","-1.61%"
"Jun 04, 2018","415.18","412.11","417.46","411.20","","+1.65%"
"Jun 01, 2018","408.45","405.18","410.55","404.37","","+0.85%"
"May 31, 2018","405.00","409.25","409.67","403.97","","+0.08%"
"May 30, 2018","404.68","405.17","405.19","401.43","","-1.71%"
"May 29, 2018","411.72","417.36","417.71","410.13","","-1.41%"
"May 28, 2018","417.62","418.79","419.68","415.06","","-0.29%"
"May 25, 2018","418.82","418.40","420.89","417.59","","-0.37%"
"May 24, 2018","420.38","425.17","426.17","419.39","","-1.65%"
"May 23, 2018","427.43","430.72","432.35","426.42","","-1.08%"
"May 22, 2018","432.10","434.61","434.80","431.55","","-0.52%"
"May 21, 2018","434.36","432.79","436.16","432.66","","+0.21%"
"May 18, 2018","433.43","432.46","434.09","431.18","","+0.45%"
"May 17, 2018","431.47","429.38","432.89","429.38","","+0.10%"
"May 16, 2018","431.03","428.96","434.13","428.11","","+0.53%"
"May 15, 2018","428.74","433.03","434.90","428.54","","-0.79%"
"May 14, 2018","432.14","427.56","433.43","426.07","","+1.28%"
"May 11, 2018","426.66","422.49","426.85","422.49","","+0.75%"
"May 10, 2018","423.48","422.85","423.57","420.38","","+0.62%"
"May 09, 2018","420.86","421.44","422.69","418.41","","-0.68%"
"May 08, 2018","423.76","423.95","427.51","422.52","","+0.23%"
"May 07, 2018","422.77","427.08","427.08","418.66","","-1.27%"
"May 02, 2018","428.22","428.52","430.18","427.61","","-0.38%"
"May 01, 2018","429.85","431.98","432.30","428.30","","-0.27%"
"Apr 27, 2018","431.01","431.94","434.52","429.63","","-0.88%"
"Apr 26, 2018","434.82","434.51","435.62","432.83","","-0.04%"
"Apr 25, 2018","435.00","434.61","436.50","433.60","","-0.65%"
"Apr 24, 2018","437.85","438.72","439.02","436.00","","+0.81%"
"Apr 23, 2018","434.35","432.08","434.88","431.27","","+0.85%"
"Apr 20, 2018","430.69","427.36","431.89","426.81","","+1.08%"
"Apr 19, 2018","426.09","427.79","430.70","425.50","","-0.20%"
"Apr 18, 2018","426.93","421.90","427.77","421.33","","+0.83%"
"Apr 17, 2018","423.42","427.10","427.36","419.42","","-0.98%"
"Apr 16, 2018","427.63","428.96","431.04","425.89","","-0.56%"
"Apr 13, 2018","430.03","426.25","432.98","426.25","","+1.76%"
"Apr 12, 2018","422.61","424.47","425.85","421.64","","-0.30%"
"Apr 11, 2018","423.90","420.04","425.66","420.04","","+1.48%"
"Apr 10, 2018","417.70","415.19","419.58","412.58","","+0.05%"
"Apr 09, 2018","417.49","415.76","418.19","413.89","","+0.18%"
"Apr 06, 2018","416.76","415.71","419.41","415.61","","+0.09%"
"Apr 05, 2018","416.37","414.73","417.70","412.10","","+0.81%"
"Apr 04, 2018","413.02","412.32","413.49","408.22","","+0.31%"
"Apr 03, 2018","411.76","406.65","412.47","403.65","","-0.01%"
"Apr 02, 2018","411.79","412.71","415.14","411.79","","-0.27%"
"Mar 30, 2018","412.90","414.31","416.31","410.95","","+0.64%"
"Mar 29, 2018","410.29","414.75","415.83","406.46","","-0.38%"
"Mar 28, 2018","411.86","407.87","411.91","406.41","","-1.90%"
"Mar 27, 2018","419.83","414.52","420.84","414.52","","+2.40%"
"Mar 26, 2018","410.00","406.22","410.00","401.17","","-0.03%"
"Mar 23, 2018","410.13","416.67","416.67","409.06","","-3.39%"
"Mar 22, 2018","424.51","423.05","425.28","420.29","","-0.37%"
"Mar 20, 2018","426.07","420.30","426.62","419.62","","+1.19%"
"Mar 19, 2018","421.07","426.35","427.59","419.91","","-1.56%"
"Mar 16, 2018","427.73","428.54","428.96","427.15","","+0.06%"
"Mar 15, 2018","427.49","427.57","428.66","424.09","","-0.67%"
"Mar 14, 2018","430.38","430.59","433.68","428.66","","-0.71%"
"Mar 13, 2018","433.46","428.85","433.46","427.56","","+0.88%"
"Mar 12, 2018","429.69","428.60","431.90","426.82","","+1.79%"
"Mar 09, 2018","422.13","427.46","431.18","420.84","","-0.66%"
"Mar 08, 2018","424.92","427.12","428.47","423.66","","+0.06%"
"Mar 07, 2018","424.65","421.60","427.84","420.44","","+0.86%"
"Mar 06, 2018","421.05","426.09","429.59","420.33","","+0.41%"
"Mar 05, 2018","419.35","421.58","423.22","417.20","","-1.19%"
"Mar 02, 2018","424.41","425.65","426.53","423.04","","-1.90%"
"Mar 01, 2018","432.65","435.72","436.02","431.06","","-1.25%"
"Feb 28, 2018","438.13","444.55","445.57","438.13","","-1.53%"
"Feb 27, 2018","444.94","445.13","449.35","443.69","","+0.70%"
"Feb 26, 2018","441.84","442.95","443.62","439.32","","+1.19%"
"Feb 23, 2018","436.64","432.72","436.93","431.75","","+1.49%"
"Feb 22, 2018","430.23","432.69","433.64","427.82","","-1.26%"
"Feb 21, 2018","435.74","440.81","440.81","433.34","","-1.30%"
"Feb 20, 2018","441.50","439.61","441.74","436.17","","-0.10%"
"Feb 19, 2018","441.92","436.80","441.92","436.75","","+1.91%"
"Feb 16, 2018","433.63","433.00","436.04","430.22","","+0.67%"
"Feb 15, 2018","430.74","428.82","433.77","426.00","","+2.01%"
"Feb 14, 2018","422.24","426.33","431.37","418.51","","-0.37%"
"Feb 13, 2018","423.81","433.60","435.90","422.80","","-0.47%"
"Feb 09, 2018","425.83","426.61","426.63","417.45","","-2.00%"
"Feb 08, 2018","434.54","436.32","438.05","432.43","","+0.41%"
"Feb 07, 2018","432.78","443.97","449.24","432.61","","-0.74%"
"Feb 06, 2018","436.00","452.73","452.84","425.72","","-5.36%"
"Feb 05, 2018","460.70","463.40","465.84","458.55","","-2.26%"
"Feb 02, 2018","471.35","476.84","478.64","468.64","","-2.10%"
"Feb 01, 2018","481.48","476.09","482.09","472.49","","+2.26%"
"Jan 31, 2018","470.84","467.63","479.04","464.50","","-0.09%"
"Jan 30, 2018","471.28","476.43","476.43","469.38","","-1.35%"
"Jan 29, 2018","477.71","478.41","481.76","477.29","","+0.09%"
"Jan 26, 2018","477.28","483.33","484.78","476.98","","-1.09%"
"Jan 25, 2018","482.56","482.44","486.45","480.29","","-1.21%"
"Jan 24, 2018","488.46","489.93","493.29","486.77","","-0.20%"
"Jan 23, 2018","489.46","484.65","490.36","482.20","","+1.31%"
"Jan 22, 2018","483.14","483.81","485.85","480.99","","+1.10%"
"Jan 19, 2018","477.87","476.68","477.87","473.88","","+0.97%"
"Jan 18, 2018","473.30","483.43","483.43","472.89","","-0.77%"
"Jan 17, 2018","476.95","473.89","478.86","473.31","","-0.45%"
"Jan 16, 2018","479.12","479.63","482.10","478.67","","-0.11%"
"Jan 15, 2018","479.67","478.51","482.56","477.65","","+1.44%"
"Jan 12, 2018","472.87","474.55","475.00","471.21","","-0.12%"
"Jan 11, 2018","473.45","467.06","475.07","467.06","","+0.57%"
"Jan 10, 2018","470.76","468.01","472.52","468.01","","+0.30%"
"Jan 09, 2018","469.34","471.24","473.09","466.68","","+1.07%"
"Jan 05, 2018","464.38","458.43","464.44","458.30","","+1.86%"
"Jan 04, 2018","455.90","441.48","455.90","441.37","","+4.86%"
"Dec 29, 2017","434.75","432.41","436.26","432.41","","+0.65%"
"Dec 28, 2017","431.95","437.88","438.05","431.49","","-1.31%"
"Dec 27, 2017","437.67","434.15","439.22","434.15","","+1.35%"
"Dec 26, 2017","431.84","431.06","433.27","430.32","","-0.36%"
"Dec 25, 2017","433.40","438.29","438.30","432.31","","-1.08%"
"Dec 22, 2017","438.13","439.59","440.90","437.75","","-0.18%"
"Dec 21, 2017","438.92","438.41","439.61","436.87","","-0.22%"
"Dec 20, 2017","439.89","439.74","444.64","439.64","","-0.47%"
"Dec 19, 2017","441.98","439.13","443.68","439.13","","+1.07%"
"Dec 18, 2017","437.29","440.03","440.39","436.38","","+0.58%"
"Dec 15, 2017","434.75","432.51","435.99","430.44","","+0.20%"
"Dec 14, 2017","433.88","435.20","436.06","432.21","","-0.64%"
"Dec 13, 2017","436.68","435.93","439.07","434.38","","+0.76%"
"Dec 12, 2017","433.39","428.55","435.07","428.42","","+1.25%"
"Dec 11, 2017","428.05","429.17","429.94","425.96","","+0.07%"
"Dec 08, 2017","427.75","422.77","428.76","422.57","","+1.21%"
"Dec 07, 2017","422.64","422.51","424.44","421.34","","+0.61%"
"Dec 06, 2017","420.09","426.78","426.78","417.25","","-2.17%"
"Dec 05, 2017","429.43","424.17","430.44","423.71","","+0.91%"
"Dec 04, 2017","425.54","425.74","429.03","425.16","","-0.03%"
"Dec 01, 2017","425.67","431.30","431.47","425.63","","-0.37%"
"Nov 30, 2017","427.27","419.81","427.92","419.81","","+2.45%"
"Nov 29, 2017","417.07","415.37","418.66","415.27","","+1.43%"
"Nov 28, 2017","411.18","411.74","412.80","408.97","","-0.18%"
"Nov 27, 2017","411.93","413.80","414.40","411.92","","-0.17%"
"Nov 24, 2017","412.63","410.47","413.39","407.84","","+0.03%"
"Nov 22, 2017","412.51","409.34","413.09","409.34","","+0.97%"
"Nov 21, 2017","408.55","407.44","410.07","406.86","","+1.09%"
"Nov 20, 2017","404.13","406.80","408.46","403.77","","-1.30%"
"Nov 17, 2017","409.44","414.82","415.98","408.37","","-0.17%"
"Nov 16, 2017","410.12","406.26","412.46","405.81","","+0.73%"
"Nov 15, 2017","407.13","414.63","414.99","405.86","","-2.33%"
"Nov 14, 2017","416.86","417.84","419.96","415.74","","+0.05%"
"Nov 13, 2017","416.67","424.29","424.29","416.36","","-2.18%"
"Nov 10, 2017","425.95","426.04","429.87","424.77","","-1.34%"
"Nov 09, 2017","431.75","432.57","443.27","426.09","","+0.18%"
"Nov 08, 2017","430.97","428.09","432.12","427.02","","+0.57%"
"Nov 07, 2017","428.52","418.74","429.96","418.74","","+2.24%"
"Nov 06, 2017","419.13","421.76","422.55","417.46","","-0.27%"
"Nov 02, 2017","420.25","421.38","422.20","418.25","","+0.24%"
"Nov 01, 2017","419.26","420.80","421.95","417.32","","+0.42%"
"Oct 31, 2017","417.51","418.36","418.47","413.04","","-1.29%"
"Oct 30, 2017","422.95","427.84","427.84","421.78","","-0.62%"
"Oct 27, 2017","425.61","425.50","426.41","422.99","","+0.35%"
"Oct 26, 2017","424.13","415.05","424.39","414.88","","+2.94%"
"Oct 25, 2017","412.00","415.87","418.32","410.72","","-0.20%"
"Oct 24, 2017","412.82","412.02","414.01","409.47","","-0.29%"
"Oct 23, 2017","414.02","416.56","417.14","413.92","","+0.76%"
"Oct 20, 2017","410.88","408.98","412.82","408.68","","-0.60%"
"Oct 19, 2017","413.38","415.85","416.37","412.48","","+0.40%"
"Oct 18, 2017","411.74","412.12","413.16","409.18","","+0.07%"
"Oct 17, 2017","411.46","415.64","416.23","408.62","","-0.14%"
"Oct 16, 2017","412.02","407.05","413.74","406.74","","+1.79%"
"Oct 13, 2017","404.77","399.81","405.30","399.01","","+0.89%"
"Oct 12, 2017","401.20","400.18","402.98","399.80","","+0.83%"
"Oct 11, 2017","397.89","397.79","399.30","396.40","","-0.08%"
"Oct 10, 2017","398.19","397.67","398.20","393.52","","-0.43%"
"Oct 06, 2017","399.92","398.99","403.04","398.80","","+0.70%"
"Oct 05, 2017","397.13","398.30","398.55","396.73","","-0.12%"
"Oct 04, 2017","397.61","397.64","399.22","396.88","","+0.01%"
"Oct 03, 2017","397.59","396.67","397.60","394.30","","+0.39%"
"Oct 02, 2017","396.06","395.21","396.08","394.64","","+0.41%"
"Sep 29, 2017","394.44","392.67","394.48","392.67","","+0.22%"
"Sep 28, 2017","393.58","397.59","398.05","393.16","","+0.10%"
"Sep 27, 2017","393.20","393.54","394.00","392.03","","-1.02%"
"Sep 26, 2017","397.27","396.11","397.31","394.78","","-0.03%"
"Sep 25, 2017","397.40","398.69","399.21","396.71","","+0.59%"
"Sep 22, 2017","395.08","395.17","396.77","392.69","","+0.18%"
"Sep 21, 2017","394.38","399.12","399.37","393.98","","-0.21%"
"Sep 20, 2017","395.20","392.35","396.24","391.30","","+0.99%"
"Sep 19, 2017","391.33","386.74","391.90","386.69","","+2.68%"
"Sep 15, 2017","381.12","375.70","382.46","375.37","","+1.21%"
"Sep 14, 2017","376.55","378.03","380.28","376.19","","-0.52%"
"Sep 13, 2017","378.52","376.44","379.98","375.86","","+1.69%"
"Sep 12, 2017","372.24","370.22","373.44","369.52","","+2.07%"
"Sep 11, 2017","364.68","365.21","367.68","364.17","","+1.29%"
"Sep 08, 2017","360.03","362.43","363.08","359.06","","-1.06%"
"Sep 07, 2017","363.87","365.41","366.85","363.71","","+0.24%"
"Sep 06, 2017","362.99","365.13","365.60","362.02","","-1.72%"
"Sep 05, 2017","369.34","374.67","374.83","369.09","","-1.41%"
"Sep 04, 2017","374.61","377.71","377.82","373.44","","-1.07%"
"Sep 01, 2017","378.66","379.01","379.52","375.73","","+0.32%"
"Aug 31, 2017","377.45","378.08","378.60","376.78","","+0.43%"
"Aug 30, 2017","375.85","376.52","377.94","375.67","","+0.59%"
"Aug 29, 2017","373.64","372.70","374.00","371.63","","-0.73%"
"Aug 28, 2017","376.40","376.47","377.31","374.10","","+0.16%"
"Aug 25, 2017","375.79","376.98","378.39","375.73","","+0.35%"
"Aug 24, 2017","374.49","379.01","379.49","374.35","","-1.72%"
"Aug 23, 2017","381.05","385.44","385.44","380.68","","+0.10%"
"Aug 22, 2017","380.68","378.73","381.84","378.36","","+0.50%"
"Aug 21, 2017","378.78","383.59","383.60","378.31","","-1.24%"
"Aug 18, 2017","383.55","384.06","384.45","382.42","","-1.63%"
"Aug 17, 2017","389.91","390.25","390.63","388.10","","-0.38%"
"Aug 16, 2017","391.39","392.26","393.09","391.26","","-0.09%"
"Aug 15, 2017","391.75","391.41","395.84","389.94","","+1.28%"
"Aug 14, 2017","386.79","386.23","388.60","385.46","","-1.23%"
"Aug 10, 2017","391.62","394.50","396.21","390.75","","-0.96%"
"Aug 09, 2017","395.40","397.56","398.54","392.96","","-0.79%"
"Aug 08, 2017","398.54","399.06","399.55","397.61","","-0.22%"
"Aug 07, 2017","399.43","398.72","401.06","398.72","","+0.83%"
"Aug 04, 2017","396.15","395.22","396.71","394.50","","-0.14%"
"Aug 03, 2017","396.69","397.73","398.19","395.12","","-0.27%"
"Aug 02, 2017","397.77","402.11","402.89","397.60","","-0.49%"
"Aug 01, 2017","399.74","399.14","401.99","398.56","","+0.11%"
"Jul 31, 2017","399.29","396.84","402.76","394.85","","+0.43%"
"Jul 28, 2017","397.57","402.15","402.83","396.07","","-1.78%"
"Jul 27, 2017","404.76","403.21","406.38","402.34","","+0.16%"
"Jul 26, 2017","404.11","404.01","407.47","403.07","","+0.95%"
"Jul 25, 2017","400.31","399.29","402.63","399.29","","+0.01%"
"Jul 24, 2017","400.28","399.97","400.83","398.10","","-0.85%"
"Jul 21, 2017","403.70","404.04","404.08","402.06","","-0.32%"
"Jul 20, 2017","404.99","402.03","405.80","400.68","","+1.05%"
"Jul 19, 2017","400.80","401.01","401.47","398.73","","-0.65%"
"Jul 18, 2017","403.44","401.46","403.50","400.07","","-0.14%"
"Jul 14, 2017","403.99","404.12","405.27","403.89","","+0.25%"
"Jul 13, 2017","402.98","405.86","406.20","402.42","","-0.39%"
"Jul 12, 2017","404.55","407.60","407.60","404.34","","-0.72%"
"Jul 11, 2017","407.49","404.41","408.44","403.70","","+0.44%"
"Jul 10, 2017","405.71","404.71","405.87","402.28","","+1.15%"
"Jul 07, 2017","401.09","400.79","403.93","400.64","","-1.01%"
"Jul 06, 2017","405.17","405.18","405.93","404.03","","-0.42%"
"Jul 05, 2017","406.88","404.57","407.06","403.07","","+0.24%"
"Jul 04, 2017","405.89","409.62","410.00","404.56","","-0.05%"
"Jul 03, 2017","406.08","404.14","406.26","402.34","","+0.26%"
"Jun 30, 2017","405.04","405.81","406.62","403.68","","-1.44%"
"Jun 29, 2017","410.94","409.16","411.30","408.07","","+1.75%"
"Jun 28, 2017","403.89","401.31","405.06","401.03","","+0.17%"
"Jun 27, 2017","403.19","401.87","406.64","401.75","","+0.76%"
"Jun 26, 2017","400.13","403.39","403.39","400.06","","-0.96%"
"Jun 23, 2017","404.02","404.41","404.75","402.36","","+0.42%"
"Jun 22, 2017","402.32","403.28","403.77","401.99","","-0.09%"
"Jun 21, 2017","402.68","405.60","405.60","401.61","","-1.39%"
"Jun 20, 2017","408.36","410.24","413.35","408.36","","+0.93%"
"Jun 19, 2017","404.58","403.07","406.00","400.87","","-0.08%"
"Jun 16, 2017","404.89","398.55","406.58","398.55","","+2.28%"
"Jun 15, 2017","395.86","400.06","401.77","395.08","","-1.42%"
"Jun 14, 2017","401.58","406.38","406.49","401.18","","-0.42%"
"Jun 13, 2017","403.28","402.51","405.68","399.88","","-0.34%"
"Jun 12, 2017","404.64","404.24","408.16","404.12","","-0.03%"
"Jun 09, 2017","404.77","402.34","406.99","401.75","","+0.37%"
"Jun 08, 2017","403.28","410.56","410.56","403.27","","-0.92%"
"Jun 07, 2017","407.01","402.59","408.49","402.16","","+1.07%"
"Jun 06, 2017","402.71","406.09","409.56","402.65","","-1.34%"
"Jun 05, 2017","408.19","412.69","413.00","407.47","","-1.79%"
"Jun 02, 2017","415.62","402.77","416.42","402.53","","+4.11%"
"Jun 01, 2017","399.23","393.65","400.48","393.35","","+0.49%"
"May 31, 2017","397.30","398.53","398.53","396.19","","-0.67%"
"May 30, 2017","399.97","399.22","400.29","397.61","","+0.04%"
"May 29, 2017","399.83","401.34","402.14","399.73","","-0.41%"
"May 26, 2017","401.48","403.73","406.27","401.22","","-0.52%"
"May 25, 2017","403.57","404.74","406.92","402.35","","-0.36%"
"May 24, 2017","405.01","404.41","406.14","403.80","","+1.31%"
"May 23, 2017","399.77","401.56","402.76","399.21","","-0.93%"
"May 22, 2017","403.54","401.97","403.98","400.51","","+0.77%"
"May 19, 2017","400.45","395.19","401.38","394.82","","+1.99%"
"May 18, 2017","392.64","398.18","398.29","390.24","","-2.94%"
"May 17, 2017","404.52","408.82","409.49","404.41","","-1.70%"
"May 16, 2017","411.53","415.77","416.85","410.24","","-0.11%"
"May 15, 2017","411.97","406.92","412.07","405.98","","+0.62%"
"May 12, 2017","409.45","410.54","413.25","408.53","","-0.76%"
"May 11, 2017","412.60","414.52","414.73","410.15","","+0.04%"
"May 10, 2017","412.45","415.92","416.36","411.78","","-0.62%"
"May 09, 2017","415.03","418.52","418.52","414.91","","-0.77%"
"May 08, 2017","418.27","413.09","418.30","413.08","","+2.75%"
"May 02, 2017","407.09","402.30","407.09","401.50","","+1.70%"
"May 01, 2017","400.29","399.58","400.77","396.90","","+0.01%"
"Apr 28, 2017","400.24","411.90","412.61","399.33","","-2.51%"
"Apr 27, 2017","410.56","410.61","411.74","408.12","","-0.92%"
"Apr 26, 2017","414.36","414.11","414.36","411.81","","+1.30%"
"Apr 25, 2017","409.05","399.71","409.50","399.71","","+2.53%"
"Apr 24, 2017","398.96","402.73","404.09","397.98","","+0.33%"
"Apr 21, 2017","397.63","395.79","398.67","394.84","","+1.79%"
"Apr 20, 2017","390.64","389.68","394.06","388.79","","+0.62%"
"Apr 19, 2017","388.23","384.71","390.63","383.56","","-0.20%"
"Apr 18, 2017","389.02","391.82","395.17","388.66","","+0.76%"
"Apr 17, 2017","386.09","381.36","386.11","380.27","","+0.81%"
"Apr 14, 2017","382.97","379.98","384.83","378.14","","-0.01%"
"Apr 13, 2017","383.02","380.11","384.26","378.49","","-0.60%"
"Apr 12, 2017","385.33","387.90","387.90","384.05","","-1.85%"
"Apr 11, 2017","392.61","392.35","393.70","389.81","","-0.81%"
"Apr 10, 2017","395.81","392.90","397.56","390.76","","+0.96%"
"Apr 07, 2017","392.06","390.97","396.48","388.04","","+1.23%"
"Apr 06, 2017","387.31","392.50","394.41","386.51","","-2.31%"
"Apr 05, 2017","396.45","399.06","401.53","392.98","","-0.53%"
"Apr 04, 2017","398.56","402.62","402.77","394.71","","-1.82%"
"Apr 03, 2017","405.95","407.57","408.93","403.78","","-0.33%"
"Mar 31, 2017","407.28","414.77","416.77","407.28","","-1.14%"
"Mar 30, 2017","411.99","414.05","415.47","411.45","","-1.22%"
"Mar 29, 2017","417.07","421.92","422.67","416.21","","-1.18%"
"Mar 28, 2017","422.03","420.64","422.24","419.30","","+1.66%"
"Mar 27, 2017","415.13","422.31","422.51","415.05","","-3.24%"
"Mar 24, 2017","429.04","424.72","430.37","424.33","","+1.01%"
"Mar 23, 2017","424.74","425.76","428.15","423.65","","-0.08%"
"Mar 22, 2017","425.08","433.33","433.41","424.77","","-3.81%"
"Mar 21, 2017","441.93","445.06","445.06","441.59","","-1.58%"
"Mar 17, 2017","449.02","448.80","450.62","448.13","","+0.08%"
"Mar 16, 2017","448.65","442.31","450.84","441.50","","+0.55%"
"Mar 15, 2017","446.20","442.83","446.37","440.98","","-0.16%"
"Mar 14, 2017","446.93","448.20","448.92","446.92","","-0.32%"
"Mar 13, 2017","448.38","447.87","449.51","447.31","","-0.63%"
"Mar 10, 2017","451.22","443.32","451.45","442.51","","+3.01%"
"Mar 09, 2017","438.02","436.01","438.39","433.67","","+0.86%"
"Mar 08, 2017","434.29","437.44","438.63","433.91","","-0.95%"
"Mar 07, 2017","438.46","439.59","440.72","437.58","","-0.25%"
"Mar 06, 2017","439.58","440.74","441.30","438.48","","-0.46%"
"Mar 03, 2017","441.61","442.23","443.57","439.22","","-0.49%"
"Mar 02, 2017","443.77","445.02","449.64","443.66","","+1.70%"
"Mar 01, 2017","436.36","431.49","436.77","427.42","","+1.68%"
"Feb 28, 2017","429.15","426.80","432.97","426.80","","+1.11%"
"Feb 27, 2017","424.44","428.47","428.47","422.86","","-1.86%"
"Feb 24, 2017","432.49","428.47","434.82","428.38","","-0.19%"
"Feb 23, 2017","433.30","438.05","438.05","430.43","","-1.22%"
"Feb 22, 2017","438.65","441.68","441.73","437.56","","-0.32%"
"Feb 21, 2017","440.05","436.19","440.38","435.59","","+1.01%"
"Feb 20, 2017","435.63","432.36","436.01","430.84","","+0.23%"
"Feb 17, 2017","434.62","436.14","437.45","433.91","","-1.18%"
"Feb 16, 2017","439.81","441.17","442.24","437.09","","-0.30%"
"Feb 15, 2017","441.15","441.09","443.54","439.95","","+1.46%"
"Feb 14, 2017","434.79","442.04","443.38","434.32","","-1.08%"
"Feb 13, 2017","439.54","447.12","447.12","439.34","","-0.36%"
"Feb 10, 2017","441.11","437.63","441.86","437.03","","+2.61%"
"Feb 09, 2017","429.87","430.79","430.85","427.56","","-0.51%"
"Feb 08, 2017","432.06","428.04","432.06","427.01","","+0.79%"
"Feb 07, 2017","428.69","425.24","430.77","424.81","","-0.44%"
"Feb 06, 2017","430.60","434.40","438.28","430.09","","+0.86%"
"Feb 03, 2017","426.92","429.97","432.90","426.25","","+0.40%"
"Feb 02, 2017","425.20","433.62","437.18","424.37","","-0.46%"
"Feb 01, 2017","427.18","418.20","427.74","417.43","","+1.25%"
"Jan 31, 2017","421.92","424.44","427.68","421.92","","-2.02%"
"Jan 30, 2017","430.63","430.63","434.44","428.56","","-0.60%"
"Jan 27, 2017","433.24","435.88","437.38","430.91","","-0.37%"
"Jan 26, 2017","434.86","424.25","435.07","423.93","","+4.12%"
"Jan 25, 2017","417.67","418.63","421.53","416.07","","+1.45%"
"Jan 24, 2017","411.72","415.37","415.89","410.69","","-1.45%"
"Jan 23, 2017","417.78","419.50","421.22","417.29","","-1.22%"
"Jan 20, 2017","422.92","423.27","425.40","419.31","","+0.14%"
"Jan 19, 2017","422.34","423.32","424.48","420.73","","+1.24%"
"Jan 18, 2017","417.16","408.28","417.44","405.67","","+1.21%"
"Jan 17, 2017","412.17","419.39","419.42","411.71","","-2.04%"
"Jan 16, 2017","420.75","424.26","424.78","419.06","","-1.21%"
"Jan 13, 2017","425.91","422.50","426.40","421.88","","+0.54%"
"Jan 12, 2017","423.64","425.29","428.41","421.65","","-0.46%"
"Jan 11, 2017","425.61","422.80","426.17","421.98","","+0.72%"
"Jan 10, 2017","422.56","425.51","426.92","422.09","","-1.08%"
"Jan 06, 2017","427.16","423.28","427.50","421.76","","-1.00%"
"Jan 05, 2017","431.48","435.24","435.24","429.36","","-0.26%"
"Jan 04, 2017","432.59","423.49","433.30","423.08","","+3.73%"
"Dec 30, 2016","417.02","411.59","418.25","411.42","","-0.26%"
"Dec 29, 2016","418.10","421.77","423.46","415.53","","-2.01%"
"Dec 28, 2016","426.69","428.42","429.17","426.22","","-0.05%"
"Dec 27, 2016","426.91","425.78","431.65","425.03","","-0.33%"
"Dec 26, 2016","428.32","429.70","430.22","426.51","","-0.88%"
"Dec 22, 2016","432.12","432.22","432.94","428.13","","-0.36%"
"Dec 21, 2016","433.67","437.59","443.78","432.95","","-0.55%"
"Dec 20, 2016","436.09","435.19","436.75","429.14","","-0.84%"
"Dec 19, 2016","439.79","441.57","442.37","438.06","","-1.40%"
"Dec 16, 2016","446.05","451.09","451.09","445.05","","+0.10%"
"Dec 15, 2016","445.62","448.67","451.40","443.32","","-0.22%"
"Dec 14, 2016","446.62","443.20","448.27","439.92","","+0.81%"
"Dec 13, 2016","443.05","438.49","444.72","436.25","","-0.41%"
"Dec 12, 2016","444.86","459.34","460.24","439.13","","-1.58%"
"Dec 09, 2016","452.01","444.48","452.14","439.31","","+2.67%"
"Dec 08, 2016","440.24","432.64","440.24","431.94","","+3.04%"
"Dec 07, 2016","427.27","421.08","427.46","419.82","","+2.26%"
"Dec 06, 2016","417.82","412.36","420.00","412.31","","+2.67%"
"Dec 05, 2016","406.97","405.99","408.50","401.87","","-0.80%"
"Dec 02, 2016","410.24","397.78","411.13","397.58","","+3.42%"
"Dec 01, 2016","396.69","388.23","401.15","388.10","","+3.68%"
"Nov 30, 2016","382.62","379.09","382.94","378.01","","+1.34%"
"Nov 29, 2016","377.55","376.54","379.25","376.04","","-0.85%"
"Nov 28, 2016","380.78","375.36","381.53","371.06","","+0.27%"
"Nov 25, 2016","379.76","380.69","384.72","376.49","","-0.13%"
"Nov 24, 2016","380.24","379.29","381.42","378.21","","+1.66%"
"Nov 22, 2016","374.02","373.45","375.40","371.59","","-0.33%"
"Nov 21, 2016","375.24","371.67","376.10","369.76","","+0.96%"
"Nov 18, 2016","371.66","373.69","375.86","371.28","","+1.05%"
"Nov 17, 2016","367.78","366.35","369.12","364.18","","-0.99%"
"Nov 16, 2016","371.44","372.19","373.78","370.07","","+1.39%"
"Nov 15, 2016","366.34","366.07","368.30","362.82","","+0.33%"
"Nov 14, 2016","365.13","350.31","365.20","350.31","","+4.72%"
"Nov 11, 2016","348.66","342.99","353.65","342.92","","+3.36%"
"Nov 10, 2016","337.31","313.75","338.72","313.75","","+9.48%"
"Nov 09, 2016","308.10","330.28","333.00","303.47","","-5.94%"
"Nov 08, 2016","327.56","329.34","330.98","327.04","","-0.02%"
"Nov 07, 2016","327.62","329.27","332.14","327.04","","+1.26%"
"Nov 04, 2016","323.54","324.03","327.50","321.98","","-1.61%"
"Nov 02, 2016","328.83","330.04","331.98","326.41","","-2.07%"
"Nov 01, 2016","335.79","338.60","338.60","334.20","","-0.46%"
"Oct 31, 2016","337.34","335.80","338.27","335.19","","+0.69%"
"Oct 28, 2016","335.02","328.46","335.56","328.46","","+3.56%"
"Oct 27, 2016","323.49","318.76","323.98","318.59","","+1.20%"
"Oct 26, 2016","319.66","318.17","319.66","314.87","","+0.25%"
"Oct 25, 2016","318.86","316.69","320.35","316.69","","+1.15%"
"Oct 24, 2016","315.24","316.71","316.97","313.89","","+0.05%"
"Oct 21, 2016","315.07","318.06","318.69","314.63","","-0.67%"
"Oct 20, 2016","317.21","309.52","317.21","308.64","","+2.18%"
"Oct 19, 2016","310.44","308.43","311.60","307.08","","+0.74%"
"Oct 18, 2016","308.16","307.15","308.16","303.25","","-0.31%"
"Oct 17, 2016","309.13","307.60","311.23","307.60","","+0.77%"
"Oct 14, 2016","306.77","302.87","307.21","301.82","","+1.11%"
"Oct 13, 2016","303.39","308.12","310.56","302.29","","-1.15%"
"Oct 12, 2016","306.92","306.68","309.08","305.45","","-1.22%"
"Oct 11, 2016","310.72","312.29","315.79","310.42","","-0.35%"
"Oct 07, 2016","311.81","313.51","314.21","309.55","","-0.83%"
"Oct 06, 2016","314.41","315.53","317.70","313.61","","+1.11%"
"Oct 05, 2016","310.95","309.32","312.29","307.88","","+0.99%"
"Oct 04, 2016","307.91","305.86","309.74","305.66","","+1.08%"
"Oct 03, 2016","304.61","303.33","306.13","301.64","","+1.88%"
"Sep 30, 2016","298.98","299.72","301.24","296.41","","-1.98%"
"Sep 29, 2016","305.02","301.85","305.87","300.19","","+2.38%"
"Sep 28, 2016","297.93","303.87","305.01","296.84","","-3.54%"
"Sep 27, 2016","308.87","305.10","309.24","299.39","","-0.28%"
"Sep 26, 2016","309.73","312.15","312.89","309.30","","-0.97%"
"Sep 23, 2016","312.77","315.16","315.31","311.50","","-2.04%"
"Sep 21, 2016","319.29","305.90","319.68","304.29","","+4.35%"
"Sep 20, 2016","305.98","304.27","307.96","302.97","","-0.14%"
"Sep 16, 2016","306.40","305.00","307.33","302.48","","+0.76%"
"Sep 15, 2016","304.09","307.01","307.08","300.87","","-2.29%"
"Sep 14, 2016","311.21","310.30","314.40","309.04","","-0.78%"
"Sep 13, 2016","313.66","317.27","317.46","313.14","","-1.09%"
"Sep 12, 2016","317.11","317.97","319.30","314.86","","-1.88%"
"Sep 09, 2016","323.20","320.66","324.58","320.66","","+1.03%"
"Sep 08, 2016","319.89","319.76","320.75","316.79","","+0.38%"
"Sep 07, 2016","318.68","318.26","318.85","314.89","","-1.50%"
"Sep 06, 2016","323.52","323.62","325.09","321.47","","+0.43%"
"Sep 05, 2016","322.12","332.15","332.46","321.92","","-1.46%"
"Sep 02, 2016","326.88","323.85","327.40","322.52","","+1.33%"
"Sep 01, 2016","322.60","320.03","323.54","318.38","","+0.97%"
"Aug 31, 2016","319.51","314.44","320.06","314.37","","+2.91%"
"Aug 30, 2016","310.48","308.94","311.84","308.38","","0.00%"
"Aug 29, 2016","310.47","305.76","312.18","305.61","","+3.32%"
"Aug 26, 2016","300.48","303.20","303.20","299.81","","-1.53%"
"Aug 25, 2016","305.14","304.59","305.25","302.17","","+0.45%"
"Aug 24, 2016","303.78","302.10","305.21","301.20","","+1.37%"
"Aug 23, 2016","299.66","303.95","304.69","299.05","","-1.87%"
"Aug 22, 2016","305.36","305.57","305.78","302.11","","+0.45%"
"Aug 19, 2016","303.99","302.67","306.48","301.02","","+0.64%"
"Aug 18, 2016","302.05","303.44","306.03","300.64","","-1.66%"
"Aug 17, 2016","307.14","299.68","307.19","298.94","","+2.16%"
"Aug 16, 2016","300.66","308.45","309.10","300.66","","-2.18%"
"Aug 15, 2016","307.37","308.12","309.36","306.65","","-0.76%"
"Aug 12, 2016","309.71","307.94","310.29","306.38","","+1.24%"
"Aug 10, 2016","305.93","308.50","308.50","303.22","","-2.21%"
"Aug 09, 2016","312.84","309.53","313.36","307.06","","+0.73%"
"Aug 08, 2016","310.57","302.79","310.73","302.60","","+4.32%"
"Aug 05, 2016","297.72","295.22","301.04","292.40","","+1.42%"
"Aug 04, 2016","293.56","282.58","294.68","282.58","","+5.34%"
"Aug 03, 2016","278.69","287.51","287.53","277.78","","-4.81%"
"Aug 02, 2016","292.77","296.62","298.73","292.61","","-2.01%"
"Aug 01, 2016","298.77","304.00","304.00","297.47","","-3.36%"
"Jul 29, 2016","309.16","292.91","309.16","292.15","","+6.14%"
"Jul 28, 2016","291.27","298.97","298.97","290.87","","-1.84%"
"Jul 27, 2016","296.72","294.01","300.80","291.45","","+1.81%"
"Jul 26, 2016","291.44","298.65","298.72","289.71","","-3.56%"
"Jul 25, 2016","302.21","302.58","306.59","301.59","","+0.78%"
"Jul 22, 2016","299.88","300.61","302.00","296.63","","-2.04%"
"Jul 21, 2016","306.12","300.24","306.29","300.11","","+3.78%"
"Jul 20, 2016","294.98","298.54","298.66","290.40","","-1.99%"
"Jul 19, 2016","300.97","302.74","304.03","295.14","","+0.56%"
"Jul 15, 2016","299.29","292.83","304.65","292.83","","+3.54%"
"Jul 14, 2016","289.05","288.48","290.59","285.52","","-0.31%"
"Jul 13, 2016","289.96","286.81","294.55","286.78","","+3.14%"
"Jul 12, 2016","281.12","273.30","286.12","273.23","","+5.00%"
"Jul 11, 2016","267.74","257.74","269.53","257.74","","+5.73%"
"Jul 08, 2016","253.23","254.83","258.14","252.13","","-0.64%"
"Jul 07, 2016","254.87","254.52","260.71","253.97","","-0.51%"
"Jul 06, 2016","256.17","261.23","261.25","252.36","","-3.84%"
"Jul 05, 2016","266.40","266.10","266.60","262.86","","-0.51%"
"Jul 04, 2016","267.76","266.06","269.04","264.21","","-0.14%"
"Jul 01, 2016","268.13","267.94","270.45","264.10","","+1.45%"
"Jun 30, 2016","264.30","265.96","269.81","264.30","","+1.09%"
"Jun 29, 2016","261.44","260.27","261.65","257.28","","+2.38%"
"Jun 28, 2016","255.35","254.92","256.62","245.77","","-1.78%"
"Jun 27, 2016","259.97","270.66","270.67","257.39","","-4.39%"
"Jun 24, 2016","271.92","304.42","304.42","270.28","","-9.06%"
"Jun 23, 2016","299.01","291.03","299.92","290.61","","+2.09%"
"Jun 22, 2016","292.90","293.99","295.26","292.14","","-0.56%"
"Jun 21, 2016","294.54","289.55","295.47","288.56","","+1.32%"
"Jun 20, 2016","290.69","286.06","292.24","285.71","","+3.42%"
"Jun 17, 2016","281.08","281.37","282.02","279.73","","+1.24%"
"Jun 16, 2016","277.64","285.16","286.84","277.05","","-3.27%"
"Jun 15, 2016","287.03","281.50","288.40","280.98","","+0.77%"
"Jun 14, 2016","284.84","287.37","290.00","284.08","","-1.82%"
"Jun 13, 2016","290.12","296.90","297.00","290.12","","-4.02%"
"Jun 10, 2016","302.26","304.96","304.96","299.24","","-0.88%"
"Jun 09, 2016","304.93","307.90","308.81","303.93","","-1.52%"
"Jun 08, 2016","309.64","307.75","309.64","304.75","","+0.62%"
"Jun 07, 2016","307.72","306.40","310.26","305.97","","+0.27%"
"Jun 06, 2016","306.90","308.79","308.97","301.26","","-2.45%"
"Jun 03, 2016","314.61","313.75","316.99","313.12","","+0.06%"
"Jun 02, 2016","314.41","320.56","320.56","314.07","","-3.11%"
"Jun 01, 2016","324.50","329.03","330.35","323.87","","-1.92%"
"May 31, 2016","330.85","326.25","331.19","324.57","","+1.00%"
"May 30, 2016","327.58","325.39","327.58","322.01","","+0.81%"
"May 27, 2016","324.94","323.15","325.16","321.65","","+0.83%"
"May 26, 2016","322.28","331.02","331.02","322.18","","-2.22%"
"May 25, 2016","329.59","328.35","331.12","327.49","","+2.02%"
"May 24, 2016","323.05","324.73","325.86","322.20","","-0.84%"
"May 23, 2016","325.79","322.19","326.18","318.14","","+0.84%"
"May 20, 2016","323.09","318.52","323.98","316.96","","+0.36%"
"May 19, 2016","321.92","324.33","329.36","320.20","","+0.50%"
"May 18, 2016","320.32","319.34","325.15","316.13","","+0.11%"
"May 17, 2016","319.97","314.47","320.24","313.78","","+2.43%"
"May 16, 2016","312.38","308.24","315.70","308.02","","+0.57%"
"May 13, 2016","310.62","319.76","319.76","310.59","","-2.86%"
"May 12, 2016","319.77","315.43","320.26","315.03","","+0.43%"
"May 11, 2016","318.40","325.75","326.47","317.41","","-0.99%"
"May 10, 2016","321.57","313.74","322.10","310.37","","+2.64%"
"May 09, 2016","313.29","313.55","315.95","312.80","","+0.89%"
"May 06, 2016","310.53","314.80","314.99","308.76","","-2.05%"
"May 02, 2016","317.03","324.41","324.49","313.94","","-4.01%"
"Apr 28, 2016","330.28","357.30","358.73","329.67","","-7.91%"
"Apr 27, 2016","358.64","355.20","359.64","354.01","","+0.22%"
"Apr 26, 2016","357.86","361.08","362.38","354.22","","-2.16%"
"Apr 25, 2016","365.77","371.65","371.65","364.87","","-0.78%"
"Apr 22, 2016","368.66","353.64","368.66","353.27","","+3.36%"
"Apr 21, 2016","356.67","350.89","356.78","350.19","","+3.45%"
"Apr 20, 2016","344.76","348.68","351.55","342.66","","+0.15%"
"Apr 19, 2016","344.25","338.23","346.20","338.22","","+3.53%"
"Apr 18, 2016","332.51","339.57","339.59","329.74","","-3.93%"
"Apr 15, 2016","346.10","345.63","350.22","343.99","","-1.06%"
"Apr 14, 2016","349.82","343.12","350.95","343.12","","+3.60%"
"Apr 13, 2016","337.65","335.78","338.93","329.10","","+1.55%"
"Apr 12, 2016","332.49","317.68","334.56","317.17","","+5.02%"
"Apr 11, 2016","316.59","319.58","320.51","311.00","","-0.98%"
"Apr 08, 2016","319.71","308.90","324.54","307.63","","+1.37%"
"Apr 07, 2016","315.38","314.70","319.82","312.70","","-0.50%"
"Apr 06, 2016","316.95","313.44","318.90","312.65","","+0.21%"
"Apr 05, 2016","316.29","324.66","325.21","316.01","","-3.77%"
"Apr 04, 2016","328.68","328.57","336.01","327.12","","-1.11%"
"Apr 01, 2016","332.37","345.14","346.25","331.84","","-4.21%"
"Mar 31, 2016","346.96","347.38","353.51","346.57","","+0.16%"
"Mar 30, 2016","346.39","351.76","351.76","345.68","","-2.43%"
"Mar 29, 2016","355.02","352.88","356.65","351.24","","-0.81%"
"Mar 28, 2016","357.93","359.87","360.77","353.68","","+0.36%"
"Mar 25, 2016","356.65","350.47","357.96","347.11","","+1.85%"
"Mar 24, 2016","350.16","355.40","355.40","349.87","","-1.57%"
"Mar 23, 2016","355.73","359.82","361.24","354.93","","-0.89%"
"Mar 22, 2016","358.93","356.20","362.69","355.49","","+2.01%"
"Mar 18, 2016","351.85","351.92","355.73","348.17","","-0.62%"
"Mar 17, 2016","354.03","357.30","361.54","350.64","","-0.75%"
"Mar 16, 2016","356.70","359.65","363.26","356.10","","-2.21%"
"Mar 15, 2016","364.77","366.11","373.00","363.30","","-0.39%"
"Mar 14, 2016","366.21","367.79","367.84","363.47","","+1.25%"
"Mar 11, 2016","361.69","350.99","362.19","350.33","","+1.35%"
"Mar 10, 2016","356.86","355.13","357.91","349.54","","+1.86%"
"Mar 09, 2016","350.36","353.39","353.59","347.59","","-2.60%"
"Mar 08, 2016","359.70","363.65","365.40","354.03","","-1.47%"
"Mar 07, 2016","365.06","367.29","367.95","363.79","","+0.01%"
"Mar 04, 2016","365.02","360.39","368.55","359.19","","+1.93%"
"Mar 03, 2016","358.10","348.01","358.42","348.01","","+3.81%"
"Mar 02, 2016","344.95","337.87","347.83","337.84","","+3.88%"
"Mar 01, 2016","332.08","327.18","332.34","323.38","","+1.11%"
"Feb 29, 2016","328.45","337.27","339.10","328.45","","-1.84%"
"Feb 26, 2016","334.61","338.08","341.34","334.10","","+0.22%"
"Feb 25, 2016","333.89","328.74","335.34","326.84","","+2.38%"
"Feb 24, 2016","326.14","323.91","331.48","322.18","","-0.78%"
"Feb 23, 2016","328.72","332.86","334.63","327.27","","-1.44%"
"Feb 22, 2016","333.53","327.82","335.20","326.46","","+0.11%"
"Feb 19, 2016","333.16","334.46","335.33","328.95","","-1.89%"
"Feb 18, 2016","339.58","339.25","345.08","335.72","","+2.06%"
"Feb 17, 2016","332.74","334.74","341.33","327.01","","-0.99%"
"Feb 16, 2016","336.08","327.81","343.83","325.93","","+2.37%"
"Feb 15, 2016","328.31","303.64","332.48","303.64","","+10.11%"
"Feb 12, 2016","298.17","320.91","320.92","297.01","","-8.67%"
"Feb 10, 2016","326.48","335.34","337.54","321.82","","-3.20%"
"Feb 09, 2016","337.27","357.46","357.46","331.42","","-7.38%"
"Feb 08, 2016","364.15","364.17","367.37","355.11","","-1.84%"
"Feb 05, 2016","370.97","374.25","376.44","363.81","","-2.51%"
"Feb 04, 2016","380.52","378.89","385.96","374.43","","-1.31%"
"Feb 03, 2016","385.56","407.23","407.24","377.34","","-6.99%"
"Feb 02, 2016","414.54","416.41","420.90","413.22","","-1.32%"
"Feb 01, 2016","420.08","412.06","423.23","411.92","","+3.73%"
"Jan 29, 2016","404.98","382.10","405.24","379.22","","+6.58%"
"Jan 28, 2016","379.99","382.69","385.61","379.11","","-1.45%"
"Jan 27, 2016","385.60","378.41","387.76","377.29","","+3.59%"
"Jan 26, 2016","372.22","376.10","376.20","370.88","","-2.56%"
"Jan 25, 2016","381.98","381.94","384.37","377.47","","+1.56%"
"Jan 22, 2016","376.13","359.96","377.16","359.96","","+6.39%"
"Jan 21, 2016","353.53","362.96","371.52","353.53","","-2.71%"
"Jan 20, 2016","363.36","374.81","377.44","362.92","","-3.77%"
"Jan 19, 2016","377.59","371.65","379.60","370.00","","+1.28%"
"Jan 18, 2016","372.80","372.97","375.22","365.59","","-1.76%"
"Jan 15, 2016","379.48","389.68","391.82","376.99","","-1.63%"
"Jan 14, 2016","385.76","384.76","386.40","375.01","","-1.62%"
"Jan 13, 2016","392.11","384.44","396.00","383.99","","+3.61%"
"Jan 12, 2016","378.44","387.88","389.25","376.57","","-3.81%"
"Jan 08, 2016","393.42","393.40","401.20","391.08","","-1.18%"
"Jan 07, 2016","398.10","406.80","408.06","398.10","","-2.69%"
"Jan 06, 2016","409.10","416.68","418.60","407.50","","-0.81%"
"Jan 05, 2016","412.44","412.29","416.84","411.06","","-0.04%"
"Jan 04, 2016","412.61","416.89","421.08","411.40","","-2.21%"
"Dec 30, 2015","421.93","423.97","425.77","421.45","","+0.06%"
"Dec 29, 2015","421.68","420.28","422.30","417.85","","+0.25%"
"Dec 28, 2015","420.63","416.42","421.83","414.82","","+1.72%"
"Dec 25, 2015","413.53","415.51","417.01","410.66","","-0.45%"
"Dec 24, 2015","415.42","421.49","422.79","415.35","","-1.26%"
"Dec 22, 2015","420.72","422.98","423.50","419.78","","-0.36%"
"Dec 21, 2015","422.25","421.48","423.31","418.36","","-1.04%"
"Dec 18, 2015","426.67","437.21","449.07","426.56","","-2.97%"
"Dec 17, 2015","439.71","443.43","445.33","438.86","","+1.14%"
"Dec 16, 2015","434.77","425.24","437.69","424.77","","+3.78%"
"Dec 15, 2015","418.95","423.68","423.95","418.54","","-1.32%"
"Dec 14, 2015","424.57","427.71","427.75","420.81","","-2.64%"
"Dec 11, 2015","436.07","431.99","438.83","431.59","","+0.25%"
"Dec 10, 2015","435.00","435.72","437.47","434.20","","-1.43%"
"Dec 09, 2015","441.33","438.86","443.55","437.11","","-0.64%"
"Dec 08, 2015","444.18","448.77","451.38","443.20","","-1.21%"
"Dec 07, 2015","449.63","452.21","454.37","449.62","","+0.34%"
"Dec 04, 2015","448.09","447.89","449.27","445.06","","-1.76%"
"Dec 03, 2015","456.13","454.92","457.48","453.64","","-0.08%"
"Dec 02, 2015","456.48","456.64","458.84","455.17","","+0.07%"
"Dec 01, 2015","456.17","450.39","457.05","450.14","","+1.78%"
"Nov 30, 2015","448.19","451.04","451.33","446.50","","-1.45%"
"Nov 27, 2015","454.80","458.33","458.98","453.93","","-0.60%"
"Nov 26, 2015","457.56","457.70","459.56","456.63","","+0.09%"
"Nov 25, 2015","457.15","461.81","462.00","454.65","","-1.82%"
"Nov 24, 2015","465.63","463.32","466.87","461.44","","-0.15%"
"Nov 20, 2015","466.33","468.59","468.68","462.78","","-0.66%"
"Nov 19, 2015","469.44","470.86","476.85","468.84","","+0.35%"
"Nov 18, 2015","467.82","471.81","473.76","466.77","","-0.19%"
"Nov 17, 2015","468.71","470.66","473.04","468.52","","+0.77%"
"Nov 16, 2015","465.11","462.01","469.71","460.30","","-1.16%"
"Nov 13, 2015","470.57","469.21","471.20","466.28","","-1.22%"
"Nov 12, 2015","476.39","477.57","480.30","475.07","","-0.30%"
"Nov 11, 2015","477.83","479.07","480.60","476.73","","-0.49%"
"Nov 10, 2015","480.19","474.73","481.24","474.73","","-0.05%"
"Nov 09, 2015","480.43","475.64","481.01","473.98","","+2.29%"
"Nov 06, 2015","469.69","471.32","471.73","466.87","","-0.07%"
"Nov 05, 2015","470.02","466.10","471.46","465.59","","+1.45%"
"Nov 04, 2015","463.32","463.68","467.90","460.98","","+1.30%"
"Nov 02, 2015","457.38","457.93","458.37","454.02","","-1.07%"
"Oct 30, 2015","462.31","460.30","467.09","455.45","","-0.60%"
"Oct 29, 2015","465.12","469.75","469.84","456.47","","-2.25%"
"Oct 28, 2015","475.84","471.82","475.84","471.15","","+0.86%"
"Oct 27, 2015","471.79","479.09","480.49","471.21","","-1.28%"
"Oct 26, 2015","477.92","481.92","485.56","477.90","","+0.91%"
"Oct 23, 2015","473.60","468.48","480.35","468.36","","+3.06%"
"Oct 22, 2015","459.56","461.33","463.13","458.21","","-1.16%"
"Oct 21, 2015","464.97","453.22","466.61","453.22","","+2.11%"
"Oct 20, 2015","455.35","457.99","458.27","454.09","","+0.29%"
"Oct 19, 2015","454.03","460.14","460.14","452.30","","-1.11%"
"Oct 16, 2015","459.11","457.22","462.17","454.96","","+1.54%"
"Oct 15, 2015","452.13","442.44","454.21","441.28","","+1.73%"
"Oct 14, 2015","444.42","449.25","450.17","441.65","","-2.30%"
"Oct 13, 2015","454.89","460.55","461.95","453.25","","-1.27%"
"Oct 09, 2015","460.72","458.53","461.97","455.84","","+1.73%"
"Oct 08, 2015","452.89","452.23","458.52","450.81","","+0.10%"
"Oct 07, 2015","452.46","442.46","454.96","442.46","","+2.02%"
"Oct 06, 2015","443.49","450.28","450.41","443.20","","+0.29%"
"Oct 05, 2015","442.21","441.17","444.88","437.20","","+0.98%"
"Oct 02, 2015","437.92","433.97","439.59","430.43","","+0.04%"
"Oct 01, 2015","437.75","426.62","441.32","422.17","","+2.81%"
"Sep 30, 2015","425.80","422.78","431.04","422.56","","+2.73%"
"Sep 29, 2015","414.47","424.29","424.29","412.78","","-4.18%"
"Sep 28, 2015","432.57","436.77","441.54","430.17","","-2.80%"
"Sep 25, 2015","445.05","436.81","446.95","432.90","","+2.36%"
"Sep 24, 2015","434.81","441.75","446.48","433.92","","-3.45%"
"Sep 18, 2015","450.37","454.93","456.62","447.67","","-2.29%"
"Sep 17, 2015","460.94","454.02","461.25","453.02","","+3.03%"
"Sep 16, 2015","447.38","453.15","453.44","445.06","","-0.22%"
"Sep 15, 2015","448.36","454.65","461.19","447.61","","-1.21%"
"Sep 14, 2015","453.87","462.35","462.35","452.56","","-1.90%"
"Sep 11, 2015","462.66","456.39","468.07","452.85","","+1.45%"
"Sep 10, 2015","456.04","448.86","457.90","445.37","","-0.43%"
"Sep 09, 2015","458.01","431.33","458.25","431.20","","+8.01%"
"Sep 08, 2015","424.03","429.24","430.93","421.97","","-2.11%"
"Sep 07, 2015","433.19","429.98","436.10","423.17","","-0.73%"
"Sep 04, 2015","436.38","446.41","446.41","430.61","","-1.85%"
"Sep 03, 2015","444.59","452.58","458.15","444.43","","-0.41%"
"Sep 02, 2015","446.41","444.51","457.24","439.88","","-1.54%"
"Sep 01, 2015","453.39","463.61","463.61","453.25","","-3.30%"
"Aug 31, 2015","468.85","471.61","472.56","463.87","","-1.27%"
"Aug 28, 2015","474.87","467.21","479.32","467.11","","+3.65%"
"Aug 27, 2015","458.16","463.76","467.60","457.26","","+0.69%"
"Aug 26, 2015","455.02","442.40","458.98","437.70","","+3.78%"
"Aug 25, 2015","438.46","446.07","463.75","427.17","","-3.69%"
"Aug 24, 2015","455.27","476.41","476.53","451.74","","-6.27%"
"Aug 21, 2015","485.70","494.68","494.82","483.22","","-3.61%"
"Aug 20, 2015","503.88","509.43","510.06","503.56","","-1.43%"
"Aug 19, 2015","511.19","517.93","520.22","511.14","","-1.43%"
"Aug 18, 2015","518.58","517.65","520.39","516.01","","+0.34%"
"Aug 17, 2015","516.83","519.50","521.57","515.17","","+0.20%"
"Aug 14, 2015","515.79","517.92","519.83","514.40","","-0.77%"
"Aug 13, 2015","519.81","523.57","523.98","517.30","","-1.01%"
"Aug 12, 2015","525.11","532.14","532.30","521.30","","-1.61%"
"Aug 11, 2015","533.71","536.00","538.29","527.35","","+0.20%"
"Aug 10, 2015","532.63","527.61","532.63","524.35","","+0.48%"
"Aug 07, 2015","530.06","525.74","530.06","524.69","","+0.27%"
"Aug 06, 2015","528.61","531.72","534.90","528.14","","+0.16%"
"Aug 05, 2015","527.79","524.50","531.41","522.15","","+0.12%"
"Aug 04, 2015","527.14","526.15","529.76","524.81","","-0.52%"
"Aug 03, 2015","529.90","535.86","535.86","522.23","","-1.11%"
"Jul 31, 2015","535.84","539.67","540.41","533.91","","-0.67%"
"Jul 30, 2015","539.47","526.05","545.00","525.96","","+4.16%"
"Jul 29, 2015","517.93","523.59","523.59","517.93","","-0.17%"
"Jul 28, 2015","518.79","516.89","522.42","513.02","","-0.65%"
"Jul 27, 2015","522.19","524.25","525.66","519.41","","-1.61%"
"Jul 24, 2015","530.76","532.13","536.76","529.09","","-0.55%"
"Jul 23, 2015","533.70","532.78","535.18","528.95","","+0.52%"
"Jul 22, 2015","530.92","531.94","534.14","528.91","","-1.16%"
"Jul 21, 2015","537.16","538.80","541.36","534.00","","+0.73%"
"Jul 17, 2015","533.28","534.96","537.24","530.63","","+0.41%"
"Jul 16, 2015","531.08","532.95","533.34","527.00","","+0.17%"
"Jul 15, 2015","530.16","537.02","538.25","526.18","","-0.44%"
"Jul 14, 2015","532.49","522.41","534.99","522.26","","+3.69%"
"Jul 13, 2015","513.56","510.06","515.64","508.91","","+1.69%"
"Jul 10, 2015","505.02","504.21","512.35","499.70","","-0.27%"
"Jul 09, 2015","506.37","493.49","506.80","484.36","","+0.73%"
"Jul 08, 2015","502.71","518.20","520.79","502.71","","-3.59%"
"Jul 07, 2015","521.44","530.10","533.51","520.46","","-0.18%"
"Jul 06, 2015","522.40","521.08","525.14","514.35","","-1.11%"
"Jul 03, 2015","528.26","519.91","529.38","519.91","","+2.00%"
"Jul 02, 2015","517.92","525.10","525.50","517.66","","-0.32%"
"Jul 01, 2015","519.59","512.97","521.66","512.97","","+2.44%"
"Jun 30, 2015","507.20","506.10","507.63","500.75","","+0.11%"
"Jun 29, 2015","506.63","512.23","512.24","504.14","","-2.85%"
"Jun 26, 2015","521.50","517.40","522.85","514.41","","+0.46%"
"Jun 25, 2015","519.09","519.70","521.46","516.61","","-0.66%"
"Jun 24, 2015","522.54","522.43","527.14","521.94","","+1.10%"
"Jun 23, 2015","516.83","508.51","519.33","508.27","","+2.19%"
"Jun 22, 2015","505.76","499.03","506.12","498.93","","+0.97%"
"Jun 19, 2015","500.92","498.67","500.92","496.62","","+1.39%"
"Jun 18, 2015","494.03","500.74","500.74","493.42","","-1.65%"
"Jun 17, 2015","502.34","504.85","505.66","501.77","","+0.03%"
"Jun 16, 2015","502.19","506.38","506.59","500.93","","-1.18%"
"Jun 15, 2015","508.21","503.54","509.31","503.07","","-0.57%"
"Jun 12, 2015","511.14","513.26","513.62","509.95","","-0.41%"
"Jun 11, 2015","513.27","512.92","515.60","511.09","","+1.19%"
"Jun 10, 2015","507.25","511.54","514.34","506.53","","-0.98%"
"Jun 09, 2015","512.28","516.56","520.81","512.28","","-1.87%"
"Jun 08, 2015","522.02","526.04","527.69","518.16","","-0.07%"
"Jun 05, 2015","522.39","522.80","523.20","516.73","","-0.80%"
"Jun 04, 2015","526.60","518.84","527.49","517.67","","+2.30%"
"Jun 03, 2015","514.75","512.64","516.89","512.05","","+0.49%"
"Jun 02, 2015","512.24","519.74","520.03","510.83","","-1.35%"
"Jun 01, 2015","519.26","515.99","520.66","513.95","","+0.11%"
"May 29, 2015","518.67","521.04","521.32","515.89","","-0.71%"
"May 28, 2015","522.40","520.40","525.56","516.40","","+0.97%"
"May 27, 2015","517.38","514.03","518.59","512.71","","-0.17%"
"May 26, 2015","518.28","523.79","524.04","516.05","","-0.93%"
"May 25, 2015","523.13","524.36","525.35","521.27","","-0.03%"
"May 22, 2015","523.29","520.01","523.53","515.71","","+0.76%"
"May 21, 2015","519.34","519.53","524.96","518.17","","+0.27%"
"May 20, 2015","517.95","520.92","524.27","517.89","","+0.71%"
"May 19, 2015","514.30","511.18","515.34","509.75","","+1.62%"
"May 18, 2015","506.09","503.14","508.70","500.53","","+0.67%"
"May 15, 2015","502.74","504.27","507.77","499.62","","+0.47%"
"May 14, 2015","500.40","498.76","501.41","498.15","","-0.59%"
"May 13, 2015","503.35","502.41","503.87","497.82","","-0.30%"
"May 12, 2015","504.84","507.48","507.48","495.82","","-0.65%"
"May 11, 2015","508.13","507.54","513.07","506.94","","+1.68%"
"May 08, 2015","499.75","496.37","501.98","493.33","","+1.10%"
"May 07, 2015","494.31","492.46","497.65","492.23","","-0.62%"
"May 01, 2015","497.39","499.84","501.55","493.59","","-0.98%"
"Apr 30, 2015","502.32","505.75","506.71","496.57","","-2.39%"
"Apr 28, 2015","514.63","518.84","519.60","512.21","","-0.19%"
"Apr 27, 2015","515.61","514.68","518.51","512.01","","+0.08%"
"Apr 24, 2015","515.20","516.09","520.20","514.32","","+0.30%"
"Apr 23, 2015","513.64","512.62","520.75","507.93","","+2.17%"
"Apr 22, 2015","502.71","488.24","503.77","487.57","","+3.47%"
"Apr 21, 2015","485.86","481.41","485.86","480.04","","+1.73%"
"Apr 20, 2015","477.61","479.84","482.34","477.14","","-1.60%"
"Apr 17, 2015","485.39","485.70","489.78","484.06","","-0.04%"
"Apr 16, 2015","485.56","481.85","486.35","479.97","","+1.09%"
"Apr 15, 2015","480.31","485.11","486.66","479.21","","-1.04%"
"Apr 14, 2015","485.36","486.60","487.41","483.68","","-0.63%"
"Apr 13, 2015","488.46","485.09","490.89","484.44","","+1.14%"
"Apr 10, 2015","482.95","485.15","488.87","482.38","","+0.01%"
"Apr 09, 2015","482.91","484.61","484.76","481.38","","+0.01%"
"Apr 08, 2015","482.85","481.32","485.37","480.32","","+1.05%"
"Apr 07, 2015","477.84","479.32","481.25","475.44","","+0.69%"
"Apr 06, 2015","474.56","471.12","474.83","470.02","","-0.58%"
"Apr 03, 2015","477.32","473.25","480.56","470.24","","+0.81%"
"Apr 02, 2015","473.47","468.56","478.38","468.08","","+1.41%"
"Apr 01, 2015","466.90","467.24","472.59","462.60","","-0.81%"
"Mar 31, 2015","470.73","481.63","483.08","470.73","","-0.90%"
"Mar 30, 2015","475.02","471.58","476.49","466.56","","+0.34%"
"Mar 27, 2015","473.43","474.70","481.34","467.76","","-1.85%"
"Mar 26, 2015","482.33","488.39","488.39","481.44","","-2.10%"
"Mar 25, 2015","492.67","492.46","494.44","487.55","","+0.17%"
"Mar 24, 2015","491.85","494.70","496.69","489.56","","-0.75%"
"Mar 23, 2015","495.59","493.53","498.08","492.68","","+0.86%"
"Mar 20, 2015","491.38","486.31","491.62","483.76","","+0.81%"
"Mar 19, 2015","487.45","490.82","491.57","483.45","","-0.43%"
"Mar 18, 2015","489.55","482.62","490.22","480.45","","+1.07%"
"Mar 17, 2015","484.39","481.98","487.14","481.29","","+1.83%"
"Mar 16, 2015","475.67","475.88","481.07","474.06","","-0.22%"
"Mar 13, 2015","476.73","475.78","480.70","475.54","","+0.50%"
"Mar 12, 2015","474.37","469.72","476.14","469.42","","+1.31%"
"Mar 11, 2015","468.22","463.40","470.33","463.09","","-0.31%"
"Mar 10, 2015","469.67","475.43","475.43","466.62","","-0.71%"
"Mar 09, 2015","473.01","472.66","474.75","469.89","","-0.37%"
"Mar 06, 2015","474.78","465.34","474.85","464.10","","+2.51%"
"Mar 05, 2015","463.16","463.36","466.35","460.42","","-0.25%"
"Mar 04, 2015","464.34","463.46","465.93","459.27","","-1.00%"
"Mar 03, 2015","469.02","475.56","476.10","466.26","","-0.93%"
"Mar 02, 2015","473.42","477.58","479.04","473.05","","-1.06%"
"Feb 27, 2015","478.49","478.36","479.01","475.22","","+0.59%"
"Feb 26, 2015","475.66","467.52","475.71","467.35","","+1.83%"
"Feb 25, 2015","467.12","471.51","472.23","466.06","","-0.47%"
"Feb 24, 2015","469.33","464.11","471.80","463.57","","+0.65%"
"Feb 23, 2015","466.32","471.80","476.19","461.86","","-0.53%"
"Feb 20, 2015","468.80","468.51","469.83","465.46","","+0.95%"
"Feb 19, 2015","464.40","457.25","466.40","457.22","","+1.75%"
"Feb 18, 2015","456.43","452.15","457.65","451.96","","+2.10%"
"Feb 17, 2015","447.06","445.68","451.01","445.25","","+0.27%"
"Feb 16, 2015","445.86","442.52","448.79","441.72","","+1.91%"
"Feb 13, 2015","437.49","433.50","439.74","433.50","","+1.14%"
"Feb 12, 2015","432.58","430.91","434.51","430.91","","+1.90%"
"Feb 10, 2015","424.51","421.53","424.85","420.56","","+0.44%"
"Feb 09, 2015","422.63","424.20","425.60","421.29","","+0.67%"
"Feb 06, 2015","419.82","417.54","423.28","415.57","","+1.46%"
"Feb 05, 2015","413.79","413.75","417.47","410.02","","-0.20%"
"Feb 04, 2015","414.60","412.56","420.19","411.89","","+1.42%"
"Feb 03, 2015","408.80","414.86","415.08","406.37","","-1.22%"
"Feb 02, 2015","413.84","414.19","415.57","411.56","","-1.07%"
"Jan 30, 2015","418.30","423.78","428.00","418.30","","+0.06%"
"Jan 29, 2015","418.03","419.73","421.77","415.97","","-1.15%"
"Jan 28, 2015","422.89","421.38","424.74","418.91","","-0.38%"
"Jan 27, 2015","424.50","422.86","424.89","421.93","","+1.41%"
"Jan 26, 2015","418.58","415.49","418.62","414.70","","-0.68%"
"Jan 23, 2015","421.45","424.54","427.47","420.44","","+0.88%"
"Jan 22, 2015","417.79","416.36","418.02","414.65","","+0.08%"
"Jan 21, 2015","417.46","421.40","421.64","413.84","","-1.22%"
"Jan 20, 2015","422.62","412.11","423.98","412.11","","+2.98%"
"Jan 19, 2015","410.39","417.67","417.67","406.60","","-0.92%"
"Jan 16, 2015","414.22","413.05","414.36","407.46","","-1.43%"
"Jan 15, 2015","420.21","417.10","420.68","416.54","","-0.03%"
"Jan 14, 2015","420.35","422.25","424.54","419.20","","-1.64%"
"Jan 13, 2015","427.34","424.34","427.34","419.37","","-0.75%"
"Jan 09, 2015","430.56","432.76","433.71","428.18","","-0.69%"
"Jan 08, 2015","433.55","438.13","438.13","432.56","","+0.02%"
"Jan 07, 2015","433.47","433.44","437.10","431.37","","-0.65%"
"Jan 06, 2015","436.31","441.11","441.15","435.74","","-2.67%"
"Jan 05, 2015","448.29","448.38","453.19","443.05","","-1.02%"
"Dec 30, 2014","452.90","459.07","459.08","452.53","","-1.97%"
"Dec 29, 2014","461.98","467.05","467.05","456.86","","-0.30%"
"Dec 26, 2014","463.37","461.22","465.05","461.00","","+0.72%"
"Dec 25, 2014","460.06","460.33","461.78","458.79","","-0.84%"
"Dec 24, 2014","463.94","468.93","469.07","463.09","","-0.34%"
"Dec 22, 2014","465.50","466.73","468.16","462.64","","+0.22%"
"Dec 19, 2014","464.46","455.25","466.76","455.24","","+3.68%"
"Dec 18, 2014","447.98","449.35","455.79","447.34","","+1.36%"
"Dec 17, 2014","441.97","438.85","447.88","437.99","","+0.06%"
"Dec 16, 2014","441.70","443.67","444.48","439.47","","-1.85%"
"Dec 15, 2014","450.04","451.55","454.22","448.66","","-1.96%"
"Dec 12, 2014","459.06","460.44","465.05","458.85","","-0.33%"
"Dec 11, 2014","460.56","457.07","461.42","449.56","","-1.18%"
"Dec 10, 2014","466.04","467.29","467.67","460.04","","-2.02%"
"Dec 09, 2014","475.67","483.56","483.91","474.89","","-2.89%"
"Dec 08, 2014","489.83","492.32","494.84","485.83","","+0.38%"
"Dec 05, 2014","487.97","484.81","489.57","476.73","","+0.93%"
"Dec 04, 2014","483.47","485.66","488.23","483.45","","+1.22%"
"Dec 03, 2014","477.63","474.21","483.76","473.33","","+1.95%"
"Dec 02, 2014","468.48","465.03","469.24","464.67","","+0.32%"
"Dec 01, 2014","466.97","464.64","468.90","464.22","","+0.70%"
"Nov 28, 2014","463.73","459.88","464.12","459.55","","+0.85%"
"Nov 27, 2014","459.84","464.40","465.47","459.73","","-1.18%"
"Nov 26, 2014","465.35","465.82","467.21","464.55","","-0.53%"
"Nov 25, 2014","467.84","471.50","471.63","466.79","","+0.41%"
"Nov 21, 2014","465.94","461.74","466.45","460.96","","+0.54%"
"Nov 20, 2014","463.46","471.65","471.70","463.02","","-1.02%"
"Nov 19, 2014","468.25","468.81","473.16","467.94","","+1.04%"
"Nov 18, 2014","463.42","463.41","466.00","462.26","","+1.42%"
"Nov 17, 2014","456.94","468.11","469.12","454.72","","-3.02%"
"Nov 14, 2014","471.19","472.82","475.48","465.16","","+0.58%"
"Nov 13, 2014","468.45","465.29","469.38","463.10","","+0.90%"
"Nov 12, 2014","464.27","468.60","472.95","463.12","","+0.03%"
"Nov 11, 2014","464.11","463.87","466.63","459.64","","+0.73%"
"Nov 10, 2014","460.75","455.13","461.65","453.60","","-0.08%"
"Nov 07, 2014","461.14","459.97","461.61","455.30","","+0.18%"
"Nov 06, 2014","460.30","469.47","470.11","457.08","","-1.31%"
"Nov 05, 2014","466.42","466.61","469.07","461.43","","-0.70%"
"Nov 04, 2014","469.73","436.69","476.13","436.69","","+9.43%"
"Oct 31, 2014","429.27","405.47","432.20","404.89","","+7.72%"
"Oct 30, 2014","398.51","399.23","402.12","398.51","","-0.23%"
"Oct 29, 2014","399.43","391.96","401.65","391.08","","+3.36%"
"Oct 28, 2014","386.46","385.02","388.33","383.82","","+0.38%"
"Oct 27, 2014","384.98","384.84","386.76","384.12","","+0.52%"
"Oct 24, 2014","382.99","387.59","389.74","382.67","","+0.40%"
"Oct 23, 2014","381.46","383.34","384.11","378.32","","-0.93%"
"Oct 22, 2014","385.04","382.56","385.99","380.83","","+2.08%"
"Oct 21, 2014","377.19","381.80","383.50","375.97","","-1.11%"
"Oct 20, 2014","381.42","374.34","384.77","374.33","","+3.86%"
"Oct 17, 2014","367.23","370.43","372.60","367.16","","-0.79%"
"Oct 16, 2014","370.14","374.97","374.98","368.92","","-3.09%"
"Oct 15, 2014","381.94","383.16","383.53","378.99","","+0.41%"
"Oct 14, 2014","380.37","384.46","384.50","378.43","","-2.85%"
"Oct 10, 2014","391.54","388.28","391.97","387.33","","-0.95%"
"Oct 09, 2014","395.29","401.55","405.45","394.85","","-0.99%"
"Oct 08, 2014","399.24","395.08","400.18","392.36","","-0.53%"
"Oct 07, 2014","401.37","405.28","408.01","400.31","","-1.37%"
"Oct 06, 2014","406.94","409.95","410.73","405.82","","+0.68%"
"Oct 03, 2014","404.21","404.58","406.75","401.00","","-0.50%"
"Oct 02, 2014","406.24","409.04","409.04","404.42","","-2.36%"
"Oct 01, 2014","416.06","421.46","421.55","415.86","","-1.46%"
"Sep 30, 2014","422.23","428.57","428.57","419.54","","-1.96%"
"Sep 29, 2014","430.65","432.22","432.41","429.39","","+0.05%"
"Sep 26, 2014","430.44","429.88","431.31","428.32","","-2.07%"
"Sep 25, 2014","439.55","438.19","440.24","435.93","","+1.27%"
"Sep 24, 2014","434.03","437.09","438.00","431.34","","-1.75%"
"Sep 22, 2014","441.76","442.64","444.27","439.71","","-0.05%"
"Sep 19, 2014","441.97","439.45","445.20","437.44","","+1.05%"
"Sep 18, 2014","437.38","437.17","440.23","437.17","","+0.81%"
"Sep 17, 2014","433.86","437.53","438.80","432.85","","-0.93%"
"Sep 16, 2014","437.95","440.47","441.31","435.19","","-0.63%"
"Sep 12, 2014","440.71","441.98","443.48","438.77","","-0.37%"
"Sep 11, 2014","442.35","442.39","446.50","440.92","","+0.76%"
"Sep 10, 2014","439.03","434.60","439.66","434.59","","+0.29%"
"Sep 09, 2014","437.78","440.52","440.71","436.93","","+0.03%"
"Sep 08, 2014","437.63","438.29","439.90","436.24","","+0.38%"
"Sep 05, 2014","435.99","440.14","441.08","434.83","","-0.24%"
"Sep 04, 2014","437.05","440.08","440.36","435.40","","-0.36%"
"Sep 03, 2014","438.62","439.53","442.87","438.06","","+0.89%"
"Sep 02, 2014","434.76","425.93","437.54","425.93","","+2.34%"
"Sep 01, 2014","424.83","423.68","425.50","423.43","","+0.39%"
"Aug 29, 2014","423.20","425.76","427.27","422.07","","-0.83%"
"Aug 28, 2014","426.73","427.08","428.40","424.28","","-0.48%"
"Aug 27, 2014","428.79","425.49","432.12","425.49","","+0.93%"
"Aug 26, 2014","424.86","430.33","433.07","424.46","","-0.39%"
"Aug 25, 2014","426.54","425.96","428.04","422.03","","+0.35%"
"Aug 22, 2014","425.05","428.81","429.47","423.29","","+0.05%"
"Aug 21, 2014","424.83","413.13","427.09","412.48","","+3.44%"
"Aug 20, 2014","410.72","413.65","416.00","409.70","","-0.48%"
"Aug 19, 2014","412.71","413.14","414.55","411.71","","+0.55%"
"Aug 18, 2014","410.46","412.36","412.36","408.83","","-0.37%"
"Aug 15, 2014","411.98","412.58","412.66","409.30","","-0.26%"
"Aug 14, 2014","413.06","413.77","415.97","412.47","","+0.57%"
"Aug 13, 2014","410.70","407.77","411.10","406.72","","+0.44%"
"Aug 12, 2014","408.92","408.96","412.61","408.23","","+0.23%"
"Aug 11, 2014","408.00","405.73","409.97","404.49","","+1.99%"
"Aug 08, 2014","400.04","406.01","406.37","397.50","","-2.59%"
"Aug 07, 2014","410.67","407.82","410.93","403.30","","+0.85%"
"Aug 06, 2014","407.21","411.82","411.90","405.10","","-1.58%"
"Aug 05, 2014","413.74","417.70","419.63","413.50","","-0.69%"
"Aug 04, 2014","416.63","420.70","420.83","416.36","","-1.37%"
"Aug 01, 2014","422.42","418.75","424.86","418.24","","-0.50%"
"Jul 31, 2014","424.55","426.93","432.19","424.33","","+0.27%"
"Jul 30, 2014","423.42","421.36","424.71","419.84","","-0.24%"
"Jul 29, 2014","424.43","424.64","425.64","423.30","","-0.03%"
"Jul 28, 2014","424.57","422.53","425.58","420.76","","+0.12%"
"Jul 25, 2014","424.07","416.69","424.99","416.69","","+2.06%"
"Jul 24, 2014","415.52","414.72","419.93","413.96","","+0.20%"
"Jul 23, 2014","414.69","418.07","418.89","414.25","","-0.69%"
"Jul 22, 2014","417.58","418.31","419.71","416.90","","+0.16%"
"Jul 18, 2014","416.91","415.68","417.88","414.71","","-1.16%"
"Jul 17, 2014","421.79","427.82","428.67","420.25","","-1.10%"
"Jul 16, 2014","426.50","425.60","428.64","422.69","","-0.24%"
"Jul 15, 2014","427.53","429.02","431.05","426.17","","+0.47%"
"Jul 14, 2014","425.53","423.30","426.86","420.92","","+0.71%"
"Jul 11, 2014","422.51","421.92","425.42","419.26","","-1.07%"
"Jul 10, 2014","427.08","434.53","434.74","424.53","","-2.46%"
"Jul 09, 2014","437.84","438.42","439.21","433.39","","-2.04%"
"Jul 08, 2014","446.96","451.61","452.83","446.96","","-1.88%"
"Jul 07, 2014","455.54","454.58","461.73","454.44","","+0.26%"
"Jul 04, 2014","454.37","456.21","457.02","453.47","","+0.81%"
"Jul 03, 2014","450.71","455.36","455.52","449.49","","-0.74%"
"Jul 02, 2014","454.07","456.25","456.60","453.30","","+0.57%"
"Jul 01, 2014","451.51","447.93","453.77","447.01","","+0.99%"
"Jun 30, 2014","447.08","446.64","448.19","442.83","","-0.03%"
"Jun 27, 2014","447.23","450.93","452.46","444.73","","-1.33%"
"Jun 26, 2014","453.27","453.45","454.92","450.87","","+0.15%"
"Jun 25, 2014","452.57","454.00","457.37","452.57","","-0.75%"
"Jun 24, 2014","456.01","452.23","458.20","449.94","","-0.12%"
"Jun 23, 2014","456.56","462.38","463.07","454.81","","-0.92%"
"Jun 20, 2014","460.78","460.38","462.02","456.36","","+0.71%"
"Jun 19, 2014","457.52","451.39","458.14","449.53","","+1.94%"
"Jun 18, 2014","448.81","443.21","449.11","443.21","","+2.00%"
"Jun 17, 2014","440.01","439.82","443.90","439.35","","+0.51%"
"Jun 16, 2014","437.76","439.74","443.11","435.33","","-0.74%"
"Jun 13, 2014","441.01","433.99","441.84","432.25","","+1.36%"
"Jun 12, 2014","435.10","428.47","437.37","428.47","","+1.07%"
"Jun 11, 2014","430.48","426.93","431.34","426.31","","+0.75%"
"Jun 10, 2014","427.29","433.94","436.49","425.32","","-1.59%"
"Jun 09, 2014","434.21","438.99","439.81","434.12","","-0.10%"
"Jun 06, 2014","434.63","434.55","435.99","432.31","","+0.85%"
"Jun 05, 2014","430.97","432.48","433.08","428.04","","-0.45%"
"Jun 04, 2014","432.90","431.05","434.14","427.24","","+0.52%"
"Jun 03, 2014","430.68","431.60","432.92","429.56","","+1.64%"
"Jun 02, 2014","423.74","419.40","425.46","418.29","","+1.89%"
"May 30, 2014","415.86","422.32","422.94","413.07","","-1.04%"
"May 29, 2014","420.22","414.89","421.05","413.64","","+0.51%"
"May 28, 2014","418.08","419.91","420.53","415.70","","-0.04%"
"May 27, 2014","418.24","416.90","423.65","416.49","","+0.70%"
"May 26, 2014","415.33","411.27","417.77","410.81","","+2.55%"
"May 23, 2014","405.01","403.06","409.80","401.40","","+1.02%"
"May 22, 2014","400.91","391.40","402.02","390.46","","+4.09%"
"May 21, 2014","385.16","382.78","386.02","382.06","","-0.33%"
"May 20, 2014","386.42","383.43","390.50","383.36","","+1.04%"
"May 19, 2014","382.46","384.15","389.70","382.46","","-0.38%"
"May 16, 2014","383.90","385.32","385.32","378.19","","-2.11%"
"May 15, 2014","392.19","391.04","392.87","385.63","","-1.39%"
"May 14, 2014","397.70","391.64","401.06","390.09","","+1.15%"
"May 13, 2014","393.18","387.80","393.69","387.78","","+3.32%"
"May 12, 2014","380.54","383.80","386.50","380.06","","-0.77%"
"May 09, 2014","383.51","382.55","386.50","378.86","","-0.76%"
"May 08, 2014","386.46","388.10","391.48","385.38","","+0.58%"
"May 07, 2014","384.23","393.68","393.68","382.77","","-3.89%"
"May 02, 2014","399.78","396.44","403.49","395.65","","+0.24%"
"May 01, 2014","398.84","386.32","401.14","386.11","","+4.68%"
"Apr 30, 2014","381.00","393.85","394.54","380.56","","-2.70%"
"Apr 28, 2014","391.56","390.41","392.04","387.20","","-0.90%"
"Apr 25, 2014","395.12","394.83","398.29","391.71","","-0.45%"
"Apr 24, 2014","396.92","401.27","402.62","396.03","","-0.93%"
"Apr 23, 2014","400.64","400.78","403.76","397.21","","+0.66%"
"Apr 22, 2014","398.01","404.54","406.75","397.02","","-1.95%"
"Apr 21, 2014","405.92","409.97","415.07","405.92","","-0.61%"
"Apr 18, 2014","408.40","410.18","410.46","406.21","","+0.32%"
"Apr 17, 2014","407.09","408.45","411.63","405.05","","-0.25%"
"Apr 16, 2014","408.10","396.29","408.27","395.50","","+3.71%"
"Apr 15, 2014","393.51","398.67","399.36","392.50","","+0.16%"
"Apr 14, 2014","392.89","392.79","399.08","392.75","","-1.11%"
"Apr 11, 2014","397.30","400.37","400.38","391.62","","-2.52%"
"Apr 10, 2014","407.59","414.30","418.19","406.44","","-0.17%"
"Apr 09, 2014","408.28","413.28","416.66","406.15","","-2.56%"
"Apr 08, 2014","419.01","427.37","427.46","418.61","","-3.46%"
"Apr 07, 2014","434.04","440.54","441.62","433.57","","-2.85%"
"Apr 04, 2014","446.79","441.75","447.69","441.75","","+0.42%"
"Apr 03, 2014","444.90","446.95","448.81","444.50","","+0.19%"
"Apr 02, 2014","444.05","440.82","448.44","439.71","","+1.65%"
"Apr 01, 2014","436.86","438.59","438.59","433.78","","+0.04%"
"Mar 31, 2014","436.67","435.53","437.51","431.92","","+1.29%"
"Mar 28, 2014","431.11","420.44","432.17","419.13","","+2.37%"
"Mar 27, 2014","421.11","417.44","422.52","411.65","","-1.36%"
"Mar 26, 2014","426.91","428.51","429.89","422.80","","+0.14%"
"Mar 25, 2014","426.31","427.88","428.99","421.02","","-1.23%"
"Mar 24, 2014","431.62","421.44","433.60","421.07","","+2.74%"
"Mar 20, 2014","420.11","427.74","431.64","419.16","","-1.38%"
"Mar 19, 2014","425.99","432.09","433.65","421.31","","-0.92%"
"Mar 18, 2014","429.93","432.98","434.72","429.30","","+0.96%"
"Mar 17, 2014","425.84","429.92","430.69","419.79","","-1.56%"
"Mar 14, 2014","432.60","437.69","437.77","430.56","","-2.82%"
"Mar 13, 2014","445.15","448.25","448.49","444.20","","-0.87%"
"Mar 12, 2014","449.05","454.76","455.41","448.28","","-2.63%"
"Mar 11, 2014","461.20","462.27","465.71","458.13","","0.00%"
"Mar 10, 2014","461.20","462.69","466.55","459.99","","-0.63%"
"Mar 07, 2014","464.14","467.59","467.81","460.38","","+0.55%"
"Mar 06, 2014","461.60","451.79","464.07","451.79","","+2.57%"
"Mar 05, 2014","450.02","453.07","456.10","449.45","","+0.96%"
"Mar 04, 2014","445.72","440.00","446.01","437.18","","-0.25%"
"Mar 03, 2014","446.83","442.55","447.18","437.69","","-0.56%"
"Feb 28, 2014","449.35","453.56","454.96","445.38","","-0.79%"
"Feb 27, 2014","452.94","457.29","460.49","452.76","","-1.05%"
"Feb 26, 2014","457.74","459.54","462.97","457.42","","-1.57%"
"Feb 25, 2014","465.05","464.60","466.84","461.75","","+1.03%"
"Feb 24, 2014","460.30","463.53","469.41","455.20","","-1.23%"
"Feb 21, 2014","466.01","458.32","467.36","457.41","","+3.05%"
"Feb 20, 2014","452.20","460.26","463.88","451.65","","-2.55%"
"Feb 19, 2014","464.01","466.11","467.78","461.26","","-1.29%"
"Feb 18, 2014","470.08","457.92","471.42","453.90","","+3.21%"
"Feb 17, 2014","455.45","448.40","457.65","443.92","","+1.90%"
"Feb 14, 2014","446.97","459.02","461.36","439.63","","-2.54%"
"Feb 13, 2014","458.64","463.08","464.05","457.41","","-0.93%"
"Feb 12, 2014","462.94","470.50","471.93","462.30","","-0.39%"
"Feb 10, 2014","464.74","467.33","467.56","460.85","","+1.18%"
"Feb 07, 2014","459.32","448.47","459.97","448.45","","+4.16%"
"Feb 06, 2014","440.99","439.43","444.27","437.29","","+0.09%"
"Feb 05, 2014","440.60","443.52","448.36","433.43","","+1.03%"
"Feb 04, 2014","436.12","449.83","449.83","433.56","","-4.96%"
"Feb 03, 2014","458.87","475.59","478.46","456.46","","-4.20%"
"Jan 31, 2014","479.00","491.92","493.08","476.60","","-1.46%"
"Jan 30, 2014","486.10","493.42","493.42","483.34","","-3.62%"
"Jan 29, 2014","504.34","494.53","504.66","494.19","","+3.54%"
"Jan 28, 2014","487.10","489.61","496.84","487.10","","+0.01%"
"Jan 27, 2014","487.07","495.41","495.45","486.62","","-3.52%"
"Jan 24, 2014","504.84","504.48","506.23","501.09","","-1.50%"
"Jan 23, 2014","512.53","521.58","522.23","512.53","","-0.77%"
"Jan 22, 2014","516.52","512.24","519.21","511.85","","+1.09%"
"Jan 21, 2014","510.95","512.93","516.67","510.58","","-0.09%"
"Jan 20, 2014","511.41","515.94","515.94","510.27","","-0.69%"
"Jan 17, 2014","514.94","514.00","517.40","513.00","","-0.20%"
"Jan 16, 2014","515.98","519.22","525.51","513.81","","-0.16%"
"Jan 15, 2014","516.82","516.46","521.19","513.86","","+1.53%"
"Jan 14, 2014","509.05","516.57","516.57","507.92","","-3.69%"
"Jan 10, 2014","528.54","526.44","530.96","523.94","","-0.18%"
"Jan 09, 2014","529.49","530.86","533.09","526.59","","-0.81%"
"Jan 08, 2014","533.80","519.70","533.80","516.28","","+3.85%"
"Jan 07, 2014","514.01","519.18","521.74","513.99","","-1.11%"
"Jan 06, 2014","519.79","521.38","524.36","516.35","","-1.37%"
"Dec 30, 2013","527.02","528.96","529.45","525.26","","+0.45%"
"Dec 27, 2013","524.67","526.69","526.69","518.09","","+0.41%"
"Dec 26, 2013","522.51","501.09","526.20","500.88","","+5.14%"
"Dec 25, 2013","496.96","490.53","496.96","490.46","","+0.80%"
"Dec 24, 2013","493.04","498.84","499.57","491.69","","-0.75%"
"Dec 20, 2013","496.76","497.66","497.67","492.12","","-0.25%"
"Dec 19, 2013","497.99","500.39","504.47","497.31","","+1.30%"
"Dec 18, 2013","491.61","485.38","492.53","484.15","","+0.91%"
"Dec 17, 2013","487.18","492.78","493.21","485.58","","-0.54%"
"Dec 16, 2013","489.83","495.23","495.51","488.77","","-1.34%"
"Dec 13, 2013","496.49","498.37","501.34","493.67","","+0.29%"
"Dec 12, 2013","495.07","494.08","496.28","491.60","","-0.94%"
"Dec 11, 2013","499.78","501.72","502.37","495.84","","-0.45%"
"Dec 10, 2013","502.05","503.91","504.00","498.83","","-0.40%"
"Dec 09, 2013","504.08","506.09","508.14","501.29","","+1.38%"
"Dec 06, 2013","497.20","490.09","497.57","489.80","","+0.86%"
"Dec 05, 2013","492.95","498.35","503.04","491.55","","-1.07%"
"Dec 04, 2013","498.29","504.95","506.80","496.75","","-2.51%"
"Dec 03, 2013","511.12","510.41","514.07","509.00","","+0.09%"
"Dec 02, 2013","510.66","508.36","514.23","508.36","","+0.31%"
"Nov 29, 2013","509.06","511.98","511.98","506.03","","-0.74%"
"Nov 28, 2013","512.87","515.14","515.14","509.63","","+1.04%"
"Nov 27, 2013","507.57","508.24","511.97","505.93","","-0.72%"
"Nov 26, 2013","511.24","509.57","513.31","508.26","","-0.85%"
"Nov 25, 2013","515.64","521.19","521.92","511.78","","+0.48%"
"Nov 22, 2013","513.18","517.14","521.24","508.58","","+1.28%"
"Nov 21, 2013","506.70","501.20","510.19","500.23","","+1.36%"
"Nov 20, 2013","499.90","505.31","505.94","498.15","","-0.40%"
"Nov 19, 2013","501.93","500.12","506.52","498.03","","-0.04%"
"Nov 18, 2013","502.13","507.16","511.12","501.56","","+0.75%"
"Nov 15, 2013","498.38","484.51","499.53","484.51","","+4.73%"
"Nov 14, 2013","475.85","467.07","480.83","466.17","","+2.70%"
"Nov 13, 2013","463.35","460.16","465.06","460.16","","+0.48%"
"Nov 12, 2013","461.12","451.49","461.39","451.02","","+1.97%"
"Nov 11, 2013","452.20","456.34","458.89","450.55","","+0.84%"
"Nov 08, 2013","448.44","447.00","449.96","446.08","","-1.02%"
"Nov 07, 2013","453.06","459.03","459.22","452.37","","-1.25%"
"Nov 06, 2013","458.79","451.40","460.34","450.72","","+1.32%"
"Nov 05, 2013","452.81","448.37","454.80","446.51","","+2.15%"
"Nov 01, 2013","443.30","454.63","454.63","442.12","","-2.05%"
"Oct 31, 2013","452.58","461.96","464.33","452.58","","-2.60%"
"Oct 30, 2013","464.66","458.33","467.00","457.16","","+1.83%"
"Oct 29, 2013","456.30","457.75","461.87","455.25","","-0.90%"
"Oct 28, 2013","460.44","457.92","462.00","456.68","","+1.54%"
"Oct 25, 2013","453.44","461.53","461.60","452.52","","-1.76%"
"Oct 24, 2013","461.58","456.93","462.43","454.09","","+0.55%"
"Oct 23, 2013","459.04","466.48","468.04","458.81","","-1.07%"
"Oct 22, 2013","464.01","466.20","466.47","463.74","","-0.28%"
"Oct 21, 2013","465.29","462.58","466.07","462.58","","+0.59%"
"Oct 18, 2013","462.54","467.35","467.40","461.12","","-0.77%"
"Oct 17, 2013","466.15","469.52","472.39","463.15","","+0.79%"
"Oct 16, 2013","462.50","461.37","464.64","459.62","","-0.04%"
"Oct 15, 2013","462.70","470.51","470.51","461.70","","-1.00%"
"Oct 11, 2013","467.37","465.79","469.54","465.26","","+2.28%"
"Oct 10, 2013","456.94","455.60","459.15","452.05","","+0.52%"
"Oct 09, 2013","454.57","437.04","454.83","435.61","","+2.86%"
"Oct 08, 2013","441.95","434.40","443.94","431.75","","+1.39%"
"Oct 07, 2013","435.90","451.57","454.12","435.71","","-3.05%"
"Oct 04, 2013","449.60","450.67","453.22","444.39","","-1.52%"
"Oct 03, 2013","456.53","458.88","459.44","453.85","","-0.28%"
"Oct 02, 2013","457.79","468.77","471.98","454.77","","-2.61%"
"Oct 01, 2013","470.04","471.17","473.98","468.23","","+0.41%"
"Sep 30, 2013","468.11","474.48","474.50","464.81","","-3.13%"
"Sep 27, 2013","483.22","484.30","492.16","480.47","","-0.16%"
"Sep 26, 2013","484.00","477.03","484.00","472.32","","+0.10%"
"Sep 25, 2013","483.50","486.62","487.33","482.74","","-0.89%"
"Sep 24, 2013","487.83","484.15","488.53","483.80","","-0.65%"
"Sep 20, 2013","491.01","494.10","494.36","489.38","","-0.47%"
"Sep 19, 2013","493.31","493.70","494.52","489.79","","+1.66%"
"Sep 18, 2013","485.26","478.24","487.20","476.65","","+2.41%"
"Sep 17, 2013","473.85","474.38","477.14","472.56","","+0.84%"
"Sep 13, 2013","469.89","466.48","472.36","464.87","","+0.07%"
"Sep 12, 2013","469.57","472.24","472.70","464.75","","-1.22%"
"Sep 11, 2013","475.37","481.37","482.88","473.62","","+0.57%"
"Sep 10, 2013","472.69","463.77","473.78","462.06","","+3.16%"
"Sep 09, 2013","458.22","451.88","465.08","451.88","","+3.41%"
"Sep 06, 2013","443.09","450.75","451.89","440.65","","-1.67%"
"Sep 05, 2013","450.60","453.02","454.05","446.46","","+0.33%"
"Sep 04, 2013","449.11","437.65","450.78","437.43","","+1.76%"
"Sep 03, 2013","441.36","427.47","441.52","427.47","","+4.84%"
"Sep 02, 2013","420.98","412.51","421.52","411.10","","+2.02%"
"Aug 30, 2013","412.63","419.14","422.08","412.12","","-0.75%"
"Aug 29, 2013","415.73","417.86","420.25","414.55","","+0.06%"
"Aug 28, 2013","415.50","418.10","418.14","410.20","","-2.65%"
"Aug 27, 2013","426.83","427.34","431.61","425.01","","-0.94%"
"Aug 26, 2013","430.89","435.49","438.73","428.37","","-0.89%"
"Aug 23, 2013","434.77","431.49","437.61","430.25","","+2.75%"
"Aug 22, 2013","423.14","419.15","426.61","418.52","","+0.09%"
"Aug 21, 2013","422.76","421.71","425.64","416.75","","+0.51%"
"Aug 20, 2013","420.60","426.45","432.70","420.51","","-2.26%"
"Aug 19, 2013","430.32","427.44","430.32","425.12","","+0.15%"
"Aug 16, 2013","429.68","420.77","431.70","420.30","","+0.21%"
"Aug 15, 2013","428.78","433.06","435.21","427.75","","-2.88%"
"Aug 14, 2013","441.48","436.94","443.62","431.15","","+2.83%"
"Aug 13, 2013","429.33","429.23","434.14","423.07","","+1.30%"
"Aug 12, 2013","423.83","429.02","429.24","418.87","","-3.12%"
"Aug 09, 2013","437.50","444.14","451.11","435.77","","-0.67%"
"Aug 08, 2013","440.44","443.68","451.52","437.87","","-1.56%"
"Aug 07, 2013","447.43","456.05","456.96","447.43","","-3.73%"
"Aug 06, 2013","464.78","463.25","465.39","453.44","","+0.04%"
"Aug 05, 2013","464.60","466.80","469.71","462.83","","-1.31%"
"Aug 02, 2013","470.78","463.00","471.69","463.00","","+3.48%"
"Aug 01, 2013","454.94","445.34","455.70","444.17","","+2.66%"
"Jul 31, 2013","443.17","447.55","452.61","443.17","","-1.43%"
"Jul 30, 2013","449.59","434.46","453.80","434.46","","+3.08%"
"Jul 29, 2013","436.15","452.82","452.96","433.92","","-5.54%"
"Jul 26, 2013","461.74","473.08","473.67","451.82","","-3.75%"
"Jul 25, 2013","479.71","491.15","491.20","478.90","","-1.84%"
"Jul 24, 2013","488.70","486.61","489.27","483.08","","+0.39%"
"Jul 23, 2013","486.81","481.25","489.15","481.07","","+0.43%"
"Jul 22, 2013","484.71","488.78","488.91","479.91","","-0.04%"
"Jul 19, 2013","484.89","493.33","494.50","473.38","","-1.17%"
"Jul 18, 2013","490.61","489.73","495.73","486.39","","+0.35%"
"Jul 17, 2013","488.91","487.87","491.24","486.29","","-0.62%"
"Jul 16, 2013","491.98","493.30","493.91","489.71","","+0.80%"
"Jul 12, 2013","488.08","491.53","492.63","486.04","","-0.33%"
"Jul 11, 2013","489.70","479.79","490.45","479.79","","+0.84%"
"Jul 10, 2013","485.63","488.98","493.86","479.57","","-0.87%"
"Jul 09, 2013","489.89","484.34","490.40","480.00","","+2.99%"
"Jul 08, 2013","475.69","491.67","495.50","474.17","","-1.58%"
"Jul 05, 2013","483.34","478.42","487.06","476.15","","+2.23%"
"Jul 04, 2013","472.79","463.06","476.32","461.50","","+1.43%"
"Jul 03, 2013","466.14","464.83","469.27","457.69","","+0.62%"
"Jul 02, 2013","463.29","457.40","463.91","454.76","","+2.66%"
"Jul 01, 2013","451.30","437.66","452.19","435.92","","+3.63%"
"Jun 28, 2013","435.51","423.02","438.94","420.19","","+4.59%"
"Jun 27, 2013","416.41","413.38","416.55","386.65","","+1.80%"
"Jun 26, 2013","409.04","427.92","428.51","407.85","","-2.53%"
"Jun 25, 2013","419.66","425.85","429.70","413.35","","-1.68%"
"Jun 24, 2013","426.81","435.08","443.50","424.18","","-0.21%"
"Jun 21, 2013","427.71","424.32","430.05","409.67","","-1.22%"
"Jun 20, 2013","432.99","439.37","442.83","432.63","","-2.58%"
"Jun 19, 2013","444.44","449.60","452.36","439.30","","+0.80%"
"Jun 18, 2013","440.93","437.13","446.97","437.07","","+1.77%"
"Jun 17, 2013","433.27","421.14","436.25","419.78","","+1.70%"
"Jun 14, 2013","426.03","438.51","449.16","425.54","","-0.88%"
"Jun 13, 2013","429.80","447.81","447.81","429.80","","-5.83%"
"Jun 12, 2013","456.43","450.09","458.64","435.37","","-0.54%"
"Jun 11, 2013","458.89","457.39","467.94","450.81","","+0.37%"
"Jun 10, 2013","457.22","435.56","457.80","435.56","","+7.11%"
"Jun 07, 2013","426.86","420.90","439.76","411.66","","-0.11%"
"Jun 06, 2013","427.32","422.26","444.24","416.11","","-0.83%"
"Jun 05, 2013","430.90","459.64","459.96","427.62","","-7.56%"
"Jun 04, 2013","466.13","423.63","470.50","420.36","","+9.49%"
"Jun 03, 2013","425.74","458.92","458.94","418.15","","-9.01%"
"May 31, 2013","467.88","481.70","485.98","459.19","","-1.32%"
"May 30, 2013","474.16","489.25","489.25","470.48","","-4.82%"
"May 29, 2013","498.18","506.24","511.71","496.31","","+0.16%"
"May 28, 2013","497.36","483.01","501.89","479.41","","+1.14%"
"May 27, 2013","491.73","498.43","505.69","478.15","","-3.07%"
"May 24, 2013","507.28","513.06","533.10","478.50","","+0.61%"
"May 23, 2013","504.18","555.72","556.01","503.17","","-9.51%"
"May 22, 2013","557.16","565.06","566.65","555.85","","-0.62%"
"May 21, 2013","560.66","564.29","566.05","558.85","","-1.29%"
"May 20, 2013","567.97","567.50","572.12","563.57","","+1.82%"
"May 17, 2013","557.80","538.46","561.86","533.68","","+2.17%"
"May 16, 2013","545.94","552.86","556.77","525.44","","-1.37%"
"May 15, 2013","553.52","564.72","574.91","548.14","","-0.41%"
"May 14, 2013","555.78","563.46","566.49","551.29","","-1.06%"
"May 13, 2013","561.75","530.35","569.14","530.09","","+7.58%"
"May 10, 2013","522.19","508.96","524.37","508.60","","+4.22%"
"May 09, 2013","501.05","499.50","513.17","498.78","","+0.99%"
"May 08, 2013","496.16","496.21","502.33","494.58","","+0.36%"
"May 07, 2013","494.38","494.22","498.90","492.46","","+1.99%"
"May 02, 2013","484.75","484.29","489.26","480.84","","-0.74%"
"May 01, 2013","488.36","491.98","497.06","486.00","","-1.57%"
"Apr 30, 2013","496.17","481.49","498.36","481.49","","+4.55%"
"Apr 26, 2013","474.58","482.30","483.25","472.83","","-1.14%"
"Apr 25, 2013","480.07","479.92","485.52","475.43","","+0.33%"
"Apr 24, 2013","478.51","481.97","489.55","473.72","","+0.46%"
"Apr 23, 2013","476.32","472.20","479.05","469.64","","+0.46%"
"Apr 22, 2013","474.14","471.62","478.76","471.45","","+2.48%"
"Apr 19, 2013","462.67","468.14","471.92","460.64","","-0.35%"
"Apr 18, 2013","464.30","453.59","475.75","453.44","","+0.76%"
"Apr 17, 2013","460.82","454.15","462.67","447.38","","+2.14%"
"Apr 16, 2013","451.17","443.27","457.57","435.95","","-0.23%"
"Apr 15, 2013","452.19","448.86","458.75","447.08","","-1.05%"
"Apr 12, 2013","457.01","444.95","460.21","440.28","","+1.45%"
"Apr 11, 2013","450.49","434.07","450.49","433.67","","+5.86%"
"Apr 10, 2013","425.56","409.88","430.00","409.88","","+3.57%"
"Apr 09, 2013","410.89","417.64","423.22","408.57","","+0.11%"
"Apr 08, 2013","410.43","383.37","411.03","383.34","","+8.84%"
"Apr 05, 2013","377.11","366.88","386.93","366.88","","+4.56%"
"Apr 04, 2013","360.67","343.15","360.77","335.78","","+3.47%"
"Apr 03, 2013","348.59","347.69","349.85","343.43","","+1.34%"
"Apr 02, 2013","343.99","334.31","347.24","328.97","","+1.07%"
"Apr 01, 2013","340.35","355.51","356.34","340.12","","-5.34%"
"Mar 29, 2013","359.54","361.20","362.80","352.94","","-0.90%"
"Mar 28, 2013","362.79","369.05","369.05","358.37","","-1.63%"
"Mar 27, 2013","368.79","367.60","370.49","365.93","","+0.94%"
"Mar 26, 2013","365.37","366.83","368.03","362.63","","-1.02%"
"Mar 25, 2013","369.13","372.05","374.95","369.13","","+0.91%"
"Mar 22, 2013","365.81","366.86","372.02","362.96","","-1.30%"
"Mar 21, 2013","370.63","364.20","371.91","364.20","","+3.12%"
"Mar 19, 2013","359.43","357.69","360.57","356.55","","+2.07%"
"Mar 18, 2013","352.15","356.10","359.07","352.04","","-2.48%"
"Mar 15, 2013","361.09","362.23","364.10","358.65","","+0.39%"
"Mar 14, 2013","359.69","359.12","360.37","353.90","","+1.71%"
"Mar 13, 2013","353.63","354.63","359.17","351.98","","-0.45%"
"Mar 12, 2013","355.23","366.61","368.13","355.03","","-1.64%"
"Mar 11, 2013","361.15","348.55","363.11","348.12","","+4.88%"
"Mar 08, 2013","344.34","342.54","346.20","341.39","","+1.27%"
"Mar 07, 2013","340.03","340.99","342.09","336.77","","+0.38%"
"Mar 06, 2013","338.75","339.81","341.12","335.88","","+1.49%"
"Mar 05, 2013","333.79","341.04","342.37","331.85","","-0.49%"
"Mar 04, 2013","335.42","335.03","343.35","333.52","","+1.81%"
"Mar 01, 2013","329.46","320.61","329.60","320.43","","+3.01%"
"Feb 28, 2013","319.82","319.02","322.20","319.02","","+2.08%"
"Feb 27, 2013","313.30","322.45","323.65","313.07","","-1.85%"
"Feb 26, 2013","319.19","315.79","327.55","313.88","","-0.75%"
"Feb 25, 2013","321.61","320.52","323.11","320.19","","+2.20%"
"Feb 22, 2013","314.69","307.38","314.84","302.48","","+0.54%"
"Feb 21, 2013","313.00","315.62","317.92","310.94","","-1.83%"
"Feb 20, 2013","318.82","322.62","324.21","318.12","","-0.28%"
"Feb 19, 2013","319.70","316.79","321.06","315.90","","+0.53%"
"Feb 18, 2013","318.01","314.92","319.60","314.90","","+2.78%"
"Feb 15, 2013","309.41","310.60","312.67","300.30","","-2.16%"
"Feb 14, 2013","316.25","317.00","321.78","311.50","","-0.77%"
"Feb 13, 2013","318.71","329.65","329.87","314.78","","-3.09%"
"Feb 12, 2013","328.88","319.84","331.14","319.81","","+4.74%"
"Feb 08, 2013","314.01","316.82","319.90","311.43","","-0.76%"
"Feb 07, 2013","316.42","312.30","317.08","311.17","","+1.84%"
"Feb 06, 2013","310.71","310.62","313.83","310.22","","+1.94%"
"Feb 05, 2013","304.80","305.35","312.92","304.03","","-2.04%"
"Feb 04, 2013","311.16","305.67","312.91","304.98","","+2.85%"
"Feb 01, 2013","302.53","309.22","311.65","300.24","","-1.09%"
"Jan 31, 2013","305.86","297.12","308.40","295.85","","+3.20%"
"Jan 30, 2013","296.37","290.60","296.73","288.42","","+2.62%"
"Jan 29, 2013","288.80","282.21","292.58","282.21","","+1.72%"
"Jan 28, 2013","283.92","282.47","288.43","277.84","","+1.53%"
"Jan 25, 2013","279.65","279.19","282.18","277.90","","+1.78%"
"Jan 24, 2013","274.75","261.83","275.49","261.83","","+4.58%"
"Jan 23, 2013","262.73","269.96","271.46","262.59","","-4.31%"
"Jan 22, 2013","274.57","273.70","281.40","269.96","","+0.70%"
"Jan 21, 2013","272.67","274.43","274.99","269.80","","-1.08%"
"Jan 18, 2013","275.65","273.52","278.26","272.93","","+2.55%"
"Jan 17, 2013","268.80","271.73","272.55","260.18","","-0.33%"
"Jan 16, 2013","269.69","275.77","278.11","269.09","","-3.43%"
"Jan 15, 2013","279.26","281.13","283.66","277.83","","+0.83%"
"Jan 11, 2013","276.97","282.33","283.85","275.27","","-0.24%"
"Jan 10, 2013","277.64","285.15","286.90","275.52","","-0.86%"
"Jan 09, 2013","280.04","267.31","283.11","264.34","","+2.96%"
"Jan 08, 2013","272.00","277.13","278.56","267.65","","-3.36%"
"Jan 07, 2013","281.45","291.04","293.55","280.90","","-4.22%"
"Jan 04, 2013","293.84","287.11","294.63","287.08","","+4.32%"
"Dec 28, 2012","281.68","280.83","282.33","273.46","","+1.60%"
"Dec 27, 2012","277.25","273.42","281.14","271.95","","+2.55%"
"Dec 26, 2012","270.35","266.16","271.49","266.15","","+3.23%"
"Dec 25, 2012","261.88","253.48","262.18","253.48","","+5.20%"
"Dec 21, 2012","248.93","253.52","260.12","245.17","","-0.19%"
"Dec 20, 2012","249.41","243.97","254.45","243.37","","+1.20%"
"Dec 19, 2012","246.46","241.20","246.97","241.15","","+4.11%"
"Dec 18, 2012","236.73","228.07","238.35","228.06","","+5.07%"
"Dec 17, 2012","225.31","224.57","226.99","223.17","","+2.40%"
"Dec 14, 2012","220.02","217.96","221.09","217.51","","-0.10%"
"Dec 13, 2012","220.23","216.29","222.16","215.17","","+3.90%"
"Dec 12, 2012","211.96","210.86","212.28","209.81","","+2.28%"
"Dec 11, 2012","207.23","206.69","207.75","205.79","","-0.73%"
"Dec 10, 2012","208.75","213.50","213.50","208.24","","-2.36%"
"Dec 07, 2012","213.79","212.73","214.47","210.29","","+0.97%"
"Dec 06, 2012","211.73","209.08","212.24","208.68","","+2.52%"
"Dec 05, 2012","206.53","204.39","208.31","203.23","","+0.35%"
"Dec 04, 2012","205.80","202.59","206.79","202.54","","+0.68%"
"Dec 03, 2012","204.42","205.02","207.19","203.66","","+0.08%"
"Nov 30, 2012","204.25","206.11","206.98","201.64","","-0.22%"
"Nov 29, 2012","204.71","204.13","205.65","203.06","","+1.65%"
"Nov 28, 2012","201.38","206.24","206.57","200.73","","-3.30%"
"Nov 27, 2012","208.26","206.08","210.39","205.47","","+0.18%"
"Nov 26, 2012","207.89","209.56","211.18","207.43","","+1.38%"
"Nov 22, 2012","205.07","199.07","205.22","198.07","","+4.99%"
"Nov 21, 2012","195.33","195.94","197.43","193.25","","+0.62%"
"Nov 20, 2012","194.13","196.99","196.99","191.96","","-0.32%"
"Nov 19, 2012","194.76","196.26","198.78","194.27","","+1.38%"
"Nov 16, 2012","192.11","185.22","192.58","185.22","","+5.16%"
"Nov 15, 2012","182.68","175.41","182.70","174.96","","+4.89%"
"Nov 14, 2012","174.17","171.25","174.81","171.07","","+1.33%"
"Nov 13, 2012","171.88","171.32","172.41","169.47","","+0.14%"
"Nov 12, 2012","171.64","173.13","173.39","171.64","","-1.48%"
"Nov 09, 2012","174.21","173.80","175.06","172.64","","-1.26%"
"Nov 08, 2012","176.44","175.79","177.41","175.01","","-1.72%"
"Nov 07, 2012","179.52","180.12","180.72","178.12","","+0.70%"
"Nov 06, 2012","178.28","180.73","180.89","176.87","","-0.93%"
"Nov 05, 2012","179.96","180.61","181.79","179.27","","-1.49%"
"Nov 02, 2012","182.68","178.57","182.87","178.26","","+3.87%"
"Nov 01, 2012","175.87","174.03","176.99","173.39","","+0.76%"
"Oct 31, 2012","174.55","174.84","175.71","173.03","","+0.62%"
"Oct 30, 2012","173.48","174.94","176.87","173.39","","+0.46%"
"Oct 29, 2012","172.69","172.81","175.89","172.23","","-0.11%"
"Oct 26, 2012","172.88","175.47","176.17","172.01","","-1.20%"
"Oct 25, 2012","174.98","171.93","175.29","171.60","","+1.92%"
"Oct 24, 2012","171.69","171.61","174.77","171.20","","-1.75%"
"Oct 23, 2012","174.75","177.31","177.49","172.89","","-0.52%"
"Oct 22, 2012","175.67","171.43","176.03","171.15","","+0.42%"
"Oct 19, 2012","174.93","173.13","175.35","172.66","","+0.51%"
"Oct 18, 2012","174.05","171.73","175.18","171.21","","+2.44%"
"Oct 17, 2012","169.90","169.12","170.92","168.02","","+2.47%"
"Oct 16, 2012","165.80","163.15","166.15","162.78","","+3.37%"
"Oct 15, 2012","160.40","160.64","161.48","158.18","","-0.58%"
"Oct 12, 2012","161.34","160.01","163.09","159.60","","+1.37%"
"Oct 11, 2012","159.16","157.96","162.39","157.26","","-0.86%"
"Oct 10, 2012","160.54","161.83","162.67","160.48","","-3.02%"
"Oct 09, 2012","165.54","168.95","169.34","164.86","","-2.61%"
"Oct 05, 2012","169.97","170.27","172.03","167.31","","+0.32%"
"Oct 04, 2012","169.43","167.01","170.13","166.21","","+2.57%"
"Oct 03, 2012","165.19","163.50","167.01","162.60","","+1.13%"
"Oct 02, 2012","163.34","165.03","166.50","163.21","","-0.13%"
"Oct 01, 2012","163.56","164.12","164.88","161.71","","-1.45%"
"Sep 28, 2012","165.96","170.14","170.14","164.59","","-1.82%"
"Sep 27, 2012","169.04","165.91","169.73","165.85","","+1.39%"
"Sep 26, 2012","166.73","170.12","171.02","166.02","","-3.13%"
"Sep 25, 2012","172.12","169.05","172.70","169.05","","+0.86%"
"Sep 24, 2012","170.66","170.52","172.60","168.62","","-0.48%"
"Sep 21, 2012","171.48","172.62","173.98","171.48","","-1.26%"
"Sep 20, 2012","173.67","177.29","180.06","173.23","","-3.10%"
"Sep 19, 2012","179.22","177.43","182.14","176.43","","+1.48%"
"Sep 18, 2012","176.60","175.40","179.01","174.46","","+0.74%"
"Sep 14, 2012","175.31","172.66","176.36","172.38","","+4.12%"
"Sep 13, 2012","168.38","168.07","169.43","167.19","","+0.27%"
"Sep 12, 2012","167.93","166.05","168.42","165.91","","+0.54%"
"Sep 11, 2012","167.02","166.32","167.02","164.45","","-0.81%"
"Sep 10, 2012","168.38","165.88","168.39","164.44","","+2.10%"
"Sep 07, 2012","164.91","162.48","165.44","162.02","","+4.34%"
"Sep 06, 2012","158.05","155.75","158.99","154.11","","+1.95%"
"Sep 05, 2012","155.02","156.39","156.59","153.77","","-1.52%"
"Sep 04, 2012","157.42","159.11","159.30","155.85","","-0.66%"
"Sep 03, 2012","158.47","157.81","162.78","157.76","","+1.54%"
"Aug 31, 2012","156.07","154.80","159.11","154.80","","-0.52%"
"Aug 30, 2012","156.89","160.84","160.99","156.42","","-3.12%"
"Aug 29, 2012","161.95","160.37","162.49","160.04","","+0.98%"
"Aug 28, 2012","160.38","165.41","166.30","159.42","","-2.94%"
"Aug 27, 2012","165.23","167.93","168.26","165.06","","-0.85%"
"Aug 24, 2012","166.65","167.84","168.41","165.88","","-2.36%"
"Aug 23, 2012","170.67","168.13","171.21","167.44","","+0.38%"
"Aug 22, 2012","170.02","171.04","171.78","168.88","","-1.28%"
"Aug 21, 2012","172.22","170.71","173.65","170.58","","+1.13%"
"Aug 20, 2012","170.30","172.02","172.51","169.57","","-0.38%"
"Aug 17, 2012","170.95","170.40","171.65","169.24","","+1.87%"
"Aug 16, 2012","167.81","162.71","167.90","162.37","","+3.78%"
"Aug 15, 2012","161.70","164.56","164.56","160.70","","-1.13%"
"Aug 14, 2012","163.55","165.57","167.03","162.44","","-0.79%"
"Aug 13, 2012","164.85","163.95","164.97","162.16","","-0.13%"
"Aug 10, 2012","165.06","165.23","166.44","162.75","","-0.55%"
"Aug 09, 2012","165.98","163.24","166.94","162.70","","+1.21%"
"Aug 08, 2012","163.99","167.31","168.32","162.97","","-0.51%"
"Aug 07, 2012","164.83","162.84","165.89","162.35","","+0.74%"
"Aug 06, 2012","163.62","163.13","165.25","162.31","","+3.07%"
"Aug 03, 2012","158.74","159.28","160.56","158.16","","-2.54%"
"Aug 02, 2012","162.88","161.28","163.93","160.58","","+0.64%"
"Aug 01, 2012","161.84","162.30","162.74","160.10","","-2.22%"
"Jul 31, 2012","165.51","162.12","166.01","160.56","","+1.80%"
"Jul 30, 2012","162.59","164.55","165.14","160.70","","+1.06%"
"Jul 27, 2012","160.88","158.01","160.88","156.44","","+4.52%"
"Jul 26, 2012","153.93","148.79","154.61","148.40","","+5.16%"
"Jul 25, 2012","146.38","148.69","149.29","145.94","","-2.20%"
"Jul 24, 2012","149.68","149.11","151.34","147.99","","+0.53%"
"Jul 23, 2012","148.89","150.57","151.73","148.75","","-2.91%"
"Jul 20, 2012","153.36","159.09","159.12","152.89","","-3.90%"
"Jul 19, 2012","159.58","160.07","161.09","157.86","","+1.42%"
"Jul 18, 2012","157.34","160.44","161.13","156.85","","-1.38%"
"Jul 17, 2012","159.54","158.75","162.34","158.32","","+1.00%"
"Jul 13, 2012","157.96","158.20","159.87","157.96","","-0.74%"
"Jul 12, 2012","159.14","161.67","163.35","158.36","","-2.27%"
"Jul 11, 2012","162.83","159.38","162.98","158.88","","+1.15%"
"Jul 10, 2012","160.98","166.57","167.25","160.69","","-3.09%"
"Jul 09, 2012","166.11","167.62","168.55","165.65","","-2.57%"
"Jul 06, 2012","170.50","170.83","172.84","169.78","","-1.01%"
"Jul 05, 2012","172.24","172.09","175.18","171.35","","-0.78%"
"Jul 04, 2012","173.60","176.11","176.79","173.39","","-0.53%"
"Jul 03, 2012","174.52","174.40","177.05","173.97","","+0.54%"
"Jul 02, 2012","173.59","177.05","177.22","173.49","","-0.03%"
"Jun 29, 2012","173.65","167.42","175.72","167.41","","+2.68%"
"Jun 28, 2012","169.12","167.63","169.61","167.29","","+1.37%"
"Jun 27, 2012","166.84","163.71","167.47","162.74","","+2.17%"
"Jun 26, 2012","163.29","164.36","166.26","161.72","","-1.95%"
"Jun 25, 2012","166.53","170.90","170.92","166.13","","-1.73%"
"Jun 22, 2012","169.46","164.85","170.85","164.48","","+0.83%"
"Jun 21, 2012","168.07","168.61","169.11","166.05","","+0.66%"
"Jun 20, 2012","166.96","163.63","167.08","163.07","","+3.93%"
"Jun 19, 2012","160.64","161.43","162.94","159.92","","-1.54%"
"Jun 18, 2012","163.15","163.27","166.00","162.19","","+2.73%"
"Jun 15, 2012","158.82","161.60","161.70","156.79","","-1.14%"
"Jun 14, 2012","160.65","154.87","162.22","154.86","","+3.00%"
"Jun 13, 2012","155.97","157.20","157.73","153.84","","-0.15%"
"Jun 12, 2012","156.21","155.47","157.00","154.05","","-1.83%"
"Jun 11, 2012","159.13","160.43","161.25","158.36","","+1.86%"
"Jun 08, 2012","156.22","160.50","160.50","155.53","","-2.67%"
"Jun 07, 2012","160.51","158.98","161.20","158.33","","+3.88%"
"Jun 06, 2012","154.52","149.37","155.49","148.82","","+4.15%"
"Jun 05, 2012","148.36","144.09","148.79","143.57","","+4.04%"
"Jun 04, 2012","142.60","143.13","143.66","141.97","","-3.37%"
"Jun 01, 2012","147.58","149.69","151.70","147.04","","-2.42%"
"May 31, 2012","151.24","150.26","152.44","149.52","","-1.85%"
"May 30, 2012","154.09","156.16","156.17","152.59","","-0.75%"
"May 29, 2012","155.25","151.00","155.94","149.81","","+1.81%"
"May 28, 2012","152.49","152.23","152.72","150.32","","-0.20%"
"May 25, 2012","152.80","155.59","155.80","152.07","","-0.45%"
"May 24, 2012","153.49","152.97","154.92","150.55","","+0.66%"
"May 23, 2012","152.49","157.12","157.22","151.57","","-3.12%"
"May 22, 2012","157.40","157.74","158.60","156.19","","+2.04%"
"May 21, 2012","154.25","155.34","157.41","152.46","","-0.90%"
"May 18, 2012","155.65","160.09","160.09","155.26","","-5.45%"
"May 17, 2012","164.63","156.29","165.90","155.94","","+4.89%"
"May 16, 2012","156.95","159.01","160.53","155.36","","-1.64%"
"May 15, 2012","159.57","160.15","161.17","157.65","","-2.16%"
"May 14, 2012","163.09","161.64","165.69","161.56","","+1.03%"
"May 11, 2012","161.43","166.68","167.77","160.17","","-2.99%"
"May 10, 2012","166.41","166.67","168.86","165.53","","-0.54%"
"May 09, 2012","167.31","168.94","169.96","166.57","","-2.60%"
"May 08, 2012","171.77","172.31","172.61","169.08","","+0.86%"
"May 07, 2012","170.30","176.96","176.97","169.74","","-6.18%"
"May 02, 2012","181.52","182.65","183.46","179.32","","+0.59%"
"May 01, 2012","180.46","186.73","187.23","179.45","","-4.84%"
"Apr 27, 2012","189.64","191.99","195.86","189.12","","-1.92%"
"Apr 26, 2012","193.36","195.24","195.79","190.81","","-1.24%"
"Apr 25, 2012","195.78","193.97","197.11","191.67","","+2.20%"
"Apr 24, 2012","191.56","193.61","193.82","190.76","","-2.36%"
"Apr 23, 2012","196.19","197.50","198.94","195.21","","-0.23%"
"Apr 20, 2012","196.64","198.08","198.24","195.94","","-1.16%"
"Apr 19, 2012","198.94","198.59","200.95","197.92","","-1.11%"
"Apr 18, 2012","201.17","199.21","201.62","199.20","","+3.34%"
"Apr 17, 2012","194.67","195.78","199.53","194.18","","-0.67%"
"Apr 16, 2012","195.98","199.24","199.78","195.71","","-3.00%"
"Apr 13, 2012","202.05","201.24","203.40","199.48","","+2.83%"
"Apr 12, 2012","196.49","196.21","197.37","193.92","","+0.57%"
"Apr 11, 2012","195.38","195.48","196.79","192.78","","-2.31%"
"Apr 10, 2012","199.99","200.68","205.92","198.27","","+0.03%"
"Apr 09, 2012","199.94","199.66","202.22","197.48","","-1.97%"
"Apr 06, 2012","203.96","204.01","206.18","202.15","","-1.08%"
"Apr 05, 2012","206.18","201.63","207.67","200.21","","+0.18%"
"Apr 04, 2012","205.80","210.51","213.24","204.94","","-2.85%"
"Apr 03, 2012","211.84","214.29","214.46","210.60","","-1.24%"
"Apr 02, 2012","214.49","213.35","216.74","212.94","","+2.25%"
"Mar 30, 2012","209.77","213.28","213.66","209.09","","-1.85%"
"Mar 29, 2012","213.72","215.33","215.74","212.10","","-1.58%"
"Mar 28, 2012","217.15","216.57","219.33","214.78","","-0.68%"
"Mar 27, 2012","218.64","214.29","218.64","213.85","","+4.11%"
"Mar 26, 2012","210.01","215.37","216.35","208.28","","-2.27%"
"Mar 23, 2012","214.88","217.30","218.23","214.40","","-2.98%"
"Mar 22, 2012","221.49","218.36","222.45","216.21","","-0.28%"
"Mar 21, 2012","222.12","228.52","230.87","221.72","","-3.63%"
"Mar 19, 2012","230.48","226.62","232.51","225.35","","+1.76%"
"Mar 16, 2012","226.50","223.42","226.51","222.13","","+0.84%"
"Mar 15, 2012","224.61","227.25","227.51","222.66","","-0.32%"
"Mar 14, 2012","225.34","223.70","227.03","223.70","","+2.89%"
"Mar 13, 2012","219.01","219.06","222.30","217.92","","+0.19%"
"Mar 12, 2012","218.59","220.67","221.99","218.28","","+0.15%"
"Mar 09, 2012","218.27","216.62","219.07","213.89","","+2.24%"
"Mar 08, 2012","213.48","207.82","214.08","207.56","","+4.22%"
"Mar 07, 2012","204.83","203.82","205.83","202.02","","-1.75%"
"Mar 06, 2012","208.48","210.72","212.98","207.38","","-1.24%"
"Mar 05, 2012","211.09","213.54","214.73","210.44","","-1.52%"
"Mar 02, 2012","214.35","212.45","214.83","210.81","","+2.44%"
"Mar 01, 2012","209.24","213.48","216.28","206.85","","-1.60%"
"Feb 29, 2012","212.64","218.87","219.43","212.12","","-1.97%"
"Feb 28, 2012","216.91","209.92","217.36","209.01","","+1.34%"
"Feb 27, 2012","214.05","219.33","220.08","213.52","","-0.76%"
"Feb 24, 2012","215.69","213.30","217.33","212.64","","+1.76%"
"Feb 23, 2012","211.96","202.81","213.39","201.66","","+4.40%"
"Feb 22, 2012","203.02","196.68","203.56","196.22","","+3.16%"
"Feb 21, 2012","196.81","198.53","199.60","195.20","","-0.98%"
"Feb 20, 2012","198.75","198.22","199.52","197.63","","+2.40%"
"Feb 17, 2012","194.10","194.11","197.25","192.37","","+2.26%"
"Feb 16, 2012","189.81","187.73","193.67","186.61","","+0.43%"
"Feb 15, 2012","188.99","184.05","190.30","183.51","","+4.67%"
"Feb 14, 2012","180.55","177.28","180.84","175.46","","+1.43%"
"Feb 13, 2012","178.00","175.26","179.02","174.94","","+0.71%"
"Feb 10, 2012","176.74","179.70","180.62","176.05","","-1.43%"
"Feb 09, 2012","179.30","179.42","180.20","174.07","","+0.84%"
"Feb 08, 2012","177.81","175.31","178.25","174.29","","+1.59%"
"Feb 07, 2012","175.03","173.69","175.75","173.01","","+0.64%"
"Feb 06, 2012","173.92","173.50","175.91","173.13","","+2.82%"
"Feb 03, 2012","169.15","169.85","171.81","168.57","","-0.97%"
"Feb 02, 2012","170.80","165.90","171.99","165.89","","+5.64%"
"Feb 01, 2012","161.68","159.75","163.29","159.36","","-0.04%"
"Jan 31, 2012","161.75","159.97","163.29","159.13","","+0.67%"
"Jan 30, 2012","160.67","159.56","162.53","159.27","","+0.96%"
"Jan 27, 2012","159.14","162.53","162.53","159.03","","-2.71%"
"Jan 26, 2012","163.57","166.63","166.94","163.10","","-1.44%"
"Jan 25, 2012","165.96","163.10","166.42","162.78","","+1.98%"
"Jan 24, 2012","162.74","166.41","166.87","161.66","","-1.70%"
"Jan 23, 2012","165.55","163.21","166.54","162.93","","+2.05%"
"Jan 20, 2012","162.22","158.37","162.77","157.95","","+5.34%"
"Jan 19, 2012","154.00","151.04","154.46","150.97","","+4.03%"
"Jan 18, 2012","148.03","144.68","150.54","143.58","","+2.21%"
"Jan 17, 2012","144.83","144.48","145.42","142.99","","+1.25%"
"Jan 16, 2012","143.04","144.17","144.38","142.44","","-2.53%"
"Jan 13, 2012","146.76","147.34","147.77","145.82","","+1.07%"
"Jan 12, 2012","145.20","148.25","148.81","144.70","","-3.12%"
"Jan 11, 2012","149.87","147.59","150.58","147.29","","+2.36%"
"Jan 10, 2012","146.41","147.61","148.78","145.54","","+1.65%"
"Jan 06, 2012","144.03","145.37","147.62","142.69","","-0.72%"
"Jan 05, 2012","145.08","146.77","146.77","144.36","","-1.61%"
"Jan 04, 2012","147.45","142.85","148.07","142.40","","+5.47%"
"Dec 30, 2011","139.80","139.92","140.30","138.57","","-0.11%"
"Dec 29, 2011","139.96","138.56","140.52","137.87","","+0.04%"
"Dec 28, 2011","139.91","141.26","141.56","139.58","","-1.44%"
"Dec 27, 2011","141.95","140.82","142.35","140.66","","+0.34%"
"Dec 26, 2011","141.47","143.40","143.68","139.57","","-1.44%"
"Dec 22, 2011","143.54","143.76","144.26","143.13","","-0.60%"
"Dec 21, 2011","144.40","145.76","146.09","143.08","","+1.23%"
"Dec 20, 2011","142.65","142.97","144.24","142.21","","-0.47%"
"Dec 19, 2011","143.32","146.88","146.88","142.32","","-3.70%"
"Dec 16, 2011","148.83","147.95","149.09","146.94","","+0.51%"
"Dec 15, 2011","148.07","149.89","150.41","147.98","","-2.53%"
"Dec 14, 2011","151.92","152.35","152.82","150.77","","-0.61%"
"Dec 13, 2011","152.86","151.94","154.33","151.52","","-1.54%"
"Dec 12, 2011","155.25","154.12","156.01","152.28","","+2.69%"
"Dec 09, 2011","151.18","152.83","153.15","150.99","","-2.81%"
"Dec 08, 2011","155.55","154.16","156.55","153.52","","+0.97%"
"Dec 07, 2011","154.06","150.91","154.28","148.88","","+1.77%"
"Dec 06, 2011","151.38","153.50","155.81","150.09","","-2.03%"
"Dec 05, 2011","154.51","153.24","155.53","151.89","","+2.20%"
"Dec 02, 2011","151.18","151.43","152.28","150.09","","-0.45%"
"Dec 01, 2011","151.86","151.60","155.15","151.28","","+3.19%"
"Nov 30, 2011","147.16","144.16","147.16","144.12","","+0.90%"
"Nov 29, 2011","145.85","144.68","146.34","143.23","","+3.15%"
"Nov 28, 2011","141.40","140.61","142.55","139.26","","+3.24%"
"Nov 25, 2011","136.96","134.57","138.58","134.23","","+1.86%"
"Nov 24, 2011","134.46","137.82","138.11","133.99","","-4.83%"
"Nov 22, 2011","141.29","139.80","142.52","139.35","","-1.13%"
"Nov 21, 2011","142.90","141.68","143.43","141.51","","-0.30%"
"Nov 18, 2011","143.33","144.57","145.03","143.02","","-2.64%"
"Nov 17, 2011","147.21","143.96","148.05","143.11","","+2.31%"
"Nov 16, 2011","143.89","148.36","148.68","143.69","","-3.91%"
"Nov 15, 2011","149.75","149.12","151.38","148.50","","-0.77%"
"Nov 14, 2011","150.91","149.31","152.40","149.31","","+3.97%"
"Nov 11, 2011","145.15","146.53","146.96","143.50","","-1.36%"
"Nov 10, 2011","147.15","147.57","147.86","142.46","","-3.23%"
"Nov 09, 2011","152.06","150.08","156.82","150.08","","+3.95%"
"Nov 08, 2011","146.28","162.99","162.99","145.10","","-10.84%"
"Nov 07, 2011","164.06","164.82","165.17","162.88","","-0.65%"
"Nov 04, 2011","165.13","165.48","165.93","162.91","","+2.21%"
"Nov 02, 2011","161.56","163.37","163.72","160.44","","-3.31%"
"Nov 01, 2011","167.09","169.95","170.72","165.98","","-2.80%"
"Oct 31, 2011","171.90","174.92","177.81","171.90","","-3.02%"
"Oct 28, 2011","177.25","179.35","182.70","177.04","","+1.15%"
"Oct 27, 2011","175.23","165.11","175.47","164.44","","+6.15%"
"Oct 26, 2011","165.08","164.22","166.67","162.50","","-0.60%"
"Oct 25, 2011","166.08","168.86","169.34","165.57","","-1.13%"
"Oct 24, 2011","167.98","166.87","168.73","166.45","","+2.30%"
"Oct 21, 2011","164.20","163.58","165.64","162.97","","+0.28%"
"Oct 20, 2011","163.74","164.98","166.21","163.31","","-0.95%"
"Oct 19, 2011","165.31","171.53","172.52","164.40","","-2.33%"
"Oct 18, 2011","169.26","169.97","171.13","168.84","","-2.13%"
"Oct 17, 2011","172.95","171.50","175.06","169.31","","+3.03%"
"Oct 14, 2011","167.87","168.18","169.73","167.57","","-1.53%"
"Oct 13, 2011","170.48","167.32","170.99","166.04","","+4.46%"
"Oct 12, 2011","163.20","164.24","164.79","162.17","","-1.59%"
"Oct 11, 2011","165.84","165.76","167.59","165.26","","+2.73%"
"Oct 07, 2011","161.44","163.28","165.66","160.94","","+1.00%"
"Oct 06, 2011","159.84","157.67","160.61","157.07","","+3.68%"
"Oct 05, 2011","154.16","159.14","159.28","153.60","","-2.00%"
"Oct 04, 2011","157.31","158.04","158.04","154.97","","-2.83%"
"Oct 03, 2011","161.89","164.13","164.13","158.80","","-3.95%"
"Sep 30, 2011","168.55","170.94","172.78","167.59","","-0.43%"
"Sep 29, 2011","169.27","165.30","169.37","164.72","","+0.67%"
"Sep 28, 2011","168.15","166.60","169.84","166.28","","+1.87%"
"Sep 27, 2011","165.07","163.27","165.27","163.07","","+3.01%"
"Sep 26, 2011","160.24","163.82","163.82","158.71","","-2.05%"
"Sep 22, 2011","163.59","166.55","167.16","162.59","","-4.13%"
"Sep 21, 2011","170.64","170.88","171.48","169.66","","-0.33%"
"Sep 20, 2011","171.21","173.66","174.69","170.38","","-3.35%"
"Sep 16, 2011","177.14","173.04","177.50","172.87","","+4.69%"
"Sep 15, 2011","169.20","169.41","171.24","168.46","","+1.06%"
"Sep 14, 2011","167.42","171.91","172.61","166.84","","-2.27%"
"Sep 13, 2011","171.30","168.52","172.29","166.68","","+2.93%"
"Sep 12, 2011","166.42","169.33","169.34","166.21","","-3.70%"
"Sep 09, 2011","172.82","171.64","174.76","171.64","","+0.34%"
"Sep 08, 2011","172.23","176.55","176.93","171.48","","-1.25%"
"Sep 07, 2011","174.41","172.12","175.11","170.77","","+3.50%"
"Sep 06, 2011","168.51","173.89","174.24","167.98","","-4.55%"
"Sep 05, 2011","176.54","179.42","179.47","175.97","","-3.57%"
"Sep 02, 2011","183.07","183.33","185.01","181.81","","-1.29%"
"Sep 01, 2011","185.47","183.64","186.54","183.02","","+1.54%"
"Aug 31, 2011","182.66","182.89","183.63","181.31","","-0.50%"
"Aug 30, 2011","183.58","181.57","185.27","181.57","","+2.55%"
"Aug 29, 2011","179.02","178.82","181.14","177.09","","+0.15%"
"Aug 26, 2011","178.76","179.25","179.56","177.45","","-0.43%"
"Aug 25, 2011","179.54","177.74","182.04","177.57","","+2.31%"
"Aug 24, 2011","175.49","179.97","180.53","175.41","","-1.18%"
"Aug 23, 2011","177.58","174.27","178.55","174.27","","+2.44%"
"Aug 22, 2011","173.35","176.13","177.61","173.35","","-1.48%"
"Aug 19, 2011","175.95","178.52","179.00","175.42","","-3.18%"
"Aug 18, 2011","181.72","183.27","183.85","180.67","","-0.99%"
"Aug 17, 2011","183.54","180.66","185.01","180.01","","+1.13%"
"Aug 16, 2011","181.49","184.41","184.44","180.88","","-0.60%"
"Aug 15, 2011","182.59","183.83","183.85","180.92","","+1.14%"
"Aug 12, 2011","180.53","183.61","185.15","179.39","","-0.08%"
"Aug 11, 2011","180.67","177.39","181.79","176.77","","-0.89%"
"Aug 10, 2011","182.29","188.00","188.34","182.07","","-0.69%"
"Aug 09, 2011","183.55","184.53","184.56","176.52","","-2.88%"
"Aug 08, 2011","189.00","191.08","191.84","187.99","","-2.68%"
"Aug 05, 2011","194.21","199.40","199.41","193.43","","-4.82%"
"Aug 04, 2011","204.05","204.97","207.60","203.77","","-0.07%"
"Aug 03, 2011","204.19","205.62","205.77","203.67","","-2.07%"
"Aug 02, 2011","208.51","209.17","210.09","208.02","","-0.95%"
"Aug 01, 2011","210.52","210.59","212.41","209.88","","+1.41%"
"Jul 29, 2011","207.59","208.80","210.52","207.59","","-0.58%"
"Jul 28, 2011","208.80","210.27","210.45","208.34","","-1.52%"
"Jul 27, 2011","212.03","214.53","214.53","211.47","","-1.58%"
"Jul 26, 2011","215.43","213.87","216.56","212.67","","+0.71%"
"Jul 25, 2011","213.91","216.24","216.82","213.47","","-1.60%"
"Jul 22, 2011","217.39","215.30","218.58","215.11","","+2.79%"
"Jul 21, 2011","211.48","211.97","212.19","210.40","","+0.26%"
"Jul 20, 2011","210.93","210.54","211.11","209.15","","+1.37%"
"Jul 19, 2011","208.08","210.66","210.66","207.70","","-2.24%"
"Jul 15, 2011","212.85","211.28","213.31","210.86","","+0.75%"
"Jul 14, 2011","211.26","213.45","213.45","210.90","","-1.37%"
"Jul 13, 2011","214.19","211.93","215.23","211.60","","+0.79%"
"Jul 12, 2011","212.52","215.04","215.21","211.93","","-2.96%"
"Jul 11, 2011","219.01","219.63","220.69","218.15","","-1.30%"
"Jul 08, 2011","221.90","224.18","224.42","221.90","","+0.11%"
"Jul 07, 2011","221.65","221.08","222.73","220.28","","-0.58%"
"Jul 06, 2011","222.94","221.59","222.94","218.80","","+0.45%"
"Jul 05, 2011","221.94","221.82","224.55","221.28","","-0.17%"
"Jul 04, 2011","222.32","221.33","223.12","220.79","","+1.93%"
"Jul 01, 2011","218.10","219.08","219.99","217.56","","+0.77%"
"Jun 30, 2011","216.43","216.68","217.20","214.98","","+0.43%"
"Jun 29, 2011","215.50","213.39","215.82","212.00","","+2.39%"
"Jun 28, 2011","210.46","212.24","212.33","209.31","","+0.81%"
"Jun 27, 2011","208.76","209.98","210.40","206.58","","-0.76%"
"Jun 24, 2011","210.36","205.88","210.90","205.88","","+2.05%"
"Jun 23, 2011","206.13","205.22","209.33","205.21","","-0.55%"
"Jun 22, 2011","207.27","203.27","208.43","203.24","","+2.96%"
"Jun 21, 2011","201.31","201.64","202.75","199.04","","+0.48%"
"Jun 20, 2011","200.35","201.05","202.95","199.44","","+0.68%"
"Jun 17, 2011","198.99","203.97","203.97","198.73","","-2.05%"
"Jun 16, 2011","203.16","204.29","204.82","202.41","","-1.81%"
"Jun 15, 2011","206.90","210.19","210.40","205.49","","-1.51%"
"Jun 14, 2011","210.08","207.00","210.97","206.84","","+1.18%"
"Jun 13, 2011","207.62","207.31","208.35","206.48","","-0.48%"
"Jun 10, 2011","208.62","209.59","212.18","207.99","","+0.21%"
"Jun 09, 2011","208.19","208.44","208.80","206.34","","-0.97%"
"Jun 08, 2011","210.22","209.77","212.79","209.61","","0.00%"
"Jun 07, 2011","210.22","205.93","210.35","205.12","","+1.55%"
"Jun 06, 2011","207.01","208.62","210.38","206.00","","-1.84%"
"Jun 03, 2011","210.88","214.84","216.32","210.27","","-2.09%"
"Jun 02, 2011","215.38","213.89","216.36","212.55","","-0.49%"
"Jun 01, 2011","216.43","217.32","217.32","214.67","","+0.30%"
"May 31, 2011","215.78","212.30","215.78","212.01","","+1.79%"
"May 30, 2011","211.99","210.40","212.90","209.85","","+0.37%"
"May 27, 2011","211.21","209.53","212.61","208.78","","+0.49%"
"May 26, 2011","210.19","209.98","211.09","208.69","","+0.65%"
"May 25, 2011","208.83","208.79","210.09","207.63","","+1.77%"
"May 24, 2011","205.20","203.70","205.43","202.30","","+0.04%"
"May 23, 2011","205.11","208.05","208.05","204.60","","-2.35%"
"May 20, 2011","210.05","211.96","213.83","210.05","","-1.31%"
"May 19, 2011","212.84","216.74","217.93","212.55","","-1.33%"
"May 18, 2011","215.71","213.56","216.67","213.04","","+1.02%"
"May 17, 2011","213.54","210.45","214.32","210.07","","+1.90%"
"May 16, 2011","209.56","213.94","213.96","209.14","","-2.56%"
"May 13, 2011","215.06","218.57","218.80","212.83","","-1.76%"
"May 12, 2011","218.91","221.73","221.73","218.56","","-1.70%"
"May 11, 2011","222.70","223.97","225.41","222.54","","+0.34%"
"May 10, 2011","221.94","223.20","223.87","220.85","","-0.42%"
"May 09, 2011","222.87","226.38","226.73","221.98","","-1.11%"
"May 06, 2011","225.37","223.91","227.55","223.64","","-0.34%"
"May 02, 2011","226.13","225.88","226.49","223.70","","+1.24%"
"Apr 28, 2011","223.35","221.16","224.17","220.20","","+1.27%"
"Apr 27, 2011","220.55","224.24","224.36","219.33","","-2.04%"
"Apr 26, 2011","225.14","228.81","228.81","224.46","","-1.58%"
"Apr 25, 2011","228.76","228.25","231.63","227.93","","+0.38%"
"Apr 22, 2011","227.89","224.43","229.27","223.10","","+1.23%"
"Apr 21, 2011","225.11","224.55","225.99","224.15","","+0.90%"
"Apr 20, 2011","223.11","223.15","224.83","221.75","","+0.83%"
"Apr 19, 2011","221.28","220.05","222.25","218.96","","-0.25%"
"Apr 18, 2011","221.84","224.41","225.09","221.84","","-1.10%"
"Apr 15, 2011","224.30","227.81","228.63","224.23","","-1.95%"
"Apr 14, 2011","228.76","227.69","229.56","226.59","","-0.93%"
"Apr 13, 2011","230.91","226.08","231.28","226.08","","+1.89%"
"Apr 12, 2011","226.62","227.60","228.75","225.35","","-1.36%"
"Apr 11, 2011","229.74","230.45","233.12","229.63","","-0.35%"
"Apr 08, 2011","230.54","224.45","231.79","223.03","","+2.29%"
"Apr 07, 2011","225.37","225.94","228.33","224.92","","+1.04%"
"Apr 06, 2011","223.05","228.44","228.45","221.38","","-3.07%"
"Apr 05, 2011","230.11","233.34","234.88","227.63","","-1.91%"
"Apr 04, 2011","234.59","239.33","239.93","233.55","","-0.86%"
"Apr 01, 2011","236.63","239.46","241.45","236.63","","-2.06%"
"Mar 31, 2011","241.61","241.05","242.00","237.17","","+0.62%"
"Mar 30, 2011","240.12","235.08","240.43","234.29","","+2.49%"
"Mar 29, 2011","234.29","232.65","236.79","228.72","","-1.32%"
"Mar 28, 2011","237.43","241.39","241.39","235.20","","-0.98%"
"Mar 25, 2011","239.79","246.27","246.27","237.86","","-0.88%"
"Mar 24, 2011","241.93","247.56","248.21","241.34","","-3.41%"
"Mar 23, 2011","250.46","252.80","253.63","247.96","","-1.77%"
"Mar 22, 2011","254.97","247.44","256.30","247.22","","+5.24%"
"Mar 18, 2011","242.28","236.06","244.11","235.98","","+4.19%"
"Mar 17, 2011","232.53","229.44","233.42","222.48","","-0.90%"
"Mar 16, 2011","234.65","218.51","235.34","218.48","","+9.69%"
"Mar 15, 2011","213.93","235.76","236.09","198.15","","-10.98%"
"Mar 14, 2011","240.31","261.46","261.46","236.31","","-9.90%"
"Mar 11, 2011","266.70","267.88","271.18","266.70","","-1.65%"
"Mar 10, 2011","271.18","277.45","278.45","270.29","","-1.98%"
"Mar 09, 2011","276.66","277.82","280.46","275.93","","+1.13%"
"Mar 08, 2011","273.58","274.93","277.70","272.75","","-0.23%"
"Mar 07, 2011","274.20","278.75","278.75","273.10","","-2.37%"
"Mar 04, 2011","280.86","284.58","284.94","279.30","","+0.68%"
"Mar 03, 2011","278.96","280.38","282.05","278.33","","-0.09%"
"Mar 02, 2011","279.21","283.60","284.34","279.04","","-3.08%"
"Mar 01, 2011","288.08","286.48","289.22","286.08","","+1.00%"
"Feb 28, 2011","285.23","280.74","285.99","278.60","","+2.46%"
"Feb 25, 2011","278.37","276.82","278.37","274.52","","+0.90%"
"Feb 24, 2011","275.88","280.50","282.12","275.50","","-1.33%"
"Feb 23, 2011","279.60","281.24","286.34","279.60","","-2.17%"
"Feb 22, 2011","285.79","294.14","294.38","285.79","","-4.64%"
"Feb 21, 2011","299.69","297.69","299.92","295.56","","+0.13%"
"Feb 18, 2011","299.30","300.95","301.23","297.42","","-0.67%"
"Feb 17, 2011","301.31","302.50","303.15","300.03","","+1.30%"
"Feb 16, 2011","297.43","289.48","298.80","289.45","","+2.90%"
"Feb 15, 2011","289.06","289.22","289.71","286.77","","+0.01%"
"Feb 14, 2011","289.02","285.60","290.04","285.24","","+2.09%"
"Feb 10, 2011","283.09","280.66","283.88","280.27","","+0.58%"
"Feb 09, 2011","281.47","286.59","286.74","279.76","","-1.16%"
"Feb 08, 2011","284.77","286.67","286.67","284.03","","+0.60%"
"Feb 07, 2011","283.07","284.87","285.81","282.54","","+0.85%"
"Feb 04, 2011","280.68","282.26","283.14","280.38","","+0.63%"
"Feb 03, 2011","278.91","277.41","281.83","276.33","","+0.49%"
"Feb 02, 2011","277.55","271.23","280.66","271.20","","+3.99%"
"Feb 01, 2011","266.90","270.98","271.11","266.35","","-0.26%"
"Jan 31, 2011","267.60","266.26","268.82","265.80","","-1.48%"
"Jan 28, 2011","271.62","275.38","275.75","268.83","","-2.13%"
"Jan 27, 2011","277.54","277.53","278.42","275.30","","+0.27%"
"Jan 26, 2011","276.80","279.47","280.50","276.64","","-1.68%"
"Jan 25, 2011","281.53","277.92","283.61","277.92","","+1.82%"
"Jan 24, 2011","276.49","276.26","279.13","274.75","","+0.42%"
"Jan 21, 2011","275.34","285.53","285.80","272.29","","-3.50%"
"Jan 20, 2011","285.32","287.71","291.01","285.03","","-1.39%"
"Jan 19, 2011","289.34","289.35","291.52","286.86","","+0.64%"
"Jan 18, 2011","287.51","287.07","290.33","285.33","","-0.38%"
"Jan 17, 2011","288.61","292.87","293.48","287.23","","-1.14%"
"Jan 14, 2011","291.94","295.54","298.28","291.91","","-1.68%"
"Jan 13, 2011","296.93","295.68","299.03","294.26","","+2.21%"
"Jan 12, 2011","290.50","291.95","298.47","290.05","","-0.03%"
"Jan 11, 2011","290.60","290.40","292.43","288.25","","-1.00%"
"Jan 07, 2011","293.54","296.08","297.11","291.87","","-0.29%"
"Jan 06, 2011","294.38","287.26","294.89","286.29","","+4.11%"
"Jan 05, 2011","282.77","284.83","286.12","281.78","","-0.55%"
"Jan 04, 2011","284.34","283.58","284.62","282.01","","+2.07%"
"Dec 30, 2010","278.56","282.89","283.30","278.21","","-1.66%"
"Dec 29, 2010","283.26","281.88","284.04","280.20","","+0.17%"
"Dec 28, 2010","282.77","282.47","284.70","282.21","","+0.77%"
"Dec 27, 2010","280.60","280.23","282.10","280.23","","-0.11%"
"Dec 24, 2010","280.90","282.47","283.38","279.54","","-0.79%"
"Dec 22, 2010","283.15","280.85","286.16","280.85","","+0.97%"
"Dec 21, 2010","280.43","280.48","282.28","278.24","","+0.47%"
"Dec 20, 2010","279.13","284.01","285.12","277.43","","-1.34%"
"Dec 17, 2010","282.93","283.93","286.59","282.57","","+0.06%"
"Dec 16, 2010","282.77","281.45","285.54","280.11","","-0.32%"
"Dec 15, 2010","283.69","286.64","287.25","282.13","","-0.24%"
"Dec 14, 2010","284.37","277.96","286.15","277.67","","+2.28%"
"Dec 13, 2010","278.03","269.65","278.03","268.84","","+2.84%"
"Dec 10, 2010","270.36","271.96","273.97","268.79","","-0.58%"
"Dec 09, 2010","271.94","266.39","272.60","264.11","","+3.21%"
"Dec 08, 2010","263.47","264.31","265.30","261.86","","+0.05%"
"Dec 07, 2010","263.34","262.49","264.97","261.19","","-0.08%"
"Dec 06, 2010","263.55","263.08","263.90","261.26","","+0.56%"
"Dec 03, 2010","262.09","266.20","266.55","260.43","","-0.18%"
"Dec 02, 2010","262.57","260.38","264.84","260.36","","+2.78%"
"Dec 01, 2010","255.48","256.14","256.49","252.07","","-0.71%"
"Nov 30, 2010","257.30","259.88","261.86","257.27","","-1.94%"
"Nov 29, 2010","262.38","259.84","263.92","258.57","","+1.64%"
"Nov 26, 2010","258.14","263.05","264.62","257.16","","-1.89%"
"Nov 25, 2010","263.11","267.93","268.03","262.78","","-0.55%"
"Nov 24, 2010","264.56","263.11","266.80","261.19","","-1.52%"
"Nov 22, 2010","268.64","268.07","270.08","266.21","","+1.58%"
"Nov 19, 2010","264.47","264.59","268.58","263.50","","+1.75%"
"Nov 18, 2010","259.92","248.18","260.26","246.71","","+4.82%"
"Nov 17, 2010","247.97","244.98","248.05","243.08","","+0.18%"
"Nov 16, 2010","247.52","249.65","250.16","245.67","","+0.38%"
"Nov 15, 2010","246.59","249.47","250.13","245.36","","+0.41%"
"Nov 12, 2010","245.58","245.43","249.33","243.98","","-1.01%"
"Nov 11, 2010","248.08","242.31","250.42","241.41","","+3.47%"
"Nov 10, 2010","239.77","233.30","240.80","233.24","","+4.16%"
"Nov 09, 2010","230.20","228.32","230.20","226.45","","-0.31%"
"Nov 08, 2010","230.91","234.37","234.46","230.19","","-0.34%"
"Nov 05, 2010","231.69","226.81","234.07","226.81","","+4.07%"
"Nov 04, 2010","222.63","222.69","225.87","221.92","","+0.89%"
"Nov 02, 2010","220.66","215.66","222.46","213.61","","+2.66%"
"Nov 01, 2010","214.95","219.94","220.26","214.56","","-3.74%"
"Oct 29, 2010","223.30","226.17","227.81","221.68","","-1.90%"
"Oct 28, 2010","227.63","227.64","229.00","225.76","","-0.49%"
"Oct 27, 2010","228.74","234.91","234.95","226.82","","-1.69%"
"Oct 26, 2010","232.68","234.46","235.58","232.01","","-1.69%"
"Oct 25, 2010","236.69","236.50","238.63","235.32","","+0.41%"
"Oct 22, 2010","235.73","230.50","236.52","229.69","","+1.73%"
"Oct 21, 2010","231.72","232.63","235.80","229.88","","-0.74%"
"Oct 20, 2010","233.45","229.57","235.11","227.20","","0.00%"
"Oct 19, 2010","233.45","232.19","234.85","232.19","","+0.69%"
"Oct 18, 2010","231.84","229.94","234.28","229.44","","+0.25%"
"Oct 15, 2010","231.27","240.54","240.69","229.75","","-4.93%"
"Oct 14, 2010","243.27","235.36","243.89","234.72","","+4.64%"
"Oct 13, 2010","232.48","238.00","239.61","231.79","","-0.93%"
"Oct 12, 2010","234.66","243.12","243.14","233.98","","-2.88%"
"Oct 08, 2010","241.61","239.87","243.60","238.95","","+0.69%"
"Oct 07, 2010","239.96","237.15","243.01","236.71","","+1.70%"
"Oct 06, 2010","235.94","227.39","236.46","226.33","","+5.58%"
"Oct 05, 2010","223.48","218.31","224.36","217.47","","+1.86%"
"Oct 04, 2010","219.40","227.32","228.12","218.98","","-3.28%"
"Oct 01, 2010","226.84","228.20","228.28","223.15","","+0.41%"
"Sep 30, 2010","225.92","230.54","232.32","225.89","","-2.35%"
"Sep 29, 2010","231.35","228.26","233.50","227.95","","+1.14%"
"Sep 28, 2010","228.75","233.04","233.69","228.12","","-2.68%"
"Sep 27, 2010","235.04","237.02","237.35","232.85","","-0.48%"
"Sep 24, 2010","236.18","236.78","240.05","235.91","","-1.08%"
"Sep 22, 2010","238.77","234.78","242.20","234.10","","+0.74%"
"Sep 21, 2010","237.02","242.65","242.79","235.51","","-2.20%"
"Sep 17, 2010","242.35","243.93","244.62","241.94","","-0.48%"
"Sep 16, 2010","243.52","252.33","253.10","242.87","","-1.84%"
"Sep 15, 2010","248.09","245.30","249.85","242.54","","+0.73%"
"Sep 14, 2010","246.29","249.47","251.24","245.86","","-1.19%"
"Sep 13, 2010","249.25","249.75","251.38","247.98","","+0.68%"
"Sep 10, 2010","247.56","247.33","249.78","246.42","","-0.06%"
"Sep 09, 2010","247.70","247.55","248.55","246.78","","+0.41%"
"Sep 08, 2010","246.69","250.21","250.32","245.32","","-3.09%"
"Sep 07, 2010","254.56","255.41","256.83","253.29","","-1.07%"
"Sep 06, 2010","257.32","252.18","258.21","250.94","","+2.91%"
"Sep 03, 2010","250.04","251.45","253.58","248.20","","-0.08%"
"Sep 02, 2010","250.23","252.63","253.55","246.37","","+0.74%"
"Sep 01, 2010","248.38","247.51","249.00","243.82","","+0.05%"
"Aug 31, 2010","248.25","253.82","254.57","247.82","","-3.61%"
"Aug 30, 2010","257.56","258.63","263.22","256.83","","+1.47%"
"Aug 27, 2010","253.83","246.05","254.90","245.63","","+1.87%"
"Aug 26, 2010","249.16","253.17","253.28","247.02","","-1.15%"
"Aug 25, 2010","252.07","253.27","255.10","250.54","","-1.82%"
"Aug 24, 2010","256.73","256.48","258.38","255.46","","-1.33%"
"Aug 23, 2010","260.20","261.37","262.29","259.92","","-0.41%"
"Aug 20, 2010","261.28","263.21","266.38","261.04","","-2.52%"
"Aug 19, 2010","268.03","262.12","269.26","261.91","","+2.09%"
"Aug 18, 2010","262.55","260.22","264.79","258.60","","+1.91%"
"Aug 17, 2010","257.64","258.64","259.02","256.04","","-1.19%"
"Aug 16, 2010","260.74","258.44","261.22","256.93","","-0.31%"
"Aug 13, 2010","261.56","258.91","262.11","257.93","","+0.83%"
"Aug 12, 2010","259.41","258.48","259.41","253.90","","-1.80%"
"Aug 11, 2010","264.17","267.61","268.87","264.02","","-2.49%"
"Aug 10, 2010","270.92","269.58","272.63","269.58","","+1.24%"
"Aug 09, 2010","267.60","265.74","268.83","265.38","","+0.13%"
"Aug 06, 2010","267.24","264.13","269.32","263.77","","+0.69%"
"Aug 05, 2010","265.41","266.63","266.99","261.24","","+0.95%"
"Aug 04, 2010","262.90","267.06","268.11","262.27","","-1.73%"
"Aug 03, 2010","267.54","264.35","268.98","264.00","","+2.93%"
"Aug 02, 2010","259.92","262.53","264.62","258.75","","0.00%"
"Jul 30, 2010","259.91","263.82","263.82","259.00","","-1.50%"
"Jul 29, 2010","263.88","265.60","267.54","263.73","","-0.98%"
"Jul 28, 2010","266.48","261.34","268.23","261.12","","+3.36%"
"Jul 27, 2010","257.82","257.33","260.47","256.02","","+0.48%"
"Jul 26, 2010","256.60","258.34","260.92","256.45","","+0.35%"
"Jul 23, 2010","255.70","253.63","257.97","251.92","","+2.60%"
"Jul 22, 2010","249.21","246.98","251.40","246.79","","+0.23%"
"Jul 21, 2010","248.63","256.75","257.19","247.10","","-3.29%"
"Jul 20, 2010","257.08","258.18","258.30","255.16","","-2.06%"
"Jul 16, 2010","262.49","264.59","266.30","260.66","","-1.39%"
"Jul 15, 2010","266.19","270.51","270.51","265.07","","-2.28%"
"Jul 14, 2010","272.41","272.57","275.17","271.36","","+1.74%"
"Jul 13, 2010","267.76","272.43","274.05","265.66","","-1.17%"
"Jul 12, 2010","270.94","268.39","275.64","268.39","","+1.13%"
"Jul 09, 2010","267.90","269.21","271.04","267.02","","+0.09%"
"Jul 08, 2010","267.67","264.27","269.47","264.12","","+3.24%"
"Jul 07, 2010","259.28","265.86","266.17","257.26","","-2.53%"
"Jul 06, 2010","266.00","260.44","266.37","255.35","","+1.25%"
"Jul 05, 2010","262.71","262.29","266.80","261.77","","+0.74%"
"Jul 02, 2010","260.79","261.04","262.69","258.39","","+0.17%"
"Jul 01, 2010","260.34","263.45","264.03","260.04","","-1.47%"
"Jun 30, 2010","264.23","264.01","265.17","261.05","","-1.79%"
"Jun 29, 2010","269.04","273.31","274.20","268.18","","-1.61%"
"Jun 28, 2010","273.45","277.24","277.38","272.38","","-1.37%"
"Jun 25, 2010","277.25","280.39","281.86","274.64","","-2.06%"
"Jun 24, 2010","283.09","281.47","284.82","280.82","","-0.26%"
"Jun 23, 2010","283.82","286.52","286.79","283.64","","-1.89%"
"Jun 22, 2010","289.30","287.88","292.51","287.31","","-0.15%"
"Jun 21, 2010","289.74","287.55","290.94","286.54","","+1.36%"
"Jun 18, 2010","285.86","288.60","288.71","283.95","","-1.23%"
"Jun 17, 2010","289.42","291.64","291.65","287.88","","-0.94%"
"Jun 16, 2010","292.17","293.68","295.21","292.17","","+1.15%"
"Jun 15, 2010","288.85","287.54","294.56","286.74","","+1.47%"
"Jun 14, 2010","284.67","285.67","286.79","283.95","","-0.26%"
"Jun 11, 2010","285.40","286.59","289.43","285.05","","+1.48%"
"Jun 10, 2010","281.23","280.98","281.27","277.78","","+0.84%"
"Jun 09, 2010","278.89","279.07","281.11","275.53","","-1.10%"
"Jun 08, 2010","282.00","284.30","284.85","280.93","","-1.15%"
"Jun 07, 2010","285.27","293.73","293.73","283.65","","-4.80%"
"Jun 04, 2010","299.66","301.48","303.20","298.43","","-0.29%"
"Jun 03, 2010","300.54","301.37","302.38","298.05","","+0.92%"
"Jun 02, 2010","297.79","298.65","303.24","295.76","","-1.48%"
"Jun 01, 2010","302.25","300.92","303.64","297.89","","+0.48%"
"May 31, 2010","300.82","300.33","305.27","299.43","","-0.17%"
"May 28, 2010","301.34","305.00","307.45","298.54","","+0.39%"
"May 27, 2010","300.17","290.37","301.22","290.36","","+2.66%"
"May 26, 2010","292.38","294.88","297.02","289.42","","+0.12%"
"May 25, 2010","292.02","295.18","296.72","290.81","","-1.86%"
"May 24, 2010","297.56","298.87","299.12","294.45","","-0.76%"
"May 21, 2010","299.83","296.78","300.32","292.40","","-0.93%"
"May 20, 2010","302.63","305.05","307.47","301.37","","-1.54%"
"May 19, 2010","307.35","305.30","307.35","301.85","","-1.05%"
"May 18, 2010","310.62","319.87","319.98","309.83","","-2.02%"
"May 17, 2010","317.02","318.87","321.75","315.11","","-1.55%"
"May 14, 2010","322.00","320.14","326.00","318.16","","-0.90%"
"May 13, 2010","324.93","323.17","328.01","322.88","","+2.38%"
"May 12, 2010","317.39","322.16","322.87","315.24","","-1.74%"
"May 11, 2010","323.00","335.56","335.56","320.36","","-2.09%"
"May 10, 2010","329.91","326.17","333.17","324.83","","+1.21%"
"May 07, 2010","325.97","330.23","330.27","320.71","","-3.06%"
"May 06, 2010","336.25","347.79","348.04","335.23","","-4.98%"
"Apr 30, 2010","353.89","359.58","360.51","351.24","","-0.30%"
"Apr 28, 2010","354.95","354.21","355.88","349.57","","-1.53%"
"Apr 27, 2010","360.46","361.98","363.41","358.81","","-1.34%"
"Apr 26, 2010","365.36","357.57","366.71","357.57","","+3.21%"
"Apr 23, 2010","354.01","350.82","354.01","349.83","","+0.53%"
"Apr 22, 2010","352.15","354.49","354.55","350.04","","-1.05%"
"Apr 21, 2010","355.87","356.04","357.52","354.77","","+0.79%"
"Apr 20, 2010","353.09","356.48","356.75","351.90","","-0.23%"
"Apr 19, 2010","353.91","357.62","357.67","351.18","","-2.75%"
"Apr 16, 2010","363.93","366.16","367.72","362.54","","-0.76%"
"Apr 15, 2010","366.72","370.32","370.32","366.20","","+0.22%"
"Apr 14, 2010","365.90","368.49","368.96","363.15","","-1.13%"
"Apr 13, 2010","370.10","371.95","372.18","365.54","","-0.79%"
"Apr 12, 2010","373.05","373.97","376.36","372.17","","+0.23%"
"Apr 09, 2010","372.21","371.23","373.92","368.94","","+1.09%"
"Apr 08, 2010","368.20","370.11","376.22","367.95","","-1.04%"
"Apr 07, 2010","372.07","367.19","376.33","366.55","","+1.66%"
"Apr 06, 2010","365.98","365.97","366.21","361.23","","+0.17%"
"Apr 05, 2010","365.36","369.10","369.50","364.10","","+0.01%"
"Apr 02, 2010","365.34","365.80","367.36","363.37","","+1.00%"
"Apr 01, 2010","361.74","362.70","363.42","358.64","","-0.08%"
"Mar 31, 2010","362.02","366.59","366.59","358.73","","-1.30%"
"Mar 30, 2010","366.78","366.88","367.75","363.46","","+0.77%"
"Mar 29, 2010","363.98","354.18","364.69","353.58","","+2.02%"
"Mar 26, 2010","356.79","351.28","357.30","350.20","","+2.32%"
"Mar 25, 2010","348.70","350.78","352.15","347.58","","-0.40%"
"Mar 24, 2010","350.11","349.15","350.11","346.72","","+1.11%"
"Mar 23, 2010","346.26","348.54","350.07","345.68","","-1.10%"
"Mar 19, 2010","350.12","351.76","352.39","349.35","","-0.15%"
"Mar 18, 2010","350.63","355.03","355.05","349.79","","-1.12%"
"Mar 17, 2010","354.61","356.47","356.84","352.63","","+0.45%"
"Mar 16, 2010","353.03","351.78","355.94","351.78","","-0.15%"
"Mar 15, 2010","353.57","350.68","354.83","350.63","","+2.38%"
"Mar 12, 2010","345.34","343.09","345.81","341.89","","+1.74%"
"Mar 11, 2010","339.44","336.95","341.28","336.95","","+1.23%"
"Mar 10, 2010","335.32","337.72","338.88","334.96","","-0.76%"
"Mar 09, 2010","337.89","339.75","340.24","337.51","","-0.44%"
"Mar 08, 2010","339.40","337.37","339.42","336.97","","+2.26%"
"Mar 05, 2010","331.90","329.06","332.46","328.38","","+1.95%"
"Mar 04, 2010","325.56","329.74","330.46","325.01","","-1.22%"
"Mar 03, 2010","329.57","334.07","335.47","328.69","","-1.55%"
"Mar 02, 2010","334.75","336.91","336.91","331.19","","-0.28%"
"Mar 01, 2010","335.69","333.82","338.39","333.53","","+0.34%"
"Feb 26, 2010","334.54","333.40","334.54","331.16","","+1.28%"
"Feb 25, 2010","330.32","335.21","335.67","329.03","","-1.16%"
"Feb 24, 2010","334.21","335.06","335.81","332.54","","-1.78%"
"Feb 23, 2010","340.27","338.40","341.63","336.44","","+0.96%"
"Feb 22, 2010","337.04","334.27","339.19","334.24","","+2.35%"
"Feb 19, 2010","329.31","338.39","338.39","328.85","","-2.27%"
"Feb 18, 2010","336.96","338.62","341.68","335.89","","-0.10%"
"Feb 17, 2010","337.31","332.67","338.65","331.31","","+3.05%"
"Feb 16, 2010","327.32","326.98","330.62","326.44","","+0.49%"
"Feb 15, 2010","325.74","330.05","330.51","325.42","","-1.59%"
"Feb 12, 2010","331.00","328.29","331.59","327.28","","+1.65%"
"Feb 10, 2010","325.62","332.68","333.18","325.62","","-0.69%"
"Feb 09, 2010","327.89","326.44","330.02","325.34","","-0.47%"
"Feb 08, 2010","329.45","328.98","333.78","327.00","","+0.25%"
"Feb 05, 2010","328.63","334.78","335.21","326.56","","-3.57%"
"Feb 04, 2010","340.78","349.73","349.84","337.44","","-2.49%"
"Feb 03, 2010","349.49","356.70","358.99","348.67","","-1.22%"
"Feb 02, 2010","353.82","348.70","354.99","347.70","","+2.90%"
"Feb 01, 2010","343.84","346.33","347.88","340.72","","-1.08%"
"Jan 29, 2010","347.59","351.13","352.64","347.59","","-1.92%"
"Jan 28, 2010","354.38","354.59","359.41","352.44","","+1.09%"
"Jan 27, 2010","350.55","355.17","358.83","350.18","","-1.05%"
"Jan 26, 2010","354.26","361.23","366.51","354.26","","-1.51%"
"Jan 25, 2010","359.69","357.86","361.69","356.82","","-1.25%"
"Jan 22, 2010","364.26","364.24","365.15","357.65","","-1.85%"
"Jan 21, 2010","371.11","360.70","371.89","356.97","","+2.00%"
"Jan 20, 2010","363.84","374.33","375.56","363.37","","-2.92%"
"Jan 19, 2010","374.79","381.09","381.79","372.81","","-1.72%"
"Jan 18, 2010","381.36","383.55","384.17","379.66","","-2.23%"
"Jan 15, 2010","390.06","388.48","390.06","383.71","","+0.71%"
"Jan 14, 2010","387.32","385.74","390.25","385.62","","+1.87%"
"Jan 13, 2010","380.20","385.08","391.12","379.92","","-2.82%"
"Jan 12, 2010","391.23","381.75","393.67","381.51","","+2.84%"
"Jan 08, 2010","380.42","379.88","381.11","375.80","","+1.52%"
"Jan 07, 2010","374.73","367.82","377.47","366.45","","+2.76%"
"Jan 06, 2010","364.68","359.02","366.75","356.10","","+2.78%"
"Jan 05, 2010","354.82","355.66","361.57","354.22","","+1.29%"
"Jan 04, 2010","350.31","349.55","352.84","348.51","","+0.61%"
"Dec 30, 2009","348.18","353.43","353.64","347.05","","-0.75%"
"Dec 29, 2009","350.82","349.12","353.31","348.17","","+0.54%"
"Dec 28, 2009","348.95","351.99","355.44","348.95","","-0.66%"
"Dec 25, 2009","351.26","355.79","355.79","351.09","","-0.72%"
"Dec 24, 2009","353.81","351.95","355.46","350.20","","+1.42%"
"Dec 22, 2009","348.86","346.08","350.01","345.82","","+1.50%"
"Dec 21, 2009","343.70","344.75","345.26","342.57","","-0.20%"
"Dec 18, 2009","344.40","344.97","345.25","340.63","","-0.79%"
"Dec 17, 2009","347.15","354.32","354.63","347.15","","-1.43%"
"Dec 16, 2009","352.17","348.03","359.31","348.02","","+2.62%"
"Dec 15, 2009","343.18","340.80","347.52","340.23","","+0.52%"
"Dec 14, 2009","341.39","351.01","351.57","338.74","","-1.65%"
"Dec 11, 2009","347.11","341.82","347.76","338.28","","+2.91%"
"Dec 10, 2009","337.29","339.67","348.99","336.35","","-1.35%"
"Dec 09, 2009","341.92","351.28","351.28","341.26","","-3.98%"
"Dec 08, 2009","356.10","356.92","357.37","353.46","","-1.61%"
"Dec 07, 2009","361.94","363.54","367.42","358.59","","+0.66%"
"Dec 04, 2009","359.56","353.85","360.66","351.91","","+2.79%"
"Dec 03, 2009","349.81","342.58","350.80","342.54","","+3.52%"
"Dec 02, 2009","337.92","336.54","341.66","332.86","","-0.14%"
"Dec 01, 2009","338.39","322.56","339.02","319.14","","+4.25%"
"Nov 30, 2009","324.60","312.79","325.52","312.67","","+5.31%"
"Nov 27, 2009","308.24","307.90","315.24","304.48","","-1.70%"
"Nov 26, 2009","313.58","308.41","319.05","307.09","","+1.08%"
"Nov 25, 2009","310.24","308.73","313.45","306.07","","-0.39%"
"Nov 24, 2009","311.45","319.35","321.29","308.55","","-1.59%"
"Nov 20, 2009","316.49","305.12","317.14","304.37","","+3.05%"
"Nov 19, 2009","307.12","315.33","315.33","303.19","","-3.53%"
"Nov 18, 2009","318.36","318.92","319.49","312.14","","-1.22%"
"Nov 17, 2009","322.28","326.80","327.69","321.54","","-0.98%"
"Nov 16, 2009","325.48","330.69","330.85","324.08","","-1.98%"
"Nov 13, 2009","332.07","331.27","332.98","328.52","","+0.60%"
"Nov 12, 2009","330.09","336.38","338.00","328.59","","-0.85%"
"Nov 11, 2009","332.91","334.29","339.59","332.21","","-0.29%"
"Nov 10, 2009","333.88","331.52","338.78","329.62","","+2.12%"
"Nov 09, 2009","326.96","328.36","329.70","325.73","","-1.27%"
"Nov 06, 2009","331.17","335.17","335.17","328.59","","-0.11%"
"Nov 05, 2009","331.53","334.48","337.40","325.92","","-0.94%"
"Nov 04, 2009","334.66","336.63","340.00","333.43","","-1.10%"
"Nov 02, 2009","338.38","342.92","342.92","335.86","","-2.71%"
"Oct 30, 2009","347.81","345.55","348.65","341.67","","+1.85%"
"Oct 29, 2009","341.49","336.02","345.30","335.48","","+0.19%"
"Oct 28, 2009","340.84","341.45","348.24","338.12","","-0.13%"
"Oct 27, 2009","341.29","345.83","350.62","338.56","","-2.24%"
"Oct 26, 2009","349.12","345.37","353.53","344.18","","+0.74%"
"Oct 23, 2009","346.55","354.93","356.89","344.52","","-1.80%"
"Oct 22, 2009","352.89","355.18","355.18","348.42","","-1.94%"
"Oct 21, 2009","359.87","354.31","362.59","351.93","","+0.68%"
"Oct 20, 2009","357.43","350.92","357.43","343.31","","+3.28%"
"Oct 19, 2009","346.08","331.56","347.21","331.47","","+2.84%"
"Oct 16, 2009","336.53","340.86","342.78","335.01","","-1.53%"
"Oct 15, 2009","341.75","348.61","353.06","340.90","","-0.69%"
"Oct 14, 2009","344.12","345.40","345.84","335.14","","-1.47%"
"Oct 13, 2009","349.25","350.66","351.88","344.63","","+0.38%"
"Oct 09, 2009","347.93","338.33","350.47","338.27","","+3.69%"
"Oct 08, 2009","335.56","338.18","338.41","332.60","","-0.31%"
"Oct 07, 2009","336.60","331.40","338.92","330.87","","+2.56%"
"Oct 06, 2009","328.19","323.00","332.34","322.84","","+3.04%"
"Oct 05, 2009","318.50","304.58","318.78","304.58","","+5.88%"
"Oct 02, 2009","300.81","300.36","304.60","295.55","","-1.45%"
"Oct 01, 2009","305.23","315.00","315.00","303.61","","-3.66%"
"Sep 30, 2009","316.84","325.19","325.39","314.93","","-1.25%"
"Sep 29, 2009","320.85","315.32","322.34","314.68","","+2.79%"
"Sep 28, 2009","312.15","321.94","321.98","305.94","","-4.51%"
"Sep 25, 2009","326.90","357.55","357.55","325.29","","-10.59%"
"Sep 24, 2009","365.61","373.89","375.16","361.96","","-1.18%"
"Sep 18, 2009","369.99","367.10","370.57","357.09","","-0.56%"
"Sep 17, 2009","372.09","376.74","377.19","365.75","","-0.19%"
"Sep 16, 2009","372.80","380.98","382.40","372.30","","-1.22%"
"Sep 15, 2009","377.42","380.15","384.35","375.81","","-0.52%"
"Sep 14, 2009","379.39","389.43","389.43","377.76","","-3.19%"
"Sep 11, 2009","391.89","398.82","399.54","388.60","","-1.44%"
"Sep 10, 2009","397.62","394.65","400.64","394.65","","+1.54%"
"Sep 09, 2009","391.58","394.84","395.95","389.51","","-1.84%"
"Sep 08, 2009","398.94","394.26","398.94","389.71","","+1.41%"
"Sep 07, 2009","393.39","392.61","394.61","387.73","","+1.34%"
"Sep 04, 2009","388.18","398.89","398.94","387.19","","-3.47%"
"Sep 03, 2009","402.15","408.79","409.48","401.91","","-2.29%"
"Sep 02, 2009","411.59","414.82","414.82","409.94","","-2.16%"
"Sep 01, 2009","420.69","419.36","423.13","416.70","","-0.17%"
"Aug 31, 2009","421.42","429.47","433.04","418.51","","-1.16%"
"Aug 28, 2009","426.36","423.23","426.36","421.62","","+1.45%"
"Aug 27, 2009","420.28","420.68","421.63","414.93","","-0.81%"
"Aug 26, 2009","423.70","420.77","424.64","418.69","","+1.19%"
"Aug 25, 2009","418.71","418.61","423.15","417.54","","-0.44%"
"Aug 24, 2009","420.55","420.84","422.49","418.18","","+1.41%"
"Aug 21, 2009","414.71","418.88","418.88","410.83","","-0.92%"
"Aug 20, 2009","418.58","413.58","418.75","411.85","","+2.07%"
"Aug 19, 2009","410.10","416.86","419.80","409.85","","-1.57%"
"Aug 18, 2009","416.64","410.54","417.48","407.53","","+0.09%"
"Aug 17, 2009","416.26","424.70","424.70","416.26","","-3.01%"
"Aug 14, 2009","429.20","426.20","431.10","425.75","","+1.26%"
"Aug 13, 2009","423.86","421.50","424.65","421.14","","+1.71%"
"Aug 12, 2009","416.75","417.90","418.68","415.31","","-1.52%"
"Aug 11, 2009","423.19","416.03","423.88","414.84","","+1.85%"
"Aug 10, 2009","415.52","407.46","416.04","407.46","","+3.41%"
"Aug 07, 2009","401.81","401.95","403.99","395.28","","+0.04%"
"Aug 06, 2009","401.65","402.92","406.12","399.72","","-0.37%"
"Aug 05, 2009","403.13","415.81","417.87","402.58","","-2.82%"
"Aug 04, 2009","414.83","427.12","428.50","411.10","","-1.62%"
"Aug 03, 2009","421.64","420.56","423.53","418.56","","+0.22%"
"Jul 31, 2009","420.71","416.03","420.71","412.64","","+2.44%"
"Jul 30, 2009","410.70","412.94","417.96","404.48","","+0.70%"
"Jul 29, 2009","407.84","407.59","408.29","403.72","","-1.12%"
"Jul 28, 2009","412.47","415.53","415.66","408.04","","-0.48%"
"Jul 27, 2009","414.47","406.36","416.71","406.18","","+3.33%"
"Jul 24, 2009","401.12","399.12","401.93","398.83","","+1.96%"
"Jul 23, 2009","393.40","393.20","399.28","391.89","","-0.22%"
"Jul 22, 2009","394.28","391.51","395.68","386.77","","+0.20%"
"Jul 21, 2009","393.48","383.14","393.48","383.04","","+4.13%"
"Jul 17, 2009","377.89","372.22","378.95","371.15","","+3.09%"
"Jul 16, 2009","366.55","369.68","379.40","365.86","","+0.57%"
"Jul 15, 2009","364.48","372.39","373.27","361.75","","-1.10%"
"Jul 14, 2009","368.52","353.42","370.21","353.39","","+5.78%"
"Jul 13, 2009","348.37","365.33","372.51","348.37","","-5.73%"
"Jul 10, 2009","369.55","375.26","376.86","368.39","","-0.76%"
"Jul 09, 2009","372.37","381.53","383.41","371.66","","-3.82%"
"Jul 08, 2009","387.14","402.15","402.21","387.14","","-5.03%"
"Jul 07, 2009","407.63","418.83","419.36","406.65","","-2.45%"
"Jul 06, 2009","417.85","417.01","422.51","416.66","","-0.58%"
"Jul 03, 2009","420.28","414.16","420.83","409.11","","+0.15%"
"Jul 02, 2009","419.64","421.81","423.35","418.07","","+0.39%"
"Jul 01, 2009","417.99","415.16","426.03","414.38","","-0.30%"
"Jun 30, 2009","419.23","418.64","422.68","417.32","","+1.42%"
"Jun 29, 2009","413.37","432.05","433.39","411.81","","-5.28%"
"Jun 26, 2009","436.42","434.90","438.91","430.96","","+1.68%"
"Jun 25, 2009","429.22","414.16","431.79","409.63","","+4.80%"
"Jun 24, 2009","409.58","415.33","415.99","405.73","","-0.15%"
"Jun 23, 2009","410.21","425.51","425.52","408.24","","-4.89%"
"Jun 22, 2009","431.28","426.81","434.93","424.95","","+1.94%"
"Jun 19, 2009","423.08","422.98","433.22","420.59","","+1.19%"
"Jun 18, 2009","418.12","426.82","426.97","414.88","","-2.92%"
"Jun 17, 2009","430.68","425.29","440.88","423.83","","+0.57%"
"Jun 16, 2009","428.26","458.55","458.69","424.92","","-7.80%"
"Jun 15, 2009","464.50","471.83","481.34","463.47","","-0.98%"
"Jun 12, 2009","469.12","454.16","471.95","454.16","","+4.51%"
"Jun 11, 2009","448.88","440.72","449.87","437.86","","+2.39%"
"Jun 10, 2009","438.42","417.82","440.45","417.82","","+5.99%"
"Jun 09, 2009","413.65","419.67","426.07","413.10","","-1.25%"
"Jun 08, 2009","418.90","410.08","420.39","410.05","","+3.49%"
"Jun 05, 2009","404.78","407.60","413.47","400.84","","+0.64%"
"Jun 04, 2009","402.19","388.98","407.35","388.10","","+2.83%"
"Jun 03, 2009","391.11","389.88","393.75","387.48","","+0.60%"
"Jun 02, 2009","388.78","393.81","399.31","388.78","","-0.22%"
"Jun 01, 2009","389.65","376.95","390.74","376.09","","+3.57%"
"May 29, 2009","376.22","379.77","379.81","372.72","","-0.01%"
"May 28, 2009","376.26","374.74","380.34","374.61","","-1.05%"
"May 27, 2009","380.24","372.43","381.89","372.21","","+3.62%"
"May 26, 2009","366.95","370.02","373.34","366.04","","+0.30%"
"May 25, 2009","365.84","361.03","367.87","360.22","","+0.71%"
"May 22, 2009","363.26","354.01","363.78","350.15","","+1.38%"
"May 21, 2009","358.32","359.22","359.58","354.01","","-1.35%"
"May 20, 2009","363.24","362.86","363.82","357.03","","+0.98%"
"May 19, 2009","359.71","353.26","365.68","353.24","","+3.50%"
"May 18, 2009","347.56","358.32","358.34","347.56","","-4.43%"
"May 15, 2009","363.66","351.41","365.29","351.00","","+5.16%"
"May 14, 2009","345.81","359.82","359.88","345.29","","-5.38%"
"May 13, 2009","365.46","363.72","370.10","360.11","","+0.29%"
"May 12, 2009","364.39","373.76","374.00","364.39","","-3.97%"
"May 11, 2009","379.47","372.80","385.21","372.28","","+3.20%"
"May 08, 2009","367.70","345.52","369.10","343.85","","+5.68%"
"May 07, 2009","347.93","325.65","348.59","325.65","","+8.76%"
"May 01, 2009","319.91","316.87","320.89","313.08","","+2.20%"
"Apr 30, 2009","313.03","308.12","316.56","308.12","","+3.11%"
"Apr 28, 2009","303.58","311.85","316.40","303.29","","-3.85%"
"Apr 27, 2009","315.74","323.25","325.27","313.41","","-0.93%"
"Apr 24, 2009","318.72","320.44","327.43","316.18","","-0.15%"
"Apr 23, 2009","319.20","312.25","320.27","305.09","","+1.44%"
"Apr 22, 2009","314.68","312.37","318.63","312.24","","+2.19%"
"Apr 21, 2009","307.95","314.54","314.54","303.47","","-3.83%"
"Apr 20, 2009","320.20","325.30","325.41","314.31","","-1.13%"
"Apr 17, 2009","323.86","316.17","325.07","312.61","","+3.93%"
"Apr 16, 2009","311.60","324.68","328.61","310.60","","-2.30%"
"Apr 15, 2009","318.95","336.63","336.63","315.74","","-6.72%"
"Apr 14, 2009","341.92","340.08","344.25","331.59","","+2.21%"
"Apr 13, 2009","334.54","328.47","339.56","322.07","","+0.49%"
"Apr 10, 2009","332.92","328.54","336.50","325.32","","+3.13%"
"Apr 09, 2009","322.83","306.40","323.58","306.30","","+6.72%"
"Apr 08, 2009","302.51","306.35","306.93","299.55","","-2.98%"
"Apr 07, 2009","311.79","308.47","313.62","306.74","","+0.25%"
"Apr 06, 2009","311.00","318.77","321.77","308.74","","-0.76%"
"Apr 03, 2009","313.37","310.68","322.99","310.65","","+2.71%"
"Apr 02, 2009","305.09","283.46","305.42","283.46","","+9.50%"
"Apr 01, 2009","278.61","269.52","280.26","269.46","","+4.61%"
"Mar 31, 2009","266.34","274.94","283.10","265.55","","-4.42%"
"Mar 30, 2009","278.66","292.70","295.32","278.66","","-4.93%"
"Mar 27, 2009","293.11","298.90","304.61","293.06","","-0.37%"
"Mar 26, 2009","294.20","285.89","295.86","285.13","","+3.70%"
"Mar 25, 2009","283.70","289.59","289.80","279.35","","-2.14%"
"Mar 24, 2009","289.90","286.46","291.80","286.46","","+2.98%"
"Mar 23, 2009","281.52","263.74","281.52","261.66","","+7.36%"
"Mar 19, 2009","262.22","267.05","267.09","260.54","","-1.26%"
"Mar 18, 2009","265.56","267.09","271.29","259.32","","+1.15%"
"Mar 17, 2009","262.55","251.91","264.54","250.10","","+5.44%"
"Mar 16, 2009","249.00","242.45","251.87","241.71","","+3.73%"
"Mar 13, 2009","240.04","231.46","240.64","231.46","","+4.96%"
"Mar 12, 2009","228.70","233.87","233.87","225.67","","-2.99%"
"Mar 11, 2009","235.75","223.39","235.75","223.33","","+7.11%"
"Mar 10, 2009","220.10","217.35","221.01","213.86","","+0.88%"
"Mar 09, 2009","218.17","221.59","223.46","217.15","","-1.38%"
"Mar 06, 2009","221.22","225.15","225.20","219.75","","-2.95%"
"Mar 05, 2009","227.94","230.99","236.68","227.51","","-0.13%"
"Mar 04, 2009","228.23","229.97","230.24","223.42","","-1.29%"
"Mar 03, 2009","231.22","223.50","232.16","218.51","","+1.96%"
"Mar 02, 2009","226.78","222.10","229.06","222.04","","+0.69%"
"Feb 27, 2009","225.23","223.98","226.99","220.56","","-0.19%"
"Feb 26, 2009","225.67","230.05","231.66","223.76","","-1.48%"
"Feb 25, 2009","229.05","232.91","236.10","224.95","","-0.34%"
"Feb 24, 2009","229.82","242.67","242.67","227.50","","-6.51%"
"Feb 23, 2009","245.82","240.85","247.08","232.84","","+1.31%"
"Feb 20, 2009","242.64","245.83","248.51","240.50","","-0.85%"
"Feb 19, 2009","244.72","242.12","247.28","241.10","","+2.12%"
"Feb 18, 2009","239.63","246.91","247.14","238.69","","-4.21%"
"Feb 17, 2009","250.16","257.51","257.55","249.01","","-3.60%"
"Feb 16, 2009","259.51","255.85","264.03","254.82","","+0.38%"
"Feb 13, 2009","258.54","261.70","263.95","256.54","","-1.14%"
"Feb 12, 2009","261.52","272.52","272.74","259.64","","-5.61%"
"Feb 10, 2009","277.06","272.43","279.20","272.38","","+2.95%"
"Feb 09, 2009","269.12","293.34","293.41","267.44","","-8.49%"
"Feb 06, 2009","294.10","296.69","299.71","291.81","","+0.67%"
"Feb 05, 2009","292.13","292.19","299.67","290.45","","-0.14%"
"Feb 04, 2009","292.53","291.21","294.12","289.25","","+1.70%"
"Feb 03, 2009","287.65","293.79","301.14","287.36","","-2.39%"
"Feb 02, 2009","294.69","303.24","303.24","293.27","","-4.29%"
"Jan 30, 2009","307.90","313.19","313.19","306.20","","-3.44%"
"Jan 29, 2009","318.87","319.60","330.28","316.82","","+1.20%"
"Jan 28, 2009","315.09","309.65","318.19","305.41","","+0.31%"
"Jan 27, 2009","314.11","303.24","314.95","301.32","","+5.09%"
"Jan 26, 2009","298.91","302.62","310.37","297.92","","-1.03%"
"Jan 23, 2009","302.02","314.10","314.92","301.79","","-4.98%"
"Jan 22, 2009","317.85","307.79","318.15","307.57","","+4.84%"
"Jan 21, 2009","303.19","306.17","309.35","299.32","","-2.45%"
"Jan 20, 2009","310.80","319.30","320.49","307.11","","-3.04%"
"Jan 19, 2009","320.55","326.26","329.28","319.98","","-0.56%"
"Jan 16, 2009","322.36","322.68","323.38","318.88","","+1.21%"
"Jan 15, 2009","318.51","327.11","327.11","317.63","","-4.05%"
"Jan 14, 2009","331.95","329.73","337.63","328.20","","+1.66%"
"Jan 13, 2009","326.52","348.27","348.28","326.37","","-7.71%"
"Jan 09, 2009","353.79","352.62","356.57","350.48","","+1.35%"
"Jan 08, 2009","349.08","362.65","362.78","348.33","","-5.19%"
"Jan 07, 2009","368.18","361.52","373.85","359.39","","+1.97%"
"Jan 06, 2009","361.06","364.87","368.70","358.93","","-1.81%"
"Jan 05, 2009","367.73","359.91","372.61","359.90","","+3.82%"
"Dec 30, 2008","354.19","353.99","355.87","352.50","","-0.58%"
"Dec 29, 2008","356.27","353.58","356.79","349.17","","+0.18%"
"Dec 26, 2008","355.62","352.78","355.69","348.47","","+1.87%"
"Dec 25, 2008","349.09","348.43","353.67","344.80","","+0.50%"
"Dec 24, 2008","347.36","357.59","360.98","347.04","","-3.86%"
"Dec 22, 2008","361.30","344.30","362.74","343.84","","+5.37%"
"Dec 19, 2008","342.89","332.65","352.52","331.39","","+4.05%"
"Dec 18, 2008","329.53","318.47","334.98","316.20","","+2.97%"
"Dec 17, 2008","320.02","326.74","333.69","309.09","","-0.61%"
"Dec 16, 2008","321.97","331.32","331.32","321.89","","-3.91%"
"Dec 15, 2008","335.06","326.79","340.30","326.41","","+2.46%"
"Dec 12, 2008","327.00","344.33","344.47","320.40","","-6.56%"
"Dec 11, 2008","349.97","340.83","352.66","337.40","","+2.81%"
"Dec 10, 2008","340.39","340.05","342.68","327.62","","-0.98%"
"Dec 09, 2008","343.76","320.05","343.76","320.04","","+8.91%"
"Dec 08, 2008","315.63","307.09","316.99","302.30","","+2.60%"
"Dec 05, 2008","307.62","300.28","312.34","296.01","","+3.41%"
"Dec 04, 2008","297.47","315.04","315.81","296.63","","-4.36%"
"Dec 03, 2008","311.03","312.69","316.66","308.02","","+1.02%"
"Dec 02, 2008","307.89","331.50","331.56","306.43","","-8.48%"
"Dec 01, 2008","336.42","339.75","340.18","332.71","","-1.12%"
"Nov 28, 2008","340.23","336.17","342.07","330.50","","+2.09%"
"Nov 27, 2008","333.28","321.06","338.41","321.01","","+5.35%"
"Nov 26, 2008","316.36","330.30","330.30","316.29","","-5.39%"
"Nov 25, 2008","334.39","318.63","339.10","318.57","","+6.62%"
"Nov 21, 2008","313.64","303.43","316.89","285.80","","+1.71%"
"Nov 20, 2008","308.36","338.46","338.46","303.41","","-10.17%"
"Nov 19, 2008","343.26","353.79","357.99","337.10","","-2.05%"
"Nov 18, 2008","350.45","369.49","369.49","350.24","","-6.26%"
"Nov 17, 2008","373.85","379.42","389.74","363.29","","-2.93%"
"Nov 14, 2008","385.14","392.91","406.44","380.31","","-0.50%"
"Nov 13, 2008","387.08","405.92","405.92","380.81","","-5.93%"
"Nov 12, 2008","411.50","420.70","420.75","407.33","","-3.39%"
"Nov 11, 2008","425.95","428.85","439.92","422.86","","-1.52%"
"Nov 10, 2008","432.52","421.67","444.28","421.66","","+3.97%"
"Nov 07, 2008","416.02","417.77","429.55","395.19","","-1.77%"
"Nov 06, 2008","423.52","452.30","452.30","415.34","","-8.05%"
"Nov 05, 2008","460.60","421.42","460.60","421.41","","+10.79%"
"Nov 04, 2008","415.73","403.83","421.74","403.79","","+4.38%"
"Oct 31, 2008","398.28","407.96","418.03","396.67","","-3.45%"
"Oct 30, 2008","412.50","369.71","412.50","369.71","","+12.67%"
"Oct 29, 2008","366.11","381.64","401.04","348.23","","-2.84%"
"Oct 28, 2008","376.82","378.04","389.17","351.95","","-1.33%"
"Oct 27, 2008","381.91","428.62","440.00","380.21","","-12.51%"
"Oct 24, 2008","436.50","481.30","481.55","431.87","","-10.71%"
"Oct 23, 2008","488.87","496.73","496.77","468.73","","-3.16%"
"Oct 22, 2008","504.81","541.16","541.16","504.69","","-8.07%"
"Oct 21, 2008","549.13","529.20","549.93","529.19","","+5.39%"
"Oct 20, 2008","521.06","519.56","524.25","510.78","","+1.75%"
"Oct 17, 2008","512.12","501.85","517.40","501.85","","+3.77%"
"Oct 16, 2008","493.50","555.19","555.19","491.85","","-12.41%"
"Oct 15, 2008","563.45","556.23","570.52","543.39","","-0.12%"
"Oct 14, 2008","564.10","491.89","564.19","491.89","","+16.62%"
"Oct 10, 2008","483.70","488.82","503.40","452.32","","-2.68%"
"Oct 09, 2008","497.03","481.94","517.02","476.79","","+4.11%"
"Oct 08, 2008","477.39","502.80","502.80","473.18","","-6.57%"
"Oct 07, 2008","510.98","506.60","525.22","477.69","","-0.77%"
"Oct 06, 2008","514.94","549.23","551.54","508.84","","-7.43%"
"Oct 03, 2008","556.26","561.88","568.35","548.67","","-0.41%"
"Oct 02, 2008","558.53","584.11","588.39","552.20","","-3.76%"
"Oct 01, 2008","580.38","564.59","582.24","564.50","","+4.29%"
"Sep 30, 2008","556.48","584.28","584.28","542.59","","-6.13%"
"Sep 29, 2008","592.79","606.80","614.67","592.76","","-2.21%"
"Sep 26, 2008","606.21","611.84","619.59","594.73","","-0.65%"
"Sep 25, 2008","610.17","613.64","618.20","604.42","","-2.13%"
"Sep 24, 2008","623.42","605.67","629.15","602.12","","+3.29%"
"Sep 22, 2008","603.59","569.03","606.54","569.03","","+7.65%"
"Sep 19, 2008","560.70","520.33","560.91","520.29","","+9.50%"
"Sep 18, 2008","512.06","534.43","534.43","503.62","","-5.66%"
"Sep 17, 2008","542.76","563.60","572.91","540.06","","-2.29%"
"Sep 16, 2008","555.47","598.99","598.99","542.72","","-8.56%"
"Sep 12, 2008","607.44","607.15","609.28","588.62","","+0.83%"
"Sep 11, 2008","602.41","623.77","623.77","600.72","","-5.03%"
"Sep 10, 2008","634.34","610.53","640.23","602.38","","+2.48%"
"Sep 09, 2008","618.98","619.71","620.77","612.88","","-1.81%"
"Sep 08, 2008","630.39","584.15","636.91","584.15","","+9.50%"
"Sep 05, 2008","575.72","585.24","585.25","573.67","","-3.01%"
"Sep 04, 2008","593.59","605.65","606.84","592.78","","-2.33%"
"Sep 03, 2008","607.72","616.88","618.96","603.36","","-0.16%"
"Sep 02, 2008","608.70","608.82","629.50","604.98","","+0.45%"
"Sep 01, 2008","605.97","615.78","615.79","604.94","","-2.89%"
"Aug 29, 2008","624.01","607.97","624.01","607.97","","+3.97%"
"Aug 28, 2008","600.19","604.85","606.91","598.84","","-0.34%"
"Aug 27, 2008","602.21","603.13","606.91","598.35","","-0.62%"
"Aug 26, 2008","605.95","608.41","608.41","597.92","","-1.75%"
"Aug 25, 2008","616.73","607.97","622.55","607.92","","+2.84%"
"Aug 22, 2008","599.67","607.56","607.93","598.29","","-2.02%"
"Aug 21, 2008","612.01","626.01","626.01","610.51","","-1.85%"
"Aug 20, 2008","623.56","623.10","627.55","618.21","","-1.04%"
"Aug 19, 2008","630.12","637.42","637.51","626.32","","-2.52%"
"Aug 18, 2008","646.42","634.68","652.02","630.83","","+1.29%"
"Aug 15, 2008","638.17","631.69","639.06","630.84","","+1.93%"
"Aug 14, 2008","626.08","630.92","637.86","625.58","","-1.85%"
"Aug 13, 2008","637.88","655.79","655.98","637.78","","-4.26%"
"Aug 12, 2008","666.25","668.75","675.96","658.95","","-0.15%"
"Aug 11, 2008","667.26","659.92","670.75","659.37","","+2.03%"
"Aug 08, 2008","653.96","650.22","664.54","641.96","","-0.34%"
"Aug 07, 2008","656.22","670.52","670.52","649.55","","-2.13%"
"Aug 06, 2008","670.47","644.35","675.79","644.35","","+5.44%"
"Aug 05, 2008","635.89","638.66","645.26","633.43","","+0.16%"
"Aug 04, 2008","634.85","646.81","649.32","634.10","","-2.07%"
"Aug 01, 2008","648.29","664.83","665.05","644.77","","-3.99%"
"Jul 31, 2008","675.25","683.49","684.92","658.74","","-1.39%"
"Jul 30, 2008","684.74","675.08","685.60","669.90","","+3.08%"
"Jul 29, 2008","664.25","670.62","670.69","649.96","","-2.57%"
"Jul 28, 2008","681.74","688.99","696.78","680.44","","-0.69%"
"Jul 25, 2008","686.48","707.90","708.01","680.46","","-4.72%"
"Jul 24, 2008","720.46","704.38","720.46","700.62","","+3.78%"
"Jul 23, 2008","694.19","682.92","700.76","682.92","","+2.81%"
"Jul 22, 2008","675.24","662.40","675.24","655.20","","+3.54%"
"Jul 18, 2008","652.13","662.26","672.41","651.12","","+0.04%"
"Jul 17, 2008","651.85","629.35","657.12","629.30","","+4.95%"
"Jul 16, 2008","621.10","620.38","628.14","616.83","","+0.10%"
"Jul 15, 2008","620.47","638.12","638.20","619.20","","-4.28%"
"Jul 14, 2008","648.18","642.67","666.29","641.89","","+0.36%"
"Jul 11, 2008","645.83","645.96","654.28","632.34","","-0.50%"
"Jul 10, 2008","649.05","641.00","650.92","639.81","","+0.47%"
"Jul 09, 2008","646.03","652.48","661.97","643.74","","+0.71%"
"Jul 08, 2008","641.50","661.96","661.99","639.83","","-4.50%"
"Jul 07, 2008","671.76","650.35","671.84","645.42","","+2.58%"
"Jul 04, 2008","654.85","658.52","661.49","640.92","","-0.92%"
"Jul 03, 2008","660.92","646.87","663.51","638.11","","+0.75%"
"Jul 02, 2008","656.02","679.24","679.24","648.26","","-2.27%"
"Jul 01, 2008","671.29","672.55","683.22","670.28","","-0.47%"
"Jun 30, 2008","674.46","692.65","692.65","670.98","","-1.44%"
"Jun 27, 2008","684.29","690.56","690.61","679.02","","-2.71%"
"Jun 26, 2008","703.36","698.22","715.67","694.77","","-0.43%"
"Jun 25, 2008","706.42","702.03","709.69","690.70","","-0.45%"
"Jun 24, 2008","709.58","696.41","710.51","695.06","","+1.07%"
"Jun 23, 2008","702.07","703.85","709.36","696.43","","-1.81%"
"Jun 20, 2008","714.99","725.87","729.66","714.15","","-1.55%"
"Jun 19, 2008","726.21","744.18","744.32","722.15","","-4.00%"
"Jun 18, 2008","756.46","751.39","757.69","751.04","","-0.60%"
"Jun 17, 2008","761.05","759.71","765.10","751.28","","-0.22%"
"Jun 16, 2008","762.75","749.68","762.75","741.05","","+2.71%"
"Jun 13, 2008","742.60","738.76","745.14","726.43","","+1.67%"
"Jun 12, 2008","730.40","738.83","738.83","727.13","","-2.43%"
"Jun 11, 2008","748.59","760.04","761.88","740.23","","-0.70%"
"Jun 10, 2008","753.86","776.11","776.52","753.08","","-2.29%"
"Jun 09, 2008","771.56","793.16","793.16","769.30","","-4.29%"
"Jun 06, 2008","806.13","805.57","820.43","805.55","","+1.69%"
"Jun 05, 2008","792.74","791.71","794.11","781.59","","-0.45%"
"Jun 04, 2008","796.36","796.43","798.33","787.82","","+0.64%"
"Jun 03, 2008","791.32","786.65","798.29","784.91","","-1.01%"
"Jun 02, 2008","799.40","773.55","800.79","767.29","","+4.97%"
"May 30, 2008","761.56","757.71","766.80","757.46","","+1.47%"
"May 29, 2008","750.55","732.56","753.28","732.36","","+3.48%"
"May 28, 2008","725.30","736.01","744.72","722.93","","-1.86%"
"May 27, 2008","739.02","721.79","742.44","721.79","","+2.96%"
"May 26, 2008","717.75","731.00","731.25","717.75","","-3.50%"
"May 23, 2008","743.75","740.29","755.13","731.07","","-0.12%"
"May 22, 2008","744.62","718.48","744.62","710.30","","+2.07%"
"May 21, 2008","729.52","744.61","744.61","723.17","","-3.66%"
"May 20, 2008","757.21","766.63","769.15","753.48","","-2.00%"
"May 19, 2008","772.65","772.16","779.01","765.83","","-0.14%"
"May 16, 2008","773.76","775.93","786.17","768.74","","+1.40%"
"May 15, 2008","763.11","754.53","773.90","747.76","","+2.54%"
"May 14, 2008","744.21","746.72","747.40","725.85","","-1.15%"
"May 13, 2008","752.88","747.32","755.30","740.48","","+2.23%"
"May 12, 2008","736.44","734.63","741.74","721.95","","-1.48%"
"May 09, 2008","747.54","775.92","777.84","745.70","","-2.49%"
"May 08, 2008","766.60","774.69","775.53","764.51","","-2.66%"
"May 07, 2008","787.57","777.93","795.28","777.50","","+3.22%"
"May 02, 2008","763.01","750.37","767.68","750.37","","+3.47%"
"May 01, 2008","737.43","744.81","756.42","728.96","","-1.91%"
"Apr 30, 2008","751.81","729.13","767.42","729.13","","+4.07%"
"Apr 28, 2008","722.44","695.93","734.26","695.92","","+5.38%"
"Apr 25, 2008","685.56","666.04","691.75","665.50","","+3.55%"
"Apr 24, 2008","662.03","668.38","672.98","660.24","","-0.48%"
"Apr 23, 2008","665.21","660.69","671.36","646.16","","-0.89%"
"Apr 22, 2008","671.17","685.15","685.28","669.20","","-3.56%"
"Apr 21, 2008","695.97","683.35","698.81","683.35","","+3.51%"
"Apr 18, 2008","672.34","667.09","672.47","654.00","","+0.80%"
"Apr 17, 2008","667.03","657.73","672.95","657.65","","+3.13%"
"Apr 16, 2008","646.81","640.34","655.60","640.21","","+2.65%"
"Apr 15, 2008","630.12","615.30","634.08","611.57","","+2.31%"
"Apr 14, 2008","615.90","632.03","632.03","612.17","","-4.22%"
"Apr 11, 2008","643.02","628.02","643.51","626.09","","+1.54%"
"Apr 10, 2008","633.24","635.38","647.97","630.10","","-1.46%"
"Apr 09, 2008","642.60","651.52","659.67","631.81","","-2.65%"
"Apr 08, 2008","660.09","683.29","683.85","654.56","","-4.71%"
"Apr 07, 2008","692.69","685.36","696.12","671.11","","+0.02%"
"Apr 04, 2008","692.54","694.94","704.68","690.68","","-1.05%"
"Apr 03, 2008","699.89","677.98","699.98","672.08","","+3.59%"
"Apr 02, 2008","675.62","627.60","678.23","627.60","","+9.13%"
"Apr 01, 2008","619.11","628.84","632.43","617.04","","-0.68%"
"Mar 31, 2008","623.32","636.11","642.48","619.75","","-3.64%"
"Mar 28, 2008","646.89","636.96","653.82","622.60","","+1.03%"
"Mar 27, 2008","640.31","648.61","651.08","637.85","","-2.82%"
"Mar 26, 2008","658.92","663.09","667.04","648.58","","-2.29%"
"Mar 25, 2008","674.36","674.93","679.62","660.81","","+1.34%"
"Mar 24, 2008","665.44","661.01","669.54","656.75","","+0.48%"
"Mar 21, 2008","662.28","654.50","664.89","647.84","","+2.29%"
"Mar 19, 2008","647.45","610.20","648.65","610.20","","+7.57%"
"Mar 18, 2008","601.87","598.25","607.59","591.87","","+0.30%"
"Mar 17, 2008","600.05","617.98","617.98","595.61","","-4.21%"
"Mar 14, 2008","626.45","645.65","645.65","616.00","","-2.93%"
"Mar 13, 2008","645.35","666.89","667.66","635.84","","-4.08%"
"Mar 12, 2008","672.77","648.59","692.35","648.57","","+5.14%"
"Mar 11, 2008","639.88","630.56","641.00","621.91","","-0.26%"
"Mar 10, 2008","641.57","654.07","654.91","639.73","","-2.18%"
"Mar 07, 2008","655.87","677.80","677.95","653.89","","-4.80%"
"Mar 06, 2008","688.97","680.77","699.77","679.06","","+1.83%"
"Mar 05, 2008","676.60","679.61","686.38","673.56","","-0.74%"
"Mar 04, 2008","681.64","697.61","697.80","677.39","","-1.47%"
"Mar 03, 2008","691.78","705.71","705.71","680.27","","-3.51%"
"Feb 29, 2008","716.92","734.42","734.46","712.98","","-3.94%"
"Feb 28, 2008","746.35","741.90","750.73","739.33","","-1.02%"
"Feb 27, 2008","754.06","761.87","765.08","745.99","","+0.58%"
"Feb 26, 2008","749.68","741.23","762.70","741.08","","+2.64%"
"Feb 25, 2008","730.37","710.95","733.90","710.95","","+3.07%"
"Feb 22, 2008","708.61","707.11","719.02","701.51","","-1.28%"
"Feb 21, 2008","717.81","707.56","726.83","707.56","","+3.04%"
"Feb 20, 2008","696.65","716.04","731.74","695.16","","-2.94%"
"Feb 19, 2008","717.78","713.53","724.23","712.77","","+2.08%"
"Feb 18, 2008","703.12","697.90","707.57","692.55","","+0.48%"
"Feb 15, 2008","699.79","678.10","708.29","674.40","","+2.36%"
"Feb 14, 2008","683.66","667.66","686.83","667.65","","+4.15%"
"Feb 13, 2008","656.41","660.02","669.41","655.92","","+1.20%"
"Feb 12, 2008","648.61","649.91","655.64","640.60","","-1.15%"
"Feb 08, 2008","656.15","669.91","678.30","651.37","","-1.71%"
"Feb 07, 2008","667.59","664.04","672.21","646.14","","+0.27%"
"Feb 06, 2008","665.76","688.88","688.88","664.77","","-4.92%"
"Feb 05, 2008","700.21","697.80","703.86","688.69","","-0.82%"
"Feb 04, 2008","706.03","687.54","712.51","687.48","","+4.34%"
"Feb 01, 2008","676.69","677.27","700.44","671.09","","-1.11%"
"Jan 31, 2008","684.27","675.04","686.15","656.07","","-0.14%"
"Jan 30, 2008","685.25","691.94","698.64","681.34","","+0.46%"
"Jan 29, 2008","682.09","678.72","695.77","671.47","","+2.15%"
"Jan 28, 2008","667.72","686.96","688.39","660.28","","-4.07%"
"Jan 25, 2008","696.02","665.26","697.67","664.68","","+6.39%"
"Jan 24, 2008","654.19","628.76","658.05","628.76","","+5.46%"
"Jan 23, 2008","620.32","607.99","632.60","607.99","","+3.47%"
"Jan 22, 2008","599.52","629.07","629.09","598.91","","-6.02%"
"Jan 21, 2008","637.94","656.41","656.41","636.51","","-4.36%"
"Jan 18, 2008","667.04","642.27","671.60","628.80","","+2.44%"
"Jan 17, 2008","651.14","665.50","666.18","644.84","","-1.88%"
"Jan 16, 2008","663.59","672.89","675.08","655.24","","-2.97%"
"Jan 15, 2008","683.91","698.83","699.84","680.27","","-2.38%"
"Jan 11, 2008","700.60","724.73","724.81","695.51","","-3.39%"
"Jan 10, 2008","725.19","740.73","740.73","724.24","","-2.99%"
"Jan 09, 2008","747.54","735.85","750.77","729.20","","+0.29%"
"Jan 08, 2008","745.36","745.49","746.57","738.06","","+0.09%"
"Jan 07, 2008","744.71","746.19","752.85","738.83","","-1.42%"
"Jan 04, 2008","755.42","778.24","778.26","747.10","","-4.38%"
"Dec 28, 2007","790.03","787.07","790.03","785.40","","-0.68%"
"Dec 27, 2007","795.47","801.13","802.63","793.47","","-1.08%"
"Dec 26, 2007","804.16","800.90","805.93","798.60","","+1.14%"
"Dec 25, 2007","795.12","790.78","798.65","790.78","","+1.83%"
"Dec 21, 2007","780.80","779.01","783.99","774.64","","+0.19%"
"Dec 20, 2007","779.32","782.42","784.88","777.18","","+0.15%"
"Dec 19, 2007","778.14","776.30","787.62","776.30","","-1.10%"
"Dec 18, 2007","786.78","777.73","790.64","773.71","","-0.09%"
"Dec 17, 2007","787.49","793.79","799.60","786.13","","-1.01%"
"Dec 14, 2007","795.51","810.52","817.80","789.23","","-1.61%"
"Dec 13, 2007","808.49","828.43","829.10","804.28","","-3.67%"
"Dec 12, 2007","839.25","839.07","839.68","827.08","","-1.60%"
"Dec 11, 2007","852.93","855.29","861.90","851.66","","-0.03%"
"Dec 10, 2007","853.20","855.43","859.04","846.84","","-0.37%"
"Dec 07, 2007","856.36","866.11","870.15","851.80","","-0.69%"
"Dec 06, 2007","862.34","855.55","865.58","851.18","","+2.31%"
"Dec 05, 2007","842.88","836.15","846.73","828.01","","+0.22%"
"Dec 04, 2007","841.04","847.66","853.70","841.04","","-0.79%"
"Dec 03, 2007","847.73","845.37","852.19","843.37","","+1.45%"
"Nov 30, 2007","835.61","828.66","835.63","824.20","","+0.08%"
"Nov 29, 2007","834.94","811.27","839.67","811.27","","+4.50%"
"Nov 28, 2007","799.00","810.59","811.82","796.83","","-1.13%"
"Nov 27, 2007","808.16","783.48","816.55","773.39","","+1.59%"
"Nov 26, 2007","795.53","769.31","804.69","768.75","","+4.26%"
"Nov 22, 2007","763.02","754.28","768.92","751.69","","-0.14%"
"Nov 21, 2007","764.07","772.69","776.81","755.35","","-2.46%"
"Nov 20, 2007","783.37","759.22","784.27","742.83","","+1.77%"
"Nov 19, 2007","769.76","773.57","783.40","767.25","","-0.59%"
"Nov 16, 2007","774.31","790.10","790.10","766.83","","-3.45%"
"Nov 15, 2007","801.96","815.13","820.31","801.55","","-0.29%"
"Nov 14, 2007","804.31","775.45","810.86","775.45","","+5.26%"
"Nov 13, 2007","764.11","763.97","783.98","756.98","","+0.42%"
"Nov 12, 2007","760.91","757.79","764.32","747.78","","-1.08%"
"Nov 09, 2007","769.20","786.93","791.92","768.42","","-1.89%"
"Nov 08, 2007","784.04","795.31","795.51","775.91","","-3.10%"
"Nov 07, 2007","809.09","829.05","829.05","806.90","","-1.28%"
"Nov 06, 2007","819.54","808.13","836.07","808.13","","+0.23%"
"Nov 05, 2007","817.69","821.16","829.60","814.36","","-1.47%"
"Nov 02, 2007","829.86","850.26","850.26","829.56","","-4.19%"
"Nov 01, 2007","866.17","866.33","873.77","864.91","","+1.01%"
"Oct 31, 2007","857.50","839.83","858.52","828.29","","+1.37%"
"Oct 30, 2007","845.94","842.16","853.06","833.90","","+0.18%"
"Oct 29, 2007","844.38","825.84","854.73","825.12","","+3.59%"
"Oct 26, 2007","815.08","797.04","820.11","795.18","","+3.56%"
"Oct 25, 2007","787.09","792.35","796.79","782.47","","-1.60%"
"Oct 24, 2007","799.87","803.77","806.56","794.98","","-1.03%"
"Oct 23, 2007","808.21","809.52","812.67","801.68","","-0.28%"
"Oct 22, 2007","810.44","818.31","818.32","795.61","","-2.44%"
"Oct 19, 2007","830.70","836.16","836.16","822.49","","-1.64%"
"Oct 18, 2007","844.55","837.04","849.12","836.71","","+1.49%"
"Oct 17, 2007","832.17","860.56","860.56","823.41","","-4.39%"
"Oct 16, 2007","870.36","868.08","879.16","855.34","","-1.34%"
"Oct 15, 2007","882.22","892.21","895.03","878.73","","-0.39%"
"Oct 12, 2007","885.70","896.85","899.59","880.33","","-1.62%"
"Oct 11, 2007","900.32","887.47","906.30","875.29","","+0.47%"
"Oct 10, 2007","896.10","911.54","911.68","889.26","","-0.42%"
"Oct 09, 2007","899.88","891.87","908.23","891.87","","+1.44%"
"Oct 05, 2007","887.11","877.94","892.88","873.42","","+0.77%"
"Oct 04, 2007","880.29","869.23","885.96","869.05","","+0.49%"
"Oct 03, 2007","875.96","843.90","879.15","843.67","","+5.64%"
"Oct 02, 2007","829.16","812.95","834.20","812.68","","+3.59%"
"Oct 01, 2007","800.44","805.25","820.66","785.23","","-0.80%"
"Sep 28, 2007","806.86","822.39","823.55","798.47","","-1.62%"
"Sep 27, 2007","820.13","780.35","833.55","780.35","","+6.69%"
"Sep 26, 2007","768.71","755.99","775.09","755.43","","+2.07%"
"Sep 25, 2007","753.12","732.46","759.58","731.17","","+1.40%"
"Sep 21, 2007","742.73","753.11","755.89","735.37","","-2.65%"
"Sep 20, 2007","762.96","783.09","783.90","756.14","","-2.35%"
"Sep 19, 2007","781.33","743.53","784.96","743.53","","+6.47%"
"Sep 18, 2007","733.84","763.71","763.71","729.77","","-5.31%"
"Sep 14, 2007","775.00","766.90","776.86","762.38","","+1.83%"
"Sep 13, 2007","761.09","774.02","774.72","760.53","","-1.02%"
"Sep 12, 2007","768.92","778.29","787.33","763.71","","-1.03%"
"Sep 11, 2007","776.91","769.10","783.09","757.45","","+1.49%"
"Sep 10, 2007","765.54","776.78","777.15","757.68","","-2.97%"
"Sep 07, 2007","788.98","792.94","797.67","785.82","","-0.66%"
"Sep 06, 2007","794.22","799.68","799.68","779.37","","-2.04%"
"Sep 05, 2007","810.76","841.22","842.78","808.06","","-2.29%"
"Sep 04, 2007","829.80","837.10","841.79","829.78","","-0.98%"
"Sep 03, 2007","838.01","838.79","843.69","830.38","","-1.31%"
"Aug 31, 2007","849.11","836.24","850.48","827.48","","+2.26%"
"Aug 30, 2007","830.33","839.52","842.88","828.06","","+0.46%"
"Aug 29, 2007","826.56","829.27","829.27","813.30","","-1.97%"
"Aug 28, 2007","843.15","838.95","847.18","836.24","","-0.48%"
"Aug 27, 2007","847.21","859.19","860.70","843.45","","-0.78%"
"Aug 24, 2007","853.87","854.57","859.94","844.79","","-0.16%"
"Aug 23, 2007","855.26","846.92","857.00","846.92","","+2.58%"
"Aug 22, 2007","833.72","840.59","844.01","826.75","","-1.38%"
"Aug 21, 2007","845.38","837.63","857.02","832.70","","+2.14%"
"Aug 20, 2007","827.66","810.40","839.45","810.40","","+3.71%"
"Aug 17, 2007","798.04","828.51","838.29","794.96","","-2.85%"
"Aug 16, 2007","821.41","807.56","825.68","793.36","","+0.12%"
"Aug 15, 2007","820.40","836.82","836.83","812.48","","-2.89%"
"Aug 14, 2007","844.79","853.12","854.83","835.45","","-1.76%"
"Aug 13, 2007","859.90","869.15","873.95","852.25","","-1.22%"
"Aug 10, 2007","870.48","889.54","890.15","859.27","","-3.87%"
"Aug 09, 2007","905.49","909.69","920.58","901.58","","+1.22%"
"Aug 08, 2007","894.56","892.97","904.52","888.88","","+0.74%"
"Aug 07, 2007","888.00","896.77","905.42","886.76","","+0.67%"
"Aug 06, 2007","882.12","894.98","895.05","870.64","","-3.10%"
"Aug 03, 2007","910.30","914.00","921.19","902.27","","-0.07%"
"Aug 02, 2007","910.95","919.44","923.80","897.04","","-0.10%"
"Aug 01, 2007","911.89","933.43","933.43","909.81","","-3.55%"
"Jul 31, 2007","945.46","950.10","950.10","933.12","","-0.26%"
"Jul 30, 2007","947.88","929.06","951.01","924.80","","+0.96%"
"Jul 27, 2007","938.84","931.18","950.40","924.26","","-0.88%"
"Jul 26, 2007","947.21","928.39","969.37","927.45","","+3.53%"
"Jul 25, 2007","914.90","909.46","917.73","902.87","","-0.94%"
"Jul 24, 2007","923.58","917.00","932.32","906.92","","+1.40%"
"Jul 23, 2007","910.80","916.88","919.85","904.86","","-1.80%"
"Jul 20, 2007","927.45","936.40","941.01","920.48","","-0.31%"
"Jul 19, 2007","930.38","927.05","933.39","922.29","","+0.53%"
"Jul 18, 2007","925.48","937.96","938.00","914.89","","-1.75%"
"Jul 17, 2007","941.94","952.63","952.63","929.49","","-0.76%"
"Jul 13, 2007","949.20","955.54","959.85","943.54","","+0.53%"
"Jul 12, 2007","944.15","969.52","969.52","938.30","","-3.08%"
"Jul 11, 2007","974.14","985.94","987.16","973.77","","-2.09%"
"Jul 10, 2007","994.89","998.85","999.65","992.73","","-0.20%"
"Jul 09, 2007","996.88","997.45","1,002.01","992.52","","-0.08%"
"Jul 06, 2007","997.65","1,004.30","1,009.62","993.57","","-0.26%"
"Jul 05, 2007","1,000.21","995.01","1,009.59","994.27","","+0.50%"
"Jul 04, 2007","995.21","998.54","1,000.01","992.52","","-0.38%"
"Jul 03, 2007","999.03","994.19","1,006.89","991.32","","+1.03%"
"Jul 02, 2007","988.82","992.12","993.19","978.91","","-0.35%"
"Jun 29, 2007","992.27","979.74","993.31","979.74","","+1.15%"
"Jun 28, 2007","981.03","983.93","986.82","974.54","","-0.40%"
"Jun 27, 2007","984.95","996.21","996.52","980.37","","-2.11%"
"Jun 26, 2007","1,006.13","1,008.07","1,013.17","998.49","","-0.28%"
"Jun 25, 2007","1,008.95","1,015.22","1,017.63","1,001.85","","-1.92%"
"Jun 22, 2007","1,028.67","1,035.27","1,037.88","1,021.40","","-1.29%"
"Jun 21, 2007","1,042.15","1,023.70","1,047.53","1,022.86","","+0.93%"
"Jun 20, 2007","1,032.57","1,012.90","1,041.41","1,011.24","","+2.19%"
"Jun 19, 2007","1,010.44","1,020.85","1,021.53","1,007.02","","-1.71%"
"Jun 18, 2007","1,028.07","1,022.06","1,030.56","1,019.77","","+1.34%"
"Jun 15, 2007","1,014.52","1,002.84","1,015.73","995.31","","+1.69%"
"Jun 14, 2007","997.62","1,009.12","1,009.13","996.04","","+0.14%"
"Jun 13, 2007","996.25","985.44","1,001.76","982.64","","-0.01%"
"Jun 12, 2007","996.35","1,008.35","1,009.23","994.45","","-0.89%"
"Jun 11, 2007","1,005.29","1,024.49","1,025.36","1,002.34","","-0.83%"
"Jun 08, 2007","1,013.73","1,019.68","1,019.68","1,004.61","","-1.51%"
"Jun 07, 2007","1,029.24","1,014.28","1,033.31","1,012.01","","+0.11%"
"Jun 06, 2007","1,028.16","1,028.76","1,036.03","1,024.27","","-0.34%"
"Jun 05, 2007","1,031.69","1,036.66","1,038.76","1,023.39","","-0.52%"
"Jun 04, 2007","1,037.10","1,053.98","1,057.02","1,034.53","","-0.46%"
"Jun 01, 2007","1,041.85","1,035.23","1,048.03","1,033.66","","+1.31%"
"May 31, 2007","1,028.36","1,022.99","1,033.42","1,018.47","","+1.45%"
"May 30, 2007","1,013.69","1,011.35","1,025.10","1,004.54","","+0.38%"
"May 29, 2007","1,009.88","1,002.46","1,011.91","998.10","","+0.17%"
"May 28, 2007","1,008.18","1,009.67","1,016.05","1,004.29","","+0.38%"
"May 25, 2007","1,004.38","1,004.58","1,006.53","991.13","","-1.56%"
"May 24, 2007","1,020.33","1,011.47","1,026.39","1,002.44","","-0.24%"
"May 23, 2007","1,022.81","1,020.29","1,035.40","1,020.10","","+1.54%"
"May 22, 2007","1,007.32","983.95","1,012.51","983.94","","+3.26%"
"May 21, 2007","975.51","974.75","981.12","967.10","","+0.08%"
"May 18, 2007","974.76","994.91","997.64","970.76","","-1.45%"
"May 17, 2007","989.15","1,005.24","1,013.70","987.61","","-0.85%"
"May 16, 2007","997.59","1,007.86","1,007.86","991.22","","-1.23%"
"May 15, 2007","1,009.98","1,021.76","1,023.13","1,006.60","","-1.54%"
"May 14, 2007","1,025.81","1,034.46","1,037.16","1,021.77","","-0.33%"
"May 11, 2007","1,029.24","1,033.00","1,035.02","1,021.07","","-1.74%"
"May 10, 2007","1,047.48","1,043.86","1,057.59","1,043.46","","+1.63%"
"May 09, 2007","1,030.72","1,009.22","1,031.87","1,008.18","","+1.97%"
"May 08, 2007","1,010.79","1,006.38","1,016.52","1,004.42","","-0.48%"
"May 07, 2007","1,015.63","1,001.35","1,019.57","1,000.41","","+2.86%"
"May 02, 2007","987.39","986.56","992.80","977.19","","+0.01%"
"May 01, 2007","987.29","988.47","991.63","978.66","","+0.73%"
"Apr 27, 2007","980.18","961.41","990.01","958.74","","+1.19%"
"Apr 26, 2007","968.62","972.05","975.88","958.64","","-0.40%"
"Apr 25, 2007","972.53","981.79","983.23","970.09","","-1.17%"
"Apr 24, 2007","984.01","972.65","985.34","970.92","","+0.36%"
"Apr 23, 2007","980.46","1,003.60","1,004.59","977.72","","-1.69%"
"Apr 20, 2007","997.33","1,006.16","1,007.32","990.44","","-0.29%"
"Apr 19, 2007","1,000.26","999.32","1,005.66","984.81","","-0.28%"
"Apr 18, 2007","1,003.09","985.47","1,008.75","984.71","","+2.24%"
"Apr 17, 2007","981.12","980.06","995.28","973.01","","+1.06%"
"Apr 16, 2007","970.79","970.62","976.96","969.08","","+0.61%"
"Apr 13, 2007","964.95","993.39","993.90","961.00","","-2.75%"
"Apr 12, 2007","992.25","1,001.06","1,001.06","989.49","","-1.43%"
"Apr 11, 2007","1,006.62","1,006.97","1,009.10","1,002.32","","+0.69%"
"Apr 10, 2007","999.74","1,000.46","1,012.81","995.96","","-0.04%"
"Apr 09, 2007","1,000.10","999.74","1,008.61","998.67","","+0.37%"
"Apr 06, 2007","996.46","1,003.03","1,004.70","990.46","","-0.97%"
"Apr 05, 2007","1,006.18","1,015.69","1,016.52","1,001.26","","-1.51%"
"Apr 04, 2007","1,021.59","1,025.10","1,026.72","1,014.92","","+0.64%"
"Apr 03, 2007","1,015.11","1,017.95","1,017.95","1,004.90","","+0.25%"
"Apr 02, 2007","1,012.61","1,031.83","1,037.30","1,010.87","","-1.52%"
"Mar 30, 2007","1,028.29","1,034.38","1,039.33","1,025.42","","-0.20%"
"Mar 29, 2007","1,030.38","1,026.97","1,035.89","1,018.03","","-0.94%"
"Mar 28, 2007","1,040.16","1,041.46","1,051.55","1,029.18","","-0.31%"
"Mar 27, 2007","1,043.39","1,041.98","1,047.97","1,032.27","","-0.98%"
"Mar 26, 2007","1,053.74","1,058.71","1,060.89","1,048.99","","+0.15%"
"Mar 23, 2007","1,052.16","1,059.37","1,061.85","1,046.80","","-0.16%"
"Mar 22, 2007","1,053.89","1,063.51","1,072.04","1,051.65","","+0.41%"
"Mar 20, 2007","1,049.55","1,046.84","1,053.78","1,041.15","","+1.18%"
"Mar 19, 2007","1,037.33","1,022.30","1,039.66","1,012.66","","+0.31%"
"Mar 16, 2007","1,034.17","1,042.28","1,047.93","1,028.75","","-1.38%"
"Mar 15, 2007","1,048.67","1,043.59","1,055.87","1,036.95","","+1.85%"
"Mar 14, 2007","1,029.65","1,024.93","1,045.95","1,014.55","","-0.67%"
"Mar 13, 2007","1,036.63","1,048.30","1,068.68","1,034.80","","-1.07%"
"Mar 12, 2007","1,047.86","1,061.63","1,062.82","1,036.77","","-0.58%"
"Mar 09, 2007","1,053.94","1,024.29","1,057.06","1,024.17","","+3.80%"
"Mar 08, 2007","1,015.34","987.81","1,017.84","982.73","","+2.77%"
"Mar 07, 2007","988.02","999.84","1,006.68","984.71","","+0.39%"
"Mar 06, 2007","984.14","960.15","998.26","958.69","","+3.84%"
"Mar 05, 2007","947.78","991.51","991.51","942.57","","-5.90%"
"Mar 02, 2007","1,007.17","1,014.13","1,014.37","999.97","","-1.97%"
"Mar 01, 2007","1,027.41","1,026.63","1,041.18","1,012.65","","+0.48%"
"Feb 28, 2007","1,022.48","1,072.98","1,072.98","997.27","","-6.21%"
"Feb 27, 2007","1,090.20","1,106.79","1,109.39","1,078.16","","-1.73%"
"Feb 26, 2007","1,109.35","1,115.07","1,127.23","1,105.30","","-0.72%"
"Feb 23, 2007","1,117.39","1,090.37","1,120.97","1,080.84","","+2.40%"
"Feb 22, 2007","1,091.22","1,056.14","1,093.54","1,056.14","","+4.66%"
"Feb 21, 2007","1,042.64","1,038.27","1,045.08","1,034.34","","-0.18%"
"Feb 20, 2007","1,044.51","1,042.43","1,048.22","1,032.01","","+0.16%"
"Feb 19, 2007","1,042.88","1,035.50","1,044.58","1,034.20","","+0.24%"
"Feb 16, 2007","1,040.37","1,041.15","1,044.05","1,037.47","","-0.27%"
"Feb 15, 2007","1,043.20","1,036.57","1,045.36","1,028.14","","+1.40%"
"Feb 14, 2007","1,028.75","1,022.95","1,032.30","1,020.34","","+1.57%"
"Feb 13, 2007","1,012.86","978.94","1,017.41","977.48","","+3.78%"
"Feb 09, 2007","975.95","956.50","979.71","953.55","","+1.99%"
"Feb 08, 2007","956.90","965.13","967.72","955.11","","-0.09%"
"Feb 07, 2007","957.72","967.10","967.49","949.73","","-1.47%"
"Feb 06, 2007","972.02","969.06","979.27","968.04","","+0.97%"
"Feb 05, 2007","962.64","969.13","969.54","959.19","","-1.17%"
"Feb 02, 2007","974.02","964.01","981.38","964.01","","+1.29%"
"Feb 01, 2007","961.61","979.38","980.12","956.44","","-2.24%"
"Jan 31, 2007","983.69","997.12","997.60","976.26","","-0.82%"
"Jan 30, 2007","991.81","988.27","1,006.90","988.27","","+0.60%"
"Jan 29, 2007","985.85","982.34","991.65","974.96","","+0.21%"
"Jan 26, 2007","983.75","974.00","984.53","970.88","","-0.23%"
"Jan 25, 2007","986.04","1,001.93","1,006.24","983.50","","-0.32%"
"Jan 24, 2007","989.22","992.51","996.79","989.22","","+0.63%"
"Jan 23, 2007","983.01","985.48","989.69","976.85","","-0.79%"
"Jan 22, 2007","990.83","985.52","996.61","983.50","","+1.60%"
"Jan 19, 2007","975.20","963.36","976.86","961.97","","+1.60%"
"Jan 18, 2007","959.82","957.10","963.91","953.76","","+0.20%"
"Jan 17, 2007","957.92","946.13","961.84","938.97","","+0.87%"
"Jan 16, 2007","949.70","952.95","957.52","946.20","","+0.50%"
"Jan 15, 2007","944.95","923.88","950.01","923.02","","+2.68%"
"Jan 12, 2007","920.33","911.32","922.43","906.97","","+1.51%"
"Jan 11, 2007","906.63","919.74","920.03","901.53","","-1.45%"
"Jan 10, 2007","919.95","919.85","931.04","917.49","","-0.01%"
"Jan 09, 2007","920.02","908.99","923.39","904.74","","+0.98%"
"Jan 05, 2007","911.05","919.71","920.74","907.12","","-1.27%"
"Jan 04, 2007","922.78","922.81","925.06","919.44","","+0.50%"
"Dec 29, 2006","918.22","913.70","922.51","912.84","","+0.53%"
"Dec 28, 2006","913.40","909.99","917.00","905.63","","+0.75%"
"Dec 27, 2006","906.62","903.74","909.83","902.30","","+0.81%"
"Dec 26, 2006","899.33","892.63","900.27","892.50","","+0.27%"
"Dec 25, 2006","896.94","901.84","901.84","893.02","","-0.89%"
"Dec 22, 2006","905.03","896.46","907.42","896.11","","+0.97%"
"Dec 21, 2006","896.31","894.84","900.98","893.20","","+0.73%"
"Dec 20, 2006","889.82","883.69","892.33","874.96","","+0.11%"
"Dec 19, 2006","888.86","911.90","911.90","887.45","","-3.04%"
"Dec 18, 2006","916.77","920.32","921.34","912.90","","-0.04%"
"Dec 15, 2006","917.10","917.37","920.31","912.79","","+1.14%"
"Dec 14, 2006","906.79","902.36","907.07","901.45","","+0.97%"
"Dec 13, 2006","898.10","900.78","902.10","890.64","","-0.62%"
"Dec 12, 2006","903.73","898.62","907.54","896.52","","+1.49%"
"Dec 11, 2006","890.43","892.74","896.26","883.49","","-0.34%"
"Dec 08, 2006","893.43","904.61","905.82","889.65","","-1.20%"
"Dec 07, 2006","904.30","903.86","906.99","892.70","","+0.48%"
"Dec 06, 2006","899.94","887.54","904.22","886.63","","+1.73%"
"Dec 05, 2006","884.65","894.22","898.47","883.60","","-0.06%"
"Dec 04, 2006","885.18","879.82","889.68","874.62","","+0.63%"
"Dec 01, 2006","879.67","878.45","884.43","875.42","","-0.43%"
"Nov 30, 2006","883.45","865.73","886.54","865.21","","+3.61%"
"Nov 29, 2006","852.64","831.44","860.85","831.34","","+3.63%"
"Nov 28, 2006","822.76","808.59","823.13","803.48","","+0.22%"
"Nov 27, 2006","820.92","804.43","824.10","804.03","","+0.70%"
"Nov 24, 2006","815.24","807.99","817.48","802.86","","-0.48%"
"Nov 22, 2006","819.16","806.33","822.44","805.27","","+1.44%"
"Nov 21, 2006","807.56","813.60","820.73","804.37","","-0.45%"
"Nov 20, 2006","811.24","828.55","828.55","806.31","","-3.39%"
"Nov 17, 2006","839.74","850.41","852.57","835.94","","-1.86%"
"Nov 16, 2006","855.63","866.67","876.29","854.57","","-1.22%"
"Nov 15, 2006","866.23","872.89","879.28","865.99","","+0.28%"
"Nov 14, 2006","863.77","844.95","866.77","844.95","","+3.80%"
"Nov 13, 2006","832.17","834.80","840.62","826.02","","-0.83%"
"Nov 10, 2006","839.14","838.28","852.29","834.51","","-1.12%"
"Nov 09, 2006","848.65","860.65","865.25","842.63","","-1.97%"
"Nov 08, 2006","865.69","890.94","890.94","863.13","","-2.73%"
"Nov 07, 2006","890.03","891.44","900.64","888.80","","+1.02%"
"Nov 06, 2006","881.06","877.20","883.32","872.99","","-0.62%"
"Nov 02, 2006","886.60","889.25","892.63","881.92","","-1.19%"
"Nov 01, 2006","897.26","896.36","905.89","890.25","","-0.12%"
"Oct 31, 2006","898.30","899.44","908.75","890.06","","+0.32%"
"Oct 30, 2006","895.43","904.55","905.53","893.19","","-2.33%"
"Oct 27, 2006","916.75","928.11","929.15","909.16","","-0.98%"
"Oct 26, 2006","925.85","932.47","932.47","919.29","","-0.54%"
"Oct 25, 2006","930.88","960.42","960.42","925.01","","-3.18%"
"Oct 24, 2006","961.42","968.29","972.82","958.54","","+0.81%"
"Oct 23, 2006","953.73","945.78","954.33","937.34","","+0.67%"
"Oct 20, 2006","947.42","944.91","951.26","935.57","","+0.20%"
"Oct 19, 2006","945.54","938.71","953.24","937.73","","+1.12%"
"Oct 18, 2006","935.08","922.12","937.56","912.34","","+1.10%"
"Oct 17, 2006","924.90","933.73","934.11","924.53","","-0.61%"
"Oct 16, 2006","930.57","922.16","935.15","920.20","","+1.69%"
"Oct 13, 2006","915.06","915.16","926.62","907.87","","+1.66%"
"Oct 12, 2006","900.13","907.89","913.07","900.13","","-1.68%"
"Oct 11, 2006","915.55","944.53","949.79","914.59","","-3.62%"
"Oct 10, 2006","949.96","940.76","956.92","940.51","","-0.18%"
"Oct 06, 2006","951.67","934.01","955.27","931.25","","+3.04%"
"Oct 05, 2006","923.60","900.92","926.25","900.92","","+4.26%"
"Oct 04, 2006","885.84","899.42","907.51","876.58","","-1.23%"
"Oct 03, 2006","896.91","898.69","899.84","894.27","","-1.01%"
"Oct 02, 2006","906.09","910.93","911.22","891.76","","-0.63%"
"Sep 29, 2006","911.82","921.15","921.74","904.27","","-0.31%"
"Sep 28, 2006","914.62","920.56","921.23","908.18","","+0.32%"
"Sep 27, 2006","911.73","892.87","914.15","891.17","","+3.38%"
"Sep 26, 2006","881.92","887.04","889.22","876.56","","-0.36%"
"Sep 25, 2006","885.15","883.75","890.74","877.62","","-0.90%"
"Sep 22, 2006","893.22","891.98","900.10","887.37","","-1.00%"
"Sep 21, 2006","902.26","891.92","909.65","884.23","","+1.32%"
"Sep 20, 2006","890.48","901.28","901.28","883.17","","-2.42%"
"Sep 19, 2006","912.60","923.83","932.18","911.04","","-0.67%"
"Sep 15, 2006","918.76","918.21","928.91","908.73","","+0.10%"
"Sep 14, 2006","917.80","919.17","927.19","909.86","","-0.45%"
"Sep 13, 2006","921.99","945.12","950.16","918.74","","-1.05%"
"Sep 12, 2006","931.80","947.43","951.30","931.38","","-2.20%"
"Sep 11, 2006","952.80","968.22","971.34","952.16","","-1.62%"
"Sep 08, 2006","968.48","959.92","975.04","956.50","","+0.07%"
"Sep 07, 2006","967.76","976.42","976.42","964.74","","-2.01%"
"Sep 06, 2006","987.57","998.82","1,000.27","983.91","","-1.16%"
"Sep 05, 2006","999.13","994.49","1,002.36","984.67","","+0.52%"
"Sep 04, 2006","993.94","985.86","999.31","982.32","","+1.99%"
"Sep 01, 2006","974.55","976.99","978.35","970.25","","-0.42%"
"Aug 31, 2006","978.67","972.76","987.02","970.95","","+0.68%"
"Aug 30, 2006","972.02","982.39","983.78","962.87","","-1.34%"
"Aug 29, 2006","985.21","971.60","987.50","970.08","","+2.46%"
"Aug 28, 2006","961.53","975.43","979.58","960.47","","-1.15%"
"Aug 25, 2006","972.72","980.26","989.71","972.72","","-0.72%"
"Aug 24, 2006","979.81","982.82","985.40","970.24","","-1.11%"
"Aug 23, 2006","990.85","986.91","992.73","980.18","","+0.25%"
"Aug 22, 2006","988.41","964.67","991.39","964.67","","+2.82%"
"Aug 21, 2006","961.27","981.83","986.47","952.21","","-2.47%"
"Aug 18, 2006","985.66","987.95","988.19","980.43","","-0.40%"
"Aug 17, 2006","989.66","985.10","1,004.27","985.10","","+2.16%"
"Aug 16, 2006","968.76","961.20","972.92","961.06","","+2.42%"
"Aug 15, 2006","945.84","935.12","952.99","933.23","","+1.82%"
"Aug 14, 2006","928.95","902.33","932.71","902.16","","+3.15%"
"Aug 11, 2006","900.60","904.76","909.23","899.63","","-0.45%"
"Aug 10, 2006","904.67","898.13","907.82","894.85","","+1.10%"
"Aug 09, 2006","894.83","883.56","895.09","871.90","","+0.41%"
"Aug 08, 2006","891.15","882.25","891.61","877.24","","+1.01%"
"Aug 07, 2006","882.27","902.77","906.92","880.80","","-2.00%"
"Aug 04, 2006","900.23","884.89","903.58","884.84","","+1.69%"
"Aug 03, 2006","885.29","884.73","893.55","879.85","","+1.06%"
"Aug 02, 2006","876.01","867.27","878.52","865.97","","-0.33%"
"Aug 01, 2006","878.90","880.52","894.39","876.10","","-0.28%"
"Jul 31, 2006","881.38","882.67","887.03","878.39","","+1.42%"
"Jul 28, 2006","869.08","858.86","870.76","847.55","","+2.01%"
"Jul 27, 2006","851.95","837.36","863.36","829.38","","+0.45%"
"Jul 26, 2006","848.15","870.83","874.57","846.25","","-1.84%"
"Jul 25, 2006","864.05","876.00","881.02","857.96","","+0.50%"
"Jul 24, 2006","859.76","852.78","863.24","836.68","","-0.57%"
"Jul 21, 2006","864.73","885.39","885.39","862.63","","-3.42%"
"Jul 20, 2006","895.33","857.79","899.39","857.79","","+6.01%"
"Jul 19, 2006","844.56","837.31","852.36","836.15","","+0.90%"
"Jul 18, 2006","836.99","870.13","870.38","834.55","","-5.20%"
"Jul 14, 2006","882.91","887.99","897.51","882.10","","-1.99%"
"Jul 13, 2006","900.86","881.49","916.30","880.56","","+1.12%"
"Jul 12, 2006","890.90","909.14","911.39","885.77","","-2.58%"
"Jul 11, 2006","914.54","928.11","928.11","902.10","","-2.90%"
"Jul 10, 2006","941.88","924.80","941.88","911.95","","+0.19%"
"Jul 07, 2006","940.08","961.13","961.73","931.83","","-1.29%"
"Jul 06, 2006","952.40","959.91","960.72","947.74","","-1.77%"
"Jul 05, 2006","969.59","969.88","975.30","965.82","","-1.54%"
"Jul 04, 2006","984.73","977.95","990.02","974.30","","+2.12%"
"Jul 03, 2006","964.32","947.82","968.11","943.91","","+2.45%"
"Jun 30, 2006","941.30","930.13","947.95","930.13","","+2.93%"
"Jun 29, 2006","914.51","911.22","922.37","908.50","","+1.62%"
"Jun 28, 2006","899.91","910.57","910.57","896.49","","-2.73%"
"Jun 27, 2006","925.18","935.31","936.56","917.59","","-1.18%"
"Jun 26, 2006","936.27","936.42","941.25","924.00","","-0.17%"
"Jun 23, 2006","937.88","930.07","937.88","916.86","","-0.64%"
"Jun 22, 2006","943.95","915.95","945.47","915.95","","+4.80%"
"Jun 21, 2006","900.68","914.13","914.13","889.14","","-1.42%"
"Jun 20, 2006","913.64","928.27","931.42","907.42","","-2.61%"
"Jun 19, 2006","938.16","950.21","952.93","935.78","","-2.25%"
"Jun 16, 2006","959.76","924.65","963.86","924.65","","+5.56%"
"Jun 15, 2006","909.22","894.50","918.18","894.49","","+3.23%"
"Jun 14, 2006","880.80","873.29","894.16","867.05","","-0.36%"
"Jun 13, 2006","883.94","919.96","920.75","882.19","","-5.39%"
"Jun 12, 2006","934.28","916.24","938.80","902.80","","+0.53%"
"Jun 09, 2006","929.33","897.98","933.99","897.98","","+3.93%"
"Jun 08, 2006","894.15","911.66","911.66","886.02","","-3.55%"
"Jun 07, 2006","927.07","955.21","963.18","924.68","","-4.35%"
"Jun 06, 2006","969.23","982.14","984.80","964.77","","-2.98%"
"Jun 05, 2006","999.04","994.81","1,015.02","987.74","","-0.20%"
"Jun 02, 2006","1,001.07","984.21","1,001.07","949.13","","+2.63%"
"Jun 01, 2006","975.39","995.97","1,003.33","970.88","","-0.74%"
"May 31, 2006","982.64","995.36","995.37","979.08","","-2.94%"
"May 30, 2006","1,012.38","1,006.10","1,021.59","997.25","","+0.87%"
"May 29, 2006","1,003.63","1,013.86","1,016.71","1,000.18","","+0.48%"
"May 26, 2006","998.85","994.39","1,006.58","984.83","","+1.94%"
"May 25, 2006","979.88","1,004.30","1,004.30","977.35","","-3.57%"
"May 24, 2006","1,016.18","999.40","1,017.48","978.39","","+3.45%"
"May 23, 2006","982.26","992.89","1,000.89","980.56","","-2.71%"
"May 22, 2006","1,009.58","1,044.21","1,052.24","1,007.51","","-2.46%"
"May 19, 2006","1,035.00","1,014.41","1,038.04","1,003.14","","+1.97%"
"May 18, 2006","1,015.03","1,026.93","1,027.00","997.58","","-2.76%"
"May 17, 2006","1,043.88","1,053.08","1,056.77","1,017.45","","-0.41%"
"May 16, 2006","1,048.15","1,089.44","1,092.49","1,044.49","","-3.51%"
"May 15, 2006","1,086.32","1,091.92","1,091.98","1,073.13","","-2.14%"
"May 12, 2006","1,110.06","1,111.63","1,112.97","1,098.68","","-1.68%"
"May 11, 2006","1,128.99","1,133.15","1,149.61","1,127.98","","-1.34%"
"May 10, 2006","1,144.36","1,163.90","1,165.20","1,134.30","","-2.17%"
"May 09, 2006","1,169.69","1,173.16","1,175.43","1,162.12","","-0.94%"
"May 08, 2006","1,180.77","1,157.12","1,183.82","1,156.93","","+3.63%"
"May 02, 2006","1,139.40","1,118.02","1,139.84","1,116.78","","+1.84%"
"May 01, 2006","1,118.86","1,135.37","1,135.37","1,116.74","","-1.76%"
"Apr 28, 2006","1,138.88","1,155.96","1,155.96","1,128.67","","-0.97%"
"Apr 27, 2006","1,150.03","1,137.45","1,159.07","1,137.45","","+2.67%"
"Apr 26, 2006","1,120.16","1,133.61","1,134.61","1,106.19","","-0.94%"
"Apr 25, 2006","1,130.79","1,113.62","1,132.85","1,107.53","","+1.88%"
"Apr 24, 2006","1,109.96","1,134.16","1,134.91","1,105.44","","-3.51%"
"Apr 21, 2006","1,150.30","1,154.71","1,164.60","1,145.16","","-1.19%"
"Apr 20, 2006","1,164.13","1,166.03","1,172.08","1,155.51","","+0.42%"
"Apr 19, 2006","1,159.25","1,185.93","1,189.30","1,159.25","","-0.68%"
"Apr 18, 2006","1,167.21","1,125.70","1,172.35","1,124.55","","+3.63%"
"Apr 17, 2006","1,126.33","1,146.69","1,146.69","1,124.95","","-2.22%"
"Apr 14, 2006","1,151.91","1,167.06","1,167.06","1,146.61","","-1.31%"
"Apr 13, 2006","1,167.16","1,178.86","1,179.59","1,154.58","","-0.89%"
"Apr 12, 2006","1,177.61","1,178.33","1,182.58","1,170.28","","-1.40%"
"Apr 11, 2006","1,194.30","1,202.12","1,208.01","1,187.60","","-0.79%"
"Apr 10, 2006","1,203.87","1,199.89","1,205.98","1,193.49","","-0.11%"
"Apr 07, 2006","1,205.24","1,203.02","1,205.24","1,191.10","","+0.52%"
"Apr 06, 2006","1,199.02","1,193.22","1,199.32","1,186.51","","+1.20%"
"Apr 05, 2006","1,184.82","1,197.61","1,206.67","1,176.52","","-0.73%"
"Apr 04, 2006","1,193.49","1,199.28","1,205.28","1,189.87","","-0.02%"
"Apr 03, 2006","1,193.69","1,176.32","1,199.91","1,172.69","","+1.29%"
"Mar 31, 2006","1,178.45","1,172.21","1,179.61","1,164.79","","+0.83%"
"Mar 30, 2006","1,168.76","1,164.51","1,173.58","1,156.38","","+1.56%"
"Mar 29, 2006","1,150.80","1,139.79","1,154.59","1,134.37","","+0.85%"
"Mar 28, 2006","1,141.05","1,118.70","1,147.26","1,118.70","","0.00%"
"Mar 27, 2006","1,141.05","1,159.29","1,162.67","1,140.68","","-1.91%"
"Mar 24, 2006","1,163.27","1,146.25","1,166.01","1,146.25","","+1.15%"
"Mar 23, 2006","1,150.06","1,182.34","1,183.21","1,149.38","","-2.25%"
"Mar 22, 2006","1,176.59","1,175.35","1,182.85","1,154.75","","-0.07%"
"Mar 20, 2006","1,177.44","1,142.52","1,178.55","1,141.42","","+4.05%"
"Mar 17, 2006","1,131.63","1,105.41","1,133.15","1,103.66","","+3.63%"
"Mar 16, 2006","1,092.03","1,110.81","1,118.35","1,083.11","","-1.11%"
"Mar 15, 2006","1,104.27","1,094.47","1,107.24","1,092.06","","+2.33%"
"Mar 14, 2006","1,079.13","1,095.50","1,096.42","1,078.98","","-0.69%"
"Mar 13, 2006","1,086.59","1,075.40","1,088.82","1,074.94","","+2.52%"
"Mar 10, 2006","1,059.86","1,050.13","1,067.56","1,046.82","","+1.28%"
"Mar 09, 2006","1,046.43","1,027.94","1,050.22","1,025.89","","+1.78%"
"Mar 08, 2006","1,028.17","1,032.18","1,036.37","1,018.30","","-1.37%"
"Mar 07, 2006","1,042.47","1,046.15","1,053.87","1,035.01","","-0.51%"
"Mar 06, 2006","1,047.86","1,025.45","1,049.35","1,022.18","","+3.16%"
"Mar 03, 2006","1,015.76","1,012.45","1,032.34","1,009.18","","-0.93%"
"Mar 02, 2006","1,025.25","1,040.63","1,045.41","1,023.08","","-0.06%"
"Mar 01, 2006","1,025.84","1,033.71","1,034.63","1,022.73","","-2.14%"
"Feb 28, 2006","1,048.32","1,055.21","1,057.96","1,035.25","","-0.33%"
"Feb 27, 2006","1,051.79","1,046.80","1,054.31","1,034.36","","+1.13%"
"Feb 24, 2006","1,040.08","1,017.28","1,042.75","1,012.25","","+2.50%"
"Feb 23, 2006","1,014.68","1,005.58","1,019.94","1,005.58","","+2.83%"
"Feb 22, 2006","986.77","990.23","996.24","978.97","","0.00%"
"Feb 21, 2006","986.74","944.88","988.18","944.86","","+6.34%"
"Feb 20, 2006","927.87","963.53","963.58","924.28","","-4.38%"
"Feb 17, 2006","970.33","1,008.24","1,017.13","970.33","","-3.55%"
"Feb 16, 2006","1,006.06","999.31","1,017.59","994.70","","+0.48%"
"Feb 15, 2006","1,001.27","1,007.13","1,018.14","1,000.65","","+1.15%"
"Feb 14, 2006","989.87","965.55","989.87","941.77","","+1.83%"
"Feb 13, 2006","972.05","1,012.33","1,013.65","968.30","","-4.71%"
"Feb 10, 2006","1,020.13","1,044.11","1,044.64","998.24","","-2.28%"
"Feb 09, 2006","1,043.94","1,055.75","1,061.55","1,037.69","","+0.03%"
"Feb 08, 2006","1,043.65","1,070.03","1,075.99","1,043.40","","-3.25%"
"Feb 07, 2006","1,078.66","1,081.24","1,084.61","1,074.39","","0.00%"
"Feb 06, 2006","1,078.71","1,069.98","1,079.78","1,056.77","","+1.10%"
"Feb 03, 2006","1,067.02","1,057.48","1,067.92","1,054.52","","-0.10%"
"Feb 02, 2006","1,068.12","1,066.37","1,081.66","1,064.17","","+1.76%"
"Feb 01, 2006","1,049.67","1,066.35","1,083.86","1,047.39","","-1.97%"
"Jan 31, 2006","1,070.73","1,078.70","1,091.75","1,068.01","","-0.19%"
"Jan 30, 2006","1,072.76","1,091.04","1,096.65","1,070.00","","-0.33%"
"Jan 27, 2006","1,076.26","1,052.95","1,081.30","1,052.95","","+3.91%"
"Jan 26, 2006","1,035.77","990.74","1,037.52","990.69","","+6.33%"
"Jan 25, 2006","974.10","963.28","987.11","954.30","","+1.64%"
"Jan 24, 2006","958.40","946.78","962.32","945.35","","+2.63%"
"Jan 23, 2006","933.80","946.55","964.50","924.37","","-3.06%"
"Jan 20, 2006","963.29","988.85","988.85","944.49","","-1.10%"
"Jan 19, 2006","974.04","920.13","981.29","920.13","","+5.35%"
"Jan 18, 2006","924.54","967.01","967.10","886.86","","-6.00%"
"Jan 17, 2006","983.54","1,010.47","1,025.45","970.98","","-4.24%"
"Jan 16, 2006","1,027.09","1,023.42","1,039.81","1,009.76","","-0.96%"
"Jan 13, 2006","1,037.09","1,034.73","1,048.59","1,026.18","","-0.35%"
"Jan 12, 2006","1,040.71","1,023.69","1,042.14","1,021.92","","+2.69%"
"Jan 11, 2006","1,013.44","996.12","1,013.44","987.82","","+0.47%"
"Jan 10, 2006","1,008.68","1,043.55","1,044.03","1,002.16","","-3.25%"
"Jan 06, 2006","1,042.52","1,044.26","1,045.04","1,036.30","","-1.00%"
"Jan 05, 2006","1,053.05","1,063.09","1,063.89","1,039.47","","-0.68%"
"Jan 04, 2006","1,060.26","1,057.70","1,068.55","1,053.29","","+1.81%"
"Dec 30, 2005","1,041.37","1,058.28","1,061.77","1,038.46","","-1.08%"
"Dec 29, 2005","1,052.79","1,051.01","1,065.90","1,050.05","","+0.65%"
"Dec 28, 2005","1,046.00","1,014.78","1,046.66","1,012.92","","+2.29%"
"Dec 27, 2005","1,022.62","1,022.14","1,024.73","1,010.62","","-1.32%"
"Dec 26, 2005","1,036.33","1,003.26","1,039.71","1,002.45","","+4.38%"
"Dec 22, 2005","992.82","993.45","997.83","979.20","","+0.11%"
"Dec 21, 2005","991.73","982.33","995.35","981.30","","+2.26%"
"Dec 20, 2005","969.80","939.02","973.54","935.39","","+3.01%"
"Dec 19, 2005","941.50","950.63","951.93","932.95","","-0.42%"
"Dec 16, 2005","945.47","944.06","964.22","937.28","","-0.11%"
"Dec 15, 2005","946.47","967.48","980.77","944.31","","-3.55%"
"Dec 14, 2005","981.33","1,003.58","1,005.27","973.91","","-1.63%"
"Dec 13, 2005","997.59","999.98","1,001.85","988.79","","-0.80%"
"Dec 12, 2005","1,005.68","991.16","1,010.37","991.16","","+2.93%"
"Dec 09, 2005","977.06","953.42","983.22","952.29","","+3.48%"
"Dec 08, 2005","944.18","979.64","981.95","940.61","","-3.54%"
"Dec 07, 2005","978.84","996.17","1,001.08","978.67","","-0.27%"
"Dec 06, 2005","981.50","989.09","1,008.68","981.50","","-1.22%"
"Dec 05, 2005","993.61","970.24","997.98","966.27","","+2.29%"
"Dec 02, 2005","971.32","927.76","971.33","926.22","","+6.51%"
"Dec 01, 2005","911.92","898.84","912.57","891.40","","+1.41%"
"Nov 30, 2005","899.20","911.05","913.04","899.20","","-0.58%"
"Nov 29, 2005","904.46","906.77","915.93","901.76","","-1.74%"
"Nov 28, 2005","920.44","915.91","920.44","906.81","","+1.12%"
"Nov 25, 2005","910.29","880.65","911.47","878.71","","+2.84%"
"Nov 24, 2005","885.14","910.59","915.72","885.14","","-1.77%"
"Nov 22, 2005","901.05","899.01","907.15","894.80","","+0.46%"
"Nov 21, 2005","896.88","920.32","920.49","891.26","","-2.03%"
"Nov 18, 2005","915.50","920.85","925.25","906.30","","+0.97%"
"Nov 17, 2005","906.72","876.67","908.62","871.16","","+3.34%"
"Nov 16, 2005","877.39","852.73","877.39","840.53","","+2.15%"
"Nov 15, 2005","858.92","862.40","869.72","854.52","","-1.44%"
"Nov 14, 2005","871.51","892.93","894.99","869.92","","-2.03%"
"Nov 11, 2005","889.57","861.40","891.00","861.23","","+4.46%"
"Nov 10, 2005","851.58","858.13","864.47","837.40","","-1.70%"
"Nov 09, 2005","866.32","873.75","874.18","864.99","","-1.70%"
"Nov 08, 2005","881.27","886.91","891.19","878.36","","+0.09%"
"Nov 07, 2005","880.51","866.16","883.70","864.45","","+2.26%"
"Nov 04, 2005","861.07","828.83","861.13","828.76","","+5.38%"
"Nov 02, 2005","817.11","814.62","824.56","811.68","","+0.84%"
"Nov 01, 2005","810.28","784.89","810.28","784.89","","+3.23%"
"Oct 31, 2005","784.89","775.73","786.48","775.41","","+2.16%"
"Oct 28, 2005","768.33","767.81","770.88","760.53","","-0.46%"
"Oct 27, 2005","771.88","762.23","775.75","761.83","","+1.98%"
"Oct 26, 2005","756.87","745.16","756.87","744.62","","+1.64%"
"Oct 25, 2005","744.65","737.92","748.95","737.92","","+2.32%"
"Oct 24, 2005","727.80","727.37","732.37","724.81","","+0.62%"
"Oct 21, 2005","723.33","712.54","725.77","704.94","","+0.59%"
"Oct 20, 2005","719.08","723.40","727.78","717.63","","-0.41%"
"Oct 19, 2005","722.01","732.15","732.15","715.60","","-1.51%"
"Oct 18, 2005","733.10","734.81","738.62","731.80","","-0.26%"
"Oct 17, 2005","735.00","744.38","746.49","733.23","","-0.59%"
"Oct 14, 2005","739.34","746.99","746.99","735.14","","-0.98%"
"Oct 13, 2005","746.67","740.97","747.41","734.72","","-0.87%"
"Oct 12, 2005","753.25","755.08","763.63","750.14","","+0.84%"
"Oct 11, 2005","746.94","723.07","748.10","722.19","","+3.00%"
"Oct 07, 2005","725.15","709.86","731.40","709.56","","+1.07%"
"Oct 06, 2005","717.47","735.38","735.38","714.27","","-3.85%"
"Oct 05, 2005","746.21","761.41","761.47","744.96","","-1.75%"
"Oct 04, 2005","759.50","762.59","764.72","753.02","","-0.15%"
"Oct 03, 2005","760.61","762.12","763.69","752.59","","-0.77%"
"Sep 30, 2005","766.55","771.98","778.52","758.96","","-0.09%"
"Sep 29, 2005","767.27","761.44","770.07","755.64","","+2.13%"
"Sep 28, 2005","751.24","736.05","751.79","735.29","","+1.62%"
"Sep 27, 2005","739.25","741.38","748.19","739.25","","+0.28%"
"Sep 26, 2005","737.20","720.22","737.20","720.22","","+3.65%"
"Sep 22, 2005","711.23","711.42","712.45","703.88","","-1.07%"
"Sep 21, 2005","718.95","717.61","723.84","711.98","","+1.51%"
"Sep 20, 2005","708.29","699.30","710.10","699.30","","+2.06%"
"Sep 16, 2005","693.96","684.09","695.63","681.59","","+2.03%"
"Sep 15, 2005","680.17","668.95","680.17","667.61","","+1.56%"
"Sep 14, 2005","669.72","670.97","672.43","666.00","","-0.74%"
"Sep 13, 2005","674.73","660.05","676.57","658.18","","+2.77%"
"Sep 12, 2005","656.52","652.41","661.96","652.41","","+2.16%"
"Sep 09, 2005","642.66","636.17","642.96","630.06","","+0.83%"
"Sep 08, 2005","637.36","640.55","641.21","633.30","","-0.89%"
"Sep 07, 2005","643.08","652.14","652.64","642.57","","-0.40%"
"Sep 06, 2005","645.66","650.46","656.31","644.67","","-0.61%"
"Sep 05, 2005","649.65","652.85","652.93","648.83","","-0.65%"
"Sep 02, 2005","653.91","660.93","661.47","653.07","","-0.56%"
"Sep 01, 2005","657.60","657.12","662.90","657.12","","+1.17%"
"Aug 31, 2005","649.97","651.41","653.17","649.82","","-0.69%"
"Aug 30, 2005","654.48","648.67","655.38","648.32","","+2.03%"
"Aug 29, 2005","641.43","644.97","645.35","641.43","","-1.46%"
"Aug 26, 2005","650.93","652.59","654.40","647.67","","+0.04%"
"Aug 25, 2005","650.65","653.98","658.53","650.59","","-1.13%"
"Aug 24, 2005","658.08","647.67","658.69","647.67","","+0.20%"
"Aug 23, 2005","656.76","665.00","669.97","656.33","","-0.38%"
"Aug 22, 2005","659.28","636.67","659.53","636.67","","+4.19%"
"Aug 19, 2005","632.79","635.79","636.51","629.95","","-0.35%"
"Aug 18, 2005","635.00","640.87","644.96","635.00","","-0.68%"
"Aug 17, 2005","639.34","637.33","647.03","635.83","","-0.27%"
"Aug 16, 2005","641.08","650.71","650.71","638.66","","-1.21%"
"Aug 15, 2005","648.90","638.47","649.12","638.21","","+1.25%"
"Aug 12, 2005","640.88","638.99","640.88","634.85","","+0.67%"
"Aug 11, 2005","636.64","626.13","640.80","626.13","","+3.24%"
"Aug 10, 2005","616.68","589.43","616.75","589.43","","+5.92%"
"Aug 09, 2005","582.20","575.45","584.09","574.79","","+0.99%"
"Aug 08, 2005","576.51","573.55","577.67","568.71","","-0.74%"
"Aug 05, 2005","580.80","585.20","588.37","579.14","","-1.12%"
"Aug 04, 2005","587.40","579.95","587.78","579.69","","+1.14%"
"Aug 03, 2005","580.79","570.44","580.83","568.83","","+2.32%"
"Aug 02, 2005","567.60","574.34","574.93","566.50","","-1.25%"
"Aug 01, 2005","574.79","578.70","579.01","574.74","","-0.66%"
"Jul 29, 2005","578.58","582.60","583.29","577.71","","-0.06%"
"Jul 28, 2005","578.92","581.89","583.34","578.33","","-0.14%"
"Jul 27, 2005","579.76","575.81","580.69","575.49","","+0.75%"
"Jul 26, 2005","575.46","580.21","580.47","575.46","","-0.97%"
"Jul 25, 2005","581.10","583.48","584.64","580.14","","-0.60%"
"Jul 22, 2005","584.58","586.93","587.67","583.07","","-0.27%"
"Jul 21, 2005","586.14","590.07","590.79","586.14","","-0.27%"
"Jul 20, 2005","587.72","585.91","589.58","584.54","","+0.46%"
"Jul 19, 2005","585.02","586.56","586.58","582.17","","-0.49%"
"Jul 15, 2005","587.88","590.18","590.18","585.95","","+0.70%"
"Jul 14, 2005","583.80","584.26","586.63","583.73","","+0.85%"
"Jul 13, 2005","578.86","579.71","579.75","576.36","","-0.02%"
"Jul 12, 2005","579.00","584.50","584.55","578.55","","-0.41%"
"Jul 11, 2005","581.40","584.76","585.46","580.85","","-0.07%"
"Jul 08, 2005","581.79","579.93","583.89","579.40","","+0.08%"
"Jul 07, 2005","581.30","585.64","585.73","580.95","","-1.16%"
"Jul 06, 2005","588.15","589.46","591.52","587.85","","-0.16%"
"Jul 05, 2005","589.07","591.57","591.82","588.65","","-0.60%"
"Jul 04, 2005","592.60","593.51","594.05","591.75","","-0.08%"
"Jul 01, 2005","593.10","591.53","597.30","590.07","","+0.43%"
"Jun 30, 2005","590.54","594.13","594.54","589.94","","-0.78%"
"Jun 29, 2005","595.21","595.73","596.65","593.74","","+0.61%"
"Jun 28, 2005","591.59","587.93","591.59","587.52","","+0.64%"
"Jun 27, 2005","587.81","591.77","591.82","587.59","","-1.79%"
"Jun 24, 2005","598.53","593.90","598.78","592.82","","-0.18%"
"Jun 23, 2005","599.58","598.54","599.98","596.54","","-0.07%"
"Jun 22, 2005","600.02","596.83","600.77","593.28","","-0.16%"
"Jun 21, 2005","601.00","598.27","601.83","598.24","","+0.09%"
"Jun 20, 2005","600.45","601.61","602.08","599.46","","+0.40%"
"Jun 17, 2005","598.05","594.36","598.28","593.76","","+1.14%"
"Jun 16, 2005","591.30","586.10","594.27","585.61","","+1.02%"
"Jun 15, 2005","585.32","580.26","585.76","578.24","","+1.08%"
"Jun 14, 2005","579.07","582.29","582.32","578.64","","-0.26%"
"Jun 13, 2005","580.60","580.73","583.66","580.19","","-0.07%"
"Jun 10, 2005","581.01","577.52","582.28","576.10","","+1.03%"
"Jun 09, 2005","575.07","582.26","582.63","574.29","","-1.55%"
"Jun 08, 2005","584.14","584.37","586.98","582.41","","+0.26%"
"Jun 07, 2005","582.60","585.38","586.66","580.24","","-0.74%"
"Jun 06, 2005","586.94","586.83","588.04","584.87","","-0.50%"
"Jun 03, 2005","589.87","589.31","591.64","587.69","","+0.66%"
"Jun 02, 2005","586.03","594.13","595.24","586.03","","-1.06%"
"Jun 01, 2005","592.30","586.38","592.30","583.90","","-0.09%"
"May 31, 2005","592.83","593.43","596.02","591.35","","+0.29%"
"May 30, 2005","591.13","583.29","595.43","583.04","","+1.92%"
"May 27, 2005","579.98","569.71","581.43","569.71","","+2.46%"
"May 26, 2005","566.03","569.11","571.98","565.70","","-1.04%"
"May 25, 2005","572.00","578.78","579.43","570.92","","-1.66%"
"May 24, 2005","581.68","586.39","586.63","581.68","","-0.16%"
"May 23, 2005","582.64","577.75","582.85","576.38","","+1.13%"
"May 20, 2005","576.11","583.60","583.83","576.11","","-0.87%"
"May 19, 2005","581.17","573.08","583.40","572.61","","+2.92%"
"May 18, 2005","564.69","564.94","566.32","562.24","","+0.53%"
"May 17, 2005","561.72","576.85","578.53","561.08","","-1.42%"
"May 16, 2005","569.79","576.76","576.76","569.65","","-1.40%"
"May 13, 2005","577.90","578.54","581.64","577.90","","-0.47%"
"May 12, 2005","580.62","586.02","587.86","580.02","","-1.14%"
"May 11, 2005","587.29","588.23","588.63","583.93","","-1.16%"
"May 10, 2005","594.20","601.26","601.83","593.01","","-0.93%"
"May 09, 2005","599.79","600.02","601.17","594.76","","-0.29%"
"May 06, 2005","601.54","597.88","601.87","597.88","","+1.58%"
"May 02, 2005","592.18","584.80","593.73","581.09","","+0.62%"
"Apr 28, 2005","588.53","588.16","588.72","585.30","","-0.51%"
"Apr 27, 2005","591.55","591.08","593.33","589.32","","-0.45%"
"Apr 26, 2005","594.21","600.53","600.89","592.76","","-0.43%"
"Apr 25, 2005","596.75","598.64","600.61","595.26","","-0.41%"
"Apr 22, 2005","599.19","600.51","603.45","599.16","","+1.00%"
"Apr 21, 2005","593.23","588.00","593.45","581.80","","-0.48%"
"Apr 20, 2005","596.08","609.28","610.00","593.74","","-0.83%"
"Apr 19, 2005","601.07","595.03","602.03","595.03","","+2.05%"
"Apr 18, 2005","589.01","603.25","603.30","588.29","","-3.87%"
"Apr 15, 2005","612.70","618.11","618.11","612.12","","-1.95%"
"Apr 14, 2005","624.89","621.59","624.89","619.76","","-0.44%"
"Apr 13, 2005","627.67","632.90","635.69","624.92","","-0.54%"
"Apr 12, 2005","631.08","639.58","640.46","631.08","","-1.60%"
"Apr 11, 2005","641.36","647.89","647.89","640.57","","-1.49%"
"Apr 08, 2005","651.05","647.82","651.88","645.89","","+0.70%"
"Apr 07, 2005","646.53","649.68","649.77","641.85","","+0.21%"
"Apr 06, 2005","645.16","647.91","654.26","643.13","","-0.02%"
"Apr 05, 2005","645.31","644.13","648.54","641.01","","+0.05%"
"Apr 04, 2005","644.99","647.64","648.29","644.83","","-0.97%"
"Apr 01, 2005","651.30","643.42","651.76","640.18","","+0.09%"
"Mar 31, 2005","650.73","645.98","650.73","645.77","","+1.99%"
"Mar 30, 2005","638.05","642.23","645.14","635.04","","-1.37%"
"Mar 29, 2005","646.93","661.59","661.71","645.75","","-2.30%"
"Mar 28, 2005","662.18","663.13","665.61","660.83","","-1.06%"
"Mar 25, 2005","669.27","674.39","674.39","665.76","","+0.22%"
"Mar 24, 2005","667.79","673.34","675.01","667.79","","-1.16%"
"Mar 23, 2005","675.66","680.84","680.84","671.35","","-1.21%"
"Mar 22, 2005","683.96","678.11","686.70","677.97","","+0.95%"
"Mar 18, 2005","677.52","671.76","680.16","670.51","","+1.34%"
"Mar 17, 2005","668.55","664.16","670.00","664.04","","-0.91%"
"Mar 16, 2005","674.66","671.54","676.14","667.38","","+0.22%"
"Mar 15, 2005","673.21","682.94","684.24","672.95","","-1.14%"
"Mar 14, 2005","680.95","687.61","688.46","680.95","","+0.20%"
"Mar 11, 2005","679.56","671.91","683.21","671.91","","+1.81%"
"Mar 10, 2005","667.47","668.82","678.78","667.47","","-0.37%"
"Mar 09, 2005","669.98","651.96","670.99","651.96","","+2.99%"
"Mar 08, 2005","650.51","655.38","655.38","647.68","","-0.79%"
"Mar 07, 2005","655.66","656.80","658.85","654.05","","+0.95%"
"Mar 04, 2005","649.50","644.91","649.50","640.35","","+0.74%"
"Mar 03, 2005","644.72","645.27","649.13","643.33","","+0.13%"
"Mar 02, 2005","643.89","638.68","648.39","637.54","","+1.81%"
"Mar 01, 2005","632.45","631.54","633.57","628.54","","-0.29%"
"Feb 28, 2005","634.29","635.27","637.31","633.31","","+1.00%"
"Feb 25, 2005","628.00","626.60","632.81","626.10","","+0.63%"
"Feb 24, 2005","624.06","625.06","627.14","620.62","","+0.05%"
"Feb 23, 2005","623.72","628.16","628.50","623.38","","-1.84%"
"Feb 22, 2005","635.40","637.01","638.75","633.82","","-0.39%"
"Feb 21, 2005","637.90","640.41","640.73","636.19","","-0.53%"
"Feb 18, 2005","641.32","631.34","641.32","630.17","","+1.39%"
"Feb 17, 2005","632.55","638.05","639.13","632.55","","-1.42%"
"Feb 16, 2005","641.68","644.37","649.11","639.70","","-0.49%"
"Feb 15, 2005","644.86","649.13","649.60","644.04","","-0.77%"
"Feb 14, 2005","649.88","650.56","656.45","648.19","","+1.10%"
"Feb 10, 2005","642.81","625.85","642.81","625.85","","+3.80%"
"Feb 09, 2005","619.28","606.79","619.80","606.73","","+2.50%"
"Feb 08, 2005","604.20","607.45","607.45","603.71","","-0.36%"
"Feb 07, 2005","606.40","604.51","607.37","602.22","","+0.52%"
"Feb 04, 2005","603.26","604.76","604.76","599.77","","-0.36%"
"Feb 03, 2005","605.45","609.69","609.69","603.16","","-0.15%"
"Feb 02, 2005","606.38","607.41","607.53","603.91","","+0.55%"
"Feb 01, 2005","603.05","608.72","608.89","601.12","","-0.86%"
"Jan 31, 2005","608.29","608.25","612.42","603.82","","-0.57%"
"Jan 28, 2005","611.76","615.10","616.46","608.12","","-0.02%"
"Jan 27, 2005","611.88","618.61","619.14","610.95","","-0.64%"
"Jan 26, 2005","615.80","614.26","617.22","614.21","","+0.82%"
"Jan 25, 2005","610.78","613.62","614.19","608.88","","-0.60%"
"Jan 24, 2005","614.49","608.88","614.53","608.88","","+0.52%"
"Jan 21, 2005","611.33","610.35","615.87","610.24","","-0.75%"
"Jan 20, 2005","615.98","620.48","620.48","615.35","","-1.47%"
"Jan 19, 2005","625.18","630.43","631.84","625.18","","-0.54%"
"Jan 18, 2005","628.56","633.90","634.48","626.89","","-1.08%"
"Jan 17, 2005","635.42","631.04","636.37","628.64","","+1.03%"
"Jan 14, 2005","628.93","626.90","632.11","620.45","","-0.38%"
"Jan 13, 2005","631.30","639.84","640.53","630.78","","-1.45%"
"Jan 12, 2005","640.60","645.45","646.88","640.60","","-1.13%"
"Jan 11, 2005","647.90","643.81","648.57","643.81","","+1.07%"
"Jan 07, 2005","641.03","646.88","646.89","640.72","","-0.61%"
"Jan 06, 2005","644.98","633.38","645.16","633.38","","+1.18%"
"Jan 05, 2005","637.44","641.76","642.04","637.44","","-1.81%"
"Jan 04, 2005","649.16","647.92","650.60","645.43","","-0.33%"
"Dec 30, 2004","651.34","647.28","651.34","646.45","","+1.14%"
"Dec 29, 2004","643.99","641.55","649.10","641.00","","+1.57%"
"Dec 28, 2004","634.03","623.01","634.19","622.06","","+1.33%"
"Dec 27, 2004","625.73","628.04","628.04","623.35","","+0.09%"
"Dec 24, 2004","625.14","617.29","625.62","617.26","","+1.93%"
"Dec 22, 2004","613.29","616.54","617.26","612.48","","+0.74%"
"Dec 21, 2004","608.79","606.66","613.38","606.66","","+0.51%"
"Dec 20, 2004","605.72","608.92","608.99","604.58","","-1.08%"
"Dec 17, 2004","612.36","601.76","613.71","601.27","","+1.64%"
"Dec 16, 2004","602.46","603.35","605.66","599.70","","-1.13%"
"Dec 15, 2004","609.36","610.40","613.01","608.84","","+0.51%"
"Dec 14, 2004","606.29","600.41","606.29","598.52","","+1.18%"
"Dec 13, 2004","599.22","606.23","606.80","598.71","","-1.15%"
"Dec 10, 2004","606.21","613.75","613.75","605.26","","-1.75%"
"Dec 09, 2004","617.01","618.19","619.21","606.28","","+0.16%"
"Dec 08, 2004","616.02","609.74","617.33","609.74","","-0.05%"
"Dec 07, 2004","616.31","624.51","629.21","616.31","","-1.17%"
"Dec 06, 2004","623.59","626.55","627.18","622.03","","-1.08%"
"Dec 03, 2004","630.40","633.31","634.34","627.67","","+0.37%"
"Dec 02, 2004","628.05","622.13","628.05","622.09","","+2.49%"
"Dec 01, 2004","612.77","614.44","615.34","609.30","","-1.51%"
"Nov 30, 2004","622.16","615.06","622.16","614.32","","+0.46%"
"Nov 29, 2004","619.33","604.04","619.47","604.04","","+3.05%"
"Nov 26, 2004","601.00","605.90","607.26","601.00","","-0.64%"
"Nov 25, 2004","604.90","604.87","606.60","602.63","","-0.23%"
"Nov 24, 2004","606.27","603.53","609.59","603.36","","+0.24%"
"Nov 22, 2004","604.80","610.11","610.11","602.03","","-1.99%"
"Nov 19, 2004","617.06","623.14","624.47","614.86","","-0.31%"
"Nov 18, 2004","618.95","624.14","628.24","618.52","","-0.04%"
"Nov 17, 2004","619.22","617.10","621.83","615.06","","-0.60%"
"Nov 16, 2004","622.96","623.21","624.83","619.68","","+0.41%"
"Nov 15, 2004","620.39","603.67","621.39","603.67","","+3.67%"
"Nov 12, 2004","598.42","589.58","598.42","589.58","","+1.55%"
"Nov 11, 2004","589.30","595.39","597.51","589.30","","-0.53%"
"Nov 10, 2004","592.45","591.55","593.70","589.98","","+0.12%"
"Nov 09, 2004","591.73","590.50","595.10","588.09","","-0.14%"
"Nov 08, 2004","592.53","594.82","595.37","591.38","","+0.63%"
"Nov 05, 2004","588.81","586.37","589.96","585.76","","+1.61%"
"Nov 04, 2004","579.49","584.23","587.03","579.17","","+0.59%"
"Nov 02, 2004","576.09","565.16","576.09","565.16","","+2.60%"
"Nov 01, 2004","561.48","565.66","565.66","560.75","","-1.18%"
"Oct 29, 2004","568.19","575.30","575.62","565.00","","-2.54%"
"Oct 28, 2004","583.02","569.73","583.56","569.69","","+3.82%"
"Oct 27, 2004","561.56","572.54","573.37","560.42","","-1.38%"
"Oct 26, 2004","569.41","572.27","572.50","567.43","","-0.53%"
"Oct 25, 2004","572.47","576.60","576.60","568.69","","-1.99%"
"Oct 22, 2004","584.09","580.41","587.13","580.28","","+0.81%"
"Oct 21, 2004","579.37","587.08","589.23","577.54","","-1.44%"
"Oct 20, 2004","587.81","589.76","589.76","585.01","","-1.01%"
"Oct 19, 2004","593.82","594.66","595.20","592.10","","+0.57%"
"Oct 18, 2004","590.46","596.75","596.75","588.81","","-1.07%"
"Oct 15, 2004","596.85","592.12","596.97","588.91","","-0.08%"
"Oct 14, 2004","597.34","603.66","603.66","597.33","","-1.97%"
"Oct 13, 2004","609.36","614.26","616.34","609.12","","-0.76%"
"Oct 12, 2004","614.05","617.33","621.36","613.50","","-1.00%"
"Oct 08, 2004","620.24","616.44","620.96","616.44","","-0.72%"
"Oct 07, 2004","624.71","632.16","632.75","624.71","","-0.77%"
"Oct 06, 2004","629.58","618.77","629.58","618.16","","+0.49%"
"Oct 05, 2004","626.50","627.03","627.06","623.52","","-0.42%"
"Oct 04, 2004","629.13","618.37","629.13","618.37","","+3.19%"
"Oct 01, 2004","609.70","596.90","609.91","596.78","","+2.43%"
"Sep 30, 2004","595.21","591.88","596.67","591.68","","+1.40%"
"Sep 29, 2004","587.02","595.46","595.56","586.61","","-0.92%"
"Sep 28, 2004","592.50","591.78","593.35","585.73","","-1.22%"
"Sep 27, 2004","599.80","600.40","601.21","594.03","","-0.38%"
"Sep 24, 2004","602.09","607.53","607.53","599.71","","-2.02%"
"Sep 22, 2004","614.49","619.78","620.75","611.81","","-0.04%"
"Sep 21, 2004","614.72","619.66","619.66","613.43","","-0.68%"
"Sep 17, 2004","618.92","623.28","623.62","616.56","","-0.59%"
"Sep 16, 2004","622.61","626.86","628.28","621.89","","-1.55%"
"Sep 15, 2004","632.40","639.05","639.85","632.40","","-1.39%"
"Sep 14, 2004","641.32","645.41","646.85","640.75","","-0.37%"
"Sep 13, 2004","643.67","641.05","644.80","638.95","","+1.05%"
"Sep 10, 2004","637.01","644.84","644.84","630.50","","-1.23%"
"Sep 09, 2004","644.94","649.72","651.89","644.37","","-0.94%"
"Sep 08, 2004","651.04","649.17","656.27","648.57","","+1.18%"
"Sep 07, 2004","643.45","644.57","644.86","639.03","","+0.19%"
"Sep 06, 2004","642.20","632.62","642.85","631.08","","+1.76%"
"Sep 03, 2004","631.08","638.16","638.84","630.79","","-0.92%"
"Sep 02, 2004","636.93","639.90","640.73","633.60","","-0.13%"
"Sep 01, 2004","637.73","636.67","640.14","635.47","","+0.12%"
"Aug 31, 2004","636.99","639.16","641.90","634.14","","-1.53%"
"Aug 30, 2004","646.86","651.75","652.11","643.58","","-0.85%"
"Aug 27, 2004","652.43","647.21","652.43","642.62","","+0.84%"
"Aug 26, 2004","647.01","648.39","656.19","645.65","","+1.46%"
"Aug 25, 2004","637.68","621.99","638.55","619.23","","+2.33%"
"Aug 24, 2004","623.16","625.44","627.41","618.82","","-0.26%"
"Aug 23, 2004","624.79","627.43","631.85","624.79","","+0.61%"
"Aug 20, 2004","621.03","619.98","625.43","616.99","","-0.12%"
"Aug 19, 2004","621.76","613.63","622.59","612.86","","+2.36%"
"Aug 18, 2004","607.45","611.20","613.41","601.91","","-0.46%"
"Aug 17, 2004","610.26","614.18","617.63","609.78","","+0.29%"
"Aug 16, 2004","608.50","619.07","619.09","601.28","","-2.81%"
"Aug 13, 2004","626.08","632.84","633.27","625.60","","-2.76%"
"Aug 12, 2004","643.86","645.09","651.13","641.01","","-0.77%"
"Aug 11, 2004","648.84","642.76","651.78","642.18","","+2.25%"
"Aug 10, 2004","634.54","623.43","639.14","622.52","","+1.67%"
"Aug 09, 2004","624.11","622.51","624.83","616.75","","-1.53%"
"Aug 06, 2004","633.80","633.85","636.47","631.75","","-1.78%"
"Aug 05, 2004","645.28","647.52","648.75","640.44","","+0.39%"
"Aug 04, 2004","642.75","645.90","645.90","628.96","","-1.43%"
"Aug 03, 2004","652.09","660.06","662.24","648.57","","-1.24%"
"Aug 02, 2004","660.25","656.25","664.59","654.68","","+1.07%"
"Jul 30, 2004","653.29","646.06","653.67","645.66","","+2.29%"
"Jul 29, 2004","638.64","651.85","651.94","637.40","","-2.36%"
"Jul 28, 2004","654.09","651.61","655.50","646.12","","+1.74%"
"Jul 27, 2004","642.88","648.14","653.90","641.59","","-0.99%"
"Jul 26, 2004","649.34","653.15","653.15","646.94","","-1.47%"
"Jul 23, 2004","659.02","666.18","667.41","657.93","","-1.26%"
"Jul 22, 2004","667.42","664.25","669.95","660.83","","-0.78%"
"Jul 21, 2004","672.66","677.94","680.00","671.87","","-0.09%"
"Jul 20, 2004","673.24","672.04","677.90","667.60","","-0.84%"
"Jul 16, 2004","678.91","669.85","681.81","661.60","","+0.97%"
"Jul 15, 2004","672.42","683.46","685.21","666.70","","-1.55%"
"Jul 14, 2004","683.01","691.66","701.97","682.56","","+0.41%"
"Jul 13, 2004","680.25","676.49","680.25","671.81","","+0.24%"
"Jul 12, 2004","678.63","668.74","684.02","668.14","","+2.65%"
"Jul 09, 2004","661.11","654.15","661.11","653.87","","+1.02%"
"Jul 08, 2004","654.43","663.84","666.27","654.41","","-1.27%"
"Jul 07, 2004","662.84","656.81","667.51","651.46","","-0.21%"
"Jul 06, 2004","664.24","675.23","679.12","664.24","","-1.74%"
"Jul 05, 2004","675.99","678.20","678.38","673.27","","-1.38%"
"Jul 02, 2004","685.46","689.70","689.70","681.81","","-1.65%"
"Jul 01, 2004","696.94","707.89","708.87","695.89","","-0.72%"
"Jun 30, 2004","702.00","704.58","704.79","698.86","","-0.40%"
"Jun 29, 2004","704.83","697.67","706.60","695.62","","+0.86%"
"Jun 28, 2004","698.82","691.05","698.82","689.51","","+1.43%"
"Jun 25, 2004","688.98","686.12","689.82","681.22","","+0.66%"
"Jun 24, 2004","684.45","683.13","686.30","677.41","","+0.95%"
"Jun 23, 2004","678.01","694.25","694.73","677.20","","-1.93%"
"Jun 22, 2004","691.37","701.45","701.47","687.17","","-2.47%"
"Jun 21, 2004","708.90","706.50","713.74","705.97","","+1.18%"
"Jun 18, 2004","700.65","712.56","714.49","699.43","","-1.75%"
"Jun 17, 2004","713.15","717.47","719.66","709.18","","-0.87%"
"Jun 16, 2004","719.40","709.37","720.02","709.37","","+2.59%"
"Jun 15, 2004","701.24","706.53","707.26","697.30","","-1.31%"
"Jun 14, 2004","710.53","714.08","718.57","710.49","","-0.82%"
"Jun 11, 2004","716.38","717.51","725.25","716.38","","-0.03%"
"Jun 10, 2004","716.61","700.24","718.37","697.88","","+1.74%"
"Jun 09, 2004","704.37","704.30","708.14","697.77","","-0.10%"
"Jun 08, 2004","705.10","713.44","715.92","703.59","","+0.28%"
"Jun 07, 2004","703.16","681.69","704.39","681.57","","+4.48%"
"Jun 04, 2004","672.98","677.54","680.54","666.40","","-0.66%"
"Jun 03, 2004","677.44","696.14","698.71","673.18","","-2.80%"
"Jun 02, 2004","696.93","707.62","707.62","696.15","","-1.77%"
"Jun 01, 2004","709.51","697.55","710.26","697.55","","+0.45%"
"May 31, 2004","706.35","707.93","707.95","693.72","","-0.44%"
"May 28, 2004","709.50","702.86","712.30","702.86","","+1.97%"
"May 27, 2004","695.76","699.05","701.06","694.01","","-0.17%"
"May 26, 2004","696.94","703.36","709.47","696.38","","+0.73%"
"May 25, 2004","691.91","704.24","704.24","691.71","","-2.69%"
"May 24, 2004","711.07","706.24","717.52","705.35","","+0.67%"
"May 21, 2004","706.36","695.40","706.36","695.40","","+2.47%"
"May 20, 2004","689.30","696.56","711.49","685.65","","-0.48%"
"May 19, 2004","692.62","674.28","695.86","670.99","","+3.29%"
"May 18, 2004","670.55","649.60","670.55","648.53","","+4.17%"
"May 17, 2004","643.68","668.82","668.82","633.43","","-4.57%"
"May 14, 2004","674.48","682.16","687.34","670.28","","-1.11%"
"May 13, 2004","682.07","697.61","697.61","681.01","","-2.94%"
"May 12, 2004","702.70","684.55","704.73","684.55","","+4.39%"
"May 11, 2004","673.18","677.71","694.62","672.64","","-0.39%"
"May 10, 2004","675.80","722.81","723.45","675.79","","-7.71%"
"May 07, 2004","732.23","735.04","745.99","731.04","","-1.73%"
"May 06, 2004","745.15","768.11","771.58","745.15","","-2.46%"
"Apr 30, 2004","763.96","771.65","771.97","757.72","","-2.58%"
"Apr 28, 2004","784.21","786.51","788.67","781.18","","+0.81%"
"Apr 27, 2004","777.89","786.44","786.92","776.19","","-2.14%"
"Apr 26, 2004","794.87","800.46","801.22","792.47","","-0.25%"
"Apr 23, 2004","796.87","793.74","796.87","782.07","","+1.39%"
"Apr 22, 2004","785.96","806.81","808.51","785.96","","-1.82%"
"Apr 21, 2004","800.51","795.61","809.31","793.01","","+0.18%"
"Apr 20, 2004","799.05","779.53","803.81","772.80","","+3.57%"
"Apr 19, 2004","771.47","789.84","789.84","762.22","","-2.26%"
"Apr 16, 2004","789.32","798.58","804.19","787.56","","-1.08%"
"Apr 15, 2004","797.97","825.10","832.44","795.60","","-2.77%"
"Apr 14, 2004","820.69","812.85","823.34","811.74","","+0.40%"
"Apr 13, 2004","817.43","823.40","828.19","815.85","","+0.28%"
"Apr 12, 2004","815.15","798.15","815.15","798.15","","+2.11%"
"Apr 09, 2004","798.34","811.72","811.72","792.87","","-3.06%"
"Apr 08, 2004","823.56","824.50","826.34","817.17","","-0.51%"
"Apr 07, 2004","827.75","821.13","838.05","820.14","","+0.13%"
"Apr 06, 2004","826.70","811.99","826.70","796.58","","+2.62%"
"Apr 05, 2004","805.57","806.80","808.92","802.75","","+1.03%"
"Apr 02, 2004","797.37","797.13","799.62","791.30","","+0.79%"
"Apr 01, 2004","791.09","801.47","802.78","787.40","","-0.77%"
"Mar 31, 2004","797.20","788.78","797.20","778.82","","+0.79%"
"Mar 30, 2004","790.96","808.89","810.26","786.31","","-1.32%"
"Mar 29, 2004","801.52","802.83","810.54","797.00","","+0.59%"
"Mar 26, 2004","796.84","801.83","808.31","796.00","","+0.42%"
"Mar 25, 2004","793.53","790.95","794.77","786.46","","+1.80%"
"Mar 24, 2004","779.47","764.37","779.83","757.93","","+2.20%"
"Mar 23, 2004","762.66","756.09","765.22","740.51","","-0.63%"
"Mar 22, 2004","767.51","766.93","773.31","765.80","","-0.69%"
"Mar 19, 2004","772.82","767.55","779.50","765.61","","-0.14%"
"Mar 18, 2004","773.89","785.44","793.10","772.19","","+0.01%"
"Mar 17, 2004","773.85","769.07","775.92","768.19","","+2.04%"
"Mar 16, 2004","758.40","747.12","772.76","745.74","","+0.73%"
"Mar 15, 2004","752.87","734.11","754.35","734.11","","+4.20%"
"Mar 12, 2004","722.53","729.05","731.40","717.89","","-2.40%"
"Mar 11, 2004","740.29","731.54","742.64","725.47","","-0.34%"
"Mar 10, 2004","742.82","746.11","749.17","736.82","","-0.80%"
"Mar 09, 2004","748.78","731.37","748.78","729.94","","+1.26%"
"Mar 08, 2004","739.47","749.89","751.56","738.94","","-1.05%"
"Mar 05, 2004","747.32","745.61","751.23","731.91","","+1.33%"
"Mar 04, 2004","737.53","725.15","740.58","724.36","","+1.63%"
"Mar 03, 2004","725.70","723.31","731.48","718.40","","+0.19%"
"Mar 02, 2004","724.35","725.33","729.81","713.06","","+1.38%"
"Mar 01, 2004","714.46","698.35","716.25","698.35","","+3.39%"
"Feb 27, 2004","691.03","659.98","692.28","659.61","","+5.76%"
"Feb 26, 2004","653.40","646.09","653.40","643.91","","+1.92%"
"Feb 25, 2004","641.11","644.77","650.73","640.56","","-0.74%"
"Feb 24, 2004","645.89","659.82","662.54","645.89","","-2.83%"
"Feb 23, 2004","664.72","658.88","669.18","658.39","","+0.95%"
"Feb 20, 2004","658.47","659.06","663.40","656.00","","+0.05%"
"Feb 19, 2004","658.17","672.07","674.40","656.18","","-1.29%"
"Feb 18, 2004","666.77","682.86","684.63","666.77","","-1.54%"
"Feb 17, 2004","677.19","670.12","677.32","663.73","","+0.38%"
"Feb 16, 2004","674.61","668.02","676.07","664.32","","+1.60%"
"Feb 13, 2004","664.00","650.47","664.95","649.06","","+2.65%"
"Feb 12, 2004","646.83","648.54","650.93","644.61","","+1.30%"
"Feb 10, 2004","638.50","639.05","644.67","630.39","","-0.14%"
"Feb 09, 2004","639.37","660.78","663.52","637.58","","-1.88%"
"Feb 06, 2004","651.61","644.92","652.55","644.40","","+1.86%"
"Feb 05, 2004","639.70","629.89","647.97","629.46","","+0.43%"
"Feb 04, 2004","636.98","657.53","657.85","635.77","","-3.47%"
"Feb 03, 2004","659.87","671.80","672.66","655.92","","-1.66%"
"Feb 02, 2004","671.02","676.04","682.47","671.02","","-1.36%"
"Jan 30, 2004","680.24","689.83","693.98","678.95","","-2.28%"
"Jan 29, 2004","696.12","705.60","705.74","690.95","","-2.52%"
"Jan 28, 2004","714.11","712.21","717.03","709.67","","-0.66%"
"Jan 27, 2004","718.85","730.27","732.68","718.62","","-0.36%"
"Jan 26, 2004","721.47","726.79","727.83","716.66","","-1.85%"
"Jan 23, 2004","735.10","728.63","738.22","724.82","","+0.90%"
"Jan 22, 2004","728.56","739.32","739.87","725.59","","-0.62%"
"Jan 21, 2004","733.14","730.39","743.17","728.29","","-0.27%"
"Jan 20, 2004","735.12","738.24","749.85","728.83","","-0.62%"
"Jan 19, 2004","739.71","702.90","739.71","701.59","","+6.85%"
"Jan 16, 2004","692.26","681.80","692.68","681.72","","+1.97%"
"Jan 15, 2004","678.86","693.53","693.53","676.65","","-1.86%"
"Jan 14, 2004","691.71","684.06","693.05","681.00","","-0.09%"
"Jan 13, 2004","692.36","705.38","705.38","686.74","","-1.47%"
"Jan 09, 2004","702.67","707.20","708.28","693.34","","+0.08%"
"Jan 08, 2004","702.11","694.98","707.62","693.26","","+1.15%"
"Jan 07, 2004","694.16","696.74","704.02","689.38","","-0.45%"
"Jan 06, 2004","697.31","718.00","720.02","695.51","","-1.81%"
"Jan 05, 2004","710.17","713.46","716.80","709.32","","+1.06%"
"Dec 30, 2003","702.75","690.09","703.25","689.74","","+3.09%"
"Dec 29, 2003","681.66","665.33","684.59","665.15","","+3.22%"
"Dec 26, 2003","660.41","655.51","660.41","653.44","","+1.48%"
"Dec 25, 2003","650.76","645.88","650.95","644.29","","+0.63%"
"Dec 24, 2003","646.68","652.38","652.52","646.68","","+0.17%"
"Dec 22, 2003","645.58","641.62","649.13","641.43","","-0.11%"
"Dec 19, 2003","646.29","651.43","653.53","645.05","","+0.91%"
"Dec 18, 2003","640.49","635.80","651.66","635.74","","-0.41%"
"Dec 17, 2003","643.13","663.20","665.15","643.13","","-2.56%"
"Dec 16, 2003","660.06","670.79","670.79","652.77","","-3.22%"
"Dec 15, 2003","682.02","653.27","682.02","653.27","","+6.23%"
"Dec 12, 2003","642.04","644.53","650.70","638.14","","+1.35%"
"Dec 11, 2003","633.47","631.35","637.82","621.72","","+1.42%"
"Dec 10, 2003","624.60","640.38","640.38","620.49","","-4.11%"
"Dec 09, 2003","651.38","656.85","662.76","644.49","","-0.30%"
"Dec 08, 2003","653.35","677.53","677.61","651.94","","-5.04%"
"Dec 05, 2003","688.06","700.43","702.85","686.57","","-1.57%"
"Dec 04, 2003","699.03","694.75","702.52","694.75","","+0.70%"
"Dec 03, 2003","694.17","701.19","703.44","689.41","","-1.21%"
"Dec 02, 2003","702.67","702.16","708.74","698.78","","+1.25%"
"Dec 01, 2003","694.00","661.70","697.33","646.80","","+3.43%"
"Nov 28, 2003","670.99","680.67","685.25","669.90","","-1.68%"
"Nov 27, 2003","682.43","679.22","688.72","671.42","","+0.44%"
"Nov 26, 2003","679.44","669.28","680.71","669.28","","+0.98%"
"Nov 25, 2003","672.85","656.01","675.67","656.01","","+4.35%"
"Nov 21, 2003","644.78","635.33","653.61","629.79","","+0.14%"
"Nov 20, 2003","643.85","625.24","646.76","625.10","","+4.85%"
"Nov 19, 2003","614.06","624.86","624.86","613.76","","-3.33%"
"Nov 18, 2003","635.22","615.63","635.22","606.37","","+2.88%"
"Nov 17, 2003","617.42","652.90","652.90","614.09","","-7.03%"
"Nov 14, 2003","664.09","675.04","679.99","661.03","","-1.52%"
"Nov 13, 2003","674.32","672.64","683.90","668.95","","+1.95%"
"Nov 12, 2003","661.40","666.48","678.97","653.18","","-0.30%"
"Nov 11, 2003","663.37","679.80","679.80","641.62","","-4.02%"
"Nov 10, 2003","691.13","717.38","720.02","691.13","","-3.85%"
"Nov 07, 2003","718.82","718.20","725.52","711.32","","+0.99%"
"Nov 06, 2003","711.75","733.12","733.86","711.75","","-3.72%"
"Nov 05, 2003","739.25","740.12","740.12","722.35","","-0.77%"
"Nov 04, 2003","745.01","752.40","763.45","741.67","","+0.60%"
"Oct 31, 2003","740.58","751.85","755.05","725.39","","-2.10%"
"Oct 30, 2003","756.49","765.70","766.27","753.95","","-1.90%"
"Oct 29, 2003","771.13","770.13","783.09","757.86","","+1.68%"
"Oct 28, 2003","758.36","747.70","766.04","744.71","","+2.50%"
"Oct 27, 2003","739.89","737.48","749.74","737.48","","-0.44%"
"Oct 24, 2003","743.18","729.38","764.28","728.11","","+3.54%"
"Oct 23, 2003","717.75","774.21","774.21","717.75","","-8.67%"
"Oct 22, 2003","785.91","815.40","816.25","782.60","","-4.22%"
"Oct 21, 2003","820.56","873.30","880.48","819.19","","-4.80%"
"Oct 20, 2003","861.91","822.36","892.30","821.97","","+6.17%"
"Oct 17, 2003","811.79","791.56","811.79","791.56","","+3.95%"
"Oct 16, 2003","780.96","748.61","780.96","742.82","","+4.88%"
"Oct 15, 2003","744.65","755.39","755.39","740.68","","-0.50%"
"Oct 14, 2003","748.41","746.18","753.06","744.88","","+1.65%"
"Oct 10, 2003","736.28","714.36","738.15","713.12","","+3.47%"
"Oct 09, 2003","711.58","710.88","713.64","707.62","","-0.26%"
"Oct 08, 2003","713.46","720.79","724.74","713.46","","-2.15%"
"Oct 07, 2003","729.16","728.63","731.23","717.30","","+0.52%"
"Oct 06, 2003","725.40","740.22","743.66","725.40","","-0.73%"
"Oct 03, 2003","730.71","728.76","731.51","715.86","","+0.29%"
"Oct 02, 2003","728.60","695.53","733.19","695.53","","+6.51%"
"Oct 01, 2003","684.09","678.55","684.09","673.09","","+0.75%"
"Sep 30, 2003","678.98","689.26","689.71","678.98","","-0.20%"
"Sep 29, 2003","680.32","696.46","696.46","680.32","","-1.55%"
"Sep 26, 2003","691.04","669.64","694.19","669.64","","+2.08%"
"Sep 25, 2003","676.93","670.01","681.85","663.94","","-0.81%"
"Sep 24, 2003","682.49","690.32","700.08","673.39","","-1.53%"
"Sep 22, 2003","693.10","711.17","711.17","689.73","","-3.85%"
"Sep 19, 2003","720.86","735.33","738.26","717.00","","-0.53%"
"Sep 18, 2003","724.71","723.79","726.77","714.60","","-0.25%"
"Sep 17, 2003","726.51","729.38","738.57","724.32","","+1.15%"
"Sep 16, 2003","718.24","703.54","718.24","703.41","","+3.35%"
"Sep 12, 2003","694.98","693.35","698.88","686.44","","+1.69%"
"Sep 11, 2003","683.45","700.69","700.71","682.94","","-3.95%"
"Sep 10, 2003","711.52","711.11","715.98","707.43","","-0.63%"
"Sep 09, 2003","716.03","700.61","716.03","700.24","","+3.75%"
"Sep 08, 2003","690.13","680.91","692.59","676.15","","-0.12%"
"Sep 05, 2003","690.98","700.82","701.20","688.17","","-0.84%"
"Sep 04, 2003","696.85","709.59","715.42","696.78","","-0.98%"
"Sep 03, 2003","703.78","708.88","711.60","696.66","","+0.87%"
"Sep 02, 2003","697.70","685.01","697.73","678.46","","+2.03%"
"Sep 01, 2003","683.81","653.44","683.81","651.64","","+6.30%"
"Aug 29, 2003","643.28","649.76","649.89","639.72","","+0.06%"
"Aug 28, 2003","642.89","651.54","653.87","641.11","","-1.12%"
"Aug 27, 2003","650.18","658.62","662.46","650.18","","-0.38%"
"Aug 26, 2003","652.63","637.80","655.72","634.72","","+1.38%"
"Aug 25, 2003","643.72","661.90","662.04","642.00","","-4.19%"
"Aug 22, 2003","671.87","684.21","684.21","668.86","","-0.32%"
"Aug 21, 2003","674.02","661.64","675.18","659.43","","+1.34%"
"Aug 20, 2003","665.14","663.05","667.17","652.16","","+0.78%"
"Aug 19, 2003","660.00","657.41","663.28","655.95","","+1.77%"
"Aug 18, 2003","648.49","638.95","649.01","636.99","","+2.64%"
"Aug 15, 2003","631.79","639.14","647.84","630.38","","+0.44%"
"Aug 14, 2003","629.03","610.44","629.03","608.12","","+2.93%"
"Aug 13, 2003","611.10","595.15","612.32","595.15","","+3.94%"
"Aug 12, 2003","587.94","588.24","593.20","584.09","","+0.67%"
"Aug 11, 2003","584.05","569.32","584.69","567.65","","+3.38%"
"Aug 08, 2003","564.95","559.16","567.03","558.55","","+1.03%"
"Aug 07, 2003","559.20","563.80","571.23","558.71","","-0.19%"
"Aug 06, 2003","560.27","565.15","565.94","557.70","","-2.46%"
"Aug 05, 2003","574.40","584.06","584.06","566.60","","-1.90%"
"Aug 04, 2003","585.54","592.30","592.41","585.54","","-2.81%"
"Aug 01, 2003","602.45","608.84","609.91","596.73","","-0.21%"
"Jul 31, 2003","603.70","610.34","610.34","591.39","","-1.50%"
"Jul 30, 2003","612.87","622.90","625.22","612.87","","-2.95%"
"Jul 29, 2003","631.49","638.49","638.49","627.29","","-0.19%"
"Jul 28, 2003","632.72","631.38","638.37","629.11","","+2.06%"
"Jul 25, 2003","619.95","621.46","626.56","613.48","","-0.60%"
"Jul 24, 2003","623.71","618.30","628.57","617.69","","+2.13%"
"Jul 23, 2003","610.71","595.76","610.71","595.76","","+4.42%"
"Jul 22, 2003","584.86","591.03","592.13","579.58","","-1.46%"
"Jul 18, 2003","593.52","586.89","600.05","583.87","","+0.17%"
"Jul 17, 2003","592.54","609.36","609.36","591.19","","-4.36%"
"Jul 16, 2003","619.57","630.30","632.12","609.66","","-0.92%"
"Jul 15, 2003","625.34","611.73","635.04","611.46","","+4.05%"
"Jul 14, 2003","601.02","610.94","612.20","597.15","","-0.35%"
"Jul 11, 2003","603.12","624.82","624.82","602.18","","-5.10%"
"Jul 10, 2003","635.52","647.16","650.15","635.52","","-2.30%"
"Jul 09, 2003","650.48","658.31","659.18","636.87","","-1.40%"
"Jul 08, 2003","659.71","657.36","677.40","652.52","","+2.01%"
"Jul 07, 2003","646.74","617.50","650.46","617.50","","+5.57%"
"Jul 04, 2003","612.62","601.11","615.60","591.11","","+0.17%"
"Jul 03, 2003","611.61","627.74","668.26","602.59","","-0.89%"
"Jul 02, 2003","617.09","584.30","617.09","584.30","","+7.57%"
"Jul 01, 2003","573.64","556.42","575.83","554.87","","+3.38%"
"Jun 30, 2003","554.88","550.43","561.81","548.91","","+1.28%"
"Jun 27, 2003","547.85","536.29","548.12","536.29","","+3.65%"
"Jun 26, 2003","528.56","516.10","528.56","513.73","","+1.98%"
"Jun 25, 2003","518.28","521.77","526.93","518.28","","-0.88%"
"Jun 24, 2003","522.89","542.54","542.69","522.68","","-5.19%"
"Jun 23, 2003","551.50","538.63","552.45","538.63","","+3.57%"
"Jun 20, 2003","532.49","527.71","532.74","525.19","","-0.35%"
"Jun 19, 2003","534.36","537.63","540.79","523.10","","+0.15%"
"Jun 18, 2003","533.55","523.52","537.69","523.52","","+3.20%"
"Jun 17, 2003","517.03","502.08","520.08","502.08","","+4.63%"
"Jun 16, 2003","494.16","507.77","507.77","491.78","","-4.09%"
"Jun 13, 2003","515.25","516.77","521.03","512.45","","-0.02%"
"Jun 12, 2003","515.35","512.91","520.82","512.91","","+2.02%"
"Jun 11, 2003","505.13","505.17","516.33","505.13","","+1.57%"
"Jun 10, 2003","497.30","502.49","502.49","490.18","","-2.42%"
"Jun 09, 2003","509.62","494.06","512.99","489.45","","+3.55%"
"Jun 06, 2003","492.15","486.93","492.92","480.39","","+1.99%"
"Jun 05, 2003","482.56","473.49","482.69","473.46","","+3.49%"
"Jun 04, 2003","466.29","463.09","470.97","463.09","","+1.87%"
"Jun 03, 2003","457.72","454.87","459.60","447.15","","+0.22%"
"Jun 02, 2003","456.70","436.88","458.23","436.82","","+6.25%"
"May 30, 2003","429.84","433.08","437.10","429.84","","-0.88%"
"May 29, 2003","433.65","429.53","435.23","429.25","","+1.95%"
"May 28, 2003","425.37","424.84","430.27","424.80","","+1.83%"
"May 27, 2003","417.72","425.37","426.44","417.72","","-2.93%"
"May 26, 2003","430.33","426.32","433.35","426.32","","+1.40%"
"May 23, 2003","424.37","417.44","424.37","416.07","","+2.97%"
"May 22, 2003","412.13","405.39","412.40","404.59","","+1.90%"
"May 21, 2003","404.45","406.66","409.71","403.39","","-0.27%"
"May 20, 2003","405.55","398.02","408.02","398.02","","+0.92%"
"May 19, 2003","401.85","406.27","409.14","400.01","","-2.45%"
"May 16, 2003","411.95","413.27","417.78","410.85","","-0.54%"
"May 15, 2003","414.17","428.72","428.72","414.17","","-4.45%"
"May 14, 2003","433.47","429.66","434.20","427.80","","+0.59%"
"May 13, 2003","430.93","431.96","438.05","430.30","","+0.59%"
"May 12, 2003","428.41","427.42","429.77","425.82","","+1.19%"
"May 09, 2003","423.37","420.30","425.39","418.54","","+0.73%"
"May 08, 2003","420.31","424.96","425.59","420.31","","-1.82%"
"May 07, 2003","428.10","428.62","429.82","424.18","","+1.23%"
"May 06, 2003","422.90","414.97","424.45","414.97","","+3.38%"
"May 02, 2003","409.08","400.46","409.08","395.97","","+1.74%"
"May 01, 2003","402.08","397.88","408.43","394.49","","+0.39%"
"Apr 30, 2003","400.51","387.66","400.51","387.66","","+4.87%"
"Apr 28, 2003","381.90","382.08","385.57","380.28","","-0.36%"
"Apr 25, 2003","383.28","388.04","388.12","381.04","","-1.73%"
"Apr 24, 2003","390.04","387.97","394.00","387.97","","+1.88%"
"Apr 23, 2003","382.85","386.01","388.43","380.49","","-0.29%"
"Apr 22, 2003","383.95","396.40","396.40","382.35","","-3.69%"
"Apr 21, 2003","398.64","390.26","398.64","389.29","","+2.60%"
"Apr 18, 2003","388.55","387.19","390.10","386.22","","+1.55%"
"Apr 17, 2003","382.63","376.99","383.98","376.37","","+1.02%"
"Apr 16, 2003","378.76","389.87","391.38","378.76","","-1.61%"
"Apr 15, 2003","384.96","381.45","387.26","381.45","","+1.35%"
"Apr 14, 2003","379.85","394.88","395.56","375.07","","-4.90%"
"Apr 11, 2003","399.43","405.28","409.35","398.14","","-1.48%"
"Apr 10, 2003","405.42","412.59","413.19","404.26","","-2.12%"
"Apr 09, 2003","414.20","415.36","419.86","412.32","","-0.79%"
"Apr 08, 2003","417.50","419.03","419.95","415.01","","-1.67%"
"Apr 07, 2003","424.58","420.03","424.58","414.46","","+1.93%"
"Apr 04, 2003","416.56","413.27","418.04","410.62","","-0.07%"
"Apr 03, 2003","416.86","424.96","428.05","415.93","","-0.50%"
"Apr 02, 2003","418.95","418.57","419.05","408.58","","+1.46%"
"Apr 01, 2003","412.93","412.20","421.59","408.45","","-0.27%"
"Mar 31, 2003","414.05","435.37","435.37","414.05","","-5.93%"
"Mar 28, 2003","440.14","448.72","448.72","439.37","","-1.56%"
"Mar 27, 2003","447.13","444.75","449.05","444.75","","-0.39%"
"Mar 26, 2003","448.88","442.15","450.47","442.15","","+1.94%"
"Mar 25, 2003","440.33","453.25","453.31","439.59","","-4.41%"
"Mar 24, 2003","460.66","460.17","464.94","458.36","","+1.72%"
"Mar 20, 2003","452.87","437.68","453.70","435.86","","+5.06%"
"Mar 19, 2003","431.06","424.22","431.06","418.06","","+1.55%"
"Mar 18, 2003","424.49","414.60","435.24","414.60","","+3.96%"
"Mar 17, 2003","408.31","425.02","425.02","408.31","","-3.79%"
"Mar 14, 2003","424.40","426.56","434.32","424.40","","+0.71%"
"Mar 13, 2003","421.39","427.03","428.64","419.34","","-0.84%"
"Mar 12, 2003","424.94","421.88","428.83","419.48","","+2.08%"
"Mar 11, 2003","416.30","416.85","425.83","412.21","","-1.57%"
"Mar 10, 2003","422.94","436.03","436.13","418.72","","-4.44%"
"Mar 07, 2003","442.61","459.09","459.09","441.11","","-4.90%"
"Mar 06, 2003","465.42","469.83","473.14","465.42","","-1.13%"
"Mar 05, 2003","470.75","469.74","473.90","467.61","","-1.22%"
"Mar 04, 2003","476.54","475.44","479.98","474.62","","-0.10%"
"Mar 03, 2003","477.04","471.32","477.04","468.78","","+1.41%"
"Feb 28, 2003","470.42","476.91","477.61","470.42","","+0.10%"
"Feb 27, 2003","469.97","470.54","471.57","464.38","","-0.06%"
"Feb 26, 2003","470.25","479.54","487.43","470.25","","-1.88%"
"Feb 25, 2003","479.26","494.36","494.53","477.91","","-4.19%"
"Feb 24, 2003","500.23","495.58","500.55","493.72","","+0.58%"
"Feb 21, 2003","497.35","501.18","504.77","496.61","","-1.77%"
"Feb 20, 2003","506.32","502.00","506.32","500.99","","+0.55%"
"Feb 19, 2003","503.57","520.88","522.01","503.57","","-2.85%"
"Feb 18, 2003","518.32","517.16","519.16","513.92","","+0.37%"
"Feb 17, 2003","516.42","510.78","516.79","510.71","","+2.40%"
"Feb 14, 2003","504.30","504.02","510.35","502.85","","-0.59%"
"Feb 13, 2003","507.28","507.07","511.16","503.69","","-0.38%"
"Feb 12, 2003","509.23","506.09","510.79","504.28","","+1.24%"
"Feb 10, 2003","502.98","491.71","502.98","491.71","","+1.95%"
"Feb 07, 2003","493.38","494.26","496.56","488.85","","-0.46%"
"Feb 06, 2003","495.67","500.08","506.97","494.42","","-0.74%"
"Feb 05, 2003","499.38","492.11","508.64","492.11","","+0.11%"
"Feb 04, 2003","498.81","497.94","505.86","497.52","","+1.60%"
"Feb 03, 2003","490.94","471.37","490.94","467.63","","+3.43%"
"Jan 31, 2003","474.68","472.43","478.44","467.24","","+0.36%"
"Jan 30, 2003","472.96","473.79","478.75","471.84","","+0.66%"
"Jan 29, 2003","469.84","481.58","484.26","468.43","","-1.99%"
"Jan 28, 2003","479.37","487.97","487.97","478.22","","-3.21%"
"Jan 27, 2003","495.26","502.53","502.94","493.85","","-3.07%"
"Jan 24, 2003","510.96","504.48","513.57","503.96","","+2.31%"
"Jan 23, 2003","499.42","496.04","499.76","487.51","","+0.55%"
"Jan 22, 2003","496.68","497.48","502.63","496.46","","+1.01%"
"Jan 21, 2003","491.71","483.84","494.04","483.39","","+1.34%"
"Jan 20, 2003","485.20","485.44","490.70","477.53","","-0.75%"
"Jan 17, 2003","488.87","474.41","491.76","474.21","","+3.75%"
"Jan 16, 2003","471.22","458.30","471.22","454.44","","+3.02%"
"Jan 15, 2003","457.40","445.39","457.40","443.85","","+2.93%"
"Jan 14, 2003","444.40","446.75","448.25","442.44","","-0.31%"
"Jan 10, 2003","445.76","439.31","445.76","437.85","","+1.46%"
"Jan 09, 2003","439.35","432.13","439.35","430.88","","+0.46%"
"Jan 08, 2003","437.32","448.16","448.25","437.32","","-2.58%"
"Jan 07, 2003","448.91","457.47","460.12","448.91","","-0.35%"
"Jan 06, 2003","450.48","449.78","453.53","448.74","","+1.63%"
"Dec 30, 2002","443.27","440.44","443.97","439.29","","-0.48%"
"Dec 27, 2002","445.40","440.86","449.25","439.50","","+0.91%"
"Dec 26, 2002","441.37","437.22","443.07","437.15","","+1.41%"
"Dec 25, 2002","435.25","436.12","439.03","434.13","","-0.93%"
"Dec 24, 2002","439.35","437.66","439.86","434.71","","-0.15%"
"Dec 20, 2002","440.00","443.88","444.32","437.25","","-0.94%"
"Dec 19, 2002","444.19","431.42","444.19","429.68","","+2.15%"
"Dec 18, 2002","434.83","441.07","443.91","432.01","","-2.71%"
"Dec 17, 2002","446.93","448.38","456.24","445.67","","+1.30%"
"Dec 16, 2002","441.21","439.47","446.80","438.73","","+0.12%"
"Dec 13, 2002","440.70","450.93","451.20","440.65","","-3.47%"
"Dec 12, 2002","456.54","456.28","458.56","453.55","","+0.80%"
"Dec 11, 2002","452.90","460.37","465.13","452.24","","-1.12%"
"Dec 10, 2002","458.02","452.65","459.32","447.01","","-0.37%"
"Dec 09, 2002","459.70","461.95","465.80","459.70","","-0.90%"
"Dec 06, 2002","463.87","470.57","470.57","461.59","","-2.69%"
"Dec 05, 2002","476.70","477.03","483.20","475.82","","+0.14%"
"Dec 04, 2002","476.03","488.51","488.51","475.05","","-4.00%"
"Dec 03, 2002","495.87","496.84","500.20","494.96","","-0.16%"
"Dec 02, 2002","496.65","494.44","496.93","488.85","","+0.46%"
"Nov 29, 2002","494.36","486.91","497.51","485.62","","+1.66%"
"Nov 28, 2002","486.28","471.13","486.54","471.13","","+4.84%"
"Nov 27, 2002","463.85","456.27","469.02","456.27","","+0.87%"
"Nov 26, 2002","459.86","469.14","474.67","458.58","","-2.48%"
"Nov 25, 2002","471.55","466.23","475.48","462.02","","+1.48%"
"Nov 22, 2002","464.69","463.62","469.88","452.85","","+1.85%"
"Nov 21, 2002","456.23","428.70","456.23","428.70","","+8.28%"
"Nov 20, 2002","421.35","400.12","434.15","399.01","","+5.78%"
"Nov 19, 2002","398.34","406.00","408.36","393.04","","-3.33%"
"Nov 18, 2002","412.05","428.99","429.46","410.48","","-5.12%"
"Nov 15, 2002","434.28","430.24","439.05","430.14","","+2.42%"
"Nov 14, 2002","424.02","438.42","446.26","422.04","","-3.84%"
"Nov 13, 2002","440.95","443.70","449.99","439.58","","+0.43%"
"Nov 12, 2002","439.08","443.09","444.31","433.03","","-2.48%"
"Nov 11, 2002","450.24","469.28","469.28","450.24","","-5.49%"
"Nov 08, 2002","476.39","488.24","488.24","476.39","","-3.78%"
"Nov 07, 2002","495.10","497.66","497.83","490.04","","-1.25%"
"Nov 06, 2002","501.35","504.62","511.20","498.88","","-0.17%"
"Nov 05, 2002","502.19","492.91","505.81","492.79","","+3.27%"
"Nov 01, 2002","486.31","490.73","490.73","483.54","","-1.31%"
"Oct 31, 2002","492.78","512.53","513.66","490.39","","-2.98%"
"Oct 30, 2002","507.91","494.02","512.95","493.72","","+1.39%"
"Oct 29, 2002","500.96","489.44","503.60","488.74","","+2.06%"
"Oct 28, 2002","490.84","498.49","498.49","485.19","","-0.76%"
"Oct 25, 2002","494.58","486.49","494.58","485.83","","+1.14%"
"Oct 24, 2002","488.99","500.31","500.41","488.47","","-2.25%"
"Oct 23, 2002","500.27","499.42","502.02","488.99","","-1.29%"
"Oct 22, 2002","506.79","525.83","525.83","506.79","","-3.49%"
"Oct 21, 2002","525.09","532.44","532.62","523.66","","-1.26%"
"Oct 18, 2002","531.77","526.81","532.03","526.25","","+2.40%"
"Oct 17, 2002","519.31","518.48","526.60","514.83","","+0.03%"
"Oct 16, 2002","519.13","529.12","531.69","517.84","","-0.35%"
"Oct 15, 2002","520.94","513.96","523.99","513.96","","+2.88%"
"Oct 11, 2002","506.35","508.16","513.42","504.81","","+1.49%"
"Oct 10, 2002","498.92","483.55","499.13","470.94","","+1.78%"
"Oct 09, 2002","490.20","505.36","508.71","489.84","","-3.39%"
"Oct 08, 2002","507.38","508.07","514.23","504.44","","-0.64%"
"Oct 07, 2002","510.65","518.85","519.03","509.49","","-3.46%"
"Oct 04, 2002","528.94","523.64","533.97","519.66","","+0.33%"
"Oct 03, 2002","527.20","545.82","551.88","526.84","","-3.92%"
"Oct 02, 2002","548.70","562.49","569.12","548.42","","-0.71%"
"Oct 01, 2002","552.61","560.31","560.31","550.00","","-3.07%"
"Sep 30, 2002","570.13","567.42","579.19","560.16","","-1.25%"
"Sep 27, 2002","577.34","549.08","577.34","549.08","","+7.08%"
"Sep 26, 2002","539.18","531.03","542.22","531.03","","+3.14%"
"Sep 25, 2002","522.78","519.60","536.31","514.95","","-0.76%"
"Sep 24, 2002","526.78","541.37","541.37","522.90","","-4.50%"
"Sep 20, 2002","551.61","559.83","564.05","549.29","","-3.25%"
"Sep 19, 2002","570.13","546.70","591.35","546.70","","+6.31%"
"Sep 18, 2002","536.30","528.49","536.30","516.88","","-0.38%"
"Sep 17, 2002","538.35","526.49","538.70","526.25","","+3.65%"
"Sep 13, 2002","519.37","524.59","525.21","515.24","","-2.13%"
"Sep 12, 2002","530.66","521.66","533.06","517.59","","+1.17%"
"Sep 11, 2002","524.52","524.17","525.76","519.35","","+0.51%"
"Sep 10, 2002","521.88","524.10","529.46","517.70","","+0.47%"
"Sep 09, 2002","519.43","509.25","525.12","509.25","","+3.51%"
"Sep 06, 2002","501.82","501.49","502.01","486.28","","-1.45%"
"Sep 05, 2002","509.19","494.21","511.91","494.00","","+4.59%"
"Sep 04, 2002","486.83","492.60","492.60","476.91","","-2.66%"
"Sep 03, 2002","500.15","524.47","525.23","500.15","","-5.38%"
"Sep 02, 2002","528.59","536.76","536.76","528.59","","-2.53%"
"Aug 30, 2002","542.33","542.15","546.91","535.33","","+0.20%"
"Aug 29, 2002","541.23","549.55","550.21","539.26","","-2.15%"
"Aug 28, 2002","553.14","563.64","565.08","552.41","","-1.45%"
"Aug 27, 2002","561.30","571.75","573.91","561.30","","-2.40%"
"Aug 26, 2002","575.10","560.14","579.94","559.52","","+1.93%"
"Aug 23, 2002","564.20","556.19","570.26","556.12","","+3.21%"
"Aug 22, 2002","546.67","530.42","550.98","526.60","","+3.94%"
"Aug 21, 2002","525.94","523.30","531.40","521.88","","-0.04%"
"Aug 20, 2002","526.13","533.12","534.61","525.50","","-0.04%"
"Aug 19, 2002","526.35","535.70","535.91","523.70","","-1.44%"
"Aug 16, 2002","534.06","545.38","548.93","532.13","","-1.27%"
"Aug 15, 2002","540.95","539.31","547.62","538.78","","+1.63%"
"Aug 14, 2002","532.30","526.38","535.40","524.29","","+0.30%"
"Aug 13, 2002","530.71","525.74","534.09","521.72","","-0.69%"
"Aug 12, 2002","534.40","547.82","549.37","534.40","","-3.42%"
"Aug 09, 2002","553.31","543.60","553.31","540.10","","+3.54%"
"Aug 08, 2002","534.38","543.54","548.57","528.64","","-1.69%"
"Aug 07, 2002","543.57","520.54","546.15","520.50","","+6.03%"
"Aug 06, 2002","512.64","524.67","524.75","510.55","","-3.44%"
"Aug 05, 2002","530.89","530.91","537.69","529.75","","-1.51%"
"Aug 02, 2002","539.04","543.40","546.17","539.04","","-2.00%"
"Aug 01, 2002","550.03","560.01","560.01","547.23","","-1.63%"
"Jul 31, 2002","559.17","572.07","572.07","558.14","","-1.95%"
"Jul 30, 2002","570.29","555.35","578.95","555.35","","+4.53%"
"Jul 29, 2002","545.60","564.65","571.39","545.60","","-2.84%"
"Jul 26, 2002","561.52","582.54","583.43","560.47","","-4.10%"
"Jul 25, 2002","585.55","600.38","616.48","585.55","","-0.67%"
"Jul 24, 2002","589.51","607.91","609.02","589.33","","-4.42%"
"Jul 23, 2002","616.75","600.94","623.38","597.76","","+0.94%"
"Jul 22, 2002","610.99","602.43","612.69","592.72","","-0.32%"
"Jul 19, 2002","612.93","634.11","634.11","607.78","","-4.93%"
"Jul 18, 2002","644.70","616.35","644.70","616.33","","+6.26%"
"Jul 17, 2002","606.74","596.60","608.30","588.87","","+1.73%"
"Jul 16, 2002","596.43","604.12","613.52","596.43","","-2.02%"
"Jul 15, 2002","608.72","616.50","616.69","608.72","","-2.57%"
"Jul 12, 2002","624.77","633.93","636.30","616.39","","-0.81%"
"Jul 11, 2002","629.85","638.95","638.95","627.48","","-2.92%"
"Jul 10, 2002","648.82","656.77","661.19","648.82","","-2.06%"
"Jul 09, 2002","662.50","648.33","663.48","648.24","","+3.09%"
"Jul 08, 2002","642.63","660.57","667.80","642.63","","-1.14%"
"Jul 05, 2002","650.07","650.59","658.75","650.07","","+0.26%"
"Jul 04, 2002","648.36","652.19","656.62","644.95","","+0.38%"
"Jul 03, 2002","645.93","627.49","655.18","626.40","","+1.33%"
"Jul 02, 2002","637.47","621.39","637.47","612.43","","+1.00%"
"Jul 01, 2002","631.17","634.77","637.30","627.88","","+0.10%"
"Jun 28, 2002","630.55","612.12","630.55","612.12","","+4.77%"
"Jun 27, 2002","601.84","598.16","609.42","598.16","","+2.24%"
"Jun 26, 2002","588.68","610.79","610.79","588.38","","-5.24%"
"Jun 25, 2002","621.21","621.73","638.11","614.38","","0.00%"
"Jun 24, 2002","621.23","591.85","621.48","585.59","","+3.58%"
"Jun 21, 2002","599.77","617.27","617.27","596.38","","-4.34%"
"Jun 20, 2002","626.98","610.59","627.79","602.58","","+1.03%"
"Jun 19, 2002","620.57","651.48","651.48","615.87","","-6.04%"
"Jun 18, 2002","660.44","651.85","665.09","651.85","","+2.99%"
"Jun 17, 2002","641.27","660.36","660.59","638.14","","-4.31%"
"Jun 14, 2002","670.13","683.15","683.61","664.08","","-2.88%"
"Jun 13, 2002","690.03","720.84","720.84","690.03","","-5.21%"
"Jun 12, 2002","727.92","727.60","729.18","712.82","","-1.10%"
"Jun 11, 2002","736.02","714.18","736.02","714.18","","+3.74%"
"Jun 10, 2002","709.48","720.91","723.54","709.48","","-2.40%"
"Jun 07, 2002","726.90","735.09","735.30","720.75","","-2.39%"
"Jun 06, 2002","744.71","761.74","764.40","742.74","","-1.91%"
"Jun 05, 2002","759.20","756.72","765.77","755.84","","+1.18%"
"Jun 04, 2002","750.34","757.34","761.11","749.31","","-1.28%"
"Jun 03, 2002","760.06","739.79","760.06","739.39","","+3.76%"
"May 31, 2002","732.51","747.94","750.41","732.51","","-2.01%"
"May 30, 2002","747.53","745.44","749.45","735.28","","-0.72%"
"May 29, 2002","752.97","737.02","757.78","730.21","","+0.56%"
"May 28, 2002","748.75","753.48","758.24","743.01","","-0.73%"
"May 27, 2002","754.25","762.26","769.65","754.25","","-2.20%"
"May 24, 2002","771.18","776.43","779.55","755.95","","-0.60%"
"May 23, 2002","775.82","761.56","780.52","761.56","","+3.60%"
"May 22, 2002","748.88","732.46","749.85","730.81","","+3.30%"
"May 21, 2002","724.94","727.76","729.28","717.17","","-0.90%"
"May 20, 2002","731.49","697.16","738.65","697.16","","+6.57%"
"May 17, 2002","686.39","675.19","687.73","675.19","","+2.91%"
"May 16, 2002","667.00","660.55","667.52","655.04","","+1.37%"
"May 15, 2002","657.99","638.29","660.49","638.29","","+4.65%"
"May 14, 2002","628.77","642.77","645.97","627.02","","-0.95%"
"May 13, 2002","634.82","641.30","641.30","630.72","","-1.93%"
"May 10, 2002","647.33","651.33","651.40","646.61","","-1.21%"
"May 09, 2002","655.29","654.53","666.29","654.08","","+1.74%"
"May 08, 2002","644.06","644.33","651.55","640.44","","-0.73%"
"May 07, 2002","648.80","656.29","656.29","640.94","","-2.16%"
"May 02, 2002","663.09","661.61","665.61","660.90","","+0.57%"
"May 01, 2002","659.31","651.08","659.31","651.08","","+2.37%"
"Apr 30, 2002","644.06","647.64","654.06","639.62","","-1.29%"
"Apr 26, 2002","652.50","660.25","662.11","643.08","","-1.58%"
"Apr 25, 2002","663.00","665.01","665.01","658.13","","-0.03%"
"Apr 24, 2002","663.21","668.83","671.77","663.21","","-0.53%"
"Apr 23, 2002","666.76","655.78","667.70","649.49","","+1.32%"
"Apr 22, 2002","658.08","659.00","662.19","656.25","","+0.38%"
"Apr 19, 2002","655.58","646.57","657.14","645.61","","+0.80%"
"Apr 18, 2002","650.38","644.28","650.67","642.91","","+0.85%"
"Apr 17, 2002","644.90","641.49","648.17","638.37","","+2.06%"
"Apr 16, 2002","631.90","624.17","631.90","624.05","","+0.12%"
"Apr 15, 2002","631.15","613.05","631.15","609.66","","+3.58%"
"Apr 12, 2002","609.32","621.35","621.65","605.05","","-3.38%"
"Apr 11, 2002","630.63","636.72","640.92","630.63","","+0.50%"
"Apr 10, 2002","627.52","619.76","633.55","616.05","","+1.37%"
"Apr 09, 2002","619.05","631.52","636.86","618.95","","-1.69%"
"Apr 08, 2002","629.67","631.44","635.07","627.84","","-1.48%"
"Apr 05, 2002","639.15","645.29","646.75","639.15","","-1.23%"
"Apr 04, 2002","647.13","641.10","648.41","633.78","","+2.22%"
"Apr 03, 2002","633.10","609.53","638.28","605.00","","+2.15%"
"Apr 02, 2002","619.77","605.21","619.77","602.87","","+3.97%"
"Apr 01, 2002","596.11","614.73","616.34","596.11","","-3.07%"
"Mar 29, 2002","614.97","625.77","632.88","614.97","","-1.56%"
"Mar 28, 2002","624.69","626.96","628.68","618.05","","-1.00%"
"Mar 27, 2002","630.99","614.56","634.76","612.97","","+3.50%"
"Mar 26, 2002","609.65","606.47","622.47","604.15","","-0.99%"
"Mar 25, 2002","615.72","631.01","633.21","611.96","","-2.31%"
"Mar 22, 2002","630.28","643.57","644.84","628.22","","-3.43%"
"Mar 20, 2002","652.65","673.94","674.19","652.65","","-2.73%"
"Mar 19, 2002","670.97","652.25","670.97","650.73","","+3.66%"
"Mar 18, 2002","647.26","666.45","667.43","645.43","","-1.77%"
"Mar 15, 2002","658.95","658.56","666.22","648.16","","+1.58%"
"Mar 14, 2002","648.69","631.12","649.21","626.13","","+1.86%"
"Mar 13, 2002","636.85","662.78","666.96","635.84","","-5.40%"
"Mar 12, 2002","673.17","703.21","703.21","671.73","","-5.08%"
"Mar 11, 2002","709.21","695.04","716.92","694.87","","+3.64%"
"Mar 08, 2002","684.28","663.64","687.94","661.69","","+4.44%"
"Mar 07, 2002","655.21","629.53","655.21","629.39","","+5.83%"
"Mar 06, 2002","619.12","623.17","634.94","617.47","","-1.71%"
"Mar 05, 2002","629.91","644.33","662.37","629.04","","-0.58%"
"Mar 04, 2002","633.60","592.29","636.88","592.29","","+8.86%"
"Mar 01, 2002","582.01","572.65","582.01","565.11","","+2.09%"
"Feb 28, 2002","570.10","560.75","583.16","560.75","","+3.19%"
"Feb 27, 2002","552.48","533.53","554.21","529.94","","+3.72%"
"Feb 26, 2002","532.69","545.73","547.10","532.69","","-1.19%"
"Feb 25, 2002","539.11","531.85","543.73","531.84","","+2.53%"
"Feb 22, 2002","525.82","517.36","530.63","509.33","","+0.52%"
"Feb 21, 2002","523.11","496.08","523.11","495.96","","+6.90%"
"Feb 20, 2002","489.33","484.29","491.24","474.57","","-0.36%"
"Feb 19, 2002","491.12","520.16","521.21","485.07","","-6.17%"
"Feb 18, 2002","523.40","519.37","525.95","515.43","","+0.65%"
"Feb 15, 2002","520.04","520.91","525.04","508.95","","+0.82%"
"Feb 14, 2002","515.79","510.60","525.80","510.60","","+1.91%"
"Feb 13, 2002","506.10","501.14","510.41","497.34","","+0.39%"
"Feb 12, 2002","504.15","499.41","511.95","499.41","","+2.48%"
"Feb 08, 2002","491.95","472.19","497.07","472.19","","+4.84%"
"Feb 07, 2002","469.24","447.06","474.49","445.44","","+6.11%"
"Feb 06, 2002","442.23","451.60","460.54","439.28","","-1.23%"
"Feb 05, 2002","447.75","457.93","458.11","433.92","","-3.61%"
"Feb 04, 2002","464.53","495.33","495.33","461.97","","-6.68%"
"Feb 01, 2002","497.77","517.63","519.38","494.44","","-3.66%"
"Jan 31, 2002","516.69","512.48","517.09","507.14","","+1.59%"
"Jan 30, 2002","508.59","519.00","519.00","503.49","","-3.53%"
"Jan 29, 2002","527.21","545.94","545.94","527.21","","-3.29%"
"Jan 28, 2002","545.14","544.60","550.32","541.47","","+1.25%"
"Jan 25, 2002","538.41","520.15","538.41","518.93","","+4.03%"
"Jan 24, 2002","517.55","525.67","525.67","513.93","","-2.04%"
"Jan 23, 2002","528.32","538.77","540.16","528.32","","-2.45%"
"Jan 22, 2002","541.59","554.18","556.08","541.59","","-3.07%"
"Jan 21, 2002","558.76","559.94","561.25","554.78","","-0.32%"
"Jan 18, 2002","560.53","550.07","560.53","550.07","","+2.94%"
"Jan 17, 2002","544.52","540.47","546.96","537.52","","-0.36%"
"Jan 16, 2002","546.46","539.96","548.47","539.58","","+0.64%"
"Jan 15, 2002","542.99","549.56","549.56","542.99","","-2.88%"
"Jan 11, 2002","559.11","569.71","572.32","558.07","","-2.26%"
"Jan 10, 2002","572.06","583.54","584.38","567.46","","-2.65%"
"Jan 09, 2002","587.63","587.86","588.10","579.35","","-1.25%"
"Jan 08, 2002","595.06","608.45","608.45","589.39","","-2.79%"
"Jan 07, 2002","612.14","608.90","614.03","605.72","","+1.02%"
"Jan 04, 2002","605.95","600.75","605.95","600.06","","+1.64%"
"Dec 28, 2001","596.17","579.03","596.17","579.03","","+4.17%"
"Dec 27, 2001","572.31","568.87","572.31","563.98","","+1.01%"
"Dec 26, 2001","566.61","571.33","572.12","564.50","","-1.45%"
"Dec 25, 2001","574.94","585.82","585.82","566.76","","-2.32%"
"Dec 21, 2001","588.57","596.31","596.31","579.90","","-2.73%"
"Dec 20, 2001","605.12","596.03","607.80","587.98","","+2.15%"
"Dec 19, 2001","592.36","574.08","595.82","574.08","","+3.28%"
"Dec 18, 2001","573.53","581.41","592.51","570.31","","-0.18%"
"Dec 17, 2001","574.59","603.22","603.22","574.59","","-6.12%"
"Dec 14, 2001","612.07","620.19","620.81","606.25","","-1.86%"
"Dec 13, 2001","623.70","636.92","636.92","622.24","","-2.83%"
"Dec 12, 2001","641.86","631.83","642.62","625.92","","+1.12%"
"Dec 11, 2001","634.73","619.26","635.89","616.19","","+1.62%"
"Dec 10, 2001","624.61","645.29","645.29","624.32","","-4.07%"
"Dec 07, 2001","651.14","652.02","656.67","647.65","","+0.68%"
"Dec 06, 2001","646.76","633.13","652.61","633.13","","+3.81%"
"Dec 05, 2001","623.01","611.82","623.01","611.82","","+3.03%"
"Dec 04, 2001","604.71","612.89","612.89","595.53","","-1.93%"
"Dec 03, 2001","616.64","641.32","641.33","616.64","","-3.23%"
"Nov 30, 2001","637.21","636.03","642.71","633.51","","+0.41%"
"Nov 29, 2001","634.61","650.64","650.72","631.22","","-3.89%"
"Nov 28, 2001","660.32","682.57","682.57","658.79","","-4.61%"
"Nov 27, 2001","692.24","692.87","696.54","689.47","","-0.31%"
"Nov 26, 2001","694.38","687.42","696.03","686.25","","+2.52%"
"Nov 22, 2001","677.34","671.21","677.34","667.14","","+1.89%"
"Nov 21, 2001","664.78","657.01","669.43","649.74","","-0.14%"
"Nov 20, 2001","665.68","667.92","674.49","663.54","","+1.10%"
"Nov 19, 2001","658.45","645.81","661.42","642.86","","+2.56%"
"Nov 16, 2001","642.02","623.19","646.57","620.34","","+4.52%"
"Nov 15, 2001","614.28","598.74","614.28","594.63","","+2.45%"
"Nov 14, 2001","599.57","606.04","613.85","599.57","","+0.19%"
"Nov 13, 2001","598.44","601.46","601.46","594.96","","-1.20%"
"Nov 12, 2001","605.70","622.87","622.87","604.75","","-4.05%"
"Nov 09, 2001","631.24","641.43","641.43","626.36","","-1.74%"
"Nov 08, 2001","642.40","630.32","642.91","629.05","","+1.58%"
"Nov 07, 2001","632.40","646.66","648.13","627.91","","-2.03%"
"Nov 06, 2001","645.49","643.36","646.14","641.46","","+1.53%"
"Nov 05, 2001","635.76","639.30","639.56","623.37","","+0.65%"
"Nov 02, 2001","631.64","627.08","638.45","627.08","","+2.50%"
"Nov 01, 2001","616.21","627.15","638.52","612.15","","-0.82%"
"Oct 31, 2001","621.29","634.06","635.69","620.03","","-3.38%"
"Oct 30, 2001","643.00","659.46","659.46","639.47","","-3.99%"
"Oct 29, 2001","669.70","692.93","692.93","668.03","","-4.69%"
"Oct 26, 2001","702.65","724.12","726.94","700.02","","-2.44%"
"Oct 25, 2001","720.19","712.19","723.36","711.59","","+1.92%"
"Oct 24, 2001","706.59","698.13","716.30","695.09","","+0.74%"
"Oct 23, 2001","701.39","689.82","701.39","687.24","","+3.02%"
"Oct 22, 2001","680.82","673.23","683.70","672.40","","+1.45%"
"Oct 19, 2001","671.10","673.88","674.42","661.87","","-1.01%"
"Oct 18, 2001","677.92","689.18","689.22","674.00","","-3.03%"
"Oct 17, 2001","699.07","699.17","703.50","688.13","","+1.37%"
"Oct 16, 2001","689.61","662.07","691.74","659.96","","+3.80%"
"Oct 15, 2001","664.37","664.97","669.84","656.19","","-1.49%"
"Oct 12, 2001","674.41","658.55","683.35","658.55","","+4.02%"
"Oct 11, 2001","648.35","624.49","648.35","624.49","","+5.51%"
"Oct 10, 2001","614.49","630.27","630.27","614.49","","-3.67%"
"Oct 09, 2001","637.89","669.79","669.79","636.41","","-6.14%"
"Oct 05, 2001","679.59","667.98","687.95","661.77","","+2.66%"
"Oct 04, 2001","661.95","657.29","669.31","648.60","","+2.15%"
"Oct 03, 2001","648.02","659.42","672.41","648.02","","-0.22%"
"Oct 02, 2001","649.44","624.51","649.44","623.35","","+4.31%"
"Oct 01, 2001","622.61","607.04","628.74","604.14","","+2.68%"
"Sep 28, 2001","606.37","591.57","613.64","590.91","","+3.14%"
"Sep 27, 2001","587.90","593.37","594.61","581.91","","-1.61%"
"Sep 26, 2001","597.55","612.07","612.20","589.90","","-2.24%"
"Sep 25, 2001","611.26","608.43","638.27","607.10","","+2.12%"
"Sep 21, 2001","598.58","640.31","640.31","597.69","","-8.07%"
"Sep 20, 2001","651.12","656.37","656.78","640.83","","-2.05%"
"Sep 19, 2001","664.78","648.86","670.83","647.16","","+1.86%"
"Sep 18, 2001","652.67","644.85","664.73","644.85","","+2.86%"
"Sep 17, 2001","634.50","682.41","682.42","633.33","","-8.47%"
"Sep 14, 2001","693.25","663.14","698.74","660.96","","+4.28%"
"Sep 13, 2001","664.77","671.20","671.20","644.56","","-1.90%"
"Sep 12, 2001","677.64","720.36","720.36","676.91","","-7.33%"
"Sep 11, 2001","731.25","727.72","734.52","725.92","","+0.87%"
"Sep 10, 2001","724.95","741.00","741.00","724.95","","-3.58%"
"Sep 07, 2001","751.86","747.54","751.86","740.48","","-0.91%"
"Sep 06, 2001","758.73","756.06","764.01","749.53","","-0.40%"
"Sep 05, 2001","761.77","761.12","763.82","747.86","","-1.49%"
"Sep 04, 2001","773.26","739.43","774.00","737.62","","+4.11%"
"Sep 03, 2001","742.73","764.98","774.75","742.73","","-2.21%"
"Aug 31, 2001","759.50","766.57","766.65","750.66","","-2.67%"
"Aug 30, 2001","780.34","804.06","804.51","778.35","","-4.54%"
"Aug 29, 2001","817.42","816.92","821.88","812.57","","-1.55%"
"Aug 28, 2001","830.32","831.45","834.18","813.34","","-0.17%"
"Aug 27, 2001","831.71","838.76","845.78","831.33","","+0.80%"
"Aug 24, 2001","825.08","819.91","831.34","809.33","","+1.65%"
"Aug 23, 2001","811.68","839.53","840.23","811.51","","-2.74%"
"Aug 22, 2001","834.51","802.92","844.03","802.26","","+3.74%"
"Aug 21, 2001","804.45","800.76","804.45","785.59","","+1.01%"
"Aug 20, 2001","796.40","795.57","806.58","785.83","","-1.13%"
"Aug 17, 2001","805.52","808.07","820.86","801.41","","+0.58%"
"Aug 16, 2001","800.85","805.82","808.18","797.04","","-2.07%"
"Aug 15, 2001","817.81","824.52","829.64","809.43","","-1.79%"
"Aug 14, 2001","832.75","774.38","837.98","774.35","","+8.72%"
"Aug 13, 2001","765.97","784.74","785.38","765.97","","-2.47%"
"Aug 10, 2001","785.35","786.37","795.40","778.60","","-0.77%"
"Aug 09, 2001","791.48","813.60","813.69","782.39","","-4.31%"
"Aug 08, 2001","827.14","838.16","838.48","817.96","","-1.92%"
"Aug 07, 2001","843.30","831.10","847.35","823.48","","+0.34%"
"Aug 06, 2001","840.42","833.11","850.08","830.89","","-0.33%"
"Aug 03, 2001","843.24","862.04","862.93","843.24","","-3.10%"
"Aug 02, 2001","870.21","822.29","870.21","822.29","","+7.48%"
"Aug 01, 2001","809.63","789.67","809.63","789.67","","+3.80%"
"Jul 31, 2001","779.98","766.66","788.11","758.06","","+2.02%"
"Jul 30, 2001","764.56","785.49","791.21","762.19","","-2.68%"
"Jul 27, 2001","785.64","796.59","802.62","783.42","","-1.21%"
"Jul 26, 2001","795.25","799.11","803.86","789.74","","+0.61%"
"Jul 25, 2001","790.42","770.47","797.72","767.20","","+3.74%"
"Jul 24, 2001","761.94","759.19","763.89","736.55","","-0.48%"
"Jul 23, 2001","765.58","790.74","790.74","764.46","","-3.46%"
"Jul 19, 2001","793.04","790.63","795.51","787.52","","-0.40%"
"Jul 18, 2001","796.25","819.33","819.44","791.50","","-2.81%"
"Jul 17, 2001","819.30","840.26","840.26","815.72","","-3.99%"
"Jul 16, 2001","853.39","855.66","855.66","842.94","","+0.03%"
"Jul 13, 2001","853.10","876.65","882.77","848.64","","-2.68%"
"Jul 12, 2001","876.63","844.41","876.63","844.41","","+5.30%"
"Jul 11, 2001","832.48","845.40","847.20","832.48","","-2.20%"
"Jul 10, 2001","851.20","837.77","864.18","836.42","","+2.47%"
"Jul 09, 2001","830.69","845.17","845.17","814.98","","-3.30%"
"Jul 06, 2001","859.05","882.21","882.41","859.05","","-4.11%"
"Jul 05, 2001","895.84","908.13","911.34","893.40","","-2.06%"
"Jul 04, 2001","914.66","929.24","930.54","912.10","","-2.00%"
"Jul 03, 2001","933.28","926.94","939.24","925.32","","+1.61%"
"Jul 02, 2001","918.45","933.25","933.25","913.65","","-1.05%"
"Jun 29, 2001","928.20","920.80","930.65","920.24","","+2.32%"
"Jun 28, 2001","907.11","913.68","927.22","902.36","","-0.07%"
"Jun 27, 2001","907.72","919.34","919.92","905.29","","-2.43%"
"Jun 26, 2001","930.31","917.69","936.60","909.01","","+0.75%"
"Jun 25, 2001","923.43","926.53","930.48","911.64","","-1.45%"
"Jun 22, 2001","936.99","933.20","941.31","917.64","","+1.17%"
"Jun 21, 2001","926.15","877.80","928.15","876.40","","+7.30%"
"Jun 20, 2001","863.13","858.77","870.90","855.26","","+0.47%"
"Jun 19, 2001","859.08","867.81","885.15","850.45","","-1.16%"
"Jun 18, 2001","869.12","895.51","895.51","865.61","","-4.25%"
"Jun 15, 2001","907.74","867.09","909.14","859.19","","+3.10%"
"Jun 14, 2001","880.46","874.17","884.93","863.63","","-0.18%"
"Jun 13, 2001","882.02","897.16","899.23","874.29","","-0.92%"
"Jun 12, 2001","890.18","924.73","924.73","886.39","","-4.99%"
"Jun 11, 2001","936.90","947.70","951.46","932.23","","-1.19%"
"Jun 08, 2001","948.23","951.54","961.83","948.23","","+0.52%"
"Jun 07, 2001","943.30","918.70","950.66","915.21","","+2.79%"
"Jun 06, 2001","917.73","927.91","943.76","917.08","","+0.34%"
"Jun 05, 2001","914.60","937.92","937.92","902.07","","-2.81%"
"Jun 04, 2001","941.09","938.69","949.84","936.93","","+1.07%"
"Jun 01, 2001","931.13","932.52","942.02","929.37","","+1.37%"
"May 31, 2001","918.54","928.06","934.45","912.21","","-2.46%"
"May 30, 2001","941.69","965.47","965.47","941.69","","-3.89%"
"May 29, 2001","979.77","951.88","979.77","951.88","","+2.43%"
"May 28, 2001","956.49","953.75","963.43","950.93","","-1.05%"
"May 25, 2001","966.62","969.60","986.36","966.62","","+0.48%"
"May 24, 2001","962.05","970.53","970.91","956.95","","-2.39%"
"May 23, 2001","985.63","997.02","1,005.08","984.58","","-2.32%"
"May 22, 2001","1,009.00","1,016.63","1,030.43","1,007.43","","+0.59%"
"May 21, 2001","1,003.08","1,010.17","1,017.77","999.43","","-1.05%"
"May 18, 2001","1,013.74","1,010.15","1,029.40","1,010.15","","+1.06%"
"May 17, 2001","1,003.14","1,000.83","1,019.31","988.22","","+1.81%"
"May 16, 2001","985.29","1,016.25","1,017.62","985.29","","-3.25%"
"May 15, 2001","1,018.41","982.08","1,018.41","979.59","","+2.89%"
"May 14, 2001","989.77","1,013.73","1,014.65","982.31","","-3.48%"
"May 11, 2001","1,025.50","1,003.77","1,032.30","1,003.41","","+3.26%"
"May 10, 2001","993.16","997.09","1,018.22","992.21","","-1.76%"
"May 09, 2001","1,010.91","1,042.13","1,042.13","1,005.21","","-3.98%"
"May 08, 2001","1,052.77","1,077.61","1,077.61","1,046.78","","-3.36%"
"May 07, 2001","1,089.41","1,072.01","1,092.93","1,072.01","","+2.22%"
"May 02, 2001","1,065.75","1,073.80","1,073.80","1,053.43","","+0.27%"
"May 01, 2001","1,062.91","1,016.86","1,071.56","1,012.45","","+5.75%"
"Apr 27, 2001","1,005.08","1,016.64","1,018.48","998.42","","-0.33%"
"Apr 26, 2001","1,008.42","989.02","1,010.67","989.02","","+3.49%"
"Apr 25, 2001","974.38","940.05","974.68","939.26","","+3.79%"
"Apr 24, 2001","938.83","938.44","939.28","925.33","","-1.20%"
"Apr 23, 2001","950.28","945.29","957.35","941.87","","+0.52%"
"Apr 20, 2001","945.32","945.81","955.90","926.04","","-0.54%"
"Apr 19, 2001","950.44","934.19","967.37","934.18","","+3.33%"
"Apr 18, 2001","919.85","890.92","921.62","890.92","","+4.71%"
"Apr 17, 2001","878.47","887.30","887.53","874.72","","-2.37%"
"Apr 16, 2001","899.83","902.15","910.00","897.57","","+0.25%"
"Apr 13, 2001","897.62","919.09","924.05","889.15","","-1.35%"
"Apr 12, 2001","909.93","900.84","919.38","887.67","","+0.55%"
"Apr 11, 2001","904.93","872.14","904.93","863.54","","+5.49%"
"Apr 10, 2001","857.80","901.06","901.23","848.83","","-6.18%"
"Apr 09, 2001","914.27","942.82","942.82","909.94","","-4.40%"
"Apr 06, 2001","956.39","964.08","982.46","953.86","","+0.70%"
"Apr 05, 2001","949.71","939.29","958.84","937.62","","+2.37%"
"Apr 04, 2001","927.76","893.15","927.76","885.77","","+3.22%"
"Apr 03, 2001","898.78","859.59","901.16","859.59","","+4.85%"
"Apr 02, 2001","857.24","863.09","866.06","847.91","","-0.19%"
"Mar 30, 2001","858.83","870.56","891.30","858.83","","-0.12%"
"Mar 29, 2001","859.83","912.67","912.67","857.61","","-7.22%"
"Mar 28, 2001","926.76","916.00","928.34","910.20","","+2.65%"
"Mar 27, 2001","902.80","890.74","910.59","884.31","","+0.98%"
"Mar 26, 2001","894.07","859.43","894.07","859.43","","+5.61%"
"Mar 23, 2001","846.54","817.59","846.54","813.48","","+2.38%"
"Mar 22, 2001","826.89","794.54","842.29","792.64","","+4.24%"
"Mar 21, 2001","793.22","729.11","793.22","721.46","","+7.49%"
"Mar 19, 2001","737.93","727.74","754.60","720.68","","+1.18%"
"Mar 16, 2001","729.31","707.64","747.40","707.30","","+4.57%"
"Mar 15, 2001","697.45","709.14","709.14","639.43","","-3.29%"
"Mar 14, 2001","721.15","737.60","740.14","718.66","","-1.05%"
"Mar 13, 2001","728.78","760.66","760.66","721.55","","-5.92%"
"Mar 12, 2001","774.60","795.18","795.31","773.18","","-4.13%"
"Mar 09, 2001","807.93","814.37","814.37","797.53","","-1.13%"
"Mar 08, 2001","817.20","819.27","821.93","813.12","","+0.63%"
"Mar 07, 2001","812.08","800.22","818.11","797.35","","+2.88%"
"Mar 06, 2001","789.32","776.49","790.96","775.67","","+3.01%"
"Mar 05, 2001","766.23","797.00","798.40","764.01","","-5.30%"
"Mar 02, 2001","809.15","824.71","826.89","809.15","","-3.28%"
"Mar 01, 2001","836.63","833.48","855.22","829.87","","-0.18%"
"Feb 28, 2001","838.15","843.74","846.32","824.19","","-1.32%"
"Feb 27, 2001","849.35","855.81","857.41","845.08","","-0.48%"
"Feb 26, 2001","853.41","844.12","854.52","841.68","","+2.71%"
"Feb 23, 2001","830.88","804.56","837.65","801.92","","+3.37%"
"Feb 22, 2001","803.83","796.57","814.02","793.39","","+0.28%"
"Feb 21, 2001","801.59","816.65","816.65","800.92","","-2.98%"
"Feb 20, 2001","826.23","820.34","826.23","815.68","","-0.68%"
"Feb 19, 2001","831.92","823.27","834.22","817.27","","-0.30%"
"Feb 16, 2001","834.39","848.76","848.76","834.39","","-0.99%"
"Feb 15, 2001","842.71","837.56","845.02","834.25","","+0.05%"
"Feb 14, 2001","842.30","841.53","845.16","826.99","","-0.70%"
"Feb 13, 2001","848.22","858.31","858.31","837.06","","-0.08%"
"Feb 09, 2001","848.87","808.17","856.06","808.17","","+4.71%"
"Feb 08, 2001","810.67","814.28","814.28","795.21","","-0.41%"
"Feb 07, 2001","814.02","808.79","819.46","808.67","","+1.57%"
"Feb 06, 2001","801.46","811.71","817.77","795.94","","-2.02%"
"Feb 05, 2001","817.99","833.91","833.91","813.90","","-3.23%"
"Feb 02, 2001","845.29","851.73","854.61","845.20","","-0.19%"
"Feb 01, 2001","846.93","827.03","846.93","823.85","","+2.66%"
"Jan 31, 2001","824.97","833.50","833.50","809.41","","-2.60%"
"Jan 30, 2001","847.03","866.61","866.67","840.24","","-3.60%"
"Jan 29, 2001","878.64","870.08","886.03","869.13","","+1.07%"
"Jan 26, 2001","869.35","874.73","874.73","862.60","","-0.45%"
"Jan 25, 2001","873.24","883.40","885.52","871.39","","-2.22%"
"Jan 24, 2001","893.03","902.77","902.77","887.34","","-0.68%"
"Jan 23, 2001","899.11","875.03","907.24","875.03","","+2.31%"
"Jan 22, 2001","878.85","892.45","892.45","861.15","","-2.81%"
"Jan 19, 2001","904.22","894.95","913.35","891.48","","+2.26%"
"Jan 18, 2001","884.24","856.87","889.73","855.68","","+4.59%"
"Jan 17, 2001","845.47","837.04","850.63","828.81","","+1.75%"
"Jan 16, 2001","830.89","805.43","830.89","793.43","","+3.58%"
"Jan 15, 2001","802.20","767.90","802.20","767.90","","+5.50%"
"Jan 12, 2001","760.37","740.13","763.42","740.13","","+3.23%"
"Jan 11, 2001","736.55","774.03","774.03","729.66","","-5.75%"
"Jan 10, 2001","781.50","792.07","793.20","775.05","","-2.41%"
"Jan 09, 2001","800.79","812.42","812.42","791.85","","-3.03%"
"Jan 05, 2001","825.84","829.53","830.15","815.35","","-0.85%"
"Jan 04, 2001","832.88","824.94","845.89","824.94","","+2.55%"
"Dec 29, 2000","812.18","810.16","818.83","809.93","","-0.20%"
"Dec 28, 2000","813.79","814.05","814.05","781.90","","-1.16%"
"Dec 27, 2000","823.32","828.68","829.93","815.30","","-1.11%"
"Dec 26, 2000","832.55","833.82","837.95","828.67","","-0.61%"
"Dec 25, 2000","837.70","810.40","837.70","810.40","","+5.14%"
"Dec 22, 2000","796.71","788.64","804.04","787.71","","+2.61%"
"Dec 21, 2000","776.43","798.07","798.18","767.78","","-4.34%"
"Dec 20, 2000","811.68","823.87","831.45","798.58","","-2.86%"
"Dec 19, 2000","835.54","858.72","860.31","832.59","","-2.82%"
"Dec 18, 2000","859.75","872.57","873.52","857.69","","-2.43%"
"Dec 15, 2000","881.17","893.20","904.90","881.17","","-2.53%"
"Dec 14, 2000","904.00","916.69","916.69","904.00","","-2.38%"
"Dec 13, 2000","926.03","917.51","927.88","906.10","","+0.73%"
"Dec 12, 2000","919.35","910.79","920.42","909.33","","+1.58%"
"Dec 11, 2000","905.09","908.92","910.78","902.19","","+0.24%"
"Dec 08, 2000","902.96","896.92","903.40","889.43","","+1.01%"
"Dec 07, 2000","893.96","907.13","907.13","891.03","","-2.22%"
"Dec 06, 2000","914.24","895.91","918.21","895.91","","+3.66%"
"Dec 05, 2000","881.93","911.98","911.98","881.93","","-3.16%"
"Dec 04, 2000","910.72","896.52","916.17","896.52","","+1.73%"
"Dec 01, 2000","895.21","858.88","901.15","856.13","","+3.73%"
"Nov 30, 2000","863.04","863.70","864.80","850.45","","-1.50%"
"Nov 29, 2000","876.21","879.17","881.05","873.31","","-1.06%"
"Nov 28, 2000","885.64","890.23","894.32","885.10","","-0.92%"
"Nov 27, 2000","893.85","882.50","899.48","882.50","","+2.48%"
"Nov 24, 2000","872.26","876.06","879.83","859.40","","-1.76%"
"Nov 22, 2000","887.86","911.90","917.10","885.31","","-2.98%"
"Nov 21, 2000","915.09","915.38","916.74","903.67","","-1.05%"
"Nov 20, 2000","924.77","918.98","924.85","916.51","","-0.01%"
"Nov 17, 2000","924.85","926.28","932.75","922.93","","-1.26%"
"Nov 16, 2000","936.63","957.99","958.94","931.59","","-2.59%"
"Nov 15, 2000","961.54","946.40","968.25","946.40","","+3.12%"
"Nov 14, 2000","932.48","936.11","941.46","929.56","","-1.85%"
"Nov 13, 2000","950.02","937.62","954.56","917.17","","-0.20%"
"Nov 10, 2000","951.94","969.53","969.53","948.80","","-1.79%"
"Nov 09, 2000","969.29","983.68","983.81","963.18","","-2.76%"
"Nov 08, 2000","996.80","983.18","998.45","981.56","","+1.46%"
"Nov 07, 2000","982.48","987.25","992.29","980.50","","+0.32%"
"Nov 06, 2000","979.30","943.15","979.31","943.09","","+5.25%"
"Nov 02, 2000","930.47","901.01","933.99","898.91","","+2.91%"
"Nov 01, 2000","904.14","878.81","908.51","878.81","","+2.97%"
"Oct 31, 2000","878.02","893.70","894.63","865.65","","-2.38%"
"Oct 30, 2000","899.42","937.86","937.86","897.97","","-4.52%"
"Oct 27, 2000","942.01","938.88","947.37","934.25","","+0.07%"
"Oct 26, 2000","941.31","920.12","942.52","900.96","","+1.95%"
"Oct 25, 2000","923.35","935.81","939.21","922.78","","-2.51%"
"Oct 24, 2000","947.08","932.62","953.00","932.54","","+1.61%"
"Oct 23, 2000","932.04","939.33","939.39","923.27","","+0.02%"
"Oct 20, 2000","931.83","874.19","936.64","874.19","","+6.70%"
"Oct 19, 2000","873.28","880.98","888.96","870.66","","-0.82%"
"Oct 18, 2000","880.54","916.91","917.04","880.54","","-4.28%"
"Oct 17, 2000","919.89","941.60","945.40","919.89","","-2.14%"
"Oct 16, 2000","939.97","911.59","948.37","911.59","","+3.11%"
"Oct 13, 2000","911.59","911.77","912.84","888.84","","-0.05%"
"Oct 12, 2000","912.06","922.06","922.06","903.44","","-1.13%"
"Oct 11, 2000","922.53","946.90","946.91","921.30","","-3.30%"
"Oct 10, 2000","954.02","971.07","971.43","952.54","","-1.98%"
"Oct 06, 2000","973.29","961.28","977.55","959.47","","+0.51%"
"Oct 05, 2000","968.36","971.41","971.41","963.57","","+0.56%"
"Oct 04, 2000","962.99","944.43","962.99","942.62","","+2.37%"
"Oct 03, 2000","940.71","935.95","943.92","932.97","","+0.64%"
"Oct 02, 2000","934.73","919.93","934.73","905.79","","+1.52%"
"Sep 29, 2000","920.72","905.57","923.01","904.89","","+1.90%"
"Sep 28, 2000","903.52","882.38","917.37","882.38","","+2.15%"
"Sep 27, 2000","884.53","911.03","911.03","881.25","","-3.22%"
"Sep 26, 2000","913.92","900.61","916.28","900.61","","+1.11%"
"Sep 25, 2000","903.91","916.92","931.56","898.97","","-1.34%"
"Sep 22, 2000","916.15","961.54","961.55","908.94","","-4.77%"
"Sep 21, 2000","962.02","941.08","962.80","935.06","","+1.31%"
"Sep 20, 2000","949.62","927.63","951.05","921.39","","+3.19%"
"Sep 19, 2000","920.24","918.48","920.24","893.79","","+0.03%"
"Sep 18, 2000","919.92","901.50","920.27","897.95","","+1.10%"
"Sep 14, 2000","909.91","925.67","927.50","909.91","","-1.74%"
"Sep 13, 2000","926.02","932.90","934.55","920.94","","-0.29%"
"Sep 12, 2000","928.72","934.39","934.39","922.89","","-1.66%"
"Sep 11, 2000","944.41","953.97","959.03","942.33","","-1.63%"
"Sep 08, 2000","960.07","951.67","960.07","950.78","","+2.13%"
"Sep 07, 2000","940.03","940.77","941.84","933.79","","-0.68%"
"Sep 06, 2000","946.44","969.96","969.96","941.99","","-2.35%"
"Sep 05, 2000","969.20","978.95","978.95","962.18","","-0.87%"
"Sep 04, 2000","977.66","987.20","991.35","974.42","","-0.48%"
"Sep 01, 2000","982.38","986.93","989.56","978.41","","+0.20%"
"Aug 31, 2000","980.40","963.81","980.40","957.41","","+1.49%"
"Aug 30, 2000","965.99","1,005.19","1,006.11","962.08","","-4.67%"
"Aug 29, 2000","1,013.36","1,012.05","1,013.36","1,002.17","","+0.79%"
"Aug 28, 2000","1,005.42","991.56","1,010.24","991.56","","+1.88%"
"Aug 25, 2000","986.91","980.92","986.91","973.72","","+1.71%"
"Aug 24, 2000","970.28","969.19","978.88","958.28","","+0.25%"
"Aug 23, 2000","967.87","948.62","976.76","948.52","","+2.03%"
"Aug 22, 2000","948.64","927.25","948.64","916.86","","+2.07%"
"Aug 21, 2000","929.41","935.57","937.54","924.97","","-0.85%"
"Aug 18, 2000","937.38","949.62","950.43","929.96","","-1.54%"
"Aug 17, 2000","952.00","970.84","970.84","948.71","","-2.21%"
"Aug 16, 2000","973.49","958.20","977.20","957.40","","+1.91%"
"Aug 15, 2000","955.20","947.57","955.20","946.20","","+1.11%"
"Aug 14, 2000","944.72","917.95","948.19","917.43","","+3.00%"
"Aug 11, 2000","917.24","895.79","919.27","894.97","","+2.62%"
"Aug 10, 2000","893.84","889.51","893.84","884.77","","+0.40%"
"Aug 09, 2000","890.29","885.82","890.46","876.32","","+0.82%"
"Aug 08, 2000","883.07","872.08","892.40","871.80","","+1.34%"
"Aug 07, 2000","871.39","845.11","873.88","845.11","","+3.66%"
"Aug 04, 2000","840.64","847.27","848.79","833.98","","-0.52%"
"Aug 03, 2000","845.07","857.95","861.18","842.99","","-0.88%"
"Aug 02, 2000","852.61","852.59","866.48","846.26","","+0.49%"
"Aug 01, 2000","848.49","849.53","874.55","834.21","","-0.07%"
"Jul 31, 2000","849.12","814.92","851.33","804.01","","+4.21%"
"Jul 28, 2000","814.81","820.53","824.58","812.11","","-0.55%"
"Jul 27, 2000","819.28","885.66","885.66","819.28","","-7.56%"
"Jul 26, 2000","886.26","908.88","909.51","886.26","","-2.32%"
"Jul 25, 2000","907.33","920.27","920.27","902.75","","-1.49%"
"Jul 24, 2000","921.08","937.00","938.95","911.16","","-1.89%"
"Jul 21, 2000","938.86","936.20","945.67","930.16","","+1.33%"
"Jul 19, 2000","926.52","968.03","968.03","916.49","","-4.35%"
"Jul 18, 2000","968.69","1,007.93","1,012.68","961.54","","-4.16%"
"Jul 17, 2000","1,010.75","1,016.15","1,021.31","1,010.39","","-0.20%"
"Jul 14, 2000","1,012.79","1,022.75","1,024.09","1,001.37","","-0.23%"
"Jul 13, 2000","1,015.16","1,039.94","1,039.94","1,011.74","","-2.79%"
"Jul 12, 2000","1,044.31","1,046.40","1,051.48","1,039.25","","-0.03%"
"Jul 11, 2000","1,044.66","1,070.78","1,070.78","1,044.66","","-2.45%"
"Jul 10, 2000","1,070.88","1,057.67","1,077.09","1,057.67","","+1.01%"
"Jul 07, 2000","1,060.19","1,067.29","1,073.88","1,059.02","","-0.48%"
"Jul 06, 2000","1,065.26","1,077.90","1,080.04","1,065.26","","-2.04%"
"Jul 05, 2000","1,087.41","1,099.34","1,102.75","1,082.53","","-1.19%"
"Jul 04, 2000","1,100.53","1,074.74","1,101.11","1,074.74","","+2.43%"
"Jul 03, 2000","1,074.43","1,040.96","1,076.01","1,039.99","","+3.96%"
"Jun 30, 2000","1,033.48","1,058.81","1,059.28","1,033.48","","-2.19%"
"Jun 29, 2000","1,056.58","1,043.79","1,059.58","1,043.77","","+1.83%"
"Jun 28, 2000","1,037.60","1,043.52","1,048.91","1,037.60","","-0.98%"
"Jun 27, 2000","1,047.85","1,029.24","1,047.85","1,029.24","","+2.12%"
"Jun 26, 2000","1,026.13","1,032.17","1,045.18","1,026.13","","-0.97%"
"Jun 23, 2000","1,036.13","1,036.87","1,056.57","1,030.71","","-1.25%"
"Jun 22, 2000","1,049.27","1,065.99","1,075.29","1,049.27","","-0.60%"
"Jun 21, 2000","1,055.57","1,032.94","1,057.31","1,032.94","","+2.22%"
"Jun 20, 2000","1,032.60","1,025.04","1,048.81","1,023.57","","+1.36%"
"Jun 19, 2000","1,018.73","971.35","1,020.04","970.76","","+5.27%"
"Jun 16, 2000","967.73","980.04","989.06","965.70","","-1.76%"
"Jun 15, 2000","985.05","1,030.64","1,030.64","985.05","","-5.32%"
"Jun 14, 2000","1,040.39","1,065.20","1,071.48","1,032.02","","-1.58%"
"Jun 13, 2000","1,057.06","1,094.96","1,095.18","1,051.53","","-3.74%"
"Jun 12, 2000","1,098.16","1,073.85","1,106.33","1,071.20","","+2.10%"
"Jun 09, 2000","1,075.62","1,092.69","1,093.93","1,070.09","","-1.46%"
"Jun 08, 2000","1,091.59","1,080.20","1,099.32","1,079.55","","+1.47%"
"Jun 07, 2000","1,075.76","1,091.72","1,091.72","1,062.72","","-1.69%"
"Jun 06, 2000","1,094.20","1,095.86","1,095.86","1,071.97","","-1.02%"
"Jun 05, 2000","1,105.52","1,035.16","1,105.52","1,035.16","","+6.83%"
"Jun 02, 2000","1,034.85","995.61","1,034.85","995.61","","+3.97%"
"Jun 01, 2000","995.33","974.43","995.33","973.38","","+1.35%"
"May 31, 2000","982.11","951.33","988.92","951.33","","+3.35%"
"May 30, 2000","950.32","947.27","970.27","947.27","","+1.25%"
"May 29, 2000","938.58","918.77","944.42","918.77","","+3.25%"
"May 26, 2000","909.01","950.50","950.50","907.96","","-4.38%"
"May 25, 2000","950.63","915.11","965.27","915.11","","+3.88%"
"May 24, 2000","915.15","879.50","953.42","855.11","","+3.84%"
"May 23, 2000","881.35","898.26","918.93","864.56","","-1.96%"
"May 22, 2000","898.96","969.60","969.60","873.30","","-7.58%"
"May 19, 2000","972.70","1,056.88","1,056.88","934.72","","-8.22%"
"May 18, 2000","1,059.86","1,109.15","1,109.15","1,051.45","","-4.60%"
"May 17, 2000","1,110.91","1,118.79","1,129.80","1,104.18","","-0.32%"
"May 16, 2000","1,114.49","1,093.16","1,115.59","1,088.15","","+2.27%"
"May 15, 2000","1,089.78","1,088.38","1,108.18","1,085.37","","+0.32%"
"May 12, 2000","1,086.32","1,045.26","1,105.43","1,045.26","","+4.03%"
"May 11, 2000","1,044.27","1,103.88","1,103.88","1,041.38","","-5.75%"
"May 10, 2000","1,107.95","1,139.15","1,139.15","1,098.00","","-2.85%"
"May 09, 2000","1,140.45","1,171.43","1,171.43","1,127.57","","-3.33%"
"May 08, 2000","1,179.77","1,191.87","1,207.87","1,172.96","","-0.95%"
"May 02, 2000","1,191.05","1,163.89","1,198.44","1,163.89","","+2.68%"
"May 01, 2000","1,159.96","1,139.71","1,159.96","1,128.76","","+1.75%"
"Apr 28, 2000","1,139.98","1,145.21","1,145.21","1,122.22","","-0.41%"
"Apr 27, 2000","1,144.66","1,163.23","1,163.23","1,127.87","","-1.63%"
"Apr 26, 2000","1,163.59","1,165.23","1,179.86","1,150.87","","+0.55%"
"Apr 25, 2000","1,157.24","1,160.46","1,167.59","1,141.65","","-0.97%"
"Apr 24, 2000","1,168.58","1,134.81","1,189.61","1,134.81","","+3.44%"
"Apr 21, 2000","1,129.76","1,121.61","1,160.69","1,121.61","","+1.12%"
"Apr 20, 2000","1,117.24","1,138.65","1,138.65","1,104.47","","-1.89%"
"Apr 19, 2000","1,138.74","1,072.75","1,151.83","1,072.75","","+6.57%"
"Apr 18, 2000","1,068.58","1,049.42","1,130.09","1,035.72","","+2.09%"
"Apr 17, 2000","1,046.75","1,222.75","1,222.75","1,043.16","","-14.39%"
"Apr 14, 2000","1,222.75","1,275.30","1,275.30","1,211.56","","-4.18%"
"Apr 13, 2000","1,276.06","1,333.05","1,333.05","1,268.77","","-4.27%"
"Apr 12, 2000","1,333.01","1,341.23","1,341.23","1,302.82","","-0.50%"
"Apr 11, 2000","1,339.75","1,335.20","1,362.69","1,328.99","","+0.11%"
"Apr 10, 2000","1,338.31","1,303.25","1,346.55","1,303.25","","+3.06%"
"Apr 07, 2000","1,298.55","1,252.54","1,310.59","1,252.54","","+3.61%"
"Apr 06, 2000","1,253.32","1,301.73","1,301.73","1,248.08","","-4.27%"
"Apr 05, 2000","1,309.20","1,383.95","1,383.95","1,309.20","","-5.53%"
"Apr 04, 2000","1,385.88","1,383.15","1,394.83","1,374.14","","+0.21%"
"Apr 03, 2000","1,382.96","1,390.25","1,393.38","1,372.69","","-0.53%"
"Mar 31, 2000","1,390.39","1,375.95","1,402.05","1,351.76","","+1.04%"
"Mar 30, 2000","1,376.07","1,364.50","1,403.79","1,361.28","","+0.89%"
"Mar 29, 2000","1,363.99","1,304.70","1,363.99","1,304.70","","+4.56%"
"Mar 28, 2000","1,304.51","1,297.20","1,310.91","1,284.97","","+0.58%"
"Mar 27, 2000","1,296.95","1,312.27","1,312.27","1,278.07","","-1.15%"
"Mar 24, 2000","1,312.09","1,312.09","1,312.09","1,312.09","","-0.17%"
"Mar 23, 2000","1,314.35","1,314.35","1,314.35","1,314.35","","-1.16%"
"Mar 22, 2000","1,329.75","1,329.75","1,329.75","1,329.75","","+1.80%"
"Mar 21, 2000","1,306.24","1,306.24","1,306.24","1,306.24","","+1.42%"
"Mar 17, 2000","1,287.89","1,287.89","1,287.89","1,287.89","","+2.86%"
"Mar 16, 2000","1,252.12","1,252.12","1,252.12","1,252.12","","+3.60%"
"Mar 15, 2000","1,208.60","1,208.60","1,208.60","1,208.60","","+1.17%"
"Mar 14, 2000","1,194.59","1,194.59","1,194.59","1,194.59","","+2.33%"
"Mar 13, 2000","1,167.43","1,167.43","1,167.43","1,167.43","","-8.89%"
"Mar 10, 2000","1,281.35","1,281.35","1,281.35","1,281.35","","+1.24%"
"Mar 09, 2000","1,265.66","1,265.66","1,265.66","1,265.66","","-2.02%"
"Mar 08, 2000","1,291.75","1,291.75","1,291.75","1,291.75","","+2.28%"
"Mar 07, 2000","1,262.98","1,262.98","1,262.98","1,262.98","","-1.55%"
"Mar 06, 2000","1,282.86","1,282.86","1,282.86","1,282.86","","-2.94%"
"Mar 03, 2000","1,321.67","1,321.67","1,321.67","1,321.67","","-3.69%"
"Mar 02, 2000","1,372.32","1,372.32","1,372.32","1,372.32","","+4.52%"
"Mar 01, 2000","1,313.02","1,313.02","1,313.02","1,313.02","","+4.40%"
"Feb 29, 2000","1,257.68","1,257.68","1,257.68","1,257.68","","-0.72%"
"Feb 28, 2000","1,266.86","1,266.86","1,266.86","1,266.86","","-1.98%"
"Feb 25, 2000","1,292.48","1,292.48","1,292.48","1,292.48","","+1.77%"
"Feb 24, 2000","1,270.03","1,270.03","1,270.03","1,270.03","","+1.76%"
"Feb 23, 2000","1,248.08","1,248.08","1,248.08","1,248.08","","+4.93%"
"Feb 22, 2000","1,189.45","1,189.45","1,189.45","1,189.45","","-3.18%"
"Feb 21, 2000","1,228.56","1,228.56","1,228.56","1,228.56","","-4.94%"
"Feb 18, 2000","1,292.45","1,292.45","1,292.45","1,292.45","","-2.19%"
"Feb 17, 2000","1,321.41","1,321.41","1,321.41","1,321.41","","+0.68%"
"Feb 16, 2000","1,312.48","1,312.48","1,312.48","1,312.48","","-3.97%"
"Feb 15, 2000","1,366.68","1,366.68","1,366.68","1,366.68","","-1.38%"
"Feb 14, 2000","1,385.81","1,385.81","1,385.81","1,385.81","","-3.16%"
"Feb 10, 2000","1,431.05","1,431.05","1,431.05","1,431.05","","+2.12%"
"Feb 09, 2000","1,401.30","1,401.30","1,401.30","1,401.30","","+8.12%"
"Feb 08, 2000","1,296.08","1,296.08","1,296.08","1,296.08","","+2.81%"
"Feb 07, 2000","1,260.69","1,260.69","1,260.69","1,260.69","","-0.72%"
"Feb 04, 2000","1,269.87","1,269.87","1,269.87","1,269.87","","+7.08%"
"Feb 03, 2000","1,185.95","1,185.95","1,185.95","1,185.95","","+5.17%"
"Feb 02, 2000","1,127.66","1,127.66","1,127.66","1,127.66","","+2.60%"
"Feb 01, 2000","1,099.10","1,099.10","1,099.10","1,099.10","","-1.43%"
"Jan 31, 2000","1,115.02","1,115.02","1,115.02","1,115.02","","-1.17%"
"Jan 28, 2000","1,128.24","1,128.24","1,128.24","1,128.24","","+0.98%"
"Jan 27, 2000","1,117.24","1,117.24","1,117.24","1,117.24","","+1.94%"
"Jan 26, 2000","1,096.01","1,096.01","1,096.01","1,096.01","","+1.42%"
"Jan 25, 2000","1,080.63","1,080.63","1,080.63","1,080.63","","-2.96%"
"Jan 24, 2000","1,113.60","1,113.60","1,113.60","1,113.60","","+3.52%"
"Jan 21, 2000","1,075.71","1,075.71","1,075.71","1,075.71","","+2.82%"
"Jan 20, 2000","1,046.23","1,046.23","1,046.23","1,046.23","","-1.65%"
"Jan 19, 2000","1,063.74","1,063.74","1,063.74","1,063.74","","-2.35%"
"Jan 18, 2000","1,089.31","1,089.31","1,089.31","1,089.31","","+0.64%"
"Jan 17, 2000","1,082.39","1,082.39","1,082.39","1,082.39","","+6.40%"
"Jan 14, 2000","1,017.30","1,017.30","1,017.30","1,017.30","","+5.93%"
"Jan 13, 2000","960.32","960.32","960.32","960.32","","+0.45%"
"Jan 12, 2000","956.04","956.04","956.04","956.04","","-2.49%"
"Jan 11, 2000","980.41","980.41","980.41","980.41","","+4.90%"
"Jan 07, 2000","934.60","934.60","934.60","934.60","","-2.19%"
"Jan 06, 2000","955.53","955.53","955.53","955.53","","-0.97%"
"Jan 05, 2000","964.87","964.87","964.87","964.87","","-5.69%"
"Jan 04, 2000","1,023.04","1,023.04","1,023.04","1,023.04","","+10.22%"
