Date,Price,Open,High,Low,Vol.,Change %
"Sep 24, 2026","4,352.07","4,487.99","4,490.80","4,352.07","","-4.61%"
"Sep 19, 2026","4,562.29","4,565.16","4,562.29","4,562.29","","0.00%"
"Sep 18, 2026","4,562.29","4,565.16","4,593.68","4,506.19","","-0.61%"
"Sep 17, 2026","4,590.38","4,531.60","4,604.43","4,527.25","","+1.61%"
"Sep 16, 2026","4,517.64","4,486.40","4,524.19","4,461.23","","+0.81%"
"Sep 15, 2026","4,481.44","4,519.52","4,519.52","4,452.80","","+0.74%"
"Sep 14, 2026","4,448.54","4,342.63","4,450.13","4,337.52","","+4.09%"
"Sep 11, 2026","4,273.87","4,265.84","4,286.52","4,230.01","","-1.29%"
"Sep 10, 2026","4,329.52","4,271.41","4,329.52","4,245.56","","+2.14%"
"Sep 09, 2026","4,238.69","4,270.15","4,285.15","4,229.90","","-1.86%"
"Sep 08, 2026","4,319.15","4,348.85","4,370.21","4,310.72","","-1.53%"
"Sep 07, 2026","4,386.19","4,419.30","4,425.89","4,375.85","","-1.05%"
"Sep 05, 2026","4,432.92","4,475.90","4,432.92","4,432.92","","0.00%"
"Sep 04, 2026","4,432.92","4,475.90","4,514.41","4,431.38","","-0.49%"
"Sep 03, 2026","4,454.56","4,464.14","4,487.87","4,427.40","","+0.64%"
"Sep 02, 2026","4,426.40","4,544.37","4,553.72","4,426.40","","-4.15%"
"Sep 01, 2026","4,618.03","4,672.15","4,688.83","4,618.03","","-1.91%"
"Aug 31, 2026","4,707.99","4,625.09","4,707.99","4,617.67","","+1.44%"
"Aug 29, 2026","4,641.34","4,540.11","4,641.34","4,641.34","","0.00%"
"Aug 28, 2026","4,641.34","4,540.11","4,642.02","4,540.11","","+2.89%"
"Aug 27, 2026","4,511.01","4,476.79","4,559.86","4,460.74","","-0.51%"
"Aug 26, 2026","4,533.97","4,456.09","4,533.97","4,453.36","","+1.85%"
"Aug 25, 2026","4,451.82","4,421.05","4,475.93","4,421.05","","+0.52%"
"Aug 24, 2026","4,428.85","4,340.35","4,428.85","4,322.61","","+2.11%"
"Aug 21, 2026","4,337.44","4,357.89","4,357.89","4,316.94","","-0.66%"
"Aug 20, 2026","4,366.41","4,287.29","4,375.61","4,287.29","","+2.10%"
"Aug 19, 2026","4,276.62","4,340.20","4,353.51","4,264.49","","-1.17%"
"Aug 18, 2026","4,327.11","4,371.78","4,384.92","4,322.28","","-1.12%"
"Aug 17, 2026","4,376.12","4,382.14","4,420.39","4,376.12","","-0.81%"
"Aug 14, 2026","4,411.77","4,378.53","4,461.56","4,331.58","","-0.69%"
"Aug 13, 2026","4,442.30","4,441.94","4,461.23","4,384.08","","+0.45%"
"Aug 12, 2026","4,422.20","4,418.25","4,463.14","4,378.31","","+1.55%"
"Aug 10, 2026","4,354.65","4,007.94","4,362.29","3,999.03","","+9.38%"
"Aug 07, 2026","3,981.11","3,910.91","3,999.26","3,907.31","","+1.42%"
"Aug 06, 2026","3,925.51","3,855.24","3,928.14","3,850.82","","+1.36%"
"Aug 05, 2026","3,872.68","3,866.06","3,890.17","3,843.48","","+0.96%"
"Aug 04, 2026","3,835.72","3,863.24","3,863.24","3,809.98","","-0.79%"
"Aug 03, 2026","3,866.39","3,879.90","3,885.56","3,790.95","","-1.32%"
"Jul 31, 2026","3,918.01","3,925.24","3,940.54","3,881.39","","-1.63%"
"Jul 30, 2026","3,982.96","4,077.79","4,078.07","3,953.19","","-1.60%"
"Jul 29, 2026","4,047.64","3,981.77","4,064.26","3,931.96","","+3.19%"
"Jul 28, 2026","3,922.67","3,905.38","3,954.25","3,863.28","","+0.49%"
"Jul 27, 2026","3,903.54","3,841.28","3,919.37","3,829.44","","+3.38%"
"Jul 24, 2026","3,775.96","3,740.02","3,782.82","3,717.97","","-0.53%"
"Jul 23, 2026","3,796.23","3,780.32","3,796.23","3,767.86","","-0.13%"
"Jul 22, 2026","3,801.36","3,840.64","3,840.77","3,776.17","","-2.58%"
"Jul 21, 2026","3,902.10","3,843.68","3,909.50","3,843.68","","+0.74%"
"Jul 18, 2026","3,873.29","3,885.90","3,873.29","3,873.29","","0.00%"
"Jul 17, 2026","3,873.29","3,885.90","3,902.62","3,840.46","","+0.51%"
"Jul 16, 2026","3,853.61","3,846.52","3,895.57","3,846.52","","+0.34%"
"Jul 15, 2026","3,840.72","3,823.97","3,854.53","3,818.76","","-0.55%"
"Jul 14, 2026","3,861.78","3,845.88","3,907.56","3,828.80","","+1.84%"
"Jul 13, 2026","3,792.15","3,756.00","3,794.47","3,749.11","","+0.53%"
"Jul 10, 2026","3,772.05","3,792.51","3,828.89","3,758.92","","-1.16%"
"Jul 09, 2026","3,816.50","3,766.13","3,836.19","3,766.13","","+0.91%"
"Jul 08, 2026","3,781.99","3,825.35","3,825.35","3,781.99","","-0.35%"
"Jul 07, 2026","3,795.31","3,740.22","3,802.30","3,740.22","","+1.99%"
"Jul 06, 2026","3,721.30","3,670.79","3,721.76","3,670.79","","+0.83%"
"Jul 03, 2026","3,690.81","3,702.14","3,727.01","3,677.30","","+1.84%"
"Jul 02, 2026","3,624.06","3,630.55","3,675.38","3,621.69","","+1.91%"
"Jul 01, 2026","3,556.24","3,592.17","3,625.03","3,544.09","","+0.17%"
"Jun 30, 2026","3,550.29","3,538.24","3,602.28","3,538.24","","+0.32%"
"Jun 29, 2026","3,538.93","3,510.91","3,548.15","3,497.81","","+2.11%"
"Jun 26, 2026","3,465.76","3,486.38","3,492.22","3,441.88","","-0.73%"
"Jun 25, 2026","3,491.29","3,482.04","3,522.50","3,463.92","","+0.24%"
"Jun 24, 2026","3,482.96","3,460.08","3,497.33","3,432.86","","+0.51%"
"Jun 23, 2026","3,465.17","3,492.04","3,496.13","3,441.51","","-0.09%"
"Jun 22, 2026","3,468.43","3,420.83","3,498.01","3,420.18","","+0.78%"
"Jun 19, 2026","3,441.64","3,459.23","3,473.76","3,423.67","","-1.35%"
"Jun 18, 2026","3,488.82","3,424.44","3,511.30","3,424.17","","+2.83%"
"Jun 17, 2026","3,392.64","3,428.32","3,442.69","3,392.56","","-0.89%"
"Jun 16, 2026","3,422.98","3,387.46","3,426.08","3,385.54","","+0.03%"
"Jun 15, 2026","3,422.10","3,444.58","3,479.98","3,420.88","","-0.62%"
"Jun 12, 2026","3,443.42","3,482.71","3,490.81","3,439.17","","-1.38%"
"Jun 11, 2026","3,491.51","3,507.30","3,529.38","3,478.93","","-0.74%"
"Jun 10, 2026","3,517.48","3,500.42","3,559.05","3,472.96","","+1.38%"
"Jun 09, 2026","3,469.68","3,427.72","3,488.97","3,402.99","","+2.04%"
"Jun 08, 2026","3,400.21","3,404.77","3,431.79","3,383.03","","+0.78%"
"Jun 05, 2026","3,373.74","3,427.04","3,428.63","3,366.51","","+0.12%"
"Jun 04, 2026","3,369.82","3,370.86","3,385.11","3,353.01","","-1.61%"
"Jun 03, 2026","3,424.99","3,379.92","3,425.21","3,330.91","","+0.84%"
"Jun 02, 2026","3,396.39","3,403.80","3,434.56","3,376.12","","-0.19%"
"Jun 01, 2026","3,402.95","3,400.88","3,471.59","3,397.50","","+1.36%"
"May 29, 2026","3,357.30","3,332.79","3,412.01","3,332.79","","+1.85%"
"May 28, 2026","3,296.28","3,279.29","3,304.78","3,270.87","","+0.63%"
"May 27, 2026","3,275.59","3,269.14","3,298.71","3,263.80","","+0.57%"
"May 26, 2026","3,256.97","3,247.47","3,269.84","3,235.09","","+0.55%"
"May 25, 2026","3,239.00","3,235.55","3,257.62","3,209.41","","-0.82%"
"May 23, 2026","3,265.93","3,212.01","3,265.93","3,265.93","","0.00%"
"May 22, 2026","3,265.93","3,212.01","3,271.55","3,204.58","","+1.00%"
"May 21, 2026","3,233.55","3,239.92","3,267.96","3,230.78","","-0.63%"
"May 20, 2026","3,254.06","3,319.32","3,319.32","3,244.67","","-1.17%"
"May 19, 2026","3,292.45","3,181.31","3,298.94","3,177.94","","+4.77%"
"May 18, 2026","3,142.45","2,994.92","3,172.69","2,994.92","","+6.23%"
"May 15, 2026","2,958.13","2,926.27","2,958.13","2,919.81","","+1.02%"
"May 14, 2026","2,928.34","2,919.97","2,933.18","2,890.18","","-0.35%"
"May 13, 2026","2,938.53","2,900.95","2,951.62","2,900.95","","+2.23%"
"May 12, 2026","2,874.45","2,883.56","2,899.33","2,863.24","","-0.66%"
"May 11, 2026","2,893.45","2,905.83","2,915.49","2,888.32","","-0.76%"
"May 08, 2026","2,915.70","2,888.02","2,939.53","2,886.48","","+1.90%"
"May 07, 2026","2,861.22","2,867.46","2,880.98","2,831.18","","+0.71%"
"May 01, 2026","2,841.03","2,815.67","2,844.81","2,813.36","","+0.15%"
"Apr 30, 2026","2,836.91","2,861.55","2,863.37","2,812.52","","-2.24%"
"Apr 28, 2026","2,901.94","2,882.05","2,901.94","2,864.49","","+1.86%"
"Apr 27, 2026","2,848.98","2,847.80","2,877.05","2,844.43","","-0.47%"
"Apr 24, 2026","2,862.36","2,890.25","2,897.80","2,849.35","","-1.83%"
"Apr 23, 2026","2,915.59","2,960.99","2,960.99","2,893.16","","-2.83%"
"Apr 22, 2026","3,000.59","3,007.13","3,016.02","2,991.44","","+0.04%"
"Apr 21, 2026","2,999.25","2,991.37","3,008.78","2,978.86","","+0.22%"
"Apr 20, 2026","2,992.80","2,988.97","3,000.20","2,982.57","","+0.35%"
"Apr 17, 2026","2,982.49","2,949.46","3,002.14","2,949.46","","+1.24%"
"Apr 16, 2026","2,945.82","2,963.49","2,972.00","2,944.58","","+0.78%"
"Apr 15, 2026","2,922.96","2,884.88","2,925.35","2,884.88","","+1.64%"
"Apr 14, 2026","2,875.82","2,897.21","2,904.51","2,872.11","","+0.23%"
"Apr 13, 2026","2,869.16","2,847.01","2,880.62","2,844.13","","-0.56%"
"Apr 11, 2026","2,885.24","2,910.26","2,885.24","2,885.24","","0.00%"
"Apr 10, 2026","2,885.24","2,910.26","2,910.26","2,868.79","","-1.21%"
"Apr 09, 2026","2,920.54","2,957.93","2,957.93","2,915.09","","-1.66%"
"Apr 08, 2026","2,969.73","2,931.23","2,970.69","2,930.68","","+2.82%"
"Apr 07, 2026","2,888.39","2,883.47","2,918.38","2,882.43","","+0.32%"
"Apr 06, 2026","2,879.04","2,867.62","2,895.94","2,867.62","","+0.23%"
"Apr 03, 2026","2,872.42","2,879.43","2,902.11","2,860.78","","+0.49%"
"Apr 02, 2026","2,858.40","2,906.89","2,931.14","2,851.78","","-1.77%"
"Apr 01, 2026","2,909.87","2,812.21","2,909.87","2,808.06","","+4.87%"
"Mar 31, 2026","2,774.81","2,757.81","2,816.13","2,757.81","","+1.59%"
"Mar 30, 2026","2,731.50","2,740.52","2,741.27","2,686.84","","-2.77%"
"Mar 27, 2026","2,809.35","2,798.90","2,820.34","2,786.47","","+1.15%"
"Mar 26, 2026","2,777.32","2,780.85","2,792.54","2,761.35","","-0.27%"
"Mar 25, 2026","2,784.84","2,793.13","2,810.74","2,775.96","","+0.13%"
"Mar 24, 2026","2,781.23","2,756.70","2,781.23","2,744.49","","+2.34%"
"Mar 23, 2026","2,717.51","2,727.39","2,735.41","2,699.82","","-1.74%"
"Mar 19, 2026","2,765.50","2,802.63","2,813.02","2,765.50","","-2.71%"
"Mar 18, 2026","2,842.61","2,812.67","2,845.41","2,810.50","","+0.91%"
"Mar 17, 2026","2,816.99","2,814.53","2,830.04","2,802.75","","+1.16%"
"Mar 16, 2026","2,784.69","2,797.56","2,829.60","2,779.08","","-0.63%"
"Mar 13, 2026","2,802.41","2,781.77","2,809.64","2,773.78","","-0.28%"
"Mar 12, 2026","2,810.35","2,819.53","2,827.59","2,784.80","","-1.30%"
"Mar 11, 2026","2,847.38","2,876.10","2,882.19","2,845.41","","-0.29%"
"Mar 10, 2026","2,855.62","2,863.18","2,881.96","2,832.98","","+0.07%"
"Mar 09, 2026","2,853.71","2,867.58","2,869.35","2,803.88","","-2.25%"
"Mar 06, 2026","2,919.53","2,898.77","2,931.63","2,881.69","","+1.16%"
"Mar 05, 2026","2,886.17","2,884.74","2,943.99","2,879.94","","+1.35%"
"Mar 04, 2026","2,847.60","2,867.82","2,880.92","2,832.37","","-0.88%"
"Mar 03, 2026","2,873.01","2,901.78","2,909.73","2,864.76","","-1.16%"
"Mar 02, 2026","2,906.60","2,929.61","2,932.81","2,895.58","","-1.78%"
"Feb 27, 2026","2,959.31","2,951.12","2,974.89","2,929.22","","+1.37%"
"Feb 26, 2026","2,919.20","2,860.12","2,941.01","2,858.00","","+3.29%"
"Feb 25, 2026","2,826.30","2,809.71","2,838.17","2,799.78","","+1.00%"
"Feb 24, 2026","2,798.41","2,804.91","2,828.93","2,788.58","","-0.92%"
"Feb 21, 2026","2,824.29","2,845.36","2,824.29","2,824.29","","0.00%"
"Feb 20, 2026","2,824.29","2,845.36","2,849.44","2,820.08","","-0.88%"
"Feb 19, 2026","2,849.29","2,858.12","2,865.88","2,823.80","","+0.41%"
"Feb 18, 2026","2,837.72","2,798.75","2,837.82","2,795.58","","+1.50%"
"Feb 17, 2026","2,795.92","2,823.56","2,823.56","2,786.43","","-1.73%"
"Feb 16, 2026","2,845.09","2,859.46","2,859.46","2,815.41","","+0.27%"
"Feb 13, 2026","2,837.31","2,960.22","2,960.22","2,833.26","","-4.64%"
"Feb 12, 2026","2,975.52","3,044.04","3,044.04","2,974.03","","-2.83%"
"Feb 10, 2026","3,062.17","3,037.10","3,091.03","3,036.12","","+1.90%"
"Feb 09, 2026","3,005.10","2,988.00","3,021.43","2,983.89","","+1.52%"
"Feb 07, 2026","2,960.11","2,955.70","2,960.11","2,960.11","","0.00%"
"Feb 06, 2026","2,960.11","2,955.70","2,960.11","2,917.61","","-0.32%"
"Feb 05, 2026","2,969.75","3,006.76","3,007.74","2,965.22","","-0.90%"
"Feb 04, 2026","2,996.84","3,112.98","3,112.98","2,996.84","","-4.78%"
"Feb 03, 2026","3,147.27","3,120.81","3,160.01","3,120.81","","+1.19%"
"Feb 02, 2026","3,110.33","3,118.47","3,146.11","3,096.34","","+0.75%"
"Jan 30, 2026","3,087.26","3,101.87","3,105.95","3,069.68","","-0.39%"
"Jan 29, 2026","3,099.42","3,108.57","3,109.81","3,074.73","","-1.48%"
"Jan 28, 2026","3,145.94","3,157.76","3,164.04","3,143.56","","-0.73%"
"Jan 27, 2026","3,169.02","3,156.90","3,181.12","3,141.81","","+0.21%"
"Jan 26, 2026","3,162.24","3,179.51","3,179.51","3,145.98","","-1.57%"
"Jan 23, 2026","3,212.60","3,200.61","3,225.90","3,190.21","","+0.82%"
"Jan 22, 2026","3,186.60","3,203.77","3,222.18","3,186.60","","+0.18%"
"Jan 21, 2026","3,180.91","3,229.10","3,238.35","3,177.54","","-2.55%"
"Jan 20, 2026","3,263.98","3,317.00","3,323.28","3,258.55","","-2.31%"
"Jan 19, 2026","3,340.99","3,328.76","3,343.59","3,309.67","","+0.58%"
"Jan 16, 2026","3,321.61","3,323.92","3,339.73","3,310.68","","-0.91%"
"Jan 15, 2026","3,352.05","3,320.63","3,363.27","3,302.60","","+1.19%"
"Jan 14, 2026","3,312.57","3,321.30","3,339.30","3,309.70","","-0.50%"
"Jan 13, 2026","3,329.21","3,386.27","3,390.17","3,318.39","","-0.31%"
"Jan 09, 2026","3,339.41","3,327.23","3,347.56","3,307.92","","+0.49%"
"Jan 08, 2026","3,323.11","3,320.60","3,337.23","3,313.54","","-0.43%"
"Jan 07, 2026","3,337.43","3,269.51","3,351.39","3,265.08","","+1.74%"
"Jan 06, 2026","3,280.30","3,287.10","3,331.82","3,280.22","","+0.82%"
"Jan 05, 2026","3,253.57","3,258.27","3,270.23","3,242.76","","+0.89%"
"Dec 30, 2025","3,225.02","3,264.35","3,264.35","3,225.02","","-1.02%"
"Dec 29, 2025","3,258.24","3,267.99","3,270.96","3,249.20","","-0.43%"
"Dec 26, 2025","3,272.47","3,271.54","3,286.87","3,259.73","","-0.09%"
"Dec 25, 2025","3,275.38","3,259.79","3,275.38","3,242.48","","+0.56%"
"Dec 24, 2025","3,257.23","3,278.28","3,286.13","3,251.08","","-0.32%"
"Dec 23, 2025","3,267.72","3,246.05","3,271.33","3,246.05","","+1.41%"
"Dec 22, 2025","3,222.13","3,236.08","3,237.17","3,213.07","","+0.28%"
"Dec 19, 2025","3,213.12","3,224.49","3,249.54","3,207.53","","+0.19%"
"Dec 18, 2025","3,207.04","3,170.51","3,219.02","3,163.71","","+1.60%"
"Dec 17, 2025","3,156.48","3,150.03","3,159.62","3,117.40","","+0.42%"
"Dec 16, 2025","3,143.26","3,185.82","3,185.82","3,142.35","","-0.85%"
"Dec 15, 2025","3,170.33","3,120.89","3,174.36","3,120.89","","+1.79%"
"Dec 12, 2025","3,114.70","3,084.33","3,122.20","3,084.33","","+1.82%"
"Dec 11, 2025","3,059.17","3,107.60","3,108.42","3,051.72","","-0.69%"
"Dec 10, 2025","3,080.43","3,079.93","3,088.69","3,062.47","","+0.02%"
"Dec 09, 2025","3,079.86","3,102.87","3,102.87","3,077.59","","-0.23%"
"Dec 08, 2025","3,086.87","3,091.84","3,109.55","3,075.84","","-0.23%"
"Dec 05, 2025","3,093.86","3,107.34","3,117.06","3,078.78","","-1.58%"
"Dec 04, 2025","3,143.46","3,080.34","3,155.61","3,078.10","","+1.61%"
"Dec 03, 2025","3,093.80","3,058.01","3,096.78","3,047.81","","+1.52%"
"Dec 02, 2025","3,047.50","3,079.75","3,087.48","3,046.58","","-1.08%"
"Dec 01, 2025","3,080.66","3,096.04","3,120.01","3,071.09","","-0.80%"
"Nov 29, 2025","3,105.57","3,113.80","3,105.57","3,105.57","","0.00%"
"Nov 28, 2025","3,105.57","3,113.80","3,119.66","3,095.19","","-0.09%"
"Nov 27, 2025","3,108.44","3,107.80","3,116.64","3,099.66","","-0.07%"
"Nov 26, 2025","3,110.52","3,076.63","3,118.28","3,068.62","","+2.04%"
"Nov 25, 2025","3,048.35","3,080.94","3,091.05","3,048.35","","-0.24%"
"Nov 21, 2025","3,055.56","3,013.51","3,067.00","3,013.51","","+1.55%"
"Nov 20, 2025","3,008.83","3,009.63","3,036.56","3,008.83","","+0.47%"
"Nov 19, 2025","2,994.78","3,009.79","3,025.33","2,994.78","","-0.16%"
"Nov 18, 2025","2,999.55","3,055.16","3,060.69","2,999.55","","-2.38%"
"Nov 17, 2025","3,072.59","3,086.41","3,102.11","3,062.12","","-1.49%"
"Nov 14, 2025","3,119.03","3,109.42","3,128.53","3,103.06","","-0.39%"
"Nov 13, 2025","3,131.36","3,091.21","3,143.91","3,091.19","","+0.89%"
"Nov 12, 2025","3,103.73","3,120.60","3,137.75","3,093.56","","-0.13%"
"Nov 11, 2025","3,107.62","3,112.58","3,134.54","3,097.54","","+0.50%"
"Nov 10, 2025","3,092.25","3,121.22","3,121.22","3,076.53","","-1.10%"
"Nov 07, 2025","3,126.71","2,973.13","3,133.80","2,973.11","","+5.80%"
"Nov 06, 2025","2,955.38","2,959.85","2,974.76","2,944.52","","+0.07%"
"Nov 05, 2025","2,953.17","2,978.69","2,990.99","2,927.91","","-0.84%"
"Nov 04, 2025","2,978.06","2,998.25","3,001.85","2,973.96","","-1.64%"
"Oct 31, 2025","3,027.72","3,063.33","3,063.33","3,013.50","","-0.56%"
"Oct 30, 2025","3,044.74","3,031.03","3,051.11","3,010.44","","+0.59%"
"Oct 29, 2025","3,026.97","3,062.33","3,067.10","3,026.97","","-1.79%"
"Oct 28, 2025","3,082.12","3,112.31","3,112.52","3,077.79","","-1.53%"
"Oct 27, 2025","3,130.14","3,134.65","3,159.58","3,129.06","","+0.29%"
"Oct 24, 2025","3,120.99","3,117.48","3,138.09","3,108.81","","+0.85%"
"Oct 23, 2025","3,094.72","3,100.57","3,100.57","3,083.72","","-0.86%"
"Oct 22, 2025","3,121.43","3,121.34","3,138.46","3,118.35","","-0.06%"
"Oct 21, 2025","3,123.42","3,109.45","3,139.46","3,101.15","","+0.81%"
"Oct 20, 2025","3,098.46","3,074.93","3,108.23","3,070.15","","+2.26%"
"Oct 17, 2025","3,029.90","3,072.92","3,073.09","3,029.90","","-1.44%"
"Oct 16, 2025","3,074.19","3,103.56","3,115.30","3,068.97","","-0.98%"
"Oct 15, 2025","3,104.71","3,138.27","3,148.31","3,102.46","","-0.61%"
"Oct 14, 2025","3,123.75","3,118.70","3,140.83","3,097.06","","-1.45%"
"Oct 10, 2025","3,169.82","3,174.46","3,175.89","3,156.29","","-0.44%"
"Oct 09, 2025","3,183.96","3,172.28","3,183.96","3,163.43","","+0.96%"
"Oct 08, 2025","3,153.76","3,170.68","3,183.85","3,148.44","","-0.09%"
"Oct 07, 2025","3,156.51","3,163.25","3,171.49","3,144.88","","-0.56%"
"Oct 06, 2025","3,174.24","3,166.83","3,184.67","3,150.40","","+1.99%"
"Oct 03, 2025","3,112.35","3,081.67","3,123.41","3,077.49","","+1.52%"
"Oct 02, 2025","3,065.80","3,120.59","3,125.69","3,065.80","","-2.21%"
"Oct 01, 2025","3,135.06","3,149.57","3,154.10","3,116.44","","-1.49%"
"Sep 30, 2025","3,182.58","3,183.32","3,192.96","3,170.65","","+0.31%"
"Sep 29, 2025","3,172.78","3,224.15","3,228.15","3,166.91","","-2.12%"
"Sep 26, 2025","3,241.65","3,227.10","3,259.92","3,220.94","","+0.64%"
"Sep 25, 2025","3,221.08","3,204.02","3,221.08","3,200.61","","+1.33%"
"Sep 24, 2025","3,178.89","3,208.85","3,208.85","3,172.41","","-1.11%"
"Sep 22, 2025","3,214.59","3,205.72","3,239.26","3,205.72","","+0.27%"
"Sep 19, 2025","3,206.05","3,260.50","3,268.36","3,190.70","","-1.69%"
"Sep 18, 2025","3,261.31","3,282.85","3,282.85","3,256.08","","-0.50%"
"Sep 17, 2025","3,277.57","3,283.79","3,293.11","3,265.46","","-0.89%"
"Sep 16, 2025","3,307.16","3,301.30","3,320.41","3,287.87","","+0.48%"
"Sep 12, 2025","3,291.48","3,288.74","3,296.11","3,269.16","","+0.87%"
"Sep 11, 2025","3,263.07","3,254.47","3,272.33","3,242.89","","-0.40%"
"Sep 10, 2025","3,276.32","3,267.38","3,277.82","3,254.67","","-0.09%"
"Sep 09, 2025","3,279.38","3,309.90","3,323.47","3,279.38","","-0.12%"
"Sep 08, 2025","3,283.45","3,302.13","3,353.76","3,276.80","","+0.32%"
"Sep 05, 2025","3,273.13","3,285.65","3,308.68","3,260.12","","-0.18%"
"Sep 04, 2025","3,278.93","3,271.22","3,286.80","3,256.85","","+0.37%"
"Sep 03, 2025","3,266.81","3,273.18","3,281.19","3,256.53","","-0.19%"
"Sep 02, 2025","3,273.06","3,284.37","3,295.49","3,261.21","","-0.12%"
"Sep 01, 2025","3,276.91","3,241.39","3,280.32","3,240.51","","+0.55%"
"Aug 29, 2025","3,258.84","3,265.92","3,276.74","3,258.84","","-0.69%"
"Aug 28, 2025","3,281.43","3,252.31","3,282.54","3,244.73","","+0.65%"
"Aug 27, 2025","3,260.21","3,269.96","3,279.49","3,254.14","","-0.81%"
"Aug 26, 2025","3,286.86","3,324.10","3,327.78","3,285.44","","-1.83%"
"Aug 25, 2025","3,347.99","3,327.10","3,370.39","3,321.08","","+1.08%"
"Aug 22, 2025","3,312.26","3,323.40","3,323.95","3,298.43","","-0.31%"
"Aug 21, 2025","3,322.64","3,336.95","3,336.95","3,311.63","","-0.72%"
"Aug 20, 2025","3,346.62","3,340.78","3,356.37","3,329.55","","-0.31%"
"Aug 19, 2025","3,357.16","3,374.84","3,379.46","3,346.26","","-0.43%"
"Aug 18, 2025","3,371.63","3,326.30","3,401.47","3,320.19","","+1.95%"
"Aug 15, 2025","3,307.16","3,254.15","3,307.16","3,254.15","","+1.18%"
"Aug 14, 2025","3,268.74","3,303.72","3,307.37","3,266.42","","-1.86%"
"Aug 13, 2025","3,330.72","3,289.37","3,341.79","3,286.61","","+1.89%"
"Aug 12, 2025","3,268.83","3,219.76","3,287.22","3,216.25","","+1.87%"
"Aug 08, 2025","3,208.74","3,185.81","3,222.64","3,182.49","","+1.06%"
"Aug 07, 2025","3,175.05","3,167.09","3,206.21","3,158.62","","+0.63%"
"Aug 06, 2025","3,155.29","3,178.26","3,186.09","3,145.70","","-0.91%"
"Aug 05, 2025","3,184.15","3,174.93","3,202.15","3,174.93","","+0.61%"
"Aug 04, 2025","3,164.86","3,195.44","3,195.44","3,147.64","","-2.41%"
"Aug 01, 2025","3,242.94","3,236.40","3,254.51","3,228.50","","+1.13%"
"Jul 31, 2025","3,206.58","3,188.02","3,216.58","3,179.06","","+1.04%"
"Jul 30, 2025","3,173.58","3,202.16","3,202.49","3,168.18","","-1.18%"
"Jul 29, 2025","3,211.63","3,176.47","3,212.31","3,161.83","","+0.45%"
"Jul 28, 2025","3,197.18","3,195.58","3,230.35","3,186.28","","+0.75%"
"Jul 25, 2025","3,173.46","3,193.76","3,206.49","3,162.13","","-0.45%"
"Jul 24, 2025","3,187.77","3,145.85","3,201.27","3,142.17","","+2.20%"
"Jul 23, 2025","3,119.10","3,050.24","3,135.77","3,043.64","","+3.00%"
"Jul 22, 2025","3,028.16","3,045.21","3,062.24","3,011.60","","-0.48%"
"Jul 18, 2025","3,042.80","3,074.75","3,074.75","3,033.31","","-0.08%"
"Jul 17, 2025","3,045.25","2,989.71","3,045.25","2,984.58","","+1.58%"
"Jul 16, 2025","2,997.78","3,023.98","3,024.92","2,991.51","","-0.53%"
"Jul 15, 2025","3,013.71","3,036.72","3,039.97","3,012.17","","-0.70%"
"Jul 14, 2025","3,035.10","3,035.46","3,054.05","3,021.15","","-0.42%"
"Jul 11, 2025","3,047.78","3,094.82","3,106.12","3,047.78","","-0.61%"
"Jul 10, 2025","3,066.36","3,062.22","3,066.36","3,043.45","","+0.08%"
"Jul 09, 2025","3,063.80","3,069.84","3,080.17","3,044.07","","-0.04%"
"Jul 08, 2025","3,065.06","3,078.44","3,110.41","3,065.06","","+0.21%"
"Jul 07, 2025","3,058.71","3,048.74","3,072.80","3,044.73","","+0.85%"
"Jul 04, 2025","3,033.04","3,055.57","3,055.57","3,023.32","","-0.02%"
"Jul 03, 2025","3,033.67","3,048.39","3,053.56","3,024.68","","-0.61%"
"Jul 02, 2025","3,052.42","3,047.16","3,078.77","3,038.07","","+0.01%"
"Jul 01, 2025","3,052.17","3,110.34","3,110.34","3,048.44","","-2.00%"
"Jun 30, 2025","3,114.33","3,120.08","3,129.68","3,103.36","","+0.75%"
"Jun 27, 2025","3,091.02","3,058.93","3,116.48","3,052.66","","+1.71%"
"Jun 26, 2025","3,039.17","3,023.40","3,040.19","3,023.40","","+0.75%"
"Jun 25, 2025","3,016.60","3,013.76","3,022.40","3,002.85","","+0.05%"
"Jun 24, 2025","3,014.96","3,020.62","3,032.95","3,009.75","","+0.83%"
"Jun 23, 2025","2,990.15","2,965.42","2,993.46","2,956.57","","+0.23%"
"Jun 20, 2025","2,983.20","3,006.45","3,014.76","2,983.20","","-1.17%"
"Jun 19, 2025","3,018.51","3,053.79","3,056.87","3,018.11","","-1.09%"
"Jun 18, 2025","3,051.82","3,024.44","3,051.82","3,024.44","","+0.94%"
"Jun 17, 2025","3,023.52","3,013.71","3,027.48","3,003.96","","+0.49%"
"Jun 16, 2025","3,008.77","3,014.51","3,021.17","2,995.82","","+0.44%"
"Jun 14, 2025","2,995.49","3,025.27","2,995.49","2,995.49","","0.00%"
"Jun 13, 2025","2,995.49","3,025.27","3,027.45","2,984.61","","-1.83%"
"Jun 12, 2025","3,051.30","3,100.39","3,103.10","3,050.71","","-1.87%"
"Jun 11, 2025","3,109.47","3,079.85","3,115.72","3,078.70","","+1.35%"
"Jun 10, 2025","3,067.93","3,078.04","3,095.43","3,056.07","","+0.25%"
"Jun 09, 2025","3,060.38","3,045.70","3,081.34","3,043.36","","+0.81%"
"Jun 06, 2025","3,035.81","3,026.97","3,052.10","3,024.81","","+0.43%"
"Jun 05, 2025","3,022.75","3,047.71","3,048.07","3,016.48","","-1.57%"
"Jun 04, 2025","3,070.92","3,063.31","3,081.08","3,062.92","","+0.62%"
"Jun 03, 2025","3,051.92","3,070.32","3,078.22","3,051.92","","-0.76%"
"Jun 02, 2025","3,075.29","3,084.20","3,086.83","3,059.87","","-1.18%"
"May 30, 2025","3,112.07","3,110.48","3,126.92","3,088.53","","-1.12%"
"May 29, 2025","3,147.27","3,084.59","3,149.32","3,084.59","","+2.71%"
"May 28, 2025","3,064.11","3,118.33","3,126.69","3,064.11","","-0.91%"
"May 27, 2025","3,092.34","3,071.11","3,099.35","3,066.48","","+0.53%"
"May 26, 2025","3,075.95","3,040.38","3,080.99","3,037.74","","+1.32%"
"May 23, 2025","3,035.84","3,041.20","3,049.37","3,028.79","","-0.04%"
"May 22, 2025","3,037.03","3,038.39","3,050.99","3,030.59","","-0.70%"
"May 21, 2025","3,058.53","3,094.35","3,095.93","3,055.95","","-0.87%"
"May 20, 2025","3,085.39","3,072.21","3,091.23","3,059.04","","+1.32%"
"May 19, 2025","3,045.33","3,050.84","3,057.01","3,030.05","","-0.89%"
"May 16, 2025","3,072.62","3,082.23","3,103.29","3,059.43","","-1.13%"
"May 15, 2025","3,107.64","3,135.58","3,136.30","3,102.82","","-1.51%"
"May 14, 2025","3,155.16","3,153.82","3,168.19","3,115.81","","+0.33%"
"May 13, 2025","3,144.90","3,094.31","3,165.86","3,089.49","","+2.61%"
"May 12, 2025","3,064.86","3,108.83","3,113.26","3,030.45","","-1.25%"
"May 09, 2025","3,103.52","3,104.73","3,118.98","3,083.09","","+0.95%"
"May 08, 2025","3,074.46","3,050.57","3,082.68","3,027.98","","+1.59%"
"May 07, 2025","3,026.22","3,031.07","3,039.69","3,011.24","","+0.97%"
"May 02, 2025","2,997.10","2,978.53","3,003.70","2,968.50","","+0.64%"
"May 01, 2025","2,978.06","2,954.09","2,986.24","2,940.72","","+1.19%"
"Apr 30, 2025","2,943.15","2,911.58","2,948.82","2,901.46","","+1.84%"
"Apr 28, 2025","2,890.09","2,891.07","2,912.25","2,882.63","","+0.55%"
"Apr 25, 2025","2,874.26","2,853.14","2,894.32","2,850.12","","+1.52%"
"Apr 24, 2025","2,831.13","2,836.69","2,843.59","2,815.09","","+0.73%"
"Apr 23, 2025","2,810.57","2,836.81","2,855.04","2,791.19","","+0.57%"
"Apr 22, 2025","2,794.63","2,779.36","2,808.71","2,770.67","","-0.18%"
"Apr 21, 2025","2,799.66","2,832.10","2,846.73","2,799.66","","-1.76%"
"Apr 18, 2025","2,849.92","2,852.21","2,857.08","2,825.43","","-0.44%"
"Apr 17, 2025","2,862.42","2,836.84","2,881.46","2,832.37","","+1.24%"
"Apr 16, 2025","2,827.30","2,836.65","2,855.04","2,797.31","","-0.18%"
"Apr 15, 2025","2,832.26","2,812.52","2,857.39","2,799.74","","+1.86%"
"Apr 14, 2025","2,780.54","2,804.08","2,821.86","2,780.54","","-0.17%"
"Apr 11, 2025","2,785.26","2,808.07","2,808.25","2,720.41","","-2.63%"
"Apr 10, 2025","2,860.36","2,719.26","2,879.07","2,718.82","","+7.34%"
"Apr 09, 2025","2,664.74","2,715.85","2,721.77","2,636.40","","-3.36%"
"Apr 08, 2025","2,757.35","2,609.06","2,758.00","2,604.41","","+7.47%"
"Apr 07, 2025","2,565.66","2,725.77","2,730.86","2,499.75","","-7.68%"
"Apr 04, 2025","2,779.22","2,831.35","2,845.15","2,747.79","","-3.28%"
"Apr 03, 2025","2,873.37","2,865.67","2,885.25","2,822.69","","-1.63%"
"Apr 02, 2025","2,921.00","2,919.74","2,925.76","2,890.61","","+0.61%"
"Apr 01, 2025","2,903.33","2,903.43","2,926.51","2,885.44","","+0.63%"
"Mar 31, 2025","2,885.26","2,948.97","2,948.97","2,879.12","","-3.87%"
"Mar 28, 2025","3,001.27","3,038.66","3,038.66","2,989.91","","-2.22%"
"Mar 27, 2025","3,069.27","3,041.77","3,070.61","3,040.06","","+0.54%"
"Mar 26, 2025","3,052.68","3,075.05","3,075.05","3,025.85","","-0.05%"
"Mar 25, 2025","3,054.15","3,062.20","3,078.94","3,044.18","","+0.62%"
"Mar 24, 2025","3,035.24","3,039.51","3,056.64","3,032.35","","-0.06%"
"Mar 21, 2025","3,036.92","3,048.21","3,057.77","3,036.92","","-0.26%"
"Mar 19, 2025","3,044.94","3,027.45","3,060.91","3,024.77","","+1.03%"
"Mar 18, 2025","3,013.91","3,022.92","3,039.54","3,013.91","","+0.59%"
"Mar 17, 2025","2,996.34","3,058.77","3,059.58","2,996.34","","-1.59%"
"Mar 14, 2025","3,044.78","3,047.18","3,057.08","3,002.56","","-0.84%"
"Mar 13, 2025","3,070.71","3,091.48","3,112.52","3,070.71","","-0.28%"
"Mar 12, 2025","3,079.19","3,076.24","3,095.52","3,073.38","","+0.03%"
"Mar 11, 2025","3,078.34","3,115.61","3,115.61","3,036.48","","-2.12%"
"Mar 10, 2025","3,144.96","3,129.51","3,153.75","3,107.30","","+0.52%"
"Mar 07, 2025","3,128.72","3,146.22","3,154.95","3,116.20","","-1.53%"
"Mar 06, 2025","3,177.39","3,171.15","3,188.75","3,168.45","","+0.97%"
"Mar 05, 2025","3,146.80","3,162.22","3,168.05","3,136.56","","-0.74%"
"Mar 04, 2025","3,170.37","3,160.79","3,174.38","3,130.96","","-0.29%"
"Mar 03, 2025","3,179.66","3,115.51","3,181.41","3,113.78","","+3.26%"
"Feb 28, 2025","3,079.20","3,140.71","3,141.39","3,062.52","","-2.73%"
"Feb 27, 2025","3,165.78","3,150.80","3,171.57","3,136.76","","+0.40%"
"Feb 26, 2025","3,153.05","3,134.68","3,154.75","3,113.82","","+0.26%"
"Feb 25, 2025","3,144.95","3,186.49","3,188.50","3,122.41","","-2.24%"
"Feb 21, 2025","3,217.17","3,206.66","3,243.03","3,206.66","","-0.85%"
"Feb 20, 2025","3,244.60","3,273.51","3,282.94","3,236.95","","-1.71%"
"Feb 19, 2025","3,300.98","3,285.68","3,309.80","3,281.25","","-0.02%"
"Feb 18, 2025","3,301.73","3,286.85","3,325.12","3,276.80","","+0.52%"
"Feb 17, 2025","3,284.68","3,279.86","3,290.95","3,252.17","","-1.16%"
"Feb 14, 2025","3,323.07","3,350.38","3,360.09","3,317.48","","-0.94%"
"Feb 13, 2025","3,354.52","3,355.81","3,363.73","3,274.44","","-1.10%"
"Feb 12, 2025","3,391.85","3,413.21","3,415.21","3,382.00","","-0.13%"
"Feb 10, 2025","3,396.16","3,384.25","3,409.27","3,376.18","","+0.17%"
"Feb 07, 2025","3,390.52","3,407.40","3,421.56","3,383.81","","-0.87%"
"Feb 06, 2025","3,420.20","3,421.32","3,447.67","3,408.86","","+0.48%"
"Feb 05, 2025","3,403.81","3,422.22","3,438.42","3,384.35","","-0.10%"
"Feb 04, 2025","3,407.15","3,431.54","3,447.15","3,381.66","","+1.03%"
"Feb 03, 2025","3,372.41","3,382.35","3,383.68","3,339.13","","-2.04%"
"Jan 31, 2025","3,442.59","3,457.83","3,463.76","3,435.32","","-1.10%"
"Jan 30, 2025","3,480.99","3,466.45","3,496.04","3,465.06","","+0.12%"
"Jan 29, 2025","3,476.73","3,472.70","3,500.64","3,471.32","","+0.94%"
"Jan 28, 2025","3,444.30","3,409.66","3,463.19","3,384.51","","+1.14%"
"Jan 27, 2025","3,405.37","3,432.42","3,455.21","3,402.14","","+0.13%"
"Jan 24, 2025","3,400.83","3,407.39","3,431.59","3,396.89","","+0.59%"
"Jan 23, 2025","3,380.86","3,362.42","3,389.62","3,351.86","","+1.06%"
"Jan 22, 2025","3,345.38","3,365.51","3,379.84","3,332.63","","+0.59%"
"Jan 21, 2025","3,325.85","3,332.23","3,335.99","3,285.98","","+0.26%"
"Jan 20, 2025","3,317.23","3,312.95","3,337.96","3,306.30","","+0.59%"
"Jan 17, 2025","3,297.93","3,316.92","3,316.92","3,259.26","","-0.53%"
"Jan 16, 2025","3,315.61","3,338.67","3,371.49","3,315.61","","+0.74%"
"Jan 15, 2025","3,291.17","3,310.60","3,320.05","3,278.00","","-0.08%"
"Jan 14, 2025","3,293.71","3,344.49","3,355.75","3,264.05","","-1.70%"
"Jan 10, 2025","3,350.82","3,383.43","3,391.14","3,349.97","","-1.36%"
"Jan 09, 2025","3,396.88","3,429.15","3,451.18","3,375.45","","-1.04%"
"Jan 08, 2025","3,432.43","3,420.13","3,445.34","3,404.20","","+0.08%"
"Jan 07, 2025","3,429.55","3,395.33","3,455.88","3,387.72","","+2.54%"
"Jan 06, 2025","3,344.74","3,420.36","3,442.22","3,342.00","","-1.97%"
"Dec 30, 2024","3,412.05","3,466.21","3,466.21","3,407.88","","-1.58%"
"Dec 27, 2024","3,466.82","3,422.31","3,476.44","3,422.31","","+1.58%"
"Dec 26, 2024","3,413.04","3,391.49","3,416.50","3,384.61","","+0.84%"
"Dec 25, 2024","3,384.71","3,393.37","3,393.37","3,355.15","","-0.11%"
"Dec 24, 2024","3,388.60","3,417.39","3,417.39","3,373.63","","-0.99%"
"Dec 23, 2024","3,422.65","3,415.98","3,433.46","3,404.98","","+1.57%"
"Dec 20, 2024","3,369.67","3,388.43","3,415.39","3,369.67","","-0.06%"
"Dec 19, 2024","3,371.73","3,344.38","3,386.38","3,332.28","","-0.75%"
"Dec 18, 2024","3,397.35","3,422.68","3,446.57","3,397.35","","-1.37%"
"Dec 17, 2024","3,444.37","3,453.38","3,476.21","3,435.15","","-0.77%"
"Dec 16, 2024","3,471.26","3,472.00","3,481.62","3,437.98","","+0.12%"
"Dec 13, 2024","3,467.20","3,459.41","3,469.17","3,432.13","","-1.29%"
"Dec 12, 2024","3,512.47","3,498.53","3,541.67","3,498.53","","+1.84%"
"Dec 11, 2024","3,449.00","3,450.06","3,460.52","3,420.30","","-0.19%"
"Dec 10, 2024","3,455.44","3,452.67","3,463.50","3,430.45","","+0.03%"
"Dec 09, 2024","3,454.46","3,434.97","3,476.79","3,421.95","","+1.33%"
"Dec 06, 2024","3,409.28","3,402.90","3,418.86","3,386.44","","-0.17%"
"Dec 05, 2024","3,415.19","3,399.77","3,431.30","3,399.77","","+1.41%"
"Dec 04, 2024","3,367.83","3,356.51","3,385.58","3,340.86","","+0.23%"
"Dec 03, 2024","3,360.12","3,351.75","3,375.37","3,345.85","","+0.57%"
"Dec 02, 2024","3,341.14","3,301.11","3,345.89","3,292.40","","+1.35%"
"Nov 29, 2024","3,296.57","3,276.76","3,301.74","3,268.33","","+0.69%"
"Nov 28, 2024","3,273.95","3,236.04","3,277.53","3,226.05","","+0.12%"
"Nov 27, 2024","3,269.92","3,249.49","3,276.01","3,242.39","","+0.52%"
"Nov 26, 2024","3,253.05","3,248.26","3,261.35","3,214.43","","-0.48%"
"Nov 25, 2024","3,268.67","3,236.96","3,274.74","3,227.16","","+2.11%"
"Nov 22, 2024","3,201.28","3,183.11","3,223.68","3,182.71","","+1.35%"
"Nov 21, 2024","3,158.67","3,167.56","3,179.42","3,147.72","","-0.27%"
"Nov 20, 2024","3,167.18","3,142.23","3,186.97","3,142.23","","+0.50%"
"Nov 19, 2024","3,151.56","3,180.55","3,194.92","3,142.29","","-1.38%"
"Nov 18, 2024","3,195.73","3,195.65","3,229.58","3,178.37","","-0.79%"
"Nov 15, 2024","3,221.18","3,275.98","3,275.98","3,218.10","","-1.65%"
"Nov 14, 2024","3,275.21","3,274.70","3,311.35","3,267.04","","-0.29%"
"Nov 13, 2024","3,284.75","3,358.69","3,368.02","3,270.54","","-2.09%"
"Nov 12, 2024","3,354.72","3,347.21","3,429.90","3,325.82","","+1.27%"
"Nov 11, 2024","3,312.53","3,317.60","3,317.60","3,289.37","","-0.07%"
"Nov 08, 2024","3,314.79","3,296.60","3,336.15","3,294.18","","+1.58%"
"Nov 07, 2024","3,263.30","3,242.44","3,272.27","3,235.11","","+1.88%"
"Nov 06, 2024","3,203.23","3,145.21","3,214.04","3,137.86","","+2.68%"
"Nov 05, 2024","3,119.73","3,151.83","3,151.83","3,101.38","","-1.23%"
"Nov 01, 2024","3,158.54","3,186.25","3,209.41","3,151.15","","-2.06%"
"Oct 31, 2024","3,225.04","3,213.76","3,240.49","3,197.67","","+0.01%"
"Oct 30, 2024","3,224.85","3,212.13","3,227.57","3,194.80","","+0.78%"
"Oct 29, 2024","3,199.90","3,159.23","3,201.31","3,154.52","","+1.22%"
"Oct 28, 2024","3,161.46","3,086.24","3,167.75","3,086.24","","+1.68%"
"Oct 25, 2024","3,109.25","3,131.23","3,137.31","3,095.48","","-1.24%"
"Oct 24, 2024","3,148.28","3,125.55","3,158.35","3,115.94","","+0.24%"
"Oct 23, 2024","3,140.72","3,197.71","3,199.11","3,138.40","","-2.31%"
"Oct 22, 2024","3,215.07","3,257.82","3,259.54","3,194.06","","-0.93%"
"Oct 21, 2024","3,245.18","3,232.02","3,256.65","3,225.13","","+0.61%"
"Oct 18, 2024","3,225.58","3,241.87","3,253.77","3,220.13","","-0.35%"
"Oct 17, 2024","3,237.01","3,253.55","3,267.78","3,225.94","","-0.18%"
"Oct 16, 2024","3,242.90","3,250.81","3,278.68","3,233.70","","-1.32%"
"Oct 15, 2024","3,286.15","3,278.06","3,307.94","3,277.41","","+1.23%"
"Oct 11, 2024","3,246.07","3,260.81","3,272.12","3,243.21","","-0.02%"
"Oct 10, 2024","3,246.87","3,290.35","3,295.40","3,246.87","","-0.77%"
"Oct 09, 2024","3,272.08","3,270.64","3,293.07","3,254.54","","+1.34%"
"Oct 08, 2024","3,228.71","3,213.78","3,228.71","3,193.68","","-0.53%"
"Oct 07, 2024","3,245.98","3,206.91","3,265.65","3,198.32","","+2.70%"
"Oct 04, 2024","3,160.54","3,159.02","3,180.04","3,157.59","","+0.41%"
"Oct 03, 2024","3,147.64","3,146.40","3,172.76","3,121.14","","+1.79%"
"Oct 02, 2024","3,092.38","3,105.42","3,133.36","3,076.48","","-1.52%"
"Oct 01, 2024","3,140.03","3,128.10","3,150.73","3,112.88","","+1.13%"
"Sep 30, 2024","3,105.07","3,186.05","3,189.31","3,095.52","","-4.24%"
"Sep 27, 2024","3,242.71","3,230.16","3,244.65","3,182.26","","-0.35%"
"Sep 26, 2024","3,254.04","3,225.50","3,254.04","3,220.50","","+1.68%"
"Sep 25, 2024","3,200.13","3,206.52","3,215.76","3,199.00","","-0.42%"
"Sep 24, 2024","3,213.77","3,245.14","3,247.99","3,206.85","","-0.56%"
"Sep 20, 2024","3,231.73","3,252.96","3,262.29","3,229.14","","+0.55%"
"Sep 19, 2024","3,214.18","3,164.52","3,229.38","3,164.52","","+3.03%"
"Sep 18, 2024","3,119.54","3,132.58","3,152.67","3,091.71","","+0.31%"
"Sep 17, 2024","3,109.85","3,121.29","3,128.27","3,062.77","","+0.20%"
"Sep 13, 2024","3,103.72","3,116.56","3,125.98","3,099.90","","-1.15%"
"Sep 12, 2024","3,139.93","3,105.75","3,148.74","3,105.47","","+2.57%"
"Sep 11, 2024","3,061.27","3,107.46","3,107.61","3,033.34","","-1.60%"
"Sep 10, 2024","3,111.17","3,116.89","3,141.94","3,109.41","","+0.60%"
"Sep 09, 2024","3,092.50","3,028.66","3,096.91","2,990.78","","+0.45%"
"Sep 06, 2024","3,078.50","3,115.63","3,126.53","3,066.12","","-0.78%"
"Sep 05, 2024","3,102.59","3,063.37","3,134.15","3,051.82","","+0.13%"
"Sep 04, 2024","3,098.46","3,166.97","3,175.16","3,082.41","","-3.84%"
"Sep 03, 2024","3,222.34","3,186.04","3,222.34","3,186.04","","+0.54%"
"Sep 02, 2024","3,205.01","3,231.88","3,243.92","3,186.86","","+0.06%"
"Aug 30, 2024","3,203.03","3,165.31","3,203.03","3,165.31","","+1.45%"
"Aug 29, 2024","3,157.18","3,171.32","3,178.37","3,148.92","","-0.88%"
"Aug 28, 2024","3,185.12","3,161.29","3,187.80","3,153.49","","+0.64%"
"Aug 27, 2024","3,164.80","3,123.24","3,169.77","3,116.54","","+0.93%"
"Aug 26, 2024","3,135.59","3,115.14","3,140.98","3,091.50","","-0.04%"
"Aug 23, 2024","3,136.90","3,148.89","3,162.00","3,120.10","","+0.16%"
"Aug 22, 2024","3,131.80","3,100.24","3,136.23","3,100.24","","+0.97%"
"Aug 21, 2024","3,101.69","3,046.93","3,106.73","3,046.93","","+0.79%"
"Aug 20, 2024","3,077.49","3,045.59","3,089.07","3,045.59","","+1.57%"
"Aug 19, 2024","3,030.05","3,062.81","3,068.70","3,023.76","","-1.82%"
"Aug 16, 2024","3,086.30","3,027.22","3,096.78","3,026.21","","+3.37%"
"Aug 15, 2024","2,985.68","3,007.68","3,017.50","2,970.22","","-0.53%"
"Aug 14, 2024","3,001.72","2,945.71","3,022.98","2,945.71","","+1.61%"
"Aug 13, 2024","2,954.14","2,956.97","2,986.25","2,921.11","","+0.84%"
"Aug 09, 2024","2,929.58","2,890.74","2,952.53","2,878.23","","+2.79%"
"Aug 08, 2024","2,849.93","2,810.20","2,904.88","2,808.28","","-0.19%"
"Aug 07, 2024","2,855.25","2,775.88","2,919.87","2,722.77","","+0.94%"
"Aug 06, 2024","2,828.66","2,651.92","2,844.38","2,651.69","","+8.87%"
"Aug 05, 2024","2,598.17","2,860.35","2,862.18","2,562.60","","-10.97%"
"Aug 02, 2024","2,918.22","3,011.57","3,013.67","2,917.79","","-4.88%"
"Aug 01, 2024","3,067.94","3,118.55","3,118.55","3,043.85","","-2.77%"
"Jul 31, 2024","3,155.19","3,117.21","3,155.72","3,068.87","","+0.31%"
"Jul 30, 2024","3,145.45","3,118.06","3,151.71","3,111.01","","+0.56%"
"Jul 29, 2024","3,127.84","3,081.81","3,136.29","3,071.87","","+2.81%"
"Jul 26, 2024","3,042.27","3,059.65","3,079.27","3,039.67","","-1.06%"
"Jul 25, 2024","3,074.72","3,139.00","3,142.25","3,063.69","","-3.31%"
"Jul 24, 2024","3,179.98","3,195.84","3,208.68","3,175.53","","-1.28%"
"Jul 23, 2024","3,221.35","3,231.95","3,251.24","3,217.41","","+0.12%"
"Jul 22, 2024","3,217.58","3,238.07","3,238.07","3,205.83","","-0.91%"
"Jul 19, 2024","3,247.06","3,256.70","3,257.88","3,225.77","","-0.61%"
"Jul 18, 2024","3,266.85","3,275.50","3,305.76","3,266.85","","-1.16%"
"Jul 17, 2024","3,305.08","3,300.18","3,312.01","3,289.15","","+0.35%"
"Jul 16, 2024","3,293.40","3,323.56","3,328.13","3,293.40","","-0.79%"
"Jul 12, 2024","3,319.65","3,262.19","3,320.89","3,261.43","","+0.87%"
"Jul 11, 2024","3,290.88","3,292.08","3,295.87","3,268.63","","+0.40%"
"Jul 10, 2024","3,277.71","3,249.17","3,285.21","3,238.42","","+1.56%"
"Jul 09, 2024","3,227.45","3,205.35","3,240.26","3,196.26","","+0.88%"
"Jul 08, 2024","3,199.40","3,218.05","3,225.78","3,189.65","","-0.80%"
"Jul 05, 2024","3,225.11","3,207.30","3,225.82","3,201.01","","+0.86%"
"Jul 04, 2024","3,197.46","3,162.59","3,200.96","3,159.26","","+1.16%"
"Jul 03, 2024","3,160.88","3,158.26","3,172.72","3,150.96","","+0.19%"
"Jul 02, 2024","3,154.80","3,118.06","3,154.80","3,093.52","","+1.15%"
"Jul 01, 2024","3,118.86","3,135.99","3,147.54","3,104.45","","-0.35%"
"Jun 30, 2024","3,129.81","3,140.48","3,129.81","3,129.81","","0.00%"
"Jun 28, 2024","3,129.81","3,140.48","3,150.45","3,110.61","","+0.01%"
"Jun 27, 2024","3,129.57","3,097.94","3,129.57","3,097.28","","+0.04%"
"Jun 26, 2024","3,128.39","3,103.76","3,130.99","3,094.67","","+1.23%"
"Jun 25, 2024","3,090.40","3,051.38","3,096.85","3,051.38","","+1.68%"
"Jun 24, 2024","3,039.27","3,032.11","3,055.46","3,023.83","","-0.23%"
"Jun 21, 2024","3,046.39","3,049.25","3,075.80","3,042.00","","+0.22%"
"Jun 20, 2024","3,039.85","3,041.49","3,056.33","3,017.63","","+0.45%"
"Jun 19, 2024","3,026.29","3,002.40","3,026.29","3,001.15","","+1.07%"
"Jun 18, 2024","2,994.25","2,982.57","3,007.64","2,982.57","","+1.33%"
"Jun 17, 2024","2,954.82","2,967.24","2,972.32","2,936.28","","-0.74%"
"Jun 15, 2024","2,976.96","2,943.87","2,976.96","2,976.96","","0.00%"
"Jun 14, 2024","2,976.96","2,943.87","2,989.40","2,943.87","","+0.30%"
"Jun 13, 2024","2,968.20","2,975.03","2,989.19","2,967.82","","+0.65%"
"Jun 12, 2024","2,948.98","2,967.75","2,971.03","2,948.98","","-1.50%"
"Jun 11, 2024","2,993.93","3,013.82","3,040.11","2,990.33","","-0.07%"
"Jun 10, 2024","2,996.04","2,970.69","3,004.11","2,970.69","","+0.44%"
"Jun 07, 2024","2,982.91","2,964.07","2,982.91","2,959.25","","+0.81%"
"Jun 06, 2024","2,959.02","3,014.39","3,014.53","2,957.78","","-1.48%"
"Jun 05, 2024","3,003.55","3,042.14","3,048.98","2,997.72","","-2.21%"
"Jun 04, 2024","3,071.38","3,045.67","3,083.21","3,045.67","","+1.11%"
"Jun 03, 2024","3,037.72","2,998.69","3,038.71","2,998.69","","+1.45%"
"May 31, 2024","2,994.17","2,940.82","3,003.21","2,934.56","","+2.14%"
"May 30, 2024","2,931.57","2,915.80","2,940.57","2,904.15","","-0.23%"
"May 29, 2024","2,938.33","2,974.05","2,984.47","2,937.79","","-1.68%"
"May 28, 2024","2,988.68","2,991.47","3,003.31","2,981.16","","-0.22%"
"May 27, 2024","2,995.21","2,983.23","2,995.72","2,974.02","","+0.27%"
"May 25, 2024","2,987.22","2,954.43","2,987.22","2,987.22","","0.00%"
"May 24, 2024","2,987.22","2,954.43","2,998.27","2,953.04","","-0.10%"
"May 23, 2024","2,990.17","2,970.03","2,999.00","2,950.71","","+0.54%"
"May 22, 2024","2,974.07","2,984.46","2,990.47","2,969.67","","-0.74%"
"May 21, 2024","2,996.37","3,031.83","3,057.27","2,995.79","","-0.92%"
"May 20, 2024","3,024.14","2,991.39","3,052.04","2,965.01","","+1.13%"
"May 17, 2024","2,990.47","2,992.55","2,997.71","2,929.93","","-0.41%"
"May 16, 2024","3,002.91","2,949.39","3,007.52","2,949.39","","+2.62%"
"May 15, 2024","2,926.20","2,938.73","2,939.96","2,915.25","","-0.33%"
"May 14, 2024","2,935.75","2,908.46","2,944.95","2,907.41","","+1.40%"
"May 13, 2024","2,895.20","2,907.79","2,913.02","2,886.00","","-0.67%"
"May 10, 2024","2,914.60","2,921.25","2,940.63","2,907.43","","+0.46%"
"May 09, 2024","2,901.15","2,901.69","2,919.29","2,897.05","","+0.06%"
"May 08, 2024","2,899.39","2,905.34","2,921.91","2,891.46","","-0.22%"
"May 07, 2024","2,905.74","2,884.46","2,906.78","2,879.85","","+1.66%"
"May 02, 2024","2,858.30","2,862.03","2,862.03","2,847.74","","-0.42%"
"May 01, 2024","2,870.28","2,866.75","2,876.11","2,849.64","","-0.84%"
"Apr 30, 2024","2,894.58","2,895.91","2,897.14","2,862.15","","+0.34%"
"Apr 26, 2024","2,884.82","2,854.50","2,889.49","2,846.33","","+0.90%"
"Apr 25, 2024","2,859.02","2,879.10","2,883.61","2,858.34","","-1.19%"
"Apr 24, 2024","2,893.34","2,864.15","2,894.76","2,856.46","","+1.62%"
"Apr 23, 2024","2,847.27","2,852.63","2,855.15","2,827.44","","+0.45%"
"Apr 22, 2024","2,834.54","2,807.77","2,838.65","2,806.70","","+2.54%"
"Apr 19, 2024","2,764.43","2,805.63","2,805.63","2,744.20","","-2.14%"
"Apr 18, 2024","2,824.85","2,824.69","2,848.37","2,823.33","","+0.07%"
"Apr 17, 2024","2,822.94","2,863.46","2,863.46","2,821.86","","-1.66%"
"Apr 16, 2024","2,870.60","2,914.76","2,915.16","2,865.80","","-2.33%"
"Apr 15, 2024","2,939.15","2,915.08","2,939.15","2,904.05","","-0.04%"
"Apr 12, 2024","2,940.21","2,937.67","2,959.35","2,931.17","","+0.37%"
"Apr 11, 2024","2,929.30","2,915.70","2,933.52","2,910.58","","-0.59%"
"Apr 10, 2024","2,946.65","2,957.34","2,965.24","2,944.94","","-0.25%"
"Apr 09, 2024","2,954.11","2,944.82","2,956.41","2,932.46","","+0.51%"
"Apr 08, 2024","2,939.19","2,934.54","2,968.18","2,929.03","","+0.85%"
"Apr 05, 2024","2,914.39","2,903.67","2,916.47","2,882.63","","-0.28%"
"Apr 04, 2024","2,922.56","2,918.24","2,954.11","2,915.42","","+1.00%"
"Apr 03, 2024","2,893.61","2,899.23","2,914.38","2,888.46","","-0.78%"
"Apr 02, 2024","2,916.41","2,941.22","2,944.85","2,905.71","","-1.17%"
"Apr 01, 2024","2,951.06","2,987.94","2,988.73","2,940.96","","-0.82%"
"Mar 29, 2024","2,975.44","2,954.02","2,984.42","2,953.81","","+0.78%"
"Mar 28, 2024","2,952.49","2,968.12","2,979.72","2,948.63","","-1.44%"
"Mar 27, 2024","2,995.58","2,982.78","3,007.14","2,974.06","","+0.81%"
"Mar 26, 2024","2,971.65","2,959.06","2,980.46","2,954.50","","+0.24%"
"Mar 25, 2024","2,964.55","3,014.34","3,017.39","2,964.55","","-2.33%"
"Mar 22, 2024","3,035.30","3,022.08","3,040.25","3,012.41","","+1.03%"
"Mar 21, 2024","3,004.42","3,009.18","3,032.91","2,997.22","","+0.92%"
"Mar 19, 2024","2,977.03","2,949.62","2,977.03","2,937.42","","+0.74%"
"Mar 18, 2024","2,955.12","2,911.69","2,957.70","2,909.46","","+2.12%"
"Mar 15, 2024","2,893.64","2,876.08","2,901.63","2,876.08","","+0.24%"
"Mar 14, 2024","2,886.82","2,895.64","2,895.64","2,857.90","","-0.52%"
"Mar 13, 2024","2,901.97","2,923.25","2,946.60","2,894.08","","-0.63%"
"Mar 12, 2024","2,920.48","2,893.01","2,920.48","2,862.54","","+0.37%"
"Mar 11, 2024","2,909.70","2,906.29","2,915.84","2,873.93","","-0.53%"
"Mar 08, 2024","2,925.16","2,909.80","2,949.42","2,893.58","","-0.02%"
"Mar 07, 2024","2,925.88","2,928.54","2,949.18","2,919.75","","+0.42%"
"Mar 06, 2024","2,913.70","2,905.10","2,919.07","2,895.83","","-0.28%"
"Mar 05, 2024","2,921.75","2,930.06","2,935.43","2,912.79","","-0.73%"
"Mar 04, 2024","2,943.13","2,959.73","2,975.04","2,938.58","","-0.42%"
"Mar 01, 2024","2,955.46","2,919.24","2,960.50","2,913.06","","+1.50%"
"Feb 29, 2024","2,911.76","2,906.66","2,921.73","2,897.14","","-0.35%"
"Feb 28, 2024","2,921.96","2,896.20","2,928.01","2,893.33","","+1.05%"
"Feb 27, 2024","2,891.71","2,897.55","2,907.67","2,887.93","","-0.25%"
"Feb 26, 2024","2,898.86","2,890.20","2,913.87","2,881.91","","+0.60%"
"Feb 22, 2024","2,881.43","2,876.31","2,888.43","2,869.87","","-0.07%"
"Feb 21, 2024","2,883.47","2,873.34","2,890.12","2,866.32","","+0.03%"
"Feb 20, 2024","2,882.67","2,911.85","2,920.19","2,878.79","","-1.21%"
"Feb 19, 2024","2,917.88","2,894.39","2,919.91","2,888.73","","+0.55%"
"Feb 16, 2024","2,902.03","2,868.24","2,921.24","2,867.89","","+2.16%"
"Feb 15, 2024","2,840.66","2,844.08","2,845.51","2,816.23","","0.00%"
"Feb 14, 2024","2,840.68","2,878.28","2,878.28","2,832.19","","-1.88%"
"Feb 13, 2024","2,894.99","2,843.32","2,906.41","2,842.04","","+2.78%"
"Feb 09, 2024","2,816.55","2,800.25","2,830.50","2,796.45","","+0.31%"
"Feb 08, 2024","2,807.77","2,802.70","2,815.08","2,777.62","","+0.04%"
"Feb 07, 2024","2,806.64","2,801.49","2,809.05","2,783.05","","+0.09%"
"Feb 06, 2024","2,804.05","2,831.41","2,832.67","2,804.05","","-1.32%"
"Feb 05, 2024","2,841.65","2,864.09","2,866.73","2,841.65","","-0.52%"
"Feb 02, 2024","2,856.59","2,874.93","2,885.57","2,856.59","","-0.24%"
"Feb 01, 2024","2,863.41","2,859.57","2,874.50","2,847.03","","-0.56%"
"Jan 31, 2024","2,879.61","2,850.21","2,879.78","2,847.30","","+0.34%"
"Jan 30, 2024","2,869.91","2,882.71","2,889.12","2,869.91","","-0.38%"
"Jan 29, 2024","2,880.97","2,872.35","2,889.56","2,865.25","","+0.58%"
"Jan 26, 2024","2,864.43","2,869.58","2,878.88","2,857.63","","-0.75%"
"Jan 25, 2024","2,886.21","2,904.22","2,904.22","2,860.76","","-0.78%"
"Jan 24, 2024","2,908.87","2,916.02","2,921.60","2,892.18","","-0.24%"
"Jan 23, 2024","2,915.82","2,931.46","2,957.31","2,910.30","","-0.13%"
"Jan 22, 2024","2,919.63","2,893.29","2,922.54","2,887.30","","+0.85%"
"Jan 19, 2024","2,894.94","2,896.91","2,898.85","2,877.30","","+0.99%"
"Jan 18, 2024","2,866.57","2,867.51","2,889.10","2,865.79","","-0.64%"
"Jan 17, 2024","2,884.94","2,913.95","2,933.28","2,884.94","","-0.96%"
"Jan 16, 2024","2,912.87","2,929.04","2,944.48","2,902.97","","-0.63%"
"Jan 15, 2024","2,931.30","2,927.42","2,942.19","2,905.72","","+0.15%"
"Jan 12, 2024","2,926.93","2,913.75","2,933.18","2,882.60","","+1.55%"
"Jan 11, 2024","2,882.13","2,899.81","2,908.99","2,869.25","","+0.10%"
"Jan 10, 2024","2,879.19","2,847.95","2,888.83","2,838.16","","+0.87%"
"Jan 09, 2024","2,854.32","2,836.71","2,871.63","2,834.82","","+1.17%"
"Jan 05, 2024","2,821.33","2,817.41","2,826.94","2,806.36","","+0.67%"
"Jan 04, 2024","2,802.51","2,798.80","2,807.85","2,760.22","","-0.78%"
"Dec 29, 2023","2,824.56","2,806.16","2,825.52","2,806.16","","+0.14%"
"Dec 28, 2023","2,820.48","2,797.34","2,820.48","2,789.30","","+0.30%"
"Dec 27, 2023","2,812.12","2,785.81","2,817.35","2,785.81","","+1.48%"
"Dec 26, 2023","2,770.98","2,771.64","2,772.20","2,757.24","","-0.16%"
"Dec 25, 2023","2,775.52","2,789.20","2,793.45","2,765.98","","-0.23%"
"Dec 22, 2023","2,782.03","2,774.16","2,796.92","2,768.07","","+0.47%"
"Dec 21, 2023","2,769.10","2,774.33","2,774.94","2,759.73","","-0.98%"
"Dec 20, 2023","2,796.54","2,796.96","2,819.15","2,796.54","","+0.47%"
"Dec 19, 2023","2,783.32","2,755.36","2,784.18","2,741.53","","+0.94%"
"Dec 18, 2023","2,757.35","2,759.52","2,763.64","2,725.16","","-0.77%"
"Dec 15, 2023","2,778.65","2,756.32","2,783.55","2,753.44","","+0.76%"
"Dec 14, 2023","2,757.67","2,741.27","2,783.89","2,741.27","","+1.25%"
"Dec 13, 2023","2,723.65","2,732.97","2,749.11","2,720.52","","+0.39%"
"Dec 12, 2023","2,712.95","2,735.81","2,740.46","2,710.53","","-0.62%"
"Dec 11, 2023","2,729.75","2,700.28","2,729.75","2,700.05","","+2.03%"
"Dec 08, 2023","2,675.37","2,677.47","2,712.70","2,667.66","","-0.57%"
"Dec 07, 2023","2,690.73","2,697.82","2,707.73","2,687.11","","-1.22%"
"Dec 06, 2023","2,724.08","2,675.61","2,728.47","2,674.99","","+2.06%"
"Dec 05, 2023","2,669.21","2,695.97","2,701.97","2,664.91","","-1.28%"
"Dec 04, 2023","2,703.82","2,705.15","2,713.11","2,674.64","","-0.54%"
"Dec 01, 2023","2,718.58","2,731.34","2,739.58","2,717.23","","-0.60%"
"Nov 30, 2023","2,735.07","2,731.28","2,735.29","2,710.40","","-0.34%"
"Nov 29, 2023","2,744.53","2,734.85","2,761.33","2,734.85","","+0.37%"
"Nov 28, 2023","2,734.50","2,724.37","2,736.07","2,719.52","","+0.32%"
"Nov 27, 2023","2,725.84","2,736.11","2,751.18","2,714.80","","-0.31%"
"Nov 24, 2023","2,734.42","2,722.15","2,747.10","2,719.21","","+0.51%"
"Nov 22, 2023","2,720.65","2,691.08","2,732.51","2,691.08","","+0.63%"
"Nov 21, 2023","2,703.58","2,682.23","2,709.44","2,675.47","","+0.86%"
"Nov 20, 2023","2,680.58","2,666.81","2,687.20","2,662.25","","+0.23%"
"Nov 17, 2023","2,674.37","2,648.01","2,674.37","2,648.01","","+0.63%"
"Nov 16, 2023","2,657.66","2,615.96","2,661.58","2,614.07","","+1.62%"
"Nov 15, 2023","2,615.19","2,590.75","2,618.27","2,588.83","","+1.97%"
"Nov 14, 2023","2,564.59","2,594.64","2,594.64","2,564.59","","-0.99%"
"Nov 13, 2023","2,590.28","2,601.74","2,601.74","2,578.39","","-0.58%"
"Nov 10, 2023","2,605.33","2,599.28","2,608.71","2,572.16","","-0.35%"
"Nov 09, 2023","2,614.47","2,617.15","2,620.77","2,564.18","","-0.41%"
"Nov 08, 2023","2,625.16","2,641.17","2,641.17","2,609.91","","+0.07%"
"Nov 07, 2023","2,623.42","2,660.27","2,661.02","2,620.84","","-1.82%"
"Nov 06, 2023","2,671.99","2,632.06","2,677.40","2,626.62","","+2.71%"
"Nov 02, 2023","2,601.43","2,583.21","2,607.45","2,582.12","","+1.71%"
"Nov 01, 2023","2,557.72","2,533.79","2,560.90","2,533.79","","+2.31%"
"Oct 31, 2023","2,499.93","2,473.14","2,507.77","2,442.40","","+1.70%"
"Oct 30, 2023","2,458.18","2,450.47","2,463.19","2,445.17","","-0.76%"
"Oct 27, 2023","2,477.02","2,451.45","2,478.85","2,442.53","","+1.84%"
"Oct 26, 2023","2,432.34","2,437.22","2,447.56","2,421.83","","-1.29%"
"Oct 25, 2023","2,464.15","2,471.99","2,482.77","2,456.95","","-0.05%"
"Oct 24, 2023","2,465.31","2,462.88","2,473.88","2,418.34","","+0.49%"
"Oct 23, 2023","2,453.40","2,464.32","2,471.54","2,451.66","","-0.90%"
"Oct 20, 2023","2,475.72","2,457.96","2,490.42","2,455.47","","+0.11%"
"Oct 19, 2023","2,472.94","2,485.74","2,499.85","2,465.43","","-1.76%"
"Oct 18, 2023","2,517.16","2,522.30","2,523.32","2,492.06","","-0.35%"
"Oct 17, 2023","2,526.06","2,510.21","2,544.27","2,510.21","","+1.90%"
"Oct 16, 2023","2,478.89","2,517.09","2,517.09","2,472.35","","-2.59%"
"Oct 13, 2023","2,544.86","2,578.26","2,580.52","2,541.20","","-2.17%"
"Oct 12, 2023","2,601.27","2,570.53","2,604.65","2,569.71","","+1.32%"
"Oct 11, 2023","2,567.41","2,587.79","2,592.37","2,564.83","","-0.77%"
"Oct 10, 2023","2,587.26","2,573.34","2,596.69","2,564.35","","+1.06%"
"Oct 06, 2023","2,560.20","2,569.11","2,574.74","2,557.76","","-0.06%"
"Oct 05, 2023","2,561.78","2,536.38","2,564.48","2,526.95","","+1.38%"
"Oct 04, 2023","2,526.87","2,511.94","2,544.03","2,511.94","","-0.51%"
"Oct 03, 2023","2,539.76","2,572.31","2,581.03","2,536.17","","-1.19%"
"Oct 02, 2023","2,570.34","2,598.23","2,617.17","2,570.34","","-0.47%"
"Sep 29, 2023","2,582.38","2,600.42","2,603.46","2,572.39","","-0.10%"
"Sep 28, 2023","2,584.99","2,607.72","2,607.72","2,569.04","","-1.77%"
"Sep 27, 2023","2,631.59","2,615.61","2,631.59","2,606.55","","-0.08%"
"Sep 26, 2023","2,633.72","2,652.45","2,655.00","2,633.72","","-0.65%"
"Sep 25, 2023","2,650.87","2,645.98","2,654.56","2,628.64","","+0.44%"
"Sep 22, 2023","2,639.15","2,625.59","2,651.70","2,619.45","","-0.17%"
"Sep 21, 2023","2,643.69","2,658.35","2,666.70","2,641.96","","-1.27%"
"Sep 20, 2023","2,677.73","2,701.16","2,705.20","2,675.33","","-0.86%"
"Sep 19, 2023","2,701.05","2,727.66","2,732.01","2,689.64","","-1.44%"
"Sep 15, 2023","2,740.50","2,730.66","2,745.51","2,723.03","","+0.90%"
"Sep 14, 2023","2,715.96","2,704.16","2,721.63","2,696.60","","+0.46%"
"Sep 13, 2023","2,703.42","2,722.97","2,728.49","2,696.57","","-0.60%"
"Sep 12, 2023","2,719.86","2,721.34","2,731.55","2,705.85","","+0.68%"
"Sep 11, 2023","2,701.37","2,726.00","2,734.26","2,689.48","","-0.81%"
"Sep 08, 2023","2,723.42","2,743.86","2,754.97","2,715.12","","-0.90%"
"Sep 07, 2023","2,748.24","2,754.17","2,764.61","2,744.42","","-0.74%"
"Sep 06, 2023","2,768.62","2,765.12","2,770.21","2,756.55","","+0.55%"
"Sep 05, 2023","2,753.34","2,752.57","2,761.91","2,737.69","","-0.10%"
"Sep 04, 2023","2,756.14","2,746.79","2,761.22","2,738.77","","+0.49%"
"Sep 01, 2023","2,742.66","2,708.57","2,748.29","2,708.57","","+1.02%"
"Aug 31, 2023","2,715.10","2,681.96","2,722.31","2,680.86","","+1.66%"
"Aug 30, 2023","2,670.78","2,680.67","2,689.48","2,665.65","","-0.21%"
"Aug 29, 2023","2,676.42","2,662.93","2,683.22","2,662.93","","+0.78%"
"Aug 28, 2023","2,655.58","2,646.59","2,657.16","2,633.86","","+1.26%"
"Aug 25, 2023","2,622.66","2,601.25","2,634.53","2,597.74","","-0.11%"
"Aug 24, 2023","2,625.55","2,620.56","2,631.64","2,611.91","","+0.38%"
"Aug 23, 2023","2,615.61","2,593.48","2,615.61","2,593.48","","+0.51%"
"Aug 22, 2023","2,602.22","2,599.83","2,612.42","2,594.67","","+0.43%"
"Aug 21, 2023","2,591.06","2,574.00","2,596.57","2,571.64","","+0.81%"
"Aug 18, 2023","2,570.19","2,568.46","2,582.17","2,560.90","","-1.07%"
"Aug 17, 2023","2,598.02","2,608.23","2,608.23","2,574.26","","-1.01%"
"Aug 16, 2023","2,624.42","2,637.50","2,641.15","2,622.25","","-1.38%"
"Aug 15, 2023","2,661.12","2,666.34","2,666.53","2,643.51","","+0.40%"
"Aug 14, 2023","2,650.48","2,646.79","2,687.31","2,642.34","","+0.10%"
"Aug 10, 2023","2,647.81","2,628.58","2,648.93","2,612.25","","+0.12%"
"Aug 09, 2023","2,644.60","2,643.51","2,652.86","2,636.58","","-0.21%"
"Aug 08, 2023","2,650.04","2,653.51","2,661.69","2,646.29","","+0.18%"
"Aug 07, 2023","2,645.38","2,610.47","2,646.12","2,607.25","","+0.73%"
"Aug 04, 2023","2,626.25","2,606.14","2,627.18","2,601.56","","+0.49%"
"Aug 03, 2023","2,613.47","2,630.42","2,634.92","2,608.62","","-1.51%"
"Aug 02, 2023","2,653.62","2,673.40","2,677.29","2,643.67","","-1.66%"
"Aug 01, 2023","2,698.52","2,704.84","2,705.18","2,684.96","","-0.17%"
"Jul 31, 2023","2,703.09","2,714.97","2,728.86","2,695.27","","+0.77%"
"Jul 28, 2023","2,682.40","2,650.56","2,687.46","2,633.94","","-0.16%"
"Jul 27, 2023","2,686.78","2,651.68","2,688.63","2,651.68","","+1.14%"
"Jul 26, 2023","2,656.54","2,647.05","2,658.51","2,627.80","","+0.17%"
"Jul 25, 2023","2,651.93","2,660.54","2,663.94","2,640.60","","-0.31%"
"Jul 24, 2023","2,660.13","2,659.23","2,669.78","2,652.06","","+0.92%"
"Jul 21, 2023","2,636.00","2,639.09","2,646.79","2,626.12","","-0.38%"
"Jul 20, 2023","2,646.07","2,664.37","2,668.33","2,644.02","","-1.05%"
"Jul 19, 2023","2,674.03","2,667.12","2,675.80","2,662.57","","+0.87%"
"Jul 18, 2023","2,650.94","2,674.04","2,691.88","2,644.53","","-0.88%"
"Jul 14, 2023","2,674.54","2,693.73","2,695.20","2,654.96","","+0.23%"
"Jul 13, 2023","2,668.52","2,616.40","2,669.49","2,609.77","","+2.66%"
"Jul 12, 2023","2,599.41","2,625.84","2,628.58","2,597.72","","-1.03%"
"Jul 11, 2023","2,626.46","2,637.49","2,644.09","2,618.03","","+0.27%"
"Jul 10, 2023","2,619.40","2,623.53","2,634.14","2,612.73","","-0.31%"
"Jul 07, 2023","2,627.42","2,623.47","2,647.17","2,611.32","","-0.72%"
"Jul 06, 2023","2,646.37","2,643.46","2,655.56","2,631.71","","-0.49%"
"Jul 05, 2023","2,659.51","2,650.94","2,666.86","2,645.58","","-0.38%"
"Jul 04, 2023","2,669.71","2,660.57","2,671.55","2,656.92","","-0.31%"
"Jul 03, 2023","2,677.90","2,681.94","2,693.18","2,672.45","","+0.77%"
"Jun 30, 2023","2,657.50","2,658.85","2,661.25","2,640.32","","-0.72%"
"Jun 29, 2023","2,676.76","2,691.69","2,695.78","2,666.42","","-0.19%"
"Jun 28, 2023","2,681.79","2,644.01","2,681.79","2,644.01","","+2.07%"
"Jun 27, 2023","2,627.52","2,617.71","2,629.78","2,598.27","","-0.08%"
"Jun 26, 2023","2,629.55","2,625.01","2,636.85","2,601.10","","+0.09%"
"Jun 23, 2023","2,627.28","2,683.86","2,687.88","2,617.80","","-1.60%"
"Jun 22, 2023","2,669.89","2,667.69","2,689.90","2,665.21","","-0.11%"
"Jun 21, 2023","2,672.93","2,655.82","2,679.88","2,655.10","","+0.09%"
"Jun 20, 2023","2,670.57","2,683.99","2,683.99","2,654.30","","-1.04%"
"Jun 19, 2023","2,698.68","2,708.34","2,709.69","2,684.04","","-0.19%"
"Jun 16, 2023","2,703.80","2,687.38","2,707.94","2,678.27","","+0.33%"
"Jun 15, 2023","2,694.86","2,699.62","2,714.81","2,692.98","","-0.15%"
"Jun 14, 2023","2,698.91","2,682.32","2,710.46","2,678.73","","+1.18%"
"Jun 13, 2023","2,667.53","2,656.31","2,677.69","2,647.19","","+1.09%"
"Jun 12, 2023","2,638.77","2,622.10","2,639.89","2,619.66","","+0.98%"
"Jun 09, 2023","2,613.27","2,605.98","2,620.42","2,601.95","","+1.38%"
"Jun 08, 2023","2,577.68","2,600.84","2,604.53","2,565.94","","-1.16%"
"Jun 07, 2023","2,607.84","2,644.03","2,660.85","2,607.25","","-1.11%"
"Jun 06, 2023","2,637.04","2,613.08","2,639.49","2,607.07","","+0.42%"
"Jun 05, 2023","2,626.09","2,629.10","2,630.96","2,615.89","","+1.08%"
"Jun 02, 2023","2,598.00","2,556.14","2,598.19","2,552.97","","+2.22%"
"Jun 01, 2023","2,541.46","2,534.38","2,552.17","2,524.33","","+0.30%"
"May 31, 2023","2,533.86","2,542.68","2,552.15","2,525.35","","-1.21%"
"May 30, 2023","2,564.93","2,576.51","2,584.60","2,551.86","","-0.83%"
"May 29, 2023","2,586.40","2,596.28","2,596.28","2,573.20","","+0.84%"
"May 26, 2023","2,564.97","2,565.71","2,579.93","2,561.32","","-0.11%"
"May 25, 2023","2,567.91","2,571.66","2,585.44","2,566.18","","-1.12%"
"May 24, 2023","2,596.93","2,628.03","2,633.65","2,585.98","","-2.14%"
"May 23, 2023","2,653.82","2,666.08","2,695.28","2,642.65","","+0.01%"
"May 22, 2023","2,653.48","2,638.04","2,654.43","2,629.17","","+0.48%"
"May 19, 2023","2,640.88","2,623.81","2,650.08","2,620.16","","+1.35%"
"May 18, 2023","2,605.64","2,609.50","2,622.21","2,595.86","","+0.74%"
"May 17, 2023","2,586.55","2,583.27","2,593.33","2,573.59","","+0.64%"
"May 16, 2023","2,570.04","2,574.67","2,584.51","2,565.41","","-0.03%"
"May 15, 2023","2,570.81","2,569.23","2,581.19","2,565.30","","+0.64%"
"May 12, 2023","2,554.41","2,542.32","2,557.09","2,533.91","","+0.44%"
"May 11, 2023","2,543.24","2,522.77","2,543.24","2,522.77","","+0.88%"
"May 10, 2023","2,521.03","2,534.71","2,535.21","2,516.20","","-0.46%"
"May 09, 2023","2,532.75","2,516.54","2,535.58","2,516.54","","+1.14%"
"May 08, 2023","2,504.08","2,515.32","2,515.35","2,497.99","","-0.39%"
"May 02, 2023","2,513.94","2,522.54","2,523.42","2,497.94","","-0.28%"
"May 01, 2023","2,521.01","2,533.43","2,535.19","2,513.92","","+0.15%"
"Apr 28, 2023","2,517.35","2,512.75","2,523.14","2,499.49","","+1.51%"
"Apr 27, 2023","2,479.86","2,471.48","2,479.86","2,462.24","","0.00%"
"Apr 26, 2023","2,479.94","2,490.85","2,494.92","2,473.27","","-1.10%"
"Apr 25, 2023","2,507.43","2,502.47","2,514.70","2,502.45","","+0.47%"
"Apr 24, 2023","2,495.58","2,500.97","2,509.40","2,494.13","","+0.09%"
"Apr 21, 2023","2,493.46","2,500.94","2,509.31","2,487.57","","-0.55%"
"Apr 20, 2023","2,507.32","2,508.91","2,515.20","2,506.34","","-0.35%"
"Apr 19, 2023","2,516.09","2,518.92","2,522.89","2,501.20","","-0.16%"
"Apr 18, 2023","2,520.12","2,504.47","2,522.24","2,504.47","","+1.01%"
"Apr 17, 2023","2,494.90","2,496.03","2,501.13","2,485.79","","+0.22%"
"Apr 14, 2023","2,489.43","2,491.38","2,495.66","2,481.32","","+0.33%"
"Apr 13, 2023","2,481.15","2,456.71","2,482.28","2,456.71","","+0.45%"
"Apr 12, 2023","2,469.93","2,451.45","2,471.15","2,451.45","","+0.99%"
"Apr 11, 2023","2,445.65","2,452.32","2,458.85","2,442.37","","+0.76%"
"Apr 10, 2023","2,427.10","2,419.43","2,434.79","2,418.22","","+0.70%"
"Apr 07, 2023","2,410.33","2,405.44","2,417.83","2,402.14","","+0.38%"
"Apr 06, 2023","2,401.11","2,400.98","2,407.09","2,393.50","","-0.89%"
"Apr 05, 2023","2,422.56","2,450.26","2,450.26","2,417.43","","-1.45%"
"Apr 04, 2023","2,458.31","2,467.84","2,467.84","2,452.40","","-0.25%"
"Apr 03, 2023","2,464.39","2,463.12","2,470.06","2,457.85","","+0.99%"
"Mar 31, 2023","2,440.12","2,439.11","2,449.93","2,422.45","","+0.76%"
"Mar 30, 2023","2,421.62","2,433.32","2,433.32","2,411.63","","-0.87%"
"Mar 29, 2023","2,442.83","2,422.44","2,442.83","2,420.34","","+1.13%"
"Mar 28, 2023","2,415.42","2,429.66","2,429.78","2,408.88","","-0.43%"
"Mar 27, 2023","2,425.76","2,430.96","2,438.79","2,425.43","","-0.17%"
"Mar 24, 2023","2,429.88","2,424.17","2,432.37","2,409.90","","+0.12%"
"Mar 23, 2023","2,426.86","2,402.46","2,432.49","2,391.25","","+0.90%"
"Mar 22, 2023","2,405.21","2,401.10","2,417.10","2,393.47","","+1.66%"
"Mar 20, 2023","2,365.89","2,407.06","2,410.45","2,365.89","","-1.89%"
"Mar 17, 2023","2,411.58","2,380.84","2,412.57","2,377.81","","+1.85%"
"Mar 16, 2023","2,367.80","2,345.08","2,368.47","2,329.95","","-0.52%"
"Mar 15, 2023","2,380.10","2,398.85","2,398.96","2,370.82","","-0.03%"
"Mar 14, 2023","2,380.86","2,395.67","2,398.49","2,370.38","","-2.11%"
"Mar 13, 2023","2,432.17","2,441.52","2,447.99","2,413.58","","-1.45%"
"Mar 10, 2023","2,467.94","2,500.08","2,507.38","2,467.94","","-2.28%"
"Mar 09, 2023","2,525.56","2,511.54","2,525.56","2,505.24","","+1.17%"
"Mar 08, 2023","2,496.38","2,490.91","2,503.61","2,490.31","","-0.13%"
"Mar 07, 2023","2,499.68","2,475.61","2,506.02","2,475.61","","+0.96%"
"Mar 06, 2023","2,476.00","2,483.93","2,485.02","2,473.67","","+0.04%"
"Mar 03, 2023","2,475.12","2,468.24","2,480.60","2,459.02","","+0.88%"
"Mar 02, 2023","2,453.41","2,452.73","2,457.91","2,439.76","","-0.20%"
"Mar 01, 2023","2,458.42","2,467.80","2,467.80","2,440.04","","-0.31%"
"Feb 28, 2023","2,466.14","2,454.47","2,475.76","2,454.19","","+0.99%"
"Feb 27, 2023","2,442.02","2,426.38","2,442.18","2,426.19","","+0.22%"
"Feb 24, 2023","2,436.58","2,422.61","2,438.79","2,417.94","","+0.02%"
"Feb 22, 2023","2,436.09","2,453.94","2,453.94","2,427.08","","-1.47%"
"Feb 21, 2023","2,472.42","2,486.50","2,490.07","2,471.79","","-0.51%"
"Feb 20, 2023","2,485.17","2,477.99","2,489.20","2,471.40","","+0.16%"
"Feb 17, 2023","2,481.32","2,496.41","2,499.51","2,481.32","","-1.53%"
"Feb 16, 2023","2,519.77","2,517.10","2,523.94","2,509.66","","+0.50%"
"Feb 15, 2023","2,507.17","2,521.29","2,522.17","2,496.41","","-1.00%"
"Feb 14, 2023","2,532.41","2,553.82","2,555.63","2,525.44","","-0.51%"
"Feb 13, 2023","2,545.48","2,554.30","2,556.71","2,530.92","","-0.22%"
"Feb 10, 2023","2,551.08","2,558.01","2,572.99","2,547.35","","-0.82%"
"Feb 09, 2023","2,572.06","2,565.69","2,575.93","2,559.38","","+0.15%"
"Feb 08, 2023","2,568.27","2,545.37","2,568.27","2,535.71","","+0.89%"
"Feb 07, 2023","2,545.54","2,563.58","2,565.35","2,544.33","","-0.45%"
"Feb 06, 2023","2,557.14","2,576.08","2,582.54","2,552.71","","-0.11%"
"Feb 03, 2023","2,560.02","2,547.96","2,569.28","2,547.96","","+0.76%"
"Feb 02, 2023","2,540.76","2,557.37","2,564.30","2,540.00","","-0.10%"
"Feb 01, 2023","2,543.29","2,549.03","2,574.95","2,542.32","","+0.69%"
"Jan 31, 2023","2,525.85","2,539.93","2,557.09","2,522.96","","-0.28%"
"Jan 30, 2023","2,532.91","2,547.92","2,549.19","2,522.22","","-0.58%"
"Jan 27, 2023","2,547.61","2,556.61","2,561.26","2,540.94","","-0.42%"
"Jan 26, 2023","2,558.38","2,555.11","2,563.54","2,552.79","","+0.22%"
"Jan 25, 2023","2,552.72","2,530.59","2,557.23","2,530.21","","+0.13%"
"Jan 24, 2023","2,549.33","2,533.47","2,557.47","2,530.55","","+1.33%"
"Jan 23, 2023","2,515.86","2,510.08","2,521.95","2,498.66","","+1.27%"
"Jan 20, 2023","2,484.20","2,470.90","2,484.64","2,467.79","","+0.50%"
"Jan 19, 2023","2,471.72","2,458.97","2,480.29","2,452.20","","-0.04%"
"Jan 18, 2023","2,472.80","2,440.22","2,476.19","2,425.37","","+1.77%"
"Jan 17, 2023","2,429.68","2,412.84","2,433.38","2,408.89","","+0.45%"
"Jan 16, 2023","2,418.72","2,405.51","2,434.23","2,401.91","","+0.31%"
"Jan 13, 2023","2,411.32","2,427.36","2,437.84","2,408.22","","-0.91%"
"Jan 12, 2023","2,433.51","2,445.71","2,446.51","2,424.02","","-0.04%"
"Jan 11, 2023","2,434.52","2,429.60","2,441.63","2,427.95","","+0.78%"
"Jan 10, 2023","2,415.68","2,451.70","2,462.48","2,415.68","","-0.85%"
"Jan 06, 2023","2,436.27","2,423.31","2,448.66","2,420.65","","+0.11%"
"Jan 05, 2023","2,433.59","2,415.43","2,436.30","2,407.44","","+0.94%"
"Jan 04, 2023","2,410.88","2,428.46","2,428.46","2,410.08","","-1.21%"
"Dec 30, 2022","2,440.35","2,467.86","2,472.09","2,438.97","","-0.20%"
"Dec 29, 2022","2,445.15","2,436.12","2,446.93","2,424.34","","-0.23%"
"Dec 28, 2022","2,450.78","2,453.72","2,454.48","2,441.65","","-0.06%"
"Dec 27, 2022","2,452.34","2,439.28","2,463.59","2,439.28","","+1.34%"
"Dec 26, 2022","2,420.03","2,407.81","2,422.00","2,403.56","","+0.69%"
"Dec 23, 2022","2,403.41","2,405.76","2,410.41","2,396.26","","-1.00%"
"Dec 22, 2022","2,427.75","2,409.13","2,430.97","2,401.28","","+1.15%"
"Dec 21, 2022","2,400.17","2,418.32","2,421.17","2,386.92","","-0.60%"
"Dec 20, 2022","2,414.66","2,467.30","2,470.64","2,398.04","","-2.43%"
"Dec 19, 2022","2,474.71","2,480.15","2,491.03","2,473.01","","-1.06%"
"Dec 16, 2022","2,501.34","2,504.58","2,511.15","2,496.04","","-1.16%"
"Dec 15, 2022","2,530.79","2,539.38","2,547.55","2,530.79","","-0.84%"
"Dec 14, 2022","2,552.12","2,551.51","2,556.47","2,540.99","","+0.67%"
"Dec 13, 2022","2,535.03","2,540.97","2,552.44","2,532.77","","+0.53%"
"Dec 12, 2022","2,521.71","2,504.48","2,528.52","2,501.40","","+0.07%"
"Dec 09, 2022","2,519.96","2,505.70","2,527.98","2,502.33","","+1.02%"
"Dec 08, 2022","2,494.61","2,504.60","2,505.77","2,477.23","","-0.50%"
"Dec 07, 2022","2,507.14","2,481.05","2,512.42","2,480.98","","+0.05%"
"Dec 06, 2022","2,505.88","2,515.46","2,519.77","2,505.88","","-1.06%"
"Dec 05, 2022","2,532.66","2,533.14","2,538.29","2,520.76","","-0.10%"
"Dec 02, 2022","2,535.13","2,558.44","2,558.44","2,531.80","","-1.43%"
"Dec 01, 2022","2,571.81","2,594.57","2,621.54","2,571.80","","-0.03%"
"Nov 30, 2022","2,572.51","2,572.30","2,579.23","2,565.29","","-0.92%"
"Nov 29, 2022","2,596.29","2,589.67","2,597.17","2,581.29","","-0.43%"
"Nov 28, 2022","2,607.48","2,613.15","2,613.15","2,593.82","","-0.41%"
"Nov 25, 2022","2,618.23","2,624.96","2,628.99","2,614.37","","-0.02%"
"Nov 24, 2022","2,618.87","2,608.57","2,630.29","2,608.33","","+1.52%"
"Nov 22, 2022","2,579.70","2,572.47","2,590.85","2,572.47","","+0.45%"
"Nov 21, 2022","2,568.16","2,566.01","2,571.28","2,556.92","","+0.20%"
"Nov 18, 2022","2,563.09","2,593.85","2,597.00","2,563.09","","-1.46%"
"Nov 17, 2022","2,601.03","2,583.37","2,615.85","2,583.37","","+0.78%"
"Nov 16, 2022","2,580.85","2,582.11","2,587.58","2,555.62","","+0.53%"
"Nov 15, 2022","2,567.21","2,601.40","2,601.77","2,534.50","","-1.99%"
"Nov 14, 2022","2,619.32","2,619.78","2,636.14","2,607.85","","-0.40%"
"Nov 11, 2022","2,629.96","2,562.22","2,635.64","2,562.22","","+4.00%"
"Nov 10, 2022","2,528.87","2,529.85","2,532.59","2,519.63","","-0.75%"
"Nov 09, 2022","2,547.99","2,563.88","2,572.18","2,547.11","","-0.41%"
"Nov 08, 2022","2,558.46","2,552.36","2,570.13","2,551.63","","+0.70%"
"Nov 07, 2022","2,540.80","2,526.55","2,552.51","2,526.55","","+1.15%"
"Nov 04, 2022","2,511.84","2,538.00","2,541.48","2,510.31","","-2.21%"
"Nov 02, 2022","2,568.66","2,587.25","2,589.94","2,567.39","","-1.34%"
"Nov 01, 2022","2,603.49","2,588.53","2,603.49","2,580.27","","+0.86%"
"Oct 31, 2022","2,581.32","2,589.72","2,595.85","2,558.77","","+0.52%"
"Oct 28, 2022","2,568.06","2,543.81","2,579.26","2,540.62","","+0.41%"
"Oct 27, 2022","2,557.47","2,565.07","2,578.03","2,556.78","","-0.72%"
"Oct 26, 2022","2,576.07","2,565.02","2,589.95","2,565.02","","+1.51%"
"Oct 25, 2022","2,537.79","2,536.52","2,552.42","2,527.67","","+0.32%"
"Oct 24, 2022","2,529.77","2,538.11","2,557.43","2,524.23","","+0.78%"
"Oct 21, 2022","2,510.12","2,522.78","2,526.45","2,510.12","","-0.49%"
"Oct 20, 2022","2,522.49","2,517.38","2,532.88","2,511.57","","-0.82%"
"Oct 19, 2022","2,543.46","2,552.40","2,561.69","2,542.86","","-0.14%"
"Oct 18, 2022","2,546.95","2,522.48","2,553.45","2,520.36","","+2.19%"
"Oct 17, 2022","2,492.39","2,494.42","2,500.03","2,472.11","","-1.18%"
"Oct 14, 2022","2,522.22","2,494.09","2,531.16","2,494.09","","+2.62%"
"Oct 13, 2022","2,457.81","2,494.62","2,494.74","2,456.26","","-1.73%"
"Oct 12, 2022","2,501.08","2,481.72","2,512.46","2,481.72","","+0.88%"
"Oct 11, 2022","2,479.38","2,492.85","2,502.37","2,470.29","","-1.61%"
"Oct 07, 2022","2,520.02","2,518.21","2,541.84","2,509.49","","-1.26%"
"Oct 06, 2022","2,552.22","2,536.43","2,568.65","2,535.18","","+0.51%"
"Oct 05, 2022","2,539.29","2,554.15","2,559.44","2,531.94","","+0.32%"
"Oct 04, 2022","2,531.15","2,483.64","2,535.27","2,483.64","","+3.40%"
"Oct 03, 2022","2,448.00","2,417.20","2,451.78","2,384.53","","+0.47%"
"Sep 30, 2022","2,436.66","2,451.03","2,466.81","2,427.48","","-1.21%"
"Sep 29, 2022","2,466.38","2,441.76","2,469.22","2,439.62","","+1.87%"
"Sep 28, 2022","2,421.08","2,437.33","2,443.00","2,394.27","","-1.10%"
"Sep 27, 2022","2,447.89","2,437.68","2,454.95","2,429.09","","+1.10%"
"Sep 26, 2022","2,421.17","2,452.80","2,453.35","2,419.65","","-2.29%"
"Sep 22, 2022","2,477.98","2,469.85","2,484.10","2,450.01","","-0.93%"
"Sep 21, 2022","2,501.32","2,518.83","2,520.28","2,491.98","","-1.54%"
"Sep 20, 2022","2,540.48","2,543.56","2,554.76","2,529.84","","+0.07%"
"Sep 16, 2022","2,538.69","2,543.68","2,556.03","2,529.77","","-0.75%"
"Sep 15, 2022","2,557.84","2,554.00","2,576.43","2,541.20","","+0.30%"
"Sep 14, 2022","2,550.30","2,568.39","2,569.23","2,528.32","","-2.42%"
"Sep 13, 2022","2,613.62","2,610.25","2,619.28","2,601.87","","+0.62%"
"Sep 12, 2022","2,597.51","2,597.52","2,599.45","2,585.27","","+1.15%"
"Sep 09, 2022","2,568.07","2,553.57","2,577.82","2,553.07","","+1.09%"
"Sep 08, 2022","2,540.34","2,522.13","2,542.59","2,519.49","","+2.02%"
"Sep 07, 2022","2,489.98","2,507.71","2,508.95","2,475.96","","-1.31%"
"Sep 06, 2022","2,522.93","2,555.24","2,558.48","2,521.76","","-1.51%"
"Sep 05, 2022","2,561.66","2,529.55","2,570.70","2,528.23","","+0.69%"
"Sep 02, 2022","2,544.12","2,552.90","2,552.90","2,520.18","","-0.01%"
"Sep 01, 2022","2,544.33","2,548.69","2,562.16","2,542.74","","-1.46%"
"Aug 31, 2022","2,582.11","2,541.00","2,582.11","2,541.00","","+0.97%"
"Aug 30, 2022","2,557.39","2,552.28","2,562.25","2,541.40","","+0.97%"
"Aug 29, 2022","2,532.88","2,569.29","2,570.79","2,513.90","","-2.97%"
"Aug 26, 2022","2,610.40","2,642.61","2,648.50","2,609.42","","-0.79%"
"Aug 25, 2022","2,631.16","2,615.83","2,636.32","2,615.01","","+0.62%"
"Aug 24, 2022","2,614.94","2,625.58","2,628.83","2,610.30","","-0.84%"
"Aug 23, 2022","2,636.99","2,640.88","2,640.88","2,623.58","","-0.78%"
"Aug 22, 2022","2,657.59","2,649.30","2,657.83","2,637.10","","-0.77%"
"Aug 19, 2022","2,678.31","2,712.73","2,716.37","2,677.61","","-0.90%"
"Aug 18, 2022","2,702.74","2,706.01","2,707.74","2,690.38","","-1.21%"
"Aug 17, 2022","2,735.96","2,713.60","2,735.96","2,712.34","","+0.97%"
"Aug 16, 2022","2,709.56","2,694.87","2,709.58","2,682.99","","+0.84%"
"Aug 15, 2022","2,686.92","2,696.26","2,706.90","2,678.53","","-0.75%"
"Aug 12, 2022","2,707.10","2,665.12","2,710.93","2,663.93","","+2.73%"
"Aug 10, 2022","2,635.22","2,645.20","2,647.79","2,624.36","","-0.65%"
"Aug 09, 2022","2,652.33","2,658.03","2,675.41","2,650.68","","0.00%"
"Aug 08, 2022","2,652.20","2,651.31","2,659.71","2,642.06","","-0.91%"
"Aug 05, 2022","2,676.68","2,657.30","2,677.58","2,657.00","","+0.75%"
"Aug 04, 2022","2,656.87","2,651.93","2,664.07","2,645.44","","+0.98%"
"Aug 03, 2022","2,631.05","2,636.01","2,640.13","2,618.32","","+0.14%"
"Aug 02, 2022","2,627.35","2,655.67","2,658.41","2,621.98","","-1.66%"
"Aug 01, 2022","2,671.70","2,636.51","2,674.53","2,623.35","","+1.88%"
"Jul 29, 2022","2,622.45","2,604.47","2,630.26","2,604.47","","+1.41%"
"Jul 28, 2022","2,585.99","2,550.60","2,585.99","2,550.60","","+2.05%"
"Jul 27, 2022","2,534.12","2,528.53","2,541.73","2,520.57","","+0.08%"
"Jul 26, 2022","2,532.20","2,530.17","2,534.72","2,521.36","","-0.20%"
"Jul 25, 2022","2,537.21","2,536.43","2,545.23","2,524.70","","-0.90%"
"Jul 22, 2022","2,560.25","2,529.05","2,567.91","2,522.08","","+1.20%"
"Jul 21, 2022","2,529.93","2,519.97","2,530.25","2,508.93","","+0.67%"
"Jul 20, 2022","2,513.09","2,465.13","2,513.09","2,465.13","","+3.27%"
"Jul 19, 2022","2,433.59","2,452.50","2,452.50","2,426.30","","-0.24%"
"Jul 15, 2022","2,439.43","2,432.02","2,442.30","2,412.15","","+0.43%"
"Jul 14, 2022","2,428.99","2,413.80","2,433.48","2,410.86","","-0.18%"
"Jul 13, 2022","2,433.43","2,418.98","2,448.60","2,418.98","","+0.94%"
"Jul 12, 2022","2,410.87","2,439.03","2,441.13","2,401.56","","-1.64%"
"Jul 11, 2022","2,451.16","2,456.00","2,474.77","2,434.96","","+1.19%"
"Jul 08, 2022","2,422.39","2,423.25","2,447.31","2,411.60","","+0.31%"
"Jul 07, 2022","2,414.87","2,388.43","2,415.59","2,375.71","","+1.37%"
"Jul 06, 2022","2,382.26","2,381.05","2,399.06","2,376.44","","-0.27%"
"Jul 05, 2022","2,388.63","2,389.10","2,407.21","2,381.48","","+0.88%"
"Jul 04, 2022","2,367.81","2,352.29","2,377.95","2,349.96","","+2.00%"
"Jul 01, 2022","2,321.44","2,367.36","2,377.06","2,314.49","","-1.91%"
"Jun 30, 2022","2,366.76","2,383.26","2,393.84","2,359.75","","-0.60%"
"Jun 29, 2022","2,381.09","2,348.34","2,381.72","2,340.60","","+0.10%"
"Jun 28, 2022","2,378.64","2,355.48","2,378.64","2,352.99","","+0.23%"
"Jun 27, 2022","2,373.16","2,366.91","2,376.92","2,357.86","","+1.49%"
"Jun 24, 2022","2,338.29","2,304.87","2,338.81","2,302.44","","+2.22%"
"Jun 23, 2022","2,287.40","2,290.61","2,315.22","2,286.92","","+0.16%"
"Jun 22, 2022","2,283.77","2,308.79","2,313.01","2,283.73","","-0.41%"
"Jun 21, 2022","2,293.16","2,265.42","2,303.33","2,261.30","","+2.32%"
"Jun 20, 2022","2,241.23","2,260.09","2,265.72","2,224.88","","0.00%"
"Jun 17, 2022","2,241.30","2,257.23","2,257.23","2,229.56","","-2.17%"
"Jun 16, 2022","2,291.01","2,332.45","2,346.39","2,290.52","","-0.49%"
"Jun 15, 2022","2,302.23","2,325.69","2,334.63","2,302.23","","-1.79%"
"Jun 14, 2022","2,344.08","2,333.73","2,347.79","2,312.25","","-1.15%"
"Jun 13, 2022","2,371.31","2,409.05","2,410.50","2,364.11","","-3.14%"
"Jun 10, 2022","2,448.11","2,463.32","2,465.40","2,444.34","","-1.81%"
"Jun 09, 2022","2,493.14","2,488.70","2,508.41","2,485.15","","-0.06%"
"Jun 08, 2022","2,494.57","2,476.66","2,500.32","2,472.69","","+0.92%"
"Jun 07, 2022","2,471.86","2,487.65","2,492.11","2,469.92","","-0.60%"
"Jun 06, 2022","2,486.66","2,465.18","2,489.54","2,453.40","","-0.20%"
"Jun 03, 2022","2,491.52","2,487.52","2,505.39","2,468.54","","+1.18%"
"Jun 02, 2022","2,462.53","2,479.78","2,480.95","2,454.10","","-1.68%"
"Jun 01, 2022","2,504.53","2,511.16","2,529.98","2,495.58","","-0.20%"
"May 31, 2022","2,509.44","2,514.68","2,535.08","2,498.60","","-0.60%"
"May 30, 2022","2,524.59","2,470.76","2,527.15","2,470.65","","+3.36%"
"May 27, 2022","2,442.49","2,472.43","2,473.47","2,438.88","","-0.03%"
"May 26, 2022","2,443.25","2,435.79","2,475.80","2,433.58","","-0.12%"
"May 25, 2022","2,446.23","2,458.63","2,462.96","2,426.68","","-1.08%"
"May 24, 2022","2,472.88","2,528.04","2,528.91","2,472.02","","-2.85%"
"May 23, 2022","2,545.42","2,526.38","2,552.88","2,525.05","","+1.34%"
"May 20, 2022","2,511.71","2,447.70","2,513.95","2,444.86","","+2.59%"
"May 19, 2022","2,448.30","2,451.84","2,453.03","2,426.50","","-1.89%"
"May 18, 2022","2,495.49","2,503.12","2,521.09","2,482.21","","+0.39%"
"May 17, 2022","2,485.69","2,482.60","2,507.25","2,469.33","","+0.22%"
"May 16, 2022","2,480.29","2,465.08","2,511.24","2,461.45","","+2.03%"
"May 13, 2022","2,430.91","2,377.20","2,434.57","2,377.20","","+2.62%"
"May 12, 2022","2,368.85","2,417.48","2,417.48","2,367.54","","-3.26%"
"May 11, 2022","2,448.79","2,415.46","2,453.55","2,402.49","","+0.79%"
"May 10, 2022","2,429.68","2,441.39","2,442.03","2,397.35","","-1.56%"
"May 09, 2022","2,468.23","2,520.11","2,521.50","2,468.23","","-3.10%"
"May 06, 2022","2,547.27","2,571.03","2,571.03","2,518.86","","-1.42%"
"May 02, 2022","2,584.04","2,596.59","2,620.46","2,572.33","","-0.74%"
"Apr 28, 2022","2,603.32","2,597.50","2,604.56","2,557.07","","-0.42%"
"Apr 27, 2022","2,614.23","2,613.19","2,616.95","2,575.19","","-1.52%"
"Apr 26, 2022","2,654.63","2,638.69","2,665.17","2,635.08","","+1.12%"
"Apr 25, 2022","2,625.34","2,615.72","2,635.68","2,605.05","","-1.02%"
"Apr 22, 2022","2,652.41","2,676.89","2,677.76","2,629.61","","-2.13%"
"Apr 21, 2022","2,710.26","2,693.03","2,726.13","2,693.03","","+0.25%"
"Apr 20, 2022","2,703.57","2,696.50","2,726.54","2,688.67","","+1.01%"
"Apr 19, 2022","2,676.48","2,713.66","2,714.01","2,671.63","","-0.55%"
"Apr 18, 2022","2,691.24","2,701.23","2,708.14","2,659.25","","-1.49%"
"Apr 15, 2022","2,731.82","2,729.70","2,746.40","2,708.92","","-0.64%"
"Apr 14, 2022","2,749.29","2,754.82","2,763.30","2,743.33","","-0.20%"
"Apr 13, 2022","2,754.77","2,696.23","2,756.54","2,691.46","","+2.40%"
"Apr 12, 2022","2,690.26","2,717.21","2,734.36","2,683.36","","-1.57%"
"Apr 11, 2022","2,733.04","2,746.40","2,749.97","2,716.05","","-1.27%"
"Apr 08, 2022","2,768.07","2,773.06","2,787.09","2,741.92","","+0.14%"
"Apr 07, 2022","2,764.22","2,789.17","2,794.28","2,749.49","","-2.40%"
"Apr 06, 2022","2,832.15","2,826.51","2,838.11","2,804.16","","-0.90%"
"Apr 05, 2022","2,857.96","2,868.78","2,870.20","2,842.32","","+0.74%"
"Apr 04, 2022","2,836.84","2,813.63","2,836.84","2,802.77","","+1.26%"
"Apr 01, 2022","2,801.54","2,772.15","2,807.42","2,749.21","","+0.53%"
"Mar 31, 2022","2,786.84","2,809.49","2,810.41","2,784.36","","-1.71%"
"Mar 30, 2022","2,835.36","2,844.11","2,846.79","2,802.45","","-0.26%"
"Mar 29, 2022","2,842.64","2,815.79","2,842.64","2,811.53","","+1.63%"
"Mar 28, 2022","2,797.14","2,820.33","2,823.94","2,790.15","","-1.24%"
"Mar 25, 2022","2,832.25","2,863.95","2,868.41","2,819.30","","-0.47%"
"Mar 24, 2022","2,845.56","2,788.37","2,845.56","2,774.85","","+0.91%"
"Mar 23, 2022","2,819.80","2,786.78","2,822.55","2,782.99","","+2.53%"
"Mar 22, 2022","2,750.10","2,753.67","2,760.97","2,739.92","","+0.19%"
"Mar 18, 2022","2,744.90","2,737.33","2,751.05","2,727.68","","+0.89%"
"Mar 17, 2022","2,720.71","2,674.84","2,740.25","2,672.43","","+2.83%"
"Mar 16, 2022","2,645.96","2,610.85","2,651.17","2,610.13","","+2.72%"
"Mar 15, 2022","2,575.96","2,540.80","2,585.80","2,535.42","","+1.46%"
"Mar 14, 2022","2,539.01","2,547.72","2,573.01","2,538.20","","+0.35%"
"Mar 11, 2022","2,530.08","2,563.66","2,566.55","2,502.45","","-2.36%"
"Mar 10, 2022","2,591.26","2,515.56","2,594.54","2,514.63","","+4.88%"
"Mar 09, 2022","2,470.70","2,515.59","2,518.60","2,465.60","","-1.47%"
"Mar 08, 2022","2,507.47","2,497.99","2,553.25","2,491.71","","-0.84%"
"Mar 07, 2022","2,528.67","2,562.88","2,563.70","2,501.62","","-2.73%"
"Mar 04, 2022","2,599.70","2,632.19","2,632.22","2,581.15","","-2.04%"
"Mar 03, 2022","2,653.92","2,661.36","2,672.16","2,650.96","","+0.68%"
"Mar 02, 2022","2,636.12","2,640.62","2,655.34","2,616.07","","-1.55%"
"Mar 01, 2022","2,677.61","2,661.61","2,689.20","2,659.16","","+1.93%"
"Feb 28, 2022","2,626.88","2,631.23","2,647.94","2,598.29","","-0.09%"
"Feb 25, 2022","2,629.28","2,613.11","2,637.28","2,606.37","","+1.92%"
"Feb 24, 2022","2,579.85","2,569.35","2,602.88","2,555.21","","+0.04%"
"Feb 22, 2022","2,578.72","2,560.66","2,606.07","2,556.00","","-0.89%"
"Feb 21, 2022","2,601.84","2,591.51","2,616.34","2,560.66","","-1.03%"
"Feb 18, 2022","2,628.79","2,626.38","2,640.15","2,604.26","","-1.16%"
"Feb 17, 2022","2,659.57","2,710.49","2,710.49","2,652.70","","-2.14%"
"Feb 16, 2022","2,717.66","2,723.05","2,739.02","2,698.83","","+1.26%"
"Feb 15, 2022","2,683.79","2,793.07","2,793.07","2,671.29","","-4.19%"
"Feb 14, 2022","2,801.11","2,826.40","2,834.14","2,774.40","","-1.83%"
"Feb 10, 2022","2,853.39","2,859.18","2,886.17","2,831.68","","+0.51%"
"Feb 09, 2022","2,838.89","2,812.34","2,843.69","2,785.23","","+1.90%"
"Feb 08, 2022","2,785.82","2,775.04","2,811.88","2,770.66","","+1.04%"
"Feb 07, 2022","2,757.06","2,768.81","2,772.14","2,727.04","","-0.67%"
"Feb 04, 2022","2,775.53","2,736.46","2,779.94","2,728.07","","+1.20%"
"Feb 03, 2022","2,742.60","2,762.41","2,768.31","2,734.78","","-1.45%"
"Feb 02, 2022","2,783.02","2,734.29","2,785.52","2,734.29","","+2.93%"
"Feb 01, 2022","2,703.82","2,716.11","2,744.37","2,691.33","","+0.46%"
"Jan 31, 2022","2,691.46","2,626.37","2,706.97","2,624.98","","+3.40%"
"Jan 28, 2022","2,603.04","2,587.08","2,616.29","2,563.96","","+1.96%"
"Jan 27, 2022","2,553.07","2,683.19","2,690.87","2,536.53","","-4.45%"
"Jan 26, 2022","2,671.89","2,655.52","2,691.66","2,649.10","","+0.19%"
"Jan 25, 2022","2,666.89","2,769.98","2,770.43","2,648.70","","-4.43%"
"Jan 24, 2022","2,790.42","2,771.02","2,795.77","2,743.97","","-0.21%"
"Jan 21, 2022","2,796.32","2,782.36","2,801.59","2,755.37","","-0.64%"
"Jan 20, 2022","2,814.20","2,749.57","2,822.92","2,737.44","","+2.13%"
"Jan 19, 2022","2,755.48","2,792.71","2,806.81","2,743.82","","-2.36%"
"Jan 18, 2022","2,821.98","2,826.02","2,869.76","2,808.39","","+0.41%"
"Jan 17, 2022","2,810.45","2,807.72","2,836.60","2,804.14","","+0.13%"
"Jan 14, 2022","2,806.75","2,852.45","2,853.16","2,775.65","","-2.61%"
"Jan 13, 2022","2,881.94","2,931.27","2,935.78","2,880.81","","-2.16%"
"Jan 12, 2022","2,945.69","2,906.57","2,948.76","2,906.57","","+2.00%"
"Jan 11, 2022","2,888.05","2,863.54","2,888.42","2,850.41","","+0.51%"
"Jan 07, 2022","2,873.39","2,898.81","2,923.78","2,859.78","","-0.74%"
"Jan 06, 2022","2,894.78","2,983.58","2,983.58","2,894.78","","-4.22%"
"Jan 05, 2022","3,022.37","3,078.14","3,078.14","3,016.91","","-1.95%"
"Jan 04, 2022","3,082.40","3,076.10","3,088.01","3,050.17","","+0.84%"
"Dec 30, 2021","3,056.84","3,065.67","3,086.53","3,049.17","","-0.55%"
"Dec 29, 2021","3,073.68","3,080.77","3,092.82","3,059.03","","-0.10%"
"Dec 28, 2021","3,076.86","3,064.63","3,085.98","3,053.75","","+1.25%"
"Dec 27, 2021","3,038.75","3,052.50","3,054.85","3,026.12","","-0.35%"
"Dec 24, 2021","3,049.49","3,063.57","3,067.45","3,046.16","","-0.09%"
"Dec 23, 2021","3,052.36","3,028.53","3,052.36","3,026.38","","+1.62%"
"Dec 22, 2021","3,003.82","3,006.12","3,009.12","2,988.36","","+0.36%"
"Dec 21, 2021","2,993.15","2,986.87","3,000.91","2,953.83","","+1.59%"
"Dec 20, 2021","2,946.20","2,966.78","2,988.77","2,941.72","","-1.60%"
"Dec 17, 2021","2,994.22","3,068.23","3,075.08","2,988.20","","-2.97%"
"Dec 16, 2021","3,085.80","3,089.93","3,104.71","3,074.10","","+1.20%"
"Dec 15, 2021","3,049.14","2,987.28","3,051.04","2,987.28","","+1.62%"
"Dec 14, 2021","3,000.48","3,032.43","3,036.56","2,994.67","","-1.24%"
"Dec 13, 2021","3,038.21","3,094.60","3,108.56","3,033.76","","-0.82%"
"Dec 10, 2021","3,063.36","3,118.39","3,118.39","3,061.14","","-2.64%"
"Dec 09, 2021","3,146.40","3,172.69","3,183.49","3,145.13","","-0.32%"
"Dec 08, 2021","3,156.45","3,148.98","3,162.11","3,120.39","","+1.87%"
"Dec 07, 2021","3,098.50","3,063.78","3,107.34","3,035.19","","+2.58%"
"Dec 06, 2021","3,020.54","3,066.05","3,066.05","3,003.36","","-1.53%"
"Dec 03, 2021","3,067.47","3,018.10","3,067.47","3,016.18","","+2.27%"
"Dec 02, 2021","2,999.27","2,999.20","3,034.17","2,997.55","","-0.63%"
"Dec 01, 2021","3,018.30","3,027.57","3,038.85","2,980.15","","+0.02%"
"Nov 30, 2021","3,017.77","3,073.78","3,096.65","3,017.32","","-0.92%"
"Nov 29, 2021","3,045.92","3,042.88","3,109.25","3,039.34","","-1.59%"
"Nov 26, 2021","3,095.28","3,143.21","3,148.87","3,077.29","","-1.59%"
"Nov 25, 2021","3,145.44","3,171.96","3,175.70","3,145.44","","-0.55%"
"Nov 24, 2021","3,162.69","3,233.12","3,234.00","3,155.76","","-3.02%"
"Nov 22, 2021","3,261.32","3,243.96","3,268.14","3,243.68","","+0.17%"
"Nov 19, 2021","3,255.88","3,254.05","3,265.75","3,233.38","","-0.36%"
"Nov 18, 2021","3,267.65","3,246.27","3,283.12","3,240.36","","+0.90%"
"Nov 17, 2021","3,238.57","3,295.97","3,311.32","3,233.40","","-1.97%"
"Nov 16, 2021","3,303.70","3,323.10","3,323.21","3,294.56","","-1.05%"
"Nov 15, 2021","3,338.88","3,334.02","3,357.85","3,326.74","","+1.26%"
"Nov 12, 2021","3,297.18","3,283.68","3,323.72","3,283.68","","+1.36%"
"Nov 11, 2021","3,252.83","3,233.25","3,253.99","3,231.92","","+0.39%"
"Nov 10, 2021","3,240.27","3,247.29","3,268.00","3,230.64","","-0.38%"
"Nov 09, 2021","3,252.67","3,286.91","3,305.06","3,247.23","","-0.99%"
"Nov 08, 2021","3,285.27","3,287.30","3,295.78","3,267.63","","+0.13%"
"Nov 05, 2021","3,280.91","3,275.24","3,284.50","3,254.21","","-0.03%"
"Nov 04, 2021","3,281.95","3,269.06","3,281.95","3,257.75","","+0.74%"
"Nov 02, 2021","3,257.72","3,253.57","3,273.10","3,249.03","","-0.12%"
"Nov 01, 2021","3,261.73","3,252.35","3,263.74","3,235.45","","+1.38%"
"Oct 29, 2021","3,217.48","3,200.61","3,219.88","3,172.61","","+0.31%"
"Oct 28, 2021","3,207.45","3,214.90","3,226.24","3,189.16","","-0.79%"
"Oct 27, 2021","3,233.02","3,199.07","3,233.02","3,199.07","","+0.43%"
"Oct 26, 2021","3,219.16","3,212.20","3,221.30","3,203.10","","+1.30%"
"Oct 25, 2021","3,177.84","3,142.23","3,182.60","3,142.23","","+0.54%"
"Oct 22, 2021","3,160.71","3,154.13","3,179.84","3,146.23","","-0.19%"
"Oct 21, 2021","3,166.62","3,187.15","3,203.73","3,162.63","","-1.40%"
"Oct 20, 2021","3,211.43","3,233.49","3,241.37","3,211.43","","-0.44%"
"Oct 19, 2021","3,225.52","3,211.63","3,237.27","3,203.16","","+0.91%"
"Oct 18, 2021","3,196.52","3,233.58","3,238.38","3,191.86","","-1.25%"
"Oct 15, 2021","3,237.00","3,217.00","3,237.66","3,189.35","","+1.50%"
"Oct 14, 2021","3,189.07","3,161.24","3,189.07","3,147.33","","+1.20%"
"Oct 13, 2021","3,151.22","3,144.88","3,179.81","3,140.68","","-0.02%"
"Oct 12, 2021","3,151.91","3,179.92","3,179.92","3,147.23","","-0.99%"
"Oct 11, 2021","3,183.52","3,110.70","3,183.52","3,097.14","","+2.34%"
"Oct 08, 2021","3,110.69","3,100.00","3,139.51","3,100.00","","+1.72%"
"Oct 07, 2021","3,058.17","3,058.00","3,100.38","3,046.62","","+0.18%"
"Oct 06, 2021","3,052.68","3,135.19","3,142.19","3,034.56","","-1.52%"
"Oct 05, 2021","3,099.71","3,101.23","3,117.48","3,043.70","","-1.36%"
"Oct 04, 2021","3,142.60","3,179.51","3,185.06","3,128.70","","+0.09%"
"Oct 01, 2021","3,139.64","3,164.20","3,189.64","3,123.54","","-1.18%"
"Sep 30, 2021","3,177.12","3,163.37","3,199.23","3,156.56","","+0.32%"
"Sep 29, 2021","3,166.92","3,171.63","3,172.85","3,139.03","","-2.14%"
"Sep 28, 2021","3,236.26","3,251.64","3,253.20","3,208.69","","-1.02%"
"Sep 27, 2021","3,269.62","3,282.62","3,302.00","3,262.64","","-0.14%"
"Sep 24, 2021","3,274.33","3,242.45","3,274.33","3,241.55","","+2.45%"
"Sep 22, 2021","3,196.14","3,205.87","3,221.16","3,190.67","","-0.68%"
"Sep 21, 2021","3,217.96","3,201.05","3,234.78","3,187.25","","-1.36%"
"Sep 17, 2021","3,262.24","3,226.16","3,264.99","3,215.63","","+1.33%"
"Sep 16, 2021","3,219.48","3,249.19","3,249.19","3,191.07","","-0.68%"
"Sep 15, 2021","3,241.37","3,248.33","3,248.35","3,218.34","","-1.04%"
"Sep 14, 2021","3,275.39","3,231.50","3,275.39","3,226.06","","+1.81%"
"Sep 13, 2021","3,217.13","3,202.42","3,217.13","3,194.40","","+0.06%"
"Sep 10, 2021","3,215.25","3,155.71","3,215.25","3,155.45","","+2.07%"
"Sep 09, 2021","3,150.13","3,156.76","3,176.48","3,140.82","","-0.60%"
"Sep 08, 2021","3,169.17","3,130.40","3,169.17","3,121.74","","+1.33%"
"Sep 07, 2021","3,127.72","3,122.43","3,145.61","3,114.50","","+0.56%"
"Sep 06, 2021","3,110.30","3,085.41","3,113.09","3,085.00","","+1.45%"
"Sep 03, 2021","3,065.82","3,044.48","3,080.83","3,042.59","","+0.66%"
"Sep 02, 2021","3,045.73","3,043.76","3,049.45","3,028.02","","+0.28%"
"Sep 01, 2021","3,037.32","3,021.39","3,042.13","3,017.75","","+0.47%"
"Aug 31, 2021","3,022.98","2,991.33","3,031.69","2,987.09","","+1.13%"
"Aug 30, 2021","2,989.29","2,981.28","2,993.26","2,975.62","","+0.84%"
"Aug 27, 2021","2,964.30","2,950.73","2,964.30","2,927.28","","-0.03%"
"Aug 26, 2021","2,965.15","2,964.99","2,968.52","2,955.07","","-0.05%"
"Aug 25, 2021","2,966.76","2,955.91","2,978.55","2,955.91","","-0.09%"
"Aug 24, 2021","2,969.52","2,947.27","2,972.11","2,942.72","","+1.70%"
"Aug 23, 2021","2,919.74","2,877.90","2,921.00","2,877.90","","+2.28%"
"Aug 20, 2021","2,854.79","2,855.68","2,883.95","2,847.91","","0.00%"
"Aug 19, 2021","2,854.92","2,858.04","2,882.66","2,853.34","","-0.62%"
"Aug 18, 2021","2,872.69","2,857.70","2,879.52","2,841.07","","+0.85%"
"Aug 17, 2021","2,848.54","2,892.12","2,894.10","2,848.19","","-0.97%"
"Aug 16, 2021","2,876.37","2,938.66","2,940.73","2,863.11","","-2.63%"
"Aug 13, 2021","2,954.14","2,880.73","2,967.28","2,880.73","","+3.11%"
"Aug 12, 2021","2,864.90","2,892.82","2,900.34","2,863.57","","-0.52%"
"Aug 11, 2021","2,879.93","2,894.40","2,901.16","2,870.74","","-0.23%"
"Aug 10, 2021","2,886.43","2,853.94","2,891.64","2,848.79","","+1.53%"
"Aug 06, 2021","2,843.06","2,830.12","2,853.98","2,830.12","","+0.63%"
"Aug 05, 2021","2,825.20","2,807.84","2,836.13","2,807.84","","+0.55%"
"Aug 04, 2021","2,809.77","2,808.75","2,812.96","2,786.62","","-0.10%"
"Aug 03, 2021","2,812.48","2,811.51","2,835.19","2,801.01","","-0.46%"
"Aug 02, 2021","2,825.58","2,826.25","2,833.98","2,805.64","","+0.92%"
"Jul 30, 2021","2,799.83","2,837.22","2,843.11","2,793.19","","-1.57%"
"Jul 29, 2021","2,844.43","2,851.10","2,851.41","2,827.49","","+0.24%"
"Jul 28, 2021","2,837.59","2,865.86","2,868.32","2,826.26","","-2.03%"
"Jul 27, 2021","2,896.49","2,890.58","2,901.63","2,884.89","","+0.81%"
"Jul 26, 2021","2,873.31","2,886.59","2,903.84","2,867.04","","+1.27%"
"Jul 21, 2021","2,837.15","2,838.57","2,858.49","2,827.67","","+1.21%"
"Jul 20, 2021","2,803.14","2,804.92","2,823.40","2,788.89","","-1.14%"
"Jul 19, 2021","2,835.50","2,840.64","2,851.92","2,820.88","","-1.21%"
"Jul 16, 2021","2,870.12","2,851.97","2,887.65","2,848.53","","+0.04%"
"Jul 15, 2021","2,868.96","2,896.27","2,898.34","2,863.85","","-1.44%"
"Jul 14, 2021","2,910.76","2,884.48","2,914.49","2,880.65","","+0.21%"
"Jul 13, 2021","2,904.71","2,918.18","2,930.46","2,900.77","","-0.25%"
"Jul 12, 2021","2,912.06","2,887.42","2,917.79","2,887.42","","+2.45%"
"Jul 09, 2021","2,842.31","2,813.82","2,848.95","2,782.06","","-0.43%"
"Jul 08, 2021","2,854.64","2,887.15","2,889.78","2,854.64","","-1.43%"
"Jul 07, 2021","2,896.12","2,881.30","2,907.83","2,873.19","","-0.39%"
"Jul 06, 2021","2,907.57","2,917.77","2,921.08","2,903.20","","+0.16%"
"Jul 05, 2021","2,902.97","2,891.12","2,906.41","2,885.77","","+0.66%"
"Jul 02, 2021","2,884.02","2,861.65","2,884.78","2,859.20","","+0.92%"
"Jul 01, 2021","2,857.79","2,865.18","2,873.27","2,855.36","","-0.40%"
"Jun 30, 2021","2,869.15","2,863.52","2,877.51","2,863.52","","+0.54%"
"Jun 29, 2021","2,853.69","2,856.09","2,864.14","2,843.83","","-0.38%"
"Jun 28, 2021","2,864.53","2,873.99","2,876.31","2,856.34","","-0.14%"
"Jun 25, 2021","2,868.53","2,872.49","2,877.87","2,863.63","","+0.27%"
"Jun 24, 2021","2,860.91","2,869.92","2,876.37","2,856.58","","-0.42%"
"Jun 23, 2021","2,872.91","2,878.95","2,889.52","2,869.13","","-0.30%"
"Jun 22, 2021","2,881.67","2,834.93","2,883.06","2,833.63","","+3.48%"
"Jun 21, 2021","2,784.75","2,793.32","2,804.17","2,767.70","","-1.98%"
"Jun 18, 2021","2,841.00","2,854.23","2,862.65","2,837.87","","-0.22%"
"Jun 17, 2021","2,847.25","2,872.60","2,872.60","2,839.30","","-1.32%"
"Jun 16, 2021","2,885.41","2,880.08","2,891.09","2,868.44","","-0.77%"
"Jun 15, 2021","2,907.79","2,871.82","2,912.92","2,869.77","","+0.86%"
"Jun 14, 2021","2,882.91","2,887.36","2,890.63","2,872.40","","+0.43%"
"Jun 11, 2021","2,870.70","2,880.75","2,885.48","2,865.02","","-0.09%"
"Jun 10, 2021","2,873.28","2,861.21","2,881.51","2,861.21","","+0.33%"
"Jun 09, 2021","2,863.94","2,872.68","2,880.91","2,859.30","","-0.55%"
"Jun 08, 2021","2,879.83","2,878.12","2,891.30","2,867.83","","+0.58%"
"Jun 07, 2021","2,863.21","2,852.06","2,863.59","2,840.37","","+1.26%"
"Jun 04, 2021","2,827.55","2,824.98","2,836.93","2,810.09","","-0.95%"
"Jun 03, 2021","2,854.71","2,830.88","2,862.91","2,830.88","","+0.79%"
"Jun 02, 2021","2,832.47","2,786.21","2,836.26","2,781.26","","+1.57%"
"Jun 01, 2021","2,788.68","2,812.60","2,821.68","2,772.01","","-0.75%"
"May 31, 2021","2,809.75","2,839.76","2,848.43","2,807.52","","-1.10%"
"May 28, 2021","2,840.94","2,834.20","2,856.67","2,834.20","","+1.65%"
"May 27, 2021","2,794.72","2,793.81","2,803.30","2,774.69","","-0.68%"
"May 26, 2021","2,813.72","2,788.42","2,824.02","2,787.38","","+0.90%"
"May 25, 2021","2,788.56","2,779.63","2,789.94","2,768.61","","+0.79%"
"May 24, 2021","2,766.77","2,748.21","2,771.70","2,746.79","","+0.52%"
"May 21, 2021","2,752.52","2,726.55","2,756.63","2,725.72","","+1.77%"
"May 20, 2021","2,704.55","2,680.15","2,713.62","2,680.15","","+0.44%"
"May 19, 2021","2,692.76","2,678.97","2,705.34","2,663.64","","-0.61%"
"May 18, 2021","2,709.22","2,642.77","2,719.34","2,642.77","","+2.80%"
"May 17, 2021","2,635.48","2,690.49","2,695.62","2,634.04","","-1.37%"
"May 14, 2021","2,672.11","2,649.63","2,677.40","2,629.29","","+2.03%"
"May 13, 2021","2,618.96","2,660.56","2,663.76","2,615.43","","-2.38%"
"May 12, 2021","2,682.86","2,712.94","2,724.69","2,658.28","","-0.52%"
"May 11, 2021","2,696.93","2,751.21","2,759.20","2,694.20","","-2.98%"
"May 10, 2021","2,779.84","2,758.14","2,785.72","2,756.50","","+0.72%"
"May 07, 2021","2,760.02","2,770.12","2,773.02","2,758.53","","-0.43%"
"May 06, 2021","2,771.85","2,750.68","2,785.80","2,746.60","","+1.57%"
"Apr 30, 2021","2,729.02","2,739.45","2,751.29","2,727.73","","-0.42%"
"Apr 28, 2021","2,740.56","2,725.30","2,753.15","2,719.24","","+0.33%"
"Apr 27, 2021","2,731.58","2,746.29","2,747.12","2,726.70","","-0.70%"
"Apr 26, 2021","2,750.70","2,741.35","2,758.73","2,715.49","","+0.39%"
"Apr 23, 2021","2,740.03","2,741.31","2,751.43","2,722.32","","-0.68%"
"Apr 22, 2021","2,758.88","2,733.76","2,758.88","2,728.54","","+2.30%"
"Apr 21, 2021","2,696.89","2,727.28","2,738.63","2,688.62","","-2.53%"
"Apr 20, 2021","2,766.76","2,775.89","2,781.76","2,756.51","","-1.32%"
"Apr 19, 2021","2,803.64","2,826.66","2,832.58","2,803.64","","-0.59%"
"Apr 16, 2021","2,820.23","2,826.38","2,829.02","2,809.59","","-0.11%"
"Apr 15, 2021","2,823.35","2,807.45","2,840.04","2,807.45","","+0.10%"
"Apr 14, 2021","2,820.62","2,815.46","2,824.96","2,798.11","","-0.11%"
"Apr 13, 2021","2,823.81","2,811.37","2,845.80","2,808.57","","+0.40%"
"Apr 12, 2021","2,812.69","2,835.87","2,836.44","2,806.85","","-0.32%"
"Apr 09, 2021","2,821.65","2,825.11","2,861.91","2,820.82","","+0.29%"
"Apr 08, 2021","2,813.60","2,817.15","2,817.73","2,790.75","","-0.46%"
"Apr 07, 2021","2,826.74","2,831.75","2,840.06","2,805.14","","+0.23%"
"Apr 06, 2021","2,820.15","2,871.61","2,877.11","2,810.58","","-1.32%"
"Apr 05, 2021","2,857.84","2,883.80","2,891.12","2,853.78","","-0.49%"
"Apr 02, 2021","2,871.81","2,875.63","2,880.79","2,858.46","","+1.00%"
"Apr 01, 2021","2,843.30","2,861.82","2,872.86","2,839.05","","-0.09%"
"Mar 31, 2021","2,845.96","2,839.73","2,877.09","2,831.42","","-0.22%"
"Mar 30, 2021","2,852.13","2,871.09","2,872.49","2,842.64","","-1.01%"
"Mar 29, 2021","2,881.33","2,879.70","2,898.25","2,854.25","","+1.01%"
"Mar 26, 2021","2,852.42","2,826.68","2,853.06","2,820.58","","+2.16%"
"Mar 25, 2021","2,792.20","2,758.77","2,804.81","2,747.61","","+1.66%"
"Mar 24, 2021","2,746.66","2,801.39","2,810.58","2,743.35","","-2.85%"
"Mar 23, 2021","2,827.20","2,873.15","2,884.23","2,827.20","","-0.87%"
"Mar 22, 2021","2,851.88","2,865.91","2,866.79","2,835.68","","-1.58%"
"Mar 19, 2021","2,897.61","2,877.37","2,904.11","2,870.24","","-0.56%"
"Mar 18, 2021","2,914.02","2,887.64","2,927.10","2,881.35","","+1.53%"
"Mar 17, 2021","2,870.23","2,860.97","2,879.38","2,852.78","","+0.07%"
"Mar 16, 2021","2,868.24","2,826.37","2,868.62","2,820.72","","+1.01%"
"Mar 15, 2021","2,839.70","2,809.12","2,839.70","2,795.28","","+1.59%"
"Mar 12, 2021","2,795.39","2,753.60","2,795.39","2,736.13","","+1.92%"
"Mar 11, 2021","2,742.78","2,715.90","2,747.87","2,702.77","","+1.25%"
"Mar 10, 2021","2,708.86","2,734.19","2,735.63","2,703.14","","-0.53%"
"Mar 09, 2021","2,723.21","2,706.60","2,728.56","2,688.43","","+0.48%"
"Mar 08, 2021","2,710.23","2,769.72","2,781.52","2,701.68","","-0.88%"
"Mar 05, 2021","2,734.38","2,756.47","2,758.75","2,690.47","","-1.70%"
"Mar 04, 2021","2,781.70","2,775.38","2,798.82","2,746.89","","-1.23%"
"Mar 03, 2021","2,816.42","2,828.79","2,831.13","2,801.17","","-0.37%"
"Mar 02, 2021","2,826.97","2,866.05","2,868.95","2,804.57","","-0.99%"
"Mar 01, 2021","2,855.34","2,834.35","2,867.63","2,831.90","","+2.20%"
"Feb 26, 2021","2,793.90","2,834.15","2,835.38","2,793.90","","-2.80%"
"Feb 25, 2021","2,874.50","2,878.43","2,880.11","2,861.48","","+0.95%"
"Feb 24, 2021","2,847.51","2,867.56","2,882.63","2,845.20","","-0.90%"
"Feb 22, 2021","2,873.30","2,860.49","2,890.52","2,860.49","","+1.52%"
"Feb 19, 2021","2,830.36","2,854.02","2,854.02","2,823.34","","-1.14%"
"Feb 18, 2021","2,863.01","2,859.11","2,892.18","2,856.09","","-0.39%"
"Feb 17, 2021","2,874.21","2,870.15","2,887.15","2,856.84","","+0.14%"
"Feb 16, 2021","2,870.18","2,864.49","2,890.37","2,857.73","","+0.72%"
"Feb 15, 2021","2,849.75","2,823.47","2,849.75","2,823.47","","+0.50%"
"Feb 12, 2021","2,835.55","2,834.24","2,847.68","2,823.36","","+0.38%"
"Feb 10, 2021","2,824.81","2,811.28","2,833.58","2,808.80","","+0.06%"
"Feb 09, 2021","2,823.02","2,797.84","2,824.01","2,786.93","","+0.89%"
"Feb 08, 2021","2,798.01","2,769.18","2,813.99","2,768.12","","+1.71%"
"Feb 05, 2021","2,750.96","2,724.54","2,753.35","2,721.62","","+1.73%"
"Feb 04, 2021","2,704.09","2,740.55","2,745.64","2,696.16","","-1.55%"
"Feb 03, 2021","2,746.62","2,710.25","2,746.62","2,705.78","","+1.77%"
"Feb 02, 2021","2,698.88","2,688.24","2,700.76","2,672.33","","+1.04%"
"Feb 01, 2021","2,671.14","2,631.02","2,679.05","2,631.02","","+1.47%"
"Jan 29, 2021","2,632.41","2,683.49","2,688.43","2,627.84","","-1.36%"
"Jan 28, 2021","2,668.79","2,644.23","2,676.17","2,626.79","","-0.63%"
"Jan 27, 2021","2,685.82","2,705.71","2,710.28","2,673.63","","-0.08%"
"Jan 26, 2021","2,687.91","2,706.72","2,715.60","2,681.96","","-1.53%"
"Jan 25, 2021","2,729.70","2,711.88","2,729.90","2,703.20","","+1.06%"
"Jan 22, 2021","2,701.04","2,694.19","2,709.81","2,692.37","","-0.24%"
"Jan 21, 2021","2,707.61","2,676.07","2,715.82","2,676.07","","+1.57%"
"Jan 20, 2021","2,665.84","2,684.56","2,684.83","2,655.11","","-0.23%"
"Jan 19, 2021","2,671.94","2,673.90","2,684.26","2,658.29","","+0.33%"
"Jan 18, 2021","2,663.28","2,646.26","2,664.76","2,646.26","","-0.34%"
"Jan 15, 2021","2,672.35","2,721.28","2,721.28","2,669.70","","-1.37%"
"Jan 14, 2021","2,709.53","2,678.15","2,737.27","2,675.71","","+1.35%"
"Jan 13, 2021","2,673.34","2,655.08","2,676.59","2,641.95","","+0.36%"
"Jan 12, 2021","2,663.64","2,677.87","2,677.87","2,648.94","","-1.35%"
"Jan 08, 2021","2,699.96","2,679.26","2,700.42","2,668.51","","+1.34%"
"Jan 07, 2021","2,664.32","2,646.90","2,685.85","2,646.90","","+1.72%"
"Jan 06, 2021","2,619.22","2,626.17","2,646.41","2,616.34","","-0.27%"
"Jan 05, 2021","2,626.35","2,637.95","2,643.96","2,613.09","","-0.77%"
"Jan 04, 2021","2,646.61","2,660.80","2,663.11","2,606.91","","-0.39%"
"Dec 30, 2020","2,657.10","2,671.98","2,673.67","2,645.43","","-0.75%"
"Dec 29, 2020","2,677.28","2,611.37","2,678.47","2,611.37","","+3.04%"
"Dec 28, 2020","2,598.36","2,602.61","2,608.58","2,590.48","","-0.11%"
"Dec 25, 2020","2,601.11","2,610.30","2,613.75","2,594.18","","-0.39%"
"Dec 24, 2020","2,611.21","2,608.91","2,612.97","2,600.07","","+0.27%"
"Dec 23, 2020","2,604.29","2,596.73","2,604.29","2,588.12","","+1.29%"
"Dec 22, 2020","2,571.00","2,598.11","2,603.89","2,561.01","","-1.80%"
"Dec 21, 2020","2,618.06","2,625.64","2,634.84","2,605.22","","-0.49%"
"Dec 18, 2020","2,631.04","2,645.84","2,646.86","2,622.41","","-0.58%"
"Dec 17, 2020","2,646.32","2,624.35","2,648.52","2,615.62","","+1.12%"
"Dec 16, 2020","2,617.01","2,640.40","2,646.26","2,611.06","","-0.32%"
"Dec 15, 2020","2,625.44","2,642.37","2,642.37","2,619.25","","-0.55%"
"Dec 14, 2020","2,640.06","2,653.48","2,664.80","2,639.93","","-0.45%"
"Dec 11, 2020","2,652.10","2,631.42","2,654.50","2,630.37","","+0.91%"
"Dec 10, 2020","2,628.23","2,625.14","2,629.86","2,607.41","","-0.46%"
"Dec 09, 2020","2,640.32","2,612.06","2,640.64","2,611.82","","+0.58%"
"Dec 08, 2020","2,625.18","2,589.49","2,627.20","2,588.73","","+1.17%"
"Dec 07, 2020","2,594.79","2,644.61","2,645.23","2,587.60","","-1.72%"
"Dec 04, 2020","2,640.18","2,644.27","2,657.34","2,629.30","","-0.61%"
"Dec 03, 2020","2,656.37","2,668.68","2,671.09","2,643.23","","-0.93%"
"Dec 02, 2020","2,681.31","2,712.96","2,713.81","2,675.07","","-1.34%"
"Dec 01, 2020","2,717.60","2,737.17","2,742.10","2,710.86","","-0.48%"
"Nov 30, 2020","2,730.70","2,747.16","2,756.07","2,729.83","","-0.63%"
"Nov 27, 2020","2,748.12","2,730.15","2,760.96","2,725.26","","+0.73%"
"Nov 26, 2020","2,728.16","2,702.16","2,732.28","2,702.16","","+1.25%"
"Nov 25, 2020","2,694.49","2,736.21","2,741.48","2,691.60","","-0.79%"
"Nov 24, 2020","2,716.07","2,679.03","2,722.84","2,677.89","","+2.91%"
"Nov 20, 2020","2,639.19","2,613.39","2,642.57","2,606.30","","+0.61%"
"Nov 19, 2020","2,623.11","2,600.71","2,623.11","2,594.16","","+0.64%"
"Nov 18, 2020","2,606.32","2,607.61","2,622.19","2,599.61","","-0.63%"
"Nov 17, 2020","2,622.81","2,631.53","2,639.07","2,610.71","","-0.73%"
"Nov 16, 2020","2,642.05","2,612.07","2,650.41","2,606.55","","+2.10%"
"Nov 13, 2020","2,587.66","2,600.59","2,611.65","2,567.41","","-1.14%"
"Nov 12, 2020","2,617.46","2,620.76","2,630.28","2,591.89","","-0.03%"
"Nov 11, 2020","2,618.32","2,608.81","2,624.82","2,597.90","","+0.24%"
"Nov 10, 2020","2,612.02","2,589.84","2,652.14","2,588.85","","+1.75%"
"Nov 09, 2020","2,567.06","2,525.56","2,576.09","2,523.08","","+2.37%"
"Nov 06, 2020","2,507.60","2,485.20","2,511.73","2,479.78","","+0.32%"
"Nov 05, 2020","2,499.70","2,474.37","2,502.79","2,467.13","","+1.60%"
"Nov 04, 2020","2,460.42","2,426.90","2,464.66","2,414.69","","+2.94%"
"Nov 02, 2020","2,390.05","2,357.60","2,397.31","2,357.35","","+2.32%"
"Oct 30, 2020","2,335.75","2,372.22","2,375.04","2,333.04","","-2.08%"
"Oct 29, 2020","2,385.40","2,378.87","2,391.70","2,367.74","","-0.91%"
"Oct 28, 2020","2,407.33","2,402.83","2,412.07","2,390.82","","-0.28%"
"Oct 27, 2020","2,414.01","2,379.02","2,415.86","2,357.28","","+0.39%"
"Oct 26, 2020","2,404.66","2,434.92","2,438.30","2,404.47","","-1.66%"
"Oct 23, 2020","2,445.32","2,448.80","2,450.66","2,418.48","","-0.18%"
"Oct 22, 2020","2,449.81","2,479.25","2,479.90","2,445.29","","-1.54%"
"Oct 21, 2020","2,488.09","2,496.14","2,501.57","2,487.56","","+0.15%"
"Oct 20, 2020","2,484.42","2,476.41","2,491.95","2,475.71","","-0.16%"
"Oct 19, 2020","2,488.37","2,472.72","2,494.72","2,468.97","","+1.33%"
"Oct 16, 2020","2,455.82","2,460.61","2,474.26","2,447.55","","-0.86%"
"Oct 15, 2020","2,477.02","2,491.12","2,503.51","2,470.06","","-1.10%"
"Oct 14, 2020","2,504.54","2,496.00","2,506.33","2,493.95","","+0.26%"
"Oct 13, 2020","2,498.01","2,494.02","2,503.25","2,481.54","","+0.52%"
"Oct 12, 2020","2,485.02","2,474.24","2,487.29","2,468.79","","+0.43%"
"Oct 09, 2020","2,474.26","2,478.56","2,479.39","2,459.67","","+0.12%"
"Oct 08, 2020","2,471.21","2,453.30","2,473.63","2,448.62","","+1.15%"
"Oct 07, 2020","2,443.02","2,420.07","2,445.26","2,418.03","","+0.13%"
"Oct 06, 2020","2,439.78","2,422.65","2,440.00","2,416.15","","+1.11%"
"Oct 05, 2020","2,413.00","2,394.25","2,415.13","2,394.25","","+1.83%"
"Oct 02, 2020","2,369.68","2,417.49","2,426.32","2,356.87","","-1.41%"
"Oct 01, 2020","2,403.61","2,403.61","2,403.61","2,403.61","","0.00%"
"Sep 30, 2020","2,403.61","2,440.33","2,453.62","2,403.61","","-1.94%"
"Sep 29, 2020","2,451.15","2,422.98","2,460.71","2,416.59","","+0.13%"
"Sep 28, 2020","2,447.93","2,431.18","2,447.93","2,415.94","","+1.48%"
"Sep 25, 2020","2,412.28","2,420.87","2,423.51","2,402.60","","+0.38%"
"Sep 24, 2020","2,403.05","2,424.12","2,433.32","2,397.58","","-1.50%"
"Sep 23, 2020","2,439.76","2,430.51","2,443.83","2,426.95","","+0.41%"
"Sep 18, 2020","2,429.89","2,413.87","2,431.00","2,411.96","","+1.08%"
"Sep 17, 2020","2,403.91","2,403.81","2,415.20","2,391.36","","-0.49%"
"Sep 16, 2020","2,415.80","2,397.83","2,418.54","2,394.89","","+0.79%"
"Sep 15, 2020","2,396.89","2,374.66","2,397.35","2,369.00","","+0.40%"
"Sep 14, 2020","2,387.41","2,376.18","2,391.31","2,369.59","","+0.09%"
"Sep 11, 2020","2,385.31","2,356.24","2,385.31","2,349.59","","+1.56%"
"Sep 10, 2020","2,348.68","2,335.19","2,350.95","2,332.06","","+1.29%"
"Sep 09, 2020","2,318.67","2,317.32","2,327.60","2,304.33","","-1.16%"
"Sep 08, 2020","2,345.98","2,323.49","2,345.98","2,318.58","","+1.72%"
"Sep 07, 2020","2,306.29","2,286.23","2,314.51","2,281.34","","+0.36%"
"Sep 04, 2020","2,297.91","2,301.70","2,309.22","2,292.17","","-1.57%"
"Sep 03, 2020","2,334.50","2,347.74","2,350.91","2,325.98","","+0.42%"
"Sep 02, 2020","2,324.79","2,322.73","2,331.11","2,313.35","","+0.35%"
"Sep 01, 2020","2,316.67","2,297.31","2,319.29","2,294.01","","+0.72%"
"Aug 31, 2020","2,300.22","2,299.43","2,321.72","2,298.81","","+1.34%"
"Aug 28, 2020","2,269.71","2,293.64","2,326.21","2,247.30","","-1.14%"
"Aug 27, 2020","2,295.84","2,291.16","2,313.85","2,288.48","","+0.61%"
"Aug 26, 2020","2,281.90","2,280.53","2,289.29","2,268.66","","-0.09%"
"Aug 25, 2020","2,284.05","2,281.46","2,296.93","2,280.27","","+0.99%"
"Aug 24, 2020","2,261.74","2,255.91","2,268.71","2,251.54","","-0.10%"
"Aug 21, 2020","2,264.05","2,259.57","2,276.62","2,258.88","","+0.74%"
"Aug 20, 2020","2,247.33","2,257.86","2,271.16","2,238.67","","-0.86%"
"Aug 19, 2020","2,266.86","2,252.91","2,268.54","2,249.24","","+0.53%"
"Aug 18, 2020","2,254.92","2,240.79","2,259.20","2,240.15","","+0.64%"
"Aug 17, 2020","2,240.58","2,255.25","2,259.18","2,240.58","","-1.46%"
"Aug 14, 2020","2,273.81","2,266.19","2,285.90","2,257.85","","+0.84%"
"Aug 13, 2020","2,254.95","2,245.88","2,259.78","2,237.61","","+1.54%"
"Aug 12, 2020","2,220.78","2,214.92","2,224.53","2,188.60","","+0.45%"
"Aug 11, 2020","2,210.91","2,173.80","2,211.34","2,173.63","","+2.49%"
"Aug 07, 2020","2,157.11","2,160.89","2,166.61","2,148.39","","-0.01%"
"Aug 06, 2020","2,157.31","2,158.90","2,171.41","2,152.14","","-0.28%"
"Aug 05, 2020","2,163.47","2,149.62","2,165.08","2,137.62","","+0.75%"
"Aug 04, 2020","2,147.44","2,102.88","2,148.29","2,102.88","","+2.94%"
"Aug 03, 2020","2,086.03","2,044.26","2,087.37","2,043.20","","+2.68%"
"Jul 31, 2020","2,031.50","2,067.88","2,079.43","2,031.50","","-1.90%"
"Jul 30, 2020","2,070.91","2,098.97","2,116.14","2,070.69","","-0.91%"
"Jul 29, 2020","2,089.98","2,108.41","2,110.62","2,088.29","","-1.53%"
"Jul 28, 2020","2,122.54","2,150.23","2,156.54","2,120.27","","-0.84%"
"Jul 27, 2020","2,140.61","2,125.87","2,140.61","2,109.05","","-0.36%"
"Jul 22, 2020","2,148.30","2,150.96","2,153.89","2,142.53","","-0.70%"
"Jul 21, 2020","2,163.46","2,144.59","2,166.33","2,144.59","","+1.68%"
"Jul 20, 2020","2,127.69","2,134.40","2,138.20","2,105.97","","-0.52%"
"Jul 17, 2020","2,138.79","2,147.02","2,153.85","2,132.88","","-0.23%"
"Jul 16, 2020","2,143.79","2,160.05","2,160.48","2,138.37","","-1.27%"
"Jul 15, 2020","2,171.32","2,146.30","2,173.74","2,145.45","","+2.14%"
"Jul 14, 2020","2,125.89","2,145.65","2,146.95","2,114.37","","-1.45%"
"Jul 13, 2020","2,157.12","2,131.50","2,157.22","2,127.03","","+2.50%"
"Jul 10, 2020","2,104.47","2,122.66","2,125.62","2,104.47","","-1.16%"
"Jul 09, 2020","2,129.08","2,143.86","2,152.15","2,129.08","","-0.49%"
"Jul 08, 2020","2,139.62","2,160.39","2,162.73","2,139.62","","-1.23%"
"Jul 07, 2020","2,166.25","2,150.21","2,166.29","2,142.47","","+0.74%"
"Jul 06, 2020","2,150.38","2,118.95","2,153.27","2,116.84","","+1.41%"
"Jul 03, 2020","2,120.38","2,113.49","2,124.65","2,099.06","","+0.70%"
"Jul 02, 2020","2,105.67","2,118.28","2,126.90","2,098.64","","-0.08%"
"Jul 01, 2020","2,107.27","2,144.36","2,144.61","2,100.12","","-1.45%"
"Jun 30, 2020","2,138.28","2,153.07","2,159.59","2,126.87","","+0.80%"
"Jun 29, 2020","2,121.32","2,143.96","2,147.94","2,115.49","","-2.06%"
"Jun 26, 2020","2,166.00","2,162.71","2,169.08","2,148.43","","+0.60%"
"Jun 25, 2020","2,153.04","2,174.35","2,178.06","2,142.86","","-2.23%"
"Jun 24, 2020","2,202.07","2,207.34","2,216.76","2,197.20","","-0.30%"
"Jun 23, 2020","2,208.77","2,208.64","2,225.46","2,174.14","","+0.82%"
"Jun 22, 2020","2,190.75","2,185.40","2,200.59","2,176.38","","+0.33%"
"Jun 19, 2020","2,183.48","2,197.16","2,199.12","2,183.44","","-0.27%"
"Jun 18, 2020","2,189.47","2,188.03","2,194.33","2,165.63","","-0.15%"
"Jun 17, 2020","2,192.68","2,198.20","2,207.57","2,184.84","","-0.80%"
"Jun 16, 2020","2,210.29","2,138.89","2,214.22","2,138.89","","+5.00%"
"Jun 15, 2020","2,105.12","2,184.19","2,187.52","2,105.12","","-4.23%"
"Jun 12, 2020","2,198.20","2,189.87","2,202.64","2,149.50","","-1.52%"
"Jun 11, 2020","2,232.08","2,261.39","2,274.59","2,229.77","","-2.03%"
"Jun 10, 2020","2,278.29","2,255.75","2,281.89","2,252.90","","+0.77%"
"Jun 09, 2020","2,260.94","2,260.44","2,263.30","2,244.09","","-0.12%"
"Jun 08, 2020","2,263.60","2,248.80","2,263.60","2,243.65","","+1.64%"
"Jun 05, 2020","2,227.17","2,217.99","2,228.74","2,206.32","","-0.33%"
"Jun 04, 2020","2,234.46","2,254.14","2,255.64","2,210.58","","+0.09%"
"Jun 03, 2020","2,232.41","2,246.46","2,256.32","2,216.44","","+0.35%"
"Jun 02, 2020","2,224.53","2,203.14","2,232.79","2,201.60","","+1.22%"
"Jun 01, 2020","2,197.61","2,184.22","2,205.40","2,182.61","","+0.53%"
"May 29, 2020","2,185.97","2,210.71","2,218.53","2,184.49","","-1.10%"
"May 28, 2020","2,210.26","2,169.16","2,211.73","2,165.06","","+2.61%"
"May 27, 2020","2,154.00","2,144.63","2,157.42","2,132.12","","+0.20%"
"May 26, 2020","2,149.76","2,144.16","2,163.19","2,141.69","","+1.12%"
"May 25, 2020","2,125.99","2,089.32","2,125.99","2,088.19","","+2.99%"
"May 22, 2020","2,064.26","2,075.73","2,089.44","2,058.76","","-0.62%"
"May 21, 2020","2,077.21","2,101.00","2,102.73","2,069.58","","-0.66%"
"May 20, 2020","2,091.05","2,072.80","2,097.44","2,071.71","","+1.08%"
"May 19, 2020","2,068.62","2,059.83","2,076.28","2,057.31","","+1.98%"
"May 18, 2020","2,028.43","2,015.78","2,035.88","2,014.57","","+1.14%"
"May 15, 2020","2,005.55","1,992.79","2,008.79","1,972.09","","+1.82%"
"May 14, 2020","1,969.65","2,014.89","2,014.97","1,968.36","","-2.59%"
"May 13, 2020","2,021.94","1,997.54","2,026.84","1,989.00","","-0.12%"
"May 12, 2020","2,024.39","2,015.81","2,031.35","2,010.06","","+0.16%"
"May 11, 2020","2,021.25","1,978.06","2,027.13","1,972.34","","+3.18%"
"May 08, 2020","1,959.01","1,940.65","1,959.01","1,931.59","","+2.05%"
"May 07, 2020","1,919.66","1,902.76","1,920.87","1,902.76","","+0.02%"
"May 01, 2020","1,919.28","1,947.66","1,949.49","1,910.60","","-2.04%"
"Apr 30, 2020","1,959.26","1,955.74","1,976.63","1,950.04","","+1.64%"
"Apr 28, 2020","1,927.73","1,913.76","1,928.15","1,901.71","","+1.17%"
"Apr 27, 2020","1,905.51","1,886.13","1,909.08","1,878.55","","+2.01%"
"Apr 24, 2020","1,867.98","1,857.74","1,867.98","1,844.04","","-0.06%"
"Apr 23, 2020","1,869.18","1,867.65","1,874.16","1,857.94","","+0.83%"
"Apr 22, 2020","1,853.74","1,849.14","1,862.69","1,822.06","","-0.63%"
"Apr 21, 2020","1,865.46","1,902.91","1,904.54","1,850.35","","-2.60%"
"Apr 20, 2020","1,915.21","1,897.94","1,923.02","1,891.24","","+0.16%"
"Apr 17, 2020","1,912.10","1,891.10","1,934.85","1,890.68","","+2.47%"
"Apr 16, 2020","1,866.10","1,841.81","1,868.51","1,838.11","","+0.55%"
"Apr 15, 2020","1,855.98","1,849.44","1,865.53","1,842.48","","+0.98%"
"Apr 14, 2020","1,838.03","1,789.38","1,840.55","1,786.94","","+3.05%"
"Apr 13, 2020","1,783.57","1,806.00","1,809.85","1,781.51","","-2.27%"
"Apr 10, 2020","1,825.04","1,828.21","1,833.11","1,793.03","","-0.14%"
"Apr 09, 2020","1,827.67","1,832.81","1,836.49","1,798.37","","-0.02%"
"Apr 08, 2020","1,828.05","1,787.92","1,831.11","1,760.39","","+2.76%"
"Apr 07, 2020","1,778.97","1,744.64","1,803.38","1,742.86","","+3.83%"
"Apr 06, 2020","1,713.31","1,656.60","1,717.98","1,645.03","","+3.38%"
"Apr 03, 2020","1,657.37","1,685.21","1,699.39","1,643.28","","-0.83%"
"Apr 02, 2020","1,671.24","1,700.25","1,708.34","1,664.20","","-2.06%"
"Apr 01, 2020","1,706.36","1,784.86","1,784.86","1,695.38","","-5.27%"
"Mar 31, 2020","1,801.24","1,824.48","1,836.47","1,788.18","","-1.20%"
"Mar 30, 2020","1,823.19","1,806.35","1,823.19","1,773.67","","-1.67%"
"Mar 27, 2020","1,854.24","1,836.99","1,863.00","1,808.17","","+2.84%"
"Mar 26, 2020","1,803.07","1,841.10","1,841.10","1,781.11","","-3.64%"
"Mar 25, 2020","1,871.19","1,755.56","1,871.19","1,754.65","","+8.60%"
"Mar 24, 2020","1,722.96","1,689.35","1,727.56","1,689.35","","+3.81%"
"Mar 23, 2020","1,659.80","1,639.76","1,674.50","1,622.23","","+1.57%"
"Mar 19, 2020","1,634.11","1,703.61","1,720.48","1,616.10","","-2.26%"
"Mar 18, 2020","1,671.84","1,669.82","1,727.26","1,660.39","","+1.34%"
"Mar 17, 2020","1,649.71","1,584.75","1,664.87","1,551.73","","+2.50%"
"Mar 16, 2020","1,609.51","1,670.38","1,681.10","1,604.60","","-2.68%"
"Mar 13, 2020","1,653.81","1,694.53","1,712.94","1,548.25","","-4.49%"
"Mar 12, 2020","1,731.49","1,786.14","1,791.39","1,710.10","","-4.92%"
"Mar 11, 2020","1,821.17","1,876.80","1,886.85","1,820.13","","-3.58%"
"Mar 10, 2020","1,888.85","1,821.39","1,899.28","1,761.57","","+2.16%"
"Mar 09, 2020","1,848.97","1,943.26","1,943.50","1,833.99","","-6.69%"
"Mar 06, 2020","1,981.50","2,015.40","2,016.60","1,968.90","","-3.13%"
"Mar 05, 2020","2,045.42","2,044.98","2,054.95","2,034.44","","+1.55%"
"Mar 04, 2020","2,014.17","1,990.91","2,034.23","1,986.51","","-0.17%"
"Mar 03, 2020","2,017.62","2,072.51","2,082.29","2,017.62","","-1.17%"
"Mar 02, 2020","2,041.54","1,964.18","2,067.41","1,964.18","","+2.68%"
"Feb 28, 2020","1,988.20","2,035.25","2,036.12","1,973.19","","-4.13%"
"Feb 27, 2020","2,073.75","2,123.92","2,124.08","2,065.17","","-2.96%"
"Feb 26, 2020","2,137.08","2,147.74","2,156.72","2,115.32","","-1.71%"
"Feb 25, 2020","2,174.26","2,219.80","2,219.80","2,154.04","","-3.87%"
"Feb 21, 2020","2,261.72","2,269.49","2,287.54","2,261.18","","-1.08%"
"Feb 20, 2020","2,286.31","2,308.61","2,315.84","2,283.52","","-0.34%"
"Feb 19, 2020","2,294.18","2,294.14","2,306.26","2,282.75","","+0.45%"
"Feb 18, 2020","2,283.89","2,307.42","2,317.88","2,279.47","","-1.10%"
"Feb 17, 2020","2,309.29","2,319.21","2,319.21","2,297.29","","-1.41%"
"Feb 14, 2020","2,342.30","2,351.50","2,357.43","2,337.87","","-1.10%"
"Feb 13, 2020","2,368.27","2,356.27","2,368.27","2,351.61","","+0.37%"
"Feb 12, 2020","2,359.62","2,351.00","2,359.73","2,344.91","","+0.37%"
"Feb 10, 2020","2,351.02","2,347.47","2,361.66","2,346.74","","-0.55%"
"Feb 07, 2020","2,364.01","2,382.26","2,382.82","2,359.30","","-0.86%"
"Feb 06, 2020","2,384.51","2,361.89","2,389.11","2,353.37","","+1.75%"
"Feb 05, 2020","2,343.53","2,338.87","2,348.83","2,330.43","","+1.39%"
"Feb 04, 2020","2,311.49","2,283.31","2,313.09","2,282.24","","+1.06%"
"Feb 03, 2020","2,287.32","2,260.75","2,292.46","2,257.56","","-0.44%"
"Jan 31, 2020","2,297.42","2,300.28","2,316.56","2,296.85","","+0.42%"
"Jan 30, 2020","2,287.81","2,316.17","2,321.59","2,278.20","","-1.48%"
"Jan 29, 2020","2,322.29","2,320.98","2,325.94","2,310.78","","+0.31%"
"Jan 28, 2020","2,315.02","2,308.84","2,321.16","2,308.17","","-0.80%"
"Jan 27, 2020","2,333.80","2,342.87","2,343.97","2,316.82","","-2.01%"
"Jan 24, 2020","2,381.78","2,374.55","2,387.68","2,371.71","","+0.51%"
"Jan 23, 2020","2,369.78","2,372.34","2,379.94","2,365.23","","-0.58%"
"Jan 22, 2020","2,383.53","2,352.38","2,383.96","2,352.38","","+1.38%"
"Jan 21, 2020","2,351.00","2,366.64","2,369.06","2,343.98","","-0.85%"
"Jan 20, 2020","2,371.21","2,376.24","2,382.29","2,367.06","","+0.03%"
"Jan 17, 2020","2,370.55","2,381.29","2,381.47","2,364.26","","-0.11%"
"Jan 16, 2020","2,373.13","2,377.83","2,382.86","2,370.75","","+0.07%"
"Jan 15, 2020","2,371.57","2,367.76","2,375.07","2,364.82","","-0.43%"
"Jan 14, 2020","2,381.92","2,393.68","2,393.68","2,376.25","","-0.25%"
"Jan 10, 2020","2,387.93","2,380.82","2,391.77","2,377.24","","+0.36%"
"Jan 09, 2020","2,379.46","2,368.07","2,382.34","2,367.72","","+1.55%"
"Jan 08, 2020","2,343.08","2,335.46","2,354.22","2,294.86","","-1.10%"
"Jan 07, 2020","2,369.08","2,327.73","2,371.35","2,327.73","","+2.45%"
"Jan 06, 2020","2,312.46","2,314.91","2,317.59","2,307.32","","-1.16%"
"Dec 30, 2019","2,339.54","2,352.92","2,353.84","2,338.60","","-0.85%"
"Dec 27, 2019","2,359.49","2,360.19","2,366.89","2,359.49","","+0.22%"
"Dec 26, 2019","2,354.29","2,346.85","2,354.81","2,345.66","","+0.43%"
"Dec 25, 2019","2,344.31","2,349.42","2,351.16","2,342.76","","-0.18%"
"Dec 24, 2019","2,348.44","2,345.28","2,350.62","2,339.13","","+0.33%"
"Dec 23, 2019","2,340.76","2,342.58","2,345.10","2,335.59","","+0.52%"
"Dec 20, 2019","2,328.62","2,324.79","2,336.52","2,318.79","","+0.30%"
"Dec 19, 2019","2,321.64","2,329.16","2,336.67","2,318.54","","-0.79%"
"Dec 18, 2019","2,340.04","2,355.74","2,356.26","2,335.24","","-0.82%"
"Dec 17, 2019","2,359.45","2,347.83","2,359.69","2,334.04","","+0.70%"
"Dec 16, 2019","2,343.03","2,334.16","2,354.48","2,333.59","","+0.62%"
"Dec 13, 2019","2,328.57","2,342.32","2,342.32","2,326.37","","+0.55%"
"Dec 12, 2019","2,315.81","2,328.37","2,328.91","2,310.78","","-0.07%"
"Dec 11, 2019","2,317.41","2,322.29","2,324.39","2,310.67","","-0.24%"
"Dec 10, 2019","2,322.97","2,316.25","2,328.17","2,315.45","","+0.12%"
"Dec 09, 2019","2,320.24","2,327.01","2,327.31","2,311.29","","+0.21%"
"Dec 06, 2019","2,315.38","2,307.46","2,315.38","2,302.92","","+0.26%"
"Dec 05, 2019","2,309.29","2,320.88","2,320.88","2,300.02","","-0.25%"
"Dec 04, 2019","2,315.03","2,306.07","2,315.03","2,300.76","","+0.07%"
"Dec 03, 2019","2,313.36","2,289.69","2,315.46","2,285.83","","-0.21%"
"Dec 02, 2019","2,318.31","2,309.92","2,326.23","2,309.65","","+0.76%"
"Nov 29, 2019","2,300.73","2,322.75","2,322.75","2,296.32","","-0.76%"
"Nov 28, 2019","2,318.29","2,323.04","2,325.90","2,307.61","","-0.28%"
"Nov 27, 2019","2,324.71","2,325.53","2,327.73","2,320.31","","+0.17%"
"Nov 26, 2019","2,320.77","2,319.59","2,331.83","2,316.78","","+0.35%"
"Nov 25, 2019","2,312.71","2,314.33","2,319.81","2,307.67","","+0.66%"
"Nov 22, 2019","2,297.58","2,296.00","2,301.69","2,289.83","","-0.26%"
"Nov 21, 2019","2,303.52","2,295.06","2,305.01","2,269.35","","+0.32%"
"Nov 20, 2019","2,296.16","2,283.48","2,298.85","2,281.44","","+0.44%"
"Nov 19, 2019","2,286.01","2,283.05","2,293.84","2,281.54","","+0.45%"
"Nov 18, 2019","2,275.78","2,256.29","2,275.94","2,254.63","","+0.72%"
"Nov 15, 2019","2,259.62","2,240.88","2,266.55","2,240.88","","+1.12%"
"Nov 14, 2019","2,234.56","2,247.62","2,252.74","2,223.18","","-0.47%"
"Nov 13, 2019","2,245.07","2,263.87","2,269.72","2,243.05","","-1.15%"
"Nov 12, 2019","2,271.10","2,258.59","2,272.37","2,249.33","","+0.31%"
"Nov 11, 2019","2,263.97","2,256.69","2,276.86","2,256.69","","+0.72%"
"Nov 08, 2019","2,247.86","2,260.45","2,260.45","2,242.74","","-0.15%"
"Nov 07, 2019","2,251.22","2,243.24","2,251.40","2,239.04","","+0.12%"
"Nov 06, 2019","2,248.56","2,266.02","2,266.23","2,244.99","","-0.71%"
"Nov 05, 2019","2,264.62","2,246.59","2,268.50","2,241.97","","+1.43%"
"Nov 01, 2019","2,232.61","2,219.60","2,232.65","2,215.28","","+0.05%"
"Oct 31, 2019","2,231.58","2,232.71","2,245.80","2,229.37","","-0.12%"
"Oct 30, 2019","2,234.29","2,226.50","2,238.04","2,226.50","","+0.46%"
"Oct 29, 2019","2,224.10","2,225.78","2,237.90","2,222.17","","+0.37%"
"Oct 28, 2019","2,216.01","2,225.19","2,225.26","2,212.50","","-0.52%"
"Oct 25, 2019","2,227.50","2,221.55","2,230.60","2,220.38","","+0.33%"
"Oct 24, 2019","2,220.26","2,228.54","2,230.65","2,218.38","","-0.21%"
"Oct 23, 2019","2,224.95","2,216.88","2,226.37","2,198.57","","+0.39%"
"Oct 21, 2019","2,216.20","2,196.50","2,219.26","2,196.50","","+1.20%"
"Oct 18, 2019","2,190.02","2,189.47","2,202.66","2,185.33","","+0.14%"
"Oct 17, 2019","2,187.02","2,190.12","2,201.89","2,187.02","","-0.48%"
"Oct 16, 2019","2,197.67","2,203.78","2,212.31","2,195.01","","+0.32%"
"Oct 15, 2019","2,190.63","2,194.31","2,200.11","2,184.79","","+0.75%"
"Oct 11, 2019","2,174.30","2,182.18","2,182.18","2,167.30","","-0.13%"
"Oct 10, 2019","2,177.21","2,191.30","2,193.74","2,166.12","","-0.71%"
"Oct 09, 2019","2,192.68","2,181.98","2,195.26","2,180.86","","-0.47%"
"Oct 08, 2019","2,203.07","2,194.67","2,205.28","2,193.63","","+0.84%"
"Oct 07, 2019","2,184.64","2,179.85","2,185.30","2,175.26","","+0.55%"
"Oct 04, 2019","2,172.77","2,151.91","2,172.77","2,148.26","","+0.77%"
"Oct 03, 2019","2,156.17","2,155.93","2,160.63","2,145.83","","-1.53%"
"Oct 02, 2019","2,189.64","2,186.58","2,192.33","2,180.98","","-0.35%"
"Oct 01, 2019","2,197.25","2,180.68","2,199.41","2,177.65","","+1.11%"
"Sep 30, 2019","2,173.15","2,157.78","2,173.15","2,150.74","","+0.13%"
"Sep 27, 2019","2,170.26","2,178.06","2,180.01","2,151.00","","-0.88%"
"Sep 26, 2019","2,189.60","2,215.70","2,215.70","2,184.60","","-0.58%"
"Sep 25, 2019","2,202.41","2,199.96","2,208.34","2,196.95","","-0.18%"
"Sep 24, 2019","2,206.40","2,199.17","2,218.16","2,199.17","","+0.67%"
"Sep 20, 2019","2,191.67","2,205.00","2,205.00","2,187.73","","+0.23%"
"Sep 19, 2019","2,186.71","2,166.69","2,193.83","2,164.40","","+1.61%"
"Sep 18, 2019","2,152.00","2,150.99","2,156.78","2,142.84","","+0.41%"
"Sep 17, 2019","2,143.30","2,140.72","2,151.79","2,136.50","","+0.12%"
"Sep 13, 2019","2,140.68","2,115.74","2,143.04","2,115.29","","+1.36%"
"Sep 12, 2019","2,111.87","2,110.35","2,117.79","2,104.47","","+0.39%"
"Sep 11, 2019","2,103.68","2,080.82","2,103.68","2,068.40","","+0.68%"
"Sep 10, 2019","2,089.49","2,125.13","2,125.13","2,089.49","","-1.94%"
"Sep 09, 2019","2,130.79","2,109.70","2,132.01","2,105.39","","+1.08%"
"Sep 06, 2019","2,108.07","2,107.31","2,110.13","2,098.88","","-0.04%"
"Sep 05, 2019","2,108.87","2,092.00","2,117.61","2,089.23","","+1.43%"
"Sep 04, 2019","2,079.08","2,080.95","2,083.20","2,071.43","","-0.39%"
"Sep 03, 2019","2,087.21","2,071.30","2,090.66","2,068.82","","+0.54%"
"Sep 02, 2019","2,076.03","2,090.75","2,093.09","2,075.55","","-0.93%"
"Aug 30, 2019","2,095.59","2,081.94","2,096.03","2,075.33","","+1.44%"
"Aug 29, 2019","2,065.76","2,081.98","2,084.76","2,044.78","","-1.11%"
"Aug 28, 2019","2,089.02","2,093.15","2,097.73","2,086.52","","-0.17%"
"Aug 27, 2019","2,092.53","2,102.21","2,102.21","2,086.67","","+0.26%"
"Aug 26, 2019","2,087.16","2,074.90","2,090.18","2,068.90","","-1.21%"
"Aug 23, 2019","2,112.76","2,104.34","2,113.62","2,104.34","","+0.19%"
"Aug 22, 2019","2,108.74","2,115.54","2,118.87","2,102.35","","+0.07%"
"Aug 21, 2019","2,107.16","2,097.70","2,108.20","2,095.38","","-0.44%"
"Aug 20, 2019","2,116.43","2,085.83","2,116.43","2,081.99","","+1.43%"
"Aug 19, 2019","2,086.55","2,094.64","2,100.89","2,074.97","","-0.26%"
"Aug 16, 2019","2,092.02","2,085.84","2,100.52","2,070.39","","-0.23%"
"Aug 15, 2019","2,096.75","2,086.68","2,097.58","2,074.17","","-1.27%"
"Aug 14, 2019","2,123.77","2,123.79","2,123.99","2,110.50","","+0.48%"
"Aug 13, 2019","2,113.64","2,119.84","2,127.63","2,110.91","","-1.26%"
"Aug 09, 2019","2,140.69","2,148.21","2,153.10","2,137.90","","+0.59%"
"Aug 08, 2019","2,128.09","2,130.89","2,142.63","2,120.71","","+0.02%"
"Aug 07, 2019","2,127.64","2,115.62","2,132.31","2,109.25","","+0.47%"
"Aug 06, 2019","2,117.78","2,079.59","2,118.50","2,056.64","","-0.22%"
"Aug 05, 2019","2,122.43","2,134.39","2,142.87","2,096.96","","-1.53%"
"Aug 02, 2019","2,155.43","2,157.44","2,165.79","2,138.73","","-1.51%"
"Aug 01, 2019","2,188.39","2,158.62","2,188.39","2,152.66","","+0.67%"
"Jul 31, 2019","2,173.90","2,161.15","2,180.75","2,160.24","","-0.19%"
"Jul 30, 2019","2,178.14","2,174.41","2,184.80","2,168.68","","+0.41%"
"Jul 29, 2019","2,169.16","2,163.85","2,169.32","2,158.50","","+0.30%"
"Jul 26, 2019","2,162.68","2,162.95","2,170.40","2,151.78","","+0.05%"
"Jul 25, 2019","2,161.50","2,147.93","2,166.33","2,146.25","","+0.40%"
"Jul 24, 2019","2,152.97","2,155.46","2,155.46","2,133.72","","+0.43%"
"Jul 23, 2019","2,143.79","2,121.61","2,147.63","2,120.38","","+1.12%"
"Jul 22, 2019","2,120.11","2,127.93","2,128.81","2,111.57","","-0.56%"
"Jul 19, 2019","2,132.04","2,102.62","2,132.04","2,101.74","","+1.98%"
"Jul 18, 2019","2,090.60","2,136.28","2,136.28","2,085.51","","-2.60%"
"Jul 17, 2019","2,146.49","2,140.76","2,148.04","2,131.76","","+0.11%"
"Jul 16, 2019","2,144.04","2,151.45","2,152.44","2,139.71","","-0.58%"
"Jul 12, 2019","2,156.61","2,176.84","2,177.02","2,155.66","","-0.85%"
"Jul 11, 2019","2,175.05","2,170.30","2,178.09","2,167.68","","+0.67%"
"Jul 10, 2019","2,160.63","2,158.79","2,169.31","2,155.51","","-0.60%"
"Jul 09, 2019","2,173.75","2,182.95","2,188.12","2,171.89","","-0.05%"
"Jul 08, 2019","2,174.92","2,183.29","2,193.56","2,171.53","","-0.91%"
"Jul 05, 2019","2,194.82","2,189.91","2,194.82","2,180.78","","-0.37%"
"Jul 04, 2019","2,202.96","2,202.86","2,208.89","2,197.69","","+0.38%"
"Jul 03, 2019","2,194.52","2,192.19","2,197.19","2,184.21","","-0.08%"
"Jul 02, 2019","2,196.37","2,187.48","2,196.87","2,184.99","","+0.56%"
"Jul 01, 2019","2,184.08","2,174.48","2,185.46","2,165.29","","+1.58%"
"Jun 28, 2019","2,150.21","2,147.80","2,154.55","2,139.25","","-0.02%"
"Jun 27, 2019","2,150.74","2,140.72","2,150.74","2,131.39","","+0.63%"
"Jun 26, 2019","2,137.28","2,144.20","2,145.88","2,132.48","","-0.97%"
"Jun 25, 2019","2,158.27","2,159.36","2,173.18","2,152.36","","-0.28%"
"Jun 24, 2019","2,164.32","2,153.60","2,165.86","2,145.87","","+0.50%"
"Jun 21, 2019","2,153.57","2,178.27","2,178.27","2,149.59","","-1.30%"
"Jun 20, 2019","2,181.87","2,170.08","2,185.73","2,169.69","","+0.95%"
"Jun 19, 2019","2,161.42","2,161.48","2,163.64","2,149.98","","+0.89%"
"Jun 18, 2019","2,142.26","2,162.27","2,171.19","2,137.50","","-0.57%"
"Jun 17, 2019","2,154.52","2,155.07","2,159.19","2,151.41","","-0.29%"
"Jun 14, 2019","2,160.87","2,150.91","2,160.87","2,137.47","","+0.62%"
"Jun 13, 2019","2,147.63","2,139.93","2,154.32","2,134.14","","-0.06%"
"Jun 12, 2019","2,149.01","2,157.69","2,168.27","2,149.01","","-0.28%"
"Jun 11, 2019","2,155.04","2,145.50","2,155.07","2,139.86","","+0.27%"
"Jun 10, 2019","2,149.32","2,138.79","2,153.53","2,135.07","","+1.52%"
"Jun 07, 2019","2,117.19","2,117.05","2,117.91","2,102.84","","+0.52%"
"Jun 06, 2019","2,106.20","2,107.14","2,119.60","2,099.88","","-0.16%"
"Jun 05, 2019","2,109.54","2,087.92","2,109.54","2,084.35","","+2.53%"
"Jun 04, 2019","2,057.49","2,106.07","2,106.75","2,053.47","","-2.51%"
"Jun 03, 2019","2,110.51","2,100.15","2,110.51","2,092.31","","-0.45%"
"May 31, 2019","2,120.13","2,126.58","2,135.15","2,118.68","","-0.96%"
"May 30, 2019","2,140.64","2,161.71","2,163.24","2,127.96","","-1.62%"
"May 29, 2019","2,175.95","2,170.21","2,179.88","2,154.68","","-0.44%"
"May 28, 2019","2,185.62","2,176.14","2,185.64","2,173.06","","+0.76%"
"May 27, 2019","2,169.23","2,161.39","2,171.40","2,157.22","","+0.37%"
"May 24, 2019","2,161.19","2,136.87","2,161.19","2,131.26","","+0.11%"
"May 23, 2019","2,158.81","2,155.67","2,170.53","2,154.10","","+0.44%"
"May 22, 2019","2,149.28","2,159.32","2,165.20","2,148.54","","-0.22%"
"May 21, 2019","2,154.10","2,148.60","2,155.53","2,146.58","","+0.09%"
"May 20, 2019","2,152.26","2,153.55","2,163.90","2,148.63","","-0.05%"
"May 17, 2019","2,153.31","2,138.13","2,164.14","2,133.84","","+1.63%"
"May 16, 2019","2,118.70","2,095.12","2,118.70","2,084.06","","+1.23%"
"May 15, 2019","2,092.98","2,096.36","2,096.36","2,068.71","","+0.56%"
"May 14, 2019","2,081.37","2,073.86","2,083.39","2,052.68","","-1.13%"
"May 13, 2019","2,105.08","2,106.28","2,121.23","2,101.30","","-0.17%"
"May 10, 2019","2,108.62","2,100.67","2,128.82","2,093.97","","+0.48%"
"May 09, 2019","2,098.49","2,131.75","2,132.49","2,093.24","","-1.53%"
"May 08, 2019","2,131.05","2,127.11","2,136.81","2,122.14","","-0.70%"
"May 07, 2019","2,146.04","2,153.18","2,158.73","2,138.69","","-0.09%"
"Apr 26, 2019","2,148.03","2,133.97","2,150.72","2,122.87","","+0.14%"
"Apr 25, 2019","2,145.02","2,133.68","2,148.43","2,128.52","","+0.54%"
"Apr 24, 2019","2,133.59","2,123.27","2,147.69","2,123.27","","+0.88%"
"Apr 23, 2019","2,115.02","2,102.66","2,115.97","2,098.68","","+0.58%"
"Apr 22, 2019","2,102.82","2,093.06","2,106.63","2,087.35","","+0.16%"
"Apr 19, 2019","2,099.54","2,098.70","2,107.09","2,095.53","","+0.38%"
"Apr 18, 2019","2,091.54","2,111.63","2,114.23","2,088.01","","-1.01%"
"Apr 17, 2019","2,112.86","2,107.42","2,115.71","2,100.94","","+0.33%"
"Apr 16, 2019","2,105.87","2,108.19","2,115.36","2,104.12","","-0.41%"
"Apr 15, 2019","2,114.55","2,123.00","2,127.30","2,110.46","","+1.07%"
"Apr 12, 2019","2,092.07","2,086.43","2,092.07","2,075.99","","+0.71%"
"Apr 11, 2019","2,077.31","2,083.30","2,087.27","2,071.74","","-0.07%"
"Apr 10, 2019","2,078.74","2,075.71","2,087.71","2,071.65","","-0.55%"
"Apr 09, 2019","2,090.31","2,088.09","2,090.31","2,077.71","","+0.10%"
"Apr 08, 2019","2,088.25","2,086.70","2,093.32","2,081.60","","+0.15%"
"Apr 05, 2019","2,085.10","2,089.52","2,096.32","2,080.15","","+0.12%"
"Apr 04, 2019","2,082.55","2,086.61","2,094.42","2,078.56","","-0.39%"
"Apr 03, 2019","2,090.75","2,088.03","2,093.28","2,070.91","","+0.45%"
"Apr 02, 2019","2,081.44","2,127.96","2,127.96","2,079.74","","-1.49%"
"Apr 01, 2019","2,112.98","2,125.79","2,127.09","2,108.61","","+0.57%"
"Mar 29, 2019","2,100.93","2,104.71","2,107.43","2,088.05","","+0.79%"
"Mar 28, 2019","2,084.51","2,098.71","2,098.71","2,077.18","","-1.54%"
"Mar 27, 2019","2,117.04","2,110.97","2,118.04","2,104.58","","+0.50%"
"Mar 26, 2019","2,106.43","2,072.91","2,109.88","2,072.91","","+2.74%"
"Mar 25, 2019","2,050.25","2,075.83","2,076.35","2,042.63","","-2.57%"
"Mar 22, 2019","2,104.28","2,097.17","2,104.46","2,091.76","","+0.40%"
"Mar 20, 2019","2,095.99","2,080.80","2,095.99","2,078.25","","+0.76%"
"Mar 19, 2019","2,080.26","2,090.29","2,090.29","2,069.88","","-0.46%"
"Mar 18, 2019","2,089.86","2,081.44","2,090.09","2,077.40","","+0.70%"
"Mar 15, 2019","2,075.32","2,066.68","2,081.89","2,065.83","","+0.81%"
"Mar 14, 2019","2,058.69","2,074.24","2,075.94","2,058.57","","-0.08%"
"Mar 13, 2019","2,060.43","2,062.47","2,073.23","2,050.83","","-0.02%"
"Mar 12, 2019","2,060.86","2,052.55","2,071.37","2,051.86","","+1.56%"
"Mar 11, 2019","2,029.25","2,032.67","2,035.10","2,009.36","","-0.25%"
"Mar 08, 2019","2,034.43","2,052.49","2,052.87","2,027.67","","-2.03%"
"Mar 07, 2019","2,076.57","2,086.42","2,087.23","2,070.92","","-1.04%"
"Mar 06, 2019","2,098.41","2,096.76","2,099.97","2,092.78","","+0.36%"
"Mar 05, 2019","2,090.84","2,089.54","2,096.40","2,081.40","","-0.31%"
"Mar 04, 2019","2,097.40","2,096.79","2,101.22","2,091.31","","+0.87%"
"Mar 01, 2019","2,079.31","2,080.23","2,089.78","2,077.43","","+0.32%"
"Feb 28, 2019","2,072.60","2,073.98","2,083.76","2,071.49","","+0.06%"
"Feb 27, 2019","2,071.44","2,078.13","2,080.20","2,070.86","","0.00%"
"Feb 26, 2019","2,071.51","2,077.49","2,081.39","2,065.17","","+0.12%"
"Feb 25, 2019","2,069.01","2,062.83","2,070.86","2,058.79","","+0.77%"
"Feb 22, 2019","2,053.14","2,059.07","2,061.71","2,052.72","","-0.50%"
"Feb 21, 2019","2,063.37","2,061.27","2,070.88","2,048.37","","+0.25%"
"Feb 20, 2019","2,058.29","2,051.87","2,063.52","2,046.20","","+0.69%"
"Feb 19, 2019","2,044.14","2,039.84","2,049.30","2,036.18","","+0.43%"
"Feb 18, 2019","2,035.34","2,025.66","2,035.59","2,022.09","","+1.81%"
"Feb 15, 2019","1,999.13","2,016.94","2,016.94","1,992.26","","-1.74%"
"Feb 14, 2019","2,034.44","2,040.39","2,041.38","2,025.93","","-0.64%"
"Feb 13, 2019","2,047.58","2,029.08","2,050.07","2,029.08","","+1.96%"
"Feb 12, 2019","2,008.31","1,975.97","2,010.81","1,971.89","","+2.43%"
"Feb 08, 2019","1,960.67","1,964.17","1,971.66","1,954.14","","-1.11%"
"Feb 07, 2019","1,982.69","2,003.82","2,003.82","1,973.11","","-1.38%"
"Feb 06, 2019","2,010.34","2,018.52","2,020.68","2,007.39","","-0.07%"
"Feb 05, 2019","2,011.72","2,018.84","2,022.24","2,004.99","","+0.21%"
"Feb 04, 2019","2,007.49","1,990.49","2,013.03","1,990.49","","+1.50%"
"Feb 01, 2019","1,977.91","1,970.79","1,987.14","1,970.79","","+0.46%"
"Jan 31, 2019","1,968.79","1,968.57","1,980.19","1,962.92","","+1.37%"
"Jan 30, 2019","1,942.25","1,949.69","1,951.51","1,939.12","","-0.43%"
"Jan 29, 2019","1,950.69","1,935.01","1,952.60","1,926.01","","+0.49%"
"Jan 28, 2019","1,941.10","1,950.85","1,956.65","1,940.04","","-0.30%"
"Jan 25, 2019","1,947.01","1,943.03","1,957.55","1,942.22","","+0.09%"
"Jan 24, 2019","1,945.24","1,941.06","1,946.29","1,928.13","","-0.26%"
"Jan 23, 2019","1,950.36","1,944.68","1,963.51","1,939.46","","-0.38%"
"Jan 22, 2019","1,957.84","1,969.23","1,973.07","1,953.02","","-0.44%"
"Jan 21, 2019","1,966.43","1,992.61","1,992.61","1,963.53","","-0.60%"
"Jan 18, 2019","1,978.38","1,961.75","1,982.49","1,961.75","","+0.84%"
"Jan 17, 2019","1,961.92","1,963.65","1,966.84","1,949.73","","+0.41%"
"Jan 16, 2019","1,953.94","1,955.95","1,962.01","1,942.39","","+0.23%"
"Jan 15, 2019","1,949.40","1,927.57","1,954.18","1,920.23","","+0.54%"
"Jan 11, 2019","1,938.99","1,949.22","1,952.52","1,936.33","","+0.20%"
"Jan 10, 2019","1,935.14","1,931.54","1,939.97","1,926.81","","-0.45%"
"Jan 09, 2019","1,943.82","1,938.59","1,957.66","1,938.00","","+1.55%"
"Jan 08, 2019","1,914.20","1,931.27","1,933.44","1,910.48","","0.00%"
"Jan 07, 2019","1,914.24","1,880.45","1,917.93","1,876.75","","+3.72%"
"Jan 04, 2019","1,845.65","1,844.08","1,847.22","1,824.14","","-1.54%"
"Dec 28, 2018","1,874.49","1,887.30","1,888.49","1,859.19","","-1.53%"
"Dec 27, 2018","1,903.71","1,842.84","1,911.37","1,842.84","","+5.47%"
"Dec 26, 2018","1,804.97","1,794.74","1,824.17","1,774.07","","+1.60%"
"Dec 25, 2018","1,776.52","1,842.21","1,842.21","1,773.62","","-5.53%"
"Dec 21, 2018","1,880.54","1,903.49","1,903.49","1,860.00","","-1.06%"
"Dec 20, 2018","1,900.62","1,933.51","1,945.54","1,890.77","","-2.67%"
"Dec 19, 2018","1,952.76","1,954.60","1,961.60","1,937.01","","-0.24%"
"Dec 18, 2018","1,957.47","2,000.84","2,001.03","1,957.47","","-3.44%"
"Dec 17, 2018","2,027.15","2,025.72","2,036.16","2,014.95","","-0.24%"
"Dec 14, 2018","2,032.05","2,068.61","2,071.07","2,031.88","","-2.10%"
"Dec 13, 2018","2,075.65","2,077.82","2,081.37","2,053.33","","+0.72%"
"Dec 12, 2018","2,060.91","2,036.59","2,063.43","2,033.14","","+2.49%"
"Dec 11, 2018","2,010.76","2,029.48","2,030.70","2,009.59","","-0.45%"
"Dec 10, 2018","2,019.86","2,040.65","2,042.08","2,014.78","","-2.80%"
"Dec 07, 2018","2,078.03","2,057.60","2,081.28","2,054.28","","+1.91%"
"Dec 06, 2018","2,039.03","2,071.86","2,075.60","2,028.73","","-2.33%"
"Dec 05, 2018","2,087.72","2,059.99","2,096.67","2,059.71","","-0.07%"
"Dec 04, 2018","2,089.18","2,140.13","2,148.71","2,088.62","","-2.89%"
"Dec 03, 2018","2,151.39","2,146.02","2,156.07","2,134.35","","+1.43%"
"Nov 30, 2018","2,121.14","2,100.63","2,122.28","2,094.28","","+0.88%"
"Nov 29, 2018","2,102.57","2,086.19","2,115.72","2,086.19","","+1.86%"
"Nov 28, 2018","2,064.20","2,040.81","2,065.50","2,039.82","","+1.85%"
"Nov 27, 2018","2,026.75","2,036.46","2,037.73","2,020.86","","+0.51%"
"Nov 26, 2018","2,016.50","2,025.94","2,030.61","2,010.18","","-0.58%"
"Nov 22, 2018","2,028.36","2,010.12","2,030.85","2,000.91","","+1.63%"
"Nov 21, 2018","1,995.82","1,984.28","2,001.41","1,970.66","","-1.03%"
"Nov 20, 2018","2,016.59","2,040.31","2,042.02","2,015.09","","-2.29%"
"Nov 19, 2018","2,063.94","2,041.65","2,067.05","2,040.48","","+0.84%"
"Nov 16, 2018","2,046.74","2,065.59","2,074.48","2,045.12","","-0.53%"
"Nov 15, 2018","2,057.57","2,016.18","2,058.04","2,016.09","","+1.84%"
"Nov 14, 2018","2,020.31","2,051.42","2,068.66","2,011.94","","-1.14%"
"Nov 13, 2018","2,043.69","2,043.41","2,046.19","2,018.22","","-1.82%"
"Nov 12, 2018","2,081.64","2,098.34","2,108.17","2,079.65","","-0.99%"
"Nov 09, 2018","2,102.51","2,129.59","2,129.88","2,098.98","","-1.14%"
"Nov 08, 2018","2,126.78","2,112.18","2,131.91","2,108.92","","+2.44%"
"Nov 07, 2018","2,076.10","2,073.31","2,093.86","2,068.35","","+0.31%"
"Nov 06, 2018","2,069.66","2,057.77","2,072.44","2,053.69","","+0.98%"
"Nov 05, 2018","2,049.58","2,055.17","2,065.55","2,047.17","","-0.92%"
"Nov 02, 2018","2,068.55","2,043.10","2,069.31","2,037.24","","+1.51%"
"Nov 01, 2018","2,037.84","2,054.77","2,057.26","2,028.44","","-0.53%"
"Oct 31, 2018","2,048.72","2,000.63","2,048.72","1,997.88","","+3.41%"
"Oct 30, 2018","1,981.19","1,926.60","1,990.38","1,926.60","","+2.56%"
"Oct 29, 2018","1,931.76","1,979.67","1,991.72","1,930.21","","-2.35%"
"Oct 26, 2018","1,978.31","2,034.69","2,039.20","1,968.65","","-2.49%"
"Oct 25, 2018","2,028.89","2,080.93","2,081.52","2,025.46","","-4.41%"
"Oct 24, 2018","2,122.50","2,130.09","2,136.74","2,099.58","","+0.05%"
"Oct 23, 2018","2,121.40","2,156.24","2,156.24","2,120.10","","-2.14%"
"Oct 22, 2018","2,167.69","2,152.71","2,173.92","2,136.31","","+0.12%"
"Oct 19, 2018","2,165.15","2,143.68","2,166.90","2,135.94","","-0.31%"
"Oct 18, 2018","2,171.80","2,192.41","2,194.32","2,168.65","","-0.34%"
"Oct 17, 2018","2,179.16","2,158.21","2,179.16","2,156.46","","+2.03%"
"Oct 16, 2018","2,135.86","2,139.90","2,150.40","2,121.69","","-0.61%"
"Oct 15, 2018","2,149.01","2,174.47","2,176.61","2,148.57","","-1.48%"
"Oct 12, 2018","2,181.24","2,156.07","2,185.89","2,156.07","","+0.46%"
"Oct 11, 2018","2,171.31","2,206.83","2,209.00","2,163.81","","-3.58%"
"Oct 10, 2018","2,251.98","2,256.90","2,268.03","2,236.95","","+0.35%"
"Oct 09, 2018","2,244.17","2,261.51","2,262.02","2,235.02","","-1.46%"
"Oct 05, 2018","2,277.48","2,280.65","2,287.49","2,275.05","","-0.31%"
"Oct 04, 2018","2,284.53","2,315.65","2,315.65","2,281.14","","-1.08%"
"Oct 03, 2018","2,309.50","2,324.80","2,331.87","2,308.84","","-0.73%"
"Oct 02, 2018","2,326.46","2,336.78","2,340.78","2,321.15","","-0.08%"
"Oct 01, 2018","2,328.40","2,319.54","2,336.65","2,312.63","","+0.24%"
"Sep 28, 2018","2,322.91","2,317.53","2,331.33","2,313.32","","+1.01%"
"Sep 27, 2018","2,299.61","2,325.27","2,340.79","2,299.08","","-1.76%"
"Sep 26, 2018","2,340.70","2,326.68","2,342.21","2,320.92","","+0.57%"
"Sep 25, 2018","2,327.52","2,298.51","2,327.52","2,296.74","","+1.76%"
"Sep 21, 2018","2,287.27","2,286.47","2,301.06","2,281.06","","+0.42%"
"Sep 20, 2018","2,277.81","2,280.95","2,282.42","2,262.79","","+0.01%"
"Sep 19, 2018","2,277.64","2,259.39","2,281.49","2,256.88","","+2.01%"
"Sep 18, 2018","2,232.66","2,207.87","2,240.77","2,205.31","","+0.84%"
"Sep 14, 2018","2,214.14","2,213.65","2,232.19","2,207.74","","+0.62%"
"Sep 13, 2018","2,200.52","2,196.29","2,219.71","2,196.22","","+0.31%"
"Sep 12, 2018","2,193.65","2,197.89","2,204.36","2,179.28","","-0.27%"
"Sep 11, 2018","2,199.49","2,196.11","2,202.24","2,184.95","","+0.70%"
"Sep 10, 2018","2,184.10","2,182.54","2,192.18","2,178.70","","-0.22%"
"Sep 07, 2018","2,188.93","2,183.72","2,194.32","2,178.30","","-0.27%"
"Sep 06, 2018","2,194.90","2,196.82","2,202.98","2,185.13","","-0.54%"
"Sep 05, 2018","2,206.90","2,210.12","2,214.81","2,201.64","","-0.48%"
"Sep 04, 2018","2,217.50","2,220.80","2,230.44","2,209.41","","-0.07%"
"Sep 03, 2018","2,219.12","2,221.41","2,226.06","2,212.97","","-0.21%"
"Aug 31, 2018","2,223.84","2,206.50","2,229.09","2,205.23","","+0.62%"
"Aug 30, 2018","2,210.14","2,212.00","2,217.35","2,199.54","","+0.36%"
"Aug 29, 2018","2,202.25","2,200.30","2,219.62","2,200.30","","+0.03%"
"Aug 28, 2018","2,201.60","2,221.21","2,222.70","2,201.60","","-0.46%"
"Aug 27, 2018","2,211.83","2,200.25","2,212.27","2,196.97","","+1.01%"
"Aug 24, 2018","2,189.80","2,159.00","2,190.59","2,154.71","","+2.05%"
"Aug 23, 2018","2,145.90","2,129.59","2,149.07","2,128.36","","+1.09%"
"Aug 22, 2018","2,122.69","2,105.39","2,123.27","2,103.66","","+0.68%"
"Aug 21, 2018","2,108.39","2,110.91","2,120.81","2,103.97","","-0.92%"
"Aug 20, 2018","2,128.02","2,135.23","2,139.73","2,120.33","","-0.41%"
"Aug 17, 2018","2,136.79","2,146.71","2,154.48","2,136.08","","-0.02%"
"Aug 16, 2018","2,137.19","2,145.30","2,149.40","2,129.04","","-1.11%"
"Aug 15, 2018","2,161.10","2,167.38","2,167.41","2,151.44","","-0.36%"
"Aug 14, 2018","2,168.93","2,150.15","2,168.93","2,135.88","","+1.54%"
"Aug 13, 2018","2,136.13","2,135.62","2,168.36","2,134.01","","+0.49%"
"Aug 10, 2018","2,125.75","2,144.72","2,147.88","2,122.68","","-0.64%"
"Aug 09, 2018","2,139.41","2,134.85","2,144.83","2,129.74","","+0.04%"
"Aug 08, 2018","2,138.59","2,154.02","2,162.30","2,138.52","","-0.59%"
"Aug 07, 2018","2,151.28","2,131.57","2,151.28","2,128.11","","+1.27%"
"Aug 06, 2018","2,124.24","2,124.44","2,138.90","2,122.55","","-0.30%"
"Aug 03, 2018","2,130.71","2,145.90","2,146.81","2,129.07","","-0.84%"
"Aug 02, 2018","2,148.75","2,158.10","2,174.32","2,146.64","","-0.14%"
"Aug 01, 2018","2,151.70","2,154.94","2,162.11","2,147.06","","+0.13%"
"Jul 31, 2018","2,148.98","2,143.26","2,154.32","2,125.01","","-0.21%"
"Jul 30, 2018","2,153.55","2,167.41","2,167.92","2,153.12","","-1.40%"
"Jul 27, 2018","2,184.13","2,178.12","2,184.13","2,167.80","","+0.48%"
"Jul 26, 2018","2,173.61","2,171.77","2,180.75","2,164.57","","+0.80%"
"Jul 25, 2018","2,156.30","2,158.80","2,161.50","2,153.59","","+0.05%"
"Jul 24, 2018","2,155.33","2,169.52","2,169.52","2,152.49","","-0.34%"
"Jul 23, 2018","2,162.79","2,165.20","2,175.27","2,159.21","","-0.42%"
"Jul 20, 2018","2,171.95","2,170.82","2,177.43","2,154.74","","-0.34%"
"Jul 19, 2018","2,179.30","2,184.34","2,194.82","2,174.74","","-0.07%"
"Jul 18, 2018","2,180.91","2,190.33","2,195.64","2,176.08","","-0.04%"
"Jul 17, 2018","2,181.77","2,163.62","2,188.87","2,160.73","","+1.02%"
"Jul 13, 2018","2,159.67","2,127.49","2,162.52","2,123.78","","+2.30%"
"Jul 12, 2018","2,111.10","2,113.94","2,134.64","2,111.00","","+0.42%"
"Jul 11, 2018","2,102.29","2,112.29","2,122.06","2,087.10","","-1.44%"
"Jul 10, 2018","2,133.11","2,147.71","2,154.96","2,133.11","","-0.11%"
"Jul 09, 2018","2,135.40","2,109.68","2,138.69","2,105.22","","+1.71%"
"Jul 06, 2018","2,099.58","2,097.85","2,107.96","2,079.68","","+0.03%"
"Jul 05, 2018","2,098.91","2,118.74","2,124.54","2,090.21","","-0.80%"
"Jul 04, 2018","2,115.84","2,097.97","2,122.76","2,083.77","","-0.08%"
"Jul 03, 2018","2,117.64","2,124.30","2,147.22","2,101.63","","+0.08%"
"Jul 02, 2018","2,115.92","2,164.50","2,167.14","2,113.64","","-2.49%"
"Jun 29, 2018","2,169.87","2,168.78","2,171.94","2,151.38","","+0.42%"
"Jun 28, 2018","2,160.89","2,160.37","2,162.53","2,135.60","","-0.18%"
"Jun 27, 2018","2,164.70","2,147.78","2,173.69","2,147.78","","+0.54%"
"Jun 26, 2018","2,153.02","2,160.07","2,163.62","2,142.96","","-1.16%"
"Jun 25, 2018","2,178.22","2,203.40","2,203.40","2,173.41","","-1.06%"
"Jun 22, 2018","2,201.66","2,192.75","2,206.35","2,192.42","","-0.04%"
"Jun 21, 2018","2,202.51","2,188.82","2,210.90","2,184.86","","+0.61%"
"Jun 20, 2018","2,189.21","2,177.27","2,191.32","2,157.33","","+0.92%"
"Jun 19, 2018","2,169.19","2,205.59","2,213.16","2,169.19","","-1.92%"
"Jun 18, 2018","2,211.63","2,213.81","2,215.88","2,195.91","","-0.19%"
"Jun 15, 2018","2,215.81","2,216.47","2,223.83","2,211.78","","+0.47%"
"Jun 14, 2018","2,205.54","2,217.20","2,221.77","2,205.54","","-0.68%"
"Jun 13, 2018","2,220.64","2,201.38","2,223.39","2,198.41","","+1.30%"
"Jun 12, 2018","2,192.09","2,181.45","2,196.93","2,174.49","","+1.42%"
"Jun 11, 2018","2,161.36","2,147.40","2,165.11","2,146.13","","+0.84%"
"Jun 08, 2018","2,143.41","2,130.77","2,150.82","2,129.56","","+0.49%"
"Jun 07, 2018","2,132.98","2,136.81","2,138.55","2,123.31","","+0.04%"
"Jun 06, 2018","2,132.19","2,141.29","2,141.29","2,125.00","","-0.32%"
"Jun 05, 2018","2,139.11","2,146.02","2,146.99","2,135.24","","-0.09%"
"Jun 04, 2018","2,140.97","2,143.32","2,150.30","2,137.61","","+0.41%"
"Jun 01, 2018","2,132.31","2,126.51","2,145.53","2,124.06","","+0.05%"
"May 31, 2018","2,131.31","2,126.39","2,135.33","2,117.29","","+1.00%"
"May 30, 2018","2,110.23","2,115.12","2,121.13","2,106.02","","-1.17%"
"May 29, 2018","2,135.21","2,141.86","2,143.89","2,126.13","","-0.40%"
"May 28, 2018","2,143.73","2,146.82","2,149.83","2,139.51","","-0.20%"
"May 25, 2018","2,148.10","2,139.30","2,153.86","2,132.17","","+0.14%"
"May 24, 2018","2,145.09","2,148.77","2,154.15","2,138.91","","-0.10%"
"May 23, 2018","2,147.23","2,139.79","2,155.32","2,131.06","","+0.47%"
"May 22, 2018","2,137.14","2,142.45","2,142.64","2,131.53","","-0.26%"
"May 21, 2018","2,142.68","2,138.06","2,151.32","2,137.32","","+0.40%"
"May 18, 2018","2,134.14","2,131.24","2,136.50","2,121.13","","+0.33%"
"May 17, 2018","2,127.18","2,131.32","2,133.12","2,118.16","","+0.01%"
"May 16, 2018","2,126.97","2,112.90","2,132.59","2,110.79","","+0.53%"
"May 15, 2018","2,115.84","2,130.36","2,135.41","2,102.08","","-0.80%"
"May 14, 2018","2,132.91","2,118.25","2,136.23","2,114.81","","+0.75%"
"May 11, 2018","2,117.04","2,111.97","2,118.09","2,103.76","","+0.12%"
"May 10, 2018","2,114.47","2,121.54","2,125.89","2,109.03","","-0.21%"
"May 09, 2018","2,118.83","2,113.57","2,125.69","2,107.01","","+0.20%"
"May 08, 2018","2,114.56","2,095.30","2,115.89","2,089.57","","+0.87%"
"May 07, 2018","2,096.30","2,090.35","2,097.61","2,081.52","","+0.64%"
"May 02, 2018","2,082.89","2,069.83","2,083.07","2,063.66","","+1.00%"
"May 01, 2018","2,062.25","2,051.09","2,065.01","2,047.19","","+0.26%"
"Apr 27, 2018","2,056.80","2,058.87","2,064.48","2,050.96","","+0.37%"
"Apr 26, 2018","2,049.29","2,053.48","2,055.90","2,035.01","","-0.35%"
"Apr 25, 2018","2,056.59","2,053.66","2,062.43","2,049.87","","-0.43%"
"Apr 24, 2018","2,065.55","2,060.73","2,066.91","2,056.79","","+0.66%"
"Apr 23, 2018","2,051.95","2,059.96","2,065.62","2,048.57","","-0.36%"
"Apr 20, 2018","2,059.45","2,057.14","2,071.25","2,053.43","","+0.42%"
"Apr 19, 2018","2,050.86","2,084.87","2,084.87","2,049.73","","-1.22%"
"Apr 18, 2018","2,076.09","2,052.28","2,078.26","2,052.28","","+1.63%"
"Apr 17, 2018","2,042.75","2,047.26","2,053.38","2,037.08","","-0.42%"
"Apr 16, 2018","2,051.46","2,046.56","2,055.34","2,040.90","","+0.86%"
"Apr 13, 2018","2,033.89","2,057.27","2,057.82","2,030.08","","-1.01%"
"Apr 12, 2018","2,054.57","2,054.08","2,067.03","2,049.80","","+0.24%"
"Apr 11, 2018","2,049.61","2,077.06","2,077.06","2,039.68","","-1.71%"
"Apr 10, 2018","2,085.24","2,111.57","2,118.02","2,083.15","","-1.33%"
"Apr 09, 2018","2,113.42","2,100.10","2,118.69","2,094.69","","+0.78%"
"Apr 06, 2018","2,097.03","2,092.83","2,112.41","2,090.10","","+0.18%"
"Apr 05, 2018","2,093.23","2,086.52","2,099.83","2,077.90","","+0.95%"
"Apr 04, 2018","2,073.62","2,073.80","2,079.92","2,056.13","","+0.44%"
"Apr 03, 2018","2,064.51","2,038.93","2,070.20","2,038.66","","+0.07%"
"Apr 02, 2018","2,063.06","2,073.54","2,085.24","2,063.06","","-0.55%"
"Mar 30, 2018","2,074.45","2,077.70","2,078.18","2,062.88","","+0.66%"
"Mar 29, 2018","2,060.84","2,044.19","2,061.21","2,041.92","","+1.72%"
"Mar 28, 2018","2,025.92","2,021.02","2,031.96","2,008.41","","-1.30%"
"Mar 27, 2018","2,052.65","2,015.67","2,052.65","2,013.22","","+2.84%"
"Mar 26, 2018","1,995.87","1,974.48","1,995.87","1,963.50","","+0.65%"
"Mar 23, 2018","1,982.96","2,024.82","2,025.14","1,979.16","","-3.85%"
"Mar 22, 2018","2,062.32","2,031.93","2,063.58","2,031.93","","+1.92%"
"Mar 20, 2018","2,023.45","2,008.97","2,024.24","2,003.57","","-0.11%"
"Mar 19, 2018","2,025.76","2,034.98","2,043.65","2,017.33","","-1.16%"
"Mar 16, 2018","2,049.60","2,063.15","2,063.95","2,041.50","","-0.17%"
"Mar 15, 2018","2,053.08","2,036.40","2,055.49","2,033.20","","+0.77%"
"Mar 14, 2018","2,037.35","2,034.82","2,039.84","2,028.09","","-0.47%"
"Mar 13, 2018","2,046.95","2,019.31","2,046.95","2,019.01","","+1.25%"
"Mar 12, 2018","2,021.68","2,029.49","2,035.70","2,012.27","","+0.92%"
"Mar 09, 2018","2,003.25","2,020.84","2,027.20","1,994.16","","+0.06%"
"Mar 08, 2018","2,002.01","2,019.21","2,019.21","1,997.46","","-0.07%"
"Mar 07, 2018","2,003.40","1,996.12","2,023.55","1,996.12","","+0.04%"
"Mar 06, 2018","2,002.51","1,996.55","2,013.36","1,993.97","","+1.64%"
"Mar 05, 2018","1,970.13","1,971.34","1,982.87","1,960.34","","-0.39%"
"Mar 02, 2018","1,977.77","1,979.44","1,985.61","1,968.35","","-1.70%"
"Mar 01, 2018","2,011.88","2,026.40","2,026.72","2,006.64","","-1.33%"
"Feb 28, 2018","2,039.07","2,039.87","2,062.94","2,039.07","","-0.40%"
"Feb 27, 2018","2,047.16","2,069.06","2,069.06","2,041.66","","-0.49%"
"Feb 26, 2018","2,057.15","2,060.78","2,063.92","2,053.26","","+0.37%"
"Feb 23, 2018","2,049.61","2,046.88","2,053.68","2,040.27","","+0.27%"
"Feb 22, 2018","2,044.02","2,054.23","2,056.24","2,034.25","","-0.82%"
"Feb 21, 2018","2,060.83","2,055.30","2,075.64","2,047.69","","+0.02%"
"Feb 20, 2018","2,060.42","2,062.30","2,066.12","2,047.67","","-0.27%"
"Feb 19, 2018","2,065.98","2,032.34","2,065.98","2,025.70","","+2.84%"
"Feb 16, 2018","2,008.98","1,985.08","2,021.92","1,985.08","","+1.53%"
"Feb 15, 2018","1,978.76","1,955.94","1,988.40","1,953.99","","+2.26%"
"Feb 14, 2018","1,935.11","1,951.78","1,957.29","1,923.75","","-0.89%"
"Feb 13, 2018","1,952.46","1,978.95","1,981.38","1,949.38","","-0.50%"
"Feb 09, 2018","1,962.32","1,963.85","1,964.88","1,931.91","","-1.92%"
"Feb 08, 2018","2,000.81","1,988.08","2,009.60","1,987.93","","+1.31%"
"Feb 07, 2018","1,974.98","2,005.20","2,047.99","1,974.76","","+0.37%"
"Feb 06, 2018","1,967.78","2,040.33","2,041.23","1,928.27","","-5.37%"
"Feb 05, 2018","2,079.47","2,101.01","2,106.25","2,076.98","","-2.59%"
"Feb 02, 2018","2,134.81","2,129.78","2,137.36","2,111.22","","-0.32%"
"Feb 01, 2018","2,141.64","2,103.50","2,141.91","2,101.60","","+2.23%"
"Jan 31, 2018","2,094.95","2,110.02","2,121.27","2,094.95","","-1.39%"
"Jan 30, 2018","2,124.40","2,154.64","2,156.96","2,119.03","","-1.46%"
"Jan 29, 2018","2,155.79","2,161.16","2,169.78","2,153.38","","+0.26%"
"Jan 26, 2018","2,150.30","2,146.22","2,157.42","2,143.47","","+0.55%"
"Jan 25, 2018","2,138.48","2,137.81","2,145.58","2,131.13","","-0.25%"
"Jan 24, 2018","2,143.78","2,149.06","2,153.69","2,138.17","","-0.12%"
"Jan 23, 2018","2,146.37","2,132.22","2,146.90","2,131.52","","+0.97%"
"Jan 22, 2018","2,125.85","2,126.51","2,126.80","2,117.75","","+0.24%"
"Jan 19, 2018","2,120.73","2,112.59","2,123.33","2,112.02","","+0.69%"
"Jan 18, 2018","2,106.14","2,142.96","2,142.98","2,104.33","","-0.94%"
"Jan 17, 2018","2,126.17","2,116.17","2,128.96","2,116.17","","+0.08%"
"Jan 16, 2018","2,124.41","2,117.30","2,128.17","2,112.94","","+0.21%"
"Jan 15, 2018","2,119.87","2,112.32","2,122.25","2,105.61","","+0.80%"
"Jan 12, 2018","2,103.08","2,114.13","2,114.13","2,100.42","","-0.81%"
"Jan 11, 2018","2,120.20","2,108.17","2,120.20","2,106.12","","+0.66%"
"Jan 10, 2018","2,106.24","2,111.84","2,112.19","2,102.34","","-0.22%"
"Jan 09, 2018","2,110.95","2,122.48","2,122.48","2,105.80","","-0.18%"
"Jan 05, 2018","2,114.84","2,114.32","2,116.64","2,106.09","","-0.03%"
"Jan 04, 2018","2,115.39","2,109.39","2,115.39","2,097.84","","+1.42%"
"Dec 29, 2017","2,085.79","2,096.93","2,100.12","2,084.23","","-0.42%"
"Dec 28, 2017","2,094.69","2,110.58","2,110.58","2,091.20","","-0.67%"
"Dec 27, 2017","2,108.78","2,107.32","2,111.36","2,101.47","","+0.17%"
"Dec 26, 2017","2,105.23","2,100.99","2,108.52","2,100.58","","+0.41%"
"Dec 25, 2017","2,096.67","2,096.24","2,098.08","2,090.90","","+0.12%"
"Dec 22, 2017","2,094.12","2,088.99","2,094.38","2,084.05","","+0.42%"
"Dec 21, 2017","2,085.29","2,070.87","2,085.73","2,065.02","","+0.46%"
"Dec 20, 2017","2,075.70","2,082.82","2,087.34","2,075.59","","-0.87%"
"Dec 19, 2017","2,093.99","2,102.53","2,102.53","2,093.03","","-0.22%"
"Dec 18, 2017","2,098.63","2,086.86","2,099.33","2,081.27","","+1.08%"
"Dec 15, 2017","2,076.25","2,085.57","2,085.57","2,056.09","","-0.47%"
"Dec 14, 2017","2,085.95","2,084.87","2,091.08","2,079.60","","+0.24%"
"Dec 13, 2017","2,080.95","2,077.09","2,086.34","2,074.97","","+0.22%"
"Dec 12, 2017","2,076.31","2,083.00","2,083.87","2,070.44","","-0.21%"
"Dec 11, 2017","2,080.72","2,080.43","2,081.81","2,062.00","","+0.22%"
"Dec 08, 2017","2,076.20","2,046.48","2,076.20","2,046.48","","+1.45%"
"Dec 07, 2017","2,046.44","2,024.66","2,047.60","2,024.66","","+1.52%"
"Dec 06, 2017","2,015.76","2,035.64","2,045.97","2,012.00","","-0.95%"
"Dec 05, 2017","2,035.06","2,032.18","2,038.63","2,018.12","","-0.28%"
"Dec 04, 2017","2,040.77","2,060.77","2,064.76","2,039.79","","-0.56%"
"Dec 01, 2017","2,052.22","2,063.72","2,069.97","2,044.77","","+0.14%"
"Nov 30, 2017","2,049.32","2,034.12","2,049.45","2,021.90","","+0.72%"
"Nov 29, 2017","2,034.57","2,028.09","2,036.88","2,024.54","","+0.92%"
"Nov 28, 2017","2,015.93","2,012.67","2,020.10","2,003.99","","+0.19%"
"Nov 27, 2017","2,012.02","2,022.01","2,022.01","2,005.76","","-0.05%"
"Nov 24, 2017","2,012.95","1,997.67","2,014.92","1,997.30","","+0.47%"
"Nov 22, 2017","2,003.48","2,017.42","2,018.88","2,001.60","","-0.32%"
"Nov 21, 2017","2,009.88","2,016.32","2,017.74","2,008.72","","-0.08%"
"Nov 20, 2017","2,011.45","1,998.51","2,013.78","1,994.93","","+0.32%"
"Nov 17, 2017","2,005.10","2,014.26","2,022.09","1,995.37","","+0.48%"
"Nov 16, 2017","1,995.62","1,967.73","2,003.41","1,967.73","","+1.24%"
"Nov 15, 2017","1,971.12","2,004.85","2,008.28","1,969.21","","-2.10%"
"Nov 14, 2017","2,013.42","2,028.10","2,028.39","2,013.22","","-0.96%"
"Nov 13, 2017","2,032.89","2,033.29","2,042.59","2,032.89","","-0.21%"
"Nov 10, 2017","2,037.24","2,033.28","2,041.42","2,027.02","","-0.60%"
"Nov 09, 2017","2,049.51","2,056.38","2,075.83","2,026.48","","-0.04%"
"Nov 08, 2017","2,050.38","2,046.17","2,050.38","2,038.66","","+0.15%"
"Nov 07, 2017","2,047.26","2,029.80","2,048.12","2,029.52","","+0.93%"
"Nov 06, 2017","2,028.42","2,028.10","2,034.50","2,023.70","","+0.32%"
"Nov 02, 2017","2,021.99","2,025.33","2,025.44","2,013.58","","0.00%"
"Nov 01, 2017","2,021.91","2,015.64","2,024.03","2,010.01","","+0.31%"
"Oct 31, 2017","2,015.59","2,016.66","2,017.49","1,999.84","","-0.12%"
"Oct 30, 2017","2,018.04","2,013.41","2,019.70","2,009.34","","-0.01%"
"Oct 27, 2017","2,018.33","2,011.32","2,020.32","2,006.51","","+0.84%"
"Oct 26, 2017","2,001.58","1,993.35","2,004.91","1,992.16","","+0.21%"
"Oct 25, 2017","1,997.43","2,006.95","2,006.95","1,994.03","","-0.72%"
"Oct 24, 2017","2,011.87","2,003.31","2,012.12","1,998.70","","+0.57%"
"Oct 23, 2017","2,000.52","2,008.25","2,009.27","1,996.19","","+0.05%"
"Oct 20, 2017","1,999.61","1,979.06","2,000.91","1,977.91","","+0.43%"
"Oct 19, 2017","1,991.14","1,991.23","1,998.15","1,986.87","","+0.01%"
"Oct 18, 2017","1,990.97","1,999.60","2,006.31","1,988.18","","-0.51%"
"Oct 17, 2017","2,001.24","2,011.07","2,011.07","1,994.70","","-0.47%"
"Oct 16, 2017","2,010.59","2,007.87","2,017.18","2,007.50","","+0.17%"
"Oct 13, 2017","2,007.09","2,000.85","2,011.17","1,991.77","","-0.16%"
"Oct 12, 2017","2,010.26","1,996.41","2,011.11","1,996.41","","+1.16%"
"Oct 11, 2017","1,987.18","1,974.32","1,989.70","1,972.39","","+0.66%"
"Oct 10, 2017","1,974.11","1,949.75","1,974.42","1,949.75","","+1.26%"
"Oct 06, 2017","1,949.63","1,940.44","1,951.99","1,940.33","","+0.62%"
"Oct 05, 2017","1,937.58","1,934.97","1,941.96","1,934.97","","+0.17%"
"Oct 04, 2017","1,934.24","1,938.16","1,938.75","1,928.98","","-0.20%"
"Oct 03, 2017","1,938.21","1,938.70","1,941.45","1,936.49","","+0.41%"
"Oct 02, 2017","1,930.37","1,931.29","1,932.72","1,923.16","","+0.12%"
"Sep 29, 2017","1,927.97","1,927.92","1,931.65","1,918.71","","-0.16%"
"Sep 28, 2017","1,931.09","1,922.62","1,935.34","1,915.95","","+0.93%"
"Sep 27, 2017","1,913.25","1,909.13","1,914.26","1,900.02","","-0.26%"
"Sep 26, 2017","1,918.19","1,911.10","1,918.19","1,910.20","","+0.22%"
"Sep 25, 2017","1,913.98","1,910.11","1,916.55","1,906.54","","+0.75%"
"Sep 22, 2017","1,899.78","1,907.83","1,908.28","1,894.58","","-0.31%"
"Sep 21, 2017","1,905.76","1,910.43","1,915.33","1,903.81","","-0.01%"
"Sep 20, 2017","1,906.02","1,909.16","1,911.26","1,900.21","","-0.50%"
"Sep 19, 2017","1,915.67","1,908.61","1,917.05","1,903.10","","+0.91%"
"Sep 15, 2017","1,898.47","1,889.84","1,900.41","1,887.91","","+0.09%"
"Sep 14, 2017","1,896.71","1,902.62","1,916.09","1,895.97","","-0.34%"
"Sep 13, 2017","1,903.09","1,893.02","1,907.79","1,892.55","","+0.77%"
"Sep 12, 2017","1,888.58","1,878.66","1,890.41","1,876.73","","+0.91%"
"Sep 11, 2017","1,871.60","1,866.03","1,878.58","1,862.82","","+1.02%"
"Sep 08, 2017","1,852.79","1,840.52","1,859.14","1,840.52","","+0.41%"
"Sep 07, 2017","1,845.27","1,843.41","1,858.52","1,836.84","","+0.53%"
"Sep 06, 2017","1,835.53","1,808.20","1,837.21","1,807.35","","+1.51%"
"Sep 05, 2017","1,808.14","1,830.35","1,833.59","1,805.84","","-1.14%"
"Sep 04, 2017","1,828.93","1,844.58","1,847.88","1,823.64","","-1.30%"
"Sep 01, 2017","1,852.95","1,853.92","1,855.03","1,846.77","","+0.17%"
"Aug 31, 2017","1,849.76","1,842.79","1,852.45","1,842.02","","+0.36%"
"Aug 30, 2017","1,843.06","1,846.40","1,848.03","1,837.71","","+0.26%"
"Aug 29, 2017","1,838.22","1,819.31","1,840.44","1,819.31","","+0.35%"
"Aug 28, 2017","1,831.89","1,824.62","1,832.58","1,822.73","","+0.78%"
"Aug 25, 2017","1,817.72","1,821.67","1,823.65","1,817.23","","-0.11%"
"Aug 24, 2017","1,819.71","1,826.48","1,831.27","1,819.71","","-0.62%"
"Aug 23, 2017","1,830.98","1,833.56","1,837.58","1,827.72","","+0.58%"
"Aug 22, 2017","1,820.37","1,819.60","1,821.99","1,814.33","","0.00%"
"Aug 21, 2017","1,820.33","1,827.33","1,829.28","1,817.12","","-0.12%"
"Aug 18, 2017","1,822.57","1,816.68","1,825.17","1,816.43","","-0.74%"
"Aug 17, 2017","1,836.24","1,835.23","1,840.68","1,832.85","","-0.02%"
"Aug 16, 2017","1,836.54","1,823.81","1,838.88","1,822.72","","+0.83%"
"Aug 15, 2017","1,821.45","1,811.39","1,826.76","1,809.74","","+1.23%"
"Aug 14, 2017","1,799.26","1,794.61","1,809.14","1,789.99","","-0.13%"
"Aug 10, 2017","1,801.56","1,802.23","1,806.66","1,795.48","","-0.15%"
"Aug 09, 2017","1,804.25","1,827.01","1,829.27","1,799.00","","-1.65%"
"Aug 08, 2017","1,834.52","1,832.92","1,837.55","1,825.29","","+0.20%"
"Aug 07, 2017","1,830.87","1,834.81","1,837.17","1,830.20","","+0.41%"
"Aug 04, 2017","1,823.33","1,816.90","1,827.24","1,811.52","","+0.40%"
"Aug 03, 2017","1,816.04","1,817.33","1,823.14","1,810.95","","+0.01%"
"Aug 02, 2017","1,815.77","1,821.58","1,824.03","1,813.22","","-0.10%"
"Aug 01, 2017","1,817.51","1,810.40","1,821.91","1,806.15","","+0.38%"
"Jul 31, 2017","1,810.65","1,811.64","1,817.56","1,806.79","","-0.18%"
"Jul 28, 2017","1,813.85","1,822.28","1,824.72","1,809.58","","-0.67%"
"Jul 27, 2017","1,826.15","1,826.20","1,839.54","1,820.46","","+0.21%"
"Jul 26, 2017","1,822.36","1,831.20","1,831.20","1,817.27","","-0.21%"
"Jul 25, 2017","1,826.24","1,832.33","1,833.37","1,825.21","","-0.17%"
"Jul 24, 2017","1,829.32","1,822.09","1,830.77","1,816.39","","-0.08%"
"Jul 21, 2017","1,830.80","1,835.53","1,837.82","1,827.35","","-0.58%"
"Jul 20, 2017","1,841.56","1,829.97","1,843.70","1,829.97","","+0.92%"
"Jul 19, 2017","1,824.79","1,813.58","1,826.52","1,812.35","","+0.84%"
"Jul 18, 2017","1,809.53","1,813.14","1,814.61","1,800.08","","-0.60%"
"Jul 14, 2017","1,820.43","1,824.27","1,826.79","1,819.25","","+0.08%"
"Jul 13, 2017","1,818.95","1,808.68","1,821.54","1,807.90","","+1.16%"
"Jul 12, 2017","1,798.04","1,808.89","1,811.59","1,794.81","","-0.75%"
"Jul 11, 2017","1,811.71","1,795.51","1,812.78","1,793.96","","+0.87%"
"Jul 10, 2017","1,796.06","1,794.29","1,800.68","1,787.38","","+0.45%"
"Jul 07, 2017","1,788.01","1,794.53","1,796.20","1,785.20","","-0.78%"
"Jul 06, 2017","1,801.98","1,800.49","1,804.20","1,796.17","","+0.24%"
"Jul 05, 2017","1,797.67","1,782.66","1,797.88","1,778.37","","+0.58%"
"Jul 04, 2017","1,787.38","1,815.28","1,815.28","1,783.73","","-1.11%"
"Jul 03, 2017","1,807.36","1,812.00","1,813.27","1,804.28","","-0.10%"
"Jun 30, 2017","1,809.10","1,819.43","1,819.66","1,804.01","","-1.45%"
"Jun 29, 2017","1,835.64","1,833.01","1,835.99","1,825.46","","+0.70%"
"Jun 28, 2017","1,822.94","1,830.93","1,840.15","1,820.80","","-1.23%"
"Jun 27, 2017","1,845.58","1,855.77","1,856.42","1,842.81","","-0.47%"
"Jun 26, 2017","1,854.32","1,851.36","1,856.27","1,850.50","","+0.19%"
"Jun 23, 2017","1,850.85","1,861.81","1,862.20","1,845.92","","-0.29%"
"Jun 22, 2017","1,856.22","1,856.36","1,860.26","1,850.84","","+0.12%"
"Jun 21, 2017","1,854.00","1,858.08","1,864.20","1,850.66","","-0.21%"
"Jun 20, 2017","1,857.92","1,859.96","1,863.86","1,854.80","","+0.45%"
"Jun 19, 2017","1,849.60","1,837.27","1,853.37","1,837.27","","+1.20%"
"Jun 16, 2017","1,827.68","1,832.15","1,836.97","1,820.99","","+0.32%"
"Jun 15, 2017","1,821.80","1,806.73","1,825.12","1,805.36","","+0.60%"
"Jun 14, 2017","1,810.98","1,814.04","1,824.36","1,810.98","","+0.25%"
"Jun 13, 2017","1,806.38","1,796.37","1,809.14","1,795.71","","+0.07%"
"Jun 12, 2017","1,805.14","1,792.00","1,807.21","1,790.03","","+0.05%"
"Jun 09, 2017","1,804.29","1,817.19","1,821.46","1,802.95","","-0.83%"
"Jun 08, 2017","1,819.36","1,838.17","1,843.68","1,818.99","","-0.88%"
"Jun 07, 2017","1,835.54","1,826.79","1,836.50","1,822.55","","+0.35%"
"Jun 06, 2017","1,829.09","1,840.75","1,844.28","1,826.83","","-0.60%"
"Jun 05, 2017","1,840.13","1,828.10","1,842.51","1,825.09","","+0.78%"
"Jun 02, 2017","1,825.86","1,820.31","1,825.94","1,812.49","","+0.88%"
"Jun 01, 2017","1,809.89","1,787.48","1,809.89","1,786.32","","+1.16%"
"May 31, 2017","1,789.12","1,785.13","1,795.21","1,782.49","","-0.04%"
"May 30, 2017","1,789.89","1,788.99","1,793.51","1,777.52","","+0.18%"
"May 29, 2017","1,786.68","1,780.48","1,793.52","1,780.10","","+0.56%"
"May 26, 2017","1,776.73","1,793.50","1,796.11","1,776.14","","-0.84%"
"May 25, 2017","1,791.86","1,790.40","1,795.63","1,787.27","","+0.29%"
"May 24, 2017","1,786.74","1,794.46","1,796.83","1,783.08","","+0.38%"
"May 23, 2017","1,779.99","1,777.66","1,788.21","1,777.50","","+0.34%"
"May 22, 2017","1,773.98","1,766.35","1,776.57","1,763.36","","+0.32%"
"May 19, 2017","1,768.37","1,794.12","1,794.16","1,768.37","","-1.35%"
"May 18, 2017","1,792.58","1,774.59","1,793.16","1,774.59","","-0.19%"
"May 17, 2017","1,796.08","1,797.72","1,801.18","1,792.53","","-0.40%"
"May 16, 2017","1,803.24","1,807.87","1,815.87","1,797.75","","+0.23%"
"May 15, 2017","1,799.11","1,778.27","1,800.74","1,778.27","","+1.18%"
"May 12, 2017","1,778.18","1,771.03","1,779.76","1,767.92","","+0.69%"
"May 11, 2017","1,766.01","1,771.04","1,772.57","1,762.47","","-0.31%"
"May 10, 2017","1,771.44","1,764.56","1,775.06","1,764.28","","+0.64%"
"May 09, 2017","1,760.22","1,766.64","1,770.76","1,759.22","","-0.15%"
"May 08, 2017","1,762.93","1,734.79","1,763.98","1,734.79","","+2.85%"
"May 02, 2017","1,714.16","1,708.57","1,719.36","1,707.83","","+0.82%"
"May 01, 2017","1,700.20","1,699.56","1,700.80","1,692.96","","+0.08%"
"Apr 28, 2017","1,698.78","1,702.32","1,702.32","1,691.54","","+0.06%"
"Apr 27, 2017","1,697.70","1,693.47","1,700.11","1,690.88","","-0.24%"
"Apr 26, 2017","1,701.82","1,691.51","1,702.56","1,689.75","","+0.58%"
"Apr 25, 2017","1,692.03","1,681.05","1,694.48","1,678.56","","+0.29%"
"Apr 24, 2017","1,687.06","1,683.20","1,689.99","1,678.89","","+1.31%"
"Apr 21, 2017","1,665.23","1,668.36","1,669.78","1,660.71","","-0.19%"
"Apr 20, 2017","1,668.33","1,684.80","1,684.80","1,667.28","","-0.74%"
"Apr 19, 2017","1,680.79","1,674.14","1,694.12","1,674.14","","+0.53%"
"Apr 18, 2017","1,671.85","1,680.36","1,681.30","1,666.04","","+0.19%"
"Apr 17, 2017","1,668.63","1,641.76","1,669.38","1,641.42","","+1.39%"
"Apr 14, 2017","1,645.73","1,657.75","1,663.00","1,642.58","","-0.95%"
"Apr 13, 2017","1,661.51","1,659.98","1,665.56","1,656.11","","-0.40%"
"Apr 12, 2017","1,668.25","1,668.93","1,671.55","1,656.05","","-0.48%"
"Apr 11, 2017","1,676.22","1,679.18","1,684.90","1,667.29","","-0.66%"
"Apr 10, 2017","1,687.31","1,691.50","1,696.16","1,682.96","","+0.78%"
"Apr 07, 2017","1,674.20","1,671.64","1,682.48","1,655.30","","+0.59%"
"Apr 06, 2017","1,664.39","1,686.08","1,687.04","1,660.66","","-1.41%"
"Apr 05, 2017","1,688.19","1,684.31","1,693.91","1,678.77","","+0.60%"
"Apr 04, 2017","1,678.07","1,688.45","1,692.15","1,669.81","","-0.47%"
"Apr 03, 2017","1,685.98","1,679.99","1,693.45","1,678.03","","+1.18%"
"Mar 31, 2017","1,666.28","1,686.54","1,693.51","1,666.28","","-0.73%"
"Mar 30, 2017","1,678.55","1,693.72","1,693.90","1,676.70","","-1.04%"
"Mar 29, 2017","1,696.14","1,688.98","1,696.49","1,685.81","","+0.52%"
"Mar 28, 2017","1,687.38","1,677.20","1,687.38","1,677.14","","+1.50%"
"Mar 27, 2017","1,662.37","1,674.87","1,676.77","1,659.46","","-1.37%"
"Mar 24, 2017","1,685.42","1,670.22","1,691.83","1,669.96","","+0.87%"
"Mar 23, 2017","1,670.89","1,678.18","1,678.43","1,665.99","","-0.11%"
"Mar 22, 2017","1,672.75","1,672.91","1,687.20","1,672.75","","-1.37%"
"Mar 21, 2017","1,696.03","1,684.98","1,700.02","1,684.98","","+0.12%"
"Mar 17, 2017","1,693.95","1,690.38","1,697.17","1,688.52","","-0.33%"
"Mar 16, 2017","1,699.53","1,689.58","1,701.75","1,689.58","","-0.08%"
"Mar 15, 2017","1,700.91","1,697.61","1,705.79","1,695.34","","-0.09%"
"Mar 14, 2017","1,702.50","1,705.68","1,705.81","1,697.46","","-0.62%"
"Mar 13, 2017","1,713.06","1,704.49","1,718.67","1,703.79","","+0.61%"
"Mar 10, 2017","1,702.65","1,687.74","1,704.45","1,686.90","","+1.81%"
"Mar 09, 2017","1,672.32","1,673.95","1,674.49","1,668.47","","+0.34%"
"Mar 08, 2017","1,666.72","1,662.01","1,668.18","1,657.95","","+0.18%"
"Mar 07, 2017","1,663.70","1,662.08","1,664.54","1,658.04","","-0.22%"
"Mar 06, 2017","1,667.36","1,670.73","1,672.09","1,664.51","","-0.32%"
"Mar 03, 2017","1,672.72","1,678.08","1,679.95","1,666.06","","-0.27%"
"Mar 02, 2017","1,677.21","1,690.71","1,690.71","1,675.47","","-0.05%"
"Mar 01, 2017","1,678.02","1,668.89","1,680.36","1,661.46","","+0.67%"
"Feb 28, 2017","1,666.84","1,667.66","1,683.72","1,666.84","","+0.25%"
"Feb 27, 2017","1,662.66","1,661.37","1,669.81","1,653.74","","-0.49%"
"Feb 24, 2017","1,670.82","1,664.99","1,679.28","1,664.08","","-0.03%"
"Feb 23, 2017","1,671.35","1,667.34","1,672.09","1,660.61","","+0.26%"
"Feb 22, 2017","1,667.07","1,651.28","1,668.66","1,651.18","","+1.10%"
"Feb 21, 2017","1,648.96","1,636.51","1,649.04","1,636.02","","+0.57%"
"Feb 20, 2017","1,639.57","1,634.03","1,640.77","1,629.45","","-0.07%"
"Feb 17, 2017","1,640.69","1,630.24","1,642.59","1,626.04","","+0.43%"
"Feb 16, 2017","1,633.67","1,641.63","1,645.12","1,627.06","","-0.69%"
"Feb 15, 2017","1,644.95","1,647.56","1,651.23","1,641.24","","+0.58%"
"Feb 14, 2017","1,635.53","1,653.52","1,658.66","1,634.70","","-0.63%"
"Feb 13, 2017","1,645.98","1,641.79","1,649.47","1,637.69","","+0.74%"
"Feb 10, 2017","1,633.87","1,628.83","1,634.99","1,622.77","","+1.68%"
"Feb 09, 2017","1,606.94","1,608.58","1,612.60","1,604.90","","-0.53%"
"Feb 08, 2017","1,615.56","1,605.78","1,615.83","1,601.62","","+0.81%"
"Feb 07, 2017","1,602.50","1,606.56","1,606.91","1,598.91","","-0.80%"
"Feb 06, 2017","1,615.47","1,617.40","1,619.14","1,609.27","","+0.45%"
"Feb 03, 2017","1,608.23","1,608.12","1,619.09","1,604.65","","+0.47%"
"Feb 02, 2017","1,600.69","1,624.25","1,625.86","1,598.05","","-1.35%"
"Feb 01, 2017","1,622.64","1,607.71","1,623.15","1,602.81","","+0.40%"
"Jan 31, 2017","1,616.13","1,623.08","1,625.66","1,610.37","","-1.27%"
"Jan 30, 2017","1,636.84","1,636.88","1,638.27","1,630.00","","-0.29%"
"Jan 27, 2017","1,641.57","1,644.95","1,647.29","1,639.13","","+0.16%"
"Jan 26, 2017","1,638.95","1,638.21","1,641.83","1,631.75","","+0.73%"
"Jan 25, 2017","1,627.09","1,637.27","1,638.17","1,620.07","","+0.72%"
"Jan 24, 2017","1,615.51","1,611.33","1,619.76","1,610.40","","-0.08%"
"Jan 23, 2017","1,616.85","1,625.05","1,625.82","1,616.46","","-1.38%"
"Jan 20, 2017","1,639.52","1,633.56","1,643.68","1,629.81","","+0.26%"
"Jan 19, 2017","1,635.22","1,630.37","1,639.95","1,629.22","","+0.91%"
"Jan 18, 2017","1,620.42","1,621.62","1,625.53","1,611.02","","-0.45%"
"Jan 17, 2017","1,627.80","1,645.63","1,646.82","1,627.35","","-1.04%"
"Jan 16, 2017","1,644.86","1,651.73","1,659.22","1,642.46","","-0.66%"
"Jan 13, 2017","1,655.71","1,642.45","1,659.40","1,640.87","","+0.46%"
"Jan 12, 2017","1,648.19","1,663.77","1,663.85","1,641.28","","-0.96%"
"Jan 11, 2017","1,664.23","1,665.70","1,669.78","1,662.92","","-0.21%"
"Jan 10, 2017","1,667.73","1,679.51","1,685.05","1,665.52","","-0.45%"
"Jan 06, 2017","1,675.20","1,654.45","1,678.62","1,654.45","","+1.26%"
"Jan 05, 2017","1,654.38","1,638.68","1,655.49","1,638.03","","+1.02%"
"Jan 04, 2017","1,637.62","1,632.75","1,640.77","1,629.13","","+0.71%"
"Dec 30, 2016","1,626.04","1,615.96","1,631.14","1,615.96","","+0.15%"
"Dec 29, 2016","1,623.62","1,630.28","1,630.28","1,616.64","","-0.73%"
"Dec 28, 2016","1,635.64","1,629.07","1,638.54","1,627.88","","+0.47%"
"Dec 27, 2016","1,628.01","1,627.78","1,634.25","1,626.12","","+0.05%"
"Dec 26, 2016","1,627.17","1,619.70","1,631.39","1,619.53","","+0.66%"
"Dec 22, 2016","1,616.56","1,616.65","1,620.66","1,611.07","","-0.22%"
"Dec 21, 2016","1,620.20","1,629.91","1,630.51","1,618.43","","-0.37%"
"Dec 20, 2016","1,626.16","1,612.31","1,629.76","1,610.73","","+0.60%"
"Dec 19, 2016","1,616.52","1,615.16","1,617.46","1,609.44","","+0.10%"
"Dec 16, 2016","1,614.85","1,620.58","1,620.78","1,609.62","","+0.29%"
"Dec 15, 2016","1,610.12","1,609.10","1,620.28","1,604.96","","+0.11%"
"Dec 14, 2016","1,608.38","1,608.22","1,614.95","1,607.44","","+0.21%"
"Dec 13, 2016","1,605.07","1,593.75","1,606.20","1,584.82","","+1.07%"
"Dec 12, 2016","1,588.00","1,577.46","1,590.73","1,571.85","","+1.58%"
"Dec 09, 2016","1,563.25","1,547.06","1,565.02","1,544.20","","+0.39%"
"Dec 08, 2016","1,557.14","1,569.24","1,569.24","1,546.04","","-0.06%"
"Dec 07, 2016","1,558.15","1,558.10","1,558.38","1,550.12","","+0.57%"
"Dec 06, 2016","1,549.36","1,563.09","1,563.45","1,546.54","","-0.17%"
"Dec 05, 2016","1,551.98","1,567.43","1,568.93","1,549.11","","-1.60%"
"Dec 02, 2016","1,577.22","1,586.60","1,587.36","1,569.48","","-1.05%"
"Dec 01, 2016","1,593.89","1,596.07","1,605.46","1,589.08","","+0.59%"
"Nov 30, 2016","1,584.59","1,576.47","1,585.95","1,575.25","","+0.64%"
"Nov 29, 2016","1,574.50","1,568.65","1,576.44","1,568.65","","-0.11%"
"Nov 28, 2016","1,576.26","1,563.23","1,577.69","1,562.93","","+0.36%"
"Nov 25, 2016","1,570.55","1,575.07","1,576.24","1,563.84","","-0.04%"
"Nov 24, 2016","1,571.12","1,576.04","1,577.40","1,569.93","","+0.07%"
"Nov 22, 2016","1,569.99","1,563.56","1,572.85","1,560.55","","+0.50%"
"Nov 21, 2016","1,562.22","1,555.35","1,564.23","1,553.50","","+0.86%"
"Nov 18, 2016","1,548.92","1,559.36","1,559.36","1,548.28","","+0.14%"
"Nov 17, 2016","1,546.81","1,538.94","1,553.27","1,536.97","","+0.09%"
"Nov 16, 2016","1,545.49","1,542.80","1,546.41","1,535.37","","+1.35%"
"Nov 15, 2016","1,524.95","1,531.05","1,533.04","1,512.73","","-0.51%"
"Nov 14, 2016","1,532.73","1,519.36","1,536.33","1,517.24","","+1.19%"
"Nov 11, 2016","1,514.75","1,547.39","1,547.39","1,510.30","","-1.49%"
"Nov 10, 2016","1,537.72","1,501.60","1,542.92","1,501.60","","+4.46%"
"Nov 09, 2016","1,472.11","1,530.54","1,549.18","1,455.15","","-3.42%"
"Nov 08, 2016","1,524.27","1,529.32","1,531.39","1,521.67","","+0.01%"
"Nov 07, 2016","1,524.17","1,529.81","1,533.17","1,516.94","","+0.62%"
"Nov 04, 2016","1,514.83","1,523.41","1,527.75","1,506.94","","-1.23%"
"Nov 02, 2016","1,533.68","1,542.41","1,542.53","1,526.30","","-1.51%"
"Nov 01, 2016","1,557.13","1,554.08","1,558.28","1,549.03","","+0.27%"
"Oct 31, 2016","1,552.92","1,547.81","1,558.50","1,543.03","","-0.37%"
"Oct 28, 2016","1,558.65","1,570.32","1,570.78","1,553.09","","-0.16%"
"Oct 27, 2016","1,561.09","1,566.11","1,571.58","1,557.10","","-0.41%"
"Oct 26, 2016","1,567.44","1,560.43","1,568.21","1,556.71","","+0.63%"
"Oct 25, 2016","1,557.63","1,553.75","1,560.03","1,552.00","","+0.11%"
"Oct 24, 2016","1,555.91","1,552.65","1,559.17","1,550.60","","+0.08%"
"Oct 21, 2016","1,554.62","1,559.45","1,560.07","1,551.95","","-0.54%"
"Oct 20, 2016","1,563.03","1,550.67","1,563.03","1,549.92","","+0.78%"
"Oct 19, 2016","1,550.88","1,549.32","1,552.78","1,546.02","","-0.15%"
"Oct 18, 2016","1,553.28","1,550.65","1,555.77","1,545.12","","+0.44%"
"Oct 17, 2016","1,546.49","1,542.70","1,547.75","1,534.78","","+0.01%"
"Oct 14, 2016","1,546.35","1,539.17","1,549.15","1,538.96","","+0.24%"
"Oct 13, 2016","1,542.69","1,542.59","1,553.04","1,535.78","","+0.50%"
"Oct 12, 2016","1,535.05","1,532.33","1,544.84","1,532.33","","-0.52%"
"Oct 11, 2016","1,543.12","1,538.90","1,548.01","1,538.87","","+0.31%"
"Oct 07, 2016","1,538.40","1,545.25","1,545.25","1,532.71","","-0.88%"
"Oct 06, 2016","1,552.04","1,560.62","1,560.62","1,549.90","","-0.42%"
"Oct 05, 2016","1,558.55","1,560.51","1,561.64","1,554.11","","+0.03%"
"Oct 04, 2016","1,558.02","1,557.92","1,559.00","1,552.52","","+0.17%"
"Oct 03, 2016","1,555.33","1,547.21","1,562.09","1,542.17","","+0.98%"
"Sep 30, 2016","1,540.29","1,541.39","1,547.38","1,537.21","","-1.28%"
"Sep 29, 2016","1,560.27","1,560.84","1,566.04","1,550.38","","+0.41%"
"Sep 28, 2016","1,553.93","1,550.04","1,556.71","1,547.23","","-0.57%"
"Sep 27, 2016","1,562.85","1,534.77","1,562.85","1,527.80","","+1.22%"
"Sep 26, 2016","1,544.04","1,558.42","1,560.14","1,541.34","","-0.82%"
"Sep 23, 2016","1,556.87","1,543.33","1,557.80","1,536.99","","+0.57%"
"Sep 21, 2016","1,548.10","1,511.64","1,548.40","1,507.50","","+2.18%"
"Sep 20, 2016","1,515.05","1,504.16","1,524.22","1,503.59","","-0.08%"
"Sep 16, 2016","1,516.33","1,505.24","1,516.45","1,501.35","","+1.11%"
"Sep 15, 2016","1,499.61","1,501.37","1,507.11","1,494.89","","-0.63%"
"Sep 14, 2016","1,509.17","1,514.07","1,520.64","1,508.18","","-0.87%"
"Sep 13, 2016","1,522.34","1,522.72","1,526.41","1,515.33","","+0.07%"
"Sep 12, 2016","1,521.22","1,532.57","1,535.65","1,517.71","","-1.86%"
"Sep 09, 2016","1,550.06","1,553.39","1,555.06","1,543.07","","-0.36%"
"Sep 08, 2016","1,555.71","1,564.20","1,564.20","1,548.13","","-1.01%"
"Sep 07, 2016","1,571.65","1,553.19","1,572.54","1,553.19","","+1.18%"
"Sep 06, 2016","1,553.30","1,535.96","1,555.37","1,534.50","","+1.37%"
"Sep 05, 2016","1,532.35","1,541.60","1,541.60","1,528.75","","+0.28%"
"Sep 02, 2016","1,528.08","1,519.61","1,533.08","1,518.47","","+0.36%"
"Sep 01, 2016","1,522.61","1,514.05","1,524.18","1,512.84","","+0.47%"
"Aug 31, 2016","1,515.56","1,509.30","1,516.76","1,500.40","","+0.90%"
"Aug 30, 2016","1,502.11","1,502.86","1,503.51","1,495.03","","-0.25%"
"Aug 29, 2016","1,505.85","1,506.49","1,508.84","1,501.79","","+1.37%"
"Aug 26, 2016","1,485.45","1,496.80","1,496.80","1,485.19","","-1.51%"
"Aug 25, 2016","1,508.23","1,512.24","1,513.50","1,504.60","","-0.40%"
"Aug 24, 2016","1,514.35","1,511.88","1,515.52","1,502.71","","+0.43%"
"Aug 23, 2016","1,507.82","1,504.03","1,520.33","1,503.50","","+0.01%"
"Aug 22, 2016","1,507.64","1,494.14","1,509.65","1,494.14","","+1.13%"
"Aug 19, 2016","1,490.77","1,502.68","1,502.68","1,479.90","","-0.67%"
"Aug 18, 2016","1,500.81","1,515.14","1,519.78","1,500.27","","-1.29%"
"Aug 17, 2016","1,520.38","1,517.90","1,523.42","1,515.88","","+0.45%"
"Aug 16, 2016","1,513.64","1,527.62","1,527.91","1,511.42","","-0.93%"
"Aug 15, 2016","1,527.90","1,527.87","1,537.35","1,525.91","","-0.13%"
"Aug 12, 2016","1,529.82","1,513.90","1,532.01","1,510.33","","+1.83%"
"Aug 10, 2016","1,502.28","1,491.50","1,507.80","1,489.61","","+0.92%"
"Aug 09, 2016","1,488.55","1,477.14","1,488.55","1,471.60","","+0.64%"
"Aug 08, 2016","1,479.15","1,482.96","1,483.56","1,467.58","","+0.25%"
"Aug 05, 2016","1,475.42","1,475.99","1,484.56","1,467.09","","-0.14%"
"Aug 04, 2016","1,477.50","1,488.51","1,488.53","1,468.03","","-0.69%"
"Aug 03, 2016","1,487.71","1,492.02","1,497.54","1,483.37","","-1.89%"
"Aug 02, 2016","1,516.40","1,521.88","1,528.95","1,516.40","","-1.22%"
"Aug 01, 2016","1,535.14","1,510.27","1,536.04","1,503.14","","+0.61%"
"Jul 29, 2016","1,525.86","1,501.74","1,527.10","1,486.75","","+1.30%"
"Jul 28, 2016","1,506.34","1,516.51","1,518.48","1,496.76","","-1.51%"
"Jul 27, 2016","1,529.43","1,534.91","1,542.77","1,525.01","","-0.01%"
"Jul 26, 2016","1,529.52","1,536.65","1,539.13","1,524.01","","-0.78%"
"Jul 25, 2016","1,541.54","1,538.31","1,555.40","1,538.31","","+0.52%"
"Jul 22, 2016","1,533.58","1,534.21","1,548.40","1,525.65","","-1.30%"
"Jul 21, 2016","1,553.80","1,569.26","1,569.26","1,547.09","","-0.25%"
"Jul 20, 2016","1,557.75","1,537.82","1,557.75","1,536.04","","+0.62%"
"Jul 19, 2016","1,548.09","1,534.30","1,548.09","1,523.52","","+1.57%"
"Jul 15, 2016","1,524.15","1,547.66","1,548.65","1,519.04","","-1.48%"
"Jul 14, 2016","1,547.07","1,538.10","1,554.06","1,537.73","","+0.99%"
"Jul 13, 2016","1,531.93","1,552.21","1,555.97","1,528.26","","+0.27%"
"Jul 12, 2016","1,527.75","1,523.56","1,538.36","1,522.43","","+1.89%"
"Jul 11, 2016","1,499.37","1,476.18","1,507.74","1,476.02","","+3.33%"
"Jul 08, 2016","1,451.04","1,471.60","1,485.11","1,450.30","","-1.41%"
"Jul 07, 2016","1,471.84","1,482.31","1,485.36","1,466.71","","-0.79%"
"Jul 06, 2016","1,483.59","1,480.43","1,483.82","1,463.78","","-1.28%"
"Jul 05, 2016","1,502.78","1,506.16","1,506.16","1,495.98","","-0.63%"
"Jul 04, 2016","1,512.27","1,498.95","1,513.48","1,496.97","","+0.48%"
"Jul 01, 2016","1,504.98","1,493.12","1,511.25","1,489.57","","+1.03%"
"Jun 30, 2016","1,489.65","1,503.73","1,505.99","1,489.65","","-0.27%"
"Jun 29, 2016","1,493.69","1,489.62","1,495.73","1,476.30","","+1.67%"
"Jun 28, 2016","1,469.15","1,438.56","1,477.83","1,434.63","","+0.62%"
"Jun 27, 2016","1,460.10","1,424.93","1,461.50","1,424.77","","+3.58%"
"Jun 24, 2016","1,409.69","1,513.48","1,518.56","1,393.06","","-6.47%"
"Jun 23, 2016","1,507.17","1,503.23","1,508.87","1,496.24","","+0.14%"
"Jun 22, 2016","1,505.00","1,510.69","1,512.44","1,494.49","","-1.10%"
"Jun 21, 2016","1,521.68","1,499.90","1,523.70","1,488.50","","+1.34%"
"Jun 20, 2016","1,501.58","1,491.61","1,506.50","1,490.18","","+2.09%"
"Jun 17, 2016","1,470.80","1,478.49","1,486.39","1,467.78","","+0.38%"
"Jun 16, 2016","1,465.21","1,501.20","1,506.28","1,462.74","","-2.43%"
"Jun 15, 2016","1,501.69","1,490.82","1,507.82","1,486.62","","+0.17%"
"Jun 14, 2016","1,499.20","1,515.64","1,517.22","1,487.45","","-1.34%"
"Jun 13, 2016","1,519.62","1,539.56","1,540.34","1,519.62","","-2.94%"
"Jun 10, 2016","1,565.72","1,570.83","1,570.85","1,557.29","","-0.54%"
"Jun 09, 2016","1,574.22","1,583.87","1,588.46","1,568.52","","-0.74%"
"Jun 08, 2016","1,585.97","1,582.36","1,585.97","1,568.45","","+0.49%"
"Jun 07, 2016","1,578.20","1,575.28","1,579.83","1,566.88","","+0.34%"
"Jun 06, 2016","1,572.79","1,556.32","1,572.79","1,554.62","","-0.28%"
"Jun 03, 2016","1,577.21","1,565.90","1,577.27","1,565.10","","+1.12%"
"Jun 02, 2016","1,559.79","1,574.49","1,577.08","1,554.05","","-1.52%"
"Jun 01, 2016","1,583.94","1,591.48","1,593.04","1,577.76","","-0.98%"
"May 31, 2016","1,599.54","1,586.98","1,602.55","1,581.72","","+0.66%"
"May 30, 2016","1,589.12","1,580.49","1,589.33","1,576.18","","+1.28%"
"May 27, 2016","1,569.08","1,565.11","1,569.73","1,560.55","","+0.24%"
"May 26, 2016","1,565.30","1,583.79","1,583.79","1,563.54","","-0.38%"
"May 25, 2016","1,571.21","1,583.62","1,586.33","1,569.19","","+0.41%"
"May 24, 2016","1,564.73","1,568.77","1,568.90","1,560.15","","-0.56%"
"May 23, 2016","1,573.50","1,576.40","1,578.31","1,558.19","","-0.41%"
"May 20, 2016","1,580.01","1,567.02","1,581.50","1,566.03","","+0.44%"
"May 19, 2016","1,573.09","1,577.74","1,579.87","1,563.79","","+0.38%"
"May 18, 2016","1,567.09","1,575.79","1,582.52","1,556.63","","-0.76%"
"May 17, 2016","1,579.04","1,568.09","1,579.04","1,563.41","","+1.21%"
"May 16, 2016","1,560.19","1,570.35","1,580.64","1,556.16","","-0.56%"
"May 13, 2016","1,568.90","1,573.89","1,576.26","1,556.82","","-0.03%"
"May 12, 2016","1,569.36","1,562.07","1,569.36","1,554.10","","-0.40%"
"May 11, 2016","1,575.59","1,593.56","1,593.56","1,569.48","","-0.23%"
"May 10, 2016","1,579.27","1,563.06","1,584.15","1,560.39","","+1.42%"
"May 09, 2016","1,557.21","1,560.18","1,563.83","1,550.52","","+0.66%"
"May 06, 2016","1,547.05","1,548.99","1,554.40","1,537.02","","+0.26%"
"May 02, 2016","1,543.08","1,548.18","1,548.82","1,530.15","","-2.12%"
"Apr 28, 2016","1,576.52","1,634.11","1,634.24","1,569.01","","-2.60%"
"Apr 27, 2016","1,618.55","1,626.55","1,631.82","1,614.06","","-0.01%"
"Apr 26, 2016","1,618.64","1,623.84","1,631.87","1,602.50","","-0.47%"
"Apr 25, 2016","1,626.25","1,639.01","1,639.01","1,622.73","","-0.90%"
"Apr 22, 2016","1,640.99","1,621.76","1,640.99","1,618.78","","+1.01%"
"Apr 21, 2016","1,624.55","1,619.07","1,627.02","1,612.83","","+1.53%"
"Apr 20, 2016","1,600.00","1,611.59","1,615.74","1,593.66","","+0.12%"
"Apr 19, 2016","1,598.08","1,585.71","1,600.22","1,583.02","","+2.63%"
"Apr 18, 2016","1,557.18","1,563.98","1,567.79","1,547.15","","-2.39%"
"Apr 15, 2016","1,595.38","1,586.53","1,605.34","1,586.53","","-0.66%"
"Apr 14, 2016","1,605.94","1,590.74","1,605.94","1,584.58","","+2.15%"
"Apr 13, 2016","1,572.17","1,563.19","1,573.32","1,555.90","","+1.25%"
"Apr 12, 2016","1,552.69","1,547.70","1,560.96","1,546.85","","+0.19%"
"Apr 11, 2016","1,549.77","1,544.88","1,552.42","1,530.76","","+0.08%"
"Apr 08, 2016","1,548.57","1,512.31","1,565.14","1,511.40","","+0.92%"
"Apr 07, 2016","1,534.42","1,525.85","1,544.54","1,519.29","","+1.12%"
"Apr 06, 2016","1,517.46","1,508.55","1,520.80","1,497.68","","+0.62%"
"Apr 05, 2016","1,508.07","1,547.84","1,552.46","1,506.09","","-2.83%"
"Apr 04, 2016","1,551.92","1,545.97","1,565.09","1,539.47","","+0.33%"
"Apr 01, 2016","1,546.87","1,589.45","1,589.45","1,544.58","","-2.54%"
"Mar 31, 2016","1,587.13","1,609.55","1,612.71","1,587.13","","-1.01%"
"Mar 30, 2016","1,603.25","1,608.10","1,618.50","1,603.11","","-0.45%"
"Mar 29, 2016","1,610.52","1,598.03","1,610.52","1,592.50","","+0.12%"
"Mar 28, 2016","1,608.55","1,599.16","1,608.55","1,590.89","","+1.27%"
"Mar 25, 2016","1,588.43","1,601.33","1,605.35","1,583.09","","-0.50%"
"Mar 24, 2016","1,596.42","1,584.87","1,602.50","1,582.19","","+0.84%"
"Mar 23, 2016","1,583.13","1,590.54","1,592.86","1,580.36","","-0.12%"
"Mar 22, 2016","1,585.11","1,571.24","1,585.58","1,564.17","","+1.67%"
"Mar 18, 2016","1,559.10","1,566.45","1,568.51","1,544.57","","-1.03%"
"Mar 17, 2016","1,575.29","1,591.35","1,599.54","1,564.99","","-0.15%"
"Mar 16, 2016","1,577.72","1,571.88","1,590.45","1,571.75","","-0.35%"
"Mar 15, 2016","1,583.32","1,580.77","1,595.36","1,575.71","","+0.05%"
"Mar 14, 2016","1,582.58","1,578.80","1,589.54","1,572.07","","+1.38%"
"Mar 11, 2016","1,561.11","1,549.93","1,569.45","1,542.01","","-0.46%"
"Mar 10, 2016","1,568.30","1,556.71","1,570.78","1,556.71","","+1.71%"
"Mar 09, 2016","1,541.94","1,546.31","1,553.58","1,531.79","","-0.86%"
"Mar 08, 2016","1,555.27","1,565.89","1,568.99","1,532.94","","-1.06%"
"Mar 07, 2016","1,571.86","1,587.78","1,588.17","1,570.62","","-1.15%"
"Mar 04, 2016","1,590.22","1,585.45","1,590.65","1,575.85","","+0.05%"
"Mar 03, 2016","1,589.42","1,573.75","1,589.42","1,569.59","","+0.61%"
"Mar 02, 2016","1,579.80","1,556.89","1,584.47","1,555.57","","+3.43%"
"Mar 01, 2016","1,527.37","1,511.17","1,534.48","1,509.91","","+0.96%"
"Feb 29, 2016","1,512.92","1,543.94","1,546.11","1,512.92","","-0.91%"
"Feb 26, 2016","1,526.80","1,530.26","1,541.82","1,524.39","","+0.30%"
"Feb 25, 2016","1,522.24","1,503.82","1,526.05","1,503.82","","+1.63%"
"Feb 24, 2016","1,497.76","1,485.16","1,509.32","1,480.31","","-0.23%"
"Feb 23, 2016","1,501.20","1,525.29","1,531.45","1,495.63","","-1.09%"
"Feb 22, 2016","1,517.67","1,486.63","1,521.53","1,486.63","","+1.52%"
"Feb 19, 2016","1,494.97","1,500.35","1,503.39","1,477.55","","-1.13%"
"Feb 18, 2016","1,511.99","1,511.89","1,524.88","1,507.35","","+1.86%"
"Feb 17, 2016","1,484.45","1,492.49","1,510.40","1,465.84","","-0.84%"
"Feb 16, 2016","1,497.09","1,493.16","1,525.25","1,489.90","","-0.48%"
"Feb 15, 2016","1,504.30","1,434.57","1,511.86","1,433.74","","+6.57%"
"Feb 12, 2016","1,411.61","1,461.56","1,463.87","1,400.52","","-4.93%"
"Feb 10, 2016","1,484.85","1,533.29","1,537.11","1,463.28","","-3.10%"
"Feb 09, 2016","1,532.29","1,580.55","1,580.89","1,527.32","","-4.51%"
"Feb 08, 2016","1,604.69","1,563.11","1,613.54","1,560.20","","+1.82%"
"Feb 05, 2016","1,576.07","1,577.32","1,585.55","1,554.92","","-1.68%"
"Feb 04, 2016","1,603.06","1,621.48","1,622.81","1,596.27","","-2.09%"
"Feb 03, 2016","1,637.33","1,639.27","1,644.17","1,614.00","","-1.69%"
"Feb 02, 2016","1,665.53","1,647.33","1,678.74","1,647.33","","+0.07%"
"Feb 01, 2016","1,664.42","1,640.20","1,666.27","1,634.21","","+2.49%"
"Jan 29, 2016","1,623.91","1,580.20","1,624.59","1,564.12","","+3.51%"
"Jan 28, 2016","1,568.85","1,561.93","1,578.55","1,555.28","","-0.06%"
"Jan 27, 2016","1,569.73","1,562.90","1,575.52","1,554.73","","+2.39%"
"Jan 26, 2016","1,533.07","1,529.03","1,549.36","1,521.87","","-1.16%"
"Jan 25, 2016","1,551.04","1,539.81","1,556.51","1,527.43","","+2.47%"
"Jan 22, 2016","1,513.70","1,464.48","1,514.40","1,464.42","","+5.43%"
"Jan 21, 2016","1,435.77","1,478.48","1,498.87","1,435.77","","-3.04%"
"Jan 20, 2016","1,480.75","1,540.19","1,540.19","1,478.83","","-3.91%"
"Jan 19, 2016","1,540.95","1,543.03","1,556.71","1,529.87","","-0.58%"
"Jan 18, 2016","1,549.88","1,537.52","1,556.15","1,524.19","","-0.88%"
"Jan 15, 2016","1,563.60","1,581.65","1,591.04","1,555.39","","+0.48%"
"Jan 14, 2016","1,556.11","1,567.38","1,570.22","1,530.26","","-2.44%"
"Jan 13, 2016","1,595.09","1,568.87","1,596.66","1,567.56","","+3.22%"
"Jan 12, 2016","1,545.39","1,586.05","1,592.57","1,544.44","","-3.30%"
"Jan 08, 2016","1,598.20","1,602.05","1,618.21","1,592.29","","-1.08%"
"Jan 07, 2016","1,615.70","1,627.02","1,642.93","1,615.53","","-0.89%"
"Jan 06, 2016","1,630.25","1,646.66","1,653.26","1,620.37","","-0.80%"
"Jan 05, 2016","1,643.34","1,636.90","1,652.69","1,629.23","","+0.01%"
"Jan 04, 2016","1,643.23","1,667.38","1,681.90","1,641.12","","-1.96%"
"Dec 30, 2015","1,676.01","1,678.92","1,680.53","1,669.28","","+0.44%"
"Dec 29, 2015","1,668.64","1,651.51","1,670.23","1,639.71","","+1.17%"
"Dec 28, 2015","1,649.40","1,649.69","1,653.24","1,628.12","","+0.39%"
"Dec 25, 2015","1,643.01","1,644.02","1,656.80","1,640.79","","-0.24%"
"Dec 24, 2015","1,647.00","1,687.31","1,689.04","1,645.07","","-1.64%"
"Dec 22, 2015","1,674.49","1,670.27","1,679.30","1,670.19","","+0.52%"
"Dec 21, 2015","1,665.82","1,671.74","1,682.22","1,643.23","","-0.48%"
"Dec 18, 2015","1,673.80","1,687.11","1,727.76","1,673.80","","-1.00%"
"Dec 17, 2015","1,690.68","1,683.11","1,697.02","1,676.38","","+2.08%"
"Dec 16, 2015","1,656.19","1,657.21","1,661.99","1,640.68","","+1.10%"
"Dec 15, 2015","1,638.15","1,655.65","1,668.37","1,636.63","","-0.87%"
"Dec 14, 2015","1,652.61","1,644.18","1,653.97","1,630.85","","-1.09%"
"Dec 11, 2015","1,670.88","1,659.93","1,678.34","1,658.57","","+0.22%"
"Dec 10, 2015","1,667.13","1,673.79","1,680.35","1,666.35","","-1.48%"
"Dec 09, 2015","1,692.23","1,706.03","1,714.59","1,688.47","","-0.99%"
"Dec 08, 2015","1,709.16","1,721.95","1,728.95","1,706.83","","-0.70%"
"Dec 07, 2015","1,721.21","1,714.30","1,729.14","1,713.55","","+1.52%"
"Dec 04, 2015","1,695.41","1,694.26","1,705.29","1,690.31","","-1.67%"
"Dec 03, 2015","1,724.18","1,733.60","1,733.60","1,719.46","","-0.72%"
"Dec 02, 2015","1,736.76","1,730.72","1,741.14","1,730.72","","+0.22%"
"Dec 01, 2015","1,733.02","1,716.80","1,733.09","1,715.64","","+0.99%"
"Nov 30, 2015","1,715.96","1,715.02","1,720.05","1,706.96","","-0.48%"
"Nov 27, 2015","1,724.24","1,735.41","1,738.20","1,717.87","","-0.64%"
"Nov 26, 2015","1,735.32","1,729.28","1,741.92","1,728.06","","+0.56%"
"Nov 25, 2015","1,725.72","1,732.93","1,734.35","1,720.13","","-0.78%"
"Nov 24, 2015","1,739.34","1,724.41","1,742.15","1,724.41","","+0.93%"
"Nov 20, 2015","1,723.34","1,706.37","1,723.34","1,702.95","","+0.94%"
"Nov 19, 2015","1,707.29","1,704.15","1,716.76","1,701.20","","+0.99%"
"Nov 18, 2015","1,690.51","1,693.40","1,701.79","1,688.20","","+0.55%"
"Nov 17, 2015","1,681.31","1,682.26","1,689.24","1,671.96","","+0.85%"
"Nov 16, 2015","1,667.22","1,660.82","1,673.04","1,660.82","","-1.07%"
"Nov 13, 2015","1,685.32","1,674.59","1,686.57","1,671.60","","-0.11%"
"Nov 12, 2015","1,687.17","1,691.97","1,694.12","1,681.74","","-0.62%"
"Nov 11, 2015","1,697.67","1,686.45","1,699.07","1,686.45","","+0.62%"
"Nov 10, 2015","1,687.23","1,677.99","1,689.15","1,676.97","","-0.53%"
"Nov 09, 2015","1,696.23","1,691.31","1,700.09","1,686.03","","+0.84%"
"Nov 06, 2015","1,682.05","1,676.97","1,684.48","1,672.50","","+0.29%"
"Nov 05, 2015","1,677.21","1,681.18","1,685.67","1,673.85","","+0.12%"
"Nov 04, 2015","1,675.27","1,683.36","1,692.59","1,673.23","","+0.77%"
"Nov 02, 2015","1,662.40","1,681.65","1,684.18","1,658.48","","-2.09%"
"Oct 30, 2015","1,697.92","1,678.58","1,706.95","1,677.90","","+1.54%"
"Oct 29, 2015","1,672.23","1,676.46","1,679.97","1,662.18","","+0.21%"
"Oct 28, 2015","1,668.77","1,665.50","1,672.91","1,657.56","","+0.19%"
"Oct 27, 2015","1,665.64","1,680.71","1,687.04","1,664.82","","-0.81%"
"Oct 26, 2015","1,679.17","1,684.63","1,692.25","1,678.53","","+0.67%"
"Oct 23, 2015","1,667.97","1,667.87","1,671.80","1,657.24","","+1.75%"
"Oct 22, 2015","1,639.21","1,640.17","1,650.10","1,635.95","","-0.75%"
"Oct 21, 2015","1,651.57","1,632.06","1,654.34","1,631.69","","+0.92%"
"Oct 20, 2015","1,636.46","1,647.13","1,651.76","1,630.88","","+0.04%"
"Oct 19, 2015","1,635.80","1,638.57","1,645.82","1,630.69","","-0.34%"
"Oct 16, 2015","1,641.43","1,647.00","1,657.40","1,638.10","","+0.28%"
"Oct 15, 2015","1,636.82","1,594.97","1,637.63","1,594.50","","+2.35%"
"Oct 14, 2015","1,599.28","1,608.38","1,613.39","1,595.81","","-1.17%"
"Oct 13, 2015","1,618.23","1,616.84","1,629.93","1,615.09","","-0.20%"
"Oct 09, 2015","1,621.47","1,619.61","1,621.47","1,600.67","","+0.79%"
"Oct 08, 2015","1,608.78","1,630.75","1,631.03","1,602.57","","-1.70%"
"Oct 07, 2015","1,636.60","1,644.48","1,644.77","1,614.15","","-0.11%"
"Oct 06, 2015","1,638.43","1,654.65","1,659.12","1,635.68","","+0.18%"
"Oct 05, 2015","1,635.44","1,616.79","1,641.05","1,615.20","","+2.06%"
"Oct 02, 2015","1,602.46","1,577.10","1,602.50","1,577.10","","+0.76%"
"Oct 01, 2015","1,590.44","1,580.76","1,600.81","1,573.93","","+1.22%"
"Sep 30, 2015","1,571.29","1,552.60","1,577.99","1,550.80","","+2.35%"
"Sep 29, 2015","1,535.15","1,568.74","1,569.24","1,526.93","","-3.61%"
"Sep 28, 2015","1,592.72","1,573.62","1,594.82","1,565.17","","+1.21%"
"Sep 25, 2015","1,573.64","1,553.06","1,573.64","1,544.93","","+1.54%"
"Sep 24, 2015","1,549.83","1,552.56","1,568.49","1,549.83","","-1.50%"
"Sep 18, 2015","1,573.43","1,582.36","1,586.36","1,571.99","","-0.92%"
"Sep 17, 2015","1,587.96","1,578.82","1,590.86","1,567.70","","+1.20%"
"Sep 16, 2015","1,569.18","1,588.37","1,588.37","1,560.44","","-0.45%"
"Sep 15, 2015","1,576.29","1,583.95","1,596.85","1,573.20","","-0.12%"
"Sep 14, 2015","1,578.19","1,600.30","1,606.83","1,574.72","","-0.76%"
"Sep 11, 2015","1,590.20","1,559.65","1,601.48","1,559.65","","+1.43%"
"Sep 10, 2015","1,567.85","1,554.04","1,571.15","1,535.94","","-1.00%"
"Sep 09, 2015","1,583.76","1,527.88","1,583.76","1,527.73","","+5.69%"
"Sep 08, 2015","1,498.44","1,540.37","1,544.82","1,495.10","","-2.46%"
"Sep 07, 2015","1,536.22","1,525.78","1,546.30","1,508.05","","-0.42%"
"Sep 04, 2015","1,542.72","1,586.76","1,586.76","1,526.06","","-2.40%"
"Sep 03, 2015","1,580.64","1,595.11","1,601.50","1,579.21","","+0.35%"
"Sep 02, 2015","1,575.05","1,562.21","1,605.98","1,551.40","","-0.81%"
"Sep 01, 2015","1,587.93","1,645.04","1,646.69","1,587.93","","-4.29%"
"Aug 31, 2015","1,659.11","1,651.95","1,660.52","1,639.10","","-0.02%"
"Aug 28, 2015","1,659.52","1,649.15","1,662.81","1,643.91","","+2.61%"
"Aug 27, 2015","1,617.27","1,619.76","1,638.04","1,610.21","","+1.64%"
"Aug 26, 2015","1,591.12","1,546.46","1,594.17","1,536.48","","+3.77%"
"Aug 25, 2015","1,533.37","1,540.10","1,605.54","1,485.77","","-2.44%"
"Aug 24, 2015","1,571.80","1,643.53","1,646.16","1,571.80","","-6.18%"
"Aug 21, 2015","1,675.33","1,700.94","1,701.00","1,675.33","","-3.43%"
"Aug 20, 2015","1,734.76","1,751.26","1,755.72","1,734.76","","-1.36%"
"Aug 19, 2015","1,758.75","1,777.63","1,779.27","1,757.12","","-1.34%"
"Aug 18, 2015","1,782.69","1,808.36","1,808.36","1,779.68","","-1.32%"
"Aug 17, 2015","1,806.49","1,798.61","1,807.58","1,796.30","","+0.89%"
"Aug 14, 2015","1,790.55","1,781.52","1,795.74","1,781.52","","+0.21%"
"Aug 13, 2015","1,786.84","1,779.60","1,790.77","1,764.12","","0.00%"
"Aug 12, 2015","1,786.87","1,802.90","1,813.26","1,779.29","","-1.66%"
"Aug 11, 2015","1,817.04","1,838.09","1,838.14","1,808.17","","-0.87%"
"Aug 10, 2015","1,832.94","1,802.59","1,832.94","1,800.83","","+1.30%"
"Aug 07, 2015","1,809.46","1,810.32","1,810.45","1,789.95","","-0.67%"
"Aug 06, 2015","1,821.71","1,832.34","1,836.38","1,821.71","","-0.13%"
"Aug 05, 2015","1,824.13","1,825.56","1,830.89","1,813.21","","-0.10%"
"Aug 04, 2015","1,825.97","1,814.27","1,826.48","1,809.44","","+0.65%"
"Aug 03, 2015","1,814.26","1,801.54","1,814.82","1,795.24","","+0.76%"
"Jul 31, 2015","1,800.50","1,810.32","1,810.32","1,795.12","","-0.25%"
"Jul 30, 2015","1,804.99","1,809.03","1,811.17","1,799.75","","+0.36%"
"Jul 29, 2015","1,798.43","1,796.26","1,799.36","1,787.85","","+0.59%"
"Jul 28, 2015","1,787.92","1,766.18","1,796.68","1,757.70","","0.00%"
"Jul 27, 2015","1,787.84","1,803.66","1,806.58","1,780.90","","-1.33%"
"Jul 24, 2015","1,811.99","1,815.09","1,818.70","1,807.60","","+0.14%"
"Jul 23, 2015","1,809.45","1,800.12","1,813.20","1,799.66","","+0.99%"
"Jul 22, 2015","1,791.78","1,798.46","1,802.07","1,790.75","","-1.20%"
"Jul 21, 2015","1,813.61","1,812.03","1,816.35","1,806.59","","+0.94%"
"Jul 17, 2015","1,796.68","1,793.61","1,796.68","1,788.93","","+0.44%"
"Jul 16, 2015","1,788.85","1,776.29","1,788.85","1,772.98","","+1.35%"
"Jul 15, 2015","1,765.01","1,758.64","1,765.01","1,752.82","","+1.18%"
"Jul 14, 2015","1,744.50","1,749.14","1,750.92","1,737.97","","+1.25%"
"Jul 13, 2015","1,722.92","1,703.48","1,725.09","1,701.01","","+1.96%"
"Jul 10, 2015","1,689.76","1,708.50","1,720.02","1,685.23","","-0.32%"
"Jul 09, 2015","1,695.12","1,673.46","1,696.68","1,629.46","","-0.40%"
"Jul 08, 2015","1,701.87","1,749.91","1,750.57","1,699.08","","-3.26%"
"Jul 07, 2015","1,759.18","1,750.69","1,761.34","1,750.09","","+1.71%"
"Jul 06, 2015","1,729.53","1,732.96","1,750.61","1,722.88","","-1.67%"
"Jul 03, 2015","1,758.97","1,749.91","1,761.09","1,740.11","","+0.26%"
"Jul 02, 2015","1,754.39","1,759.76","1,765.33","1,750.88","","+0.86%"
"Jul 01, 2015","1,739.44","1,720.41","1,739.90","1,718.55","","+1.25%"
"Jun 30, 2015","1,718.00","1,703.57","1,719.36","1,703.57","","+1.12%"
"Jun 29, 2015","1,698.95","1,712.76","1,718.94","1,698.95","","-2.72%"
"Jun 26, 2015","1,746.41","1,746.67","1,753.37","1,737.45","","-0.47%"
"Jun 25, 2015","1,754.70","1,749.74","1,762.23","1,745.23","","+0.02%"
"Jun 24, 2015","1,754.28","1,756.21","1,758.97","1,747.84","","+0.12%"
"Jun 23, 2015","1,752.11","1,737.16","1,752.11","1,733.54","","+1.50%"
"Jun 22, 2015","1,726.17","1,711.53","1,726.17","1,711.53","","+0.69%"
"Jun 19, 2015","1,714.31","1,715.05","1,718.24","1,703.20","","+0.80%"
"Jun 18, 2015","1,700.68","1,704.32","1,709.07","1,694.30","","-0.24%"
"Jun 17, 2015","1,704.74","1,711.04","1,717.87","1,701.75","","-0.05%"
"Jun 16, 2015","1,705.65","1,715.53","1,716.08","1,705.10","","-0.93%"
"Jun 15, 2015","1,721.58","1,711.17","1,723.56","1,710.93","","+0.06%"
"Jun 12, 2015","1,720.61","1,724.52","1,727.80","1,715.73","","-0.02%"
"Jun 11, 2015","1,720.95","1,704.14","1,720.95","1,704.14","","+1.71%"
"Jun 10, 2015","1,692.06","1,688.42","1,701.97","1,685.48","","+0.69%"
"Jun 09, 2015","1,680.43","1,702.62","1,702.62","1,679.90","","-1.61%"
"Jun 08, 2015","1,708.00","1,723.65","1,723.65","1,705.30","","-1.11%"
"Jun 05, 2015","1,727.22","1,726.08","1,729.58","1,720.25","","-0.50%"
"Jun 04, 2015","1,735.86","1,742.68","1,742.84","1,730.06","","-0.53%"
"Jun 03, 2015","1,745.10","1,747.66","1,748.03","1,739.05","","-0.16%"
"Jun 02, 2015","1,747.93","1,744.22","1,753.16","1,743.07","","-0.02%"
"Jun 01, 2015","1,748.30","1,732.78","1,751.40","1,732.78","","+0.48%"
"May 29, 2015","1,739.98","1,747.09","1,752.40","1,739.98","","-0.38%"
"May 28, 2015","1,746.55","1,758.22","1,758.33","1,738.73","","-0.52%"
"May 27, 2015","1,755.74","1,759.58","1,761.98","1,751.42","","-0.46%"
"May 26, 2015","1,763.90","1,770.60","1,773.73","1,762.79","","-0.40%"
"May 25, 2015","1,770.90","1,770.35","1,773.59","1,765.57","","+0.20%"
"May 22, 2015","1,767.30","1,764.31","1,767.59","1,753.02","","+0.34%"
"May 21, 2015","1,761.32","1,771.39","1,779.91","1,760.17","","-0.19%"
"May 20, 2015","1,764.71","1,747.01","1,767.82","1,747.01","","+1.63%"
"May 19, 2015","1,736.40","1,728.16","1,742.43","1,727.82","","+0.49%"
"May 18, 2015","1,727.86","1,731.08","1,734.63","1,721.95","","-0.21%"
"May 15, 2015","1,731.43","1,689.15","1,731.85","1,689.00","","+3.30%"
"May 14, 2015","1,676.09","1,683.65","1,686.69","1,675.50","","-0.87%"
"May 13, 2015","1,690.81","1,678.87","1,693.64","1,672.42","","+0.17%"
"May 12, 2015","1,687.98","1,698.52","1,701.13","1,676.90","","-0.99%"
"May 11, 2015","1,704.92","1,710.38","1,715.76","1,703.00","","+1.03%"
"May 08, 2015","1,687.50","1,675.21","1,692.31","1,675.21","","+0.99%"
"May 07, 2015","1,670.92","1,687.93","1,696.44","1,667.88","","-2.05%"
"May 01, 2015","1,705.82","1,703.79","1,709.12","1,689.31","","-0.18%"
"Apr 30, 2015","1,708.98","1,738.21","1,738.21","1,707.36","","-2.65%"
"Apr 28, 2015","1,755.46","1,760.53","1,760.53","1,752.09","","-0.04%"
"Apr 27, 2015","1,756.14","1,760.16","1,764.37","1,751.87","","-0.25%"
"Apr 24, 2015","1,760.55","1,764.09","1,764.46","1,751.00","","-0.51%"
"Apr 23, 2015","1,769.65","1,786.60","1,788.17","1,764.04","","-0.64%"
"Apr 22, 2015","1,781.05","1,767.56","1,783.09","1,764.93","","+0.81%"
"Apr 21, 2015","1,766.77","1,746.14","1,766.77","1,739.47","","+2.06%"
"Apr 20, 2015","1,731.05","1,726.52","1,746.45","1,717.54","","-0.75%"
"Apr 17, 2015","1,744.08","1,765.24","1,765.24","1,740.76","","-1.62%"
"Apr 16, 2015","1,772.86","1,780.61","1,781.54","1,751.79","","-0.46%"
"Apr 15, 2015","1,781.09","1,781.43","1,791.86","1,777.96","","-0.64%"
"Apr 14, 2015","1,792.55","1,785.50","1,799.14","1,785.38","","-0.18%"
"Apr 13, 2015","1,795.86","1,806.76","1,809.11","1,783.84","","-0.33%"
"Apr 10, 2015","1,801.72","1,815.66","1,815.66","1,801.09","","-0.54%"
"Apr 09, 2015","1,811.54","1,800.30","1,811.54","1,795.66","","+1.01%"
"Apr 08, 2015","1,793.51","1,778.34","1,799.49","1,776.89","","+1.38%"
"Apr 07, 2015","1,769.06","1,775.91","1,779.60","1,760.93","","+0.49%"
"Apr 06, 2015","1,760.51","1,744.83","1,761.88","1,740.98","","+0.60%"
"Apr 03, 2015","1,749.98","1,728.58","1,749.98","1,726.75","","+1.10%"
"Apr 02, 2015","1,730.88","1,716.12","1,740.03","1,715.67","","+1.71%"
"Apr 01, 2015","1,701.78","1,711.76","1,715.28","1,685.01","","-0.85%"
"Mar 31, 2015","1,716.33","1,755.13","1,761.02","1,716.33","","-1.19%"
"Mar 30, 2015","1,737.03","1,732.31","1,743.81","1,721.62","","+0.68%"
"Mar 27, 2015","1,725.34","1,714.30","1,749.33","1,708.22","","+0.34%"
"Mar 26, 2015","1,719.48","1,729.54","1,733.32","1,714.47","","-1.30%"
"Mar 25, 2015","1,742.11","1,741.03","1,746.28","1,726.96","","-0.04%"
"Mar 24, 2015","1,742.81","1,751.06","1,752.78","1,733.73","","-0.54%"
"Mar 23, 2015","1,752.27","1,759.17","1,763.92","1,748.89","","-0.22%"
"Mar 20, 2015","1,756.08","1,746.85","1,756.08","1,731.13","","+0.79%"
"Mar 19, 2015","1,742.23","1,741.51","1,751.65","1,726.52","","+0.41%"
"Mar 18, 2015","1,735.09","1,718.00","1,735.48","1,716.27","","+1.21%"
"Mar 17, 2015","1,714.41","1,714.35","1,715.86","1,703.91","","+0.79%"
"Mar 16, 2015","1,701.01","1,696.09","1,711.42","1,694.07","","+0.16%"
"Mar 13, 2015","1,698.30","1,688.44","1,703.41","1,682.48","","+1.16%"
"Mar 12, 2015","1,678.75","1,660.93","1,682.64","1,660.66","","+1.29%"
"Mar 11, 2015","1,657.43","1,643.76","1,663.25","1,641.50","","+0.11%"
"Mar 10, 2015","1,655.68","1,681.83","1,685.52","1,647.32","","-1.02%"
"Mar 09, 2015","1,672.79","1,670.20","1,678.61","1,654.53","","+0.31%"
"Mar 06, 2015","1,667.58","1,656.15","1,668.50","1,654.29","","+0.67%"
"Mar 05, 2015","1,656.46","1,639.72","1,657.46","1,636.69","","+0.45%"
"Mar 04, 2015","1,649.03","1,641.30","1,651.40","1,626.96","","-0.15%"
"Mar 03, 2015","1,651.53","1,660.52","1,664.69","1,642.51","","+0.02%"
"Mar 02, 2015","1,651.12","1,647.48","1,655.33","1,644.05","","+0.86%"
"Feb 27, 2015","1,637.12","1,625.62","1,644.73","1,624.62","","+1.14%"
"Feb 26, 2015","1,618.68","1,598.88","1,619.25","1,598.88","","+1.17%"
"Feb 25, 2015","1,600.00","1,602.49","1,609.97","1,596.97","","+0.26%"
"Feb 24, 2015","1,595.82","1,590.58","1,597.97","1,584.56","","+0.15%"
"Feb 23, 2015","1,593.38","1,596.76","1,599.97","1,586.07","","+0.50%"
"Feb 20, 2015","1,585.49","1,579.59","1,586.16","1,572.73","","+1.00%"
"Feb 19, 2015","1,569.77","1,556.42","1,571.45","1,556.42","","+0.98%"
"Feb 18, 2015","1,554.60","1,543.07","1,555.57","1,543.07","","+1.69%"
"Feb 17, 2015","1,528.80","1,525.59","1,532.35","1,519.88","","+0.17%"
"Feb 16, 2015","1,526.18","1,529.08","1,532.43","1,521.80","","+0.35%"
"Feb 13, 2015","1,520.83","1,514.29","1,526.22","1,514.29","","+0.26%"
"Feb 12, 2015","1,516.89","1,507.97","1,520.71","1,503.62","","+1.72%"
"Feb 10, 2015","1,491.21","1,483.49","1,491.21","1,480.32","","+0.81%"
"Feb 09, 2015","1,479.26","1,497.99","1,498.43","1,474.37","","-0.45%"
"Feb 06, 2015","1,485.98","1,490.86","1,494.10","1,482.75","","+0.28%"
"Feb 05, 2015","1,481.79","1,486.31","1,490.21","1,477.24","","-0.20%"
"Feb 04, 2015","1,484.74","1,485.85","1,498.46","1,476.62","","+1.10%"
"Feb 03, 2015","1,468.52","1,499.70","1,501.41","1,462.23","","-1.47%"
"Feb 02, 2015","1,490.46","1,480.79","1,491.76","1,476.48","","-0.15%"
"Jan 30, 2015","1,492.70","1,505.14","1,507.85","1,491.06","","-0.28%"
"Jan 29, 2015","1,496.84","1,506.64","1,510.71","1,494.50","","-0.98%"
"Jan 28, 2015","1,511.64","1,484.31","1,514.34","1,484.31","","+0.97%"
"Jan 27, 2015","1,497.05","1,479.70","1,497.05","1,477.30","","+2.08%"
"Jan 26, 2015","1,466.56","1,452.39","1,466.56","1,451.36","","-0.12%"
"Jan 23, 2015","1,468.28","1,483.16","1,485.05","1,464.72","","-0.37%"
"Jan 22, 2015","1,473.77","1,487.65","1,488.14","1,467.90","","-1.32%"
"Jan 21, 2015","1,493.52","1,490.77","1,494.69","1,480.76","","-0.04%"
"Jan 20, 2015","1,494.05","1,474.17","1,494.05","1,472.80","","+1.52%"
"Jan 19, 2015","1,471.69","1,463.86","1,472.67","1,457.05","","+1.20%"
"Jan 16, 2015","1,454.31","1,457.13","1,461.44","1,433.21","","-1.49%"
"Jan 15, 2015","1,476.32","1,459.11","1,479.93","1,454.78","","+1.59%"
"Jan 14, 2015","1,453.24","1,456.50","1,466.20","1,451.33","","-0.75%"
"Jan 13, 2015","1,464.29","1,444.22","1,464.31","1,436.88","","+0.68%"
"Jan 09, 2015","1,454.44","1,461.91","1,462.82","1,449.37","","-0.02%"
"Jan 08, 2015","1,454.69","1,453.93","1,459.86","1,448.92","","+1.01%"
"Jan 07, 2015","1,440.10","1,432.03","1,448.96","1,431.45","","+0.17%"
"Jan 06, 2015","1,437.61","1,452.27","1,460.29","1,437.61","","-2.54%"
"Jan 05, 2015","1,475.01","1,469.19","1,484.00","1,461.20","","+0.05%"
"Dec 30, 2014","1,474.29","1,491.63","1,491.63","1,474.29","","-1.15%"
"Dec 29, 2014","1,491.39","1,505.99","1,506.01","1,476.80","","-0.50%"
"Dec 26, 2014","1,498.87","1,488.87","1,500.58","1,488.87","","+0.72%"
"Dec 25, 2014","1,488.20","1,483.87","1,492.02","1,483.87","","+0.09%"
"Dec 24, 2014","1,486.91","1,487.76","1,488.53","1,481.85","","+0.78%"
"Dec 22, 2014","1,475.44","1,478.27","1,479.15","1,467.24","","+0.57%"
"Dec 19, 2014","1,467.04","1,461.72","1,467.04","1,456.56","","+1.75%"
"Dec 18, 2014","1,441.76","1,423.42","1,441.92","1,422.69","","+3.03%"
"Dec 17, 2014","1,399.40","1,393.65","1,409.73","1,393.20","","+0.04%"
"Dec 16, 2014","1,398.84","1,405.20","1,407.76","1,397.30","","-1.40%"
"Dec 15, 2014","1,418.69","1,415.98","1,431.84","1,414.59","","-0.54%"
"Dec 12, 2014","1,426.44","1,419.13","1,439.42","1,418.93","","+0.58%"
"Dec 11, 2014","1,418.23","1,411.53","1,420.86","1,405.88","","-0.77%"
"Dec 10, 2014","1,429.22","1,436.18","1,442.63","1,422.76","","-1.37%"
"Dec 09, 2014","1,449.10","1,449.63","1,454.86","1,446.68","","-0.21%"
"Dec 08, 2014","1,452.17","1,450.69","1,454.85","1,445.04","","+0.57%"
"Dec 05, 2014","1,443.95","1,441.15","1,444.84","1,437.31","","-0.18%"
"Dec 04, 2014","1,446.54","1,450.56","1,452.08","1,443.96","","+0.35%"
"Dec 03, 2014","1,441.55","1,447.92","1,448.61","1,438.87","","+0.13%"
"Dec 02, 2014","1,439.64","1,435.37","1,441.66","1,431.52","","-0.04%"
"Dec 01, 2014","1,440.18","1,434.71","1,446.55","1,432.69","","+0.73%"
"Nov 28, 2014","1,429.80","1,414.86","1,430.93","1,414.54","","+1.53%"
"Nov 27, 2014","1,408.28","1,415.81","1,420.38","1,405.87","","-0.58%"
"Nov 26, 2014","1,416.50","1,412.65","1,419.84","1,409.04","","+0.27%"
"Nov 25, 2014","1,412.69","1,428.85","1,428.85","1,410.25","","-0.51%"
"Nov 21, 2014","1,419.91","1,415.83","1,421.21","1,404.01","","+0.04%"
"Nov 20, 2014","1,419.40","1,427.62","1,429.56","1,417.75","","+0.07%"
"Nov 19, 2014","1,418.42","1,424.14","1,432.55","1,415.84","","-0.26%"
"Nov 18, 2014","1,422.08","1,402.16","1,422.08","1,402.16","","+2.54%"
"Nov 17, 2014","1,386.80","1,422.97","1,425.68","1,383.58","","-2.97%"
"Nov 14, 2014","1,429.23","1,433.73","1,433.73","1,411.78","","+0.44%"
"Nov 13, 2014","1,422.98","1,404.89","1,423.68","1,399.07","","+1.42%"
"Nov 12, 2014","1,403.05","1,402.82","1,416.77","1,401.90","","+0.64%"
"Nov 11, 2014","1,394.11","1,382.41","1,396.53","1,381.18","","+1.36%"
"Nov 10, 2014","1,375.37","1,372.73","1,381.67","1,370.75","","+0.05%"
"Nov 07, 2014","1,374.74","1,371.14","1,377.56","1,369.32","","+1.09%"
"Nov 06, 2014","1,359.93","1,367.41","1,385.38","1,359.06","","-0.18%"
"Nov 05, 2014","1,362.34","1,353.72","1,364.29","1,348.22","","-0.05%"
"Nov 04, 2014","1,362.96","1,360.27","1,380.26","1,358.94","","+1.99%"
"Oct 31, 2014","1,336.38","1,295.90","1,342.45","1,295.90","","+4.19%"
"Oct 30, 2014","1,282.60","1,276.66","1,288.44","1,275.10","","+0.71%"
"Oct 29, 2014","1,273.52","1,270.88","1,276.98","1,264.61","","+1.06%"
"Oct 28, 2014","1,260.13","1,258.84","1,264.59","1,255.09","","-0.22%"
"Oct 27, 2014","1,262.87","1,258.38","1,265.16","1,254.99","","+0.99%"
"Oct 24, 2014","1,250.52","1,253.34","1,254.23","1,244.87","","+0.91%"
"Oct 23, 2014","1,239.21","1,235.67","1,245.00","1,234.00","","-0.20%"
"Oct 22, 2014","1,241.75","1,226.37","1,242.77","1,224.29","","+2.85%"
"Oct 21, 2014","1,207.33","1,225.92","1,226.34","1,203.73","","-1.20%"
"Oct 20, 2014","1,221.95","1,197.25","1,223.11","1,196.09","","+4.09%"
"Oct 17, 2014","1,173.97","1,195.27","1,199.08","1,173.80","","-1.70%"
"Oct 16, 2014","1,194.29","1,197.89","1,206.18","1,191.89","","-1.98%"
"Oct 15, 2014","1,218.39","1,214.66","1,219.77","1,207.29","","+0.71%"
"Oct 14, 2014","1,209.82","1,211.30","1,219.72","1,205.44","","-1.74%"
"Oct 10, 2014","1,231.20","1,227.51","1,235.25","1,222.19","","-1.08%"
"Oct 09, 2014","1,244.62","1,265.90","1,266.07","1,243.51","","-1.44%"
"Oct 08, 2014","1,262.79","1,260.93","1,266.39","1,255.66","","-1.13%"
"Oct 07, 2014","1,277.17","1,284.76","1,287.01","1,274.55","","-0.58%"
"Oct 06, 2014","1,284.61","1,286.69","1,289.55","1,281.54","","+0.94%"
"Oct 03, 2014","1,272.64","1,260.57","1,272.64","1,260.57","","+0.74%"
"Oct 02, 2014","1,263.25","1,282.27","1,283.88","1,262.07","","-2.30%"
"Oct 01, 2014","1,292.99","1,306.98","1,308.53","1,292.99","","-1.27%"
"Sep 30, 2014","1,309.63","1,318.63","1,318.63","1,301.45","","-0.99%"
"Sep 29, 2014","1,322.73","1,322.64","1,323.66","1,318.56","","+0.41%"
"Sep 26, 2014","1,317.27","1,307.42","1,320.67","1,307.42","","-0.64%"
"Sep 25, 2014","1,325.73","1,315.20","1,325.73","1,314.30","","+1.37%"
"Sep 24, 2014","1,307.77","1,301.56","1,308.53","1,301.56","","-0.21%"
"Sep 22, 2014","1,310.57","1,308.72","1,311.14","1,304.39","","+0.21%"
"Sep 19, 2014","1,307.81","1,307.19","1,310.42","1,302.07","","+0.37%"
"Sep 18, 2014","1,302.95","1,300.19","1,307.09","1,299.44","","+0.70%"
"Sep 17, 2014","1,293.86","1,298.07","1,300.63","1,293.86","","-0.16%"
"Sep 16, 2014","1,295.90","1,291.11","1,297.34","1,288.71","","+0.24%"
"Sep 12, 2014","1,292.75","1,293.53","1,296.99","1,288.20","","-0.23%"
"Sep 11, 2014","1,295.72","1,301.49","1,301.93","1,290.63","","-0.01%"
"Sep 10, 2014","1,295.89","1,289.31","1,296.67","1,285.78","","+0.44%"
"Sep 09, 2014","1,290.22","1,303.25","1,303.25","1,290.00","","-0.87%"
"Sep 08, 2014","1,301.48","1,306.73","1,307.25","1,295.19","","-0.65%"
"Sep 05, 2014","1,309.95","1,323.91","1,323.91","1,304.31","","-0.34%"
"Sep 04, 2014","1,314.39","1,323.14","1,324.16","1,313.32","","-0.72%"
"Sep 03, 2014","1,323.88","1,338.64","1,338.76","1,322.65","","-0.70%"
"Sep 02, 2014","1,333.19","1,324.62","1,336.05","1,322.80","","+1.02%"
"Sep 01, 2014","1,319.77","1,320.37","1,321.56","1,313.95","","-0.01%"
"Aug 29, 2014","1,319.91","1,319.64","1,324.64","1,312.59","","-0.03%"
"Aug 28, 2014","1,320.37","1,323.60","1,325.95","1,318.21","","-0.66%"
"Aug 27, 2014","1,329.13","1,334.50","1,340.07","1,322.94","","-0.40%"
"Aug 26, 2014","1,334.50","1,341.82","1,343.84","1,333.88","","-0.66%"
"Aug 25, 2014","1,343.37","1,343.88","1,344.56","1,339.46","","+0.33%"
"Aug 22, 2014","1,338.98","1,338.94","1,344.25","1,336.13","","+0.26%"
"Aug 21, 2014","1,335.46","1,336.63","1,337.46","1,329.79","","+0.17%"
"Aug 20, 2014","1,333.20","1,328.13","1,337.41","1,327.27","","+0.57%"
"Aug 19, 2014","1,325.59","1,331.07","1,331.07","1,322.15","","+0.41%"
"Aug 18, 2014","1,320.14","1,316.90","1,320.96","1,313.73","","+0.26%"
"Aug 15, 2014","1,316.68","1,314.94","1,317.94","1,313.31","","+0.14%"
"Aug 14, 2014","1,314.84","1,309.27","1,318.52","1,308.54","","+0.81%"
"Aug 13, 2014","1,304.29","1,299.42","1,305.80","1,298.17","","+0.37%"
"Aug 12, 2014","1,299.53","1,297.55","1,305.54","1,296.91","","+0.30%"
"Aug 11, 2014","1,295.61","1,286.66","1,296.95","1,284.69","","+2.00%"
"Aug 08, 2014","1,270.19","1,285.18","1,291.61","1,264.27","","-1.57%"
"Aug 07, 2014","1,290.50","1,277.47","1,290.50","1,271.67","","+1.03%"
"Aug 06, 2014","1,277.34","1,289.89","1,291.07","1,274.94","","-1.26%"
"Aug 05, 2014","1,293.63","1,304.92","1,309.03","1,293.34","","-0.21%"
"Aug 04, 2014","1,296.38","1,297.15","1,302.52","1,293.37","","-0.32%"
"Aug 01, 2014","1,300.59","1,299.69","1,306.00","1,297.63","","-0.80%"
"Jul 31, 2014","1,311.06","1,322.98","1,325.82","1,309.97","","-0.66%"
"Jul 30, 2014","1,319.73","1,316.86","1,324.71","1,316.84","","+0.29%"
"Jul 29, 2014","1,315.92","1,310.21","1,316.73","1,308.55","","+0.59%"
"Jul 28, 2014","1,308.24","1,302.65","1,310.28","1,301.53","","+0.34%"
"Jul 25, 2014","1,303.82","1,295.50","1,303.83","1,294.08","","+1.02%"
"Jul 24, 2014","1,290.61","1,295.69","1,296.41","1,286.99","","+0.02%"
"Jul 23, 2014","1,290.30","1,291.84","1,292.64","1,287.32","","-0.02%"
"Jul 22, 2014","1,290.53","1,288.20","1,293.12","1,286.01","","+0.40%"
"Jul 18, 2014","1,285.37","1,281.34","1,289.67","1,279.17","","-0.80%"
"Jul 17, 2014","1,295.78","1,301.16","1,302.64","1,293.11","","-0.28%"
"Jul 16, 2014","1,299.48","1,300.23","1,304.93","1,297.42","","+0.39%"
"Jul 15, 2014","1,294.46","1,287.26","1,296.04","1,287.08","","+0.87%"
"Jul 14, 2014","1,283.34","1,275.20","1,283.72","1,272.29","","+0.68%"
"Jul 11, 2014","1,274.69","1,266.18","1,277.02","1,266.15","","-0.27%"
"Jul 10, 2014","1,278.19","1,290.26","1,290.73","1,278.10","","-0.84%"
"Jul 09, 2014","1,289.01","1,282.79","1,291.26","1,281.09","","-0.47%"
"Jul 08, 2014","1,295.09","1,289.99","1,301.90","1,285.64","","-0.22%"
"Jul 07, 2014","1,297.91","1,305.39","1,305.39","1,297.85","","-0.40%"
"Jul 04, 2014","1,303.08","1,308.22","1,308.24","1,299.08","","+0.45%"
"Jul 03, 2014","1,297.24","1,305.99","1,305.99","1,295.14","","-0.54%"
"Jul 02, 2014","1,304.27","1,304.33","1,308.93","1,301.96","","+0.76%"
"Jul 01, 2014","1,294.47","1,279.84","1,296.93","1,278.12","","+1.32%"
"Jun 30, 2014","1,277.63","1,270.66","1,278.11","1,266.42","","+1.03%"
"Jun 27, 2014","1,264.65","1,279.53","1,280.26","1,257.84","","-0.95%"
"Jun 26, 2014","1,276.83","1,274.49","1,279.66","1,273.27","","+0.76%"
"Jun 25, 2014","1,267.17","1,270.27","1,277.65","1,267.17","","-0.59%"
"Jun 24, 2014","1,274.68","1,268.51","1,277.97","1,263.78","","+0.43%"
"Jun 23, 2014","1,269.24","1,275.18","1,275.18","1,267.11","","+0.11%"
"Jun 20, 2014","1,267.86","1,274.79","1,274.90","1,263.23","","-0.39%"
"Jun 19, 2014","1,272.80","1,263.83","1,273.03","1,259.74","","+0.83%"
"Jun 18, 2014","1,262.30","1,261.48","1,266.16","1,257.09","","+0.54%"
"Jun 17, 2014","1,255.55","1,254.63","1,258.76","1,252.87","","+0.18%"
"Jun 16, 2014","1,253.29","1,265.04","1,265.72","1,248.97","","-1.15%"
"Jun 13, 2014","1,267.91","1,255.73","1,269.40","1,250.08","","+0.18%"
"Jun 12, 2014","1,265.57","1,260.20","1,269.78","1,256.01","","-0.29%"
"Jun 11, 2014","1,269.22","1,260.04","1,269.43","1,257.59","","+0.69%"
"Jun 10, 2014","1,260.53","1,277.69","1,280.63","1,258.69","","-1.39%"
"Jun 09, 2014","1,278.29","1,282.90","1,286.27","1,276.75","","+0.11%"
"Jun 06, 2014","1,276.94","1,276.33","1,278.53","1,271.92","","+0.32%"
"Jun 05, 2014","1,272.85","1,275.26","1,277.90","1,266.25","","-0.15%"
"Jun 04, 2014","1,274.82","1,265.79","1,274.82","1,262.95","","+0.70%"
"Jun 03, 2014","1,265.94","1,268.04","1,269.09","1,261.68","","+0.44%"
"Jun 02, 2014","1,260.41","1,249.27","1,261.80","1,249.21","","+1.77%"
"May 30, 2014","1,238.53","1,239.14","1,245.54","1,235.24","","+0.26%"
"May 29, 2014","1,235.26","1,223.65","1,238.52","1,222.48","","+0.51%"
"May 28, 2014","1,229.00","1,227.81","1,233.15","1,224.69","","+0.34%"
"May 27, 2014","1,224.88","1,228.26","1,237.57","1,224.88","","-0.02%"
"May 26, 2014","1,225.07","1,212.85","1,225.07","1,210.65","","+2.09%"
"May 23, 2014","1,199.94","1,190.63","1,204.83","1,190.63","","+1.09%"
"May 22, 2014","1,186.97","1,178.99","1,188.08","1,172.91","","+1.39%"
"May 21, 2014","1,170.75","1,159.41","1,171.22","1,159.28","","+0.38%"
"May 20, 2014","1,166.30","1,159.35","1,170.74","1,158.06","","+1.30%"
"May 19, 2014","1,151.32","1,164.48","1,166.64","1,151.15","","-1.13%"
"May 16, 2014","1,164.51","1,161.86","1,166.20","1,155.97","","-0.88%"
"May 15, 2014","1,174.88","1,168.72","1,175.32","1,163.95","","-0.30%"
"May 14, 2014","1,178.39","1,171.48","1,178.90","1,167.56","","+0.18%"
"May 13, 2014","1,176.33","1,181.38","1,183.00","1,173.20","","+1.03%"
"May 12, 2014","1,164.36","1,173.55","1,178.53","1,164.09","","-0.77%"
"May 09, 2014","1,173.37","1,173.48","1,176.82","1,168.43","","-0.28%"
"May 08, 2014","1,176.63","1,175.93","1,183.57","1,172.03","","+0.09%"
"May 07, 2014","1,175.61","1,184.74","1,185.56","1,175.61","","-1.69%"
"May 02, 2014","1,195.84","1,195.68","1,196.71","1,190.08","","-0.22%"
"May 01, 2014","1,198.50","1,177.70","1,198.58","1,176.29","","+1.82%"
"Apr 30, 2014","1,177.09","1,192.39","1,194.81","1,174.67","","-1.22%"
"Apr 28, 2014","1,191.58","1,184.71","1,191.68","1,180.37","","-0.24%"
"Apr 25, 2014","1,194.46","1,188.42","1,201.63","1,185.97","","+0.61%"
"Apr 24, 2014","1,187.25","1,195.91","1,196.40","1,184.80","","-0.88%"
"Apr 23, 2014","1,197.83","1,190.69","1,197.83","1,188.96","","+1.41%"
"Apr 22, 2014","1,181.20","1,196.67","1,199.17","1,181.20","","-0.92%"
"Apr 21, 2014","1,192.15","1,196.77","1,201.74","1,190.23","","-0.15%"
"Apr 18, 2014","1,194.00","1,185.66","1,194.00","1,181.61","","+1.17%"
"Apr 17, 2014","1,180.23","1,176.92","1,186.54","1,175.34","","+0.47%"
"Apr 16, 2014","1,174.67","1,149.67","1,174.67","1,149.66","","+3.30%"
"Apr 15, 2014","1,137.17","1,149.27","1,149.27","1,134.85","","-0.32%"
"Apr 14, 2014","1,140.81","1,142.45","1,153.23","1,140.37","","-0.42%"
"Apr 11, 2014","1,145.62","1,144.73","1,152.52","1,134.84","","-1.71%"
"Apr 10, 2014","1,165.54","1,179.95","1,185.78","1,161.53","","-0.14%"
"Apr 09, 2014","1,167.17","1,174.09","1,181.85","1,165.28","","-1.58%"
"Apr 08, 2014","1,185.96","1,190.92","1,193.54","1,182.82","","-0.94%"
"Apr 07, 2014","1,197.25","1,201.32","1,204.53","1,193.97","","-1.46%"
"Apr 04, 2014","1,214.96","1,211.44","1,216.53","1,209.59","","+0.30%"
"Apr 03, 2014","1,211.36","1,212.72","1,216.12","1,207.25","","+0.52%"
"Apr 02, 2014","1,205.12","1,205.01","1,214.45","1,202.88","","+0.48%"
"Apr 01, 2014","1,199.33","1,204.15","1,204.15","1,191.07","","-0.26%"
"Mar 31, 2014","1,202.47","1,203.60","1,203.60","1,189.10","","+0.78%"
"Mar 28, 2014","1,193.22","1,174.07","1,194.62","1,170.62","","+1.50%"
"Mar 27, 2014","1,175.64","1,158.75","1,177.25","1,147.34","","+0.53%"
"Mar 26, 2014","1,169.44","1,175.94","1,181.11","1,164.98","","+0.22%"
"Mar 25, 2014","1,166.84","1,174.58","1,181.65","1,166.25","","-0.22%"
"Mar 24, 2014","1,169.43","1,152.39","1,180.12","1,152.39","","+2.12%"
"Mar 20, 2014","1,145.12","1,168.80","1,169.22","1,143.90","","-1.83%"
"Mar 19, 2014","1,166.43","1,172.71","1,179.66","1,155.70","","-0.07%"
"Mar 18, 2014","1,167.28","1,161.29","1,174.56","1,161.29","","+2.12%"
"Mar 17, 2014","1,143.09","1,152.23","1,157.52","1,139.01","","-1.37%"
"Mar 14, 2014","1,158.99","1,179.36","1,180.93","1,157.86","","-3.40%"
"Mar 13, 2014","1,199.74","1,211.49","1,213.70","1,197.52","","-0.56%"
"Mar 12, 2014","1,206.49","1,214.44","1,217.13","1,206.22","","-1.71%"
"Mar 11, 2014","1,227.51","1,229.53","1,231.68","1,222.51","","+0.12%"
"Mar 10, 2014","1,226.05","1,225.01","1,232.21","1,221.03","","-0.03%"
"Mar 07, 2014","1,226.46","1,227.25","1,229.03","1,217.24","","+0.75%"
"Mar 06, 2014","1,217.39","1,208.51","1,221.48","1,201.49","","+0.78%"
"Mar 05, 2014","1,207.93","1,210.24","1,217.53","1,204.82","","+0.68%"
"Mar 04, 2014","1,199.77","1,180.09","1,200.49","1,179.34","","+0.72%"
"Mar 03, 2014","1,191.16","1,194.53","1,196.71","1,176.12","","-1.27%"
"Feb 28, 2014","1,206.48","1,212.71","1,213.56","1,197.84","","-0.69%"
"Feb 27, 2014","1,214.86","1,220.84","1,223.65","1,211.69","","-1.16%"
"Feb 26, 2014","1,229.08","1,229.88","1,237.38","1,228.05","","-1.13%"
"Feb 25, 2014","1,243.07","1,237.91","1,244.14","1,230.58","","+1.73%"
"Feb 24, 2014","1,221.90","1,216.10","1,236.91","1,210.80","","+0.29%"
"Feb 21, 2014","1,218.37","1,203.44","1,219.73","1,203.24","","+2.43%"
"Feb 20, 2014","1,189.45","1,210.39","1,214.85","1,187.36","","-2.32%"
"Feb 19, 2014","1,217.72","1,211.56","1,218.68","1,205.52","","+0.10%"
"Feb 18, 2014","1,216.55","1,198.52","1,218.86","1,189.90","","+1.85%"
"Feb 17, 2014","1,194.40","1,202.23","1,206.79","1,182.03","","-0.72%"
"Feb 14, 2014","1,203.11","1,220.23","1,227.28","1,195.23","","-1.25%"
"Feb 13, 2014","1,218.38","1,235.36","1,235.36","1,214.89","","-1.46%"
"Feb 12, 2014","1,236.47","1,237.05","1,246.98","1,234.63","","+1.11%"
"Feb 10, 2014","1,222.91","1,214.83","1,223.49","1,212.44","","+2.29%"
"Feb 07, 2014","1,195.52","1,195.39","1,197.72","1,182.39","","+1.37%"
"Feb 06, 2014","1,179.41","1,176.66","1,188.47","1,172.44","","+0.56%"
"Feb 05, 2014","1,172.86","1,176.33","1,184.00","1,155.36","","+1.06%"
"Feb 04, 2014","1,160.58","1,203.84","1,204.07","1,160.58","","-5.46%"
"Feb 03, 2014","1,227.56","1,247.15","1,253.33","1,227.56","","-2.61%"
"Jan 31, 2014","1,260.43","1,262.68","1,272.42","1,243.37","","+0.07%"
"Jan 30, 2014","1,259.52","1,263.23","1,265.59","1,251.12","","-1.75%"
"Jan 29, 2014","1,281.99","1,257.46","1,281.99","1,255.96","","+3.21%"
"Jan 28, 2014","1,242.06","1,252.56","1,262.25","1,242.06","","-0.58%"
"Jan 27, 2014","1,249.32","1,258.87","1,260.61","1,248.73","","-2.48%"
"Jan 24, 2014","1,281.09","1,281.34","1,287.71","1,275.89","","-1.13%"
"Jan 23, 2014","1,295.71","1,313.76","1,315.08","1,295.71","","-0.85%"
"Jan 22, 2014","1,306.77","1,299.19","1,308.61","1,290.43","","+0.80%"
"Jan 21, 2014","1,296.46","1,297.75","1,305.12","1,296.28","","+0.11%"
"Jan 20, 2014","1,295.00","1,296.06","1,297.11","1,288.48","","+0.01%"
"Jan 17, 2014","1,294.91","1,285.73","1,296.46","1,285.73","","+0.95%"
"Jan 16, 2014","1,282.77","1,292.25","1,296.00","1,281.41","","-0.69%"
"Jan 15, 2014","1,291.71","1,286.93","1,291.71","1,279.82","","+1.42%"
"Jan 14, 2014","1,273.57","1,279.28","1,281.24","1,268.69","","-1.41%"
"Jan 10, 2014","1,291.79","1,283.57","1,291.79","1,275.28","","+0.24%"
"Jan 09, 2014","1,288.75","1,289.79","1,290.76","1,279.92","","-0.44%"
"Jan 08, 2014","1,294.39","1,279.50","1,294.39","1,279.20","","+1.87%"
"Jan 07, 2014","1,270.63","1,282.24","1,283.09","1,269.01","","-1.18%"
"Jan 06, 2014","1,285.84","1,294.26","1,294.26","1,279.20","","-0.91%"
"Dec 30, 2013","1,297.59","1,290.80","1,299.33","1,290.25","","+1.08%"
"Dec 27, 2013","1,283.78","1,278.74","1,284.06","1,271.57","","+0.92%"
"Dec 26, 2013","1,272.06","1,258.65","1,273.89","1,258.30","","+1.57%"
"Dec 25, 2013","1,252.42","1,240.53","1,252.74","1,240.53","","+0.63%"
"Dec 24, 2013","1,244.61","1,249.69","1,254.09","1,242.22","","-0.36%"
"Dec 20, 2013","1,249.05","1,249.69","1,250.31","1,243.23","","-0.41%"
"Dec 19, 2013","1,254.14","1,254.47","1,257.44","1,250.00","","+0.76%"
"Dec 18, 2013","1,244.74","1,236.72","1,244.74","1,236.25","","+0.47%"
"Dec 17, 2013","1,238.92","1,236.58","1,240.82","1,230.92","","+0.70%"
"Dec 16, 2013","1,230.34","1,255.75","1,256.14","1,230.16","","-1.68%"
"Dec 13, 2013","1,251.33","1,249.82","1,261.03","1,243.38","","-0.15%"
"Dec 12, 2013","1,253.15","1,257.62","1,259.13","1,247.82","","-0.86%"
"Dec 11, 2013","1,264.07","1,265.57","1,269.29","1,255.98","","-0.47%"
"Dec 10, 2013","1,270.01","1,268.40","1,271.60","1,263.71","","+0.03%"
"Dec 09, 2013","1,269.60","1,262.19","1,269.60","1,261.14","","+1.68%"
"Dec 06, 2013","1,248.63","1,244.22","1,250.97","1,237.79","","+0.14%"
"Dec 05, 2013","1,246.90","1,258.49","1,266.59","1,246.90","","-1.21%"
"Dec 04, 2013","1,262.11","1,268.63","1,272.22","1,258.20","","-1.54%"
"Dec 03, 2013","1,281.80","1,283.82","1,287.02","1,278.14","","+0.20%"
"Dec 02, 2013","1,279.27","1,274.61","1,281.10","1,274.25","","+0.53%"
"Nov 29, 2013","1,272.48","1,267.55","1,274.68","1,260.14","","+0.25%"
"Nov 28, 2013","1,269.29","1,264.41","1,269.29","1,261.08","","+0.83%"
"Nov 27, 2013","1,258.83","1,259.03","1,265.68","1,257.12","","-0.75%"
"Nov 26, 2013","1,268.30","1,266.85","1,269.69","1,262.75","","-0.33%"
"Nov 25, 2013","1,272.55","1,273.22","1,276.04","1,269.22","","+0.43%"
"Nov 22, 2013","1,267.10","1,275.76","1,277.81","1,260.52","","-0.33%"
"Nov 21, 2013","1,271.29","1,263.46","1,272.67","1,262.42","","+1.28%"
"Nov 20, 2013","1,255.21","1,257.10","1,261.96","1,253.62","","+0.16%"
"Nov 19, 2013","1,253.25","1,251.80","1,258.59","1,249.97","","-0.21%"
"Nov 18, 2013","1,255.89","1,256.99","1,261.17","1,251.09","","+0.61%"
"Nov 15, 2013","1,248.26","1,249.53","1,257.09","1,247.03","","+0.50%"
"Nov 14, 2013","1,242.10","1,235.75","1,250.39","1,235.75","","+0.65%"
"Nov 13, 2013","1,234.04","1,238.88","1,243.36","1,229.27","","-0.64%"
"Nov 12, 2013","1,241.95","1,221.56","1,241.95","1,221.56","","+1.79%"
"Nov 11, 2013","1,220.16","1,229.15","1,232.88","1,217.84","","+0.34%"
"Nov 08, 2013","1,216.00","1,215.43","1,219.66","1,211.78","","-0.86%"
"Nov 07, 2013","1,226.58","1,236.13","1,236.59","1,226.23","","-0.94%"
"Nov 06, 2013","1,238.23","1,228.06","1,239.86","1,225.06","","+0.72%"
"Nov 05, 2013","1,229.42","1,228.27","1,233.86","1,223.62","","+0.82%"
"Nov 01, 2013","1,219.38","1,235.03","1,237.91","1,214.61","","-1.28%"
"Oct 31, 2013","1,235.21","1,242.08","1,247.66","1,233.14","","-0.64%"
"Oct 30, 2013","1,243.20","1,242.75","1,247.87","1,237.34","","+0.53%"
"Oct 29, 2013","1,236.69","1,230.64","1,241.30","1,229.61","","-0.17%"
"Oct 28, 2013","1,238.80","1,237.85","1,241.89","1,230.27","","+0.99%"
"Oct 25, 2013","1,226.69","1,249.45","1,250.44","1,224.79","","-1.77%"
"Oct 24, 2013","1,248.78","1,235.14","1,250.48","1,230.49","","+0.70%"
"Oct 23, 2013","1,240.15","1,264.31","1,267.46","1,240.04","","-1.62%"
"Oct 22, 2013","1,260.57","1,262.34","1,264.43","1,258.69","","-0.39%"
"Oct 21, 2013","1,265.54","1,265.74","1,269.06","1,261.28","","+0.63%"
"Oct 18, 2013","1,257.58","1,255.92","1,260.70","1,254.42","","+0.09%"
"Oct 17, 2013","1,256.41","1,258.65","1,262.76","1,248.73","","+0.77%"
"Oct 16, 2013","1,246.85","1,246.86","1,251.33","1,242.95","","-0.30%"
"Oct 15, 2013","1,250.61","1,257.18","1,257.95","1,247.23","","+0.06%"
"Oct 11, 2013","1,249.80","1,244.42","1,252.67","1,241.94","","+1.68%"
"Oct 10, 2013","1,229.09","1,219.25","1,229.38","1,219.25","","+0.96%"
"Oct 09, 2013","1,217.35","1,197.16","1,217.35","1,191.55","","+0.98%"
"Oct 08, 2013","1,205.51","1,195.79","1,208.26","1,194.41","","+0.05%"
"Oct 07, 2013","1,204.92","1,218.11","1,221.83","1,204.65","","-1.09%"
"Oct 04, 2013","1,218.18","1,218.33","1,227.24","1,210.50","","-0.54%"
"Oct 03, 2013","1,224.82","1,230.77","1,237.79","1,224.82","","-0.27%"
"Oct 02, 2013","1,228.14","1,254.20","1,259.02","1,225.13","","-2.02%"
"Oct 01, 2013","1,253.50","1,259.69","1,265.34","1,253.29","","-0.57%"
"Sep 30, 2013","1,260.72","1,262.76","1,270.89","1,253.71","","-1.29%"
"Sep 27, 2013","1,277.20","1,270.79","1,279.95","1,268.37","","+0.56%"
"Sep 26, 2013","1,270.13","1,244.88","1,270.13","1,237.38","","+1.27%"
"Sep 25, 2013","1,254.22","1,260.34","1,261.60","1,253.01","","-0.51%"
"Sep 24, 2013","1,260.66","1,255.85","1,263.41","1,254.78","","-0.04%"
"Sep 20, 2013","1,261.12","1,260.52","1,261.77","1,256.97","","+0.22%"
"Sep 19, 2013","1,258.33","1,248.59","1,258.33","1,243.28","","+1.75%"
"Sep 18, 2013","1,236.70","1,234.01","1,244.99","1,232.23","","+0.57%"
"Sep 17, 2013","1,229.73","1,237.45","1,241.83","1,228.11","","-0.19%"
"Sep 13, 2013","1,232.09","1,221.33","1,236.50","1,221.33","","+0.50%"
"Sep 12, 2013","1,225.90","1,231.56","1,232.39","1,222.93","","-0.82%"
"Sep 11, 2013","1,236.02","1,249.79","1,249.79","1,233.15","","-0.73%"
"Sep 10, 2013","1,245.07","1,236.19","1,247.79","1,236.17","","+1.31%"
"Sep 09, 2013","1,229.02","1,202.44","1,229.03","1,202.28","","+4.10%"
"Sep 06, 2013","1,180.63","1,198.09","1,198.57","1,175.44","","-1.32%"
"Sep 05, 2013","1,196.44","1,200.18","1,200.18","1,188.61","","+0.05%"
"Sep 04, 2013","1,195.88","1,178.65","1,196.63","1,177.77","","+0.79%"
"Sep 03, 2013","1,186.50","1,175.63","1,186.90","1,175.24","","+1.84%"
"Sep 02, 2013","1,165.01","1,154.58","1,166.74","1,154.07","","+1.38%"
"Aug 30, 2013","1,149.17","1,154.60","1,157.05","1,143.76","","-0.05%"
"Aug 29, 2013","1,149.77","1,149.90","1,152.26","1,144.18","","+0.27%"
"Aug 28, 2013","1,146.69","1,146.14","1,150.37","1,137.89","","-1.55%"
"Aug 27, 2013","1,164.70","1,170.64","1,173.37","1,162.92","","-1.05%"
"Aug 26, 2013","1,177.10","1,173.07","1,180.00","1,169.44","","+0.72%"
"Aug 23, 2013","1,168.74","1,173.86","1,176.55","1,166.20","","+0.62%"
"Aug 22, 2013","1,161.55","1,155.62","1,165.72","1,147.79","","+0.12%"
"Aug 21, 2013","1,160.11","1,170.95","1,171.48","1,153.16","","-0.60%"
"Aug 20, 2013","1,167.08","1,177.30","1,187.47","1,167.08","","-1.50%"
"Aug 19, 2013","1,184.80","1,171.72","1,184.80","1,170.85","","+1.03%"
"Aug 16, 2013","1,172.67","1,160.29","1,179.61","1,159.89","","+0.01%"
"Aug 15, 2013","1,172.54","1,180.71","1,183.02","1,170.64","","-1.54%"
"Aug 14, 2013","1,190.88","1,181.79","1,190.88","1,171.26","","+1.17%"
"Aug 13, 2013","1,177.06","1,164.70","1,177.06","1,160.16","","+1.99%"
"Aug 12, 2013","1,154.12","1,155.07","1,165.53","1,152.57","","-0.99%"
"Aug 09, 2013","1,165.68","1,169.54","1,174.61","1,159.89","","+0.12%"
"Aug 08, 2013","1,164.30","1,175.67","1,193.57","1,161.66","","-0.96%"
"Aug 07, 2013","1,175.55","1,190.99","1,192.87","1,175.55","","-2.49%"
"Aug 06, 2013","1,205.61","1,197.66","1,205.61","1,179.99","","+0.97%"
"Aug 05, 2013","1,194.03","1,191.94","1,201.41","1,189.46","","-0.46%"
"Aug 02, 2013","1,199.60","1,172.63","1,199.60","1,172.04","","+2.98%"
"Aug 01, 2013","1,164.84","1,140.28","1,164.84","1,136.97","","+2.23%"
"Jul 31, 2013","1,139.45","1,142.13","1,146.54","1,135.36","","-0.70%"
"Jul 30, 2013","1,147.50","1,124.56","1,151.20","1,124.03","","+1.85%"
"Jul 29, 2013","1,126.62","1,148.10","1,152.00","1,126.62","","-3.26%"
"Jul 26, 2013","1,164.55","1,168.82","1,177.26","1,164.55","","-1.28%"
"Jul 25, 2013","1,179.63","1,190.33","1,191.03","1,177.47","","-1.05%"
"Jul 24, 2013","1,192.15","1,190.99","1,194.13","1,186.47","","-0.18%"
"Jul 23, 2013","1,194.30","1,189.89","1,195.26","1,187.14","","-0.23%"
"Jul 22, 2013","1,197.08","1,197.32","1,197.32","1,182.27","","+0.86%"
"Jul 19, 2013","1,186.83","1,204.73","1,205.58","1,177.23","","-0.95%"
"Jul 18, 2013","1,198.22","1,187.33","1,200.86","1,186.21","","+1.13%"
"Jul 17, 2013","1,184.88","1,182.59","1,187.99","1,176.01","","-0.29%"
"Jul 16, 2013","1,188.28","1,183.14","1,190.38","1,181.97","","+0.91%"
"Jul 12, 2013","1,177.58","1,174.81","1,181.93","1,171.15","","+0.27%"
"Jul 11, 2013","1,174.37","1,160.53","1,175.07","1,158.84","","+0.54%"
"Jul 10, 2013","1,168.04","1,175.58","1,178.91","1,161.58","","-0.58%"
"Jul 09, 2013","1,174.86","1,170.38","1,175.46","1,159.89","","+1.44%"
"Jul 08, 2013","1,158.21","1,183.62","1,184.23","1,158.21","","-1.21%"
"Jul 05, 2013","1,172.41","1,167.56","1,172.87","1,162.85","","+1.08%"
"Jul 04, 2013","1,159.83","1,154.87","1,163.01","1,149.97","","-0.26%"
"Jul 03, 2013","1,162.91","1,159.49","1,165.53","1,153.11","","+0.21%"
"Jul 02, 2013","1,160.45","1,157.09","1,160.45","1,147.90","","+1.13%"
"Jul 01, 2013","1,147.49","1,130.38","1,147.89","1,119.94","","+1.87%"
"Jun 28, 2013","1,126.40","1,098.12","1,126.68","1,096.71","","+3.51%"
"Jun 27, 2013","1,088.16","1,070.91","1,088.16","1,055.06","","+2.44%"
"Jun 26, 2013","1,062.26","1,101.00","1,101.52","1,061.87","","-2.72%"
"Jun 25, 2013","1,091.98","1,099.17","1,106.35","1,077.89","","-0.57%"
"Jun 24, 2013","1,098.20","1,112.34","1,114.51","1,096.98","","-0.12%"
"Jun 21, 2013","1,099.53","1,067.67","1,103.66","1,059.66","","+1.02%"
"Jun 20, 2013","1,088.44","1,088.46","1,096.21","1,081.48","","-0.97%"
"Jun 19, 2013","1,099.09","1,101.87","1,109.39","1,089.14","","+1.40%"
"Jun 18, 2013","1,083.92","1,084.19","1,093.06","1,081.26","","-0.09%"
"Jun 17, 2013","1,084.91","1,045.76","1,084.91","1,043.68","","+3.62%"
"Jun 14, 2013","1,046.98","1,049.45","1,062.98","1,041.53","","+1.26%"
"Jun 13, 2013","1,033.99","1,071.55","1,071.55","1,031.29","","-4.86%"
"Jun 12, 2013","1,086.79","1,066.37","1,089.06","1,053.70","","+0.20%"
"Jun 11, 2013","1,084.62","1,093.05","1,103.70","1,080.21","","-0.58%"
"Jun 10, 2013","1,091.00","1,050.42","1,091.00","1,050.16","","+6.01%"
"Jun 07, 2013","1,029.15","1,026.28","1,046.73","1,007.21","","-1.25%"
"Jun 06, 2013","1,042.22","1,072.56","1,077.60","1,039.22","","-3.27%"
"Jun 05, 2013","1,077.42","1,087.64","1,123.95","1,077.42","","-0.47%"
"Jun 04, 2013","1,082.52","1,061.31","1,085.45","1,043.57","","+1.77%"
"Jun 03, 2013","1,063.72","1,080.23","1,093.17","1,063.72","","-2.39%"
"May 31, 2013","1,089.73","1,094.27","1,105.32","1,084.64","","+1.00%"
"May 30, 2013","1,078.93","1,112.69","1,112.69","1,073.83","","-4.52%"
"May 29, 2013","1,130.03","1,121.51","1,140.44","1,111.89","","+2.25%"
"May 28, 2013","1,105.16","1,096.03","1,117.34","1,090.24","","-0.54%"
"May 27, 2013","1,111.12","1,103.99","1,124.79","1,077.15","","-0.82%"
"May 24, 2013","1,120.27","1,130.61","1,146.36","1,082.20","","-0.07%"
"May 23, 2013","1,121.10","1,200.67","1,211.73","1,121.10","","-6.44%"
"May 22, 2013","1,198.26","1,200.07","1,206.98","1,189.82","","-0.47%"
"May 21, 2013","1,203.93","1,206.84","1,212.07","1,196.18","","-0.75%"
"May 20, 2013","1,212.99","1,222.32","1,222.47","1,211.93","","+0.02%"
"May 17, 2013","1,212.73","1,184.51","1,215.52","1,184.51","","+2.16%"
"May 16, 2013","1,187.10","1,207.39","1,208.20","1,164.58","","-2.13%"
"May 15, 2013","1,212.89","1,231.34","1,231.34","1,209.27","","-1.22%"
"May 14, 2013","1,227.85","1,231.01","1,233.82","1,226.67","","-0.15%"
"May 13, 2013","1,229.74","1,232.45","1,236.73","1,219.26","","+0.10%"
"May 10, 2013","1,228.54","1,235.68","1,239.34","1,218.58","","+0.49%"
"May 09, 2013","1,222.52","1,238.98","1,239.46","1,220.69","","-0.96%"
"May 08, 2013","1,234.42","1,236.27","1,241.54","1,231.98","","-0.11%"
"May 07, 2013","1,235.84","1,222.37","1,237.48","1,221.18","","+2.76%"
"May 02, 2013","1,202.61","1,199.92","1,204.05","1,194.96","","-0.03%"
"May 01, 2013","1,203.00","1,197.48","1,211.85","1,192.56","","+0.33%"
"Apr 30, 2013","1,199.00","1,189.52","1,204.80","1,189.52","","+0.64%"
"Apr 26, 2013","1,191.32","1,208.86","1,210.15","1,189.95","","-1.66%"
"Apr 25, 2013","1,211.43","1,208.63","1,213.57","1,198.71","","+0.37%"
"Apr 24, 2013","1,206.91","1,202.16","1,206.91","1,193.56","","+1.31%"
"Apr 23, 2013","1,191.27","1,173.96","1,194.05","1,172.82","","+1.11%"
"Apr 22, 2013","1,178.25","1,169.38","1,181.52","1,169.36","","+2.26%"
"Apr 19, 2013","1,152.17","1,151.48","1,154.97","1,139.79","","+0.54%"
"Apr 18, 2013","1,146.00","1,143.48","1,160.04","1,140.81","","+0.13%"
"Apr 17, 2013","1,144.55","1,134.06","1,145.71","1,134.06","","+1.45%"
"Apr 16, 2013","1,128.19","1,106.25","1,130.82","1,106.25","","+0.35%"
"Apr 15, 2013","1,124.27","1,119.79","1,128.36","1,116.88","","+0.01%"
"Apr 12, 2013","1,124.14","1,128.49","1,134.45","1,118.95","","+0.05%"
"Apr 11, 2013","1,123.61","1,126.44","1,132.99","1,113.69","","+0.40%"
"Apr 10, 2013","1,119.15","1,111.31","1,119.30","1,110.63","","+0.60%"
"Apr 09, 2013","1,112.43","1,120.29","1,124.77","1,104.12","","-0.18%"
"Apr 08, 2013","1,114.42","1,091.01","1,114.42","1,091.01","","+3.27%"
"Apr 05, 2013","1,079.18","1,080.57","1,095.68","1,075.65","","+1.53%"
"Apr 04, 2013","1,062.88","1,025.64","1,062.88","1,021.69","","+2.61%"
"Apr 03, 2013","1,035.84","1,016.32","1,035.84","1,016.10","","+2.24%"
"Apr 02, 2013","1,013.12","1,005.89","1,019.97","976.00","","-0.20%"
"Apr 01, 2013","1,015.15","1,054.47","1,056.92","1,015.15","","-4.41%"
"Mar 29, 2013","1,061.93","1,068.47","1,070.59","1,051.12","","-0.21%"
"Mar 28, 2013","1,064.13","1,068.60","1,072.97","1,054.53","","-0.62%"
"Mar 27, 2013","1,070.77","1,062.41","1,073.00","1,061.83","","+0.11%"
"Mar 26, 2013","1,069.62","1,067.34","1,073.66","1,067.34","","-0.22%"
"Mar 25, 2013","1,072.02","1,071.06","1,074.81","1,067.31","","+1.04%"
"Mar 22, 2013","1,061.02","1,078.05","1,080.29","1,061.02","","-1.65%"
"Mar 21, 2013","1,078.77","1,073.06","1,080.04","1,073.06","","+0.92%"
"Mar 19, 2013","1,068.94","1,064.37","1,070.00","1,061.90","","+1.26%"
"Mar 18, 2013","1,055.60","1,060.48","1,069.91","1,055.53","","-1.43%"
"Mar 15, 2013","1,070.90","1,058.12","1,070.90","1,058.12","","+1.76%"
"Mar 14, 2013","1,052.35","1,039.76","1,052.70","1,037.92","","+1.45%"
"Mar 13, 2013","1,037.28","1,033.05","1,042.78","1,032.48","","-0.02%"
"Mar 12, 2013","1,037.49","1,041.86","1,046.76","1,035.07","","-0.01%"
"Mar 11, 2013","1,037.55","1,035.99","1,041.17","1,030.46","","+0.84%"
"Mar 08, 2013","1,028.93","1,026.51","1,031.05","1,025.28","","+0.33%"
"Mar 07, 2013","1,025.52","1,023.19","1,034.50","1,022.50","","+0.97%"
"Mar 06, 2013","1,015.68","1,005.73","1,015.68","1,005.55","","+1.90%"
"Mar 05, 2013","996.75","1,003.55","1,005.90","992.96","","-0.70%"
"Mar 04, 2013","1,003.78","993.49","1,004.87","992.49","","+1.93%"
"Mar 01, 2013","984.73","971.58","987.86","971.29","","+1.10%"
"Feb 28, 2013","973.99","959.59","974.29","959.59","","+2.19%"
"Feb 27, 2013","953.09","964.51","966.45","953.09","","-0.83%"
"Feb 26, 2013","961.06","960.82","966.47","956.51","","-1.02%"
"Feb 25, 2013","970.92","963.29","971.10","962.76","","+1.85%"
"Feb 22, 2013","953.30","940.33","954.09","938.78","","+1.34%"
"Feb 21, 2013","940.68","941.86","952.81","939.68","","-0.47%"
"Feb 20, 2013","945.16","939.81","946.20","936.27","","+1.41%"
"Feb 19, 2013","931.98","927.54","934.26","927.54","","+0.08%"
"Feb 18, 2013","931.23","916.66","931.23","914.67","","+2.13%"
"Feb 15, 2013","911.81","919.11","921.12","905.06","","-0.91%"
"Feb 14, 2013","920.22","922.69","924.64","919.01","","-0.39%"
"Feb 13, 2013","923.84","932.43","934.36","920.85","","-1.43%"
"Feb 12, 2013","937.27","935.06","943.84","933.38","","+1.15%"
"Feb 08, 2013","926.59","936.03","936.80","923.96","","-1.40%"
"Feb 07, 2013","939.78","939.98","944.86","936.86","","-0.42%"
"Feb 06, 2013","943.75","924.71","943.75","924.64","","+3.36%"
"Feb 05, 2013","913.03","920.67","924.60","913.03","","-1.34%"
"Feb 04, 2013","925.41","933.56","933.56","925.23","","-0.42%"
"Feb 01, 2013","929.33","927.51","931.79","926.47","","+0.65%"
"Jan 31, 2013","923.29","919.21","924.00","914.18","","+0.37%"
"Jan 30, 2013","919.92","903.87","920.89","902.79","","+1.96%"
"Jan 29, 2013","902.26","902.09","909.81","900.22","","-0.18%"
"Jan 28, 2013","903.93","910.81","913.73","903.93","","+0.14%"
"Jan 25, 2013","902.69","890.52","902.77","889.92","","+2.19%"
"Jan 24, 2013","883.34","873.42","883.80","873.42","","+0.71%"
"Jan 23, 2013","877.15","879.87","885.24","877.15","","-0.87%"
"Jan 22, 2013","884.82","888.71","891.04","878.66","","-0.46%"
"Jan 21, 2013","888.88","896.22","896.99","888.51","","-0.58%"
"Jan 18, 2013","894.07","887.06","894.07","884.78","","+1.77%"
"Jan 17, 2013","878.54","880.40","883.23","871.30","","-0.08%"
"Jan 16, 2013","879.26","889.09","889.35","878.64","","-1.23%"
"Jan 15, 2013","890.24","884.54","891.49","884.44","","+1.41%"
"Jan 11, 2013","877.86","873.23","878.67","871.12","","+1.30%"
"Jan 10, 2013","866.60","868.17","868.55","863.89","","+0.08%"
"Jan 09, 2013","865.94","851.78","868.02","851.21","","+1.40%"
"Jan 08, 2013","853.95","847.67","859.03","847.23","","+0.53%"
"Jan 07, 2013","849.41","844.23","853.56","842.59","","+1.09%"
"Jan 04, 2013","840.22","840.97","843.41","836.12","","+1.21%"
"Dec 28, 2012","830.21","832.90","832.90","827.63","","+0.19%"
"Dec 27, 2012","828.62","832.14","832.29","828.50","","+0.06%"
"Dec 26, 2012","828.14","826.07","828.27","822.84","","+0.71%"
"Dec 25, 2012","822.31","824.54","825.19","818.54","","+0.76%"
"Dec 21, 2012","816.11","820.96","824.14","814.83","","-0.05%"
"Dec 20, 2012","816.53","815.99","820.22","814.62","","+0.07%"
"Dec 19, 2012","815.96","812.43","815.96","805.89","","+0.97%"
"Dec 18, 2012","808.11","805.11","811.23","804.05","","+0.49%"
"Dec 17, 2012","804.13","812.87","812.87","803.75","","-0.19%"
"Dec 14, 2012","805.68","805.79","810.01","803.83","","-0.08%"
"Dec 13, 2012","806.30","815.34","815.34","805.95","","-0.44%"
"Dec 12, 2012","809.90","815.22","816.30","808.57","","-0.22%"
"Dec 11, 2012","811.65","811.37","813.55","809.97","","+0.02%"
"Dec 10, 2012","811.51","814.00","814.44","809.75","","+0.32%"
"Dec 07, 2012","808.91","811.32","812.22","808.58","","-0.15%"
"Dec 06, 2012","810.13","812.37","814.19","808.17","","+0.21%"
"Dec 05, 2012","808.46","805.39","812.91","805.21","","+0.22%"
"Dec 04, 2012","806.66","801.22","808.13","800.12","","+0.34%"
"Dec 03, 2012","803.96","808.22","808.37","803.63","","+0.13%"
"Nov 30, 2012","802.92","801.01","806.37","799.22","","+0.61%"
"Nov 29, 2012","798.03","793.78","799.18","793.06","","+0.98%"
"Nov 28, 2012","790.32","791.27","794.49","789.99","","-0.16%"
"Nov 27, 2012","791.60","788.52","792.37","788.33","","+0.86%"
"Nov 26, 2012","784.83","792.61","793.34","784.83","","-0.02%"
"Nov 22, 2012","784.98","787.86","788.71","782.42","","+0.40%"
"Nov 21, 2012","781.86","785.67","785.67","778.64","","-0.11%"
"Nov 20, 2012","782.76","779.43","783.77","778.24","","+0.92%"
"Nov 19, 2012","775.60","769.15","775.99","769.01","","+1.79%"
"Nov 16, 2012","761.99","765.49","767.74","760.01","","-0.07%"
"Nov 15, 2012","762.55","759.87","763.08","758.31","","+0.46%"
"Nov 14, 2012","759.05","756.41","759.91","754.29","","+0.26%"
"Nov 13, 2012","757.06","758.41","759.11","752.70","","+0.23%"
"Nov 12, 2012","755.36","761.74","762.88","755.36","","-1.08%"
"Nov 09, 2012","763.57","757.30","764.96","756.79","","+0.17%"
"Nov 08, 2012","762.27","761.48","766.34","761.24","","-0.57%"
"Nov 07, 2012","766.61","772.67","774.06","764.67","","-0.30%"
"Nov 06, 2012","768.88","773.21","773.49","768.51","","-0.76%"
"Nov 05, 2012","774.73","778.84","779.50","773.23","","-0.84%"
"Nov 02, 2012","781.29","781.49","783.86","779.28","","+0.67%"
"Nov 01, 2012","776.11","776.79","779.06","773.04","","+0.37%"
"Oct 31, 2012","773.26","774.44","776.38","772.13","","+0.08%"
"Oct 30, 2012","772.65","780.34","782.98","772.03","","-1.02%"
"Oct 29, 2012","780.63","779.66","781.62","777.39","","+0.54%"
"Oct 26, 2012","776.41","781.45","784.97","775.73","","-0.44%"
"Oct 25, 2012","779.88","773.05","779.88","773.04","","+0.95%"
"Oct 24, 2012","772.57","769.02","775.98","768.61","","-0.27%"
"Oct 23, 2012","774.68","774.99","775.78","771.72","","+0.50%"
"Oct 22, 2012","770.86","764.57","771.36","764.16","","+0.43%"
"Oct 19, 2012","767.58","765.67","767.58","763.30","","-0.12%"
"Oct 18, 2012","768.49","764.34","769.18","762.77","","+1.04%"
"Oct 17, 2012","760.55","761.00","763.07","759.22","","+0.65%"
"Oct 16, 2012","755.65","750.33","755.82","749.94","","+0.71%"
"Oct 15, 2012","750.30","749.37","752.66","748.74","","-0.23%"
"Oct 12, 2012","752.01","749.98","753.65","749.71","","+0.77%"
"Oct 11, 2012","746.26","745.97","749.51","745.28","","-0.45%"
"Oct 10, 2012","749.63","754.72","755.49","747.56","","-1.30%"
"Oct 09, 2012","759.53","764.20","766.85","759.53","","-0.65%"
"Oct 05, 2012","764.48","762.55","764.48","760.80","","+0.54%"
"Oct 04, 2012","760.41","759.20","762.58","757.44","","+0.31%"
"Oct 03, 2012","758.07","763.30","763.30","757.26","","-0.82%"
"Oct 02, 2012","764.35","769.84","770.23","764.12","","-0.78%"
"Oct 01, 2012","770.38","769.48","770.38","765.92","","-0.40%"
"Sep 28, 2012","773.49","780.35","780.35","769.43","","-0.70%"
"Sep 27, 2012","778.93","777.54","780.42","772.28","","-0.24%"
"Sep 26, 2012","780.79","775.34","781.52","775.21","","-0.30%"
"Sep 25, 2012","783.11","775.47","783.11","775.47","","+0.68%"
"Sep 24, 2012","777.85","771.13","777.94","771.13","","+0.65%"
"Sep 21, 2012","772.83","772.23","775.53","770.91","","+0.39%"
"Sep 20, 2012","769.80","770.42","774.59","767.75","","-0.06%"
"Sep 19, 2012","770.25","766.76","772.92","766.34","","+0.68%"
"Sep 18, 2012","765.07","768.14","771.00","764.18","","-0.16%"
"Sep 14, 2012","766.32","771.72","772.62","764.98","","-0.29%"
"Sep 13, 2012","768.53","767.09","769.59","765.62","","+0.12%"
"Sep 12, 2012","767.64","759.40","768.12","759.13","","+1.44%"
"Sep 11, 2012","756.71","755.36","757.63","753.94","","-0.14%"
"Sep 10, 2012","757.74","753.98","757.74","753.79","","+0.56%"
"Sep 07, 2012","753.52","757.09","758.00","751.28","","+0.37%"
"Sep 06, 2012","750.77","752.86","752.86","747.73","","-0.29%"
"Sep 05, 2012","752.93","752.54","755.23","751.45","","-0.30%"
"Sep 04, 2012","755.18","759.93","759.93","753.44","","-0.71%"
"Sep 03, 2012","760.59","762.14","766.17","760.59","","-0.55%"
"Aug 31, 2012","764.78","763.40","769.40","763.32","","-0.52%"
"Aug 30, 2012","768.79","767.61","769.68","764.17","","-0.03%"
"Aug 29, 2012","769.00","767.13","769.00","765.78","","+0.62%"
"Aug 28, 2012","764.27","771.66","772.69","762.67","","-0.35%"
"Aug 27, 2012","766.99","768.32","769.84","766.63","","+0.32%"
"Aug 24, 2012","764.53","761.17","765.48","760.52","","-0.22%"
"Aug 23, 2012","766.25","760.68","766.90","759.94","","+0.65%"
"Aug 22, 2012","761.32","763.15","763.25","757.30","","-0.45%"
"Aug 21, 2012","764.77","761.84","765.83","761.11","","+0.57%"
"Aug 20, 2012","760.40","758.00","761.79","756.79","","+0.48%"
"Aug 17, 2012","756.73","757.76","758.45","755.38","","-0.15%"
"Aug 16, 2012","757.83","758.80","758.80","753.33","","+0.19%"
"Aug 15, 2012","756.41","758.53","759.03","754.16","","-0.23%"
"Aug 14, 2012","758.15","753.00","758.45","751.98","","+1.09%"
"Aug 13, 2012","749.99","749.06","751.23","748.81","","+0.10%"
"Aug 10, 2012","749.24","745.39","750.93","744.74","","+0.25%"
"Aug 09, 2012","747.39","742.64","747.39","737.12","","+0.67%"
"Aug 08, 2012","742.44","745.97","749.13","740.56","","+0.17%"
"Aug 07, 2012","741.19","737.46","741.77","736.28","","+0.64%"
"Aug 06, 2012","736.44","735.02","738.83","732.50","","+0.98%"
"Aug 03, 2012","729.31","727.94","731.65","727.42","","-0.40%"
"Aug 02, 2012","732.23","733.64","736.22","732.04","","-0.09%"
"Aug 01, 2012","732.88","728.59","734.96","727.84","","-0.09%"
"Jul 31, 2012","733.54","727.74","734.90","726.50","","+0.59%"
"Jul 30, 2012","729.23","727.94","729.23","723.68","","+0.37%"
"Jul 27, 2012","726.53","731.95","731.95","723.39","","-0.12%"
"Jul 26, 2012","727.43","726.48","727.43","720.03","","+0.40%"
"Jul 25, 2012","724.50","726.12","728.81","721.96","","-0.68%"
"Jul 24, 2012","729.47","734.74","735.57","727.18","","-0.57%"
"Jul 23, 2012","733.67","736.74","742.41","733.67","","-0.70%"
"Jul 20, 2012","738.84","745.30","746.97","738.49","","-0.84%"
"Jul 19, 2012","745.11","746.73","752.02","744.93","","+0.30%"
"Jul 18, 2012","742.85","747.28","750.02","742.85","","-0.22%"
"Jul 17, 2012","744.47","746.73","750.18","744.32","","-0.14%"
"Jul 13, 2012","745.52","746.96","748.95","744.11","","-0.49%"
"Jul 12, 2012","749.21","751.15","754.65","748.18","","-0.48%"
"Jul 11, 2012","752.80","750.80","752.81","749.43","","+0.40%"
"Jul 10, 2012","749.82","753.48","757.93","749.82","","+0.09%"
"Jul 09, 2012","749.14","743.25","750.88","742.99","","+0.25%"
"Jul 06, 2012","747.24","750.25","754.01","744.91","","-0.63%"
"Jul 05, 2012","751.97","754.69","757.60","751.42","","-0.62%"
"Jul 04, 2012","756.68","756.22","758.95","755.45","","+0.26%"
"Jul 03, 2012","754.70","748.10","755.14","748.10","","+1.34%"
"Jul 02, 2012","744.70","749.21","749.21","740.66","","+0.04%"
"Jun 29, 2012","744.41","732.16","746.72","731.74","","+1.05%"
"Jun 28, 2012","736.66","731.47","737.20","730.38","","+0.99%"
"Jun 27, 2012","729.46","720.41","729.46","717.70","","+1.45%"
"Jun 26, 2012","719.03","714.95","721.81","714.86","","+0.30%"
"Jun 25, 2012","716.87","722.09","722.73","716.28","","-0.34%"
"Jun 22, 2012","719.33","718.67","721.82","716.58","","-0.50%"
"Jun 21, 2012","722.96","721.73","723.75","719.55","","+0.63%"
"Jun 20, 2012","718.41","708.62","718.85","708.62","","+2.13%"
"Jun 19, 2012","703.40","703.33","707.10","702.08","","-0.22%"
"Jun 18, 2012","704.97","705.83","706.48","703.43","","+1.03%"
"Jun 15, 2012","697.77","697.15","703.10","697.15","","+0.57%"
"Jun 14, 2012","693.81","693.31","696.85","692.86","","-0.06%"
"Jun 13, 2012","694.24","691.81","695.91","691.47","","+0.41%"
"Jun 12, 2012","691.40","687.92","691.58","685.86","","-0.48%"
"Jun 11, 2012","694.70","699.04","699.55","694.11","","+0.51%"
"Jun 08, 2012","691.16","699.32","699.32","686.89","","-1.25%"
"Jun 07, 2012","699.94","697.77","699.94","692.65","","+1.01%"
"Jun 06, 2012","692.91","690.84","695.50","690.79","","+0.60%"
"Jun 05, 2012","688.76","682.56","688.76","680.62","","+1.26%"
"Jun 04, 2012","680.19","677.75","680.44","674.79","","-1.14%"
"Jun 01, 2012","688.01","691.68","692.56","687.25","","-1.12%"
"May 31, 2012","695.79","691.27","696.07","689.87","","-0.23%"
"May 30, 2012","697.38","695.58","698.16","694.39","","+0.10%"
"May 29, 2012","696.69","696.24","696.70","693.52","","-0.15%"
"May 28, 2012","697.76","701.69","701.69","696.06","","-0.38%"
"May 25, 2012","700.42","701.42","703.50","695.80","","+0.47%"
"May 24, 2012","697.17","696.12","702.59","694.68","","+0.21%"
"May 23, 2012","695.72","703.73","703.85","694.72","","-1.42%"
"May 22, 2012","705.74","706.67","710.14","704.93","","+0.22%"
"May 21, 2012","704.18","704.02","709.70","703.48","","-0.25%"
"May 18, 2012","705.92","707.99","711.37","704.10","","-1.53%"
"May 17, 2012","716.92","716.47","717.98","712.39","","-0.19%"
"May 16, 2012","718.26","721.91","722.69","715.90","","-0.85%"
"May 15, 2012","724.43","724.36","727.51","718.94","","-0.55%"
"May 14, 2012","728.45","730.71","736.00","727.67","","-0.28%"
"May 11, 2012","730.47","737.67","739.69","730.45","","-0.96%"
"May 10, 2012","737.56","737.56","741.37","736.80","","+0.08%"
"May 09, 2012","736.99","739.42","741.90","736.20","","-0.87%"
"May 08, 2012","743.44","746.37","750.16","738.63","","-0.05%"
"May 07, 2012","743.82","753.51","755.14","742.88","","-2.88%"
"May 02, 2012","765.91","763.57","767.59","762.03","","+0.65%"
"May 01, 2012","760.93","762.27","766.55","760.49","","-0.28%"
"Apr 27, 2012","763.04","770.07","773.15","761.95","","-1.12%"
"Apr 26, 2012","771.72","773.04","776.21","770.86","","+0.37%"
"Apr 25, 2012","768.91","768.07","769.15","764.57","","+1.02%"
"Apr 24, 2012","761.18","764.94","766.50","759.27","","-1.16%"
"Apr 23, 2012","770.12","770.50","774.30","769.24","","+0.05%"
"Apr 20, 2012","769.75","767.50","770.87","766.95","","+0.19%"
"Apr 19, 2012","768.29","769.94","771.56","767.60","","-0.86%"
"Apr 18, 2012","774.96","772.08","775.89","771.12","","+0.89%"
"Apr 17, 2012","768.13","765.02","769.50","763.11","","+0.46%"
"Apr 16, 2012","764.60","764.39","769.76","762.01","","-0.85%"
"Apr 13, 2012","771.15","763.67","772.75","763.67","","+1.45%"
"Apr 12, 2012","760.10","756.73","761.30","755.49","","+0.40%"
"Apr 11, 2012","757.10","749.47","758.94","749.40","","-0.03%"
"Apr 10, 2012","757.33","761.85","763.05","755.96","","-0.23%"
"Apr 09, 2012","759.07","756.58","762.53","754.86","","-0.53%"
"Apr 06, 2012","763.12","760.03","763.66","758.00","","-0.06%"
"Apr 05, 2012","763.55","762.76","765.18","759.41","","-0.39%"
"Apr 04, 2012","766.53","773.00","775.36","765.89","","-1.07%"
"Apr 03, 2012","774.85","777.49","777.53","773.18","","-0.56%"
"Apr 02, 2012","779.25","783.00","783.00","778.53","","-0.27%"
"Mar 30, 2012","781.36","782.80","782.98","778.22","","+0.03%"
"Mar 29, 2012","781.09","774.69","781.09","774.69","","+0.82%"
"Mar 28, 2012","774.71","771.66","774.71","767.76","","-1.15%"
"Mar 27, 2012","783.74","774.62","783.74","773.84","","+2.25%"
"Mar 26, 2012","766.50","775.51","776.58","766.50","","-0.91%"
"Mar 23, 2012","773.56","772.42","774.15","770.25","","-0.27%"
"Mar 22, 2012","775.64","768.88","775.64","768.61","","+1.14%"
"Mar 21, 2012","766.92","766.38","768.93","766.28","","+0.16%"
"Mar 19, 2012","765.73","766.20","769.71","765.68","","+0.16%"
"Mar 16, 2012","764.53","764.66","768.64","763.87","","+0.07%"
"Mar 15, 2012","763.96","767.54","769.69","763.96","","-0.08%"
"Mar 14, 2012","764.60","773.57","774.15","764.60","","-0.15%"
"Mar 13, 2012","765.78","767.10","773.57","765.20","","-0.06%"
"Mar 12, 2012","766.24","770.09","772.11","766.24","","-0.04%"
"Mar 09, 2012","766.57","764.62","770.07","760.93","","+0.99%"
"Mar 08, 2012","759.03","759.04","760.23","756.24","","+0.55%"
"Mar 07, 2012","754.85","754.45","758.17","751.33","","-0.35%"
"Mar 06, 2012","757.51","754.62","757.80","751.88","","+0.63%"
"Mar 05, 2012","752.77","753.31","756.97","751.11","","-0.19%"
"Mar 02, 2012","754.19","753.29","755.52","751.06","","+0.65%"
"Mar 01, 2012","749.35","754.71","756.59","745.21","","-0.29%"
"Feb 29, 2012","751.53","756.36","759.54","750.17","","-0.36%"
"Feb 28, 2012","754.21","743.88","754.63","740.80","","+1.46%"
"Feb 27, 2012","743.36","746.91","746.91","741.93","","-0.17%"
"Feb 24, 2012","744.63","744.13","745.12","741.20","","+0.18%"
"Feb 23, 2012","743.31","742.18","744.28","738.74","","+0.23%"
"Feb 22, 2012","741.61","734.46","741.99","734.46","","+1.67%"
"Feb 21, 2012","729.40","723.23","730.73","723.23","","+0.59%"
"Feb 20, 2012","725.10","733.53","733.60","724.83","","-0.37%"
"Feb 17, 2012","727.82","730.72","732.55","727.28","","+0.26%"
"Feb 16, 2012","725.91","729.50","732.24","724.53","","-0.69%"
"Feb 15, 2012","730.92","731.62","733.68","727.48","","+0.06%"
"Feb 14, 2012","730.49","723.08","732.07","723.08","","+0.89%"
"Feb 13, 2012","724.07","718.03","725.91","716.70","","+0.71%"
"Feb 10, 2012","718.98","720.50","721.97","717.80","","+0.19%"
"Feb 09, 2012","717.65","716.90","718.60","715.65","","-0.25%"
"Feb 08, 2012","719.47","719.48","722.06","717.07","","+0.41%"
"Feb 07, 2012","716.53","713.39","717.62","713.39","","+0.36%"
"Feb 06, 2012","713.94","711.55","714.63","709.21","","+1.21%"
"Feb 03, 2012","705.43","706.65","709.15","704.73","","-0.25%"
"Feb 02, 2012","707.20","708.24","712.28","705.79","","-0.03%"
"Feb 01, 2012","707.38","704.60","708.05","704.60","","+0.80%"
"Jan 31, 2012","701.74","697.80","701.74","697.28","","+0.69%"
"Jan 30, 2012","696.95","695.58","698.19","694.70","","+0.17%"
"Jan 27, 2012","695.75","693.22","697.34","692.70","","+0.22%"
"Jan 26, 2012","694.19","694.71","695.60","691.93","","-0.27%"
"Jan 25, 2012","696.08","693.60","697.71","692.88","","+0.72%"
"Jan 24, 2012","691.10","691.33","691.83","688.13","","+0.33%"
"Jan 23, 2012","688.86","686.24","689.13","685.20","","+0.34%"
"Jan 20, 2012","686.51","694.63","694.65","685.02","","-0.43%"
"Jan 19, 2012","689.49","694.78","696.79","689.23","","-0.72%"
"Jan 18, 2012","694.49","693.30","699.17","691.58","","+0.22%"
"Jan 17, 2012","692.95","692.85","693.72","691.16","","+0.26%"
"Jan 16, 2012","691.13","689.34","691.34","686.40","","-0.25%"
"Jan 13, 2012","692.83","689.05","693.85","688.72","","+1.32%"
"Jan 12, 2012","683.83","687.71","688.49","681.38","","-0.77%"
"Jan 11, 2012","689.17","689.82","692.63","687.85","","+0.06%"
"Jan 10, 2012","688.78","690.24","692.77","688.72","","-0.04%"
"Jan 06, 2012","689.09","696.12","696.51","687.55","","-1.16%"
"Jan 05, 2012","697.16","699.69","701.75","697.16","","-0.77%"
"Jan 04, 2012","702.59","703.49","707.91","701.76","","+0.78%"
"Dec 30, 2011","697.12","694.92","697.12","692.85","","+0.56%"
"Dec 29, 2011","693.27","691.89","693.90","688.15","","+0.02%"
"Dec 28, 2011","693.11","692.25","694.60","691.61","","+0.08%"
"Dec 27, 2011","692.58","689.55","694.17","689.34","","-0.18%"
"Dec 26, 2011","693.86","697.32","697.71","693.49","","+0.06%"
"Dec 22, 2011","693.46","694.05","696.95","692.44","","-0.32%"
"Dec 21, 2011","695.70","696.23","696.82","693.54","","+0.49%"
"Dec 20, 2011","692.34","681.81","692.34","681.62","","+1.80%"
"Dec 19, 2011","680.11","681.53","682.63","676.61","","-0.41%"
"Dec 16, 2011","682.90","686.27","688.46","682.90","","+0.03%"
"Dec 15, 2011","682.69","684.62","686.66","681.18","","-0.48%"
"Dec 14, 2011","685.99","688.33","689.19","685.44","","-0.53%"
"Dec 13, 2011","689.62","689.60","691.59","686.84","","-0.52%"
"Dec 12, 2011","693.19","693.21","695.73","691.99","","+0.69%"
"Dec 09, 2011","688.46","688.75","691.69","687.20","","-1.19%"
"Dec 08, 2011","696.73","692.67","698.12","692.25","","+0.26%"
"Dec 07, 2011","694.89","691.67","695.53","688.57","","+0.90%"
"Dec 06, 2011","688.68","692.07","694.94","686.69","","-1.15%"
"Dec 05, 2011","696.67","694.86","697.38","692.76","","+0.64%"
"Dec 02, 2011","692.22","686.00","692.40","685.54","","+1.27%"
"Dec 01, 2011","683.55","687.70","690.55","682.46","","+0.57%"
"Nov 30, 2011","679.67","677.22","681.06","676.25","","-0.14%"
"Nov 29, 2011","680.62","677.02","680.62","672.88","","+1.03%"
"Nov 28, 2011","673.70","675.82","676.92","671.01","","+0.45%"
"Nov 25, 2011","670.69","673.06","675.64","670.69","","-0.47%"
"Nov 24, 2011","673.85","680.42","680.42","673.85","","-1.66%"
"Nov 22, 2011","685.19","685.05","688.70","681.94","","-0.74%"
"Nov 21, 2011","690.33","693.03","696.49","689.82","","-0.59%"
"Nov 18, 2011","694.45","692.15","696.20","691.80","","-0.46%"
"Nov 17, 2011","697.66","695.92","698.72","692.43","","+0.28%"
"Nov 16, 2011","695.68","699.48","700.17","695.18","","-0.49%"
"Nov 15, 2011","699.08","698.07","700.09","696.69","","-0.11%"
"Nov 14, 2011","699.82","703.57","704.92","699.37","","-0.09%"
"Nov 11, 2011","700.45","702.66","707.10","698.78","","-0.10%"
"Nov 10, 2011","701.12","700.52","703.33","697.30","","-0.97%"
"Nov 09, 2011","708.00","706.65","709.59","703.40","","+0.94%"
"Nov 08, 2011","701.42","705.06","710.40","700.69","","-0.83%"
"Nov 07, 2011","707.29","702.54","707.84","701.79","","+0.84%"
"Nov 04, 2011","701.41","702.20","704.47","696.45","","+0.66%"
"Nov 02, 2011","696.78","697.07","698.76","691.27","","-1.02%"
"Nov 01, 2011","703.97","712.43","712.43","702.24","","-1.99%"
"Oct 31, 2011","718.23","718.74","730.68","718.23","","-0.30%"
"Oct 28, 2011","720.39","719.08","721.31","716.93","","+1.35%"
"Oct 27, 2011","710.78","705.83","713.01","703.34","","+0.73%"
"Oct 26, 2011","705.64","706.48","708.74","702.06","","-0.89%"
"Oct 25, 2011","711.98","720.52","720.52","711.16","","-1.46%"
"Oct 24, 2011","722.56","719.13","723.58","718.86","","+0.98%"
"Oct 21, 2011","715.52","718.97","720.49","713.05","","-0.39%"
"Oct 20, 2011","718.32","719.28","719.51","714.53","","-0.37%"
"Oct 19, 2011","720.99","725.14","726.04","719.79","","+0.19%"
"Oct 18, 2011","719.59","724.81","727.14","719.59","","-1.30%"
"Oct 17, 2011","729.07","730.89","732.32","727.94","","+0.96%"
"Oct 14, 2011","722.12","720.07","723.88","719.28","","-0.28%"
"Oct 13, 2011","724.16","729.23","729.23","723.25","","-0.17%"
"Oct 12, 2011","725.41","728.85","730.41","723.24","","-0.90%"
"Oct 11, 2011","731.99","736.42","736.53","730.61","","-0.41%"
"Oct 07, 2011","735.02","738.41","740.24","733.86","","-0.45%"
"Oct 06, 2011","738.32","736.76","742.38","735.66","","+0.57%"
"Oct 05, 2011","734.16","735.89","738.20","730.85","","+0.01%"
"Oct 04, 2011","734.09","731.12","734.87","728.61","","-0.15%"
"Oct 03, 2011","735.22","731.01","736.95","727.21","","-0.55%"
"Sep 30, 2011","739.28","739.94","740.44","734.81","","+0.09%"
"Sep 29, 2011","738.60","725.57","738.60","725.57","","+1.23%"
"Sep 28, 2011","729.64","715.46","730.23","714.97","","+1.66%"
"Sep 27, 2011","717.76","709.48","717.76","708.88","","+1.81%"
"Sep 26, 2011","705.03","709.28","714.13","701.56","","-0.60%"
"Sep 22, 2011","709.30","706.81","709.58","702.49","","-0.44%"
"Sep 21, 2011","712.43","714.63","716.04","712.00","","-0.23%"
"Sep 20, 2011","714.04","715.39","717.27","712.36","","-0.92%"
"Sep 16, 2011","720.64","717.80","720.71","715.62","","+0.90%"
"Sep 15, 2011","714.23","719.94","722.26","711.78","","+0.24%"
"Sep 14, 2011","712.51","718.67","722.90","711.78","","-0.83%"
"Sep 13, 2011","718.44","718.05","720.16","714.65","","+0.43%"
"Sep 12, 2011","715.36","714.94","717.32","713.72","","-1.25%"
"Sep 09, 2011","724.43","718.39","724.96","717.88","","+0.48%"
"Sep 08, 2011","720.96","724.97","725.29","719.96","","+0.06%"
"Sep 07, 2011","720.56","719.35","721.84","714.97","","+0.98%"
"Sep 06, 2011","713.57","715.99","717.74","711.73","","-0.75%"
"Sep 05, 2011","718.98","715.36","720.23","714.91","","-0.02%"
"Sep 02, 2011","719.09","714.85","720.30","711.92","","+0.34%"
"Sep 01, 2011","716.62","722.90","722.92","714.45","","-0.34%"
"Aug 31, 2011","719.08","719.15","719.91","715.86","","+0.07%"
"Aug 30, 2011","718.57","718.45","720.34","715.29","","+0.80%"
"Aug 29, 2011","712.88","710.59","714.69","707.87","","+0.57%"
"Aug 26, 2011","708.84","706.70","709.52","705.82","","+0.38%"
"Aug 25, 2011","706.16","713.10","715.58","706.16","","-0.13%"
"Aug 24, 2011","707.11","716.90","717.06","706.31","","-0.65%"
"Aug 23, 2011","711.71","707.30","713.17","702.51","","+1.33%"
"Aug 22, 2011","702.37","709.27","710.87","701.73","","-0.92%"
"Aug 19, 2011","708.87","703.57","713.30","703.57","","-1.01%"
"Aug 18, 2011","716.08","715.00","718.99","712.02","","+0.13%"
"Aug 17, 2011","715.14","710.00","716.21","708.61","","+0.48%"
"Aug 16, 2011","711.70","711.73","714.43","709.42","","+0.10%"
"Aug 15, 2011","711.00","710.82","713.14","706.57","","+0.81%"
"Aug 12, 2011","705.29","709.75","710.22","700.50","","+0.08%"
"Aug 11, 2011","704.72","688.11","704.72","685.28","","+0.75%"
"Aug 10, 2011","699.48","694.88","701.45","694.56","","+1.75%"
"Aug 09, 2011","687.42","682.57","687.54","667.77","","-1.22%"
"Aug 08, 2011","695.93","704.82","706.22","693.39","","-2.19%"
"Aug 05, 2011","711.49","714.27","714.47","703.78","","-2.29%"
"Aug 04, 2011","728.17","733.61","736.23","728.17","","-0.15%"
"Aug 03, 2011","729.26","727.66","730.72","726.55","","-0.93%"
"Aug 02, 2011","736.13","734.87","736.48","732.27","","-0.38%"
"Aug 01, 2011","738.95","728.76","743.44","728.76","","+1.39%"
"Jul 29, 2011","728.85","730.71","735.05","727.92","","-0.34%"
"Jul 28, 2011","731.36","734.63","735.60","729.15","","-1.40%"
"Jul 27, 2011","741.76","739.76","742.59","734.68","","-0.11%"
"Jul 26, 2011","742.61","739.15","744.80","738.28","","+0.53%"
"Jul 25, 2011","738.73","740.44","741.17","737.24","","-0.48%"
"Jul 22, 2011","742.26","744.36","745.18","739.87","","+0.61%"
"Jul 21, 2011","737.74","739.26","740.53","736.71","","+0.05%"
"Jul 20, 2011","737.39","739.57","739.93","735.45","","+0.66%"
"Jul 19, 2011","732.52","733.33","735.80","732.25","","-0.25%"
"Jul 15, 2011","734.38","733.56","736.13","732.38","","+0.04%"
"Jul 14, 2011","734.05","732.89","736.51","730.79","","+0.08%"
"Jul 13, 2011","733.49","725.34","734.18","725.13","","+0.76%"
"Jul 12, 2011","727.98","726.21","729.03","723.81","","-0.45%"
"Jul 11, 2011","731.26","733.33","734.65","728.67","","-0.51%"
"Jul 08, 2011","735.01","728.91","736.48","728.91","","+1.79%"
"Jul 07, 2011","722.11","719.42","724.51","718.36","","+0.10%"
"Jul 06, 2011","721.40","717.66","721.40","715.45","","+0.79%"
"Jul 05, 2011","715.73","714.61","717.93","714.35","","+0.06%"
"Jul 04, 2011","715.33","719.20","720.47","713.61","","+0.27%"
"Jul 01, 2011","713.37","717.19","718.24","711.68","","-0.41%"
"Jun 30, 2011","716.28","712.92","716.74","711.90","","+1.13%"
"Jun 29, 2011","708.30","702.13","708.30","702.13","","+2.04%"
"Jun 28, 2011","694.16","695.60","698.46","693.03","","+0.60%"
"Jun 27, 2011","690.05","694.41","694.45","689.83","","-0.79%"
"Jun 24, 2011","695.53","697.92","700.07","692.90","","-0.15%"
"Jun 23, 2011","696.58","696.98","701.32","695.65","","-0.30%"
"Jun 22, 2011","698.70","691.65","700.95","691.65","","+1.27%"
"Jun 21, 2011","689.93","682.27","689.93","681.24","","+1.81%"
"Jun 20, 2011","677.64","677.56","680.89","676.64","","+0.53%"
"Jun 17, 2011","674.08","682.74","682.97","670.87","","-0.73%"
"Jun 16, 2011","679.01","684.89","686.26","678.38","","-1.72%"
"Jun 15, 2011","690.87","695.79","695.79","689.82","","-0.56%"
"Jun 14, 2011","694.77","687.65","697.85","686.93","","+1.20%"
"Jun 13, 2011","686.50","682.79","687.59","681.49","","+0.01%"
"Jun 10, 2011","686.44","685.41","692.45","685.41","","+0.70%"
"Jun 09, 2011","681.68","678.48","682.27","676.17","","+0.19%"
"Jun 08, 2011","680.38","678.67","681.44","675.14","","+0.19%"
"Jun 07, 2011","679.10","674.91","679.81","674.06","","+0.65%"
"Jun 06, 2011","674.72","676.47","678.50","674.07","","-0.45%"
"Jun 03, 2011","677.79","683.36","687.34","677.70","","-0.94%"
"Jun 02, 2011","684.25","682.71","685.84","678.68","","-0.95%"
"Jun 01, 2011","690.82","690.43","691.31","686.34","","+0.04%"
"May 31, 2011","690.56","680.96","690.91","680.86","","+1.24%"
"May 30, 2011","682.09","681.51","683.75","677.64","","-0.29%"
"May 27, 2011","684.09","683.16","686.17","680.94","","+0.05%"
"May 26, 2011","683.76","683.06","686.25","681.69","","+0.43%"
"May 25, 2011","680.81","686.64","686.89","680.55","","-0.76%"
"May 24, 2011","686.00","684.18","687.95","683.17","","+0.14%"
"May 23, 2011","685.05","689.95","689.95","684.35","","-0.65%"
"May 20, 2011","689.54","690.16","694.74","689.25","","+0.09%"
"May 19, 2011","688.92","689.61","691.85","687.99","","+0.07%"
"May 18, 2011","688.47","681.83","691.36","681.83","","+1.00%"
"May 17, 2011","681.68","678.78","683.75","677.35","","+0.22%"
"May 16, 2011","680.21","686.77","686.77","680.21","","-1.63%"
"May 13, 2011","691.45","696.78","698.15","686.42","","-0.32%"
"May 12, 2011","693.69","698.29","700.72","693.69","","-1.54%"
"May 11, 2011","704.51","707.42","708.51","703.64","","+0.10%"
"May 10, 2011","703.80","703.59","705.75","697.62","","+0.38%"
"May 09, 2011","701.11","706.36","707.14","700.35","","-0.43%"
"May 06, 2011","704.15","700.77","704.36","699.35","","-0.27%"
"May 02, 2011","706.06","703.12","706.16","702.25","","+1.00%"
"Apr 28, 2011","699.10","693.03","699.26","689.65","","+1.46%"
"Apr 27, 2011","689.03","691.29","694.88","687.80","","+0.12%"
"Apr 26, 2011","688.22","690.42","690.42","685.52","","-0.24%"
"Apr 25, 2011","689.91","691.13","696.68","688.45","","+0.07%"
"Apr 22, 2011","689.46","687.52","694.08","687.21","","-0.03%"
"Apr 21, 2011","689.68","692.48","692.87","688.02","","+0.30%"
"Apr 20, 2011","687.63","689.22","690.44","687.63","","+0.36%"
"Apr 19, 2011","685.15","684.07","686.61","683.65","","-0.77%"
"Apr 18, 2011","690.49","692.01","693.49","690.08","","+0.03%"
"Apr 15, 2011","690.29","691.43","691.95","688.09","","-0.42%"
"Apr 14, 2011","693.17","687.38","694.43","686.99","","+0.56%"
"Apr 13, 2011","689.32","684.74","690.91","684.64","","+0.59%"
"Apr 12, 2011","685.31","687.06","688.46","683.95","","-1.34%"
"Apr 11, 2011","694.64","690.15","696.15","689.38","","+1.03%"
"Apr 08, 2011","687.59","676.02","691.77","671.61","","+1.49%"
"Apr 07, 2011","677.52","678.87","683.06","677.41","","+0.55%"
"Apr 06, 2011","673.83","681.63","682.53","672.60","","-0.31%"
"Apr 05, 2011","675.94","686.41","686.45","674.33","","-1.26%"
"Apr 04, 2011","684.57","687.43","690.81","684.57","","-0.19%"
"Apr 01, 2011","685.84","697.27","700.26","685.84","","-1.44%"
"Mar 31, 2011","695.86","699.32","699.32","689.23","","-0.24%"
"Mar 30, 2011","697.51","683.61","697.51","682.09","","+2.13%"
"Mar 29, 2011","682.97","676.25","686.54","671.81","","+0.11%"
"Mar 28, 2011","682.25","687.18","687.18","678.77","","-0.42%"
"Mar 25, 2011","685.15","694.41","694.41","682.54","","-0.40%"
"Mar 24, 2011","687.92","692.42","695.45","687.92","","-0.30%"
"Mar 23, 2011","690.02","705.37","705.97","687.06","","-1.69%"
"Mar 22, 2011","701.91","680.36","702.50","679.67","","+5.10%"
"Mar 18, 2011","667.85","663.97","672.22","663.13","","+1.52%"
"Mar 17, 2011","657.87","646.89","664.38","628.87","","-0.14%"
"Mar 16, 2011","658.76","637.46","659.02","637.46","","+3.55%"
"Mar 15, 2011","636.19","681.49","681.50","600.33","","-8.05%"
"Mar 14, 2011","691.88","742.77","742.77","691.88","","-8.61%"
"Mar 11, 2011","757.10","762.16","764.87","757.10","","-1.50%"
"Mar 10, 2011","768.63","775.19","775.43","768.41","","-1.07%"
"Mar 09, 2011","776.98","780.10","782.82","776.98","","+0.45%"
"Mar 08, 2011","773.53","772.18","777.03","772.18","","+0.29%"
"Mar 07, 2011","771.31","778.36","778.40","770.78","","-1.19%"
"Mar 04, 2011","780.63","782.01","785.02","779.86","","+0.52%"
"Mar 03, 2011","776.56","769.37","778.19","768.91","","+1.14%"
"Mar 02, 2011","767.80","773.15","775.49","767.80","","-1.71%"
"Mar 01, 2011","781.12","772.21","784.01","772.21","","+1.71%"
"Feb 28, 2011","767.95","758.67","769.15","757.69","","+1.27%"
"Feb 25, 2011","758.31","753.72","758.55","753.72","","+0.53%"
"Feb 24, 2011","754.34","762.03","762.17","753.05","","-1.07%"
"Feb 23, 2011","762.53","759.96","768.70","759.96","","+0.20%"
"Feb 22, 2011","761.01","763.77","764.09","759.51","","-1.13%"
"Feb 21, 2011","769.73","765.29","770.33","764.20","","+0.21%"
"Feb 18, 2011","768.15","765.29","768.97","764.69","","+0.35%"
"Feb 17, 2011","765.47","764.29","765.86","762.93","","+0.29%"
"Feb 16, 2011","763.23","764.57","767.25","762.69","","0.00%"
"Feb 15, 2011","763.21","764.08","764.78","762.40","","0.00%"
"Feb 14, 2011","763.18","760.84","763.41","759.92","","+0.71%"
"Feb 10, 2011","757.80","757.87","758.72","754.95","","-0.29%"
"Feb 09, 2011","759.98","756.09","760.20","756.09","","+1.12%"
"Feb 08, 2011","751.58","752.07","754.13","750.69","","+0.37%"
"Feb 07, 2011","748.82","752.29","752.29","747.37","","+0.22%"
"Feb 04, 2011","747.18","746.62","751.53","746.62","","+0.92%"
"Feb 03, 2011","740.38","738.28","740.38","735.75","","+0.17%"
"Feb 02, 2011","739.11","738.30","743.30","737.85","","+0.68%"
"Feb 01, 2011","734.12","732.22","735.72","731.72","","+0.61%"
"Jan 31, 2011","729.68","727.19","731.92","725.80","","-0.61%"
"Jan 28, 2011","734.16","739.14","739.93","732.95","","-0.96%"
"Jan 27, 2011","741.29","742.93","745.24","740.66","","+0.21%"
"Jan 26, 2011","739.71","737.54","741.24","736.73","","+0.06%"
"Jan 25, 2011","739.26","734.39","740.28","731.17","","+0.74%"
"Jan 24, 2011","733.86","730.55","733.86","728.44","","+0.57%"
"Jan 21, 2011","729.70","739.36","741.05","728.06","","-1.24%"
"Jan 20, 2011","738.89","740.00","741.69","736.55","","-0.16%"
"Jan 19, 2011","740.08","739.51","740.37","737.08","","+0.38%"
"Jan 18, 2011","737.26","735.43","738.90","735.16","","-0.05%"
"Jan 17, 2011","737.63","741.73","743.32","737.36","","-0.25%"
"Jan 14, 2011","739.46","745.03","745.10","739.46","","-1.20%"
"Jan 13, 2011","748.42","745.52","749.35","745.52","","+0.82%"
"Jan 12, 2011","742.34","746.71","747.75","741.62","","-0.23%"
"Jan 11, 2011","744.02","740.40","744.06","740.21","","+0.59%"
"Jan 07, 2011","739.63","742.08","742.57","739.56","","-0.32%"
"Jan 06, 2011","742.02","742.93","743.57","740.31","","+0.45%"
"Jan 05, 2011","738.66","740.28","740.77","736.82","","-0.29%"
"Jan 04, 2011","740.78","740.88","742.65","738.74","","+0.89%"
"Dec 30, 2010","734.28","737.97","738.67","733.81","","-0.71%"
"Dec 29, 2010","739.55","734.80","739.55","734.11","","+0.75%"
"Dec 28, 2010","734.06","736.73","737.05","734.06","","-0.48%"
"Dec 27, 2010","737.61","736.46","739.45","736.28","","+0.30%"
"Dec 24, 2010","735.43","732.62","735.82","732.41","","+0.07%"
"Dec 22, 2010","734.91","737.83","739.00","733.42","","-0.74%"
"Dec 21, 2010","740.38","740.05","741.92","737.85","","+0.38%"
"Dec 20, 2010","737.55","737.94","741.44","735.49","","+0.11%"
"Dec 17, 2010","736.73","734.83","736.74","732.22","","+0.07%"
"Dec 16, 2010","736.21","733.15","740.46","732.48","","+0.40%"
"Dec 15, 2010","733.28","731.18","735.10","731.18","","+1.01%"
"Dec 14, 2010","725.93","721.36","725.93","721.04","","+0.64%"
"Dec 13, 2010","721.31","716.28","721.31","716.10","","+0.87%"
"Dec 10, 2010","715.10","719.19","719.19","712.35","","-0.04%"
"Dec 09, 2010","715.39","715.99","717.57","713.54","","-0.17%"
"Dec 08, 2010","716.58","715.98","721.20","712.41","","+0.67%"
"Dec 07, 2010","711.83","708.03","713.17","706.00","","+0.37%"
"Dec 06, 2010","709.21","705.22","709.60","705.22","","+0.68%"
"Dec 03, 2010","704.42","705.17","708.16","702.51","","+0.35%"
"Dec 02, 2010","701.98","704.18","704.56","699.80","","+0.69%"
"Dec 01, 2010","697.14","692.49","697.14","690.50","","+0.89%"
"Nov 30, 2010","691.01","697.64","701.22","691.01","","-1.03%"
"Nov 29, 2010","698.19","693.39","700.47","693.18","","+0.84%"
"Nov 26, 2010","692.39","692.70","695.50","690.99","","-0.21%"
"Nov 25, 2010","693.82","697.97","698.18","693.09","","-0.04%"
"Nov 24, 2010","694.10","688.35","697.28","687.55","","-0.25%"
"Nov 22, 2010","695.82","696.30","697.67","694.29","","+0.61%"
"Nov 19, 2010","691.57","693.65","693.81","690.17","","+0.53%"
"Nov 18, 2010","687.94","676.18","687.94","675.05","","+1.99%"
"Nov 17, 2010","674.49","671.42","674.81","669.99","","-0.68%"
"Nov 16, 2010","679.11","682.40","684.03","678.13","","-0.02%"
"Nov 15, 2010","679.27","678.43","679.99","676.31","","+0.48%"
"Nov 12, 2010","676.04","675.37","681.51","675.04","","-0.26%"
"Nov 11, 2010","677.83","682.88","682.88","676.69","","-0.58%"
"Nov 10, 2010","681.78","673.96","682.68","673.73","","+1.51%"
"Nov 09, 2010","671.67","672.67","677.50","670.46","","-0.14%"
"Nov 08, 2010","672.59","670.20","672.69","668.12","","+1.04%"
"Nov 05, 2010","665.66","665.02","671.34","664.77","","+0.93%"
"Nov 04, 2010","659.54","660.52","662.10","658.35","","+0.60%"
"Nov 02, 2010","655.60","655.56","658.64","654.34","","+0.11%"
"Nov 01, 2010","654.87","654.45","657.86","653.21","","-0.23%"
"Oct 29, 2010","656.35","657.09","658.62","653.57","","-0.44%"
"Oct 28, 2010","659.22","661.36","662.60","658.40","","-0.57%"
"Oct 27, 2010","663.03","661.26","664.93","658.73","","+0.44%"
"Oct 26, 2010","660.13","661.02","663.00","657.59","","-0.18%"
"Oct 25, 2010","661.29","664.32","666.39","661.25","","-0.60%"
"Oct 22, 2010","665.28","661.73","666.94","660.62","","+0.57%"
"Oct 21, 2010","661.51","664.31","664.52","657.17","","-0.06%"
"Oct 20, 2010","661.91","662.93","664.05","657.51","","-1.01%"
"Oct 19, 2010","668.68","667.65","670.36","665.63","","+0.53%"
"Oct 18, 2010","665.15","661.18","667.52","661.05","","+0.87%"
"Oct 15, 2010","659.39","666.79","666.79","658.69","","-1.33%"
"Oct 14, 2010","668.25","667.86","674.26","667.36","","+0.95%"
"Oct 13, 2010","661.97","669.03","669.61","661.59","","-0.40%"
"Oct 12, 2010","664.63","680.73","681.23","664.63","","-1.85%"
"Oct 08, 2010","677.13","680.71","683.85","677.13","","-0.51%"
"Oct 07, 2010","680.63","680.94","686.36","678.52","","+0.03%"
"Oct 06, 2010","680.45","681.70","683.07","678.51","","+0.45%"
"Oct 05, 2010","677.41","673.48","678.18","668.70","","+0.48%"
"Oct 04, 2010","674.19","681.59","682.23","673.26","","-1.01%"
"Oct 01, 2010","681.08","685.26","685.68","679.34","","-0.20%"
"Sep 30, 2010","682.44","693.78","694.50","682.44","","-1.50%"
"Sep 29, 2010","692.86","688.36","694.56","688.08","","+0.57%"
"Sep 28, 2010","688.95","688.10","689.71","686.15","","-0.27%"
"Sep 27, 2010","690.81","688.81","690.81","685.83","","+0.75%"
"Sep 24, 2010","685.67","688.39","691.05","684.51","","-0.75%"
"Sep 22, 2010","690.88","688.81","692.94","688.67","","+0.48%"
"Sep 21, 2010","687.59","696.61","696.95","687.07","","-0.84%"
"Sep 17, 2010","693.38","693.68","694.91","691.31","","+0.44%"
"Sep 16, 2010","690.34","697.49","697.49","689.42","","-0.62%"
"Sep 15, 2010","694.68","683.75","698.28","682.44","","+1.50%"
"Sep 14, 2010","684.44","684.89","686.01","682.58","","+0.03%"
"Sep 13, 2010","684.26","689.05","689.12","684.14","","-0.04%"
"Sep 10, 2010","684.56","684.38","688.85","682.35","","+0.49%"
"Sep 09, 2010","681.21","682.25","682.25","678.64","","+0.63%"
"Sep 08, 2010","676.96","678.93","679.26","674.05","","-1.15%"
"Sep 07, 2010","684.87","683.70","686.60","682.52","","-0.57%"
"Sep 06, 2010","688.81","686.86","689.65","682.66","","+0.79%"
"Sep 03, 2010","683.41","682.12","684.23","679.91","","+0.51%"
"Sep 02, 2010","679.92","675.73","679.99","671.03","","+1.96%"
"Sep 01, 2010","666.86","665.06","666.86","659.08","","+0.51%"
"Aug 31, 2010","663.46","673.88","674.38","662.81","","-2.40%"
"Aug 30, 2010","679.78","679.34","686.19","677.40","","+1.22%"
"Aug 27, 2010","671.61","663.27","672.73","662.79","","+0.63%"
"Aug 26, 2010","667.43","665.23","667.43","662.47","","+0.87%"
"Aug 25, 2010","661.68","662.22","665.75","659.80","","-0.71%"
"Aug 24, 2010","666.39","667.16","668.72","664.36","","-0.64%"
"Aug 23, 2010","670.71","674.31","674.87","669.81","","-0.64%"
"Aug 20, 2010","675.00","678.02","680.48","674.03","","-1.30%"
"Aug 19, 2010","683.92","680.69","684.09","680.69","","+0.49%"
"Aug 18, 2010","680.60","685.05","685.52","676.10","","-0.03%"
"Aug 17, 2010","680.79","677.69","682.13","677.18","","-0.15%"
"Aug 16, 2010","681.81","677.60","683.83","677.60","","-0.14%"
"Aug 13, 2010","682.80","678.38","684.45","676.73","","+0.50%"
"Aug 12, 2010","679.38","677.46","681.54","676.48","","-1.15%"
"Aug 11, 2010","687.31","694.33","696.03","687.31","","-1.76%"
"Aug 10, 2010","699.60","704.38","706.10","697.98","","-0.33%"
"Aug 09, 2010","701.94","694.55","701.94","694.45","","+0.39%"
"Aug 06, 2010","699.20","694.95","699.53","692.67","","-0.01%"
"Aug 05, 2010","699.29","694.35","700.50","694.20","","+1.68%"
"Aug 04, 2010","687.71","691.63","692.70","685.82","","-1.01%"
"Aug 03, 2010","694.70","696.56","696.97","690.68","","+0.72%"
"Aug 02, 2010","689.71","695.34","698.64","687.95","","-0.39%"
"Jul 30, 2010","692.42","697.77","697.77","688.28","","-0.87%"
"Jul 29, 2010","698.49","699.82","701.37","698.37","","-0.98%"
"Jul 28, 2010","705.40","701.41","705.40","700.81","","+1.22%"
"Jul 27, 2010","696.93","698.20","698.26","694.56","","-0.19%"
"Jul 26, 2010","698.25","698.36","701.57","695.45","","+0.48%"
"Jul 23, 2010","694.94","694.90","697.93","692.97","","+1.04%"
"Jul 22, 2010","687.81","686.79","689.78","685.74","","-0.27%"
"Jul 21, 2010","689.64","696.84","696.84","689.39","","-0.63%"
"Jul 20, 2010","694.04","689.67","696.36","688.92","","-0.36%"
"Jul 16, 2010","696.52","704.76","707.01","695.42","","-1.87%"
"Jul 15, 2010","709.76","712.10","712.82","707.66","","-0.86%"
"Jul 14, 2010","715.90","717.64","719.95","715.08","","+0.96%"
"Jul 13, 2010","709.07","713.89","715.61","709.07","","-0.35%"
"Jul 12, 2010","711.53","715.06","717.37","711.53","","-0.69%"
"Jul 09, 2010","716.50","714.00","718.01","714.00","","+0.51%"
"Jul 08, 2010","712.88","715.87","719.38","711.73","","+0.81%"
"Jul 07, 2010","707.17","711.60","711.70","705.16","","-0.77%"
"Jul 06, 2010","712.66","706.89","712.66","703.11","","+0.16%"
"Jul 05, 2010","711.50","704.98","711.63","704.77","","+1.15%"
"Jul 02, 2010","703.40","705.29","705.80","701.57","","-0.05%"
"Jul 01, 2010","703.75","704.08","705.01","701.01","","-0.95%"
"Jun 30, 2010","710.49","708.68","713.55","707.75","","-1.19%"
"Jun 29, 2010","719.02","723.08","728.20","717.42","","-0.54%"
"Jun 28, 2010","722.94","729.54","729.67","722.45","","-0.81%"
"Jun 25, 2010","728.84","728.48","730.11","724.17","","-0.45%"
"Jun 24, 2010","732.17","730.65","736.28","729.96","","+0.25%"
"Jun 23, 2010","730.37","728.56","731.63","727.80","","-0.88%"
"Jun 22, 2010","736.86","738.49","739.14","735.04","","-0.98%"
"Jun 21, 2010","744.19","737.54","744.52","737.54","","+1.68%"
"Jun 18, 2010","731.86","731.52","732.38","728.73","","-0.03%"
"Jun 17, 2010","732.06","733.34","734.86","730.36","","-0.56%"
"Jun 16, 2010","736.18","735.22","738.71","733.20","","+1.11%"
"Jun 15, 2010","728.13","727.62","729.24","725.58","","-0.42%"
"Jun 14, 2010","731.23","727.19","731.99","727.19","","+1.15%"
"Jun 11, 2010","722.92","726.56","726.56","721.83","","+0.75%"
"Jun 10, 2010","717.55","713.60","718.04","713.05","","+0.85%"
"Jun 09, 2010","711.52","709.29","712.39","705.89","","+0.25%"
"Jun 08, 2010","709.78","699.54","711.47","699.05","","+0.80%"
"Jun 07, 2010","704.12","710.39","710.56","702.38","","-2.11%"
"Jun 04, 2010","719.32","719.93","720.88","717.29","","-0.55%"
"Jun 03, 2010","723.33","720.49","723.93","719.20","","+1.40%"
"Jun 02, 2010","713.35","711.33","720.23","710.84","","-0.04%"
"Jun 01, 2010","713.66","715.40","715.40","708.64","","-0.36%"
"May 31, 2010","716.25","709.98","719.58","709.51","","+0.58%"
"May 28, 2010","712.09","711.61","713.20","706.77","","+1.26%"
"May 27, 2010","703.26","692.76","704.17","689.87","","+0.74%"
"May 26, 2010","698.12","704.62","708.32","698.12","","-0.41%"
"May 25, 2010","701.01","711.09","711.39","699.11","","-2.27%"
"May 24, 2010","717.30","714.76","718.23","713.37","","+0.10%"
"May 21, 2010","716.61","721.15","721.36","714.19","","-2.29%"
"May 20, 2010","733.44","732.94","736.97","732.44","","-0.37%"
"May 19, 2010","736.16","732.04","736.16","729.77","","-0.49%"
"May 18, 2010","739.81","742.58","747.10","739.01","","+0.10%"
"May 17, 2010","739.04","742.08","743.93","735.72","","-1.28%"
"May 14, 2010","748.63","747.44","752.94","746.10","","-0.47%"
"May 13, 2010","752.14","750.53","753.30","748.05","","+1.06%"
"May 12, 2010","744.26","744.83","749.66","741.59","","+0.52%"
"May 11, 2010","740.40","749.30","749.83","740.40","","-0.56%"
"May 10, 2010","744.56","735.69","746.03","732.85","","+1.20%"
"May 07, 2010","735.76","741.23","742.26","732.22","","-2.39%"
"May 06, 2010","753.74","755.83","756.47","750.44","","-1.33%"
"Apr 30, 2010","763.91","760.28","765.72","760.23","","+1.23%"
"Apr 28, 2010","754.61","758.95","759.29","754.61","","-1.74%"
"Apr 27, 2010","767.97","768.95","769.83","766.61","","-0.57%"
"Apr 26, 2010","772.41","765.57","773.38","765.47","","+1.17%"
"Apr 23, 2010","763.46","760.33","763.88","759.02","","+0.26%"
"Apr 22, 2010","761.49","759.91","762.35","753.33","","+0.18%"
"Apr 21, 2010","760.10","757.33","761.33","757.10","","+0.76%"
"Apr 20, 2010","754.35","750.33","759.60","750.33","","+0.75%"
"Apr 19, 2010","748.77","747.96","750.43","747.11","","-1.08%"
"Apr 16, 2010","756.94","761.77","762.14","755.88","","-0.83%"
"Apr 15, 2010","763.24","760.46","764.42","759.16","","+0.77%"
"Apr 14, 2010","757.43","752.67","757.76","752.67","","+0.93%"
"Apr 13, 2010","750.46","749.16","751.57","747.06","","+0.07%"
"Apr 12, 2010","749.93","746.61","752.82","746.57","","+1.00%"
"Apr 09, 2010","742.51","740.19","743.50","740.19","","+0.34%"
"Apr 08, 2010","739.96","738.95","741.95","738.15","","-0.19%"
"Apr 07, 2010","741.35","741.75","743.89","740.68","","-0.06%"
"Apr 06, 2010","741.76","740.55","742.85","738.90","","+0.53%"
"Apr 05, 2010","737.86","736.91","738.23","735.42","","+0.68%"
"Apr 02, 2010","732.86","734.88","734.88","731.47","","-0.16%"
"Apr 01, 2010","734.03","730.93","734.93","726.91","","+0.72%"
"Mar 31, 2010","728.75","727.11","731.48","725.85","","+0.39%"
"Mar 30, 2010","725.94","717.17","725.97","716.74","","+1.60%"
"Mar 29, 2010","714.54","712.96","715.02","712.13","","-1.07%"
"Mar 26, 2010","722.26","715.98","722.26","715.82","","+1.14%"
"Mar 25, 2010","714.12","721.40","721.40","713.51","","-0.98%"
"Mar 24, 2010","721.18","723.00","727.29","718.69","","+0.14%"
"Mar 23, 2010","720.14","718.31","721.87","718.30","","-0.24%"
"Mar 19, 2010","721.86","721.22","722.66","718.78","","+0.09%"
"Mar 18, 2010","721.21","722.55","723.36","719.81","","-0.39%"
"Mar 17, 2010","724.04","722.96","726.24","721.24","","+0.82%"
"Mar 16, 2010","718.13","716.33","721.84","716.31","","-0.10%"
"Mar 15, 2010","718.88","721.72","721.94","717.53","","-0.07%"
"Mar 12, 2010","719.39","715.60","720.27","714.40","","+1.11%"
"Mar 11, 2010","711.52","710.58","713.33","708.74","","+0.32%"
"Mar 10, 2010","709.28","709.35","710.87","708.58","","-0.12%"
"Mar 09, 2010","710.15","713.49","714.63","709.75","","-0.85%"
"Mar 08, 2010","716.24","712.72","717.36","712.15","","+1.43%"
"Mar 05, 2010","706.14","700.65","709.27","700.65","","+1.36%"
"Mar 04, 2010","696.65","702.11","702.16","695.11","","-0.51%"
"Mar 03, 2010","700.23","694.53","701.90","694.53","","+0.67%"
"Mar 02, 2010","695.59","694.04","695.59","691.26","","+0.34%"
"Mar 01, 2010","693.22","691.36","695.36","690.37","","+0.16%"
"Feb 26, 2010","692.12","691.67","694.58","689.39","","-0.06%"
"Feb 25, 2010","692.52","693.14","697.01","691.03","","+0.37%"
"Feb 24, 2010","689.94","692.44","693.82","687.53","","-1.18%"
"Feb 23, 2010","698.19","696.86","699.16","694.99","","-0.07%"
"Feb 22, 2010","698.71","694.16","703.23","693.59","","+1.94%"
"Feb 19, 2010","685.40","694.53","694.60","685.40","","-1.43%"
"Feb 18, 2010","695.36","693.87","695.41","692.12","","+0.22%"
"Feb 17, 2010","693.86","691.77","695.10","689.71","","+1.15%"
"Feb 16, 2010","685.94","685.90","687.75","684.28","","+0.04%"
"Feb 15, 2010","685.68","689.01","690.49","685.22","","-0.59%"
"Feb 12, 2010","689.77","688.21","692.77","686.49","","+0.96%"
"Feb 10, 2010","683.22","684.17","685.15","680.74","","+0.13%"
"Feb 09, 2010","682.35","677.22","682.91","675.86","","+0.11%"
"Feb 08, 2010","681.63","681.77","685.48","679.09","","-0.09%"
"Feb 05, 2010","682.24","684.88","685.96","680.56","","-1.77%"
"Feb 04, 2010","694.56","693.87","698.75","690.89","","+0.58%"
"Feb 03, 2010","690.57","689.05","694.06","688.03","","+1.06%"
"Feb 02, 2010","683.33","677.13","683.93","675.74","","+1.03%"
"Feb 01, 2010","676.36","677.17","677.17","670.71","","-0.47%"
"Jan 29, 2010","679.53","688.81","689.19","679.53","","-2.23%"
"Jan 28, 2010","695.04","687.06","696.57","682.95","","+1.38%"
"Jan 27, 2010","685.60","693.39","693.39","685.60","","-1.53%"
"Jan 26, 2010","696.27","703.01","705.76","696.27","","-0.85%"
"Jan 25, 2010","702.27","701.61","704.36","699.39","","-0.54%"
"Jan 22, 2010","706.11","708.59","708.63","700.39","","-1.01%"
"Jan 21, 2010","713.32","706.76","713.52","704.82","","+0.93%"
"Jan 20, 2010","706.73","706.11","710.83","705.21","","+0.67%"
"Jan 19, 2010","702.04","702.07","704.19","698.72","","-0.08%"
"Jan 18, 2010","702.62","701.50","702.62","699.30","","-0.33%"
"Jan 15, 2010","704.98","703.06","704.98","701.18","","-0.02%"
"Jan 14, 2010","705.09","703.71","706.24","701.39","","+0.05%"
"Jan 13, 2010","704.77","705.35","710.43","704.77","","-0.52%"
"Jan 12, 2010","708.43","708.90","711.80","706.49","","+0.40%"
"Jan 08, 2010","705.62","708.06","709.77","702.65","","-0.21%"
"Jan 07, 2010","707.11","709.07","709.53","702.89","","-0.25%"
"Jan 06, 2010","708.88","708.11","709.72","702.51","","+0.43%"
"Jan 05, 2010","705.87","711.77","712.52","704.27","","+0.10%"
"Jan 04, 2010","705.16","702.20","707.15","701.44","","+0.74%"
"Dec 30, 2009","699.95","711.13","711.34","699.95","","-1.29%"
"Dec 29, 2009","709.10","706.26","709.70","703.45","","+0.62%"
"Dec 28, 2009","704.75","699.53","705.80","698.38","","+0.87%"
"Dec 25, 2009","698.70","699.60","699.97","696.28","","-0.20%"
"Dec 24, 2009","700.11","701.27","701.41","697.26","","-0.42%"
"Dec 22, 2009","703.03","701.85","704.37","697.64","","+0.57%"
"Dec 21, 2009","699.05","695.78","701.09","695.78","","+0.62%"
"Dec 18, 2009","694.74","687.62","695.07","686.91","","+1.15%"
"Dec 17, 2009","686.83","688.89","692.98","686.83","","-0.45%"
"Dec 16, 2009","689.94","687.28","693.32","685.43","","+1.05%"
"Dec 15, 2009","682.77","681.63","683.85","680.11","","-0.49%"
"Dec 14, 2009","686.13","690.71","690.71","681.76","","-0.63%"
"Dec 11, 2009","690.49","688.29","690.50","682.07","","+0.88%"
"Dec 10, 2009","684.44","688.85","694.30","683.73","","-0.58%"
"Dec 09, 2009","688.46","690.70","690.72","687.76","","-0.66%"
"Dec 08, 2009","693.06","689.57","696.64","689.57","","+0.51%"
"Dec 07, 2009","689.51","691.27","692.99","686.50","","+0.30%"
"Dec 04, 2009","687.47","691.38","691.38","685.14","","-0.69%"
"Dec 03, 2009","692.23","678.95","692.23","677.93","","+2.96%"
"Dec 02, 2009","672.35","672.98","673.66","669.01","","-0.34%"
"Dec 01, 2009","674.63","660.15","674.63","659.02","","+1.72%"
"Nov 30, 2009","663.22","651.76","663.22","649.33","","+2.43%"
"Nov 27, 2009","647.46","649.63","652.82","646.09","","-1.24%"
"Nov 26, 2009","655.56","653.34","656.49","648.62","","-0.43%"
"Nov 25, 2009","658.40","656.39","658.40","653.59","","+0.54%"
"Nov 24, 2009","654.85","663.20","663.20","654.32","","-1.48%"
"Nov 20, 2009","664.67","660.68","664.76","659.94","","+0.15%"
"Nov 19, 2009","663.68","669.46","669.46","660.24","","-0.59%"
"Nov 18, 2009","667.64","668.29","672.85","666.61","","-0.04%"
"Nov 17, 2009","667.93","672.21","672.24","666.76","","-0.24%"
"Nov 16, 2009","669.55","674.43","675.51","668.38","","-0.73%"
"Nov 13, 2009","674.49","677.64","679.37","674.49","","-0.17%"
"Nov 12, 2009","675.63","678.24","678.91","674.66","","-0.27%"
"Nov 11, 2009","677.46","680.83","685.98","677.01","","-0.47%"
"Nov 10, 2009","680.64","683.17","685.64","679.96","","-0.23%"
"Nov 09, 2009","682.21","679.78","685.19","678.75","","+0.66%"
"Nov 06, 2009","677.72","680.05","680.26","676.00","","+0.05%"
"Nov 05, 2009","677.38","681.00","683.30","674.84","","-0.87%"
"Nov 04, 2009","683.34","683.53","683.56","676.64","","-0.25%"
"Nov 02, 2009","685.07","683.61","686.26","675.76","","-0.82%"
"Oct 30, 2009","690.70","684.19","690.94","684.01","","+1.76%"
"Oct 29, 2009","678.75","683.67","685.86","678.54","","-1.61%"
"Oct 28, 2009","689.83","688.01","692.51","687.92","","+0.08%"
"Oct 27, 2009","689.27","695.16","695.67","688.06","","-1.45%"
"Oct 26, 2009","699.44","694.46","701.81","693.22","","+0.60%"
"Oct 23, 2009","695.24","696.95","699.15","694.09","","-0.15%"
"Oct 22, 2009","696.30","697.34","697.96","691.94","","-0.62%"
"Oct 21, 2009","700.67","700.73","703.12","698.66","","-0.61%"
"Oct 20, 2009","704.97","703.04","705.56","702.72","","+0.77%"
"Oct 19, 2009","699.55","691.23","700.33","691.23","","+0.81%"
"Oct 16, 2009","693.91","693.29","696.59","690.68","","-0.07%"
"Oct 15, 2009","694.39","693.80","698.02","691.51","","+0.89%"
"Oct 14, 2009","688.28","688.83","691.39","686.83","","+0.28%"
"Oct 13, 2009","686.39","687.77","688.75","683.07","","-0.45%"
"Oct 09, 2009","689.48","686.04","689.48","680.65","","+0.45%"
"Oct 08, 2009","686.37","687.52","688.87","684.20","","+0.10%"
"Oct 07, 2009","685.68","688.06","688.10","682.78","","-0.33%"
"Oct 06, 2009","687.94","688.84","688.84","681.37","","-0.06%"
"Oct 05, 2009","688.36","694.70","696.88","685.82","","-1.20%"
"Oct 02, 2009","696.73","704.98","704.98","695.16","","-2.10%"
"Oct 01, 2009","711.65","709.63","713.46","708.24","","-0.28%"
"Sep 30, 2009","713.64","707.19","713.64","705.25","","+0.33%"
"Sep 29, 2009","711.30","707.88","711.30","703.27","","+0.59%"
"Sep 28, 2009","707.10","704.15","712.82","700.01","","-0.46%"
"Sep 25, 2009","710.40","716.85","717.00","705.42","","-1.79%"
"Sep 24, 2009","723.34","712.35","724.63","711.95","","+2.13%"
"Sep 18, 2009","708.23","709.29","710.27","702.99","","-0.50%"
"Sep 17, 2009","711.76","709.98","712.36","707.24","","+0.76%"
"Sep 16, 2009","706.40","713.23","715.91","705.44","","-0.68%"
"Sep 15, 2009","711.24","714.47","714.47","709.31","","-0.10%"
"Sep 14, 2009","711.95","717.81","717.81","706.91","","-1.00%"
"Sep 11, 2009","719.15","725.23","725.23","714.95","","-0.72%"
"Sep 10, 2009","724.40","712.79","724.94","712.79","","+2.31%"
"Sep 09, 2009","708.01","707.60","712.82","705.86","","+0.19%"
"Sep 08, 2009","706.70","703.11","707.00","700.78","","+0.66%"
"Sep 07, 2009","702.09","706.22","706.22","701.05","","+0.04%"
"Sep 04, 2009","701.81","710.41","710.57","701.81","","-1.03%"
"Sep 03, 2009","709.09","710.22","713.82","707.56","","-0.52%"
"Sep 02, 2009","712.80","715.95","715.95","707.77","","-1.23%"
"Sep 01, 2009","721.71","723.87","725.50","721.35","","-0.61%"
"Aug 31, 2009","726.15","728.07","742.84","721.26","","+0.42%"
"Aug 28, 2009","723.11","721.41","723.74","718.55","","+0.94%"
"Aug 27, 2009","716.41","719.30","721.20","713.97","","-0.83%"
"Aug 26, 2009","722.40","718.87","722.71","717.26","","+0.80%"
"Aug 25, 2009","716.69","721.60","723.91","716.69","","-1.28%"
"Aug 24, 2009","725.99","714.49","727.50","714.49","","+2.90%"
"Aug 21, 2009","705.50","709.82","709.82","699.67","","-0.55%"
"Aug 20, 2009","709.40","698.50","710.50","697.06","","+1.57%"
"Aug 19, 2009","698.45","702.67","702.67","697.94","","-0.82%"
"Aug 18, 2009","704.23","701.20","705.68","698.93","","+0.23%"
"Aug 17, 2009","702.62","711.92","712.10","701.40","","-1.42%"
"Aug 14, 2009","712.74","712.12","716.43","711.76","","+0.06%"
"Aug 13, 2009","712.29","710.69","713.78","708.26","","+0.90%"
"Aug 12, 2009","705.91","710.86","710.89","705.01","","-1.38%"
"Aug 11, 2009","715.76","707.77","715.88","707.61","","+1.13%"
"Aug 10, 2009","707.76","711.32","712.31","705.64","","+0.19%"
"Aug 07, 2009","706.42","707.67","707.67","699.14","","-0.40%"
"Aug 06, 2009","709.26","708.23","712.95","705.43","","+0.15%"
"Aug 05, 2009","708.21","710.20","712.81","708.18","","+0.14%"
"Aug 04, 2009","707.23","708.34","712.74","705.35","","+0.48%"
"Aug 03, 2009","703.85","706.15","707.18","701.49","","+0.32%"
"Jul 31, 2009","701.62","705.22","705.67","698.25","","+0.08%"
"Jul 30, 2009","701.08","707.18","707.66","698.27","","-0.61%"
"Jul 29, 2009","705.38","703.37","709.14","703.37","","+0.15%"
"Jul 28, 2009","704.35","710.56","710.56","703.44","","-0.60%"
"Jul 27, 2009","708.59","706.69","713.08","706.65","","+0.89%"
"Jul 24, 2009","702.32","701.06","702.32","697.98","","+0.99%"
"Jul 23, 2009","695.41","696.60","701.84","694.89","","-0.44%"
"Jul 22, 2009","698.46","698.38","701.24","693.39","","+0.22%"
"Jul 21, 2009","696.90","691.94","699.11","691.88","","+1.76%"
"Jul 17, 2009","684.87","682.84","685.49","680.32","","+0.86%"
"Jul 16, 2009","679.03","683.03","686.30","678.31","","+0.24%"
"Jul 15, 2009","677.42","679.27","682.46","676.24","","+0.24%"
"Jul 14, 2009","675.82","683.08","683.42","673.92","","-0.18%"
"Jul 13, 2009","677.01","692.78","697.80","675.99","","-2.22%"
"Jul 10, 2009","692.38","690.40","693.97","688.55","","+0.64%"
"Jul 09, 2009","688.01","688.03","691.35","685.65","","-0.62%"
"Jul 08, 2009","692.33","699.89","699.89","690.74","","-1.78%"
"Jul 07, 2009","704.88","698.08","707.76","698.08","","+1.42%"
"Jul 06, 2009","695.04","692.69","696.45","692.19","","+0.37%"
"Jul 03, 2009","692.51","690.60","693.50","687.34","","-0.61%"
"Jul 02, 2009","696.74","699.79","700.45","695.58","","-0.05%"
"Jul 01, 2009","697.12","693.93","705.52","693.17","","+0.12%"
"Jun 30, 2009","696.25","692.22","698.96","691.54","","+1.24%"
"Jun 29, 2009","687.72","690.68","694.15","685.36","","-0.37%"
"Jun 26, 2009","690.24","689.23","690.62","685.32","","+0.24%"
"Jun 25, 2009","688.56","681.59","691.77","681.59","","+1.19%"
"Jun 24, 2009","680.47","686.68","689.79","680.47","","-0.59%"
"Jun 23, 2009","684.54","688.32","688.35","679.79","","-1.61%"
"Jun 22, 2009","695.75","687.72","699.23","687.70","","+1.48%"
"Jun 19, 2009","685.57","687.73","687.73","683.52","","+0.09%"
"Jun 18, 2009","684.92","682.91","685.13","679.91","","+0.07%"
"Jun 17, 2009","684.43","675.09","686.77","675.09","","+0.85%"
"Jun 16, 2009","678.67","685.80","687.33","677.60","","-2.15%"
"Jun 15, 2009","693.59","682.95","695.20","681.02","","+1.71%"
"Jun 12, 2009","681.93","674.60","683.32","674.16","","+1.56%"
"Jun 11, 2009","671.46","673.31","674.55","671.46","","-0.43%"
"Jun 10, 2009","674.36","665.20","674.36","663.91","","+1.86%"
"Jun 09, 2009","662.05","664.07","664.67","659.79","","-0.40%"
"Jun 08, 2009","664.69","663.22","667.17","662.14","","+0.63%"
"Jun 05, 2009","660.50","668.58","668.78","658.41","","-0.94%"
"Jun 04, 2009","666.78","667.60","671.19","664.56","","-0.36%"
"Jun 03, 2009","669.19","665.73","671.43","665.71","","+0.53%"
"Jun 02, 2009","665.67","668.98","669.43","664.90","","+0.12%"
"Jun 01, 2009","664.88","661.98","665.66","658.59","","+0.35%"
"May 29, 2009","662.59","662.47","663.23","657.84","","-0.43%"
"May 28, 2009","665.47","663.73","668.08","662.58","","-0.23%"
"May 27, 2009","667.00","665.61","669.13","664.37","","+0.94%"
"May 26, 2009","660.79","661.44","662.10","654.18","","+0.23%"
"May 25, 2009","659.28","650.15","660.11","650.15","","+1.54%"
"May 22, 2009","649.26","643.61","650.78","642.98","","+0.23%"
"May 21, 2009","647.78","651.45","652.59","645.37","","-1.30%"
"May 20, 2009","656.29","653.91","657.30","652.22","","+1.35%"
"May 19, 2009","647.55","641.79","649.19","641.73","","+2.01%"
"May 18, 2009","634.80","640.20","640.71","632.55","","-1.31%"
"May 15, 2009","643.20","639.80","645.14","638.60","","+0.33%"
"May 14, 2009","641.09","641.39","644.22","636.40","","-1.15%"
"May 13, 2009","648.57","641.56","649.81","641.56","","+1.35%"
"May 12, 2009","639.95","649.20","649.92","639.95","","-2.00%"
"May 11, 2009","653.04","637.87","653.04","635.21","","+2.73%"
"May 08, 2009","635.70","626.54","636.88","624.60","","+2.01%"
"May 07, 2009","623.16","629.65","635.45","619.34","","+0.23%"
"May 01, 2009","621.70","619.33","624.30","616.07","","+0.26%"
"Apr 30, 2009","620.08","610.82","623.51","610.82","","+2.56%"
"Apr 28, 2009","604.61","611.39","619.68","604.61","","-1.37%"
"Apr 27, 2009","613.03","618.94","619.40","609.41","","-0.23%"
"Apr 24, 2009","614.44","623.76","623.76","613.30","","-2.12%"
"Apr 23, 2009","627.77","616.16","628.75","614.12","","+1.79%"
"Apr 22, 2009","616.74","622.66","623.16","614.49","","-0.42%"
"Apr 21, 2009","619.33","619.51","621.49","610.95","","-0.98%"
"Apr 20, 2009","625.44","620.83","625.66","619.54","","+0.49%"
"Apr 17, 2009","622.38","624.82","629.28","621.40","","+0.07%"
"Apr 16, 2009","621.95","627.89","633.61","620.00","","-0.52%"
"Apr 15, 2009","625.18","620.06","626.68","618.16","","+1.00%"
"Apr 14, 2009","618.99","615.63","620.85","611.33","","+1.14%"
"Apr 13, 2009","612.03","614.15","616.95","611.07","","-0.35%"
"Apr 10, 2009","614.21","623.47","623.58","611.83","","-0.66%"
"Apr 09, 2009","618.26","610.39","619.17","609.93","","+1.33%"
"Apr 08, 2009","610.17","610.78","616.14","608.71","","+0.12%"
"Apr 07, 2009","609.46","609.42","612.31","603.78","","+0.10%"
"Apr 06, 2009","608.84","609.77","612.26","603.94","","+0.79%"
"Apr 03, 2009","604.06","615.88","616.03","600.56","","-1.73%"
"Apr 02, 2009","614.70","605.96","616.47","603.83","","+2.07%"
"Apr 01, 2009","602.21","596.19","602.21","588.45","","+0.70%"
"Mar 31, 2009","598.01","604.03","610.74","593.71","","-0.90%"
"Mar 30, 2009","603.44","620.29","623.52","603.44","","-2.22%"
"Mar 27, 2009","617.12","626.76","628.18","617.12","","-0.89%"
"Mar 26, 2009","622.67","619.51","622.91","613.00","","-0.15%"
"Mar 25, 2009","623.61","622.49","623.65","617.55","","+0.15%"
"Mar 24, 2009","622.68","616.53","622.68","612.66","","+2.27%"
"Mar 23, 2009","608.83","599.23","608.83","598.62","","+2.03%"
"Mar 19, 2009","596.71","595.83","601.66","594.17","","+1.02%"
"Mar 18, 2009","590.70","591.65","593.41","586.14","","+0.36%"
"Mar 17, 2009","588.58","591.22","592.12","582.50","","+0.35%"
"Mar 16, 2009","586.55","578.44","588.18","578.08","","+1.87%"
"Mar 13, 2009","575.78","565.58","576.30","565.54","","+2.33%"
"Mar 12, 2009","562.69","566.65","568.64","559.35","","-0.91%"
"Mar 11, 2009","567.84","566.77","574.07","565.34","","+1.44%"
"Mar 10, 2009","559.79","568.45","568.76","558.80","","-1.46%"
"Mar 09, 2009","568.11","572.24","574.84","566.99","","-0.57%"
"Mar 06, 2009","571.36","573.08","577.76","566.40","","-1.06%"
"Mar 05, 2009","577.46","575.24","582.37","575.21","","+0.33%"
"Mar 04, 2009","575.56","564.72","576.63","560.73","","+1.45%"
"Mar 03, 2009","567.32","568.22","570.35","558.29","","-1.13%"
"Mar 02, 2009","573.80","581.77","581.90","570.64","","-2.43%"
"Feb 27, 2009","588.10","582.89","588.68","580.11","","+0.89%"
"Feb 26, 2009","582.89","583.92","590.07","580.26","","+0.27%"
"Feb 25, 2009","581.31","579.32","582.00","573.06","","+1.62%"
"Feb 24, 2009","572.06","573.54","573.81","568.40","","-1.39%"
"Feb 23, 2009","580.11","574.81","581.51","570.56","","-0.02%"
"Feb 20, 2009","580.20","593.68","594.57","579.40","","-2.15%"
"Feb 19, 2009","592.97","594.42","596.60","590.89","","+0.67%"
"Feb 18, 2009","589.03","594.71","595.91","588.86","","-1.82%"
"Feb 17, 2009","599.93","599.62","603.49","597.99","","-0.24%"
"Feb 16, 2009","601.39","595.24","605.77","594.42","","+0.78%"
"Feb 13, 2009","596.74","587.81","599.88","587.81","","+2.54%"
"Feb 12, 2009","581.93","586.83","590.35","579.78","","-1.59%"
"Feb 10, 2009","591.35","588.67","596.10","588.67","","+1.50%"
"Feb 09, 2009","582.63","609.25","611.78","582.50","","-3.97%"
"Feb 06, 2009","606.73","615.18","615.42","605.12","","-1.21%"
"Feb 05, 2009","614.18","618.95","618.95","604.93","","-1.15%"
"Feb 04, 2009","621.35","611.29","622.19","610.06","","+2.13%"
"Feb 03, 2009","608.38","618.26","623.89","606.68","","-1.56%"
"Feb 02, 2009","618.00","620.96","621.44","613.16","","-1.24%"
"Jan 30, 2009","625.75","624.00","625.93","618.10","","-0.55%"
"Jan 29, 2009","629.20","634.48","638.93","623.61","","-0.10%"
"Jan 28, 2009","629.80","624.75","633.29","623.51","","+0.99%"
"Jan 27, 2009","623.65","621.24","627.38","619.35","","+1.25%"
"Jan 26, 2009","615.94","613.76","621.05","612.76","","+0.05%"
"Jan 23, 2009","615.62","616.15","618.36","609.13","","-0.06%"
"Jan 22, 2009","616.02","612.48","616.02","606.38","","+1.19%"
"Jan 21, 2009","608.79","615.63","616.22","606.92","","-2.23%"
"Jan 20, 2009","622.70","628.22","629.20","617.69","","-1.29%"
"Jan 19, 2009","630.85","635.32","636.73","627.22","","+0.08%"
"Jan 16, 2009","630.34","627.88","632.72","620.73","","+0.77%"
"Jan 15, 2009","625.51","627.52","630.26","617.36","","-1.49%"
"Jan 14, 2009","634.95","635.82","638.27","631.14","","-0.34%"
"Jan 13, 2009","637.11","651.97","652.42","635.45","","-3.26%"
"Jan 09, 2009","658.60","667.26","667.26","657.94","","-1.16%"
"Jan 08, 2009","666.35","670.47","675.72","665.24","","-1.16%"
"Jan 07, 2009","674.17","688.89","688.89","673.42","","-1.95%"
"Jan 06, 2009","687.59","698.35","698.35","686.86","","-1.05%"
"Jan 05, 2009","694.86","702.04","707.46","694.86","","-0.07%"
"Dec 30, 2008","695.34","687.76","695.66","687.55","","+0.75%"
"Dec 29, 2008","690.14","684.56","691.28","682.24","","+0.84%"
"Dec 26, 2008","684.38","679.98","684.65","679.65","","+1.18%"
"Dec 25, 2008","676.40","673.72","679.11","673.07","","+0.46%"
"Dec 24, 2008","673.28","672.71","674.90","665.36","","-0.63%"
"Dec 22, 2008","677.56","678.03","682.16","675.22","","-0.01%"
"Dec 19, 2008","677.60","686.90","689.51","677.60","","-1.82%"
"Dec 18, 2008","690.17","688.66","696.31","685.06","","-0.23%"
"Dec 17, 2008","691.79","696.77","699.11","681.28","","-0.04%"
"Dec 16, 2008","692.10","693.27","693.35","686.94","","-0.61%"
"Dec 15, 2008","696.34","685.13","697.78","684.88","","+2.94%"
"Dec 12, 2008","676.48","686.83","693.20","671.21","","-2.25%"
"Dec 11, 2008","692.08","688.42","692.08","680.44","","+0.65%"
"Dec 10, 2008","687.63","677.81","689.78","677.43","","+1.43%"
"Dec 09, 2008","677.91","681.50","682.43","673.35","","-0.60%"
"Dec 08, 2008","681.99","669.60","682.75","667.38","","+2.04%"
"Dec 05, 2008","668.35","669.62","675.59","668.02","","+0.04%"
"Dec 04, 2008","668.07","673.20","676.95","662.65","","-0.27%"
"Dec 03, 2008","669.89","665.03","672.23","663.37","","+1.48%"
"Dec 02, 2008","660.13","673.60","673.60","657.65","","-2.79%"
"Dec 01, 2008","679.09","688.95","689.58","678.22","","-1.57%"
"Nov 28, 2008","689.94","688.04","690.06","683.70","","+0.40%"
"Nov 27, 2008","687.16","692.48","698.58","681.65","","-0.39%"
"Nov 26, 2008","689.82","696.54","702.06","687.66","","-1.33%"
"Nov 25, 2008","699.10","686.42","699.10","681.04","","+2.90%"
"Nov 21, 2008","679.39","666.21","682.59","650.82","","+1.18%"
"Nov 20, 2008","671.48","682.46","683.83","671.48","","-2.56%"
"Nov 19, 2008","689.10","687.06","690.35","680.97","","+0.23%"
"Nov 18, 2008","687.49","685.35","691.81","681.17","","+0.15%"
"Nov 17, 2008","686.43","681.70","695.98","670.86","","-0.24%"
"Nov 14, 2008","688.10","672.31","692.84","672.31","","+3.77%"
"Nov 13, 2008","663.08","672.54","672.55","658.85","","-2.64%"
"Nov 12, 2008","681.09","674.11","686.70","672.92","","+0.66%"
"Nov 11, 2008","676.64","679.69","687.84","668.65","","-0.91%"
"Nov 10, 2008","682.85","666.94","687.24","665.51","","+3.59%"
"Nov 07, 2008","659.19","664.57","672.46","645.03","","-2.10%"
"Nov 06, 2008","673.35","677.35","683.43","670.31","","-2.13%"
"Nov 05, 2008","688.02","679.96","688.35","672.05","","+2.04%"
"Nov 04, 2008","674.25","653.29","676.32","653.29","","+4.39%"
"Oct 31, 2008","645.92","660.97","666.62","645.54","","-2.03%"
"Oct 30, 2008","659.33","629.96","659.33","623.00","","+5.36%"
"Oct 29, 2008","625.80","609.81","639.17","587.68","","+4.12%"
"Oct 28, 2008","601.04","579.03","604.72","565.18","","+2.83%"
"Oct 27, 2008","584.51","602.98","609.44","583.13","","-3.43%"
"Oct 24, 2008","605.25","645.15","645.15","603.51","","-6.89%"
"Oct 23, 2008","650.02","647.25","651.48","620.18","","-0.76%"
"Oct 22, 2008","654.98","691.44","691.69","654.98","","-6.38%"
"Oct 21, 2008","699.64","695.70","708.75","691.80","","+1.57%"
"Oct 20, 2008","688.81","666.63","689.53","664.97","","+3.98%"
"Oct 17, 2008","662.47","645.45","664.53","645.03","","+3.73%"
"Oct 16, 2008","638.65","665.59","665.79","622.42","","-5.48%"
"Oct 15, 2008","675.68","656.96","676.45","653.18","","+2.03%"
"Oct 14, 2008","662.23","600.52","662.63","600.52","","+12.07%"
"Oct 10, 2008","590.91","642.28","642.28","588.23","","-9.28%"
"Oct 09, 2008","651.33","644.19","666.04","638.70","","+0.14%"
"Oct 08, 2008","650.39","701.30","702.61","646.55","","-8.42%"
"Oct 07, 2008","710.20","722.07","722.22","694.18","","-3.13%"
"Oct 06, 2008","733.14","749.58","751.69","728.81","","-3.07%"
"Oct 03, 2008","756.33","771.79","773.52","755.33","","-2.99%"
"Oct 02, 2008","779.64","784.67","789.90","779.30","","-0.31%"
"Oct 01, 2008","782.10","776.81","783.02","771.92","","+1.55%"
"Sep 30, 2008","770.17","778.73","778.87","760.52","","-2.44%"
"Sep 29, 2008","789.45","795.63","804.31","788.07","","-1.16%"
"Sep 26, 2008","798.74","799.12","802.13","793.98","","-0.19%"
"Sep 25, 2008","800.23","797.70","801.16","790.72","","-0.76%"
"Sep 24, 2008","806.33","798.56","806.33","794.65","","+0.74%"
"Sep 22, 2008","800.38","813.39","814.53","799.74","","-0.41%"
"Sep 19, 2008","803.68","798.89","803.98","797.28","","+1.01%"
"Sep 18, 2008","795.62","792.45","800.95","781.53","","-0.62%"
"Sep 17, 2008","800.61","800.74","807.84","794.32","","+0.73%"
"Sep 16, 2008","794.84","806.33","806.37","782.31","","-2.77%"
"Sep 12, 2008","817.45","819.70","822.26","813.03","","+0.46%"
"Sep 11, 2008","813.69","819.32","820.58","813.69","","-1.41%"
"Sep 10, 2008","825.36","818.76","827.90","816.53","","-0.21%"
"Sep 09, 2008","827.12","835.99","836.11","825.35","","-1.30%"
"Sep 08, 2008","838.03","822.32","839.41","822.20","","+2.64%"
"Sep 05, 2008","816.46","820.91","821.27","813.42","","-1.98%"
"Sep 04, 2008","832.94","844.54","844.95","832.37","","-1.78%"
"Sep 03, 2008","848.00","842.24","849.24","842.24","","+1.62%"
"Sep 02, 2008","834.50","842.79","850.17","831.29","","-1.11%"
"Sep 01, 2008","843.84","847.32","848.60","843.33","","-0.89%"
"Aug 29, 2008","851.38","842.30","852.47","842.30","","+1.88%"
"Aug 28, 2008","835.65","832.15","835.80","828.88","","+0.70%"
"Aug 27, 2008","829.86","829.45","830.15","826.18","","-0.26%"
"Aug 26, 2008","832.03","831.66","832.03","826.53","","-0.57%"
"Aug 25, 2008","836.82","832.95","839.82","832.95","","+1.22%"
"Aug 22, 2008","826.72","825.63","826.72","821.15","","+0.13%"
"Aug 21, 2008","825.65","829.78","830.94","823.42","","-0.29%"
"Aug 20, 2008","828.09","819.25","828.89","818.86","","+0.34%"
"Aug 19, 2008","825.27","829.38","829.38","815.54","","-1.09%"
"Aug 18, 2008","834.38","828.26","840.28","827.30","","+0.84%"
"Aug 15, 2008","827.46","823.22","827.89","822.23","","+0.70%"
"Aug 14, 2008","821.71","819.59","826.53","817.70","","0.00%"
"Aug 13, 2008","821.69","836.04","836.04","816.72","","-2.17%"
"Aug 12, 2008","839.92","844.37","844.66","837.53","","-0.74%"
"Aug 11, 2008","846.18","842.91","848.29","842.41","","+0.63%"
"Aug 08, 2008","840.90","837.53","843.95","833.69","","-0.34%"
"Aug 07, 2008","843.81","859.70","859.70","841.03","","-1.99%"
"Aug 06, 2008","860.94","854.71","864.75","852.69","","+1.79%"
"Aug 05, 2008","845.80","846.65","854.74","844.51","","-0.02%"
"Aug 04, 2008","845.99","847.68","850.71","845.14","","-0.07%"
"Aug 01, 2008","846.58","859.15","859.47","842.12","","-2.01%"
"Jul 31, 2008","863.96","862.93","867.80","860.56","","+0.61%"
"Jul 30, 2008","858.76","845.80","858.94","845.80","","+1.89%"
"Jul 29, 2008","842.82","846.56","846.99","835.41","","-1.24%"
"Jul 28, 2008","853.36","851.75","856.89","851.75","","+0.75%"
"Jul 25, 2008","847.03","848.04","853.17","845.24","","-0.72%"
"Jul 24, 2008","853.15","843.13","853.15","841.55","","+1.83%"
"Jul 23, 2008","837.79","840.70","842.74","835.87","","+0.26%"
"Jul 22, 2008","835.60","829.41","835.97","829.26","","+1.67%"
"Jul 18, 2008","821.84","832.69","833.15","821.37","","-1.10%"
"Jul 17, 2008","830.94","830.82","831.79","826.93","","+0.83%"
"Jul 16, 2008","824.10","821.54","827.87","820.03","","+0.04%"
"Jul 15, 2008","823.75","832.28","832.28","821.44","","-1.71%"
"Jul 14, 2008","838.05","838.15","847.38","837.49","","-0.15%"
"Jul 11, 2008","839.34","844.65","844.67","836.71","","-0.76%"
"Jul 10, 2008","845.78","842.14","849.59","840.03","","+0.19%"
"Jul 09, 2008","844.15","850.45","855.26","843.69","","-0.29%"
"Jul 08, 2008","846.61","855.57","856.78","842.80","","-1.38%"
"Jul 07, 2008","858.45","853.49","861.73","850.57","","+0.21%"
"Jul 04, 2008","856.62","863.48","863.66","850.89","","-1.23%"
"Jul 03, 2008","867.27","860.18","868.66","859.71","","+0.42%"
"Jul 02, 2008","863.62","870.57","870.57","860.52","","-0.90%"
"Jul 01, 2008","871.49","864.39","872.85","862.97","","+1.19%"
"Jun 30, 2008","861.25","864.30","867.90","860.49","","-0.06%"
"Jun 27, 2008","861.78","854.20","861.85","850.46","","-0.57%"
"Jun 26, 2008","866.70","870.00","870.95","862.51","","-0.36%"
"Jun 25, 2008","869.86","864.46","869.86","856.70","","+0.61%"
"Jun 24, 2008","864.57","864.06","866.77","861.64","","+0.03%"
"Jun 23, 2008","864.34","857.98","869.59","855.17","","+0.26%"
"Jun 20, 2008","862.13","871.33","873.23","860.58","","-0.55%"
"Jun 19, 2008","866.89","879.01","879.01","865.30","","-1.71%"
"Jun 18, 2008","881.96","882.82","885.76","881.85","","-0.25%"
"Jun 17, 2008","884.20","877.80","885.38","877.06","","+0.74%"
"Jun 16, 2008","877.71","870.43","880.01","867.66","","+1.58%"
"Jun 13, 2008","864.10","872.12","872.12","858.86","","-0.64%"
"Jun 12, 2008","869.67","866.95","869.89","864.75","","-0.47%"
"Jun 11, 2008","873.79","881.67","881.67","867.64","","-0.46%"
"Jun 10, 2008","877.86","888.84","889.10","875.62","","-0.73%"
"Jun 09, 2008","884.32","882.98","889.10","877.91","","-1.15%"
"Jun 06, 2008","894.57","902.14","902.14","894.57","","+0.09%"
"Jun 05, 2008","893.78","891.91","895.33","889.43","","-0.05%"
"Jun 04, 2008","894.25","890.81","895.71","890.13","","+0.84%"
"Jun 03, 2008","886.76","897.94","899.75","886.04","","-1.90%"
"Jun 02, 2008","903.98","898.68","907.00","891.45","","+0.66%"
"May 30, 2008","898.04","891.93","898.44","891.59","","+0.78%"
"May 29, 2008","891.09","882.18","892.79","882.18","","+1.48%"
"May 28, 2008","878.11","887.99","888.08","876.00","","-0.97%"
"May 27, 2008","886.73","881.04","888.15","881.04","","+0.90%"
"May 26, 2008","878.84","888.19","889.27","878.83","","-1.40%"
"May 23, 2008","891.36","893.17","897.67","891.36","","-0.39%"
"May 22, 2008","894.84","884.86","896.88","881.54","","+0.59%"
"May 21, 2008","889.59","891.91","897.18","888.05","","-0.81%"
"May 20, 2008","896.85","903.15","903.34","894.36","","-0.84%"
"May 19, 2008","904.42","906.89","908.75","902.27","","+0.03%"
"May 16, 2008","904.18","915.96","918.10","903.04","","-1.30%"
"May 15, 2008","916.13","909.72","920.27","909.68","","+1.28%"
"May 14, 2008","904.59","895.72","905.03","892.80","","+1.18%"
"May 13, 2008","894.05","885.09","897.10","884.47","","+1.13%"
"May 12, 2008","884.04","875.55","885.78","874.02","","+0.53%"
"May 09, 2008","879.36","882.92","890.24","879.32","","-0.20%"
"May 08, 2008","881.15","880.76","886.27","880.76","","-0.10%"
"May 07, 2008","882.06","884.03","888.60","878.70","","+0.56%"
"May 02, 2008","877.15","882.06","885.61","869.67","","+0.51%"
"May 01, 2008","872.74","874.09","876.85","871.61","","-0.30%"
"Apr 30, 2008","875.40","876.83","879.77","874.24","","-0.50%"
"Apr 28, 2008","879.76","880.84","885.17","874.71","","-0.11%"
"Apr 25, 2008","880.75","873.01","883.10","872.39","","+1.28%"
"Apr 24, 2008","869.65","874.37","875.05","867.28","","-0.44%"
"Apr 23, 2008","873.46","864.19","877.41","863.82","","+0.63%"
"Apr 22, 2008","867.99","869.29","870.27","866.03","","-0.64%"
"Apr 21, 2008","873.54","885.95","887.15","871.23","","-0.31%"
"Apr 18, 2008","876.28","880.71","882.37","867.06","","-0.40%"
"Apr 17, 2008","879.84","885.52","888.33","876.31","","+0.43%"
"Apr 16, 2008","876.09","873.36","878.31","871.58","","+1.18%"
"Apr 15, 2008","865.85","866.17","867.65","858.11","","+0.04%"
"Apr 14, 2008","865.53","874.99","874.99","861.24","","-2.42%"
"Apr 11, 2008","886.98","871.67","886.98","871.66","","+2.65%"
"Apr 10, 2008","864.10","873.11","873.11","862.24","","-1.33%"
"Apr 09, 2008","875.71","884.81","887.31","870.03","","-0.44%"
"Apr 08, 2008","879.62","892.99","893.74","878.88","","-1.88%"
"Apr 07, 2008","896.43","888.61","897.01","887.38","","+0.92%"
"Apr 04, 2008","888.25","877.89","888.25","876.37","","+0.76%"
"Apr 03, 2008","881.52","874.23","881.52","869.59","","+0.91%"
"Apr 02, 2008","873.58","869.03","881.60","869.03","","+1.63%"
"Apr 01, 2008","859.60","853.45","864.08","853.26","","+1.32%"
"Mar 31, 2008","848.44","854.31","855.69","837.54","","-1.35%"
"Mar 28, 2008","860.05","849.56","861.03","843.82","","+1.28%"
"Mar 27, 2008","849.21","846.52","851.21","841.45","","+0.05%"
"Mar 26, 2008","848.78","840.25","849.43","840.25","","+0.19%"
"Mar 25, 2008","847.18","845.08","848.78","840.74","","+1.42%"
"Mar 24, 2008","835.35","834.60","841.13","834.15","","+0.29%"
"Mar 21, 2008","832.92","824.16","833.48","824.16","","+1.67%"
"Mar 19, 2008","819.26","810.10","822.62","810.10","","+2.46%"
"Mar 18, 2008","799.60","798.89","803.14","791.36","","+0.07%"
"Mar 17, 2008","799.03","812.97","813.24","795.30","","-2.78%"
"Mar 14, 2008","821.90","836.33","839.64","818.46","","-1.28%"
"Mar 13, 2008","832.52","848.72","850.45","830.50","","-2.81%"
"Mar 12, 2008","856.59","859.57","864.99","853.11","","+0.94%"
"Mar 11, 2008","848.65","839.42","848.65","838.47","","+0.02%"
"Mar 10, 2008","848.51","857.42","859.21","846.27","","-1.51%"
"Mar 07, 2008","861.51","862.26","868.22","856.60","","-1.24%"
"Mar 06, 2008","872.36","868.82","876.46","861.44","","+1.26%"
"Mar 05, 2008","861.52","861.25","867.46","860.41","","-0.17%"
"Mar 04, 2008","862.98","861.91","865.74","857.42","","+0.61%"
"Mar 03, 2008","857.77","874.12","874.75","856.41","","-3.16%"
"Feb 29, 2008","885.72","892.40","893.50","883.87","","-1.74%"
"Feb 28, 2008","901.36","892.15","903.14","889.98","","+0.48%"
"Feb 27, 2008","897.04","889.54","900.37","889.42","","+2.04%"
"Feb 26, 2008","879.11","903.43","903.71","878.74","","-2.51%"
"Feb 25, 2008","901.74","892.03","901.74","891.83","","+1.34%"
"Feb 22, 2008","889.78","891.05","892.91","881.20","","-0.64%"
"Feb 21, 2008","895.54","889.52","899.20","889.00","","+1.71%"
"Feb 20, 2008","880.52","898.59","901.10","880.52","","-2.06%"
"Feb 19, 2008","899.01","901.34","902.44","895.54","","+0.58%"
"Feb 18, 2008","893.83","891.36","903.71","891.36","","+0.27%"
"Feb 15, 2008","891.40","875.96","895.06","874.29","","+1.04%"
"Feb 14, 2008","882.23","871.20","882.23","869.09","","+2.43%"
"Feb 13, 2008","861.31","867.35","870.46","860.27","","+0.05%"
"Feb 12, 2008","860.92","867.11","869.27","860.92","","-0.64%"
"Feb 08, 2008","866.47","867.96","873.56","864.35","","-0.56%"
"Feb 07, 2008","871.31","867.01","872.95","858.83","","+0.61%"
"Feb 06, 2008","866.01","886.32","887.02","866.01","","-3.55%"
"Feb 05, 2008","897.87","898.92","901.38","890.21","","-0.55%"
"Feb 04, 2008","902.80","887.55","903.00","887.50","","+2.88%"
"Feb 01, 2008","877.53","882.30","886.40","874.86","","-1.47%"
"Jan 31, 2008","890.64","864.82","893.18","863.34","","+2.60%"
"Jan 30, 2008","868.06","880.27","880.27","863.99","","-0.76%"
"Jan 29, 2008","874.68","870.85","879.88","864.13","","+1.79%"
"Jan 28, 2008","859.32","866.76","872.49","859.32","","-1.32%"
"Jan 25, 2008","870.81","865.87","872.03","861.76","","+1.79%"
"Jan 24, 2008","855.47","848.89","860.21","848.60","","+1.82%"
"Jan 23, 2008","840.22","850.58","859.83","831.58","","+0.38%"
"Jan 22, 2008","837.05","867.39","867.39","835.18","","-4.72%"
"Jan 21, 2008","878.52","904.59","904.85","878.52","","-4.00%"
"Jan 18, 2008","915.10","900.41","917.56","885.56","","+0.26%"
"Jan 17, 2008","912.72","903.75","913.57","896.76","","+0.97%"
"Jan 16, 2008","903.97","912.55","916.87","903.37","","-1.59%"
"Jan 15, 2008","918.57","936.03","937.08","916.99","","-1.54%"
"Jan 11, 2008","932.92","947.96","948.44","930.49","","-1.73%"
"Jan 10, 2008","949.33","956.86","956.86","948.22","","-0.90%"
"Jan 09, 2008","957.92","939.38","957.92","936.80","","+1.10%"
"Jan 08, 2008","947.46","944.73","948.14","937.35","","-0.09%"
"Jan 07, 2008","948.31","954.63","954.63","945.03","","-1.50%"
"Jan 04, 2008","962.79","994.69","996.08","958.30","","-3.43%"
"Dec 28, 2007","997.03","1,002.14","1,002.41","995.16","","-0.86%"
"Dec 27, 2007","1,005.68","1,005.96","1,007.74","1,000.32","","-0.60%"
"Dec 26, 2007","1,011.79","1,004.62","1,011.79","1,003.39","","+0.91%"
"Dec 25, 2007","1,002.71","1,007.12","1,011.05","1,000.51","","+0.26%"
"Dec 21, 2007","1,000.06","992.99","1,000.32","988.75","","+1.00%"
"Dec 20, 2007","990.17","995.17","995.59","988.01","","+0.34%"
"Dec 19, 2007","986.82","995.25","999.21","986.82","","-0.94%"
"Dec 18, 2007","996.21","984.12","998.85","982.77","","+0.49%"
"Dec 17, 2007","991.34","1,001.47","1,004.53","991.15","","-1.62%"
"Dec 14, 2007","1,007.70","1,005.96","1,014.18","1,002.85","","+0.24%"
"Dec 13, 2007","1,005.28","1,016.46","1,017.87","1,005.20","","-1.82%"
"Dec 12, 2007","1,023.95","1,014.78","1,025.95","1,009.97","","+0.31%"
"Dec 11, 2007","1,020.75","1,025.69","1,029.28","1,018.50","","-0.09%"
"Dec 10, 2007","1,021.72","1,038.54","1,040.19","1,018.09","","-1.61%"
"Dec 07, 2007","1,038.46","1,036.71","1,045.97","1,036.66","","+0.90%"
"Dec 06, 2007","1,029.23","1,040.82","1,041.14","1,024.75","","-0.79%"
"Dec 05, 2007","1,037.39","1,024.51","1,037.39","1,020.79","","+0.58%"
"Dec 04, 2007","1,031.38","1,028.07","1,034.80","1,028.07","","+0.45%"
"Dec 03, 2007","1,026.79","1,031.18","1,032.68","1,023.31","","+0.07%"
"Nov 30, 2007","1,026.03","1,024.87","1,031.78","1,022.11","","-0.04%"
"Nov 29, 2007","1,026.46","1,029.52","1,037.94","1,023.65","","+0.49%"
"Nov 28, 2007","1,021.44","1,019.12","1,022.45","1,015.03","","+0.38%"
"Nov 27, 2007","1,017.53","996.63","1,018.20","993.84","","+1.12%"
"Nov 26, 2007","1,006.28","996.65","1,012.79","996.01","","+0.51%"
"Nov 22, 2007","1,001.20","989.15","1,002.44","987.65","","+1.31%"
"Nov 21, 2007","988.30","998.89","1,005.18","986.20","","-1.37%"
"Nov 20, 2007","1,002.01","990.07","1,004.58","983.93","","+0.22%"
"Nov 19, 2007","999.78","1,003.81","1,007.28","995.99","","-0.21%"
"Nov 16, 2007","1,001.92","1,009.46","1,009.46","996.87","","-1.48%"
"Nov 15, 2007","1,017.01","1,022.01","1,028.25","1,014.77","","-0.57%"
"Nov 14, 2007","1,022.85","1,013.71","1,022.89","1,010.45","","+1.82%"
"Nov 13, 2007","1,004.61","997.28","1,009.43","994.77","","+0.39%"
"Nov 12, 2007","1,000.68","998.11","1,001.85","989.05","","-0.63%"
"Nov 09, 2007","1,007.04","1,006.13","1,015.16","1,003.04","","+0.01%"
"Nov 08, 2007","1,006.96","1,013.30","1,013.30","996.45","","-1.87%"
"Nov 07, 2007","1,026.16","1,048.17","1,048.17","1,023.85","","-1.87%"
"Nov 06, 2007","1,045.72","1,035.25","1,052.44","1,035.25","","+0.37%"
"Nov 05, 2007","1,041.83","1,052.97","1,053.04","1,040.45","","-1.34%"
"Nov 02, 2007","1,055.94","1,053.07","1,062.51","1,049.53","","-0.95%"
"Nov 01, 2007","1,066.12","1,069.50","1,072.46","1,061.70","","-0.15%"
"Oct 31, 2007","1,067.76","1,050.72","1,067.76","1,050.49","","+1.54%"
"Oct 30, 2007","1,051.61","1,045.50","1,051.61","1,041.29","","-0.17%"
"Oct 29, 2007","1,053.41","1,045.39","1,057.05","1,045.38","","+1.21%"
"Oct 26, 2007","1,040.79","1,036.86","1,042.05","1,035.14","","+0.57%"
"Oct 25, 2007","1,034.94","1,033.79","1,042.39","1,029.25","","+0.24%"
"Oct 24, 2007","1,032.42","1,037.13","1,041.99","1,030.03","","-0.17%"
"Oct 23, 2007","1,034.13","1,028.92","1,039.70","1,026.75","","+0.48%"
"Oct 22, 2007","1,029.18","1,027.98","1,031.71","1,018.89","","-1.01%"
"Oct 19, 2007","1,039.68","1,044.28","1,044.47","1,034.72","","-1.23%"
"Oct 18, 2007","1,052.61","1,039.19","1,052.99","1,039.19","","+1.28%"
"Oct 17, 2007","1,039.30","1,052.27","1,052.36","1,033.59","","-1.55%"
"Oct 16, 2007","1,055.62","1,063.83","1,065.65","1,055.18","","-1.06%"
"Oct 15, 2007","1,066.97","1,067.30","1,072.86","1,063.49","","+0.05%"
"Oct 12, 2007","1,066.47","1,063.25","1,070.62","1,062.95","","-0.10%"
"Oct 11, 2007","1,067.59","1,053.21","1,067.71","1,050.78","","+1.57%"
"Oct 10, 2007","1,051.07","1,060.45","1,060.72","1,048.61","","-0.30%"
"Oct 09, 2007","1,054.24","1,055.05","1,063.97","1,052.28","","+0.11%"
"Oct 05, 2007","1,053.07","1,049.05","1,056.67","1,046.08","","+0.44%"
"Oct 04, 2007","1,048.50","1,046.99","1,054.62","1,039.57","","-0.57%"
"Oct 03, 2007","1,054.56","1,042.88","1,056.40","1,039.70","","+1.09%"
"Oct 02, 2007","1,043.18","1,036.98","1,043.18","1,035.61","","+1.32%"
"Oct 01, 2007","1,029.63","1,028.38","1,034.53","1,023.42","","+0.10%"
"Sep 28, 2007","1,028.56","1,034.57","1,035.59","1,026.30","","-0.66%"
"Sep 27, 2007","1,035.43","1,014.54","1,037.22","1,014.43","","+2.78%"
"Sep 26, 2007","1,007.45","997.19","1,008.80","996.88","","+0.97%"
"Sep 25, 2007","997.79","998.39","999.64","990.17","","-0.11%"
"Sep 21, 2007","998.85","997.52","1,002.10","994.94","","-0.48%"
"Sep 20, 2007","1,003.69","1,011.36","1,011.36","998.29","","-0.34%"
"Sep 19, 2007","1,007.07","996.38","1,010.43","996.38","","+2.18%"
"Sep 18, 2007","985.57","1,006.01","1,006.01","985.57","","-2.64%"
"Sep 14, 2007","1,012.29","1,001.06","1,014.95","1,001.02","","+1.26%"
"Sep 13, 2007","999.74","1,006.36","1,006.36","994.92","","-0.43%"
"Sep 12, 2007","1,004.10","1,011.02","1,015.21","1,002.51","","-0.71%"
"Sep 11, 2007","1,011.25","1,003.26","1,014.24","999.64","","+0.67%"
"Sep 10, 2007","1,004.52","1,003.72","1,011.31","998.06","","-0.94%"
"Sep 07, 2007","1,014.06","1,010.36","1,018.05","1,006.70","","-0.48%"
"Sep 06, 2007","1,019.00","1,010.49","1,019.13","1,002.47","","+0.06%"
"Sep 05, 2007","1,018.38","1,033.73","1,033.73","1,017.63","","-1.31%"
"Sep 04, 2007","1,031.93","1,032.96","1,036.19","1,029.96","","+0.06%"
"Sep 03, 2007","1,031.29","1,033.38","1,033.65","1,028.37","","-0.32%"
"Aug 31, 2007","1,034.59","1,023.51","1,034.66","1,022.51","","+1.76%"
"Aug 30, 2007","1,016.69","1,017.77","1,019.76","1,012.90","","+0.70%"
"Aug 29, 2007","1,009.61","1,008.07","1,009.69","1,000.96","","-1.07%"
"Aug 28, 2007","1,020.49","1,020.59","1,022.42","1,016.89","","-0.12%"
"Aug 27, 2007","1,021.76","1,025.74","1,032.74","1,017.91","","+0.26%"
"Aug 24, 2007","1,019.06","1,025.16","1,027.06","1,016.40","","-0.64%"
"Aug 23, 2007","1,025.59","1,007.77","1,026.04","1,007.67","","+2.56%"
"Aug 22, 2007","1,000.02","1,002.08","1,005.39","997.50","","-0.44%"
"Aug 21, 2007","1,004.41","996.42","1,012.45","996.42","","+1.26%"
"Aug 20, 2007","991.95","988.95","1,000.60","988.88","","+1.05%"
"Aug 17, 2007","981.62","1,004.99","1,005.91","981.62","","-3.03%"
"Aug 16, 2007","1,012.31","1,005.69","1,015.08","996.80","","+0.11%"
"Aug 15, 2007","1,011.17","1,021.84","1,025.05","1,009.45","","-1.16%"
"Aug 14, 2007","1,023.06","1,022.98","1,024.74","1,017.82","","-0.05%"
"Aug 13, 2007","1,023.62","1,029.32","1,033.93","1,019.81","","-0.28%"
"Aug 10, 2007","1,026.54","1,032.04","1,041.52","1,023.40","","-1.62%"
"Aug 09, 2007","1,043.46","1,039.73","1,055.20","1,039.48","","+0.90%"
"Aug 08, 2007","1,034.16","1,028.70","1,034.52","1,024.88","","0.00%"
"Aug 07, 2007","1,034.17","1,028.79","1,040.15","1,027.71","","+1.01%"
"Aug 06, 2007","1,023.87","1,010.34","1,027.23","1,009.47","","+0.45%"
"Aug 03, 2007","1,019.24","1,016.39","1,026.35","1,015.18","","+0.27%"
"Aug 02, 2007","1,016.48","1,006.00","1,016.54","1,003.57","","+1.21%"
"Aug 01, 2007","1,004.32","1,017.90","1,018.20","1,004.32","","-1.84%"
"Jul 31, 2007","1,023.17","1,027.17","1,028.50","1,020.79","","-0.45%"
"Jul 30, 2007","1,027.84","1,021.04","1,028.10","1,015.36","","-0.17%"
"Jul 27, 2007","1,029.63","1,027.55","1,032.68","1,021.58","","-0.95%"
"Jul 26, 2007","1,039.46","1,047.50","1,049.00","1,038.37","","-0.78%"
"Jul 25, 2007","1,047.63","1,049.97","1,050.85","1,046.00","","-0.88%"
"Jul 24, 2007","1,056.89","1,052.54","1,057.55","1,049.59","","+0.66%"
"Jul 23, 2007","1,049.91","1,056.87","1,056.92","1,047.69","","-1.19%"
"Jul 20, 2007","1,062.59","1,066.00","1,069.72","1,062.21","","-0.19%"
"Jul 19, 2007","1,064.62","1,065.13","1,067.68","1,059.68","","+0.05%"
"Jul 18, 2007","1,064.06","1,075.25","1,075.32","1,060.89","","-1.23%"
"Jul 17, 2007","1,077.36","1,087.52","1,087.59","1,076.71","","-0.82%"
"Jul 13, 2007","1,086.22","1,089.08","1,090.14","1,084.55","","+0.35%"
"Jul 12, 2007","1,082.46","1,084.04","1,088.40","1,079.29","","-0.04%"
"Jul 11, 2007","1,082.94","1,083.94","1,086.08","1,078.58","","-0.89%"
"Jul 10, 2007","1,092.64","1,094.92","1,095.75","1,089.32","","-0.23%"
"Jul 09, 2007","1,095.21","1,092.54","1,095.94","1,091.12","","+0.90%"
"Jul 06, 2007","1,085.43","1,084.66","1,085.79","1,078.80","","-0.20%"
"Jul 05, 2007","1,087.58","1,085.72","1,089.87","1,084.71","","+0.16%"
"Jul 04, 2007","1,085.83","1,090.82","1,090.89","1,084.53","","-0.41%"
"Jul 03, 2007","1,090.25","1,087.09","1,093.57","1,086.92","","+0.33%"
"Jul 02, 2007","1,086.68","1,089.57","1,089.57","1,084.71","","-0.38%"
"Jun 29, 2007","1,090.85","1,085.73","1,090.85","1,082.47","","+0.74%"
"Jun 28, 2007","1,082.86","1,072.37","1,082.86","1,072.37","","+1.13%"
"Jun 27, 2007","1,070.78","1,068.92","1,076.04","1,068.10","","+0.01%"
"Jun 26, 2007","1,070.65","1,078.33","1,079.28","1,068.20","","-0.73%"
"Jun 25, 2007","1,078.55","1,084.77","1,087.04","1,078.06","","-0.78%"
"Jun 22, 2007","1,087.01","1,090.26","1,091.77","1,082.98","","-0.62%"
"Jun 21, 2007","1,093.82","1,088.41","1,097.09","1,087.83","","+0.25%"
"Jun 20, 2007","1,091.14","1,091.68","1,093.29","1,089.17","","-0.25%"
"Jun 19, 2007","1,093.90","1,090.84","1,095.85","1,090.75","","+0.29%"
"Jun 18, 2007","1,090.76","1,089.26","1,092.37","1,088.61","","+0.52%"
"Jun 15, 2007","1,085.10","1,079.87","1,086.33","1,077.41","","+0.89%"
"Jun 14, 2007","1,075.50","1,074.97","1,077.32","1,070.54","","+0.17%"
"Jun 13, 2007","1,073.64","1,068.70","1,074.59","1,066.21","","+0.24%"
"Jun 12, 2007","1,071.08","1,074.05","1,075.10","1,066.43","","-0.30%"
"Jun 11, 2007","1,074.28","1,077.94","1,080.32","1,071.90","","+0.25%"
"Jun 08, 2007","1,071.59","1,077.89","1,079.07","1,068.20","","-1.11%"
"Jun 07, 2007","1,083.62","1,078.83","1,083.62","1,074.38","","-0.19%"
"Jun 06, 2007","1,085.72","1,087.26","1,088.39","1,083.97","","-0.56%"
"Jun 05, 2007","1,091.81","1,082.76","1,091.81","1,082.76","","+1.24%"
"Jun 04, 2007","1,078.41","1,082.79","1,083.06","1,077.77","","-0.15%"
"Jun 01, 2007","1,080.07","1,084.73","1,085.17","1,080.07","","-0.06%"
"May 31, 2007","1,080.77","1,074.80","1,080.77","1,073.22","","+1.12%"
"May 30, 2007","1,068.80","1,074.76","1,076.94","1,064.71","","-0.66%"
"May 29, 2007","1,075.86","1,069.85","1,077.74","1,066.37","","+0.39%"
"May 28, 2007","1,071.70","1,073.09","1,074.22","1,069.11","","+0.20%"
"May 25, 2007","1,069.58","1,077.65","1,077.65","1,062.47","","-1.17%"
"May 24, 2007","1,082.20","1,080.04","1,084.92","1,076.12","","-0.16%"
"May 23, 2007","1,083.91","1,083.21","1,087.76","1,081.13","","+0.37%"
"May 22, 2007","1,079.91","1,068.14","1,081.96","1,066.72","","+1.22%"
"May 21, 2007","1,066.90","1,066.92","1,069.31","1,062.86","","+0.34%"
"May 18, 2007","1,063.33","1,075.81","1,076.56","1,058.13","","-1.13%"
"May 17, 2007","1,075.53","1,076.74","1,080.94","1,074.10","","+0.19%"
"May 16, 2007","1,073.54","1,074.26","1,074.42","1,067.30","","-0.39%"
"May 15, 2007","1,077.75","1,082.12","1,084.97","1,076.70","","-1.00%"
"May 14, 2007","1,088.65","1,091.69","1,095.70","1,087.68","","-0.62%"
"May 11, 2007","1,095.46","1,099.70","1,099.70","1,090.98","","-0.97%"
"May 10, 2007","1,106.24","1,114.65","1,119.21","1,105.94","","-0.48%"
"May 09, 2007","1,111.54","1,114.95","1,114.95","1,107.63","","-0.58%"
"May 08, 2007","1,118.08","1,115.93","1,118.08","1,109.72","","+0.10%"
"May 07, 2007","1,116.91","1,111.47","1,119.07","1,111.47","","+1.08%"
"May 02, 2007","1,105.00","1,103.12","1,106.52","1,096.58","","+0.19%"
"May 01, 2007","1,102.87","1,108.64","1,108.79","1,101.68","","-0.65%"
"Apr 27, 2007","1,110.03","1,108.17","1,116.66","1,103.99","","-0.03%"
"Apr 26, 2007","1,110.31","1,112.15","1,116.10","1,109.03","","+0.56%"
"Apr 25, 2007","1,104.18","1,109.81","1,110.31","1,104.18","","-0.81%"
"Apr 24, 2007","1,113.21","1,100.17","1,113.81","1,099.41","","+1.02%"
"Apr 23, 2007","1,101.92","1,111.23","1,116.26","1,097.88","","-0.54%"
"Apr 20, 2007","1,107.93","1,110.49","1,111.23","1,106.36","","+0.01%"
"Apr 19, 2007","1,107.83","1,113.50","1,113.55","1,100.18","","-1.13%"
"Apr 18, 2007","1,120.54","1,115.50","1,123.34","1,113.06","","+0.42%"
"Apr 17, 2007","1,115.89","1,123.20","1,123.20","1,111.92","","-0.04%"
"Apr 16, 2007","1,116.36","1,116.42","1,121.09","1,114.22","","+0.85%"
"Apr 13, 2007","1,106.94","1,118.46","1,119.87","1,105.88","","-0.74%"
"Apr 12, 2007","1,115.16","1,116.32","1,117.33","1,109.75","","-0.36%"
"Apr 11, 2007","1,119.22","1,126.35","1,127.19","1,116.96","","-0.71%"
"Apr 10, 2007","1,127.21","1,127.64","1,128.99","1,124.41","","-0.50%"
"Apr 09, 2007","1,132.92","1,130.16","1,135.91","1,129.54","","+0.42%"
"Apr 06, 2007","1,128.20","1,128.07","1,131.94","1,127.01","","+0.15%"
"Apr 05, 2007","1,126.51","1,121.80","1,127.98","1,121.29","","+0.30%"
"Apr 04, 2007","1,123.10","1,119.74","1,125.29","1,118.39","","+0.84%"
"Apr 03, 2007","1,113.74","1,116.35","1,117.75","1,106.67","","0.00%"
"Apr 02, 2007","1,113.76","1,124.58","1,128.30","1,111.86","","-0.69%"
"Mar 30, 2007","1,121.51","1,122.17","1,124.89","1,118.99","","+0.31%"
"Mar 29, 2007","1,118.06","1,113.39","1,121.61","1,108.38","","-0.15%"
"Mar 28, 2007","1,119.73","1,124.56","1,129.41","1,114.81","","-0.50%"
"Mar 27, 2007","1,125.36","1,126.74","1,133.88","1,121.97","","-0.95%"
"Mar 26, 2007","1,136.12","1,131.31","1,139.43","1,125.63","","+0.97%"
"Mar 23, 2007","1,125.19","1,129.63","1,129.85","1,119.66","","-0.12%"
"Mar 22, 2007","1,126.56","1,127.58","1,131.42","1,125.33","","+1.04%"
"Mar 20, 2007","1,114.97","1,109.77","1,118.26","1,109.48","","+1.01%"
"Mar 19, 2007","1,103.80","1,093.76","1,103.80","1,090.75","","+0.37%"
"Mar 16, 2007","1,099.75","1,102.90","1,110.38","1,094.89","","-0.21%"
"Mar 15, 2007","1,102.03","1,110.16","1,113.57","1,101.22","","-0.16%"
"Mar 14, 2007","1,103.79","1,112.12","1,112.99","1,102.46","","-1.77%"
"Mar 13, 2007","1,123.66","1,133.55","1,133.56","1,123.40","","-0.64%"
"Mar 12, 2007","1,130.88","1,129.55","1,134.07","1,127.49","","+0.88%"
"Mar 09, 2007","1,121.02","1,133.13","1,133.13","1,120.68","","-0.76%"
"Mar 08, 2007","1,129.63","1,108.17","1,129.63","1,106.53","","+2.08%"
"Mar 07, 2007","1,106.62","1,121.05","1,124.41","1,106.41","","-0.55%"
"Mar 06, 2007","1,112.74","1,103.81","1,113.85","1,102.22","","+0.69%"
"Mar 05, 2007","1,105.08","1,129.59","1,129.71","1,101.63","","-3.20%"
"Mar 02, 2007","1,141.65","1,149.88","1,150.67","1,141.65","","-1.07%"
"Mar 01, 2007","1,154.01","1,155.42","1,159.04","1,145.11","","-0.27%"
"Feb 28, 2007","1,157.10","1,169.24","1,169.25","1,141.25","","-2.61%"
"Feb 27, 2007","1,188.05","1,196.93","1,196.93","1,186.04","","-0.68%"
"Feb 26, 2007","1,196.21","1,202.12","1,203.48","1,191.47","","-0.07%"
"Feb 23, 2007","1,197.07","1,191.53","1,198.48","1,188.24","","+0.40%"
"Feb 22, 2007","1,192.31","1,190.20","1,193.82","1,186.41","","+0.74%"
"Feb 21, 2007","1,183.61","1,190.29","1,191.16","1,182.10","","-0.72%"
"Feb 20, 2007","1,192.22","1,192.50","1,193.03","1,184.75","","-0.04%"
"Feb 19, 2007","1,192.68","1,186.38","1,198.44","1,185.09","","+0.31%"
"Feb 16, 2007","1,188.99","1,187.75","1,190.71","1,183.49","","-0.21%"
"Feb 15, 2007","1,191.45","1,193.10","1,193.67","1,184.33","","+0.27%"
"Feb 14, 2007","1,188.19","1,175.57","1,191.78","1,173.83","","+1.31%"
"Feb 13, 2007","1,172.86","1,173.10","1,177.75","1,169.31","","+0.07%"
"Feb 09, 2007","1,172.04","1,166.29","1,174.91","1,162.50","","+0.52%"
"Feb 08, 2007","1,166.02","1,175.21","1,176.06","1,163.63","","-0.56%"
"Feb 07, 2007","1,172.58","1,180.62","1,180.92","1,170.46","","-0.78%"
"Feb 06, 2007","1,181.77","1,178.98","1,184.53","1,177.80","","+0.45%"
"Feb 05, 2007","1,176.42","1,189.00","1,189.17","1,173.55","","-1.00%"
"Feb 02, 2007","1,188.30","1,183.00","1,193.33","1,182.41","","+0.89%"
"Feb 01, 2007","1,177.87","1,170.46","1,178.71","1,167.78","","+0.85%"
"Jan 31, 2007","1,167.91","1,177.02","1,177.18","1,160.64","","-0.65%"
"Jan 30, 2007","1,175.61","1,183.71","1,184.26","1,173.71","","-0.98%"
"Jan 29, 2007","1,187.19","1,181.89","1,188.67","1,177.79","","+0.47%"
"Jan 26, 2007","1,181.58","1,179.16","1,182.34","1,172.09","","+0.08%"
"Jan 25, 2007","1,180.69","1,197.04","1,197.04","1,180.06","","-1.02%"
"Jan 24, 2007","1,192.80","1,195.70","1,199.94","1,191.22","","+0.08%"
"Jan 23, 2007","1,191.85","1,198.22","1,200.33","1,188.20","","-1.08%"
"Jan 22, 2007","1,204.89","1,205.94","1,210.99","1,201.02","","+0.72%"
"Jan 19, 2007","1,196.30","1,192.64","1,198.43","1,187.69","","+0.17%"
"Jan 18, 2007","1,194.27","1,174.56","1,194.70","1,173.38","","+1.66%"
"Jan 17, 2007","1,174.79","1,170.08","1,177.42","1,157.70","","-0.02%"
"Jan 16, 2007","1,174.98","1,171.98","1,177.08","1,171.85","","+0.23%"
"Jan 15, 2007","1,172.26","1,168.60","1,176.75","1,166.63","","+0.77%"
"Jan 12, 2007","1,163.33","1,158.70","1,169.36","1,158.70","","+0.91%"
"Jan 11, 2007","1,152.81","1,160.17","1,166.61","1,148.59","","-0.41%"
"Jan 10, 2007","1,157.54","1,169.57","1,169.79","1,153.29","","-1.19%"
"Jan 09, 2007","1,171.46","1,150.12","1,171.95","1,150.12","","+1.76%"
"Jan 05, 2007","1,151.19","1,163.55","1,167.88","1,147.86","","-1.22%"
"Jan 04, 2007","1,165.42","1,159.53","1,166.10","1,157.89","","+1.21%"
"Dec 29, 2006","1,151.48","1,150.11","1,154.01","1,150.02","","+0.06%"
"Dec 28, 2006","1,150.74","1,154.26","1,156.71","1,147.66","","-0.02%"
"Dec 27, 2006","1,150.94","1,155.80","1,158.02","1,146.84","","-0.52%"
"Dec 26, 2006","1,156.93","1,148.52","1,157.77","1,147.81","","+0.48%"
"Dec 25, 2006","1,151.41","1,152.74","1,152.92","1,146.70","","-0.20%"
"Dec 22, 2006","1,153.68","1,149.69","1,154.67","1,146.63","","-0.05%"
"Dec 21, 2006","1,154.25","1,160.11","1,164.12","1,152.56","","-0.37%"
"Dec 20, 2006","1,158.49","1,152.12","1,159.75","1,149.86","","+0.87%"
"Dec 19, 2006","1,148.55","1,158.09","1,163.67","1,147.06","","-0.93%"
"Dec 18, 2006","1,159.28","1,160.77","1,162.80","1,157.37","","-0.05%"
"Dec 15, 2006","1,159.91","1,163.83","1,163.88","1,157.46","","-0.13%"
"Dec 14, 2006","1,161.41","1,147.48","1,161.63","1,146.75","","+1.25%"
"Dec 13, 2006","1,147.02","1,142.71","1,147.02","1,139.91","","+0.11%"
"Dec 12, 2006","1,145.75","1,146.04","1,150.98","1,142.07","","-0.07%"
"Dec 11, 2006","1,146.54","1,138.43","1,149.85","1,136.89","","+1.07%"
"Dec 08, 2006","1,134.41","1,141.20","1,141.20","1,132.77","","-0.37%"
"Dec 07, 2006","1,138.62","1,144.97","1,145.28","1,135.32","","-0.21%"
"Dec 06, 2006","1,141.02","1,131.26","1,143.24","1,127.62","","+1.24%"
"Dec 05, 2006","1,127.03","1,131.80","1,133.10","1,124.93","","-0.10%"
"Dec 04, 2006","1,128.15","1,127.15","1,132.40","1,123.09","","-0.29%"
"Dec 01, 2006","1,131.42","1,126.25","1,136.23","1,125.63","","+0.26%"
"Nov 30, 2006","1,128.49","1,121.88","1,129.17","1,118.55","","+1.03%"
"Nov 29, 2006","1,117.02","1,106.65","1,118.72","1,106.65","","+1.36%"
"Nov 28, 2006","1,102.06","1,086.82","1,102.88","1,084.05","","+0.48%"
"Nov 27, 2006","1,096.76","1,081.25","1,098.03","1,081.25","","+1.15%"
"Nov 24, 2006","1,084.26","1,085.03","1,086.92","1,074.79","","-0.63%"
"Nov 22, 2006","1,091.12","1,066.69","1,091.20","1,066.69","","+1.99%"
"Nov 21, 2006","1,069.83","1,071.69","1,077.93","1,066.25","","+0.05%"
"Nov 20, 2006","1,069.29","1,092.48","1,095.06","1,069.29","","-2.11%"
"Nov 17, 2006","1,092.39","1,098.88","1,102.54","1,092.19","","-0.80%"
"Nov 16, 2006","1,101.24","1,105.61","1,113.87","1,100.19","","+0.04%"
"Nov 15, 2006","1,100.76","1,112.47","1,115.44","1,100.63","","-1.12%"
"Nov 14, 2006","1,113.21","1,106.36","1,113.64","1,106.36","","+0.87%"
"Nov 13, 2006","1,103.57","1,104.20","1,106.29","1,098.16","","-0.21%"
"Nov 10, 2006","1,105.94","1,108.23","1,114.35","1,101.93","","-0.56%"
"Nov 09, 2006","1,112.12","1,113.16","1,117.82","1,105.91","","+0.02%"
"Nov 08, 2006","1,111.93","1,126.43","1,126.57","1,111.49","","-1.31%"
"Nov 07, 2006","1,126.71","1,132.99","1,134.58","1,125.99","","+0.10%"
"Nov 06, 2006","1,125.57","1,121.54","1,128.74","1,120.70","","+0.16%"
"Nov 02, 2006","1,123.73","1,122.95","1,126.84","1,119.68","","-0.45%"
"Nov 01, 2006","1,128.78","1,128.70","1,133.65","1,124.22","","-0.28%"
"Oct 31, 2006","1,131.95","1,130.55","1,136.43","1,125.21","","+0.65%"
"Oct 30, 2006","1,124.69","1,138.69","1,139.78","1,124.04","","-1.83%"
"Oct 27, 2006","1,145.68","1,155.81","1,155.81","1,142.15","","-0.60%"
"Oct 26, 2006","1,152.56","1,155.46","1,157.67","1,151.01","","+0.11%"
"Oct 25, 2006","1,151.34","1,160.81","1,161.58","1,150.29","","-0.66%"
"Oct 24, 2006","1,159.04","1,164.09","1,167.16","1,157.67","","-0.45%"
"Oct 23, 2006","1,164.27","1,149.58","1,164.27","1,145.33","","+1.35%"
"Oct 20, 2006","1,148.80","1,150.70","1,150.75","1,144.74","","-0.21%"
"Oct 19, 2006","1,151.25","1,150.96","1,156.97","1,147.71","","+0.12%"
"Oct 18, 2006","1,149.92","1,141.37","1,150.87","1,137.16","","+0.32%"
"Oct 17, 2006","1,146.22","1,154.24","1,154.59","1,142.79","","-0.35%"
"Oct 16, 2006","1,150.19","1,148.08","1,151.89","1,141.42","","+0.74%"
"Oct 13, 2006","1,141.73","1,134.97","1,143.48","1,134.79","","+1.60%"
"Oct 12, 2006","1,123.71","1,117.37","1,131.01","1,116.22","","+0.47%"
"Oct 11, 2006","1,118.47","1,134.75","1,134.91","1,118.24","","-1.29%"
"Oct 10, 2006","1,133.07","1,138.56","1,144.13","1,131.65","","-1.42%"
"Oct 06, 2006","1,149.35","1,158.21","1,158.31","1,145.72","","-0.84%"
"Oct 05, 2006","1,159.09","1,159.38","1,160.92","1,151.87","","+0.98%"
"Oct 04, 2006","1,147.80","1,165.33","1,166.62","1,143.78","","-1.36%"
"Oct 03, 2006","1,163.68","1,159.70","1,165.92","1,157.10","","+0.36%"
"Oct 02, 2006","1,159.56","1,155.36","1,163.85","1,155.27","","+0.60%"
"Sep 29, 2006","1,152.66","1,152.44","1,156.38","1,149.59","","+0.52%"
"Sep 28, 2006","1,146.72","1,137.98","1,146.72","1,136.73","","+0.93%"
"Sep 27, 2006","1,136.19","1,122.79","1,136.19","1,121.64","","+1.65%"
"Sep 26, 2006","1,117.77","1,115.56","1,120.47","1,113.53","","-0.12%"
"Sep 25, 2006","1,119.12","1,118.53","1,121.43","1,108.92","","-0.49%"
"Sep 22, 2006","1,124.63","1,130.42","1,131.79","1,122.09","","-1.25%"
"Sep 21, 2006","1,138.84","1,139.83","1,141.54","1,128.11","","+0.60%"
"Sep 20, 2006","1,132.02","1,141.53","1,142.18","1,126.68","","-1.43%"
"Sep 19, 2006","1,148.46","1,148.62","1,159.71","1,147.43","","+0.59%"
"Sep 15, 2006","1,141.72","1,143.43","1,147.29","1,136.23","","-0.54%"
"Sep 14, 2006","1,147.92","1,149.20","1,155.14","1,143.96","","+0.23%"
"Sep 13, 2006","1,145.33","1,163.09","1,164.42","1,144.79","","-0.73%"
"Sep 12, 2006","1,153.81","1,162.85","1,165.61","1,153.81","","-0.10%"
"Sep 11, 2006","1,154.93","1,172.81","1,173.16","1,154.93","","-1.17%"
"Sep 08, 2006","1,168.66","1,155.87","1,172.42","1,154.30","","+0.48%"
"Sep 07, 2006","1,163.04","1,177.24","1,178.03","1,161.84","","-1.83%"
"Sep 06, 2006","1,184.69","1,188.12","1,191.72","1,182.76","","-0.49%"
"Sep 05, 2006","1,190.47","1,185.96","1,192.87","1,182.21","","+0.39%"
"Sep 04, 2006","1,185.90","1,181.05","1,191.65","1,181.05","","+1.17%"
"Sep 01, 2006","1,172.22","1,175.98","1,175.98","1,167.79","","-0.82%"
"Aug 31, 2006","1,181.86","1,167.34","1,185.14","1,164.04","","+1.40%"
"Aug 30, 2006","1,165.53","1,170.65","1,173.03","1,156.27","","-0.18%"
"Aug 29, 2006","1,167.60","1,168.25","1,169.63","1,161.89","","+0.48%"
"Aug 28, 2006","1,161.98","1,177.50","1,180.63","1,161.44","","-1.20%"
"Aug 25, 2006","1,176.14","1,178.59","1,188.95","1,171.96","","-0.10%"
"Aug 24, 2006","1,177.37","1,187.51","1,188.68","1,173.33","","-0.94%"
"Aug 23, 2006","1,188.54","1,187.58","1,193.97","1,186.26","","0.00%"
"Aug 22, 2006","1,188.55","1,181.05","1,190.72","1,178.59","","+0.66%"
"Aug 21, 2006","1,180.77","1,187.74","1,191.51","1,179.30","","-0.45%"
"Aug 18, 2006","1,186.15","1,185.60","1,188.72","1,179.76","","+0.48%"
"Aug 17, 2006","1,180.52","1,184.86","1,193.45","1,180.52","","-0.21%"
"Aug 16, 2006","1,183.01","1,172.17","1,183.47","1,171.23","","+1.82%"
"Aug 15, 2006","1,161.84","1,159.06","1,166.18","1,156.03","","-0.02%"
"Aug 14, 2006","1,162.02","1,139.08","1,162.02","1,138.44","","+2.04%"
"Aug 11, 2006","1,138.77","1,137.18","1,143.29","1,136.95","","-0.11%"
"Aug 10, 2006","1,140.04","1,128.27","1,143.22","1,126.91","","+0.69%"
"Aug 09, 2006","1,132.18","1,120.58","1,132.18","1,105.10","","+0.64%"
"Aug 08, 2006","1,125.02","1,107.35","1,125.27","1,104.19","","+2.10%"
"Aug 07, 2006","1,101.90","1,123.98","1,125.14","1,101.90","","-1.94%"
"Aug 04, 2006","1,123.65","1,122.25","1,126.46","1,118.85","","+0.26%"
"Aug 03, 2006","1,120.75","1,131.26","1,132.43","1,116.16","","-0.57%"
"Aug 02, 2006","1,127.18","1,112.79","1,127.18","1,108.46","","+0.74%"
"Aug 01, 2006","1,118.90","1,117.90","1,126.75","1,116.33","","-0.26%"
"Jul 31, 2006","1,121.81","1,108.26","1,123.32","1,107.77","","+1.85%"
"Jul 28, 2006","1,101.45","1,096.15","1,101.45","1,084.00","","+0.60%"
"Jul 27, 2006","1,094.87","1,078.31","1,094.87","1,072.87","","+1.46%"
"Jul 26, 2006","1,079.10","1,095.91","1,099.14","1,079.10","","-1.35%"
"Jul 25, 2006","1,093.85","1,098.65","1,102.41","1,092.62","","+0.51%"
"Jul 24, 2006","1,088.34","1,087.22","1,092.64","1,075.70","","-0.47%"
"Jul 21, 2006","1,093.45","1,093.30","1,096.68","1,089.26","","-0.58%"
"Jul 20, 2006","1,099.87","1,076.90","1,099.87","1,076.18","","+3.69%"
"Jul 19, 2006","1,060.72","1,070.08","1,073.80","1,055.95","","-0.26%"
"Jul 18, 2006","1,063.45","1,097.63","1,099.87","1,063.32","","-3.98%"
"Jul 14, 2006","1,107.51","1,116.12","1,117.33","1,106.31","","-1.59%"
"Jul 13, 2006","1,125.39","1,123.40","1,138.64","1,118.16","","-0.75%"
"Jul 12, 2006","1,133.84","1,148.24","1,153.04","1,128.69","","-1.39%"
"Jul 11, 2006","1,149.80","1,154.75","1,157.32","1,142.12","","-0.52%"
"Jul 10, 2006","1,155.84","1,140.44","1,156.26","1,125.96","","+0.77%"
"Jul 07, 2006","1,146.96","1,154.94","1,156.72","1,146.12","","-0.24%"
"Jul 06, 2006","1,149.72","1,158.68","1,160.37","1,146.06","","-1.24%"
"Jul 05, 2006","1,164.10","1,161.17","1,167.16","1,158.86","","-0.73%"
"Jul 04, 2006","1,172.66","1,166.13","1,173.58","1,164.63","","+1.60%"
"Jul 03, 2006","1,154.22","1,150.68","1,157.70","1,147.05","","+0.95%"
"Jun 30, 2006","1,143.37","1,137.19","1,149.21","1,136.26","","+1.87%"
"Jun 29, 2006","1,122.37","1,122.24","1,125.21","1,119.75","","+0.46%"
"Jun 28, 2006","1,117.27","1,121.39","1,121.64","1,114.53","","-1.31%"
"Jun 27, 2006","1,132.12","1,134.04","1,135.36","1,126.99","","+0.02%"
"Jun 26, 2006","1,131.89","1,132.08","1,132.54","1,123.15","","-0.09%"
"Jun 23, 2006","1,132.88","1,132.00","1,133.13","1,120.47","","-0.67%"
"Jun 22, 2006","1,140.50","1,128.79","1,140.50","1,127.89","","+1.84%"
"Jun 21, 2006","1,119.84","1,130.17","1,130.65","1,111.34","","-1.11%"
"Jun 20, 2006","1,132.42","1,143.28","1,146.66","1,130.80","","-1.66%"
"Jun 19, 2006","1,151.48","1,151.58","1,156.90","1,148.60","","-0.66%"
"Jun 16, 2006","1,159.15","1,148.40","1,169.77","1,148.40","","+2.39%"
"Jun 15, 2006","1,132.10","1,116.90","1,134.47","1,116.90","","+2.23%"
"Jun 14, 2006","1,107.36","1,086.62","1,113.38","1,080.26","","+1.35%"
"Jun 13, 2006","1,092.63","1,117.54","1,121.58","1,092.63","","-3.21%"
"Jun 12, 2006","1,128.89","1,113.92","1,129.59","1,106.69","","+1.19%"
"Jun 09, 2006","1,115.58","1,097.15","1,118.99","1,090.48","","+2.09%"
"Jun 08, 2006","1,092.75","1,124.24","1,124.77","1,089.69","","-3.48%"
"Jun 07, 2006","1,132.11","1,140.07","1,153.75","1,132.11","","-1.00%"
"Jun 06, 2006","1,143.57","1,151.90","1,153.77","1,143.57","","-1.76%"
"Jun 05, 2006","1,164.05","1,159.26","1,170.03","1,154.34","","+0.07%"
"Jun 02, 2006","1,163.21","1,150.68","1,163.21","1,109.24","","+1.35%"
"Jun 01, 2006","1,147.67","1,172.13","1,177.57","1,144.99","","-1.42%"
"May 31, 2006","1,164.24","1,167.78","1,171.94","1,161.06","","-1.26%"
"May 30, 2006","1,179.05","1,187.50","1,187.64","1,175.00","","-0.91%"
"May 29, 2006","1,189.84","1,202.38","1,202.38","1,186.88","","-0.59%"
"May 26, 2006","1,196.94","1,196.73","1,201.42","1,188.95","","+0.40%"
"May 25, 2006","1,192.15","1,194.74","1,195.23","1,185.98","","-0.31%"
"May 24, 2006","1,195.80","1,189.68","1,196.27","1,176.36","","+0.84%"
"May 23, 2006","1,185.85","1,191.92","1,196.70","1,185.65","","-1.13%"
"May 22, 2006","1,199.44","1,227.73","1,230.96","1,199.44","","-1.55%"
"May 19, 2006","1,218.28","1,210.52","1,218.30","1,201.50","","+0.06%"
"May 18, 2006","1,217.61","1,207.04","1,222.41","1,194.44","","-0.31%"
"May 17, 2006","1,221.42","1,227.05","1,229.10","1,201.64","","-0.19%"
"May 16, 2006","1,223.71","1,255.02","1,257.22","1,222.08","","-2.40%"
"May 15, 2006","1,253.74","1,251.85","1,255.91","1,245.72","","-0.63%"
"May 12, 2006","1,261.67","1,269.95","1,269.95","1,250.05","","-1.73%"
"May 11, 2006","1,283.83","1,293.83","1,300.17","1,280.71","","-0.63%"
"May 10, 2006","1,292.02","1,307.02","1,307.11","1,289.65","","-1.56%"
"May 09, 2006","1,312.47","1,323.55","1,324.31","1,311.83","","-0.73%"
"May 08, 2006","1,322.13","1,329.85","1,333.36","1,317.38","","+0.12%"
"May 02, 2006","1,320.55","1,306.00","1,322.66","1,304.04","","+0.84%"
"May 01, 2006","1,309.59","1,313.88","1,315.18","1,307.73","","-0.12%"
"Apr 28, 2006","1,311.18","1,312.65","1,313.00","1,289.66","","-0.72%"
"Apr 27, 2006","1,320.70","1,314.39","1,324.00","1,313.60","","+0.63%"
"Apr 26, 2006","1,312.40","1,309.44","1,317.44","1,307.79","","+0.36%"
"Apr 25, 2006","1,307.72","1,288.25","1,308.14","1,284.77","","+1.77%"
"Apr 24, 2006","1,284.97","1,302.33","1,302.59","1,284.25","","-1.96%"
"Apr 21, 2006","1,310.67","1,314.93","1,318.84","1,303.70","","-0.59%"
"Apr 20, 2006","1,318.48","1,327.04","1,327.04","1,316.42","","-0.61%"
"Apr 19, 2006","1,326.54","1,331.15","1,337.10","1,326.54","","+0.60%"
"Apr 18, 2006","1,318.65","1,303.82","1,321.01","1,300.45","","+1.03%"
"Apr 17, 2006","1,305.20","1,327.87","1,328.17","1,305.18","","-1.75%"
"Apr 14, 2006","1,328.49","1,337.38","1,337.38","1,325.63","","-0.22%"
"Apr 13, 2006","1,331.48","1,339.09","1,339.75","1,322.16","","-0.30%"
"Apr 12, 2006","1,335.53","1,338.56","1,341.65","1,331.85","","-0.41%"
"Apr 11, 2006","1,341.05","1,343.55","1,344.89","1,333.03","","-0.13%"
"Apr 10, 2006","1,342.86","1,339.44","1,344.99","1,336.25","","-0.05%"
"Apr 07, 2006","1,343.56","1,347.70","1,348.58","1,336.80","","-0.35%"
"Apr 06, 2006","1,348.34","1,338.95","1,348.61","1,338.03","","+1.14%"
"Apr 05, 2006","1,333.16","1,343.47","1,350.76","1,327.40","","-0.45%"
"Apr 04, 2006","1,339.18","1,342.42","1,347.15","1,335.86","","-0.37%"
"Apr 03, 2006","1,344.21","1,325.38","1,346.99","1,324.29","","+1.67%"
"Mar 31, 2006","1,322.15","1,323.56","1,324.21","1,314.96","","-0.24%"
"Mar 30, 2006","1,325.37","1,321.22","1,329.07","1,318.66","","+0.54%"
"Mar 29, 2006","1,318.27","1,292.64","1,321.03","1,290.78","","+2.17%"
"Mar 28, 2006","1,290.26","1,285.78","1,292.01","1,277.33","","-0.45%"
"Mar 27, 2006","1,296.15","1,297.95","1,309.22","1,293.71","","+0.07%"
"Mar 24, 2006","1,295.24","1,289.11","1,296.69","1,288.79","","+0.17%"
"Mar 23, 2006","1,292.99","1,294.69","1,298.61","1,290.11","","+0.14%"
"Mar 22, 2006","1,291.16","1,286.63","1,294.88","1,279.35","","+0.01%"
"Mar 20, 2006","1,290.99","1,273.57","1,294.86","1,273.57","","+1.49%"
"Mar 17, 2006","1,272.09","1,257.08","1,272.09","1,253.07","","+1.83%"
"Mar 16, 2006","1,249.20","1,274.28","1,274.40","1,247.76","","-1.82%"
"Mar 15, 2006","1,272.38","1,274.09","1,277.88","1,268.23","","+0.29%"
"Mar 14, 2006","1,268.64","1,276.66","1,278.93","1,265.84","","-0.58%"
"Mar 13, 2006","1,276.06","1,264.59","1,276.53","1,262.69","","+2.03%"
"Mar 10, 2006","1,250.63","1,236.94","1,260.06","1,235.53","","+0.94%"
"Mar 09, 2006","1,239.04","1,204.56","1,239.04","1,204.54","","+3.41%"
"Mar 08, 2006","1,198.14","1,204.23","1,207.91","1,194.31","","-0.72%"
"Mar 07, 2006","1,206.82","1,217.97","1,217.97","1,204.80","","-1.29%"
"Mar 06, 2006","1,222.57","1,204.55","1,222.57","1,198.71","","+1.65%"
"Mar 03, 2006","1,202.74","1,214.53","1,218.55","1,201.14","","-1.22%"
"Mar 02, 2006","1,217.63","1,230.42","1,232.84","1,217.63","","-0.70%"
"Mar 01, 2006","1,226.18","1,236.25","1,236.54","1,222.99","","-1.52%"
"Feb 28, 2006","1,245.11","1,247.11","1,248.16","1,231.96","","+0.18%"
"Feb 27, 2006","1,242.86","1,261.67","1,269.78","1,242.66","","-1.21%"
"Feb 24, 2006","1,258.05","1,251.68","1,260.87","1,245.52","","+0.38%"
"Feb 23, 2006","1,253.31","1,230.58","1,255.47","1,230.51","","+2.53%"
"Feb 22, 2006","1,222.41","1,217.96","1,231.11","1,214.82","","+0.56%"
"Feb 21, 2006","1,215.55","1,180.49","1,215.55","1,180.00","","+3.43%"
"Feb 20, 2006","1,175.26","1,203.20","1,203.39","1,171.69","","-3.17%"
"Feb 17, 2006","1,213.72","1,240.76","1,241.14","1,208.87","","-2.31%"
"Feb 16, 2006","1,242.39","1,244.92","1,251.12","1,234.88","","-0.39%"
"Feb 15, 2006","1,247.26","1,268.34","1,272.67","1,244.86","","-1.46%"
"Feb 14, 2006","1,265.71","1,242.59","1,265.71","1,214.91","","+1.15%"
"Feb 13, 2006","1,251.33","1,291.20","1,291.20","1,249.72","","-3.43%"
"Feb 10, 2006","1,295.75","1,323.94","1,325.01","1,283.80","","-2.06%"
"Feb 09, 2006","1,323.02","1,322.51","1,325.57","1,312.14","","+0.61%"
"Feb 08, 2006","1,315.04","1,325.55","1,338.52","1,314.75","","-1.11%"
"Feb 07, 2006","1,329.85","1,316.45","1,331.37","1,315.59","","+1.37%"
"Feb 06, 2006","1,311.85","1,307.13","1,313.62","1,303.07","","+0.75%"
"Feb 03, 2006","1,302.10","1,296.76","1,302.58","1,292.52","","+0.20%"
"Feb 02, 2006","1,299.53","1,304.23","1,310.57","1,294.40","","+0.46%"
"Feb 01, 2006","1,293.62","1,308.82","1,313.48","1,293.62","","-1.53%"
"Jan 31, 2006","1,313.67","1,325.08","1,325.08","1,313.20","","-0.49%"
"Jan 30, 2006","1,320.18","1,318.52","1,331.05","1,317.71","","+0.97%"
"Jan 27, 2006","1,307.47","1,280.93","1,307.47","1,280.62","","+3.05%"
"Jan 26, 2006","1,268.72","1,271.35","1,275.73","1,264.48","","+0.56%"
"Jan 25, 2006","1,261.64","1,267.65","1,276.00","1,261.64","","-0.24%"
"Jan 24, 2006","1,264.62","1,229.86","1,265.91","1,229.04","","+3.06%"
"Jan 23, 2006","1,227.11","1,248.27","1,248.63","1,227.11","","-2.47%"
"Jan 20, 2006","1,258.21","1,290.21","1,294.96","1,250.14","","-1.50%"
"Jan 19, 2006","1,277.37","1,235.03","1,282.25","1,235.03","","+3.63%"
"Jan 18, 2006","1,232.58","1,281.19","1,281.73","1,203.72","","-4.38%"
"Jan 17, 2006","1,289.10","1,328.11","1,336.39","1,285.56","","-3.88%"
"Jan 16, 2006","1,341.12","1,325.29","1,345.78","1,318.22","","+1.33%"
"Jan 13, 2006","1,323.48","1,314.45","1,326.31","1,310.79","","+0.58%"
"Jan 12, 2006","1,315.91","1,302.30","1,316.11","1,301.04","","+0.96%"
"Jan 11, 2006","1,303.44","1,289.68","1,303.44","1,278.16","","+0.95%"
"Jan 10, 2006","1,291.23","1,305.94","1,306.96","1,289.55","","-0.78%"
"Jan 06, 2006","1,301.40","1,299.78","1,302.66","1,294.28","","+0.18%"
"Jan 05, 2006","1,299.11","1,297.68","1,301.91","1,292.57","","+0.37%"
"Jan 04, 2006","1,294.29","1,302.55","1,303.20","1,291.24","","+0.21%"
"Dec 30, 2005","1,291.63","1,308.24","1,308.26","1,291.16","","-0.85%"
"Dec 29, 2005","1,302.66","1,303.13","1,311.75","1,301.87","","+0.12%"
"Dec 28, 2005","1,301.16","1,290.40","1,301.32","1,288.62","","+0.67%"
"Dec 27, 2005","1,292.50","1,289.72","1,298.47","1,286.17","","-0.10%"
"Dec 26, 2005","1,293.79","1,288.29","1,295.19","1,283.54","","+0.58%"
"Dec 22, 2005","1,286.32","1,286.50","1,288.65","1,271.62","","+0.42%"
"Dec 21, 2005","1,280.98","1,264.99","1,281.38","1,264.56","","+1.84%"
"Dec 20, 2005","1,257.86","1,235.95","1,258.48","1,235.34","","+1.81%"
"Dec 19, 2005","1,235.50","1,224.80","1,235.50","1,221.86","","+0.88%"
"Dec 16, 2005","1,224.73","1,227.08","1,235.74","1,218.24","","-0.44%"
"Dec 15, 2005","1,230.12","1,234.50","1,235.58","1,226.60","","-0.50%"
"Dec 14, 2005","1,236.30","1,244.77","1,253.59","1,235.55","","-0.66%"
"Dec 13, 2005","1,244.56","1,246.75","1,250.44","1,238.50","","+0.11%"
"Dec 12, 2005","1,243.25","1,228.78","1,247.86","1,228.78","","+1.94%"
"Dec 09, 2005","1,219.59","1,203.44","1,222.41","1,201.55","","+1.72%"
"Dec 08, 2005","1,199.02","1,211.59","1,213.63","1,195.21","","-1.18%"
"Dec 07, 2005","1,213.32","1,217.51","1,218.06","1,211.98","","+0.08%"
"Dec 06, 2005","1,212.39","1,223.43","1,223.87","1,212.39","","-1.01%"
"Dec 05, 2005","1,224.77","1,218.52","1,225.16","1,215.99","","+0.86%"
"Dec 02, 2005","1,214.30","1,214.79","1,215.30","1,207.11","","+0.53%"
"Dec 01, 2005","1,207.92","1,193.66","1,207.92","1,191.61","","+1.64%"
"Nov 30, 2005","1,188.38","1,187.51","1,190.03","1,183.77","","+0.46%"
"Nov 29, 2005","1,182.90","1,179.53","1,186.06","1,178.96","","+0.24%"
"Nov 28, 2005","1,180.05","1,177.98","1,180.51","1,173.33","","+0.47%"
"Nov 25, 2005","1,174.54","1,171.14","1,176.38","1,166.84","","+0.40%"
"Nov 24, 2005","1,169.90","1,190.98","1,191.51","1,169.59","","-1.61%"
"Nov 22, 2005","1,189.05","1,186.84","1,189.92","1,182.81","","+0.24%"
"Nov 21, 2005","1,186.25","1,196.27","1,202.45","1,185.15","","-0.37%"
"Nov 18, 2005","1,190.70","1,187.53","1,192.16","1,186.48","","+1.18%"
"Nov 17, 2005","1,176.76","1,165.11","1,178.73","1,164.10","","+1.09%"
"Nov 16, 2005","1,164.08","1,153.12","1,164.25","1,150.31","","+0.52%"
"Nov 15, 2005","1,158.08","1,158.59","1,160.72","1,153.69","","-0.51%"
"Nov 14, 2005","1,164.00","1,169.37","1,170.62","1,161.13","","-0.10%"
"Nov 11, 2005","1,165.17","1,163.03","1,168.30","1,161.65","","+0.51%"
"Nov 10, 2005","1,159.26","1,162.71","1,165.14","1,152.42","","-0.21%"
"Nov 09, 2005","1,161.69","1,167.37","1,167.37","1,158.87","","-0.80%"
"Nov 08, 2005","1,171.00","1,188.02","1,188.08","1,170.56","","-1.49%"
"Nov 07, 2005","1,188.71","1,189.78","1,190.41","1,183.05","","+0.38%"
"Nov 04, 2005","1,184.18","1,178.08","1,184.18","1,171.15","","+1.25%"
"Nov 02, 2005","1,169.55","1,173.45","1,175.28","1,164.47","","-0.36%"
"Nov 01, 2005","1,173.76","1,158.51","1,173.76","1,158.51","","+1.32%"
"Oct 31, 2005","1,158.51","1,145.75","1,159.70","1,145.03","","+1.72%"
"Oct 28, 2005","1,138.95","1,133.90","1,141.56","1,132.46","","+0.15%"
"Oct 27, 2005","1,137.23","1,129.64","1,139.88","1,128.98","","+1.06%"
"Oct 26, 2005","1,125.35","1,120.24","1,127.78","1,119.17","","+0.67%"
"Oct 25, 2005","1,117.85","1,108.78","1,119.75","1,107.93","","+1.18%"
"Oct 24, 2005","1,104.79","1,111.73","1,112.59","1,102.53","","-0.50%"
"Oct 21, 2005","1,110.32","1,096.99","1,111.39","1,094.77","","+0.22%"
"Oct 20, 2005","1,107.83","1,108.37","1,111.49","1,104.38","","+0.85%"
"Oct 19, 2005","1,098.54","1,104.82","1,105.87","1,093.56","","-0.99%"
"Oct 18, 2005","1,109.52","1,121.69","1,121.69","1,108.00","","-1.18%"
"Oct 17, 2005","1,122.72","1,124.27","1,128.37","1,117.65","","+0.42%"
"Oct 14, 2005","1,117.99","1,117.07","1,118.67","1,111.13","","+0.54%"
"Oct 13, 2005","1,112.00","1,108.77","1,112.40","1,102.89","","+0.19%"
"Oct 12, 2005","1,109.91","1,111.10","1,119.04","1,105.92","","+0.11%"
"Oct 11, 2005","1,108.64","1,089.20","1,108.64","1,088.38","","+2.00%"
"Oct 07, 2005","1,086.88","1,096.41","1,099.17","1,086.14","","-1.16%"
"Oct 06, 2005","1,099.60","1,110.08","1,110.53","1,095.81","","-1.55%"
"Oct 05, 2005","1,116.86","1,122.09","1,122.09","1,110.02","","-0.35%"
"Oct 04, 2005","1,120.80","1,116.93","1,120.84","1,113.18","","+0.41%"
"Oct 03, 2005","1,116.18","1,105.05","1,116.18","1,101.31","","+1.16%"
"Sep 30, 2005","1,103.40","1,105.53","1,108.15","1,097.60","","+0.31%"
"Sep 29, 2005","1,099.98","1,104.61","1,104.64","1,089.19","","-0.33%"
"Sep 28, 2005","1,103.66","1,095.94","1,105.01","1,094.58","","+0.85%"
"Sep 27, 2005","1,094.35","1,100.52","1,101.51","1,093.89","","-0.88%"
"Sep 26, 2005","1,104.09","1,097.91","1,104.09","1,097.72","","+1.05%"
"Sep 22, 2005","1,092.63","1,094.56","1,096.00","1,090.63","","-0.29%"
"Sep 21, 2005","1,095.76","1,102.96","1,103.94","1,095.22","","-0.51%"
"Sep 20, 2005","1,101.42","1,095.16","1,102.97","1,095.06","","+0.69%"
"Sep 16, 2005","1,093.85","1,095.16","1,095.16","1,088.09","","-0.04%"
"Sep 15, 2005","1,094.28","1,084.44","1,094.28","1,082.92","","+1.06%"
"Sep 14, 2005","1,082.84","1,080.31","1,087.50","1,079.85","","-0.27%"
"Sep 13, 2005","1,085.74","1,087.53","1,087.71","1,082.22","","-0.29%"
"Sep 12, 2005","1,088.89","1,073.82","1,091.96","1,073.33","","+2.42%"
"Sep 09, 2005","1,063.19","1,056.52","1,063.19","1,054.68","","+0.86%"
"Sep 08, 2005","1,054.12","1,058.09","1,058.33","1,050.91","","-0.59%"
"Sep 07, 2005","1,060.40","1,068.93","1,069.15","1,058.44","","-0.49%"
"Sep 06, 2005","1,065.67","1,068.36","1,071.70","1,063.71","","+0.06%"
"Sep 05, 2005","1,064.98","1,061.63","1,065.65","1,061.26","","+0.62%"
"Sep 02, 2005","1,058.42","1,058.32","1,060.00","1,056.53","","+0.35%"
"Sep 01, 2005","1,054.69","1,052.19","1,058.28","1,052.19","","+0.73%"
"Aug 31, 2005","1,047.03","1,048.99","1,050.31","1,045.60","","-0.10%"
"Aug 30, 2005","1,048.13","1,041.69","1,048.99","1,041.64","","+0.97%"
"Aug 29, 2005","1,038.05","1,043.65","1,043.65","1,036.30","","-0.59%"
"Aug 26, 2005","1,044.24","1,040.75","1,045.61","1,039.20","","+0.69%"
"Aug 25, 2005","1,037.07","1,042.51","1,043.20","1,036.47","","-0.95%"
"Aug 24, 2005","1,047.06","1,045.52","1,048.86","1,042.36","","+0.06%"
"Aug 23, 2005","1,046.39","1,046.05","1,054.92","1,045.85","","+0.53%"
"Aug 22, 2005","1,040.84","1,033.70","1,042.20","1,033.05","","+1.06%"
"Aug 19, 2005","1,029.97","1,032.50","1,032.50","1,026.24","","-0.20%"
"Aug 18, 2005","1,032.00","1,039.84","1,041.32","1,030.38","","-0.26%"
"Aug 17, 2005","1,034.70","1,035.46","1,042.81","1,034.70","","-0.09%"
"Aug 16, 2005","1,035.62","1,034.33","1,038.58","1,033.30","","+0.65%"
"Aug 15, 2005","1,028.90","1,029.61","1,032.69","1,027.86","","+0.12%"
"Aug 12, 2005","1,027.63","1,034.87","1,035.39","1,025.73","","-0.43%"
"Aug 11, 2005","1,032.02","1,026.65","1,033.05","1,022.62","","+0.98%"
"Aug 10, 2005","1,021.98","1,017.36","1,025.26","1,016.88","","+1.16%"
"Aug 09, 2005","1,010.24","1,002.28","1,012.52","1,002.28","","+0.75%"
"Aug 08, 2005","1,002.72","991.36","1,002.77","986.35","","+0.55%"
"Aug 05, 2005","997.27","1,008.29","1,009.47","993.55","","-1.48%"
"Aug 04, 2005","1,012.29","1,018.92","1,018.92","1,007.63","","-0.87%"
"Aug 03, 2005","1,021.20","1,026.21","1,026.21","1,019.01","","-0.44%"
"Aug 02, 2005","1,025.68","1,032.82","1,033.39","1,025.68","","-0.94%"
"Aug 01, 2005","1,035.41","1,034.57","1,038.89","1,033.21","","+0.16%"
"Jul 29, 2005","1,033.73","1,031.09","1,035.25","1,028.23","","+0.57%"
"Jul 28, 2005","1,027.92","1,030.48","1,030.99","1,027.92","","-0.06%"
"Jul 27, 2005","1,028.53","1,025.64","1,029.69","1,025.06","","+0.39%"
"Jul 26, 2005","1,024.53","1,026.54","1,026.54","1,022.72","","-0.16%"
"Jul 25, 2005","1,026.17","1,023.92","1,027.26","1,020.79","","+0.49%"
"Jul 22, 2005","1,021.21","1,024.81","1,025.89","1,016.53","","-0.53%"
"Jul 21, 2005","1,026.61","1,028.99","1,032.66","1,026.61","","+0.01%"
"Jul 20, 2005","1,026.55","1,030.02","1,030.98","1,026.55","","-0.26%"
"Jul 19, 2005","1,029.26","1,029.63","1,031.03","1,026.33","","+0.24%"
"Jul 15, 2005","1,026.79","1,029.83","1,030.56","1,025.63","","+0.11%"
"Jul 14, 2005","1,025.71","1,025.31","1,028.38","1,024.86","","+0.10%"
"Jul 13, 2005","1,024.70","1,029.01","1,029.04","1,021.29","","-0.41%"
"Jul 12, 2005","1,028.93","1,027.98","1,030.70","1,024.42","","+0.46%"
"Jul 11, 2005","1,024.26","1,017.29","1,026.47","1,016.83","","+1.12%"
"Jul 08, 2005","1,012.91","1,013.58","1,023.19","1,012.91","","-0.43%"
"Jul 07, 2005","1,017.29","1,011.10","1,017.31","1,011.06","","+0.37%"
"Jul 06, 2005","1,013.49","1,011.18","1,014.91","1,010.94","","+0.35%"
"Jul 05, 2005","1,009.92","1,013.63","1,014.63","1,009.04","","-0.42%"
"Jul 04, 2005","1,014.21","1,013.16","1,014.21","1,010.78","","+0.40%"
"Jul 01, 2005","1,010.15","1,002.97","1,012.93","1,002.03","","+0.72%"
"Jun 30, 2005","1,002.90","1,002.10","1,005.86","1,001.47","","-0.21%"
"Jun 29, 2005","1,004.98","1,003.27","1,005.94","1,000.23","","+0.25%"
"Jun 28, 2005","1,002.45","995.61","1,002.50","994.57","","+0.84%"
"Jun 27, 2005","994.10","998.07","998.07","991.82","","-1.10%"
"Jun 24, 2005","1,005.19","998.55","1,005.19","996.01","","+0.04%"
"Jun 23, 2005","1,004.78","1,003.06","1,005.05","1,001.29","","+0.09%"
"Jun 22, 2005","1,003.86","1,000.48","1,003.86","997.48","","+0.23%"
"Jun 21, 2005","1,001.53","998.32","1,001.97","996.45","","+0.20%"
"Jun 20, 2005","999.52","1,007.24","1,007.24","996.74","","-0.60%"
"Jun 17, 2005","1,005.51","994.61","1,006.29","994.11","","+1.48%"
"Jun 16, 2005","990.89","988.77","993.32","988.51","","+0.02%"
"Jun 15, 2005","990.68","982.59","991.69","982.12","","+0.98%"
"Jun 14, 2005","981.09","984.46","986.01","980.55","","-0.29%"
"Jun 13, 2005","983.99","984.20","987.96","983.51","","+0.06%"
"Jun 10, 2005","983.39","974.69","985.37","974.69","","+1.35%"
"Jun 09, 2005","970.32","978.02","979.39","968.63","","-0.48%"
"Jun 08, 2005","975.02","972.49","976.26","971.49","","+0.27%"
"Jun 07, 2005","972.42","971.25","974.19","969.85","","+0.26%"
"Jun 06, 2005","969.89","970.61","971.36","967.97","","-0.44%"
"Jun 03, 2005","974.20","971.40","974.20","968.13","","+0.23%"
"Jun 02, 2005","971.98","978.18","980.99","971.04","","-0.54%"
"Jun 01, 2005","977.26","968.18","977.28","965.46","","+0.75%"
"May 31, 2005","970.01","965.23","970.01","961.28","","+0.48%"
"May 30, 2005","965.37","963.35","969.47","963.35","","+0.21%"
"May 27, 2005","963.30","963.62","965.67","960.63","","+0.34%"
"May 26, 2005","960.05","961.56","963.25","957.85","","-0.20%"
"May 25, 2005","961.98","976.21","976.79","961.87","","-1.48%"
"May 24, 2005","976.40","979.62","979.77","973.42","","-0.14%"
"May 23, 2005","977.73","973.84","978.86","971.74","","+0.57%"
"May 20, 2005","972.22","974.71","976.08","970.39","","-0.30%"
"May 19, 2005","975.11","968.36","978.07","966.06","","+1.66%"
"May 18, 2005","959.22","961.48","965.08","955.77","","+0.10%"
"May 17, 2005","958.24","982.81","985.58","956.08","","-2.14%"
"May 16, 2005","979.17","988.97","989.53","979.17","","-1.10%"
"May 13, 2005","990.05","987.99","992.76","986.00","","+0.09%"
"May 12, 2005","989.17","991.74","994.64","988.16","","-0.40%"
"May 11, 2005","993.13","986.03","993.41","983.96","","+0.14%"
"May 10, 2005","991.77","991.05","992.12","985.86","","+0.09%"
"May 09, 2005","990.92","986.53","990.92","982.83","","+0.65%"
"May 06, 2005","984.52","973.74","984.52","972.93","","+1.89%"
"May 02, 2005","966.25","965.94","968.24","959.42","","-0.11%"
"Apr 28, 2005","967.31","966.22","967.31","961.27","","+0.12%"
"Apr 27, 2005","966.18","965.82","968.50","963.49","","-0.29%"
"Apr 26, 2005","968.95","968.14","970.00","966.31","","+0.25%"
"Apr 25, 2005","966.50","965.07","970.20","963.04","","-0.05%"
"Apr 22, 2005","966.95","970.23","973.22","966.16","","+0.72%"
"Apr 21, 2005","960.07","960.45","963.36","947.38","","-0.96%"
"Apr 20, 2005","969.39","973.99","976.23","966.82","","+0.32%"
"Apr 19, 2005","966.31","958.22","968.28","957.35","","+1.37%"
"Apr 18, 2005","953.25","981.81","981.97","953.03","","-3.81%"
"Apr 15, 2005","991.03","994.02","994.91","986.39","","-0.89%"
"Apr 14, 2005","999.94","1,000.12","1,001.10","992.71","","-0.61%"
"Apr 13, 2005","1,006.04","1,010.95","1,012.15","1,003.66","","-0.41%"
"Apr 12, 2005","1,010.16","1,017.05","1,017.88","1,009.38","","-0.75%"
"Apr 11, 2005","1,017.76","1,020.73","1,023.71","1,016.40","","-0.39%"
"Apr 08, 2005","1,021.78","1,017.19","1,023.24","1,016.41","","+0.65%"
"Apr 07, 2005","1,015.16","1,014.43","1,015.39","1,009.53","","+0.10%"
"Apr 06, 2005","1,014.19","1,006.93","1,014.19","1,005.95","","+0.88%"
"Apr 05, 2005","1,005.36","1,000.75","1,006.39","1,000.52","","+0.51%"
"Apr 04, 2005","1,000.27","1,002.53","1,003.73","999.55","","-0.72%"
"Apr 01, 2005","1,007.52","998.70","1,007.52","995.83","","+0.17%"
"Mar 31, 2005","1,005.78","999.55","1,005.78","995.67","","+1.16%"
"Mar 30, 2005","994.22","995.87","999.50","989.96","","-0.17%"
"Mar 29, 2005","995.95","1,009.82","1,010.87","994.25","","-1.52%"
"Mar 28, 2005","1,011.32","1,002.02","1,012.33","1,002.02","","+0.29%"
"Mar 25, 2005","1,008.35","1,011.78","1,012.41","1,004.84","","-0.16%"
"Mar 24, 2005","1,009.94","1,007.57","1,016.40","1,007.04","","+0.47%"
"Mar 23, 2005","1,005.19","1,010.88","1,010.88","1,002.13","","-1.00%"
"Mar 22, 2005","1,015.33","1,019.66","1,020.03","1,014.74","","-0.13%"
"Mar 18, 2005","1,016.61","1,005.38","1,017.28","1,005.29","","+1.14%"
"Mar 17, 2005","1,005.20","1,007.81","1,008.51","1,003.40","","-0.70%"
"Mar 16, 2005","1,012.28","1,004.45","1,012.28","1,001.36","","+0.72%"
"Mar 15, 2005","1,005.06","1,017.92","1,018.35","1,002.68","","-0.91%"
"Mar 14, 2005","1,014.34","1,009.50","1,019.44","1,009.26","","+0.67%"
"Mar 11, 2005","1,007.55","1,003.84","1,009.86","1,003.12","","+0.62%"
"Mar 10, 2005","1,001.37","997.79","1,006.93","997.79","","+0.02%"
"Mar 09, 2005","1,001.15","1,000.02","1,002.41","997.90","","+0.20%"
"Mar 08, 2005","999.13","1,004.09","1,004.09","997.83","","-0.63%"
"Mar 07, 2005","1,005.48","1,004.48","1,006.96","1,002.55","","+0.41%"
"Mar 04, 2005","1,001.33","995.90","1,002.22","991.93","","+0.36%"
"Mar 03, 2005","997.75","992.50","998.27","992.50","","+0.61%"
"Mar 02, 2005","991.73","986.38","993.61","985.44","","+0.92%"
"Mar 01, 2005","982.65","975.56","983.53","975.34","","+0.80%"
"Feb 28, 2005","974.85","974.53","976.27","971.81","","+0.40%"
"Feb 25, 2005","970.99","965.07","972.72","965.05","","+1.00%"
"Feb 24, 2005","961.33","956.52","962.07","956.47","","+0.84%"
"Feb 23, 2005","953.33","957.21","957.21","951.06","","-0.72%"
"Feb 22, 2005","960.27","963.97","964.51","960.27","","-0.47%"
"Feb 21, 2005","964.80","964.77","966.95","963.79","","+0.28%"
"Feb 18, 2005","962.13","962.55","963.84","960.35","","-0.05%"
"Feb 17, 2005","962.62","962.22","965.12","960.57","","+0.10%"
"Feb 16, 2005","961.67","971.32","971.46","961.67","","-1.17%"
"Feb 15, 2005","973.09","971.59","974.60","971.44","","+0.24%"
"Feb 14, 2005","970.72","966.77","974.48","966.06","","+0.84%"
"Feb 10, 2005","962.59","959.01","962.65","956.06","","+0.11%"
"Feb 09, 2005","961.51","965.61","966.45","960.35","","-0.31%"
"Feb 08, 2005","964.46","970.60","970.60","964.46","","-0.70%"
"Feb 07, 2005","971.27","963.82","971.82","962.24","","+0.87%"
"Feb 04, 2005","962.86","964.19","965.08","958.81","","-0.14%"
"Feb 03, 2005","964.25","964.56","965.37","961.00","","+0.09%"
"Feb 02, 2005","963.36","960.33","963.36","958.34","","+0.72%"
"Feb 01, 2005","956.51","959.23","959.75","953.66","","-0.10%"
"Jan 31, 2005","957.51","953.64","961.15","951.62","","+0.33%"
"Jan 28, 2005","954.38","952.39","956.05","948.27","","+0.34%"
"Jan 27, 2005","951.17","952.87","953.16","949.70","","+0.15%"
"Jan 26, 2005","949.70","944.12","950.83","943.71","","+0.82%"
"Jan 25, 2005","941.97","941.31","942.40","938.36","","-0.02%"
"Jan 24, 2005","942.13","936.83","943.99","936.65","","+0.37%"
"Jan 21, 2005","938.67","935.98","941.38","935.98","","-0.08%"
"Jan 20, 2005","939.40","940.24","941.15","937.94","","-0.34%"
"Jan 19, 2005","942.58","943.78","946.58","942.28","","-0.01%"
"Jan 18, 2005","942.72","946.60","946.68","941.09","","-0.19%"
"Jan 17, 2005","944.47","941.46","945.54","939.85","","+0.48%"
"Jan 14, 2005","939.95","938.63","943.17","935.91","","-0.29%"
"Jan 13, 2005","942.70","945.63","947.70","941.70","","-0.38%"
"Jan 12, 2005","946.31","952.63","953.44","946.20","","-0.93%"
"Jan 11, 2005","955.22","949.74","956.03","948.22","","+1.18%"
"Jan 07, 2005","944.12","943.44","944.69","940.27","","+0.28%"
"Jan 06, 2005","941.45","936.49","942.69","936.47","","+0.15%"
"Jan 05, 2005","940.01","941.22","942.23","938.60","","-0.78%"
"Jan 04, 2005","947.39","946.21","949.91","944.13","","-0.08%"
"Dec 30, 2004","948.13","946.96","949.53","946.00","","+0.69%"
"Dec 29, 2004","941.64","942.30","944.70","941.64","","+0.26%"
"Dec 28, 2004","939.16","933.06","939.16","932.92","","+0.49%"
"Dec 27, 2004","934.59","938.20","939.68","933.22","","-0.18%"
"Dec 24, 2004","936.28","933.28","937.83","933.28","","+0.85%"
"Dec 22, 2004","928.39","929.42","931.10","927.81","","+0.40%"
"Dec 21, 2004","924.66","926.37","930.41","924.66","","-0.02%"
"Dec 20, 2004","924.87","922.98","926.57","921.64","","+0.16%"
"Dec 17, 2004","923.35","913.85","925.02","913.38","","+1.16%"
"Dec 16, 2004","912.80","908.49","915.37","906.87","","+0.34%"
"Dec 15, 2004","909.75","910.92","912.35","906.74","","-0.12%"
"Dec 14, 2004","910.82","907.20","910.82","903.20","","+0.59%"
"Dec 13, 2004","905.46","911.90","913.64","905.46","","-0.43%"
"Dec 10, 2004","909.38","910.79","912.90","907.68","","+0.04%"
"Dec 09, 2004","909.05","915.67","917.48","907.46","","-1.00%"
"Dec 08, 2004","918.20","912.18","919.77","912.05","","+0.14%"
"Dec 07, 2004","916.94","924.12","925.67","916.56","","-0.66%"
"Dec 06, 2004","923.02","926.31","926.77","922.60","","-0.68%"
"Dec 03, 2004","929.38","931.04","933.15","928.13","","-0.07%"
"Dec 02, 2004","930.01","929.53","932.23","927.86","","+0.99%"
"Dec 01, 2004","920.89","924.54","924.54","919.32","","-1.05%"
"Nov 30, 2004","930.63","930.54","930.81","925.64","","-0.45%"
"Nov 29, 2004","934.81","927.36","936.58","926.75","","+0.91%"
"Nov 26, 2004","926.42","929.42","931.17","925.55","","-0.31%"
"Nov 25, 2004","929.34","923.74","930.93","923.41","","+0.56%"
"Nov 24, 2004","924.15","922.30","928.84","921.01","","+0.08%"
"Nov 22, 2004","923.42","930.58","930.58","918.23","","-1.51%"
"Nov 19, 2004","937.61","938.95","941.15","936.63","","+0.21%"
"Nov 18, 2004","935.65","939.52","942.63","935.20","","+0.17%"
"Nov 17, 2004","934.05","933.34","937.07","931.83","","-0.18%"
"Nov 16, 2004","935.73","940.14","940.63","934.18","","-0.45%"
"Nov 15, 2004","940.00","923.89","940.00","923.47","","+1.76%"
"Nov 12, 2004","923.70","906.45","923.89","906.45","","+1.48%"
"Nov 11, 2004","910.24","920.06","922.40","910.24","","-1.12%"
"Nov 10, 2004","920.55","915.76","920.91","915.73","","+0.62%"
"Nov 09, 2004","914.88","911.26","916.30","910.13","","+0.31%"
"Nov 08, 2004","912.08","919.26","919.26","912.08","","-0.77%"
"Nov 05, 2004","919.20","917.37","919.59","915.67","","+0.62%"
"Nov 04, 2004","913.50","915.87","917.74","913.50","","+0.35%"
"Nov 02, 2004","910.35","899.71","910.51","899.71","","+1.27%"
"Nov 01, 2004","898.94","893.72","898.94","892.82","","+0.24%"
"Oct 29, 2004","896.79","895.46","897.15","892.37","","+0.14%"
"Oct 28, 2004","895.58","892.16","895.58","890.89","","+1.06%"
"Oct 27, 2004","886.20","891.38","891.85","883.53","","-0.27%"
"Oct 26, 2004","888.61","887.31","888.61","884.83","","+0.07%"
"Oct 25, 2004","887.95","893.62","894.27","885.20","","-1.49%"
"Oct 22, 2004","901.40","899.66","902.80","895.54","","+0.37%"
"Oct 21, 2004","898.05","904.06","904.98","895.82","","-0.65%"
"Oct 20, 2004","903.95","912.70","912.70","903.47","","-1.41%"
"Oct 19, 2004","916.85","916.61","919.87","916.34","","+0.53%"
"Oct 18, 2004","911.99","916.72","917.62","910.40","","-0.73%"
"Oct 15, 2004","918.71","919.27","920.74","913.89","","-0.54%"
"Oct 14, 2004","923.67","932.80","932.80","923.67","","-1.22%"
"Oct 13, 2004","935.10","937.58","941.75","935.10","","-0.13%"
"Oct 12, 2004","936.33","945.84","946.29","936.33","","-1.03%"
"Oct 08, 2004","946.04","945.46","947.94","943.68","","-0.18%"
"Oct 07, 2004","947.70","950.02","952.67","945.10","","-0.09%"
"Oct 06, 2004","948.56","939.81","949.09","939.51","","+0.74%"
"Oct 05, 2004","941.60","939.37","942.20","936.65","","-0.01%"
"Oct 04, 2004","941.69","933.16","942.49","931.80","","+1.68%"
"Oct 01, 2004","926.11","917.10","926.11","916.30","","+0.98%"
"Sep 30, 2004","917.15","915.82","921.14","914.53","","+0.29%"
"Sep 29, 2004","914.47","921.85","922.43","909.12","","-0.54%"
"Sep 28, 2004","919.39","922.12","922.32","914.37","","-0.83%"
"Sep 27, 2004","927.07","919.63","927.13","918.47","","+0.58%"
"Sep 24, 2004","921.71","924.05","924.05","916.70","","-0.77%"
"Sep 22, 2004","928.83","929.63","931.06","921.34","","+0.19%"
"Sep 21, 2004","927.11","932.10","933.75","925.88","","-0.21%"
"Sep 17, 2004","929.06","927.34","930.34","924.69","","+0.26%"
"Sep 16, 2004","926.63","928.83","932.23","925.90","","-0.75%"
"Sep 15, 2004","933.60","940.19","942.89","933.60","","-0.63%"
"Sep 14, 2004","939.50","945.88","946.75","938.50","","-0.63%"
"Sep 13, 2004","945.48","942.53","946.38","941.38","","+0.80%"
"Sep 10, 2004","938.00","938.94","940.54","931.88","","-0.52%"
"Sep 09, 2004","942.88","949.71","952.71","942.73","","-1.03%"
"Sep 08, 2004","952.65","948.49","959.72","948.49","","+0.85%"
"Sep 07, 2004","944.64","948.98","949.14","941.72","","-0.47%"
"Sep 06, 2004","949.14","941.58","951.20","938.86","","+1.14%"
"Sep 03, 2004","938.42","946.29","946.81","938.42","","-0.64%"
"Sep 02, 2004","944.48","943.97","944.86","937.44","","+0.46%"
"Sep 01, 2004","940.18","932.00","940.84","932.00","","+1.29%"
"Aug 31, 2004","928.24","928.35","932.66","922.83","","-0.29%"
"Aug 30, 2004","930.98","933.19","935.00","927.96","","-0.02%"
"Aug 27, 2004","931.21","923.99","931.21","923.21","","+0.88%"
"Aug 26, 2004","923.08","924.27","926.90","921.86","","+0.39%"
"Aug 25, 2004","919.50","912.03","920.79","909.36","","+0.66%"
"Aug 24, 2004","913.45","920.36","920.36","910.32","","-0.39%"
"Aug 23, 2004","917.02","916.86","922.03","916.10","","+0.66%"
"Aug 20, 2004","910.97","899.88","911.82","899.77","","+0.98%"
"Aug 19, 2004","902.12","900.63","903.02","897.03","","+0.57%"
"Aug 18, 2004","897.00","903.10","905.00","892.45","","-0.71%"
"Aug 17, 2004","903.37","910.48","912.30","903.07","","-0.39%"
"Aug 16, 2004","906.88","922.17","923.32","900.37","","-1.85%"
"Aug 13, 2004","923.98","931.50","931.76","923.98","","-1.09%"
"Aug 12, 2004","934.17","933.87","937.77","932.85","","-0.25%"
"Aug 11, 2004","936.52","937.40","939.30","933.01","","+0.76%"
"Aug 10, 2004","929.43","920.56","931.79","918.74","","+0.56%"
"Aug 09, 2004","924.28","921.35","924.77","915.38","","-0.66%"
"Aug 06, 2004","930.41","926.60","930.41","922.10","","-0.46%"
"Aug 05, 2004","934.72","936.04","936.97","927.59","","-0.16%"
"Aug 04, 2004","936.19","939.78","940.12","923.37","","-1.13%"
"Aug 03, 2004","946.93","959.51","961.60","940.28","","-1.15%"
"Aug 02, 2004","957.97","956.36","961.66","952.42","","-0.03%"
"Jul 30, 2004","958.27","959.12","963.88","951.71","","+0.40%"
"Jul 29, 2004","954.46","966.79","967.26","951.88","","-1.17%"
"Jul 28, 2004","965.76","961.20","968.03","961.20","","+1.40%"
"Jul 27, 2004","952.38","969.53","973.20","951.94","","-1.71%"
"Jul 26, 2004","968.92","977.40","977.40","968.22","","-1.53%"
"Jul 23, 2004","984.02","988.15","988.27","981.96","","-0.43%"
"Jul 22, 2004","988.22","986.21","989.39","982.10","","-0.44%"
"Jul 21, 2004","992.54","985.62","992.80","985.09","","+1.38%"
"Jul 20, 2004","978.99","982.66","983.19","976.21","","-0.65%"
"Jul 16, 2004","985.44","975.58","987.97","970.54","","+0.83%"
"Jul 15, 2004","977.28","987.15","988.05","971.39","","-0.71%"
"Jul 14, 2004","984.26","1,005.43","1,006.30","984.26","","-1.47%"
"Jul 13, 2004","998.92","1,001.79","1,002.26","995.30","","-0.38%"
"Jul 12, 2004","1,002.71","995.89","1,004.53","995.88","","+1.35%"
"Jul 09, 2004","989.37","976.42","989.37","976.25","","+1.34%"
"Jul 08, 2004","976.29","977.92","979.86","973.78","","+0.05%"
"Jul 07, 2004","975.84","969.63","979.11","963.25","","0.00%"
"Jul 06, 2004","975.80","986.11","990.06","975.80","","-1.17%"
"Jul 05, 2004","987.35","997.35","997.35","986.75","","-1.58%"
"Jul 02, 2004","1,003.21","1,011.45","1,011.45","1,002.84","","-1.55%"
"Jul 01, 2004","1,018.99","1,020.34","1,024.69","1,018.99","","+0.15%"
"Jun 30, 2004","1,017.42","1,011.25","1,018.04","1,007.50","","+0.78%"
"Jun 29, 2004","1,009.59","1,001.57","1,010.32","1,001.57","","+0.53%"
"Jun 28, 2004","1,004.25","998.00","1,004.25","996.58","","+0.71%"
"Jun 25, 2004","997.19","994.59","997.19","989.34","","+0.43%"
"Jun 24, 2004","992.90","995.38","998.54","992.07","","0.00%"
"Jun 23, 2004","992.89","1,004.39","1,005.56","990.76","","-1.08%"
"Jun 22, 2004","1,003.69","1,006.88","1,006.88","997.66","","-0.52%"
"Jun 21, 2004","1,008.93","998.65","1,015.74","998.65","","+1.82%"
"Jun 18, 2004","990.90","1,001.84","1,001.84","983.94","","-1.41%"
"Jun 17, 2004","1,005.11","1,001.22","1,005.11","995.92","","+0.62%"
"Jun 16, 2004","998.91","992.16","1,003.05","992.16","","+1.12%"
"Jun 15, 2004","987.85","987.72","991.19","983.18","","+0.05%"
"Jun 14, 2004","987.34","988.46","994.19","986.16","","-0.03%"
"Jun 11, 2004","987.59","985.69","989.74","981.33","","+0.37%"
"Jun 10, 2004","983.92","971.58","986.16","969.76","","+0.64%"
"Jun 09, 2004","977.67","979.41","980.73","974.45","","-0.03%"
"Jun 08, 2004","977.96","977.83","980.49","976.06","","+0.81%"
"Jun 07, 2004","970.06","962.55","973.21","962.55","","+1.02%"
"Jun 04, 2004","960.25","953.47","960.25","952.38","","+0.81%"
"Jun 03, 2004","952.54","971.75","973.08","949.80","","-1.88%"
"Jun 02, 2004","970.78","977.78","977.78","968.64","","-0.61%"
"Jun 01, 2004","976.70","963.66","976.70","961.79","","+1.27%"
"May 31, 2004","964.46","967.15","967.53","956.37","","-0.49%"
"May 28, 2004","969.22","957.05","969.22","956.24","","+1.60%"
"May 27, 2004","953.95","953.60","955.46","948.28","","+0.11%"
"May 26, 2004","952.93","951.09","961.22","950.71","","+1.01%"
"May 25, 2004","943.40","951.03","951.03","940.34","","-0.96%"
"May 24, 2004","952.58","959.52","962.49","951.11","","-0.54%"
"May 21, 2004","957.73","945.28","959.95","945.28","","+1.70%"
"May 20, 2004","941.70","943.12","953.64","931.61","","-0.52%"
"May 19, 2004","946.63","925.68","947.15","925.22","","+2.86%"
"May 18, 2004","920.32","910.95","921.80","906.82","","+0.65%"
"May 17, 2004","914.38","949.24","949.24","910.66","","-4.00%"
"May 14, 2004","952.43","953.31","964.45","947.72","","+0.17%"
"May 13, 2004","950.83","966.07","966.23","950.36","","-1.74%"
"May 12, 2004","967.65","946.39","967.65","945.64","","+3.37%"
"May 11, 2004","936.14","934.11","947.55","926.90","","0.00%"
"May 10, 2004","936.18","1,002.90","1,002.90","936.18","","-7.10%"
"May 07, 2004","1,007.72","1,021.53","1,021.53","1,007.72","","-1.81%"
"May 06, 2004","1,026.25","1,036.15","1,038.03","1,026.25","","-0.98%"
"Apr 30, 2004","1,036.43","1,038.28","1,038.74","1,025.30","","-0.88%"
"Apr 28, 2004","1,045.64","1,046.11","1,049.35","1,042.17","","+0.05%"
"Apr 27, 2004","1,045.13","1,045.09","1,046.02","1,037.54","","+0.02%"
"Apr 26, 2004","1,044.92","1,041.52","1,047.89","1,039.43","","+0.72%"
"Apr 23, 2004","1,037.40","1,037.69","1,039.02","1,032.65","","+0.28%"
"Apr 22, 2004","1,034.53","1,036.10","1,040.76","1,034.53","","+0.25%"
"Apr 21, 2004","1,031.93","1,029.32","1,035.20","1,026.42","","+0.18%"
"Apr 20, 2004","1,030.08","1,025.52","1,031.84","1,019.17","","+0.80%"
"Apr 19, 2004","1,021.94","1,034.11","1,035.52","1,011.72","","-0.83%"
"Apr 16, 2004","1,030.54","1,034.91","1,039.45","1,028.84","","-0.22%"
"Apr 15, 2004","1,032.78","1,051.64","1,054.76","1,028.42","","-1.87%"
"Apr 14, 2004","1,052.51","1,051.43","1,052.86","1,046.21","","-0.26%"
"Apr 13, 2004","1,055.21","1,056.35","1,061.70","1,053.96","","+0.50%"
"Apr 12, 2004","1,049.97","1,040.40","1,053.85","1,040.40","","+1.56%"
"Apr 09, 2004","1,033.85","1,050.76","1,050.76","1,031.22","","-2.28%"
"Apr 08, 2004","1,057.99","1,050.65","1,060.00","1,050.00","","+0.58%"
"Apr 07, 2004","1,051.89","1,050.50","1,057.32","1,048.72","","+0.16%"
"Apr 06, 2004","1,050.23","1,058.32","1,061.68","1,044.18","","-0.49%"
"Apr 05, 2004","1,055.44","1,063.33","1,063.53","1,054.38","","+0.03%"
"Apr 02, 2004","1,055.12","1,049.07","1,059.05","1,047.72","","+0.78%"
"Apr 01, 2004","1,046.93","1,033.91","1,051.48","1,033.91","","+1.75%"
"Mar 31, 2004","1,028.95","1,022.76","1,028.95","1,017.10","","+0.44%"
"Mar 30, 2004","1,024.46","1,029.00","1,030.88","1,021.70","","+0.03%"
"Mar 29, 2004","1,024.16","1,019.36","1,030.33","1,019.03","","+0.88%"
"Mar 26, 2004","1,015.24","1,008.09","1,025.92","1,008.09","","+0.80%"
"Mar 25, 2004","1,007.21","992.69","1,007.21","992.58","","+2.02%"
"Mar 24, 2004","987.23","992.24","992.52","982.79","","-0.71%"
"Mar 23, 2004","994.28","992.29","994.28","984.23","","-0.58%"
"Mar 22, 2004","1,000.04","998.77","1,002.45","998.16","","-0.05%"
"Mar 19, 2004","1,000.57","993.99","1,006.51","991.34","","+0.42%"
"Mar 18, 2004","996.34","995.75","998.10","993.01","","+0.75%"
"Mar 17, 2004","988.89","972.84","988.94","972.12","","+1.71%"
"Mar 16, 2004","972.31","963.59","974.58","962.81","","+1.03%"
"Mar 15, 2004","962.38","966.06","968.52","960.11","","+0.50%"
"Mar 12, 2004","957.61","956.12","963.52","955.29","","-0.38%"
"Mar 11, 2004","961.25","955.83","965.16","952.58","","-0.16%"
"Mar 10, 2004","962.78","966.83","966.83","958.66","","-0.44%"
"Mar 09, 2004","967.08","960.68","967.42","959.00","","+0.82%"
"Mar 08, 2004","959.24","962.56","965.83","959.24","","+0.03%"
"Mar 05, 2004","958.95","952.52","959.35","950.42","","+1.00%"
"Mar 04, 2004","949.46","947.82","952.66","945.86","","-0.11%"
"Mar 03, 2004","950.55","946.29","954.41","945.30","","+0.24%"
"Mar 02, 2004","948.25","946.93","950.24","941.45","","+0.40%"
"Mar 01, 2004","944.45","922.68","949.36","922.68","","+3.37%"
"Feb 27, 2004","913.67","897.22","915.53","896.70","","+2.11%"
"Feb 26, 2004","894.78","890.32","894.78","889.80","","+0.85%"
"Feb 25, 2004","887.26","887.78","890.57","885.62","","+0.14%"
"Feb 24, 2004","886.03","894.17","894.89","886.03","","-0.94%"
"Feb 23, 2004","894.40","886.61","897.97","885.59","","+0.85%"
"Feb 20, 2004","886.89","886.98","887.43","883.16","","-0.01%"
"Feb 19, 2004","886.97","886.22","889.82","885.41","","+0.09%"
"Feb 18, 2004","886.19","892.49","892.71","885.34","","-0.23%"
"Feb 17, 2004","888.21","886.88","889.91","885.84","","-0.04%"
"Feb 16, 2004","888.55","884.05","889.03","882.16","","+0.69%"
"Feb 13, 2004","882.46","882.78","886.34","880.77","","-0.04%"
"Feb 12, 2004","882.80","881.19","890.11","881.19","","+0.84%"
"Feb 10, 2004","875.43","879.41","883.22","874.77","","-0.20%"
"Feb 09, 2004","877.19","879.78","885.96","876.64","","+0.40%"
"Feb 06, 2004","873.67","877.56","879.20","872.77","","-0.25%"
"Feb 05, 2004","875.89","882.55","885.21","873.25","","-1.02%"
"Feb 04, 2004","884.93","902.06","902.06","884.93","","-1.98%"
"Feb 03, 2004","902.81","903.34","905.58","890.62","","+0.38%"
"Feb 02, 2004","899.42","893.67","906.63","893.67","","+0.98%"
"Jan 30, 2004","890.68","891.25","897.95","886.92","","+0.11%"
"Jan 29, 2004","889.74","896.77","896.91","885.93","","-1.33%"
"Jan 28, 2004","901.74","902.34","905.64","898.38","","-0.43%"
"Jan 27, 2004","905.60","911.92","913.50","905.48","","-0.39%"
"Jan 26, 2004","909.13","913.18","916.71","905.99","","-0.37%"
"Jan 23, 2004","912.53","912.76","917.86","907.90","","0.00%"
"Jan 22, 2004","912.50","915.80","916.45","909.51","","-0.12%"
"Jan 21, 2004","913.60","918.65","922.16","913.60","","-0.69%"
"Jan 20, 2004","919.97","915.29","923.17","910.31","","+0.68%"
"Jan 19, 2004","913.73","910.80","915.76","908.70","","+0.87%"
"Jan 16, 2004","905.86","896.94","908.33","896.94","","+1.53%"
"Jan 15, 2004","892.19","905.28","907.68","892.19","","-1.47%"
"Jan 14, 2004","905.53","904.08","907.35","901.27","","+0.09%"
"Jan 13, 2004","904.70","906.18","908.87","902.99","","+0.06%"
"Jan 09, 2004","904.14","906.14","909.25","899.97","","+0.04%"
"Jan 08, 2004","903.82","902.90","907.94","900.26","","+0.34%"
"Jan 07, 2004","900.74","901.25","903.70","899.03","","-0.03%"
"Jan 06, 2004","901.02","912.18","914.86","901.02","","-0.87%"
"Jan 05, 2004","908.91","909.19","912.13","906.81","","+0.63%"
"Dec 30, 2003","903.20","892.71","903.20","892.52","","+1.79%"
"Dec 29, 2003","887.30","876.30","888.09","876.30","","+1.41%"
"Dec 26, 2003","874.99","871.42","874.99","870.42","","+0.26%"
"Dec 25, 2003","872.72","869.75","872.72","868.50","","-0.18%"
"Dec 24, 2003","874.28","872.78","875.23","870.86","","+0.06%"
"Dec 22, 2003","873.74","872.88","876.51","870.58","","+0.03%"
"Dec 19, 2003","873.51","870.83","873.51","868.53","","+0.85%"
"Dec 18, 2003","866.13","861.93","868.49","861.40","","+0.60%"
"Dec 17, 2003","860.98","867.28","870.44","859.99","","-1.06%"
"Dec 16, 2003","870.24","875.52","875.92","868.84","","-1.50%"
"Dec 15, 2003","883.52","876.55","885.67","876.24","","+1.68%"
"Dec 12, 2003","868.95","864.65","868.96","862.12","","+1.15%"
"Dec 11, 2003","859.11","861.96","866.13","856.64","","+0.01%"
"Dec 10, 2003","859.01","862.23","862.23","853.10","","-0.73%"
"Dec 09, 2003","865.29","864.21","867.11","860.43","","+0.56%"
"Dec 08, 2003","860.47","874.72","874.72","858.22","","-1.93%"
"Dec 05, 2003","877.39","883.87","883.95","874.42","","-0.38%"
"Dec 04, 2003","880.76","873.44","881.32","871.86","","+0.68%"
"Dec 03, 2003","874.79","871.94","877.29","870.55","","+0.67%"
"Dec 02, 2003","868.93","874.71","879.01","866.70","","-0.01%"
"Dec 01, 2003","869.06","843.43","871.25","835.33","","+2.36%"
"Nov 28, 2003","849.05","856.37","856.66","847.02","","-1.02%"
"Nov 27, 2003","857.76","856.04","863.19","852.78","","+0.25%"
"Nov 26, 2003","855.66","841.71","856.27","841.25","","+1.83%"
"Nov 25, 2003","840.30","846.20","853.49","840.30","","+0.29%"
"Nov 21, 2003","837.90","828.82","839.22","828.26","","+1.27%"
"Nov 20, 2003","827.42","829.23","830.45","817.29","","+0.25%"
"Nov 19, 2003","825.39","833.86","835.77","824.86","","-1.65%"
"Nov 18, 2003","839.22","833.37","843.96","825.91","","+0.03%"
"Nov 17, 2003","839.01","862.53","862.54","837.99","","-3.70%"
"Nov 14, 2003","871.22","885.76","887.95","871.22","","-1.43%"
"Nov 13, 2003","883.83","883.16","890.28","880.15","","+1.09%"
"Nov 12, 2003","874.31","870.58","878.45","866.20","","+0.47%"
"Nov 11, 2003","870.25","885.42","885.42","857.62","","-2.82%"
"Nov 10, 2003","895.50","900.17","901.57","891.23","","-0.83%"
"Nov 07, 2003","903.01","901.53","905.98","897.11","","+0.41%"
"Nov 06, 2003","899.32","917.46","917.57","895.66","","-2.04%"
"Nov 05, 2003","918.03","924.17","925.12","911.22","","-0.91%"
"Nov 04, 2003","926.48","912.84","931.12","912.37","","+2.30%"
"Oct 31, 2003","905.63","916.76","919.67","903.85","","-1.61%"
"Oct 30, 2003","920.44","927.61","928.05","920.33","","-0.88%"
"Oct 29, 2003","928.58","923.32","933.22","922.13","","+1.53%"
"Oct 28, 2003","914.61","909.83","917.34","909.83","","+0.72%"
"Oct 27, 2003","908.11","905.40","911.89","903.79","","+0.70%"
"Oct 24, 2003","901.79","891.97","916.01","891.97","","+2.02%"
"Oct 23, 2003","883.92","919.54","919.54","883.92","","-4.97%"
"Oct 22, 2003","930.17","947.26","947.75","928.66","","-2.21%"
"Oct 21, 2003","951.22","973.43","973.43","949.22","","-2.14%"
"Oct 20, 2003","972.01","967.40","977.59","962.76","","+0.14%"
"Oct 17, 2003","970.68","975.24","980.83","969.81","","-0.21%"
"Oct 16, 2003","972.70","971.69","973.97","961.38","","+0.14%"
"Oct 15, 2003","971.32","974.86","980.15","968.95","","-0.10%"
"Oct 14, 2003","972.31","956.44","974.32","955.61","","+1.94%"
"Oct 10, 2003","953.79","940.46","959.10","940.46","","+1.50%"
"Oct 09, 2003","939.67","925.57","943.46","925.12","","+1.46%"
"Oct 08, 2003","926.12","932.42","940.35","926.07","","-0.55%"
"Oct 07, 2003","931.25","922.62","931.60","919.83","","+1.43%"
"Oct 06, 2003","918.09","926.28","932.09","915.70","","-0.60%"
"Oct 03, 2003","923.61","920.79","925.04","914.41","","+0.56%"
"Oct 02, 2003","918.51","901.33","918.51","901.33","","+2.85%"
"Oct 01, 2003","893.04","883.54","895.57","881.81","","+1.53%"
"Sep 30, 2003","879.59","869.96","884.60","869.20","","+1.92%"
"Sep 29, 2003","863.01","865.66","865.95","858.89","","-0.08%"
"Sep 26, 2003","863.72","861.02","866.69","860.88","","-0.06%"
"Sep 25, 2003","864.24","877.95","877.95","864.24","","-2.20%"
"Sep 24, 2003","883.69","879.96","889.00","877.19","","+0.82%"
"Sep 22, 2003","876.51","886.82","886.82","873.09","","-0.75%"
"Sep 19, 2003","883.13","886.82","890.24","880.96","","+0.30%"
"Sep 18, 2003","880.46","875.86","883.52","871.84","","+0.84%"
"Sep 17, 2003","873.10","879.58","885.40","871.07","","+0.06%"
"Sep 16, 2003","872.62","876.91","878.79","870.00","","-0.04%"
"Sep 12, 2003","873.00","862.60","876.68","862.60","","+1.94%"
"Sep 11, 2003","856.42","866.47","867.81","855.40","","-1.86%"
"Sep 10, 2003","872.62","880.41","883.22","872.62","","-0.82%"
"Sep 09, 2003","879.86","875.04","881.50","875.04","","+1.15%"
"Sep 08, 2003","869.87","865.04","873.42","863.93","","+0.16%"
"Sep 05, 2003","868.44","872.18","874.58","864.52","","-0.19%"
"Sep 04, 2003","870.11","879.12","884.05","870.11","","-1.12%"
"Sep 03, 2003","879.95","869.63","880.00","869.63","","+1.63%"
"Sep 02, 2003","865.87","867.26","868.10","862.68","","+0.02%"
"Sep 01, 2003","865.71","849.74","865.71","849.74","","+2.32%"
"Aug 29, 2003","846.10","840.57","847.91","839.90","","+0.90%"
"Aug 28, 2003","838.58","841.73","845.80","838.30","","-0.27%"
"Aug 27, 2003","840.83","841.79","845.75","840.36","","-0.06%"
"Aug 26, 2003","841.31","845.16","845.30","840.23","","-0.73%"
"Aug 25, 2003","847.46","847.93","852.89","844.61","","-0.18%"
"Aug 22, 2003","849.03","838.53","857.19","837.39","","+1.63%"
"Aug 21, 2003","835.39","824.16","840.99","821.51","","+1.38%"
"Aug 20, 2003","824.00","807.89","824.00","806.71","","+2.43%"
"Aug 19, 2003","804.44","805.86","808.50","802.83","","+0.70%"
"Aug 18, 2003","798.84","799.74","803.35","797.55","","+0.56%"
"Aug 15, 2003","794.42","800.46","803.21","794.42","","-0.31%"
"Aug 14, 2003","796.90","789.20","798.86","787.99","","+0.93%"
"Aug 13, 2003","789.58","777.51","791.13","777.51","","+1.97%"
"Aug 12, 2003","774.31","768.52","775.80","766.61","","+1.42%"
"Aug 11, 2003","763.47","759.89","765.96","759.49","","+0.85%"
"Aug 08, 2003","757.05","755.05","757.91","753.49","","+0.12%"
"Aug 07, 2003","756.17","758.01","761.56","755.81","","+0.04%"
"Aug 06, 2003","755.90","748.96","759.23","748.74","","+0.50%"
"Aug 05, 2003","752.12","756.28","756.58","748.77","","-1.04%"
"Aug 04, 2003","760.01","763.68","763.68","759.18","","-0.45%"
"Aug 01, 2003","763.48","766.61","767.23","762.93","","+0.13%"
"Jul 31, 2003","762.48","772.62","772.62","761.88","","-1.47%"
"Jul 30, 2003","773.89","777.86","781.49","773.69","","-0.21%"
"Jul 29, 2003","775.48","785.21","786.34","775.48","","-0.94%"
"Jul 28, 2003","782.83","779.29","784.25","778.06","","+1.22%"
"Jul 25, 2003","773.42","775.03","778.92","770.66","","-0.51%"
"Jul 24, 2003","777.42","778.66","781.42","775.79","","-0.26%"
"Jul 23, 2003","779.45","781.61","783.15","774.65","","+0.10%"
"Jul 22, 2003","778.71","781.58","783.71","778.04","","-0.54%"
"Jul 18, 2003","782.96","783.38","787.90","780.52","","-0.18%"
"Jul 17, 2003","784.34","794.51","794.96","784.34","","-1.68%"
"Jul 16, 2003","797.72","804.76","805.80","797.72","","-0.94%"
"Jul 15, 2003","805.33","813.57","816.40","805.33","","-0.37%"
"Jul 14, 2003","808.33","802.46","814.20","802.19","","+1.45%"
"Jul 11, 2003","796.80","808.10","808.10","796.51","","-2.25%"
"Jul 10, 2003","815.16","821.00","821.00","814.34","","-0.52%"
"Jul 09, 2003","819.38","820.71","822.67","815.84","","-0.29%"
"Jul 08, 2003","821.73","822.59","829.51","820.56","","+0.85%"
"Jul 07, 2003","814.83","802.00","821.04","801.72","","+1.98%"
"Jul 04, 2003","799.03","803.37","803.68","796.68","","-0.95%"
"Jul 03, 2003","806.67","806.23","821.54","803.56","","+1.07%"
"Jul 02, 2003","798.16","775.57","798.16","774.75","","+3.65%"
"Jul 01, 2003","770.07","756.22","770.40","756.06","","+2.08%"
"Jun 30, 2003","754.37","756.08","760.01","754.37","","-0.18%"
"Jun 27, 2003","755.76","750.34","756.71","750.34","","+1.35%"
"Jun 26, 2003","745.66","749.37","749.80","741.23","","+0.04%"
"Jun 25, 2003","745.35","744.74","749.35","742.17","","+0.09%"
"Jun 24, 2003","744.68","757.54","757.65","744.68","","-1.96%"
"Jun 23, 2003","759.53","757.96","761.45","755.34","","+0.07%"
"Jun 20, 2003","759.00","755.89","762.47","755.89","","-0.19%"
"Jun 19, 2003","760.42","762.77","764.02","758.78","","-0.11%"
"Jun 18, 2003","761.27","762.43","768.06","761.25","","+0.67%"
"Jun 17, 2003","756.20","757.39","764.48","756.20","","+0.48%"
"Jun 16, 2003","752.61","761.34","762.16","748.67","","-1.08%"
"Jun 13, 2003","760.83","756.58","761.24","753.75","","+1.57%"
"Jun 12, 2003","749.07","750.86","752.84","747.07","","+0.37%"
"Jun 11, 2003","746.31","745.64","752.68","745.64","","+0.40%"
"Jun 10, 2003","743.31","741.56","743.65","739.84","","-0.10%"
"Jun 09, 2003","744.08","744.96","746.65","740.26","","+0.09%"
"Jun 06, 2003","743.39","742.23","743.58","735.97","","+0.13%"
"Jun 05, 2003","742.41","738.76","742.41","738.69","","+1.03%"
"Jun 04, 2003","734.82","733.59","737.61","732.82","","+0.38%"
"Jun 03, 2003","732.02","730.27","733.02","726.30","","+0.71%"
"Jun 02, 2003","726.88","725.74","729.43","723.27","","+0.67%"
"May 30, 2003","722.07","720.97","724.83","720.28","","+0.16%"
"May 29, 2003","720.93","710.91","720.93","710.41","","+1.87%"
"May 28, 2003","707.73","704.07","710.67","704.07","","+1.63%"
"May 27, 2003","696.37","705.07","705.07","696.33","","-1.71%"
"May 26, 2003","708.49","708.20","711.93","707.25","","+0.33%"
"May 23, 2003","706.14","705.21","708.20","702.14","","+0.78%"
"May 22, 2003","700.66","696.68","703.24","695.12","","+0.78%"
"May 21, 2003","695.26","696.23","702.51","691.92","","-0.03%"
"May 20, 2003","695.44","688.52","696.30","686.75","","+0.68%"
"May 19, 2003","690.72","696.36","696.46","685.65","","-0.79%"
"May 16, 2003","696.24","695.24","698.29","693.17","","-0.10%"
"May 15, 2003","696.91","706.55","706.55","695.96","","-1.47%"
"May 14, 2003","707.28","712.89","715.66","706.48","","-0.69%"
"May 13, 2003","712.22","712.75","723.60","712.22","","+0.53%"
"May 12, 2003","708.50","706.80","709.70","706.08","","+0.79%"
"May 09, 2003","702.96","695.13","702.96","692.70","","+1.21%"
"May 08, 2003","694.55","697.31","699.95","694.55","","-0.56%"
"May 07, 2003","698.48","695.77","699.75","693.08","","+1.01%"
"May 06, 2003","691.51","677.19","693.67","677.19","","+2.94%"
"May 02, 2003","671.73","667.92","671.76","664.21","","+0.72%"
"May 01, 2003","666.92","657.08","668.76","652.78","","+1.51%"
"Apr 30, 2003","656.97","643.87","658.61","643.87","","+3.13%"
"Apr 28, 2003","637.02","649.67","649.83","637.02","","-2.30%"
"Apr 25, 2003","652.03","661.91","661.91","650.34","","-1.75%"
"Apr 24, 2003","663.66","667.79","671.55","663.66","","-0.31%"
"Apr 23, 2003","665.72","665.45","669.81","664.26","","+0.34%"
"Apr 22, 2003","663.49","677.49","677.49","663.00","","-2.14%"
"Apr 21, 2003","678.00","675.88","679.20","672.62","","+0.88%"
"Apr 18, 2003","672.07","672.24","675.11","671.75","","+0.44%"
"Apr 17, 2003","669.14","663.34","669.93","662.44","","+0.76%"
"Apr 16, 2003","664.07","666.11","667.81","664.07","","+0.51%"
"Apr 15, 2003","660.70","654.61","665.21","654.61","","+1.61%"
"Apr 14, 2003","650.26","652.59","658.02","647.20","","-0.14%"
"Apr 11, 2003","651.20","659.41","659.67","649.10","","-1.32%"
"Apr 10, 2003","659.89","666.37","666.37","658.19","","-1.29%"
"Apr 09, 2003","668.53","668.13","672.23","663.77","","-0.15%"
"Apr 08, 2003","669.53","671.34","671.98","666.13","","-0.49%"
"Apr 07, 2003","672.82","663.58","672.82","661.76","","+1.96%"
"Apr 04, 2003","659.87","657.58","660.18","653.92","","0.00%"
"Apr 03, 2003","659.86","669.95","672.13","658.22","","-0.45%"
"Apr 02, 2003","662.87","660.02","662.87","650.75","","+0.89%"
"Apr 01, 2003","657.02","655.05","660.56","649.98","","-0.52%"
"Mar 31, 2003","660.45","678.63","678.63","659.70","","-3.08%"
"Mar 28, 2003","681.41","686.22","686.91","678.94","","-0.71%"
"Mar 27, 2003","686.27","687.96","689.08","685.44","","-0.29%"
"Mar 26, 2003","688.30","682.30","688.34","682.30","","+1.37%"
"Mar 25, 2003","679.02","690.47","690.90","676.91","","-2.76%"
"Mar 24, 2003","698.31","679.70","698.31","679.70","","+4.22%"
"Mar 20, 2003","670.06","657.79","673.97","657.79","","+2.77%"
"Mar 19, 2003","652.00","650.63","652.00","640.66","","+0.17%"
"Mar 18, 2003","650.92","653.73","662.08","650.92","","+0.76%"
"Mar 17, 2003","646.03","664.56","664.56","646.03","","-2.82%"
"Mar 14, 2003","664.81","664.99","672.91","663.85","","+0.55%"
"Mar 13, 2003","661.18","668.58","673.52","660.83","","-0.41%"
"Mar 12, 2003","663.93","650.00","667.35","649.96","","+2.56%"
"Mar 11, 2003","647.35","656.95","659.87","647.35","","-2.21%"
"Mar 10, 2003","661.97","677.52","677.77","658.53","","-3.21%"
"Mar 07, 2003","683.91","703.92","704.17","683.91","","-3.48%"
"Mar 06, 2003","708.54","717.95","721.46","708.54","","-1.46%"
"Mar 05, 2003","719.01","716.37","721.61","714.72","","-0.29%"
"Mar 04, 2003","721.13","720.31","721.66","716.82","","+0.02%"
"Mar 03, 2003","720.99","722.32","722.77","712.68","","-0.57%"
"Feb 28, 2003","725.13","727.76","730.37","722.47","","+0.32%"
"Feb 27, 2003","722.81","725.67","727.97","717.44","","-0.47%"
"Feb 26, 2003","726.22","727.99","733.30","726.04","","-0.30%"
"Feb 25, 2003","728.38","745.00","745.00","726.74","","-2.83%"
"Feb 24, 2003","749.58","752.52","755.50","749.58","","-0.52%"
"Feb 21, 2003","753.53","763.24","767.10","753.53","","-1.21%"
"Feb 20, 2003","762.79","765.57","766.18","761.46","","-0.71%"
"Feb 19, 2003","768.27","777.33","779.64","768.27","","-0.68%"
"Feb 18, 2003","773.50","776.66","778.65","771.49","","-0.28%"
"Feb 17, 2003","775.64","781.21","784.07","774.21","","-0.26%"
"Feb 14, 2003","777.65","775.41","783.71","773.45","","+0.48%"
"Feb 13, 2003","773.90","777.22","783.79","772.15","","-0.58%"
"Feb 12, 2003","778.43","764.49","778.83","764.49","","+2.07%"
"Feb 10, 2003","762.61","765.19","768.19","758.60","","-0.62%"
"Feb 07, 2003","767.36","770.92","772.44","764.74","","-0.29%"
"Feb 06, 2003","769.60","776.58","776.58","766.54","","-0.47%"
"Feb 05, 2003","773.23","768.95","785.06","768.95","","-0.01%"
"Feb 04, 2003","773.27","774.39","779.72","772.27","","+0.51%"
"Feb 03, 2003","769.35","748.85","769.35","745.84","","+2.46%"
"Jan 31, 2003","750.90","757.10","757.10","748.11","","-1.12%"
"Jan 30, 2003","759.40","768.52","769.95","759.40","","-1.13%"
"Jan 29, 2003","768.11","784.41","784.41","765.86","","-2.10%"
"Jan 28, 2003","784.58","788.61","789.26","784.58","","-1.33%"
"Jan 27, 2003","795.13","799.72","800.36","791.50","","-1.23%"
"Jan 24, 2003","805.00","796.49","807.12","795.61","","+1.33%"
"Jan 23, 2003","794.41","784.17","794.41","779.38","","+1.19%"
"Jan 22, 2003","785.07","793.81","794.92","784.71","","-1.32%"
"Jan 21, 2003","795.60","788.16","798.27","785.59","","+1.08%"
"Jan 20, 2003","787.09","785.70","787.64","778.39","","-0.32%"
"Jan 17, 2003","789.60","779.36","792.54","777.55","","+0.72%"
"Jan 16, 2003","783.94","781.56","783.94","776.94","","-0.29%"
"Jan 15, 2003","786.23","778.64","786.23","775.46","","+1.16%"
"Jan 14, 2003","777.23","773.67","777.23","770.47","","+1.04%"
"Jan 10, 2003","769.20","774.81","775.30","761.91","","-0.46%"
"Jan 09, 2003","772.79","770.02","772.79","766.28","","-0.59%"
"Jan 08, 2003","777.38","787.65","787.76","776.85","","-1.90%"
"Jan 07, 2003","792.44","810.60","811.95","792.44","","-1.49%"
"Jan 06, 2003","804.45","796.22","804.86","796.22","","+1.95%"
"Dec 30, 2002","789.05","794.63","794.63","788.66","","-1.24%"
"Dec 27, 2002","798.96","792.10","798.96","788.68","","+0.95%"
"Dec 26, 2002","791.48","779.80","791.48","779.80","","+2.01%"
"Dec 25, 2002","775.88","776.41","779.08","773.03","","-0.01%"
"Dec 24, 2002","775.99","769.02","778.27","767.19","","+1.24%"
"Dec 20, 2002","766.45","770.61","771.64","761.70","","-0.41%"
"Dec 19, 2002","769.63","758.75","769.64","755.25","","+1.02%"
"Dec 18, 2002","761.87","773.51","774.86","760.03","","-1.86%"
"Dec 17, 2002","776.33","777.53","784.23","773.10","","+0.55%"
"Dec 16, 2002","772.11","783.62","785.60","771.15","","-2.07%"
"Dec 13, 2002","788.47","797.38","799.10","786.22","","-1.47%"
"Dec 12, 2002","800.26","803.04","805.96","800.26","","-0.02%"
"Dec 11, 2002","800.45","810.80","813.35","800.45","","-0.79%"
"Dec 10, 2002","806.84","802.29","810.38","801.80","","+0.10%"
"Dec 09, 2002","806.06","808.15","812.66","803.31","","-0.16%"
"Dec 06, 2002","807.35","822.73","823.55","805.21","","-2.58%"
"Dec 05, 2002","828.74","841.71","841.71","827.61","","-1.83%"
"Dec 04, 2002","844.17","858.16","858.16","843.01","","-2.37%"
"Dec 03, 2002","864.70","869.00","874.09","862.02","","-0.21%"
"Dec 02, 2002","866.56","867.65","869.11","860.01","","-0.25%"
"Nov 29, 2002","868.73","855.63","874.26","855.40","","+1.74%"
"Nov 28, 2002","853.90","847.09","857.52","847.09","","+1.60%"
"Nov 27, 2002","840.48","834.92","847.47","834.92","","+0.15%"
"Nov 26, 2002","839.26","855.05","859.33","836.79","","-1.36%"
"Nov 25, 2002","850.86","834.21","850.86","830.99","","+2.88%"
"Nov 22, 2002","827.04","812.94","830.01","812.85","","+2.90%"
"Nov 21, 2002","803.75","791.10","804.49","791.09","","+2.58%"
"Nov 20, 2002","783.56","770.75","790.76","768.64","","+1.50%"
"Nov 19, 2002","771.96","775.33","776.19","759.85","","-1.15%"
"Nov 18, 2002","780.95","799.05","799.17","776.21","","-2.25%"
"Nov 15, 2002","798.93","787.95","799.19","787.95","","+2.21%"
"Nov 14, 2002","781.62","800.32","804.63","780.18","","-2.83%"
"Nov 13, 2002","804.38","813.88","814.05","802.97","","-1.13%"
"Nov 12, 2002","813.54","812.82","816.91","807.85","","-0.76%"
"Nov 11, 2002","819.76","839.83","839.83","819.66","","-2.99%"
"Nov 08, 2002","845.02","858.56","859.19","842.55","","-2.59%"
"Nov 07, 2002","867.51","865.83","869.00","862.48","","-0.01%"
"Nov 06, 2002","867.64","868.46","875.09","863.89","","0.00%"
"Nov 05, 2002","867.62","846.42","867.62","846.33","","+3.41%"
"Nov 01, 2002","839.05","845.78","846.77","834.30","","-0.89%"
"Oct 31, 2002","846.57","862.51","863.03","841.73","","-1.48%"
"Oct 30, 2002","859.31","851.10","864.00","849.47","","+0.51%"
"Oct 29, 2002","854.95","853.86","859.42","853.08","","+0.02%"
"Oct 28, 2002","854.77","854.24","854.77","840.48","","-0.30%"
"Oct 25, 2002","857.35","849.31","857.52","849.02","","+0.87%"
"Oct 24, 2002","849.98","868.39","868.39","844.32","","-2.27%"
"Oct 23, 2002","869.75","868.86","870.98","853.78","","-0.81%"
"Oct 22, 2002","876.88","907.68","907.68","876.88","","-3.53%"
"Oct 21, 2002","908.98","917.45","919.79","908.05","","-0.21%"
"Oct 18, 2002","910.90","901.36","912.68","901.36","","+2.09%"
"Oct 17, 2002","892.21","887.99","903.58","887.82","","+0.42%"
"Oct 16, 2002","888.51","894.36","900.03","885.78","","+0.43%"
"Oct 15, 2002","884.68","863.77","885.78","863.63","","+3.55%"
"Oct 11, 2002","854.38","849.19","860.76","849.19","","+1.57%"
"Oct 10, 2002","841.19","841.20","841.54","816.32","","-0.72%"
"Oct 09, 2002","847.27","856.66","857.11","846.13","","-1.22%"
"Oct 08, 2002","857.76","861.94","863.04","854.76","","-0.49%"
"Oct 07, 2002","861.98","881.86","881.86","859.52","","-3.17%"
"Oct 04, 2002","890.16","875.26","890.16","872.75","","+1.00%"
"Oct 03, 2002","881.39","892.81","896.00","880.22","","-1.37%"
"Oct 02, 2002","893.62","918.56","922.31","893.42","","-2.01%"
"Oct 01, 2002","911.96","929.72","929.72","910.13","","-2.92%"
"Sep 30, 2002","939.36","947.00","948.39","933.68","","-1.70%"
"Sep 27, 2002","955.56","947.22","959.52","947.22","","+1.70%"
"Sep 26, 2002","939.58","940.23","949.42","937.20","","+0.57%"
"Sep 25, 2002","934.27","941.78","946.07","929.67","","-1.78%"
"Sep 24, 2002","951.19","957.01","957.01","938.79","","-1.27%"
"Sep 20, 2002","963.42","977.16","982.50","956.29","","-2.00%"
"Sep 19, 2002","983.12","984.80","1,005.92","980.62","","+0.70%"
"Sep 18, 2002","976.27","981.01","981.10","960.11","","-1.38%"
"Sep 17, 2002","989.97","977.91","992.81","977.91","","+1.78%"
"Sep 13, 2002","972.65","978.16","978.29","962.98","","-1.25%"
"Sep 12, 2002","984.99","978.49","985.91","971.98","","+0.61%"
"Sep 11, 2002","979.01","982.25","984.72","976.42","","-0.11%"
"Sep 10, 2002","980.10","983.85","990.51","977.91","","+0.08%"
"Sep 09, 2002","979.28","977.89","984.31","977.57","","+1.14%"
"Sep 06, 2002","968.20","972.83","972.83","960.34","","-1.36%"
"Sep 05, 2002","981.50","975.01","988.82","972.14","","+1.49%"
"Sep 04, 2002","967.06","980.98","980.98","960.87","","-2.20%"
"Sep 03, 2002","988.83","1,006.77","1,008.35","988.73","","-2.33%"
"Sep 02, 2002","1,012.45","1,028.68","1,028.68","1,012.45","","-2.03%"
"Aug 30, 2002","1,033.39","1,025.78","1,033.39","1,014.66","","+1.12%"
"Aug 29, 2002","1,021.98","1,038.46","1,038.71","1,021.66","","-2.32%"
"Aug 28, 2002","1,046.25","1,057.12","1,060.21","1,041.48","","-0.89%"
"Aug 27, 2002","1,055.60","1,072.56","1,073.86","1,055.60","","-1.94%"
"Aug 26, 2002","1,076.53","1,046.20","1,076.53","1,044.88","","+2.56%"
"Aug 23, 2002","1,049.64","1,038.49","1,056.18","1,038.49","","+1.86%"
"Aug 22, 2002","1,030.51","1,014.75","1,030.72","1,007.41","","+1.27%"
"Aug 21, 2002","1,017.56","1,013.85","1,020.59","1,010.88","","-0.42%"
"Aug 20, 2002","1,021.84","1,032.64","1,032.64","1,014.64","","-0.52%"
"Aug 19, 2002","1,027.18","1,047.83","1,047.94","1,025.02","","-2.19%"
"Aug 16, 2002","1,050.22","1,054.92","1,056.94","1,044.24","","-0.29%"
"Aug 15, 2002","1,053.27","1,046.28","1,053.86","1,046.28","","+1.63%"
"Aug 14, 2002","1,036.41","1,028.40","1,042.28","1,027.53","","+0.66%"
"Aug 13, 2002","1,029.58","1,034.16","1,035.71","1,028.13","","-1.19%"
"Aug 12, 2002","1,042.03","1,065.08","1,065.08","1,042.03","","-2.50%"
"Aug 09, 2002","1,068.70","1,050.51","1,069.56","1,049.00","","+2.44%"
"Aug 08, 2002","1,043.22","1,058.53","1,064.15","1,038.92","","-1.47%"
"Aug 07, 2002","1,058.76","1,058.49","1,067.53","1,058.49","","+0.89%"
"Aug 06, 2002","1,049.39","1,062.00","1,062.52","1,046.15","","-1.84%"
"Aug 05, 2002","1,069.06","1,071.38","1,081.22","1,068.40","","-0.97%"
"Aug 02, 2002","1,079.52","1,085.03","1,091.08","1,076.00","","-1.01%"
"Aug 01, 2002","1,090.49","1,102.71","1,102.71","1,087.67","","-1.29%"
"Jul 31, 2002","1,104.71","1,110.01","1,110.94","1,101.67","","-0.59%"
"Jul 30, 2002","1,111.24","1,084.06","1,111.51","1,083.82","","+3.82%"
"Jul 29, 2002","1,070.32","1,083.51","1,089.97","1,070.32","","-0.72%"
"Jul 26, 2002","1,078.10","1,111.84","1,112.59","1,078.10","","-3.37%"
"Jul 25, 2002","1,115.69","1,146.49","1,151.04","1,115.69","","-2.08%"
"Jul 24, 2002","1,139.40","1,124.03","1,139.40","1,111.88","","+0.97%"
"Jul 23, 2002","1,128.43","1,105.13","1,134.16","1,099.01","","+1.67%"
"Jul 22, 2002","1,109.88","1,102.90","1,115.89","1,092.19","","-0.35%"
"Jul 19, 2002","1,113.81","1,123.01","1,123.01","1,111.26","","-1.37%"
"Jul 18, 2002","1,129.30","1,130.67","1,135.50","1,126.22","","+0.33%"
"Jul 17, 2002","1,125.61","1,123.64","1,128.94","1,113.76","","-0.03%"
"Jul 16, 2002","1,125.98","1,142.57","1,152.44","1,125.98","","-1.70%"
"Jul 15, 2002","1,145.43","1,160.64","1,160.64","1,145.43","","-1.74%"
"Jul 12, 2002","1,165.72","1,166.83","1,176.30","1,165.72","","+0.25%"
"Jul 11, 2002","1,162.79","1,178.49","1,178.49","1,159.72","","-2.16%"
"Jul 10, 2002","1,188.51","1,193.59","1,199.88","1,188.51","","-0.88%"
"Jul 09, 2002","1,199.11","1,185.96","1,199.11","1,181.29","","+1.46%"
"Jul 08, 2002","1,181.89","1,203.75","1,209.76","1,181.03","","-0.68%"
"Jul 05, 2002","1,189.97","1,182.27","1,193.57","1,182.27","","+0.77%"
"Jul 04, 2002","1,180.83","1,189.06","1,190.21","1,179.72","","-0.90%"
"Jul 03, 2002","1,191.61","1,165.67","1,193.14","1,163.46","","+1.38%"
"Jul 02, 2002","1,175.40","1,167.81","1,175.69","1,157.14","","+0.12%"
"Jul 01, 2002","1,173.97","1,175.07","1,178.86","1,170.52","","+0.57%"
"Jun 28, 2002","1,167.28","1,145.27","1,168.15","1,145.27","","+2.95%"
"Jun 27, 2002","1,133.85","1,128.82","1,143.37","1,128.82","","+1.09%"
"Jun 26, 2002","1,121.61","1,146.83","1,146.92","1,121.61","","-3.06%"
"Jun 25, 2002","1,157.04","1,157.17","1,169.36","1,152.14","","+0.04%"
"Jun 24, 2002","1,156.56","1,130.75","1,156.56","1,119.36","","+1.33%"
"Jun 21, 2002","1,141.42","1,155.14","1,155.14","1,141.42","","-2.00%"
"Jun 20, 2002","1,164.77","1,145.69","1,164.98","1,137.33","","+1.21%"
"Jun 19, 2002","1,150.89","1,178.02","1,178.25","1,150.89","","-2.72%"
"Jun 18, 2002","1,183.08","1,177.99","1,187.88","1,174.85","","+1.37%"
"Jun 17, 2002","1,167.09","1,190.65","1,191.55","1,161.65","","-2.60%"
"Jun 14, 2002","1,198.25","1,221.18","1,221.87","1,198.25","","-2.12%"
"Jun 13, 2002","1,224.15","1,239.62","1,241.97","1,220.14","","-1.13%"
"Jun 12, 2002","1,238.12","1,243.12","1,243.41","1,231.90","","-1.01%"
"Jun 11, 2002","1,250.77","1,245.16","1,252.35","1,243.18","","+0.48%"
"Jun 10, 2002","1,244.77","1,265.53","1,265.96","1,243.92","","-1.47%"
"Jun 07, 2002","1,263.34","1,264.92","1,265.07","1,255.31","","-0.95%"
"Jun 06, 2002","1,275.42","1,291.57","1,296.63","1,272.46","","-1.02%"
"Jun 05, 2002","1,288.62","1,285.89","1,295.61","1,282.44","","+0.31%"
"Jun 04, 2002","1,284.60","1,295.85","1,296.94","1,282.39","","-1.20%"
"Jun 03, 2002","1,300.25","1,290.24","1,300.79","1,288.22","","+1.10%"
"May 31, 2002","1,286.07","1,287.34","1,296.51","1,283.70","","+0.24%"
"May 30, 2002","1,283.05","1,287.44","1,287.88","1,274.85","","-0.79%"
"May 29, 2002","1,293.32","1,288.80","1,296.81","1,286.46","","+0.02%"
"May 28, 2002","1,293.05","1,285.98","1,293.05","1,281.45","","+0.71%"
"May 27, 2002","1,283.91","1,293.33","1,297.90","1,283.91","","-0.85%"
"May 24, 2002","1,294.88","1,296.70","1,297.64","1,280.82","","0.00%"
"May 23, 2002","1,294.92","1,291.30","1,299.26","1,290.89","","+0.81%"
"May 22, 2002","1,284.54","1,270.54","1,285.30","1,270.21","","+0.77%"
"May 21, 2002","1,274.69","1,272.73","1,276.11","1,270.58","","+0.04%"
"May 20, 2002","1,274.22","1,276.13","1,285.69","1,273.48","","+0.57%"
"May 17, 2002","1,267.00","1,268.18","1,273.79","1,265.03","","+0.45%"
"May 16, 2002","1,261.30","1,243.87","1,261.30","1,243.75","","+2.01%"
"May 15, 2002","1,236.48","1,234.24","1,247.49","1,234.24","","+1.04%"
"May 14, 2002","1,223.74","1,243.67","1,244.37","1,221.62","","-0.82%"
"May 13, 2002","1,233.88","1,249.29","1,249.29","1,233.31","","-1.66%"
"May 10, 2002","1,254.68","1,260.00","1,260.78","1,250.98","","-0.98%"
"May 09, 2002","1,267.11","1,268.84","1,281.09","1,267.11","","+0.96%"
"May 08, 2002","1,255.06","1,246.76","1,262.65","1,246.76","","+1.01%"
"May 07, 2002","1,242.57","1,253.61","1,253.61","1,235.02","","-1.27%"
"May 02, 2002","1,258.49","1,265.52","1,265.52","1,257.19","","-0.24%"
"May 01, 2002","1,261.55","1,257.00","1,266.05","1,257.00","","+0.45%"
"Apr 30, 2002","1,255.92","1,264.32","1,264.32","1,253.33","","-1.02%"
"Apr 26, 2002","1,268.83","1,277.53","1,278.67","1,258.72","","-0.67%"
"Apr 25, 2002","1,277.42","1,270.31","1,278.87","1,268.89","","+0.81%"
"Apr 24, 2002","1,267.17","1,267.54","1,273.54","1,264.04","","+0.09%"
"Apr 23, 2002","1,266.04","1,261.01","1,267.05","1,255.39","","-0.22%"
"Apr 22, 2002","1,268.79","1,265.41","1,272.96","1,264.70","","+0.62%"
"Apr 19, 2002","1,260.98","1,252.65","1,260.98","1,248.15","","+0.38%"
"Apr 18, 2002","1,256.20","1,251.28","1,262.09","1,251.16","","-0.02%"
"Apr 17, 2002","1,256.47","1,252.03","1,257.73","1,247.27","","+0.94%"
"Apr 16, 2002","1,244.73","1,230.11","1,244.73","1,227.96","","+1.33%"
"Apr 15, 2002","1,228.42","1,219.65","1,228.42","1,208.42","","+0.76%"
"Apr 12, 2002","1,219.18","1,224.63","1,224.96","1,208.87","","-0.96%"
"Apr 11, 2002","1,230.95","1,244.17","1,244.69","1,230.95","","-0.52%"
"Apr 10, 2002","1,237.40","1,232.42","1,238.59","1,225.98","","-0.05%"
"Apr 09, 2002","1,238.05","1,250.29","1,254.91","1,238.05","","-1.08%"
"Apr 08, 2002","1,251.59","1,248.78","1,255.40","1,245.27","","+0.24%"
"Apr 05, 2002","1,248.62","1,252.50","1,256.82","1,247.06","","+0.06%"
"Apr 04, 2002","1,247.85","1,243.93","1,258.91","1,238.66","","+0.70%"
"Apr 03, 2002","1,239.15","1,210.95","1,242.25","1,203.35","","+1.60%"
"Apr 02, 2002","1,219.69","1,209.00","1,219.85","1,202.09","","+1.49%"
"Apr 01, 2002","1,201.81","1,225.48","1,226.11","1,199.12","","-1.79%"
"Mar 29, 2002","1,223.67","1,243.95","1,248.16","1,223.67","","-1.05%"
"Mar 28, 2002","1,236.67","1,244.08","1,245.11","1,234.94","","-0.84%"
"Mar 27, 2002","1,247.13","1,226.51","1,248.69","1,225.61","","+1.74%"
"Mar 26, 2002","1,225.76","1,231.42","1,246.20","1,216.94","","-0.98%"
"Mar 25, 2002","1,237.87","1,250.27","1,251.53","1,227.78","","-0.93%"
"Mar 22, 2002","1,249.44","1,268.28","1,268.85","1,245.31","","-2.08%"
"Mar 20, 2002","1,275.96","1,297.11","1,297.21","1,270.75","","-1.19%"
"Mar 19, 2002","1,291.33","1,279.38","1,291.33","1,278.65","","+1.47%"
"Mar 18, 2002","1,272.59","1,300.68","1,308.55","1,272.59","","-1.28%"
"Mar 15, 2002","1,289.14","1,284.02","1,295.31","1,280.60","","+0.93%"
"Mar 14, 2002","1,277.28","1,254.59","1,278.86","1,242.99","","+1.76%"
"Mar 13, 2002","1,255.14","1,293.27","1,306.54","1,255.14","","-3.80%"
"Mar 12, 2002","1,304.71","1,338.74","1,338.74","1,304.71","","-2.83%"
"Mar 11, 2002","1,342.71","1,298.03","1,348.63","1,298.03","","+4.60%"
"Mar 08, 2002","1,283.63","1,239.63","1,296.19","1,236.80","","+3.98%"
"Mar 07, 2002","1,234.44","1,206.72","1,235.50","1,206.72","","+3.16%"
"Mar 06, 2002","1,196.62","1,203.91","1,213.43","1,195.20","","-0.84%"
"Mar 05, 2002","1,206.77","1,197.80","1,216.02","1,195.94","","+1.65%"
"Mar 04, 2002","1,187.14","1,148.99","1,187.36","1,148.91","","+4.25%"
"Mar 01, 2002","1,138.76","1,125.64","1,138.76","1,116.15","","+1.64%"
"Feb 28, 2002","1,120.38","1,123.68","1,136.32","1,118.34","","+0.10%"
"Feb 27, 2002","1,119.23","1,096.77","1,119.23","1,094.98","","+2.61%"
"Feb 26, 2002","1,090.75","1,109.07","1,113.17","1,086.26","","-1.33%"
"Feb 25, 2002","1,105.48","1,107.40","1,116.17","1,102.79","","+0.19%"
"Feb 22, 2002","1,103.33","1,091.39","1,107.94","1,082.77","","+0.46%"
"Feb 21, 2002","1,098.31","1,071.13","1,098.31","1,071.13","","+3.16%"
"Feb 20, 2002","1,064.64","1,062.37","1,068.83","1,058.51","","-0.23%"
"Feb 19, 2002","1,067.11","1,085.51","1,086.70","1,062.26","","-1.70%"
"Feb 18, 2002","1,085.56","1,077.33","1,086.88","1,072.59","","+0.52%"
"Feb 15, 2002","1,079.99","1,090.60","1,091.62","1,075.70","","-1.02%"
"Feb 14, 2002","1,091.12","1,100.61","1,121.06","1,091.12","","-0.87%"
"Feb 13, 2002","1,100.65","1,095.88","1,106.02","1,093.51","","+0.64%"
"Feb 12, 2002","1,093.64","1,078.34","1,093.64","1,078.34","","+2.64%"
"Feb 08, 2002","1,065.46","1,060.31","1,072.26","1,052.18","","+0.31%"
"Feb 07, 2002","1,062.19","1,051.18","1,062.42","1,049.13","","+1.25%"
"Feb 06, 2002","1,049.07","1,030.96","1,056.94","1,030.96","","+1.95%"
"Feb 05, 2002","1,028.98","1,046.26","1,047.31","1,027.93","","-2.65%"
"Feb 04, 2002","1,057.02","1,092.42","1,092.42","1,054.73","","-3.26%"
"Feb 01, 2002","1,092.61","1,117.74","1,117.74","1,084.50","","-1.57%"
"Jan 31, 2002","1,110.00","1,115.35","1,115.35","1,105.34","","-0.45%"
"Jan 30, 2002","1,115.07","1,116.73","1,116.73","1,105.16","","-0.99%"
"Jan 29, 2002","1,126.18","1,141.18","1,141.18","1,126.18","","-1.16%"
"Jan 28, 2002","1,139.43","1,132.56","1,140.80","1,131.29","","+0.44%"
"Jan 25, 2002","1,134.43","1,144.25","1,144.30","1,131.44","","-0.51%"
"Jan 24, 2002","1,140.30","1,142.43","1,149.81","1,132.58","","-0.17%"
"Jan 23, 2002","1,142.27","1,150.07","1,151.41","1,142.27","","-1.26%"
"Jan 22, 2002","1,156.88","1,177.88","1,179.18","1,156.68","","-2.19%"
"Jan 21, 2002","1,182.74","1,174.85","1,186.71","1,166.64","","+0.14%"
"Jan 18, 2002","1,181.06","1,162.62","1,181.06","1,160.79","","+2.09%"
"Jan 17, 2002","1,156.88","1,151.46","1,160.84","1,146.99","","+0.35%"
"Jan 16, 2002","1,152.89","1,154.80","1,155.03","1,147.18","","+0.12%"
"Jan 15, 2002","1,151.55","1,171.53","1,171.53","1,151.55","","-2.62%"
"Jan 11, 2002","1,182.59","1,199.57","1,201.37","1,182.59","","-1.48%"
"Jan 10, 2002","1,200.30","1,213.11","1,217.52","1,198.95","","-1.01%"
"Jan 09, 2002","1,212.54","1,203.21","1,214.26","1,199.33","","+0.71%"
"Jan 08, 2002","1,204.04","1,233.12","1,233.12","1,201.84","","-2.88%"
"Jan 07, 2002","1,239.76","1,242.13","1,244.22","1,232.33","","-0.33%"
"Jan 04, 2002","1,243.84","1,222.24","1,243.84","1,219.55","","+2.96%"
"Dec 28, 2001","1,208.06","1,194.82","1,208.06","1,192.08","","+1.35%"
"Dec 27, 2001","1,191.91","1,173.61","1,191.91","1,168.57","","+1.65%"
"Dec 26, 2001","1,172.55","1,186.51","1,186.66","1,169.90","","-1.43%"
"Dec 25, 2001","1,189.59","1,193.81","1,193.81","1,177.96","","-0.40%"
"Dec 21, 2001","1,194.39","1,192.26","1,194.39","1,177.29","","-0.09%"
"Dec 20, 2001","1,195.45","1,198.53","1,199.19","1,180.98","","-0.20%"
"Dec 19, 2001","1,197.87","1,191.01","1,197.87","1,184.87","","+0.46%"
"Dec 18, 2001","1,192.38","1,195.82","1,207.85","1,177.75","","+0.54%"
"Dec 17, 2001","1,185.97","1,202.53","1,204.66","1,182.74","","-1.57%"
"Dec 14, 2001","1,204.87","1,214.24","1,214.24","1,194.41","","-1.62%"
"Dec 13, 2001","1,224.73","1,242.18","1,242.18","1,219.99","","-1.81%"
"Dec 12, 2001","1,247.32","1,224.04","1,251.05","1,224.04","","+2.04%"
"Dec 11, 2001","1,222.43","1,240.16","1,240.64","1,218.97","","-2.26%"
"Dec 10, 2001","1,250.65","1,268.64","1,268.64","1,248.37","","-1.87%"
"Dec 07, 2001","1,274.50","1,288.02","1,289.45","1,271.65","","-1.27%"
"Dec 06, 2001","1,290.85","1,285.24","1,305.35","1,284.83","","+1.41%"
"Dec 05, 2001","1,272.94","1,272.09","1,279.29","1,264.66","","+0.64%"
"Dec 04, 2001","1,264.85","1,259.81","1,264.85","1,245.03","","+0.65%"
"Dec 03, 2001","1,256.71","1,289.53","1,290.80","1,254.19","","-2.40%"
"Nov 30, 2001","1,287.64","1,286.68","1,290.22","1,279.69","","+0.47%"
"Nov 29, 2001","1,281.64","1,287.99","1,291.50","1,276.86","","-1.04%"
"Nov 28, 2001","1,295.13","1,320.39","1,320.39","1,295.13","","-2.72%"
"Nov 27, 2001","1,331.36","1,343.22","1,353.44","1,330.73","","-0.85%"
"Nov 26, 2001","1,342.76","1,309.54","1,342.76","1,308.48","","+3.37%"
"Nov 22, 2001","1,298.95","1,292.33","1,298.95","1,290.00","","+0.22%"
"Nov 21, 2001","1,296.11","1,283.59","1,305.37","1,278.93","","+0.40%"
"Nov 20, 2001","1,290.95","1,314.59","1,314.59","1,284.80","","-0.93%"
"Nov 19, 2001","1,303.09","1,310.60","1,311.14","1,299.08","","-0.70%"
"Nov 16, 2001","1,312.25","1,298.00","1,321.80","1,291.05","","+1.36%"
"Nov 15, 2001","1,294.64","1,264.60","1,294.64","1,263.64","","+2.65%"
"Nov 14, 2001","1,261.25","1,246.88","1,266.77","1,246.04","","+1.95%"
"Nov 13, 2001","1,237.10","1,240.96","1,240.96","1,225.39","","-0.88%"
"Nov 12, 2001","1,248.07","1,266.72","1,267.63","1,248.07","","-1.64%"
"Nov 09, 2001","1,268.85","1,288.05","1,288.26","1,268.85","","-1.46%"
"Nov 08, 2001","1,287.66","1,295.27","1,299.97","1,277.23","","-0.30%"
"Nov 07, 2001","1,291.53","1,318.90","1,323.11","1,291.53","","-1.84%"
"Nov 06, 2001","1,315.74","1,276.24","1,315.97","1,275.55","","+4.06%"
"Nov 05, 2001","1,264.46","1,273.74","1,276.11","1,255.65","","-0.50%"
"Nov 02, 2001","1,270.77","1,296.51","1,304.96","1,267.90","","-0.89%"
"Nov 01, 2001","1,282.18","1,311.91","1,314.48","1,281.61","","-2.09%"
"Oct 31, 2001","1,309.60","1,319.32","1,321.23","1,306.64","","-1.34%"
"Oct 30, 2001","1,327.38","1,348.21","1,348.21","1,319.54","","-2.74%"
"Oct 29, 2001","1,364.83","1,389.33","1,389.33","1,364.83","","-2.10%"
"Oct 26, 2001","1,394.16","1,406.79","1,412.35","1,389.05","","-0.18%"
"Oct 25, 2001","1,396.70","1,397.46","1,412.22","1,392.96","","+0.36%"
"Oct 24, 2001","1,391.69","1,388.02","1,403.01","1,383.94","","-0.07%"
"Oct 23, 2001","1,392.65","1,376.93","1,392.65","1,371.53","","+2.15%"
"Oct 22, 2001","1,363.32","1,376.57","1,381.35","1,362.09","","-1.04%"
"Oct 19, 2001","1,377.59","1,362.34","1,378.52","1,358.57","","+0.79%"
"Oct 18, 2001","1,366.83","1,380.88","1,381.18","1,366.09","","-1.90%"
"Oct 17, 2001","1,393.36","1,374.15","1,393.36","1,363.28","","+1.81%"
"Oct 16, 2001","1,368.63","1,349.85","1,374.17","1,347.42","","+1.24%"
"Oct 15, 2001","1,351.93","1,355.13","1,355.13","1,340.91","","-1.11%"
"Oct 12, 2001","1,367.08","1,343.52","1,367.08","1,343.24","","+2.82%"
"Oct 11, 2001","1,329.57","1,305.12","1,329.57","1,304.00","","+3.05%"
"Oct 10, 2001","1,290.17","1,300.75","1,303.01","1,287.95","","-1.15%"
"Oct 09, 2001","1,305.21","1,321.40","1,321.40","1,305.21","","-2.10%"
"Oct 05, 2001","1,333.21","1,324.65","1,339.93","1,313.49","","+0.69%"
"Oct 04, 2001","1,324.04","1,310.98","1,334.88","1,310.28","","+2.21%"
"Oct 03, 2001","1,295.44","1,318.31","1,336.70","1,295.44","","-0.92%"
"Oct 02, 2001","1,307.47","1,267.59","1,307.47","1,265.69","","+3.42%"
"Oct 01, 2001","1,264.18","1,233.18","1,265.43","1,221.03","","+3.06%"
"Sep 28, 2001","1,226.63","1,219.21","1,240.39","1,216.64","","+1.62%"
"Sep 27, 2001","1,207.04","1,211.81","1,223.02","1,192.75","","-0.93%"
"Sep 26, 2001","1,218.41","1,219.70","1,224.77","1,209.50","","+0.27%"
"Sep 25, 2001","1,215.14","1,214.85","1,247.44","1,199.25","","+1.12%"
"Sep 21, 2001","1,201.67","1,184.72","1,201.67","1,155.02","","+0.18%"
"Sep 20, 2001","1,199.54","1,196.17","1,199.54","1,175.06","","-0.20%"
"Sep 19, 2001","1,201.91","1,150.00","1,210.92","1,150.00","","+5.08%"
"Sep 18, 2001","1,143.76","1,116.92","1,163.23","1,116.92","","+3.14%"
"Sep 17, 2001","1,108.89","1,143.89","1,143.89","1,094.59","","-4.18%"
"Sep 14, 2001","1,157.32","1,121.91","1,157.32","1,121.91","","+3.33%"
"Sep 13, 2001","1,119.99","1,117.02","1,119.99","1,093.59","","+0.01%"
"Sep 12, 2001","1,119.87","1,179.86","1,179.86","1,114.00","","-6.46%"
"Sep 11, 2001","1,197.26","1,199.50","1,205.56","1,190.19","","+0.18%"
"Sep 10, 2001","1,195.09","1,201.23","1,211.28","1,179.16","","-1.54%"
"Sep 07, 2001","1,213.82","1,220.77","1,220.77","1,199.21","","-1.43%"
"Sep 06, 2001","1,231.49","1,214.74","1,231.49","1,206.99","","+0.98%"
"Sep 05, 2001","1,219.57","1,228.55","1,228.55","1,200.62","","-1.65%"
"Sep 04, 2001","1,240.03","1,201.90","1,240.03","1,189.41","","+2.94%"
"Sep 03, 2001","1,204.64","1,253.67","1,254.10","1,204.64","","-3.78%"
"Aug 31, 2001","1,252.01","1,257.64","1,260.54","1,237.21","","-1.69%"
"Aug 30, 2001","1,273.49","1,258.46","1,273.49","1,241.07","","+0.35%"
"Aug 29, 2001","1,269.10","1,285.89","1,286.19","1,268.78","","-2.32%"
"Aug 28, 2001","1,299.24","1,309.82","1,311.57","1,280.18","","-1.14%"
"Aug 27, 2001","1,314.17","1,289.68","1,317.56","1,289.68","","+3.02%"
"Aug 24, 2001","1,275.63","1,302.40","1,304.63","1,269.20","","-1.82%"
"Aug 23, 2001","1,299.30","1,353.37","1,353.37","1,299.30","","-4.04%"
"Aug 22, 2001","1,353.94","1,367.76","1,375.69","1,350.37","","-1.92%"
"Aug 21, 2001","1,380.39","1,388.48","1,397.13","1,370.01","","-0.45%"
"Aug 20, 2001","1,386.59","1,393.58","1,396.95","1,381.12","","-1.42%"
"Aug 17, 2001","1,406.52","1,400.85","1,413.50","1,390.90","","+0.58%"
"Aug 16, 2001","1,398.41","1,420.70","1,420.70","1,397.20","","-2.48%"
"Aug 15, 2001","1,433.91","1,432.94","1,437.92","1,421.31","","-0.40%"
"Aug 14, 2001","1,439.64","1,407.40","1,443.42","1,406.86","","+2.80%"
"Aug 13, 2001","1,400.43","1,424.46","1,425.02","1,394.01","","-2.44%"
"Aug 10, 2001","1,435.41","1,449.30","1,462.18","1,435.41","","-0.89%"
"Aug 09, 2001","1,448.26","1,478.80","1,479.38","1,448.26","","-3.16%"
"Aug 08, 2001","1,495.52","1,509.88","1,517.15","1,491.37","","-1.21%"
"Aug 07, 2001","1,513.86","1,481.86","1,513.86","1,469.43","","+1.53%"
"Aug 06, 2001","1,491.03","1,500.33","1,500.57","1,483.48","","-1.41%"
"Aug 03, 2001","1,512.37","1,508.85","1,515.59","1,499.70","","-0.24%"
"Aug 02, 2001","1,515.97","1,490.33","1,516.45","1,490.26","","+2.73%"
"Aug 01, 2001","1,475.70","1,454.28","1,477.77","1,450.50","","+1.84%"
"Jul 31, 2001","1,449.05","1,421.54","1,450.40","1,421.54","","+2.49%"
"Jul 30, 2001","1,413.83","1,450.83","1,451.05","1,406.38","","-2.55%"
"Jul 27, 2001","1,450.78","1,464.52","1,467.18","1,445.92","","-0.85%"
"Jul 26, 2001","1,463.28","1,443.76","1,465.11","1,442.05","","+1.95%"
"Jul 25, 2001","1,435.36","1,400.88","1,444.87","1,397.64","","+1.75%"
"Jul 24, 2001","1,410.73","1,376.81","1,410.73","1,370.33","","+2.63%"
"Jul 23, 2001","1,374.63","1,420.69","1,420.69","1,370.93","","-3.20%"
"Jul 19, 2001","1,420.13","1,413.33","1,420.13","1,404.44","","-0.06%"
"Jul 18, 2001","1,420.92","1,446.57","1,447.26","1,416.74","","-1.43%"
"Jul 17, 2001","1,441.52","1,456.66","1,457.08","1,436.84","","-2.15%"
"Jul 16, 2001","1,473.19","1,493.40","1,493.40","1,467.60","","-1.09%"
"Jul 13, 2001","1,489.43","1,499.32","1,509.79","1,487.63","","+0.02%"
"Jul 12, 2001","1,489.07","1,464.39","1,489.07","1,464.39","","+2.69%"
"Jul 11, 2001","1,450.03","1,468.23","1,468.23","1,448.89","","-2.06%"
"Jul 10, 2001","1,480.49","1,470.70","1,480.49","1,460.58","","+0.90%"
"Jul 09, 2001","1,467.25","1,491.74","1,491.74","1,446.15","","-2.67%"
"Jul 06, 2001","1,507.45","1,528.99","1,528.99","1,501.31","","-2.27%"
"Jul 05, 2001","1,542.44","1,544.50","1,549.49","1,532.75","","-0.59%"
"Jul 04, 2001","1,551.64","1,588.02","1,588.02","1,551.17","","-2.39%"
"Jul 03, 2001","1,589.70","1,583.74","1,592.71","1,580.11","","+1.14%"
"Jul 02, 2001","1,571.80","1,597.26","1,598.91","1,556.30","","-1.88%"
"Jun 29, 2001","1,601.84","1,578.75","1,604.90","1,578.50","","+2.68%"
"Jun 28, 2001","1,560.02","1,572.04","1,576.61","1,548.03","","-1.03%"
"Jun 27, 2001","1,576.30","1,594.46","1,594.48","1,575.47","","-1.17%"
"Jun 26, 2001","1,594.96","1,588.14","1,599.71","1,585.50","","+0.28%"
"Jun 25, 2001","1,590.53","1,625.36","1,625.36","1,585.77","","-2.16%"
"Jun 22, 2001","1,625.69","1,605.46","1,625.69","1,600.31","","+2.10%"
"Jun 21, 2001","1,592.28","1,566.59","1,592.28","1,563.19","","+2.66%"
"Jun 20, 2001","1,551.07","1,540.78","1,552.74","1,533.99","","+0.80%"
"Jun 19, 2001","1,538.75","1,546.75","1,571.85","1,533.71","","-0.40%"
"Jun 18, 2001","1,544.99","1,561.27","1,562.74","1,530.87","","-1.67%"
"Jun 15, 2001","1,571.26","1,572.65","1,572.65","1,541.97","","-1.23%"
"Jun 14, 2001","1,590.87","1,603.10","1,603.80","1,590.87","","-1.10%"
"Jun 13, 2001","1,608.63","1,604.46","1,619.00","1,597.33","","+0.33%"
"Jun 12, 2001","1,603.34","1,655.59","1,657.51","1,602.49","","-4.03%"
"Jun 11, 2001","1,670.70","1,675.44","1,680.92","1,666.20","","-0.54%"
"Jun 08, 2001","1,679.85","1,662.27","1,686.01","1,661.99","","+1.34%"
"Jun 07, 2001","1,657.64","1,636.89","1,657.64","1,633.50","","+1.01%"
"Jun 06, 2001","1,641.09","1,644.62","1,651.15","1,638.61","","+0.24%"
"Jun 05, 2001","1,637.08","1,647.38","1,649.31","1,620.88","","-0.63%"
"Jun 04, 2001","1,647.54","1,660.61","1,660.61","1,637.55","","-0.19%"
"Jun 01, 2001","1,650.60","1,651.69","1,665.10","1,649.06","","+0.60%"
"May 31, 2001","1,640.75","1,687.14","1,687.14","1,635.98","","-3.70%"
"May 30, 2001","1,703.86","1,728.68","1,728.68","1,700.14","","-2.07%"
"May 29, 2001","1,739.81","1,740.41","1,749.45","1,733.82","","-0.42%"
"May 28, 2001","1,747.23","1,754.65","1,761.02","1,742.56","","-0.81%"
"May 25, 2001","1,761.48","1,768.32","1,779.79","1,759.92","","-0.22%"
"May 24, 2001","1,765.35","1,766.84","1,770.75","1,752.70","","-0.95%"
"May 23, 2001","1,782.26","1,790.94","1,804.21","1,780.15","","-0.68%"
"May 22, 2001","1,794.47","1,803.69","1,818.82","1,794.47","","+0.27%"
"May 21, 2001","1,789.63","1,779.60","1,798.99","1,779.26","","+0.50%"
"May 18, 2001","1,780.67","1,789.24","1,799.14","1,780.67","","-0.27%"
"May 17, 2001","1,785.49","1,764.70","1,793.37","1,758.60","","+2.17%"
"May 16, 2001","1,747.51","1,785.27","1,785.92","1,747.51","","-2.12%"
"May 15, 2001","1,785.37","1,743.17","1,787.49","1,738.86","","+2.07%"
"May 14, 2001","1,749.11","1,756.97","1,758.14","1,742.54","","-0.71%"
"May 11, 2001","1,761.55","1,771.49","1,782.27","1,761.55","","-0.46%"
"May 10, 2001","1,769.69","1,788.04","1,802.28","1,769.69","","-1.62%"
"May 09, 2001","1,798.90","1,835.50","1,835.50","1,785.87","","-2.52%"
"May 08, 2001","1,845.40","1,851.47","1,859.21","1,836.90","","-0.87%"
"May 07, 2001","1,861.57","1,817.96","1,861.57","1,802.73","","+2.72%"
"May 02, 2001","1,812.35","1,782.97","1,812.35","1,773.33","","+2.22%"
"May 01, 2001","1,772.96","1,720.33","1,772.96","1,720.33","","+4.22%"
"Apr 27, 2001","1,701.13","1,692.29","1,701.13","1,678.04","","+1.08%"
"Apr 26, 2001","1,683.01","1,675.93","1,693.07","1,675.93","","+1.19%"
"Apr 25, 2001","1,663.18","1,658.89","1,666.76","1,654.96","","+0.33%"
"Apr 24, 2001","1,657.74","1,650.91","1,657.74","1,622.19","","-0.59%"
"Apr 23, 2001","1,667.56","1,659.31","1,681.02","1,653.96","","+0.94%"
"Apr 20, 2001","1,652.05","1,650.84","1,663.81","1,633.83","","+0.41%"
"Apr 19, 2001","1,645.33","1,623.79","1,667.50","1,623.79","","+2.64%"
"Apr 18, 2001","1,603.06","1,557.62","1,603.06","1,557.62","","+3.55%"
"Apr 17, 2001","1,548.07","1,554.36","1,554.36","1,538.68","","-1.15%"
"Apr 16, 2001","1,566.13","1,574.65","1,574.82","1,559.77","","-0.76%"
"Apr 13, 2001","1,578.18","1,582.04","1,592.91","1,564.38","","+0.55%"
"Apr 12, 2001","1,569.60","1,558.32","1,577.88","1,553.54","","+1.10%"
"Apr 11, 2001","1,552.45","1,535.12","1,554.17","1,530.36","","+2.11%"
"Apr 10, 2001","1,520.35","1,546.30","1,554.41","1,515.60","","-1.64%"
"Apr 09, 2001","1,545.64","1,581.04","1,581.04","1,545.64","","-2.82%"
"Apr 06, 2001","1,590.57","1,608.43","1,632.51","1,590.57","","-0.13%"
"Apr 05, 2001","1,592.61","1,556.36","1,595.22","1,556.36","","+3.19%"
"Apr 04, 2001","1,543.31","1,536.64","1,543.31","1,516.64","","-0.59%"
"Apr 03, 2001","1,552.45","1,526.06","1,559.07","1,521.92","","+1.62%"
"Apr 02, 2001","1,527.73","1,555.61","1,555.61","1,513.35","","-1.72%"
"Mar 30, 2001","1,554.54","1,592.62","1,606.30","1,554.54","","-1.88%"
"Mar 29, 2001","1,584.27","1,632.91","1,632.91","1,584.27","","-4.09%"
"Mar 28, 2001","1,651.75","1,638.09","1,660.83","1,624.88","","+2.01%"
"Mar 27, 2001","1,619.22","1,613.36","1,630.06","1,597.04","","+0.50%"
"Mar 26, 2001","1,611.19","1,527.67","1,611.19","1,527.67","","+6.57%"
"Mar 23, 2001","1,511.93","1,457.20","1,512.90","1,457.20","","+4.23%"
"Mar 22, 2001","1,450.52","1,462.37","1,496.44","1,447.80","","-0.98%"
"Mar 21, 2001","1,464.86","1,380.95","1,464.86","1,374.28","","+5.77%"
"Mar 19, 2001","1,384.89","1,383.23","1,429.14","1,378.60","","-0.26%"
"Mar 16, 2001","1,388.54","1,365.95","1,405.02","1,365.31","","+1.97%"
"Mar 15, 2001","1,361.70","1,323.30","1,362.07","1,280.54","","+1.75%"
"Mar 14, 2001","1,338.34","1,365.72","1,393.26","1,338.34","","-0.80%"
"Mar 13, 2001","1,349.09","1,417.57","1,417.57","1,339.05","","-5.81%"
"Mar 12, 2001","1,432.25","1,485.73","1,485.73","1,432.23","","-4.68%"
"Mar 09, 2001","1,502.51","1,517.00","1,517.42","1,493.82","","-1.82%"
"Mar 08, 2001","1,530.34","1,547.34","1,547.36","1,514.93","","-1.71%"
"Mar 07, 2001","1,557.02","1,539.59","1,573.05","1,519.95","","+1.87%"
"Mar 06, 2001","1,528.47","1,458.58","1,528.47","1,456.99","","+5.67%"
"Mar 05, 2001","1,446.39","1,475.54","1,476.55","1,431.23","","-2.47%"
"Mar 02, 2001","1,482.96","1,538.93","1,538.93","1,482.96","","-4.24%"
"Mar 01, 2001","1,548.67","1,598.67","1,599.99","1,537.77","","-3.60%"
"Feb 28, 2001","1,606.55","1,640.34","1,640.99","1,606.55","","-2.64%"
"Feb 27, 2001","1,650.09","1,663.42","1,668.01","1,640.13","","-0.37%"
"Feb 26, 2001","1,656.27","1,674.25","1,677.70","1,653.46","","-0.85%"
"Feb 23, 2001","1,670.54","1,625.74","1,670.54","1,625.74","","+2.57%"
"Feb 22, 2001","1,628.68","1,648.68","1,650.08","1,611.46","","-2.05%"
"Feb 21, 2001","1,662.81","1,674.11","1,674.73","1,655.21","","-1.65%"
"Feb 20, 2001","1,690.76","1,670.09","1,690.76","1,668.47","","+0.96%"
"Feb 19, 2001","1,674.67","1,686.91","1,686.91","1,662.27","","-1.67%"
"Feb 16, 2001","1,703.16","1,712.58","1,721.68","1,703.16","","-0.27%"
"Feb 15, 2001","1,707.69","1,693.67","1,717.61","1,693.67","","+0.68%"
"Feb 14, 2001","1,696.12","1,700.86","1,708.31","1,682.87","","-0.85%"
"Feb 13, 2001","1,710.71","1,743.99","1,746.85","1,710.71","","-2.09%"
"Feb 09, 2001","1,747.30","1,717.11","1,750.39","1,716.33","","+1.59%"
"Feb 08, 2001","1,720.00","1,745.32","1,747.15","1,703.04","","-1.91%"
"Feb 07, 2001","1,753.57","1,733.69","1,758.18","1,733.69","","+1.05%"
"Feb 06, 2001","1,735.42","1,729.08","1,743.35","1,719.30","","-0.21%"
"Feb 05, 2001","1,739.03","1,772.35","1,772.35","1,738.02","","-2.98%"
"Feb 02, 2001","1,792.36","1,796.23","1,804.30","1,792.36","","-0.31%"
"Feb 01, 2001","1,797.96","1,792.11","1,797.96","1,770.44","","-0.50%"
"Jan 31, 2001","1,807.07","1,793.50","1,807.07","1,780.18","","+0.97%"
"Jan 30, 2001","1,789.64","1,787.48","1,793.00","1,764.67","","+0.36%"
"Jan 29, 2001","1,783.27","1,797.78","1,797.78","1,781.08","","-1.08%"
"Jan 26, 2001","1,802.73","1,830.20","1,831.47","1,796.18","","-2.27%"
"Jan 25, 2001","1,844.69","1,793.27","1,844.83","1,791.05","","+3.41%"
"Jan 24, 2001","1,783.92","1,768.81","1,789.70","1,759.64","","+1.10%"
"Jan 23, 2001","1,764.51","1,766.91","1,771.93","1,754.07","","-0.71%"
"Jan 22, 2001","1,777.15","1,799.97","1,802.81","1,749.35","","-1.26%"
"Jan 19, 2001","1,799.88","1,795.68","1,826.89","1,782.13","","+1.11%"
"Jan 18, 2001","1,780.04","1,752.23","1,818.05","1,752.23","","+2.50%"
"Jan 17, 2001","1,736.54","1,710.80","1,740.55","1,682.56","","+1.57%"
"Jan 16, 2001","1,709.62","1,666.27","1,709.62","1,657.75","","+3.50%"
"Jan 15, 2001","1,651.78","1,583.48","1,655.40","1,583.41","","+4.65%"
"Jan 12, 2001","1,578.31","1,559.80","1,584.14","1,559.80","","+1.38%"
"Jan 11, 2001","1,556.78","1,612.11","1,613.44","1,538.22","","-3.29%"
"Jan 10, 2001","1,609.80","1,648.24","1,649.96","1,598.24","","-2.80%"
"Jan 09, 2001","1,656.21","1,697.68","1,697.69","1,642.12","","-3.41%"
"Jan 05, 2001","1,714.67","1,717.27","1,731.63","1,711.45","","-0.06%"
"Jan 04, 2001","1,715.77","1,759.68","1,783.86","1,711.84","","-1.62%"
"Dec 29, 2000","1,744.05","1,765.70","1,767.62","1,744.05","","-1.73%"
"Dec 28, 2000","1,774.84","1,776.56","1,782.51","1,763.14","","+0.29%"
"Dec 27, 2000","1,769.77","1,767.99","1,769.77","1,753.00","","-0.39%"
"Dec 26, 2000","1,776.75","1,768.15","1,776.75","1,749.41","","-0.04%"
"Dec 25, 2000","1,777.52","1,731.29","1,777.85","1,731.29","","+3.87%"
"Dec 22, 2000","1,711.27","1,665.81","1,714.60","1,664.87","","+3.36%"
"Dec 21, 2000","1,655.70","1,736.03","1,736.19","1,636.30","","-5.71%"
"Dec 20, 2000","1,755.96","1,818.82","1,818.82","1,753.39","","-4.41%"
"Dec 19, 2000","1,837.02","1,905.90","1,905.90","1,833.98","","-4.25%"
"Dec 18, 2000","1,918.54","1,932.06","1,935.02","1,906.31","","-1.66%"
"Dec 15, 2000","1,950.86","1,976.15","1,976.39","1,948.36","","-2.25%"
"Dec 14, 2000","1,995.83","2,024.56","2,024.56","1,995.83","","-1.89%"
"Dec 13, 2000","2,034.30","2,046.13","2,046.13","2,018.40","","-1.12%"
"Dec 12, 2000","2,057.28","2,045.44","2,065.17","2,033.51","","+0.67%"
"Dec 11, 2000","2,043.50","2,022.78","2,044.74","2,022.78","","+1.42%"
"Dec 08, 2000","2,014.94","2,009.97","2,025.02","1,999.73","","-0.23%"
"Dec 07, 2000","2,019.51","2,011.01","2,019.51","1,996.45","","-0.06%"
"Dec 06, 2000","2,020.82","1,997.23","2,044.09","1,997.18","","+2.34%"
"Dec 05, 2000","1,974.58","1,983.03","1,988.87","1,969.18","","+0.16%"
"Dec 04, 2000","1,971.40","1,959.61","1,991.66","1,953.99","","+1.16%"
"Dec 01, 2000","1,948.80","1,939.87","1,965.09","1,926.44","","-0.33%"
"Nov 30, 2000","1,955.31","1,940.83","1,955.31","1,929.20","","-0.07%"
"Nov 29, 2000","1,956.65","1,970.10","1,970.73","1,941.49","","-1.26%"
"Nov 28, 2000","1,981.53","1,976.11","1,990.40","1,964.79","","-0.25%"
"Nov 27, 2000","1,986.43","1,937.86","1,988.22","1,937.86","","+3.36%"
"Nov 24, 2000","1,921.88","1,927.78","1,937.24","1,906.31","","-1.08%"
"Nov 22, 2000","1,942.89","1,970.99","1,986.43","1,935.68","","-1.08%"
"Nov 21, 2000","1,964.12","2,004.93","2,004.93","1,947.20","","-2.97%"
"Nov 20, 2000","2,024.32","2,063.35","2,065.82","2,019.98","","-2.29%"
"Nov 17, 2000","2,071.67","2,062.96","2,075.03","2,044.33","","-0.53%"
"Nov 16, 2000","2,082.80","2,139.83","2,139.83","2,082.07","","-2.42%"
"Nov 15, 2000","2,134.56","2,129.74","2,176.58","2,129.29","","+1.33%"
"Nov 14, 2000","2,106.62","2,089.66","2,109.60","2,087.14","","+0.58%"
"Nov 13, 2000","2,094.54","2,131.69","2,131.69","2,043.46","","-2.87%"
"Nov 10, 2000","2,156.50","2,185.42","2,185.42","2,150.29","","-2.31%"
"Nov 09, 2000","2,207.39","2,250.77","2,250.77","2,199.90","","-2.73%"
"Nov 08, 2000","2,269.43","2,258.29","2,290.78","2,247.94","","+0.28%"
"Nov 07, 2000","2,263.02","2,272.25","2,277.06","2,251.57","","-0.47%"
"Nov 06, 2000","2,273.68","2,192.96","2,281.12","2,191.42","","+4.53%"
"Nov 02, 2000","2,175.20","2,115.92","2,182.77","2,115.71","","+2.78%"
"Nov 01, 2000","2,116.38","2,014.44","2,117.47","2,014.44","","+5.16%"
"Oct 31, 2000","2,012.55","2,057.88","2,057.88","1,997.45","","-2.32%"
"Oct 30, 2000","2,060.35","2,098.75","2,103.62","2,057.49","","-1.81%"
"Oct 27, 2000","2,098.34","2,112.31","2,137.78","2,098.34","","-0.61%"
"Oct 26, 2000","2,111.19","2,139.02","2,139.02","2,071.32","","-1.33%"
"Oct 25, 2000","2,139.54","2,178.11","2,178.33","2,130.96","","-1.94%"
"Oct 24, 2000","2,181.92","2,186.63","2,198.07","2,181.06","","-0.26%"
"Oct 23, 2000","2,187.71","2,208.54","2,211.44","2,187.71","","-0.80%"
"Oct 20, 2000","2,205.30","2,169.49","2,231.05","2,169.49","","+1.94%"
"Oct 19, 2000","2,163.37","2,171.00","2,172.19","2,139.40","","-0.26%"
"Oct 18, 2000","2,168.99","2,224.54","2,224.54","2,154.21","","-2.62%"
"Oct 17, 2000","2,227.25","2,255.30","2,255.30","2,216.99","","-1.21%"
"Oct 16, 2000","2,254.58","2,251.74","2,288.90","2,251.74","","+0.34%"
"Oct 13, 2000","2,246.97","2,255.32","2,255.32","2,189.60","","-0.44%"
"Oct 12, 2000","2,256.79","2,258.44","2,266.55","2,225.68","","-0.38%"
"Oct 11, 2000","2,265.44","2,297.71","2,297.71","2,247.43","","-1.58%"
"Oct 10, 2000","2,301.72","2,334.50","2,334.74","2,294.52","","-1.57%"
"Oct 06, 2000","2,338.50","2,325.97","2,342.97","2,292.82","","+0.65%"
"Oct 05, 2000","2,323.46","2,322.53","2,325.58","2,302.40","","+0.07%"
"Oct 04, 2000","2,321.82","2,317.07","2,323.97","2,266.96","","+0.01%"
"Oct 03, 2000","2,321.70","2,319.59","2,324.16","2,294.55","","-0.09%"
"Oct 02, 2000","2,323.87","2,258.78","2,323.87","2,244.82","","+2.78%"
"Sep 29, 2000","2,260.98","2,213.33","2,280.20","2,213.33","","+2.22%"
"Sep 28, 2000","2,211.92","2,271.40","2,271.40","2,211.92","","-2.87%"
"Sep 27, 2000","2,277.39","2,342.77","2,342.77","2,264.19","","-2.89%"
"Sep 26, 2000","2,345.17","2,342.52","2,359.87","2,341.02","","+0.13%"
"Sep 25, 2000","2,342.03","2,332.36","2,379.16","2,326.34","","+0.58%"
"Sep 22, 2000","2,328.43","2,399.00","2,399.00","2,310.11","","-3.30%"
"Sep 21, 2000","2,408.00","2,397.57","2,414.18","2,372.64","","+0.18%"
"Sep 20, 2000","2,403.66","2,335.20","2,412.30","2,335.20","","+3.28%"
"Sep 19, 2000","2,327.43","2,342.38","2,342.38","2,270.05","","-0.73%"
"Sep 18, 2000","2,344.50","2,367.86","2,367.86","2,328.78","","-1.11%"
"Sep 14, 2000","2,370.88","2,344.67","2,370.88","2,339.23","","+1.31%"
"Sep 13, 2000","2,340.18","2,331.03","2,349.36","2,319.24","","+0.29%"
"Sep 12, 2000","2,333.50","2,346.22","2,349.08","2,320.27","","-0.72%"
"Sep 11, 2000","2,350.44","2,403.56","2,405.49","2,348.54","","-2.34%"
"Sep 08, 2000","2,406.83","2,369.68","2,409.84","2,367.31","","+1.91%"
"Sep 07, 2000","2,361.75","2,349.03","2,367.14","2,325.17","","+0.54%"
"Sep 06, 2000","2,349.07","2,343.93","2,361.37","2,332.49","","-0.10%"
"Sep 05, 2000","2,351.40","2,358.12","2,358.12","2,327.71","","-0.51%"
"Sep 04, 2000","2,363.34","2,366.14","2,382.07","2,358.11","","+0.22%"
"Sep 01, 2000","2,358.09","2,384.56","2,401.82","2,354.97","","-0.85%"
"Aug 31, 2000","2,378.32","2,364.93","2,389.79","2,353.22","","+0.31%"
"Aug 30, 2000","2,370.90","2,401.31","2,402.79","2,367.95","","-1.13%"
"Aug 29, 2000","2,398.11","2,408.12","2,409.02","2,376.38","","-0.24%"
"Aug 28, 2000","2,403.96","2,388.06","2,403.96","2,379.46","","+0.56%"
"Aug 25, 2000","2,390.56","2,355.15","2,390.56","2,339.15","","+1.77%"
"Aug 24, 2000","2,349.07","2,329.35","2,360.24","2,327.67","","+0.63%"
"Aug 23, 2000","2,334.40","2,361.09","2,372.22","2,329.05","","-1.10%"
"Aug 22, 2000","2,360.47","2,335.81","2,360.47","2,314.64","","+1.23%"
"Aug 21, 2000","2,331.87","2,344.77","2,345.71","2,308.06","","-0.69%"
"Aug 18, 2000","2,348.09","2,350.14","2,353.06","2,299.95","","-0.10%"
"Aug 17, 2000","2,350.36","2,417.57","2,417.57","2,331.69","","-2.68%"
"Aug 16, 2000","2,415.18","2,438.70","2,439.57","2,393.30","","-0.71%"
"Aug 15, 2000","2,432.45","2,416.97","2,441.86","2,408.16","","+0.74%"
"Aug 14, 2000","2,414.62","2,396.10","2,418.64","2,393.66","","+0.98%"
"Aug 11, 2000","2,391.22","2,335.87","2,391.22","2,326.74","","+2.37%"
"Aug 10, 2000","2,335.75","2,281.67","2,339.01","2,273.43","","+2.48%"
"Aug 09, 2000","2,279.25","2,202.14","2,279.25","2,189.27","","+3.70%"
"Aug 08, 2000","2,197.93","2,173.43","2,207.22","2,159.79","","+1.19%"
"Aug 07, 2000","2,172.12","2,064.86","2,172.12","2,064.84","","+5.23%"
"Aug 04, 2000","2,064.15","2,127.16","2,132.39","2,064.15","","-2.99%"
"Aug 03, 2000","2,127.67","2,171.87","2,178.37","2,112.43","","-2.10%"
"Aug 02, 2000","2,173.24","2,152.63","2,174.40","2,149.31","","+1.08%"
"Aug 01, 2000","2,149.96","2,085.91","2,149.96","2,082.71","","+3.16%"
"Jul 31, 2000","2,084.20","2,107.20","2,107.20","2,005.68","","-1.08%"
"Jul 28, 2000","2,106.95","2,197.40","2,198.93","2,106.95","","-4.22%"
"Jul 27, 2000","2,199.69","2,255.14","2,255.14","2,175.78","","-2.57%"
"Jul 26, 2000","2,257.66","2,241.40","2,263.41","2,240.04","","+0.81%"
"Jul 25, 2000","2,239.43","2,271.04","2,271.04","2,230.23","","-1.70%"
"Jul 24, 2000","2,278.20","2,316.63","2,317.20","2,247.83","","-1.84%"
"Jul 21, 2000","2,321.00","2,361.56","2,394.25","2,321.00","","-1.76%"
"Jul 19, 2000","2,362.48","2,323.65","2,375.09","2,307.79","","+1.09%"
"Jul 18, 2000","2,337.08","2,380.09","2,388.01","2,333.76","","-1.61%"
"Jul 17, 2000","2,375.39","2,401.52","2,409.70","2,373.25","","-0.87%"
"Jul 14, 2000","2,396.32","2,405.45","2,436.21","2,383.40","","+0.02%"
"Jul 13, 2000","2,395.83","2,435.52","2,437.36","2,392.51","","-1.56%"
"Jul 12, 2000","2,433.86","2,478.27","2,481.66","2,424.61","","-1.64%"
"Jul 11, 2000","2,474.37","2,493.61","2,497.36","2,466.24","","-0.58%"
"Jul 10, 2000","2,488.85","2,483.90","2,514.81","2,478.82","","+0.34%"
"Jul 07, 2000","2,480.54","2,478.06","2,492.38","2,461.71","","+0.37%"
"Jul 06, 2000","2,471.42","2,506.48","2,506.48","2,431.43","","-1.48%"
"Jul 05, 2000","2,508.59","2,529.22","2,529.22","2,485.49","","-0.64%"
"Jul 04, 2000","2,524.79","2,533.69","2,539.19","2,503.96","","+0.13%"
"Jul 03, 2000","2,521.46","2,513.93","2,555.68","2,513.93","","+0.54%"
"Jun 30, 2000","2,507.81","2,509.21","2,526.67","2,481.19","","+0.04%"
"Jun 29, 2000","2,506.86","2,476.68","2,512.59","2,476.68","","+1.83%"
"Jun 28, 2000","2,461.83","2,450.03","2,470.06","2,445.20","","+0.56%"
"Jun 27, 2000","2,448.24","2,417.89","2,459.67","2,417.89","","+1.47%"
"Jun 26, 2000","2,412.85","2,420.77","2,425.44","2,392.79","","-0.24%"
"Jun 23, 2000","2,418.77","2,457.66","2,457.66","2,412.30","","-1.96%"
"Jun 22, 2000","2,467.17","2,515.06","2,533.22","2,453.00","","-1.52%"
"Jun 21, 2000","2,505.36","2,492.63","2,516.59","2,475.45","","+0.62%"
"Jun 20, 2000","2,489.94","2,386.60","2,493.39","2,386.60","","+4.62%"
"Jun 19, 2000","2,379.91","2,336.71","2,379.91","2,336.71","","+2.09%"
"Jun 16, 2000","2,331.09","2,315.06","2,368.13","2,315.06","","+0.69%"
"Jun 15, 2000","2,315.04","2,412.21","2,412.21","2,315.04","","-4.15%"
"Jun 14, 2000","2,415.19","2,425.04","2,452.19","2,333.33","","-0.37%"
"Jun 13, 2000","2,424.09","2,493.60","2,493.60","2,409.40","","-3.31%"
"Jun 12, 2000","2,506.97","2,572.01","2,572.01","2,506.73","","-2.74%"
"Jun 09, 2000","2,577.49","2,612.94","2,612.94","2,569.77","","-1.28%"
"Jun 08, 2000","2,610.96","2,647.81","2,664.79","2,589.09","","-1.22%"
"Jun 07, 2000","2,643.08","2,688.50","2,688.50","2,627.14","","-2.00%"
"Jun 06, 2000","2,697.06","2,664.13","2,723.51","2,651.42","","+1.14%"
"Jun 05, 2000","2,666.59","2,523.49","2,670.52","2,523.49","","+5.81%"
"Jun 02, 2000","2,520.20","2,460.81","2,536.82","2,458.45","","+2.64%"
"Jun 01, 2000","2,455.36","2,448.33","2,455.36","2,424.22","","+0.27%"
"May 31, 2000","2,448.78","2,441.41","2,511.74","2,441.41","","+0.58%"
"May 30, 2000","2,434.72","2,427.77","2,489.55","2,427.77","","+0.34%"
"May 29, 2000","2,426.54","2,374.38","2,452.11","2,374.38","","+2.50%"
"May 26, 2000","2,367.46","2,315.52","2,377.33","2,289.71","","+2.00%"
"May 25, 2000","2,320.94","2,225.18","2,347.52","2,225.18","","+5.04%"
"May 24, 2000","2,209.63","2,315.11","2,315.11","2,158.90","","-5.18%"
"May 23, 2000","2,330.29","2,449.51","2,463.45","2,296.50","","-5.14%"
"May 22, 2000","2,456.68","2,606.90","2,606.90","2,450.38","","-6.28%"
"May 19, 2000","2,621.41","2,700.04","2,700.04","2,584.62","","-3.21%"
"May 18, 2000","2,708.33","2,860.89","2,860.89","2,707.61","","-5.74%"
"May 17, 2000","2,873.25","2,919.01","2,968.97","2,858.04","","-1.24%"
"May 16, 2000","2,909.38","2,835.54","2,914.03","2,835.54","","+2.88%"
"May 15, 2000","2,827.97","2,856.47","2,886.99","2,827.24","","-0.87%"
"May 12, 2000","2,852.65","2,836.21","2,913.26","2,824.23","","+1.14%"
"May 11, 2000","2,820.50","2,972.07","2,972.07","2,806.99","","-5.60%"
"May 10, 2000","2,987.74","3,003.44","3,003.44","2,883.09","","-0.97%"
"May 09, 2000","3,017.05","3,103.48","3,103.48","3,004.38","","-3.04%"
"May 08, 2000","3,111.77","3,157.19","3,200.37","3,110.23","","-1.04%"
"May 02, 2000","3,144.49","3,143.32","3,178.45","3,138.02","","+0.26%"
"May 01, 2000","3,136.18","3,112.90","3,136.18","3,059.64","","+0.78%"
"Apr 28, 2000","3,112.01","3,063.09","3,133.73","3,063.09","","+2.05%"
"Apr 27, 2000","3,049.59","3,096.66","3,113.01","3,049.59","","-1.75%"
"Apr 26, 2000","3,103.99","3,027.40","3,111.21","3,027.40","","+3.05%"
"Apr 25, 2000","3,012.13","2,986.97","3,025.84","2,966.50","","+0.67%"
"Apr 24, 2000","2,992.03","2,897.74","3,030.89","2,897.74","","+3.45%"
"Apr 21, 2000","2,892.24","2,886.94","2,949.73","2,886.94","","+0.66%"
"Apr 20, 2000","2,873.40","2,759.55","2,906.61","2,756.90","","+3.88%"
"Apr 19, 2000","2,765.96","2,656.92","2,773.79","2,656.92","","+4.90%"
"Apr 18, 2000","2,636.78","2,656.14","2,737.41","2,580.26","","-0.19%"
"Apr 17, 2000","2,641.71","2,947.88","2,947.88","2,591.35","","-10.90%"
"Apr 14, 2000","2,964.98","3,041.02","3,041.02","2,956.01","","-2.41%"
"Apr 13, 2000","3,038.33","3,168.99","3,168.99","3,016.65","","-4.71%"
"Apr 12, 2000","3,188.66","3,245.20","3,245.20","3,134.20","","-2.22%"
"Apr 11, 2000","3,261.08","3,299.84","3,322.93","3,256.47","","-1.64%"
"Apr 10, 2000","3,315.34","3,174.27","3,321.79","3,174.27","","+5.22%"
"Apr 07, 2000","3,151.00","3,030.26","3,164.93","3,030.26","","+4.04%"
"Apr 06, 2000","3,028.59","3,111.85","3,155.36","3,026.31","","-2.36%"
"Apr 05, 2000","3,101.67","3,162.66","3,162.66","3,052.75","","-2.37%"
"Apr 04, 2000","3,176.92","3,345.18","3,345.18","3,171.63","","-5.25%"
"Apr 03, 2000","3,353.08","3,432.91","3,434.94","3,333.75","","-3.11%"
"Mar 31, 2000","3,460.73","3,530.04","3,530.04","3,447.54","","-2.63%"
"Mar 30, 2000","3,554.11","3,539.93","3,636.22","3,539.93","","+0.78%"
"Mar 29, 2000","3,526.54","3,337.69","3,539.10","3,337.69","","+6.11%"
"Mar 28, 2000","3,323.39","3,284.80","3,323.39","3,219.84","","+1.01%"
"Mar 27, 2000","3,290.23","3,285.64","3,341.37","3,236.16","","+0.29%"
"Mar 24, 2000","3,280.74","3,280.74","3,280.74","3,280.74","","-3.94%"
"Mar 23, 2000","3,415.31","3,415.31","3,415.31","3,415.31","","-2.05%"
"Mar 22, 2000","3,486.66","3,486.66","3,486.66","3,486.66","","-0.93%"
"Mar 21, 2000","3,519.39","3,519.39","3,519.39","3,519.39","","-0.21%"
"Mar 17, 2000","3,526.82","3,526.82","3,526.82","3,526.82","","+2.99%"
"Mar 16, 2000","3,424.40","3,424.40","3,424.40","3,424.40","","+5.04%"
"Mar 15, 2000","3,260.15","3,260.15","3,260.15","3,260.15","","+4.68%"
"Mar 14, 2000","3,114.30","3,114.30","3,114.30","3,114.30","","+1.38%"
"Mar 13, 2000","3,071.93","3,071.93","3,071.93","3,071.93","","-10.25%"
"Mar 10, 2000","3,422.87","3,422.87","3,422.87","3,422.87","","-4.97%"
"Mar 09, 2000","3,602.03","3,602.03","3,602.03","3,602.03","","-1.50%"
"Mar 08, 2000","3,656.75","3,656.75","3,656.75","3,656.75","","+1.36%"
"Mar 07, 2000","3,607.57","3,607.57","3,607.57","3,607.57","","-0.67%"
"Mar 06, 2000","3,631.97","3,631.97","3,631.97","3,631.97","","-4.40%"
"Mar 03, 2000","3,799.07","3,799.07","3,799.07","3,799.07","","-3.16%"
"Mar 02, 2000","3,923.06","3,923.06","3,923.06","3,923.06","","-1.70%"
"Mar 01, 2000","3,990.73","3,990.73","3,990.73","3,990.73","","-1.30%"
"Feb 29, 2000","4,043.49","4,043.49","4,043.49","4,043.49","","-1.78%"
"Feb 28, 2000","4,116.80","4,116.80","4,116.80","4,116.80","","+1.03%"
"Feb 25, 2000","4,074.78","4,074.78","4,074.78","4,074.78","","+0.41%"
"Feb 24, 2000","4,058.17","4,058.17","4,058.17","4,058.17","","+3.14%"
"Feb 23, 2000","3,934.80","3,934.80","3,934.80","3,934.80","","-1.42%"
"Feb 22, 2000","3,991.65","3,991.65","3,991.65","3,991.65","","-4.90%"
"Feb 21, 2000","4,197.29","4,197.29","4,197.29","4,197.29","","+0.16%"
"Feb 18, 2000","4,190.48","4,190.48","4,190.48","4,190.48","","+2.18%"
"Feb 17, 2000","4,101.20","4,101.20","4,101.20","4,101.20","","+4.09%"
"Feb 16, 2000","3,940.19","3,940.19","3,940.19","3,940.19","","+0.49%"
"Feb 15, 2000","3,920.88","3,920.88","3,920.88","3,920.88","","+0.22%"
"Feb 14, 2000","3,912.19","3,912.19","3,912.19","3,912.19","","+3.50%"
"Feb 10, 2000","3,780.02","3,780.02","3,780.02","3,780.02","","-0.10%"
"Feb 09, 2000","3,783.87","3,783.87","3,783.87","3,783.87","","+3.81%"
"Feb 08, 2000","3,645.01","3,645.01","3,645.01","3,645.01","","+1.53%"
"Feb 07, 2000","3,589.94","3,589.94","3,589.94","3,589.94","","+2.15%"
"Feb 04, 2000","3,514.37","3,514.37","3,514.37","3,514.37","","-0.82%"
"Feb 03, 2000","3,543.60","3,543.60","3,543.60","3,543.60","","+1.23%"
"Feb 02, 2000","3,500.71","3,500.71","3,500.71","3,500.71","","+0.16%"
"Feb 01, 2000","3,494.97","3,494.97","3,494.97","3,494.97","","-0.62%"
"Jan 31, 2000","3,516.82","3,516.82","3,516.82","3,516.82","","+0.31%"
"Jan 28, 2000","3,505.98","3,505.98","3,505.98","3,505.98","","+2.98%"
"Jan 27, 2000","3,404.64","3,404.64","3,404.64","3,404.64","","+0.82%"
"Jan 26, 2000","3,376.86","3,376.86","3,376.86","3,376.86","","+1.41%"
"Jan 25, 2000","3,330.05","3,330.05","3,330.05","3,330.05","","+2.61%"
"Jan 24, 2000","3,245.47","3,245.47","3,245.47","3,245.47","","+3.76%"
"Jan 21, 2000","3,127.80","3,127.80","3,127.80","3,127.80","","-0.95%"
"Jan 20, 2000","3,157.75","3,157.75","3,157.75","3,157.75","","-1.21%"
"Jan 19, 2000","3,196.43","3,196.43","3,196.43","3,196.43","","-5.10%"
"Jan 18, 2000","3,368.24","3,368.24","3,368.24","3,368.24","","-2.15%"
"Jan 17, 2000","3,442.31","3,442.31","3,442.31","3,442.31","","+0.64%"
"Jan 14, 2000","3,420.46","3,420.46","3,420.46","3,420.46","","-3.11%"
"Jan 13, 2000","3,530.32","3,530.32","3,530.32","3,530.32","","-1.64%"
"Jan 12, 2000","3,589.33","3,589.33","3,589.33","3,589.33","","+1.46%"
"Jan 11, 2000","3,537.82","3,537.82","3,537.82","3,537.82","","+8.98%"
"Jan 07, 2000","3,246.22","3,246.22","3,246.22","3,246.22","","-3.19%"
"Jan 06, 2000","3,353.28","3,353.28","3,353.28","3,353.28","","-4.27%"
"Jan 05, 2000","3,502.91","3,502.91","3,502.91","3,502.91","","-7.03%"
"Jan 04, 2000","3,767.96","3,767.96","3,767.96","3,767.96","","+0.68%"
