{
  "decision": "REJECT",
  "reason": "REJECT – GP-Sizing は OOS・コスト控除後でベンチマーク（線形）を上回りません。\n失敗条件:\n  • ネット R/R 未改善: GP=3.275 vs 線形=3.539\n  • 年率リターン不足: GP=49.85% < 線形 × 0.95 = 69.91%\n  • MDD 未改善: GP=-6.72% vs 線形=-6.90% (ドローダウン低減が GP-Sizing の主目的)",
  "failures": [
    "ネット R/R 未改善: GP=3.275 vs 線形=3.539",
    "年率リターン不足: GP=49.85% < 線形 × 0.95 = 69.91%",
    "MDD 未改善: GP=-6.72% vs 線形=-6.90% (ドローダウン低減が GP-Sizing の主目的)"
  ],
  "metrics_linear": {
    "ar": 0.7359024560949393,
    "risk": 0.20792215297065525,
    "rr": 3.5393172183956736,
    "mdd": -0.0690307730129549,
    "sharpe": 3.539317218395674
  },
  "metrics_gp": {
    "ar": 0.49849496704514745,
    "risk": 0.1521934133043635,
    "rr": 3.2754043438675886,
    "mdd": -0.06717399334215846,
    "sharpe": 3.2754043438675877
  },
  "calibration_status": "WARN"
}