level,expected,actual,error
0.8,0.8,0.759751722567052,-0.04024827743294801
0.9,0.9,0.848471043790217,-0.05152895620978304
0.95,0.95,0.8996070838790502,-0.05039291612094976
