AR,RISK,R/R,Sharpe,MDD,Total Return
0.10328377255051532,0.141379280401081,0.7305439117917989,0.730543911791799,-0.3984511654499252,1.9214933993895196
