AR,RISK,R/R,Sharpe,MDD,Total Return
1.4396819702319599,0.28677589085747385,5.020233625383364,5.020233625383364,-0.04867281412293012,3881329.3353040256
