2026-09-20 06:46:01,379 [INFO] GapAdjustedDistribution: Establishing Step 2 output directory: var/results/20260920_structural_completion/r3_capture_gap/20260920_064601
2026-09-20 06:46:01,379 [INFO] GapAdjustedDistribution: Loading config from /Users/shonen/leadlag/configs/production/production.yaml
2026-09-20 06:46:01,379 [INFO] leadlag.execution.config: Loading configuration from /Users/shonen/leadlag/configs/production/production.yaml
2026-09-20 06:46:01,382 [INFO] GapAdjustedDistribution: Baseline IR config: long=5 short=5 gross=2.0 cost_bps=10.0 minvar=True alpha=0.80 mh=True cs=True
2026-09-20 06:46:01,383 [INFO] GapAdjustedDistribution: Loading market data...
2026-09-20 06:46:01,384 [INFO] leadlag.data.fetcher: Loading data from cache (valid)
2026-09-20 06:46:01,443 [WARNING] leadlag.core.market_calendar: No static holiday table for year 2009. Install jpholiday or update market_calendar.py.
2026-09-20 06:46:01,443 [WARNING] leadlag.core.market_calendar: No static holiday table for year 2009. Install jpholiday or update market_calendar.py.
2026-09-20 06:46:01,444 [WARNING] leadlag.core.market_calendar: No static holiday table for year 2009. Install jpholiday or update market_calendar.py.
2026-09-20 06:46:01,444 [WARNING] leadlag.core.market_calendar: No static holiday table for year 2009. Install jpholiday or update market_calendar.py.
2026-09-20 06:46:01,444 [WARNING] leadlag.core.market_calendar: No static holiday table for year 2009. Install jpholiday or update market_calendar.py.
2026-09-20 06:46:01,444 [WARNING] leadlag.core.market_calendar: No static holiday table for year 2009. Install jpholiday or update market_calendar.py.
2026-09-20 06:46:01,444 [WARNING] leadlag.core.market_calendar: No static holiday table for year 2009. Install jpholiday or update market_calendar.py.
2026-09-20 06:46:01,444 [WARNING] leadlag.core.market_calendar: No static holiday table for year 2009. Install jpholiday or update market_calendar.py.
2026-09-20 06:46:01,445 [WARNING] leadlag.core.market_calendar: No static holiday table for year 2009. Install jpholiday or update market_calendar.py.
2026-09-20 06:46:01,445 [WARNING] leadlag.core.market_calendar: No static holiday table for year 2009. Install jpholiday or update market_calendar.py.
2026-09-20 06:46:01,445 [WARNING] leadlag.core.market_calendar: No static holiday table for year 2009. Install jpholiday or update market_calendar.py.
2026-09-20 06:46:01,445 [WARNING] leadlag.core.market_calendar: No static holiday table for year 2009. Install jpholiday or update market_calendar.py.
2026-09-20 06:46:01,445 [WARNING] leadlag.core.market_calendar: No static holiday table for year 2009. Install jpholiday or update market_calendar.py.
2026-09-20 06:46:01,446 [WARNING] leadlag.core.market_calendar: No static holiday table for year 2009. Install jpholiday or update market_calendar.py.
2026-09-20 06:46:01,446 [WARNING] leadlag.core.market_calendar: No static holiday table for year 2009. Install jpholiday or update market_calendar.py.
2026-09-20 06:46:01,446 [WARNING] leadlag.core.market_calendar: No static holiday table for year 2009. Install jpholiday or update market_calendar.py.
2026-09-20 06:46:01,446 [WARNING] leadlag.core.market_calendar: No static holiday table for year 2009. Install jpholiday or update market_calendar.py.
2026-09-20 06:46:01,446 [WARNING] leadlag.core.market_calendar: No static holiday table for year 2009. Install jpholiday or update market_calendar.py.
2026-09-20 06:46:01,446 [WARNING] leadlag.core.market_calendar: No static holiday table for year 2009. Install jpholiday or update market_calendar.py.
2026-09-20 06:46:01,446 [WARNING] leadlag.core.market_calendar: No static holiday table for year 2009. Install jpholiday or update market_calendar.py.
2026-09-20 06:46:01,447 [WARNING] leadlag.core.market_calendar: No static holiday table for year 2009. Install jpholiday or update market_calendar.py.
2026-09-20 06:46:01,447 [WARNING] leadlag.core.market_calendar: No static holiday table for year 2009. Install jpholiday or update market_calendar.py.
2026-09-20 06:46:01,447 [WARNING] leadlag.core.market_calendar: No static holiday table for year 2009. Install jpholiday or update market_calendar.py.
2026-09-20 06:46:01,447 [WARNING] leadlag.core.market_calendar: No static holiday table for year 2009. Install jpholiday or update market_calendar.py.
2026-09-20 06:46:01,447 [WARNING] leadlag.core.market_calendar: No static holiday table for year 2009. Install jpholiday or update market_calendar.py.
2026-09-20 06:46:01,447 [WARNING] leadlag.core.market_calendar: No static holiday table for year 2009. Install jpholiday or update market_calendar.py.
2026-09-20 06:46:01,447 [WARNING] leadlag.core.market_calendar: No static holiday table for year 2009. Install jpholiday or update market_calendar.py.
2026-09-20 06:46:01,447 [WARNING] leadlag.core.market_calendar: No static holiday table for year 2009. Install jpholiday or update market_calendar.py.
2026-09-20 06:46:01,448 [WARNING] leadlag.core.market_calendar: No static holiday table for year 2009. Install jpholiday or update market_calendar.py.
2026-09-20 06:46:01,448 [WARNING] leadlag.core.market_calendar: No static holiday table for year 2009. Install jpholiday or update market_calendar.py.
2026-09-20 06:46:01,448 [WARNING] leadlag.core.market_calendar: No static holiday table for year 2009. Install jpholiday or update market_calendar.py.
2026-09-20 06:46:01,448 [WARNING] leadlag.core.market_calendar: No static holiday table for year 2009. Install jpholiday or update market_calendar.py.
2026-09-20 06:46:01,448 [WARNING] leadlag.core.market_calendar: No static holiday table for year 2009. Install jpholiday or update market_calendar.py.
2026-09-20 06:46:01,448 [WARNING] leadlag.core.market_calendar: No static holiday table for year 2009. Install jpholiday or update market_calendar.py.
2026-09-20 06:46:01,448 [WARNING] leadlag.core.market_calendar: No static holiday table for year 2009. Install jpholiday or update market_calendar.py.
2026-09-20 06:46:01,449 [WARNING] leadlag.core.market_calendar: No static holiday table for year 2009. Install jpholiday or update market_calendar.py.
2026-09-20 06:46:01,449 [WARNING] leadlag.core.market_calendar: No static holiday table for year 2009. Install jpholiday or update market_calendar.py.
2026-09-20 06:46:01,449 [WARNING] leadlag.core.market_calendar: No static holiday table for year 2009. Install jpholiday or update market_calendar.py.
2026-09-20 06:46:01,449 [WARNING] leadlag.core.market_calendar: No static holiday table for year 2009. Install jpholiday or update market_calendar.py.
2026-09-20 06:46:01,449 [WARNING] leadlag.core.market_calendar: No static holiday table for year 2009. Install jpholiday or update market_calendar.py.
2026-09-20 06:46:01,449 [WARNING] leadlag.core.market_calendar: No static holiday table for year 2009. Install jpholiday or update market_calendar.py.
2026-09-20 06:46:01,450 [WARNING] leadlag.core.market_calendar: No static holiday table for year 2009. Install jpholiday or update market_calendar.py.
2026-09-20 06:46:01,450 [WARNING] leadlag.core.market_calendar: No static holiday table for year 2009. Install jpholiday or update market_calendar.py.
2026-09-20 06:46:01,450 [WARNING] leadlag.core.market_calendar: No static holiday table for year 2009. Install jpholiday or update market_calendar.py.
2026-09-20 06:46:01,450 [WARNING] leadlag.core.market_calendar: No static holiday table for year 2009. Install jpholiday or update market_calendar.py.
2026-09-20 06:46:01,450 [WARNING] leadlag.core.market_calendar: No static holiday table for year 2009. Install jpholiday or update market_calendar.py.
2026-09-20 06:46:01,451 [WARNING] leadlag.core.market_calendar: No static holiday table for year 2009. Install jpholiday or update market_calendar.py.
2026-09-20 06:46:01,451 [WARNING] leadlag.core.market_calendar: No static holiday table for year 2009. Install jpholiday or update market_calendar.py.
2026-09-20 06:46:01,451 [WARNING] leadlag.core.market_calendar: No static holiday table for year 2009. Install jpholiday or update market_calendar.py.
2026-09-20 06:46:01,451 [WARNING] leadlag.core.market_calendar: No static holiday table for year 2009. Install jpholiday or update market_calendar.py.
2026-09-20 06:46:01,451 [WARNING] leadlag.core.market_calendar: No static holiday table for year 2009. Install jpholiday or update market_calendar.py.
2026-09-20 06:46:01,452 [WARNING] leadlag.core.market_calendar: No static holiday table for year 2009. Install jpholiday or update market_calendar.py.
2026-09-20 06:46:01,452 [WARNING] leadlag.core.market_calendar: No static holiday table for year 2009. Install jpholiday or update market_calendar.py.
2026-09-20 06:46:01,452 [WARNING] leadlag.core.market_calendar: No static holiday table for year 2009. Install jpholiday or update market_calendar.py.
2026-09-20 06:46:01,452 [WARNING] leadlag.core.market_calendar: No static holiday table for year 2009. Install jpholiday or update market_calendar.py.
2026-09-20 06:46:01,452 [WARNING] leadlag.core.market_calendar: No static holiday table for year 2009. Install jpholiday or update market_calendar.py.
2026-09-20 06:46:01,452 [WARNING] leadlag.core.market_calendar: No static holiday table for year 2009. Install jpholiday or update market_calendar.py.
2026-09-20 06:46:01,453 [WARNING] leadlag.core.market_calendar: No static holiday table for year 2009. Install jpholiday or update market_calendar.py.
2026-09-20 06:46:01,453 [WARNING] leadlag.core.market_calendar: No static holiday table for year 2009. Install jpholiday or update market_calendar.py.
2026-09-20 06:46:01,453 [WARNING] leadlag.core.market_calendar: No static holiday table for year 2009. Install jpholiday or update market_calendar.py.
2026-09-20 06:46:01,453 [WARNING] leadlag.core.market_calendar: No static holiday table for year 2009. Install jpholiday or update market_calendar.py.
2026-09-20 06:46:01,453 [WARNING] leadlag.core.market_calendar: No static holiday table for year 2009. Install jpholiday or update market_calendar.py.
2026-09-20 06:46:01,453 [WARNING] leadlag.core.market_calendar: No static holiday table for year 2009. Install jpholiday or update market_calendar.py.
2026-09-20 06:46:01,453 [WARNING] leadlag.core.market_calendar: No static holiday table for year 2009. Install jpholiday or update market_calendar.py.
2026-09-20 06:46:01,454 [WARNING] leadlag.core.market_calendar: No static holiday table for year 2009. Install jpholiday or update market_calendar.py.
2026-09-20 06:46:01,454 [WARNING] leadlag.core.market_calendar: No static holiday table for year 2009. Install jpholiday or update market_calendar.py.
2026-09-20 06:46:01,454 [WARNING] leadlag.core.market_calendar: No static holiday table for year 2009. Install jpholiday or update market_calendar.py.
2026-09-20 06:46:01,454 [WARNING] leadlag.core.market_calendar: No static holiday table for year 2009. Install jpholiday or update market_calendar.py.
2026-09-20 06:46:01,454 [WARNING] leadlag.core.market_calendar: No static holiday table for year 2009. Install jpholiday or update market_calendar.py.
2026-09-20 06:46:01,454 [WARNING] leadlag.core.market_calendar: No static holiday table for year 2009. Install jpholiday or update market_calendar.py.
2026-09-20 06:46:01,454 [WARNING] leadlag.core.market_calendar: No static holiday table for year 2009. Install jpholiday or update market_calendar.py.
2026-09-20 06:46:01,454 [WARNING] leadlag.core.market_calendar: No static holiday table for year 2009. Install jpholiday or update market_calendar.py.
2026-09-20 06:46:01,455 [WARNING] leadlag.core.market_calendar: No static holiday table for year 2009. Install jpholiday or update market_calendar.py.
2026-09-20 06:46:01,455 [WARNING] leadlag.core.market_calendar: No static holiday table for year 2009. Install jpholiday or update market_calendar.py.
2026-09-20 06:46:01,455 [WARNING] leadlag.core.market_calendar: No static holiday table for year 2009. Install jpholiday or update market_calendar.py.
2026-09-20 06:46:01,455 [WARNING] leadlag.core.market_calendar: No static holiday table for year 2009. Install jpholiday or update market_calendar.py.
2026-09-20 06:46:01,455 [WARNING] leadlag.core.market_calendar: No static holiday table for year 2009. Install jpholiday or update market_calendar.py.
2026-09-20 06:46:01,455 [WARNING] leadlag.core.market_calendar: No static holiday table for year 2009. Install jpholiday or update market_calendar.py.
2026-09-20 06:46:01,455 [WARNING] leadlag.core.market_calendar: No static holiday table for year 2009. Install jpholiday or update market_calendar.py.
2026-09-20 06:46:01,456 [WARNING] leadlag.core.market_calendar: No static holiday table for year 2009. Install jpholiday or update market_calendar.py.
2026-09-20 06:46:01,456 [WARNING] leadlag.core.market_calendar: No static holiday table for year 2009. Install jpholiday or update market_calendar.py.
2026-09-20 06:46:01,456 [WARNING] leadlag.core.market_calendar: No static holiday table for year 2009. Install jpholiday or update market_calendar.py.
2026-09-20 06:46:01,456 [WARNING] leadlag.core.market_calendar: No static holiday table for year 2009. Install jpholiday or update market_calendar.py.
2026-09-20 06:46:01,456 [WARNING] leadlag.core.market_calendar: No static holiday table for year 2009. Install jpholiday or update market_calendar.py.
2026-09-20 06:46:01,456 [WARNING] leadlag.core.market_calendar: No static holiday table for year 2009. Install jpholiday or update market_calendar.py.
2026-09-20 06:46:01,456 [WARNING] leadlag.core.market_calendar: No static holiday table for year 2009. Install jpholiday or update market_calendar.py.
2026-09-20 06:46:01,456 [WARNING] leadlag.core.market_calendar: No static holiday table for year 2009. Install jpholiday or update market_calendar.py.
2026-09-20 06:46:01,457 [WARNING] leadlag.core.market_calendar: No static holiday table for year 2009. Install jpholiday or update market_calendar.py.
2026-09-20 06:46:01,457 [WARNING] leadlag.core.market_calendar: No static holiday table for year 2009. Install jpholiday or update market_calendar.py.
2026-09-20 06:46:01,457 [WARNING] leadlag.core.market_calendar: No static holiday table for year 2009. Install jpholiday or update market_calendar.py.
2026-09-20 06:46:01,457 [WARNING] leadlag.core.market_calendar: No static holiday table for year 2009. Install jpholiday or update market_calendar.py.
2026-09-20 06:46:01,457 [WARNING] leadlag.core.market_calendar: No static holiday table for year 2009. Install jpholiday or update market_calendar.py.
2026-09-20 06:46:01,457 [WARNING] leadlag.core.market_calendar: No static holiday table for year 2009. Install jpholiday or update market_calendar.py.
2026-09-20 06:46:01,457 [WARNING] leadlag.core.market_calendar: No static holiday table for year 2009. Install jpholiday or update market_calendar.py.
2026-09-20 06:46:01,458 [WARNING] leadlag.core.market_calendar: No static holiday table for year 2009. Install jpholiday or update market_calendar.py.
2026-09-20 06:46:01,458 [WARNING] leadlag.core.market_calendar: No static holiday table for year 2009. Install jpholiday or update market_calendar.py.
2026-09-20 06:46:01,458 [WARNING] leadlag.core.market_calendar: No static holiday table for year 2009. Install jpholiday or update market_calendar.py.
2026-09-20 06:46:01,458 [WARNING] leadlag.core.market_calendar: No static holiday table for year 2009. Install jpholiday or update market_calendar.py.
2026-09-20 06:46:01,458 [WARNING] leadlag.core.market_calendar: No static holiday table for year 2009. Install jpholiday or update market_calendar.py.
2026-09-20 06:46:01,458 [WARNING] leadlag.core.market_calendar: No static holiday table for year 2009. Install jpholiday or update market_calendar.py.
2026-09-20 06:46:01,458 [WARNING] leadlag.core.market_calendar: No static holiday table for year 2009. Install jpholiday or update market_calendar.py.
2026-09-20 06:46:01,458 [WARNING] leadlag.core.market_calendar: No static holiday table for year 2009. Install jpholiday or update market_calendar.py.
2026-09-20 06:46:01,459 [WARNING] leadlag.core.market_calendar: No static holiday table for year 2009. Install jpholiday or update market_calendar.py.
2026-09-20 06:46:01,459 [WARNING] leadlag.core.market_calendar: No static holiday table for year 2009. Install jpholiday or update market_calendar.py.
2026-09-20 06:46:01,459 [WARNING] leadlag.core.market_calendar: No static holiday table for year 2009. Install jpholiday or update market_calendar.py.
2026-09-20 06:46:01,459 [WARNING] leadlag.core.market_calendar: No static holiday table for year 2009. Install jpholiday or update market_calendar.py.
2026-09-20 06:46:01,459 [WARNING] leadlag.core.market_calendar: No static holiday table for year 2009. Install jpholiday or update market_calendar.py.
2026-09-20 06:46:01,459 [WARNING] leadlag.core.market_calendar: No static holiday table for year 2009. Install jpholiday or update market_calendar.py.
2026-09-20 06:46:01,459 [WARNING] leadlag.core.market_calendar: No static holiday table for year 2009. Install jpholiday or update market_calendar.py.
2026-09-20 06:46:01,460 [WARNING] leadlag.core.market_calendar: No static holiday table for year 2009. Install jpholiday or update market_calendar.py.
2026-09-20 06:46:01,460 [WARNING] leadlag.core.market_calendar: No static holiday table for year 2009. Install jpholiday or update market_calendar.py.
2026-09-20 06:46:01,460 [WARNING] leadlag.core.market_calendar: No static holiday table for year 2009. Install jpholiday or update market_calendar.py.
2026-09-20 06:46:01,460 [WARNING] leadlag.core.market_calendar: No static holiday table for year 2009. Install jpholiday or update market_calendar.py.
2026-09-20 06:46:01,460 [WARNING] leadlag.core.market_calendar: No static holiday table for year 2009. Install jpholiday or update market_calendar.py.
2026-09-20 06:46:01,460 [WARNING] leadlag.core.market_calendar: No static holiday table for year 2009. Install jpholiday or update market_calendar.py.
2026-09-20 06:46:01,460 [WARNING] leadlag.core.market_calendar: No static holiday table for year 2009. Install jpholiday or update market_calendar.py.
2026-09-20 06:46:01,460 [WARNING] leadlag.core.market_calendar: No static holiday table for year 2009. Install jpholiday or update market_calendar.py.
2026-09-20 06:46:01,461 [WARNING] leadlag.core.market_calendar: No static holiday table for year 2009. Install jpholiday or update market_calendar.py.
2026-09-20 06:46:01,461 [WARNING] leadlag.core.market_calendar: No static holiday table for year 2009. Install jpholiday or update market_calendar.py.
2026-09-20 06:46:01,461 [WARNING] leadlag.core.market_calendar: No static holiday table for year 2009. Install jpholiday or update market_calendar.py.
2026-09-20 06:46:01,461 [WARNING] leadlag.core.market_calendar: No static holiday table for year 2009. Install jpholiday or update market_calendar.py.
2026-09-20 06:46:01,461 [WARNING] leadlag.core.market_calendar: No static holiday table for year 2009. Install jpholiday or update market_calendar.py.
2026-09-20 06:46:01,462 [WARNING] leadlag.core.market_calendar: No static holiday table for year 2009. Install jpholiday or update market_calendar.py.
2026-09-20 06:46:01,462 [WARNING] leadlag.core.market_calendar: No static holiday table for year 2009. Install jpholiday or update market_calendar.py.
2026-09-20 06:46:01,462 [WARNING] leadlag.core.market_calendar: No static holiday table for year 2009. Install jpholiday or update market_calendar.py.
2026-09-20 06:46:01,463 [WARNING] leadlag.core.market_calendar: No static holiday table for year 2009. Install jpholiday or update market_calendar.py.
2026-09-20 06:46:01,463 [WARNING] leadlag.core.market_calendar: No static holiday table for year 2009. Install jpholiday or update market_calendar.py.
2026-09-20 06:46:01,463 [WARNING] leadlag.core.market_calendar: No static holiday table for year 2009. Install jpholiday or update market_calendar.py.
2026-09-20 06:46:01,463 [WARNING] leadlag.core.market_calendar: No static holiday table for year 2009. Install jpholiday or update market_calendar.py.
2026-09-20 06:46:01,463 [WARNING] leadlag.core.market_calendar: No static holiday table for year 2009. Install jpholiday or update market_calendar.py.
2026-09-20 06:46:01,464 [WARNING] leadlag.core.market_calendar: No static holiday table for year 2009. Install jpholiday or update market_calendar.py.
2026-09-20 06:46:01,464 [WARNING] leadlag.core.market_calendar: No static holiday table for year 2009. Install jpholiday or update market_calendar.py.
2026-09-20 06:46:01,464 [WARNING] leadlag.core.market_calendar: No static holiday table for year 2009. Install jpholiday or update market_calendar.py.
2026-09-20 06:46:01,464 [WARNING] leadlag.core.market_calendar: No static holiday table for year 2009. Install jpholiday or update market_calendar.py.
2026-09-20 06:46:01,464 [WARNING] leadlag.core.market_calendar: No static holiday table for year 2009. Install jpholiday or update market_calendar.py.
2026-09-20 06:46:01,464 [WARNING] leadlag.core.market_calendar: No static holiday table for year 2009. Install jpholiday or update market_calendar.py.
2026-09-20 06:46:01,465 [WARNING] leadlag.core.market_calendar: No static holiday table for year 2009. Install jpholiday or update market_calendar.py.
2026-09-20 06:46:01,465 [WARNING] leadlag.core.market_calendar: No static holiday table for year 2009. Install jpholiday or update market_calendar.py.
2026-09-20 06:46:01,465 [WARNING] leadlag.core.market_calendar: No static holiday table for year 2009. Install jpholiday or update market_calendar.py.
2026-09-20 06:46:01,465 [WARNING] leadlag.core.market_calendar: No static holiday table for year 2009. Install jpholiday or update market_calendar.py.
2026-09-20 06:46:01,465 [WARNING] leadlag.core.market_calendar: No static holiday table for year 2009. Install jpholiday or update market_calendar.py.
2026-09-20 06:46:01,465 [WARNING] leadlag.core.market_calendar: No static holiday table for year 2009. Install jpholiday or update market_calendar.py.
2026-09-20 06:46:01,465 [WARNING] leadlag.core.market_calendar: No static holiday table for year 2009. Install jpholiday or update market_calendar.py.
2026-09-20 06:46:01,466 [WARNING] leadlag.core.market_calendar: No static holiday table for year 2009. Install jpholiday or update market_calendar.py.
2026-09-20 06:46:01,466 [WARNING] leadlag.core.market_calendar: No static holiday table for year 2009. Install jpholiday or update market_calendar.py.
2026-09-20 06:46:01,466 [WARNING] leadlag.core.market_calendar: No static holiday table for year 2009. Install jpholiday or update market_calendar.py.
2026-09-20 06:46:01,466 [WARNING] leadlag.core.market_calendar: No static holiday table for year 2009. Install jpholiday or update market_calendar.py.
2026-09-20 06:46:01,466 [WARNING] leadlag.core.market_calendar: No static holiday table for year 2009. Install jpholiday or update market_calendar.py.
2026-09-20 06:46:01,466 [WARNING] leadlag.core.market_calendar: No static holiday table for year 2009. Install jpholiday or update market_calendar.py.
2026-09-20 06:46:01,466 [WARNING] leadlag.core.market_calendar: No static holiday table for year 2009. Install jpholiday or update market_calendar.py.
2026-09-20 06:46:01,467 [WARNING] leadlag.core.market_calendar: No static holiday table for year 2009. Install jpholiday or update market_calendar.py.
2026-09-20 06:46:01,467 [WARNING] leadlag.core.market_calendar: No static holiday table for year 2009. Install jpholiday or update market_calendar.py.
2026-09-20 06:46:01,467 [WARNING] leadlag.core.market_calendar: No static holiday table for year 2009. Install jpholiday or update market_calendar.py.
2026-09-20 06:46:01,467 [WARNING] leadlag.core.market_calendar: No static holiday table for year 2009. Install jpholiday or update market_calendar.py.
2026-09-20 06:46:01,467 [WARNING] leadlag.core.market_calendar: No static holiday table for year 2009. Install jpholiday or update market_calendar.py.
2026-09-20 06:46:01,467 [WARNING] leadlag.core.market_calendar: No static holiday table for year 2009. Install jpholiday or update market_calendar.py.
2026-09-20 06:46:01,467 [WARNING] leadlag.core.market_calendar: No static holiday table for year 2009. Install jpholiday or update market_calendar.py.
2026-09-20 06:46:01,468 [WARNING] leadlag.core.market_calendar: No static holiday table for year 2009. Install jpholiday or update market_calendar.py.
2026-09-20 06:46:01,468 [WARNING] leadlag.core.market_calendar: No static holiday table for year 2009. Install jpholiday or update market_calendar.py.
2026-09-20 06:46:01,468 [WARNING] leadlag.core.market_calendar: No static holiday table for year 2009. Install jpholiday or update market_calendar.py.
2026-09-20 06:46:01,468 [WARNING] leadlag.core.market_calendar: No static holiday table for year 2009. Install jpholiday or update market_calendar.py.
2026-09-20 06:46:01,468 [WARNING] leadlag.core.market_calendar: No static holiday table for year 2009. Install jpholiday or update market_calendar.py.
2026-09-20 06:46:01,468 [WARNING] leadlag.core.market_calendar: No static holiday table for year 2009. Install jpholiday or update market_calendar.py.
2026-09-20 06:46:01,468 [WARNING] leadlag.core.market_calendar: No static holiday table for year 2009. Install jpholiday or update market_calendar.py.
2026-09-20 06:46:01,469 [WARNING] leadlag.core.market_calendar: No static holiday table for year 2009. Install jpholiday or update market_calendar.py.
2026-09-20 06:46:01,469 [WARNING] leadlag.core.market_calendar: No static holiday table for year 2009. Install jpholiday or update market_calendar.py.
2026-09-20 06:46:01,469 [WARNING] leadlag.core.market_calendar: No static holiday table for year 2009. Install jpholiday or update market_calendar.py.
2026-09-20 06:46:01,469 [WARNING] leadlag.core.market_calendar: No static holiday table for year 2009. Install jpholiday or update market_calendar.py.
2026-09-20 06:46:01,469 [WARNING] leadlag.core.market_calendar: No static holiday table for year 2009. Install jpholiday or update market_calendar.py.
2026-09-20 06:46:01,470 [WARNING] leadlag.core.market_calendar: No static holiday table for year 2009. Install jpholiday or update market_calendar.py.
2026-09-20 06:46:01,470 [WARNING] leadlag.core.market_calendar: No static holiday table for year 2009. Install jpholiday or update market_calendar.py.
2026-09-20 06:46:01,470 [WARNING] leadlag.core.market_calendar: No static holiday table for year 2009. Install jpholiday or update market_calendar.py.
2026-09-20 06:46:01,470 [WARNING] leadlag.core.market_calendar: No static holiday table for year 2009. Install jpholiday or update market_calendar.py.
2026-09-20 06:46:01,471 [WARNING] leadlag.core.market_calendar: No static holiday table for year 2009. Install jpholiday or update market_calendar.py.
2026-09-20 06:46:01,471 [WARNING] leadlag.core.market_calendar: No static holiday table for year 2009. Install jpholiday or update market_calendar.py.
2026-09-20 06:46:01,471 [WARNING] leadlag.core.market_calendar: No static holiday table for year 2009. Install jpholiday or update market_calendar.py.
2026-09-20 06:46:01,471 [WARNING] leadlag.core.market_calendar: No static holiday table for year 2009. Install jpholiday or update market_calendar.py.
2026-09-20 06:46:01,471 [WARNING] leadlag.core.market_calendar: No static holiday table for year 2009. Install jpholiday or update market_calendar.py.
2026-09-20 06:46:01,472 [WARNING] leadlag.core.market_calendar: No static holiday table for year 2009. Install jpholiday or update market_calendar.py.
2026-09-20 06:46:01,472 [WARNING] leadlag.core.market_calendar: No static holiday table for year 2009. Install jpholiday or update market_calendar.py.
2026-09-20 06:46:01,472 [WARNING] leadlag.core.market_calendar: No static holiday table for year 2009. Install jpholiday or update market_calendar.py.
2026-09-20 06:46:01,472 [WARNING] leadlag.core.market_calendar: No static holiday table for year 2009. Install jpholiday or update market_calendar.py.
2026-09-20 06:46:01,472 [WARNING] leadlag.core.market_calendar: No static holiday table for year 2009. Install jpholiday or update market_calendar.py.
2026-09-20 06:46:01,472 [WARNING] leadlag.core.market_calendar: No static holiday table for year 2009. Install jpholiday or update market_calendar.py.
2026-09-20 06:46:01,473 [WARNING] leadlag.core.market_calendar: No static holiday table for year 2009. Install jpholiday or update market_calendar.py.
2026-09-20 06:46:01,473 [WARNING] leadlag.core.market_calendar: No static holiday table for year 2009. Install jpholiday or update market_calendar.py.
2026-09-20 06:46:01,473 [WARNING] leadlag.core.market_calendar: No static holiday table for year 2009. Install jpholiday or update market_calendar.py.
2026-09-20 06:46:01,473 [WARNING] leadlag.core.market_calendar: No static holiday table for year 2009. Install jpholiday or update market_calendar.py.
2026-09-20 06:46:01,473 [WARNING] leadlag.core.market_calendar: No static holiday table for year 2009. Install jpholiday or update market_calendar.py.
2026-09-20 06:46:01,473 [WARNING] leadlag.core.market_calendar: No static holiday table for year 2009. Install jpholiday or update market_calendar.py.
2026-09-20 06:46:01,474 [WARNING] leadlag.core.market_calendar: No static holiday table for year 2009. Install jpholiday or update market_calendar.py.
2026-09-20 06:46:01,474 [WARNING] leadlag.core.market_calendar: No static holiday table for year 2009. Install jpholiday or update market_calendar.py.
2026-09-20 06:46:01,474 [WARNING] leadlag.core.market_calendar: No static holiday table for year 2009. Install jpholiday or update market_calendar.py.
2026-09-20 06:46:01,474 [WARNING] leadlag.core.market_calendar: No static holiday table for year 2009. Install jpholiday or update market_calendar.py.
2026-09-20 06:46:01,474 [WARNING] leadlag.core.market_calendar: No static holiday table for year 2009. Install jpholiday or update market_calendar.py.
2026-09-20 06:46:01,474 [WARNING] leadlag.core.market_calendar: No static holiday table for year 2009. Install jpholiday or update market_calendar.py.
2026-09-20 06:46:01,475 [WARNING] leadlag.core.market_calendar: No static holiday table for year 2009. Install jpholiday or update market_calendar.py.
2026-09-20 06:46:01,475 [WARNING] leadlag.core.market_calendar: No static holiday table for year 2009. Install jpholiday or update market_calendar.py.
2026-09-20 06:46:01,475 [WARNING] leadlag.core.market_calendar: No static holiday table for year 2009. Install jpholiday or update market_calendar.py.
2026-09-20 06:46:01,475 [WARNING] leadlag.core.market_calendar: No static holiday table for year 2009. Install jpholiday or update market_calendar.py.
2026-09-20 06:46:01,475 [WARNING] leadlag.core.market_calendar: No static holiday table for year 2009. Install jpholiday or update market_calendar.py.
2026-09-20 06:46:01,475 [WARNING] leadlag.core.market_calendar: No static holiday table for year 2009. Install jpholiday or update market_calendar.py.
2026-09-20 06:46:01,475 [WARNING] leadlag.core.market_calendar: No static holiday table for year 2009. Install jpholiday or update market_calendar.py.
2026-09-20 06:46:01,476 [WARNING] leadlag.core.market_calendar: No static holiday table for year 2009. Install jpholiday or update market_calendar.py.
2026-09-20 06:46:01,476 [WARNING] leadlag.core.market_calendar: No static holiday table for year 2009. Install jpholiday or update market_calendar.py.
2026-09-20 06:46:01,476 [WARNING] leadlag.core.market_calendar: No static holiday table for year 2009. Install jpholiday or update market_calendar.py.
2026-09-20 06:46:01,476 [WARNING] leadlag.core.market_calendar: No static holiday table for year 2009. Install jpholiday or update market_calendar.py.
2026-09-20 06:46:01,476 [WARNING] leadlag.core.market_calendar: No static holiday table for year 2009. Install jpholiday or update market_calendar.py.
2026-09-20 06:46:01,476 [WARNING] leadlag.core.market_calendar: No static holiday table for year 2009. Install jpholiday or update market_calendar.py.
2026-09-20 06:46:01,476 [WARNING] leadlag.core.market_calendar: No static holiday table for year 2009. Install jpholiday or update market_calendar.py.
2026-09-20 06:46:01,477 [WARNING] leadlag.core.market_calendar: No static holiday table for year 2009. Install jpholiday or update market_calendar.py.
2026-09-20 06:46:01,477 [WARNING] leadlag.core.market_calendar: No static holiday table for year 2009. Install jpholiday or update market_calendar.py.
2026-09-20 06:46:01,477 [WARNING] leadlag.core.market_calendar: No static holiday table for year 2009. Install jpholiday or update market_calendar.py.
2026-09-20 06:46:01,477 [WARNING] leadlag.core.market_calendar: No static holiday table for year 2009. Install jpholiday or update market_calendar.py.
2026-09-20 06:46:01,477 [WARNING] leadlag.core.market_calendar: No static holiday table for year 2009. Install jpholiday or update market_calendar.py.
2026-09-20 06:46:01,477 [WARNING] leadlag.core.market_calendar: No static holiday table for year 2009. Install jpholiday or update market_calendar.py.
2026-09-20 06:46:01,477 [WARNING] leadlag.core.market_calendar: No static holiday table for year 2009. Install jpholiday or update market_calendar.py.
2026-09-20 06:46:01,478 [WARNING] leadlag.core.market_calendar: No static holiday table for year 2009. Install jpholiday or update market_calendar.py.
2026-09-20 06:46:01,478 [WARNING] leadlag.core.market_calendar: No static holiday table for year 2009. Install jpholiday or update market_calendar.py.
2026-09-20 06:46:01,478 [WARNING] leadlag.core.market_calendar: No static holiday table for year 2009. Install jpholiday or update market_calendar.py.
2026-09-20 06:46:01,478 [WARNING] leadlag.core.market_calendar: No static holiday table for year 2009. Install jpholiday or update market_calendar.py.
2026-09-20 06:46:01,478 [WARNING] leadlag.core.market_calendar: No static holiday table for year 2009. Install jpholiday or update market_calendar.py.
2026-09-20 06:46:01,478 [WARNING] leadlag.core.market_calendar: No static holiday table for year 2009. Install jpholiday or update market_calendar.py.
2026-09-20 06:46:01,479 [WARNING] leadlag.core.market_calendar: No static holiday table for year 2009. Install jpholiday or update market_calendar.py.
2026-09-20 06:46:01,479 [WARNING] leadlag.core.market_calendar: No static holiday table for year 2009. Install jpholiday or update market_calendar.py.
2026-09-20 06:46:01,479 [WARNING] leadlag.core.market_calendar: No static holiday table for year 2009. Install jpholiday or update market_calendar.py.
2026-09-20 06:46:01,479 [WARNING] leadlag.core.market_calendar: No static holiday table for year 2009. Install jpholiday or update market_calendar.py.
2026-09-20 06:46:01,479 [WARNING] leadlag.core.market_calendar: No static holiday table for year 2009. Install jpholiday or update market_calendar.py.
2026-09-20 06:46:01,479 [WARNING] leadlag.core.market_calendar: No static holiday table for year 2009. Install jpholiday or update market_calendar.py.
2026-09-20 06:46:01,479 [WARNING] leadlag.core.market_calendar: No static holiday table for year 2009. Install jpholiday or update market_calendar.py.
2026-09-20 06:46:01,480 [WARNING] leadlag.core.market_calendar: No static holiday table for year 2009. Install jpholiday or update market_calendar.py.
2026-09-20 06:46:01,480 [WARNING] leadlag.core.market_calendar: No static holiday table for year 2009. Install jpholiday or update market_calendar.py.
2026-09-20 06:46:01,480 [WARNING] leadlag.core.market_calendar: No static holiday table for year 2009. Install jpholiday or update market_calendar.py.
2026-09-20 06:46:01,480 [WARNING] leadlag.core.market_calendar: No static holiday table for year 2009. Install jpholiday or update market_calendar.py.
2026-09-20 06:46:01,480 [WARNING] leadlag.core.market_calendar: No static holiday table for year 2009. Install jpholiday or update market_calendar.py.
2026-09-20 06:46:01,480 [WARNING] leadlag.core.market_calendar: No static holiday table for year 2009. Install jpholiday or update market_calendar.py.
2026-09-20 06:46:01,480 [WARNING] leadlag.core.market_calendar: No static holiday table for year 2009. Install jpholiday or update market_calendar.py.
2026-09-20 06:46:01,480 [WARNING] leadlag.core.market_calendar: No static holiday table for year 2009. Install jpholiday or update market_calendar.py.
2026-09-20 06:46:01,481 [WARNING] leadlag.core.market_calendar: No static holiday table for year 2009. Install jpholiday or update market_calendar.py.
2026-09-20 06:46:01,481 [WARNING] leadlag.core.market_calendar: No static holiday table for year 2009. Install jpholiday or update market_calendar.py.
2026-09-20 06:46:01,481 [WARNING] leadlag.core.market_calendar: No static holiday table for year 2009. Install jpholiday or update market_calendar.py.
2026-09-20 06:46:01,481 [WARNING] leadlag.core.market_calendar: No static holiday table for year 2009. Install jpholiday or update market_calendar.py.
2026-09-20 06:46:01,481 [WARNING] leadlag.core.market_calendar: No static holiday table for year 2010. Install jpholiday or update market_calendar.py.
2026-09-20 06:46:01,481 [WARNING] leadlag.core.market_calendar: No static holiday table for year 2010. Install jpholiday or update market_calendar.py.
2026-09-20 06:46:01,482 [WARNING] leadlag.core.market_calendar: No static holiday table for year 2010. Install jpholiday or update market_calendar.py.
2026-09-20 06:46:01,482 [WARNING] leadlag.core.market_calendar: No static holiday table for year 2010. Install jpholiday or update market_calendar.py.
2026-09-20 06:46:01,482 [WARNING] leadlag.core.market_calendar: No static holiday table for year 2010. Install jpholiday or update market_calendar.py.
2026-09-20 06:46:01,482 [WARNING] leadlag.core.market_calendar: No static holiday table for year 2010. Install jpholiday or update market_calendar.py.
2026-09-20 06:46:01,482 [WARNING] leadlag.core.market_calendar: No static holiday table for year 2010. Install jpholiday or update market_calendar.py.
2026-09-20 06:46:01,482 [WARNING] leadlag.core.market_calendar: No static holiday table for year 2010. Install jpholiday or update market_calendar.py.
2026-09-20 06:46:01,482 [WARNING] leadlag.core.market_calendar: No static holiday table for year 2010. Install jpholiday or update market_calendar.py.
2026-09-20 06:46:01,483 [WARNING] leadlag.core.market_calendar: No static holiday table for year 2010. Install jpholiday or update market_calendar.py.
2026-09-20 06:46:01,483 [WARNING] leadlag.core.market_calendar: No static holiday table for year 2010. Install jpholiday or update market_calendar.py.
2026-09-20 06:46:01,483 [WARNING] leadlag.core.market_calendar: No static holiday table for year 2010. Install jpholiday or update market_calendar.py.
2026-09-20 06:46:01,483 [WARNING] leadlag.core.market_calendar: No static holiday table for year 2010. Install jpholiday or update market_calendar.py.
2026-09-20 06:46:01,483 [WARNING] leadlag.core.market_calendar: No static holiday table for year 2010. Install jpholiday or update market_calendar.py.
2026-09-20 06:46:01,483 [WARNING] leadlag.core.market_calendar: No static holiday table for year 2010. Install jpholiday or update market_calendar.py.
2026-09-20 06:46:01,484 [WARNING] leadlag.core.market_calendar: No static holiday table for year 2010. Install jpholiday or update market_calendar.py.
2026-09-20 06:46:01,484 [WARNING] leadlag.core.market_calendar: No static holiday table for year 2010. Install jpholiday or update market_calendar.py.
2026-09-20 06:46:01,484 [WARNING] leadlag.core.market_calendar: No static holiday table for year 2010. Install jpholiday or update market_calendar.py.
2026-09-20 06:46:01,484 [WARNING] leadlag.core.market_calendar: No static holiday table for year 2010. Install jpholiday or update market_calendar.py.
2026-09-20 06:46:01,484 [WARNING] leadlag.core.market_calendar: No static holiday table for year 2010. Install jpholiday or update market_calendar.py.
2026-09-20 06:46:01,484 [WARNING] leadlag.core.market_calendar: No static holiday table for year 2010. Install jpholiday or update market_calendar.py.
2026-09-20 06:46:01,484 [WARNING] leadlag.core.market_calendar: No static holiday table for year 2010. Install jpholiday or update market_calendar.py.
2026-09-20 06:46:01,485 [WARNING] leadlag.core.market_calendar: No static holiday table for year 2010. Install jpholiday or update market_calendar.py.
2026-09-20 06:46:01,485 [WARNING] leadlag.core.market_calendar: No static holiday table for year 2010. Install jpholiday or update market_calendar.py.
2026-09-20 06:46:01,485 [WARNING] leadlag.core.market_calendar: No static holiday table for year 2010. Install jpholiday or update market_calendar.py.
2026-09-20 06:46:01,485 [WARNING] leadlag.core.market_calendar: No static holiday table for year 2010. Install jpholiday or update market_calendar.py.
2026-09-20 06:46:01,485 [WARNING] leadlag.core.market_calendar: No static holiday table for year 2010. Install jpholiday or update market_calendar.py.
2026-09-20 06:46:01,485 [WARNING] leadlag.core.market_calendar: No static holiday table for year 2010. Install jpholiday or update market_calendar.py.
2026-09-20 06:46:01,485 [WARNING] leadlag.core.market_calendar: No static holiday table for year 2010. Install jpholiday or update market_calendar.py.
2026-09-20 06:46:01,486 [WARNING] leadlag.core.market_calendar: No static holiday table for year 2010. Install jpholiday or update market_calendar.py.
2026-09-20 06:46:01,486 [WARNING] leadlag.core.market_calendar: No static holiday table for year 2010. Install jpholiday or update market_calendar.py.
2026-09-20 06:46:01,486 [WARNING] leadlag.core.market_calendar: No static holiday table for year 2010. Install jpholiday or update market_calendar.py.
2026-09-20 06:46:01,486 [WARNING] leadlag.core.market_calendar: No static holiday table for year 2010. Install jpholiday or update market_calendar.py.
2026-09-20 06:46:01,486 [WARNING] leadlag.core.market_calendar: No static holiday table for year 2010. Install jpholiday or update market_calendar.py.
2026-09-20 06:46:01,486 [WARNING] leadlag.core.market_calendar: No static holiday table for year 2010. Install jpholiday or update market_calendar.py.
2026-09-20 06:46:01,486 [WARNING] leadlag.core.market_calendar: No static holiday table for year 2010. Install jpholiday or update market_calendar.py.
2026-09-20 06:46:01,486 [WARNING] leadlag.core.market_calendar: No static holiday table for year 2010. Install jpholiday or update market_calendar.py.
2026-09-20 06:46:01,487 [WARNING] leadlag.core.market_calendar: No static holiday table for year 2010. Install jpholiday or update market_calendar.py.
2026-09-20 06:46:01,487 [WARNING] leadlag.core.market_calendar: No static holiday table for year 2010. Install jpholiday or update market_calendar.py.
2026-09-20 06:46:01,487 [WARNING] leadlag.core.market_calendar: No static holiday table for year 2010. Install jpholiday or update market_calendar.py.
2026-09-20 06:46:01,487 [WARNING] leadlag.core.market_calendar: No static holiday table for year 2010. Install jpholiday or update market_calendar.py.
2026-09-20 06:46:01,487 [WARNING] leadlag.core.market_calendar: No static holiday table for year 2010. Install jpholiday or update market_calendar.py.
2026-09-20 06:46:01,488 [WARNING] leadlag.core.market_calendar: No static holiday table for year 2010. Install jpholiday or update market_calendar.py.
2026-09-20 06:46:01,488 [WARNING] leadlag.core.market_calendar: No static holiday table for year 2010. Install jpholiday or update market_calendar.py.
2026-09-20 06:46:01,488 [WARNING] leadlag.core.market_calendar: No static holiday table for year 2010. Install jpholiday or update market_calendar.py.
2026-09-20 06:46:01,488 [WARNING] leadlag.core.market_calendar: No static holiday table for year 2010. Install jpholiday or update market_calendar.py.
2026-09-20 06:46:01,488 [WARNING] leadlag.core.market_calendar: No static holiday table for year 2010. Install jpholiday or update market_calendar.py.
2026-09-20 06:46:01,488 [WARNING] leadlag.core.market_calendar: No static holiday table for year 2010. Install jpholiday or update market_calendar.py.
2026-09-20 06:46:01,489 [WARNING] leadlag.core.market_calendar: No static holiday table for year 2010. Install jpholiday or update market_calendar.py.
2026-09-20 06:46:01,489 [WARNING] leadlag.core.market_calendar: No static holiday table for year 2010. Install jpholiday or update market_calendar.py.
2026-09-20 06:46:01,489 [WARNING] leadlag.core.market_calendar: No static holiday table for year 2010. Install jpholiday or update market_calendar.py.
2026-09-20 06:46:01,489 [WARNING] leadlag.core.market_calendar: No static holiday table for year 2010. Install jpholiday or update market_calendar.py.
2026-09-20 06:46:01,489 [WARNING] leadlag.core.market_calendar: No static holiday table for year 2010. Install jpholiday or update market_calendar.py.
2026-09-20 06:46:01,490 [WARNING] leadlag.core.market_calendar: No static holiday table for year 2010. Install jpholiday or update market_calendar.py.
2026-09-20 06:46:01,490 [WARNING] leadlag.core.market_calendar: No static holiday table for year 2010. Install jpholiday or update market_calendar.py.
2026-09-20 06:46:01,490 [WARNING] leadlag.core.market_calendar: No static holiday table for year 2010. Install jpholiday or update market_calendar.py.
2026-09-20 06:46:01,490 [WARNING] leadlag.core.market_calendar: No static holiday table for year 2010. Install jpholiday or update market_calendar.py.
2026-09-20 06:46:01,490 [WARNING] leadlag.core.market_calendar: No static holiday table for year 2010. Install jpholiday or update market_calendar.py.
2026-09-20 06:46:01,490 [WARNING] leadlag.core.market_calendar: No static holiday table for year 2010. Install jpholiday or update market_calendar.py.
2026-09-20 06:46:01,491 [WARNING] leadlag.core.market_calendar: No static holiday table for year 2010. Install jpholiday or update market_calendar.py.
2026-09-20 06:46:01,491 [WARNING] leadlag.core.market_calendar: No static holiday table for year 2010. Install jpholiday or update market_calendar.py.
2026-09-20 06:46:01,491 [WARNING] leadlag.core.market_calendar: No static holiday table for year 2010. Install jpholiday or update market_calendar.py.
2026-09-20 06:46:01,491 [WARNING] leadlag.core.market_calendar: No static holiday table for year 2010. Install jpholiday or update market_calendar.py.
2026-09-20 06:46:01,491 [WARNING] leadlag.core.market_calendar: No static holiday table for year 2010. Install jpholiday or update market_calendar.py.
2026-09-20 06:46:01,491 [WARNING] leadlag.core.market_calendar: No static holiday table for year 2010. Install jpholiday or update market_calendar.py.
2026-09-20 06:46:01,492 [WARNING] leadlag.core.market_calendar: No static holiday table for year 2010. Install jpholiday or update market_calendar.py.
2026-09-20 06:46:01,492 [WARNING] leadlag.core.market_calendar: No static holiday table for year 2010. Install jpholiday or update market_calendar.py.
2026-09-20 06:46:01,492 [WARNING] leadlag.core.market_calendar: No static holiday table for year 2010. Install jpholiday or update market_calendar.py.
2026-09-20 06:46:01,492 [WARNING] leadlag.core.market_calendar: No static holiday table for year 2010. Install jpholiday or update market_calendar.py.
2026-09-20 06:46:01,492 [WARNING] leadlag.core.market_calendar: No static holiday table for year 2010. Install jpholiday or update market_calendar.py.
2026-09-20 06:46:01,492 [WARNING] leadlag.core.market_calendar: No static holiday table for year 2010. Install jpholiday or update market_calendar.py.
2026-09-20 06:46:01,492 [WARNING] leadlag.core.market_calendar: No static holiday table for year 2010. Install jpholiday or update market_calendar.py.
2026-09-20 06:46:01,492 [WARNING] leadlag.core.market_calendar: No static holiday table for year 2010. Install jpholiday or update market_calendar.py.
2026-09-20 06:46:01,493 [WARNING] leadlag.core.market_calendar: No static holiday table for year 2010. Install jpholiday or update market_calendar.py.
2026-09-20 06:46:01,493 [WARNING] leadlag.core.market_calendar: No static holiday table for year 2010. Install jpholiday or update market_calendar.py.
2026-09-20 06:46:01,493 [WARNING] leadlag.core.market_calendar: No static holiday table for year 2010. Install jpholiday or update market_calendar.py.
2026-09-20 06:46:01,493 [WARNING] leadlag.core.market_calendar: No static holiday table for year 2010. Install jpholiday or update market_calendar.py.
2026-09-20 06:46:01,493 [WARNING] leadlag.core.market_calendar: No static holiday table for year 2010. Install jpholiday or update market_calendar.py.
2026-09-20 06:46:01,493 [WARNING] leadlag.core.market_calendar: No static holiday table for year 2010. Install jpholiday or update market_calendar.py.
2026-09-20 06:46:01,493 [WARNING] leadlag.core.market_calendar: No static holiday table for year 2010. Install jpholiday or update market_calendar.py.
2026-09-20 06:46:01,494 [WARNING] leadlag.core.market_calendar: No static holiday table for year 2010. Install jpholiday or update market_calendar.py.
2026-09-20 06:46:01,494 [WARNING] leadlag.core.market_calendar: No static holiday table for year 2010. Install jpholiday or update market_calendar.py.
2026-09-20 06:46:01,494 [WARNING] leadlag.core.market_calendar: No static holiday table for year 2010. Install jpholiday or update market_calendar.py.
2026-09-20 06:46:01,494 [WARNING] leadlag.core.market_calendar: No static holiday table for year 2010. Install jpholiday or update market_calendar.py.
2026-09-20 06:46:01,494 [WARNING] leadlag.core.market_calendar: No static holiday table for year 2010. Install jpholiday or update market_calendar.py.
2026-09-20 06:46:01,494 [WARNING] leadlag.core.market_calendar: No static holiday table for year 2010. Install jpholiday or update market_calendar.py.
2026-09-20 06:46:01,494 [WARNING] leadlag.core.market_calendar: No static holiday table for year 2010. Install jpholiday or update market_calendar.py.
2026-09-20 06:46:01,495 [WARNING] leadlag.core.market_calendar: No static holiday table for year 2010. Install jpholiday or update market_calendar.py.
2026-09-20 06:46:01,495 [WARNING] leadlag.core.market_calendar: No static holiday table for year 2010. Install jpholiday or update market_calendar.py.
2026-09-20 06:46:01,495 [WARNING] leadlag.core.market_calendar: No static holiday table for year 2010. Install jpholiday or update market_calendar.py.
2026-09-20 06:46:01,495 [WARNING] leadlag.core.market_calendar: No static holiday table for year 2010. Install jpholiday or update market_calendar.py.
2026-09-20 06:46:01,495 [WARNING] leadlag.core.market_calendar: No static holiday table for year 2010. Install jpholiday or update market_calendar.py.
2026-09-20 06:46:01,495 [WARNING] leadlag.core.market_calendar: No static holiday table for year 2010. Install jpholiday or update market_calendar.py.
2026-09-20 06:46:01,495 [WARNING] leadlag.core.market_calendar: No static holiday table for year 2010. Install jpholiday or update market_calendar.py.
2026-09-20 06:46:01,496 [WARNING] leadlag.core.market_calendar: No static holiday table for year 2010. Install jpholiday or update market_calendar.py.
2026-09-20 06:46:01,496 [WARNING] leadlag.core.market_calendar: No static holiday table for year 2010. Install jpholiday or update market_calendar.py.
2026-09-20 06:46:01,496 [WARNING] leadlag.core.market_calendar: No static holiday table for year 2010. Install jpholiday or update market_calendar.py.
2026-09-20 06:46:01,496 [WARNING] leadlag.core.market_calendar: No static holiday table for year 2010. Install jpholiday or update market_calendar.py.
2026-09-20 06:46:01,496 [WARNING] leadlag.core.market_calendar: No static holiday table for year 2010. Install jpholiday or update market_calendar.py.
2026-09-20 06:46:01,496 [WARNING] leadlag.core.market_calendar: No static holiday table for year 2010. Install jpholiday or update market_calendar.py.
2026-09-20 06:46:01,496 [WARNING] leadlag.core.market_calendar: No static holiday table for year 2010. Install jpholiday or update market_calendar.py.
2026-09-20 06:46:01,497 [WARNING] leadlag.core.market_calendar: No static holiday table for year 2010. Install jpholiday or update market_calendar.py.
2026-09-20 06:46:01,497 [WARNING] leadlag.core.market_calendar: No static holiday table for year 2010. Install jpholiday or update market_calendar.py.
2026-09-20 06:46:01,497 [WARNING] leadlag.core.market_calendar: No static holiday table for year 2010. Install jpholiday or update market_calendar.py.
2026-09-20 06:46:01,497 [WARNING] leadlag.core.market_calendar: No static holiday table for year 2010. Install jpholiday or update market_calendar.py.
2026-09-20 06:46:01,497 [WARNING] leadlag.core.market_calendar: No static holiday table for year 2010. Install jpholiday or update market_calendar.py.
2026-09-20 06:46:01,497 [WARNING] leadlag.core.market_calendar: No static holiday table for year 2010. Install jpholiday or update market_calendar.py.
2026-09-20 06:46:01,497 [WARNING] leadlag.core.market_calendar: No static holiday table for year 2010. Install jpholiday or update market_calendar.py.
2026-09-20 06:46:01,497 [WARNING] leadlag.core.market_calendar: No static holiday table for year 2010. Install jpholiday or update market_calendar.py.
2026-09-20 06:46:01,498 [WARNING] leadlag.core.market_calendar: No static holiday table for year 2010. Install jpholiday or update market_calendar.py.
2026-09-20 06:46:01,498 [WARNING] leadlag.core.market_calendar: No static holiday table for year 2010. Install jpholiday or update market_calendar.py.
2026-09-20 06:46:01,498 [WARNING] leadlag.core.market_calendar: No static holiday table for year 2010. Install jpholiday or update market_calendar.py.
2026-09-20 06:46:01,498 [WARNING] leadlag.core.market_calendar: No static holiday table for year 2010. Install jpholiday or update market_calendar.py.
2026-09-20 06:46:01,498 [WARNING] leadlag.core.market_calendar: No static holiday table for year 2010. Install jpholiday or update market_calendar.py.
2026-09-20 06:46:01,498 [WARNING] leadlag.core.market_calendar: No static holiday table for year 2010. Install jpholiday or update market_calendar.py.
2026-09-20 06:46:01,498 [WARNING] leadlag.core.market_calendar: No static holiday table for year 2010. Install jpholiday or update market_calendar.py.
2026-09-20 06:46:01,499 [WARNING] leadlag.core.market_calendar: No static holiday table for year 2010. Install jpholiday or update market_calendar.py.
2026-09-20 06:46:01,499 [WARNING] leadlag.core.market_calendar: No static holiday table for year 2010. Install jpholiday or update market_calendar.py.
2026-09-20 06:46:01,499 [WARNING] leadlag.core.market_calendar: No static holiday table for year 2010. Install jpholiday or update market_calendar.py.
2026-09-20 06:46:01,499 [WARNING] leadlag.core.market_calendar: No static holiday table for year 2010. Install jpholiday or update market_calendar.py.
2026-09-20 06:46:01,499 [WARNING] leadlag.core.market_calendar: No static holiday table for year 2010. Install jpholiday or update market_calendar.py.
2026-09-20 06:46:01,499 [WARNING] leadlag.core.market_calendar: No static holiday table for year 2010. Install jpholiday or update market_calendar.py.
2026-09-20 06:46:01,499 [WARNING] leadlag.core.market_calendar: No static holiday table for year 2010. Install jpholiday or update market_calendar.py.
2026-09-20 06:46:01,500 [WARNING] leadlag.core.market_calendar: No static holiday table for year 2010. Install jpholiday or update market_calendar.py.
2026-09-20 06:46:01,500 [WARNING] leadlag.core.market_calendar: No static holiday table for year 2010. Install jpholiday or update market_calendar.py.
2026-09-20 06:46:01,500 [WARNING] leadlag.core.market_calendar: No static holiday table for year 2010. Install jpholiday or update market_calendar.py.
2026-09-20 06:46:01,500 [WARNING] leadlag.core.market_calendar: No static holiday table for year 2010. Install jpholiday or update market_calendar.py.
2026-09-20 06:46:01,500 [WARNING] leadlag.core.market_calendar: No static holiday table for year 2010. Install jpholiday or update market_calendar.py.
2026-09-20 06:46:01,500 [WARNING] leadlag.core.market_calendar: No static holiday table for year 2010. Install jpholiday or update market_calendar.py.
2026-09-20 06:46:01,500 [WARNING] leadlag.core.market_calendar: No static holiday table for year 2010. Install jpholiday or update market_calendar.py.
2026-09-20 06:46:01,501 [WARNING] leadlag.core.market_calendar: No static holiday table for year 2010. Install jpholiday or update market_calendar.py.
2026-09-20 06:46:01,501 [WARNING] leadlag.core.market_calendar: No static holiday table for year 2010. Install jpholiday or update market_calendar.py.
2026-09-20 06:46:01,501 [WARNING] leadlag.core.market_calendar: No static holiday table for year 2010. Install jpholiday or update market_calendar.py.
2026-09-20 06:46:01,501 [WARNING] leadlag.core.market_calendar: No static holiday table for year 2010. Install jpholiday or update market_calendar.py.
2026-09-20 06:46:01,501 [WARNING] leadlag.core.market_calendar: No static holiday table for year 2010. Install jpholiday or update market_calendar.py.
2026-09-20 06:46:01,501 [WARNING] leadlag.core.market_calendar: No static holiday table for year 2010. Install jpholiday or update market_calendar.py.
2026-09-20 06:46:01,502 [WARNING] leadlag.core.market_calendar: No static holiday table for year 2010. Install jpholiday or update market_calendar.py.
2026-09-20 06:46:01,502 [WARNING] leadlag.core.market_calendar: No static holiday table for year 2010. Install jpholiday or update market_calendar.py.
2026-09-20 06:46:01,502 [WARNING] leadlag.core.market_calendar: No static holiday table for year 2010. Install jpholiday or update market_calendar.py.
2026-09-20 06:46:01,502 [WARNING] leadlag.core.market_calendar: No static holiday table for year 2010. Install jpholiday or update market_calendar.py.
2026-09-20 06:46:01,502 [WARNING] leadlag.core.market_calendar: No static holiday table for year 2010. Install jpholiday or update market_calendar.py.
2026-09-20 06:46:01,502 [WARNING] leadlag.core.market_calendar: No static holiday table for year 2010. Install jpholiday or update market_calendar.py.
2026-09-20 06:46:01,502 [WARNING] leadlag.core.market_calendar: No static holiday table for year 2010. Install jpholiday or update market_calendar.py.
2026-09-20 06:46:01,503 [WARNING] leadlag.core.market_calendar: No static holiday table for year 2010. Install jpholiday or update market_calendar.py.
2026-09-20 06:46:01,503 [WARNING] leadlag.core.market_calendar: No static holiday table for year 2010. Install jpholiday or update market_calendar.py.
2026-09-20 06:46:01,503 [WARNING] leadlag.core.market_calendar: No static holiday table for year 2010. Install jpholiday or update market_calendar.py.
2026-09-20 06:46:01,503 [WARNING] leadlag.core.market_calendar: No static holiday table for year 2010. Install jpholiday or update market_calendar.py.
2026-09-20 06:46:01,503 [WARNING] leadlag.core.market_calendar: No static holiday table for year 2010. Install jpholiday or update market_calendar.py.
2026-09-20 06:46:01,503 [WARNING] leadlag.core.market_calendar: No static holiday table for year 2010. Install jpholiday or update market_calendar.py.
2026-09-20 06:46:01,503 [WARNING] leadlag.core.market_calendar: No static holiday table for year 2010. Install jpholiday or update market_calendar.py.
2026-09-20 06:46:01,504 [WARNING] leadlag.core.market_calendar: No static holiday table for year 2010. Install jpholiday or update market_calendar.py.
2026-09-20 06:46:01,504 [WARNING] leadlag.core.market_calendar: No static holiday table for year 2010. Install jpholiday or update market_calendar.py.
2026-09-20 06:46:01,504 [WARNING] leadlag.core.market_calendar: No static holiday table for year 2010. Install jpholiday or update market_calendar.py.
2026-09-20 06:46:01,504 [WARNING] leadlag.core.market_calendar: No static holiday table for year 2010. Install jpholiday or update market_calendar.py.
2026-09-20 06:46:01,504 [WARNING] leadlag.core.market_calendar: No static holiday table for year 2010. Install jpholiday or update market_calendar.py.
2026-09-20 06:46:01,504 [WARNING] leadlag.core.market_calendar: No static holiday table for year 2010. Install jpholiday or update market_calendar.py.
2026-09-20 06:46:01,504 [WARNING] leadlag.core.market_calendar: No static holiday table for year 2010. Install jpholiday or update market_calendar.py.
2026-09-20 06:46:01,505 [WARNING] leadlag.core.market_calendar: No static holiday table for year 2010. Install jpholiday or update market_calendar.py.
2026-09-20 06:46:01,505 [WARNING] leadlag.core.market_calendar: No static holiday table for year 2010. Install jpholiday or update market_calendar.py.
2026-09-20 06:46:01,505 [WARNING] leadlag.core.market_calendar: No static holiday table for year 2010. Install jpholiday or update market_calendar.py.
2026-09-20 06:46:01,505 [WARNING] leadlag.core.market_calendar: No static holiday table for year 2010. Install jpholiday or update market_calendar.py.
2026-09-20 06:46:01,505 [WARNING] leadlag.core.market_calendar: No static holiday table for year 2010. Install jpholiday or update market_calendar.py.
2026-09-20 06:46:01,505 [WARNING] leadlag.core.market_calendar: No static holiday table for year 2010. Install jpholiday or update market_calendar.py.
2026-09-20 06:46:01,505 [WARNING] leadlag.core.market_calendar: No static holiday table for year 2010. Install jpholiday or update market_calendar.py.
2026-09-20 06:46:01,506 [WARNING] leadlag.core.market_calendar: No static holiday table for year 2010. Install jpholiday or update market_calendar.py.
2026-09-20 06:46:01,506 [WARNING] leadlag.core.market_calendar: No static holiday table for year 2010. Install jpholiday or update market_calendar.py.
2026-09-20 06:46:01,506 [WARNING] leadlag.core.market_calendar: No static holiday table for year 2010. Install jpholiday or update market_calendar.py.
2026-09-20 06:46:01,506 [WARNING] leadlag.core.market_calendar: No static holiday table for year 2010. Install jpholiday or update market_calendar.py.
2026-09-20 06:46:01,506 [WARNING] leadlag.core.market_calendar: No static holiday table for year 2010. Install jpholiday or update market_calendar.py.
2026-09-20 06:46:01,507 [WARNING] leadlag.core.market_calendar: No static holiday table for year 2010. Install jpholiday or update market_calendar.py.
2026-09-20 06:46:01,507 [WARNING] leadlag.core.market_calendar: No static holiday table for year 2010. Install jpholiday or update market_calendar.py.
2026-09-20 06:46:01,507 [WARNING] leadlag.core.market_calendar: No static holiday table for year 2010. Install jpholiday or update market_calendar.py.
2026-09-20 06:46:01,507 [WARNING] leadlag.core.market_calendar: No static holiday table for year 2010. Install jpholiday or update market_calendar.py.
2026-09-20 06:46:01,508 [WARNING] leadlag.core.market_calendar: No static holiday table for year 2010. Install jpholiday or update market_calendar.py.
2026-09-20 06:46:01,508 [WARNING] leadlag.core.market_calendar: No static holiday table for year 2010. Install jpholiday or update market_calendar.py.
2026-09-20 06:46:01,508 [WARNING] leadlag.core.market_calendar: No static holiday table for year 2010. Install jpholiday or update market_calendar.py.
2026-09-20 06:46:01,508 [WARNING] leadlag.core.market_calendar: No static holiday table for year 2010. Install jpholiday or update market_calendar.py.
2026-09-20 06:46:01,508 [WARNING] leadlag.core.market_calendar: No static holiday table for year 2010. Install jpholiday or update market_calendar.py.
2026-09-20 06:46:01,509 [WARNING] leadlag.core.market_calendar: No static holiday table for year 2010. Install jpholiday or update market_calendar.py.
2026-09-20 06:46:01,509 [WARNING] leadlag.core.market_calendar: No static holiday table for year 2010. Install jpholiday or update market_calendar.py.
2026-09-20 06:46:01,509 [WARNING] leadlag.core.market_calendar: No static holiday table for year 2010. Install jpholiday or update market_calendar.py.
2026-09-20 06:46:01,509 [WARNING] leadlag.core.market_calendar: No static holiday table for year 2010. Install jpholiday or update market_calendar.py.
2026-09-20 06:46:01,509 [WARNING] leadlag.core.market_calendar: No static holiday table for year 2010. Install jpholiday or update market_calendar.py.
2026-09-20 06:46:01,510 [WARNING] leadlag.core.market_calendar: No static holiday table for year 2010. Install jpholiday or update market_calendar.py.
2026-09-20 06:46:01,510 [WARNING] leadlag.core.market_calendar: No static holiday table for year 2010. Install jpholiday or update market_calendar.py.
2026-09-20 06:46:01,510 [WARNING] leadlag.core.market_calendar: No static holiday table for year 2010. Install jpholiday or update market_calendar.py.
2026-09-20 06:46:01,510 [WARNING] leadlag.core.market_calendar: No static holiday table for year 2010. Install jpholiday or update market_calendar.py.
2026-09-20 06:46:01,510 [WARNING] leadlag.core.market_calendar: No static holiday table for year 2010. Install jpholiday or update market_calendar.py.
2026-09-20 06:46:01,510 [WARNING] leadlag.core.market_calendar: No static holiday table for year 2010. Install jpholiday or update market_calendar.py.
2026-09-20 06:46:01,511 [WARNING] leadlag.core.market_calendar: No static holiday table for year 2010. Install jpholiday or update market_calendar.py.
2026-09-20 06:46:01,511 [WARNING] leadlag.core.market_calendar: No static holiday table for year 2010. Install jpholiday or update market_calendar.py.
2026-09-20 06:46:01,511 [WARNING] leadlag.core.market_calendar: No static holiday table for year 2010. Install jpholiday or update market_calendar.py.
2026-09-20 06:46:01,511 [WARNING] leadlag.core.market_calendar: No static holiday table for year 2010. Install jpholiday or update market_calendar.py.
2026-09-20 06:46:01,511 [WARNING] leadlag.core.market_calendar: No static holiday table for year 2010. Install jpholiday or update market_calendar.py.
2026-09-20 06:46:01,511 [WARNING] leadlag.core.market_calendar: No static holiday table for year 2010. Install jpholiday or update market_calendar.py.
2026-09-20 06:46:01,512 [WARNING] leadlag.core.market_calendar: No static holiday table for year 2010. Install jpholiday or update market_calendar.py.
2026-09-20 06:46:01,512 [WARNING] leadlag.core.market_calendar: No static holiday table for year 2010. Install jpholiday or update market_calendar.py.
2026-09-20 06:46:01,512 [WARNING] leadlag.core.market_calendar: No static holiday table for year 2010. Install jpholiday or update market_calendar.py.
2026-09-20 06:46:01,512 [WARNING] leadlag.core.market_calendar: No static holiday table for year 2010. Install jpholiday or update market_calendar.py.
2026-09-20 06:46:01,512 [WARNING] leadlag.core.market_calendar: No static holiday table for year 2010. Install jpholiday or update market_calendar.py.
2026-09-20 06:46:01,512 [WARNING] leadlag.core.market_calendar: No static holiday table for year 2010. Install jpholiday or update market_calendar.py.
2026-09-20 06:46:01,513 [WARNING] leadlag.core.market_calendar: No static holiday table for year 2010. Install jpholiday or update market_calendar.py.
2026-09-20 06:46:01,513 [WARNING] leadlag.core.market_calendar: No static holiday table for year 2010. Install jpholiday or update market_calendar.py.
2026-09-20 06:46:01,513 [WARNING] leadlag.core.market_calendar: No static holiday table for year 2010. Install jpholiday or update market_calendar.py.
2026-09-20 06:46:01,513 [WARNING] leadlag.core.market_calendar: No static holiday table for year 2010. Install jpholiday or update market_calendar.py.
2026-09-20 06:46:01,513 [WARNING] leadlag.core.market_calendar: No static holiday table for year 2010. Install jpholiday or update market_calendar.py.
2026-09-20 06:46:01,513 [WARNING] leadlag.core.market_calendar: No static holiday table for year 2010. Install jpholiday or update market_calendar.py.
2026-09-20 06:46:01,513 [WARNING] leadlag.core.market_calendar: No static holiday table for year 2010. Install jpholiday or update market_calendar.py.
2026-09-20 06:46:01,514 [WARNING] leadlag.core.market_calendar: No static holiday table for year 2010. Install jpholiday or update market_calendar.py.
2026-09-20 06:46:01,514 [WARNING] leadlag.core.market_calendar: No static holiday table for year 2010. Install jpholiday or update market_calendar.py.
2026-09-20 06:46:01,514 [WARNING] leadlag.core.market_calendar: No static holiday table for year 2010. Install jpholiday or update market_calendar.py.
2026-09-20 06:46:01,514 [WARNING] leadlag.core.market_calendar: No static holiday table for year 2010. Install jpholiday or update market_calendar.py.
2026-09-20 06:46:01,514 [WARNING] leadlag.core.market_calendar: No static holiday table for year 2010. Install jpholiday or update market_calendar.py.
2026-09-20 06:46:01,514 [WARNING] leadlag.core.market_calendar: No static holiday table for year 2010. Install jpholiday or update market_calendar.py.
2026-09-20 06:46:01,514 [WARNING] leadlag.core.market_calendar: No static holiday table for year 2010. Install jpholiday or update market_calendar.py.
2026-09-20 06:46:01,515 [WARNING] leadlag.core.market_calendar: No static holiday table for year 2010. Install jpholiday or update market_calendar.py.
2026-09-20 06:46:01,515 [WARNING] leadlag.core.market_calendar: No static holiday table for year 2010. Install jpholiday or update market_calendar.py.
2026-09-20 06:46:01,515 [WARNING] leadlag.core.market_calendar: No static holiday table for year 2010. Install jpholiday or update market_calendar.py.
2026-09-20 06:46:01,515 [WARNING] leadlag.core.market_calendar: No static holiday table for year 2010. Install jpholiday or update market_calendar.py.
2026-09-20 06:46:01,515 [WARNING] leadlag.core.market_calendar: No static holiday table for year 2010. Install jpholiday or update market_calendar.py.
2026-09-20 06:46:01,515 [WARNING] leadlag.core.market_calendar: No static holiday table for year 2010. Install jpholiday or update market_calendar.py.
2026-09-20 06:46:01,515 [WARNING] leadlag.core.market_calendar: No static holiday table for year 2010. Install jpholiday or update market_calendar.py.
2026-09-20 06:46:01,515 [WARNING] leadlag.core.market_calendar: No static holiday table for year 2010. Install jpholiday or update market_calendar.py.
2026-09-20 06:46:01,516 [WARNING] leadlag.core.market_calendar: No static holiday table for year 2010. Install jpholiday or update market_calendar.py.
2026-09-20 06:46:01,516 [WARNING] leadlag.core.market_calendar: No static holiday table for year 2010. Install jpholiday or update market_calendar.py.
2026-09-20 06:46:01,516 [WARNING] leadlag.core.market_calendar: No static holiday table for year 2010. Install jpholiday or update market_calendar.py.
2026-09-20 06:46:01,516 [WARNING] leadlag.core.market_calendar: No static holiday table for year 2010. Install jpholiday or update market_calendar.py.
2026-09-20 06:46:01,516 [WARNING] leadlag.core.market_calendar: No static holiday table for year 2010. Install jpholiday or update market_calendar.py.
2026-09-20 06:46:01,516 [WARNING] leadlag.core.market_calendar: No static holiday table for year 2010. Install jpholiday or update market_calendar.py.
2026-09-20 06:46:01,516 [WARNING] leadlag.core.market_calendar: No static holiday table for year 2010. Install jpholiday or update market_calendar.py.
2026-09-20 06:46:01,517 [WARNING] leadlag.core.market_calendar: No static holiday table for year 2010. Install jpholiday or update market_calendar.py.
2026-09-20 06:46:01,517 [WARNING] leadlag.core.market_calendar: No static holiday table for year 2010. Install jpholiday or update market_calendar.py.
2026-09-20 06:46:01,517 [WARNING] leadlag.core.market_calendar: No static holiday table for year 2010. Install jpholiday or update market_calendar.py.
2026-09-20 06:46:01,517 [WARNING] leadlag.core.market_calendar: No static holiday table for year 2010. Install jpholiday or update market_calendar.py.
2026-09-20 06:46:01,517 [WARNING] leadlag.core.market_calendar: No static holiday table for year 2010. Install jpholiday or update market_calendar.py.
2026-09-20 06:46:01,517 [WARNING] leadlag.core.market_calendar: No static holiday table for year 2010. Install jpholiday or update market_calendar.py.
2026-09-20 06:46:01,517 [WARNING] leadlag.core.market_calendar: No static holiday table for year 2010. Install jpholiday or update market_calendar.py.
2026-09-20 06:46:01,518 [WARNING] leadlag.core.market_calendar: No static holiday table for year 2010. Install jpholiday or update market_calendar.py.
2026-09-20 06:46:01,518 [WARNING] leadlag.core.market_calendar: No static holiday table for year 2010. Install jpholiday or update market_calendar.py.
2026-09-20 06:46:01,518 [WARNING] leadlag.core.market_calendar: No static holiday table for year 2010. Install jpholiday or update market_calendar.py.
2026-09-20 06:46:01,518 [WARNING] leadlag.core.market_calendar: No static holiday table for year 2010. Install jpholiday or update market_calendar.py.
2026-09-20 06:46:01,518 [WARNING] leadlag.core.market_calendar: No static holiday table for year 2010. Install jpholiday or update market_calendar.py.
2026-09-20 06:46:01,518 [WARNING] leadlag.core.market_calendar: No static holiday table for year 2010. Install jpholiday or update market_calendar.py.
2026-09-20 06:46:01,518 [WARNING] leadlag.core.market_calendar: No static holiday table for year 2011. Install jpholiday or update market_calendar.py.
2026-09-20 06:46:01,519 [WARNING] leadlag.core.market_calendar: No static holiday table for year 2011. Install jpholiday or update market_calendar.py.
2026-09-20 06:46:01,519 [WARNING] leadlag.core.market_calendar: No static holiday table for year 2011. Install jpholiday or update market_calendar.py.
2026-09-20 06:46:01,519 [WARNING] leadlag.core.market_calendar: No static holiday table for year 2011. Install jpholiday or update market_calendar.py.
2026-09-20 06:46:01,519 [WARNING] leadlag.core.market_calendar: No static holiday table for year 2011. Install jpholiday or update market_calendar.py.
2026-09-20 06:46:01,519 [WARNING] leadlag.core.market_calendar: No static holiday table for year 2011. Install jpholiday or update market_calendar.py.
2026-09-20 06:46:01,519 [WARNING] leadlag.core.market_calendar: No static holiday table for year 2011. Install jpholiday or update market_calendar.py.
2026-09-20 06:46:01,520 [WARNING] leadlag.core.market_calendar: No static holiday table for year 2011. Install jpholiday or update market_calendar.py.
2026-09-20 06:46:01,520 [WARNING] leadlag.core.market_calendar: No static holiday table for year 2011. Install jpholiday or update market_calendar.py.
2026-09-20 06:46:01,520 [WARNING] leadlag.core.market_calendar: No static holiday table for year 2011. Install jpholiday or update market_calendar.py.
2026-09-20 06:46:01,520 [WARNING] leadlag.core.market_calendar: No static holiday table for year 2011. Install jpholiday or update market_calendar.py.
2026-09-20 06:46:01,520 [WARNING] leadlag.core.market_calendar: No static holiday table for year 2011. Install jpholiday or update market_calendar.py.
2026-09-20 06:46:01,520 [WARNING] leadlag.core.market_calendar: No static holiday table for year 2011. Install jpholiday or update market_calendar.py.
2026-09-20 06:46:01,521 [WARNING] leadlag.core.market_calendar: No static holiday table for year 2011. Install jpholiday or update market_calendar.py.
2026-09-20 06:46:01,521 [WARNING] leadlag.core.market_calendar: No static holiday table for year 2011. Install jpholiday or update market_calendar.py.
2026-09-20 06:46:01,521 [WARNING] leadlag.core.market_calendar: No static holiday table for year 2011. Install jpholiday or update market_calendar.py.
2026-09-20 06:46:01,521 [WARNING] leadlag.core.market_calendar: No static holiday table for year 2011. Install jpholiday or update market_calendar.py.
2026-09-20 06:46:01,521 [WARNING] leadlag.core.market_calendar: No static holiday table for year 2011. Install jpholiday or update market_calendar.py.
2026-09-20 06:46:01,521 [WARNING] leadlag.core.market_calendar: No static holiday table for year 2011. Install jpholiday or update market_calendar.py.
2026-09-20 06:46:01,521 [WARNING] leadlag.core.market_calendar: No static holiday table for year 2011. Install jpholiday or update market_calendar.py.
2026-09-20 06:46:01,522 [WARNING] leadlag.core.market_calendar: No static holiday table for year 2011. Install jpholiday or update market_calendar.py.
2026-09-20 06:46:01,522 [WARNING] leadlag.core.market_calendar: No static holiday table for year 2011. Install jpholiday or update market_calendar.py.
2026-09-20 06:46:01,522 [WARNING] leadlag.core.market_calendar: No static holiday table for year 2011. Install jpholiday or update market_calendar.py.
2026-09-20 06:46:01,522 [WARNING] leadlag.core.market_calendar: No static holiday table for year 2011. Install jpholiday or update market_calendar.py.
2026-09-20 06:46:01,522 [WARNING] leadlag.core.market_calendar: No static holiday table for year 2011. Install jpholiday or update market_calendar.py.
2026-09-20 06:46:01,522 [WARNING] leadlag.core.market_calendar: No static holiday table for year 2011. Install jpholiday or update market_calendar.py.
2026-09-20 06:46:01,522 [WARNING] leadlag.core.market_calendar: No static holiday table for year 2011. Install jpholiday or update market_calendar.py.
2026-09-20 06:46:01,523 [WARNING] leadlag.core.market_calendar: No static holiday table for year 2011. Install jpholiday or update market_calendar.py.
2026-09-20 06:46:01,523 [WARNING] leadlag.core.market_calendar: No static holiday table for year 2011. Install jpholiday or update market_calendar.py.
2026-09-20 06:46:01,523 [WARNING] leadlag.core.market_calendar: No static holiday table for year 2011. Install jpholiday or update market_calendar.py.
2026-09-20 06:46:01,523 [WARNING] leadlag.core.market_calendar: No static holiday table for year 2011. Install jpholiday or update market_calendar.py.
2026-09-20 06:46:01,523 [WARNING] leadlag.core.market_calendar: No static holiday table for year 2011. Install jpholiday or update market_calendar.py.
2026-09-20 06:46:01,523 [WARNING] leadlag.core.market_calendar: No static holiday table for year 2011. Install jpholiday or update market_calendar.py.
2026-09-20 06:46:01,523 [WARNING] leadlag.core.market_calendar: No static holiday table for year 2011. Install jpholiday or update market_calendar.py.
2026-09-20 06:46:01,524 [WARNING] leadlag.core.market_calendar: No static holiday table for year 2011. Install jpholiday or update market_calendar.py.
2026-09-20 06:46:01,524 [WARNING] leadlag.core.market_calendar: No static holiday table for year 2011. Install jpholiday or update market_calendar.py.
2026-09-20 06:46:01,524 [WARNING] leadlag.core.market_calendar: No static holiday table for year 2011. Install jpholiday or update market_calendar.py.
2026-09-20 06:46:01,524 [WARNING] leadlag.core.market_calendar: No static holiday table for year 2011. Install jpholiday or update market_calendar.py.
2026-09-20 06:46:01,524 [WARNING] leadlag.core.market_calendar: No static holiday table for year 2011. Install jpholiday or update market_calendar.py.
2026-09-20 06:46:01,524 [WARNING] leadlag.core.market_calendar: No static holiday table for year 2011. Install jpholiday or update market_calendar.py.
2026-09-20 06:46:01,525 [WARNING] leadlag.core.market_calendar: No static holiday table for year 2011. Install jpholiday or update market_calendar.py.
2026-09-20 06:46:01,525 [WARNING] leadlag.core.market_calendar: No static holiday table for year 2011. Install jpholiday or update market_calendar.py.
2026-09-20 06:46:01,525 [WARNING] leadlag.core.market_calendar: No static holiday table for year 2011. Install jpholiday or update market_calendar.py.
2026-09-20 06:46:01,525 [WARNING] leadlag.core.market_calendar: No static holiday table for year 2011. Install jpholiday or update market_calendar.py.
2026-09-20 06:46:01,525 [WARNING] leadlag.core.market_calendar: No static holiday table for year 2011. Install jpholiday or update market_calendar.py.
2026-09-20 06:46:01,525 [WARNING] leadlag.core.market_calendar: No static holiday table for year 2011. Install jpholiday or update market_calendar.py.
2026-09-20 06:46:01,526 [WARNING] leadlag.core.market_calendar: No static holiday table for year 2011. Install jpholiday or update market_calendar.py.
2026-09-20 06:46:01,526 [WARNING] leadlag.core.market_calendar: No static holiday table for year 2011. Install jpholiday or update market_calendar.py.
2026-09-20 06:46:01,526 [WARNING] leadlag.core.market_calendar: No static holiday table for year 2011. Install jpholiday or update market_calendar.py.
2026-09-20 06:46:01,526 [WARNING] leadlag.core.market_calendar: No static holiday table for year 2011. Install jpholiday or update market_calendar.py.
2026-09-20 06:46:01,526 [WARNING] leadlag.core.market_calendar: No static holiday table for year 2011. Install jpholiday or update market_calendar.py.
2026-09-20 06:46:01,527 [WARNING] leadlag.core.market_calendar: No static holiday table for year 2011. Install jpholiday or update market_calendar.py.
2026-09-20 06:46:01,527 [WARNING] leadlag.core.market_calendar: No static holiday table for year 2011. Install jpholiday or update market_calendar.py.
2026-09-20 06:46:01,527 [WARNING] leadlag.core.market_calendar: No static holiday table for year 2011. Install jpholiday or update market_calendar.py.
2026-09-20 06:46:01,527 [WARNING] leadlag.core.market_calendar: No static holiday table for year 2011. Install jpholiday or update market_calendar.py.
2026-09-20 06:46:01,527 [WARNING] leadlag.core.market_calendar: No static holiday table for year 2011. Install jpholiday or update market_calendar.py.
2026-09-20 06:46:01,527 [WARNING] leadlag.core.market_calendar: No static holiday table for year 2011. Install jpholiday or update market_calendar.py.
2026-09-20 06:46:01,528 [WARNING] leadlag.core.market_calendar: No static holiday table for year 2011. Install jpholiday or update market_calendar.py.
2026-09-20 06:46:01,528 [WARNING] leadlag.core.market_calendar: No static holiday table for year 2011. Install jpholiday or update market_calendar.py.
2026-09-20 06:46:01,528 [WARNING] leadlag.core.market_calendar: No static holiday table for year 2011. Install jpholiday or update market_calendar.py.
2026-09-20 06:46:01,528 [WARNING] leadlag.core.market_calendar: No static holiday table for year 2011. Install jpholiday or update market_calendar.py.
2026-09-20 06:46:01,528 [WARNING] leadlag.core.market_calendar: No static holiday table for year 2011. Install jpholiday or update market_calendar.py.
2026-09-20 06:46:01,528 [WARNING] leadlag.core.market_calendar: No static holiday table for year 2011. Install jpholiday or update market_calendar.py.
2026-09-20 06:46:01,529 [WARNING] leadlag.core.market_calendar: No static holiday table for year 2011. Install jpholiday or update market_calendar.py.
2026-09-20 06:46:01,529 [WARNING] leadlag.core.market_calendar: No static holiday table for year 2011. Install jpholiday or update market_calendar.py.
2026-09-20 06:46:01,529 [WARNING] leadlag.core.market_calendar: No static holiday table for year 2011. Install jpholiday or update market_calendar.py.
2026-09-20 06:46:01,529 [WARNING] leadlag.core.market_calendar: No static holiday table for year 2011. Install jpholiday or update market_calendar.py.
2026-09-20 06:46:01,529 [WARNING] leadlag.core.market_calendar: No static holiday table for year 2011. Install jpholiday or update market_calendar.py.
2026-09-20 06:46:01,529 [WARNING] leadlag.core.market_calendar: No static holiday table for year 2011. Install jpholiday or update market_calendar.py.
2026-09-20 06:46:01,529 [WARNING] leadlag.core.market_calendar: No static holiday table for year 2011. Install jpholiday or update market_calendar.py.
2026-09-20 06:46:01,530 [WARNING] leadlag.core.market_calendar: No static holiday table for year 2011. Install jpholiday or update market_calendar.py.
2026-09-20 06:46:01,530 [WARNING] leadlag.core.market_calendar: No static holiday table for year 2011. Install jpholiday or update market_calendar.py.
2026-09-20 06:46:01,530 [WARNING] leadlag.core.market_calendar: No static holiday table for year 2011. Install jpholiday or update market_calendar.py.
2026-09-20 06:46:01,530 [WARNING] leadlag.core.market_calendar: No static holiday table for year 2011. Install jpholiday or update market_calendar.py.
2026-09-20 06:46:01,530 [WARNING] leadlag.core.market_calendar: No static holiday table for year 2011. Install jpholiday or update market_calendar.py.
2026-09-20 06:46:01,530 [WARNING] leadlag.core.market_calendar: No static holiday table for year 2011. Install jpholiday or update market_calendar.py.
2026-09-20 06:46:01,530 [WARNING] leadlag.core.market_calendar: No static holiday table for year 2011. Install jpholiday or update market_calendar.py.
2026-09-20 06:46:01,531 [WARNING] leadlag.core.market_calendar: No static holiday table for year 2011. Install jpholiday or update market_calendar.py.
2026-09-20 06:46:01,531 [WARNING] leadlag.core.market_calendar: No static holiday table for year 2011. Install jpholiday or update market_calendar.py.
2026-09-20 06:46:01,531 [WARNING] leadlag.core.market_calendar: No static holiday table for year 2011. Install jpholiday or update market_calendar.py.
2026-09-20 06:46:01,531 [WARNING] leadlag.core.market_calendar: No static holiday table for year 2011. Install jpholiday or update market_calendar.py.
2026-09-20 06:46:01,531 [WARNING] leadlag.core.market_calendar: No static holiday table for year 2011. Install jpholiday or update market_calendar.py.
2026-09-20 06:46:01,531 [WARNING] leadlag.core.market_calendar: No static holiday table for year 2011. Install jpholiday or update market_calendar.py.
2026-09-20 06:46:01,531 [WARNING] leadlag.core.market_calendar: No static holiday table for year 2011. Install jpholiday or update market_calendar.py.
2026-09-20 06:46:01,532 [WARNING] leadlag.core.market_calendar: No static holiday table for year 2011. Install jpholiday or update market_calendar.py.
2026-09-20 06:46:01,532 [WARNING] leadlag.core.market_calendar: No static holiday table for year 2011. Install jpholiday or update market_calendar.py.
2026-09-20 06:46:01,532 [WARNING] leadlag.core.market_calendar: No static holiday table for year 2011. Install jpholiday or update market_calendar.py.
2026-09-20 06:46:01,532 [WARNING] leadlag.core.market_calendar: No static holiday table for year 2011. Install jpholiday or update market_calendar.py.
2026-09-20 06:46:01,532 [WARNING] leadlag.core.market_calendar: No static holiday table for year 2011. Install jpholiday or update market_calendar.py.
2026-09-20 06:46:01,532 [WARNING] leadlag.core.market_calendar: No static holiday table for year 2011. Install jpholiday or update market_calendar.py.
2026-09-20 06:46:01,532 [WARNING] leadlag.core.market_calendar: No static holiday table for year 2011. Install jpholiday or update market_calendar.py.
2026-09-20 06:46:01,533 [WARNING] leadlag.core.market_calendar: No static holiday table for year 2011. Install jpholiday or update market_calendar.py.
2026-09-20 06:46:01,533 [WARNING] leadlag.core.market_calendar: No static holiday table for year 2011. Install jpholiday or update market_calendar.py.
2026-09-20 06:46:01,533 [WARNING] leadlag.core.market_calendar: No static holiday table for year 2011. Install jpholiday or update market_calendar.py.
2026-09-20 06:46:01,533 [WARNING] leadlag.core.market_calendar: No static holiday table for year 2011. Install jpholiday or update market_calendar.py.
2026-09-20 06:46:01,533 [WARNING] leadlag.core.market_calendar: No static holiday table for year 2011. Install jpholiday or update market_calendar.py.
2026-09-20 06:46:01,533 [WARNING] leadlag.core.market_calendar: No static holiday table for year 2011. Install jpholiday or update market_calendar.py.
2026-09-20 06:46:01,533 [WARNING] leadlag.core.market_calendar: No static holiday table for year 2011. Install jpholiday or update market_calendar.py.
2026-09-20 06:46:01,533 [WARNING] leadlag.core.market_calendar: No static holiday table for year 2011. Install jpholiday or update market_calendar.py.
2026-09-20 06:46:01,534 [WARNING] leadlag.core.market_calendar: No static holiday table for year 2011. Install jpholiday or update market_calendar.py.
2026-09-20 06:46:01,534 [WARNING] leadlag.core.market_calendar: No static holiday table for year 2011. Install jpholiday or update market_calendar.py.
2026-09-20 06:46:01,534 [WARNING] leadlag.core.market_calendar: No static holiday table for year 2011. Install jpholiday or update market_calendar.py.
2026-09-20 06:46:01,534 [WARNING] leadlag.core.market_calendar: No static holiday table for year 2011. Install jpholiday or update market_calendar.py.
2026-09-20 06:46:01,534 [WARNING] leadlag.core.market_calendar: No static holiday table for year 2011. Install jpholiday or update market_calendar.py.
2026-09-20 06:46:01,534 [WARNING] leadlag.core.market_calendar: No static holiday table for year 2011. Install jpholiday or update market_calendar.py.
2026-09-20 06:46:01,534 [WARNING] leadlag.core.market_calendar: No static holiday table for year 2011. Install jpholiday or update market_calendar.py.
2026-09-20 06:46:01,535 [WARNING] leadlag.core.market_calendar: No static holiday table for year 2011. Install jpholiday or update market_calendar.py.
2026-09-20 06:46:01,535 [WARNING] leadlag.core.market_calendar: No static holiday table for year 2011. Install jpholiday or update market_calendar.py.
2026-09-20 06:46:01,535 [WARNING] leadlag.core.market_calendar: No static holiday table for year 2011. Install jpholiday or update market_calendar.py.
2026-09-20 06:46:01,535 [WARNING] leadlag.core.market_calendar: No static holiday table for year 2011. Install jpholiday or update market_calendar.py.
2026-09-20 06:46:01,535 [WARNING] leadlag.core.market_calendar: No static holiday table for year 2011. Install jpholiday or update market_calendar.py.
2026-09-20 06:46:01,535 [WARNING] leadlag.core.market_calendar: No static holiday table for year 2011. Install jpholiday or update market_calendar.py.
2026-09-20 06:46:01,535 [WARNING] leadlag.core.market_calendar: No static holiday table for year 2011. Install jpholiday or update market_calendar.py.
2026-09-20 06:46:01,536 [WARNING] leadlag.core.market_calendar: No static holiday table for year 2011. Install jpholiday or update market_calendar.py.
2026-09-20 06:46:01,536 [WARNING] leadlag.core.market_calendar: No static holiday table for year 2011. Install jpholiday or update market_calendar.py.
2026-09-20 06:46:01,536 [WARNING] leadlag.core.market_calendar: No static holiday table for year 2011. Install jpholiday or update market_calendar.py.
2026-09-20 06:46:01,536 [WARNING] leadlag.core.market_calendar: No static holiday table for year 2011. Install jpholiday or update market_calendar.py.
2026-09-20 06:46:01,536 [WARNING] leadlag.core.market_calendar: No static holiday table for year 2011. Install jpholiday or update market_calendar.py.
2026-09-20 06:46:01,536 [WARNING] leadlag.core.market_calendar: No static holiday table for year 2011. Install jpholiday or update market_calendar.py.
2026-09-20 06:46:01,536 [WARNING] leadlag.core.market_calendar: No static holiday table for year 2011. Install jpholiday or update market_calendar.py.
2026-09-20 06:46:01,536 [WARNING] leadlag.core.market_calendar: No static holiday table for year 2011. Install jpholiday or update market_calendar.py.
2026-09-20 06:46:01,537 [WARNING] leadlag.core.market_calendar: No static holiday table for year 2011. Install jpholiday or update market_calendar.py.
2026-09-20 06:46:01,537 [WARNING] leadlag.core.market_calendar: No static holiday table for year 2011. Install jpholiday or update market_calendar.py.
2026-09-20 06:46:01,537 [WARNING] leadlag.core.market_calendar: No static holiday table for year 2011. Install jpholiday or update market_calendar.py.
2026-09-20 06:46:01,537 [WARNING] leadlag.core.market_calendar: No static holiday table for year 2011. Install jpholiday or update market_calendar.py.
2026-09-20 06:46:01,537 [WARNING] leadlag.core.market_calendar: No static holiday table for year 2011. Install jpholiday or update market_calendar.py.
2026-09-20 06:46:01,537 [WARNING] leadlag.core.market_calendar: No static holiday table for year 2011. Install jpholiday or update market_calendar.py.
2026-09-20 06:46:01,538 [WARNING] leadlag.core.market_calendar: No static holiday table for year 2011. Install jpholiday or update market_calendar.py.
2026-09-20 06:46:01,538 [WARNING] leadlag.core.market_calendar: No static holiday table for year 2011. Install jpholiday or update market_calendar.py.
2026-09-20 06:46:01,538 [WARNING] leadlag.core.market_calendar: No static holiday table for year 2011. Install jpholiday or update market_calendar.py.
2026-09-20 06:46:01,538 [WARNING] leadlag.core.market_calendar: No static holiday table for year 2011. Install jpholiday or update market_calendar.py.
2026-09-20 06:46:01,538 [WARNING] leadlag.core.market_calendar: No static holiday table for year 2011. Install jpholiday or update market_calendar.py.
2026-09-20 06:46:01,538 [WARNING] leadlag.core.market_calendar: No static holiday table for year 2011. Install jpholiday or update market_calendar.py.
2026-09-20 06:46:01,539 [WARNING] leadlag.core.market_calendar: No static holiday table for year 2011. Install jpholiday or update market_calendar.py.
2026-09-20 06:46:01,539 [WARNING] leadlag.core.market_calendar: No static holiday table for year 2011. Install jpholiday or update market_calendar.py.
2026-09-20 06:46:01,539 [WARNING] leadlag.core.market_calendar: No static holiday table for year 2011. Install jpholiday or update market_calendar.py.
2026-09-20 06:46:01,539 [WARNING] leadlag.core.market_calendar: No static holiday table for year 2011. Install jpholiday or update market_calendar.py.
2026-09-20 06:46:01,539 [WARNING] leadlag.core.market_calendar: No static holiday table for year 2011. Install jpholiday or update market_calendar.py.
2026-09-20 06:46:01,539 [WARNING] leadlag.core.market_calendar: No static holiday table for year 2011. Install jpholiday or update market_calendar.py.
2026-09-20 06:46:01,540 [WARNING] leadlag.core.market_calendar: No static holiday table for year 2011. Install jpholiday or update market_calendar.py.
2026-09-20 06:46:01,540 [WARNING] leadlag.core.market_calendar: No static holiday table for year 2011. Install jpholiday or update market_calendar.py.
2026-09-20 06:46:01,540 [WARNING] leadlag.core.market_calendar: No static holiday table for year 2011. Install jpholiday or update market_calendar.py.
2026-09-20 06:46:01,540 [WARNING] leadlag.core.market_calendar: No static holiday table for year 2011. Install jpholiday or update market_calendar.py.
2026-09-20 06:46:01,540 [WARNING] leadlag.core.market_calendar: No static holiday table for year 2011. Install jpholiday or update market_calendar.py.
2026-09-20 06:46:01,540 [WARNING] leadlag.core.market_calendar: No static holiday table for year 2011. Install jpholiday or update market_calendar.py.
2026-09-20 06:46:01,540 [WARNING] leadlag.core.market_calendar: No static holiday table for year 2011. Install jpholiday or update market_calendar.py.
2026-09-20 06:46:01,540 [WARNING] leadlag.core.market_calendar: No static holiday table for year 2011. Install jpholiday or update market_calendar.py.
2026-09-20 06:46:01,541 [WARNING] leadlag.core.market_calendar: No static holiday table for year 2011. Install jpholiday or update market_calendar.py.
2026-09-20 06:46:01,541 [WARNING] leadlag.core.market_calendar: No static holiday table for year 2011. Install jpholiday or update market_calendar.py.
2026-09-20 06:46:01,541 [WARNING] leadlag.core.market_calendar: No static holiday table for year 2011. Install jpholiday or update market_calendar.py.
2026-09-20 06:46:01,541 [WARNING] leadlag.core.market_calendar: No static holiday table for year 2011. Install jpholiday or update market_calendar.py.
2026-09-20 06:46:01,541 [WARNING] leadlag.core.market_calendar: No static holiday table for year 2011. Install jpholiday or update market_calendar.py.
2026-09-20 06:46:01,541 [WARNING] leadlag.core.market_calendar: No static holiday table for year 2011. Install jpholiday or update market_calendar.py.
2026-09-20 06:46:01,541 [WARNING] leadlag.core.market_calendar: No static holiday table for year 2011. Install jpholiday or update market_calendar.py.
2026-09-20 06:46:01,542 [WARNING] leadlag.core.market_calendar: No static holiday table for year 2011. Install jpholiday or update market_calendar.py.
2026-09-20 06:46:01,542 [WARNING] leadlag.core.market_calendar: No static holiday table for year 2011. Install jpholiday or update market_calendar.py.
2026-09-20 06:46:01,542 [WARNING] leadlag.core.market_calendar: No static holiday table for year 2011. Install jpholiday or update market_calendar.py.
2026-09-20 06:46:01,542 [WARNING] leadlag.core.market_calendar: No static holiday table for year 2011. Install jpholiday or update market_calendar.py.
2026-09-20 06:46:01,542 [WARNING] leadlag.core.market_calendar: No static holiday table for year 2011. Install jpholiday or update market_calendar.py.
2026-09-20 06:46:01,542 [WARNING] leadlag.core.market_calendar: No static holiday table for year 2011. Install jpholiday or update market_calendar.py.
2026-09-20 06:46:01,542 [WARNING] leadlag.core.market_calendar: No static holiday table for year 2011. Install jpholiday or update market_calendar.py.
2026-09-20 06:46:01,543 [WARNING] leadlag.core.market_calendar: No static holiday table for year 2011. Install jpholiday or update market_calendar.py.
2026-09-20 06:46:01,543 [WARNING] leadlag.core.market_calendar: No static holiday table for year 2011. Install jpholiday or update market_calendar.py.
2026-09-20 06:46:01,543 [WARNING] leadlag.core.market_calendar: No static holiday table for year 2011. Install jpholiday or update market_calendar.py.
2026-09-20 06:46:01,543 [WARNING] leadlag.core.market_calendar: No static holiday table for year 2011. Install jpholiday or update market_calendar.py.
2026-09-20 06:46:01,543 [WARNING] leadlag.core.market_calendar: No static holiday table for year 2011. Install jpholiday or update market_calendar.py.
2026-09-20 06:46:01,543 [WARNING] leadlag.core.market_calendar: No static holiday table for year 2011. Install jpholiday or update market_calendar.py.
2026-09-20 06:46:01,544 [WARNING] leadlag.core.market_calendar: No static holiday table for year 2011. Install jpholiday or update market_calendar.py.
2026-09-20 06:46:01,544 [WARNING] leadlag.core.market_calendar: No static holiday table for year 2011. Install jpholiday or update market_calendar.py.
2026-09-20 06:46:01,544 [WARNING] leadlag.core.market_calendar: No static holiday table for year 2011. Install jpholiday or update market_calendar.py.
2026-09-20 06:46:01,544 [WARNING] leadlag.core.market_calendar: No static holiday table for year 2011. Install jpholiday or update market_calendar.py.
2026-09-20 06:46:01,544 [WARNING] leadlag.core.market_calendar: No static holiday table for year 2011. Install jpholiday or update market_calendar.py.
2026-09-20 06:46:01,545 [WARNING] leadlag.core.market_calendar: No static holiday table for year 2011. Install jpholiday or update market_calendar.py.
2026-09-20 06:46:01,545 [WARNING] leadlag.core.market_calendar: No static holiday table for year 2011. Install jpholiday or update market_calendar.py.
2026-09-20 06:46:01,545 [WARNING] leadlag.core.market_calendar: No static holiday table for year 2011. Install jpholiday or update market_calendar.py.
2026-09-20 06:46:01,545 [WARNING] leadlag.core.market_calendar: No static holiday table for year 2011. Install jpholiday or update market_calendar.py.
2026-09-20 06:46:01,545 [WARNING] leadlag.core.market_calendar: No static holiday table for year 2011. Install jpholiday or update market_calendar.py.
2026-09-20 06:46:01,546 [WARNING] leadlag.core.market_calendar: No static holiday table for year 2011. Install jpholiday or update market_calendar.py.
2026-09-20 06:46:01,546 [WARNING] leadlag.core.market_calendar: No static holiday table for year 2011. Install jpholiday or update market_calendar.py.
2026-09-20 06:46:01,546 [WARNING] leadlag.core.market_calendar: No static holiday table for year 2011. Install jpholiday or update market_calendar.py.
2026-09-20 06:46:01,546 [WARNING] leadlag.core.market_calendar: No static holiday table for year 2011. Install jpholiday or update market_calendar.py.
2026-09-20 06:46:01,546 [WARNING] leadlag.core.market_calendar: No static holiday table for year 2011. Install jpholiday or update market_calendar.py.
2026-09-20 06:46:01,547 [WARNING] leadlag.core.market_calendar: No static holiday table for year 2011. Install jpholiday or update market_calendar.py.
2026-09-20 06:46:01,547 [WARNING] leadlag.core.market_calendar: No static holiday table for year 2011. Install jpholiday or update market_calendar.py.
2026-09-20 06:46:01,547 [WARNING] leadlag.core.market_calendar: No static holiday table for year 2011. Install jpholiday or update market_calendar.py.
2026-09-20 06:46:01,547 [WARNING] leadlag.core.market_calendar: No static holiday table for year 2011. Install jpholiday or update market_calendar.py.
2026-09-20 06:46:01,547 [WARNING] leadlag.core.market_calendar: No static holiday table for year 2011. Install jpholiday or update market_calendar.py.
2026-09-20 06:46:01,547 [WARNING] leadlag.core.market_calendar: No static holiday table for year 2011. Install jpholiday or update market_calendar.py.
2026-09-20 06:46:01,547 [WARNING] leadlag.core.market_calendar: No static holiday table for year 2011. Install jpholiday or update market_calendar.py.
2026-09-20 06:46:01,548 [WARNING] leadlag.core.market_calendar: No static holiday table for year 2011. Install jpholiday or update market_calendar.py.
2026-09-20 06:46:01,548 [WARNING] leadlag.core.market_calendar: No static holiday table for year 2011. Install jpholiday or update market_calendar.py.
2026-09-20 06:46:01,548 [WARNING] leadlag.core.market_calendar: No static holiday table for year 2011. Install jpholiday or update market_calendar.py.
2026-09-20 06:46:01,548 [WARNING] leadlag.core.market_calendar: No static holiday table for year 2011. Install jpholiday or update market_calendar.py.
2026-09-20 06:46:01,548 [WARNING] leadlag.core.market_calendar: No static holiday table for year 2011. Install jpholiday or update market_calendar.py.
2026-09-20 06:46:01,548 [WARNING] leadlag.core.market_calendar: No static holiday table for year 2011. Install jpholiday or update market_calendar.py.
2026-09-20 06:46:01,549 [WARNING] leadlag.core.market_calendar: No static holiday table for year 2011. Install jpholiday or update market_calendar.py.
2026-09-20 06:46:01,549 [WARNING] leadlag.core.market_calendar: No static holiday table for year 2011. Install jpholiday or update market_calendar.py.
2026-09-20 06:46:01,549 [WARNING] leadlag.core.market_calendar: No static holiday table for year 2011. Install jpholiday or update market_calendar.py.
2026-09-20 06:46:01,549 [WARNING] leadlag.core.market_calendar: No static holiday table for year 2011. Install jpholiday or update market_calendar.py.
2026-09-20 06:46:01,549 [WARNING] leadlag.core.market_calendar: No static holiday table for year 2011. Install jpholiday or update market_calendar.py.
2026-09-20 06:46:01,549 [WARNING] leadlag.core.market_calendar: No static holiday table for year 2011. Install jpholiday or update market_calendar.py.
2026-09-20 06:46:01,549 [WARNING] leadlag.core.market_calendar: No static holiday table for year 2011. Install jpholiday or update market_calendar.py.
2026-09-20 06:46:01,550 [WARNING] leadlag.core.market_calendar: No static holiday table for year 2011. Install jpholiday or update market_calendar.py.
2026-09-20 06:46:01,550 [WARNING] leadlag.core.market_calendar: No static holiday table for year 2011. Install jpholiday or update market_calendar.py.
2026-09-20 06:46:01,550 [WARNING] leadlag.core.market_calendar: No static holiday table for year 2011. Install jpholiday or update market_calendar.py.
2026-09-20 06:46:01,550 [WARNING] leadlag.core.market_calendar: No static holiday table for year 2011. Install jpholiday or update market_calendar.py.
2026-09-20 06:46:01,550 [WARNING] leadlag.core.market_calendar: No static holiday table for year 2011. Install jpholiday or update market_calendar.py.
2026-09-20 06:46:01,550 [WARNING] leadlag.core.market_calendar: No static holiday table for year 2011. Install jpholiday or update market_calendar.py.
2026-09-20 06:46:01,550 [WARNING] leadlag.core.market_calendar: No static holiday table for year 2011. Install jpholiday or update market_calendar.py.
2026-09-20 06:46:01,551 [WARNING] leadlag.core.market_calendar: No static holiday table for year 2011. Install jpholiday or update market_calendar.py.
2026-09-20 06:46:01,551 [WARNING] leadlag.core.market_calendar: No static holiday table for year 2011. Install jpholiday or update market_calendar.py.
2026-09-20 06:46:01,551 [WARNING] leadlag.core.market_calendar: No static holiday table for year 2011. Install jpholiday or update market_calendar.py.
2026-09-20 06:46:01,551 [WARNING] leadlag.core.market_calendar: No static holiday table for year 2011. Install jpholiday or update market_calendar.py.
2026-09-20 06:46:01,551 [WARNING] leadlag.core.market_calendar: No static holiday table for year 2011. Install jpholiday or update market_calendar.py.
2026-09-20 06:46:01,551 [WARNING] leadlag.core.market_calendar: No static holiday table for year 2011. Install jpholiday or update market_calendar.py.
2026-09-20 06:46:01,551 [WARNING] leadlag.core.market_calendar: No static holiday table for year 2011. Install jpholiday or update market_calendar.py.
2026-09-20 06:46:01,552 [WARNING] leadlag.core.market_calendar: No static holiday table for year 2011. Install jpholiday or update market_calendar.py.
2026-09-20 06:46:01,552 [WARNING] leadlag.core.market_calendar: No static holiday table for year 2011. Install jpholiday or update market_calendar.py.
2026-09-20 06:46:01,552 [WARNING] leadlag.core.market_calendar: No static holiday table for year 2011. Install jpholiday or update market_calendar.py.
2026-09-20 06:46:01,552 [WARNING] leadlag.core.market_calendar: No static holiday table for year 2011. Install jpholiday or update market_calendar.py.
2026-09-20 06:46:01,552 [WARNING] leadlag.core.market_calendar: No static holiday table for year 2011. Install jpholiday or update market_calendar.py.
2026-09-20 06:46:01,552 [WARNING] leadlag.core.market_calendar: No static holiday table for year 2011. Install jpholiday or update market_calendar.py.
2026-09-20 06:46:01,552 [WARNING] leadlag.core.market_calendar: No static holiday table for year 2011. Install jpholiday or update market_calendar.py.
2026-09-20 06:46:01,552 [WARNING] leadlag.core.market_calendar: No static holiday table for year 2011. Install jpholiday or update market_calendar.py.
2026-09-20 06:46:01,553 [WARNING] leadlag.core.market_calendar: No static holiday table for year 2011. Install jpholiday or update market_calendar.py.
2026-09-20 06:46:01,553 [WARNING] leadlag.core.market_calendar: No static holiday table for year 2011. Install jpholiday or update market_calendar.py.
2026-09-20 06:46:01,553 [WARNING] leadlag.core.market_calendar: No static holiday table for year 2011. Install jpholiday or update market_calendar.py.
2026-09-20 06:46:01,553 [WARNING] leadlag.core.market_calendar: No static holiday table for year 2011. Install jpholiday or update market_calendar.py.
2026-09-20 06:46:01,553 [WARNING] leadlag.core.market_calendar: No static holiday table for year 2011. Install jpholiday or update market_calendar.py.
2026-09-20 06:46:01,553 [WARNING] leadlag.core.market_calendar: No static holiday table for year 2011. Install jpholiday or update market_calendar.py.
2026-09-20 06:46:01,553 [WARNING] leadlag.core.market_calendar: No static holiday table for year 2011. Install jpholiday or update market_calendar.py.
2026-09-20 06:46:01,554 [WARNING] leadlag.core.market_calendar: No static holiday table for year 2011. Install jpholiday or update market_calendar.py.
2026-09-20 06:46:01,554 [WARNING] leadlag.core.market_calendar: No static holiday table for year 2011. Install jpholiday or update market_calendar.py.
2026-09-20 06:46:01,554 [WARNING] leadlag.core.market_calendar: No static holiday table for year 2011. Install jpholiday or update market_calendar.py.
2026-09-20 06:46:01,554 [WARNING] leadlag.core.market_calendar: No static holiday table for year 2011. Install jpholiday or update market_calendar.py.
2026-09-20 06:46:01,554 [WARNING] leadlag.core.market_calendar: No static holiday table for year 2011. Install jpholiday or update market_calendar.py.
2026-09-20 06:46:01,554 [WARNING] leadlag.core.market_calendar: No static holiday table for year 2011. Install jpholiday or update market_calendar.py.
2026-09-20 06:46:01,554 [WARNING] leadlag.core.market_calendar: No static holiday table for year 2011. Install jpholiday or update market_calendar.py.
2026-09-20 06:46:01,554 [WARNING] leadlag.core.market_calendar: No static holiday table for year 2011. Install jpholiday or update market_calendar.py.
2026-09-20 06:46:01,555 [WARNING] leadlag.core.market_calendar: No static holiday table for year 2011. Install jpholiday or update market_calendar.py.
2026-09-20 06:46:01,555 [WARNING] leadlag.core.market_calendar: No static holiday table for year 2011. Install jpholiday or update market_calendar.py.
2026-09-20 06:46:01,555 [WARNING] leadlag.core.market_calendar: No static holiday table for year 2011. Install jpholiday or update market_calendar.py.
2026-09-20 06:46:01,555 [WARNING] leadlag.core.market_calendar: No static holiday table for year 2011. Install jpholiday or update market_calendar.py.
2026-09-20 06:46:01,555 [WARNING] leadlag.core.market_calendar: No static holiday table for year 2011. Install jpholiday or update market_calendar.py.
2026-09-20 06:46:01,555 [WARNING] leadlag.core.market_calendar: No static holiday table for year 2011. Install jpholiday or update market_calendar.py.
2026-09-20 06:46:01,555 [WARNING] leadlag.core.market_calendar: No static holiday table for year 2012. Install jpholiday or update market_calendar.py.
2026-09-20 06:46:01,556 [WARNING] leadlag.core.market_calendar: No static holiday table for year 2012. Install jpholiday or update market_calendar.py.
2026-09-20 06:46:01,556 [WARNING] leadlag.core.market_calendar: No static holiday table for year 2012. Install jpholiday or update market_calendar.py.
2026-09-20 06:46:01,556 [WARNING] leadlag.core.market_calendar: No static holiday table for year 2012. Install jpholiday or update market_calendar.py.
2026-09-20 06:46:01,556 [WARNING] leadlag.core.market_calendar: No static holiday table for year 2012. Install jpholiday or update market_calendar.py.
2026-09-20 06:46:01,556 [WARNING] leadlag.core.market_calendar: No static holiday table for year 2012. Install jpholiday or update market_calendar.py.
2026-09-20 06:46:01,556 [WARNING] leadlag.core.market_calendar: No static holiday table for year 2012. Install jpholiday or update market_calendar.py.
2026-09-20 06:46:01,557 [WARNING] leadlag.core.market_calendar: No static holiday table for year 2012. Install jpholiday or update market_calendar.py.
2026-09-20 06:46:01,557 [WARNING] leadlag.core.market_calendar: No static holiday table for year 2012. Install jpholiday or update market_calendar.py.
2026-09-20 06:46:01,557 [WARNING] leadlag.core.market_calendar: No static holiday table for year 2012. Install jpholiday or update market_calendar.py.
2026-09-20 06:46:01,557 [WARNING] leadlag.core.market_calendar: No static holiday table for year 2012. Install jpholiday or update market_calendar.py.
2026-09-20 06:46:01,557 [WARNING] leadlag.core.market_calendar: No static holiday table for year 2012. Install jpholiday or update market_calendar.py.
2026-09-20 06:46:01,557 [WARNING] leadlag.core.market_calendar: No static holiday table for year 2012. Install jpholiday or update market_calendar.py.
2026-09-20 06:46:01,557 [WARNING] leadlag.core.market_calendar: No static holiday table for year 2012. Install jpholiday or update market_calendar.py.
2026-09-20 06:46:01,558 [WARNING] leadlag.core.market_calendar: No static holiday table for year 2012. Install jpholiday or update market_calendar.py.
2026-09-20 06:46:01,558 [WARNING] leadlag.core.market_calendar: No static holiday table for year 2012. Install jpholiday or update market_calendar.py.
2026-09-20 06:46:01,558 [WARNING] leadlag.core.market_calendar: No static holiday table for year 2012. Install jpholiday or update market_calendar.py.
2026-09-20 06:46:01,558 [WARNING] leadlag.core.market_calendar: No static holiday table for year 2012. Install jpholiday or update market_calendar.py.
2026-09-20 06:46:01,558 [WARNING] leadlag.core.market_calendar: No static holiday table for year 2012. Install jpholiday or update market_calendar.py.
2026-09-20 06:46:01,558 [WARNING] leadlag.core.market_calendar: No static holiday table for year 2012. Install jpholiday or update market_calendar.py.
2026-09-20 06:46:01,559 [WARNING] leadlag.core.market_calendar: No static holiday table for year 2012. Install jpholiday or update market_calendar.py.
2026-09-20 06:46:01,559 [WARNING] leadlag.core.market_calendar: No static holiday table for year 2012. Install jpholiday or update market_calendar.py.
2026-09-20 06:46:01,559 [WARNING] leadlag.core.market_calendar: No static holiday table for year 2012. Install jpholiday or update market_calendar.py.
2026-09-20 06:46:01,559 [WARNING] leadlag.core.market_calendar: No static holiday table for year 2012. Install jpholiday or update market_calendar.py.
2026-09-20 06:46:01,559 [WARNING] leadlag.core.market_calendar: No static holiday table for year 2012. Install jpholiday or update market_calendar.py.
2026-09-20 06:46:01,559 [WARNING] leadlag.core.market_calendar: No static holiday table for year 2012. Install jpholiday or update market_calendar.py.
2026-09-20 06:46:01,559 [WARNING] leadlag.core.market_calendar: No static holiday table for year 2012. Install jpholiday or update market_calendar.py.
2026-09-20 06:46:01,559 [WARNING] leadlag.core.market_calendar: No static holiday table for year 2012. Install jpholiday or update market_calendar.py.
2026-09-20 06:46:01,560 [WARNING] leadlag.core.market_calendar: No static holiday table for year 2012. Install jpholiday or update market_calendar.py.
2026-09-20 06:46:01,560 [WARNING] leadlag.core.market_calendar: No static holiday table for year 2012. Install jpholiday or update market_calendar.py.
2026-09-20 06:46:01,560 [WARNING] leadlag.core.market_calendar: No static holiday table for year 2012. Install jpholiday or update market_calendar.py.
2026-09-20 06:46:01,560 [WARNING] leadlag.core.market_calendar: No static holiday table for year 2012. Install jpholiday or update market_calendar.py.
2026-09-20 06:46:01,560 [WARNING] leadlag.core.market_calendar: No static holiday table for year 2012. Install jpholiday or update market_calendar.py.
2026-09-20 06:46:01,560 [WARNING] leadlag.core.market_calendar: No static holiday table for year 2012. Install jpholiday or update market_calendar.py.
2026-09-20 06:46:01,560 [WARNING] leadlag.core.market_calendar: No static holiday table for year 2012. Install jpholiday or update market_calendar.py.
2026-09-20 06:46:01,561 [WARNING] leadlag.core.market_calendar: No static holiday table for year 2012. Install jpholiday or update market_calendar.py.
2026-09-20 06:46:01,561 [WARNING] leadlag.core.market_calendar: No static holiday table for year 2012. Install jpholiday or update market_calendar.py.
2026-09-20 06:46:01,561 [WARNING] leadlag.core.market_calendar: No static holiday table for year 2012. Install jpholiday or update market_calendar.py.
2026-09-20 06:46:01,561 [WARNING] leadlag.core.market_calendar: No static holiday table for year 2012. Install jpholiday or update market_calendar.py.
2026-09-20 06:46:01,561 [WARNING] leadlag.core.market_calendar: No static holiday table for year 2012. Install jpholiday or update market_calendar.py.
2026-09-20 06:46:01,561 [WARNING] leadlag.core.market_calendar: No static holiday table for year 2012. Install jpholiday or update market_calendar.py.
2026-09-20 06:46:01,562 [WARNING] leadlag.core.market_calendar: No static holiday table for year 2012. Install jpholiday or update market_calendar.py.
2026-09-20 06:46:01,562 [WARNING] leadlag.core.market_calendar: No static holiday table for year 2012. Install jpholiday or update market_calendar.py.
2026-09-20 06:46:01,562 [WARNING] leadlag.core.market_calendar: No static holiday table for year 2012. Install jpholiday or update market_calendar.py.
2026-09-20 06:46:01,562 [WARNING] leadlag.core.market_calendar: No static holiday table for year 2012. Install jpholiday or update market_calendar.py.
2026-09-20 06:46:01,562 [WARNING] leadlag.core.market_calendar: No static holiday table for year 2012. Install jpholiday or update market_calendar.py.
2026-09-20 06:46:01,562 [WARNING] leadlag.core.market_calendar: No static holiday table for year 2012. Install jpholiday or update market_calendar.py.
2026-09-20 06:46:01,563 [WARNING] leadlag.core.market_calendar: No static holiday table for year 2012. Install jpholiday or update market_calendar.py.
2026-09-20 06:46:01,563 [WARNING] leadlag.core.market_calendar: No static holiday table for year 2012. Install jpholiday or update market_calendar.py.
2026-09-20 06:46:01,563 [WARNING] leadlag.core.market_calendar: No static holiday table for year 2012. Install jpholiday or update market_calendar.py.
2026-09-20 06:46:01,563 [WARNING] leadlag.core.market_calendar: No static holiday table for year 2012. Install jpholiday or update market_calendar.py.
2026-09-20 06:46:01,563 [WARNING] leadlag.core.market_calendar: No static holiday table for year 2012. Install jpholiday or update market_calendar.py.
2026-09-20 06:46:01,563 [WARNING] leadlag.core.market_calendar: No static holiday table for year 2012. Install jpholiday or update market_calendar.py.
2026-09-20 06:46:01,564 [WARNING] leadlag.core.market_calendar: No static holiday table for year 2012. Install jpholiday or update market_calendar.py.
2026-09-20 06:46:01,564 [WARNING] leadlag.core.market_calendar: No static holiday table for year 2012. Install jpholiday or update market_calendar.py.
2026-09-20 06:46:01,564 [WARNING] leadlag.core.market_calendar: No static holiday table for year 2012. Install jpholiday or update market_calendar.py.
2026-09-20 06:46:01,564 [WARNING] leadlag.core.market_calendar: No static holiday table for year 2012. Install jpholiday or update market_calendar.py.
2026-09-20 06:46:01,564 [WARNING] leadlag.core.market_calendar: No static holiday table for year 2012. Install jpholiday or update market_calendar.py.
2026-09-20 06:46:01,564 [WARNING] leadlag.core.market_calendar: No static holiday table for year 2012. Install jpholiday or update market_calendar.py.
2026-09-20 06:46:01,565 [WARNING] leadlag.core.market_calendar: No static holiday table for year 2012. Install jpholiday or update market_calendar.py.
2026-09-20 06:46:01,565 [WARNING] leadlag.core.market_calendar: No static holiday table for year 2012. Install jpholiday or update market_calendar.py.
2026-09-20 06:46:01,565 [WARNING] leadlag.core.market_calendar: No static holiday table for year 2012. Install jpholiday or update market_calendar.py.
2026-09-20 06:46:01,565 [WARNING] leadlag.core.market_calendar: No static holiday table for year 2012. Install jpholiday or update market_calendar.py.
2026-09-20 06:46:01,565 [WARNING] leadlag.core.market_calendar: No static holiday table for year 2012. Install jpholiday or update market_calendar.py.
2026-09-20 06:46:01,565 [WARNING] leadlag.core.market_calendar: No static holiday table for year 2012. Install jpholiday or update market_calendar.py.
2026-09-20 06:46:01,566 [WARNING] leadlag.core.market_calendar: No static holiday table for year 2012. Install jpholiday or update market_calendar.py.
2026-09-20 06:46:01,566 [WARNING] leadlag.core.market_calendar: No static holiday table for year 2012. Install jpholiday or update market_calendar.py.
2026-09-20 06:46:01,566 [WARNING] leadlag.core.market_calendar: No static holiday table for year 2012. Install jpholiday or update market_calendar.py.
2026-09-20 06:46:01,566 [WARNING] leadlag.core.market_calendar: No static holiday table for year 2012. Install jpholiday or update market_calendar.py.
2026-09-20 06:46:01,566 [WARNING] leadlag.core.market_calendar: No static holiday table for year 2012. Install jpholiday or update market_calendar.py.
2026-09-20 06:46:01,566 [WARNING] leadlag.core.market_calendar: No static holiday table for year 2012. Install jpholiday or update market_calendar.py.
2026-09-20 06:46:01,566 [WARNING] leadlag.core.market_calendar: No static holiday table for year 2012. Install jpholiday or update market_calendar.py.
2026-09-20 06:46:01,566 [WARNING] leadlag.core.market_calendar: No static holiday table for year 2012. Install jpholiday or update market_calendar.py.
2026-09-20 06:46:01,567 [WARNING] leadlag.core.market_calendar: No static holiday table for year 2012. Install jpholiday or update market_calendar.py.
2026-09-20 06:46:01,567 [WARNING] leadlag.core.market_calendar: No static holiday table for year 2012. Install jpholiday or update market_calendar.py.
2026-09-20 06:46:01,567 [WARNING] leadlag.core.market_calendar: No static holiday table for year 2012. Install jpholiday or update market_calendar.py.
2026-09-20 06:46:01,567 [WARNING] leadlag.core.market_calendar: No static holiday table for year 2012. Install jpholiday or update market_calendar.py.
2026-09-20 06:46:01,567 [WARNING] leadlag.core.market_calendar: No static holiday table for year 2012. Install jpholiday or update market_calendar.py.
2026-09-20 06:46:01,567 [WARNING] leadlag.core.market_calendar: No static holiday table for year 2012. Install jpholiday or update market_calendar.py.
2026-09-20 06:46:01,567 [WARNING] leadlag.core.market_calendar: No static holiday table for year 2012. Install jpholiday or update market_calendar.py.
2026-09-20 06:46:01,568 [WARNING] leadlag.core.market_calendar: No static holiday table for year 2012. Install jpholiday or update market_calendar.py.
2026-09-20 06:46:01,568 [WARNING] leadlag.core.market_calendar: No static holiday table for year 2012. Install jpholiday or update market_calendar.py.
2026-09-20 06:46:01,568 [WARNING] leadlag.core.market_calendar: No static holiday table for year 2012. Install jpholiday or update market_calendar.py.
2026-09-20 06:46:01,568 [WARNING] leadlag.core.market_calendar: No static holiday table for year 2012. Install jpholiday or update market_calendar.py.
2026-09-20 06:46:01,568 [WARNING] leadlag.core.market_calendar: No static holiday table for year 2012. Install jpholiday or update market_calendar.py.
2026-09-20 06:46:01,568 [WARNING] leadlag.core.market_calendar: No static holiday table for year 2012. Install jpholiday or update market_calendar.py.
2026-09-20 06:46:01,568 [WARNING] leadlag.core.market_calendar: No static holiday table for year 2012. Install jpholiday or update market_calendar.py.
2026-09-20 06:46:01,569 [WARNING] leadlag.core.market_calendar: No static holiday table for year 2012. Install jpholiday or update market_calendar.py.
2026-09-20 06:46:01,569 [WARNING] leadlag.core.market_calendar: No static holiday table for year 2012. Install jpholiday or update market_calendar.py.
2026-09-20 06:46:01,569 [WARNING] leadlag.core.market_calendar: No static holiday table for year 2012. Install jpholiday or update market_calendar.py.
2026-09-20 06:46:01,569 [WARNING] leadlag.core.market_calendar: No static holiday table for year 2012. Install jpholiday or update market_calendar.py.
2026-09-20 06:46:01,569 [WARNING] leadlag.core.market_calendar: No static holiday table for year 2012. Install jpholiday or update market_calendar.py.
2026-09-20 06:46:01,569 [WARNING] leadlag.core.market_calendar: No static holiday table for year 2012. Install jpholiday or update market_calendar.py.
2026-09-20 06:46:01,569 [WARNING] leadlag.core.market_calendar: No static holiday table for year 2012. Install jpholiday or update market_calendar.py.
2026-09-20 06:46:01,570 [WARNING] leadlag.core.market_calendar: No static holiday table for year 2012. Install jpholiday or update market_calendar.py.
2026-09-20 06:46:01,570 [WARNING] leadlag.core.market_calendar: No static holiday table for year 2012. Install jpholiday or update market_calendar.py.
2026-09-20 06:46:01,570 [WARNING] leadlag.core.market_calendar: No static holiday table for year 2012. Install jpholiday or update market_calendar.py.
2026-09-20 06:46:01,570 [WARNING] leadlag.core.market_calendar: No static holiday table for year 2012. Install jpholiday or update market_calendar.py.
2026-09-20 06:46:01,570 [WARNING] leadlag.core.market_calendar: No static holiday table for year 2012. Install jpholiday or update market_calendar.py.
2026-09-20 06:46:01,570 [WARNING] leadlag.core.market_calendar: No static holiday table for year 2012. Install jpholiday or update market_calendar.py.
2026-09-20 06:46:01,570 [WARNING] leadlag.core.market_calendar: No static holiday table for year 2012. Install jpholiday or update market_calendar.py.
2026-09-20 06:46:01,570 [WARNING] leadlag.core.market_calendar: No static holiday table for year 2012. Install jpholiday or update market_calendar.py.
2026-09-20 06:46:01,571 [WARNING] leadlag.core.market_calendar: No static holiday table for year 2012. Install jpholiday or update market_calendar.py.
2026-09-20 06:46:01,571 [WARNING] leadlag.core.market_calendar: No static holiday table for year 2012. Install jpholiday or update market_calendar.py.
2026-09-20 06:46:01,571 [WARNING] leadlag.core.market_calendar: No static holiday table for year 2012. Install jpholiday or update market_calendar.py.
2026-09-20 06:46:01,571 [WARNING] leadlag.core.market_calendar: No static holiday table for year 2012. Install jpholiday or update market_calendar.py.
2026-09-20 06:46:01,571 [WARNING] leadlag.core.market_calendar: No static holiday table for year 2012. Install jpholiday or update market_calendar.py.
2026-09-20 06:46:01,571 [WARNING] leadlag.core.market_calendar: No static holiday table for year 2012. Install jpholiday or update market_calendar.py.
2026-09-20 06:46:01,571 [WARNING] leadlag.core.market_calendar: No static holiday table for year 2012. Install jpholiday or update market_calendar.py.
2026-09-20 06:46:01,572 [WARNING] leadlag.core.market_calendar: No static holiday table for year 2012. Install jpholiday or update market_calendar.py.
2026-09-20 06:46:01,572 [WARNING] leadlag.core.market_calendar: No static holiday table for year 2012. Install jpholiday or update market_calendar.py.
2026-09-20 06:46:01,572 [WARNING] leadlag.core.market_calendar: No static holiday table for year 2012. Install jpholiday or update market_calendar.py.
2026-09-20 06:46:01,572 [WARNING] leadlag.core.market_calendar: No static holiday table for year 2012. Install jpholiday or update market_calendar.py.
2026-09-20 06:46:01,572 [WARNING] leadlag.core.market_calendar: No static holiday table for year 2012. Install jpholiday or update market_calendar.py.
2026-09-20 06:46:01,572 [WARNING] leadlag.core.market_calendar: No static holiday table for year 2012. Install jpholiday or update market_calendar.py.
2026-09-20 06:46:01,572 [WARNING] leadlag.core.market_calendar: No static holiday table for year 2012. Install jpholiday or update market_calendar.py.
2026-09-20 06:46:01,573 [WARNING] leadlag.core.market_calendar: No static holiday table for year 2012. Install jpholiday or update market_calendar.py.
2026-09-20 06:46:01,573 [WARNING] leadlag.core.market_calendar: No static holiday table for year 2012. Install jpholiday or update market_calendar.py.
2026-09-20 06:46:01,573 [WARNING] leadlag.core.market_calendar: No static holiday table for year 2012. Install jpholiday or update market_calendar.py.
2026-09-20 06:46:01,573 [WARNING] leadlag.core.market_calendar: No static holiday table for year 2012. Install jpholiday or update market_calendar.py.
2026-09-20 06:46:01,573 [WARNING] leadlag.core.market_calendar: No static holiday table for year 2012. Install jpholiday or update market_calendar.py.
2026-09-20 06:46:01,574 [WARNING] leadlag.core.market_calendar: No static holiday table for year 2012. Install jpholiday or update market_calendar.py.
2026-09-20 06:46:01,574 [WARNING] leadlag.core.market_calendar: No static holiday table for year 2012. Install jpholiday or update market_calendar.py.
2026-09-20 06:46:01,574 [WARNING] leadlag.core.market_calendar: No static holiday table for year 2012. Install jpholiday or update market_calendar.py.
2026-09-20 06:46:01,574 [WARNING] leadlag.core.market_calendar: No static holiday table for year 2012. Install jpholiday or update market_calendar.py.
2026-09-20 06:46:01,574 [WARNING] leadlag.core.market_calendar: No static holiday table for year 2012. Install jpholiday or update market_calendar.py.
2026-09-20 06:46:01,574 [WARNING] leadlag.core.market_calendar: No static holiday table for year 2012. Install jpholiday or update market_calendar.py.
2026-09-20 06:46:01,575 [WARNING] leadlag.core.market_calendar: No static holiday table for year 2012. Install jpholiday or update market_calendar.py.
2026-09-20 06:46:01,575 [WARNING] leadlag.core.market_calendar: No static holiday table for year 2012. Install jpholiday or update market_calendar.py.
2026-09-20 06:46:01,575 [WARNING] leadlag.core.market_calendar: No static holiday table for year 2012. Install jpholiday or update market_calendar.py.
2026-09-20 06:46:01,575 [WARNING] leadlag.core.market_calendar: No static holiday table for year 2012. Install jpholiday or update market_calendar.py.
2026-09-20 06:46:01,575 [WARNING] leadlag.core.market_calendar: No static holiday table for year 2012. Install jpholiday or update market_calendar.py.
2026-09-20 06:46:01,575 [WARNING] leadlag.core.market_calendar: No static holiday table for year 2012. Install jpholiday or update market_calendar.py.
2026-09-20 06:46:01,576 [WARNING] leadlag.core.market_calendar: No static holiday table for year 2012. Install jpholiday or update market_calendar.py.
2026-09-20 06:46:01,576 [WARNING] leadlag.core.market_calendar: No static holiday table for year 2012. Install jpholiday or update market_calendar.py.
2026-09-20 06:46:01,576 [WARNING] leadlag.core.market_calendar: No static holiday table for year 2012. Install jpholiday or update market_calendar.py.
2026-09-20 06:46:01,576 [WARNING] leadlag.core.market_calendar: No static holiday table for year 2012. Install jpholiday or update market_calendar.py.
2026-09-20 06:46:01,576 [WARNING] leadlag.core.market_calendar: No static holiday table for year 2012. Install jpholiday or update market_calendar.py.
2026-09-20 06:46:01,576 [WARNING] leadlag.core.market_calendar: No static holiday table for year 2012. Install jpholiday or update market_calendar.py.
2026-09-20 06:46:01,577 [WARNING] leadlag.core.market_calendar: No static holiday table for year 2012. Install jpholiday or update market_calendar.py.
2026-09-20 06:46:01,577 [WARNING] leadlag.core.market_calendar: No static holiday table for year 2012. Install jpholiday or update market_calendar.py.
2026-09-20 06:46:01,577 [WARNING] leadlag.core.market_calendar: No static holiday table for year 2012. Install jpholiday or update market_calendar.py.
2026-09-20 06:46:01,577 [WARNING] leadlag.core.market_calendar: No static holiday table for year 2012. Install jpholiday or update market_calendar.py.
2026-09-20 06:46:01,577 [WARNING] leadlag.core.market_calendar: No static holiday table for year 2012. Install jpholiday or update market_calendar.py.
2026-09-20 06:46:01,577 [WARNING] leadlag.core.market_calendar: No static holiday table for year 2012. Install jpholiday or update market_calendar.py.
2026-09-20 06:46:01,578 [WARNING] leadlag.core.market_calendar: No static holiday table for year 2012. Install jpholiday or update market_calendar.py.
2026-09-20 06:46:01,578 [WARNING] leadlag.core.market_calendar: No static holiday table for year 2012. Install jpholiday or update market_calendar.py.
2026-09-20 06:46:01,578 [WARNING] leadlag.core.market_calendar: No static holiday table for year 2012. Install jpholiday or update market_calendar.py.
2026-09-20 06:46:01,578 [WARNING] leadlag.core.market_calendar: No static holiday table for year 2012. Install jpholiday or update market_calendar.py.
2026-09-20 06:46:01,578 [WARNING] leadlag.core.market_calendar: No static holiday table for year 2012. Install jpholiday or update market_calendar.py.
2026-09-20 06:46:01,578 [WARNING] leadlag.core.market_calendar: No static holiday table for year 2012. Install jpholiday or update market_calendar.py.
2026-09-20 06:46:01,578 [WARNING] leadlag.core.market_calendar: No static holiday table for year 2012. Install jpholiday or update market_calendar.py.
2026-09-20 06:46:01,579 [WARNING] leadlag.core.market_calendar: No static holiday table for year 2012. Install jpholiday or update market_calendar.py.
2026-09-20 06:46:01,579 [WARNING] leadlag.core.market_calendar: No static holiday table for year 2012. Install jpholiday or update market_calendar.py.
2026-09-20 06:46:01,579 [WARNING] leadlag.core.market_calendar: No static holiday table for year 2012. Install jpholiday or update market_calendar.py.
2026-09-20 06:46:01,579 [WARNING] leadlag.core.market_calendar: No static holiday table for year 2012. Install jpholiday or update market_calendar.py.
2026-09-20 06:46:01,579 [WARNING] leadlag.core.market_calendar: No static holiday table for year 2012. Install jpholiday or update market_calendar.py.
2026-09-20 06:46:01,579 [WARNING] leadlag.core.market_calendar: No static holiday table for year 2012. Install jpholiday or update market_calendar.py.
2026-09-20 06:46:01,579 [WARNING] leadlag.core.market_calendar: No static holiday table for year 2012. Install jpholiday or update market_calendar.py.
2026-09-20 06:46:01,579 [WARNING] leadlag.core.market_calendar: No static holiday table for year 2012. Install jpholiday or update market_calendar.py.
2026-09-20 06:46:01,580 [WARNING] leadlag.core.market_calendar: No static holiday table for year 2012. Install jpholiday or update market_calendar.py.
2026-09-20 06:46:01,580 [WARNING] leadlag.core.market_calendar: No static holiday table for year 2012. Install jpholiday or update market_calendar.py.
2026-09-20 06:46:01,580 [WARNING] leadlag.core.market_calendar: No static holiday table for year 2012. Install jpholiday or update market_calendar.py.
2026-09-20 06:46:01,580 [WARNING] leadlag.core.market_calendar: No static holiday table for year 2012. Install jpholiday or update market_calendar.py.
2026-09-20 06:46:01,580 [WARNING] leadlag.core.market_calendar: No static holiday table for year 2012. Install jpholiday or update market_calendar.py.
2026-09-20 06:46:01,580 [WARNING] leadlag.core.market_calendar: No static holiday table for year 2012. Install jpholiday or update market_calendar.py.
2026-09-20 06:46:01,580 [WARNING] leadlag.core.market_calendar: No static holiday table for year 2012. Install jpholiday or update market_calendar.py.
2026-09-20 06:46:01,581 [WARNING] leadlag.core.market_calendar: No static holiday table for year 2012. Install jpholiday or update market_calendar.py.
2026-09-20 06:46:01,581 [WARNING] leadlag.core.market_calendar: No static holiday table for year 2012. Install jpholiday or update market_calendar.py.
2026-09-20 06:46:01,581 [WARNING] leadlag.core.market_calendar: No static holiday table for year 2012. Install jpholiday or update market_calendar.py.
2026-09-20 06:46:01,581 [WARNING] leadlag.core.market_calendar: No static holiday table for year 2012. Install jpholiday or update market_calendar.py.
2026-09-20 06:46:01,582 [WARNING] leadlag.core.market_calendar: No static holiday table for year 2012. Install jpholiday or update market_calendar.py.
2026-09-20 06:46:01,582 [WARNING] leadlag.core.market_calendar: No static holiday table for year 2012. Install jpholiday or update market_calendar.py.
2026-09-20 06:46:01,582 [WARNING] leadlag.core.market_calendar: No static holiday table for year 2012. Install jpholiday or update market_calendar.py.
2026-09-20 06:46:01,582 [WARNING] leadlag.core.market_calendar: No static holiday table for year 2012. Install jpholiday or update market_calendar.py.
2026-09-20 06:46:01,582 [WARNING] leadlag.core.market_calendar: No static holiday table for year 2012. Install jpholiday or update market_calendar.py.
2026-09-20 06:46:01,583 [WARNING] leadlag.core.market_calendar: No static holiday table for year 2012. Install jpholiday or update market_calendar.py.
2026-09-20 06:46:01,583 [WARNING] leadlag.core.market_calendar: No static holiday table for year 2012. Install jpholiday or update market_calendar.py.
2026-09-20 06:46:01,583 [WARNING] leadlag.core.market_calendar: No static holiday table for year 2012. Install jpholiday or update market_calendar.py.
2026-09-20 06:46:01,583 [WARNING] leadlag.core.market_calendar: No static holiday table for year 2012. Install jpholiday or update market_calendar.py.
2026-09-20 06:46:01,583 [WARNING] leadlag.core.market_calendar: No static holiday table for year 2012. Install jpholiday or update market_calendar.py.
2026-09-20 06:46:01,584 [WARNING] leadlag.core.market_calendar: No static holiday table for year 2012. Install jpholiday or update market_calendar.py.
2026-09-20 06:46:01,584 [WARNING] leadlag.core.market_calendar: No static holiday table for year 2012. Install jpholiday or update market_calendar.py.
2026-09-20 06:46:01,584 [WARNING] leadlag.core.market_calendar: No static holiday table for year 2012. Install jpholiday or update market_calendar.py.
2026-09-20 06:46:01,584 [WARNING] leadlag.core.market_calendar: No static holiday table for year 2012. Install jpholiday or update market_calendar.py.
2026-09-20 06:46:01,585 [WARNING] leadlag.core.market_calendar: No static holiday table for year 2012. Install jpholiday or update market_calendar.py.
2026-09-20 06:46:01,585 [WARNING] leadlag.core.market_calendar: No static holiday table for year 2012. Install jpholiday or update market_calendar.py.
2026-09-20 06:46:01,585 [WARNING] leadlag.core.market_calendar: No static holiday table for year 2012. Install jpholiday or update market_calendar.py.
2026-09-20 06:46:01,585 [WARNING] leadlag.core.market_calendar: No static holiday table for year 2012. Install jpholiday or update market_calendar.py.
2026-09-20 06:46:01,585 [WARNING] leadlag.core.market_calendar: No static holiday table for year 2012. Install jpholiday or update market_calendar.py.
2026-09-20 06:46:01,585 [WARNING] leadlag.core.market_calendar: No static holiday table for year 2012. Install jpholiday or update market_calendar.py.
2026-09-20 06:46:01,585 [WARNING] leadlag.core.market_calendar: No static holiday table for year 2012. Install jpholiday or update market_calendar.py.
2026-09-20 06:46:01,586 [WARNING] leadlag.core.market_calendar: No static holiday table for year 2012. Install jpholiday or update market_calendar.py.
2026-09-20 06:46:01,586 [WARNING] leadlag.core.market_calendar: No static holiday table for year 2012. Install jpholiday or update market_calendar.py.
2026-09-20 06:46:01,586 [WARNING] leadlag.core.market_calendar: No static holiday table for year 2012. Install jpholiday or update market_calendar.py.
2026-09-20 06:46:01,586 [WARNING] leadlag.core.market_calendar: No static holiday table for year 2012. Install jpholiday or update market_calendar.py.
2026-09-20 06:46:01,586 [WARNING] leadlag.core.market_calendar: No static holiday table for year 2012. Install jpholiday or update market_calendar.py.
2026-09-20 06:46:01,586 [WARNING] leadlag.core.market_calendar: No static holiday table for year 2012. Install jpholiday or update market_calendar.py.
2026-09-20 06:46:01,587 [WARNING] leadlag.core.market_calendar: No static holiday table for year 2012. Install jpholiday or update market_calendar.py.
2026-09-20 06:46:01,587 [WARNING] leadlag.core.market_calendar: No static holiday table for year 2012. Install jpholiday or update market_calendar.py.
2026-09-20 06:46:01,587 [WARNING] leadlag.core.market_calendar: No static holiday table for year 2012. Install jpholiday or update market_calendar.py.
2026-09-20 06:46:01,587 [WARNING] leadlag.core.market_calendar: No static holiday table for year 2012. Install jpholiday or update market_calendar.py.
2026-09-20 06:46:01,587 [WARNING] leadlag.core.market_calendar: No static holiday table for year 2012. Install jpholiday or update market_calendar.py.
2026-09-20 06:46:01,587 [WARNING] leadlag.core.market_calendar: No static holiday table for year 2012. Install jpholiday or update market_calendar.py.
2026-09-20 06:46:01,588 [WARNING] leadlag.core.market_calendar: No static holiday table for year 2012. Install jpholiday or update market_calendar.py.
2026-09-20 06:46:01,588 [WARNING] leadlag.core.market_calendar: No static holiday table for year 2012. Install jpholiday or update market_calendar.py.
2026-09-20 06:46:01,588 [WARNING] leadlag.core.market_calendar: No static holiday table for year 2012. Install jpholiday or update market_calendar.py.
2026-09-20 06:46:01,588 [WARNING] leadlag.core.market_calendar: No static holiday table for year 2012. Install jpholiday or update market_calendar.py.
2026-09-20 06:46:01,588 [WARNING] leadlag.core.market_calendar: No static holiday table for year 2012. Install jpholiday or update market_calendar.py.
2026-09-20 06:46:01,588 [WARNING] leadlag.core.market_calendar: No static holiday table for year 2012. Install jpholiday or update market_calendar.py.
2026-09-20 06:46:01,588 [WARNING] leadlag.core.market_calendar: No static holiday table for year 2012. Install jpholiday or update market_calendar.py.
2026-09-20 06:46:01,589 [WARNING] leadlag.core.market_calendar: No static holiday table for year 2012. Install jpholiday or update market_calendar.py.
2026-09-20 06:46:01,589 [WARNING] leadlag.core.market_calendar: No static holiday table for year 2012. Install jpholiday or update market_calendar.py.
2026-09-20 06:46:01,589 [WARNING] leadlag.core.market_calendar: No static holiday table for year 2012. Install jpholiday or update market_calendar.py.
2026-09-20 06:46:01,589 [WARNING] leadlag.core.market_calendar: No static holiday table for year 2012. Install jpholiday or update market_calendar.py.
2026-09-20 06:46:01,589 [WARNING] leadlag.core.market_calendar: No static holiday table for year 2012. Install jpholiday or update market_calendar.py.
2026-09-20 06:46:01,589 [WARNING] leadlag.core.market_calendar: No static holiday table for year 2012. Install jpholiday or update market_calendar.py.
2026-09-20 06:46:01,589 [WARNING] leadlag.core.market_calendar: No static holiday table for year 2012. Install jpholiday or update market_calendar.py.
2026-09-20 06:46:01,590 [WARNING] leadlag.core.market_calendar: No static holiday table for year 2012. Install jpholiday or update market_calendar.py.
2026-09-20 06:46:01,590 [WARNING] leadlag.core.market_calendar: No static holiday table for year 2012. Install jpholiday or update market_calendar.py.
2026-09-20 06:46:01,590 [WARNING] leadlag.core.market_calendar: No static holiday table for year 2012. Install jpholiday or update market_calendar.py.
2026-09-20 06:46:01,590 [WARNING] leadlag.core.market_calendar: No static holiday table for year 2012. Install jpholiday or update market_calendar.py.
2026-09-20 06:46:01,590 [WARNING] leadlag.core.market_calendar: No static holiday table for year 2012. Install jpholiday or update market_calendar.py.
2026-09-20 06:46:01,590 [WARNING] leadlag.core.market_calendar: No static holiday table for year 2012. Install jpholiday or update market_calendar.py.
2026-09-20 06:46:01,590 [WARNING] leadlag.core.market_calendar: No static holiday table for year 2012. Install jpholiday or update market_calendar.py.
2026-09-20 06:46:01,591 [WARNING] leadlag.core.market_calendar: No static holiday table for year 2012. Install jpholiday or update market_calendar.py.
2026-09-20 06:46:01,591 [WARNING] leadlag.core.market_calendar: No static holiday table for year 2012. Install jpholiday or update market_calendar.py.
2026-09-20 06:46:01,591 [WARNING] leadlag.core.market_calendar: No static holiday table for year 2012. Install jpholiday or update market_calendar.py.
2026-09-20 06:46:01,591 [WARNING] leadlag.core.market_calendar: No static holiday table for year 2012. Install jpholiday or update market_calendar.py.
2026-09-20 06:46:01,591 [WARNING] leadlag.core.market_calendar: No static holiday table for year 2012. Install jpholiday or update market_calendar.py.
2026-09-20 06:46:01,591 [WARNING] leadlag.core.market_calendar: No static holiday table for year 2012. Install jpholiday or update market_calendar.py.
2026-09-20 06:46:01,591 [WARNING] leadlag.core.market_calendar: No static holiday table for year 2012. Install jpholiday or update market_calendar.py.
2026-09-20 06:46:01,592 [WARNING] leadlag.core.market_calendar: No static holiday table for year 2012. Install jpholiday or update market_calendar.py.
2026-09-20 06:46:01,592 [WARNING] leadlag.core.market_calendar: No static holiday table for year 2012. Install jpholiday or update market_calendar.py.
2026-09-20 06:46:01,592 [WARNING] leadlag.core.market_calendar: No static holiday table for year 2012. Install jpholiday or update market_calendar.py.
2026-09-20 06:46:01,592 [WARNING] leadlag.core.market_calendar: No static holiday table for year 2012. Install jpholiday or update market_calendar.py.
2026-09-20 06:46:01,592 [WARNING] leadlag.core.market_calendar: No static holiday table for year 2012. Install jpholiday or update market_calendar.py.
2026-09-20 06:46:01,592 [WARNING] leadlag.core.market_calendar: No static holiday table for year 2012. Install jpholiday or update market_calendar.py.
2026-09-20 06:46:01,592 [WARNING] leadlag.core.market_calendar: No static holiday table for year 2012. Install jpholiday or update market_calendar.py.
2026-09-20 06:46:01,592 [WARNING] leadlag.core.market_calendar: No static holiday table for year 2012. Install jpholiday or update market_calendar.py.
2026-09-20 06:46:01,593 [WARNING] leadlag.core.market_calendar: No static holiday table for year 2012. Install jpholiday or update market_calendar.py.
2026-09-20 06:46:01,593 [WARNING] leadlag.core.market_calendar: No static holiday table for year 2012. Install jpholiday or update market_calendar.py.
2026-09-20 06:46:01,593 [WARNING] leadlag.core.market_calendar: No static holiday table for year 2012. Install jpholiday or update market_calendar.py.
2026-09-20 06:46:01,593 [WARNING] leadlag.core.market_calendar: No static holiday table for year 2012. Install jpholiday or update market_calendar.py.
2026-09-20 06:46:01,593 [WARNING] leadlag.core.market_calendar: No static holiday table for year 2012. Install jpholiday or update market_calendar.py.
2026-09-20 06:46:01,593 [WARNING] leadlag.core.market_calendar: No static holiday table for year 2012. Install jpholiday or update market_calendar.py.
2026-09-20 06:46:01,593 [WARNING] leadlag.core.market_calendar: No static holiday table for year 2012. Install jpholiday or update market_calendar.py.
2026-09-20 06:46:01,594 [WARNING] leadlag.core.market_calendar: No static holiday table for year 2012. Install jpholiday or update market_calendar.py.
2026-09-20 06:46:01,594 [WARNING] leadlag.core.market_calendar: No static holiday table for year 2013. Install jpholiday or update market_calendar.py.
2026-09-20 06:46:01,594 [WARNING] leadlag.core.market_calendar: No static holiday table for year 2013. Install jpholiday or update market_calendar.py.
2026-09-20 06:46:01,594 [WARNING] leadlag.core.market_calendar: No static holiday table for year 2013. Install jpholiday or update market_calendar.py.
2026-09-20 06:46:01,594 [WARNING] leadlag.core.market_calendar: No static holiday table for year 2013. Install jpholiday or update market_calendar.py.
2026-09-20 06:46:01,594 [WARNING] leadlag.core.market_calendar: No static holiday table for year 2013. Install jpholiday or update market_calendar.py.
2026-09-20 06:46:01,595 [WARNING] leadlag.core.market_calendar: No static holiday table for year 2013. Install jpholiday or update market_calendar.py.
2026-09-20 06:46:01,595 [WARNING] leadlag.core.market_calendar: No static holiday table for year 2013. Install jpholiday or update market_calendar.py.
2026-09-20 06:46:01,595 [WARNING] leadlag.core.market_calendar: No static holiday table for year 2013. Install jpholiday or update market_calendar.py.
2026-09-20 06:46:01,595 [WARNING] leadlag.core.market_calendar: No static holiday table for year 2013. Install jpholiday or update market_calendar.py.
2026-09-20 06:46:01,595 [WARNING] leadlag.core.market_calendar: No static holiday table for year 2013. Install jpholiday or update market_calendar.py.
2026-09-20 06:46:01,595 [WARNING] leadlag.core.market_calendar: No static holiday table for year 2013. Install jpholiday or update market_calendar.py.
2026-09-20 06:46:01,596 [WARNING] leadlag.core.market_calendar: No static holiday table for year 2013. Install jpholiday or update market_calendar.py.
2026-09-20 06:46:01,596 [WARNING] leadlag.core.market_calendar: No static holiday table for year 2013. Install jpholiday or update market_calendar.py.
2026-09-20 06:46:01,596 [WARNING] leadlag.core.market_calendar: No static holiday table for year 2013. Install jpholiday or update market_calendar.py.
2026-09-20 06:46:01,596 [WARNING] leadlag.core.market_calendar: No static holiday table for year 2013. Install jpholiday or update market_calendar.py.
2026-09-20 06:46:01,596 [WARNING] leadlag.core.market_calendar: No static holiday table for year 2013. Install jpholiday or update market_calendar.py.
2026-09-20 06:46:01,596 [WARNING] leadlag.core.market_calendar: No static holiday table for year 2013. Install jpholiday or update market_calendar.py.
2026-09-20 06:46:01,596 [WARNING] leadlag.core.market_calendar: No static holiday table for year 2013. Install jpholiday or update market_calendar.py.
2026-09-20 06:46:01,597 [WARNING] leadlag.core.market_calendar: No static holiday table for year 2013. Install jpholiday or update market_calendar.py.
2026-09-20 06:46:01,597 [WARNING] leadlag.core.market_calendar: No static holiday table for year 2013. Install jpholiday or update market_calendar.py.
2026-09-20 06:46:01,597 [WARNING] leadlag.core.market_calendar: No static holiday table for year 2013. Install jpholiday or update market_calendar.py.
2026-09-20 06:46:01,597 [WARNING] leadlag.core.market_calendar: No static holiday table for year 2013. Install jpholiday or update market_calendar.py.
2026-09-20 06:46:01,597 [WARNING] leadlag.core.market_calendar: No static holiday table for year 2013. Install jpholiday or update market_calendar.py.
2026-09-20 06:46:01,597 [WARNING] leadlag.core.market_calendar: No static holiday table for year 2013. Install jpholiday or update market_calendar.py.
2026-09-20 06:46:01,597 [WARNING] leadlag.core.market_calendar: No static holiday table for year 2013. Install jpholiday or update market_calendar.py.
2026-09-20 06:46:01,597 [WARNING] leadlag.core.market_calendar: No static holiday table for year 2013. Install jpholiday or update market_calendar.py.
2026-09-20 06:46:01,598 [WARNING] leadlag.core.market_calendar: No static holiday table for year 2013. Install jpholiday or update market_calendar.py.
2026-09-20 06:46:01,598 [WARNING] leadlag.core.market_calendar: No static holiday table for year 2013. Install jpholiday or update market_calendar.py.
2026-09-20 06:46:01,598 [WARNING] leadlag.core.market_calendar: No static holiday table for year 2013. Install jpholiday or update market_calendar.py.
2026-09-20 06:46:01,598 [WARNING] leadlag.core.market_calendar: No static holiday table for year 2013. Install jpholiday or update market_calendar.py.
2026-09-20 06:46:01,598 [WARNING] leadlag.core.market_calendar: No static holiday table for year 2013. Install jpholiday or update market_calendar.py.
2026-09-20 06:46:01,598 [WARNING] leadlag.core.market_calendar: No static holiday table for year 2013. Install jpholiday or update market_calendar.py.
2026-09-20 06:46:01,598 [WARNING] leadlag.core.market_calendar: No static holiday table for year 2013. Install jpholiday or update market_calendar.py.
2026-09-20 06:46:01,598 [WARNING] leadlag.core.market_calendar: No static holiday table for year 2013. Install jpholiday or update market_calendar.py.
2026-09-20 06:46:01,599 [WARNING] leadlag.core.market_calendar: No static holiday table for year 2013. Install jpholiday or update market_calendar.py.
2026-09-20 06:46:01,599 [WARNING] leadlag.core.market_calendar: No static holiday table for year 2013. Install jpholiday or update market_calendar.py.
2026-09-20 06:46:01,599 [WARNING] leadlag.core.market_calendar: No static holiday table for year 2013. Install jpholiday or update market_calendar.py.
2026-09-20 06:46:01,599 [WARNING] leadlag.core.market_calendar: No static holiday table for year 2013. Install jpholiday or update market_calendar.py.
2026-09-20 06:46:01,599 [WARNING] leadlag.core.market_calendar: No static holiday table for year 2013. Install jpholiday or update market_calendar.py.
2026-09-20 06:46:01,599 [WARNING] leadlag.core.market_calendar: No static holiday table for year 2013. Install jpholiday or update market_calendar.py.
2026-09-20 06:46:01,600 [WARNING] leadlag.core.market_calendar: No static holiday table for year 2013. Install jpholiday or update market_calendar.py.
2026-09-20 06:46:01,600 [WARNING] leadlag.core.market_calendar: No static holiday table for year 2013. Install jpholiday or update market_calendar.py.
2026-09-20 06:46:01,600 [WARNING] leadlag.core.market_calendar: No static holiday table for year 2013. Install jpholiday or update market_calendar.py.
2026-09-20 06:46:01,600 [WARNING] leadlag.core.market_calendar: No static holiday table for year 2013. Install jpholiday or update market_calendar.py.
2026-09-20 06:46:01,600 [WARNING] leadlag.core.market_calendar: No static holiday table for year 2013. Install jpholiday or update market_calendar.py.
2026-09-20 06:46:01,600 [WARNING] leadlag.core.market_calendar: No static holiday table for year 2013. Install jpholiday or update market_calendar.py.
2026-09-20 06:46:01,600 [WARNING] leadlag.core.market_calendar: No static holiday table for year 2013. Install jpholiday or update market_calendar.py.
2026-09-20 06:46:01,601 [WARNING] leadlag.core.market_calendar: No static holiday table for year 2013. Install jpholiday or update market_calendar.py.
2026-09-20 06:46:01,601 [WARNING] leadlag.core.market_calendar: No static holiday table for year 2013. Install jpholiday or update market_calendar.py.
2026-09-20 06:46:01,601 [WARNING] leadlag.core.market_calendar: No static holiday table for year 2013. Install jpholiday or update market_calendar.py.
2026-09-20 06:46:01,601 [WARNING] leadlag.core.market_calendar: No static holiday table for year 2013. Install jpholiday or update market_calendar.py.
2026-09-20 06:46:01,601 [WARNING] leadlag.core.market_calendar: No static holiday table for year 2013. Install jpholiday or update market_calendar.py.
2026-09-20 06:46:01,602 [WARNING] leadlag.core.market_calendar: No static holiday table for year 2013. Install jpholiday or update market_calendar.py.
2026-09-20 06:46:01,602 [WARNING] leadlag.core.market_calendar: No static holiday table for year 2013. Install jpholiday or update market_calendar.py.
2026-09-20 06:46:01,602 [WARNING] leadlag.core.market_calendar: No static holiday table for year 2013. Install jpholiday or update market_calendar.py.
2026-09-20 06:46:01,602 [WARNING] leadlag.core.market_calendar: No static holiday table for year 2013. Install jpholiday or update market_calendar.py.
2026-09-20 06:46:01,602 [WARNING] leadlag.core.market_calendar: No static holiday table for year 2013. Install jpholiday or update market_calendar.py.
2026-09-20 06:46:01,602 [WARNING] leadlag.core.market_calendar: No static holiday table for year 2013. Install jpholiday or update market_calendar.py.
2026-09-20 06:46:01,603 [WARNING] leadlag.core.market_calendar: No static holiday table for year 2013. Install jpholiday or update market_calendar.py.
2026-09-20 06:46:01,603 [WARNING] leadlag.core.market_calendar: No static holiday table for year 2013. Install jpholiday or update market_calendar.py.
2026-09-20 06:46:01,603 [WARNING] leadlag.core.market_calendar: No static holiday table for year 2013. Install jpholiday or update market_calendar.py.
2026-09-20 06:46:01,603 [WARNING] leadlag.core.market_calendar: No static holiday table for year 2013. Install jpholiday or update market_calendar.py.
2026-09-20 06:46:01,603 [WARNING] leadlag.core.market_calendar: No static holiday table for year 2013. Install jpholiday or update market_calendar.py.
2026-09-20 06:46:01,603 [WARNING] leadlag.core.market_calendar: No static holiday table for year 2013. Install jpholiday or update market_calendar.py.
2026-09-20 06:46:01,603 [WARNING] leadlag.core.market_calendar: No static holiday table for year 2013. Install jpholiday or update market_calendar.py.
2026-09-20 06:46:01,603 [WARNING] leadlag.core.market_calendar: No static holiday table for year 2013. Install jpholiday or update market_calendar.py.
2026-09-20 06:46:01,604 [WARNING] leadlag.core.market_calendar: No static holiday table for year 2013. Install jpholiday or update market_calendar.py.
2026-09-20 06:46:01,604 [WARNING] leadlag.core.market_calendar: No static holiday table for year 2013. Install jpholiday or update market_calendar.py.
2026-09-20 06:46:01,604 [WARNING] leadlag.core.market_calendar: No static holiday table for year 2013. Install jpholiday or update market_calendar.py.
2026-09-20 06:46:01,604 [WARNING] leadlag.core.market_calendar: No static holiday table for year 2013. Install jpholiday or update market_calendar.py.
2026-09-20 06:46:01,604 [WARNING] leadlag.core.market_calendar: No static holiday table for year 2013. Install jpholiday or update market_calendar.py.
2026-09-20 06:46:01,604 [WARNING] leadlag.core.market_calendar: No static holiday table for year 2013. Install jpholiday or update market_calendar.py.
2026-09-20 06:46:01,604 [WARNING] leadlag.core.market_calendar: No static holiday table for year 2013. Install jpholiday or update market_calendar.py.
2026-09-20 06:46:01,605 [WARNING] leadlag.core.market_calendar: No static holiday table for year 2013. Install jpholiday or update market_calendar.py.
2026-09-20 06:46:01,605 [WARNING] leadlag.core.market_calendar: No static holiday table for year 2013. Install jpholiday or update market_calendar.py.
2026-09-20 06:46:01,605 [WARNING] leadlag.core.market_calendar: No static holiday table for year 2013. Install jpholiday or update market_calendar.py.
2026-09-20 06:46:01,605 [WARNING] leadlag.core.market_calendar: No static holiday table for year 2013. Install jpholiday or update market_calendar.py.
2026-09-20 06:46:01,605 [WARNING] leadlag.core.market_calendar: No static holiday table for year 2013. Install jpholiday or update market_calendar.py.
2026-09-20 06:46:01,605 [WARNING] leadlag.core.market_calendar: No static holiday table for year 2013. Install jpholiday or update market_calendar.py.
2026-09-20 06:46:01,605 [WARNING] leadlag.core.market_calendar: No static holiday table for year 2013. Install jpholiday or update market_calendar.py.
2026-09-20 06:46:01,605 [WARNING] leadlag.core.market_calendar: No static holiday table for year 2013. Install jpholiday or update market_calendar.py.
2026-09-20 06:46:01,606 [WARNING] leadlag.core.market_calendar: No static holiday table for year 2013. Install jpholiday or update market_calendar.py.
2026-09-20 06:46:01,606 [WARNING] leadlag.core.market_calendar: No static holiday table for year 2013. Install jpholiday or update market_calendar.py.
2026-09-20 06:46:01,606 [WARNING] leadlag.core.market_calendar: No static holiday table for year 2013. Install jpholiday or update market_calendar.py.
2026-09-20 06:46:01,606 [WARNING] leadlag.core.market_calendar: No static holiday table for year 2013. Install jpholiday or update market_calendar.py.
2026-09-20 06:46:01,606 [WARNING] leadlag.core.market_calendar: No static holiday table for year 2013. Install jpholiday or update market_calendar.py.
2026-09-20 06:46:01,606 [WARNING] leadlag.core.market_calendar: No static holiday table for year 2013. Install jpholiday or update market_calendar.py.
2026-09-20 06:46:01,606 [WARNING] leadlag.core.market_calendar: No static holiday table for year 2013. Install jpholiday or update market_calendar.py.
2026-09-20 06:46:01,607 [WARNING] leadlag.core.market_calendar: No static holiday table for year 2013. Install jpholiday or update market_calendar.py.
2026-09-20 06:46:01,607 [WARNING] leadlag.core.market_calendar: No static holiday table for year 2013. Install jpholiday or update market_calendar.py.
2026-09-20 06:46:01,607 [WARNING] leadlag.core.market_calendar: No static holiday table for year 2013. Install jpholiday or update market_calendar.py.
2026-09-20 06:46:01,607 [WARNING] leadlag.core.market_calendar: No static holiday table for year 2013. Install jpholiday or update market_calendar.py.
2026-09-20 06:46:01,607 [WARNING] leadlag.core.market_calendar: No static holiday table for year 2013. Install jpholiday or update market_calendar.py.
2026-09-20 06:46:01,607 [WARNING] leadlag.core.market_calendar: No static holiday table for year 2013. Install jpholiday or update market_calendar.py.
2026-09-20 06:46:01,607 [WARNING] leadlag.core.market_calendar: No static holiday table for year 2013. Install jpholiday or update market_calendar.py.
2026-09-20 06:46:01,607 [WARNING] leadlag.core.market_calendar: No static holiday table for year 2013. Install jpholiday or update market_calendar.py.
2026-09-20 06:46:01,608 [WARNING] leadlag.core.market_calendar: No static holiday table for year 2013. Install jpholiday or update market_calendar.py.
2026-09-20 06:46:01,608 [WARNING] leadlag.core.market_calendar: No static holiday table for year 2013. Install jpholiday or update market_calendar.py.
2026-09-20 06:46:01,608 [WARNING] leadlag.core.market_calendar: No static holiday table for year 2013. Install jpholiday or update market_calendar.py.
2026-09-20 06:46:01,608 [WARNING] leadlag.core.market_calendar: No static holiday table for year 2013. Install jpholiday or update market_calendar.py.
2026-09-20 06:46:01,608 [WARNING] leadlag.core.market_calendar: No static holiday table for year 2013. Install jpholiday or update market_calendar.py.
2026-09-20 06:46:01,608 [WARNING] leadlag.core.market_calendar: No static holiday table for year 2013. Install jpholiday or update market_calendar.py.
2026-09-20 06:46:01,608 [WARNING] leadlag.core.market_calendar: No static holiday table for year 2013. Install jpholiday or update market_calendar.py.
2026-09-20 06:46:01,609 [WARNING] leadlag.core.market_calendar: No static holiday table for year 2013. Install jpholiday or update market_calendar.py.
2026-09-20 06:46:01,609 [WARNING] leadlag.core.market_calendar: No static holiday table for year 2013. Install jpholiday or update market_calendar.py.
2026-09-20 06:46:01,609 [WARNING] leadlag.core.market_calendar: No static holiday table for year 2013. Install jpholiday or update market_calendar.py.
2026-09-20 06:46:01,609 [WARNING] leadlag.core.market_calendar: No static holiday table for year 2013. Install jpholiday or update market_calendar.py.
2026-09-20 06:46:01,609 [WARNING] leadlag.core.market_calendar: No static holiday table for year 2013. Install jpholiday or update market_calendar.py.
2026-09-20 06:46:01,609 [WARNING] leadlag.core.market_calendar: No static holiday table for year 2013. Install jpholiday or update market_calendar.py.
2026-09-20 06:46:01,609 [WARNING] leadlag.core.market_calendar: No static holiday table for year 2013. Install jpholiday or update market_calendar.py.
2026-09-20 06:46:01,609 [WARNING] leadlag.core.market_calendar: No static holiday table for year 2013. Install jpholiday or update market_calendar.py.
2026-09-20 06:46:01,610 [WARNING] leadlag.core.market_calendar: No static holiday table for year 2013. Install jpholiday or update market_calendar.py.
2026-09-20 06:46:01,610 [WARNING] leadlag.core.market_calendar: No static holiday table for year 2013. Install jpholiday or update market_calendar.py.
2026-09-20 06:46:01,610 [WARNING] leadlag.core.market_calendar: No static holiday table for year 2013. Install jpholiday or update market_calendar.py.
2026-09-20 06:46:01,610 [WARNING] leadlag.core.market_calendar: No static holiday table for year 2013. Install jpholiday or update market_calendar.py.
2026-09-20 06:46:01,610 [WARNING] leadlag.core.market_calendar: No static holiday table for year 2013. Install jpholiday or update market_calendar.py.
2026-09-20 06:46:01,610 [WARNING] leadlag.core.market_calendar: No static holiday table for year 2013. Install jpholiday or update market_calendar.py.
2026-09-20 06:46:01,610 [WARNING] leadlag.core.market_calendar: No static holiday table for year 2013. Install jpholiday or update market_calendar.py.
2026-09-20 06:46:01,611 [WARNING] leadlag.core.market_calendar: No static holiday table for year 2013. Install jpholiday or update market_calendar.py.
2026-09-20 06:46:01,611 [WARNING] leadlag.core.market_calendar: No static holiday table for year 2013. Install jpholiday or update market_calendar.py.
2026-09-20 06:46:01,611 [WARNING] leadlag.core.market_calendar: No static holiday table for year 2013. Install jpholiday or update market_calendar.py.
2026-09-20 06:46:01,611 [WARNING] leadlag.core.market_calendar: No static holiday table for year 2013. Install jpholiday or update market_calendar.py.
2026-09-20 06:46:01,611 [WARNING] leadlag.core.market_calendar: No static holiday table for year 2013. Install jpholiday or update market_calendar.py.
2026-09-20 06:46:01,611 [WARNING] leadlag.core.market_calendar: No static holiday table for year 2013. Install jpholiday or update market_calendar.py.
2026-09-20 06:46:01,612 [WARNING] leadlag.core.market_calendar: No static holiday table for year 2013. Install jpholiday or update market_calendar.py.
2026-09-20 06:46:01,612 [WARNING] leadlag.core.market_calendar: No static holiday table for year 2013. Install jpholiday or update market_calendar.py.
2026-09-20 06:46:01,612 [WARNING] leadlag.core.market_calendar: No static holiday table for year 2013. Install jpholiday or update market_calendar.py.
2026-09-20 06:46:01,612 [WARNING] leadlag.core.market_calendar: No static holiday table for year 2013. Install jpholiday or update market_calendar.py.
2026-09-20 06:46:01,612 [WARNING] leadlag.core.market_calendar: No static holiday table for year 2013. Install jpholiday or update market_calendar.py.
2026-09-20 06:46:01,612 [WARNING] leadlag.core.market_calendar: No static holiday table for year 2013. Install jpholiday or update market_calendar.py.
2026-09-20 06:46:01,612 [WARNING] leadlag.core.market_calendar: No static holiday table for year 2013. Install jpholiday or update market_calendar.py.
2026-09-20 06:46:01,613 [WARNING] leadlag.core.market_calendar: No static holiday table for year 2013. Install jpholiday or update market_calendar.py.
2026-09-20 06:46:01,613 [WARNING] leadlag.core.market_calendar: No static holiday table for year 2013. Install jpholiday or update market_calendar.py.
2026-09-20 06:46:01,613 [WARNING] leadlag.core.market_calendar: No static holiday table for year 2013. Install jpholiday or update market_calendar.py.
2026-09-20 06:46:01,613 [WARNING] leadlag.core.market_calendar: No static holiday table for year 2013. Install jpholiday or update market_calendar.py.
2026-09-20 06:46:01,613 [WARNING] leadlag.core.market_calendar: No static holiday table for year 2013. Install jpholiday or update market_calendar.py.
2026-09-20 06:46:01,613 [WARNING] leadlag.core.market_calendar: No static holiday table for year 2013. Install jpholiday or update market_calendar.py.
2026-09-20 06:46:01,614 [WARNING] leadlag.core.market_calendar: No static holiday table for year 2013. Install jpholiday or update market_calendar.py.
2026-09-20 06:46:01,614 [WARNING] leadlag.core.market_calendar: No static holiday table for year 2013. Install jpholiday or update market_calendar.py.
2026-09-20 06:46:01,614 [WARNING] leadlag.core.market_calendar: No static holiday table for year 2013. Install jpholiday or update market_calendar.py.
2026-09-20 06:46:01,614 [WARNING] leadlag.core.market_calendar: No static holiday table for year 2013. Install jpholiday or update market_calendar.py.
2026-09-20 06:46:01,614 [WARNING] leadlag.core.market_calendar: No static holiday table for year 2013. Install jpholiday or update market_calendar.py.
2026-09-20 06:46:01,614 [WARNING] leadlag.core.market_calendar: No static holiday table for year 2013. Install jpholiday or update market_calendar.py.
2026-09-20 06:46:01,614 [WARNING] leadlag.core.market_calendar: No static holiday table for year 2013. Install jpholiday or update market_calendar.py.
2026-09-20 06:46:01,615 [WARNING] leadlag.core.market_calendar: No static holiday table for year 2013. Install jpholiday or update market_calendar.py.
2026-09-20 06:46:01,615 [WARNING] leadlag.core.market_calendar: No static holiday table for year 2013. Install jpholiday or update market_calendar.py.
2026-09-20 06:46:01,615 [WARNING] leadlag.core.market_calendar: No static holiday table for year 2013. Install jpholiday or update market_calendar.py.
2026-09-20 06:46:01,615 [WARNING] leadlag.core.market_calendar: No static holiday table for year 2013. Install jpholiday or update market_calendar.py.
2026-09-20 06:46:01,615 [WARNING] leadlag.core.market_calendar: No static holiday table for year 2013. Install jpholiday or update market_calendar.py.
2026-09-20 06:46:01,615 [WARNING] leadlag.core.market_calendar: No static holiday table for year 2013. Install jpholiday or update market_calendar.py.
2026-09-20 06:46:01,615 [WARNING] leadlag.core.market_calendar: No static holiday table for year 2013. Install jpholiday or update market_calendar.py.
2026-09-20 06:46:01,615 [WARNING] leadlag.core.market_calendar: No static holiday table for year 2013. Install jpholiday or update market_calendar.py.
2026-09-20 06:46:01,616 [WARNING] leadlag.core.market_calendar: No static holiday table for year 2013. Install jpholiday or update market_calendar.py.
2026-09-20 06:46:01,616 [WARNING] leadlag.core.market_calendar: No static holiday table for year 2013. Install jpholiday or update market_calendar.py.
2026-09-20 06:46:01,616 [WARNING] leadlag.core.market_calendar: No static holiday table for year 2013. Install jpholiday or update market_calendar.py.
2026-09-20 06:46:01,616 [WARNING] leadlag.core.market_calendar: No static holiday table for year 2013. Install jpholiday or update market_calendar.py.
2026-09-20 06:46:01,616 [WARNING] leadlag.core.market_calendar: No static holiday table for year 2013. Install jpholiday or update market_calendar.py.
2026-09-20 06:46:01,616 [WARNING] leadlag.core.market_calendar: No static holiday table for year 2013. Install jpholiday or update market_calendar.py.
2026-09-20 06:46:01,616 [WARNING] leadlag.core.market_calendar: No static holiday table for year 2013. Install jpholiday or update market_calendar.py.
2026-09-20 06:46:01,617 [WARNING] leadlag.core.market_calendar: No static holiday table for year 2013. Install jpholiday or update market_calendar.py.
2026-09-20 06:46:01,617 [WARNING] leadlag.core.market_calendar: No static holiday table for year 2013. Install jpholiday or update market_calendar.py.
2026-09-20 06:46:01,617 [WARNING] leadlag.core.market_calendar: No static holiday table for year 2013. Install jpholiday or update market_calendar.py.
2026-09-20 06:46:01,617 [WARNING] leadlag.core.market_calendar: No static holiday table for year 2013. Install jpholiday or update market_calendar.py.
2026-09-20 06:46:01,617 [WARNING] leadlag.core.market_calendar: No static holiday table for year 2013. Install jpholiday or update market_calendar.py.
2026-09-20 06:46:01,617 [WARNING] leadlag.core.market_calendar: No static holiday table for year 2013. Install jpholiday or update market_calendar.py.
2026-09-20 06:46:01,617 [WARNING] leadlag.core.market_calendar: No static holiday table for year 2013. Install jpholiday or update market_calendar.py.
2026-09-20 06:46:01,618 [WARNING] leadlag.core.market_calendar: No static holiday table for year 2013. Install jpholiday or update market_calendar.py.
2026-09-20 06:46:01,618 [WARNING] leadlag.core.market_calendar: No static holiday table for year 2013. Install jpholiday or update market_calendar.py.
2026-09-20 06:46:01,618 [WARNING] leadlag.core.market_calendar: No static holiday table for year 2013. Install jpholiday or update market_calendar.py.
2026-09-20 06:46:01,618 [WARNING] leadlag.core.market_calendar: No static holiday table for year 2013. Install jpholiday or update market_calendar.py.
2026-09-20 06:46:01,619 [WARNING] leadlag.core.market_calendar: No static holiday table for year 2013. Install jpholiday or update market_calendar.py.
2026-09-20 06:46:01,619 [WARNING] leadlag.core.market_calendar: No static holiday table for year 2013. Install jpholiday or update market_calendar.py.
2026-09-20 06:46:01,619 [WARNING] leadlag.core.market_calendar: No static holiday table for year 2013. Install jpholiday or update market_calendar.py.
2026-09-20 06:46:01,619 [WARNING] leadlag.core.market_calendar: No static holiday table for year 2013. Install jpholiday or update market_calendar.py.
2026-09-20 06:46:01,619 [WARNING] leadlag.core.market_calendar: No static holiday table for year 2013. Install jpholiday or update market_calendar.py.
2026-09-20 06:46:01,620 [WARNING] leadlag.core.market_calendar: No static holiday table for year 2013. Install jpholiday or update market_calendar.py.
2026-09-20 06:46:01,620 [WARNING] leadlag.core.market_calendar: No static holiday table for year 2013. Install jpholiday or update market_calendar.py.
2026-09-20 06:46:01,620 [WARNING] leadlag.core.market_calendar: No static holiday table for year 2013. Install jpholiday or update market_calendar.py.
2026-09-20 06:46:01,620 [WARNING] leadlag.core.market_calendar: No static holiday table for year 2013. Install jpholiday or update market_calendar.py.
2026-09-20 06:46:01,620 [WARNING] leadlag.core.market_calendar: No static holiday table for year 2013. Install jpholiday or update market_calendar.py.
2026-09-20 06:46:01,621 [WARNING] leadlag.core.market_calendar: No static holiday table for year 2013. Install jpholiday or update market_calendar.py.
2026-09-20 06:46:01,621 [WARNING] leadlag.core.market_calendar: No static holiday table for year 2013. Install jpholiday or update market_calendar.py.
2026-09-20 06:46:01,621 [WARNING] leadlag.core.market_calendar: No static holiday table for year 2013. Install jpholiday or update market_calendar.py.
2026-09-20 06:46:01,621 [WARNING] leadlag.core.market_calendar: No static holiday table for year 2013. Install jpholiday or update market_calendar.py.
2026-09-20 06:46:01,621 [WARNING] leadlag.core.market_calendar: No static holiday table for year 2013. Install jpholiday or update market_calendar.py.
2026-09-20 06:46:01,622 [WARNING] leadlag.core.market_calendar: No static holiday table for year 2013. Install jpholiday or update market_calendar.py.
2026-09-20 06:46:01,622 [WARNING] leadlag.core.market_calendar: No static holiday table for year 2013. Install jpholiday or update market_calendar.py.
2026-09-20 06:46:01,622 [WARNING] leadlag.core.market_calendar: No static holiday table for year 2013. Install jpholiday or update market_calendar.py.
2026-09-20 06:46:01,622 [WARNING] leadlag.core.market_calendar: No static holiday table for year 2013. Install jpholiday or update market_calendar.py.
2026-09-20 06:46:01,622 [WARNING] leadlag.core.market_calendar: No static holiday table for year 2013. Install jpholiday or update market_calendar.py.
2026-09-20 06:46:01,622 [WARNING] leadlag.core.market_calendar: No static holiday table for year 2013. Install jpholiday or update market_calendar.py.
2026-09-20 06:46:01,622 [WARNING] leadlag.core.market_calendar: No static holiday table for year 2013. Install jpholiday or update market_calendar.py.
2026-09-20 06:46:01,623 [WARNING] leadlag.core.market_calendar: No static holiday table for year 2013. Install jpholiday or update market_calendar.py.
2026-09-20 06:46:01,623 [WARNING] leadlag.core.market_calendar: No static holiday table for year 2013. Install jpholiday or update market_calendar.py.
2026-09-20 06:46:01,623 [WARNING] leadlag.core.market_calendar: No static holiday table for year 2013. Install jpholiday or update market_calendar.py.
2026-09-20 06:46:01,623 [WARNING] leadlag.core.market_calendar: No static holiday table for year 2013. Install jpholiday or update market_calendar.py.
2026-09-20 06:46:01,623 [WARNING] leadlag.core.market_calendar: No static holiday table for year 2013. Install jpholiday or update market_calendar.py.
2026-09-20 06:46:01,623 [WARNING] leadlag.core.market_calendar: No static holiday table for year 2013. Install jpholiday or update market_calendar.py.
2026-09-20 06:46:01,624 [WARNING] leadlag.core.market_calendar: No static holiday table for year 2013. Install jpholiday or update market_calendar.py.
2026-09-20 06:46:01,624 [WARNING] leadlag.core.market_calendar: No static holiday table for year 2013. Install jpholiday or update market_calendar.py.
2026-09-20 06:46:01,624 [WARNING] leadlag.core.market_calendar: No static holiday table for year 2013. Install jpholiday or update market_calendar.py.
2026-09-20 06:46:01,624 [WARNING] leadlag.core.market_calendar: No static holiday table for year 2013. Install jpholiday or update market_calendar.py.
2026-09-20 06:46:01,624 [WARNING] leadlag.core.market_calendar: No static holiday table for year 2013. Install jpholiday or update market_calendar.py.
2026-09-20 06:46:01,624 [WARNING] leadlag.core.market_calendar: No static holiday table for year 2013. Install jpholiday or update market_calendar.py.
2026-09-20 06:46:01,625 [WARNING] leadlag.core.market_calendar: No static holiday table for year 2013. Install jpholiday or update market_calendar.py.
2026-09-20 06:46:01,625 [WARNING] leadlag.core.market_calendar: No static holiday table for year 2013. Install jpholiday or update market_calendar.py.
2026-09-20 06:46:01,625 [WARNING] leadlag.core.market_calendar: No static holiday table for year 2013. Install jpholiday or update market_calendar.py.
2026-09-20 06:46:01,625 [WARNING] leadlag.core.market_calendar: No static holiday table for year 2013. Install jpholiday or update market_calendar.py.
2026-09-20 06:46:01,625 [WARNING] leadlag.core.market_calendar: No static holiday table for year 2013. Install jpholiday or update market_calendar.py.
2026-09-20 06:46:01,625 [WARNING] leadlag.core.market_calendar: No static holiday table for year 2013. Install jpholiday or update market_calendar.py.
2026-09-20 06:46:01,625 [WARNING] leadlag.core.market_calendar: No static holiday table for year 2013. Install jpholiday or update market_calendar.py.
2026-09-20 06:46:01,626 [WARNING] leadlag.core.market_calendar: No static holiday table for year 2013. Install jpholiday or update market_calendar.py.
2026-09-20 06:46:01,626 [WARNING] leadlag.core.market_calendar: No static holiday table for year 2013. Install jpholiday or update market_calendar.py.
2026-09-20 06:46:01,626 [WARNING] leadlag.core.market_calendar: No static holiday table for year 2013. Install jpholiday or update market_calendar.py.
2026-09-20 06:46:01,626 [WARNING] leadlag.core.market_calendar: No static holiday table for year 2013. Install jpholiday or update market_calendar.py.
2026-09-20 06:46:01,626 [WARNING] leadlag.core.market_calendar: No static holiday table for year 2013. Install jpholiday or update market_calendar.py.
2026-09-20 06:46:01,626 [WARNING] leadlag.core.market_calendar: No static holiday table for year 2013. Install jpholiday or update market_calendar.py.
2026-09-20 06:46:01,626 [WARNING] leadlag.core.market_calendar: No static holiday table for year 2013. Install jpholiday or update market_calendar.py.
2026-09-20 06:46:01,626 [WARNING] leadlag.core.market_calendar: No static holiday table for year 2013. Install jpholiday or update market_calendar.py.
2026-09-20 06:46:01,627 [WARNING] leadlag.core.market_calendar: No static holiday table for year 2013. Install jpholiday or update market_calendar.py.
2026-09-20 06:46:01,627 [WARNING] leadlag.core.market_calendar: No static holiday table for year 2013. Install jpholiday or update market_calendar.py.
2026-09-20 06:46:01,627 [WARNING] leadlag.core.market_calendar: No static holiday table for year 2013. Install jpholiday or update market_calendar.py.
2026-09-20 06:46:01,627 [WARNING] leadlag.core.market_calendar: No static holiday table for year 2013. Install jpholiday or update market_calendar.py.
2026-09-20 06:46:01,627 [WARNING] leadlag.core.market_calendar: No static holiday table for year 2013. Install jpholiday or update market_calendar.py.
2026-09-20 06:46:01,627 [WARNING] leadlag.core.market_calendar: No static holiday table for year 2013. Install jpholiday or update market_calendar.py.
2026-09-20 06:46:01,627 [WARNING] leadlag.core.market_calendar: No static holiday table for year 2013. Install jpholiday or update market_calendar.py.
2026-09-20 06:46:01,628 [WARNING] leadlag.core.market_calendar: No static holiday table for year 2013. Install jpholiday or update market_calendar.py.
2026-09-20 06:46:01,628 [WARNING] leadlag.core.market_calendar: No static holiday table for year 2013. Install jpholiday or update market_calendar.py.
2026-09-20 06:46:01,628 [WARNING] leadlag.core.market_calendar: No static holiday table for year 2013. Install jpholiday or update market_calendar.py.
2026-09-20 06:46:01,628 [WARNING] leadlag.core.market_calendar: No static holiday table for year 2013. Install jpholiday or update market_calendar.py.
2026-09-20 06:46:01,628 [WARNING] leadlag.core.market_calendar: No static holiday table for year 2013. Install jpholiday or update market_calendar.py.
2026-09-20 06:46:01,628 [WARNING] leadlag.core.market_calendar: No static holiday table for year 2013. Install jpholiday or update market_calendar.py.
2026-09-20 06:46:01,628 [WARNING] leadlag.core.market_calendar: No static holiday table for year 2013. Install jpholiday or update market_calendar.py.
2026-09-20 06:46:01,629 [WARNING] leadlag.core.market_calendar: No static holiday table for year 2013. Install jpholiday or update market_calendar.py.
2026-09-20 06:46:01,629 [WARNING] leadlag.core.market_calendar: No static holiday table for year 2013. Install jpholiday or update market_calendar.py.
2026-09-20 06:46:01,629 [WARNING] leadlag.core.market_calendar: No static holiday table for year 2013. Install jpholiday or update market_calendar.py.
2026-09-20 06:46:01,629 [WARNING] leadlag.core.market_calendar: No static holiday table for year 2013. Install jpholiday or update market_calendar.py.
2026-09-20 06:46:01,629 [WARNING] leadlag.core.market_calendar: No static holiday table for year 2013. Install jpholiday or update market_calendar.py.
2026-09-20 06:46:01,629 [WARNING] leadlag.core.market_calendar: No static holiday table for year 2013. Install jpholiday or update market_calendar.py.
2026-09-20 06:46:01,629 [WARNING] leadlag.core.market_calendar: No static holiday table for year 2013. Install jpholiday or update market_calendar.py.
2026-09-20 06:46:01,630 [WARNING] leadlag.core.market_calendar: No static holiday table for year 2013. Install jpholiday or update market_calendar.py.
2026-09-20 06:46:01,630 [WARNING] leadlag.core.market_calendar: No static holiday table for year 2013. Install jpholiday or update market_calendar.py.
2026-09-20 06:46:01,630 [WARNING] leadlag.core.market_calendar: No static holiday table for year 2013. Install jpholiday or update market_calendar.py.
2026-09-20 06:46:01,630 [WARNING] leadlag.core.market_calendar: No static holiday table for year 2013. Install jpholiday or update market_calendar.py.
2026-09-20 06:46:01,630 [WARNING] leadlag.core.market_calendar: No static holiday table for year 2013. Install jpholiday or update market_calendar.py.
2026-09-20 06:46:01,630 [WARNING] leadlag.core.market_calendar: No static holiday table for year 2014. Install jpholiday or update market_calendar.py.
2026-09-20 06:46:01,630 [WARNING] leadlag.core.market_calendar: No static holiday table for year 2014. Install jpholiday or update market_calendar.py.
2026-09-20 06:46:01,631 [WARNING] leadlag.core.market_calendar: No static holiday table for year 2014. Install jpholiday or update market_calendar.py.
2026-09-20 06:46:01,631 [WARNING] leadlag.core.market_calendar: No static holiday table for year 2014. Install jpholiday or update market_calendar.py.
2026-09-20 06:46:01,631 [WARNING] leadlag.core.market_calendar: No static holiday table for year 2014. Install jpholiday or update market_calendar.py.
2026-09-20 06:46:01,631 [WARNING] leadlag.core.market_calendar: No static holiday table for year 2014. Install jpholiday or update market_calendar.py.
2026-09-20 06:46:01,631 [WARNING] leadlag.core.market_calendar: No static holiday table for year 2014. Install jpholiday or update market_calendar.py.
2026-09-20 06:46:01,631 [WARNING] leadlag.core.market_calendar: No static holiday table for year 2014. Install jpholiday or update market_calendar.py.
2026-09-20 06:46:01,632 [WARNING] leadlag.core.market_calendar: No static holiday table for year 2014. Install jpholiday or update market_calendar.py.
2026-09-20 06:46:01,632 [WARNING] leadlag.core.market_calendar: No static holiday table for year 2014. Install jpholiday or update market_calendar.py.
2026-09-20 06:46:01,632 [WARNING] leadlag.core.market_calendar: No static holiday table for year 2014. Install jpholiday or update market_calendar.py.
2026-09-20 06:46:01,632 [WARNING] leadlag.core.market_calendar: No static holiday table for year 2014. Install jpholiday or update market_calendar.py.
2026-09-20 06:46:01,632 [WARNING] leadlag.core.market_calendar: No static holiday table for year 2014. Install jpholiday or update market_calendar.py.
2026-09-20 06:46:01,632 [WARNING] leadlag.core.market_calendar: No static holiday table for year 2014. Install jpholiday or update market_calendar.py.
2026-09-20 06:46:01,632 [WARNING] leadlag.core.market_calendar: No static holiday table for year 2014. Install jpholiday or update market_calendar.py.
2026-09-20 06:46:01,633 [WARNING] leadlag.core.market_calendar: No static holiday table for year 2014. Install jpholiday or update market_calendar.py.
2026-09-20 06:46:01,633 [WARNING] leadlag.core.market_calendar: No static holiday table for year 2014. Install jpholiday or update market_calendar.py.
2026-09-20 06:46:01,633 [WARNING] leadlag.core.market_calendar: No static holiday table for year 2014. Install jpholiday or update market_calendar.py.
2026-09-20 06:46:01,633 [WARNING] leadlag.core.market_calendar: No static holiday table for year 2014. Install jpholiday or update market_calendar.py.
2026-09-20 06:46:01,633 [WARNING] leadlag.core.market_calendar: No static holiday table for year 2014. Install jpholiday or update market_calendar.py.
2026-09-20 06:46:01,633 [WARNING] leadlag.core.market_calendar: No static holiday table for year 2014. Install jpholiday or update market_calendar.py.
2026-09-20 06:46:01,634 [WARNING] leadlag.core.market_calendar: No static holiday table for year 2014. Install jpholiday or update market_calendar.py.
2026-09-20 06:46:01,634 [WARNING] leadlag.core.market_calendar: No static holiday table for year 2014. Install jpholiday or update market_calendar.py.
2026-09-20 06:46:01,634 [WARNING] leadlag.core.market_calendar: No static holiday table for year 2014. Install jpholiday or update market_calendar.py.
2026-09-20 06:46:01,634 [WARNING] leadlag.core.market_calendar: No static holiday table for year 2014. Install jpholiday or update market_calendar.py.
2026-09-20 06:46:01,634 [WARNING] leadlag.core.market_calendar: No static holiday table for year 2014. Install jpholiday or update market_calendar.py.
2026-09-20 06:46:01,634 [WARNING] leadlag.core.market_calendar: No static holiday table for year 2014. Install jpholiday or update market_calendar.py.
2026-09-20 06:46:01,634 [WARNING] leadlag.core.market_calendar: No static holiday table for year 2014. Install jpholiday or update market_calendar.py.
2026-09-20 06:46:01,635 [WARNING] leadlag.core.market_calendar: No static holiday table for year 2014. Install jpholiday or update market_calendar.py.
2026-09-20 06:46:01,635 [WARNING] leadlag.core.market_calendar: No static holiday table for year 2014. Install jpholiday or update market_calendar.py.
2026-09-20 06:46:01,635 [WARNING] leadlag.core.market_calendar: No static holiday table for year 2014. Install jpholiday or update market_calendar.py.
2026-09-20 06:46:01,635 [WARNING] leadlag.core.market_calendar: No static holiday table for year 2014. Install jpholiday or update market_calendar.py.
2026-09-20 06:46:01,635 [WARNING] leadlag.core.market_calendar: No static holiday table for year 2014. Install jpholiday or update market_calendar.py.
2026-09-20 06:46:01,635 [WARNING] leadlag.core.market_calendar: No static holiday table for year 2014. Install jpholiday or update market_calendar.py.
2026-09-20 06:46:01,635 [WARNING] leadlag.core.market_calendar: No static holiday table for year 2014. Install jpholiday or update market_calendar.py.
2026-09-20 06:46:01,635 [WARNING] leadlag.core.market_calendar: No static holiday table for year 2014. Install jpholiday or update market_calendar.py.
2026-09-20 06:46:01,636 [WARNING] leadlag.core.market_calendar: No static holiday table for year 2014. Install jpholiday or update market_calendar.py.
2026-09-20 06:46:01,636 [WARNING] leadlag.core.market_calendar: No static holiday table for year 2014. Install jpholiday or update market_calendar.py.
2026-09-20 06:46:01,636 [WARNING] leadlag.core.market_calendar: No static holiday table for year 2014. Install jpholiday or update market_calendar.py.
2026-09-20 06:46:01,636 [WARNING] leadlag.core.market_calendar: No static holiday table for year 2014. Install jpholiday or update market_calendar.py.
2026-09-20 06:46:01,636 [WARNING] leadlag.core.market_calendar: No static holiday table for year 2014. Install jpholiday or update market_calendar.py.
2026-09-20 06:46:01,636 [WARNING] leadlag.core.market_calendar: No static holiday table for year 2014. Install jpholiday or update market_calendar.py.
2026-09-20 06:46:01,637 [WARNING] leadlag.core.market_calendar: No static holiday table for year 2014. Install jpholiday or update market_calendar.py.
2026-09-20 06:46:01,637 [WARNING] leadlag.core.market_calendar: No static holiday table for year 2014. Install jpholiday or update market_calendar.py.
2026-09-20 06:46:01,637 [WARNING] leadlag.core.market_calendar: No static holiday table for year 2014. Install jpholiday or update market_calendar.py.
2026-09-20 06:46:01,637 [WARNING] leadlag.core.market_calendar: No static holiday table for year 2014. Install jpholiday or update market_calendar.py.
2026-09-20 06:46:01,637 [WARNING] leadlag.core.market_calendar: No static holiday table for year 2014. Install jpholiday or update market_calendar.py.
2026-09-20 06:46:01,638 [WARNING] leadlag.core.market_calendar: No static holiday table for year 2014. Install jpholiday or update market_calendar.py.
2026-09-20 06:46:01,638 [WARNING] leadlag.core.market_calendar: No static holiday table for year 2014. Install jpholiday or update market_calendar.py.
2026-09-20 06:46:01,638 [WARNING] leadlag.core.market_calendar: No static holiday table for year 2014. Install jpholiday or update market_calendar.py.
2026-09-20 06:46:01,638 [WARNING] leadlag.core.market_calendar: No static holiday table for year 2014. Install jpholiday or update market_calendar.py.
2026-09-20 06:46:01,638 [WARNING] leadlag.core.market_calendar: No static holiday table for year 2014. Install jpholiday or update market_calendar.py.
2026-09-20 06:46:01,639 [WARNING] leadlag.core.market_calendar: No static holiday table for year 2014. Install jpholiday or update market_calendar.py.
2026-09-20 06:46:01,639 [WARNING] leadlag.core.market_calendar: No static holiday table for year 2014. Install jpholiday or update market_calendar.py.
2026-09-20 06:46:01,639 [WARNING] leadlag.core.market_calendar: No static holiday table for year 2014. Install jpholiday or update market_calendar.py.
2026-09-20 06:46:01,639 [WARNING] leadlag.core.market_calendar: No static holiday table for year 2014. Install jpholiday or update market_calendar.py.
2026-09-20 06:46:01,639 [WARNING] leadlag.core.market_calendar: No static holiday table for year 2014. Install jpholiday or update market_calendar.py.
2026-09-20 06:46:01,639 [WARNING] leadlag.core.market_calendar: No static holiday table for year 2014. Install jpholiday or update market_calendar.py.
2026-09-20 06:46:01,640 [WARNING] leadlag.core.market_calendar: No static holiday table for year 2014. Install jpholiday or update market_calendar.py.
2026-09-20 06:46:01,640 [WARNING] leadlag.core.market_calendar: No static holiday table for year 2014. Install jpholiday or update market_calendar.py.
2026-09-20 06:46:01,640 [WARNING] leadlag.core.market_calendar: No static holiday table for year 2014. Install jpholiday or update market_calendar.py.
2026-09-20 06:46:01,640 [WARNING] leadlag.core.market_calendar: No static holiday table for year 2014. Install jpholiday or update market_calendar.py.
2026-09-20 06:46:01,640 [WARNING] leadlag.core.market_calendar: No static holiday table for year 2014. Install jpholiday or update market_calendar.py.
2026-09-20 06:46:01,640 [WARNING] leadlag.core.market_calendar: No static holiday table for year 2014. Install jpholiday or update market_calendar.py.
2026-09-20 06:46:01,640 [WARNING] leadlag.core.market_calendar: No static holiday table for year 2014. Install jpholiday or update market_calendar.py.
2026-09-20 06:46:01,641 [WARNING] leadlag.core.market_calendar: No static holiday table for year 2014. Install jpholiday or update market_calendar.py.
2026-09-20 06:46:01,641 [WARNING] leadlag.core.market_calendar: No static holiday table for year 2014. Install jpholiday or update market_calendar.py.
2026-09-20 06:46:01,641 [WARNING] leadlag.core.market_calendar: No static holiday table for year 2014. Install jpholiday or update market_calendar.py.
2026-09-20 06:46:01,641 [WARNING] leadlag.core.market_calendar: No static holiday table for year 2014. Install jpholiday or update market_calendar.py.
2026-09-20 06:46:01,641 [WARNING] leadlag.core.market_calendar: No static holiday table for year 2014. Install jpholiday or update market_calendar.py.
2026-09-20 06:46:01,641 [WARNING] leadlag.core.market_calendar: No static holiday table for year 2014. Install jpholiday or update market_calendar.py.
2026-09-20 06:46:01,641 [WARNING] leadlag.core.market_calendar: No static holiday table for year 2014. Install jpholiday or update market_calendar.py.
2026-09-20 06:46:01,642 [WARNING] leadlag.core.market_calendar: No static holiday table for year 2014. Install jpholiday or update market_calendar.py.
2026-09-20 06:46:01,642 [WARNING] leadlag.core.market_calendar: No static holiday table for year 2014. Install jpholiday or update market_calendar.py.
2026-09-20 06:46:01,642 [WARNING] leadlag.core.market_calendar: No static holiday table for year 2014. Install jpholiday or update market_calendar.py.
2026-09-20 06:46:01,642 [WARNING] leadlag.core.market_calendar: No static holiday table for year 2014. Install jpholiday or update market_calendar.py.
2026-09-20 06:46:01,642 [WARNING] leadlag.core.market_calendar: No static holiday table for year 2014. Install jpholiday or update market_calendar.py.
2026-09-20 06:46:01,642 [WARNING] leadlag.core.market_calendar: No static holiday table for year 2014. Install jpholiday or update market_calendar.py.
2026-09-20 06:46:01,642 [WARNING] leadlag.core.market_calendar: No static holiday table for year 2014. Install jpholiday or update market_calendar.py.
2026-09-20 06:46:01,642 [WARNING] leadlag.core.market_calendar: No static holiday table for year 2014. Install jpholiday or update market_calendar.py.
2026-09-20 06:46:01,643 [WARNING] leadlag.core.market_calendar: No static holiday table for year 2014. Install jpholiday or update market_calendar.py.
2026-09-20 06:46:01,643 [WARNING] leadlag.core.market_calendar: No static holiday table for year 2014. Install jpholiday or update market_calendar.py.
2026-09-20 06:46:01,643 [WARNING] leadlag.core.market_calendar: No static holiday table for year 2014. Install jpholiday or update market_calendar.py.
2026-09-20 06:46:01,643 [WARNING] leadlag.core.market_calendar: No static holiday table for year 2014. Install jpholiday or update market_calendar.py.
2026-09-20 06:46:01,643 [WARNING] leadlag.core.market_calendar: No static holiday table for year 2014. Install jpholiday or update market_calendar.py.
2026-09-20 06:46:01,643 [WARNING] leadlag.core.market_calendar: No static holiday table for year 2014. Install jpholiday or update market_calendar.py.
2026-09-20 06:46:01,643 [WARNING] leadlag.core.market_calendar: No static holiday table for year 2014. Install jpholiday or update market_calendar.py.
2026-09-20 06:46:01,644 [WARNING] leadlag.core.market_calendar: No static holiday table for year 2014. Install jpholiday or update market_calendar.py.
2026-09-20 06:46:01,644 [WARNING] leadlag.core.market_calendar: No static holiday table for year 2014. Install jpholiday or update market_calendar.py.
2026-09-20 06:46:01,644 [WARNING] leadlag.core.market_calendar: No static holiday table for year 2014. Install jpholiday or update market_calendar.py.
2026-09-20 06:46:01,644 [WARNING] leadlag.core.market_calendar: No static holiday table for year 2014. Install jpholiday or update market_calendar.py.
2026-09-20 06:46:01,644 [WARNING] leadlag.core.market_calendar: No static holiday table for year 2014. Install jpholiday or update market_calendar.py.
2026-09-20 06:46:01,644 [WARNING] leadlag.core.market_calendar: No static holiday table for year 2014. Install jpholiday or update market_calendar.py.
2026-09-20 06:46:01,644 [WARNING] leadlag.core.market_calendar: No static holiday table for year 2014. Install jpholiday or update market_calendar.py.
2026-09-20 06:46:01,645 [WARNING] leadlag.core.market_calendar: No static holiday table for year 2014. Install jpholiday or update market_calendar.py.
2026-09-20 06:46:01,645 [WARNING] leadlag.core.market_calendar: No static holiday table for year 2014. Install jpholiday or update market_calendar.py.
2026-09-20 06:46:01,645 [WARNING] leadlag.core.market_calendar: No static holiday table for year 2014. Install jpholiday or update market_calendar.py.
2026-09-20 06:46:01,645 [WARNING] leadlag.core.market_calendar: No static holiday table for year 2014. Install jpholiday or update market_calendar.py.
2026-09-20 06:46:01,645 [WARNING] leadlag.core.market_calendar: No static holiday table for year 2014. Install jpholiday or update market_calendar.py.
2026-09-20 06:46:01,645 [WARNING] leadlag.core.market_calendar: No static holiday table for year 2014. Install jpholiday or update market_calendar.py.
2026-09-20 06:46:01,646 [WARNING] leadlag.core.market_calendar: No static holiday table for year 2014. Install jpholiday or update market_calendar.py.
2026-09-20 06:46:01,646 [WARNING] leadlag.core.market_calendar: No static holiday table for year 2014. Install jpholiday or update market_calendar.py.
2026-09-20 06:46:01,646 [WARNING] leadlag.core.market_calendar: No static holiday table for year 2014. Install jpholiday or update market_calendar.py.
2026-09-20 06:46:01,646 [WARNING] leadlag.core.market_calendar: No static holiday table for year 2014. Install jpholiday or update market_calendar.py.
2026-09-20 06:46:01,646 [WARNING] leadlag.core.market_calendar: No static holiday table for year 2014. Install jpholiday or update market_calendar.py.
2026-09-20 06:46:01,646 [WARNING] leadlag.core.market_calendar: No static holiday table for year 2014. Install jpholiday or update market_calendar.py.
2026-09-20 06:46:01,646 [WARNING] leadlag.core.market_calendar: No static holiday table for year 2014. Install jpholiday or update market_calendar.py.
2026-09-20 06:46:01,646 [WARNING] leadlag.core.market_calendar: No static holiday table for year 2014. Install jpholiday or update market_calendar.py.
2026-09-20 06:46:01,647 [WARNING] leadlag.core.market_calendar: No static holiday table for year 2014. Install jpholiday or update market_calendar.py.
2026-09-20 06:46:01,647 [WARNING] leadlag.core.market_calendar: No static holiday table for year 2014. Install jpholiday or update market_calendar.py.
2026-09-20 06:46:01,647 [WARNING] leadlag.core.market_calendar: No static holiday table for year 2014. Install jpholiday or update market_calendar.py.
2026-09-20 06:46:01,647 [WARNING] leadlag.core.market_calendar: No static holiday table for year 2014. Install jpholiday or update market_calendar.py.
2026-09-20 06:46:01,647 [WARNING] leadlag.core.market_calendar: No static holiday table for year 2014. Install jpholiday or update market_calendar.py.
2026-09-20 06:46:01,647 [WARNING] leadlag.core.market_calendar: No static holiday table for year 2014. Install jpholiday or update market_calendar.py.
2026-09-20 06:46:01,647 [WARNING] leadlag.core.market_calendar: No static holiday table for year 2014. Install jpholiday or update market_calendar.py.
2026-09-20 06:46:01,648 [WARNING] leadlag.core.market_calendar: No static holiday table for year 2014. Install jpholiday or update market_calendar.py.
2026-09-20 06:46:01,648 [WARNING] leadlag.core.market_calendar: No static holiday table for year 2014. Install jpholiday or update market_calendar.py.
2026-09-20 06:46:01,648 [WARNING] leadlag.core.market_calendar: No static holiday table for year 2014. Install jpholiday or update market_calendar.py.
2026-09-20 06:46:01,648 [WARNING] leadlag.core.market_calendar: No static holiday table for year 2014. Install jpholiday or update market_calendar.py.
2026-09-20 06:46:01,648 [WARNING] leadlag.core.market_calendar: No static holiday table for year 2014. Install jpholiday or update market_calendar.py.
2026-09-20 06:46:01,648 [WARNING] leadlag.core.market_calendar: No static holiday table for year 2014. Install jpholiday or update market_calendar.py.
2026-09-20 06:46:01,648 [WARNING] leadlag.core.market_calendar: No static holiday table for year 2014. Install jpholiday or update market_calendar.py.
2026-09-20 06:46:01,649 [WARNING] leadlag.core.market_calendar: No static holiday table for year 2014. Install jpholiday or update market_calendar.py.
2026-09-20 06:46:01,649 [WARNING] leadlag.core.market_calendar: No static holiday table for year 2014. Install jpholiday or update market_calendar.py.
2026-09-20 06:46:01,649 [WARNING] leadlag.core.market_calendar: No static holiday table for year 2014. Install jpholiday or update market_calendar.py.
2026-09-20 06:46:01,649 [WARNING] leadlag.core.market_calendar: No static holiday table for year 2014. Install jpholiday or update market_calendar.py.
2026-09-20 06:46:01,649 [WARNING] leadlag.core.market_calendar: No static holiday table for year 2014. Install jpholiday or update market_calendar.py.
2026-09-20 06:46:01,649 [WARNING] leadlag.core.market_calendar: No static holiday table for year 2014. Install jpholiday or update market_calendar.py.
2026-09-20 06:46:01,649 [WARNING] leadlag.core.market_calendar: No static holiday table for year 2014. Install jpholiday or update market_calendar.py.
2026-09-20 06:46:01,650 [WARNING] leadlag.core.market_calendar: No static holiday table for year 2014. Install jpholiday or update market_calendar.py.
2026-09-20 06:46:01,650 [WARNING] leadlag.core.market_calendar: No static holiday table for year 2014. Install jpholiday or update market_calendar.py.
2026-09-20 06:46:01,650 [WARNING] leadlag.core.market_calendar: No static holiday table for year 2014. Install jpholiday or update market_calendar.py.
2026-09-20 06:46:01,650 [WARNING] leadlag.core.market_calendar: No static holiday table for year 2014. Install jpholiday or update market_calendar.py.
2026-09-20 06:46:01,650 [WARNING] leadlag.core.market_calendar: No static holiday table for year 2014. Install jpholiday or update market_calendar.py.
2026-09-20 06:46:01,650 [WARNING] leadlag.core.market_calendar: No static holiday table for year 2014. Install jpholiday or update market_calendar.py.
2026-09-20 06:46:01,651 [WARNING] leadlag.core.market_calendar: No static holiday table for year 2014. Install jpholiday or update market_calendar.py.
2026-09-20 06:46:01,651 [WARNING] leadlag.core.market_calendar: No static holiday table for year 2014. Install jpholiday or update market_calendar.py.
2026-09-20 06:46:01,651 [WARNING] leadlag.core.market_calendar: No static holiday table for year 2014. Install jpholiday or update market_calendar.py.
2026-09-20 06:46:01,651 [WARNING] leadlag.core.market_calendar: No static holiday table for year 2014. Install jpholiday or update market_calendar.py.
2026-09-20 06:46:01,651 [WARNING] leadlag.core.market_calendar: No static holiday table for year 2014. Install jpholiday or update market_calendar.py.
2026-09-20 06:46:01,651 [WARNING] leadlag.core.market_calendar: No static holiday table for year 2014. Install jpholiday or update market_calendar.py.
2026-09-20 06:46:01,652 [WARNING] leadlag.core.market_calendar: No static holiday table for year 2014. Install jpholiday or update market_calendar.py.
2026-09-20 06:46:01,652 [WARNING] leadlag.core.market_calendar: No static holiday table for year 2014. Install jpholiday or update market_calendar.py.
2026-09-20 06:46:01,652 [WARNING] leadlag.core.market_calendar: No static holiday table for year 2014. Install jpholiday or update market_calendar.py.
2026-09-20 06:46:01,652 [WARNING] leadlag.core.market_calendar: No static holiday table for year 2014. Install jpholiday or update market_calendar.py.
2026-09-20 06:46:01,652 [WARNING] leadlag.core.market_calendar: No static holiday table for year 2014. Install jpholiday or update market_calendar.py.
2026-09-20 06:46:01,652 [WARNING] leadlag.core.market_calendar: No static holiday table for year 2014. Install jpholiday or update market_calendar.py.
2026-09-20 06:46:01,652 [WARNING] leadlag.core.market_calendar: No static holiday table for year 2014. Install jpholiday or update market_calendar.py.
2026-09-20 06:46:01,652 [WARNING] leadlag.core.market_calendar: No static holiday table for year 2014. Install jpholiday or update market_calendar.py.
2026-09-20 06:46:01,653 [WARNING] leadlag.core.market_calendar: No static holiday table for year 2014. Install jpholiday or update market_calendar.py.
2026-09-20 06:46:01,653 [WARNING] leadlag.core.market_calendar: No static holiday table for year 2014. Install jpholiday or update market_calendar.py.
2026-09-20 06:46:01,653 [WARNING] leadlag.core.market_calendar: No static holiday table for year 2014. Install jpholiday or update market_calendar.py.
2026-09-20 06:46:01,653 [WARNING] leadlag.core.market_calendar: No static holiday table for year 2014. Install jpholiday or update market_calendar.py.
2026-09-20 06:46:01,653 [WARNING] leadlag.core.market_calendar: No static holiday table for year 2014. Install jpholiday or update market_calendar.py.
2026-09-20 06:46:01,653 [WARNING] leadlag.core.market_calendar: No static holiday table for year 2014. Install jpholiday or update market_calendar.py.
2026-09-20 06:46:01,653 [WARNING] leadlag.core.market_calendar: No static holiday table for year 2014. Install jpholiday or update market_calendar.py.
2026-09-20 06:46:01,654 [WARNING] leadlag.core.market_calendar: No static holiday table for year 2014. Install jpholiday or update market_calendar.py.
2026-09-20 06:46:01,654 [WARNING] leadlag.core.market_calendar: No static holiday table for year 2014. Install jpholiday or update market_calendar.py.
2026-09-20 06:46:01,654 [WARNING] leadlag.core.market_calendar: No static holiday table for year 2014. Install jpholiday or update market_calendar.py.
2026-09-20 06:46:01,654 [WARNING] leadlag.core.market_calendar: No static holiday table for year 2014. Install jpholiday or update market_calendar.py.
2026-09-20 06:46:01,654 [WARNING] leadlag.core.market_calendar: No static holiday table for year 2014. Install jpholiday or update market_calendar.py.
2026-09-20 06:46:01,654 [WARNING] leadlag.core.market_calendar: No static holiday table for year 2014. Install jpholiday or update market_calendar.py.
2026-09-20 06:46:01,654 [WARNING] leadlag.core.market_calendar: No static holiday table for year 2014. Install jpholiday or update market_calendar.py.
2026-09-20 06:46:01,655 [WARNING] leadlag.core.market_calendar: No static holiday table for year 2014. Install jpholiday or update market_calendar.py.
2026-09-20 06:46:01,655 [WARNING] leadlag.core.market_calendar: No static holiday table for year 2014. Install jpholiday or update market_calendar.py.
2026-09-20 06:46:01,655 [WARNING] leadlag.core.market_calendar: No static holiday table for year 2014. Install jpholiday or update market_calendar.py.
2026-09-20 06:46:01,655 [WARNING] leadlag.core.market_calendar: No static holiday table for year 2014. Install jpholiday or update market_calendar.py.
2026-09-20 06:46:01,655 [WARNING] leadlag.core.market_calendar: No static holiday table for year 2014. Install jpholiday or update market_calendar.py.
2026-09-20 06:46:01,656 [WARNING] leadlag.core.market_calendar: No static holiday table for year 2014. Install jpholiday or update market_calendar.py.
2026-09-20 06:46:01,656 [WARNING] leadlag.core.market_calendar: No static holiday table for year 2014. Install jpholiday or update market_calendar.py.
2026-09-20 06:46:01,656 [WARNING] leadlag.core.market_calendar: No static holiday table for year 2014. Install jpholiday or update market_calendar.py.
2026-09-20 06:46:01,656 [WARNING] leadlag.core.market_calendar: No static holiday table for year 2014. Install jpholiday or update market_calendar.py.
2026-09-20 06:46:01,656 [WARNING] leadlag.core.market_calendar: No static holiday table for year 2014. Install jpholiday or update market_calendar.py.
2026-09-20 06:46:01,657 [WARNING] leadlag.core.market_calendar: No static holiday table for year 2014. Install jpholiday or update market_calendar.py.
2026-09-20 06:46:01,657 [WARNING] leadlag.core.market_calendar: No static holiday table for year 2014. Install jpholiday or update market_calendar.py.
2026-09-20 06:46:01,657 [WARNING] leadlag.core.market_calendar: No static holiday table for year 2014. Install jpholiday or update market_calendar.py.
2026-09-20 06:46:01,657 [WARNING] leadlag.core.market_calendar: No static holiday table for year 2014. Install jpholiday or update market_calendar.py.
2026-09-20 06:46:01,657 [WARNING] leadlag.core.market_calendar: No static holiday table for year 2014. Install jpholiday or update market_calendar.py.
2026-09-20 06:46:01,658 [WARNING] leadlag.core.market_calendar: No static holiday table for year 2014. Install jpholiday or update market_calendar.py.
2026-09-20 06:46:01,658 [WARNING] leadlag.core.market_calendar: No static holiday table for year 2014. Install jpholiday or update market_calendar.py.
2026-09-20 06:46:01,658 [WARNING] leadlag.core.market_calendar: No static holiday table for year 2014. Install jpholiday or update market_calendar.py.
2026-09-20 06:46:01,658 [WARNING] leadlag.core.market_calendar: No static holiday table for year 2014. Install jpholiday or update market_calendar.py.
2026-09-20 06:46:01,659 [WARNING] leadlag.core.market_calendar: No static holiday table for year 2014. Install jpholiday or update market_calendar.py.
2026-09-20 06:46:01,659 [WARNING] leadlag.core.market_calendar: No static holiday table for year 2014. Install jpholiday or update market_calendar.py.
2026-09-20 06:46:01,659 [WARNING] leadlag.core.market_calendar: No static holiday table for year 2014. Install jpholiday or update market_calendar.py.
2026-09-20 06:46:01,659 [WARNING] leadlag.core.market_calendar: No static holiday table for year 2014. Install jpholiday or update market_calendar.py.
2026-09-20 06:46:01,659 [WARNING] leadlag.core.market_calendar: No static holiday table for year 2014. Install jpholiday or update market_calendar.py.
2026-09-20 06:46:01,659 [WARNING] leadlag.core.market_calendar: No static holiday table for year 2014. Install jpholiday or update market_calendar.py.
2026-09-20 06:46:01,659 [WARNING] leadlag.core.market_calendar: No static holiday table for year 2014. Install jpholiday or update market_calendar.py.
2026-09-20 06:46:01,660 [WARNING] leadlag.core.market_calendar: No static holiday table for year 2014. Install jpholiday or update market_calendar.py.
2026-09-20 06:46:01,660 [WARNING] leadlag.core.market_calendar: No static holiday table for year 2014. Install jpholiday or update market_calendar.py.
2026-09-20 06:46:01,660 [WARNING] leadlag.core.market_calendar: No static holiday table for year 2014. Install jpholiday or update market_calendar.py.
2026-09-20 06:46:01,660 [WARNING] leadlag.core.market_calendar: No static holiday table for year 2014. Install jpholiday or update market_calendar.py.
2026-09-20 06:46:01,660 [WARNING] leadlag.core.market_calendar: No static holiday table for year 2014. Install jpholiday or update market_calendar.py.
2026-09-20 06:46:01,660 [WARNING] leadlag.core.market_calendar: No static holiday table for year 2014. Install jpholiday or update market_calendar.py.
2026-09-20 06:46:01,661 [WARNING] leadlag.core.market_calendar: No static holiday table for year 2014. Install jpholiday or update market_calendar.py.
2026-09-20 06:46:01,661 [WARNING] leadlag.core.market_calendar: No static holiday table for year 2014. Install jpholiday or update market_calendar.py.
2026-09-20 06:46:01,661 [WARNING] leadlag.core.market_calendar: No static holiday table for year 2014. Install jpholiday or update market_calendar.py.
2026-09-20 06:46:01,661 [WARNING] leadlag.core.market_calendar: No static holiday table for year 2014. Install jpholiday or update market_calendar.py.
2026-09-20 06:46:01,661 [WARNING] leadlag.core.market_calendar: No static holiday table for year 2014. Install jpholiday or update market_calendar.py.
2026-09-20 06:46:01,661 [WARNING] leadlag.core.market_calendar: No static holiday table for year 2014. Install jpholiday or update market_calendar.py.
2026-09-20 06:46:01,662 [WARNING] leadlag.core.market_calendar: No static holiday table for year 2014. Install jpholiday or update market_calendar.py.
2026-09-20 06:46:01,662 [WARNING] leadlag.core.market_calendar: No static holiday table for year 2014. Install jpholiday or update market_calendar.py.
2026-09-20 06:46:01,662 [WARNING] leadlag.core.market_calendar: No static holiday table for year 2014. Install jpholiday or update market_calendar.py.
2026-09-20 06:46:01,662 [WARNING] leadlag.core.market_calendar: No static holiday table for year 2014. Install jpholiday or update market_calendar.py.
2026-09-20 06:46:01,662 [WARNING] leadlag.core.market_calendar: No static holiday table for year 2014. Install jpholiday or update market_calendar.py.
2026-09-20 06:46:01,662 [WARNING] leadlag.core.market_calendar: No static holiday table for year 2014. Install jpholiday or update market_calendar.py.
2026-09-20 06:46:01,662 [WARNING] leadlag.core.market_calendar: No static holiday table for year 2014. Install jpholiday or update market_calendar.py.
2026-09-20 06:46:01,663 [WARNING] leadlag.core.market_calendar: No static holiday table for year 2014. Install jpholiday or update market_calendar.py.
2026-09-20 06:46:01,663 [WARNING] leadlag.core.market_calendar: No static holiday table for year 2014. Install jpholiday or update market_calendar.py.
2026-09-20 06:46:01,663 [WARNING] leadlag.core.market_calendar: No static holiday table for year 2014. Install jpholiday or update market_calendar.py.
2026-09-20 06:46:01,663 [WARNING] leadlag.core.market_calendar: No static holiday table for year 2014. Install jpholiday or update market_calendar.py.
2026-09-20 06:46:01,663 [WARNING] leadlag.core.market_calendar: No static holiday table for year 2014. Install jpholiday or update market_calendar.py.
2026-09-20 06:46:01,663 [WARNING] leadlag.core.market_calendar: No static holiday table for year 2014. Install jpholiday or update market_calendar.py.
2026-09-20 06:46:01,663 [WARNING] leadlag.core.market_calendar: No static holiday table for year 2014. Install jpholiday or update market_calendar.py.
2026-09-20 06:46:01,664 [WARNING] leadlag.core.market_calendar: No static holiday table for year 2014. Install jpholiday or update market_calendar.py.
2026-09-20 06:46:01,664 [WARNING] leadlag.core.market_calendar: No static holiday table for year 2014. Install jpholiday or update market_calendar.py.
2026-09-20 06:46:01,664 [WARNING] leadlag.core.market_calendar: No static holiday table for year 2014. Install jpholiday or update market_calendar.py.
2026-09-20 06:46:01,664 [WARNING] leadlag.core.market_calendar: No static holiday table for year 2014. Install jpholiday or update market_calendar.py.
2026-09-20 06:46:01,664 [WARNING] leadlag.core.market_calendar: No static holiday table for year 2014. Install jpholiday or update market_calendar.py.
2026-09-20 06:46:01,664 [WARNING] leadlag.core.market_calendar: No static holiday table for year 2014. Install jpholiday or update market_calendar.py.
2026-09-20 06:46:01,664 [WARNING] leadlag.core.market_calendar: No static holiday table for year 2014. Install jpholiday or update market_calendar.py.
2026-09-20 06:46:01,664 [WARNING] leadlag.core.market_calendar: No static holiday table for year 2014. Install jpholiday or update market_calendar.py.
2026-09-20 06:46:01,665 [WARNING] leadlag.core.market_calendar: No static holiday table for year 2014. Install jpholiday or update market_calendar.py.
2026-09-20 06:46:01,665 [WARNING] leadlag.core.market_calendar: No static holiday table for year 2014. Install jpholiday or update market_calendar.py.
2026-09-20 06:46:01,665 [WARNING] leadlag.core.market_calendar: No static holiday table for year 2014. Install jpholiday or update market_calendar.py.
2026-09-20 06:46:01,665 [WARNING] leadlag.core.market_calendar: No static holiday table for year 2014. Install jpholiday or update market_calendar.py.
2026-09-20 06:46:01,665 [WARNING] leadlag.core.market_calendar: No static holiday table for year 2014. Install jpholiday or update market_calendar.py.
2026-09-20 06:46:01,665 [WARNING] leadlag.core.market_calendar: No static holiday table for year 2014. Install jpholiday or update market_calendar.py.
2026-09-20 06:46:01,665 [WARNING] leadlag.core.market_calendar: No static holiday table for year 2014. Install jpholiday or update market_calendar.py.
2026-09-20 06:46:01,666 [WARNING] leadlag.core.market_calendar: No static holiday table for year 2014. Install jpholiday or update market_calendar.py.
2026-09-20 06:46:01,666 [WARNING] leadlag.core.market_calendar: No static holiday table for year 2014. Install jpholiday or update market_calendar.py.
2026-09-20 06:46:01,666 [WARNING] leadlag.core.market_calendar: No static holiday table for year 2014. Install jpholiday or update market_calendar.py.
2026-09-20 06:46:01,666 [WARNING] leadlag.core.market_calendar: No static holiday table for year 2014. Install jpholiday or update market_calendar.py.
2026-09-20 06:46:01,666 [WARNING] leadlag.core.market_calendar: No static holiday table for year 2014. Install jpholiday or update market_calendar.py.
2026-09-20 06:46:01,666 [WARNING] leadlag.core.market_calendar: No static holiday table for year 2014. Install jpholiday or update market_calendar.py.
2026-09-20 06:46:01,666 [WARNING] leadlag.core.market_calendar: No static holiday table for year 2014. Install jpholiday or update market_calendar.py.
2026-09-20 06:46:01,667 [WARNING] leadlag.core.market_calendar: No static holiday table for year 2014. Install jpholiday or update market_calendar.py.
2026-09-20 06:46:01,667 [WARNING] leadlag.core.market_calendar: No static holiday table for year 2014. Install jpholiday or update market_calendar.py.
2026-09-20 06:46:01,667 [WARNING] leadlag.core.market_calendar: No static holiday table for year 2014. Install jpholiday or update market_calendar.py.
2026-09-20 06:46:01,667 [WARNING] leadlag.core.market_calendar: No static holiday table for year 2014. Install jpholiday or update market_calendar.py.
2026-09-20 06:46:01,667 [WARNING] leadlag.core.market_calendar: No static holiday table for year 2014. Install jpholiday or update market_calendar.py.
2026-09-20 06:46:01,667 [WARNING] leadlag.core.market_calendar: No static holiday table for year 2014. Install jpholiday or update market_calendar.py.
2026-09-20 06:46:01,667 [WARNING] leadlag.core.market_calendar: No static holiday table for year 2014. Install jpholiday or update market_calendar.py.
2026-09-20 06:46:01,667 [WARNING] leadlag.core.market_calendar: No static holiday table for year 2015. Install jpholiday or update market_calendar.py.
2026-09-20 06:46:01,668 [WARNING] leadlag.core.market_calendar: No static holiday table for year 2015. Install jpholiday or update market_calendar.py.
2026-09-20 06:46:01,668 [WARNING] leadlag.core.market_calendar: No static holiday table for year 2015. Install jpholiday or update market_calendar.py.
2026-09-20 06:46:01,668 [WARNING] leadlag.core.market_calendar: No static holiday table for year 2015. Install jpholiday or update market_calendar.py.
2026-09-20 06:46:01,668 [WARNING] leadlag.core.market_calendar: No static holiday table for year 2015. Install jpholiday or update market_calendar.py.
2026-09-20 06:46:01,668 [WARNING] leadlag.core.market_calendar: No static holiday table for year 2015. Install jpholiday or update market_calendar.py.
2026-09-20 06:46:01,668 [WARNING] leadlag.core.market_calendar: No static holiday table for year 2015. Install jpholiday or update market_calendar.py.
2026-09-20 06:46:01,669 [WARNING] leadlag.core.market_calendar: No static holiday table for year 2015. Install jpholiday or update market_calendar.py.
2026-09-20 06:46:01,669 [WARNING] leadlag.core.market_calendar: No static holiday table for year 2015. Install jpholiday or update market_calendar.py.
2026-09-20 06:46:01,669 [WARNING] leadlag.core.market_calendar: No static holiday table for year 2015. Install jpholiday or update market_calendar.py.
2026-09-20 06:46:01,669 [WARNING] leadlag.core.market_calendar: No static holiday table for year 2015. Install jpholiday or update market_calendar.py.
2026-09-20 06:46:01,669 [WARNING] leadlag.core.market_calendar: No static holiday table for year 2015. Install jpholiday or update market_calendar.py.
2026-09-20 06:46:01,669 [WARNING] leadlag.core.market_calendar: No static holiday table for year 2015. Install jpholiday or update market_calendar.py.
2026-09-20 06:46:01,670 [WARNING] leadlag.core.market_calendar: No static holiday table for year 2015. Install jpholiday or update market_calendar.py.
2026-09-20 06:46:01,670 [WARNING] leadlag.core.market_calendar: No static holiday table for year 2015. Install jpholiday or update market_calendar.py.
2026-09-20 06:46:01,670 [WARNING] leadlag.core.market_calendar: No static holiday table for year 2015. Install jpholiday or update market_calendar.py.
2026-09-20 06:46:01,670 [WARNING] leadlag.core.market_calendar: No static holiday table for year 2015. Install jpholiday or update market_calendar.py.
2026-09-20 06:46:01,670 [WARNING] leadlag.core.market_calendar: No static holiday table for year 2015. Install jpholiday or update market_calendar.py.
2026-09-20 06:46:01,670 [WARNING] leadlag.core.market_calendar: No static holiday table for year 2015. Install jpholiday or update market_calendar.py.
2026-09-20 06:46:01,670 [WARNING] leadlag.core.market_calendar: No static holiday table for year 2015. Install jpholiday or update market_calendar.py.
2026-09-20 06:46:01,671 [WARNING] leadlag.core.market_calendar: No static holiday table for year 2015. Install jpholiday or update market_calendar.py.
2026-09-20 06:46:01,671 [WARNING] leadlag.core.market_calendar: No static holiday table for year 2015. Install jpholiday or update market_calendar.py.
2026-09-20 06:46:01,671 [WARNING] leadlag.core.market_calendar: No static holiday table for year 2015. Install jpholiday or update market_calendar.py.
2026-09-20 06:46:01,671 [WARNING] leadlag.core.market_calendar: No static holiday table for year 2015. Install jpholiday or update market_calendar.py.
2026-09-20 06:46:01,671 [WARNING] leadlag.core.market_calendar: No static holiday table for year 2015. Install jpholiday or update market_calendar.py.
2026-09-20 06:46:01,671 [WARNING] leadlag.core.market_calendar: No static holiday table for year 2015. Install jpholiday or update market_calendar.py.
2026-09-20 06:46:01,671 [WARNING] leadlag.core.market_calendar: No static holiday table for year 2015. Install jpholiday or update market_calendar.py.
2026-09-20 06:46:01,672 [WARNING] leadlag.core.market_calendar: No static holiday table for year 2015. Install jpholiday or update market_calendar.py.
2026-09-20 06:46:01,672 [WARNING] leadlag.core.market_calendar: No static holiday table for year 2015. Install jpholiday or update market_calendar.py.
2026-09-20 06:46:01,672 [WARNING] leadlag.core.market_calendar: No static holiday table for year 2015. Install jpholiday or update market_calendar.py.
2026-09-20 06:46:01,672 [WARNING] leadlag.core.market_calendar: No static holiday table for year 2015. Install jpholiday or update market_calendar.py.
2026-09-20 06:46:01,672 [WARNING] leadlag.core.market_calendar: No static holiday table for year 2015. Install jpholiday or update market_calendar.py.
2026-09-20 06:46:01,672 [WARNING] leadlag.core.market_calendar: No static holiday table for year 2015. Install jpholiday or update market_calendar.py.
2026-09-20 06:46:01,672 [WARNING] leadlag.core.market_calendar: No static holiday table for year 2015. Install jpholiday or update market_calendar.py.
2026-09-20 06:46:01,673 [WARNING] leadlag.core.market_calendar: No static holiday table for year 2015. Install jpholiday or update market_calendar.py.
2026-09-20 06:46:01,673 [WARNING] leadlag.core.market_calendar: No static holiday table for year 2015. Install jpholiday or update market_calendar.py.
2026-09-20 06:46:01,673 [WARNING] leadlag.core.market_calendar: No static holiday table for year 2015. Install jpholiday or update market_calendar.py.
2026-09-20 06:46:01,673 [WARNING] leadlag.core.market_calendar: No static holiday table for year 2015. Install jpholiday or update market_calendar.py.
2026-09-20 06:46:01,673 [WARNING] leadlag.core.market_calendar: No static holiday table for year 2015. Install jpholiday or update market_calendar.py.
2026-09-20 06:46:01,673 [WARNING] leadlag.core.market_calendar: No static holiday table for year 2015. Install jpholiday or update market_calendar.py.
2026-09-20 06:46:01,674 [WARNING] leadlag.core.market_calendar: No static holiday table for year 2015. Install jpholiday or update market_calendar.py.
2026-09-20 06:46:01,674 [WARNING] leadlag.core.market_calendar: No static holiday table for year 2015. Install jpholiday or update market_calendar.py.
2026-09-20 06:46:01,674 [WARNING] leadlag.core.market_calendar: No static holiday table for year 2015. Install jpholiday or update market_calendar.py.
2026-09-20 06:46:01,674 [WARNING] leadlag.core.market_calendar: No static holiday table for year 2015. Install jpholiday or update market_calendar.py.
2026-09-20 06:46:01,674 [WARNING] leadlag.core.market_calendar: No static holiday table for year 2015. Install jpholiday or update market_calendar.py.
2026-09-20 06:46:01,674 [WARNING] leadlag.core.market_calendar: No static holiday table for year 2015. Install jpholiday or update market_calendar.py.
2026-09-20 06:46:01,675 [WARNING] leadlag.core.market_calendar: No static holiday table for year 2015. Install jpholiday or update market_calendar.py.
2026-09-20 06:46:01,675 [WARNING] leadlag.core.market_calendar: No static holiday table for year 2015. Install jpholiday or update market_calendar.py.
2026-09-20 06:46:01,675 [WARNING] leadlag.core.market_calendar: No static holiday table for year 2015. Install jpholiday or update market_calendar.py.
2026-09-20 06:46:01,675 [WARNING] leadlag.core.market_calendar: No static holiday table for year 2015. Install jpholiday or update market_calendar.py.
2026-09-20 06:46:01,675 [WARNING] leadlag.core.market_calendar: No static holiday table for year 2015. Install jpholiday or update market_calendar.py.
2026-09-20 06:46:01,676 [WARNING] leadlag.core.market_calendar: No static holiday table for year 2015. Install jpholiday or update market_calendar.py.
2026-09-20 06:46:01,676 [WARNING] leadlag.core.market_calendar: No static holiday table for year 2015. Install jpholiday or update market_calendar.py.
2026-09-20 06:46:01,676 [WARNING] leadlag.core.market_calendar: No static holiday table for year 2015. Install jpholiday or update market_calendar.py.
2026-09-20 06:46:01,676 [WARNING] leadlag.core.market_calendar: No static holiday table for year 2015. Install jpholiday or update market_calendar.py.
2026-09-20 06:46:01,676 [WARNING] leadlag.core.market_calendar: No static holiday table for year 2015. Install jpholiday or update market_calendar.py.
2026-09-20 06:46:01,676 [WARNING] leadlag.core.market_calendar: No static holiday table for year 2015. Install jpholiday or update market_calendar.py.
2026-09-20 06:46:01,677 [WARNING] leadlag.core.market_calendar: No static holiday table for year 2015. Install jpholiday or update market_calendar.py.
2026-09-20 06:46:01,677 [WARNING] leadlag.core.market_calendar: No static holiday table for year 2015. Install jpholiday or update market_calendar.py.
2026-09-20 06:46:01,677 [WARNING] leadlag.core.market_calendar: No static holiday table for year 2015. Install jpholiday or update market_calendar.py.
2026-09-20 06:46:01,677 [WARNING] leadlag.core.market_calendar: No static holiday table for year 2015. Install jpholiday or update market_calendar.py.
2026-09-20 06:46:01,677 [WARNING] leadlag.core.market_calendar: No static holiday table for year 2015. Install jpholiday or update market_calendar.py.
2026-09-20 06:46:01,677 [WARNING] leadlag.core.market_calendar: No static holiday table for year 2015. Install jpholiday or update market_calendar.py.
2026-09-20 06:46:01,678 [WARNING] leadlag.core.market_calendar: No static holiday table for year 2015. Install jpholiday or update market_calendar.py.
2026-09-20 06:46:01,678 [WARNING] leadlag.core.market_calendar: No static holiday table for year 2015. Install jpholiday or update market_calendar.py.
2026-09-20 06:46:01,678 [WARNING] leadlag.core.market_calendar: No static holiday table for year 2015. Install jpholiday or update market_calendar.py.
2026-09-20 06:46:01,678 [WARNING] leadlag.core.market_calendar: No static holiday table for year 2015. Install jpholiday or update market_calendar.py.
2026-09-20 06:46:01,678 [WARNING] leadlag.core.market_calendar: No static holiday table for year 2015. Install jpholiday or update market_calendar.py.
2026-09-20 06:46:01,678 [WARNING] leadlag.core.market_calendar: No static holiday table for year 2015. Install jpholiday or update market_calendar.py.
2026-09-20 06:46:01,678 [WARNING] leadlag.core.market_calendar: No static holiday table for year 2015. Install jpholiday or update market_calendar.py.
2026-09-20 06:46:01,679 [WARNING] leadlag.core.market_calendar: No static holiday table for year 2015. Install jpholiday or update market_calendar.py.
2026-09-20 06:46:01,679 [WARNING] leadlag.core.market_calendar: No static holiday table for year 2015. Install jpholiday or update market_calendar.py.
2026-09-20 06:46:01,679 [WARNING] leadlag.core.market_calendar: No static holiday table for year 2015. Install jpholiday or update market_calendar.py.
2026-09-20 06:46:01,679 [WARNING] leadlag.core.market_calendar: No static holiday table for year 2015. Install jpholiday or update market_calendar.py.
2026-09-20 06:46:01,679 [WARNING] leadlag.core.market_calendar: No static holiday table for year 2015. Install jpholiday or update market_calendar.py.
2026-09-20 06:46:01,679 [WARNING] leadlag.core.market_calendar: No static holiday table for year 2015. Install jpholiday or update market_calendar.py.
2026-09-20 06:46:01,679 [WARNING] leadlag.core.market_calendar: No static holiday table for year 2015. Install jpholiday or update market_calendar.py.
2026-09-20 06:46:01,679 [WARNING] leadlag.core.market_calendar: No static holiday table for year 2015. Install jpholiday or update market_calendar.py.
2026-09-20 06:46:01,680 [WARNING] leadlag.core.market_calendar: No static holiday table for year 2015. Install jpholiday or update market_calendar.py.
2026-09-20 06:46:01,680 [WARNING] leadlag.core.market_calendar: No static holiday table for year 2015. Install jpholiday or update market_calendar.py.
2026-09-20 06:46:01,680 [WARNING] leadlag.core.market_calendar: No static holiday table for year 2015. Install jpholiday or update market_calendar.py.
2026-09-20 06:46:01,680 [WARNING] leadlag.core.market_calendar: No static holiday table for year 2015. Install jpholiday or update market_calendar.py.
2026-09-20 06:46:01,680 [WARNING] leadlag.core.market_calendar: No static holiday table for year 2015. Install jpholiday or update market_calendar.py.
2026-09-20 06:46:01,680 [WARNING] leadlag.core.market_calendar: No static holiday table for year 2015. Install jpholiday or update market_calendar.py.
2026-09-20 06:46:01,680 [WARNING] leadlag.core.market_calendar: No static holiday table for year 2015. Install jpholiday or update market_calendar.py.
2026-09-20 06:46:01,681 [WARNING] leadlag.core.market_calendar: No static holiday table for year 2015. Install jpholiday or update market_calendar.py.
2026-09-20 06:46:01,681 [WARNING] leadlag.core.market_calendar: No static holiday table for year 2015. Install jpholiday or update market_calendar.py.
2026-09-20 06:46:01,681 [WARNING] leadlag.core.market_calendar: No static holiday table for year 2015. Install jpholiday or update market_calendar.py.
2026-09-20 06:46:01,681 [WARNING] leadlag.core.market_calendar: No static holiday table for year 2015. Install jpholiday or update market_calendar.py.
2026-09-20 06:46:01,681 [WARNING] leadlag.core.market_calendar: No static holiday table for year 2015. Install jpholiday or update market_calendar.py.
2026-09-20 06:46:01,681 [WARNING] leadlag.core.market_calendar: No static holiday table for year 2015. Install jpholiday or update market_calendar.py.
2026-09-20 06:46:01,681 [WARNING] leadlag.core.market_calendar: No static holiday table for year 2015. Install jpholiday or update market_calendar.py.
2026-09-20 06:46:01,681 [WARNING] leadlag.core.market_calendar: No static holiday table for year 2015. Install jpholiday or update market_calendar.py.
2026-09-20 06:46:01,682 [WARNING] leadlag.core.market_calendar: No static holiday table for year 2015. Install jpholiday or update market_calendar.py.
2026-09-20 06:46:01,682 [WARNING] leadlag.core.market_calendar: No static holiday table for year 2015. Install jpholiday or update market_calendar.py.
2026-09-20 06:46:01,682 [WARNING] leadlag.core.market_calendar: No static holiday table for year 2015. Install jpholiday or update market_calendar.py.
2026-09-20 06:46:01,682 [WARNING] leadlag.core.market_calendar: No static holiday table for year 2015. Install jpholiday or update market_calendar.py.
2026-09-20 06:46:01,682 [WARNING] leadlag.core.market_calendar: No static holiday table for year 2015. Install jpholiday or update market_calendar.py.
2026-09-20 06:46:01,682 [WARNING] leadlag.core.market_calendar: No static holiday table for year 2015. Install jpholiday or update market_calendar.py.
2026-09-20 06:46:01,682 [WARNING] leadlag.core.market_calendar: No static holiday table for year 2015. Install jpholiday or update market_calendar.py.
2026-09-20 06:46:01,683 [WARNING] leadlag.core.market_calendar: No static holiday table for year 2015. Install jpholiday or update market_calendar.py.
2026-09-20 06:46:01,683 [WARNING] leadlag.core.market_calendar: No static holiday table for year 2015. Install jpholiday or update market_calendar.py.
2026-09-20 06:46:01,683 [WARNING] leadlag.core.market_calendar: No static holiday table for year 2015. Install jpholiday or update market_calendar.py.
2026-09-20 06:46:01,683 [WARNING] leadlag.core.market_calendar: No static holiday table for year 2015. Install jpholiday or update market_calendar.py.
2026-09-20 06:46:01,683 [WARNING] leadlag.core.market_calendar: No static holiday table for year 2015. Install jpholiday or update market_calendar.py.
2026-09-20 06:46:01,683 [WARNING] leadlag.core.market_calendar: No static holiday table for year 2015. Install jpholiday or update market_calendar.py.
2026-09-20 06:46:01,683 [WARNING] leadlag.core.market_calendar: No static holiday table for year 2015. Install jpholiday or update market_calendar.py.
2026-09-20 06:46:01,683 [WARNING] leadlag.core.market_calendar: No static holiday table for year 2015. Install jpholiday or update market_calendar.py.
2026-09-20 06:46:01,684 [WARNING] leadlag.core.market_calendar: No static holiday table for year 2015. Install jpholiday or update market_calendar.py.
2026-09-20 06:46:01,684 [WARNING] leadlag.core.market_calendar: No static holiday table for year 2015. Install jpholiday or update market_calendar.py.
2026-09-20 06:46:01,684 [WARNING] leadlag.core.market_calendar: No static holiday table for year 2015. Install jpholiday or update market_calendar.py.
2026-09-20 06:46:01,684 [WARNING] leadlag.core.market_calendar: No static holiday table for year 2015. Install jpholiday or update market_calendar.py.
2026-09-20 06:46:01,684 [WARNING] leadlag.core.market_calendar: No static holiday table for year 2015. Install jpholiday or update market_calendar.py.
2026-09-20 06:46:01,684 [WARNING] leadlag.core.market_calendar: No static holiday table for year 2015. Install jpholiday or update market_calendar.py.
2026-09-20 06:46:01,684 [WARNING] leadlag.core.market_calendar: No static holiday table for year 2015. Install jpholiday or update market_calendar.py.
2026-09-20 06:46:01,684 [WARNING] leadlag.core.market_calendar: No static holiday table for year 2015. Install jpholiday or update market_calendar.py.
2026-09-20 06:46:01,685 [WARNING] leadlag.core.market_calendar: No static holiday table for year 2015. Install jpholiday or update market_calendar.py.
2026-09-20 06:46:01,685 [WARNING] leadlag.core.market_calendar: No static holiday table for year 2015. Install jpholiday or update market_calendar.py.
2026-09-20 06:46:01,685 [WARNING] leadlag.core.market_calendar: No static holiday table for year 2015. Install jpholiday or update market_calendar.py.
2026-09-20 06:46:01,685 [WARNING] leadlag.core.market_calendar: No static holiday table for year 2015. Install jpholiday or update market_calendar.py.
2026-09-20 06:46:01,685 [WARNING] leadlag.core.market_calendar: No static holiday table for year 2015. Install jpholiday or update market_calendar.py.
2026-09-20 06:46:01,685 [WARNING] leadlag.core.market_calendar: No static holiday table for year 2015. Install jpholiday or update market_calendar.py.
2026-09-20 06:46:01,685 [WARNING] leadlag.core.market_calendar: No static holiday table for year 2015. Install jpholiday or update market_calendar.py.
2026-09-20 06:46:01,686 [WARNING] leadlag.core.market_calendar: No static holiday table for year 2015. Install jpholiday or update market_calendar.py.
2026-09-20 06:46:01,686 [WARNING] leadlag.core.market_calendar: No static holiday table for year 2015. Install jpholiday or update market_calendar.py.
2026-09-20 06:46:01,686 [WARNING] leadlag.core.market_calendar: No static holiday table for year 2015. Install jpholiday or update market_calendar.py.
2026-09-20 06:46:01,686 [WARNING] leadlag.core.market_calendar: No static holiday table for year 2015. Install jpholiday or update market_calendar.py.
2026-09-20 06:46:01,686 [WARNING] leadlag.core.market_calendar: No static holiday table for year 2015. Install jpholiday or update market_calendar.py.
2026-09-20 06:46:01,686 [WARNING] leadlag.core.market_calendar: No static holiday table for year 2015. Install jpholiday or update market_calendar.py.
2026-09-20 06:46:01,687 [WARNING] leadlag.core.market_calendar: No static holiday table for year 2015. Install jpholiday or update market_calendar.py.
2026-09-20 06:46:01,687 [WARNING] leadlag.core.market_calendar: No static holiday table for year 2015. Install jpholiday or update market_calendar.py.
2026-09-20 06:46:01,687 [WARNING] leadlag.core.market_calendar: No static holiday table for year 2015. Install jpholiday or update market_calendar.py.
2026-09-20 06:46:01,687 [WARNING] leadlag.core.market_calendar: No static holiday table for year 2015. Install jpholiday or update market_calendar.py.
2026-09-20 06:46:01,687 [WARNING] leadlag.core.market_calendar: No static holiday table for year 2015. Install jpholiday or update market_calendar.py.
2026-09-20 06:46:01,687 [WARNING] leadlag.core.market_calendar: No static holiday table for year 2015. Install jpholiday or update market_calendar.py.
2026-09-20 06:46:01,687 [WARNING] leadlag.core.market_calendar: No static holiday table for year 2015. Install jpholiday or update market_calendar.py.
2026-09-20 06:46:01,688 [WARNING] leadlag.core.market_calendar: No static holiday table for year 2015. Install jpholiday or update market_calendar.py.
2026-09-20 06:46:01,688 [WARNING] leadlag.core.market_calendar: No static holiday table for year 2015. Install jpholiday or update market_calendar.py.
2026-09-20 06:46:01,688 [WARNING] leadlag.core.market_calendar: No static holiday table for year 2015. Install jpholiday or update market_calendar.py.
2026-09-20 06:46:01,688 [WARNING] leadlag.core.market_calendar: No static holiday table for year 2015. Install jpholiday or update market_calendar.py.
2026-09-20 06:46:01,688 [WARNING] leadlag.core.market_calendar: No static holiday table for year 2015. Install jpholiday or update market_calendar.py.
2026-09-20 06:46:01,688 [WARNING] leadlag.core.market_calendar: No static holiday table for year 2015. Install jpholiday or update market_calendar.py.
2026-09-20 06:46:01,689 [WARNING] leadlag.core.market_calendar: No static holiday table for year 2015. Install jpholiday or update market_calendar.py.
2026-09-20 06:46:01,689 [WARNING] leadlag.core.market_calendar: No static holiday table for year 2015. Install jpholiday or update market_calendar.py.
2026-09-20 06:46:01,689 [WARNING] leadlag.core.market_calendar: No static holiday table for year 2015. Install jpholiday or update market_calendar.py.
2026-09-20 06:46:01,689 [WARNING] leadlag.core.market_calendar: No static holiday table for year 2015. Install jpholiday or update market_calendar.py.
2026-09-20 06:46:01,689 [WARNING] leadlag.core.market_calendar: No static holiday table for year 2015. Install jpholiday or update market_calendar.py.
2026-09-20 06:46:01,689 [WARNING] leadlag.core.market_calendar: No static holiday table for year 2015. Install jpholiday or update market_calendar.py.
2026-09-20 06:46:01,689 [WARNING] leadlag.core.market_calendar: No static holiday table for year 2015. Install jpholiday or update market_calendar.py.
2026-09-20 06:46:01,689 [WARNING] leadlag.core.market_calendar: No static holiday table for year 2015. Install jpholiday or update market_calendar.py.
2026-09-20 06:46:01,690 [WARNING] leadlag.core.market_calendar: No static holiday table for year 2015. Install jpholiday or update market_calendar.py.
2026-09-20 06:46:01,690 [WARNING] leadlag.core.market_calendar: No static holiday table for year 2015. Install jpholiday or update market_calendar.py.
2026-09-20 06:46:01,690 [WARNING] leadlag.core.market_calendar: No static holiday table for year 2015. Install jpholiday or update market_calendar.py.
2026-09-20 06:46:01,690 [WARNING] leadlag.core.market_calendar: No static holiday table for year 2015. Install jpholiday or update market_calendar.py.
2026-09-20 06:46:01,690 [WARNING] leadlag.core.market_calendar: No static holiday table for year 2015. Install jpholiday or update market_calendar.py.
2026-09-20 06:46:01,690 [WARNING] leadlag.core.market_calendar: No static holiday table for year 2015. Install jpholiday or update market_calendar.py.
2026-09-20 06:46:01,690 [WARNING] leadlag.core.market_calendar: No static holiday table for year 2015. Install jpholiday or update market_calendar.py.
2026-09-20 06:46:01,691 [WARNING] leadlag.core.market_calendar: No static holiday table for year 2015. Install jpholiday or update market_calendar.py.
2026-09-20 06:46:01,691 [WARNING] leadlag.core.market_calendar: No static holiday table for year 2015. Install jpholiday or update market_calendar.py.
2026-09-20 06:46:01,691 [WARNING] leadlag.core.market_calendar: No static holiday table for year 2015. Install jpholiday or update market_calendar.py.
2026-09-20 06:46:01,691 [WARNING] leadlag.core.market_calendar: No static holiday table for year 2015. Install jpholiday or update market_calendar.py.
2026-09-20 06:46:01,691 [WARNING] leadlag.core.market_calendar: No static holiday table for year 2015. Install jpholiday or update market_calendar.py.
2026-09-20 06:46:01,691 [WARNING] leadlag.core.market_calendar: No static holiday table for year 2015. Install jpholiday or update market_calendar.py.
2026-09-20 06:46:01,691 [WARNING] leadlag.core.market_calendar: No static holiday table for year 2015. Install jpholiday or update market_calendar.py.
2026-09-20 06:46:01,692 [WARNING] leadlag.core.market_calendar: No static holiday table for year 2015. Install jpholiday or update market_calendar.py.
2026-09-20 06:46:01,692 [WARNING] leadlag.core.market_calendar: No static holiday table for year 2015. Install jpholiday or update market_calendar.py.
2026-09-20 06:46:01,692 [WARNING] leadlag.core.market_calendar: No static holiday table for year 2015. Install jpholiday or update market_calendar.py.
2026-09-20 06:46:01,692 [WARNING] leadlag.core.market_calendar: No static holiday table for year 2015. Install jpholiday or update market_calendar.py.
2026-09-20 06:46:01,692 [WARNING] leadlag.core.market_calendar: No static holiday table for year 2015. Install jpholiday or update market_calendar.py.
2026-09-20 06:46:01,692 [WARNING] leadlag.core.market_calendar: No static holiday table for year 2015. Install jpholiday or update market_calendar.py.
2026-09-20 06:46:01,693 [WARNING] leadlag.core.market_calendar: No static holiday table for year 2015. Install jpholiday or update market_calendar.py.
2026-09-20 06:46:01,693 [WARNING] leadlag.core.market_calendar: No static holiday table for year 2015. Install jpholiday or update market_calendar.py.
2026-09-20 06:46:01,693 [WARNING] leadlag.core.market_calendar: No static holiday table for year 2015. Install jpholiday or update market_calendar.py.
2026-09-20 06:46:01,693 [WARNING] leadlag.core.market_calendar: No static holiday table for year 2015. Install jpholiday or update market_calendar.py.
2026-09-20 06:46:01,693 [WARNING] leadlag.core.market_calendar: No static holiday table for year 2015. Install jpholiday or update market_calendar.py.
2026-09-20 06:46:01,694 [WARNING] leadlag.core.market_calendar: No static holiday table for year 2015. Install jpholiday or update market_calendar.py.
2026-09-20 06:46:01,694 [WARNING] leadlag.core.market_calendar: No static holiday table for year 2015. Install jpholiday or update market_calendar.py.
2026-09-20 06:46:01,694 [WARNING] leadlag.core.market_calendar: No static holiday table for year 2015. Install jpholiday or update market_calendar.py.
2026-09-20 06:46:01,694 [WARNING] leadlag.core.market_calendar: No static holiday table for year 2015. Install jpholiday or update market_calendar.py.
2026-09-20 06:46:01,694 [WARNING] leadlag.core.market_calendar: No static holiday table for year 2015. Install jpholiday or update market_calendar.py.
2026-09-20 06:46:01,695 [WARNING] leadlag.core.market_calendar: No static holiday table for year 2015. Install jpholiday or update market_calendar.py.
2026-09-20 06:46:01,695 [WARNING] leadlag.core.market_calendar: No static holiday table for year 2015. Install jpholiday or update market_calendar.py.
2026-09-20 06:46:01,695 [WARNING] leadlag.core.market_calendar: No static holiday table for year 2015. Install jpholiday or update market_calendar.py.
2026-09-20 06:46:01,695 [WARNING] leadlag.core.market_calendar: No static holiday table for year 2015. Install jpholiday or update market_calendar.py.
2026-09-20 06:46:01,695 [WARNING] leadlag.core.market_calendar: No static holiday table for year 2015. Install jpholiday or update market_calendar.py.
2026-09-20 06:46:01,695 [WARNING] leadlag.core.market_calendar: No static holiday table for year 2015. Install jpholiday or update market_calendar.py.
2026-09-20 06:46:01,696 [WARNING] leadlag.core.market_calendar: No static holiday table for year 2015. Install jpholiday or update market_calendar.py.
2026-09-20 06:46:01,696 [WARNING] leadlag.core.market_calendar: No static holiday table for year 2015. Install jpholiday or update market_calendar.py.
2026-09-20 06:46:01,696 [WARNING] leadlag.core.market_calendar: No static holiday table for year 2015. Install jpholiday or update market_calendar.py.
2026-09-20 06:46:01,696 [WARNING] leadlag.core.market_calendar: No static holiday table for year 2015. Install jpholiday or update market_calendar.py.
2026-09-20 06:46:01,696 [WARNING] leadlag.core.market_calendar: No static holiday table for year 2015. Install jpholiday or update market_calendar.py.
2026-09-20 06:46:01,696 [WARNING] leadlag.core.market_calendar: No static holiday table for year 2015. Install jpholiday or update market_calendar.py.
2026-09-20 06:46:01,697 [WARNING] leadlag.core.market_calendar: No static holiday table for year 2015. Install jpholiday or update market_calendar.py.
2026-09-20 06:46:01,697 [WARNING] leadlag.core.market_calendar: No static holiday table for year 2015. Install jpholiday or update market_calendar.py.
2026-09-20 06:46:01,697 [WARNING] leadlag.core.market_calendar: No static holiday table for year 2015. Install jpholiday or update market_calendar.py.
2026-09-20 06:46:01,697 [WARNING] leadlag.core.market_calendar: No static holiday table for year 2015. Install jpholiday or update market_calendar.py.
2026-09-20 06:46:01,697 [WARNING] leadlag.core.market_calendar: No static holiday table for year 2015. Install jpholiday or update market_calendar.py.
2026-09-20 06:46:01,697 [WARNING] leadlag.core.market_calendar: No static holiday table for year 2015. Install jpholiday or update market_calendar.py.
2026-09-20 06:46:01,697 [WARNING] leadlag.core.market_calendar: No static holiday table for year 2015. Install jpholiday or update market_calendar.py.
2026-09-20 06:46:01,698 [WARNING] leadlag.core.market_calendar: No static holiday table for year 2015. Install jpholiday or update market_calendar.py.
2026-09-20 06:46:01,698 [WARNING] leadlag.core.market_calendar: No static holiday table for year 2015. Install jpholiday or update market_calendar.py.
2026-09-20 06:46:01,698 [WARNING] leadlag.core.market_calendar: No static holiday table for year 2015. Install jpholiday or update market_calendar.py.
2026-09-20 06:46:01,698 [WARNING] leadlag.core.market_calendar: No static holiday table for year 2015. Install jpholiday or update market_calendar.py.
2026-09-20 06:46:01,698 [WARNING] leadlag.core.market_calendar: No static holiday table for year 2015. Install jpholiday or update market_calendar.py.
2026-09-20 06:46:01,698 [WARNING] leadlag.core.market_calendar: No static holiday table for year 2015. Install jpholiday or update market_calendar.py.
2026-09-20 06:46:01,699 [WARNING] leadlag.core.market_calendar: No static holiday table for year 2015. Install jpholiday or update market_calendar.py.
2026-09-20 06:46:01,699 [WARNING] leadlag.core.market_calendar: No static holiday table for year 2015. Install jpholiday or update market_calendar.py.
2026-09-20 06:46:01,699 [WARNING] leadlag.core.market_calendar: No static holiday table for year 2015. Install jpholiday or update market_calendar.py.
2026-09-20 06:46:01,699 [WARNING] leadlag.core.market_calendar: No static holiday table for year 2015. Install jpholiday or update market_calendar.py.
2026-09-20 06:46:01,699 [WARNING] leadlag.core.market_calendar: No static holiday table for year 2015. Install jpholiday or update market_calendar.py.
2026-09-20 06:46:01,699 [WARNING] leadlag.core.market_calendar: No static holiday table for year 2015. Install jpholiday or update market_calendar.py.
2026-09-20 06:46:01,699 [WARNING] leadlag.core.market_calendar: No static holiday table for year 2015. Install jpholiday or update market_calendar.py.
2026-09-20 06:46:01,699 [WARNING] leadlag.core.market_calendar: No static holiday table for year 2015. Install jpholiday or update market_calendar.py.
2026-09-20 06:46:01,700 [WARNING] leadlag.core.market_calendar: No static holiday table for year 2015. Install jpholiday or update market_calendar.py.
2026-09-20 06:46:01,700 [WARNING] leadlag.core.market_calendar: No static holiday table for year 2015. Install jpholiday or update market_calendar.py.
2026-09-20 06:46:01,700 [WARNING] leadlag.core.market_calendar: No static holiday table for year 2015. Install jpholiday or update market_calendar.py.
2026-09-20 06:46:01,700 [WARNING] leadlag.core.market_calendar: No static holiday table for year 2015. Install jpholiday or update market_calendar.py.
2026-09-20 06:46:01,700 [WARNING] leadlag.core.market_calendar: No static holiday table for year 2015. Install jpholiday or update market_calendar.py.
2026-09-20 06:46:01,700 [WARNING] leadlag.core.market_calendar: No static holiday table for year 2015. Install jpholiday or update market_calendar.py.
2026-09-20 06:46:01,700 [WARNING] leadlag.core.market_calendar: No static holiday table for year 2015. Install jpholiday or update market_calendar.py.
2026-09-20 06:46:01,701 [WARNING] leadlag.core.market_calendar: No static holiday table for year 2015. Install jpholiday or update market_calendar.py.
2026-09-20 06:46:01,701 [WARNING] leadlag.core.market_calendar: No static holiday table for year 2015. Install jpholiday or update market_calendar.py.
2026-09-20 06:46:01,701 [WARNING] leadlag.core.market_calendar: No static holiday table for year 2015. Install jpholiday or update market_calendar.py.
2026-09-20 06:46:01,701 [WARNING] leadlag.core.market_calendar: No static holiday table for year 2015. Install jpholiday or update market_calendar.py.
2026-09-20 06:46:01,701 [WARNING] leadlag.core.market_calendar: No static holiday table for year 2015. Install jpholiday or update market_calendar.py.
2026-09-20 06:46:01,701 [WARNING] leadlag.core.market_calendar: No static holiday table for year 2015. Install jpholiday or update market_calendar.py.
2026-09-20 06:46:01,701 [WARNING] leadlag.core.market_calendar: No static holiday table for year 2015. Install jpholiday or update market_calendar.py.
2026-09-20 06:46:01,701 [WARNING] leadlag.core.market_calendar: No static holiday table for year 2015. Install jpholiday or update market_calendar.py.
2026-09-20 06:46:01,702 [WARNING] leadlag.core.market_calendar: No static holiday table for year 2015. Install jpholiday or update market_calendar.py.
2026-09-20 06:46:01,702 [WARNING] leadlag.core.market_calendar: No static holiday table for year 2015. Install jpholiday or update market_calendar.py.
2026-09-20 06:46:01,702 [WARNING] leadlag.core.market_calendar: No static holiday table for year 2015. Install jpholiday or update market_calendar.py.
2026-09-20 06:46:01,702 [WARNING] leadlag.core.market_calendar: No static holiday table for year 2015. Install jpholiday or update market_calendar.py.
2026-09-20 06:46:01,702 [WARNING] leadlag.core.market_calendar: No static holiday table for year 2015. Install jpholiday or update market_calendar.py.
2026-09-20 06:46:01,702 [WARNING] leadlag.core.market_calendar: No static holiday table for year 2015. Install jpholiday or update market_calendar.py.
2026-09-20 06:46:01,702 [WARNING] leadlag.core.market_calendar: No static holiday table for year 2015. Install jpholiday or update market_calendar.py.
2026-09-20 06:46:01,703 [WARNING] leadlag.core.market_calendar: No static holiday table for year 2015. Install jpholiday or update market_calendar.py.
2026-09-20 06:46:01,703 [WARNING] leadlag.core.market_calendar: No static holiday table for year 2015. Install jpholiday or update market_calendar.py.
2026-09-20 06:46:01,703 [WARNING] leadlag.core.market_calendar: No static holiday table for year 2015. Install jpholiday or update market_calendar.py.
2026-09-20 06:46:01,703 [WARNING] leadlag.core.market_calendar: No static holiday table for year 2015. Install jpholiday or update market_calendar.py.
2026-09-20 06:46:01,703 [WARNING] leadlag.core.market_calendar: No static holiday table for year 2015. Install jpholiday or update market_calendar.py.
2026-09-20 06:46:01,703 [WARNING] leadlag.core.market_calendar: No static holiday table for year 2015. Install jpholiday or update market_calendar.py.
2026-09-20 06:46:01,703 [WARNING] leadlag.core.market_calendar: No static holiday table for year 2015. Install jpholiday or update market_calendar.py.
2026-09-20 06:46:01,704 [WARNING] leadlag.core.market_calendar: No static holiday table for year 2015. Install jpholiday or update market_calendar.py.
2026-09-20 06:46:01,704 [WARNING] leadlag.core.market_calendar: No static holiday table for year 2015. Install jpholiday or update market_calendar.py.
2026-09-20 06:46:01,704 [WARNING] leadlag.core.market_calendar: No static holiday table for year 2016. Install jpholiday or update market_calendar.py.
2026-09-20 06:46:01,704 [WARNING] leadlag.core.market_calendar: No static holiday table for year 2016. Install jpholiday or update market_calendar.py.
2026-09-20 06:46:01,704 [WARNING] leadlag.core.market_calendar: No static holiday table for year 2016. Install jpholiday or update market_calendar.py.
2026-09-20 06:46:01,704 [WARNING] leadlag.core.market_calendar: No static holiday table for year 2016. Install jpholiday or update market_calendar.py.
2026-09-20 06:46:01,704 [WARNING] leadlag.core.market_calendar: No static holiday table for year 2016. Install jpholiday or update market_calendar.py.
2026-09-20 06:46:01,705 [WARNING] leadlag.core.market_calendar: No static holiday table for year 2016. Install jpholiday or update market_calendar.py.
2026-09-20 06:46:01,705 [WARNING] leadlag.core.market_calendar: No static holiday table for year 2016. Install jpholiday or update market_calendar.py.
2026-09-20 06:46:01,705 [WARNING] leadlag.core.market_calendar: No static holiday table for year 2016. Install jpholiday or update market_calendar.py.
2026-09-20 06:46:01,705 [WARNING] leadlag.core.market_calendar: No static holiday table for year 2016. Install jpholiday or update market_calendar.py.
2026-09-20 06:46:01,705 [WARNING] leadlag.core.market_calendar: No static holiday table for year 2016. Install jpholiday or update market_calendar.py.
2026-09-20 06:46:01,705 [WARNING] leadlag.core.market_calendar: No static holiday table for year 2016. Install jpholiday or update market_calendar.py.
2026-09-20 06:46:01,706 [WARNING] leadlag.core.market_calendar: No static holiday table for year 2016. Install jpholiday or update market_calendar.py.
2026-09-20 06:46:01,706 [WARNING] leadlag.core.market_calendar: No static holiday table for year 2016. Install jpholiday or update market_calendar.py.
2026-09-20 06:46:01,706 [WARNING] leadlag.core.market_calendar: No static holiday table for year 2016. Install jpholiday or update market_calendar.py.
2026-09-20 06:46:01,706 [WARNING] leadlag.core.market_calendar: No static holiday table for year 2016. Install jpholiday or update market_calendar.py.
2026-09-20 06:46:01,706 [WARNING] leadlag.core.market_calendar: No static holiday table for year 2016. Install jpholiday or update market_calendar.py.
2026-09-20 06:46:01,706 [WARNING] leadlag.core.market_calendar: No static holiday table for year 2016. Install jpholiday or update market_calendar.py.
2026-09-20 06:46:01,706 [WARNING] leadlag.core.market_calendar: No static holiday table for year 2016. Install jpholiday or update market_calendar.py.
2026-09-20 06:46:01,707 [WARNING] leadlag.core.market_calendar: No static holiday table for year 2016. Install jpholiday or update market_calendar.py.
2026-09-20 06:46:01,707 [WARNING] leadlag.core.market_calendar: No static holiday table for year 2016. Install jpholiday or update market_calendar.py.
2026-09-20 06:46:01,707 [WARNING] leadlag.core.market_calendar: No static holiday table for year 2016. Install jpholiday or update market_calendar.py.
2026-09-20 06:46:01,707 [WARNING] leadlag.core.market_calendar: No static holiday table for year 2016. Install jpholiday or update market_calendar.py.
2026-09-20 06:46:01,707 [WARNING] leadlag.core.market_calendar: No static holiday table for year 2016. Install jpholiday or update market_calendar.py.
2026-09-20 06:46:01,707 [WARNING] leadlag.core.market_calendar: No static holiday table for year 2016. Install jpholiday or update market_calendar.py.
2026-09-20 06:46:01,707 [WARNING] leadlag.core.market_calendar: No static holiday table for year 2016. Install jpholiday or update market_calendar.py.
2026-09-20 06:46:01,708 [WARNING] leadlag.core.market_calendar: No static holiday table for year 2016. Install jpholiday or update market_calendar.py.
2026-09-20 06:46:01,708 [WARNING] leadlag.core.market_calendar: No static holiday table for year 2016. Install jpholiday or update market_calendar.py.
2026-09-20 06:46:01,708 [WARNING] leadlag.core.market_calendar: No static holiday table for year 2016. Install jpholiday or update market_calendar.py.
2026-09-20 06:46:01,708 [WARNING] leadlag.core.market_calendar: No static holiday table for year 2016. Install jpholiday or update market_calendar.py.
2026-09-20 06:46:01,708 [WARNING] leadlag.core.market_calendar: No static holiday table for year 2016. Install jpholiday or update market_calendar.py.
2026-09-20 06:46:01,708 [WARNING] leadlag.core.market_calendar: No static holiday table for year 2016. Install jpholiday or update market_calendar.py.
2026-09-20 06:46:01,708 [WARNING] leadlag.core.market_calendar: No static holiday table for year 2016. Install jpholiday or update market_calendar.py.
2026-09-20 06:46:01,709 [WARNING] leadlag.core.market_calendar: No static holiday table for year 2016. Install jpholiday or update market_calendar.py.
2026-09-20 06:46:01,709 [WARNING] leadlag.core.market_calendar: No static holiday table for year 2016. Install jpholiday or update market_calendar.py.
2026-09-20 06:46:01,709 [WARNING] leadlag.core.market_calendar: No static holiday table for year 2016. Install jpholiday or update market_calendar.py.
2026-09-20 06:46:01,709 [WARNING] leadlag.core.market_calendar: No static holiday table for year 2016. Install jpholiday or update market_calendar.py.
2026-09-20 06:46:01,709 [WARNING] leadlag.core.market_calendar: No static holiday table for year 2016. Install jpholiday or update market_calendar.py.
2026-09-20 06:46:01,709 [WARNING] leadlag.core.market_calendar: No static holiday table for year 2016. Install jpholiday or update market_calendar.py.
2026-09-20 06:46:01,709 [WARNING] leadlag.core.market_calendar: No static holiday table for year 2016. Install jpholiday or update market_calendar.py.
2026-09-20 06:46:01,710 [WARNING] leadlag.core.market_calendar: No static holiday table for year 2016. Install jpholiday or update market_calendar.py.
2026-09-20 06:46:01,710 [WARNING] leadlag.core.market_calendar: No static holiday table for year 2016. Install jpholiday or update market_calendar.py.
2026-09-20 06:46:01,710 [WARNING] leadlag.core.market_calendar: No static holiday table for year 2016. Install jpholiday or update market_calendar.py.
2026-09-20 06:46:01,710 [WARNING] leadlag.core.market_calendar: No static holiday table for year 2016. Install jpholiday or update market_calendar.py.
2026-09-20 06:46:01,710 [WARNING] leadlag.core.market_calendar: No static holiday table for year 2016. Install jpholiday or update market_calendar.py.
2026-09-20 06:46:01,710 [WARNING] leadlag.core.market_calendar: No static holiday table for year 2016. Install jpholiday or update market_calendar.py.
2026-09-20 06:46:01,711 [WARNING] leadlag.core.market_calendar: No static holiday table for year 2016. Install jpholiday or update market_calendar.py.
2026-09-20 06:46:01,711 [WARNING] leadlag.core.market_calendar: No static holiday table for year 2016. Install jpholiday or update market_calendar.py.
2026-09-20 06:46:01,711 [WARNING] leadlag.core.market_calendar: No static holiday table for year 2016. Install jpholiday or update market_calendar.py.
2026-09-20 06:46:01,711 [WARNING] leadlag.core.market_calendar: No static holiday table for year 2016. Install jpholiday or update market_calendar.py.
2026-09-20 06:46:01,711 [WARNING] leadlag.core.market_calendar: No static holiday table for year 2016. Install jpholiday or update market_calendar.py.
2026-09-20 06:46:01,712 [WARNING] leadlag.core.market_calendar: No static holiday table for year 2016. Install jpholiday or update market_calendar.py.
2026-09-20 06:46:01,712 [WARNING] leadlag.core.market_calendar: No static holiday table for year 2016. Install jpholiday or update market_calendar.py.
2026-09-20 06:46:01,712 [WARNING] leadlag.core.market_calendar: No static holiday table for year 2016. Install jpholiday or update market_calendar.py.
2026-09-20 06:46:01,712 [WARNING] leadlag.core.market_calendar: No static holiday table for year 2016. Install jpholiday or update market_calendar.py.
2026-09-20 06:46:01,712 [WARNING] leadlag.core.market_calendar: No static holiday table for year 2016. Install jpholiday or update market_calendar.py.
2026-09-20 06:46:01,713 [WARNING] leadlag.core.market_calendar: No static holiday table for year 2016. Install jpholiday or update market_calendar.py.
2026-09-20 06:46:01,713 [WARNING] leadlag.core.market_calendar: No static holiday table for year 2016. Install jpholiday or update market_calendar.py.
2026-09-20 06:46:01,713 [WARNING] leadlag.core.market_calendar: No static holiday table for year 2016. Install jpholiday or update market_calendar.py.
2026-09-20 06:46:01,713 [WARNING] leadlag.core.market_calendar: No static holiday table for year 2016. Install jpholiday or update market_calendar.py.
2026-09-20 06:46:01,713 [WARNING] leadlag.core.market_calendar: No static holiday table for year 2016. Install jpholiday or update market_calendar.py.
2026-09-20 06:46:01,713 [WARNING] leadlag.core.market_calendar: No static holiday table for year 2016. Install jpholiday or update market_calendar.py.
2026-09-20 06:46:01,714 [WARNING] leadlag.core.market_calendar: No static holiday table for year 2016. Install jpholiday or update market_calendar.py.
2026-09-20 06:46:01,714 [WARNING] leadlag.core.market_calendar: No static holiday table for year 2016. Install jpholiday or update market_calendar.py.
2026-09-20 06:46:01,714 [WARNING] leadlag.core.market_calendar: No static holiday table for year 2016. Install jpholiday or update market_calendar.py.
2026-09-20 06:46:01,714 [WARNING] leadlag.core.market_calendar: No static holiday table for year 2016. Install jpholiday or update market_calendar.py.
2026-09-20 06:46:01,714 [WARNING] leadlag.core.market_calendar: No static holiday table for year 2016. Install jpholiday or update market_calendar.py.
2026-09-20 06:46:01,714 [WARNING] leadlag.core.market_calendar: No static holiday table for year 2016. Install jpholiday or update market_calendar.py.
2026-09-20 06:46:01,714 [WARNING] leadlag.core.market_calendar: No static holiday table for year 2016. Install jpholiday or update market_calendar.py.
2026-09-20 06:46:01,714 [WARNING] leadlag.core.market_calendar: No static holiday table for year 2016. Install jpholiday or update market_calendar.py.
2026-09-20 06:46:01,715 [WARNING] leadlag.core.market_calendar: No static holiday table for year 2016. Install jpholiday or update market_calendar.py.
2026-09-20 06:46:01,715 [WARNING] leadlag.core.market_calendar: No static holiday table for year 2016. Install jpholiday or update market_calendar.py.
2026-09-20 06:46:01,715 [WARNING] leadlag.core.market_calendar: No static holiday table for year 2016. Install jpholiday or update market_calendar.py.
2026-09-20 06:46:01,715 [WARNING] leadlag.core.market_calendar: No static holiday table for year 2016. Install jpholiday or update market_calendar.py.
2026-09-20 06:46:01,715 [WARNING] leadlag.core.market_calendar: No static holiday table for year 2016. Install jpholiday or update market_calendar.py.
2026-09-20 06:46:01,715 [WARNING] leadlag.core.market_calendar: No static holiday table for year 2016. Install jpholiday or update market_calendar.py.
2026-09-20 06:46:01,716 [WARNING] leadlag.core.market_calendar: No static holiday table for year 2016. Install jpholiday or update market_calendar.py.
2026-09-20 06:46:01,716 [WARNING] leadlag.core.market_calendar: No static holiday table for year 2016. Install jpholiday or update market_calendar.py.
2026-09-20 06:46:01,716 [WARNING] leadlag.core.market_calendar: No static holiday table for year 2016. Install jpholiday or update market_calendar.py.
2026-09-20 06:46:01,716 [WARNING] leadlag.core.market_calendar: No static holiday table for year 2016. Install jpholiday or update market_calendar.py.
2026-09-20 06:46:01,716 [WARNING] leadlag.core.market_calendar: No static holiday table for year 2016. Install jpholiday or update market_calendar.py.
2026-09-20 06:46:01,716 [WARNING] leadlag.core.market_calendar: No static holiday table for year 2016. Install jpholiday or update market_calendar.py.
2026-09-20 06:46:01,717 [WARNING] leadlag.core.market_calendar: No static holiday table for year 2016. Install jpholiday or update market_calendar.py.
2026-09-20 06:46:01,717 [WARNING] leadlag.core.market_calendar: No static holiday table for year 2016. Install jpholiday or update market_calendar.py.
2026-09-20 06:46:01,717 [WARNING] leadlag.core.market_calendar: No static holiday table for year 2016. Install jpholiday or update market_calendar.py.
2026-09-20 06:46:01,717 [WARNING] leadlag.core.market_calendar: No static holiday table for year 2016. Install jpholiday or update market_calendar.py.
2026-09-20 06:46:01,717 [WARNING] leadlag.core.market_calendar: No static holiday table for year 2016. Install jpholiday or update market_calendar.py.
2026-09-20 06:46:01,717 [WARNING] leadlag.core.market_calendar: No static holiday table for year 2016. Install jpholiday or update market_calendar.py.
2026-09-20 06:46:01,718 [WARNING] leadlag.core.market_calendar: No static holiday table for year 2016. Install jpholiday or update market_calendar.py.
2026-09-20 06:46:01,718 [WARNING] leadlag.core.market_calendar: No static holiday table for year 2016. Install jpholiday or update market_calendar.py.
2026-09-20 06:46:01,718 [WARNING] leadlag.core.market_calendar: No static holiday table for year 2016. Install jpholiday or update market_calendar.py.
2026-09-20 06:46:01,718 [WARNING] leadlag.core.market_calendar: No static holiday table for year 2016. Install jpholiday or update market_calendar.py.
2026-09-20 06:46:01,718 [WARNING] leadlag.core.market_calendar: No static holiday table for year 2016. Install jpholiday or update market_calendar.py.
2026-09-20 06:46:01,718 [WARNING] leadlag.core.market_calendar: No static holiday table for year 2016. Install jpholiday or update market_calendar.py.
2026-09-20 06:46:01,718 [WARNING] leadlag.core.market_calendar: No static holiday table for year 2016. Install jpholiday or update market_calendar.py.
2026-09-20 06:46:01,718 [WARNING] leadlag.core.market_calendar: No static holiday table for year 2016. Install jpholiday or update market_calendar.py.
2026-09-20 06:46:01,719 [WARNING] leadlag.core.market_calendar: No static holiday table for year 2016. Install jpholiday or update market_calendar.py.
2026-09-20 06:46:01,719 [WARNING] leadlag.core.market_calendar: No static holiday table for year 2016. Install jpholiday or update market_calendar.py.
2026-09-20 06:46:01,719 [WARNING] leadlag.core.market_calendar: No static holiday table for year 2016. Install jpholiday or update market_calendar.py.
2026-09-20 06:46:01,719 [WARNING] leadlag.core.market_calendar: No static holiday table for year 2016. Install jpholiday or update market_calendar.py.
2026-09-20 06:46:01,719 [WARNING] leadlag.core.market_calendar: No static holiday table for year 2016. Install jpholiday or update market_calendar.py.
2026-09-20 06:46:01,719 [WARNING] leadlag.core.market_calendar: No static holiday table for year 2016. Install jpholiday or update market_calendar.py.
2026-09-20 06:46:01,719 [WARNING] leadlag.core.market_calendar: No static holiday table for year 2016. Install jpholiday or update market_calendar.py.
2026-09-20 06:46:01,720 [WARNING] leadlag.core.market_calendar: No static holiday table for year 2016. Install jpholiday or update market_calendar.py.
2026-09-20 06:46:01,720 [WARNING] leadlag.core.market_calendar: No static holiday table for year 2016. Install jpholiday or update market_calendar.py.
2026-09-20 06:46:01,720 [WARNING] leadlag.core.market_calendar: No static holiday table for year 2016. Install jpholiday or update market_calendar.py.
2026-09-20 06:46:01,720 [WARNING] leadlag.core.market_calendar: No static holiday table for year 2016. Install jpholiday or update market_calendar.py.
2026-09-20 06:46:01,720 [WARNING] leadlag.core.market_calendar: No static holiday table for year 2016. Install jpholiday or update market_calendar.py.
2026-09-20 06:46:01,720 [WARNING] leadlag.core.market_calendar: No static holiday table for year 2016. Install jpholiday or update market_calendar.py.
2026-09-20 06:46:01,720 [WARNING] leadlag.core.market_calendar: No static holiday table for year 2016. Install jpholiday or update market_calendar.py.
2026-09-20 06:46:01,721 [WARNING] leadlag.core.market_calendar: No static holiday table for year 2016. Install jpholiday or update market_calendar.py.
2026-09-20 06:46:01,721 [WARNING] leadlag.core.market_calendar: No static holiday table for year 2016. Install jpholiday or update market_calendar.py.
2026-09-20 06:46:01,721 [WARNING] leadlag.core.market_calendar: No static holiday table for year 2016. Install jpholiday or update market_calendar.py.
2026-09-20 06:46:01,721 [WARNING] leadlag.core.market_calendar: No static holiday table for year 2016. Install jpholiday or update market_calendar.py.
2026-09-20 06:46:01,721 [WARNING] leadlag.core.market_calendar: No static holiday table for year 2016. Install jpholiday or update market_calendar.py.
2026-09-20 06:46:01,721 [WARNING] leadlag.core.market_calendar: No static holiday table for year 2016. Install jpholiday or update market_calendar.py.
2026-09-20 06:46:01,721 [WARNING] leadlag.core.market_calendar: No static holiday table for year 2016. Install jpholiday or update market_calendar.py.
2026-09-20 06:46:01,722 [WARNING] leadlag.core.market_calendar: No static holiday table for year 2016. Install jpholiday or update market_calendar.py.
2026-09-20 06:46:01,722 [WARNING] leadlag.core.market_calendar: No static holiday table for year 2016. Install jpholiday or update market_calendar.py.
2026-09-20 06:46:01,722 [WARNING] leadlag.core.market_calendar: No static holiday table for year 2016. Install jpholiday or update market_calendar.py.
2026-09-20 06:46:01,722 [WARNING] leadlag.core.market_calendar: No static holiday table for year 2016. Install jpholiday or update market_calendar.py.
2026-09-20 06:46:01,722 [WARNING] leadlag.core.market_calendar: No static holiday table for year 2016. Install jpholiday or update market_calendar.py.
2026-09-20 06:46:01,722 [WARNING] leadlag.core.market_calendar: No static holiday table for year 2016. Install jpholiday or update market_calendar.py.
2026-09-20 06:46:01,722 [WARNING] leadlag.core.market_calendar: No static holiday table for year 2016. Install jpholiday or update market_calendar.py.
2026-09-20 06:46:01,723 [WARNING] leadlag.core.market_calendar: No static holiday table for year 2016. Install jpholiday or update market_calendar.py.
2026-09-20 06:46:01,723 [WARNING] leadlag.core.market_calendar: No static holiday table for year 2016. Install jpholiday or update market_calendar.py.
2026-09-20 06:46:01,723 [WARNING] leadlag.core.market_calendar: No static holiday table for year 2016. Install jpholiday or update market_calendar.py.
2026-09-20 06:46:01,723 [WARNING] leadlag.core.market_calendar: No static holiday table for year 2016. Install jpholiday or update market_calendar.py.
2026-09-20 06:46:01,723 [WARNING] leadlag.core.market_calendar: No static holiday table for year 2016. Install jpholiday or update market_calendar.py.
2026-09-20 06:46:01,723 [WARNING] leadlag.core.market_calendar: No static holiday table for year 2016. Install jpholiday or update market_calendar.py.
2026-09-20 06:46:01,723 [WARNING] leadlag.core.market_calendar: No static holiday table for year 2016. Install jpholiday or update market_calendar.py.
2026-09-20 06:46:01,724 [WARNING] leadlag.core.market_calendar: No static holiday table for year 2016. Install jpholiday or update market_calendar.py.
2026-09-20 06:46:01,724 [WARNING] leadlag.core.market_calendar: No static holiday table for year 2016. Install jpholiday or update market_calendar.py.
2026-09-20 06:46:01,724 [WARNING] leadlag.core.market_calendar: No static holiday table for year 2016. Install jpholiday or update market_calendar.py.
2026-09-20 06:46:01,724 [WARNING] leadlag.core.market_calendar: No static holiday table for year 2016. Install jpholiday or update market_calendar.py.
2026-09-20 06:46:01,724 [WARNING] leadlag.core.market_calendar: No static holiday table for year 2016. Install jpholiday or update market_calendar.py.
2026-09-20 06:46:01,724 [WARNING] leadlag.core.market_calendar: No static holiday table for year 2016. Install jpholiday or update market_calendar.py.
2026-09-20 06:46:01,725 [WARNING] leadlag.core.market_calendar: No static holiday table for year 2016. Install jpholiday or update market_calendar.py.
2026-09-20 06:46:01,725 [WARNING] leadlag.core.market_calendar: No static holiday table for year 2016. Install jpholiday or update market_calendar.py.
2026-09-20 06:46:01,725 [WARNING] leadlag.core.market_calendar: No static holiday table for year 2016. Install jpholiday or update market_calendar.py.
2026-09-20 06:46:01,725 [WARNING] leadlag.core.market_calendar: No static holiday table for year 2016. Install jpholiday or update market_calendar.py.
2026-09-20 06:46:01,725 [WARNING] leadlag.core.market_calendar: No static holiday table for year 2016. Install jpholiday or update market_calendar.py.
2026-09-20 06:46:01,725 [WARNING] leadlag.core.market_calendar: No static holiday table for year 2016. Install jpholiday or update market_calendar.py.
2026-09-20 06:46:01,726 [WARNING] leadlag.core.market_calendar: No static holiday table for year 2016. Install jpholiday or update market_calendar.py.
2026-09-20 06:46:01,726 [WARNING] leadlag.core.market_calendar: No static holiday table for year 2016. Install jpholiday or update market_calendar.py.
2026-09-20 06:46:01,726 [WARNING] leadlag.core.market_calendar: No static holiday table for year 2016. Install jpholiday or update market_calendar.py.
2026-09-20 06:46:01,726 [WARNING] leadlag.core.market_calendar: No static holiday table for year 2016. Install jpholiday or update market_calendar.py.
2026-09-20 06:46:01,726 [WARNING] leadlag.core.market_calendar: No static holiday table for year 2016. Install jpholiday or update market_calendar.py.
2026-09-20 06:46:01,726 [WARNING] leadlag.core.market_calendar: No static holiday table for year 2016. Install jpholiday or update market_calendar.py.
2026-09-20 06:46:01,726 [WARNING] leadlag.core.market_calendar: No static holiday table for year 2016. Install jpholiday or update market_calendar.py.
2026-09-20 06:46:01,727 [WARNING] leadlag.core.market_calendar: No static holiday table for year 2016. Install jpholiday or update market_calendar.py.
2026-09-20 06:46:01,727 [WARNING] leadlag.core.market_calendar: No static holiday table for year 2016. Install jpholiday or update market_calendar.py.
2026-09-20 06:46:01,727 [WARNING] leadlag.core.market_calendar: No static holiday table for year 2016. Install jpholiday or update market_calendar.py.
2026-09-20 06:46:01,727 [WARNING] leadlag.core.market_calendar: No static holiday table for year 2016. Install jpholiday or update market_calendar.py.
2026-09-20 06:46:01,727 [WARNING] leadlag.core.market_calendar: No static holiday table for year 2016. Install jpholiday or update market_calendar.py.
2026-09-20 06:46:01,727 [WARNING] leadlag.core.market_calendar: No static holiday table for year 2016. Install jpholiday or update market_calendar.py.
2026-09-20 06:46:01,727 [WARNING] leadlag.core.market_calendar: No static holiday table for year 2016. Install jpholiday or update market_calendar.py.
2026-09-20 06:46:01,728 [WARNING] leadlag.core.market_calendar: No static holiday table for year 2016. Install jpholiday or update market_calendar.py.
2026-09-20 06:46:01,728 [WARNING] leadlag.core.market_calendar: No static holiday table for year 2016. Install jpholiday or update market_calendar.py.
2026-09-20 06:46:01,728 [WARNING] leadlag.core.market_calendar: No static holiday table for year 2016. Install jpholiday or update market_calendar.py.
2026-09-20 06:46:01,728 [WARNING] leadlag.core.market_calendar: No static holiday table for year 2016. Install jpholiday or update market_calendar.py.
2026-09-20 06:46:01,728 [WARNING] leadlag.core.market_calendar: No static holiday table for year 2016. Install jpholiday or update market_calendar.py.
2026-09-20 06:46:01,728 [WARNING] leadlag.core.market_calendar: No static holiday table for year 2016. Install jpholiday or update market_calendar.py.
2026-09-20 06:46:01,728 [WARNING] leadlag.core.market_calendar: No static holiday table for year 2016. Install jpholiday or update market_calendar.py.
2026-09-20 06:46:01,729 [WARNING] leadlag.core.market_calendar: No static holiday table for year 2016. Install jpholiday or update market_calendar.py.
2026-09-20 06:46:01,729 [WARNING] leadlag.core.market_calendar: No static holiday table for year 2016. Install jpholiday or update market_calendar.py.
2026-09-20 06:46:01,729 [WARNING] leadlag.core.market_calendar: No static holiday table for year 2016. Install jpholiday or update market_calendar.py.
2026-09-20 06:46:01,729 [WARNING] leadlag.core.market_calendar: No static holiday table for year 2016. Install jpholiday or update market_calendar.py.
2026-09-20 06:46:01,729 [WARNING] leadlag.core.market_calendar: No static holiday table for year 2016. Install jpholiday or update market_calendar.py.
2026-09-20 06:46:01,730 [WARNING] leadlag.core.market_calendar: No static holiday table for year 2016. Install jpholiday or update market_calendar.py.
2026-09-20 06:46:01,730 [WARNING] leadlag.core.market_calendar: No static holiday table for year 2016. Install jpholiday or update market_calendar.py.
2026-09-20 06:46:01,730 [WARNING] leadlag.core.market_calendar: No static holiday table for year 2016. Install jpholiday or update market_calendar.py.
2026-09-20 06:46:01,730 [WARNING] leadlag.core.market_calendar: No static holiday table for year 2016. Install jpholiday or update market_calendar.py.
2026-09-20 06:46:01,730 [WARNING] leadlag.core.market_calendar: No static holiday table for year 2016. Install jpholiday or update market_calendar.py.
2026-09-20 06:46:01,731 [WARNING] leadlag.core.market_calendar: No static holiday table for year 2016. Install jpholiday or update market_calendar.py.
2026-09-20 06:46:01,731 [WARNING] leadlag.core.market_calendar: No static holiday table for year 2016. Install jpholiday or update market_calendar.py.
2026-09-20 06:46:01,731 [WARNING] leadlag.core.market_calendar: No static holiday table for year 2016. Install jpholiday or update market_calendar.py.
2026-09-20 06:46:01,731 [WARNING] leadlag.core.market_calendar: No static holiday table for year 2016. Install jpholiday or update market_calendar.py.
2026-09-20 06:46:01,732 [WARNING] leadlag.core.market_calendar: No static holiday table for year 2016. Install jpholiday or update market_calendar.py.
2026-09-20 06:46:01,732 [WARNING] leadlag.core.market_calendar: No static holiday table for year 2016. Install jpholiday or update market_calendar.py.
2026-09-20 06:46:01,732 [WARNING] leadlag.core.market_calendar: No static holiday table for year 2016. Install jpholiday or update market_calendar.py.
2026-09-20 06:46:01,732 [WARNING] leadlag.core.market_calendar: No static holiday table for year 2016. Install jpholiday or update market_calendar.py.
2026-09-20 06:46:01,732 [WARNING] leadlag.core.market_calendar: No static holiday table for year 2016. Install jpholiday or update market_calendar.py.
2026-09-20 06:46:01,733 [WARNING] leadlag.core.market_calendar: No static holiday table for year 2016. Install jpholiday or update market_calendar.py.
2026-09-20 06:46:01,733 [WARNING] leadlag.core.market_calendar: No static holiday table for year 2016. Install jpholiday or update market_calendar.py.
2026-09-20 06:46:01,733 [WARNING] leadlag.core.market_calendar: No static holiday table for year 2016. Install jpholiday or update market_calendar.py.
2026-09-20 06:46:01,733 [WARNING] leadlag.core.market_calendar: No static holiday table for year 2016. Install jpholiday or update market_calendar.py.
2026-09-20 06:46:01,733 [WARNING] leadlag.core.market_calendar: No static holiday table for year 2016. Install jpholiday or update market_calendar.py.
2026-09-20 06:46:01,733 [WARNING] leadlag.core.market_calendar: No static holiday table for year 2016. Install jpholiday or update market_calendar.py.
2026-09-20 06:46:01,734 [WARNING] leadlag.core.market_calendar: No static holiday table for year 2016. Install jpholiday or update market_calendar.py.
2026-09-20 06:46:01,734 [WARNING] leadlag.core.market_calendar: No static holiday table for year 2016. Install jpholiday or update market_calendar.py.
2026-09-20 06:46:01,734 [WARNING] leadlag.core.market_calendar: No static holiday table for year 2016. Install jpholiday or update market_calendar.py.
2026-09-20 06:46:01,734 [WARNING] leadlag.core.market_calendar: No static holiday table for year 2016. Install jpholiday or update market_calendar.py.
2026-09-20 06:46:01,734 [WARNING] leadlag.core.market_calendar: No static holiday table for year 2016. Install jpholiday or update market_calendar.py.
2026-09-20 06:46:01,734 [WARNING] leadlag.core.market_calendar: No static holiday table for year 2016. Install jpholiday or update market_calendar.py.
2026-09-20 06:46:01,735 [WARNING] leadlag.core.market_calendar: No static holiday table for year 2016. Install jpholiday or update market_calendar.py.
2026-09-20 06:46:01,735 [WARNING] leadlag.core.market_calendar: No static holiday table for year 2016. Install jpholiday or update market_calendar.py.
2026-09-20 06:46:01,735 [WARNING] leadlag.core.market_calendar: No static holiday table for year 2016. Install jpholiday or update market_calendar.py.
2026-09-20 06:46:01,735 [WARNING] leadlag.core.market_calendar: No static holiday table for year 2016. Install jpholiday or update market_calendar.py.
2026-09-20 06:46:01,735 [WARNING] leadlag.core.market_calendar: No static holiday table for year 2016. Install jpholiday or update market_calendar.py.
2026-09-20 06:46:01,735 [WARNING] leadlag.core.market_calendar: No static holiday table for year 2016. Install jpholiday or update market_calendar.py.
2026-09-20 06:46:01,736 [WARNING] leadlag.core.market_calendar: No static holiday table for year 2016. Install jpholiday or update market_calendar.py.
2026-09-20 06:46:01,736 [WARNING] leadlag.core.market_calendar: No static holiday table for year 2016. Install jpholiday or update market_calendar.py.
2026-09-20 06:46:01,736 [WARNING] leadlag.core.market_calendar: No static holiday table for year 2016. Install jpholiday or update market_calendar.py.
2026-09-20 06:46:01,736 [WARNING] leadlag.core.market_calendar: No static holiday table for year 2016. Install jpholiday or update market_calendar.py.
2026-09-20 06:46:01,736 [WARNING] leadlag.core.market_calendar: No static holiday table for year 2016. Install jpholiday or update market_calendar.py.
2026-09-20 06:46:01,736 [WARNING] leadlag.core.market_calendar: No static holiday table for year 2016. Install jpholiday or update market_calendar.py.
2026-09-20 06:46:01,736 [WARNING] leadlag.core.market_calendar: No static holiday table for year 2016. Install jpholiday or update market_calendar.py.
2026-09-20 06:46:01,737 [WARNING] leadlag.core.market_calendar: No static holiday table for year 2016. Install jpholiday or update market_calendar.py.
2026-09-20 06:46:01,737 [WARNING] leadlag.core.market_calendar: No static holiday table for year 2016. Install jpholiday or update market_calendar.py.
2026-09-20 06:46:01,737 [WARNING] leadlag.core.market_calendar: No static holiday table for year 2016. Install jpholiday or update market_calendar.py.
2026-09-20 06:46:01,737 [WARNING] leadlag.core.market_calendar: No static holiday table for year 2016. Install jpholiday or update market_calendar.py.
2026-09-20 06:46:01,737 [WARNING] leadlag.core.market_calendar: No static holiday table for year 2016. Install jpholiday or update market_calendar.py.
2026-09-20 06:46:01,737 [WARNING] leadlag.core.market_calendar: No static holiday table for year 2016. Install jpholiday or update market_calendar.py.
2026-09-20 06:46:01,737 [WARNING] leadlag.core.market_calendar: No static holiday table for year 2016. Install jpholiday or update market_calendar.py.
2026-09-20 06:46:01,738 [WARNING] leadlag.core.market_calendar: No static holiday table for year 2016. Install jpholiday or update market_calendar.py.
2026-09-20 06:46:01,738 [WARNING] leadlag.core.market_calendar: No static holiday table for year 2016. Install jpholiday or update market_calendar.py.
2026-09-20 06:46:01,738 [WARNING] leadlag.core.market_calendar: No static holiday table for year 2016. Install jpholiday or update market_calendar.py.
2026-09-20 06:46:01,738 [WARNING] leadlag.core.market_calendar: No static holiday table for year 2016. Install jpholiday or update market_calendar.py.
2026-09-20 06:46:01,738 [WARNING] leadlag.core.market_calendar: No static holiday table for year 2016. Install jpholiday or update market_calendar.py.
2026-09-20 06:46:01,738 [WARNING] leadlag.core.market_calendar: No static holiday table for year 2016. Install jpholiday or update market_calendar.py.
2026-09-20 06:46:01,738 [WARNING] leadlag.core.market_calendar: No static holiday table for year 2016. Install jpholiday or update market_calendar.py.
2026-09-20 06:46:01,739 [WARNING] leadlag.core.market_calendar: No static holiday table for year 2016. Install jpholiday or update market_calendar.py.
2026-09-20 06:46:01,739 [WARNING] leadlag.core.market_calendar: No static holiday table for year 2016. Install jpholiday or update market_calendar.py.
2026-09-20 06:46:01,739 [WARNING] leadlag.core.market_calendar: No static holiday table for year 2016. Install jpholiday or update market_calendar.py.
2026-09-20 06:46:01,739 [WARNING] leadlag.core.market_calendar: No static holiday table for year 2016. Install jpholiday or update market_calendar.py.
2026-09-20 06:46:01,739 [WARNING] leadlag.core.market_calendar: No static holiday table for year 2016. Install jpholiday or update market_calendar.py.
2026-09-20 06:46:01,739 [WARNING] leadlag.core.market_calendar: No static holiday table for year 2016. Install jpholiday or update market_calendar.py.
2026-09-20 06:46:01,739 [WARNING] leadlag.core.market_calendar: No static holiday table for year 2016. Install jpholiday or update market_calendar.py.
2026-09-20 06:46:01,740 [WARNING] leadlag.core.market_calendar: No static holiday table for year 2016. Install jpholiday or update market_calendar.py.
2026-09-20 06:46:01,740 [WARNING] leadlag.core.market_calendar: No static holiday table for year 2016. Install jpholiday or update market_calendar.py.
2026-09-20 06:46:01,740 [WARNING] leadlag.core.market_calendar: No static holiday table for year 2016. Install jpholiday or update market_calendar.py.
2026-09-20 06:46:01,740 [WARNING] leadlag.core.market_calendar: No static holiday table for year 2016. Install jpholiday or update market_calendar.py.
2026-09-20 06:46:01,740 [WARNING] leadlag.core.market_calendar: No static holiday table for year 2016. Install jpholiday or update market_calendar.py.
2026-09-20 06:46:01,740 [WARNING] leadlag.core.market_calendar: No static holiday table for year 2016. Install jpholiday or update market_calendar.py.
2026-09-20 06:46:01,740 [WARNING] leadlag.core.market_calendar: No static holiday table for year 2016. Install jpholiday or update market_calendar.py.
2026-09-20 06:46:01,740 [WARNING] leadlag.core.market_calendar: No static holiday table for year 2016. Install jpholiday or update market_calendar.py.
2026-09-20 06:46:01,741 [WARNING] leadlag.core.market_calendar: No static holiday table for year 2016. Install jpholiday or update market_calendar.py.
2026-09-20 06:46:01,741 [WARNING] leadlag.core.market_calendar: No static holiday table for year 2016. Install jpholiday or update market_calendar.py.
2026-09-20 06:46:01,741 [WARNING] leadlag.core.market_calendar: No static holiday table for year 2016. Install jpholiday or update market_calendar.py.
2026-09-20 06:46:01,741 [WARNING] leadlag.core.market_calendar: No static holiday table for year 2016. Install jpholiday or update market_calendar.py.
2026-09-20 06:46:01,741 [WARNING] leadlag.core.market_calendar: No static holiday table for year 2016. Install jpholiday or update market_calendar.py.
2026-09-20 06:46:01,741 [WARNING] leadlag.core.market_calendar: No static holiday table for year 2016. Install jpholiday or update market_calendar.py.
2026-09-20 06:46:01,741 [WARNING] leadlag.core.market_calendar: No static holiday table for year 2016. Install jpholiday or update market_calendar.py.
2026-09-20 06:46:01,742 [WARNING] leadlag.core.market_calendar: No static holiday table for year 2016. Install jpholiday or update market_calendar.py.
2026-09-20 06:46:01,742 [WARNING] leadlag.core.market_calendar: No static holiday table for year 2016. Install jpholiday or update market_calendar.py.
2026-09-20 06:46:01,742 [WARNING] leadlag.core.market_calendar: No static holiday table for year 2017. Install jpholiday or update market_calendar.py.
2026-09-20 06:46:01,742 [WARNING] leadlag.core.market_calendar: No static holiday table for year 2017. Install jpholiday or update market_calendar.py.
2026-09-20 06:46:01,742 [WARNING] leadlag.core.market_calendar: No static holiday table for year 2017. Install jpholiday or update market_calendar.py.
2026-09-20 06:46:01,742 [WARNING] leadlag.core.market_calendar: No static holiday table for year 2017. Install jpholiday or update market_calendar.py.
2026-09-20 06:46:01,743 [WARNING] leadlag.core.market_calendar: No static holiday table for year 2017. Install jpholiday or update market_calendar.py.
2026-09-20 06:46:01,743 [WARNING] leadlag.core.market_calendar: No static holiday table for year 2017. Install jpholiday or update market_calendar.py.
2026-09-20 06:46:01,743 [WARNING] leadlag.core.market_calendar: No static holiday table for year 2017. Install jpholiday or update market_calendar.py.
2026-09-20 06:46:01,743 [WARNING] leadlag.core.market_calendar: No static holiday table for year 2017. Install jpholiday or update market_calendar.py.
2026-09-20 06:46:01,743 [WARNING] leadlag.core.market_calendar: No static holiday table for year 2017. Install jpholiday or update market_calendar.py.
2026-09-20 06:46:01,743 [WARNING] leadlag.core.market_calendar: No static holiday table for year 2017. Install jpholiday or update market_calendar.py.
2026-09-20 06:46:01,744 [WARNING] leadlag.core.market_calendar: No static holiday table for year 2017. Install jpholiday or update market_calendar.py.
2026-09-20 06:46:01,744 [WARNING] leadlag.core.market_calendar: No static holiday table for year 2017. Install jpholiday or update market_calendar.py.
2026-09-20 06:46:01,744 [WARNING] leadlag.core.market_calendar: No static holiday table for year 2017. Install jpholiday or update market_calendar.py.
2026-09-20 06:46:01,744 [WARNING] leadlag.core.market_calendar: No static holiday table for year 2017. Install jpholiday or update market_calendar.py.
2026-09-20 06:46:01,744 [WARNING] leadlag.core.market_calendar: No static holiday table for year 2017. Install jpholiday or update market_calendar.py.
2026-09-20 06:46:01,744 [WARNING] leadlag.core.market_calendar: No static holiday table for year 2017. Install jpholiday or update market_calendar.py.
2026-09-20 06:46:01,744 [WARNING] leadlag.core.market_calendar: No static holiday table for year 2017. Install jpholiday or update market_calendar.py.
2026-09-20 06:46:01,745 [WARNING] leadlag.core.market_calendar: No static holiday table for year 2017. Install jpholiday or update market_calendar.py.
2026-09-20 06:46:01,745 [WARNING] leadlag.core.market_calendar: No static holiday table for year 2017. Install jpholiday or update market_calendar.py.
2026-09-20 06:46:01,745 [WARNING] leadlag.core.market_calendar: No static holiday table for year 2017. Install jpholiday or update market_calendar.py.
2026-09-20 06:46:01,745 [WARNING] leadlag.core.market_calendar: No static holiday table for year 2017. Install jpholiday or update market_calendar.py.
2026-09-20 06:46:01,745 [WARNING] leadlag.core.market_calendar: No static holiday table for year 2017. Install jpholiday or update market_calendar.py.
2026-09-20 06:46:01,745 [WARNING] leadlag.core.market_calendar: No static holiday table for year 2017. Install jpholiday or update market_calendar.py.
2026-09-20 06:46:01,746 [WARNING] leadlag.core.market_calendar: No static holiday table for year 2017. Install jpholiday or update market_calendar.py.
2026-09-20 06:46:01,746 [WARNING] leadlag.core.market_calendar: No static holiday table for year 2017. Install jpholiday or update market_calendar.py.
2026-09-20 06:46:01,746 [WARNING] leadlag.core.market_calendar: No static holiday table for year 2017. Install jpholiday or update market_calendar.py.
2026-09-20 06:46:01,746 [WARNING] leadlag.core.market_calendar: No static holiday table for year 2017. Install jpholiday or update market_calendar.py.
2026-09-20 06:46:01,746 [WARNING] leadlag.core.market_calendar: No static holiday table for year 2017. Install jpholiday or update market_calendar.py.
2026-09-20 06:46:01,746 [WARNING] leadlag.core.market_calendar: No static holiday table for year 2017. Install jpholiday or update market_calendar.py.
2026-09-20 06:46:01,746 [WARNING] leadlag.core.market_calendar: No static holiday table for year 2017. Install jpholiday or update market_calendar.py.
2026-09-20 06:46:01,747 [WARNING] leadlag.core.market_calendar: No static holiday table for year 2017. Install jpholiday or update market_calendar.py.
2026-09-20 06:46:01,747 [WARNING] leadlag.core.market_calendar: No static holiday table for year 2017. Install jpholiday or update market_calendar.py.
2026-09-20 06:46:01,747 [WARNING] leadlag.core.market_calendar: No static holiday table for year 2017. Install jpholiday or update market_calendar.py.
2026-09-20 06:46:01,747 [WARNING] leadlag.core.market_calendar: No static holiday table for year 2017. Install jpholiday or update market_calendar.py.
2026-09-20 06:46:01,747 [WARNING] leadlag.core.market_calendar: No static holiday table for year 2017. Install jpholiday or update market_calendar.py.
2026-09-20 06:46:01,747 [WARNING] leadlag.core.market_calendar: No static holiday table for year 2017. Install jpholiday or update market_calendar.py.
2026-09-20 06:46:01,747 [WARNING] leadlag.core.market_calendar: No static holiday table for year 2017. Install jpholiday or update market_calendar.py.
2026-09-20 06:46:01,747 [WARNING] leadlag.core.market_calendar: No static holiday table for year 2017. Install jpholiday or update market_calendar.py.
2026-09-20 06:46:01,748 [WARNING] leadlag.core.market_calendar: No static holiday table for year 2017. Install jpholiday or update market_calendar.py.
2026-09-20 06:46:01,748 [WARNING] leadlag.core.market_calendar: No static holiday table for year 2017. Install jpholiday or update market_calendar.py.
2026-09-20 06:46:01,748 [WARNING] leadlag.core.market_calendar: No static holiday table for year 2017. Install jpholiday or update market_calendar.py.
2026-09-20 06:46:01,748 [WARNING] leadlag.core.market_calendar: No static holiday table for year 2017. Install jpholiday or update market_calendar.py.
2026-09-20 06:46:01,748 [WARNING] leadlag.core.market_calendar: No static holiday table for year 2017. Install jpholiday or update market_calendar.py.
2026-09-20 06:46:01,748 [WARNING] leadlag.core.market_calendar: No static holiday table for year 2017. Install jpholiday or update market_calendar.py.
2026-09-20 06:46:01,749 [WARNING] leadlag.core.market_calendar: No static holiday table for year 2017. Install jpholiday or update market_calendar.py.
2026-09-20 06:46:01,749 [WARNING] leadlag.core.market_calendar: No static holiday table for year 2017. Install jpholiday or update market_calendar.py.
2026-09-20 06:46:01,749 [WARNING] leadlag.core.market_calendar: No static holiday table for year 2017. Install jpholiday or update market_calendar.py.
2026-09-20 06:46:01,749 [WARNING] leadlag.core.market_calendar: No static holiday table for year 2017. Install jpholiday or update market_calendar.py.
2026-09-20 06:46:01,749 [WARNING] leadlag.core.market_calendar: No static holiday table for year 2017. Install jpholiday or update market_calendar.py.
2026-09-20 06:46:01,749 [WARNING] leadlag.core.market_calendar: No static holiday table for year 2017. Install jpholiday or update market_calendar.py.
2026-09-20 06:46:01,750 [WARNING] leadlag.core.market_calendar: No static holiday table for year 2017. Install jpholiday or update market_calendar.py.
2026-09-20 06:46:01,750 [WARNING] leadlag.core.market_calendar: No static holiday table for year 2017. Install jpholiday or update market_calendar.py.
2026-09-20 06:46:01,750 [WARNING] leadlag.core.market_calendar: No static holiday table for year 2017. Install jpholiday or update market_calendar.py.
2026-09-20 06:46:01,750 [WARNING] leadlag.core.market_calendar: No static holiday table for year 2017. Install jpholiday or update market_calendar.py.
2026-09-20 06:46:01,750 [WARNING] leadlag.core.market_calendar: No static holiday table for year 2017. Install jpholiday or update market_calendar.py.
2026-09-20 06:46:01,750 [WARNING] leadlag.core.market_calendar: No static holiday table for year 2017. Install jpholiday or update market_calendar.py.
2026-09-20 06:46:01,751 [WARNING] leadlag.core.market_calendar: No static holiday table for year 2017. Install jpholiday or update market_calendar.py.
2026-09-20 06:46:01,751 [WARNING] leadlag.core.market_calendar: No static holiday table for year 2017. Install jpholiday or update market_calendar.py.
2026-09-20 06:46:01,751 [WARNING] leadlag.core.market_calendar: No static holiday table for year 2017. Install jpholiday or update market_calendar.py.
2026-09-20 06:46:01,751 [WARNING] leadlag.core.market_calendar: No static holiday table for year 2017. Install jpholiday or update market_calendar.py.
2026-09-20 06:46:01,751 [WARNING] leadlag.core.market_calendar: No static holiday table for year 2017. Install jpholiday or update market_calendar.py.
2026-09-20 06:46:01,751 [WARNING] leadlag.core.market_calendar: No static holiday table for year 2017. Install jpholiday or update market_calendar.py.
2026-09-20 06:46:01,752 [WARNING] leadlag.core.market_calendar: No static holiday table for year 2017. Install jpholiday or update market_calendar.py.
2026-09-20 06:46:01,752 [WARNING] leadlag.core.market_calendar: No static holiday table for year 2017. Install jpholiday or update market_calendar.py.
2026-09-20 06:46:01,752 [WARNING] leadlag.core.market_calendar: No static holiday table for year 2017. Install jpholiday or update market_calendar.py.
2026-09-20 06:46:01,752 [WARNING] leadlag.core.market_calendar: No static holiday table for year 2017. Install jpholiday or update market_calendar.py.
2026-09-20 06:46:01,752 [WARNING] leadlag.core.market_calendar: No static holiday table for year 2017. Install jpholiday or update market_calendar.py.
2026-09-20 06:46:01,752 [WARNING] leadlag.core.market_calendar: No static holiday table for year 2017. Install jpholiday or update market_calendar.py.
2026-09-20 06:46:01,752 [WARNING] leadlag.core.market_calendar: No static holiday table for year 2017. Install jpholiday or update market_calendar.py.
2026-09-20 06:46:01,753 [WARNING] leadlag.core.market_calendar: No static holiday table for year 2017. Install jpholiday or update market_calendar.py.
2026-09-20 06:46:01,753 [WARNING] leadlag.core.market_calendar: No static holiday table for year 2017. Install jpholiday or update market_calendar.py.
2026-09-20 06:46:01,753 [WARNING] leadlag.core.market_calendar: No static holiday table for year 2017. Install jpholiday or update market_calendar.py.
2026-09-20 06:46:01,753 [WARNING] leadlag.core.market_calendar: No static holiday table for year 2017. Install jpholiday or update market_calendar.py.
2026-09-20 06:46:01,753 [WARNING] leadlag.core.market_calendar: No static holiday table for year 2017. Install jpholiday or update market_calendar.py.
2026-09-20 06:46:01,753 [WARNING] leadlag.core.market_calendar: No static holiday table for year 2017. Install jpholiday or update market_calendar.py.
2026-09-20 06:46:01,753 [WARNING] leadlag.core.market_calendar: No static holiday table for year 2017. Install jpholiday or update market_calendar.py.
2026-09-20 06:46:01,753 [WARNING] leadlag.core.market_calendar: No static holiday table for year 2017. Install jpholiday or update market_calendar.py.
2026-09-20 06:46:01,754 [WARNING] leadlag.core.market_calendar: No static holiday table for year 2017. Install jpholiday or update market_calendar.py.
2026-09-20 06:46:01,754 [WARNING] leadlag.core.market_calendar: No static holiday table for year 2017. Install jpholiday or update market_calendar.py.
2026-09-20 06:46:01,754 [WARNING] leadlag.core.market_calendar: No static holiday table for year 2017. Install jpholiday or update market_calendar.py.
2026-09-20 06:46:01,754 [WARNING] leadlag.core.market_calendar: No static holiday table for year 2017. Install jpholiday or update market_calendar.py.
2026-09-20 06:46:01,754 [WARNING] leadlag.core.market_calendar: No static holiday table for year 2017. Install jpholiday or update market_calendar.py.
2026-09-20 06:46:01,754 [WARNING] leadlag.core.market_calendar: No static holiday table for year 2017. Install jpholiday or update market_calendar.py.
2026-09-20 06:46:01,754 [WARNING] leadlag.core.market_calendar: No static holiday table for year 2017. Install jpholiday or update market_calendar.py.
2026-09-20 06:46:01,755 [WARNING] leadlag.core.market_calendar: No static holiday table for year 2017. Install jpholiday or update market_calendar.py.
2026-09-20 06:46:01,755 [WARNING] leadlag.core.market_calendar: No static holiday table for year 2017. Install jpholiday or update market_calendar.py.
2026-09-20 06:46:01,755 [WARNING] leadlag.core.market_calendar: No static holiday table for year 2017. Install jpholiday or update market_calendar.py.
2026-09-20 06:46:01,755 [WARNING] leadlag.core.market_calendar: No static holiday table for year 2017. Install jpholiday or update market_calendar.py.
2026-09-20 06:46:01,755 [WARNING] leadlag.core.market_calendar: No static holiday table for year 2017. Install jpholiday or update market_calendar.py.
2026-09-20 06:46:01,755 [WARNING] leadlag.core.market_calendar: No static holiday table for year 2017. Install jpholiday or update market_calendar.py.
2026-09-20 06:46:01,755 [WARNING] leadlag.core.market_calendar: No static holiday table for year 2017. Install jpholiday or update market_calendar.py.
2026-09-20 06:46:01,756 [WARNING] leadlag.core.market_calendar: No static holiday table for year 2017. Install jpholiday or update market_calendar.py.
2026-09-20 06:46:01,756 [WARNING] leadlag.core.market_calendar: No static holiday table for year 2017. Install jpholiday or update market_calendar.py.
2026-09-20 06:46:01,756 [WARNING] leadlag.core.market_calendar: No static holiday table for year 2017. Install jpholiday or update market_calendar.py.
2026-09-20 06:46:01,756 [WARNING] leadlag.core.market_calendar: No static holiday table for year 2017. Install jpholiday or update market_calendar.py.
2026-09-20 06:46:01,756 [WARNING] leadlag.core.market_calendar: No static holiday table for year 2017. Install jpholiday or update market_calendar.py.
2026-09-20 06:46:01,756 [WARNING] leadlag.core.market_calendar: No static holiday table for year 2017. Install jpholiday or update market_calendar.py.
2026-09-20 06:46:01,756 [WARNING] leadlag.core.market_calendar: No static holiday table for year 2017. Install jpholiday or update market_calendar.py.
2026-09-20 06:46:01,756 [WARNING] leadlag.core.market_calendar: No static holiday table for year 2017. Install jpholiday or update market_calendar.py.
2026-09-20 06:46:01,757 [WARNING] leadlag.core.market_calendar: No static holiday table for year 2017. Install jpholiday or update market_calendar.py.
2026-09-20 06:46:01,757 [WARNING] leadlag.core.market_calendar: No static holiday table for year 2017. Install jpholiday or update market_calendar.py.
2026-09-20 06:46:01,757 [WARNING] leadlag.core.market_calendar: No static holiday table for year 2017. Install jpholiday or update market_calendar.py.
2026-09-20 06:46:01,757 [WARNING] leadlag.core.market_calendar: No static holiday table for year 2017. Install jpholiday or update market_calendar.py.
2026-09-20 06:46:01,757 [WARNING] leadlag.core.market_calendar: No static holiday table for year 2017. Install jpholiday or update market_calendar.py.
2026-09-20 06:46:01,757 [WARNING] leadlag.core.market_calendar: No static holiday table for year 2017. Install jpholiday or update market_calendar.py.
2026-09-20 06:46:01,757 [WARNING] leadlag.core.market_calendar: No static holiday table for year 2017. Install jpholiday or update market_calendar.py.
2026-09-20 06:46:01,758 [WARNING] leadlag.core.market_calendar: No static holiday table for year 2017. Install jpholiday or update market_calendar.py.
2026-09-20 06:46:01,758 [WARNING] leadlag.core.market_calendar: No static holiday table for year 2017. Install jpholiday or update market_calendar.py.
2026-09-20 06:46:01,758 [WARNING] leadlag.core.market_calendar: No static holiday table for year 2017. Install jpholiday or update market_calendar.py.
2026-09-20 06:46:01,758 [WARNING] leadlag.core.market_calendar: No static holiday table for year 2017. Install jpholiday or update market_calendar.py.
2026-09-20 06:46:01,758 [WARNING] leadlag.core.market_calendar: No static holiday table for year 2017. Install jpholiday or update market_calendar.py.
2026-09-20 06:46:01,758 [WARNING] leadlag.core.market_calendar: No static holiday table for year 2017. Install jpholiday or update market_calendar.py.
2026-09-20 06:46:01,758 [WARNING] leadlag.core.market_calendar: No static holiday table for year 2017. Install jpholiday or update market_calendar.py.
2026-09-20 06:46:01,759 [WARNING] leadlag.core.market_calendar: No static holiday table for year 2017. Install jpholiday or update market_calendar.py.
2026-09-20 06:46:01,759 [WARNING] leadlag.core.market_calendar: No static holiday table for year 2017. Install jpholiday or update market_calendar.py.
2026-09-20 06:46:01,759 [WARNING] leadlag.core.market_calendar: No static holiday table for year 2017. Install jpholiday or update market_calendar.py.
2026-09-20 06:46:01,759 [WARNING] leadlag.core.market_calendar: No static holiday table for year 2017. Install jpholiday or update market_calendar.py.
2026-09-20 06:46:01,759 [WARNING] leadlag.core.market_calendar: No static holiday table for year 2017. Install jpholiday or update market_calendar.py.
2026-09-20 06:46:01,759 [WARNING] leadlag.core.market_calendar: No static holiday table for year 2017. Install jpholiday or update market_calendar.py.
2026-09-20 06:46:01,759 [WARNING] leadlag.core.market_calendar: No static holiday table for year 2017. Install jpholiday or update market_calendar.py.
2026-09-20 06:46:01,759 [WARNING] leadlag.core.market_calendar: No static holiday table for year 2017. Install jpholiday or update market_calendar.py.
2026-09-20 06:46:01,760 [WARNING] leadlag.core.market_calendar: No static holiday table for year 2017. Install jpholiday or update market_calendar.py.
2026-09-20 06:46:01,760 [WARNING] leadlag.core.market_calendar: No static holiday table for year 2017. Install jpholiday or update market_calendar.py.
2026-09-20 06:46:01,760 [WARNING] leadlag.core.market_calendar: No static holiday table for year 2017. Install jpholiday or update market_calendar.py.
2026-09-20 06:46:01,760 [WARNING] leadlag.core.market_calendar: No static holiday table for year 2017. Install jpholiday or update market_calendar.py.
2026-09-20 06:46:01,760 [WARNING] leadlag.core.market_calendar: No static holiday table for year 2017. Install jpholiday or update market_calendar.py.
2026-09-20 06:46:01,760 [WARNING] leadlag.core.market_calendar: No static holiday table for year 2017. Install jpholiday or update market_calendar.py.
2026-09-20 06:46:01,761 [WARNING] leadlag.core.market_calendar: No static holiday table for year 2017. Install jpholiday or update market_calendar.py.
2026-09-20 06:46:01,761 [WARNING] leadlag.core.market_calendar: No static holiday table for year 2017. Install jpholiday or update market_calendar.py.
2026-09-20 06:46:01,761 [WARNING] leadlag.core.market_calendar: No static holiday table for year 2017. Install jpholiday or update market_calendar.py.
2026-09-20 06:46:01,761 [WARNING] leadlag.core.market_calendar: No static holiday table for year 2017. Install jpholiday or update market_calendar.py.
2026-09-20 06:46:01,761 [WARNING] leadlag.core.market_calendar: No static holiday table for year 2017. Install jpholiday or update market_calendar.py.
2026-09-20 06:46:01,761 [WARNING] leadlag.core.market_calendar: No static holiday table for year 2017. Install jpholiday or update market_calendar.py.
2026-09-20 06:46:01,762 [WARNING] leadlag.core.market_calendar: No static holiday table for year 2017. Install jpholiday or update market_calendar.py.
2026-09-20 06:46:01,762 [WARNING] leadlag.core.market_calendar: No static holiday table for year 2017. Install jpholiday or update market_calendar.py.
2026-09-20 06:46:01,762 [WARNING] leadlag.core.market_calendar: No static holiday table for year 2017. Install jpholiday or update market_calendar.py.
2026-09-20 06:46:01,762 [WARNING] leadlag.core.market_calendar: No static holiday table for year 2017. Install jpholiday or update market_calendar.py.
2026-09-20 06:46:01,762 [WARNING] leadlag.core.market_calendar: No static holiday table for year 2017. Install jpholiday or update market_calendar.py.
2026-09-20 06:46:01,762 [WARNING] leadlag.core.market_calendar: No static holiday table for year 2017. Install jpholiday or update market_calendar.py.
2026-09-20 06:46:01,763 [WARNING] leadlag.core.market_calendar: No static holiday table for year 2017. Install jpholiday or update market_calendar.py.
2026-09-20 06:46:01,763 [WARNING] leadlag.core.market_calendar: No static holiday table for year 2017. Install jpholiday or update market_calendar.py.
2026-09-20 06:46:01,763 [WARNING] leadlag.core.market_calendar: No static holiday table for year 2017. Install jpholiday or update market_calendar.py.
2026-09-20 06:46:01,763 [WARNING] leadlag.core.market_calendar: No static holiday table for year 2017. Install jpholiday or update market_calendar.py.
2026-09-20 06:46:01,763 [WARNING] leadlag.core.market_calendar: No static holiday table for year 2017. Install jpholiday or update market_calendar.py.
2026-09-20 06:46:01,763 [WARNING] leadlag.core.market_calendar: No static holiday table for year 2017. Install jpholiday or update market_calendar.py.
2026-09-20 06:46:01,763 [WARNING] leadlag.core.market_calendar: No static holiday table for year 2017. Install jpholiday or update market_calendar.py.
2026-09-20 06:46:01,763 [WARNING] leadlag.core.market_calendar: No static holiday table for year 2017. Install jpholiday or update market_calendar.py.
2026-09-20 06:46:01,764 [WARNING] leadlag.core.market_calendar: No static holiday table for year 2017. Install jpholiday or update market_calendar.py.
2026-09-20 06:46:01,764 [WARNING] leadlag.core.market_calendar: No static holiday table for year 2017. Install jpholiday or update market_calendar.py.
2026-09-20 06:46:01,764 [WARNING] leadlag.core.market_calendar: No static holiday table for year 2017. Install jpholiday or update market_calendar.py.
2026-09-20 06:46:01,764 [WARNING] leadlag.core.market_calendar: No static holiday table for year 2017. Install jpholiday or update market_calendar.py.
2026-09-20 06:46:01,765 [WARNING] leadlag.core.market_calendar: No static holiday table for year 2017. Install jpholiday or update market_calendar.py.
2026-09-20 06:46:01,765 [WARNING] leadlag.core.market_calendar: No static holiday table for year 2017. Install jpholiday or update market_calendar.py.
2026-09-20 06:46:01,765 [WARNING] leadlag.core.market_calendar: No static holiday table for year 2017. Install jpholiday or update market_calendar.py.
2026-09-20 06:46:01,765 [WARNING] leadlag.core.market_calendar: No static holiday table for year 2017. Install jpholiday or update market_calendar.py.
2026-09-20 06:46:01,766 [WARNING] leadlag.core.market_calendar: No static holiday table for year 2017. Install jpholiday or update market_calendar.py.
2026-09-20 06:46:01,766 [WARNING] leadlag.core.market_calendar: No static holiday table for year 2017. Install jpholiday or update market_calendar.py.
2026-09-20 06:46:01,766 [WARNING] leadlag.core.market_calendar: No static holiday table for year 2017. Install jpholiday or update market_calendar.py.
2026-09-20 06:46:01,766 [WARNING] leadlag.core.market_calendar: No static holiday table for year 2017. Install jpholiday or update market_calendar.py.
2026-09-20 06:46:01,766 [WARNING] leadlag.core.market_calendar: No static holiday table for year 2017. Install jpholiday or update market_calendar.py.
2026-09-20 06:46:01,766 [WARNING] leadlag.core.market_calendar: No static holiday table for year 2017. Install jpholiday or update market_calendar.py.
2026-09-20 06:46:01,766 [WARNING] leadlag.core.market_calendar: No static holiday table for year 2017. Install jpholiday or update market_calendar.py.
2026-09-20 06:46:01,767 [WARNING] leadlag.core.market_calendar: No static holiday table for year 2017. Install jpholiday or update market_calendar.py.
2026-09-20 06:46:01,767 [WARNING] leadlag.core.market_calendar: No static holiday table for year 2017. Install jpholiday or update market_calendar.py.
2026-09-20 06:46:01,767 [WARNING] leadlag.core.market_calendar: No static holiday table for year 2017. Install jpholiday or update market_calendar.py.
2026-09-20 06:46:01,767 [WARNING] leadlag.core.market_calendar: No static holiday table for year 2017. Install jpholiday or update market_calendar.py.
2026-09-20 06:46:01,767 [WARNING] leadlag.core.market_calendar: No static holiday table for year 2017. Install jpholiday or update market_calendar.py.
2026-09-20 06:46:01,767 [WARNING] leadlag.core.market_calendar: No static holiday table for year 2017. Install jpholiday or update market_calendar.py.
2026-09-20 06:46:01,768 [WARNING] leadlag.core.market_calendar: No static holiday table for year 2017. Install jpholiday or update market_calendar.py.
2026-09-20 06:46:01,768 [WARNING] leadlag.core.market_calendar: No static holiday table for year 2017. Install jpholiday or update market_calendar.py.
2026-09-20 06:46:01,768 [WARNING] leadlag.core.market_calendar: No static holiday table for year 2017. Install jpholiday or update market_calendar.py.
2026-09-20 06:46:01,768 [WARNING] leadlag.core.market_calendar: No static holiday table for year 2017. Install jpholiday or update market_calendar.py.
2026-09-20 06:46:01,768 [WARNING] leadlag.core.market_calendar: No static holiday table for year 2017. Install jpholiday or update market_calendar.py.
2026-09-20 06:46:01,769 [WARNING] leadlag.core.market_calendar: No static holiday table for year 2017. Install jpholiday or update market_calendar.py.
2026-09-20 06:46:01,769 [WARNING] leadlag.core.market_calendar: No static holiday table for year 2017. Install jpholiday or update market_calendar.py.
2026-09-20 06:46:01,769 [WARNING] leadlag.core.market_calendar: No static holiday table for year 2017. Install jpholiday or update market_calendar.py.
2026-09-20 06:46:01,770 [WARNING] leadlag.core.market_calendar: No static holiday table for year 2017. Install jpholiday or update market_calendar.py.
2026-09-20 06:46:01,770 [WARNING] leadlag.core.market_calendar: No static holiday table for year 2017. Install jpholiday or update market_calendar.py.
2026-09-20 06:46:01,770 [WARNING] leadlag.core.market_calendar: No static holiday table for year 2017. Install jpholiday or update market_calendar.py.
2026-09-20 06:46:01,770 [WARNING] leadlag.core.market_calendar: No static holiday table for year 2017. Install jpholiday or update market_calendar.py.
2026-09-20 06:46:01,771 [WARNING] leadlag.core.market_calendar: No static holiday table for year 2017. Install jpholiday or update market_calendar.py.
2026-09-20 06:46:01,771 [WARNING] leadlag.core.market_calendar: No static holiday table for year 2017. Install jpholiday or update market_calendar.py.
2026-09-20 06:46:01,771 [WARNING] leadlag.core.market_calendar: No static holiday table for year 2017. Install jpholiday or update market_calendar.py.
2026-09-20 06:46:01,771 [WARNING] leadlag.core.market_calendar: No static holiday table for year 2017. Install jpholiday or update market_calendar.py.
2026-09-20 06:46:01,771 [WARNING] leadlag.core.market_calendar: No static holiday table for year 2017. Install jpholiday or update market_calendar.py.
2026-09-20 06:46:01,772 [WARNING] leadlag.core.market_calendar: No static holiday table for year 2017. Install jpholiday or update market_calendar.py.
2026-09-20 06:46:01,772 [WARNING] leadlag.core.market_calendar: No static holiday table for year 2017. Install jpholiday or update market_calendar.py.
2026-09-20 06:46:01,772 [WARNING] leadlag.core.market_calendar: No static holiday table for year 2017. Install jpholiday or update market_calendar.py.
2026-09-20 06:46:01,772 [WARNING] leadlag.core.market_calendar: No static holiday table for year 2017. Install jpholiday or update market_calendar.py.
2026-09-20 06:46:01,772 [WARNING] leadlag.core.market_calendar: No static holiday table for year 2017. Install jpholiday or update market_calendar.py.
2026-09-20 06:46:01,773 [WARNING] leadlag.core.market_calendar: No static holiday table for year 2017. Install jpholiday or update market_calendar.py.
2026-09-20 06:46:01,773 [WARNING] leadlag.core.market_calendar: No static holiday table for year 2017. Install jpholiday or update market_calendar.py.
2026-09-20 06:46:01,773 [WARNING] leadlag.core.market_calendar: No static holiday table for year 2017. Install jpholiday or update market_calendar.py.
2026-09-20 06:46:01,773 [WARNING] leadlag.core.market_calendar: No static holiday table for year 2017. Install jpholiday or update market_calendar.py.
2026-09-20 06:46:01,773 [WARNING] leadlag.core.market_calendar: No static holiday table for year 2017. Install jpholiday or update market_calendar.py.
2026-09-20 06:46:01,774 [WARNING] leadlag.core.market_calendar: No static holiday table for year 2017. Install jpholiday or update market_calendar.py.
2026-09-20 06:46:01,774 [WARNING] leadlag.core.market_calendar: No static holiday table for year 2017. Install jpholiday or update market_calendar.py.
2026-09-20 06:46:01,774 [WARNING] leadlag.core.market_calendar: No static holiday table for year 2017. Install jpholiday or update market_calendar.py.
2026-09-20 06:46:01,774 [WARNING] leadlag.core.market_calendar: No static holiday table for year 2017. Install jpholiday or update market_calendar.py.
2026-09-20 06:46:01,774 [WARNING] leadlag.core.market_calendar: No static holiday table for year 2017. Install jpholiday or update market_calendar.py.
2026-09-20 06:46:01,774 [WARNING] leadlag.core.market_calendar: No static holiday table for year 2017. Install jpholiday or update market_calendar.py.
2026-09-20 06:46:01,775 [WARNING] leadlag.core.market_calendar: No static holiday table for year 2017. Install jpholiday or update market_calendar.py.
2026-09-20 06:46:01,775 [WARNING] leadlag.core.market_calendar: No static holiday table for year 2017. Install jpholiday or update market_calendar.py.
2026-09-20 06:46:01,775 [WARNING] leadlag.core.market_calendar: No static holiday table for year 2017. Install jpholiday or update market_calendar.py.
2026-09-20 06:46:01,775 [WARNING] leadlag.core.market_calendar: No static holiday table for year 2017. Install jpholiday or update market_calendar.py.
2026-09-20 06:46:01,775 [WARNING] leadlag.core.market_calendar: No static holiday table for year 2017. Install jpholiday or update market_calendar.py.
2026-09-20 06:46:01,775 [WARNING] leadlag.core.market_calendar: No static holiday table for year 2017. Install jpholiday or update market_calendar.py.
2026-09-20 06:46:01,775 [WARNING] leadlag.core.market_calendar: No static holiday table for year 2017. Install jpholiday or update market_calendar.py.
2026-09-20 06:46:01,776 [WARNING] leadlag.core.market_calendar: No static holiday table for year 2017. Install jpholiday or update market_calendar.py.
2026-09-20 06:46:01,776 [WARNING] leadlag.core.market_calendar: No static holiday table for year 2017. Install jpholiday or update market_calendar.py.
2026-09-20 06:46:01,776 [WARNING] leadlag.core.market_calendar: No static holiday table for year 2017. Install jpholiday or update market_calendar.py.
2026-09-20 06:46:01,776 [WARNING] leadlag.core.market_calendar: No static holiday table for year 2017. Install jpholiday or update market_calendar.py.
2026-09-20 06:46:01,777 [WARNING] leadlag.core.market_calendar: No static holiday table for year 2017. Install jpholiday or update market_calendar.py.
2026-09-20 06:46:01,777 [WARNING] leadlag.core.market_calendar: No static holiday table for year 2017. Install jpholiday or update market_calendar.py.
2026-09-20 06:46:01,777 [WARNING] leadlag.core.market_calendar: No static holiday table for year 2017. Install jpholiday or update market_calendar.py.
2026-09-20 06:46:01,777 [WARNING] leadlag.core.market_calendar: No static holiday table for year 2017. Install jpholiday or update market_calendar.py.
2026-09-20 06:46:01,777 [WARNING] leadlag.core.market_calendar: No static holiday table for year 2017. Install jpholiday or update market_calendar.py.
2026-09-20 06:46:01,777 [WARNING] leadlag.core.market_calendar: No static holiday table for year 2017. Install jpholiday or update market_calendar.py.
2026-09-20 06:46:01,777 [WARNING] leadlag.core.market_calendar: No static holiday table for year 2017. Install jpholiday or update market_calendar.py.
2026-09-20 06:46:01,778 [WARNING] leadlag.core.market_calendar: No static holiday table for year 2017. Install jpholiday or update market_calendar.py.
2026-09-20 06:46:01,778 [WARNING] leadlag.core.market_calendar: No static holiday table for year 2017. Install jpholiday or update market_calendar.py.
2026-09-20 06:46:01,778 [WARNING] leadlag.core.market_calendar: No static holiday table for year 2017. Install jpholiday or update market_calendar.py.
2026-09-20 06:46:01,778 [WARNING] leadlag.core.market_calendar: No static holiday table for year 2017. Install jpholiday or update market_calendar.py.
2026-09-20 06:46:01,779 [WARNING] leadlag.core.market_calendar: No static holiday table for year 2017. Install jpholiday or update market_calendar.py.
2026-09-20 06:46:01,779 [WARNING] leadlag.core.market_calendar: No static holiday table for year 2017. Install jpholiday or update market_calendar.py.
2026-09-20 06:46:01,779 [WARNING] leadlag.core.market_calendar: No static holiday table for year 2017. Install jpholiday or update market_calendar.py.
2026-09-20 06:46:01,779 [WARNING] leadlag.core.market_calendar: No static holiday table for year 2017. Install jpholiday or update market_calendar.py.
2026-09-20 06:46:01,779 [WARNING] leadlag.core.market_calendar: No static holiday table for year 2017. Install jpholiday or update market_calendar.py.
2026-09-20 06:46:01,779 [WARNING] leadlag.core.market_calendar: No static holiday table for year 2017. Install jpholiday or update market_calendar.py.
2026-09-20 06:46:01,779 [WARNING] leadlag.core.market_calendar: No static holiday table for year 2017. Install jpholiday or update market_calendar.py.
2026-09-20 06:46:01,780 [WARNING] leadlag.core.market_calendar: No static holiday table for year 2017. Install jpholiday or update market_calendar.py.
2026-09-20 06:46:01,780 [WARNING] leadlag.core.market_calendar: No static holiday table for year 2017. Install jpholiday or update market_calendar.py.
2026-09-20 06:46:01,780 [WARNING] leadlag.core.market_calendar: No static holiday table for year 2017. Install jpholiday or update market_calendar.py.
2026-09-20 06:46:01,780 [WARNING] leadlag.core.market_calendar: No static holiday table for year 2017. Install jpholiday or update market_calendar.py.
2026-09-20 06:46:01,780 [WARNING] leadlag.core.market_calendar: No static holiday table for year 2017. Install jpholiday or update market_calendar.py.
2026-09-20 06:46:01,780 [WARNING] leadlag.core.market_calendar: No static holiday table for year 2017. Install jpholiday or update market_calendar.py.
2026-09-20 06:46:01,780 [WARNING] leadlag.core.market_calendar: No static holiday table for year 2017. Install jpholiday or update market_calendar.py.
2026-09-20 06:46:01,781 [WARNING] leadlag.core.market_calendar: No static holiday table for year 2017. Install jpholiday or update market_calendar.py.
2026-09-20 06:46:01,781 [WARNING] leadlag.core.market_calendar: No static holiday table for year 2017. Install jpholiday or update market_calendar.py.
2026-09-20 06:46:01,781 [WARNING] leadlag.core.market_calendar: No static holiday table for year 2017. Install jpholiday or update market_calendar.py.
2026-09-20 06:46:01,781 [WARNING] leadlag.core.market_calendar: No static holiday table for year 2017. Install jpholiday or update market_calendar.py.
2026-09-20 06:46:01,781 [WARNING] leadlag.core.market_calendar: No static holiday table for year 2017. Install jpholiday or update market_calendar.py.
2026-09-20 06:46:01,781 [WARNING] leadlag.core.market_calendar: No static holiday table for year 2017. Install jpholiday or update market_calendar.py.
2026-09-20 06:46:01,781 [WARNING] leadlag.core.market_calendar: No static holiday table for year 2017. Install jpholiday or update market_calendar.py.
2026-09-20 06:46:01,782 [WARNING] leadlag.core.market_calendar: No static holiday table for year 2017. Install jpholiday or update market_calendar.py.
2026-09-20 06:46:01,782 [WARNING] leadlag.core.market_calendar: No static holiday table for year 2017. Install jpholiday or update market_calendar.py.
2026-09-20 06:46:01,782 [WARNING] leadlag.core.market_calendar: No static holiday table for year 2017. Install jpholiday or update market_calendar.py.
2026-09-20 06:46:01,782 [WARNING] leadlag.core.market_calendar: No static holiday table for year 2018. Install jpholiday or update market_calendar.py.
2026-09-20 06:46:01,783 [WARNING] leadlag.core.market_calendar: No static holiday table for year 2018. Install jpholiday or update market_calendar.py.
2026-09-20 06:46:01,783 [WARNING] leadlag.core.market_calendar: No static holiday table for year 2018. Install jpholiday or update market_calendar.py.
2026-09-20 06:46:01,783 [WARNING] leadlag.core.market_calendar: No static holiday table for year 2018. Install jpholiday or update market_calendar.py.
2026-09-20 06:46:01,783 [WARNING] leadlag.core.market_calendar: No static holiday table for year 2018. Install jpholiday or update market_calendar.py.
2026-09-20 06:46:01,784 [WARNING] leadlag.core.market_calendar: No static holiday table for year 2018. Install jpholiday or update market_calendar.py.
2026-09-20 06:46:01,784 [WARNING] leadlag.core.market_calendar: No static holiday table for year 2018. Install jpholiday or update market_calendar.py.
2026-09-20 06:46:01,784 [WARNING] leadlag.core.market_calendar: No static holiday table for year 2018. Install jpholiday or update market_calendar.py.
2026-09-20 06:46:01,784 [WARNING] leadlag.core.market_calendar: No static holiday table for year 2018. Install jpholiday or update market_calendar.py.
2026-09-20 06:46:01,784 [WARNING] leadlag.core.market_calendar: No static holiday table for year 2018. Install jpholiday or update market_calendar.py.
2026-09-20 06:46:01,784 [WARNING] leadlag.core.market_calendar: No static holiday table for year 2018. Install jpholiday or update market_calendar.py.
2026-09-20 06:46:01,784 [WARNING] leadlag.core.market_calendar: No static holiday table for year 2018. Install jpholiday or update market_calendar.py.
2026-09-20 06:46:01,785 [WARNING] leadlag.core.market_calendar: No static holiday table for year 2018. Install jpholiday or update market_calendar.py.
2026-09-20 06:46:01,785 [WARNING] leadlag.core.market_calendar: No static holiday table for year 2018. Install jpholiday or update market_calendar.py.
2026-09-20 06:46:01,785 [WARNING] leadlag.core.market_calendar: No static holiday table for year 2018. Install jpholiday or update market_calendar.py.
2026-09-20 06:46:01,785 [WARNING] leadlag.core.market_calendar: No static holiday table for year 2018. Install jpholiday or update market_calendar.py.
2026-09-20 06:46:01,785 [WARNING] leadlag.core.market_calendar: No static holiday table for year 2018. Install jpholiday or update market_calendar.py.
2026-09-20 06:46:01,785 [WARNING] leadlag.core.market_calendar: No static holiday table for year 2018. Install jpholiday or update market_calendar.py.
2026-09-20 06:46:01,786 [WARNING] leadlag.core.market_calendar: No static holiday table for year 2018. Install jpholiday or update market_calendar.py.
2026-09-20 06:46:01,786 [WARNING] leadlag.core.market_calendar: No static holiday table for year 2018. Install jpholiday or update market_calendar.py.
2026-09-20 06:46:01,786 [WARNING] leadlag.core.market_calendar: No static holiday table for year 2018. Install jpholiday or update market_calendar.py.
2026-09-20 06:46:01,786 [WARNING] leadlag.core.market_calendar: No static holiday table for year 2018. Install jpholiday or update market_calendar.py.
2026-09-20 06:46:01,786 [WARNING] leadlag.core.market_calendar: No static holiday table for year 2018. Install jpholiday or update market_calendar.py.
2026-09-20 06:46:01,786 [WARNING] leadlag.core.market_calendar: No static holiday table for year 2018. Install jpholiday or update market_calendar.py.
2026-09-20 06:46:01,786 [WARNING] leadlag.core.market_calendar: No static holiday table for year 2018. Install jpholiday or update market_calendar.py.
2026-09-20 06:46:01,787 [WARNING] leadlag.core.market_calendar: No static holiday table for year 2018. Install jpholiday or update market_calendar.py.
2026-09-20 06:46:01,787 [WARNING] leadlag.core.market_calendar: No static holiday table for year 2018. Install jpholiday or update market_calendar.py.
2026-09-20 06:46:01,787 [WARNING] leadlag.core.market_calendar: No static holiday table for year 2018. Install jpholiday or update market_calendar.py.
2026-09-20 06:46:01,787 [WARNING] leadlag.core.market_calendar: No static holiday table for year 2018. Install jpholiday or update market_calendar.py.
2026-09-20 06:46:01,788 [WARNING] leadlag.core.market_calendar: No static holiday table for year 2018. Install jpholiday or update market_calendar.py.
2026-09-20 06:46:01,788 [WARNING] leadlag.core.market_calendar: No static holiday table for year 2018. Install jpholiday or update market_calendar.py.
2026-09-20 06:46:01,788 [WARNING] leadlag.core.market_calendar: No static holiday table for year 2018. Install jpholiday or update market_calendar.py.
2026-09-20 06:46:01,788 [WARNING] leadlag.core.market_calendar: No static holiday table for year 2018. Install jpholiday or update market_calendar.py.
2026-09-20 06:46:01,788 [WARNING] leadlag.core.market_calendar: No static holiday table for year 2018. Install jpholiday or update market_calendar.py.
2026-09-20 06:46:01,788 [WARNING] leadlag.core.market_calendar: No static holiday table for year 2018. Install jpholiday or update market_calendar.py.
2026-09-20 06:46:01,788 [WARNING] leadlag.core.market_calendar: No static holiday table for year 2018. Install jpholiday or update market_calendar.py.
2026-09-20 06:46:01,789 [WARNING] leadlag.core.market_calendar: No static holiday table for year 2018. Install jpholiday or update market_calendar.py.
2026-09-20 06:46:01,789 [WARNING] leadlag.core.market_calendar: No static holiday table for year 2018. Install jpholiday or update market_calendar.py.
2026-09-20 06:46:01,789 [WARNING] leadlag.core.market_calendar: No static holiday table for year 2018. Install jpholiday or update market_calendar.py.
2026-09-20 06:46:01,789 [WARNING] leadlag.core.market_calendar: No static holiday table for year 2018. Install jpholiday or update market_calendar.py.
2026-09-20 06:46:01,789 [WARNING] leadlag.core.market_calendar: No static holiday table for year 2018. Install jpholiday or update market_calendar.py.
2026-09-20 06:46:01,789 [WARNING] leadlag.core.market_calendar: No static holiday table for year 2018. Install jpholiday or update market_calendar.py.
2026-09-20 06:46:01,789 [WARNING] leadlag.core.market_calendar: No static holiday table for year 2018. Install jpholiday or update market_calendar.py.
2026-09-20 06:46:01,790 [WARNING] leadlag.core.market_calendar: No static holiday table for year 2018. Install jpholiday or update market_calendar.py.
2026-09-20 06:46:01,790 [WARNING] leadlag.core.market_calendar: No static holiday table for year 2018. Install jpholiday or update market_calendar.py.
2026-09-20 06:46:01,790 [WARNING] leadlag.core.market_calendar: No static holiday table for year 2018. Install jpholiday or update market_calendar.py.
2026-09-20 06:46:01,790 [WARNING] leadlag.core.market_calendar: No static holiday table for year 2018. Install jpholiday or update market_calendar.py.
2026-09-20 06:46:01,790 [WARNING] leadlag.core.market_calendar: No static holiday table for year 2018. Install jpholiday or update market_calendar.py.
2026-09-20 06:46:01,790 [WARNING] leadlag.core.market_calendar: No static holiday table for year 2018. Install jpholiday or update market_calendar.py.
2026-09-20 06:46:01,791 [WARNING] leadlag.core.market_calendar: No static holiday table for year 2018. Install jpholiday or update market_calendar.py.
2026-09-20 06:46:01,791 [WARNING] leadlag.core.market_calendar: No static holiday table for year 2018. Install jpholiday or update market_calendar.py.
2026-09-20 06:46:01,791 [WARNING] leadlag.core.market_calendar: No static holiday table for year 2018. Install jpholiday or update market_calendar.py.
2026-09-20 06:46:01,791 [WARNING] leadlag.core.market_calendar: No static holiday table for year 2018. Install jpholiday or update market_calendar.py.
2026-09-20 06:46:01,791 [WARNING] leadlag.core.market_calendar: No static holiday table for year 2018. Install jpholiday or update market_calendar.py.
2026-09-20 06:46:01,792 [WARNING] leadlag.core.market_calendar: No static holiday table for year 2018. Install jpholiday or update market_calendar.py.
2026-09-20 06:46:01,792 [WARNING] leadlag.core.market_calendar: No static holiday table for year 2018. Install jpholiday or update market_calendar.py.
2026-09-20 06:46:01,792 [WARNING] leadlag.core.market_calendar: No static holiday table for year 2018. Install jpholiday or update market_calendar.py.
2026-09-20 06:46:01,792 [WARNING] leadlag.core.market_calendar: No static holiday table for year 2018. Install jpholiday or update market_calendar.py.
2026-09-20 06:46:01,793 [WARNING] leadlag.core.market_calendar: No static holiday table for year 2018. Install jpholiday or update market_calendar.py.
2026-09-20 06:46:01,793 [WARNING] leadlag.core.market_calendar: No static holiday table for year 2018. Install jpholiday or update market_calendar.py.
2026-09-20 06:46:01,793 [WARNING] leadlag.core.market_calendar: No static holiday table for year 2018. Install jpholiday or update market_calendar.py.
2026-09-20 06:46:01,793 [WARNING] leadlag.core.market_calendar: No static holiday table for year 2018. Install jpholiday or update market_calendar.py.
2026-09-20 06:46:01,793 [WARNING] leadlag.core.market_calendar: No static holiday table for year 2018. Install jpholiday or update market_calendar.py.
2026-09-20 06:46:01,793 [WARNING] leadlag.core.market_calendar: No static holiday table for year 2018. Install jpholiday or update market_calendar.py.
2026-09-20 06:46:01,793 [WARNING] leadlag.core.market_calendar: No static holiday table for year 2018. Install jpholiday or update market_calendar.py.
2026-09-20 06:46:01,794 [WARNING] leadlag.core.market_calendar: No static holiday table for year 2018. Install jpholiday or update market_calendar.py.
2026-09-20 06:46:01,794 [WARNING] leadlag.core.market_calendar: No static holiday table for year 2018. Install jpholiday or update market_calendar.py.
2026-09-20 06:46:01,794 [WARNING] leadlag.core.market_calendar: No static holiday table for year 2018. Install jpholiday or update market_calendar.py.
2026-09-20 06:46:01,794 [WARNING] leadlag.core.market_calendar: No static holiday table for year 2018. Install jpholiday or update market_calendar.py.
2026-09-20 06:46:01,794 [WARNING] leadlag.core.market_calendar: No static holiday table for year 2018. Install jpholiday or update market_calendar.py.
2026-09-20 06:46:01,794 [WARNING] leadlag.core.market_calendar: No static holiday table for year 2018. Install jpholiday or update market_calendar.py.
2026-09-20 06:46:01,794 [WARNING] leadlag.core.market_calendar: No static holiday table for year 2018. Install jpholiday or update market_calendar.py.
2026-09-20 06:46:01,795 [WARNING] leadlag.core.market_calendar: No static holiday table for year 2018. Install jpholiday or update market_calendar.py.
2026-09-20 06:46:01,795 [WARNING] leadlag.core.market_calendar: No static holiday table for year 2018. Install jpholiday or update market_calendar.py.
2026-09-20 06:46:01,795 [WARNING] leadlag.core.market_calendar: No static holiday table for year 2018. Install jpholiday or update market_calendar.py.
2026-09-20 06:46:01,795 [WARNING] leadlag.core.market_calendar: No static holiday table for year 2018. Install jpholiday or update market_calendar.py.
2026-09-20 06:46:01,795 [WARNING] leadlag.core.market_calendar: No static holiday table for year 2018. Install jpholiday or update market_calendar.py.
2026-09-20 06:46:01,795 [WARNING] leadlag.core.market_calendar: No static holiday table for year 2018. Install jpholiday or update market_calendar.py.
2026-09-20 06:46:01,795 [WARNING] leadlag.core.market_calendar: No static holiday table for year 2018. Install jpholiday or update market_calendar.py.
2026-09-20 06:46:01,796 [WARNING] leadlag.core.market_calendar: No static holiday table for year 2018. Install jpholiday or update market_calendar.py.
2026-09-20 06:46:01,796 [WARNING] leadlag.core.market_calendar: No static holiday table for year 2018. Install jpholiday or update market_calendar.py.
2026-09-20 06:46:01,796 [WARNING] leadlag.core.market_calendar: No static holiday table for year 2018. Install jpholiday or update market_calendar.py.
2026-09-20 06:46:01,796 [WARNING] leadlag.core.market_calendar: No static holiday table for year 2018. Install jpholiday or update market_calendar.py.
2026-09-20 06:46:01,797 [WARNING] leadlag.core.market_calendar: No static holiday table for year 2018. Install jpholiday or update market_calendar.py.
2026-09-20 06:46:01,797 [WARNING] leadlag.core.market_calendar: No static holiday table for year 2018. Install jpholiday or update market_calendar.py.
2026-09-20 06:46:01,797 [WARNING] leadlag.core.market_calendar: No static holiday table for year 2018. Install jpholiday or update market_calendar.py.
2026-09-20 06:46:01,797 [WARNING] leadlag.core.market_calendar: No static holiday table for year 2018. Install jpholiday or update market_calendar.py.
2026-09-20 06:46:01,798 [WARNING] leadlag.core.market_calendar: No static holiday table for year 2018. Install jpholiday or update market_calendar.py.
2026-09-20 06:46:01,798 [WARNING] leadlag.core.market_calendar: No static holiday table for year 2018. Install jpholiday or update market_calendar.py.
2026-09-20 06:46:01,798 [WARNING] leadlag.core.market_calendar: No static holiday table for year 2018. Install jpholiday or update market_calendar.py.
2026-09-20 06:46:01,798 [WARNING] leadlag.core.market_calendar: No static holiday table for year 2018. Install jpholiday or update market_calendar.py.
2026-09-20 06:46:01,798 [WARNING] leadlag.core.market_calendar: No static holiday table for year 2018. Install jpholiday or update market_calendar.py.
2026-09-20 06:46:01,798 [WARNING] leadlag.core.market_calendar: No static holiday table for year 2018. Install jpholiday or update market_calendar.py.
2026-09-20 06:46:01,798 [WARNING] leadlag.core.market_calendar: No static holiday table for year 2018. Install jpholiday or update market_calendar.py.
2026-09-20 06:46:01,799 [WARNING] leadlag.core.market_calendar: No static holiday table for year 2018. Install jpholiday or update market_calendar.py.
2026-09-20 06:46:01,799 [WARNING] leadlag.core.market_calendar: No static holiday table for year 2018. Install jpholiday or update market_calendar.py.
2026-09-20 06:46:01,799 [WARNING] leadlag.core.market_calendar: No static holiday table for year 2018. Install jpholiday or update market_calendar.py.
2026-09-20 06:46:01,799 [WARNING] leadlag.core.market_calendar: No static holiday table for year 2018. Install jpholiday or update market_calendar.py.
2026-09-20 06:46:01,799 [WARNING] leadlag.core.market_calendar: No static holiday table for year 2018. Install jpholiday or update market_calendar.py.
2026-09-20 06:46:01,799 [WARNING] leadlag.core.market_calendar: No static holiday table for year 2018. Install jpholiday or update market_calendar.py.
2026-09-20 06:46:01,799 [WARNING] leadlag.core.market_calendar: No static holiday table for year 2018. Install jpholiday or update market_calendar.py.
2026-09-20 06:46:01,799 [WARNING] leadlag.core.market_calendar: No static holiday table for year 2018. Install jpholiday or update market_calendar.py.
2026-09-20 06:46:01,800 [WARNING] leadlag.core.market_calendar: No static holiday table for year 2018. Install jpholiday or update market_calendar.py.
2026-09-20 06:46:01,800 [WARNING] leadlag.core.market_calendar: No static holiday table for year 2018. Install jpholiday or update market_calendar.py.
2026-09-20 06:46:01,800 [WARNING] leadlag.core.market_calendar: No static holiday table for year 2018. Install jpholiday or update market_calendar.py.
2026-09-20 06:46:01,800 [WARNING] leadlag.core.market_calendar: No static holiday table for year 2018. Install jpholiday or update market_calendar.py.
2026-09-20 06:46:01,800 [WARNING] leadlag.core.market_calendar: No static holiday table for year 2018. Install jpholiday or update market_calendar.py.
2026-09-20 06:46:01,800 [WARNING] leadlag.core.market_calendar: No static holiday table for year 2018. Install jpholiday or update market_calendar.py.
2026-09-20 06:46:01,800 [WARNING] leadlag.core.market_calendar: No static holiday table for year 2018. Install jpholiday or update market_calendar.py.
2026-09-20 06:46:01,800 [WARNING] leadlag.core.market_calendar: No static holiday table for year 2018. Install jpholiday or update market_calendar.py.
2026-09-20 06:46:01,801 [WARNING] leadlag.core.market_calendar: No static holiday table for year 2018. Install jpholiday or update market_calendar.py.
2026-09-20 06:46:01,801 [WARNING] leadlag.core.market_calendar: No static holiday table for year 2018. Install jpholiday or update market_calendar.py.
2026-09-20 06:46:01,801 [WARNING] leadlag.core.market_calendar: No static holiday table for year 2018. Install jpholiday or update market_calendar.py.
2026-09-20 06:46:01,801 [WARNING] leadlag.core.market_calendar: No static holiday table for year 2018. Install jpholiday or update market_calendar.py.
2026-09-20 06:46:01,801 [WARNING] leadlag.core.market_calendar: No static holiday table for year 2018. Install jpholiday or update market_calendar.py.
2026-09-20 06:46:01,801 [WARNING] leadlag.core.market_calendar: No static holiday table for year 2018. Install jpholiday or update market_calendar.py.
2026-09-20 06:46:01,801 [WARNING] leadlag.core.market_calendar: No static holiday table for year 2018. Install jpholiday or update market_calendar.py.
2026-09-20 06:46:01,802 [WARNING] leadlag.core.market_calendar: No static holiday table for year 2018. Install jpholiday or update market_calendar.py.
2026-09-20 06:46:01,802 [WARNING] leadlag.core.market_calendar: No static holiday table for year 2018. Install jpholiday or update market_calendar.py.
2026-09-20 06:46:01,802 [WARNING] leadlag.core.market_calendar: No static holiday table for year 2018. Install jpholiday or update market_calendar.py.
2026-09-20 06:46:01,802 [WARNING] leadlag.core.market_calendar: No static holiday table for year 2018. Install jpholiday or update market_calendar.py.
2026-09-20 06:46:01,802 [WARNING] leadlag.core.market_calendar: No static holiday table for year 2018. Install jpholiday or update market_calendar.py.
2026-09-20 06:46:01,802 [WARNING] leadlag.core.market_calendar: No static holiday table for year 2018. Install jpholiday or update market_calendar.py.
2026-09-20 06:46:01,802 [WARNING] leadlag.core.market_calendar: No static holiday table for year 2018. Install jpholiday or update market_calendar.py.
2026-09-20 06:46:01,803 [WARNING] leadlag.core.market_calendar: No static holiday table for year 2018. Install jpholiday or update market_calendar.py.
2026-09-20 06:46:01,803 [WARNING] leadlag.core.market_calendar: No static holiday table for year 2018. Install jpholiday or update market_calendar.py.
2026-09-20 06:46:01,803 [WARNING] leadlag.core.market_calendar: No static holiday table for year 2018. Install jpholiday or update market_calendar.py.
2026-09-20 06:46:01,803 [WARNING] leadlag.core.market_calendar: No static holiday table for year 2018. Install jpholiday or update market_calendar.py.
2026-09-20 06:46:01,803 [WARNING] leadlag.core.market_calendar: No static holiday table for year 2018. Install jpholiday or update market_calendar.py.
2026-09-20 06:46:01,803 [WARNING] leadlag.core.market_calendar: No static holiday table for year 2018. Install jpholiday or update market_calendar.py.
2026-09-20 06:46:01,803 [WARNING] leadlag.core.market_calendar: No static holiday table for year 2018. Install jpholiday or update market_calendar.py.
2026-09-20 06:46:01,804 [WARNING] leadlag.core.market_calendar: No static holiday table for year 2018. Install jpholiday or update market_calendar.py.
2026-09-20 06:46:01,804 [WARNING] leadlag.core.market_calendar: No static holiday table for year 2018. Install jpholiday or update market_calendar.py.
2026-09-20 06:46:01,804 [WARNING] leadlag.core.market_calendar: No static holiday table for year 2018. Install jpholiday or update market_calendar.py.
2026-09-20 06:46:01,804 [WARNING] leadlag.core.market_calendar: No static holiday table for year 2018. Install jpholiday or update market_calendar.py.
2026-09-20 06:46:01,805 [WARNING] leadlag.core.market_calendar: No static holiday table for year 2018. Install jpholiday or update market_calendar.py.
2026-09-20 06:46:01,805 [WARNING] leadlag.core.market_calendar: No static holiday table for year 2018. Install jpholiday or update market_calendar.py.
2026-09-20 06:46:01,805 [WARNING] leadlag.core.market_calendar: No static holiday table for year 2018. Install jpholiday or update market_calendar.py.
2026-09-20 06:46:01,805 [WARNING] leadlag.core.market_calendar: No static holiday table for year 2018. Install jpholiday or update market_calendar.py.
2026-09-20 06:46:01,805 [WARNING] leadlag.core.market_calendar: No static holiday table for year 2018. Install jpholiday or update market_calendar.py.
2026-09-20 06:46:01,805 [WARNING] leadlag.core.market_calendar: No static holiday table for year 2018. Install jpholiday or update market_calendar.py.
2026-09-20 06:46:01,806 [WARNING] leadlag.core.market_calendar: No static holiday table for year 2018. Install jpholiday or update market_calendar.py.
2026-09-20 06:46:01,806 [WARNING] leadlag.core.market_calendar: No static holiday table for year 2018. Install jpholiday or update market_calendar.py.
2026-09-20 06:46:01,806 [WARNING] leadlag.core.market_calendar: No static holiday table for year 2018. Install jpholiday or update market_calendar.py.
2026-09-20 06:46:01,806 [WARNING] leadlag.core.market_calendar: No static holiday table for year 2018. Install jpholiday or update market_calendar.py.
2026-09-20 06:46:01,806 [WARNING] leadlag.core.market_calendar: No static holiday table for year 2018. Install jpholiday or update market_calendar.py.
2026-09-20 06:46:01,806 [WARNING] leadlag.core.market_calendar: No static holiday table for year 2018. Install jpholiday or update market_calendar.py.
2026-09-20 06:46:01,806 [WARNING] leadlag.core.market_calendar: No static holiday table for year 2018. Install jpholiday or update market_calendar.py.
2026-09-20 06:46:01,806 [WARNING] leadlag.core.market_calendar: No static holiday table for year 2018. Install jpholiday or update market_calendar.py.
2026-09-20 06:46:01,807 [WARNING] leadlag.core.market_calendar: No static holiday table for year 2018. Install jpholiday or update market_calendar.py.
2026-09-20 06:46:01,807 [WARNING] leadlag.core.market_calendar: No static holiday table for year 2018. Install jpholiday or update market_calendar.py.
2026-09-20 06:46:01,807 [WARNING] leadlag.core.market_calendar: No static holiday table for year 2018. Install jpholiday or update market_calendar.py.
2026-09-20 06:46:01,807 [WARNING] leadlag.core.market_calendar: No static holiday table for year 2018. Install jpholiday or update market_calendar.py.
2026-09-20 06:46:01,807 [WARNING] leadlag.core.market_calendar: No static holiday table for year 2018. Install jpholiday or update market_calendar.py.
2026-09-20 06:46:01,807 [WARNING] leadlag.core.market_calendar: No static holiday table for year 2018. Install jpholiday or update market_calendar.py.
2026-09-20 06:46:01,807 [WARNING] leadlag.core.market_calendar: No static holiday table for year 2018. Install jpholiday or update market_calendar.py.
2026-09-20 06:46:01,808 [WARNING] leadlag.core.market_calendar: No static holiday table for year 2018. Install jpholiday or update market_calendar.py.
2026-09-20 06:46:01,808 [WARNING] leadlag.core.market_calendar: No static holiday table for year 2018. Install jpholiday or update market_calendar.py.
2026-09-20 06:46:01,808 [WARNING] leadlag.core.market_calendar: No static holiday table for year 2018. Install jpholiday or update market_calendar.py.
2026-09-20 06:46:01,808 [WARNING] leadlag.core.market_calendar: No static holiday table for year 2018. Install jpholiday or update market_calendar.py.
2026-09-20 06:46:01,808 [WARNING] leadlag.core.market_calendar: No static holiday table for year 2018. Install jpholiday or update market_calendar.py.
2026-09-20 06:46:01,808 [WARNING] leadlag.core.market_calendar: No static holiday table for year 2018. Install jpholiday or update market_calendar.py.
2026-09-20 06:46:01,808 [WARNING] leadlag.core.market_calendar: No static holiday table for year 2018. Install jpholiday or update market_calendar.py.
2026-09-20 06:46:01,808 [WARNING] leadlag.core.market_calendar: No static holiday table for year 2018. Install jpholiday or update market_calendar.py.
2026-09-20 06:46:01,809 [WARNING] leadlag.core.market_calendar: No static holiday table for year 2018. Install jpholiday or update market_calendar.py.
2026-09-20 06:46:01,809 [WARNING] leadlag.core.market_calendar: No static holiday table for year 2018. Install jpholiday or update market_calendar.py.
2026-09-20 06:46:01,809 [WARNING] leadlag.core.market_calendar: No static holiday table for year 2018. Install jpholiday or update market_calendar.py.
2026-09-20 06:46:01,809 [WARNING] leadlag.core.market_calendar: No static holiday table for year 2018. Install jpholiday or update market_calendar.py.
2026-09-20 06:46:01,809 [WARNING] leadlag.core.market_calendar: No static holiday table for year 2018. Install jpholiday or update market_calendar.py.
2026-09-20 06:46:01,809 [WARNING] leadlag.core.market_calendar: No static holiday table for year 2018. Install jpholiday or update market_calendar.py.
2026-09-20 06:46:01,810 [WARNING] leadlag.core.market_calendar: No static holiday table for year 2018. Install jpholiday or update market_calendar.py.
2026-09-20 06:46:01,810 [WARNING] leadlag.core.market_calendar: No static holiday table for year 2018. Install jpholiday or update market_calendar.py.
2026-09-20 06:46:01,810 [WARNING] leadlag.core.market_calendar: No static holiday table for year 2018. Install jpholiday or update market_calendar.py.
2026-09-20 06:46:01,810 [WARNING] leadlag.core.market_calendar: No static holiday table for year 2018. Install jpholiday or update market_calendar.py.
2026-09-20 06:46:01,811 [WARNING] leadlag.core.market_calendar: No static holiday table for year 2018. Install jpholiday or update market_calendar.py.
2026-09-20 06:46:01,811 [WARNING] leadlag.core.market_calendar: No static holiday table for year 2018. Install jpholiday or update market_calendar.py.
2026-09-20 06:46:01,811 [WARNING] leadlag.core.market_calendar: No static holiday table for year 2018. Install jpholiday or update market_calendar.py.
2026-09-20 06:46:01,812 [WARNING] leadlag.core.market_calendar: No static holiday table for year 2018. Install jpholiday or update market_calendar.py.
2026-09-20 06:46:01,812 [WARNING] leadlag.core.market_calendar: No static holiday table for year 2018. Install jpholiday or update market_calendar.py.
2026-09-20 06:46:01,812 [WARNING] leadlag.core.market_calendar: No static holiday table for year 2018. Install jpholiday or update market_calendar.py.
2026-09-20 06:46:01,812 [WARNING] leadlag.core.market_calendar: No static holiday table for year 2018. Install jpholiday or update market_calendar.py.
2026-09-20 06:46:01,813 [WARNING] leadlag.core.market_calendar: No static holiday table for year 2018. Install jpholiday or update market_calendar.py.
2026-09-20 06:46:01,813 [WARNING] leadlag.core.market_calendar: No static holiday table for year 2018. Install jpholiday or update market_calendar.py.
2026-09-20 06:46:01,813 [WARNING] leadlag.core.market_calendar: No static holiday table for year 2018. Install jpholiday or update market_calendar.py.
2026-09-20 06:46:01,814 [WARNING] leadlag.core.market_calendar: No static holiday table for year 2018. Install jpholiday or update market_calendar.py.
2026-09-20 06:46:01,814 [WARNING] leadlag.core.market_calendar: No static holiday table for year 2018. Install jpholiday or update market_calendar.py.
2026-09-20 06:46:01,814 [WARNING] leadlag.core.market_calendar: No static holiday table for year 2018. Install jpholiday or update market_calendar.py.
2026-09-20 06:46:01,814 [WARNING] leadlag.core.market_calendar: No static holiday table for year 2018. Install jpholiday or update market_calendar.py.
2026-09-20 06:46:01,814 [WARNING] leadlag.core.market_calendar: No static holiday table for year 2018. Install jpholiday or update market_calendar.py.
2026-09-20 06:46:01,814 [WARNING] leadlag.core.market_calendar: No static holiday table for year 2018. Install jpholiday or update market_calendar.py.
2026-09-20 06:46:01,815 [WARNING] leadlag.core.market_calendar: No static holiday table for year 2018. Install jpholiday or update market_calendar.py.
2026-09-20 06:46:01,815 [WARNING] leadlag.core.market_calendar: No static holiday table for year 2018. Install jpholiday or update market_calendar.py.
2026-09-20 06:46:01,815 [WARNING] leadlag.core.market_calendar: No static holiday table for year 2018. Install jpholiday or update market_calendar.py.
2026-09-20 06:46:01,815 [WARNING] leadlag.core.market_calendar: No static holiday table for year 2018. Install jpholiday or update market_calendar.py.
2026-09-20 06:46:01,815 [WARNING] leadlag.core.market_calendar: No static holiday table for year 2018. Install jpholiday or update market_calendar.py.
2026-09-20 06:46:01,816 [WARNING] leadlag.core.market_calendar: No static holiday table for year 2018. Install jpholiday or update market_calendar.py.
2026-09-20 06:46:01,816 [WARNING] leadlag.core.market_calendar: No static holiday table for year 2018. Install jpholiday or update market_calendar.py.
2026-09-20 06:46:01,816 [WARNING] leadlag.core.market_calendar: No static holiday table for year 2018. Install jpholiday or update market_calendar.py.
2026-09-20 06:46:01,816 [WARNING] leadlag.core.market_calendar: No static holiday table for year 2018. Install jpholiday or update market_calendar.py.
2026-09-20 06:46:01,816 [WARNING] leadlag.core.market_calendar: No static holiday table for year 2018. Install jpholiday or update market_calendar.py.
2026-09-20 06:46:01,816 [WARNING] leadlag.core.market_calendar: No static holiday table for year 2018. Install jpholiday or update market_calendar.py.
2026-09-20 06:46:01,817 [WARNING] leadlag.core.market_calendar: No static holiday table for year 2018. Install jpholiday or update market_calendar.py.
2026-09-20 06:46:01,817 [WARNING] leadlag.core.market_calendar: No static holiday table for year 2018. Install jpholiday or update market_calendar.py.
2026-09-20 06:46:01,817 [WARNING] leadlag.core.market_calendar: No static holiday table for year 2018. Install jpholiday or update market_calendar.py.
2026-09-20 06:46:01,817 [WARNING] leadlag.core.market_calendar: No static holiday table for year 2018. Install jpholiday or update market_calendar.py.
2026-09-20 06:46:01,817 [WARNING] leadlag.core.market_calendar: No static holiday table for year 2018. Install jpholiday or update market_calendar.py.
2026-09-20 06:46:01,817 [WARNING] leadlag.core.market_calendar: No static holiday table for year 2018. Install jpholiday or update market_calendar.py.
2026-09-20 06:46:01,817 [WARNING] leadlag.core.market_calendar: No static holiday table for year 2018. Install jpholiday or update market_calendar.py.
2026-09-20 06:46:01,818 [WARNING] leadlag.core.market_calendar: No static holiday table for year 2018. Install jpholiday or update market_calendar.py.
2026-09-20 06:46:01,818 [WARNING] leadlag.core.market_calendar: No static holiday table for year 2018. Install jpholiday or update market_calendar.py.
2026-09-20 06:46:01,818 [WARNING] leadlag.core.market_calendar: No static holiday table for year 2018. Install jpholiday or update market_calendar.py.
2026-09-20 06:46:01,818 [WARNING] leadlag.core.market_calendar: No static holiday table for year 2018. Install jpholiday or update market_calendar.py.
2026-09-20 06:46:01,818 [WARNING] leadlag.core.market_calendar: No static holiday table for year 2018. Install jpholiday or update market_calendar.py.
2026-09-20 06:46:01,818 [WARNING] leadlag.core.market_calendar: No static holiday table for year 2018. Install jpholiday or update market_calendar.py.
2026-09-20 06:46:01,818 [WARNING] leadlag.core.market_calendar: No static holiday table for year 2018. Install jpholiday or update market_calendar.py.
2026-09-20 06:46:01,819 [WARNING] leadlag.core.market_calendar: No static holiday table for year 2018. Install jpholiday or update market_calendar.py.
2026-09-20 06:46:01,819 [WARNING] leadlag.core.market_calendar: No static holiday table for year 2018. Install jpholiday or update market_calendar.py.
2026-09-20 06:46:01,819 [WARNING] leadlag.core.market_calendar: No static holiday table for year 2018. Install jpholiday or update market_calendar.py.
2026-09-20 06:46:01,819 [WARNING] leadlag.core.market_calendar: No static holiday table for year 2018. Install jpholiday or update market_calendar.py.
2026-09-20 06:46:01,819 [WARNING] leadlag.core.market_calendar: No static holiday table for year 2018. Install jpholiday or update market_calendar.py.
2026-09-20 06:46:01,819 [WARNING] leadlag.core.market_calendar: No static holiday table for year 2018. Install jpholiday or update market_calendar.py.
2026-09-20 06:46:01,819 [WARNING] leadlag.core.market_calendar: No static holiday table for year 2018. Install jpholiday or update market_calendar.py.
2026-09-20 06:46:01,819 [WARNING] leadlag.core.market_calendar: No static holiday table for year 2018. Install jpholiday or update market_calendar.py.
2026-09-20 06:46:01,820 [WARNING] leadlag.core.market_calendar: No static holiday table for year 2018. Install jpholiday or update market_calendar.py.
2026-09-20 06:46:01,820 [WARNING] leadlag.core.market_calendar: No static holiday table for year 2018. Install jpholiday or update market_calendar.py.
2026-09-20 06:46:01,820 [WARNING] leadlag.core.market_calendar: No static holiday table for year 2018. Install jpholiday or update market_calendar.py.
2026-09-20 06:46:01,820 [WARNING] leadlag.core.market_calendar: No static holiday table for year 2018. Install jpholiday or update market_calendar.py.
2026-09-20 06:46:01,821 [WARNING] leadlag.core.market_calendar: No static holiday table for year 2018. Install jpholiday or update market_calendar.py.
2026-09-20 06:46:01,821 [WARNING] leadlag.core.market_calendar: No static holiday table for year 2018. Install jpholiday or update market_calendar.py.
2026-09-20 06:46:01,821 [WARNING] leadlag.core.market_calendar: No static holiday table for year 2018. Install jpholiday or update market_calendar.py.
2026-09-20 06:46:01,821 [WARNING] leadlag.core.market_calendar: No static holiday table for year 2018. Install jpholiday or update market_calendar.py.
2026-09-20 06:46:01,821 [WARNING] leadlag.core.market_calendar: No static holiday table for year 2018. Install jpholiday or update market_calendar.py.
2026-09-20 06:46:01,821 [WARNING] leadlag.core.market_calendar: No static holiday table for year 2018. Install jpholiday or update market_calendar.py.
2026-09-20 06:46:01,821 [WARNING] leadlag.core.market_calendar: No static holiday table for year 2018. Install jpholiday or update market_calendar.py.
2026-09-20 06:46:01,821 [WARNING] leadlag.core.market_calendar: No static holiday table for year 2018. Install jpholiday or update market_calendar.py.
2026-09-20 06:46:01,822 [WARNING] leadlag.core.market_calendar: No static holiday table for year 2018. Install jpholiday or update market_calendar.py.
2026-09-20 06:46:01,822 [WARNING] leadlag.core.market_calendar: No static holiday table for year 2018. Install jpholiday or update market_calendar.py.
2026-09-20 06:46:01,822 [WARNING] leadlag.core.market_calendar: No static holiday table for year 2018. Install jpholiday or update market_calendar.py.
2026-09-20 06:46:01,822 [WARNING] leadlag.core.market_calendar: No static holiday table for year 2018. Install jpholiday or update market_calendar.py.
2026-09-20 06:46:01,822 [WARNING] leadlag.core.market_calendar: No static holiday table for year 2018. Install jpholiday or update market_calendar.py.
2026-09-20 06:46:01,822 [WARNING] leadlag.core.market_calendar: No static holiday table for year 2018. Install jpholiday or update market_calendar.py.
2026-09-20 06:46:01,822 [WARNING] leadlag.core.market_calendar: No static holiday table for year 2018. Install jpholiday or update market_calendar.py.
2026-09-20 06:46:01,823 [WARNING] leadlag.core.market_calendar: No static holiday table for year 2018. Install jpholiday or update market_calendar.py.
2026-09-20 06:46:01,823 [WARNING] leadlag.core.market_calendar: No static holiday table for year 2018. Install jpholiday or update market_calendar.py.
2026-09-20 06:46:01,823 [WARNING] leadlag.core.market_calendar: No static holiday table for year 2018. Install jpholiday or update market_calendar.py.
2026-09-20 06:46:01,823 [WARNING] leadlag.core.market_calendar: No static holiday table for year 2018. Install jpholiday or update market_calendar.py.
2026-09-20 06:46:01,823 [WARNING] leadlag.core.market_calendar: No static holiday table for year 2018. Install jpholiday or update market_calendar.py.
2026-09-20 06:46:01,824 [WARNING] leadlag.core.market_calendar: No static holiday table for year 2018. Install jpholiday or update market_calendar.py.
2026-09-20 06:46:01,824 [WARNING] leadlag.core.market_calendar: No static holiday table for year 2019. Install jpholiday or update market_calendar.py.
2026-09-20 06:46:01,824 [WARNING] leadlag.core.market_calendar: No static holiday table for year 2019. Install jpholiday or update market_calendar.py.
2026-09-20 06:46:01,824 [WARNING] leadlag.core.market_calendar: No static holiday table for year 2019. Install jpholiday or update market_calendar.py.
2026-09-20 06:46:01,824 [WARNING] leadlag.core.market_calendar: No static holiday table for year 2019. Install jpholiday or update market_calendar.py.
2026-09-20 06:46:01,824 [WARNING] leadlag.core.market_calendar: No static holiday table for year 2019. Install jpholiday or update market_calendar.py.
2026-09-20 06:46:01,824 [WARNING] leadlag.core.market_calendar: No static holiday table for year 2019. Install jpholiday or update market_calendar.py.
2026-09-20 06:46:01,825 [WARNING] leadlag.core.market_calendar: No static holiday table for year 2019. Install jpholiday or update market_calendar.py.
2026-09-20 06:46:01,825 [WARNING] leadlag.core.market_calendar: No static holiday table for year 2019. Install jpholiday or update market_calendar.py.
2026-09-20 06:46:01,825 [WARNING] leadlag.core.market_calendar: No static holiday table for year 2019. Install jpholiday or update market_calendar.py.
2026-09-20 06:46:01,825 [WARNING] leadlag.core.market_calendar: No static holiday table for year 2019. Install jpholiday or update market_calendar.py.
2026-09-20 06:46:01,825 [WARNING] leadlag.core.market_calendar: No static holiday table for year 2019. Install jpholiday or update market_calendar.py.
2026-09-20 06:46:01,825 [WARNING] leadlag.core.market_calendar: No static holiday table for year 2019. Install jpholiday or update market_calendar.py.
2026-09-20 06:46:01,826 [WARNING] leadlag.core.market_calendar: No static holiday table for year 2019. Install jpholiday or update market_calendar.py.
2026-09-20 06:46:01,826 [WARNING] leadlag.core.market_calendar: No static holiday table for year 2019. Install jpholiday or update market_calendar.py.
2026-09-20 06:46:01,826 [WARNING] leadlag.core.market_calendar: No static holiday table for year 2019. Install jpholiday or update market_calendar.py.
2026-09-20 06:46:01,826 [WARNING] leadlag.core.market_calendar: No static holiday table for year 2019. Install jpholiday or update market_calendar.py.
2026-09-20 06:46:01,826 [WARNING] leadlag.core.market_calendar: No static holiday table for year 2019. Install jpholiday or update market_calendar.py.
2026-09-20 06:46:01,826 [WARNING] leadlag.core.market_calendar: No static holiday table for year 2019. Install jpholiday or update market_calendar.py.
2026-09-20 06:46:01,826 [WARNING] leadlag.core.market_calendar: No static holiday table for year 2019. Install jpholiday or update market_calendar.py.
2026-09-20 06:46:01,827 [WARNING] leadlag.core.market_calendar: No static holiday table for year 2019. Install jpholiday or update market_calendar.py.
2026-09-20 06:46:01,827 [WARNING] leadlag.core.market_calendar: No static holiday table for year 2019. Install jpholiday or update market_calendar.py.
2026-09-20 06:46:01,827 [WARNING] leadlag.core.market_calendar: No static holiday table for year 2019. Install jpholiday or update market_calendar.py.
2026-09-20 06:46:01,827 [WARNING] leadlag.core.market_calendar: No static holiday table for year 2019. Install jpholiday or update market_calendar.py.
2026-09-20 06:46:01,827 [WARNING] leadlag.core.market_calendar: No static holiday table for year 2019. Install jpholiday or update market_calendar.py.
2026-09-20 06:46:01,827 [WARNING] leadlag.core.market_calendar: No static holiday table for year 2019. Install jpholiday or update market_calendar.py.
2026-09-20 06:46:01,827 [WARNING] leadlag.core.market_calendar: No static holiday table for year 2019. Install jpholiday or update market_calendar.py.
2026-09-20 06:46:01,828 [WARNING] leadlag.core.market_calendar: No static holiday table for year 2019. Install jpholiday or update market_calendar.py.
2026-09-20 06:46:01,828 [WARNING] leadlag.core.market_calendar: No static holiday table for year 2019. Install jpholiday or update market_calendar.py.
2026-09-20 06:46:01,828 [WARNING] leadlag.core.market_calendar: No static holiday table for year 2019. Install jpholiday or update market_calendar.py.
2026-09-20 06:46:01,828 [WARNING] leadlag.core.market_calendar: No static holiday table for year 2019. Install jpholiday or update market_calendar.py.
2026-09-20 06:46:01,828 [WARNING] leadlag.core.market_calendar: No static holiday table for year 2019. Install jpholiday or update market_calendar.py.
2026-09-20 06:46:01,828 [WARNING] leadlag.core.market_calendar: No static holiday table for year 2019. Install jpholiday or update market_calendar.py.
2026-09-20 06:46:01,829 [WARNING] leadlag.core.market_calendar: No static holiday table for year 2019. Install jpholiday or update market_calendar.py.
2026-09-20 06:46:01,829 [WARNING] leadlag.core.market_calendar: No static holiday table for year 2019. Install jpholiday or update market_calendar.py.
2026-09-20 06:46:01,829 [WARNING] leadlag.core.market_calendar: No static holiday table for year 2019. Install jpholiday or update market_calendar.py.
2026-09-20 06:46:01,829 [WARNING] leadlag.core.market_calendar: No static holiday table for year 2019. Install jpholiday or update market_calendar.py.
2026-09-20 06:46:01,829 [WARNING] leadlag.core.market_calendar: No static holiday table for year 2019. Install jpholiday or update market_calendar.py.
2026-09-20 06:46:01,829 [WARNING] leadlag.core.market_calendar: No static holiday table for year 2019. Install jpholiday or update market_calendar.py.
2026-09-20 06:46:01,829 [WARNING] leadlag.core.market_calendar: No static holiday table for year 2019. Install jpholiday or update market_calendar.py.
2026-09-20 06:46:01,829 [WARNING] leadlag.core.market_calendar: No static holiday table for year 2019. Install jpholiday or update market_calendar.py.
2026-09-20 06:46:01,830 [WARNING] leadlag.core.market_calendar: No static holiday table for year 2019. Install jpholiday or update market_calendar.py.
2026-09-20 06:46:01,830 [WARNING] leadlag.core.market_calendar: No static holiday table for year 2019. Install jpholiday or update market_calendar.py.
2026-09-20 06:46:01,830 [WARNING] leadlag.core.market_calendar: No static holiday table for year 2019. Install jpholiday or update market_calendar.py.
2026-09-20 06:46:01,830 [WARNING] leadlag.core.market_calendar: No static holiday table for year 2019. Install jpholiday or update market_calendar.py.
2026-09-20 06:46:01,830 [WARNING] leadlag.core.market_calendar: No static holiday table for year 2019. Install jpholiday or update market_calendar.py.
2026-09-20 06:46:01,831 [WARNING] leadlag.core.market_calendar: No static holiday table for year 2019. Install jpholiday or update market_calendar.py.
2026-09-20 06:46:01,831 [WARNING] leadlag.core.market_calendar: No static holiday table for year 2019. Install jpholiday or update market_calendar.py.
2026-09-20 06:46:01,831 [WARNING] leadlag.core.market_calendar: No static holiday table for year 2019. Install jpholiday or update market_calendar.py.
2026-09-20 06:46:01,831 [WARNING] leadlag.core.market_calendar: No static holiday table for year 2019. Install jpholiday or update market_calendar.py.
2026-09-20 06:46:01,831 [WARNING] leadlag.core.market_calendar: No static holiday table for year 2019. Install jpholiday or update market_calendar.py.
2026-09-20 06:46:01,831 [WARNING] leadlag.core.market_calendar: No static holiday table for year 2019. Install jpholiday or update market_calendar.py.
2026-09-20 06:46:01,832 [WARNING] leadlag.core.market_calendar: No static holiday table for year 2019. Install jpholiday or update market_calendar.py.
2026-09-20 06:46:01,832 [WARNING] leadlag.core.market_calendar: No static holiday table for year 2019. Install jpholiday or update market_calendar.py.
2026-09-20 06:46:01,832 [WARNING] leadlag.core.market_calendar: No static holiday table for year 2019. Install jpholiday or update market_calendar.py.
2026-09-20 06:46:01,832 [WARNING] leadlag.core.market_calendar: No static holiday table for year 2019. Install jpholiday or update market_calendar.py.
2026-09-20 06:46:01,832 [WARNING] leadlag.core.market_calendar: No static holiday table for year 2019. Install jpholiday or update market_calendar.py.
2026-09-20 06:46:01,833 [WARNING] leadlag.core.market_calendar: No static holiday table for year 2019. Install jpholiday or update market_calendar.py.
2026-09-20 06:46:01,833 [WARNING] leadlag.core.market_calendar: No static holiday table for year 2019. Install jpholiday or update market_calendar.py.
2026-09-20 06:46:01,833 [WARNING] leadlag.core.market_calendar: No static holiday table for year 2019. Install jpholiday or update market_calendar.py.
2026-09-20 06:46:01,833 [WARNING] leadlag.core.market_calendar: No static holiday table for year 2019. Install jpholiday or update market_calendar.py.
2026-09-20 06:46:01,833 [WARNING] leadlag.core.market_calendar: No static holiday table for year 2019. Install jpholiday or update market_calendar.py.
2026-09-20 06:46:01,833 [WARNING] leadlag.core.market_calendar: No static holiday table for year 2019. Install jpholiday or update market_calendar.py.
2026-09-20 06:46:01,833 [WARNING] leadlag.core.market_calendar: No static holiday table for year 2019. Install jpholiday or update market_calendar.py.
2026-09-20 06:46:01,834 [WARNING] leadlag.core.market_calendar: No static holiday table for year 2019. Install jpholiday or update market_calendar.py.
2026-09-20 06:46:01,834 [WARNING] leadlag.core.market_calendar: No static holiday table for year 2019. Install jpholiday or update market_calendar.py.
2026-09-20 06:46:01,834 [WARNING] leadlag.core.market_calendar: No static holiday table for year 2019. Install jpholiday or update market_calendar.py.
2026-09-20 06:46:01,834 [WARNING] leadlag.core.market_calendar: No static holiday table for year 2019. Install jpholiday or update market_calendar.py.
2026-09-20 06:46:01,834 [WARNING] leadlag.core.market_calendar: No static holiday table for year 2019. Install jpholiday or update market_calendar.py.
2026-09-20 06:46:01,834 [WARNING] leadlag.core.market_calendar: No static holiday table for year 2019. Install jpholiday or update market_calendar.py.
2026-09-20 06:46:01,834 [WARNING] leadlag.core.market_calendar: No static holiday table for year 2019. Install jpholiday or update market_calendar.py.
2026-09-20 06:46:01,834 [WARNING] leadlag.core.market_calendar: No static holiday table for year 2019. Install jpholiday or update market_calendar.py.
2026-09-20 06:46:01,835 [WARNING] leadlag.core.market_calendar: No static holiday table for year 2019. Install jpholiday or update market_calendar.py.
2026-09-20 06:46:01,835 [WARNING] leadlag.core.market_calendar: No static holiday table for year 2019. Install jpholiday or update market_calendar.py.
2026-09-20 06:46:01,835 [WARNING] leadlag.core.market_calendar: No static holiday table for year 2019. Install jpholiday or update market_calendar.py.
2026-09-20 06:46:01,835 [WARNING] leadlag.core.market_calendar: No static holiday table for year 2019. Install jpholiday or update market_calendar.py.
2026-09-20 06:46:01,835 [WARNING] leadlag.core.market_calendar: No static holiday table for year 2019. Install jpholiday or update market_calendar.py.
2026-09-20 06:46:01,835 [WARNING] leadlag.core.market_calendar: No static holiday table for year 2019. Install jpholiday or update market_calendar.py.
2026-09-20 06:46:01,835 [WARNING] leadlag.core.market_calendar: No static holiday table for year 2019. Install jpholiday or update market_calendar.py.
2026-09-20 06:46:01,836 [WARNING] leadlag.core.market_calendar: No static holiday table for year 2019. Install jpholiday or update market_calendar.py.
2026-09-20 06:46:01,836 [WARNING] leadlag.core.market_calendar: No static holiday table for year 2019. Install jpholiday or update market_calendar.py.
2026-09-20 06:46:01,836 [WARNING] leadlag.core.market_calendar: No static holiday table for year 2019. Install jpholiday or update market_calendar.py.
2026-09-20 06:46:01,836 [WARNING] leadlag.core.market_calendar: No static holiday table for year 2019. Install jpholiday or update market_calendar.py.
2026-09-20 06:46:01,836 [WARNING] leadlag.core.market_calendar: No static holiday table for year 2019. Install jpholiday or update market_calendar.py.
2026-09-20 06:46:01,836 [WARNING] leadlag.core.market_calendar: No static holiday table for year 2019. Install jpholiday or update market_calendar.py.
2026-09-20 06:46:01,836 [WARNING] leadlag.core.market_calendar: No static holiday table for year 2019. Install jpholiday or update market_calendar.py.
2026-09-20 06:46:01,836 [WARNING] leadlag.core.market_calendar: No static holiday table for year 2019. Install jpholiday or update market_calendar.py.
2026-09-20 06:46:01,837 [WARNING] leadlag.core.market_calendar: No static holiday table for year 2019. Install jpholiday or update market_calendar.py.
2026-09-20 06:46:01,837 [WARNING] leadlag.core.market_calendar: No static holiday table for year 2019. Install jpholiday or update market_calendar.py.
2026-09-20 06:46:01,837 [WARNING] leadlag.core.market_calendar: No static holiday table for year 2019. Install jpholiday or update market_calendar.py.
2026-09-20 06:46:01,837 [WARNING] leadlag.core.market_calendar: No static holiday table for year 2019. Install jpholiday or update market_calendar.py.
2026-09-20 06:46:01,837 [WARNING] leadlag.core.market_calendar: No static holiday table for year 2019. Install jpholiday or update market_calendar.py.
2026-09-20 06:46:01,837 [WARNING] leadlag.core.market_calendar: No static holiday table for year 2019. Install jpholiday or update market_calendar.py.
2026-09-20 06:46:01,837 [WARNING] leadlag.core.market_calendar: No static holiday table for year 2019. Install jpholiday or update market_calendar.py.
2026-09-20 06:46:01,838 [WARNING] leadlag.core.market_calendar: No static holiday table for year 2019. Install jpholiday or update market_calendar.py.
2026-09-20 06:46:01,838 [WARNING] leadlag.core.market_calendar: No static holiday table for year 2019. Install jpholiday or update market_calendar.py.
2026-09-20 06:46:01,838 [WARNING] leadlag.core.market_calendar: No static holiday table for year 2019. Install jpholiday or update market_calendar.py.
2026-09-20 06:46:01,838 [WARNING] leadlag.core.market_calendar: No static holiday table for year 2019. Install jpholiday or update market_calendar.py.
2026-09-20 06:46:01,838 [WARNING] leadlag.core.market_calendar: No static holiday table for year 2019. Install jpholiday or update market_calendar.py.
2026-09-20 06:46:01,838 [WARNING] leadlag.core.market_calendar: No static holiday table for year 2019. Install jpholiday or update market_calendar.py.
2026-09-20 06:46:01,838 [WARNING] leadlag.core.market_calendar: No static holiday table for year 2019. Install jpholiday or update market_calendar.py.
2026-09-20 06:46:01,839 [WARNING] leadlag.core.market_calendar: No static holiday table for year 2019. Install jpholiday or update market_calendar.py.
2026-09-20 06:46:01,839 [WARNING] leadlag.core.market_calendar: No static holiday table for year 2019. Install jpholiday or update market_calendar.py.
2026-09-20 06:46:01,839 [WARNING] leadlag.core.market_calendar: No static holiday table for year 2019. Install jpholiday or update market_calendar.py.
2026-09-20 06:46:01,839 [WARNING] leadlag.core.market_calendar: No static holiday table for year 2019. Install jpholiday or update market_calendar.py.
2026-09-20 06:46:01,839 [WARNING] leadlag.core.market_calendar: No static holiday table for year 2019. Install jpholiday or update market_calendar.py.
2026-09-20 06:46:01,839 [WARNING] leadlag.core.market_calendar: No static holiday table for year 2019. Install jpholiday or update market_calendar.py.
2026-09-20 06:46:01,839 [WARNING] leadlag.core.market_calendar: No static holiday table for year 2019. Install jpholiday or update market_calendar.py.
2026-09-20 06:46:01,839 [WARNING] leadlag.core.market_calendar: No static holiday table for year 2019. Install jpholiday or update market_calendar.py.
2026-09-20 06:46:01,840 [WARNING] leadlag.core.market_calendar: No static holiday table for year 2019. Install jpholiday or update market_calendar.py.
2026-09-20 06:46:01,840 [WARNING] leadlag.core.market_calendar: No static holiday table for year 2019. Install jpholiday or update market_calendar.py.
2026-09-20 06:46:01,840 [WARNING] leadlag.core.market_calendar: No static holiday table for year 2019. Install jpholiday or update market_calendar.py.
2026-09-20 06:46:01,840 [WARNING] leadlag.core.market_calendar: No static holiday table for year 2019. Install jpholiday or update market_calendar.py.
2026-09-20 06:46:01,840 [WARNING] leadlag.core.market_calendar: No static holiday table for year 2019. Install jpholiday or update market_calendar.py.
2026-09-20 06:46:01,840 [WARNING] leadlag.core.market_calendar: No static holiday table for year 2019. Install jpholiday or update market_calendar.py.
2026-09-20 06:46:01,840 [WARNING] leadlag.core.market_calendar: No static holiday table for year 2019. Install jpholiday or update market_calendar.py.
2026-09-20 06:46:01,841 [WARNING] leadlag.core.market_calendar: No static holiday table for year 2019. Install jpholiday or update market_calendar.py.
2026-09-20 06:46:01,841 [WARNING] leadlag.core.market_calendar: No static holiday table for year 2019. Install jpholiday or update market_calendar.py.
2026-09-20 06:46:01,841 [WARNING] leadlag.core.market_calendar: No static holiday table for year 2019. Install jpholiday or update market_calendar.py.
2026-09-20 06:46:01,841 [WARNING] leadlag.core.market_calendar: No static holiday table for year 2019. Install jpholiday or update market_calendar.py.
2026-09-20 06:46:01,841 [WARNING] leadlag.core.market_calendar: No static holiday table for year 2019. Install jpholiday or update market_calendar.py.
2026-09-20 06:46:01,841 [WARNING] leadlag.core.market_calendar: No static holiday table for year 2019. Install jpholiday or update market_calendar.py.
2026-09-20 06:46:01,841 [WARNING] leadlag.core.market_calendar: No static holiday table for year 2019. Install jpholiday or update market_calendar.py.
2026-09-20 06:46:01,842 [WARNING] leadlag.core.market_calendar: No static holiday table for year 2019. Install jpholiday or update market_calendar.py.
2026-09-20 06:46:01,842 [WARNING] leadlag.core.market_calendar: No static holiday table for year 2019. Install jpholiday or update market_calendar.py.
2026-09-20 06:46:01,842 [WARNING] leadlag.core.market_calendar: No static holiday table for year 2019. Install jpholiday or update market_calendar.py.
2026-09-20 06:46:01,842 [WARNING] leadlag.core.market_calendar: No static holiday table for year 2019. Install jpholiday or update market_calendar.py.
2026-09-20 06:46:01,842 [WARNING] leadlag.core.market_calendar: No static holiday table for year 2019. Install jpholiday or update market_calendar.py.
2026-09-20 06:46:01,842 [WARNING] leadlag.core.market_calendar: No static holiday table for year 2019. Install jpholiday or update market_calendar.py.
2026-09-20 06:46:01,843 [WARNING] leadlag.core.market_calendar: No static holiday table for year 2019. Install jpholiday or update market_calendar.py.
2026-09-20 06:46:01,843 [WARNING] leadlag.core.market_calendar: No static holiday table for year 2019. Install jpholiday or update market_calendar.py.
2026-09-20 06:46:01,843 [WARNING] leadlag.core.market_calendar: No static holiday table for year 2019. Install jpholiday or update market_calendar.py.
2026-09-20 06:46:01,843 [WARNING] leadlag.core.market_calendar: No static holiday table for year 2019. Install jpholiday or update market_calendar.py.
2026-09-20 06:46:01,843 [WARNING] leadlag.core.market_calendar: No static holiday table for year 2019. Install jpholiday or update market_calendar.py.
2026-09-20 06:46:01,843 [WARNING] leadlag.core.market_calendar: No static holiday table for year 2019. Install jpholiday or update market_calendar.py.
2026-09-20 06:46:01,844 [WARNING] leadlag.core.market_calendar: No static holiday table for year 2019. Install jpholiday or update market_calendar.py.
2026-09-20 06:46:01,844 [WARNING] leadlag.core.market_calendar: No static holiday table for year 2019. Install jpholiday or update market_calendar.py.
2026-09-20 06:46:01,844 [WARNING] leadlag.core.market_calendar: No static holiday table for year 2019. Install jpholiday or update market_calendar.py.
2026-09-20 06:46:01,844 [WARNING] leadlag.core.market_calendar: No static holiday table for year 2019. Install jpholiday or update market_calendar.py.
2026-09-20 06:46:01,844 [WARNING] leadlag.core.market_calendar: No static holiday table for year 2019. Install jpholiday or update market_calendar.py.
2026-09-20 06:46:01,844 [WARNING] leadlag.core.market_calendar: No static holiday table for year 2019. Install jpholiday or update market_calendar.py.
2026-09-20 06:46:01,844 [WARNING] leadlag.core.market_calendar: No static holiday table for year 2019. Install jpholiday or update market_calendar.py.
2026-09-20 06:46:01,845 [WARNING] leadlag.core.market_calendar: No static holiday table for year 2019. Install jpholiday or update market_calendar.py.
2026-09-20 06:46:01,845 [WARNING] leadlag.core.market_calendar: No static holiday table for year 2019. Install jpholiday or update market_calendar.py.
2026-09-20 06:46:01,845 [WARNING] leadlag.core.market_calendar: No static holiday table for year 2019. Install jpholiday or update market_calendar.py.
2026-09-20 06:46:01,845 [WARNING] leadlag.core.market_calendar: No static holiday table for year 2019. Install jpholiday or update market_calendar.py.
2026-09-20 06:46:01,845 [WARNING] leadlag.core.market_calendar: No static holiday table for year 2019. Install jpholiday or update market_calendar.py.
2026-09-20 06:46:01,845 [WARNING] leadlag.core.market_calendar: No static holiday table for year 2019. Install jpholiday or update market_calendar.py.
2026-09-20 06:46:01,845 [WARNING] leadlag.core.market_calendar: No static holiday table for year 2019. Install jpholiday or update market_calendar.py.
2026-09-20 06:46:01,846 [WARNING] leadlag.core.market_calendar: No static holiday table for year 2019. Install jpholiday or update market_calendar.py.
2026-09-20 06:46:01,846 [WARNING] leadlag.core.market_calendar: No static holiday table for year 2019. Install jpholiday or update market_calendar.py.
2026-09-20 06:46:01,846 [WARNING] leadlag.core.market_calendar: No static holiday table for year 2019. Install jpholiday or update market_calendar.py.
2026-09-20 06:46:01,846 [WARNING] leadlag.core.market_calendar: No static holiday table for year 2019. Install jpholiday or update market_calendar.py.
2026-09-20 06:46:01,846 [WARNING] leadlag.core.market_calendar: No static holiday table for year 2019. Install jpholiday or update market_calendar.py.
2026-09-20 06:46:01,846 [WARNING] leadlag.core.market_calendar: No static holiday table for year 2019. Install jpholiday or update market_calendar.py.
2026-09-20 06:46:01,846 [WARNING] leadlag.core.market_calendar: No static holiday table for year 2019. Install jpholiday or update market_calendar.py.
2026-09-20 06:46:01,846 [WARNING] leadlag.core.market_calendar: No static holiday table for year 2019. Install jpholiday or update market_calendar.py.
2026-09-20 06:46:01,847 [WARNING] leadlag.core.market_calendar: No static holiday table for year 2019. Install jpholiday or update market_calendar.py.
2026-09-20 06:46:01,847 [WARNING] leadlag.core.market_calendar: No static holiday table for year 2019. Install jpholiday or update market_calendar.py.
2026-09-20 06:46:01,847 [WARNING] leadlag.core.market_calendar: No static holiday table for year 2019. Install jpholiday or update market_calendar.py.
2026-09-20 06:46:01,847 [WARNING] leadlag.core.market_calendar: No static holiday table for year 2019. Install jpholiday or update market_calendar.py.
2026-09-20 06:46:01,847 [WARNING] leadlag.core.market_calendar: No static holiday table for year 2019. Install jpholiday or update market_calendar.py.
2026-09-20 06:46:01,847 [WARNING] leadlag.core.market_calendar: No static holiday table for year 2019. Install jpholiday or update market_calendar.py.
2026-09-20 06:46:01,848 [WARNING] leadlag.core.market_calendar: No static holiday table for year 2019. Install jpholiday or update market_calendar.py.
2026-09-20 06:46:01,848 [WARNING] leadlag.core.market_calendar: No static holiday table for year 2019. Install jpholiday or update market_calendar.py.
2026-09-20 06:46:01,848 [WARNING] leadlag.core.market_calendar: No static holiday table for year 2019. Install jpholiday or update market_calendar.py.
2026-09-20 06:46:01,848 [WARNING] leadlag.core.market_calendar: No static holiday table for year 2019. Install jpholiday or update market_calendar.py.
2026-09-20 06:46:01,848 [WARNING] leadlag.core.market_calendar: No static holiday table for year 2019. Install jpholiday or update market_calendar.py.
2026-09-20 06:46:01,848 [WARNING] leadlag.core.market_calendar: No static holiday table for year 2019. Install jpholiday or update market_calendar.py.
2026-09-20 06:46:01,849 [WARNING] leadlag.core.market_calendar: No static holiday table for year 2019. Install jpholiday or update market_calendar.py.
2026-09-20 06:46:01,849 [WARNING] leadlag.core.market_calendar: No static holiday table for year 2019. Install jpholiday or update market_calendar.py.
2026-09-20 06:46:01,849 [WARNING] leadlag.core.market_calendar: No static holiday table for year 2019. Install jpholiday or update market_calendar.py.
2026-09-20 06:46:01,849 [WARNING] leadlag.core.market_calendar: No static holiday table for year 2019. Install jpholiday or update market_calendar.py.
2026-09-20 06:46:01,849 [WARNING] leadlag.core.market_calendar: No static holiday table for year 2019. Install jpholiday or update market_calendar.py.
2026-09-20 06:46:01,850 [WARNING] leadlag.core.market_calendar: No static holiday table for year 2019. Install jpholiday or update market_calendar.py.
2026-09-20 06:46:01,850 [WARNING] leadlag.core.market_calendar: No static holiday table for year 2019. Install jpholiday or update market_calendar.py.
2026-09-20 06:46:01,850 [WARNING] leadlag.core.market_calendar: No static holiday table for year 2019. Install jpholiday or update market_calendar.py.
2026-09-20 06:46:01,850 [WARNING] leadlag.core.market_calendar: No static holiday table for year 2019. Install jpholiday or update market_calendar.py.
2026-09-20 06:46:01,850 [WARNING] leadlag.core.market_calendar: No static holiday table for year 2019. Install jpholiday or update market_calendar.py.
2026-09-20 06:46:01,851 [WARNING] leadlag.core.market_calendar: No static holiday table for year 2019. Install jpholiday or update market_calendar.py.
2026-09-20 06:46:01,851 [WARNING] leadlag.core.market_calendar: No static holiday table for year 2019. Install jpholiday or update market_calendar.py.
2026-09-20 06:46:01,851 [WARNING] leadlag.core.market_calendar: No static holiday table for year 2019. Install jpholiday or update market_calendar.py.
2026-09-20 06:46:01,851 [WARNING] leadlag.core.market_calendar: No static holiday table for year 2019. Install jpholiday or update market_calendar.py.
2026-09-20 06:46:01,851 [WARNING] leadlag.core.market_calendar: No static holiday table for year 2019. Install jpholiday or update market_calendar.py.
2026-09-20 06:46:01,851 [WARNING] leadlag.core.market_calendar: No static holiday table for year 2019. Install jpholiday or update market_calendar.py.
2026-09-20 06:46:01,852 [WARNING] leadlag.core.market_calendar: No static holiday table for year 2019. Install jpholiday or update market_calendar.py.
2026-09-20 06:46:01,852 [WARNING] leadlag.core.market_calendar: No static holiday table for year 2019. Install jpholiday or update market_calendar.py.
2026-09-20 06:46:01,852 [WARNING] leadlag.core.market_calendar: No static holiday table for year 2019. Install jpholiday or update market_calendar.py.
2026-09-20 06:46:01,852 [WARNING] leadlag.core.market_calendar: No static holiday table for year 2019. Install jpholiday or update market_calendar.py.
2026-09-20 06:46:01,852 [WARNING] leadlag.core.market_calendar: No static holiday table for year 2019. Install jpholiday or update market_calendar.py.
2026-09-20 06:46:01,852 [WARNING] leadlag.core.market_calendar: No static holiday table for year 2019. Install jpholiday or update market_calendar.py.
2026-09-20 06:46:01,852 [WARNING] leadlag.core.market_calendar: No static holiday table for year 2019. Install jpholiday or update market_calendar.py.
2026-09-20 06:46:01,853 [WARNING] leadlag.core.market_calendar: No static holiday table for year 2019. Install jpholiday or update market_calendar.py.
2026-09-20 06:46:01,853 [WARNING] leadlag.core.market_calendar: No static holiday table for year 2019. Install jpholiday or update market_calendar.py.
2026-09-20 06:46:01,853 [WARNING] leadlag.core.market_calendar: No static holiday table for year 2019. Install jpholiday or update market_calendar.py.
2026-09-20 06:46:01,853 [WARNING] leadlag.core.market_calendar: No static holiday table for year 2019. Install jpholiday or update market_calendar.py.
2026-09-20 06:46:01,853 [WARNING] leadlag.core.market_calendar: No static holiday table for year 2019. Install jpholiday or update market_calendar.py.
2026-09-20 06:46:01,853 [WARNING] leadlag.core.market_calendar: No static holiday table for year 2019. Install jpholiday or update market_calendar.py.
2026-09-20 06:46:01,854 [WARNING] leadlag.core.market_calendar: No static holiday table for year 2019. Install jpholiday or update market_calendar.py.
2026-09-20 06:46:01,854 [WARNING] leadlag.core.market_calendar: No static holiday table for year 2019. Install jpholiday or update market_calendar.py.
2026-09-20 06:46:01,854 [WARNING] leadlag.core.market_calendar: No static holiday table for year 2019. Install jpholiday or update market_calendar.py.
2026-09-20 06:46:01,854 [WARNING] leadlag.core.market_calendar: No static holiday table for year 2019. Install jpholiday or update market_calendar.py.
2026-09-20 06:46:01,854 [WARNING] leadlag.core.market_calendar: No static holiday table for year 2019. Install jpholiday or update market_calendar.py.
2026-09-20 06:46:01,854 [WARNING] leadlag.core.market_calendar: No static holiday table for year 2019. Install jpholiday or update market_calendar.py.
2026-09-20 06:46:01,854 [WARNING] leadlag.core.market_calendar: No static holiday table for year 2019. Install jpholiday or update market_calendar.py.
2026-09-20 06:46:01,855 [WARNING] leadlag.core.market_calendar: No static holiday table for year 2019. Install jpholiday or update market_calendar.py.
2026-09-20 06:46:01,855 [WARNING] leadlag.core.market_calendar: No static holiday table for year 2019. Install jpholiday or update market_calendar.py.
2026-09-20 06:46:01,855 [WARNING] leadlag.core.market_calendar: No static holiday table for year 2019. Install jpholiday or update market_calendar.py.
2026-09-20 06:46:01,855 [WARNING] leadlag.core.market_calendar: No static holiday table for year 2019. Install jpholiday or update market_calendar.py.
2026-09-20 06:46:01,855 [WARNING] leadlag.core.market_calendar: No static holiday table for year 2019. Install jpholiday or update market_calendar.py.
2026-09-20 06:46:01,855 [WARNING] leadlag.core.market_calendar: No static holiday table for year 2019. Install jpholiday or update market_calendar.py.
2026-09-20 06:46:01,855 [WARNING] leadlag.core.market_calendar: No static holiday table for year 2019. Install jpholiday or update market_calendar.py.
2026-09-20 06:46:01,855 [WARNING] leadlag.core.market_calendar: No static holiday table for year 2019. Install jpholiday or update market_calendar.py.
2026-09-20 06:46:01,856 [WARNING] leadlag.core.market_calendar: No static holiday table for year 2019. Install jpholiday or update market_calendar.py.
2026-09-20 06:46:01,856 [WARNING] leadlag.core.market_calendar: No static holiday table for year 2019. Install jpholiday or update market_calendar.py.
2026-09-20 06:46:01,856 [WARNING] leadlag.core.market_calendar: No static holiday table for year 2019. Install jpholiday or update market_calendar.py.
2026-09-20 06:46:01,856 [WARNING] leadlag.core.market_calendar: No static holiday table for year 2019. Install jpholiday or update market_calendar.py.
2026-09-20 06:46:01,856 [WARNING] leadlag.core.market_calendar: No static holiday table for year 2019. Install jpholiday or update market_calendar.py.
2026-09-20 06:46:01,856 [WARNING] leadlag.core.market_calendar: No static holiday table for year 2019. Install jpholiday or update market_calendar.py.
2026-09-20 06:46:01,856 [WARNING] leadlag.core.market_calendar: No static holiday table for year 2019. Install jpholiday or update market_calendar.py.
2026-09-20 06:46:01,857 [WARNING] leadlag.core.market_calendar: No static holiday table for year 2019. Install jpholiday or update market_calendar.py.
2026-09-20 06:46:01,857 [WARNING] leadlag.core.market_calendar: No static holiday table for year 2019. Install jpholiday or update market_calendar.py.
2026-09-20 06:46:01,857 [WARNING] leadlag.core.market_calendar: No static holiday table for year 2019. Install jpholiday or update market_calendar.py.
2026-09-20 06:46:01,857 [WARNING] leadlag.core.market_calendar: No static holiday table for year 2019. Install jpholiday or update market_calendar.py.
2026-09-20 06:46:01,857 [WARNING] leadlag.core.market_calendar: No static holiday table for year 2019. Install jpholiday or update market_calendar.py.
2026-09-20 06:46:01,857 [WARNING] leadlag.core.market_calendar: No static holiday table for year 2019. Install jpholiday or update market_calendar.py.
2026-09-20 06:46:01,857 [WARNING] leadlag.core.market_calendar: No static holiday table for year 2019. Install jpholiday or update market_calendar.py.
2026-09-20 06:46:01,858 [WARNING] leadlag.core.market_calendar: No static holiday table for year 2019. Install jpholiday or update market_calendar.py.
2026-09-20 06:46:01,858 [WARNING] leadlag.core.market_calendar: No static holiday table for year 2019. Install jpholiday or update market_calendar.py.
2026-09-20 06:46:01,858 [WARNING] leadlag.core.market_calendar: No static holiday table for year 2019. Install jpholiday or update market_calendar.py.
2026-09-20 06:46:01,858 [WARNING] leadlag.core.market_calendar: No static holiday table for year 2019. Install jpholiday or update market_calendar.py.
2026-09-20 06:46:01,858 [WARNING] leadlag.core.market_calendar: No static holiday table for year 2019. Install jpholiday or update market_calendar.py.
2026-09-20 06:46:01,858 [WARNING] leadlag.core.market_calendar: No static holiday table for year 2019. Install jpholiday or update market_calendar.py.
2026-09-20 06:46:01,858 [WARNING] leadlag.core.market_calendar: No static holiday table for year 2019. Install jpholiday or update market_calendar.py.
2026-09-20 06:46:01,858 [WARNING] leadlag.core.market_calendar: No static holiday table for year 2019. Install jpholiday or update market_calendar.py.
2026-09-20 06:46:01,859 [WARNING] leadlag.core.market_calendar: No static holiday table for year 2019. Install jpholiday or update market_calendar.py.
2026-09-20 06:46:01,859 [WARNING] leadlag.core.market_calendar: No static holiday table for year 2019. Install jpholiday or update market_calendar.py.
2026-09-20 06:46:01,859 [WARNING] leadlag.core.market_calendar: No static holiday table for year 2019. Install jpholiday or update market_calendar.py.
2026-09-20 06:46:01,859 [WARNING] leadlag.core.market_calendar: No static holiday table for year 2019. Install jpholiday or update market_calendar.py.
2026-09-20 06:46:01,859 [WARNING] leadlag.core.market_calendar: No static holiday table for year 2019. Install jpholiday or update market_calendar.py.
2026-09-20 06:46:01,859 [WARNING] leadlag.core.market_calendar: No static holiday table for year 2019. Install jpholiday or update market_calendar.py.
2026-09-20 06:46:01,859 [WARNING] leadlag.core.market_calendar: No static holiday table for year 2019. Install jpholiday or update market_calendar.py.
2026-09-20 06:46:01,860 [WARNING] leadlag.core.market_calendar: No static holiday table for year 2020. Install jpholiday or update market_calendar.py.
2026-09-20 06:46:01,860 [WARNING] leadlag.core.market_calendar: No static holiday table for year 2020. Install jpholiday or update market_calendar.py.
2026-09-20 06:46:01,860 [WARNING] leadlag.core.market_calendar: No static holiday table for year 2020. Install jpholiday or update market_calendar.py.
2026-09-20 06:46:01,860 [WARNING] leadlag.core.market_calendar: No static holiday table for year 2020. Install jpholiday or update market_calendar.py.
2026-09-20 06:46:01,860 [WARNING] leadlag.core.market_calendar: No static holiday table for year 2020. Install jpholiday or update market_calendar.py.
2026-09-20 06:46:01,860 [WARNING] leadlag.core.market_calendar: No static holiday table for year 2020. Install jpholiday or update market_calendar.py.
2026-09-20 06:46:01,860 [WARNING] leadlag.core.market_calendar: No static holiday table for year 2020. Install jpholiday or update market_calendar.py.
2026-09-20 06:46:01,861 [WARNING] leadlag.core.market_calendar: No static holiday table for year 2020. Install jpholiday or update market_calendar.py.
2026-09-20 06:46:01,861 [WARNING] leadlag.core.market_calendar: No static holiday table for year 2020. Install jpholiday or update market_calendar.py.
2026-09-20 06:46:01,861 [WARNING] leadlag.core.market_calendar: No static holiday table for year 2020. Install jpholiday or update market_calendar.py.
2026-09-20 06:46:01,861 [WARNING] leadlag.core.market_calendar: No static holiday table for year 2020. Install jpholiday or update market_calendar.py.
2026-09-20 06:46:01,861 [WARNING] leadlag.core.market_calendar: No static holiday table for year 2020. Install jpholiday or update market_calendar.py.
2026-09-20 06:46:01,861 [WARNING] leadlag.core.market_calendar: No static holiday table for year 2020. Install jpholiday or update market_calendar.py.
2026-09-20 06:46:01,862 [WARNING] leadlag.core.market_calendar: No static holiday table for year 2020. Install jpholiday or update market_calendar.py.
2026-09-20 06:46:01,862 [WARNING] leadlag.core.market_calendar: No static holiday table for year 2020. Install jpholiday or update market_calendar.py.
2026-09-20 06:46:01,862 [WARNING] leadlag.core.market_calendar: No static holiday table for year 2020. Install jpholiday or update market_calendar.py.
2026-09-20 06:46:01,862 [WARNING] leadlag.core.market_calendar: No static holiday table for year 2020. Install jpholiday or update market_calendar.py.
2026-09-20 06:46:01,862 [WARNING] leadlag.core.market_calendar: No static holiday table for year 2020. Install jpholiday or update market_calendar.py.
2026-09-20 06:46:01,862 [WARNING] leadlag.core.market_calendar: No static holiday table for year 2020. Install jpholiday or update market_calendar.py.
2026-09-20 06:46:01,863 [WARNING] leadlag.core.market_calendar: No static holiday table for year 2020. Install jpholiday or update market_calendar.py.
2026-09-20 06:46:01,863 [WARNING] leadlag.core.market_calendar: No static holiday table for year 2020. Install jpholiday or update market_calendar.py.
2026-09-20 06:46:01,863 [WARNING] leadlag.core.market_calendar: No static holiday table for year 2020. Install jpholiday or update market_calendar.py.
2026-09-20 06:46:01,863 [WARNING] leadlag.core.market_calendar: No static holiday table for year 2020. Install jpholiday or update market_calendar.py.
2026-09-20 06:46:01,863 [WARNING] leadlag.core.market_calendar: No static holiday table for year 2020. Install jpholiday or update market_calendar.py.
2026-09-20 06:46:01,863 [WARNING] leadlag.core.market_calendar: No static holiday table for year 2020. Install jpholiday or update market_calendar.py.
2026-09-20 06:46:01,863 [WARNING] leadlag.core.market_calendar: No static holiday table for year 2020. Install jpholiday or update market_calendar.py.
2026-09-20 06:46:01,863 [WARNING] leadlag.core.market_calendar: No static holiday table for year 2020. Install jpholiday or update market_calendar.py.
2026-09-20 06:46:01,864 [WARNING] leadlag.core.market_calendar: No static holiday table for year 2020. Install jpholiday or update market_calendar.py.
2026-09-20 06:46:01,864 [WARNING] leadlag.core.market_calendar: No static holiday table for year 2020. Install jpholiday or update market_calendar.py.
2026-09-20 06:46:01,864 [WARNING] leadlag.core.market_calendar: No static holiday table for year 2020. Install jpholiday or update market_calendar.py.
2026-09-20 06:46:01,864 [WARNING] leadlag.core.market_calendar: No static holiday table for year 2020. Install jpholiday or update market_calendar.py.
2026-09-20 06:46:01,864 [WARNING] leadlag.core.market_calendar: No static holiday table for year 2020. Install jpholiday or update market_calendar.py.
2026-09-20 06:46:01,864 [WARNING] leadlag.core.market_calendar: No static holiday table for year 2020. Install jpholiday or update market_calendar.py.
2026-09-20 06:46:01,864 [WARNING] leadlag.core.market_calendar: No static holiday table for year 2020. Install jpholiday or update market_calendar.py.
2026-09-20 06:46:01,864 [WARNING] leadlag.core.market_calendar: No static holiday table for year 2020. Install jpholiday or update market_calendar.py.
2026-09-20 06:46:01,865 [WARNING] leadlag.core.market_calendar: No static holiday table for year 2020. Install jpholiday or update market_calendar.py.
2026-09-20 06:46:01,865 [WARNING] leadlag.core.market_calendar: No static holiday table for year 2020. Install jpholiday or update market_calendar.py.
2026-09-20 06:46:01,865 [WARNING] leadlag.core.market_calendar: No static holiday table for year 2020. Install jpholiday or update market_calendar.py.
2026-09-20 06:46:01,865 [WARNING] leadlag.core.market_calendar: No static holiday table for year 2020. Install jpholiday or update market_calendar.py.
2026-09-20 06:46:01,865 [WARNING] leadlag.core.market_calendar: No static holiday table for year 2020. Install jpholiday or update market_calendar.py.
2026-09-20 06:46:01,865 [WARNING] leadlag.core.market_calendar: No static holiday table for year 2020. Install jpholiday or update market_calendar.py.
2026-09-20 06:46:01,866 [WARNING] leadlag.core.market_calendar: No static holiday table for year 2020. Install jpholiday or update market_calendar.py.
2026-09-20 06:46:01,866 [WARNING] leadlag.core.market_calendar: No static holiday table for year 2020. Install jpholiday or update market_calendar.py.
2026-09-20 06:46:01,866 [WARNING] leadlag.core.market_calendar: No static holiday table for year 2020. Install jpholiday or update market_calendar.py.
2026-09-20 06:46:01,866 [WARNING] leadlag.core.market_calendar: No static holiday table for year 2020. Install jpholiday or update market_calendar.py.
2026-09-20 06:46:01,866 [WARNING] leadlag.core.market_calendar: No static holiday table for year 2020. Install jpholiday or update market_calendar.py.
2026-09-20 06:46:01,867 [WARNING] leadlag.core.market_calendar: No static holiday table for year 2020. Install jpholiday or update market_calendar.py.
2026-09-20 06:46:01,867 [WARNING] leadlag.core.market_calendar: No static holiday table for year 2020. Install jpholiday or update market_calendar.py.
2026-09-20 06:46:01,867 [WARNING] leadlag.core.market_calendar: No static holiday table for year 2020. Install jpholiday or update market_calendar.py.
2026-09-20 06:46:01,867 [WARNING] leadlag.core.market_calendar: No static holiday table for year 2020. Install jpholiday or update market_calendar.py.
2026-09-20 06:46:01,867 [WARNING] leadlag.core.market_calendar: No static holiday table for year 2020. Install jpholiday or update market_calendar.py.
2026-09-20 06:46:01,867 [WARNING] leadlag.core.market_calendar: No static holiday table for year 2020. Install jpholiday or update market_calendar.py.
2026-09-20 06:46:01,868 [WARNING] leadlag.core.market_calendar: No static holiday table for year 2020. Install jpholiday or update market_calendar.py.
2026-09-20 06:46:01,868 [WARNING] leadlag.core.market_calendar: No static holiday table for year 2020. Install jpholiday or update market_calendar.py.
2026-09-20 06:46:01,868 [WARNING] leadlag.core.market_calendar: No static holiday table for year 2020. Install jpholiday or update market_calendar.py.
2026-09-20 06:46:01,868 [WARNING] leadlag.core.market_calendar: No static holiday table for year 2020. Install jpholiday or update market_calendar.py.
2026-09-20 06:46:01,868 [WARNING] leadlag.core.market_calendar: No static holiday table for year 2020. Install jpholiday or update market_calendar.py.
2026-09-20 06:46:01,868 [WARNING] leadlag.core.market_calendar: No static holiday table for year 2020. Install jpholiday or update market_calendar.py.
2026-09-20 06:46:01,869 [WARNING] leadlag.core.market_calendar: No static holiday table for year 2020. Install jpholiday or update market_calendar.py.
2026-09-20 06:46:01,869 [WARNING] leadlag.core.market_calendar: No static holiday table for year 2020. Install jpholiday or update market_calendar.py.
2026-09-20 06:46:01,869 [WARNING] leadlag.core.market_calendar: No static holiday table for year 2020. Install jpholiday or update market_calendar.py.
2026-09-20 06:46:01,869 [WARNING] leadlag.core.market_calendar: No static holiday table for year 2020. Install jpholiday or update market_calendar.py.
2026-09-20 06:46:01,869 [WARNING] leadlag.core.market_calendar: No static holiday table for year 2020. Install jpholiday or update market_calendar.py.
2026-09-20 06:46:01,869 [WARNING] leadlag.core.market_calendar: No static holiday table for year 2020. Install jpholiday or update market_calendar.py.
2026-09-20 06:46:01,869 [WARNING] leadlag.core.market_calendar: No static holiday table for year 2020. Install jpholiday or update market_calendar.py.
2026-09-20 06:46:01,870 [WARNING] leadlag.core.market_calendar: No static holiday table for year 2020. Install jpholiday or update market_calendar.py.
2026-09-20 06:46:01,870 [WARNING] leadlag.core.market_calendar: No static holiday table for year 2020. Install jpholiday or update market_calendar.py.
2026-09-20 06:46:01,870 [WARNING] leadlag.core.market_calendar: No static holiday table for year 2020. Install jpholiday or update market_calendar.py.
2026-09-20 06:46:01,870 [WARNING] leadlag.core.market_calendar: No static holiday table for year 2020. Install jpholiday or update market_calendar.py.
2026-09-20 06:46:01,870 [WARNING] leadlag.core.market_calendar: No static holiday table for year 2020. Install jpholiday or update market_calendar.py.
2026-09-20 06:46:01,870 [WARNING] leadlag.core.market_calendar: No static holiday table for year 2020. Install jpholiday or update market_calendar.py.
2026-09-20 06:46:01,870 [WARNING] leadlag.core.market_calendar: No static holiday table for year 2020. Install jpholiday or update market_calendar.py.
2026-09-20 06:46:01,871 [WARNING] leadlag.core.market_calendar: No static holiday table for year 2020. Install jpholiday or update market_calendar.py.
2026-09-20 06:46:01,871 [WARNING] leadlag.core.market_calendar: No static holiday table for year 2020. Install jpholiday or update market_calendar.py.
2026-09-20 06:46:01,871 [WARNING] leadlag.core.market_calendar: No static holiday table for year 2020. Install jpholiday or update market_calendar.py.
2026-09-20 06:46:01,871 [WARNING] leadlag.core.market_calendar: No static holiday table for year 2020. Install jpholiday or update market_calendar.py.
2026-09-20 06:46:01,871 [WARNING] leadlag.core.market_calendar: No static holiday table for year 2020. Install jpholiday or update market_calendar.py.
2026-09-20 06:46:01,871 [WARNING] leadlag.core.market_calendar: No static holiday table for year 2020. Install jpholiday or update market_calendar.py.
2026-09-20 06:46:01,871 [WARNING] leadlag.core.market_calendar: No static holiday table for year 2020. Install jpholiday or update market_calendar.py.
2026-09-20 06:46:01,872 [WARNING] leadlag.core.market_calendar: No static holiday table for year 2020. Install jpholiday or update market_calendar.py.
2026-09-20 06:46:01,872 [WARNING] leadlag.core.market_calendar: No static holiday table for year 2020. Install jpholiday or update market_calendar.py.
2026-09-20 06:46:01,872 [WARNING] leadlag.core.market_calendar: No static holiday table for year 2020. Install jpholiday or update market_calendar.py.
2026-09-20 06:46:01,872 [WARNING] leadlag.core.market_calendar: No static holiday table for year 2020. Install jpholiday or update market_calendar.py.
2026-09-20 06:46:01,872 [WARNING] leadlag.core.market_calendar: No static holiday table for year 2020. Install jpholiday or update market_calendar.py.
2026-09-20 06:46:01,872 [WARNING] leadlag.core.market_calendar: No static holiday table for year 2020. Install jpholiday or update market_calendar.py.
2026-09-20 06:46:01,872 [WARNING] leadlag.core.market_calendar: No static holiday table for year 2020. Install jpholiday or update market_calendar.py.
2026-09-20 06:46:01,872 [WARNING] leadlag.core.market_calendar: No static holiday table for year 2020. Install jpholiday or update market_calendar.py.
2026-09-20 06:46:01,873 [WARNING] leadlag.core.market_calendar: No static holiday table for year 2020. Install jpholiday or update market_calendar.py.
2026-09-20 06:46:01,873 [WARNING] leadlag.core.market_calendar: No static holiday table for year 2020. Install jpholiday or update market_calendar.py.
2026-09-20 06:46:01,873 [WARNING] leadlag.core.market_calendar: No static holiday table for year 2020. Install jpholiday or update market_calendar.py.
2026-09-20 06:46:01,873 [WARNING] leadlag.core.market_calendar: No static holiday table for year 2020. Install jpholiday or update market_calendar.py.
2026-09-20 06:46:01,873 [WARNING] leadlag.core.market_calendar: No static holiday table for year 2020. Install jpholiday or update market_calendar.py.
2026-09-20 06:46:01,873 [WARNING] leadlag.core.market_calendar: No static holiday table for year 2020. Install jpholiday or update market_calendar.py.
2026-09-20 06:46:01,873 [WARNING] leadlag.core.market_calendar: No static holiday table for year 2020. Install jpholiday or update market_calendar.py.
2026-09-20 06:46:01,873 [WARNING] leadlag.core.market_calendar: No static holiday table for year 2020. Install jpholiday or update market_calendar.py.
2026-09-20 06:46:01,874 [WARNING] leadlag.core.market_calendar: No static holiday table for year 2020. Install jpholiday or update market_calendar.py.
2026-09-20 06:46:01,874 [WARNING] leadlag.core.market_calendar: No static holiday table for year 2020. Install jpholiday or update market_calendar.py.
2026-09-20 06:46:01,874 [WARNING] leadlag.core.market_calendar: No static holiday table for year 2020. Install jpholiday or update market_calendar.py.
2026-09-20 06:46:01,874 [WARNING] leadlag.core.market_calendar: No static holiday table for year 2020. Install jpholiday or update market_calendar.py.
2026-09-20 06:46:01,874 [WARNING] leadlag.core.market_calendar: No static holiday table for year 2020. Install jpholiday or update market_calendar.py.
2026-09-20 06:46:01,874 [WARNING] leadlag.core.market_calendar: No static holiday table for year 2020. Install jpholiday or update market_calendar.py.
2026-09-20 06:46:01,874 [WARNING] leadlag.core.market_calendar: No static holiday table for year 2020. Install jpholiday or update market_calendar.py.
2026-09-20 06:46:01,874 [WARNING] leadlag.core.market_calendar: No static holiday table for year 2020. Install jpholiday or update market_calendar.py.
2026-09-20 06:46:01,875 [WARNING] leadlag.core.market_calendar: No static holiday table for year 2020. Install jpholiday or update market_calendar.py.
2026-09-20 06:46:01,875 [WARNING] leadlag.core.market_calendar: No static holiday table for year 2020. Install jpholiday or update market_calendar.py.
2026-09-20 06:46:01,875 [WARNING] leadlag.core.market_calendar: No static holiday table for year 2020. Install jpholiday or update market_calendar.py.
2026-09-20 06:46:01,875 [WARNING] leadlag.core.market_calendar: No static holiday table for year 2020. Install jpholiday or update market_calendar.py.
2026-09-20 06:46:01,875 [WARNING] leadlag.core.market_calendar: No static holiday table for year 2020. Install jpholiday or update market_calendar.py.
2026-09-20 06:46:01,875 [WARNING] leadlag.core.market_calendar: No static holiday table for year 2020. Install jpholiday or update market_calendar.py.
2026-09-20 06:46:01,875 [WARNING] leadlag.core.market_calendar: No static holiday table for year 2020. Install jpholiday or update market_calendar.py.
2026-09-20 06:46:01,876 [WARNING] leadlag.core.market_calendar: No static holiday table for year 2020. Install jpholiday or update market_calendar.py.
2026-09-20 06:46:01,876 [WARNING] leadlag.core.market_calendar: No static holiday table for year 2020. Install jpholiday or update market_calendar.py.
2026-09-20 06:46:01,876 [WARNING] leadlag.core.market_calendar: No static holiday table for year 2020. Install jpholiday or update market_calendar.py.
2026-09-20 06:46:01,876 [WARNING] leadlag.core.market_calendar: No static holiday table for year 2020. Install jpholiday or update market_calendar.py.
2026-09-20 06:46:01,876 [WARNING] leadlag.core.market_calendar: No static holiday table for year 2020. Install jpholiday or update market_calendar.py.
2026-09-20 06:46:01,876 [WARNING] leadlag.core.market_calendar: No static holiday table for year 2020. Install jpholiday or update market_calendar.py.
2026-09-20 06:46:01,876 [WARNING] leadlag.core.market_calendar: No static holiday table for year 2020. Install jpholiday or update market_calendar.py.
2026-09-20 06:46:01,876 [WARNING] leadlag.core.market_calendar: No static holiday table for year 2020. Install jpholiday or update market_calendar.py.
2026-09-20 06:46:01,877 [WARNING] leadlag.core.market_calendar: No static holiday table for year 2020. Install jpholiday or update market_calendar.py.
2026-09-20 06:46:01,877 [WARNING] leadlag.core.market_calendar: No static holiday table for year 2020. Install jpholiday or update market_calendar.py.
2026-09-20 06:46:01,877 [WARNING] leadlag.core.market_calendar: No static holiday table for year 2020. Install jpholiday or update market_calendar.py.
2026-09-20 06:46:01,877 [WARNING] leadlag.core.market_calendar: No static holiday table for year 2020. Install jpholiday or update market_calendar.py.
2026-09-20 06:46:01,877 [WARNING] leadlag.core.market_calendar: No static holiday table for year 2020. Install jpholiday or update market_calendar.py.
2026-09-20 06:46:01,877 [WARNING] leadlag.core.market_calendar: No static holiday table for year 2020. Install jpholiday or update market_calendar.py.
2026-09-20 06:46:01,877 [WARNING] leadlag.core.market_calendar: No static holiday table for year 2020. Install jpholiday or update market_calendar.py.
2026-09-20 06:46:01,878 [WARNING] leadlag.core.market_calendar: No static holiday table for year 2020. Install jpholiday or update market_calendar.py.
2026-09-20 06:46:01,878 [WARNING] leadlag.core.market_calendar: No static holiday table for year 2020. Install jpholiday or update market_calendar.py.
2026-09-20 06:46:01,878 [WARNING] leadlag.core.market_calendar: No static holiday table for year 2020. Install jpholiday or update market_calendar.py.
2026-09-20 06:46:01,878 [WARNING] leadlag.core.market_calendar: No static holiday table for year 2020. Install jpholiday or update market_calendar.py.
2026-09-20 06:46:01,878 [WARNING] leadlag.core.market_calendar: No static holiday table for year 2020. Install jpholiday or update market_calendar.py.
2026-09-20 06:46:01,878 [WARNING] leadlag.core.market_calendar: No static holiday table for year 2020. Install jpholiday or update market_calendar.py.
2026-09-20 06:46:01,878 [WARNING] leadlag.core.market_calendar: No static holiday table for year 2020. Install jpholiday or update market_calendar.py.
2026-09-20 06:46:01,879 [WARNING] leadlag.core.market_calendar: No static holiday table for year 2020. Install jpholiday or update market_calendar.py.
2026-09-20 06:46:01,879 [WARNING] leadlag.core.market_calendar: No static holiday table for year 2020. Install jpholiday or update market_calendar.py.
2026-09-20 06:46:01,879 [WARNING] leadlag.core.market_calendar: No static holiday table for year 2020. Install jpholiday or update market_calendar.py.
2026-09-20 06:46:01,879 [WARNING] leadlag.core.market_calendar: No static holiday table for year 2020. Install jpholiday or update market_calendar.py.
2026-09-20 06:46:01,879 [WARNING] leadlag.core.market_calendar: No static holiday table for year 2020. Install jpholiday or update market_calendar.py.
2026-09-20 06:46:01,879 [WARNING] leadlag.core.market_calendar: No static holiday table for year 2020. Install jpholiday or update market_calendar.py.
2026-09-20 06:46:01,879 [WARNING] leadlag.core.market_calendar: No static holiday table for year 2020. Install jpholiday or update market_calendar.py.
2026-09-20 06:46:01,879 [WARNING] leadlag.core.market_calendar: No static holiday table for year 2020. Install jpholiday or update market_calendar.py.
2026-09-20 06:46:01,880 [WARNING] leadlag.core.market_calendar: No static holiday table for year 2020. Install jpholiday or update market_calendar.py.
2026-09-20 06:46:01,880 [WARNING] leadlag.core.market_calendar: No static holiday table for year 2020. Install jpholiday or update market_calendar.py.
2026-09-20 06:46:01,880 [WARNING] leadlag.core.market_calendar: No static holiday table for year 2020. Install jpholiday or update market_calendar.py.
2026-09-20 06:46:01,880 [WARNING] leadlag.core.market_calendar: No static holiday table for year 2020. Install jpholiday or update market_calendar.py.
2026-09-20 06:46:01,880 [WARNING] leadlag.core.market_calendar: No static holiday table for year 2020. Install jpholiday or update market_calendar.py.
2026-09-20 06:46:01,880 [WARNING] leadlag.core.market_calendar: No static holiday table for year 2020. Install jpholiday or update market_calendar.py.
2026-09-20 06:46:01,880 [WARNING] leadlag.core.market_calendar: No static holiday table for year 2020. Install jpholiday or update market_calendar.py.
2026-09-20 06:46:01,881 [WARNING] leadlag.core.market_calendar: No static holiday table for year 2020. Install jpholiday or update market_calendar.py.
2026-09-20 06:46:01,881 [WARNING] leadlag.core.market_calendar: No static holiday table for year 2020. Install jpholiday or update market_calendar.py.
2026-09-20 06:46:01,881 [WARNING] leadlag.core.market_calendar: No static holiday table for year 2020. Install jpholiday or update market_calendar.py.
2026-09-20 06:46:01,881 [WARNING] leadlag.core.market_calendar: No static holiday table for year 2020. Install jpholiday or update market_calendar.py.
2026-09-20 06:46:01,881 [WARNING] leadlag.core.market_calendar: No static holiday table for year 2020. Install jpholiday or update market_calendar.py.
2026-09-20 06:46:01,881 [WARNING] leadlag.core.market_calendar: No static holiday table for year 2020. Install jpholiday or update market_calendar.py.
2026-09-20 06:46:01,881 [WARNING] leadlag.core.market_calendar: No static holiday table for year 2020. Install jpholiday or update market_calendar.py.
2026-09-20 06:46:01,881 [WARNING] leadlag.core.market_calendar: No static holiday table for year 2020. Install jpholiday or update market_calendar.py.
2026-09-20 06:46:01,882 [WARNING] leadlag.core.market_calendar: No static holiday table for year 2020. Install jpholiday or update market_calendar.py.
2026-09-20 06:46:01,882 [WARNING] leadlag.core.market_calendar: No static holiday table for year 2020. Install jpholiday or update market_calendar.py.
2026-09-20 06:46:01,882 [WARNING] leadlag.core.market_calendar: No static holiday table for year 2020. Install jpholiday or update market_calendar.py.
2026-09-20 06:46:01,882 [WARNING] leadlag.core.market_calendar: No static holiday table for year 2020. Install jpholiday or update market_calendar.py.
2026-09-20 06:46:01,882 [WARNING] leadlag.core.market_calendar: No static holiday table for year 2020. Install jpholiday or update market_calendar.py.
2026-09-20 06:46:01,882 [WARNING] leadlag.core.market_calendar: No static holiday table for year 2020. Install jpholiday or update market_calendar.py.
2026-09-20 06:46:01,883 [WARNING] leadlag.core.market_calendar: No static holiday table for year 2020. Install jpholiday or update market_calendar.py.
2026-09-20 06:46:01,883 [WARNING] leadlag.core.market_calendar: No static holiday table for year 2020. Install jpholiday or update market_calendar.py.
2026-09-20 06:46:01,883 [WARNING] leadlag.core.market_calendar: No static holiday table for year 2020. Install jpholiday or update market_calendar.py.
2026-09-20 06:46:01,883 [WARNING] leadlag.core.market_calendar: No static holiday table for year 2020. Install jpholiday or update market_calendar.py.
2026-09-20 06:46:01,883 [WARNING] leadlag.core.market_calendar: No static holiday table for year 2020. Install jpholiday or update market_calendar.py.
2026-09-20 06:46:01,884 [WARNING] leadlag.core.market_calendar: No static holiday table for year 2020. Install jpholiday or update market_calendar.py.
2026-09-20 06:46:01,884 [WARNING] leadlag.core.market_calendar: No static holiday table for year 2020. Install jpholiday or update market_calendar.py.
2026-09-20 06:46:01,884 [WARNING] leadlag.core.market_calendar: No static holiday table for year 2020. Install jpholiday or update market_calendar.py.
2026-09-20 06:46:01,884 [WARNING] leadlag.core.market_calendar: No static holiday table for year 2020. Install jpholiday or update market_calendar.py.
2026-09-20 06:46:01,884 [WARNING] leadlag.core.market_calendar: No static holiday table for year 2020. Install jpholiday or update market_calendar.py.
2026-09-20 06:46:01,885 [WARNING] leadlag.core.market_calendar: No static holiday table for year 2020. Install jpholiday or update market_calendar.py.
2026-09-20 06:46:01,885 [WARNING] leadlag.core.market_calendar: No static holiday table for year 2020. Install jpholiday or update market_calendar.py.
2026-09-20 06:46:01,885 [WARNING] leadlag.core.market_calendar: No static holiday table for year 2020. Install jpholiday or update market_calendar.py.
2026-09-20 06:46:01,885 [WARNING] leadlag.core.market_calendar: No static holiday table for year 2020. Install jpholiday or update market_calendar.py.
2026-09-20 06:46:01,885 [WARNING] leadlag.core.market_calendar: No static holiday table for year 2020. Install jpholiday or update market_calendar.py.
2026-09-20 06:46:01,886 [WARNING] leadlag.core.market_calendar: No static holiday table for year 2020. Install jpholiday or update market_calendar.py.
2026-09-20 06:46:01,886 [WARNING] leadlag.core.market_calendar: No static holiday table for year 2020. Install jpholiday or update market_calendar.py.
2026-09-20 06:46:01,886 [WARNING] leadlag.core.market_calendar: No static holiday table for year 2020. Install jpholiday or update market_calendar.py.
2026-09-20 06:46:01,886 [WARNING] leadlag.core.market_calendar: No static holiday table for year 2020. Install jpholiday or update market_calendar.py.
2026-09-20 06:46:01,886 [WARNING] leadlag.core.market_calendar: No static holiday table for year 2020. Install jpholiday or update market_calendar.py.
2026-09-20 06:46:01,887 [WARNING] leadlag.core.market_calendar: No static holiday table for year 2020. Install jpholiday or update market_calendar.py.
2026-09-20 06:46:01,887 [WARNING] leadlag.core.market_calendar: No static holiday table for year 2020. Install jpholiday or update market_calendar.py.
2026-09-20 06:46:01,887 [WARNING] leadlag.core.market_calendar: No static holiday table for year 2020. Install jpholiday or update market_calendar.py.
2026-09-20 06:46:01,887 [WARNING] leadlag.core.market_calendar: No static holiday table for year 2020. Install jpholiday or update market_calendar.py.
2026-09-20 06:46:01,887 [WARNING] leadlag.core.market_calendar: No static holiday table for year 2020. Install jpholiday or update market_calendar.py.
2026-09-20 06:46:01,887 [WARNING] leadlag.core.market_calendar: No static holiday table for year 2020. Install jpholiday or update market_calendar.py.
2026-09-20 06:46:01,887 [WARNING] leadlag.core.market_calendar: No static holiday table for year 2020. Install jpholiday or update market_calendar.py.
2026-09-20 06:46:01,887 [WARNING] leadlag.core.market_calendar: No static holiday table for year 2020. Install jpholiday or update market_calendar.py.
2026-09-20 06:46:01,888 [WARNING] leadlag.core.market_calendar: No static holiday table for year 2020. Install jpholiday or update market_calendar.py.
2026-09-20 06:46:01,888 [WARNING] leadlag.core.market_calendar: No static holiday table for year 2020. Install jpholiday or update market_calendar.py.
2026-09-20 06:46:01,888 [WARNING] leadlag.core.market_calendar: No static holiday table for year 2020. Install jpholiday or update market_calendar.py.
2026-09-20 06:46:01,888 [WARNING] leadlag.core.market_calendar: No static holiday table for year 2020. Install jpholiday or update market_calendar.py.
2026-09-20 06:46:01,888 [WARNING] leadlag.core.market_calendar: No static holiday table for year 2020. Install jpholiday or update market_calendar.py.
2026-09-20 06:46:01,888 [WARNING] leadlag.core.market_calendar: No static holiday table for year 2020. Install jpholiday or update market_calendar.py.
2026-09-20 06:46:01,888 [WARNING] leadlag.core.market_calendar: No static holiday table for year 2020. Install jpholiday or update market_calendar.py.
2026-09-20 06:46:01,889 [WARNING] leadlag.core.market_calendar: No static holiday table for year 2020. Install jpholiday or update market_calendar.py.
2026-09-20 06:46:01,889 [WARNING] leadlag.core.market_calendar: No static holiday table for year 2020. Install jpholiday or update market_calendar.py.
2026-09-20 06:46:01,889 [WARNING] leadlag.core.market_calendar: No static holiday table for year 2020. Install jpholiday or update market_calendar.py.
2026-09-20 06:46:01,889 [WARNING] leadlag.core.market_calendar: No static holiday table for year 2020. Install jpholiday or update market_calendar.py.
2026-09-20 06:46:01,889 [WARNING] leadlag.core.market_calendar: No static holiday table for year 2020. Install jpholiday or update market_calendar.py.
2026-09-20 06:46:01,889 [WARNING] leadlag.core.market_calendar: No static holiday table for year 2020. Install jpholiday or update market_calendar.py.
2026-09-20 06:46:01,889 [WARNING] leadlag.core.market_calendar: No static holiday table for year 2020. Install jpholiday or update market_calendar.py.
2026-09-20 06:46:01,890 [WARNING] leadlag.core.market_calendar: No static holiday table for year 2020. Install jpholiday or update market_calendar.py.
2026-09-20 06:46:01,890 [WARNING] leadlag.core.market_calendar: No static holiday table for year 2020. Install jpholiday or update market_calendar.py.
2026-09-20 06:46:01,890 [WARNING] leadlag.core.market_calendar: No static holiday table for year 2020. Install jpholiday or update market_calendar.py.
2026-09-20 06:46:01,890 [WARNING] leadlag.core.market_calendar: No static holiday table for year 2020. Install jpholiday or update market_calendar.py.
2026-09-20 06:46:01,890 [WARNING] leadlag.core.market_calendar: No static holiday table for year 2020. Install jpholiday or update market_calendar.py.
2026-09-20 06:46:01,890 [WARNING] leadlag.core.market_calendar: No static holiday table for year 2020. Install jpholiday or update market_calendar.py.
2026-09-20 06:46:01,890 [WARNING] leadlag.core.market_calendar: No static holiday table for year 2020. Install jpholiday or update market_calendar.py.
2026-09-20 06:46:01,890 [WARNING] leadlag.core.market_calendar: No static holiday table for year 2020. Install jpholiday or update market_calendar.py.
2026-09-20 06:46:01,891 [WARNING] leadlag.core.market_calendar: No static holiday table for year 2020. Install jpholiday or update market_calendar.py.
2026-09-20 06:46:01,891 [WARNING] leadlag.core.market_calendar: No static holiday table for year 2020. Install jpholiday or update market_calendar.py.
2026-09-20 06:46:01,891 [WARNING] leadlag.core.market_calendar: No static holiday table for year 2020. Install jpholiday or update market_calendar.py.
2026-09-20 06:46:01,891 [WARNING] leadlag.core.market_calendar: No static holiday table for year 2020. Install jpholiday or update market_calendar.py.
2026-09-20 06:46:01,891 [WARNING] leadlag.core.market_calendar: No static holiday table for year 2020. Install jpholiday or update market_calendar.py.
2026-09-20 06:46:01,891 [WARNING] leadlag.core.market_calendar: No static holiday table for year 2020. Install jpholiday or update market_calendar.py.
2026-09-20 06:46:01,891 [WARNING] leadlag.core.market_calendar: No static holiday table for year 2020. Install jpholiday or update market_calendar.py.
2026-09-20 06:46:01,892 [WARNING] leadlag.core.market_calendar: No static holiday table for year 2020. Install jpholiday or update market_calendar.py.
2026-09-20 06:46:01,892 [WARNING] leadlag.core.market_calendar: No static holiday table for year 2020. Install jpholiday or update market_calendar.py.
2026-09-20 06:46:01,892 [WARNING] leadlag.core.market_calendar: No static holiday table for year 2020. Install jpholiday or update market_calendar.py.
2026-09-20 06:46:01,892 [WARNING] leadlag.core.market_calendar: No static holiday table for year 2020. Install jpholiday or update market_calendar.py.
2026-09-20 06:46:01,892 [WARNING] leadlag.core.market_calendar: No static holiday table for year 2020. Install jpholiday or update market_calendar.py.
2026-09-20 06:46:01,892 [WARNING] leadlag.core.market_calendar: No static holiday table for year 2020. Install jpholiday or update market_calendar.py.
2026-09-20 06:46:01,892 [WARNING] leadlag.core.market_calendar: No static holiday table for year 2020. Install jpholiday or update market_calendar.py.
2026-09-20 06:46:01,893 [WARNING] leadlag.core.market_calendar: No static holiday table for year 2020. Install jpholiday or update market_calendar.py.
2026-09-20 06:46:01,893 [WARNING] leadlag.core.market_calendar: No static holiday table for year 2020. Install jpholiday or update market_calendar.py.
2026-09-20 06:46:01,893 [WARNING] leadlag.core.market_calendar: No static holiday table for year 2020. Install jpholiday or update market_calendar.py.
2026-09-20 06:46:01,893 [WARNING] leadlag.core.market_calendar: No static holiday table for year 2020. Install jpholiday or update market_calendar.py.
2026-09-20 06:46:01,893 [WARNING] leadlag.core.market_calendar: No static holiday table for year 2020. Install jpholiday or update market_calendar.py.
2026-09-20 06:46:01,893 [WARNING] leadlag.core.market_calendar: No static holiday table for year 2020. Install jpholiday or update market_calendar.py.
2026-09-20 06:46:01,893 [WARNING] leadlag.core.market_calendar: No static holiday table for year 2020. Install jpholiday or update market_calendar.py.
2026-09-20 06:46:01,893 [WARNING] leadlag.core.market_calendar: No static holiday table for year 2020. Install jpholiday or update market_calendar.py.
2026-09-20 06:46:01,894 [WARNING] leadlag.core.market_calendar: No static holiday table for year 2020. Install jpholiday or update market_calendar.py.
2026-09-20 06:46:01,894 [WARNING] leadlag.core.market_calendar: No static holiday table for year 2020. Install jpholiday or update market_calendar.py.
2026-09-20 06:46:01,894 [WARNING] leadlag.core.market_calendar: No static holiday table for year 2020. Install jpholiday or update market_calendar.py.
2026-09-20 06:46:01,894 [WARNING] leadlag.core.market_calendar: No static holiday table for year 2020. Install jpholiday or update market_calendar.py.
2026-09-20 06:46:01,894 [WARNING] leadlag.core.market_calendar: No static holiday table for year 2020. Install jpholiday or update market_calendar.py.
2026-09-20 06:46:01,894 [WARNING] leadlag.core.market_calendar: No static holiday table for year 2020. Install jpholiday or update market_calendar.py.
2026-09-20 06:46:01,894 [WARNING] leadlag.core.market_calendar: No static holiday table for year 2020. Install jpholiday or update market_calendar.py.
2026-09-20 06:46:01,895 [WARNING] leadlag.core.market_calendar: No static holiday table for year 2020. Install jpholiday or update market_calendar.py.
2026-09-20 06:46:01,895 [WARNING] leadlag.core.market_calendar: No static holiday table for year 2020. Install jpholiday or update market_calendar.py.
2026-09-20 06:46:01,895 [WARNING] leadlag.core.market_calendar: No static holiday table for year 2021. Install jpholiday or update market_calendar.py.
2026-09-20 06:46:01,895 [WARNING] leadlag.core.market_calendar: No static holiday table for year 2021. Install jpholiday or update market_calendar.py.
2026-09-20 06:46:01,895 [WARNING] leadlag.core.market_calendar: No static holiday table for year 2021. Install jpholiday or update market_calendar.py.
2026-09-20 06:46:01,895 [WARNING] leadlag.core.market_calendar: No static holiday table for year 2021. Install jpholiday or update market_calendar.py.
2026-09-20 06:46:01,896 [WARNING] leadlag.core.market_calendar: No static holiday table for year 2021. Install jpholiday or update market_calendar.py.
2026-09-20 06:46:01,896 [WARNING] leadlag.core.market_calendar: No static holiday table for year 2021. Install jpholiday or update market_calendar.py.
2026-09-20 06:46:01,896 [WARNING] leadlag.core.market_calendar: No static holiday table for year 2021. Install jpholiday or update market_calendar.py.
2026-09-20 06:46:01,896 [WARNING] leadlag.core.market_calendar: No static holiday table for year 2021. Install jpholiday or update market_calendar.py.
2026-09-20 06:46:01,896 [WARNING] leadlag.core.market_calendar: No static holiday table for year 2021. Install jpholiday or update market_calendar.py.
2026-09-20 06:46:01,896 [WARNING] leadlag.core.market_calendar: No static holiday table for year 2021. Install jpholiday or update market_calendar.py.
2026-09-20 06:46:01,896 [WARNING] leadlag.core.market_calendar: No static holiday table for year 2021. Install jpholiday or update market_calendar.py.
2026-09-20 06:46:01,897 [WARNING] leadlag.core.market_calendar: No static holiday table for year 2021. Install jpholiday or update market_calendar.py.
2026-09-20 06:46:01,897 [WARNING] leadlag.core.market_calendar: No static holiday table for year 2021. Install jpholiday or update market_calendar.py.
2026-09-20 06:46:01,897 [WARNING] leadlag.core.market_calendar: No static holiday table for year 2021. Install jpholiday or update market_calendar.py.
2026-09-20 06:46:01,897 [WARNING] leadlag.core.market_calendar: No static holiday table for year 2021. Install jpholiday or update market_calendar.py.
2026-09-20 06:46:01,897 [WARNING] leadlag.core.market_calendar: No static holiday table for year 2021. Install jpholiday or update market_calendar.py.
2026-09-20 06:46:01,897 [WARNING] leadlag.core.market_calendar: No static holiday table for year 2021. Install jpholiday or update market_calendar.py.
2026-09-20 06:46:01,898 [WARNING] leadlag.core.market_calendar: No static holiday table for year 2021. Install jpholiday or update market_calendar.py.
2026-09-20 06:46:01,898 [WARNING] leadlag.core.market_calendar: No static holiday table for year 2021. Install jpholiday or update market_calendar.py.
2026-09-20 06:46:01,898 [WARNING] leadlag.core.market_calendar: No static holiday table for year 2021. Install jpholiday or update market_calendar.py.
2026-09-20 06:46:01,898 [WARNING] leadlag.core.market_calendar: No static holiday table for year 2021. Install jpholiday or update market_calendar.py.
2026-09-20 06:46:01,898 [WARNING] leadlag.core.market_calendar: No static holiday table for year 2021. Install jpholiday or update market_calendar.py.
2026-09-20 06:46:01,898 [WARNING] leadlag.core.market_calendar: No static holiday table for year 2021. Install jpholiday or update market_calendar.py.
2026-09-20 06:46:01,898 [WARNING] leadlag.core.market_calendar: No static holiday table for year 2021. Install jpholiday or update market_calendar.py.
2026-09-20 06:46:01,899 [WARNING] leadlag.core.market_calendar: No static holiday table for year 2021. Install jpholiday or update market_calendar.py.
2026-09-20 06:46:01,899 [WARNING] leadlag.core.market_calendar: No static holiday table for year 2021. Install jpholiday or update market_calendar.py.
2026-09-20 06:46:01,899 [WARNING] leadlag.core.market_calendar: No static holiday table for year 2021. Install jpholiday or update market_calendar.py.
2026-09-20 06:46:01,899 [WARNING] leadlag.core.market_calendar: No static holiday table for year 2021. Install jpholiday or update market_calendar.py.
2026-09-20 06:46:01,899 [WARNING] leadlag.core.market_calendar: No static holiday table for year 2021. Install jpholiday or update market_calendar.py.
2026-09-20 06:46:01,899 [WARNING] leadlag.core.market_calendar: No static holiday table for year 2021. Install jpholiday or update market_calendar.py.
2026-09-20 06:46:01,899 [WARNING] leadlag.core.market_calendar: No static holiday table for year 2021. Install jpholiday or update market_calendar.py.
2026-09-20 06:46:01,900 [WARNING] leadlag.core.market_calendar: No static holiday table for year 2021. Install jpholiday or update market_calendar.py.
2026-09-20 06:46:01,900 [WARNING] leadlag.core.market_calendar: No static holiday table for year 2021. Install jpholiday or update market_calendar.py.
2026-09-20 06:46:01,900 [WARNING] leadlag.core.market_calendar: No static holiday table for year 2021. Install jpholiday or update market_calendar.py.
2026-09-20 06:46:01,900 [WARNING] leadlag.core.market_calendar: No static holiday table for year 2021. Install jpholiday or update market_calendar.py.
2026-09-20 06:46:01,900 [WARNING] leadlag.core.market_calendar: No static holiday table for year 2021. Install jpholiday or update market_calendar.py.
2026-09-20 06:46:01,900 [WARNING] leadlag.core.market_calendar: No static holiday table for year 2021. Install jpholiday or update market_calendar.py.
2026-09-20 06:46:01,900 [WARNING] leadlag.core.market_calendar: No static holiday table for year 2021. Install jpholiday or update market_calendar.py.
2026-09-20 06:46:01,901 [WARNING] leadlag.core.market_calendar: No static holiday table for year 2021. Install jpholiday or update market_calendar.py.
2026-09-20 06:46:01,901 [WARNING] leadlag.core.market_calendar: No static holiday table for year 2021. Install jpholiday or update market_calendar.py.
2026-09-20 06:46:01,901 [WARNING] leadlag.core.market_calendar: No static holiday table for year 2021. Install jpholiday or update market_calendar.py.
2026-09-20 06:46:01,901 [WARNING] leadlag.core.market_calendar: No static holiday table for year 2021. Install jpholiday or update market_calendar.py.
2026-09-20 06:46:01,901 [WARNING] leadlag.core.market_calendar: No static holiday table for year 2021. Install jpholiday or update market_calendar.py.
2026-09-20 06:46:01,901 [WARNING] leadlag.core.market_calendar: No static holiday table for year 2021. Install jpholiday or update market_calendar.py.
2026-09-20 06:46:01,902 [WARNING] leadlag.core.market_calendar: No static holiday table for year 2021. Install jpholiday or update market_calendar.py.
2026-09-20 06:46:01,902 [WARNING] leadlag.core.market_calendar: No static holiday table for year 2021. Install jpholiday or update market_calendar.py.
2026-09-20 06:46:01,902 [WARNING] leadlag.core.market_calendar: No static holiday table for year 2021. Install jpholiday or update market_calendar.py.
2026-09-20 06:46:01,902 [WARNING] leadlag.core.market_calendar: No static holiday table for year 2021. Install jpholiday or update market_calendar.py.
2026-09-20 06:46:01,902 [WARNING] leadlag.core.market_calendar: No static holiday table for year 2021. Install jpholiday or update market_calendar.py.
2026-09-20 06:46:01,902 [WARNING] leadlag.core.market_calendar: No static holiday table for year 2021. Install jpholiday or update market_calendar.py.
2026-09-20 06:46:01,903 [WARNING] leadlag.core.market_calendar: No static holiday table for year 2021. Install jpholiday or update market_calendar.py.
2026-09-20 06:46:01,903 [WARNING] leadlag.core.market_calendar: No static holiday table for year 2021. Install jpholiday or update market_calendar.py.
2026-09-20 06:46:01,903 [WARNING] leadlag.core.market_calendar: No static holiday table for year 2021. Install jpholiday or update market_calendar.py.
2026-09-20 06:46:01,903 [WARNING] leadlag.core.market_calendar: No static holiday table for year 2021. Install jpholiday or update market_calendar.py.
2026-09-20 06:46:01,903 [WARNING] leadlag.core.market_calendar: No static holiday table for year 2021. Install jpholiday or update market_calendar.py.
2026-09-20 06:46:01,904 [WARNING] leadlag.core.market_calendar: No static holiday table for year 2021. Install jpholiday or update market_calendar.py.
2026-09-20 06:46:01,904 [WARNING] leadlag.core.market_calendar: No static holiday table for year 2021. Install jpholiday or update market_calendar.py.
2026-09-20 06:46:01,904 [WARNING] leadlag.core.market_calendar: No static holiday table for year 2021. Install jpholiday or update market_calendar.py.
2026-09-20 06:46:01,904 [WARNING] leadlag.core.market_calendar: No static holiday table for year 2021. Install jpholiday or update market_calendar.py.
2026-09-20 06:46:01,904 [WARNING] leadlag.core.market_calendar: No static holiday table for year 2021. Install jpholiday or update market_calendar.py.
2026-09-20 06:46:01,904 [WARNING] leadlag.core.market_calendar: No static holiday table for year 2021. Install jpholiday or update market_calendar.py.
2026-09-20 06:46:01,904 [WARNING] leadlag.core.market_calendar: No static holiday table for year 2021. Install jpholiday or update market_calendar.py.
2026-09-20 06:46:01,905 [WARNING] leadlag.core.market_calendar: No static holiday table for year 2021. Install jpholiday or update market_calendar.py.
2026-09-20 06:46:01,905 [WARNING] leadlag.core.market_calendar: No static holiday table for year 2021. Install jpholiday or update market_calendar.py.
2026-09-20 06:46:01,905 [WARNING] leadlag.core.market_calendar: No static holiday table for year 2021. Install jpholiday or update market_calendar.py.
2026-09-20 06:46:01,905 [WARNING] leadlag.core.market_calendar: No static holiday table for year 2021. Install jpholiday or update market_calendar.py.
2026-09-20 06:46:01,905 [WARNING] leadlag.core.market_calendar: No static holiday table for year 2021. Install jpholiday or update market_calendar.py.
2026-09-20 06:46:01,905 [WARNING] leadlag.core.market_calendar: No static holiday table for year 2021. Install jpholiday or update market_calendar.py.
2026-09-20 06:46:01,905 [WARNING] leadlag.core.market_calendar: No static holiday table for year 2021. Install jpholiday or update market_calendar.py.
2026-09-20 06:46:01,906 [WARNING] leadlag.core.market_calendar: No static holiday table for year 2021. Install jpholiday or update market_calendar.py.
2026-09-20 06:46:01,906 [WARNING] leadlag.core.market_calendar: No static holiday table for year 2021. Install jpholiday or update market_calendar.py.
2026-09-20 06:46:01,906 [WARNING] leadlag.core.market_calendar: No static holiday table for year 2021. Install jpholiday or update market_calendar.py.
2026-09-20 06:46:01,906 [WARNING] leadlag.core.market_calendar: No static holiday table for year 2021. Install jpholiday or update market_calendar.py.
2026-09-20 06:46:01,906 [WARNING] leadlag.core.market_calendar: No static holiday table for year 2021. Install jpholiday or update market_calendar.py.
2026-09-20 06:46:01,906 [WARNING] leadlag.core.market_calendar: No static holiday table for year 2021. Install jpholiday or update market_calendar.py.
2026-09-20 06:46:01,906 [WARNING] leadlag.core.market_calendar: No static holiday table for year 2021. Install jpholiday or update market_calendar.py.
2026-09-20 06:46:01,907 [WARNING] leadlag.core.market_calendar: No static holiday table for year 2021. Install jpholiday or update market_calendar.py.
2026-09-20 06:46:01,907 [WARNING] leadlag.core.market_calendar: No static holiday table for year 2021. Install jpholiday or update market_calendar.py.
2026-09-20 06:46:01,907 [WARNING] leadlag.core.market_calendar: No static holiday table for year 2021. Install jpholiday or update market_calendar.py.
2026-09-20 06:46:01,907 [WARNING] leadlag.core.market_calendar: No static holiday table for year 2021. Install jpholiday or update market_calendar.py.
2026-09-20 06:46:01,907 [WARNING] leadlag.core.market_calendar: No static holiday table for year 2021. Install jpholiday or update market_calendar.py.
2026-09-20 06:46:01,907 [WARNING] leadlag.core.market_calendar: No static holiday table for year 2021. Install jpholiday or update market_calendar.py.
2026-09-20 06:46:01,907 [WARNING] leadlag.core.market_calendar: No static holiday table for year 2021. Install jpholiday or update market_calendar.py.
2026-09-20 06:46:01,908 [WARNING] leadlag.core.market_calendar: No static holiday table for year 2021. Install jpholiday or update market_calendar.py.
2026-09-20 06:46:01,908 [WARNING] leadlag.core.market_calendar: No static holiday table for year 2021. Install jpholiday or update market_calendar.py.
2026-09-20 06:46:01,908 [WARNING] leadlag.core.market_calendar: No static holiday table for year 2021. Install jpholiday or update market_calendar.py.
2026-09-20 06:46:01,908 [WARNING] leadlag.core.market_calendar: No static holiday table for year 2021. Install jpholiday or update market_calendar.py.
2026-09-20 06:46:01,908 [WARNING] leadlag.core.market_calendar: No static holiday table for year 2021. Install jpholiday or update market_calendar.py.
2026-09-20 06:46:01,908 [WARNING] leadlag.core.market_calendar: No static holiday table for year 2021. Install jpholiday or update market_calendar.py.
2026-09-20 06:46:01,908 [WARNING] leadlag.core.market_calendar: No static holiday table for year 2021. Install jpholiday or update market_calendar.py.
2026-09-20 06:46:01,908 [WARNING] leadlag.core.market_calendar: No static holiday table for year 2021. Install jpholiday or update market_calendar.py.
2026-09-20 06:46:01,909 [WARNING] leadlag.core.market_calendar: No static holiday table for year 2021. Install jpholiday or update market_calendar.py.
2026-09-20 06:46:01,909 [WARNING] leadlag.core.market_calendar: No static holiday table for year 2021. Install jpholiday or update market_calendar.py.
2026-09-20 06:46:01,909 [WARNING] leadlag.core.market_calendar: No static holiday table for year 2021. Install jpholiday or update market_calendar.py.
2026-09-20 06:46:01,909 [WARNING] leadlag.core.market_calendar: No static holiday table for year 2021. Install jpholiday or update market_calendar.py.
2026-09-20 06:46:01,909 [WARNING] leadlag.core.market_calendar: No static holiday table for year 2021. Install jpholiday or update market_calendar.py.
2026-09-20 06:46:01,909 [WARNING] leadlag.core.market_calendar: No static holiday table for year 2021. Install jpholiday or update market_calendar.py.
2026-09-20 06:46:01,909 [WARNING] leadlag.core.market_calendar: No static holiday table for year 2021. Install jpholiday or update market_calendar.py.
2026-09-20 06:46:01,910 [WARNING] leadlag.core.market_calendar: No static holiday table for year 2021. Install jpholiday or update market_calendar.py.
2026-09-20 06:46:01,910 [WARNING] leadlag.core.market_calendar: No static holiday table for year 2021. Install jpholiday or update market_calendar.py.
2026-09-20 06:46:01,910 [WARNING] leadlag.core.market_calendar: No static holiday table for year 2021. Install jpholiday or update market_calendar.py.
2026-09-20 06:46:01,910 [WARNING] leadlag.core.market_calendar: No static holiday table for year 2021. Install jpholiday or update market_calendar.py.
2026-09-20 06:46:01,910 [WARNING] leadlag.core.market_calendar: No static holiday table for year 2021. Install jpholiday or update market_calendar.py.
2026-09-20 06:46:01,910 [WARNING] leadlag.core.market_calendar: No static holiday table for year 2021. Install jpholiday or update market_calendar.py.
2026-09-20 06:46:01,910 [WARNING] leadlag.core.market_calendar: No static holiday table for year 2021. Install jpholiday or update market_calendar.py.
2026-09-20 06:46:01,911 [WARNING] leadlag.core.market_calendar: No static holiday table for year 2021. Install jpholiday or update market_calendar.py.
2026-09-20 06:46:01,911 [WARNING] leadlag.core.market_calendar: No static holiday table for year 2021. Install jpholiday or update market_calendar.py.
2026-09-20 06:46:01,911 [WARNING] leadlag.core.market_calendar: No static holiday table for year 2021. Install jpholiday or update market_calendar.py.
2026-09-20 06:46:01,911 [WARNING] leadlag.core.market_calendar: No static holiday table for year 2021. Install jpholiday or update market_calendar.py.
2026-09-20 06:46:01,911 [WARNING] leadlag.core.market_calendar: No static holiday table for year 2021. Install jpholiday or update market_calendar.py.
2026-09-20 06:46:01,911 [WARNING] leadlag.core.market_calendar: No static holiday table for year 2021. Install jpholiday or update market_calendar.py.
2026-09-20 06:46:01,911 [WARNING] leadlag.core.market_calendar: No static holiday table for year 2021. Install jpholiday or update market_calendar.py.
2026-09-20 06:46:01,912 [WARNING] leadlag.core.market_calendar: No static holiday table for year 2021. Install jpholiday or update market_calendar.py.
2026-09-20 06:46:01,912 [WARNING] leadlag.core.market_calendar: No static holiday table for year 2021. Install jpholiday or update market_calendar.py.
2026-09-20 06:46:01,912 [WARNING] leadlag.core.market_calendar: No static holiday table for year 2021. Install jpholiday or update market_calendar.py.
2026-09-20 06:46:01,912 [WARNING] leadlag.core.market_calendar: No static holiday table for year 2021. Install jpholiday or update market_calendar.py.
2026-09-20 06:46:01,912 [WARNING] leadlag.core.market_calendar: No static holiday table for year 2021. Install jpholiday or update market_calendar.py.
2026-09-20 06:46:01,912 [WARNING] leadlag.core.market_calendar: No static holiday table for year 2021. Install jpholiday or update market_calendar.py.
2026-09-20 06:46:01,912 [WARNING] leadlag.core.market_calendar: No static holiday table for year 2021. Install jpholiday or update market_calendar.py.
2026-09-20 06:46:01,912 [WARNING] leadlag.core.market_calendar: No static holiday table for year 2021. Install jpholiday or update market_calendar.py.
2026-09-20 06:46:01,913 [WARNING] leadlag.core.market_calendar: No static holiday table for year 2021. Install jpholiday or update market_calendar.py.
2026-09-20 06:46:01,913 [WARNING] leadlag.core.market_calendar: No static holiday table for year 2021. Install jpholiday or update market_calendar.py.
2026-09-20 06:46:01,913 [WARNING] leadlag.core.market_calendar: No static holiday table for year 2021. Install jpholiday or update market_calendar.py.
2026-09-20 06:46:01,913 [WARNING] leadlag.core.market_calendar: No static holiday table for year 2021. Install jpholiday or update market_calendar.py.
2026-09-20 06:46:01,913 [WARNING] leadlag.core.market_calendar: No static holiday table for year 2021. Install jpholiday or update market_calendar.py.
2026-09-20 06:46:01,913 [WARNING] leadlag.core.market_calendar: No static holiday table for year 2021. Install jpholiday or update market_calendar.py.
2026-09-20 06:46:01,913 [WARNING] leadlag.core.market_calendar: No static holiday table for year 2021. Install jpholiday or update market_calendar.py.
2026-09-20 06:46:01,913 [WARNING] leadlag.core.market_calendar: No static holiday table for year 2021. Install jpholiday or update market_calendar.py.
2026-09-20 06:46:01,914 [WARNING] leadlag.core.market_calendar: No static holiday table for year 2021. Install jpholiday or update market_calendar.py.
2026-09-20 06:46:01,914 [WARNING] leadlag.core.market_calendar: No static holiday table for year 2021. Install jpholiday or update market_calendar.py.
2026-09-20 06:46:01,914 [WARNING] leadlag.core.market_calendar: No static holiday table for year 2021. Install jpholiday or update market_calendar.py.
2026-09-20 06:46:01,914 [WARNING] leadlag.core.market_calendar: No static holiday table for year 2021. Install jpholiday or update market_calendar.py.
2026-09-20 06:46:01,914 [WARNING] leadlag.core.market_calendar: No static holiday table for year 2021. Install jpholiday or update market_calendar.py.
2026-09-20 06:46:01,914 [WARNING] leadlag.core.market_calendar: No static holiday table for year 2021. Install jpholiday or update market_calendar.py.
2026-09-20 06:46:01,914 [WARNING] leadlag.core.market_calendar: No static holiday table for year 2021. Install jpholiday or update market_calendar.py.
2026-09-20 06:46:01,915 [WARNING] leadlag.core.market_calendar: No static holiday table for year 2021. Install jpholiday or update market_calendar.py.
2026-09-20 06:46:01,915 [WARNING] leadlag.core.market_calendar: No static holiday table for year 2021. Install jpholiday or update market_calendar.py.
2026-09-20 06:46:01,915 [WARNING] leadlag.core.market_calendar: No static holiday table for year 2021. Install jpholiday or update market_calendar.py.
2026-09-20 06:46:01,915 [WARNING] leadlag.core.market_calendar: No static holiday table for year 2021. Install jpholiday or update market_calendar.py.
2026-09-20 06:46:01,915 [WARNING] leadlag.core.market_calendar: No static holiday table for year 2021. Install jpholiday or update market_calendar.py.
2026-09-20 06:46:01,915 [WARNING] leadlag.core.market_calendar: No static holiday table for year 2021. Install jpholiday or update market_calendar.py.
2026-09-20 06:46:01,915 [WARNING] leadlag.core.market_calendar: No static holiday table for year 2021. Install jpholiday or update market_calendar.py.
2026-09-20 06:46:01,915 [WARNING] leadlag.core.market_calendar: No static holiday table for year 2021. Install jpholiday or update market_calendar.py.
2026-09-20 06:46:01,916 [WARNING] leadlag.core.market_calendar: No static holiday table for year 2021. Install jpholiday or update market_calendar.py.
2026-09-20 06:46:01,916 [WARNING] leadlag.core.market_calendar: No static holiday table for year 2021. Install jpholiday or update market_calendar.py.
2026-09-20 06:46:01,916 [WARNING] leadlag.core.market_calendar: No static holiday table for year 2021. Install jpholiday or update market_calendar.py.
2026-09-20 06:46:01,916 [WARNING] leadlag.core.market_calendar: No static holiday table for year 2021. Install jpholiday or update market_calendar.py.
2026-09-20 06:46:01,916 [WARNING] leadlag.core.market_calendar: No static holiday table for year 2021. Install jpholiday or update market_calendar.py.
2026-09-20 06:46:01,916 [WARNING] leadlag.core.market_calendar: No static holiday table for year 2021. Install jpholiday or update market_calendar.py.
2026-09-20 06:46:01,916 [WARNING] leadlag.core.market_calendar: No static holiday table for year 2021. Install jpholiday or update market_calendar.py.
2026-09-20 06:46:01,917 [WARNING] leadlag.core.market_calendar: No static holiday table for year 2021. Install jpholiday or update market_calendar.py.
2026-09-20 06:46:01,917 [WARNING] leadlag.core.market_calendar: No static holiday table for year 2021. Install jpholiday or update market_calendar.py.
2026-09-20 06:46:01,917 [WARNING] leadlag.core.market_calendar: No static holiday table for year 2021. Install jpholiday or update market_calendar.py.
2026-09-20 06:46:01,917 [WARNING] leadlag.core.market_calendar: No static holiday table for year 2021. Install jpholiday or update market_calendar.py.
2026-09-20 06:46:01,917 [WARNING] leadlag.core.market_calendar: No static holiday table for year 2021. Install jpholiday or update market_calendar.py.
2026-09-20 06:46:01,917 [WARNING] leadlag.core.market_calendar: No static holiday table for year 2021. Install jpholiday or update market_calendar.py.
2026-09-20 06:46:01,917 [WARNING] leadlag.core.market_calendar: No static holiday table for year 2021. Install jpholiday or update market_calendar.py.
2026-09-20 06:46:01,917 [WARNING] leadlag.core.market_calendar: No static holiday table for year 2021. Install jpholiday or update market_calendar.py.
2026-09-20 06:46:01,918 [WARNING] leadlag.core.market_calendar: No static holiday table for year 2021. Install jpholiday or update market_calendar.py.
2026-09-20 06:46:01,918 [WARNING] leadlag.core.market_calendar: No static holiday table for year 2021. Install jpholiday or update market_calendar.py.
2026-09-20 06:46:01,918 [WARNING] leadlag.core.market_calendar: No static holiday table for year 2021. Install jpholiday or update market_calendar.py.
2026-09-20 06:46:01,918 [WARNING] leadlag.core.market_calendar: No static holiday table for year 2021. Install jpholiday or update market_calendar.py.
2026-09-20 06:46:01,918 [WARNING] leadlag.core.market_calendar: No static holiday table for year 2021. Install jpholiday or update market_calendar.py.
2026-09-20 06:46:01,918 [WARNING] leadlag.core.market_calendar: No static holiday table for year 2021. Install jpholiday or update market_calendar.py.
2026-09-20 06:46:01,919 [WARNING] leadlag.core.market_calendar: No static holiday table for year 2021. Install jpholiday or update market_calendar.py.
2026-09-20 06:46:01,919 [WARNING] leadlag.core.market_calendar: No static holiday table for year 2021. Install jpholiday or update market_calendar.py.
2026-09-20 06:46:01,919 [WARNING] leadlag.core.market_calendar: No static holiday table for year 2021. Install jpholiday or update market_calendar.py.
2026-09-20 06:46:01,919 [WARNING] leadlag.core.market_calendar: No static holiday table for year 2021. Install jpholiday or update market_calendar.py.
2026-09-20 06:46:01,919 [WARNING] leadlag.core.market_calendar: No static holiday table for year 2021. Install jpholiday or update market_calendar.py.
2026-09-20 06:46:01,920 [WARNING] leadlag.core.market_calendar: No static holiday table for year 2021. Install jpholiday or update market_calendar.py.
2026-09-20 06:46:01,920 [WARNING] leadlag.core.market_calendar: No static holiday table for year 2021. Install jpholiday or update market_calendar.py.
2026-09-20 06:46:01,920 [WARNING] leadlag.core.market_calendar: No static holiday table for year 2021. Install jpholiday or update market_calendar.py.
2026-09-20 06:46:01,920 [WARNING] leadlag.core.market_calendar: No static holiday table for year 2021. Install jpholiday or update market_calendar.py.
2026-09-20 06:46:01,920 [WARNING] leadlag.core.market_calendar: No static holiday table for year 2021. Install jpholiday or update market_calendar.py.
2026-09-20 06:46:01,921 [WARNING] leadlag.core.market_calendar: No static holiday table for year 2021. Install jpholiday or update market_calendar.py.
2026-09-20 06:46:01,921 [WARNING] leadlag.core.market_calendar: No static holiday table for year 2021. Install jpholiday or update market_calendar.py.
2026-09-20 06:46:01,921 [WARNING] leadlag.core.market_calendar: No static holiday table for year 2021. Install jpholiday or update market_calendar.py.
2026-09-20 06:46:01,921 [WARNING] leadlag.core.market_calendar: No static holiday table for year 2021. Install jpholiday or update market_calendar.py.
2026-09-20 06:46:01,922 [WARNING] leadlag.core.market_calendar: No static holiday table for year 2021. Install jpholiday or update market_calendar.py.
2026-09-20 06:46:01,922 [WARNING] leadlag.core.market_calendar: No static holiday table for year 2021. Install jpholiday or update market_calendar.py.
2026-09-20 06:46:01,922 [WARNING] leadlag.core.market_calendar: No static holiday table for year 2021. Install jpholiday or update market_calendar.py.
2026-09-20 06:46:01,922 [WARNING] leadlag.core.market_calendar: No static holiday table for year 2021. Install jpholiday or update market_calendar.py.
2026-09-20 06:46:01,922 [WARNING] leadlag.core.market_calendar: No static holiday table for year 2021. Install jpholiday or update market_calendar.py.
2026-09-20 06:46:01,922 [WARNING] leadlag.core.market_calendar: No static holiday table for year 2021. Install jpholiday or update market_calendar.py.
2026-09-20 06:46:01,923 [WARNING] leadlag.core.market_calendar: No static holiday table for year 2021. Install jpholiday or update market_calendar.py.
2026-09-20 06:46:01,923 [WARNING] leadlag.core.market_calendar: No static holiday table for year 2021. Install jpholiday or update market_calendar.py.
2026-09-20 06:46:01,923 [WARNING] leadlag.core.market_calendar: No static holiday table for year 2021. Install jpholiday or update market_calendar.py.
2026-09-20 06:46:01,923 [WARNING] leadlag.core.market_calendar: No static holiday table for year 2021. Install jpholiday or update market_calendar.py.
2026-09-20 06:46:01,923 [WARNING] leadlag.core.market_calendar: No static holiday table for year 2021. Install jpholiday or update market_calendar.py.
2026-09-20 06:46:01,923 [WARNING] leadlag.core.market_calendar: No static holiday table for year 2021. Install jpholiday or update market_calendar.py.
2026-09-20 06:46:01,923 [WARNING] leadlag.core.market_calendar: No static holiday table for year 2021. Install jpholiday or update market_calendar.py.
2026-09-20 06:46:01,923 [WARNING] leadlag.core.market_calendar: No static holiday table for year 2021. Install jpholiday or update market_calendar.py.
2026-09-20 06:46:01,924 [WARNING] leadlag.core.market_calendar: No static holiday table for year 2021. Install jpholiday or update market_calendar.py.
2026-09-20 06:46:01,924 [WARNING] leadlag.core.market_calendar: No static holiday table for year 2021. Install jpholiday or update market_calendar.py.
2026-09-20 06:46:01,924 [WARNING] leadlag.core.market_calendar: No static holiday table for year 2021. Install jpholiday or update market_calendar.py.
2026-09-20 06:46:01,924 [WARNING] leadlag.core.market_calendar: No static holiday table for year 2021. Install jpholiday or update market_calendar.py.
2026-09-20 06:46:01,924 [WARNING] leadlag.core.market_calendar: No static holiday table for year 2021. Install jpholiday or update market_calendar.py.
2026-09-20 06:46:01,924 [WARNING] leadlag.core.market_calendar: No static holiday table for year 2021. Install jpholiday or update market_calendar.py.
2026-09-20 06:46:01,924 [WARNING] leadlag.core.market_calendar: No static holiday table for year 2021. Install jpholiday or update market_calendar.py.
2026-09-20 06:46:01,925 [WARNING] leadlag.core.market_calendar: No static holiday table for year 2021. Install jpholiday or update market_calendar.py.
2026-09-20 06:46:01,925 [WARNING] leadlag.core.market_calendar: No static holiday table for year 2021. Install jpholiday or update market_calendar.py.
2026-09-20 06:46:01,925 [WARNING] leadlag.core.market_calendar: No static holiday table for year 2021. Install jpholiday or update market_calendar.py.
2026-09-20 06:46:01,925 [WARNING] leadlag.core.market_calendar: No static holiday table for year 2021. Install jpholiday or update market_calendar.py.
2026-09-20 06:46:01,925 [WARNING] leadlag.core.market_calendar: No static holiday table for year 2021. Install jpholiday or update market_calendar.py.
2026-09-20 06:46:01,925 [WARNING] leadlag.core.market_calendar: No static holiday table for year 2021. Install jpholiday or update market_calendar.py.
2026-09-20 06:46:01,925 [WARNING] leadlag.core.market_calendar: No static holiday table for year 2021. Install jpholiday or update market_calendar.py.
2026-09-20 06:46:01,926 [WARNING] leadlag.core.market_calendar: No static holiday table for year 2021. Install jpholiday or update market_calendar.py.
2026-09-20 06:46:01,926 [WARNING] leadlag.core.market_calendar: No static holiday table for year 2021. Install jpholiday or update market_calendar.py.
2026-09-20 06:46:01,926 [WARNING] leadlag.core.market_calendar: No static holiday table for year 2021. Install jpholiday or update market_calendar.py.
2026-09-20 06:46:01,926 [WARNING] leadlag.core.market_calendar: No static holiday table for year 2021. Install jpholiday or update market_calendar.py.
2026-09-20 06:46:01,926 [WARNING] leadlag.core.market_calendar: No static holiday table for year 2021. Install jpholiday or update market_calendar.py.
2026-09-20 06:46:01,926 [WARNING] leadlag.core.market_calendar: No static holiday table for year 2021. Install jpholiday or update market_calendar.py.
2026-09-20 06:46:01,926 [WARNING] leadlag.core.market_calendar: No static holiday table for year 2021. Install jpholiday or update market_calendar.py.
2026-09-20 06:46:01,926 [WARNING] leadlag.core.market_calendar: No static holiday table for year 2021. Install jpholiday or update market_calendar.py.
2026-09-20 06:46:01,927 [WARNING] leadlag.core.market_calendar: No static holiday table for year 2021. Install jpholiday or update market_calendar.py.
2026-09-20 06:46:01,927 [WARNING] leadlag.core.market_calendar: No static holiday table for year 2021. Install jpholiday or update market_calendar.py.
2026-09-20 06:46:01,927 [WARNING] leadlag.core.market_calendar: No static holiday table for year 2021. Install jpholiday or update market_calendar.py.
2026-09-20 06:46:01,927 [WARNING] leadlag.core.market_calendar: No static holiday table for year 2021. Install jpholiday or update market_calendar.py.
2026-09-20 06:46:01,927 [WARNING] leadlag.core.market_calendar: No static holiday table for year 2021. Install jpholiday or update market_calendar.py.
2026-09-20 06:46:01,927 [WARNING] leadlag.core.market_calendar: No static holiday table for year 2021. Install jpholiday or update market_calendar.py.
2026-09-20 06:46:01,927 [WARNING] leadlag.core.market_calendar: No static holiday table for year 2021. Install jpholiday or update market_calendar.py.
2026-09-20 06:46:01,928 [WARNING] leadlag.core.market_calendar: No static holiday table for year 2021. Install jpholiday or update market_calendar.py.
2026-09-20 06:46:01,928 [WARNING] leadlag.core.market_calendar: No static holiday table for year 2021. Install jpholiday or update market_calendar.py.
2026-09-20 06:46:01,928 [WARNING] leadlag.core.market_calendar: No static holiday table for year 2021. Install jpholiday or update market_calendar.py.
2026-09-20 06:46:01,928 [WARNING] leadlag.core.market_calendar: No static holiday table for year 2021. Install jpholiday or update market_calendar.py.
2026-09-20 06:46:01,928 [WARNING] leadlag.core.market_calendar: No static holiday table for year 2021. Install jpholiday or update market_calendar.py.
2026-09-20 06:46:01,928 [WARNING] leadlag.core.market_calendar: No static holiday table for year 2021. Install jpholiday or update market_calendar.py.
2026-09-20 06:46:01,928 [WARNING] leadlag.core.market_calendar: No static holiday table for year 2021. Install jpholiday or update market_calendar.py.
2026-09-20 06:46:01,929 [WARNING] leadlag.core.market_calendar: No static holiday table for year 2021. Install jpholiday or update market_calendar.py.
2026-09-20 06:46:01,929 [WARNING] leadlag.core.market_calendar: No static holiday table for year 2021. Install jpholiday or update market_calendar.py.
2026-09-20 06:46:01,929 [WARNING] leadlag.core.market_calendar: No static holiday table for year 2021. Install jpholiday or update market_calendar.py.
2026-09-20 06:46:01,929 [WARNING] leadlag.core.market_calendar: No static holiday table for year 2021. Install jpholiday or update market_calendar.py.
2026-09-20 06:46:01,929 [WARNING] leadlag.core.market_calendar: No static holiday table for year 2021. Install jpholiday or update market_calendar.py.
2026-09-20 06:46:01,929 [WARNING] leadlag.core.market_calendar: No static holiday table for year 2021. Install jpholiday or update market_calendar.py.
2026-09-20 06:46:01,929 [WARNING] leadlag.core.market_calendar: No static holiday table for year 2021. Install jpholiday or update market_calendar.py.
2026-09-20 06:46:01,929 [WARNING] leadlag.core.market_calendar: No static holiday table for year 2021. Install jpholiday or update market_calendar.py.
2026-09-20 06:46:01,930 [WARNING] leadlag.core.market_calendar: No static holiday table for year 2021. Install jpholiday or update market_calendar.py.
2026-09-20 06:46:01,930 [WARNING] leadlag.core.market_calendar: No static holiday table for year 2021. Install jpholiday or update market_calendar.py.
2026-09-20 06:46:01,930 [WARNING] leadlag.core.market_calendar: No static holiday table for year 2021. Install jpholiday or update market_calendar.py.
2026-09-20 06:46:01,930 [WARNING] leadlag.core.market_calendar: No static holiday table for year 2021. Install jpholiday or update market_calendar.py.
2026-09-20 06:46:01,930 [WARNING] leadlag.core.market_calendar: No static holiday table for year 2021. Install jpholiday or update market_calendar.py.
2026-09-20 06:46:01,930 [WARNING] leadlag.core.market_calendar: No static holiday table for year 2021. Install jpholiday or update market_calendar.py.
2026-09-20 06:46:01,930 [WARNING] leadlag.core.market_calendar: No static holiday table for year 2021. Install jpholiday or update market_calendar.py.
2026-09-20 06:46:01,931 [WARNING] leadlag.core.market_calendar: No static holiday table for year 2021. Install jpholiday or update market_calendar.py.
2026-09-20 06:46:01,931 [WARNING] leadlag.core.market_calendar: No static holiday table for year 2021. Install jpholiday or update market_calendar.py.
2026-09-20 06:46:01,931 [WARNING] leadlag.core.market_calendar: No static holiday table for year 2022. Install jpholiday or update market_calendar.py.
2026-09-20 06:46:01,931 [WARNING] leadlag.core.market_calendar: No static holiday table for year 2022. Install jpholiday or update market_calendar.py.
2026-09-20 06:46:01,931 [WARNING] leadlag.core.market_calendar: No static holiday table for year 2022. Install jpholiday or update market_calendar.py.
2026-09-20 06:46:01,931 [WARNING] leadlag.core.market_calendar: No static holiday table for year 2022. Install jpholiday or update market_calendar.py.
2026-09-20 06:46:01,931 [WARNING] leadlag.core.market_calendar: No static holiday table for year 2022. Install jpholiday or update market_calendar.py.
2026-09-20 06:46:01,932 [WARNING] leadlag.core.market_calendar: No static holiday table for year 2022. Install jpholiday or update market_calendar.py.
2026-09-20 06:46:01,932 [WARNING] leadlag.core.market_calendar: No static holiday table for year 2022. Install jpholiday or update market_calendar.py.
2026-09-20 06:46:01,932 [WARNING] leadlag.core.market_calendar: No static holiday table for year 2022. Install jpholiday or update market_calendar.py.
2026-09-20 06:46:01,932 [WARNING] leadlag.core.market_calendar: No static holiday table for year 2022. Install jpholiday or update market_calendar.py.
2026-09-20 06:46:01,932 [WARNING] leadlag.core.market_calendar: No static holiday table for year 2022. Install jpholiday or update market_calendar.py.
2026-09-20 06:46:01,932 [WARNING] leadlag.core.market_calendar: No static holiday table for year 2022. Install jpholiday or update market_calendar.py.
2026-09-20 06:46:01,933 [WARNING] leadlag.core.market_calendar: No static holiday table for year 2022. Install jpholiday or update market_calendar.py.
2026-09-20 06:46:01,933 [WARNING] leadlag.core.market_calendar: No static holiday table for year 2022. Install jpholiday or update market_calendar.py.
2026-09-20 06:46:01,933 [WARNING] leadlag.core.market_calendar: No static holiday table for year 2022. Install jpholiday or update market_calendar.py.
2026-09-20 06:46:01,933 [WARNING] leadlag.core.market_calendar: No static holiday table for year 2022. Install jpholiday or update market_calendar.py.
2026-09-20 06:46:01,933 [WARNING] leadlag.core.market_calendar: No static holiday table for year 2022. Install jpholiday or update market_calendar.py.
2026-09-20 06:46:01,933 [WARNING] leadlag.core.market_calendar: No static holiday table for year 2022. Install jpholiday or update market_calendar.py.
2026-09-20 06:46:01,933 [WARNING] leadlag.core.market_calendar: No static holiday table for year 2022. Install jpholiday or update market_calendar.py.
2026-09-20 06:46:01,934 [WARNING] leadlag.core.market_calendar: No static holiday table for year 2022. Install jpholiday or update market_calendar.py.
2026-09-20 06:46:01,934 [WARNING] leadlag.core.market_calendar: No static holiday table for year 2022. Install jpholiday or update market_calendar.py.
2026-09-20 06:46:01,934 [WARNING] leadlag.core.market_calendar: No static holiday table for year 2022. Install jpholiday or update market_calendar.py.
2026-09-20 06:46:01,934 [WARNING] leadlag.core.market_calendar: No static holiday table for year 2022. Install jpholiday or update market_calendar.py.
2026-09-20 06:46:01,934 [WARNING] leadlag.core.market_calendar: No static holiday table for year 2022. Install jpholiday or update market_calendar.py.
2026-09-20 06:46:01,934 [WARNING] leadlag.core.market_calendar: No static holiday table for year 2022. Install jpholiday or update market_calendar.py.
2026-09-20 06:46:01,934 [WARNING] leadlag.core.market_calendar: No static holiday table for year 2022. Install jpholiday or update market_calendar.py.
2026-09-20 06:46:01,935 [WARNING] leadlag.core.market_calendar: No static holiday table for year 2022. Install jpholiday or update market_calendar.py.
2026-09-20 06:46:01,935 [WARNING] leadlag.core.market_calendar: No static holiday table for year 2022. Install jpholiday or update market_calendar.py.
2026-09-20 06:46:01,935 [WARNING] leadlag.core.market_calendar: No static holiday table for year 2022. Install jpholiday or update market_calendar.py.
2026-09-20 06:46:01,935 [WARNING] leadlag.core.market_calendar: No static holiday table for year 2022. Install jpholiday or update market_calendar.py.
2026-09-20 06:46:01,935 [WARNING] leadlag.core.market_calendar: No static holiday table for year 2022. Install jpholiday or update market_calendar.py.
2026-09-20 06:46:01,935 [WARNING] leadlag.core.market_calendar: No static holiday table for year 2022. Install jpholiday or update market_calendar.py.
2026-09-20 06:46:01,935 [WARNING] leadlag.core.market_calendar: No static holiday table for year 2022. Install jpholiday or update market_calendar.py.
2026-09-20 06:46:01,936 [WARNING] leadlag.core.market_calendar: No static holiday table for year 2022. Install jpholiday or update market_calendar.py.
2026-09-20 06:46:01,936 [WARNING] leadlag.core.market_calendar: No static holiday table for year 2022. Install jpholiday or update market_calendar.py.
2026-09-20 06:46:01,936 [WARNING] leadlag.core.market_calendar: No static holiday table for year 2022. Install jpholiday or update market_calendar.py.
2026-09-20 06:46:01,936 [WARNING] leadlag.core.market_calendar: No static holiday table for year 2022. Install jpholiday or update market_calendar.py.
2026-09-20 06:46:01,936 [WARNING] leadlag.core.market_calendar: No static holiday table for year 2022. Install jpholiday or update market_calendar.py.
2026-09-20 06:46:01,936 [WARNING] leadlag.core.market_calendar: No static holiday table for year 2022. Install jpholiday or update market_calendar.py.
2026-09-20 06:46:01,936 [WARNING] leadlag.core.market_calendar: No static holiday table for year 2022. Install jpholiday or update market_calendar.py.
2026-09-20 06:46:01,937 [WARNING] leadlag.core.market_calendar: No static holiday table for year 2022. Install jpholiday or update market_calendar.py.
2026-09-20 06:46:01,937 [WARNING] leadlag.core.market_calendar: No static holiday table for year 2022. Install jpholiday or update market_calendar.py.
2026-09-20 06:46:01,937 [WARNING] leadlag.core.market_calendar: No static holiday table for year 2022. Install jpholiday or update market_calendar.py.
2026-09-20 06:46:01,937 [WARNING] leadlag.core.market_calendar: No static holiday table for year 2022. Install jpholiday or update market_calendar.py.
2026-09-20 06:46:01,937 [WARNING] leadlag.core.market_calendar: No static holiday table for year 2022. Install jpholiday or update market_calendar.py.
2026-09-20 06:46:01,937 [WARNING] leadlag.core.market_calendar: No static holiday table for year 2022. Install jpholiday or update market_calendar.py.
2026-09-20 06:46:01,938 [WARNING] leadlag.core.market_calendar: No static holiday table for year 2022. Install jpholiday or update market_calendar.py.
2026-09-20 06:46:01,938 [WARNING] leadlag.core.market_calendar: No static holiday table for year 2022. Install jpholiday or update market_calendar.py.
2026-09-20 06:46:01,938 [WARNING] leadlag.core.market_calendar: No static holiday table for year 2022. Install jpholiday or update market_calendar.py.
2026-09-20 06:46:01,938 [WARNING] leadlag.core.market_calendar: No static holiday table for year 2022. Install jpholiday or update market_calendar.py.
2026-09-20 06:46:01,938 [WARNING] leadlag.core.market_calendar: No static holiday table for year 2022. Install jpholiday or update market_calendar.py.
2026-09-20 06:46:01,938 [WARNING] leadlag.core.market_calendar: No static holiday table for year 2022. Install jpholiday or update market_calendar.py.
2026-09-20 06:46:01,939 [WARNING] leadlag.core.market_calendar: No static holiday table for year 2022. Install jpholiday or update market_calendar.py.
2026-09-20 06:46:01,939 [WARNING] leadlag.core.market_calendar: No static holiday table for year 2022. Install jpholiday or update market_calendar.py.
2026-09-20 06:46:01,939 [WARNING] leadlag.core.market_calendar: No static holiday table for year 2022. Install jpholiday or update market_calendar.py.
2026-09-20 06:46:01,939 [WARNING] leadlag.core.market_calendar: No static holiday table for year 2022. Install jpholiday or update market_calendar.py.
2026-09-20 06:46:01,939 [WARNING] leadlag.core.market_calendar: No static holiday table for year 2022. Install jpholiday or update market_calendar.py.
2026-09-20 06:46:01,939 [WARNING] leadlag.core.market_calendar: No static holiday table for year 2022. Install jpholiday or update market_calendar.py.
2026-09-20 06:46:01,940 [WARNING] leadlag.core.market_calendar: No static holiday table for year 2022. Install jpholiday or update market_calendar.py.
2026-09-20 06:46:01,940 [WARNING] leadlag.core.market_calendar: No static holiday table for year 2022. Install jpholiday or update market_calendar.py.
2026-09-20 06:46:01,940 [WARNING] leadlag.core.market_calendar: No static holiday table for year 2022. Install jpholiday or update market_calendar.py.
2026-09-20 06:46:01,940 [WARNING] leadlag.core.market_calendar: No static holiday table for year 2022. Install jpholiday or update market_calendar.py.
2026-09-20 06:46:01,940 [WARNING] leadlag.core.market_calendar: No static holiday table for year 2022. Install jpholiday or update market_calendar.py.
2026-09-20 06:46:01,940 [WARNING] leadlag.core.market_calendar: No static holiday table for year 2022. Install jpholiday or update market_calendar.py.
2026-09-20 06:46:01,940 [WARNING] leadlag.core.market_calendar: No static holiday table for year 2022. Install jpholiday or update market_calendar.py.
2026-09-20 06:46:01,941 [WARNING] leadlag.core.market_calendar: No static holiday table for year 2022. Install jpholiday or update market_calendar.py.
2026-09-20 06:46:01,941 [WARNING] leadlag.core.market_calendar: No static holiday table for year 2022. Install jpholiday or update market_calendar.py.
2026-09-20 06:46:01,941 [WARNING] leadlag.core.market_calendar: No static holiday table for year 2022. Install jpholiday or update market_calendar.py.
2026-09-20 06:46:01,941 [WARNING] leadlag.core.market_calendar: No static holiday table for year 2022. Install jpholiday or update market_calendar.py.
2026-09-20 06:46:01,941 [WARNING] leadlag.core.market_calendar: No static holiday table for year 2022. Install jpholiday or update market_calendar.py.
2026-09-20 06:46:01,941 [WARNING] leadlag.core.market_calendar: No static holiday table for year 2022. Install jpholiday or update market_calendar.py.
2026-09-20 06:46:01,941 [WARNING] leadlag.core.market_calendar: No static holiday table for year 2022. Install jpholiday or update market_calendar.py.
2026-09-20 06:46:01,942 [WARNING] leadlag.core.market_calendar: No static holiday table for year 2022. Install jpholiday or update market_calendar.py.
2026-09-20 06:46:01,942 [WARNING] leadlag.core.market_calendar: No static holiday table for year 2022. Install jpholiday or update market_calendar.py.
2026-09-20 06:46:01,942 [WARNING] leadlag.core.market_calendar: No static holiday table for year 2022. Install jpholiday or update market_calendar.py.
2026-09-20 06:46:01,942 [WARNING] leadlag.core.market_calendar: No static holiday table for year 2022. Install jpholiday or update market_calendar.py.
2026-09-20 06:46:01,942 [WARNING] leadlag.core.market_calendar: No static holiday table for year 2022. Install jpholiday or update market_calendar.py.
2026-09-20 06:46:01,942 [WARNING] leadlag.core.market_calendar: No static holiday table for year 2022. Install jpholiday or update market_calendar.py.
2026-09-20 06:46:01,942 [WARNING] leadlag.core.market_calendar: No static holiday table for year 2022. Install jpholiday or update market_calendar.py.
2026-09-20 06:46:01,943 [WARNING] leadlag.core.market_calendar: No static holiday table for year 2022. Install jpholiday or update market_calendar.py.
2026-09-20 06:46:01,943 [WARNING] leadlag.core.market_calendar: No static holiday table for year 2022. Install jpholiday or update market_calendar.py.
2026-09-20 06:46:01,943 [WARNING] leadlag.core.market_calendar: No static holiday table for year 2022. Install jpholiday or update market_calendar.py.
2026-09-20 06:46:01,943 [WARNING] leadlag.core.market_calendar: No static holiday table for year 2022. Install jpholiday or update market_calendar.py.
2026-09-20 06:46:01,943 [WARNING] leadlag.core.market_calendar: No static holiday table for year 2022. Install jpholiday or update market_calendar.py.
2026-09-20 06:46:01,943 [WARNING] leadlag.core.market_calendar: No static holiday table for year 2022. Install jpholiday or update market_calendar.py.
2026-09-20 06:46:01,943 [WARNING] leadlag.core.market_calendar: No static holiday table for year 2022. Install jpholiday or update market_calendar.py.
2026-09-20 06:46:01,944 [WARNING] leadlag.core.market_calendar: No static holiday table for year 2022. Install jpholiday or update market_calendar.py.
2026-09-20 06:46:01,944 [WARNING] leadlag.core.market_calendar: No static holiday table for year 2022. Install jpholiday or update market_calendar.py.
2026-09-20 06:46:01,944 [WARNING] leadlag.core.market_calendar: No static holiday table for year 2022. Install jpholiday or update market_calendar.py.
2026-09-20 06:46:01,944 [WARNING] leadlag.core.market_calendar: No static holiday table for year 2022. Install jpholiday or update market_calendar.py.
2026-09-20 06:46:01,944 [WARNING] leadlag.core.market_calendar: No static holiday table for year 2022. Install jpholiday or update market_calendar.py.
2026-09-20 06:46:01,944 [WARNING] leadlag.core.market_calendar: No static holiday table for year 2022. Install jpholiday or update market_calendar.py.
2026-09-20 06:46:01,944 [WARNING] leadlag.core.market_calendar: No static holiday table for year 2022. Install jpholiday or update market_calendar.py.
2026-09-20 06:46:01,944 [WARNING] leadlag.core.market_calendar: No static holiday table for year 2022. Install jpholiday or update market_calendar.py.
2026-09-20 06:46:01,945 [WARNING] leadlag.core.market_calendar: No static holiday table for year 2022. Install jpholiday or update market_calendar.py.
2026-09-20 06:46:01,945 [WARNING] leadlag.core.market_calendar: No static holiday table for year 2022. Install jpholiday or update market_calendar.py.
2026-09-20 06:46:01,945 [WARNING] leadlag.core.market_calendar: No static holiday table for year 2022. Install jpholiday or update market_calendar.py.
2026-09-20 06:46:01,945 [WARNING] leadlag.core.market_calendar: No static holiday table for year 2022. Install jpholiday or update market_calendar.py.
2026-09-20 06:46:01,945 [WARNING] leadlag.core.market_calendar: No static holiday table for year 2022. Install jpholiday or update market_calendar.py.
2026-09-20 06:46:01,945 [WARNING] leadlag.core.market_calendar: No static holiday table for year 2022. Install jpholiday or update market_calendar.py.
2026-09-20 06:46:01,945 [WARNING] leadlag.core.market_calendar: No static holiday table for year 2022. Install jpholiday or update market_calendar.py.
2026-09-20 06:46:01,946 [WARNING] leadlag.core.market_calendar: No static holiday table for year 2022. Install jpholiday or update market_calendar.py.
2026-09-20 06:46:01,946 [WARNING] leadlag.core.market_calendar: No static holiday table for year 2022. Install jpholiday or update market_calendar.py.
2026-09-20 06:46:01,946 [WARNING] leadlag.core.market_calendar: No static holiday table for year 2022. Install jpholiday or update market_calendar.py.
2026-09-20 06:46:01,946 [WARNING] leadlag.core.market_calendar: No static holiday table for year 2022. Install jpholiday or update market_calendar.py.
2026-09-20 06:46:01,946 [WARNING] leadlag.core.market_calendar: No static holiday table for year 2022. Install jpholiday or update market_calendar.py.
2026-09-20 06:46:01,946 [WARNING] leadlag.core.market_calendar: No static holiday table for year 2022. Install jpholiday or update market_calendar.py.
2026-09-20 06:46:01,946 [WARNING] leadlag.core.market_calendar: No static holiday table for year 2022. Install jpholiday or update market_calendar.py.
2026-09-20 06:46:01,947 [WARNING] leadlag.core.market_calendar: No static holiday table for year 2022. Install jpholiday or update market_calendar.py.
2026-09-20 06:46:01,947 [WARNING] leadlag.core.market_calendar: No static holiday table for year 2022. Install jpholiday or update market_calendar.py.
2026-09-20 06:46:01,947 [WARNING] leadlag.core.market_calendar: No static holiday table for year 2022. Install jpholiday or update market_calendar.py.
2026-09-20 06:46:01,947 [WARNING] leadlag.core.market_calendar: No static holiday table for year 2022. Install jpholiday or update market_calendar.py.
2026-09-20 06:46:01,947 [WARNING] leadlag.core.market_calendar: No static holiday table for year 2022. Install jpholiday or update market_calendar.py.
2026-09-20 06:46:01,947 [WARNING] leadlag.core.market_calendar: No static holiday table for year 2022. Install jpholiday or update market_calendar.py.
2026-09-20 06:46:01,947 [WARNING] leadlag.core.market_calendar: No static holiday table for year 2022. Install jpholiday or update market_calendar.py.
2026-09-20 06:46:01,948 [WARNING] leadlag.core.market_calendar: No static holiday table for year 2022. Install jpholiday or update market_calendar.py.
2026-09-20 06:46:01,948 [WARNING] leadlag.core.market_calendar: No static holiday table for year 2022. Install jpholiday or update market_calendar.py.
2026-09-20 06:46:01,948 [WARNING] leadlag.core.market_calendar: No static holiday table for year 2022. Install jpholiday or update market_calendar.py.
2026-09-20 06:46:01,948 [WARNING] leadlag.core.market_calendar: No static holiday table for year 2022. Install jpholiday or update market_calendar.py.
2026-09-20 06:46:01,948 [WARNING] leadlag.core.market_calendar: No static holiday table for year 2022. Install jpholiday or update market_calendar.py.
2026-09-20 06:46:01,948 [WARNING] leadlag.core.market_calendar: No static holiday table for year 2022. Install jpholiday or update market_calendar.py.
2026-09-20 06:46:01,948 [WARNING] leadlag.core.market_calendar: No static holiday table for year 2022. Install jpholiday or update market_calendar.py.
2026-09-20 06:46:01,949 [WARNING] leadlag.core.market_calendar: No static holiday table for year 2022. Install jpholiday or update market_calendar.py.
2026-09-20 06:46:01,949 [WARNING] leadlag.core.market_calendar: No static holiday table for year 2022. Install jpholiday or update market_calendar.py.
2026-09-20 06:46:01,949 [WARNING] leadlag.core.market_calendar: No static holiday table for year 2022. Install jpholiday or update market_calendar.py.
2026-09-20 06:46:01,949 [WARNING] leadlag.core.market_calendar: No static holiday table for year 2022. Install jpholiday or update market_calendar.py.
2026-09-20 06:46:01,949 [WARNING] leadlag.core.market_calendar: No static holiday table for year 2022. Install jpholiday or update market_calendar.py.
2026-09-20 06:46:01,949 [WARNING] leadlag.core.market_calendar: No static holiday table for year 2022. Install jpholiday or update market_calendar.py.
2026-09-20 06:46:01,949 [WARNING] leadlag.core.market_calendar: No static holiday table for year 2022. Install jpholiday or update market_calendar.py.
2026-09-20 06:46:01,950 [WARNING] leadlag.core.market_calendar: No static holiday table for year 2022. Install jpholiday or update market_calendar.py.
2026-09-20 06:46:01,950 [WARNING] leadlag.core.market_calendar: No static holiday table for year 2022. Install jpholiday or update market_calendar.py.
2026-09-20 06:46:01,950 [WARNING] leadlag.core.market_calendar: No static holiday table for year 2022. Install jpholiday or update market_calendar.py.
2026-09-20 06:46:01,950 [WARNING] leadlag.core.market_calendar: No static holiday table for year 2022. Install jpholiday or update market_calendar.py.
2026-09-20 06:46:01,950 [WARNING] leadlag.core.market_calendar: No static holiday table for year 2022. Install jpholiday or update market_calendar.py.
2026-09-20 06:46:01,950 [WARNING] leadlag.core.market_calendar: No static holiday table for year 2022. Install jpholiday or update market_calendar.py.
2026-09-20 06:46:01,951 [WARNING] leadlag.core.market_calendar: No static holiday table for year 2022. Install jpholiday or update market_calendar.py.
2026-09-20 06:46:01,951 [WARNING] leadlag.core.market_calendar: No static holiday table for year 2022. Install jpholiday or update market_calendar.py.
2026-09-20 06:46:01,951 [WARNING] leadlag.core.market_calendar: No static holiday table for year 2022. Install jpholiday or update market_calendar.py.
2026-09-20 06:46:01,951 [WARNING] leadlag.core.market_calendar: No static holiday table for year 2022. Install jpholiday or update market_calendar.py.
2026-09-20 06:46:01,951 [WARNING] leadlag.core.market_calendar: No static holiday table for year 2022. Install jpholiday or update market_calendar.py.
2026-09-20 06:46:01,951 [WARNING] leadlag.core.market_calendar: No static holiday table for year 2022. Install jpholiday or update market_calendar.py.
2026-09-20 06:46:01,951 [WARNING] leadlag.core.market_calendar: No static holiday table for year 2022. Install jpholiday or update market_calendar.py.
2026-09-20 06:46:01,952 [WARNING] leadlag.core.market_calendar: No static holiday table for year 2022. Install jpholiday or update market_calendar.py.
2026-09-20 06:46:01,952 [WARNING] leadlag.core.market_calendar: No static holiday table for year 2022. Install jpholiday or update market_calendar.py.
2026-09-20 06:46:01,952 [WARNING] leadlag.core.market_calendar: No static holiday table for year 2022. Install jpholiday or update market_calendar.py.
2026-09-20 06:46:01,952 [WARNING] leadlag.core.market_calendar: No static holiday table for year 2022. Install jpholiday or update market_calendar.py.
2026-09-20 06:46:01,952 [WARNING] leadlag.core.market_calendar: No static holiday table for year 2022. Install jpholiday or update market_calendar.py.
2026-09-20 06:46:01,952 [WARNING] leadlag.core.market_calendar: No static holiday table for year 2022. Install jpholiday or update market_calendar.py.
2026-09-20 06:46:01,952 [WARNING] leadlag.core.market_calendar: No static holiday table for year 2022. Install jpholiday or update market_calendar.py.
2026-09-20 06:46:01,953 [WARNING] leadlag.core.market_calendar: No static holiday table for year 2022. Install jpholiday or update market_calendar.py.
2026-09-20 06:46:01,953 [WARNING] leadlag.core.market_calendar: No static holiday table for year 2022. Install jpholiday or update market_calendar.py.
2026-09-20 06:46:01,953 [WARNING] leadlag.core.market_calendar: No static holiday table for year 2022. Install jpholiday or update market_calendar.py.
2026-09-20 06:46:01,953 [WARNING] leadlag.core.market_calendar: No static holiday table for year 2022. Install jpholiday or update market_calendar.py.
2026-09-20 06:46:01,953 [WARNING] leadlag.core.market_calendar: No static holiday table for year 2022. Install jpholiday or update market_calendar.py.
2026-09-20 06:46:01,953 [WARNING] leadlag.core.market_calendar: No static holiday table for year 2022. Install jpholiday or update market_calendar.py.
2026-09-20 06:46:01,953 [WARNING] leadlag.core.market_calendar: No static holiday table for year 2022. Install jpholiday or update market_calendar.py.
2026-09-20 06:46:01,954 [WARNING] leadlag.core.market_calendar: No static holiday table for year 2022. Install jpholiday or update market_calendar.py.
2026-09-20 06:46:01,954 [WARNING] leadlag.core.market_calendar: No static holiday table for year 2022. Install jpholiday or update market_calendar.py.
2026-09-20 06:46:01,954 [WARNING] leadlag.core.market_calendar: No static holiday table for year 2022. Install jpholiday or update market_calendar.py.
2026-09-20 06:46:01,954 [WARNING] leadlag.core.market_calendar: No static holiday table for year 2022. Install jpholiday or update market_calendar.py.
2026-09-20 06:46:01,954 [WARNING] leadlag.core.market_calendar: No static holiday table for year 2022. Install jpholiday or update market_calendar.py.
2026-09-20 06:46:01,954 [WARNING] leadlag.core.market_calendar: No static holiday table for year 2022. Install jpholiday or update market_calendar.py.
2026-09-20 06:46:01,954 [WARNING] leadlag.core.market_calendar: No static holiday table for year 2022. Install jpholiday or update market_calendar.py.
2026-09-20 06:46:01,955 [WARNING] leadlag.core.market_calendar: No static holiday table for year 2022. Install jpholiday or update market_calendar.py.
2026-09-20 06:46:01,955 [WARNING] leadlag.core.market_calendar: No static holiday table for year 2022. Install jpholiday or update market_calendar.py.
2026-09-20 06:46:01,955 [WARNING] leadlag.core.market_calendar: No static holiday table for year 2022. Install jpholiday or update market_calendar.py.
2026-09-20 06:46:01,955 [WARNING] leadlag.core.market_calendar: No static holiday table for year 2022. Install jpholiday or update market_calendar.py.
2026-09-20 06:46:01,955 [WARNING] leadlag.core.market_calendar: No static holiday table for year 2022. Install jpholiday or update market_calendar.py.
2026-09-20 06:46:01,956 [WARNING] leadlag.core.market_calendar: No static holiday table for year 2022. Install jpholiday or update market_calendar.py.
2026-09-20 06:46:01,956 [WARNING] leadlag.core.market_calendar: No static holiday table for year 2022. Install jpholiday or update market_calendar.py.
2026-09-20 06:46:01,956 [WARNING] leadlag.core.market_calendar: No static holiday table for year 2022. Install jpholiday or update market_calendar.py.
2026-09-20 06:46:01,956 [WARNING] leadlag.core.market_calendar: No static holiday table for year 2022. Install jpholiday or update market_calendar.py.
2026-09-20 06:46:01,956 [WARNING] leadlag.core.market_calendar: No static holiday table for year 2022. Install jpholiday or update market_calendar.py.
2026-09-20 06:46:01,957 [WARNING] leadlag.core.market_calendar: No static holiday table for year 2022. Install jpholiday or update market_calendar.py.
2026-09-20 06:46:01,957 [WARNING] leadlag.core.market_calendar: No static holiday table for year 2022. Install jpholiday or update market_calendar.py.
2026-09-20 06:46:01,957 [WARNING] leadlag.core.market_calendar: No static holiday table for year 2022. Install jpholiday or update market_calendar.py.
2026-09-20 06:46:01,957 [WARNING] leadlag.core.market_calendar: No static holiday table for year 2022. Install jpholiday or update market_calendar.py.
2026-09-20 06:46:01,958 [WARNING] leadlag.core.market_calendar: No static holiday table for year 2022. Install jpholiday or update market_calendar.py.
2026-09-20 06:46:01,958 [WARNING] leadlag.core.market_calendar: No static holiday table for year 2022. Install jpholiday or update market_calendar.py.
2026-09-20 06:46:01,958 [WARNING] leadlag.core.market_calendar: No static holiday table for year 2022. Install jpholiday or update market_calendar.py.
2026-09-20 06:46:01,958 [WARNING] leadlag.core.market_calendar: No static holiday table for year 2022. Install jpholiday or update market_calendar.py.
2026-09-20 06:46:01,958 [WARNING] leadlag.core.market_calendar: No static holiday table for year 2022. Install jpholiday or update market_calendar.py.
2026-09-20 06:46:01,959 [WARNING] leadlag.core.market_calendar: No static holiday table for year 2022. Install jpholiday or update market_calendar.py.
2026-09-20 06:46:01,959 [WARNING] leadlag.core.market_calendar: No static holiday table for year 2022. Install jpholiday or update market_calendar.py.
2026-09-20 06:46:01,959 [WARNING] leadlag.core.market_calendar: No static holiday table for year 2022. Install jpholiday or update market_calendar.py.
2026-09-20 06:46:01,959 [WARNING] leadlag.core.market_calendar: No static holiday table for year 2022. Install jpholiday or update market_calendar.py.
2026-09-20 06:46:01,959 [WARNING] leadlag.core.market_calendar: No static holiday table for year 2022. Install jpholiday or update market_calendar.py.
2026-09-20 06:46:01,959 [WARNING] leadlag.core.market_calendar: No static holiday table for year 2022. Install jpholiday or update market_calendar.py.
2026-09-20 06:46:01,959 [WARNING] leadlag.core.market_calendar: No static holiday table for year 2022. Install jpholiday or update market_calendar.py.
2026-09-20 06:46:01,960 [WARNING] leadlag.core.market_calendar: No static holiday table for year 2022. Install jpholiday or update market_calendar.py.
2026-09-20 06:46:01,960 [WARNING] leadlag.core.market_calendar: No static holiday table for year 2022. Install jpholiday or update market_calendar.py.
2026-09-20 06:46:01,960 [WARNING] leadlag.core.market_calendar: No static holiday table for year 2022. Install jpholiday or update market_calendar.py.
2026-09-20 06:46:01,960 [WARNING] leadlag.core.market_calendar: No static holiday table for year 2022. Install jpholiday or update market_calendar.py.
2026-09-20 06:46:01,960 [WARNING] leadlag.core.market_calendar: No static holiday table for year 2022. Install jpholiday or update market_calendar.py.
2026-09-20 06:46:01,960 [WARNING] leadlag.core.market_calendar: No static holiday table for year 2022. Install jpholiday or update market_calendar.py.
2026-09-20 06:46:01,961 [WARNING] leadlag.core.market_calendar: No static holiday table for year 2022. Install jpholiday or update market_calendar.py.
2026-09-20 06:46:01,961 [WARNING] leadlag.core.market_calendar: No static holiday table for year 2022. Install jpholiday or update market_calendar.py.
2026-09-20 06:46:01,961 [WARNING] leadlag.core.market_calendar: No static holiday table for year 2022. Install jpholiday or update market_calendar.py.
2026-09-20 06:46:01,961 [WARNING] leadlag.core.market_calendar: No static holiday table for year 2022. Install jpholiday or update market_calendar.py.
2026-09-20 06:46:01,961 [WARNING] leadlag.core.market_calendar: No static holiday table for year 2022. Install jpholiday or update market_calendar.py.
2026-09-20 06:46:01,961 [WARNING] leadlag.core.market_calendar: No static holiday table for year 2022. Install jpholiday or update market_calendar.py.
2026-09-20 06:46:01,962 [WARNING] leadlag.core.market_calendar: No static holiday table for year 2022. Install jpholiday or update market_calendar.py.
2026-09-20 06:46:01,962 [WARNING] leadlag.core.market_calendar: No static holiday table for year 2022. Install jpholiday or update market_calendar.py.
2026-09-20 06:46:01,962 [WARNING] leadlag.core.market_calendar: No static holiday table for year 2022. Install jpholiday or update market_calendar.py.
2026-09-20 06:46:01,962 [WARNING] leadlag.core.market_calendar: No static holiday table for year 2022. Install jpholiday or update market_calendar.py.
2026-09-20 06:46:01,962 [WARNING] leadlag.core.market_calendar: No static holiday table for year 2022. Install jpholiday or update market_calendar.py.
2026-09-20 06:46:01,962 [WARNING] leadlag.core.market_calendar: No static holiday table for year 2022. Install jpholiday or update market_calendar.py.
2026-09-20 06:46:01,962 [WARNING] leadlag.core.market_calendar: No static holiday table for year 2022. Install jpholiday or update market_calendar.py.
2026-09-20 06:46:01,963 [WARNING] leadlag.core.market_calendar: No static holiday table for year 2022. Install jpholiday or update market_calendar.py.
2026-09-20 06:46:01,963 [WARNING] leadlag.core.market_calendar: No static holiday table for year 2022. Install jpholiday or update market_calendar.py.
2026-09-20 06:46:01,963 [WARNING] leadlag.core.market_calendar: No static holiday table for year 2022. Install jpholiday or update market_calendar.py.
2026-09-20 06:46:01,963 [WARNING] leadlag.core.market_calendar: No static holiday table for year 2022. Install jpholiday or update market_calendar.py.
2026-09-20 06:46:01,963 [WARNING] leadlag.core.market_calendar: No static holiday table for year 2022. Install jpholiday or update market_calendar.py.
2026-09-20 06:46:01,963 [WARNING] leadlag.core.market_calendar: No static holiday table for year 2022. Install jpholiday or update market_calendar.py.
2026-09-20 06:46:01,963 [WARNING] leadlag.core.market_calendar: No static holiday table for year 2022. Install jpholiday or update market_calendar.py.
2026-09-20 06:46:01,964 [WARNING] leadlag.core.market_calendar: No static holiday table for year 2022. Install jpholiday or update market_calendar.py.
2026-09-20 06:46:01,964 [WARNING] leadlag.core.market_calendar: No static holiday table for year 2022. Install jpholiday or update market_calendar.py.
2026-09-20 06:46:01,964 [WARNING] leadlag.core.market_calendar: No static holiday table for year 2022. Install jpholiday or update market_calendar.py.
2026-09-20 06:46:01,964 [WARNING] leadlag.core.market_calendar: No static holiday table for year 2022. Install jpholiday or update market_calendar.py.
2026-09-20 06:46:01,964 [WARNING] leadlag.core.market_calendar: No static holiday table for year 2022. Install jpholiday or update market_calendar.py.
2026-09-20 06:46:01,964 [WARNING] leadlag.core.market_calendar: No static holiday table for year 2022. Install jpholiday or update market_calendar.py.
2026-09-20 06:46:01,964 [WARNING] leadlag.core.market_calendar: No static holiday table for year 2022. Install jpholiday or update market_calendar.py.
2026-09-20 06:46:01,965 [WARNING] leadlag.core.market_calendar: No static holiday table for year 2022. Install jpholiday or update market_calendar.py.
2026-09-20 06:46:01,965 [WARNING] leadlag.core.market_calendar: No static holiday table for year 2022. Install jpholiday or update market_calendar.py.
2026-09-20 06:46:01,965 [WARNING] leadlag.core.market_calendar: No static holiday table for year 2022. Install jpholiday or update market_calendar.py.
2026-09-20 06:46:01,965 [WARNING] leadlag.core.market_calendar: No static holiday table for year 2022. Install jpholiday or update market_calendar.py.
2026-09-20 06:46:01,965 [WARNING] leadlag.core.market_calendar: No static holiday table for year 2022. Install jpholiday or update market_calendar.py.
2026-09-20 06:46:01,965 [WARNING] leadlag.core.market_calendar: No static holiday table for year 2022. Install jpholiday or update market_calendar.py.
2026-09-20 06:46:01,965 [WARNING] leadlag.core.market_calendar: No static holiday table for year 2022. Install jpholiday or update market_calendar.py.
2026-09-20 06:46:01,966 [WARNING] leadlag.core.market_calendar: No static holiday table for year 2022. Install jpholiday or update market_calendar.py.
2026-09-20 06:46:01,966 [WARNING] leadlag.core.market_calendar: No static holiday table for year 2022. Install jpholiday or update market_calendar.py.
2026-09-20 06:46:01,966 [WARNING] leadlag.core.market_calendar: No static holiday table for year 2022. Install jpholiday or update market_calendar.py.
2026-09-20 06:46:01,966 [WARNING] leadlag.core.market_calendar: No static holiday table for year 2022. Install jpholiday or update market_calendar.py.
2026-09-20 06:46:01,966 [WARNING] leadlag.core.market_calendar: No static holiday table for year 2022. Install jpholiday or update market_calendar.py.
2026-09-20 06:46:01,966 [WARNING] leadlag.core.market_calendar: No static holiday table for year 2022. Install jpholiday or update market_calendar.py.
2026-09-20 06:46:01,966 [WARNING] leadlag.core.market_calendar: No static holiday table for year 2022. Install jpholiday or update market_calendar.py.
2026-09-20 06:46:01,966 [WARNING] leadlag.core.market_calendar: No static holiday table for year 2022. Install jpholiday or update market_calendar.py.
2026-09-20 06:46:01,967 [WARNING] leadlag.core.market_calendar: No static holiday table for year 2022. Install jpholiday or update market_calendar.py.
2026-09-20 06:46:01,967 [WARNING] leadlag.core.market_calendar: No static holiday table for year 2022. Install jpholiday or update market_calendar.py.
2026-09-20 06:46:01,967 [WARNING] leadlag.core.market_calendar: No static holiday table for year 2022. Install jpholiday or update market_calendar.py.
2026-09-20 06:46:01,967 [WARNING] leadlag.core.market_calendar: No static holiday table for year 2022. Install jpholiday or update market_calendar.py.
2026-09-20 06:46:01,967 [WARNING] leadlag.core.market_calendar: No static holiday table for year 2022. Install jpholiday or update market_calendar.py.
2026-09-20 06:46:01,967 [WARNING] leadlag.core.market_calendar: No static holiday table for year 2022. Install jpholiday or update market_calendar.py.
2026-09-20 06:46:01,967 [WARNING] leadlag.core.market_calendar: No static holiday table for year 2022. Install jpholiday or update market_calendar.py.
2026-09-20 06:46:01,968 [WARNING] leadlag.core.market_calendar: No static holiday table for year 2022. Install jpholiday or update market_calendar.py.
2026-09-20 06:46:01,968 [WARNING] leadlag.core.market_calendar: No static holiday table for year 2023. Install jpholiday or update market_calendar.py.
2026-09-20 06:46:01,968 [WARNING] leadlag.core.market_calendar: No static holiday table for year 2023. Install jpholiday or update market_calendar.py.
2026-09-20 06:46:01,968 [WARNING] leadlag.core.market_calendar: No static holiday table for year 2023. Install jpholiday or update market_calendar.py.
2026-09-20 06:46:01,968 [WARNING] leadlag.core.market_calendar: No static holiday table for year 2023. Install jpholiday or update market_calendar.py.
2026-09-20 06:46:01,968 [WARNING] leadlag.core.market_calendar: No static holiday table for year 2023. Install jpholiday or update market_calendar.py.
2026-09-20 06:46:01,969 [WARNING] leadlag.core.market_calendar: No static holiday table for year 2023. Install jpholiday or update market_calendar.py.
2026-09-20 06:46:01,969 [WARNING] leadlag.core.market_calendar: No static holiday table for year 2023. Install jpholiday or update market_calendar.py.
2026-09-20 06:46:01,969 [WARNING] leadlag.core.market_calendar: No static holiday table for year 2023. Install jpholiday or update market_calendar.py.
2026-09-20 06:46:01,969 [WARNING] leadlag.core.market_calendar: No static holiday table for year 2023. Install jpholiday or update market_calendar.py.
2026-09-20 06:46:01,969 [WARNING] leadlag.core.market_calendar: No static holiday table for year 2023. Install jpholiday or update market_calendar.py.
2026-09-20 06:46:01,969 [WARNING] leadlag.core.market_calendar: No static holiday table for year 2023. Install jpholiday or update market_calendar.py.
2026-09-20 06:46:01,969 [WARNING] leadlag.core.market_calendar: No static holiday table for year 2023. Install jpholiday or update market_calendar.py.
2026-09-20 06:46:01,970 [WARNING] leadlag.core.market_calendar: No static holiday table for year 2023. Install jpholiday or update market_calendar.py.
2026-09-20 06:46:01,970 [WARNING] leadlag.core.market_calendar: No static holiday table for year 2023. Install jpholiday or update market_calendar.py.
2026-09-20 06:46:01,970 [WARNING] leadlag.core.market_calendar: No static holiday table for year 2023. Install jpholiday or update market_calendar.py.
2026-09-20 06:46:01,970 [WARNING] leadlag.core.market_calendar: No static holiday table for year 2023. Install jpholiday or update market_calendar.py.
2026-09-20 06:46:01,970 [WARNING] leadlag.core.market_calendar: No static holiday table for year 2023. Install jpholiday or update market_calendar.py.
2026-09-20 06:46:01,970 [WARNING] leadlag.core.market_calendar: No static holiday table for year 2023. Install jpholiday or update market_calendar.py.
2026-09-20 06:46:01,971 [WARNING] leadlag.core.market_calendar: No static holiday table for year 2023. Install jpholiday or update market_calendar.py.
2026-09-20 06:46:01,971 [WARNING] leadlag.core.market_calendar: No static holiday table for year 2023. Install jpholiday or update market_calendar.py.
2026-09-20 06:46:01,971 [WARNING] leadlag.core.market_calendar: No static holiday table for year 2023. Install jpholiday or update market_calendar.py.
2026-09-20 06:46:01,971 [WARNING] leadlag.core.market_calendar: No static holiday table for year 2023. Install jpholiday or update market_calendar.py.
2026-09-20 06:46:01,971 [WARNING] leadlag.core.market_calendar: No static holiday table for year 2023. Install jpholiday or update market_calendar.py.
2026-09-20 06:46:01,971 [WARNING] leadlag.core.market_calendar: No static holiday table for year 2023. Install jpholiday or update market_calendar.py.
2026-09-20 06:46:01,971 [WARNING] leadlag.core.market_calendar: No static holiday table for year 2023. Install jpholiday or update market_calendar.py.
2026-09-20 06:46:01,972 [WARNING] leadlag.core.market_calendar: No static holiday table for year 2023. Install jpholiday or update market_calendar.py.
2026-09-20 06:46:01,972 [WARNING] leadlag.core.market_calendar: No static holiday table for year 2023. Install jpholiday or update market_calendar.py.
2026-09-20 06:46:01,972 [WARNING] leadlag.core.market_calendar: No static holiday table for year 2023. Install jpholiday or update market_calendar.py.
2026-09-20 06:46:01,972 [WARNING] leadlag.core.market_calendar: No static holiday table for year 2023. Install jpholiday or update market_calendar.py.
2026-09-20 06:46:01,972 [WARNING] leadlag.core.market_calendar: No static holiday table for year 2023. Install jpholiday or update market_calendar.py.
2026-09-20 06:46:01,972 [WARNING] leadlag.core.market_calendar: No static holiday table for year 2023. Install jpholiday or update market_calendar.py.
2026-09-20 06:46:01,972 [WARNING] leadlag.core.market_calendar: No static holiday table for year 2023. Install jpholiday or update market_calendar.py.
2026-09-20 06:46:01,973 [WARNING] leadlag.core.market_calendar: No static holiday table for year 2023. Install jpholiday or update market_calendar.py.
2026-09-20 06:46:01,973 [WARNING] leadlag.core.market_calendar: No static holiday table for year 2023. Install jpholiday or update market_calendar.py.
2026-09-20 06:46:01,973 [WARNING] leadlag.core.market_calendar: No static holiday table for year 2023. Install jpholiday or update market_calendar.py.
2026-09-20 06:46:01,973 [WARNING] leadlag.core.market_calendar: No static holiday table for year 2023. Install jpholiday or update market_calendar.py.
2026-09-20 06:46:01,973 [WARNING] leadlag.core.market_calendar: No static holiday table for year 2023. Install jpholiday or update market_calendar.py.
2026-09-20 06:46:01,973 [WARNING] leadlag.core.market_calendar: No static holiday table for year 2023. Install jpholiday or update market_calendar.py.
2026-09-20 06:46:01,973 [WARNING] leadlag.core.market_calendar: No static holiday table for year 2023. Install jpholiday or update market_calendar.py.
2026-09-20 06:46:01,974 [WARNING] leadlag.core.market_calendar: No static holiday table for year 2023. Install jpholiday or update market_calendar.py.
2026-09-20 06:46:01,974 [WARNING] leadlag.core.market_calendar: No static holiday table for year 2023. Install jpholiday or update market_calendar.py.
2026-09-20 06:46:01,974 [WARNING] leadlag.core.market_calendar: No static holiday table for year 2023. Install jpholiday or update market_calendar.py.
2026-09-20 06:46:01,974 [WARNING] leadlag.core.market_calendar: No static holiday table for year 2023. Install jpholiday or update market_calendar.py.
2026-09-20 06:46:01,974 [WARNING] leadlag.core.market_calendar: No static holiday table for year 2023. Install jpholiday or update market_calendar.py.
2026-09-20 06:46:01,975 [WARNING] leadlag.core.market_calendar: No static holiday table for year 2023. Install jpholiday or update market_calendar.py.
2026-09-20 06:46:01,975 [WARNING] leadlag.core.market_calendar: No static holiday table for year 2023. Install jpholiday or update market_calendar.py.
2026-09-20 06:46:01,975 [WARNING] leadlag.core.market_calendar: No static holiday table for year 2023. Install jpholiday or update market_calendar.py.
2026-09-20 06:46:01,975 [WARNING] leadlag.core.market_calendar: No static holiday table for year 2023. Install jpholiday or update market_calendar.py.
2026-09-20 06:46:01,975 [WARNING] leadlag.core.market_calendar: No static holiday table for year 2023. Install jpholiday or update market_calendar.py.
2026-09-20 06:46:01,975 [WARNING] leadlag.core.market_calendar: No static holiday table for year 2023. Install jpholiday or update market_calendar.py.
2026-09-20 06:46:01,976 [WARNING] leadlag.core.market_calendar: No static holiday table for year 2023. Install jpholiday or update market_calendar.py.
2026-09-20 06:46:01,976 [WARNING] leadlag.core.market_calendar: No static holiday table for year 2023. Install jpholiday or update market_calendar.py.
2026-09-20 06:46:01,976 [WARNING] leadlag.core.market_calendar: No static holiday table for year 2023. Install jpholiday or update market_calendar.py.
2026-09-20 06:46:01,976 [WARNING] leadlag.core.market_calendar: No static holiday table for year 2023. Install jpholiday or update market_calendar.py.
2026-09-20 06:46:01,976 [WARNING] leadlag.core.market_calendar: No static holiday table for year 2023. Install jpholiday or update market_calendar.py.
2026-09-20 06:46:01,977 [WARNING] leadlag.core.market_calendar: No static holiday table for year 2023. Install jpholiday or update market_calendar.py.
2026-09-20 06:46:01,977 [WARNING] leadlag.core.market_calendar: No static holiday table for year 2023. Install jpholiday or update market_calendar.py.
2026-09-20 06:46:01,977 [WARNING] leadlag.core.market_calendar: No static holiday table for year 2023. Install jpholiday or update market_calendar.py.
2026-09-20 06:46:01,977 [WARNING] leadlag.core.market_calendar: No static holiday table for year 2023. Install jpholiday or update market_calendar.py.
2026-09-20 06:46:01,977 [WARNING] leadlag.core.market_calendar: No static holiday table for year 2023. Install jpholiday or update market_calendar.py.
2026-09-20 06:46:01,977 [WARNING] leadlag.core.market_calendar: No static holiday table for year 2023. Install jpholiday or update market_calendar.py.
2026-09-20 06:46:01,978 [WARNING] leadlag.core.market_calendar: No static holiday table for year 2023. Install jpholiday or update market_calendar.py.
2026-09-20 06:46:01,978 [WARNING] leadlag.core.market_calendar: No static holiday table for year 2023. Install jpholiday or update market_calendar.py.
2026-09-20 06:46:01,978 [WARNING] leadlag.core.market_calendar: No static holiday table for year 2023. Install jpholiday or update market_calendar.py.
2026-09-20 06:46:01,978 [WARNING] leadlag.core.market_calendar: No static holiday table for year 2023. Install jpholiday or update market_calendar.py.
2026-09-20 06:46:01,978 [WARNING] leadlag.core.market_calendar: No static holiday table for year 2023. Install jpholiday or update market_calendar.py.
2026-09-20 06:46:01,978 [WARNING] leadlag.core.market_calendar: No static holiday table for year 2023. Install jpholiday or update market_calendar.py.
2026-09-20 06:46:01,978 [WARNING] leadlag.core.market_calendar: No static holiday table for year 2023. Install jpholiday or update market_calendar.py.
2026-09-20 06:46:01,979 [WARNING] leadlag.core.market_calendar: No static holiday table for year 2023. Install jpholiday or update market_calendar.py.
2026-09-20 06:46:01,979 [WARNING] leadlag.core.market_calendar: No static holiday table for year 2023. Install jpholiday or update market_calendar.py.
2026-09-20 06:46:01,979 [WARNING] leadlag.core.market_calendar: No static holiday table for year 2023. Install jpholiday or update market_calendar.py.
2026-09-20 06:46:01,979 [WARNING] leadlag.core.market_calendar: No static holiday table for year 2023. Install jpholiday or update market_calendar.py.
2026-09-20 06:46:01,979 [WARNING] leadlag.core.market_calendar: No static holiday table for year 2023. Install jpholiday or update market_calendar.py.
2026-09-20 06:46:01,979 [WARNING] leadlag.core.market_calendar: No static holiday table for year 2023. Install jpholiday or update market_calendar.py.
2026-09-20 06:46:01,979 [WARNING] leadlag.core.market_calendar: No static holiday table for year 2023. Install jpholiday or update market_calendar.py.
2026-09-20 06:46:01,979 [WARNING] leadlag.core.market_calendar: No static holiday table for year 2023. Install jpholiday or update market_calendar.py.
2026-09-20 06:46:01,980 [WARNING] leadlag.core.market_calendar: No static holiday table for year 2023. Install jpholiday or update market_calendar.py.
2026-09-20 06:46:01,980 [WARNING] leadlag.core.market_calendar: No static holiday table for year 2023. Install jpholiday or update market_calendar.py.
2026-09-20 06:46:01,980 [WARNING] leadlag.core.market_calendar: No static holiday table for year 2023. Install jpholiday or update market_calendar.py.
2026-09-20 06:46:01,980 [WARNING] leadlag.core.market_calendar: No static holiday table for year 2023. Install jpholiday or update market_calendar.py.
2026-09-20 06:46:01,980 [WARNING] leadlag.core.market_calendar: No static holiday table for year 2023. Install jpholiday or update market_calendar.py.
2026-09-20 06:46:01,980 [WARNING] leadlag.core.market_calendar: No static holiday table for year 2023. Install jpholiday or update market_calendar.py.
2026-09-20 06:46:01,980 [WARNING] leadlag.core.market_calendar: No static holiday table for year 2023. Install jpholiday or update market_calendar.py.
2026-09-20 06:46:01,981 [WARNING] leadlag.core.market_calendar: No static holiday table for year 2023. Install jpholiday or update market_calendar.py.
2026-09-20 06:46:01,981 [WARNING] leadlag.core.market_calendar: No static holiday table for year 2023. Install jpholiday or update market_calendar.py.
2026-09-20 06:46:01,981 [WARNING] leadlag.core.market_calendar: No static holiday table for year 2023. Install jpholiday or update market_calendar.py.
2026-09-20 06:46:01,981 [WARNING] leadlag.core.market_calendar: No static holiday table for year 2023. Install jpholiday or update market_calendar.py.
2026-09-20 06:46:01,981 [WARNING] leadlag.core.market_calendar: No static holiday table for year 2023. Install jpholiday or update market_calendar.py.
2026-09-20 06:46:01,981 [WARNING] leadlag.core.market_calendar: No static holiday table for year 2023. Install jpholiday or update market_calendar.py.
2026-09-20 06:46:01,981 [WARNING] leadlag.core.market_calendar: No static holiday table for year 2023. Install jpholiday or update market_calendar.py.
2026-09-20 06:46:01,981 [WARNING] leadlag.core.market_calendar: No static holiday table for year 2023. Install jpholiday or update market_calendar.py.
2026-09-20 06:46:01,982 [WARNING] leadlag.core.market_calendar: No static holiday table for year 2023. Install jpholiday or update market_calendar.py.
2026-09-20 06:46:01,982 [WARNING] leadlag.core.market_calendar: No static holiday table for year 2023. Install jpholiday or update market_calendar.py.
2026-09-20 06:46:01,982 [WARNING] leadlag.core.market_calendar: No static holiday table for year 2023. Install jpholiday or update market_calendar.py.
2026-09-20 06:46:01,982 [WARNING] leadlag.core.market_calendar: No static holiday table for year 2023. Install jpholiday or update market_calendar.py.
2026-09-20 06:46:01,982 [WARNING] leadlag.core.market_calendar: No static holiday table for year 2023. Install jpholiday or update market_calendar.py.
2026-09-20 06:46:01,982 [WARNING] leadlag.core.market_calendar: No static holiday table for year 2023. Install jpholiday or update market_calendar.py.
2026-09-20 06:46:01,982 [WARNING] leadlag.core.market_calendar: No static holiday table for year 2023. Install jpholiday or update market_calendar.py.
2026-09-20 06:46:01,983 [WARNING] leadlag.core.market_calendar: No static holiday table for year 2023. Install jpholiday or update market_calendar.py.
2026-09-20 06:46:01,983 [WARNING] leadlag.core.market_calendar: No static holiday table for year 2023. Install jpholiday or update market_calendar.py.
2026-09-20 06:46:01,983 [WARNING] leadlag.core.market_calendar: No static holiday table for year 2023. Install jpholiday or update market_calendar.py.
2026-09-20 06:46:01,983 [WARNING] leadlag.core.market_calendar: No static holiday table for year 2023. Install jpholiday or update market_calendar.py.
2026-09-20 06:46:01,983 [WARNING] leadlag.core.market_calendar: No static holiday table for year 2023. Install jpholiday or update market_calendar.py.
2026-09-20 06:46:01,983 [WARNING] leadlag.core.market_calendar: No static holiday table for year 2023. Install jpholiday or update market_calendar.py.
2026-09-20 06:46:01,983 [WARNING] leadlag.core.market_calendar: No static holiday table for year 2023. Install jpholiday or update market_calendar.py.
2026-09-20 06:46:01,983 [WARNING] leadlag.core.market_calendar: No static holiday table for year 2023. Install jpholiday or update market_calendar.py.
2026-09-20 06:46:01,984 [WARNING] leadlag.core.market_calendar: No static holiday table for year 2023. Install jpholiday or update market_calendar.py.
2026-09-20 06:46:01,984 [WARNING] leadlag.core.market_calendar: No static holiday table for year 2023. Install jpholiday or update market_calendar.py.
2026-09-20 06:46:01,984 [WARNING] leadlag.core.market_calendar: No static holiday table for year 2023. Install jpholiday or update market_calendar.py.
2026-09-20 06:46:01,984 [WARNING] leadlag.core.market_calendar: No static holiday table for year 2023. Install jpholiday or update market_calendar.py.
2026-09-20 06:46:01,984 [WARNING] leadlag.core.market_calendar: No static holiday table for year 2023. Install jpholiday or update market_calendar.py.
2026-09-20 06:46:01,984 [WARNING] leadlag.core.market_calendar: No static holiday table for year 2023. Install jpholiday or update market_calendar.py.
2026-09-20 06:46:01,984 [WARNING] leadlag.core.market_calendar: No static holiday table for year 2023. Install jpholiday or update market_calendar.py.
2026-09-20 06:46:01,984 [WARNING] leadlag.core.market_calendar: No static holiday table for year 2023. Install jpholiday or update market_calendar.py.
2026-09-20 06:46:01,985 [WARNING] leadlag.core.market_calendar: No static holiday table for year 2023. Install jpholiday or update market_calendar.py.
2026-09-20 06:46:01,985 [WARNING] leadlag.core.market_calendar: No static holiday table for year 2023. Install jpholiday or update market_calendar.py.
2026-09-20 06:46:01,985 [WARNING] leadlag.core.market_calendar: No static holiday table for year 2023. Install jpholiday or update market_calendar.py.
2026-09-20 06:46:01,985 [WARNING] leadlag.core.market_calendar: No static holiday table for year 2023. Install jpholiday or update market_calendar.py.
2026-09-20 06:46:01,985 [WARNING] leadlag.core.market_calendar: No static holiday table for year 2023. Install jpholiday or update market_calendar.py.
2026-09-20 06:46:01,985 [WARNING] leadlag.core.market_calendar: No static holiday table for year 2023. Install jpholiday or update market_calendar.py.
2026-09-20 06:46:01,985 [WARNING] leadlag.core.market_calendar: No static holiday table for year 2023. Install jpholiday or update market_calendar.py.
2026-09-20 06:46:01,986 [WARNING] leadlag.core.market_calendar: No static holiday table for year 2023. Install jpholiday or update market_calendar.py.
2026-09-20 06:46:01,986 [WARNING] leadlag.core.market_calendar: No static holiday table for year 2023. Install jpholiday or update market_calendar.py.
2026-09-20 06:46:01,986 [WARNING] leadlag.core.market_calendar: No static holiday table for year 2023. Install jpholiday or update market_calendar.py.
2026-09-20 06:46:01,986 [WARNING] leadlag.core.market_calendar: No static holiday table for year 2023. Install jpholiday or update market_calendar.py.
2026-09-20 06:46:01,986 [WARNING] leadlag.core.market_calendar: No static holiday table for year 2023. Install jpholiday or update market_calendar.py.
2026-09-20 06:46:01,986 [WARNING] leadlag.core.market_calendar: No static holiday table for year 2023. Install jpholiday or update market_calendar.py.
2026-09-20 06:46:01,986 [WARNING] leadlag.core.market_calendar: No static holiday table for year 2023. Install jpholiday or update market_calendar.py.
2026-09-20 06:46:01,987 [WARNING] leadlag.core.market_calendar: No static holiday table for year 2023. Install jpholiday or update market_calendar.py.
2026-09-20 06:46:01,987 [WARNING] leadlag.core.market_calendar: No static holiday table for year 2023. Install jpholiday or update market_calendar.py.
2026-09-20 06:46:01,987 [WARNING] leadlag.core.market_calendar: No static holiday table for year 2023. Install jpholiday or update market_calendar.py.
2026-09-20 06:46:01,987 [WARNING] leadlag.core.market_calendar: No static holiday table for year 2023. Install jpholiday or update market_calendar.py.
2026-09-20 06:46:01,987 [WARNING] leadlag.core.market_calendar: No static holiday table for year 2023. Install jpholiday or update market_calendar.py.
2026-09-20 06:46:01,987 [WARNING] leadlag.core.market_calendar: No static holiday table for year 2023. Install jpholiday or update market_calendar.py.
2026-09-20 06:46:01,988 [WARNING] leadlag.core.market_calendar: No static holiday table for year 2023. Install jpholiday or update market_calendar.py.
2026-09-20 06:46:01,988 [WARNING] leadlag.core.market_calendar: No static holiday table for year 2023. Install jpholiday or update market_calendar.py.
2026-09-20 06:46:01,988 [WARNING] leadlag.core.market_calendar: No static holiday table for year 2023. Install jpholiday or update market_calendar.py.
2026-09-20 06:46:01,988 [WARNING] leadlag.core.market_calendar: No static holiday table for year 2023. Install jpholiday or update market_calendar.py.
2026-09-20 06:46:01,988 [WARNING] leadlag.core.market_calendar: No static holiday table for year 2023. Install jpholiday or update market_calendar.py.
2026-09-20 06:46:01,988 [WARNING] leadlag.core.market_calendar: No static holiday table for year 2023. Install jpholiday or update market_calendar.py.
2026-09-20 06:46:01,989 [WARNING] leadlag.core.market_calendar: No static holiday table for year 2023. Install jpholiday or update market_calendar.py.
2026-09-20 06:46:01,989 [WARNING] leadlag.core.market_calendar: No static holiday table for year 2023. Install jpholiday or update market_calendar.py.
2026-09-20 06:46:01,989 [WARNING] leadlag.core.market_calendar: No static holiday table for year 2023. Install jpholiday or update market_calendar.py.
2026-09-20 06:46:01,989 [WARNING] leadlag.core.market_calendar: No static holiday table for year 2023. Install jpholiday or update market_calendar.py.
2026-09-20 06:46:01,989 [WARNING] leadlag.core.market_calendar: No static holiday table for year 2023. Install jpholiday or update market_calendar.py.
2026-09-20 06:46:01,989 [WARNING] leadlag.core.market_calendar: No static holiday table for year 2023. Install jpholiday or update market_calendar.py.
2026-09-20 06:46:01,989 [WARNING] leadlag.core.market_calendar: No static holiday table for year 2023. Install jpholiday or update market_calendar.py.
2026-09-20 06:46:01,989 [WARNING] leadlag.core.market_calendar: No static holiday table for year 2023. Install jpholiday or update market_calendar.py.
2026-09-20 06:46:01,990 [WARNING] leadlag.core.market_calendar: No static holiday table for year 2023. Install jpholiday or update market_calendar.py.
2026-09-20 06:46:01,990 [WARNING] leadlag.core.market_calendar: No static holiday table for year 2023. Install jpholiday or update market_calendar.py.
2026-09-20 06:46:01,990 [WARNING] leadlag.core.market_calendar: No static holiday table for year 2023. Install jpholiday or update market_calendar.py.
2026-09-20 06:46:01,990 [WARNING] leadlag.core.market_calendar: No static holiday table for year 2023. Install jpholiday or update market_calendar.py.
2026-09-20 06:46:01,990 [WARNING] leadlag.core.market_calendar: No static holiday table for year 2023. Install jpholiday or update market_calendar.py.
2026-09-20 06:46:01,990 [WARNING] leadlag.core.market_calendar: No static holiday table for year 2023. Install jpholiday or update market_calendar.py.
2026-09-20 06:46:01,990 [WARNING] leadlag.core.market_calendar: No static holiday table for year 2023. Install jpholiday or update market_calendar.py.
2026-09-20 06:46:01,991 [WARNING] leadlag.core.market_calendar: No static holiday table for year 2023. Install jpholiday or update market_calendar.py.
2026-09-20 06:46:01,991 [WARNING] leadlag.core.market_calendar: No static holiday table for year 2023. Install jpholiday or update market_calendar.py.
2026-09-20 06:46:01,991 [WARNING] leadlag.core.market_calendar: No static holiday table for year 2023. Install jpholiday or update market_calendar.py.
2026-09-20 06:46:01,991 [WARNING] leadlag.core.market_calendar: No static holiday table for year 2023. Install jpholiday or update market_calendar.py.
2026-09-20 06:46:01,991 [WARNING] leadlag.core.market_calendar: No static holiday table for year 2023. Install jpholiday or update market_calendar.py.
2026-09-20 06:46:01,991 [WARNING] leadlag.core.market_calendar: No static holiday table for year 2023. Install jpholiday or update market_calendar.py.
2026-09-20 06:46:01,991 [WARNING] leadlag.core.market_calendar: No static holiday table for year 2023. Install jpholiday or update market_calendar.py.
2026-09-20 06:46:01,992 [WARNING] leadlag.core.market_calendar: No static holiday table for year 2023. Install jpholiday or update market_calendar.py.
2026-09-20 06:46:01,992 [WARNING] leadlag.core.market_calendar: No static holiday table for year 2023. Install jpholiday or update market_calendar.py.
2026-09-20 06:46:01,992 [WARNING] leadlag.core.market_calendar: No static holiday table for year 2023. Install jpholiday or update market_calendar.py.
2026-09-20 06:46:01,992 [WARNING] leadlag.core.market_calendar: No static holiday table for year 2023. Install jpholiday or update market_calendar.py.
2026-09-20 06:46:01,992 [WARNING] leadlag.core.market_calendar: No static holiday table for year 2023. Install jpholiday or update market_calendar.py.
2026-09-20 06:46:01,992 [WARNING] leadlag.core.market_calendar: No static holiday table for year 2023. Install jpholiday or update market_calendar.py.
2026-09-20 06:46:01,993 [WARNING] leadlag.core.market_calendar: No static holiday table for year 2023. Install jpholiday or update market_calendar.py.
2026-09-20 06:46:01,993 [WARNING] leadlag.core.market_calendar: No static holiday table for year 2023. Install jpholiday or update market_calendar.py.
2026-09-20 06:46:01,993 [WARNING] leadlag.core.market_calendar: No static holiday table for year 2023. Install jpholiday or update market_calendar.py.
2026-09-20 06:46:01,993 [WARNING] leadlag.core.market_calendar: No static holiday table for year 2023. Install jpholiday or update market_calendar.py.
2026-09-20 06:46:01,993 [WARNING] leadlag.core.market_calendar: No static holiday table for year 2023. Install jpholiday or update market_calendar.py.
2026-09-20 06:46:01,994 [WARNING] leadlag.core.market_calendar: No static holiday table for year 2023. Install jpholiday or update market_calendar.py.
2026-09-20 06:46:01,994 [WARNING] leadlag.core.market_calendar: No static holiday table for year 2023. Install jpholiday or update market_calendar.py.
2026-09-20 06:46:01,994 [WARNING] leadlag.core.market_calendar: No static holiday table for year 2023. Install jpholiday or update market_calendar.py.
2026-09-20 06:46:01,994 [WARNING] leadlag.core.market_calendar: No static holiday table for year 2023. Install jpholiday or update market_calendar.py.
2026-09-20 06:46:01,995 [WARNING] leadlag.core.market_calendar: No static holiday table for year 2023. Install jpholiday or update market_calendar.py.
2026-09-20 06:46:01,995 [WARNING] leadlag.core.market_calendar: No static holiday table for year 2023. Install jpholiday or update market_calendar.py.
2026-09-20 06:46:01,995 [WARNING] leadlag.core.market_calendar: No static holiday table for year 2023. Install jpholiday or update market_calendar.py.
2026-09-20 06:46:01,995 [WARNING] leadlag.core.market_calendar: No static holiday table for year 2023. Install jpholiday or update market_calendar.py.
2026-09-20 06:46:01,995 [WARNING] leadlag.core.market_calendar: No static holiday table for year 2023. Install jpholiday or update market_calendar.py.
2026-09-20 06:46:01,996 [WARNING] leadlag.core.market_calendar: No static holiday table for year 2023. Install jpholiday or update market_calendar.py.
2026-09-20 06:46:01,996 [WARNING] leadlag.core.market_calendar: No static holiday table for year 2023. Install jpholiday or update market_calendar.py.
2026-09-20 06:46:01,996 [WARNING] leadlag.core.market_calendar: No static holiday table for year 2023. Install jpholiday or update market_calendar.py.
2026-09-20 06:46:01,996 [WARNING] leadlag.core.market_calendar: No static holiday table for year 2023. Install jpholiday or update market_calendar.py.
2026-09-20 06:46:01,996 [WARNING] leadlag.core.market_calendar: No static holiday table for year 2023. Install jpholiday or update market_calendar.py.
2026-09-20 06:46:01,996 [WARNING] leadlag.core.market_calendar: No static holiday table for year 2023. Install jpholiday or update market_calendar.py.
2026-09-20 06:46:01,997 [WARNING] leadlag.core.market_calendar: No static holiday table for year 2023. Install jpholiday or update market_calendar.py.
2026-09-20 06:46:01,997 [WARNING] leadlag.core.market_calendar: No static holiday table for year 2023. Install jpholiday or update market_calendar.py.
2026-09-20 06:46:01,997 [WARNING] leadlag.core.market_calendar: No static holiday table for year 2023. Install jpholiday or update market_calendar.py.
2026-09-20 06:46:01,997 [WARNING] leadlag.core.market_calendar: No static holiday table for year 2023. Install jpholiday or update market_calendar.py.
2026-09-20 06:46:01,997 [WARNING] leadlag.core.market_calendar: No static holiday table for year 2023. Install jpholiday or update market_calendar.py.
2026-09-20 06:46:01,997 [WARNING] leadlag.core.market_calendar: No static holiday table for year 2023. Install jpholiday or update market_calendar.py.
2026-09-20 06:46:01,997 [WARNING] leadlag.core.market_calendar: No static holiday table for year 2023. Install jpholiday or update market_calendar.py.
2026-09-20 06:46:01,998 [WARNING] leadlag.core.market_calendar: No static holiday table for year 2023. Install jpholiday or update market_calendar.py.
2026-09-20 06:46:01,998 [WARNING] leadlag.core.market_calendar: No static holiday table for year 2023. Install jpholiday or update market_calendar.py.
2026-09-20 06:46:01,998 [WARNING] leadlag.core.market_calendar: No static holiday table for year 2023. Install jpholiday or update market_calendar.py.
2026-09-20 06:46:01,998 [WARNING] leadlag.core.market_calendar: No static holiday table for year 2023. Install jpholiday or update market_calendar.py.
2026-09-20 06:46:01,998 [WARNING] leadlag.core.market_calendar: No static holiday table for year 2023. Install jpholiday or update market_calendar.py.
2026-09-20 06:46:01,998 [WARNING] leadlag.core.market_calendar: No static holiday table for year 2023. Install jpholiday or update market_calendar.py.
2026-09-20 06:46:01,999 [WARNING] leadlag.core.market_calendar: No static holiday table for year 2023. Install jpholiday or update market_calendar.py.
2026-09-20 06:46:01,999 [WARNING] leadlag.core.market_calendar: No static holiday table for year 2023. Install jpholiday or update market_calendar.py.
2026-09-20 06:46:01,999 [WARNING] leadlag.core.market_calendar: No static holiday table for year 2023. Install jpholiday or update market_calendar.py.
2026-09-20 06:46:01,999 [WARNING] leadlag.core.market_calendar: No static holiday table for year 2023. Install jpholiday or update market_calendar.py.
2026-09-20 06:46:01,999 [WARNING] leadlag.core.market_calendar: No static holiday table for year 2023. Install jpholiday or update market_calendar.py.
2026-09-20 06:46:01,999 [WARNING] leadlag.core.market_calendar: No static holiday table for year 2023. Install jpholiday or update market_calendar.py.
2026-09-20 06:46:01,999 [WARNING] leadlag.core.market_calendar: No static holiday table for year 2023. Install jpholiday or update market_calendar.py.
2026-09-20 06:46:02,000 [WARNING] leadlag.core.market_calendar: No static holiday table for year 2023. Install jpholiday or update market_calendar.py.
2026-09-20 06:46:02,000 [WARNING] leadlag.core.market_calendar: No static holiday table for year 2023. Install jpholiday or update market_calendar.py.
2026-09-20 06:46:02,000 [WARNING] leadlag.core.market_calendar: No static holiday table for year 2023. Install jpholiday or update market_calendar.py.
2026-09-20 06:46:02,000 [WARNING] leadlag.core.market_calendar: No static holiday table for year 2023. Install jpholiday or update market_calendar.py.
2026-09-20 06:46:02,000 [WARNING] leadlag.core.market_calendar: No static holiday table for year 2023. Install jpholiday or update market_calendar.py.
2026-09-20 06:46:02,000 [WARNING] leadlag.core.market_calendar: No static holiday table for year 2023. Install jpholiday or update market_calendar.py.
2026-09-20 06:46:02,000 [WARNING] leadlag.core.market_calendar: No static holiday table for year 2023. Install jpholiday or update market_calendar.py.
2026-09-20 06:46:02,001 [WARNING] leadlag.core.market_calendar: No static holiday table for year 2023. Install jpholiday or update market_calendar.py.
2026-09-20 06:46:02,001 [WARNING] leadlag.core.market_calendar: No static holiday table for year 2023. Install jpholiday or update market_calendar.py.
2026-09-20 06:46:02,001 [WARNING] leadlag.core.market_calendar: No static holiday table for year 2023. Install jpholiday or update market_calendar.py.
2026-09-20 06:46:02,001 [WARNING] leadlag.core.market_calendar: No static holiday table for year 2023. Install jpholiday or update market_calendar.py.
2026-09-20 06:46:02,001 [WARNING] leadlag.core.market_calendar: No static holiday table for year 2023. Install jpholiday or update market_calendar.py.
2026-09-20 06:46:02,001 [WARNING] leadlag.core.market_calendar: No static holiday table for year 2023. Install jpholiday or update market_calendar.py.
2026-09-20 06:46:02,001 [WARNING] leadlag.core.market_calendar: No static holiday table for year 2023. Install jpholiday or update market_calendar.py.
2026-09-20 06:46:02,002 [WARNING] leadlag.core.market_calendar: No static holiday table for year 2023. Install jpholiday or update market_calendar.py.
2026-09-20 06:46:02,002 [WARNING] leadlag.core.market_calendar: No static holiday table for year 2023. Install jpholiday or update market_calendar.py.
2026-09-20 06:46:02,002 [WARNING] leadlag.core.market_calendar: No static holiday table for year 2023. Install jpholiday or update market_calendar.py.
2026-09-20 06:46:02,002 [WARNING] leadlag.core.market_calendar: No static holiday table for year 2023. Install jpholiday or update market_calendar.py.
2026-09-20 06:46:02,002 [WARNING] leadlag.core.market_calendar: No static holiday table for year 2023. Install jpholiday or update market_calendar.py.
2026-09-20 06:46:02,002 [WARNING] leadlag.core.market_calendar: No static holiday table for year 2023. Install jpholiday or update market_calendar.py.
2026-09-20 06:46:02,002 [WARNING] leadlag.core.market_calendar: No static holiday table for year 2023. Install jpholiday or update market_calendar.py.
2026-09-20 06:46:02,002 [WARNING] leadlag.core.market_calendar: No static holiday table for year 2023. Install jpholiday or update market_calendar.py.
2026-09-20 06:46:02,003 [WARNING] leadlag.core.market_calendar: No static holiday table for year 2023. Install jpholiday or update market_calendar.py.
2026-09-20 06:46:02,003 [WARNING] leadlag.core.market_calendar: No static holiday table for year 2023. Install jpholiday or update market_calendar.py.
2026-09-20 06:46:02,003 [WARNING] leadlag.core.market_calendar: No static holiday table for year 2023. Install jpholiday or update market_calendar.py.
2026-09-20 06:46:02,003 [WARNING] leadlag.core.market_calendar: No static holiday table for year 2023. Install jpholiday or update market_calendar.py.
2026-09-20 06:46:02,003 [WARNING] leadlag.core.market_calendar: No static holiday table for year 2023. Install jpholiday or update market_calendar.py.
2026-09-20 06:46:02,003 [WARNING] leadlag.core.market_calendar: No static holiday table for year 2023. Install jpholiday or update market_calendar.py.
2026-09-20 06:46:02,003 [WARNING] leadlag.core.market_calendar: No static holiday table for year 2023. Install jpholiday or update market_calendar.py.
2026-09-20 06:46:02,004 [WARNING] leadlag.core.market_calendar: No static holiday table for year 2023. Install jpholiday or update market_calendar.py.
2026-09-20 06:46:02,004 [WARNING] leadlag.core.market_calendar: No static holiday table for year 2023. Install jpholiday or update market_calendar.py.
2026-09-20 06:46:02,004 [WARNING] leadlag.core.market_calendar: No static holiday table for year 2023. Install jpholiday or update market_calendar.py.
2026-09-20 06:46:02,004 [WARNING] leadlag.core.market_calendar: No static holiday table for year 2023. Install jpholiday or update market_calendar.py.
2026-09-20 06:46:02,004 [WARNING] leadlag.core.market_calendar: No static holiday table for year 2023. Install jpholiday or update market_calendar.py.
2026-09-20 06:46:02,004 [WARNING] leadlag.core.market_calendar: No static holiday table for year 2023. Install jpholiday or update market_calendar.py.
2026-09-20 06:46:02,004 [WARNING] leadlag.core.market_calendar: No static holiday table for year 2023. Install jpholiday or update market_calendar.py.
2026-09-20 06:46:02,005 [WARNING] leadlag.core.market_calendar: No static holiday table for year 2023. Install jpholiday or update market_calendar.py.
2026-09-20 06:46:02,005 [WARNING] leadlag.core.market_calendar: No static holiday table for year 2023. Install jpholiday or update market_calendar.py.
2026-09-20 06:46:02,005 [WARNING] leadlag.core.market_calendar: No static holiday table for year 2024. Install jpholiday or update market_calendar.py.
2026-09-20 06:46:02,005 [WARNING] leadlag.core.market_calendar: No static holiday table for year 2024. Install jpholiday or update market_calendar.py.
2026-09-20 06:46:02,005 [WARNING] leadlag.core.market_calendar: No static holiday table for year 2024. Install jpholiday or update market_calendar.py.
2026-09-20 06:46:02,005 [WARNING] leadlag.core.market_calendar: No static holiday table for year 2024. Install jpholiday or update market_calendar.py.
2026-09-20 06:46:02,005 [WARNING] leadlag.core.market_calendar: No static holiday table for year 2024. Install jpholiday or update market_calendar.py.
2026-09-20 06:46:02,006 [WARNING] leadlag.core.market_calendar: No static holiday table for year 2024. Install jpholiday or update market_calendar.py.
2026-09-20 06:46:02,006 [WARNING] leadlag.core.market_calendar: No static holiday table for year 2024. Install jpholiday or update market_calendar.py.
2026-09-20 06:46:02,006 [WARNING] leadlag.core.market_calendar: No static holiday table for year 2024. Install jpholiday or update market_calendar.py.
2026-09-20 06:46:02,006 [WARNING] leadlag.core.market_calendar: No static holiday table for year 2024. Install jpholiday or update market_calendar.py.
2026-09-20 06:46:02,006 [WARNING] leadlag.core.market_calendar: No static holiday table for year 2024. Install jpholiday or update market_calendar.py.
2026-09-20 06:46:02,006 [WARNING] leadlag.core.market_calendar: No static holiday table for year 2024. Install jpholiday or update market_calendar.py.
2026-09-20 06:46:02,007 [WARNING] leadlag.core.market_calendar: No static holiday table for year 2024. Install jpholiday or update market_calendar.py.
2026-09-20 06:46:02,007 [WARNING] leadlag.core.market_calendar: No static holiday table for year 2024. Install jpholiday or update market_calendar.py.
2026-09-20 06:46:02,007 [WARNING] leadlag.core.market_calendar: No static holiday table for year 2024. Install jpholiday or update market_calendar.py.
2026-09-20 06:46:02,007 [WARNING] leadlag.core.market_calendar: No static holiday table for year 2024. Install jpholiday or update market_calendar.py.
2026-09-20 06:46:02,007 [WARNING] leadlag.core.market_calendar: No static holiday table for year 2024. Install jpholiday or update market_calendar.py.
2026-09-20 06:46:02,007 [WARNING] leadlag.core.market_calendar: No static holiday table for year 2024. Install jpholiday or update market_calendar.py.
2026-09-20 06:46:02,007 [WARNING] leadlag.core.market_calendar: No static holiday table for year 2024. Install jpholiday or update market_calendar.py.
2026-09-20 06:46:02,008 [WARNING] leadlag.core.market_calendar: No static holiday table for year 2024. Install jpholiday or update market_calendar.py.
2026-09-20 06:46:02,008 [WARNING] leadlag.core.market_calendar: No static holiday table for year 2024. Install jpholiday or update market_calendar.py.
2026-09-20 06:46:02,008 [WARNING] leadlag.core.market_calendar: No static holiday table for year 2024. Install jpholiday or update market_calendar.py.
2026-09-20 06:46:02,008 [WARNING] leadlag.core.market_calendar: No static holiday table for year 2024. Install jpholiday or update market_calendar.py.
2026-09-20 06:46:02,008 [WARNING] leadlag.core.market_calendar: No static holiday table for year 2024. Install jpholiday or update market_calendar.py.
2026-09-20 06:46:02,008 [WARNING] leadlag.core.market_calendar: No static holiday table for year 2024. Install jpholiday or update market_calendar.py.
2026-09-20 06:46:02,008 [WARNING] leadlag.core.market_calendar: No static holiday table for year 2024. Install jpholiday or update market_calendar.py.
2026-09-20 06:46:02,009 [WARNING] leadlag.core.market_calendar: No static holiday table for year 2024. Install jpholiday or update market_calendar.py.
2026-09-20 06:46:02,009 [WARNING] leadlag.core.market_calendar: No static holiday table for year 2024. Install jpholiday or update market_calendar.py.
2026-09-20 06:46:02,009 [WARNING] leadlag.core.market_calendar: No static holiday table for year 2024. Install jpholiday or update market_calendar.py.
2026-09-20 06:46:02,009 [WARNING] leadlag.core.market_calendar: No static holiday table for year 2024. Install jpholiday or update market_calendar.py.
2026-09-20 06:46:02,009 [WARNING] leadlag.core.market_calendar: No static holiday table for year 2024. Install jpholiday or update market_calendar.py.
2026-09-20 06:46:02,009 [WARNING] leadlag.core.market_calendar: No static holiday table for year 2024. Install jpholiday or update market_calendar.py.
2026-09-20 06:46:02,009 [WARNING] leadlag.core.market_calendar: No static holiday table for year 2024. Install jpholiday or update market_calendar.py.
2026-09-20 06:46:02,010 [WARNING] leadlag.core.market_calendar: No static holiday table for year 2024. Install jpholiday or update market_calendar.py.
2026-09-20 06:46:02,010 [WARNING] leadlag.core.market_calendar: No static holiday table for year 2024. Install jpholiday or update market_calendar.py.
2026-09-20 06:46:02,010 [WARNING] leadlag.core.market_calendar: No static holiday table for year 2024. Install jpholiday or update market_calendar.py.
2026-09-20 06:46:02,010 [WARNING] leadlag.core.market_calendar: No static holiday table for year 2024. Install jpholiday or update market_calendar.py.
2026-09-20 06:46:02,010 [WARNING] leadlag.core.market_calendar: No static holiday table for year 2024. Install jpholiday or update market_calendar.py.
2026-09-20 06:46:02,010 [WARNING] leadlag.core.market_calendar: No static holiday table for year 2024. Install jpholiday or update market_calendar.py.
2026-09-20 06:46:02,010 [WARNING] leadlag.core.market_calendar: No static holiday table for year 2024. Install jpholiday or update market_calendar.py.
2026-09-20 06:46:02,011 [WARNING] leadlag.core.market_calendar: No static holiday table for year 2024. Install jpholiday or update market_calendar.py.
2026-09-20 06:46:02,011 [WARNING] leadlag.core.market_calendar: No static holiday table for year 2024. Install jpholiday or update market_calendar.py.
2026-09-20 06:46:02,011 [WARNING] leadlag.core.market_calendar: No static holiday table for year 2024. Install jpholiday or update market_calendar.py.
2026-09-20 06:46:02,011 [WARNING] leadlag.core.market_calendar: No static holiday table for year 2024. Install jpholiday or update market_calendar.py.
2026-09-20 06:46:02,011 [WARNING] leadlag.core.market_calendar: No static holiday table for year 2024. Install jpholiday or update market_calendar.py.
2026-09-20 06:46:02,012 [WARNING] leadlag.core.market_calendar: No static holiday table for year 2024. Install jpholiday or update market_calendar.py.
2026-09-20 06:46:02,012 [WARNING] leadlag.core.market_calendar: No static holiday table for year 2024. Install jpholiday or update market_calendar.py.
2026-09-20 06:46:02,012 [WARNING] leadlag.core.market_calendar: No static holiday table for year 2024. Install jpholiday or update market_calendar.py.
2026-09-20 06:46:02,012 [WARNING] leadlag.core.market_calendar: No static holiday table for year 2024. Install jpholiday or update market_calendar.py.
2026-09-20 06:46:02,012 [WARNING] leadlag.core.market_calendar: No static holiday table for year 2024. Install jpholiday or update market_calendar.py.
2026-09-20 06:46:02,012 [WARNING] leadlag.core.market_calendar: No static holiday table for year 2024. Install jpholiday or update market_calendar.py.
2026-09-20 06:46:02,013 [WARNING] leadlag.core.market_calendar: No static holiday table for year 2024. Install jpholiday or update market_calendar.py.
2026-09-20 06:46:02,013 [WARNING] leadlag.core.market_calendar: No static holiday table for year 2024. Install jpholiday or update market_calendar.py.
2026-09-20 06:46:02,013 [WARNING] leadlag.core.market_calendar: No static holiday table for year 2024. Install jpholiday or update market_calendar.py.
2026-09-20 06:46:02,013 [WARNING] leadlag.core.market_calendar: No static holiday table for year 2024. Install jpholiday or update market_calendar.py.
2026-09-20 06:46:02,013 [WARNING] leadlag.core.market_calendar: No static holiday table for year 2024. Install jpholiday or update market_calendar.py.
2026-09-20 06:46:02,014 [WARNING] leadlag.core.market_calendar: No static holiday table for year 2024. Install jpholiday or update market_calendar.py.
2026-09-20 06:46:02,014 [WARNING] leadlag.core.market_calendar: No static holiday table for year 2024. Install jpholiday or update market_calendar.py.
2026-09-20 06:46:02,014 [WARNING] leadlag.core.market_calendar: No static holiday table for year 2024. Install jpholiday or update market_calendar.py.
2026-09-20 06:46:02,014 [WARNING] leadlag.core.market_calendar: No static holiday table for year 2024. Install jpholiday or update market_calendar.py.
2026-09-20 06:46:02,014 [WARNING] leadlag.core.market_calendar: No static holiday table for year 2024. Install jpholiday or update market_calendar.py.
2026-09-20 06:46:02,014 [WARNING] leadlag.core.market_calendar: No static holiday table for year 2024. Install jpholiday or update market_calendar.py.
2026-09-20 06:46:02,015 [WARNING] leadlag.core.market_calendar: No static holiday table for year 2024. Install jpholiday or update market_calendar.py.
2026-09-20 06:46:02,015 [WARNING] leadlag.core.market_calendar: No static holiday table for year 2024. Install jpholiday or update market_calendar.py.
2026-09-20 06:46:02,015 [WARNING] leadlag.core.market_calendar: No static holiday table for year 2024. Install jpholiday or update market_calendar.py.
2026-09-20 06:46:02,015 [WARNING] leadlag.core.market_calendar: No static holiday table for year 2024. Install jpholiday or update market_calendar.py.
2026-09-20 06:46:02,015 [WARNING] leadlag.core.market_calendar: No static holiday table for year 2024. Install jpholiday or update market_calendar.py.
2026-09-20 06:46:02,015 [WARNING] leadlag.core.market_calendar: No static holiday table for year 2024. Install jpholiday or update market_calendar.py.
2026-09-20 06:46:02,015 [WARNING] leadlag.core.market_calendar: No static holiday table for year 2024. Install jpholiday or update market_calendar.py.
2026-09-20 06:46:02,015 [WARNING] leadlag.core.market_calendar: No static holiday table for year 2024. Install jpholiday or update market_calendar.py.
2026-09-20 06:46:02,016 [WARNING] leadlag.core.market_calendar: No static holiday table for year 2024. Install jpholiday or update market_calendar.py.
2026-09-20 06:46:02,016 [WARNING] leadlag.core.market_calendar: No static holiday table for year 2024. Install jpholiday or update market_calendar.py.
2026-09-20 06:46:02,016 [WARNING] leadlag.core.market_calendar: No static holiday table for year 2024. Install jpholiday or update market_calendar.py.
2026-09-20 06:46:02,016 [WARNING] leadlag.core.market_calendar: No static holiday table for year 2024. Install jpholiday or update market_calendar.py.
2026-09-20 06:46:02,016 [WARNING] leadlag.core.market_calendar: No static holiday table for year 2024. Install jpholiday or update market_calendar.py.
2026-09-20 06:46:02,016 [WARNING] leadlag.core.market_calendar: No static holiday table for year 2024. Install jpholiday or update market_calendar.py.
2026-09-20 06:46:02,016 [WARNING] leadlag.core.market_calendar: No static holiday table for year 2024. Install jpholiday or update market_calendar.py.
2026-09-20 06:46:02,017 [WARNING] leadlag.core.market_calendar: No static holiday table for year 2024. Install jpholiday or update market_calendar.py.
2026-09-20 06:46:02,017 [WARNING] leadlag.core.market_calendar: No static holiday table for year 2024. Install jpholiday or update market_calendar.py.
2026-09-20 06:46:02,017 [WARNING] leadlag.core.market_calendar: No static holiday table for year 2024. Install jpholiday or update market_calendar.py.
2026-09-20 06:46:02,017 [WARNING] leadlag.core.market_calendar: No static holiday table for year 2024. Install jpholiday or update market_calendar.py.
2026-09-20 06:46:02,017 [WARNING] leadlag.core.market_calendar: No static holiday table for year 2024. Install jpholiday or update market_calendar.py.
2026-09-20 06:46:02,017 [WARNING] leadlag.core.market_calendar: No static holiday table for year 2024. Install jpholiday or update market_calendar.py.
2026-09-20 06:46:02,017 [WARNING] leadlag.core.market_calendar: No static holiday table for year 2024. Install jpholiday or update market_calendar.py.
2026-09-20 06:46:02,017 [WARNING] leadlag.core.market_calendar: No static holiday table for year 2024. Install jpholiday or update market_calendar.py.
2026-09-20 06:46:02,018 [WARNING] leadlag.core.market_calendar: No static holiday table for year 2024. Install jpholiday or update market_calendar.py.
2026-09-20 06:46:02,018 [WARNING] leadlag.core.market_calendar: No static holiday table for year 2024. Install jpholiday or update market_calendar.py.
2026-09-20 06:46:02,018 [WARNING] leadlag.core.market_calendar: No static holiday table for year 2024. Install jpholiday or update market_calendar.py.
2026-09-20 06:46:02,018 [WARNING] leadlag.core.market_calendar: No static holiday table for year 2024. Install jpholiday or update market_calendar.py.
2026-09-20 06:46:02,018 [WARNING] leadlag.core.market_calendar: No static holiday table for year 2024. Install jpholiday or update market_calendar.py.
2026-09-20 06:46:02,018 [WARNING] leadlag.core.market_calendar: No static holiday table for year 2024. Install jpholiday or update market_calendar.py.
2026-09-20 06:46:02,018 [WARNING] leadlag.core.market_calendar: No static holiday table for year 2024. Install jpholiday or update market_calendar.py.
2026-09-20 06:46:02,019 [WARNING] leadlag.core.market_calendar: No static holiday table for year 2024. Install jpholiday or update market_calendar.py.
2026-09-20 06:46:02,019 [WARNING] leadlag.core.market_calendar: No static holiday table for year 2024. Install jpholiday or update market_calendar.py.
2026-09-20 06:46:02,019 [WARNING] leadlag.core.market_calendar: No static holiday table for year 2024. Install jpholiday or update market_calendar.py.
2026-09-20 06:46:02,019 [WARNING] leadlag.core.market_calendar: No static holiday table for year 2024. Install jpholiday or update market_calendar.py.
2026-09-20 06:46:02,019 [WARNING] leadlag.core.market_calendar: No static holiday table for year 2024. Install jpholiday or update market_calendar.py.
2026-09-20 06:46:02,019 [WARNING] leadlag.core.market_calendar: No static holiday table for year 2024. Install jpholiday or update market_calendar.py.
2026-09-20 06:46:02,019 [WARNING] leadlag.core.market_calendar: No static holiday table for year 2024. Install jpholiday or update market_calendar.py.
2026-09-20 06:46:02,020 [WARNING] leadlag.core.market_calendar: No static holiday table for year 2024. Install jpholiday or update market_calendar.py.
2026-09-20 06:46:02,020 [WARNING] leadlag.core.market_calendar: No static holiday table for year 2024. Install jpholiday or update market_calendar.py.
2026-09-20 06:46:02,020 [WARNING] leadlag.core.market_calendar: No static holiday table for year 2024. Install jpholiday or update market_calendar.py.
2026-09-20 06:46:02,020 [WARNING] leadlag.core.market_calendar: No static holiday table for year 2024. Install jpholiday or update market_calendar.py.
2026-09-20 06:46:02,020 [WARNING] leadlag.core.market_calendar: No static holiday table for year 2024. Install jpholiday or update market_calendar.py.
2026-09-20 06:46:02,020 [WARNING] leadlag.core.market_calendar: No static holiday table for year 2024. Install jpholiday or update market_calendar.py.
2026-09-20 06:46:02,020 [WARNING] leadlag.core.market_calendar: No static holiday table for year 2024. Install jpholiday or update market_calendar.py.
2026-09-20 06:46:02,020 [WARNING] leadlag.core.market_calendar: No static holiday table for year 2024. Install jpholiday or update market_calendar.py.
2026-09-20 06:46:02,021 [WARNING] leadlag.core.market_calendar: No static holiday table for year 2024. Install jpholiday or update market_calendar.py.
2026-09-20 06:46:02,021 [WARNING] leadlag.core.market_calendar: No static holiday table for year 2024. Install jpholiday or update market_calendar.py.
2026-09-20 06:46:02,021 [WARNING] leadlag.core.market_calendar: No static holiday table for year 2024. Install jpholiday or update market_calendar.py.
2026-09-20 06:46:02,021 [WARNING] leadlag.core.market_calendar: No static holiday table for year 2024. Install jpholiday or update market_calendar.py.
2026-09-20 06:46:02,021 [WARNING] leadlag.core.market_calendar: No static holiday table for year 2024. Install jpholiday or update market_calendar.py.
2026-09-20 06:46:02,021 [WARNING] leadlag.core.market_calendar: No static holiday table for year 2024. Install jpholiday or update market_calendar.py.
2026-09-20 06:46:02,021 [WARNING] leadlag.core.market_calendar: No static holiday table for year 2024. Install jpholiday or update market_calendar.py.
2026-09-20 06:46:02,022 [WARNING] leadlag.core.market_calendar: No static holiday table for year 2024. Install jpholiday or update market_calendar.py.
2026-09-20 06:46:02,022 [WARNING] leadlag.core.market_calendar: No static holiday table for year 2024. Install jpholiday or update market_calendar.py.
2026-09-20 06:46:02,022 [WARNING] leadlag.core.market_calendar: No static holiday table for year 2024. Install jpholiday or update market_calendar.py.
2026-09-20 06:46:02,022 [WARNING] leadlag.core.market_calendar: No static holiday table for year 2024. Install jpholiday or update market_calendar.py.
2026-09-20 06:46:02,022 [WARNING] leadlag.core.market_calendar: No static holiday table for year 2024. Install jpholiday or update market_calendar.py.
2026-09-20 06:46:02,022 [WARNING] leadlag.core.market_calendar: No static holiday table for year 2024. Install jpholiday or update market_calendar.py.
2026-09-20 06:46:02,022 [WARNING] leadlag.core.market_calendar: No static holiday table for year 2024. Install jpholiday or update market_calendar.py.
2026-09-20 06:46:02,023 [WARNING] leadlag.core.market_calendar: No static holiday table for year 2024. Install jpholiday or update market_calendar.py.
2026-09-20 06:46:02,023 [WARNING] leadlag.core.market_calendar: No static holiday table for year 2024. Install jpholiday or update market_calendar.py.
2026-09-20 06:46:02,023 [WARNING] leadlag.core.market_calendar: No static holiday table for year 2024. Install jpholiday or update market_calendar.py.
2026-09-20 06:46:02,023 [WARNING] leadlag.core.market_calendar: No static holiday table for year 2024. Install jpholiday or update market_calendar.py.
2026-09-20 06:46:02,023 [WARNING] leadlag.core.market_calendar: No static holiday table for year 2024. Install jpholiday or update market_calendar.py.
2026-09-20 06:46:02,023 [WARNING] leadlag.core.market_calendar: No static holiday table for year 2024. Install jpholiday or update market_calendar.py.
2026-09-20 06:46:02,023 [WARNING] leadlag.core.market_calendar: No static holiday table for year 2024. Install jpholiday or update market_calendar.py.
2026-09-20 06:46:02,024 [WARNING] leadlag.core.market_calendar: No static holiday table for year 2024. Install jpholiday or update market_calendar.py.
2026-09-20 06:46:02,024 [WARNING] leadlag.core.market_calendar: No static holiday table for year 2024. Install jpholiday or update market_calendar.py.
2026-09-20 06:46:02,024 [WARNING] leadlag.core.market_calendar: No static holiday table for year 2024. Install jpholiday or update market_calendar.py.
2026-09-20 06:46:02,024 [WARNING] leadlag.core.market_calendar: No static holiday table for year 2024. Install jpholiday or update market_calendar.py.
2026-09-20 06:46:02,024 [WARNING] leadlag.core.market_calendar: No static holiday table for year 2024. Install jpholiday or update market_calendar.py.
2026-09-20 06:46:02,024 [WARNING] leadlag.core.market_calendar: No static holiday table for year 2024. Install jpholiday or update market_calendar.py.
2026-09-20 06:46:02,025 [WARNING] leadlag.core.market_calendar: No static holiday table for year 2024. Install jpholiday or update market_calendar.py.
2026-09-20 06:46:02,025 [WARNING] leadlag.core.market_calendar: No static holiday table for year 2024. Install jpholiday or update market_calendar.py.
2026-09-20 06:46:02,025 [WARNING] leadlag.core.market_calendar: No static holiday table for year 2024. Install jpholiday or update market_calendar.py.
2026-09-20 06:46:02,025 [WARNING] leadlag.core.market_calendar: No static holiday table for year 2024. Install jpholiday or update market_calendar.py.
2026-09-20 06:46:02,025 [WARNING] leadlag.core.market_calendar: No static holiday table for year 2024. Install jpholiday or update market_calendar.py.
2026-09-20 06:46:02,025 [WARNING] leadlag.core.market_calendar: No static holiday table for year 2024. Install jpholiday or update market_calendar.py.
2026-09-20 06:46:02,026 [WARNING] leadlag.core.market_calendar: No static holiday table for year 2024. Install jpholiday or update market_calendar.py.
2026-09-20 06:46:02,026 [WARNING] leadlag.core.market_calendar: No static holiday table for year 2024. Install jpholiday or update market_calendar.py.
2026-09-20 06:46:02,026 [WARNING] leadlag.core.market_calendar: No static holiday table for year 2024. Install jpholiday or update market_calendar.py.
2026-09-20 06:46:02,026 [WARNING] leadlag.core.market_calendar: No static holiday table for year 2024. Install jpholiday or update market_calendar.py.
2026-09-20 06:46:02,026 [WARNING] leadlag.core.market_calendar: No static holiday table for year 2024. Install jpholiday or update market_calendar.py.
2026-09-20 06:46:02,026 [WARNING] leadlag.core.market_calendar: No static holiday table for year 2024. Install jpholiday or update market_calendar.py.
2026-09-20 06:46:02,026 [WARNING] leadlag.core.market_calendar: No static holiday table for year 2024. Install jpholiday or update market_calendar.py.
2026-09-20 06:46:02,027 [WARNING] leadlag.core.market_calendar: No static holiday table for year 2024. Install jpholiday or update market_calendar.py.
2026-09-20 06:46:02,027 [WARNING] leadlag.core.market_calendar: No static holiday table for year 2024. Install jpholiday or update market_calendar.py.
2026-09-20 06:46:02,027 [WARNING] leadlag.core.market_calendar: No static holiday table for year 2024. Install jpholiday or update market_calendar.py.
2026-09-20 06:46:02,027 [WARNING] leadlag.core.market_calendar: No static holiday table for year 2024. Install jpholiday or update market_calendar.py.
2026-09-20 06:46:02,027 [WARNING] leadlag.core.market_calendar: No static holiday table for year 2024. Install jpholiday or update market_calendar.py.
2026-09-20 06:46:02,027 [WARNING] leadlag.core.market_calendar: No static holiday table for year 2024. Install jpholiday or update market_calendar.py.
2026-09-20 06:46:02,027 [WARNING] leadlag.core.market_calendar: No static holiday table for year 2024. Install jpholiday or update market_calendar.py.
2026-09-20 06:46:02,027 [WARNING] leadlag.core.market_calendar: No static holiday table for year 2024. Install jpholiday or update market_calendar.py.
2026-09-20 06:46:02,028 [WARNING] leadlag.core.market_calendar: No static holiday table for year 2024. Install jpholiday or update market_calendar.py.
2026-09-20 06:46:02,028 [WARNING] leadlag.core.market_calendar: No static holiday table for year 2024. Install jpholiday or update market_calendar.py.
2026-09-20 06:46:02,028 [WARNING] leadlag.core.market_calendar: No static holiday table for year 2024. Install jpholiday or update market_calendar.py.
2026-09-20 06:46:02,028 [WARNING] leadlag.core.market_calendar: No static holiday table for year 2024. Install jpholiday or update market_calendar.py.
2026-09-20 06:46:02,028 [WARNING] leadlag.core.market_calendar: No static holiday table for year 2024. Install jpholiday or update market_calendar.py.
2026-09-20 06:46:02,028 [WARNING] leadlag.core.market_calendar: No static holiday table for year 2024. Install jpholiday or update market_calendar.py.
2026-09-20 06:46:02,028 [WARNING] leadlag.core.market_calendar: No static holiday table for year 2024. Install jpholiday or update market_calendar.py.
2026-09-20 06:46:02,029 [WARNING] leadlag.core.market_calendar: No static holiday table for year 2024. Install jpholiday or update market_calendar.py.
2026-09-20 06:46:02,029 [WARNING] leadlag.core.market_calendar: No static holiday table for year 2024. Install jpholiday or update market_calendar.py.
2026-09-20 06:46:02,029 [WARNING] leadlag.core.market_calendar: No static holiday table for year 2024. Install jpholiday or update market_calendar.py.
2026-09-20 06:46:02,029 [WARNING] leadlag.core.market_calendar: No static holiday table for year 2024. Install jpholiday or update market_calendar.py.
2026-09-20 06:46:02,029 [WARNING] leadlag.core.market_calendar: No static holiday table for year 2024. Install jpholiday or update market_calendar.py.
2026-09-20 06:46:02,030 [WARNING] leadlag.core.market_calendar: No static holiday table for year 2024. Install jpholiday or update market_calendar.py.
2026-09-20 06:46:02,030 [WARNING] leadlag.core.market_calendar: No static holiday table for year 2024. Install jpholiday or update market_calendar.py.
2026-09-20 06:46:02,030 [WARNING] leadlag.core.market_calendar: No static holiday table for year 2024. Install jpholiday or update market_calendar.py.
2026-09-20 06:46:02,030 [WARNING] leadlag.core.market_calendar: No static holiday table for year 2024. Install jpholiday or update market_calendar.py.
2026-09-20 06:46:02,030 [WARNING] leadlag.core.market_calendar: No static holiday table for year 2024. Install jpholiday or update market_calendar.py.
2026-09-20 06:46:02,031 [WARNING] leadlag.core.market_calendar: No static holiday table for year 2024. Install jpholiday or update market_calendar.py.
2026-09-20 06:46:02,031 [WARNING] leadlag.core.market_calendar: No static holiday table for year 2024. Install jpholiday or update market_calendar.py.
2026-09-20 06:46:02,031 [WARNING] leadlag.core.market_calendar: No static holiday table for year 2024. Install jpholiday or update market_calendar.py.
2026-09-20 06:46:02,031 [WARNING] leadlag.core.market_calendar: No static holiday table for year 2024. Install jpholiday or update market_calendar.py.
2026-09-20 06:46:02,031 [WARNING] leadlag.core.market_calendar: No static holiday table for year 2024. Install jpholiday or update market_calendar.py.
2026-09-20 06:46:02,032 [WARNING] leadlag.core.market_calendar: No static holiday table for year 2024. Install jpholiday or update market_calendar.py.
2026-09-20 06:46:02,032 [WARNING] leadlag.core.market_calendar: No static holiday table for year 2024. Install jpholiday or update market_calendar.py.
2026-09-20 06:46:02,032 [WARNING] leadlag.core.market_calendar: No static holiday table for year 2024. Install jpholiday or update market_calendar.py.
2026-09-20 06:46:02,032 [WARNING] leadlag.core.market_calendar: No static holiday table for year 2024. Install jpholiday or update market_calendar.py.
2026-09-20 06:46:02,032 [WARNING] leadlag.core.market_calendar: No static holiday table for year 2024. Install jpholiday or update market_calendar.py.
2026-09-20 06:46:02,033 [WARNING] leadlag.core.market_calendar: No static holiday table for year 2024. Install jpholiday or update market_calendar.py.
2026-09-20 06:46:02,033 [WARNING] leadlag.core.market_calendar: No static holiday table for year 2024. Install jpholiday or update market_calendar.py.
2026-09-20 06:46:02,033 [WARNING] leadlag.core.market_calendar: No static holiday table for year 2024. Install jpholiday or update market_calendar.py.
2026-09-20 06:46:02,033 [WARNING] leadlag.core.market_calendar: No static holiday table for year 2024. Install jpholiday or update market_calendar.py.
2026-09-20 06:46:02,033 [WARNING] leadlag.core.market_calendar: No static holiday table for year 2024. Install jpholiday or update market_calendar.py.
2026-09-20 06:46:02,033 [WARNING] leadlag.core.market_calendar: No static holiday table for year 2024. Install jpholiday or update market_calendar.py.
2026-09-20 06:46:02,033 [WARNING] leadlag.core.market_calendar: No static holiday table for year 2024. Install jpholiday or update market_calendar.py.
2026-09-20 06:46:02,034 [WARNING] leadlag.core.market_calendar: No static holiday table for year 2024. Install jpholiday or update market_calendar.py.
2026-09-20 06:46:02,034 [WARNING] leadlag.core.market_calendar: No static holiday table for year 2024. Install jpholiday or update market_calendar.py.
2026-09-20 06:46:02,034 [WARNING] leadlag.core.market_calendar: No static holiday table for year 2024. Install jpholiday or update market_calendar.py.
2026-09-20 06:46:02,034 [WARNING] leadlag.core.market_calendar: No static holiday table for year 2024. Install jpholiday or update market_calendar.py.
2026-09-20 06:46:02,034 [WARNING] leadlag.core.market_calendar: No static holiday table for year 2024. Install jpholiday or update market_calendar.py.
2026-09-20 06:46:02,034 [WARNING] leadlag.core.market_calendar: No static holiday table for year 2024. Install jpholiday or update market_calendar.py.
2026-09-20 06:46:02,035 [WARNING] leadlag.core.market_calendar: No static holiday table for year 2024. Install jpholiday or update market_calendar.py.
2026-09-20 06:46:02,035 [WARNING] leadlag.core.market_calendar: No static holiday table for year 2024. Install jpholiday or update market_calendar.py.
2026-09-20 06:46:02,035 [WARNING] leadlag.core.market_calendar: No static holiday table for year 2024. Install jpholiday or update market_calendar.py.
2026-09-20 06:46:02,035 [WARNING] leadlag.core.market_calendar: No static holiday table for year 2024. Install jpholiday or update market_calendar.py.
2026-09-20 06:46:02,035 [WARNING] leadlag.core.market_calendar: No static holiday table for year 2024. Install jpholiday or update market_calendar.py.
2026-09-20 06:46:02,035 [WARNING] leadlag.core.market_calendar: No static holiday table for year 2024. Install jpholiday or update market_calendar.py.
2026-09-20 06:46:02,036 [WARNING] leadlag.core.market_calendar: No static holiday table for year 2024. Install jpholiday or update market_calendar.py.
2026-09-20 06:46:02,036 [WARNING] leadlag.core.market_calendar: No static holiday table for year 2024. Install jpholiday or update market_calendar.py.
2026-09-20 06:46:02,036 [WARNING] leadlag.core.market_calendar: No static holiday table for year 2024. Install jpholiday or update market_calendar.py.
2026-09-20 06:46:02,036 [WARNING] leadlag.core.market_calendar: No static holiday table for year 2024. Install jpholiday or update market_calendar.py.
2026-09-20 06:46:02,036 [WARNING] leadlag.core.market_calendar: No static holiday table for year 2024. Install jpholiday or update market_calendar.py.
2026-09-20 06:46:02,036 [WARNING] leadlag.core.market_calendar: No static holiday table for year 2024. Install jpholiday or update market_calendar.py.
2026-09-20 06:46:02,036 [WARNING] leadlag.core.market_calendar: No static holiday table for year 2024. Install jpholiday or update market_calendar.py.
2026-09-20 06:46:02,037 [WARNING] leadlag.core.market_calendar: No static holiday table for year 2024. Install jpholiday or update market_calendar.py.
2026-09-20 06:46:02,037 [WARNING] leadlag.core.market_calendar: No static holiday table for year 2024. Install jpholiday or update market_calendar.py.
2026-09-20 06:46:02,037 [WARNING] leadlag.core.market_calendar: No static holiday table for year 2024. Install jpholiday or update market_calendar.py.
2026-09-20 06:46:02,037 [WARNING] leadlag.core.market_calendar: No static holiday table for year 2024. Install jpholiday or update market_calendar.py.
2026-09-20 06:46:02,037 [WARNING] leadlag.core.market_calendar: No static holiday table for year 2024. Install jpholiday or update market_calendar.py.
2026-09-20 06:46:02,037 [WARNING] leadlag.core.market_calendar: No static holiday table for year 2024. Install jpholiday or update market_calendar.py.
2026-09-20 06:46:02,037 [WARNING] leadlag.core.market_calendar: No static holiday table for year 2024. Install jpholiday or update market_calendar.py.
2026-09-20 06:46:02,038 [WARNING] leadlag.core.market_calendar: No static holiday table for year 2024. Install jpholiday or update market_calendar.py.
2026-09-20 06:46:02,038 [WARNING] leadlag.core.market_calendar: No static holiday table for year 2024. Install jpholiday or update market_calendar.py.
2026-09-20 06:46:02,038 [WARNING] leadlag.core.market_calendar: No static holiday table for year 2024. Install jpholiday or update market_calendar.py.
2026-09-20 06:46:02,038 [WARNING] leadlag.core.market_calendar: No static holiday table for year 2024. Install jpholiday or update market_calendar.py.
2026-09-20 06:46:02,038 [WARNING] leadlag.core.market_calendar: No static holiday table for year 2024. Install jpholiday or update market_calendar.py.
2026-09-20 06:46:02,038 [WARNING] leadlag.core.market_calendar: No static holiday table for year 2024. Install jpholiday or update market_calendar.py.
2026-09-20 06:46:02,038 [WARNING] leadlag.core.market_calendar: No static holiday table for year 2024. Install jpholiday or update market_calendar.py.
2026-09-20 06:46:02,039 [WARNING] leadlag.core.market_calendar: No static holiday table for year 2024. Install jpholiday or update market_calendar.py.
2026-09-20 06:46:02,039 [WARNING] leadlag.core.market_calendar: No static holiday table for year 2024. Install jpholiday or update market_calendar.py.
2026-09-20 06:46:02,039 [WARNING] leadlag.core.market_calendar: No static holiday table for year 2024. Install jpholiday or update market_calendar.py.
2026-09-20 06:46:02,039 [WARNING] leadlag.core.market_calendar: No static holiday table for year 2024. Install jpholiday or update market_calendar.py.
2026-09-20 06:46:02,039 [WARNING] leadlag.core.market_calendar: No static holiday table for year 2024. Install jpholiday or update market_calendar.py.
2026-09-20 06:46:02,039 [WARNING] leadlag.core.market_calendar: No static holiday table for year 2024. Install jpholiday or update market_calendar.py.
2026-09-20 06:46:02,039 [WARNING] leadlag.core.market_calendar: No static holiday table for year 2024. Install jpholiday or update market_calendar.py.
2026-09-20 06:46:02,039 [WARNING] leadlag.core.market_calendar: No static holiday table for year 2024. Install jpholiday or update market_calendar.py.
2026-09-20 06:46:02,040 [WARNING] leadlag.core.market_calendar: No static holiday table for year 2024. Install jpholiday or update market_calendar.py.
2026-09-20 06:46:02,040 [WARNING] leadlag.core.market_calendar: No static holiday table for year 2024. Install jpholiday or update market_calendar.py.
2026-09-20 06:46:02,040 [WARNING] leadlag.core.market_calendar: No static holiday table for year 2024. Install jpholiday or update market_calendar.py.
2026-09-20 06:46:02,040 [WARNING] leadlag.core.market_calendar: No static holiday table for year 2024. Install jpholiday or update market_calendar.py.
2026-09-20 06:46:02,040 [WARNING] leadlag.core.market_calendar: No static holiday table for year 2024. Install jpholiday or update market_calendar.py.
2026-09-20 06:46:02,040 [WARNING] leadlag.core.market_calendar: No static holiday table for year 2024. Install jpholiday or update market_calendar.py.
2026-09-20 06:46:02,040 [WARNING] leadlag.core.market_calendar: No static holiday table for year 2024. Install jpholiday or update market_calendar.py.
2026-09-20 06:46:02,041 [WARNING] leadlag.core.market_calendar: No static holiday table for year 2024. Install jpholiday or update market_calendar.py.
2026-09-20 06:46:02,041 [WARNING] leadlag.core.market_calendar: No static holiday table for year 2024. Install jpholiday or update market_calendar.py.
2026-09-20 06:46:02,041 [WARNING] leadlag.core.market_calendar: No static holiday table for year 2024. Install jpholiday or update market_calendar.py.
2026-09-20 06:46:02,041 [WARNING] leadlag.core.market_calendar: No static holiday table for year 2024. Install jpholiday or update market_calendar.py.
2026-09-20 06:46:02,041 [WARNING] leadlag.core.market_calendar: No static holiday table for year 2024. Install jpholiday or update market_calendar.py.
2026-09-20 06:46:02,041 [WARNING] leadlag.core.market_calendar: No static holiday table for year 2024. Install jpholiday or update market_calendar.py.
2026-09-20 06:46:02,041 [WARNING] leadlag.core.market_calendar: No static holiday table for year 2024. Install jpholiday or update market_calendar.py.
2026-09-20 06:46:02,042 [WARNING] leadlag.core.market_calendar: No static holiday table for year 2024. Install jpholiday or update market_calendar.py.
2026-09-20 06:46:02,042 [WARNING] leadlag.core.market_calendar: No static holiday table for year 2024. Install jpholiday or update market_calendar.py.
2026-09-20 06:46:02,071 [INFO] leadlag.data.preprocessor: Proxying XLC returns with average of XLK and XLY
2026-09-20 06:46:02,071 [INFO] leadlag.data.preprocessor: Proxying XLRE returns with XLF
2026-09-20 06:46:02,071 [INFO] leadlag.data.preprocessor: Proxying MTUM returns with IUSG
2026-09-20 06:46:02,071 [INFO] leadlag.data.preprocessor: Proxying VLUE returns with XLF
2026-09-20 06:46:02,072 [INFO] leadlag.data.preprocessor: Proxying USMV returns with average of XLP and XLV
2026-09-20 06:46:02,200 [WARNING] leadlag.data.preprocessor: Skipping trade_date=2009-01-06 00:00:00 because all required values are NaN
2026-09-20 06:46:02,202 [WARNING] leadlag.data.preprocessor: preprocess_data record validation: jp_open_trade non-positive for 1619.T on 2009-01-13 00:00:00
2026-09-20 06:46:02,202 [WARNING] leadlag.data.preprocessor: preprocess_data record validation: jp_open_trade non-positive for 1626.T on 2009-01-13 00:00:00
2026-09-20 06:46:02,211 [WARNING] leadlag.data.preprocessor: preprocess_data record validation: jp_open_trade non-positive for 1623.T on 2009-02-13 00:00:00
2026-09-20 06:46:02,249 [WARNING] leadlag.data.preprocessor: preprocess_data record validation: jp_open_trade non-positive for 1624.T on 2009-07-02 00:00:00
2026-09-20 06:46:02,249 [WARNING] leadlag.data.preprocessor: preprocess_data record validation: jp_open_trade non-positive for 1622.T on 2009-07-03 00:00:00
2026-09-20 06:46:02,249 [WARNING] leadlag.data.preprocessor: preprocess_data record validation: jp_open_trade non-positive for 1623.T on 2009-07-03 00:00:00
2026-09-20 06:46:02,250 [WARNING] leadlag.data.preprocessor: preprocess_data record validation: jp_open_trade non-positive for 1617.T on 2009-07-07 00:00:00
2026-09-20 06:46:02,250 [WARNING] leadlag.data.preprocessor: preprocess_data record validation: jp_open_trade non-positive for 1621.T on 2009-07-07 00:00:00
2026-09-20 06:46:02,250 [WARNING] leadlag.data.preprocessor: preprocess_data record validation: jp_open_trade non-positive for 1621.T on 2009-07-08 00:00:00
2026-09-20 06:46:02,251 [WARNING] leadlag.data.preprocessor: preprocess_data record validation: jp_open_trade non-positive for 1626.T on 2009-07-09 00:00:00
2026-09-20 06:46:02,251 [WARNING] leadlag.data.preprocessor: preprocess_data record validation: jp_open_trade non-positive for 1631.T on 2009-07-10 00:00:00
2026-09-20 06:46:02,252 [WARNING] leadlag.data.preprocessor: preprocess_data record validation: jp_open_trade non-positive for 1622.T on 2009-07-13 00:00:00
2026-09-20 06:46:02,252 [WARNING] leadlag.data.preprocessor: preprocess_data record validation: jp_open_trade non-positive for 1627.T on 2009-07-13 00:00:00
2026-09-20 06:46:02,253 [WARNING] leadlag.data.preprocessor: preprocess_data record validation: jp_open_trade non-positive for 1623.T on 2009-07-16 00:00:00
2026-09-20 06:46:02,254 [WARNING] leadlag.data.preprocessor: preprocess_data record validation: jp_open_trade non-positive for 1620.T on 2009-07-17 00:00:00
2026-09-20 06:46:02,254 [WARNING] leadlag.data.preprocessor: preprocess_data record validation: jp_open_trade non-positive for 1625.T on 2009-07-17 00:00:00
2026-09-20 06:46:02,255 [WARNING] leadlag.data.preprocessor: preprocess_data record validation: jp_open_trade non-positive for 1621.T on 2009-07-23 00:00:00
2026-09-20 06:46:02,257 [WARNING] leadlag.data.preprocessor: preprocess_data record validation: jp_open_trade non-positive for 1623.T on 2009-07-28 00:00:00
2026-09-20 06:46:02,257 [WARNING] leadlag.data.preprocessor: preprocess_data record validation: jp_open_trade non-positive for 1632.T on 2009-07-28 00:00:00
2026-09-20 06:46:02,257 [WARNING] leadlag.data.preprocessor: preprocess_data record validation: jp_open_trade non-positive for 1621.T on 2009-07-29 00:00:00
2026-09-20 06:46:02,258 [WARNING] leadlag.data.preprocessor: preprocess_data record validation: jp_open_trade non-positive for 1622.T on 2009-07-30 00:00:00
2026-09-20 06:46:02,259 [WARNING] leadlag.data.preprocessor: preprocess_data record validation: jp_open_trade non-positive for 1622.T on 2009-08-04 00:00:00
2026-09-20 06:46:02,260 [WARNING] leadlag.data.preprocessor: preprocess_data record validation: jp_open_trade non-positive for 1618.T on 2009-08-05 00:00:00
2026-09-20 06:46:02,260 [WARNING] leadlag.data.preprocessor: preprocess_data record validation: jp_open_trade non-positive for 1622.T on 2009-08-06 00:00:00
2026-09-20 06:46:02,262 [WARNING] leadlag.data.preprocessor: preprocess_data record validation: jp_open_trade non-positive for 1632.T on 2009-08-11 00:00:00
2026-09-20 06:46:02,263 [WARNING] leadlag.data.preprocessor: preprocess_data record validation: jp_open_trade non-positive for 1625.T on 2009-08-12 00:00:00
2026-09-20 06:46:02,263 [WARNING] leadlag.data.preprocessor: preprocess_data record validation: jp_open_trade non-positive for 1618.T on 2009-08-13 00:00:00
2026-09-20 06:46:02,264 [WARNING] leadlag.data.preprocessor: preprocess_data record validation: jp_open_trade non-positive for 1623.T on 2009-08-17 00:00:00
2026-09-20 06:46:02,265 [WARNING] leadlag.data.preprocessor: preprocess_data record validation: jp_open_trade non-positive for 1627.T on 2009-08-18 00:00:00
2026-09-20 06:46:02,268 [WARNING] leadlag.data.preprocessor: preprocess_data record validation: jp_open_trade non-positive for 1633.T on 2009-08-28 00:00:00
2026-09-20 06:46:02,269 [WARNING] leadlag.data.preprocessor: preprocess_data record validation: jp_open_trade non-positive for 1633.T on 2009-09-02 00:00:00
2026-09-20 06:46:02,271 [WARNING] leadlag.data.preprocessor: preprocess_data record validation: jp_open_trade non-positive for 1619.T on 2009-09-07 00:00:00
2026-09-20 06:46:02,271 [WARNING] leadlag.data.preprocessor: preprocess_data record validation: jp_open_trade non-positive for 1620.T on 2009-09-07 00:00:00
2026-09-20 06:46:02,271 [WARNING] leadlag.data.preprocessor: preprocess_data record validation: jp_open_trade non-positive for 1621.T on 2009-09-07 00:00:00
2026-09-20 06:46:02,271 [WARNING] leadlag.data.preprocessor: preprocess_data record validation: jp_open_trade non-positive for 1623.T on 2009-09-07 00:00:00
2026-09-20 06:46:02,271 [WARNING] leadlag.data.preprocessor: preprocess_data record validation: jp_open_trade non-positive for 1627.T on 2009-09-07 00:00:00
2026-09-20 06:46:02,271 [WARNING] leadlag.data.preprocessor: preprocess_data record validation: jp_open_trade non-positive for 1629.T on 2009-09-07 00:00:00
2026-09-20 06:46:02,272 [WARNING] leadlag.data.preprocessor: preprocess_data record validation: jp_open_trade non-positive for 1618.T on 2009-09-09 00:00:00
2026-09-20 06:46:02,272 [WARNING] leadlag.data.preprocessor: preprocess_data record validation: jp_open_trade non-positive for 1620.T on 2009-09-09 00:00:00
2026-09-20 06:46:02,272 [WARNING] leadlag.data.preprocessor: preprocess_data record validation: jp_open_trade non-positive for 1618.T on 2009-09-10 00:00:00
2026-09-20 06:46:02,272 [WARNING] leadlag.data.preprocessor: preprocess_data record validation: jp_open_trade non-positive for 1622.T on 2009-09-10 00:00:00
2026-09-20 06:46:02,272 [WARNING] leadlag.data.preprocessor: preprocess_data record validation: jp_open_trade non-positive for 1623.T on 2009-09-10 00:00:00
2026-09-20 06:46:02,273 [WARNING] leadlag.data.preprocessor: preprocess_data record validation: jp_open_trade non-positive for 1622.T on 2009-09-11 00:00:00
2026-09-20 06:46:02,273 [WARNING] leadlag.data.preprocessor: preprocess_data record validation: jp_open_trade non-positive for 1625.T on 2009-09-11 00:00:00
2026-09-20 06:46:02,274 [WARNING] leadlag.data.preprocessor: preprocess_data record validation: jp_open_trade non-positive for 1623.T on 2009-09-14 00:00:00
2026-09-20 06:46:02,275 [WARNING] leadlag.data.preprocessor: preprocess_data record validation: jp_open_trade non-positive for 1618.T on 2009-09-17 00:00:00
2026-09-20 06:46:02,275 [WARNING] leadlag.data.preprocessor: preprocess_data record validation: jp_open_trade non-positive for 1629.T on 2009-09-17 00:00:00
2026-09-20 06:46:02,276 [WARNING] leadlag.data.preprocessor: preprocess_data record validation: jp_open_trade non-positive for 1622.T on 2009-09-18 00:00:00
2026-09-20 06:46:02,278 [WARNING] leadlag.data.preprocessor: preprocess_data record validation: jp_open_trade non-positive for 1622.T on 2009-09-29 00:00:00
2026-09-20 06:46:02,278 [WARNING] leadlag.data.preprocessor: preprocess_data record validation: jp_open_trade non-positive for 1625.T on 2009-09-30 00:00:00
2026-09-20 06:46:02,281 [WARNING] leadlag.data.preprocessor: preprocess_data record validation: jp_open_trade non-positive for 1621.T on 2009-10-08 00:00:00
2026-09-20 06:46:02,282 [WARNING] leadlag.data.preprocessor: preprocess_data record validation: jp_open_trade non-positive for 1622.T on 2009-10-13 00:00:00
2026-09-20 06:46:02,282 [WARNING] leadlag.data.preprocessor: preprocess_data record validation: jp_open_trade non-positive for 1625.T on 2009-10-13 00:00:00
2026-09-20 06:46:02,283 [WARNING] leadlag.data.preprocessor: preprocess_data record validation: jp_open_trade non-positive for 1623.T on 2009-10-14 00:00:00
2026-09-20 06:46:02,283 [WARNING] leadlag.data.preprocessor: preprocess_data record validation: jp_open_trade non-positive for 1625.T on 2009-10-14 00:00:00
2026-09-20 06:46:02,283 [WARNING] leadlag.data.preprocessor: preprocess_data record validation: jp_open_trade non-positive for 1629.T on 2009-10-14 00:00:00
2026-09-20 06:46:03,948 [WARNING] leadlag.data.preprocessor: preprocess_data record validation: jp_gap missing for non-provisional row on 2025-10-27 00:00:00
2026-09-20 06:46:03,949 [WARNING] leadlag.data.preprocessor: preprocess_data record validation: Too many NaN values for trade_date=2025-10-28 00:00:00; skipping
2026-09-20 06:46:04,040 [WARNING] leadlag.data.preprocessor: Keeping provisional row with non-positive open: ['jp_open_trade non-positive for 1617.T on 2026-09-24 00:00:00', 'jp_open_trade non-positive for 1618.T on 2026-09-24 00:00:00', 'jp_open_trade non-positive for 1619.T on 2026-09-24 00:00:00', 'jp_open_trade non-positive for 1620.T on 2026-09-24 00:00:00', 'jp_open_trade non-positive for 1621.T on 2026-09-24 00:00:00', 'jp_open_trade non-positive for 1622.T on 2026-09-24 00:00:00', 'jp_open_trade non-positive for 1623.T on 2026-09-24 00:00:00', 'jp_open_trade non-positive for 1624.T on 2026-09-24 00:00:00', 'jp_open_trade non-positive for 1625.T on 2026-09-24 00:00:00', 'jp_open_trade non-positive for 1626.T on 2026-09-24 00:00:00', 'jp_open_trade non-positive for 1627.T on 2026-09-24 00:00:00', 'jp_open_trade non-positive for 1628.T on 2026-09-24 00:00:00', 'jp_open_trade non-positive for 1629.T on 2026-09-24 00:00:00', 'jp_open_trade non-positive for 1630.T on 2026-09-24 00:00:00', 'jp_open_trade non-positive for 1631.T on 2026-09-24 00:00:00', 'jp_open_trade non-positive for 1632.T on 2026-09-24 00:00:00', 'jp_open_trade non-positive for 1633.T on 2026-09-24 00:00:00']
2026-09-20 06:46:04,072 [INFO] leadlag.data.preprocessor: Total valid trading days constructed: 4159
2026-09-20 06:46:04,087 [INFO] GapAdjustedDistribution: Instantiating Residual-BLPX model...
2026-09-20 06:46:04,393 [INFO] GapAdjustedDistribution: Loading weights from /Users/shonen/leadlag/var/live/pipeline_data/diagnostics_weights/daily_positions_Residual-BLPX_only.csv
2026-09-20 06:46:04,501 [INFO] GapAdjustedDistribution: Setting up multi-horizon model for h=3...
2026-09-20 06:46:04,772 [WARNING] leadlag.core.pipeline: build_common_inputs: 1515 NaN values in fractional diff output will be filled with 0.0; check upstream US return data.
2026-09-20 06:46:04,778 [INFO] GapAdjustedDistribution:   h=3 model ready (corr_window=60)
2026-09-20 06:46:04,778 [INFO] GapAdjustedDistribution: Setting up multi-horizon model for h=5...
2026-09-20 06:46:05,047 [WARNING] leadlag.core.pipeline: build_common_inputs: 1545 NaN values in fractional diff output will be filled with 0.0; check upstream US return data.
2026-09-20 06:46:05,052 [INFO] GapAdjustedDistribution:   h=5 model ready (corr_window=60)
2026-09-20 06:46:05,053 [INFO] GapAdjustedDistribution: Diagnostics window: 2026-08-14 to 2026-08-17 (2 days)
2026-09-20 06:46:05,053 [INFO] GapAdjustedDistribution: Model parameters: gap_open_coef c=0.70, topix_beta_coef b=0.60
2026-09-20 06:46:05,063 [WARNING] GapAdjustedDistribution: omega_struct for signal date 2026-08-13 not found, using fallback: omega_struct_20260708.npy
2026-09-20 06:46:05,209 [WARNING] GapAdjustedDistribution: omega_struct for signal date 2026-08-14 not found, using fallback: omega_struct_20260708.npy
2026-09-20 06:46:05,345 [INFO] GapAdjustedDistribution: Reconstruction loops completed.
2026-09-20 06:46:05,352 [INFO] GapAdjustedDistribution: Merging US Vol State panel from var/results/vol_state_diagnostics/20260614_115821/state_panel.csv...
2026-09-20 06:46:05,362 [INFO] GapAdjustedDistribution: Vol state merged successfully. Columns: ['US_ret_dispersion_z_60', 'US_absret_avg_z_60', 'US_avg_corr_60', 'US_pc1_share_60', 'VIX_z_60', 'VIX_level']
2026-09-20 06:46:05,362 [INFO] GapAdjustedDistribution: Skipping diagnostic comparison and plotting due to compare_pre_gap=False or insufficient data points.
2026-09-20 06:46:05,362 [INFO] GapAdjustedDistribution: Report and diagnostic suite executed successfully (skipped plotting/reporting).
Diagnostics files written to output directory: var/results/20260920_structural_completion/r3_capture_gap/20260920_064601
{
  "return_code": null,
  "calls": [
    {
      "mu_raw_first": 0.0025800717088741696,
      "mu_gap_first": 0.0017722237743533764,
      "omega_diag_first": 5.8398935757009706e-05,
      "gap_open_coef": 0.7,
      "topix_beta_coef": 0.6,
      "gap_first": 0.0020279862096936885,
      "beta_first": 0.19345852974108527,
      "topix_night": 0.0052825409802226275
    },
    {
      "mu_raw_first": 0.0050227473214267595,
      "mu_gap_first": -0.004593358216055221,
      "omega_diag_first": 0.00021627151152293298,
      "gap_open_coef": 0.7,
      "topix_beta_coef": 0.6,
      "gap_first": 0.016542092822794174,
      "beta_first": 0.19345852974108527,
      "topix_night": 0.016532271781010133
    },
    {
      "mu_raw_first": 0.008516283107824566,
      "mu_gap_first": 0.00217001460930466,
      "omega_diag_first": 0.00034535710433929986,
      "gap_open_coef": 0.7,
      "topix_beta_coef": 0.6,
      "gap_first": 0.012621466914042534,
      "beta_first": 0.19345852974108527,
      "topix_night": 0.02155931489450258
    },
    {
      "mu_raw_first": -0.002298551844559327,
      "mu_gap_first": -0.0006483161983147356,
      "omega_diag_first": 5.858063276901335e-05,
      "gap_open_coef": 0.6,
      "topix_beta_coef": 0.6,
      "gap_first": -0.002615167974250654,
      "beta_first": 0.19992966595633951,
      "topix_night": 0.0006852862469441945
    },
    {
      "mu_raw_first": 0.004893831661213436,
      "mu_gap_first": -0.003155256402070039,
      "omega_diag_first": 0.0002173306981399694,
      "gap_open_coef": 0.7,
      "topix_beta_coef": 0.6,
      "gap_first": 0.013676029095876618,
      "beta_first": 0.19992966595633951,
      "topix_night": 0.012493184978567662
    },
    {
      "mu_raw_first": 0.0063981089922165975,
      "mu_gap_first": 0.006516118703346674,
      "omega_diag_first": 0.00035019714857726676,
      "gap_open_coef": 0.7,
      "topix_beta_coef": 0.6,
      "gap_first": 0.0035231120293843787,
      "beta_first": 0.19992966595633951,
      "topix_night": 0.021536108146548827
    }
  ]
}
