2026-09-20 06:37:02,536 [INFO] GapAdjustedDistribution: Establishing Step 2 output directory: var/results/20260920_structural_completion/r3_regenerated_gap/20260920_063702
2026-09-20 06:37:02,536 [INFO] GapAdjustedDistribution: Loading config from /Users/shonen/leadlag/configs/production/production.yaml
2026-09-20 06:37:02,536 [INFO] leadlag.execution.config: Loading configuration from /Users/shonen/leadlag/configs/production/production.yaml
2026-09-20 06:37:02,540 [INFO] GapAdjustedDistribution: Baseline IR config: long=5 short=5 gross=2.0 cost_bps=10.0 minvar=True alpha=0.80 mh=True cs=True
2026-09-20 06:37:02,540 [INFO] GapAdjustedDistribution: Loading market data...
2026-09-20 06:37:02,544 [INFO] leadlag.data.fetcher: Cache expired (last modified: 2026-09-03 14:57:14.731722), re-downloading...
2026-09-20 06:37:02,633 [INFO] leadlag.data.fetcher: Incremental update: downloading from 2026-08-19 (lookback=14d)
2026-09-20 06:37:02,635 [INFO] yfinance: Failed to create TzCache, reason: Cannot read and write in TzCache folder: '/Users/shonen/Library/Caches/py-yfinance'. TzCache will not be used. Tip: You can direct cache to use a different location with 'set_tz_cache_location(mylocation)'
2026-09-20 06:37:02,636 [INFO] yfinance: Failed to create TzCache, reason: Cannot read and write in TzCache folder: '/Users/shonen/Library/Caches/py-yfinance'. TzCache will not be used. Tip: You can direct cache to use a different location with 'set_tz_cache_location(mylocation)'
2026-09-20 06:37:02,636 [INFO] yfinance: Failed to create TzCache, reason: Cannot read and write in TzCache folder: '/Users/shonen/Library/Caches/py-yfinance'. TzCache will not be used. Tip: You can direct cache to use a different location with 'set_tz_cache_location(mylocation)'
2026-09-20 06:37:02,636 [INFO] yfinance: Failed to create TzCache, reason: Cannot read and write in TzCache folder: '/Users/shonen/Library/Caches/py-yfinance'. TzCache will not be used. Tip: You can direct cache to use a different location with 'set_tz_cache_location(mylocation)'
2026-09-20 06:37:02,636 [INFO] yfinance: Failed to create CookieCache, reason: Cannot read and write in CookieCache folder: '/Users/shonen/Library/Caches/py-yfinance'. CookieCache will not be used. Tip: You can direct cache to use a different location with 'set_tz_cache_location(mylocation)'
2026-09-20 06:37:02,639 [ERROR] yfinance: Failed to get ticker 'XLK' reason: Failed to perform, curl: (6) Could not resolve host: guce.yahoo.com. See https://curl.se/libcurl/c/libcurl-errors.html first for more details.
2026-09-20 06:37:02,639 [ERROR] yfinance: Failed to get ticker 'XLI' reason: Failed to perform, curl: (6) Could not resolve host: guce.yahoo.com. See https://curl.se/libcurl/c/libcurl-errors.html first for more details.
2026-09-20 06:37:02,640 [ERROR] yfinance: Failed to get ticker 'XLE' reason: Failed to perform, curl: (6) Could not resolve host: guce.yahoo.com. See https://curl.se/libcurl/c/libcurl-errors.html first for more details.
2026-09-20 06:37:02,640 [ERROR] yfinance: $XLE: possibly delisted; no timezone found
2026-09-20 06:37:02,641 [ERROR] yfinance: Failed to get ticker 'MTUM' reason: Failed to perform, curl: (6) Could not resolve host: guce.yahoo.com. See https://curl.se/libcurl/c/libcurl-errors.html first for more details.
2026-09-20 06:37:02,641 [ERROR] yfinance: $MTUM: possibly delisted; no timezone found
2026-09-20 06:37:02,641 [ERROR] yfinance: Failed to get ticker 'XLY' reason: Failed to perform, curl: (6) Could not resolve host: guce.yahoo.com. See https://curl.se/libcurl/c/libcurl-errors.html first for more details.
2026-09-20 06:37:02,641 [ERROR] yfinance: $XLY: possibly delisted; no timezone found
2026-09-20 06:37:02,642 [ERROR] yfinance: Failed to get ticker 'XLP' reason: Failed to perform, curl: (6) Could not resolve host: guce.yahoo.com. See https://curl.se/libcurl/c/libcurl-errors.html first for more details.
2026-09-20 06:37:02,642 [ERROR] yfinance: $XLP: possibly delisted; no timezone found
2026-09-20 06:37:02,643 [ERROR] yfinance: Failed to get ticker 'USMV' reason: Failed to perform, curl: (6) Could not resolve host: guce.yahoo.com. See https://curl.se/libcurl/c/libcurl-errors.html first for more details.
2026-09-20 06:37:02,643 [ERROR] yfinance: $USMV: possibly delisted; no timezone found
2026-09-20 06:37:02,643 [ERROR] yfinance: Failed to get ticker 'VLUE' reason: Failed to perform, curl: (6) Could not resolve host: guce.yahoo.com. See https://curl.se/libcurl/c/libcurl-errors.html first for more details.
2026-09-20 06:37:02,643 [ERROR] yfinance: $VLUE: possibly delisted; no timezone found
2026-09-20 06:37:02,644 [ERROR] yfinance: Failed to get ticker 'XLC' reason: Failed to perform, curl: (6) Could not resolve host: guce.yahoo.com. See https://curl.se/libcurl/c/libcurl-errors.html first for more details.
2026-09-20 06:37:02,644 [ERROR] yfinance: $XLC: possibly delisted; no timezone found
2026-09-20 06:37:02,644 [ERROR] yfinance: Failed to get ticker 'XLRE' reason: Failed to perform, curl: (6) Could not resolve host: guce.yahoo.com. See https://curl.se/libcurl/c/libcurl-errors.html first for more details.
2026-09-20 06:37:02,645 [ERROR] yfinance: $XLRE: possibly delisted; no timezone found
2026-09-20 06:37:02,646 [ERROR] yfinance: Failed to get ticker 'IUSG' reason: Failed to perform, curl: (6) Could not resolve host: guce.yahoo.com. See https://curl.se/libcurl/c/libcurl-errors.html first for more details.
2026-09-20 06:37:02,646 [ERROR] yfinance: $IUSG: possibly delisted; no timezone found
2026-09-20 06:37:02,646 [ERROR] yfinance: Failed to get ticker 'XLV' reason: Failed to perform, curl: (6) Could not resolve host: guce.yahoo.com. See https://curl.se/libcurl/c/libcurl-errors.html first for more details.
2026-09-20 06:37:02,646 [ERROR] yfinance: $XLV: possibly delisted; no timezone found
2026-09-20 06:37:02,647 [ERROR] yfinance: Failed to get ticker 'XLU' reason: Failed to perform, curl: (6) Could not resolve host: guce.yahoo.com. See https://curl.se/libcurl/c/libcurl-errors.html first for more details.
2026-09-20 06:37:02,647 [ERROR] yfinance: $XLU: possibly delisted; no timezone found
2026-09-20 06:37:02,648 [ERROR] yfinance: Failed to get ticker 'XLF' reason: Failed to perform, curl: (6) Could not resolve host: guce.yahoo.com. See https://curl.se/libcurl/c/libcurl-errors.html first for more details.
2026-09-20 06:37:02,648 [ERROR] yfinance: $XLF: possibly delisted; no timezone found
2026-09-20 06:37:02,648 [ERROR] yfinance: Failed to get ticker 'XLB' reason: Failed to perform, curl: (6) Could not resolve host: guce.yahoo.com. See https://curl.se/libcurl/c/libcurl-errors.html first for more details.
2026-09-20 06:37:02,648 [ERROR] yfinance: $XLB: possibly delisted; no timezone found
2026-09-20 06:37:02,663 [ERROR] yfinance: 
15 Failed downloads:
2026-09-20 06:37:02,663 [ERROR] yfinance: ['XLE', 'MTUM', 'XLY', 'XLP', 'USMV', 'VLUE', 'XLC', 'XLRE', 'IUSG', 'XLV', 'XLU', 'XLF', 'XLB']: possibly delisted; no timezone found
2026-09-20 06:37:02,663 [ERROR] yfinance: ['XLK', 'XLI']: DNSError('Failed to perform, curl: (6) Could not resolve host: guce.yahoo.com. See https://curl.se/libcurl/c/libcurl-errors.html first for more details.')
2026-09-20 06:37:02,671 [ERROR] yfinance: Failed to get ticker '1621.T' reason: Failed to perform, curl: (6) Could not resolve host: guce.yahoo.com. See https://curl.se/libcurl/c/libcurl-errors.html first for more details.
2026-09-20 06:37:02,671 [ERROR] yfinance: $1621.T: possibly delisted; no timezone found
2026-09-20 06:37:02,672 [ERROR] yfinance: Failed to get ticker '1626.T' reason: Failed to perform, curl: (6) Could not resolve host: guce.yahoo.com. See https://curl.se/libcurl/c/libcurl-errors.html first for more details.
2026-09-20 06:37:02,672 [ERROR] yfinance: $1626.T: possibly delisted; no timezone found
2026-09-20 06:37:02,672 [ERROR] yfinance: Failed to get ticker '1625.T' reason: Failed to perform, curl: (6) Could not resolve host: guce.yahoo.com. See https://curl.se/libcurl/c/libcurl-errors.html first for more details.
2026-09-20 06:37:02,672 [ERROR] yfinance: $1625.T: possibly delisted; no timezone found
2026-09-20 06:37:02,673 [ERROR] yfinance: Failed to get ticker '1306.T' reason: Failed to perform, curl: (6) Could not resolve host: guce.yahoo.com. See https://curl.se/libcurl/c/libcurl-errors.html first for more details.
2026-09-20 06:37:02,673 [ERROR] yfinance: $1306.T: possibly delisted; no timezone found
2026-09-20 06:37:02,673 [ERROR] yfinance: Failed to get ticker '1633.T' reason: Failed to perform, curl: (6) Could not resolve host: guce.yahoo.com. See https://curl.se/libcurl/c/libcurl-errors.html first for more details.
2026-09-20 06:37:02,674 [ERROR] yfinance: $1633.T: possibly delisted; no timezone found
2026-09-20 06:37:02,674 [ERROR] yfinance: Failed to get ticker '1630.T' reason: Failed to perform, curl: (6) Could not resolve host: guce.yahoo.com. See https://curl.se/libcurl/c/libcurl-errors.html first for more details.
2026-09-20 06:37:02,674 [ERROR] yfinance: $1630.T: possibly delisted; no timezone found
2026-09-20 06:37:02,675 [ERROR] yfinance: Failed to get ticker '1620.T' reason: Failed to perform, curl: (6) Could not resolve host: guce.yahoo.com. See https://curl.se/libcurl/c/libcurl-errors.html first for more details.
2026-09-20 06:37:02,675 [ERROR] yfinance: $1620.T: possibly delisted; no timezone found
2026-09-20 06:37:02,675 [ERROR] yfinance: Failed to get ticker '1628.T' reason: Failed to perform, curl: (6) Could not resolve host: guce.yahoo.com. See https://curl.se/libcurl/c/libcurl-errors.html first for more details.
2026-09-20 06:37:02,676 [ERROR] yfinance: $1628.T: possibly delisted; no timezone found
2026-09-20 06:37:02,676 [ERROR] yfinance: Failed to get ticker '1631.T' reason: Failed to perform, curl: (6) Could not resolve host: guce.yahoo.com. See https://curl.se/libcurl/c/libcurl-errors.html first for more details.
2026-09-20 06:37:02,676 [ERROR] yfinance: $1631.T: possibly delisted; no timezone found
2026-09-20 06:37:02,677 [ERROR] yfinance: Failed to get ticker '1629.T' reason: Failed to perform, curl: (6) Could not resolve host: guce.yahoo.com. See https://curl.se/libcurl/c/libcurl-errors.html first for more details.
2026-09-20 06:37:02,677 [ERROR] yfinance: $1629.T: possibly delisted; no timezone found
2026-09-20 06:37:02,677 [ERROR] yfinance: Failed to get ticker '1618.T' reason: Failed to perform, curl: (6) Could not resolve host: guce.yahoo.com. See https://curl.se/libcurl/c/libcurl-errors.html first for more details.
2026-09-20 06:37:02,677 [ERROR] yfinance: $1618.T: possibly delisted; no timezone found
2026-09-20 06:37:02,678 [ERROR] yfinance: Failed to get ticker '1632.T' reason: Failed to perform, curl: (6) Could not resolve host: guce.yahoo.com. See https://curl.se/libcurl/c/libcurl-errors.html first for more details.
2026-09-20 06:37:02,678 [ERROR] yfinance: $1632.T: possibly delisted; no timezone found
2026-09-20 06:37:02,678 [ERROR] yfinance: Failed to get ticker '1622.T' reason: Failed to perform, curl: (6) Could not resolve host: guce.yahoo.com. See https://curl.se/libcurl/c/libcurl-errors.html first for more details.
2026-09-20 06:37:02,679 [ERROR] yfinance: $1622.T: possibly delisted; no timezone found
2026-09-20 06:37:02,679 [ERROR] yfinance: Failed to get ticker '1627.T' reason: Failed to perform, curl: (6) Could not resolve host: guce.yahoo.com. See https://curl.se/libcurl/c/libcurl-errors.html first for more details.
2026-09-20 06:37:02,679 [ERROR] yfinance: $1627.T: possibly delisted; no timezone found
2026-09-20 06:37:02,679 [ERROR] yfinance: Failed to get ticker '1617.T' reason: Failed to perform, curl: (6) Could not resolve host: guce.yahoo.com. See https://curl.se/libcurl/c/libcurl-errors.html first for more details.
2026-09-20 06:37:02,680 [ERROR] yfinance: $1617.T: possibly delisted; no timezone found
2026-09-20 06:37:02,680 [ERROR] yfinance: Failed to get ticker '1624.T' reason: Failed to perform, curl: (6) Could not resolve host: guce.yahoo.com. See https://curl.se/libcurl/c/libcurl-errors.html first for more details.
2026-09-20 06:37:02,680 [ERROR] yfinance: $1624.T: possibly delisted; no timezone found
2026-09-20 06:37:02,681 [ERROR] yfinance: Failed to get ticker '1623.T' reason: Failed to perform, curl: (6) Could not resolve host: guce.yahoo.com. See https://curl.se/libcurl/c/libcurl-errors.html first for more details.
2026-09-20 06:37:02,681 [ERROR] yfinance: $1623.T: possibly delisted; no timezone found
2026-09-20 06:37:02,681 [ERROR] yfinance: Failed to get ticker '1619.T' reason: Failed to perform, curl: (6) Could not resolve host: guce.yahoo.com. See https://curl.se/libcurl/c/libcurl-errors.html first for more details.
2026-09-20 06:37:02,681 [ERROR] yfinance: $1619.T: possibly delisted; no timezone found
2026-09-20 06:37:02,684 [ERROR] yfinance: 
18 Failed downloads:
2026-09-20 06:37:02,684 [ERROR] yfinance: ['1621.T', '1626.T', '1625.T', '1306.T', '1633.T', '1630.T', '1620.T', '1628.T', '1631.T', '1629.T', '1618.T', '1632.T', '1622.T', '1627.T', '1617.T', '1624.T', '1623.T', '1619.T']: possibly delisted; no timezone found
2026-09-20 06:37:02,687 [WARNING] leadlag.data.fetcher: Incremental cache update failed: Incremental download returned empty market data (us_close/jp_close/jp_open)
2026-09-20 06:37:02,687 [INFO] leadlag.data.fetcher: Downloading US ETF data...
2026-09-20 06:37:02,688 [ERROR] yfinance: Failed to get ticker 'XLK' reason: Failed to perform, curl: (6) Could not resolve host: guce.yahoo.com. See https://curl.se/libcurl/c/libcurl-errors.html first for more details.
2026-09-20 06:37:02,688 [ERROR] yfinance: $XLK: possibly delisted; no timezone found
2026-09-20 06:37:02,689 [ERROR] yfinance: Failed to get ticker 'XLE' reason: Failed to perform, curl: (6) Could not resolve host: guce.yahoo.com. See https://curl.se/libcurl/c/libcurl-errors.html first for more details.
2026-09-20 06:37:02,689 [ERROR] yfinance: $XLE: possibly delisted; no timezone found
2026-09-20 06:37:02,689 [ERROR] yfinance: Failed to get ticker 'XLP' reason: Failed to perform, curl: (6) Could not resolve host: guce.yahoo.com. See https://curl.se/libcurl/c/libcurl-errors.html first for more details.
2026-09-20 06:37:02,689 [ERROR] yfinance: $XLP: possibly delisted; no timezone found
2026-09-20 06:37:02,690 [ERROR] yfinance: Failed to get ticker 'XLRE' reason: Failed to perform, curl: (6) Could not resolve host: guce.yahoo.com. See https://curl.se/libcurl/c/libcurl-errors.html first for more details.
2026-09-20 06:37:02,690 [ERROR] yfinance: $XLRE: possibly delisted; no timezone found
2026-09-20 06:37:02,690 [ERROR] yfinance: Failed to get ticker 'XLI' reason: Failed to perform, curl: (6) Could not resolve host: guce.yahoo.com. See https://curl.se/libcurl/c/libcurl-errors.html first for more details.
2026-09-20 06:37:02,690 [ERROR] yfinance: $XLI: possibly delisted; no timezone found
2026-09-20 06:37:02,691 [ERROR] yfinance: Failed to get ticker 'XLY' reason: Failed to perform, curl: (6) Could not resolve host: guce.yahoo.com. See https://curl.se/libcurl/c/libcurl-errors.html first for more details.
2026-09-20 06:37:02,691 [ERROR] yfinance: $XLY: possibly delisted; no timezone found
2026-09-20 06:37:02,691 [ERROR] yfinance: Failed to get ticker 'MTUM' reason: Failed to perform, curl: (6) Could not resolve host: guce.yahoo.com. See https://curl.se/libcurl/c/libcurl-errors.html first for more details.
2026-09-20 06:37:02,718 [ERROR] yfinance: $MTUM: possibly delisted; no timezone found
2026-09-20 06:37:02,719 [ERROR] yfinance: Failed to get ticker 'USMV' reason: Failed to perform, curl: (6) Could not resolve host: guce.yahoo.com. See https://curl.se/libcurl/c/libcurl-errors.html first for more details.
2026-09-20 06:37:02,719 [ERROR] yfinance: $USMV: possibly delisted; no timezone found
2026-09-20 06:37:02,720 [ERROR] yfinance: Failed to get ticker 'VLUE' reason: Failed to perform, curl: (6) Could not resolve host: guce.yahoo.com. See https://curl.se/libcurl/c/libcurl-errors.html first for more details.
2026-09-20 06:37:02,720 [ERROR] yfinance: $VLUE: possibly delisted; no timezone found
2026-09-20 06:37:02,721 [ERROR] yfinance: Failed to get ticker 'IUSG' reason: Failed to perform, curl: (6) Could not resolve host: guce.yahoo.com. See https://curl.se/libcurl/c/libcurl-errors.html first for more details.
2026-09-20 06:37:02,721 [ERROR] yfinance: $IUSG: possibly delisted; no timezone found
2026-09-20 06:37:02,722 [ERROR] yfinance: Failed to get ticker 'XLC' reason: Failed to perform, curl: (6) Could not resolve host: guce.yahoo.com. See https://curl.se/libcurl/c/libcurl-errors.html first for more details.
2026-09-20 06:37:02,722 [ERROR] yfinance: $XLC: possibly delisted; no timezone found
2026-09-20 06:37:02,722 [ERROR] yfinance: Failed to get ticker 'XLV' reason: Failed to perform, curl: (6) Could not resolve host: guce.yahoo.com. See https://curl.se/libcurl/c/libcurl-errors.html first for more details.
2026-09-20 06:37:02,722 [ERROR] yfinance: $XLV: possibly delisted; no timezone found
2026-09-20 06:37:02,723 [ERROR] yfinance: Failed to get ticker 'XLU' reason: Failed to perform, curl: (6) Could not resolve host: guce.yahoo.com. See https://curl.se/libcurl/c/libcurl-errors.html first for more details.
2026-09-20 06:37:02,723 [ERROR] yfinance: $XLU: possibly delisted; no timezone found
2026-09-20 06:37:02,724 [ERROR] yfinance: Failed to get ticker 'XLF' reason: Failed to perform, curl: (6) Could not resolve host: guce.yahoo.com. See https://curl.se/libcurl/c/libcurl-errors.html first for more details.
2026-09-20 06:37:02,724 [ERROR] yfinance: $XLF: possibly delisted; no timezone found
2026-09-20 06:37:02,725 [ERROR] yfinance: Failed to get ticker 'XLB' reason: Failed to perform, curl: (6) Could not resolve host: guce.yahoo.com. See https://curl.se/libcurl/c/libcurl-errors.html first for more details.
2026-09-20 06:37:02,725 [ERROR] yfinance: $XLB: possibly delisted; no timezone found
2026-09-20 06:37:02,731 [ERROR] yfinance: 
15 Failed downloads:
2026-09-20 06:37:02,731 [ERROR] yfinance: ['XLK', 'XLE', 'XLP', 'XLRE', 'XLI', 'XLY', 'MTUM', 'USMV', 'VLUE', 'IUSG', 'XLC', 'XLV', 'XLU', 'XLF', 'XLB']: possibly delisted; no timezone found
2026-09-20 06:37:02,732 [INFO] leadlag.data.fetcher: Downloading JP ETF data...
2026-09-20 06:37:02,733 [ERROR] yfinance: Failed to get ticker '1621.T' reason: Failed to perform, curl: (6) Could not resolve host: guce.yahoo.com. See https://curl.se/libcurl/c/libcurl-errors.html first for more details.
2026-09-20 06:37:02,733 [ERROR] yfinance: $1621.T: possibly delisted; no timezone found
2026-09-20 06:37:02,734 [ERROR] yfinance: Failed to get ticker '1626.T' reason: Failed to perform, curl: (6) Could not resolve host: guce.yahoo.com. See https://curl.se/libcurl/c/libcurl-errors.html first for more details.
2026-09-20 06:37:02,734 [ERROR] yfinance: $1626.T: possibly delisted; no timezone found
2026-09-20 06:37:02,734 [ERROR] yfinance: Failed to get ticker '1625.T' reason: Failed to perform, curl: (6) Could not resolve host: guce.yahoo.com. See https://curl.se/libcurl/c/libcurl-errors.html first for more details.
2026-09-20 06:37:02,735 [ERROR] yfinance: $1625.T: possibly delisted; no timezone found
2026-09-20 06:37:02,735 [ERROR] yfinance: Failed to get ticker '1306.T' reason: Failed to perform, curl: (6) Could not resolve host: guce.yahoo.com. See https://curl.se/libcurl/c/libcurl-errors.html first for more details.
2026-09-20 06:37:02,735 [ERROR] yfinance: $1306.T: possibly delisted; no timezone found
2026-09-20 06:37:02,736 [ERROR] yfinance: Failed to get ticker '1630.T' reason: Failed to perform, curl: (6) Could not resolve host: guce.yahoo.com. See https://curl.se/libcurl/c/libcurl-errors.html first for more details.
2026-09-20 06:37:02,736 [ERROR] yfinance: $1630.T: possibly delisted; no timezone found
2026-09-20 06:37:02,736 [ERROR] yfinance: Failed to get ticker '1633.T' reason: Failed to perform, curl: (6) Could not resolve host: guce.yahoo.com. See https://curl.se/libcurl/c/libcurl-errors.html first for more details.
2026-09-20 06:37:02,737 [ERROR] yfinance: $1633.T: possibly delisted; no timezone found
2026-09-20 06:37:02,737 [ERROR] yfinance: Failed to get ticker '1620.T' reason: Failed to perform, curl: (6) Could not resolve host: guce.yahoo.com. See https://curl.se/libcurl/c/libcurl-errors.html first for more details.
2026-09-20 06:37:02,737 [ERROR] yfinance: $1620.T: possibly delisted; no timezone found
2026-09-20 06:37:02,738 [ERROR] yfinance: Failed to get ticker '1628.T' reason: Failed to perform, curl: (6) Could not resolve host: guce.yahoo.com. See https://curl.se/libcurl/c/libcurl-errors.html first for more details.
2026-09-20 06:37:02,738 [ERROR] yfinance: $1628.T: possibly delisted; no timezone found
2026-09-20 06:37:02,739 [ERROR] yfinance: Failed to get ticker '1631.T' reason: Failed to perform, curl: (6) Could not resolve host: guce.yahoo.com. See https://curl.se/libcurl/c/libcurl-errors.html first for more details.
2026-09-20 06:37:02,739 [ERROR] yfinance: $1631.T: possibly delisted; no timezone found
2026-09-20 06:37:02,739 [ERROR] yfinance: Failed to get ticker '1629.T' reason: Failed to perform, curl: (6) Could not resolve host: guce.yahoo.com. See https://curl.se/libcurl/c/libcurl-errors.html first for more details.
2026-09-20 06:37:02,739 [ERROR] yfinance: $1629.T: possibly delisted; no timezone found
2026-09-20 06:37:02,740 [ERROR] yfinance: Failed to get ticker '1618.T' reason: Failed to perform, curl: (6) Could not resolve host: guce.yahoo.com. See https://curl.se/libcurl/c/libcurl-errors.html first for more details.
2026-09-20 06:37:02,740 [ERROR] yfinance: $1618.T: possibly delisted; no timezone found
2026-09-20 06:37:02,740 [ERROR] yfinance: Failed to get ticker '1632.T' reason: Failed to perform, curl: (6) Could not resolve host: guce.yahoo.com. See https://curl.se/libcurl/c/libcurl-errors.html first for more details.
2026-09-20 06:37:02,740 [ERROR] yfinance: $1632.T: possibly delisted; no timezone found
2026-09-20 06:37:02,741 [ERROR] yfinance: Failed to get ticker '1622.T' reason: Failed to perform, curl: (6) Could not resolve host: guce.yahoo.com. See https://curl.se/libcurl/c/libcurl-errors.html first for more details.
2026-09-20 06:37:02,741 [ERROR] yfinance: $1622.T: possibly delisted; no timezone found
2026-09-20 06:37:02,742 [ERROR] yfinance: Failed to get ticker '1627.T' reason: Failed to perform, curl: (6) Could not resolve host: guce.yahoo.com. See https://curl.se/libcurl/c/libcurl-errors.html first for more details.
2026-09-20 06:37:02,742 [ERROR] yfinance: $1627.T: possibly delisted; no timezone found
2026-09-20 06:37:02,742 [ERROR] yfinance: Failed to get ticker '1617.T' reason: Failed to perform, curl: (6) Could not resolve host: guce.yahoo.com. See https://curl.se/libcurl/c/libcurl-errors.html first for more details.
2026-09-20 06:37:02,742 [ERROR] yfinance: $1617.T: possibly delisted; no timezone found
2026-09-20 06:37:02,743 [ERROR] yfinance: Failed to get ticker '1624.T' reason: Failed to perform, curl: (6) Could not resolve host: guce.yahoo.com. See https://curl.se/libcurl/c/libcurl-errors.html first for more details.
2026-09-20 06:37:02,743 [ERROR] yfinance: $1624.T: possibly delisted; no timezone found
2026-09-20 06:37:02,743 [ERROR] yfinance: Failed to get ticker '1623.T' reason: Failed to perform, curl: (6) Could not resolve host: guce.yahoo.com. See https://curl.se/libcurl/c/libcurl-errors.html first for more details.
2026-09-20 06:37:02,744 [ERROR] yfinance: $1623.T: possibly delisted; no timezone found
2026-09-20 06:37:02,744 [ERROR] yfinance: Failed to get ticker '1619.T' reason: Failed to perform, curl: (6) Could not resolve host: guce.yahoo.com. See https://curl.se/libcurl/c/libcurl-errors.html first for more details.
2026-09-20 06:37:02,744 [ERROR] yfinance: $1619.T: possibly delisted; no timezone found
2026-09-20 06:37:02,746 [ERROR] yfinance: 
18 Failed downloads:
2026-09-20 06:37:02,746 [ERROR] yfinance: ['1621.T', '1626.T', '1625.T', '1306.T', '1630.T', '1633.T', '1620.T', '1628.T', '1631.T', '1629.T', '1618.T', '1632.T', '1622.T', '1627.T', '1617.T', '1624.T', '1623.T', '1619.T']: possibly delisted; no timezone found
2026-09-20 06:37:02,748 [WARNING] leadlag.data.fetcher: Download failed. Falling back to stale cache: /Users/shonen/leadlag/var/market_data/etf_prices.sqlite
2026-09-20 06:37:02,764 [WARNING] leadlag.core.market_calendar: No static holiday table for year 2009. Install jpholiday or update market_calendar.py.
2026-09-20 06:37:02,765 [WARNING] leadlag.core.market_calendar: No static holiday table for year 2009. Install jpholiday or update market_calendar.py.
2026-09-20 06:37:02,765 [WARNING] leadlag.core.market_calendar: No static holiday table for year 2009. Install jpholiday or update market_calendar.py.
2026-09-20 06:37:02,765 [WARNING] leadlag.core.market_calendar: No static holiday table for year 2009. Install jpholiday or update market_calendar.py.
2026-09-20 06:37:02,765 [WARNING] leadlag.core.market_calendar: No static holiday table for year 2009. Install jpholiday or update market_calendar.py.
2026-09-20 06:37:02,765 [WARNING] leadlag.core.market_calendar: No static holiday table for year 2009. Install jpholiday or update market_calendar.py.
2026-09-20 06:37:02,765 [WARNING] leadlag.core.market_calendar: No static holiday table for year 2009. Install jpholiday or update market_calendar.py.
2026-09-20 06:37:02,766 [WARNING] leadlag.core.market_calendar: No static holiday table for year 2009. Install jpholiday or update market_calendar.py.
2026-09-20 06:37:02,766 [WARNING] leadlag.core.market_calendar: No static holiday table for year 2009. Install jpholiday or update market_calendar.py.
2026-09-20 06:37:02,766 [WARNING] leadlag.core.market_calendar: No static holiday table for year 2009. Install jpholiday or update market_calendar.py.
2026-09-20 06:37:02,766 [WARNING] leadlag.core.market_calendar: No static holiday table for year 2009. Install jpholiday or update market_calendar.py.
2026-09-20 06:37:02,766 [WARNING] leadlag.core.market_calendar: No static holiday table for year 2009. Install jpholiday or update market_calendar.py.
2026-09-20 06:37:02,766 [WARNING] leadlag.core.market_calendar: No static holiday table for year 2009. Install jpholiday or update market_calendar.py.
2026-09-20 06:37:02,767 [WARNING] leadlag.core.market_calendar: No static holiday table for year 2009. Install jpholiday or update market_calendar.py.
2026-09-20 06:37:02,767 [WARNING] leadlag.core.market_calendar: No static holiday table for year 2009. Install jpholiday or update market_calendar.py.
2026-09-20 06:37:02,767 [WARNING] leadlag.core.market_calendar: No static holiday table for year 2009. Install jpholiday or update market_calendar.py.
2026-09-20 06:37:02,767 [WARNING] leadlag.core.market_calendar: No static holiday table for year 2009. Install jpholiday or update market_calendar.py.
2026-09-20 06:37:02,767 [WARNING] leadlag.core.market_calendar: No static holiday table for year 2009. Install jpholiday or update market_calendar.py.
2026-09-20 06:37:02,767 [WARNING] leadlag.core.market_calendar: No static holiday table for year 2009. Install jpholiday or update market_calendar.py.
2026-09-20 06:37:02,768 [WARNING] leadlag.core.market_calendar: No static holiday table for year 2009. Install jpholiday or update market_calendar.py.
2026-09-20 06:37:02,768 [WARNING] leadlag.core.market_calendar: No static holiday table for year 2009. Install jpholiday or update market_calendar.py.
2026-09-20 06:37:02,768 [WARNING] leadlag.core.market_calendar: No static holiday table for year 2009. Install jpholiday or update market_calendar.py.
2026-09-20 06:37:02,768 [WARNING] leadlag.core.market_calendar: No static holiday table for year 2009. Install jpholiday or update market_calendar.py.
2026-09-20 06:37:02,768 [WARNING] leadlag.core.market_calendar: No static holiday table for year 2009. Install jpholiday or update market_calendar.py.
2026-09-20 06:37:02,768 [WARNING] leadlag.core.market_calendar: No static holiday table for year 2009. Install jpholiday or update market_calendar.py.
2026-09-20 06:37:02,768 [WARNING] leadlag.core.market_calendar: No static holiday table for year 2009. Install jpholiday or update market_calendar.py.
2026-09-20 06:37:02,769 [WARNING] leadlag.core.market_calendar: No static holiday table for year 2009. Install jpholiday or update market_calendar.py.
2026-09-20 06:37:02,769 [WARNING] leadlag.core.market_calendar: No static holiday table for year 2009. Install jpholiday or update market_calendar.py.
2026-09-20 06:37:02,769 [WARNING] leadlag.core.market_calendar: No static holiday table for year 2009. Install jpholiday or update market_calendar.py.
2026-09-20 06:37:02,769 [WARNING] leadlag.core.market_calendar: No static holiday table for year 2009. Install jpholiday or update market_calendar.py.
2026-09-20 06:37:02,769 [WARNING] leadlag.core.market_calendar: No static holiday table for year 2009. Install jpholiday or update market_calendar.py.
2026-09-20 06:37:02,769 [WARNING] leadlag.core.market_calendar: No static holiday table for year 2009. Install jpholiday or update market_calendar.py.
2026-09-20 06:37:02,769 [WARNING] leadlag.core.market_calendar: No static holiday table for year 2009. Install jpholiday or update market_calendar.py.
2026-09-20 06:37:02,769 [WARNING] leadlag.core.market_calendar: No static holiday table for year 2009. Install jpholiday or update market_calendar.py.
2026-09-20 06:37:02,770 [WARNING] leadlag.core.market_calendar: No static holiday table for year 2009. Install jpholiday or update market_calendar.py.
2026-09-20 06:37:02,770 [WARNING] leadlag.core.market_calendar: No static holiday table for year 2009. Install jpholiday or update market_calendar.py.
2026-09-20 06:37:02,770 [WARNING] leadlag.core.market_calendar: No static holiday table for year 2009. Install jpholiday or update market_calendar.py.
2026-09-20 06:37:02,770 [WARNING] leadlag.core.market_calendar: No static holiday table for year 2009. Install jpholiday or update market_calendar.py.
2026-09-20 06:37:02,770 [WARNING] leadlag.core.market_calendar: No static holiday table for year 2009. Install jpholiday or update market_calendar.py.
2026-09-20 06:37:02,770 [WARNING] leadlag.core.market_calendar: No static holiday table for year 2009. Install jpholiday or update market_calendar.py.
2026-09-20 06:37:02,771 [WARNING] leadlag.core.market_calendar: No static holiday table for year 2009. Install jpholiday or update market_calendar.py.
2026-09-20 06:37:02,771 [WARNING] leadlag.core.market_calendar: No static holiday table for year 2009. Install jpholiday or update market_calendar.py.
2026-09-20 06:37:02,771 [WARNING] leadlag.core.market_calendar: No static holiday table for year 2009. Install jpholiday or update market_calendar.py.
2026-09-20 06:37:02,771 [WARNING] leadlag.core.market_calendar: No static holiday table for year 2009. Install jpholiday or update market_calendar.py.
2026-09-20 06:37:02,771 [WARNING] leadlag.core.market_calendar: No static holiday table for year 2009. Install jpholiday or update market_calendar.py.
2026-09-20 06:37:02,771 [WARNING] leadlag.core.market_calendar: No static holiday table for year 2009. Install jpholiday or update market_calendar.py.
2026-09-20 06:37:02,772 [WARNING] leadlag.core.market_calendar: No static holiday table for year 2009. Install jpholiday or update market_calendar.py.
2026-09-20 06:37:02,772 [WARNING] leadlag.core.market_calendar: No static holiday table for year 2009. Install jpholiday or update market_calendar.py.
2026-09-20 06:37:02,772 [WARNING] leadlag.core.market_calendar: No static holiday table for year 2009. Install jpholiday or update market_calendar.py.
2026-09-20 06:37:02,772 [WARNING] leadlag.core.market_calendar: No static holiday table for year 2009. Install jpholiday or update market_calendar.py.
2026-09-20 06:37:02,772 [WARNING] leadlag.core.market_calendar: No static holiday table for year 2009. Install jpholiday or update market_calendar.py.
2026-09-20 06:37:02,772 [WARNING] leadlag.core.market_calendar: No static holiday table for year 2009. Install jpholiday or update market_calendar.py.
2026-09-20 06:37:02,773 [WARNING] leadlag.core.market_calendar: No static holiday table for year 2009. Install jpholiday or update market_calendar.py.
2026-09-20 06:37:02,773 [WARNING] leadlag.core.market_calendar: No static holiday table for year 2009. Install jpholiday or update market_calendar.py.
2026-09-20 06:37:02,773 [WARNING] leadlag.core.market_calendar: No static holiday table for year 2009. Install jpholiday or update market_calendar.py.
2026-09-20 06:37:02,773 [WARNING] leadlag.core.market_calendar: No static holiday table for year 2009. Install jpholiday or update market_calendar.py.
2026-09-20 06:37:02,773 [WARNING] leadlag.core.market_calendar: No static holiday table for year 2009. Install jpholiday or update market_calendar.py.
2026-09-20 06:37:02,773 [WARNING] leadlag.core.market_calendar: No static holiday table for year 2009. Install jpholiday or update market_calendar.py.
2026-09-20 06:37:02,774 [WARNING] leadlag.core.market_calendar: No static holiday table for year 2009. Install jpholiday or update market_calendar.py.
2026-09-20 06:37:02,774 [WARNING] leadlag.core.market_calendar: No static holiday table for year 2009. Install jpholiday or update market_calendar.py.
2026-09-20 06:37:02,774 [WARNING] leadlag.core.market_calendar: No static holiday table for year 2009. Install jpholiday or update market_calendar.py.
2026-09-20 06:37:02,774 [WARNING] leadlag.core.market_calendar: No static holiday table for year 2009. Install jpholiday or update market_calendar.py.
2026-09-20 06:37:02,774 [WARNING] leadlag.core.market_calendar: No static holiday table for year 2009. Install jpholiday or update market_calendar.py.
2026-09-20 06:37:02,774 [WARNING] leadlag.core.market_calendar: No static holiday table for year 2009. Install jpholiday or update market_calendar.py.
2026-09-20 06:37:02,774 [WARNING] leadlag.core.market_calendar: No static holiday table for year 2009. Install jpholiday or update market_calendar.py.
2026-09-20 06:37:02,774 [WARNING] leadlag.core.market_calendar: No static holiday table for year 2009. Install jpholiday or update market_calendar.py.
2026-09-20 06:37:02,775 [WARNING] leadlag.core.market_calendar: No static holiday table for year 2009. Install jpholiday or update market_calendar.py.
2026-09-20 06:37:02,775 [WARNING] leadlag.core.market_calendar: No static holiday table for year 2009. Install jpholiday or update market_calendar.py.
2026-09-20 06:37:02,775 [WARNING] leadlag.core.market_calendar: No static holiday table for year 2009. Install jpholiday or update market_calendar.py.
2026-09-20 06:37:02,775 [WARNING] leadlag.core.market_calendar: No static holiday table for year 2009. Install jpholiday or update market_calendar.py.
2026-09-20 06:37:02,775 [WARNING] leadlag.core.market_calendar: No static holiday table for year 2009. Install jpholiday or update market_calendar.py.
2026-09-20 06:37:02,775 [WARNING] leadlag.core.market_calendar: No static holiday table for year 2009. Install jpholiday or update market_calendar.py.
2026-09-20 06:37:02,775 [WARNING] leadlag.core.market_calendar: No static holiday table for year 2009. Install jpholiday or update market_calendar.py.
2026-09-20 06:37:02,776 [WARNING] leadlag.core.market_calendar: No static holiday table for year 2009. Install jpholiday or update market_calendar.py.
2026-09-20 06:37:02,776 [WARNING] leadlag.core.market_calendar: No static holiday table for year 2009. Install jpholiday or update market_calendar.py.
2026-09-20 06:37:02,776 [WARNING] leadlag.core.market_calendar: No static holiday table for year 2009. Install jpholiday or update market_calendar.py.
2026-09-20 06:37:02,776 [WARNING] leadlag.core.market_calendar: No static holiday table for year 2009. Install jpholiday or update market_calendar.py.
2026-09-20 06:37:02,776 [WARNING] leadlag.core.market_calendar: No static holiday table for year 2009. Install jpholiday or update market_calendar.py.
2026-09-20 06:37:02,776 [WARNING] leadlag.core.market_calendar: No static holiday table for year 2009. Install jpholiday or update market_calendar.py.
2026-09-20 06:37:02,776 [WARNING] leadlag.core.market_calendar: No static holiday table for year 2009. Install jpholiday or update market_calendar.py.
2026-09-20 06:37:02,776 [WARNING] leadlag.core.market_calendar: No static holiday table for year 2009. Install jpholiday or update market_calendar.py.
2026-09-20 06:37:02,777 [WARNING] leadlag.core.market_calendar: No static holiday table for year 2009. Install jpholiday or update market_calendar.py.
2026-09-20 06:37:02,777 [WARNING] leadlag.core.market_calendar: No static holiday table for year 2009. Install jpholiday or update market_calendar.py.
2026-09-20 06:37:02,777 [WARNING] leadlag.core.market_calendar: No static holiday table for year 2009. Install jpholiday or update market_calendar.py.
2026-09-20 06:37:02,777 [WARNING] leadlag.core.market_calendar: No static holiday table for year 2009. Install jpholiday or update market_calendar.py.
2026-09-20 06:37:02,777 [WARNING] leadlag.core.market_calendar: No static holiday table for year 2009. Install jpholiday or update market_calendar.py.
2026-09-20 06:37:02,777 [WARNING] leadlag.core.market_calendar: No static holiday table for year 2009. Install jpholiday or update market_calendar.py.
2026-09-20 06:37:02,777 [WARNING] leadlag.core.market_calendar: No static holiday table for year 2009. Install jpholiday or update market_calendar.py.
2026-09-20 06:37:02,778 [WARNING] leadlag.core.market_calendar: No static holiday table for year 2009. Install jpholiday or update market_calendar.py.
2026-09-20 06:37:02,778 [WARNING] leadlag.core.market_calendar: No static holiday table for year 2009. Install jpholiday or update market_calendar.py.
2026-09-20 06:37:02,778 [WARNING] leadlag.core.market_calendar: No static holiday table for year 2009. Install jpholiday or update market_calendar.py.
2026-09-20 06:37:02,778 [WARNING] leadlag.core.market_calendar: No static holiday table for year 2009. Install jpholiday or update market_calendar.py.
2026-09-20 06:37:02,778 [WARNING] leadlag.core.market_calendar: No static holiday table for year 2009. Install jpholiday or update market_calendar.py.
2026-09-20 06:37:02,778 [WARNING] leadlag.core.market_calendar: No static holiday table for year 2009. Install jpholiday or update market_calendar.py.
2026-09-20 06:37:02,778 [WARNING] leadlag.core.market_calendar: No static holiday table for year 2009. Install jpholiday or update market_calendar.py.
2026-09-20 06:37:02,779 [WARNING] leadlag.core.market_calendar: No static holiday table for year 2009. Install jpholiday or update market_calendar.py.
2026-09-20 06:37:02,779 [WARNING] leadlag.core.market_calendar: No static holiday table for year 2009. Install jpholiday or update market_calendar.py.
2026-09-20 06:37:02,779 [WARNING] leadlag.core.market_calendar: No static holiday table for year 2009. Install jpholiday or update market_calendar.py.
2026-09-20 06:37:02,779 [WARNING] leadlag.core.market_calendar: No static holiday table for year 2009. Install jpholiday or update market_calendar.py.
2026-09-20 06:37:02,779 [WARNING] leadlag.core.market_calendar: No static holiday table for year 2009. Install jpholiday or update market_calendar.py.
2026-09-20 06:37:02,779 [WARNING] leadlag.core.market_calendar: No static holiday table for year 2009. Install jpholiday or update market_calendar.py.
2026-09-20 06:37:02,779 [WARNING] leadlag.core.market_calendar: No static holiday table for year 2009. Install jpholiday or update market_calendar.py.
2026-09-20 06:37:02,780 [WARNING] leadlag.core.market_calendar: No static holiday table for year 2009. Install jpholiday or update market_calendar.py.
2026-09-20 06:37:02,780 [WARNING] leadlag.core.market_calendar: No static holiday table for year 2009. Install jpholiday or update market_calendar.py.
2026-09-20 06:37:02,780 [WARNING] leadlag.core.market_calendar: No static holiday table for year 2009. Install jpholiday or update market_calendar.py.
2026-09-20 06:37:02,780 [WARNING] leadlag.core.market_calendar: No static holiday table for year 2009. Install jpholiday or update market_calendar.py.
2026-09-20 06:37:02,780 [WARNING] leadlag.core.market_calendar: No static holiday table for year 2009. Install jpholiday or update market_calendar.py.
2026-09-20 06:37:02,780 [WARNING] leadlag.core.market_calendar: No static holiday table for year 2009. Install jpholiday or update market_calendar.py.
2026-09-20 06:37:02,780 [WARNING] leadlag.core.market_calendar: No static holiday table for year 2009. Install jpholiday or update market_calendar.py.
2026-09-20 06:37:02,780 [WARNING] leadlag.core.market_calendar: No static holiday table for year 2009. Install jpholiday or update market_calendar.py.
2026-09-20 06:37:02,781 [WARNING] leadlag.core.market_calendar: No static holiday table for year 2009. Install jpholiday or update market_calendar.py.
2026-09-20 06:37:02,781 [WARNING] leadlag.core.market_calendar: No static holiday table for year 2009. Install jpholiday or update market_calendar.py.
2026-09-20 06:37:02,781 [WARNING] leadlag.core.market_calendar: No static holiday table for year 2009. Install jpholiday or update market_calendar.py.
2026-09-20 06:37:02,781 [WARNING] leadlag.core.market_calendar: No static holiday table for year 2009. Install jpholiday or update market_calendar.py.
2026-09-20 06:37:02,781 [WARNING] leadlag.core.market_calendar: No static holiday table for year 2009. Install jpholiday or update market_calendar.py.
2026-09-20 06:37:02,781 [WARNING] leadlag.core.market_calendar: No static holiday table for year 2009. Install jpholiday or update market_calendar.py.
2026-09-20 06:37:02,781 [WARNING] leadlag.core.market_calendar: No static holiday table for year 2009. Install jpholiday or update market_calendar.py.
2026-09-20 06:37:02,782 [WARNING] leadlag.core.market_calendar: No static holiday table for year 2009. Install jpholiday or update market_calendar.py.
2026-09-20 06:37:02,782 [WARNING] leadlag.core.market_calendar: No static holiday table for year 2009. Install jpholiday or update market_calendar.py.
2026-09-20 06:37:02,782 [WARNING] leadlag.core.market_calendar: No static holiday table for year 2009. Install jpholiday or update market_calendar.py.
2026-09-20 06:37:02,782 [WARNING] leadlag.core.market_calendar: No static holiday table for year 2009. Install jpholiday or update market_calendar.py.
2026-09-20 06:37:02,782 [WARNING] leadlag.core.market_calendar: No static holiday table for year 2009. Install jpholiday or update market_calendar.py.
2026-09-20 06:37:02,782 [WARNING] leadlag.core.market_calendar: No static holiday table for year 2009. Install jpholiday or update market_calendar.py.
2026-09-20 06:37:02,782 [WARNING] leadlag.core.market_calendar: No static holiday table for year 2009. Install jpholiday or update market_calendar.py.
2026-09-20 06:37:02,783 [WARNING] leadlag.core.market_calendar: No static holiday table for year 2009. Install jpholiday or update market_calendar.py.
2026-09-20 06:37:02,783 [WARNING] leadlag.core.market_calendar: No static holiday table for year 2009. Install jpholiday or update market_calendar.py.
2026-09-20 06:37:02,783 [WARNING] leadlag.core.market_calendar: No static holiday table for year 2009. Install jpholiday or update market_calendar.py.
2026-09-20 06:37:02,783 [WARNING] leadlag.core.market_calendar: No static holiday table for year 2009. Install jpholiday or update market_calendar.py.
2026-09-20 06:37:02,783 [WARNING] leadlag.core.market_calendar: No static holiday table for year 2009. Install jpholiday or update market_calendar.py.
2026-09-20 06:37:02,783 [WARNING] leadlag.core.market_calendar: No static holiday table for year 2009. Install jpholiday or update market_calendar.py.
2026-09-20 06:37:02,783 [WARNING] leadlag.core.market_calendar: No static holiday table for year 2009. Install jpholiday or update market_calendar.py.
2026-09-20 06:37:02,784 [WARNING] leadlag.core.market_calendar: No static holiday table for year 2009. Install jpholiday or update market_calendar.py.
2026-09-20 06:37:02,784 [WARNING] leadlag.core.market_calendar: No static holiday table for year 2009. Install jpholiday or update market_calendar.py.
2026-09-20 06:37:02,784 [WARNING] leadlag.core.market_calendar: No static holiday table for year 2009. Install jpholiday or update market_calendar.py.
2026-09-20 06:37:02,784 [WARNING] leadlag.core.market_calendar: No static holiday table for year 2009. Install jpholiday or update market_calendar.py.
2026-09-20 06:37:02,784 [WARNING] leadlag.core.market_calendar: No static holiday table for year 2009. Install jpholiday or update market_calendar.py.
2026-09-20 06:37:02,784 [WARNING] leadlag.core.market_calendar: No static holiday table for year 2009. Install jpholiday or update market_calendar.py.
2026-09-20 06:37:02,785 [WARNING] leadlag.core.market_calendar: No static holiday table for year 2009. Install jpholiday or update market_calendar.py.
2026-09-20 06:37:02,785 [WARNING] leadlag.core.market_calendar: No static holiday table for year 2009. Install jpholiday or update market_calendar.py.
2026-09-20 06:37:02,785 [WARNING] leadlag.core.market_calendar: No static holiday table for year 2009. Install jpholiday or update market_calendar.py.
2026-09-20 06:37:02,785 [WARNING] leadlag.core.market_calendar: No static holiday table for year 2009. Install jpholiday or update market_calendar.py.
2026-09-20 06:37:02,785 [WARNING] leadlag.core.market_calendar: No static holiday table for year 2009. Install jpholiday or update market_calendar.py.
2026-09-20 06:37:02,785 [WARNING] leadlag.core.market_calendar: No static holiday table for year 2009. Install jpholiday or update market_calendar.py.
2026-09-20 06:37:02,785 [WARNING] leadlag.core.market_calendar: No static holiday table for year 2009. Install jpholiday or update market_calendar.py.
2026-09-20 06:37:02,786 [WARNING] leadlag.core.market_calendar: No static holiday table for year 2009. Install jpholiday or update market_calendar.py.
2026-09-20 06:37:02,786 [WARNING] leadlag.core.market_calendar: No static holiday table for year 2009. Install jpholiday or update market_calendar.py.
2026-09-20 06:37:02,786 [WARNING] leadlag.core.market_calendar: No static holiday table for year 2009. Install jpholiday or update market_calendar.py.
2026-09-20 06:37:02,786 [WARNING] leadlag.core.market_calendar: No static holiday table for year 2009. Install jpholiday or update market_calendar.py.
2026-09-20 06:37:02,786 [WARNING] leadlag.core.market_calendar: No static holiday table for year 2009. Install jpholiday or update market_calendar.py.
2026-09-20 06:37:02,786 [WARNING] leadlag.core.market_calendar: No static holiday table for year 2009. Install jpholiday or update market_calendar.py.
2026-09-20 06:37:02,786 [WARNING] leadlag.core.market_calendar: No static holiday table for year 2009. Install jpholiday or update market_calendar.py.
2026-09-20 06:37:02,787 [WARNING] leadlag.core.market_calendar: No static holiday table for year 2009. Install jpholiday or update market_calendar.py.
2026-09-20 06:37:02,787 [WARNING] leadlag.core.market_calendar: No static holiday table for year 2009. Install jpholiday or update market_calendar.py.
2026-09-20 06:37:02,787 [WARNING] leadlag.core.market_calendar: No static holiday table for year 2009. Install jpholiday or update market_calendar.py.
2026-09-20 06:37:02,787 [WARNING] leadlag.core.market_calendar: No static holiday table for year 2009. Install jpholiday or update market_calendar.py.
2026-09-20 06:37:02,787 [WARNING] leadlag.core.market_calendar: No static holiday table for year 2009. Install jpholiday or update market_calendar.py.
2026-09-20 06:37:02,787 [WARNING] leadlag.core.market_calendar: No static holiday table for year 2009. Install jpholiday or update market_calendar.py.
2026-09-20 06:37:02,787 [WARNING] leadlag.core.market_calendar: No static holiday table for year 2009. Install jpholiday or update market_calendar.py.
2026-09-20 06:37:02,787 [WARNING] leadlag.core.market_calendar: No static holiday table for year 2009. Install jpholiday or update market_calendar.py.
2026-09-20 06:37:02,788 [WARNING] leadlag.core.market_calendar: No static holiday table for year 2009. Install jpholiday or update market_calendar.py.
2026-09-20 06:37:02,788 [WARNING] leadlag.core.market_calendar: No static holiday table for year 2009. Install jpholiday or update market_calendar.py.
2026-09-20 06:37:02,788 [WARNING] leadlag.core.market_calendar: No static holiday table for year 2009. Install jpholiday or update market_calendar.py.
2026-09-20 06:37:02,788 [WARNING] leadlag.core.market_calendar: No static holiday table for year 2009. Install jpholiday or update market_calendar.py.
2026-09-20 06:37:02,788 [WARNING] leadlag.core.market_calendar: No static holiday table for year 2009. Install jpholiday or update market_calendar.py.
2026-09-20 06:37:02,788 [WARNING] leadlag.core.market_calendar: No static holiday table for year 2009. Install jpholiday or update market_calendar.py.
2026-09-20 06:37:02,789 [WARNING] leadlag.core.market_calendar: No static holiday table for year 2009. Install jpholiday or update market_calendar.py.
2026-09-20 06:37:02,789 [WARNING] leadlag.core.market_calendar: No static holiday table for year 2009. Install jpholiday or update market_calendar.py.
2026-09-20 06:37:02,789 [WARNING] leadlag.core.market_calendar: No static holiday table for year 2009. Install jpholiday or update market_calendar.py.
2026-09-20 06:37:02,789 [WARNING] leadlag.core.market_calendar: No static holiday table for year 2009. Install jpholiday or update market_calendar.py.
2026-09-20 06:37:02,789 [WARNING] leadlag.core.market_calendar: No static holiday table for year 2009. Install jpholiday or update market_calendar.py.
2026-09-20 06:37:02,790 [WARNING] leadlag.core.market_calendar: No static holiday table for year 2009. Install jpholiday or update market_calendar.py.
2026-09-20 06:37:02,790 [WARNING] leadlag.core.market_calendar: No static holiday table for year 2009. Install jpholiday or update market_calendar.py.
2026-09-20 06:37:02,790 [WARNING] leadlag.core.market_calendar: No static holiday table for year 2009. Install jpholiday or update market_calendar.py.
2026-09-20 06:37:02,790 [WARNING] leadlag.core.market_calendar: No static holiday table for year 2009. Install jpholiday or update market_calendar.py.
2026-09-20 06:37:02,790 [WARNING] leadlag.core.market_calendar: No static holiday table for year 2009. Install jpholiday or update market_calendar.py.
2026-09-20 06:37:02,791 [WARNING] leadlag.core.market_calendar: No static holiday table for year 2009. Install jpholiday or update market_calendar.py.
2026-09-20 06:37:02,791 [WARNING] leadlag.core.market_calendar: No static holiday table for year 2009. Install jpholiday or update market_calendar.py.
2026-09-20 06:37:02,791 [WARNING] leadlag.core.market_calendar: No static holiday table for year 2009. Install jpholiday or update market_calendar.py.
2026-09-20 06:37:02,791 [WARNING] leadlag.core.market_calendar: No static holiday table for year 2009. Install jpholiday or update market_calendar.py.
2026-09-20 06:37:02,792 [WARNING] leadlag.core.market_calendar: No static holiday table for year 2009. Install jpholiday or update market_calendar.py.
2026-09-20 06:37:02,792 [WARNING] leadlag.core.market_calendar: No static holiday table for year 2009. Install jpholiday or update market_calendar.py.
2026-09-20 06:37:02,792 [WARNING] leadlag.core.market_calendar: No static holiday table for year 2009. Install jpholiday or update market_calendar.py.
2026-09-20 06:37:02,792 [WARNING] leadlag.core.market_calendar: No static holiday table for year 2009. Install jpholiday or update market_calendar.py.
2026-09-20 06:37:02,792 [WARNING] leadlag.core.market_calendar: No static holiday table for year 2009. Install jpholiday or update market_calendar.py.
2026-09-20 06:37:02,792 [WARNING] leadlag.core.market_calendar: No static holiday table for year 2009. Install jpholiday or update market_calendar.py.
2026-09-20 06:37:02,793 [WARNING] leadlag.core.market_calendar: No static holiday table for year 2009. Install jpholiday or update market_calendar.py.
2026-09-20 06:37:02,793 [WARNING] leadlag.core.market_calendar: No static holiday table for year 2009. Install jpholiday or update market_calendar.py.
2026-09-20 06:37:02,793 [WARNING] leadlag.core.market_calendar: No static holiday table for year 2009. Install jpholiday or update market_calendar.py.
2026-09-20 06:37:02,793 [WARNING] leadlag.core.market_calendar: No static holiday table for year 2009. Install jpholiday or update market_calendar.py.
2026-09-20 06:37:02,793 [WARNING] leadlag.core.market_calendar: No static holiday table for year 2009. Install jpholiday or update market_calendar.py.
2026-09-20 06:37:02,793 [WARNING] leadlag.core.market_calendar: No static holiday table for year 2009. Install jpholiday or update market_calendar.py.
2026-09-20 06:37:02,793 [WARNING] leadlag.core.market_calendar: No static holiday table for year 2009. Install jpholiday or update market_calendar.py.
2026-09-20 06:37:02,794 [WARNING] leadlag.core.market_calendar: No static holiday table for year 2009. Install jpholiday or update market_calendar.py.
2026-09-20 06:37:02,794 [WARNING] leadlag.core.market_calendar: No static holiday table for year 2009. Install jpholiday or update market_calendar.py.
2026-09-20 06:37:02,794 [WARNING] leadlag.core.market_calendar: No static holiday table for year 2009. Install jpholiday or update market_calendar.py.
2026-09-20 06:37:02,794 [WARNING] leadlag.core.market_calendar: No static holiday table for year 2009. Install jpholiday or update market_calendar.py.
2026-09-20 06:37:02,794 [WARNING] leadlag.core.market_calendar: No static holiday table for year 2009. Install jpholiday or update market_calendar.py.
2026-09-20 06:37:02,794 [WARNING] leadlag.core.market_calendar: No static holiday table for year 2009. Install jpholiday or update market_calendar.py.
2026-09-20 06:37:02,795 [WARNING] leadlag.core.market_calendar: No static holiday table for year 2009. Install jpholiday or update market_calendar.py.
2026-09-20 06:37:02,795 [WARNING] leadlag.core.market_calendar: No static holiday table for year 2009. Install jpholiday or update market_calendar.py.
2026-09-20 06:37:02,795 [WARNING] leadlag.core.market_calendar: No static holiday table for year 2009. Install jpholiday or update market_calendar.py.
2026-09-20 06:37:02,795 [WARNING] leadlag.core.market_calendar: No static holiday table for year 2009. Install jpholiday or update market_calendar.py.
2026-09-20 06:37:02,795 [WARNING] leadlag.core.market_calendar: No static holiday table for year 2009. Install jpholiday or update market_calendar.py.
2026-09-20 06:37:02,795 [WARNING] leadlag.core.market_calendar: No static holiday table for year 2009. Install jpholiday or update market_calendar.py.
2026-09-20 06:37:02,795 [WARNING] leadlag.core.market_calendar: No static holiday table for year 2009. Install jpholiday or update market_calendar.py.
2026-09-20 06:37:02,796 [WARNING] leadlag.core.market_calendar: No static holiday table for year 2009. Install jpholiday or update market_calendar.py.
2026-09-20 06:37:02,796 [WARNING] leadlag.core.market_calendar: No static holiday table for year 2009. Install jpholiday or update market_calendar.py.
2026-09-20 06:37:02,796 [WARNING] leadlag.core.market_calendar: No static holiday table for year 2009. Install jpholiday or update market_calendar.py.
2026-09-20 06:37:02,796 [WARNING] leadlag.core.market_calendar: No static holiday table for year 2009. Install jpholiday or update market_calendar.py.
2026-09-20 06:37:02,796 [WARNING] leadlag.core.market_calendar: No static holiday table for year 2009. Install jpholiday or update market_calendar.py.
2026-09-20 06:37:02,796 [WARNING] leadlag.core.market_calendar: No static holiday table for year 2009. Install jpholiday or update market_calendar.py.
2026-09-20 06:37:02,796 [WARNING] leadlag.core.market_calendar: No static holiday table for year 2009. Install jpholiday or update market_calendar.py.
2026-09-20 06:37:02,797 [WARNING] leadlag.core.market_calendar: No static holiday table for year 2009. Install jpholiday or update market_calendar.py.
2026-09-20 06:37:02,797 [WARNING] leadlag.core.market_calendar: No static holiday table for year 2009. Install jpholiday or update market_calendar.py.
2026-09-20 06:37:02,797 [WARNING] leadlag.core.market_calendar: No static holiday table for year 2009. Install jpholiday or update market_calendar.py.
2026-09-20 06:37:02,797 [WARNING] leadlag.core.market_calendar: No static holiday table for year 2009. Install jpholiday or update market_calendar.py.
2026-09-20 06:37:02,797 [WARNING] leadlag.core.market_calendar: No static holiday table for year 2009. Install jpholiday or update market_calendar.py.
2026-09-20 06:37:02,797 [WARNING] leadlag.core.market_calendar: No static holiday table for year 2009. Install jpholiday or update market_calendar.py.
2026-09-20 06:37:02,797 [WARNING] leadlag.core.market_calendar: No static holiday table for year 2009. Install jpholiday or update market_calendar.py.
2026-09-20 06:37:02,797 [WARNING] leadlag.core.market_calendar: No static holiday table for year 2009. Install jpholiday or update market_calendar.py.
2026-09-20 06:37:02,798 [WARNING] leadlag.core.market_calendar: No static holiday table for year 2009. Install jpholiday or update market_calendar.py.
2026-09-20 06:37:02,798 [WARNING] leadlag.core.market_calendar: No static holiday table for year 2009. Install jpholiday or update market_calendar.py.
2026-09-20 06:37:02,798 [WARNING] leadlag.core.market_calendar: No static holiday table for year 2009. Install jpholiday or update market_calendar.py.
2026-09-20 06:37:02,798 [WARNING] leadlag.core.market_calendar: No static holiday table for year 2009. Install jpholiday or update market_calendar.py.
2026-09-20 06:37:02,798 [WARNING] leadlag.core.market_calendar: No static holiday table for year 2009. Install jpholiday or update market_calendar.py.
2026-09-20 06:37:02,798 [WARNING] leadlag.core.market_calendar: No static holiday table for year 2009. Install jpholiday or update market_calendar.py.
2026-09-20 06:37:02,798 [WARNING] leadlag.core.market_calendar: No static holiday table for year 2009. Install jpholiday or update market_calendar.py.
2026-09-20 06:37:02,799 [WARNING] leadlag.core.market_calendar: No static holiday table for year 2009. Install jpholiday or update market_calendar.py.
2026-09-20 06:37:02,799 [WARNING] leadlag.core.market_calendar: No static holiday table for year 2009. Install jpholiday or update market_calendar.py.
2026-09-20 06:37:02,799 [WARNING] leadlag.core.market_calendar: No static holiday table for year 2009. Install jpholiday or update market_calendar.py.
2026-09-20 06:37:02,799 [WARNING] leadlag.core.market_calendar: No static holiday table for year 2009. Install jpholiday or update market_calendar.py.
2026-09-20 06:37:02,799 [WARNING] leadlag.core.market_calendar: No static holiday table for year 2009. Install jpholiday or update market_calendar.py.
2026-09-20 06:37:02,799 [WARNING] leadlag.core.market_calendar: No static holiday table for year 2009. Install jpholiday or update market_calendar.py.
2026-09-20 06:37:02,799 [WARNING] leadlag.core.market_calendar: No static holiday table for year 2009. Install jpholiday or update market_calendar.py.
2026-09-20 06:37:02,799 [WARNING] leadlag.core.market_calendar: No static holiday table for year 2009. Install jpholiday or update market_calendar.py.
2026-09-20 06:37:02,800 [WARNING] leadlag.core.market_calendar: No static holiday table for year 2009. Install jpholiday or update market_calendar.py.
2026-09-20 06:37:02,800 [WARNING] leadlag.core.market_calendar: No static holiday table for year 2009. Install jpholiday or update market_calendar.py.
2026-09-20 06:37:02,800 [WARNING] leadlag.core.market_calendar: No static holiday table for year 2009. Install jpholiday or update market_calendar.py.
2026-09-20 06:37:02,800 [WARNING] leadlag.core.market_calendar: No static holiday table for year 2009. Install jpholiday or update market_calendar.py.
2026-09-20 06:37:02,800 [WARNING] leadlag.core.market_calendar: No static holiday table for year 2009. Install jpholiday or update market_calendar.py.
2026-09-20 06:37:02,800 [WARNING] leadlag.core.market_calendar: No static holiday table for year 2009. Install jpholiday or update market_calendar.py.
2026-09-20 06:37:02,800 [WARNING] leadlag.core.market_calendar: No static holiday table for year 2009. Install jpholiday or update market_calendar.py.
2026-09-20 06:37:02,801 [WARNING] leadlag.core.market_calendar: No static holiday table for year 2010. Install jpholiday or update market_calendar.py.
2026-09-20 06:37:02,801 [WARNING] leadlag.core.market_calendar: No static holiday table for year 2010. Install jpholiday or update market_calendar.py.
2026-09-20 06:37:02,801 [WARNING] leadlag.core.market_calendar: No static holiday table for year 2010. Install jpholiday or update market_calendar.py.
2026-09-20 06:37:02,801 [WARNING] leadlag.core.market_calendar: No static holiday table for year 2010. Install jpholiday or update market_calendar.py.
2026-09-20 06:37:02,801 [WARNING] leadlag.core.market_calendar: No static holiday table for year 2010. Install jpholiday or update market_calendar.py.
2026-09-20 06:37:02,801 [WARNING] leadlag.core.market_calendar: No static holiday table for year 2010. Install jpholiday or update market_calendar.py.
2026-09-20 06:37:02,802 [WARNING] leadlag.core.market_calendar: No static holiday table for year 2010. Install jpholiday or update market_calendar.py.
2026-09-20 06:37:02,802 [WARNING] leadlag.core.market_calendar: No static holiday table for year 2010. Install jpholiday or update market_calendar.py.
2026-09-20 06:37:02,802 [WARNING] leadlag.core.market_calendar: No static holiday table for year 2010. Install jpholiday or update market_calendar.py.
2026-09-20 06:37:02,802 [WARNING] leadlag.core.market_calendar: No static holiday table for year 2010. Install jpholiday or update market_calendar.py.
2026-09-20 06:37:02,802 [WARNING] leadlag.core.market_calendar: No static holiday table for year 2010. Install jpholiday or update market_calendar.py.
2026-09-20 06:37:02,802 [WARNING] leadlag.core.market_calendar: No static holiday table for year 2010. Install jpholiday or update market_calendar.py.
2026-09-20 06:37:02,802 [WARNING] leadlag.core.market_calendar: No static holiday table for year 2010. Install jpholiday or update market_calendar.py.
2026-09-20 06:37:02,803 [WARNING] leadlag.core.market_calendar: No static holiday table for year 2010. Install jpholiday or update market_calendar.py.
2026-09-20 06:37:02,803 [WARNING] leadlag.core.market_calendar: No static holiday table for year 2010. Install jpholiday or update market_calendar.py.
2026-09-20 06:37:02,803 [WARNING] leadlag.core.market_calendar: No static holiday table for year 2010. Install jpholiday or update market_calendar.py.
2026-09-20 06:37:02,803 [WARNING] leadlag.core.market_calendar: No static holiday table for year 2010. Install jpholiday or update market_calendar.py.
2026-09-20 06:37:02,803 [WARNING] leadlag.core.market_calendar: No static holiday table for year 2010. Install jpholiday or update market_calendar.py.
2026-09-20 06:37:02,803 [WARNING] leadlag.core.market_calendar: No static holiday table for year 2010. Install jpholiday or update market_calendar.py.
2026-09-20 06:37:02,803 [WARNING] leadlag.core.market_calendar: No static holiday table for year 2010. Install jpholiday or update market_calendar.py.
2026-09-20 06:37:02,804 [WARNING] leadlag.core.market_calendar: No static holiday table for year 2010. Install jpholiday or update market_calendar.py.
2026-09-20 06:37:02,804 [WARNING] leadlag.core.market_calendar: No static holiday table for year 2010. Install jpholiday or update market_calendar.py.
2026-09-20 06:37:02,804 [WARNING] leadlag.core.market_calendar: No static holiday table for year 2010. Install jpholiday or update market_calendar.py.
2026-09-20 06:37:02,804 [WARNING] leadlag.core.market_calendar: No static holiday table for year 2010. Install jpholiday or update market_calendar.py.
2026-09-20 06:37:02,804 [WARNING] leadlag.core.market_calendar: No static holiday table for year 2010. Install jpholiday or update market_calendar.py.
2026-09-20 06:37:02,804 [WARNING] leadlag.core.market_calendar: No static holiday table for year 2010. Install jpholiday or update market_calendar.py.
2026-09-20 06:37:02,804 [WARNING] leadlag.core.market_calendar: No static holiday table for year 2010. Install jpholiday or update market_calendar.py.
2026-09-20 06:37:02,805 [WARNING] leadlag.core.market_calendar: No static holiday table for year 2010. Install jpholiday or update market_calendar.py.
2026-09-20 06:37:02,805 [WARNING] leadlag.core.market_calendar: No static holiday table for year 2010. Install jpholiday or update market_calendar.py.
2026-09-20 06:37:02,805 [WARNING] leadlag.core.market_calendar: No static holiday table for year 2010. Install jpholiday or update market_calendar.py.
2026-09-20 06:37:02,805 [WARNING] leadlag.core.market_calendar: No static holiday table for year 2010. Install jpholiday or update market_calendar.py.
2026-09-20 06:37:02,805 [WARNING] leadlag.core.market_calendar: No static holiday table for year 2010. Install jpholiday or update market_calendar.py.
2026-09-20 06:37:02,805 [WARNING] leadlag.core.market_calendar: No static holiday table for year 2010. Install jpholiday or update market_calendar.py.
2026-09-20 06:37:02,805 [WARNING] leadlag.core.market_calendar: No static holiday table for year 2010. Install jpholiday or update market_calendar.py.
2026-09-20 06:37:02,806 [WARNING] leadlag.core.market_calendar: No static holiday table for year 2010. Install jpholiday or update market_calendar.py.
2026-09-20 06:37:02,806 [WARNING] leadlag.core.market_calendar: No static holiday table for year 2010. Install jpholiday or update market_calendar.py.
2026-09-20 06:37:02,806 [WARNING] leadlag.core.market_calendar: No static holiday table for year 2010. Install jpholiday or update market_calendar.py.
2026-09-20 06:37:02,806 [WARNING] leadlag.core.market_calendar: No static holiday table for year 2010. Install jpholiday or update market_calendar.py.
2026-09-20 06:37:02,806 [WARNING] leadlag.core.market_calendar: No static holiday table for year 2010. Install jpholiday or update market_calendar.py.
2026-09-20 06:37:02,806 [WARNING] leadlag.core.market_calendar: No static holiday table for year 2010. Install jpholiday or update market_calendar.py.
2026-09-20 06:37:02,806 [WARNING] leadlag.core.market_calendar: No static holiday table for year 2010. Install jpholiday or update market_calendar.py.
2026-09-20 06:37:02,807 [WARNING] leadlag.core.market_calendar: No static holiday table for year 2010. Install jpholiday or update market_calendar.py.
2026-09-20 06:37:02,807 [WARNING] leadlag.core.market_calendar: No static holiday table for year 2010. Install jpholiday or update market_calendar.py.
2026-09-20 06:37:02,807 [WARNING] leadlag.core.market_calendar: No static holiday table for year 2010. Install jpholiday or update market_calendar.py.
2026-09-20 06:37:02,807 [WARNING] leadlag.core.market_calendar: No static holiday table for year 2010. Install jpholiday or update market_calendar.py.
2026-09-20 06:37:02,807 [WARNING] leadlag.core.market_calendar: No static holiday table for year 2010. Install jpholiday or update market_calendar.py.
2026-09-20 06:37:02,808 [WARNING] leadlag.core.market_calendar: No static holiday table for year 2010. Install jpholiday or update market_calendar.py.
2026-09-20 06:37:02,808 [WARNING] leadlag.core.market_calendar: No static holiday table for year 2010. Install jpholiday or update market_calendar.py.
2026-09-20 06:37:02,808 [WARNING] leadlag.core.market_calendar: No static holiday table for year 2010. Install jpholiday or update market_calendar.py.
2026-09-20 06:37:02,808 [WARNING] leadlag.core.market_calendar: No static holiday table for year 2010. Install jpholiday or update market_calendar.py.
2026-09-20 06:37:02,808 [WARNING] leadlag.core.market_calendar: No static holiday table for year 2010. Install jpholiday or update market_calendar.py.
2026-09-20 06:37:02,808 [WARNING] leadlag.core.market_calendar: No static holiday table for year 2010. Install jpholiday or update market_calendar.py.
2026-09-20 06:37:02,809 [WARNING] leadlag.core.market_calendar: No static holiday table for year 2010. Install jpholiday or update market_calendar.py.
2026-09-20 06:37:02,809 [WARNING] leadlag.core.market_calendar: No static holiday table for year 2010. Install jpholiday or update market_calendar.py.
2026-09-20 06:37:02,809 [WARNING] leadlag.core.market_calendar: No static holiday table for year 2010. Install jpholiday or update market_calendar.py.
2026-09-20 06:37:02,809 [WARNING] leadlag.core.market_calendar: No static holiday table for year 2010. Install jpholiday or update market_calendar.py.
2026-09-20 06:37:02,809 [WARNING] leadlag.core.market_calendar: No static holiday table for year 2010. Install jpholiday or update market_calendar.py.
2026-09-20 06:37:02,810 [WARNING] leadlag.core.market_calendar: No static holiday table for year 2010. Install jpholiday or update market_calendar.py.
2026-09-20 06:37:02,810 [WARNING] leadlag.core.market_calendar: No static holiday table for year 2010. Install jpholiday or update market_calendar.py.
2026-09-20 06:37:02,810 [WARNING] leadlag.core.market_calendar: No static holiday table for year 2010. Install jpholiday or update market_calendar.py.
2026-09-20 06:37:02,810 [WARNING] leadlag.core.market_calendar: No static holiday table for year 2010. Install jpholiday or update market_calendar.py.
2026-09-20 06:37:02,810 [WARNING] leadlag.core.market_calendar: No static holiday table for year 2010. Install jpholiday or update market_calendar.py.
2026-09-20 06:37:02,810 [WARNING] leadlag.core.market_calendar: No static holiday table for year 2010. Install jpholiday or update market_calendar.py.
2026-09-20 06:37:02,810 [WARNING] leadlag.core.market_calendar: No static holiday table for year 2010. Install jpholiday or update market_calendar.py.
2026-09-20 06:37:02,811 [WARNING] leadlag.core.market_calendar: No static holiday table for year 2010. Install jpholiday or update market_calendar.py.
2026-09-20 06:37:02,811 [WARNING] leadlag.core.market_calendar: No static holiday table for year 2010. Install jpholiday or update market_calendar.py.
2026-09-20 06:37:02,811 [WARNING] leadlag.core.market_calendar: No static holiday table for year 2010. Install jpholiday or update market_calendar.py.
2026-09-20 06:37:02,811 [WARNING] leadlag.core.market_calendar: No static holiday table for year 2010. Install jpholiday or update market_calendar.py.
2026-09-20 06:37:02,811 [WARNING] leadlag.core.market_calendar: No static holiday table for year 2010. Install jpholiday or update market_calendar.py.
2026-09-20 06:37:02,811 [WARNING] leadlag.core.market_calendar: No static holiday table for year 2010. Install jpholiday or update market_calendar.py.
2026-09-20 06:37:02,811 [WARNING] leadlag.core.market_calendar: No static holiday table for year 2010. Install jpholiday or update market_calendar.py.
2026-09-20 06:37:02,812 [WARNING] leadlag.core.market_calendar: No static holiday table for year 2010. Install jpholiday or update market_calendar.py.
2026-09-20 06:37:02,812 [WARNING] leadlag.core.market_calendar: No static holiday table for year 2010. Install jpholiday or update market_calendar.py.
2026-09-20 06:37:02,812 [WARNING] leadlag.core.market_calendar: No static holiday table for year 2010. Install jpholiday or update market_calendar.py.
2026-09-20 06:37:02,812 [WARNING] leadlag.core.market_calendar: No static holiday table for year 2010. Install jpholiday or update market_calendar.py.
2026-09-20 06:37:02,812 [WARNING] leadlag.core.market_calendar: No static holiday table for year 2010. Install jpholiday or update market_calendar.py.
2026-09-20 06:37:02,812 [WARNING] leadlag.core.market_calendar: No static holiday table for year 2010. Install jpholiday or update market_calendar.py.
2026-09-20 06:37:02,812 [WARNING] leadlag.core.market_calendar: No static holiday table for year 2010. Install jpholiday or update market_calendar.py.
2026-09-20 06:37:02,812 [WARNING] leadlag.core.market_calendar: No static holiday table for year 2010. Install jpholiday or update market_calendar.py.
2026-09-20 06:37:02,813 [WARNING] leadlag.core.market_calendar: No static holiday table for year 2010. Install jpholiday or update market_calendar.py.
2026-09-20 06:37:02,813 [WARNING] leadlag.core.market_calendar: No static holiday table for year 2010. Install jpholiday or update market_calendar.py.
2026-09-20 06:37:02,813 [WARNING] leadlag.core.market_calendar: No static holiday table for year 2010. Install jpholiday or update market_calendar.py.
2026-09-20 06:37:02,813 [WARNING] leadlag.core.market_calendar: No static holiday table for year 2010. Install jpholiday or update market_calendar.py.
2026-09-20 06:37:02,813 [WARNING] leadlag.core.market_calendar: No static holiday table for year 2010. Install jpholiday or update market_calendar.py.
2026-09-20 06:37:02,813 [WARNING] leadlag.core.market_calendar: No static holiday table for year 2010. Install jpholiday or update market_calendar.py.
2026-09-20 06:37:02,813 [WARNING] leadlag.core.market_calendar: No static holiday table for year 2010. Install jpholiday or update market_calendar.py.
2026-09-20 06:37:02,814 [WARNING] leadlag.core.market_calendar: No static holiday table for year 2010. Install jpholiday or update market_calendar.py.
2026-09-20 06:37:02,814 [WARNING] leadlag.core.market_calendar: No static holiday table for year 2010. Install jpholiday or update market_calendar.py.
2026-09-20 06:37:02,814 [WARNING] leadlag.core.market_calendar: No static holiday table for year 2010. Install jpholiday or update market_calendar.py.
2026-09-20 06:37:02,814 [WARNING] leadlag.core.market_calendar: No static holiday table for year 2010. Install jpholiday or update market_calendar.py.
2026-09-20 06:37:02,814 [WARNING] leadlag.core.market_calendar: No static holiday table for year 2010. Install jpholiday or update market_calendar.py.
2026-09-20 06:37:02,814 [WARNING] leadlag.core.market_calendar: No static holiday table for year 2010. Install jpholiday or update market_calendar.py.
2026-09-20 06:37:02,814 [WARNING] leadlag.core.market_calendar: No static holiday table for year 2010. Install jpholiday or update market_calendar.py.
2026-09-20 06:37:02,815 [WARNING] leadlag.core.market_calendar: No static holiday table for year 2010. Install jpholiday or update market_calendar.py.
2026-09-20 06:37:02,815 [WARNING] leadlag.core.market_calendar: No static holiday table for year 2010. Install jpholiday or update market_calendar.py.
2026-09-20 06:37:02,815 [WARNING] leadlag.core.market_calendar: No static holiday table for year 2010. Install jpholiday or update market_calendar.py.
2026-09-20 06:37:02,815 [WARNING] leadlag.core.market_calendar: No static holiday table for year 2010. Install jpholiday or update market_calendar.py.
2026-09-20 06:37:02,815 [WARNING] leadlag.core.market_calendar: No static holiday table for year 2010. Install jpholiday or update market_calendar.py.
2026-09-20 06:37:02,815 [WARNING] leadlag.core.market_calendar: No static holiday table for year 2010. Install jpholiday or update market_calendar.py.
2026-09-20 06:37:02,815 [WARNING] leadlag.core.market_calendar: No static holiday table for year 2010. Install jpholiday or update market_calendar.py.
2026-09-20 06:37:02,815 [WARNING] leadlag.core.market_calendar: No static holiday table for year 2010. Install jpholiday or update market_calendar.py.
2026-09-20 06:37:02,816 [WARNING] leadlag.core.market_calendar: No static holiday table for year 2010. Install jpholiday or update market_calendar.py.
2026-09-20 06:37:02,816 [WARNING] leadlag.core.market_calendar: No static holiday table for year 2010. Install jpholiday or update market_calendar.py.
2026-09-20 06:37:02,816 [WARNING] leadlag.core.market_calendar: No static holiday table for year 2010. Install jpholiday or update market_calendar.py.
2026-09-20 06:37:02,816 [WARNING] leadlag.core.market_calendar: No static holiday table for year 2010. Install jpholiday or update market_calendar.py.
2026-09-20 06:37:02,816 [WARNING] leadlag.core.market_calendar: No static holiday table for year 2010. Install jpholiday or update market_calendar.py.
2026-09-20 06:37:02,816 [WARNING] leadlag.core.market_calendar: No static holiday table for year 2010. Install jpholiday or update market_calendar.py.
2026-09-20 06:37:02,816 [WARNING] leadlag.core.market_calendar: No static holiday table for year 2010. Install jpholiday or update market_calendar.py.
2026-09-20 06:37:02,817 [WARNING] leadlag.core.market_calendar: No static holiday table for year 2010. Install jpholiday or update market_calendar.py.
2026-09-20 06:37:02,817 [WARNING] leadlag.core.market_calendar: No static holiday table for year 2010. Install jpholiday or update market_calendar.py.
2026-09-20 06:37:02,817 [WARNING] leadlag.core.market_calendar: No static holiday table for year 2010. Install jpholiday or update market_calendar.py.
2026-09-20 06:37:02,817 [WARNING] leadlag.core.market_calendar: No static holiday table for year 2010. Install jpholiday or update market_calendar.py.
2026-09-20 06:37:02,817 [WARNING] leadlag.core.market_calendar: No static holiday table for year 2010. Install jpholiday or update market_calendar.py.
2026-09-20 06:37:02,817 [WARNING] leadlag.core.market_calendar: No static holiday table for year 2010. Install jpholiday or update market_calendar.py.
2026-09-20 06:37:02,817 [WARNING] leadlag.core.market_calendar: No static holiday table for year 2010. Install jpholiday or update market_calendar.py.
2026-09-20 06:37:02,817 [WARNING] leadlag.core.market_calendar: No static holiday table for year 2010. Install jpholiday or update market_calendar.py.
2026-09-20 06:37:02,818 [WARNING] leadlag.core.market_calendar: No static holiday table for year 2010. Install jpholiday or update market_calendar.py.
2026-09-20 06:37:02,818 [WARNING] leadlag.core.market_calendar: No static holiday table for year 2010. Install jpholiday or update market_calendar.py.
2026-09-20 06:37:02,818 [WARNING] leadlag.core.market_calendar: No static holiday table for year 2010. Install jpholiday or update market_calendar.py.
2026-09-20 06:37:02,818 [WARNING] leadlag.core.market_calendar: No static holiday table for year 2010. Install jpholiday or update market_calendar.py.
2026-09-20 06:37:02,818 [WARNING] leadlag.core.market_calendar: No static holiday table for year 2010. Install jpholiday or update market_calendar.py.
2026-09-20 06:37:02,818 [WARNING] leadlag.core.market_calendar: No static holiday table for year 2010. Install jpholiday or update market_calendar.py.
2026-09-20 06:37:02,818 [WARNING] leadlag.core.market_calendar: No static holiday table for year 2010. Install jpholiday or update market_calendar.py.
2026-09-20 06:37:02,819 [WARNING] leadlag.core.market_calendar: No static holiday table for year 2010. Install jpholiday or update market_calendar.py.
2026-09-20 06:37:02,819 [WARNING] leadlag.core.market_calendar: No static holiday table for year 2010. Install jpholiday or update market_calendar.py.
2026-09-20 06:37:02,819 [WARNING] leadlag.core.market_calendar: No static holiday table for year 2010. Install jpholiday or update market_calendar.py.
2026-09-20 06:37:02,819 [WARNING] leadlag.core.market_calendar: No static holiday table for year 2010. Install jpholiday or update market_calendar.py.
2026-09-20 06:37:02,819 [WARNING] leadlag.core.market_calendar: No static holiday table for year 2010. Install jpholiday or update market_calendar.py.
2026-09-20 06:37:02,819 [WARNING] leadlag.core.market_calendar: No static holiday table for year 2010. Install jpholiday or update market_calendar.py.
2026-09-20 06:37:02,820 [WARNING] leadlag.core.market_calendar: No static holiday table for year 2010. Install jpholiday or update market_calendar.py.
2026-09-20 06:37:02,820 [WARNING] leadlag.core.market_calendar: No static holiday table for year 2010. Install jpholiday or update market_calendar.py.
2026-09-20 06:37:02,820 [WARNING] leadlag.core.market_calendar: No static holiday table for year 2010. Install jpholiday or update market_calendar.py.
2026-09-20 06:37:02,820 [WARNING] leadlag.core.market_calendar: No static holiday table for year 2010. Install jpholiday or update market_calendar.py.
2026-09-20 06:37:02,820 [WARNING] leadlag.core.market_calendar: No static holiday table for year 2010. Install jpholiday or update market_calendar.py.
2026-09-20 06:37:02,820 [WARNING] leadlag.core.market_calendar: No static holiday table for year 2010. Install jpholiday or update market_calendar.py.
2026-09-20 06:37:02,820 [WARNING] leadlag.core.market_calendar: No static holiday table for year 2010. Install jpholiday or update market_calendar.py.
2026-09-20 06:37:02,821 [WARNING] leadlag.core.market_calendar: No static holiday table for year 2010. Install jpholiday or update market_calendar.py.
2026-09-20 06:37:02,821 [WARNING] leadlag.core.market_calendar: No static holiday table for year 2010. Install jpholiday or update market_calendar.py.
2026-09-20 06:37:02,821 [WARNING] leadlag.core.market_calendar: No static holiday table for year 2010. Install jpholiday or update market_calendar.py.
2026-09-20 06:37:02,821 [WARNING] leadlag.core.market_calendar: No static holiday table for year 2010. Install jpholiday or update market_calendar.py.
2026-09-20 06:37:02,821 [WARNING] leadlag.core.market_calendar: No static holiday table for year 2010. Install jpholiday or update market_calendar.py.
2026-09-20 06:37:02,821 [WARNING] leadlag.core.market_calendar: No static holiday table for year 2010. Install jpholiday or update market_calendar.py.
2026-09-20 06:37:02,821 [WARNING] leadlag.core.market_calendar: No static holiday table for year 2010. Install jpholiday or update market_calendar.py.
2026-09-20 06:37:02,822 [WARNING] leadlag.core.market_calendar: No static holiday table for year 2010. Install jpholiday or update market_calendar.py.
2026-09-20 06:37:02,822 [WARNING] leadlag.core.market_calendar: No static holiday table for year 2010. Install jpholiday or update market_calendar.py.
2026-09-20 06:37:02,822 [WARNING] leadlag.core.market_calendar: No static holiday table for year 2010. Install jpholiday or update market_calendar.py.
2026-09-20 06:37:02,822 [WARNING] leadlag.core.market_calendar: No static holiday table for year 2010. Install jpholiday or update market_calendar.py.
2026-09-20 06:37:02,822 [WARNING] leadlag.core.market_calendar: No static holiday table for year 2010. Install jpholiday or update market_calendar.py.
2026-09-20 06:37:02,822 [WARNING] leadlag.core.market_calendar: No static holiday table for year 2010. Install jpholiday or update market_calendar.py.
2026-09-20 06:37:02,822 [WARNING] leadlag.core.market_calendar: No static holiday table for year 2010. Install jpholiday or update market_calendar.py.
2026-09-20 06:37:02,823 [WARNING] leadlag.core.market_calendar: No static holiday table for year 2010. Install jpholiday or update market_calendar.py.
2026-09-20 06:37:02,823 [WARNING] leadlag.core.market_calendar: No static holiday table for year 2010. Install jpholiday or update market_calendar.py.
2026-09-20 06:37:02,823 [WARNING] leadlag.core.market_calendar: No static holiday table for year 2010. Install jpholiday or update market_calendar.py.
2026-09-20 06:37:02,823 [WARNING] leadlag.core.market_calendar: No static holiday table for year 2010. Install jpholiday or update market_calendar.py.
2026-09-20 06:37:02,823 [WARNING] leadlag.core.market_calendar: No static holiday table for year 2010. Install jpholiday or update market_calendar.py.
2026-09-20 06:37:02,823 [WARNING] leadlag.core.market_calendar: No static holiday table for year 2010. Install jpholiday or update market_calendar.py.
2026-09-20 06:37:02,823 [WARNING] leadlag.core.market_calendar: No static holiday table for year 2010. Install jpholiday or update market_calendar.py.
2026-09-20 06:37:02,823 [WARNING] leadlag.core.market_calendar: No static holiday table for year 2010. Install jpholiday or update market_calendar.py.
2026-09-20 06:37:02,824 [WARNING] leadlag.core.market_calendar: No static holiday table for year 2010. Install jpholiday or update market_calendar.py.
2026-09-20 06:37:02,824 [WARNING] leadlag.core.market_calendar: No static holiday table for year 2010. Install jpholiday or update market_calendar.py.
2026-09-20 06:37:02,824 [WARNING] leadlag.core.market_calendar: No static holiday table for year 2010. Install jpholiday or update market_calendar.py.
2026-09-20 06:37:02,824 [WARNING] leadlag.core.market_calendar: No static holiday table for year 2010. Install jpholiday or update market_calendar.py.
2026-09-20 06:37:02,824 [WARNING] leadlag.core.market_calendar: No static holiday table for year 2010. Install jpholiday or update market_calendar.py.
2026-09-20 06:37:02,824 [WARNING] leadlag.core.market_calendar: No static holiday table for year 2010. Install jpholiday or update market_calendar.py.
2026-09-20 06:37:02,825 [WARNING] leadlag.core.market_calendar: No static holiday table for year 2010. Install jpholiday or update market_calendar.py.
2026-09-20 06:37:02,825 [WARNING] leadlag.core.market_calendar: No static holiday table for year 2010. Install jpholiday or update market_calendar.py.
2026-09-20 06:37:02,825 [WARNING] leadlag.core.market_calendar: No static holiday table for year 2010. Install jpholiday or update market_calendar.py.
2026-09-20 06:37:02,826 [WARNING] leadlag.core.market_calendar: No static holiday table for year 2010. Install jpholiday or update market_calendar.py.
2026-09-20 06:37:02,826 [WARNING] leadlag.core.market_calendar: No static holiday table for year 2010. Install jpholiday or update market_calendar.py.
2026-09-20 06:37:02,826 [WARNING] leadlag.core.market_calendar: No static holiday table for year 2010. Install jpholiday or update market_calendar.py.
2026-09-20 06:37:02,826 [WARNING] leadlag.core.market_calendar: No static holiday table for year 2010. Install jpholiday or update market_calendar.py.
2026-09-20 06:37:02,826 [WARNING] leadlag.core.market_calendar: No static holiday table for year 2010. Install jpholiday or update market_calendar.py.
2026-09-20 06:37:02,827 [WARNING] leadlag.core.market_calendar: No static holiday table for year 2010. Install jpholiday or update market_calendar.py.
2026-09-20 06:37:02,827 [WARNING] leadlag.core.market_calendar: No static holiday table for year 2010. Install jpholiday or update market_calendar.py.
2026-09-20 06:37:02,827 [WARNING] leadlag.core.market_calendar: No static holiday table for year 2010. Install jpholiday or update market_calendar.py.
2026-09-20 06:37:02,827 [WARNING] leadlag.core.market_calendar: No static holiday table for year 2010. Install jpholiday or update market_calendar.py.
2026-09-20 06:37:02,827 [WARNING] leadlag.core.market_calendar: No static holiday table for year 2010. Install jpholiday or update market_calendar.py.
2026-09-20 06:37:02,828 [WARNING] leadlag.core.market_calendar: No static holiday table for year 2010. Install jpholiday or update market_calendar.py.
2026-09-20 06:37:02,828 [WARNING] leadlag.core.market_calendar: No static holiday table for year 2010. Install jpholiday or update market_calendar.py.
2026-09-20 06:37:02,828 [WARNING] leadlag.core.market_calendar: No static holiday table for year 2010. Install jpholiday or update market_calendar.py.
2026-09-20 06:37:02,828 [WARNING] leadlag.core.market_calendar: No static holiday table for year 2010. Install jpholiday or update market_calendar.py.
2026-09-20 06:37:02,829 [WARNING] leadlag.core.market_calendar: No static holiday table for year 2010. Install jpholiday or update market_calendar.py.
2026-09-20 06:37:02,829 [WARNING] leadlag.core.market_calendar: No static holiday table for year 2010. Install jpholiday or update market_calendar.py.
2026-09-20 06:37:02,829 [WARNING] leadlag.core.market_calendar: No static holiday table for year 2010. Install jpholiday or update market_calendar.py.
2026-09-20 06:37:02,829 [WARNING] leadlag.core.market_calendar: No static holiday table for year 2010. Install jpholiday or update market_calendar.py.
2026-09-20 06:37:02,829 [WARNING] leadlag.core.market_calendar: No static holiday table for year 2010. Install jpholiday or update market_calendar.py.
2026-09-20 06:37:02,829 [WARNING] leadlag.core.market_calendar: No static holiday table for year 2010. Install jpholiday or update market_calendar.py.
2026-09-20 06:37:02,829 [WARNING] leadlag.core.market_calendar: No static holiday table for year 2010. Install jpholiday or update market_calendar.py.
2026-09-20 06:37:02,830 [WARNING] leadlag.core.market_calendar: No static holiday table for year 2010. Install jpholiday or update market_calendar.py.
2026-09-20 06:37:02,830 [WARNING] leadlag.core.market_calendar: No static holiday table for year 2010. Install jpholiday or update market_calendar.py.
2026-09-20 06:37:02,830 [WARNING] leadlag.core.market_calendar: No static holiday table for year 2010. Install jpholiday or update market_calendar.py.
2026-09-20 06:37:02,830 [WARNING] leadlag.core.market_calendar: No static holiday table for year 2010. Install jpholiday or update market_calendar.py.
2026-09-20 06:37:02,830 [WARNING] leadlag.core.market_calendar: No static holiday table for year 2010. Install jpholiday or update market_calendar.py.
2026-09-20 06:37:02,830 [WARNING] leadlag.core.market_calendar: No static holiday table for year 2010. Install jpholiday or update market_calendar.py.
2026-09-20 06:37:02,831 [WARNING] leadlag.core.market_calendar: No static holiday table for year 2010. Install jpholiday or update market_calendar.py.
2026-09-20 06:37:02,831 [WARNING] leadlag.core.market_calendar: No static holiday table for year 2010. Install jpholiday or update market_calendar.py.
2026-09-20 06:37:02,831 [WARNING] leadlag.core.market_calendar: No static holiday table for year 2010. Install jpholiday or update market_calendar.py.
2026-09-20 06:37:02,831 [WARNING] leadlag.core.market_calendar: No static holiday table for year 2010. Install jpholiday or update market_calendar.py.
2026-09-20 06:37:02,831 [WARNING] leadlag.core.market_calendar: No static holiday table for year 2010. Install jpholiday or update market_calendar.py.
2026-09-20 06:37:02,831 [WARNING] leadlag.core.market_calendar: No static holiday table for year 2010. Install jpholiday or update market_calendar.py.
2026-09-20 06:37:02,831 [WARNING] leadlag.core.market_calendar: No static holiday table for year 2010. Install jpholiday or update market_calendar.py.
2026-09-20 06:37:02,832 [WARNING] leadlag.core.market_calendar: No static holiday table for year 2010. Install jpholiday or update market_calendar.py.
2026-09-20 06:37:02,832 [WARNING] leadlag.core.market_calendar: No static holiday table for year 2010. Install jpholiday or update market_calendar.py.
2026-09-20 06:37:02,832 [WARNING] leadlag.core.market_calendar: No static holiday table for year 2010. Install jpholiday or update market_calendar.py.
2026-09-20 06:37:02,832 [WARNING] leadlag.core.market_calendar: No static holiday table for year 2010. Install jpholiday or update market_calendar.py.
2026-09-20 06:37:02,832 [WARNING] leadlag.core.market_calendar: No static holiday table for year 2010. Install jpholiday or update market_calendar.py.
2026-09-20 06:37:02,832 [WARNING] leadlag.core.market_calendar: No static holiday table for year 2010. Install jpholiday or update market_calendar.py.
2026-09-20 06:37:02,832 [WARNING] leadlag.core.market_calendar: No static holiday table for year 2010. Install jpholiday or update market_calendar.py.
2026-09-20 06:37:02,833 [WARNING] leadlag.core.market_calendar: No static holiday table for year 2010. Install jpholiday or update market_calendar.py.
2026-09-20 06:37:02,833 [WARNING] leadlag.core.market_calendar: No static holiday table for year 2010. Install jpholiday or update market_calendar.py.
2026-09-20 06:37:02,833 [WARNING] leadlag.core.market_calendar: No static holiday table for year 2010. Install jpholiday or update market_calendar.py.
2026-09-20 06:37:02,833 [WARNING] leadlag.core.market_calendar: No static holiday table for year 2010. Install jpholiday or update market_calendar.py.
2026-09-20 06:37:02,833 [WARNING] leadlag.core.market_calendar: No static holiday table for year 2010. Install jpholiday or update market_calendar.py.
2026-09-20 06:37:02,833 [WARNING] leadlag.core.market_calendar: No static holiday table for year 2010. Install jpholiday or update market_calendar.py.
2026-09-20 06:37:02,833 [WARNING] leadlag.core.market_calendar: No static holiday table for year 2010. Install jpholiday or update market_calendar.py.
2026-09-20 06:37:02,834 [WARNING] leadlag.core.market_calendar: No static holiday table for year 2010. Install jpholiday or update market_calendar.py.
2026-09-20 06:37:02,834 [WARNING] leadlag.core.market_calendar: No static holiday table for year 2010. Install jpholiday or update market_calendar.py.
2026-09-20 06:37:02,834 [WARNING] leadlag.core.market_calendar: No static holiday table for year 2010. Install jpholiday or update market_calendar.py.
2026-09-20 06:37:02,834 [WARNING] leadlag.core.market_calendar: No static holiday table for year 2010. Install jpholiday or update market_calendar.py.
2026-09-20 06:37:02,834 [WARNING] leadlag.core.market_calendar: No static holiday table for year 2010. Install jpholiday or update market_calendar.py.
2026-09-20 06:37:02,834 [WARNING] leadlag.core.market_calendar: No static holiday table for year 2010. Install jpholiday or update market_calendar.py.
2026-09-20 06:37:02,834 [WARNING] leadlag.core.market_calendar: No static holiday table for year 2010. Install jpholiday or update market_calendar.py.
2026-09-20 06:37:02,834 [WARNING] leadlag.core.market_calendar: No static holiday table for year 2010. Install jpholiday or update market_calendar.py.
2026-09-20 06:37:02,835 [WARNING] leadlag.core.market_calendar: No static holiday table for year 2010. Install jpholiday or update market_calendar.py.
2026-09-20 06:37:02,835 [WARNING] leadlag.core.market_calendar: No static holiday table for year 2010. Install jpholiday or update market_calendar.py.
2026-09-20 06:37:02,835 [WARNING] leadlag.core.market_calendar: No static holiday table for year 2010. Install jpholiday or update market_calendar.py.
2026-09-20 06:37:02,835 [WARNING] leadlag.core.market_calendar: No static holiday table for year 2010. Install jpholiday or update market_calendar.py.
2026-09-20 06:37:02,835 [WARNING] leadlag.core.market_calendar: No static holiday table for year 2010. Install jpholiday or update market_calendar.py.
2026-09-20 06:37:02,835 [WARNING] leadlag.core.market_calendar: No static holiday table for year 2010. Install jpholiday or update market_calendar.py.
2026-09-20 06:37:02,835 [WARNING] leadlag.core.market_calendar: No static holiday table for year 2010. Install jpholiday or update market_calendar.py.
2026-09-20 06:37:02,836 [WARNING] leadlag.core.market_calendar: No static holiday table for year 2010. Install jpholiday or update market_calendar.py.
2026-09-20 06:37:02,836 [WARNING] leadlag.core.market_calendar: No static holiday table for year 2010. Install jpholiday or update market_calendar.py.
2026-09-20 06:37:02,836 [WARNING] leadlag.core.market_calendar: No static holiday table for year 2010. Install jpholiday or update market_calendar.py.
2026-09-20 06:37:02,836 [WARNING] leadlag.core.market_calendar: No static holiday table for year 2010. Install jpholiday or update market_calendar.py.
2026-09-20 06:37:02,836 [WARNING] leadlag.core.market_calendar: No static holiday table for year 2010. Install jpholiday or update market_calendar.py.
2026-09-20 06:37:02,836 [WARNING] leadlag.core.market_calendar: No static holiday table for year 2010. Install jpholiday or update market_calendar.py.
2026-09-20 06:37:02,836 [WARNING] leadlag.core.market_calendar: No static holiday table for year 2010. Install jpholiday or update market_calendar.py.
2026-09-20 06:37:02,837 [WARNING] leadlag.core.market_calendar: No static holiday table for year 2010. Install jpholiday or update market_calendar.py.
2026-09-20 06:37:02,837 [WARNING] leadlag.core.market_calendar: No static holiday table for year 2010. Install jpholiday or update market_calendar.py.
2026-09-20 06:37:02,837 [WARNING] leadlag.core.market_calendar: No static holiday table for year 2010. Install jpholiday or update market_calendar.py.
2026-09-20 06:37:02,837 [WARNING] leadlag.core.market_calendar: No static holiday table for year 2010. Install jpholiday or update market_calendar.py.
2026-09-20 06:37:02,837 [WARNING] leadlag.core.market_calendar: No static holiday table for year 2010. Install jpholiday or update market_calendar.py.
2026-09-20 06:37:02,837 [WARNING] leadlag.core.market_calendar: No static holiday table for year 2010. Install jpholiday or update market_calendar.py.
2026-09-20 06:37:02,837 [WARNING] leadlag.core.market_calendar: No static holiday table for year 2011. Install jpholiday or update market_calendar.py.
2026-09-20 06:37:02,838 [WARNING] leadlag.core.market_calendar: No static holiday table for year 2011. Install jpholiday or update market_calendar.py.
2026-09-20 06:37:02,838 [WARNING] leadlag.core.market_calendar: No static holiday table for year 2011. Install jpholiday or update market_calendar.py.
2026-09-20 06:37:02,838 [WARNING] leadlag.core.market_calendar: No static holiday table for year 2011. Install jpholiday or update market_calendar.py.
2026-09-20 06:37:02,838 [WARNING] leadlag.core.market_calendar: No static holiday table for year 2011. Install jpholiday or update market_calendar.py.
2026-09-20 06:37:02,838 [WARNING] leadlag.core.market_calendar: No static holiday table for year 2011. Install jpholiday or update market_calendar.py.
2026-09-20 06:37:02,838 [WARNING] leadlag.core.market_calendar: No static holiday table for year 2011. Install jpholiday or update market_calendar.py.
2026-09-20 06:37:02,838 [WARNING] leadlag.core.market_calendar: No static holiday table for year 2011. Install jpholiday or update market_calendar.py.
2026-09-20 06:37:02,839 [WARNING] leadlag.core.market_calendar: No static holiday table for year 2011. Install jpholiday or update market_calendar.py.
2026-09-20 06:37:02,839 [WARNING] leadlag.core.market_calendar: No static holiday table for year 2011. Install jpholiday or update market_calendar.py.
2026-09-20 06:37:02,839 [WARNING] leadlag.core.market_calendar: No static holiday table for year 2011. Install jpholiday or update market_calendar.py.
2026-09-20 06:37:02,839 [WARNING] leadlag.core.market_calendar: No static holiday table for year 2011. Install jpholiday or update market_calendar.py.
2026-09-20 06:37:02,839 [WARNING] leadlag.core.market_calendar: No static holiday table for year 2011. Install jpholiday or update market_calendar.py.
2026-09-20 06:37:02,839 [WARNING] leadlag.core.market_calendar: No static holiday table for year 2011. Install jpholiday or update market_calendar.py.
2026-09-20 06:37:02,840 [WARNING] leadlag.core.market_calendar: No static holiday table for year 2011. Install jpholiday or update market_calendar.py.
2026-09-20 06:37:02,840 [WARNING] leadlag.core.market_calendar: No static holiday table for year 2011. Install jpholiday or update market_calendar.py.
2026-09-20 06:37:02,840 [WARNING] leadlag.core.market_calendar: No static holiday table for year 2011. Install jpholiday or update market_calendar.py.
2026-09-20 06:37:02,840 [WARNING] leadlag.core.market_calendar: No static holiday table for year 2011. Install jpholiday or update market_calendar.py.
2026-09-20 06:37:02,840 [WARNING] leadlag.core.market_calendar: No static holiday table for year 2011. Install jpholiday or update market_calendar.py.
2026-09-20 06:37:02,840 [WARNING] leadlag.core.market_calendar: No static holiday table for year 2011. Install jpholiday or update market_calendar.py.
2026-09-20 06:37:02,840 [WARNING] leadlag.core.market_calendar: No static holiday table for year 2011. Install jpholiday or update market_calendar.py.
2026-09-20 06:37:02,841 [WARNING] leadlag.core.market_calendar: No static holiday table for year 2011. Install jpholiday or update market_calendar.py.
2026-09-20 06:37:02,841 [WARNING] leadlag.core.market_calendar: No static holiday table for year 2011. Install jpholiday or update market_calendar.py.
2026-09-20 06:37:02,841 [WARNING] leadlag.core.market_calendar: No static holiday table for year 2011. Install jpholiday or update market_calendar.py.
2026-09-20 06:37:02,841 [WARNING] leadlag.core.market_calendar: No static holiday table for year 2011. Install jpholiday or update market_calendar.py.
2026-09-20 06:37:02,841 [WARNING] leadlag.core.market_calendar: No static holiday table for year 2011. Install jpholiday or update market_calendar.py.
2026-09-20 06:37:02,841 [WARNING] leadlag.core.market_calendar: No static holiday table for year 2011. Install jpholiday or update market_calendar.py.
2026-09-20 06:37:02,841 [WARNING] leadlag.core.market_calendar: No static holiday table for year 2011. Install jpholiday or update market_calendar.py.
2026-09-20 06:37:02,842 [WARNING] leadlag.core.market_calendar: No static holiday table for year 2011. Install jpholiday or update market_calendar.py.
2026-09-20 06:37:02,842 [WARNING] leadlag.core.market_calendar: No static holiday table for year 2011. Install jpholiday or update market_calendar.py.
2026-09-20 06:37:02,842 [WARNING] leadlag.core.market_calendar: No static holiday table for year 2011. Install jpholiday or update market_calendar.py.
2026-09-20 06:37:02,842 [WARNING] leadlag.core.market_calendar: No static holiday table for year 2011. Install jpholiday or update market_calendar.py.
2026-09-20 06:37:02,842 [WARNING] leadlag.core.market_calendar: No static holiday table for year 2011. Install jpholiday or update market_calendar.py.
2026-09-20 06:37:02,842 [WARNING] leadlag.core.market_calendar: No static holiday table for year 2011. Install jpholiday or update market_calendar.py.
2026-09-20 06:37:02,842 [WARNING] leadlag.core.market_calendar: No static holiday table for year 2011. Install jpholiday or update market_calendar.py.
2026-09-20 06:37:02,843 [WARNING] leadlag.core.market_calendar: No static holiday table for year 2011. Install jpholiday or update market_calendar.py.
2026-09-20 06:37:02,843 [WARNING] leadlag.core.market_calendar: No static holiday table for year 2011. Install jpholiday or update market_calendar.py.
2026-09-20 06:37:02,843 [WARNING] leadlag.core.market_calendar: No static holiday table for year 2011. Install jpholiday or update market_calendar.py.
2026-09-20 06:37:02,843 [WARNING] leadlag.core.market_calendar: No static holiday table for year 2011. Install jpholiday or update market_calendar.py.
2026-09-20 06:37:02,843 [WARNING] leadlag.core.market_calendar: No static holiday table for year 2011. Install jpholiday or update market_calendar.py.
2026-09-20 06:37:02,843 [WARNING] leadlag.core.market_calendar: No static holiday table for year 2011. Install jpholiday or update market_calendar.py.
2026-09-20 06:37:02,844 [WARNING] leadlag.core.market_calendar: No static holiday table for year 2011. Install jpholiday or update market_calendar.py.
2026-09-20 06:37:02,844 [WARNING] leadlag.core.market_calendar: No static holiday table for year 2011. Install jpholiday or update market_calendar.py.
2026-09-20 06:37:02,844 [WARNING] leadlag.core.market_calendar: No static holiday table for year 2011. Install jpholiday or update market_calendar.py.
2026-09-20 06:37:02,844 [WARNING] leadlag.core.market_calendar: No static holiday table for year 2011. Install jpholiday or update market_calendar.py.
2026-09-20 06:37:02,844 [WARNING] leadlag.core.market_calendar: No static holiday table for year 2011. Install jpholiday or update market_calendar.py.
2026-09-20 06:37:02,844 [WARNING] leadlag.core.market_calendar: No static holiday table for year 2011. Install jpholiday or update market_calendar.py.
2026-09-20 06:37:02,845 [WARNING] leadlag.core.market_calendar: No static holiday table for year 2011. Install jpholiday or update market_calendar.py.
2026-09-20 06:37:02,845 [WARNING] leadlag.core.market_calendar: No static holiday table for year 2011. Install jpholiday or update market_calendar.py.
2026-09-20 06:37:02,845 [WARNING] leadlag.core.market_calendar: No static holiday table for year 2011. Install jpholiday or update market_calendar.py.
2026-09-20 06:37:02,845 [WARNING] leadlag.core.market_calendar: No static holiday table for year 2011. Install jpholiday or update market_calendar.py.
2026-09-20 06:37:02,845 [WARNING] leadlag.core.market_calendar: No static holiday table for year 2011. Install jpholiday or update market_calendar.py.
2026-09-20 06:37:02,845 [WARNING] leadlag.core.market_calendar: No static holiday table for year 2011. Install jpholiday or update market_calendar.py.
2026-09-20 06:37:02,846 [WARNING] leadlag.core.market_calendar: No static holiday table for year 2011. Install jpholiday or update market_calendar.py.
2026-09-20 06:37:02,846 [WARNING] leadlag.core.market_calendar: No static holiday table for year 2011. Install jpholiday or update market_calendar.py.
2026-09-20 06:37:02,846 [WARNING] leadlag.core.market_calendar: No static holiday table for year 2011. Install jpholiday or update market_calendar.py.
2026-09-20 06:37:02,846 [WARNING] leadlag.core.market_calendar: No static holiday table for year 2011. Install jpholiday or update market_calendar.py.
2026-09-20 06:37:02,846 [WARNING] leadlag.core.market_calendar: No static holiday table for year 2011. Install jpholiday or update market_calendar.py.
2026-09-20 06:37:02,847 [WARNING] leadlag.core.market_calendar: No static holiday table for year 2011. Install jpholiday or update market_calendar.py.
2026-09-20 06:37:02,847 [WARNING] leadlag.core.market_calendar: No static holiday table for year 2011. Install jpholiday or update market_calendar.py.
2026-09-20 06:37:02,847 [WARNING] leadlag.core.market_calendar: No static holiday table for year 2011. Install jpholiday or update market_calendar.py.
2026-09-20 06:37:02,847 [WARNING] leadlag.core.market_calendar: No static holiday table for year 2011. Install jpholiday or update market_calendar.py.
2026-09-20 06:37:02,847 [WARNING] leadlag.core.market_calendar: No static holiday table for year 2011. Install jpholiday or update market_calendar.py.
2026-09-20 06:37:02,847 [WARNING] leadlag.core.market_calendar: No static holiday table for year 2011. Install jpholiday or update market_calendar.py.
2026-09-20 06:37:02,847 [WARNING] leadlag.core.market_calendar: No static holiday table for year 2011. Install jpholiday or update market_calendar.py.
2026-09-20 06:37:02,848 [WARNING] leadlag.core.market_calendar: No static holiday table for year 2011. Install jpholiday or update market_calendar.py.
2026-09-20 06:37:02,848 [WARNING] leadlag.core.market_calendar: No static holiday table for year 2011. Install jpholiday or update market_calendar.py.
2026-09-20 06:37:02,848 [WARNING] leadlag.core.market_calendar: No static holiday table for year 2011. Install jpholiday or update market_calendar.py.
2026-09-20 06:37:02,848 [WARNING] leadlag.core.market_calendar: No static holiday table for year 2011. Install jpholiday or update market_calendar.py.
2026-09-20 06:37:02,848 [WARNING] leadlag.core.market_calendar: No static holiday table for year 2011. Install jpholiday or update market_calendar.py.
2026-09-20 06:37:02,848 [WARNING] leadlag.core.market_calendar: No static holiday table for year 2011. Install jpholiday or update market_calendar.py.
2026-09-20 06:37:02,848 [WARNING] leadlag.core.market_calendar: No static holiday table for year 2011. Install jpholiday or update market_calendar.py.
2026-09-20 06:37:02,849 [WARNING] leadlag.core.market_calendar: No static holiday table for year 2011. Install jpholiday or update market_calendar.py.
2026-09-20 06:37:02,849 [WARNING] leadlag.core.market_calendar: No static holiday table for year 2011. Install jpholiday or update market_calendar.py.
2026-09-20 06:37:02,849 [WARNING] leadlag.core.market_calendar: No static holiday table for year 2011. Install jpholiday or update market_calendar.py.
2026-09-20 06:37:02,849 [WARNING] leadlag.core.market_calendar: No static holiday table for year 2011. Install jpholiday or update market_calendar.py.
2026-09-20 06:37:02,849 [WARNING] leadlag.core.market_calendar: No static holiday table for year 2011. Install jpholiday or update market_calendar.py.
2026-09-20 06:37:02,849 [WARNING] leadlag.core.market_calendar: No static holiday table for year 2011. Install jpholiday or update market_calendar.py.
2026-09-20 06:37:02,849 [WARNING] leadlag.core.market_calendar: No static holiday table for year 2011. Install jpholiday or update market_calendar.py.
2026-09-20 06:37:02,849 [WARNING] leadlag.core.market_calendar: No static holiday table for year 2011. Install jpholiday or update market_calendar.py.
2026-09-20 06:37:02,850 [WARNING] leadlag.core.market_calendar: No static holiday table for year 2011. Install jpholiday or update market_calendar.py.
2026-09-20 06:37:02,850 [WARNING] leadlag.core.market_calendar: No static holiday table for year 2011. Install jpholiday or update market_calendar.py.
2026-09-20 06:37:02,850 [WARNING] leadlag.core.market_calendar: No static holiday table for year 2011. Install jpholiday or update market_calendar.py.
2026-09-20 06:37:02,850 [WARNING] leadlag.core.market_calendar: No static holiday table for year 2011. Install jpholiday or update market_calendar.py.
2026-09-20 06:37:02,850 [WARNING] leadlag.core.market_calendar: No static holiday table for year 2011. Install jpholiday or update market_calendar.py.
2026-09-20 06:37:02,850 [WARNING] leadlag.core.market_calendar: No static holiday table for year 2011. Install jpholiday or update market_calendar.py.
2026-09-20 06:37:02,850 [WARNING] leadlag.core.market_calendar: No static holiday table for year 2011. Install jpholiday or update market_calendar.py.
2026-09-20 06:37:02,851 [WARNING] leadlag.core.market_calendar: No static holiday table for year 2011. Install jpholiday or update market_calendar.py.
2026-09-20 06:37:02,851 [WARNING] leadlag.core.market_calendar: No static holiday table for year 2011. Install jpholiday or update market_calendar.py.
2026-09-20 06:37:02,851 [WARNING] leadlag.core.market_calendar: No static holiday table for year 2011. Install jpholiday or update market_calendar.py.
2026-09-20 06:37:02,851 [WARNING] leadlag.core.market_calendar: No static holiday table for year 2011. Install jpholiday or update market_calendar.py.
2026-09-20 06:37:02,851 [WARNING] leadlag.core.market_calendar: No static holiday table for year 2011. Install jpholiday or update market_calendar.py.
2026-09-20 06:37:02,851 [WARNING] leadlag.core.market_calendar: No static holiday table for year 2011. Install jpholiday or update market_calendar.py.
2026-09-20 06:37:02,851 [WARNING] leadlag.core.market_calendar: No static holiday table for year 2011. Install jpholiday or update market_calendar.py.
2026-09-20 06:37:02,852 [WARNING] leadlag.core.market_calendar: No static holiday table for year 2011. Install jpholiday or update market_calendar.py.
2026-09-20 06:37:02,852 [WARNING] leadlag.core.market_calendar: No static holiday table for year 2011. Install jpholiday or update market_calendar.py.
2026-09-20 06:37:02,852 [WARNING] leadlag.core.market_calendar: No static holiday table for year 2011. Install jpholiday or update market_calendar.py.
2026-09-20 06:37:02,852 [WARNING] leadlag.core.market_calendar: No static holiday table for year 2011. Install jpholiday or update market_calendar.py.
2026-09-20 06:37:02,852 [WARNING] leadlag.core.market_calendar: No static holiday table for year 2011. Install jpholiday or update market_calendar.py.
2026-09-20 06:37:02,852 [WARNING] leadlag.core.market_calendar: No static holiday table for year 2011. Install jpholiday or update market_calendar.py.
2026-09-20 06:37:02,852 [WARNING] leadlag.core.market_calendar: No static holiday table for year 2011. Install jpholiday or update market_calendar.py.
2026-09-20 06:37:02,852 [WARNING] leadlag.core.market_calendar: No static holiday table for year 2011. Install jpholiday or update market_calendar.py.
2026-09-20 06:37:02,853 [WARNING] leadlag.core.market_calendar: No static holiday table for year 2011. Install jpholiday or update market_calendar.py.
2026-09-20 06:37:02,853 [WARNING] leadlag.core.market_calendar: No static holiday table for year 2011. Install jpholiday or update market_calendar.py.
2026-09-20 06:37:02,853 [WARNING] leadlag.core.market_calendar: No static holiday table for year 2011. Install jpholiday or update market_calendar.py.
2026-09-20 06:37:02,853 [WARNING] leadlag.core.market_calendar: No static holiday table for year 2011. Install jpholiday or update market_calendar.py.
2026-09-20 06:37:02,853 [WARNING] leadlag.core.market_calendar: No static holiday table for year 2011. Install jpholiday or update market_calendar.py.
2026-09-20 06:37:02,853 [WARNING] leadlag.core.market_calendar: No static holiday table for year 2011. Install jpholiday or update market_calendar.py.
2026-09-20 06:37:02,853 [WARNING] leadlag.core.market_calendar: No static holiday table for year 2011. Install jpholiday or update market_calendar.py.
2026-09-20 06:37:02,854 [WARNING] leadlag.core.market_calendar: No static holiday table for year 2011. Install jpholiday or update market_calendar.py.
2026-09-20 06:37:02,854 [WARNING] leadlag.core.market_calendar: No static holiday table for year 2011. Install jpholiday or update market_calendar.py.
2026-09-20 06:37:02,854 [WARNING] leadlag.core.market_calendar: No static holiday table for year 2011. Install jpholiday or update market_calendar.py.
2026-09-20 06:37:02,854 [WARNING] leadlag.core.market_calendar: No static holiday table for year 2011. Install jpholiday or update market_calendar.py.
2026-09-20 06:37:02,854 [WARNING] leadlag.core.market_calendar: No static holiday table for year 2011. Install jpholiday or update market_calendar.py.
2026-09-20 06:37:02,854 [WARNING] leadlag.core.market_calendar: No static holiday table for year 2011. Install jpholiday or update market_calendar.py.
2026-09-20 06:37:02,854 [WARNING] leadlag.core.market_calendar: No static holiday table for year 2011. Install jpholiday or update market_calendar.py.
2026-09-20 06:37:02,854 [WARNING] leadlag.core.market_calendar: No static holiday table for year 2011. Install jpholiday or update market_calendar.py.
2026-09-20 06:37:02,855 [WARNING] leadlag.core.market_calendar: No static holiday table for year 2011. Install jpholiday or update market_calendar.py.
2026-09-20 06:37:02,855 [WARNING] leadlag.core.market_calendar: No static holiday table for year 2011. Install jpholiday or update market_calendar.py.
2026-09-20 06:37:02,855 [WARNING] leadlag.core.market_calendar: No static holiday table for year 2011. Install jpholiday or update market_calendar.py.
2026-09-20 06:37:02,855 [WARNING] leadlag.core.market_calendar: No static holiday table for year 2011. Install jpholiday or update market_calendar.py.
2026-09-20 06:37:02,855 [WARNING] leadlag.core.market_calendar: No static holiday table for year 2011. Install jpholiday or update market_calendar.py.
2026-09-20 06:37:02,855 [WARNING] leadlag.core.market_calendar: No static holiday table for year 2011. Install jpholiday or update market_calendar.py.
2026-09-20 06:37:02,855 [WARNING] leadlag.core.market_calendar: No static holiday table for year 2011. Install jpholiday or update market_calendar.py.
2026-09-20 06:37:02,856 [WARNING] leadlag.core.market_calendar: No static holiday table for year 2011. Install jpholiday or update market_calendar.py.
2026-09-20 06:37:02,856 [WARNING] leadlag.core.market_calendar: No static holiday table for year 2011. Install jpholiday or update market_calendar.py.
2026-09-20 06:37:02,856 [WARNING] leadlag.core.market_calendar: No static holiday table for year 2011. Install jpholiday or update market_calendar.py.
2026-09-20 06:37:02,856 [WARNING] leadlag.core.market_calendar: No static holiday table for year 2011. Install jpholiday or update market_calendar.py.
2026-09-20 06:37:02,856 [WARNING] leadlag.core.market_calendar: No static holiday table for year 2011. Install jpholiday or update market_calendar.py.
2026-09-20 06:37:02,856 [WARNING] leadlag.core.market_calendar: No static holiday table for year 2011. Install jpholiday or update market_calendar.py.
2026-09-20 06:37:02,857 [WARNING] leadlag.core.market_calendar: No static holiday table for year 2011. Install jpholiday or update market_calendar.py.
2026-09-20 06:37:02,857 [WARNING] leadlag.core.market_calendar: No static holiday table for year 2011. Install jpholiday or update market_calendar.py.
2026-09-20 06:37:02,857 [WARNING] leadlag.core.market_calendar: No static holiday table for year 2011. Install jpholiday or update market_calendar.py.
2026-09-20 06:37:02,857 [WARNING] leadlag.core.market_calendar: No static holiday table for year 2011. Install jpholiday or update market_calendar.py.
2026-09-20 06:37:02,857 [WARNING] leadlag.core.market_calendar: No static holiday table for year 2011. Install jpholiday or update market_calendar.py.
2026-09-20 06:37:02,857 [WARNING] leadlag.core.market_calendar: No static holiday table for year 2011. Install jpholiday or update market_calendar.py.
2026-09-20 06:37:02,857 [WARNING] leadlag.core.market_calendar: No static holiday table for year 2011. Install jpholiday or update market_calendar.py.
2026-09-20 06:37:02,858 [WARNING] leadlag.core.market_calendar: No static holiday table for year 2011. Install jpholiday or update market_calendar.py.
2026-09-20 06:37:02,858 [WARNING] leadlag.core.market_calendar: No static holiday table for year 2011. Install jpholiday or update market_calendar.py.
2026-09-20 06:37:02,858 [WARNING] leadlag.core.market_calendar: No static holiday table for year 2011. Install jpholiday or update market_calendar.py.
2026-09-20 06:37:02,858 [WARNING] leadlag.core.market_calendar: No static holiday table for year 2011. Install jpholiday or update market_calendar.py.
2026-09-20 06:37:02,858 [WARNING] leadlag.core.market_calendar: No static holiday table for year 2011. Install jpholiday or update market_calendar.py.
2026-09-20 06:37:02,858 [WARNING] leadlag.core.market_calendar: No static holiday table for year 2011. Install jpholiday or update market_calendar.py.
2026-09-20 06:37:02,858 [WARNING] leadlag.core.market_calendar: No static holiday table for year 2011. Install jpholiday or update market_calendar.py.
2026-09-20 06:37:02,859 [WARNING] leadlag.core.market_calendar: No static holiday table for year 2011. Install jpholiday or update market_calendar.py.
2026-09-20 06:37:02,859 [WARNING] leadlag.core.market_calendar: No static holiday table for year 2011. Install jpholiday or update market_calendar.py.
2026-09-20 06:37:02,859 [WARNING] leadlag.core.market_calendar: No static holiday table for year 2011. Install jpholiday or update market_calendar.py.
2026-09-20 06:37:02,859 [WARNING] leadlag.core.market_calendar: No static holiday table for year 2011. Install jpholiday or update market_calendar.py.
2026-09-20 06:37:02,859 [WARNING] leadlag.core.market_calendar: No static holiday table for year 2011. Install jpholiday or update market_calendar.py.
2026-09-20 06:37:02,859 [WARNING] leadlag.core.market_calendar: No static holiday table for year 2011. Install jpholiday or update market_calendar.py.
2026-09-20 06:37:02,859 [WARNING] leadlag.core.market_calendar: No static holiday table for year 2011. Install jpholiday or update market_calendar.py.
2026-09-20 06:37:02,860 [WARNING] leadlag.core.market_calendar: No static holiday table for year 2011. Install jpholiday or update market_calendar.py.
2026-09-20 06:37:02,860 [WARNING] leadlag.core.market_calendar: No static holiday table for year 2011. Install jpholiday or update market_calendar.py.
2026-09-20 06:37:02,860 [WARNING] leadlag.core.market_calendar: No static holiday table for year 2011. Install jpholiday or update market_calendar.py.
2026-09-20 06:37:02,860 [WARNING] leadlag.core.market_calendar: No static holiday table for year 2011. Install jpholiday or update market_calendar.py.
2026-09-20 06:37:02,860 [WARNING] leadlag.core.market_calendar: No static holiday table for year 2011. Install jpholiday or update market_calendar.py.
2026-09-20 06:37:02,860 [WARNING] leadlag.core.market_calendar: No static holiday table for year 2011. Install jpholiday or update market_calendar.py.
2026-09-20 06:37:02,860 [WARNING] leadlag.core.market_calendar: No static holiday table for year 2011. Install jpholiday or update market_calendar.py.
2026-09-20 06:37:02,861 [WARNING] leadlag.core.market_calendar: No static holiday table for year 2011. Install jpholiday or update market_calendar.py.
2026-09-20 06:37:02,861 [WARNING] leadlag.core.market_calendar: No static holiday table for year 2011. Install jpholiday or update market_calendar.py.
2026-09-20 06:37:02,861 [WARNING] leadlag.core.market_calendar: No static holiday table for year 2011. Install jpholiday or update market_calendar.py.
2026-09-20 06:37:02,861 [WARNING] leadlag.core.market_calendar: No static holiday table for year 2011. Install jpholiday or update market_calendar.py.
2026-09-20 06:37:02,861 [WARNING] leadlag.core.market_calendar: No static holiday table for year 2011. Install jpholiday or update market_calendar.py.
2026-09-20 06:37:02,861 [WARNING] leadlag.core.market_calendar: No static holiday table for year 2011. Install jpholiday or update market_calendar.py.
2026-09-20 06:37:02,861 [WARNING] leadlag.core.market_calendar: No static holiday table for year 2011. Install jpholiday or update market_calendar.py.
2026-09-20 06:37:02,862 [WARNING] leadlag.core.market_calendar: No static holiday table for year 2011. Install jpholiday or update market_calendar.py.
2026-09-20 06:37:02,862 [WARNING] leadlag.core.market_calendar: No static holiday table for year 2011. Install jpholiday or update market_calendar.py.
2026-09-20 06:37:02,862 [WARNING] leadlag.core.market_calendar: No static holiday table for year 2011. Install jpholiday or update market_calendar.py.
2026-09-20 06:37:02,862 [WARNING] leadlag.core.market_calendar: No static holiday table for year 2011. Install jpholiday or update market_calendar.py.
2026-09-20 06:37:02,862 [WARNING] leadlag.core.market_calendar: No static holiday table for year 2011. Install jpholiday or update market_calendar.py.
2026-09-20 06:37:02,863 [WARNING] leadlag.core.market_calendar: No static holiday table for year 2011. Install jpholiday or update market_calendar.py.
2026-09-20 06:37:02,863 [WARNING] leadlag.core.market_calendar: No static holiday table for year 2011. Install jpholiday or update market_calendar.py.
2026-09-20 06:37:02,863 [WARNING] leadlag.core.market_calendar: No static holiday table for year 2011. Install jpholiday or update market_calendar.py.
2026-09-20 06:37:02,863 [WARNING] leadlag.core.market_calendar: No static holiday table for year 2011. Install jpholiday or update market_calendar.py.
2026-09-20 06:37:02,863 [WARNING] leadlag.core.market_calendar: No static holiday table for year 2011. Install jpholiday or update market_calendar.py.
2026-09-20 06:37:02,863 [WARNING] leadlag.core.market_calendar: No static holiday table for year 2011. Install jpholiday or update market_calendar.py.
2026-09-20 06:37:02,864 [WARNING] leadlag.core.market_calendar: No static holiday table for year 2011. Install jpholiday or update market_calendar.py.
2026-09-20 06:37:02,864 [WARNING] leadlag.core.market_calendar: No static holiday table for year 2011. Install jpholiday or update market_calendar.py.
2026-09-20 06:37:02,864 [WARNING] leadlag.core.market_calendar: No static holiday table for year 2011. Install jpholiday or update market_calendar.py.
2026-09-20 06:37:02,864 [WARNING] leadlag.core.market_calendar: No static holiday table for year 2011. Install jpholiday or update market_calendar.py.
2026-09-20 06:37:02,864 [WARNING] leadlag.core.market_calendar: No static holiday table for year 2011. Install jpholiday or update market_calendar.py.
2026-09-20 06:37:02,865 [WARNING] leadlag.core.market_calendar: No static holiday table for year 2011. Install jpholiday or update market_calendar.py.
2026-09-20 06:37:02,865 [WARNING] leadlag.core.market_calendar: No static holiday table for year 2011. Install jpholiday or update market_calendar.py.
2026-09-20 06:37:02,865 [WARNING] leadlag.core.market_calendar: No static holiday table for year 2011. Install jpholiday or update market_calendar.py.
2026-09-20 06:37:02,865 [WARNING] leadlag.core.market_calendar: No static holiday table for year 2011. Install jpholiday or update market_calendar.py.
2026-09-20 06:37:02,865 [WARNING] leadlag.core.market_calendar: No static holiday table for year 2011. Install jpholiday or update market_calendar.py.
2026-09-20 06:37:02,866 [WARNING] leadlag.core.market_calendar: No static holiday table for year 2011. Install jpholiday or update market_calendar.py.
2026-09-20 06:37:02,866 [WARNING] leadlag.core.market_calendar: No static holiday table for year 2011. Install jpholiday or update market_calendar.py.
2026-09-20 06:37:02,866 [WARNING] leadlag.core.market_calendar: No static holiday table for year 2011. Install jpholiday or update market_calendar.py.
2026-09-20 06:37:02,866 [WARNING] leadlag.core.market_calendar: No static holiday table for year 2011. Install jpholiday or update market_calendar.py.
2026-09-20 06:37:02,866 [WARNING] leadlag.core.market_calendar: No static holiday table for year 2011. Install jpholiday or update market_calendar.py.
2026-09-20 06:37:02,866 [WARNING] leadlag.core.market_calendar: No static holiday table for year 2011. Install jpholiday or update market_calendar.py.
2026-09-20 06:37:02,866 [WARNING] leadlag.core.market_calendar: No static holiday table for year 2011. Install jpholiday or update market_calendar.py.
2026-09-20 06:37:02,867 [WARNING] leadlag.core.market_calendar: No static holiday table for year 2011. Install jpholiday or update market_calendar.py.
2026-09-20 06:37:02,867 [WARNING] leadlag.core.market_calendar: No static holiday table for year 2011. Install jpholiday or update market_calendar.py.
2026-09-20 06:37:02,867 [WARNING] leadlag.core.market_calendar: No static holiday table for year 2011. Install jpholiday or update market_calendar.py.
2026-09-20 06:37:02,867 [WARNING] leadlag.core.market_calendar: No static holiday table for year 2011. Install jpholiday or update market_calendar.py.
2026-09-20 06:37:02,867 [WARNING] leadlag.core.market_calendar: No static holiday table for year 2011. Install jpholiday or update market_calendar.py.
2026-09-20 06:37:02,867 [WARNING] leadlag.core.market_calendar: No static holiday table for year 2011. Install jpholiday or update market_calendar.py.
2026-09-20 06:37:02,868 [WARNING] leadlag.core.market_calendar: No static holiday table for year 2011. Install jpholiday or update market_calendar.py.
2026-09-20 06:37:02,868 [WARNING] leadlag.core.market_calendar: No static holiday table for year 2011. Install jpholiday or update market_calendar.py.
2026-09-20 06:37:02,868 [WARNING] leadlag.core.market_calendar: No static holiday table for year 2011. Install jpholiday or update market_calendar.py.
2026-09-20 06:37:02,868 [WARNING] leadlag.core.market_calendar: No static holiday table for year 2011. Install jpholiday or update market_calendar.py.
2026-09-20 06:37:02,868 [WARNING] leadlag.core.market_calendar: No static holiday table for year 2011. Install jpholiday or update market_calendar.py.
2026-09-20 06:37:02,868 [WARNING] leadlag.core.market_calendar: No static holiday table for year 2011. Install jpholiday or update market_calendar.py.
2026-09-20 06:37:02,868 [WARNING] leadlag.core.market_calendar: No static holiday table for year 2011. Install jpholiday or update market_calendar.py.
2026-09-20 06:37:02,869 [WARNING] leadlag.core.market_calendar: No static holiday table for year 2011. Install jpholiday or update market_calendar.py.
2026-09-20 06:37:02,869 [WARNING] leadlag.core.market_calendar: No static holiday table for year 2011. Install jpholiday or update market_calendar.py.
2026-09-20 06:37:02,869 [WARNING] leadlag.core.market_calendar: No static holiday table for year 2011. Install jpholiday or update market_calendar.py.
2026-09-20 06:37:02,869 [WARNING] leadlag.core.market_calendar: No static holiday table for year 2011. Install jpholiday or update market_calendar.py.
2026-09-20 06:37:02,869 [WARNING] leadlag.core.market_calendar: No static holiday table for year 2011. Install jpholiday or update market_calendar.py.
2026-09-20 06:37:02,869 [WARNING] leadlag.core.market_calendar: No static holiday table for year 2011. Install jpholiday or update market_calendar.py.
2026-09-20 06:37:02,869 [WARNING] leadlag.core.market_calendar: No static holiday table for year 2011. Install jpholiday or update market_calendar.py.
2026-09-20 06:37:02,870 [WARNING] leadlag.core.market_calendar: No static holiday table for year 2011. Install jpholiday or update market_calendar.py.
2026-09-20 06:37:02,870 [WARNING] leadlag.core.market_calendar: No static holiday table for year 2011. Install jpholiday or update market_calendar.py.
2026-09-20 06:37:02,870 [WARNING] leadlag.core.market_calendar: No static holiday table for year 2011. Install jpholiday or update market_calendar.py.
2026-09-20 06:37:02,870 [WARNING] leadlag.core.market_calendar: No static holiday table for year 2011. Install jpholiday or update market_calendar.py.
2026-09-20 06:37:02,870 [WARNING] leadlag.core.market_calendar: No static holiday table for year 2011. Install jpholiday or update market_calendar.py.
2026-09-20 06:37:02,870 [WARNING] leadlag.core.market_calendar: No static holiday table for year 2011. Install jpholiday or update market_calendar.py.
2026-09-20 06:37:02,870 [WARNING] leadlag.core.market_calendar: No static holiday table for year 2011. Install jpholiday or update market_calendar.py.
2026-09-20 06:37:02,871 [WARNING] leadlag.core.market_calendar: No static holiday table for year 2011. Install jpholiday or update market_calendar.py.
2026-09-20 06:37:02,871 [WARNING] leadlag.core.market_calendar: No static holiday table for year 2011. Install jpholiday or update market_calendar.py.
2026-09-20 06:37:02,871 [WARNING] leadlag.core.market_calendar: No static holiday table for year 2011. Install jpholiday or update market_calendar.py.
2026-09-20 06:37:02,871 [WARNING] leadlag.core.market_calendar: No static holiday table for year 2011. Install jpholiday or update market_calendar.py.
2026-09-20 06:37:02,871 [WARNING] leadlag.core.market_calendar: No static holiday table for year 2011. Install jpholiday or update market_calendar.py.
2026-09-20 06:37:02,871 [WARNING] leadlag.core.market_calendar: No static holiday table for year 2011. Install jpholiday or update market_calendar.py.
2026-09-20 06:37:02,871 [WARNING] leadlag.core.market_calendar: No static holiday table for year 2011. Install jpholiday or update market_calendar.py.
2026-09-20 06:37:02,871 [WARNING] leadlag.core.market_calendar: No static holiday table for year 2011. Install jpholiday or update market_calendar.py.
2026-09-20 06:37:02,872 [WARNING] leadlag.core.market_calendar: No static holiday table for year 2011. Install jpholiday or update market_calendar.py.
2026-09-20 06:37:02,872 [WARNING] leadlag.core.market_calendar: No static holiday table for year 2011. Install jpholiday or update market_calendar.py.
2026-09-20 06:37:02,872 [WARNING] leadlag.core.market_calendar: No static holiday table for year 2011. Install jpholiday or update market_calendar.py.
2026-09-20 06:37:02,872 [WARNING] leadlag.core.market_calendar: No static holiday table for year 2011. Install jpholiday or update market_calendar.py.
2026-09-20 06:37:02,872 [WARNING] leadlag.core.market_calendar: No static holiday table for year 2011. Install jpholiday or update market_calendar.py.
2026-09-20 06:37:02,872 [WARNING] leadlag.core.market_calendar: No static holiday table for year 2011. Install jpholiday or update market_calendar.py.
2026-09-20 06:37:02,872 [WARNING] leadlag.core.market_calendar: No static holiday table for year 2011. Install jpholiday or update market_calendar.py.
2026-09-20 06:37:02,873 [WARNING] leadlag.core.market_calendar: No static holiday table for year 2011. Install jpholiday or update market_calendar.py.
2026-09-20 06:37:02,873 [WARNING] leadlag.core.market_calendar: No static holiday table for year 2011. Install jpholiday or update market_calendar.py.
2026-09-20 06:37:02,873 [WARNING] leadlag.core.market_calendar: No static holiday table for year 2011. Install jpholiday or update market_calendar.py.
2026-09-20 06:37:02,873 [WARNING] leadlag.core.market_calendar: No static holiday table for year 2011. Install jpholiday or update market_calendar.py.
2026-09-20 06:37:02,873 [WARNING] leadlag.core.market_calendar: No static holiday table for year 2011. Install jpholiday or update market_calendar.py.
2026-09-20 06:37:02,873 [WARNING] leadlag.core.market_calendar: No static holiday table for year 2011. Install jpholiday or update market_calendar.py.
2026-09-20 06:37:02,873 [WARNING] leadlag.core.market_calendar: No static holiday table for year 2011. Install jpholiday or update market_calendar.py.
2026-09-20 06:37:02,873 [WARNING] leadlag.core.market_calendar: No static holiday table for year 2011. Install jpholiday or update market_calendar.py.
2026-09-20 06:37:02,874 [WARNING] leadlag.core.market_calendar: No static holiday table for year 2011. Install jpholiday or update market_calendar.py.
2026-09-20 06:37:02,874 [WARNING] leadlag.core.market_calendar: No static holiday table for year 2011. Install jpholiday or update market_calendar.py.
2026-09-20 06:37:02,874 [WARNING] leadlag.core.market_calendar: No static holiday table for year 2012. Install jpholiday or update market_calendar.py.
2026-09-20 06:37:02,874 [WARNING] leadlag.core.market_calendar: No static holiday table for year 2012. Install jpholiday or update market_calendar.py.
2026-09-20 06:37:02,874 [WARNING] leadlag.core.market_calendar: No static holiday table for year 2012. Install jpholiday or update market_calendar.py.
2026-09-20 06:37:02,874 [WARNING] leadlag.core.market_calendar: No static holiday table for year 2012. Install jpholiday or update market_calendar.py.
2026-09-20 06:37:02,875 [WARNING] leadlag.core.market_calendar: No static holiday table for year 2012. Install jpholiday or update market_calendar.py.
2026-09-20 06:37:02,875 [WARNING] leadlag.core.market_calendar: No static holiday table for year 2012. Install jpholiday or update market_calendar.py.
2026-09-20 06:37:02,875 [WARNING] leadlag.core.market_calendar: No static holiday table for year 2012. Install jpholiday or update market_calendar.py.
2026-09-20 06:37:02,875 [WARNING] leadlag.core.market_calendar: No static holiday table for year 2012. Install jpholiday or update market_calendar.py.
2026-09-20 06:37:02,875 [WARNING] leadlag.core.market_calendar: No static holiday table for year 2012. Install jpholiday or update market_calendar.py.
2026-09-20 06:37:02,875 [WARNING] leadlag.core.market_calendar: No static holiday table for year 2012. Install jpholiday or update market_calendar.py.
2026-09-20 06:37:02,875 [WARNING] leadlag.core.market_calendar: No static holiday table for year 2012. Install jpholiday or update market_calendar.py.
2026-09-20 06:37:02,876 [WARNING] leadlag.core.market_calendar: No static holiday table for year 2012. Install jpholiday or update market_calendar.py.
2026-09-20 06:37:02,876 [WARNING] leadlag.core.market_calendar: No static holiday table for year 2012. Install jpholiday or update market_calendar.py.
2026-09-20 06:37:02,876 [WARNING] leadlag.core.market_calendar: No static holiday table for year 2012. Install jpholiday or update market_calendar.py.
2026-09-20 06:37:02,876 [WARNING] leadlag.core.market_calendar: No static holiday table for year 2012. Install jpholiday or update market_calendar.py.
2026-09-20 06:37:02,876 [WARNING] leadlag.core.market_calendar: No static holiday table for year 2012. Install jpholiday or update market_calendar.py.
2026-09-20 06:37:02,876 [WARNING] leadlag.core.market_calendar: No static holiday table for year 2012. Install jpholiday or update market_calendar.py.
2026-09-20 06:37:02,877 [WARNING] leadlag.core.market_calendar: No static holiday table for year 2012. Install jpholiday or update market_calendar.py.
2026-09-20 06:37:02,877 [WARNING] leadlag.core.market_calendar: No static holiday table for year 2012. Install jpholiday or update market_calendar.py.
2026-09-20 06:37:02,877 [WARNING] leadlag.core.market_calendar: No static holiday table for year 2012. Install jpholiday or update market_calendar.py.
2026-09-20 06:37:02,877 [WARNING] leadlag.core.market_calendar: No static holiday table for year 2012. Install jpholiday or update market_calendar.py.
2026-09-20 06:37:02,877 [WARNING] leadlag.core.market_calendar: No static holiday table for year 2012. Install jpholiday or update market_calendar.py.
2026-09-20 06:37:02,877 [WARNING] leadlag.core.market_calendar: No static holiday table for year 2012. Install jpholiday or update market_calendar.py.
2026-09-20 06:37:02,877 [WARNING] leadlag.core.market_calendar: No static holiday table for year 2012. Install jpholiday or update market_calendar.py.
2026-09-20 06:37:02,878 [WARNING] leadlag.core.market_calendar: No static holiday table for year 2012. Install jpholiday or update market_calendar.py.
2026-09-20 06:37:02,878 [WARNING] leadlag.core.market_calendar: No static holiday table for year 2012. Install jpholiday or update market_calendar.py.
2026-09-20 06:37:02,878 [WARNING] leadlag.core.market_calendar: No static holiday table for year 2012. Install jpholiday or update market_calendar.py.
2026-09-20 06:37:02,878 [WARNING] leadlag.core.market_calendar: No static holiday table for year 2012. Install jpholiday or update market_calendar.py.
2026-09-20 06:37:02,878 [WARNING] leadlag.core.market_calendar: No static holiday table for year 2012. Install jpholiday or update market_calendar.py.
2026-09-20 06:37:02,878 [WARNING] leadlag.core.market_calendar: No static holiday table for year 2012. Install jpholiday or update market_calendar.py.
2026-09-20 06:37:02,878 [WARNING] leadlag.core.market_calendar: No static holiday table for year 2012. Install jpholiday or update market_calendar.py.
2026-09-20 06:37:02,879 [WARNING] leadlag.core.market_calendar: No static holiday table for year 2012. Install jpholiday or update market_calendar.py.
2026-09-20 06:37:02,879 [WARNING] leadlag.core.market_calendar: No static holiday table for year 2012. Install jpholiday or update market_calendar.py.
2026-09-20 06:37:02,879 [WARNING] leadlag.core.market_calendar: No static holiday table for year 2012. Install jpholiday or update market_calendar.py.
2026-09-20 06:37:02,879 [WARNING] leadlag.core.market_calendar: No static holiday table for year 2012. Install jpholiday or update market_calendar.py.
2026-09-20 06:37:02,879 [WARNING] leadlag.core.market_calendar: No static holiday table for year 2012. Install jpholiday or update market_calendar.py.
2026-09-20 06:37:02,879 [WARNING] leadlag.core.market_calendar: No static holiday table for year 2012. Install jpholiday or update market_calendar.py.
2026-09-20 06:37:02,879 [WARNING] leadlag.core.market_calendar: No static holiday table for year 2012. Install jpholiday or update market_calendar.py.
2026-09-20 06:37:02,879 [WARNING] leadlag.core.market_calendar: No static holiday table for year 2012. Install jpholiday or update market_calendar.py.
2026-09-20 06:37:02,880 [WARNING] leadlag.core.market_calendar: No static holiday table for year 2012. Install jpholiday or update market_calendar.py.
2026-09-20 06:37:02,880 [WARNING] leadlag.core.market_calendar: No static holiday table for year 2012. Install jpholiday or update market_calendar.py.
2026-09-20 06:37:02,880 [WARNING] leadlag.core.market_calendar: No static holiday table for year 2012. Install jpholiday or update market_calendar.py.
2026-09-20 06:37:02,880 [WARNING] leadlag.core.market_calendar: No static holiday table for year 2012. Install jpholiday or update market_calendar.py.
2026-09-20 06:37:02,880 [WARNING] leadlag.core.market_calendar: No static holiday table for year 2012. Install jpholiday or update market_calendar.py.
2026-09-20 06:37:02,880 [WARNING] leadlag.core.market_calendar: No static holiday table for year 2012. Install jpholiday or update market_calendar.py.
2026-09-20 06:37:02,881 [WARNING] leadlag.core.market_calendar: No static holiday table for year 2012. Install jpholiday or update market_calendar.py.
2026-09-20 06:37:02,881 [WARNING] leadlag.core.market_calendar: No static holiday table for year 2012. Install jpholiday or update market_calendar.py.
2026-09-20 06:37:02,881 [WARNING] leadlag.core.market_calendar: No static holiday table for year 2012. Install jpholiday or update market_calendar.py.
2026-09-20 06:37:02,881 [WARNING] leadlag.core.market_calendar: No static holiday table for year 2012. Install jpholiday or update market_calendar.py.
2026-09-20 06:37:02,881 [WARNING] leadlag.core.market_calendar: No static holiday table for year 2012. Install jpholiday or update market_calendar.py.
2026-09-20 06:37:02,882 [WARNING] leadlag.core.market_calendar: No static holiday table for year 2012. Install jpholiday or update market_calendar.py.
2026-09-20 06:37:02,882 [WARNING] leadlag.core.market_calendar: No static holiday table for year 2012. Install jpholiday or update market_calendar.py.
2026-09-20 06:37:02,882 [WARNING] leadlag.core.market_calendar: No static holiday table for year 2012. Install jpholiday or update market_calendar.py.
2026-09-20 06:37:02,882 [WARNING] leadlag.core.market_calendar: No static holiday table for year 2012. Install jpholiday or update market_calendar.py.
2026-09-20 06:37:02,882 [WARNING] leadlag.core.market_calendar: No static holiday table for year 2012. Install jpholiday or update market_calendar.py.
2026-09-20 06:37:02,883 [WARNING] leadlag.core.market_calendar: No static holiday table for year 2012. Install jpholiday or update market_calendar.py.
2026-09-20 06:37:02,883 [WARNING] leadlag.core.market_calendar: No static holiday table for year 2012. Install jpholiday or update market_calendar.py.
2026-09-20 06:37:02,883 [WARNING] leadlag.core.market_calendar: No static holiday table for year 2012. Install jpholiday or update market_calendar.py.
2026-09-20 06:37:02,883 [WARNING] leadlag.core.market_calendar: No static holiday table for year 2012. Install jpholiday or update market_calendar.py.
2026-09-20 06:37:02,883 [WARNING] leadlag.core.market_calendar: No static holiday table for year 2012. Install jpholiday or update market_calendar.py.
2026-09-20 06:37:02,883 [WARNING] leadlag.core.market_calendar: No static holiday table for year 2012. Install jpholiday or update market_calendar.py.
2026-09-20 06:37:02,884 [WARNING] leadlag.core.market_calendar: No static holiday table for year 2012. Install jpholiday or update market_calendar.py.
2026-09-20 06:37:02,884 [WARNING] leadlag.core.market_calendar: No static holiday table for year 2012. Install jpholiday or update market_calendar.py.
2026-09-20 06:37:02,884 [WARNING] leadlag.core.market_calendar: No static holiday table for year 2012. Install jpholiday or update market_calendar.py.
2026-09-20 06:37:02,884 [WARNING] leadlag.core.market_calendar: No static holiday table for year 2012. Install jpholiday or update market_calendar.py.
2026-09-20 06:37:02,884 [WARNING] leadlag.core.market_calendar: No static holiday table for year 2012. Install jpholiday or update market_calendar.py.
2026-09-20 06:37:02,884 [WARNING] leadlag.core.market_calendar: No static holiday table for year 2012. Install jpholiday or update market_calendar.py.
2026-09-20 06:37:02,884 [WARNING] leadlag.core.market_calendar: No static holiday table for year 2012. Install jpholiday or update market_calendar.py.
2026-09-20 06:37:02,884 [WARNING] leadlag.core.market_calendar: No static holiday table for year 2012. Install jpholiday or update market_calendar.py.
2026-09-20 06:37:02,885 [WARNING] leadlag.core.market_calendar: No static holiday table for year 2012. Install jpholiday or update market_calendar.py.
2026-09-20 06:37:02,885 [WARNING] leadlag.core.market_calendar: No static holiday table for year 2012. Install jpholiday or update market_calendar.py.
2026-09-20 06:37:02,885 [WARNING] leadlag.core.market_calendar: No static holiday table for year 2012. Install jpholiday or update market_calendar.py.
2026-09-20 06:37:02,885 [WARNING] leadlag.core.market_calendar: No static holiday table for year 2012. Install jpholiday or update market_calendar.py.
2026-09-20 06:37:02,885 [WARNING] leadlag.core.market_calendar: No static holiday table for year 2012. Install jpholiday or update market_calendar.py.
2026-09-20 06:37:02,885 [WARNING] leadlag.core.market_calendar: No static holiday table for year 2012. Install jpholiday or update market_calendar.py.
2026-09-20 06:37:02,885 [WARNING] leadlag.core.market_calendar: No static holiday table for year 2012. Install jpholiday or update market_calendar.py.
2026-09-20 06:37:02,886 [WARNING] leadlag.core.market_calendar: No static holiday table for year 2012. Install jpholiday or update market_calendar.py.
2026-09-20 06:37:02,886 [WARNING] leadlag.core.market_calendar: No static holiday table for year 2012. Install jpholiday or update market_calendar.py.
2026-09-20 06:37:02,886 [WARNING] leadlag.core.market_calendar: No static holiday table for year 2012. Install jpholiday or update market_calendar.py.
2026-09-20 06:37:02,886 [WARNING] leadlag.core.market_calendar: No static holiday table for year 2012. Install jpholiday or update market_calendar.py.
2026-09-20 06:37:02,886 [WARNING] leadlag.core.market_calendar: No static holiday table for year 2012. Install jpholiday or update market_calendar.py.
2026-09-20 06:37:02,886 [WARNING] leadlag.core.market_calendar: No static holiday table for year 2012. Install jpholiday or update market_calendar.py.
2026-09-20 06:37:02,886 [WARNING] leadlag.core.market_calendar: No static holiday table for year 2012. Install jpholiday or update market_calendar.py.
2026-09-20 06:37:02,886 [WARNING] leadlag.core.market_calendar: No static holiday table for year 2012. Install jpholiday or update market_calendar.py.
2026-09-20 06:37:02,887 [WARNING] leadlag.core.market_calendar: No static holiday table for year 2012. Install jpholiday or update market_calendar.py.
2026-09-20 06:37:02,887 [WARNING] leadlag.core.market_calendar: No static holiday table for year 2012. Install jpholiday or update market_calendar.py.
2026-09-20 06:37:02,887 [WARNING] leadlag.core.market_calendar: No static holiday table for year 2012. Install jpholiday or update market_calendar.py.
2026-09-20 06:37:02,887 [WARNING] leadlag.core.market_calendar: No static holiday table for year 2012. Install jpholiday or update market_calendar.py.
2026-09-20 06:37:02,887 [WARNING] leadlag.core.market_calendar: No static holiday table for year 2012. Install jpholiday or update market_calendar.py.
2026-09-20 06:37:02,887 [WARNING] leadlag.core.market_calendar: No static holiday table for year 2012. Install jpholiday or update market_calendar.py.
2026-09-20 06:37:02,887 [WARNING] leadlag.core.market_calendar: No static holiday table for year 2012. Install jpholiday or update market_calendar.py.
2026-09-20 06:37:02,888 [WARNING] leadlag.core.market_calendar: No static holiday table for year 2012. Install jpholiday or update market_calendar.py.
2026-09-20 06:37:02,888 [WARNING] leadlag.core.market_calendar: No static holiday table for year 2012. Install jpholiday or update market_calendar.py.
2026-09-20 06:37:02,888 [WARNING] leadlag.core.market_calendar: No static holiday table for year 2012. Install jpholiday or update market_calendar.py.
2026-09-20 06:37:02,888 [WARNING] leadlag.core.market_calendar: No static holiday table for year 2012. Install jpholiday or update market_calendar.py.
2026-09-20 06:37:02,888 [WARNING] leadlag.core.market_calendar: No static holiday table for year 2012. Install jpholiday or update market_calendar.py.
2026-09-20 06:37:02,888 [WARNING] leadlag.core.market_calendar: No static holiday table for year 2012. Install jpholiday or update market_calendar.py.
2026-09-20 06:37:02,888 [WARNING] leadlag.core.market_calendar: No static holiday table for year 2012. Install jpholiday or update market_calendar.py.
2026-09-20 06:37:02,889 [WARNING] leadlag.core.market_calendar: No static holiday table for year 2012. Install jpholiday or update market_calendar.py.
2026-09-20 06:37:02,889 [WARNING] leadlag.core.market_calendar: No static holiday table for year 2012. Install jpholiday or update market_calendar.py.
2026-09-20 06:37:02,889 [WARNING] leadlag.core.market_calendar: No static holiday table for year 2012. Install jpholiday or update market_calendar.py.
2026-09-20 06:37:02,889 [WARNING] leadlag.core.market_calendar: No static holiday table for year 2012. Install jpholiday or update market_calendar.py.
2026-09-20 06:37:02,889 [WARNING] leadlag.core.market_calendar: No static holiday table for year 2012. Install jpholiday or update market_calendar.py.
2026-09-20 06:37:02,889 [WARNING] leadlag.core.market_calendar: No static holiday table for year 2012. Install jpholiday or update market_calendar.py.
2026-09-20 06:37:02,889 [WARNING] leadlag.core.market_calendar: No static holiday table for year 2012. Install jpholiday or update market_calendar.py.
2026-09-20 06:37:02,889 [WARNING] leadlag.core.market_calendar: No static holiday table for year 2012. Install jpholiday or update market_calendar.py.
2026-09-20 06:37:02,890 [WARNING] leadlag.core.market_calendar: No static holiday table for year 2012. Install jpholiday or update market_calendar.py.
2026-09-20 06:37:02,890 [WARNING] leadlag.core.market_calendar: No static holiday table for year 2012. Install jpholiday or update market_calendar.py.
2026-09-20 06:37:02,890 [WARNING] leadlag.core.market_calendar: No static holiday table for year 2012. Install jpholiday or update market_calendar.py.
2026-09-20 06:37:02,890 [WARNING] leadlag.core.market_calendar: No static holiday table for year 2012. Install jpholiday or update market_calendar.py.
2026-09-20 06:37:02,890 [WARNING] leadlag.core.market_calendar: No static holiday table for year 2012. Install jpholiday or update market_calendar.py.
2026-09-20 06:37:02,890 [WARNING] leadlag.core.market_calendar: No static holiday table for year 2012. Install jpholiday or update market_calendar.py.
2026-09-20 06:37:02,890 [WARNING] leadlag.core.market_calendar: No static holiday table for year 2012. Install jpholiday or update market_calendar.py.
2026-09-20 06:37:02,891 [WARNING] leadlag.core.market_calendar: No static holiday table for year 2012. Install jpholiday or update market_calendar.py.
2026-09-20 06:37:02,891 [WARNING] leadlag.core.market_calendar: No static holiday table for year 2012. Install jpholiday or update market_calendar.py.
2026-09-20 06:37:02,891 [WARNING] leadlag.core.market_calendar: No static holiday table for year 2012. Install jpholiday or update market_calendar.py.
2026-09-20 06:37:02,891 [WARNING] leadlag.core.market_calendar: No static holiday table for year 2012. Install jpholiday or update market_calendar.py.
2026-09-20 06:37:02,891 [WARNING] leadlag.core.market_calendar: No static holiday table for year 2012. Install jpholiday or update market_calendar.py.
2026-09-20 06:37:02,891 [WARNING] leadlag.core.market_calendar: No static holiday table for year 2012. Install jpholiday or update market_calendar.py.
2026-09-20 06:37:02,891 [WARNING] leadlag.core.market_calendar: No static holiday table for year 2012. Install jpholiday or update market_calendar.py.
2026-09-20 06:37:02,891 [WARNING] leadlag.core.market_calendar: No static holiday table for year 2012. Install jpholiday or update market_calendar.py.
2026-09-20 06:37:02,892 [WARNING] leadlag.core.market_calendar: No static holiday table for year 2012. Install jpholiday or update market_calendar.py.
2026-09-20 06:37:02,892 [WARNING] leadlag.core.market_calendar: No static holiday table for year 2012. Install jpholiday or update market_calendar.py.
2026-09-20 06:37:02,892 [WARNING] leadlag.core.market_calendar: No static holiday table for year 2012. Install jpholiday or update market_calendar.py.
2026-09-20 06:37:02,892 [WARNING] leadlag.core.market_calendar: No static holiday table for year 2012. Install jpholiday or update market_calendar.py.
2026-09-20 06:37:02,892 [WARNING] leadlag.core.market_calendar: No static holiday table for year 2012. Install jpholiday or update market_calendar.py.
2026-09-20 06:37:02,892 [WARNING] leadlag.core.market_calendar: No static holiday table for year 2012. Install jpholiday or update market_calendar.py.
2026-09-20 06:37:02,893 [WARNING] leadlag.core.market_calendar: No static holiday table for year 2012. Install jpholiday or update market_calendar.py.
2026-09-20 06:37:02,893 [WARNING] leadlag.core.market_calendar: No static holiday table for year 2012. Install jpholiday or update market_calendar.py.
2026-09-20 06:37:02,893 [WARNING] leadlag.core.market_calendar: No static holiday table for year 2012. Install jpholiday or update market_calendar.py.
2026-09-20 06:37:02,893 [WARNING] leadlag.core.market_calendar: No static holiday table for year 2012. Install jpholiday or update market_calendar.py.
2026-09-20 06:37:02,893 [WARNING] leadlag.core.market_calendar: No static holiday table for year 2012. Install jpholiday or update market_calendar.py.
2026-09-20 06:37:02,893 [WARNING] leadlag.core.market_calendar: No static holiday table for year 2012. Install jpholiday or update market_calendar.py.
2026-09-20 06:37:02,894 [WARNING] leadlag.core.market_calendar: No static holiday table for year 2012. Install jpholiday or update market_calendar.py.
2026-09-20 06:37:02,894 [WARNING] leadlag.core.market_calendar: No static holiday table for year 2012. Install jpholiday or update market_calendar.py.
2026-09-20 06:37:02,894 [WARNING] leadlag.core.market_calendar: No static holiday table for year 2012. Install jpholiday or update market_calendar.py.
2026-09-20 06:37:02,894 [WARNING] leadlag.core.market_calendar: No static holiday table for year 2012. Install jpholiday or update market_calendar.py.
2026-09-20 06:37:02,894 [WARNING] leadlag.core.market_calendar: No static holiday table for year 2012. Install jpholiday or update market_calendar.py.
2026-09-20 06:37:02,894 [WARNING] leadlag.core.market_calendar: No static holiday table for year 2012. Install jpholiday or update market_calendar.py.
2026-09-20 06:37:02,895 [WARNING] leadlag.core.market_calendar: No static holiday table for year 2012. Install jpholiday or update market_calendar.py.
2026-09-20 06:37:02,895 [WARNING] leadlag.core.market_calendar: No static holiday table for year 2012. Install jpholiday or update market_calendar.py.
2026-09-20 06:37:02,895 [WARNING] leadlag.core.market_calendar: No static holiday table for year 2012. Install jpholiday or update market_calendar.py.
2026-09-20 06:37:02,895 [WARNING] leadlag.core.market_calendar: No static holiday table for year 2012. Install jpholiday or update market_calendar.py.
2026-09-20 06:37:02,895 [WARNING] leadlag.core.market_calendar: No static holiday table for year 2012. Install jpholiday or update market_calendar.py.
2026-09-20 06:37:02,895 [WARNING] leadlag.core.market_calendar: No static holiday table for year 2012. Install jpholiday or update market_calendar.py.
2026-09-20 06:37:02,895 [WARNING] leadlag.core.market_calendar: No static holiday table for year 2012. Install jpholiday or update market_calendar.py.
2026-09-20 06:37:02,896 [WARNING] leadlag.core.market_calendar: No static holiday table for year 2012. Install jpholiday or update market_calendar.py.
2026-09-20 06:37:02,896 [WARNING] leadlag.core.market_calendar: No static holiday table for year 2012. Install jpholiday or update market_calendar.py.
2026-09-20 06:37:02,896 [WARNING] leadlag.core.market_calendar: No static holiday table for year 2012. Install jpholiday or update market_calendar.py.
2026-09-20 06:37:02,896 [WARNING] leadlag.core.market_calendar: No static holiday table for year 2012. Install jpholiday or update market_calendar.py.
2026-09-20 06:37:02,896 [WARNING] leadlag.core.market_calendar: No static holiday table for year 2012. Install jpholiday or update market_calendar.py.
2026-09-20 06:37:02,896 [WARNING] leadlag.core.market_calendar: No static holiday table for year 2012. Install jpholiday or update market_calendar.py.
2026-09-20 06:37:02,896 [WARNING] leadlag.core.market_calendar: No static holiday table for year 2012. Install jpholiday or update market_calendar.py.
2026-09-20 06:37:02,897 [WARNING] leadlag.core.market_calendar: No static holiday table for year 2012. Install jpholiday or update market_calendar.py.
2026-09-20 06:37:02,897 [WARNING] leadlag.core.market_calendar: No static holiday table for year 2012. Install jpholiday or update market_calendar.py.
2026-09-20 06:37:02,897 [WARNING] leadlag.core.market_calendar: No static holiday table for year 2012. Install jpholiday or update market_calendar.py.
2026-09-20 06:37:02,897 [WARNING] leadlag.core.market_calendar: No static holiday table for year 2012. Install jpholiday or update market_calendar.py.
2026-09-20 06:37:02,897 [WARNING] leadlag.core.market_calendar: No static holiday table for year 2012. Install jpholiday or update market_calendar.py.
2026-09-20 06:37:02,897 [WARNING] leadlag.core.market_calendar: No static holiday table for year 2012. Install jpholiday or update market_calendar.py.
2026-09-20 06:37:02,897 [WARNING] leadlag.core.market_calendar: No static holiday table for year 2012. Install jpholiday or update market_calendar.py.
2026-09-20 06:37:02,897 [WARNING] leadlag.core.market_calendar: No static holiday table for year 2012. Install jpholiday or update market_calendar.py.
2026-09-20 06:37:02,898 [WARNING] leadlag.core.market_calendar: No static holiday table for year 2012. Install jpholiday or update market_calendar.py.
2026-09-20 06:37:02,898 [WARNING] leadlag.core.market_calendar: No static holiday table for year 2012. Install jpholiday or update market_calendar.py.
2026-09-20 06:37:02,898 [WARNING] leadlag.core.market_calendar: No static holiday table for year 2012. Install jpholiday or update market_calendar.py.
2026-09-20 06:37:02,898 [WARNING] leadlag.core.market_calendar: No static holiday table for year 2012. Install jpholiday or update market_calendar.py.
2026-09-20 06:37:02,898 [WARNING] leadlag.core.market_calendar: No static holiday table for year 2012. Install jpholiday or update market_calendar.py.
2026-09-20 06:37:02,898 [WARNING] leadlag.core.market_calendar: No static holiday table for year 2012. Install jpholiday or update market_calendar.py.
2026-09-20 06:37:02,899 [WARNING] leadlag.core.market_calendar: No static holiday table for year 2012. Install jpholiday or update market_calendar.py.
2026-09-20 06:37:02,899 [WARNING] leadlag.core.market_calendar: No static holiday table for year 2012. Install jpholiday or update market_calendar.py.
2026-09-20 06:37:02,899 [WARNING] leadlag.core.market_calendar: No static holiday table for year 2012. Install jpholiday or update market_calendar.py.
2026-09-20 06:37:02,899 [WARNING] leadlag.core.market_calendar: No static holiday table for year 2012. Install jpholiday or update market_calendar.py.
2026-09-20 06:37:02,899 [WARNING] leadlag.core.market_calendar: No static holiday table for year 2012. Install jpholiday or update market_calendar.py.
2026-09-20 06:37:02,900 [WARNING] leadlag.core.market_calendar: No static holiday table for year 2012. Install jpholiday or update market_calendar.py.
2026-09-20 06:37:02,900 [WARNING] leadlag.core.market_calendar: No static holiday table for year 2012. Install jpholiday or update market_calendar.py.
2026-09-20 06:37:02,900 [WARNING] leadlag.core.market_calendar: No static holiday table for year 2012. Install jpholiday or update market_calendar.py.
2026-09-20 06:37:02,900 [WARNING] leadlag.core.market_calendar: No static holiday table for year 2012. Install jpholiday or update market_calendar.py.
2026-09-20 06:37:02,900 [WARNING] leadlag.core.market_calendar: No static holiday table for year 2012. Install jpholiday or update market_calendar.py.
2026-09-20 06:37:02,901 [WARNING] leadlag.core.market_calendar: No static holiday table for year 2012. Install jpholiday or update market_calendar.py.
2026-09-20 06:37:02,901 [WARNING] leadlag.core.market_calendar: No static holiday table for year 2012. Install jpholiday or update market_calendar.py.
2026-09-20 06:37:02,901 [WARNING] leadlag.core.market_calendar: No static holiday table for year 2012. Install jpholiday or update market_calendar.py.
2026-09-20 06:37:02,901 [WARNING] leadlag.core.market_calendar: No static holiday table for year 2012. Install jpholiday or update market_calendar.py.
2026-09-20 06:37:02,901 [WARNING] leadlag.core.market_calendar: No static holiday table for year 2012. Install jpholiday or update market_calendar.py.
2026-09-20 06:37:02,902 [WARNING] leadlag.core.market_calendar: No static holiday table for year 2012. Install jpholiday or update market_calendar.py.
2026-09-20 06:37:02,902 [WARNING] leadlag.core.market_calendar: No static holiday table for year 2012. Install jpholiday or update market_calendar.py.
2026-09-20 06:37:02,902 [WARNING] leadlag.core.market_calendar: No static holiday table for year 2012. Install jpholiday or update market_calendar.py.
2026-09-20 06:37:02,902 [WARNING] leadlag.core.market_calendar: No static holiday table for year 2012. Install jpholiday or update market_calendar.py.
2026-09-20 06:37:02,902 [WARNING] leadlag.core.market_calendar: No static holiday table for year 2012. Install jpholiday or update market_calendar.py.
2026-09-20 06:37:02,903 [WARNING] leadlag.core.market_calendar: No static holiday table for year 2012. Install jpholiday or update market_calendar.py.
2026-09-20 06:37:02,903 [WARNING] leadlag.core.market_calendar: No static holiday table for year 2012. Install jpholiday or update market_calendar.py.
2026-09-20 06:37:02,903 [WARNING] leadlag.core.market_calendar: No static holiday table for year 2012. Install jpholiday or update market_calendar.py.
2026-09-20 06:37:02,903 [WARNING] leadlag.core.market_calendar: No static holiday table for year 2012. Install jpholiday or update market_calendar.py.
2026-09-20 06:37:02,903 [WARNING] leadlag.core.market_calendar: No static holiday table for year 2012. Install jpholiday or update market_calendar.py.
2026-09-20 06:37:02,903 [WARNING] leadlag.core.market_calendar: No static holiday table for year 2012. Install jpholiday or update market_calendar.py.
2026-09-20 06:37:02,903 [WARNING] leadlag.core.market_calendar: No static holiday table for year 2012. Install jpholiday or update market_calendar.py.
2026-09-20 06:37:02,904 [WARNING] leadlag.core.market_calendar: No static holiday table for year 2012. Install jpholiday or update market_calendar.py.
2026-09-20 06:37:02,904 [WARNING] leadlag.core.market_calendar: No static holiday table for year 2012. Install jpholiday or update market_calendar.py.
2026-09-20 06:37:02,904 [WARNING] leadlag.core.market_calendar: No static holiday table for year 2012. Install jpholiday or update market_calendar.py.
2026-09-20 06:37:02,904 [WARNING] leadlag.core.market_calendar: No static holiday table for year 2012. Install jpholiday or update market_calendar.py.
2026-09-20 06:37:02,904 [WARNING] leadlag.core.market_calendar: No static holiday table for year 2012. Install jpholiday or update market_calendar.py.
2026-09-20 06:37:02,904 [WARNING] leadlag.core.market_calendar: No static holiday table for year 2012. Install jpholiday or update market_calendar.py.
2026-09-20 06:37:02,905 [WARNING] leadlag.core.market_calendar: No static holiday table for year 2012. Install jpholiday or update market_calendar.py.
2026-09-20 06:37:02,905 [WARNING] leadlag.core.market_calendar: No static holiday table for year 2012. Install jpholiday or update market_calendar.py.
2026-09-20 06:37:02,905 [WARNING] leadlag.core.market_calendar: No static holiday table for year 2012. Install jpholiday or update market_calendar.py.
2026-09-20 06:37:02,905 [WARNING] leadlag.core.market_calendar: No static holiday table for year 2012. Install jpholiday or update market_calendar.py.
2026-09-20 06:37:02,905 [WARNING] leadlag.core.market_calendar: No static holiday table for year 2012. Install jpholiday or update market_calendar.py.
2026-09-20 06:37:02,905 [WARNING] leadlag.core.market_calendar: No static holiday table for year 2012. Install jpholiday or update market_calendar.py.
2026-09-20 06:37:02,905 [WARNING] leadlag.core.market_calendar: No static holiday table for year 2012. Install jpholiday or update market_calendar.py.
2026-09-20 06:37:02,906 [WARNING] leadlag.core.market_calendar: No static holiday table for year 2012. Install jpholiday or update market_calendar.py.
2026-09-20 06:37:02,906 [WARNING] leadlag.core.market_calendar: No static holiday table for year 2012. Install jpholiday or update market_calendar.py.
2026-09-20 06:37:02,906 [WARNING] leadlag.core.market_calendar: No static holiday table for year 2012. Install jpholiday or update market_calendar.py.
2026-09-20 06:37:02,906 [WARNING] leadlag.core.market_calendar: No static holiday table for year 2012. Install jpholiday or update market_calendar.py.
2026-09-20 06:37:02,906 [WARNING] leadlag.core.market_calendar: No static holiday table for year 2012. Install jpholiday or update market_calendar.py.
2026-09-20 06:37:02,906 [WARNING] leadlag.core.market_calendar: No static holiday table for year 2012. Install jpholiday or update market_calendar.py.
2026-09-20 06:37:02,906 [WARNING] leadlag.core.market_calendar: No static holiday table for year 2012. Install jpholiday or update market_calendar.py.
2026-09-20 06:37:02,907 [WARNING] leadlag.core.market_calendar: No static holiday table for year 2012. Install jpholiday or update market_calendar.py.
2026-09-20 06:37:02,907 [WARNING] leadlag.core.market_calendar: No static holiday table for year 2012. Install jpholiday or update market_calendar.py.
2026-09-20 06:37:02,907 [WARNING] leadlag.core.market_calendar: No static holiday table for year 2012. Install jpholiday or update market_calendar.py.
2026-09-20 06:37:02,907 [WARNING] leadlag.core.market_calendar: No static holiday table for year 2012. Install jpholiday or update market_calendar.py.
2026-09-20 06:37:02,907 [WARNING] leadlag.core.market_calendar: No static holiday table for year 2012. Install jpholiday or update market_calendar.py.
2026-09-20 06:37:02,907 [WARNING] leadlag.core.market_calendar: No static holiday table for year 2012. Install jpholiday or update market_calendar.py.
2026-09-20 06:37:02,907 [WARNING] leadlag.core.market_calendar: No static holiday table for year 2012. Install jpholiday or update market_calendar.py.
2026-09-20 06:37:02,908 [WARNING] leadlag.core.market_calendar: No static holiday table for year 2012. Install jpholiday or update market_calendar.py.
2026-09-20 06:37:02,908 [WARNING] leadlag.core.market_calendar: No static holiday table for year 2012. Install jpholiday or update market_calendar.py.
2026-09-20 06:37:02,908 [WARNING] leadlag.core.market_calendar: No static holiday table for year 2012. Install jpholiday or update market_calendar.py.
2026-09-20 06:37:02,908 [WARNING] leadlag.core.market_calendar: No static holiday table for year 2012. Install jpholiday or update market_calendar.py.
2026-09-20 06:37:02,908 [WARNING] leadlag.core.market_calendar: No static holiday table for year 2012. Install jpholiday or update market_calendar.py.
2026-09-20 06:37:02,908 [WARNING] leadlag.core.market_calendar: No static holiday table for year 2012. Install jpholiday or update market_calendar.py.
2026-09-20 06:37:02,908 [WARNING] leadlag.core.market_calendar: No static holiday table for year 2012. Install jpholiday or update market_calendar.py.
2026-09-20 06:37:02,908 [WARNING] leadlag.core.market_calendar: No static holiday table for year 2012. Install jpholiday or update market_calendar.py.
2026-09-20 06:37:02,909 [WARNING] leadlag.core.market_calendar: No static holiday table for year 2012. Install jpholiday or update market_calendar.py.
2026-09-20 06:37:02,909 [WARNING] leadlag.core.market_calendar: No static holiday table for year 2012. Install jpholiday or update market_calendar.py.
2026-09-20 06:37:02,909 [WARNING] leadlag.core.market_calendar: No static holiday table for year 2012. Install jpholiday or update market_calendar.py.
2026-09-20 06:37:02,909 [WARNING] leadlag.core.market_calendar: No static holiday table for year 2012. Install jpholiday or update market_calendar.py.
2026-09-20 06:37:02,909 [WARNING] leadlag.core.market_calendar: No static holiday table for year 2012. Install jpholiday or update market_calendar.py.
2026-09-20 06:37:02,909 [WARNING] leadlag.core.market_calendar: No static holiday table for year 2012. Install jpholiday or update market_calendar.py.
2026-09-20 06:37:02,909 [WARNING] leadlag.core.market_calendar: No static holiday table for year 2012. Install jpholiday or update market_calendar.py.
2026-09-20 06:37:02,910 [WARNING] leadlag.core.market_calendar: No static holiday table for year 2012. Install jpholiday or update market_calendar.py.
2026-09-20 06:37:02,910 [WARNING] leadlag.core.market_calendar: No static holiday table for year 2012. Install jpholiday or update market_calendar.py.
2026-09-20 06:37:02,910 [WARNING] leadlag.core.market_calendar: No static holiday table for year 2012. Install jpholiday or update market_calendar.py.
2026-09-20 06:37:02,910 [WARNING] leadlag.core.market_calendar: No static holiday table for year 2012. Install jpholiday or update market_calendar.py.
2026-09-20 06:37:02,910 [WARNING] leadlag.core.market_calendar: No static holiday table for year 2012. Install jpholiday or update market_calendar.py.
2026-09-20 06:37:02,910 [WARNING] leadlag.core.market_calendar: No static holiday table for year 2012. Install jpholiday or update market_calendar.py.
2026-09-20 06:37:02,910 [WARNING] leadlag.core.market_calendar: No static holiday table for year 2012. Install jpholiday or update market_calendar.py.
2026-09-20 06:37:02,910 [WARNING] leadlag.core.market_calendar: No static holiday table for year 2012. Install jpholiday or update market_calendar.py.
2026-09-20 06:37:02,911 [WARNING] leadlag.core.market_calendar: No static holiday table for year 2012. Install jpholiday or update market_calendar.py.
2026-09-20 06:37:02,911 [WARNING] leadlag.core.market_calendar: No static holiday table for year 2012. Install jpholiday or update market_calendar.py.
2026-09-20 06:37:02,911 [WARNING] leadlag.core.market_calendar: No static holiday table for year 2012. Install jpholiday or update market_calendar.py.
2026-09-20 06:37:02,911 [WARNING] leadlag.core.market_calendar: No static holiday table for year 2012. Install jpholiday or update market_calendar.py.
2026-09-20 06:37:02,911 [WARNING] leadlag.core.market_calendar: No static holiday table for year 2013. Install jpholiday or update market_calendar.py.
2026-09-20 06:37:02,911 [WARNING] leadlag.core.market_calendar: No static holiday table for year 2013. Install jpholiday or update market_calendar.py.
2026-09-20 06:37:02,911 [WARNING] leadlag.core.market_calendar: No static holiday table for year 2013. Install jpholiday or update market_calendar.py.
2026-09-20 06:37:02,912 [WARNING] leadlag.core.market_calendar: No static holiday table for year 2013. Install jpholiday or update market_calendar.py.
2026-09-20 06:37:02,912 [WARNING] leadlag.core.market_calendar: No static holiday table for year 2013. Install jpholiday or update market_calendar.py.
2026-09-20 06:37:02,912 [WARNING] leadlag.core.market_calendar: No static holiday table for year 2013. Install jpholiday or update market_calendar.py.
2026-09-20 06:37:02,912 [WARNING] leadlag.core.market_calendar: No static holiday table for year 2013. Install jpholiday or update market_calendar.py.
2026-09-20 06:37:02,912 [WARNING] leadlag.core.market_calendar: No static holiday table for year 2013. Install jpholiday or update market_calendar.py.
2026-09-20 06:37:02,912 [WARNING] leadlag.core.market_calendar: No static holiday table for year 2013. Install jpholiday or update market_calendar.py.
2026-09-20 06:37:02,913 [WARNING] leadlag.core.market_calendar: No static holiday table for year 2013. Install jpholiday or update market_calendar.py.
2026-09-20 06:37:02,913 [WARNING] leadlag.core.market_calendar: No static holiday table for year 2013. Install jpholiday or update market_calendar.py.
2026-09-20 06:37:02,913 [WARNING] leadlag.core.market_calendar: No static holiday table for year 2013. Install jpholiday or update market_calendar.py.
2026-09-20 06:37:02,913 [WARNING] leadlag.core.market_calendar: No static holiday table for year 2013. Install jpholiday or update market_calendar.py.
2026-09-20 06:37:02,913 [WARNING] leadlag.core.market_calendar: No static holiday table for year 2013. Install jpholiday or update market_calendar.py.
2026-09-20 06:37:02,913 [WARNING] leadlag.core.market_calendar: No static holiday table for year 2013. Install jpholiday or update market_calendar.py.
2026-09-20 06:37:02,913 [WARNING] leadlag.core.market_calendar: No static holiday table for year 2013. Install jpholiday or update market_calendar.py.
2026-09-20 06:37:02,914 [WARNING] leadlag.core.market_calendar: No static holiday table for year 2013. Install jpholiday or update market_calendar.py.
2026-09-20 06:37:02,914 [WARNING] leadlag.core.market_calendar: No static holiday table for year 2013. Install jpholiday or update market_calendar.py.
2026-09-20 06:37:02,914 [WARNING] leadlag.core.market_calendar: No static holiday table for year 2013. Install jpholiday or update market_calendar.py.
2026-09-20 06:37:02,914 [WARNING] leadlag.core.market_calendar: No static holiday table for year 2013. Install jpholiday or update market_calendar.py.
2026-09-20 06:37:02,914 [WARNING] leadlag.core.market_calendar: No static holiday table for year 2013. Install jpholiday or update market_calendar.py.
2026-09-20 06:37:02,914 [WARNING] leadlag.core.market_calendar: No static holiday table for year 2013. Install jpholiday or update market_calendar.py.
2026-09-20 06:37:02,914 [WARNING] leadlag.core.market_calendar: No static holiday table for year 2013. Install jpholiday or update market_calendar.py.
2026-09-20 06:37:02,915 [WARNING] leadlag.core.market_calendar: No static holiday table for year 2013. Install jpholiday or update market_calendar.py.
2026-09-20 06:37:02,915 [WARNING] leadlag.core.market_calendar: No static holiday table for year 2013. Install jpholiday or update market_calendar.py.
2026-09-20 06:37:02,915 [WARNING] leadlag.core.market_calendar: No static holiday table for year 2013. Install jpholiday or update market_calendar.py.
2026-09-20 06:37:02,915 [WARNING] leadlag.core.market_calendar: No static holiday table for year 2013. Install jpholiday or update market_calendar.py.
2026-09-20 06:37:02,915 [WARNING] leadlag.core.market_calendar: No static holiday table for year 2013. Install jpholiday or update market_calendar.py.
2026-09-20 06:37:02,915 [WARNING] leadlag.core.market_calendar: No static holiday table for year 2013. Install jpholiday or update market_calendar.py.
2026-09-20 06:37:02,915 [WARNING] leadlag.core.market_calendar: No static holiday table for year 2013. Install jpholiday or update market_calendar.py.
2026-09-20 06:37:02,916 [WARNING] leadlag.core.market_calendar: No static holiday table for year 2013. Install jpholiday or update market_calendar.py.
2026-09-20 06:37:02,916 [WARNING] leadlag.core.market_calendar: No static holiday table for year 2013. Install jpholiday or update market_calendar.py.
2026-09-20 06:37:02,916 [WARNING] leadlag.core.market_calendar: No static holiday table for year 2013. Install jpholiday or update market_calendar.py.
2026-09-20 06:37:02,916 [WARNING] leadlag.core.market_calendar: No static holiday table for year 2013. Install jpholiday or update market_calendar.py.
2026-09-20 06:37:02,916 [WARNING] leadlag.core.market_calendar: No static holiday table for year 2013. Install jpholiday or update market_calendar.py.
2026-09-20 06:37:02,916 [WARNING] leadlag.core.market_calendar: No static holiday table for year 2013. Install jpholiday or update market_calendar.py.
2026-09-20 06:37:02,916 [WARNING] leadlag.core.market_calendar: No static holiday table for year 2013. Install jpholiday or update market_calendar.py.
2026-09-20 06:37:02,917 [WARNING] leadlag.core.market_calendar: No static holiday table for year 2013. Install jpholiday or update market_calendar.py.
2026-09-20 06:37:02,917 [WARNING] leadlag.core.market_calendar: No static holiday table for year 2013. Install jpholiday or update market_calendar.py.
2026-09-20 06:37:02,917 [WARNING] leadlag.core.market_calendar: No static holiday table for year 2013. Install jpholiday or update market_calendar.py.
2026-09-20 06:37:02,917 [WARNING] leadlag.core.market_calendar: No static holiday table for year 2013. Install jpholiday or update market_calendar.py.
2026-09-20 06:37:02,917 [WARNING] leadlag.core.market_calendar: No static holiday table for year 2013. Install jpholiday or update market_calendar.py.
2026-09-20 06:37:02,917 [WARNING] leadlag.core.market_calendar: No static holiday table for year 2013. Install jpholiday or update market_calendar.py.
2026-09-20 06:37:02,918 [WARNING] leadlag.core.market_calendar: No static holiday table for year 2013. Install jpholiday or update market_calendar.py.
2026-09-20 06:37:02,918 [WARNING] leadlag.core.market_calendar: No static holiday table for year 2013. Install jpholiday or update market_calendar.py.
2026-09-20 06:37:02,918 [WARNING] leadlag.core.market_calendar: No static holiday table for year 2013. Install jpholiday or update market_calendar.py.
2026-09-20 06:37:02,918 [WARNING] leadlag.core.market_calendar: No static holiday table for year 2013. Install jpholiday or update market_calendar.py.
2026-09-20 06:37:02,918 [WARNING] leadlag.core.market_calendar: No static holiday table for year 2013. Install jpholiday or update market_calendar.py.
2026-09-20 06:37:02,918 [WARNING] leadlag.core.market_calendar: No static holiday table for year 2013. Install jpholiday or update market_calendar.py.
2026-09-20 06:37:02,919 [WARNING] leadlag.core.market_calendar: No static holiday table for year 2013. Install jpholiday or update market_calendar.py.
2026-09-20 06:37:02,919 [WARNING] leadlag.core.market_calendar: No static holiday table for year 2013. Install jpholiday or update market_calendar.py.
2026-09-20 06:37:02,919 [WARNING] leadlag.core.market_calendar: No static holiday table for year 2013. Install jpholiday or update market_calendar.py.
2026-09-20 06:37:02,919 [WARNING] leadlag.core.market_calendar: No static holiday table for year 2013. Install jpholiday or update market_calendar.py.
2026-09-20 06:37:02,919 [WARNING] leadlag.core.market_calendar: No static holiday table for year 2013. Install jpholiday or update market_calendar.py.
2026-09-20 06:37:02,919 [WARNING] leadlag.core.market_calendar: No static holiday table for year 2013. Install jpholiday or update market_calendar.py.
2026-09-20 06:37:02,920 [WARNING] leadlag.core.market_calendar: No static holiday table for year 2013. Install jpholiday or update market_calendar.py.
2026-09-20 06:37:02,920 [WARNING] leadlag.core.market_calendar: No static holiday table for year 2013. Install jpholiday or update market_calendar.py.
2026-09-20 06:37:02,920 [WARNING] leadlag.core.market_calendar: No static holiday table for year 2013. Install jpholiday or update market_calendar.py.
2026-09-20 06:37:02,920 [WARNING] leadlag.core.market_calendar: No static holiday table for year 2013. Install jpholiday or update market_calendar.py.
2026-09-20 06:37:02,920 [WARNING] leadlag.core.market_calendar: No static holiday table for year 2013. Install jpholiday or update market_calendar.py.
2026-09-20 06:37:02,920 [WARNING] leadlag.core.market_calendar: No static holiday table for year 2013. Install jpholiday or update market_calendar.py.
2026-09-20 06:37:02,920 [WARNING] leadlag.core.market_calendar: No static holiday table for year 2013. Install jpholiday or update market_calendar.py.
2026-09-20 06:37:02,921 [WARNING] leadlag.core.market_calendar: No static holiday table for year 2013. Install jpholiday or update market_calendar.py.
2026-09-20 06:37:02,921 [WARNING] leadlag.core.market_calendar: No static holiday table for year 2013. Install jpholiday or update market_calendar.py.
2026-09-20 06:37:02,921 [WARNING] leadlag.core.market_calendar: No static holiday table for year 2013. Install jpholiday or update market_calendar.py.
2026-09-20 06:37:02,921 [WARNING] leadlag.core.market_calendar: No static holiday table for year 2013. Install jpholiday or update market_calendar.py.
2026-09-20 06:37:02,921 [WARNING] leadlag.core.market_calendar: No static holiday table for year 2013. Install jpholiday or update market_calendar.py.
2026-09-20 06:37:02,921 [WARNING] leadlag.core.market_calendar: No static holiday table for year 2013. Install jpholiday or update market_calendar.py.
2026-09-20 06:37:02,921 [WARNING] leadlag.core.market_calendar: No static holiday table for year 2013. Install jpholiday or update market_calendar.py.
2026-09-20 06:37:02,921 [WARNING] leadlag.core.market_calendar: No static holiday table for year 2013. Install jpholiday or update market_calendar.py.
2026-09-20 06:37:02,922 [WARNING] leadlag.core.market_calendar: No static holiday table for year 2013. Install jpholiday or update market_calendar.py.
2026-09-20 06:37:02,922 [WARNING] leadlag.core.market_calendar: No static holiday table for year 2013. Install jpholiday or update market_calendar.py.
2026-09-20 06:37:02,922 [WARNING] leadlag.core.market_calendar: No static holiday table for year 2013. Install jpholiday or update market_calendar.py.
2026-09-20 06:37:02,922 [WARNING] leadlag.core.market_calendar: No static holiday table for year 2013. Install jpholiday or update market_calendar.py.
2026-09-20 06:37:02,922 [WARNING] leadlag.core.market_calendar: No static holiday table for year 2013. Install jpholiday or update market_calendar.py.
2026-09-20 06:37:02,922 [WARNING] leadlag.core.market_calendar: No static holiday table for year 2013. Install jpholiday or update market_calendar.py.
2026-09-20 06:37:02,922 [WARNING] leadlag.core.market_calendar: No static holiday table for year 2013. Install jpholiday or update market_calendar.py.
2026-09-20 06:37:02,923 [WARNING] leadlag.core.market_calendar: No static holiday table for year 2013. Install jpholiday or update market_calendar.py.
2026-09-20 06:37:02,923 [WARNING] leadlag.core.market_calendar: No static holiday table for year 2013. Install jpholiday or update market_calendar.py.
2026-09-20 06:37:02,923 [WARNING] leadlag.core.market_calendar: No static holiday table for year 2013. Install jpholiday or update market_calendar.py.
2026-09-20 06:37:02,923 [WARNING] leadlag.core.market_calendar: No static holiday table for year 2013. Install jpholiday or update market_calendar.py.
2026-09-20 06:37:02,923 [WARNING] leadlag.core.market_calendar: No static holiday table for year 2013. Install jpholiday or update market_calendar.py.
2026-09-20 06:37:02,923 [WARNING] leadlag.core.market_calendar: No static holiday table for year 2013. Install jpholiday or update market_calendar.py.
2026-09-20 06:37:02,923 [WARNING] leadlag.core.market_calendar: No static holiday table for year 2013. Install jpholiday or update market_calendar.py.
2026-09-20 06:37:02,924 [WARNING] leadlag.core.market_calendar: No static holiday table for year 2013. Install jpholiday or update market_calendar.py.
2026-09-20 06:37:02,924 [WARNING] leadlag.core.market_calendar: No static holiday table for year 2013. Install jpholiday or update market_calendar.py.
2026-09-20 06:37:02,924 [WARNING] leadlag.core.market_calendar: No static holiday table for year 2013. Install jpholiday or update market_calendar.py.
2026-09-20 06:37:02,924 [WARNING] leadlag.core.market_calendar: No static holiday table for year 2013. Install jpholiday or update market_calendar.py.
2026-09-20 06:37:02,924 [WARNING] leadlag.core.market_calendar: No static holiday table for year 2013. Install jpholiday or update market_calendar.py.
2026-09-20 06:37:02,924 [WARNING] leadlag.core.market_calendar: No static holiday table for year 2013. Install jpholiday or update market_calendar.py.
2026-09-20 06:37:02,924 [WARNING] leadlag.core.market_calendar: No static holiday table for year 2013. Install jpholiday or update market_calendar.py.
2026-09-20 06:37:02,924 [WARNING] leadlag.core.market_calendar: No static holiday table for year 2013. Install jpholiday or update market_calendar.py.
2026-09-20 06:37:02,925 [WARNING] leadlag.core.market_calendar: No static holiday table for year 2013. Install jpholiday or update market_calendar.py.
2026-09-20 06:37:02,925 [WARNING] leadlag.core.market_calendar: No static holiday table for year 2013. Install jpholiday or update market_calendar.py.
2026-09-20 06:37:02,925 [WARNING] leadlag.core.market_calendar: No static holiday table for year 2013. Install jpholiday or update market_calendar.py.
2026-09-20 06:37:02,925 [WARNING] leadlag.core.market_calendar: No static holiday table for year 2013. Install jpholiday or update market_calendar.py.
2026-09-20 06:37:02,925 [WARNING] leadlag.core.market_calendar: No static holiday table for year 2013. Install jpholiday or update market_calendar.py.
2026-09-20 06:37:02,925 [WARNING] leadlag.core.market_calendar: No static holiday table for year 2013. Install jpholiday or update market_calendar.py.
2026-09-20 06:37:02,925 [WARNING] leadlag.core.market_calendar: No static holiday table for year 2013. Install jpholiday or update market_calendar.py.
2026-09-20 06:37:02,926 [WARNING] leadlag.core.market_calendar: No static holiday table for year 2013. Install jpholiday or update market_calendar.py.
2026-09-20 06:37:02,926 [WARNING] leadlag.core.market_calendar: No static holiday table for year 2013. Install jpholiday or update market_calendar.py.
2026-09-20 06:37:02,926 [WARNING] leadlag.core.market_calendar: No static holiday table for year 2013. Install jpholiday or update market_calendar.py.
2026-09-20 06:37:02,926 [WARNING] leadlag.core.market_calendar: No static holiday table for year 2013. Install jpholiday or update market_calendar.py.
2026-09-20 06:37:02,926 [WARNING] leadlag.core.market_calendar: No static holiday table for year 2013. Install jpholiday or update market_calendar.py.
2026-09-20 06:37:02,926 [WARNING] leadlag.core.market_calendar: No static holiday table for year 2013. Install jpholiday or update market_calendar.py.
2026-09-20 06:37:02,926 [WARNING] leadlag.core.market_calendar: No static holiday table for year 2013. Install jpholiday or update market_calendar.py.
2026-09-20 06:37:02,926 [WARNING] leadlag.core.market_calendar: No static holiday table for year 2013. Install jpholiday or update market_calendar.py.
2026-09-20 06:37:02,927 [WARNING] leadlag.core.market_calendar: No static holiday table for year 2013. Install jpholiday or update market_calendar.py.
2026-09-20 06:37:02,927 [WARNING] leadlag.core.market_calendar: No static holiday table for year 2013. Install jpholiday or update market_calendar.py.
2026-09-20 06:37:02,927 [WARNING] leadlag.core.market_calendar: No static holiday table for year 2013. Install jpholiday or update market_calendar.py.
2026-09-20 06:37:02,927 [WARNING] leadlag.core.market_calendar: No static holiday table for year 2013. Install jpholiday or update market_calendar.py.
2026-09-20 06:37:02,927 [WARNING] leadlag.core.market_calendar: No static holiday table for year 2013. Install jpholiday or update market_calendar.py.
2026-09-20 06:37:02,927 [WARNING] leadlag.core.market_calendar: No static holiday table for year 2013. Install jpholiday or update market_calendar.py.
2026-09-20 06:37:02,927 [WARNING] leadlag.core.market_calendar: No static holiday table for year 2013. Install jpholiday or update market_calendar.py.
2026-09-20 06:37:02,928 [WARNING] leadlag.core.market_calendar: No static holiday table for year 2013. Install jpholiday or update market_calendar.py.
2026-09-20 06:37:02,928 [WARNING] leadlag.core.market_calendar: No static holiday table for year 2013. Install jpholiday or update market_calendar.py.
2026-09-20 06:37:02,928 [WARNING] leadlag.core.market_calendar: No static holiday table for year 2013. Install jpholiday or update market_calendar.py.
2026-09-20 06:37:02,928 [WARNING] leadlag.core.market_calendar: No static holiday table for year 2013. Install jpholiday or update market_calendar.py.
2026-09-20 06:37:02,928 [WARNING] leadlag.core.market_calendar: No static holiday table for year 2013. Install jpholiday or update market_calendar.py.
2026-09-20 06:37:02,928 [WARNING] leadlag.core.market_calendar: No static holiday table for year 2013. Install jpholiday or update market_calendar.py.
2026-09-20 06:37:02,928 [WARNING] leadlag.core.market_calendar: No static holiday table for year 2013. Install jpholiday or update market_calendar.py.
2026-09-20 06:37:02,929 [WARNING] leadlag.core.market_calendar: No static holiday table for year 2013. Install jpholiday or update market_calendar.py.
2026-09-20 06:37:02,929 [WARNING] leadlag.core.market_calendar: No static holiday table for year 2013. Install jpholiday or update market_calendar.py.
2026-09-20 06:37:02,929 [WARNING] leadlag.core.market_calendar: No static holiday table for year 2013. Install jpholiday or update market_calendar.py.
2026-09-20 06:37:02,929 [WARNING] leadlag.core.market_calendar: No static holiday table for year 2013. Install jpholiday or update market_calendar.py.
2026-09-20 06:37:02,929 [WARNING] leadlag.core.market_calendar: No static holiday table for year 2013. Install jpholiday or update market_calendar.py.
2026-09-20 06:37:02,929 [WARNING] leadlag.core.market_calendar: No static holiday table for year 2013. Install jpholiday or update market_calendar.py.
2026-09-20 06:37:02,929 [WARNING] leadlag.core.market_calendar: No static holiday table for year 2013. Install jpholiday or update market_calendar.py.
2026-09-20 06:37:02,930 [WARNING] leadlag.core.market_calendar: No static holiday table for year 2013. Install jpholiday or update market_calendar.py.
2026-09-20 06:37:02,930 [WARNING] leadlag.core.market_calendar: No static holiday table for year 2013. Install jpholiday or update market_calendar.py.
2026-09-20 06:37:02,930 [WARNING] leadlag.core.market_calendar: No static holiday table for year 2013. Install jpholiday or update market_calendar.py.
2026-09-20 06:37:02,930 [WARNING] leadlag.core.market_calendar: No static holiday table for year 2013. Install jpholiday or update market_calendar.py.
2026-09-20 06:37:02,930 [WARNING] leadlag.core.market_calendar: No static holiday table for year 2013. Install jpholiday or update market_calendar.py.
2026-09-20 06:37:02,930 [WARNING] leadlag.core.market_calendar: No static holiday table for year 2013. Install jpholiday or update market_calendar.py.
2026-09-20 06:37:02,931 [WARNING] leadlag.core.market_calendar: No static holiday table for year 2013. Install jpholiday or update market_calendar.py.
2026-09-20 06:37:02,931 [WARNING] leadlag.core.market_calendar: No static holiday table for year 2013. Install jpholiday or update market_calendar.py.
2026-09-20 06:37:02,931 [WARNING] leadlag.core.market_calendar: No static holiday table for year 2013. Install jpholiday or update market_calendar.py.
2026-09-20 06:37:02,931 [WARNING] leadlag.core.market_calendar: No static holiday table for year 2013. Install jpholiday or update market_calendar.py.
2026-09-20 06:37:02,931 [WARNING] leadlag.core.market_calendar: No static holiday table for year 2013. Install jpholiday or update market_calendar.py.
2026-09-20 06:37:02,931 [WARNING] leadlag.core.market_calendar: No static holiday table for year 2013. Install jpholiday or update market_calendar.py.
2026-09-20 06:37:02,931 [WARNING] leadlag.core.market_calendar: No static holiday table for year 2013. Install jpholiday or update market_calendar.py.
2026-09-20 06:37:02,932 [WARNING] leadlag.core.market_calendar: No static holiday table for year 2013. Install jpholiday or update market_calendar.py.
2026-09-20 06:37:02,932 [WARNING] leadlag.core.market_calendar: No static holiday table for year 2013. Install jpholiday or update market_calendar.py.
2026-09-20 06:37:02,932 [WARNING] leadlag.core.market_calendar: No static holiday table for year 2013. Install jpholiday or update market_calendar.py.
2026-09-20 06:37:02,932 [WARNING] leadlag.core.market_calendar: No static holiday table for year 2013. Install jpholiday or update market_calendar.py.
2026-09-20 06:37:02,932 [WARNING] leadlag.core.market_calendar: No static holiday table for year 2013. Install jpholiday or update market_calendar.py.
2026-09-20 06:37:02,932 [WARNING] leadlag.core.market_calendar: No static holiday table for year 2013. Install jpholiday or update market_calendar.py.
2026-09-20 06:37:02,932 [WARNING] leadlag.core.market_calendar: No static holiday table for year 2013. Install jpholiday or update market_calendar.py.
2026-09-20 06:37:02,933 [WARNING] leadlag.core.market_calendar: No static holiday table for year 2013. Install jpholiday or update market_calendar.py.
2026-09-20 06:37:02,933 [WARNING] leadlag.core.market_calendar: No static holiday table for year 2013. Install jpholiday or update market_calendar.py.
2026-09-20 06:37:02,933 [WARNING] leadlag.core.market_calendar: No static holiday table for year 2013. Install jpholiday or update market_calendar.py.
2026-09-20 06:37:02,933 [WARNING] leadlag.core.market_calendar: No static holiday table for year 2013. Install jpholiday or update market_calendar.py.
2026-09-20 06:37:02,933 [WARNING] leadlag.core.market_calendar: No static holiday table for year 2013. Install jpholiday or update market_calendar.py.
2026-09-20 06:37:02,933 [WARNING] leadlag.core.market_calendar: No static holiday table for year 2013. Install jpholiday or update market_calendar.py.
2026-09-20 06:37:02,933 [WARNING] leadlag.core.market_calendar: No static holiday table for year 2013. Install jpholiday or update market_calendar.py.
2026-09-20 06:37:02,933 [WARNING] leadlag.core.market_calendar: No static holiday table for year 2013. Install jpholiday or update market_calendar.py.
2026-09-20 06:37:02,934 [WARNING] leadlag.core.market_calendar: No static holiday table for year 2013. Install jpholiday or update market_calendar.py.
2026-09-20 06:37:02,934 [WARNING] leadlag.core.market_calendar: No static holiday table for year 2013. Install jpholiday or update market_calendar.py.
2026-09-20 06:37:02,934 [WARNING] leadlag.core.market_calendar: No static holiday table for year 2013. Install jpholiday or update market_calendar.py.
2026-09-20 06:37:02,934 [WARNING] leadlag.core.market_calendar: No static holiday table for year 2013. Install jpholiday or update market_calendar.py.
2026-09-20 06:37:02,934 [WARNING] leadlag.core.market_calendar: No static holiday table for year 2013. Install jpholiday or update market_calendar.py.
2026-09-20 06:37:02,934 [WARNING] leadlag.core.market_calendar: No static holiday table for year 2013. Install jpholiday or update market_calendar.py.
2026-09-20 06:37:02,934 [WARNING] leadlag.core.market_calendar: No static holiday table for year 2013. Install jpholiday or update market_calendar.py.
2026-09-20 06:37:02,935 [WARNING] leadlag.core.market_calendar: No static holiday table for year 2013. Install jpholiday or update market_calendar.py.
2026-09-20 06:37:02,935 [WARNING] leadlag.core.market_calendar: No static holiday table for year 2013. Install jpholiday or update market_calendar.py.
2026-09-20 06:37:02,935 [WARNING] leadlag.core.market_calendar: No static holiday table for year 2013. Install jpholiday or update market_calendar.py.
2026-09-20 06:37:02,935 [WARNING] leadlag.core.market_calendar: No static holiday table for year 2013. Install jpholiday or update market_calendar.py.
2026-09-20 06:37:02,935 [WARNING] leadlag.core.market_calendar: No static holiday table for year 2013. Install jpholiday or update market_calendar.py.
2026-09-20 06:37:02,936 [WARNING] leadlag.core.market_calendar: No static holiday table for year 2013. Install jpholiday or update market_calendar.py.
2026-09-20 06:37:02,936 [WARNING] leadlag.core.market_calendar: No static holiday table for year 2013. Install jpholiday or update market_calendar.py.
2026-09-20 06:37:02,936 [WARNING] leadlag.core.market_calendar: No static holiday table for year 2013. Install jpholiday or update market_calendar.py.
2026-09-20 06:37:02,936 [WARNING] leadlag.core.market_calendar: No static holiday table for year 2013. Install jpholiday or update market_calendar.py.
2026-09-20 06:37:02,936 [WARNING] leadlag.core.market_calendar: No static holiday table for year 2013. Install jpholiday or update market_calendar.py.
2026-09-20 06:37:02,937 [WARNING] leadlag.core.market_calendar: No static holiday table for year 2013. Install jpholiday or update market_calendar.py.
2026-09-20 06:37:02,937 [WARNING] leadlag.core.market_calendar: No static holiday table for year 2013. Install jpholiday or update market_calendar.py.
2026-09-20 06:37:02,937 [WARNING] leadlag.core.market_calendar: No static holiday table for year 2013. Install jpholiday or update market_calendar.py.
2026-09-20 06:37:02,937 [WARNING] leadlag.core.market_calendar: No static holiday table for year 2013. Install jpholiday or update market_calendar.py.
2026-09-20 06:37:02,937 [WARNING] leadlag.core.market_calendar: No static holiday table for year 2013. Install jpholiday or update market_calendar.py.
2026-09-20 06:37:02,938 [WARNING] leadlag.core.market_calendar: No static holiday table for year 2013. Install jpholiday or update market_calendar.py.
2026-09-20 06:37:02,938 [WARNING] leadlag.core.market_calendar: No static holiday table for year 2013. Install jpholiday or update market_calendar.py.
2026-09-20 06:37:02,938 [WARNING] leadlag.core.market_calendar: No static holiday table for year 2013. Install jpholiday or update market_calendar.py.
2026-09-20 06:37:02,938 [WARNING] leadlag.core.market_calendar: No static holiday table for year 2013. Install jpholiday or update market_calendar.py.
2026-09-20 06:37:02,938 [WARNING] leadlag.core.market_calendar: No static holiday table for year 2013. Install jpholiday or update market_calendar.py.
2026-09-20 06:37:02,939 [WARNING] leadlag.core.market_calendar: No static holiday table for year 2013. Install jpholiday or update market_calendar.py.
2026-09-20 06:37:02,939 [WARNING] leadlag.core.market_calendar: No static holiday table for year 2013. Install jpholiday or update market_calendar.py.
2026-09-20 06:37:02,939 [WARNING] leadlag.core.market_calendar: No static holiday table for year 2013. Install jpholiday or update market_calendar.py.
2026-09-20 06:37:02,939 [WARNING] leadlag.core.market_calendar: No static holiday table for year 2013. Install jpholiday or update market_calendar.py.
2026-09-20 06:37:02,939 [WARNING] leadlag.core.market_calendar: No static holiday table for year 2013. Install jpholiday or update market_calendar.py.
2026-09-20 06:37:02,939 [WARNING] leadlag.core.market_calendar: No static holiday table for year 2013. Install jpholiday or update market_calendar.py.
2026-09-20 06:37:02,940 [WARNING] leadlag.core.market_calendar: No static holiday table for year 2013. Install jpholiday or update market_calendar.py.
2026-09-20 06:37:02,940 [WARNING] leadlag.core.market_calendar: No static holiday table for year 2013. Install jpholiday or update market_calendar.py.
2026-09-20 06:37:02,940 [WARNING] leadlag.core.market_calendar: No static holiday table for year 2013. Install jpholiday or update market_calendar.py.
2026-09-20 06:37:02,940 [WARNING] leadlag.core.market_calendar: No static holiday table for year 2013. Install jpholiday or update market_calendar.py.
2026-09-20 06:37:02,940 [WARNING] leadlag.core.market_calendar: No static holiday table for year 2013. Install jpholiday or update market_calendar.py.
2026-09-20 06:37:02,940 [WARNING] leadlag.core.market_calendar: No static holiday table for year 2013. Install jpholiday or update market_calendar.py.
2026-09-20 06:37:02,941 [WARNING] leadlag.core.market_calendar: No static holiday table for year 2013. Install jpholiday or update market_calendar.py.
2026-09-20 06:37:02,941 [WARNING] leadlag.core.market_calendar: No static holiday table for year 2013. Install jpholiday or update market_calendar.py.
2026-09-20 06:37:02,941 [WARNING] leadlag.core.market_calendar: No static holiday table for year 2013. Install jpholiday or update market_calendar.py.
2026-09-20 06:37:02,941 [WARNING] leadlag.core.market_calendar: No static holiday table for year 2013. Install jpholiday or update market_calendar.py.
2026-09-20 06:37:02,941 [WARNING] leadlag.core.market_calendar: No static holiday table for year 2013. Install jpholiday or update market_calendar.py.
2026-09-20 06:37:02,941 [WARNING] leadlag.core.market_calendar: No static holiday table for year 2013. Install jpholiday or update market_calendar.py.
2026-09-20 06:37:02,941 [WARNING] leadlag.core.market_calendar: No static holiday table for year 2013. Install jpholiday or update market_calendar.py.
2026-09-20 06:37:02,942 [WARNING] leadlag.core.market_calendar: No static holiday table for year 2013. Install jpholiday or update market_calendar.py.
2026-09-20 06:37:02,942 [WARNING] leadlag.core.market_calendar: No static holiday table for year 2013. Install jpholiday or update market_calendar.py.
2026-09-20 06:37:02,942 [WARNING] leadlag.core.market_calendar: No static holiday table for year 2013. Install jpholiday or update market_calendar.py.
2026-09-20 06:37:02,942 [WARNING] leadlag.core.market_calendar: No static holiday table for year 2013. Install jpholiday or update market_calendar.py.
2026-09-20 06:37:02,942 [WARNING] leadlag.core.market_calendar: No static holiday table for year 2013. Install jpholiday or update market_calendar.py.
2026-09-20 06:37:02,942 [WARNING] leadlag.core.market_calendar: No static holiday table for year 2013. Install jpholiday or update market_calendar.py.
2026-09-20 06:37:02,942 [WARNING] leadlag.core.market_calendar: No static holiday table for year 2013. Install jpholiday or update market_calendar.py.
2026-09-20 06:37:02,943 [WARNING] leadlag.core.market_calendar: No static holiday table for year 2013. Install jpholiday or update market_calendar.py.
2026-09-20 06:37:02,943 [WARNING] leadlag.core.market_calendar: No static holiday table for year 2013. Install jpholiday or update market_calendar.py.
2026-09-20 06:37:02,943 [WARNING] leadlag.core.market_calendar: No static holiday table for year 2013. Install jpholiday or update market_calendar.py.
2026-09-20 06:37:02,943 [WARNING] leadlag.core.market_calendar: No static holiday table for year 2013. Install jpholiday or update market_calendar.py.
2026-09-20 06:37:02,943 [WARNING] leadlag.core.market_calendar: No static holiday table for year 2013. Install jpholiday or update market_calendar.py.
2026-09-20 06:37:02,943 [WARNING] leadlag.core.market_calendar: No static holiday table for year 2013. Install jpholiday or update market_calendar.py.
2026-09-20 06:37:02,943 [WARNING] leadlag.core.market_calendar: No static holiday table for year 2013. Install jpholiday or update market_calendar.py.
2026-09-20 06:37:02,944 [WARNING] leadlag.core.market_calendar: No static holiday table for year 2013. Install jpholiday or update market_calendar.py.
2026-09-20 06:37:02,944 [WARNING] leadlag.core.market_calendar: No static holiday table for year 2013. Install jpholiday or update market_calendar.py.
2026-09-20 06:37:02,944 [WARNING] leadlag.core.market_calendar: No static holiday table for year 2013. Install jpholiday or update market_calendar.py.
2026-09-20 06:37:02,944 [WARNING] leadlag.core.market_calendar: No static holiday table for year 2013. Install jpholiday or update market_calendar.py.
2026-09-20 06:37:02,944 [WARNING] leadlag.core.market_calendar: No static holiday table for year 2013. Install jpholiday or update market_calendar.py.
2026-09-20 06:37:02,944 [WARNING] leadlag.core.market_calendar: No static holiday table for year 2013. Install jpholiday or update market_calendar.py.
2026-09-20 06:37:02,944 [WARNING] leadlag.core.market_calendar: No static holiday table for year 2013. Install jpholiday or update market_calendar.py.
2026-09-20 06:37:02,944 [WARNING] leadlag.core.market_calendar: No static holiday table for year 2013. Install jpholiday or update market_calendar.py.
2026-09-20 06:37:02,945 [WARNING] leadlag.core.market_calendar: No static holiday table for year 2013. Install jpholiday or update market_calendar.py.
2026-09-20 06:37:02,945 [WARNING] leadlag.core.market_calendar: No static holiday table for year 2013. Install jpholiday or update market_calendar.py.
2026-09-20 06:37:02,945 [WARNING] leadlag.core.market_calendar: No static holiday table for year 2013. Install jpholiday or update market_calendar.py.
2026-09-20 06:37:02,945 [WARNING] leadlag.core.market_calendar: No static holiday table for year 2013. Install jpholiday or update market_calendar.py.
2026-09-20 06:37:02,945 [WARNING] leadlag.core.market_calendar: No static holiday table for year 2013. Install jpholiday or update market_calendar.py.
2026-09-20 06:37:02,945 [WARNING] leadlag.core.market_calendar: No static holiday table for year 2013. Install jpholiday or update market_calendar.py.
2026-09-20 06:37:02,945 [WARNING] leadlag.core.market_calendar: No static holiday table for year 2013. Install jpholiday or update market_calendar.py.
2026-09-20 06:37:02,946 [WARNING] leadlag.core.market_calendar: No static holiday table for year 2013. Install jpholiday or update market_calendar.py.
2026-09-20 06:37:02,946 [WARNING] leadlag.core.market_calendar: No static holiday table for year 2013. Install jpholiday or update market_calendar.py.
2026-09-20 06:37:02,946 [WARNING] leadlag.core.market_calendar: No static holiday table for year 2013. Install jpholiday or update market_calendar.py.
2026-09-20 06:37:02,946 [WARNING] leadlag.core.market_calendar: No static holiday table for year 2013. Install jpholiday or update market_calendar.py.
2026-09-20 06:37:02,946 [WARNING] leadlag.core.market_calendar: No static holiday table for year 2013. Install jpholiday or update market_calendar.py.
2026-09-20 06:37:02,946 [WARNING] leadlag.core.market_calendar: No static holiday table for year 2013. Install jpholiday or update market_calendar.py.
2026-09-20 06:37:02,946 [WARNING] leadlag.core.market_calendar: No static holiday table for year 2013. Install jpholiday or update market_calendar.py.
2026-09-20 06:37:02,946 [WARNING] leadlag.core.market_calendar: No static holiday table for year 2013. Install jpholiday or update market_calendar.py.
2026-09-20 06:37:02,947 [WARNING] leadlag.core.market_calendar: No static holiday table for year 2013. Install jpholiday or update market_calendar.py.
2026-09-20 06:37:02,947 [WARNING] leadlag.core.market_calendar: No static holiday table for year 2013. Install jpholiday or update market_calendar.py.
2026-09-20 06:37:02,947 [WARNING] leadlag.core.market_calendar: No static holiday table for year 2013. Install jpholiday or update market_calendar.py.
2026-09-20 06:37:02,947 [WARNING] leadlag.core.market_calendar: No static holiday table for year 2013. Install jpholiday or update market_calendar.py.
2026-09-20 06:37:02,947 [WARNING] leadlag.core.market_calendar: No static holiday table for year 2013. Install jpholiday or update market_calendar.py.
2026-09-20 06:37:02,947 [WARNING] leadlag.core.market_calendar: No static holiday table for year 2013. Install jpholiday or update market_calendar.py.
2026-09-20 06:37:02,947 [WARNING] leadlag.core.market_calendar: No static holiday table for year 2014. Install jpholiday or update market_calendar.py.
2026-09-20 06:37:02,948 [WARNING] leadlag.core.market_calendar: No static holiday table for year 2014. Install jpholiday or update market_calendar.py.
2026-09-20 06:37:02,948 [WARNING] leadlag.core.market_calendar: No static holiday table for year 2014. Install jpholiday or update market_calendar.py.
2026-09-20 06:37:02,948 [WARNING] leadlag.core.market_calendar: No static holiday table for year 2014. Install jpholiday or update market_calendar.py.
2026-09-20 06:37:02,948 [WARNING] leadlag.core.market_calendar: No static holiday table for year 2014. Install jpholiday or update market_calendar.py.
2026-09-20 06:37:02,948 [WARNING] leadlag.core.market_calendar: No static holiday table for year 2014. Install jpholiday or update market_calendar.py.
2026-09-20 06:37:02,948 [WARNING] leadlag.core.market_calendar: No static holiday table for year 2014. Install jpholiday or update market_calendar.py.
2026-09-20 06:37:02,949 [WARNING] leadlag.core.market_calendar: No static holiday table for year 2014. Install jpholiday or update market_calendar.py.
2026-09-20 06:37:02,949 [WARNING] leadlag.core.market_calendar: No static holiday table for year 2014. Install jpholiday or update market_calendar.py.
2026-09-20 06:37:02,949 [WARNING] leadlag.core.market_calendar: No static holiday table for year 2014. Install jpholiday or update market_calendar.py.
2026-09-20 06:37:02,949 [WARNING] leadlag.core.market_calendar: No static holiday table for year 2014. Install jpholiday or update market_calendar.py.
2026-09-20 06:37:02,949 [WARNING] leadlag.core.market_calendar: No static holiday table for year 2014. Install jpholiday or update market_calendar.py.
2026-09-20 06:37:02,949 [WARNING] leadlag.core.market_calendar: No static holiday table for year 2014. Install jpholiday or update market_calendar.py.
2026-09-20 06:37:02,949 [WARNING] leadlag.core.market_calendar: No static holiday table for year 2014. Install jpholiday or update market_calendar.py.
2026-09-20 06:37:02,950 [WARNING] leadlag.core.market_calendar: No static holiday table for year 2014. Install jpholiday or update market_calendar.py.
2026-09-20 06:37:02,950 [WARNING] leadlag.core.market_calendar: No static holiday table for year 2014. Install jpholiday or update market_calendar.py.
2026-09-20 06:37:02,950 [WARNING] leadlag.core.market_calendar: No static holiday table for year 2014. Install jpholiday or update market_calendar.py.
2026-09-20 06:37:02,950 [WARNING] leadlag.core.market_calendar: No static holiday table for year 2014. Install jpholiday or update market_calendar.py.
2026-09-20 06:37:02,950 [WARNING] leadlag.core.market_calendar: No static holiday table for year 2014. Install jpholiday or update market_calendar.py.
2026-09-20 06:37:02,950 [WARNING] leadlag.core.market_calendar: No static holiday table for year 2014. Install jpholiday or update market_calendar.py.
2026-09-20 06:37:02,950 [WARNING] leadlag.core.market_calendar: No static holiday table for year 2014. Install jpholiday or update market_calendar.py.
2026-09-20 06:37:02,951 [WARNING] leadlag.core.market_calendar: No static holiday table for year 2014. Install jpholiday or update market_calendar.py.
2026-09-20 06:37:02,951 [WARNING] leadlag.core.market_calendar: No static holiday table for year 2014. Install jpholiday or update market_calendar.py.
2026-09-20 06:37:02,951 [WARNING] leadlag.core.market_calendar: No static holiday table for year 2014. Install jpholiday or update market_calendar.py.
2026-09-20 06:37:02,951 [WARNING] leadlag.core.market_calendar: No static holiday table for year 2014. Install jpholiday or update market_calendar.py.
2026-09-20 06:37:02,951 [WARNING] leadlag.core.market_calendar: No static holiday table for year 2014. Install jpholiday or update market_calendar.py.
2026-09-20 06:37:02,951 [WARNING] leadlag.core.market_calendar: No static holiday table for year 2014. Install jpholiday or update market_calendar.py.
2026-09-20 06:37:02,951 [WARNING] leadlag.core.market_calendar: No static holiday table for year 2014. Install jpholiday or update market_calendar.py.
2026-09-20 06:37:02,952 [WARNING] leadlag.core.market_calendar: No static holiday table for year 2014. Install jpholiday or update market_calendar.py.
2026-09-20 06:37:02,952 [WARNING] leadlag.core.market_calendar: No static holiday table for year 2014. Install jpholiday or update market_calendar.py.
2026-09-20 06:37:02,952 [WARNING] leadlag.core.market_calendar: No static holiday table for year 2014. Install jpholiday or update market_calendar.py.
2026-09-20 06:37:02,952 [WARNING] leadlag.core.market_calendar: No static holiday table for year 2014. Install jpholiday or update market_calendar.py.
2026-09-20 06:37:02,952 [WARNING] leadlag.core.market_calendar: No static holiday table for year 2014. Install jpholiday or update market_calendar.py.
2026-09-20 06:37:02,952 [WARNING] leadlag.core.market_calendar: No static holiday table for year 2014. Install jpholiday or update market_calendar.py.
2026-09-20 06:37:02,952 [WARNING] leadlag.core.market_calendar: No static holiday table for year 2014. Install jpholiday or update market_calendar.py.
2026-09-20 06:37:02,952 [WARNING] leadlag.core.market_calendar: No static holiday table for year 2014. Install jpholiday or update market_calendar.py.
2026-09-20 06:37:02,953 [WARNING] leadlag.core.market_calendar: No static holiday table for year 2014. Install jpholiday or update market_calendar.py.
2026-09-20 06:37:02,953 [WARNING] leadlag.core.market_calendar: No static holiday table for year 2014. Install jpholiday or update market_calendar.py.
2026-09-20 06:37:02,953 [WARNING] leadlag.core.market_calendar: No static holiday table for year 2014. Install jpholiday or update market_calendar.py.
2026-09-20 06:37:02,953 [WARNING] leadlag.core.market_calendar: No static holiday table for year 2014. Install jpholiday or update market_calendar.py.
2026-09-20 06:37:02,953 [WARNING] leadlag.core.market_calendar: No static holiday table for year 2014. Install jpholiday or update market_calendar.py.
2026-09-20 06:37:02,954 [WARNING] leadlag.core.market_calendar: No static holiday table for year 2014. Install jpholiday or update market_calendar.py.
2026-09-20 06:37:02,954 [WARNING] leadlag.core.market_calendar: No static holiday table for year 2014. Install jpholiday or update market_calendar.py.
2026-09-20 06:37:02,954 [WARNING] leadlag.core.market_calendar: No static holiday table for year 2014. Install jpholiday or update market_calendar.py.
2026-09-20 06:37:02,954 [WARNING] leadlag.core.market_calendar: No static holiday table for year 2014. Install jpholiday or update market_calendar.py.
2026-09-20 06:37:02,954 [WARNING] leadlag.core.market_calendar: No static holiday table for year 2014. Install jpholiday or update market_calendar.py.
2026-09-20 06:37:02,954 [WARNING] leadlag.core.market_calendar: No static holiday table for year 2014. Install jpholiday or update market_calendar.py.
2026-09-20 06:37:02,955 [WARNING] leadlag.core.market_calendar: No static holiday table for year 2014. Install jpholiday or update market_calendar.py.
2026-09-20 06:37:02,955 [WARNING] leadlag.core.market_calendar: No static holiday table for year 2014. Install jpholiday or update market_calendar.py.
2026-09-20 06:37:02,955 [WARNING] leadlag.core.market_calendar: No static holiday table for year 2014. Install jpholiday or update market_calendar.py.
2026-09-20 06:37:02,955 [WARNING] leadlag.core.market_calendar: No static holiday table for year 2014. Install jpholiday or update market_calendar.py.
2026-09-20 06:37:02,955 [WARNING] leadlag.core.market_calendar: No static holiday table for year 2014. Install jpholiday or update market_calendar.py.
2026-09-20 06:37:02,956 [WARNING] leadlag.core.market_calendar: No static holiday table for year 2014. Install jpholiday or update market_calendar.py.
2026-09-20 06:37:02,956 [WARNING] leadlag.core.market_calendar: No static holiday table for year 2014. Install jpholiday or update market_calendar.py.
2026-09-20 06:37:02,956 [WARNING] leadlag.core.market_calendar: No static holiday table for year 2014. Install jpholiday or update market_calendar.py.
2026-09-20 06:37:02,956 [WARNING] leadlag.core.market_calendar: No static holiday table for year 2014. Install jpholiday or update market_calendar.py.
2026-09-20 06:37:02,956 [WARNING] leadlag.core.market_calendar: No static holiday table for year 2014. Install jpholiday or update market_calendar.py.
2026-09-20 06:37:02,956 [WARNING] leadlag.core.market_calendar: No static holiday table for year 2014. Install jpholiday or update market_calendar.py.
2026-09-20 06:37:02,957 [WARNING] leadlag.core.market_calendar: No static holiday table for year 2014. Install jpholiday or update market_calendar.py.
2026-09-20 06:37:02,957 [WARNING] leadlag.core.market_calendar: No static holiday table for year 2014. Install jpholiday or update market_calendar.py.
2026-09-20 06:37:02,957 [WARNING] leadlag.core.market_calendar: No static holiday table for year 2014. Install jpholiday or update market_calendar.py.
2026-09-20 06:37:02,957 [WARNING] leadlag.core.market_calendar: No static holiday table for year 2014. Install jpholiday or update market_calendar.py.
2026-09-20 06:37:02,957 [WARNING] leadlag.core.market_calendar: No static holiday table for year 2014. Install jpholiday or update market_calendar.py.
2026-09-20 06:37:02,957 [WARNING] leadlag.core.market_calendar: No static holiday table for year 2014. Install jpholiday or update market_calendar.py.
2026-09-20 06:37:02,957 [WARNING] leadlag.core.market_calendar: No static holiday table for year 2014. Install jpholiday or update market_calendar.py.
2026-09-20 06:37:02,958 [WARNING] leadlag.core.market_calendar: No static holiday table for year 2014. Install jpholiday or update market_calendar.py.
2026-09-20 06:37:02,958 [WARNING] leadlag.core.market_calendar: No static holiday table for year 2014. Install jpholiday or update market_calendar.py.
2026-09-20 06:37:02,958 [WARNING] leadlag.core.market_calendar: No static holiday table for year 2014. Install jpholiday or update market_calendar.py.
2026-09-20 06:37:02,958 [WARNING] leadlag.core.market_calendar: No static holiday table for year 2014. Install jpholiday or update market_calendar.py.
2026-09-20 06:37:02,958 [WARNING] leadlag.core.market_calendar: No static holiday table for year 2014. Install jpholiday or update market_calendar.py.
2026-09-20 06:37:02,958 [WARNING] leadlag.core.market_calendar: No static holiday table for year 2014. Install jpholiday or update market_calendar.py.
2026-09-20 06:37:02,958 [WARNING] leadlag.core.market_calendar: No static holiday table for year 2014. Install jpholiday or update market_calendar.py.
2026-09-20 06:37:02,958 [WARNING] leadlag.core.market_calendar: No static holiday table for year 2014. Install jpholiday or update market_calendar.py.
2026-09-20 06:37:02,959 [WARNING] leadlag.core.market_calendar: No static holiday table for year 2014. Install jpholiday or update market_calendar.py.
2026-09-20 06:37:02,959 [WARNING] leadlag.core.market_calendar: No static holiday table for year 2014. Install jpholiday or update market_calendar.py.
2026-09-20 06:37:02,959 [WARNING] leadlag.core.market_calendar: No static holiday table for year 2014. Install jpholiday or update market_calendar.py.
2026-09-20 06:37:02,959 [WARNING] leadlag.core.market_calendar: No static holiday table for year 2014. Install jpholiday or update market_calendar.py.
2026-09-20 06:37:02,959 [WARNING] leadlag.core.market_calendar: No static holiday table for year 2014. Install jpholiday or update market_calendar.py.
2026-09-20 06:37:02,959 [WARNING] leadlag.core.market_calendar: No static holiday table for year 2014. Install jpholiday or update market_calendar.py.
2026-09-20 06:37:02,959 [WARNING] leadlag.core.market_calendar: No static holiday table for year 2014. Install jpholiday or update market_calendar.py.
2026-09-20 06:37:02,960 [WARNING] leadlag.core.market_calendar: No static holiday table for year 2014. Install jpholiday or update market_calendar.py.
2026-09-20 06:37:02,960 [WARNING] leadlag.core.market_calendar: No static holiday table for year 2014. Install jpholiday or update market_calendar.py.
2026-09-20 06:37:02,960 [WARNING] leadlag.core.market_calendar: No static holiday table for year 2014. Install jpholiday or update market_calendar.py.
2026-09-20 06:37:02,960 [WARNING] leadlag.core.market_calendar: No static holiday table for year 2014. Install jpholiday or update market_calendar.py.
2026-09-20 06:37:02,960 [WARNING] leadlag.core.market_calendar: No static holiday table for year 2014. Install jpholiday or update market_calendar.py.
2026-09-20 06:37:02,960 [WARNING] leadlag.core.market_calendar: No static holiday table for year 2014. Install jpholiday or update market_calendar.py.
2026-09-20 06:37:02,960 [WARNING] leadlag.core.market_calendar: No static holiday table for year 2014. Install jpholiday or update market_calendar.py.
2026-09-20 06:37:02,960 [WARNING] leadlag.core.market_calendar: No static holiday table for year 2014. Install jpholiday or update market_calendar.py.
2026-09-20 06:37:02,961 [WARNING] leadlag.core.market_calendar: No static holiday table for year 2014. Install jpholiday or update market_calendar.py.
2026-09-20 06:37:02,961 [WARNING] leadlag.core.market_calendar: No static holiday table for year 2014. Install jpholiday or update market_calendar.py.
2026-09-20 06:37:02,961 [WARNING] leadlag.core.market_calendar: No static holiday table for year 2014. Install jpholiday or update market_calendar.py.
2026-09-20 06:37:02,961 [WARNING] leadlag.core.market_calendar: No static holiday table for year 2014. Install jpholiday or update market_calendar.py.
2026-09-20 06:37:02,961 [WARNING] leadlag.core.market_calendar: No static holiday table for year 2014. Install jpholiday or update market_calendar.py.
2026-09-20 06:37:02,961 [WARNING] leadlag.core.market_calendar: No static holiday table for year 2014. Install jpholiday or update market_calendar.py.
2026-09-20 06:37:02,961 [WARNING] leadlag.core.market_calendar: No static holiday table for year 2014. Install jpholiday or update market_calendar.py.
2026-09-20 06:37:02,962 [WARNING] leadlag.core.market_calendar: No static holiday table for year 2014. Install jpholiday or update market_calendar.py.
2026-09-20 06:37:02,962 [WARNING] leadlag.core.market_calendar: No static holiday table for year 2014. Install jpholiday or update market_calendar.py.
2026-09-20 06:37:02,962 [WARNING] leadlag.core.market_calendar: No static holiday table for year 2014. Install jpholiday or update market_calendar.py.
2026-09-20 06:37:02,962 [WARNING] leadlag.core.market_calendar: No static holiday table for year 2014. Install jpholiday or update market_calendar.py.
2026-09-20 06:37:02,962 [WARNING] leadlag.core.market_calendar: No static holiday table for year 2014. Install jpholiday or update market_calendar.py.
2026-09-20 06:37:02,962 [WARNING] leadlag.core.market_calendar: No static holiday table for year 2014. Install jpholiday or update market_calendar.py.
2026-09-20 06:37:02,962 [WARNING] leadlag.core.market_calendar: No static holiday table for year 2014. Install jpholiday or update market_calendar.py.
2026-09-20 06:37:02,962 [WARNING] leadlag.core.market_calendar: No static holiday table for year 2014. Install jpholiday or update market_calendar.py.
2026-09-20 06:37:02,963 [WARNING] leadlag.core.market_calendar: No static holiday table for year 2014. Install jpholiday or update market_calendar.py.
2026-09-20 06:37:02,963 [WARNING] leadlag.core.market_calendar: No static holiday table for year 2014. Install jpholiday or update market_calendar.py.
2026-09-20 06:37:02,963 [WARNING] leadlag.core.market_calendar: No static holiday table for year 2014. Install jpholiday or update market_calendar.py.
2026-09-20 06:37:02,963 [WARNING] leadlag.core.market_calendar: No static holiday table for year 2014. Install jpholiday or update market_calendar.py.
2026-09-20 06:37:02,963 [WARNING] leadlag.core.market_calendar: No static holiday table for year 2014. Install jpholiday or update market_calendar.py.
2026-09-20 06:37:02,963 [WARNING] leadlag.core.market_calendar: No static holiday table for year 2014. Install jpholiday or update market_calendar.py.
2026-09-20 06:37:02,963 [WARNING] leadlag.core.market_calendar: No static holiday table for year 2014. Install jpholiday or update market_calendar.py.
2026-09-20 06:37:02,964 [WARNING] leadlag.core.market_calendar: No static holiday table for year 2014. Install jpholiday or update market_calendar.py.
2026-09-20 06:37:02,964 [WARNING] leadlag.core.market_calendar: No static holiday table for year 2014. Install jpholiday or update market_calendar.py.
2026-09-20 06:37:02,964 [WARNING] leadlag.core.market_calendar: No static holiday table for year 2014. Install jpholiday or update market_calendar.py.
2026-09-20 06:37:02,964 [WARNING] leadlag.core.market_calendar: No static holiday table for year 2014. Install jpholiday or update market_calendar.py.
2026-09-20 06:37:02,964 [WARNING] leadlag.core.market_calendar: No static holiday table for year 2014. Install jpholiday or update market_calendar.py.
2026-09-20 06:37:02,964 [WARNING] leadlag.core.market_calendar: No static holiday table for year 2014. Install jpholiday or update market_calendar.py.
2026-09-20 06:37:02,964 [WARNING] leadlag.core.market_calendar: No static holiday table for year 2014. Install jpholiday or update market_calendar.py.
2026-09-20 06:37:02,965 [WARNING] leadlag.core.market_calendar: No static holiday table for year 2014. Install jpholiday or update market_calendar.py.
2026-09-20 06:37:02,965 [WARNING] leadlag.core.market_calendar: No static holiday table for year 2014. Install jpholiday or update market_calendar.py.
2026-09-20 06:37:02,965 [WARNING] leadlag.core.market_calendar: No static holiday table for year 2014. Install jpholiday or update market_calendar.py.
2026-09-20 06:37:02,965 [WARNING] leadlag.core.market_calendar: No static holiday table for year 2014. Install jpholiday or update market_calendar.py.
2026-09-20 06:37:02,965 [WARNING] leadlag.core.market_calendar: No static holiday table for year 2014. Install jpholiday or update market_calendar.py.
2026-09-20 06:37:02,965 [WARNING] leadlag.core.market_calendar: No static holiday table for year 2014. Install jpholiday or update market_calendar.py.
2026-09-20 06:37:02,965 [WARNING] leadlag.core.market_calendar: No static holiday table for year 2014. Install jpholiday or update market_calendar.py.
2026-09-20 06:37:02,966 [WARNING] leadlag.core.market_calendar: No static holiday table for year 2014. Install jpholiday or update market_calendar.py.
2026-09-20 06:37:02,966 [WARNING] leadlag.core.market_calendar: No static holiday table for year 2014. Install jpholiday or update market_calendar.py.
2026-09-20 06:37:02,966 [WARNING] leadlag.core.market_calendar: No static holiday table for year 2014. Install jpholiday or update market_calendar.py.
2026-09-20 06:37:02,966 [WARNING] leadlag.core.market_calendar: No static holiday table for year 2014. Install jpholiday or update market_calendar.py.
2026-09-20 06:37:02,966 [WARNING] leadlag.core.market_calendar: No static holiday table for year 2014. Install jpholiday or update market_calendar.py.
2026-09-20 06:37:02,966 [WARNING] leadlag.core.market_calendar: No static holiday table for year 2014. Install jpholiday or update market_calendar.py.
2026-09-20 06:37:02,966 [WARNING] leadlag.core.market_calendar: No static holiday table for year 2014. Install jpholiday or update market_calendar.py.
2026-09-20 06:37:02,967 [WARNING] leadlag.core.market_calendar: No static holiday table for year 2014. Install jpholiday or update market_calendar.py.
2026-09-20 06:37:02,967 [WARNING] leadlag.core.market_calendar: No static holiday table for year 2014. Install jpholiday or update market_calendar.py.
2026-09-20 06:37:02,967 [WARNING] leadlag.core.market_calendar: No static holiday table for year 2014. Install jpholiday or update market_calendar.py.
2026-09-20 06:37:02,967 [WARNING] leadlag.core.market_calendar: No static holiday table for year 2014. Install jpholiday or update market_calendar.py.
2026-09-20 06:37:02,967 [WARNING] leadlag.core.market_calendar: No static holiday table for year 2014. Install jpholiday or update market_calendar.py.
2026-09-20 06:37:02,967 [WARNING] leadlag.core.market_calendar: No static holiday table for year 2014. Install jpholiday or update market_calendar.py.
2026-09-20 06:37:02,968 [WARNING] leadlag.core.market_calendar: No static holiday table for year 2014. Install jpholiday or update market_calendar.py.
2026-09-20 06:37:02,968 [WARNING] leadlag.core.market_calendar: No static holiday table for year 2014. Install jpholiday or update market_calendar.py.
2026-09-20 06:37:02,968 [WARNING] leadlag.core.market_calendar: No static holiday table for year 2014. Install jpholiday or update market_calendar.py.
2026-09-20 06:37:02,968 [WARNING] leadlag.core.market_calendar: No static holiday table for year 2014. Install jpholiday or update market_calendar.py.
2026-09-20 06:37:02,968 [WARNING] leadlag.core.market_calendar: No static holiday table for year 2014. Install jpholiday or update market_calendar.py.
2026-09-20 06:37:02,968 [WARNING] leadlag.core.market_calendar: No static holiday table for year 2014. Install jpholiday or update market_calendar.py.
2026-09-20 06:37:02,968 [WARNING] leadlag.core.market_calendar: No static holiday table for year 2014. Install jpholiday or update market_calendar.py.
2026-09-20 06:37:02,969 [WARNING] leadlag.core.market_calendar: No static holiday table for year 2014. Install jpholiday or update market_calendar.py.
2026-09-20 06:37:02,969 [WARNING] leadlag.core.market_calendar: No static holiday table for year 2014. Install jpholiday or update market_calendar.py.
2026-09-20 06:37:02,969 [WARNING] leadlag.core.market_calendar: No static holiday table for year 2014. Install jpholiday or update market_calendar.py.
2026-09-20 06:37:02,969 [WARNING] leadlag.core.market_calendar: No static holiday table for year 2014. Install jpholiday or update market_calendar.py.
2026-09-20 06:37:02,969 [WARNING] leadlag.core.market_calendar: No static holiday table for year 2014. Install jpholiday or update market_calendar.py.
2026-09-20 06:37:02,969 [WARNING] leadlag.core.market_calendar: No static holiday table for year 2014. Install jpholiday or update market_calendar.py.
2026-09-20 06:37:02,969 [WARNING] leadlag.core.market_calendar: No static holiday table for year 2014. Install jpholiday or update market_calendar.py.
2026-09-20 06:37:02,970 [WARNING] leadlag.core.market_calendar: No static holiday table for year 2014. Install jpholiday or update market_calendar.py.
2026-09-20 06:37:02,970 [WARNING] leadlag.core.market_calendar: No static holiday table for year 2014. Install jpholiday or update market_calendar.py.
2026-09-20 06:37:02,970 [WARNING] leadlag.core.market_calendar: No static holiday table for year 2014. Install jpholiday or update market_calendar.py.
2026-09-20 06:37:02,970 [WARNING] leadlag.core.market_calendar: No static holiday table for year 2014. Install jpholiday or update market_calendar.py.
2026-09-20 06:37:02,970 [WARNING] leadlag.core.market_calendar: No static holiday table for year 2014. Install jpholiday or update market_calendar.py.
2026-09-20 06:37:02,970 [WARNING] leadlag.core.market_calendar: No static holiday table for year 2014. Install jpholiday or update market_calendar.py.
2026-09-20 06:37:02,970 [WARNING] leadlag.core.market_calendar: No static holiday table for year 2014. Install jpholiday or update market_calendar.py.
2026-09-20 06:37:02,970 [WARNING] leadlag.core.market_calendar: No static holiday table for year 2014. Install jpholiday or update market_calendar.py.
2026-09-20 06:37:02,971 [WARNING] leadlag.core.market_calendar: No static holiday table for year 2014. Install jpholiday or update market_calendar.py.
2026-09-20 06:37:02,971 [WARNING] leadlag.core.market_calendar: No static holiday table for year 2014. Install jpholiday or update market_calendar.py.
2026-09-20 06:37:02,971 [WARNING] leadlag.core.market_calendar: No static holiday table for year 2014. Install jpholiday or update market_calendar.py.
2026-09-20 06:37:02,971 [WARNING] leadlag.core.market_calendar: No static holiday table for year 2014. Install jpholiday or update market_calendar.py.
2026-09-20 06:37:02,971 [WARNING] leadlag.core.market_calendar: No static holiday table for year 2014. Install jpholiday or update market_calendar.py.
2026-09-20 06:37:02,971 [WARNING] leadlag.core.market_calendar: No static holiday table for year 2014. Install jpholiday or update market_calendar.py.
2026-09-20 06:37:02,972 [WARNING] leadlag.core.market_calendar: No static holiday table for year 2014. Install jpholiday or update market_calendar.py.
2026-09-20 06:37:02,972 [WARNING] leadlag.core.market_calendar: No static holiday table for year 2014. Install jpholiday or update market_calendar.py.
2026-09-20 06:37:02,972 [WARNING] leadlag.core.market_calendar: No static holiday table for year 2014. Install jpholiday or update market_calendar.py.
2026-09-20 06:37:02,972 [WARNING] leadlag.core.market_calendar: No static holiday table for year 2014. Install jpholiday or update market_calendar.py.
2026-09-20 06:37:02,972 [WARNING] leadlag.core.market_calendar: No static holiday table for year 2014. Install jpholiday or update market_calendar.py.
2026-09-20 06:37:02,973 [WARNING] leadlag.core.market_calendar: No static holiday table for year 2014. Install jpholiday or update market_calendar.py.
2026-09-20 06:37:02,973 [WARNING] leadlag.core.market_calendar: No static holiday table for year 2014. Install jpholiday or update market_calendar.py.
2026-09-20 06:37:02,973 [WARNING] leadlag.core.market_calendar: No static holiday table for year 2014. Install jpholiday or update market_calendar.py.
2026-09-20 06:37:02,973 [WARNING] leadlag.core.market_calendar: No static holiday table for year 2014. Install jpholiday or update market_calendar.py.
2026-09-20 06:37:02,973 [WARNING] leadlag.core.market_calendar: No static holiday table for year 2014. Install jpholiday or update market_calendar.py.
2026-09-20 06:37:02,974 [WARNING] leadlag.core.market_calendar: No static holiday table for year 2014. Install jpholiday or update market_calendar.py.
2026-09-20 06:37:02,974 [WARNING] leadlag.core.market_calendar: No static holiday table for year 2014. Install jpholiday or update market_calendar.py.
2026-09-20 06:37:02,974 [WARNING] leadlag.core.market_calendar: No static holiday table for year 2014. Install jpholiday or update market_calendar.py.
2026-09-20 06:37:02,974 [WARNING] leadlag.core.market_calendar: No static holiday table for year 2014. Install jpholiday or update market_calendar.py.
2026-09-20 06:37:02,975 [WARNING] leadlag.core.market_calendar: No static holiday table for year 2014. Install jpholiday or update market_calendar.py.
2026-09-20 06:37:02,975 [WARNING] leadlag.core.market_calendar: No static holiday table for year 2014. Install jpholiday or update market_calendar.py.
2026-09-20 06:37:02,975 [WARNING] leadlag.core.market_calendar: No static holiday table for year 2014. Install jpholiday or update market_calendar.py.
2026-09-20 06:37:02,975 [WARNING] leadlag.core.market_calendar: No static holiday table for year 2014. Install jpholiday or update market_calendar.py.
2026-09-20 06:37:02,975 [WARNING] leadlag.core.market_calendar: No static holiday table for year 2014. Install jpholiday or update market_calendar.py.
2026-09-20 06:37:02,975 [WARNING] leadlag.core.market_calendar: No static holiday table for year 2014. Install jpholiday or update market_calendar.py.
2026-09-20 06:37:02,976 [WARNING] leadlag.core.market_calendar: No static holiday table for year 2014. Install jpholiday or update market_calendar.py.
2026-09-20 06:37:02,976 [WARNING] leadlag.core.market_calendar: No static holiday table for year 2014. Install jpholiday or update market_calendar.py.
2026-09-20 06:37:02,976 [WARNING] leadlag.core.market_calendar: No static holiday table for year 2014. Install jpholiday or update market_calendar.py.
2026-09-20 06:37:02,976 [WARNING] leadlag.core.market_calendar: No static holiday table for year 2014. Install jpholiday or update market_calendar.py.
2026-09-20 06:37:02,976 [WARNING] leadlag.core.market_calendar: No static holiday table for year 2014. Install jpholiday or update market_calendar.py.
2026-09-20 06:37:02,976 [WARNING] leadlag.core.market_calendar: No static holiday table for year 2014. Install jpholiday or update market_calendar.py.
2026-09-20 06:37:02,977 [WARNING] leadlag.core.market_calendar: No static holiday table for year 2014. Install jpholiday or update market_calendar.py.
2026-09-20 06:37:02,977 [WARNING] leadlag.core.market_calendar: No static holiday table for year 2014. Install jpholiday or update market_calendar.py.
2026-09-20 06:37:02,977 [WARNING] leadlag.core.market_calendar: No static holiday table for year 2014. Install jpholiday or update market_calendar.py.
2026-09-20 06:37:02,977 [WARNING] leadlag.core.market_calendar: No static holiday table for year 2014. Install jpholiday or update market_calendar.py.
2026-09-20 06:37:02,977 [WARNING] leadlag.core.market_calendar: No static holiday table for year 2014. Install jpholiday or update market_calendar.py.
2026-09-20 06:37:02,977 [WARNING] leadlag.core.market_calendar: No static holiday table for year 2014. Install jpholiday or update market_calendar.py.
2026-09-20 06:37:02,977 [WARNING] leadlag.core.market_calendar: No static holiday table for year 2014. Install jpholiday or update market_calendar.py.
2026-09-20 06:37:02,978 [WARNING] leadlag.core.market_calendar: No static holiday table for year 2014. Install jpholiday or update market_calendar.py.
2026-09-20 06:37:02,978 [WARNING] leadlag.core.market_calendar: No static holiday table for year 2014. Install jpholiday or update market_calendar.py.
2026-09-20 06:37:02,978 [WARNING] leadlag.core.market_calendar: No static holiday table for year 2014. Install jpholiday or update market_calendar.py.
2026-09-20 06:37:02,978 [WARNING] leadlag.core.market_calendar: No static holiday table for year 2014. Install jpholiday or update market_calendar.py.
2026-09-20 06:37:02,978 [WARNING] leadlag.core.market_calendar: No static holiday table for year 2014. Install jpholiday or update market_calendar.py.
2026-09-20 06:37:02,978 [WARNING] leadlag.core.market_calendar: No static holiday table for year 2014. Install jpholiday or update market_calendar.py.
2026-09-20 06:37:02,979 [WARNING] leadlag.core.market_calendar: No static holiday table for year 2014. Install jpholiday or update market_calendar.py.
2026-09-20 06:37:02,979 [WARNING] leadlag.core.market_calendar: No static holiday table for year 2014. Install jpholiday or update market_calendar.py.
2026-09-20 06:37:02,979 [WARNING] leadlag.core.market_calendar: No static holiday table for year 2014. Install jpholiday or update market_calendar.py.
2026-09-20 06:37:02,979 [WARNING] leadlag.core.market_calendar: No static holiday table for year 2014. Install jpholiday or update market_calendar.py.
2026-09-20 06:37:02,979 [WARNING] leadlag.core.market_calendar: No static holiday table for year 2014. Install jpholiday or update market_calendar.py.
2026-09-20 06:37:02,979 [WARNING] leadlag.core.market_calendar: No static holiday table for year 2014. Install jpholiday or update market_calendar.py.
2026-09-20 06:37:02,979 [WARNING] leadlag.core.market_calendar: No static holiday table for year 2014. Install jpholiday or update market_calendar.py.
2026-09-20 06:37:02,979 [WARNING] leadlag.core.market_calendar: No static holiday table for year 2014. Install jpholiday or update market_calendar.py.
2026-09-20 06:37:02,980 [WARNING] leadlag.core.market_calendar: No static holiday table for year 2014. Install jpholiday or update market_calendar.py.
2026-09-20 06:37:02,980 [WARNING] leadlag.core.market_calendar: No static holiday table for year 2014. Install jpholiday or update market_calendar.py.
2026-09-20 06:37:02,980 [WARNING] leadlag.core.market_calendar: No static holiday table for year 2014. Install jpholiday or update market_calendar.py.
2026-09-20 06:37:02,980 [WARNING] leadlag.core.market_calendar: No static holiday table for year 2014. Install jpholiday or update market_calendar.py.
2026-09-20 06:37:02,980 [WARNING] leadlag.core.market_calendar: No static holiday table for year 2014. Install jpholiday or update market_calendar.py.
2026-09-20 06:37:02,980 [WARNING] leadlag.core.market_calendar: No static holiday table for year 2014. Install jpholiday or update market_calendar.py.
2026-09-20 06:37:02,980 [WARNING] leadlag.core.market_calendar: No static holiday table for year 2014. Install jpholiday or update market_calendar.py.
2026-09-20 06:37:02,981 [WARNING] leadlag.core.market_calendar: No static holiday table for year 2014. Install jpholiday or update market_calendar.py.
2026-09-20 06:37:02,981 [WARNING] leadlag.core.market_calendar: No static holiday table for year 2014. Install jpholiday or update market_calendar.py.
2026-09-20 06:37:02,981 [WARNING] leadlag.core.market_calendar: No static holiday table for year 2014. Install jpholiday or update market_calendar.py.
2026-09-20 06:37:02,981 [WARNING] leadlag.core.market_calendar: No static holiday table for year 2014. Install jpholiday or update market_calendar.py.
2026-09-20 06:37:02,981 [WARNING] leadlag.core.market_calendar: No static holiday table for year 2014. Install jpholiday or update market_calendar.py.
2026-09-20 06:37:02,981 [WARNING] leadlag.core.market_calendar: No static holiday table for year 2014. Install jpholiday or update market_calendar.py.
2026-09-20 06:37:02,981 [WARNING] leadlag.core.market_calendar: No static holiday table for year 2014. Install jpholiday or update market_calendar.py.
2026-09-20 06:37:02,981 [WARNING] leadlag.core.market_calendar: No static holiday table for year 2014. Install jpholiday or update market_calendar.py.
2026-09-20 06:37:02,982 [WARNING] leadlag.core.market_calendar: No static holiday table for year 2014. Install jpholiday or update market_calendar.py.
2026-09-20 06:37:02,982 [WARNING] leadlag.core.market_calendar: No static holiday table for year 2014. Install jpholiday or update market_calendar.py.
2026-09-20 06:37:02,982 [WARNING] leadlag.core.market_calendar: No static holiday table for year 2014. Install jpholiday or update market_calendar.py.
2026-09-20 06:37:02,982 [WARNING] leadlag.core.market_calendar: No static holiday table for year 2014. Install jpholiday or update market_calendar.py.
2026-09-20 06:37:02,982 [WARNING] leadlag.core.market_calendar: No static holiday table for year 2014. Install jpholiday or update market_calendar.py.
2026-09-20 06:37:02,982 [WARNING] leadlag.core.market_calendar: No static holiday table for year 2014. Install jpholiday or update market_calendar.py.
2026-09-20 06:37:02,982 [WARNING] leadlag.core.market_calendar: No static holiday table for year 2014. Install jpholiday or update market_calendar.py.
2026-09-20 06:37:02,983 [WARNING] leadlag.core.market_calendar: No static holiday table for year 2014. Install jpholiday or update market_calendar.py.
2026-09-20 06:37:02,983 [WARNING] leadlag.core.market_calendar: No static holiday table for year 2014. Install jpholiday or update market_calendar.py.
2026-09-20 06:37:02,983 [WARNING] leadlag.core.market_calendar: No static holiday table for year 2014. Install jpholiday or update market_calendar.py.
2026-09-20 06:37:02,983 [WARNING] leadlag.core.market_calendar: No static holiday table for year 2014. Install jpholiday or update market_calendar.py.
2026-09-20 06:37:02,983 [WARNING] leadlag.core.market_calendar: No static holiday table for year 2014. Install jpholiday or update market_calendar.py.
2026-09-20 06:37:02,983 [WARNING] leadlag.core.market_calendar: No static holiday table for year 2014. Install jpholiday or update market_calendar.py.
2026-09-20 06:37:02,983 [WARNING] leadlag.core.market_calendar: No static holiday table for year 2014. Install jpholiday or update market_calendar.py.
2026-09-20 06:37:02,983 [WARNING] leadlag.core.market_calendar: No static holiday table for year 2014. Install jpholiday or update market_calendar.py.
2026-09-20 06:37:02,984 [WARNING] leadlag.core.market_calendar: No static holiday table for year 2014. Install jpholiday or update market_calendar.py.
2026-09-20 06:37:02,984 [WARNING] leadlag.core.market_calendar: No static holiday table for year 2014. Install jpholiday or update market_calendar.py.
2026-09-20 06:37:02,984 [WARNING] leadlag.core.market_calendar: No static holiday table for year 2015. Install jpholiday or update market_calendar.py.
2026-09-20 06:37:02,984 [WARNING] leadlag.core.market_calendar: No static holiday table for year 2015. Install jpholiday or update market_calendar.py.
2026-09-20 06:37:02,984 [WARNING] leadlag.core.market_calendar: No static holiday table for year 2015. Install jpholiday or update market_calendar.py.
2026-09-20 06:37:02,984 [WARNING] leadlag.core.market_calendar: No static holiday table for year 2015. Install jpholiday or update market_calendar.py.
2026-09-20 06:37:02,985 [WARNING] leadlag.core.market_calendar: No static holiday table for year 2015. Install jpholiday or update market_calendar.py.
2026-09-20 06:37:02,985 [WARNING] leadlag.core.market_calendar: No static holiday table for year 2015. Install jpholiday or update market_calendar.py.
2026-09-20 06:37:02,985 [WARNING] leadlag.core.market_calendar: No static holiday table for year 2015. Install jpholiday or update market_calendar.py.
2026-09-20 06:37:02,985 [WARNING] leadlag.core.market_calendar: No static holiday table for year 2015. Install jpholiday or update market_calendar.py.
2026-09-20 06:37:02,985 [WARNING] leadlag.core.market_calendar: No static holiday table for year 2015. Install jpholiday or update market_calendar.py.
2026-09-20 06:37:02,985 [WARNING] leadlag.core.market_calendar: No static holiday table for year 2015. Install jpholiday or update market_calendar.py.
2026-09-20 06:37:02,985 [WARNING] leadlag.core.market_calendar: No static holiday table for year 2015. Install jpholiday or update market_calendar.py.
2026-09-20 06:37:02,986 [WARNING] leadlag.core.market_calendar: No static holiday table for year 2015. Install jpholiday or update market_calendar.py.
2026-09-20 06:37:02,986 [WARNING] leadlag.core.market_calendar: No static holiday table for year 2015. Install jpholiday or update market_calendar.py.
2026-09-20 06:37:02,986 [WARNING] leadlag.core.market_calendar: No static holiday table for year 2015. Install jpholiday or update market_calendar.py.
2026-09-20 06:37:02,986 [WARNING] leadlag.core.market_calendar: No static holiday table for year 2015. Install jpholiday or update market_calendar.py.
2026-09-20 06:37:02,986 [WARNING] leadlag.core.market_calendar: No static holiday table for year 2015. Install jpholiday or update market_calendar.py.
2026-09-20 06:37:02,986 [WARNING] leadlag.core.market_calendar: No static holiday table for year 2015. Install jpholiday or update market_calendar.py.
2026-09-20 06:37:02,987 [WARNING] leadlag.core.market_calendar: No static holiday table for year 2015. Install jpholiday or update market_calendar.py.
2026-09-20 06:37:02,987 [WARNING] leadlag.core.market_calendar: No static holiday table for year 2015. Install jpholiday or update market_calendar.py.
2026-09-20 06:37:02,987 [WARNING] leadlag.core.market_calendar: No static holiday table for year 2015. Install jpholiday or update market_calendar.py.
2026-09-20 06:37:02,987 [WARNING] leadlag.core.market_calendar: No static holiday table for year 2015. Install jpholiday or update market_calendar.py.
2026-09-20 06:37:02,987 [WARNING] leadlag.core.market_calendar: No static holiday table for year 2015. Install jpholiday or update market_calendar.py.
2026-09-20 06:37:02,987 [WARNING] leadlag.core.market_calendar: No static holiday table for year 2015. Install jpholiday or update market_calendar.py.
2026-09-20 06:37:02,987 [WARNING] leadlag.core.market_calendar: No static holiday table for year 2015. Install jpholiday or update market_calendar.py.
2026-09-20 06:37:02,988 [WARNING] leadlag.core.market_calendar: No static holiday table for year 2015. Install jpholiday or update market_calendar.py.
2026-09-20 06:37:02,988 [WARNING] leadlag.core.market_calendar: No static holiday table for year 2015. Install jpholiday or update market_calendar.py.
2026-09-20 06:37:02,988 [WARNING] leadlag.core.market_calendar: No static holiday table for year 2015. Install jpholiday or update market_calendar.py.
2026-09-20 06:37:02,988 [WARNING] leadlag.core.market_calendar: No static holiday table for year 2015. Install jpholiday or update market_calendar.py.
2026-09-20 06:37:02,988 [WARNING] leadlag.core.market_calendar: No static holiday table for year 2015. Install jpholiday or update market_calendar.py.
2026-09-20 06:37:02,988 [WARNING] leadlag.core.market_calendar: No static holiday table for year 2015. Install jpholiday or update market_calendar.py.
2026-09-20 06:37:02,988 [WARNING] leadlag.core.market_calendar: No static holiday table for year 2015. Install jpholiday or update market_calendar.py.
2026-09-20 06:37:02,988 [WARNING] leadlag.core.market_calendar: No static holiday table for year 2015. Install jpholiday or update market_calendar.py.
2026-09-20 06:37:02,989 [WARNING] leadlag.core.market_calendar: No static holiday table for year 2015. Install jpholiday or update market_calendar.py.
2026-09-20 06:37:02,989 [WARNING] leadlag.core.market_calendar: No static holiday table for year 2015. Install jpholiday or update market_calendar.py.
2026-09-20 06:37:02,989 [WARNING] leadlag.core.market_calendar: No static holiday table for year 2015. Install jpholiday or update market_calendar.py.
2026-09-20 06:37:02,989 [WARNING] leadlag.core.market_calendar: No static holiday table for year 2015. Install jpholiday or update market_calendar.py.
2026-09-20 06:37:02,989 [WARNING] leadlag.core.market_calendar: No static holiday table for year 2015. Install jpholiday or update market_calendar.py.
2026-09-20 06:37:02,989 [WARNING] leadlag.core.market_calendar: No static holiday table for year 2015. Install jpholiday or update market_calendar.py.
2026-09-20 06:37:02,989 [WARNING] leadlag.core.market_calendar: No static holiday table for year 2015. Install jpholiday or update market_calendar.py.
2026-09-20 06:37:02,990 [WARNING] leadlag.core.market_calendar: No static holiday table for year 2015. Install jpholiday or update market_calendar.py.
2026-09-20 06:37:02,990 [WARNING] leadlag.core.market_calendar: No static holiday table for year 2015. Install jpholiday or update market_calendar.py.
2026-09-20 06:37:02,990 [WARNING] leadlag.core.market_calendar: No static holiday table for year 2015. Install jpholiday or update market_calendar.py.
2026-09-20 06:37:02,990 [WARNING] leadlag.core.market_calendar: No static holiday table for year 2015. Install jpholiday or update market_calendar.py.
2026-09-20 06:37:02,990 [WARNING] leadlag.core.market_calendar: No static holiday table for year 2015. Install jpholiday or update market_calendar.py.
2026-09-20 06:37:02,991 [WARNING] leadlag.core.market_calendar: No static holiday table for year 2015. Install jpholiday or update market_calendar.py.
2026-09-20 06:37:02,991 [WARNING] leadlag.core.market_calendar: No static holiday table for year 2015. Install jpholiday or update market_calendar.py.
2026-09-20 06:37:02,991 [WARNING] leadlag.core.market_calendar: No static holiday table for year 2015. Install jpholiday or update market_calendar.py.
2026-09-20 06:37:02,991 [WARNING] leadlag.core.market_calendar: No static holiday table for year 2015. Install jpholiday or update market_calendar.py.
2026-09-20 06:37:02,991 [WARNING] leadlag.core.market_calendar: No static holiday table for year 2015. Install jpholiday or update market_calendar.py.
2026-09-20 06:37:02,991 [WARNING] leadlag.core.market_calendar: No static holiday table for year 2015. Install jpholiday or update market_calendar.py.
2026-09-20 06:37:02,992 [WARNING] leadlag.core.market_calendar: No static holiday table for year 2015. Install jpholiday or update market_calendar.py.
2026-09-20 06:37:02,992 [WARNING] leadlag.core.market_calendar: No static holiday table for year 2015. Install jpholiday or update market_calendar.py.
2026-09-20 06:37:02,992 [WARNING] leadlag.core.market_calendar: No static holiday table for year 2015. Install jpholiday or update market_calendar.py.
2026-09-20 06:37:02,992 [WARNING] leadlag.core.market_calendar: No static holiday table for year 2015. Install jpholiday or update market_calendar.py.
2026-09-20 06:37:02,992 [WARNING] leadlag.core.market_calendar: No static holiday table for year 2015. Install jpholiday or update market_calendar.py.
2026-09-20 06:37:02,993 [WARNING] leadlag.core.market_calendar: No static holiday table for year 2015. Install jpholiday or update market_calendar.py.
2026-09-20 06:37:02,993 [WARNING] leadlag.core.market_calendar: No static holiday table for year 2015. Install jpholiday or update market_calendar.py.
2026-09-20 06:37:02,993 [WARNING] leadlag.core.market_calendar: No static holiday table for year 2015. Install jpholiday or update market_calendar.py.
2026-09-20 06:37:02,993 [WARNING] leadlag.core.market_calendar: No static holiday table for year 2015. Install jpholiday or update market_calendar.py.
2026-09-20 06:37:02,993 [WARNING] leadlag.core.market_calendar: No static holiday table for year 2015. Install jpholiday or update market_calendar.py.
2026-09-20 06:37:02,993 [WARNING] leadlag.core.market_calendar: No static holiday table for year 2015. Install jpholiday or update market_calendar.py.
2026-09-20 06:37:02,994 [WARNING] leadlag.core.market_calendar: No static holiday table for year 2015. Install jpholiday or update market_calendar.py.
2026-09-20 06:37:02,994 [WARNING] leadlag.core.market_calendar: No static holiday table for year 2015. Install jpholiday or update market_calendar.py.
2026-09-20 06:37:02,994 [WARNING] leadlag.core.market_calendar: No static holiday table for year 2015. Install jpholiday or update market_calendar.py.
2026-09-20 06:37:02,994 [WARNING] leadlag.core.market_calendar: No static holiday table for year 2015. Install jpholiday or update market_calendar.py.
2026-09-20 06:37:02,994 [WARNING] leadlag.core.market_calendar: No static holiday table for year 2015. Install jpholiday or update market_calendar.py.
2026-09-20 06:37:02,994 [WARNING] leadlag.core.market_calendar: No static holiday table for year 2015. Install jpholiday or update market_calendar.py.
2026-09-20 06:37:02,994 [WARNING] leadlag.core.market_calendar: No static holiday table for year 2015. Install jpholiday or update market_calendar.py.
2026-09-20 06:37:02,994 [WARNING] leadlag.core.market_calendar: No static holiday table for year 2015. Install jpholiday or update market_calendar.py.
2026-09-20 06:37:02,995 [WARNING] leadlag.core.market_calendar: No static holiday table for year 2015. Install jpholiday or update market_calendar.py.
2026-09-20 06:37:02,995 [WARNING] leadlag.core.market_calendar: No static holiday table for year 2015. Install jpholiday or update market_calendar.py.
2026-09-20 06:37:02,995 [WARNING] leadlag.core.market_calendar: No static holiday table for year 2015. Install jpholiday or update market_calendar.py.
2026-09-20 06:37:02,995 [WARNING] leadlag.core.market_calendar: No static holiday table for year 2015. Install jpholiday or update market_calendar.py.
2026-09-20 06:37:02,995 [WARNING] leadlag.core.market_calendar: No static holiday table for year 2015. Install jpholiday or update market_calendar.py.
2026-09-20 06:37:02,995 [WARNING] leadlag.core.market_calendar: No static holiday table for year 2015. Install jpholiday or update market_calendar.py.
2026-09-20 06:37:02,995 [WARNING] leadlag.core.market_calendar: No static holiday table for year 2015. Install jpholiday or update market_calendar.py.
2026-09-20 06:37:02,996 [WARNING] leadlag.core.market_calendar: No static holiday table for year 2015. Install jpholiday or update market_calendar.py.
2026-09-20 06:37:02,996 [WARNING] leadlag.core.market_calendar: No static holiday table for year 2015. Install jpholiday or update market_calendar.py.
2026-09-20 06:37:02,996 [WARNING] leadlag.core.market_calendar: No static holiday table for year 2015. Install jpholiday or update market_calendar.py.
2026-09-20 06:37:02,996 [WARNING] leadlag.core.market_calendar: No static holiday table for year 2015. Install jpholiday or update market_calendar.py.
2026-09-20 06:37:02,996 [WARNING] leadlag.core.market_calendar: No static holiday table for year 2015. Install jpholiday or update market_calendar.py.
2026-09-20 06:37:02,996 [WARNING] leadlag.core.market_calendar: No static holiday table for year 2015. Install jpholiday or update market_calendar.py.
2026-09-20 06:37:02,996 [WARNING] leadlag.core.market_calendar: No static holiday table for year 2015. Install jpholiday or update market_calendar.py.
2026-09-20 06:37:02,996 [WARNING] leadlag.core.market_calendar: No static holiday table for year 2015. Install jpholiday or update market_calendar.py.
2026-09-20 06:37:02,997 [WARNING] leadlag.core.market_calendar: No static holiday table for year 2015. Install jpholiday or update market_calendar.py.
2026-09-20 06:37:02,997 [WARNING] leadlag.core.market_calendar: No static holiday table for year 2015. Install jpholiday or update market_calendar.py.
2026-09-20 06:37:02,997 [WARNING] leadlag.core.market_calendar: No static holiday table for year 2015. Install jpholiday or update market_calendar.py.
2026-09-20 06:37:02,997 [WARNING] leadlag.core.market_calendar: No static holiday table for year 2015. Install jpholiday or update market_calendar.py.
2026-09-20 06:37:02,997 [WARNING] leadlag.core.market_calendar: No static holiday table for year 2015. Install jpholiday or update market_calendar.py.
2026-09-20 06:37:02,997 [WARNING] leadlag.core.market_calendar: No static holiday table for year 2015. Install jpholiday or update market_calendar.py.
2026-09-20 06:37:02,997 [WARNING] leadlag.core.market_calendar: No static holiday table for year 2015. Install jpholiday or update market_calendar.py.
2026-09-20 06:37:02,998 [WARNING] leadlag.core.market_calendar: No static holiday table for year 2015. Install jpholiday or update market_calendar.py.
2026-09-20 06:37:02,998 [WARNING] leadlag.core.market_calendar: No static holiday table for year 2015. Install jpholiday or update market_calendar.py.
2026-09-20 06:37:02,998 [WARNING] leadlag.core.market_calendar: No static holiday table for year 2015. Install jpholiday or update market_calendar.py.
2026-09-20 06:37:02,998 [WARNING] leadlag.core.market_calendar: No static holiday table for year 2015. Install jpholiday or update market_calendar.py.
2026-09-20 06:37:02,998 [WARNING] leadlag.core.market_calendar: No static holiday table for year 2015. Install jpholiday or update market_calendar.py.
2026-09-20 06:37:02,998 [WARNING] leadlag.core.market_calendar: No static holiday table for year 2015. Install jpholiday or update market_calendar.py.
2026-09-20 06:37:02,998 [WARNING] leadlag.core.market_calendar: No static holiday table for year 2015. Install jpholiday or update market_calendar.py.
2026-09-20 06:37:02,999 [WARNING] leadlag.core.market_calendar: No static holiday table for year 2015. Install jpholiday or update market_calendar.py.
2026-09-20 06:37:02,999 [WARNING] leadlag.core.market_calendar: No static holiday table for year 2015. Install jpholiday or update market_calendar.py.
2026-09-20 06:37:02,999 [WARNING] leadlag.core.market_calendar: No static holiday table for year 2015. Install jpholiday or update market_calendar.py.
2026-09-20 06:37:02,999 [WARNING] leadlag.core.market_calendar: No static holiday table for year 2015. Install jpholiday or update market_calendar.py.
2026-09-20 06:37:02,999 [WARNING] leadlag.core.market_calendar: No static holiday table for year 2015. Install jpholiday or update market_calendar.py.
2026-09-20 06:37:02,999 [WARNING] leadlag.core.market_calendar: No static holiday table for year 2015. Install jpholiday or update market_calendar.py.
2026-09-20 06:37:02,999 [WARNING] leadlag.core.market_calendar: No static holiday table for year 2015. Install jpholiday or update market_calendar.py.
2026-09-20 06:37:02,999 [WARNING] leadlag.core.market_calendar: No static holiday table for year 2015. Install jpholiday or update market_calendar.py.
2026-09-20 06:37:03,000 [WARNING] leadlag.core.market_calendar: No static holiday table for year 2015. Install jpholiday or update market_calendar.py.
2026-09-20 06:37:03,000 [WARNING] leadlag.core.market_calendar: No static holiday table for year 2015. Install jpholiday or update market_calendar.py.
2026-09-20 06:37:03,000 [WARNING] leadlag.core.market_calendar: No static holiday table for year 2015. Install jpholiday or update market_calendar.py.
2026-09-20 06:37:03,000 [WARNING] leadlag.core.market_calendar: No static holiday table for year 2015. Install jpholiday or update market_calendar.py.
2026-09-20 06:37:03,000 [WARNING] leadlag.core.market_calendar: No static holiday table for year 2015. Install jpholiday or update market_calendar.py.
2026-09-20 06:37:03,000 [WARNING] leadlag.core.market_calendar: No static holiday table for year 2015. Install jpholiday or update market_calendar.py.
2026-09-20 06:37:03,000 [WARNING] leadlag.core.market_calendar: No static holiday table for year 2015. Install jpholiday or update market_calendar.py.
2026-09-20 06:37:03,001 [WARNING] leadlag.core.market_calendar: No static holiday table for year 2015. Install jpholiday or update market_calendar.py.
2026-09-20 06:37:03,001 [WARNING] leadlag.core.market_calendar: No static holiday table for year 2015. Install jpholiday or update market_calendar.py.
2026-09-20 06:37:03,001 [WARNING] leadlag.core.market_calendar: No static holiday table for year 2015. Install jpholiday or update market_calendar.py.
2026-09-20 06:37:03,001 [WARNING] leadlag.core.market_calendar: No static holiday table for year 2015. Install jpholiday or update market_calendar.py.
2026-09-20 06:37:03,001 [WARNING] leadlag.core.market_calendar: No static holiday table for year 2015. Install jpholiday or update market_calendar.py.
2026-09-20 06:37:03,001 [WARNING] leadlag.core.market_calendar: No static holiday table for year 2015. Install jpholiday or update market_calendar.py.
2026-09-20 06:37:03,001 [WARNING] leadlag.core.market_calendar: No static holiday table for year 2015. Install jpholiday or update market_calendar.py.
2026-09-20 06:37:03,001 [WARNING] leadlag.core.market_calendar: No static holiday table for year 2015. Install jpholiday or update market_calendar.py.
2026-09-20 06:37:03,002 [WARNING] leadlag.core.market_calendar: No static holiday table for year 2015. Install jpholiday or update market_calendar.py.
2026-09-20 06:37:03,002 [WARNING] leadlag.core.market_calendar: No static holiday table for year 2015. Install jpholiday or update market_calendar.py.
2026-09-20 06:37:03,002 [WARNING] leadlag.core.market_calendar: No static holiday table for year 2015. Install jpholiday or update market_calendar.py.
2026-09-20 06:37:03,002 [WARNING] leadlag.core.market_calendar: No static holiday table for year 2015. Install jpholiday or update market_calendar.py.
2026-09-20 06:37:03,002 [WARNING] leadlag.core.market_calendar: No static holiday table for year 2015. Install jpholiday or update market_calendar.py.
2026-09-20 06:37:03,002 [WARNING] leadlag.core.market_calendar: No static holiday table for year 2015. Install jpholiday or update market_calendar.py.
2026-09-20 06:37:03,003 [WARNING] leadlag.core.market_calendar: No static holiday table for year 2015. Install jpholiday or update market_calendar.py.
2026-09-20 06:37:03,003 [WARNING] leadlag.core.market_calendar: No static holiday table for year 2015. Install jpholiday or update market_calendar.py.
2026-09-20 06:37:03,003 [WARNING] leadlag.core.market_calendar: No static holiday table for year 2015. Install jpholiday or update market_calendar.py.
2026-09-20 06:37:03,003 [WARNING] leadlag.core.market_calendar: No static holiday table for year 2015. Install jpholiday or update market_calendar.py.
2026-09-20 06:37:03,003 [WARNING] leadlag.core.market_calendar: No static holiday table for year 2015. Install jpholiday or update market_calendar.py.
2026-09-20 06:37:03,003 [WARNING] leadlag.core.market_calendar: No static holiday table for year 2015. Install jpholiday or update market_calendar.py.
2026-09-20 06:37:03,003 [WARNING] leadlag.core.market_calendar: No static holiday table for year 2015. Install jpholiday or update market_calendar.py.
2026-09-20 06:37:03,004 [WARNING] leadlag.core.market_calendar: No static holiday table for year 2015. Install jpholiday or update market_calendar.py.
2026-09-20 06:37:03,004 [WARNING] leadlag.core.market_calendar: No static holiday table for year 2015. Install jpholiday or update market_calendar.py.
2026-09-20 06:37:03,004 [WARNING] leadlag.core.market_calendar: No static holiday table for year 2015. Install jpholiday or update market_calendar.py.
2026-09-20 06:37:03,004 [WARNING] leadlag.core.market_calendar: No static holiday table for year 2015. Install jpholiday or update market_calendar.py.
2026-09-20 06:37:03,004 [WARNING] leadlag.core.market_calendar: No static holiday table for year 2015. Install jpholiday or update market_calendar.py.
2026-09-20 06:37:03,004 [WARNING] leadlag.core.market_calendar: No static holiday table for year 2015. Install jpholiday or update market_calendar.py.
2026-09-20 06:37:03,005 [WARNING] leadlag.core.market_calendar: No static holiday table for year 2015. Install jpholiday or update market_calendar.py.
2026-09-20 06:37:03,005 [WARNING] leadlag.core.market_calendar: No static holiday table for year 2015. Install jpholiday or update market_calendar.py.
2026-09-20 06:37:03,005 [WARNING] leadlag.core.market_calendar: No static holiday table for year 2015. Install jpholiday or update market_calendar.py.
2026-09-20 06:37:03,005 [WARNING] leadlag.core.market_calendar: No static holiday table for year 2015. Install jpholiday or update market_calendar.py.
2026-09-20 06:37:03,005 [WARNING] leadlag.core.market_calendar: No static holiday table for year 2015. Install jpholiday or update market_calendar.py.
2026-09-20 06:37:03,005 [WARNING] leadlag.core.market_calendar: No static holiday table for year 2015. Install jpholiday or update market_calendar.py.
2026-09-20 06:37:03,005 [WARNING] leadlag.core.market_calendar: No static holiday table for year 2015. Install jpholiday or update market_calendar.py.
2026-09-20 06:37:03,006 [WARNING] leadlag.core.market_calendar: No static holiday table for year 2015. Install jpholiday or update market_calendar.py.
2026-09-20 06:37:03,006 [WARNING] leadlag.core.market_calendar: No static holiday table for year 2015. Install jpholiday or update market_calendar.py.
2026-09-20 06:37:03,006 [WARNING] leadlag.core.market_calendar: No static holiday table for year 2015. Install jpholiday or update market_calendar.py.
2026-09-20 06:37:03,006 [WARNING] leadlag.core.market_calendar: No static holiday table for year 2015. Install jpholiday or update market_calendar.py.
2026-09-20 06:37:03,006 [WARNING] leadlag.core.market_calendar: No static holiday table for year 2015. Install jpholiday or update market_calendar.py.
2026-09-20 06:37:03,006 [WARNING] leadlag.core.market_calendar: No static holiday table for year 2015. Install jpholiday or update market_calendar.py.
2026-09-20 06:37:03,006 [WARNING] leadlag.core.market_calendar: No static holiday table for year 2015. Install jpholiday or update market_calendar.py.
2026-09-20 06:37:03,006 [WARNING] leadlag.core.market_calendar: No static holiday table for year 2015. Install jpholiday or update market_calendar.py.
2026-09-20 06:37:03,007 [WARNING] leadlag.core.market_calendar: No static holiday table for year 2015. Install jpholiday or update market_calendar.py.
2026-09-20 06:37:03,007 [WARNING] leadlag.core.market_calendar: No static holiday table for year 2015. Install jpholiday or update market_calendar.py.
2026-09-20 06:37:03,007 [WARNING] leadlag.core.market_calendar: No static holiday table for year 2015. Install jpholiday or update market_calendar.py.
2026-09-20 06:37:03,007 [WARNING] leadlag.core.market_calendar: No static holiday table for year 2015. Install jpholiday or update market_calendar.py.
2026-09-20 06:37:03,007 [WARNING] leadlag.core.market_calendar: No static holiday table for year 2015. Install jpholiday or update market_calendar.py.
2026-09-20 06:37:03,007 [WARNING] leadlag.core.market_calendar: No static holiday table for year 2015. Install jpholiday or update market_calendar.py.
2026-09-20 06:37:03,007 [WARNING] leadlag.core.market_calendar: No static holiday table for year 2015. Install jpholiday or update market_calendar.py.
2026-09-20 06:37:03,008 [WARNING] leadlag.core.market_calendar: No static holiday table for year 2015. Install jpholiday or update market_calendar.py.
2026-09-20 06:37:03,008 [WARNING] leadlag.core.market_calendar: No static holiday table for year 2015. Install jpholiday or update market_calendar.py.
2026-09-20 06:37:03,008 [WARNING] leadlag.core.market_calendar: No static holiday table for year 2015. Install jpholiday or update market_calendar.py.
2026-09-20 06:37:03,008 [WARNING] leadlag.core.market_calendar: No static holiday table for year 2015. Install jpholiday or update market_calendar.py.
2026-09-20 06:37:03,008 [WARNING] leadlag.core.market_calendar: No static holiday table for year 2015. Install jpholiday or update market_calendar.py.
2026-09-20 06:37:03,008 [WARNING] leadlag.core.market_calendar: No static holiday table for year 2015. Install jpholiday or update market_calendar.py.
2026-09-20 06:37:03,009 [WARNING] leadlag.core.market_calendar: No static holiday table for year 2015. Install jpholiday or update market_calendar.py.
2026-09-20 06:37:03,009 [WARNING] leadlag.core.market_calendar: No static holiday table for year 2015. Install jpholiday or update market_calendar.py.
2026-09-20 06:37:03,009 [WARNING] leadlag.core.market_calendar: No static holiday table for year 2015. Install jpholiday or update market_calendar.py.
2026-09-20 06:37:03,009 [WARNING] leadlag.core.market_calendar: No static holiday table for year 2015. Install jpholiday or update market_calendar.py.
2026-09-20 06:37:03,009 [WARNING] leadlag.core.market_calendar: No static holiday table for year 2015. Install jpholiday or update market_calendar.py.
2026-09-20 06:37:03,010 [WARNING] leadlag.core.market_calendar: No static holiday table for year 2015. Install jpholiday or update market_calendar.py.
2026-09-20 06:37:03,010 [WARNING] leadlag.core.market_calendar: No static holiday table for year 2015. Install jpholiday or update market_calendar.py.
2026-09-20 06:37:03,010 [WARNING] leadlag.core.market_calendar: No static holiday table for year 2015. Install jpholiday or update market_calendar.py.
2026-09-20 06:37:03,010 [WARNING] leadlag.core.market_calendar: No static holiday table for year 2015. Install jpholiday or update market_calendar.py.
2026-09-20 06:37:03,010 [WARNING] leadlag.core.market_calendar: No static holiday table for year 2015. Install jpholiday or update market_calendar.py.
2026-09-20 06:37:03,011 [WARNING] leadlag.core.market_calendar: No static holiday table for year 2015. Install jpholiday or update market_calendar.py.
2026-09-20 06:37:03,011 [WARNING] leadlag.core.market_calendar: No static holiday table for year 2015. Install jpholiday or update market_calendar.py.
2026-09-20 06:37:03,011 [WARNING] leadlag.core.market_calendar: No static holiday table for year 2015. Install jpholiday or update market_calendar.py.
2026-09-20 06:37:03,011 [WARNING] leadlag.core.market_calendar: No static holiday table for year 2015. Install jpholiday or update market_calendar.py.
2026-09-20 06:37:03,011 [WARNING] leadlag.core.market_calendar: No static holiday table for year 2015. Install jpholiday or update market_calendar.py.
2026-09-20 06:37:03,011 [WARNING] leadlag.core.market_calendar: No static holiday table for year 2015. Install jpholiday or update market_calendar.py.
2026-09-20 06:37:03,012 [WARNING] leadlag.core.market_calendar: No static holiday table for year 2015. Install jpholiday or update market_calendar.py.
2026-09-20 06:37:03,012 [WARNING] leadlag.core.market_calendar: No static holiday table for year 2015. Install jpholiday or update market_calendar.py.
2026-09-20 06:37:03,012 [WARNING] leadlag.core.market_calendar: No static holiday table for year 2015. Install jpholiday or update market_calendar.py.
2026-09-20 06:37:03,012 [WARNING] leadlag.core.market_calendar: No static holiday table for year 2015. Install jpholiday or update market_calendar.py.
2026-09-20 06:37:03,012 [WARNING] leadlag.core.market_calendar: No static holiday table for year 2015. Install jpholiday or update market_calendar.py.
2026-09-20 06:37:03,012 [WARNING] leadlag.core.market_calendar: No static holiday table for year 2015. Install jpholiday or update market_calendar.py.
2026-09-20 06:37:03,013 [WARNING] leadlag.core.market_calendar: No static holiday table for year 2015. Install jpholiday or update market_calendar.py.
2026-09-20 06:37:03,013 [WARNING] leadlag.core.market_calendar: No static holiday table for year 2015. Install jpholiday or update market_calendar.py.
2026-09-20 06:37:03,013 [WARNING] leadlag.core.market_calendar: No static holiday table for year 2015. Install jpholiday or update market_calendar.py.
2026-09-20 06:37:03,013 [WARNING] leadlag.core.market_calendar: No static holiday table for year 2015. Install jpholiday or update market_calendar.py.
2026-09-20 06:37:03,013 [WARNING] leadlag.core.market_calendar: No static holiday table for year 2015. Install jpholiday or update market_calendar.py.
2026-09-20 06:37:03,013 [WARNING] leadlag.core.market_calendar: No static holiday table for year 2015. Install jpholiday or update market_calendar.py.
2026-09-20 06:37:03,013 [WARNING] leadlag.core.market_calendar: No static holiday table for year 2015. Install jpholiday or update market_calendar.py.
2026-09-20 06:37:03,014 [WARNING] leadlag.core.market_calendar: No static holiday table for year 2015. Install jpholiday or update market_calendar.py.
2026-09-20 06:37:03,014 [WARNING] leadlag.core.market_calendar: No static holiday table for year 2015. Install jpholiday or update market_calendar.py.
2026-09-20 06:37:03,014 [WARNING] leadlag.core.market_calendar: No static holiday table for year 2015. Install jpholiday or update market_calendar.py.
2026-09-20 06:37:03,014 [WARNING] leadlag.core.market_calendar: No static holiday table for year 2015. Install jpholiday or update market_calendar.py.
2026-09-20 06:37:03,014 [WARNING] leadlag.core.market_calendar: No static holiday table for year 2015. Install jpholiday or update market_calendar.py.
2026-09-20 06:37:03,014 [WARNING] leadlag.core.market_calendar: No static holiday table for year 2015. Install jpholiday or update market_calendar.py.
2026-09-20 06:37:03,015 [WARNING] leadlag.core.market_calendar: No static holiday table for year 2015. Install jpholiday or update market_calendar.py.
2026-09-20 06:37:03,015 [WARNING] leadlag.core.market_calendar: No static holiday table for year 2015. Install jpholiday or update market_calendar.py.
2026-09-20 06:37:03,015 [WARNING] leadlag.core.market_calendar: No static holiday table for year 2015. Install jpholiday or update market_calendar.py.
2026-09-20 06:37:03,015 [WARNING] leadlag.core.market_calendar: No static holiday table for year 2015. Install jpholiday or update market_calendar.py.
2026-09-20 06:37:03,015 [WARNING] leadlag.core.market_calendar: No static holiday table for year 2015. Install jpholiday or update market_calendar.py.
2026-09-20 06:37:03,015 [WARNING] leadlag.core.market_calendar: No static holiday table for year 2015. Install jpholiday or update market_calendar.py.
2026-09-20 06:37:03,015 [WARNING] leadlag.core.market_calendar: No static holiday table for year 2015. Install jpholiday or update market_calendar.py.
2026-09-20 06:37:03,016 [WARNING] leadlag.core.market_calendar: No static holiday table for year 2015. Install jpholiday or update market_calendar.py.
2026-09-20 06:37:03,016 [WARNING] leadlag.core.market_calendar: No static holiday table for year 2015. Install jpholiday or update market_calendar.py.
2026-09-20 06:37:03,016 [WARNING] leadlag.core.market_calendar: No static holiday table for year 2015. Install jpholiday or update market_calendar.py.
2026-09-20 06:37:03,016 [WARNING] leadlag.core.market_calendar: No static holiday table for year 2015. Install jpholiday or update market_calendar.py.
2026-09-20 06:37:03,016 [WARNING] leadlag.core.market_calendar: No static holiday table for year 2015. Install jpholiday or update market_calendar.py.
2026-09-20 06:37:03,016 [WARNING] leadlag.core.market_calendar: No static holiday table for year 2015. Install jpholiday or update market_calendar.py.
2026-09-20 06:37:03,016 [WARNING] leadlag.core.market_calendar: No static holiday table for year 2015. Install jpholiday or update market_calendar.py.
2026-09-20 06:37:03,016 [WARNING] leadlag.core.market_calendar: No static holiday table for year 2015. Install jpholiday or update market_calendar.py.
2026-09-20 06:37:03,017 [WARNING] leadlag.core.market_calendar: No static holiday table for year 2015. Install jpholiday or update market_calendar.py.
2026-09-20 06:37:03,017 [WARNING] leadlag.core.market_calendar: No static holiday table for year 2015. Install jpholiday or update market_calendar.py.
2026-09-20 06:37:03,017 [WARNING] leadlag.core.market_calendar: No static holiday table for year 2015. Install jpholiday or update market_calendar.py.
2026-09-20 06:37:03,017 [WARNING] leadlag.core.market_calendar: No static holiday table for year 2015. Install jpholiday or update market_calendar.py.
2026-09-20 06:37:03,017 [WARNING] leadlag.core.market_calendar: No static holiday table for year 2015. Install jpholiday or update market_calendar.py.
2026-09-20 06:37:03,017 [WARNING] leadlag.core.market_calendar: No static holiday table for year 2015. Install jpholiday or update market_calendar.py.
2026-09-20 06:37:03,017 [WARNING] leadlag.core.market_calendar: No static holiday table for year 2015. Install jpholiday or update market_calendar.py.
2026-09-20 06:37:03,017 [WARNING] leadlag.core.market_calendar: No static holiday table for year 2015. Install jpholiday or update market_calendar.py.
2026-09-20 06:37:03,018 [WARNING] leadlag.core.market_calendar: No static holiday table for year 2015. Install jpholiday or update market_calendar.py.
2026-09-20 06:37:03,018 [WARNING] leadlag.core.market_calendar: No static holiday table for year 2015. Install jpholiday or update market_calendar.py.
2026-09-20 06:37:03,018 [WARNING] leadlag.core.market_calendar: No static holiday table for year 2015. Install jpholiday or update market_calendar.py.
2026-09-20 06:37:03,018 [WARNING] leadlag.core.market_calendar: No static holiday table for year 2015. Install jpholiday or update market_calendar.py.
2026-09-20 06:37:03,018 [WARNING] leadlag.core.market_calendar: No static holiday table for year 2015. Install jpholiday or update market_calendar.py.
2026-09-20 06:37:03,018 [WARNING] leadlag.core.market_calendar: No static holiday table for year 2015. Install jpholiday or update market_calendar.py.
2026-09-20 06:37:03,018 [WARNING] leadlag.core.market_calendar: No static holiday table for year 2015. Install jpholiday or update market_calendar.py.
2026-09-20 06:37:03,018 [WARNING] leadlag.core.market_calendar: No static holiday table for year 2015. Install jpholiday or update market_calendar.py.
2026-09-20 06:37:03,019 [WARNING] leadlag.core.market_calendar: No static holiday table for year 2015. Install jpholiday or update market_calendar.py.
2026-09-20 06:37:03,019 [WARNING] leadlag.core.market_calendar: No static holiday table for year 2015. Install jpholiday or update market_calendar.py.
2026-09-20 06:37:03,019 [WARNING] leadlag.core.market_calendar: No static holiday table for year 2015. Install jpholiday or update market_calendar.py.
2026-09-20 06:37:03,019 [WARNING] leadlag.core.market_calendar: No static holiday table for year 2015. Install jpholiday or update market_calendar.py.
2026-09-20 06:37:03,019 [WARNING] leadlag.core.market_calendar: No static holiday table for year 2015. Install jpholiday or update market_calendar.py.
2026-09-20 06:37:03,019 [WARNING] leadlag.core.market_calendar: No static holiday table for year 2015. Install jpholiday or update market_calendar.py.
2026-09-20 06:37:03,019 [WARNING] leadlag.core.market_calendar: No static holiday table for year 2015. Install jpholiday or update market_calendar.py.
2026-09-20 06:37:03,020 [WARNING] leadlag.core.market_calendar: No static holiday table for year 2015. Install jpholiday or update market_calendar.py.
2026-09-20 06:37:03,020 [WARNING] leadlag.core.market_calendar: No static holiday table for year 2015. Install jpholiday or update market_calendar.py.
2026-09-20 06:37:03,020 [WARNING] leadlag.core.market_calendar: No static holiday table for year 2015. Install jpholiday or update market_calendar.py.
2026-09-20 06:37:03,020 [WARNING] leadlag.core.market_calendar: No static holiday table for year 2016. Install jpholiday or update market_calendar.py.
2026-09-20 06:37:03,020 [WARNING] leadlag.core.market_calendar: No static holiday table for year 2016. Install jpholiday or update market_calendar.py.
2026-09-20 06:37:03,020 [WARNING] leadlag.core.market_calendar: No static holiday table for year 2016. Install jpholiday or update market_calendar.py.
2026-09-20 06:37:03,020 [WARNING] leadlag.core.market_calendar: No static holiday table for year 2016. Install jpholiday or update market_calendar.py.
2026-09-20 06:37:03,021 [WARNING] leadlag.core.market_calendar: No static holiday table for year 2016. Install jpholiday or update market_calendar.py.
2026-09-20 06:37:03,021 [WARNING] leadlag.core.market_calendar: No static holiday table for year 2016. Install jpholiday or update market_calendar.py.
2026-09-20 06:37:03,021 [WARNING] leadlag.core.market_calendar: No static holiday table for year 2016. Install jpholiday or update market_calendar.py.
2026-09-20 06:37:03,021 [WARNING] leadlag.core.market_calendar: No static holiday table for year 2016. Install jpholiday or update market_calendar.py.
2026-09-20 06:37:03,021 [WARNING] leadlag.core.market_calendar: No static holiday table for year 2016. Install jpholiday or update market_calendar.py.
2026-09-20 06:37:03,021 [WARNING] leadlag.core.market_calendar: No static holiday table for year 2016. Install jpholiday or update market_calendar.py.
2026-09-20 06:37:03,022 [WARNING] leadlag.core.market_calendar: No static holiday table for year 2016. Install jpholiday or update market_calendar.py.
2026-09-20 06:37:03,022 [WARNING] leadlag.core.market_calendar: No static holiday table for year 2016. Install jpholiday or update market_calendar.py.
2026-09-20 06:37:03,022 [WARNING] leadlag.core.market_calendar: No static holiday table for year 2016. Install jpholiday or update market_calendar.py.
2026-09-20 06:37:03,022 [WARNING] leadlag.core.market_calendar: No static holiday table for year 2016. Install jpholiday or update market_calendar.py.
2026-09-20 06:37:03,022 [WARNING] leadlag.core.market_calendar: No static holiday table for year 2016. Install jpholiday or update market_calendar.py.
2026-09-20 06:37:03,022 [WARNING] leadlag.core.market_calendar: No static holiday table for year 2016. Install jpholiday or update market_calendar.py.
2026-09-20 06:37:03,022 [WARNING] leadlag.core.market_calendar: No static holiday table for year 2016. Install jpholiday or update market_calendar.py.
2026-09-20 06:37:03,023 [WARNING] leadlag.core.market_calendar: No static holiday table for year 2016. Install jpholiday or update market_calendar.py.
2026-09-20 06:37:03,023 [WARNING] leadlag.core.market_calendar: No static holiday table for year 2016. Install jpholiday or update market_calendar.py.
2026-09-20 06:37:03,023 [WARNING] leadlag.core.market_calendar: No static holiday table for year 2016. Install jpholiday or update market_calendar.py.
2026-09-20 06:37:03,023 [WARNING] leadlag.core.market_calendar: No static holiday table for year 2016. Install jpholiday or update market_calendar.py.
2026-09-20 06:37:03,023 [WARNING] leadlag.core.market_calendar: No static holiday table for year 2016. Install jpholiday or update market_calendar.py.
2026-09-20 06:37:03,023 [WARNING] leadlag.core.market_calendar: No static holiday table for year 2016. Install jpholiday or update market_calendar.py.
2026-09-20 06:37:03,023 [WARNING] leadlag.core.market_calendar: No static holiday table for year 2016. Install jpholiday or update market_calendar.py.
2026-09-20 06:37:03,024 [WARNING] leadlag.core.market_calendar: No static holiday table for year 2016. Install jpholiday or update market_calendar.py.
2026-09-20 06:37:03,024 [WARNING] leadlag.core.market_calendar: No static holiday table for year 2016. Install jpholiday or update market_calendar.py.
2026-09-20 06:37:03,024 [WARNING] leadlag.core.market_calendar: No static holiday table for year 2016. Install jpholiday or update market_calendar.py.
2026-09-20 06:37:03,024 [WARNING] leadlag.core.market_calendar: No static holiday table for year 2016. Install jpholiday or update market_calendar.py.
2026-09-20 06:37:03,024 [WARNING] leadlag.core.market_calendar: No static holiday table for year 2016. Install jpholiday or update market_calendar.py.
2026-09-20 06:37:03,024 [WARNING] leadlag.core.market_calendar: No static holiday table for year 2016. Install jpholiday or update market_calendar.py.
2026-09-20 06:37:03,024 [WARNING] leadlag.core.market_calendar: No static holiday table for year 2016. Install jpholiday or update market_calendar.py.
2026-09-20 06:37:03,025 [WARNING] leadlag.core.market_calendar: No static holiday table for year 2016. Install jpholiday or update market_calendar.py.
2026-09-20 06:37:03,025 [WARNING] leadlag.core.market_calendar: No static holiday table for year 2016. Install jpholiday or update market_calendar.py.
2026-09-20 06:37:03,025 [WARNING] leadlag.core.market_calendar: No static holiday table for year 2016. Install jpholiday or update market_calendar.py.
2026-09-20 06:37:03,025 [WARNING] leadlag.core.market_calendar: No static holiday table for year 2016. Install jpholiday or update market_calendar.py.
2026-09-20 06:37:03,025 [WARNING] leadlag.core.market_calendar: No static holiday table for year 2016. Install jpholiday or update market_calendar.py.
2026-09-20 06:37:03,025 [WARNING] leadlag.core.market_calendar: No static holiday table for year 2016. Install jpholiday or update market_calendar.py.
2026-09-20 06:37:03,025 [WARNING] leadlag.core.market_calendar: No static holiday table for year 2016. Install jpholiday or update market_calendar.py.
2026-09-20 06:37:03,026 [WARNING] leadlag.core.market_calendar: No static holiday table for year 2016. Install jpholiday or update market_calendar.py.
2026-09-20 06:37:03,026 [WARNING] leadlag.core.market_calendar: No static holiday table for year 2016. Install jpholiday or update market_calendar.py.
2026-09-20 06:37:03,026 [WARNING] leadlag.core.market_calendar: No static holiday table for year 2016. Install jpholiday or update market_calendar.py.
2026-09-20 06:37:03,026 [WARNING] leadlag.core.market_calendar: No static holiday table for year 2016. Install jpholiday or update market_calendar.py.
2026-09-20 06:37:03,026 [WARNING] leadlag.core.market_calendar: No static holiday table for year 2016. Install jpholiday or update market_calendar.py.
2026-09-20 06:37:03,026 [WARNING] leadlag.core.market_calendar: No static holiday table for year 2016. Install jpholiday or update market_calendar.py.
2026-09-20 06:37:03,027 [WARNING] leadlag.core.market_calendar: No static holiday table for year 2016. Install jpholiday or update market_calendar.py.
2026-09-20 06:37:03,027 [WARNING] leadlag.core.market_calendar: No static holiday table for year 2016. Install jpholiday or update market_calendar.py.
2026-09-20 06:37:03,027 [WARNING] leadlag.core.market_calendar: No static holiday table for year 2016. Install jpholiday or update market_calendar.py.
2026-09-20 06:37:03,027 [WARNING] leadlag.core.market_calendar: No static holiday table for year 2016. Install jpholiday or update market_calendar.py.
2026-09-20 06:37:03,027 [WARNING] leadlag.core.market_calendar: No static holiday table for year 2016. Install jpholiday or update market_calendar.py.
2026-09-20 06:37:03,028 [WARNING] leadlag.core.market_calendar: No static holiday table for year 2016. Install jpholiday or update market_calendar.py.
2026-09-20 06:37:03,028 [WARNING] leadlag.core.market_calendar: No static holiday table for year 2016. Install jpholiday or update market_calendar.py.
2026-09-20 06:37:03,028 [WARNING] leadlag.core.market_calendar: No static holiday table for year 2016. Install jpholiday or update market_calendar.py.
2026-09-20 06:37:03,028 [WARNING] leadlag.core.market_calendar: No static holiday table for year 2016. Install jpholiday or update market_calendar.py.
2026-09-20 06:37:03,028 [WARNING] leadlag.core.market_calendar: No static holiday table for year 2016. Install jpholiday or update market_calendar.py.
2026-09-20 06:37:03,028 [WARNING] leadlag.core.market_calendar: No static holiday table for year 2016. Install jpholiday or update market_calendar.py.
2026-09-20 06:37:03,029 [WARNING] leadlag.core.market_calendar: No static holiday table for year 2016. Install jpholiday or update market_calendar.py.
2026-09-20 06:37:03,029 [WARNING] leadlag.core.market_calendar: No static holiday table for year 2016. Install jpholiday or update market_calendar.py.
2026-09-20 06:37:03,029 [WARNING] leadlag.core.market_calendar: No static holiday table for year 2016. Install jpholiday or update market_calendar.py.
2026-09-20 06:37:03,029 [WARNING] leadlag.core.market_calendar: No static holiday table for year 2016. Install jpholiday or update market_calendar.py.
2026-09-20 06:37:03,029 [WARNING] leadlag.core.market_calendar: No static holiday table for year 2016. Install jpholiday or update market_calendar.py.
2026-09-20 06:37:03,030 [WARNING] leadlag.core.market_calendar: No static holiday table for year 2016. Install jpholiday or update market_calendar.py.
2026-09-20 06:37:03,030 [WARNING] leadlag.core.market_calendar: No static holiday table for year 2016. Install jpholiday or update market_calendar.py.
2026-09-20 06:37:03,030 [WARNING] leadlag.core.market_calendar: No static holiday table for year 2016. Install jpholiday or update market_calendar.py.
2026-09-20 06:37:03,030 [WARNING] leadlag.core.market_calendar: No static holiday table for year 2016. Install jpholiday or update market_calendar.py.
2026-09-20 06:37:03,030 [WARNING] leadlag.core.market_calendar: No static holiday table for year 2016. Install jpholiday or update market_calendar.py.
2026-09-20 06:37:03,030 [WARNING] leadlag.core.market_calendar: No static holiday table for year 2016. Install jpholiday or update market_calendar.py.
2026-09-20 06:37:03,030 [WARNING] leadlag.core.market_calendar: No static holiday table for year 2016. Install jpholiday or update market_calendar.py.
2026-09-20 06:37:03,031 [WARNING] leadlag.core.market_calendar: No static holiday table for year 2016. Install jpholiday or update market_calendar.py.
2026-09-20 06:37:03,031 [WARNING] leadlag.core.market_calendar: No static holiday table for year 2016. Install jpholiday or update market_calendar.py.
2026-09-20 06:37:03,031 [WARNING] leadlag.core.market_calendar: No static holiday table for year 2016. Install jpholiday or update market_calendar.py.
2026-09-20 06:37:03,031 [WARNING] leadlag.core.market_calendar: No static holiday table for year 2016. Install jpholiday or update market_calendar.py.
2026-09-20 06:37:03,031 [WARNING] leadlag.core.market_calendar: No static holiday table for year 2016. Install jpholiday or update market_calendar.py.
2026-09-20 06:37:03,031 [WARNING] leadlag.core.market_calendar: No static holiday table for year 2016. Install jpholiday or update market_calendar.py.
2026-09-20 06:37:03,031 [WARNING] leadlag.core.market_calendar: No static holiday table for year 2016. Install jpholiday or update market_calendar.py.
2026-09-20 06:37:03,031 [WARNING] leadlag.core.market_calendar: No static holiday table for year 2016. Install jpholiday or update market_calendar.py.
2026-09-20 06:37:03,032 [WARNING] leadlag.core.market_calendar: No static holiday table for year 2016. Install jpholiday or update market_calendar.py.
2026-09-20 06:37:03,032 [WARNING] leadlag.core.market_calendar: No static holiday table for year 2016. Install jpholiday or update market_calendar.py.
2026-09-20 06:37:03,032 [WARNING] leadlag.core.market_calendar: No static holiday table for year 2016. Install jpholiday or update market_calendar.py.
2026-09-20 06:37:03,032 [WARNING] leadlag.core.market_calendar: No static holiday table for year 2016. Install jpholiday or update market_calendar.py.
2026-09-20 06:37:03,032 [WARNING] leadlag.core.market_calendar: No static holiday table for year 2016. Install jpholiday or update market_calendar.py.
2026-09-20 06:37:03,032 [WARNING] leadlag.core.market_calendar: No static holiday table for year 2016. Install jpholiday or update market_calendar.py.
2026-09-20 06:37:03,032 [WARNING] leadlag.core.market_calendar: No static holiday table for year 2016. Install jpholiday or update market_calendar.py.
2026-09-20 06:37:03,033 [WARNING] leadlag.core.market_calendar: No static holiday table for year 2016. Install jpholiday or update market_calendar.py.
2026-09-20 06:37:03,033 [WARNING] leadlag.core.market_calendar: No static holiday table for year 2016. Install jpholiday or update market_calendar.py.
2026-09-20 06:37:03,033 [WARNING] leadlag.core.market_calendar: No static holiday table for year 2016. Install jpholiday or update market_calendar.py.
2026-09-20 06:37:03,033 [WARNING] leadlag.core.market_calendar: No static holiday table for year 2016. Install jpholiday or update market_calendar.py.
2026-09-20 06:37:03,033 [WARNING] leadlag.core.market_calendar: No static holiday table for year 2016. Install jpholiday or update market_calendar.py.
2026-09-20 06:37:03,033 [WARNING] leadlag.core.market_calendar: No static holiday table for year 2016. Install jpholiday or update market_calendar.py.
2026-09-20 06:37:03,033 [WARNING] leadlag.core.market_calendar: No static holiday table for year 2016. Install jpholiday or update market_calendar.py.
2026-09-20 06:37:03,034 [WARNING] leadlag.core.market_calendar: No static holiday table for year 2016. Install jpholiday or update market_calendar.py.
2026-09-20 06:37:03,034 [WARNING] leadlag.core.market_calendar: No static holiday table for year 2016. Install jpholiday or update market_calendar.py.
2026-09-20 06:37:03,034 [WARNING] leadlag.core.market_calendar: No static holiday table for year 2016. Install jpholiday or update market_calendar.py.
2026-09-20 06:37:03,034 [WARNING] leadlag.core.market_calendar: No static holiday table for year 2016. Install jpholiday or update market_calendar.py.
2026-09-20 06:37:03,034 [WARNING] leadlag.core.market_calendar: No static holiday table for year 2016. Install jpholiday or update market_calendar.py.
2026-09-20 06:37:03,034 [WARNING] leadlag.core.market_calendar: No static holiday table for year 2016. Install jpholiday or update market_calendar.py.
2026-09-20 06:37:03,034 [WARNING] leadlag.core.market_calendar: No static holiday table for year 2016. Install jpholiday or update market_calendar.py.
2026-09-20 06:37:03,035 [WARNING] leadlag.core.market_calendar: No static holiday table for year 2016. Install jpholiday or update market_calendar.py.
2026-09-20 06:37:03,035 [WARNING] leadlag.core.market_calendar: No static holiday table for year 2016. Install jpholiday or update market_calendar.py.
2026-09-20 06:37:03,035 [WARNING] leadlag.core.market_calendar: No static holiday table for year 2016. Install jpholiday or update market_calendar.py.
2026-09-20 06:37:03,035 [WARNING] leadlag.core.market_calendar: No static holiday table for year 2016. Install jpholiday or update market_calendar.py.
2026-09-20 06:37:03,035 [WARNING] leadlag.core.market_calendar: No static holiday table for year 2016. Install jpholiday or update market_calendar.py.
2026-09-20 06:37:03,035 [WARNING] leadlag.core.market_calendar: No static holiday table for year 2016. Install jpholiday or update market_calendar.py.
2026-09-20 06:37:03,035 [WARNING] leadlag.core.market_calendar: No static holiday table for year 2016. Install jpholiday or update market_calendar.py.
2026-09-20 06:37:03,035 [WARNING] leadlag.core.market_calendar: No static holiday table for year 2016. Install jpholiday or update market_calendar.py.
2026-09-20 06:37:03,036 [WARNING] leadlag.core.market_calendar: No static holiday table for year 2016. Install jpholiday or update market_calendar.py.
2026-09-20 06:37:03,036 [WARNING] leadlag.core.market_calendar: No static holiday table for year 2016. Install jpholiday or update market_calendar.py.
2026-09-20 06:37:03,036 [WARNING] leadlag.core.market_calendar: No static holiday table for year 2016. Install jpholiday or update market_calendar.py.
2026-09-20 06:37:03,036 [WARNING] leadlag.core.market_calendar: No static holiday table for year 2016. Install jpholiday or update market_calendar.py.
2026-09-20 06:37:03,036 [WARNING] leadlag.core.market_calendar: No static holiday table for year 2016. Install jpholiday or update market_calendar.py.
2026-09-20 06:37:03,036 [WARNING] leadlag.core.market_calendar: No static holiday table for year 2016. Install jpholiday or update market_calendar.py.
2026-09-20 06:37:03,036 [WARNING] leadlag.core.market_calendar: No static holiday table for year 2016. Install jpholiday or update market_calendar.py.
2026-09-20 06:37:03,037 [WARNING] leadlag.core.market_calendar: No static holiday table for year 2016. Install jpholiday or update market_calendar.py.
2026-09-20 06:37:03,037 [WARNING] leadlag.core.market_calendar: No static holiday table for year 2016. Install jpholiday or update market_calendar.py.
2026-09-20 06:37:03,037 [WARNING] leadlag.core.market_calendar: No static holiday table for year 2016. Install jpholiday or update market_calendar.py.
2026-09-20 06:37:03,037 [WARNING] leadlag.core.market_calendar: No static holiday table for year 2016. Install jpholiday or update market_calendar.py.
2026-09-20 06:37:03,037 [WARNING] leadlag.core.market_calendar: No static holiday table for year 2016. Install jpholiday or update market_calendar.py.
2026-09-20 06:37:03,037 [WARNING] leadlag.core.market_calendar: No static holiday table for year 2016. Install jpholiday or update market_calendar.py.
2026-09-20 06:37:03,037 [WARNING] leadlag.core.market_calendar: No static holiday table for year 2016. Install jpholiday or update market_calendar.py.
2026-09-20 06:37:03,038 [WARNING] leadlag.core.market_calendar: No static holiday table for year 2016. Install jpholiday or update market_calendar.py.
2026-09-20 06:37:03,038 [WARNING] leadlag.core.market_calendar: No static holiday table for year 2016. Install jpholiday or update market_calendar.py.
2026-09-20 06:37:03,038 [WARNING] leadlag.core.market_calendar: No static holiday table for year 2016. Install jpholiday or update market_calendar.py.
2026-09-20 06:37:03,038 [WARNING] leadlag.core.market_calendar: No static holiday table for year 2016. Install jpholiday or update market_calendar.py.
2026-09-20 06:37:03,038 [WARNING] leadlag.core.market_calendar: No static holiday table for year 2016. Install jpholiday or update market_calendar.py.
2026-09-20 06:37:03,038 [WARNING] leadlag.core.market_calendar: No static holiday table for year 2016. Install jpholiday or update market_calendar.py.
2026-09-20 06:37:03,038 [WARNING] leadlag.core.market_calendar: No static holiday table for year 2016. Install jpholiday or update market_calendar.py.
2026-09-20 06:37:03,039 [WARNING] leadlag.core.market_calendar: No static holiday table for year 2016. Install jpholiday or update market_calendar.py.
2026-09-20 06:37:03,039 [WARNING] leadlag.core.market_calendar: No static holiday table for year 2016. Install jpholiday or update market_calendar.py.
2026-09-20 06:37:03,039 [WARNING] leadlag.core.market_calendar: No static holiday table for year 2016. Install jpholiday or update market_calendar.py.
2026-09-20 06:37:03,039 [WARNING] leadlag.core.market_calendar: No static holiday table for year 2016. Install jpholiday or update market_calendar.py.
2026-09-20 06:37:03,039 [WARNING] leadlag.core.market_calendar: No static holiday table for year 2016. Install jpholiday or update market_calendar.py.
2026-09-20 06:37:03,039 [WARNING] leadlag.core.market_calendar: No static holiday table for year 2016. Install jpholiday or update market_calendar.py.
2026-09-20 06:37:03,039 [WARNING] leadlag.core.market_calendar: No static holiday table for year 2016. Install jpholiday or update market_calendar.py.
2026-09-20 06:37:03,040 [WARNING] leadlag.core.market_calendar: No static holiday table for year 2016. Install jpholiday or update market_calendar.py.
2026-09-20 06:37:03,040 [WARNING] leadlag.core.market_calendar: No static holiday table for year 2016. Install jpholiday or update market_calendar.py.
2026-09-20 06:37:03,040 [WARNING] leadlag.core.market_calendar: No static holiday table for year 2016. Install jpholiday or update market_calendar.py.
2026-09-20 06:37:03,040 [WARNING] leadlag.core.market_calendar: No static holiday table for year 2016. Install jpholiday or update market_calendar.py.
2026-09-20 06:37:03,040 [WARNING] leadlag.core.market_calendar: No static holiday table for year 2016. Install jpholiday or update market_calendar.py.
2026-09-20 06:37:03,040 [WARNING] leadlag.core.market_calendar: No static holiday table for year 2016. Install jpholiday or update market_calendar.py.
2026-09-20 06:37:03,041 [WARNING] leadlag.core.market_calendar: No static holiday table for year 2016. Install jpholiday or update market_calendar.py.
2026-09-20 06:37:03,041 [WARNING] leadlag.core.market_calendar: No static holiday table for year 2016. Install jpholiday or update market_calendar.py.
2026-09-20 06:37:03,041 [WARNING] leadlag.core.market_calendar: No static holiday table for year 2016. Install jpholiday or update market_calendar.py.
2026-09-20 06:37:03,041 [WARNING] leadlag.core.market_calendar: No static holiday table for year 2016. Install jpholiday or update market_calendar.py.
2026-09-20 06:37:03,041 [WARNING] leadlag.core.market_calendar: No static holiday table for year 2016. Install jpholiday or update market_calendar.py.
2026-09-20 06:37:03,041 [WARNING] leadlag.core.market_calendar: No static holiday table for year 2016. Install jpholiday or update market_calendar.py.
2026-09-20 06:37:03,041 [WARNING] leadlag.core.market_calendar: No static holiday table for year 2016. Install jpholiday or update market_calendar.py.
2026-09-20 06:37:03,042 [WARNING] leadlag.core.market_calendar: No static holiday table for year 2016. Install jpholiday or update market_calendar.py.
2026-09-20 06:37:03,042 [WARNING] leadlag.core.market_calendar: No static holiday table for year 2016. Install jpholiday or update market_calendar.py.
2026-09-20 06:37:03,042 [WARNING] leadlag.core.market_calendar: No static holiday table for year 2016. Install jpholiday or update market_calendar.py.
2026-09-20 06:37:03,042 [WARNING] leadlag.core.market_calendar: No static holiday table for year 2016. Install jpholiday or update market_calendar.py.
2026-09-20 06:37:03,042 [WARNING] leadlag.core.market_calendar: No static holiday table for year 2016. Install jpholiday or update market_calendar.py.
2026-09-20 06:37:03,042 [WARNING] leadlag.core.market_calendar: No static holiday table for year 2016. Install jpholiday or update market_calendar.py.
2026-09-20 06:37:03,042 [WARNING] leadlag.core.market_calendar: No static holiday table for year 2016. Install jpholiday or update market_calendar.py.
2026-09-20 06:37:03,043 [WARNING] leadlag.core.market_calendar: No static holiday table for year 2016. Install jpholiday or update market_calendar.py.
2026-09-20 06:37:03,043 [WARNING] leadlag.core.market_calendar: No static holiday table for year 2016. Install jpholiday or update market_calendar.py.
2026-09-20 06:37:03,043 [WARNING] leadlag.core.market_calendar: No static holiday table for year 2016. Install jpholiday or update market_calendar.py.
2026-09-20 06:37:03,043 [WARNING] leadlag.core.market_calendar: No static holiday table for year 2016. Install jpholiday or update market_calendar.py.
2026-09-20 06:37:03,043 [WARNING] leadlag.core.market_calendar: No static holiday table for year 2016. Install jpholiday or update market_calendar.py.
2026-09-20 06:37:03,043 [WARNING] leadlag.core.market_calendar: No static holiday table for year 2016. Install jpholiday or update market_calendar.py.
2026-09-20 06:37:03,043 [WARNING] leadlag.core.market_calendar: No static holiday table for year 2016. Install jpholiday or update market_calendar.py.
2026-09-20 06:37:03,044 [WARNING] leadlag.core.market_calendar: No static holiday table for year 2016. Install jpholiday or update market_calendar.py.
2026-09-20 06:37:03,044 [WARNING] leadlag.core.market_calendar: No static holiday table for year 2016. Install jpholiday or update market_calendar.py.
2026-09-20 06:37:03,044 [WARNING] leadlag.core.market_calendar: No static holiday table for year 2016. Install jpholiday or update market_calendar.py.
2026-09-20 06:37:03,044 [WARNING] leadlag.core.market_calendar: No static holiday table for year 2016. Install jpholiday or update market_calendar.py.
2026-09-20 06:37:03,044 [WARNING] leadlag.core.market_calendar: No static holiday table for year 2016. Install jpholiday or update market_calendar.py.
2026-09-20 06:37:03,044 [WARNING] leadlag.core.market_calendar: No static holiday table for year 2016. Install jpholiday or update market_calendar.py.
2026-09-20 06:37:03,045 [WARNING] leadlag.core.market_calendar: No static holiday table for year 2016. Install jpholiday or update market_calendar.py.
2026-09-20 06:37:03,045 [WARNING] leadlag.core.market_calendar: No static holiday table for year 2016. Install jpholiday or update market_calendar.py.
2026-09-20 06:37:03,045 [WARNING] leadlag.core.market_calendar: No static holiday table for year 2016. Install jpholiday or update market_calendar.py.
2026-09-20 06:37:03,045 [WARNING] leadlag.core.market_calendar: No static holiday table for year 2016. Install jpholiday or update market_calendar.py.
2026-09-20 06:37:03,045 [WARNING] leadlag.core.market_calendar: No static holiday table for year 2016. Install jpholiday or update market_calendar.py.
2026-09-20 06:37:03,046 [WARNING] leadlag.core.market_calendar: No static holiday table for year 2016. Install jpholiday or update market_calendar.py.
2026-09-20 06:37:03,046 [WARNING] leadlag.core.market_calendar: No static holiday table for year 2016. Install jpholiday or update market_calendar.py.
2026-09-20 06:37:03,046 [WARNING] leadlag.core.market_calendar: No static holiday table for year 2016. Install jpholiday or update market_calendar.py.
2026-09-20 06:37:03,046 [WARNING] leadlag.core.market_calendar: No static holiday table for year 2016. Install jpholiday or update market_calendar.py.
2026-09-20 06:37:03,046 [WARNING] leadlag.core.market_calendar: No static holiday table for year 2016. Install jpholiday or update market_calendar.py.
2026-09-20 06:37:03,047 [WARNING] leadlag.core.market_calendar: No static holiday table for year 2016. Install jpholiday or update market_calendar.py.
2026-09-20 06:37:03,047 [WARNING] leadlag.core.market_calendar: No static holiday table for year 2016. Install jpholiday or update market_calendar.py.
2026-09-20 06:37:03,047 [WARNING] leadlag.core.market_calendar: No static holiday table for year 2016. Install jpholiday or update market_calendar.py.
2026-09-20 06:37:03,047 [WARNING] leadlag.core.market_calendar: No static holiday table for year 2016. Install jpholiday or update market_calendar.py.
2026-09-20 06:37:03,048 [WARNING] leadlag.core.market_calendar: No static holiday table for year 2016. Install jpholiday or update market_calendar.py.
2026-09-20 06:37:03,048 [WARNING] leadlag.core.market_calendar: No static holiday table for year 2016. Install jpholiday or update market_calendar.py.
2026-09-20 06:37:03,048 [WARNING] leadlag.core.market_calendar: No static holiday table for year 2016. Install jpholiday or update market_calendar.py.
2026-09-20 06:37:03,048 [WARNING] leadlag.core.market_calendar: No static holiday table for year 2016. Install jpholiday or update market_calendar.py.
2026-09-20 06:37:03,048 [WARNING] leadlag.core.market_calendar: No static holiday table for year 2016. Install jpholiday or update market_calendar.py.
2026-09-20 06:37:03,049 [WARNING] leadlag.core.market_calendar: No static holiday table for year 2016. Install jpholiday or update market_calendar.py.
2026-09-20 06:37:03,049 [WARNING] leadlag.core.market_calendar: No static holiday table for year 2016. Install jpholiday or update market_calendar.py.
2026-09-20 06:37:03,049 [WARNING] leadlag.core.market_calendar: No static holiday table for year 2016. Install jpholiday or update market_calendar.py.
2026-09-20 06:37:03,049 [WARNING] leadlag.core.market_calendar: No static holiday table for year 2016. Install jpholiday or update market_calendar.py.
2026-09-20 06:37:03,049 [WARNING] leadlag.core.market_calendar: No static holiday table for year 2016. Install jpholiday or update market_calendar.py.
2026-09-20 06:37:03,049 [WARNING] leadlag.core.market_calendar: No static holiday table for year 2016. Install jpholiday or update market_calendar.py.
2026-09-20 06:37:03,049 [WARNING] leadlag.core.market_calendar: No static holiday table for year 2016. Install jpholiday or update market_calendar.py.
2026-09-20 06:37:03,050 [WARNING] leadlag.core.market_calendar: No static holiday table for year 2016. Install jpholiday or update market_calendar.py.
2026-09-20 06:37:03,050 [WARNING] leadlag.core.market_calendar: No static holiday table for year 2016. Install jpholiday or update market_calendar.py.
2026-09-20 06:37:03,050 [WARNING] leadlag.core.market_calendar: No static holiday table for year 2016. Install jpholiday or update market_calendar.py.
2026-09-20 06:37:03,050 [WARNING] leadlag.core.market_calendar: No static holiday table for year 2016. Install jpholiday or update market_calendar.py.
2026-09-20 06:37:03,050 [WARNING] leadlag.core.market_calendar: No static holiday table for year 2016. Install jpholiday or update market_calendar.py.
2026-09-20 06:37:03,050 [WARNING] leadlag.core.market_calendar: No static holiday table for year 2016. Install jpholiday or update market_calendar.py.
2026-09-20 06:37:03,051 [WARNING] leadlag.core.market_calendar: No static holiday table for year 2016. Install jpholiday or update market_calendar.py.
2026-09-20 06:37:03,051 [WARNING] leadlag.core.market_calendar: No static holiday table for year 2016. Install jpholiday or update market_calendar.py.
2026-09-20 06:37:03,051 [WARNING] leadlag.core.market_calendar: No static holiday table for year 2016. Install jpholiday or update market_calendar.py.
2026-09-20 06:37:03,051 [WARNING] leadlag.core.market_calendar: No static holiday table for year 2016. Install jpholiday or update market_calendar.py.
2026-09-20 06:37:03,051 [WARNING] leadlag.core.market_calendar: No static holiday table for year 2016. Install jpholiday or update market_calendar.py.
2026-09-20 06:37:03,051 [WARNING] leadlag.core.market_calendar: No static holiday table for year 2016. Install jpholiday or update market_calendar.py.
2026-09-20 06:37:03,052 [WARNING] leadlag.core.market_calendar: No static holiday table for year 2016. Install jpholiday or update market_calendar.py.
2026-09-20 06:37:03,052 [WARNING] leadlag.core.market_calendar: No static holiday table for year 2016. Install jpholiday or update market_calendar.py.
2026-09-20 06:37:03,052 [WARNING] leadlag.core.market_calendar: No static holiday table for year 2016. Install jpholiday or update market_calendar.py.
2026-09-20 06:37:03,052 [WARNING] leadlag.core.market_calendar: No static holiday table for year 2016. Install jpholiday or update market_calendar.py.
2026-09-20 06:37:03,052 [WARNING] leadlag.core.market_calendar: No static holiday table for year 2016. Install jpholiday or update market_calendar.py.
2026-09-20 06:37:03,052 [WARNING] leadlag.core.market_calendar: No static holiday table for year 2016. Install jpholiday or update market_calendar.py.
2026-09-20 06:37:03,052 [WARNING] leadlag.core.market_calendar: No static holiday table for year 2016. Install jpholiday or update market_calendar.py.
2026-09-20 06:37:03,053 [WARNING] leadlag.core.market_calendar: No static holiday table for year 2016. Install jpholiday or update market_calendar.py.
2026-09-20 06:37:03,053 [WARNING] leadlag.core.market_calendar: No static holiday table for year 2016. Install jpholiday or update market_calendar.py.
2026-09-20 06:37:03,053 [WARNING] leadlag.core.market_calendar: No static holiday table for year 2016. Install jpholiday or update market_calendar.py.
2026-09-20 06:37:03,053 [WARNING] leadlag.core.market_calendar: No static holiday table for year 2016. Install jpholiday or update market_calendar.py.
2026-09-20 06:37:03,053 [WARNING] leadlag.core.market_calendar: No static holiday table for year 2016. Install jpholiday or update market_calendar.py.
2026-09-20 06:37:03,053 [WARNING] leadlag.core.market_calendar: No static holiday table for year 2016. Install jpholiday or update market_calendar.py.
2026-09-20 06:37:03,053 [WARNING] leadlag.core.market_calendar: No static holiday table for year 2016. Install jpholiday or update market_calendar.py.
2026-09-20 06:37:03,054 [WARNING] leadlag.core.market_calendar: No static holiday table for year 2016. Install jpholiday or update market_calendar.py.
2026-09-20 06:37:03,054 [WARNING] leadlag.core.market_calendar: No static holiday table for year 2016. Install jpholiday or update market_calendar.py.
2026-09-20 06:37:03,054 [WARNING] leadlag.core.market_calendar: No static holiday table for year 2016. Install jpholiday or update market_calendar.py.
2026-09-20 06:37:03,054 [WARNING] leadlag.core.market_calendar: No static holiday table for year 2016. Install jpholiday or update market_calendar.py.
2026-09-20 06:37:03,054 [WARNING] leadlag.core.market_calendar: No static holiday table for year 2016. Install jpholiday or update market_calendar.py.
2026-09-20 06:37:03,054 [WARNING] leadlag.core.market_calendar: No static holiday table for year 2016. Install jpholiday or update market_calendar.py.
2026-09-20 06:37:03,054 [WARNING] leadlag.core.market_calendar: No static holiday table for year 2016. Install jpholiday or update market_calendar.py.
2026-09-20 06:37:03,055 [WARNING] leadlag.core.market_calendar: No static holiday table for year 2016. Install jpholiday or update market_calendar.py.
2026-09-20 06:37:03,055 [WARNING] leadlag.core.market_calendar: No static holiday table for year 2016. Install jpholiday or update market_calendar.py.
2026-09-20 06:37:03,055 [WARNING] leadlag.core.market_calendar: No static holiday table for year 2016. Install jpholiday or update market_calendar.py.
2026-09-20 06:37:03,055 [WARNING] leadlag.core.market_calendar: No static holiday table for year 2016. Install jpholiday or update market_calendar.py.
2026-09-20 06:37:03,055 [WARNING] leadlag.core.market_calendar: No static holiday table for year 2016. Install jpholiday or update market_calendar.py.
2026-09-20 06:37:03,055 [WARNING] leadlag.core.market_calendar: No static holiday table for year 2016. Install jpholiday or update market_calendar.py.
2026-09-20 06:37:03,055 [WARNING] leadlag.core.market_calendar: No static holiday table for year 2016. Install jpholiday or update market_calendar.py.
2026-09-20 06:37:03,055 [WARNING] leadlag.core.market_calendar: No static holiday table for year 2016. Install jpholiday or update market_calendar.py.
2026-09-20 06:37:03,056 [WARNING] leadlag.core.market_calendar: No static holiday table for year 2016. Install jpholiday or update market_calendar.py.
2026-09-20 06:37:03,056 [WARNING] leadlag.core.market_calendar: No static holiday table for year 2016. Install jpholiday or update market_calendar.py.
2026-09-20 06:37:03,056 [WARNING] leadlag.core.market_calendar: No static holiday table for year 2016. Install jpholiday or update market_calendar.py.
2026-09-20 06:37:03,056 [WARNING] leadlag.core.market_calendar: No static holiday table for year 2016. Install jpholiday or update market_calendar.py.
2026-09-20 06:37:03,056 [WARNING] leadlag.core.market_calendar: No static holiday table for year 2016. Install jpholiday or update market_calendar.py.
2026-09-20 06:37:03,056 [WARNING] leadlag.core.market_calendar: No static holiday table for year 2016. Install jpholiday or update market_calendar.py.
2026-09-20 06:37:03,056 [WARNING] leadlag.core.market_calendar: No static holiday table for year 2016. Install jpholiday or update market_calendar.py.
2026-09-20 06:37:03,057 [WARNING] leadlag.core.market_calendar: No static holiday table for year 2016. Install jpholiday or update market_calendar.py.
2026-09-20 06:37:03,057 [WARNING] leadlag.core.market_calendar: No static holiday table for year 2016. Install jpholiday or update market_calendar.py.
2026-09-20 06:37:03,057 [WARNING] leadlag.core.market_calendar: No static holiday table for year 2016. Install jpholiday or update market_calendar.py.
2026-09-20 06:37:03,057 [WARNING] leadlag.core.market_calendar: No static holiday table for year 2016. Install jpholiday or update market_calendar.py.
2026-09-20 06:37:03,057 [WARNING] leadlag.core.market_calendar: No static holiday table for year 2016. Install jpholiday or update market_calendar.py.
2026-09-20 06:37:03,057 [WARNING] leadlag.core.market_calendar: No static holiday table for year 2016. Install jpholiday or update market_calendar.py.
2026-09-20 06:37:03,057 [WARNING] leadlag.core.market_calendar: No static holiday table for year 2017. Install jpholiday or update market_calendar.py.
2026-09-20 06:37:03,058 [WARNING] leadlag.core.market_calendar: No static holiday table for year 2017. Install jpholiday or update market_calendar.py.
2026-09-20 06:37:03,058 [WARNING] leadlag.core.market_calendar: No static holiday table for year 2017. Install jpholiday or update market_calendar.py.
2026-09-20 06:37:03,058 [WARNING] leadlag.core.market_calendar: No static holiday table for year 2017. Install jpholiday or update market_calendar.py.
2026-09-20 06:37:03,058 [WARNING] leadlag.core.market_calendar: No static holiday table for year 2017. Install jpholiday or update market_calendar.py.
2026-09-20 06:37:03,058 [WARNING] leadlag.core.market_calendar: No static holiday table for year 2017. Install jpholiday or update market_calendar.py.
2026-09-20 06:37:03,058 [WARNING] leadlag.core.market_calendar: No static holiday table for year 2017. Install jpholiday or update market_calendar.py.
2026-09-20 06:37:03,059 [WARNING] leadlag.core.market_calendar: No static holiday table for year 2017. Install jpholiday or update market_calendar.py.
2026-09-20 06:37:03,059 [WARNING] leadlag.core.market_calendar: No static holiday table for year 2017. Install jpholiday or update market_calendar.py.
2026-09-20 06:37:03,059 [WARNING] leadlag.core.market_calendar: No static holiday table for year 2017. Install jpholiday or update market_calendar.py.
2026-09-20 06:37:03,059 [WARNING] leadlag.core.market_calendar: No static holiday table for year 2017. Install jpholiday or update market_calendar.py.
2026-09-20 06:37:03,059 [WARNING] leadlag.core.market_calendar: No static holiday table for year 2017. Install jpholiday or update market_calendar.py.
2026-09-20 06:37:03,059 [WARNING] leadlag.core.market_calendar: No static holiday table for year 2017. Install jpholiday or update market_calendar.py.
2026-09-20 06:37:03,060 [WARNING] leadlag.core.market_calendar: No static holiday table for year 2017. Install jpholiday or update market_calendar.py.
2026-09-20 06:37:03,060 [WARNING] leadlag.core.market_calendar: No static holiday table for year 2017. Install jpholiday or update market_calendar.py.
2026-09-20 06:37:03,060 [WARNING] leadlag.core.market_calendar: No static holiday table for year 2017. Install jpholiday or update market_calendar.py.
2026-09-20 06:37:03,060 [WARNING] leadlag.core.market_calendar: No static holiday table for year 2017. Install jpholiday or update market_calendar.py.
2026-09-20 06:37:03,060 [WARNING] leadlag.core.market_calendar: No static holiday table for year 2017. Install jpholiday or update market_calendar.py.
2026-09-20 06:37:03,060 [WARNING] leadlag.core.market_calendar: No static holiday table for year 2017. Install jpholiday or update market_calendar.py.
2026-09-20 06:37:03,060 [WARNING] leadlag.core.market_calendar: No static holiday table for year 2017. Install jpholiday or update market_calendar.py.
2026-09-20 06:37:03,061 [WARNING] leadlag.core.market_calendar: No static holiday table for year 2017. Install jpholiday or update market_calendar.py.
2026-09-20 06:37:03,061 [WARNING] leadlag.core.market_calendar: No static holiday table for year 2017. Install jpholiday or update market_calendar.py.
2026-09-20 06:37:03,061 [WARNING] leadlag.core.market_calendar: No static holiday table for year 2017. Install jpholiday or update market_calendar.py.
2026-09-20 06:37:03,061 [WARNING] leadlag.core.market_calendar: No static holiday table for year 2017. Install jpholiday or update market_calendar.py.
2026-09-20 06:37:03,061 [WARNING] leadlag.core.market_calendar: No static holiday table for year 2017. Install jpholiday or update market_calendar.py.
2026-09-20 06:37:03,061 [WARNING] leadlag.core.market_calendar: No static holiday table for year 2017. Install jpholiday or update market_calendar.py.
2026-09-20 06:37:03,061 [WARNING] leadlag.core.market_calendar: No static holiday table for year 2017. Install jpholiday or update market_calendar.py.
2026-09-20 06:37:03,062 [WARNING] leadlag.core.market_calendar: No static holiday table for year 2017. Install jpholiday or update market_calendar.py.
2026-09-20 06:37:03,062 [WARNING] leadlag.core.market_calendar: No static holiday table for year 2017. Install jpholiday or update market_calendar.py.
2026-09-20 06:37:03,062 [WARNING] leadlag.core.market_calendar: No static holiday table for year 2017. Install jpholiday or update market_calendar.py.
2026-09-20 06:37:03,062 [WARNING] leadlag.core.market_calendar: No static holiday table for year 2017. Install jpholiday or update market_calendar.py.
2026-09-20 06:37:03,062 [WARNING] leadlag.core.market_calendar: No static holiday table for year 2017. Install jpholiday or update market_calendar.py.
2026-09-20 06:37:03,062 [WARNING] leadlag.core.market_calendar: No static holiday table for year 2017. Install jpholiday or update market_calendar.py.
2026-09-20 06:37:03,062 [WARNING] leadlag.core.market_calendar: No static holiday table for year 2017. Install jpholiday or update market_calendar.py.
2026-09-20 06:37:03,063 [WARNING] leadlag.core.market_calendar: No static holiday table for year 2017. Install jpholiday or update market_calendar.py.
2026-09-20 06:37:03,063 [WARNING] leadlag.core.market_calendar: No static holiday table for year 2017. Install jpholiday or update market_calendar.py.
2026-09-20 06:37:03,063 [WARNING] leadlag.core.market_calendar: No static holiday table for year 2017. Install jpholiday or update market_calendar.py.
2026-09-20 06:37:03,063 [WARNING] leadlag.core.market_calendar: No static holiday table for year 2017. Install jpholiday or update market_calendar.py.
2026-09-20 06:37:03,063 [WARNING] leadlag.core.market_calendar: No static holiday table for year 2017. Install jpholiday or update market_calendar.py.
2026-09-20 06:37:03,063 [WARNING] leadlag.core.market_calendar: No static holiday table for year 2017. Install jpholiday or update market_calendar.py.
2026-09-20 06:37:03,063 [WARNING] leadlag.core.market_calendar: No static holiday table for year 2017. Install jpholiday or update market_calendar.py.
2026-09-20 06:37:03,064 [WARNING] leadlag.core.market_calendar: No static holiday table for year 2017. Install jpholiday or update market_calendar.py.
2026-09-20 06:37:03,064 [WARNING] leadlag.core.market_calendar: No static holiday table for year 2017. Install jpholiday or update market_calendar.py.
2026-09-20 06:37:03,064 [WARNING] leadlag.core.market_calendar: No static holiday table for year 2017. Install jpholiday or update market_calendar.py.
2026-09-20 06:37:03,064 [WARNING] leadlag.core.market_calendar: No static holiday table for year 2017. Install jpholiday or update market_calendar.py.
2026-09-20 06:37:03,064 [WARNING] leadlag.core.market_calendar: No static holiday table for year 2017. Install jpholiday or update market_calendar.py.
2026-09-20 06:37:03,065 [WARNING] leadlag.core.market_calendar: No static holiday table for year 2017. Install jpholiday or update market_calendar.py.
2026-09-20 06:37:03,065 [WARNING] leadlag.core.market_calendar: No static holiday table for year 2017. Install jpholiday or update market_calendar.py.
2026-09-20 06:37:03,065 [WARNING] leadlag.core.market_calendar: No static holiday table for year 2017. Install jpholiday or update market_calendar.py.
2026-09-20 06:37:03,065 [WARNING] leadlag.core.market_calendar: No static holiday table for year 2017. Install jpholiday or update market_calendar.py.
2026-09-20 06:37:03,065 [WARNING] leadlag.core.market_calendar: No static holiday table for year 2017. Install jpholiday or update market_calendar.py.
2026-09-20 06:37:03,065 [WARNING] leadlag.core.market_calendar: No static holiday table for year 2017. Install jpholiday or update market_calendar.py.
2026-09-20 06:37:03,066 [WARNING] leadlag.core.market_calendar: No static holiday table for year 2017. Install jpholiday or update market_calendar.py.
2026-09-20 06:37:03,066 [WARNING] leadlag.core.market_calendar: No static holiday table for year 2017. Install jpholiday or update market_calendar.py.
2026-09-20 06:37:03,066 [WARNING] leadlag.core.market_calendar: No static holiday table for year 2017. Install jpholiday or update market_calendar.py.
2026-09-20 06:37:03,066 [WARNING] leadlag.core.market_calendar: No static holiday table for year 2017. Install jpholiday or update market_calendar.py.
2026-09-20 06:37:03,066 [WARNING] leadlag.core.market_calendar: No static holiday table for year 2017. Install jpholiday or update market_calendar.py.
2026-09-20 06:37:03,066 [WARNING] leadlag.core.market_calendar: No static holiday table for year 2017. Install jpholiday or update market_calendar.py.
2026-09-20 06:37:03,067 [WARNING] leadlag.core.market_calendar: No static holiday table for year 2017. Install jpholiday or update market_calendar.py.
2026-09-20 06:37:03,067 [WARNING] leadlag.core.market_calendar: No static holiday table for year 2017. Install jpholiday or update market_calendar.py.
2026-09-20 06:37:03,067 [WARNING] leadlag.core.market_calendar: No static holiday table for year 2017. Install jpholiday or update market_calendar.py.
2026-09-20 06:37:03,067 [WARNING] leadlag.core.market_calendar: No static holiday table for year 2017. Install jpholiday or update market_calendar.py.
2026-09-20 06:37:03,067 [WARNING] leadlag.core.market_calendar: No static holiday table for year 2017. Install jpholiday or update market_calendar.py.
2026-09-20 06:37:03,067 [WARNING] leadlag.core.market_calendar: No static holiday table for year 2017. Install jpholiday or update market_calendar.py.
2026-09-20 06:37:03,067 [WARNING] leadlag.core.market_calendar: No static holiday table for year 2017. Install jpholiday or update market_calendar.py.
2026-09-20 06:37:03,068 [WARNING] leadlag.core.market_calendar: No static holiday table for year 2017. Install jpholiday or update market_calendar.py.
2026-09-20 06:37:03,068 [WARNING] leadlag.core.market_calendar: No static holiday table for year 2017. Install jpholiday or update market_calendar.py.
2026-09-20 06:37:03,068 [WARNING] leadlag.core.market_calendar: No static holiday table for year 2017. Install jpholiday or update market_calendar.py.
2026-09-20 06:37:03,068 [WARNING] leadlag.core.market_calendar: No static holiday table for year 2017. Install jpholiday or update market_calendar.py.
2026-09-20 06:37:03,068 [WARNING] leadlag.core.market_calendar: No static holiday table for year 2017. Install jpholiday or update market_calendar.py.
2026-09-20 06:37:03,068 [WARNING] leadlag.core.market_calendar: No static holiday table for year 2017. Install jpholiday or update market_calendar.py.
2026-09-20 06:37:03,068 [WARNING] leadlag.core.market_calendar: No static holiday table for year 2017. Install jpholiday or update market_calendar.py.
2026-09-20 06:37:03,069 [WARNING] leadlag.core.market_calendar: No static holiday table for year 2017. Install jpholiday or update market_calendar.py.
2026-09-20 06:37:03,069 [WARNING] leadlag.core.market_calendar: No static holiday table for year 2017. Install jpholiday or update market_calendar.py.
2026-09-20 06:37:03,069 [WARNING] leadlag.core.market_calendar: No static holiday table for year 2017. Install jpholiday or update market_calendar.py.
2026-09-20 06:37:03,069 [WARNING] leadlag.core.market_calendar: No static holiday table for year 2017. Install jpholiday or update market_calendar.py.
2026-09-20 06:37:03,069 [WARNING] leadlag.core.market_calendar: No static holiday table for year 2017. Install jpholiday or update market_calendar.py.
2026-09-20 06:37:03,069 [WARNING] leadlag.core.market_calendar: No static holiday table for year 2017. Install jpholiday or update market_calendar.py.
2026-09-20 06:37:03,069 [WARNING] leadlag.core.market_calendar: No static holiday table for year 2017. Install jpholiday or update market_calendar.py.
2026-09-20 06:37:03,070 [WARNING] leadlag.core.market_calendar: No static holiday table for year 2017. Install jpholiday or update market_calendar.py.
2026-09-20 06:37:03,070 [WARNING] leadlag.core.market_calendar: No static holiday table for year 2017. Install jpholiday or update market_calendar.py.
2026-09-20 06:37:03,070 [WARNING] leadlag.core.market_calendar: No static holiday table for year 2017. Install jpholiday or update market_calendar.py.
2026-09-20 06:37:03,070 [WARNING] leadlag.core.market_calendar: No static holiday table for year 2017. Install jpholiday or update market_calendar.py.
2026-09-20 06:37:03,070 [WARNING] leadlag.core.market_calendar: No static holiday table for year 2017. Install jpholiday or update market_calendar.py.
2026-09-20 06:37:03,070 [WARNING] leadlag.core.market_calendar: No static holiday table for year 2017. Install jpholiday or update market_calendar.py.
2026-09-20 06:37:03,070 [WARNING] leadlag.core.market_calendar: No static holiday table for year 2017. Install jpholiday or update market_calendar.py.
2026-09-20 06:37:03,071 [WARNING] leadlag.core.market_calendar: No static holiday table for year 2017. Install jpholiday or update market_calendar.py.
2026-09-20 06:37:03,071 [WARNING] leadlag.core.market_calendar: No static holiday table for year 2017. Install jpholiday or update market_calendar.py.
2026-09-20 06:37:03,071 [WARNING] leadlag.core.market_calendar: No static holiday table for year 2017. Install jpholiday or update market_calendar.py.
2026-09-20 06:37:03,071 [WARNING] leadlag.core.market_calendar: No static holiday table for year 2017. Install jpholiday or update market_calendar.py.
2026-09-20 06:37:03,071 [WARNING] leadlag.core.market_calendar: No static holiday table for year 2017. Install jpholiday or update market_calendar.py.
2026-09-20 06:37:03,071 [WARNING] leadlag.core.market_calendar: No static holiday table for year 2017. Install jpholiday or update market_calendar.py.
2026-09-20 06:37:03,071 [WARNING] leadlag.core.market_calendar: No static holiday table for year 2017. Install jpholiday or update market_calendar.py.
2026-09-20 06:37:03,071 [WARNING] leadlag.core.market_calendar: No static holiday table for year 2017. Install jpholiday or update market_calendar.py.
2026-09-20 06:37:03,072 [WARNING] leadlag.core.market_calendar: No static holiday table for year 2017. Install jpholiday or update market_calendar.py.
2026-09-20 06:37:03,072 [WARNING] leadlag.core.market_calendar: No static holiday table for year 2017. Install jpholiday or update market_calendar.py.
2026-09-20 06:37:03,072 [WARNING] leadlag.core.market_calendar: No static holiday table for year 2017. Install jpholiday or update market_calendar.py.
2026-09-20 06:37:03,072 [WARNING] leadlag.core.market_calendar: No static holiday table for year 2017. Install jpholiday or update market_calendar.py.
2026-09-20 06:37:03,072 [WARNING] leadlag.core.market_calendar: No static holiday table for year 2017. Install jpholiday or update market_calendar.py.
2026-09-20 06:37:03,072 [WARNING] leadlag.core.market_calendar: No static holiday table for year 2017. Install jpholiday or update market_calendar.py.
2026-09-20 06:37:03,072 [WARNING] leadlag.core.market_calendar: No static holiday table for year 2017. Install jpholiday or update market_calendar.py.
2026-09-20 06:37:03,073 [WARNING] leadlag.core.market_calendar: No static holiday table for year 2017. Install jpholiday or update market_calendar.py.
2026-09-20 06:37:03,073 [WARNING] leadlag.core.market_calendar: No static holiday table for year 2017. Install jpholiday or update market_calendar.py.
2026-09-20 06:37:03,073 [WARNING] leadlag.core.market_calendar: No static holiday table for year 2017. Install jpholiday or update market_calendar.py.
2026-09-20 06:37:03,073 [WARNING] leadlag.core.market_calendar: No static holiday table for year 2017. Install jpholiday or update market_calendar.py.
2026-09-20 06:37:03,073 [WARNING] leadlag.core.market_calendar: No static holiday table for year 2017. Install jpholiday or update market_calendar.py.
2026-09-20 06:37:03,073 [WARNING] leadlag.core.market_calendar: No static holiday table for year 2017. Install jpholiday or update market_calendar.py.
2026-09-20 06:37:03,073 [WARNING] leadlag.core.market_calendar: No static holiday table for year 2017. Install jpholiday or update market_calendar.py.
2026-09-20 06:37:03,074 [WARNING] leadlag.core.market_calendar: No static holiday table for year 2017. Install jpholiday or update market_calendar.py.
2026-09-20 06:37:03,074 [WARNING] leadlag.core.market_calendar: No static holiday table for year 2017. Install jpholiday or update market_calendar.py.
2026-09-20 06:37:03,074 [WARNING] leadlag.core.market_calendar: No static holiday table for year 2017. Install jpholiday or update market_calendar.py.
2026-09-20 06:37:03,074 [WARNING] leadlag.core.market_calendar: No static holiday table for year 2017. Install jpholiday or update market_calendar.py.
2026-09-20 06:37:03,074 [WARNING] leadlag.core.market_calendar: No static holiday table for year 2017. Install jpholiday or update market_calendar.py.
2026-09-20 06:37:03,074 [WARNING] leadlag.core.market_calendar: No static holiday table for year 2017. Install jpholiday or update market_calendar.py.
2026-09-20 06:37:03,074 [WARNING] leadlag.core.market_calendar: No static holiday table for year 2017. Install jpholiday or update market_calendar.py.
2026-09-20 06:37:03,075 [WARNING] leadlag.core.market_calendar: No static holiday table for year 2017. Install jpholiday or update market_calendar.py.
2026-09-20 06:37:03,075 [WARNING] leadlag.core.market_calendar: No static holiday table for year 2017. Install jpholiday or update market_calendar.py.
2026-09-20 06:37:03,075 [WARNING] leadlag.core.market_calendar: No static holiday table for year 2017. Install jpholiday or update market_calendar.py.
2026-09-20 06:37:03,075 [WARNING] leadlag.core.market_calendar: No static holiday table for year 2017. Install jpholiday or update market_calendar.py.
2026-09-20 06:37:03,075 [WARNING] leadlag.core.market_calendar: No static holiday table for year 2017. Install jpholiday or update market_calendar.py.
2026-09-20 06:37:03,075 [WARNING] leadlag.core.market_calendar: No static holiday table for year 2017. Install jpholiday or update market_calendar.py.
2026-09-20 06:37:03,075 [WARNING] leadlag.core.market_calendar: No static holiday table for year 2017. Install jpholiday or update market_calendar.py.
2026-09-20 06:37:03,075 [WARNING] leadlag.core.market_calendar: No static holiday table for year 2017. Install jpholiday or update market_calendar.py.
2026-09-20 06:37:03,076 [WARNING] leadlag.core.market_calendar: No static holiday table for year 2017. Install jpholiday or update market_calendar.py.
2026-09-20 06:37:03,076 [WARNING] leadlag.core.market_calendar: No static holiday table for year 2017. Install jpholiday or update market_calendar.py.
2026-09-20 06:37:03,076 [WARNING] leadlag.core.market_calendar: No static holiday table for year 2017. Install jpholiday or update market_calendar.py.
2026-09-20 06:37:03,076 [WARNING] leadlag.core.market_calendar: No static holiday table for year 2017. Install jpholiday or update market_calendar.py.
2026-09-20 06:37:03,076 [WARNING] leadlag.core.market_calendar: No static holiday table for year 2017. Install jpholiday or update market_calendar.py.
2026-09-20 06:37:03,076 [WARNING] leadlag.core.market_calendar: No static holiday table for year 2017. Install jpholiday or update market_calendar.py.
2026-09-20 06:37:03,077 [WARNING] leadlag.core.market_calendar: No static holiday table for year 2017. Install jpholiday or update market_calendar.py.
2026-09-20 06:37:03,077 [WARNING] leadlag.core.market_calendar: No static holiday table for year 2017. Install jpholiday or update market_calendar.py.
2026-09-20 06:37:03,077 [WARNING] leadlag.core.market_calendar: No static holiday table for year 2017. Install jpholiday or update market_calendar.py.
2026-09-20 06:37:03,077 [WARNING] leadlag.core.market_calendar: No static holiday table for year 2017. Install jpholiday or update market_calendar.py.
2026-09-20 06:37:03,077 [WARNING] leadlag.core.market_calendar: No static holiday table for year 2017. Install jpholiday or update market_calendar.py.
2026-09-20 06:37:03,077 [WARNING] leadlag.core.market_calendar: No static holiday table for year 2017. Install jpholiday or update market_calendar.py.
2026-09-20 06:37:03,078 [WARNING] leadlag.core.market_calendar: No static holiday table for year 2017. Install jpholiday or update market_calendar.py.
2026-09-20 06:37:03,078 [WARNING] leadlag.core.market_calendar: No static holiday table for year 2017. Install jpholiday or update market_calendar.py.
2026-09-20 06:37:03,078 [WARNING] leadlag.core.market_calendar: No static holiday table for year 2017. Install jpholiday or update market_calendar.py.
2026-09-20 06:37:03,078 [WARNING] leadlag.core.market_calendar: No static holiday table for year 2017. Install jpholiday or update market_calendar.py.
2026-09-20 06:37:03,078 [WARNING] leadlag.core.market_calendar: No static holiday table for year 2017. Install jpholiday or update market_calendar.py.
2026-09-20 06:37:03,078 [WARNING] leadlag.core.market_calendar: No static holiday table for year 2017. Install jpholiday or update market_calendar.py.
2026-09-20 06:37:03,079 [WARNING] leadlag.core.market_calendar: No static holiday table for year 2017. Install jpholiday or update market_calendar.py.
2026-09-20 06:37:03,079 [WARNING] leadlag.core.market_calendar: No static holiday table for year 2017. Install jpholiday or update market_calendar.py.
2026-09-20 06:37:03,079 [WARNING] leadlag.core.market_calendar: No static holiday table for year 2017. Install jpholiday or update market_calendar.py.
2026-09-20 06:37:03,079 [WARNING] leadlag.core.market_calendar: No static holiday table for year 2017. Install jpholiday or update market_calendar.py.
2026-09-20 06:37:03,079 [WARNING] leadlag.core.market_calendar: No static holiday table for year 2017. Install jpholiday or update market_calendar.py.
2026-09-20 06:37:03,079 [WARNING] leadlag.core.market_calendar: No static holiday table for year 2017. Install jpholiday or update market_calendar.py.
2026-09-20 06:37:03,079 [WARNING] leadlag.core.market_calendar: No static holiday table for year 2017. Install jpholiday or update market_calendar.py.
2026-09-20 06:37:03,080 [WARNING] leadlag.core.market_calendar: No static holiday table for year 2017. Install jpholiday or update market_calendar.py.
2026-09-20 06:37:03,080 [WARNING] leadlag.core.market_calendar: No static holiday table for year 2017. Install jpholiday or update market_calendar.py.
2026-09-20 06:37:03,080 [WARNING] leadlag.core.market_calendar: No static holiday table for year 2017. Install jpholiday or update market_calendar.py.
2026-09-20 06:37:03,081 [WARNING] leadlag.core.market_calendar: No static holiday table for year 2017. Install jpholiday or update market_calendar.py.
2026-09-20 06:37:03,081 [WARNING] leadlag.core.market_calendar: No static holiday table for year 2017. Install jpholiday or update market_calendar.py.
2026-09-20 06:37:03,081 [WARNING] leadlag.core.market_calendar: No static holiday table for year 2017. Install jpholiday or update market_calendar.py.
2026-09-20 06:37:03,081 [WARNING] leadlag.core.market_calendar: No static holiday table for year 2017. Install jpholiday or update market_calendar.py.
2026-09-20 06:37:03,081 [WARNING] leadlag.core.market_calendar: No static holiday table for year 2017. Install jpholiday or update market_calendar.py.
2026-09-20 06:37:03,081 [WARNING] leadlag.core.market_calendar: No static holiday table for year 2017. Install jpholiday or update market_calendar.py.
2026-09-20 06:37:03,082 [WARNING] leadlag.core.market_calendar: No static holiday table for year 2017. Install jpholiday or update market_calendar.py.
2026-09-20 06:37:03,082 [WARNING] leadlag.core.market_calendar: No static holiday table for year 2017. Install jpholiday or update market_calendar.py.
2026-09-20 06:37:03,082 [WARNING] leadlag.core.market_calendar: No static holiday table for year 2017. Install jpholiday or update market_calendar.py.
2026-09-20 06:37:03,082 [WARNING] leadlag.core.market_calendar: No static holiday table for year 2017. Install jpholiday or update market_calendar.py.
2026-09-20 06:37:03,082 [WARNING] leadlag.core.market_calendar: No static holiday table for year 2017. Install jpholiday or update market_calendar.py.
2026-09-20 06:37:03,082 [WARNING] leadlag.core.market_calendar: No static holiday table for year 2017. Install jpholiday or update market_calendar.py.
2026-09-20 06:37:03,082 [WARNING] leadlag.core.market_calendar: No static holiday table for year 2017. Install jpholiday or update market_calendar.py.
2026-09-20 06:37:03,083 [WARNING] leadlag.core.market_calendar: No static holiday table for year 2017. Install jpholiday or update market_calendar.py.
2026-09-20 06:37:03,083 [WARNING] leadlag.core.market_calendar: No static holiday table for year 2017. Install jpholiday or update market_calendar.py.
2026-09-20 06:37:03,083 [WARNING] leadlag.core.market_calendar: No static holiday table for year 2017. Install jpholiday or update market_calendar.py.
2026-09-20 06:37:03,083 [WARNING] leadlag.core.market_calendar: No static holiday table for year 2017. Install jpholiday or update market_calendar.py.
2026-09-20 06:37:03,083 [WARNING] leadlag.core.market_calendar: No static holiday table for year 2017. Install jpholiday or update market_calendar.py.
2026-09-20 06:37:03,084 [WARNING] leadlag.core.market_calendar: No static holiday table for year 2017. Install jpholiday or update market_calendar.py.
2026-09-20 06:37:03,084 [WARNING] leadlag.core.market_calendar: No static holiday table for year 2017. Install jpholiday or update market_calendar.py.
2026-09-20 06:37:03,084 [WARNING] leadlag.core.market_calendar: No static holiday table for year 2017. Install jpholiday or update market_calendar.py.
2026-09-20 06:37:03,084 [WARNING] leadlag.core.market_calendar: No static holiday table for year 2017. Install jpholiday or update market_calendar.py.
2026-09-20 06:37:03,084 [WARNING] leadlag.core.market_calendar: No static holiday table for year 2017. Install jpholiday or update market_calendar.py.
2026-09-20 06:37:03,085 [WARNING] leadlag.core.market_calendar: No static holiday table for year 2017. Install jpholiday or update market_calendar.py.
2026-09-20 06:37:03,085 [WARNING] leadlag.core.market_calendar: No static holiday table for year 2017. Install jpholiday or update market_calendar.py.
2026-09-20 06:37:03,086 [WARNING] leadlag.core.market_calendar: No static holiday table for year 2017. Install jpholiday or update market_calendar.py.
2026-09-20 06:37:03,086 [WARNING] leadlag.core.market_calendar: No static holiday table for year 2017. Install jpholiday or update market_calendar.py.
2026-09-20 06:37:03,086 [WARNING] leadlag.core.market_calendar: No static holiday table for year 2017. Install jpholiday or update market_calendar.py.
2026-09-20 06:37:03,086 [WARNING] leadlag.core.market_calendar: No static holiday table for year 2017. Install jpholiday or update market_calendar.py.
2026-09-20 06:37:03,086 [WARNING] leadlag.core.market_calendar: No static holiday table for year 2017. Install jpholiday or update market_calendar.py.
2026-09-20 06:37:03,087 [WARNING] leadlag.core.market_calendar: No static holiday table for year 2017. Install jpholiday or update market_calendar.py.
2026-09-20 06:37:03,087 [WARNING] leadlag.core.market_calendar: No static holiday table for year 2017. Install jpholiday or update market_calendar.py.
2026-09-20 06:37:03,087 [WARNING] leadlag.core.market_calendar: No static holiday table for year 2017. Install jpholiday or update market_calendar.py.
2026-09-20 06:37:03,087 [WARNING] leadlag.core.market_calendar: No static holiday table for year 2017. Install jpholiday or update market_calendar.py.
2026-09-20 06:37:03,087 [WARNING] leadlag.core.market_calendar: No static holiday table for year 2017. Install jpholiday or update market_calendar.py.
2026-09-20 06:37:03,088 [WARNING] leadlag.core.market_calendar: No static holiday table for year 2017. Install jpholiday or update market_calendar.py.
2026-09-20 06:37:03,088 [WARNING] leadlag.core.market_calendar: No static holiday table for year 2017. Install jpholiday or update market_calendar.py.
2026-09-20 06:37:03,088 [WARNING] leadlag.core.market_calendar: No static holiday table for year 2017. Install jpholiday or update market_calendar.py.
2026-09-20 06:37:03,088 [WARNING] leadlag.core.market_calendar: No static holiday table for year 2017. Install jpholiday or update market_calendar.py.
2026-09-20 06:37:03,089 [WARNING] leadlag.core.market_calendar: No static holiday table for year 2017. Install jpholiday or update market_calendar.py.
2026-09-20 06:37:03,089 [WARNING] leadlag.core.market_calendar: No static holiday table for year 2017. Install jpholiday or update market_calendar.py.
2026-09-20 06:37:03,089 [WARNING] leadlag.core.market_calendar: No static holiday table for year 2017. Install jpholiday or update market_calendar.py.
2026-09-20 06:37:03,089 [WARNING] leadlag.core.market_calendar: No static holiday table for year 2017. Install jpholiday or update market_calendar.py.
2026-09-20 06:37:03,089 [WARNING] leadlag.core.market_calendar: No static holiday table for year 2017. Install jpholiday or update market_calendar.py.
2026-09-20 06:37:03,089 [WARNING] leadlag.core.market_calendar: No static holiday table for year 2017. Install jpholiday or update market_calendar.py.
2026-09-20 06:37:03,090 [WARNING] leadlag.core.market_calendar: No static holiday table for year 2017. Install jpholiday or update market_calendar.py.
2026-09-20 06:37:03,090 [WARNING] leadlag.core.market_calendar: No static holiday table for year 2017. Install jpholiday or update market_calendar.py.
2026-09-20 06:37:03,090 [WARNING] leadlag.core.market_calendar: No static holiday table for year 2017. Install jpholiday or update market_calendar.py.
2026-09-20 06:37:03,090 [WARNING] leadlag.core.market_calendar: No static holiday table for year 2017. Install jpholiday or update market_calendar.py.
2026-09-20 06:37:03,090 [WARNING] leadlag.core.market_calendar: No static holiday table for year 2017. Install jpholiday or update market_calendar.py.
2026-09-20 06:37:03,090 [WARNING] leadlag.core.market_calendar: No static holiday table for year 2017. Install jpholiday or update market_calendar.py.
2026-09-20 06:37:03,091 [WARNING] leadlag.core.market_calendar: No static holiday table for year 2017. Install jpholiday or update market_calendar.py.
2026-09-20 06:37:03,091 [WARNING] leadlag.core.market_calendar: No static holiday table for year 2017. Install jpholiday or update market_calendar.py.
2026-09-20 06:37:03,091 [WARNING] leadlag.core.market_calendar: No static holiday table for year 2017. Install jpholiday or update market_calendar.py.
2026-09-20 06:37:03,091 [WARNING] leadlag.core.market_calendar: No static holiday table for year 2017. Install jpholiday or update market_calendar.py.
2026-09-20 06:37:03,091 [WARNING] leadlag.core.market_calendar: No static holiday table for year 2017. Install jpholiday or update market_calendar.py.
2026-09-20 06:37:03,091 [WARNING] leadlag.core.market_calendar: No static holiday table for year 2017. Install jpholiday or update market_calendar.py.
2026-09-20 06:37:03,092 [WARNING] leadlag.core.market_calendar: No static holiday table for year 2017. Install jpholiday or update market_calendar.py.
2026-09-20 06:37:03,092 [WARNING] leadlag.core.market_calendar: No static holiday table for year 2017. Install jpholiday or update market_calendar.py.
2026-09-20 06:37:03,092 [WARNING] leadlag.core.market_calendar: No static holiday table for year 2017. Install jpholiday or update market_calendar.py.
2026-09-20 06:37:03,092 [WARNING] leadlag.core.market_calendar: No static holiday table for year 2017. Install jpholiday or update market_calendar.py.
2026-09-20 06:37:03,092 [WARNING] leadlag.core.market_calendar: No static holiday table for year 2017. Install jpholiday or update market_calendar.py.
2026-09-20 06:37:03,093 [WARNING] leadlag.core.market_calendar: No static holiday table for year 2017. Install jpholiday or update market_calendar.py.
2026-09-20 06:37:03,093 [WARNING] leadlag.core.market_calendar: No static holiday table for year 2017. Install jpholiday or update market_calendar.py.
2026-09-20 06:37:03,093 [WARNING] leadlag.core.market_calendar: No static holiday table for year 2017. Install jpholiday or update market_calendar.py.
2026-09-20 06:37:03,093 [WARNING] leadlag.core.market_calendar: No static holiday table for year 2017. Install jpholiday or update market_calendar.py.
2026-09-20 06:37:03,093 [WARNING] leadlag.core.market_calendar: No static holiday table for year 2017. Install jpholiday or update market_calendar.py.
2026-09-20 06:37:03,093 [WARNING] leadlag.core.market_calendar: No static holiday table for year 2017. Install jpholiday or update market_calendar.py.
2026-09-20 06:37:03,093 [WARNING] leadlag.core.market_calendar: No static holiday table for year 2017. Install jpholiday or update market_calendar.py.
2026-09-20 06:37:03,094 [WARNING] leadlag.core.market_calendar: No static holiday table for year 2017. Install jpholiday or update market_calendar.py.
2026-09-20 06:37:03,094 [WARNING] leadlag.core.market_calendar: No static holiday table for year 2017. Install jpholiday or update market_calendar.py.
2026-09-20 06:37:03,094 [WARNING] leadlag.core.market_calendar: No static holiday table for year 2017. Install jpholiday or update market_calendar.py.
2026-09-20 06:37:03,094 [WARNING] leadlag.core.market_calendar: No static holiday table for year 2017. Install jpholiday or update market_calendar.py.
2026-09-20 06:37:03,094 [WARNING] leadlag.core.market_calendar: No static holiday table for year 2017. Install jpholiday or update market_calendar.py.
2026-09-20 06:37:03,095 [WARNING] leadlag.core.market_calendar: No static holiday table for year 2017. Install jpholiday or update market_calendar.py.
2026-09-20 06:37:03,095 [WARNING] leadlag.core.market_calendar: No static holiday table for year 2017. Install jpholiday or update market_calendar.py.
2026-09-20 06:37:03,095 [WARNING] leadlag.core.market_calendar: No static holiday table for year 2017. Install jpholiday or update market_calendar.py.
2026-09-20 06:37:03,095 [WARNING] leadlag.core.market_calendar: No static holiday table for year 2017. Install jpholiday or update market_calendar.py.
2026-09-20 06:37:03,095 [WARNING] leadlag.core.market_calendar: No static holiday table for year 2017. Install jpholiday or update market_calendar.py.
2026-09-20 06:37:03,095 [WARNING] leadlag.core.market_calendar: No static holiday table for year 2017. Install jpholiday or update market_calendar.py.
2026-09-20 06:37:03,095 [WARNING] leadlag.core.market_calendar: No static holiday table for year 2017. Install jpholiday or update market_calendar.py.
2026-09-20 06:37:03,096 [WARNING] leadlag.core.market_calendar: No static holiday table for year 2017. Install jpholiday or update market_calendar.py.
2026-09-20 06:37:03,096 [WARNING] leadlag.core.market_calendar: No static holiday table for year 2017. Install jpholiday or update market_calendar.py.
2026-09-20 06:37:03,096 [WARNING] leadlag.core.market_calendar: No static holiday table for year 2017. Install jpholiday or update market_calendar.py.
2026-09-20 06:37:03,096 [WARNING] leadlag.core.market_calendar: No static holiday table for year 2017. Install jpholiday or update market_calendar.py.
2026-09-20 06:37:03,096 [WARNING] leadlag.core.market_calendar: No static holiday table for year 2017. Install jpholiday or update market_calendar.py.
2026-09-20 06:37:03,096 [WARNING] leadlag.core.market_calendar: No static holiday table for year 2017. Install jpholiday or update market_calendar.py.
2026-09-20 06:37:03,096 [WARNING] leadlag.core.market_calendar: No static holiday table for year 2017. Install jpholiday or update market_calendar.py.
2026-09-20 06:37:03,097 [WARNING] leadlag.core.market_calendar: No static holiday table for year 2017. Install jpholiday or update market_calendar.py.
2026-09-20 06:37:03,097 [WARNING] leadlag.core.market_calendar: No static holiday table for year 2017. Install jpholiday or update market_calendar.py.
2026-09-20 06:37:03,097 [WARNING] leadlag.core.market_calendar: No static holiday table for year 2017. Install jpholiday or update market_calendar.py.
2026-09-20 06:37:03,097 [WARNING] leadlag.core.market_calendar: No static holiday table for year 2017. Install jpholiday or update market_calendar.py.
2026-09-20 06:37:03,097 [WARNING] leadlag.core.market_calendar: No static holiday table for year 2017. Install jpholiday or update market_calendar.py.
2026-09-20 06:37:03,097 [WARNING] leadlag.core.market_calendar: No static holiday table for year 2017. Install jpholiday or update market_calendar.py.
2026-09-20 06:37:03,097 [WARNING] leadlag.core.market_calendar: No static holiday table for year 2017. Install jpholiday or update market_calendar.py.
2026-09-20 06:37:03,098 [WARNING] leadlag.core.market_calendar: No static holiday table for year 2017. Install jpholiday or update market_calendar.py.
2026-09-20 06:37:03,098 [WARNING] leadlag.core.market_calendar: No static holiday table for year 2018. Install jpholiday or update market_calendar.py.
2026-09-20 06:37:03,098 [WARNING] leadlag.core.market_calendar: No static holiday table for year 2018. Install jpholiday or update market_calendar.py.
2026-09-20 06:37:03,098 [WARNING] leadlag.core.market_calendar: No static holiday table for year 2018. Install jpholiday or update market_calendar.py.
2026-09-20 06:37:03,099 [WARNING] leadlag.core.market_calendar: No static holiday table for year 2018. Install jpholiday or update market_calendar.py.
2026-09-20 06:37:03,099 [WARNING] leadlag.core.market_calendar: No static holiday table for year 2018. Install jpholiday or update market_calendar.py.
2026-09-20 06:37:03,099 [WARNING] leadlag.core.market_calendar: No static holiday table for year 2018. Install jpholiday or update market_calendar.py.
2026-09-20 06:37:03,099 [WARNING] leadlag.core.market_calendar: No static holiday table for year 2018. Install jpholiday or update market_calendar.py.
2026-09-20 06:37:03,100 [WARNING] leadlag.core.market_calendar: No static holiday table for year 2018. Install jpholiday or update market_calendar.py.
2026-09-20 06:37:03,100 [WARNING] leadlag.core.market_calendar: No static holiday table for year 2018. Install jpholiday or update market_calendar.py.
2026-09-20 06:37:03,100 [WARNING] leadlag.core.market_calendar: No static holiday table for year 2018. Install jpholiday or update market_calendar.py.
2026-09-20 06:37:03,100 [WARNING] leadlag.core.market_calendar: No static holiday table for year 2018. Install jpholiday or update market_calendar.py.
2026-09-20 06:37:03,100 [WARNING] leadlag.core.market_calendar: No static holiday table for year 2018. Install jpholiday or update market_calendar.py.
2026-09-20 06:37:03,100 [WARNING] leadlag.core.market_calendar: No static holiday table for year 2018. Install jpholiday or update market_calendar.py.
2026-09-20 06:37:03,100 [WARNING] leadlag.core.market_calendar: No static holiday table for year 2018. Install jpholiday or update market_calendar.py.
2026-09-20 06:37:03,101 [WARNING] leadlag.core.market_calendar: No static holiday table for year 2018. Install jpholiday or update market_calendar.py.
2026-09-20 06:37:03,101 [WARNING] leadlag.core.market_calendar: No static holiday table for year 2018. Install jpholiday or update market_calendar.py.
2026-09-20 06:37:03,101 [WARNING] leadlag.core.market_calendar: No static holiday table for year 2018. Install jpholiday or update market_calendar.py.
2026-09-20 06:37:03,101 [WARNING] leadlag.core.market_calendar: No static holiday table for year 2018. Install jpholiday or update market_calendar.py.
2026-09-20 06:37:03,101 [WARNING] leadlag.core.market_calendar: No static holiday table for year 2018. Install jpholiday or update market_calendar.py.
2026-09-20 06:37:03,101 [WARNING] leadlag.core.market_calendar: No static holiday table for year 2018. Install jpholiday or update market_calendar.py.
2026-09-20 06:37:03,102 [WARNING] leadlag.core.market_calendar: No static holiday table for year 2018. Install jpholiday or update market_calendar.py.
2026-09-20 06:37:03,102 [WARNING] leadlag.core.market_calendar: No static holiday table for year 2018. Install jpholiday or update market_calendar.py.
2026-09-20 06:37:03,102 [WARNING] leadlag.core.market_calendar: No static holiday table for year 2018. Install jpholiday or update market_calendar.py.
2026-09-20 06:37:03,102 [WARNING] leadlag.core.market_calendar: No static holiday table for year 2018. Install jpholiday or update market_calendar.py.
2026-09-20 06:37:03,102 [WARNING] leadlag.core.market_calendar: No static holiday table for year 2018. Install jpholiday or update market_calendar.py.
2026-09-20 06:37:03,102 [WARNING] leadlag.core.market_calendar: No static holiday table for year 2018. Install jpholiday or update market_calendar.py.
2026-09-20 06:37:03,102 [WARNING] leadlag.core.market_calendar: No static holiday table for year 2018. Install jpholiday or update market_calendar.py.
2026-09-20 06:37:03,103 [WARNING] leadlag.core.market_calendar: No static holiday table for year 2018. Install jpholiday or update market_calendar.py.
2026-09-20 06:37:03,103 [WARNING] leadlag.core.market_calendar: No static holiday table for year 2018. Install jpholiday or update market_calendar.py.
2026-09-20 06:37:03,103 [WARNING] leadlag.core.market_calendar: No static holiday table for year 2018. Install jpholiday or update market_calendar.py.
2026-09-20 06:37:03,103 [WARNING] leadlag.core.market_calendar: No static holiday table for year 2018. Install jpholiday or update market_calendar.py.
2026-09-20 06:37:03,103 [WARNING] leadlag.core.market_calendar: No static holiday table for year 2018. Install jpholiday or update market_calendar.py.
2026-09-20 06:37:03,104 [WARNING] leadlag.core.market_calendar: No static holiday table for year 2018. Install jpholiday or update market_calendar.py.
2026-09-20 06:37:03,104 [WARNING] leadlag.core.market_calendar: No static holiday table for year 2018. Install jpholiday or update market_calendar.py.
2026-09-20 06:37:03,104 [WARNING] leadlag.core.market_calendar: No static holiday table for year 2018. Install jpholiday or update market_calendar.py.
2026-09-20 06:37:03,104 [WARNING] leadlag.core.market_calendar: No static holiday table for year 2018. Install jpholiday or update market_calendar.py.
2026-09-20 06:37:03,104 [WARNING] leadlag.core.market_calendar: No static holiday table for year 2018. Install jpholiday or update market_calendar.py.
2026-09-20 06:37:03,104 [WARNING] leadlag.core.market_calendar: No static holiday table for year 2018. Install jpholiday or update market_calendar.py.
2026-09-20 06:37:03,104 [WARNING] leadlag.core.market_calendar: No static holiday table for year 2018. Install jpholiday or update market_calendar.py.
2026-09-20 06:37:03,105 [WARNING] leadlag.core.market_calendar: No static holiday table for year 2018. Install jpholiday or update market_calendar.py.
2026-09-20 06:37:03,105 [WARNING] leadlag.core.market_calendar: No static holiday table for year 2018. Install jpholiday or update market_calendar.py.
2026-09-20 06:37:03,105 [WARNING] leadlag.core.market_calendar: No static holiday table for year 2018. Install jpholiday or update market_calendar.py.
2026-09-20 06:37:03,105 [WARNING] leadlag.core.market_calendar: No static holiday table for year 2018. Install jpholiday or update market_calendar.py.
2026-09-20 06:37:03,105 [WARNING] leadlag.core.market_calendar: No static holiday table for year 2018. Install jpholiday or update market_calendar.py.
2026-09-20 06:37:03,105 [WARNING] leadlag.core.market_calendar: No static holiday table for year 2018. Install jpholiday or update market_calendar.py.
2026-09-20 06:37:03,106 [WARNING] leadlag.core.market_calendar: No static holiday table for year 2018. Install jpholiday or update market_calendar.py.
2026-09-20 06:37:03,106 [WARNING] leadlag.core.market_calendar: No static holiday table for year 2018. Install jpholiday or update market_calendar.py.
2026-09-20 06:37:03,106 [WARNING] leadlag.core.market_calendar: No static holiday table for year 2018. Install jpholiday or update market_calendar.py.
2026-09-20 06:37:03,106 [WARNING] leadlag.core.market_calendar: No static holiday table for year 2018. Install jpholiday or update market_calendar.py.
2026-09-20 06:37:03,106 [WARNING] leadlag.core.market_calendar: No static holiday table for year 2018. Install jpholiday or update market_calendar.py.
2026-09-20 06:37:03,107 [WARNING] leadlag.core.market_calendar: No static holiday table for year 2018. Install jpholiday or update market_calendar.py.
2026-09-20 06:37:03,107 [WARNING] leadlag.core.market_calendar: No static holiday table for year 2018. Install jpholiday or update market_calendar.py.
2026-09-20 06:37:03,107 [WARNING] leadlag.core.market_calendar: No static holiday table for year 2018. Install jpholiday or update market_calendar.py.
2026-09-20 06:37:03,107 [WARNING] leadlag.core.market_calendar: No static holiday table for year 2018. Install jpholiday or update market_calendar.py.
2026-09-20 06:37:03,108 [WARNING] leadlag.core.market_calendar: No static holiday table for year 2018. Install jpholiday or update market_calendar.py.
2026-09-20 06:37:03,108 [WARNING] leadlag.core.market_calendar: No static holiday table for year 2018. Install jpholiday or update market_calendar.py.
2026-09-20 06:37:03,108 [WARNING] leadlag.core.market_calendar: No static holiday table for year 2018. Install jpholiday or update market_calendar.py.
2026-09-20 06:37:03,108 [WARNING] leadlag.core.market_calendar: No static holiday table for year 2018. Install jpholiday or update market_calendar.py.
2026-09-20 06:37:03,108 [WARNING] leadlag.core.market_calendar: No static holiday table for year 2018. Install jpholiday or update market_calendar.py.
2026-09-20 06:37:03,108 [WARNING] leadlag.core.market_calendar: No static holiday table for year 2018. Install jpholiday or update market_calendar.py.
2026-09-20 06:37:03,109 [WARNING] leadlag.core.market_calendar: No static holiday table for year 2018. Install jpholiday or update market_calendar.py.
2026-09-20 06:37:03,109 [WARNING] leadlag.core.market_calendar: No static holiday table for year 2018. Install jpholiday or update market_calendar.py.
2026-09-20 06:37:03,109 [WARNING] leadlag.core.market_calendar: No static holiday table for year 2018. Install jpholiday or update market_calendar.py.
2026-09-20 06:37:03,109 [WARNING] leadlag.core.market_calendar: No static holiday table for year 2018. Install jpholiday or update market_calendar.py.
2026-09-20 06:37:03,109 [WARNING] leadlag.core.market_calendar: No static holiday table for year 2018. Install jpholiday or update market_calendar.py.
2026-09-20 06:37:03,109 [WARNING] leadlag.core.market_calendar: No static holiday table for year 2018. Install jpholiday or update market_calendar.py.
2026-09-20 06:37:03,109 [WARNING] leadlag.core.market_calendar: No static holiday table for year 2018. Install jpholiday or update market_calendar.py.
2026-09-20 06:37:03,110 [WARNING] leadlag.core.market_calendar: No static holiday table for year 2018. Install jpholiday or update market_calendar.py.
2026-09-20 06:37:03,110 [WARNING] leadlag.core.market_calendar: No static holiday table for year 2018. Install jpholiday or update market_calendar.py.
2026-09-20 06:37:03,110 [WARNING] leadlag.core.market_calendar: No static holiday table for year 2018. Install jpholiday or update market_calendar.py.
2026-09-20 06:37:03,110 [WARNING] leadlag.core.market_calendar: No static holiday table for year 2018. Install jpholiday or update market_calendar.py.
2026-09-20 06:37:03,110 [WARNING] leadlag.core.market_calendar: No static holiday table for year 2018. Install jpholiday or update market_calendar.py.
2026-09-20 06:37:03,110 [WARNING] leadlag.core.market_calendar: No static holiday table for year 2018. Install jpholiday or update market_calendar.py.
2026-09-20 06:37:03,110 [WARNING] leadlag.core.market_calendar: No static holiday table for year 2018. Install jpholiday or update market_calendar.py.
2026-09-20 06:37:03,111 [WARNING] leadlag.core.market_calendar: No static holiday table for year 2018. Install jpholiday or update market_calendar.py.
2026-09-20 06:37:03,111 [WARNING] leadlag.core.market_calendar: No static holiday table for year 2018. Install jpholiday or update market_calendar.py.
2026-09-20 06:37:03,111 [WARNING] leadlag.core.market_calendar: No static holiday table for year 2018. Install jpholiday or update market_calendar.py.
2026-09-20 06:37:03,111 [WARNING] leadlag.core.market_calendar: No static holiday table for year 2018. Install jpholiday or update market_calendar.py.
2026-09-20 06:37:03,111 [WARNING] leadlag.core.market_calendar: No static holiday table for year 2018. Install jpholiday or update market_calendar.py.
2026-09-20 06:37:03,111 [WARNING] leadlag.core.market_calendar: No static holiday table for year 2018. Install jpholiday or update market_calendar.py.
2026-09-20 06:37:03,111 [WARNING] leadlag.core.market_calendar: No static holiday table for year 2018. Install jpholiday or update market_calendar.py.
2026-09-20 06:37:03,112 [WARNING] leadlag.core.market_calendar: No static holiday table for year 2018. Install jpholiday or update market_calendar.py.
2026-09-20 06:37:03,112 [WARNING] leadlag.core.market_calendar: No static holiday table for year 2018. Install jpholiday or update market_calendar.py.
2026-09-20 06:37:03,113 [WARNING] leadlag.core.market_calendar: No static holiday table for year 2018. Install jpholiday or update market_calendar.py.
2026-09-20 06:37:03,113 [WARNING] leadlag.core.market_calendar: No static holiday table for year 2018. Install jpholiday or update market_calendar.py.
2026-09-20 06:37:03,113 [WARNING] leadlag.core.market_calendar: No static holiday table for year 2018. Install jpholiday or update market_calendar.py.
2026-09-20 06:37:03,113 [WARNING] leadlag.core.market_calendar: No static holiday table for year 2018. Install jpholiday or update market_calendar.py.
2026-09-20 06:37:03,113 [WARNING] leadlag.core.market_calendar: No static holiday table for year 2018. Install jpholiday or update market_calendar.py.
2026-09-20 06:37:03,114 [WARNING] leadlag.core.market_calendar: No static holiday table for year 2018. Install jpholiday or update market_calendar.py.
2026-09-20 06:37:03,114 [WARNING] leadlag.core.market_calendar: No static holiday table for year 2018. Install jpholiday or update market_calendar.py.
2026-09-20 06:37:03,114 [WARNING] leadlag.core.market_calendar: No static holiday table for year 2018. Install jpholiday or update market_calendar.py.
2026-09-20 06:37:03,114 [WARNING] leadlag.core.market_calendar: No static holiday table for year 2018. Install jpholiday or update market_calendar.py.
2026-09-20 06:37:03,114 [WARNING] leadlag.core.market_calendar: No static holiday table for year 2018. Install jpholiday or update market_calendar.py.
2026-09-20 06:37:03,114 [WARNING] leadlag.core.market_calendar: No static holiday table for year 2018. Install jpholiday or update market_calendar.py.
2026-09-20 06:37:03,114 [WARNING] leadlag.core.market_calendar: No static holiday table for year 2018. Install jpholiday or update market_calendar.py.
2026-09-20 06:37:03,115 [WARNING] leadlag.core.market_calendar: No static holiday table for year 2018. Install jpholiday or update market_calendar.py.
2026-09-20 06:37:03,115 [WARNING] leadlag.core.market_calendar: No static holiday table for year 2018. Install jpholiday or update market_calendar.py.
2026-09-20 06:37:03,115 [WARNING] leadlag.core.market_calendar: No static holiday table for year 2018. Install jpholiday or update market_calendar.py.
2026-09-20 06:37:03,115 [WARNING] leadlag.core.market_calendar: No static holiday table for year 2018. Install jpholiday or update market_calendar.py.
2026-09-20 06:37:03,115 [WARNING] leadlag.core.market_calendar: No static holiday table for year 2018. Install jpholiday or update market_calendar.py.
2026-09-20 06:37:03,115 [WARNING] leadlag.core.market_calendar: No static holiday table for year 2018. Install jpholiday or update market_calendar.py.
2026-09-20 06:37:03,115 [WARNING] leadlag.core.market_calendar: No static holiday table for year 2018. Install jpholiday or update market_calendar.py.
2026-09-20 06:37:03,115 [WARNING] leadlag.core.market_calendar: No static holiday table for year 2018. Install jpholiday or update market_calendar.py.
2026-09-20 06:37:03,116 [WARNING] leadlag.core.market_calendar: No static holiday table for year 2018. Install jpholiday or update market_calendar.py.
2026-09-20 06:37:03,116 [WARNING] leadlag.core.market_calendar: No static holiday table for year 2018. Install jpholiday or update market_calendar.py.
2026-09-20 06:37:03,116 [WARNING] leadlag.core.market_calendar: No static holiday table for year 2018. Install jpholiday or update market_calendar.py.
2026-09-20 06:37:03,116 [WARNING] leadlag.core.market_calendar: No static holiday table for year 2018. Install jpholiday or update market_calendar.py.
2026-09-20 06:37:03,116 [WARNING] leadlag.core.market_calendar: No static holiday table for year 2018. Install jpholiday or update market_calendar.py.
2026-09-20 06:37:03,116 [WARNING] leadlag.core.market_calendar: No static holiday table for year 2018. Install jpholiday or update market_calendar.py.
2026-09-20 06:37:03,116 [WARNING] leadlag.core.market_calendar: No static holiday table for year 2018. Install jpholiday or update market_calendar.py.
2026-09-20 06:37:03,117 [WARNING] leadlag.core.market_calendar: No static holiday table for year 2018. Install jpholiday or update market_calendar.py.
2026-09-20 06:37:03,117 [WARNING] leadlag.core.market_calendar: No static holiday table for year 2018. Install jpholiday or update market_calendar.py.
2026-09-20 06:37:03,117 [WARNING] leadlag.core.market_calendar: No static holiday table for year 2018. Install jpholiday or update market_calendar.py.
2026-09-20 06:37:03,117 [WARNING] leadlag.core.market_calendar: No static holiday table for year 2018. Install jpholiday or update market_calendar.py.
2026-09-20 06:37:03,117 [WARNING] leadlag.core.market_calendar: No static holiday table for year 2018. Install jpholiday or update market_calendar.py.
2026-09-20 06:37:03,117 [WARNING] leadlag.core.market_calendar: No static holiday table for year 2018. Install jpholiday or update market_calendar.py.
2026-09-20 06:37:03,117 [WARNING] leadlag.core.market_calendar: No static holiday table for year 2018. Install jpholiday or update market_calendar.py.
2026-09-20 06:37:03,118 [WARNING] leadlag.core.market_calendar: No static holiday table for year 2018. Install jpholiday or update market_calendar.py.
2026-09-20 06:37:03,118 [WARNING] leadlag.core.market_calendar: No static holiday table for year 2018. Install jpholiday or update market_calendar.py.
2026-09-20 06:37:03,118 [WARNING] leadlag.core.market_calendar: No static holiday table for year 2018. Install jpholiday or update market_calendar.py.
2026-09-20 06:37:03,118 [WARNING] leadlag.core.market_calendar: No static holiday table for year 2018. Install jpholiday or update market_calendar.py.
2026-09-20 06:37:03,118 [WARNING] leadlag.core.market_calendar: No static holiday table for year 2018. Install jpholiday or update market_calendar.py.
2026-09-20 06:37:03,118 [WARNING] leadlag.core.market_calendar: No static holiday table for year 2018. Install jpholiday or update market_calendar.py.
2026-09-20 06:37:03,118 [WARNING] leadlag.core.market_calendar: No static holiday table for year 2018. Install jpholiday or update market_calendar.py.
2026-09-20 06:37:03,119 [WARNING] leadlag.core.market_calendar: No static holiday table for year 2018. Install jpholiday or update market_calendar.py.
2026-09-20 06:37:03,119 [WARNING] leadlag.core.market_calendar: No static holiday table for year 2018. Install jpholiday or update market_calendar.py.
2026-09-20 06:37:03,119 [WARNING] leadlag.core.market_calendar: No static holiday table for year 2018. Install jpholiday or update market_calendar.py.
2026-09-20 06:37:03,119 [WARNING] leadlag.core.market_calendar: No static holiday table for year 2018. Install jpholiday or update market_calendar.py.
2026-09-20 06:37:03,119 [WARNING] leadlag.core.market_calendar: No static holiday table for year 2018. Install jpholiday or update market_calendar.py.
2026-09-20 06:37:03,119 [WARNING] leadlag.core.market_calendar: No static holiday table for year 2018. Install jpholiday or update market_calendar.py.
2026-09-20 06:37:03,120 [WARNING] leadlag.core.market_calendar: No static holiday table for year 2018. Install jpholiday or update market_calendar.py.
2026-09-20 06:37:03,120 [WARNING] leadlag.core.market_calendar: No static holiday table for year 2018. Install jpholiday or update market_calendar.py.
2026-09-20 06:37:03,120 [WARNING] leadlag.core.market_calendar: No static holiday table for year 2018. Install jpholiday or update market_calendar.py.
2026-09-20 06:37:03,120 [WARNING] leadlag.core.market_calendar: No static holiday table for year 2018. Install jpholiday or update market_calendar.py.
2026-09-20 06:37:03,121 [WARNING] leadlag.core.market_calendar: No static holiday table for year 2018. Install jpholiday or update market_calendar.py.
2026-09-20 06:37:03,121 [WARNING] leadlag.core.market_calendar: No static holiday table for year 2018. Install jpholiday or update market_calendar.py.
2026-09-20 06:37:03,121 [WARNING] leadlag.core.market_calendar: No static holiday table for year 2018. Install jpholiday or update market_calendar.py.
2026-09-20 06:37:03,121 [WARNING] leadlag.core.market_calendar: No static holiday table for year 2018. Install jpholiday or update market_calendar.py.
2026-09-20 06:37:03,121 [WARNING] leadlag.core.market_calendar: No static holiday table for year 2018. Install jpholiday or update market_calendar.py.
2026-09-20 06:37:03,121 [WARNING] leadlag.core.market_calendar: No static holiday table for year 2018. Install jpholiday or update market_calendar.py.
2026-09-20 06:37:03,121 [WARNING] leadlag.core.market_calendar: No static holiday table for year 2018. Install jpholiday or update market_calendar.py.
2026-09-20 06:37:03,122 [WARNING] leadlag.core.market_calendar: No static holiday table for year 2018. Install jpholiday or update market_calendar.py.
2026-09-20 06:37:03,122 [WARNING] leadlag.core.market_calendar: No static holiday table for year 2018. Install jpholiday or update market_calendar.py.
2026-09-20 06:37:03,122 [WARNING] leadlag.core.market_calendar: No static holiday table for year 2018. Install jpholiday or update market_calendar.py.
2026-09-20 06:37:03,122 [WARNING] leadlag.core.market_calendar: No static holiday table for year 2018. Install jpholiday or update market_calendar.py.
2026-09-20 06:37:03,122 [WARNING] leadlag.core.market_calendar: No static holiday table for year 2018. Install jpholiday or update market_calendar.py.
2026-09-20 06:37:03,122 [WARNING] leadlag.core.market_calendar: No static holiday table for year 2018. Install jpholiday or update market_calendar.py.
2026-09-20 06:37:03,123 [WARNING] leadlag.core.market_calendar: No static holiday table for year 2018. Install jpholiday or update market_calendar.py.
2026-09-20 06:37:03,123 [WARNING] leadlag.core.market_calendar: No static holiday table for year 2018. Install jpholiday or update market_calendar.py.
2026-09-20 06:37:03,123 [WARNING] leadlag.core.market_calendar: No static holiday table for year 2018. Install jpholiday or update market_calendar.py.
2026-09-20 06:37:03,123 [WARNING] leadlag.core.market_calendar: No static holiday table for year 2018. Install jpholiday or update market_calendar.py.
2026-09-20 06:37:03,123 [WARNING] leadlag.core.market_calendar: No static holiday table for year 2018. Install jpholiday or update market_calendar.py.
2026-09-20 06:37:03,123 [WARNING] leadlag.core.market_calendar: No static holiday table for year 2018. Install jpholiday or update market_calendar.py.
2026-09-20 06:37:03,123 [WARNING] leadlag.core.market_calendar: No static holiday table for year 2018. Install jpholiday or update market_calendar.py.
2026-09-20 06:37:03,124 [WARNING] leadlag.core.market_calendar: No static holiday table for year 2018. Install jpholiday or update market_calendar.py.
2026-09-20 06:37:03,124 [WARNING] leadlag.core.market_calendar: No static holiday table for year 2018. Install jpholiday or update market_calendar.py.
2026-09-20 06:37:03,124 [WARNING] leadlag.core.market_calendar: No static holiday table for year 2018. Install jpholiday or update market_calendar.py.
2026-09-20 06:37:03,124 [WARNING] leadlag.core.market_calendar: No static holiday table for year 2018. Install jpholiday or update market_calendar.py.
2026-09-20 06:37:03,124 [WARNING] leadlag.core.market_calendar: No static holiday table for year 2018. Install jpholiday or update market_calendar.py.
2026-09-20 06:37:03,124 [WARNING] leadlag.core.market_calendar: No static holiday table for year 2018. Install jpholiday or update market_calendar.py.
2026-09-20 06:37:03,124 [WARNING] leadlag.core.market_calendar: No static holiday table for year 2018. Install jpholiday or update market_calendar.py.
2026-09-20 06:37:03,124 [WARNING] leadlag.core.market_calendar: No static holiday table for year 2018. Install jpholiday or update market_calendar.py.
2026-09-20 06:37:03,125 [WARNING] leadlag.core.market_calendar: No static holiday table for year 2018. Install jpholiday or update market_calendar.py.
2026-09-20 06:37:03,125 [WARNING] leadlag.core.market_calendar: No static holiday table for year 2018. Install jpholiday or update market_calendar.py.
2026-09-20 06:37:03,125 [WARNING] leadlag.core.market_calendar: No static holiday table for year 2018. Install jpholiday or update market_calendar.py.
2026-09-20 06:37:03,125 [WARNING] leadlag.core.market_calendar: No static holiday table for year 2018. Install jpholiday or update market_calendar.py.
2026-09-20 06:37:03,125 [WARNING] leadlag.core.market_calendar: No static holiday table for year 2018. Install jpholiday or update market_calendar.py.
2026-09-20 06:37:03,125 [WARNING] leadlag.core.market_calendar: No static holiday table for year 2018. Install jpholiday or update market_calendar.py.
2026-09-20 06:37:03,126 [WARNING] leadlag.core.market_calendar: No static holiday table for year 2018. Install jpholiday or update market_calendar.py.
2026-09-20 06:37:03,126 [WARNING] leadlag.core.market_calendar: No static holiday table for year 2018. Install jpholiday or update market_calendar.py.
2026-09-20 06:37:03,126 [WARNING] leadlag.core.market_calendar: No static holiday table for year 2018. Install jpholiday or update market_calendar.py.
2026-09-20 06:37:03,126 [WARNING] leadlag.core.market_calendar: No static holiday table for year 2018. Install jpholiday or update market_calendar.py.
2026-09-20 06:37:03,126 [WARNING] leadlag.core.market_calendar: No static holiday table for year 2018. Install jpholiday or update market_calendar.py.
2026-09-20 06:37:03,127 [WARNING] leadlag.core.market_calendar: No static holiday table for year 2018. Install jpholiday or update market_calendar.py.
2026-09-20 06:37:03,127 [WARNING] leadlag.core.market_calendar: No static holiday table for year 2018. Install jpholiday or update market_calendar.py.
2026-09-20 06:37:03,127 [WARNING] leadlag.core.market_calendar: No static holiday table for year 2018. Install jpholiday or update market_calendar.py.
2026-09-20 06:37:03,127 [WARNING] leadlag.core.market_calendar: No static holiday table for year 2018. Install jpholiday or update market_calendar.py.
2026-09-20 06:37:03,128 [WARNING] leadlag.core.market_calendar: No static holiday table for year 2018. Install jpholiday or update market_calendar.py.
2026-09-20 06:37:03,128 [WARNING] leadlag.core.market_calendar: No static holiday table for year 2018. Install jpholiday or update market_calendar.py.
2026-09-20 06:37:03,128 [WARNING] leadlag.core.market_calendar: No static holiday table for year 2018. Install jpholiday or update market_calendar.py.
2026-09-20 06:37:03,128 [WARNING] leadlag.core.market_calendar: No static holiday table for year 2018. Install jpholiday or update market_calendar.py.
2026-09-20 06:37:03,129 [WARNING] leadlag.core.market_calendar: No static holiday table for year 2018. Install jpholiday or update market_calendar.py.
2026-09-20 06:37:03,129 [WARNING] leadlag.core.market_calendar: No static holiday table for year 2018. Install jpholiday or update market_calendar.py.
2026-09-20 06:37:03,130 [WARNING] leadlag.core.market_calendar: No static holiday table for year 2018. Install jpholiday or update market_calendar.py.
2026-09-20 06:37:03,130 [WARNING] leadlag.core.market_calendar: No static holiday table for year 2018. Install jpholiday or update market_calendar.py.
2026-09-20 06:37:03,130 [WARNING] leadlag.core.market_calendar: No static holiday table for year 2018. Install jpholiday or update market_calendar.py.
2026-09-20 06:37:03,130 [WARNING] leadlag.core.market_calendar: No static holiday table for year 2018. Install jpholiday or update market_calendar.py.
2026-09-20 06:37:03,130 [WARNING] leadlag.core.market_calendar: No static holiday table for year 2018. Install jpholiday or update market_calendar.py.
2026-09-20 06:37:03,130 [WARNING] leadlag.core.market_calendar: No static holiday table for year 2018. Install jpholiday or update market_calendar.py.
2026-09-20 06:37:03,131 [WARNING] leadlag.core.market_calendar: No static holiday table for year 2018. Install jpholiday or update market_calendar.py.
2026-09-20 06:37:03,131 [WARNING] leadlag.core.market_calendar: No static holiday table for year 2018. Install jpholiday or update market_calendar.py.
2026-09-20 06:37:03,131 [WARNING] leadlag.core.market_calendar: No static holiday table for year 2018. Install jpholiday or update market_calendar.py.
2026-09-20 06:37:03,131 [WARNING] leadlag.core.market_calendar: No static holiday table for year 2018. Install jpholiday or update market_calendar.py.
2026-09-20 06:37:03,132 [WARNING] leadlag.core.market_calendar: No static holiday table for year 2018. Install jpholiday or update market_calendar.py.
2026-09-20 06:37:03,132 [WARNING] leadlag.core.market_calendar: No static holiday table for year 2018. Install jpholiday or update market_calendar.py.
2026-09-20 06:37:03,132 [WARNING] leadlag.core.market_calendar: No static holiday table for year 2018. Install jpholiday or update market_calendar.py.
2026-09-20 06:37:03,132 [WARNING] leadlag.core.market_calendar: No static holiday table for year 2018. Install jpholiday or update market_calendar.py.
2026-09-20 06:37:03,132 [WARNING] leadlag.core.market_calendar: No static holiday table for year 2018. Install jpholiday or update market_calendar.py.
2026-09-20 06:37:03,132 [WARNING] leadlag.core.market_calendar: No static holiday table for year 2018. Install jpholiday or update market_calendar.py.
2026-09-20 06:37:03,133 [WARNING] leadlag.core.market_calendar: No static holiday table for year 2018. Install jpholiday or update market_calendar.py.
2026-09-20 06:37:03,133 [WARNING] leadlag.core.market_calendar: No static holiday table for year 2018. Install jpholiday or update market_calendar.py.
2026-09-20 06:37:03,133 [WARNING] leadlag.core.market_calendar: No static holiday table for year 2018. Install jpholiday or update market_calendar.py.
2026-09-20 06:37:03,133 [WARNING] leadlag.core.market_calendar: No static holiday table for year 2018. Install jpholiday or update market_calendar.py.
2026-09-20 06:37:03,133 [WARNING] leadlag.core.market_calendar: No static holiday table for year 2018. Install jpholiday or update market_calendar.py.
2026-09-20 06:37:03,133 [WARNING] leadlag.core.market_calendar: No static holiday table for year 2018. Install jpholiday or update market_calendar.py.
2026-09-20 06:37:03,133 [WARNING] leadlag.core.market_calendar: No static holiday table for year 2018. Install jpholiday or update market_calendar.py.
2026-09-20 06:37:03,134 [WARNING] leadlag.core.market_calendar: No static holiday table for year 2018. Install jpholiday or update market_calendar.py.
2026-09-20 06:37:03,134 [WARNING] leadlag.core.market_calendar: No static holiday table for year 2018. Install jpholiday or update market_calendar.py.
2026-09-20 06:37:03,134 [WARNING] leadlag.core.market_calendar: No static holiday table for year 2018. Install jpholiday or update market_calendar.py.
2026-09-20 06:37:03,134 [WARNING] leadlag.core.market_calendar: No static holiday table for year 2018. Install jpholiday or update market_calendar.py.
2026-09-20 06:37:03,134 [WARNING] leadlag.core.market_calendar: No static holiday table for year 2018. Install jpholiday or update market_calendar.py.
2026-09-20 06:37:03,134 [WARNING] leadlag.core.market_calendar: No static holiday table for year 2018. Install jpholiday or update market_calendar.py.
2026-09-20 06:37:03,134 [WARNING] leadlag.core.market_calendar: No static holiday table for year 2018. Install jpholiday or update market_calendar.py.
2026-09-20 06:37:03,135 [WARNING] leadlag.core.market_calendar: No static holiday table for year 2018. Install jpholiday or update market_calendar.py.
2026-09-20 06:37:03,135 [WARNING] leadlag.core.market_calendar: No static holiday table for year 2018. Install jpholiday or update market_calendar.py.
2026-09-20 06:37:03,135 [WARNING] leadlag.core.market_calendar: No static holiday table for year 2018. Install jpholiday or update market_calendar.py.
2026-09-20 06:37:03,135 [WARNING] leadlag.core.market_calendar: No static holiday table for year 2018. Install jpholiday or update market_calendar.py.
2026-09-20 06:37:03,135 [WARNING] leadlag.core.market_calendar: No static holiday table for year 2018. Install jpholiday or update market_calendar.py.
2026-09-20 06:37:03,135 [WARNING] leadlag.core.market_calendar: No static holiday table for year 2018. Install jpholiday or update market_calendar.py.
2026-09-20 06:37:03,135 [WARNING] leadlag.core.market_calendar: No static holiday table for year 2018. Install jpholiday or update market_calendar.py.
2026-09-20 06:37:03,136 [WARNING] leadlag.core.market_calendar: No static holiday table for year 2018. Install jpholiday or update market_calendar.py.
2026-09-20 06:37:03,136 [WARNING] leadlag.core.market_calendar: No static holiday table for year 2018. Install jpholiday or update market_calendar.py.
2026-09-20 06:37:03,136 [WARNING] leadlag.core.market_calendar: No static holiday table for year 2018. Install jpholiday or update market_calendar.py.
2026-09-20 06:37:03,136 [WARNING] leadlag.core.market_calendar: No static holiday table for year 2018. Install jpholiday or update market_calendar.py.
2026-09-20 06:37:03,136 [WARNING] leadlag.core.market_calendar: No static holiday table for year 2018. Install jpholiday or update market_calendar.py.
2026-09-20 06:37:03,137 [WARNING] leadlag.core.market_calendar: No static holiday table for year 2018. Install jpholiday or update market_calendar.py.
2026-09-20 06:37:03,137 [WARNING] leadlag.core.market_calendar: No static holiday table for year 2018. Install jpholiday or update market_calendar.py.
2026-09-20 06:37:03,137 [WARNING] leadlag.core.market_calendar: No static holiday table for year 2018. Install jpholiday or update market_calendar.py.
2026-09-20 06:37:03,137 [WARNING] leadlag.core.market_calendar: No static holiday table for year 2018. Install jpholiday or update market_calendar.py.
2026-09-20 06:37:03,137 [WARNING] leadlag.core.market_calendar: No static holiday table for year 2018. Install jpholiday or update market_calendar.py.
2026-09-20 06:37:03,137 [WARNING] leadlag.core.market_calendar: No static holiday table for year 2018. Install jpholiday or update market_calendar.py.
2026-09-20 06:37:03,137 [WARNING] leadlag.core.market_calendar: No static holiday table for year 2018. Install jpholiday or update market_calendar.py.
2026-09-20 06:37:03,138 [WARNING] leadlag.core.market_calendar: No static holiday table for year 2018. Install jpholiday or update market_calendar.py.
2026-09-20 06:37:03,138 [WARNING] leadlag.core.market_calendar: No static holiday table for year 2018. Install jpholiday or update market_calendar.py.
2026-09-20 06:37:03,138 [WARNING] leadlag.core.market_calendar: No static holiday table for year 2018. Install jpholiday or update market_calendar.py.
2026-09-20 06:37:03,138 [WARNING] leadlag.core.market_calendar: No static holiday table for year 2018. Install jpholiday or update market_calendar.py.
2026-09-20 06:37:03,138 [WARNING] leadlag.core.market_calendar: No static holiday table for year 2018. Install jpholiday or update market_calendar.py.
2026-09-20 06:37:03,138 [WARNING] leadlag.core.market_calendar: No static holiday table for year 2018. Install jpholiday or update market_calendar.py.
2026-09-20 06:37:03,138 [WARNING] leadlag.core.market_calendar: No static holiday table for year 2018. Install jpholiday or update market_calendar.py.
2026-09-20 06:37:03,139 [WARNING] leadlag.core.market_calendar: No static holiday table for year 2018. Install jpholiday or update market_calendar.py.
2026-09-20 06:37:03,139 [WARNING] leadlag.core.market_calendar: No static holiday table for year 2018. Install jpholiday or update market_calendar.py.
2026-09-20 06:37:03,139 [WARNING] leadlag.core.market_calendar: No static holiday table for year 2018. Install jpholiday or update market_calendar.py.
2026-09-20 06:37:03,139 [WARNING] leadlag.core.market_calendar: No static holiday table for year 2018. Install jpholiday or update market_calendar.py.
2026-09-20 06:37:03,139 [WARNING] leadlag.core.market_calendar: No static holiday table for year 2018. Install jpholiday or update market_calendar.py.
2026-09-20 06:37:03,140 [WARNING] leadlag.core.market_calendar: No static holiday table for year 2018. Install jpholiday or update market_calendar.py.
2026-09-20 06:37:03,140 [WARNING] leadlag.core.market_calendar: No static holiday table for year 2018. Install jpholiday or update market_calendar.py.
2026-09-20 06:37:03,140 [WARNING] leadlag.core.market_calendar: No static holiday table for year 2018. Install jpholiday or update market_calendar.py.
2026-09-20 06:37:03,140 [WARNING] leadlag.core.market_calendar: No static holiday table for year 2018. Install jpholiday or update market_calendar.py.
2026-09-20 06:37:03,140 [WARNING] leadlag.core.market_calendar: No static holiday table for year 2019. Install jpholiday or update market_calendar.py.
2026-09-20 06:37:03,140 [WARNING] leadlag.core.market_calendar: No static holiday table for year 2019. Install jpholiday or update market_calendar.py.
2026-09-20 06:37:03,141 [WARNING] leadlag.core.market_calendar: No static holiday table for year 2019. Install jpholiday or update market_calendar.py.
2026-09-20 06:37:03,141 [WARNING] leadlag.core.market_calendar: No static holiday table for year 2019. Install jpholiday or update market_calendar.py.
2026-09-20 06:37:03,141 [WARNING] leadlag.core.market_calendar: No static holiday table for year 2019. Install jpholiday or update market_calendar.py.
2026-09-20 06:37:03,141 [WARNING] leadlag.core.market_calendar: No static holiday table for year 2019. Install jpholiday or update market_calendar.py.
2026-09-20 06:37:03,141 [WARNING] leadlag.core.market_calendar: No static holiday table for year 2019. Install jpholiday or update market_calendar.py.
2026-09-20 06:37:03,141 [WARNING] leadlag.core.market_calendar: No static holiday table for year 2019. Install jpholiday or update market_calendar.py.
2026-09-20 06:37:03,141 [WARNING] leadlag.core.market_calendar: No static holiday table for year 2019. Install jpholiday or update market_calendar.py.
2026-09-20 06:37:03,142 [WARNING] leadlag.core.market_calendar: No static holiday table for year 2019. Install jpholiday or update market_calendar.py.
2026-09-20 06:37:03,142 [WARNING] leadlag.core.market_calendar: No static holiday table for year 2019. Install jpholiday or update market_calendar.py.
2026-09-20 06:37:03,142 [WARNING] leadlag.core.market_calendar: No static holiday table for year 2019. Install jpholiday or update market_calendar.py.
2026-09-20 06:37:03,142 [WARNING] leadlag.core.market_calendar: No static holiday table for year 2019. Install jpholiday or update market_calendar.py.
2026-09-20 06:37:03,142 [WARNING] leadlag.core.market_calendar: No static holiday table for year 2019. Install jpholiday or update market_calendar.py.
2026-09-20 06:37:03,142 [WARNING] leadlag.core.market_calendar: No static holiday table for year 2019. Install jpholiday or update market_calendar.py.
2026-09-20 06:37:03,143 [WARNING] leadlag.core.market_calendar: No static holiday table for year 2019. Install jpholiday or update market_calendar.py.
2026-09-20 06:37:03,143 [WARNING] leadlag.core.market_calendar: No static holiday table for year 2019. Install jpholiday or update market_calendar.py.
2026-09-20 06:37:03,143 [WARNING] leadlag.core.market_calendar: No static holiday table for year 2019. Install jpholiday or update market_calendar.py.
2026-09-20 06:37:03,143 [WARNING] leadlag.core.market_calendar: No static holiday table for year 2019. Install jpholiday or update market_calendar.py.
2026-09-20 06:37:03,143 [WARNING] leadlag.core.market_calendar: No static holiday table for year 2019. Install jpholiday or update market_calendar.py.
2026-09-20 06:37:03,143 [WARNING] leadlag.core.market_calendar: No static holiday table for year 2019. Install jpholiday or update market_calendar.py.
2026-09-20 06:37:03,143 [WARNING] leadlag.core.market_calendar: No static holiday table for year 2019. Install jpholiday or update market_calendar.py.
2026-09-20 06:37:03,144 [WARNING] leadlag.core.market_calendar: No static holiday table for year 2019. Install jpholiday or update market_calendar.py.
2026-09-20 06:37:03,144 [WARNING] leadlag.core.market_calendar: No static holiday table for year 2019. Install jpholiday or update market_calendar.py.
2026-09-20 06:37:03,144 [WARNING] leadlag.core.market_calendar: No static holiday table for year 2019. Install jpholiday or update market_calendar.py.
2026-09-20 06:37:03,144 [WARNING] leadlag.core.market_calendar: No static holiday table for year 2019. Install jpholiday or update market_calendar.py.
2026-09-20 06:37:03,144 [WARNING] leadlag.core.market_calendar: No static holiday table for year 2019. Install jpholiday or update market_calendar.py.
2026-09-20 06:37:03,144 [WARNING] leadlag.core.market_calendar: No static holiday table for year 2019. Install jpholiday or update market_calendar.py.
2026-09-20 06:37:03,144 [WARNING] leadlag.core.market_calendar: No static holiday table for year 2019. Install jpholiday or update market_calendar.py.
2026-09-20 06:37:03,145 [WARNING] leadlag.core.market_calendar: No static holiday table for year 2019. Install jpholiday or update market_calendar.py.
2026-09-20 06:37:03,145 [WARNING] leadlag.core.market_calendar: No static holiday table for year 2019. Install jpholiday or update market_calendar.py.
2026-09-20 06:37:03,145 [WARNING] leadlag.core.market_calendar: No static holiday table for year 2019. Install jpholiday or update market_calendar.py.
2026-09-20 06:37:03,145 [WARNING] leadlag.core.market_calendar: No static holiday table for year 2019. Install jpholiday or update market_calendar.py.
2026-09-20 06:37:03,145 [WARNING] leadlag.core.market_calendar: No static holiday table for year 2019. Install jpholiday or update market_calendar.py.
2026-09-20 06:37:03,145 [WARNING] leadlag.core.market_calendar: No static holiday table for year 2019. Install jpholiday or update market_calendar.py.
2026-09-20 06:37:03,145 [WARNING] leadlag.core.market_calendar: No static holiday table for year 2019. Install jpholiday or update market_calendar.py.
2026-09-20 06:37:03,146 [WARNING] leadlag.core.market_calendar: No static holiday table for year 2019. Install jpholiday or update market_calendar.py.
2026-09-20 06:37:03,146 [WARNING] leadlag.core.market_calendar: No static holiday table for year 2019. Install jpholiday or update market_calendar.py.
2026-09-20 06:37:03,146 [WARNING] leadlag.core.market_calendar: No static holiday table for year 2019. Install jpholiday or update market_calendar.py.
2026-09-20 06:37:03,146 [WARNING] leadlag.core.market_calendar: No static holiday table for year 2019. Install jpholiday or update market_calendar.py.
2026-09-20 06:37:03,146 [WARNING] leadlag.core.market_calendar: No static holiday table for year 2019. Install jpholiday or update market_calendar.py.
2026-09-20 06:37:03,146 [WARNING] leadlag.core.market_calendar: No static holiday table for year 2019. Install jpholiday or update market_calendar.py.
2026-09-20 06:37:03,147 [WARNING] leadlag.core.market_calendar: No static holiday table for year 2019. Install jpholiday or update market_calendar.py.
2026-09-20 06:37:03,147 [WARNING] leadlag.core.market_calendar: No static holiday table for year 2019. Install jpholiday or update market_calendar.py.
2026-09-20 06:37:03,147 [WARNING] leadlag.core.market_calendar: No static holiday table for year 2019. Install jpholiday or update market_calendar.py.
2026-09-20 06:37:03,147 [WARNING] leadlag.core.market_calendar: No static holiday table for year 2019. Install jpholiday or update market_calendar.py.
2026-09-20 06:37:03,147 [WARNING] leadlag.core.market_calendar: No static holiday table for year 2019. Install jpholiday or update market_calendar.py.
2026-09-20 06:37:03,148 [WARNING] leadlag.core.market_calendar: No static holiday table for year 2019. Install jpholiday or update market_calendar.py.
2026-09-20 06:37:03,148 [WARNING] leadlag.core.market_calendar: No static holiday table for year 2019. Install jpholiday or update market_calendar.py.
2026-09-20 06:37:03,148 [WARNING] leadlag.core.market_calendar: No static holiday table for year 2019. Install jpholiday or update market_calendar.py.
2026-09-20 06:37:03,148 [WARNING] leadlag.core.market_calendar: No static holiday table for year 2019. Install jpholiday or update market_calendar.py.
2026-09-20 06:37:03,148 [WARNING] leadlag.core.market_calendar: No static holiday table for year 2019. Install jpholiday or update market_calendar.py.
2026-09-20 06:37:03,148 [WARNING] leadlag.core.market_calendar: No static holiday table for year 2019. Install jpholiday or update market_calendar.py.
2026-09-20 06:37:03,149 [WARNING] leadlag.core.market_calendar: No static holiday table for year 2019. Install jpholiday or update market_calendar.py.
2026-09-20 06:37:03,149 [WARNING] leadlag.core.market_calendar: No static holiday table for year 2019. Install jpholiday or update market_calendar.py.
2026-09-20 06:37:03,149 [WARNING] leadlag.core.market_calendar: No static holiday table for year 2019. Install jpholiday or update market_calendar.py.
2026-09-20 06:37:03,149 [WARNING] leadlag.core.market_calendar: No static holiday table for year 2019. Install jpholiday or update market_calendar.py.
2026-09-20 06:37:03,149 [WARNING] leadlag.core.market_calendar: No static holiday table for year 2019. Install jpholiday or update market_calendar.py.
2026-09-20 06:37:03,150 [WARNING] leadlag.core.market_calendar: No static holiday table for year 2019. Install jpholiday or update market_calendar.py.
2026-09-20 06:37:03,150 [WARNING] leadlag.core.market_calendar: No static holiday table for year 2019. Install jpholiday or update market_calendar.py.
2026-09-20 06:37:03,150 [WARNING] leadlag.core.market_calendar: No static holiday table for year 2019. Install jpholiday or update market_calendar.py.
2026-09-20 06:37:03,150 [WARNING] leadlag.core.market_calendar: No static holiday table for year 2019. Install jpholiday or update market_calendar.py.
2026-09-20 06:37:03,150 [WARNING] leadlag.core.market_calendar: No static holiday table for year 2019. Install jpholiday or update market_calendar.py.
2026-09-20 06:37:03,150 [WARNING] leadlag.core.market_calendar: No static holiday table for year 2019. Install jpholiday or update market_calendar.py.
2026-09-20 06:37:03,150 [WARNING] leadlag.core.market_calendar: No static holiday table for year 2019. Install jpholiday or update market_calendar.py.
2026-09-20 06:37:03,150 [WARNING] leadlag.core.market_calendar: No static holiday table for year 2019. Install jpholiday or update market_calendar.py.
2026-09-20 06:37:03,151 [WARNING] leadlag.core.market_calendar: No static holiday table for year 2019. Install jpholiday or update market_calendar.py.
2026-09-20 06:37:03,151 [WARNING] leadlag.core.market_calendar: No static holiday table for year 2019. Install jpholiday or update market_calendar.py.
2026-09-20 06:37:03,151 [WARNING] leadlag.core.market_calendar: No static holiday table for year 2019. Install jpholiday or update market_calendar.py.
2026-09-20 06:37:03,151 [WARNING] leadlag.core.market_calendar: No static holiday table for year 2019. Install jpholiday or update market_calendar.py.
2026-09-20 06:37:03,151 [WARNING] leadlag.core.market_calendar: No static holiday table for year 2019. Install jpholiday or update market_calendar.py.
2026-09-20 06:37:03,151 [WARNING] leadlag.core.market_calendar: No static holiday table for year 2019. Install jpholiday or update market_calendar.py.
2026-09-20 06:37:03,151 [WARNING] leadlag.core.market_calendar: No static holiday table for year 2019. Install jpholiday or update market_calendar.py.
2026-09-20 06:37:03,152 [WARNING] leadlag.core.market_calendar: No static holiday table for year 2019. Install jpholiday or update market_calendar.py.
2026-09-20 06:37:03,152 [WARNING] leadlag.core.market_calendar: No static holiday table for year 2019. Install jpholiday or update market_calendar.py.
2026-09-20 06:37:03,152 [WARNING] leadlag.core.market_calendar: No static holiday table for year 2019. Install jpholiday or update market_calendar.py.
2026-09-20 06:37:03,152 [WARNING] leadlag.core.market_calendar: No static holiday table for year 2019. Install jpholiday or update market_calendar.py.
2026-09-20 06:37:03,152 [WARNING] leadlag.core.market_calendar: No static holiday table for year 2019. Install jpholiday or update market_calendar.py.
2026-09-20 06:37:03,152 [WARNING] leadlag.core.market_calendar: No static holiday table for year 2019. Install jpholiday or update market_calendar.py.
2026-09-20 06:37:03,152 [WARNING] leadlag.core.market_calendar: No static holiday table for year 2019. Install jpholiday or update market_calendar.py.
2026-09-20 06:37:03,153 [WARNING] leadlag.core.market_calendar: No static holiday table for year 2019. Install jpholiday or update market_calendar.py.
2026-09-20 06:37:03,153 [WARNING] leadlag.core.market_calendar: No static holiday table for year 2019. Install jpholiday or update market_calendar.py.
2026-09-20 06:37:03,153 [WARNING] leadlag.core.market_calendar: No static holiday table for year 2019. Install jpholiday or update market_calendar.py.
2026-09-20 06:37:03,153 [WARNING] leadlag.core.market_calendar: No static holiday table for year 2019. Install jpholiday or update market_calendar.py.
2026-09-20 06:37:03,153 [WARNING] leadlag.core.market_calendar: No static holiday table for year 2019. Install jpholiday or update market_calendar.py.
2026-09-20 06:37:03,153 [WARNING] leadlag.core.market_calendar: No static holiday table for year 2019. Install jpholiday or update market_calendar.py.
2026-09-20 06:37:03,153 [WARNING] leadlag.core.market_calendar: No static holiday table for year 2019. Install jpholiday or update market_calendar.py.
2026-09-20 06:37:03,154 [WARNING] leadlag.core.market_calendar: No static holiday table for year 2019. Install jpholiday or update market_calendar.py.
2026-09-20 06:37:03,154 [WARNING] leadlag.core.market_calendar: No static holiday table for year 2019. Install jpholiday or update market_calendar.py.
2026-09-20 06:37:03,154 [WARNING] leadlag.core.market_calendar: No static holiday table for year 2019. Install jpholiday or update market_calendar.py.
2026-09-20 06:37:03,154 [WARNING] leadlag.core.market_calendar: No static holiday table for year 2019. Install jpholiday or update market_calendar.py.
2026-09-20 06:37:03,154 [WARNING] leadlag.core.market_calendar: No static holiday table for year 2019. Install jpholiday or update market_calendar.py.
2026-09-20 06:37:03,154 [WARNING] leadlag.core.market_calendar: No static holiday table for year 2019. Install jpholiday or update market_calendar.py.
2026-09-20 06:37:03,154 [WARNING] leadlag.core.market_calendar: No static holiday table for year 2019. Install jpholiday or update market_calendar.py.
2026-09-20 06:37:03,154 [WARNING] leadlag.core.market_calendar: No static holiday table for year 2019. Install jpholiday or update market_calendar.py.
2026-09-20 06:37:03,155 [WARNING] leadlag.core.market_calendar: No static holiday table for year 2019. Install jpholiday or update market_calendar.py.
2026-09-20 06:37:03,155 [WARNING] leadlag.core.market_calendar: No static holiday table for year 2019. Install jpholiday or update market_calendar.py.
2026-09-20 06:37:03,155 [WARNING] leadlag.core.market_calendar: No static holiday table for year 2019. Install jpholiday or update market_calendar.py.
2026-09-20 06:37:03,155 [WARNING] leadlag.core.market_calendar: No static holiday table for year 2019. Install jpholiday or update market_calendar.py.
2026-09-20 06:37:03,155 [WARNING] leadlag.core.market_calendar: No static holiday table for year 2019. Install jpholiday or update market_calendar.py.
2026-09-20 06:37:03,155 [WARNING] leadlag.core.market_calendar: No static holiday table for year 2019. Install jpholiday or update market_calendar.py.
2026-09-20 06:37:03,155 [WARNING] leadlag.core.market_calendar: No static holiday table for year 2019. Install jpholiday or update market_calendar.py.
2026-09-20 06:37:03,156 [WARNING] leadlag.core.market_calendar: No static holiday table for year 2019. Install jpholiday or update market_calendar.py.
2026-09-20 06:37:03,156 [WARNING] leadlag.core.market_calendar: No static holiday table for year 2019. Install jpholiday or update market_calendar.py.
2026-09-20 06:37:03,156 [WARNING] leadlag.core.market_calendar: No static holiday table for year 2019. Install jpholiday or update market_calendar.py.
2026-09-20 06:37:03,156 [WARNING] leadlag.core.market_calendar: No static holiday table for year 2019. Install jpholiday or update market_calendar.py.
2026-09-20 06:37:03,156 [WARNING] leadlag.core.market_calendar: No static holiday table for year 2019. Install jpholiday or update market_calendar.py.
2026-09-20 06:37:03,156 [WARNING] leadlag.core.market_calendar: No static holiday table for year 2019. Install jpholiday or update market_calendar.py.
2026-09-20 06:37:03,156 [WARNING] leadlag.core.market_calendar: No static holiday table for year 2019. Install jpholiday or update market_calendar.py.
2026-09-20 06:37:03,157 [WARNING] leadlag.core.market_calendar: No static holiday table for year 2019. Install jpholiday or update market_calendar.py.
2026-09-20 06:37:03,157 [WARNING] leadlag.core.market_calendar: No static holiday table for year 2019. Install jpholiday or update market_calendar.py.
2026-09-20 06:37:03,157 [WARNING] leadlag.core.market_calendar: No static holiday table for year 2019. Install jpholiday or update market_calendar.py.
2026-09-20 06:37:03,157 [WARNING] leadlag.core.market_calendar: No static holiday table for year 2019. Install jpholiday or update market_calendar.py.
2026-09-20 06:37:03,157 [WARNING] leadlag.core.market_calendar: No static holiday table for year 2019. Install jpholiday or update market_calendar.py.
2026-09-20 06:37:03,157 [WARNING] leadlag.core.market_calendar: No static holiday table for year 2019. Install jpholiday or update market_calendar.py.
2026-09-20 06:37:03,157 [WARNING] leadlag.core.market_calendar: No static holiday table for year 2019. Install jpholiday or update market_calendar.py.
2026-09-20 06:37:03,158 [WARNING] leadlag.core.market_calendar: No static holiday table for year 2019. Install jpholiday or update market_calendar.py.
2026-09-20 06:37:03,158 [WARNING] leadlag.core.market_calendar: No static holiday table for year 2019. Install jpholiday or update market_calendar.py.
2026-09-20 06:37:03,158 [WARNING] leadlag.core.market_calendar: No static holiday table for year 2019. Install jpholiday or update market_calendar.py.
2026-09-20 06:37:03,158 [WARNING] leadlag.core.market_calendar: No static holiday table for year 2019. Install jpholiday or update market_calendar.py.
2026-09-20 06:37:03,158 [WARNING] leadlag.core.market_calendar: No static holiday table for year 2019. Install jpholiday or update market_calendar.py.
2026-09-20 06:37:03,158 [WARNING] leadlag.core.market_calendar: No static holiday table for year 2019. Install jpholiday or update market_calendar.py.
2026-09-20 06:37:03,158 [WARNING] leadlag.core.market_calendar: No static holiday table for year 2019. Install jpholiday or update market_calendar.py.
2026-09-20 06:37:03,159 [WARNING] leadlag.core.market_calendar: No static holiday table for year 2019. Install jpholiday or update market_calendar.py.
2026-09-20 06:37:03,159 [WARNING] leadlag.core.market_calendar: No static holiday table for year 2019. Install jpholiday or update market_calendar.py.
2026-09-20 06:37:03,159 [WARNING] leadlag.core.market_calendar: No static holiday table for year 2019. Install jpholiday or update market_calendar.py.
2026-09-20 06:37:03,159 [WARNING] leadlag.core.market_calendar: No static holiday table for year 2019. Install jpholiday or update market_calendar.py.
2026-09-20 06:37:03,159 [WARNING] leadlag.core.market_calendar: No static holiday table for year 2019. Install jpholiday or update market_calendar.py.
2026-09-20 06:37:03,159 [WARNING] leadlag.core.market_calendar: No static holiday table for year 2019. Install jpholiday or update market_calendar.py.
2026-09-20 06:37:03,160 [WARNING] leadlag.core.market_calendar: No static holiday table for year 2019. Install jpholiday or update market_calendar.py.
2026-09-20 06:37:03,160 [WARNING] leadlag.core.market_calendar: No static holiday table for year 2019. Install jpholiday or update market_calendar.py.
2026-09-20 06:37:03,160 [WARNING] leadlag.core.market_calendar: No static holiday table for year 2019. Install jpholiday or update market_calendar.py.
2026-09-20 06:37:03,160 [WARNING] leadlag.core.market_calendar: No static holiday table for year 2019. Install jpholiday or update market_calendar.py.
2026-09-20 06:37:03,160 [WARNING] leadlag.core.market_calendar: No static holiday table for year 2019. Install jpholiday or update market_calendar.py.
2026-09-20 06:37:03,160 [WARNING] leadlag.core.market_calendar: No static holiday table for year 2019. Install jpholiday or update market_calendar.py.
2026-09-20 06:37:03,161 [WARNING] leadlag.core.market_calendar: No static holiday table for year 2019. Install jpholiday or update market_calendar.py.
2026-09-20 06:37:03,161 [WARNING] leadlag.core.market_calendar: No static holiday table for year 2019. Install jpholiday or update market_calendar.py.
2026-09-20 06:37:03,161 [WARNING] leadlag.core.market_calendar: No static holiday table for year 2019. Install jpholiday or update market_calendar.py.
2026-09-20 06:37:03,161 [WARNING] leadlag.core.market_calendar: No static holiday table for year 2019. Install jpholiday or update market_calendar.py.
2026-09-20 06:37:03,161 [WARNING] leadlag.core.market_calendar: No static holiday table for year 2019. Install jpholiday or update market_calendar.py.
2026-09-20 06:37:03,161 [WARNING] leadlag.core.market_calendar: No static holiday table for year 2019. Install jpholiday or update market_calendar.py.
2026-09-20 06:37:03,161 [WARNING] leadlag.core.market_calendar: No static holiday table for year 2019. Install jpholiday or update market_calendar.py.
2026-09-20 06:37:03,162 [WARNING] leadlag.core.market_calendar: No static holiday table for year 2019. Install jpholiday or update market_calendar.py.
2026-09-20 06:37:03,162 [WARNING] leadlag.core.market_calendar: No static holiday table for year 2019. Install jpholiday or update market_calendar.py.
2026-09-20 06:37:03,162 [WARNING] leadlag.core.market_calendar: No static holiday table for year 2019. Install jpholiday or update market_calendar.py.
2026-09-20 06:37:03,162 [WARNING] leadlag.core.market_calendar: No static holiday table for year 2019. Install jpholiday or update market_calendar.py.
2026-09-20 06:37:03,162 [WARNING] leadlag.core.market_calendar: No static holiday table for year 2019. Install jpholiday or update market_calendar.py.
2026-09-20 06:37:03,162 [WARNING] leadlag.core.market_calendar: No static holiday table for year 2019. Install jpholiday or update market_calendar.py.
2026-09-20 06:37:03,162 [WARNING] leadlag.core.market_calendar: No static holiday table for year 2019. Install jpholiday or update market_calendar.py.
2026-09-20 06:37:03,162 [WARNING] leadlag.core.market_calendar: No static holiday table for year 2019. Install jpholiday or update market_calendar.py.
2026-09-20 06:37:03,163 [WARNING] leadlag.core.market_calendar: No static holiday table for year 2019. Install jpholiday or update market_calendar.py.
2026-09-20 06:37:03,163 [WARNING] leadlag.core.market_calendar: No static holiday table for year 2019. Install jpholiday or update market_calendar.py.
2026-09-20 06:37:03,163 [WARNING] leadlag.core.market_calendar: No static holiday table for year 2019. Install jpholiday or update market_calendar.py.
2026-09-20 06:37:03,163 [WARNING] leadlag.core.market_calendar: No static holiday table for year 2019. Install jpholiday or update market_calendar.py.
2026-09-20 06:37:03,163 [WARNING] leadlag.core.market_calendar: No static holiday table for year 2019. Install jpholiday or update market_calendar.py.
2026-09-20 06:37:03,163 [WARNING] leadlag.core.market_calendar: No static holiday table for year 2019. Install jpholiday or update market_calendar.py.
2026-09-20 06:37:03,163 [WARNING] leadlag.core.market_calendar: No static holiday table for year 2019. Install jpholiday or update market_calendar.py.
2026-09-20 06:37:03,164 [WARNING] leadlag.core.market_calendar: No static holiday table for year 2019. Install jpholiday or update market_calendar.py.
2026-09-20 06:37:03,164 [WARNING] leadlag.core.market_calendar: No static holiday table for year 2019. Install jpholiday or update market_calendar.py.
2026-09-20 06:37:03,164 [WARNING] leadlag.core.market_calendar: No static holiday table for year 2019. Install jpholiday or update market_calendar.py.
2026-09-20 06:37:03,164 [WARNING] leadlag.core.market_calendar: No static holiday table for year 2019. Install jpholiday or update market_calendar.py.
2026-09-20 06:37:03,164 [WARNING] leadlag.core.market_calendar: No static holiday table for year 2019. Install jpholiday or update market_calendar.py.
2026-09-20 06:37:03,164 [WARNING] leadlag.core.market_calendar: No static holiday table for year 2019. Install jpholiday or update market_calendar.py.
2026-09-20 06:37:03,165 [WARNING] leadlag.core.market_calendar: No static holiday table for year 2019. Install jpholiday or update market_calendar.py.
2026-09-20 06:37:03,165 [WARNING] leadlag.core.market_calendar: No static holiday table for year 2019. Install jpholiday or update market_calendar.py.
2026-09-20 06:37:03,165 [WARNING] leadlag.core.market_calendar: No static holiday table for year 2019. Install jpholiday or update market_calendar.py.
2026-09-20 06:37:03,165 [WARNING] leadlag.core.market_calendar: No static holiday table for year 2019. Install jpholiday or update market_calendar.py.
2026-09-20 06:37:03,165 [WARNING] leadlag.core.market_calendar: No static holiday table for year 2019. Install jpholiday or update market_calendar.py.
2026-09-20 06:37:03,166 [WARNING] leadlag.core.market_calendar: No static holiday table for year 2019. Install jpholiday or update market_calendar.py.
2026-09-20 06:37:03,166 [WARNING] leadlag.core.market_calendar: No static holiday table for year 2019. Install jpholiday or update market_calendar.py.
2026-09-20 06:37:03,166 [WARNING] leadlag.core.market_calendar: No static holiday table for year 2019. Install jpholiday or update market_calendar.py.
2026-09-20 06:37:03,166 [WARNING] leadlag.core.market_calendar: No static holiday table for year 2019. Install jpholiday or update market_calendar.py.
2026-09-20 06:37:03,166 [WARNING] leadlag.core.market_calendar: No static holiday table for year 2019. Install jpholiday or update market_calendar.py.
2026-09-20 06:37:03,167 [WARNING] leadlag.core.market_calendar: No static holiday table for year 2019. Install jpholiday or update market_calendar.py.
2026-09-20 06:37:03,167 [WARNING] leadlag.core.market_calendar: No static holiday table for year 2019. Install jpholiday or update market_calendar.py.
2026-09-20 06:37:03,167 [WARNING] leadlag.core.market_calendar: No static holiday table for year 2019. Install jpholiday or update market_calendar.py.
2026-09-20 06:37:03,167 [WARNING] leadlag.core.market_calendar: No static holiday table for year 2019. Install jpholiday or update market_calendar.py.
2026-09-20 06:37:03,167 [WARNING] leadlag.core.market_calendar: No static holiday table for year 2019. Install jpholiday or update market_calendar.py.
2026-09-20 06:37:03,168 [WARNING] leadlag.core.market_calendar: No static holiday table for year 2019. Install jpholiday or update market_calendar.py.
2026-09-20 06:37:03,168 [WARNING] leadlag.core.market_calendar: No static holiday table for year 2019. Install jpholiday or update market_calendar.py.
2026-09-20 06:37:03,168 [WARNING] leadlag.core.market_calendar: No static holiday table for year 2019. Install jpholiday or update market_calendar.py.
2026-09-20 06:37:03,168 [WARNING] leadlag.core.market_calendar: No static holiday table for year 2019. Install jpholiday or update market_calendar.py.
2026-09-20 06:37:03,168 [WARNING] leadlag.core.market_calendar: No static holiday table for year 2019. Install jpholiday or update market_calendar.py.
2026-09-20 06:37:03,168 [WARNING] leadlag.core.market_calendar: No static holiday table for year 2019. Install jpholiday or update market_calendar.py.
2026-09-20 06:37:03,169 [WARNING] leadlag.core.market_calendar: No static holiday table for year 2019. Install jpholiday or update market_calendar.py.
2026-09-20 06:37:03,169 [WARNING] leadlag.core.market_calendar: No static holiday table for year 2019. Install jpholiday or update market_calendar.py.
2026-09-20 06:37:03,169 [WARNING] leadlag.core.market_calendar: No static holiday table for year 2019. Install jpholiday or update market_calendar.py.
2026-09-20 06:37:03,169 [WARNING] leadlag.core.market_calendar: No static holiday table for year 2019. Install jpholiday or update market_calendar.py.
2026-09-20 06:37:03,169 [WARNING] leadlag.core.market_calendar: No static holiday table for year 2019. Install jpholiday or update market_calendar.py.
2026-09-20 06:37:03,169 [WARNING] leadlag.core.market_calendar: No static holiday table for year 2019. Install jpholiday or update market_calendar.py.
2026-09-20 06:37:03,170 [WARNING] leadlag.core.market_calendar: No static holiday table for year 2019. Install jpholiday or update market_calendar.py.
2026-09-20 06:37:03,170 [WARNING] leadlag.core.market_calendar: No static holiday table for year 2019. Install jpholiday or update market_calendar.py.
2026-09-20 06:37:03,170 [WARNING] leadlag.core.market_calendar: No static holiday table for year 2019. Install jpholiday or update market_calendar.py.
2026-09-20 06:37:03,170 [WARNING] leadlag.core.market_calendar: No static holiday table for year 2019. Install jpholiday or update market_calendar.py.
2026-09-20 06:37:03,170 [WARNING] leadlag.core.market_calendar: No static holiday table for year 2019. Install jpholiday or update market_calendar.py.
2026-09-20 06:37:03,170 [WARNING] leadlag.core.market_calendar: No static holiday table for year 2019. Install jpholiday or update market_calendar.py.
2026-09-20 06:37:03,170 [WARNING] leadlag.core.market_calendar: No static holiday table for year 2019. Install jpholiday or update market_calendar.py.
2026-09-20 06:37:03,171 [WARNING] leadlag.core.market_calendar: No static holiday table for year 2019. Install jpholiday or update market_calendar.py.
2026-09-20 06:37:03,171 [WARNING] leadlag.core.market_calendar: No static holiday table for year 2019. Install jpholiday or update market_calendar.py.
2026-09-20 06:37:03,171 [WARNING] leadlag.core.market_calendar: No static holiday table for year 2019. Install jpholiday or update market_calendar.py.
2026-09-20 06:37:03,171 [WARNING] leadlag.core.market_calendar: No static holiday table for year 2019. Install jpholiday or update market_calendar.py.
2026-09-20 06:37:03,171 [WARNING] leadlag.core.market_calendar: No static holiday table for year 2019. Install jpholiday or update market_calendar.py.
2026-09-20 06:37:03,171 [WARNING] leadlag.core.market_calendar: No static holiday table for year 2019. Install jpholiday or update market_calendar.py.
2026-09-20 06:37:03,171 [WARNING] leadlag.core.market_calendar: No static holiday table for year 2019. Install jpholiday or update market_calendar.py.
2026-09-20 06:37:03,172 [WARNING] leadlag.core.market_calendar: No static holiday table for year 2019. Install jpholiday or update market_calendar.py.
2026-09-20 06:37:03,172 [WARNING] leadlag.core.market_calendar: No static holiday table for year 2019. Install jpholiday or update market_calendar.py.
2026-09-20 06:37:03,172 [WARNING] leadlag.core.market_calendar: No static holiday table for year 2019. Install jpholiday or update market_calendar.py.
2026-09-20 06:37:03,172 [WARNING] leadlag.core.market_calendar: No static holiday table for year 2019. Install jpholiday or update market_calendar.py.
2026-09-20 06:37:03,172 [WARNING] leadlag.core.market_calendar: No static holiday table for year 2019. Install jpholiday or update market_calendar.py.
2026-09-20 06:37:03,172 [WARNING] leadlag.core.market_calendar: No static holiday table for year 2019. Install jpholiday or update market_calendar.py.
2026-09-20 06:37:03,172 [WARNING] leadlag.core.market_calendar: No static holiday table for year 2019. Install jpholiday or update market_calendar.py.
2026-09-20 06:37:03,173 [WARNING] leadlag.core.market_calendar: No static holiday table for year 2019. Install jpholiday or update market_calendar.py.
2026-09-20 06:37:03,173 [WARNING] leadlag.core.market_calendar: No static holiday table for year 2019. Install jpholiday or update market_calendar.py.
2026-09-20 06:37:03,173 [WARNING] leadlag.core.market_calendar: No static holiday table for year 2019. Install jpholiday or update market_calendar.py.
2026-09-20 06:37:03,173 [WARNING] leadlag.core.market_calendar: No static holiday table for year 2019. Install jpholiday or update market_calendar.py.
2026-09-20 06:37:03,173 [WARNING] leadlag.core.market_calendar: No static holiday table for year 2019. Install jpholiday or update market_calendar.py.
2026-09-20 06:37:03,173 [WARNING] leadlag.core.market_calendar: No static holiday table for year 2019. Install jpholiday or update market_calendar.py.
2026-09-20 06:37:03,173 [WARNING] leadlag.core.market_calendar: No static holiday table for year 2019. Install jpholiday or update market_calendar.py.
2026-09-20 06:37:03,174 [WARNING] leadlag.core.market_calendar: No static holiday table for year 2019. Install jpholiday or update market_calendar.py.
2026-09-20 06:37:03,174 [WARNING] leadlag.core.market_calendar: No static holiday table for year 2019. Install jpholiday or update market_calendar.py.
2026-09-20 06:37:03,174 [WARNING] leadlag.core.market_calendar: No static holiday table for year 2019. Install jpholiday or update market_calendar.py.
2026-09-20 06:37:03,174 [WARNING] leadlag.core.market_calendar: No static holiday table for year 2019. Install jpholiday or update market_calendar.py.
2026-09-20 06:37:03,174 [WARNING] leadlag.core.market_calendar: No static holiday table for year 2019. Install jpholiday or update market_calendar.py.
2026-09-20 06:37:03,174 [WARNING] leadlag.core.market_calendar: No static holiday table for year 2019. Install jpholiday or update market_calendar.py.
2026-09-20 06:37:03,174 [WARNING] leadlag.core.market_calendar: No static holiday table for year 2019. Install jpholiday or update market_calendar.py.
2026-09-20 06:37:03,175 [WARNING] leadlag.core.market_calendar: No static holiday table for year 2019. Install jpholiday or update market_calendar.py.
2026-09-20 06:37:03,175 [WARNING] leadlag.core.market_calendar: No static holiday table for year 2019. Install jpholiday or update market_calendar.py.
2026-09-20 06:37:03,175 [WARNING] leadlag.core.market_calendar: No static holiday table for year 2019. Install jpholiday or update market_calendar.py.
2026-09-20 06:37:03,175 [WARNING] leadlag.core.market_calendar: No static holiday table for year 2019. Install jpholiday or update market_calendar.py.
2026-09-20 06:37:03,175 [WARNING] leadlag.core.market_calendar: No static holiday table for year 2019. Install jpholiday or update market_calendar.py.
2026-09-20 06:37:03,175 [WARNING] leadlag.core.market_calendar: No static holiday table for year 2019. Install jpholiday or update market_calendar.py.
2026-09-20 06:37:03,175 [WARNING] leadlag.core.market_calendar: No static holiday table for year 2019. Install jpholiday or update market_calendar.py.
2026-09-20 06:37:03,176 [WARNING] leadlag.core.market_calendar: No static holiday table for year 2019. Install jpholiday or update market_calendar.py.
2026-09-20 06:37:03,176 [WARNING] leadlag.core.market_calendar: No static holiday table for year 2019. Install jpholiday or update market_calendar.py.
2026-09-20 06:37:03,176 [WARNING] leadlag.core.market_calendar: No static holiday table for year 2019. Install jpholiday or update market_calendar.py.
2026-09-20 06:37:03,176 [WARNING] leadlag.core.market_calendar: No static holiday table for year 2019. Install jpholiday or update market_calendar.py.
2026-09-20 06:37:03,176 [WARNING] leadlag.core.market_calendar: No static holiday table for year 2019. Install jpholiday or update market_calendar.py.
2026-09-20 06:37:03,176 [WARNING] leadlag.core.market_calendar: No static holiday table for year 2019. Install jpholiday or update market_calendar.py.
2026-09-20 06:37:03,176 [WARNING] leadlag.core.market_calendar: No static holiday table for year 2019. Install jpholiday or update market_calendar.py.
2026-09-20 06:37:03,176 [WARNING] leadlag.core.market_calendar: No static holiday table for year 2019. Install jpholiday or update market_calendar.py.
2026-09-20 06:37:03,177 [WARNING] leadlag.core.market_calendar: No static holiday table for year 2019. Install jpholiday or update market_calendar.py.
2026-09-20 06:37:03,177 [WARNING] leadlag.core.market_calendar: No static holiday table for year 2020. Install jpholiday or update market_calendar.py.
2026-09-20 06:37:03,177 [WARNING] leadlag.core.market_calendar: No static holiday table for year 2020. Install jpholiday or update market_calendar.py.
2026-09-20 06:37:03,177 [WARNING] leadlag.core.market_calendar: No static holiday table for year 2020. Install jpholiday or update market_calendar.py.
2026-09-20 06:37:03,177 [WARNING] leadlag.core.market_calendar: No static holiday table for year 2020. Install jpholiday or update market_calendar.py.
2026-09-20 06:37:03,177 [WARNING] leadlag.core.market_calendar: No static holiday table for year 2020. Install jpholiday or update market_calendar.py.
2026-09-20 06:37:03,178 [WARNING] leadlag.core.market_calendar: No static holiday table for year 2020. Install jpholiday or update market_calendar.py.
2026-09-20 06:37:03,178 [WARNING] leadlag.core.market_calendar: No static holiday table for year 2020. Install jpholiday or update market_calendar.py.
2026-09-20 06:37:03,178 [WARNING] leadlag.core.market_calendar: No static holiday table for year 2020. Install jpholiday or update market_calendar.py.
2026-09-20 06:37:03,178 [WARNING] leadlag.core.market_calendar: No static holiday table for year 2020. Install jpholiday or update market_calendar.py.
2026-09-20 06:37:03,178 [WARNING] leadlag.core.market_calendar: No static holiday table for year 2020. Install jpholiday or update market_calendar.py.
2026-09-20 06:37:03,178 [WARNING] leadlag.core.market_calendar: No static holiday table for year 2020. Install jpholiday or update market_calendar.py.
2026-09-20 06:37:03,179 [WARNING] leadlag.core.market_calendar: No static holiday table for year 2020. Install jpholiday or update market_calendar.py.
2026-09-20 06:37:03,179 [WARNING] leadlag.core.market_calendar: No static holiday table for year 2020. Install jpholiday or update market_calendar.py.
2026-09-20 06:37:03,179 [WARNING] leadlag.core.market_calendar: No static holiday table for year 2020. Install jpholiday or update market_calendar.py.
2026-09-20 06:37:03,179 [WARNING] leadlag.core.market_calendar: No static holiday table for year 2020. Install jpholiday or update market_calendar.py.
2026-09-20 06:37:03,179 [WARNING] leadlag.core.market_calendar: No static holiday table for year 2020. Install jpholiday or update market_calendar.py.
2026-09-20 06:37:03,179 [WARNING] leadlag.core.market_calendar: No static holiday table for year 2020. Install jpholiday or update market_calendar.py.
2026-09-20 06:37:03,179 [WARNING] leadlag.core.market_calendar: No static holiday table for year 2020. Install jpholiday or update market_calendar.py.
2026-09-20 06:37:03,180 [WARNING] leadlag.core.market_calendar: No static holiday table for year 2020. Install jpholiday or update market_calendar.py.
2026-09-20 06:37:03,180 [WARNING] leadlag.core.market_calendar: No static holiday table for year 2020. Install jpholiday or update market_calendar.py.
2026-09-20 06:37:03,180 [WARNING] leadlag.core.market_calendar: No static holiday table for year 2020. Install jpholiday or update market_calendar.py.
2026-09-20 06:37:03,180 [WARNING] leadlag.core.market_calendar: No static holiday table for year 2020. Install jpholiday or update market_calendar.py.
2026-09-20 06:37:03,180 [WARNING] leadlag.core.market_calendar: No static holiday table for year 2020. Install jpholiday or update market_calendar.py.
2026-09-20 06:37:03,180 [WARNING] leadlag.core.market_calendar: No static holiday table for year 2020. Install jpholiday or update market_calendar.py.
2026-09-20 06:37:03,180 [WARNING] leadlag.core.market_calendar: No static holiday table for year 2020. Install jpholiday or update market_calendar.py.
2026-09-20 06:37:03,181 [WARNING] leadlag.core.market_calendar: No static holiday table for year 2020. Install jpholiday or update market_calendar.py.
2026-09-20 06:37:03,181 [WARNING] leadlag.core.market_calendar: No static holiday table for year 2020. Install jpholiday or update market_calendar.py.
2026-09-20 06:37:03,181 [WARNING] leadlag.core.market_calendar: No static holiday table for year 2020. Install jpholiday or update market_calendar.py.
2026-09-20 06:37:03,181 [WARNING] leadlag.core.market_calendar: No static holiday table for year 2020. Install jpholiday or update market_calendar.py.
2026-09-20 06:37:03,181 [WARNING] leadlag.core.market_calendar: No static holiday table for year 2020. Install jpholiday or update market_calendar.py.
2026-09-20 06:37:03,181 [WARNING] leadlag.core.market_calendar: No static holiday table for year 2020. Install jpholiday or update market_calendar.py.
2026-09-20 06:37:03,181 [WARNING] leadlag.core.market_calendar: No static holiday table for year 2020. Install jpholiday or update market_calendar.py.
2026-09-20 06:37:03,182 [WARNING] leadlag.core.market_calendar: No static holiday table for year 2020. Install jpholiday or update market_calendar.py.
2026-09-20 06:37:03,182 [WARNING] leadlag.core.market_calendar: No static holiday table for year 2020. Install jpholiday or update market_calendar.py.
2026-09-20 06:37:03,182 [WARNING] leadlag.core.market_calendar: No static holiday table for year 2020. Install jpholiday or update market_calendar.py.
2026-09-20 06:37:03,182 [WARNING] leadlag.core.market_calendar: No static holiday table for year 2020. Install jpholiday or update market_calendar.py.
2026-09-20 06:37:03,182 [WARNING] leadlag.core.market_calendar: No static holiday table for year 2020. Install jpholiday or update market_calendar.py.
2026-09-20 06:37:03,182 [WARNING] leadlag.core.market_calendar: No static holiday table for year 2020. Install jpholiday or update market_calendar.py.
2026-09-20 06:37:03,182 [WARNING] leadlag.core.market_calendar: No static holiday table for year 2020. Install jpholiday or update market_calendar.py.
2026-09-20 06:37:03,183 [WARNING] leadlag.core.market_calendar: No static holiday table for year 2020. Install jpholiday or update market_calendar.py.
2026-09-20 06:37:03,183 [WARNING] leadlag.core.market_calendar: No static holiday table for year 2020. Install jpholiday or update market_calendar.py.
2026-09-20 06:37:03,183 [WARNING] leadlag.core.market_calendar: No static holiday table for year 2020. Install jpholiday or update market_calendar.py.
2026-09-20 06:37:03,183 [WARNING] leadlag.core.market_calendar: No static holiday table for year 2020. Install jpholiday or update market_calendar.py.
2026-09-20 06:37:03,183 [WARNING] leadlag.core.market_calendar: No static holiday table for year 2020. Install jpholiday or update market_calendar.py.
2026-09-20 06:37:03,184 [WARNING] leadlag.core.market_calendar: No static holiday table for year 2020. Install jpholiday or update market_calendar.py.
2026-09-20 06:37:03,184 [WARNING] leadlag.core.market_calendar: No static holiday table for year 2020. Install jpholiday or update market_calendar.py.
2026-09-20 06:37:03,184 [WARNING] leadlag.core.market_calendar: No static holiday table for year 2020. Install jpholiday or update market_calendar.py.
2026-09-20 06:37:03,184 [WARNING] leadlag.core.market_calendar: No static holiday table for year 2020. Install jpholiday or update market_calendar.py.
2026-09-20 06:37:03,184 [WARNING] leadlag.core.market_calendar: No static holiday table for year 2020. Install jpholiday or update market_calendar.py.
2026-09-20 06:37:03,184 [WARNING] leadlag.core.market_calendar: No static holiday table for year 2020. Install jpholiday or update market_calendar.py.
2026-09-20 06:37:03,185 [WARNING] leadlag.core.market_calendar: No static holiday table for year 2020. Install jpholiday or update market_calendar.py.
2026-09-20 06:37:03,185 [WARNING] leadlag.core.market_calendar: No static holiday table for year 2020. Install jpholiday or update market_calendar.py.
2026-09-20 06:37:03,185 [WARNING] leadlag.core.market_calendar: No static holiday table for year 2020. Install jpholiday or update market_calendar.py.
2026-09-20 06:37:03,185 [WARNING] leadlag.core.market_calendar: No static holiday table for year 2020. Install jpholiday or update market_calendar.py.
2026-09-20 06:37:03,185 [WARNING] leadlag.core.market_calendar: No static holiday table for year 2020. Install jpholiday or update market_calendar.py.
2026-09-20 06:37:03,186 [WARNING] leadlag.core.market_calendar: No static holiday table for year 2020. Install jpholiday or update market_calendar.py.
2026-09-20 06:37:03,186 [WARNING] leadlag.core.market_calendar: No static holiday table for year 2020. Install jpholiday or update market_calendar.py.
2026-09-20 06:37:03,186 [WARNING] leadlag.core.market_calendar: No static holiday table for year 2020. Install jpholiday or update market_calendar.py.
2026-09-20 06:37:03,186 [WARNING] leadlag.core.market_calendar: No static holiday table for year 2020. Install jpholiday or update market_calendar.py.
2026-09-20 06:37:03,186 [WARNING] leadlag.core.market_calendar: No static holiday table for year 2020. Install jpholiday or update market_calendar.py.
2026-09-20 06:37:03,186 [WARNING] leadlag.core.market_calendar: No static holiday table for year 2020. Install jpholiday or update market_calendar.py.
2026-09-20 06:37:03,187 [WARNING] leadlag.core.market_calendar: No static holiday table for year 2020. Install jpholiday or update market_calendar.py.
2026-09-20 06:37:03,187 [WARNING] leadlag.core.market_calendar: No static holiday table for year 2020. Install jpholiday or update market_calendar.py.
2026-09-20 06:37:03,187 [WARNING] leadlag.core.market_calendar: No static holiday table for year 2020. Install jpholiday or update market_calendar.py.
2026-09-20 06:37:03,187 [WARNING] leadlag.core.market_calendar: No static holiday table for year 2020. Install jpholiday or update market_calendar.py.
2026-09-20 06:37:03,187 [WARNING] leadlag.core.market_calendar: No static holiday table for year 2020. Install jpholiday or update market_calendar.py.
2026-09-20 06:37:03,187 [WARNING] leadlag.core.market_calendar: No static holiday table for year 2020. Install jpholiday or update market_calendar.py.
2026-09-20 06:37:03,187 [WARNING] leadlag.core.market_calendar: No static holiday table for year 2020. Install jpholiday or update market_calendar.py.
2026-09-20 06:37:03,188 [WARNING] leadlag.core.market_calendar: No static holiday table for year 2020. Install jpholiday or update market_calendar.py.
2026-09-20 06:37:03,188 [WARNING] leadlag.core.market_calendar: No static holiday table for year 2020. Install jpholiday or update market_calendar.py.
2026-09-20 06:37:03,188 [WARNING] leadlag.core.market_calendar: No static holiday table for year 2020. Install jpholiday or update market_calendar.py.
2026-09-20 06:37:03,188 [WARNING] leadlag.core.market_calendar: No static holiday table for year 2020. Install jpholiday or update market_calendar.py.
2026-09-20 06:37:03,188 [WARNING] leadlag.core.market_calendar: No static holiday table for year 2020. Install jpholiday or update market_calendar.py.
2026-09-20 06:37:03,188 [WARNING] leadlag.core.market_calendar: No static holiday table for year 2020. Install jpholiday or update market_calendar.py.
2026-09-20 06:37:03,188 [WARNING] leadlag.core.market_calendar: No static holiday table for year 2020. Install jpholiday or update market_calendar.py.
2026-09-20 06:37:03,188 [WARNING] leadlag.core.market_calendar: No static holiday table for year 2020. Install jpholiday or update market_calendar.py.
2026-09-20 06:37:03,189 [WARNING] leadlag.core.market_calendar: No static holiday table for year 2020. Install jpholiday or update market_calendar.py.
2026-09-20 06:37:03,189 [WARNING] leadlag.core.market_calendar: No static holiday table for year 2020. Install jpholiday or update market_calendar.py.
2026-09-20 06:37:03,189 [WARNING] leadlag.core.market_calendar: No static holiday table for year 2020. Install jpholiday or update market_calendar.py.
2026-09-20 06:37:03,189 [WARNING] leadlag.core.market_calendar: No static holiday table for year 2020. Install jpholiday or update market_calendar.py.
2026-09-20 06:37:03,189 [WARNING] leadlag.core.market_calendar: No static holiday table for year 2020. Install jpholiday or update market_calendar.py.
2026-09-20 06:37:03,189 [WARNING] leadlag.core.market_calendar: No static holiday table for year 2020. Install jpholiday or update market_calendar.py.
2026-09-20 06:37:03,189 [WARNING] leadlag.core.market_calendar: No static holiday table for year 2020. Install jpholiday or update market_calendar.py.
2026-09-20 06:37:03,190 [WARNING] leadlag.core.market_calendar: No static holiday table for year 2020. Install jpholiday or update market_calendar.py.
2026-09-20 06:37:03,190 [WARNING] leadlag.core.market_calendar: No static holiday table for year 2020. Install jpholiday or update market_calendar.py.
2026-09-20 06:37:03,190 [WARNING] leadlag.core.market_calendar: No static holiday table for year 2020. Install jpholiday or update market_calendar.py.
2026-09-20 06:37:03,190 [WARNING] leadlag.core.market_calendar: No static holiday table for year 2020. Install jpholiday or update market_calendar.py.
2026-09-20 06:37:03,190 [WARNING] leadlag.core.market_calendar: No static holiday table for year 2020. Install jpholiday or update market_calendar.py.
2026-09-20 06:37:03,190 [WARNING] leadlag.core.market_calendar: No static holiday table for year 2020. Install jpholiday or update market_calendar.py.
2026-09-20 06:37:03,190 [WARNING] leadlag.core.market_calendar: No static holiday table for year 2020. Install jpholiday or update market_calendar.py.
2026-09-20 06:37:03,191 [WARNING] leadlag.core.market_calendar: No static holiday table for year 2020. Install jpholiday or update market_calendar.py.
2026-09-20 06:37:03,191 [WARNING] leadlag.core.market_calendar: No static holiday table for year 2020. Install jpholiday or update market_calendar.py.
2026-09-20 06:37:03,191 [WARNING] leadlag.core.market_calendar: No static holiday table for year 2020. Install jpholiday or update market_calendar.py.
2026-09-20 06:37:03,191 [WARNING] leadlag.core.market_calendar: No static holiday table for year 2020. Install jpholiday or update market_calendar.py.
2026-09-20 06:37:03,191 [WARNING] leadlag.core.market_calendar: No static holiday table for year 2020. Install jpholiday or update market_calendar.py.
2026-09-20 06:37:03,191 [WARNING] leadlag.core.market_calendar: No static holiday table for year 2020. Install jpholiday or update market_calendar.py.
2026-09-20 06:37:03,191 [WARNING] leadlag.core.market_calendar: No static holiday table for year 2020. Install jpholiday or update market_calendar.py.
2026-09-20 06:37:03,192 [WARNING] leadlag.core.market_calendar: No static holiday table for year 2020. Install jpholiday or update market_calendar.py.
2026-09-20 06:37:03,192 [WARNING] leadlag.core.market_calendar: No static holiday table for year 2020. Install jpholiday or update market_calendar.py.
2026-09-20 06:37:03,192 [WARNING] leadlag.core.market_calendar: No static holiday table for year 2020. Install jpholiday or update market_calendar.py.
2026-09-20 06:37:03,192 [WARNING] leadlag.core.market_calendar: No static holiday table for year 2020. Install jpholiday or update market_calendar.py.
2026-09-20 06:37:03,192 [WARNING] leadlag.core.market_calendar: No static holiday table for year 2020. Install jpholiday or update market_calendar.py.
2026-09-20 06:37:03,192 [WARNING] leadlag.core.market_calendar: No static holiday table for year 2020. Install jpholiday or update market_calendar.py.
2026-09-20 06:37:03,192 [WARNING] leadlag.core.market_calendar: No static holiday table for year 2020. Install jpholiday or update market_calendar.py.
2026-09-20 06:37:03,193 [WARNING] leadlag.core.market_calendar: No static holiday table for year 2020. Install jpholiday or update market_calendar.py.
2026-09-20 06:37:03,193 [WARNING] leadlag.core.market_calendar: No static holiday table for year 2020. Install jpholiday or update market_calendar.py.
2026-09-20 06:37:03,193 [WARNING] leadlag.core.market_calendar: No static holiday table for year 2020. Install jpholiday or update market_calendar.py.
2026-09-20 06:37:03,193 [WARNING] leadlag.core.market_calendar: No static holiday table for year 2020. Install jpholiday or update market_calendar.py.
2026-09-20 06:37:03,193 [WARNING] leadlag.core.market_calendar: No static holiday table for year 2020. Install jpholiday or update market_calendar.py.
2026-09-20 06:37:03,193 [WARNING] leadlag.core.market_calendar: No static holiday table for year 2020. Install jpholiday or update market_calendar.py.
2026-09-20 06:37:03,193 [WARNING] leadlag.core.market_calendar: No static holiday table for year 2020. Install jpholiday or update market_calendar.py.
2026-09-20 06:37:03,194 [WARNING] leadlag.core.market_calendar: No static holiday table for year 2020. Install jpholiday or update market_calendar.py.
2026-09-20 06:37:03,194 [WARNING] leadlag.core.market_calendar: No static holiday table for year 2020. Install jpholiday or update market_calendar.py.
2026-09-20 06:37:03,194 [WARNING] leadlag.core.market_calendar: No static holiday table for year 2020. Install jpholiday or update market_calendar.py.
2026-09-20 06:37:03,194 [WARNING] leadlag.core.market_calendar: No static holiday table for year 2020. Install jpholiday or update market_calendar.py.
2026-09-20 06:37:03,194 [WARNING] leadlag.core.market_calendar: No static holiday table for year 2020. Install jpholiday or update market_calendar.py.
2026-09-20 06:37:03,194 [WARNING] leadlag.core.market_calendar: No static holiday table for year 2020. Install jpholiday or update market_calendar.py.
2026-09-20 06:37:03,194 [WARNING] leadlag.core.market_calendar: No static holiday table for year 2020. Install jpholiday or update market_calendar.py.
2026-09-20 06:37:03,195 [WARNING] leadlag.core.market_calendar: No static holiday table for year 2020. Install jpholiday or update market_calendar.py.
2026-09-20 06:37:03,195 [WARNING] leadlag.core.market_calendar: No static holiday table for year 2020. Install jpholiday or update market_calendar.py.
2026-09-20 06:37:03,195 [WARNING] leadlag.core.market_calendar: No static holiday table for year 2020. Install jpholiday or update market_calendar.py.
2026-09-20 06:37:03,195 [WARNING] leadlag.core.market_calendar: No static holiday table for year 2020. Install jpholiday or update market_calendar.py.
2026-09-20 06:37:03,195 [WARNING] leadlag.core.market_calendar: No static holiday table for year 2020. Install jpholiday or update market_calendar.py.
2026-09-20 06:37:03,195 [WARNING] leadlag.core.market_calendar: No static holiday table for year 2020. Install jpholiday or update market_calendar.py.
2026-09-20 06:37:03,195 [WARNING] leadlag.core.market_calendar: No static holiday table for year 2020. Install jpholiday or update market_calendar.py.
2026-09-20 06:37:03,195 [WARNING] leadlag.core.market_calendar: No static holiday table for year 2020. Install jpholiday or update market_calendar.py.
2026-09-20 06:37:03,196 [WARNING] leadlag.core.market_calendar: No static holiday table for year 2020. Install jpholiday or update market_calendar.py.
2026-09-20 06:37:03,196 [WARNING] leadlag.core.market_calendar: No static holiday table for year 2020. Install jpholiday or update market_calendar.py.
2026-09-20 06:37:03,196 [WARNING] leadlag.core.market_calendar: No static holiday table for year 2020. Install jpholiday or update market_calendar.py.
2026-09-20 06:37:03,196 [WARNING] leadlag.core.market_calendar: No static holiday table for year 2020. Install jpholiday or update market_calendar.py.
2026-09-20 06:37:03,196 [WARNING] leadlag.core.market_calendar: No static holiday table for year 2020. Install jpholiday or update market_calendar.py.
2026-09-20 06:37:03,196 [WARNING] leadlag.core.market_calendar: No static holiday table for year 2020. Install jpholiday or update market_calendar.py.
2026-09-20 06:37:03,196 [WARNING] leadlag.core.market_calendar: No static holiday table for year 2020. Install jpholiday or update market_calendar.py.
2026-09-20 06:37:03,197 [WARNING] leadlag.core.market_calendar: No static holiday table for year 2020. Install jpholiday or update market_calendar.py.
2026-09-20 06:37:03,197 [WARNING] leadlag.core.market_calendar: No static holiday table for year 2020. Install jpholiday or update market_calendar.py.
2026-09-20 06:37:03,197 [WARNING] leadlag.core.market_calendar: No static holiday table for year 2020. Install jpholiday or update market_calendar.py.
2026-09-20 06:37:03,197 [WARNING] leadlag.core.market_calendar: No static holiday table for year 2020. Install jpholiday or update market_calendar.py.
2026-09-20 06:37:03,197 [WARNING] leadlag.core.market_calendar: No static holiday table for year 2020. Install jpholiday or update market_calendar.py.
2026-09-20 06:37:03,197 [WARNING] leadlag.core.market_calendar: No static holiday table for year 2020. Install jpholiday or update market_calendar.py.
2026-09-20 06:37:03,197 [WARNING] leadlag.core.market_calendar: No static holiday table for year 2020. Install jpholiday or update market_calendar.py.
2026-09-20 06:37:03,198 [WARNING] leadlag.core.market_calendar: No static holiday table for year 2020. Install jpholiday or update market_calendar.py.
2026-09-20 06:37:03,198 [WARNING] leadlag.core.market_calendar: No static holiday table for year 2020. Install jpholiday or update market_calendar.py.
2026-09-20 06:37:03,198 [WARNING] leadlag.core.market_calendar: No static holiday table for year 2020. Install jpholiday or update market_calendar.py.
2026-09-20 06:37:03,198 [WARNING] leadlag.core.market_calendar: No static holiday table for year 2020. Install jpholiday or update market_calendar.py.
2026-09-20 06:37:03,198 [WARNING] leadlag.core.market_calendar: No static holiday table for year 2020. Install jpholiday or update market_calendar.py.
2026-09-20 06:37:03,198 [WARNING] leadlag.core.market_calendar: No static holiday table for year 2020. Install jpholiday or update market_calendar.py.
2026-09-20 06:37:03,198 [WARNING] leadlag.core.market_calendar: No static holiday table for year 2020. Install jpholiday or update market_calendar.py.
2026-09-20 06:37:03,199 [WARNING] leadlag.core.market_calendar: No static holiday table for year 2020. Install jpholiday or update market_calendar.py.
2026-09-20 06:37:03,199 [WARNING] leadlag.core.market_calendar: No static holiday table for year 2020. Install jpholiday or update market_calendar.py.
2026-09-20 06:37:03,199 [WARNING] leadlag.core.market_calendar: No static holiday table for year 2020. Install jpholiday or update market_calendar.py.
2026-09-20 06:37:03,199 [WARNING] leadlag.core.market_calendar: No static holiday table for year 2020. Install jpholiday or update market_calendar.py.
2026-09-20 06:37:03,199 [WARNING] leadlag.core.market_calendar: No static holiday table for year 2020. Install jpholiday or update market_calendar.py.
2026-09-20 06:37:03,199 [WARNING] leadlag.core.market_calendar: No static holiday table for year 2020. Install jpholiday or update market_calendar.py.
2026-09-20 06:37:03,199 [WARNING] leadlag.core.market_calendar: No static holiday table for year 2020. Install jpholiday or update market_calendar.py.
2026-09-20 06:37:03,200 [WARNING] leadlag.core.market_calendar: No static holiday table for year 2020. Install jpholiday or update market_calendar.py.
2026-09-20 06:37:03,200 [WARNING] leadlag.core.market_calendar: No static holiday table for year 2020. Install jpholiday or update market_calendar.py.
2026-09-20 06:37:03,200 [WARNING] leadlag.core.market_calendar: No static holiday table for year 2020. Install jpholiday or update market_calendar.py.
2026-09-20 06:37:03,200 [WARNING] leadlag.core.market_calendar: No static holiday table for year 2020. Install jpholiday or update market_calendar.py.
2026-09-20 06:37:03,200 [WARNING] leadlag.core.market_calendar: No static holiday table for year 2020. Install jpholiday or update market_calendar.py.
2026-09-20 06:37:03,200 [WARNING] leadlag.core.market_calendar: No static holiday table for year 2020. Install jpholiday or update market_calendar.py.
2026-09-20 06:37:03,200 [WARNING] leadlag.core.market_calendar: No static holiday table for year 2020. Install jpholiday or update market_calendar.py.
2026-09-20 06:37:03,201 [WARNING] leadlag.core.market_calendar: No static holiday table for year 2020. Install jpholiday or update market_calendar.py.
2026-09-20 06:37:03,201 [WARNING] leadlag.core.market_calendar: No static holiday table for year 2020. Install jpholiday or update market_calendar.py.
2026-09-20 06:37:03,201 [WARNING] leadlag.core.market_calendar: No static holiday table for year 2020. Install jpholiday or update market_calendar.py.
2026-09-20 06:37:03,201 [WARNING] leadlag.core.market_calendar: No static holiday table for year 2020. Install jpholiday or update market_calendar.py.
2026-09-20 06:37:03,201 [WARNING] leadlag.core.market_calendar: No static holiday table for year 2020. Install jpholiday or update market_calendar.py.
2026-09-20 06:37:03,202 [WARNING] leadlag.core.market_calendar: No static holiday table for year 2020. Install jpholiday or update market_calendar.py.
2026-09-20 06:37:03,202 [WARNING] leadlag.core.market_calendar: No static holiday table for year 2020. Install jpholiday or update market_calendar.py.
2026-09-20 06:37:03,202 [WARNING] leadlag.core.market_calendar: No static holiday table for year 2020. Install jpholiday or update market_calendar.py.
2026-09-20 06:37:03,202 [WARNING] leadlag.core.market_calendar: No static holiday table for year 2020. Install jpholiday or update market_calendar.py.
2026-09-20 06:37:03,203 [WARNING] leadlag.core.market_calendar: No static holiday table for year 2020. Install jpholiday or update market_calendar.py.
2026-09-20 06:37:03,203 [WARNING] leadlag.core.market_calendar: No static holiday table for year 2020. Install jpholiday or update market_calendar.py.
2026-09-20 06:37:03,203 [WARNING] leadlag.core.market_calendar: No static holiday table for year 2020. Install jpholiday or update market_calendar.py.
2026-09-20 06:37:03,203 [WARNING] leadlag.core.market_calendar: No static holiday table for year 2020. Install jpholiday or update market_calendar.py.
2026-09-20 06:37:03,203 [WARNING] leadlag.core.market_calendar: No static holiday table for year 2020. Install jpholiday or update market_calendar.py.
2026-09-20 06:37:03,204 [WARNING] leadlag.core.market_calendar: No static holiday table for year 2020. Install jpholiday or update market_calendar.py.
2026-09-20 06:37:03,204 [WARNING] leadlag.core.market_calendar: No static holiday table for year 2020. Install jpholiday or update market_calendar.py.
2026-09-20 06:37:03,204 [WARNING] leadlag.core.market_calendar: No static holiday table for year 2020. Install jpholiday or update market_calendar.py.
2026-09-20 06:37:03,204 [WARNING] leadlag.core.market_calendar: No static holiday table for year 2020. Install jpholiday or update market_calendar.py.
2026-09-20 06:37:03,204 [WARNING] leadlag.core.market_calendar: No static holiday table for year 2020. Install jpholiday or update market_calendar.py.
2026-09-20 06:37:03,205 [WARNING] leadlag.core.market_calendar: No static holiday table for year 2020. Install jpholiday or update market_calendar.py.
2026-09-20 06:37:03,205 [WARNING] leadlag.core.market_calendar: No static holiday table for year 2020. Install jpholiday or update market_calendar.py.
2026-09-20 06:37:03,205 [WARNING] leadlag.core.market_calendar: No static holiday table for year 2020. Install jpholiday or update market_calendar.py.
2026-09-20 06:37:03,205 [WARNING] leadlag.core.market_calendar: No static holiday table for year 2020. Install jpholiday or update market_calendar.py.
2026-09-20 06:37:03,205 [WARNING] leadlag.core.market_calendar: No static holiday table for year 2020. Install jpholiday or update market_calendar.py.
2026-09-20 06:37:03,205 [WARNING] leadlag.core.market_calendar: No static holiday table for year 2020. Install jpholiday or update market_calendar.py.
2026-09-20 06:37:03,205 [WARNING] leadlag.core.market_calendar: No static holiday table for year 2020. Install jpholiday or update market_calendar.py.
2026-09-20 06:37:03,206 [WARNING] leadlag.core.market_calendar: No static holiday table for year 2020. Install jpholiday or update market_calendar.py.
2026-09-20 06:37:03,206 [WARNING] leadlag.core.market_calendar: No static holiday table for year 2020. Install jpholiday or update market_calendar.py.
2026-09-20 06:37:03,206 [WARNING] leadlag.core.market_calendar: No static holiday table for year 2020. Install jpholiday or update market_calendar.py.
2026-09-20 06:37:03,206 [WARNING] leadlag.core.market_calendar: No static holiday table for year 2020. Install jpholiday or update market_calendar.py.
2026-09-20 06:37:03,206 [WARNING] leadlag.core.market_calendar: No static holiday table for year 2020. Install jpholiday or update market_calendar.py.
2026-09-20 06:37:03,206 [WARNING] leadlag.core.market_calendar: No static holiday table for year 2020. Install jpholiday or update market_calendar.py.
2026-09-20 06:37:03,206 [WARNING] leadlag.core.market_calendar: No static holiday table for year 2020. Install jpholiday or update market_calendar.py.
2026-09-20 06:37:03,207 [WARNING] leadlag.core.market_calendar: No static holiday table for year 2020. Install jpholiday or update market_calendar.py.
2026-09-20 06:37:03,207 [WARNING] leadlag.core.market_calendar: No static holiday table for year 2020. Install jpholiday or update market_calendar.py.
2026-09-20 06:37:03,207 [WARNING] leadlag.core.market_calendar: No static holiday table for year 2020. Install jpholiday or update market_calendar.py.
2026-09-20 06:37:03,207 [WARNING] leadlag.core.market_calendar: No static holiday table for year 2020. Install jpholiday or update market_calendar.py.
2026-09-20 06:37:03,207 [WARNING] leadlag.core.market_calendar: No static holiday table for year 2020. Install jpholiday or update market_calendar.py.
2026-09-20 06:37:03,207 [WARNING] leadlag.core.market_calendar: No static holiday table for year 2020. Install jpholiday or update market_calendar.py.
2026-09-20 06:37:03,207 [WARNING] leadlag.core.market_calendar: No static holiday table for year 2020. Install jpholiday or update market_calendar.py.
2026-09-20 06:37:03,207 [WARNING] leadlag.core.market_calendar: No static holiday table for year 2020. Install jpholiday or update market_calendar.py.
2026-09-20 06:37:03,208 [WARNING] leadlag.core.market_calendar: No static holiday table for year 2020. Install jpholiday or update market_calendar.py.
2026-09-20 06:37:03,208 [WARNING] leadlag.core.market_calendar: No static holiday table for year 2020. Install jpholiday or update market_calendar.py.
2026-09-20 06:37:03,208 [WARNING] leadlag.core.market_calendar: No static holiday table for year 2020. Install jpholiday or update market_calendar.py.
2026-09-20 06:37:03,208 [WARNING] leadlag.core.market_calendar: No static holiday table for year 2020. Install jpholiday or update market_calendar.py.
2026-09-20 06:37:03,208 [WARNING] leadlag.core.market_calendar: No static holiday table for year 2020. Install jpholiday or update market_calendar.py.
2026-09-20 06:37:03,208 [WARNING] leadlag.core.market_calendar: No static holiday table for year 2020. Install jpholiday or update market_calendar.py.
2026-09-20 06:37:03,208 [WARNING] leadlag.core.market_calendar: No static holiday table for year 2020. Install jpholiday or update market_calendar.py.
2026-09-20 06:37:03,209 [WARNING] leadlag.core.market_calendar: No static holiday table for year 2020. Install jpholiday or update market_calendar.py.
2026-09-20 06:37:03,209 [WARNING] leadlag.core.market_calendar: No static holiday table for year 2020. Install jpholiday or update market_calendar.py.
2026-09-20 06:37:03,209 [WARNING] leadlag.core.market_calendar: No static holiday table for year 2020. Install jpholiday or update market_calendar.py.
2026-09-20 06:37:03,209 [WARNING] leadlag.core.market_calendar: No static holiday table for year 2020. Install jpholiday or update market_calendar.py.
2026-09-20 06:37:03,209 [WARNING] leadlag.core.market_calendar: No static holiday table for year 2020. Install jpholiday or update market_calendar.py.
2026-09-20 06:37:03,209 [WARNING] leadlag.core.market_calendar: No static holiday table for year 2020. Install jpholiday or update market_calendar.py.
2026-09-20 06:37:03,209 [WARNING] leadlag.core.market_calendar: No static holiday table for year 2020. Install jpholiday or update market_calendar.py.
2026-09-20 06:37:03,210 [WARNING] leadlag.core.market_calendar: No static holiday table for year 2020. Install jpholiday or update market_calendar.py.
2026-09-20 06:37:03,210 [WARNING] leadlag.core.market_calendar: No static holiday table for year 2020. Install jpholiday or update market_calendar.py.
2026-09-20 06:37:03,210 [WARNING] leadlag.core.market_calendar: No static holiday table for year 2020. Install jpholiday or update market_calendar.py.
2026-09-20 06:37:03,210 [WARNING] leadlag.core.market_calendar: No static holiday table for year 2020. Install jpholiday or update market_calendar.py.
2026-09-20 06:37:03,210 [WARNING] leadlag.core.market_calendar: No static holiday table for year 2020. Install jpholiday or update market_calendar.py.
2026-09-20 06:37:03,210 [WARNING] leadlag.core.market_calendar: No static holiday table for year 2020. Install jpholiday or update market_calendar.py.
2026-09-20 06:37:03,210 [WARNING] leadlag.core.market_calendar: No static holiday table for year 2020. Install jpholiday or update market_calendar.py.
2026-09-20 06:37:03,211 [WARNING] leadlag.core.market_calendar: No static holiday table for year 2020. Install jpholiday or update market_calendar.py.
2026-09-20 06:37:03,211 [WARNING] leadlag.core.market_calendar: No static holiday table for year 2020. Install jpholiday or update market_calendar.py.
2026-09-20 06:37:03,211 [WARNING] leadlag.core.market_calendar: No static holiday table for year 2020. Install jpholiday or update market_calendar.py.
2026-09-20 06:37:03,211 [WARNING] leadlag.core.market_calendar: No static holiday table for year 2020. Install jpholiday or update market_calendar.py.
2026-09-20 06:37:03,211 [WARNING] leadlag.core.market_calendar: No static holiday table for year 2020. Install jpholiday or update market_calendar.py.
2026-09-20 06:37:03,211 [WARNING] leadlag.core.market_calendar: No static holiday table for year 2020. Install jpholiday or update market_calendar.py.
2026-09-20 06:37:03,211 [WARNING] leadlag.core.market_calendar: No static holiday table for year 2020. Install jpholiday or update market_calendar.py.
2026-09-20 06:37:03,212 [WARNING] leadlag.core.market_calendar: No static holiday table for year 2020. Install jpholiday or update market_calendar.py.
2026-09-20 06:37:03,212 [WARNING] leadlag.core.market_calendar: No static holiday table for year 2020. Install jpholiday or update market_calendar.py.
2026-09-20 06:37:03,212 [WARNING] leadlag.core.market_calendar: No static holiday table for year 2020. Install jpholiday or update market_calendar.py.
2026-09-20 06:37:03,212 [WARNING] leadlag.core.market_calendar: No static holiday table for year 2020. Install jpholiday or update market_calendar.py.
2026-09-20 06:37:03,212 [WARNING] leadlag.core.market_calendar: No static holiday table for year 2020. Install jpholiday or update market_calendar.py.
2026-09-20 06:37:03,212 [WARNING] leadlag.core.market_calendar: No static holiday table for year 2020. Install jpholiday or update market_calendar.py.
2026-09-20 06:37:03,212 [WARNING] leadlag.core.market_calendar: No static holiday table for year 2020. Install jpholiday or update market_calendar.py.
2026-09-20 06:37:03,212 [WARNING] leadlag.core.market_calendar: No static holiday table for year 2020. Install jpholiday or update market_calendar.py.
2026-09-20 06:37:03,213 [WARNING] leadlag.core.market_calendar: No static holiday table for year 2020. Install jpholiday or update market_calendar.py.
2026-09-20 06:37:03,213 [WARNING] leadlag.core.market_calendar: No static holiday table for year 2020. Install jpholiday or update market_calendar.py.
2026-09-20 06:37:03,213 [WARNING] leadlag.core.market_calendar: No static holiday table for year 2020. Install jpholiday or update market_calendar.py.
2026-09-20 06:37:03,213 [WARNING] leadlag.core.market_calendar: No static holiday table for year 2020. Install jpholiday or update market_calendar.py.
2026-09-20 06:37:03,213 [WARNING] leadlag.core.market_calendar: No static holiday table for year 2021. Install jpholiday or update market_calendar.py.
2026-09-20 06:37:03,213 [WARNING] leadlag.core.market_calendar: No static holiday table for year 2021. Install jpholiday or update market_calendar.py.
2026-09-20 06:37:03,214 [WARNING] leadlag.core.market_calendar: No static holiday table for year 2021. Install jpholiday or update market_calendar.py.
2026-09-20 06:37:03,214 [WARNING] leadlag.core.market_calendar: No static holiday table for year 2021. Install jpholiday or update market_calendar.py.
2026-09-20 06:37:03,214 [WARNING] leadlag.core.market_calendar: No static holiday table for year 2021. Install jpholiday or update market_calendar.py.
2026-09-20 06:37:03,214 [WARNING] leadlag.core.market_calendar: No static holiday table for year 2021. Install jpholiday or update market_calendar.py.
2026-09-20 06:37:03,214 [WARNING] leadlag.core.market_calendar: No static holiday table for year 2021. Install jpholiday or update market_calendar.py.
2026-09-20 06:37:03,214 [WARNING] leadlag.core.market_calendar: No static holiday table for year 2021. Install jpholiday or update market_calendar.py.
2026-09-20 06:37:03,214 [WARNING] leadlag.core.market_calendar: No static holiday table for year 2021. Install jpholiday or update market_calendar.py.
2026-09-20 06:37:03,215 [WARNING] leadlag.core.market_calendar: No static holiday table for year 2021. Install jpholiday or update market_calendar.py.
2026-09-20 06:37:03,215 [WARNING] leadlag.core.market_calendar: No static holiday table for year 2021. Install jpholiday or update market_calendar.py.
2026-09-20 06:37:03,215 [WARNING] leadlag.core.market_calendar: No static holiday table for year 2021. Install jpholiday or update market_calendar.py.
2026-09-20 06:37:03,215 [WARNING] leadlag.core.market_calendar: No static holiday table for year 2021. Install jpholiday or update market_calendar.py.
2026-09-20 06:37:03,215 [WARNING] leadlag.core.market_calendar: No static holiday table for year 2021. Install jpholiday or update market_calendar.py.
2026-09-20 06:37:03,215 [WARNING] leadlag.core.market_calendar: No static holiday table for year 2021. Install jpholiday or update market_calendar.py.
2026-09-20 06:37:03,216 [WARNING] leadlag.core.market_calendar: No static holiday table for year 2021. Install jpholiday or update market_calendar.py.
2026-09-20 06:37:03,216 [WARNING] leadlag.core.market_calendar: No static holiday table for year 2021. Install jpholiday or update market_calendar.py.
2026-09-20 06:37:03,216 [WARNING] leadlag.core.market_calendar: No static holiday table for year 2021. Install jpholiday or update market_calendar.py.
2026-09-20 06:37:03,216 [WARNING] leadlag.core.market_calendar: No static holiday table for year 2021. Install jpholiday or update market_calendar.py.
2026-09-20 06:37:03,216 [WARNING] leadlag.core.market_calendar: No static holiday table for year 2021. Install jpholiday or update market_calendar.py.
2026-09-20 06:37:03,216 [WARNING] leadlag.core.market_calendar: No static holiday table for year 2021. Install jpholiday or update market_calendar.py.
2026-09-20 06:37:03,216 [WARNING] leadlag.core.market_calendar: No static holiday table for year 2021. Install jpholiday or update market_calendar.py.
2026-09-20 06:37:03,217 [WARNING] leadlag.core.market_calendar: No static holiday table for year 2021. Install jpholiday or update market_calendar.py.
2026-09-20 06:37:03,217 [WARNING] leadlag.core.market_calendar: No static holiday table for year 2021. Install jpholiday or update market_calendar.py.
2026-09-20 06:37:03,217 [WARNING] leadlag.core.market_calendar: No static holiday table for year 2021. Install jpholiday or update market_calendar.py.
2026-09-20 06:37:03,217 [WARNING] leadlag.core.market_calendar: No static holiday table for year 2021. Install jpholiday or update market_calendar.py.
2026-09-20 06:37:03,217 [WARNING] leadlag.core.market_calendar: No static holiday table for year 2021. Install jpholiday or update market_calendar.py.
2026-09-20 06:37:03,217 [WARNING] leadlag.core.market_calendar: No static holiday table for year 2021. Install jpholiday or update market_calendar.py.
2026-09-20 06:37:03,217 [WARNING] leadlag.core.market_calendar: No static holiday table for year 2021. Install jpholiday or update market_calendar.py.
2026-09-20 06:37:03,218 [WARNING] leadlag.core.market_calendar: No static holiday table for year 2021. Install jpholiday or update market_calendar.py.
2026-09-20 06:37:03,218 [WARNING] leadlag.core.market_calendar: No static holiday table for year 2021. Install jpholiday or update market_calendar.py.
2026-09-20 06:37:03,218 [WARNING] leadlag.core.market_calendar: No static holiday table for year 2021. Install jpholiday or update market_calendar.py.
2026-09-20 06:37:03,218 [WARNING] leadlag.core.market_calendar: No static holiday table for year 2021. Install jpholiday or update market_calendar.py.
2026-09-20 06:37:03,218 [WARNING] leadlag.core.market_calendar: No static holiday table for year 2021. Install jpholiday or update market_calendar.py.
2026-09-20 06:37:03,218 [WARNING] leadlag.core.market_calendar: No static holiday table for year 2021. Install jpholiday or update market_calendar.py.
2026-09-20 06:37:03,218 [WARNING] leadlag.core.market_calendar: No static holiday table for year 2021. Install jpholiday or update market_calendar.py.
2026-09-20 06:37:03,219 [WARNING] leadlag.core.market_calendar: No static holiday table for year 2021. Install jpholiday or update market_calendar.py.
2026-09-20 06:37:03,219 [WARNING] leadlag.core.market_calendar: No static holiday table for year 2021. Install jpholiday or update market_calendar.py.
2026-09-20 06:37:03,219 [WARNING] leadlag.core.market_calendar: No static holiday table for year 2021. Install jpholiday or update market_calendar.py.
2026-09-20 06:37:03,219 [WARNING] leadlag.core.market_calendar: No static holiday table for year 2021. Install jpholiday or update market_calendar.py.
2026-09-20 06:37:03,219 [WARNING] leadlag.core.market_calendar: No static holiday table for year 2021. Install jpholiday or update market_calendar.py.
2026-09-20 06:37:03,219 [WARNING] leadlag.core.market_calendar: No static holiday table for year 2021. Install jpholiday or update market_calendar.py.
2026-09-20 06:37:03,220 [WARNING] leadlag.core.market_calendar: No static holiday table for year 2021. Install jpholiday or update market_calendar.py.
2026-09-20 06:37:03,220 [WARNING] leadlag.core.market_calendar: No static holiday table for year 2021. Install jpholiday or update market_calendar.py.
2026-09-20 06:37:03,220 [WARNING] leadlag.core.market_calendar: No static holiday table for year 2021. Install jpholiday or update market_calendar.py.
2026-09-20 06:37:03,220 [WARNING] leadlag.core.market_calendar: No static holiday table for year 2021. Install jpholiday or update market_calendar.py.
2026-09-20 06:37:03,220 [WARNING] leadlag.core.market_calendar: No static holiday table for year 2021. Install jpholiday or update market_calendar.py.
2026-09-20 06:37:03,220 [WARNING] leadlag.core.market_calendar: No static holiday table for year 2021. Install jpholiday or update market_calendar.py.
2026-09-20 06:37:03,221 [WARNING] leadlag.core.market_calendar: No static holiday table for year 2021. Install jpholiday or update market_calendar.py.
2026-09-20 06:37:03,221 [WARNING] leadlag.core.market_calendar: No static holiday table for year 2021. Install jpholiday or update market_calendar.py.
2026-09-20 06:37:03,221 [WARNING] leadlag.core.market_calendar: No static holiday table for year 2021. Install jpholiday or update market_calendar.py.
2026-09-20 06:37:03,221 [WARNING] leadlag.core.market_calendar: No static holiday table for year 2021. Install jpholiday or update market_calendar.py.
2026-09-20 06:37:03,221 [WARNING] leadlag.core.market_calendar: No static holiday table for year 2021. Install jpholiday or update market_calendar.py.
2026-09-20 06:37:03,221 [WARNING] leadlag.core.market_calendar: No static holiday table for year 2021. Install jpholiday or update market_calendar.py.
2026-09-20 06:37:03,222 [WARNING] leadlag.core.market_calendar: No static holiday table for year 2021. Install jpholiday or update market_calendar.py.
2026-09-20 06:37:03,222 [WARNING] leadlag.core.market_calendar: No static holiday table for year 2021. Install jpholiday or update market_calendar.py.
2026-09-20 06:37:03,222 [WARNING] leadlag.core.market_calendar: No static holiday table for year 2021. Install jpholiday or update market_calendar.py.
2026-09-20 06:37:03,222 [WARNING] leadlag.core.market_calendar: No static holiday table for year 2021. Install jpholiday or update market_calendar.py.
2026-09-20 06:37:03,222 [WARNING] leadlag.core.market_calendar: No static holiday table for year 2021. Install jpholiday or update market_calendar.py.
2026-09-20 06:37:03,222 [WARNING] leadlag.core.market_calendar: No static holiday table for year 2021. Install jpholiday or update market_calendar.py.
2026-09-20 06:37:03,223 [WARNING] leadlag.core.market_calendar: No static holiday table for year 2021. Install jpholiday or update market_calendar.py.
2026-09-20 06:37:03,223 [WARNING] leadlag.core.market_calendar: No static holiday table for year 2021. Install jpholiday or update market_calendar.py.
2026-09-20 06:37:03,223 [WARNING] leadlag.core.market_calendar: No static holiday table for year 2021. Install jpholiday or update market_calendar.py.
2026-09-20 06:37:03,223 [WARNING] leadlag.core.market_calendar: No static holiday table for year 2021. Install jpholiday or update market_calendar.py.
2026-09-20 06:37:03,223 [WARNING] leadlag.core.market_calendar: No static holiday table for year 2021. Install jpholiday or update market_calendar.py.
2026-09-20 06:37:03,223 [WARNING] leadlag.core.market_calendar: No static holiday table for year 2021. Install jpholiday or update market_calendar.py.
2026-09-20 06:37:03,223 [WARNING] leadlag.core.market_calendar: No static holiday table for year 2021. Install jpholiday or update market_calendar.py.
2026-09-20 06:37:03,224 [WARNING] leadlag.core.market_calendar: No static holiday table for year 2021. Install jpholiday or update market_calendar.py.
2026-09-20 06:37:03,224 [WARNING] leadlag.core.market_calendar: No static holiday table for year 2021. Install jpholiday or update market_calendar.py.
2026-09-20 06:37:03,224 [WARNING] leadlag.core.market_calendar: No static holiday table for year 2021. Install jpholiday or update market_calendar.py.
2026-09-20 06:37:03,224 [WARNING] leadlag.core.market_calendar: No static holiday table for year 2021. Install jpholiday or update market_calendar.py.
2026-09-20 06:37:03,224 [WARNING] leadlag.core.market_calendar: No static holiday table for year 2021. Install jpholiday or update market_calendar.py.
2026-09-20 06:37:03,224 [WARNING] leadlag.core.market_calendar: No static holiday table for year 2021. Install jpholiday or update market_calendar.py.
2026-09-20 06:37:03,224 [WARNING] leadlag.core.market_calendar: No static holiday table for year 2021. Install jpholiday or update market_calendar.py.
2026-09-20 06:37:03,225 [WARNING] leadlag.core.market_calendar: No static holiday table for year 2021. Install jpholiday or update market_calendar.py.
2026-09-20 06:37:03,225 [WARNING] leadlag.core.market_calendar: No static holiday table for year 2021. Install jpholiday or update market_calendar.py.
2026-09-20 06:37:03,225 [WARNING] leadlag.core.market_calendar: No static holiday table for year 2021. Install jpholiday or update market_calendar.py.
2026-09-20 06:37:03,225 [WARNING] leadlag.core.market_calendar: No static holiday table for year 2021. Install jpholiday or update market_calendar.py.
2026-09-20 06:37:03,225 [WARNING] leadlag.core.market_calendar: No static holiday table for year 2021. Install jpholiday or update market_calendar.py.
2026-09-20 06:37:03,225 [WARNING] leadlag.core.market_calendar: No static holiday table for year 2021. Install jpholiday or update market_calendar.py.
2026-09-20 06:37:03,225 [WARNING] leadlag.core.market_calendar: No static holiday table for year 2021. Install jpholiday or update market_calendar.py.
2026-09-20 06:37:03,226 [WARNING] leadlag.core.market_calendar: No static holiday table for year 2021. Install jpholiday or update market_calendar.py.
2026-09-20 06:37:03,226 [WARNING] leadlag.core.market_calendar: No static holiday table for year 2021. Install jpholiday or update market_calendar.py.
2026-09-20 06:37:03,226 [WARNING] leadlag.core.market_calendar: No static holiday table for year 2021. Install jpholiday or update market_calendar.py.
2026-09-20 06:37:03,226 [WARNING] leadlag.core.market_calendar: No static holiday table for year 2021. Install jpholiday or update market_calendar.py.
2026-09-20 06:37:03,226 [WARNING] leadlag.core.market_calendar: No static holiday table for year 2021. Install jpholiday or update market_calendar.py.
2026-09-20 06:37:03,226 [WARNING] leadlag.core.market_calendar: No static holiday table for year 2021. Install jpholiday or update market_calendar.py.
2026-09-20 06:37:03,226 [WARNING] leadlag.core.market_calendar: No static holiday table for year 2021. Install jpholiday or update market_calendar.py.
2026-09-20 06:37:03,227 [WARNING] leadlag.core.market_calendar: No static holiday table for year 2021. Install jpholiday or update market_calendar.py.
2026-09-20 06:37:03,227 [WARNING] leadlag.core.market_calendar: No static holiday table for year 2021. Install jpholiday or update market_calendar.py.
2026-09-20 06:37:03,227 [WARNING] leadlag.core.market_calendar: No static holiday table for year 2021. Install jpholiday or update market_calendar.py.
2026-09-20 06:37:03,227 [WARNING] leadlag.core.market_calendar: No static holiday table for year 2021. Install jpholiday or update market_calendar.py.
2026-09-20 06:37:03,227 [WARNING] leadlag.core.market_calendar: No static holiday table for year 2021. Install jpholiday or update market_calendar.py.
2026-09-20 06:37:03,227 [WARNING] leadlag.core.market_calendar: No static holiday table for year 2021. Install jpholiday or update market_calendar.py.
2026-09-20 06:37:03,227 [WARNING] leadlag.core.market_calendar: No static holiday table for year 2021. Install jpholiday or update market_calendar.py.
2026-09-20 06:37:03,228 [WARNING] leadlag.core.market_calendar: No static holiday table for year 2021. Install jpholiday or update market_calendar.py.
2026-09-20 06:37:03,228 [WARNING] leadlag.core.market_calendar: No static holiday table for year 2021. Install jpholiday or update market_calendar.py.
2026-09-20 06:37:03,228 [WARNING] leadlag.core.market_calendar: No static holiday table for year 2021. Install jpholiday or update market_calendar.py.
2026-09-20 06:37:03,228 [WARNING] leadlag.core.market_calendar: No static holiday table for year 2021. Install jpholiday or update market_calendar.py.
2026-09-20 06:37:03,228 [WARNING] leadlag.core.market_calendar: No static holiday table for year 2021. Install jpholiday or update market_calendar.py.
2026-09-20 06:37:03,228 [WARNING] leadlag.core.market_calendar: No static holiday table for year 2021. Install jpholiday or update market_calendar.py.
2026-09-20 06:37:03,228 [WARNING] leadlag.core.market_calendar: No static holiday table for year 2021. Install jpholiday or update market_calendar.py.
2026-09-20 06:37:03,228 [WARNING] leadlag.core.market_calendar: No static holiday table for year 2021. Install jpholiday or update market_calendar.py.
2026-09-20 06:37:03,229 [WARNING] leadlag.core.market_calendar: No static holiday table for year 2021. Install jpholiday or update market_calendar.py.
2026-09-20 06:37:03,229 [WARNING] leadlag.core.market_calendar: No static holiday table for year 2021. Install jpholiday or update market_calendar.py.
2026-09-20 06:37:03,229 [WARNING] leadlag.core.market_calendar: No static holiday table for year 2021. Install jpholiday or update market_calendar.py.
2026-09-20 06:37:03,229 [WARNING] leadlag.core.market_calendar: No static holiday table for year 2021. Install jpholiday or update market_calendar.py.
2026-09-20 06:37:03,229 [WARNING] leadlag.core.market_calendar: No static holiday table for year 2021. Install jpholiday or update market_calendar.py.
2026-09-20 06:37:03,229 [WARNING] leadlag.core.market_calendar: No static holiday table for year 2021. Install jpholiday or update market_calendar.py.
2026-09-20 06:37:03,229 [WARNING] leadlag.core.market_calendar: No static holiday table for year 2021. Install jpholiday or update market_calendar.py.
2026-09-20 06:37:03,230 [WARNING] leadlag.core.market_calendar: No static holiday table for year 2021. Install jpholiday or update market_calendar.py.
2026-09-20 06:37:03,230 [WARNING] leadlag.core.market_calendar: No static holiday table for year 2021. Install jpholiday or update market_calendar.py.
2026-09-20 06:37:03,230 [WARNING] leadlag.core.market_calendar: No static holiday table for year 2021. Install jpholiday or update market_calendar.py.
2026-09-20 06:37:03,230 [WARNING] leadlag.core.market_calendar: No static holiday table for year 2021. Install jpholiday or update market_calendar.py.
2026-09-20 06:37:03,230 [WARNING] leadlag.core.market_calendar: No static holiday table for year 2021. Install jpholiday or update market_calendar.py.
2026-09-20 06:37:03,230 [WARNING] leadlag.core.market_calendar: No static holiday table for year 2021. Install jpholiday or update market_calendar.py.
2026-09-20 06:37:03,230 [WARNING] leadlag.core.market_calendar: No static holiday table for year 2021. Install jpholiday or update market_calendar.py.
2026-09-20 06:37:03,231 [WARNING] leadlag.core.market_calendar: No static holiday table for year 2021. Install jpholiday or update market_calendar.py.
2026-09-20 06:37:03,231 [WARNING] leadlag.core.market_calendar: No static holiday table for year 2021. Install jpholiday or update market_calendar.py.
2026-09-20 06:37:03,231 [WARNING] leadlag.core.market_calendar: No static holiday table for year 2021. Install jpholiday or update market_calendar.py.
2026-09-20 06:37:03,231 [WARNING] leadlag.core.market_calendar: No static holiday table for year 2021. Install jpholiday or update market_calendar.py.
2026-09-20 06:37:03,231 [WARNING] leadlag.core.market_calendar: No static holiday table for year 2021. Install jpholiday or update market_calendar.py.
2026-09-20 06:37:03,231 [WARNING] leadlag.core.market_calendar: No static holiday table for year 2021. Install jpholiday or update market_calendar.py.
2026-09-20 06:37:03,231 [WARNING] leadlag.core.market_calendar: No static holiday table for year 2021. Install jpholiday or update market_calendar.py.
2026-09-20 06:37:03,232 [WARNING] leadlag.core.market_calendar: No static holiday table for year 2021. Install jpholiday or update market_calendar.py.
2026-09-20 06:37:03,232 [WARNING] leadlag.core.market_calendar: No static holiday table for year 2021. Install jpholiday or update market_calendar.py.
2026-09-20 06:37:03,232 [WARNING] leadlag.core.market_calendar: No static holiday table for year 2021. Install jpholiday or update market_calendar.py.
2026-09-20 06:37:03,232 [WARNING] leadlag.core.market_calendar: No static holiday table for year 2021. Install jpholiday or update market_calendar.py.
2026-09-20 06:37:03,232 [WARNING] leadlag.core.market_calendar: No static holiday table for year 2021. Install jpholiday or update market_calendar.py.
2026-09-20 06:37:03,232 [WARNING] leadlag.core.market_calendar: No static holiday table for year 2021. Install jpholiday or update market_calendar.py.
2026-09-20 06:37:03,232 [WARNING] leadlag.core.market_calendar: No static holiday table for year 2021. Install jpholiday or update market_calendar.py.
2026-09-20 06:37:03,232 [WARNING] leadlag.core.market_calendar: No static holiday table for year 2021. Install jpholiday or update market_calendar.py.
2026-09-20 06:37:03,233 [WARNING] leadlag.core.market_calendar: No static holiday table for year 2021. Install jpholiday or update market_calendar.py.
2026-09-20 06:37:03,233 [WARNING] leadlag.core.market_calendar: No static holiday table for year 2021. Install jpholiday or update market_calendar.py.
2026-09-20 06:37:03,233 [WARNING] leadlag.core.market_calendar: No static holiday table for year 2021. Install jpholiday or update market_calendar.py.
2026-09-20 06:37:03,233 [WARNING] leadlag.core.market_calendar: No static holiday table for year 2021. Install jpholiday or update market_calendar.py.
2026-09-20 06:37:03,233 [WARNING] leadlag.core.market_calendar: No static holiday table for year 2021. Install jpholiday or update market_calendar.py.
2026-09-20 06:37:03,233 [WARNING] leadlag.core.market_calendar: No static holiday table for year 2021. Install jpholiday or update market_calendar.py.
2026-09-20 06:37:03,233 [WARNING] leadlag.core.market_calendar: No static holiday table for year 2021. Install jpholiday or update market_calendar.py.
2026-09-20 06:37:03,234 [WARNING] leadlag.core.market_calendar: No static holiday table for year 2021. Install jpholiday or update market_calendar.py.
2026-09-20 06:37:03,234 [WARNING] leadlag.core.market_calendar: No static holiday table for year 2021. Install jpholiday or update market_calendar.py.
2026-09-20 06:37:03,234 [WARNING] leadlag.core.market_calendar: No static holiday table for year 2021. Install jpholiday or update market_calendar.py.
2026-09-20 06:37:03,234 [WARNING] leadlag.core.market_calendar: No static holiday table for year 2021. Install jpholiday or update market_calendar.py.
2026-09-20 06:37:03,234 [WARNING] leadlag.core.market_calendar: No static holiday table for year 2021. Install jpholiday or update market_calendar.py.
2026-09-20 06:37:03,234 [WARNING] leadlag.core.market_calendar: No static holiday table for year 2021. Install jpholiday or update market_calendar.py.
2026-09-20 06:37:03,234 [WARNING] leadlag.core.market_calendar: No static holiday table for year 2021. Install jpholiday or update market_calendar.py.
2026-09-20 06:37:03,235 [WARNING] leadlag.core.market_calendar: No static holiday table for year 2021. Install jpholiday or update market_calendar.py.
2026-09-20 06:37:03,235 [WARNING] leadlag.core.market_calendar: No static holiday table for year 2021. Install jpholiday or update market_calendar.py.
2026-09-20 06:37:03,235 [WARNING] leadlag.core.market_calendar: No static holiday table for year 2021. Install jpholiday or update market_calendar.py.
2026-09-20 06:37:03,235 [WARNING] leadlag.core.market_calendar: No static holiday table for year 2021. Install jpholiday or update market_calendar.py.
2026-09-20 06:37:03,235 [WARNING] leadlag.core.market_calendar: No static holiday table for year 2021. Install jpholiday or update market_calendar.py.
2026-09-20 06:37:03,235 [WARNING] leadlag.core.market_calendar: No static holiday table for year 2021. Install jpholiday or update market_calendar.py.
2026-09-20 06:37:03,235 [WARNING] leadlag.core.market_calendar: No static holiday table for year 2021. Install jpholiday or update market_calendar.py.
2026-09-20 06:37:03,236 [WARNING] leadlag.core.market_calendar: No static holiday table for year 2021. Install jpholiday or update market_calendar.py.
2026-09-20 06:37:03,236 [WARNING] leadlag.core.market_calendar: No static holiday table for year 2021. Install jpholiday or update market_calendar.py.
2026-09-20 06:37:03,236 [WARNING] leadlag.core.market_calendar: No static holiday table for year 2021. Install jpholiday or update market_calendar.py.
2026-09-20 06:37:03,236 [WARNING] leadlag.core.market_calendar: No static holiday table for year 2021. Install jpholiday or update market_calendar.py.
2026-09-20 06:37:03,236 [WARNING] leadlag.core.market_calendar: No static holiday table for year 2021. Install jpholiday or update market_calendar.py.
2026-09-20 06:37:03,236 [WARNING] leadlag.core.market_calendar: No static holiday table for year 2021. Install jpholiday or update market_calendar.py.
2026-09-20 06:37:03,236 [WARNING] leadlag.core.market_calendar: No static holiday table for year 2021. Install jpholiday or update market_calendar.py.
2026-09-20 06:37:03,237 [WARNING] leadlag.core.market_calendar: No static holiday table for year 2021. Install jpholiday or update market_calendar.py.
2026-09-20 06:37:03,237 [WARNING] leadlag.core.market_calendar: No static holiday table for year 2021. Install jpholiday or update market_calendar.py.
2026-09-20 06:37:03,237 [WARNING] leadlag.core.market_calendar: No static holiday table for year 2021. Install jpholiday or update market_calendar.py.
2026-09-20 06:37:03,237 [WARNING] leadlag.core.market_calendar: No static holiday table for year 2021. Install jpholiday or update market_calendar.py.
2026-09-20 06:37:03,237 [WARNING] leadlag.core.market_calendar: No static holiday table for year 2021. Install jpholiday or update market_calendar.py.
2026-09-20 06:37:03,238 [WARNING] leadlag.core.market_calendar: No static holiday table for year 2021. Install jpholiday or update market_calendar.py.
2026-09-20 06:37:03,238 [WARNING] leadlag.core.market_calendar: No static holiday table for year 2021. Install jpholiday or update market_calendar.py.
2026-09-20 06:37:03,238 [WARNING] leadlag.core.market_calendar: No static holiday table for year 2021. Install jpholiday or update market_calendar.py.
2026-09-20 06:37:03,238 [WARNING] leadlag.core.market_calendar: No static holiday table for year 2021. Install jpholiday or update market_calendar.py.
2026-09-20 06:37:03,238 [WARNING] leadlag.core.market_calendar: No static holiday table for year 2021. Install jpholiday or update market_calendar.py.
2026-09-20 06:37:03,239 [WARNING] leadlag.core.market_calendar: No static holiday table for year 2021. Install jpholiday or update market_calendar.py.
2026-09-20 06:37:03,239 [WARNING] leadlag.core.market_calendar: No static holiday table for year 2021. Install jpholiday or update market_calendar.py.
2026-09-20 06:37:03,239 [WARNING] leadlag.core.market_calendar: No static holiday table for year 2021. Install jpholiday or update market_calendar.py.
2026-09-20 06:37:03,239 [WARNING] leadlag.core.market_calendar: No static holiday table for year 2021. Install jpholiday or update market_calendar.py.
2026-09-20 06:37:03,239 [WARNING] leadlag.core.market_calendar: No static holiday table for year 2021. Install jpholiday or update market_calendar.py.
2026-09-20 06:37:03,240 [WARNING] leadlag.core.market_calendar: No static holiday table for year 2021. Install jpholiday or update market_calendar.py.
2026-09-20 06:37:03,240 [WARNING] leadlag.core.market_calendar: No static holiday table for year 2021. Install jpholiday or update market_calendar.py.
2026-09-20 06:37:03,240 [WARNING] leadlag.core.market_calendar: No static holiday table for year 2021. Install jpholiday or update market_calendar.py.
2026-09-20 06:37:03,240 [WARNING] leadlag.core.market_calendar: No static holiday table for year 2021. Install jpholiday or update market_calendar.py.
2026-09-20 06:37:03,241 [WARNING] leadlag.core.market_calendar: No static holiday table for year 2021. Install jpholiday or update market_calendar.py.
2026-09-20 06:37:03,241 [WARNING] leadlag.core.market_calendar: No static holiday table for year 2021. Install jpholiday or update market_calendar.py.
2026-09-20 06:37:03,241 [WARNING] leadlag.core.market_calendar: No static holiday table for year 2021. Install jpholiday or update market_calendar.py.
2026-09-20 06:37:03,241 [WARNING] leadlag.core.market_calendar: No static holiday table for year 2021. Install jpholiday or update market_calendar.py.
2026-09-20 06:37:03,241 [WARNING] leadlag.core.market_calendar: No static holiday table for year 2021. Install jpholiday or update market_calendar.py.
2026-09-20 06:37:03,241 [WARNING] leadlag.core.market_calendar: No static holiday table for year 2021. Install jpholiday or update market_calendar.py.
2026-09-20 06:37:03,241 [WARNING] leadlag.core.market_calendar: No static holiday table for year 2021. Install jpholiday or update market_calendar.py.
2026-09-20 06:37:03,242 [WARNING] leadlag.core.market_calendar: No static holiday table for year 2021. Install jpholiday or update market_calendar.py.
2026-09-20 06:37:03,242 [WARNING] leadlag.core.market_calendar: No static holiday table for year 2021. Install jpholiday or update market_calendar.py.
2026-09-20 06:37:03,242 [WARNING] leadlag.core.market_calendar: No static holiday table for year 2021. Install jpholiday or update market_calendar.py.
2026-09-20 06:37:03,242 [WARNING] leadlag.core.market_calendar: No static holiday table for year 2021. Install jpholiday or update market_calendar.py.
2026-09-20 06:37:03,242 [WARNING] leadlag.core.market_calendar: No static holiday table for year 2021. Install jpholiday or update market_calendar.py.
2026-09-20 06:37:03,242 [WARNING] leadlag.core.market_calendar: No static holiday table for year 2021. Install jpholiday or update market_calendar.py.
2026-09-20 06:37:03,242 [WARNING] leadlag.core.market_calendar: No static holiday table for year 2021. Install jpholiday or update market_calendar.py.
2026-09-20 06:37:03,243 [WARNING] leadlag.core.market_calendar: No static holiday table for year 2021. Install jpholiday or update market_calendar.py.
2026-09-20 06:37:03,243 [WARNING] leadlag.core.market_calendar: No static holiday table for year 2021. Install jpholiday or update market_calendar.py.
2026-09-20 06:37:03,243 [WARNING] leadlag.core.market_calendar: No static holiday table for year 2021. Install jpholiday or update market_calendar.py.
2026-09-20 06:37:03,243 [WARNING] leadlag.core.market_calendar: No static holiday table for year 2021. Install jpholiday or update market_calendar.py.
2026-09-20 06:37:03,243 [WARNING] leadlag.core.market_calendar: No static holiday table for year 2021. Install jpholiday or update market_calendar.py.
2026-09-20 06:37:03,243 [WARNING] leadlag.core.market_calendar: No static holiday table for year 2021. Install jpholiday or update market_calendar.py.
2026-09-20 06:37:03,243 [WARNING] leadlag.core.market_calendar: No static holiday table for year 2021. Install jpholiday or update market_calendar.py.
2026-09-20 06:37:03,244 [WARNING] leadlag.core.market_calendar: No static holiday table for year 2021. Install jpholiday or update market_calendar.py.
2026-09-20 06:37:03,244 [WARNING] leadlag.core.market_calendar: No static holiday table for year 2021. Install jpholiday or update market_calendar.py.
2026-09-20 06:37:03,244 [WARNING] leadlag.core.market_calendar: No static holiday table for year 2021. Install jpholiday or update market_calendar.py.
2026-09-20 06:37:03,244 [WARNING] leadlag.core.market_calendar: No static holiday table for year 2021. Install jpholiday or update market_calendar.py.
2026-09-20 06:37:03,244 [WARNING] leadlag.core.market_calendar: No static holiday table for year 2021. Install jpholiday or update market_calendar.py.
2026-09-20 06:37:03,244 [WARNING] leadlag.core.market_calendar: No static holiday table for year 2021. Install jpholiday or update market_calendar.py.
2026-09-20 06:37:03,244 [WARNING] leadlag.core.market_calendar: No static holiday table for year 2021. Install jpholiday or update market_calendar.py.
2026-09-20 06:37:03,245 [WARNING] leadlag.core.market_calendar: No static holiday table for year 2021. Install jpholiday or update market_calendar.py.
2026-09-20 06:37:03,245 [WARNING] leadlag.core.market_calendar: No static holiday table for year 2021. Install jpholiday or update market_calendar.py.
2026-09-20 06:37:03,245 [WARNING] leadlag.core.market_calendar: No static holiday table for year 2021. Install jpholiday or update market_calendar.py.
2026-09-20 06:37:03,245 [WARNING] leadlag.core.market_calendar: No static holiday table for year 2021. Install jpholiday or update market_calendar.py.
2026-09-20 06:37:03,245 [WARNING] leadlag.core.market_calendar: No static holiday table for year 2021. Install jpholiday or update market_calendar.py.
2026-09-20 06:37:03,245 [WARNING] leadlag.core.market_calendar: No static holiday table for year 2021. Install jpholiday or update market_calendar.py.
2026-09-20 06:37:03,245 [WARNING] leadlag.core.market_calendar: No static holiday table for year 2021. Install jpholiday or update market_calendar.py.
2026-09-20 06:37:03,246 [WARNING] leadlag.core.market_calendar: No static holiday table for year 2021. Install jpholiday or update market_calendar.py.
2026-09-20 06:37:03,246 [WARNING] leadlag.core.market_calendar: No static holiday table for year 2021. Install jpholiday or update market_calendar.py.
2026-09-20 06:37:03,246 [WARNING] leadlag.core.market_calendar: No static holiday table for year 2021. Install jpholiday or update market_calendar.py.
2026-09-20 06:37:03,246 [WARNING] leadlag.core.market_calendar: No static holiday table for year 2021. Install jpholiday or update market_calendar.py.
2026-09-20 06:37:03,246 [WARNING] leadlag.core.market_calendar: No static holiday table for year 2021. Install jpholiday or update market_calendar.py.
2026-09-20 06:37:03,246 [WARNING] leadlag.core.market_calendar: No static holiday table for year 2021. Install jpholiday or update market_calendar.py.
2026-09-20 06:37:03,246 [WARNING] leadlag.core.market_calendar: No static holiday table for year 2021. Install jpholiday or update market_calendar.py.
2026-09-20 06:37:03,246 [WARNING] leadlag.core.market_calendar: No static holiday table for year 2021. Install jpholiday or update market_calendar.py.
2026-09-20 06:37:03,247 [WARNING] leadlag.core.market_calendar: No static holiday table for year 2021. Install jpholiday or update market_calendar.py.
2026-09-20 06:37:03,247 [WARNING] leadlag.core.market_calendar: No static holiday table for year 2021. Install jpholiday or update market_calendar.py.
2026-09-20 06:37:03,247 [WARNING] leadlag.core.market_calendar: No static holiday table for year 2021. Install jpholiday or update market_calendar.py.
2026-09-20 06:37:03,247 [WARNING] leadlag.core.market_calendar: No static holiday table for year 2021. Install jpholiday or update market_calendar.py.
2026-09-20 06:37:03,247 [WARNING] leadlag.core.market_calendar: No static holiday table for year 2021. Install jpholiday or update market_calendar.py.
2026-09-20 06:37:03,247 [WARNING] leadlag.core.market_calendar: No static holiday table for year 2021. Install jpholiday or update market_calendar.py.
2026-09-20 06:37:03,247 [WARNING] leadlag.core.market_calendar: No static holiday table for year 2021. Install jpholiday or update market_calendar.py.
2026-09-20 06:37:03,248 [WARNING] leadlag.core.market_calendar: No static holiday table for year 2021. Install jpholiday or update market_calendar.py.
2026-09-20 06:37:03,248 [WARNING] leadlag.core.market_calendar: No static holiday table for year 2021. Install jpholiday or update market_calendar.py.
2026-09-20 06:37:03,248 [WARNING] leadlag.core.market_calendar: No static holiday table for year 2021. Install jpholiday or update market_calendar.py.
2026-09-20 06:37:03,248 [WARNING] leadlag.core.market_calendar: No static holiday table for year 2021. Install jpholiday or update market_calendar.py.
2026-09-20 06:37:03,248 [WARNING] leadlag.core.market_calendar: No static holiday table for year 2021. Install jpholiday or update market_calendar.py.
2026-09-20 06:37:03,248 [WARNING] leadlag.core.market_calendar: No static holiday table for year 2021. Install jpholiday or update market_calendar.py.
2026-09-20 06:37:03,248 [WARNING] leadlag.core.market_calendar: No static holiday table for year 2021. Install jpholiday or update market_calendar.py.
2026-09-20 06:37:03,249 [WARNING] leadlag.core.market_calendar: No static holiday table for year 2021. Install jpholiday or update market_calendar.py.
2026-09-20 06:37:03,249 [WARNING] leadlag.core.market_calendar: No static holiday table for year 2021. Install jpholiday or update market_calendar.py.
2026-09-20 06:37:03,249 [WARNING] leadlag.core.market_calendar: No static holiday table for year 2021. Install jpholiday or update market_calendar.py.
2026-09-20 06:37:03,249 [WARNING] leadlag.core.market_calendar: No static holiday table for year 2021. Install jpholiday or update market_calendar.py.
2026-09-20 06:37:03,249 [WARNING] leadlag.core.market_calendar: No static holiday table for year 2021. Install jpholiday or update market_calendar.py.
2026-09-20 06:37:03,249 [WARNING] leadlag.core.market_calendar: No static holiday table for year 2021. Install jpholiday or update market_calendar.py.
2026-09-20 06:37:03,249 [WARNING] leadlag.core.market_calendar: No static holiday table for year 2021. Install jpholiday or update market_calendar.py.
2026-09-20 06:37:03,250 [WARNING] leadlag.core.market_calendar: No static holiday table for year 2021. Install jpholiday or update market_calendar.py.
2026-09-20 06:37:03,250 [WARNING] leadlag.core.market_calendar: No static holiday table for year 2021. Install jpholiday or update market_calendar.py.
2026-09-20 06:37:03,250 [WARNING] leadlag.core.market_calendar: No static holiday table for year 2022. Install jpholiday or update market_calendar.py.
2026-09-20 06:37:03,250 [WARNING] leadlag.core.market_calendar: No static holiday table for year 2022. Install jpholiday or update market_calendar.py.
2026-09-20 06:37:03,250 [WARNING] leadlag.core.market_calendar: No static holiday table for year 2022. Install jpholiday or update market_calendar.py.
2026-09-20 06:37:03,250 [WARNING] leadlag.core.market_calendar: No static holiday table for year 2022. Install jpholiday or update market_calendar.py.
2026-09-20 06:37:03,250 [WARNING] leadlag.core.market_calendar: No static holiday table for year 2022. Install jpholiday or update market_calendar.py.
2026-09-20 06:37:03,251 [WARNING] leadlag.core.market_calendar: No static holiday table for year 2022. Install jpholiday or update market_calendar.py.
2026-09-20 06:37:03,251 [WARNING] leadlag.core.market_calendar: No static holiday table for year 2022. Install jpholiday or update market_calendar.py.
2026-09-20 06:37:03,251 [WARNING] leadlag.core.market_calendar: No static holiday table for year 2022. Install jpholiday or update market_calendar.py.
2026-09-20 06:37:03,251 [WARNING] leadlag.core.market_calendar: No static holiday table for year 2022. Install jpholiday or update market_calendar.py.
2026-09-20 06:37:03,251 [WARNING] leadlag.core.market_calendar: No static holiday table for year 2022. Install jpholiday or update market_calendar.py.
2026-09-20 06:37:03,251 [WARNING] leadlag.core.market_calendar: No static holiday table for year 2022. Install jpholiday or update market_calendar.py.
2026-09-20 06:37:03,252 [WARNING] leadlag.core.market_calendar: No static holiday table for year 2022. Install jpholiday or update market_calendar.py.
2026-09-20 06:37:03,252 [WARNING] leadlag.core.market_calendar: No static holiday table for year 2022. Install jpholiday or update market_calendar.py.
2026-09-20 06:37:03,252 [WARNING] leadlag.core.market_calendar: No static holiday table for year 2022. Install jpholiday or update market_calendar.py.
2026-09-20 06:37:03,252 [WARNING] leadlag.core.market_calendar: No static holiday table for year 2022. Install jpholiday or update market_calendar.py.
2026-09-20 06:37:03,252 [WARNING] leadlag.core.market_calendar: No static holiday table for year 2022. Install jpholiday or update market_calendar.py.
2026-09-20 06:37:03,252 [WARNING] leadlag.core.market_calendar: No static holiday table for year 2022. Install jpholiday or update market_calendar.py.
2026-09-20 06:37:03,253 [WARNING] leadlag.core.market_calendar: No static holiday table for year 2022. Install jpholiday or update market_calendar.py.
2026-09-20 06:37:03,253 [WARNING] leadlag.core.market_calendar: No static holiday table for year 2022. Install jpholiday or update market_calendar.py.
2026-09-20 06:37:03,253 [WARNING] leadlag.core.market_calendar: No static holiday table for year 2022. Install jpholiday or update market_calendar.py.
2026-09-20 06:37:03,253 [WARNING] leadlag.core.market_calendar: No static holiday table for year 2022. Install jpholiday or update market_calendar.py.
2026-09-20 06:37:03,253 [WARNING] leadlag.core.market_calendar: No static holiday table for year 2022. Install jpholiday or update market_calendar.py.
2026-09-20 06:37:03,253 [WARNING] leadlag.core.market_calendar: No static holiday table for year 2022. Install jpholiday or update market_calendar.py.
2026-09-20 06:37:03,253 [WARNING] leadlag.core.market_calendar: No static holiday table for year 2022. Install jpholiday or update market_calendar.py.
2026-09-20 06:37:03,254 [WARNING] leadlag.core.market_calendar: No static holiday table for year 2022. Install jpholiday or update market_calendar.py.
2026-09-20 06:37:03,254 [WARNING] leadlag.core.market_calendar: No static holiday table for year 2022. Install jpholiday or update market_calendar.py.
2026-09-20 06:37:03,254 [WARNING] leadlag.core.market_calendar: No static holiday table for year 2022. Install jpholiday or update market_calendar.py.
2026-09-20 06:37:03,254 [WARNING] leadlag.core.market_calendar: No static holiday table for year 2022. Install jpholiday or update market_calendar.py.
2026-09-20 06:37:03,254 [WARNING] leadlag.core.market_calendar: No static holiday table for year 2022. Install jpholiday or update market_calendar.py.
2026-09-20 06:37:03,254 [WARNING] leadlag.core.market_calendar: No static holiday table for year 2022. Install jpholiday or update market_calendar.py.
2026-09-20 06:37:03,254 [WARNING] leadlag.core.market_calendar: No static holiday table for year 2022. Install jpholiday or update market_calendar.py.
2026-09-20 06:37:03,255 [WARNING] leadlag.core.market_calendar: No static holiday table for year 2022. Install jpholiday or update market_calendar.py.
2026-09-20 06:37:03,255 [WARNING] leadlag.core.market_calendar: No static holiday table for year 2022. Install jpholiday or update market_calendar.py.
2026-09-20 06:37:03,255 [WARNING] leadlag.core.market_calendar: No static holiday table for year 2022. Install jpholiday or update market_calendar.py.
2026-09-20 06:37:03,255 [WARNING] leadlag.core.market_calendar: No static holiday table for year 2022. Install jpholiday or update market_calendar.py.
2026-09-20 06:37:03,255 [WARNING] leadlag.core.market_calendar: No static holiday table for year 2022. Install jpholiday or update market_calendar.py.
2026-09-20 06:37:03,255 [WARNING] leadlag.core.market_calendar: No static holiday table for year 2022. Install jpholiday or update market_calendar.py.
2026-09-20 06:37:03,255 [WARNING] leadlag.core.market_calendar: No static holiday table for year 2022. Install jpholiday or update market_calendar.py.
2026-09-20 06:37:03,256 [WARNING] leadlag.core.market_calendar: No static holiday table for year 2022. Install jpholiday or update market_calendar.py.
2026-09-20 06:37:03,256 [WARNING] leadlag.core.market_calendar: No static holiday table for year 2022. Install jpholiday or update market_calendar.py.
2026-09-20 06:37:03,256 [WARNING] leadlag.core.market_calendar: No static holiday table for year 2022. Install jpholiday or update market_calendar.py.
2026-09-20 06:37:03,256 [WARNING] leadlag.core.market_calendar: No static holiday table for year 2022. Install jpholiday or update market_calendar.py.
2026-09-20 06:37:03,256 [WARNING] leadlag.core.market_calendar: No static holiday table for year 2022. Install jpholiday or update market_calendar.py.
2026-09-20 06:37:03,256 [WARNING] leadlag.core.market_calendar: No static holiday table for year 2022. Install jpholiday or update market_calendar.py.
2026-09-20 06:37:03,257 [WARNING] leadlag.core.market_calendar: No static holiday table for year 2022. Install jpholiday or update market_calendar.py.
2026-09-20 06:37:03,257 [WARNING] leadlag.core.market_calendar: No static holiday table for year 2022. Install jpholiday or update market_calendar.py.
2026-09-20 06:37:03,257 [WARNING] leadlag.core.market_calendar: No static holiday table for year 2022. Install jpholiday or update market_calendar.py.
2026-09-20 06:37:03,257 [WARNING] leadlag.core.market_calendar: No static holiday table for year 2022. Install jpholiday or update market_calendar.py.
2026-09-20 06:37:03,257 [WARNING] leadlag.core.market_calendar: No static holiday table for year 2022. Install jpholiday or update market_calendar.py.
2026-09-20 06:37:03,257 [WARNING] leadlag.core.market_calendar: No static holiday table for year 2022. Install jpholiday or update market_calendar.py.
2026-09-20 06:37:03,258 [WARNING] leadlag.core.market_calendar: No static holiday table for year 2022. Install jpholiday or update market_calendar.py.
2026-09-20 06:37:03,258 [WARNING] leadlag.core.market_calendar: No static holiday table for year 2022. Install jpholiday or update market_calendar.py.
2026-09-20 06:37:03,258 [WARNING] leadlag.core.market_calendar: No static holiday table for year 2022. Install jpholiday or update market_calendar.py.
2026-09-20 06:37:03,258 [WARNING] leadlag.core.market_calendar: No static holiday table for year 2022. Install jpholiday or update market_calendar.py.
2026-09-20 06:37:03,258 [WARNING] leadlag.core.market_calendar: No static holiday table for year 2022. Install jpholiday or update market_calendar.py.
2026-09-20 06:37:03,258 [WARNING] leadlag.core.market_calendar: No static holiday table for year 2022. Install jpholiday or update market_calendar.py.
2026-09-20 06:37:03,259 [WARNING] leadlag.core.market_calendar: No static holiday table for year 2022. Install jpholiday or update market_calendar.py.
2026-09-20 06:37:03,259 [WARNING] leadlag.core.market_calendar: No static holiday table for year 2022. Install jpholiday or update market_calendar.py.
2026-09-20 06:37:03,259 [WARNING] leadlag.core.market_calendar: No static holiday table for year 2022. Install jpholiday or update market_calendar.py.
2026-09-20 06:37:03,259 [WARNING] leadlag.core.market_calendar: No static holiday table for year 2022. Install jpholiday or update market_calendar.py.
2026-09-20 06:37:03,259 [WARNING] leadlag.core.market_calendar: No static holiday table for year 2022. Install jpholiday or update market_calendar.py.
2026-09-20 06:37:03,259 [WARNING] leadlag.core.market_calendar: No static holiday table for year 2022. Install jpholiday or update market_calendar.py.
2026-09-20 06:37:03,260 [WARNING] leadlag.core.market_calendar: No static holiday table for year 2022. Install jpholiday or update market_calendar.py.
2026-09-20 06:37:03,260 [WARNING] leadlag.core.market_calendar: No static holiday table for year 2022. Install jpholiday or update market_calendar.py.
2026-09-20 06:37:03,260 [WARNING] leadlag.core.market_calendar: No static holiday table for year 2022. Install jpholiday or update market_calendar.py.
2026-09-20 06:37:03,260 [WARNING] leadlag.core.market_calendar: No static holiday table for year 2022. Install jpholiday or update market_calendar.py.
2026-09-20 06:37:03,260 [WARNING] leadlag.core.market_calendar: No static holiday table for year 2022. Install jpholiday or update market_calendar.py.
2026-09-20 06:37:03,260 [WARNING] leadlag.core.market_calendar: No static holiday table for year 2022. Install jpholiday or update market_calendar.py.
2026-09-20 06:37:03,260 [WARNING] leadlag.core.market_calendar: No static holiday table for year 2022. Install jpholiday or update market_calendar.py.
2026-09-20 06:37:03,261 [WARNING] leadlag.core.market_calendar: No static holiday table for year 2022. Install jpholiday or update market_calendar.py.
2026-09-20 06:37:03,261 [WARNING] leadlag.core.market_calendar: No static holiday table for year 2022. Install jpholiday or update market_calendar.py.
2026-09-20 06:37:03,261 [WARNING] leadlag.core.market_calendar: No static holiday table for year 2022. Install jpholiday or update market_calendar.py.
2026-09-20 06:37:03,261 [WARNING] leadlag.core.market_calendar: No static holiday table for year 2022. Install jpholiday or update market_calendar.py.
2026-09-20 06:37:03,261 [WARNING] leadlag.core.market_calendar: No static holiday table for year 2022. Install jpholiday or update market_calendar.py.
2026-09-20 06:37:03,261 [WARNING] leadlag.core.market_calendar: No static holiday table for year 2022. Install jpholiday or update market_calendar.py.
2026-09-20 06:37:03,261 [WARNING] leadlag.core.market_calendar: No static holiday table for year 2022. Install jpholiday or update market_calendar.py.
2026-09-20 06:37:03,261 [WARNING] leadlag.core.market_calendar: No static holiday table for year 2022. Install jpholiday or update market_calendar.py.
2026-09-20 06:37:03,262 [WARNING] leadlag.core.market_calendar: No static holiday table for year 2022. Install jpholiday or update market_calendar.py.
2026-09-20 06:37:03,262 [WARNING] leadlag.core.market_calendar: No static holiday table for year 2022. Install jpholiday or update market_calendar.py.
2026-09-20 06:37:03,262 [WARNING] leadlag.core.market_calendar: No static holiday table for year 2022. Install jpholiday or update market_calendar.py.
2026-09-20 06:37:03,262 [WARNING] leadlag.core.market_calendar: No static holiday table for year 2022. Install jpholiday or update market_calendar.py.
2026-09-20 06:37:03,262 [WARNING] leadlag.core.market_calendar: No static holiday table for year 2022. Install jpholiday or update market_calendar.py.
2026-09-20 06:37:03,262 [WARNING] leadlag.core.market_calendar: No static holiday table for year 2022. Install jpholiday or update market_calendar.py.
2026-09-20 06:37:03,263 [WARNING] leadlag.core.market_calendar: No static holiday table for year 2022. Install jpholiday or update market_calendar.py.
2026-09-20 06:37:03,263 [WARNING] leadlag.core.market_calendar: No static holiday table for year 2022. Install jpholiday or update market_calendar.py.
2026-09-20 06:37:03,263 [WARNING] leadlag.core.market_calendar: No static holiday table for year 2022. Install jpholiday or update market_calendar.py.
2026-09-20 06:37:03,263 [WARNING] leadlag.core.market_calendar: No static holiday table for year 2022. Install jpholiday or update market_calendar.py.
2026-09-20 06:37:03,263 [WARNING] leadlag.core.market_calendar: No static holiday table for year 2022. Install jpholiday or update market_calendar.py.
2026-09-20 06:37:03,263 [WARNING] leadlag.core.market_calendar: No static holiday table for year 2022. Install jpholiday or update market_calendar.py.
2026-09-20 06:37:03,263 [WARNING] leadlag.core.market_calendar: No static holiday table for year 2022. Install jpholiday or update market_calendar.py.
2026-09-20 06:37:03,263 [WARNING] leadlag.core.market_calendar: No static holiday table for year 2022. Install jpholiday or update market_calendar.py.
2026-09-20 06:37:03,264 [WARNING] leadlag.core.market_calendar: No static holiday table for year 2022. Install jpholiday or update market_calendar.py.
2026-09-20 06:37:03,264 [WARNING] leadlag.core.market_calendar: No static holiday table for year 2022. Install jpholiday or update market_calendar.py.
2026-09-20 06:37:03,264 [WARNING] leadlag.core.market_calendar: No static holiday table for year 2022. Install jpholiday or update market_calendar.py.
2026-09-20 06:37:03,264 [WARNING] leadlag.core.market_calendar: No static holiday table for year 2022. Install jpholiday or update market_calendar.py.
2026-09-20 06:37:03,264 [WARNING] leadlag.core.market_calendar: No static holiday table for year 2022. Install jpholiday or update market_calendar.py.
2026-09-20 06:37:03,264 [WARNING] leadlag.core.market_calendar: No static holiday table for year 2022. Install jpholiday or update market_calendar.py.
2026-09-20 06:37:03,264 [WARNING] leadlag.core.market_calendar: No static holiday table for year 2022. Install jpholiday or update market_calendar.py.
2026-09-20 06:37:03,265 [WARNING] leadlag.core.market_calendar: No static holiday table for year 2022. Install jpholiday or update market_calendar.py.
2026-09-20 06:37:03,265 [WARNING] leadlag.core.market_calendar: No static holiday table for year 2022. Install jpholiday or update market_calendar.py.
2026-09-20 06:37:03,265 [WARNING] leadlag.core.market_calendar: No static holiday table for year 2022. Install jpholiday or update market_calendar.py.
2026-09-20 06:37:03,265 [WARNING] leadlag.core.market_calendar: No static holiday table for year 2022. Install jpholiday or update market_calendar.py.
2026-09-20 06:37:03,265 [WARNING] leadlag.core.market_calendar: No static holiday table for year 2022. Install jpholiday or update market_calendar.py.
2026-09-20 06:37:03,265 [WARNING] leadlag.core.market_calendar: No static holiday table for year 2022. Install jpholiday or update market_calendar.py.
2026-09-20 06:37:03,265 [WARNING] leadlag.core.market_calendar: No static holiday table for year 2022. Install jpholiday or update market_calendar.py.
2026-09-20 06:37:03,266 [WARNING] leadlag.core.market_calendar: No static holiday table for year 2022. Install jpholiday or update market_calendar.py.
2026-09-20 06:37:03,266 [WARNING] leadlag.core.market_calendar: No static holiday table for year 2022. Install jpholiday or update market_calendar.py.
2026-09-20 06:37:03,266 [WARNING] leadlag.core.market_calendar: No static holiday table for year 2022. Install jpholiday or update market_calendar.py.
2026-09-20 06:37:03,266 [WARNING] leadlag.core.market_calendar: No static holiday table for year 2022. Install jpholiday or update market_calendar.py.
2026-09-20 06:37:03,266 [WARNING] leadlag.core.market_calendar: No static holiday table for year 2022. Install jpholiday or update market_calendar.py.
2026-09-20 06:37:03,266 [WARNING] leadlag.core.market_calendar: No static holiday table for year 2022. Install jpholiday or update market_calendar.py.
2026-09-20 06:37:03,266 [WARNING] leadlag.core.market_calendar: No static holiday table for year 2022. Install jpholiday or update market_calendar.py.
2026-09-20 06:37:03,267 [WARNING] leadlag.core.market_calendar: No static holiday table for year 2022. Install jpholiday or update market_calendar.py.
2026-09-20 06:37:03,267 [WARNING] leadlag.core.market_calendar: No static holiday table for year 2022. Install jpholiday or update market_calendar.py.
2026-09-20 06:37:03,267 [WARNING] leadlag.core.market_calendar: No static holiday table for year 2022. Install jpholiday or update market_calendar.py.
2026-09-20 06:37:03,267 [WARNING] leadlag.core.market_calendar: No static holiday table for year 2022. Install jpholiday or update market_calendar.py.
2026-09-20 06:37:03,267 [WARNING] leadlag.core.market_calendar: No static holiday table for year 2022. Install jpholiday or update market_calendar.py.
2026-09-20 06:37:03,267 [WARNING] leadlag.core.market_calendar: No static holiday table for year 2022. Install jpholiday or update market_calendar.py.
2026-09-20 06:37:03,267 [WARNING] leadlag.core.market_calendar: No static holiday table for year 2022. Install jpholiday or update market_calendar.py.
2026-09-20 06:37:03,267 [WARNING] leadlag.core.market_calendar: No static holiday table for year 2022. Install jpholiday or update market_calendar.py.
2026-09-20 06:37:03,268 [WARNING] leadlag.core.market_calendar: No static holiday table for year 2022. Install jpholiday or update market_calendar.py.
2026-09-20 06:37:03,268 [WARNING] leadlag.core.market_calendar: No static holiday table for year 2022. Install jpholiday or update market_calendar.py.
2026-09-20 06:37:03,268 [WARNING] leadlag.core.market_calendar: No static holiday table for year 2022. Install jpholiday or update market_calendar.py.
2026-09-20 06:37:03,268 [WARNING] leadlag.core.market_calendar: No static holiday table for year 2022. Install jpholiday or update market_calendar.py.
2026-09-20 06:37:03,268 [WARNING] leadlag.core.market_calendar: No static holiday table for year 2022. Install jpholiday or update market_calendar.py.
2026-09-20 06:37:03,268 [WARNING] leadlag.core.market_calendar: No static holiday table for year 2022. Install jpholiday or update market_calendar.py.
2026-09-20 06:37:03,269 [WARNING] leadlag.core.market_calendar: No static holiday table for year 2022. Install jpholiday or update market_calendar.py.
2026-09-20 06:37:03,269 [WARNING] leadlag.core.market_calendar: No static holiday table for year 2022. Install jpholiday or update market_calendar.py.
2026-09-20 06:37:03,269 [WARNING] leadlag.core.market_calendar: No static holiday table for year 2022. Install jpholiday or update market_calendar.py.
2026-09-20 06:37:03,269 [WARNING] leadlag.core.market_calendar: No static holiday table for year 2022. Install jpholiday or update market_calendar.py.
2026-09-20 06:37:03,269 [WARNING] leadlag.core.market_calendar: No static holiday table for year 2022. Install jpholiday or update market_calendar.py.
2026-09-20 06:37:03,269 [WARNING] leadlag.core.market_calendar: No static holiday table for year 2022. Install jpholiday or update market_calendar.py.
2026-09-20 06:37:03,270 [WARNING] leadlag.core.market_calendar: No static holiday table for year 2022. Install jpholiday or update market_calendar.py.
2026-09-20 06:37:03,270 [WARNING] leadlag.core.market_calendar: No static holiday table for year 2022. Install jpholiday or update market_calendar.py.
2026-09-20 06:37:03,270 [WARNING] leadlag.core.market_calendar: No static holiday table for year 2022. Install jpholiday or update market_calendar.py.
2026-09-20 06:37:03,270 [WARNING] leadlag.core.market_calendar: No static holiday table for year 2022. Install jpholiday or update market_calendar.py.
2026-09-20 06:37:03,270 [WARNING] leadlag.core.market_calendar: No static holiday table for year 2022. Install jpholiday or update market_calendar.py.
2026-09-20 06:37:03,270 [WARNING] leadlag.core.market_calendar: No static holiday table for year 2022. Install jpholiday or update market_calendar.py.
2026-09-20 06:37:03,271 [WARNING] leadlag.core.market_calendar: No static holiday table for year 2022. Install jpholiday or update market_calendar.py.
2026-09-20 06:37:03,271 [WARNING] leadlag.core.market_calendar: No static holiday table for year 2022. Install jpholiday or update market_calendar.py.
2026-09-20 06:37:03,271 [WARNING] leadlag.core.market_calendar: No static holiday table for year 2022. Install jpholiday or update market_calendar.py.
2026-09-20 06:37:03,271 [WARNING] leadlag.core.market_calendar: No static holiday table for year 2022. Install jpholiday or update market_calendar.py.
2026-09-20 06:37:03,271 [WARNING] leadlag.core.market_calendar: No static holiday table for year 2022. Install jpholiday or update market_calendar.py.
2026-09-20 06:37:03,271 [WARNING] leadlag.core.market_calendar: No static holiday table for year 2022. Install jpholiday or update market_calendar.py.
2026-09-20 06:37:03,271 [WARNING] leadlag.core.market_calendar: No static holiday table for year 2022. Install jpholiday or update market_calendar.py.
2026-09-20 06:37:03,271 [WARNING] leadlag.core.market_calendar: No static holiday table for year 2022. Install jpholiday or update market_calendar.py.
2026-09-20 06:37:03,272 [WARNING] leadlag.core.market_calendar: No static holiday table for year 2022. Install jpholiday or update market_calendar.py.
2026-09-20 06:37:03,272 [WARNING] leadlag.core.market_calendar: No static holiday table for year 2022. Install jpholiday or update market_calendar.py.
2026-09-20 06:37:03,272 [WARNING] leadlag.core.market_calendar: No static holiday table for year 2022. Install jpholiday or update market_calendar.py.
2026-09-20 06:37:03,272 [WARNING] leadlag.core.market_calendar: No static holiday table for year 2022. Install jpholiday or update market_calendar.py.
2026-09-20 06:37:03,272 [WARNING] leadlag.core.market_calendar: No static holiday table for year 2022. Install jpholiday or update market_calendar.py.
2026-09-20 06:37:03,272 [WARNING] leadlag.core.market_calendar: No static holiday table for year 2022. Install jpholiday or update market_calendar.py.
2026-09-20 06:37:03,272 [WARNING] leadlag.core.market_calendar: No static holiday table for year 2022. Install jpholiday or update market_calendar.py.
2026-09-20 06:37:03,273 [WARNING] leadlag.core.market_calendar: No static holiday table for year 2022. Install jpholiday or update market_calendar.py.
2026-09-20 06:37:03,273 [WARNING] leadlag.core.market_calendar: No static holiday table for year 2022. Install jpholiday or update market_calendar.py.
2026-09-20 06:37:03,273 [WARNING] leadlag.core.market_calendar: No static holiday table for year 2022. Install jpholiday or update market_calendar.py.
2026-09-20 06:37:03,273 [WARNING] leadlag.core.market_calendar: No static holiday table for year 2022. Install jpholiday or update market_calendar.py.
2026-09-20 06:37:03,273 [WARNING] leadlag.core.market_calendar: No static holiday table for year 2022. Install jpholiday or update market_calendar.py.
2026-09-20 06:37:03,273 [WARNING] leadlag.core.market_calendar: No static holiday table for year 2022. Install jpholiday or update market_calendar.py.
2026-09-20 06:37:03,273 [WARNING] leadlag.core.market_calendar: No static holiday table for year 2022. Install jpholiday or update market_calendar.py.
2026-09-20 06:37:03,274 [WARNING] leadlag.core.market_calendar: No static holiday table for year 2022. Install jpholiday or update market_calendar.py.
2026-09-20 06:37:03,274 [WARNING] leadlag.core.market_calendar: No static holiday table for year 2022. Install jpholiday or update market_calendar.py.
2026-09-20 06:37:03,274 [WARNING] leadlag.core.market_calendar: No static holiday table for year 2022. Install jpholiday or update market_calendar.py.
2026-09-20 06:37:03,274 [WARNING] leadlag.core.market_calendar: No static holiday table for year 2022. Install jpholiday or update market_calendar.py.
2026-09-20 06:37:03,274 [WARNING] leadlag.core.market_calendar: No static holiday table for year 2022. Install jpholiday or update market_calendar.py.
2026-09-20 06:37:03,275 [WARNING] leadlag.core.market_calendar: No static holiday table for year 2022. Install jpholiday or update market_calendar.py.
2026-09-20 06:37:03,275 [WARNING] leadlag.core.market_calendar: No static holiday table for year 2022. Install jpholiday or update market_calendar.py.
2026-09-20 06:37:03,275 [WARNING] leadlag.core.market_calendar: No static holiday table for year 2022. Install jpholiday or update market_calendar.py.
2026-09-20 06:37:03,275 [WARNING] leadlag.core.market_calendar: No static holiday table for year 2022. Install jpholiday or update market_calendar.py.
2026-09-20 06:37:03,275 [WARNING] leadlag.core.market_calendar: No static holiday table for year 2022. Install jpholiday or update market_calendar.py.
2026-09-20 06:37:03,276 [WARNING] leadlag.core.market_calendar: No static holiday table for year 2022. Install jpholiday or update market_calendar.py.
2026-09-20 06:37:03,276 [WARNING] leadlag.core.market_calendar: No static holiday table for year 2022. Install jpholiday or update market_calendar.py.
2026-09-20 06:37:03,276 [WARNING] leadlag.core.market_calendar: No static holiday table for year 2022. Install jpholiday or update market_calendar.py.
2026-09-20 06:37:03,276 [WARNING] leadlag.core.market_calendar: No static holiday table for year 2022. Install jpholiday or update market_calendar.py.
2026-09-20 06:37:03,276 [WARNING] leadlag.core.market_calendar: No static holiday table for year 2022. Install jpholiday or update market_calendar.py.
2026-09-20 06:37:03,277 [WARNING] leadlag.core.market_calendar: No static holiday table for year 2022. Install jpholiday or update market_calendar.py.
2026-09-20 06:37:03,277 [WARNING] leadlag.core.market_calendar: No static holiday table for year 2022. Install jpholiday or update market_calendar.py.
2026-09-20 06:37:03,277 [WARNING] leadlag.core.market_calendar: No static holiday table for year 2022. Install jpholiday or update market_calendar.py.
2026-09-20 06:37:03,277 [WARNING] leadlag.core.market_calendar: No static holiday table for year 2022. Install jpholiday or update market_calendar.py.
2026-09-20 06:37:03,277 [WARNING] leadlag.core.market_calendar: No static holiday table for year 2022. Install jpholiday or update market_calendar.py.
2026-09-20 06:37:03,278 [WARNING] leadlag.core.market_calendar: No static holiday table for year 2022. Install jpholiday or update market_calendar.py.
2026-09-20 06:37:03,278 [WARNING] leadlag.core.market_calendar: No static holiday table for year 2022. Install jpholiday or update market_calendar.py.
2026-09-20 06:37:03,278 [WARNING] leadlag.core.market_calendar: No static holiday table for year 2022. Install jpholiday or update market_calendar.py.
2026-09-20 06:37:03,278 [WARNING] leadlag.core.market_calendar: No static holiday table for year 2022. Install jpholiday or update market_calendar.py.
2026-09-20 06:37:03,278 [WARNING] leadlag.core.market_calendar: No static holiday table for year 2022. Install jpholiday or update market_calendar.py.
2026-09-20 06:37:03,278 [WARNING] leadlag.core.market_calendar: No static holiday table for year 2022. Install jpholiday or update market_calendar.py.
2026-09-20 06:37:03,279 [WARNING] leadlag.core.market_calendar: No static holiday table for year 2022. Install jpholiday or update market_calendar.py.
2026-09-20 06:37:03,279 [WARNING] leadlag.core.market_calendar: No static holiday table for year 2022. Install jpholiday or update market_calendar.py.
2026-09-20 06:37:03,279 [WARNING] leadlag.core.market_calendar: No static holiday table for year 2022. Install jpholiday or update market_calendar.py.
2026-09-20 06:37:03,279 [WARNING] leadlag.core.market_calendar: No static holiday table for year 2022. Install jpholiday or update market_calendar.py.
2026-09-20 06:37:03,279 [WARNING] leadlag.core.market_calendar: No static holiday table for year 2022. Install jpholiday or update market_calendar.py.
2026-09-20 06:37:03,279 [WARNING] leadlag.core.market_calendar: No static holiday table for year 2022. Install jpholiday or update market_calendar.py.
2026-09-20 06:37:03,280 [WARNING] leadlag.core.market_calendar: No static holiday table for year 2022. Install jpholiday or update market_calendar.py.
2026-09-20 06:37:03,280 [WARNING] leadlag.core.market_calendar: No static holiday table for year 2022. Install jpholiday or update market_calendar.py.
2026-09-20 06:37:03,280 [WARNING] leadlag.core.market_calendar: No static holiday table for year 2022. Install jpholiday or update market_calendar.py.
2026-09-20 06:37:03,280 [WARNING] leadlag.core.market_calendar: No static holiday table for year 2022. Install jpholiday or update market_calendar.py.
2026-09-20 06:37:03,280 [WARNING] leadlag.core.market_calendar: No static holiday table for year 2022. Install jpholiday or update market_calendar.py.
2026-09-20 06:37:03,280 [WARNING] leadlag.core.market_calendar: No static holiday table for year 2022. Install jpholiday or update market_calendar.py.
2026-09-20 06:37:03,281 [WARNING] leadlag.core.market_calendar: No static holiday table for year 2022. Install jpholiday or update market_calendar.py.
2026-09-20 06:37:03,281 [WARNING] leadlag.core.market_calendar: No static holiday table for year 2022. Install jpholiday or update market_calendar.py.
2026-09-20 06:37:03,281 [WARNING] leadlag.core.market_calendar: No static holiday table for year 2022. Install jpholiday or update market_calendar.py.
2026-09-20 06:37:03,281 [WARNING] leadlag.core.market_calendar: No static holiday table for year 2022. Install jpholiday or update market_calendar.py.
2026-09-20 06:37:03,281 [WARNING] leadlag.core.market_calendar: No static holiday table for year 2022. Install jpholiday or update market_calendar.py.
2026-09-20 06:37:03,281 [WARNING] leadlag.core.market_calendar: No static holiday table for year 2022. Install jpholiday or update market_calendar.py.
2026-09-20 06:37:03,281 [WARNING] leadlag.core.market_calendar: No static holiday table for year 2022. Install jpholiday or update market_calendar.py.
2026-09-20 06:37:03,282 [WARNING] leadlag.core.market_calendar: No static holiday table for year 2022. Install jpholiday or update market_calendar.py.
2026-09-20 06:37:03,282 [WARNING] leadlag.core.market_calendar: No static holiday table for year 2022. Install jpholiday or update market_calendar.py.
2026-09-20 06:37:03,282 [WARNING] leadlag.core.market_calendar: No static holiday table for year 2022. Install jpholiday or update market_calendar.py.
2026-09-20 06:37:03,282 [WARNING] leadlag.core.market_calendar: No static holiday table for year 2022. Install jpholiday or update market_calendar.py.
2026-09-20 06:37:03,282 [WARNING] leadlag.core.market_calendar: No static holiday table for year 2022. Install jpholiday or update market_calendar.py.
2026-09-20 06:37:03,282 [WARNING] leadlag.core.market_calendar: No static holiday table for year 2022. Install jpholiday or update market_calendar.py.
2026-09-20 06:37:03,282 [WARNING] leadlag.core.market_calendar: No static holiday table for year 2022. Install jpholiday or update market_calendar.py.
2026-09-20 06:37:03,283 [WARNING] leadlag.core.market_calendar: No static holiday table for year 2022. Install jpholiday or update market_calendar.py.
2026-09-20 06:37:03,283 [WARNING] leadlag.core.market_calendar: No static holiday table for year 2022. Install jpholiday or update market_calendar.py.
2026-09-20 06:37:03,283 [WARNING] leadlag.core.market_calendar: No static holiday table for year 2022. Install jpholiday or update market_calendar.py.
2026-09-20 06:37:03,283 [WARNING] leadlag.core.market_calendar: No static holiday table for year 2022. Install jpholiday or update market_calendar.py.
2026-09-20 06:37:03,283 [WARNING] leadlag.core.market_calendar: No static holiday table for year 2022. Install jpholiday or update market_calendar.py.
2026-09-20 06:37:03,283 [WARNING] leadlag.core.market_calendar: No static holiday table for year 2022. Install jpholiday or update market_calendar.py.
2026-09-20 06:37:03,283 [WARNING] leadlag.core.market_calendar: No static holiday table for year 2022. Install jpholiday or update market_calendar.py.
2026-09-20 06:37:03,283 [WARNING] leadlag.core.market_calendar: No static holiday table for year 2022. Install jpholiday or update market_calendar.py.
2026-09-20 06:37:03,284 [WARNING] leadlag.core.market_calendar: No static holiday table for year 2022. Install jpholiday or update market_calendar.py.
2026-09-20 06:37:03,284 [WARNING] leadlag.core.market_calendar: No static holiday table for year 2022. Install jpholiday or update market_calendar.py.
2026-09-20 06:37:03,284 [WARNING] leadlag.core.market_calendar: No static holiday table for year 2022. Install jpholiday or update market_calendar.py.
2026-09-20 06:37:03,284 [WARNING] leadlag.core.market_calendar: No static holiday table for year 2022. Install jpholiday or update market_calendar.py.
2026-09-20 06:37:03,284 [WARNING] leadlag.core.market_calendar: No static holiday table for year 2022. Install jpholiday or update market_calendar.py.
2026-09-20 06:37:03,284 [WARNING] leadlag.core.market_calendar: No static holiday table for year 2022. Install jpholiday or update market_calendar.py.
2026-09-20 06:37:03,284 [WARNING] leadlag.core.market_calendar: No static holiday table for year 2022. Install jpholiday or update market_calendar.py.
2026-09-20 06:37:03,285 [WARNING] leadlag.core.market_calendar: No static holiday table for year 2022. Install jpholiday or update market_calendar.py.
2026-09-20 06:37:03,285 [WARNING] leadlag.core.market_calendar: No static holiday table for year 2022. Install jpholiday or update market_calendar.py.
2026-09-20 06:37:03,285 [WARNING] leadlag.core.market_calendar: No static holiday table for year 2022. Install jpholiday or update market_calendar.py.
2026-09-20 06:37:03,285 [WARNING] leadlag.core.market_calendar: No static holiday table for year 2022. Install jpholiday or update market_calendar.py.
2026-09-20 06:37:03,285 [WARNING] leadlag.core.market_calendar: No static holiday table for year 2022. Install jpholiday or update market_calendar.py.
2026-09-20 06:37:03,285 [WARNING] leadlag.core.market_calendar: No static holiday table for year 2022. Install jpholiday or update market_calendar.py.
2026-09-20 06:37:03,285 [WARNING] leadlag.core.market_calendar: No static holiday table for year 2022. Install jpholiday or update market_calendar.py.
2026-09-20 06:37:03,285 [WARNING] leadlag.core.market_calendar: No static holiday table for year 2022. Install jpholiday or update market_calendar.py.
2026-09-20 06:37:03,286 [WARNING] leadlag.core.market_calendar: No static holiday table for year 2022. Install jpholiday or update market_calendar.py.
2026-09-20 06:37:03,286 [WARNING] leadlag.core.market_calendar: No static holiday table for year 2022. Install jpholiday or update market_calendar.py.
2026-09-20 06:37:03,286 [WARNING] leadlag.core.market_calendar: No static holiday table for year 2022. Install jpholiday or update market_calendar.py.
2026-09-20 06:37:03,286 [WARNING] leadlag.core.market_calendar: No static holiday table for year 2022. Install jpholiday or update market_calendar.py.
2026-09-20 06:37:03,286 [WARNING] leadlag.core.market_calendar: No static holiday table for year 2022. Install jpholiday or update market_calendar.py.
2026-09-20 06:37:03,286 [WARNING] leadlag.core.market_calendar: No static holiday table for year 2022. Install jpholiday or update market_calendar.py.
2026-09-20 06:37:03,286 [WARNING] leadlag.core.market_calendar: No static holiday table for year 2022. Install jpholiday or update market_calendar.py.
2026-09-20 06:37:03,287 [WARNING] leadlag.core.market_calendar: No static holiday table for year 2022. Install jpholiday or update market_calendar.py.
2026-09-20 06:37:03,287 [WARNING] leadlag.core.market_calendar: No static holiday table for year 2022. Install jpholiday or update market_calendar.py.
2026-09-20 06:37:03,287 [WARNING] leadlag.core.market_calendar: No static holiday table for year 2023. Install jpholiday or update market_calendar.py.
2026-09-20 06:37:03,287 [WARNING] leadlag.core.market_calendar: No static holiday table for year 2023. Install jpholiday or update market_calendar.py.
2026-09-20 06:37:03,287 [WARNING] leadlag.core.market_calendar: No static holiday table for year 2023. Install jpholiday or update market_calendar.py.
2026-09-20 06:37:03,287 [WARNING] leadlag.core.market_calendar: No static holiday table for year 2023. Install jpholiday or update market_calendar.py.
2026-09-20 06:37:03,288 [WARNING] leadlag.core.market_calendar: No static holiday table for year 2023. Install jpholiday or update market_calendar.py.
2026-09-20 06:37:03,288 [WARNING] leadlag.core.market_calendar: No static holiday table for year 2023. Install jpholiday or update market_calendar.py.
2026-09-20 06:37:03,288 [WARNING] leadlag.core.market_calendar: No static holiday table for year 2023. Install jpholiday or update market_calendar.py.
2026-09-20 06:37:03,288 [WARNING] leadlag.core.market_calendar: No static holiday table for year 2023. Install jpholiday or update market_calendar.py.
2026-09-20 06:37:03,288 [WARNING] leadlag.core.market_calendar: No static holiday table for year 2023. Install jpholiday or update market_calendar.py.
2026-09-20 06:37:03,288 [WARNING] leadlag.core.market_calendar: No static holiday table for year 2023. Install jpholiday or update market_calendar.py.
2026-09-20 06:37:03,288 [WARNING] leadlag.core.market_calendar: No static holiday table for year 2023. Install jpholiday or update market_calendar.py.
2026-09-20 06:37:03,289 [WARNING] leadlag.core.market_calendar: No static holiday table for year 2023. Install jpholiday or update market_calendar.py.
2026-09-20 06:37:03,289 [WARNING] leadlag.core.market_calendar: No static holiday table for year 2023. Install jpholiday or update market_calendar.py.
2026-09-20 06:37:03,289 [WARNING] leadlag.core.market_calendar: No static holiday table for year 2023. Install jpholiday or update market_calendar.py.
2026-09-20 06:37:03,289 [WARNING] leadlag.core.market_calendar: No static holiday table for year 2023. Install jpholiday or update market_calendar.py.
2026-09-20 06:37:03,289 [WARNING] leadlag.core.market_calendar: No static holiday table for year 2023. Install jpholiday or update market_calendar.py.
2026-09-20 06:37:03,289 [WARNING] leadlag.core.market_calendar: No static holiday table for year 2023. Install jpholiday or update market_calendar.py.
2026-09-20 06:37:03,290 [WARNING] leadlag.core.market_calendar: No static holiday table for year 2023. Install jpholiday or update market_calendar.py.
2026-09-20 06:37:03,290 [WARNING] leadlag.core.market_calendar: No static holiday table for year 2023. Install jpholiday or update market_calendar.py.
2026-09-20 06:37:03,290 [WARNING] leadlag.core.market_calendar: No static holiday table for year 2023. Install jpholiday or update market_calendar.py.
2026-09-20 06:37:03,290 [WARNING] leadlag.core.market_calendar: No static holiday table for year 2023. Install jpholiday or update market_calendar.py.
2026-09-20 06:37:03,290 [WARNING] leadlag.core.market_calendar: No static holiday table for year 2023. Install jpholiday or update market_calendar.py.
2026-09-20 06:37:03,290 [WARNING] leadlag.core.market_calendar: No static holiday table for year 2023. Install jpholiday or update market_calendar.py.
2026-09-20 06:37:03,290 [WARNING] leadlag.core.market_calendar: No static holiday table for year 2023. Install jpholiday or update market_calendar.py.
2026-09-20 06:37:03,291 [WARNING] leadlag.core.market_calendar: No static holiday table for year 2023. Install jpholiday or update market_calendar.py.
2026-09-20 06:37:03,291 [WARNING] leadlag.core.market_calendar: No static holiday table for year 2023. Install jpholiday or update market_calendar.py.
2026-09-20 06:37:03,291 [WARNING] leadlag.core.market_calendar: No static holiday table for year 2023. Install jpholiday or update market_calendar.py.
2026-09-20 06:37:03,291 [WARNING] leadlag.core.market_calendar: No static holiday table for year 2023. Install jpholiday or update market_calendar.py.
2026-09-20 06:37:03,291 [WARNING] leadlag.core.market_calendar: No static holiday table for year 2023. Install jpholiday or update market_calendar.py.
2026-09-20 06:37:03,291 [WARNING] leadlag.core.market_calendar: No static holiday table for year 2023. Install jpholiday or update market_calendar.py.
2026-09-20 06:37:03,291 [WARNING] leadlag.core.market_calendar: No static holiday table for year 2023. Install jpholiday or update market_calendar.py.
2026-09-20 06:37:03,292 [WARNING] leadlag.core.market_calendar: No static holiday table for year 2023. Install jpholiday or update market_calendar.py.
2026-09-20 06:37:03,292 [WARNING] leadlag.core.market_calendar: No static holiday table for year 2023. Install jpholiday or update market_calendar.py.
2026-09-20 06:37:03,292 [WARNING] leadlag.core.market_calendar: No static holiday table for year 2023. Install jpholiday or update market_calendar.py.
2026-09-20 06:37:03,292 [WARNING] leadlag.core.market_calendar: No static holiday table for year 2023. Install jpholiday or update market_calendar.py.
2026-09-20 06:37:03,292 [WARNING] leadlag.core.market_calendar: No static holiday table for year 2023. Install jpholiday or update market_calendar.py.
2026-09-20 06:37:03,292 [WARNING] leadlag.core.market_calendar: No static holiday table for year 2023. Install jpholiday or update market_calendar.py.
2026-09-20 06:37:03,292 [WARNING] leadlag.core.market_calendar: No static holiday table for year 2023. Install jpholiday or update market_calendar.py.
2026-09-20 06:37:03,293 [WARNING] leadlag.core.market_calendar: No static holiday table for year 2023. Install jpholiday or update market_calendar.py.
2026-09-20 06:37:03,293 [WARNING] leadlag.core.market_calendar: No static holiday table for year 2023. Install jpholiday or update market_calendar.py.
2026-09-20 06:37:03,293 [WARNING] leadlag.core.market_calendar: No static holiday table for year 2023. Install jpholiday or update market_calendar.py.
2026-09-20 06:37:03,293 [WARNING] leadlag.core.market_calendar: No static holiday table for year 2023. Install jpholiday or update market_calendar.py.
2026-09-20 06:37:03,293 [WARNING] leadlag.core.market_calendar: No static holiday table for year 2023. Install jpholiday or update market_calendar.py.
2026-09-20 06:37:03,293 [WARNING] leadlag.core.market_calendar: No static holiday table for year 2023. Install jpholiday or update market_calendar.py.
2026-09-20 06:37:03,294 [WARNING] leadlag.core.market_calendar: No static holiday table for year 2023. Install jpholiday or update market_calendar.py.
2026-09-20 06:37:03,294 [WARNING] leadlag.core.market_calendar: No static holiday table for year 2023. Install jpholiday or update market_calendar.py.
2026-09-20 06:37:03,294 [WARNING] leadlag.core.market_calendar: No static holiday table for year 2023. Install jpholiday or update market_calendar.py.
2026-09-20 06:37:03,294 [WARNING] leadlag.core.market_calendar: No static holiday table for year 2023. Install jpholiday or update market_calendar.py.
2026-09-20 06:37:03,294 [WARNING] leadlag.core.market_calendar: No static holiday table for year 2023. Install jpholiday or update market_calendar.py.
2026-09-20 06:37:03,295 [WARNING] leadlag.core.market_calendar: No static holiday table for year 2023. Install jpholiday or update market_calendar.py.
2026-09-20 06:37:03,295 [WARNING] leadlag.core.market_calendar: No static holiday table for year 2023. Install jpholiday or update market_calendar.py.
2026-09-20 06:37:03,295 [WARNING] leadlag.core.market_calendar: No static holiday table for year 2023. Install jpholiday or update market_calendar.py.
2026-09-20 06:37:03,295 [WARNING] leadlag.core.market_calendar: No static holiday table for year 2023. Install jpholiday or update market_calendar.py.
2026-09-20 06:37:03,295 [WARNING] leadlag.core.market_calendar: No static holiday table for year 2023. Install jpholiday or update market_calendar.py.
2026-09-20 06:37:03,295 [WARNING] leadlag.core.market_calendar: No static holiday table for year 2023. Install jpholiday or update market_calendar.py.
2026-09-20 06:37:03,296 [WARNING] leadlag.core.market_calendar: No static holiday table for year 2023. Install jpholiday or update market_calendar.py.
2026-09-20 06:37:03,296 [WARNING] leadlag.core.market_calendar: No static holiday table for year 2023. Install jpholiday or update market_calendar.py.
2026-09-20 06:37:03,296 [WARNING] leadlag.core.market_calendar: No static holiday table for year 2023. Install jpholiday or update market_calendar.py.
2026-09-20 06:37:03,296 [WARNING] leadlag.core.market_calendar: No static holiday table for year 2023. Install jpholiday or update market_calendar.py.
2026-09-20 06:37:03,296 [WARNING] leadlag.core.market_calendar: No static holiday table for year 2023. Install jpholiday or update market_calendar.py.
2026-09-20 06:37:03,296 [WARNING] leadlag.core.market_calendar: No static holiday table for year 2023. Install jpholiday or update market_calendar.py.
2026-09-20 06:37:03,297 [WARNING] leadlag.core.market_calendar: No static holiday table for year 2023. Install jpholiday or update market_calendar.py.
2026-09-20 06:37:03,297 [WARNING] leadlag.core.market_calendar: No static holiday table for year 2023. Install jpholiday or update market_calendar.py.
2026-09-20 06:37:03,297 [WARNING] leadlag.core.market_calendar: No static holiday table for year 2023. Install jpholiday or update market_calendar.py.
2026-09-20 06:37:03,297 [WARNING] leadlag.core.market_calendar: No static holiday table for year 2023. Install jpholiday or update market_calendar.py.
2026-09-20 06:37:03,297 [WARNING] leadlag.core.market_calendar: No static holiday table for year 2023. Install jpholiday or update market_calendar.py.
2026-09-20 06:37:03,297 [WARNING] leadlag.core.market_calendar: No static holiday table for year 2023. Install jpholiday or update market_calendar.py.
2026-09-20 06:37:03,297 [WARNING] leadlag.core.market_calendar: No static holiday table for year 2023. Install jpholiday or update market_calendar.py.
2026-09-20 06:37:03,298 [WARNING] leadlag.core.market_calendar: No static holiday table for year 2023. Install jpholiday or update market_calendar.py.
2026-09-20 06:37:03,298 [WARNING] leadlag.core.market_calendar: No static holiday table for year 2023. Install jpholiday or update market_calendar.py.
2026-09-20 06:37:03,298 [WARNING] leadlag.core.market_calendar: No static holiday table for year 2023. Install jpholiday or update market_calendar.py.
2026-09-20 06:37:03,298 [WARNING] leadlag.core.market_calendar: No static holiday table for year 2023. Install jpholiday or update market_calendar.py.
2026-09-20 06:37:03,298 [WARNING] leadlag.core.market_calendar: No static holiday table for year 2023. Install jpholiday or update market_calendar.py.
2026-09-20 06:37:03,298 [WARNING] leadlag.core.market_calendar: No static holiday table for year 2023. Install jpholiday or update market_calendar.py.
2026-09-20 06:37:03,298 [WARNING] leadlag.core.market_calendar: No static holiday table for year 2023. Install jpholiday or update market_calendar.py.
2026-09-20 06:37:03,299 [WARNING] leadlag.core.market_calendar: No static holiday table for year 2023. Install jpholiday or update market_calendar.py.
2026-09-20 06:37:03,299 [WARNING] leadlag.core.market_calendar: No static holiday table for year 2023. Install jpholiday or update market_calendar.py.
2026-09-20 06:37:03,299 [WARNING] leadlag.core.market_calendar: No static holiday table for year 2023. Install jpholiday or update market_calendar.py.
2026-09-20 06:37:03,299 [WARNING] leadlag.core.market_calendar: No static holiday table for year 2023. Install jpholiday or update market_calendar.py.
2026-09-20 06:37:03,299 [WARNING] leadlag.core.market_calendar: No static holiday table for year 2023. Install jpholiday or update market_calendar.py.
2026-09-20 06:37:03,299 [WARNING] leadlag.core.market_calendar: No static holiday table for year 2023. Install jpholiday or update market_calendar.py.
2026-09-20 06:37:03,299 [WARNING] leadlag.core.market_calendar: No static holiday table for year 2023. Install jpholiday or update market_calendar.py.
2026-09-20 06:37:03,299 [WARNING] leadlag.core.market_calendar: No static holiday table for year 2023. Install jpholiday or update market_calendar.py.
2026-09-20 06:37:03,300 [WARNING] leadlag.core.market_calendar: No static holiday table for year 2023. Install jpholiday or update market_calendar.py.
2026-09-20 06:37:03,300 [WARNING] leadlag.core.market_calendar: No static holiday table for year 2023. Install jpholiday or update market_calendar.py.
2026-09-20 06:37:03,300 [WARNING] leadlag.core.market_calendar: No static holiday table for year 2023. Install jpholiday or update market_calendar.py.
2026-09-20 06:37:03,300 [WARNING] leadlag.core.market_calendar: No static holiday table for year 2023. Install jpholiday or update market_calendar.py.
2026-09-20 06:37:03,300 [WARNING] leadlag.core.market_calendar: No static holiday table for year 2023. Install jpholiday or update market_calendar.py.
2026-09-20 06:37:03,300 [WARNING] leadlag.core.market_calendar: No static holiday table for year 2023. Install jpholiday or update market_calendar.py.
2026-09-20 06:37:03,300 [WARNING] leadlag.core.market_calendar: No static holiday table for year 2023. Install jpholiday or update market_calendar.py.
2026-09-20 06:37:03,301 [WARNING] leadlag.core.market_calendar: No static holiday table for year 2023. Install jpholiday or update market_calendar.py.
2026-09-20 06:37:03,301 [WARNING] leadlag.core.market_calendar: No static holiday table for year 2023. Install jpholiday or update market_calendar.py.
2026-09-20 06:37:03,301 [WARNING] leadlag.core.market_calendar: No static holiday table for year 2023. Install jpholiday or update market_calendar.py.
2026-09-20 06:37:03,301 [WARNING] leadlag.core.market_calendar: No static holiday table for year 2023. Install jpholiday or update market_calendar.py.
2026-09-20 06:37:03,301 [WARNING] leadlag.core.market_calendar: No static holiday table for year 2023. Install jpholiday or update market_calendar.py.
2026-09-20 06:37:03,301 [WARNING] leadlag.core.market_calendar: No static holiday table for year 2023. Install jpholiday or update market_calendar.py.
2026-09-20 06:37:03,301 [WARNING] leadlag.core.market_calendar: No static holiday table for year 2023. Install jpholiday or update market_calendar.py.
2026-09-20 06:37:03,302 [WARNING] leadlag.core.market_calendar: No static holiday table for year 2023. Install jpholiday or update market_calendar.py.
2026-09-20 06:37:03,302 [WARNING] leadlag.core.market_calendar: No static holiday table for year 2023. Install jpholiday or update market_calendar.py.
2026-09-20 06:37:03,302 [WARNING] leadlag.core.market_calendar: No static holiday table for year 2023. Install jpholiday or update market_calendar.py.
2026-09-20 06:37:03,302 [WARNING] leadlag.core.market_calendar: No static holiday table for year 2023. Install jpholiday or update market_calendar.py.
2026-09-20 06:37:03,302 [WARNING] leadlag.core.market_calendar: No static holiday table for year 2023. Install jpholiday or update market_calendar.py.
2026-09-20 06:37:03,302 [WARNING] leadlag.core.market_calendar: No static holiday table for year 2023. Install jpholiday or update market_calendar.py.
2026-09-20 06:37:03,302 [WARNING] leadlag.core.market_calendar: No static holiday table for year 2023. Install jpholiday or update market_calendar.py.
2026-09-20 06:37:03,302 [WARNING] leadlag.core.market_calendar: No static holiday table for year 2023. Install jpholiday or update market_calendar.py.
2026-09-20 06:37:03,303 [WARNING] leadlag.core.market_calendar: No static holiday table for year 2023. Install jpholiday or update market_calendar.py.
2026-09-20 06:37:03,303 [WARNING] leadlag.core.market_calendar: No static holiday table for year 2023. Install jpholiday or update market_calendar.py.
2026-09-20 06:37:03,303 [WARNING] leadlag.core.market_calendar: No static holiday table for year 2023. Install jpholiday or update market_calendar.py.
2026-09-20 06:37:03,303 [WARNING] leadlag.core.market_calendar: No static holiday table for year 2023. Install jpholiday or update market_calendar.py.
2026-09-20 06:37:03,303 [WARNING] leadlag.core.market_calendar: No static holiday table for year 2023. Install jpholiday or update market_calendar.py.
2026-09-20 06:37:03,303 [WARNING] leadlag.core.market_calendar: No static holiday table for year 2023. Install jpholiday or update market_calendar.py.
2026-09-20 06:37:03,303 [WARNING] leadlag.core.market_calendar: No static holiday table for year 2023. Install jpholiday or update market_calendar.py.
2026-09-20 06:37:03,304 [WARNING] leadlag.core.market_calendar: No static holiday table for year 2023. Install jpholiday or update market_calendar.py.
2026-09-20 06:37:03,304 [WARNING] leadlag.core.market_calendar: No static holiday table for year 2023. Install jpholiday or update market_calendar.py.
2026-09-20 06:37:03,304 [WARNING] leadlag.core.market_calendar: No static holiday table for year 2023. Install jpholiday or update market_calendar.py.
2026-09-20 06:37:03,304 [WARNING] leadlag.core.market_calendar: No static holiday table for year 2023. Install jpholiday or update market_calendar.py.
2026-09-20 06:37:03,304 [WARNING] leadlag.core.market_calendar: No static holiday table for year 2023. Install jpholiday or update market_calendar.py.
2026-09-20 06:37:03,304 [WARNING] leadlag.core.market_calendar: No static holiday table for year 2023. Install jpholiday or update market_calendar.py.
2026-09-20 06:37:03,304 [WARNING] leadlag.core.market_calendar: No static holiday table for year 2023. Install jpholiday or update market_calendar.py.
2026-09-20 06:37:03,305 [WARNING] leadlag.core.market_calendar: No static holiday table for year 2023. Install jpholiday or update market_calendar.py.
2026-09-20 06:37:03,305 [WARNING] leadlag.core.market_calendar: No static holiday table for year 2023. Install jpholiday or update market_calendar.py.
2026-09-20 06:37:03,305 [WARNING] leadlag.core.market_calendar: No static holiday table for year 2023. Install jpholiday or update market_calendar.py.
2026-09-20 06:37:03,305 [WARNING] leadlag.core.market_calendar: No static holiday table for year 2023. Install jpholiday or update market_calendar.py.
2026-09-20 06:37:03,305 [WARNING] leadlag.core.market_calendar: No static holiday table for year 2023. Install jpholiday or update market_calendar.py.
2026-09-20 06:37:03,305 [WARNING] leadlag.core.market_calendar: No static holiday table for year 2023. Install jpholiday or update market_calendar.py.
2026-09-20 06:37:03,305 [WARNING] leadlag.core.market_calendar: No static holiday table for year 2023. Install jpholiday or update market_calendar.py.
2026-09-20 06:37:03,306 [WARNING] leadlag.core.market_calendar: No static holiday table for year 2023. Install jpholiday or update market_calendar.py.
2026-09-20 06:37:03,306 [WARNING] leadlag.core.market_calendar: No static holiday table for year 2023. Install jpholiday or update market_calendar.py.
2026-09-20 06:37:03,306 [WARNING] leadlag.core.market_calendar: No static holiday table for year 2023. Install jpholiday or update market_calendar.py.
2026-09-20 06:37:03,306 [WARNING] leadlag.core.market_calendar: No static holiday table for year 2023. Install jpholiday or update market_calendar.py.
2026-09-20 06:37:03,306 [WARNING] leadlag.core.market_calendar: No static holiday table for year 2023. Install jpholiday or update market_calendar.py.
2026-09-20 06:37:03,306 [WARNING] leadlag.core.market_calendar: No static holiday table for year 2023. Install jpholiday or update market_calendar.py.
2026-09-20 06:37:03,307 [WARNING] leadlag.core.market_calendar: No static holiday table for year 2023. Install jpholiday or update market_calendar.py.
2026-09-20 06:37:03,307 [WARNING] leadlag.core.market_calendar: No static holiday table for year 2023. Install jpholiday or update market_calendar.py.
2026-09-20 06:37:03,307 [WARNING] leadlag.core.market_calendar: No static holiday table for year 2023. Install jpholiday or update market_calendar.py.
2026-09-20 06:37:03,307 [WARNING] leadlag.core.market_calendar: No static holiday table for year 2023. Install jpholiday or update market_calendar.py.
2026-09-20 06:37:03,307 [WARNING] leadlag.core.market_calendar: No static holiday table for year 2023. Install jpholiday or update market_calendar.py.
2026-09-20 06:37:03,307 [WARNING] leadlag.core.market_calendar: No static holiday table for year 2023. Install jpholiday or update market_calendar.py.
2026-09-20 06:37:03,307 [WARNING] leadlag.core.market_calendar: No static holiday table for year 2023. Install jpholiday or update market_calendar.py.
2026-09-20 06:37:03,308 [WARNING] leadlag.core.market_calendar: No static holiday table for year 2023. Install jpholiday or update market_calendar.py.
2026-09-20 06:37:03,308 [WARNING] leadlag.core.market_calendar: No static holiday table for year 2023. Install jpholiday or update market_calendar.py.
2026-09-20 06:37:03,308 [WARNING] leadlag.core.market_calendar: No static holiday table for year 2023. Install jpholiday or update market_calendar.py.
2026-09-20 06:37:03,308 [WARNING] leadlag.core.market_calendar: No static holiday table for year 2023. Install jpholiday or update market_calendar.py.
2026-09-20 06:37:03,308 [WARNING] leadlag.core.market_calendar: No static holiday table for year 2023. Install jpholiday or update market_calendar.py.
2026-09-20 06:37:03,308 [WARNING] leadlag.core.market_calendar: No static holiday table for year 2023. Install jpholiday or update market_calendar.py.
2026-09-20 06:37:03,308 [WARNING] leadlag.core.market_calendar: No static holiday table for year 2023. Install jpholiday or update market_calendar.py.
2026-09-20 06:37:03,309 [WARNING] leadlag.core.market_calendar: No static holiday table for year 2023. Install jpholiday or update market_calendar.py.
2026-09-20 06:37:03,309 [WARNING] leadlag.core.market_calendar: No static holiday table for year 2023. Install jpholiday or update market_calendar.py.
2026-09-20 06:37:03,309 [WARNING] leadlag.core.market_calendar: No static holiday table for year 2023. Install jpholiday or update market_calendar.py.
2026-09-20 06:37:03,309 [WARNING] leadlag.core.market_calendar: No static holiday table for year 2023. Install jpholiday or update market_calendar.py.
2026-09-20 06:37:03,309 [WARNING] leadlag.core.market_calendar: No static holiday table for year 2023. Install jpholiday or update market_calendar.py.
2026-09-20 06:37:03,309 [WARNING] leadlag.core.market_calendar: No static holiday table for year 2023. Install jpholiday or update market_calendar.py.
2026-09-20 06:37:03,309 [WARNING] leadlag.core.market_calendar: No static holiday table for year 2023. Install jpholiday or update market_calendar.py.
2026-09-20 06:37:03,310 [WARNING] leadlag.core.market_calendar: No static holiday table for year 2023. Install jpholiday or update market_calendar.py.
2026-09-20 06:37:03,310 [WARNING] leadlag.core.market_calendar: No static holiday table for year 2023. Install jpholiday or update market_calendar.py.
2026-09-20 06:37:03,310 [WARNING] leadlag.core.market_calendar: No static holiday table for year 2023. Install jpholiday or update market_calendar.py.
2026-09-20 06:37:03,310 [WARNING] leadlag.core.market_calendar: No static holiday table for year 2023. Install jpholiday or update market_calendar.py.
2026-09-20 06:37:03,310 [WARNING] leadlag.core.market_calendar: No static holiday table for year 2023. Install jpholiday or update market_calendar.py.
2026-09-20 06:37:03,310 [WARNING] leadlag.core.market_calendar: No static holiday table for year 2023. Install jpholiday or update market_calendar.py.
2026-09-20 06:37:03,310 [WARNING] leadlag.core.market_calendar: No static holiday table for year 2023. Install jpholiday or update market_calendar.py.
2026-09-20 06:37:03,311 [WARNING] leadlag.core.market_calendar: No static holiday table for year 2023. Install jpholiday or update market_calendar.py.
2026-09-20 06:37:03,311 [WARNING] leadlag.core.market_calendar: No static holiday table for year 2023. Install jpholiday or update market_calendar.py.
2026-09-20 06:37:03,311 [WARNING] leadlag.core.market_calendar: No static holiday table for year 2023. Install jpholiday or update market_calendar.py.
2026-09-20 06:37:03,311 [WARNING] leadlag.core.market_calendar: No static holiday table for year 2023. Install jpholiday or update market_calendar.py.
2026-09-20 06:37:03,311 [WARNING] leadlag.core.market_calendar: No static holiday table for year 2023. Install jpholiday or update market_calendar.py.
2026-09-20 06:37:03,311 [WARNING] leadlag.core.market_calendar: No static holiday table for year 2023. Install jpholiday or update market_calendar.py.
2026-09-20 06:37:03,312 [WARNING] leadlag.core.market_calendar: No static holiday table for year 2023. Install jpholiday or update market_calendar.py.
2026-09-20 06:37:03,312 [WARNING] leadlag.core.market_calendar: No static holiday table for year 2023. Install jpholiday or update market_calendar.py.
2026-09-20 06:37:03,312 [WARNING] leadlag.core.market_calendar: No static holiday table for year 2023. Install jpholiday or update market_calendar.py.
2026-09-20 06:37:03,312 [WARNING] leadlag.core.market_calendar: No static holiday table for year 2023. Install jpholiday or update market_calendar.py.
2026-09-20 06:37:03,312 [WARNING] leadlag.core.market_calendar: No static holiday table for year 2023. Install jpholiday or update market_calendar.py.
2026-09-20 06:37:03,313 [WARNING] leadlag.core.market_calendar: No static holiday table for year 2023. Install jpholiday or update market_calendar.py.
2026-09-20 06:37:03,313 [WARNING] leadlag.core.market_calendar: No static holiday table for year 2023. Install jpholiday or update market_calendar.py.
2026-09-20 06:37:03,313 [WARNING] leadlag.core.market_calendar: No static holiday table for year 2023. Install jpholiday or update market_calendar.py.
2026-09-20 06:37:03,313 [WARNING] leadlag.core.market_calendar: No static holiday table for year 2023. Install jpholiday or update market_calendar.py.
2026-09-20 06:37:03,313 [WARNING] leadlag.core.market_calendar: No static holiday table for year 2023. Install jpholiday or update market_calendar.py.
2026-09-20 06:37:03,314 [WARNING] leadlag.core.market_calendar: No static holiday table for year 2023. Install jpholiday or update market_calendar.py.
2026-09-20 06:37:03,314 [WARNING] leadlag.core.market_calendar: No static holiday table for year 2023. Install jpholiday or update market_calendar.py.
2026-09-20 06:37:03,314 [WARNING] leadlag.core.market_calendar: No static holiday table for year 2023. Install jpholiday or update market_calendar.py.
2026-09-20 06:37:03,314 [WARNING] leadlag.core.market_calendar: No static holiday table for year 2023. Install jpholiday or update market_calendar.py.
2026-09-20 06:37:03,314 [WARNING] leadlag.core.market_calendar: No static holiday table for year 2023. Install jpholiday or update market_calendar.py.
2026-09-20 06:37:03,315 [WARNING] leadlag.core.market_calendar: No static holiday table for year 2023. Install jpholiday or update market_calendar.py.
2026-09-20 06:37:03,315 [WARNING] leadlag.core.market_calendar: No static holiday table for year 2023. Install jpholiday or update market_calendar.py.
2026-09-20 06:37:03,315 [WARNING] leadlag.core.market_calendar: No static holiday table for year 2023. Install jpholiday or update market_calendar.py.
2026-09-20 06:37:03,315 [WARNING] leadlag.core.market_calendar: No static holiday table for year 2023. Install jpholiday or update market_calendar.py.
2026-09-20 06:37:03,315 [WARNING] leadlag.core.market_calendar: No static holiday table for year 2023. Install jpholiday or update market_calendar.py.
2026-09-20 06:37:03,316 [WARNING] leadlag.core.market_calendar: No static holiday table for year 2023. Install jpholiday or update market_calendar.py.
2026-09-20 06:37:03,316 [WARNING] leadlag.core.market_calendar: No static holiday table for year 2023. Install jpholiday or update market_calendar.py.
2026-09-20 06:37:03,316 [WARNING] leadlag.core.market_calendar: No static holiday table for year 2023. Install jpholiday or update market_calendar.py.
2026-09-20 06:37:03,316 [WARNING] leadlag.core.market_calendar: No static holiday table for year 2023. Install jpholiday or update market_calendar.py.
2026-09-20 06:37:03,316 [WARNING] leadlag.core.market_calendar: No static holiday table for year 2023. Install jpholiday or update market_calendar.py.
2026-09-20 06:37:03,316 [WARNING] leadlag.core.market_calendar: No static holiday table for year 2023. Install jpholiday or update market_calendar.py.
2026-09-20 06:37:03,317 [WARNING] leadlag.core.market_calendar: No static holiday table for year 2023. Install jpholiday or update market_calendar.py.
2026-09-20 06:37:03,317 [WARNING] leadlag.core.market_calendar: No static holiday table for year 2023. Install jpholiday or update market_calendar.py.
2026-09-20 06:37:03,317 [WARNING] leadlag.core.market_calendar: No static holiday table for year 2023. Install jpholiday or update market_calendar.py.
2026-09-20 06:37:03,317 [WARNING] leadlag.core.market_calendar: No static holiday table for year 2023. Install jpholiday or update market_calendar.py.
2026-09-20 06:37:03,317 [WARNING] leadlag.core.market_calendar: No static holiday table for year 2023. Install jpholiday or update market_calendar.py.
2026-09-20 06:37:03,317 [WARNING] leadlag.core.market_calendar: No static holiday table for year 2023. Install jpholiday or update market_calendar.py.
2026-09-20 06:37:03,317 [WARNING] leadlag.core.market_calendar: No static holiday table for year 2023. Install jpholiday or update market_calendar.py.
2026-09-20 06:37:03,318 [WARNING] leadlag.core.market_calendar: No static holiday table for year 2023. Install jpholiday or update market_calendar.py.
2026-09-20 06:37:03,318 [WARNING] leadlag.core.market_calendar: No static holiday table for year 2023. Install jpholiday or update market_calendar.py.
2026-09-20 06:37:03,318 [WARNING] leadlag.core.market_calendar: No static holiday table for year 2023. Install jpholiday or update market_calendar.py.
2026-09-20 06:37:03,318 [WARNING] leadlag.core.market_calendar: No static holiday table for year 2023. Install jpholiday or update market_calendar.py.
2026-09-20 06:37:03,318 [WARNING] leadlag.core.market_calendar: No static holiday table for year 2023. Install jpholiday or update market_calendar.py.
2026-09-20 06:37:03,318 [WARNING] leadlag.core.market_calendar: No static holiday table for year 2023. Install jpholiday or update market_calendar.py.
2026-09-20 06:37:03,319 [WARNING] leadlag.core.market_calendar: No static holiday table for year 2023. Install jpholiday or update market_calendar.py.
2026-09-20 06:37:03,319 [WARNING] leadlag.core.market_calendar: No static holiday table for year 2023. Install jpholiday or update market_calendar.py.
2026-09-20 06:37:03,319 [WARNING] leadlag.core.market_calendar: No static holiday table for year 2023. Install jpholiday or update market_calendar.py.
2026-09-20 06:37:03,319 [WARNING] leadlag.core.market_calendar: No static holiday table for year 2023. Install jpholiday or update market_calendar.py.
2026-09-20 06:37:03,319 [WARNING] leadlag.core.market_calendar: No static holiday table for year 2023. Install jpholiday or update market_calendar.py.
2026-09-20 06:37:03,319 [WARNING] leadlag.core.market_calendar: No static holiday table for year 2023. Install jpholiday or update market_calendar.py.
2026-09-20 06:37:03,319 [WARNING] leadlag.core.market_calendar: No static holiday table for year 2023. Install jpholiday or update market_calendar.py.
2026-09-20 06:37:03,320 [WARNING] leadlag.core.market_calendar: No static holiday table for year 2023. Install jpholiday or update market_calendar.py.
2026-09-20 06:37:03,320 [WARNING] leadlag.core.market_calendar: No static holiday table for year 2023. Install jpholiday or update market_calendar.py.
2026-09-20 06:37:03,320 [WARNING] leadlag.core.market_calendar: No static holiday table for year 2023. Install jpholiday or update market_calendar.py.
2026-09-20 06:37:03,320 [WARNING] leadlag.core.market_calendar: No static holiday table for year 2023. Install jpholiday or update market_calendar.py.
2026-09-20 06:37:03,320 [WARNING] leadlag.core.market_calendar: No static holiday table for year 2023. Install jpholiday or update market_calendar.py.
2026-09-20 06:37:03,320 [WARNING] leadlag.core.market_calendar: No static holiday table for year 2023. Install jpholiday or update market_calendar.py.
2026-09-20 06:37:03,320 [WARNING] leadlag.core.market_calendar: No static holiday table for year 2023. Install jpholiday or update market_calendar.py.
2026-09-20 06:37:03,320 [WARNING] leadlag.core.market_calendar: No static holiday table for year 2023. Install jpholiday or update market_calendar.py.
2026-09-20 06:37:03,321 [WARNING] leadlag.core.market_calendar: No static holiday table for year 2023. Install jpholiday or update market_calendar.py.
2026-09-20 06:37:03,321 [WARNING] leadlag.core.market_calendar: No static holiday table for year 2023. Install jpholiday or update market_calendar.py.
2026-09-20 06:37:03,321 [WARNING] leadlag.core.market_calendar: No static holiday table for year 2023. Install jpholiday or update market_calendar.py.
2026-09-20 06:37:03,321 [WARNING] leadlag.core.market_calendar: No static holiday table for year 2023. Install jpholiday or update market_calendar.py.
2026-09-20 06:37:03,321 [WARNING] leadlag.core.market_calendar: No static holiday table for year 2023. Install jpholiday or update market_calendar.py.
2026-09-20 06:37:03,321 [WARNING] leadlag.core.market_calendar: No static holiday table for year 2023. Install jpholiday or update market_calendar.py.
2026-09-20 06:37:03,321 [WARNING] leadlag.core.market_calendar: No static holiday table for year 2023. Install jpholiday or update market_calendar.py.
2026-09-20 06:37:03,322 [WARNING] leadlag.core.market_calendar: No static holiday table for year 2023. Install jpholiday or update market_calendar.py.
2026-09-20 06:37:03,322 [WARNING] leadlag.core.market_calendar: No static holiday table for year 2023. Install jpholiday or update market_calendar.py.
2026-09-20 06:37:03,322 [WARNING] leadlag.core.market_calendar: No static holiday table for year 2023. Install jpholiday or update market_calendar.py.
2026-09-20 06:37:03,322 [WARNING] leadlag.core.market_calendar: No static holiday table for year 2023. Install jpholiday or update market_calendar.py.
2026-09-20 06:37:03,322 [WARNING] leadlag.core.market_calendar: No static holiday table for year 2023. Install jpholiday or update market_calendar.py.
2026-09-20 06:37:03,322 [WARNING] leadlag.core.market_calendar: No static holiday table for year 2023. Install jpholiday or update market_calendar.py.
2026-09-20 06:37:03,322 [WARNING] leadlag.core.market_calendar: No static holiday table for year 2023. Install jpholiday or update market_calendar.py.
2026-09-20 06:37:03,323 [WARNING] leadlag.core.market_calendar: No static holiday table for year 2023. Install jpholiday or update market_calendar.py.
2026-09-20 06:37:03,323 [WARNING] leadlag.core.market_calendar: No static holiday table for year 2023. Install jpholiday or update market_calendar.py.
2026-09-20 06:37:03,323 [WARNING] leadlag.core.market_calendar: No static holiday table for year 2023. Install jpholiday or update market_calendar.py.
2026-09-20 06:37:03,323 [WARNING] leadlag.core.market_calendar: No static holiday table for year 2023. Install jpholiday or update market_calendar.py.
2026-09-20 06:37:03,323 [WARNING] leadlag.core.market_calendar: No static holiday table for year 2023. Install jpholiday or update market_calendar.py.
2026-09-20 06:37:03,323 [WARNING] leadlag.core.market_calendar: No static holiday table for year 2023. Install jpholiday or update market_calendar.py.
2026-09-20 06:37:03,323 [WARNING] leadlag.core.market_calendar: No static holiday table for year 2023. Install jpholiday or update market_calendar.py.
2026-09-20 06:37:03,323 [WARNING] leadlag.core.market_calendar: No static holiday table for year 2023. Install jpholiday or update market_calendar.py.
2026-09-20 06:37:03,324 [WARNING] leadlag.core.market_calendar: No static holiday table for year 2023. Install jpholiday or update market_calendar.py.
2026-09-20 06:37:03,324 [WARNING] leadlag.core.market_calendar: No static holiday table for year 2023. Install jpholiday or update market_calendar.py.
2026-09-20 06:37:03,324 [WARNING] leadlag.core.market_calendar: No static holiday table for year 2023. Install jpholiday or update market_calendar.py.
2026-09-20 06:37:03,324 [WARNING] leadlag.core.market_calendar: No static holiday table for year 2023. Install jpholiday or update market_calendar.py.
2026-09-20 06:37:03,324 [WARNING] leadlag.core.market_calendar: No static holiday table for year 2024. Install jpholiday or update market_calendar.py.
2026-09-20 06:37:03,324 [WARNING] leadlag.core.market_calendar: No static holiday table for year 2024. Install jpholiday or update market_calendar.py.
2026-09-20 06:37:03,324 [WARNING] leadlag.core.market_calendar: No static holiday table for year 2024. Install jpholiday or update market_calendar.py.
2026-09-20 06:37:03,325 [WARNING] leadlag.core.market_calendar: No static holiday table for year 2024. Install jpholiday or update market_calendar.py.
2026-09-20 06:37:03,325 [WARNING] leadlag.core.market_calendar: No static holiday table for year 2024. Install jpholiday or update market_calendar.py.
2026-09-20 06:37:03,325 [WARNING] leadlag.core.market_calendar: No static holiday table for year 2024. Install jpholiday or update market_calendar.py.
2026-09-20 06:37:03,325 [WARNING] leadlag.core.market_calendar: No static holiday table for year 2024. Install jpholiday or update market_calendar.py.
2026-09-20 06:37:03,325 [WARNING] leadlag.core.market_calendar: No static holiday table for year 2024. Install jpholiday or update market_calendar.py.
2026-09-20 06:37:03,325 [WARNING] leadlag.core.market_calendar: No static holiday table for year 2024. Install jpholiday or update market_calendar.py.
2026-09-20 06:37:03,326 [WARNING] leadlag.core.market_calendar: No static holiday table for year 2024. Install jpholiday or update market_calendar.py.
2026-09-20 06:37:03,326 [WARNING] leadlag.core.market_calendar: No static holiday table for year 2024. Install jpholiday or update market_calendar.py.
2026-09-20 06:37:03,326 [WARNING] leadlag.core.market_calendar: No static holiday table for year 2024. Install jpholiday or update market_calendar.py.
2026-09-20 06:37:03,326 [WARNING] leadlag.core.market_calendar: No static holiday table for year 2024. Install jpholiday or update market_calendar.py.
2026-09-20 06:37:03,326 [WARNING] leadlag.core.market_calendar: No static holiday table for year 2024. Install jpholiday or update market_calendar.py.
2026-09-20 06:37:03,326 [WARNING] leadlag.core.market_calendar: No static holiday table for year 2024. Install jpholiday or update market_calendar.py.
2026-09-20 06:37:03,327 [WARNING] leadlag.core.market_calendar: No static holiday table for year 2024. Install jpholiday or update market_calendar.py.
2026-09-20 06:37:03,327 [WARNING] leadlag.core.market_calendar: No static holiday table for year 2024. Install jpholiday or update market_calendar.py.
2026-09-20 06:37:03,327 [WARNING] leadlag.core.market_calendar: No static holiday table for year 2024. Install jpholiday or update market_calendar.py.
2026-09-20 06:37:03,327 [WARNING] leadlag.core.market_calendar: No static holiday table for year 2024. Install jpholiday or update market_calendar.py.
2026-09-20 06:37:03,327 [WARNING] leadlag.core.market_calendar: No static holiday table for year 2024. Install jpholiday or update market_calendar.py.
2026-09-20 06:37:03,327 [WARNING] leadlag.core.market_calendar: No static holiday table for year 2024. Install jpholiday or update market_calendar.py.
2026-09-20 06:37:03,327 [WARNING] leadlag.core.market_calendar: No static holiday table for year 2024. Install jpholiday or update market_calendar.py.
2026-09-20 06:37:03,328 [WARNING] leadlag.core.market_calendar: No static holiday table for year 2024. Install jpholiday or update market_calendar.py.
2026-09-20 06:37:03,328 [WARNING] leadlag.core.market_calendar: No static holiday table for year 2024. Install jpholiday or update market_calendar.py.
2026-09-20 06:37:03,328 [WARNING] leadlag.core.market_calendar: No static holiday table for year 2024. Install jpholiday or update market_calendar.py.
2026-09-20 06:37:03,328 [WARNING] leadlag.core.market_calendar: No static holiday table for year 2024. Install jpholiday or update market_calendar.py.
2026-09-20 06:37:03,328 [WARNING] leadlag.core.market_calendar: No static holiday table for year 2024. Install jpholiday or update market_calendar.py.
2026-09-20 06:37:03,328 [WARNING] leadlag.core.market_calendar: No static holiday table for year 2024. Install jpholiday or update market_calendar.py.
2026-09-20 06:37:03,328 [WARNING] leadlag.core.market_calendar: No static holiday table for year 2024. Install jpholiday or update market_calendar.py.
2026-09-20 06:37:03,328 [WARNING] leadlag.core.market_calendar: No static holiday table for year 2024. Install jpholiday or update market_calendar.py.
2026-09-20 06:37:03,329 [WARNING] leadlag.core.market_calendar: No static holiday table for year 2024. Install jpholiday or update market_calendar.py.
2026-09-20 06:37:03,329 [WARNING] leadlag.core.market_calendar: No static holiday table for year 2024. Install jpholiday or update market_calendar.py.
2026-09-20 06:37:03,329 [WARNING] leadlag.core.market_calendar: No static holiday table for year 2024. Install jpholiday or update market_calendar.py.
2026-09-20 06:37:03,329 [WARNING] leadlag.core.market_calendar: No static holiday table for year 2024. Install jpholiday or update market_calendar.py.
2026-09-20 06:37:03,329 [WARNING] leadlag.core.market_calendar: No static holiday table for year 2024. Install jpholiday or update market_calendar.py.
2026-09-20 06:37:03,329 [WARNING] leadlag.core.market_calendar: No static holiday table for year 2024. Install jpholiday or update market_calendar.py.
2026-09-20 06:37:03,329 [WARNING] leadlag.core.market_calendar: No static holiday table for year 2024. Install jpholiday or update market_calendar.py.
2026-09-20 06:37:03,330 [WARNING] leadlag.core.market_calendar: No static holiday table for year 2024. Install jpholiday or update market_calendar.py.
2026-09-20 06:37:03,330 [WARNING] leadlag.core.market_calendar: No static holiday table for year 2024. Install jpholiday or update market_calendar.py.
2026-09-20 06:37:03,330 [WARNING] leadlag.core.market_calendar: No static holiday table for year 2024. Install jpholiday or update market_calendar.py.
2026-09-20 06:37:03,330 [WARNING] leadlag.core.market_calendar: No static holiday table for year 2024. Install jpholiday or update market_calendar.py.
2026-09-20 06:37:03,330 [WARNING] leadlag.core.market_calendar: No static holiday table for year 2024. Install jpholiday or update market_calendar.py.
2026-09-20 06:37:03,331 [WARNING] leadlag.core.market_calendar: No static holiday table for year 2024. Install jpholiday or update market_calendar.py.
2026-09-20 06:37:03,331 [WARNING] leadlag.core.market_calendar: No static holiday table for year 2024. Install jpholiday or update market_calendar.py.
2026-09-20 06:37:03,331 [WARNING] leadlag.core.market_calendar: No static holiday table for year 2024. Install jpholiday or update market_calendar.py.
2026-09-20 06:37:03,331 [WARNING] leadlag.core.market_calendar: No static holiday table for year 2024. Install jpholiday or update market_calendar.py.
2026-09-20 06:37:03,331 [WARNING] leadlag.core.market_calendar: No static holiday table for year 2024. Install jpholiday or update market_calendar.py.
2026-09-20 06:37:03,331 [WARNING] leadlag.core.market_calendar: No static holiday table for year 2024. Install jpholiday or update market_calendar.py.
2026-09-20 06:37:03,332 [WARNING] leadlag.core.market_calendar: No static holiday table for year 2024. Install jpholiday or update market_calendar.py.
2026-09-20 06:37:03,332 [WARNING] leadlag.core.market_calendar: No static holiday table for year 2024. Install jpholiday or update market_calendar.py.
2026-09-20 06:37:03,332 [WARNING] leadlag.core.market_calendar: No static holiday table for year 2024. Install jpholiday or update market_calendar.py.
2026-09-20 06:37:03,332 [WARNING] leadlag.core.market_calendar: No static holiday table for year 2024. Install jpholiday or update market_calendar.py.
2026-09-20 06:37:03,332 [WARNING] leadlag.core.market_calendar: No static holiday table for year 2024. Install jpholiday or update market_calendar.py.
2026-09-20 06:37:03,333 [WARNING] leadlag.core.market_calendar: No static holiday table for year 2024. Install jpholiday or update market_calendar.py.
2026-09-20 06:37:03,333 [WARNING] leadlag.core.market_calendar: No static holiday table for year 2024. Install jpholiday or update market_calendar.py.
2026-09-20 06:37:03,333 [WARNING] leadlag.core.market_calendar: No static holiday table for year 2024. Install jpholiday or update market_calendar.py.
2026-09-20 06:37:03,333 [WARNING] leadlag.core.market_calendar: No static holiday table for year 2024. Install jpholiday or update market_calendar.py.
2026-09-20 06:37:03,333 [WARNING] leadlag.core.market_calendar: No static holiday table for year 2024. Install jpholiday or update market_calendar.py.
2026-09-20 06:37:03,333 [WARNING] leadlag.core.market_calendar: No static holiday table for year 2024. Install jpholiday or update market_calendar.py.
2026-09-20 06:37:03,334 [WARNING] leadlag.core.market_calendar: No static holiday table for year 2024. Install jpholiday or update market_calendar.py.
2026-09-20 06:37:03,334 [WARNING] leadlag.core.market_calendar: No static holiday table for year 2024. Install jpholiday or update market_calendar.py.
2026-09-20 06:37:03,334 [WARNING] leadlag.core.market_calendar: No static holiday table for year 2024. Install jpholiday or update market_calendar.py.
2026-09-20 06:37:03,334 [WARNING] leadlag.core.market_calendar: No static holiday table for year 2024. Install jpholiday or update market_calendar.py.
2026-09-20 06:37:03,334 [WARNING] leadlag.core.market_calendar: No static holiday table for year 2024. Install jpholiday or update market_calendar.py.
2026-09-20 06:37:03,334 [WARNING] leadlag.core.market_calendar: No static holiday table for year 2024. Install jpholiday or update market_calendar.py.
2026-09-20 06:37:03,334 [WARNING] leadlag.core.market_calendar: No static holiday table for year 2024. Install jpholiday or update market_calendar.py.
2026-09-20 06:37:03,335 [WARNING] leadlag.core.market_calendar: No static holiday table for year 2024. Install jpholiday or update market_calendar.py.
2026-09-20 06:37:03,335 [WARNING] leadlag.core.market_calendar: No static holiday table for year 2024. Install jpholiday or update market_calendar.py.
2026-09-20 06:37:03,335 [WARNING] leadlag.core.market_calendar: No static holiday table for year 2024. Install jpholiday or update market_calendar.py.
2026-09-20 06:37:03,335 [WARNING] leadlag.core.market_calendar: No static holiday table for year 2024. Install jpholiday or update market_calendar.py.
2026-09-20 06:37:03,335 [WARNING] leadlag.core.market_calendar: No static holiday table for year 2024. Install jpholiday or update market_calendar.py.
2026-09-20 06:37:03,335 [WARNING] leadlag.core.market_calendar: No static holiday table for year 2024. Install jpholiday or update market_calendar.py.
2026-09-20 06:37:03,335 [WARNING] leadlag.core.market_calendar: No static holiday table for year 2024. Install jpholiday or update market_calendar.py.
2026-09-20 06:37:03,335 [WARNING] leadlag.core.market_calendar: No static holiday table for year 2024. Install jpholiday or update market_calendar.py.
2026-09-20 06:37:03,336 [WARNING] leadlag.core.market_calendar: No static holiday table for year 2024. Install jpholiday or update market_calendar.py.
2026-09-20 06:37:03,336 [WARNING] leadlag.core.market_calendar: No static holiday table for year 2024. Install jpholiday or update market_calendar.py.
2026-09-20 06:37:03,336 [WARNING] leadlag.core.market_calendar: No static holiday table for year 2024. Install jpholiday or update market_calendar.py.
2026-09-20 06:37:03,336 [WARNING] leadlag.core.market_calendar: No static holiday table for year 2024. Install jpholiday or update market_calendar.py.
2026-09-20 06:37:03,336 [WARNING] leadlag.core.market_calendar: No static holiday table for year 2024. Install jpholiday or update market_calendar.py.
2026-09-20 06:37:03,336 [WARNING] leadlag.core.market_calendar: No static holiday table for year 2024. Install jpholiday or update market_calendar.py.
2026-09-20 06:37:03,336 [WARNING] leadlag.core.market_calendar: No static holiday table for year 2024. Install jpholiday or update market_calendar.py.
2026-09-20 06:37:03,337 [WARNING] leadlag.core.market_calendar: No static holiday table for year 2024. Install jpholiday or update market_calendar.py.
2026-09-20 06:37:03,337 [WARNING] leadlag.core.market_calendar: No static holiday table for year 2024. Install jpholiday or update market_calendar.py.
2026-09-20 06:37:03,337 [WARNING] leadlag.core.market_calendar: No static holiday table for year 2024. Install jpholiday or update market_calendar.py.
2026-09-20 06:37:03,337 [WARNING] leadlag.core.market_calendar: No static holiday table for year 2024. Install jpholiday or update market_calendar.py.
2026-09-20 06:37:03,337 [WARNING] leadlag.core.market_calendar: No static holiday table for year 2024. Install jpholiday or update market_calendar.py.
2026-09-20 06:37:03,337 [WARNING] leadlag.core.market_calendar: No static holiday table for year 2024. Install jpholiday or update market_calendar.py.
2026-09-20 06:37:03,337 [WARNING] leadlag.core.market_calendar: No static holiday table for year 2024. Install jpholiday or update market_calendar.py.
2026-09-20 06:37:03,338 [WARNING] leadlag.core.market_calendar: No static holiday table for year 2024. Install jpholiday or update market_calendar.py.
2026-09-20 06:37:03,338 [WARNING] leadlag.core.market_calendar: No static holiday table for year 2024. Install jpholiday or update market_calendar.py.
2026-09-20 06:37:03,338 [WARNING] leadlag.core.market_calendar: No static holiday table for year 2024. Install jpholiday or update market_calendar.py.
2026-09-20 06:37:03,338 [WARNING] leadlag.core.market_calendar: No static holiday table for year 2024. Install jpholiday or update market_calendar.py.
2026-09-20 06:37:03,338 [WARNING] leadlag.core.market_calendar: No static holiday table for year 2024. Install jpholiday or update market_calendar.py.
2026-09-20 06:37:03,338 [WARNING] leadlag.core.market_calendar: No static holiday table for year 2024. Install jpholiday or update market_calendar.py.
2026-09-20 06:37:03,338 [WARNING] leadlag.core.market_calendar: No static holiday table for year 2024. Install jpholiday or update market_calendar.py.
2026-09-20 06:37:03,338 [WARNING] leadlag.core.market_calendar: No static holiday table for year 2024. Install jpholiday or update market_calendar.py.
2026-09-20 06:37:03,339 [WARNING] leadlag.core.market_calendar: No static holiday table for year 2024. Install jpholiday or update market_calendar.py.
2026-09-20 06:37:03,339 [WARNING] leadlag.core.market_calendar: No static holiday table for year 2024. Install jpholiday or update market_calendar.py.
2026-09-20 06:37:03,339 [WARNING] leadlag.core.market_calendar: No static holiday table for year 2024. Install jpholiday or update market_calendar.py.
2026-09-20 06:37:03,339 [WARNING] leadlag.core.market_calendar: No static holiday table for year 2024. Install jpholiday or update market_calendar.py.
2026-09-20 06:37:03,339 [WARNING] leadlag.core.market_calendar: No static holiday table for year 2024. Install jpholiday or update market_calendar.py.
2026-09-20 06:37:03,339 [WARNING] leadlag.core.market_calendar: No static holiday table for year 2024. Install jpholiday or update market_calendar.py.
2026-09-20 06:37:03,339 [WARNING] leadlag.core.market_calendar: No static holiday table for year 2024. Install jpholiday or update market_calendar.py.
2026-09-20 06:37:03,340 [WARNING] leadlag.core.market_calendar: No static holiday table for year 2024. Install jpholiday or update market_calendar.py.
2026-09-20 06:37:03,340 [WARNING] leadlag.core.market_calendar: No static holiday table for year 2024. Install jpholiday or update market_calendar.py.
2026-09-20 06:37:03,340 [WARNING] leadlag.core.market_calendar: No static holiday table for year 2024. Install jpholiday or update market_calendar.py.
2026-09-20 06:37:03,340 [WARNING] leadlag.core.market_calendar: No static holiday table for year 2024. Install jpholiday or update market_calendar.py.
2026-09-20 06:37:03,340 [WARNING] leadlag.core.market_calendar: No static holiday table for year 2024. Install jpholiday or update market_calendar.py.
2026-09-20 06:37:03,340 [WARNING] leadlag.core.market_calendar: No static holiday table for year 2024. Install jpholiday or update market_calendar.py.
2026-09-20 06:37:03,340 [WARNING] leadlag.core.market_calendar: No static holiday table for year 2024. Install jpholiday or update market_calendar.py.
2026-09-20 06:37:03,341 [WARNING] leadlag.core.market_calendar: No static holiday table for year 2024. Install jpholiday or update market_calendar.py.
2026-09-20 06:37:03,341 [WARNING] leadlag.core.market_calendar: No static holiday table for year 2024. Install jpholiday or update market_calendar.py.
2026-09-20 06:37:03,341 [WARNING] leadlag.core.market_calendar: No static holiday table for year 2024. Install jpholiday or update market_calendar.py.
2026-09-20 06:37:03,341 [WARNING] leadlag.core.market_calendar: No static holiday table for year 2024. Install jpholiday or update market_calendar.py.
2026-09-20 06:37:03,341 [WARNING] leadlag.core.market_calendar: No static holiday table for year 2024. Install jpholiday or update market_calendar.py.
2026-09-20 06:37:03,341 [WARNING] leadlag.core.market_calendar: No static holiday table for year 2024. Install jpholiday or update market_calendar.py.
2026-09-20 06:37:03,341 [WARNING] leadlag.core.market_calendar: No static holiday table for year 2024. Install jpholiday or update market_calendar.py.
2026-09-20 06:37:03,341 [WARNING] leadlag.core.market_calendar: No static holiday table for year 2024. Install jpholiday or update market_calendar.py.
2026-09-20 06:37:03,342 [WARNING] leadlag.core.market_calendar: No static holiday table for year 2024. Install jpholiday or update market_calendar.py.
2026-09-20 06:37:03,342 [WARNING] leadlag.core.market_calendar: No static holiday table for year 2024. Install jpholiday or update market_calendar.py.
2026-09-20 06:37:03,342 [WARNING] leadlag.core.market_calendar: No static holiday table for year 2024. Install jpholiday or update market_calendar.py.
2026-09-20 06:37:03,342 [WARNING] leadlag.core.market_calendar: No static holiday table for year 2024. Install jpholiday or update market_calendar.py.
2026-09-20 06:37:03,342 [WARNING] leadlag.core.market_calendar: No static holiday table for year 2024. Install jpholiday or update market_calendar.py.
2026-09-20 06:37:03,342 [WARNING] leadlag.core.market_calendar: No static holiday table for year 2024. Install jpholiday or update market_calendar.py.
2026-09-20 06:37:03,343 [WARNING] leadlag.core.market_calendar: No static holiday table for year 2024. Install jpholiday or update market_calendar.py.
2026-09-20 06:37:03,343 [WARNING] leadlag.core.market_calendar: No static holiday table for year 2024. Install jpholiday or update market_calendar.py.
2026-09-20 06:37:03,343 [WARNING] leadlag.core.market_calendar: No static holiday table for year 2024. Install jpholiday or update market_calendar.py.
2026-09-20 06:37:03,343 [WARNING] leadlag.core.market_calendar: No static holiday table for year 2024. Install jpholiday or update market_calendar.py.
2026-09-20 06:37:03,343 [WARNING] leadlag.core.market_calendar: No static holiday table for year 2024. Install jpholiday or update market_calendar.py.
2026-09-20 06:37:03,343 [WARNING] leadlag.core.market_calendar: No static holiday table for year 2024. Install jpholiday or update market_calendar.py.
2026-09-20 06:37:03,343 [WARNING] leadlag.core.market_calendar: No static holiday table for year 2024. Install jpholiday or update market_calendar.py.
2026-09-20 06:37:03,344 [WARNING] leadlag.core.market_calendar: No static holiday table for year 2024. Install jpholiday or update market_calendar.py.
2026-09-20 06:37:03,344 [WARNING] leadlag.core.market_calendar: No static holiday table for year 2024. Install jpholiday or update market_calendar.py.
2026-09-20 06:37:03,344 [WARNING] leadlag.core.market_calendar: No static holiday table for year 2024. Install jpholiday or update market_calendar.py.
2026-09-20 06:37:03,344 [WARNING] leadlag.core.market_calendar: No static holiday table for year 2024. Install jpholiday or update market_calendar.py.
2026-09-20 06:37:03,344 [WARNING] leadlag.core.market_calendar: No static holiday table for year 2024. Install jpholiday or update market_calendar.py.
2026-09-20 06:37:03,344 [WARNING] leadlag.core.market_calendar: No static holiday table for year 2024. Install jpholiday or update market_calendar.py.
2026-09-20 06:37:03,345 [WARNING] leadlag.core.market_calendar: No static holiday table for year 2024. Install jpholiday or update market_calendar.py.
2026-09-20 06:37:03,345 [WARNING] leadlag.core.market_calendar: No static holiday table for year 2024. Install jpholiday or update market_calendar.py.
2026-09-20 06:37:03,345 [WARNING] leadlag.core.market_calendar: No static holiday table for year 2024. Install jpholiday or update market_calendar.py.
2026-09-20 06:37:03,345 [WARNING] leadlag.core.market_calendar: No static holiday table for year 2024. Install jpholiday or update market_calendar.py.
2026-09-20 06:37:03,345 [WARNING] leadlag.core.market_calendar: No static holiday table for year 2024. Install jpholiday or update market_calendar.py.
2026-09-20 06:37:03,345 [WARNING] leadlag.core.market_calendar: No static holiday table for year 2024. Install jpholiday or update market_calendar.py.
2026-09-20 06:37:03,345 [WARNING] leadlag.core.market_calendar: No static holiday table for year 2024. Install jpholiday or update market_calendar.py.
2026-09-20 06:37:03,346 [WARNING] leadlag.core.market_calendar: No static holiday table for year 2024. Install jpholiday or update market_calendar.py.
2026-09-20 06:37:03,346 [WARNING] leadlag.core.market_calendar: No static holiday table for year 2024. Install jpholiday or update market_calendar.py.
2026-09-20 06:37:03,346 [WARNING] leadlag.core.market_calendar: No static holiday table for year 2024. Install jpholiday or update market_calendar.py.
2026-09-20 06:37:03,346 [WARNING] leadlag.core.market_calendar: No static holiday table for year 2024. Install jpholiday or update market_calendar.py.
2026-09-20 06:37:03,346 [WARNING] leadlag.core.market_calendar: No static holiday table for year 2024. Install jpholiday or update market_calendar.py.
2026-09-20 06:37:03,346 [WARNING] leadlag.core.market_calendar: No static holiday table for year 2024. Install jpholiday or update market_calendar.py.
2026-09-20 06:37:03,346 [WARNING] leadlag.core.market_calendar: No static holiday table for year 2024. Install jpholiday or update market_calendar.py.
2026-09-20 06:37:03,347 [WARNING] leadlag.core.market_calendar: No static holiday table for year 2024. Install jpholiday or update market_calendar.py.
2026-09-20 06:37:03,347 [WARNING] leadlag.core.market_calendar: No static holiday table for year 2024. Install jpholiday or update market_calendar.py.
2026-09-20 06:37:03,347 [WARNING] leadlag.core.market_calendar: No static holiday table for year 2024. Install jpholiday or update market_calendar.py.
2026-09-20 06:37:03,347 [WARNING] leadlag.core.market_calendar: No static holiday table for year 2024. Install jpholiday or update market_calendar.py.
2026-09-20 06:37:03,347 [WARNING] leadlag.core.market_calendar: No static holiday table for year 2024. Install jpholiday or update market_calendar.py.
2026-09-20 06:37:03,347 [WARNING] leadlag.core.market_calendar: No static holiday table for year 2024. Install jpholiday or update market_calendar.py.
2026-09-20 06:37:03,347 [WARNING] leadlag.core.market_calendar: No static holiday table for year 2024. Install jpholiday or update market_calendar.py.
2026-09-20 06:37:03,347 [WARNING] leadlag.core.market_calendar: No static holiday table for year 2024. Install jpholiday or update market_calendar.py.
2026-09-20 06:37:03,348 [WARNING] leadlag.core.market_calendar: No static holiday table for year 2024. Install jpholiday or update market_calendar.py.
2026-09-20 06:37:03,348 [WARNING] leadlag.core.market_calendar: No static holiday table for year 2024. Install jpholiday or update market_calendar.py.
2026-09-20 06:37:03,348 [WARNING] leadlag.core.market_calendar: No static holiday table for year 2024. Install jpholiday or update market_calendar.py.
2026-09-20 06:37:03,348 [WARNING] leadlag.core.market_calendar: No static holiday table for year 2024. Install jpholiday or update market_calendar.py.
2026-09-20 06:37:03,348 [WARNING] leadlag.core.market_calendar: No static holiday table for year 2024. Install jpholiday or update market_calendar.py.
2026-09-20 06:37:03,348 [WARNING] leadlag.core.market_calendar: No static holiday table for year 2024. Install jpholiday or update market_calendar.py.
2026-09-20 06:37:03,349 [WARNING] leadlag.core.market_calendar: No static holiday table for year 2024. Install jpholiday or update market_calendar.py.
2026-09-20 06:37:03,349 [WARNING] leadlag.core.market_calendar: No static holiday table for year 2024. Install jpholiday or update market_calendar.py.
2026-09-20 06:37:03,349 [WARNING] leadlag.core.market_calendar: No static holiday table for year 2024. Install jpholiday or update market_calendar.py.
2026-09-20 06:37:03,349 [WARNING] leadlag.core.market_calendar: No static holiday table for year 2024. Install jpholiday or update market_calendar.py.
2026-09-20 06:37:03,349 [WARNING] leadlag.core.market_calendar: No static holiday table for year 2024. Install jpholiday or update market_calendar.py.
2026-09-20 06:37:03,350 [WARNING] leadlag.core.market_calendar: No static holiday table for year 2024. Install jpholiday or update market_calendar.py.
2026-09-20 06:37:03,350 [WARNING] leadlag.core.market_calendar: No static holiday table for year 2024. Install jpholiday or update market_calendar.py.
2026-09-20 06:37:03,350 [WARNING] leadlag.core.market_calendar: No static holiday table for year 2024. Install jpholiday or update market_calendar.py.
2026-09-20 06:37:03,350 [WARNING] leadlag.core.market_calendar: No static holiday table for year 2024. Install jpholiday or update market_calendar.py.
2026-09-20 06:37:03,351 [WARNING] leadlag.core.market_calendar: No static holiday table for year 2024. Install jpholiday or update market_calendar.py.
2026-09-20 06:37:03,351 [WARNING] leadlag.core.market_calendar: No static holiday table for year 2024. Install jpholiday or update market_calendar.py.
2026-09-20 06:37:03,351 [WARNING] leadlag.core.market_calendar: No static holiday table for year 2024. Install jpholiday or update market_calendar.py.
2026-09-20 06:37:03,351 [WARNING] leadlag.core.market_calendar: No static holiday table for year 2024. Install jpholiday or update market_calendar.py.
2026-09-20 06:37:03,351 [WARNING] leadlag.core.market_calendar: No static holiday table for year 2024. Install jpholiday or update market_calendar.py.
2026-09-20 06:37:03,352 [WARNING] leadlag.core.market_calendar: No static holiday table for year 2024. Install jpholiday or update market_calendar.py.
2026-09-20 06:37:03,352 [WARNING] leadlag.core.market_calendar: No static holiday table for year 2024. Install jpholiday or update market_calendar.py.
2026-09-20 06:37:03,352 [WARNING] leadlag.core.market_calendar: No static holiday table for year 2024. Install jpholiday or update market_calendar.py.
2026-09-20 06:37:03,352 [WARNING] leadlag.core.market_calendar: No static holiday table for year 2024. Install jpholiday or update market_calendar.py.
2026-09-20 06:37:03,352 [WARNING] leadlag.core.market_calendar: No static holiday table for year 2024. Install jpholiday or update market_calendar.py.
2026-09-20 06:37:03,352 [WARNING] leadlag.core.market_calendar: No static holiday table for year 2024. Install jpholiday or update market_calendar.py.
2026-09-20 06:37:03,353 [WARNING] leadlag.core.market_calendar: No static holiday table for year 2024. Install jpholiday or update market_calendar.py.
2026-09-20 06:37:03,353 [WARNING] leadlag.core.market_calendar: No static holiday table for year 2024. Install jpholiday or update market_calendar.py.
2026-09-20 06:37:03,353 [WARNING] leadlag.core.market_calendar: No static holiday table for year 2024. Install jpholiday or update market_calendar.py.
2026-09-20 06:37:03,353 [WARNING] leadlag.core.market_calendar: No static holiday table for year 2024. Install jpholiday or update market_calendar.py.
2026-09-20 06:37:03,353 [WARNING] leadlag.core.market_calendar: No static holiday table for year 2024. Install jpholiday or update market_calendar.py.
2026-09-20 06:37:03,353 [WARNING] leadlag.core.market_calendar: No static holiday table for year 2024. Install jpholiday or update market_calendar.py.
2026-09-20 06:37:03,354 [WARNING] leadlag.core.market_calendar: No static holiday table for year 2024. Install jpholiday or update market_calendar.py.
2026-09-20 06:37:03,354 [WARNING] leadlag.core.market_calendar: No static holiday table for year 2024. Install jpholiday or update market_calendar.py.
2026-09-20 06:37:03,354 [WARNING] leadlag.core.market_calendar: No static holiday table for year 2024. Install jpholiday or update market_calendar.py.
2026-09-20 06:37:03,354 [WARNING] leadlag.core.market_calendar: No static holiday table for year 2024. Install jpholiday or update market_calendar.py.
2026-09-20 06:37:03,354 [WARNING] leadlag.core.market_calendar: No static holiday table for year 2024. Install jpholiday or update market_calendar.py.
2026-09-20 06:37:03,354 [WARNING] leadlag.core.market_calendar: No static holiday table for year 2024. Install jpholiday or update market_calendar.py.
2026-09-20 06:37:03,354 [WARNING] leadlag.core.market_calendar: No static holiday table for year 2024. Install jpholiday or update market_calendar.py.
2026-09-20 06:37:03,355 [WARNING] leadlag.core.market_calendar: No static holiday table for year 2024. Install jpholiday or update market_calendar.py.
2026-09-20 06:37:03,355 [WARNING] leadlag.core.market_calendar: No static holiday table for year 2024. Install jpholiday or update market_calendar.py.
2026-09-20 06:37:03,355 [WARNING] leadlag.core.market_calendar: No static holiday table for year 2024. Install jpholiday or update market_calendar.py.
2026-09-20 06:37:03,355 [WARNING] leadlag.core.market_calendar: No static holiday table for year 2024. Install jpholiday or update market_calendar.py.
2026-09-20 06:37:03,355 [WARNING] leadlag.core.market_calendar: No static holiday table for year 2024. Install jpholiday or update market_calendar.py.
2026-09-20 06:37:03,355 [WARNING] leadlag.core.market_calendar: No static holiday table for year 2024. Install jpholiday or update market_calendar.py.
2026-09-20 06:37:03,356 [WARNING] leadlag.core.market_calendar: No static holiday table for year 2024. Install jpholiday or update market_calendar.py.
2026-09-20 06:37:03,356 [WARNING] leadlag.core.market_calendar: No static holiday table for year 2024. Install jpholiday or update market_calendar.py.
2026-09-20 06:37:03,356 [WARNING] leadlag.core.market_calendar: No static holiday table for year 2024. Install jpholiday or update market_calendar.py.
2026-09-20 06:37:03,356 [WARNING] leadlag.core.market_calendar: No static holiday table for year 2024. Install jpholiday or update market_calendar.py.
2026-09-20 06:37:03,356 [WARNING] leadlag.core.market_calendar: No static holiday table for year 2024. Install jpholiday or update market_calendar.py.
2026-09-20 06:37:03,356 [WARNING] leadlag.core.market_calendar: No static holiday table for year 2024. Install jpholiday or update market_calendar.py.
2026-09-20 06:37:03,356 [WARNING] leadlag.core.market_calendar: No static holiday table for year 2024. Install jpholiday or update market_calendar.py.
2026-09-20 06:37:03,356 [WARNING] leadlag.core.market_calendar: No static holiday table for year 2024. Install jpholiday or update market_calendar.py.
2026-09-20 06:37:03,357 [WARNING] leadlag.core.market_calendar: No static holiday table for year 2024. Install jpholiday or update market_calendar.py.
2026-09-20 06:37:03,357 [WARNING] leadlag.core.market_calendar: No static holiday table for year 2024. Install jpholiday or update market_calendar.py.
2026-09-20 06:37:03,357 [WARNING] leadlag.core.market_calendar: No static holiday table for year 2024. Install jpholiday or update market_calendar.py.
2026-09-20 06:37:03,357 [WARNING] leadlag.core.market_calendar: No static holiday table for year 2024. Install jpholiday or update market_calendar.py.
2026-09-20 06:37:03,357 [WARNING] leadlag.core.market_calendar: No static holiday table for year 2024. Install jpholiday or update market_calendar.py.
2026-09-20 06:37:03,357 [WARNING] leadlag.core.market_calendar: No static holiday table for year 2024. Install jpholiday or update market_calendar.py.
2026-09-20 06:37:03,357 [WARNING] leadlag.core.market_calendar: No static holiday table for year 2024. Install jpholiday or update market_calendar.py.
2026-09-20 06:37:03,358 [WARNING] leadlag.core.market_calendar: No static holiday table for year 2024. Install jpholiday or update market_calendar.py.
2026-09-20 06:37:03,358 [WARNING] leadlag.core.market_calendar: No static holiday table for year 2024. Install jpholiday or update market_calendar.py.
2026-09-20 06:37:03,358 [WARNING] leadlag.core.market_calendar: No static holiday table for year 2024. Install jpholiday or update market_calendar.py.
2026-09-20 06:37:03,358 [WARNING] leadlag.core.market_calendar: No static holiday table for year 2024. Install jpholiday or update market_calendar.py.
2026-09-20 06:37:03,358 [WARNING] leadlag.core.market_calendar: No static holiday table for year 2024. Install jpholiday or update market_calendar.py.
2026-09-20 06:37:03,358 [WARNING] leadlag.core.market_calendar: No static holiday table for year 2024. Install jpholiday or update market_calendar.py.
2026-09-20 06:37:03,358 [WARNING] leadlag.core.market_calendar: No static holiday table for year 2024. Install jpholiday or update market_calendar.py.
2026-09-20 06:37:03,359 [WARNING] leadlag.core.market_calendar: No static holiday table for year 2024. Install jpholiday or update market_calendar.py.
2026-09-20 06:37:03,359 [WARNING] leadlag.core.market_calendar: No static holiday table for year 2024. Install jpholiday or update market_calendar.py.
2026-09-20 06:37:03,359 [WARNING] leadlag.core.market_calendar: No static holiday table for year 2024. Install jpholiday or update market_calendar.py.
2026-09-20 06:37:03,359 [WARNING] leadlag.core.market_calendar: No static holiday table for year 2024. Install jpholiday or update market_calendar.py.
2026-09-20 06:37:03,359 [WARNING] leadlag.core.market_calendar: No static holiday table for year 2024. Install jpholiday or update market_calendar.py.
2026-09-20 06:37:03,359 [WARNING] leadlag.core.market_calendar: No static holiday table for year 2024. Install jpholiday or update market_calendar.py.
2026-09-20 06:37:03,359 [WARNING] leadlag.core.market_calendar: No static holiday table for year 2024. Install jpholiday or update market_calendar.py.
2026-09-20 06:37:03,359 [WARNING] leadlag.core.market_calendar: No static holiday table for year 2024. Install jpholiday or update market_calendar.py.
2026-09-20 06:37:03,360 [WARNING] leadlag.core.market_calendar: No static holiday table for year 2024. Install jpholiday or update market_calendar.py.
2026-09-20 06:37:03,360 [WARNING] leadlag.core.market_calendar: No static holiday table for year 2024. Install jpholiday or update market_calendar.py.
2026-09-20 06:37:03,360 [WARNING] leadlag.core.market_calendar: No static holiday table for year 2024. Install jpholiday or update market_calendar.py.
2026-09-20 06:37:03,360 [WARNING] leadlag.core.market_calendar: No static holiday table for year 2024. Install jpholiday or update market_calendar.py.
2026-09-20 06:37:03,360 [WARNING] leadlag.core.market_calendar: No static holiday table for year 2024. Install jpholiday or update market_calendar.py.
2026-09-20 06:37:03,360 [WARNING] leadlag.core.market_calendar: No static holiday table for year 2024. Install jpholiday or update market_calendar.py.
2026-09-20 06:37:03,360 [WARNING] leadlag.core.market_calendar: No static holiday table for year 2024. Install jpholiday or update market_calendar.py.
2026-09-20 06:37:03,361 [WARNING] leadlag.core.market_calendar: No static holiday table for year 2024. Install jpholiday or update market_calendar.py.
2026-09-20 06:37:03,361 [WARNING] leadlag.core.market_calendar: No static holiday table for year 2024. Install jpholiday or update market_calendar.py.
2026-09-20 06:37:03,361 [WARNING] leadlag.core.market_calendar: No static holiday table for year 2024. Install jpholiday or update market_calendar.py.
2026-09-20 06:37:03,361 [WARNING] leadlag.core.market_calendar: No static holiday table for year 2024. Install jpholiday or update market_calendar.py.
2026-09-20 06:37:03,389 [INFO] leadlag.data.preprocessor: Proxying XLC returns with average of XLK and XLY
2026-09-20 06:37:03,390 [INFO] leadlag.data.preprocessor: Proxying XLRE returns with XLF
2026-09-20 06:37:03,390 [INFO] leadlag.data.preprocessor: Proxying MTUM returns with IUSG
2026-09-20 06:37:03,390 [INFO] leadlag.data.preprocessor: Proxying VLUE returns with XLF
2026-09-20 06:37:03,390 [INFO] leadlag.data.preprocessor: Proxying USMV returns with average of XLP and XLV
2026-09-20 06:37:03,493 [WARNING] leadlag.data.preprocessor: Skipping trade_date=2009-01-06 00:00:00 because all required values are NaN
2026-09-20 06:37:03,495 [WARNING] leadlag.data.preprocessor: preprocess_data record validation: jp_open_trade non-positive for 1619.T on 2009-01-13 00:00:00
2026-09-20 06:37:03,496 [WARNING] leadlag.data.preprocessor: preprocess_data record validation: jp_open_trade non-positive for 1626.T on 2009-01-13 00:00:00
2026-09-20 06:37:03,504 [WARNING] leadlag.data.preprocessor: preprocess_data record validation: jp_open_trade non-positive for 1623.T on 2009-02-13 00:00:00
2026-09-20 06:37:03,543 [WARNING] leadlag.data.preprocessor: preprocess_data record validation: jp_open_trade non-positive for 1624.T on 2009-07-02 00:00:00
2026-09-20 06:37:03,544 [WARNING] leadlag.data.preprocessor: preprocess_data record validation: jp_open_trade non-positive for 1622.T on 2009-07-03 00:00:00
2026-09-20 06:37:03,544 [WARNING] leadlag.data.preprocessor: preprocess_data record validation: jp_open_trade non-positive for 1623.T on 2009-07-03 00:00:00
2026-09-20 06:37:03,544 [WARNING] leadlag.data.preprocessor: preprocess_data record validation: jp_open_trade non-positive for 1617.T on 2009-07-07 00:00:00
2026-09-20 06:37:03,545 [WARNING] leadlag.data.preprocessor: preprocess_data record validation: jp_open_trade non-positive for 1621.T on 2009-07-07 00:00:00
2026-09-20 06:37:03,545 [WARNING] leadlag.data.preprocessor: preprocess_data record validation: jp_open_trade non-positive for 1621.T on 2009-07-08 00:00:00
2026-09-20 06:37:03,546 [WARNING] leadlag.data.preprocessor: preprocess_data record validation: jp_open_trade non-positive for 1626.T on 2009-07-09 00:00:00
2026-09-20 06:37:03,546 [WARNING] leadlag.data.preprocessor: preprocess_data record validation: jp_open_trade non-positive for 1631.T on 2009-07-10 00:00:00
2026-09-20 06:37:03,547 [WARNING] leadlag.data.preprocessor: preprocess_data record validation: jp_open_trade non-positive for 1622.T on 2009-07-13 00:00:00
2026-09-20 06:37:03,547 [WARNING] leadlag.data.preprocessor: preprocess_data record validation: jp_open_trade non-positive for 1627.T on 2009-07-13 00:00:00
2026-09-20 06:37:03,548 [WARNING] leadlag.data.preprocessor: preprocess_data record validation: jp_open_trade non-positive for 1623.T on 2009-07-16 00:00:00
2026-09-20 06:37:03,549 [WARNING] leadlag.data.preprocessor: preprocess_data record validation: jp_open_trade non-positive for 1620.T on 2009-07-17 00:00:00
2026-09-20 06:37:03,549 [WARNING] leadlag.data.preprocessor: preprocess_data record validation: jp_open_trade non-positive for 1625.T on 2009-07-17 00:00:00
2026-09-20 06:37:03,550 [WARNING] leadlag.data.preprocessor: preprocess_data record validation: jp_open_trade non-positive for 1621.T on 2009-07-23 00:00:00
2026-09-20 06:37:03,552 [WARNING] leadlag.data.preprocessor: preprocess_data record validation: jp_open_trade non-positive for 1623.T on 2009-07-28 00:00:00
2026-09-20 06:37:03,552 [WARNING] leadlag.data.preprocessor: preprocess_data record validation: jp_open_trade non-positive for 1632.T on 2009-07-28 00:00:00
2026-09-20 06:37:03,552 [WARNING] leadlag.data.preprocessor: preprocess_data record validation: jp_open_trade non-positive for 1621.T on 2009-07-29 00:00:00
2026-09-20 06:37:03,553 [WARNING] leadlag.data.preprocessor: preprocess_data record validation: jp_open_trade non-positive for 1622.T on 2009-07-30 00:00:00
2026-09-20 06:37:03,554 [WARNING] leadlag.data.preprocessor: preprocess_data record validation: jp_open_trade non-positive for 1622.T on 2009-08-04 00:00:00
2026-09-20 06:37:03,555 [WARNING] leadlag.data.preprocessor: preprocess_data record validation: jp_open_trade non-positive for 1618.T on 2009-08-05 00:00:00
2026-09-20 06:37:03,555 [WARNING] leadlag.data.preprocessor: preprocess_data record validation: jp_open_trade non-positive for 1622.T on 2009-08-06 00:00:00
2026-09-20 06:37:03,557 [WARNING] leadlag.data.preprocessor: preprocess_data record validation: jp_open_trade non-positive for 1632.T on 2009-08-11 00:00:00
2026-09-20 06:37:03,557 [WARNING] leadlag.data.preprocessor: preprocess_data record validation: jp_open_trade non-positive for 1625.T on 2009-08-12 00:00:00
2026-09-20 06:37:03,558 [WARNING] leadlag.data.preprocessor: preprocess_data record validation: jp_open_trade non-positive for 1618.T on 2009-08-13 00:00:00
2026-09-20 06:37:03,559 [WARNING] leadlag.data.preprocessor: preprocess_data record validation: jp_open_trade non-positive for 1623.T on 2009-08-17 00:00:00
2026-09-20 06:37:03,559 [WARNING] leadlag.data.preprocessor: preprocess_data record validation: jp_open_trade non-positive for 1627.T on 2009-08-18 00:00:00
2026-09-20 06:37:03,563 [WARNING] leadlag.data.preprocessor: preprocess_data record validation: jp_open_trade non-positive for 1633.T on 2009-08-28 00:00:00
2026-09-20 06:37:03,564 [WARNING] leadlag.data.preprocessor: preprocess_data record validation: jp_open_trade non-positive for 1633.T on 2009-09-02 00:00:00
2026-09-20 06:37:03,565 [WARNING] leadlag.data.preprocessor: preprocess_data record validation: jp_open_trade non-positive for 1619.T on 2009-09-07 00:00:00
2026-09-20 06:37:03,565 [WARNING] leadlag.data.preprocessor: preprocess_data record validation: jp_open_trade non-positive for 1620.T on 2009-09-07 00:00:00
2026-09-20 06:37:03,565 [WARNING] leadlag.data.preprocessor: preprocess_data record validation: jp_open_trade non-positive for 1621.T on 2009-09-07 00:00:00
2026-09-20 06:37:03,566 [WARNING] leadlag.data.preprocessor: preprocess_data record validation: jp_open_trade non-positive for 1623.T on 2009-09-07 00:00:00
2026-09-20 06:37:03,566 [WARNING] leadlag.data.preprocessor: preprocess_data record validation: jp_open_trade non-positive for 1627.T on 2009-09-07 00:00:00
2026-09-20 06:37:03,566 [WARNING] leadlag.data.preprocessor: preprocess_data record validation: jp_open_trade non-positive for 1629.T on 2009-09-07 00:00:00
2026-09-20 06:37:03,566 [WARNING] leadlag.data.preprocessor: preprocess_data record validation: jp_open_trade non-positive for 1618.T on 2009-09-09 00:00:00
2026-09-20 06:37:03,566 [WARNING] leadlag.data.preprocessor: preprocess_data record validation: jp_open_trade non-positive for 1620.T on 2009-09-09 00:00:00
2026-09-20 06:37:03,567 [WARNING] leadlag.data.preprocessor: preprocess_data record validation: jp_open_trade non-positive for 1618.T on 2009-09-10 00:00:00
2026-09-20 06:37:03,567 [WARNING] leadlag.data.preprocessor: preprocess_data record validation: jp_open_trade non-positive for 1622.T on 2009-09-10 00:00:00
2026-09-20 06:37:03,567 [WARNING] leadlag.data.preprocessor: preprocess_data record validation: jp_open_trade non-positive for 1623.T on 2009-09-10 00:00:00
2026-09-20 06:37:03,567 [WARNING] leadlag.data.preprocessor: preprocess_data record validation: jp_open_trade non-positive for 1622.T on 2009-09-11 00:00:00
2026-09-20 06:37:03,568 [WARNING] leadlag.data.preprocessor: preprocess_data record validation: jp_open_trade non-positive for 1625.T on 2009-09-11 00:00:00
2026-09-20 06:37:03,568 [WARNING] leadlag.data.preprocessor: preprocess_data record validation: jp_open_trade non-positive for 1623.T on 2009-09-14 00:00:00
2026-09-20 06:37:03,570 [WARNING] leadlag.data.preprocessor: preprocess_data record validation: jp_open_trade non-positive for 1618.T on 2009-09-17 00:00:00
2026-09-20 06:37:03,570 [WARNING] leadlag.data.preprocessor: preprocess_data record validation: jp_open_trade non-positive for 1629.T on 2009-09-17 00:00:00
2026-09-20 06:37:03,570 [WARNING] leadlag.data.preprocessor: preprocess_data record validation: jp_open_trade non-positive for 1622.T on 2009-09-18 00:00:00
2026-09-20 06:37:03,572 [WARNING] leadlag.data.preprocessor: preprocess_data record validation: jp_open_trade non-positive for 1622.T on 2009-09-29 00:00:00
2026-09-20 06:37:03,573 [WARNING] leadlag.data.preprocessor: preprocess_data record validation: jp_open_trade non-positive for 1625.T on 2009-09-30 00:00:00
2026-09-20 06:37:03,575 [WARNING] leadlag.data.preprocessor: preprocess_data record validation: jp_open_trade non-positive for 1621.T on 2009-10-08 00:00:00
2026-09-20 06:37:03,576 [WARNING] leadlag.data.preprocessor: preprocess_data record validation: jp_open_trade non-positive for 1622.T on 2009-10-13 00:00:00
2026-09-20 06:37:03,576 [WARNING] leadlag.data.preprocessor: preprocess_data record validation: jp_open_trade non-positive for 1625.T on 2009-10-13 00:00:00
2026-09-20 06:37:03,577 [WARNING] leadlag.data.preprocessor: preprocess_data record validation: jp_open_trade non-positive for 1623.T on 2009-10-14 00:00:00
2026-09-20 06:37:03,577 [WARNING] leadlag.data.preprocessor: preprocess_data record validation: jp_open_trade non-positive for 1625.T on 2009-10-14 00:00:00
2026-09-20 06:37:03,577 [WARNING] leadlag.data.preprocessor: preprocess_data record validation: jp_open_trade non-positive for 1629.T on 2009-10-14 00:00:00
2026-09-20 06:37:05,223 [WARNING] leadlag.data.preprocessor: preprocess_data record validation: jp_gap missing for non-provisional row on 2025-10-27 00:00:00
2026-09-20 06:37:05,224 [WARNING] leadlag.data.preprocessor: preprocess_data record validation: Too many NaN values for trade_date=2025-10-28 00:00:00; skipping
2026-09-20 06:37:05,307 [WARNING] leadlag.data.preprocessor: preprocess_data record validation: Too many NaN values for trade_date=2026-09-01 00:00:00; skipping
2026-09-20 06:37:05,339 [INFO] leadlag.data.preprocessor: Total valid trading days constructed: 4146
2026-09-20 06:37:05,352 [INFO] GapAdjustedDistribution: Instantiating Residual-BLPX model...
2026-09-20 06:37:05,657 [INFO] GapAdjustedDistribution: Loading weights from /Users/shonen/leadlag/var/live/pipeline_data/diagnostics_weights/daily_positions_Residual-BLPX_only.csv
2026-09-20 06:37:05,765 [INFO] GapAdjustedDistribution: Setting up multi-horizon model for h=3...
2026-09-20 06:37:06,034 [WARNING] leadlag.core.pipeline: build_common_inputs: 1515 NaN values in fractional diff output will be filled with 0.0; check upstream US return data.
2026-09-20 06:37:06,039 [INFO] GapAdjustedDistribution:   h=3 model ready (corr_window=60)
2026-09-20 06:37:06,040 [INFO] GapAdjustedDistribution: Setting up multi-horizon model for h=5...
2026-09-20 06:37:06,306 [WARNING] leadlag.core.pipeline: build_common_inputs: 1545 NaN values in fractional diff output will be filled with 0.0; check upstream US return data.
2026-09-20 06:37:06,312 [INFO] GapAdjustedDistribution:   h=5 model ready (corr_window=60)
2026-09-20 06:37:06,312 [INFO] GapAdjustedDistribution: Rank reversal signal will be saved daily.
2026-09-20 06:37:06,312 [INFO] GapAdjustedDistribution: Diagnostics window: 2026-08-14 to 2026-08-17 (2 days)
2026-09-20 06:37:06,312 [INFO] GapAdjustedDistribution: Model parameters: gap_open_coef c=0.70, topix_beta_coef b=0.60
2026-09-20 06:37:06,322 [WARNING] GapAdjustedDistribution: omega_struct for signal date 2026-08-13 not found, using fallback: omega_struct_20260708.npy
2026-09-20 06:37:06,475 [WARNING] GapAdjustedDistribution: omega_struct for signal date 2026-08-14 not found, using fallback: omega_struct_20260708.npy
2026-09-20 06:37:06,614 [INFO] GapAdjustedDistribution: Reconstruction loops completed.
2026-09-20 06:37:06,621 [INFO] GapAdjustedDistribution: Merging US Vol State panel from var/results/vol_state_diagnostics/20260614_115821/state_panel.csv...
2026-09-20 06:37:06,632 [INFO] GapAdjustedDistribution: Vol state merged successfully. Columns: ['US_ret_dispersion_z_60', 'US_absret_avg_z_60', 'US_avg_corr_60', 'US_pc1_share_60', 'VIX_z_60', 'VIX_level']
2026-09-20 06:37:06,632 [INFO] GapAdjustedDistribution: Skipping diagnostic comparison and plotting due to compare_pre_gap=False or insufficient data points.
2026-09-20 06:37:06,632 [INFO] GapAdjustedDistribution: Report and diagnostic suite executed successfully (skipped plotting/reporting).
Diagnostics files written to output directory: var/results/20260920_structural_completion/r3_regenerated_gap/20260920_063702
