2026-09-20 06:09:56,244 [INFO] leadlag.execution.config: Loading configuration from /Users/shonen/leadlag/configs/production/production.yaml
2026-09-20 06:09:56,248 [INFO] TrainMLOrderOverlay: Loading df_exec...
2026-09-20 06:09:56,258 [INFO] leadlag.data.market_data_cache: df_exec cache (updated_at=2026-08-16T23:00:19.995685) is older than raw ETF cache (updated_at=2026-09-03T05:57:14.731198); rebuild required
2026-09-20 06:09:56,259 [INFO] leadlag.data.market_data_cache: [FAST MODE] Loading execution data from /Users/shonen/leadlag/var/market_data/etf_prices.sqlite...
2026-09-20 06:09:56,378 [WARNING] leadlag.core.market_calendar: No static holiday table for year 2009. Install jpholiday or update market_calendar.py.
2026-09-20 06:09:56,378 [WARNING] leadlag.core.market_calendar: No static holiday table for year 2009. Install jpholiday or update market_calendar.py.
2026-09-20 06:09:56,379 [WARNING] leadlag.core.market_calendar: No static holiday table for year 2009. Install jpholiday or update market_calendar.py.
2026-09-20 06:09:56,379 [WARNING] leadlag.core.market_calendar: No static holiday table for year 2009. Install jpholiday or update market_calendar.py.
2026-09-20 06:09:56,379 [WARNING] leadlag.core.market_calendar: No static holiday table for year 2009. Install jpholiday or update market_calendar.py.
2026-09-20 06:09:56,379 [WARNING] leadlag.core.market_calendar: No static holiday table for year 2009. Install jpholiday or update market_calendar.py.
2026-09-20 06:09:56,379 [WARNING] leadlag.core.market_calendar: No static holiday table for year 2009. Install jpholiday or update market_calendar.py.
2026-09-20 06:09:56,379 [WARNING] leadlag.core.market_calendar: No static holiday table for year 2009. Install jpholiday or update market_calendar.py.
2026-09-20 06:09:56,379 [WARNING] leadlag.core.market_calendar: No static holiday table for year 2009. Install jpholiday or update market_calendar.py.
2026-09-20 06:09:56,380 [WARNING] leadlag.core.market_calendar: No static holiday table for year 2009. Install jpholiday or update market_calendar.py.
2026-09-20 06:09:56,380 [WARNING] leadlag.core.market_calendar: No static holiday table for year 2009. Install jpholiday or update market_calendar.py.
2026-09-20 06:09:56,380 [WARNING] leadlag.core.market_calendar: No static holiday table for year 2009. Install jpholiday or update market_calendar.py.
2026-09-20 06:09:56,380 [WARNING] leadlag.core.market_calendar: No static holiday table for year 2009. Install jpholiday or update market_calendar.py.
2026-09-20 06:09:56,380 [WARNING] leadlag.core.market_calendar: No static holiday table for year 2009. Install jpholiday or update market_calendar.py.
2026-09-20 06:09:56,380 [WARNING] leadlag.core.market_calendar: No static holiday table for year 2009. Install jpholiday or update market_calendar.py.
2026-09-20 06:09:56,381 [WARNING] leadlag.core.market_calendar: No static holiday table for year 2009. Install jpholiday or update market_calendar.py.
2026-09-20 06:09:56,381 [WARNING] leadlag.core.market_calendar: No static holiday table for year 2009. Install jpholiday or update market_calendar.py.
2026-09-20 06:09:56,381 [WARNING] leadlag.core.market_calendar: No static holiday table for year 2009. Install jpholiday or update market_calendar.py.
2026-09-20 06:09:56,381 [WARNING] leadlag.core.market_calendar: No static holiday table for year 2009. Install jpholiday or update market_calendar.py.
2026-09-20 06:09:56,381 [WARNING] leadlag.core.market_calendar: No static holiday table for year 2009. Install jpholiday or update market_calendar.py.
2026-09-20 06:09:56,381 [WARNING] leadlag.core.market_calendar: No static holiday table for year 2009. Install jpholiday or update market_calendar.py.
2026-09-20 06:09:56,381 [WARNING] leadlag.core.market_calendar: No static holiday table for year 2009. Install jpholiday or update market_calendar.py.
2026-09-20 06:09:56,382 [WARNING] leadlag.core.market_calendar: No static holiday table for year 2009. Install jpholiday or update market_calendar.py.
2026-09-20 06:09:56,382 [WARNING] leadlag.core.market_calendar: No static holiday table for year 2009. Install jpholiday or update market_calendar.py.
2026-09-20 06:09:56,382 [WARNING] leadlag.core.market_calendar: No static holiday table for year 2009. Install jpholiday or update market_calendar.py.
2026-09-20 06:09:56,382 [WARNING] leadlag.core.market_calendar: No static holiday table for year 2009. Install jpholiday or update market_calendar.py.
2026-09-20 06:09:56,382 [WARNING] leadlag.core.market_calendar: No static holiday table for year 2009. Install jpholiday or update market_calendar.py.
2026-09-20 06:09:56,382 [WARNING] leadlag.core.market_calendar: No static holiday table for year 2009. Install jpholiday or update market_calendar.py.
2026-09-20 06:09:56,382 [WARNING] leadlag.core.market_calendar: No static holiday table for year 2009. Install jpholiday or update market_calendar.py.
2026-09-20 06:09:56,382 [WARNING] leadlag.core.market_calendar: No static holiday table for year 2009. Install jpholiday or update market_calendar.py.
2026-09-20 06:09:56,383 [WARNING] leadlag.core.market_calendar: No static holiday table for year 2009. Install jpholiday or update market_calendar.py.
2026-09-20 06:09:56,383 [WARNING] leadlag.core.market_calendar: No static holiday table for year 2009. Install jpholiday or update market_calendar.py.
2026-09-20 06:09:56,383 [WARNING] leadlag.core.market_calendar: No static holiday table for year 2009. Install jpholiday or update market_calendar.py.
2026-09-20 06:09:56,383 [WARNING] leadlag.core.market_calendar: No static holiday table for year 2009. Install jpholiday or update market_calendar.py.
2026-09-20 06:09:56,383 [WARNING] leadlag.core.market_calendar: No static holiday table for year 2009. Install jpholiday or update market_calendar.py.
2026-09-20 06:09:56,383 [WARNING] leadlag.core.market_calendar: No static holiday table for year 2009. Install jpholiday or update market_calendar.py.
2026-09-20 06:09:56,383 [WARNING] leadlag.core.market_calendar: No static holiday table for year 2009. Install jpholiday or update market_calendar.py.
2026-09-20 06:09:56,383 [WARNING] leadlag.core.market_calendar: No static holiday table for year 2009. Install jpholiday or update market_calendar.py.
2026-09-20 06:09:56,384 [WARNING] leadlag.core.market_calendar: No static holiday table for year 2009. Install jpholiday or update market_calendar.py.
2026-09-20 06:09:56,384 [WARNING] leadlag.core.market_calendar: No static holiday table for year 2009. Install jpholiday or update market_calendar.py.
2026-09-20 06:09:56,384 [WARNING] leadlag.core.market_calendar: No static holiday table for year 2009. Install jpholiday or update market_calendar.py.
2026-09-20 06:09:56,384 [WARNING] leadlag.core.market_calendar: No static holiday table for year 2009. Install jpholiday or update market_calendar.py.
2026-09-20 06:09:56,384 [WARNING] leadlag.core.market_calendar: No static holiday table for year 2009. Install jpholiday or update market_calendar.py.
2026-09-20 06:09:56,385 [WARNING] leadlag.core.market_calendar: No static holiday table for year 2009. Install jpholiday or update market_calendar.py.
2026-09-20 06:09:56,385 [WARNING] leadlag.core.market_calendar: No static holiday table for year 2009. Install jpholiday or update market_calendar.py.
2026-09-20 06:09:56,385 [WARNING] leadlag.core.market_calendar: No static holiday table for year 2009. Install jpholiday or update market_calendar.py.
2026-09-20 06:09:56,385 [WARNING] leadlag.core.market_calendar: No static holiday table for year 2009. Install jpholiday or update market_calendar.py.
2026-09-20 06:09:56,385 [WARNING] leadlag.core.market_calendar: No static holiday table for year 2009. Install jpholiday or update market_calendar.py.
2026-09-20 06:09:56,385 [WARNING] leadlag.core.market_calendar: No static holiday table for year 2009. Install jpholiday or update market_calendar.py.
2026-09-20 06:09:56,386 [WARNING] leadlag.core.market_calendar: No static holiday table for year 2009. Install jpholiday or update market_calendar.py.
2026-09-20 06:09:56,386 [WARNING] leadlag.core.market_calendar: No static holiday table for year 2009. Install jpholiday or update market_calendar.py.
2026-09-20 06:09:56,386 [WARNING] leadlag.core.market_calendar: No static holiday table for year 2009. Install jpholiday or update market_calendar.py.
2026-09-20 06:09:56,386 [WARNING] leadlag.core.market_calendar: No static holiday table for year 2009. Install jpholiday or update market_calendar.py.
2026-09-20 06:09:56,386 [WARNING] leadlag.core.market_calendar: No static holiday table for year 2009. Install jpholiday or update market_calendar.py.
2026-09-20 06:09:56,387 [WARNING] leadlag.core.market_calendar: No static holiday table for year 2009. Install jpholiday or update market_calendar.py.
2026-09-20 06:09:56,387 [WARNING] leadlag.core.market_calendar: No static holiday table for year 2009. Install jpholiday or update market_calendar.py.
2026-09-20 06:09:56,387 [WARNING] leadlag.core.market_calendar: No static holiday table for year 2009. Install jpholiday or update market_calendar.py.
2026-09-20 06:09:56,387 [WARNING] leadlag.core.market_calendar: No static holiday table for year 2009. Install jpholiday or update market_calendar.py.
2026-09-20 06:09:56,387 [WARNING] leadlag.core.market_calendar: No static holiday table for year 2009. Install jpholiday or update market_calendar.py.
2026-09-20 06:09:56,387 [WARNING] leadlag.core.market_calendar: No static holiday table for year 2009. Install jpholiday or update market_calendar.py.
2026-09-20 06:09:56,388 [WARNING] leadlag.core.market_calendar: No static holiday table for year 2009. Install jpholiday or update market_calendar.py.
2026-09-20 06:09:56,388 [WARNING] leadlag.core.market_calendar: No static holiday table for year 2009. Install jpholiday or update market_calendar.py.
2026-09-20 06:09:56,388 [WARNING] leadlag.core.market_calendar: No static holiday table for year 2009. Install jpholiday or update market_calendar.py.
2026-09-20 06:09:56,388 [WARNING] leadlag.core.market_calendar: No static holiday table for year 2009. Install jpholiday or update market_calendar.py.
2026-09-20 06:09:56,388 [WARNING] leadlag.core.market_calendar: No static holiday table for year 2009. Install jpholiday or update market_calendar.py.
2026-09-20 06:09:56,388 [WARNING] leadlag.core.market_calendar: No static holiday table for year 2009. Install jpholiday or update market_calendar.py.
2026-09-20 06:09:56,388 [WARNING] leadlag.core.market_calendar: No static holiday table for year 2009. Install jpholiday or update market_calendar.py.
2026-09-20 06:09:56,388 [WARNING] leadlag.core.market_calendar: No static holiday table for year 2009. Install jpholiday or update market_calendar.py.
2026-09-20 06:09:56,389 [WARNING] leadlag.core.market_calendar: No static holiday table for year 2009. Install jpholiday or update market_calendar.py.
2026-09-20 06:09:56,389 [WARNING] leadlag.core.market_calendar: No static holiday table for year 2009. Install jpholiday or update market_calendar.py.
2026-09-20 06:09:56,389 [WARNING] leadlag.core.market_calendar: No static holiday table for year 2009. Install jpholiday or update market_calendar.py.
2026-09-20 06:09:56,389 [WARNING] leadlag.core.market_calendar: No static holiday table for year 2009. Install jpholiday or update market_calendar.py.
2026-09-20 06:09:56,389 [WARNING] leadlag.core.market_calendar: No static holiday table for year 2009. Install jpholiday or update market_calendar.py.
2026-09-20 06:09:56,389 [WARNING] leadlag.core.market_calendar: No static holiday table for year 2009. Install jpholiday or update market_calendar.py.
2026-09-20 06:09:56,389 [WARNING] leadlag.core.market_calendar: No static holiday table for year 2009. Install jpholiday or update market_calendar.py.
2026-09-20 06:09:56,389 [WARNING] leadlag.core.market_calendar: No static holiday table for year 2009. Install jpholiday or update market_calendar.py.
2026-09-20 06:09:56,390 [WARNING] leadlag.core.market_calendar: No static holiday table for year 2009. Install jpholiday or update market_calendar.py.
2026-09-20 06:09:56,390 [WARNING] leadlag.core.market_calendar: No static holiday table for year 2009. Install jpholiday or update market_calendar.py.
2026-09-20 06:09:56,390 [WARNING] leadlag.core.market_calendar: No static holiday table for year 2009. Install jpholiday or update market_calendar.py.
2026-09-20 06:09:56,390 [WARNING] leadlag.core.market_calendar: No static holiday table for year 2009. Install jpholiday or update market_calendar.py.
2026-09-20 06:09:56,390 [WARNING] leadlag.core.market_calendar: No static holiday table for year 2009. Install jpholiday or update market_calendar.py.
2026-09-20 06:09:56,390 [WARNING] leadlag.core.market_calendar: No static holiday table for year 2009. Install jpholiday or update market_calendar.py.
2026-09-20 06:09:56,390 [WARNING] leadlag.core.market_calendar: No static holiday table for year 2009. Install jpholiday or update market_calendar.py.
2026-09-20 06:09:56,391 [WARNING] leadlag.core.market_calendar: No static holiday table for year 2009. Install jpholiday or update market_calendar.py.
2026-09-20 06:09:56,391 [WARNING] leadlag.core.market_calendar: No static holiday table for year 2009. Install jpholiday or update market_calendar.py.
2026-09-20 06:09:56,391 [WARNING] leadlag.core.market_calendar: No static holiday table for year 2009. Install jpholiday or update market_calendar.py.
2026-09-20 06:09:56,391 [WARNING] leadlag.core.market_calendar: No static holiday table for year 2009. Install jpholiday or update market_calendar.py.
2026-09-20 06:09:56,391 [WARNING] leadlag.core.market_calendar: No static holiday table for year 2009. Install jpholiday or update market_calendar.py.
2026-09-20 06:09:56,391 [WARNING] leadlag.core.market_calendar: No static holiday table for year 2009. Install jpholiday or update market_calendar.py.
2026-09-20 06:09:56,391 [WARNING] leadlag.core.market_calendar: No static holiday table for year 2009. Install jpholiday or update market_calendar.py.
2026-09-20 06:09:56,391 [WARNING] leadlag.core.market_calendar: No static holiday table for year 2009. Install jpholiday or update market_calendar.py.
2026-09-20 06:09:56,392 [WARNING] leadlag.core.market_calendar: No static holiday table for year 2009. Install jpholiday or update market_calendar.py.
2026-09-20 06:09:56,392 [WARNING] leadlag.core.market_calendar: No static holiday table for year 2009. Install jpholiday or update market_calendar.py.
2026-09-20 06:09:56,392 [WARNING] leadlag.core.market_calendar: No static holiday table for year 2009. Install jpholiday or update market_calendar.py.
2026-09-20 06:09:56,392 [WARNING] leadlag.core.market_calendar: No static holiday table for year 2009. Install jpholiday or update market_calendar.py.
2026-09-20 06:09:56,392 [WARNING] leadlag.core.market_calendar: No static holiday table for year 2009. Install jpholiday or update market_calendar.py.
2026-09-20 06:09:56,392 [WARNING] leadlag.core.market_calendar: No static holiday table for year 2009. Install jpholiday or update market_calendar.py.
2026-09-20 06:09:56,392 [WARNING] leadlag.core.market_calendar: No static holiday table for year 2009. Install jpholiday or update market_calendar.py.
2026-09-20 06:09:56,393 [WARNING] leadlag.core.market_calendar: No static holiday table for year 2009. Install jpholiday or update market_calendar.py.
2026-09-20 06:09:56,393 [WARNING] leadlag.core.market_calendar: No static holiday table for year 2009. Install jpholiday or update market_calendar.py.
2026-09-20 06:09:56,393 [WARNING] leadlag.core.market_calendar: No static holiday table for year 2009. Install jpholiday or update market_calendar.py.
2026-09-20 06:09:56,393 [WARNING] leadlag.core.market_calendar: No static holiday table for year 2009. Install jpholiday or update market_calendar.py.
2026-09-20 06:09:56,393 [WARNING] leadlag.core.market_calendar: No static holiday table for year 2009. Install jpholiday or update market_calendar.py.
2026-09-20 06:09:56,393 [WARNING] leadlag.core.market_calendar: No static holiday table for year 2009. Install jpholiday or update market_calendar.py.
2026-09-20 06:09:56,393 [WARNING] leadlag.core.market_calendar: No static holiday table for year 2009. Install jpholiday or update market_calendar.py.
2026-09-20 06:09:56,393 [WARNING] leadlag.core.market_calendar: No static holiday table for year 2009. Install jpholiday or update market_calendar.py.
2026-09-20 06:09:56,394 [WARNING] leadlag.core.market_calendar: No static holiday table for year 2009. Install jpholiday or update market_calendar.py.
2026-09-20 06:09:56,394 [WARNING] leadlag.core.market_calendar: No static holiday table for year 2009. Install jpholiday or update market_calendar.py.
2026-09-20 06:09:56,394 [WARNING] leadlag.core.market_calendar: No static holiday table for year 2009. Install jpholiday or update market_calendar.py.
2026-09-20 06:09:56,394 [WARNING] leadlag.core.market_calendar: No static holiday table for year 2009. Install jpholiday or update market_calendar.py.
2026-09-20 06:09:56,394 [WARNING] leadlag.core.market_calendar: No static holiday table for year 2009. Install jpholiday or update market_calendar.py.
2026-09-20 06:09:56,394 [WARNING] leadlag.core.market_calendar: No static holiday table for year 2009. Install jpholiday or update market_calendar.py.
2026-09-20 06:09:56,394 [WARNING] leadlag.core.market_calendar: No static holiday table for year 2009. Install jpholiday or update market_calendar.py.
2026-09-20 06:09:56,395 [WARNING] leadlag.core.market_calendar: No static holiday table for year 2009. Install jpholiday or update market_calendar.py.
2026-09-20 06:09:56,395 [WARNING] leadlag.core.market_calendar: No static holiday table for year 2009. Install jpholiday or update market_calendar.py.
2026-09-20 06:09:56,395 [WARNING] leadlag.core.market_calendar: No static holiday table for year 2009. Install jpholiday or update market_calendar.py.
2026-09-20 06:09:56,395 [WARNING] leadlag.core.market_calendar: No static holiday table for year 2009. Install jpholiday or update market_calendar.py.
2026-09-20 06:09:56,395 [WARNING] leadlag.core.market_calendar: No static holiday table for year 2009. Install jpholiday or update market_calendar.py.
2026-09-20 06:09:56,395 [WARNING] leadlag.core.market_calendar: No static holiday table for year 2009. Install jpholiday or update market_calendar.py.
2026-09-20 06:09:56,395 [WARNING] leadlag.core.market_calendar: No static holiday table for year 2009. Install jpholiday or update market_calendar.py.
2026-09-20 06:09:56,396 [WARNING] leadlag.core.market_calendar: No static holiday table for year 2009. Install jpholiday or update market_calendar.py.
2026-09-20 06:09:56,396 [WARNING] leadlag.core.market_calendar: No static holiday table for year 2009. Install jpholiday or update market_calendar.py.
2026-09-20 06:09:56,396 [WARNING] leadlag.core.market_calendar: No static holiday table for year 2009. Install jpholiday or update market_calendar.py.
2026-09-20 06:09:56,396 [WARNING] leadlag.core.market_calendar: No static holiday table for year 2009. Install jpholiday or update market_calendar.py.
2026-09-20 06:09:56,396 [WARNING] leadlag.core.market_calendar: No static holiday table for year 2009. Install jpholiday or update market_calendar.py.
2026-09-20 06:09:56,396 [WARNING] leadlag.core.market_calendar: No static holiday table for year 2009. Install jpholiday or update market_calendar.py.
2026-09-20 06:09:56,397 [WARNING] leadlag.core.market_calendar: No static holiday table for year 2009. Install jpholiday or update market_calendar.py.
2026-09-20 06:09:56,397 [WARNING] leadlag.core.market_calendar: No static holiday table for year 2009. Install jpholiday or update market_calendar.py.
2026-09-20 06:09:56,397 [WARNING] leadlag.core.market_calendar: No static holiday table for year 2009. Install jpholiday or update market_calendar.py.
2026-09-20 06:09:56,397 [WARNING] leadlag.core.market_calendar: No static holiday table for year 2009. Install jpholiday or update market_calendar.py.
2026-09-20 06:09:56,397 [WARNING] leadlag.core.market_calendar: No static holiday table for year 2009. Install jpholiday or update market_calendar.py.
2026-09-20 06:09:56,397 [WARNING] leadlag.core.market_calendar: No static holiday table for year 2009. Install jpholiday or update market_calendar.py.
2026-09-20 06:09:56,397 [WARNING] leadlag.core.market_calendar: No static holiday table for year 2009. Install jpholiday or update market_calendar.py.
2026-09-20 06:09:56,398 [WARNING] leadlag.core.market_calendar: No static holiday table for year 2009. Install jpholiday or update market_calendar.py.
2026-09-20 06:09:56,398 [WARNING] leadlag.core.market_calendar: No static holiday table for year 2009. Install jpholiday or update market_calendar.py.
2026-09-20 06:09:56,398 [WARNING] leadlag.core.market_calendar: No static holiday table for year 2009. Install jpholiday or update market_calendar.py.
2026-09-20 06:09:56,398 [WARNING] leadlag.core.market_calendar: No static holiday table for year 2009. Install jpholiday or update market_calendar.py.
2026-09-20 06:09:56,398 [WARNING] leadlag.core.market_calendar: No static holiday table for year 2009. Install jpholiday or update market_calendar.py.
2026-09-20 06:09:56,398 [WARNING] leadlag.core.market_calendar: No static holiday table for year 2009. Install jpholiday or update market_calendar.py.
2026-09-20 06:09:56,399 [WARNING] leadlag.core.market_calendar: No static holiday table for year 2009. Install jpholiday or update market_calendar.py.
2026-09-20 06:09:56,399 [WARNING] leadlag.core.market_calendar: No static holiday table for year 2009. Install jpholiday or update market_calendar.py.
2026-09-20 06:09:56,399 [WARNING] leadlag.core.market_calendar: No static holiday table for year 2009. Install jpholiday or update market_calendar.py.
2026-09-20 06:09:56,399 [WARNING] leadlag.core.market_calendar: No static holiday table for year 2009. Install jpholiday or update market_calendar.py.
2026-09-20 06:09:56,399 [WARNING] leadlag.core.market_calendar: No static holiday table for year 2009. Install jpholiday or update market_calendar.py.
2026-09-20 06:09:56,399 [WARNING] leadlag.core.market_calendar: No static holiday table for year 2009. Install jpholiday or update market_calendar.py.
2026-09-20 06:09:56,399 [WARNING] leadlag.core.market_calendar: No static holiday table for year 2009. Install jpholiday or update market_calendar.py.
2026-09-20 06:09:56,400 [WARNING] leadlag.core.market_calendar: No static holiday table for year 2009. Install jpholiday or update market_calendar.py.
2026-09-20 06:09:56,400 [WARNING] leadlag.core.market_calendar: No static holiday table for year 2009. Install jpholiday or update market_calendar.py.
2026-09-20 06:09:56,400 [WARNING] leadlag.core.market_calendar: No static holiday table for year 2009. Install jpholiday or update market_calendar.py.
2026-09-20 06:09:56,400 [WARNING] leadlag.core.market_calendar: No static holiday table for year 2009. Install jpholiday or update market_calendar.py.
2026-09-20 06:09:56,400 [WARNING] leadlag.core.market_calendar: No static holiday table for year 2009. Install jpholiday or update market_calendar.py.
2026-09-20 06:09:56,400 [WARNING] leadlag.core.market_calendar: No static holiday table for year 2009. Install jpholiday or update market_calendar.py.
2026-09-20 06:09:56,400 [WARNING] leadlag.core.market_calendar: No static holiday table for year 2009. Install jpholiday or update market_calendar.py.
2026-09-20 06:09:56,400 [WARNING] leadlag.core.market_calendar: No static holiday table for year 2009. Install jpholiday or update market_calendar.py.
2026-09-20 06:09:56,401 [WARNING] leadlag.core.market_calendar: No static holiday table for year 2009. Install jpholiday or update market_calendar.py.
2026-09-20 06:09:56,401 [WARNING] leadlag.core.market_calendar: No static holiday table for year 2009. Install jpholiday or update market_calendar.py.
2026-09-20 06:09:56,401 [WARNING] leadlag.core.market_calendar: No static holiday table for year 2009. Install jpholiday or update market_calendar.py.
2026-09-20 06:09:56,401 [WARNING] leadlag.core.market_calendar: No static holiday table for year 2009. Install jpholiday or update market_calendar.py.
2026-09-20 06:09:56,401 [WARNING] leadlag.core.market_calendar: No static holiday table for year 2009. Install jpholiday or update market_calendar.py.
2026-09-20 06:09:56,401 [WARNING] leadlag.core.market_calendar: No static holiday table for year 2009. Install jpholiday or update market_calendar.py.
2026-09-20 06:09:56,401 [WARNING] leadlag.core.market_calendar: No static holiday table for year 2009. Install jpholiday or update market_calendar.py.
2026-09-20 06:09:56,402 [WARNING] leadlag.core.market_calendar: No static holiday table for year 2009. Install jpholiday or update market_calendar.py.
2026-09-20 06:09:56,402 [WARNING] leadlag.core.market_calendar: No static holiday table for year 2009. Install jpholiday or update market_calendar.py.
2026-09-20 06:09:56,402 [WARNING] leadlag.core.market_calendar: No static holiday table for year 2009. Install jpholiday or update market_calendar.py.
2026-09-20 06:09:56,402 [WARNING] leadlag.core.market_calendar: No static holiday table for year 2009. Install jpholiday or update market_calendar.py.
2026-09-20 06:09:56,403 [WARNING] leadlag.core.market_calendar: No static holiday table for year 2009. Install jpholiday or update market_calendar.py.
2026-09-20 06:09:56,403 [WARNING] leadlag.core.market_calendar: No static holiday table for year 2009. Install jpholiday or update market_calendar.py.
2026-09-20 06:09:56,403 [WARNING] leadlag.core.market_calendar: No static holiday table for year 2009. Install jpholiday or update market_calendar.py.
2026-09-20 06:09:56,403 [WARNING] leadlag.core.market_calendar: No static holiday table for year 2009. Install jpholiday or update market_calendar.py.
2026-09-20 06:09:56,403 [WARNING] leadlag.core.market_calendar: No static holiday table for year 2009. Install jpholiday or update market_calendar.py.
2026-09-20 06:09:56,404 [WARNING] leadlag.core.market_calendar: No static holiday table for year 2009. Install jpholiday or update market_calendar.py.
2026-09-20 06:09:56,404 [WARNING] leadlag.core.market_calendar: No static holiday table for year 2009. Install jpholiday or update market_calendar.py.
2026-09-20 06:09:56,404 [WARNING] leadlag.core.market_calendar: No static holiday table for year 2009. Install jpholiday or update market_calendar.py.
2026-09-20 06:09:56,404 [WARNING] leadlag.core.market_calendar: No static holiday table for year 2009. Install jpholiday or update market_calendar.py.
2026-09-20 06:09:56,404 [WARNING] leadlag.core.market_calendar: No static holiday table for year 2009. Install jpholiday or update market_calendar.py.
2026-09-20 06:09:56,404 [WARNING] leadlag.core.market_calendar: No static holiday table for year 2009. Install jpholiday or update market_calendar.py.
2026-09-20 06:09:56,405 [WARNING] leadlag.core.market_calendar: No static holiday table for year 2009. Install jpholiday or update market_calendar.py.
2026-09-20 06:09:56,405 [WARNING] leadlag.core.market_calendar: No static holiday table for year 2009. Install jpholiday or update market_calendar.py.
2026-09-20 06:09:56,405 [WARNING] leadlag.core.market_calendar: No static holiday table for year 2009. Install jpholiday or update market_calendar.py.
2026-09-20 06:09:56,405 [WARNING] leadlag.core.market_calendar: No static holiday table for year 2009. Install jpholiday or update market_calendar.py.
2026-09-20 06:09:56,405 [WARNING] leadlag.core.market_calendar: No static holiday table for year 2009. Install jpholiday or update market_calendar.py.
2026-09-20 06:09:56,406 [WARNING] leadlag.core.market_calendar: No static holiday table for year 2009. Install jpholiday or update market_calendar.py.
2026-09-20 06:09:56,406 [WARNING] leadlag.core.market_calendar: No static holiday table for year 2009. Install jpholiday or update market_calendar.py.
2026-09-20 06:09:56,406 [WARNING] leadlag.core.market_calendar: No static holiday table for year 2009. Install jpholiday or update market_calendar.py.
2026-09-20 06:09:56,406 [WARNING] leadlag.core.market_calendar: No static holiday table for year 2009. Install jpholiday or update market_calendar.py.
2026-09-20 06:09:56,406 [WARNING] leadlag.core.market_calendar: No static holiday table for year 2009. Install jpholiday or update market_calendar.py.
2026-09-20 06:09:56,406 [WARNING] leadlag.core.market_calendar: No static holiday table for year 2009. Install jpholiday or update market_calendar.py.
2026-09-20 06:09:56,406 [WARNING] leadlag.core.market_calendar: No static holiday table for year 2009. Install jpholiday or update market_calendar.py.
2026-09-20 06:09:56,407 [WARNING] leadlag.core.market_calendar: No static holiday table for year 2009. Install jpholiday or update market_calendar.py.
2026-09-20 06:09:56,407 [WARNING] leadlag.core.market_calendar: No static holiday table for year 2009. Install jpholiday or update market_calendar.py.
2026-09-20 06:09:56,407 [WARNING] leadlag.core.market_calendar: No static holiday table for year 2009. Install jpholiday or update market_calendar.py.
2026-09-20 06:09:56,407 [WARNING] leadlag.core.market_calendar: No static holiday table for year 2009. Install jpholiday or update market_calendar.py.
2026-09-20 06:09:56,407 [WARNING] leadlag.core.market_calendar: No static holiday table for year 2009. Install jpholiday or update market_calendar.py.
2026-09-20 06:09:56,407 [WARNING] leadlag.core.market_calendar: No static holiday table for year 2009. Install jpholiday or update market_calendar.py.
2026-09-20 06:09:56,408 [WARNING] leadlag.core.market_calendar: No static holiday table for year 2009. Install jpholiday or update market_calendar.py.
2026-09-20 06:09:56,408 [WARNING] leadlag.core.market_calendar: No static holiday table for year 2009. Install jpholiday or update market_calendar.py.
2026-09-20 06:09:56,408 [WARNING] leadlag.core.market_calendar: No static holiday table for year 2009. Install jpholiday or update market_calendar.py.
2026-09-20 06:09:56,408 [WARNING] leadlag.core.market_calendar: No static holiday table for year 2009. Install jpholiday or update market_calendar.py.
2026-09-20 06:09:56,408 [WARNING] leadlag.core.market_calendar: No static holiday table for year 2009. Install jpholiday or update market_calendar.py.
2026-09-20 06:09:56,408 [WARNING] leadlag.core.market_calendar: No static holiday table for year 2009. Install jpholiday or update market_calendar.py.
2026-09-20 06:09:56,408 [WARNING] leadlag.core.market_calendar: No static holiday table for year 2009. Install jpholiday or update market_calendar.py.
2026-09-20 06:09:56,409 [WARNING] leadlag.core.market_calendar: No static holiday table for year 2009. Install jpholiday or update market_calendar.py.
2026-09-20 06:09:56,409 [WARNING] leadlag.core.market_calendar: No static holiday table for year 2009. Install jpholiday or update market_calendar.py.
2026-09-20 06:09:56,409 [WARNING] leadlag.core.market_calendar: No static holiday table for year 2009. Install jpholiday or update market_calendar.py.
2026-09-20 06:09:56,409 [WARNING] leadlag.core.market_calendar: No static holiday table for year 2009. Install jpholiday or update market_calendar.py.
2026-09-20 06:09:56,409 [WARNING] leadlag.core.market_calendar: No static holiday table for year 2009. Install jpholiday or update market_calendar.py.
2026-09-20 06:09:56,409 [WARNING] leadlag.core.market_calendar: No static holiday table for year 2009. Install jpholiday or update market_calendar.py.
2026-09-20 06:09:56,409 [WARNING] leadlag.core.market_calendar: No static holiday table for year 2009. Install jpholiday or update market_calendar.py.
2026-09-20 06:09:56,409 [WARNING] leadlag.core.market_calendar: No static holiday table for year 2009. Install jpholiday or update market_calendar.py.
2026-09-20 06:09:56,410 [WARNING] leadlag.core.market_calendar: No static holiday table for year 2009. Install jpholiday or update market_calendar.py.
2026-09-20 06:09:56,410 [WARNING] leadlag.core.market_calendar: No static holiday table for year 2009. Install jpholiday or update market_calendar.py.
2026-09-20 06:09:56,410 [WARNING] leadlag.core.market_calendar: No static holiday table for year 2009. Install jpholiday or update market_calendar.py.
2026-09-20 06:09:56,410 [WARNING] leadlag.core.market_calendar: No static holiday table for year 2009. Install jpholiday or update market_calendar.py.
2026-09-20 06:09:56,410 [WARNING] leadlag.core.market_calendar: No static holiday table for year 2009. Install jpholiday or update market_calendar.py.
2026-09-20 06:09:56,410 [WARNING] leadlag.core.market_calendar: No static holiday table for year 2009. Install jpholiday or update market_calendar.py.
2026-09-20 06:09:56,410 [WARNING] leadlag.core.market_calendar: No static holiday table for year 2009. Install jpholiday or update market_calendar.py.
2026-09-20 06:09:56,411 [WARNING] leadlag.core.market_calendar: No static holiday table for year 2009. Install jpholiday or update market_calendar.py.
2026-09-20 06:09:56,411 [WARNING] leadlag.core.market_calendar: No static holiday table for year 2009. Install jpholiday or update market_calendar.py.
2026-09-20 06:09:56,411 [WARNING] leadlag.core.market_calendar: No static holiday table for year 2009. Install jpholiday or update market_calendar.py.
2026-09-20 06:09:56,411 [WARNING] leadlag.core.market_calendar: No static holiday table for year 2009. Install jpholiday or update market_calendar.py.
2026-09-20 06:09:56,411 [WARNING] leadlag.core.market_calendar: No static holiday table for year 2009. Install jpholiday or update market_calendar.py.
2026-09-20 06:09:56,411 [WARNING] leadlag.core.market_calendar: No static holiday table for year 2009. Install jpholiday or update market_calendar.py.
2026-09-20 06:09:56,411 [WARNING] leadlag.core.market_calendar: No static holiday table for year 2009. Install jpholiday or update market_calendar.py.
2026-09-20 06:09:56,412 [WARNING] leadlag.core.market_calendar: No static holiday table for year 2009. Install jpholiday or update market_calendar.py.
2026-09-20 06:09:56,412 [WARNING] leadlag.core.market_calendar: No static holiday table for year 2009. Install jpholiday or update market_calendar.py.
2026-09-20 06:09:56,412 [WARNING] leadlag.core.market_calendar: No static holiday table for year 2009. Install jpholiday or update market_calendar.py.
2026-09-20 06:09:56,412 [WARNING] leadlag.core.market_calendar: No static holiday table for year 2009. Install jpholiday or update market_calendar.py.
2026-09-20 06:09:56,412 [WARNING] leadlag.core.market_calendar: No static holiday table for year 2009. Install jpholiday or update market_calendar.py.
2026-09-20 06:09:56,412 [WARNING] leadlag.core.market_calendar: No static holiday table for year 2009. Install jpholiday or update market_calendar.py.
2026-09-20 06:09:56,412 [WARNING] leadlag.core.market_calendar: No static holiday table for year 2009. Install jpholiday or update market_calendar.py.
2026-09-20 06:09:56,412 [WARNING] leadlag.core.market_calendar: No static holiday table for year 2009. Install jpholiday or update market_calendar.py.
2026-09-20 06:09:56,413 [WARNING] leadlag.core.market_calendar: No static holiday table for year 2009. Install jpholiday or update market_calendar.py.
2026-09-20 06:09:56,413 [WARNING] leadlag.core.market_calendar: No static holiday table for year 2009. Install jpholiday or update market_calendar.py.
2026-09-20 06:09:56,413 [WARNING] leadlag.core.market_calendar: No static holiday table for year 2009. Install jpholiday or update market_calendar.py.
2026-09-20 06:09:56,413 [WARNING] leadlag.core.market_calendar: No static holiday table for year 2009. Install jpholiday or update market_calendar.py.
2026-09-20 06:09:56,413 [WARNING] leadlag.core.market_calendar: No static holiday table for year 2009. Install jpholiday or update market_calendar.py.
2026-09-20 06:09:56,413 [WARNING] leadlag.core.market_calendar: No static holiday table for year 2009. Install jpholiday or update market_calendar.py.
2026-09-20 06:09:56,413 [WARNING] leadlag.core.market_calendar: No static holiday table for year 2009. Install jpholiday or update market_calendar.py.
2026-09-20 06:09:56,414 [WARNING] leadlag.core.market_calendar: No static holiday table for year 2009. Install jpholiday or update market_calendar.py.
2026-09-20 06:09:56,414 [WARNING] leadlag.core.market_calendar: No static holiday table for year 2009. Install jpholiday or update market_calendar.py.
2026-09-20 06:09:56,414 [WARNING] leadlag.core.market_calendar: No static holiday table for year 2009. Install jpholiday or update market_calendar.py.
2026-09-20 06:09:56,414 [WARNING] leadlag.core.market_calendar: No static holiday table for year 2009. Install jpholiday or update market_calendar.py.
2026-09-20 06:09:56,414 [WARNING] leadlag.core.market_calendar: No static holiday table for year 2010. Install jpholiday or update market_calendar.py.
2026-09-20 06:09:56,414 [WARNING] leadlag.core.market_calendar: No static holiday table for year 2010. Install jpholiday or update market_calendar.py.
2026-09-20 06:09:56,414 [WARNING] leadlag.core.market_calendar: No static holiday table for year 2010. Install jpholiday or update market_calendar.py.
2026-09-20 06:09:56,415 [WARNING] leadlag.core.market_calendar: No static holiday table for year 2010. Install jpholiday or update market_calendar.py.
2026-09-20 06:09:56,415 [WARNING] leadlag.core.market_calendar: No static holiday table for year 2010. Install jpholiday or update market_calendar.py.
2026-09-20 06:09:56,415 [WARNING] leadlag.core.market_calendar: No static holiday table for year 2010. Install jpholiday or update market_calendar.py.
2026-09-20 06:09:56,415 [WARNING] leadlag.core.market_calendar: No static holiday table for year 2010. Install jpholiday or update market_calendar.py.
2026-09-20 06:09:56,415 [WARNING] leadlag.core.market_calendar: No static holiday table for year 2010. Install jpholiday or update market_calendar.py.
2026-09-20 06:09:56,415 [WARNING] leadlag.core.market_calendar: No static holiday table for year 2010. Install jpholiday or update market_calendar.py.
2026-09-20 06:09:56,415 [WARNING] leadlag.core.market_calendar: No static holiday table for year 2010. Install jpholiday or update market_calendar.py.
2026-09-20 06:09:56,416 [WARNING] leadlag.core.market_calendar: No static holiday table for year 2010. Install jpholiday or update market_calendar.py.
2026-09-20 06:09:56,416 [WARNING] leadlag.core.market_calendar: No static holiday table for year 2010. Install jpholiday or update market_calendar.py.
2026-09-20 06:09:56,416 [WARNING] leadlag.core.market_calendar: No static holiday table for year 2010. Install jpholiday or update market_calendar.py.
2026-09-20 06:09:56,416 [WARNING] leadlag.core.market_calendar: No static holiday table for year 2010. Install jpholiday or update market_calendar.py.
2026-09-20 06:09:56,416 [WARNING] leadlag.core.market_calendar: No static holiday table for year 2010. Install jpholiday or update market_calendar.py.
2026-09-20 06:09:56,416 [WARNING] leadlag.core.market_calendar: No static holiday table for year 2010. Install jpholiday or update market_calendar.py.
2026-09-20 06:09:56,417 [WARNING] leadlag.core.market_calendar: No static holiday table for year 2010. Install jpholiday or update market_calendar.py.
2026-09-20 06:09:56,417 [WARNING] leadlag.core.market_calendar: No static holiday table for year 2010. Install jpholiday or update market_calendar.py.
2026-09-20 06:09:56,417 [WARNING] leadlag.core.market_calendar: No static holiday table for year 2010. Install jpholiday or update market_calendar.py.
2026-09-20 06:09:56,417 [WARNING] leadlag.core.market_calendar: No static holiday table for year 2010. Install jpholiday or update market_calendar.py.
2026-09-20 06:09:56,417 [WARNING] leadlag.core.market_calendar: No static holiday table for year 2010. Install jpholiday or update market_calendar.py.
2026-09-20 06:09:56,417 [WARNING] leadlag.core.market_calendar: No static holiday table for year 2010. Install jpholiday or update market_calendar.py.
2026-09-20 06:09:56,417 [WARNING] leadlag.core.market_calendar: No static holiday table for year 2010. Install jpholiday or update market_calendar.py.
2026-09-20 06:09:56,418 [WARNING] leadlag.core.market_calendar: No static holiday table for year 2010. Install jpholiday or update market_calendar.py.
2026-09-20 06:09:56,418 [WARNING] leadlag.core.market_calendar: No static holiday table for year 2010. Install jpholiday or update market_calendar.py.
2026-09-20 06:09:56,418 [WARNING] leadlag.core.market_calendar: No static holiday table for year 2010. Install jpholiday or update market_calendar.py.
2026-09-20 06:09:56,418 [WARNING] leadlag.core.market_calendar: No static holiday table for year 2010. Install jpholiday or update market_calendar.py.
2026-09-20 06:09:56,418 [WARNING] leadlag.core.market_calendar: No static holiday table for year 2010. Install jpholiday or update market_calendar.py.
2026-09-20 06:09:56,418 [WARNING] leadlag.core.market_calendar: No static holiday table for year 2010. Install jpholiday or update market_calendar.py.
2026-09-20 06:09:56,418 [WARNING] leadlag.core.market_calendar: No static holiday table for year 2010. Install jpholiday or update market_calendar.py.
2026-09-20 06:09:56,418 [WARNING] leadlag.core.market_calendar: No static holiday table for year 2010. Install jpholiday or update market_calendar.py.
2026-09-20 06:09:56,419 [WARNING] leadlag.core.market_calendar: No static holiday table for year 2010. Install jpholiday or update market_calendar.py.
2026-09-20 06:09:56,419 [WARNING] leadlag.core.market_calendar: No static holiday table for year 2010. Install jpholiday or update market_calendar.py.
2026-09-20 06:09:56,419 [WARNING] leadlag.core.market_calendar: No static holiday table for year 2010. Install jpholiday or update market_calendar.py.
2026-09-20 06:09:56,419 [WARNING] leadlag.core.market_calendar: No static holiday table for year 2010. Install jpholiday or update market_calendar.py.
2026-09-20 06:09:56,419 [WARNING] leadlag.core.market_calendar: No static holiday table for year 2010. Install jpholiday or update market_calendar.py.
2026-09-20 06:09:56,419 [WARNING] leadlag.core.market_calendar: No static holiday table for year 2010. Install jpholiday or update market_calendar.py.
2026-09-20 06:09:56,419 [WARNING] leadlag.core.market_calendar: No static holiday table for year 2010. Install jpholiday or update market_calendar.py.
2026-09-20 06:09:56,420 [WARNING] leadlag.core.market_calendar: No static holiday table for year 2010. Install jpholiday or update market_calendar.py.
2026-09-20 06:09:56,420 [WARNING] leadlag.core.market_calendar: No static holiday table for year 2010. Install jpholiday or update market_calendar.py.
2026-09-20 06:09:56,420 [WARNING] leadlag.core.market_calendar: No static holiday table for year 2010. Install jpholiday or update market_calendar.py.
2026-09-20 06:09:56,420 [WARNING] leadlag.core.market_calendar: No static holiday table for year 2010. Install jpholiday or update market_calendar.py.
2026-09-20 06:09:56,420 [WARNING] leadlag.core.market_calendar: No static holiday table for year 2010. Install jpholiday or update market_calendar.py.
2026-09-20 06:09:56,420 [WARNING] leadlag.core.market_calendar: No static holiday table for year 2010. Install jpholiday or update market_calendar.py.
2026-09-20 06:09:56,421 [WARNING] leadlag.core.market_calendar: No static holiday table for year 2010. Install jpholiday or update market_calendar.py.
2026-09-20 06:09:56,421 [WARNING] leadlag.core.market_calendar: No static holiday table for year 2010. Install jpholiday or update market_calendar.py.
2026-09-20 06:09:56,421 [WARNING] leadlag.core.market_calendar: No static holiday table for year 2010. Install jpholiday or update market_calendar.py.
2026-09-20 06:09:56,421 [WARNING] leadlag.core.market_calendar: No static holiday table for year 2010. Install jpholiday or update market_calendar.py.
2026-09-20 06:09:56,421 [WARNING] leadlag.core.market_calendar: No static holiday table for year 2010. Install jpholiday or update market_calendar.py.
2026-09-20 06:09:56,422 [WARNING] leadlag.core.market_calendar: No static holiday table for year 2010. Install jpholiday or update market_calendar.py.
2026-09-20 06:09:56,422 [WARNING] leadlag.core.market_calendar: No static holiday table for year 2010. Install jpholiday or update market_calendar.py.
2026-09-20 06:09:56,422 [WARNING] leadlag.core.market_calendar: No static holiday table for year 2010. Install jpholiday or update market_calendar.py.
2026-09-20 06:09:56,422 [WARNING] leadlag.core.market_calendar: No static holiday table for year 2010. Install jpholiday or update market_calendar.py.
2026-09-20 06:09:56,422 [WARNING] leadlag.core.market_calendar: No static holiday table for year 2010. Install jpholiday or update market_calendar.py.
2026-09-20 06:09:56,422 [WARNING] leadlag.core.market_calendar: No static holiday table for year 2010. Install jpholiday or update market_calendar.py.
2026-09-20 06:09:56,423 [WARNING] leadlag.core.market_calendar: No static holiday table for year 2010. Install jpholiday or update market_calendar.py.
2026-09-20 06:09:56,423 [WARNING] leadlag.core.market_calendar: No static holiday table for year 2010. Install jpholiday or update market_calendar.py.
2026-09-20 06:09:56,423 [WARNING] leadlag.core.market_calendar: No static holiday table for year 2010. Install jpholiday or update market_calendar.py.
2026-09-20 06:09:56,423 [WARNING] leadlag.core.market_calendar: No static holiday table for year 2010. Install jpholiday or update market_calendar.py.
2026-09-20 06:09:56,423 [WARNING] leadlag.core.market_calendar: No static holiday table for year 2010. Install jpholiday or update market_calendar.py.
2026-09-20 06:09:56,423 [WARNING] leadlag.core.market_calendar: No static holiday table for year 2010. Install jpholiday or update market_calendar.py.
2026-09-20 06:09:56,424 [WARNING] leadlag.core.market_calendar: No static holiday table for year 2010. Install jpholiday or update market_calendar.py.
2026-09-20 06:09:56,424 [WARNING] leadlag.core.market_calendar: No static holiday table for year 2010. Install jpholiday or update market_calendar.py.
2026-09-20 06:09:56,424 [WARNING] leadlag.core.market_calendar: No static holiday table for year 2010. Install jpholiday or update market_calendar.py.
2026-09-20 06:09:56,424 [WARNING] leadlag.core.market_calendar: No static holiday table for year 2010. Install jpholiday or update market_calendar.py.
2026-09-20 06:09:56,424 [WARNING] leadlag.core.market_calendar: No static holiday table for year 2010. Install jpholiday or update market_calendar.py.
2026-09-20 06:09:56,424 [WARNING] leadlag.core.market_calendar: No static holiday table for year 2010. Install jpholiday or update market_calendar.py.
2026-09-20 06:09:56,424 [WARNING] leadlag.core.market_calendar: No static holiday table for year 2010. Install jpholiday or update market_calendar.py.
2026-09-20 06:09:56,424 [WARNING] leadlag.core.market_calendar: No static holiday table for year 2010. Install jpholiday or update market_calendar.py.
2026-09-20 06:09:56,425 [WARNING] leadlag.core.market_calendar: No static holiday table for year 2010. Install jpholiday or update market_calendar.py.
2026-09-20 06:09:56,425 [WARNING] leadlag.core.market_calendar: No static holiday table for year 2010. Install jpholiday or update market_calendar.py.
2026-09-20 06:09:56,425 [WARNING] leadlag.core.market_calendar: No static holiday table for year 2010. Install jpholiday or update market_calendar.py.
2026-09-20 06:09:56,425 [WARNING] leadlag.core.market_calendar: No static holiday table for year 2010. Install jpholiday or update market_calendar.py.
2026-09-20 06:09:56,425 [WARNING] leadlag.core.market_calendar: No static holiday table for year 2010. Install jpholiday or update market_calendar.py.
2026-09-20 06:09:56,425 [WARNING] leadlag.core.market_calendar: No static holiday table for year 2010. Install jpholiday or update market_calendar.py.
2026-09-20 06:09:56,425 [WARNING] leadlag.core.market_calendar: No static holiday table for year 2010. Install jpholiday or update market_calendar.py.
2026-09-20 06:09:56,426 [WARNING] leadlag.core.market_calendar: No static holiday table for year 2010. Install jpholiday or update market_calendar.py.
2026-09-20 06:09:56,426 [WARNING] leadlag.core.market_calendar: No static holiday table for year 2010. Install jpholiday or update market_calendar.py.
2026-09-20 06:09:56,426 [WARNING] leadlag.core.market_calendar: No static holiday table for year 2010. Install jpholiday or update market_calendar.py.
2026-09-20 06:09:56,426 [WARNING] leadlag.core.market_calendar: No static holiday table for year 2010. Install jpholiday or update market_calendar.py.
2026-09-20 06:09:56,426 [WARNING] leadlag.core.market_calendar: No static holiday table for year 2010. Install jpholiday or update market_calendar.py.
2026-09-20 06:09:56,426 [WARNING] leadlag.core.market_calendar: No static holiday table for year 2010. Install jpholiday or update market_calendar.py.
2026-09-20 06:09:56,426 [WARNING] leadlag.core.market_calendar: No static holiday table for year 2010. Install jpholiday or update market_calendar.py.
2026-09-20 06:09:56,427 [WARNING] leadlag.core.market_calendar: No static holiday table for year 2010. Install jpholiday or update market_calendar.py.
2026-09-20 06:09:56,427 [WARNING] leadlag.core.market_calendar: No static holiday table for year 2010. Install jpholiday or update market_calendar.py.
2026-09-20 06:09:56,427 [WARNING] leadlag.core.market_calendar: No static holiday table for year 2010. Install jpholiday or update market_calendar.py.
2026-09-20 06:09:56,427 [WARNING] leadlag.core.market_calendar: No static holiday table for year 2010. Install jpholiday or update market_calendar.py.
2026-09-20 06:09:56,427 [WARNING] leadlag.core.market_calendar: No static holiday table for year 2010. Install jpholiday or update market_calendar.py.
2026-09-20 06:09:56,427 [WARNING] leadlag.core.market_calendar: No static holiday table for year 2010. Install jpholiday or update market_calendar.py.
2026-09-20 06:09:56,427 [WARNING] leadlag.core.market_calendar: No static holiday table for year 2010. Install jpholiday or update market_calendar.py.
2026-09-20 06:09:56,427 [WARNING] leadlag.core.market_calendar: No static holiday table for year 2010. Install jpholiday or update market_calendar.py.
2026-09-20 06:09:56,428 [WARNING] leadlag.core.market_calendar: No static holiday table for year 2010. Install jpholiday or update market_calendar.py.
2026-09-20 06:09:56,428 [WARNING] leadlag.core.market_calendar: No static holiday table for year 2010. Install jpholiday or update market_calendar.py.
2026-09-20 06:09:56,428 [WARNING] leadlag.core.market_calendar: No static holiday table for year 2010. Install jpholiday or update market_calendar.py.
2026-09-20 06:09:56,428 [WARNING] leadlag.core.market_calendar: No static holiday table for year 2010. Install jpholiday or update market_calendar.py.
2026-09-20 06:09:56,428 [WARNING] leadlag.core.market_calendar: No static holiday table for year 2010. Install jpholiday or update market_calendar.py.
2026-09-20 06:09:56,428 [WARNING] leadlag.core.market_calendar: No static holiday table for year 2010. Install jpholiday or update market_calendar.py.
2026-09-20 06:09:56,428 [WARNING] leadlag.core.market_calendar: No static holiday table for year 2010. Install jpholiday or update market_calendar.py.
2026-09-20 06:09:56,429 [WARNING] leadlag.core.market_calendar: No static holiday table for year 2010. Install jpholiday or update market_calendar.py.
2026-09-20 06:09:56,429 [WARNING] leadlag.core.market_calendar: No static holiday table for year 2010. Install jpholiday or update market_calendar.py.
2026-09-20 06:09:56,429 [WARNING] leadlag.core.market_calendar: No static holiday table for year 2010. Install jpholiday or update market_calendar.py.
2026-09-20 06:09:56,429 [WARNING] leadlag.core.market_calendar: No static holiday table for year 2010. Install jpholiday or update market_calendar.py.
2026-09-20 06:09:56,429 [WARNING] leadlag.core.market_calendar: No static holiday table for year 2010. Install jpholiday or update market_calendar.py.
2026-09-20 06:09:56,429 [WARNING] leadlag.core.market_calendar: No static holiday table for year 2010. Install jpholiday or update market_calendar.py.
2026-09-20 06:09:56,429 [WARNING] leadlag.core.market_calendar: No static holiday table for year 2010. Install jpholiday or update market_calendar.py.
2026-09-20 06:09:56,429 [WARNING] leadlag.core.market_calendar: No static holiday table for year 2010. Install jpholiday or update market_calendar.py.
2026-09-20 06:09:56,430 [WARNING] leadlag.core.market_calendar: No static holiday table for year 2010. Install jpholiday or update market_calendar.py.
2026-09-20 06:09:56,430 [WARNING] leadlag.core.market_calendar: No static holiday table for year 2010. Install jpholiday or update market_calendar.py.
2026-09-20 06:09:56,430 [WARNING] leadlag.core.market_calendar: No static holiday table for year 2010. Install jpholiday or update market_calendar.py.
2026-09-20 06:09:56,430 [WARNING] leadlag.core.market_calendar: No static holiday table for year 2010. Install jpholiday or update market_calendar.py.
2026-09-20 06:09:56,430 [WARNING] leadlag.core.market_calendar: No static holiday table for year 2010. Install jpholiday or update market_calendar.py.
2026-09-20 06:09:56,430 [WARNING] leadlag.core.market_calendar: No static holiday table for year 2010. Install jpholiday or update market_calendar.py.
2026-09-20 06:09:56,430 [WARNING] leadlag.core.market_calendar: No static holiday table for year 2010. Install jpholiday or update market_calendar.py.
2026-09-20 06:09:56,431 [WARNING] leadlag.core.market_calendar: No static holiday table for year 2010. Install jpholiday or update market_calendar.py.
2026-09-20 06:09:56,431 [WARNING] leadlag.core.market_calendar: No static holiday table for year 2010. Install jpholiday or update market_calendar.py.
2026-09-20 06:09:56,431 [WARNING] leadlag.core.market_calendar: No static holiday table for year 2010. Install jpholiday or update market_calendar.py.
2026-09-20 06:09:56,431 [WARNING] leadlag.core.market_calendar: No static holiday table for year 2010. Install jpholiday or update market_calendar.py.
2026-09-20 06:09:56,431 [WARNING] leadlag.core.market_calendar: No static holiday table for year 2010. Install jpholiday or update market_calendar.py.
2026-09-20 06:09:56,431 [WARNING] leadlag.core.market_calendar: No static holiday table for year 2010. Install jpholiday or update market_calendar.py.
2026-09-20 06:09:56,431 [WARNING] leadlag.core.market_calendar: No static holiday table for year 2010. Install jpholiday or update market_calendar.py.
2026-09-20 06:09:56,431 [WARNING] leadlag.core.market_calendar: No static holiday table for year 2010. Install jpholiday or update market_calendar.py.
2026-09-20 06:09:56,432 [WARNING] leadlag.core.market_calendar: No static holiday table for year 2010. Install jpholiday or update market_calendar.py.
2026-09-20 06:09:56,432 [WARNING] leadlag.core.market_calendar: No static holiday table for year 2010. Install jpholiday or update market_calendar.py.
2026-09-20 06:09:56,432 [WARNING] leadlag.core.market_calendar: No static holiday table for year 2010. Install jpholiday or update market_calendar.py.
2026-09-20 06:09:56,432 [WARNING] leadlag.core.market_calendar: No static holiday table for year 2010. Install jpholiday or update market_calendar.py.
2026-09-20 06:09:56,432 [WARNING] leadlag.core.market_calendar: No static holiday table for year 2010. Install jpholiday or update market_calendar.py.
2026-09-20 06:09:56,432 [WARNING] leadlag.core.market_calendar: No static holiday table for year 2010. Install jpholiday or update market_calendar.py.
2026-09-20 06:09:56,433 [WARNING] leadlag.core.market_calendar: No static holiday table for year 2010. Install jpholiday or update market_calendar.py.
2026-09-20 06:09:56,433 [WARNING] leadlag.core.market_calendar: No static holiday table for year 2010. Install jpholiday or update market_calendar.py.
2026-09-20 06:09:56,433 [WARNING] leadlag.core.market_calendar: No static holiday table for year 2010. Install jpholiday or update market_calendar.py.
2026-09-20 06:09:56,433 [WARNING] leadlag.core.market_calendar: No static holiday table for year 2010. Install jpholiday or update market_calendar.py.
2026-09-20 06:09:56,433 [WARNING] leadlag.core.market_calendar: No static holiday table for year 2010. Install jpholiday or update market_calendar.py.
2026-09-20 06:09:56,433 [WARNING] leadlag.core.market_calendar: No static holiday table for year 2010. Install jpholiday or update market_calendar.py.
2026-09-20 06:09:56,433 [WARNING] leadlag.core.market_calendar: No static holiday table for year 2010. Install jpholiday or update market_calendar.py.
2026-09-20 06:09:56,434 [WARNING] leadlag.core.market_calendar: No static holiday table for year 2010. Install jpholiday or update market_calendar.py.
2026-09-20 06:09:56,434 [WARNING] leadlag.core.market_calendar: No static holiday table for year 2010. Install jpholiday or update market_calendar.py.
2026-09-20 06:09:56,434 [WARNING] leadlag.core.market_calendar: No static holiday table for year 2010. Install jpholiday or update market_calendar.py.
2026-09-20 06:09:56,434 [WARNING] leadlag.core.market_calendar: No static holiday table for year 2010. Install jpholiday or update market_calendar.py.
2026-09-20 06:09:56,434 [WARNING] leadlag.core.market_calendar: No static holiday table for year 2010. Install jpholiday or update market_calendar.py.
2026-09-20 06:09:56,434 [WARNING] leadlag.core.market_calendar: No static holiday table for year 2010. Install jpholiday or update market_calendar.py.
2026-09-20 06:09:56,435 [WARNING] leadlag.core.market_calendar: No static holiday table for year 2010. Install jpholiday or update market_calendar.py.
2026-09-20 06:09:56,435 [WARNING] leadlag.core.market_calendar: No static holiday table for year 2010. Install jpholiday or update market_calendar.py.
2026-09-20 06:09:56,435 [WARNING] leadlag.core.market_calendar: No static holiday table for year 2010. Install jpholiday or update market_calendar.py.
2026-09-20 06:09:56,435 [WARNING] leadlag.core.market_calendar: No static holiday table for year 2010. Install jpholiday or update market_calendar.py.
2026-09-20 06:09:56,435 [WARNING] leadlag.core.market_calendar: No static holiday table for year 2010. Install jpholiday or update market_calendar.py.
2026-09-20 06:09:56,435 [WARNING] leadlag.core.market_calendar: No static holiday table for year 2010. Install jpholiday or update market_calendar.py.
2026-09-20 06:09:56,435 [WARNING] leadlag.core.market_calendar: No static holiday table for year 2010. Install jpholiday or update market_calendar.py.
2026-09-20 06:09:56,436 [WARNING] leadlag.core.market_calendar: No static holiday table for year 2010. Install jpholiday or update market_calendar.py.
2026-09-20 06:09:56,436 [WARNING] leadlag.core.market_calendar: No static holiday table for year 2010. Install jpholiday or update market_calendar.py.
2026-09-20 06:09:56,436 [WARNING] leadlag.core.market_calendar: No static holiday table for year 2010. Install jpholiday or update market_calendar.py.
2026-09-20 06:09:56,436 [WARNING] leadlag.core.market_calendar: No static holiday table for year 2010. Install jpholiday or update market_calendar.py.
2026-09-20 06:09:56,436 [WARNING] leadlag.core.market_calendar: No static holiday table for year 2010. Install jpholiday or update market_calendar.py.
2026-09-20 06:09:56,436 [WARNING] leadlag.core.market_calendar: No static holiday table for year 2010. Install jpholiday or update market_calendar.py.
2026-09-20 06:09:56,436 [WARNING] leadlag.core.market_calendar: No static holiday table for year 2010. Install jpholiday or update market_calendar.py.
2026-09-20 06:09:56,436 [WARNING] leadlag.core.market_calendar: No static holiday table for year 2010. Install jpholiday or update market_calendar.py.
2026-09-20 06:09:56,437 [WARNING] leadlag.core.market_calendar: No static holiday table for year 2010. Install jpholiday or update market_calendar.py.
2026-09-20 06:09:56,437 [WARNING] leadlag.core.market_calendar: No static holiday table for year 2010. Install jpholiday or update market_calendar.py.
2026-09-20 06:09:56,437 [WARNING] leadlag.core.market_calendar: No static holiday table for year 2010. Install jpholiday or update market_calendar.py.
2026-09-20 06:09:56,437 [WARNING] leadlag.core.market_calendar: No static holiday table for year 2010. Install jpholiday or update market_calendar.py.
2026-09-20 06:09:56,437 [WARNING] leadlag.core.market_calendar: No static holiday table for year 2010. Install jpholiday or update market_calendar.py.
2026-09-20 06:09:56,437 [WARNING] leadlag.core.market_calendar: No static holiday table for year 2010. Install jpholiday or update market_calendar.py.
2026-09-20 06:09:56,437 [WARNING] leadlag.core.market_calendar: No static holiday table for year 2010. Install jpholiday or update market_calendar.py.
2026-09-20 06:09:56,438 [WARNING] leadlag.core.market_calendar: No static holiday table for year 2010. Install jpholiday or update market_calendar.py.
2026-09-20 06:09:56,438 [WARNING] leadlag.core.market_calendar: No static holiday table for year 2010. Install jpholiday or update market_calendar.py.
2026-09-20 06:09:56,438 [WARNING] leadlag.core.market_calendar: No static holiday table for year 2010. Install jpholiday or update market_calendar.py.
2026-09-20 06:09:56,438 [WARNING] leadlag.core.market_calendar: No static holiday table for year 2010. Install jpholiday or update market_calendar.py.
2026-09-20 06:09:56,438 [WARNING] leadlag.core.market_calendar: No static holiday table for year 2010. Install jpholiday or update market_calendar.py.
2026-09-20 06:09:56,439 [WARNING] leadlag.core.market_calendar: No static holiday table for year 2010. Install jpholiday or update market_calendar.py.
2026-09-20 06:09:56,439 [WARNING] leadlag.core.market_calendar: No static holiday table for year 2010. Install jpholiday or update market_calendar.py.
2026-09-20 06:09:56,439 [WARNING] leadlag.core.market_calendar: No static holiday table for year 2010. Install jpholiday or update market_calendar.py.
2026-09-20 06:09:56,439 [WARNING] leadlag.core.market_calendar: No static holiday table for year 2010. Install jpholiday or update market_calendar.py.
2026-09-20 06:09:56,439 [WARNING] leadlag.core.market_calendar: No static holiday table for year 2010. Install jpholiday or update market_calendar.py.
2026-09-20 06:09:56,440 [WARNING] leadlag.core.market_calendar: No static holiday table for year 2010. Install jpholiday or update market_calendar.py.
2026-09-20 06:09:56,440 [WARNING] leadlag.core.market_calendar: No static holiday table for year 2010. Install jpholiday or update market_calendar.py.
2026-09-20 06:09:56,440 [WARNING] leadlag.core.market_calendar: No static holiday table for year 2010. Install jpholiday or update market_calendar.py.
2026-09-20 06:09:56,440 [WARNING] leadlag.core.market_calendar: No static holiday table for year 2010. Install jpholiday or update market_calendar.py.
2026-09-20 06:09:56,440 [WARNING] leadlag.core.market_calendar: No static holiday table for year 2010. Install jpholiday or update market_calendar.py.
2026-09-20 06:09:56,441 [WARNING] leadlag.core.market_calendar: No static holiday table for year 2010. Install jpholiday or update market_calendar.py.
2026-09-20 06:09:56,441 [WARNING] leadlag.core.market_calendar: No static holiday table for year 2010. Install jpholiday or update market_calendar.py.
2026-09-20 06:09:56,441 [WARNING] leadlag.core.market_calendar: No static holiday table for year 2010. Install jpholiday or update market_calendar.py.
2026-09-20 06:09:56,441 [WARNING] leadlag.core.market_calendar: No static holiday table for year 2010. Install jpholiday or update market_calendar.py.
2026-09-20 06:09:56,441 [WARNING] leadlag.core.market_calendar: No static holiday table for year 2010. Install jpholiday or update market_calendar.py.
2026-09-20 06:09:56,442 [WARNING] leadlag.core.market_calendar: No static holiday table for year 2010. Install jpholiday or update market_calendar.py.
2026-09-20 06:09:56,442 [WARNING] leadlag.core.market_calendar: No static holiday table for year 2010. Install jpholiday or update market_calendar.py.
2026-09-20 06:09:56,442 [WARNING] leadlag.core.market_calendar: No static holiday table for year 2010. Install jpholiday or update market_calendar.py.
2026-09-20 06:09:56,442 [WARNING] leadlag.core.market_calendar: No static holiday table for year 2010. Install jpholiday or update market_calendar.py.
2026-09-20 06:09:56,442 [WARNING] leadlag.core.market_calendar: No static holiday table for year 2010. Install jpholiday or update market_calendar.py.
2026-09-20 06:09:56,442 [WARNING] leadlag.core.market_calendar: No static holiday table for year 2010. Install jpholiday or update market_calendar.py.
2026-09-20 06:09:56,443 [WARNING] leadlag.core.market_calendar: No static holiday table for year 2010. Install jpholiday or update market_calendar.py.
2026-09-20 06:09:56,443 [WARNING] leadlag.core.market_calendar: No static holiday table for year 2010. Install jpholiday or update market_calendar.py.
2026-09-20 06:09:56,443 [WARNING] leadlag.core.market_calendar: No static holiday table for year 2010. Install jpholiday or update market_calendar.py.
2026-09-20 06:09:56,443 [WARNING] leadlag.core.market_calendar: No static holiday table for year 2010. Install jpholiday or update market_calendar.py.
2026-09-20 06:09:56,443 [WARNING] leadlag.core.market_calendar: No static holiday table for year 2010. Install jpholiday or update market_calendar.py.
2026-09-20 06:09:56,443 [WARNING] leadlag.core.market_calendar: No static holiday table for year 2010. Install jpholiday or update market_calendar.py.
2026-09-20 06:09:56,443 [WARNING] leadlag.core.market_calendar: No static holiday table for year 2010. Install jpholiday or update market_calendar.py.
2026-09-20 06:09:56,444 [WARNING] leadlag.core.market_calendar: No static holiday table for year 2010. Install jpholiday or update market_calendar.py.
2026-09-20 06:09:56,444 [WARNING] leadlag.core.market_calendar: No static holiday table for year 2010. Install jpholiday or update market_calendar.py.
2026-09-20 06:09:56,444 [WARNING] leadlag.core.market_calendar: No static holiday table for year 2010. Install jpholiday or update market_calendar.py.
2026-09-20 06:09:56,444 [WARNING] leadlag.core.market_calendar: No static holiday table for year 2010. Install jpholiday or update market_calendar.py.
2026-09-20 06:09:56,444 [WARNING] leadlag.core.market_calendar: No static holiday table for year 2010. Install jpholiday or update market_calendar.py.
2026-09-20 06:09:56,444 [WARNING] leadlag.core.market_calendar: No static holiday table for year 2010. Install jpholiday or update market_calendar.py.
2026-09-20 06:09:56,445 [WARNING] leadlag.core.market_calendar: No static holiday table for year 2010. Install jpholiday or update market_calendar.py.
2026-09-20 06:09:56,445 [WARNING] leadlag.core.market_calendar: No static holiday table for year 2010. Install jpholiday or update market_calendar.py.
2026-09-20 06:09:56,445 [WARNING] leadlag.core.market_calendar: No static holiday table for year 2010. Install jpholiday or update market_calendar.py.
2026-09-20 06:09:56,445 [WARNING] leadlag.core.market_calendar: No static holiday table for year 2010. Install jpholiday or update market_calendar.py.
2026-09-20 06:09:56,445 [WARNING] leadlag.core.market_calendar: No static holiday table for year 2010. Install jpholiday or update market_calendar.py.
2026-09-20 06:09:56,445 [WARNING] leadlag.core.market_calendar: No static holiday table for year 2010. Install jpholiday or update market_calendar.py.
2026-09-20 06:09:56,445 [WARNING] leadlag.core.market_calendar: No static holiday table for year 2010. Install jpholiday or update market_calendar.py.
2026-09-20 06:09:56,446 [WARNING] leadlag.core.market_calendar: No static holiday table for year 2010. Install jpholiday or update market_calendar.py.
2026-09-20 06:09:56,446 [WARNING] leadlag.core.market_calendar: No static holiday table for year 2010. Install jpholiday or update market_calendar.py.
2026-09-20 06:09:56,446 [WARNING] leadlag.core.market_calendar: No static holiday table for year 2010. Install jpholiday or update market_calendar.py.
2026-09-20 06:09:56,446 [WARNING] leadlag.core.market_calendar: No static holiday table for year 2010. Install jpholiday or update market_calendar.py.
2026-09-20 06:09:56,446 [WARNING] leadlag.core.market_calendar: No static holiday table for year 2010. Install jpholiday or update market_calendar.py.
2026-09-20 06:09:56,446 [WARNING] leadlag.core.market_calendar: No static holiday table for year 2010. Install jpholiday or update market_calendar.py.
2026-09-20 06:09:56,446 [WARNING] leadlag.core.market_calendar: No static holiday table for year 2010. Install jpholiday or update market_calendar.py.
2026-09-20 06:09:56,446 [WARNING] leadlag.core.market_calendar: No static holiday table for year 2010. Install jpholiday or update market_calendar.py.
2026-09-20 06:09:56,447 [WARNING] leadlag.core.market_calendar: No static holiday table for year 2010. Install jpholiday or update market_calendar.py.
2026-09-20 06:09:56,447 [WARNING] leadlag.core.market_calendar: No static holiday table for year 2010. Install jpholiday or update market_calendar.py.
2026-09-20 06:09:56,447 [WARNING] leadlag.core.market_calendar: No static holiday table for year 2010. Install jpholiday or update market_calendar.py.
2026-09-20 06:09:56,447 [WARNING] leadlag.core.market_calendar: No static holiday table for year 2010. Install jpholiday or update market_calendar.py.
2026-09-20 06:09:56,447 [WARNING] leadlag.core.market_calendar: No static holiday table for year 2010. Install jpholiday or update market_calendar.py.
2026-09-20 06:09:56,447 [WARNING] leadlag.core.market_calendar: No static holiday table for year 2010. Install jpholiday or update market_calendar.py.
2026-09-20 06:09:56,447 [WARNING] leadlag.core.market_calendar: No static holiday table for year 2010. Install jpholiday or update market_calendar.py.
2026-09-20 06:09:56,448 [WARNING] leadlag.core.market_calendar: No static holiday table for year 2010. Install jpholiday or update market_calendar.py.
2026-09-20 06:09:56,448 [WARNING] leadlag.core.market_calendar: No static holiday table for year 2010. Install jpholiday or update market_calendar.py.
2026-09-20 06:09:56,448 [WARNING] leadlag.core.market_calendar: No static holiday table for year 2010. Install jpholiday or update market_calendar.py.
2026-09-20 06:09:56,448 [WARNING] leadlag.core.market_calendar: No static holiday table for year 2010. Install jpholiday or update market_calendar.py.
2026-09-20 06:09:56,448 [WARNING] leadlag.core.market_calendar: No static holiday table for year 2010. Install jpholiday or update market_calendar.py.
2026-09-20 06:09:56,448 [WARNING] leadlag.core.market_calendar: No static holiday table for year 2010. Install jpholiday or update market_calendar.py.
2026-09-20 06:09:56,448 [WARNING] leadlag.core.market_calendar: No static holiday table for year 2010. Install jpholiday or update market_calendar.py.
2026-09-20 06:09:56,449 [WARNING] leadlag.core.market_calendar: No static holiday table for year 2010. Install jpholiday or update market_calendar.py.
2026-09-20 06:09:56,449 [WARNING] leadlag.core.market_calendar: No static holiday table for year 2010. Install jpholiday or update market_calendar.py.
2026-09-20 06:09:56,449 [WARNING] leadlag.core.market_calendar: No static holiday table for year 2010. Install jpholiday or update market_calendar.py.
2026-09-20 06:09:56,449 [WARNING] leadlag.core.market_calendar: No static holiday table for year 2010. Install jpholiday or update market_calendar.py.
2026-09-20 06:09:56,449 [WARNING] leadlag.core.market_calendar: No static holiday table for year 2010. Install jpholiday or update market_calendar.py.
2026-09-20 06:09:56,449 [WARNING] leadlag.core.market_calendar: No static holiday table for year 2010. Install jpholiday or update market_calendar.py.
2026-09-20 06:09:56,449 [WARNING] leadlag.core.market_calendar: No static holiday table for year 2010. Install jpholiday or update market_calendar.py.
2026-09-20 06:09:56,449 [WARNING] leadlag.core.market_calendar: No static holiday table for year 2010. Install jpholiday or update market_calendar.py.
2026-09-20 06:09:56,450 [WARNING] leadlag.core.market_calendar: No static holiday table for year 2010. Install jpholiday or update market_calendar.py.
2026-09-20 06:09:56,450 [WARNING] leadlag.core.market_calendar: No static holiday table for year 2010. Install jpholiday or update market_calendar.py.
2026-09-20 06:09:56,450 [WARNING] leadlag.core.market_calendar: No static holiday table for year 2010. Install jpholiday or update market_calendar.py.
2026-09-20 06:09:56,450 [WARNING] leadlag.core.market_calendar: No static holiday table for year 2010. Install jpholiday or update market_calendar.py.
2026-09-20 06:09:56,450 [WARNING] leadlag.core.market_calendar: No static holiday table for year 2010. Install jpholiday or update market_calendar.py.
2026-09-20 06:09:56,450 [WARNING] leadlag.core.market_calendar: No static holiday table for year 2011. Install jpholiday or update market_calendar.py.
2026-09-20 06:09:56,450 [WARNING] leadlag.core.market_calendar: No static holiday table for year 2011. Install jpholiday or update market_calendar.py.
2026-09-20 06:09:56,451 [WARNING] leadlag.core.market_calendar: No static holiday table for year 2011. Install jpholiday or update market_calendar.py.
2026-09-20 06:09:56,451 [WARNING] leadlag.core.market_calendar: No static holiday table for year 2011. Install jpholiday or update market_calendar.py.
2026-09-20 06:09:56,451 [WARNING] leadlag.core.market_calendar: No static holiday table for year 2011. Install jpholiday or update market_calendar.py.
2026-09-20 06:09:56,451 [WARNING] leadlag.core.market_calendar: No static holiday table for year 2011. Install jpholiday or update market_calendar.py.
2026-09-20 06:09:56,451 [WARNING] leadlag.core.market_calendar: No static holiday table for year 2011. Install jpholiday or update market_calendar.py.
2026-09-20 06:09:56,451 [WARNING] leadlag.core.market_calendar: No static holiday table for year 2011. Install jpholiday or update market_calendar.py.
2026-09-20 06:09:56,452 [WARNING] leadlag.core.market_calendar: No static holiday table for year 2011. Install jpholiday or update market_calendar.py.
2026-09-20 06:09:56,452 [WARNING] leadlag.core.market_calendar: No static holiday table for year 2011. Install jpholiday or update market_calendar.py.
2026-09-20 06:09:56,452 [WARNING] leadlag.core.market_calendar: No static holiday table for year 2011. Install jpholiday or update market_calendar.py.
2026-09-20 06:09:56,452 [WARNING] leadlag.core.market_calendar: No static holiday table for year 2011. Install jpholiday or update market_calendar.py.
2026-09-20 06:09:56,452 [WARNING] leadlag.core.market_calendar: No static holiday table for year 2011. Install jpholiday or update market_calendar.py.
2026-09-20 06:09:56,452 [WARNING] leadlag.core.market_calendar: No static holiday table for year 2011. Install jpholiday or update market_calendar.py.
2026-09-20 06:09:56,453 [WARNING] leadlag.core.market_calendar: No static holiday table for year 2011. Install jpholiday or update market_calendar.py.
2026-09-20 06:09:56,453 [WARNING] leadlag.core.market_calendar: No static holiday table for year 2011. Install jpholiday or update market_calendar.py.
2026-09-20 06:09:56,453 [WARNING] leadlag.core.market_calendar: No static holiday table for year 2011. Install jpholiday or update market_calendar.py.
2026-09-20 06:09:56,453 [WARNING] leadlag.core.market_calendar: No static holiday table for year 2011. Install jpholiday or update market_calendar.py.
2026-09-20 06:09:56,453 [WARNING] leadlag.core.market_calendar: No static holiday table for year 2011. Install jpholiday or update market_calendar.py.
2026-09-20 06:09:56,453 [WARNING] leadlag.core.market_calendar: No static holiday table for year 2011. Install jpholiday or update market_calendar.py.
2026-09-20 06:09:56,453 [WARNING] leadlag.core.market_calendar: No static holiday table for year 2011. Install jpholiday or update market_calendar.py.
2026-09-20 06:09:56,454 [WARNING] leadlag.core.market_calendar: No static holiday table for year 2011. Install jpholiday or update market_calendar.py.
2026-09-20 06:09:56,454 [WARNING] leadlag.core.market_calendar: No static holiday table for year 2011. Install jpholiday or update market_calendar.py.
2026-09-20 06:09:56,454 [WARNING] leadlag.core.market_calendar: No static holiday table for year 2011. Install jpholiday or update market_calendar.py.
2026-09-20 06:09:56,454 [WARNING] leadlag.core.market_calendar: No static holiday table for year 2011. Install jpholiday or update market_calendar.py.
2026-09-20 06:09:56,454 [WARNING] leadlag.core.market_calendar: No static holiday table for year 2011. Install jpholiday or update market_calendar.py.
2026-09-20 06:09:56,454 [WARNING] leadlag.core.market_calendar: No static holiday table for year 2011. Install jpholiday or update market_calendar.py.
2026-09-20 06:09:56,454 [WARNING] leadlag.core.market_calendar: No static holiday table for year 2011. Install jpholiday or update market_calendar.py.
2026-09-20 06:09:56,454 [WARNING] leadlag.core.market_calendar: No static holiday table for year 2011. Install jpholiday or update market_calendar.py.
2026-09-20 06:09:56,455 [WARNING] leadlag.core.market_calendar: No static holiday table for year 2011. Install jpholiday or update market_calendar.py.
2026-09-20 06:09:56,455 [WARNING] leadlag.core.market_calendar: No static holiday table for year 2011. Install jpholiday or update market_calendar.py.
2026-09-20 06:09:56,455 [WARNING] leadlag.core.market_calendar: No static holiday table for year 2011. Install jpholiday or update market_calendar.py.
2026-09-20 06:09:56,455 [WARNING] leadlag.core.market_calendar: No static holiday table for year 2011. Install jpholiday or update market_calendar.py.
2026-09-20 06:09:56,455 [WARNING] leadlag.core.market_calendar: No static holiday table for year 2011. Install jpholiday or update market_calendar.py.
2026-09-20 06:09:56,455 [WARNING] leadlag.core.market_calendar: No static holiday table for year 2011. Install jpholiday or update market_calendar.py.
2026-09-20 06:09:56,455 [WARNING] leadlag.core.market_calendar: No static holiday table for year 2011. Install jpholiday or update market_calendar.py.
2026-09-20 06:09:56,455 [WARNING] leadlag.core.market_calendar: No static holiday table for year 2011. Install jpholiday or update market_calendar.py.
2026-09-20 06:09:56,456 [WARNING] leadlag.core.market_calendar: No static holiday table for year 2011. Install jpholiday or update market_calendar.py.
2026-09-20 06:09:56,456 [WARNING] leadlag.core.market_calendar: No static holiday table for year 2011. Install jpholiday or update market_calendar.py.
2026-09-20 06:09:56,456 [WARNING] leadlag.core.market_calendar: No static holiday table for year 2011. Install jpholiday or update market_calendar.py.
2026-09-20 06:09:56,456 [WARNING] leadlag.core.market_calendar: No static holiday table for year 2011. Install jpholiday or update market_calendar.py.
2026-09-20 06:09:56,456 [WARNING] leadlag.core.market_calendar: No static holiday table for year 2011. Install jpholiday or update market_calendar.py.
2026-09-20 06:09:56,457 [WARNING] leadlag.core.market_calendar: No static holiday table for year 2011. Install jpholiday or update market_calendar.py.
2026-09-20 06:09:56,457 [WARNING] leadlag.core.market_calendar: No static holiday table for year 2011. Install jpholiday or update market_calendar.py.
2026-09-20 06:09:56,457 [WARNING] leadlag.core.market_calendar: No static holiday table for year 2011. Install jpholiday or update market_calendar.py.
2026-09-20 06:09:56,457 [WARNING] leadlag.core.market_calendar: No static holiday table for year 2011. Install jpholiday or update market_calendar.py.
2026-09-20 06:09:56,457 [WARNING] leadlag.core.market_calendar: No static holiday table for year 2011. Install jpholiday or update market_calendar.py.
2026-09-20 06:09:56,457 [WARNING] leadlag.core.market_calendar: No static holiday table for year 2011. Install jpholiday or update market_calendar.py.
2026-09-20 06:09:56,458 [WARNING] leadlag.core.market_calendar: No static holiday table for year 2011. Install jpholiday or update market_calendar.py.
2026-09-20 06:09:56,458 [WARNING] leadlag.core.market_calendar: No static holiday table for year 2011. Install jpholiday or update market_calendar.py.
2026-09-20 06:09:56,458 [WARNING] leadlag.core.market_calendar: No static holiday table for year 2011. Install jpholiday or update market_calendar.py.
2026-09-20 06:09:56,458 [WARNING] leadlag.core.market_calendar: No static holiday table for year 2011. Install jpholiday or update market_calendar.py.
2026-09-20 06:09:56,458 [WARNING] leadlag.core.market_calendar: No static holiday table for year 2011. Install jpholiday or update market_calendar.py.
2026-09-20 06:09:56,458 [WARNING] leadlag.core.market_calendar: No static holiday table for year 2011. Install jpholiday or update market_calendar.py.
2026-09-20 06:09:56,459 [WARNING] leadlag.core.market_calendar: No static holiday table for year 2011. Install jpholiday or update market_calendar.py.
2026-09-20 06:09:56,459 [WARNING] leadlag.core.market_calendar: No static holiday table for year 2011. Install jpholiday or update market_calendar.py.
2026-09-20 06:09:56,459 [WARNING] leadlag.core.market_calendar: No static holiday table for year 2011. Install jpholiday or update market_calendar.py.
2026-09-20 06:09:56,459 [WARNING] leadlag.core.market_calendar: No static holiday table for year 2011. Install jpholiday or update market_calendar.py.
2026-09-20 06:09:56,459 [WARNING] leadlag.core.market_calendar: No static holiday table for year 2011. Install jpholiday or update market_calendar.py.
2026-09-20 06:09:56,460 [WARNING] leadlag.core.market_calendar: No static holiday table for year 2011. Install jpholiday or update market_calendar.py.
2026-09-20 06:09:56,460 [WARNING] leadlag.core.market_calendar: No static holiday table for year 2011. Install jpholiday or update market_calendar.py.
2026-09-20 06:09:56,460 [WARNING] leadlag.core.market_calendar: No static holiday table for year 2011. Install jpholiday or update market_calendar.py.
2026-09-20 06:09:56,460 [WARNING] leadlag.core.market_calendar: No static holiday table for year 2011. Install jpholiday or update market_calendar.py.
2026-09-20 06:09:56,460 [WARNING] leadlag.core.market_calendar: No static holiday table for year 2011. Install jpholiday or update market_calendar.py.
2026-09-20 06:09:56,460 [WARNING] leadlag.core.market_calendar: No static holiday table for year 2011. Install jpholiday or update market_calendar.py.
2026-09-20 06:09:56,460 [WARNING] leadlag.core.market_calendar: No static holiday table for year 2011. Install jpholiday or update market_calendar.py.
2026-09-20 06:09:56,461 [WARNING] leadlag.core.market_calendar: No static holiday table for year 2011. Install jpholiday or update market_calendar.py.
2026-09-20 06:09:56,461 [WARNING] leadlag.core.market_calendar: No static holiday table for year 2011. Install jpholiday or update market_calendar.py.
2026-09-20 06:09:56,461 [WARNING] leadlag.core.market_calendar: No static holiday table for year 2011. Install jpholiday or update market_calendar.py.
2026-09-20 06:09:56,461 [WARNING] leadlag.core.market_calendar: No static holiday table for year 2011. Install jpholiday or update market_calendar.py.
2026-09-20 06:09:56,461 [WARNING] leadlag.core.market_calendar: No static holiday table for year 2011. Install jpholiday or update market_calendar.py.
2026-09-20 06:09:56,461 [WARNING] leadlag.core.market_calendar: No static holiday table for year 2011. Install jpholiday or update market_calendar.py.
2026-09-20 06:09:56,461 [WARNING] leadlag.core.market_calendar: No static holiday table for year 2011. Install jpholiday or update market_calendar.py.
2026-09-20 06:09:56,461 [WARNING] leadlag.core.market_calendar: No static holiday table for year 2011. Install jpholiday or update market_calendar.py.
2026-09-20 06:09:56,462 [WARNING] leadlag.core.market_calendar: No static holiday table for year 2011. Install jpholiday or update market_calendar.py.
2026-09-20 06:09:56,462 [WARNING] leadlag.core.market_calendar: No static holiday table for year 2011. Install jpholiday or update market_calendar.py.
2026-09-20 06:09:56,462 [WARNING] leadlag.core.market_calendar: No static holiday table for year 2011. Install jpholiday or update market_calendar.py.
2026-09-20 06:09:56,462 [WARNING] leadlag.core.market_calendar: No static holiday table for year 2011. Install jpholiday or update market_calendar.py.
2026-09-20 06:09:56,462 [WARNING] leadlag.core.market_calendar: No static holiday table for year 2011. Install jpholiday or update market_calendar.py.
2026-09-20 06:09:56,462 [WARNING] leadlag.core.market_calendar: No static holiday table for year 2011. Install jpholiday or update market_calendar.py.
2026-09-20 06:09:56,462 [WARNING] leadlag.core.market_calendar: No static holiday table for year 2011. Install jpholiday or update market_calendar.py.
2026-09-20 06:09:56,463 [WARNING] leadlag.core.market_calendar: No static holiday table for year 2011. Install jpholiday or update market_calendar.py.
2026-09-20 06:09:56,463 [WARNING] leadlag.core.market_calendar: No static holiday table for year 2011. Install jpholiday or update market_calendar.py.
2026-09-20 06:09:56,463 [WARNING] leadlag.core.market_calendar: No static holiday table for year 2011. Install jpholiday or update market_calendar.py.
2026-09-20 06:09:56,463 [WARNING] leadlag.core.market_calendar: No static holiday table for year 2011. Install jpholiday or update market_calendar.py.
2026-09-20 06:09:56,463 [WARNING] leadlag.core.market_calendar: No static holiday table for year 2011. Install jpholiday or update market_calendar.py.
2026-09-20 06:09:56,463 [WARNING] leadlag.core.market_calendar: No static holiday table for year 2011. Install jpholiday or update market_calendar.py.
2026-09-20 06:09:56,463 [WARNING] leadlag.core.market_calendar: No static holiday table for year 2011. Install jpholiday or update market_calendar.py.
2026-09-20 06:09:56,464 [WARNING] leadlag.core.market_calendar: No static holiday table for year 2011. Install jpholiday or update market_calendar.py.
2026-09-20 06:09:56,464 [WARNING] leadlag.core.market_calendar: No static holiday table for year 2011. Install jpholiday or update market_calendar.py.
2026-09-20 06:09:56,464 [WARNING] leadlag.core.market_calendar: No static holiday table for year 2011. Install jpholiday or update market_calendar.py.
2026-09-20 06:09:56,464 [WARNING] leadlag.core.market_calendar: No static holiday table for year 2011. Install jpholiday or update market_calendar.py.
2026-09-20 06:09:56,464 [WARNING] leadlag.core.market_calendar: No static holiday table for year 2011. Install jpholiday or update market_calendar.py.
2026-09-20 06:09:56,464 [WARNING] leadlag.core.market_calendar: No static holiday table for year 2011. Install jpholiday or update market_calendar.py.
2026-09-20 06:09:56,464 [WARNING] leadlag.core.market_calendar: No static holiday table for year 2011. Install jpholiday or update market_calendar.py.
2026-09-20 06:09:56,464 [WARNING] leadlag.core.market_calendar: No static holiday table for year 2011. Install jpholiday or update market_calendar.py.
2026-09-20 06:09:56,465 [WARNING] leadlag.core.market_calendar: No static holiday table for year 2011. Install jpholiday or update market_calendar.py.
2026-09-20 06:09:56,465 [WARNING] leadlag.core.market_calendar: No static holiday table for year 2011. Install jpholiday or update market_calendar.py.
2026-09-20 06:09:56,465 [WARNING] leadlag.core.market_calendar: No static holiday table for year 2011. Install jpholiday or update market_calendar.py.
2026-09-20 06:09:56,465 [WARNING] leadlag.core.market_calendar: No static holiday table for year 2011. Install jpholiday or update market_calendar.py.
2026-09-20 06:09:56,465 [WARNING] leadlag.core.market_calendar: No static holiday table for year 2011. Install jpholiday or update market_calendar.py.
2026-09-20 06:09:56,465 [WARNING] leadlag.core.market_calendar: No static holiday table for year 2011. Install jpholiday or update market_calendar.py.
2026-09-20 06:09:56,465 [WARNING] leadlag.core.market_calendar: No static holiday table for year 2011. Install jpholiday or update market_calendar.py.
2026-09-20 06:09:56,466 [WARNING] leadlag.core.market_calendar: No static holiday table for year 2011. Install jpholiday or update market_calendar.py.
2026-09-20 06:09:56,466 [WARNING] leadlag.core.market_calendar: No static holiday table for year 2011. Install jpholiday or update market_calendar.py.
2026-09-20 06:09:56,466 [WARNING] leadlag.core.market_calendar: No static holiday table for year 2011. Install jpholiday or update market_calendar.py.
2026-09-20 06:09:56,466 [WARNING] leadlag.core.market_calendar: No static holiday table for year 2011. Install jpholiday or update market_calendar.py.
2026-09-20 06:09:56,466 [WARNING] leadlag.core.market_calendar: No static holiday table for year 2011. Install jpholiday or update market_calendar.py.
2026-09-20 06:09:56,466 [WARNING] leadlag.core.market_calendar: No static holiday table for year 2011. Install jpholiday or update market_calendar.py.
2026-09-20 06:09:56,466 [WARNING] leadlag.core.market_calendar: No static holiday table for year 2011. Install jpholiday or update market_calendar.py.
2026-09-20 06:09:56,467 [WARNING] leadlag.core.market_calendar: No static holiday table for year 2011. Install jpholiday or update market_calendar.py.
2026-09-20 06:09:56,467 [WARNING] leadlag.core.market_calendar: No static holiday table for year 2011. Install jpholiday or update market_calendar.py.
2026-09-20 06:09:56,467 [WARNING] leadlag.core.market_calendar: No static holiday table for year 2011. Install jpholiday or update market_calendar.py.
2026-09-20 06:09:56,467 [WARNING] leadlag.core.market_calendar: No static holiday table for year 2011. Install jpholiday or update market_calendar.py.
2026-09-20 06:09:56,467 [WARNING] leadlag.core.market_calendar: No static holiday table for year 2011. Install jpholiday or update market_calendar.py.
2026-09-20 06:09:56,467 [WARNING] leadlag.core.market_calendar: No static holiday table for year 2011. Install jpholiday or update market_calendar.py.
2026-09-20 06:09:56,467 [WARNING] leadlag.core.market_calendar: No static holiday table for year 2011. Install jpholiday or update market_calendar.py.
2026-09-20 06:09:56,467 [WARNING] leadlag.core.market_calendar: No static holiday table for year 2011. Install jpholiday or update market_calendar.py.
2026-09-20 06:09:56,468 [WARNING] leadlag.core.market_calendar: No static holiday table for year 2011. Install jpholiday or update market_calendar.py.
2026-09-20 06:09:56,468 [WARNING] leadlag.core.market_calendar: No static holiday table for year 2011. Install jpholiday or update market_calendar.py.
2026-09-20 06:09:56,468 [WARNING] leadlag.core.market_calendar: No static holiday table for year 2011. Install jpholiday or update market_calendar.py.
2026-09-20 06:09:56,468 [WARNING] leadlag.core.market_calendar: No static holiday table for year 2011. Install jpholiday or update market_calendar.py.
2026-09-20 06:09:56,468 [WARNING] leadlag.core.market_calendar: No static holiday table for year 2011. Install jpholiday or update market_calendar.py.
2026-09-20 06:09:56,468 [WARNING] leadlag.core.market_calendar: No static holiday table for year 2011. Install jpholiday or update market_calendar.py.
2026-09-20 06:09:56,469 [WARNING] leadlag.core.market_calendar: No static holiday table for year 2011. Install jpholiday or update market_calendar.py.
2026-09-20 06:09:56,469 [WARNING] leadlag.core.market_calendar: No static holiday table for year 2011. Install jpholiday or update market_calendar.py.
2026-09-20 06:09:56,469 [WARNING] leadlag.core.market_calendar: No static holiday table for year 2011. Install jpholiday or update market_calendar.py.
2026-09-20 06:09:56,469 [WARNING] leadlag.core.market_calendar: No static holiday table for year 2011. Install jpholiday or update market_calendar.py.
2026-09-20 06:09:56,469 [WARNING] leadlag.core.market_calendar: No static holiday table for year 2011. Install jpholiday or update market_calendar.py.
2026-09-20 06:09:56,469 [WARNING] leadlag.core.market_calendar: No static holiday table for year 2011. Install jpholiday or update market_calendar.py.
2026-09-20 06:09:56,469 [WARNING] leadlag.core.market_calendar: No static holiday table for year 2011. Install jpholiday or update market_calendar.py.
2026-09-20 06:09:56,470 [WARNING] leadlag.core.market_calendar: No static holiday table for year 2011. Install jpholiday or update market_calendar.py.
2026-09-20 06:09:56,470 [WARNING] leadlag.core.market_calendar: No static holiday table for year 2011. Install jpholiday or update market_calendar.py.
2026-09-20 06:09:56,470 [WARNING] leadlag.core.market_calendar: No static holiday table for year 2011. Install jpholiday or update market_calendar.py.
2026-09-20 06:09:56,470 [WARNING] leadlag.core.market_calendar: No static holiday table for year 2011. Install jpholiday or update market_calendar.py.
2026-09-20 06:09:56,470 [WARNING] leadlag.core.market_calendar: No static holiday table for year 2011. Install jpholiday or update market_calendar.py.
2026-09-20 06:09:56,470 [WARNING] leadlag.core.market_calendar: No static holiday table for year 2011. Install jpholiday or update market_calendar.py.
2026-09-20 06:09:56,470 [WARNING] leadlag.core.market_calendar: No static holiday table for year 2011. Install jpholiday or update market_calendar.py.
2026-09-20 06:09:56,471 [WARNING] leadlag.core.market_calendar: No static holiday table for year 2011. Install jpholiday or update market_calendar.py.
2026-09-20 06:09:56,471 [WARNING] leadlag.core.market_calendar: No static holiday table for year 2011. Install jpholiday or update market_calendar.py.
2026-09-20 06:09:56,471 [WARNING] leadlag.core.market_calendar: No static holiday table for year 2011. Install jpholiday or update market_calendar.py.
2026-09-20 06:09:56,471 [WARNING] leadlag.core.market_calendar: No static holiday table for year 2011. Install jpholiday or update market_calendar.py.
2026-09-20 06:09:56,471 [WARNING] leadlag.core.market_calendar: No static holiday table for year 2011. Install jpholiday or update market_calendar.py.
2026-09-20 06:09:56,471 [WARNING] leadlag.core.market_calendar: No static holiday table for year 2011. Install jpholiday or update market_calendar.py.
2026-09-20 06:09:56,471 [WARNING] leadlag.core.market_calendar: No static holiday table for year 2011. Install jpholiday or update market_calendar.py.
2026-09-20 06:09:56,472 [WARNING] leadlag.core.market_calendar: No static holiday table for year 2011. Install jpholiday or update market_calendar.py.
2026-09-20 06:09:56,472 [WARNING] leadlag.core.market_calendar: No static holiday table for year 2011. Install jpholiday or update market_calendar.py.
2026-09-20 06:09:56,472 [WARNING] leadlag.core.market_calendar: No static holiday table for year 2011. Install jpholiday or update market_calendar.py.
2026-09-20 06:09:56,472 [WARNING] leadlag.core.market_calendar: No static holiday table for year 2011. Install jpholiday or update market_calendar.py.
2026-09-20 06:09:56,472 [WARNING] leadlag.core.market_calendar: No static holiday table for year 2011. Install jpholiday or update market_calendar.py.
2026-09-20 06:09:56,472 [WARNING] leadlag.core.market_calendar: No static holiday table for year 2011. Install jpholiday or update market_calendar.py.
2026-09-20 06:09:56,472 [WARNING] leadlag.core.market_calendar: No static holiday table for year 2011. Install jpholiday or update market_calendar.py.
2026-09-20 06:09:56,473 [WARNING] leadlag.core.market_calendar: No static holiday table for year 2011. Install jpholiday or update market_calendar.py.
2026-09-20 06:09:56,473 [WARNING] leadlag.core.market_calendar: No static holiday table for year 2011. Install jpholiday or update market_calendar.py.
2026-09-20 06:09:56,473 [WARNING] leadlag.core.market_calendar: No static holiday table for year 2011. Install jpholiday or update market_calendar.py.
2026-09-20 06:09:56,473 [WARNING] leadlag.core.market_calendar: No static holiday table for year 2011. Install jpholiday or update market_calendar.py.
2026-09-20 06:09:56,473 [WARNING] leadlag.core.market_calendar: No static holiday table for year 2011. Install jpholiday or update market_calendar.py.
2026-09-20 06:09:56,473 [WARNING] leadlag.core.market_calendar: No static holiday table for year 2011. Install jpholiday or update market_calendar.py.
2026-09-20 06:09:56,473 [WARNING] leadlag.core.market_calendar: No static holiday table for year 2011. Install jpholiday or update market_calendar.py.
2026-09-20 06:09:56,473 [WARNING] leadlag.core.market_calendar: No static holiday table for year 2011. Install jpholiday or update market_calendar.py.
2026-09-20 06:09:56,474 [WARNING] leadlag.core.market_calendar: No static holiday table for year 2011. Install jpholiday or update market_calendar.py.
2026-09-20 06:09:56,474 [WARNING] leadlag.core.market_calendar: No static holiday table for year 2011. Install jpholiday or update market_calendar.py.
2026-09-20 06:09:56,474 [WARNING] leadlag.core.market_calendar: No static holiday table for year 2011. Install jpholiday or update market_calendar.py.
2026-09-20 06:09:56,474 [WARNING] leadlag.core.market_calendar: No static holiday table for year 2011. Install jpholiday or update market_calendar.py.
2026-09-20 06:09:56,474 [WARNING] leadlag.core.market_calendar: No static holiday table for year 2011. Install jpholiday or update market_calendar.py.
2026-09-20 06:09:56,474 [WARNING] leadlag.core.market_calendar: No static holiday table for year 2011. Install jpholiday or update market_calendar.py.
2026-09-20 06:09:56,475 [WARNING] leadlag.core.market_calendar: No static holiday table for year 2011. Install jpholiday or update market_calendar.py.
2026-09-20 06:09:56,475 [WARNING] leadlag.core.market_calendar: No static holiday table for year 2011. Install jpholiday or update market_calendar.py.
2026-09-20 06:09:56,475 [WARNING] leadlag.core.market_calendar: No static holiday table for year 2011. Install jpholiday or update market_calendar.py.
2026-09-20 06:09:56,475 [WARNING] leadlag.core.market_calendar: No static holiday table for year 2011. Install jpholiday or update market_calendar.py.
2026-09-20 06:09:56,475 [WARNING] leadlag.core.market_calendar: No static holiday table for year 2011. Install jpholiday or update market_calendar.py.
2026-09-20 06:09:56,475 [WARNING] leadlag.core.market_calendar: No static holiday table for year 2011. Install jpholiday or update market_calendar.py.
2026-09-20 06:09:56,476 [WARNING] leadlag.core.market_calendar: No static holiday table for year 2011. Install jpholiday or update market_calendar.py.
2026-09-20 06:09:56,476 [WARNING] leadlag.core.market_calendar: No static holiday table for year 2011. Install jpholiday or update market_calendar.py.
2026-09-20 06:09:56,476 [WARNING] leadlag.core.market_calendar: No static holiday table for year 2011. Install jpholiday or update market_calendar.py.
2026-09-20 06:09:56,476 [WARNING] leadlag.core.market_calendar: No static holiday table for year 2011. Install jpholiday or update market_calendar.py.
2026-09-20 06:09:56,476 [WARNING] leadlag.core.market_calendar: No static holiday table for year 2011. Install jpholiday or update market_calendar.py.
2026-09-20 06:09:56,477 [WARNING] leadlag.core.market_calendar: No static holiday table for year 2011. Install jpholiday or update market_calendar.py.
2026-09-20 06:09:56,477 [WARNING] leadlag.core.market_calendar: No static holiday table for year 2011. Install jpholiday or update market_calendar.py.
2026-09-20 06:09:56,477 [WARNING] leadlag.core.market_calendar: No static holiday table for year 2011. Install jpholiday or update market_calendar.py.
2026-09-20 06:09:56,477 [WARNING] leadlag.core.market_calendar: No static holiday table for year 2011. Install jpholiday or update market_calendar.py.
2026-09-20 06:09:56,477 [WARNING] leadlag.core.market_calendar: No static holiday table for year 2011. Install jpholiday or update market_calendar.py.
2026-09-20 06:09:56,478 [WARNING] leadlag.core.market_calendar: No static holiday table for year 2011. Install jpholiday or update market_calendar.py.
2026-09-20 06:09:56,478 [WARNING] leadlag.core.market_calendar: No static holiday table for year 2011. Install jpholiday or update market_calendar.py.
2026-09-20 06:09:56,478 [WARNING] leadlag.core.market_calendar: No static holiday table for year 2011. Install jpholiday or update market_calendar.py.
2026-09-20 06:09:56,478 [WARNING] leadlag.core.market_calendar: No static holiday table for year 2011. Install jpholiday or update market_calendar.py.
2026-09-20 06:09:56,478 [WARNING] leadlag.core.market_calendar: No static holiday table for year 2011. Install jpholiday or update market_calendar.py.
2026-09-20 06:09:56,478 [WARNING] leadlag.core.market_calendar: No static holiday table for year 2011. Install jpholiday or update market_calendar.py.
2026-09-20 06:09:56,478 [WARNING] leadlag.core.market_calendar: No static holiday table for year 2011. Install jpholiday or update market_calendar.py.
2026-09-20 06:09:56,479 [WARNING] leadlag.core.market_calendar: No static holiday table for year 2011. Install jpholiday or update market_calendar.py.
2026-09-20 06:09:56,479 [WARNING] leadlag.core.market_calendar: No static holiday table for year 2011. Install jpholiday or update market_calendar.py.
2026-09-20 06:09:56,479 [WARNING] leadlag.core.market_calendar: No static holiday table for year 2011. Install jpholiday or update market_calendar.py.
2026-09-20 06:09:56,479 [WARNING] leadlag.core.market_calendar: No static holiday table for year 2011. Install jpholiday or update market_calendar.py.
2026-09-20 06:09:56,479 [WARNING] leadlag.core.market_calendar: No static holiday table for year 2011. Install jpholiday or update market_calendar.py.
2026-09-20 06:09:56,479 [WARNING] leadlag.core.market_calendar: No static holiday table for year 2011. Install jpholiday or update market_calendar.py.
2026-09-20 06:09:56,480 [WARNING] leadlag.core.market_calendar: No static holiday table for year 2011. Install jpholiday or update market_calendar.py.
2026-09-20 06:09:56,480 [WARNING] leadlag.core.market_calendar: No static holiday table for year 2011. Install jpholiday or update market_calendar.py.
2026-09-20 06:09:56,480 [WARNING] leadlag.core.market_calendar: No static holiday table for year 2011. Install jpholiday or update market_calendar.py.
2026-09-20 06:09:56,480 [WARNING] leadlag.core.market_calendar: No static holiday table for year 2011. Install jpholiday or update market_calendar.py.
2026-09-20 06:09:56,480 [WARNING] leadlag.core.market_calendar: No static holiday table for year 2011. Install jpholiday or update market_calendar.py.
2026-09-20 06:09:56,480 [WARNING] leadlag.core.market_calendar: No static holiday table for year 2011. Install jpholiday or update market_calendar.py.
2026-09-20 06:09:56,481 [WARNING] leadlag.core.market_calendar: No static holiday table for year 2011. Install jpholiday or update market_calendar.py.
2026-09-20 06:09:56,481 [WARNING] leadlag.core.market_calendar: No static holiday table for year 2011. Install jpholiday or update market_calendar.py.
2026-09-20 06:09:56,481 [WARNING] leadlag.core.market_calendar: No static holiday table for year 2011. Install jpholiday or update market_calendar.py.
2026-09-20 06:09:56,481 [WARNING] leadlag.core.market_calendar: No static holiday table for year 2011. Install jpholiday or update market_calendar.py.
2026-09-20 06:09:56,481 [WARNING] leadlag.core.market_calendar: No static holiday table for year 2011. Install jpholiday or update market_calendar.py.
2026-09-20 06:09:56,481 [WARNING] leadlag.core.market_calendar: No static holiday table for year 2011. Install jpholiday or update market_calendar.py.
2026-09-20 06:09:56,481 [WARNING] leadlag.core.market_calendar: No static holiday table for year 2011. Install jpholiday or update market_calendar.py.
2026-09-20 06:09:56,482 [WARNING] leadlag.core.market_calendar: No static holiday table for year 2011. Install jpholiday or update market_calendar.py.
2026-09-20 06:09:56,482 [WARNING] leadlag.core.market_calendar: No static holiday table for year 2011. Install jpholiday or update market_calendar.py.
2026-09-20 06:09:56,482 [WARNING] leadlag.core.market_calendar: No static holiday table for year 2011. Install jpholiday or update market_calendar.py.
2026-09-20 06:09:56,482 [WARNING] leadlag.core.market_calendar: No static holiday table for year 2011. Install jpholiday or update market_calendar.py.
2026-09-20 06:09:56,482 [WARNING] leadlag.core.market_calendar: No static holiday table for year 2011. Install jpholiday or update market_calendar.py.
2026-09-20 06:09:56,482 [WARNING] leadlag.core.market_calendar: No static holiday table for year 2011. Install jpholiday or update market_calendar.py.
2026-09-20 06:09:56,482 [WARNING] leadlag.core.market_calendar: No static holiday table for year 2011. Install jpholiday or update market_calendar.py.
2026-09-20 06:09:56,482 [WARNING] leadlag.core.market_calendar: No static holiday table for year 2011. Install jpholiday or update market_calendar.py.
2026-09-20 06:09:56,483 [WARNING] leadlag.core.market_calendar: No static holiday table for year 2011. Install jpholiday or update market_calendar.py.
2026-09-20 06:09:56,483 [WARNING] leadlag.core.market_calendar: No static holiday table for year 2011. Install jpholiday or update market_calendar.py.
2026-09-20 06:09:56,483 [WARNING] leadlag.core.market_calendar: No static holiday table for year 2011. Install jpholiday or update market_calendar.py.
2026-09-20 06:09:56,483 [WARNING] leadlag.core.market_calendar: No static holiday table for year 2011. Install jpholiday or update market_calendar.py.
2026-09-20 06:09:56,483 [WARNING] leadlag.core.market_calendar: No static holiday table for year 2011. Install jpholiday or update market_calendar.py.
2026-09-20 06:09:56,483 [WARNING] leadlag.core.market_calendar: No static holiday table for year 2011. Install jpholiday or update market_calendar.py.
2026-09-20 06:09:56,483 [WARNING] leadlag.core.market_calendar: No static holiday table for year 2011. Install jpholiday or update market_calendar.py.
2026-09-20 06:09:56,484 [WARNING] leadlag.core.market_calendar: No static holiday table for year 2011. Install jpholiday or update market_calendar.py.
2026-09-20 06:09:56,484 [WARNING] leadlag.core.market_calendar: No static holiday table for year 2011. Install jpholiday or update market_calendar.py.
2026-09-20 06:09:56,484 [WARNING] leadlag.core.market_calendar: No static holiday table for year 2011. Install jpholiday or update market_calendar.py.
2026-09-20 06:09:56,484 [WARNING] leadlag.core.market_calendar: No static holiday table for year 2011. Install jpholiday or update market_calendar.py.
2026-09-20 06:09:56,484 [WARNING] leadlag.core.market_calendar: No static holiday table for year 2011. Install jpholiday or update market_calendar.py.
2026-09-20 06:09:56,484 [WARNING] leadlag.core.market_calendar: No static holiday table for year 2011. Install jpholiday or update market_calendar.py.
2026-09-20 06:09:56,484 [WARNING] leadlag.core.market_calendar: No static holiday table for year 2011. Install jpholiday or update market_calendar.py.
2026-09-20 06:09:56,485 [WARNING] leadlag.core.market_calendar: No static holiday table for year 2011. Install jpholiday or update market_calendar.py.
2026-09-20 06:09:56,485 [WARNING] leadlag.core.market_calendar: No static holiday table for year 2011. Install jpholiday or update market_calendar.py.
2026-09-20 06:09:56,485 [WARNING] leadlag.core.market_calendar: No static holiday table for year 2011. Install jpholiday or update market_calendar.py.
2026-09-20 06:09:56,485 [WARNING] leadlag.core.market_calendar: No static holiday table for year 2011. Install jpholiday or update market_calendar.py.
2026-09-20 06:09:56,485 [WARNING] leadlag.core.market_calendar: No static holiday table for year 2011. Install jpholiday or update market_calendar.py.
2026-09-20 06:09:56,485 [WARNING] leadlag.core.market_calendar: No static holiday table for year 2011. Install jpholiday or update market_calendar.py.
2026-09-20 06:09:56,485 [WARNING] leadlag.core.market_calendar: No static holiday table for year 2011. Install jpholiday or update market_calendar.py.
2026-09-20 06:09:56,486 [WARNING] leadlag.core.market_calendar: No static holiday table for year 2011. Install jpholiday or update market_calendar.py.
2026-09-20 06:09:56,486 [WARNING] leadlag.core.market_calendar: No static holiday table for year 2011. Install jpholiday or update market_calendar.py.
2026-09-20 06:09:56,486 [WARNING] leadlag.core.market_calendar: No static holiday table for year 2011. Install jpholiday or update market_calendar.py.
2026-09-20 06:09:56,486 [WARNING] leadlag.core.market_calendar: No static holiday table for year 2011. Install jpholiday or update market_calendar.py.
2026-09-20 06:09:56,486 [WARNING] leadlag.core.market_calendar: No static holiday table for year 2011. Install jpholiday or update market_calendar.py.
2026-09-20 06:09:56,486 [WARNING] leadlag.core.market_calendar: No static holiday table for year 2011. Install jpholiday or update market_calendar.py.
2026-09-20 06:09:56,486 [WARNING] leadlag.core.market_calendar: No static holiday table for year 2011. Install jpholiday or update market_calendar.py.
2026-09-20 06:09:56,487 [WARNING] leadlag.core.market_calendar: No static holiday table for year 2011. Install jpholiday or update market_calendar.py.
2026-09-20 06:09:56,487 [WARNING] leadlag.core.market_calendar: No static holiday table for year 2012. Install jpholiday or update market_calendar.py.
2026-09-20 06:09:56,487 [WARNING] leadlag.core.market_calendar: No static holiday table for year 2012. Install jpholiday or update market_calendar.py.
2026-09-20 06:09:56,487 [WARNING] leadlag.core.market_calendar: No static holiday table for year 2012. Install jpholiday or update market_calendar.py.
2026-09-20 06:09:56,487 [WARNING] leadlag.core.market_calendar: No static holiday table for year 2012. Install jpholiday or update market_calendar.py.
2026-09-20 06:09:56,487 [WARNING] leadlag.core.market_calendar: No static holiday table for year 2012. Install jpholiday or update market_calendar.py.
2026-09-20 06:09:56,487 [WARNING] leadlag.core.market_calendar: No static holiday table for year 2012. Install jpholiday or update market_calendar.py.
2026-09-20 06:09:56,488 [WARNING] leadlag.core.market_calendar: No static holiday table for year 2012. Install jpholiday or update market_calendar.py.
2026-09-20 06:09:56,488 [WARNING] leadlag.core.market_calendar: No static holiday table for year 2012. Install jpholiday or update market_calendar.py.
2026-09-20 06:09:56,488 [WARNING] leadlag.core.market_calendar: No static holiday table for year 2012. Install jpholiday or update market_calendar.py.
2026-09-20 06:09:56,488 [WARNING] leadlag.core.market_calendar: No static holiday table for year 2012. Install jpholiday or update market_calendar.py.
2026-09-20 06:09:56,488 [WARNING] leadlag.core.market_calendar: No static holiday table for year 2012. Install jpholiday or update market_calendar.py.
2026-09-20 06:09:56,488 [WARNING] leadlag.core.market_calendar: No static holiday table for year 2012. Install jpholiday or update market_calendar.py.
2026-09-20 06:09:56,489 [WARNING] leadlag.core.market_calendar: No static holiday table for year 2012. Install jpholiday or update market_calendar.py.
2026-09-20 06:09:56,489 [WARNING] leadlag.core.market_calendar: No static holiday table for year 2012. Install jpholiday or update market_calendar.py.
2026-09-20 06:09:56,489 [WARNING] leadlag.core.market_calendar: No static holiday table for year 2012. Install jpholiday or update market_calendar.py.
2026-09-20 06:09:56,489 [WARNING] leadlag.core.market_calendar: No static holiday table for year 2012. Install jpholiday or update market_calendar.py.
2026-09-20 06:09:56,489 [WARNING] leadlag.core.market_calendar: No static holiday table for year 2012. Install jpholiday or update market_calendar.py.
2026-09-20 06:09:56,489 [WARNING] leadlag.core.market_calendar: No static holiday table for year 2012. Install jpholiday or update market_calendar.py.
2026-09-20 06:09:56,489 [WARNING] leadlag.core.market_calendar: No static holiday table for year 2012. Install jpholiday or update market_calendar.py.
2026-09-20 06:09:56,490 [WARNING] leadlag.core.market_calendar: No static holiday table for year 2012. Install jpholiday or update market_calendar.py.
2026-09-20 06:09:56,490 [WARNING] leadlag.core.market_calendar: No static holiday table for year 2012. Install jpholiday or update market_calendar.py.
2026-09-20 06:09:56,490 [WARNING] leadlag.core.market_calendar: No static holiday table for year 2012. Install jpholiday or update market_calendar.py.
2026-09-20 06:09:56,490 [WARNING] leadlag.core.market_calendar: No static holiday table for year 2012. Install jpholiday or update market_calendar.py.
2026-09-20 06:09:56,490 [WARNING] leadlag.core.market_calendar: No static holiday table for year 2012. Install jpholiday or update market_calendar.py.
2026-09-20 06:09:56,490 [WARNING] leadlag.core.market_calendar: No static holiday table for year 2012. Install jpholiday or update market_calendar.py.
2026-09-20 06:09:56,490 [WARNING] leadlag.core.market_calendar: No static holiday table for year 2012. Install jpholiday or update market_calendar.py.
2026-09-20 06:09:56,491 [WARNING] leadlag.core.market_calendar: No static holiday table for year 2012. Install jpholiday or update market_calendar.py.
2026-09-20 06:09:56,491 [WARNING] leadlag.core.market_calendar: No static holiday table for year 2012. Install jpholiday or update market_calendar.py.
2026-09-20 06:09:56,491 [WARNING] leadlag.core.market_calendar: No static holiday table for year 2012. Install jpholiday or update market_calendar.py.
2026-09-20 06:09:56,491 [WARNING] leadlag.core.market_calendar: No static holiday table for year 2012. Install jpholiday or update market_calendar.py.
2026-09-20 06:09:56,491 [WARNING] leadlag.core.market_calendar: No static holiday table for year 2012. Install jpholiday or update market_calendar.py.
2026-09-20 06:09:56,491 [WARNING] leadlag.core.market_calendar: No static holiday table for year 2012. Install jpholiday or update market_calendar.py.
2026-09-20 06:09:56,491 [WARNING] leadlag.core.market_calendar: No static holiday table for year 2012. Install jpholiday or update market_calendar.py.
2026-09-20 06:09:56,491 [WARNING] leadlag.core.market_calendar: No static holiday table for year 2012. Install jpholiday or update market_calendar.py.
2026-09-20 06:09:56,492 [WARNING] leadlag.core.market_calendar: No static holiday table for year 2012. Install jpholiday or update market_calendar.py.
2026-09-20 06:09:56,492 [WARNING] leadlag.core.market_calendar: No static holiday table for year 2012. Install jpholiday or update market_calendar.py.
2026-09-20 06:09:56,492 [WARNING] leadlag.core.market_calendar: No static holiday table for year 2012. Install jpholiday or update market_calendar.py.
2026-09-20 06:09:56,492 [WARNING] leadlag.core.market_calendar: No static holiday table for year 2012. Install jpholiday or update market_calendar.py.
2026-09-20 06:09:56,492 [WARNING] leadlag.core.market_calendar: No static holiday table for year 2012. Install jpholiday or update market_calendar.py.
2026-09-20 06:09:56,492 [WARNING] leadlag.core.market_calendar: No static holiday table for year 2012. Install jpholiday or update market_calendar.py.
2026-09-20 06:09:56,492 [WARNING] leadlag.core.market_calendar: No static holiday table for year 2012. Install jpholiday or update market_calendar.py.
2026-09-20 06:09:56,493 [WARNING] leadlag.core.market_calendar: No static holiday table for year 2012. Install jpholiday or update market_calendar.py.
2026-09-20 06:09:56,493 [WARNING] leadlag.core.market_calendar: No static holiday table for year 2012. Install jpholiday or update market_calendar.py.
2026-09-20 06:09:56,493 [WARNING] leadlag.core.market_calendar: No static holiday table for year 2012. Install jpholiday or update market_calendar.py.
2026-09-20 06:09:56,493 [WARNING] leadlag.core.market_calendar: No static holiday table for year 2012. Install jpholiday or update market_calendar.py.
2026-09-20 06:09:56,493 [WARNING] leadlag.core.market_calendar: No static holiday table for year 2012. Install jpholiday or update market_calendar.py.
2026-09-20 06:09:56,494 [WARNING] leadlag.core.market_calendar: No static holiday table for year 2012. Install jpholiday or update market_calendar.py.
2026-09-20 06:09:56,494 [WARNING] leadlag.core.market_calendar: No static holiday table for year 2012. Install jpholiday or update market_calendar.py.
2026-09-20 06:09:56,494 [WARNING] leadlag.core.market_calendar: No static holiday table for year 2012. Install jpholiday or update market_calendar.py.
2026-09-20 06:09:56,494 [WARNING] leadlag.core.market_calendar: No static holiday table for year 2012. Install jpholiday or update market_calendar.py.
2026-09-20 06:09:56,494 [WARNING] leadlag.core.market_calendar: No static holiday table for year 2012. Install jpholiday or update market_calendar.py.
2026-09-20 06:09:56,494 [WARNING] leadlag.core.market_calendar: No static holiday table for year 2012. Install jpholiday or update market_calendar.py.
2026-09-20 06:09:56,495 [WARNING] leadlag.core.market_calendar: No static holiday table for year 2012. Install jpholiday or update market_calendar.py.
2026-09-20 06:09:56,495 [WARNING] leadlag.core.market_calendar: No static holiday table for year 2012. Install jpholiday or update market_calendar.py.
2026-09-20 06:09:56,495 [WARNING] leadlag.core.market_calendar: No static holiday table for year 2012. Install jpholiday or update market_calendar.py.
2026-09-20 06:09:56,495 [WARNING] leadlag.core.market_calendar: No static holiday table for year 2012. Install jpholiday or update market_calendar.py.
2026-09-20 06:09:56,495 [WARNING] leadlag.core.market_calendar: No static holiday table for year 2012. Install jpholiday or update market_calendar.py.
2026-09-20 06:09:56,496 [WARNING] leadlag.core.market_calendar: No static holiday table for year 2012. Install jpholiday or update market_calendar.py.
2026-09-20 06:09:56,496 [WARNING] leadlag.core.market_calendar: No static holiday table for year 2012. Install jpholiday or update market_calendar.py.
2026-09-20 06:09:56,496 [WARNING] leadlag.core.market_calendar: No static holiday table for year 2012. Install jpholiday or update market_calendar.py.
2026-09-20 06:09:56,496 [WARNING] leadlag.core.market_calendar: No static holiday table for year 2012. Install jpholiday or update market_calendar.py.
2026-09-20 06:09:56,496 [WARNING] leadlag.core.market_calendar: No static holiday table for year 2012. Install jpholiday or update market_calendar.py.
2026-09-20 06:09:56,496 [WARNING] leadlag.core.market_calendar: No static holiday table for year 2012. Install jpholiday or update market_calendar.py.
2026-09-20 06:09:56,497 [WARNING] leadlag.core.market_calendar: No static holiday table for year 2012. Install jpholiday or update market_calendar.py.
2026-09-20 06:09:56,497 [WARNING] leadlag.core.market_calendar: No static holiday table for year 2012. Install jpholiday or update market_calendar.py.
2026-09-20 06:09:56,497 [WARNING] leadlag.core.market_calendar: No static holiday table for year 2012. Install jpholiday or update market_calendar.py.
2026-09-20 06:09:56,497 [WARNING] leadlag.core.market_calendar: No static holiday table for year 2012. Install jpholiday or update market_calendar.py.
2026-09-20 06:09:56,497 [WARNING] leadlag.core.market_calendar: No static holiday table for year 2012. Install jpholiday or update market_calendar.py.
2026-09-20 06:09:56,497 [WARNING] leadlag.core.market_calendar: No static holiday table for year 2012. Install jpholiday or update market_calendar.py.
2026-09-20 06:09:56,497 [WARNING] leadlag.core.market_calendar: No static holiday table for year 2012. Install jpholiday or update market_calendar.py.
2026-09-20 06:09:56,498 [WARNING] leadlag.core.market_calendar: No static holiday table for year 2012. Install jpholiday or update market_calendar.py.
2026-09-20 06:09:56,498 [WARNING] leadlag.core.market_calendar: No static holiday table for year 2012. Install jpholiday or update market_calendar.py.
2026-09-20 06:09:56,498 [WARNING] leadlag.core.market_calendar: No static holiday table for year 2012. Install jpholiday or update market_calendar.py.
2026-09-20 06:09:56,498 [WARNING] leadlag.core.market_calendar: No static holiday table for year 2012. Install jpholiday or update market_calendar.py.
2026-09-20 06:09:56,498 [WARNING] leadlag.core.market_calendar: No static holiday table for year 2012. Install jpholiday or update market_calendar.py.
2026-09-20 06:09:56,498 [WARNING] leadlag.core.market_calendar: No static holiday table for year 2012. Install jpholiday or update market_calendar.py.
2026-09-20 06:09:56,498 [WARNING] leadlag.core.market_calendar: No static holiday table for year 2012. Install jpholiday or update market_calendar.py.
2026-09-20 06:09:56,498 [WARNING] leadlag.core.market_calendar: No static holiday table for year 2012. Install jpholiday or update market_calendar.py.
2026-09-20 06:09:56,499 [WARNING] leadlag.core.market_calendar: No static holiday table for year 2012. Install jpholiday or update market_calendar.py.
2026-09-20 06:09:56,499 [WARNING] leadlag.core.market_calendar: No static holiday table for year 2012. Install jpholiday or update market_calendar.py.
2026-09-20 06:09:56,499 [WARNING] leadlag.core.market_calendar: No static holiday table for year 2012. Install jpholiday or update market_calendar.py.
2026-09-20 06:09:56,499 [WARNING] leadlag.core.market_calendar: No static holiday table for year 2012. Install jpholiday or update market_calendar.py.
2026-09-20 06:09:56,499 [WARNING] leadlag.core.market_calendar: No static holiday table for year 2012. Install jpholiday or update market_calendar.py.
2026-09-20 06:09:56,499 [WARNING] leadlag.core.market_calendar: No static holiday table for year 2012. Install jpholiday or update market_calendar.py.
2026-09-20 06:09:56,499 [WARNING] leadlag.core.market_calendar: No static holiday table for year 2012. Install jpholiday or update market_calendar.py.
2026-09-20 06:09:56,500 [WARNING] leadlag.core.market_calendar: No static holiday table for year 2012. Install jpholiday or update market_calendar.py.
2026-09-20 06:09:56,500 [WARNING] leadlag.core.market_calendar: No static holiday table for year 2012. Install jpholiday or update market_calendar.py.
2026-09-20 06:09:56,500 [WARNING] leadlag.core.market_calendar: No static holiday table for year 2012. Install jpholiday or update market_calendar.py.
2026-09-20 06:09:56,500 [WARNING] leadlag.core.market_calendar: No static holiday table for year 2012. Install jpholiday or update market_calendar.py.
2026-09-20 06:09:56,500 [WARNING] leadlag.core.market_calendar: No static holiday table for year 2012. Install jpholiday or update market_calendar.py.
2026-09-20 06:09:56,500 [WARNING] leadlag.core.market_calendar: No static holiday table for year 2012. Install jpholiday or update market_calendar.py.
2026-09-20 06:09:56,500 [WARNING] leadlag.core.market_calendar: No static holiday table for year 2012. Install jpholiday or update market_calendar.py.
2026-09-20 06:09:56,501 [WARNING] leadlag.core.market_calendar: No static holiday table for year 2012. Install jpholiday or update market_calendar.py.
2026-09-20 06:09:56,501 [WARNING] leadlag.core.market_calendar: No static holiday table for year 2012. Install jpholiday or update market_calendar.py.
2026-09-20 06:09:56,501 [WARNING] leadlag.core.market_calendar: No static holiday table for year 2012. Install jpholiday or update market_calendar.py.
2026-09-20 06:09:56,501 [WARNING] leadlag.core.market_calendar: No static holiday table for year 2012. Install jpholiday or update market_calendar.py.
2026-09-20 06:09:56,501 [WARNING] leadlag.core.market_calendar: No static holiday table for year 2012. Install jpholiday or update market_calendar.py.
2026-09-20 06:09:56,501 [WARNING] leadlag.core.market_calendar: No static holiday table for year 2012. Install jpholiday or update market_calendar.py.
2026-09-20 06:09:56,501 [WARNING] leadlag.core.market_calendar: No static holiday table for year 2012. Install jpholiday or update market_calendar.py.
2026-09-20 06:09:56,501 [WARNING] leadlag.core.market_calendar: No static holiday table for year 2012. Install jpholiday or update market_calendar.py.
2026-09-20 06:09:56,502 [WARNING] leadlag.core.market_calendar: No static holiday table for year 2012. Install jpholiday or update market_calendar.py.
2026-09-20 06:09:56,502 [WARNING] leadlag.core.market_calendar: No static holiday table for year 2012. Install jpholiday or update market_calendar.py.
2026-09-20 06:09:56,502 [WARNING] leadlag.core.market_calendar: No static holiday table for year 2012. Install jpholiday or update market_calendar.py.
2026-09-20 06:09:56,502 [WARNING] leadlag.core.market_calendar: No static holiday table for year 2012. Install jpholiday or update market_calendar.py.
2026-09-20 06:09:56,502 [WARNING] leadlag.core.market_calendar: No static holiday table for year 2012. Install jpholiday or update market_calendar.py.
2026-09-20 06:09:56,502 [WARNING] leadlag.core.market_calendar: No static holiday table for year 2012. Install jpholiday or update market_calendar.py.
2026-09-20 06:09:56,503 [WARNING] leadlag.core.market_calendar: No static holiday table for year 2012. Install jpholiday or update market_calendar.py.
2026-09-20 06:09:56,503 [WARNING] leadlag.core.market_calendar: No static holiday table for year 2012. Install jpholiday or update market_calendar.py.
2026-09-20 06:09:56,503 [WARNING] leadlag.core.market_calendar: No static holiday table for year 2012. Install jpholiday or update market_calendar.py.
2026-09-20 06:09:56,503 [WARNING] leadlag.core.market_calendar: No static holiday table for year 2012. Install jpholiday or update market_calendar.py.
2026-09-20 06:09:56,503 [WARNING] leadlag.core.market_calendar: No static holiday table for year 2012. Install jpholiday or update market_calendar.py.
2026-09-20 06:09:56,503 [WARNING] leadlag.core.market_calendar: No static holiday table for year 2012. Install jpholiday or update market_calendar.py.
2026-09-20 06:09:56,503 [WARNING] leadlag.core.market_calendar: No static holiday table for year 2012. Install jpholiday or update market_calendar.py.
2026-09-20 06:09:56,503 [WARNING] leadlag.core.market_calendar: No static holiday table for year 2012. Install jpholiday or update market_calendar.py.
2026-09-20 06:09:56,504 [WARNING] leadlag.core.market_calendar: No static holiday table for year 2012. Install jpholiday or update market_calendar.py.
2026-09-20 06:09:56,504 [WARNING] leadlag.core.market_calendar: No static holiday table for year 2012. Install jpholiday or update market_calendar.py.
2026-09-20 06:09:56,504 [WARNING] leadlag.core.market_calendar: No static holiday table for year 2012. Install jpholiday or update market_calendar.py.
2026-09-20 06:09:56,504 [WARNING] leadlag.core.market_calendar: No static holiday table for year 2012. Install jpholiday or update market_calendar.py.
2026-09-20 06:09:56,504 [WARNING] leadlag.core.market_calendar: No static holiday table for year 2012. Install jpholiday or update market_calendar.py.
2026-09-20 06:09:56,504 [WARNING] leadlag.core.market_calendar: No static holiday table for year 2012. Install jpholiday or update market_calendar.py.
2026-09-20 06:09:56,504 [WARNING] leadlag.core.market_calendar: No static holiday table for year 2012. Install jpholiday or update market_calendar.py.
2026-09-20 06:09:56,505 [WARNING] leadlag.core.market_calendar: No static holiday table for year 2012. Install jpholiday or update market_calendar.py.
2026-09-20 06:09:56,505 [WARNING] leadlag.core.market_calendar: No static holiday table for year 2012. Install jpholiday or update market_calendar.py.
2026-09-20 06:09:56,505 [WARNING] leadlag.core.market_calendar: No static holiday table for year 2012. Install jpholiday or update market_calendar.py.
2026-09-20 06:09:56,505 [WARNING] leadlag.core.market_calendar: No static holiday table for year 2012. Install jpholiday or update market_calendar.py.
2026-09-20 06:09:56,505 [WARNING] leadlag.core.market_calendar: No static holiday table for year 2012. Install jpholiday or update market_calendar.py.
2026-09-20 06:09:56,505 [WARNING] leadlag.core.market_calendar: No static holiday table for year 2012. Install jpholiday or update market_calendar.py.
2026-09-20 06:09:56,505 [WARNING] leadlag.core.market_calendar: No static holiday table for year 2012. Install jpholiday or update market_calendar.py.
2026-09-20 06:09:56,506 [WARNING] leadlag.core.market_calendar: No static holiday table for year 2012. Install jpholiday or update market_calendar.py.
2026-09-20 06:09:56,506 [WARNING] leadlag.core.market_calendar: No static holiday table for year 2012. Install jpholiday or update market_calendar.py.
2026-09-20 06:09:56,506 [WARNING] leadlag.core.market_calendar: No static holiday table for year 2012. Install jpholiday or update market_calendar.py.
2026-09-20 06:09:56,506 [WARNING] leadlag.core.market_calendar: No static holiday table for year 2012. Install jpholiday or update market_calendar.py.
2026-09-20 06:09:56,506 [WARNING] leadlag.core.market_calendar: No static holiday table for year 2012. Install jpholiday or update market_calendar.py.
2026-09-20 06:09:56,506 [WARNING] leadlag.core.market_calendar: No static holiday table for year 2012. Install jpholiday or update market_calendar.py.
2026-09-20 06:09:56,506 [WARNING] leadlag.core.market_calendar: No static holiday table for year 2012. Install jpholiday or update market_calendar.py.
2026-09-20 06:09:56,507 [WARNING] leadlag.core.market_calendar: No static holiday table for year 2012. Install jpholiday or update market_calendar.py.
2026-09-20 06:09:56,507 [WARNING] leadlag.core.market_calendar: No static holiday table for year 2012. Install jpholiday or update market_calendar.py.
2026-09-20 06:09:56,507 [WARNING] leadlag.core.market_calendar: No static holiday table for year 2012. Install jpholiday or update market_calendar.py.
2026-09-20 06:09:56,507 [WARNING] leadlag.core.market_calendar: No static holiday table for year 2012. Install jpholiday or update market_calendar.py.
2026-09-20 06:09:56,507 [WARNING] leadlag.core.market_calendar: No static holiday table for year 2012. Install jpholiday or update market_calendar.py.
2026-09-20 06:09:56,507 [WARNING] leadlag.core.market_calendar: No static holiday table for year 2012. Install jpholiday or update market_calendar.py.
2026-09-20 06:09:56,508 [WARNING] leadlag.core.market_calendar: No static holiday table for year 2012. Install jpholiday or update market_calendar.py.
2026-09-20 06:09:56,508 [WARNING] leadlag.core.market_calendar: No static holiday table for year 2012. Install jpholiday or update market_calendar.py.
2026-09-20 06:09:56,508 [WARNING] leadlag.core.market_calendar: No static holiday table for year 2012. Install jpholiday or update market_calendar.py.
2026-09-20 06:09:56,508 [WARNING] leadlag.core.market_calendar: No static holiday table for year 2012. Install jpholiday or update market_calendar.py.
2026-09-20 06:09:56,508 [WARNING] leadlag.core.market_calendar: No static holiday table for year 2012. Install jpholiday or update market_calendar.py.
2026-09-20 06:09:56,508 [WARNING] leadlag.core.market_calendar: No static holiday table for year 2012. Install jpholiday or update market_calendar.py.
2026-09-20 06:09:56,508 [WARNING] leadlag.core.market_calendar: No static holiday table for year 2012. Install jpholiday or update market_calendar.py.
2026-09-20 06:09:56,508 [WARNING] leadlag.core.market_calendar: No static holiday table for year 2012. Install jpholiday or update market_calendar.py.
2026-09-20 06:09:56,509 [WARNING] leadlag.core.market_calendar: No static holiday table for year 2012. Install jpholiday or update market_calendar.py.
2026-09-20 06:09:56,509 [WARNING] leadlag.core.market_calendar: No static holiday table for year 2012. Install jpholiday or update market_calendar.py.
2026-09-20 06:09:56,509 [WARNING] leadlag.core.market_calendar: No static holiday table for year 2012. Install jpholiday or update market_calendar.py.
2026-09-20 06:09:56,509 [WARNING] leadlag.core.market_calendar: No static holiday table for year 2012. Install jpholiday or update market_calendar.py.
2026-09-20 06:09:56,509 [WARNING] leadlag.core.market_calendar: No static holiday table for year 2012. Install jpholiday or update market_calendar.py.
2026-09-20 06:09:56,509 [WARNING] leadlag.core.market_calendar: No static holiday table for year 2012. Install jpholiday or update market_calendar.py.
2026-09-20 06:09:56,509 [WARNING] leadlag.core.market_calendar: No static holiday table for year 2012. Install jpholiday or update market_calendar.py.
2026-09-20 06:09:56,510 [WARNING] leadlag.core.market_calendar: No static holiday table for year 2012. Install jpholiday or update market_calendar.py.
2026-09-20 06:09:56,510 [WARNING] leadlag.core.market_calendar: No static holiday table for year 2012. Install jpholiday or update market_calendar.py.
2026-09-20 06:09:56,510 [WARNING] leadlag.core.market_calendar: No static holiday table for year 2012. Install jpholiday or update market_calendar.py.
2026-09-20 06:09:56,510 [WARNING] leadlag.core.market_calendar: No static holiday table for year 2012. Install jpholiday or update market_calendar.py.
2026-09-20 06:09:56,510 [WARNING] leadlag.core.market_calendar: No static holiday table for year 2012. Install jpholiday or update market_calendar.py.
2026-09-20 06:09:56,510 [WARNING] leadlag.core.market_calendar: No static holiday table for year 2012. Install jpholiday or update market_calendar.py.
2026-09-20 06:09:56,510 [WARNING] leadlag.core.market_calendar: No static holiday table for year 2012. Install jpholiday or update market_calendar.py.
2026-09-20 06:09:56,510 [WARNING] leadlag.core.market_calendar: No static holiday table for year 2012. Install jpholiday or update market_calendar.py.
2026-09-20 06:09:56,511 [WARNING] leadlag.core.market_calendar: No static holiday table for year 2012. Install jpholiday or update market_calendar.py.
2026-09-20 06:09:56,511 [WARNING] leadlag.core.market_calendar: No static holiday table for year 2012. Install jpholiday or update market_calendar.py.
2026-09-20 06:09:56,511 [WARNING] leadlag.core.market_calendar: No static holiday table for year 2012. Install jpholiday or update market_calendar.py.
2026-09-20 06:09:56,511 [WARNING] leadlag.core.market_calendar: No static holiday table for year 2012. Install jpholiday or update market_calendar.py.
2026-09-20 06:09:56,511 [WARNING] leadlag.core.market_calendar: No static holiday table for year 2012. Install jpholiday or update market_calendar.py.
2026-09-20 06:09:56,512 [WARNING] leadlag.core.market_calendar: No static holiday table for year 2012. Install jpholiday or update market_calendar.py.
2026-09-20 06:09:56,512 [WARNING] leadlag.core.market_calendar: No static holiday table for year 2012. Install jpholiday or update market_calendar.py.
2026-09-20 06:09:56,512 [WARNING] leadlag.core.market_calendar: No static holiday table for year 2012. Install jpholiday or update market_calendar.py.
2026-09-20 06:09:56,512 [WARNING] leadlag.core.market_calendar: No static holiday table for year 2012. Install jpholiday or update market_calendar.py.
2026-09-20 06:09:56,512 [WARNING] leadlag.core.market_calendar: No static holiday table for year 2012. Install jpholiday or update market_calendar.py.
2026-09-20 06:09:56,513 [WARNING] leadlag.core.market_calendar: No static holiday table for year 2012. Install jpholiday or update market_calendar.py.
2026-09-20 06:09:56,513 [WARNING] leadlag.core.market_calendar: No static holiday table for year 2012. Install jpholiday or update market_calendar.py.
2026-09-20 06:09:56,513 [WARNING] leadlag.core.market_calendar: No static holiday table for year 2012. Install jpholiday or update market_calendar.py.
2026-09-20 06:09:56,513 [WARNING] leadlag.core.market_calendar: No static holiday table for year 2012. Install jpholiday or update market_calendar.py.
2026-09-20 06:09:56,513 [WARNING] leadlag.core.market_calendar: No static holiday table for year 2012. Install jpholiday or update market_calendar.py.
2026-09-20 06:09:56,514 [WARNING] leadlag.core.market_calendar: No static holiday table for year 2012. Install jpholiday or update market_calendar.py.
2026-09-20 06:09:56,514 [WARNING] leadlag.core.market_calendar: No static holiday table for year 2012. Install jpholiday or update market_calendar.py.
2026-09-20 06:09:56,514 [WARNING] leadlag.core.market_calendar: No static holiday table for year 2012. Install jpholiday or update market_calendar.py.
2026-09-20 06:09:56,514 [WARNING] leadlag.core.market_calendar: No static holiday table for year 2012. Install jpholiday or update market_calendar.py.
2026-09-20 06:09:56,514 [WARNING] leadlag.core.market_calendar: No static holiday table for year 2012. Install jpholiday or update market_calendar.py.
2026-09-20 06:09:56,515 [WARNING] leadlag.core.market_calendar: No static holiday table for year 2012. Install jpholiday or update market_calendar.py.
2026-09-20 06:09:56,515 [WARNING] leadlag.core.market_calendar: No static holiday table for year 2012. Install jpholiday or update market_calendar.py.
2026-09-20 06:09:56,515 [WARNING] leadlag.core.market_calendar: No static holiday table for year 2012. Install jpholiday or update market_calendar.py.
2026-09-20 06:09:56,515 [WARNING] leadlag.core.market_calendar: No static holiday table for year 2012. Install jpholiday or update market_calendar.py.
2026-09-20 06:09:56,515 [WARNING] leadlag.core.market_calendar: No static holiday table for year 2012. Install jpholiday or update market_calendar.py.
2026-09-20 06:09:56,515 [WARNING] leadlag.core.market_calendar: No static holiday table for year 2012. Install jpholiday or update market_calendar.py.
2026-09-20 06:09:56,516 [WARNING] leadlag.core.market_calendar: No static holiday table for year 2012. Install jpholiday or update market_calendar.py.
2026-09-20 06:09:56,516 [WARNING] leadlag.core.market_calendar: No static holiday table for year 2012. Install jpholiday or update market_calendar.py.
2026-09-20 06:09:56,516 [WARNING] leadlag.core.market_calendar: No static holiday table for year 2012. Install jpholiday or update market_calendar.py.
2026-09-20 06:09:56,516 [WARNING] leadlag.core.market_calendar: No static holiday table for year 2012. Install jpholiday or update market_calendar.py.
2026-09-20 06:09:56,516 [WARNING] leadlag.core.market_calendar: No static holiday table for year 2012. Install jpholiday or update market_calendar.py.
2026-09-20 06:09:56,516 [WARNING] leadlag.core.market_calendar: No static holiday table for year 2012. Install jpholiday or update market_calendar.py.
2026-09-20 06:09:56,517 [WARNING] leadlag.core.market_calendar: No static holiday table for year 2012. Install jpholiday or update market_calendar.py.
2026-09-20 06:09:56,517 [WARNING] leadlag.core.market_calendar: No static holiday table for year 2012. Install jpholiday or update market_calendar.py.
2026-09-20 06:09:56,517 [WARNING] leadlag.core.market_calendar: No static holiday table for year 2012. Install jpholiday or update market_calendar.py.
2026-09-20 06:09:56,517 [WARNING] leadlag.core.market_calendar: No static holiday table for year 2012. Install jpholiday or update market_calendar.py.
2026-09-20 06:09:56,517 [WARNING] leadlag.core.market_calendar: No static holiday table for year 2012. Install jpholiday or update market_calendar.py.
2026-09-20 06:09:56,517 [WARNING] leadlag.core.market_calendar: No static holiday table for year 2012. Install jpholiday or update market_calendar.py.
2026-09-20 06:09:56,517 [WARNING] leadlag.core.market_calendar: No static holiday table for year 2012. Install jpholiday or update market_calendar.py.
2026-09-20 06:09:56,518 [WARNING] leadlag.core.market_calendar: No static holiday table for year 2012. Install jpholiday or update market_calendar.py.
2026-09-20 06:09:56,518 [WARNING] leadlag.core.market_calendar: No static holiday table for year 2012. Install jpholiday or update market_calendar.py.
2026-09-20 06:09:56,518 [WARNING] leadlag.core.market_calendar: No static holiday table for year 2012. Install jpholiday or update market_calendar.py.
2026-09-20 06:09:56,518 [WARNING] leadlag.core.market_calendar: No static holiday table for year 2012. Install jpholiday or update market_calendar.py.
2026-09-20 06:09:56,518 [WARNING] leadlag.core.market_calendar: No static holiday table for year 2012. Install jpholiday or update market_calendar.py.
2026-09-20 06:09:56,518 [WARNING] leadlag.core.market_calendar: No static holiday table for year 2012. Install jpholiday or update market_calendar.py.
2026-09-20 06:09:56,519 [WARNING] leadlag.core.market_calendar: No static holiday table for year 2012. Install jpholiday or update market_calendar.py.
2026-09-20 06:09:56,519 [WARNING] leadlag.core.market_calendar: No static holiday table for year 2012. Install jpholiday or update market_calendar.py.
2026-09-20 06:09:56,519 [WARNING] leadlag.core.market_calendar: No static holiday table for year 2012. Install jpholiday or update market_calendar.py.
2026-09-20 06:09:56,519 [WARNING] leadlag.core.market_calendar: No static holiday table for year 2012. Install jpholiday or update market_calendar.py.
2026-09-20 06:09:56,519 [WARNING] leadlag.core.market_calendar: No static holiday table for year 2012. Install jpholiday or update market_calendar.py.
2026-09-20 06:09:56,519 [WARNING] leadlag.core.market_calendar: No static holiday table for year 2012. Install jpholiday or update market_calendar.py.
2026-09-20 06:09:56,519 [WARNING] leadlag.core.market_calendar: No static holiday table for year 2012. Install jpholiday or update market_calendar.py.
2026-09-20 06:09:56,520 [WARNING] leadlag.core.market_calendar: No static holiday table for year 2012. Install jpholiday or update market_calendar.py.
2026-09-20 06:09:56,520 [WARNING] leadlag.core.market_calendar: No static holiday table for year 2012. Install jpholiday or update market_calendar.py.
2026-09-20 06:09:56,520 [WARNING] leadlag.core.market_calendar: No static holiday table for year 2012. Install jpholiday or update market_calendar.py.
2026-09-20 06:09:56,520 [WARNING] leadlag.core.market_calendar: No static holiday table for year 2012. Install jpholiday or update market_calendar.py.
2026-09-20 06:09:56,520 [WARNING] leadlag.core.market_calendar: No static holiday table for year 2012. Install jpholiday or update market_calendar.py.
2026-09-20 06:09:56,520 [WARNING] leadlag.core.market_calendar: No static holiday table for year 2012. Install jpholiday or update market_calendar.py.
2026-09-20 06:09:56,520 [WARNING] leadlag.core.market_calendar: No static holiday table for year 2012. Install jpholiday or update market_calendar.py.
2026-09-20 06:09:56,521 [WARNING] leadlag.core.market_calendar: No static holiday table for year 2012. Install jpholiday or update market_calendar.py.
2026-09-20 06:09:56,521 [WARNING] leadlag.core.market_calendar: No static holiday table for year 2012. Install jpholiday or update market_calendar.py.
2026-09-20 06:09:56,521 [WARNING] leadlag.core.market_calendar: No static holiday table for year 2012. Install jpholiday or update market_calendar.py.
2026-09-20 06:09:56,521 [WARNING] leadlag.core.market_calendar: No static holiday table for year 2012. Install jpholiday or update market_calendar.py.
2026-09-20 06:09:56,521 [WARNING] leadlag.core.market_calendar: No static holiday table for year 2012. Install jpholiday or update market_calendar.py.
2026-09-20 06:09:56,521 [WARNING] leadlag.core.market_calendar: No static holiday table for year 2012. Install jpholiday or update market_calendar.py.
2026-09-20 06:09:56,521 [WARNING] leadlag.core.market_calendar: No static holiday table for year 2012. Install jpholiday or update market_calendar.py.
2026-09-20 06:09:56,521 [WARNING] leadlag.core.market_calendar: No static holiday table for year 2012. Install jpholiday or update market_calendar.py.
2026-09-20 06:09:56,522 [WARNING] leadlag.core.market_calendar: No static holiday table for year 2012. Install jpholiday or update market_calendar.py.
2026-09-20 06:09:56,522 [WARNING] leadlag.core.market_calendar: No static holiday table for year 2012. Install jpholiday or update market_calendar.py.
2026-09-20 06:09:56,522 [WARNING] leadlag.core.market_calendar: No static holiday table for year 2012. Install jpholiday or update market_calendar.py.
2026-09-20 06:09:56,522 [WARNING] leadlag.core.market_calendar: No static holiday table for year 2012. Install jpholiday or update market_calendar.py.
2026-09-20 06:09:56,522 [WARNING] leadlag.core.market_calendar: No static holiday table for year 2012. Install jpholiday or update market_calendar.py.
2026-09-20 06:09:56,522 [WARNING] leadlag.core.market_calendar: No static holiday table for year 2012. Install jpholiday or update market_calendar.py.
2026-09-20 06:09:56,522 [WARNING] leadlag.core.market_calendar: No static holiday table for year 2012. Install jpholiday or update market_calendar.py.
2026-09-20 06:09:56,522 [WARNING] leadlag.core.market_calendar: No static holiday table for year 2012. Install jpholiday or update market_calendar.py.
2026-09-20 06:09:56,523 [WARNING] leadlag.core.market_calendar: No static holiday table for year 2012. Install jpholiday or update market_calendar.py.
2026-09-20 06:09:56,523 [WARNING] leadlag.core.market_calendar: No static holiday table for year 2012. Install jpholiday or update market_calendar.py.
2026-09-20 06:09:56,523 [WARNING] leadlag.core.market_calendar: No static holiday table for year 2012. Install jpholiday or update market_calendar.py.
2026-09-20 06:09:56,523 [WARNING] leadlag.core.market_calendar: No static holiday table for year 2012. Install jpholiday or update market_calendar.py.
2026-09-20 06:09:56,523 [WARNING] leadlag.core.market_calendar: No static holiday table for year 2012. Install jpholiday or update market_calendar.py.
2026-09-20 06:09:56,523 [WARNING] leadlag.core.market_calendar: No static holiday table for year 2012. Install jpholiday or update market_calendar.py.
2026-09-20 06:09:56,523 [WARNING] leadlag.core.market_calendar: No static holiday table for year 2012. Install jpholiday or update market_calendar.py.
2026-09-20 06:09:56,524 [WARNING] leadlag.core.market_calendar: No static holiday table for year 2012. Install jpholiday or update market_calendar.py.
2026-09-20 06:09:56,524 [WARNING] leadlag.core.market_calendar: No static holiday table for year 2012. Install jpholiday or update market_calendar.py.
2026-09-20 06:09:56,524 [WARNING] leadlag.core.market_calendar: No static holiday table for year 2013. Install jpholiday or update market_calendar.py.
2026-09-20 06:09:56,524 [WARNING] leadlag.core.market_calendar: No static holiday table for year 2013. Install jpholiday or update market_calendar.py.
2026-09-20 06:09:56,524 [WARNING] leadlag.core.market_calendar: No static holiday table for year 2013. Install jpholiday or update market_calendar.py.
2026-09-20 06:09:56,524 [WARNING] leadlag.core.market_calendar: No static holiday table for year 2013. Install jpholiday or update market_calendar.py.
2026-09-20 06:09:56,524 [WARNING] leadlag.core.market_calendar: No static holiday table for year 2013. Install jpholiday or update market_calendar.py.
2026-09-20 06:09:56,525 [WARNING] leadlag.core.market_calendar: No static holiday table for year 2013. Install jpholiday or update market_calendar.py.
2026-09-20 06:09:56,525 [WARNING] leadlag.core.market_calendar: No static holiday table for year 2013. Install jpholiday or update market_calendar.py.
2026-09-20 06:09:56,525 [WARNING] leadlag.core.market_calendar: No static holiday table for year 2013. Install jpholiday or update market_calendar.py.
2026-09-20 06:09:56,525 [WARNING] leadlag.core.market_calendar: No static holiday table for year 2013. Install jpholiday or update market_calendar.py.
2026-09-20 06:09:56,525 [WARNING] leadlag.core.market_calendar: No static holiday table for year 2013. Install jpholiday or update market_calendar.py.
2026-09-20 06:09:56,525 [WARNING] leadlag.core.market_calendar: No static holiday table for year 2013. Install jpholiday or update market_calendar.py.
2026-09-20 06:09:56,526 [WARNING] leadlag.core.market_calendar: No static holiday table for year 2013. Install jpholiday or update market_calendar.py.
2026-09-20 06:09:56,526 [WARNING] leadlag.core.market_calendar: No static holiday table for year 2013. Install jpholiday or update market_calendar.py.
2026-09-20 06:09:56,526 [WARNING] leadlag.core.market_calendar: No static holiday table for year 2013. Install jpholiday or update market_calendar.py.
2026-09-20 06:09:56,526 [WARNING] leadlag.core.market_calendar: No static holiday table for year 2013. Install jpholiday or update market_calendar.py.
2026-09-20 06:09:56,526 [WARNING] leadlag.core.market_calendar: No static holiday table for year 2013. Install jpholiday or update market_calendar.py.
2026-09-20 06:09:56,526 [WARNING] leadlag.core.market_calendar: No static holiday table for year 2013. Install jpholiday or update market_calendar.py.
2026-09-20 06:09:56,526 [WARNING] leadlag.core.market_calendar: No static holiday table for year 2013. Install jpholiday or update market_calendar.py.
2026-09-20 06:09:56,527 [WARNING] leadlag.core.market_calendar: No static holiday table for year 2013. Install jpholiday or update market_calendar.py.
2026-09-20 06:09:56,527 [WARNING] leadlag.core.market_calendar: No static holiday table for year 2013. Install jpholiday or update market_calendar.py.
2026-09-20 06:09:56,527 [WARNING] leadlag.core.market_calendar: No static holiday table for year 2013. Install jpholiday or update market_calendar.py.
2026-09-20 06:09:56,527 [WARNING] leadlag.core.market_calendar: No static holiday table for year 2013. Install jpholiday or update market_calendar.py.
2026-09-20 06:09:56,527 [WARNING] leadlag.core.market_calendar: No static holiday table for year 2013. Install jpholiday or update market_calendar.py.
2026-09-20 06:09:56,527 [WARNING] leadlag.core.market_calendar: No static holiday table for year 2013. Install jpholiday or update market_calendar.py.
2026-09-20 06:09:56,527 [WARNING] leadlag.core.market_calendar: No static holiday table for year 2013. Install jpholiday or update market_calendar.py.
2026-09-20 06:09:56,528 [WARNING] leadlag.core.market_calendar: No static holiday table for year 2013. Install jpholiday or update market_calendar.py.
2026-09-20 06:09:56,528 [WARNING] leadlag.core.market_calendar: No static holiday table for year 2013. Install jpholiday or update market_calendar.py.
2026-09-20 06:09:56,528 [WARNING] leadlag.core.market_calendar: No static holiday table for year 2013. Install jpholiday or update market_calendar.py.
2026-09-20 06:09:56,528 [WARNING] leadlag.core.market_calendar: No static holiday table for year 2013. Install jpholiday or update market_calendar.py.
2026-09-20 06:09:56,528 [WARNING] leadlag.core.market_calendar: No static holiday table for year 2013. Install jpholiday or update market_calendar.py.
2026-09-20 06:09:56,528 [WARNING] leadlag.core.market_calendar: No static holiday table for year 2013. Install jpholiday or update market_calendar.py.
2026-09-20 06:09:56,528 [WARNING] leadlag.core.market_calendar: No static holiday table for year 2013. Install jpholiday or update market_calendar.py.
2026-09-20 06:09:56,529 [WARNING] leadlag.core.market_calendar: No static holiday table for year 2013. Install jpholiday or update market_calendar.py.
2026-09-20 06:09:56,529 [WARNING] leadlag.core.market_calendar: No static holiday table for year 2013. Install jpholiday or update market_calendar.py.
2026-09-20 06:09:56,529 [WARNING] leadlag.core.market_calendar: No static holiday table for year 2013. Install jpholiday or update market_calendar.py.
2026-09-20 06:09:56,529 [WARNING] leadlag.core.market_calendar: No static holiday table for year 2013. Install jpholiday or update market_calendar.py.
2026-09-20 06:09:56,529 [WARNING] leadlag.core.market_calendar: No static holiday table for year 2013. Install jpholiday or update market_calendar.py.
2026-09-20 06:09:56,529 [WARNING] leadlag.core.market_calendar: No static holiday table for year 2013. Install jpholiday or update market_calendar.py.
2026-09-20 06:09:56,529 [WARNING] leadlag.core.market_calendar: No static holiday table for year 2013. Install jpholiday or update market_calendar.py.
2026-09-20 06:09:56,530 [WARNING] leadlag.core.market_calendar: No static holiday table for year 2013. Install jpholiday or update market_calendar.py.
2026-09-20 06:09:56,530 [WARNING] leadlag.core.market_calendar: No static holiday table for year 2013. Install jpholiday or update market_calendar.py.
2026-09-20 06:09:56,530 [WARNING] leadlag.core.market_calendar: No static holiday table for year 2013. Install jpholiday or update market_calendar.py.
2026-09-20 06:09:56,530 [WARNING] leadlag.core.market_calendar: No static holiday table for year 2013. Install jpholiday or update market_calendar.py.
2026-09-20 06:09:56,530 [WARNING] leadlag.core.market_calendar: No static holiday table for year 2013. Install jpholiday or update market_calendar.py.
2026-09-20 06:09:56,530 [WARNING] leadlag.core.market_calendar: No static holiday table for year 2013. Install jpholiday or update market_calendar.py.
2026-09-20 06:09:56,531 [WARNING] leadlag.core.market_calendar: No static holiday table for year 2013. Install jpholiday or update market_calendar.py.
2026-09-20 06:09:56,531 [WARNING] leadlag.core.market_calendar: No static holiday table for year 2013. Install jpholiday or update market_calendar.py.
2026-09-20 06:09:56,531 [WARNING] leadlag.core.market_calendar: No static holiday table for year 2013. Install jpholiday or update market_calendar.py.
2026-09-20 06:09:56,531 [WARNING] leadlag.core.market_calendar: No static holiday table for year 2013. Install jpholiday or update market_calendar.py.
2026-09-20 06:09:56,531 [WARNING] leadlag.core.market_calendar: No static holiday table for year 2013. Install jpholiday or update market_calendar.py.
2026-09-20 06:09:56,531 [WARNING] leadlag.core.market_calendar: No static holiday table for year 2013. Install jpholiday or update market_calendar.py.
2026-09-20 06:09:56,532 [WARNING] leadlag.core.market_calendar: No static holiday table for year 2013. Install jpholiday or update market_calendar.py.
2026-09-20 06:09:56,532 [WARNING] leadlag.core.market_calendar: No static holiday table for year 2013. Install jpholiday or update market_calendar.py.
2026-09-20 06:09:56,532 [WARNING] leadlag.core.market_calendar: No static holiday table for year 2013. Install jpholiday or update market_calendar.py.
2026-09-20 06:09:56,532 [WARNING] leadlag.core.market_calendar: No static holiday table for year 2013. Install jpholiday or update market_calendar.py.
2026-09-20 06:09:56,532 [WARNING] leadlag.core.market_calendar: No static holiday table for year 2013. Install jpholiday or update market_calendar.py.
2026-09-20 06:09:56,532 [WARNING] leadlag.core.market_calendar: No static holiday table for year 2013. Install jpholiday or update market_calendar.py.
2026-09-20 06:09:56,533 [WARNING] leadlag.core.market_calendar: No static holiday table for year 2013. Install jpholiday or update market_calendar.py.
2026-09-20 06:09:56,533 [WARNING] leadlag.core.market_calendar: No static holiday table for year 2013. Install jpholiday or update market_calendar.py.
2026-09-20 06:09:56,533 [WARNING] leadlag.core.market_calendar: No static holiday table for year 2013. Install jpholiday or update market_calendar.py.
2026-09-20 06:09:56,533 [WARNING] leadlag.core.market_calendar: No static holiday table for year 2013. Install jpholiday or update market_calendar.py.
2026-09-20 06:09:56,533 [WARNING] leadlag.core.market_calendar: No static holiday table for year 2013. Install jpholiday or update market_calendar.py.
2026-09-20 06:09:56,533 [WARNING] leadlag.core.market_calendar: No static holiday table for year 2013. Install jpholiday or update market_calendar.py.
2026-09-20 06:09:56,533 [WARNING] leadlag.core.market_calendar: No static holiday table for year 2013. Install jpholiday or update market_calendar.py.
2026-09-20 06:09:56,534 [WARNING] leadlag.core.market_calendar: No static holiday table for year 2013. Install jpholiday or update market_calendar.py.
2026-09-20 06:09:56,534 [WARNING] leadlag.core.market_calendar: No static holiday table for year 2013. Install jpholiday or update market_calendar.py.
2026-09-20 06:09:56,534 [WARNING] leadlag.core.market_calendar: No static holiday table for year 2013. Install jpholiday or update market_calendar.py.
2026-09-20 06:09:56,534 [WARNING] leadlag.core.market_calendar: No static holiday table for year 2013. Install jpholiday or update market_calendar.py.
2026-09-20 06:09:56,534 [WARNING] leadlag.core.market_calendar: No static holiday table for year 2013. Install jpholiday or update market_calendar.py.
2026-09-20 06:09:56,534 [WARNING] leadlag.core.market_calendar: No static holiday table for year 2013. Install jpholiday or update market_calendar.py.
2026-09-20 06:09:56,534 [WARNING] leadlag.core.market_calendar: No static holiday table for year 2013. Install jpholiday or update market_calendar.py.
2026-09-20 06:09:56,535 [WARNING] leadlag.core.market_calendar: No static holiday table for year 2013. Install jpholiday or update market_calendar.py.
2026-09-20 06:09:56,535 [WARNING] leadlag.core.market_calendar: No static holiday table for year 2013. Install jpholiday or update market_calendar.py.
2026-09-20 06:09:56,535 [WARNING] leadlag.core.market_calendar: No static holiday table for year 2013. Install jpholiday or update market_calendar.py.
2026-09-20 06:09:56,535 [WARNING] leadlag.core.market_calendar: No static holiday table for year 2013. Install jpholiday or update market_calendar.py.
2026-09-20 06:09:56,535 [WARNING] leadlag.core.market_calendar: No static holiday table for year 2013. Install jpholiday or update market_calendar.py.
2026-09-20 06:09:56,535 [WARNING] leadlag.core.market_calendar: No static holiday table for year 2013. Install jpholiday or update market_calendar.py.
2026-09-20 06:09:56,535 [WARNING] leadlag.core.market_calendar: No static holiday table for year 2013. Install jpholiday or update market_calendar.py.
2026-09-20 06:09:56,536 [WARNING] leadlag.core.market_calendar: No static holiday table for year 2013. Install jpholiday or update market_calendar.py.
2026-09-20 06:09:56,536 [WARNING] leadlag.core.market_calendar: No static holiday table for year 2013. Install jpholiday or update market_calendar.py.
2026-09-20 06:09:56,536 [WARNING] leadlag.core.market_calendar: No static holiday table for year 2013. Install jpholiday or update market_calendar.py.
2026-09-20 06:09:56,536 [WARNING] leadlag.core.market_calendar: No static holiday table for year 2013. Install jpholiday or update market_calendar.py.
2026-09-20 06:09:56,536 [WARNING] leadlag.core.market_calendar: No static holiday table for year 2013. Install jpholiday or update market_calendar.py.
2026-09-20 06:09:56,536 [WARNING] leadlag.core.market_calendar: No static holiday table for year 2013. Install jpholiday or update market_calendar.py.
2026-09-20 06:09:56,536 [WARNING] leadlag.core.market_calendar: No static holiday table for year 2013. Install jpholiday or update market_calendar.py.
2026-09-20 06:09:56,537 [WARNING] leadlag.core.market_calendar: No static holiday table for year 2013. Install jpholiday or update market_calendar.py.
2026-09-20 06:09:56,537 [WARNING] leadlag.core.market_calendar: No static holiday table for year 2013. Install jpholiday or update market_calendar.py.
2026-09-20 06:09:56,537 [WARNING] leadlag.core.market_calendar: No static holiday table for year 2013. Install jpholiday or update market_calendar.py.
2026-09-20 06:09:56,537 [WARNING] leadlag.core.market_calendar: No static holiday table for year 2013. Install jpholiday or update market_calendar.py.
2026-09-20 06:09:56,537 [WARNING] leadlag.core.market_calendar: No static holiday table for year 2013. Install jpholiday or update market_calendar.py.
2026-09-20 06:09:56,537 [WARNING] leadlag.core.market_calendar: No static holiday table for year 2013. Install jpholiday or update market_calendar.py.
2026-09-20 06:09:56,537 [WARNING] leadlag.core.market_calendar: No static holiday table for year 2013. Install jpholiday or update market_calendar.py.
2026-09-20 06:09:56,537 [WARNING] leadlag.core.market_calendar: No static holiday table for year 2013. Install jpholiday or update market_calendar.py.
2026-09-20 06:09:56,538 [WARNING] leadlag.core.market_calendar: No static holiday table for year 2013. Install jpholiday or update market_calendar.py.
2026-09-20 06:09:56,538 [WARNING] leadlag.core.market_calendar: No static holiday table for year 2013. Install jpholiday or update market_calendar.py.
2026-09-20 06:09:56,538 [WARNING] leadlag.core.market_calendar: No static holiday table for year 2013. Install jpholiday or update market_calendar.py.
2026-09-20 06:09:56,538 [WARNING] leadlag.core.market_calendar: No static holiday table for year 2013. Install jpholiday or update market_calendar.py.
2026-09-20 06:09:56,538 [WARNING] leadlag.core.market_calendar: No static holiday table for year 2013. Install jpholiday or update market_calendar.py.
2026-09-20 06:09:56,538 [WARNING] leadlag.core.market_calendar: No static holiday table for year 2013. Install jpholiday or update market_calendar.py.
2026-09-20 06:09:56,538 [WARNING] leadlag.core.market_calendar: No static holiday table for year 2013. Install jpholiday or update market_calendar.py.
2026-09-20 06:09:56,538 [WARNING] leadlag.core.market_calendar: No static holiday table for year 2013. Install jpholiday or update market_calendar.py.
2026-09-20 06:09:56,539 [WARNING] leadlag.core.market_calendar: No static holiday table for year 2013. Install jpholiday or update market_calendar.py.
2026-09-20 06:09:56,539 [WARNING] leadlag.core.market_calendar: No static holiday table for year 2013. Install jpholiday or update market_calendar.py.
2026-09-20 06:09:56,539 [WARNING] leadlag.core.market_calendar: No static holiday table for year 2013. Install jpholiday or update market_calendar.py.
2026-09-20 06:09:56,539 [WARNING] leadlag.core.market_calendar: No static holiday table for year 2013. Install jpholiday or update market_calendar.py.
2026-09-20 06:09:56,539 [WARNING] leadlag.core.market_calendar: No static holiday table for year 2013. Install jpholiday or update market_calendar.py.
2026-09-20 06:09:56,539 [WARNING] leadlag.core.market_calendar: No static holiday table for year 2013. Install jpholiday or update market_calendar.py.
2026-09-20 06:09:56,539 [WARNING] leadlag.core.market_calendar: No static holiday table for year 2013. Install jpholiday or update market_calendar.py.
2026-09-20 06:09:56,539 [WARNING] leadlag.core.market_calendar: No static holiday table for year 2013. Install jpholiday or update market_calendar.py.
2026-09-20 06:09:56,540 [WARNING] leadlag.core.market_calendar: No static holiday table for year 2013. Install jpholiday or update market_calendar.py.
2026-09-20 06:09:56,540 [WARNING] leadlag.core.market_calendar: No static holiday table for year 2013. Install jpholiday or update market_calendar.py.
2026-09-20 06:09:56,540 [WARNING] leadlag.core.market_calendar: No static holiday table for year 2013. Install jpholiday or update market_calendar.py.
2026-09-20 06:09:56,540 [WARNING] leadlag.core.market_calendar: No static holiday table for year 2013. Install jpholiday or update market_calendar.py.
2026-09-20 06:09:56,540 [WARNING] leadlag.core.market_calendar: No static holiday table for year 2013. Install jpholiday or update market_calendar.py.
2026-09-20 06:09:56,540 [WARNING] leadlag.core.market_calendar: No static holiday table for year 2013. Install jpholiday or update market_calendar.py.
2026-09-20 06:09:56,540 [WARNING] leadlag.core.market_calendar: No static holiday table for year 2013. Install jpholiday or update market_calendar.py.
2026-09-20 06:09:56,540 [WARNING] leadlag.core.market_calendar: No static holiday table for year 2013. Install jpholiday or update market_calendar.py.
2026-09-20 06:09:56,541 [WARNING] leadlag.core.market_calendar: No static holiday table for year 2013. Install jpholiday or update market_calendar.py.
2026-09-20 06:09:56,541 [WARNING] leadlag.core.market_calendar: No static holiday table for year 2013. Install jpholiday or update market_calendar.py.
2026-09-20 06:09:56,541 [WARNING] leadlag.core.market_calendar: No static holiday table for year 2013. Install jpholiday or update market_calendar.py.
2026-09-20 06:09:56,541 [WARNING] leadlag.core.market_calendar: No static holiday table for year 2013. Install jpholiday or update market_calendar.py.
2026-09-20 06:09:56,541 [WARNING] leadlag.core.market_calendar: No static holiday table for year 2013. Install jpholiday or update market_calendar.py.
2026-09-20 06:09:56,541 [WARNING] leadlag.core.market_calendar: No static holiday table for year 2013. Install jpholiday or update market_calendar.py.
2026-09-20 06:09:56,541 [WARNING] leadlag.core.market_calendar: No static holiday table for year 2013. Install jpholiday or update market_calendar.py.
2026-09-20 06:09:56,542 [WARNING] leadlag.core.market_calendar: No static holiday table for year 2013. Install jpholiday or update market_calendar.py.
2026-09-20 06:09:56,542 [WARNING] leadlag.core.market_calendar: No static holiday table for year 2013. Install jpholiday or update market_calendar.py.
2026-09-20 06:09:56,542 [WARNING] leadlag.core.market_calendar: No static holiday table for year 2013. Install jpholiday or update market_calendar.py.
2026-09-20 06:09:56,542 [WARNING] leadlag.core.market_calendar: No static holiday table for year 2013. Install jpholiday or update market_calendar.py.
2026-09-20 06:09:56,542 [WARNING] leadlag.core.market_calendar: No static holiday table for year 2013. Install jpholiday or update market_calendar.py.
2026-09-20 06:09:56,542 [WARNING] leadlag.core.market_calendar: No static holiday table for year 2013. Install jpholiday or update market_calendar.py.
2026-09-20 06:09:56,543 [WARNING] leadlag.core.market_calendar: No static holiday table for year 2013. Install jpholiday or update market_calendar.py.
2026-09-20 06:09:56,543 [WARNING] leadlag.core.market_calendar: No static holiday table for year 2013. Install jpholiday or update market_calendar.py.
2026-09-20 06:09:56,543 [WARNING] leadlag.core.market_calendar: No static holiday table for year 2013. Install jpholiday or update market_calendar.py.
2026-09-20 06:09:56,543 [WARNING] leadlag.core.market_calendar: No static holiday table for year 2013. Install jpholiday or update market_calendar.py.
2026-09-20 06:09:56,543 [WARNING] leadlag.core.market_calendar: No static holiday table for year 2013. Install jpholiday or update market_calendar.py.
2026-09-20 06:09:56,543 [WARNING] leadlag.core.market_calendar: No static holiday table for year 2013. Install jpholiday or update market_calendar.py.
2026-09-20 06:09:56,543 [WARNING] leadlag.core.market_calendar: No static holiday table for year 2013. Install jpholiday or update market_calendar.py.
2026-09-20 06:09:56,544 [WARNING] leadlag.core.market_calendar: No static holiday table for year 2013. Install jpholiday or update market_calendar.py.
2026-09-20 06:09:56,544 [WARNING] leadlag.core.market_calendar: No static holiday table for year 2013. Install jpholiday or update market_calendar.py.
2026-09-20 06:09:56,544 [WARNING] leadlag.core.market_calendar: No static holiday table for year 2013. Install jpholiday or update market_calendar.py.
2026-09-20 06:09:56,544 [WARNING] leadlag.core.market_calendar: No static holiday table for year 2013. Install jpholiday or update market_calendar.py.
2026-09-20 06:09:56,544 [WARNING] leadlag.core.market_calendar: No static holiday table for year 2013. Install jpholiday or update market_calendar.py.
2026-09-20 06:09:56,544 [WARNING] leadlag.core.market_calendar: No static holiday table for year 2013. Install jpholiday or update market_calendar.py.
2026-09-20 06:09:56,545 [WARNING] leadlag.core.market_calendar: No static holiday table for year 2013. Install jpholiday or update market_calendar.py.
2026-09-20 06:09:56,545 [WARNING] leadlag.core.market_calendar: No static holiday table for year 2013. Install jpholiday or update market_calendar.py.
2026-09-20 06:09:56,545 [WARNING] leadlag.core.market_calendar: No static holiday table for year 2013. Install jpholiday or update market_calendar.py.
2026-09-20 06:09:56,545 [WARNING] leadlag.core.market_calendar: No static holiday table for year 2013. Install jpholiday or update market_calendar.py.
2026-09-20 06:09:56,545 [WARNING] leadlag.core.market_calendar: No static holiday table for year 2013. Install jpholiday or update market_calendar.py.
2026-09-20 06:09:56,545 [WARNING] leadlag.core.market_calendar: No static holiday table for year 2013. Install jpholiday or update market_calendar.py.
2026-09-20 06:09:56,545 [WARNING] leadlag.core.market_calendar: No static holiday table for year 2013. Install jpholiday or update market_calendar.py.
2026-09-20 06:09:56,545 [WARNING] leadlag.core.market_calendar: No static holiday table for year 2013. Install jpholiday or update market_calendar.py.
2026-09-20 06:09:56,546 [WARNING] leadlag.core.market_calendar: No static holiday table for year 2013. Install jpholiday or update market_calendar.py.
2026-09-20 06:09:56,546 [WARNING] leadlag.core.market_calendar: No static holiday table for year 2013. Install jpholiday or update market_calendar.py.
2026-09-20 06:09:56,546 [WARNING] leadlag.core.market_calendar: No static holiday table for year 2013. Install jpholiday or update market_calendar.py.
2026-09-20 06:09:56,546 [WARNING] leadlag.core.market_calendar: No static holiday table for year 2013. Install jpholiday or update market_calendar.py.
2026-09-20 06:09:56,546 [WARNING] leadlag.core.market_calendar: No static holiday table for year 2013. Install jpholiday or update market_calendar.py.
2026-09-20 06:09:56,546 [WARNING] leadlag.core.market_calendar: No static holiday table for year 2013. Install jpholiday or update market_calendar.py.
2026-09-20 06:09:56,546 [WARNING] leadlag.core.market_calendar: No static holiday table for year 2013. Install jpholiday or update market_calendar.py.
2026-09-20 06:09:56,547 [WARNING] leadlag.core.market_calendar: No static holiday table for year 2013. Install jpholiday or update market_calendar.py.
2026-09-20 06:09:56,547 [WARNING] leadlag.core.market_calendar: No static holiday table for year 2013. Install jpholiday or update market_calendar.py.
2026-09-20 06:09:56,547 [WARNING] leadlag.core.market_calendar: No static holiday table for year 2013. Install jpholiday or update market_calendar.py.
2026-09-20 06:09:56,547 [WARNING] leadlag.core.market_calendar: No static holiday table for year 2013. Install jpholiday or update market_calendar.py.
2026-09-20 06:09:56,547 [WARNING] leadlag.core.market_calendar: No static holiday table for year 2013. Install jpholiday or update market_calendar.py.
2026-09-20 06:09:56,547 [WARNING] leadlag.core.market_calendar: No static holiday table for year 2013. Install jpholiday or update market_calendar.py.
2026-09-20 06:09:56,547 [WARNING] leadlag.core.market_calendar: No static holiday table for year 2013. Install jpholiday or update market_calendar.py.
2026-09-20 06:09:56,548 [WARNING] leadlag.core.market_calendar: No static holiday table for year 2013. Install jpholiday or update market_calendar.py.
2026-09-20 06:09:56,548 [WARNING] leadlag.core.market_calendar: No static holiday table for year 2013. Install jpholiday or update market_calendar.py.
2026-09-20 06:09:56,548 [WARNING] leadlag.core.market_calendar: No static holiday table for year 2013. Install jpholiday or update market_calendar.py.
2026-09-20 06:09:56,548 [WARNING] leadlag.core.market_calendar: No static holiday table for year 2013. Install jpholiday or update market_calendar.py.
2026-09-20 06:09:56,548 [WARNING] leadlag.core.market_calendar: No static holiday table for year 2013. Install jpholiday or update market_calendar.py.
2026-09-20 06:09:56,549 [WARNING] leadlag.core.market_calendar: No static holiday table for year 2013. Install jpholiday or update market_calendar.py.
2026-09-20 06:09:56,549 [WARNING] leadlag.core.market_calendar: No static holiday table for year 2013. Install jpholiday or update market_calendar.py.
2026-09-20 06:09:56,549 [WARNING] leadlag.core.market_calendar: No static holiday table for year 2013. Install jpholiday or update market_calendar.py.
2026-09-20 06:09:56,549 [WARNING] leadlag.core.market_calendar: No static holiday table for year 2013. Install jpholiday or update market_calendar.py.
2026-09-20 06:09:56,549 [WARNING] leadlag.core.market_calendar: No static holiday table for year 2013. Install jpholiday or update market_calendar.py.
2026-09-20 06:09:56,550 [WARNING] leadlag.core.market_calendar: No static holiday table for year 2013. Install jpholiday or update market_calendar.py.
2026-09-20 06:09:56,550 [WARNING] leadlag.core.market_calendar: No static holiday table for year 2013. Install jpholiday or update market_calendar.py.
2026-09-20 06:09:56,550 [WARNING] leadlag.core.market_calendar: No static holiday table for year 2013. Install jpholiday or update market_calendar.py.
2026-09-20 06:09:56,550 [WARNING] leadlag.core.market_calendar: No static holiday table for year 2013. Install jpholiday or update market_calendar.py.
2026-09-20 06:09:56,550 [WARNING] leadlag.core.market_calendar: No static holiday table for year 2013. Install jpholiday or update market_calendar.py.
2026-09-20 06:09:56,551 [WARNING] leadlag.core.market_calendar: No static holiday table for year 2013. Install jpholiday or update market_calendar.py.
2026-09-20 06:09:56,551 [WARNING] leadlag.core.market_calendar: No static holiday table for year 2013. Install jpholiday or update market_calendar.py.
2026-09-20 06:09:56,551 [WARNING] leadlag.core.market_calendar: No static holiday table for year 2013. Install jpholiday or update market_calendar.py.
2026-09-20 06:09:56,551 [WARNING] leadlag.core.market_calendar: No static holiday table for year 2013. Install jpholiday or update market_calendar.py.
2026-09-20 06:09:56,551 [WARNING] leadlag.core.market_calendar: No static holiday table for year 2013. Install jpholiday or update market_calendar.py.
2026-09-20 06:09:56,552 [WARNING] leadlag.core.market_calendar: No static holiday table for year 2013. Install jpholiday or update market_calendar.py.
2026-09-20 06:09:56,552 [WARNING] leadlag.core.market_calendar: No static holiday table for year 2013. Install jpholiday or update market_calendar.py.
2026-09-20 06:09:56,552 [WARNING] leadlag.core.market_calendar: No static holiday table for year 2013. Install jpholiday or update market_calendar.py.
2026-09-20 06:09:56,552 [WARNING] leadlag.core.market_calendar: No static holiday table for year 2013. Install jpholiday or update market_calendar.py.
2026-09-20 06:09:56,552 [WARNING] leadlag.core.market_calendar: No static holiday table for year 2013. Install jpholiday or update market_calendar.py.
2026-09-20 06:09:56,552 [WARNING] leadlag.core.market_calendar: No static holiday table for year 2013. Install jpholiday or update market_calendar.py.
2026-09-20 06:09:56,553 [WARNING] leadlag.core.market_calendar: No static holiday table for year 2013. Install jpholiday or update market_calendar.py.
2026-09-20 06:09:56,553 [WARNING] leadlag.core.market_calendar: No static holiday table for year 2013. Install jpholiday or update market_calendar.py.
2026-09-20 06:09:56,553 [WARNING] leadlag.core.market_calendar: No static holiday table for year 2013. Install jpholiday or update market_calendar.py.
2026-09-20 06:09:56,553 [WARNING] leadlag.core.market_calendar: No static holiday table for year 2013. Install jpholiday or update market_calendar.py.
2026-09-20 06:09:56,553 [WARNING] leadlag.core.market_calendar: No static holiday table for year 2013. Install jpholiday or update market_calendar.py.
2026-09-20 06:09:56,553 [WARNING] leadlag.core.market_calendar: No static holiday table for year 2013. Install jpholiday or update market_calendar.py.
2026-09-20 06:09:56,553 [WARNING] leadlag.core.market_calendar: No static holiday table for year 2013. Install jpholiday or update market_calendar.py.
2026-09-20 06:09:56,554 [WARNING] leadlag.core.market_calendar: No static holiday table for year 2013. Install jpholiday or update market_calendar.py.
2026-09-20 06:09:56,554 [WARNING] leadlag.core.market_calendar: No static holiday table for year 2013. Install jpholiday or update market_calendar.py.
2026-09-20 06:09:56,554 [WARNING] leadlag.core.market_calendar: No static holiday table for year 2013. Install jpholiday or update market_calendar.py.
2026-09-20 06:09:56,554 [WARNING] leadlag.core.market_calendar: No static holiday table for year 2013. Install jpholiday or update market_calendar.py.
2026-09-20 06:09:56,554 [WARNING] leadlag.core.market_calendar: No static holiday table for year 2013. Install jpholiday or update market_calendar.py.
2026-09-20 06:09:56,554 [WARNING] leadlag.core.market_calendar: No static holiday table for year 2013. Install jpholiday or update market_calendar.py.
2026-09-20 06:09:56,555 [WARNING] leadlag.core.market_calendar: No static holiday table for year 2013. Install jpholiday or update market_calendar.py.
2026-09-20 06:09:56,555 [WARNING] leadlag.core.market_calendar: No static holiday table for year 2013. Install jpholiday or update market_calendar.py.
2026-09-20 06:09:56,555 [WARNING] leadlag.core.market_calendar: No static holiday table for year 2013. Install jpholiday or update market_calendar.py.
2026-09-20 06:09:56,555 [WARNING] leadlag.core.market_calendar: No static holiday table for year 2013. Install jpholiday or update market_calendar.py.
2026-09-20 06:09:56,555 [WARNING] leadlag.core.market_calendar: No static holiday table for year 2013. Install jpholiday or update market_calendar.py.
2026-09-20 06:09:56,555 [WARNING] leadlag.core.market_calendar: No static holiday table for year 2013. Install jpholiday or update market_calendar.py.
2026-09-20 06:09:56,555 [WARNING] leadlag.core.market_calendar: No static holiday table for year 2013. Install jpholiday or update market_calendar.py.
2026-09-20 06:09:56,555 [WARNING] leadlag.core.market_calendar: No static holiday table for year 2013. Install jpholiday or update market_calendar.py.
2026-09-20 06:09:56,556 [WARNING] leadlag.core.market_calendar: No static holiday table for year 2013. Install jpholiday or update market_calendar.py.
2026-09-20 06:09:56,556 [WARNING] leadlag.core.market_calendar: No static holiday table for year 2013. Install jpholiday or update market_calendar.py.
2026-09-20 06:09:56,556 [WARNING] leadlag.core.market_calendar: No static holiday table for year 2013. Install jpholiday or update market_calendar.py.
2026-09-20 06:09:56,556 [WARNING] leadlag.core.market_calendar: No static holiday table for year 2013. Install jpholiday or update market_calendar.py.
2026-09-20 06:09:56,556 [WARNING] leadlag.core.market_calendar: No static holiday table for year 2013. Install jpholiday or update market_calendar.py.
2026-09-20 06:09:56,556 [WARNING] leadlag.core.market_calendar: No static holiday table for year 2013. Install jpholiday or update market_calendar.py.
2026-09-20 06:09:56,556 [WARNING] leadlag.core.market_calendar: No static holiday table for year 2013. Install jpholiday or update market_calendar.py.
2026-09-20 06:09:56,557 [WARNING] leadlag.core.market_calendar: No static holiday table for year 2013. Install jpholiday or update market_calendar.py.
2026-09-20 06:09:56,557 [WARNING] leadlag.core.market_calendar: No static holiday table for year 2013. Install jpholiday or update market_calendar.py.
2026-09-20 06:09:56,557 [WARNING] leadlag.core.market_calendar: No static holiday table for year 2013. Install jpholiday or update market_calendar.py.
2026-09-20 06:09:56,557 [WARNING] leadlag.core.market_calendar: No static holiday table for year 2013. Install jpholiday or update market_calendar.py.
2026-09-20 06:09:56,557 [WARNING] leadlag.core.market_calendar: No static holiday table for year 2013. Install jpholiday or update market_calendar.py.
2026-09-20 06:09:56,557 [WARNING] leadlag.core.market_calendar: No static holiday table for year 2013. Install jpholiday or update market_calendar.py.
2026-09-20 06:09:56,557 [WARNING] leadlag.core.market_calendar: No static holiday table for year 2013. Install jpholiday or update market_calendar.py.
2026-09-20 06:09:56,558 [WARNING] leadlag.core.market_calendar: No static holiday table for year 2013. Install jpholiday or update market_calendar.py.
2026-09-20 06:09:56,558 [WARNING] leadlag.core.market_calendar: No static holiday table for year 2013. Install jpholiday or update market_calendar.py.
2026-09-20 06:09:56,558 [WARNING] leadlag.core.market_calendar: No static holiday table for year 2013. Install jpholiday or update market_calendar.py.
2026-09-20 06:09:56,558 [WARNING] leadlag.core.market_calendar: No static holiday table for year 2013. Install jpholiday or update market_calendar.py.
2026-09-20 06:09:56,558 [WARNING] leadlag.core.market_calendar: No static holiday table for year 2013. Install jpholiday or update market_calendar.py.
2026-09-20 06:09:56,558 [WARNING] leadlag.core.market_calendar: No static holiday table for year 2013. Install jpholiday or update market_calendar.py.
2026-09-20 06:09:56,558 [WARNING] leadlag.core.market_calendar: No static holiday table for year 2013. Install jpholiday or update market_calendar.py.
2026-09-20 06:09:56,558 [WARNING] leadlag.core.market_calendar: No static holiday table for year 2013. Install jpholiday or update market_calendar.py.
2026-09-20 06:09:56,559 [WARNING] leadlag.core.market_calendar: No static holiday table for year 2013. Install jpholiday or update market_calendar.py.
2026-09-20 06:09:56,559 [WARNING] leadlag.core.market_calendar: No static holiday table for year 2013. Install jpholiday or update market_calendar.py.
2026-09-20 06:09:56,559 [WARNING] leadlag.core.market_calendar: No static holiday table for year 2013. Install jpholiday or update market_calendar.py.
2026-09-20 06:09:56,559 [WARNING] leadlag.core.market_calendar: No static holiday table for year 2013. Install jpholiday or update market_calendar.py.
2026-09-20 06:09:56,559 [WARNING] leadlag.core.market_calendar: No static holiday table for year 2013. Install jpholiday or update market_calendar.py.
2026-09-20 06:09:56,559 [WARNING] leadlag.core.market_calendar: No static holiday table for year 2013. Install jpholiday or update market_calendar.py.
2026-09-20 06:09:56,559 [WARNING] leadlag.core.market_calendar: No static holiday table for year 2013. Install jpholiday or update market_calendar.py.
2026-09-20 06:09:56,560 [WARNING] leadlag.core.market_calendar: No static holiday table for year 2013. Install jpholiday or update market_calendar.py.
2026-09-20 06:09:56,560 [WARNING] leadlag.core.market_calendar: No static holiday table for year 2013. Install jpholiday or update market_calendar.py.
2026-09-20 06:09:56,560 [WARNING] leadlag.core.market_calendar: No static holiday table for year 2013. Install jpholiday or update market_calendar.py.
2026-09-20 06:09:56,560 [WARNING] leadlag.core.market_calendar: No static holiday table for year 2013. Install jpholiday or update market_calendar.py.
2026-09-20 06:09:56,560 [WARNING] leadlag.core.market_calendar: No static holiday table for year 2014. Install jpholiday or update market_calendar.py.
2026-09-20 06:09:56,560 [WARNING] leadlag.core.market_calendar: No static holiday table for year 2014. Install jpholiday or update market_calendar.py.
2026-09-20 06:09:56,560 [WARNING] leadlag.core.market_calendar: No static holiday table for year 2014. Install jpholiday or update market_calendar.py.
2026-09-20 06:09:56,561 [WARNING] leadlag.core.market_calendar: No static holiday table for year 2014. Install jpholiday or update market_calendar.py.
2026-09-20 06:09:56,561 [WARNING] leadlag.core.market_calendar: No static holiday table for year 2014. Install jpholiday or update market_calendar.py.
2026-09-20 06:09:56,561 [WARNING] leadlag.core.market_calendar: No static holiday table for year 2014. Install jpholiday or update market_calendar.py.
2026-09-20 06:09:56,561 [WARNING] leadlag.core.market_calendar: No static holiday table for year 2014. Install jpholiday or update market_calendar.py.
2026-09-20 06:09:56,561 [WARNING] leadlag.core.market_calendar: No static holiday table for year 2014. Install jpholiday or update market_calendar.py.
2026-09-20 06:09:56,561 [WARNING] leadlag.core.market_calendar: No static holiday table for year 2014. Install jpholiday or update market_calendar.py.
2026-09-20 06:09:56,561 [WARNING] leadlag.core.market_calendar: No static holiday table for year 2014. Install jpholiday or update market_calendar.py.
2026-09-20 06:09:56,562 [WARNING] leadlag.core.market_calendar: No static holiday table for year 2014. Install jpholiday or update market_calendar.py.
2026-09-20 06:09:56,562 [WARNING] leadlag.core.market_calendar: No static holiday table for year 2014. Install jpholiday or update market_calendar.py.
2026-09-20 06:09:56,562 [WARNING] leadlag.core.market_calendar: No static holiday table for year 2014. Install jpholiday or update market_calendar.py.
2026-09-20 06:09:56,562 [WARNING] leadlag.core.market_calendar: No static holiday table for year 2014. Install jpholiday or update market_calendar.py.
2026-09-20 06:09:56,562 [WARNING] leadlag.core.market_calendar: No static holiday table for year 2014. Install jpholiday or update market_calendar.py.
2026-09-20 06:09:56,562 [WARNING] leadlag.core.market_calendar: No static holiday table for year 2014. Install jpholiday or update market_calendar.py.
2026-09-20 06:09:56,563 [WARNING] leadlag.core.market_calendar: No static holiday table for year 2014. Install jpholiday or update market_calendar.py.
2026-09-20 06:09:56,563 [WARNING] leadlag.core.market_calendar: No static holiday table for year 2014. Install jpholiday or update market_calendar.py.
2026-09-20 06:09:56,563 [WARNING] leadlag.core.market_calendar: No static holiday table for year 2014. Install jpholiday or update market_calendar.py.
2026-09-20 06:09:56,563 [WARNING] leadlag.core.market_calendar: No static holiday table for year 2014. Install jpholiday or update market_calendar.py.
2026-09-20 06:09:56,563 [WARNING] leadlag.core.market_calendar: No static holiday table for year 2014. Install jpholiday or update market_calendar.py.
2026-09-20 06:09:56,563 [WARNING] leadlag.core.market_calendar: No static holiday table for year 2014. Install jpholiday or update market_calendar.py.
2026-09-20 06:09:56,563 [WARNING] leadlag.core.market_calendar: No static holiday table for year 2014. Install jpholiday or update market_calendar.py.
2026-09-20 06:09:56,564 [WARNING] leadlag.core.market_calendar: No static holiday table for year 2014. Install jpholiday or update market_calendar.py.
2026-09-20 06:09:56,564 [WARNING] leadlag.core.market_calendar: No static holiday table for year 2014. Install jpholiday or update market_calendar.py.
2026-09-20 06:09:56,564 [WARNING] leadlag.core.market_calendar: No static holiday table for year 2014. Install jpholiday or update market_calendar.py.
2026-09-20 06:09:56,564 [WARNING] leadlag.core.market_calendar: No static holiday table for year 2014. Install jpholiday or update market_calendar.py.
2026-09-20 06:09:56,564 [WARNING] leadlag.core.market_calendar: No static holiday table for year 2014. Install jpholiday or update market_calendar.py.
2026-09-20 06:09:56,564 [WARNING] leadlag.core.market_calendar: No static holiday table for year 2014. Install jpholiday or update market_calendar.py.
2026-09-20 06:09:56,564 [WARNING] leadlag.core.market_calendar: No static holiday table for year 2014. Install jpholiday or update market_calendar.py.
2026-09-20 06:09:56,564 [WARNING] leadlag.core.market_calendar: No static holiday table for year 2014. Install jpholiday or update market_calendar.py.
2026-09-20 06:09:56,565 [WARNING] leadlag.core.market_calendar: No static holiday table for year 2014. Install jpholiday or update market_calendar.py.
2026-09-20 06:09:56,565 [WARNING] leadlag.core.market_calendar: No static holiday table for year 2014. Install jpholiday or update market_calendar.py.
2026-09-20 06:09:56,565 [WARNING] leadlag.core.market_calendar: No static holiday table for year 2014. Install jpholiday or update market_calendar.py.
2026-09-20 06:09:56,565 [WARNING] leadlag.core.market_calendar: No static holiday table for year 2014. Install jpholiday or update market_calendar.py.
2026-09-20 06:09:56,565 [WARNING] leadlag.core.market_calendar: No static holiday table for year 2014. Install jpholiday or update market_calendar.py.
2026-09-20 06:09:56,565 [WARNING] leadlag.core.market_calendar: No static holiday table for year 2014. Install jpholiday or update market_calendar.py.
2026-09-20 06:09:56,565 [WARNING] leadlag.core.market_calendar: No static holiday table for year 2014. Install jpholiday or update market_calendar.py.
2026-09-20 06:09:56,566 [WARNING] leadlag.core.market_calendar: No static holiday table for year 2014. Install jpholiday or update market_calendar.py.
2026-09-20 06:09:56,566 [WARNING] leadlag.core.market_calendar: No static holiday table for year 2014. Install jpholiday or update market_calendar.py.
2026-09-20 06:09:56,566 [WARNING] leadlag.core.market_calendar: No static holiday table for year 2014. Install jpholiday or update market_calendar.py.
2026-09-20 06:09:56,566 [WARNING] leadlag.core.market_calendar: No static holiday table for year 2014. Install jpholiday or update market_calendar.py.
2026-09-20 06:09:56,566 [WARNING] leadlag.core.market_calendar: No static holiday table for year 2014. Install jpholiday or update market_calendar.py.
2026-09-20 06:09:56,567 [WARNING] leadlag.core.market_calendar: No static holiday table for year 2014. Install jpholiday or update market_calendar.py.
2026-09-20 06:09:56,567 [WARNING] leadlag.core.market_calendar: No static holiday table for year 2014. Install jpholiday or update market_calendar.py.
2026-09-20 06:09:56,567 [WARNING] leadlag.core.market_calendar: No static holiday table for year 2014. Install jpholiday or update market_calendar.py.
2026-09-20 06:09:56,567 [WARNING] leadlag.core.market_calendar: No static holiday table for year 2014. Install jpholiday or update market_calendar.py.
2026-09-20 06:09:56,567 [WARNING] leadlag.core.market_calendar: No static holiday table for year 2014. Install jpholiday or update market_calendar.py.
2026-09-20 06:09:56,567 [WARNING] leadlag.core.market_calendar: No static holiday table for year 2014. Install jpholiday or update market_calendar.py.
2026-09-20 06:09:56,568 [WARNING] leadlag.core.market_calendar: No static holiday table for year 2014. Install jpholiday or update market_calendar.py.
2026-09-20 06:09:56,568 [WARNING] leadlag.core.market_calendar: No static holiday table for year 2014. Install jpholiday or update market_calendar.py.
2026-09-20 06:09:56,568 [WARNING] leadlag.core.market_calendar: No static holiday table for year 2014. Install jpholiday or update market_calendar.py.
2026-09-20 06:09:56,568 [WARNING] leadlag.core.market_calendar: No static holiday table for year 2014. Install jpholiday or update market_calendar.py.
2026-09-20 06:09:56,568 [WARNING] leadlag.core.market_calendar: No static holiday table for year 2014. Install jpholiday or update market_calendar.py.
2026-09-20 06:09:56,569 [WARNING] leadlag.core.market_calendar: No static holiday table for year 2014. Install jpholiday or update market_calendar.py.
2026-09-20 06:09:56,569 [WARNING] leadlag.core.market_calendar: No static holiday table for year 2014. Install jpholiday or update market_calendar.py.
2026-09-20 06:09:56,569 [WARNING] leadlag.core.market_calendar: No static holiday table for year 2014. Install jpholiday or update market_calendar.py.
2026-09-20 06:09:56,569 [WARNING] leadlag.core.market_calendar: No static holiday table for year 2014. Install jpholiday or update market_calendar.py.
2026-09-20 06:09:56,569 [WARNING] leadlag.core.market_calendar: No static holiday table for year 2014. Install jpholiday or update market_calendar.py.
2026-09-20 06:09:56,569 [WARNING] leadlag.core.market_calendar: No static holiday table for year 2014. Install jpholiday or update market_calendar.py.
2026-09-20 06:09:56,570 [WARNING] leadlag.core.market_calendar: No static holiday table for year 2014. Install jpholiday or update market_calendar.py.
2026-09-20 06:09:56,570 [WARNING] leadlag.core.market_calendar: No static holiday table for year 2014. Install jpholiday or update market_calendar.py.
2026-09-20 06:09:56,570 [WARNING] leadlag.core.market_calendar: No static holiday table for year 2014. Install jpholiday or update market_calendar.py.
2026-09-20 06:09:56,570 [WARNING] leadlag.core.market_calendar: No static holiday table for year 2014. Install jpholiday or update market_calendar.py.
2026-09-20 06:09:56,570 [WARNING] leadlag.core.market_calendar: No static holiday table for year 2014. Install jpholiday or update market_calendar.py.
2026-09-20 06:09:56,570 [WARNING] leadlag.core.market_calendar: No static holiday table for year 2014. Install jpholiday or update market_calendar.py.
2026-09-20 06:09:56,570 [WARNING] leadlag.core.market_calendar: No static holiday table for year 2014. Install jpholiday or update market_calendar.py.
2026-09-20 06:09:56,570 [WARNING] leadlag.core.market_calendar: No static holiday table for year 2014. Install jpholiday or update market_calendar.py.
2026-09-20 06:09:56,571 [WARNING] leadlag.core.market_calendar: No static holiday table for year 2014. Install jpholiday or update market_calendar.py.
2026-09-20 06:09:56,571 [WARNING] leadlag.core.market_calendar: No static holiday table for year 2014. Install jpholiday or update market_calendar.py.
2026-09-20 06:09:56,571 [WARNING] leadlag.core.market_calendar: No static holiday table for year 2014. Install jpholiday or update market_calendar.py.
2026-09-20 06:09:56,571 [WARNING] leadlag.core.market_calendar: No static holiday table for year 2014. Install jpholiday or update market_calendar.py.
2026-09-20 06:09:56,571 [WARNING] leadlag.core.market_calendar: No static holiday table for year 2014. Install jpholiday or update market_calendar.py.
2026-09-20 06:09:56,571 [WARNING] leadlag.core.market_calendar: No static holiday table for year 2014. Install jpholiday or update market_calendar.py.
2026-09-20 06:09:56,571 [WARNING] leadlag.core.market_calendar: No static holiday table for year 2014. Install jpholiday or update market_calendar.py.
2026-09-20 06:09:56,571 [WARNING] leadlag.core.market_calendar: No static holiday table for year 2014. Install jpholiday or update market_calendar.py.
2026-09-20 06:09:56,572 [WARNING] leadlag.core.market_calendar: No static holiday table for year 2014. Install jpholiday or update market_calendar.py.
2026-09-20 06:09:56,572 [WARNING] leadlag.core.market_calendar: No static holiday table for year 2014. Install jpholiday or update market_calendar.py.
2026-09-20 06:09:56,572 [WARNING] leadlag.core.market_calendar: No static holiday table for year 2014. Install jpholiday or update market_calendar.py.
2026-09-20 06:09:56,572 [WARNING] leadlag.core.market_calendar: No static holiday table for year 2014. Install jpholiday or update market_calendar.py.
2026-09-20 06:09:56,572 [WARNING] leadlag.core.market_calendar: No static holiday table for year 2014. Install jpholiday or update market_calendar.py.
2026-09-20 06:09:56,572 [WARNING] leadlag.core.market_calendar: No static holiday table for year 2014. Install jpholiday or update market_calendar.py.
2026-09-20 06:09:56,572 [WARNING] leadlag.core.market_calendar: No static holiday table for year 2014. Install jpholiday or update market_calendar.py.
2026-09-20 06:09:56,573 [WARNING] leadlag.core.market_calendar: No static holiday table for year 2014. Install jpholiday or update market_calendar.py.
2026-09-20 06:09:56,573 [WARNING] leadlag.core.market_calendar: No static holiday table for year 2014. Install jpholiday or update market_calendar.py.
2026-09-20 06:09:56,573 [WARNING] leadlag.core.market_calendar: No static holiday table for year 2014. Install jpholiday or update market_calendar.py.
2026-09-20 06:09:56,573 [WARNING] leadlag.core.market_calendar: No static holiday table for year 2014. Install jpholiday or update market_calendar.py.
2026-09-20 06:09:56,573 [WARNING] leadlag.core.market_calendar: No static holiday table for year 2014. Install jpholiday or update market_calendar.py.
2026-09-20 06:09:56,573 [WARNING] leadlag.core.market_calendar: No static holiday table for year 2014. Install jpholiday or update market_calendar.py.
2026-09-20 06:09:56,573 [WARNING] leadlag.core.market_calendar: No static holiday table for year 2014. Install jpholiday or update market_calendar.py.
2026-09-20 06:09:56,574 [WARNING] leadlag.core.market_calendar: No static holiday table for year 2014. Install jpholiday or update market_calendar.py.
2026-09-20 06:09:56,574 [WARNING] leadlag.core.market_calendar: No static holiday table for year 2014. Install jpholiday or update market_calendar.py.
2026-09-20 06:09:56,574 [WARNING] leadlag.core.market_calendar: No static holiday table for year 2014. Install jpholiday or update market_calendar.py.
2026-09-20 06:09:56,574 [WARNING] leadlag.core.market_calendar: No static holiday table for year 2014. Install jpholiday or update market_calendar.py.
2026-09-20 06:09:56,574 [WARNING] leadlag.core.market_calendar: No static holiday table for year 2014. Install jpholiday or update market_calendar.py.
2026-09-20 06:09:56,574 [WARNING] leadlag.core.market_calendar: No static holiday table for year 2014. Install jpholiday or update market_calendar.py.
2026-09-20 06:09:56,574 [WARNING] leadlag.core.market_calendar: No static holiday table for year 2014. Install jpholiday or update market_calendar.py.
2026-09-20 06:09:56,574 [WARNING] leadlag.core.market_calendar: No static holiday table for year 2014. Install jpholiday or update market_calendar.py.
2026-09-20 06:09:56,575 [WARNING] leadlag.core.market_calendar: No static holiday table for year 2014. Install jpholiday or update market_calendar.py.
2026-09-20 06:09:56,575 [WARNING] leadlag.core.market_calendar: No static holiday table for year 2014. Install jpholiday or update market_calendar.py.
2026-09-20 06:09:56,575 [WARNING] leadlag.core.market_calendar: No static holiday table for year 2014. Install jpholiday or update market_calendar.py.
2026-09-20 06:09:56,575 [WARNING] leadlag.core.market_calendar: No static holiday table for year 2014. Install jpholiday or update market_calendar.py.
2026-09-20 06:09:56,575 [WARNING] leadlag.core.market_calendar: No static holiday table for year 2014. Install jpholiday or update market_calendar.py.
2026-09-20 06:09:56,575 [WARNING] leadlag.core.market_calendar: No static holiday table for year 2014. Install jpholiday or update market_calendar.py.
2026-09-20 06:09:56,575 [WARNING] leadlag.core.market_calendar: No static holiday table for year 2014. Install jpholiday or update market_calendar.py.
2026-09-20 06:09:56,575 [WARNING] leadlag.core.market_calendar: No static holiday table for year 2014. Install jpholiday or update market_calendar.py.
2026-09-20 06:09:56,576 [WARNING] leadlag.core.market_calendar: No static holiday table for year 2014. Install jpholiday or update market_calendar.py.
2026-09-20 06:09:56,576 [WARNING] leadlag.core.market_calendar: No static holiday table for year 2014. Install jpholiday or update market_calendar.py.
2026-09-20 06:09:56,576 [WARNING] leadlag.core.market_calendar: No static holiday table for year 2014. Install jpholiday or update market_calendar.py.
2026-09-20 06:09:56,576 [WARNING] leadlag.core.market_calendar: No static holiday table for year 2014. Install jpholiday or update market_calendar.py.
2026-09-20 06:09:56,576 [WARNING] leadlag.core.market_calendar: No static holiday table for year 2014. Install jpholiday or update market_calendar.py.
2026-09-20 06:09:56,576 [WARNING] leadlag.core.market_calendar: No static holiday table for year 2014. Install jpholiday or update market_calendar.py.
2026-09-20 06:09:56,576 [WARNING] leadlag.core.market_calendar: No static holiday table for year 2014. Install jpholiday or update market_calendar.py.
2026-09-20 06:09:56,577 [WARNING] leadlag.core.market_calendar: No static holiday table for year 2014. Install jpholiday or update market_calendar.py.
2026-09-20 06:09:56,577 [WARNING] leadlag.core.market_calendar: No static holiday table for year 2014. Install jpholiday or update market_calendar.py.
2026-09-20 06:09:56,577 [WARNING] leadlag.core.market_calendar: No static holiday table for year 2014. Install jpholiday or update market_calendar.py.
2026-09-20 06:09:56,577 [WARNING] leadlag.core.market_calendar: No static holiday table for year 2014. Install jpholiday or update market_calendar.py.
2026-09-20 06:09:56,577 [WARNING] leadlag.core.market_calendar: No static holiday table for year 2014. Install jpholiday or update market_calendar.py.
2026-09-20 06:09:56,577 [WARNING] leadlag.core.market_calendar: No static holiday table for year 2014. Install jpholiday or update market_calendar.py.
2026-09-20 06:09:56,577 [WARNING] leadlag.core.market_calendar: No static holiday table for year 2014. Install jpholiday or update market_calendar.py.
2026-09-20 06:09:56,578 [WARNING] leadlag.core.market_calendar: No static holiday table for year 2014. Install jpholiday or update market_calendar.py.
2026-09-20 06:09:56,578 [WARNING] leadlag.core.market_calendar: No static holiday table for year 2014. Install jpholiday or update market_calendar.py.
2026-09-20 06:09:56,578 [WARNING] leadlag.core.market_calendar: No static holiday table for year 2014. Install jpholiday or update market_calendar.py.
2026-09-20 06:09:56,578 [WARNING] leadlag.core.market_calendar: No static holiday table for year 2014. Install jpholiday or update market_calendar.py.
2026-09-20 06:09:56,578 [WARNING] leadlag.core.market_calendar: No static holiday table for year 2014. Install jpholiday or update market_calendar.py.
2026-09-20 06:09:56,578 [WARNING] leadlag.core.market_calendar: No static holiday table for year 2014. Install jpholiday or update market_calendar.py.
2026-09-20 06:09:56,578 [WARNING] leadlag.core.market_calendar: No static holiday table for year 2014. Install jpholiday or update market_calendar.py.
2026-09-20 06:09:56,579 [WARNING] leadlag.core.market_calendar: No static holiday table for year 2014. Install jpholiday or update market_calendar.py.
2026-09-20 06:09:56,579 [WARNING] leadlag.core.market_calendar: No static holiday table for year 2014. Install jpholiday or update market_calendar.py.
2026-09-20 06:09:56,579 [WARNING] leadlag.core.market_calendar: No static holiday table for year 2014. Install jpholiday or update market_calendar.py.
2026-09-20 06:09:56,579 [WARNING] leadlag.core.market_calendar: No static holiday table for year 2014. Install jpholiday or update market_calendar.py.
2026-09-20 06:09:56,579 [WARNING] leadlag.core.market_calendar: No static holiday table for year 2014. Install jpholiday or update market_calendar.py.
2026-09-20 06:09:56,579 [WARNING] leadlag.core.market_calendar: No static holiday table for year 2014. Install jpholiday or update market_calendar.py.
2026-09-20 06:09:56,580 [WARNING] leadlag.core.market_calendar: No static holiday table for year 2014. Install jpholiday or update market_calendar.py.
2026-09-20 06:09:56,580 [WARNING] leadlag.core.market_calendar: No static holiday table for year 2014. Install jpholiday or update market_calendar.py.
2026-09-20 06:09:56,580 [WARNING] leadlag.core.market_calendar: No static holiday table for year 2014. Install jpholiday or update market_calendar.py.
2026-09-20 06:09:56,580 [WARNING] leadlag.core.market_calendar: No static holiday table for year 2014. Install jpholiday or update market_calendar.py.
2026-09-20 06:09:56,580 [WARNING] leadlag.core.market_calendar: No static holiday table for year 2014. Install jpholiday or update market_calendar.py.
2026-09-20 06:09:56,580 [WARNING] leadlag.core.market_calendar: No static holiday table for year 2014. Install jpholiday or update market_calendar.py.
2026-09-20 06:09:56,581 [WARNING] leadlag.core.market_calendar: No static holiday table for year 2014. Install jpholiday or update market_calendar.py.
2026-09-20 06:09:56,581 [WARNING] leadlag.core.market_calendar: No static holiday table for year 2014. Install jpholiday or update market_calendar.py.
2026-09-20 06:09:56,581 [WARNING] leadlag.core.market_calendar: No static holiday table for year 2014. Install jpholiday or update market_calendar.py.
2026-09-20 06:09:56,581 [WARNING] leadlag.core.market_calendar: No static holiday table for year 2014. Install jpholiday or update market_calendar.py.
2026-09-20 06:09:56,581 [WARNING] leadlag.core.market_calendar: No static holiday table for year 2014. Install jpholiday or update market_calendar.py.
2026-09-20 06:09:56,581 [WARNING] leadlag.core.market_calendar: No static holiday table for year 2014. Install jpholiday or update market_calendar.py.
2026-09-20 06:09:56,581 [WARNING] leadlag.core.market_calendar: No static holiday table for year 2014. Install jpholiday or update market_calendar.py.
2026-09-20 06:09:56,582 [WARNING] leadlag.core.market_calendar: No static holiday table for year 2014. Install jpholiday or update market_calendar.py.
2026-09-20 06:09:56,582 [WARNING] leadlag.core.market_calendar: No static holiday table for year 2014. Install jpholiday or update market_calendar.py.
2026-09-20 06:09:56,582 [WARNING] leadlag.core.market_calendar: No static holiday table for year 2014. Install jpholiday or update market_calendar.py.
2026-09-20 06:09:56,582 [WARNING] leadlag.core.market_calendar: No static holiday table for year 2014. Install jpholiday or update market_calendar.py.
2026-09-20 06:09:56,582 [WARNING] leadlag.core.market_calendar: No static holiday table for year 2014. Install jpholiday or update market_calendar.py.
2026-09-20 06:09:56,582 [WARNING] leadlag.core.market_calendar: No static holiday table for year 2014. Install jpholiday or update market_calendar.py.
2026-09-20 06:09:56,582 [WARNING] leadlag.core.market_calendar: No static holiday table for year 2014. Install jpholiday or update market_calendar.py.
2026-09-20 06:09:56,583 [WARNING] leadlag.core.market_calendar: No static holiday table for year 2014. Install jpholiday or update market_calendar.py.
2026-09-20 06:09:56,583 [WARNING] leadlag.core.market_calendar: No static holiday table for year 2014. Install jpholiday or update market_calendar.py.
2026-09-20 06:09:56,583 [WARNING] leadlag.core.market_calendar: No static holiday table for year 2014. Install jpholiday or update market_calendar.py.
2026-09-20 06:09:56,583 [WARNING] leadlag.core.market_calendar: No static holiday table for year 2014. Install jpholiday or update market_calendar.py.
2026-09-20 06:09:56,583 [WARNING] leadlag.core.market_calendar: No static holiday table for year 2014. Install jpholiday or update market_calendar.py.
2026-09-20 06:09:56,583 [WARNING] leadlag.core.market_calendar: No static holiday table for year 2014. Install jpholiday or update market_calendar.py.
2026-09-20 06:09:56,583 [WARNING] leadlag.core.market_calendar: No static holiday table for year 2014. Install jpholiday or update market_calendar.py.
2026-09-20 06:09:56,583 [WARNING] leadlag.core.market_calendar: No static holiday table for year 2014. Install jpholiday or update market_calendar.py.
2026-09-20 06:09:56,584 [WARNING] leadlag.core.market_calendar: No static holiday table for year 2014. Install jpholiday or update market_calendar.py.
2026-09-20 06:09:56,584 [WARNING] leadlag.core.market_calendar: No static holiday table for year 2014. Install jpholiday or update market_calendar.py.
2026-09-20 06:09:56,584 [WARNING] leadlag.core.market_calendar: No static holiday table for year 2014. Install jpholiday or update market_calendar.py.
2026-09-20 06:09:56,584 [WARNING] leadlag.core.market_calendar: No static holiday table for year 2014. Install jpholiday or update market_calendar.py.
2026-09-20 06:09:56,584 [WARNING] leadlag.core.market_calendar: No static holiday table for year 2014. Install jpholiday or update market_calendar.py.
2026-09-20 06:09:56,585 [WARNING] leadlag.core.market_calendar: No static holiday table for year 2014. Install jpholiday or update market_calendar.py.
2026-09-20 06:09:56,585 [WARNING] leadlag.core.market_calendar: No static holiday table for year 2014. Install jpholiday or update market_calendar.py.
2026-09-20 06:09:56,585 [WARNING] leadlag.core.market_calendar: No static holiday table for year 2014. Install jpholiday or update market_calendar.py.
2026-09-20 06:09:56,585 [WARNING] leadlag.core.market_calendar: No static holiday table for year 2014. Install jpholiday or update market_calendar.py.
2026-09-20 06:09:56,585 [WARNING] leadlag.core.market_calendar: No static holiday table for year 2014. Install jpholiday or update market_calendar.py.
2026-09-20 06:09:56,586 [WARNING] leadlag.core.market_calendar: No static holiday table for year 2014. Install jpholiday or update market_calendar.py.
2026-09-20 06:09:56,586 [WARNING] leadlag.core.market_calendar: No static holiday table for year 2014. Install jpholiday or update market_calendar.py.
2026-09-20 06:09:56,586 [WARNING] leadlag.core.market_calendar: No static holiday table for year 2014. Install jpholiday or update market_calendar.py.
2026-09-20 06:09:56,586 [WARNING] leadlag.core.market_calendar: No static holiday table for year 2014. Install jpholiday or update market_calendar.py.
2026-09-20 06:09:56,586 [WARNING] leadlag.core.market_calendar: No static holiday table for year 2014. Install jpholiday or update market_calendar.py.
2026-09-20 06:09:56,587 [WARNING] leadlag.core.market_calendar: No static holiday table for year 2014. Install jpholiday or update market_calendar.py.
2026-09-20 06:09:56,587 [WARNING] leadlag.core.market_calendar: No static holiday table for year 2014. Install jpholiday or update market_calendar.py.
2026-09-20 06:09:56,587 [WARNING] leadlag.core.market_calendar: No static holiday table for year 2014. Install jpholiday or update market_calendar.py.
2026-09-20 06:09:56,587 [WARNING] leadlag.core.market_calendar: No static holiday table for year 2014. Install jpholiday or update market_calendar.py.
2026-09-20 06:09:56,587 [WARNING] leadlag.core.market_calendar: No static holiday table for year 2014. Install jpholiday or update market_calendar.py.
2026-09-20 06:09:56,588 [WARNING] leadlag.core.market_calendar: No static holiday table for year 2014. Install jpholiday or update market_calendar.py.
2026-09-20 06:09:56,588 [WARNING] leadlag.core.market_calendar: No static holiday table for year 2014. Install jpholiday or update market_calendar.py.
2026-09-20 06:09:56,588 [WARNING] leadlag.core.market_calendar: No static holiday table for year 2014. Install jpholiday or update market_calendar.py.
2026-09-20 06:09:56,588 [WARNING] leadlag.core.market_calendar: No static holiday table for year 2014. Install jpholiday or update market_calendar.py.
2026-09-20 06:09:56,588 [WARNING] leadlag.core.market_calendar: No static holiday table for year 2014. Install jpholiday or update market_calendar.py.
2026-09-20 06:09:56,588 [WARNING] leadlag.core.market_calendar: No static holiday table for year 2014. Install jpholiday or update market_calendar.py.
2026-09-20 06:09:56,589 [WARNING] leadlag.core.market_calendar: No static holiday table for year 2014. Install jpholiday or update market_calendar.py.
2026-09-20 06:09:56,589 [WARNING] leadlag.core.market_calendar: No static holiday table for year 2014. Install jpholiday or update market_calendar.py.
2026-09-20 06:09:56,589 [WARNING] leadlag.core.market_calendar: No static holiday table for year 2014. Install jpholiday or update market_calendar.py.
2026-09-20 06:09:56,589 [WARNING] leadlag.core.market_calendar: No static holiday table for year 2014. Install jpholiday or update market_calendar.py.
2026-09-20 06:09:56,589 [WARNING] leadlag.core.market_calendar: No static holiday table for year 2014. Install jpholiday or update market_calendar.py.
2026-09-20 06:09:56,589 [WARNING] leadlag.core.market_calendar: No static holiday table for year 2014. Install jpholiday or update market_calendar.py.
2026-09-20 06:09:56,589 [WARNING] leadlag.core.market_calendar: No static holiday table for year 2014. Install jpholiday or update market_calendar.py.
2026-09-20 06:09:56,590 [WARNING] leadlag.core.market_calendar: No static holiday table for year 2014. Install jpholiday or update market_calendar.py.
2026-09-20 06:09:56,590 [WARNING] leadlag.core.market_calendar: No static holiday table for year 2014. Install jpholiday or update market_calendar.py.
2026-09-20 06:09:56,590 [WARNING] leadlag.core.market_calendar: No static holiday table for year 2014. Install jpholiday or update market_calendar.py.
2026-09-20 06:09:56,590 [WARNING] leadlag.core.market_calendar: No static holiday table for year 2014. Install jpholiday or update market_calendar.py.
2026-09-20 06:09:56,590 [WARNING] leadlag.core.market_calendar: No static holiday table for year 2014. Install jpholiday or update market_calendar.py.
2026-09-20 06:09:56,590 [WARNING] leadlag.core.market_calendar: No static holiday table for year 2014. Install jpholiday or update market_calendar.py.
2026-09-20 06:09:56,591 [WARNING] leadlag.core.market_calendar: No static holiday table for year 2014. Install jpholiday or update market_calendar.py.
2026-09-20 06:09:56,591 [WARNING] leadlag.core.market_calendar: No static holiday table for year 2014. Install jpholiday or update market_calendar.py.
2026-09-20 06:09:56,591 [WARNING] leadlag.core.market_calendar: No static holiday table for year 2014. Install jpholiday or update market_calendar.py.
2026-09-20 06:09:56,591 [WARNING] leadlag.core.market_calendar: No static holiday table for year 2014. Install jpholiday or update market_calendar.py.
2026-09-20 06:09:56,591 [WARNING] leadlag.core.market_calendar: No static holiday table for year 2014. Install jpholiday or update market_calendar.py.
2026-09-20 06:09:56,591 [WARNING] leadlag.core.market_calendar: No static holiday table for year 2014. Install jpholiday or update market_calendar.py.
2026-09-20 06:09:56,591 [WARNING] leadlag.core.market_calendar: No static holiday table for year 2014. Install jpholiday or update market_calendar.py.
2026-09-20 06:09:56,592 [WARNING] leadlag.core.market_calendar: No static holiday table for year 2014. Install jpholiday or update market_calendar.py.
2026-09-20 06:09:56,592 [WARNING] leadlag.core.market_calendar: No static holiday table for year 2014. Install jpholiday or update market_calendar.py.
2026-09-20 06:09:56,592 [WARNING] leadlag.core.market_calendar: No static holiday table for year 2014. Install jpholiday or update market_calendar.py.
2026-09-20 06:09:56,592 [WARNING] leadlag.core.market_calendar: No static holiday table for year 2014. Install jpholiday or update market_calendar.py.
2026-09-20 06:09:56,592 [WARNING] leadlag.core.market_calendar: No static holiday table for year 2014. Install jpholiday or update market_calendar.py.
2026-09-20 06:09:56,592 [WARNING] leadlag.core.market_calendar: No static holiday table for year 2014. Install jpholiday or update market_calendar.py.
2026-09-20 06:09:56,592 [WARNING] leadlag.core.market_calendar: No static holiday table for year 2014. Install jpholiday or update market_calendar.py.
2026-09-20 06:09:56,592 [WARNING] leadlag.core.market_calendar: No static holiday table for year 2014. Install jpholiday or update market_calendar.py.
2026-09-20 06:09:56,593 [WARNING] leadlag.core.market_calendar: No static holiday table for year 2014. Install jpholiday or update market_calendar.py.
2026-09-20 06:09:56,593 [WARNING] leadlag.core.market_calendar: No static holiday table for year 2014. Install jpholiday or update market_calendar.py.
2026-09-20 06:09:56,593 [WARNING] leadlag.core.market_calendar: No static holiday table for year 2014. Install jpholiday or update market_calendar.py.
2026-09-20 06:09:56,593 [WARNING] leadlag.core.market_calendar: No static holiday table for year 2014. Install jpholiday or update market_calendar.py.
2026-09-20 06:09:56,593 [WARNING] leadlag.core.market_calendar: No static holiday table for year 2014. Install jpholiday or update market_calendar.py.
2026-09-20 06:09:56,593 [WARNING] leadlag.core.market_calendar: No static holiday table for year 2014. Install jpholiday or update market_calendar.py.
2026-09-20 06:09:56,593 [WARNING] leadlag.core.market_calendar: No static holiday table for year 2014. Install jpholiday or update market_calendar.py.
2026-09-20 06:09:56,594 [WARNING] leadlag.core.market_calendar: No static holiday table for year 2014. Install jpholiday or update market_calendar.py.
2026-09-20 06:09:56,594 [WARNING] leadlag.core.market_calendar: No static holiday table for year 2014. Install jpholiday or update market_calendar.py.
2026-09-20 06:09:56,594 [WARNING] leadlag.core.market_calendar: No static holiday table for year 2014. Install jpholiday or update market_calendar.py.
2026-09-20 06:09:56,594 [WARNING] leadlag.core.market_calendar: No static holiday table for year 2014. Install jpholiday or update market_calendar.py.
2026-09-20 06:09:56,594 [WARNING] leadlag.core.market_calendar: No static holiday table for year 2014. Install jpholiday or update market_calendar.py.
2026-09-20 06:09:56,594 [WARNING] leadlag.core.market_calendar: No static holiday table for year 2014. Install jpholiday or update market_calendar.py.
2026-09-20 06:09:56,594 [WARNING] leadlag.core.market_calendar: No static holiday table for year 2014. Install jpholiday or update market_calendar.py.
2026-09-20 06:09:56,594 [WARNING] leadlag.core.market_calendar: No static holiday table for year 2014. Install jpholiday or update market_calendar.py.
2026-09-20 06:09:56,595 [WARNING] leadlag.core.market_calendar: No static holiday table for year 2014. Install jpholiday or update market_calendar.py.
2026-09-20 06:09:56,595 [WARNING] leadlag.core.market_calendar: No static holiday table for year 2014. Install jpholiday or update market_calendar.py.
2026-09-20 06:09:56,595 [WARNING] leadlag.core.market_calendar: No static holiday table for year 2014. Install jpholiday or update market_calendar.py.
2026-09-20 06:09:56,595 [WARNING] leadlag.core.market_calendar: No static holiday table for year 2014. Install jpholiday or update market_calendar.py.
2026-09-20 06:09:56,595 [WARNING] leadlag.core.market_calendar: No static holiday table for year 2014. Install jpholiday or update market_calendar.py.
2026-09-20 06:09:56,595 [WARNING] leadlag.core.market_calendar: No static holiday table for year 2014. Install jpholiday or update market_calendar.py.
2026-09-20 06:09:56,595 [WARNING] leadlag.core.market_calendar: No static holiday table for year 2014. Install jpholiday or update market_calendar.py.
2026-09-20 06:09:56,595 [WARNING] leadlag.core.market_calendar: No static holiday table for year 2014. Install jpholiday or update market_calendar.py.
2026-09-20 06:09:56,596 [WARNING] leadlag.core.market_calendar: No static holiday table for year 2014. Install jpholiday or update market_calendar.py.
2026-09-20 06:09:56,596 [WARNING] leadlag.core.market_calendar: No static holiday table for year 2014. Install jpholiday or update market_calendar.py.
2026-09-20 06:09:56,596 [WARNING] leadlag.core.market_calendar: No static holiday table for year 2014. Install jpholiday or update market_calendar.py.
2026-09-20 06:09:56,596 [WARNING] leadlag.core.market_calendar: No static holiday table for year 2014. Install jpholiday or update market_calendar.py.
2026-09-20 06:09:56,596 [WARNING] leadlag.core.market_calendar: No static holiday table for year 2014. Install jpholiday or update market_calendar.py.
2026-09-20 06:09:56,596 [WARNING] leadlag.core.market_calendar: No static holiday table for year 2014. Install jpholiday or update market_calendar.py.
2026-09-20 06:09:56,596 [WARNING] leadlag.core.market_calendar: No static holiday table for year 2015. Install jpholiday or update market_calendar.py.
2026-09-20 06:09:56,597 [WARNING] leadlag.core.market_calendar: No static holiday table for year 2015. Install jpholiday or update market_calendar.py.
2026-09-20 06:09:56,597 [WARNING] leadlag.core.market_calendar: No static holiday table for year 2015. Install jpholiday or update market_calendar.py.
2026-09-20 06:09:56,597 [WARNING] leadlag.core.market_calendar: No static holiday table for year 2015. Install jpholiday or update market_calendar.py.
2026-09-20 06:09:56,597 [WARNING] leadlag.core.market_calendar: No static holiday table for year 2015. Install jpholiday or update market_calendar.py.
2026-09-20 06:09:56,597 [WARNING] leadlag.core.market_calendar: No static holiday table for year 2015. Install jpholiday or update market_calendar.py.
2026-09-20 06:09:56,597 [WARNING] leadlag.core.market_calendar: No static holiday table for year 2015. Install jpholiday or update market_calendar.py.
2026-09-20 06:09:56,598 [WARNING] leadlag.core.market_calendar: No static holiday table for year 2015. Install jpholiday or update market_calendar.py.
2026-09-20 06:09:56,598 [WARNING] leadlag.core.market_calendar: No static holiday table for year 2015. Install jpholiday or update market_calendar.py.
2026-09-20 06:09:56,598 [WARNING] leadlag.core.market_calendar: No static holiday table for year 2015. Install jpholiday or update market_calendar.py.
2026-09-20 06:09:56,598 [WARNING] leadlag.core.market_calendar: No static holiday table for year 2015. Install jpholiday or update market_calendar.py.
2026-09-20 06:09:56,598 [WARNING] leadlag.core.market_calendar: No static holiday table for year 2015. Install jpholiday or update market_calendar.py.
2026-09-20 06:09:56,598 [WARNING] leadlag.core.market_calendar: No static holiday table for year 2015. Install jpholiday or update market_calendar.py.
2026-09-20 06:09:56,598 [WARNING] leadlag.core.market_calendar: No static holiday table for year 2015. Install jpholiday or update market_calendar.py.
2026-09-20 06:09:56,599 [WARNING] leadlag.core.market_calendar: No static holiday table for year 2015. Install jpholiday or update market_calendar.py.
2026-09-20 06:09:56,599 [WARNING] leadlag.core.market_calendar: No static holiday table for year 2015. Install jpholiday or update market_calendar.py.
2026-09-20 06:09:56,599 [WARNING] leadlag.core.market_calendar: No static holiday table for year 2015. Install jpholiday or update market_calendar.py.
2026-09-20 06:09:56,599 [WARNING] leadlag.core.market_calendar: No static holiday table for year 2015. Install jpholiday or update market_calendar.py.
2026-09-20 06:09:56,599 [WARNING] leadlag.core.market_calendar: No static holiday table for year 2015. Install jpholiday or update market_calendar.py.
2026-09-20 06:09:56,599 [WARNING] leadlag.core.market_calendar: No static holiday table for year 2015. Install jpholiday or update market_calendar.py.
2026-09-20 06:09:56,599 [WARNING] leadlag.core.market_calendar: No static holiday table for year 2015. Install jpholiday or update market_calendar.py.
2026-09-20 06:09:56,600 [WARNING] leadlag.core.market_calendar: No static holiday table for year 2015. Install jpholiday or update market_calendar.py.
2026-09-20 06:09:56,600 [WARNING] leadlag.core.market_calendar: No static holiday table for year 2015. Install jpholiday or update market_calendar.py.
2026-09-20 06:09:56,600 [WARNING] leadlag.core.market_calendar: No static holiday table for year 2015. Install jpholiday or update market_calendar.py.
2026-09-20 06:09:56,600 [WARNING] leadlag.core.market_calendar: No static holiday table for year 2015. Install jpholiday or update market_calendar.py.
2026-09-20 06:09:56,600 [WARNING] leadlag.core.market_calendar: No static holiday table for year 2015. Install jpholiday or update market_calendar.py.
2026-09-20 06:09:56,600 [WARNING] leadlag.core.market_calendar: No static holiday table for year 2015. Install jpholiday or update market_calendar.py.
2026-09-20 06:09:56,600 [WARNING] leadlag.core.market_calendar: No static holiday table for year 2015. Install jpholiday or update market_calendar.py.
2026-09-20 06:09:56,601 [WARNING] leadlag.core.market_calendar: No static holiday table for year 2015. Install jpholiday or update market_calendar.py.
2026-09-20 06:09:56,601 [WARNING] leadlag.core.market_calendar: No static holiday table for year 2015. Install jpholiday or update market_calendar.py.
2026-09-20 06:09:56,601 [WARNING] leadlag.core.market_calendar: No static holiday table for year 2015. Install jpholiday or update market_calendar.py.
2026-09-20 06:09:56,601 [WARNING] leadlag.core.market_calendar: No static holiday table for year 2015. Install jpholiday or update market_calendar.py.
2026-09-20 06:09:56,601 [WARNING] leadlag.core.market_calendar: No static holiday table for year 2015. Install jpholiday or update market_calendar.py.
2026-09-20 06:09:56,601 [WARNING] leadlag.core.market_calendar: No static holiday table for year 2015. Install jpholiday or update market_calendar.py.
2026-09-20 06:09:56,601 [WARNING] leadlag.core.market_calendar: No static holiday table for year 2015. Install jpholiday or update market_calendar.py.
2026-09-20 06:09:56,602 [WARNING] leadlag.core.market_calendar: No static holiday table for year 2015. Install jpholiday or update market_calendar.py.
2026-09-20 06:09:56,602 [WARNING] leadlag.core.market_calendar: No static holiday table for year 2015. Install jpholiday or update market_calendar.py.
2026-09-20 06:09:56,602 [WARNING] leadlag.core.market_calendar: No static holiday table for year 2015. Install jpholiday or update market_calendar.py.
2026-09-20 06:09:56,602 [WARNING] leadlag.core.market_calendar: No static holiday table for year 2015. Install jpholiday or update market_calendar.py.
2026-09-20 06:09:56,602 [WARNING] leadlag.core.market_calendar: No static holiday table for year 2015. Install jpholiday or update market_calendar.py.
2026-09-20 06:09:56,602 [WARNING] leadlag.core.market_calendar: No static holiday table for year 2015. Install jpholiday or update market_calendar.py.
2026-09-20 06:09:56,603 [WARNING] leadlag.core.market_calendar: No static holiday table for year 2015. Install jpholiday or update market_calendar.py.
2026-09-20 06:09:56,603 [WARNING] leadlag.core.market_calendar: No static holiday table for year 2015. Install jpholiday or update market_calendar.py.
2026-09-20 06:09:56,603 [WARNING] leadlag.core.market_calendar: No static holiday table for year 2015. Install jpholiday or update market_calendar.py.
2026-09-20 06:09:56,603 [WARNING] leadlag.core.market_calendar: No static holiday table for year 2015. Install jpholiday or update market_calendar.py.
2026-09-20 06:09:56,603 [WARNING] leadlag.core.market_calendar: No static holiday table for year 2015. Install jpholiday or update market_calendar.py.
2026-09-20 06:09:56,603 [WARNING] leadlag.core.market_calendar: No static holiday table for year 2015. Install jpholiday or update market_calendar.py.
2026-09-20 06:09:56,604 [WARNING] leadlag.core.market_calendar: No static holiday table for year 2015. Install jpholiday or update market_calendar.py.
2026-09-20 06:09:56,604 [WARNING] leadlag.core.market_calendar: No static holiday table for year 2015. Install jpholiday or update market_calendar.py.
2026-09-20 06:09:56,604 [WARNING] leadlag.core.market_calendar: No static holiday table for year 2015. Install jpholiday or update market_calendar.py.
2026-09-20 06:09:56,604 [WARNING] leadlag.core.market_calendar: No static holiday table for year 2015. Install jpholiday or update market_calendar.py.
2026-09-20 06:09:56,604 [WARNING] leadlag.core.market_calendar: No static holiday table for year 2015. Install jpholiday or update market_calendar.py.
2026-09-20 06:09:56,605 [WARNING] leadlag.core.market_calendar: No static holiday table for year 2015. Install jpholiday or update market_calendar.py.
2026-09-20 06:09:56,605 [WARNING] leadlag.core.market_calendar: No static holiday table for year 2015. Install jpholiday or update market_calendar.py.
2026-09-20 06:09:56,605 [WARNING] leadlag.core.market_calendar: No static holiday table for year 2015. Install jpholiday or update market_calendar.py.
2026-09-20 06:09:56,605 [WARNING] leadlag.core.market_calendar: No static holiday table for year 2015. Install jpholiday or update market_calendar.py.
2026-09-20 06:09:56,605 [WARNING] leadlag.core.market_calendar: No static holiday table for year 2015. Install jpholiday or update market_calendar.py.
2026-09-20 06:09:56,605 [WARNING] leadlag.core.market_calendar: No static holiday table for year 2015. Install jpholiday or update market_calendar.py.
2026-09-20 06:09:56,606 [WARNING] leadlag.core.market_calendar: No static holiday table for year 2015. Install jpholiday or update market_calendar.py.
2026-09-20 06:09:56,606 [WARNING] leadlag.core.market_calendar: No static holiday table for year 2015. Install jpholiday or update market_calendar.py.
2026-09-20 06:09:56,606 [WARNING] leadlag.core.market_calendar: No static holiday table for year 2015. Install jpholiday or update market_calendar.py.
2026-09-20 06:09:56,606 [WARNING] leadlag.core.market_calendar: No static holiday table for year 2015. Install jpholiday or update market_calendar.py.
2026-09-20 06:09:56,606 [WARNING] leadlag.core.market_calendar: No static holiday table for year 2015. Install jpholiday or update market_calendar.py.
2026-09-20 06:09:56,606 [WARNING] leadlag.core.market_calendar: No static holiday table for year 2015. Install jpholiday or update market_calendar.py.
2026-09-20 06:09:56,606 [WARNING] leadlag.core.market_calendar: No static holiday table for year 2015. Install jpholiday or update market_calendar.py.
2026-09-20 06:09:56,607 [WARNING] leadlag.core.market_calendar: No static holiday table for year 2015. Install jpholiday or update market_calendar.py.
2026-09-20 06:09:56,607 [WARNING] leadlag.core.market_calendar: No static holiday table for year 2015. Install jpholiday or update market_calendar.py.
2026-09-20 06:09:56,607 [WARNING] leadlag.core.market_calendar: No static holiday table for year 2015. Install jpholiday or update market_calendar.py.
2026-09-20 06:09:56,607 [WARNING] leadlag.core.market_calendar: No static holiday table for year 2015. Install jpholiday or update market_calendar.py.
2026-09-20 06:09:56,607 [WARNING] leadlag.core.market_calendar: No static holiday table for year 2015. Install jpholiday or update market_calendar.py.
2026-09-20 06:09:56,607 [WARNING] leadlag.core.market_calendar: No static holiday table for year 2015. Install jpholiday or update market_calendar.py.
2026-09-20 06:09:56,607 [WARNING] leadlag.core.market_calendar: No static holiday table for year 2015. Install jpholiday or update market_calendar.py.
2026-09-20 06:09:56,608 [WARNING] leadlag.core.market_calendar: No static holiday table for year 2015. Install jpholiday or update market_calendar.py.
2026-09-20 06:09:56,608 [WARNING] leadlag.core.market_calendar: No static holiday table for year 2015. Install jpholiday or update market_calendar.py.
2026-09-20 06:09:56,608 [WARNING] leadlag.core.market_calendar: No static holiday table for year 2015. Install jpholiday or update market_calendar.py.
2026-09-20 06:09:56,608 [WARNING] leadlag.core.market_calendar: No static holiday table for year 2015. Install jpholiday or update market_calendar.py.
2026-09-20 06:09:56,608 [WARNING] leadlag.core.market_calendar: No static holiday table for year 2015. Install jpholiday or update market_calendar.py.
2026-09-20 06:09:56,608 [WARNING] leadlag.core.market_calendar: No static holiday table for year 2015. Install jpholiday or update market_calendar.py.
2026-09-20 06:09:56,608 [WARNING] leadlag.core.market_calendar: No static holiday table for year 2015. Install jpholiday or update market_calendar.py.
2026-09-20 06:09:56,609 [WARNING] leadlag.core.market_calendar: No static holiday table for year 2015. Install jpholiday or update market_calendar.py.
2026-09-20 06:09:56,609 [WARNING] leadlag.core.market_calendar: No static holiday table for year 2015. Install jpholiday or update market_calendar.py.
2026-09-20 06:09:56,609 [WARNING] leadlag.core.market_calendar: No static holiday table for year 2015. Install jpholiday or update market_calendar.py.
2026-09-20 06:09:56,609 [WARNING] leadlag.core.market_calendar: No static holiday table for year 2015. Install jpholiday or update market_calendar.py.
2026-09-20 06:09:56,609 [WARNING] leadlag.core.market_calendar: No static holiday table for year 2015. Install jpholiday or update market_calendar.py.
2026-09-20 06:09:56,609 [WARNING] leadlag.core.market_calendar: No static holiday table for year 2015. Install jpholiday or update market_calendar.py.
2026-09-20 06:09:56,609 [WARNING] leadlag.core.market_calendar: No static holiday table for year 2015. Install jpholiday or update market_calendar.py.
2026-09-20 06:09:56,609 [WARNING] leadlag.core.market_calendar: No static holiday table for year 2015. Install jpholiday or update market_calendar.py.
2026-09-20 06:09:56,610 [WARNING] leadlag.core.market_calendar: No static holiday table for year 2015. Install jpholiday or update market_calendar.py.
2026-09-20 06:09:56,610 [WARNING] leadlag.core.market_calendar: No static holiday table for year 2015. Install jpholiday or update market_calendar.py.
2026-09-20 06:09:56,610 [WARNING] leadlag.core.market_calendar: No static holiday table for year 2015. Install jpholiday or update market_calendar.py.
2026-09-20 06:09:56,610 [WARNING] leadlag.core.market_calendar: No static holiday table for year 2015. Install jpholiday or update market_calendar.py.
2026-09-20 06:09:56,610 [WARNING] leadlag.core.market_calendar: No static holiday table for year 2015. Install jpholiday or update market_calendar.py.
2026-09-20 06:09:56,610 [WARNING] leadlag.core.market_calendar: No static holiday table for year 2015. Install jpholiday or update market_calendar.py.
2026-09-20 06:09:56,610 [WARNING] leadlag.core.market_calendar: No static holiday table for year 2015. Install jpholiday or update market_calendar.py.
2026-09-20 06:09:56,611 [WARNING] leadlag.core.market_calendar: No static holiday table for year 2015. Install jpholiday or update market_calendar.py.
2026-09-20 06:09:56,611 [WARNING] leadlag.core.market_calendar: No static holiday table for year 2015. Install jpholiday or update market_calendar.py.
2026-09-20 06:09:56,611 [WARNING] leadlag.core.market_calendar: No static holiday table for year 2015. Install jpholiday or update market_calendar.py.
2026-09-20 06:09:56,611 [WARNING] leadlag.core.market_calendar: No static holiday table for year 2015. Install jpholiday or update market_calendar.py.
2026-09-20 06:09:56,611 [WARNING] leadlag.core.market_calendar: No static holiday table for year 2015. Install jpholiday or update market_calendar.py.
2026-09-20 06:09:56,611 [WARNING] leadlag.core.market_calendar: No static holiday table for year 2015. Install jpholiday or update market_calendar.py.
2026-09-20 06:09:56,611 [WARNING] leadlag.core.market_calendar: No static holiday table for year 2015. Install jpholiday or update market_calendar.py.
2026-09-20 06:09:56,611 [WARNING] leadlag.core.market_calendar: No static holiday table for year 2015. Install jpholiday or update market_calendar.py.
2026-09-20 06:09:56,612 [WARNING] leadlag.core.market_calendar: No static holiday table for year 2015. Install jpholiday or update market_calendar.py.
2026-09-20 06:09:56,612 [WARNING] leadlag.core.market_calendar: No static holiday table for year 2015. Install jpholiday or update market_calendar.py.
2026-09-20 06:09:56,612 [WARNING] leadlag.core.market_calendar: No static holiday table for year 2015. Install jpholiday or update market_calendar.py.
2026-09-20 06:09:56,612 [WARNING] leadlag.core.market_calendar: No static holiday table for year 2015. Install jpholiday or update market_calendar.py.
2026-09-20 06:09:56,612 [WARNING] leadlag.core.market_calendar: No static holiday table for year 2015. Install jpholiday or update market_calendar.py.
2026-09-20 06:09:56,612 [WARNING] leadlag.core.market_calendar: No static holiday table for year 2015. Install jpholiday or update market_calendar.py.
2026-09-20 06:09:56,612 [WARNING] leadlag.core.market_calendar: No static holiday table for year 2015. Install jpholiday or update market_calendar.py.
2026-09-20 06:09:56,613 [WARNING] leadlag.core.market_calendar: No static holiday table for year 2015. Install jpholiday or update market_calendar.py.
2026-09-20 06:09:56,613 [WARNING] leadlag.core.market_calendar: No static holiday table for year 2015. Install jpholiday or update market_calendar.py.
2026-09-20 06:09:56,613 [WARNING] leadlag.core.market_calendar: No static holiday table for year 2015. Install jpholiday or update market_calendar.py.
2026-09-20 06:09:56,613 [WARNING] leadlag.core.market_calendar: No static holiday table for year 2015. Install jpholiday or update market_calendar.py.
2026-09-20 06:09:56,613 [WARNING] leadlag.core.market_calendar: No static holiday table for year 2015. Install jpholiday or update market_calendar.py.
2026-09-20 06:09:56,613 [WARNING] leadlag.core.market_calendar: No static holiday table for year 2015. Install jpholiday or update market_calendar.py.
2026-09-20 06:09:56,613 [WARNING] leadlag.core.market_calendar: No static holiday table for year 2015. Install jpholiday or update market_calendar.py.
2026-09-20 06:09:56,614 [WARNING] leadlag.core.market_calendar: No static holiday table for year 2015. Install jpholiday or update market_calendar.py.
2026-09-20 06:09:56,614 [WARNING] leadlag.core.market_calendar: No static holiday table for year 2015. Install jpholiday or update market_calendar.py.
2026-09-20 06:09:56,614 [WARNING] leadlag.core.market_calendar: No static holiday table for year 2015. Install jpholiday or update market_calendar.py.
2026-09-20 06:09:56,614 [WARNING] leadlag.core.market_calendar: No static holiday table for year 2015. Install jpholiday or update market_calendar.py.
2026-09-20 06:09:56,614 [WARNING] leadlag.core.market_calendar: No static holiday table for year 2015. Install jpholiday or update market_calendar.py.
2026-09-20 06:09:56,614 [WARNING] leadlag.core.market_calendar: No static holiday table for year 2015. Install jpholiday or update market_calendar.py.
2026-09-20 06:09:56,614 [WARNING] leadlag.core.market_calendar: No static holiday table for year 2015. Install jpholiday or update market_calendar.py.
2026-09-20 06:09:56,615 [WARNING] leadlag.core.market_calendar: No static holiday table for year 2015. Install jpholiday or update market_calendar.py.
2026-09-20 06:09:56,615 [WARNING] leadlag.core.market_calendar: No static holiday table for year 2015. Install jpholiday or update market_calendar.py.
2026-09-20 06:09:56,615 [WARNING] leadlag.core.market_calendar: No static holiday table for year 2015. Install jpholiday or update market_calendar.py.
2026-09-20 06:09:56,615 [WARNING] leadlag.core.market_calendar: No static holiday table for year 2015. Install jpholiday or update market_calendar.py.
2026-09-20 06:09:56,615 [WARNING] leadlag.core.market_calendar: No static holiday table for year 2015. Install jpholiday or update market_calendar.py.
2026-09-20 06:09:56,615 [WARNING] leadlag.core.market_calendar: No static holiday table for year 2015. Install jpholiday or update market_calendar.py.
2026-09-20 06:09:56,615 [WARNING] leadlag.core.market_calendar: No static holiday table for year 2015. Install jpholiday or update market_calendar.py.
2026-09-20 06:09:56,616 [WARNING] leadlag.core.market_calendar: No static holiday table for year 2015. Install jpholiday or update market_calendar.py.
2026-09-20 06:09:56,616 [WARNING] leadlag.core.market_calendar: No static holiday table for year 2015. Install jpholiday or update market_calendar.py.
2026-09-20 06:09:56,616 [WARNING] leadlag.core.market_calendar: No static holiday table for year 2015. Install jpholiday or update market_calendar.py.
2026-09-20 06:09:56,616 [WARNING] leadlag.core.market_calendar: No static holiday table for year 2015. Install jpholiday or update market_calendar.py.
2026-09-20 06:09:56,616 [WARNING] leadlag.core.market_calendar: No static holiday table for year 2015. Install jpholiday or update market_calendar.py.
2026-09-20 06:09:56,616 [WARNING] leadlag.core.market_calendar: No static holiday table for year 2015. Install jpholiday or update market_calendar.py.
2026-09-20 06:09:56,617 [WARNING] leadlag.core.market_calendar: No static holiday table for year 2015. Install jpholiday or update market_calendar.py.
2026-09-20 06:09:56,617 [WARNING] leadlag.core.market_calendar: No static holiday table for year 2015. Install jpholiday or update market_calendar.py.
2026-09-20 06:09:56,617 [WARNING] leadlag.core.market_calendar: No static holiday table for year 2015. Install jpholiday or update market_calendar.py.
2026-09-20 06:09:56,617 [WARNING] leadlag.core.market_calendar: No static holiday table for year 2015. Install jpholiday or update market_calendar.py.
2026-09-20 06:09:56,617 [WARNING] leadlag.core.market_calendar: No static holiday table for year 2015. Install jpholiday or update market_calendar.py.
2026-09-20 06:09:56,617 [WARNING] leadlag.core.market_calendar: No static holiday table for year 2015. Install jpholiday or update market_calendar.py.
2026-09-20 06:09:56,617 [WARNING] leadlag.core.market_calendar: No static holiday table for year 2015. Install jpholiday or update market_calendar.py.
2026-09-20 06:09:56,618 [WARNING] leadlag.core.market_calendar: No static holiday table for year 2015. Install jpholiday or update market_calendar.py.
2026-09-20 06:09:56,618 [WARNING] leadlag.core.market_calendar: No static holiday table for year 2015. Install jpholiday or update market_calendar.py.
2026-09-20 06:09:56,618 [WARNING] leadlag.core.market_calendar: No static holiday table for year 2015. Install jpholiday or update market_calendar.py.
2026-09-20 06:09:56,618 [WARNING] leadlag.core.market_calendar: No static holiday table for year 2015. Install jpholiday or update market_calendar.py.
2026-09-20 06:09:56,618 [WARNING] leadlag.core.market_calendar: No static holiday table for year 2015. Install jpholiday or update market_calendar.py.
2026-09-20 06:09:56,618 [WARNING] leadlag.core.market_calendar: No static holiday table for year 2015. Install jpholiday or update market_calendar.py.
2026-09-20 06:09:56,618 [WARNING] leadlag.core.market_calendar: No static holiday table for year 2015. Install jpholiday or update market_calendar.py.
2026-09-20 06:09:56,618 [WARNING] leadlag.core.market_calendar: No static holiday table for year 2015. Install jpholiday or update market_calendar.py.
2026-09-20 06:09:56,619 [WARNING] leadlag.core.market_calendar: No static holiday table for year 2015. Install jpholiday or update market_calendar.py.
2026-09-20 06:09:56,619 [WARNING] leadlag.core.market_calendar: No static holiday table for year 2015. Install jpholiday or update market_calendar.py.
2026-09-20 06:09:56,619 [WARNING] leadlag.core.market_calendar: No static holiday table for year 2015. Install jpholiday or update market_calendar.py.
2026-09-20 06:09:56,619 [WARNING] leadlag.core.market_calendar: No static holiday table for year 2015. Install jpholiday or update market_calendar.py.
2026-09-20 06:09:56,619 [WARNING] leadlag.core.market_calendar: No static holiday table for year 2015. Install jpholiday or update market_calendar.py.
2026-09-20 06:09:56,619 [WARNING] leadlag.core.market_calendar: No static holiday table for year 2015. Install jpholiday or update market_calendar.py.
2026-09-20 06:09:56,620 [WARNING] leadlag.core.market_calendar: No static holiday table for year 2015. Install jpholiday or update market_calendar.py.
2026-09-20 06:09:56,620 [WARNING] leadlag.core.market_calendar: No static holiday table for year 2015. Install jpholiday or update market_calendar.py.
2026-09-20 06:09:56,620 [WARNING] leadlag.core.market_calendar: No static holiday table for year 2015. Install jpholiday or update market_calendar.py.
2026-09-20 06:09:56,620 [WARNING] leadlag.core.market_calendar: No static holiday table for year 2015. Install jpholiday or update market_calendar.py.
2026-09-20 06:09:56,620 [WARNING] leadlag.core.market_calendar: No static holiday table for year 2015. Install jpholiday or update market_calendar.py.
2026-09-20 06:09:56,620 [WARNING] leadlag.core.market_calendar: No static holiday table for year 2015. Install jpholiday or update market_calendar.py.
2026-09-20 06:09:56,621 [WARNING] leadlag.core.market_calendar: No static holiday table for year 2015. Install jpholiday or update market_calendar.py.
2026-09-20 06:09:56,621 [WARNING] leadlag.core.market_calendar: No static holiday table for year 2015. Install jpholiday or update market_calendar.py.
2026-09-20 06:09:56,621 [WARNING] leadlag.core.market_calendar: No static holiday table for year 2015. Install jpholiday or update market_calendar.py.
2026-09-20 06:09:56,621 [WARNING] leadlag.core.market_calendar: No static holiday table for year 2015. Install jpholiday or update market_calendar.py.
2026-09-20 06:09:56,621 [WARNING] leadlag.core.market_calendar: No static holiday table for year 2015. Install jpholiday or update market_calendar.py.
2026-09-20 06:09:56,621 [WARNING] leadlag.core.market_calendar: No static holiday table for year 2015. Install jpholiday or update market_calendar.py.
2026-09-20 06:09:56,622 [WARNING] leadlag.core.market_calendar: No static holiday table for year 2015. Install jpholiday or update market_calendar.py.
2026-09-20 06:09:56,622 [WARNING] leadlag.core.market_calendar: No static holiday table for year 2015. Install jpholiday or update market_calendar.py.
2026-09-20 06:09:56,622 [WARNING] leadlag.core.market_calendar: No static holiday table for year 2015. Install jpholiday or update market_calendar.py.
2026-09-20 06:09:56,622 [WARNING] leadlag.core.market_calendar: No static holiday table for year 2015. Install jpholiday or update market_calendar.py.
2026-09-20 06:09:56,622 [WARNING] leadlag.core.market_calendar: No static holiday table for year 2015. Install jpholiday or update market_calendar.py.
2026-09-20 06:09:56,622 [WARNING] leadlag.core.market_calendar: No static holiday table for year 2015. Install jpholiday or update market_calendar.py.
2026-09-20 06:09:56,623 [WARNING] leadlag.core.market_calendar: No static holiday table for year 2015. Install jpholiday or update market_calendar.py.
2026-09-20 06:09:56,623 [WARNING] leadlag.core.market_calendar: No static holiday table for year 2015. Install jpholiday or update market_calendar.py.
2026-09-20 06:09:56,623 [WARNING] leadlag.core.market_calendar: No static holiday table for year 2015. Install jpholiday or update market_calendar.py.
2026-09-20 06:09:56,623 [WARNING] leadlag.core.market_calendar: No static holiday table for year 2015. Install jpholiday or update market_calendar.py.
2026-09-20 06:09:56,623 [WARNING] leadlag.core.market_calendar: No static holiday table for year 2015. Install jpholiday or update market_calendar.py.
2026-09-20 06:09:56,624 [WARNING] leadlag.core.market_calendar: No static holiday table for year 2015. Install jpholiday or update market_calendar.py.
2026-09-20 06:09:56,624 [WARNING] leadlag.core.market_calendar: No static holiday table for year 2015. Install jpholiday or update market_calendar.py.
2026-09-20 06:09:56,624 [WARNING] leadlag.core.market_calendar: No static holiday table for year 2015. Install jpholiday or update market_calendar.py.
2026-09-20 06:09:56,624 [WARNING] leadlag.core.market_calendar: No static holiday table for year 2015. Install jpholiday or update market_calendar.py.
2026-09-20 06:09:56,624 [WARNING] leadlag.core.market_calendar: No static holiday table for year 2015. Install jpholiday or update market_calendar.py.
2026-09-20 06:09:56,624 [WARNING] leadlag.core.market_calendar: No static holiday table for year 2015. Install jpholiday or update market_calendar.py.
2026-09-20 06:09:56,625 [WARNING] leadlag.core.market_calendar: No static holiday table for year 2015. Install jpholiday or update market_calendar.py.
2026-09-20 06:09:56,625 [WARNING] leadlag.core.market_calendar: No static holiday table for year 2015. Install jpholiday or update market_calendar.py.
2026-09-20 06:09:56,625 [WARNING] leadlag.core.market_calendar: No static holiday table for year 2015. Install jpholiday or update market_calendar.py.
2026-09-20 06:09:56,625 [WARNING] leadlag.core.market_calendar: No static holiday table for year 2015. Install jpholiday or update market_calendar.py.
2026-09-20 06:09:56,625 [WARNING] leadlag.core.market_calendar: No static holiday table for year 2015. Install jpholiday or update market_calendar.py.
2026-09-20 06:09:56,625 [WARNING] leadlag.core.market_calendar: No static holiday table for year 2015. Install jpholiday or update market_calendar.py.
2026-09-20 06:09:56,626 [WARNING] leadlag.core.market_calendar: No static holiday table for year 2015. Install jpholiday or update market_calendar.py.
2026-09-20 06:09:56,626 [WARNING] leadlag.core.market_calendar: No static holiday table for year 2015. Install jpholiday or update market_calendar.py.
2026-09-20 06:09:56,626 [WARNING] leadlag.core.market_calendar: No static holiday table for year 2015. Install jpholiday or update market_calendar.py.
2026-09-20 06:09:56,626 [WARNING] leadlag.core.market_calendar: No static holiday table for year 2015. Install jpholiday or update market_calendar.py.
2026-09-20 06:09:56,626 [WARNING] leadlag.core.market_calendar: No static holiday table for year 2015. Install jpholiday or update market_calendar.py.
2026-09-20 06:09:56,626 [WARNING] leadlag.core.market_calendar: No static holiday table for year 2015. Install jpholiday or update market_calendar.py.
2026-09-20 06:09:56,626 [WARNING] leadlag.core.market_calendar: No static holiday table for year 2015. Install jpholiday or update market_calendar.py.
2026-09-20 06:09:56,627 [WARNING] leadlag.core.market_calendar: No static holiday table for year 2015. Install jpholiday or update market_calendar.py.
2026-09-20 06:09:56,627 [WARNING] leadlag.core.market_calendar: No static holiday table for year 2015. Install jpholiday or update market_calendar.py.
2026-09-20 06:09:56,627 [WARNING] leadlag.core.market_calendar: No static holiday table for year 2015. Install jpholiday or update market_calendar.py.
2026-09-20 06:09:56,627 [WARNING] leadlag.core.market_calendar: No static holiday table for year 2015. Install jpholiday or update market_calendar.py.
2026-09-20 06:09:56,627 [WARNING] leadlag.core.market_calendar: No static holiday table for year 2015. Install jpholiday or update market_calendar.py.
2026-09-20 06:09:56,627 [WARNING] leadlag.core.market_calendar: No static holiday table for year 2015. Install jpholiday or update market_calendar.py.
2026-09-20 06:09:56,627 [WARNING] leadlag.core.market_calendar: No static holiday table for year 2015. Install jpholiday or update market_calendar.py.
2026-09-20 06:09:56,628 [WARNING] leadlag.core.market_calendar: No static holiday table for year 2015. Install jpholiday or update market_calendar.py.
2026-09-20 06:09:56,628 [WARNING] leadlag.core.market_calendar: No static holiday table for year 2015. Install jpholiday or update market_calendar.py.
2026-09-20 06:09:56,628 [WARNING] leadlag.core.market_calendar: No static holiday table for year 2015. Install jpholiday or update market_calendar.py.
2026-09-20 06:09:56,628 [WARNING] leadlag.core.market_calendar: No static holiday table for year 2015. Install jpholiday or update market_calendar.py.
2026-09-20 06:09:56,628 [WARNING] leadlag.core.market_calendar: No static holiday table for year 2015. Install jpholiday or update market_calendar.py.
2026-09-20 06:09:56,628 [WARNING] leadlag.core.market_calendar: No static holiday table for year 2015. Install jpholiday or update market_calendar.py.
2026-09-20 06:09:56,628 [WARNING] leadlag.core.market_calendar: No static holiday table for year 2015. Install jpholiday or update market_calendar.py.
2026-09-20 06:09:56,629 [WARNING] leadlag.core.market_calendar: No static holiday table for year 2015. Install jpholiday or update market_calendar.py.
2026-09-20 06:09:56,629 [WARNING] leadlag.core.market_calendar: No static holiday table for year 2015. Install jpholiday or update market_calendar.py.
2026-09-20 06:09:56,629 [WARNING] leadlag.core.market_calendar: No static holiday table for year 2015. Install jpholiday or update market_calendar.py.
2026-09-20 06:09:56,629 [WARNING] leadlag.core.market_calendar: No static holiday table for year 2015. Install jpholiday or update market_calendar.py.
2026-09-20 06:09:56,629 [WARNING] leadlag.core.market_calendar: No static holiday table for year 2015. Install jpholiday or update market_calendar.py.
2026-09-20 06:09:56,629 [WARNING] leadlag.core.market_calendar: No static holiday table for year 2015. Install jpholiday or update market_calendar.py.
2026-09-20 06:09:56,629 [WARNING] leadlag.core.market_calendar: No static holiday table for year 2015. Install jpholiday or update market_calendar.py.
2026-09-20 06:09:56,630 [WARNING] leadlag.core.market_calendar: No static holiday table for year 2015. Install jpholiday or update market_calendar.py.
2026-09-20 06:09:56,630 [WARNING] leadlag.core.market_calendar: No static holiday table for year 2015. Install jpholiday or update market_calendar.py.
2026-09-20 06:09:56,630 [WARNING] leadlag.core.market_calendar: No static holiday table for year 2015. Install jpholiday or update market_calendar.py.
2026-09-20 06:09:56,630 [WARNING] leadlag.core.market_calendar: No static holiday table for year 2015. Install jpholiday or update market_calendar.py.
2026-09-20 06:09:56,630 [WARNING] leadlag.core.market_calendar: No static holiday table for year 2015. Install jpholiday or update market_calendar.py.
2026-09-20 06:09:56,630 [WARNING] leadlag.core.market_calendar: No static holiday table for year 2015. Install jpholiday or update market_calendar.py.
2026-09-20 06:09:56,630 [WARNING] leadlag.core.market_calendar: No static holiday table for year 2015. Install jpholiday or update market_calendar.py.
2026-09-20 06:09:56,630 [WARNING] leadlag.core.market_calendar: No static holiday table for year 2015. Install jpholiday or update market_calendar.py.
2026-09-20 06:09:56,631 [WARNING] leadlag.core.market_calendar: No static holiday table for year 2015. Install jpholiday or update market_calendar.py.
2026-09-20 06:09:56,631 [WARNING] leadlag.core.market_calendar: No static holiday table for year 2015. Install jpholiday or update market_calendar.py.
2026-09-20 06:09:56,631 [WARNING] leadlag.core.market_calendar: No static holiday table for year 2015. Install jpholiday or update market_calendar.py.
2026-09-20 06:09:56,631 [WARNING] leadlag.core.market_calendar: No static holiday table for year 2015. Install jpholiday or update market_calendar.py.
2026-09-20 06:09:56,631 [WARNING] leadlag.core.market_calendar: No static holiday table for year 2015. Install jpholiday or update market_calendar.py.
2026-09-20 06:09:56,631 [WARNING] leadlag.core.market_calendar: No static holiday table for year 2015. Install jpholiday or update market_calendar.py.
2026-09-20 06:09:56,631 [WARNING] leadlag.core.market_calendar: No static holiday table for year 2015. Install jpholiday or update market_calendar.py.
2026-09-20 06:09:56,632 [WARNING] leadlag.core.market_calendar: No static holiday table for year 2015. Install jpholiday or update market_calendar.py.
2026-09-20 06:09:56,632 [WARNING] leadlag.core.market_calendar: No static holiday table for year 2015. Install jpholiday or update market_calendar.py.
2026-09-20 06:09:56,632 [WARNING] leadlag.core.market_calendar: No static holiday table for year 2015. Install jpholiday or update market_calendar.py.
2026-09-20 06:09:56,632 [WARNING] leadlag.core.market_calendar: No static holiday table for year 2015. Install jpholiday or update market_calendar.py.
2026-09-20 06:09:56,632 [WARNING] leadlag.core.market_calendar: No static holiday table for year 2015. Install jpholiday or update market_calendar.py.
2026-09-20 06:09:56,632 [WARNING] leadlag.core.market_calendar: No static holiday table for year 2015. Install jpholiday or update market_calendar.py.
2026-09-20 06:09:56,632 [WARNING] leadlag.core.market_calendar: No static holiday table for year 2015. Install jpholiday or update market_calendar.py.
2026-09-20 06:09:56,633 [WARNING] leadlag.core.market_calendar: No static holiday table for year 2015. Install jpholiday or update market_calendar.py.
2026-09-20 06:09:56,633 [WARNING] leadlag.core.market_calendar: No static holiday table for year 2015. Install jpholiday or update market_calendar.py.
2026-09-20 06:09:56,633 [WARNING] leadlag.core.market_calendar: No static holiday table for year 2016. Install jpholiday or update market_calendar.py.
2026-09-20 06:09:56,633 [WARNING] leadlag.core.market_calendar: No static holiday table for year 2016. Install jpholiday or update market_calendar.py.
2026-09-20 06:09:56,633 [WARNING] leadlag.core.market_calendar: No static holiday table for year 2016. Install jpholiday or update market_calendar.py.
2026-09-20 06:09:56,633 [WARNING] leadlag.core.market_calendar: No static holiday table for year 2016. Install jpholiday or update market_calendar.py.
2026-09-20 06:09:56,633 [WARNING] leadlag.core.market_calendar: No static holiday table for year 2016. Install jpholiday or update market_calendar.py.
2026-09-20 06:09:56,634 [WARNING] leadlag.core.market_calendar: No static holiday table for year 2016. Install jpholiday or update market_calendar.py.
2026-09-20 06:09:56,634 [WARNING] leadlag.core.market_calendar: No static holiday table for year 2016. Install jpholiday or update market_calendar.py.
2026-09-20 06:09:56,634 [WARNING] leadlag.core.market_calendar: No static holiday table for year 2016. Install jpholiday or update market_calendar.py.
2026-09-20 06:09:56,634 [WARNING] leadlag.core.market_calendar: No static holiday table for year 2016. Install jpholiday or update market_calendar.py.
2026-09-20 06:09:56,634 [WARNING] leadlag.core.market_calendar: No static holiday table for year 2016. Install jpholiday or update market_calendar.py.
2026-09-20 06:09:56,634 [WARNING] leadlag.core.market_calendar: No static holiday table for year 2016. Install jpholiday or update market_calendar.py.
2026-09-20 06:09:56,635 [WARNING] leadlag.core.market_calendar: No static holiday table for year 2016. Install jpholiday or update market_calendar.py.
2026-09-20 06:09:56,635 [WARNING] leadlag.core.market_calendar: No static holiday table for year 2016. Install jpholiday or update market_calendar.py.
2026-09-20 06:09:56,635 [WARNING] leadlag.core.market_calendar: No static holiday table for year 2016. Install jpholiday or update market_calendar.py.
2026-09-20 06:09:56,635 [WARNING] leadlag.core.market_calendar: No static holiday table for year 2016. Install jpholiday or update market_calendar.py.
2026-09-20 06:09:56,635 [WARNING] leadlag.core.market_calendar: No static holiday table for year 2016. Install jpholiday or update market_calendar.py.
2026-09-20 06:09:56,635 [WARNING] leadlag.core.market_calendar: No static holiday table for year 2016. Install jpholiday or update market_calendar.py.
2026-09-20 06:09:56,636 [WARNING] leadlag.core.market_calendar: No static holiday table for year 2016. Install jpholiday or update market_calendar.py.
2026-09-20 06:09:56,636 [WARNING] leadlag.core.market_calendar: No static holiday table for year 2016. Install jpholiday or update market_calendar.py.
2026-09-20 06:09:56,636 [WARNING] leadlag.core.market_calendar: No static holiday table for year 2016. Install jpholiday or update market_calendar.py.
2026-09-20 06:09:56,636 [WARNING] leadlag.core.market_calendar: No static holiday table for year 2016. Install jpholiday or update market_calendar.py.
2026-09-20 06:09:56,636 [WARNING] leadlag.core.market_calendar: No static holiday table for year 2016. Install jpholiday or update market_calendar.py.
2026-09-20 06:09:56,636 [WARNING] leadlag.core.market_calendar: No static holiday table for year 2016. Install jpholiday or update market_calendar.py.
2026-09-20 06:09:56,636 [WARNING] leadlag.core.market_calendar: No static holiday table for year 2016. Install jpholiday or update market_calendar.py.
2026-09-20 06:09:56,636 [WARNING] leadlag.core.market_calendar: No static holiday table for year 2016. Install jpholiday or update market_calendar.py.
2026-09-20 06:09:56,637 [WARNING] leadlag.core.market_calendar: No static holiday table for year 2016. Install jpholiday or update market_calendar.py.
2026-09-20 06:09:56,637 [WARNING] leadlag.core.market_calendar: No static holiday table for year 2016. Install jpholiday or update market_calendar.py.
2026-09-20 06:09:56,637 [WARNING] leadlag.core.market_calendar: No static holiday table for year 2016. Install jpholiday or update market_calendar.py.
2026-09-20 06:09:56,637 [WARNING] leadlag.core.market_calendar: No static holiday table for year 2016. Install jpholiday or update market_calendar.py.
2026-09-20 06:09:56,637 [WARNING] leadlag.core.market_calendar: No static holiday table for year 2016. Install jpholiday or update market_calendar.py.
2026-09-20 06:09:56,637 [WARNING] leadlag.core.market_calendar: No static holiday table for year 2016. Install jpholiday or update market_calendar.py.
2026-09-20 06:09:56,637 [WARNING] leadlag.core.market_calendar: No static holiday table for year 2016. Install jpholiday or update market_calendar.py.
2026-09-20 06:09:56,637 [WARNING] leadlag.core.market_calendar: No static holiday table for year 2016. Install jpholiday or update market_calendar.py.
2026-09-20 06:09:56,638 [WARNING] leadlag.core.market_calendar: No static holiday table for year 2016. Install jpholiday or update market_calendar.py.
2026-09-20 06:09:56,638 [WARNING] leadlag.core.market_calendar: No static holiday table for year 2016. Install jpholiday or update market_calendar.py.
2026-09-20 06:09:56,638 [WARNING] leadlag.core.market_calendar: No static holiday table for year 2016. Install jpholiday or update market_calendar.py.
2026-09-20 06:09:56,638 [WARNING] leadlag.core.market_calendar: No static holiday table for year 2016. Install jpholiday or update market_calendar.py.
2026-09-20 06:09:56,638 [WARNING] leadlag.core.market_calendar: No static holiday table for year 2016. Install jpholiday or update market_calendar.py.
2026-09-20 06:09:56,638 [WARNING] leadlag.core.market_calendar: No static holiday table for year 2016. Install jpholiday or update market_calendar.py.
2026-09-20 06:09:56,639 [WARNING] leadlag.core.market_calendar: No static holiday table for year 2016. Install jpholiday or update market_calendar.py.
2026-09-20 06:09:56,639 [WARNING] leadlag.core.market_calendar: No static holiday table for year 2016. Install jpholiday or update market_calendar.py.
2026-09-20 06:09:56,639 [WARNING] leadlag.core.market_calendar: No static holiday table for year 2016. Install jpholiday or update market_calendar.py.
2026-09-20 06:09:56,639 [WARNING] leadlag.core.market_calendar: No static holiday table for year 2016. Install jpholiday or update market_calendar.py.
2026-09-20 06:09:56,639 [WARNING] leadlag.core.market_calendar: No static holiday table for year 2016. Install jpholiday or update market_calendar.py.
2026-09-20 06:09:56,639 [WARNING] leadlag.core.market_calendar: No static holiday table for year 2016. Install jpholiday or update market_calendar.py.
2026-09-20 06:09:56,640 [WARNING] leadlag.core.market_calendar: No static holiday table for year 2016. Install jpholiday or update market_calendar.py.
2026-09-20 06:09:56,640 [WARNING] leadlag.core.market_calendar: No static holiday table for year 2016. Install jpholiday or update market_calendar.py.
2026-09-20 06:09:56,640 [WARNING] leadlag.core.market_calendar: No static holiday table for year 2016. Install jpholiday or update market_calendar.py.
2026-09-20 06:09:56,640 [WARNING] leadlag.core.market_calendar: No static holiday table for year 2016. Install jpholiday or update market_calendar.py.
2026-09-20 06:09:56,640 [WARNING] leadlag.core.market_calendar: No static holiday table for year 2016. Install jpholiday or update market_calendar.py.
2026-09-20 06:09:56,640 [WARNING] leadlag.core.market_calendar: No static holiday table for year 2016. Install jpholiday or update market_calendar.py.
2026-09-20 06:09:56,641 [WARNING] leadlag.core.market_calendar: No static holiday table for year 2016. Install jpholiday or update market_calendar.py.
2026-09-20 06:09:56,641 [WARNING] leadlag.core.market_calendar: No static holiday table for year 2016. Install jpholiday or update market_calendar.py.
2026-09-20 06:09:56,641 [WARNING] leadlag.core.market_calendar: No static holiday table for year 2016. Install jpholiday or update market_calendar.py.
2026-09-20 06:09:56,641 [WARNING] leadlag.core.market_calendar: No static holiday table for year 2016. Install jpholiday or update market_calendar.py.
2026-09-20 06:09:56,641 [WARNING] leadlag.core.market_calendar: No static holiday table for year 2016. Install jpholiday or update market_calendar.py.
2026-09-20 06:09:56,641 [WARNING] leadlag.core.market_calendar: No static holiday table for year 2016. Install jpholiday or update market_calendar.py.
2026-09-20 06:09:56,642 [WARNING] leadlag.core.market_calendar: No static holiday table for year 2016. Install jpholiday or update market_calendar.py.
2026-09-20 06:09:56,642 [WARNING] leadlag.core.market_calendar: No static holiday table for year 2016. Install jpholiday or update market_calendar.py.
2026-09-20 06:09:56,642 [WARNING] leadlag.core.market_calendar: No static holiday table for year 2016. Install jpholiday or update market_calendar.py.
2026-09-20 06:09:56,642 [WARNING] leadlag.core.market_calendar: No static holiday table for year 2016. Install jpholiday or update market_calendar.py.
2026-09-20 06:09:56,642 [WARNING] leadlag.core.market_calendar: No static holiday table for year 2016. Install jpholiday or update market_calendar.py.
2026-09-20 06:09:56,642 [WARNING] leadlag.core.market_calendar: No static holiday table for year 2016. Install jpholiday or update market_calendar.py.
2026-09-20 06:09:56,643 [WARNING] leadlag.core.market_calendar: No static holiday table for year 2016. Install jpholiday or update market_calendar.py.
2026-09-20 06:09:56,643 [WARNING] leadlag.core.market_calendar: No static holiday table for year 2016. Install jpholiday or update market_calendar.py.
2026-09-20 06:09:56,643 [WARNING] leadlag.core.market_calendar: No static holiday table for year 2016. Install jpholiday or update market_calendar.py.
2026-09-20 06:09:56,643 [WARNING] leadlag.core.market_calendar: No static holiday table for year 2016. Install jpholiday or update market_calendar.py.
2026-09-20 06:09:56,643 [WARNING] leadlag.core.market_calendar: No static holiday table for year 2016. Install jpholiday or update market_calendar.py.
2026-09-20 06:09:56,643 [WARNING] leadlag.core.market_calendar: No static holiday table for year 2016. Install jpholiday or update market_calendar.py.
2026-09-20 06:09:56,643 [WARNING] leadlag.core.market_calendar: No static holiday table for year 2016. Install jpholiday or update market_calendar.py.
2026-09-20 06:09:56,644 [WARNING] leadlag.core.market_calendar: No static holiday table for year 2016. Install jpholiday or update market_calendar.py.
2026-09-20 06:09:56,644 [WARNING] leadlag.core.market_calendar: No static holiday table for year 2016. Install jpholiday or update market_calendar.py.
2026-09-20 06:09:56,644 [WARNING] leadlag.core.market_calendar: No static holiday table for year 2016. Install jpholiday or update market_calendar.py.
2026-09-20 06:09:56,644 [WARNING] leadlag.core.market_calendar: No static holiday table for year 2016. Install jpholiday or update market_calendar.py.
2026-09-20 06:09:56,644 [WARNING] leadlag.core.market_calendar: No static holiday table for year 2016. Install jpholiday or update market_calendar.py.
2026-09-20 06:09:56,644 [WARNING] leadlag.core.market_calendar: No static holiday table for year 2016. Install jpholiday or update market_calendar.py.
2026-09-20 06:09:56,644 [WARNING] leadlag.core.market_calendar: No static holiday table for year 2016. Install jpholiday or update market_calendar.py.
2026-09-20 06:09:56,644 [WARNING] leadlag.core.market_calendar: No static holiday table for year 2016. Install jpholiday or update market_calendar.py.
2026-09-20 06:09:56,645 [WARNING] leadlag.core.market_calendar: No static holiday table for year 2016. Install jpholiday or update market_calendar.py.
2026-09-20 06:09:56,645 [WARNING] leadlag.core.market_calendar: No static holiday table for year 2016. Install jpholiday or update market_calendar.py.
2026-09-20 06:09:56,645 [WARNING] leadlag.core.market_calendar: No static holiday table for year 2016. Install jpholiday or update market_calendar.py.
2026-09-20 06:09:56,645 [WARNING] leadlag.core.market_calendar: No static holiday table for year 2016. Install jpholiday or update market_calendar.py.
2026-09-20 06:09:56,645 [WARNING] leadlag.core.market_calendar: No static holiday table for year 2016. Install jpholiday or update market_calendar.py.
2026-09-20 06:09:56,645 [WARNING] leadlag.core.market_calendar: No static holiday table for year 2016. Install jpholiday or update market_calendar.py.
2026-09-20 06:09:56,645 [WARNING] leadlag.core.market_calendar: No static holiday table for year 2016. Install jpholiday or update market_calendar.py.
2026-09-20 06:09:56,646 [WARNING] leadlag.core.market_calendar: No static holiday table for year 2016. Install jpholiday or update market_calendar.py.
2026-09-20 06:09:56,646 [WARNING] leadlag.core.market_calendar: No static holiday table for year 2016. Install jpholiday or update market_calendar.py.
2026-09-20 06:09:56,646 [WARNING] leadlag.core.market_calendar: No static holiday table for year 2016. Install jpholiday or update market_calendar.py.
2026-09-20 06:09:56,646 [WARNING] leadlag.core.market_calendar: No static holiday table for year 2016. Install jpholiday or update market_calendar.py.
2026-09-20 06:09:56,646 [WARNING] leadlag.core.market_calendar: No static holiday table for year 2016. Install jpholiday or update market_calendar.py.
2026-09-20 06:09:56,646 [WARNING] leadlag.core.market_calendar: No static holiday table for year 2016. Install jpholiday or update market_calendar.py.
2026-09-20 06:09:56,646 [WARNING] leadlag.core.market_calendar: No static holiday table for year 2016. Install jpholiday or update market_calendar.py.
2026-09-20 06:09:56,647 [WARNING] leadlag.core.market_calendar: No static holiday table for year 2016. Install jpholiday or update market_calendar.py.
2026-09-20 06:09:56,647 [WARNING] leadlag.core.market_calendar: No static holiday table for year 2016. Install jpholiday or update market_calendar.py.
2026-09-20 06:09:56,647 [WARNING] leadlag.core.market_calendar: No static holiday table for year 2016. Install jpholiday or update market_calendar.py.
2026-09-20 06:09:56,647 [WARNING] leadlag.core.market_calendar: No static holiday table for year 2016. Install jpholiday or update market_calendar.py.
2026-09-20 06:09:56,647 [WARNING] leadlag.core.market_calendar: No static holiday table for year 2016. Install jpholiday or update market_calendar.py.
2026-09-20 06:09:56,647 [WARNING] leadlag.core.market_calendar: No static holiday table for year 2016. Install jpholiday or update market_calendar.py.
2026-09-20 06:09:56,647 [WARNING] leadlag.core.market_calendar: No static holiday table for year 2016. Install jpholiday or update market_calendar.py.
2026-09-20 06:09:56,647 [WARNING] leadlag.core.market_calendar: No static holiday table for year 2016. Install jpholiday or update market_calendar.py.
2026-09-20 06:09:56,648 [WARNING] leadlag.core.market_calendar: No static holiday table for year 2016. Install jpholiday or update market_calendar.py.
2026-09-20 06:09:56,648 [WARNING] leadlag.core.market_calendar: No static holiday table for year 2016. Install jpholiday or update market_calendar.py.
2026-09-20 06:09:56,648 [WARNING] leadlag.core.market_calendar: No static holiday table for year 2016. Install jpholiday or update market_calendar.py.
2026-09-20 06:09:56,648 [WARNING] leadlag.core.market_calendar: No static holiday table for year 2016. Install jpholiday or update market_calendar.py.
2026-09-20 06:09:56,648 [WARNING] leadlag.core.market_calendar: No static holiday table for year 2016. Install jpholiday or update market_calendar.py.
2026-09-20 06:09:56,648 [WARNING] leadlag.core.market_calendar: No static holiday table for year 2016. Install jpholiday or update market_calendar.py.
2026-09-20 06:09:56,648 [WARNING] leadlag.core.market_calendar: No static holiday table for year 2016. Install jpholiday or update market_calendar.py.
2026-09-20 06:09:56,649 [WARNING] leadlag.core.market_calendar: No static holiday table for year 2016. Install jpholiday or update market_calendar.py.
2026-09-20 06:09:56,649 [WARNING] leadlag.core.market_calendar: No static holiday table for year 2016. Install jpholiday or update market_calendar.py.
2026-09-20 06:09:56,649 [WARNING] leadlag.core.market_calendar: No static holiday table for year 2016. Install jpholiday or update market_calendar.py.
2026-09-20 06:09:56,649 [WARNING] leadlag.core.market_calendar: No static holiday table for year 2016. Install jpholiday or update market_calendar.py.
2026-09-20 06:09:56,649 [WARNING] leadlag.core.market_calendar: No static holiday table for year 2016. Install jpholiday or update market_calendar.py.
2026-09-20 06:09:56,649 [WARNING] leadlag.core.market_calendar: No static holiday table for year 2016. Install jpholiday or update market_calendar.py.
2026-09-20 06:09:56,649 [WARNING] leadlag.core.market_calendar: No static holiday table for year 2016. Install jpholiday or update market_calendar.py.
2026-09-20 06:09:56,649 [WARNING] leadlag.core.market_calendar: No static holiday table for year 2016. Install jpholiday or update market_calendar.py.
2026-09-20 06:09:56,650 [WARNING] leadlag.core.market_calendar: No static holiday table for year 2016. Install jpholiday or update market_calendar.py.
2026-09-20 06:09:56,650 [WARNING] leadlag.core.market_calendar: No static holiday table for year 2016. Install jpholiday or update market_calendar.py.
2026-09-20 06:09:56,650 [WARNING] leadlag.core.market_calendar: No static holiday table for year 2016. Install jpholiday or update market_calendar.py.
2026-09-20 06:09:56,650 [WARNING] leadlag.core.market_calendar: No static holiday table for year 2016. Install jpholiday or update market_calendar.py.
2026-09-20 06:09:56,650 [WARNING] leadlag.core.market_calendar: No static holiday table for year 2016. Install jpholiday or update market_calendar.py.
2026-09-20 06:09:56,650 [WARNING] leadlag.core.market_calendar: No static holiday table for year 2016. Install jpholiday or update market_calendar.py.
2026-09-20 06:09:56,650 [WARNING] leadlag.core.market_calendar: No static holiday table for year 2016. Install jpholiday or update market_calendar.py.
2026-09-20 06:09:56,651 [WARNING] leadlag.core.market_calendar: No static holiday table for year 2016. Install jpholiday or update market_calendar.py.
2026-09-20 06:09:56,651 [WARNING] leadlag.core.market_calendar: No static holiday table for year 2016. Install jpholiday or update market_calendar.py.
2026-09-20 06:09:56,651 [WARNING] leadlag.core.market_calendar: No static holiday table for year 2016. Install jpholiday or update market_calendar.py.
2026-09-20 06:09:56,651 [WARNING] leadlag.core.market_calendar: No static holiday table for year 2016. Install jpholiday or update market_calendar.py.
2026-09-20 06:09:56,651 [WARNING] leadlag.core.market_calendar: No static holiday table for year 2016. Install jpholiday or update market_calendar.py.
2026-09-20 06:09:56,651 [WARNING] leadlag.core.market_calendar: No static holiday table for year 2016. Install jpholiday or update market_calendar.py.
2026-09-20 06:09:56,652 [WARNING] leadlag.core.market_calendar: No static holiday table for year 2016. Install jpholiday or update market_calendar.py.
2026-09-20 06:09:56,652 [WARNING] leadlag.core.market_calendar: No static holiday table for year 2016. Install jpholiday or update market_calendar.py.
2026-09-20 06:09:56,652 [WARNING] leadlag.core.market_calendar: No static holiday table for year 2016. Install jpholiday or update market_calendar.py.
2026-09-20 06:09:56,652 [WARNING] leadlag.core.market_calendar: No static holiday table for year 2016. Install jpholiday or update market_calendar.py.
2026-09-20 06:09:56,652 [WARNING] leadlag.core.market_calendar: No static holiday table for year 2016. Install jpholiday or update market_calendar.py.
2026-09-20 06:09:56,652 [WARNING] leadlag.core.market_calendar: No static holiday table for year 2016. Install jpholiday or update market_calendar.py.
2026-09-20 06:09:56,653 [WARNING] leadlag.core.market_calendar: No static holiday table for year 2016. Install jpholiday or update market_calendar.py.
2026-09-20 06:09:56,653 [WARNING] leadlag.core.market_calendar: No static holiday table for year 2016. Install jpholiday or update market_calendar.py.
2026-09-20 06:09:56,653 [WARNING] leadlag.core.market_calendar: No static holiday table for year 2016. Install jpholiday or update market_calendar.py.
2026-09-20 06:09:56,653 [WARNING] leadlag.core.market_calendar: No static holiday table for year 2016. Install jpholiday or update market_calendar.py.
2026-09-20 06:09:56,653 [WARNING] leadlag.core.market_calendar: No static holiday table for year 2016. Install jpholiday or update market_calendar.py.
2026-09-20 06:09:56,653 [WARNING] leadlag.core.market_calendar: No static holiday table for year 2016. Install jpholiday or update market_calendar.py.
2026-09-20 06:09:56,654 [WARNING] leadlag.core.market_calendar: No static holiday table for year 2016. Install jpholiday or update market_calendar.py.
2026-09-20 06:09:56,654 [WARNING] leadlag.core.market_calendar: No static holiday table for year 2016. Install jpholiday or update market_calendar.py.
2026-09-20 06:09:56,654 [WARNING] leadlag.core.market_calendar: No static holiday table for year 2016. Install jpholiday or update market_calendar.py.
2026-09-20 06:09:56,654 [WARNING] leadlag.core.market_calendar: No static holiday table for year 2016. Install jpholiday or update market_calendar.py.
2026-09-20 06:09:56,654 [WARNING] leadlag.core.market_calendar: No static holiday table for year 2016. Install jpholiday or update market_calendar.py.
2026-09-20 06:09:56,654 [WARNING] leadlag.core.market_calendar: No static holiday table for year 2016. Install jpholiday or update market_calendar.py.
2026-09-20 06:09:56,654 [WARNING] leadlag.core.market_calendar: No static holiday table for year 2016. Install jpholiday or update market_calendar.py.
2026-09-20 06:09:56,654 [WARNING] leadlag.core.market_calendar: No static holiday table for year 2016. Install jpholiday or update market_calendar.py.
2026-09-20 06:09:56,655 [WARNING] leadlag.core.market_calendar: No static holiday table for year 2016. Install jpholiday or update market_calendar.py.
2026-09-20 06:09:56,655 [WARNING] leadlag.core.market_calendar: No static holiday table for year 2016. Install jpholiday or update market_calendar.py.
2026-09-20 06:09:56,655 [WARNING] leadlag.core.market_calendar: No static holiday table for year 2016. Install jpholiday or update market_calendar.py.
2026-09-20 06:09:56,655 [WARNING] leadlag.core.market_calendar: No static holiday table for year 2016. Install jpholiday or update market_calendar.py.
2026-09-20 06:09:56,655 [WARNING] leadlag.core.market_calendar: No static holiday table for year 2016. Install jpholiday or update market_calendar.py.
2026-09-20 06:09:56,655 [WARNING] leadlag.core.market_calendar: No static holiday table for year 2016. Install jpholiday or update market_calendar.py.
2026-09-20 06:09:56,655 [WARNING] leadlag.core.market_calendar: No static holiday table for year 2016. Install jpholiday or update market_calendar.py.
2026-09-20 06:09:56,655 [WARNING] leadlag.core.market_calendar: No static holiday table for year 2016. Install jpholiday or update market_calendar.py.
2026-09-20 06:09:56,656 [WARNING] leadlag.core.market_calendar: No static holiday table for year 2016. Install jpholiday or update market_calendar.py.
2026-09-20 06:09:56,656 [WARNING] leadlag.core.market_calendar: No static holiday table for year 2016. Install jpholiday or update market_calendar.py.
2026-09-20 06:09:56,656 [WARNING] leadlag.core.market_calendar: No static holiday table for year 2016. Install jpholiday or update market_calendar.py.
2026-09-20 06:09:56,656 [WARNING] leadlag.core.market_calendar: No static holiday table for year 2016. Install jpholiday or update market_calendar.py.
2026-09-20 06:09:56,656 [WARNING] leadlag.core.market_calendar: No static holiday table for year 2016. Install jpholiday or update market_calendar.py.
2026-09-20 06:09:56,656 [WARNING] leadlag.core.market_calendar: No static holiday table for year 2016. Install jpholiday or update market_calendar.py.
2026-09-20 06:09:56,656 [WARNING] leadlag.core.market_calendar: No static holiday table for year 2016. Install jpholiday or update market_calendar.py.
2026-09-20 06:09:56,657 [WARNING] leadlag.core.market_calendar: No static holiday table for year 2016. Install jpholiday or update market_calendar.py.
2026-09-20 06:09:56,657 [WARNING] leadlag.core.market_calendar: No static holiday table for year 2016. Install jpholiday or update market_calendar.py.
2026-09-20 06:09:56,657 [WARNING] leadlag.core.market_calendar: No static holiday table for year 2016. Install jpholiday or update market_calendar.py.
2026-09-20 06:09:56,657 [WARNING] leadlag.core.market_calendar: No static holiday table for year 2016. Install jpholiday or update market_calendar.py.
2026-09-20 06:09:56,657 [WARNING] leadlag.core.market_calendar: No static holiday table for year 2016. Install jpholiday or update market_calendar.py.
2026-09-20 06:09:56,658 [WARNING] leadlag.core.market_calendar: No static holiday table for year 2016. Install jpholiday or update market_calendar.py.
2026-09-20 06:09:56,658 [WARNING] leadlag.core.market_calendar: No static holiday table for year 2016. Install jpholiday or update market_calendar.py.
2026-09-20 06:09:56,658 [WARNING] leadlag.core.market_calendar: No static holiday table for year 2016. Install jpholiday or update market_calendar.py.
2026-09-20 06:09:56,658 [WARNING] leadlag.core.market_calendar: No static holiday table for year 2016. Install jpholiday or update market_calendar.py.
2026-09-20 06:09:56,658 [WARNING] leadlag.core.market_calendar: No static holiday table for year 2016. Install jpholiday or update market_calendar.py.
2026-09-20 06:09:56,659 [WARNING] leadlag.core.market_calendar: No static holiday table for year 2016. Install jpholiday or update market_calendar.py.
2026-09-20 06:09:56,659 [WARNING] leadlag.core.market_calendar: No static holiday table for year 2016. Install jpholiday or update market_calendar.py.
2026-09-20 06:09:56,659 [WARNING] leadlag.core.market_calendar: No static holiday table for year 2016. Install jpholiday or update market_calendar.py.
2026-09-20 06:09:56,659 [WARNING] leadlag.core.market_calendar: No static holiday table for year 2016. Install jpholiday or update market_calendar.py.
2026-09-20 06:09:56,659 [WARNING] leadlag.core.market_calendar: No static holiday table for year 2016. Install jpholiday or update market_calendar.py.
2026-09-20 06:09:56,660 [WARNING] leadlag.core.market_calendar: No static holiday table for year 2016. Install jpholiday or update market_calendar.py.
2026-09-20 06:09:56,660 [WARNING] leadlag.core.market_calendar: No static holiday table for year 2016. Install jpholiday or update market_calendar.py.
2026-09-20 06:09:56,660 [WARNING] leadlag.core.market_calendar: No static holiday table for year 2016. Install jpholiday or update market_calendar.py.
2026-09-20 06:09:56,660 [WARNING] leadlag.core.market_calendar: No static holiday table for year 2016. Install jpholiday or update market_calendar.py.
2026-09-20 06:09:56,661 [WARNING] leadlag.core.market_calendar: No static holiday table for year 2016. Install jpholiday or update market_calendar.py.
2026-09-20 06:09:56,661 [WARNING] leadlag.core.market_calendar: No static holiday table for year 2016. Install jpholiday or update market_calendar.py.
2026-09-20 06:09:56,661 [WARNING] leadlag.core.market_calendar: No static holiday table for year 2016. Install jpholiday or update market_calendar.py.
2026-09-20 06:09:56,661 [WARNING] leadlag.core.market_calendar: No static holiday table for year 2016. Install jpholiday or update market_calendar.py.
2026-09-20 06:09:56,661 [WARNING] leadlag.core.market_calendar: No static holiday table for year 2016. Install jpholiday or update market_calendar.py.
2026-09-20 06:09:56,661 [WARNING] leadlag.core.market_calendar: No static holiday table for year 2016. Install jpholiday or update market_calendar.py.
2026-09-20 06:09:56,661 [WARNING] leadlag.core.market_calendar: No static holiday table for year 2016. Install jpholiday or update market_calendar.py.
2026-09-20 06:09:56,662 [WARNING] leadlag.core.market_calendar: No static holiday table for year 2016. Install jpholiday or update market_calendar.py.
2026-09-20 06:09:56,662 [WARNING] leadlag.core.market_calendar: No static holiday table for year 2016. Install jpholiday or update market_calendar.py.
2026-09-20 06:09:56,662 [WARNING] leadlag.core.market_calendar: No static holiday table for year 2016. Install jpholiday or update market_calendar.py.
2026-09-20 06:09:56,662 [WARNING] leadlag.core.market_calendar: No static holiday table for year 2016. Install jpholiday or update market_calendar.py.
2026-09-20 06:09:56,662 [WARNING] leadlag.core.market_calendar: No static holiday table for year 2016. Install jpholiday or update market_calendar.py.
2026-09-20 06:09:56,662 [WARNING] leadlag.core.market_calendar: No static holiday table for year 2016. Install jpholiday or update market_calendar.py.
2026-09-20 06:09:56,663 [WARNING] leadlag.core.market_calendar: No static holiday table for year 2016. Install jpholiday or update market_calendar.py.
2026-09-20 06:09:56,663 [WARNING] leadlag.core.market_calendar: No static holiday table for year 2016. Install jpholiday or update market_calendar.py.
2026-09-20 06:09:56,663 [WARNING] leadlag.core.market_calendar: No static holiday table for year 2016. Install jpholiday or update market_calendar.py.
2026-09-20 06:09:56,663 [WARNING] leadlag.core.market_calendar: No static holiday table for year 2016. Install jpholiday or update market_calendar.py.
2026-09-20 06:09:56,663 [WARNING] leadlag.core.market_calendar: No static holiday table for year 2016. Install jpholiday or update market_calendar.py.
2026-09-20 06:09:56,663 [WARNING] leadlag.core.market_calendar: No static holiday table for year 2016. Install jpholiday or update market_calendar.py.
2026-09-20 06:09:56,664 [WARNING] leadlag.core.market_calendar: No static holiday table for year 2016. Install jpholiday or update market_calendar.py.
2026-09-20 06:09:56,664 [WARNING] leadlag.core.market_calendar: No static holiday table for year 2016. Install jpholiday or update market_calendar.py.
2026-09-20 06:09:56,664 [WARNING] leadlag.core.market_calendar: No static holiday table for year 2016. Install jpholiday or update market_calendar.py.
2026-09-20 06:09:56,664 [WARNING] leadlag.core.market_calendar: No static holiday table for year 2016. Install jpholiday or update market_calendar.py.
2026-09-20 06:09:56,664 [WARNING] leadlag.core.market_calendar: No static holiday table for year 2016. Install jpholiday or update market_calendar.py.
2026-09-20 06:09:56,664 [WARNING] leadlag.core.market_calendar: No static holiday table for year 2016. Install jpholiday or update market_calendar.py.
2026-09-20 06:09:56,664 [WARNING] leadlag.core.market_calendar: No static holiday table for year 2016. Install jpholiday or update market_calendar.py.
2026-09-20 06:09:56,665 [WARNING] leadlag.core.market_calendar: No static holiday table for year 2016. Install jpholiday or update market_calendar.py.
2026-09-20 06:09:56,665 [WARNING] leadlag.core.market_calendar: No static holiday table for year 2016. Install jpholiday or update market_calendar.py.
2026-09-20 06:09:56,665 [WARNING] leadlag.core.market_calendar: No static holiday table for year 2016. Install jpholiday or update market_calendar.py.
2026-09-20 06:09:56,665 [WARNING] leadlag.core.market_calendar: No static holiday table for year 2016. Install jpholiday or update market_calendar.py.
2026-09-20 06:09:56,665 [WARNING] leadlag.core.market_calendar: No static holiday table for year 2016. Install jpholiday or update market_calendar.py.
2026-09-20 06:09:56,665 [WARNING] leadlag.core.market_calendar: No static holiday table for year 2016. Install jpholiday or update market_calendar.py.
2026-09-20 06:09:56,665 [WARNING] leadlag.core.market_calendar: No static holiday table for year 2016. Install jpholiday or update market_calendar.py.
2026-09-20 06:09:56,666 [WARNING] leadlag.core.market_calendar: No static holiday table for year 2016. Install jpholiday or update market_calendar.py.
2026-09-20 06:09:56,666 [WARNING] leadlag.core.market_calendar: No static holiday table for year 2016. Install jpholiday or update market_calendar.py.
2026-09-20 06:09:56,666 [WARNING] leadlag.core.market_calendar: No static holiday table for year 2016. Install jpholiday or update market_calendar.py.
2026-09-20 06:09:56,666 [WARNING] leadlag.core.market_calendar: No static holiday table for year 2016. Install jpholiday or update market_calendar.py.
2026-09-20 06:09:56,666 [WARNING] leadlag.core.market_calendar: No static holiday table for year 2016. Install jpholiday or update market_calendar.py.
2026-09-20 06:09:56,666 [WARNING] leadlag.core.market_calendar: No static holiday table for year 2016. Install jpholiday or update market_calendar.py.
2026-09-20 06:09:56,666 [WARNING] leadlag.core.market_calendar: No static holiday table for year 2016. Install jpholiday or update market_calendar.py.
2026-09-20 06:09:56,666 [WARNING] leadlag.core.market_calendar: No static holiday table for year 2016. Install jpholiday or update market_calendar.py.
2026-09-20 06:09:56,667 [WARNING] leadlag.core.market_calendar: No static holiday table for year 2016. Install jpholiday or update market_calendar.py.
2026-09-20 06:09:56,667 [WARNING] leadlag.core.market_calendar: No static holiday table for year 2016. Install jpholiday or update market_calendar.py.
2026-09-20 06:09:56,667 [WARNING] leadlag.core.market_calendar: No static holiday table for year 2016. Install jpholiday or update market_calendar.py.
2026-09-20 06:09:56,667 [WARNING] leadlag.core.market_calendar: No static holiday table for year 2016. Install jpholiday or update market_calendar.py.
2026-09-20 06:09:56,667 [WARNING] leadlag.core.market_calendar: No static holiday table for year 2016. Install jpholiday or update market_calendar.py.
2026-09-20 06:09:56,667 [WARNING] leadlag.core.market_calendar: No static holiday table for year 2016. Install jpholiday or update market_calendar.py.
2026-09-20 06:09:56,667 [WARNING] leadlag.core.market_calendar: No static holiday table for year 2016. Install jpholiday or update market_calendar.py.
2026-09-20 06:09:56,668 [WARNING] leadlag.core.market_calendar: No static holiday table for year 2016. Install jpholiday or update market_calendar.py.
2026-09-20 06:09:56,668 [WARNING] leadlag.core.market_calendar: No static holiday table for year 2016. Install jpholiday or update market_calendar.py.
2026-09-20 06:09:56,668 [WARNING] leadlag.core.market_calendar: No static holiday table for year 2016. Install jpholiday or update market_calendar.py.
2026-09-20 06:09:56,668 [WARNING] leadlag.core.market_calendar: No static holiday table for year 2016. Install jpholiday or update market_calendar.py.
2026-09-20 06:09:56,668 [WARNING] leadlag.core.market_calendar: No static holiday table for year 2016. Install jpholiday or update market_calendar.py.
2026-09-20 06:09:56,668 [WARNING] leadlag.core.market_calendar: No static holiday table for year 2016. Install jpholiday or update market_calendar.py.
2026-09-20 06:09:56,668 [WARNING] leadlag.core.market_calendar: No static holiday table for year 2016. Install jpholiday or update market_calendar.py.
2026-09-20 06:09:56,669 [WARNING] leadlag.core.market_calendar: No static holiday table for year 2016. Install jpholiday or update market_calendar.py.
2026-09-20 06:09:56,669 [WARNING] leadlag.core.market_calendar: No static holiday table for year 2016. Install jpholiday or update market_calendar.py.
2026-09-20 06:09:56,669 [WARNING] leadlag.core.market_calendar: No static holiday table for year 2016. Install jpholiday or update market_calendar.py.
2026-09-20 06:09:56,669 [WARNING] leadlag.core.market_calendar: No static holiday table for year 2016. Install jpholiday or update market_calendar.py.
2026-09-20 06:09:56,669 [WARNING] leadlag.core.market_calendar: No static holiday table for year 2016. Install jpholiday or update market_calendar.py.
2026-09-20 06:09:56,669 [WARNING] leadlag.core.market_calendar: No static holiday table for year 2016. Install jpholiday or update market_calendar.py.
2026-09-20 06:09:56,669 [WARNING] leadlag.core.market_calendar: No static holiday table for year 2016. Install jpholiday or update market_calendar.py.
2026-09-20 06:09:56,670 [WARNING] leadlag.core.market_calendar: No static holiday table for year 2016. Install jpholiday or update market_calendar.py.
2026-09-20 06:09:56,670 [WARNING] leadlag.core.market_calendar: No static holiday table for year 2017. Install jpholiday or update market_calendar.py.
2026-09-20 06:09:56,670 [WARNING] leadlag.core.market_calendar: No static holiday table for year 2017. Install jpholiday or update market_calendar.py.
2026-09-20 06:09:56,670 [WARNING] leadlag.core.market_calendar: No static holiday table for year 2017. Install jpholiday or update market_calendar.py.
2026-09-20 06:09:56,670 [WARNING] leadlag.core.market_calendar: No static holiday table for year 2017. Install jpholiday or update market_calendar.py.
2026-09-20 06:09:56,670 [WARNING] leadlag.core.market_calendar: No static holiday table for year 2017. Install jpholiday or update market_calendar.py.
2026-09-20 06:09:56,671 [WARNING] leadlag.core.market_calendar: No static holiday table for year 2017. Install jpholiday or update market_calendar.py.
2026-09-20 06:09:56,671 [WARNING] leadlag.core.market_calendar: No static holiday table for year 2017. Install jpholiday or update market_calendar.py.
2026-09-20 06:09:56,671 [WARNING] leadlag.core.market_calendar: No static holiday table for year 2017. Install jpholiday or update market_calendar.py.
2026-09-20 06:09:56,671 [WARNING] leadlag.core.market_calendar: No static holiday table for year 2017. Install jpholiday or update market_calendar.py.
2026-09-20 06:09:56,671 [WARNING] leadlag.core.market_calendar: No static holiday table for year 2017. Install jpholiday or update market_calendar.py.
2026-09-20 06:09:56,671 [WARNING] leadlag.core.market_calendar: No static holiday table for year 2017. Install jpholiday or update market_calendar.py.
2026-09-20 06:09:56,671 [WARNING] leadlag.core.market_calendar: No static holiday table for year 2017. Install jpholiday or update market_calendar.py.
2026-09-20 06:09:56,672 [WARNING] leadlag.core.market_calendar: No static holiday table for year 2017. Install jpholiday or update market_calendar.py.
2026-09-20 06:09:56,672 [WARNING] leadlag.core.market_calendar: No static holiday table for year 2017. Install jpholiday or update market_calendar.py.
2026-09-20 06:09:56,672 [WARNING] leadlag.core.market_calendar: No static holiday table for year 2017. Install jpholiday or update market_calendar.py.
2026-09-20 06:09:56,672 [WARNING] leadlag.core.market_calendar: No static holiday table for year 2017. Install jpholiday or update market_calendar.py.
2026-09-20 06:09:56,672 [WARNING] leadlag.core.market_calendar: No static holiday table for year 2017. Install jpholiday or update market_calendar.py.
2026-09-20 06:09:56,672 [WARNING] leadlag.core.market_calendar: No static holiday table for year 2017. Install jpholiday or update market_calendar.py.
2026-09-20 06:09:56,672 [WARNING] leadlag.core.market_calendar: No static holiday table for year 2017. Install jpholiday or update market_calendar.py.
2026-09-20 06:09:56,673 [WARNING] leadlag.core.market_calendar: No static holiday table for year 2017. Install jpholiday or update market_calendar.py.
2026-09-20 06:09:56,673 [WARNING] leadlag.core.market_calendar: No static holiday table for year 2017. Install jpholiday or update market_calendar.py.
2026-09-20 06:09:56,673 [WARNING] leadlag.core.market_calendar: No static holiday table for year 2017. Install jpholiday or update market_calendar.py.
2026-09-20 06:09:56,673 [WARNING] leadlag.core.market_calendar: No static holiday table for year 2017. Install jpholiday or update market_calendar.py.
2026-09-20 06:09:56,673 [WARNING] leadlag.core.market_calendar: No static holiday table for year 2017. Install jpholiday or update market_calendar.py.
2026-09-20 06:09:56,673 [WARNING] leadlag.core.market_calendar: No static holiday table for year 2017. Install jpholiday or update market_calendar.py.
2026-09-20 06:09:56,673 [WARNING] leadlag.core.market_calendar: No static holiday table for year 2017. Install jpholiday or update market_calendar.py.
2026-09-20 06:09:56,674 [WARNING] leadlag.core.market_calendar: No static holiday table for year 2017. Install jpholiday or update market_calendar.py.
2026-09-20 06:09:56,674 [WARNING] leadlag.core.market_calendar: No static holiday table for year 2017. Install jpholiday or update market_calendar.py.
2026-09-20 06:09:56,674 [WARNING] leadlag.core.market_calendar: No static holiday table for year 2017. Install jpholiday or update market_calendar.py.
2026-09-20 06:09:56,674 [WARNING] leadlag.core.market_calendar: No static holiday table for year 2017. Install jpholiday or update market_calendar.py.
2026-09-20 06:09:56,674 [WARNING] leadlag.core.market_calendar: No static holiday table for year 2017. Install jpholiday or update market_calendar.py.
2026-09-20 06:09:56,674 [WARNING] leadlag.core.market_calendar: No static holiday table for year 2017. Install jpholiday or update market_calendar.py.
2026-09-20 06:09:56,675 [WARNING] leadlag.core.market_calendar: No static holiday table for year 2017. Install jpholiday or update market_calendar.py.
2026-09-20 06:09:56,675 [WARNING] leadlag.core.market_calendar: No static holiday table for year 2017. Install jpholiday or update market_calendar.py.
2026-09-20 06:09:56,675 [WARNING] leadlag.core.market_calendar: No static holiday table for year 2017. Install jpholiday or update market_calendar.py.
2026-09-20 06:09:56,675 [WARNING] leadlag.core.market_calendar: No static holiday table for year 2017. Install jpholiday or update market_calendar.py.
2026-09-20 06:09:56,675 [WARNING] leadlag.core.market_calendar: No static holiday table for year 2017. Install jpholiday or update market_calendar.py.
2026-09-20 06:09:56,675 [WARNING] leadlag.core.market_calendar: No static holiday table for year 2017. Install jpholiday or update market_calendar.py.
2026-09-20 06:09:56,675 [WARNING] leadlag.core.market_calendar: No static holiday table for year 2017. Install jpholiday or update market_calendar.py.
2026-09-20 06:09:56,675 [WARNING] leadlag.core.market_calendar: No static holiday table for year 2017. Install jpholiday or update market_calendar.py.
2026-09-20 06:09:56,676 [WARNING] leadlag.core.market_calendar: No static holiday table for year 2017. Install jpholiday or update market_calendar.py.
2026-09-20 06:09:56,676 [WARNING] leadlag.core.market_calendar: No static holiday table for year 2017. Install jpholiday or update market_calendar.py.
2026-09-20 06:09:56,676 [WARNING] leadlag.core.market_calendar: No static holiday table for year 2017. Install jpholiday or update market_calendar.py.
2026-09-20 06:09:56,676 [WARNING] leadlag.core.market_calendar: No static holiday table for year 2017. Install jpholiday or update market_calendar.py.
2026-09-20 06:09:56,676 [WARNING] leadlag.core.market_calendar: No static holiday table for year 2017. Install jpholiday or update market_calendar.py.
2026-09-20 06:09:56,676 [WARNING] leadlag.core.market_calendar: No static holiday table for year 2017. Install jpholiday or update market_calendar.py.
2026-09-20 06:09:56,677 [WARNING] leadlag.core.market_calendar: No static holiday table for year 2017. Install jpholiday or update market_calendar.py.
2026-09-20 06:09:56,677 [WARNING] leadlag.core.market_calendar: No static holiday table for year 2017. Install jpholiday or update market_calendar.py.
2026-09-20 06:09:56,677 [WARNING] leadlag.core.market_calendar: No static holiday table for year 2017. Install jpholiday or update market_calendar.py.
2026-09-20 06:09:56,677 [WARNING] leadlag.core.market_calendar: No static holiday table for year 2017. Install jpholiday or update market_calendar.py.
2026-09-20 06:09:56,677 [WARNING] leadlag.core.market_calendar: No static holiday table for year 2017. Install jpholiday or update market_calendar.py.
2026-09-20 06:09:56,677 [WARNING] leadlag.core.market_calendar: No static holiday table for year 2017. Install jpholiday or update market_calendar.py.
2026-09-20 06:09:56,678 [WARNING] leadlag.core.market_calendar: No static holiday table for year 2017. Install jpholiday or update market_calendar.py.
2026-09-20 06:09:56,678 [WARNING] leadlag.core.market_calendar: No static holiday table for year 2017. Install jpholiday or update market_calendar.py.
2026-09-20 06:09:56,678 [WARNING] leadlag.core.market_calendar: No static holiday table for year 2017. Install jpholiday or update market_calendar.py.
2026-09-20 06:09:56,678 [WARNING] leadlag.core.market_calendar: No static holiday table for year 2017. Install jpholiday or update market_calendar.py.
2026-09-20 06:09:56,678 [WARNING] leadlag.core.market_calendar: No static holiday table for year 2017. Install jpholiday or update market_calendar.py.
2026-09-20 06:09:56,678 [WARNING] leadlag.core.market_calendar: No static holiday table for year 2017. Install jpholiday or update market_calendar.py.
2026-09-20 06:09:56,679 [WARNING] leadlag.core.market_calendar: No static holiday table for year 2017. Install jpholiday or update market_calendar.py.
2026-09-20 06:09:56,679 [WARNING] leadlag.core.market_calendar: No static holiday table for year 2017. Install jpholiday or update market_calendar.py.
2026-09-20 06:09:56,679 [WARNING] leadlag.core.market_calendar: No static holiday table for year 2017. Install jpholiday or update market_calendar.py.
2026-09-20 06:09:56,679 [WARNING] leadlag.core.market_calendar: No static holiday table for year 2017. Install jpholiday or update market_calendar.py.
2026-09-20 06:09:56,679 [WARNING] leadlag.core.market_calendar: No static holiday table for year 2017. Install jpholiday or update market_calendar.py.
2026-09-20 06:09:56,679 [WARNING] leadlag.core.market_calendar: No static holiday table for year 2017. Install jpholiday or update market_calendar.py.
2026-09-20 06:09:56,679 [WARNING] leadlag.core.market_calendar: No static holiday table for year 2017. Install jpholiday or update market_calendar.py.
2026-09-20 06:09:56,680 [WARNING] leadlag.core.market_calendar: No static holiday table for year 2017. Install jpholiday or update market_calendar.py.
2026-09-20 06:09:56,680 [WARNING] leadlag.core.market_calendar: No static holiday table for year 2017. Install jpholiday or update market_calendar.py.
2026-09-20 06:09:56,680 [WARNING] leadlag.core.market_calendar: No static holiday table for year 2017. Install jpholiday or update market_calendar.py.
2026-09-20 06:09:56,680 [WARNING] leadlag.core.market_calendar: No static holiday table for year 2017. Install jpholiday or update market_calendar.py.
2026-09-20 06:09:56,680 [WARNING] leadlag.core.market_calendar: No static holiday table for year 2017. Install jpholiday or update market_calendar.py.
2026-09-20 06:09:56,680 [WARNING] leadlag.core.market_calendar: No static holiday table for year 2017. Install jpholiday or update market_calendar.py.
2026-09-20 06:09:56,680 [WARNING] leadlag.core.market_calendar: No static holiday table for year 2017. Install jpholiday or update market_calendar.py.
2026-09-20 06:09:56,681 [WARNING] leadlag.core.market_calendar: No static holiday table for year 2017. Install jpholiday or update market_calendar.py.
2026-09-20 06:09:56,681 [WARNING] leadlag.core.market_calendar: No static holiday table for year 2017. Install jpholiday or update market_calendar.py.
2026-09-20 06:09:56,681 [WARNING] leadlag.core.market_calendar: No static holiday table for year 2017. Install jpholiday or update market_calendar.py.
2026-09-20 06:09:56,681 [WARNING] leadlag.core.market_calendar: No static holiday table for year 2017. Install jpholiday or update market_calendar.py.
2026-09-20 06:09:56,681 [WARNING] leadlag.core.market_calendar: No static holiday table for year 2017. Install jpholiday or update market_calendar.py.
2026-09-20 06:09:56,681 [WARNING] leadlag.core.market_calendar: No static holiday table for year 2017. Install jpholiday or update market_calendar.py.
2026-09-20 06:09:56,681 [WARNING] leadlag.core.market_calendar: No static holiday table for year 2017. Install jpholiday or update market_calendar.py.
2026-09-20 06:09:56,681 [WARNING] leadlag.core.market_calendar: No static holiday table for year 2017. Install jpholiday or update market_calendar.py.
2026-09-20 06:09:56,682 [WARNING] leadlag.core.market_calendar: No static holiday table for year 2017. Install jpholiday or update market_calendar.py.
2026-09-20 06:09:56,682 [WARNING] leadlag.core.market_calendar: No static holiday table for year 2017. Install jpholiday or update market_calendar.py.
2026-09-20 06:09:56,682 [WARNING] leadlag.core.market_calendar: No static holiday table for year 2017. Install jpholiday or update market_calendar.py.
2026-09-20 06:09:56,682 [WARNING] leadlag.core.market_calendar: No static holiday table for year 2017. Install jpholiday or update market_calendar.py.
2026-09-20 06:09:56,682 [WARNING] leadlag.core.market_calendar: No static holiday table for year 2017. Install jpholiday or update market_calendar.py.
2026-09-20 06:09:56,682 [WARNING] leadlag.core.market_calendar: No static holiday table for year 2017. Install jpholiday or update market_calendar.py.
2026-09-20 06:09:56,682 [WARNING] leadlag.core.market_calendar: No static holiday table for year 2017. Install jpholiday or update market_calendar.py.
2026-09-20 06:09:56,683 [WARNING] leadlag.core.market_calendar: No static holiday table for year 2017. Install jpholiday or update market_calendar.py.
2026-09-20 06:09:56,683 [WARNING] leadlag.core.market_calendar: No static holiday table for year 2017. Install jpholiday or update market_calendar.py.
2026-09-20 06:09:56,683 [WARNING] leadlag.core.market_calendar: No static holiday table for year 2017. Install jpholiday or update market_calendar.py.
2026-09-20 06:09:56,683 [WARNING] leadlag.core.market_calendar: No static holiday table for year 2017. Install jpholiday or update market_calendar.py.
2026-09-20 06:09:56,683 [WARNING] leadlag.core.market_calendar: No static holiday table for year 2017. Install jpholiday or update market_calendar.py.
2026-09-20 06:09:56,683 [WARNING] leadlag.core.market_calendar: No static holiday table for year 2017. Install jpholiday or update market_calendar.py.
2026-09-20 06:09:56,683 [WARNING] leadlag.core.market_calendar: No static holiday table for year 2017. Install jpholiday or update market_calendar.py.
2026-09-20 06:09:56,684 [WARNING] leadlag.core.market_calendar: No static holiday table for year 2017. Install jpholiday or update market_calendar.py.
2026-09-20 06:09:56,684 [WARNING] leadlag.core.market_calendar: No static holiday table for year 2017. Install jpholiday or update market_calendar.py.
2026-09-20 06:09:56,684 [WARNING] leadlag.core.market_calendar: No static holiday table for year 2017. Install jpholiday or update market_calendar.py.
2026-09-20 06:09:56,684 [WARNING] leadlag.core.market_calendar: No static holiday table for year 2017. Install jpholiday or update market_calendar.py.
2026-09-20 06:09:56,684 [WARNING] leadlag.core.market_calendar: No static holiday table for year 2017. Install jpholiday or update market_calendar.py.
2026-09-20 06:09:56,684 [WARNING] leadlag.core.market_calendar: No static holiday table for year 2017. Install jpholiday or update market_calendar.py.
2026-09-20 06:09:56,684 [WARNING] leadlag.core.market_calendar: No static holiday table for year 2017. Install jpholiday or update market_calendar.py.
2026-09-20 06:09:56,684 [WARNING] leadlag.core.market_calendar: No static holiday table for year 2017. Install jpholiday or update market_calendar.py.
2026-09-20 06:09:56,685 [WARNING] leadlag.core.market_calendar: No static holiday table for year 2017. Install jpholiday or update market_calendar.py.
2026-09-20 06:09:56,685 [WARNING] leadlag.core.market_calendar: No static holiday table for year 2017. Install jpholiday or update market_calendar.py.
2026-09-20 06:09:56,685 [WARNING] leadlag.core.market_calendar: No static holiday table for year 2017. Install jpholiday or update market_calendar.py.
2026-09-20 06:09:56,685 [WARNING] leadlag.core.market_calendar: No static holiday table for year 2017. Install jpholiday or update market_calendar.py.
2026-09-20 06:09:56,685 [WARNING] leadlag.core.market_calendar: No static holiday table for year 2017. Install jpholiday or update market_calendar.py.
2026-09-20 06:09:56,685 [WARNING] leadlag.core.market_calendar: No static holiday table for year 2017. Install jpholiday or update market_calendar.py.
2026-09-20 06:09:56,685 [WARNING] leadlag.core.market_calendar: No static holiday table for year 2017. Install jpholiday or update market_calendar.py.
2026-09-20 06:09:56,686 [WARNING] leadlag.core.market_calendar: No static holiday table for year 2017. Install jpholiday or update market_calendar.py.
2026-09-20 06:09:56,686 [WARNING] leadlag.core.market_calendar: No static holiday table for year 2017. Install jpholiday or update market_calendar.py.
2026-09-20 06:09:56,686 [WARNING] leadlag.core.market_calendar: No static holiday table for year 2017. Install jpholiday or update market_calendar.py.
2026-09-20 06:09:56,686 [WARNING] leadlag.core.market_calendar: No static holiday table for year 2017. Install jpholiday or update market_calendar.py.
2026-09-20 06:09:56,686 [WARNING] leadlag.core.market_calendar: No static holiday table for year 2017. Install jpholiday or update market_calendar.py.
2026-09-20 06:09:56,686 [WARNING] leadlag.core.market_calendar: No static holiday table for year 2017. Install jpholiday or update market_calendar.py.
2026-09-20 06:09:56,687 [WARNING] leadlag.core.market_calendar: No static holiday table for year 2017. Install jpholiday or update market_calendar.py.
2026-09-20 06:09:56,687 [WARNING] leadlag.core.market_calendar: No static holiday table for year 2017. Install jpholiday or update market_calendar.py.
2026-09-20 06:09:56,687 [WARNING] leadlag.core.market_calendar: No static holiday table for year 2017. Install jpholiday or update market_calendar.py.
2026-09-20 06:09:56,687 [WARNING] leadlag.core.market_calendar: No static holiday table for year 2017. Install jpholiday or update market_calendar.py.
2026-09-20 06:09:56,687 [WARNING] leadlag.core.market_calendar: No static holiday table for year 2017. Install jpholiday or update market_calendar.py.
2026-09-20 06:09:56,687 [WARNING] leadlag.core.market_calendar: No static holiday table for year 2017. Install jpholiday or update market_calendar.py.
2026-09-20 06:09:56,687 [WARNING] leadlag.core.market_calendar: No static holiday table for year 2017. Install jpholiday or update market_calendar.py.
2026-09-20 06:09:56,688 [WARNING] leadlag.core.market_calendar: No static holiday table for year 2017. Install jpholiday or update market_calendar.py.
2026-09-20 06:09:56,688 [WARNING] leadlag.core.market_calendar: No static holiday table for year 2017. Install jpholiday or update market_calendar.py.
2026-09-20 06:09:56,688 [WARNING] leadlag.core.market_calendar: No static holiday table for year 2017. Install jpholiday or update market_calendar.py.
2026-09-20 06:09:56,688 [WARNING] leadlag.core.market_calendar: No static holiday table for year 2017. Install jpholiday or update market_calendar.py.
2026-09-20 06:09:56,688 [WARNING] leadlag.core.market_calendar: No static holiday table for year 2017. Install jpholiday or update market_calendar.py.
2026-09-20 06:09:56,688 [WARNING] leadlag.core.market_calendar: No static holiday table for year 2017. Install jpholiday or update market_calendar.py.
2026-09-20 06:09:56,689 [WARNING] leadlag.core.market_calendar: No static holiday table for year 2017. Install jpholiday or update market_calendar.py.
2026-09-20 06:09:56,689 [WARNING] leadlag.core.market_calendar: No static holiday table for year 2017. Install jpholiday or update market_calendar.py.
2026-09-20 06:09:56,689 [WARNING] leadlag.core.market_calendar: No static holiday table for year 2017. Install jpholiday or update market_calendar.py.
2026-09-20 06:09:56,689 [WARNING] leadlag.core.market_calendar: No static holiday table for year 2017. Install jpholiday or update market_calendar.py.
2026-09-20 06:09:56,689 [WARNING] leadlag.core.market_calendar: No static holiday table for year 2017. Install jpholiday or update market_calendar.py.
2026-09-20 06:09:56,690 [WARNING] leadlag.core.market_calendar: No static holiday table for year 2017. Install jpholiday or update market_calendar.py.
2026-09-20 06:09:56,690 [WARNING] leadlag.core.market_calendar: No static holiday table for year 2017. Install jpholiday or update market_calendar.py.
2026-09-20 06:09:56,690 [WARNING] leadlag.core.market_calendar: No static holiday table for year 2017. Install jpholiday or update market_calendar.py.
2026-09-20 06:09:56,690 [WARNING] leadlag.core.market_calendar: No static holiday table for year 2017. Install jpholiday or update market_calendar.py.
2026-09-20 06:09:56,690 [WARNING] leadlag.core.market_calendar: No static holiday table for year 2017. Install jpholiday or update market_calendar.py.
2026-09-20 06:09:56,690 [WARNING] leadlag.core.market_calendar: No static holiday table for year 2017. Install jpholiday or update market_calendar.py.
2026-09-20 06:09:56,690 [WARNING] leadlag.core.market_calendar: No static holiday table for year 2017. Install jpholiday or update market_calendar.py.
2026-09-20 06:09:56,691 [WARNING] leadlag.core.market_calendar: No static holiday table for year 2017. Install jpholiday or update market_calendar.py.
2026-09-20 06:09:56,691 [WARNING] leadlag.core.market_calendar: No static holiday table for year 2017. Install jpholiday or update market_calendar.py.
2026-09-20 06:09:56,691 [WARNING] leadlag.core.market_calendar: No static holiday table for year 2017. Install jpholiday or update market_calendar.py.
2026-09-20 06:09:56,691 [WARNING] leadlag.core.market_calendar: No static holiday table for year 2017. Install jpholiday or update market_calendar.py.
2026-09-20 06:09:56,691 [WARNING] leadlag.core.market_calendar: No static holiday table for year 2017. Install jpholiday or update market_calendar.py.
2026-09-20 06:09:56,691 [WARNING] leadlag.core.market_calendar: No static holiday table for year 2017. Install jpholiday or update market_calendar.py.
2026-09-20 06:09:56,692 [WARNING] leadlag.core.market_calendar: No static holiday table for year 2017. Install jpholiday or update market_calendar.py.
2026-09-20 06:09:56,692 [WARNING] leadlag.core.market_calendar: No static holiday table for year 2017. Install jpholiday or update market_calendar.py.
2026-09-20 06:09:56,692 [WARNING] leadlag.core.market_calendar: No static holiday table for year 2017. Install jpholiday or update market_calendar.py.
2026-09-20 06:09:56,692 [WARNING] leadlag.core.market_calendar: No static holiday table for year 2017. Install jpholiday or update market_calendar.py.
2026-09-20 06:09:56,692 [WARNING] leadlag.core.market_calendar: No static holiday table for year 2017. Install jpholiday or update market_calendar.py.
2026-09-20 06:09:56,694 [WARNING] leadlag.core.market_calendar: No static holiday table for year 2017. Install jpholiday or update market_calendar.py.
2026-09-20 06:09:56,694 [WARNING] leadlag.core.market_calendar: No static holiday table for year 2017. Install jpholiday or update market_calendar.py.
2026-09-20 06:09:56,694 [WARNING] leadlag.core.market_calendar: No static holiday table for year 2017. Install jpholiday or update market_calendar.py.
2026-09-20 06:09:56,694 [WARNING] leadlag.core.market_calendar: No static holiday table for year 2017. Install jpholiday or update market_calendar.py.
2026-09-20 06:09:56,695 [WARNING] leadlag.core.market_calendar: No static holiday table for year 2017. Install jpholiday or update market_calendar.py.
2026-09-20 06:09:56,695 [WARNING] leadlag.core.market_calendar: No static holiday table for year 2017. Install jpholiday or update market_calendar.py.
2026-09-20 06:09:56,695 [WARNING] leadlag.core.market_calendar: No static holiday table for year 2017. Install jpholiday or update market_calendar.py.
2026-09-20 06:09:56,695 [WARNING] leadlag.core.market_calendar: No static holiday table for year 2017. Install jpholiday or update market_calendar.py.
2026-09-20 06:09:56,695 [WARNING] leadlag.core.market_calendar: No static holiday table for year 2017. Install jpholiday or update market_calendar.py.
2026-09-20 06:09:56,695 [WARNING] leadlag.core.market_calendar: No static holiday table for year 2017. Install jpholiday or update market_calendar.py.
2026-09-20 06:09:56,695 [WARNING] leadlag.core.market_calendar: No static holiday table for year 2017. Install jpholiday or update market_calendar.py.
2026-09-20 06:09:56,696 [WARNING] leadlag.core.market_calendar: No static holiday table for year 2017. Install jpholiday or update market_calendar.py.
2026-09-20 06:09:56,696 [WARNING] leadlag.core.market_calendar: No static holiday table for year 2017. Install jpholiday or update market_calendar.py.
2026-09-20 06:09:56,696 [WARNING] leadlag.core.market_calendar: No static holiday table for year 2017. Install jpholiday or update market_calendar.py.
2026-09-20 06:09:56,696 [WARNING] leadlag.core.market_calendar: No static holiday table for year 2017. Install jpholiday or update market_calendar.py.
2026-09-20 06:09:56,696 [WARNING] leadlag.core.market_calendar: No static holiday table for year 2017. Install jpholiday or update market_calendar.py.
2026-09-20 06:09:56,696 [WARNING] leadlag.core.market_calendar: No static holiday table for year 2017. Install jpholiday or update market_calendar.py.
2026-09-20 06:09:56,697 [WARNING] leadlag.core.market_calendar: No static holiday table for year 2017. Install jpholiday or update market_calendar.py.
2026-09-20 06:09:56,697 [WARNING] leadlag.core.market_calendar: No static holiday table for year 2017. Install jpholiday or update market_calendar.py.
2026-09-20 06:09:56,697 [WARNING] leadlag.core.market_calendar: No static holiday table for year 2017. Install jpholiday or update market_calendar.py.
2026-09-20 06:09:56,697 [WARNING] leadlag.core.market_calendar: No static holiday table for year 2017. Install jpholiday or update market_calendar.py.
2026-09-20 06:09:56,698 [WARNING] leadlag.core.market_calendar: No static holiday table for year 2017. Install jpholiday or update market_calendar.py.
2026-09-20 06:09:56,698 [WARNING] leadlag.core.market_calendar: No static holiday table for year 2017. Install jpholiday or update market_calendar.py.
2026-09-20 06:09:56,698 [WARNING] leadlag.core.market_calendar: No static holiday table for year 2017. Install jpholiday or update market_calendar.py.
2026-09-20 06:09:56,698 [WARNING] leadlag.core.market_calendar: No static holiday table for year 2017. Install jpholiday or update market_calendar.py.
2026-09-20 06:09:56,699 [WARNING] leadlag.core.market_calendar: No static holiday table for year 2017. Install jpholiday or update market_calendar.py.
2026-09-20 06:09:56,699 [WARNING] leadlag.core.market_calendar: No static holiday table for year 2017. Install jpholiday or update market_calendar.py.
2026-09-20 06:09:56,699 [WARNING] leadlag.core.market_calendar: No static holiday table for year 2017. Install jpholiday or update market_calendar.py.
2026-09-20 06:09:56,699 [WARNING] leadlag.core.market_calendar: No static holiday table for year 2017. Install jpholiday or update market_calendar.py.
2026-09-20 06:09:56,700 [WARNING] leadlag.core.market_calendar: No static holiday table for year 2017. Install jpholiday or update market_calendar.py.
2026-09-20 06:09:56,700 [WARNING] leadlag.core.market_calendar: No static holiday table for year 2017. Install jpholiday or update market_calendar.py.
2026-09-20 06:09:56,700 [WARNING] leadlag.core.market_calendar: No static holiday table for year 2017. Install jpholiday or update market_calendar.py.
2026-09-20 06:09:56,700 [WARNING] leadlag.core.market_calendar: No static holiday table for year 2017. Install jpholiday or update market_calendar.py.
2026-09-20 06:09:56,701 [WARNING] leadlag.core.market_calendar: No static holiday table for year 2017. Install jpholiday or update market_calendar.py.
2026-09-20 06:09:56,701 [WARNING] leadlag.core.market_calendar: No static holiday table for year 2017. Install jpholiday or update market_calendar.py.
2026-09-20 06:09:56,701 [WARNING] leadlag.core.market_calendar: No static holiday table for year 2017. Install jpholiday or update market_calendar.py.
2026-09-20 06:09:56,701 [WARNING] leadlag.core.market_calendar: No static holiday table for year 2017. Install jpholiday or update market_calendar.py.
2026-09-20 06:09:56,701 [WARNING] leadlag.core.market_calendar: No static holiday table for year 2017. Install jpholiday or update market_calendar.py.
2026-09-20 06:09:56,701 [WARNING] leadlag.core.market_calendar: No static holiday table for year 2017. Install jpholiday or update market_calendar.py.
2026-09-20 06:09:56,702 [WARNING] leadlag.core.market_calendar: No static holiday table for year 2017. Install jpholiday or update market_calendar.py.
2026-09-20 06:09:56,702 [WARNING] leadlag.core.market_calendar: No static holiday table for year 2017. Install jpholiday or update market_calendar.py.
2026-09-20 06:09:56,702 [WARNING] leadlag.core.market_calendar: No static holiday table for year 2017. Install jpholiday or update market_calendar.py.
2026-09-20 06:09:56,703 [WARNING] leadlag.core.market_calendar: No static holiday table for year 2017. Install jpholiday or update market_calendar.py.
2026-09-20 06:09:56,703 [WARNING] leadlag.core.market_calendar: No static holiday table for year 2017. Install jpholiday or update market_calendar.py.
2026-09-20 06:09:56,703 [WARNING] leadlag.core.market_calendar: No static holiday table for year 2017. Install jpholiday or update market_calendar.py.
2026-09-20 06:09:56,703 [WARNING] leadlag.core.market_calendar: No static holiday table for year 2017. Install jpholiday or update market_calendar.py.
2026-09-20 06:09:56,703 [WARNING] leadlag.core.market_calendar: No static holiday table for year 2017. Install jpholiday or update market_calendar.py.
2026-09-20 06:09:56,703 [WARNING] leadlag.core.market_calendar: No static holiday table for year 2017. Install jpholiday or update market_calendar.py.
2026-09-20 06:09:56,704 [WARNING] leadlag.core.market_calendar: No static holiday table for year 2017. Install jpholiday or update market_calendar.py.
2026-09-20 06:09:56,704 [WARNING] leadlag.core.market_calendar: No static holiday table for year 2017. Install jpholiday or update market_calendar.py.
2026-09-20 06:09:56,704 [WARNING] leadlag.core.market_calendar: No static holiday table for year 2017. Install jpholiday or update market_calendar.py.
2026-09-20 06:09:56,704 [WARNING] leadlag.core.market_calendar: No static holiday table for year 2017. Install jpholiday or update market_calendar.py.
2026-09-20 06:09:56,704 [WARNING] leadlag.core.market_calendar: No static holiday table for year 2017. Install jpholiday or update market_calendar.py.
2026-09-20 06:09:56,704 [WARNING] leadlag.core.market_calendar: No static holiday table for year 2017. Install jpholiday or update market_calendar.py.
2026-09-20 06:09:56,704 [WARNING] leadlag.core.market_calendar: No static holiday table for year 2017. Install jpholiday or update market_calendar.py.
2026-09-20 06:09:56,705 [WARNING] leadlag.core.market_calendar: No static holiday table for year 2017. Install jpholiday or update market_calendar.py.
2026-09-20 06:09:56,705 [WARNING] leadlag.core.market_calendar: No static holiday table for year 2017. Install jpholiday or update market_calendar.py.
2026-09-20 06:09:56,705 [WARNING] leadlag.core.market_calendar: No static holiday table for year 2017. Install jpholiday or update market_calendar.py.
2026-09-20 06:09:56,706 [WARNING] leadlag.core.market_calendar: No static holiday table for year 2017. Install jpholiday or update market_calendar.py.
2026-09-20 06:09:56,706 [WARNING] leadlag.core.market_calendar: No static holiday table for year 2017. Install jpholiday or update market_calendar.py.
2026-09-20 06:09:56,706 [WARNING] leadlag.core.market_calendar: No static holiday table for year 2017. Install jpholiday or update market_calendar.py.
2026-09-20 06:09:56,706 [WARNING] leadlag.core.market_calendar: No static holiday table for year 2017. Install jpholiday or update market_calendar.py.
2026-09-20 06:09:56,706 [WARNING] leadlag.core.market_calendar: No static holiday table for year 2017. Install jpholiday or update market_calendar.py.
2026-09-20 06:09:56,706 [WARNING] leadlag.core.market_calendar: No static holiday table for year 2017. Install jpholiday or update market_calendar.py.
2026-09-20 06:09:56,706 [WARNING] leadlag.core.market_calendar: No static holiday table for year 2017. Install jpholiday or update market_calendar.py.
2026-09-20 06:09:56,706 [WARNING] leadlag.core.market_calendar: No static holiday table for year 2017. Install jpholiday or update market_calendar.py.
2026-09-20 06:09:56,707 [WARNING] leadlag.core.market_calendar: No static holiday table for year 2017. Install jpholiday or update market_calendar.py.
2026-09-20 06:09:56,707 [WARNING] leadlag.core.market_calendar: No static holiday table for year 2017. Install jpholiday or update market_calendar.py.
2026-09-20 06:09:56,707 [WARNING] leadlag.core.market_calendar: No static holiday table for year 2017. Install jpholiday or update market_calendar.py.
2026-09-20 06:09:56,707 [WARNING] leadlag.core.market_calendar: No static holiday table for year 2017. Install jpholiday or update market_calendar.py.
2026-09-20 06:09:56,707 [WARNING] leadlag.core.market_calendar: No static holiday table for year 2017. Install jpholiday or update market_calendar.py.
2026-09-20 06:09:56,708 [WARNING] leadlag.core.market_calendar: No static holiday table for year 2017. Install jpholiday or update market_calendar.py.
2026-09-20 06:09:56,708 [WARNING] leadlag.core.market_calendar: No static holiday table for year 2017. Install jpholiday or update market_calendar.py.
2026-09-20 06:09:56,708 [WARNING] leadlag.core.market_calendar: No static holiday table for year 2017. Install jpholiday or update market_calendar.py.
2026-09-20 06:09:56,708 [WARNING] leadlag.core.market_calendar: No static holiday table for year 2017. Install jpholiday or update market_calendar.py.
2026-09-20 06:09:56,708 [WARNING] leadlag.core.market_calendar: No static holiday table for year 2017. Install jpholiday or update market_calendar.py.
2026-09-20 06:09:56,708 [WARNING] leadlag.core.market_calendar: No static holiday table for year 2017. Install jpholiday or update market_calendar.py.
2026-09-20 06:09:56,708 [WARNING] leadlag.core.market_calendar: No static holiday table for year 2017. Install jpholiday or update market_calendar.py.
2026-09-20 06:09:56,709 [WARNING] leadlag.core.market_calendar: No static holiday table for year 2017. Install jpholiday or update market_calendar.py.
2026-09-20 06:09:56,709 [WARNING] leadlag.core.market_calendar: No static holiday table for year 2017. Install jpholiday or update market_calendar.py.
2026-09-20 06:09:56,709 [WARNING] leadlag.core.market_calendar: No static holiday table for year 2017. Install jpholiday or update market_calendar.py.
2026-09-20 06:09:56,709 [WARNING] leadlag.core.market_calendar: No static holiday table for year 2017. Install jpholiday or update market_calendar.py.
2026-09-20 06:09:56,709 [WARNING] leadlag.core.market_calendar: No static holiday table for year 2017. Install jpholiday or update market_calendar.py.
2026-09-20 06:09:56,709 [WARNING] leadlag.core.market_calendar: No static holiday table for year 2017. Install jpholiday or update market_calendar.py.
2026-09-20 06:09:56,709 [WARNING] leadlag.core.market_calendar: No static holiday table for year 2017. Install jpholiday or update market_calendar.py.
2026-09-20 06:09:56,709 [WARNING] leadlag.core.market_calendar: No static holiday table for year 2017. Install jpholiday or update market_calendar.py.
2026-09-20 06:09:56,710 [WARNING] leadlag.core.market_calendar: No static holiday table for year 2017. Install jpholiday or update market_calendar.py.
2026-09-20 06:09:56,710 [WARNING] leadlag.core.market_calendar: No static holiday table for year 2017. Install jpholiday or update market_calendar.py.
2026-09-20 06:09:56,710 [WARNING] leadlag.core.market_calendar: No static holiday table for year 2017. Install jpholiday or update market_calendar.py.
2026-09-20 06:09:56,710 [WARNING] leadlag.core.market_calendar: No static holiday table for year 2017. Install jpholiday or update market_calendar.py.
2026-09-20 06:09:56,710 [WARNING] leadlag.core.market_calendar: No static holiday table for year 2017. Install jpholiday or update market_calendar.py.
2026-09-20 06:09:56,710 [WARNING] leadlag.core.market_calendar: No static holiday table for year 2017. Install jpholiday or update market_calendar.py.
2026-09-20 06:09:56,710 [WARNING] leadlag.core.market_calendar: No static holiday table for year 2017. Install jpholiday or update market_calendar.py.
2026-09-20 06:09:56,711 [WARNING] leadlag.core.market_calendar: No static holiday table for year 2017. Install jpholiday or update market_calendar.py.
2026-09-20 06:09:56,711 [WARNING] leadlag.core.market_calendar: No static holiday table for year 2017. Install jpholiday or update market_calendar.py.
2026-09-20 06:09:56,711 [WARNING] leadlag.core.market_calendar: No static holiday table for year 2017. Install jpholiday or update market_calendar.py.
2026-09-20 06:09:56,711 [WARNING] leadlag.core.market_calendar: No static holiday table for year 2018. Install jpholiday or update market_calendar.py.
2026-09-20 06:09:56,711 [WARNING] leadlag.core.market_calendar: No static holiday table for year 2018. Install jpholiday or update market_calendar.py.
2026-09-20 06:09:56,712 [WARNING] leadlag.core.market_calendar: No static holiday table for year 2018. Install jpholiday or update market_calendar.py.
2026-09-20 06:09:56,712 [WARNING] leadlag.core.market_calendar: No static holiday table for year 2018. Install jpholiday or update market_calendar.py.
2026-09-20 06:09:56,712 [WARNING] leadlag.core.market_calendar: No static holiday table for year 2018. Install jpholiday or update market_calendar.py.
2026-09-20 06:09:56,712 [WARNING] leadlag.core.market_calendar: No static holiday table for year 2018. Install jpholiday or update market_calendar.py.
2026-09-20 06:09:56,713 [WARNING] leadlag.core.market_calendar: No static holiday table for year 2018. Install jpholiday or update market_calendar.py.
2026-09-20 06:09:56,713 [WARNING] leadlag.core.market_calendar: No static holiday table for year 2018. Install jpholiday or update market_calendar.py.
2026-09-20 06:09:56,713 [WARNING] leadlag.core.market_calendar: No static holiday table for year 2018. Install jpholiday or update market_calendar.py.
2026-09-20 06:09:56,713 [WARNING] leadlag.core.market_calendar: No static holiday table for year 2018. Install jpholiday or update market_calendar.py.
2026-09-20 06:09:56,713 [WARNING] leadlag.core.market_calendar: No static holiday table for year 2018. Install jpholiday or update market_calendar.py.
2026-09-20 06:09:56,713 [WARNING] leadlag.core.market_calendar: No static holiday table for year 2018. Install jpholiday or update market_calendar.py.
2026-09-20 06:09:56,714 [WARNING] leadlag.core.market_calendar: No static holiday table for year 2018. Install jpholiday or update market_calendar.py.
2026-09-20 06:09:56,714 [WARNING] leadlag.core.market_calendar: No static holiday table for year 2018. Install jpholiday or update market_calendar.py.
2026-09-20 06:09:56,714 [WARNING] leadlag.core.market_calendar: No static holiday table for year 2018. Install jpholiday or update market_calendar.py.
2026-09-20 06:09:56,714 [WARNING] leadlag.core.market_calendar: No static holiday table for year 2018. Install jpholiday or update market_calendar.py.
2026-09-20 06:09:56,714 [WARNING] leadlag.core.market_calendar: No static holiday table for year 2018. Install jpholiday or update market_calendar.py.
2026-09-20 06:09:56,714 [WARNING] leadlag.core.market_calendar: No static holiday table for year 2018. Install jpholiday or update market_calendar.py.
2026-09-20 06:09:56,714 [WARNING] leadlag.core.market_calendar: No static holiday table for year 2018. Install jpholiday or update market_calendar.py.
2026-09-20 06:09:56,715 [WARNING] leadlag.core.market_calendar: No static holiday table for year 2018. Install jpholiday or update market_calendar.py.
2026-09-20 06:09:56,715 [WARNING] leadlag.core.market_calendar: No static holiday table for year 2018. Install jpholiday or update market_calendar.py.
2026-09-20 06:09:56,715 [WARNING] leadlag.core.market_calendar: No static holiday table for year 2018. Install jpholiday or update market_calendar.py.
2026-09-20 06:09:56,715 [WARNING] leadlag.core.market_calendar: No static holiday table for year 2018. Install jpholiday or update market_calendar.py.
2026-09-20 06:09:56,715 [WARNING] leadlag.core.market_calendar: No static holiday table for year 2018. Install jpholiday or update market_calendar.py.
2026-09-20 06:09:56,715 [WARNING] leadlag.core.market_calendar: No static holiday table for year 2018. Install jpholiday or update market_calendar.py.
2026-09-20 06:09:56,715 [WARNING] leadlag.core.market_calendar: No static holiday table for year 2018. Install jpholiday or update market_calendar.py.
2026-09-20 06:09:56,716 [WARNING] leadlag.core.market_calendar: No static holiday table for year 2018. Install jpholiday or update market_calendar.py.
2026-09-20 06:09:56,716 [WARNING] leadlag.core.market_calendar: No static holiday table for year 2018. Install jpholiday or update market_calendar.py.
2026-09-20 06:09:56,716 [WARNING] leadlag.core.market_calendar: No static holiday table for year 2018. Install jpholiday or update market_calendar.py.
2026-09-20 06:09:56,716 [WARNING] leadlag.core.market_calendar: No static holiday table for year 2018. Install jpholiday or update market_calendar.py.
2026-09-20 06:09:56,716 [WARNING] leadlag.core.market_calendar: No static holiday table for year 2018. Install jpholiday or update market_calendar.py.
2026-09-20 06:09:56,717 [WARNING] leadlag.core.market_calendar: No static holiday table for year 2018. Install jpholiday or update market_calendar.py.
2026-09-20 06:09:56,717 [WARNING] leadlag.core.market_calendar: No static holiday table for year 2018. Install jpholiday or update market_calendar.py.
2026-09-20 06:09:56,717 [WARNING] leadlag.core.market_calendar: No static holiday table for year 2018. Install jpholiday or update market_calendar.py.
2026-09-20 06:09:56,717 [WARNING] leadlag.core.market_calendar: No static holiday table for year 2018. Install jpholiday or update market_calendar.py.
2026-09-20 06:09:56,717 [WARNING] leadlag.core.market_calendar: No static holiday table for year 2018. Install jpholiday or update market_calendar.py.
2026-09-20 06:09:56,717 [WARNING] leadlag.core.market_calendar: No static holiday table for year 2018. Install jpholiday or update market_calendar.py.
2026-09-20 06:09:56,717 [WARNING] leadlag.core.market_calendar: No static holiday table for year 2018. Install jpholiday or update market_calendar.py.
2026-09-20 06:09:56,717 [WARNING] leadlag.core.market_calendar: No static holiday table for year 2018. Install jpholiday or update market_calendar.py.
2026-09-20 06:09:56,718 [WARNING] leadlag.core.market_calendar: No static holiday table for year 2018. Install jpholiday or update market_calendar.py.
2026-09-20 06:09:56,718 [WARNING] leadlag.core.market_calendar: No static holiday table for year 2018. Install jpholiday or update market_calendar.py.
2026-09-20 06:09:56,718 [WARNING] leadlag.core.market_calendar: No static holiday table for year 2018. Install jpholiday or update market_calendar.py.
2026-09-20 06:09:56,718 [WARNING] leadlag.core.market_calendar: No static holiday table for year 2018. Install jpholiday or update market_calendar.py.
2026-09-20 06:09:56,718 [WARNING] leadlag.core.market_calendar: No static holiday table for year 2018. Install jpholiday or update market_calendar.py.
2026-09-20 06:09:56,718 [WARNING] leadlag.core.market_calendar: No static holiday table for year 2018. Install jpholiday or update market_calendar.py.
2026-09-20 06:09:56,719 [WARNING] leadlag.core.market_calendar: No static holiday table for year 2018. Install jpholiday or update market_calendar.py.
2026-09-20 06:09:56,719 [WARNING] leadlag.core.market_calendar: No static holiday table for year 2018. Install jpholiday or update market_calendar.py.
2026-09-20 06:09:56,719 [WARNING] leadlag.core.market_calendar: No static holiday table for year 2018. Install jpholiday or update market_calendar.py.
2026-09-20 06:09:56,719 [WARNING] leadlag.core.market_calendar: No static holiday table for year 2018. Install jpholiday or update market_calendar.py.
2026-09-20 06:09:56,720 [WARNING] leadlag.core.market_calendar: No static holiday table for year 2018. Install jpholiday or update market_calendar.py.
2026-09-20 06:09:56,720 [WARNING] leadlag.core.market_calendar: No static holiday table for year 2018. Install jpholiday or update market_calendar.py.
2026-09-20 06:09:56,720 [WARNING] leadlag.core.market_calendar: No static holiday table for year 2018. Install jpholiday or update market_calendar.py.
2026-09-20 06:09:56,720 [WARNING] leadlag.core.market_calendar: No static holiday table for year 2018. Install jpholiday or update market_calendar.py.
2026-09-20 06:09:56,720 [WARNING] leadlag.core.market_calendar: No static holiday table for year 2018. Install jpholiday or update market_calendar.py.
2026-09-20 06:09:56,721 [WARNING] leadlag.core.market_calendar: No static holiday table for year 2018. Install jpholiday or update market_calendar.py.
2026-09-20 06:09:56,721 [WARNING] leadlag.core.market_calendar: No static holiday table for year 2018. Install jpholiday or update market_calendar.py.
2026-09-20 06:09:56,721 [WARNING] leadlag.core.market_calendar: No static holiday table for year 2018. Install jpholiday or update market_calendar.py.
2026-09-20 06:09:56,721 [WARNING] leadlag.core.market_calendar: No static holiday table for year 2018. Install jpholiday or update market_calendar.py.
2026-09-20 06:09:56,721 [WARNING] leadlag.core.market_calendar: No static holiday table for year 2018. Install jpholiday or update market_calendar.py.
2026-09-20 06:09:56,722 [WARNING] leadlag.core.market_calendar: No static holiday table for year 2018. Install jpholiday or update market_calendar.py.
2026-09-20 06:09:56,722 [WARNING] leadlag.core.market_calendar: No static holiday table for year 2018. Install jpholiday or update market_calendar.py.
2026-09-20 06:09:56,722 [WARNING] leadlag.core.market_calendar: No static holiday table for year 2018. Install jpholiday or update market_calendar.py.
2026-09-20 06:09:56,722 [WARNING] leadlag.core.market_calendar: No static holiday table for year 2018. Install jpholiday or update market_calendar.py.
2026-09-20 06:09:56,722 [WARNING] leadlag.core.market_calendar: No static holiday table for year 2018. Install jpholiday or update market_calendar.py.
2026-09-20 06:09:56,722 [WARNING] leadlag.core.market_calendar: No static holiday table for year 2018. Install jpholiday or update market_calendar.py.
2026-09-20 06:09:56,722 [WARNING] leadlag.core.market_calendar: No static holiday table for year 2018. Install jpholiday or update market_calendar.py.
2026-09-20 06:09:56,723 [WARNING] leadlag.core.market_calendar: No static holiday table for year 2018. Install jpholiday or update market_calendar.py.
2026-09-20 06:09:56,723 [WARNING] leadlag.core.market_calendar: No static holiday table for year 2018. Install jpholiday or update market_calendar.py.
2026-09-20 06:09:56,723 [WARNING] leadlag.core.market_calendar: No static holiday table for year 2018. Install jpholiday or update market_calendar.py.
2026-09-20 06:09:56,723 [WARNING] leadlag.core.market_calendar: No static holiday table for year 2018. Install jpholiday or update market_calendar.py.
2026-09-20 06:09:56,723 [WARNING] leadlag.core.market_calendar: No static holiday table for year 2018. Install jpholiday or update market_calendar.py.
2026-09-20 06:09:56,723 [WARNING] leadlag.core.market_calendar: No static holiday table for year 2018. Install jpholiday or update market_calendar.py.
2026-09-20 06:09:56,723 [WARNING] leadlag.core.market_calendar: No static holiday table for year 2018. Install jpholiday or update market_calendar.py.
2026-09-20 06:09:56,723 [WARNING] leadlag.core.market_calendar: No static holiday table for year 2018. Install jpholiday or update market_calendar.py.
2026-09-20 06:09:56,724 [WARNING] leadlag.core.market_calendar: No static holiday table for year 2018. Install jpholiday or update market_calendar.py.
2026-09-20 06:09:56,724 [WARNING] leadlag.core.market_calendar: No static holiday table for year 2018. Install jpholiday or update market_calendar.py.
2026-09-20 06:09:56,724 [WARNING] leadlag.core.market_calendar: No static holiday table for year 2018. Install jpholiday or update market_calendar.py.
2026-09-20 06:09:56,724 [WARNING] leadlag.core.market_calendar: No static holiday table for year 2018. Install jpholiday or update market_calendar.py.
2026-09-20 06:09:56,724 [WARNING] leadlag.core.market_calendar: No static holiday table for year 2018. Install jpholiday or update market_calendar.py.
2026-09-20 06:09:56,724 [WARNING] leadlag.core.market_calendar: No static holiday table for year 2018. Install jpholiday or update market_calendar.py.
2026-09-20 06:09:56,724 [WARNING] leadlag.core.market_calendar: No static holiday table for year 2018. Install jpholiday or update market_calendar.py.
2026-09-20 06:09:56,725 [WARNING] leadlag.core.market_calendar: No static holiday table for year 2018. Install jpholiday or update market_calendar.py.
2026-09-20 06:09:56,725 [WARNING] leadlag.core.market_calendar: No static holiday table for year 2018. Install jpholiday or update market_calendar.py.
2026-09-20 06:09:56,726 [WARNING] leadlag.core.market_calendar: No static holiday table for year 2018. Install jpholiday or update market_calendar.py.
2026-09-20 06:09:56,726 [WARNING] leadlag.core.market_calendar: No static holiday table for year 2018. Install jpholiday or update market_calendar.py.
2026-09-20 06:09:56,726 [WARNING] leadlag.core.market_calendar: No static holiday table for year 2018. Install jpholiday or update market_calendar.py.
2026-09-20 06:09:56,726 [WARNING] leadlag.core.market_calendar: No static holiday table for year 2018. Install jpholiday or update market_calendar.py.
2026-09-20 06:09:56,726 [WARNING] leadlag.core.market_calendar: No static holiday table for year 2018. Install jpholiday or update market_calendar.py.
2026-09-20 06:09:56,727 [WARNING] leadlag.core.market_calendar: No static holiday table for year 2018. Install jpholiday or update market_calendar.py.
2026-09-20 06:09:56,727 [WARNING] leadlag.core.market_calendar: No static holiday table for year 2018. Install jpholiday or update market_calendar.py.
2026-09-20 06:09:56,727 [WARNING] leadlag.core.market_calendar: No static holiday table for year 2018. Install jpholiday or update market_calendar.py.
2026-09-20 06:09:56,727 [WARNING] leadlag.core.market_calendar: No static holiday table for year 2018. Install jpholiday or update market_calendar.py.
2026-09-20 06:09:56,727 [WARNING] leadlag.core.market_calendar: No static holiday table for year 2018. Install jpholiday or update market_calendar.py.
2026-09-20 06:09:56,727 [WARNING] leadlag.core.market_calendar: No static holiday table for year 2018. Install jpholiday or update market_calendar.py.
2026-09-20 06:09:56,727 [WARNING] leadlag.core.market_calendar: No static holiday table for year 2018. Install jpholiday or update market_calendar.py.
2026-09-20 06:09:56,727 [WARNING] leadlag.core.market_calendar: No static holiday table for year 2018. Install jpholiday or update market_calendar.py.
2026-09-20 06:09:56,728 [WARNING] leadlag.core.market_calendar: No static holiday table for year 2018. Install jpholiday or update market_calendar.py.
2026-09-20 06:09:56,728 [WARNING] leadlag.core.market_calendar: No static holiday table for year 2018. Install jpholiday or update market_calendar.py.
2026-09-20 06:09:56,728 [WARNING] leadlag.core.market_calendar: No static holiday table for year 2018. Install jpholiday or update market_calendar.py.
2026-09-20 06:09:56,728 [WARNING] leadlag.core.market_calendar: No static holiday table for year 2018. Install jpholiday or update market_calendar.py.
2026-09-20 06:09:56,728 [WARNING] leadlag.core.market_calendar: No static holiday table for year 2018. Install jpholiday or update market_calendar.py.
2026-09-20 06:09:56,728 [WARNING] leadlag.core.market_calendar: No static holiday table for year 2018. Install jpholiday or update market_calendar.py.
2026-09-20 06:09:56,728 [WARNING] leadlag.core.market_calendar: No static holiday table for year 2018. Install jpholiday or update market_calendar.py.
2026-09-20 06:09:56,729 [WARNING] leadlag.core.market_calendar: No static holiday table for year 2018. Install jpholiday or update market_calendar.py.
2026-09-20 06:09:56,729 [WARNING] leadlag.core.market_calendar: No static holiday table for year 2018. Install jpholiday or update market_calendar.py.
2026-09-20 06:09:56,729 [WARNING] leadlag.core.market_calendar: No static holiday table for year 2018. Install jpholiday or update market_calendar.py.
2026-09-20 06:09:56,729 [WARNING] leadlag.core.market_calendar: No static holiday table for year 2018. Install jpholiday or update market_calendar.py.
2026-09-20 06:09:56,729 [WARNING] leadlag.core.market_calendar: No static holiday table for year 2018. Install jpholiday or update market_calendar.py.
2026-09-20 06:09:56,729 [WARNING] leadlag.core.market_calendar: No static holiday table for year 2018. Install jpholiday or update market_calendar.py.
2026-09-20 06:09:56,729 [WARNING] leadlag.core.market_calendar: No static holiday table for year 2018. Install jpholiday or update market_calendar.py.
2026-09-20 06:09:56,730 [WARNING] leadlag.core.market_calendar: No static holiday table for year 2018. Install jpholiday or update market_calendar.py.
2026-09-20 06:09:56,730 [WARNING] leadlag.core.market_calendar: No static holiday table for year 2018. Install jpholiday or update market_calendar.py.
2026-09-20 06:09:56,730 [WARNING] leadlag.core.market_calendar: No static holiday table for year 2018. Install jpholiday or update market_calendar.py.
2026-09-20 06:09:56,730 [WARNING] leadlag.core.market_calendar: No static holiday table for year 2018. Install jpholiday or update market_calendar.py.
2026-09-20 06:09:56,730 [WARNING] leadlag.core.market_calendar: No static holiday table for year 2018. Install jpholiday or update market_calendar.py.
2026-09-20 06:09:56,730 [WARNING] leadlag.core.market_calendar: No static holiday table for year 2018. Install jpholiday or update market_calendar.py.
2026-09-20 06:09:56,730 [WARNING] leadlag.core.market_calendar: No static holiday table for year 2018. Install jpholiday or update market_calendar.py.
2026-09-20 06:09:56,730 [WARNING] leadlag.core.market_calendar: No static holiday table for year 2018. Install jpholiday or update market_calendar.py.
2026-09-20 06:09:56,731 [WARNING] leadlag.core.market_calendar: No static holiday table for year 2018. Install jpholiday or update market_calendar.py.
2026-09-20 06:09:56,731 [WARNING] leadlag.core.market_calendar: No static holiday table for year 2018. Install jpholiday or update market_calendar.py.
2026-09-20 06:09:56,731 [WARNING] leadlag.core.market_calendar: No static holiday table for year 2018. Install jpholiday or update market_calendar.py.
2026-09-20 06:09:56,731 [WARNING] leadlag.core.market_calendar: No static holiday table for year 2018. Install jpholiday or update market_calendar.py.
2026-09-20 06:09:56,731 [WARNING] leadlag.core.market_calendar: No static holiday table for year 2018. Install jpholiday or update market_calendar.py.
2026-09-20 06:09:56,731 [WARNING] leadlag.core.market_calendar: No static holiday table for year 2018. Install jpholiday or update market_calendar.py.
2026-09-20 06:09:56,731 [WARNING] leadlag.core.market_calendar: No static holiday table for year 2018. Install jpholiday or update market_calendar.py.
2026-09-20 06:09:56,732 [WARNING] leadlag.core.market_calendar: No static holiday table for year 2018. Install jpholiday or update market_calendar.py.
2026-09-20 06:09:56,732 [WARNING] leadlag.core.market_calendar: No static holiday table for year 2018. Install jpholiday or update market_calendar.py.
2026-09-20 06:09:56,732 [WARNING] leadlag.core.market_calendar: No static holiday table for year 2018. Install jpholiday or update market_calendar.py.
2026-09-20 06:09:56,732 [WARNING] leadlag.core.market_calendar: No static holiday table for year 2018. Install jpholiday or update market_calendar.py.
2026-09-20 06:09:56,732 [WARNING] leadlag.core.market_calendar: No static holiday table for year 2018. Install jpholiday or update market_calendar.py.
2026-09-20 06:09:56,732 [WARNING] leadlag.core.market_calendar: No static holiday table for year 2018. Install jpholiday or update market_calendar.py.
2026-09-20 06:09:56,733 [WARNING] leadlag.core.market_calendar: No static holiday table for year 2018. Install jpholiday or update market_calendar.py.
2026-09-20 06:09:56,733 [WARNING] leadlag.core.market_calendar: No static holiday table for year 2018. Install jpholiday or update market_calendar.py.
2026-09-20 06:09:56,733 [WARNING] leadlag.core.market_calendar: No static holiday table for year 2018. Install jpholiday or update market_calendar.py.
2026-09-20 06:09:56,733 [WARNING] leadlag.core.market_calendar: No static holiday table for year 2018. Install jpholiday or update market_calendar.py.
2026-09-20 06:09:56,734 [WARNING] leadlag.core.market_calendar: No static holiday table for year 2018. Install jpholiday or update market_calendar.py.
2026-09-20 06:09:56,734 [WARNING] leadlag.core.market_calendar: No static holiday table for year 2018. Install jpholiday or update market_calendar.py.
2026-09-20 06:09:56,734 [WARNING] leadlag.core.market_calendar: No static holiday table for year 2018. Install jpholiday or update market_calendar.py.
2026-09-20 06:09:56,734 [WARNING] leadlag.core.market_calendar: No static holiday table for year 2018. Install jpholiday or update market_calendar.py.
2026-09-20 06:09:56,734 [WARNING] leadlag.core.market_calendar: No static holiday table for year 2018. Install jpholiday or update market_calendar.py.
2026-09-20 06:09:56,734 [WARNING] leadlag.core.market_calendar: No static holiday table for year 2018. Install jpholiday or update market_calendar.py.
2026-09-20 06:09:56,735 [WARNING] leadlag.core.market_calendar: No static holiday table for year 2018. Install jpholiday or update market_calendar.py.
2026-09-20 06:09:56,735 [WARNING] leadlag.core.market_calendar: No static holiday table for year 2018. Install jpholiday or update market_calendar.py.
2026-09-20 06:09:56,735 [WARNING] leadlag.core.market_calendar: No static holiday table for year 2018. Install jpholiday or update market_calendar.py.
2026-09-20 06:09:56,735 [WARNING] leadlag.core.market_calendar: No static holiday table for year 2018. Install jpholiday or update market_calendar.py.
2026-09-20 06:09:56,735 [WARNING] leadlag.core.market_calendar: No static holiday table for year 2018. Install jpholiday or update market_calendar.py.
2026-09-20 06:09:56,735 [WARNING] leadlag.core.market_calendar: No static holiday table for year 2018. Install jpholiday or update market_calendar.py.
2026-09-20 06:09:56,736 [WARNING] leadlag.core.market_calendar: No static holiday table for year 2018. Install jpholiday or update market_calendar.py.
2026-09-20 06:09:56,736 [WARNING] leadlag.core.market_calendar: No static holiday table for year 2018. Install jpholiday or update market_calendar.py.
2026-09-20 06:09:56,736 [WARNING] leadlag.core.market_calendar: No static holiday table for year 2018. Install jpholiday or update market_calendar.py.
2026-09-20 06:09:56,736 [WARNING] leadlag.core.market_calendar: No static holiday table for year 2018. Install jpholiday or update market_calendar.py.
2026-09-20 06:09:56,736 [WARNING] leadlag.core.market_calendar: No static holiday table for year 2018. Install jpholiday or update market_calendar.py.
2026-09-20 06:09:56,736 [WARNING] leadlag.core.market_calendar: No static holiday table for year 2018. Install jpholiday or update market_calendar.py.
2026-09-20 06:09:56,736 [WARNING] leadlag.core.market_calendar: No static holiday table for year 2018. Install jpholiday or update market_calendar.py.
2026-09-20 06:09:56,737 [WARNING] leadlag.core.market_calendar: No static holiday table for year 2018. Install jpholiday or update market_calendar.py.
2026-09-20 06:09:56,737 [WARNING] leadlag.core.market_calendar: No static holiday table for year 2018. Install jpholiday or update market_calendar.py.
2026-09-20 06:09:56,737 [WARNING] leadlag.core.market_calendar: No static holiday table for year 2018. Install jpholiday or update market_calendar.py.
2026-09-20 06:09:56,737 [WARNING] leadlag.core.market_calendar: No static holiday table for year 2018. Install jpholiday or update market_calendar.py.
2026-09-20 06:09:56,737 [WARNING] leadlag.core.market_calendar: No static holiday table for year 2018. Install jpholiday or update market_calendar.py.
2026-09-20 06:09:56,737 [WARNING] leadlag.core.market_calendar: No static holiday table for year 2018. Install jpholiday or update market_calendar.py.
2026-09-20 06:09:56,737 [WARNING] leadlag.core.market_calendar: No static holiday table for year 2018. Install jpholiday or update market_calendar.py.
2026-09-20 06:09:56,737 [WARNING] leadlag.core.market_calendar: No static holiday table for year 2018. Install jpholiday or update market_calendar.py.
2026-09-20 06:09:56,738 [WARNING] leadlag.core.market_calendar: No static holiday table for year 2018. Install jpholiday or update market_calendar.py.
2026-09-20 06:09:56,738 [WARNING] leadlag.core.market_calendar: No static holiday table for year 2018. Install jpholiday or update market_calendar.py.
2026-09-20 06:09:56,738 [WARNING] leadlag.core.market_calendar: No static holiday table for year 2018. Install jpholiday or update market_calendar.py.
2026-09-20 06:09:56,738 [WARNING] leadlag.core.market_calendar: No static holiday table for year 2018. Install jpholiday or update market_calendar.py.
2026-09-20 06:09:56,738 [WARNING] leadlag.core.market_calendar: No static holiday table for year 2018. Install jpholiday or update market_calendar.py.
2026-09-20 06:09:56,738 [WARNING] leadlag.core.market_calendar: No static holiday table for year 2018. Install jpholiday or update market_calendar.py.
2026-09-20 06:09:56,739 [WARNING] leadlag.core.market_calendar: No static holiday table for year 2018. Install jpholiday or update market_calendar.py.
2026-09-20 06:09:56,739 [WARNING] leadlag.core.market_calendar: No static holiday table for year 2018. Install jpholiday or update market_calendar.py.
2026-09-20 06:09:56,739 [WARNING] leadlag.core.market_calendar: No static holiday table for year 2018. Install jpholiday or update market_calendar.py.
2026-09-20 06:09:56,739 [WARNING] leadlag.core.market_calendar: No static holiday table for year 2018. Install jpholiday or update market_calendar.py.
2026-09-20 06:09:56,739 [WARNING] leadlag.core.market_calendar: No static holiday table for year 2018. Install jpholiday or update market_calendar.py.
2026-09-20 06:09:56,740 [WARNING] leadlag.core.market_calendar: No static holiday table for year 2018. Install jpholiday or update market_calendar.py.
2026-09-20 06:09:56,740 [WARNING] leadlag.core.market_calendar: No static holiday table for year 2018. Install jpholiday or update market_calendar.py.
2026-09-20 06:09:56,740 [WARNING] leadlag.core.market_calendar: No static holiday table for year 2018. Install jpholiday or update market_calendar.py.
2026-09-20 06:09:56,740 [WARNING] leadlag.core.market_calendar: No static holiday table for year 2018. Install jpholiday or update market_calendar.py.
2026-09-20 06:09:56,741 [WARNING] leadlag.core.market_calendar: No static holiday table for year 2018. Install jpholiday or update market_calendar.py.
2026-09-20 06:09:56,741 [WARNING] leadlag.core.market_calendar: No static holiday table for year 2018. Install jpholiday or update market_calendar.py.
2026-09-20 06:09:56,741 [WARNING] leadlag.core.market_calendar: No static holiday table for year 2018. Install jpholiday or update market_calendar.py.
2026-09-20 06:09:56,742 [WARNING] leadlag.core.market_calendar: No static holiday table for year 2018. Install jpholiday or update market_calendar.py.
2026-09-20 06:09:56,742 [WARNING] leadlag.core.market_calendar: No static holiday table for year 2018. Install jpholiday or update market_calendar.py.
2026-09-20 06:09:56,742 [WARNING] leadlag.core.market_calendar: No static holiday table for year 2018. Install jpholiday or update market_calendar.py.
2026-09-20 06:09:56,743 [WARNING] leadlag.core.market_calendar: No static holiday table for year 2018. Install jpholiday or update market_calendar.py.
2026-09-20 06:09:56,743 [WARNING] leadlag.core.market_calendar: No static holiday table for year 2018. Install jpholiday or update market_calendar.py.
2026-09-20 06:09:56,743 [WARNING] leadlag.core.market_calendar: No static holiday table for year 2018. Install jpholiday or update market_calendar.py.
2026-09-20 06:09:56,743 [WARNING] leadlag.core.market_calendar: No static holiday table for year 2018. Install jpholiday or update market_calendar.py.
2026-09-20 06:09:56,743 [WARNING] leadlag.core.market_calendar: No static holiday table for year 2018. Install jpholiday or update market_calendar.py.
2026-09-20 06:09:56,744 [WARNING] leadlag.core.market_calendar: No static holiday table for year 2018. Install jpholiday or update market_calendar.py.
2026-09-20 06:09:56,744 [WARNING] leadlag.core.market_calendar: No static holiday table for year 2018. Install jpholiday or update market_calendar.py.
2026-09-20 06:09:56,744 [WARNING] leadlag.core.market_calendar: No static holiday table for year 2018. Install jpholiday or update market_calendar.py.
2026-09-20 06:09:56,744 [WARNING] leadlag.core.market_calendar: No static holiday table for year 2018. Install jpholiday or update market_calendar.py.
2026-09-20 06:09:56,745 [WARNING] leadlag.core.market_calendar: No static holiday table for year 2018. Install jpholiday or update market_calendar.py.
2026-09-20 06:09:56,745 [WARNING] leadlag.core.market_calendar: No static holiday table for year 2018. Install jpholiday or update market_calendar.py.
2026-09-20 06:09:56,745 [WARNING] leadlag.core.market_calendar: No static holiday table for year 2018. Install jpholiday or update market_calendar.py.
2026-09-20 06:09:56,745 [WARNING] leadlag.core.market_calendar: No static holiday table for year 2018. Install jpholiday or update market_calendar.py.
2026-09-20 06:09:56,745 [WARNING] leadlag.core.market_calendar: No static holiday table for year 2018. Install jpholiday or update market_calendar.py.
2026-09-20 06:09:56,745 [WARNING] leadlag.core.market_calendar: No static holiday table for year 2018. Install jpholiday or update market_calendar.py.
2026-09-20 06:09:56,745 [WARNING] leadlag.core.market_calendar: No static holiday table for year 2018. Install jpholiday or update market_calendar.py.
2026-09-20 06:09:56,746 [WARNING] leadlag.core.market_calendar: No static holiday table for year 2018. Install jpholiday or update market_calendar.py.
2026-09-20 06:09:56,746 [WARNING] leadlag.core.market_calendar: No static holiday table for year 2018. Install jpholiday or update market_calendar.py.
2026-09-20 06:09:56,746 [WARNING] leadlag.core.market_calendar: No static holiday table for year 2018. Install jpholiday or update market_calendar.py.
2026-09-20 06:09:56,746 [WARNING] leadlag.core.market_calendar: No static holiday table for year 2018. Install jpholiday or update market_calendar.py.
2026-09-20 06:09:56,746 [WARNING] leadlag.core.market_calendar: No static holiday table for year 2018. Install jpholiday or update market_calendar.py.
2026-09-20 06:09:56,746 [WARNING] leadlag.core.market_calendar: No static holiday table for year 2018. Install jpholiday or update market_calendar.py.
2026-09-20 06:09:56,747 [WARNING] leadlag.core.market_calendar: No static holiday table for year 2018. Install jpholiday or update market_calendar.py.
2026-09-20 06:09:56,747 [WARNING] leadlag.core.market_calendar: No static holiday table for year 2018. Install jpholiday or update market_calendar.py.
2026-09-20 06:09:56,747 [WARNING] leadlag.core.market_calendar: No static holiday table for year 2018. Install jpholiday or update market_calendar.py.
2026-09-20 06:09:56,747 [WARNING] leadlag.core.market_calendar: No static holiday table for year 2018. Install jpholiday or update market_calendar.py.
2026-09-20 06:09:56,747 [WARNING] leadlag.core.market_calendar: No static holiday table for year 2018. Install jpholiday or update market_calendar.py.
2026-09-20 06:09:56,747 [WARNING] leadlag.core.market_calendar: No static holiday table for year 2018. Install jpholiday or update market_calendar.py.
2026-09-20 06:09:56,747 [WARNING] leadlag.core.market_calendar: No static holiday table for year 2018. Install jpholiday or update market_calendar.py.
2026-09-20 06:09:56,748 [WARNING] leadlag.core.market_calendar: No static holiday table for year 2018. Install jpholiday or update market_calendar.py.
2026-09-20 06:09:56,748 [WARNING] leadlag.core.market_calendar: No static holiday table for year 2018. Install jpholiday or update market_calendar.py.
2026-09-20 06:09:56,748 [WARNING] leadlag.core.market_calendar: No static holiday table for year 2018. Install jpholiday or update market_calendar.py.
2026-09-20 06:09:56,748 [WARNING] leadlag.core.market_calendar: No static holiday table for year 2018. Install jpholiday or update market_calendar.py.
2026-09-20 06:09:56,748 [WARNING] leadlag.core.market_calendar: No static holiday table for year 2018. Install jpholiday or update market_calendar.py.
2026-09-20 06:09:56,748 [WARNING] leadlag.core.market_calendar: No static holiday table for year 2018. Install jpholiday or update market_calendar.py.
2026-09-20 06:09:56,748 [WARNING] leadlag.core.market_calendar: No static holiday table for year 2018. Install jpholiday or update market_calendar.py.
2026-09-20 06:09:56,749 [WARNING] leadlag.core.market_calendar: No static holiday table for year 2018. Install jpholiday or update market_calendar.py.
2026-09-20 06:09:56,749 [WARNING] leadlag.core.market_calendar: No static holiday table for year 2018. Install jpholiday or update market_calendar.py.
2026-09-20 06:09:56,749 [WARNING] leadlag.core.market_calendar: No static holiday table for year 2018. Install jpholiday or update market_calendar.py.
2026-09-20 06:09:56,749 [WARNING] leadlag.core.market_calendar: No static holiday table for year 2018. Install jpholiday or update market_calendar.py.
2026-09-20 06:09:56,749 [WARNING] leadlag.core.market_calendar: No static holiday table for year 2018. Install jpholiday or update market_calendar.py.
2026-09-20 06:09:56,750 [WARNING] leadlag.core.market_calendar: No static holiday table for year 2018. Install jpholiday or update market_calendar.py.
2026-09-20 06:09:56,750 [WARNING] leadlag.core.market_calendar: No static holiday table for year 2018. Install jpholiday or update market_calendar.py.
2026-09-20 06:09:56,750 [WARNING] leadlag.core.market_calendar: No static holiday table for year 2018. Install jpholiday or update market_calendar.py.
2026-09-20 06:09:56,750 [WARNING] leadlag.core.market_calendar: No static holiday table for year 2018. Install jpholiday or update market_calendar.py.
2026-09-20 06:09:56,750 [WARNING] leadlag.core.market_calendar: No static holiday table for year 2018. Install jpholiday or update market_calendar.py.
2026-09-20 06:09:56,750 [WARNING] leadlag.core.market_calendar: No static holiday table for year 2018. Install jpholiday or update market_calendar.py.
2026-09-20 06:09:56,750 [WARNING] leadlag.core.market_calendar: No static holiday table for year 2018. Install jpholiday or update market_calendar.py.
2026-09-20 06:09:56,751 [WARNING] leadlag.core.market_calendar: No static holiday table for year 2018. Install jpholiday or update market_calendar.py.
2026-09-20 06:09:56,751 [WARNING] leadlag.core.market_calendar: No static holiday table for year 2018. Install jpholiday or update market_calendar.py.
2026-09-20 06:09:56,751 [WARNING] leadlag.core.market_calendar: No static holiday table for year 2018. Install jpholiday or update market_calendar.py.
2026-09-20 06:09:56,751 [WARNING] leadlag.core.market_calendar: No static holiday table for year 2018. Install jpholiday or update market_calendar.py.
2026-09-20 06:09:56,751 [WARNING] leadlag.core.market_calendar: No static holiday table for year 2018. Install jpholiday or update market_calendar.py.
2026-09-20 06:09:56,751 [WARNING] leadlag.core.market_calendar: No static holiday table for year 2018. Install jpholiday or update market_calendar.py.
2026-09-20 06:09:56,751 [WARNING] leadlag.core.market_calendar: No static holiday table for year 2018. Install jpholiday or update market_calendar.py.
2026-09-20 06:09:56,751 [WARNING] leadlag.core.market_calendar: No static holiday table for year 2018. Install jpholiday or update market_calendar.py.
2026-09-20 06:09:56,752 [WARNING] leadlag.core.market_calendar: No static holiday table for year 2018. Install jpholiday or update market_calendar.py.
2026-09-20 06:09:56,752 [WARNING] leadlag.core.market_calendar: No static holiday table for year 2018. Install jpholiday or update market_calendar.py.
2026-09-20 06:09:56,752 [WARNING] leadlag.core.market_calendar: No static holiday table for year 2018. Install jpholiday or update market_calendar.py.
2026-09-20 06:09:56,752 [WARNING] leadlag.core.market_calendar: No static holiday table for year 2018. Install jpholiday or update market_calendar.py.
2026-09-20 06:09:56,753 [WARNING] leadlag.core.market_calendar: No static holiday table for year 2018. Install jpholiday or update market_calendar.py.
2026-09-20 06:09:56,753 [WARNING] leadlag.core.market_calendar: No static holiday table for year 2018. Install jpholiday or update market_calendar.py.
2026-09-20 06:09:56,753 [WARNING] leadlag.core.market_calendar: No static holiday table for year 2018. Install jpholiday or update market_calendar.py.
2026-09-20 06:09:56,753 [WARNING] leadlag.core.market_calendar: No static holiday table for year 2018. Install jpholiday or update market_calendar.py.
2026-09-20 06:09:56,753 [WARNING] leadlag.core.market_calendar: No static holiday table for year 2018. Install jpholiday or update market_calendar.py.
2026-09-20 06:09:56,753 [WARNING] leadlag.core.market_calendar: No static holiday table for year 2019. Install jpholiday or update market_calendar.py.
2026-09-20 06:09:56,754 [WARNING] leadlag.core.market_calendar: No static holiday table for year 2019. Install jpholiday or update market_calendar.py.
2026-09-20 06:09:56,754 [WARNING] leadlag.core.market_calendar: No static holiday table for year 2019. Install jpholiday or update market_calendar.py.
2026-09-20 06:09:56,754 [WARNING] leadlag.core.market_calendar: No static holiday table for year 2019. Install jpholiday or update market_calendar.py.
2026-09-20 06:09:56,754 [WARNING] leadlag.core.market_calendar: No static holiday table for year 2019. Install jpholiday or update market_calendar.py.
2026-09-20 06:09:56,754 [WARNING] leadlag.core.market_calendar: No static holiday table for year 2019. Install jpholiday or update market_calendar.py.
2026-09-20 06:09:56,754 [WARNING] leadlag.core.market_calendar: No static holiday table for year 2019. Install jpholiday or update market_calendar.py.
2026-09-20 06:09:56,755 [WARNING] leadlag.core.market_calendar: No static holiday table for year 2019. Install jpholiday or update market_calendar.py.
2026-09-20 06:09:56,755 [WARNING] leadlag.core.market_calendar: No static holiday table for year 2019. Install jpholiday or update market_calendar.py.
2026-09-20 06:09:56,755 [WARNING] leadlag.core.market_calendar: No static holiday table for year 2019. Install jpholiday or update market_calendar.py.
2026-09-20 06:09:56,755 [WARNING] leadlag.core.market_calendar: No static holiday table for year 2019. Install jpholiday or update market_calendar.py.
2026-09-20 06:09:56,755 [WARNING] leadlag.core.market_calendar: No static holiday table for year 2019. Install jpholiday or update market_calendar.py.
2026-09-20 06:09:56,755 [WARNING] leadlag.core.market_calendar: No static holiday table for year 2019. Install jpholiday or update market_calendar.py.
2026-09-20 06:09:56,756 [WARNING] leadlag.core.market_calendar: No static holiday table for year 2019. Install jpholiday or update market_calendar.py.
2026-09-20 06:09:56,756 [WARNING] leadlag.core.market_calendar: No static holiday table for year 2019. Install jpholiday or update market_calendar.py.
2026-09-20 06:09:56,756 [WARNING] leadlag.core.market_calendar: No static holiday table for year 2019. Install jpholiday or update market_calendar.py.
2026-09-20 06:09:56,756 [WARNING] leadlag.core.market_calendar: No static holiday table for year 2019. Install jpholiday or update market_calendar.py.
2026-09-20 06:09:56,756 [WARNING] leadlag.core.market_calendar: No static holiday table for year 2019. Install jpholiday or update market_calendar.py.
2026-09-20 06:09:56,756 [WARNING] leadlag.core.market_calendar: No static holiday table for year 2019. Install jpholiday or update market_calendar.py.
2026-09-20 06:09:56,756 [WARNING] leadlag.core.market_calendar: No static holiday table for year 2019. Install jpholiday or update market_calendar.py.
2026-09-20 06:09:56,757 [WARNING] leadlag.core.market_calendar: No static holiday table for year 2019. Install jpholiday or update market_calendar.py.
2026-09-20 06:09:56,757 [WARNING] leadlag.core.market_calendar: No static holiday table for year 2019. Install jpholiday or update market_calendar.py.
2026-09-20 06:09:56,757 [WARNING] leadlag.core.market_calendar: No static holiday table for year 2019. Install jpholiday or update market_calendar.py.
2026-09-20 06:09:56,757 [WARNING] leadlag.core.market_calendar: No static holiday table for year 2019. Install jpholiday or update market_calendar.py.
2026-09-20 06:09:56,757 [WARNING] leadlag.core.market_calendar: No static holiday table for year 2019. Install jpholiday or update market_calendar.py.
2026-09-20 06:09:56,757 [WARNING] leadlag.core.market_calendar: No static holiday table for year 2019. Install jpholiday or update market_calendar.py.
2026-09-20 06:09:56,757 [WARNING] leadlag.core.market_calendar: No static holiday table for year 2019. Install jpholiday or update market_calendar.py.
2026-09-20 06:09:56,758 [WARNING] leadlag.core.market_calendar: No static holiday table for year 2019. Install jpholiday or update market_calendar.py.
2026-09-20 06:09:56,758 [WARNING] leadlag.core.market_calendar: No static holiday table for year 2019. Install jpholiday or update market_calendar.py.
2026-09-20 06:09:56,758 [WARNING] leadlag.core.market_calendar: No static holiday table for year 2019. Install jpholiday or update market_calendar.py.
2026-09-20 06:09:56,758 [WARNING] leadlag.core.market_calendar: No static holiday table for year 2019. Install jpholiday or update market_calendar.py.
2026-09-20 06:09:56,758 [WARNING] leadlag.core.market_calendar: No static holiday table for year 2019. Install jpholiday or update market_calendar.py.
2026-09-20 06:09:56,758 [WARNING] leadlag.core.market_calendar: No static holiday table for year 2019. Install jpholiday or update market_calendar.py.
2026-09-20 06:09:56,758 [WARNING] leadlag.core.market_calendar: No static holiday table for year 2019. Install jpholiday or update market_calendar.py.
2026-09-20 06:09:56,758 [WARNING] leadlag.core.market_calendar: No static holiday table for year 2019. Install jpholiday or update market_calendar.py.
2026-09-20 06:09:56,759 [WARNING] leadlag.core.market_calendar: No static holiday table for year 2019. Install jpholiday or update market_calendar.py.
2026-09-20 06:09:56,759 [WARNING] leadlag.core.market_calendar: No static holiday table for year 2019. Install jpholiday or update market_calendar.py.
2026-09-20 06:09:56,759 [WARNING] leadlag.core.market_calendar: No static holiday table for year 2019. Install jpholiday or update market_calendar.py.
2026-09-20 06:09:56,759 [WARNING] leadlag.core.market_calendar: No static holiday table for year 2019. Install jpholiday or update market_calendar.py.
2026-09-20 06:09:56,759 [WARNING] leadlag.core.market_calendar: No static holiday table for year 2019. Install jpholiday or update market_calendar.py.
2026-09-20 06:09:56,759 [WARNING] leadlag.core.market_calendar: No static holiday table for year 2019. Install jpholiday or update market_calendar.py.
2026-09-20 06:09:56,760 [WARNING] leadlag.core.market_calendar: No static holiday table for year 2019. Install jpholiday or update market_calendar.py.
2026-09-20 06:09:56,760 [WARNING] leadlag.core.market_calendar: No static holiday table for year 2019. Install jpholiday or update market_calendar.py.
2026-09-20 06:09:56,760 [WARNING] leadlag.core.market_calendar: No static holiday table for year 2019. Install jpholiday or update market_calendar.py.
2026-09-20 06:09:56,760 [WARNING] leadlag.core.market_calendar: No static holiday table for year 2019. Install jpholiday or update market_calendar.py.
2026-09-20 06:09:56,760 [WARNING] leadlag.core.market_calendar: No static holiday table for year 2019. Install jpholiday or update market_calendar.py.
2026-09-20 06:09:56,761 [WARNING] leadlag.core.market_calendar: No static holiday table for year 2019. Install jpholiday or update market_calendar.py.
2026-09-20 06:09:56,761 [WARNING] leadlag.core.market_calendar: No static holiday table for year 2019. Install jpholiday or update market_calendar.py.
2026-09-20 06:09:56,761 [WARNING] leadlag.core.market_calendar: No static holiday table for year 2019. Install jpholiday or update market_calendar.py.
2026-09-20 06:09:56,761 [WARNING] leadlag.core.market_calendar: No static holiday table for year 2019. Install jpholiday or update market_calendar.py.
2026-09-20 06:09:56,761 [WARNING] leadlag.core.market_calendar: No static holiday table for year 2019. Install jpholiday or update market_calendar.py.
2026-09-20 06:09:56,761 [WARNING] leadlag.core.market_calendar: No static holiday table for year 2019. Install jpholiday or update market_calendar.py.
2026-09-20 06:09:56,762 [WARNING] leadlag.core.market_calendar: No static holiday table for year 2019. Install jpholiday or update market_calendar.py.
2026-09-20 06:09:56,762 [WARNING] leadlag.core.market_calendar: No static holiday table for year 2019. Install jpholiday or update market_calendar.py.
2026-09-20 06:09:56,762 [WARNING] leadlag.core.market_calendar: No static holiday table for year 2019. Install jpholiday or update market_calendar.py.
2026-09-20 06:09:56,762 [WARNING] leadlag.core.market_calendar: No static holiday table for year 2019. Install jpholiday or update market_calendar.py.
2026-09-20 06:09:56,762 [WARNING] leadlag.core.market_calendar: No static holiday table for year 2019. Install jpholiday or update market_calendar.py.
2026-09-20 06:09:56,763 [WARNING] leadlag.core.market_calendar: No static holiday table for year 2019. Install jpholiday or update market_calendar.py.
2026-09-20 06:09:56,763 [WARNING] leadlag.core.market_calendar: No static holiday table for year 2019. Install jpholiday or update market_calendar.py.
2026-09-20 06:09:56,763 [WARNING] leadlag.core.market_calendar: No static holiday table for year 2019. Install jpholiday or update market_calendar.py.
2026-09-20 06:09:56,763 [WARNING] leadlag.core.market_calendar: No static holiday table for year 2019. Install jpholiday or update market_calendar.py.
2026-09-20 06:09:56,763 [WARNING] leadlag.core.market_calendar: No static holiday table for year 2019. Install jpholiday or update market_calendar.py.
2026-09-20 06:09:56,763 [WARNING] leadlag.core.market_calendar: No static holiday table for year 2019. Install jpholiday or update market_calendar.py.
2026-09-20 06:09:56,763 [WARNING] leadlag.core.market_calendar: No static holiday table for year 2019. Install jpholiday or update market_calendar.py.
2026-09-20 06:09:56,764 [WARNING] leadlag.core.market_calendar: No static holiday table for year 2019. Install jpholiday or update market_calendar.py.
2026-09-20 06:09:56,764 [WARNING] leadlag.core.market_calendar: No static holiday table for year 2019. Install jpholiday or update market_calendar.py.
2026-09-20 06:09:56,764 [WARNING] leadlag.core.market_calendar: No static holiday table for year 2019. Install jpholiday or update market_calendar.py.
2026-09-20 06:09:56,764 [WARNING] leadlag.core.market_calendar: No static holiday table for year 2019. Install jpholiday or update market_calendar.py.
2026-09-20 06:09:56,764 [WARNING] leadlag.core.market_calendar: No static holiday table for year 2019. Install jpholiday or update market_calendar.py.
2026-09-20 06:09:56,764 [WARNING] leadlag.core.market_calendar: No static holiday table for year 2019. Install jpholiday or update market_calendar.py.
2026-09-20 06:09:56,764 [WARNING] leadlag.core.market_calendar: No static holiday table for year 2019. Install jpholiday or update market_calendar.py.
2026-09-20 06:09:56,764 [WARNING] leadlag.core.market_calendar: No static holiday table for year 2019. Install jpholiday or update market_calendar.py.
2026-09-20 06:09:56,765 [WARNING] leadlag.core.market_calendar: No static holiday table for year 2019. Install jpholiday or update market_calendar.py.
2026-09-20 06:09:56,765 [WARNING] leadlag.core.market_calendar: No static holiday table for year 2019. Install jpholiday or update market_calendar.py.
2026-09-20 06:09:56,765 [WARNING] leadlag.core.market_calendar: No static holiday table for year 2019. Install jpholiday or update market_calendar.py.
2026-09-20 06:09:56,765 [WARNING] leadlag.core.market_calendar: No static holiday table for year 2019. Install jpholiday or update market_calendar.py.
2026-09-20 06:09:56,765 [WARNING] leadlag.core.market_calendar: No static holiday table for year 2019. Install jpholiday or update market_calendar.py.
2026-09-20 06:09:56,765 [WARNING] leadlag.core.market_calendar: No static holiday table for year 2019. Install jpholiday or update market_calendar.py.
2026-09-20 06:09:56,765 [WARNING] leadlag.core.market_calendar: No static holiday table for year 2019. Install jpholiday or update market_calendar.py.
2026-09-20 06:09:56,766 [WARNING] leadlag.core.market_calendar: No static holiday table for year 2019. Install jpholiday or update market_calendar.py.
2026-09-20 06:09:56,766 [WARNING] leadlag.core.market_calendar: No static holiday table for year 2019. Install jpholiday or update market_calendar.py.
2026-09-20 06:09:56,766 [WARNING] leadlag.core.market_calendar: No static holiday table for year 2019. Install jpholiday or update market_calendar.py.
2026-09-20 06:09:56,766 [WARNING] leadlag.core.market_calendar: No static holiday table for year 2019. Install jpholiday or update market_calendar.py.
2026-09-20 06:09:56,766 [WARNING] leadlag.core.market_calendar: No static holiday table for year 2019. Install jpholiday or update market_calendar.py.
2026-09-20 06:09:56,766 [WARNING] leadlag.core.market_calendar: No static holiday table for year 2019. Install jpholiday or update market_calendar.py.
2026-09-20 06:09:56,766 [WARNING] leadlag.core.market_calendar: No static holiday table for year 2019. Install jpholiday or update market_calendar.py.
2026-09-20 06:09:56,767 [WARNING] leadlag.core.market_calendar: No static holiday table for year 2019. Install jpholiday or update market_calendar.py.
2026-09-20 06:09:56,767 [WARNING] leadlag.core.market_calendar: No static holiday table for year 2019. Install jpholiday or update market_calendar.py.
2026-09-20 06:09:56,767 [WARNING] leadlag.core.market_calendar: No static holiday table for year 2019. Install jpholiday or update market_calendar.py.
2026-09-20 06:09:56,767 [WARNING] leadlag.core.market_calendar: No static holiday table for year 2019. Install jpholiday or update market_calendar.py.
2026-09-20 06:09:56,767 [WARNING] leadlag.core.market_calendar: No static holiday table for year 2019. Install jpholiday or update market_calendar.py.
2026-09-20 06:09:56,767 [WARNING] leadlag.core.market_calendar: No static holiday table for year 2019. Install jpholiday or update market_calendar.py.
2026-09-20 06:09:56,767 [WARNING] leadlag.core.market_calendar: No static holiday table for year 2019. Install jpholiday or update market_calendar.py.
2026-09-20 06:09:56,767 [WARNING] leadlag.core.market_calendar: No static holiday table for year 2019. Install jpholiday or update market_calendar.py.
2026-09-20 06:09:56,768 [WARNING] leadlag.core.market_calendar: No static holiday table for year 2019. Install jpholiday or update market_calendar.py.
2026-09-20 06:09:56,768 [WARNING] leadlag.core.market_calendar: No static holiday table for year 2019. Install jpholiday or update market_calendar.py.
2026-09-20 06:09:56,768 [WARNING] leadlag.core.market_calendar: No static holiday table for year 2019. Install jpholiday or update market_calendar.py.
2026-09-20 06:09:56,768 [WARNING] leadlag.core.market_calendar: No static holiday table for year 2019. Install jpholiday or update market_calendar.py.
2026-09-20 06:09:56,768 [WARNING] leadlag.core.market_calendar: No static holiday table for year 2019. Install jpholiday or update market_calendar.py.
2026-09-20 06:09:56,768 [WARNING] leadlag.core.market_calendar: No static holiday table for year 2019. Install jpholiday or update market_calendar.py.
2026-09-20 06:09:56,768 [WARNING] leadlag.core.market_calendar: No static holiday table for year 2019. Install jpholiday or update market_calendar.py.
2026-09-20 06:09:56,769 [WARNING] leadlag.core.market_calendar: No static holiday table for year 2019. Install jpholiday or update market_calendar.py.
2026-09-20 06:09:56,769 [WARNING] leadlag.core.market_calendar: No static holiday table for year 2019. Install jpholiday or update market_calendar.py.
2026-09-20 06:09:56,769 [WARNING] leadlag.core.market_calendar: No static holiday table for year 2019. Install jpholiday or update market_calendar.py.
2026-09-20 06:09:56,769 [WARNING] leadlag.core.market_calendar: No static holiday table for year 2019. Install jpholiday or update market_calendar.py.
2026-09-20 06:09:56,769 [WARNING] leadlag.core.market_calendar: No static holiday table for year 2019. Install jpholiday or update market_calendar.py.
2026-09-20 06:09:56,769 [WARNING] leadlag.core.market_calendar: No static holiday table for year 2019. Install jpholiday or update market_calendar.py.
2026-09-20 06:09:56,770 [WARNING] leadlag.core.market_calendar: No static holiday table for year 2019. Install jpholiday or update market_calendar.py.
2026-09-20 06:09:56,770 [WARNING] leadlag.core.market_calendar: No static holiday table for year 2019. Install jpholiday or update market_calendar.py.
2026-09-20 06:09:56,770 [WARNING] leadlag.core.market_calendar: No static holiday table for year 2019. Install jpholiday or update market_calendar.py.
2026-09-20 06:09:56,770 [WARNING] leadlag.core.market_calendar: No static holiday table for year 2019. Install jpholiday or update market_calendar.py.
2026-09-20 06:09:56,770 [WARNING] leadlag.core.market_calendar: No static holiday table for year 2019. Install jpholiday or update market_calendar.py.
2026-09-20 06:09:56,770 [WARNING] leadlag.core.market_calendar: No static holiday table for year 2019. Install jpholiday or update market_calendar.py.
2026-09-20 06:09:56,770 [WARNING] leadlag.core.market_calendar: No static holiday table for year 2019. Install jpholiday or update market_calendar.py.
2026-09-20 06:09:56,770 [WARNING] leadlag.core.market_calendar: No static holiday table for year 2019. Install jpholiday or update market_calendar.py.
2026-09-20 06:09:56,771 [WARNING] leadlag.core.market_calendar: No static holiday table for year 2019. Install jpholiday or update market_calendar.py.
2026-09-20 06:09:56,771 [WARNING] leadlag.core.market_calendar: No static holiday table for year 2019. Install jpholiday or update market_calendar.py.
2026-09-20 06:09:56,771 [WARNING] leadlag.core.market_calendar: No static holiday table for year 2019. Install jpholiday or update market_calendar.py.
2026-09-20 06:09:56,771 [WARNING] leadlag.core.market_calendar: No static holiday table for year 2019. Install jpholiday or update market_calendar.py.
2026-09-20 06:09:56,771 [WARNING] leadlag.core.market_calendar: No static holiday table for year 2019. Install jpholiday or update market_calendar.py.
2026-09-20 06:09:56,771 [WARNING] leadlag.core.market_calendar: No static holiday table for year 2019. Install jpholiday or update market_calendar.py.
2026-09-20 06:09:56,771 [WARNING] leadlag.core.market_calendar: No static holiday table for year 2019. Install jpholiday or update market_calendar.py.
2026-09-20 06:09:56,772 [WARNING] leadlag.core.market_calendar: No static holiday table for year 2019. Install jpholiday or update market_calendar.py.
2026-09-20 06:09:56,772 [WARNING] leadlag.core.market_calendar: No static holiday table for year 2019. Install jpholiday or update market_calendar.py.
2026-09-20 06:09:56,772 [WARNING] leadlag.core.market_calendar: No static holiday table for year 2019. Install jpholiday or update market_calendar.py.
2026-09-20 06:09:56,772 [WARNING] leadlag.core.market_calendar: No static holiday table for year 2019. Install jpholiday or update market_calendar.py.
2026-09-20 06:09:56,772 [WARNING] leadlag.core.market_calendar: No static holiday table for year 2019. Install jpholiday or update market_calendar.py.
2026-09-20 06:09:56,772 [WARNING] leadlag.core.market_calendar: No static holiday table for year 2019. Install jpholiday or update market_calendar.py.
2026-09-20 06:09:56,772 [WARNING] leadlag.core.market_calendar: No static holiday table for year 2019. Install jpholiday or update market_calendar.py.
2026-09-20 06:09:56,773 [WARNING] leadlag.core.market_calendar: No static holiday table for year 2019. Install jpholiday or update market_calendar.py.
2026-09-20 06:09:56,773 [WARNING] leadlag.core.market_calendar: No static holiday table for year 2019. Install jpholiday or update market_calendar.py.
2026-09-20 06:09:56,773 [WARNING] leadlag.core.market_calendar: No static holiday table for year 2019. Install jpholiday or update market_calendar.py.
2026-09-20 06:09:56,773 [WARNING] leadlag.core.market_calendar: No static holiday table for year 2019. Install jpholiday or update market_calendar.py.
2026-09-20 06:09:56,773 [WARNING] leadlag.core.market_calendar: No static holiday table for year 2019. Install jpholiday or update market_calendar.py.
2026-09-20 06:09:56,773 [WARNING] leadlag.core.market_calendar: No static holiday table for year 2019. Install jpholiday or update market_calendar.py.
2026-09-20 06:09:56,774 [WARNING] leadlag.core.market_calendar: No static holiday table for year 2019. Install jpholiday or update market_calendar.py.
2026-09-20 06:09:56,774 [WARNING] leadlag.core.market_calendar: No static holiday table for year 2019. Install jpholiday or update market_calendar.py.
2026-09-20 06:09:56,774 [WARNING] leadlag.core.market_calendar: No static holiday table for year 2019. Install jpholiday or update market_calendar.py.
2026-09-20 06:09:56,774 [WARNING] leadlag.core.market_calendar: No static holiday table for year 2019. Install jpholiday or update market_calendar.py.
2026-09-20 06:09:56,774 [WARNING] leadlag.core.market_calendar: No static holiday table for year 2019. Install jpholiday or update market_calendar.py.
2026-09-20 06:09:56,774 [WARNING] leadlag.core.market_calendar: No static holiday table for year 2019. Install jpholiday or update market_calendar.py.
2026-09-20 06:09:56,774 [WARNING] leadlag.core.market_calendar: No static holiday table for year 2019. Install jpholiday or update market_calendar.py.
2026-09-20 06:09:56,775 [WARNING] leadlag.core.market_calendar: No static holiday table for year 2019. Install jpholiday or update market_calendar.py.
2026-09-20 06:09:56,775 [WARNING] leadlag.core.market_calendar: No static holiday table for year 2019. Install jpholiday or update market_calendar.py.
2026-09-20 06:09:56,775 [WARNING] leadlag.core.market_calendar: No static holiday table for year 2019. Install jpholiday or update market_calendar.py.
2026-09-20 06:09:56,775 [WARNING] leadlag.core.market_calendar: No static holiday table for year 2019. Install jpholiday or update market_calendar.py.
2026-09-20 06:09:56,775 [WARNING] leadlag.core.market_calendar: No static holiday table for year 2019. Install jpholiday or update market_calendar.py.
2026-09-20 06:09:56,775 [WARNING] leadlag.core.market_calendar: No static holiday table for year 2019. Install jpholiday or update market_calendar.py.
2026-09-20 06:09:56,775 [WARNING] leadlag.core.market_calendar: No static holiday table for year 2019. Install jpholiday or update market_calendar.py.
2026-09-20 06:09:56,776 [WARNING] leadlag.core.market_calendar: No static holiday table for year 2019. Install jpholiday or update market_calendar.py.
2026-09-20 06:09:56,776 [WARNING] leadlag.core.market_calendar: No static holiday table for year 2019. Install jpholiday or update market_calendar.py.
2026-09-20 06:09:56,776 [WARNING] leadlag.core.market_calendar: No static holiday table for year 2019. Install jpholiday or update market_calendar.py.
2026-09-20 06:09:56,776 [WARNING] leadlag.core.market_calendar: No static holiday table for year 2019. Install jpholiday or update market_calendar.py.
2026-09-20 06:09:56,776 [WARNING] leadlag.core.market_calendar: No static holiday table for year 2019. Install jpholiday or update market_calendar.py.
2026-09-20 06:09:56,776 [WARNING] leadlag.core.market_calendar: No static holiday table for year 2019. Install jpholiday or update market_calendar.py.
2026-09-20 06:09:56,776 [WARNING] leadlag.core.market_calendar: No static holiday table for year 2019. Install jpholiday or update market_calendar.py.
2026-09-20 06:09:56,776 [WARNING] leadlag.core.market_calendar: No static holiday table for year 2019. Install jpholiday or update market_calendar.py.
2026-09-20 06:09:56,777 [WARNING] leadlag.core.market_calendar: No static holiday table for year 2019. Install jpholiday or update market_calendar.py.
2026-09-20 06:09:56,777 [WARNING] leadlag.core.market_calendar: No static holiday table for year 2019. Install jpholiday or update market_calendar.py.
2026-09-20 06:09:56,777 [WARNING] leadlag.core.market_calendar: No static holiday table for year 2019. Install jpholiday or update market_calendar.py.
2026-09-20 06:09:56,777 [WARNING] leadlag.core.market_calendar: No static holiday table for year 2019. Install jpholiday or update market_calendar.py.
2026-09-20 06:09:56,777 [WARNING] leadlag.core.market_calendar: No static holiday table for year 2019. Install jpholiday or update market_calendar.py.
2026-09-20 06:09:56,777 [WARNING] leadlag.core.market_calendar: No static holiday table for year 2019. Install jpholiday or update market_calendar.py.
2026-09-20 06:09:56,778 [WARNING] leadlag.core.market_calendar: No static holiday table for year 2019. Install jpholiday or update market_calendar.py.
2026-09-20 06:09:56,778 [WARNING] leadlag.core.market_calendar: No static holiday table for year 2019. Install jpholiday or update market_calendar.py.
2026-09-20 06:09:56,778 [WARNING] leadlag.core.market_calendar: No static holiday table for year 2019. Install jpholiday or update market_calendar.py.
2026-09-20 06:09:56,778 [WARNING] leadlag.core.market_calendar: No static holiday table for year 2019. Install jpholiday or update market_calendar.py.
2026-09-20 06:09:56,778 [WARNING] leadlag.core.market_calendar: No static holiday table for year 2019. Install jpholiday or update market_calendar.py.
2026-09-20 06:09:56,779 [WARNING] leadlag.core.market_calendar: No static holiday table for year 2019. Install jpholiday or update market_calendar.py.
2026-09-20 06:09:56,779 [WARNING] leadlag.core.market_calendar: No static holiday table for year 2019. Install jpholiday or update market_calendar.py.
2026-09-20 06:09:56,779 [WARNING] leadlag.core.market_calendar: No static holiday table for year 2019. Install jpholiday or update market_calendar.py.
2026-09-20 06:09:56,779 [WARNING] leadlag.core.market_calendar: No static holiday table for year 2019. Install jpholiday or update market_calendar.py.
2026-09-20 06:09:56,779 [WARNING] leadlag.core.market_calendar: No static holiday table for year 2019. Install jpholiday or update market_calendar.py.
2026-09-20 06:09:56,780 [WARNING] leadlag.core.market_calendar: No static holiday table for year 2019. Install jpholiday or update market_calendar.py.
2026-09-20 06:09:56,780 [WARNING] leadlag.core.market_calendar: No static holiday table for year 2019. Install jpholiday or update market_calendar.py.
2026-09-20 06:09:56,780 [WARNING] leadlag.core.market_calendar: No static holiday table for year 2019. Install jpholiday or update market_calendar.py.
2026-09-20 06:09:56,780 [WARNING] leadlag.core.market_calendar: No static holiday table for year 2019. Install jpholiday or update market_calendar.py.
2026-09-20 06:09:56,780 [WARNING] leadlag.core.market_calendar: No static holiday table for year 2019. Install jpholiday or update market_calendar.py.
2026-09-20 06:09:56,781 [WARNING] leadlag.core.market_calendar: No static holiday table for year 2019. Install jpholiday or update market_calendar.py.
2026-09-20 06:09:56,781 [WARNING] leadlag.core.market_calendar: No static holiday table for year 2019. Install jpholiday or update market_calendar.py.
2026-09-20 06:09:56,781 [WARNING] leadlag.core.market_calendar: No static holiday table for year 2019. Install jpholiday or update market_calendar.py.
2026-09-20 06:09:56,781 [WARNING] leadlag.core.market_calendar: No static holiday table for year 2019. Install jpholiday or update market_calendar.py.
2026-09-20 06:09:56,781 [WARNING] leadlag.core.market_calendar: No static holiday table for year 2019. Install jpholiday or update market_calendar.py.
2026-09-20 06:09:56,781 [WARNING] leadlag.core.market_calendar: No static holiday table for year 2019. Install jpholiday or update market_calendar.py.
2026-09-20 06:09:56,782 [WARNING] leadlag.core.market_calendar: No static holiday table for year 2019. Install jpholiday or update market_calendar.py.
2026-09-20 06:09:56,782 [WARNING] leadlag.core.market_calendar: No static holiday table for year 2019. Install jpholiday or update market_calendar.py.
2026-09-20 06:09:56,782 [WARNING] leadlag.core.market_calendar: No static holiday table for year 2019. Install jpholiday or update market_calendar.py.
2026-09-20 06:09:56,782 [WARNING] leadlag.core.market_calendar: No static holiday table for year 2019. Install jpholiday or update market_calendar.py.
2026-09-20 06:09:56,782 [WARNING] leadlag.core.market_calendar: No static holiday table for year 2019. Install jpholiday or update market_calendar.py.
2026-09-20 06:09:56,782 [WARNING] leadlag.core.market_calendar: No static holiday table for year 2019. Install jpholiday or update market_calendar.py.
2026-09-20 06:09:56,782 [WARNING] leadlag.core.market_calendar: No static holiday table for year 2019. Install jpholiday or update market_calendar.py.
2026-09-20 06:09:56,783 [WARNING] leadlag.core.market_calendar: No static holiday table for year 2019. Install jpholiday or update market_calendar.py.
2026-09-20 06:09:56,783 [WARNING] leadlag.core.market_calendar: No static holiday table for year 2019. Install jpholiday or update market_calendar.py.
2026-09-20 06:09:56,783 [WARNING] leadlag.core.market_calendar: No static holiday table for year 2019. Install jpholiday or update market_calendar.py.
2026-09-20 06:09:56,783 [WARNING] leadlag.core.market_calendar: No static holiday table for year 2019. Install jpholiday or update market_calendar.py.
2026-09-20 06:09:56,783 [WARNING] leadlag.core.market_calendar: No static holiday table for year 2019. Install jpholiday or update market_calendar.py.
2026-09-20 06:09:56,783 [WARNING] leadlag.core.market_calendar: No static holiday table for year 2019. Install jpholiday or update market_calendar.py.
2026-09-20 06:09:56,784 [WARNING] leadlag.core.market_calendar: No static holiday table for year 2019. Install jpholiday or update market_calendar.py.
2026-09-20 06:09:56,784 [WARNING] leadlag.core.market_calendar: No static holiday table for year 2019. Install jpholiday or update market_calendar.py.
2026-09-20 06:09:56,784 [WARNING] leadlag.core.market_calendar: No static holiday table for year 2019. Install jpholiday or update market_calendar.py.
2026-09-20 06:09:56,784 [WARNING] leadlag.core.market_calendar: No static holiday table for year 2019. Install jpholiday or update market_calendar.py.
2026-09-20 06:09:56,784 [WARNING] leadlag.core.market_calendar: No static holiday table for year 2019. Install jpholiday or update market_calendar.py.
2026-09-20 06:09:56,784 [WARNING] leadlag.core.market_calendar: No static holiday table for year 2019. Install jpholiday or update market_calendar.py.
2026-09-20 06:09:56,784 [WARNING] leadlag.core.market_calendar: No static holiday table for year 2019. Install jpholiday or update market_calendar.py.
2026-09-20 06:09:56,785 [WARNING] leadlag.core.market_calendar: No static holiday table for year 2019. Install jpholiday or update market_calendar.py.
2026-09-20 06:09:56,785 [WARNING] leadlag.core.market_calendar: No static holiday table for year 2019. Install jpholiday or update market_calendar.py.
2026-09-20 06:09:56,785 [WARNING] leadlag.core.market_calendar: No static holiday table for year 2019. Install jpholiday or update market_calendar.py.
2026-09-20 06:09:56,785 [WARNING] leadlag.core.market_calendar: No static holiday table for year 2019. Install jpholiday or update market_calendar.py.
2026-09-20 06:09:56,785 [WARNING] leadlag.core.market_calendar: No static holiday table for year 2019. Install jpholiday or update market_calendar.py.
2026-09-20 06:09:56,785 [WARNING] leadlag.core.market_calendar: No static holiday table for year 2019. Install jpholiday or update market_calendar.py.
2026-09-20 06:09:56,785 [WARNING] leadlag.core.market_calendar: No static holiday table for year 2019. Install jpholiday or update market_calendar.py.
2026-09-20 06:09:56,786 [WARNING] leadlag.core.market_calendar: No static holiday table for year 2019. Install jpholiday or update market_calendar.py.
2026-09-20 06:09:56,786 [WARNING] leadlag.core.market_calendar: No static holiday table for year 2019. Install jpholiday or update market_calendar.py.
2026-09-20 06:09:56,786 [WARNING] leadlag.core.market_calendar: No static holiday table for year 2019. Install jpholiday or update market_calendar.py.
2026-09-20 06:09:56,786 [WARNING] leadlag.core.market_calendar: No static holiday table for year 2019. Install jpholiday or update market_calendar.py.
2026-09-20 06:09:56,786 [WARNING] leadlag.core.market_calendar: No static holiday table for year 2019. Install jpholiday or update market_calendar.py.
2026-09-20 06:09:56,786 [WARNING] leadlag.core.market_calendar: No static holiday table for year 2019. Install jpholiday or update market_calendar.py.
2026-09-20 06:09:56,787 [WARNING] leadlag.core.market_calendar: No static holiday table for year 2019. Install jpholiday or update market_calendar.py.
2026-09-20 06:09:56,787 [WARNING] leadlag.core.market_calendar: No static holiday table for year 2019. Install jpholiday or update market_calendar.py.
2026-09-20 06:09:56,787 [WARNING] leadlag.core.market_calendar: No static holiday table for year 2019. Install jpholiday or update market_calendar.py.
2026-09-20 06:09:56,787 [WARNING] leadlag.core.market_calendar: No static holiday table for year 2019. Install jpholiday or update market_calendar.py.
2026-09-20 06:09:56,787 [WARNING] leadlag.core.market_calendar: No static holiday table for year 2019. Install jpholiday or update market_calendar.py.
2026-09-20 06:09:56,787 [WARNING] leadlag.core.market_calendar: No static holiday table for year 2019. Install jpholiday or update market_calendar.py.
2026-09-20 06:09:56,787 [WARNING] leadlag.core.market_calendar: No static holiday table for year 2019. Install jpholiday or update market_calendar.py.
2026-09-20 06:09:56,787 [WARNING] leadlag.core.market_calendar: No static holiday table for year 2019. Install jpholiday or update market_calendar.py.
2026-09-20 06:09:56,787 [WARNING] leadlag.core.market_calendar: No static holiday table for year 2019. Install jpholiday or update market_calendar.py.
2026-09-20 06:09:56,788 [WARNING] leadlag.core.market_calendar: No static holiday table for year 2019. Install jpholiday or update market_calendar.py.
2026-09-20 06:09:56,788 [WARNING] leadlag.core.market_calendar: No static holiday table for year 2019. Install jpholiday or update market_calendar.py.
2026-09-20 06:09:56,788 [WARNING] leadlag.core.market_calendar: No static holiday table for year 2019. Install jpholiday or update market_calendar.py.
2026-09-20 06:09:56,788 [WARNING] leadlag.core.market_calendar: No static holiday table for year 2019. Install jpholiday or update market_calendar.py.
2026-09-20 06:09:56,788 [WARNING] leadlag.core.market_calendar: No static holiday table for year 2019. Install jpholiday or update market_calendar.py.
2026-09-20 06:09:56,788 [WARNING] leadlag.core.market_calendar: No static holiday table for year 2019. Install jpholiday or update market_calendar.py.
2026-09-20 06:09:56,788 [WARNING] leadlag.core.market_calendar: No static holiday table for year 2019. Install jpholiday or update market_calendar.py.
2026-09-20 06:09:56,788 [WARNING] leadlag.core.market_calendar: No static holiday table for year 2019. Install jpholiday or update market_calendar.py.
2026-09-20 06:09:56,789 [WARNING] leadlag.core.market_calendar: No static holiday table for year 2019. Install jpholiday or update market_calendar.py.
2026-09-20 06:09:56,789 [WARNING] leadlag.core.market_calendar: No static holiday table for year 2019. Install jpholiday or update market_calendar.py.
2026-09-20 06:09:56,789 [WARNING] leadlag.core.market_calendar: No static holiday table for year 2019. Install jpholiday or update market_calendar.py.
2026-09-20 06:09:56,789 [WARNING] leadlag.core.market_calendar: No static holiday table for year 2019. Install jpholiday or update market_calendar.py.
2026-09-20 06:09:56,789 [WARNING] leadlag.core.market_calendar: No static holiday table for year 2019. Install jpholiday or update market_calendar.py.
2026-09-20 06:09:56,789 [WARNING] leadlag.core.market_calendar: No static holiday table for year 2019. Install jpholiday or update market_calendar.py.
2026-09-20 06:09:56,789 [WARNING] leadlag.core.market_calendar: No static holiday table for year 2019. Install jpholiday or update market_calendar.py.
2026-09-20 06:09:56,790 [WARNING] leadlag.core.market_calendar: No static holiday table for year 2020. Install jpholiday or update market_calendar.py.
2026-09-20 06:09:56,790 [WARNING] leadlag.core.market_calendar: No static holiday table for year 2020. Install jpholiday or update market_calendar.py.
2026-09-20 06:09:56,790 [WARNING] leadlag.core.market_calendar: No static holiday table for year 2020. Install jpholiday or update market_calendar.py.
2026-09-20 06:09:56,790 [WARNING] leadlag.core.market_calendar: No static holiday table for year 2020. Install jpholiday or update market_calendar.py.
2026-09-20 06:09:56,790 [WARNING] leadlag.core.market_calendar: No static holiday table for year 2020. Install jpholiday or update market_calendar.py.
2026-09-20 06:09:56,790 [WARNING] leadlag.core.market_calendar: No static holiday table for year 2020. Install jpholiday or update market_calendar.py.
2026-09-20 06:09:56,790 [WARNING] leadlag.core.market_calendar: No static holiday table for year 2020. Install jpholiday or update market_calendar.py.
2026-09-20 06:09:56,791 [WARNING] leadlag.core.market_calendar: No static holiday table for year 2020. Install jpholiday or update market_calendar.py.
2026-09-20 06:09:56,791 [WARNING] leadlag.core.market_calendar: No static holiday table for year 2020. Install jpholiday or update market_calendar.py.
2026-09-20 06:09:56,791 [WARNING] leadlag.core.market_calendar: No static holiday table for year 2020. Install jpholiday or update market_calendar.py.
2026-09-20 06:09:56,791 [WARNING] leadlag.core.market_calendar: No static holiday table for year 2020. Install jpholiday or update market_calendar.py.
2026-09-20 06:09:56,791 [WARNING] leadlag.core.market_calendar: No static holiday table for year 2020. Install jpholiday or update market_calendar.py.
2026-09-20 06:09:56,791 [WARNING] leadlag.core.market_calendar: No static holiday table for year 2020. Install jpholiday or update market_calendar.py.
2026-09-20 06:09:56,791 [WARNING] leadlag.core.market_calendar: No static holiday table for year 2020. Install jpholiday or update market_calendar.py.
2026-09-20 06:09:56,792 [WARNING] leadlag.core.market_calendar: No static holiday table for year 2020. Install jpholiday or update market_calendar.py.
2026-09-20 06:09:56,792 [WARNING] leadlag.core.market_calendar: No static holiday table for year 2020. Install jpholiday or update market_calendar.py.
2026-09-20 06:09:56,792 [WARNING] leadlag.core.market_calendar: No static holiday table for year 2020. Install jpholiday or update market_calendar.py.
2026-09-20 06:09:56,792 [WARNING] leadlag.core.market_calendar: No static holiday table for year 2020. Install jpholiday or update market_calendar.py.
2026-09-20 06:09:56,792 [WARNING] leadlag.core.market_calendar: No static holiday table for year 2020. Install jpholiday or update market_calendar.py.
2026-09-20 06:09:56,792 [WARNING] leadlag.core.market_calendar: No static holiday table for year 2020. Install jpholiday or update market_calendar.py.
2026-09-20 06:09:56,792 [WARNING] leadlag.core.market_calendar: No static holiday table for year 2020. Install jpholiday or update market_calendar.py.
2026-09-20 06:09:56,793 [WARNING] leadlag.core.market_calendar: No static holiday table for year 2020. Install jpholiday or update market_calendar.py.
2026-09-20 06:09:56,793 [WARNING] leadlag.core.market_calendar: No static holiday table for year 2020. Install jpholiday or update market_calendar.py.
2026-09-20 06:09:56,793 [WARNING] leadlag.core.market_calendar: No static holiday table for year 2020. Install jpholiday or update market_calendar.py.
2026-09-20 06:09:56,793 [WARNING] leadlag.core.market_calendar: No static holiday table for year 2020. Install jpholiday or update market_calendar.py.
2026-09-20 06:09:56,793 [WARNING] leadlag.core.market_calendar: No static holiday table for year 2020. Install jpholiday or update market_calendar.py.
2026-09-20 06:09:56,793 [WARNING] leadlag.core.market_calendar: No static holiday table for year 2020. Install jpholiday or update market_calendar.py.
2026-09-20 06:09:56,793 [WARNING] leadlag.core.market_calendar: No static holiday table for year 2020. Install jpholiday or update market_calendar.py.
2026-09-20 06:09:56,794 [WARNING] leadlag.core.market_calendar: No static holiday table for year 2020. Install jpholiday or update market_calendar.py.
2026-09-20 06:09:56,794 [WARNING] leadlag.core.market_calendar: No static holiday table for year 2020. Install jpholiday or update market_calendar.py.
2026-09-20 06:09:56,794 [WARNING] leadlag.core.market_calendar: No static holiday table for year 2020. Install jpholiday or update market_calendar.py.
2026-09-20 06:09:56,794 [WARNING] leadlag.core.market_calendar: No static holiday table for year 2020. Install jpholiday or update market_calendar.py.
2026-09-20 06:09:56,794 [WARNING] leadlag.core.market_calendar: No static holiday table for year 2020. Install jpholiday or update market_calendar.py.
2026-09-20 06:09:56,794 [WARNING] leadlag.core.market_calendar: No static holiday table for year 2020. Install jpholiday or update market_calendar.py.
2026-09-20 06:09:56,794 [WARNING] leadlag.core.market_calendar: No static holiday table for year 2020. Install jpholiday or update market_calendar.py.
2026-09-20 06:09:56,794 [WARNING] leadlag.core.market_calendar: No static holiday table for year 2020. Install jpholiday or update market_calendar.py.
2026-09-20 06:09:56,795 [WARNING] leadlag.core.market_calendar: No static holiday table for year 2020. Install jpholiday or update market_calendar.py.
2026-09-20 06:09:56,795 [WARNING] leadlag.core.market_calendar: No static holiday table for year 2020. Install jpholiday or update market_calendar.py.
2026-09-20 06:09:56,795 [WARNING] leadlag.core.market_calendar: No static holiday table for year 2020. Install jpholiday or update market_calendar.py.
2026-09-20 06:09:56,795 [WARNING] leadlag.core.market_calendar: No static holiday table for year 2020. Install jpholiday or update market_calendar.py.
2026-09-20 06:09:56,795 [WARNING] leadlag.core.market_calendar: No static holiday table for year 2020. Install jpholiday or update market_calendar.py.
2026-09-20 06:09:56,795 [WARNING] leadlag.core.market_calendar: No static holiday table for year 2020. Install jpholiday or update market_calendar.py.
2026-09-20 06:09:56,796 [WARNING] leadlag.core.market_calendar: No static holiday table for year 2020. Install jpholiday or update market_calendar.py.
2026-09-20 06:09:56,796 [WARNING] leadlag.core.market_calendar: No static holiday table for year 2020. Install jpholiday or update market_calendar.py.
2026-09-20 06:09:56,796 [WARNING] leadlag.core.market_calendar: No static holiday table for year 2020. Install jpholiday or update market_calendar.py.
2026-09-20 06:09:56,796 [WARNING] leadlag.core.market_calendar: No static holiday table for year 2020. Install jpholiday or update market_calendar.py.
2026-09-20 06:09:56,796 [WARNING] leadlag.core.market_calendar: No static holiday table for year 2020. Install jpholiday or update market_calendar.py.
2026-09-20 06:09:56,797 [WARNING] leadlag.core.market_calendar: No static holiday table for year 2020. Install jpholiday or update market_calendar.py.
2026-09-20 06:09:56,797 [WARNING] leadlag.core.market_calendar: No static holiday table for year 2020. Install jpholiday or update market_calendar.py.
2026-09-20 06:09:56,797 [WARNING] leadlag.core.market_calendar: No static holiday table for year 2020. Install jpholiday or update market_calendar.py.
2026-09-20 06:09:56,797 [WARNING] leadlag.core.market_calendar: No static holiday table for year 2020. Install jpholiday or update market_calendar.py.
2026-09-20 06:09:56,797 [WARNING] leadlag.core.market_calendar: No static holiday table for year 2020. Install jpholiday or update market_calendar.py.
2026-09-20 06:09:56,797 [WARNING] leadlag.core.market_calendar: No static holiday table for year 2020. Install jpholiday or update market_calendar.py.
2026-09-20 06:09:56,798 [WARNING] leadlag.core.market_calendar: No static holiday table for year 2020. Install jpholiday or update market_calendar.py.
2026-09-20 06:09:56,798 [WARNING] leadlag.core.market_calendar: No static holiday table for year 2020. Install jpholiday or update market_calendar.py.
2026-09-20 06:09:56,798 [WARNING] leadlag.core.market_calendar: No static holiday table for year 2020. Install jpholiday or update market_calendar.py.
2026-09-20 06:09:56,798 [WARNING] leadlag.core.market_calendar: No static holiday table for year 2020. Install jpholiday or update market_calendar.py.
2026-09-20 06:09:56,798 [WARNING] leadlag.core.market_calendar: No static holiday table for year 2020. Install jpholiday or update market_calendar.py.
2026-09-20 06:09:56,798 [WARNING] leadlag.core.market_calendar: No static holiday table for year 2020. Install jpholiday or update market_calendar.py.
2026-09-20 06:09:56,799 [WARNING] leadlag.core.market_calendar: No static holiday table for year 2020. Install jpholiday or update market_calendar.py.
2026-09-20 06:09:56,799 [WARNING] leadlag.core.market_calendar: No static holiday table for year 2020. Install jpholiday or update market_calendar.py.
2026-09-20 06:09:56,799 [WARNING] leadlag.core.market_calendar: No static holiday table for year 2020. Install jpholiday or update market_calendar.py.
2026-09-20 06:09:56,799 [WARNING] leadlag.core.market_calendar: No static holiday table for year 2020. Install jpholiday or update market_calendar.py.
2026-09-20 06:09:56,799 [WARNING] leadlag.core.market_calendar: No static holiday table for year 2020. Install jpholiday or update market_calendar.py.
2026-09-20 06:09:56,799 [WARNING] leadlag.core.market_calendar: No static holiday table for year 2020. Install jpholiday or update market_calendar.py.
2026-09-20 06:09:56,799 [WARNING] leadlag.core.market_calendar: No static holiday table for year 2020. Install jpholiday or update market_calendar.py.
2026-09-20 06:09:56,800 [WARNING] leadlag.core.market_calendar: No static holiday table for year 2020. Install jpholiday or update market_calendar.py.
2026-09-20 06:09:56,800 [WARNING] leadlag.core.market_calendar: No static holiday table for year 2020. Install jpholiday or update market_calendar.py.
2026-09-20 06:09:56,800 [WARNING] leadlag.core.market_calendar: No static holiday table for year 2020. Install jpholiday or update market_calendar.py.
2026-09-20 06:09:56,800 [WARNING] leadlag.core.market_calendar: No static holiday table for year 2020. Install jpholiday or update market_calendar.py.
2026-09-20 06:09:56,800 [WARNING] leadlag.core.market_calendar: No static holiday table for year 2020. Install jpholiday or update market_calendar.py.
2026-09-20 06:09:56,800 [WARNING] leadlag.core.market_calendar: No static holiday table for year 2020. Install jpholiday or update market_calendar.py.
2026-09-20 06:09:56,800 [WARNING] leadlag.core.market_calendar: No static holiday table for year 2020. Install jpholiday or update market_calendar.py.
2026-09-20 06:09:56,800 [WARNING] leadlag.core.market_calendar: No static holiday table for year 2020. Install jpholiday or update market_calendar.py.
2026-09-20 06:09:56,801 [WARNING] leadlag.core.market_calendar: No static holiday table for year 2020. Install jpholiday or update market_calendar.py.
2026-09-20 06:09:56,801 [WARNING] leadlag.core.market_calendar: No static holiday table for year 2020. Install jpholiday or update market_calendar.py.
2026-09-20 06:09:56,801 [WARNING] leadlag.core.market_calendar: No static holiday table for year 2020. Install jpholiday or update market_calendar.py.
2026-09-20 06:09:56,801 [WARNING] leadlag.core.market_calendar: No static holiday table for year 2020. Install jpholiday or update market_calendar.py.
2026-09-20 06:09:56,801 [WARNING] leadlag.core.market_calendar: No static holiday table for year 2020. Install jpholiday or update market_calendar.py.
2026-09-20 06:09:56,801 [WARNING] leadlag.core.market_calendar: No static holiday table for year 2020. Install jpholiday or update market_calendar.py.
2026-09-20 06:09:56,801 [WARNING] leadlag.core.market_calendar: No static holiday table for year 2020. Install jpholiday or update market_calendar.py.
2026-09-20 06:09:56,802 [WARNING] leadlag.core.market_calendar: No static holiday table for year 2020. Install jpholiday or update market_calendar.py.
2026-09-20 06:09:56,802 [WARNING] leadlag.core.market_calendar: No static holiday table for year 2020. Install jpholiday or update market_calendar.py.
2026-09-20 06:09:56,802 [WARNING] leadlag.core.market_calendar: No static holiday table for year 2020. Install jpholiday or update market_calendar.py.
2026-09-20 06:09:56,802 [WARNING] leadlag.core.market_calendar: No static holiday table for year 2020. Install jpholiday or update market_calendar.py.
2026-09-20 06:09:56,802 [WARNING] leadlag.core.market_calendar: No static holiday table for year 2020. Install jpholiday or update market_calendar.py.
2026-09-20 06:09:56,802 [WARNING] leadlag.core.market_calendar: No static holiday table for year 2020. Install jpholiday or update market_calendar.py.
2026-09-20 06:09:56,803 [WARNING] leadlag.core.market_calendar: No static holiday table for year 2020. Install jpholiday or update market_calendar.py.
2026-09-20 06:09:56,803 [WARNING] leadlag.core.market_calendar: No static holiday table for year 2020. Install jpholiday or update market_calendar.py.
2026-09-20 06:09:56,803 [WARNING] leadlag.core.market_calendar: No static holiday table for year 2020. Install jpholiday or update market_calendar.py.
2026-09-20 06:09:56,803 [WARNING] leadlag.core.market_calendar: No static holiday table for year 2020. Install jpholiday or update market_calendar.py.
2026-09-20 06:09:56,803 [WARNING] leadlag.core.market_calendar: No static holiday table for year 2020. Install jpholiday or update market_calendar.py.
2026-09-20 06:09:56,803 [WARNING] leadlag.core.market_calendar: No static holiday table for year 2020. Install jpholiday or update market_calendar.py.
2026-09-20 06:09:56,803 [WARNING] leadlag.core.market_calendar: No static holiday table for year 2020. Install jpholiday or update market_calendar.py.
2026-09-20 06:09:56,803 [WARNING] leadlag.core.market_calendar: No static holiday table for year 2020. Install jpholiday or update market_calendar.py.
2026-09-20 06:09:56,804 [WARNING] leadlag.core.market_calendar: No static holiday table for year 2020. Install jpholiday or update market_calendar.py.
2026-09-20 06:09:56,804 [WARNING] leadlag.core.market_calendar: No static holiday table for year 2020. Install jpholiday or update market_calendar.py.
2026-09-20 06:09:56,804 [WARNING] leadlag.core.market_calendar: No static holiday table for year 2020. Install jpholiday or update market_calendar.py.
2026-09-20 06:09:56,804 [WARNING] leadlag.core.market_calendar: No static holiday table for year 2020. Install jpholiday or update market_calendar.py.
2026-09-20 06:09:56,804 [WARNING] leadlag.core.market_calendar: No static holiday table for year 2020. Install jpholiday or update market_calendar.py.
2026-09-20 06:09:56,804 [WARNING] leadlag.core.market_calendar: No static holiday table for year 2020. Install jpholiday or update market_calendar.py.
2026-09-20 06:09:56,804 [WARNING] leadlag.core.market_calendar: No static holiday table for year 2020. Install jpholiday or update market_calendar.py.
2026-09-20 06:09:56,804 [WARNING] leadlag.core.market_calendar: No static holiday table for year 2020. Install jpholiday or update market_calendar.py.
2026-09-20 06:09:56,805 [WARNING] leadlag.core.market_calendar: No static holiday table for year 2020. Install jpholiday or update market_calendar.py.
2026-09-20 06:09:56,805 [WARNING] leadlag.core.market_calendar: No static holiday table for year 2020. Install jpholiday or update market_calendar.py.
2026-09-20 06:09:56,805 [WARNING] leadlag.core.market_calendar: No static holiday table for year 2020. Install jpholiday or update market_calendar.py.
2026-09-20 06:09:56,805 [WARNING] leadlag.core.market_calendar: No static holiday table for year 2020. Install jpholiday or update market_calendar.py.
2026-09-20 06:09:56,805 [WARNING] leadlag.core.market_calendar: No static holiday table for year 2020. Install jpholiday or update market_calendar.py.
2026-09-20 06:09:56,805 [WARNING] leadlag.core.market_calendar: No static holiday table for year 2020. Install jpholiday or update market_calendar.py.
2026-09-20 06:09:56,805 [WARNING] leadlag.core.market_calendar: No static holiday table for year 2020. Install jpholiday or update market_calendar.py.
2026-09-20 06:09:56,806 [WARNING] leadlag.core.market_calendar: No static holiday table for year 2020. Install jpholiday or update market_calendar.py.
2026-09-20 06:09:56,806 [WARNING] leadlag.core.market_calendar: No static holiday table for year 2020. Install jpholiday or update market_calendar.py.
2026-09-20 06:09:56,806 [WARNING] leadlag.core.market_calendar: No static holiday table for year 2020. Install jpholiday or update market_calendar.py.
2026-09-20 06:09:56,806 [WARNING] leadlag.core.market_calendar: No static holiday table for year 2020. Install jpholiday or update market_calendar.py.
2026-09-20 06:09:56,806 [WARNING] leadlag.core.market_calendar: No static holiday table for year 2020. Install jpholiday or update market_calendar.py.
2026-09-20 06:09:56,806 [WARNING] leadlag.core.market_calendar: No static holiday table for year 2020. Install jpholiday or update market_calendar.py.
2026-09-20 06:09:56,806 [WARNING] leadlag.core.market_calendar: No static holiday table for year 2020. Install jpholiday or update market_calendar.py.
2026-09-20 06:09:56,806 [WARNING] leadlag.core.market_calendar: No static holiday table for year 2020. Install jpholiday or update market_calendar.py.
2026-09-20 06:09:56,807 [WARNING] leadlag.core.market_calendar: No static holiday table for year 2020. Install jpholiday or update market_calendar.py.
2026-09-20 06:09:56,807 [WARNING] leadlag.core.market_calendar: No static holiday table for year 2020. Install jpholiday or update market_calendar.py.
2026-09-20 06:09:56,807 [WARNING] leadlag.core.market_calendar: No static holiday table for year 2020. Install jpholiday or update market_calendar.py.
2026-09-20 06:09:56,807 [WARNING] leadlag.core.market_calendar: No static holiday table for year 2020. Install jpholiday or update market_calendar.py.
2026-09-20 06:09:56,807 [WARNING] leadlag.core.market_calendar: No static holiday table for year 2020. Install jpholiday or update market_calendar.py.
2026-09-20 06:09:56,807 [WARNING] leadlag.core.market_calendar: No static holiday table for year 2020. Install jpholiday or update market_calendar.py.
2026-09-20 06:09:56,807 [WARNING] leadlag.core.market_calendar: No static holiday table for year 2020. Install jpholiday or update market_calendar.py.
2026-09-20 06:09:56,807 [WARNING] leadlag.core.market_calendar: No static holiday table for year 2020. Install jpholiday or update market_calendar.py.
2026-09-20 06:09:56,808 [WARNING] leadlag.core.market_calendar: No static holiday table for year 2020. Install jpholiday or update market_calendar.py.
2026-09-20 06:09:56,808 [WARNING] leadlag.core.market_calendar: No static holiday table for year 2020. Install jpholiday or update market_calendar.py.
2026-09-20 06:09:56,808 [WARNING] leadlag.core.market_calendar: No static holiday table for year 2020. Install jpholiday or update market_calendar.py.
2026-09-20 06:09:56,808 [WARNING] leadlag.core.market_calendar: No static holiday table for year 2020. Install jpholiday or update market_calendar.py.
2026-09-20 06:09:56,808 [WARNING] leadlag.core.market_calendar: No static holiday table for year 2020. Install jpholiday or update market_calendar.py.
2026-09-20 06:09:56,808 [WARNING] leadlag.core.market_calendar: No static holiday table for year 2020. Install jpholiday or update market_calendar.py.
2026-09-20 06:09:56,808 [WARNING] leadlag.core.market_calendar: No static holiday table for year 2020. Install jpholiday or update market_calendar.py.
2026-09-20 06:09:56,809 [WARNING] leadlag.core.market_calendar: No static holiday table for year 2020. Install jpholiday or update market_calendar.py.
2026-09-20 06:09:56,809 [WARNING] leadlag.core.market_calendar: No static holiday table for year 2020. Install jpholiday or update market_calendar.py.
2026-09-20 06:09:56,809 [WARNING] leadlag.core.market_calendar: No static holiday table for year 2020. Install jpholiday or update market_calendar.py.
2026-09-20 06:09:56,809 [WARNING] leadlag.core.market_calendar: No static holiday table for year 2020. Install jpholiday or update market_calendar.py.
2026-09-20 06:09:56,809 [WARNING] leadlag.core.market_calendar: No static holiday table for year 2020. Install jpholiday or update market_calendar.py.
2026-09-20 06:09:56,809 [WARNING] leadlag.core.market_calendar: No static holiday table for year 2020. Install jpholiday or update market_calendar.py.
2026-09-20 06:09:56,809 [WARNING] leadlag.core.market_calendar: No static holiday table for year 2020. Install jpholiday or update market_calendar.py.
2026-09-20 06:09:56,810 [WARNING] leadlag.core.market_calendar: No static holiday table for year 2020. Install jpholiday or update market_calendar.py.
2026-09-20 06:09:56,810 [WARNING] leadlag.core.market_calendar: No static holiday table for year 2020. Install jpholiday or update market_calendar.py.
2026-09-20 06:09:56,810 [WARNING] leadlag.core.market_calendar: No static holiday table for year 2020. Install jpholiday or update market_calendar.py.
2026-09-20 06:09:56,810 [WARNING] leadlag.core.market_calendar: No static holiday table for year 2020. Install jpholiday or update market_calendar.py.
2026-09-20 06:09:56,810 [WARNING] leadlag.core.market_calendar: No static holiday table for year 2020. Install jpholiday or update market_calendar.py.
2026-09-20 06:09:56,810 [WARNING] leadlag.core.market_calendar: No static holiday table for year 2020. Install jpholiday or update market_calendar.py.
2026-09-20 06:09:56,810 [WARNING] leadlag.core.market_calendar: No static holiday table for year 2020. Install jpholiday or update market_calendar.py.
2026-09-20 06:09:56,810 [WARNING] leadlag.core.market_calendar: No static holiday table for year 2020. Install jpholiday or update market_calendar.py.
2026-09-20 06:09:56,811 [WARNING] leadlag.core.market_calendar: No static holiday table for year 2020. Install jpholiday or update market_calendar.py.
2026-09-20 06:09:56,811 [WARNING] leadlag.core.market_calendar: No static holiday table for year 2020. Install jpholiday or update market_calendar.py.
2026-09-20 06:09:56,811 [WARNING] leadlag.core.market_calendar: No static holiday table for year 2020. Install jpholiday or update market_calendar.py.
2026-09-20 06:09:56,811 [WARNING] leadlag.core.market_calendar: No static holiday table for year 2020. Install jpholiday or update market_calendar.py.
2026-09-20 06:09:56,811 [WARNING] leadlag.core.market_calendar: No static holiday table for year 2020. Install jpholiday or update market_calendar.py.
2026-09-20 06:09:56,811 [WARNING] leadlag.core.market_calendar: No static holiday table for year 2020. Install jpholiday or update market_calendar.py.
2026-09-20 06:09:56,811 [WARNING] leadlag.core.market_calendar: No static holiday table for year 2020. Install jpholiday or update market_calendar.py.
2026-09-20 06:09:56,812 [WARNING] leadlag.core.market_calendar: No static holiday table for year 2020. Install jpholiday or update market_calendar.py.
2026-09-20 06:09:56,812 [WARNING] leadlag.core.market_calendar: No static holiday table for year 2020. Install jpholiday or update market_calendar.py.
2026-09-20 06:09:56,812 [WARNING] leadlag.core.market_calendar: No static holiday table for year 2020. Install jpholiday or update market_calendar.py.
2026-09-20 06:09:56,812 [WARNING] leadlag.core.market_calendar: No static holiday table for year 2020. Install jpholiday or update market_calendar.py.
2026-09-20 06:09:56,812 [WARNING] leadlag.core.market_calendar: No static holiday table for year 2020. Install jpholiday or update market_calendar.py.
2026-09-20 06:09:56,812 [WARNING] leadlag.core.market_calendar: No static holiday table for year 2020. Install jpholiday or update market_calendar.py.
2026-09-20 06:09:56,812 [WARNING] leadlag.core.market_calendar: No static holiday table for year 2020. Install jpholiday or update market_calendar.py.
2026-09-20 06:09:56,813 [WARNING] leadlag.core.market_calendar: No static holiday table for year 2020. Install jpholiday or update market_calendar.py.
2026-09-20 06:09:56,813 [WARNING] leadlag.core.market_calendar: No static holiday table for year 2020. Install jpholiday or update market_calendar.py.
2026-09-20 06:09:56,813 [WARNING] leadlag.core.market_calendar: No static holiday table for year 2020. Install jpholiday or update market_calendar.py.
2026-09-20 06:09:56,813 [WARNING] leadlag.core.market_calendar: No static holiday table for year 2020. Install jpholiday or update market_calendar.py.
2026-09-20 06:09:56,814 [WARNING] leadlag.core.market_calendar: No static holiday table for year 2020. Install jpholiday or update market_calendar.py.
2026-09-20 06:09:56,814 [WARNING] leadlag.core.market_calendar: No static holiday table for year 2020. Install jpholiday or update market_calendar.py.
2026-09-20 06:09:56,814 [WARNING] leadlag.core.market_calendar: No static holiday table for year 2020. Install jpholiday or update market_calendar.py.
2026-09-20 06:09:56,814 [WARNING] leadlag.core.market_calendar: No static holiday table for year 2020. Install jpholiday or update market_calendar.py.
2026-09-20 06:09:56,814 [WARNING] leadlag.core.market_calendar: No static holiday table for year 2020. Install jpholiday or update market_calendar.py.
2026-09-20 06:09:56,815 [WARNING] leadlag.core.market_calendar: No static holiday table for year 2020. Install jpholiday or update market_calendar.py.
2026-09-20 06:09:56,815 [WARNING] leadlag.core.market_calendar: No static holiday table for year 2020. Install jpholiday or update market_calendar.py.
2026-09-20 06:09:56,815 [WARNING] leadlag.core.market_calendar: No static holiday table for year 2020. Install jpholiday or update market_calendar.py.
2026-09-20 06:09:56,815 [WARNING] leadlag.core.market_calendar: No static holiday table for year 2020. Install jpholiday or update market_calendar.py.
2026-09-20 06:09:56,815 [WARNING] leadlag.core.market_calendar: No static holiday table for year 2020. Install jpholiday or update market_calendar.py.
2026-09-20 06:09:56,816 [WARNING] leadlag.core.market_calendar: No static holiday table for year 2020. Install jpholiday or update market_calendar.py.
2026-09-20 06:09:56,816 [WARNING] leadlag.core.market_calendar: No static holiday table for year 2020. Install jpholiday or update market_calendar.py.
2026-09-20 06:09:56,816 [WARNING] leadlag.core.market_calendar: No static holiday table for year 2020. Install jpholiday or update market_calendar.py.
2026-09-20 06:09:56,816 [WARNING] leadlag.core.market_calendar: No static holiday table for year 2020. Install jpholiday or update market_calendar.py.
2026-09-20 06:09:56,816 [WARNING] leadlag.core.market_calendar: No static holiday table for year 2020. Install jpholiday or update market_calendar.py.
2026-09-20 06:09:56,816 [WARNING] leadlag.core.market_calendar: No static holiday table for year 2020. Install jpholiday or update market_calendar.py.
2026-09-20 06:09:56,817 [WARNING] leadlag.core.market_calendar: No static holiday table for year 2020. Install jpholiday or update market_calendar.py.
2026-09-20 06:09:56,817 [WARNING] leadlag.core.market_calendar: No static holiday table for year 2020. Install jpholiday or update market_calendar.py.
2026-09-20 06:09:56,817 [WARNING] leadlag.core.market_calendar: No static holiday table for year 2020. Install jpholiday or update market_calendar.py.
2026-09-20 06:09:56,817 [WARNING] leadlag.core.market_calendar: No static holiday table for year 2020. Install jpholiday or update market_calendar.py.
2026-09-20 06:09:56,817 [WARNING] leadlag.core.market_calendar: No static holiday table for year 2020. Install jpholiday or update market_calendar.py.
2026-09-20 06:09:56,817 [WARNING] leadlag.core.market_calendar: No static holiday table for year 2020. Install jpholiday or update market_calendar.py.
2026-09-20 06:09:56,817 [WARNING] leadlag.core.market_calendar: No static holiday table for year 2020. Install jpholiday or update market_calendar.py.
2026-09-20 06:09:56,818 [WARNING] leadlag.core.market_calendar: No static holiday table for year 2020. Install jpholiday or update market_calendar.py.
2026-09-20 06:09:56,818 [WARNING] leadlag.core.market_calendar: No static holiday table for year 2020. Install jpholiday or update market_calendar.py.
2026-09-20 06:09:56,818 [WARNING] leadlag.core.market_calendar: No static holiday table for year 2020. Install jpholiday or update market_calendar.py.
2026-09-20 06:09:56,818 [WARNING] leadlag.core.market_calendar: No static holiday table for year 2020. Install jpholiday or update market_calendar.py.
2026-09-20 06:09:56,818 [WARNING] leadlag.core.market_calendar: No static holiday table for year 2020. Install jpholiday or update market_calendar.py.
2026-09-20 06:09:56,818 [WARNING] leadlag.core.market_calendar: No static holiday table for year 2020. Install jpholiday or update market_calendar.py.
2026-09-20 06:09:56,818 [WARNING] leadlag.core.market_calendar: No static holiday table for year 2020. Install jpholiday or update market_calendar.py.
2026-09-20 06:09:56,819 [WARNING] leadlag.core.market_calendar: No static holiday table for year 2020. Install jpholiday or update market_calendar.py.
2026-09-20 06:09:56,819 [WARNING] leadlag.core.market_calendar: No static holiday table for year 2020. Install jpholiday or update market_calendar.py.
2026-09-20 06:09:56,819 [WARNING] leadlag.core.market_calendar: No static holiday table for year 2020. Install jpholiday or update market_calendar.py.
2026-09-20 06:09:56,819 [WARNING] leadlag.core.market_calendar: No static holiday table for year 2020. Install jpholiday or update market_calendar.py.
2026-09-20 06:09:56,819 [WARNING] leadlag.core.market_calendar: No static holiday table for year 2020. Install jpholiday or update market_calendar.py.
2026-09-20 06:09:56,819 [WARNING] leadlag.core.market_calendar: No static holiday table for year 2020. Install jpholiday or update market_calendar.py.
2026-09-20 06:09:56,819 [WARNING] leadlag.core.market_calendar: No static holiday table for year 2020. Install jpholiday or update market_calendar.py.
2026-09-20 06:09:56,820 [WARNING] leadlag.core.market_calendar: No static holiday table for year 2020. Install jpholiday or update market_calendar.py.
2026-09-20 06:09:56,820 [WARNING] leadlag.core.market_calendar: No static holiday table for year 2020. Install jpholiday or update market_calendar.py.
2026-09-20 06:09:56,820 [WARNING] leadlag.core.market_calendar: No static holiday table for year 2020. Install jpholiday or update market_calendar.py.
2026-09-20 06:09:56,820 [WARNING] leadlag.core.market_calendar: No static holiday table for year 2020. Install jpholiday or update market_calendar.py.
2026-09-20 06:09:56,820 [WARNING] leadlag.core.market_calendar: No static holiday table for year 2020. Install jpholiday or update market_calendar.py.
2026-09-20 06:09:56,820 [WARNING] leadlag.core.market_calendar: No static holiday table for year 2020. Install jpholiday or update market_calendar.py.
2026-09-20 06:09:56,820 [WARNING] leadlag.core.market_calendar: No static holiday table for year 2020. Install jpholiday or update market_calendar.py.
2026-09-20 06:09:56,820 [WARNING] leadlag.core.market_calendar: No static holiday table for year 2020. Install jpholiday or update market_calendar.py.
2026-09-20 06:09:56,821 [WARNING] leadlag.core.market_calendar: No static holiday table for year 2020. Install jpholiday or update market_calendar.py.
2026-09-20 06:09:56,821 [WARNING] leadlag.core.market_calendar: No static holiday table for year 2020. Install jpholiday or update market_calendar.py.
2026-09-20 06:09:56,821 [WARNING] leadlag.core.market_calendar: No static holiday table for year 2020. Install jpholiday or update market_calendar.py.
2026-09-20 06:09:56,821 [WARNING] leadlag.core.market_calendar: No static holiday table for year 2020. Install jpholiday or update market_calendar.py.
2026-09-20 06:09:56,821 [WARNING] leadlag.core.market_calendar: No static holiday table for year 2020. Install jpholiday or update market_calendar.py.
2026-09-20 06:09:56,821 [WARNING] leadlag.core.market_calendar: No static holiday table for year 2020. Install jpholiday or update market_calendar.py.
2026-09-20 06:09:56,821 [WARNING] leadlag.core.market_calendar: No static holiday table for year 2020. Install jpholiday or update market_calendar.py.
2026-09-20 06:09:56,822 [WARNING] leadlag.core.market_calendar: No static holiday table for year 2020. Install jpholiday or update market_calendar.py.
2026-09-20 06:09:56,822 [WARNING] leadlag.core.market_calendar: No static holiday table for year 2020. Install jpholiday or update market_calendar.py.
2026-09-20 06:09:56,822 [WARNING] leadlag.core.market_calendar: No static holiday table for year 2020. Install jpholiday or update market_calendar.py.
2026-09-20 06:09:56,822 [WARNING] leadlag.core.market_calendar: No static holiday table for year 2020. Install jpholiday or update market_calendar.py.
2026-09-20 06:09:56,822 [WARNING] leadlag.core.market_calendar: No static holiday table for year 2020. Install jpholiday or update market_calendar.py.
2026-09-20 06:09:56,822 [WARNING] leadlag.core.market_calendar: No static holiday table for year 2020. Install jpholiday or update market_calendar.py.
2026-09-20 06:09:56,822 [WARNING] leadlag.core.market_calendar: No static holiday table for year 2020. Install jpholiday or update market_calendar.py.
2026-09-20 06:09:56,822 [WARNING] leadlag.core.market_calendar: No static holiday table for year 2020. Install jpholiday or update market_calendar.py.
2026-09-20 06:09:56,823 [WARNING] leadlag.core.market_calendar: No static holiday table for year 2020. Install jpholiday or update market_calendar.py.
2026-09-20 06:09:56,823 [WARNING] leadlag.core.market_calendar: No static holiday table for year 2020. Install jpholiday or update market_calendar.py.
2026-09-20 06:09:56,823 [WARNING] leadlag.core.market_calendar: No static holiday table for year 2020. Install jpholiday or update market_calendar.py.
2026-09-20 06:09:56,823 [WARNING] leadlag.core.market_calendar: No static holiday table for year 2020. Install jpholiday or update market_calendar.py.
2026-09-20 06:09:56,823 [WARNING] leadlag.core.market_calendar: No static holiday table for year 2020. Install jpholiday or update market_calendar.py.
2026-09-20 06:09:56,823 [WARNING] leadlag.core.market_calendar: No static holiday table for year 2020. Install jpholiday or update market_calendar.py.
2026-09-20 06:09:56,823 [WARNING] leadlag.core.market_calendar: No static holiday table for year 2020. Install jpholiday or update market_calendar.py.
2026-09-20 06:09:56,824 [WARNING] leadlag.core.market_calendar: No static holiday table for year 2020. Install jpholiday or update market_calendar.py.
2026-09-20 06:09:56,824 [WARNING] leadlag.core.market_calendar: No static holiday table for year 2020. Install jpholiday or update market_calendar.py.
2026-09-20 06:09:56,824 [WARNING] leadlag.core.market_calendar: No static holiday table for year 2020. Install jpholiday or update market_calendar.py.
2026-09-20 06:09:56,824 [WARNING] leadlag.core.market_calendar: No static holiday table for year 2020. Install jpholiday or update market_calendar.py.
2026-09-20 06:09:56,824 [WARNING] leadlag.core.market_calendar: No static holiday table for year 2020. Install jpholiday or update market_calendar.py.
2026-09-20 06:09:56,824 [WARNING] leadlag.core.market_calendar: No static holiday table for year 2020. Install jpholiday or update market_calendar.py.
2026-09-20 06:09:56,824 [WARNING] leadlag.core.market_calendar: No static holiday table for year 2020. Install jpholiday or update market_calendar.py.
2026-09-20 06:09:56,824 [WARNING] leadlag.core.market_calendar: No static holiday table for year 2020. Install jpholiday or update market_calendar.py.
2026-09-20 06:09:56,825 [WARNING] leadlag.core.market_calendar: No static holiday table for year 2020. Install jpholiday or update market_calendar.py.
2026-09-20 06:09:56,825 [WARNING] leadlag.core.market_calendar: No static holiday table for year 2021. Install jpholiday or update market_calendar.py.
2026-09-20 06:09:56,825 [WARNING] leadlag.core.market_calendar: No static holiday table for year 2021. Install jpholiday or update market_calendar.py.
2026-09-20 06:09:56,825 [WARNING] leadlag.core.market_calendar: No static holiday table for year 2021. Install jpholiday or update market_calendar.py.
2026-09-20 06:09:56,825 [WARNING] leadlag.core.market_calendar: No static holiday table for year 2021. Install jpholiday or update market_calendar.py.
2026-09-20 06:09:56,825 [WARNING] leadlag.core.market_calendar: No static holiday table for year 2021. Install jpholiday or update market_calendar.py.
2026-09-20 06:09:56,826 [WARNING] leadlag.core.market_calendar: No static holiday table for year 2021. Install jpholiday or update market_calendar.py.
2026-09-20 06:09:56,826 [WARNING] leadlag.core.market_calendar: No static holiday table for year 2021. Install jpholiday or update market_calendar.py.
2026-09-20 06:09:56,826 [WARNING] leadlag.core.market_calendar: No static holiday table for year 2021. Install jpholiday or update market_calendar.py.
2026-09-20 06:09:56,826 [WARNING] leadlag.core.market_calendar: No static holiday table for year 2021. Install jpholiday or update market_calendar.py.
2026-09-20 06:09:56,826 [WARNING] leadlag.core.market_calendar: No static holiday table for year 2021. Install jpholiday or update market_calendar.py.
2026-09-20 06:09:56,826 [WARNING] leadlag.core.market_calendar: No static holiday table for year 2021. Install jpholiday or update market_calendar.py.
2026-09-20 06:09:56,826 [WARNING] leadlag.core.market_calendar: No static holiday table for year 2021. Install jpholiday or update market_calendar.py.
2026-09-20 06:09:56,827 [WARNING] leadlag.core.market_calendar: No static holiday table for year 2021. Install jpholiday or update market_calendar.py.
2026-09-20 06:09:56,827 [WARNING] leadlag.core.market_calendar: No static holiday table for year 2021. Install jpholiday or update market_calendar.py.
2026-09-20 06:09:56,827 [WARNING] leadlag.core.market_calendar: No static holiday table for year 2021. Install jpholiday or update market_calendar.py.
2026-09-20 06:09:56,827 [WARNING] leadlag.core.market_calendar: No static holiday table for year 2021. Install jpholiday or update market_calendar.py.
2026-09-20 06:09:56,827 [WARNING] leadlag.core.market_calendar: No static holiday table for year 2021. Install jpholiday or update market_calendar.py.
2026-09-20 06:09:56,827 [WARNING] leadlag.core.market_calendar: No static holiday table for year 2021. Install jpholiday or update market_calendar.py.
2026-09-20 06:09:56,828 [WARNING] leadlag.core.market_calendar: No static holiday table for year 2021. Install jpholiday or update market_calendar.py.
2026-09-20 06:09:56,828 [WARNING] leadlag.core.market_calendar: No static holiday table for year 2021. Install jpholiday or update market_calendar.py.
2026-09-20 06:09:56,828 [WARNING] leadlag.core.market_calendar: No static holiday table for year 2021. Install jpholiday or update market_calendar.py.
2026-09-20 06:09:56,828 [WARNING] leadlag.core.market_calendar: No static holiday table for year 2021. Install jpholiday or update market_calendar.py.
2026-09-20 06:09:56,828 [WARNING] leadlag.core.market_calendar: No static holiday table for year 2021. Install jpholiday or update market_calendar.py.
2026-09-20 06:09:56,828 [WARNING] leadlag.core.market_calendar: No static holiday table for year 2021. Install jpholiday or update market_calendar.py.
2026-09-20 06:09:56,828 [WARNING] leadlag.core.market_calendar: No static holiday table for year 2021. Install jpholiday or update market_calendar.py.
2026-09-20 06:09:56,829 [WARNING] leadlag.core.market_calendar: No static holiday table for year 2021. Install jpholiday or update market_calendar.py.
2026-09-20 06:09:56,829 [WARNING] leadlag.core.market_calendar: No static holiday table for year 2021. Install jpholiday or update market_calendar.py.
2026-09-20 06:09:56,829 [WARNING] leadlag.core.market_calendar: No static holiday table for year 2021. Install jpholiday or update market_calendar.py.
2026-09-20 06:09:56,829 [WARNING] leadlag.core.market_calendar: No static holiday table for year 2021. Install jpholiday or update market_calendar.py.
2026-09-20 06:09:56,829 [WARNING] leadlag.core.market_calendar: No static holiday table for year 2021. Install jpholiday or update market_calendar.py.
2026-09-20 06:09:56,829 [WARNING] leadlag.core.market_calendar: No static holiday table for year 2021. Install jpholiday or update market_calendar.py.
2026-09-20 06:09:56,829 [WARNING] leadlag.core.market_calendar: No static holiday table for year 2021. Install jpholiday or update market_calendar.py.
2026-09-20 06:09:56,830 [WARNING] leadlag.core.market_calendar: No static holiday table for year 2021. Install jpholiday or update market_calendar.py.
2026-09-20 06:09:56,830 [WARNING] leadlag.core.market_calendar: No static holiday table for year 2021. Install jpholiday or update market_calendar.py.
2026-09-20 06:09:56,830 [WARNING] leadlag.core.market_calendar: No static holiday table for year 2021. Install jpholiday or update market_calendar.py.
2026-09-20 06:09:56,830 [WARNING] leadlag.core.market_calendar: No static holiday table for year 2021. Install jpholiday or update market_calendar.py.
2026-09-20 06:09:56,830 [WARNING] leadlag.core.market_calendar: No static holiday table for year 2021. Install jpholiday or update market_calendar.py.
2026-09-20 06:09:56,830 [WARNING] leadlag.core.market_calendar: No static holiday table for year 2021. Install jpholiday or update market_calendar.py.
2026-09-20 06:09:56,830 [WARNING] leadlag.core.market_calendar: No static holiday table for year 2021. Install jpholiday or update market_calendar.py.
2026-09-20 06:09:56,831 [WARNING] leadlag.core.market_calendar: No static holiday table for year 2021. Install jpholiday or update market_calendar.py.
2026-09-20 06:09:56,831 [WARNING] leadlag.core.market_calendar: No static holiday table for year 2021. Install jpholiday or update market_calendar.py.
2026-09-20 06:09:56,831 [WARNING] leadlag.core.market_calendar: No static holiday table for year 2021. Install jpholiday or update market_calendar.py.
2026-09-20 06:09:56,831 [WARNING] leadlag.core.market_calendar: No static holiday table for year 2021. Install jpholiday or update market_calendar.py.
2026-09-20 06:09:56,831 [WARNING] leadlag.core.market_calendar: No static holiday table for year 2021. Install jpholiday or update market_calendar.py.
2026-09-20 06:09:56,831 [WARNING] leadlag.core.market_calendar: No static holiday table for year 2021. Install jpholiday or update market_calendar.py.
2026-09-20 06:09:56,832 [WARNING] leadlag.core.market_calendar: No static holiday table for year 2021. Install jpholiday or update market_calendar.py.
2026-09-20 06:09:56,832 [WARNING] leadlag.core.market_calendar: No static holiday table for year 2021. Install jpholiday or update market_calendar.py.
2026-09-20 06:09:56,832 [WARNING] leadlag.core.market_calendar: No static holiday table for year 2021. Install jpholiday or update market_calendar.py.
2026-09-20 06:09:56,832 [WARNING] leadlag.core.market_calendar: No static holiday table for year 2021. Install jpholiday or update market_calendar.py.
2026-09-20 06:09:56,832 [WARNING] leadlag.core.market_calendar: No static holiday table for year 2021. Install jpholiday or update market_calendar.py.
2026-09-20 06:09:56,832 [WARNING] leadlag.core.market_calendar: No static holiday table for year 2021. Install jpholiday or update market_calendar.py.
2026-09-20 06:09:56,833 [WARNING] leadlag.core.market_calendar: No static holiday table for year 2021. Install jpholiday or update market_calendar.py.
2026-09-20 06:09:56,833 [WARNING] leadlag.core.market_calendar: No static holiday table for year 2021. Install jpholiday or update market_calendar.py.
2026-09-20 06:09:56,833 [WARNING] leadlag.core.market_calendar: No static holiday table for year 2021. Install jpholiday or update market_calendar.py.
2026-09-20 06:09:56,833 [WARNING] leadlag.core.market_calendar: No static holiday table for year 2021. Install jpholiday or update market_calendar.py.
2026-09-20 06:09:56,833 [WARNING] leadlag.core.market_calendar: No static holiday table for year 2021. Install jpholiday or update market_calendar.py.
2026-09-20 06:09:56,834 [WARNING] leadlag.core.market_calendar: No static holiday table for year 2021. Install jpholiday or update market_calendar.py.
2026-09-20 06:09:56,834 [WARNING] leadlag.core.market_calendar: No static holiday table for year 2021. Install jpholiday or update market_calendar.py.
2026-09-20 06:09:56,834 [WARNING] leadlag.core.market_calendar: No static holiday table for year 2021. Install jpholiday or update market_calendar.py.
2026-09-20 06:09:56,834 [WARNING] leadlag.core.market_calendar: No static holiday table for year 2021. Install jpholiday or update market_calendar.py.
2026-09-20 06:09:56,834 [WARNING] leadlag.core.market_calendar: No static holiday table for year 2021. Install jpholiday or update market_calendar.py.
2026-09-20 06:09:56,834 [WARNING] leadlag.core.market_calendar: No static holiday table for year 2021. Install jpholiday or update market_calendar.py.
2026-09-20 06:09:56,835 [WARNING] leadlag.core.market_calendar: No static holiday table for year 2021. Install jpholiday or update market_calendar.py.
2026-09-20 06:09:56,835 [WARNING] leadlag.core.market_calendar: No static holiday table for year 2021. Install jpholiday or update market_calendar.py.
2026-09-20 06:09:56,835 [WARNING] leadlag.core.market_calendar: No static holiday table for year 2021. Install jpholiday or update market_calendar.py.
2026-09-20 06:09:56,835 [WARNING] leadlag.core.market_calendar: No static holiday table for year 2021. Install jpholiday or update market_calendar.py.
2026-09-20 06:09:56,835 [WARNING] leadlag.core.market_calendar: No static holiday table for year 2021. Install jpholiday or update market_calendar.py.
2026-09-20 06:09:56,835 [WARNING] leadlag.core.market_calendar: No static holiday table for year 2021. Install jpholiday or update market_calendar.py.
2026-09-20 06:09:56,835 [WARNING] leadlag.core.market_calendar: No static holiday table for year 2021. Install jpholiday or update market_calendar.py.
2026-09-20 06:09:56,836 [WARNING] leadlag.core.market_calendar: No static holiday table for year 2021. Install jpholiday or update market_calendar.py.
2026-09-20 06:09:56,836 [WARNING] leadlag.core.market_calendar: No static holiday table for year 2021. Install jpholiday or update market_calendar.py.
2026-09-20 06:09:56,836 [WARNING] leadlag.core.market_calendar: No static holiday table for year 2021. Install jpholiday or update market_calendar.py.
2026-09-20 06:09:56,836 [WARNING] leadlag.core.market_calendar: No static holiday table for year 2021. Install jpholiday or update market_calendar.py.
2026-09-20 06:09:56,836 [WARNING] leadlag.core.market_calendar: No static holiday table for year 2021. Install jpholiday or update market_calendar.py.
2026-09-20 06:09:56,836 [WARNING] leadlag.core.market_calendar: No static holiday table for year 2021. Install jpholiday or update market_calendar.py.
2026-09-20 06:09:56,836 [WARNING] leadlag.core.market_calendar: No static holiday table for year 2021. Install jpholiday or update market_calendar.py.
2026-09-20 06:09:56,836 [WARNING] leadlag.core.market_calendar: No static holiday table for year 2021. Install jpholiday or update market_calendar.py.
2026-09-20 06:09:56,837 [WARNING] leadlag.core.market_calendar: No static holiday table for year 2021. Install jpholiday or update market_calendar.py.
2026-09-20 06:09:56,837 [WARNING] leadlag.core.market_calendar: No static holiday table for year 2021. Install jpholiday or update market_calendar.py.
2026-09-20 06:09:56,837 [WARNING] leadlag.core.market_calendar: No static holiday table for year 2021. Install jpholiday or update market_calendar.py.
2026-09-20 06:09:56,837 [WARNING] leadlag.core.market_calendar: No static holiday table for year 2021. Install jpholiday or update market_calendar.py.
2026-09-20 06:09:56,837 [WARNING] leadlag.core.market_calendar: No static holiday table for year 2021. Install jpholiday or update market_calendar.py.
2026-09-20 06:09:56,837 [WARNING] leadlag.core.market_calendar: No static holiday table for year 2021. Install jpholiday or update market_calendar.py.
2026-09-20 06:09:56,837 [WARNING] leadlag.core.market_calendar: No static holiday table for year 2021. Install jpholiday or update market_calendar.py.
2026-09-20 06:09:56,838 [WARNING] leadlag.core.market_calendar: No static holiday table for year 2021. Install jpholiday or update market_calendar.py.
2026-09-20 06:09:56,838 [WARNING] leadlag.core.market_calendar: No static holiday table for year 2021. Install jpholiday or update market_calendar.py.
2026-09-20 06:09:56,838 [WARNING] leadlag.core.market_calendar: No static holiday table for year 2021. Install jpholiday or update market_calendar.py.
2026-09-20 06:09:56,838 [WARNING] leadlag.core.market_calendar: No static holiday table for year 2021. Install jpholiday or update market_calendar.py.
2026-09-20 06:09:56,838 [WARNING] leadlag.core.market_calendar: No static holiday table for year 2021. Install jpholiday or update market_calendar.py.
2026-09-20 06:09:56,838 [WARNING] leadlag.core.market_calendar: No static holiday table for year 2021. Install jpholiday or update market_calendar.py.
2026-09-20 06:09:56,838 [WARNING] leadlag.core.market_calendar: No static holiday table for year 2021. Install jpholiday or update market_calendar.py.
2026-09-20 06:09:56,838 [WARNING] leadlag.core.market_calendar: No static holiday table for year 2021. Install jpholiday or update market_calendar.py.
2026-09-20 06:09:56,839 [WARNING] leadlag.core.market_calendar: No static holiday table for year 2021. Install jpholiday or update market_calendar.py.
2026-09-20 06:09:56,839 [WARNING] leadlag.core.market_calendar: No static holiday table for year 2021. Install jpholiday or update market_calendar.py.
2026-09-20 06:09:56,839 [WARNING] leadlag.core.market_calendar: No static holiday table for year 2021. Install jpholiday or update market_calendar.py.
2026-09-20 06:09:56,839 [WARNING] leadlag.core.market_calendar: No static holiday table for year 2021. Install jpholiday or update market_calendar.py.
2026-09-20 06:09:56,839 [WARNING] leadlag.core.market_calendar: No static holiday table for year 2021. Install jpholiday or update market_calendar.py.
2026-09-20 06:09:56,839 [WARNING] leadlag.core.market_calendar: No static holiday table for year 2021. Install jpholiday or update market_calendar.py.
2026-09-20 06:09:56,839 [WARNING] leadlag.core.market_calendar: No static holiday table for year 2021. Install jpholiday or update market_calendar.py.
2026-09-20 06:09:56,840 [WARNING] leadlag.core.market_calendar: No static holiday table for year 2021. Install jpholiday or update market_calendar.py.
2026-09-20 06:09:56,840 [WARNING] leadlag.core.market_calendar: No static holiday table for year 2021. Install jpholiday or update market_calendar.py.
2026-09-20 06:09:56,840 [WARNING] leadlag.core.market_calendar: No static holiday table for year 2021. Install jpholiday or update market_calendar.py.
2026-09-20 06:09:56,840 [WARNING] leadlag.core.market_calendar: No static holiday table for year 2021. Install jpholiday or update market_calendar.py.
2026-09-20 06:09:56,840 [WARNING] leadlag.core.market_calendar: No static holiday table for year 2021. Install jpholiday or update market_calendar.py.
2026-09-20 06:09:56,840 [WARNING] leadlag.core.market_calendar: No static holiday table for year 2021. Install jpholiday or update market_calendar.py.
2026-09-20 06:09:56,840 [WARNING] leadlag.core.market_calendar: No static holiday table for year 2021. Install jpholiday or update market_calendar.py.
2026-09-20 06:09:56,840 [WARNING] leadlag.core.market_calendar: No static holiday table for year 2021. Install jpholiday or update market_calendar.py.
2026-09-20 06:09:56,841 [WARNING] leadlag.core.market_calendar: No static holiday table for year 2021. Install jpholiday or update market_calendar.py.
2026-09-20 06:09:56,841 [WARNING] leadlag.core.market_calendar: No static holiday table for year 2021. Install jpholiday or update market_calendar.py.
2026-09-20 06:09:56,841 [WARNING] leadlag.core.market_calendar: No static holiday table for year 2021. Install jpholiday or update market_calendar.py.
2026-09-20 06:09:56,841 [WARNING] leadlag.core.market_calendar: No static holiday table for year 2021. Install jpholiday or update market_calendar.py.
2026-09-20 06:09:56,841 [WARNING] leadlag.core.market_calendar: No static holiday table for year 2021. Install jpholiday or update market_calendar.py.
2026-09-20 06:09:56,841 [WARNING] leadlag.core.market_calendar: No static holiday table for year 2021. Install jpholiday or update market_calendar.py.
2026-09-20 06:09:56,841 [WARNING] leadlag.core.market_calendar: No static holiday table for year 2021. Install jpholiday or update market_calendar.py.
2026-09-20 06:09:56,842 [WARNING] leadlag.core.market_calendar: No static holiday table for year 2021. Install jpholiday or update market_calendar.py.
2026-09-20 06:09:56,842 [WARNING] leadlag.core.market_calendar: No static holiday table for year 2021. Install jpholiday or update market_calendar.py.
2026-09-20 06:09:56,842 [WARNING] leadlag.core.market_calendar: No static holiday table for year 2021. Install jpholiday or update market_calendar.py.
2026-09-20 06:09:56,842 [WARNING] leadlag.core.market_calendar: No static holiday table for year 2021. Install jpholiday or update market_calendar.py.
2026-09-20 06:09:56,842 [WARNING] leadlag.core.market_calendar: No static holiday table for year 2021. Install jpholiday or update market_calendar.py.
2026-09-20 06:09:56,842 [WARNING] leadlag.core.market_calendar: No static holiday table for year 2021. Install jpholiday or update market_calendar.py.
2026-09-20 06:09:56,842 [WARNING] leadlag.core.market_calendar: No static holiday table for year 2021. Install jpholiday or update market_calendar.py.
2026-09-20 06:09:56,843 [WARNING] leadlag.core.market_calendar: No static holiday table for year 2021. Install jpholiday or update market_calendar.py.
2026-09-20 06:09:56,843 [WARNING] leadlag.core.market_calendar: No static holiday table for year 2021. Install jpholiday or update market_calendar.py.
2026-09-20 06:09:56,843 [WARNING] leadlag.core.market_calendar: No static holiday table for year 2021. Install jpholiday or update market_calendar.py.
2026-09-20 06:09:56,843 [WARNING] leadlag.core.market_calendar: No static holiday table for year 2021. Install jpholiday or update market_calendar.py.
2026-09-20 06:09:56,843 [WARNING] leadlag.core.market_calendar: No static holiday table for year 2021. Install jpholiday or update market_calendar.py.
2026-09-20 06:09:56,843 [WARNING] leadlag.core.market_calendar: No static holiday table for year 2021. Install jpholiday or update market_calendar.py.
2026-09-20 06:09:56,843 [WARNING] leadlag.core.market_calendar: No static holiday table for year 2021. Install jpholiday or update market_calendar.py.
2026-09-20 06:09:56,843 [WARNING] leadlag.core.market_calendar: No static holiday table for year 2021. Install jpholiday or update market_calendar.py.
2026-09-20 06:09:56,844 [WARNING] leadlag.core.market_calendar: No static holiday table for year 2021. Install jpholiday or update market_calendar.py.
2026-09-20 06:09:56,844 [WARNING] leadlag.core.market_calendar: No static holiday table for year 2021. Install jpholiday or update market_calendar.py.
2026-09-20 06:09:56,844 [WARNING] leadlag.core.market_calendar: No static holiday table for year 2021. Install jpholiday or update market_calendar.py.
2026-09-20 06:09:56,844 [WARNING] leadlag.core.market_calendar: No static holiday table for year 2021. Install jpholiday or update market_calendar.py.
2026-09-20 06:09:56,844 [WARNING] leadlag.core.market_calendar: No static holiday table for year 2021. Install jpholiday or update market_calendar.py.
2026-09-20 06:09:56,844 [WARNING] leadlag.core.market_calendar: No static holiday table for year 2021. Install jpholiday or update market_calendar.py.
2026-09-20 06:09:56,844 [WARNING] leadlag.core.market_calendar: No static holiday table for year 2021. Install jpholiday or update market_calendar.py.
2026-09-20 06:09:56,845 [WARNING] leadlag.core.market_calendar: No static holiday table for year 2021. Install jpholiday or update market_calendar.py.
2026-09-20 06:09:56,845 [WARNING] leadlag.core.market_calendar: No static holiday table for year 2021. Install jpholiday or update market_calendar.py.
2026-09-20 06:09:56,845 [WARNING] leadlag.core.market_calendar: No static holiday table for year 2021. Install jpholiday or update market_calendar.py.
2026-09-20 06:09:56,845 [WARNING] leadlag.core.market_calendar: No static holiday table for year 2021. Install jpholiday or update market_calendar.py.
2026-09-20 06:09:56,845 [WARNING] leadlag.core.market_calendar: No static holiday table for year 2021. Install jpholiday or update market_calendar.py.
2026-09-20 06:09:56,845 [WARNING] leadlag.core.market_calendar: No static holiday table for year 2021. Install jpholiday or update market_calendar.py.
2026-09-20 06:09:56,845 [WARNING] leadlag.core.market_calendar: No static holiday table for year 2021. Install jpholiday or update market_calendar.py.
2026-09-20 06:09:56,846 [WARNING] leadlag.core.market_calendar: No static holiday table for year 2021. Install jpholiday or update market_calendar.py.
2026-09-20 06:09:56,846 [WARNING] leadlag.core.market_calendar: No static holiday table for year 2021. Install jpholiday or update market_calendar.py.
2026-09-20 06:09:56,846 [WARNING] leadlag.core.market_calendar: No static holiday table for year 2021. Install jpholiday or update market_calendar.py.
2026-09-20 06:09:56,846 [WARNING] leadlag.core.market_calendar: No static holiday table for year 2021. Install jpholiday or update market_calendar.py.
2026-09-20 06:09:56,846 [WARNING] leadlag.core.market_calendar: No static holiday table for year 2021. Install jpholiday or update market_calendar.py.
2026-09-20 06:09:56,846 [WARNING] leadlag.core.market_calendar: No static holiday table for year 2021. Install jpholiday or update market_calendar.py.
2026-09-20 06:09:56,846 [WARNING] leadlag.core.market_calendar: No static holiday table for year 2021. Install jpholiday or update market_calendar.py.
2026-09-20 06:09:56,847 [WARNING] leadlag.core.market_calendar: No static holiday table for year 2021. Install jpholiday or update market_calendar.py.
2026-09-20 06:09:56,847 [WARNING] leadlag.core.market_calendar: No static holiday table for year 2021. Install jpholiday or update market_calendar.py.
2026-09-20 06:09:56,847 [WARNING] leadlag.core.market_calendar: No static holiday table for year 2021. Install jpholiday or update market_calendar.py.
2026-09-20 06:09:56,847 [WARNING] leadlag.core.market_calendar: No static holiday table for year 2021. Install jpholiday or update market_calendar.py.
2026-09-20 06:09:56,847 [WARNING] leadlag.core.market_calendar: No static holiday table for year 2021. Install jpholiday or update market_calendar.py.
2026-09-20 06:09:56,847 [WARNING] leadlag.core.market_calendar: No static holiday table for year 2021. Install jpholiday or update market_calendar.py.
2026-09-20 06:09:56,847 [WARNING] leadlag.core.market_calendar: No static holiday table for year 2021. Install jpholiday or update market_calendar.py.
2026-09-20 06:09:56,847 [WARNING] leadlag.core.market_calendar: No static holiday table for year 2021. Install jpholiday or update market_calendar.py.
2026-09-20 06:09:56,848 [WARNING] leadlag.core.market_calendar: No static holiday table for year 2021. Install jpholiday or update market_calendar.py.
2026-09-20 06:09:56,848 [WARNING] leadlag.core.market_calendar: No static holiday table for year 2021. Install jpholiday or update market_calendar.py.
2026-09-20 06:09:56,848 [WARNING] leadlag.core.market_calendar: No static holiday table for year 2021. Install jpholiday or update market_calendar.py.
2026-09-20 06:09:56,848 [WARNING] leadlag.core.market_calendar: No static holiday table for year 2021. Install jpholiday or update market_calendar.py.
2026-09-20 06:09:56,848 [WARNING] leadlag.core.market_calendar: No static holiday table for year 2021. Install jpholiday or update market_calendar.py.
2026-09-20 06:09:56,848 [WARNING] leadlag.core.market_calendar: No static holiday table for year 2021. Install jpholiday or update market_calendar.py.
2026-09-20 06:09:56,849 [WARNING] leadlag.core.market_calendar: No static holiday table for year 2021. Install jpholiday or update market_calendar.py.
2026-09-20 06:09:56,849 [WARNING] leadlag.core.market_calendar: No static holiday table for year 2021. Install jpholiday or update market_calendar.py.
2026-09-20 06:09:56,849 [WARNING] leadlag.core.market_calendar: No static holiday table for year 2021. Install jpholiday or update market_calendar.py.
2026-09-20 06:09:56,849 [WARNING] leadlag.core.market_calendar: No static holiday table for year 2021. Install jpholiday or update market_calendar.py.
2026-09-20 06:09:56,849 [WARNING] leadlag.core.market_calendar: No static holiday table for year 2021. Install jpholiday or update market_calendar.py.
2026-09-20 06:09:56,850 [WARNING] leadlag.core.market_calendar: No static holiday table for year 2021. Install jpholiday or update market_calendar.py.
2026-09-20 06:09:56,850 [WARNING] leadlag.core.market_calendar: No static holiday table for year 2021. Install jpholiday or update market_calendar.py.
2026-09-20 06:09:56,850 [WARNING] leadlag.core.market_calendar: No static holiday table for year 2021. Install jpholiday or update market_calendar.py.
2026-09-20 06:09:56,850 [WARNING] leadlag.core.market_calendar: No static holiday table for year 2021. Install jpholiday or update market_calendar.py.
2026-09-20 06:09:56,850 [WARNING] leadlag.core.market_calendar: No static holiday table for year 2021. Install jpholiday or update market_calendar.py.
2026-09-20 06:09:56,851 [WARNING] leadlag.core.market_calendar: No static holiday table for year 2021. Install jpholiday or update market_calendar.py.
2026-09-20 06:09:56,851 [WARNING] leadlag.core.market_calendar: No static holiday table for year 2021. Install jpholiday or update market_calendar.py.
2026-09-20 06:09:56,851 [WARNING] leadlag.core.market_calendar: No static holiday table for year 2021. Install jpholiday or update market_calendar.py.
2026-09-20 06:09:56,851 [WARNING] leadlag.core.market_calendar: No static holiday table for year 2021. Install jpholiday or update market_calendar.py.
2026-09-20 06:09:56,852 [WARNING] leadlag.core.market_calendar: No static holiday table for year 2021. Install jpholiday or update market_calendar.py.
2026-09-20 06:09:56,852 [WARNING] leadlag.core.market_calendar: No static holiday table for year 2021. Install jpholiday or update market_calendar.py.
2026-09-20 06:09:56,852 [WARNING] leadlag.core.market_calendar: No static holiday table for year 2021. Install jpholiday or update market_calendar.py.
2026-09-20 06:09:56,852 [WARNING] leadlag.core.market_calendar: No static holiday table for year 2021. Install jpholiday or update market_calendar.py.
2026-09-20 06:09:56,852 [WARNING] leadlag.core.market_calendar: No static holiday table for year 2021. Install jpholiday or update market_calendar.py.
2026-09-20 06:09:56,853 [WARNING] leadlag.core.market_calendar: No static holiday table for year 2021. Install jpholiday or update market_calendar.py.
2026-09-20 06:09:56,853 [WARNING] leadlag.core.market_calendar: No static holiday table for year 2021. Install jpholiday or update market_calendar.py.
2026-09-20 06:09:56,853 [WARNING] leadlag.core.market_calendar: No static holiday table for year 2021. Install jpholiday or update market_calendar.py.
2026-09-20 06:09:56,853 [WARNING] leadlag.core.market_calendar: No static holiday table for year 2021. Install jpholiday or update market_calendar.py.
2026-09-20 06:09:56,853 [WARNING] leadlag.core.market_calendar: No static holiday table for year 2021. Install jpholiday or update market_calendar.py.
2026-09-20 06:09:56,853 [WARNING] leadlag.core.market_calendar: No static holiday table for year 2021. Install jpholiday or update market_calendar.py.
2026-09-20 06:09:56,853 [WARNING] leadlag.core.market_calendar: No static holiday table for year 2021. Install jpholiday or update market_calendar.py.
2026-09-20 06:09:56,854 [WARNING] leadlag.core.market_calendar: No static holiday table for year 2021. Install jpholiday or update market_calendar.py.
2026-09-20 06:09:56,854 [WARNING] leadlag.core.market_calendar: No static holiday table for year 2021. Install jpholiday or update market_calendar.py.
2026-09-20 06:09:56,854 [WARNING] leadlag.core.market_calendar: No static holiday table for year 2021. Install jpholiday or update market_calendar.py.
2026-09-20 06:09:56,854 [WARNING] leadlag.core.market_calendar: No static holiday table for year 2021. Install jpholiday or update market_calendar.py.
2026-09-20 06:09:56,854 [WARNING] leadlag.core.market_calendar: No static holiday table for year 2021. Install jpholiday or update market_calendar.py.
2026-09-20 06:09:56,854 [WARNING] leadlag.core.market_calendar: No static holiday table for year 2021. Install jpholiday or update market_calendar.py.
2026-09-20 06:09:56,854 [WARNING] leadlag.core.market_calendar: No static holiday table for year 2021. Install jpholiday or update market_calendar.py.
2026-09-20 06:09:56,855 [WARNING] leadlag.core.market_calendar: No static holiday table for year 2021. Install jpholiday or update market_calendar.py.
2026-09-20 06:09:56,855 [WARNING] leadlag.core.market_calendar: No static holiday table for year 2021. Install jpholiday or update market_calendar.py.
2026-09-20 06:09:56,855 [WARNING] leadlag.core.market_calendar: No static holiday table for year 2021. Install jpholiday or update market_calendar.py.
2026-09-20 06:09:56,855 [WARNING] leadlag.core.market_calendar: No static holiday table for year 2021. Install jpholiday or update market_calendar.py.
2026-09-20 06:09:56,855 [WARNING] leadlag.core.market_calendar: No static holiday table for year 2021. Install jpholiday or update market_calendar.py.
2026-09-20 06:09:56,855 [WARNING] leadlag.core.market_calendar: No static holiday table for year 2021. Install jpholiday or update market_calendar.py.
2026-09-20 06:09:56,855 [WARNING] leadlag.core.market_calendar: No static holiday table for year 2021. Install jpholiday or update market_calendar.py.
2026-09-20 06:09:56,856 [WARNING] leadlag.core.market_calendar: No static holiday table for year 2021. Install jpholiday or update market_calendar.py.
2026-09-20 06:09:56,856 [WARNING] leadlag.core.market_calendar: No static holiday table for year 2021. Install jpholiday or update market_calendar.py.
2026-09-20 06:09:56,856 [WARNING] leadlag.core.market_calendar: No static holiday table for year 2021. Install jpholiday or update market_calendar.py.
2026-09-20 06:09:56,856 [WARNING] leadlag.core.market_calendar: No static holiday table for year 2021. Install jpholiday or update market_calendar.py.
2026-09-20 06:09:56,856 [WARNING] leadlag.core.market_calendar: No static holiday table for year 2021. Install jpholiday or update market_calendar.py.
2026-09-20 06:09:56,856 [WARNING] leadlag.core.market_calendar: No static holiday table for year 2021. Install jpholiday or update market_calendar.py.
2026-09-20 06:09:56,856 [WARNING] leadlag.core.market_calendar: No static holiday table for year 2021. Install jpholiday or update market_calendar.py.
2026-09-20 06:09:56,857 [WARNING] leadlag.core.market_calendar: No static holiday table for year 2021. Install jpholiday or update market_calendar.py.
2026-09-20 06:09:56,857 [WARNING] leadlag.core.market_calendar: No static holiday table for year 2021. Install jpholiday or update market_calendar.py.
2026-09-20 06:09:56,857 [WARNING] leadlag.core.market_calendar: No static holiday table for year 2021. Install jpholiday or update market_calendar.py.
2026-09-20 06:09:56,857 [WARNING] leadlag.core.market_calendar: No static holiday table for year 2021. Install jpholiday or update market_calendar.py.
2026-09-20 06:09:56,857 [WARNING] leadlag.core.market_calendar: No static holiday table for year 2021. Install jpholiday or update market_calendar.py.
2026-09-20 06:09:56,857 [WARNING] leadlag.core.market_calendar: No static holiday table for year 2021. Install jpholiday or update market_calendar.py.
2026-09-20 06:09:56,857 [WARNING] leadlag.core.market_calendar: No static holiday table for year 2021. Install jpholiday or update market_calendar.py.
2026-09-20 06:09:56,857 [WARNING] leadlag.core.market_calendar: No static holiday table for year 2021. Install jpholiday or update market_calendar.py.
2026-09-20 06:09:56,858 [WARNING] leadlag.core.market_calendar: No static holiday table for year 2021. Install jpholiday or update market_calendar.py.
2026-09-20 06:09:56,858 [WARNING] leadlag.core.market_calendar: No static holiday table for year 2021. Install jpholiday or update market_calendar.py.
2026-09-20 06:09:56,858 [WARNING] leadlag.core.market_calendar: No static holiday table for year 2021. Install jpholiday or update market_calendar.py.
2026-09-20 06:09:56,858 [WARNING] leadlag.core.market_calendar: No static holiday table for year 2021. Install jpholiday or update market_calendar.py.
2026-09-20 06:09:56,858 [WARNING] leadlag.core.market_calendar: No static holiday table for year 2021. Install jpholiday or update market_calendar.py.
2026-09-20 06:09:56,858 [WARNING] leadlag.core.market_calendar: No static holiday table for year 2021. Install jpholiday or update market_calendar.py.
2026-09-20 06:09:56,858 [WARNING] leadlag.core.market_calendar: No static holiday table for year 2021. Install jpholiday or update market_calendar.py.
2026-09-20 06:09:56,859 [WARNING] leadlag.core.market_calendar: No static holiday table for year 2021. Install jpholiday or update market_calendar.py.
2026-09-20 06:09:56,859 [WARNING] leadlag.core.market_calendar: No static holiday table for year 2021. Install jpholiday or update market_calendar.py.
2026-09-20 06:09:56,859 [WARNING] leadlag.core.market_calendar: No static holiday table for year 2021. Install jpholiday or update market_calendar.py.
2026-09-20 06:09:56,859 [WARNING] leadlag.core.market_calendar: No static holiday table for year 2021. Install jpholiday or update market_calendar.py.
2026-09-20 06:09:56,859 [WARNING] leadlag.core.market_calendar: No static holiday table for year 2021. Install jpholiday or update market_calendar.py.
2026-09-20 06:09:56,859 [WARNING] leadlag.core.market_calendar: No static holiday table for year 2021. Install jpholiday or update market_calendar.py.
2026-09-20 06:09:56,859 [WARNING] leadlag.core.market_calendar: No static holiday table for year 2021. Install jpholiday or update market_calendar.py.
2026-09-20 06:09:56,860 [WARNING] leadlag.core.market_calendar: No static holiday table for year 2021. Install jpholiday or update market_calendar.py.
2026-09-20 06:09:56,860 [WARNING] leadlag.core.market_calendar: No static holiday table for year 2021. Install jpholiday or update market_calendar.py.
2026-09-20 06:09:56,860 [WARNING] leadlag.core.market_calendar: No static holiday table for year 2021. Install jpholiday or update market_calendar.py.
2026-09-20 06:09:56,860 [WARNING] leadlag.core.market_calendar: No static holiday table for year 2021. Install jpholiday or update market_calendar.py.
2026-09-20 06:09:56,860 [WARNING] leadlag.core.market_calendar: No static holiday table for year 2021. Install jpholiday or update market_calendar.py.
2026-09-20 06:09:56,860 [WARNING] leadlag.core.market_calendar: No static holiday table for year 2021. Install jpholiday or update market_calendar.py.
2026-09-20 06:09:56,860 [WARNING] leadlag.core.market_calendar: No static holiday table for year 2021. Install jpholiday or update market_calendar.py.
2026-09-20 06:09:56,860 [WARNING] leadlag.core.market_calendar: No static holiday table for year 2021. Install jpholiday or update market_calendar.py.
2026-09-20 06:09:56,861 [WARNING] leadlag.core.market_calendar: No static holiday table for year 2021. Install jpholiday or update market_calendar.py.
2026-09-20 06:09:56,861 [WARNING] leadlag.core.market_calendar: No static holiday table for year 2021. Install jpholiday or update market_calendar.py.
2026-09-20 06:09:56,861 [WARNING] leadlag.core.market_calendar: No static holiday table for year 2021. Install jpholiday or update market_calendar.py.
2026-09-20 06:09:56,861 [WARNING] leadlag.core.market_calendar: No static holiday table for year 2021. Install jpholiday or update market_calendar.py.
2026-09-20 06:09:56,861 [WARNING] leadlag.core.market_calendar: No static holiday table for year 2022. Install jpholiday or update market_calendar.py.
2026-09-20 06:09:56,861 [WARNING] leadlag.core.market_calendar: No static holiday table for year 2022. Install jpholiday or update market_calendar.py.
2026-09-20 06:09:56,862 [WARNING] leadlag.core.market_calendar: No static holiday table for year 2022. Install jpholiday or update market_calendar.py.
2026-09-20 06:09:56,862 [WARNING] leadlag.core.market_calendar: No static holiday table for year 2022. Install jpholiday or update market_calendar.py.
2026-09-20 06:09:56,862 [WARNING] leadlag.core.market_calendar: No static holiday table for year 2022. Install jpholiday or update market_calendar.py.
2026-09-20 06:09:56,862 [WARNING] leadlag.core.market_calendar: No static holiday table for year 2022. Install jpholiday or update market_calendar.py.
2026-09-20 06:09:56,862 [WARNING] leadlag.core.market_calendar: No static holiday table for year 2022. Install jpholiday or update market_calendar.py.
2026-09-20 06:09:56,862 [WARNING] leadlag.core.market_calendar: No static holiday table for year 2022. Install jpholiday or update market_calendar.py.
2026-09-20 06:09:56,862 [WARNING] leadlag.core.market_calendar: No static holiday table for year 2022. Install jpholiday or update market_calendar.py.
2026-09-20 06:09:56,863 [WARNING] leadlag.core.market_calendar: No static holiday table for year 2022. Install jpholiday or update market_calendar.py.
2026-09-20 06:09:56,863 [WARNING] leadlag.core.market_calendar: No static holiday table for year 2022. Install jpholiday or update market_calendar.py.
2026-09-20 06:09:56,863 [WARNING] leadlag.core.market_calendar: No static holiday table for year 2022. Install jpholiday or update market_calendar.py.
2026-09-20 06:09:56,863 [WARNING] leadlag.core.market_calendar: No static holiday table for year 2022. Install jpholiday or update market_calendar.py.
2026-09-20 06:09:56,863 [WARNING] leadlag.core.market_calendar: No static holiday table for year 2022. Install jpholiday or update market_calendar.py.
2026-09-20 06:09:56,863 [WARNING] leadlag.core.market_calendar: No static holiday table for year 2022. Install jpholiday or update market_calendar.py.
2026-09-20 06:09:56,864 [WARNING] leadlag.core.market_calendar: No static holiday table for year 2022. Install jpholiday or update market_calendar.py.
2026-09-20 06:09:56,864 [WARNING] leadlag.core.market_calendar: No static holiday table for year 2022. Install jpholiday or update market_calendar.py.
2026-09-20 06:09:56,864 [WARNING] leadlag.core.market_calendar: No static holiday table for year 2022. Install jpholiday or update market_calendar.py.
2026-09-20 06:09:56,864 [WARNING] leadlag.core.market_calendar: No static holiday table for year 2022. Install jpholiday or update market_calendar.py.
2026-09-20 06:09:56,864 [WARNING] leadlag.core.market_calendar: No static holiday table for year 2022. Install jpholiday or update market_calendar.py.
2026-09-20 06:09:56,864 [WARNING] leadlag.core.market_calendar: No static holiday table for year 2022. Install jpholiday or update market_calendar.py.
2026-09-20 06:09:56,864 [WARNING] leadlag.core.market_calendar: No static holiday table for year 2022. Install jpholiday or update market_calendar.py.
2026-09-20 06:09:56,865 [WARNING] leadlag.core.market_calendar: No static holiday table for year 2022. Install jpholiday or update market_calendar.py.
2026-09-20 06:09:56,865 [WARNING] leadlag.core.market_calendar: No static holiday table for year 2022. Install jpholiday or update market_calendar.py.
2026-09-20 06:09:56,865 [WARNING] leadlag.core.market_calendar: No static holiday table for year 2022. Install jpholiday or update market_calendar.py.
2026-09-20 06:09:56,865 [WARNING] leadlag.core.market_calendar: No static holiday table for year 2022. Install jpholiday or update market_calendar.py.
2026-09-20 06:09:56,865 [WARNING] leadlag.core.market_calendar: No static holiday table for year 2022. Install jpholiday or update market_calendar.py.
2026-09-20 06:09:56,865 [WARNING] leadlag.core.market_calendar: No static holiday table for year 2022. Install jpholiday or update market_calendar.py.
2026-09-20 06:09:56,865 [WARNING] leadlag.core.market_calendar: No static holiday table for year 2022. Install jpholiday or update market_calendar.py.
2026-09-20 06:09:56,866 [WARNING] leadlag.core.market_calendar: No static holiday table for year 2022. Install jpholiday or update market_calendar.py.
2026-09-20 06:09:56,866 [WARNING] leadlag.core.market_calendar: No static holiday table for year 2022. Install jpholiday or update market_calendar.py.
2026-09-20 06:09:56,866 [WARNING] leadlag.core.market_calendar: No static holiday table for year 2022. Install jpholiday or update market_calendar.py.
2026-09-20 06:09:56,866 [WARNING] leadlag.core.market_calendar: No static holiday table for year 2022. Install jpholiday or update market_calendar.py.
2026-09-20 06:09:56,866 [WARNING] leadlag.core.market_calendar: No static holiday table for year 2022. Install jpholiday or update market_calendar.py.
2026-09-20 06:09:56,866 [WARNING] leadlag.core.market_calendar: No static holiday table for year 2022. Install jpholiday or update market_calendar.py.
2026-09-20 06:09:56,866 [WARNING] leadlag.core.market_calendar: No static holiday table for year 2022. Install jpholiday or update market_calendar.py.
2026-09-20 06:09:56,867 [WARNING] leadlag.core.market_calendar: No static holiday table for year 2022. Install jpholiday or update market_calendar.py.
2026-09-20 06:09:56,867 [WARNING] leadlag.core.market_calendar: No static holiday table for year 2022. Install jpholiday or update market_calendar.py.
2026-09-20 06:09:56,867 [WARNING] leadlag.core.market_calendar: No static holiday table for year 2022. Install jpholiday or update market_calendar.py.
2026-09-20 06:09:56,867 [WARNING] leadlag.core.market_calendar: No static holiday table for year 2022. Install jpholiday or update market_calendar.py.
2026-09-20 06:09:56,867 [WARNING] leadlag.core.market_calendar: No static holiday table for year 2022. Install jpholiday or update market_calendar.py.
2026-09-20 06:09:56,867 [WARNING] leadlag.core.market_calendar: No static holiday table for year 2022. Install jpholiday or update market_calendar.py.
2026-09-20 06:09:56,868 [WARNING] leadlag.core.market_calendar: No static holiday table for year 2022. Install jpholiday or update market_calendar.py.
2026-09-20 06:09:56,868 [WARNING] leadlag.core.market_calendar: No static holiday table for year 2022. Install jpholiday or update market_calendar.py.
2026-09-20 06:09:56,868 [WARNING] leadlag.core.market_calendar: No static holiday table for year 2022. Install jpholiday or update market_calendar.py.
2026-09-20 06:09:56,868 [WARNING] leadlag.core.market_calendar: No static holiday table for year 2022. Install jpholiday or update market_calendar.py.
2026-09-20 06:09:56,868 [WARNING] leadlag.core.market_calendar: No static holiday table for year 2022. Install jpholiday or update market_calendar.py.
2026-09-20 06:09:56,868 [WARNING] leadlag.core.market_calendar: No static holiday table for year 2022. Install jpholiday or update market_calendar.py.
2026-09-20 06:09:56,869 [WARNING] leadlag.core.market_calendar: No static holiday table for year 2022. Install jpholiday or update market_calendar.py.
2026-09-20 06:09:56,869 [WARNING] leadlag.core.market_calendar: No static holiday table for year 2022. Install jpholiday or update market_calendar.py.
2026-09-20 06:09:56,869 [WARNING] leadlag.core.market_calendar: No static holiday table for year 2022. Install jpholiday or update market_calendar.py.
2026-09-20 06:09:56,869 [WARNING] leadlag.core.market_calendar: No static holiday table for year 2022. Install jpholiday or update market_calendar.py.
2026-09-20 06:09:56,869 [WARNING] leadlag.core.market_calendar: No static holiday table for year 2022. Install jpholiday or update market_calendar.py.
2026-09-20 06:09:56,870 [WARNING] leadlag.core.market_calendar: No static holiday table for year 2022. Install jpholiday or update market_calendar.py.
2026-09-20 06:09:56,870 [WARNING] leadlag.core.market_calendar: No static holiday table for year 2022. Install jpholiday or update market_calendar.py.
2026-09-20 06:09:56,870 [WARNING] leadlag.core.market_calendar: No static holiday table for year 2022. Install jpholiday or update market_calendar.py.
2026-09-20 06:09:56,870 [WARNING] leadlag.core.market_calendar: No static holiday table for year 2022. Install jpholiday or update market_calendar.py.
2026-09-20 06:09:56,870 [WARNING] leadlag.core.market_calendar: No static holiday table for year 2022. Install jpholiday or update market_calendar.py.
2026-09-20 06:09:56,870 [WARNING] leadlag.core.market_calendar: No static holiday table for year 2022. Install jpholiday or update market_calendar.py.
2026-09-20 06:09:56,870 [WARNING] leadlag.core.market_calendar: No static holiday table for year 2022. Install jpholiday or update market_calendar.py.
2026-09-20 06:09:56,871 [WARNING] leadlag.core.market_calendar: No static holiday table for year 2022. Install jpholiday or update market_calendar.py.
2026-09-20 06:09:56,871 [WARNING] leadlag.core.market_calendar: No static holiday table for year 2022. Install jpholiday or update market_calendar.py.
2026-09-20 06:09:56,871 [WARNING] leadlag.core.market_calendar: No static holiday table for year 2022. Install jpholiday or update market_calendar.py.
2026-09-20 06:09:56,871 [WARNING] leadlag.core.market_calendar: No static holiday table for year 2022. Install jpholiday or update market_calendar.py.
2026-09-20 06:09:56,871 [WARNING] leadlag.core.market_calendar: No static holiday table for year 2022. Install jpholiday or update market_calendar.py.
2026-09-20 06:09:56,871 [WARNING] leadlag.core.market_calendar: No static holiday table for year 2022. Install jpholiday or update market_calendar.py.
2026-09-20 06:09:56,871 [WARNING] leadlag.core.market_calendar: No static holiday table for year 2022. Install jpholiday or update market_calendar.py.
2026-09-20 06:09:56,872 [WARNING] leadlag.core.market_calendar: No static holiday table for year 2022. Install jpholiday or update market_calendar.py.
2026-09-20 06:09:56,872 [WARNING] leadlag.core.market_calendar: No static holiday table for year 2022. Install jpholiday or update market_calendar.py.
2026-09-20 06:09:56,872 [WARNING] leadlag.core.market_calendar: No static holiday table for year 2022. Install jpholiday or update market_calendar.py.
2026-09-20 06:09:56,872 [WARNING] leadlag.core.market_calendar: No static holiday table for year 2022. Install jpholiday or update market_calendar.py.
2026-09-20 06:09:56,872 [WARNING] leadlag.core.market_calendar: No static holiday table for year 2022. Install jpholiday or update market_calendar.py.
2026-09-20 06:09:56,872 [WARNING] leadlag.core.market_calendar: No static holiday table for year 2022. Install jpholiday or update market_calendar.py.
2026-09-20 06:09:56,872 [WARNING] leadlag.core.market_calendar: No static holiday table for year 2022. Install jpholiday or update market_calendar.py.
2026-09-20 06:09:56,872 [WARNING] leadlag.core.market_calendar: No static holiday table for year 2022. Install jpholiday or update market_calendar.py.
2026-09-20 06:09:56,873 [WARNING] leadlag.core.market_calendar: No static holiday table for year 2022. Install jpholiday or update market_calendar.py.
2026-09-20 06:09:56,873 [WARNING] leadlag.core.market_calendar: No static holiday table for year 2022. Install jpholiday or update market_calendar.py.
2026-09-20 06:09:56,873 [WARNING] leadlag.core.market_calendar: No static holiday table for year 2022. Install jpholiday or update market_calendar.py.
2026-09-20 06:09:56,873 [WARNING] leadlag.core.market_calendar: No static holiday table for year 2022. Install jpholiday or update market_calendar.py.
2026-09-20 06:09:56,873 [WARNING] leadlag.core.market_calendar: No static holiday table for year 2022. Install jpholiday or update market_calendar.py.
2026-09-20 06:09:56,873 [WARNING] leadlag.core.market_calendar: No static holiday table for year 2022. Install jpholiday or update market_calendar.py.
2026-09-20 06:09:56,873 [WARNING] leadlag.core.market_calendar: No static holiday table for year 2022. Install jpholiday or update market_calendar.py.
2026-09-20 06:09:56,874 [WARNING] leadlag.core.market_calendar: No static holiday table for year 2022. Install jpholiday or update market_calendar.py.
2026-09-20 06:09:56,874 [WARNING] leadlag.core.market_calendar: No static holiday table for year 2022. Install jpholiday or update market_calendar.py.
2026-09-20 06:09:56,874 [WARNING] leadlag.core.market_calendar: No static holiday table for year 2022. Install jpholiday or update market_calendar.py.
2026-09-20 06:09:56,874 [WARNING] leadlag.core.market_calendar: No static holiday table for year 2022. Install jpholiday or update market_calendar.py.
2026-09-20 06:09:56,874 [WARNING] leadlag.core.market_calendar: No static holiday table for year 2022. Install jpholiday or update market_calendar.py.
2026-09-20 06:09:56,874 [WARNING] leadlag.core.market_calendar: No static holiday table for year 2022. Install jpholiday or update market_calendar.py.
2026-09-20 06:09:56,874 [WARNING] leadlag.core.market_calendar: No static holiday table for year 2022. Install jpholiday or update market_calendar.py.
2026-09-20 06:09:56,875 [WARNING] leadlag.core.market_calendar: No static holiday table for year 2022. Install jpholiday or update market_calendar.py.
2026-09-20 06:09:56,875 [WARNING] leadlag.core.market_calendar: No static holiday table for year 2022. Install jpholiday or update market_calendar.py.
2026-09-20 06:09:56,875 [WARNING] leadlag.core.market_calendar: No static holiday table for year 2022. Install jpholiday or update market_calendar.py.
2026-09-20 06:09:56,875 [WARNING] leadlag.core.market_calendar: No static holiday table for year 2022. Install jpholiday or update market_calendar.py.
2026-09-20 06:09:56,875 [WARNING] leadlag.core.market_calendar: No static holiday table for year 2022. Install jpholiday or update market_calendar.py.
2026-09-20 06:09:56,875 [WARNING] leadlag.core.market_calendar: No static holiday table for year 2022. Install jpholiday or update market_calendar.py.
2026-09-20 06:09:56,875 [WARNING] leadlag.core.market_calendar: No static holiday table for year 2022. Install jpholiday or update market_calendar.py.
2026-09-20 06:09:56,875 [WARNING] leadlag.core.market_calendar: No static holiday table for year 2022. Install jpholiday or update market_calendar.py.
2026-09-20 06:09:56,876 [WARNING] leadlag.core.market_calendar: No static holiday table for year 2022. Install jpholiday or update market_calendar.py.
2026-09-20 06:09:56,876 [WARNING] leadlag.core.market_calendar: No static holiday table for year 2022. Install jpholiday or update market_calendar.py.
2026-09-20 06:09:56,876 [WARNING] leadlag.core.market_calendar: No static holiday table for year 2022. Install jpholiday or update market_calendar.py.
2026-09-20 06:09:56,876 [WARNING] leadlag.core.market_calendar: No static holiday table for year 2022. Install jpholiday or update market_calendar.py.
2026-09-20 06:09:56,876 [WARNING] leadlag.core.market_calendar: No static holiday table for year 2022. Install jpholiday or update market_calendar.py.
2026-09-20 06:09:56,876 [WARNING] leadlag.core.market_calendar: No static holiday table for year 2022. Install jpholiday or update market_calendar.py.
2026-09-20 06:09:56,876 [WARNING] leadlag.core.market_calendar: No static holiday table for year 2022. Install jpholiday or update market_calendar.py.
2026-09-20 06:09:56,877 [WARNING] leadlag.core.market_calendar: No static holiday table for year 2022. Install jpholiday or update market_calendar.py.
2026-09-20 06:09:56,877 [WARNING] leadlag.core.market_calendar: No static holiday table for year 2022. Install jpholiday or update market_calendar.py.
2026-09-20 06:09:56,877 [WARNING] leadlag.core.market_calendar: No static holiday table for year 2022. Install jpholiday or update market_calendar.py.
2026-09-20 06:09:56,877 [WARNING] leadlag.core.market_calendar: No static holiday table for year 2022. Install jpholiday or update market_calendar.py.
2026-09-20 06:09:56,877 [WARNING] leadlag.core.market_calendar: No static holiday table for year 2022. Install jpholiday or update market_calendar.py.
2026-09-20 06:09:56,877 [WARNING] leadlag.core.market_calendar: No static holiday table for year 2022. Install jpholiday or update market_calendar.py.
2026-09-20 06:09:56,877 [WARNING] leadlag.core.market_calendar: No static holiday table for year 2022. Install jpholiday or update market_calendar.py.
2026-09-20 06:09:56,878 [WARNING] leadlag.core.market_calendar: No static holiday table for year 2022. Install jpholiday or update market_calendar.py.
2026-09-20 06:09:56,878 [WARNING] leadlag.core.market_calendar: No static holiday table for year 2022. Install jpholiday or update market_calendar.py.
2026-09-20 06:09:56,878 [WARNING] leadlag.core.market_calendar: No static holiday table for year 2022. Install jpholiday or update market_calendar.py.
2026-09-20 06:09:56,878 [WARNING] leadlag.core.market_calendar: No static holiday table for year 2022. Install jpholiday or update market_calendar.py.
2026-09-20 06:09:56,878 [WARNING] leadlag.core.market_calendar: No static holiday table for year 2022. Install jpholiday or update market_calendar.py.
2026-09-20 06:09:56,878 [WARNING] leadlag.core.market_calendar: No static holiday table for year 2022. Install jpholiday or update market_calendar.py.
2026-09-20 06:09:56,878 [WARNING] leadlag.core.market_calendar: No static holiday table for year 2022. Install jpholiday or update market_calendar.py.
2026-09-20 06:09:56,878 [WARNING] leadlag.core.market_calendar: No static holiday table for year 2022. Install jpholiday or update market_calendar.py.
2026-09-20 06:09:56,879 [WARNING] leadlag.core.market_calendar: No static holiday table for year 2022. Install jpholiday or update market_calendar.py.
2026-09-20 06:09:56,879 [WARNING] leadlag.core.market_calendar: No static holiday table for year 2022. Install jpholiday or update market_calendar.py.
2026-09-20 06:09:56,879 [WARNING] leadlag.core.market_calendar: No static holiday table for year 2022. Install jpholiday or update market_calendar.py.
2026-09-20 06:09:56,879 [WARNING] leadlag.core.market_calendar: No static holiday table for year 2022. Install jpholiday or update market_calendar.py.
2026-09-20 06:09:56,879 [WARNING] leadlag.core.market_calendar: No static holiday table for year 2022. Install jpholiday or update market_calendar.py.
2026-09-20 06:09:56,879 [WARNING] leadlag.core.market_calendar: No static holiday table for year 2022. Install jpholiday or update market_calendar.py.
2026-09-20 06:09:56,880 [WARNING] leadlag.core.market_calendar: No static holiday table for year 2022. Install jpholiday or update market_calendar.py.
2026-09-20 06:09:56,880 [WARNING] leadlag.core.market_calendar: No static holiday table for year 2022. Install jpholiday or update market_calendar.py.
2026-09-20 06:09:56,880 [WARNING] leadlag.core.market_calendar: No static holiday table for year 2022. Install jpholiday or update market_calendar.py.
2026-09-20 06:09:56,880 [WARNING] leadlag.core.market_calendar: No static holiday table for year 2022. Install jpholiday or update market_calendar.py.
2026-09-20 06:09:56,880 [WARNING] leadlag.core.market_calendar: No static holiday table for year 2022. Install jpholiday or update market_calendar.py.
2026-09-20 06:09:56,880 [WARNING] leadlag.core.market_calendar: No static holiday table for year 2022. Install jpholiday or update market_calendar.py.
2026-09-20 06:09:56,881 [WARNING] leadlag.core.market_calendar: No static holiday table for year 2022. Install jpholiday or update market_calendar.py.
2026-09-20 06:09:56,881 [WARNING] leadlag.core.market_calendar: No static holiday table for year 2022. Install jpholiday or update market_calendar.py.
2026-09-20 06:09:56,881 [WARNING] leadlag.core.market_calendar: No static holiday table for year 2022. Install jpholiday or update market_calendar.py.
2026-09-20 06:09:56,881 [WARNING] leadlag.core.market_calendar: No static holiday table for year 2022. Install jpholiday or update market_calendar.py.
2026-09-20 06:09:56,881 [WARNING] leadlag.core.market_calendar: No static holiday table for year 2022. Install jpholiday or update market_calendar.py.
2026-09-20 06:09:56,881 [WARNING] leadlag.core.market_calendar: No static holiday table for year 2022. Install jpholiday or update market_calendar.py.
2026-09-20 06:09:56,881 [WARNING] leadlag.core.market_calendar: No static holiday table for year 2022. Install jpholiday or update market_calendar.py.
2026-09-20 06:09:56,882 [WARNING] leadlag.core.market_calendar: No static holiday table for year 2022. Install jpholiday or update market_calendar.py.
2026-09-20 06:09:56,882 [WARNING] leadlag.core.market_calendar: No static holiday table for year 2022. Install jpholiday or update market_calendar.py.
2026-09-20 06:09:56,882 [WARNING] leadlag.core.market_calendar: No static holiday table for year 2022. Install jpholiday or update market_calendar.py.
2026-09-20 06:09:56,882 [WARNING] leadlag.core.market_calendar: No static holiday table for year 2022. Install jpholiday or update market_calendar.py.
2026-09-20 06:09:56,882 [WARNING] leadlag.core.market_calendar: No static holiday table for year 2022. Install jpholiday or update market_calendar.py.
2026-09-20 06:09:56,882 [WARNING] leadlag.core.market_calendar: No static holiday table for year 2022. Install jpholiday or update market_calendar.py.
2026-09-20 06:09:56,882 [WARNING] leadlag.core.market_calendar: No static holiday table for year 2022. Install jpholiday or update market_calendar.py.
2026-09-20 06:09:56,883 [WARNING] leadlag.core.market_calendar: No static holiday table for year 2022. Install jpholiday or update market_calendar.py.
2026-09-20 06:09:56,883 [WARNING] leadlag.core.market_calendar: No static holiday table for year 2022. Install jpholiday or update market_calendar.py.
2026-09-20 06:09:56,883 [WARNING] leadlag.core.market_calendar: No static holiday table for year 2022. Install jpholiday or update market_calendar.py.
2026-09-20 06:09:56,883 [WARNING] leadlag.core.market_calendar: No static holiday table for year 2022. Install jpholiday or update market_calendar.py.
2026-09-20 06:09:56,883 [WARNING] leadlag.core.market_calendar: No static holiday table for year 2022. Install jpholiday or update market_calendar.py.
2026-09-20 06:09:56,883 [WARNING] leadlag.core.market_calendar: No static holiday table for year 2022. Install jpholiday or update market_calendar.py.
2026-09-20 06:09:56,883 [WARNING] leadlag.core.market_calendar: No static holiday table for year 2022. Install jpholiday or update market_calendar.py.
2026-09-20 06:09:56,884 [WARNING] leadlag.core.market_calendar: No static holiday table for year 2022. Install jpholiday or update market_calendar.py.
2026-09-20 06:09:56,884 [WARNING] leadlag.core.market_calendar: No static holiday table for year 2022. Install jpholiday or update market_calendar.py.
2026-09-20 06:09:56,884 [WARNING] leadlag.core.market_calendar: No static holiday table for year 2022. Install jpholiday or update market_calendar.py.
2026-09-20 06:09:56,884 [WARNING] leadlag.core.market_calendar: No static holiday table for year 2022. Install jpholiday or update market_calendar.py.
2026-09-20 06:09:56,884 [WARNING] leadlag.core.market_calendar: No static holiday table for year 2022. Install jpholiday or update market_calendar.py.
2026-09-20 06:09:56,884 [WARNING] leadlag.core.market_calendar: No static holiday table for year 2022. Install jpholiday or update market_calendar.py.
2026-09-20 06:09:56,884 [WARNING] leadlag.core.market_calendar: No static holiday table for year 2022. Install jpholiday or update market_calendar.py.
2026-09-20 06:09:56,885 [WARNING] leadlag.core.market_calendar: No static holiday table for year 2022. Install jpholiday or update market_calendar.py.
2026-09-20 06:09:56,885 [WARNING] leadlag.core.market_calendar: No static holiday table for year 2022. Install jpholiday or update market_calendar.py.
2026-09-20 06:09:56,885 [WARNING] leadlag.core.market_calendar: No static holiday table for year 2022. Install jpholiday or update market_calendar.py.
2026-09-20 06:09:56,885 [WARNING] leadlag.core.market_calendar: No static holiday table for year 2022. Install jpholiday or update market_calendar.py.
2026-09-20 06:09:56,885 [WARNING] leadlag.core.market_calendar: No static holiday table for year 2022. Install jpholiday or update market_calendar.py.
2026-09-20 06:09:56,886 [WARNING] leadlag.core.market_calendar: No static holiday table for year 2022. Install jpholiday or update market_calendar.py.
2026-09-20 06:09:56,886 [WARNING] leadlag.core.market_calendar: No static holiday table for year 2022. Install jpholiday or update market_calendar.py.
2026-09-20 06:09:56,886 [WARNING] leadlag.core.market_calendar: No static holiday table for year 2022. Install jpholiday or update market_calendar.py.
2026-09-20 06:09:56,886 [WARNING] leadlag.core.market_calendar: No static holiday table for year 2022. Install jpholiday or update market_calendar.py.
2026-09-20 06:09:56,886 [WARNING] leadlag.core.market_calendar: No static holiday table for year 2022. Install jpholiday or update market_calendar.py.
2026-09-20 06:09:56,887 [WARNING] leadlag.core.market_calendar: No static holiday table for year 2022. Install jpholiday or update market_calendar.py.
2026-09-20 06:09:56,887 [WARNING] leadlag.core.market_calendar: No static holiday table for year 2022. Install jpholiday or update market_calendar.py.
2026-09-20 06:09:56,887 [WARNING] leadlag.core.market_calendar: No static holiday table for year 2022. Install jpholiday or update market_calendar.py.
2026-09-20 06:09:56,887 [WARNING] leadlag.core.market_calendar: No static holiday table for year 2022. Install jpholiday or update market_calendar.py.
2026-09-20 06:09:56,887 [WARNING] leadlag.core.market_calendar: No static holiday table for year 2022. Install jpholiday or update market_calendar.py.
2026-09-20 06:09:56,888 [WARNING] leadlag.core.market_calendar: No static holiday table for year 2022. Install jpholiday or update market_calendar.py.
2026-09-20 06:09:56,888 [WARNING] leadlag.core.market_calendar: No static holiday table for year 2022. Install jpholiday or update market_calendar.py.
2026-09-20 06:09:56,888 [WARNING] leadlag.core.market_calendar: No static holiday table for year 2022. Install jpholiday or update market_calendar.py.
2026-09-20 06:09:56,888 [WARNING] leadlag.core.market_calendar: No static holiday table for year 2022. Install jpholiday or update market_calendar.py.
2026-09-20 06:09:56,888 [WARNING] leadlag.core.market_calendar: No static holiday table for year 2022. Install jpholiday or update market_calendar.py.
2026-09-20 06:09:56,889 [WARNING] leadlag.core.market_calendar: No static holiday table for year 2022. Install jpholiday or update market_calendar.py.
2026-09-20 06:09:56,889 [WARNING] leadlag.core.market_calendar: No static holiday table for year 2022. Install jpholiday or update market_calendar.py.
2026-09-20 06:09:56,889 [WARNING] leadlag.core.market_calendar: No static holiday table for year 2022. Install jpholiday or update market_calendar.py.
2026-09-20 06:09:56,889 [WARNING] leadlag.core.market_calendar: No static holiday table for year 2022. Install jpholiday or update market_calendar.py.
2026-09-20 06:09:56,889 [WARNING] leadlag.core.market_calendar: No static holiday table for year 2022. Install jpholiday or update market_calendar.py.
2026-09-20 06:09:56,889 [WARNING] leadlag.core.market_calendar: No static holiday table for year 2022. Install jpholiday or update market_calendar.py.
2026-09-20 06:09:56,890 [WARNING] leadlag.core.market_calendar: No static holiday table for year 2022. Install jpholiday or update market_calendar.py.
2026-09-20 06:09:56,890 [WARNING] leadlag.core.market_calendar: No static holiday table for year 2022. Install jpholiday or update market_calendar.py.
2026-09-20 06:09:56,890 [WARNING] leadlag.core.market_calendar: No static holiday table for year 2022. Install jpholiday or update market_calendar.py.
2026-09-20 06:09:56,890 [WARNING] leadlag.core.market_calendar: No static holiday table for year 2022. Install jpholiday or update market_calendar.py.
2026-09-20 06:09:56,890 [WARNING] leadlag.core.market_calendar: No static holiday table for year 2022. Install jpholiday or update market_calendar.py.
2026-09-20 06:09:56,890 [WARNING] leadlag.core.market_calendar: No static holiday table for year 2022. Install jpholiday or update market_calendar.py.
2026-09-20 06:09:56,891 [WARNING] leadlag.core.market_calendar: No static holiday table for year 2022. Install jpholiday or update market_calendar.py.
2026-09-20 06:09:56,891 [WARNING] leadlag.core.market_calendar: No static holiday table for year 2022. Install jpholiday or update market_calendar.py.
2026-09-20 06:09:56,891 [WARNING] leadlag.core.market_calendar: No static holiday table for year 2022. Install jpholiday or update market_calendar.py.
2026-09-20 06:09:56,891 [WARNING] leadlag.core.market_calendar: No static holiday table for year 2022. Install jpholiday or update market_calendar.py.
2026-09-20 06:09:56,891 [WARNING] leadlag.core.market_calendar: No static holiday table for year 2022. Install jpholiday or update market_calendar.py.
2026-09-20 06:09:56,891 [WARNING] leadlag.core.market_calendar: No static holiday table for year 2022. Install jpholiday or update market_calendar.py.
2026-09-20 06:09:56,891 [WARNING] leadlag.core.market_calendar: No static holiday table for year 2022. Install jpholiday or update market_calendar.py.
2026-09-20 06:09:56,892 [WARNING] leadlag.core.market_calendar: No static holiday table for year 2022. Install jpholiday or update market_calendar.py.
2026-09-20 06:09:56,892 [WARNING] leadlag.core.market_calendar: No static holiday table for year 2022. Install jpholiday or update market_calendar.py.
2026-09-20 06:09:56,892 [WARNING] leadlag.core.market_calendar: No static holiday table for year 2022. Install jpholiday or update market_calendar.py.
2026-09-20 06:09:56,892 [WARNING] leadlag.core.market_calendar: No static holiday table for year 2022. Install jpholiday or update market_calendar.py.
2026-09-20 06:09:56,892 [WARNING] leadlag.core.market_calendar: No static holiday table for year 2022. Install jpholiday or update market_calendar.py.
2026-09-20 06:09:56,892 [WARNING] leadlag.core.market_calendar: No static holiday table for year 2022. Install jpholiday or update market_calendar.py.
2026-09-20 06:09:56,893 [WARNING] leadlag.core.market_calendar: No static holiday table for year 2022. Install jpholiday or update market_calendar.py.
2026-09-20 06:09:56,893 [WARNING] leadlag.core.market_calendar: No static holiday table for year 2022. Install jpholiday or update market_calendar.py.
2026-09-20 06:09:56,893 [WARNING] leadlag.core.market_calendar: No static holiday table for year 2022. Install jpholiday or update market_calendar.py.
2026-09-20 06:09:56,893 [WARNING] leadlag.core.market_calendar: No static holiday table for year 2022. Install jpholiday or update market_calendar.py.
2026-09-20 06:09:56,893 [WARNING] leadlag.core.market_calendar: No static holiday table for year 2022. Install jpholiday or update market_calendar.py.
2026-09-20 06:09:56,893 [WARNING] leadlag.core.market_calendar: No static holiday table for year 2022. Install jpholiday or update market_calendar.py.
2026-09-20 06:09:56,893 [WARNING] leadlag.core.market_calendar: No static holiday table for year 2022. Install jpholiday or update market_calendar.py.
2026-09-20 06:09:56,893 [WARNING] leadlag.core.market_calendar: No static holiday table for year 2022. Install jpholiday or update market_calendar.py.
2026-09-20 06:09:56,894 [WARNING] leadlag.core.market_calendar: No static holiday table for year 2022. Install jpholiday or update market_calendar.py.
2026-09-20 06:09:56,894 [WARNING] leadlag.core.market_calendar: No static holiday table for year 2022. Install jpholiday or update market_calendar.py.
2026-09-20 06:09:56,894 [WARNING] leadlag.core.market_calendar: No static holiday table for year 2022. Install jpholiday or update market_calendar.py.
2026-09-20 06:09:56,894 [WARNING] leadlag.core.market_calendar: No static holiday table for year 2022. Install jpholiday or update market_calendar.py.
2026-09-20 06:09:56,894 [WARNING] leadlag.core.market_calendar: No static holiday table for year 2022. Install jpholiday or update market_calendar.py.
2026-09-20 06:09:56,894 [WARNING] leadlag.core.market_calendar: No static holiday table for year 2022. Install jpholiday or update market_calendar.py.
2026-09-20 06:09:56,894 [WARNING] leadlag.core.market_calendar: No static holiday table for year 2022. Install jpholiday or update market_calendar.py.
2026-09-20 06:09:56,895 [WARNING] leadlag.core.market_calendar: No static holiday table for year 2022. Install jpholiday or update market_calendar.py.
2026-09-20 06:09:56,895 [WARNING] leadlag.core.market_calendar: No static holiday table for year 2022. Install jpholiday or update market_calendar.py.
2026-09-20 06:09:56,895 [WARNING] leadlag.core.market_calendar: No static holiday table for year 2022. Install jpholiday or update market_calendar.py.
2026-09-20 06:09:56,895 [WARNING] leadlag.core.market_calendar: No static holiday table for year 2022. Install jpholiday or update market_calendar.py.
2026-09-20 06:09:56,895 [WARNING] leadlag.core.market_calendar: No static holiday table for year 2022. Install jpholiday or update market_calendar.py.
2026-09-20 06:09:56,895 [WARNING] leadlag.core.market_calendar: No static holiday table for year 2022. Install jpholiday or update market_calendar.py.
2026-09-20 06:09:56,895 [WARNING] leadlag.core.market_calendar: No static holiday table for year 2022. Install jpholiday or update market_calendar.py.
2026-09-20 06:09:56,896 [WARNING] leadlag.core.market_calendar: No static holiday table for year 2022. Install jpholiday or update market_calendar.py.
2026-09-20 06:09:56,896 [WARNING] leadlag.core.market_calendar: No static holiday table for year 2022. Install jpholiday or update market_calendar.py.
2026-09-20 06:09:56,896 [WARNING] leadlag.core.market_calendar: No static holiday table for year 2022. Install jpholiday or update market_calendar.py.
2026-09-20 06:09:56,896 [WARNING] leadlag.core.market_calendar: No static holiday table for year 2022. Install jpholiday or update market_calendar.py.
2026-09-20 06:09:56,896 [WARNING] leadlag.core.market_calendar: No static holiday table for year 2022. Install jpholiday or update market_calendar.py.
2026-09-20 06:09:56,896 [WARNING] leadlag.core.market_calendar: No static holiday table for year 2022. Install jpholiday or update market_calendar.py.
2026-09-20 06:09:56,896 [WARNING] leadlag.core.market_calendar: No static holiday table for year 2022. Install jpholiday or update market_calendar.py.
2026-09-20 06:09:56,897 [WARNING] leadlag.core.market_calendar: No static holiday table for year 2022. Install jpholiday or update market_calendar.py.
2026-09-20 06:09:56,897 [WARNING] leadlag.core.market_calendar: No static holiday table for year 2022. Install jpholiday or update market_calendar.py.
2026-09-20 06:09:56,897 [WARNING] leadlag.core.market_calendar: No static holiday table for year 2022. Install jpholiday or update market_calendar.py.
2026-09-20 06:09:56,897 [WARNING] leadlag.core.market_calendar: No static holiday table for year 2022. Install jpholiday or update market_calendar.py.
2026-09-20 06:09:56,897 [WARNING] leadlag.core.market_calendar: No static holiday table for year 2022. Install jpholiday or update market_calendar.py.
2026-09-20 06:09:56,897 [WARNING] leadlag.core.market_calendar: No static holiday table for year 2022. Install jpholiday or update market_calendar.py.
2026-09-20 06:09:56,897 [WARNING] leadlag.core.market_calendar: No static holiday table for year 2022. Install jpholiday or update market_calendar.py.
2026-09-20 06:09:56,897 [WARNING] leadlag.core.market_calendar: No static holiday table for year 2022. Install jpholiday or update market_calendar.py.
2026-09-20 06:09:56,898 [WARNING] leadlag.core.market_calendar: No static holiday table for year 2022. Install jpholiday or update market_calendar.py.
2026-09-20 06:09:56,898 [WARNING] leadlag.core.market_calendar: No static holiday table for year 2022. Install jpholiday or update market_calendar.py.
2026-09-20 06:09:56,898 [WARNING] leadlag.core.market_calendar: No static holiday table for year 2022. Install jpholiday or update market_calendar.py.
2026-09-20 06:09:56,898 [WARNING] leadlag.core.market_calendar: No static holiday table for year 2023. Install jpholiday or update market_calendar.py.
2026-09-20 06:09:56,898 [WARNING] leadlag.core.market_calendar: No static holiday table for year 2023. Install jpholiday or update market_calendar.py.
2026-09-20 06:09:56,898 [WARNING] leadlag.core.market_calendar: No static holiday table for year 2023. Install jpholiday or update market_calendar.py.
2026-09-20 06:09:56,899 [WARNING] leadlag.core.market_calendar: No static holiday table for year 2023. Install jpholiday or update market_calendar.py.
2026-09-20 06:09:56,899 [WARNING] leadlag.core.market_calendar: No static holiday table for year 2023. Install jpholiday or update market_calendar.py.
2026-09-20 06:09:56,899 [WARNING] leadlag.core.market_calendar: No static holiday table for year 2023. Install jpholiday or update market_calendar.py.
2026-09-20 06:09:56,899 [WARNING] leadlag.core.market_calendar: No static holiday table for year 2023. Install jpholiday or update market_calendar.py.
2026-09-20 06:09:56,899 [WARNING] leadlag.core.market_calendar: No static holiday table for year 2023. Install jpholiday or update market_calendar.py.
2026-09-20 06:09:56,899 [WARNING] leadlag.core.market_calendar: No static holiday table for year 2023. Install jpholiday or update market_calendar.py.
2026-09-20 06:09:56,900 [WARNING] leadlag.core.market_calendar: No static holiday table for year 2023. Install jpholiday or update market_calendar.py.
2026-09-20 06:09:56,900 [WARNING] leadlag.core.market_calendar: No static holiday table for year 2023. Install jpholiday or update market_calendar.py.
2026-09-20 06:09:56,900 [WARNING] leadlag.core.market_calendar: No static holiday table for year 2023. Install jpholiday or update market_calendar.py.
2026-09-20 06:09:56,900 [WARNING] leadlag.core.market_calendar: No static holiday table for year 2023. Install jpholiday or update market_calendar.py.
2026-09-20 06:09:56,900 [WARNING] leadlag.core.market_calendar: No static holiday table for year 2023. Install jpholiday or update market_calendar.py.
2026-09-20 06:09:56,900 [WARNING] leadlag.core.market_calendar: No static holiday table for year 2023. Install jpholiday or update market_calendar.py.
2026-09-20 06:09:56,901 [WARNING] leadlag.core.market_calendar: No static holiday table for year 2023. Install jpholiday or update market_calendar.py.
2026-09-20 06:09:56,901 [WARNING] leadlag.core.market_calendar: No static holiday table for year 2023. Install jpholiday or update market_calendar.py.
2026-09-20 06:09:56,901 [WARNING] leadlag.core.market_calendar: No static holiday table for year 2023. Install jpholiday or update market_calendar.py.
2026-09-20 06:09:56,901 [WARNING] leadlag.core.market_calendar: No static holiday table for year 2023. Install jpholiday or update market_calendar.py.
2026-09-20 06:09:56,901 [WARNING] leadlag.core.market_calendar: No static holiday table for year 2023. Install jpholiday or update market_calendar.py.
2026-09-20 06:09:56,901 [WARNING] leadlag.core.market_calendar: No static holiday table for year 2023. Install jpholiday or update market_calendar.py.
2026-09-20 06:09:56,901 [WARNING] leadlag.core.market_calendar: No static holiday table for year 2023. Install jpholiday or update market_calendar.py.
2026-09-20 06:09:56,902 [WARNING] leadlag.core.market_calendar: No static holiday table for year 2023. Install jpholiday or update market_calendar.py.
2026-09-20 06:09:56,902 [WARNING] leadlag.core.market_calendar: No static holiday table for year 2023. Install jpholiday or update market_calendar.py.
2026-09-20 06:09:56,902 [WARNING] leadlag.core.market_calendar: No static holiday table for year 2023. Install jpholiday or update market_calendar.py.
2026-09-20 06:09:56,902 [WARNING] leadlag.core.market_calendar: No static holiday table for year 2023. Install jpholiday or update market_calendar.py.
2026-09-20 06:09:56,902 [WARNING] leadlag.core.market_calendar: No static holiday table for year 2023. Install jpholiday or update market_calendar.py.
2026-09-20 06:09:56,902 [WARNING] leadlag.core.market_calendar: No static holiday table for year 2023. Install jpholiday or update market_calendar.py.
2026-09-20 06:09:56,902 [WARNING] leadlag.core.market_calendar: No static holiday table for year 2023. Install jpholiday or update market_calendar.py.
2026-09-20 06:09:56,903 [WARNING] leadlag.core.market_calendar: No static holiday table for year 2023. Install jpholiday or update market_calendar.py.
2026-09-20 06:09:56,903 [WARNING] leadlag.core.market_calendar: No static holiday table for year 2023. Install jpholiday or update market_calendar.py.
2026-09-20 06:09:56,903 [WARNING] leadlag.core.market_calendar: No static holiday table for year 2023. Install jpholiday or update market_calendar.py.
2026-09-20 06:09:56,903 [WARNING] leadlag.core.market_calendar: No static holiday table for year 2023. Install jpholiday or update market_calendar.py.
2026-09-20 06:09:56,903 [WARNING] leadlag.core.market_calendar: No static holiday table for year 2023. Install jpholiday or update market_calendar.py.
2026-09-20 06:09:56,903 [WARNING] leadlag.core.market_calendar: No static holiday table for year 2023. Install jpholiday or update market_calendar.py.
2026-09-20 06:09:56,903 [WARNING] leadlag.core.market_calendar: No static holiday table for year 2023. Install jpholiday or update market_calendar.py.
2026-09-20 06:09:56,904 [WARNING] leadlag.core.market_calendar: No static holiday table for year 2023. Install jpholiday or update market_calendar.py.
2026-09-20 06:09:56,904 [WARNING] leadlag.core.market_calendar: No static holiday table for year 2023. Install jpholiday or update market_calendar.py.
2026-09-20 06:09:56,904 [WARNING] leadlag.core.market_calendar: No static holiday table for year 2023. Install jpholiday or update market_calendar.py.
2026-09-20 06:09:56,904 [WARNING] leadlag.core.market_calendar: No static holiday table for year 2023. Install jpholiday or update market_calendar.py.
2026-09-20 06:09:56,904 [WARNING] leadlag.core.market_calendar: No static holiday table for year 2023. Install jpholiday or update market_calendar.py.
2026-09-20 06:09:56,904 [WARNING] leadlag.core.market_calendar: No static holiday table for year 2023. Install jpholiday or update market_calendar.py.
2026-09-20 06:09:56,905 [WARNING] leadlag.core.market_calendar: No static holiday table for year 2023. Install jpholiday or update market_calendar.py.
2026-09-20 06:09:56,905 [WARNING] leadlag.core.market_calendar: No static holiday table for year 2023. Install jpholiday or update market_calendar.py.
2026-09-20 06:09:56,905 [WARNING] leadlag.core.market_calendar: No static holiday table for year 2023. Install jpholiday or update market_calendar.py.
2026-09-20 06:09:56,905 [WARNING] leadlag.core.market_calendar: No static holiday table for year 2023. Install jpholiday or update market_calendar.py.
2026-09-20 06:09:56,905 [WARNING] leadlag.core.market_calendar: No static holiday table for year 2023. Install jpholiday or update market_calendar.py.
2026-09-20 06:09:56,906 [WARNING] leadlag.core.market_calendar: No static holiday table for year 2023. Install jpholiday or update market_calendar.py.
2026-09-20 06:09:56,906 [WARNING] leadlag.core.market_calendar: No static holiday table for year 2023. Install jpholiday or update market_calendar.py.
2026-09-20 06:09:56,906 [WARNING] leadlag.core.market_calendar: No static holiday table for year 2023. Install jpholiday or update market_calendar.py.
2026-09-20 06:09:56,906 [WARNING] leadlag.core.market_calendar: No static holiday table for year 2023. Install jpholiday or update market_calendar.py.
2026-09-20 06:09:56,906 [WARNING] leadlag.core.market_calendar: No static holiday table for year 2023. Install jpholiday or update market_calendar.py.
2026-09-20 06:09:56,906 [WARNING] leadlag.core.market_calendar: No static holiday table for year 2023. Install jpholiday or update market_calendar.py.
2026-09-20 06:09:56,907 [WARNING] leadlag.core.market_calendar: No static holiday table for year 2023. Install jpholiday or update market_calendar.py.
2026-09-20 06:09:56,907 [WARNING] leadlag.core.market_calendar: No static holiday table for year 2023. Install jpholiday or update market_calendar.py.
2026-09-20 06:09:56,907 [WARNING] leadlag.core.market_calendar: No static holiday table for year 2023. Install jpholiday or update market_calendar.py.
2026-09-20 06:09:56,907 [WARNING] leadlag.core.market_calendar: No static holiday table for year 2023. Install jpholiday or update market_calendar.py.
2026-09-20 06:09:56,907 [WARNING] leadlag.core.market_calendar: No static holiday table for year 2023. Install jpholiday or update market_calendar.py.
2026-09-20 06:09:56,908 [WARNING] leadlag.core.market_calendar: No static holiday table for year 2023. Install jpholiday or update market_calendar.py.
2026-09-20 06:09:56,908 [WARNING] leadlag.core.market_calendar: No static holiday table for year 2023. Install jpholiday or update market_calendar.py.
2026-09-20 06:09:56,908 [WARNING] leadlag.core.market_calendar: No static holiday table for year 2023. Install jpholiday or update market_calendar.py.
2026-09-20 06:09:56,908 [WARNING] leadlag.core.market_calendar: No static holiday table for year 2023. Install jpholiday or update market_calendar.py.
2026-09-20 06:09:56,908 [WARNING] leadlag.core.market_calendar: No static holiday table for year 2023. Install jpholiday or update market_calendar.py.
2026-09-20 06:09:56,908 [WARNING] leadlag.core.market_calendar: No static holiday table for year 2023. Install jpholiday or update market_calendar.py.
2026-09-20 06:09:56,908 [WARNING] leadlag.core.market_calendar: No static holiday table for year 2023. Install jpholiday or update market_calendar.py.
2026-09-20 06:09:56,909 [WARNING] leadlag.core.market_calendar: No static holiday table for year 2023. Install jpholiday or update market_calendar.py.
2026-09-20 06:09:56,909 [WARNING] leadlag.core.market_calendar: No static holiday table for year 2023. Install jpholiday or update market_calendar.py.
2026-09-20 06:09:56,909 [WARNING] leadlag.core.market_calendar: No static holiday table for year 2023. Install jpholiday or update market_calendar.py.
2026-09-20 06:09:56,909 [WARNING] leadlag.core.market_calendar: No static holiday table for year 2023. Install jpholiday or update market_calendar.py.
2026-09-20 06:09:56,909 [WARNING] leadlag.core.market_calendar: No static holiday table for year 2023. Install jpholiday or update market_calendar.py.
2026-09-20 06:09:56,909 [WARNING] leadlag.core.market_calendar: No static holiday table for year 2023. Install jpholiday or update market_calendar.py.
2026-09-20 06:09:56,909 [WARNING] leadlag.core.market_calendar: No static holiday table for year 2023. Install jpholiday or update market_calendar.py.
2026-09-20 06:09:56,910 [WARNING] leadlag.core.market_calendar: No static holiday table for year 2023. Install jpholiday or update market_calendar.py.
2026-09-20 06:09:56,910 [WARNING] leadlag.core.market_calendar: No static holiday table for year 2023. Install jpholiday or update market_calendar.py.
2026-09-20 06:09:56,910 [WARNING] leadlag.core.market_calendar: No static holiday table for year 2023. Install jpholiday or update market_calendar.py.
2026-09-20 06:09:56,910 [WARNING] leadlag.core.market_calendar: No static holiday table for year 2023. Install jpholiday or update market_calendar.py.
2026-09-20 06:09:56,910 [WARNING] leadlag.core.market_calendar: No static holiday table for year 2023. Install jpholiday or update market_calendar.py.
2026-09-20 06:09:56,910 [WARNING] leadlag.core.market_calendar: No static holiday table for year 2023. Install jpholiday or update market_calendar.py.
2026-09-20 06:09:56,910 [WARNING] leadlag.core.market_calendar: No static holiday table for year 2023. Install jpholiday or update market_calendar.py.
2026-09-20 06:09:56,911 [WARNING] leadlag.core.market_calendar: No static holiday table for year 2023. Install jpholiday or update market_calendar.py.
2026-09-20 06:09:56,911 [WARNING] leadlag.core.market_calendar: No static holiday table for year 2023. Install jpholiday or update market_calendar.py.
2026-09-20 06:09:56,911 [WARNING] leadlag.core.market_calendar: No static holiday table for year 2023. Install jpholiday or update market_calendar.py.
2026-09-20 06:09:56,911 [WARNING] leadlag.core.market_calendar: No static holiday table for year 2023. Install jpholiday or update market_calendar.py.
2026-09-20 06:09:56,911 [WARNING] leadlag.core.market_calendar: No static holiday table for year 2023. Install jpholiday or update market_calendar.py.
2026-09-20 06:09:56,911 [WARNING] leadlag.core.market_calendar: No static holiday table for year 2023. Install jpholiday or update market_calendar.py.
2026-09-20 06:09:56,911 [WARNING] leadlag.core.market_calendar: No static holiday table for year 2023. Install jpholiday or update market_calendar.py.
2026-09-20 06:09:56,912 [WARNING] leadlag.core.market_calendar: No static holiday table for year 2023. Install jpholiday or update market_calendar.py.
2026-09-20 06:09:56,912 [WARNING] leadlag.core.market_calendar: No static holiday table for year 2023. Install jpholiday or update market_calendar.py.
2026-09-20 06:09:56,912 [WARNING] leadlag.core.market_calendar: No static holiday table for year 2023. Install jpholiday or update market_calendar.py.
2026-09-20 06:09:56,912 [WARNING] leadlag.core.market_calendar: No static holiday table for year 2023. Install jpholiday or update market_calendar.py.
2026-09-20 06:09:56,912 [WARNING] leadlag.core.market_calendar: No static holiday table for year 2023. Install jpholiday or update market_calendar.py.
2026-09-20 06:09:56,912 [WARNING] leadlag.core.market_calendar: No static holiday table for year 2023. Install jpholiday or update market_calendar.py.
2026-09-20 06:09:56,912 [WARNING] leadlag.core.market_calendar: No static holiday table for year 2023. Install jpholiday or update market_calendar.py.
2026-09-20 06:09:56,912 [WARNING] leadlag.core.market_calendar: No static holiday table for year 2023. Install jpholiday or update market_calendar.py.
2026-09-20 06:09:56,913 [WARNING] leadlag.core.market_calendar: No static holiday table for year 2023. Install jpholiday or update market_calendar.py.
2026-09-20 06:09:56,913 [WARNING] leadlag.core.market_calendar: No static holiday table for year 2023. Install jpholiday or update market_calendar.py.
2026-09-20 06:09:56,913 [WARNING] leadlag.core.market_calendar: No static holiday table for year 2023. Install jpholiday or update market_calendar.py.
2026-09-20 06:09:56,913 [WARNING] leadlag.core.market_calendar: No static holiday table for year 2023. Install jpholiday or update market_calendar.py.
2026-09-20 06:09:56,913 [WARNING] leadlag.core.market_calendar: No static holiday table for year 2023. Install jpholiday or update market_calendar.py.
2026-09-20 06:09:56,913 [WARNING] leadlag.core.market_calendar: No static holiday table for year 2023. Install jpholiday or update market_calendar.py.
2026-09-20 06:09:56,913 [WARNING] leadlag.core.market_calendar: No static holiday table for year 2023. Install jpholiday or update market_calendar.py.
2026-09-20 06:09:56,914 [WARNING] leadlag.core.market_calendar: No static holiday table for year 2023. Install jpholiday or update market_calendar.py.
2026-09-20 06:09:56,914 [WARNING] leadlag.core.market_calendar: No static holiday table for year 2023. Install jpholiday or update market_calendar.py.
2026-09-20 06:09:56,914 [WARNING] leadlag.core.market_calendar: No static holiday table for year 2023. Install jpholiday or update market_calendar.py.
2026-09-20 06:09:56,914 [WARNING] leadlag.core.market_calendar: No static holiday table for year 2023. Install jpholiday or update market_calendar.py.
2026-09-20 06:09:56,914 [WARNING] leadlag.core.market_calendar: No static holiday table for year 2023. Install jpholiday or update market_calendar.py.
2026-09-20 06:09:56,914 [WARNING] leadlag.core.market_calendar: No static holiday table for year 2023. Install jpholiday or update market_calendar.py.
2026-09-20 06:09:56,914 [WARNING] leadlag.core.market_calendar: No static holiday table for year 2023. Install jpholiday or update market_calendar.py.
2026-09-20 06:09:56,915 [WARNING] leadlag.core.market_calendar: No static holiday table for year 2023. Install jpholiday or update market_calendar.py.
2026-09-20 06:09:56,915 [WARNING] leadlag.core.market_calendar: No static holiday table for year 2023. Install jpholiday or update market_calendar.py.
2026-09-20 06:09:56,915 [WARNING] leadlag.core.market_calendar: No static holiday table for year 2023. Install jpholiday or update market_calendar.py.
2026-09-20 06:09:56,915 [WARNING] leadlag.core.market_calendar: No static holiday table for year 2023. Install jpholiday or update market_calendar.py.
2026-09-20 06:09:56,915 [WARNING] leadlag.core.market_calendar: No static holiday table for year 2023. Install jpholiday or update market_calendar.py.
2026-09-20 06:09:56,915 [WARNING] leadlag.core.market_calendar: No static holiday table for year 2023. Install jpholiday or update market_calendar.py.
2026-09-20 06:09:56,915 [WARNING] leadlag.core.market_calendar: No static holiday table for year 2023. Install jpholiday or update market_calendar.py.
2026-09-20 06:09:56,915 [WARNING] leadlag.core.market_calendar: No static holiday table for year 2023. Install jpholiday or update market_calendar.py.
2026-09-20 06:09:56,916 [WARNING] leadlag.core.market_calendar: No static holiday table for year 2023. Install jpholiday or update market_calendar.py.
2026-09-20 06:09:56,916 [WARNING] leadlag.core.market_calendar: No static holiday table for year 2023. Install jpholiday or update market_calendar.py.
2026-09-20 06:09:56,916 [WARNING] leadlag.core.market_calendar: No static holiday table for year 2023. Install jpholiday or update market_calendar.py.
2026-09-20 06:09:56,916 [WARNING] leadlag.core.market_calendar: No static holiday table for year 2023. Install jpholiday or update market_calendar.py.
2026-09-20 06:09:56,916 [WARNING] leadlag.core.market_calendar: No static holiday table for year 2023. Install jpholiday or update market_calendar.py.
2026-09-20 06:09:56,916 [WARNING] leadlag.core.market_calendar: No static holiday table for year 2023. Install jpholiday or update market_calendar.py.
2026-09-20 06:09:56,916 [WARNING] leadlag.core.market_calendar: No static holiday table for year 2023. Install jpholiday or update market_calendar.py.
2026-09-20 06:09:56,917 [WARNING] leadlag.core.market_calendar: No static holiday table for year 2023. Install jpholiday or update market_calendar.py.
2026-09-20 06:09:56,917 [WARNING] leadlag.core.market_calendar: No static holiday table for year 2023. Install jpholiday or update market_calendar.py.
2026-09-20 06:09:56,917 [WARNING] leadlag.core.market_calendar: No static holiday table for year 2023. Install jpholiday or update market_calendar.py.
2026-09-20 06:09:56,917 [WARNING] leadlag.core.market_calendar: No static holiday table for year 2023. Install jpholiday or update market_calendar.py.
2026-09-20 06:09:56,917 [WARNING] leadlag.core.market_calendar: No static holiday table for year 2023. Install jpholiday or update market_calendar.py.
2026-09-20 06:09:56,917 [WARNING] leadlag.core.market_calendar: No static holiday table for year 2023. Install jpholiday or update market_calendar.py.
2026-09-20 06:09:56,918 [WARNING] leadlag.core.market_calendar: No static holiday table for year 2023. Install jpholiday or update market_calendar.py.
2026-09-20 06:09:56,918 [WARNING] leadlag.core.market_calendar: No static holiday table for year 2023. Install jpholiday or update market_calendar.py.
2026-09-20 06:09:56,918 [WARNING] leadlag.core.market_calendar: No static holiday table for year 2023. Install jpholiday or update market_calendar.py.
2026-09-20 06:09:56,918 [WARNING] leadlag.core.market_calendar: No static holiday table for year 2023. Install jpholiday or update market_calendar.py.
2026-09-20 06:09:56,918 [WARNING] leadlag.core.market_calendar: No static holiday table for year 2023. Install jpholiday or update market_calendar.py.
2026-09-20 06:09:56,918 [WARNING] leadlag.core.market_calendar: No static holiday table for year 2023. Install jpholiday or update market_calendar.py.
2026-09-20 06:09:56,919 [WARNING] leadlag.core.market_calendar: No static holiday table for year 2023. Install jpholiday or update market_calendar.py.
2026-09-20 06:09:56,919 [WARNING] leadlag.core.market_calendar: No static holiday table for year 2023. Install jpholiday or update market_calendar.py.
2026-09-20 06:09:56,919 [WARNING] leadlag.core.market_calendar: No static holiday table for year 2023. Install jpholiday or update market_calendar.py.
2026-09-20 06:09:56,919 [WARNING] leadlag.core.market_calendar: No static holiday table for year 2023. Install jpholiday or update market_calendar.py.
2026-09-20 06:09:56,919 [WARNING] leadlag.core.market_calendar: No static holiday table for year 2023. Install jpholiday or update market_calendar.py.
2026-09-20 06:09:56,919 [WARNING] leadlag.core.market_calendar: No static holiday table for year 2023. Install jpholiday or update market_calendar.py.
2026-09-20 06:09:56,920 [WARNING] leadlag.core.market_calendar: No static holiday table for year 2023. Install jpholiday or update market_calendar.py.
2026-09-20 06:09:56,920 [WARNING] leadlag.core.market_calendar: No static holiday table for year 2023. Install jpholiday or update market_calendar.py.
2026-09-20 06:09:56,920 [WARNING] leadlag.core.market_calendar: No static holiday table for year 2023. Install jpholiday or update market_calendar.py.
2026-09-20 06:09:56,920 [WARNING] leadlag.core.market_calendar: No static holiday table for year 2023. Install jpholiday or update market_calendar.py.
2026-09-20 06:09:56,920 [WARNING] leadlag.core.market_calendar: No static holiday table for year 2023. Install jpholiday or update market_calendar.py.
2026-09-20 06:09:56,920 [WARNING] leadlag.core.market_calendar: No static holiday table for year 2023. Install jpholiday or update market_calendar.py.
2026-09-20 06:09:56,920 [WARNING] leadlag.core.market_calendar: No static holiday table for year 2023. Install jpholiday or update market_calendar.py.
2026-09-20 06:09:56,921 [WARNING] leadlag.core.market_calendar: No static holiday table for year 2023. Install jpholiday or update market_calendar.py.
2026-09-20 06:09:56,921 [WARNING] leadlag.core.market_calendar: No static holiday table for year 2023. Install jpholiday or update market_calendar.py.
2026-09-20 06:09:56,921 [WARNING] leadlag.core.market_calendar: No static holiday table for year 2023. Install jpholiday or update market_calendar.py.
2026-09-20 06:09:56,921 [WARNING] leadlag.core.market_calendar: No static holiday table for year 2023. Install jpholiday or update market_calendar.py.
2026-09-20 06:09:56,921 [WARNING] leadlag.core.market_calendar: No static holiday table for year 2023. Install jpholiday or update market_calendar.py.
2026-09-20 06:09:56,921 [WARNING] leadlag.core.market_calendar: No static holiday table for year 2023. Install jpholiday or update market_calendar.py.
2026-09-20 06:09:56,921 [WARNING] leadlag.core.market_calendar: No static holiday table for year 2023. Install jpholiday or update market_calendar.py.
2026-09-20 06:09:56,922 [WARNING] leadlag.core.market_calendar: No static holiday table for year 2023. Install jpholiday or update market_calendar.py.
2026-09-20 06:09:56,922 [WARNING] leadlag.core.market_calendar: No static holiday table for year 2023. Install jpholiday or update market_calendar.py.
2026-09-20 06:09:56,922 [WARNING] leadlag.core.market_calendar: No static holiday table for year 2023. Install jpholiday or update market_calendar.py.
2026-09-20 06:09:56,922 [WARNING] leadlag.core.market_calendar: No static holiday table for year 2023. Install jpholiday or update market_calendar.py.
2026-09-20 06:09:56,922 [WARNING] leadlag.core.market_calendar: No static holiday table for year 2023. Install jpholiday or update market_calendar.py.
2026-09-20 06:09:56,922 [WARNING] leadlag.core.market_calendar: No static holiday table for year 2023. Install jpholiday or update market_calendar.py.
2026-09-20 06:09:56,922 [WARNING] leadlag.core.market_calendar: No static holiday table for year 2023. Install jpholiday or update market_calendar.py.
2026-09-20 06:09:56,922 [WARNING] leadlag.core.market_calendar: No static holiday table for year 2023. Install jpholiday or update market_calendar.py.
2026-09-20 06:09:56,923 [WARNING] leadlag.core.market_calendar: No static holiday table for year 2023. Install jpholiday or update market_calendar.py.
2026-09-20 06:09:56,923 [WARNING] leadlag.core.market_calendar: No static holiday table for year 2023. Install jpholiday or update market_calendar.py.
2026-09-20 06:09:56,923 [WARNING] leadlag.core.market_calendar: No static holiday table for year 2023. Install jpholiday or update market_calendar.py.
2026-09-20 06:09:56,923 [WARNING] leadlag.core.market_calendar: No static holiday table for year 2023. Install jpholiday or update market_calendar.py.
2026-09-20 06:09:56,923 [WARNING] leadlag.core.market_calendar: No static holiday table for year 2023. Install jpholiday or update market_calendar.py.
2026-09-20 06:09:56,924 [WARNING] leadlag.core.market_calendar: No static holiday table for year 2023. Install jpholiday or update market_calendar.py.
2026-09-20 06:09:56,924 [WARNING] leadlag.core.market_calendar: No static holiday table for year 2023. Install jpholiday or update market_calendar.py.
2026-09-20 06:09:56,924 [WARNING] leadlag.core.market_calendar: No static holiday table for year 2023. Install jpholiday or update market_calendar.py.
2026-09-20 06:09:56,924 [WARNING] leadlag.core.market_calendar: No static holiday table for year 2023. Install jpholiday or update market_calendar.py.
2026-09-20 06:09:56,924 [WARNING] leadlag.core.market_calendar: No static holiday table for year 2023. Install jpholiday or update market_calendar.py.
2026-09-20 06:09:56,925 [WARNING] leadlag.core.market_calendar: No static holiday table for year 2023. Install jpholiday or update market_calendar.py.
2026-09-20 06:09:56,925 [WARNING] leadlag.core.market_calendar: No static holiday table for year 2023. Install jpholiday or update market_calendar.py.
2026-09-20 06:09:56,925 [WARNING] leadlag.core.market_calendar: No static holiday table for year 2023. Install jpholiday or update market_calendar.py.
2026-09-20 06:09:56,925 [WARNING] leadlag.core.market_calendar: No static holiday table for year 2023. Install jpholiday or update market_calendar.py.
2026-09-20 06:09:56,926 [WARNING] leadlag.core.market_calendar: No static holiday table for year 2023. Install jpholiday or update market_calendar.py.
2026-09-20 06:09:56,926 [WARNING] leadlag.core.market_calendar: No static holiday table for year 2023. Install jpholiday or update market_calendar.py.
2026-09-20 06:09:56,926 [WARNING] leadlag.core.market_calendar: No static holiday table for year 2023. Install jpholiday or update market_calendar.py.
2026-09-20 06:09:56,926 [WARNING] leadlag.core.market_calendar: No static holiday table for year 2023. Install jpholiday or update market_calendar.py.
2026-09-20 06:09:56,926 [WARNING] leadlag.core.market_calendar: No static holiday table for year 2023. Install jpholiday or update market_calendar.py.
2026-09-20 06:09:56,927 [WARNING] leadlag.core.market_calendar: No static holiday table for year 2023. Install jpholiday or update market_calendar.py.
2026-09-20 06:09:56,927 [WARNING] leadlag.core.market_calendar: No static holiday table for year 2023. Install jpholiday or update market_calendar.py.
2026-09-20 06:09:56,927 [WARNING] leadlag.core.market_calendar: No static holiday table for year 2023. Install jpholiday or update market_calendar.py.
2026-09-20 06:09:56,927 [WARNING] leadlag.core.market_calendar: No static holiday table for year 2023. Install jpholiday or update market_calendar.py.
2026-09-20 06:09:56,927 [WARNING] leadlag.core.market_calendar: No static holiday table for year 2023. Install jpholiday or update market_calendar.py.
2026-09-20 06:09:56,927 [WARNING] leadlag.core.market_calendar: No static holiday table for year 2023. Install jpholiday or update market_calendar.py.
2026-09-20 06:09:56,928 [WARNING] leadlag.core.market_calendar: No static holiday table for year 2023. Install jpholiday or update market_calendar.py.
2026-09-20 06:09:56,928 [WARNING] leadlag.core.market_calendar: No static holiday table for year 2023. Install jpholiday or update market_calendar.py.
2026-09-20 06:09:56,928 [WARNING] leadlag.core.market_calendar: No static holiday table for year 2023. Install jpholiday or update market_calendar.py.
2026-09-20 06:09:56,928 [WARNING] leadlag.core.market_calendar: No static holiday table for year 2023. Install jpholiday or update market_calendar.py.
2026-09-20 06:09:56,928 [WARNING] leadlag.core.market_calendar: No static holiday table for year 2023. Install jpholiday or update market_calendar.py.
2026-09-20 06:09:56,928 [WARNING] leadlag.core.market_calendar: No static holiday table for year 2023. Install jpholiday or update market_calendar.py.
2026-09-20 06:09:56,929 [WARNING] leadlag.core.market_calendar: No static holiday table for year 2023. Install jpholiday or update market_calendar.py.
2026-09-20 06:09:56,929 [WARNING] leadlag.core.market_calendar: No static holiday table for year 2023. Install jpholiday or update market_calendar.py.
2026-09-20 06:09:56,929 [WARNING] leadlag.core.market_calendar: No static holiday table for year 2023. Install jpholiday or update market_calendar.py.
2026-09-20 06:09:56,929 [WARNING] leadlag.core.market_calendar: No static holiday table for year 2023. Install jpholiday or update market_calendar.py.
2026-09-20 06:09:56,929 [WARNING] leadlag.core.market_calendar: No static holiday table for year 2023. Install jpholiday or update market_calendar.py.
2026-09-20 06:09:56,929 [WARNING] leadlag.core.market_calendar: No static holiday table for year 2023. Install jpholiday or update market_calendar.py.
2026-09-20 06:09:56,929 [WARNING] leadlag.core.market_calendar: No static holiday table for year 2023. Install jpholiday or update market_calendar.py.
2026-09-20 06:09:56,930 [WARNING] leadlag.core.market_calendar: No static holiday table for year 2023. Install jpholiday or update market_calendar.py.
2026-09-20 06:09:56,930 [WARNING] leadlag.core.market_calendar: No static holiday table for year 2023. Install jpholiday or update market_calendar.py.
2026-09-20 06:09:56,930 [WARNING] leadlag.core.market_calendar: No static holiday table for year 2023. Install jpholiday or update market_calendar.py.
2026-09-20 06:09:56,930 [WARNING] leadlag.core.market_calendar: No static holiday table for year 2023. Install jpholiday or update market_calendar.py.
2026-09-20 06:09:56,930 [WARNING] leadlag.core.market_calendar: No static holiday table for year 2023. Install jpholiday or update market_calendar.py.
2026-09-20 06:09:56,930 [WARNING] leadlag.core.market_calendar: No static holiday table for year 2023. Install jpholiday or update market_calendar.py.
2026-09-20 06:09:56,931 [WARNING] leadlag.core.market_calendar: No static holiday table for year 2023. Install jpholiday or update market_calendar.py.
2026-09-20 06:09:56,931 [WARNING] leadlag.core.market_calendar: No static holiday table for year 2023. Install jpholiday or update market_calendar.py.
2026-09-20 06:09:56,931 [WARNING] leadlag.core.market_calendar: No static holiday table for year 2023. Install jpholiday or update market_calendar.py.
2026-09-20 06:09:56,931 [WARNING] leadlag.core.market_calendar: No static holiday table for year 2023. Install jpholiday or update market_calendar.py.
2026-09-20 06:09:56,931 [WARNING] leadlag.core.market_calendar: No static holiday table for year 2023. Install jpholiday or update market_calendar.py.
2026-09-20 06:09:56,931 [WARNING] leadlag.core.market_calendar: No static holiday table for year 2023. Install jpholiday or update market_calendar.py.
2026-09-20 06:09:56,931 [WARNING] leadlag.core.market_calendar: No static holiday table for year 2023. Install jpholiday or update market_calendar.py.
2026-09-20 06:09:56,932 [WARNING] leadlag.core.market_calendar: No static holiday table for year 2023. Install jpholiday or update market_calendar.py.
2026-09-20 06:09:56,932 [WARNING] leadlag.core.market_calendar: No static holiday table for year 2023. Install jpholiday or update market_calendar.py.
2026-09-20 06:09:56,932 [WARNING] leadlag.core.market_calendar: No static holiday table for year 2023. Install jpholiday or update market_calendar.py.
2026-09-20 06:09:56,932 [WARNING] leadlag.core.market_calendar: No static holiday table for year 2023. Install jpholiday or update market_calendar.py.
2026-09-20 06:09:56,932 [WARNING] leadlag.core.market_calendar: No static holiday table for year 2023. Install jpholiday or update market_calendar.py.
2026-09-20 06:09:56,932 [WARNING] leadlag.core.market_calendar: No static holiday table for year 2023. Install jpholiday or update market_calendar.py.
2026-09-20 06:09:56,932 [WARNING] leadlag.core.market_calendar: No static holiday table for year 2023. Install jpholiday or update market_calendar.py.
2026-09-20 06:09:56,932 [WARNING] leadlag.core.market_calendar: No static holiday table for year 2023. Install jpholiday or update market_calendar.py.
2026-09-20 06:09:56,933 [WARNING] leadlag.core.market_calendar: No static holiday table for year 2023. Install jpholiday or update market_calendar.py.
2026-09-20 06:09:56,933 [WARNING] leadlag.core.market_calendar: No static holiday table for year 2023. Install jpholiday or update market_calendar.py.
2026-09-20 06:09:56,933 [WARNING] leadlag.core.market_calendar: No static holiday table for year 2023. Install jpholiday or update market_calendar.py.
2026-09-20 06:09:56,933 [WARNING] leadlag.core.market_calendar: No static holiday table for year 2023. Install jpholiday or update market_calendar.py.
2026-09-20 06:09:56,933 [WARNING] leadlag.core.market_calendar: No static holiday table for year 2023. Install jpholiday or update market_calendar.py.
2026-09-20 06:09:56,933 [WARNING] leadlag.core.market_calendar: No static holiday table for year 2023. Install jpholiday or update market_calendar.py.
2026-09-20 06:09:56,933 [WARNING] leadlag.core.market_calendar: No static holiday table for year 2023. Install jpholiday or update market_calendar.py.
2026-09-20 06:09:56,934 [WARNING] leadlag.core.market_calendar: No static holiday table for year 2023. Install jpholiday or update market_calendar.py.
2026-09-20 06:09:56,934 [WARNING] leadlag.core.market_calendar: No static holiday table for year 2023. Install jpholiday or update market_calendar.py.
2026-09-20 06:09:56,934 [WARNING] leadlag.core.market_calendar: No static holiday table for year 2023. Install jpholiday or update market_calendar.py.
2026-09-20 06:09:56,934 [WARNING] leadlag.core.market_calendar: No static holiday table for year 2023. Install jpholiday or update market_calendar.py.
2026-09-20 06:09:56,934 [WARNING] leadlag.core.market_calendar: No static holiday table for year 2023. Install jpholiday or update market_calendar.py.
2026-09-20 06:09:56,934 [WARNING] leadlag.core.market_calendar: No static holiday table for year 2023. Install jpholiday or update market_calendar.py.
2026-09-20 06:09:56,934 [WARNING] leadlag.core.market_calendar: No static holiday table for year 2023. Install jpholiday or update market_calendar.py.
2026-09-20 06:09:56,935 [WARNING] leadlag.core.market_calendar: No static holiday table for year 2023. Install jpholiday or update market_calendar.py.
2026-09-20 06:09:56,935 [WARNING] leadlag.core.market_calendar: No static holiday table for year 2023. Install jpholiday or update market_calendar.py.
2026-09-20 06:09:56,935 [WARNING] leadlag.core.market_calendar: No static holiday table for year 2023. Install jpholiday or update market_calendar.py.
2026-09-20 06:09:56,935 [WARNING] leadlag.core.market_calendar: No static holiday table for year 2023. Install jpholiday or update market_calendar.py.
2026-09-20 06:09:56,935 [WARNING] leadlag.core.market_calendar: No static holiday table for year 2023. Install jpholiday or update market_calendar.py.
2026-09-20 06:09:56,935 [WARNING] leadlag.core.market_calendar: No static holiday table for year 2023. Install jpholiday or update market_calendar.py.
2026-09-20 06:09:56,935 [WARNING] leadlag.core.market_calendar: No static holiday table for year 2023. Install jpholiday or update market_calendar.py.
2026-09-20 06:09:56,936 [WARNING] leadlag.core.market_calendar: No static holiday table for year 2023. Install jpholiday or update market_calendar.py.
2026-09-20 06:09:56,936 [WARNING] leadlag.core.market_calendar: No static holiday table for year 2023. Install jpholiday or update market_calendar.py.
2026-09-20 06:09:56,936 [WARNING] leadlag.core.market_calendar: No static holiday table for year 2023. Install jpholiday or update market_calendar.py.
2026-09-20 06:09:56,936 [WARNING] leadlag.core.market_calendar: No static holiday table for year 2024. Install jpholiday or update market_calendar.py.
2026-09-20 06:09:56,936 [WARNING] leadlag.core.market_calendar: No static holiday table for year 2024. Install jpholiday or update market_calendar.py.
2026-09-20 06:09:56,936 [WARNING] leadlag.core.market_calendar: No static holiday table for year 2024. Install jpholiday or update market_calendar.py.
2026-09-20 06:09:56,937 [WARNING] leadlag.core.market_calendar: No static holiday table for year 2024. Install jpholiday or update market_calendar.py.
2026-09-20 06:09:56,937 [WARNING] leadlag.core.market_calendar: No static holiday table for year 2024. Install jpholiday or update market_calendar.py.
2026-09-20 06:09:56,937 [WARNING] leadlag.core.market_calendar: No static holiday table for year 2024. Install jpholiday or update market_calendar.py.
2026-09-20 06:09:56,937 [WARNING] leadlag.core.market_calendar: No static holiday table for year 2024. Install jpholiday or update market_calendar.py.
2026-09-20 06:09:56,937 [WARNING] leadlag.core.market_calendar: No static holiday table for year 2024. Install jpholiday or update market_calendar.py.
2026-09-20 06:09:56,937 [WARNING] leadlag.core.market_calendar: No static holiday table for year 2024. Install jpholiday or update market_calendar.py.
2026-09-20 06:09:56,937 [WARNING] leadlag.core.market_calendar: No static holiday table for year 2024. Install jpholiday or update market_calendar.py.
2026-09-20 06:09:56,938 [WARNING] leadlag.core.market_calendar: No static holiday table for year 2024. Install jpholiday or update market_calendar.py.
2026-09-20 06:09:56,938 [WARNING] leadlag.core.market_calendar: No static holiday table for year 2024. Install jpholiday or update market_calendar.py.
2026-09-20 06:09:56,938 [WARNING] leadlag.core.market_calendar: No static holiday table for year 2024. Install jpholiday or update market_calendar.py.
2026-09-20 06:09:56,938 [WARNING] leadlag.core.market_calendar: No static holiday table for year 2024. Install jpholiday or update market_calendar.py.
2026-09-20 06:09:56,938 [WARNING] leadlag.core.market_calendar: No static holiday table for year 2024. Install jpholiday or update market_calendar.py.
2026-09-20 06:09:56,938 [WARNING] leadlag.core.market_calendar: No static holiday table for year 2024. Install jpholiday or update market_calendar.py.
2026-09-20 06:09:56,938 [WARNING] leadlag.core.market_calendar: No static holiday table for year 2024. Install jpholiday or update market_calendar.py.
2026-09-20 06:09:56,939 [WARNING] leadlag.core.market_calendar: No static holiday table for year 2024. Install jpholiday or update market_calendar.py.
2026-09-20 06:09:56,939 [WARNING] leadlag.core.market_calendar: No static holiday table for year 2024. Install jpholiday or update market_calendar.py.
2026-09-20 06:09:56,939 [WARNING] leadlag.core.market_calendar: No static holiday table for year 2024. Install jpholiday or update market_calendar.py.
2026-09-20 06:09:56,939 [WARNING] leadlag.core.market_calendar: No static holiday table for year 2024. Install jpholiday or update market_calendar.py.
2026-09-20 06:09:56,939 [WARNING] leadlag.core.market_calendar: No static holiday table for year 2024. Install jpholiday or update market_calendar.py.
2026-09-20 06:09:56,939 [WARNING] leadlag.core.market_calendar: No static holiday table for year 2024. Install jpholiday or update market_calendar.py.
2026-09-20 06:09:56,939 [WARNING] leadlag.core.market_calendar: No static holiday table for year 2024. Install jpholiday or update market_calendar.py.
2026-09-20 06:09:56,940 [WARNING] leadlag.core.market_calendar: No static holiday table for year 2024. Install jpholiday or update market_calendar.py.
2026-09-20 06:09:56,940 [WARNING] leadlag.core.market_calendar: No static holiday table for year 2024. Install jpholiday or update market_calendar.py.
2026-09-20 06:09:56,940 [WARNING] leadlag.core.market_calendar: No static holiday table for year 2024. Install jpholiday or update market_calendar.py.
2026-09-20 06:09:56,940 [WARNING] leadlag.core.market_calendar: No static holiday table for year 2024. Install jpholiday or update market_calendar.py.
2026-09-20 06:09:56,940 [WARNING] leadlag.core.market_calendar: No static holiday table for year 2024. Install jpholiday or update market_calendar.py.
2026-09-20 06:09:56,940 [WARNING] leadlag.core.market_calendar: No static holiday table for year 2024. Install jpholiday or update market_calendar.py.
2026-09-20 06:09:56,940 [WARNING] leadlag.core.market_calendar: No static holiday table for year 2024. Install jpholiday or update market_calendar.py.
2026-09-20 06:09:56,941 [WARNING] leadlag.core.market_calendar: No static holiday table for year 2024. Install jpholiday or update market_calendar.py.
2026-09-20 06:09:56,941 [WARNING] leadlag.core.market_calendar: No static holiday table for year 2024. Install jpholiday or update market_calendar.py.
2026-09-20 06:09:56,941 [WARNING] leadlag.core.market_calendar: No static holiday table for year 2024. Install jpholiday or update market_calendar.py.
2026-09-20 06:09:56,941 [WARNING] leadlag.core.market_calendar: No static holiday table for year 2024. Install jpholiday or update market_calendar.py.
2026-09-20 06:09:56,941 [WARNING] leadlag.core.market_calendar: No static holiday table for year 2024. Install jpholiday or update market_calendar.py.
2026-09-20 06:09:56,941 [WARNING] leadlag.core.market_calendar: No static holiday table for year 2024. Install jpholiday or update market_calendar.py.
2026-09-20 06:09:56,941 [WARNING] leadlag.core.market_calendar: No static holiday table for year 2024. Install jpholiday or update market_calendar.py.
2026-09-20 06:09:56,942 [WARNING] leadlag.core.market_calendar: No static holiday table for year 2024. Install jpholiday or update market_calendar.py.
2026-09-20 06:09:56,942 [WARNING] leadlag.core.market_calendar: No static holiday table for year 2024. Install jpholiday or update market_calendar.py.
2026-09-20 06:09:56,942 [WARNING] leadlag.core.market_calendar: No static holiday table for year 2024. Install jpholiday or update market_calendar.py.
2026-09-20 06:09:56,942 [WARNING] leadlag.core.market_calendar: No static holiday table for year 2024. Install jpholiday or update market_calendar.py.
2026-09-20 06:09:56,942 [WARNING] leadlag.core.market_calendar: No static holiday table for year 2024. Install jpholiday or update market_calendar.py.
2026-09-20 06:09:56,942 [WARNING] leadlag.core.market_calendar: No static holiday table for year 2024. Install jpholiday or update market_calendar.py.
2026-09-20 06:09:56,943 [WARNING] leadlag.core.market_calendar: No static holiday table for year 2024. Install jpholiday or update market_calendar.py.
2026-09-20 06:09:56,943 [WARNING] leadlag.core.market_calendar: No static holiday table for year 2024. Install jpholiday or update market_calendar.py.
2026-09-20 06:09:56,943 [WARNING] leadlag.core.market_calendar: No static holiday table for year 2024. Install jpholiday or update market_calendar.py.
2026-09-20 06:09:56,943 [WARNING] leadlag.core.market_calendar: No static holiday table for year 2024. Install jpholiday or update market_calendar.py.
2026-09-20 06:09:56,943 [WARNING] leadlag.core.market_calendar: No static holiday table for year 2024. Install jpholiday or update market_calendar.py.
2026-09-20 06:09:56,944 [WARNING] leadlag.core.market_calendar: No static holiday table for year 2024. Install jpholiday or update market_calendar.py.
2026-09-20 06:09:56,944 [WARNING] leadlag.core.market_calendar: No static holiday table for year 2024. Install jpholiday or update market_calendar.py.
2026-09-20 06:09:56,944 [WARNING] leadlag.core.market_calendar: No static holiday table for year 2024. Install jpholiday or update market_calendar.py.
2026-09-20 06:09:56,944 [WARNING] leadlag.core.market_calendar: No static holiday table for year 2024. Install jpholiday or update market_calendar.py.
2026-09-20 06:09:56,944 [WARNING] leadlag.core.market_calendar: No static holiday table for year 2024. Install jpholiday or update market_calendar.py.
2026-09-20 06:09:56,945 [WARNING] leadlag.core.market_calendar: No static holiday table for year 2024. Install jpholiday or update market_calendar.py.
2026-09-20 06:09:56,945 [WARNING] leadlag.core.market_calendar: No static holiday table for year 2024. Install jpholiday or update market_calendar.py.
2026-09-20 06:09:56,945 [WARNING] leadlag.core.market_calendar: No static holiday table for year 2024. Install jpholiday or update market_calendar.py.
2026-09-20 06:09:56,945 [WARNING] leadlag.core.market_calendar: No static holiday table for year 2024. Install jpholiday or update market_calendar.py.
2026-09-20 06:09:56,945 [WARNING] leadlag.core.market_calendar: No static holiday table for year 2024. Install jpholiday or update market_calendar.py.
2026-09-20 06:09:56,945 [WARNING] leadlag.core.market_calendar: No static holiday table for year 2024. Install jpholiday or update market_calendar.py.
2026-09-20 06:09:56,945 [WARNING] leadlag.core.market_calendar: No static holiday table for year 2024. Install jpholiday or update market_calendar.py.
2026-09-20 06:09:56,946 [WARNING] leadlag.core.market_calendar: No static holiday table for year 2024. Install jpholiday or update market_calendar.py.
2026-09-20 06:09:56,946 [WARNING] leadlag.core.market_calendar: No static holiday table for year 2024. Install jpholiday or update market_calendar.py.
2026-09-20 06:09:56,946 [WARNING] leadlag.core.market_calendar: No static holiday table for year 2024. Install jpholiday or update market_calendar.py.
2026-09-20 06:09:56,946 [WARNING] leadlag.core.market_calendar: No static holiday table for year 2024. Install jpholiday or update market_calendar.py.
2026-09-20 06:09:56,946 [WARNING] leadlag.core.market_calendar: No static holiday table for year 2024. Install jpholiday or update market_calendar.py.
2026-09-20 06:09:56,946 [WARNING] leadlag.core.market_calendar: No static holiday table for year 2024. Install jpholiday or update market_calendar.py.
2026-09-20 06:09:56,946 [WARNING] leadlag.core.market_calendar: No static holiday table for year 2024. Install jpholiday or update market_calendar.py.
2026-09-20 06:09:56,947 [WARNING] leadlag.core.market_calendar: No static holiday table for year 2024. Install jpholiday or update market_calendar.py.
2026-09-20 06:09:56,947 [WARNING] leadlag.core.market_calendar: No static holiday table for year 2024. Install jpholiday or update market_calendar.py.
2026-09-20 06:09:56,947 [WARNING] leadlag.core.market_calendar: No static holiday table for year 2024. Install jpholiday or update market_calendar.py.
2026-09-20 06:09:56,947 [WARNING] leadlag.core.market_calendar: No static holiday table for year 2024. Install jpholiday or update market_calendar.py.
2026-09-20 06:09:56,947 [WARNING] leadlag.core.market_calendar: No static holiday table for year 2024. Install jpholiday or update market_calendar.py.
2026-09-20 06:09:56,947 [WARNING] leadlag.core.market_calendar: No static holiday table for year 2024. Install jpholiday or update market_calendar.py.
2026-09-20 06:09:56,947 [WARNING] leadlag.core.market_calendar: No static holiday table for year 2024. Install jpholiday or update market_calendar.py.
2026-09-20 06:09:56,948 [WARNING] leadlag.core.market_calendar: No static holiday table for year 2024. Install jpholiday or update market_calendar.py.
2026-09-20 06:09:56,948 [WARNING] leadlag.core.market_calendar: No static holiday table for year 2024. Install jpholiday or update market_calendar.py.
2026-09-20 06:09:56,948 [WARNING] leadlag.core.market_calendar: No static holiday table for year 2024. Install jpholiday or update market_calendar.py.
2026-09-20 06:09:56,948 [WARNING] leadlag.core.market_calendar: No static holiday table for year 2024. Install jpholiday or update market_calendar.py.
2026-09-20 06:09:56,948 [WARNING] leadlag.core.market_calendar: No static holiday table for year 2024. Install jpholiday or update market_calendar.py.
2026-09-20 06:09:56,948 [WARNING] leadlag.core.market_calendar: No static holiday table for year 2024. Install jpholiday or update market_calendar.py.
2026-09-20 06:09:56,948 [WARNING] leadlag.core.market_calendar: No static holiday table for year 2024. Install jpholiday or update market_calendar.py.
2026-09-20 06:09:56,949 [WARNING] leadlag.core.market_calendar: No static holiday table for year 2024. Install jpholiday or update market_calendar.py.
2026-09-20 06:09:56,949 [WARNING] leadlag.core.market_calendar: No static holiday table for year 2024. Install jpholiday or update market_calendar.py.
2026-09-20 06:09:56,949 [WARNING] leadlag.core.market_calendar: No static holiday table for year 2024. Install jpholiday or update market_calendar.py.
2026-09-20 06:09:56,949 [WARNING] leadlag.core.market_calendar: No static holiday table for year 2024. Install jpholiday or update market_calendar.py.
2026-09-20 06:09:56,949 [WARNING] leadlag.core.market_calendar: No static holiday table for year 2024. Install jpholiday or update market_calendar.py.
2026-09-20 06:09:56,949 [WARNING] leadlag.core.market_calendar: No static holiday table for year 2024. Install jpholiday or update market_calendar.py.
2026-09-20 06:09:56,949 [WARNING] leadlag.core.market_calendar: No static holiday table for year 2024. Install jpholiday or update market_calendar.py.
2026-09-20 06:09:56,949 [WARNING] leadlag.core.market_calendar: No static holiday table for year 2024. Install jpholiday or update market_calendar.py.
2026-09-20 06:09:56,950 [WARNING] leadlag.core.market_calendar: No static holiday table for year 2024. Install jpholiday or update market_calendar.py.
2026-09-20 06:09:56,950 [WARNING] leadlag.core.market_calendar: No static holiday table for year 2024. Install jpholiday or update market_calendar.py.
2026-09-20 06:09:56,950 [WARNING] leadlag.core.market_calendar: No static holiday table for year 2024. Install jpholiday or update market_calendar.py.
2026-09-20 06:09:56,950 [WARNING] leadlag.core.market_calendar: No static holiday table for year 2024. Install jpholiday or update market_calendar.py.
2026-09-20 06:09:56,950 [WARNING] leadlag.core.market_calendar: No static holiday table for year 2024. Install jpholiday or update market_calendar.py.
2026-09-20 06:09:56,950 [WARNING] leadlag.core.market_calendar: No static holiday table for year 2024. Install jpholiday or update market_calendar.py.
2026-09-20 06:09:56,950 [WARNING] leadlag.core.market_calendar: No static holiday table for year 2024. Install jpholiday or update market_calendar.py.
2026-09-20 06:09:56,951 [WARNING] leadlag.core.market_calendar: No static holiday table for year 2024. Install jpholiday or update market_calendar.py.
2026-09-20 06:09:56,951 [WARNING] leadlag.core.market_calendar: No static holiday table for year 2024. Install jpholiday or update market_calendar.py.
2026-09-20 06:09:56,951 [WARNING] leadlag.core.market_calendar: No static holiday table for year 2024. Install jpholiday or update market_calendar.py.
2026-09-20 06:09:56,951 [WARNING] leadlag.core.market_calendar: No static holiday table for year 2024. Install jpholiday or update market_calendar.py.
2026-09-20 06:09:56,951 [WARNING] leadlag.core.market_calendar: No static holiday table for year 2024. Install jpholiday or update market_calendar.py.
2026-09-20 06:09:56,951 [WARNING] leadlag.core.market_calendar: No static holiday table for year 2024. Install jpholiday or update market_calendar.py.
2026-09-20 06:09:56,951 [WARNING] leadlag.core.market_calendar: No static holiday table for year 2024. Install jpholiday or update market_calendar.py.
2026-09-20 06:09:56,952 [WARNING] leadlag.core.market_calendar: No static holiday table for year 2024. Install jpholiday or update market_calendar.py.
2026-09-20 06:09:56,952 [WARNING] leadlag.core.market_calendar: No static holiday table for year 2024. Install jpholiday or update market_calendar.py.
2026-09-20 06:09:56,952 [WARNING] leadlag.core.market_calendar: No static holiday table for year 2024. Install jpholiday or update market_calendar.py.
2026-09-20 06:09:56,952 [WARNING] leadlag.core.market_calendar: No static holiday table for year 2024. Install jpholiday or update market_calendar.py.
2026-09-20 06:09:56,952 [WARNING] leadlag.core.market_calendar: No static holiday table for year 2024. Install jpholiday or update market_calendar.py.
2026-09-20 06:09:56,952 [WARNING] leadlag.core.market_calendar: No static holiday table for year 2024. Install jpholiday or update market_calendar.py.
2026-09-20 06:09:56,952 [WARNING] leadlag.core.market_calendar: No static holiday table for year 2024. Install jpholiday or update market_calendar.py.
2026-09-20 06:09:56,953 [WARNING] leadlag.core.market_calendar: No static holiday table for year 2024. Install jpholiday or update market_calendar.py.
2026-09-20 06:09:56,953 [WARNING] leadlag.core.market_calendar: No static holiday table for year 2024. Install jpholiday or update market_calendar.py.
2026-09-20 06:09:56,953 [WARNING] leadlag.core.market_calendar: No static holiday table for year 2024. Install jpholiday or update market_calendar.py.
2026-09-20 06:09:56,953 [WARNING] leadlag.core.market_calendar: No static holiday table for year 2024. Install jpholiday or update market_calendar.py.
2026-09-20 06:09:56,953 [WARNING] leadlag.core.market_calendar: No static holiday table for year 2024. Install jpholiday or update market_calendar.py.
2026-09-20 06:09:56,953 [WARNING] leadlag.core.market_calendar: No static holiday table for year 2024. Install jpholiday or update market_calendar.py.
2026-09-20 06:09:56,953 [WARNING] leadlag.core.market_calendar: No static holiday table for year 2024. Install jpholiday or update market_calendar.py.
2026-09-20 06:09:56,953 [WARNING] leadlag.core.market_calendar: No static holiday table for year 2024. Install jpholiday or update market_calendar.py.
2026-09-20 06:09:56,954 [WARNING] leadlag.core.market_calendar: No static holiday table for year 2024. Install jpholiday or update market_calendar.py.
2026-09-20 06:09:56,954 [WARNING] leadlag.core.market_calendar: No static holiday table for year 2024. Install jpholiday or update market_calendar.py.
2026-09-20 06:09:56,954 [WARNING] leadlag.core.market_calendar: No static holiday table for year 2024. Install jpholiday or update market_calendar.py.
2026-09-20 06:09:56,954 [WARNING] leadlag.core.market_calendar: No static holiday table for year 2024. Install jpholiday or update market_calendar.py.
2026-09-20 06:09:56,954 [WARNING] leadlag.core.market_calendar: No static holiday table for year 2024. Install jpholiday or update market_calendar.py.
2026-09-20 06:09:56,954 [WARNING] leadlag.core.market_calendar: No static holiday table for year 2024. Install jpholiday or update market_calendar.py.
2026-09-20 06:09:56,954 [WARNING] leadlag.core.market_calendar: No static holiday table for year 2024. Install jpholiday or update market_calendar.py.
2026-09-20 06:09:56,955 [WARNING] leadlag.core.market_calendar: No static holiday table for year 2024. Install jpholiday or update market_calendar.py.
2026-09-20 06:09:56,955 [WARNING] leadlag.core.market_calendar: No static holiday table for year 2024. Install jpholiday or update market_calendar.py.
2026-09-20 06:09:56,955 [WARNING] leadlag.core.market_calendar: No static holiday table for year 2024. Install jpholiday or update market_calendar.py.
2026-09-20 06:09:56,955 [WARNING] leadlag.core.market_calendar: No static holiday table for year 2024. Install jpholiday or update market_calendar.py.
2026-09-20 06:09:56,955 [WARNING] leadlag.core.market_calendar: No static holiday table for year 2024. Install jpholiday or update market_calendar.py.
2026-09-20 06:09:56,955 [WARNING] leadlag.core.market_calendar: No static holiday table for year 2024. Install jpholiday or update market_calendar.py.
2026-09-20 06:09:56,956 [WARNING] leadlag.core.market_calendar: No static holiday table for year 2024. Install jpholiday or update market_calendar.py.
2026-09-20 06:09:56,956 [WARNING] leadlag.core.market_calendar: No static holiday table for year 2024. Install jpholiday or update market_calendar.py.
2026-09-20 06:09:56,956 [WARNING] leadlag.core.market_calendar: No static holiday table for year 2024. Install jpholiday or update market_calendar.py.
2026-09-20 06:09:56,956 [WARNING] leadlag.core.market_calendar: No static holiday table for year 2024. Install jpholiday or update market_calendar.py.
2026-09-20 06:09:56,956 [WARNING] leadlag.core.market_calendar: No static holiday table for year 2024. Install jpholiday or update market_calendar.py.
2026-09-20 06:09:56,956 [WARNING] leadlag.core.market_calendar: No static holiday table for year 2024. Install jpholiday or update market_calendar.py.
2026-09-20 06:09:56,956 [WARNING] leadlag.core.market_calendar: No static holiday table for year 2024. Install jpholiday or update market_calendar.py.
2026-09-20 06:09:56,957 [WARNING] leadlag.core.market_calendar: No static holiday table for year 2024. Install jpholiday or update market_calendar.py.
2026-09-20 06:09:56,957 [WARNING] leadlag.core.market_calendar: No static holiday table for year 2024. Install jpholiday or update market_calendar.py.
2026-09-20 06:09:56,957 [WARNING] leadlag.core.market_calendar: No static holiday table for year 2024. Install jpholiday or update market_calendar.py.
2026-09-20 06:09:56,957 [WARNING] leadlag.core.market_calendar: No static holiday table for year 2024. Install jpholiday or update market_calendar.py.
2026-09-20 06:09:56,957 [WARNING] leadlag.core.market_calendar: No static holiday table for year 2024. Install jpholiday or update market_calendar.py.
2026-09-20 06:09:56,957 [WARNING] leadlag.core.market_calendar: No static holiday table for year 2024. Install jpholiday or update market_calendar.py.
2026-09-20 06:09:56,957 [WARNING] leadlag.core.market_calendar: No static holiday table for year 2024. Install jpholiday or update market_calendar.py.
2026-09-20 06:09:56,958 [WARNING] leadlag.core.market_calendar: No static holiday table for year 2024. Install jpholiday or update market_calendar.py.
2026-09-20 06:09:56,958 [WARNING] leadlag.core.market_calendar: No static holiday table for year 2024. Install jpholiday or update market_calendar.py.
2026-09-20 06:09:56,958 [WARNING] leadlag.core.market_calendar: No static holiday table for year 2024. Install jpholiday or update market_calendar.py.
2026-09-20 06:09:56,958 [WARNING] leadlag.core.market_calendar: No static holiday table for year 2024. Install jpholiday or update market_calendar.py.
2026-09-20 06:09:56,958 [WARNING] leadlag.core.market_calendar: No static holiday table for year 2024. Install jpholiday or update market_calendar.py.
2026-09-20 06:09:56,958 [WARNING] leadlag.core.market_calendar: No static holiday table for year 2024. Install jpholiday or update market_calendar.py.
2026-09-20 06:09:56,958 [WARNING] leadlag.core.market_calendar: No static holiday table for year 2024. Install jpholiday or update market_calendar.py.
2026-09-20 06:09:56,958 [WARNING] leadlag.core.market_calendar: No static holiday table for year 2024. Install jpholiday or update market_calendar.py.
2026-09-20 06:09:56,959 [WARNING] leadlag.core.market_calendar: No static holiday table for year 2024. Install jpholiday or update market_calendar.py.
2026-09-20 06:09:56,959 [WARNING] leadlag.core.market_calendar: No static holiday table for year 2024. Install jpholiday or update market_calendar.py.
2026-09-20 06:09:56,959 [WARNING] leadlag.core.market_calendar: No static holiday table for year 2024. Install jpholiday or update market_calendar.py.
2026-09-20 06:09:56,959 [WARNING] leadlag.core.market_calendar: No static holiday table for year 2024. Install jpholiday or update market_calendar.py.
2026-09-20 06:09:56,959 [WARNING] leadlag.core.market_calendar: No static holiday table for year 2024. Install jpholiday or update market_calendar.py.
2026-09-20 06:09:56,959 [WARNING] leadlag.core.market_calendar: No static holiday table for year 2024. Install jpholiday or update market_calendar.py.
2026-09-20 06:09:56,959 [WARNING] leadlag.core.market_calendar: No static holiday table for year 2024. Install jpholiday or update market_calendar.py.
2026-09-20 06:09:56,959 [WARNING] leadlag.core.market_calendar: No static holiday table for year 2024. Install jpholiday or update market_calendar.py.
2026-09-20 06:09:56,960 [WARNING] leadlag.core.market_calendar: No static holiday table for year 2024. Install jpholiday or update market_calendar.py.
2026-09-20 06:09:56,960 [WARNING] leadlag.core.market_calendar: No static holiday table for year 2024. Install jpholiday or update market_calendar.py.
2026-09-20 06:09:56,960 [WARNING] leadlag.core.market_calendar: No static holiday table for year 2024. Install jpholiday or update market_calendar.py.
2026-09-20 06:09:56,960 [WARNING] leadlag.core.market_calendar: No static holiday table for year 2024. Install jpholiday or update market_calendar.py.
2026-09-20 06:09:56,960 [WARNING] leadlag.core.market_calendar: No static holiday table for year 2024. Install jpholiday or update market_calendar.py.
2026-09-20 06:09:56,961 [WARNING] leadlag.core.market_calendar: No static holiday table for year 2024. Install jpholiday or update market_calendar.py.
2026-09-20 06:09:56,961 [WARNING] leadlag.core.market_calendar: No static holiday table for year 2024. Install jpholiday or update market_calendar.py.
2026-09-20 06:09:56,961 [WARNING] leadlag.core.market_calendar: No static holiday table for year 2024. Install jpholiday or update market_calendar.py.
2026-09-20 06:09:56,961 [WARNING] leadlag.core.market_calendar: No static holiday table for year 2024. Install jpholiday or update market_calendar.py.
2026-09-20 06:09:56,961 [WARNING] leadlag.core.market_calendar: No static holiday table for year 2024. Install jpholiday or update market_calendar.py.
2026-09-20 06:09:56,962 [WARNING] leadlag.core.market_calendar: No static holiday table for year 2024. Install jpholiday or update market_calendar.py.
2026-09-20 06:09:56,962 [WARNING] leadlag.core.market_calendar: No static holiday table for year 2024. Install jpholiday or update market_calendar.py.
2026-09-20 06:09:56,962 [WARNING] leadlag.core.market_calendar: No static holiday table for year 2024. Install jpholiday or update market_calendar.py.
2026-09-20 06:09:56,962 [WARNING] leadlag.core.market_calendar: No static holiday table for year 2024. Install jpholiday or update market_calendar.py.
2026-09-20 06:09:56,962 [WARNING] leadlag.core.market_calendar: No static holiday table for year 2024. Install jpholiday or update market_calendar.py.
2026-09-20 06:09:56,963 [WARNING] leadlag.core.market_calendar: No static holiday table for year 2024. Install jpholiday or update market_calendar.py.
2026-09-20 06:09:56,963 [WARNING] leadlag.core.market_calendar: No static holiday table for year 2024. Install jpholiday or update market_calendar.py.
2026-09-20 06:09:56,963 [WARNING] leadlag.core.market_calendar: No static holiday table for year 2024. Install jpholiday or update market_calendar.py.
2026-09-20 06:09:56,963 [WARNING] leadlag.core.market_calendar: No static holiday table for year 2024. Install jpholiday or update market_calendar.py.
2026-09-20 06:09:56,963 [WARNING] leadlag.core.market_calendar: No static holiday table for year 2024. Install jpholiday or update market_calendar.py.
2026-09-20 06:09:56,964 [WARNING] leadlag.core.market_calendar: No static holiday table for year 2024. Install jpholiday or update market_calendar.py.
2026-09-20 06:09:56,964 [WARNING] leadlag.core.market_calendar: No static holiday table for year 2024. Install jpholiday or update market_calendar.py.
2026-09-20 06:09:56,964 [WARNING] leadlag.core.market_calendar: No static holiday table for year 2024. Install jpholiday or update market_calendar.py.
2026-09-20 06:09:56,964 [WARNING] leadlag.core.market_calendar: No static holiday table for year 2024. Install jpholiday or update market_calendar.py.
2026-09-20 06:09:56,964 [WARNING] leadlag.core.market_calendar: No static holiday table for year 2024. Install jpholiday or update market_calendar.py.
2026-09-20 06:09:56,964 [WARNING] leadlag.core.market_calendar: No static holiday table for year 2024. Install jpholiday or update market_calendar.py.
2026-09-20 06:09:56,965 [WARNING] leadlag.core.market_calendar: No static holiday table for year 2024. Install jpholiday or update market_calendar.py.
2026-09-20 06:09:56,965 [WARNING] leadlag.core.market_calendar: No static holiday table for year 2024. Install jpholiday or update market_calendar.py.
2026-09-20 06:09:56,965 [WARNING] leadlag.core.market_calendar: No static holiday table for year 2024. Install jpholiday or update market_calendar.py.
2026-09-20 06:09:56,965 [WARNING] leadlag.core.market_calendar: No static holiday table for year 2024. Install jpholiday or update market_calendar.py.
2026-09-20 06:09:56,965 [WARNING] leadlag.core.market_calendar: No static holiday table for year 2024. Install jpholiday or update market_calendar.py.
2026-09-20 06:09:56,965 [WARNING] leadlag.core.market_calendar: No static holiday table for year 2024. Install jpholiday or update market_calendar.py.
2026-09-20 06:09:56,965 [WARNING] leadlag.core.market_calendar: No static holiday table for year 2024. Install jpholiday or update market_calendar.py.
2026-09-20 06:09:56,966 [WARNING] leadlag.core.market_calendar: No static holiday table for year 2024. Install jpholiday or update market_calendar.py.
2026-09-20 06:09:56,966 [WARNING] leadlag.core.market_calendar: No static holiday table for year 2024. Install jpholiday or update market_calendar.py.
2026-09-20 06:09:56,966 [WARNING] leadlag.core.market_calendar: No static holiday table for year 2024. Install jpholiday or update market_calendar.py.
2026-09-20 06:09:56,966 [WARNING] leadlag.core.market_calendar: No static holiday table for year 2024. Install jpholiday or update market_calendar.py.
2026-09-20 06:09:56,966 [WARNING] leadlag.core.market_calendar: No static holiday table for year 2024. Install jpholiday or update market_calendar.py.
2026-09-20 06:09:56,966 [WARNING] leadlag.core.market_calendar: No static holiday table for year 2024. Install jpholiday or update market_calendar.py.
2026-09-20 06:09:56,966 [WARNING] leadlag.core.market_calendar: No static holiday table for year 2024. Install jpholiday or update market_calendar.py.
2026-09-20 06:09:56,967 [WARNING] leadlag.core.market_calendar: No static holiday table for year 2024. Install jpholiday or update market_calendar.py.
2026-09-20 06:09:56,967 [WARNING] leadlag.core.market_calendar: No static holiday table for year 2024. Install jpholiday or update market_calendar.py.
2026-09-20 06:09:56,967 [WARNING] leadlag.core.market_calendar: No static holiday table for year 2024. Install jpholiday or update market_calendar.py.
2026-09-20 06:09:56,967 [WARNING] leadlag.core.market_calendar: No static holiday table for year 2024. Install jpholiday or update market_calendar.py.
2026-09-20 06:09:56,967 [WARNING] leadlag.core.market_calendar: No static holiday table for year 2024. Install jpholiday or update market_calendar.py.
2026-09-20 06:09:56,967 [WARNING] leadlag.core.market_calendar: No static holiday table for year 2024. Install jpholiday or update market_calendar.py.
2026-09-20 06:09:56,967 [WARNING] leadlag.core.market_calendar: No static holiday table for year 2024. Install jpholiday or update market_calendar.py.
2026-09-20 06:09:56,968 [WARNING] leadlag.core.market_calendar: No static holiday table for year 2024. Install jpholiday or update market_calendar.py.
2026-09-20 06:09:56,968 [WARNING] leadlag.core.market_calendar: No static holiday table for year 2024. Install jpholiday or update market_calendar.py.
2026-09-20 06:09:56,968 [WARNING] leadlag.core.market_calendar: No static holiday table for year 2024. Install jpholiday or update market_calendar.py.
2026-09-20 06:09:56,968 [WARNING] leadlag.core.market_calendar: No static holiday table for year 2024. Install jpholiday or update market_calendar.py.
2026-09-20 06:09:56,968 [WARNING] leadlag.core.market_calendar: No static holiday table for year 2024. Install jpholiday or update market_calendar.py.
2026-09-20 06:09:56,968 [WARNING] leadlag.core.market_calendar: No static holiday table for year 2024. Install jpholiday or update market_calendar.py.
2026-09-20 06:09:56,968 [WARNING] leadlag.core.market_calendar: No static holiday table for year 2024. Install jpholiday or update market_calendar.py.
2026-09-20 06:09:56,969 [WARNING] leadlag.core.market_calendar: No static holiday table for year 2024. Install jpholiday or update market_calendar.py.
2026-09-20 06:09:56,969 [WARNING] leadlag.core.market_calendar: No static holiday table for year 2024. Install jpholiday or update market_calendar.py.
2026-09-20 06:09:56,969 [WARNING] leadlag.core.market_calendar: No static holiday table for year 2024. Install jpholiday or update market_calendar.py.
2026-09-20 06:09:56,969 [WARNING] leadlag.core.market_calendar: No static holiday table for year 2024. Install jpholiday or update market_calendar.py.
2026-09-20 06:09:56,969 [WARNING] leadlag.core.market_calendar: No static holiday table for year 2024. Install jpholiday or update market_calendar.py.
2026-09-20 06:09:56,969 [WARNING] leadlag.core.market_calendar: No static holiday table for year 2024. Install jpholiday or update market_calendar.py.
2026-09-20 06:09:56,970 [WARNING] leadlag.core.market_calendar: No static holiday table for year 2024. Install jpholiday or update market_calendar.py.
2026-09-20 06:09:56,970 [WARNING] leadlag.core.market_calendar: No static holiday table for year 2024. Install jpholiday or update market_calendar.py.
2026-09-20 06:09:56,970 [WARNING] leadlag.core.market_calendar: No static holiday table for year 2024. Install jpholiday or update market_calendar.py.
2026-09-20 06:09:56,970 [WARNING] leadlag.core.market_calendar: No static holiday table for year 2024. Install jpholiday or update market_calendar.py.
2026-09-20 06:09:56,970 [WARNING] leadlag.core.market_calendar: No static holiday table for year 2024. Install jpholiday or update market_calendar.py.
2026-09-20 06:09:56,970 [WARNING] leadlag.core.market_calendar: No static holiday table for year 2024. Install jpholiday or update market_calendar.py.
2026-09-20 06:09:56,970 [WARNING] leadlag.core.market_calendar: No static holiday table for year 2024. Install jpholiday or update market_calendar.py.
2026-09-20 06:09:56,970 [WARNING] leadlag.core.market_calendar: No static holiday table for year 2024. Install jpholiday or update market_calendar.py.
2026-09-20 06:09:56,971 [WARNING] leadlag.core.market_calendar: No static holiday table for year 2024. Install jpholiday or update market_calendar.py.
2026-09-20 06:09:56,971 [WARNING] leadlag.core.market_calendar: No static holiday table for year 2024. Install jpholiday or update market_calendar.py.
2026-09-20 06:09:56,971 [WARNING] leadlag.core.market_calendar: No static holiday table for year 2024. Install jpholiday or update market_calendar.py.
2026-09-20 06:09:56,971 [WARNING] leadlag.core.market_calendar: No static holiday table for year 2024. Install jpholiday or update market_calendar.py.
2026-09-20 06:09:56,971 [WARNING] leadlag.core.market_calendar: No static holiday table for year 2024. Install jpholiday or update market_calendar.py.
2026-09-20 06:09:56,971 [WARNING] leadlag.core.market_calendar: No static holiday table for year 2024. Install jpholiday or update market_calendar.py.
2026-09-20 06:09:56,971 [WARNING] leadlag.core.market_calendar: No static holiday table for year 2024. Install jpholiday or update market_calendar.py.
2026-09-20 06:09:56,972 [WARNING] leadlag.core.market_calendar: No static holiday table for year 2024. Install jpholiday or update market_calendar.py.
2026-09-20 06:09:56,972 [WARNING] leadlag.core.market_calendar: No static holiday table for year 2024. Install jpholiday or update market_calendar.py.
2026-09-20 06:09:56,972 [WARNING] leadlag.core.market_calendar: No static holiday table for year 2024. Install jpholiday or update market_calendar.py.
2026-09-20 06:09:56,972 [WARNING] leadlag.core.market_calendar: No static holiday table for year 2024. Install jpholiday or update market_calendar.py.
2026-09-20 06:09:56,972 [WARNING] leadlag.core.market_calendar: No static holiday table for year 2024. Install jpholiday or update market_calendar.py.
2026-09-20 06:09:56,972 [WARNING] leadlag.core.market_calendar: No static holiday table for year 2024. Install jpholiday or update market_calendar.py.
2026-09-20 06:09:56,972 [WARNING] leadlag.core.market_calendar: No static holiday table for year 2024. Install jpholiday or update market_calendar.py.
2026-09-20 06:09:56,972 [WARNING] leadlag.core.market_calendar: No static holiday table for year 2024. Install jpholiday or update market_calendar.py.
2026-09-20 06:09:57,001 [INFO] leadlag.data.preprocessor: Proxying XLC returns with average of XLK and XLY
2026-09-20 06:09:57,002 [INFO] leadlag.data.preprocessor: Proxying XLRE returns with XLF
2026-09-20 06:09:57,002 [INFO] leadlag.data.preprocessor: Proxying MTUM returns with IUSG
2026-09-20 06:09:57,002 [INFO] leadlag.data.preprocessor: Proxying VLUE returns with XLF
2026-09-20 06:09:57,002 [INFO] leadlag.data.preprocessor: Proxying USMV returns with average of XLP and XLV
2026-09-20 06:09:57,101 [INFO] leadlag.data.preprocessor: Skipping first warm-up signal date 2009-01-02 00:00:00
2026-09-20 06:09:57,101 [WARNING] leadlag.data.market_data_cache: [FAST MODE] Failed to rebuild from raw ETF cache; trying stale df_exec cache fallback: All required values are NaN for trade_date=2009-01-06 00:00:00; strict_validation is enabled, so this record is rejected
