AR,RISK,R/R,Sharpe,MDD,Total Return
-0.06540833033056068,0.11605375540899661,-0.5636037377683183,-0.5636037377683183,-0.721843016810584,-0.5647342414209657
